ID_0,NAME_0,OCCUPANCY,BUILDINGS,COST_CONTENTS_USD,COST_NONSTRUCTURAL_USD,COST_STRUCTURAL_USD,DWELLINGS,OCCUPANTS_PER_ASSET,TOTAL_AREA_SQM,TOTAL_REPL_COST_USD,AVG_BUILDING_AREA_SQM,AVG_TOT_COST_PER_AREA_USD
SLE,Sierra Leone,Com,54193.0,704248020.0,722936310.0,1357370798.0,0.0,0.0,10120982.0,2784555133.0,186.75810529035115,275.1269721653492
SLE,Sierra Leone,Ind,9464.0,238410535.0,178547659.0,281609907.0,0.0,0.0,2697087.0,698568098.0,284.9838334742181,259.0083664338599
SLE,Sierra Leone,Res,1288977.0,2785336560.0,5116153402.0,9954364091.0,1345981.0,7944398.0,102098992.0,17855854061.0,79.2093202593995,174.88766256379887
