ID_0,NAME_0,OCCUPANCY,BUILDINGS,COST_CONTENTS_USD,COST_NONSTRUCTURAL_USD,COST_STRUCTURAL_USD,DWELLINGS,OCCUPANTS_PER_ASSET,TOTAL_AREA_SQM,TOTAL_REPL_COST_USD,AVG_BUILDING_AREA_SQM,AVG_TOT_COST_PER_AREA_USD
GLP,Guadeloupe,Com,3589.0,481360213.356,389126473.758,345190596.366,0.0,0.0,1212922.8,1215677283.48,337.95564224017835,1002.2709470709924
GLP,Guadeloupe,Ind,2131.0,199809618.29999998,111389622.29999998,89044133.39999999,0.0,0.0,985269.2644087939,400243373.99999994,462.3506637300769,406.227402455474
GLP,Guadeloupe,Res,138585.0,2823129744.415,3098916355.475,3697528371.0099998,146371.0,404847.0,35998118.254687496,9619574470.9,259.754794925046,267.2243699751552
