ID_0,NAME_0,OCCUPANCY,BUILDINGS,COST_CONTENTS_USD,COST_NONSTRUCTURAL_USD,COST_STRUCTURAL_USD,DWELLINGS,OCCUPANTS_PER_ASSET,TOTAL_AREA_SQM,TOTAL_REPL_COST_USD,AVG_BUILDING_AREA_SQM,AVG_TOT_COST_PER_AREA_USD
GTM,Guatemala,Com,102848.0,8157347115.0,7782634849.0,8792239169.0,0.0,0.0,31044968.0,24732221111.0,301.85290914747975,796.6579675971964
GTM,Guatemala,Ind,33095.0,7679733174.0,4958211278.0,5946678273.0,0.0,0.0,23448606.0,18584622721.0,708.5241275117087,792.5683394995848
GTM,Guatemala,Res,2900647.2,43467361903.16464,61696897703.66181,82217648147.1222,3453435.7,16577112.0,376896302.13009,187381907753.94864,129.93524415175,497.17099025628454
