ID_0,NAME_0,OCCUPANCY,BUILDINGS,COST_CONTENTS_USD,COST_NONSTRUCTURAL_USD,COST_STRUCTURAL_USD,DWELLINGS,OCCUPANTS_PER_ASSET,TOTAL_AREA_SQM,TOTAL_REPL_COST_USD,AVG_BUILDING_AREA_SQM,AVG_TOT_COST_PER_AREA_USD
JAM,Jamaica,Com,56829.0,5151240298.0,3972461047.0,4134393119.0,0.0,0.0,13630509.0,13258094478.0,239.851290714248,972.677871237237
JAM,Jamaica,Ind,13984.582241410062,2958423635.506222,1507619791.9065375,1542774269.3728948,0.0,0.0,9220934.035781248,6008817663.580267,659.3642825079845,651.64956611374
JAM,Jamaica,Res,895807.0,19612557802.44588,18925162869.883263,29403335011.4728,1010557.0,2961159.4035581,88261742.23095766,67941055683.80195,98.52763176773307,769.7678967861087
