ID_0,NAME_0,OCCUPANCY,MACRO_TAXONOMY,TAXONOMY,SETTLEMENT,BUILDINGS,BLDG_REPL_COST_USD,COST_CONTENTS_USD,OCCUPANTS_TOTAL,TOTAL_AREA_SQM,TOTAL_REPL_COST_USD,CARBON_BUILDINGS_TON,DWELLINGS,AVG_BUILDING_AREA_SQM,AVG_BLDG_COST_PER_AREA_USD
BRN,Brunei,COM,CR-,CR/LDUAL/CDL+ERL/H:6-12/COM:3,TOTAL,35.0,184767540.0,32606034.0,0.0,172680.0,217373574.0,107362.0,0.0,4934.0,1070.0
BRN,Brunei,COM,CR-,CR/LDUAL/CDL+ERL/H:6-12/COM:5B,TOTAL,12.0,20057441.0,3539546.0,0.0,18745.0,23596989.0,11655.0,0.0,1562.0,1070.0
BRN,Brunei,COM,CR-,CR/LDUAL/CDL+ERL/H:>12/COM:3,TOTAL,19.0,152484912.0,26909104.0,0.0,142509.0,179394016.0,88834.0,0.0,7500.0,1070.0
BRN,Brunei,COM,CR-,CR/LDUAL/CDL+ERL/H:>12/COM:5B,TOTAL,20.0,31713513.0,5596502.0,0.0,29639.0,37310013.0,18476.0,0.0,1482.0,1070.0
BRN,Brunei,RES,CR+,CR/LDUAL/CDM+ERM/H:6-12/RES,URBAN,48.0,223632401.0,39464544.0,7669.0,286708.0,263096945.0,126079.0,1292.0,5973.0,780.0
BRN,Brunei,COM,CR+,CR/LDUAL/CDM+ERM/H:>12/COM:3,TOTAL,16.0,126205520.0,22271563.0,0.0,117949.0,148477082.0,73524.0,0.0,7372.0,1070.0
BRN,Brunei,COM,CR+,CR/LDUAL/CDM+ERM/H:>12/COM:5B,TOTAL,6.0,10352160.0,1826852.0,0.0,9675.0,12179009.0,6031.0,0.0,1612.0,1070.0
BRN,Brunei,COM,CR-,CR/LFINF/CDL+ERL/H:1/COM,TOTAL,41.0,2206811.0,389436.0,0.0,2062.0,2596249.0,1215.0,0.0,50.0,1070.0
BRN,Brunei,COM,CR-,CR/LFINF/CDL+ERL/H:1/COM:1,TOTAL,194.0,10402990.0,1835823.0,0.0,9722.0,12238813.0,5729.0,0.0,50.0,1070.0
BRN,Brunei,COM,CR-,CR/LFINF/CDL+ERL/H:1/COM:2,TOTAL,49.0,3650405.0,644189.0,0.0,3412.0,4294591.0,2010.0,0.0,70.0,1070.0
BRN,Brunei,COM,CR-,CR/LFINF/CDL+ERL/H:1/COM:3,TOTAL,99.0,5292502.0,933970.0,0.0,4946.0,6226476.0,2915.0,0.0,50.0,1070.0
BRN,Brunei,COM,CR-,CR/LFINF/CDL+ERL/H:1/COM:5,TOTAL,91.0,5838330.0,1030295.0,0.0,5456.0,6868625.0,3215.0,0.0,60.0,1070.0
BRN,Brunei,COM,CR-,CR/LFINF/CDL+ERL/H:1/COM:5B,TOTAL,17.0,5411470.0,954966.0,0.0,5057.0,6366435.0,2980.0,0.0,297.0,1070.0
BRN,Brunei,RES,CR-,CR/LFINF/CDL+ERL/H:1/RES,URBAN,7811.0,548317825.0,96761971.0,46130.0,702972.0,645079794.0,279986.0,7811.0,90.0,780.0
BRN,Brunei,COM,CR-,CR/LFINF/CDL+ERL/H:2/COM,TOTAL,38.0,2032303.0,358642.0,0.0,1899.0,2390949.0,1120.0,0.0,50.0,1070.0
BRN,Brunei,COM,CR-,CR/LFINF/CDL+ERL/H:2/COM:1,TOTAL,61.0,13076436.0,2307610.0,0.0,12221.0,15384044.0,7206.0,0.0,200.0,1070.0
BRN,Brunei,COM,CR-,CR/LFINF/CDL+ERL/H:2/COM:2,TOTAL,37.0,2763506.0,487677.0,0.0,2583.0,3251183.0,1523.0,0.0,70.0,1070.0
BRN,Brunei,COM,CR-,CR/LFINF/CDL+ERL/H:2/COM:3,TOTAL,38.0,8165032.0,1440890.0,0.0,7631.0,9605921.0,4500.0,0.0,201.0,1070.0
BRN,Brunei,COM,CR-,CR/LFINF/CDL+ERL/H:2/COM:5,TOTAL,19.0,4764346.0,840767.0,0.0,4453.0,5605113.0,2626.0,0.0,234.0,1070.0
BRN,Brunei,COM,CR-,CR/LFINF/CDL+ERL/H:2/COM:5B,TOTAL,13.0,4205306.0,742112.0,0.0,3930.0,4947421.0,2318.0,0.0,302.0,1070.0
BRN,Brunei,RES,CR-,CR/LFINF/CDL+ERL/H:2/RES,URBAN,7784.0,819660611.0,144645991.0,45955.0,1050847.0,964306603.0,418791.0,7784.0,135.0,780.0
BRN,Brunei,COM,CR-,CR/LFINF/CDL+ERL/H:3-5/COM:1,TOTAL,48.0,43302018.0,7641533.0,0.0,40469.0,50943551.0,23894.0,0.0,843.0,1070.0
BRN,Brunei,COM,CR-,CR/LFINF/CDL+ERL/H:3-5/COM:3,TOTAL,39.0,33111228.0,5843157.0,0.0,30945.0,38954385.0,18271.0,0.0,793.0,1070.0
BRN,Brunei,COM,CR-,CR/LFINF/CDL+ERL/H:3-5/COM:5,TOTAL,15.0,10226907.0,1804749.0,0.0,9558.0,12031656.0,5643.0,0.0,637.0,1070.0
BRN,Brunei,COM,CR-,CR/LFINF/CDL+ERL/H:3-5/COM:5B,TOTAL,54.0,43592929.0,7692870.0,0.0,40741.0,51285800.0,24054.0,0.0,754.0,1070.0
BRN,Brunei,RES,CR-,CR/LFINF/CDL+ERL/H:3/RES,URBAN,1019.0,214615573.0,37873336.0,18109.0,275148.0,252488910.0,109720.0,3061.0,270.0,780.0
BRN,Brunei,RES,CR-,CR/LFINF/CDL+ERL/H:4/RES,URBAN,410.0,422256448.0,74515843.0,19031.0,541354.0,496772292.0,216003.0,3217.0,1320.0,780.0
BRN,Brunei,RES,CR-,CR/LFINF/CDL+ERL/H:5/RES,URBAN,244.0,391981225.0,69173155.0,17663.0,502540.0,461154381.0,200635.0,2987.0,2060.0,780.0
BRN,Brunei,COM,CR-,CR/LFM/CDL+ERL/H:1-2/COM,TOTAL,44.0,4724771.0,833781.0,0.0,4416.0,5558553.0,2604.0,0.0,100.0,1070.0
BRN,Brunei,COM,CR-,CR/LFM/CDL+ERL/H:1-2/COM:2,TOTAL,123.0,9213896.0,1625983.0,0.0,8611.0,10839876.0,5078.0,0.0,70.0,1070.0
BRN,Brunei,COM,CR-,CR/LFM/CDL+ERL/H:1-2/COM:5,TOTAL,15.0,955357.0,168592.0,0.0,893.0,1123949.0,527.0,0.0,60.0,1070.0
BRN,Brunei,IND,CR-,CR/LFM/CDL+ERL/H:1-2/IND:1,TOTAL,99.0,49076221.0,16358738.0,0.0,69121.0,65434962.0,40765.0,0.0,698.0,710.0
BRN,Brunei,IND,CR-,CR/LFM/CDL+ERL/H:1-2/IND:2,TOTAL,208.0,13282807.0,4427603.0,0.0,18708.0,17710410.0,11033.0,0.0,90.0,710.0
BRN,Brunei,IND,CR-,CR/LFM/CDL+ERL/H:1-2/IND:4,TOTAL,32.0,2033743.0,677914.0,0.0,2864.0,2711659.0,1689.0,0.0,90.0,710.0
BRN,Brunei,IND,CR-,CR/LFM/CDL+ERL/H:1-2/IND:6,TOTAL,544.0,23156751.0,7718914.0,0.0,32615.0,30875671.0,19235.0,0.0,60.0,710.0
BRN,Brunei,COM,HYB,HYB(CR;W)/LFM/CDL+ERL/H:1/COM,TOTAL,60.0,11558446.0,2889616.0,0.0,10802.0,14448061.0,6366.0,0.0,180.0,1070.0
BRN,Brunei,IND,HYB,HYB(CR;W)/LFM/CDL+ERL/H:1/IND,TOTAL,17.0,1108188.0,369395.0,0.0,1561.0,1477583.0,920.0,0.0,92.0,710.0
BRN,Brunei,RES,HYB,HYB(CR;W)/LFM/CDL+ERL/H:1/RES,URBAN,4102.0,239940822.0,59985206.0,21923.0,307616.0,299926031.0,122520.0,4102.0,75.0,780.0
BRN,Brunei,RES,HYB,HYB(CR;W)/LFM/CDL+ERL/H:1/RES,RURAL,2039.0,102466898.0,25616729.0,11839.0,152936.0,128083625.0,60913.0,2039.0,75.0,670.0
BRN,Brunei,COM,HYB,HYB(W;M)/LFM/CDN+ERM/H:1/COM,TOTAL,143.0,17499441.0,4374859.0,0.0,23026.0,21874300.0,5085.0,0.0,161.0,760.0
BRN,Brunei,IND,HYB,HYB(W;M)/LFM/CDN+ERM/H:1/IND,TOTAL,55.0,2752577.0,917525.0,0.0,4915.0,3670107.0,1055.0,0.0,89.0,560.0
BRN,Brunei,RES,HYB,HYB(W;M)/LFM/CDN+ERM/H:1/RES,RURAL,2120.0,76317273.0,19079317.0,12361.0,158994.0,95396590.0,19635.0,2120.0,75.0,480.0
BRN,Brunei,RES,HYB,HYB(W;M)/LFM/CDN+ERM/H:1/RES,URBAN,4093.0,184172267.0,46043068.0,21691.0,306954.0,230215336.0,37907.0,4093.0,75.0,600.0
BRN,Brunei,RES,OT,MATO/LO/CDN+ERN/H:1/RES,RURAL,49.0,1629342.0,407336.0,291.0,3703.0,2036677.0,457.0,49.0,76.0,440.0
BRN,Brunei,RES,OT,MATO/LO/CDN+ERN/H:1/RES,URBAN,196.0,6902023.0,1725503.0,1027.0,14685.0,8627529.0,1814.0,196.0,75.0,470.0
BRN,Brunei,COM,MUR,MUR/LWAL/CDN+ERN/H:1/COM,TOTAL,71.0,2344676.0,586169.0,0.0,3553.0,2930846.0,2647.0,0.0,50.0,660.0
BRN,Brunei,COM,MUR,MUR/LWAL/CDN+ERN/H:1/COM:1,TOTAL,371.0,12235505.0,3058877.0,0.0,18539.0,15294385.0,13811.0,0.0,50.0,660.0
BRN,Brunei,COM,MUR,MUR/LWAL/CDN+ERN/H:1/COM:2,TOTAL,78.0,3598473.0,899617.0,0.0,5452.0,4498087.0,4062.0,0.0,70.0,660.0
BRN,Brunei,COM,MUR,MUR/LWAL/CDN+ERN/H:1/COM:3,TOTAL,223.0,7343850.0,1835962.0,0.0,11127.0,9179813.0,8289.0,0.0,50.0,660.0
BRN,Brunei,COM,MUR,MUR/LWAL/CDN+ERN/H:1/COM:5,TOTAL,95.0,3744926.0,936229.0,0.0,5674.0,4681156.0,4227.0,0.0,60.0,660.0
BRN,Brunei,COM,MUR,MUR/LWAL/CDN+ERN/H:1/COM:5B,TOTAL,14.0,2739093.0,684774.0,0.0,4150.0,3423867.0,3092.0,0.0,296.0,660.0
BRN,Brunei,IND,MUR,MUR/LWAL/CDN+ERN/H:1/IND:2,TOTAL,82.0,4151530.0,1383843.0,0.0,7413.0,5535376.0,5150.0,0.0,90.0,560.0
BRN,Brunei,IND,MUR,MUR/LWAL/CDN+ERN/H:1/IND:4,TOTAL,20.0,1006464.0,335487.0,0.0,1797.0,1341950.0,1249.0,0.0,90.0,560.0
BRN,Brunei,IND,MUR,MUR/LWAL/CDN+ERN/H:1/IND:6,TOTAL,245.0,8230178.0,2743391.0,0.0,14697.0,10973570.0,10210.0,0.0,60.0,560.0
BRN,Brunei,RES,MUR,MUR/LWAL/CDN+ERN/H:1/RES,URBAN,11288.0,499482144.0,124870536.0,66214.0,846580.0,624352684.0,472171.0,11288.0,75.0,590.0
BRN,Brunei,RES,MUR,MUR/LWAL/CDN+ERN/H:1/RES,RURAL,6871.0,242216534.0,60554135.0,41303.0,515354.0,302770668.0,287434.0,6871.0,75.0,470.0
BRN,Brunei,COM,MUR,MUR/LWAL/CDN+ERN/H:2/COM:5B,TOTAL,12.0,2310474.0,577617.0,0.0,3501.0,2888090.0,2609.0,0.0,292.0,660.0
BRN,Brunei,RES,MUR,MUR/LWAL/CDN+ERN/H:2/RES,URBAN,11203.0,743578835.0,185894709.0,65775.0,1260303.0,929473542.0,703250.0,11203.0,112.0,590.0
BRN,Brunei,RES,MUR,MUR/LWAL/CDN+ERN/H:2/RES,RURAL,6889.0,364247255.0,91061817.0,41325.0,774994.0,455309073.0,432447.0,6889.0,112.0,470.0
BRN,Brunei,COM,S,S/LFM/CDL+ERL/H:1-2/COM:2,TOTAL,36.0,3877920.0,969481.0,0.0,3624.0,4847403.0,1493.0,0.0,101.0,1070.0
BRN,Brunei,IND,S,S/LFM/CDL+ERL/H:1-2/IND:1,TOTAL,61.0,38668910.0,16572390.0,0.0,54463.0,55241298.0,21141.0,0.0,893.0,710.0
BRN,Brunei,IND,S,S/LFM/CDL+ERL/H:1-2/IND:2,TOTAL,91.0,7755436.0,3323760.0,0.0,10923.0,11079194.0,4240.0,0.0,120.0,710.0
BRN,Brunei,IND,S,S/LFM/CDL+ERL/H:1-2/IND:6,TOTAL,96.0,5465677.0,2342432.0,0.0,7698.0,7808110.0,2988.0,0.0,80.0,710.0
BRN,Brunei,RES,W,W+WO/LN/CDN+ERM/H:1/RES,RURAL,1371.0,49356743.0,12339186.0,7654.0,102827.0,61695926.0,12699.0,1371.0,75.0,480.0
BRN,Brunei,RES,W,W+WO/LN/CDN+ERM/H:1/RES,URBAN,2558.0,115089767.0,28772442.0,12041.0,191816.0,143862211.0,23688.0,2558.0,75.0,600.0
BRN,Brunei,RES,W,W/LFM/CDL+ERM/H:1/RES,RURAL,305.0,10990833.0,2747706.0,1758.0,22898.0,13738541.0,2828.0,305.0,75.0,480.0
BRN,Brunei,RES,W,W/LFM/CDL+ERM/H:1/RES,URBAN,535.0,24080136.0,6020034.0,2531.0,40134.0,30100170.0,4956.0,535.0,75.0,600.0
BRN,Brunei,RES,W,W/LFM/CDL+ERM/H:2/RES,URBAN,532.0,35939150.0,8984787.0,2479.0,59899.0,44923938.0,7401.0,532.0,113.0,600.0
BRN,Brunei,RES,W,W/LFM/CDL+ERM/H:2/RES,RURAL,282.0,15207215.0,3801804.0,1561.0,31682.0,19009018.0,3915.0,282.0,112.0,480.0
BRN,Brunei,COM,W,W/LPB/CDN+ERL/H:1-2/COM,TOTAL,5.0,383742.0,127914.0,0.0,505.0,511655.0,112.0,0.0,101.0,760.0
BRN,Brunei,COM,W,W/LPB/CDN+ERL/H:1-2/COM:1,TOTAL,34.0,1309194.0,436397.0,0.0,1723.0,1745590.0,381.0,0.0,51.0,760.0
BRN,Brunei,COM,W,W/LPB/CDN+ERL/H:1-2/COM:5,TOTAL,8.0,368775.0,122925.0,0.0,485.0,491700.0,107.0,0.0,61.0,760.0
BRN,Brunei,IND,W,W/LPB/CDN+ERL/H:1-2/IND:4,TOTAL,2.0,101306.0,54549.0,0.0,181.0,155855.0,39.0,0.0,90.0,560.0
BRN,Brunei,COM,W,W/LPB/CDN+ERM/H:1-2/COM,TOTAL,23.0,1782298.0,594100.0,0.0,2345.0,2376398.0,518.0,0.0,102.0,760.0
BRN,Brunei,COM,W,W/LPB/CDN+ERM/H:1-2/COM:1,TOTAL,325.0,12358455.0,4119484.0,0.0,16261.0,16477940.0,3592.0,0.0,50.0,760.0
BRN,Brunei,COM,W,W/LPB/CDN+ERM/H:1-2/COM:5,TOTAL,90.0,4082373.0,1360790.0,0.0,5372.0,5443169.0,1187.0,0.0,60.0,760.0
BRN,Brunei,IND,W,W/LPB/CDN+ERM/H:1-2/IND:4,TOTAL,5.0,254870.0,137238.0,0.0,455.0,392107.0,98.0,0.0,91.0,560.0
KHM,Cambodia,COM,CR-,CR/LDUAL/CDL+ERL/H:6-12/COM:3,TOTAL,564.0,1467207738.0,258919017.0,0.0,2821553.0,1726126743.0,1754264.0,0.0,5003.0,520.0
KHM,Cambodia,COM,CR-,CR/LDUAL/CDL+ERL/H:6-12/COM:5B,TOTAL,1968.0,1534840816.0,270854259.0,0.0,2951617.0,1805695075.0,1835129.0,0.0,1500.0,520.0
KHM,Cambodia,RES,CR-,CR/LDUAL/CDL+ERL/H:6-12/RES,URBAN,290.0,705513425.0,124502373.0,50247.0,1567808.0,830015799.0,689437.0,10006.0,5406.0,450.0
KHM,Cambodia,COM,CR-,CR/LDUAL/CDL+ERL/H:>12/COM:5B,TOTAL,995.0,776178781.0,136972720.0,0.0,1492652.0,913151502.0,930456.0,0.0,1500.0,520.0
KHM,Cambodia,RES,CR+,CR/LDUAL/CDM+ERM/H:>12/RES,URBAN,95.0,383408853.0,67660386.0,28087.0,852020.0,451069239.0,375577.0,5603.0,8969.0,450.0
KHM,Cambodia,COM,CR-,CR/LFINF/CDL+ERL/H:1/COM:1,TOTAL,4273.0,111094955.0,19604994.0,0.0,213644.0,130699939.0,125897.0,0.0,50.0,520.0
KHM,Cambodia,COM,CR-,CR/LFINF/CDL+ERL/H:1/COM:3,TOTAL,1177.0,30603062.0,5400544.0,0.0,58852.0,36003602.0,34681.0,0.0,50.0,520.0
KHM,Cambodia,COM,CR-,CR/LFINF/CDL+ERL/H:1/COM:5B,TOTAL,1015.0,158368630.0,27947409.0,0.0,304555.0,186316031.0,179469.0,0.0,300.0,520.0
KHM,Cambodia,RES,CR-,CR/LFINF/CDL+ERL/H:1/RES,RURAL,39535.0,695813858.0,122790684.0,144013.0,3162790.0,818604536.0,1259705.0,39535.0,80.0,220.0
KHM,Cambodia,RES,CR-,CR/LFINF/CDL+ERL/H:1/RES,URBAN,26060.0,938172356.0,165559830.0,127706.0,2084827.0,1103732185.0,830364.0,26060.0,80.0,450.0
KHM,Cambodia,COM,CR-,CR/LFINF/CDL+ERL/H:2/COM:1,TOTAL,1304.0,135593081.0,23928190.0,0.0,260756.0,159521272.0,153758.0,0.0,200.0,520.0
KHM,Cambodia,COM,CR-,CR/LFINF/CDL+ERL/H:2/COM:3,TOTAL,501.0,52150899.0,9203101.0,0.0,100290.0,61354001.0,59138.0,0.0,200.0,520.0
KHM,Cambodia,COM,CR-,CR/LFINF/CDL+ERL/H:2/COM:5B,TOTAL,1150.0,179360743.0,31651900.0,0.0,344925.0,211012641.0,203389.0,0.0,300.0,520.0
KHM,Cambodia,RES,CR-,CR/LFINF/CDL+ERL/H:2/RES,URBAN,26022.0,1405210139.0,247978264.0,128312.0,3122689.0,1653188400.0,1244477.0,26022.0,120.0,450.0
KHM,Cambodia,RES,CR-,CR/LFINF/CDL+ERL/H:2/RES,RURAL,39219.0,1035393556.0,182716510.0,142842.0,4706334.0,1218110065.0,1875603.0,39219.0,120.0,220.0
KHM,Cambodia,COM,CR-,CR/LFINF/CDL+ERL/H:3-5/COM:1,TOTAL,692.0,302259803.0,53339977.0,0.0,581269.0,355599761.0,343194.0,0.0,840.0,520.0
KHM,Cambodia,COM,CR-,CR/LFINF/CDL+ERL/H:3-5/COM:3,TOTAL,648.0,269424298.0,47545456.0,0.0,518124.0,316969758.0,305912.0,0.0,800.0,520.0
KHM,Cambodia,COM,CR-,CR/LFINF/CDL+ERL/H:3-5/COM:5,TOTAL,492.0,163674392.0,28883710.0,0.0,314758.0,192558113.0,185841.0,0.0,640.0,520.0
KHM,Cambodia,COM,CR-,CR/LFINF/CDL+ERL/H:3-5/COM:5B,TOTAL,2032.0,792448125.0,139843791.0,0.0,1523939.0,932291916.0,899767.0,0.0,750.0,520.0
KHM,Cambodia,RES,CR-,CR/LFINF/CDL+ERL/H:3/RES,RURAL,13105.0,691950209.0,122108859.0,143880.0,3145228.0,814059070.0,1254209.0,39329.0,240.0,220.0
KHM,Cambodia,RES,CR-,CR/LFINF/CDL+ERL/H:3/RES,URBAN,21732.0,2347060938.0,414187222.0,328322.0,5215691.0,2761248164.0,2079839.0,65201.0,240.0,450.0
KHM,Cambodia,RES,CR-,CR/LFINF/CDL+ERL/H:4/RES,URBAN,7555.0,4079466148.0,719905793.0,304605.0,9065480.0,4799371936.0,3617162.0,60450.0,1200.0,450.0
KHM,Cambodia,RES,CR-,CR/LFINF/CDL+ERL/H:5/RES,URBAN,2967.0,2503481165.0,441790793.0,187055.0,5563291.0,2945271958.0,2221101.0,37066.0,1875.0,450.0
KHM,Cambodia,COM,CR-,CR/LFM/CDL+ERL/H:1-2/COM,TOTAL,737.0,38306765.0,6760022.0,0.0,73667.0,45066780.0,43439.0,0.0,100.0,520.0
KHM,Cambodia,IND,CR-,CR/LFM/CDL+ERL/H:1-2/IND:1,TOTAL,2104.0,662917437.0,220972481.0,0.0,1473150.0,883889913.0,868799.0,0.0,700.0,450.0
KHM,Cambodia,IND,CR-,CR/LFM/CDL+ERL/H:1-2/IND:2,TOTAL,2440.0,98838275.0,32946092.0,0.0,219641.0,131784363.0,129535.0,0.0,90.0,450.0
KHM,Cambodia,RES,ADO|ST|E,EU/LWAL/CDN+ERN/H:1/RES,RURAL,2061.0,9234840.0,2308710.0,4475.0,131926.0,11543550.0,12918.0,2061.0,64.0,70.0
KHM,Cambodia,RES,OT,MATO/LN/CDN+ERN/H:1-2/EWME/RES,RURAL,201002.0,2122577620.0,530644409.0,1077852.0,19296160.0,2653222027.0,789704.0,301507.0,96.0,110.0
KHM,Cambodia,RES,OT,MATO/LN/CDN+ERN/H:1-2/EWME/RES,URBAN,31436.0,301786977.0,75446744.0,181902.0,3017870.0,377233723.0,123508.0,47154.0,96.0,100.0
KHM,Cambodia,RES,OT,MATO/LN/CDN+ERN/H:1/EWME/RES,URBAN,31494.0,201563487.0,50390870.0,121198.0,2015635.0,251954355.0,82471.0,31494.0,64.0,100.0
KHM,Cambodia,RES,OT,MATO/LN/CDN+ERN/H:1/EWME/RES,RURAL,201628.0,1419462700.0,354865672.0,719757.0,12904206.0,1774328372.0,527987.0,201628.0,64.0,110.0
KHM,Cambodia,RES,OT,MATO/LO/CDN+ERN/H:1/RES,URBAN,725.0,4640631.0,1160158.0,3663.0,46406.0,5800788.0,1899.0,725.0,64.0,100.0
KHM,Cambodia,RES,OT,MATO/LO/CDN+ERN/H:1/RES,RURAL,3690.0,25977995.0,6494499.0,11523.0,236164.0,32472496.0,9663.0,3690.0,64.0,110.0
KHM,Cambodia,RES,ADO|ST|E,MUR+ST/LWAL/CDN+ERN/H:1/RES,URBAN,15083.0,521267232.0,130316809.0,72444.0,965310.0,651584038.0,252099.0,15083.0,64.0,540.0
KHM,Cambodia,RES,ADO|ST|E,MUR+ST/LWAL/CDN+ERN/H:1/RES,RURAL,26721.0,547240204.0,136810053.0,101859.0,1710126.0,684050251.0,446614.0,26721.0,64.0,320.0
KHM,Cambodia,RES,ADO|ST|E,MUR+ST/LWAL/CDN+ERN/H:2/RES,RURAL,26665.0,819147999.0,204786998.0,101980.0,2559837.0,1023934995.0,669227.0,26665.0,96.0,320.0
KHM,Cambodia,RES,ADO|ST|E,MUR+ST/LWAL/CDN+ERN/H:2/RES,URBAN,15139.0,784797284.0,196199322.0,72949.0,1453328.0,980996609.0,379948.0,15139.0,96.0,540.0
KHM,Cambodia,COM,MUR,MUR/LWAL/CDN+ERN/H:1/COM,TOTAL,1969.0,41342961.0,10335745.0,0.0,98436.0,51678709.0,72664.0,0.0,50.0,420.0
KHM,Cambodia,COM,MUR,MUR/LWAL/CDN+ERN/H:1/COM:1,TOTAL,22344.0,469215996.0,117303995.0,0.0,1117181.0,586519988.0,824685.0,0.0,50.0,420.0
KHM,Cambodia,COM,MUR,MUR/LWAL/CDN+ERN/H:1/COM:2,TOTAL,5511.0,162022754.0,40505691.0,0.0,385768.0,202528452.0,284768.0,0.0,70.0,420.0
KHM,Cambodia,COM,MUR,MUR/LWAL/CDN+ERN/H:1/COM:3,TOTAL,3117.0,65452750.0,16363194.0,0.0,155840.0,81815947.0,115039.0,0.0,50.0,420.0
KHM,Cambodia,COM,MUR,MUR/LWAL/CDN+ERN/H:1/COM:3B,TOTAL,3.0,441716.0,110429.0,0.0,1052.0,552145.0,776.0,0.0,351.0,420.0
KHM,Cambodia,COM,MUR,MUR/LWAL/CDN+ERN/H:1/COM:5,TOTAL,10288.0,259267203.0,64816799.0,0.0,617303.0,324083996.0,455683.0,0.0,60.0,420.0
KHM,Cambodia,COM,MUR,MUR/LWAL/CDN+ERN/H:1/COM:5B,TOTAL,1789.0,225458279.0,56364568.0,0.0,536805.0,281822857.0,396261.0,0.0,300.0,420.0
KHM,Cambodia,IND,MUR,MUR/LWAL/CDN+ERN/H:1/IND:2,TOTAL,4383.0,94681935.0,31560642.0,0.0,394508.0,126242583.0,268919.0,0.0,90.0,240.0
KHM,Cambodia,IND,MUR,MUR/LWAL/CDN+ERN/H:1/IND:4,TOTAL,35.0,765535.0,255177.0,0.0,3190.0,1020719.0,2174.0,0.0,91.0,240.0
KHM,Cambodia,IND,MUR,MUR/LWAL/CDN+ERN/H:1/IND:6,TOTAL,1.0,17135.0,5712.0,0.0,71.0,22847.0,49.0,0.0,71.0,241.0
KHM,Cambodia,RES,MUR,MUR/LWAL/CDN+ERN/H:1/RES,URBAN,88339.0,1809174045.0,452293512.0,429015.0,5653669.0,2261467553.0,3094052.0,88339.0,64.0,320.0
KHM,Cambodia,RES,MUR,MUR/LWAL/CDN+ERN/H:1/RES,RURAL,164180.0,1786277318.0,446569334.0,615804.0,10507514.0,2232846653.0,5750388.0,164180.0,64.0,170.0
KHM,Cambodia,COM,MUR,MUR/LWAL/CDN+ERN/H:2/COM:5B,TOTAL,368.0,46399937.0,11599984.0,0.0,110476.0,57999923.0,81591.0,0.0,300.0,420.0
KHM,Cambodia,RES,MUR,MUR/LWAL/CDN+ERN/H:2/RES,RURAL,163096.0,2661725831.0,665431459.0,612137.0,15657211.0,3327157292.0,8572503.0,163096.0,96.0,170.0
KHM,Cambodia,RES,MUR,MUR/LWAL/CDN+ERN/H:2/RES,URBAN,87122.0,2676402171.0,669100544.0,425735.0,8363757.0,3345502714.0,4579253.0,87122.0,96.0,320.0
KHM,Cambodia,COM,S,S/LFM/CDL+ERL/H:1-2/COM:2,TOTAL,1471.0,76512803.0,19128200.0,0.0,147140.0,95641003.0,60596.0,0.0,100.0,520.0
KHM,Cambodia,COM,S,S/LFM/CDL+ERL/H:1-2/COM:3B,TOTAL,1.0,779651.0,194913.0,0.0,1499.0,974564.0,617.0,0.0,1499.0,520.0
KHM,Cambodia,IND,S,S/LFM/CDL+ERL/H:1-2/IND:1,TOTAL,1011.0,409367102.0,175443046.0,0.0,909705.0,584810139.0,353120.0,0.0,900.0,450.0
KHM,Cambodia,IND,S,S/LFM/CDL+ERL/H:1-2/IND:2,TOTAL,1312.0,70833679.0,30357290.0,0.0,157408.0,101190974.0,61102.0,0.0,120.0,450.0
KHM,Cambodia,RES,W,W+WBB/LPB/CDN+ERM/H:1/RES,URBAN,23937.0,275756989.0,68939247.0,96674.0,1531983.0,344696238.0,46670.0,23937.0,64.0,180.0
KHM,Cambodia,RES,W,W+WBB/LPB/CDN+ERM/H:1/RES,RURAL,432853.0,2770262361.0,692565594.0,1471531.0,27702624.0,3462827954.0,843920.0,432853.0,64.0,100.0
KHM,Cambodia,RES,W,W+WO/LN/CDN+ERM/H:1/RES,URBAN,129251.0,1488970840.0,372242711.0,561402.0,8272060.0,1861213551.0,1021557.0,129251.0,64.0,180.0
KHM,Cambodia,RES,W,W+WO/LN/CDN+ERM/H:1/RES,RURAL,1473026.0,9427364106.0,2356841024.0,5282739.0,94273641.0,11784205130.0,11642311.0,1473026.0,64.0,100.0
KHM,Cambodia,RES,W,W+WWD/LWAL/CDN+ERM/H:1/RES,URBAN,591.0,6808531.0,1702133.0,2118.0,37825.0,8510664.0,541.0,591.0,64.0,180.0
KHM,Cambodia,RES,W,W+WWD/LWAL/CDN+ERM/H:1/RES,RURAL,2006.0,12838752.0,3209688.0,4489.0,128388.0,16048440.0,1837.0,2006.0,64.0,100.0
KHM,Cambodia,RES,W,W/LFM/CDL+ERM/H:1/RES,URBAN,39722.0,457596768.0,114399191.0,173074.0,2542204.0,571995959.0,313949.0,39722.0,64.0,180.0
KHM,Cambodia,RES,W,W/LFM/CDL+ERM/H:1/RES,RURAL,140492.0,899146719.0,224786681.0,504241.0,8991467.0,1123933402.0,1110400.0,140492.0,64.0,100.0
KHM,Cambodia,RES,W,W/LFM/CDL+ERM/H:2/RES,URBAN,39507.0,682686459.0,170671614.0,171377.0,3792703.0,853358073.0,468645.0,39507.0,96.0,180.0
KHM,Cambodia,RES,W,W/LFM/CDL+ERM/H:2/RES,RURAL,140164.0,1345575728.0,336393934.0,503512.0,13455757.0,1681969666.0,1662659.0,140164.0,96.0,100.0
KHM,Cambodia,COM,W,W/LPB/CDN+ERL/H:1-2/COM,TOTAL,51.0,2057731.0,685910.0,0.0,5144.0,2743648.0,1137.0,0.0,101.0,400.0
KHM,Cambodia,COM,W,W/LPB/CDN+ERL/H:1-2/COM:1,TOTAL,1957.0,39138075.0,13046030.0,0.0,97845.0,52184098.0,21616.0,0.0,50.0,400.0
KHM,Cambodia,COM,W,W/LPB/CDN+ERL/H:1-2/COM:2,TOTAL,256.0,7170281.0,2390097.0,0.0,17926.0,9560372.0,3960.0,0.0,70.0,400.0
KHM,Cambodia,COM,W,W/LPB/CDN+ERL/H:1-2/COM:5,TOTAL,1045.0,25080037.0,8360004.0,0.0,62700.0,33440051.0,13852.0,0.0,60.0,400.0
KHM,Cambodia,IND,W,W/LPB/CDN+ERL/H:1-2/IND:4,TOTAL,1.0,31884.0,21256.0,0.0,91.0,53140.0,20.0,0.0,91.0,350.0
KHM,Cambodia,COM,W,W/LPB/CDN+ERM/H:1-2/COM,TOTAL,389.0,15579710.0,5193243.0,0.0,38949.0,20772946.0,8605.0,0.0,100.0,400.0
KHM,Cambodia,COM,W,W/LPB/CDN+ERM/H:1-2/COM:1,TOTAL,17332.0,346637042.0,115545691.0,0.0,866593.0,462182736.0,191441.0,0.0,50.0,400.0
KHM,Cambodia,COM,W,W/LPB/CDN+ERM/H:1-2/COM:2,TOTAL,2471.0,69191503.0,23063843.0,0.0,172979.0,92255335.0,38213.0,0.0,70.0,400.0
KHM,Cambodia,COM,W,W/LPB/CDN+ERM/H:1-2/COM:5,TOTAL,9781.0,234734271.0,78244761.0,0.0,586836.0,312979031.0,129639.0,0.0,60.0,400.0
KHM,Cambodia,IND,W,W/LPB/CDN+ERM/H:1-2/IND:4,TOTAL,27.0,847961.0,565309.0,0.0,2423.0,1413268.0,520.0,0.0,90.0,350.0
IDN,Indonesia,COM,CR-,CR/LDUAL/CDL+ERL/H:6-12/COM:3,TOTAL,5458.0,19101576458.0,3370866441.0,0.0,27287966.0,22472442887.0,16965933.0,0.0,5000.0,700.0
IDN,Indonesia,COM,CR-,CR/LDUAL/CDL+ERL/H:6-12/COM:5B,TOTAL,4473.0,6708752571.0,1183897510.0,0.0,6708753.0,7892650087.0,4171079.0,0.0,1500.0,1000.0
IDN,Indonesia,COM,CR+,CR/LDUAL/CDM+ERM/H:6-12/COM:3,TOTAL,4006.0,14021113961.0,2474314226.0,0.0,20030163.0,16495428200.0,12453490.0,0.0,5000.0,700.0
IDN,Indonesia,COM,CR+,CR/LDUAL/CDM+ERM/H:6-12/COM:5B,TOTAL,3153.0,4729311405.0,834584365.0,0.0,4729311.0,5563895767.0,2940388.0,0.0,1500.0,1000.0
IDN,Indonesia,COM,CR+,CR/LDUAL/CDM+ERM/H:>12/COM:3,TOTAL,3315.0,17401761525.0,3070899097.0,0.0,24859659.0,20472660628.0,15496458.0,0.0,7499.0,700.0
IDN,Indonesia,COM,CR+,CR/LDUAL/CDM+ERM/H:>12/COM:5B,TOTAL,16337.0,24505520568.0,4324503620.0,0.0,24505521.0,28830024209.0,15275703.0,0.0,1500.0,1000.0
IDN,Indonesia,RES,CR-,CR/LFINF/CDL+ERL/H:1-3/RES,URBAN,681303.0,24526546072.0,4328214006.0,5133339.0,81755154.0,28854760083.0,32581671.0,1362607.0,120.0,300.0
IDN,Indonesia,RES,CR-,CR/LFINF/CDL+ERL/H:1-3/RES,RURAL,1255362.0,45193358904.0,7975298636.0,9844222.0,150644530.0,53168657528.0,60035975.0,2510791.0,120.0,300.0
IDN,Indonesia,COM,CR-,CR/LFINF/CDL+ERL/H:1/COM:1,TOTAL,804646.0,12069693046.0,2129945836.0,0.0,40232310.0,14199638890.0,23708123.0,0.0,50.0,300.0
IDN,Indonesia,COM,CR-,CR/LFINF/CDL+ERL/H:1/COM:3,TOTAL,45391.0,1588670882.0,280353680.0,0.0,2269530.0,1869024572.0,1337391.0,0.0,50.0,700.0
IDN,Indonesia,COM,CR-,CR/LFINF/CDL+ERL/H:1/COM:5,TOTAL,286748.0,7742206536.0,1366271732.0,0.0,17204903.0,9108478259.0,10138518.0,0.0,60.0,450.0
IDN,Indonesia,COM,CR-,CR/LFINF/CDL+ERL/H:1/COM:5B,TOTAL,7611.0,2283273084.0,402930545.0,0.0,2283273.0,2686203628.0,1345490.0,0.0,300.0,1000.0
IDN,Indonesia,COM,CR-,CR/LFINF/CDL+ERL/H:2/COM:1,TOTAL,201612.0,12096720686.0,2134715406.0,0.0,40322402.0,14231436097.0,23776553.0,0.0,200.0,300.0
IDN,Indonesia,COM,CR-,CR/LFINF/CDL+ERL/H:2/COM:3,TOTAL,11323.0,1585152799.0,279732847.0,0.0,2264504.0,1864885633.0,1335291.0,0.0,200.0,700.0
IDN,Indonesia,COM,CR-,CR/LFINF/CDL+ERL/H:2/COM:5,TOTAL,53796.0,5809914783.0,1025279081.0,0.0,12910922.0,6835193878.0,7613069.0,0.0,240.0,450.0
IDN,Indonesia,COM,CR-,CR/LFINF/CDL+ERL/H:2/COM:5B,TOTAL,7637.0,2291077366.0,404307764.0,0.0,2291077.0,2695385140.0,1350960.0,0.0,300.0,1000.0
IDN,Indonesia,COM,CR-,CR/LFINF/CDL+ERL/H:3-5/COM:1,TOTAL,30216.0,7614348252.0,1343708519.0,0.0,25381161.0,8958056776.0,14985596.0,0.0,840.0,300.0
IDN,Indonesia,COM,CR-,CR/LFINF/CDL+ERL/H:3-5/COM:3,TOTAL,10185.0,5703852500.0,1006562215.0,0.0,8148361.0,6710414710.0,4810973.0,0.0,800.0,700.0
IDN,Indonesia,COM,CR-,CR/LFINF/CDL+ERL/H:3-5/COM:5,TOTAL,8047.0,2317648631.0,408996810.0,0.0,5150330.0,2726645434.0,3040870.0,0.0,640.0,450.0
IDN,Indonesia,COM,CR-,CR/LFINF/CDL+ERL/H:3-5/COM:5B,TOTAL,13590.0,10192552218.0,1798685690.0,0.0,10192552.0,11991237913.0,6017908.0,0.0,750.0,1000.0
IDN,Indonesia,RES,CR-,CR/LFINF/CDL+ERL/H:4-7/RES,URBAN,500244.0,187589930958.0,33104105467.0,18817890.0,375179862.0,220694036406.0,149877027.0,5002249.0,750.0,500.0
IDN,Indonesia,RES,CR+,CR/LFINF/CDM+ERM/H:1-3/RES,URBAN,224268.0,12558367674.0,2216182540.0,1715024.0,31395919.0,14774550191.0,12512136.0,448485.0,140.0,400.0
IDN,Indonesia,COM,CR+,CR/LFINF/CDM+ERM/H:3-5/COM:1,TOTAL,3714.0,935832108.0,165146852.0,0.0,3119440.0,1100978960.0,1841788.0,0.0,840.0,300.0
IDN,Indonesia,COM,CR+,CR/LFINF/CDM+ERM/H:3-5/COM:3,TOTAL,1329.0,744172679.0,131324590.0,0.0,1063104.0,875497264.0,627681.0,0.0,800.0,700.0
IDN,Indonesia,COM,CR+,CR/LFINF/CDM+ERM/H:3-5/COM:5,TOTAL,1139.0,328016641.0,57885296.0,0.0,728926.0,385901930.0,430375.0,0.0,640.0,450.0
IDN,Indonesia,COM,CR+,CR/LFINF/CDM+ERM/H:3-5/COM:5B,TOTAL,1709.0,1281804099.0,226200723.0,0.0,1281804.0,1508004828.0,756806.0,0.0,750.0,1000.0
IDN,Indonesia,RES,CR+,CR/LFINF/CDM+ERM/H:4-7/RES,URBAN,333555.0,125083436284.0,22073547579.0,12550287.0,250166873.0,147156983876.0,99936780.0,3335638.0,750.0,500.0
IDN,Indonesia,COM,CR-,CR/LFM/CDL+ERL/H:1-2/COM,TOTAL,33571.0,1007114662.0,177726120.0,0.0,3357049.0,1184840782.0,1979522.0,0.0,100.0,300.0
IDN,Indonesia,COM,CR-,CR/LFM/CDL+ERL/H:1-2/COM:2,TOTAL,302609.0,7413914907.0,1308337923.0,0.0,21182614.0,8722252825.0,12490564.0,0.0,70.0,350.0
IDN,Indonesia,IND,CR-,CR/LFM/CDL+ERL/H:1-2/IND:1,TOTAL,90184.0,28407902766.0,9469300928.0,0.0,63128673.0,37877203673.0,37230511.0,0.0,700.0,450.0
IDN,Indonesia,IND,CR-,CR/LFM/CDL+ERL/H:1-2/IND:2,TOTAL,182882.0,8229684887.0,2743228297.0,0.0,16459370.0,10972913179.0,9707013.0,0.0,90.0,500.0
IDN,Indonesia,IND,CR-,CR/LFM/CDL+ERL/H:1-2/IND:6,TOTAL,12666.0,303982605.0,101327533.0,0.0,759956.0,405310134.0,448190.0,0.0,60.0,400.0
IDN,Indonesia,RES,CR-,CR/LWAL/CDL+ERL/H:>7/RES,URBAN,29974.0,44971334487.0,7936117856.0,4558576.0,89942669.0,52907452332.0,43082792.0,1198891.0,3001.0,500.0
IDN,Indonesia,RES,CR+,CR/LWAL/CDM+ERM/H:>7/RES,URBAN,25980.0,38996441325.0,6881724928.0,3996274.0,77992883.0,45878166253.0,37358810.0,1038488.0,3002.0,500.0
IDN,Indonesia,RES,MR|MCF,MCF/LWAL/CDL+ERL/H:1-3/RES,RURAL,8790658.0,316463678465.0,55846531494.0,68912072.0,1054878928.0,372310209960.0,420398163.0,17581312.0,120.0,300.0
IDN,Indonesia,RES,MR|MCF,MCF/LWAL/CDL+ERL/H:1-3/RES,URBAN,4862543.0,175051825536.0,30891498632.0,36524278.0,583506085.0,205943324147.0,232543167.0,9725119.0,120.0,300.0
IDN,Indonesia,COM,MR|MCF,MCF/LWAL/CDL+ERL/H:1/COM,TOTAL,67281.0,1009215922.0,178096932.0,0.0,3364053.0,1187312855.0,1982373.0,0.0,50.0,300.0
IDN,Indonesia,COM,MR|MCF,MCF/LWAL/CDL+ERL/H:1/COM:1,TOTAL,602766.0,9041490714.0,1595557184.0,0.0,30138302.0,10637047891.0,17759919.0,0.0,50.0,300.0
IDN,Indonesia,COM,MR|MCF,MCF/LWAL/CDL+ERL/H:1/COM:2,TOTAL,152464.0,3735365111.0,659182074.0,0.0,10672472.0,4394547175.0,6289082.0,0.0,70.0,350.0
IDN,Indonesia,COM,MR|MCF,MCF/LWAL/CDL+ERL/H:1/COM:3,TOTAL,45378.0,1588227639.0,280275475.0,0.0,2268897.0,1868503107.0,1337018.0,0.0,50.0,700.0
IDN,Indonesia,COM,MR|MCF,MCF/LWAL/CDL+ERL/H:1/COM:5,TOTAL,358934.0,9691208538.0,1710213277.0,0.0,21536019.0,11401421811.0,12690760.0,0.0,60.0,450.0
IDN,Indonesia,COM,MR|MCF,MCF/LWAL/CDL+ERL/H:1/COM:5B,TOTAL,7450.0,2234900758.0,394394261.0,0.0,2234901.0,2629295005.0,1316985.0,0.0,300.0,1000.0
IDN,Indonesia,IND,MR|MCF,MCF/LWAL/CDL+ERL/H:1/IND:4,TOTAL,7989.0,287587122.0,95862370.0,0.0,718968.0,383449501.0,423699.0,0.0,90.0,400.0
IDN,Indonesia,IND,MR|MCF,MCF/LWAL/CDL+ERL/H:1/IND:6,TOTAL,34310.0,823442531.0,274480848.0,0.0,2058606.0,1097923367.0,1213166.0,0.0,60.0,400.0
IDN,Indonesia,COM,MR|MCF,MCF/LWAL/CDL+ERL/H:2/COM,TOTAL,95506.0,1432586207.0,252809316.0,0.0,4775287.0,1685395548.0,2815802.0,0.0,50.0,300.0
IDN,Indonesia,COM,MR|MCF,MCF/LWAL/CDL+ERL/H:2/COM:1,TOTAL,143462.0,8607696931.0,1519005345.0,0.0,28692323.0,10126702251.0,16918748.0,0.0,200.0,300.0
IDN,Indonesia,COM,MR|MCF,MCF/LWAL/CDL+ERL/H:2/COM:2,TOTAL,144709.0,3545365337.0,625652704.0,0.0,10129615.0,4171018043.0,5973041.0,0.0,70.0,350.0
IDN,Indonesia,COM,MR|MCF,MCF/LWAL/CDL+ERL/H:2/COM:3,TOTAL,10756.0,1505791965.0,265727992.0,0.0,2151131.0,1771519954.0,1268440.0,0.0,200.0,700.0
IDN,Indonesia,COM,MR|MCF,MCF/LWAL/CDL+ERL/H:2/COM:5,TOTAL,51119.0,5520877884.0,974272563.0,0.0,12268618.0,6495150446.0,7234328.0,0.0,240.0,450.0
IDN,Indonesia,COM,MR|MCF,MCF/LWAL/CDL+ERL/H:2/COM:5B,TOTAL,10525.0,3157357350.0,557180715.0,0.0,3157357.0,3714538061.0,1861772.0,0.0,300.0,1000.0
IDN,Indonesia,RES,MR|MCF,MCF/LWAL/CDM+ERM/H:1-3/RES,URBAN,3191966.0,178749926293.0,31544104645.0,23952046.0,446874816.0,210294030959.0,178091862.0,6383918.0,140.0,400.0
IDN,Indonesia,COM,MR|MCF,MCF/LWAL/CDM+ERM/H:2/COM,TOTAL,5094.0,76408705.0,13483881.0,0.0,254696.0,89892584.0,150185.0,0.0,50.0,300.0
IDN,Indonesia,COM,MR|MCF,MCF/LWAL/CDM+ERM/H:2/COM:1,TOTAL,7606.0,456335264.0,80529749.0,0.0,1521118.0,536865012.0,896945.0,0.0,200.0,300.0
IDN,Indonesia,COM,MR|MCF,MCF/LWAL/CDM+ERM/H:2/COM:2,TOTAL,7590.0,185962125.0,32816844.0,0.0,531320.0,218778965.0,313300.0,0.0,70.0,350.0
IDN,Indonesia,COM,MR|MCF,MCF/LWAL/CDM+ERM/H:2/COM:3,TOTAL,676.0,94669504.0,16706382.0,0.0,135242.0,111375883.0,79748.0,0.0,200.0,700.0
IDN,Indonesia,COM,MR|MCF,MCF/LWAL/CDM+ERM/H:2/COM:5,TOTAL,2793.0,301679354.0,53237530.0,0.0,670399.0,354916869.0,395309.0,0.0,240.0,450.0
IDN,Indonesia,COM,MR|MCF,MCF/LWAL/CDM+ERM/H:2/COM:5B,TOTAL,606.0,181682376.0,32061590.0,0.0,181682.0,213743972.0,107132.0,0.0,300.0,1000.0
IDN,Indonesia,RES,MUR,MUR/LWAL/CDN+ERN/H:1-2/RES,RURAL,5019665.0,75294972281.0,18823743088.0,19676773.0,376474861.0,94118715372.0,210073170.0,5019665.0,75.0,200.0
IDN,Indonesia,RES,MUR,MUR/LWAL/CDN+ERN/H:1-2/RES,URBAN,4855448.0,72831716722.0,18207929185.0,18234647.0,364158584.0,91039645910.0,203200681.0,4855448.0,75.0,200.0
IDN,Indonesia,COM,MUR,MUR/LWAL/CDN+ERN/H:1/COM,TOTAL,96376.0,1445638239.0,361409566.0,0.0,4818794.0,1807047804.0,3589774.0,0.0,50.0,300.0
IDN,Indonesia,COM,MUR,MUR/LWAL/CDN+ERN/H:1/COM:1,TOTAL,384254.0,5763810869.0,1440952720.0,0.0,19212703.0,7204763588.0,14312551.0,0.0,50.0,300.0
IDN,Indonesia,COM,MUR,MUR/LWAL/CDN+ERN/H:1/COM:2,TOTAL,72394.0,1773654589.0,443413656.0,0.0,5067585.0,2217068241.0,3775111.0,0.0,70.0,350.0
IDN,Indonesia,COM,MUR,MUR/LWAL/CDN+ERN/H:1/COM:3,TOTAL,43091.0,1508200420.0,377050105.0,0.0,2154572.0,1885250532.0,1605055.0,0.0,50.0,700.0
IDN,Indonesia,COM,MUR,MUR/LWAL/CDN+ERN/H:1/COM:5,TOTAL,137243.0,3705548756.0,926387180.0,0.0,8234553.0,4631935938.0,6134352.0,0.0,60.0,450.0
IDN,Indonesia,COM,MUR,MUR/LWAL/CDN+ERN/H:1/COM:5B,TOTAL,3562.0,1068688985.0,267172253.0,0.0,1068689.0,1335861240.0,796124.0,0.0,300.0,1000.0
IDN,Indonesia,IND,MUR,MUR/LWAL/CDN+ERN/H:1/IND:2,TOTAL,415104.0,18679697659.0,6226565888.0,0.0,37359395.0,24906263532.0,25952589.0,0.0,90.0,500.0
IDN,Indonesia,IND,MUR,MUR/LWAL/CDN+ERN/H:1/IND:4,TOTAL,1886.0,67893048.0,22631023.0,0.0,169733.0,90524071.0,117910.0,0.0,90.0,400.0
IDN,Indonesia,IND,MUR,MUR/LWAL/CDN+ERN/H:1/IND:6,TOTAL,12037.0,288886753.0,96295573.0,0.0,722217.0,385182357.0,501706.0,0.0,60.0,400.0
IDN,Indonesia,COM,S,S/LFM/CDL+ERL/H:1-2/COM:2,TOTAL,68388.0,2393587637.0,598396917.0,0.0,6838822.0,2991984557.0,2816387.0,0.0,100.0,350.0
IDN,Indonesia,IND,S,S/LFM/CDL+ERL/H:1-2/IND:1,TOTAL,34927.0,14145249712.0,6062249862.0,0.0,31433888.0,20207499563.0,12201695.0,0.0,900.0,450.0
IDN,Indonesia,IND,S,S/LFM/CDL+ERL/H:1-2/IND:2,TOTAL,98537.0,5912214088.0,2533806025.0,0.0,11824428.0,8446020128.0,4589890.0,0.0,120.0,500.0
IDN,Indonesia,IND,S,S/LFM/CDL+ERL/H:1-2/IND:6,TOTAL,2807.0,89819610.0,38494111.0,0.0,224549.0,128313727.0,87164.0,0.0,80.0,400.0
IDN,Indonesia,COM,S,S/LFM/CDM+ERM/H:1-2/COM:2,TOTAL,7617.0,266606230.0,66651543.0,0.0,761732.0,333257792.0,313700.0,0.0,100.0,350.0
IDN,Indonesia,IND,S,S/LFM/CDM+ERM/H:1-2/IND:1,TOTAL,3988.0,1614968557.0,692129378.0,0.0,3588819.0,2307097928.0,1393073.0,0.0,900.0,450.0
IDN,Indonesia,IND,S,S/LFM/CDM+ERM/H:1-2/IND:2,TOTAL,10840.0,650384923.0,278736386.0,0.0,1300770.0,929121322.0,504921.0,0.0,120.0,500.0
IDN,Indonesia,IND,S,S/LFM/CDM+ERM/H:1-2/IND:6,TOTAL,297.0,9519559.0,4079808.0,0.0,23799.0,13599380.0,9238.0,0.0,80.0,400.0
IDN,Indonesia,RES,W,W+WBB/LPB/CDN+ERM/H:1/RES,RURAL,3618645.0,36186453364.0,9046613334.0,14229005.0,180932267.0,45233066707.0,15912443.0,3618645.0,50.0,200.0
IDN,Indonesia,RES,W,W+WBB/LPB/CDN+ERM/H:1/RES,URBAN,873923.0,8739227731.0,2184806934.0,3263513.0,43696139.0,10924034663.0,3842944.0,873923.0,50.0,200.0
IDN,Indonesia,RES,W,W+WO/LN/CDN+ERM/H:1/RES,RURAL,2648549.0,26485490366.0,6621372600.0,10214372.0,132427452.0,33106862968.0,16354112.0,2648549.0,50.0,200.0
IDN,Indonesia,RES,W,W+WO/LN/CDN+ERM/H:1/RES,URBAN,511865.0,5118645268.0,1279661328.0,2051368.0,25593226.0,6398306595.0,3160633.0,511865.0,50.0,200.0
IDN,Indonesia,RES,W,W/LFM/CDL+ERM/H:1-3/RES,RURAL,3090499.0,61810056999.0,15452514247.0,23842034.0,309050285.0,77262571249.0,38187748.0,6181016.0,100.0,200.0
IDN,Indonesia,RES,W,W/LFM/CDL+ERM/H:1-3/RES,URBAN,1023443.0,20469109332.0,5117277325.0,8205516.0,102345547.0,25586386675.0,12646312.0,2046913.0,100.0,200.0
IDN,Indonesia,COM,W,W/LPB/CDN+ERL/H:1-2/COM:1,TOTAL,73181.0,1097716183.0,365905391.0,0.0,3659054.0,1463621564.0,808328.0,0.0,50.0,300.0
IDN,Indonesia,COM,W,W/LPB/CDN+ERL/H:1-2/COM:5,TOTAL,26343.0,711260457.0,237086815.0,0.0,1580579.0,948347270.0,349169.0,0.0,60.0,450.0
IDN,Indonesia,COM,W,W/LPB/CDN+ERM/H:1-2/COM:1,TOTAL,294057.0,4410861944.0,1470287316.0,0.0,14702873.0,5881149245.0,3248031.0,0.0,50.0,300.0
IDN,Indonesia,COM,W,W/LPB/CDN+ERM/H:1-2/COM:5,TOTAL,105523.0,2849130326.0,949710108.0,0.0,6331401.0,3798840444.0,1398679.0,0.0,60.0,450.0
LAO,Laos,COM,CR-,CR/LFINF/CDL+ERL/H:1/COM:1,TOTAL,45341.0,997503091.0,176029960.0,0.0,2267052.0,1173533045.0,1335930.0,0.0,50.0,440.0
LAO,Laos,COM,CR-,CR/LFINF/CDL+ERL/H:1/COM:3,TOTAL,5388.0,118532012.0,20917412.0,0.0,269391.0,139449427.0,158747.0,0.0,50.0,440.0
LAO,Laos,COM,CR-,CR/LFINF/CDL+ERL/H:1/COM:5,TOTAL,2426.0,64048615.0,11302697.0,0.0,145565.0,75351310.0,85779.0,0.0,60.0,440.0
LAO,Laos,COM,CR-,CR/LFINF/CDL+ERL/H:1/COM:5B,TOTAL,205.0,27087028.0,4780065.0,0.0,61561.0,31867088.0,36277.0,0.0,300.0,440.0
LAO,Laos,RES,CR-,CR/LFINF/CDL+ERL/H:1/RES,RURAL,17867.0,298730709.0,52717182.0,96801.0,1357867.0,351447885.0,540824.0,17867.0,76.0,220.0
LAO,Laos,RES,CR-,CR/LFINF/CDL+ERL/H:1/RES,URBAN,45438.0,1208650440.0,213291248.0,239311.0,3453287.0,1421941688.0,1375407.0,45438.0,76.0,350.0
LAO,Laos,COM,CR-,CR/LFINF/CDL+ERL/H:2/COM:1,TOTAL,5646.0,496858680.0,87680942.0,0.0,1129224.0,584539623.0,665860.0,0.0,200.0,440.0
LAO,Laos,COM,CR-,CR/LFINF/CDL+ERL/H:2/COM:3,TOTAL,816.0,71797489.0,12670145.0,0.0,163176.0,84467634.0,96219.0,0.0,200.0,440.0
LAO,Laos,COM,CR-,CR/LFINF/CDL+ERL/H:2/COM:5,TOTAL,323.0,34082937.0,6014638.0,0.0,77461.0,40097571.0,45676.0,0.0,240.0,440.0
LAO,Laos,COM,CR-,CR/LFINF/CDL+ERL/H:2/COM:5B,TOTAL,281.0,37070234.0,6541806.0,0.0,84251.0,43612041.0,49679.0,0.0,300.0,440.0
LAO,Laos,RES,CR-,CR/LFINF/CDL+ERL/H:2/RES,URBAN,22629.0,902897772.0,159334897.0,119273.0,2579708.0,1062232673.0,1028085.0,22629.0,114.0,350.0
LAO,Laos,COM,CR-,CR/LFINF/CDL+ERL/H:3-5/COM:1,TOTAL,1889.0,698323163.0,123233499.0,0.0,1587098.0,821556663.0,937058.0,0.0,840.0,440.0
LAO,Laos,COM,CR-,CR/LFINF/CDL+ERL/H:3-5/COM:3,TOTAL,245.0,86389606.0,15245225.0,0.0,196340.0,101634830.0,115924.0,0.0,801.0,440.0
LAO,Laos,COM,CR-,CR/LFINF/CDL+ERL/H:3-5/COM:5,TOTAL,192.0,54083507.0,9544147.0,0.0,122917.0,63627656.0,72573.0,0.0,640.0,440.0
LAO,Laos,COM,CR-,CR/LFINF/CDL+ERL/H:3-5/COM:5B,TOTAL,148.0,65327458.0,11528375.0,0.0,148471.0,76855831.0,87661.0,0.0,1003.0,440.0
LAO,Laos,RES,CR-,CR/LFINF/CDL+ERL/H:3/RES,URBAN,7503.0,598715686.0,105655710.0,118769.0,1710616.0,704371388.0,682135.0,22542.0,228.0,350.0
LAO,Laos,RES,CR-,CR/LFINF/CDL+ERL/H:4/RES,URBAN,2861.0,1081440509.0,190842446.0,119957.0,3089830.0,1272282955.0,1232855.0,22764.0,1080.0,350.0
LAO,Laos,RES,CR-,CR/LFINF/CDL+ERL/H:5/RES,URBAN,1838.0,1085341358.0,191530825.0,119998.0,3100975.0,1276872186.0,1238041.0,22787.0,1687.0,350.0
LAO,Laos,COM,CR-,CR/LFM/CDL+ERL/H:1-2/COM,TOTAL,2003.0,88128538.0,15552095.0,0.0,200292.0,103680632.0,118105.0,0.0,100.0,440.0
LAO,Laos,COM,CR-,CR/LFM/CDL+ERL/H:1-2/COM:2,TOTAL,13212.0,406917081.0,71808897.0,0.0,924812.0,478725976.0,545325.0,0.0,70.0,440.0
LAO,Laos,COM,CR-,CR/LFM/CDL+ERL/H:1-2/COM:3B,TOTAL,131.0,23120939.0,4080166.0,0.0,52548.0,27201106.0,30985.0,0.0,401.0,440.0
LAO,Laos,IND,CR-,CR/LFM/CDL+ERL/H:1-2/IND:1,TOTAL,12795.0,1343466865.0,447822289.0,0.0,3838477.0,1791289153.0,2263765.0,0.0,300.0,350.0
LAO,Laos,IND,CR-,CR/LFM/CDL+ERL/H:1-2/IND:2,TOTAL,36339.0,635929790.0,211976599.0,0.0,1816942.0,847906387.0,1071553.0,0.0,50.0,350.0
LAO,Laos,RES,ADO|ST|E,EU/LWAL/CDN+ERN/H:1/RES,URBAN,1226.0,5147853.0,1286965.0,6609.0,73541.0,6434811.0,7201.0,1226.0,60.0,70.0
LAO,Laos,RES,ADO|ST|E,EU/LWAL/CDN+ERN/H:1/RES,RURAL,3711.0,15588135.0,3897031.0,20658.0,222688.0,19485162.0,21805.0,3711.0,60.0,70.0
LAO,Laos,RES,OT,MATO/LO/CDN+ERN/H:1/RES,URBAN,2510.0,15057648.0,3764409.0,13361.0,150576.0,18822054.0,6161.0,2510.0,60.0,100.0
LAO,Laos,RES,OT,MATO/LO/CDN+ERN/H:1/RES,RURAL,4062.0,19499402.0,4874857.0,22900.0,243743.0,24374250.0,9973.0,4062.0,60.0,80.0
LAO,Laos,COM,MUR,MUR/LWAL/CDN+ERN/H:1/COM,TOTAL,9267.0,194616683.0,48654172.0,0.0,463373.0,243270850.0,342054.0,0.0,50.0,420.0
LAO,Laos,COM,MUR,MUR/LWAL/CDN+ERN/H:1/COM:1,TOTAL,104605.0,2196715452.0,549178863.0,0.0,5230275.0,2745894312.0,3860901.0,0.0,50.0,420.0
LAO,Laos,COM,MUR,MUR/LWAL/CDN+ERN/H:1/COM:2,TOTAL,37002.0,1087868471.0,271967118.0,0.0,2590163.0,1359835590.0,1912015.0,0.0,70.0,420.0
LAO,Laos,COM,MUR,MUR/LWAL/CDN+ERN/H:1/COM:3,TOTAL,4186.0,87897235.0,21974311.0,0.0,209279.0,109871546.0,154486.0,0.0,50.0,420.0
LAO,Laos,COM,MUR,MUR/LWAL/CDN+ERN/H:1/COM:3B,TOTAL,93.0,15626106.0,3906529.0,0.0,37205.0,19532635.0,27464.0,0.0,400.0,420.0
LAO,Laos,COM,MUR,MUR/LWAL/CDN+ERN/H:1/COM:5,TOTAL,5755.0,145033546.0,36258389.0,0.0,345318.0,181291935.0,254908.0,0.0,60.0,420.0
LAO,Laos,COM,MUR,MUR/LWAL/CDN+ERN/H:1/COM:5B,TOTAL,201.0,25318322.0,6329579.0,0.0,60282.0,31647902.0,44499.0,0.0,300.0,420.0
LAO,Laos,IND,MUR,MUR/LWAL/CDN+ERN/H:1/IND:2,TOTAL,23340.0,280085299.0,93361768.0,0.0,1167022.0,373447063.0,795507.0,0.0,50.0,240.0
LAO,Laos,IND,MUR,MUR/LWAL/CDN+ERN/H:1/IND:4,TOTAL,360.0,4319606.0,1439866.0,0.0,17998.0,5759474.0,12269.0,0.0,50.0,240.0
LAO,Laos,IND,MUR,MUR/LWAL/CDN+ERN/H:1/IND:6,TOTAL,1518.0,14572819.0,4857607.0,0.0,60720.0,19430424.0,41390.0,0.0,40.0,240.0
LAO,Laos,RES,MUR,MUR/LWAL/CDN+ERN/H:1/RES,RURAL,133647.0,1283014603.0,320753651.0,720972.0,8018841.0,1603768255.0,4388426.0,133647.0,60.0,160.0
LAO,Laos,RES,MUR,MUR/LWAL/CDN+ERN/H:1/RES,URBAN,129275.0,2171824807.0,542956201.0,678872.0,7756517.0,2714781012.0,4244866.0,129275.0,60.0,280.0
LAO,Laos,COM,MUR,MUR/LWAL/CDN+ERN/H:2/COM:5B,TOTAL,117.0,14726976.0,3681743.0,0.0,35064.0,18408719.0,25896.0,0.0,300.0,420.0
LAO,Laos,RES,MUR,MUR/LWAL/CDN+ERN/H:2/RES,RURAL,133479.0,1922091376.0,480522848.0,720501.0,12013071.0,2402614220.0,6577295.0,133479.0,90.0,160.0
LAO,Laos,RES,MUR,MUR/LWAL/CDN+ERN/H:2/RES,URBAN,128587.0,3240393907.0,810098476.0,675380.0,11572835.0,4050492388.0,6336261.0,128587.0,90.0,280.0
LAO,Laos,COM,S,S/LFM/CDL+ERL/H:1-2/COM:2,TOTAL,13394.0,589347402.0,147336851.0,0.0,1339426.0,736684253.0,551607.0,0.0,100.0,440.0
LAO,Laos,COM,S,S/LFM/CDL+ERL/H:1-2/COM:3B,TOTAL,4.0,1838094.0,459524.0,0.0,4177.0,2297618.0,1720.0,0.0,1044.0,440.0
LAO,Laos,IND,S,S/LFM/CDL+ERL/H:1-2/IND:1,TOTAL,12431.0,2175472613.0,932345406.0,0.0,6215636.0,3107818019.0,2412724.0,0.0,500.0,350.0
LAO,Laos,RES,W,W+WBB/LPB/CDN+ERM/H:1/RES,RURAL,155538.0,559936182.0,139984047.0,864417.0,9332270.0,699920232.0,284294.0,155538.0,60.0,60.0
LAO,Laos,RES,W,W+WBB/LPB/CDN+ERM/H:1/RES,URBAN,28083.0,269594746.0,67398685.0,153020.0,1684967.0,336993428.0,51330.0,28083.0,60.0,160.0
LAO,Laos,RES,W,W+WO/LN/CDN+ERM/H:1/RES,URBAN,87792.0,842803915.0,210700977.0,485585.0,5267524.0,1053504889.0,650513.0,87792.0,60.0,160.0
LAO,Laos,RES,W,W+WO/LN/CDN+ERM/H:1/RES,RURAL,387857.0,1396286882.0,349071723.0,2195379.0,23271448.0,1745358604.0,2873905.0,387857.0,60.0,60.0
LAO,Laos,RES,W,W+WWD/LWAL/CDN+ERM/H:1/RES,URBAN,1292.0,12399305.0,3099822.0,6949.0,77496.0,15499133.0,1109.0,1292.0,60.0,160.0
LAO,Laos,RES,W,W+WWD/LWAL/CDN+ERM/H:1/RES,RURAL,3822.0,13760274.0,3440066.0,21336.0,229338.0,17200347.0,3282.0,3822.0,60.0,60.0
LAO,Laos,RES,W,W/LFM/CDL+ERM/H:1/RES,URBAN,7732.0,74225774.0,18556445.0,42729.0,463911.0,92782218.0,57291.0,7732.0,60.0,160.0
LAO,Laos,RES,W,W/LFM/CDL+ERM/H:1/RES,RURAL,34247.0,123289948.0,30822492.0,193921.0,2054832.0,154112436.0,253762.0,34247.0,60.0,60.0
LAO,Laos,RES,W,W/LFM/CDL+ERM/H:2/RES,URBAN,7733.0,111351904.0,27837977.0,42723.0,695949.0,139189882.0,85995.0,7733.0,90.0,160.0
LAO,Laos,RES,W,W/LFM/CDL+ERM/H:2/RES,RURAL,34201.0,184684389.0,46171093.0,193625.0,3078073.0,230855482.0,380342.0,34201.0,90.0,60.0
LAO,Laos,COM,W,W/LPB/CDN+ERL/H:1-2/COM:1,TOTAL,4512.0,72194772.0,24064927.0,0.0,225609.0,96259696.0,49840.0,0.0,50.0,320.0
LAO,Laos,COM,W,W/LPB/CDN+ERL/H:1-2/COM:5,TOTAL,212.0,4075371.0,1358456.0,0.0,12736.0,5433829.0,2813.0,0.0,60.0,320.0
LAO,Laos,IND,W,W/LPB/CDN+ERL/H:1-2/IND:4,TOTAL,19.0,149581.0,99719.0,0.0,935.0,249302.0,201.0,0.0,49.0,160.0
LAO,Laos,COM,W,W/LPB/CDN+ERM/H:1-2/COM:1,TOTAL,39702.0,635232526.0,211744176.0,0.0,1985102.0,846976700.0,438531.0,0.0,50.0,320.0
LAO,Laos,COM,W,W/LPB/CDN+ERM/H:1-2/COM:5,TOTAL,2170.0,41657938.0,13885980.0,0.0,130181.0,55543921.0,28759.0,0.0,60.0,320.0
LAO,Laos,IND,W,W/LPB/CDN+ERM/H:1-2/IND:4,TOTAL,180.0,1439025.0,959352.0,0.0,8994.0,2398379.0,1931.0,0.0,50.0,160.0
MYS,Malaysia,COM,CR-,CR/LDUAL/CDL+ERL/H:6-12/COM:3,TOTAL,2400.0,5640920419.0,995456549.0,0.0,12001958.0,6636376965.0,7462059.0,0.0,5001.0,470.0
MYS,Malaysia,COM,CR-,CR/LDUAL/CDL+ERL/H:6-12/COM:5B,TOTAL,539.0,1013734354.0,178894297.0,0.0,2156882.0,1192628653.0,1341013.0,0.0,4002.0,470.0
MYS,Malaysia,COM,CR-,CR/LDUAL/CDL+ERL/H:>12/COM:3,TOTAL,704.0,2483044155.0,438184260.0,0.0,5283073.0,2921228412.0,3293244.0,0.0,7504.0,470.0
MYS,Malaysia,COM,CR-,CR/LDUAL/CDL+ERL/H:>12/COM:5B,TOTAL,957.0,1799520371.0,317562420.0,0.0,3828767.0,2117082787.0,2386691.0,0.0,4001.0,470.0
MYS,Malaysia,RES,CR+,CR/LDUAL/CDM+ERM/H:6-12/RES,URBAN,4442.0,10290210981.0,1815919585.0,550069.0,26385156.0,12106130566.0,11602756.0,159682.0,5940.0,390.0
MYS,Malaysia,COM,CR+,CR/LDUAL/CDM+ERM/H:>12/COM:3,TOTAL,311.0,1096487430.0,193497777.0,0.0,2332952.0,1289985215.0,1454264.0,0.0,7501.0,470.0
MYS,Malaysia,COM,CR+,CR/LDUAL/CDM+ERM/H:>12/COM:5B,TOTAL,269.0,505961571.0,89287337.0,0.0,1076514.0,595248906.0,671053.0,0.0,4002.0,470.0
MYS,Malaysia,RES,CR+,CR/LDUAL/CDM+ERM/H:>12/RES,URBAN,740.0,2858543902.0,504448924.0,152399.0,7329600.0,3362992825.0,3230945.0,44417.0,9905.0,390.0
MYS,Malaysia,COM,CR-,CR/LFINF/CDL+ERL/H:1/COM,TOTAL,4528.0,106400509.0,18776563.0,0.0,226384.0,125177065.0,133404.0,0.0,50.0,470.0
MYS,Malaysia,COM,CR-,CR/LFINF/CDL+ERL/H:1/COM:1,TOTAL,52014.0,1222323928.0,215704222.0,0.0,2600689.0,1438028140.0,1532536.0,0.0,50.0,470.0
MYS,Malaysia,COM,CR-,CR/LFINF/CDL+ERL/H:1/COM:2,TOTAL,9364.0,308066151.0,54364618.0,0.0,655460.0,362430778.0,386250.0,0.0,70.0,470.0
MYS,Malaysia,COM,CR-,CR/LFINF/CDL+ERL/H:1/COM:3,TOTAL,11703.0,275018240.0,48532626.0,0.0,585145.0,323550874.0,344815.0,0.0,50.0,470.0
MYS,Malaysia,COM,CR-,CR/LFINF/CDL+ERL/H:1/COM:5,TOTAL,44203.0,1246515071.0,219973246.0,0.0,2652160.0,1466488309.0,1562867.0,0.0,60.0,470.0
MYS,Malaysia,COM,CR-,CR/LFINF/CDL+ERL/H:1/COM:5B,TOTAL,608.0,85770601.0,15135986.0,0.0,182491.0,100906586.0,107538.0,0.0,300.0,470.0
MYS,Malaysia,RES,CR-,CR/LFINF/CDL+ERL/H:1/RES,URBAN,1325242.0,46516000238.0,8208705924.0,4847558.0,119271795.0,54724706164.0,47504661.0,1325242.0,90.0,390.0
MYS,Malaysia,RES,CR-,CR/LFINF/CDL+ERL/H:1/RES,RURAL,250776.0,5642467722.0,995729597.0,966659.0,22569871.0,6638197321.0,8989335.0,250776.0,90.0,250.0
MYS,Malaysia,RES,CR-,CR/LFINF/CDL+ERL/H:1/RES:2,RURAL,11593.0,521686944.0,92062402.0,89861.0,2086748.0,613749349.0,831129.0,23182.0,180.0,250.0
MYS,Malaysia,COM,CR-,CR/LFINF/CDL+ERL/H:2/COM,TOTAL,4506.0,105886296.0,18685819.0,0.0,225290.0,124572113.0,132845.0,0.0,50.0,470.0
MYS,Malaysia,COM,CR-,CR/LFINF/CDL+ERL/H:2/COM:1,TOTAL,13091.0,1230588302.0,217162639.0,0.0,2618273.0,1447750944.0,1543894.0,0.0,200.0,470.0
MYS,Malaysia,COM,CR-,CR/LFINF/CDL+ERL/H:2/COM:2,TOTAL,9259.0,304621136.0,53756674.0,0.0,648130.0,358377807.0,382177.0,0.0,70.0,470.0
MYS,Malaysia,COM,CR-,CR/LFINF/CDL+ERL/H:2/COM:3,TOTAL,2988.0,280862090.0,49563893.0,0.0,597579.0,330425993.0,352369.0,0.0,200.0,470.0
MYS,Malaysia,COM,CR-,CR/LFINF/CDL+ERL/H:2/COM:5,TOTAL,8247.0,930257028.0,164162999.0,0.0,1979270.0,1094420036.0,1167099.0,0.0,240.0,470.0
MYS,Malaysia,COM,CR-,CR/LFINF/CDL+ERL/H:2/COM:5B,TOTAL,865.0,121944647.0,21519646.0,0.0,259457.0,143464293.0,152992.0,0.0,300.0,470.0
MYS,Malaysia,RES,CR-,CR/LFINF/CDL+ERL/H:2/RES,RURAL,250310.0,8447952542.0,1490815154.0,964953.0,33791810.0,9938767696.0,13466962.0,250310.0,135.0,250.0
MYS,Malaysia,RES,CR-,CR/LFINF/CDL+ERL/H:2/RES,URBAN,1323647.0,69690008161.0,12298236735.0,4842441.0,178692329.0,81988244897.0,71213790.0,1323647.0,135.0,390.0
MYS,Malaysia,RES,CR-,CR/LFINF/CDL+ERL/H:2/RES:2,RURAL,14748.0,663679025.0,117119829.0,114343.0,2654716.0,780798851.0,1057977.0,29498.0,180.0,250.0
MYS,Malaysia,RES,CR-,CR/LFINF/CDL+ERL/H:2/RES:2,URBAN,19929.0,1398986353.0,246879946.0,146172.0,3587144.0,1645866296.0,1429575.0,39867.0,180.0,390.0
MYS,Malaysia,COM,CR-,CR/LFINF/CDL+ERL/H:3-5/COM:1,TOTAL,8691.0,3431367213.0,605535396.0,0.0,7300781.0,4036902604.0,4310542.0,0.0,840.0,470.0
MYS,Malaysia,COM,CR-,CR/LFINF/CDL+ERL/H:3-5/COM:3,TOTAL,2948.0,1108609847.0,195637037.0,0.0,2358744.0,1304246874.0,1392655.0,0.0,800.0,470.0
MYS,Malaysia,COM,CR-,CR/LFINF/CDL+ERL/H:3-5/COM:5,TOTAL,1424.0,428200811.0,75564850.0,0.0,911066.0,503765658.0,537914.0,0.0,640.0,470.0
MYS,Malaysia,COM,CR-,CR/LFINF/CDL+ERL/H:3-5/COM:5B,TOTAL,1466.0,689012502.0,121590441.0,0.0,1465984.0,810602951.0,865550.0,0.0,1000.0,470.0
MYS,Malaysia,RES,CR-,CR/LFINF/CDL+ERL/H:3/RES,URBAN,14151.0,1490128324.0,262963822.0,145663.0,3820842.0,1753092145.0,1523621.0,42454.0,270.0,390.0
MYS,Malaysia,RES,CR-,CR/LFINF/CDL+ERL/H:3/RES:2,URBAN,252299.0,26567109070.0,4688313366.0,2716558.0,68120792.0,31255422437.0,27164234.0,756898.0,270.0,390.0
MYS,Malaysia,RES,CR-,CR/LFINF/CDL+ERL/H:3/RES:2,RURAL,7591.0,512415042.0,90426183.0,88256.0,2049660.0,602841224.0,817334.0,22780.0,270.0,250.0
MYS,Malaysia,RES,CR-,CR/LFINF/CDL+ERL/H:4/RES,URBAN,70114.0,36094910181.0,6369690033.0,2005427.0,92551052.0,42464600213.0,36928234.0,560947.0,1320.0,390.0
MYS,Malaysia,RES,CR-,CR/LFINF/CDL+ERL/H:5/RES,URBAN,55995.0,45040614690.0,7948343769.0,2484609.0,115488756.0,52988958461.0,46107985.0,699922.0,2062.0,390.0
MYS,Malaysia,COM,CR-,CR/LFM/CDL+ERL/H:1-2/COM,TOTAL,4472.0,210195382.0,37093307.0,0.0,447224.0,247288680.0,263711.0,0.0,100.0,470.0
MYS,Malaysia,COM,CR-,CR/LFM/CDL+ERL/H:1-2/COM:2,TOTAL,36942.0,1215407869.0,214483736.0,0.0,2585974.0,1429891618.0,1524849.0,0.0,70.0,470.0
MYS,Malaysia,COM,CR-,CR/LFM/CDL+ERL/H:1-2/COM:3B,TOTAL,175.0,32861368.0,5799069.0,0.0,69918.0,38660437.0,41228.0,0.0,400.0,470.0
MYS,Malaysia,COM,CR-,CR/LFM/CDL+ERL/H:1-2/COM:5,TOTAL,10873.0,306617917.0,54109047.0,0.0,652379.0,360726966.0,384683.0,0.0,60.0,470.0
MYS,Malaysia,IND,CR-,CR/LFM/CDL+ERL/H:1-2/IND:1,TOTAL,8487.0,5957703012.0,1985901002.0,0.0,15276162.0,7943604005.0,9009207.0,0.0,1800.0,390.0
MYS,Malaysia,IND,CR-,CR/LFM/CDL+ERL/H:1-2/IND:2,TOTAL,14519.0,622844977.0,207614994.0,0.0,1597038.0,830459969.0,941863.0,0.0,110.0,390.0
MYS,Malaysia,IND,CR-,CR/LFM/CDL+ERL/H:1-2/IND:4,TOTAL,522.0,284758249.0,94919418.0,0.0,730149.0,379677665.0,430610.0,0.0,1399.0,390.0
MYS,Malaysia,IND,CR-,CR/LFM/CDL+ERL/H:1-2/IND:6,TOTAL,34710.0,1489057350.0,496352450.0,0.0,3818096.0,1985409801.0,2251745.0,0.0,110.0,390.0
MYS,Malaysia,COM,HYB,HYB(CR;W)/LFM/CDL+ERL/H:1/COM,TOTAL,9588.0,812525116.0,203131287.0,0.0,1728777.0,1015656407.0,1018736.0,0.0,180.0,470.0
MYS,Malaysia,IND,HYB,HYB(CR;W)/LFM/CDL+ERL/H:1/IND,TOTAL,1563.0,67072880.0,22357624.0,0.0,171982.0,89430507.0,101352.0,0.0,110.0,390.0
MYS,Malaysia,RES,HYB,HYB(CR;W)/LFM/CDL+ERL/H:1/RES,RURAL,217519.0,4078483072.0,1019620768.0,842379.0,16313932.0,5098103842.0,6497662.0,217519.0,75.0,250.0
MYS,Malaysia,RES,HYB,HYB(CR;W)/LFM/CDL+ERL/H:1/RES,URBAN,148298.0,4337715561.0,1084428891.0,557207.0,11122348.0,5422144454.0,4429910.0,148298.0,75.0,390.0
MYS,Malaysia,COM,HYB,HYB(W;M)/LFM/CDN+ERM/H:1/COM,TOTAL,28884.0,2662723671.0,665680912.0,0.0,5221027.0,3328404573.0,1152898.0,0.0,181.0,510.0
MYS,Malaysia,IND,HYB,HYB(W;M)/LFM/CDN+ERM/H:1/IND,TOTAL,4790.0,147546075.0,49182022.0,0.0,526950.0,196728102.0,113089.0,0.0,110.0,280.0
MYS,Malaysia,RES,HYB,HYB(W;M)/LFM/CDN+ERM/H:1/RES,RURAL,217125.0,3094029271.0,773507318.0,841170.0,16284365.0,3867536589.0,2011035.0,217125.0,75.0,190.0
MYS,Malaysia,RES,HYB,HYB(W;M)/LFM/CDN+ERM/H:1/RES,URBAN,147287.0,2872089444.0,718022361.0,553283.0,11046498.0,3590111806.0,1364186.0,147287.0,75.0,260.0
MYS,Malaysia,RES,OT,MATO/LO/CDN+ERN/H:1/RES,RURAL,120381.0,902853898.0,225713474.0,503306.0,9028539.0,1128567371.0,1114978.0,120381.0,75.0,100.0
MYS,Malaysia,RES,OT,MATO/LO/CDN+ERN/H:1/RES,URBAN,225437.0,1859854120.0,464963532.0,839557.0,16907765.0,2324817650.0,2088022.0,225437.0,75.0,110.0
MYS,Malaysia,COM,MUR,MUR/LWAL/CDN+ERN/H:1/COM,TOTAL,8115.0,121725187.0,30431293.0,0.0,405751.0,152156479.0,302265.0,0.0,50.0,300.0
MYS,Malaysia,COM,MUR,MUR/LWAL/CDN+ERN/H:1/COM:1,TOTAL,93881.0,1408217447.0,352054363.0,0.0,4694058.0,1760271805.0,3496850.0,0.0,50.0,300.0
MYS,Malaysia,COM,MUR,MUR/LWAL/CDN+ERN/H:1/COM:2,TOTAL,25133.0,527793105.0,131948282.0,0.0,1759310.0,659741379.0,1310603.0,0.0,70.0,300.0
MYS,Malaysia,COM,MUR,MUR/LWAL/CDN+ERN/H:1/COM:3,TOTAL,32195.0,482931121.0,120732780.0,0.0,1609770.0,603663905.0,1199203.0,0.0,50.0,300.0
MYS,Malaysia,COM,MUR,MUR/LWAL/CDN+ERN/H:1/COM:3B,TOTAL,192.0,23004196.0,5751049.0,0.0,76681.0,28755241.0,57124.0,0.0,399.0,300.0
MYS,Malaysia,COM,MUR,MUR/LWAL/CDN+ERN/H:1/COM:5,TOTAL,29629.0,533314318.0,133328580.0,0.0,1777714.0,666642894.0,1324313.0,0.0,60.0,300.0
MYS,Malaysia,COM,MUR,MUR/LWAL/CDN+ERN/H:1/COM:5B,TOTAL,753.0,67803441.0,16950859.0,0.0,226011.0,84754300.0,168368.0,0.0,300.0,300.0
MYS,Malaysia,IND,MUR,MUR/LWAL/CDN+ERN/H:1/IND:2,TOTAL,6702.0,184300497.0,61433495.0,0.0,737202.0,245733997.0,512115.0,0.0,110.0,250.0
MYS,Malaysia,IND,MUR,MUR/LWAL/CDN+ERN/H:1/IND:4,TOTAL,456.0,159596105.0,53198705.0,0.0,638384.0,212794804.0,443469.0,0.0,1400.0,250.0
MYS,Malaysia,IND,MUR,MUR/LWAL/CDN+ERN/H:1/IND:6,TOTAL,16075.0,442062592.0,147354198.0,0.0,1768250.0,589416797.0,1228357.0,0.0,110.0,250.0
MYS,Malaysia,RES,MUR,MUR/LWAL/CDN+ERN/H:1/RES,RURAL,340706.0,5110584505.0,1277646128.0,1317207.0,25552923.0,6388230633.0,14251881.0,340706.0,75.0,200.0
MYS,Malaysia,RES,MUR,MUR/LWAL/CDN+ERN/H:1/RES,URBAN,745470.0,16213979971.0,4053494992.0,2725649.0,55910276.0,20267474964.0,31183384.0,745470.0,75.0,290.0
MYS,Malaysia,COM,MUR,MUR/LWAL/CDN+ERN/H:2/COM:5B,TOTAL,266.0,23932758.0,5983190.0,0.0,79776.0,29915948.0,59459.0,0.0,300.0,300.0
MYS,Malaysia,RES,MUR,MUR/LWAL/CDN+ERN/H:2/RES,RURAL,314864.0,7084432258.0,1771108064.0,1211068.0,35422161.0,8855540321.0,19765584.0,314864.0,112.0,200.0
MYS,Malaysia,RES,MUR,MUR/LWAL/CDN+ERN/H:2/RES,URBAN,745650.0,24326825084.0,6081706270.0,2726237.0,83885604.0,30408531356.0,46808211.0,745650.0,112.0,290.0
MYS,Malaysia,RES,MUR,MUR/LWAL/CDN+ERN/H:2/RES:2,URBAN,15406.0,670165199.0,167541300.0,113754.0,2310914.0,837706500.0,1289492.0,30814.0,150.0,290.0
MYS,Malaysia,RES,MUR,MUR/LWAL/CDN+ERN/H:2/RES:2,RURAL,3260.0,97800049.0,24450012.0,25438.0,489000.0,122250063.0,272862.0,6519.0,150.0,200.0
MYS,Malaysia,COM,S,S/LFM/CDL+ERL/H:1-2/COM:2,TOTAL,9223.0,433487675.0,108371920.0,0.0,922314.0,541859595.0,379831.0,0.0,100.0,470.0
MYS,Malaysia,COM,S,S/LFM/CDL+ERL/H:1-2/COM:3B,TOTAL,44.0,20903573.0,5225892.0,0.0,44476.0,26129468.0,18316.0,0.0,1011.0,470.0
MYS,Malaysia,IND,S,S/LFM/CDL+ERL/H:1-2/IND:1,TOTAL,3547.0,3043652819.0,1304422635.0,0.0,7804238.0,4348075457.0,3029372.0,0.0,2200.0,390.0
MYS,Malaysia,IND,S,S/LFM/CDL+ERL/H:1-2/IND:2,TOTAL,7194.0,757515199.0,324649368.0,0.0,1942347.0,1082164563.0,753961.0,0.0,270.0,390.0
MYS,Malaysia,IND,S,S/LFM/CDL+ERL/H:1-2/IND:6,TOTAL,5810.0,498466880.0,213628663.0,0.0,1278120.0,712095540.0,496128.0,0.0,220.0,390.0
MYS,Malaysia,RES,W,W+WO/LN/CDN+ERM/H:1/RES,RURAL,464482.0,6618872144.0,1654718036.0,2090178.0,34836169.0,8273590179.0,4302088.0,464482.0,75.0,190.0
MYS,Malaysia,RES,W,W+WO/LN/CDN+ERM/H:1/RES,URBAN,227571.0,4437639751.0,1109409937.0,1026334.0,17067845.0,5547049688.0,2107791.0,227571.0,75.0,260.0
MYS,Malaysia,RES,W,W+WO/LN/CDN+ERM/H:1/RES:2,RURAL,653.0,18617913.0,4654479.0,5442.0,97989.0,23272396.0,12101.0,1310.0,150.0,190.0
MYS,Malaysia,RES,W,W+WO/LN/CDN+ERM/H:1/RES:2,URBAN,552.0,21538248.0,5384563.0,4635.0,82839.0,26922809.0,10230.0,1104.0,150.0,260.0
MYS,Malaysia,RES,W,W/LFM/CDL+ERM/H:1/RES,RURAL,46457.0,662006407.0,165501601.0,210873.0,3484244.0,827508011.0,430286.0,46457.0,75.0,190.0
MYS,Malaysia,RES,W,W/LFM/CDL+ERM/H:1/RES,URBAN,57692.0,1124986958.0,281246739.0,259402.0,4326873.0,1406233692.0,534347.0,57692.0,75.0,260.0
MYS,Malaysia,RES,W,W/LFM/CDL+ERM/H:1/RES:2,URBAN,513.0,20015530.0,5003884.0,4259.0,76983.0,25019410.0,9507.0,1023.0,150.0,260.0
MYS,Malaysia,RES,W,W/LFM/CDL+ERM/H:1/RES:2,RURAL,656.0,18684195.0,4671051.0,5491.0,98338.0,23355246.0,12144.0,1310.0,150.0,190.0
MYS,Malaysia,COM,W,W/LPB/CDN+ERL/H:1-2/COM,TOTAL,377.0,19235693.0,6411897.0,0.0,37717.0,25647586.0,8332.0,0.0,100.0,510.0
MYS,Malaysia,COM,W,W/LPB/CDN+ERL/H:1-2/COM:1,TOTAL,8560.0,218288056.0,72762686.0,0.0,428016.0,291050740.0,94554.0,0.0,50.0,510.0
MYS,Malaysia,COM,W,W/LPB/CDN+ERL/H:1-2/COM:5,TOTAL,3641.0,111421576.0,37140522.0,0.0,218474.0,148562100.0,48264.0,0.0,60.0,510.0
MYS,Malaysia,IND,W,W/LPB/CDN+ERL/H:1-2/IND:4,TOTAL,17.0,6827019.0,3676087.0,0.0,24382.0,10503105.0,5236.0,0.0,1434.0,280.0
MYS,Malaysia,COM,W,W/LPB/CDN+ERM/H:1-2/COM,TOTAL,3261.0,166288073.0,55429360.0,0.0,326055.0,221717415.0,72030.0,0.0,100.0,510.0
MYS,Malaysia,COM,W,W/LPB/CDN+ERM/H:1-2/COM:1,TOTAL,76670.0,1955084503.0,651694836.0,0.0,3833499.0,2606779345.0,846863.0,0.0,50.0,510.0
MYS,Malaysia,COM,W,W/LPB/CDN+ERM/H:1-2/COM:5,TOTAL,32088.0,981887255.0,327295755.0,0.0,1925269.0,1309183002.0,425314.0,0.0,60.0,510.0
MYS,Malaysia,IND,W,W/LPB/CDN+ERM/H:1-2/IND:4,TOTAL,195.0,76523896.0,41205171.0,0.0,273300.0,117729062.0,58691.0,0.0,1402.0,280.0
MMR,Myanmar,COM,CR-,CR/LDUAL/CDL+ERL/H:6-12/COM:3,TOTAL,75.0,264117074.0,46608896.0,0.0,377310.0,310725971.0,234588.0,0.0,5031.0,700.0
MMR,Myanmar,COM,CR-,CR/LDUAL/CDL+ERL/H:6-12/COM:5B,TOTAL,250.0,1200170042.0,211794715.0,0.0,1500213.0,1411964757.0,932737.0,0.0,6001.0,800.0
MMR,Myanmar,RES,CR-,CR/LDUAL/CDL+ERL/H:6-12/RES,URBAN,1686.0,5096088736.0,899309778.0,277998.0,7280127.0,5995398513.0,3201404.0,60503.0,4318.0,700.0
MMR,Myanmar,COM,CR+,CR/LDUAL/CDM+ERM/H:6-12/COM:3,TOTAL,88.0,308346948.0,54414166.0,0.0,440496.0,362761114.0,273872.0,0.0,5006.0,700.0
MMR,Myanmar,COM,CR+,CR/LDUAL/CDM+ERM/H:6-12/COM:5B,TOTAL,206.0,989713894.0,174655393.0,0.0,1237142.0,1164369289.0,769177.0,0.0,6006.0,800.0
MMR,Myanmar,COM,CR+,CR/LDUAL/CDM+ERM/H:>12/COM:3,TOTAL,81.0,424593559.0,74928277.0,0.0,606562.0,499521835.0,378105.0,0.0,7488.0,700.0
MMR,Myanmar,COM,CR+,CR/LDUAL/CDM+ERM/H:>12/COM:5B,TOTAL,1206.0,5788755306.0,1021545054.0,0.0,7235944.0,6810300361.0,4510581.0,0.0,6000.0,800.0
MMR,Myanmar,COM,CR-,CR/LFINF/CDL+ERL/H:1/COM,TOTAL,815.0,6521203.0,1150800.0,0.0,40758.0,7672006.0,24018.0,0.0,50.0,160.0
MMR,Myanmar,COM,CR-,CR/LFINF/CDL+ERL/H:1/COM:1,TOTAL,6750.0,219367759.0,38711956.0,0.0,337489.0,258079717.0,198876.0,0.0,50.0,650.0
MMR,Myanmar,COM,CR-,CR/LFINF/CDL+ERL/H:1/COM:3,TOTAL,628.0,21971167.0,3877264.0,0.0,31387.0,25848431.0,18496.0,0.0,50.0,700.0
MMR,Myanmar,COM,CR-,CR/LFINF/CDL+ERL/H:1/COM:5,TOTAL,5150.0,98879633.0,17449346.0,0.0,308999.0,116328980.0,182087.0,0.0,60.0,320.0
MMR,Myanmar,COM,CR-,CR/LFINF/CDL+ERL/H:1/COM:5B,TOTAL,422.0,101271863.0,17871505.0,0.0,126590.0,119143368.0,74597.0,0.0,300.0,800.0
MMR,Myanmar,RES,CR-,CR/LFINF/CDL+ERL/H:1/RES,URBAN,43648.0,1396735879.0,246482809.0,196063.0,3491840.0,1643218717.0,1390765.0,43648.0,80.0,400.0
MMR,Myanmar,COM,CR-,CR/LFINF/CDL+ERL/H:2/COM,TOTAL,880.0,7036768.0,1241783.0,0.0,43980.0,8278550.0,25933.0,0.0,50.0,160.0
MMR,Myanmar,COM,CR-,CR/LFINF/CDL+ERL/H:2/COM:1,TOTAL,1631.0,212068996.0,37423940.0,0.0,326260.0,249492939.0,192383.0,0.0,200.0,650.0
MMR,Myanmar,COM,CR-,CR/LFINF/CDL+ERL/H:2/COM:3,TOTAL,170.0,23825003.0,4204411.0,0.0,34036.0,28029416.0,20070.0,0.0,200.0,700.0
MMR,Myanmar,COM,CR-,CR/LFINF/CDL+ERL/H:2/COM:5,TOTAL,869.0,66772873.0,11783448.0,0.0,208665.0,78556322.0,123042.0,0.0,240.0,320.0
MMR,Myanmar,COM,CR-,CR/LFINF/CDL+ERL/H:2/COM:5B,TOTAL,451.0,108354457.0,19121376.0,0.0,135443.0,127475836.0,79866.0,0.0,300.0,800.0
MMR,Myanmar,RES,CR-,CR/LFINF/CDL+ERL/H:2/RES,URBAN,149475.0,7174815662.0,1266143933.0,664832.0,17937039.0,8440959665.0,7148406.0,149475.0,120.0,400.0
MMR,Myanmar,RES,CR-,CR/LFINF/CDL+ERL/H:2/RES,RURAL,38014.0,1824661546.0,321999097.0,167604.0,4561654.0,2146660643.0,1817945.0,38014.0,120.0,400.0
MMR,Myanmar,COM,CR-,CR/LFINF/CDL+ERL/H:3-5/COM:1,TOTAL,500.0,273064552.0,48187862.0,0.0,420099.0,321252412.0,248036.0,0.0,840.0,650.0
MMR,Myanmar,COM,CR-,CR/LFINF/CDL+ERL/H:3-5/COM:3,TOTAL,158.0,88214799.0,15567318.0,0.0,126021.0,103782115.0,74406.0,0.0,798.0,700.0
MMR,Myanmar,COM,CR-,CR/LFINF/CDL+ERL/H:3-5/COM:5,TOTAL,200.0,40989367.0,7233418.0,0.0,128092.0,48222786.0,75628.0,0.0,640.0,320.0
MMR,Myanmar,COM,CR-,CR/LFINF/CDL+ERL/H:3-5/COM:5B,TOTAL,748.0,598285358.0,105579770.0,0.0,747857.0,703865125.0,441551.0,0.0,1000.0,800.0
MMR,Myanmar,RES,CR-,CR/LFINF/CDL+ERL/H:3/RES,URBAN,33368.0,3205718736.0,565715063.0,447923.0,8014297.0,3771433849.0,3195830.0,99698.0,240.0,400.0
MMR,Myanmar,RES,CR-,CR/LFINF/CDL+ERL/H:4/RES,URBAN,6207.0,4169266289.0,735752877.0,228026.0,5956095.0,4905019157.0,2376505.0,49617.0,960.0,700.0
MMR,Myanmar,RES,CR-,CR/LFINF/CDL+ERL/H:5/RES,URBAN,5142.0,5398427755.0,952663723.0,294964.0,7712040.0,6351091481.0,3078972.0,64285.0,1500.0,700.0
MMR,Myanmar,COM,CR+,CR/LFINF/CDM+ERM/H:3-5/COM:1,TOTAL,95.0,51838925.0,9148046.0,0.0,79752.0,60986972.0,47087.0,0.0,839.0,650.0
MMR,Myanmar,COM,CR+,CR/LFINF/CDM+ERM/H:3-5/COM:3,TOTAL,42.0,23722916.0,4186397.0,0.0,33890.0,27909313.0,20009.0,0.0,807.0,700.0
MMR,Myanmar,COM,CR+,CR/LFINF/CDM+ERM/H:3-5/COM:5,TOTAL,51.0,10477435.0,1848960.0,0.0,32742.0,12326393.0,19332.0,0.0,642.0,320.0
MMR,Myanmar,COM,CR+,CR/LFINF/CDM+ERM/H:3-5/COM:5B,TOTAL,128.0,102263470.0,18046496.0,0.0,127829.0,120309964.0,75473.0,0.0,999.0,800.0
MMR,Myanmar,COM,CR-,CR/LFM/CDL+ERL/H:1-2/COM:2,TOTAL,2059.0,79287283.0,13991873.0,0.0,144159.0,93279158.0,85005.0,0.0,70.0,550.0
MMR,Myanmar,IND,CR-,CR/LFM/CDL+ERL/H:1-2/IND:1,TOTAL,13244.0,1483366759.0,494455587.0,0.0,9271042.0,1977822344.0,5467652.0,0.0,700.0,160.0
MMR,Myanmar,IND,CR-,CR/LFM/CDL+ERL/H:1-2/IND:2,TOTAL,14195.0,191638802.0,63879602.0,0.0,1277592.0,255518401.0,753468.0,0.0,90.0,150.0
MMR,Myanmar,IND,CR-,CR/LFM/CDL+ERL/H:1-2/IND:6,TOTAL,46.0,410140.0,136714.0,0.0,2734.0,546853.0,1613.0,0.0,59.0,150.0
MMR,Myanmar,RES,ADO|ST|E,EU/LWAL/CDN+ERN/H:1/RES,RURAL,19928.0,99640731.0,24910191.0,95613.0,996407.0,124550878.0,97570.0,19928.0,50.0,100.0
MMR,Myanmar,RES,ADO|ST|E,EU/LWAL/CDN+ERN/H:1/RES,URBAN,4690.0,23450940.0,5862726.0,20076.0,234509.0,29313644.0,22965.0,4690.0,50.0,100.0
MMR,Myanmar,COM,HYB,HYB(CR;W)/LFM/CDL+ERL/H:1/COM,TOTAL,1334.0,112284274.0,28071067.0,0.0,249873.0,140355340.0,147246.0,0.0,187.0,449.0
MMR,Myanmar,IND,HYB,HYB(CR;W)/LFM/CDL+ERL/H:1/IND,TOTAL,2066.0,27884621.0,9294873.0,0.0,185897.0,37179493.0,109552.0,0.0,90.0,150.0
MMR,Myanmar,RES,HYB,HYB(W;M)/LFM/CDN+ERL/H:1/RES,URBAN,191236.0,956178232.0,239044546.0,840841.0,9561783.0,1195222679.0,136815.0,191236.0,50.0,100.0
MMR,Myanmar,RES,HYB,HYB(W;M)/LFM/CDN+ERL/H:1/RES,RURAL,395523.0,1977616906.0,494404222.0,1653151.0,19776169.0,2472021018.0,282952.0,395523.0,50.0,100.0
MMR,Myanmar,RES,HYB,HYB(W;M)/LFM/CDN+ERL/H:2/RES,URBAN,115644.0,867329370.0,216832334.0,514144.0,8673293.0,1084161643.0,124168.0,115644.0,75.0,100.0
MMR,Myanmar,RES,HYB,HYB(W;M)/LFM/CDN+ERL/H:2/RES,RURAL,28918.0,216885163.0,54221283.0,127192.0,2168851.0,271106424.0,31050.0,28918.0,75.0,100.0
MMR,Myanmar,COM,HYB,HYB(W;M)/LFM/CDN+ERM/H:1/COM,TOTAL,1306.0,111770299.0,27942574.0,0.0,248040.0,139712876.0,3549.0,0.0,190.0,451.0
MMR,Myanmar,IND,HYB,HYB(W;M)/LFM/CDN+ERM/H:1/IND,TOTAL,2010.0,27134509.0,9044837.0,0.0,180897.0,36179344.0,2588.0,0.0,90.0,150.0
MMR,Myanmar,RES,OT,MATO/LO/CDN+ERN/H:1/RES,RURAL,44491.0,222454678.0,55613692.0,183724.0,2224547.0,278068259.0,91028.0,44491.0,50.0,100.0
MMR,Myanmar,RES,OT,MATO/LO/CDN+ERN/H:1/RES,URBAN,13420.0,67098802.0,16774658.0,59763.0,670988.0,83873416.0,27460.0,13420.0,50.0,100.0
MMR,Myanmar,COM,MUR,MUR/LWAL/CDN+ERN/H:1/COM,TOTAL,1970.0,15756626.0,3939157.0,0.0,98479.0,19695787.0,72696.0,0.0,50.0,160.0
MMR,Myanmar,COM,MUR,MUR/LWAL/CDN+ERN/H:1/COM:1,TOTAL,10019.0,325619585.0,81404896.0,0.0,500953.0,407024483.0,369795.0,0.0,50.0,650.0
MMR,Myanmar,COM,MUR,MUR/LWAL/CDN+ERN/H:1/COM:2,TOTAL,3144.0,121048047.0,30262013.0,0.0,220087.0,151310059.0,162465.0,0.0,70.0,550.0
MMR,Myanmar,COM,MUR,MUR/LWAL/CDN+ERN/H:1/COM:3,TOTAL,1468.0,51394826.0,12848707.0,0.0,73421.0,64243530.0,54198.0,0.0,50.0,700.0
MMR,Myanmar,COM,MUR,MUR/LWAL/CDN+ERN/H:1/COM:5,TOTAL,8015.0,153889831.0,38472457.0,0.0,480906.0,192362290.0,354997.0,0.0,60.0,320.0
MMR,Myanmar,COM,MUR,MUR/LWAL/CDN+ERN/H:1/COM:5B,TOTAL,831.0,199343058.0,49835764.0,0.0,249179.0,249178821.0,183940.0,0.0,300.0,800.0
MMR,Myanmar,IND,MUR,MUR/LWAL/CDN+ERN/H:1/IND:2,TOTAL,23698.0,319920670.0,106640224.0,0.0,2132804.0,426560892.0,1453838.0,0.0,90.0,150.0
MMR,Myanmar,IND,MUR,MUR/LWAL/CDN+ERN/H:1/IND:4,TOTAL,340.0,6116068.0,2038690.0,0.0,30580.0,8154754.0,20845.0,0.0,90.0,200.0
MMR,Myanmar,IND,MUR,MUR/LWAL/CDN+ERN/H:1/IND:6,TOTAL,162.0,1454186.0,484730.0,0.0,9695.0,1938914.0,6608.0,0.0,60.0,150.0
MMR,Myanmar,RES,MUR,MUR/LWAL/CDN+ERN/H:1/RES,RURAL,507021.0,2535103459.0,633775831.0,2118504.0,25351035.0,3168879231.0,13873726.0,507021.0,50.0,100.0
MMR,Myanmar,RES,MUR,MUR/LWAL/CDN+ERN/H:1/RES,URBAN,259482.0,1297409994.0,324352492.0,1139405.0,12974100.0,1621762434.0,7100271.0,259482.0,50.0,100.0
MMR,Myanmar,COM,MUR,MUR/LWAL/CDN+ERN/H:2/COM:5B,TOTAL,185.0,44419856.0,11104962.0,0.0,55525.0,55524817.0,41007.0,0.0,300.0,800.0
MMR,Myanmar,RES,MUR,MUR/LWAL/CDN+ERN/H:2/RES,RURAL,63560.0,476703403.0,119175858.0,280429.0,4767034.0,595879255.0,2610007.0,63560.0,75.0,100.0
MMR,Myanmar,RES,MUR,MUR/LWAL/CDN+ERN/H:2/RES,URBAN,263216.0,1974117177.0,493529316.0,1174579.0,19741172.0,2467646434.0,10808524.0,263216.0,75.0,100.0
MMR,Myanmar,RES,MUR,MUR/LWAL/CDN+ERN/H:3/RES,URBAN,21492.0,322375142.0,80593787.0,296192.0,3223751.0,402968923.0,1765838.0,64454.0,150.0,100.0
MMR,Myanmar,COM,S,S/LFM/CDL+ERL/H:1-2/COM:2,TOTAL,1780.0,97921381.0,24480346.0,0.0,178039.0,122401727.0,73321.0,0.0,100.0,550.0
MMR,Myanmar,IND,S,S/LFM/CDL+ERL/H:1-2/IND:1,TOTAL,5270.0,758896201.0,325241230.0,0.0,4743101.0,1084137430.0,1841130.0,0.0,900.0,160.0
MMR,Myanmar,IND,S,S/LFM/CDL+ERL/H:1-2/IND:2,TOTAL,7640.0,137513528.0,58934369.0,0.0,916757.0,196447898.0,355858.0,0.0,120.0,150.0
MMR,Myanmar,IND,S,S/LFM/CDL+ERL/H:1-2/IND:6,TOTAL,16.0,192661.0,82568.0,0.0,1284.0,275228.0,499.0,0.0,80.0,150.0
MMR,Myanmar,COM,S,S/LFM/CDM+ERM/H:1-2/COM:2,TOTAL,230.0,12623563.0,3155890.0,0.0,22952.0,15779454.0,9452.0,0.0,100.0,550.0
MMR,Myanmar,IND,S,S/LFM/CDM+ERM/H:1-2/IND:1,TOTAL,556.0,80126966.0,34340131.0,0.0,500794.0,114467094.0,194393.0,0.0,901.0,160.0
MMR,Myanmar,IND,S,S/LFM/CDM+ERM/H:1-2/IND:2,TOTAL,843.0,15169426.0,6501181.0,0.0,101130.0,21670608.0,39255.0,0.0,120.0,150.0
MMR,Myanmar,RES,W,W+WBB/LPB/CDN+ERM/H:1/RES,RURAL,5013068.0,25065341259.0,6266335292.0,20962742.0,250653412.0,31331676126.0,7635825.0,5013068.0,50.0,100.0
MMR,Myanmar,RES,W,W+WBB/LPB/CDN+ERM/H:1/RES,URBAN,1174049.0,5870244066.0,1467560934.0,5212310.0,58702441.0,7337804799.0,1788311.0,1174049.0,50.0,100.0
MMR,Myanmar,RES,W,W+WO/LN/CDN+ERM/H:1/RES,RURAL,1293354.0,6466770856.0,1616692645.0,5279746.0,64667708.0,8083463202.0,7986161.0,1293354.0,50.0,100.0
MMR,Myanmar,RES,W,W+WO/LN/CDN+ERM/H:1/RES,URBAN,348124.0,1740621177.0,435155191.0,1502970.0,17406212.0,2175776225.0,2149600.0,348124.0,50.0,100.0
MMR,Myanmar,RES,W,W/LFM/CDL+ERM/H:1/RES,URBAN,557265.0,2786324559.0,696581122.0,2443639.0,27863246.0,3482905647.0,3440982.0,557265.0,50.0,100.0
MMR,Myanmar,RES,W,W/LFM/CDL+ERM/H:1/RES,RURAL,1842080.0,9210401192.0,2302600291.0,7807621.0,92104012.0,11513001435.0,11374389.0,1842080.0,50.0,100.0
MMR,Myanmar,RES,W,W/LFM/CDL+ERM/H:2/RES,URBAN,193243.0,1449322520.0,362330610.0,851360.0,14493225.0,1811653103.0,1790861.0,193243.0,75.0,100.0
MMR,Myanmar,RES,W,W/LFM/CDL+ERM/H:2/RES,RURAL,2175.0,16311069.0,4077767.0,9239.0,163111.0,20388816.0,20156.0,2175.0,75.0,100.0
MMR,Myanmar,COM,W,W/LPB/CDN+ERL/H:1-2/COM,TOTAL,196.0,3140042.0,1046681.0,0.0,19625.0,4186723.0,4335.0,0.0,100.0,160.0
MMR,Myanmar,COM,W,W/LPB/CDN+ERL/H:1-2/COM:1,TOTAL,2970.0,96529871.0,32176622.0,0.0,148507.0,128706493.0,32807.0,0.0,50.0,650.0
MMR,Myanmar,COM,W,W/LPB/CDN+ERL/H:1-2/COM:2,TOTAL,1380.0,53130024.0,17710007.0,0.0,96600.0,70840035.0,21340.0,0.0,70.0,550.0
MMR,Myanmar,COM,W,W/LPB/CDN+ERL/H:1-2/COM:5,TOTAL,794.0,15248986.0,5082995.0,0.0,47653.0,20331982.0,10527.0,0.0,60.0,320.0
MMR,Myanmar,IND,W,W/LPB/CDN+ERL/H:1-2/IND:4,TOTAL,59.0,1053231.0,702154.0,0.0,5266.0,1755388.0,1131.0,0.0,89.0,200.0
MMR,Myanmar,COM,W,W/LPB/CDN+ERM/H:1-2/COM,TOTAL,780.0,12483572.0,4161193.0,0.0,78022.0,16644762.0,17236.0,0.0,100.0,160.0
MMR,Myanmar,COM,W,W/LPB/CDN+ERM/H:1-2/COM:1,TOTAL,12162.0,395269640.0,131756547.0,0.0,608107.0,527026185.0,134338.0,0.0,50.0,650.0
MMR,Myanmar,COM,W,W/LPB/CDN+ERM/H:1-2/COM:2,TOTAL,5512.0,212216529.0,70738844.0,0.0,385848.0,282955368.0,85238.0,0.0,70.0,550.0
MMR,Myanmar,COM,W,W/LPB/CDN+ERM/H:1-2/COM:5,TOTAL,3276.0,62900990.0,20966997.0,0.0,196566.0,83867988.0,43424.0,0.0,60.0,320.0
MMR,Myanmar,IND,W,W/LPB/CDN+ERM/H:1-2/IND:4,TOTAL,199.0,3589066.0,2392711.0,0.0,17945.0,5981776.0,3854.0,0.0,90.0,200.0
PHL,Philippines,RES,CR+,CR/LDUAL/CDH+ERH/H:>10/RES,URBAN,704.0,1430742925.0,252484037.0,100237.0,1948245.0,1683226965.0,857767.0,42197.0,2767.0,734.0
PHL,Philippines,RES,CR-,CR/LDUAL/CDL+ERL/H:>10/RES,URBAN,53.0,161411099.0,28484312.0,9619.0,222525.0,189895411.0,97973.0,3163.0,4199.0,725.0
PHL,Philippines,COM,CR-,CR/LDUAL/CDL+ERM/H:5-10/COM:3,TOTAL,40.0,159330223.0,28117098.0,0.0,201429.0,187447322.0,125154.0,0.0,5036.0,791.0
PHL,Philippines,RES,CR-,CR/LDUAL/CDL+ERM/H:>10/RES,URBAN,4139.0,4913469963.0,867082939.0,528195.0,6681215.0,5780552902.0,2941584.0,248227.0,1614.0,735.0
PHL,Philippines,COM,CR+,CR/LDUAL/CDM+ERM/H:5-10/COM:3,TOTAL,27.0,105128436.0,18552077.0,0.0,132906.0,123680514.0,82579.0,0.0,4922.0,791.0
PHL,Philippines,COM,CR+,CR/LDUAL/CDM+ERM/H:>10/COM:3,TOTAL,33.0,198555528.0,35039211.0,0.0,251018.0,233594739.0,156271.0,0.0,7607.0,791.0
PHL,Philippines,RES,CR+,CR/LDUAL/CDM+ERM/H:>10/RES,URBAN,1262.0,1612454393.0,284550777.0,150257.0,2242301.0,1897005169.0,987233.0,75673.0,1777.0,719.0
PHL,Philippines,RES,CR+,CR/LFINF/CDH+ERH/H:1/RES,RURAL,935371.0,17786892894.0,3138863476.0,3762648.0,45261043.0,20925756113.0,18027078.0,960360.0,48.0,393.0
PHL,Philippines,RES,CR+,CR/LFINF/CDH+ERH/H:1/RES,URBAN,1188675.0,28974753763.0,5113191891.0,5183293.0,73022416.0,34087945746.0,29084061.0,1379587.0,61.0,397.0
PHL,Philippines,RES,CR+,CR/LFINF/CDH+ERH/H:2/RES,RURAL,97996.0,3250790322.0,573669104.0,419499.0,8276428.0,3824458876.0,3298463.0,104743.0,84.0,393.0
PHL,Philippines,RES,CR+,CR/LFINF/CDH+ERH/H:2/RES,URBAN,363498.0,14099808587.0,2488201498.0,1827683.0,35245809.0,16588010100.0,14046446.0,498281.0,97.0,400.0
PHL,Philippines,RES,CR+,CR/LFINF/CDH+ERH/H:3/RES,RURAL,5863.0,279317438.0,49291480.0,24993.0,712944.0,328608784.0,284314.0,6672.0,122.0,392.0
PHL,Philippines,RES,CR+,CR/LFINF/CDH+ERH/H:3/RES,URBAN,54749.0,2207735445.0,389600325.0,306252.0,5464579.0,2597335796.0,2179103.0,81922.0,100.0,404.0
PHL,Philippines,RES,CR+,CR/LFINF/CDH+ERH/H:4/RES,URBAN,7825.0,872262729.0,153928684.0,81333.0,1296955.0,1026191462.0,517497.0,23131.0,166.0,673.0
PHL,Philippines,RES,CR+,CR/LFINF/CDH+ERH/H:4/RES,RURAL,474.0,65226502.0,11510565.0,3462.0,94144.0,76737058.0,37566.0,1099.0,199.0,693.0
PHL,Philippines,RES,CR+,CR/LFINF/CDH+ERH/H:5-10/RES,RURAL,14.0,17789720.0,3139363.0,1134.0,25470.0,20929086.0,10187.0,491.0,1819.0,698.0
PHL,Philippines,RES,CR+,CR/LFINF/CDH+ERH/H:5-10/RES,URBAN,958.0,1026811151.0,181201974.0,122181.0,1481996.0,1208013122.0,592736.0,34082.0,1547.0,693.0
PHL,Philippines,RES,CR+,CR/LFINF/CDH+ERM/H:1/RES,RURAL,7464.0,119904675.0,21159628.0,33241.0,305221.0,141064317.0,121568.0,7504.0,41.0,393.0
PHL,Philippines,RES,CR+,CR/LFINF/CDH+ERM/H:1/RES,URBAN,13882.0,297977188.0,52584218.0,59946.0,752492.0,350561403.0,299710.0,14551.0,54.0,396.0
PHL,Philippines,RES,CR+,CR/LFINF/CDH+ERM/H:2/RES,RURAL,593.0,14045262.0,2478554.0,2731.0,35744.0,16523830.0,14246.0,615.0,60.0,393.0
PHL,Philippines,RES,CR+,CR/LFINF/CDH+ERM/H:2/RES,URBAN,2075.0,69685615.0,12297458.0,8978.0,174518.0,81983093.0,69550.0,2385.0,84.0,399.0
PHL,Philippines,RES,CR+,CR/LFINF/CDH+ERM/H:3/RES,URBAN,111.0,5308044.0,936720.0,556.0,12915.0,6244751.0,5150.0,152.0,116.0,411.0
PHL,Philippines,COM,CR-,CR/LFINF/CDL+ERL/H:1/COM:1,TOTAL,1469.0,24893897.0,4393040.0,0.0,73433.0,29286937.0,43273.0,0.0,50.0,339.0
PHL,Philippines,COM,CR-,CR/LFINF/CDL+ERL/H:1/COM:3,TOTAL,530.0,20964353.0,3699592.0,0.0,26504.0,24663944.0,15618.0,0.0,50.0,791.0
PHL,Philippines,RES,CR-,CR/LFINF/CDL+ERL/H:1/RES,URBAN,5568.0,95394932.0,16834401.0,24621.0,242134.0,112229337.0,96440.0,6917.0,43.0,394.0
PHL,Philippines,RES,CR-,CR/LFINF/CDL+ERL/H:1/RES,RURAL,1488.0,20395486.0,3599194.0,6347.0,52282.0,23994686.0,20824.0,1683.0,35.0,390.0
PHL,Philippines,COM,CR-,CR/LFINF/CDL+ERL/H:2/COM:1,TOTAL,551.0,37339628.0,6589346.0,0.0,110146.0,43928974.0,64949.0,0.0,200.0,339.0
PHL,Philippines,COM,CR-,CR/LFINF/CDL+ERL/H:2/COM:3,TOTAL,66.0,10510370.0,1854771.0,0.0,13287.0,12365140.0,7835.0,0.0,201.0,791.0
PHL,Philippines,RES,CR-,CR/LFINF/CDL+ERL/H:2/RES,RURAL,151.0,3096594.0,546450.0,705.0,7962.0,3643034.0,3173.0,191.0,53.0,389.0
PHL,Philippines,RES,CR-,CR/LFINF/CDL+ERL/H:2/RES,URBAN,1170.0,28345783.0,5002196.0,6570.0,72039.0,33347975.0,28710.0,1973.0,62.0,393.0
PHL,Philippines,RES,CR-,CR/LFINF/CDL+ERL/H:3/RES,URBAN,80.0,2550252.0,450044.0,561.0,6553.0,3000306.0,2613.0,186.0,82.0,389.0
PHL,Philippines,COM,CR-,CR/LFINF/CDL+ERM/H:1/COM:1,TOTAL,60394.0,1023677309.0,180648939.0,0.0,3019697.0,1204326246.0,1779449.0,0.0,50.0,339.0
PHL,Philippines,COM,CR-,CR/LFINF/CDL+ERM/H:1/COM:3,TOTAL,25196.0,996496556.0,175852333.0,0.0,1259793.0,1172348888.0,742372.0,0.0,50.0,791.0
PHL,Philippines,COM,CR-,CR/LFINF/CDL+ERM/H:1/COM:5,TOTAL,70.0,2145623.0,378638.0,0.0,4215.0,2524262.0,2484.0,0.0,60.0,509.0
PHL,Philippines,RES,CR-,CR/LFINF/CDL+ERM/H:1/RES,URBAN,714404.0,14836760508.0,2618251767.0,3370760.0,37489654.0,17455012370.0,14931748.0,921192.0,52.0,396.0
PHL,Philippines,RES,CR-,CR/LFINF/CDL+ERM/H:1/RES,RURAL,315860.0,5179773506.0,914077877.0,1309853.0,13218844.0,6093851016.0,5265008.0,360883.0,42.0,392.0
PHL,Philippines,COM,CR-,CR/LFINF/CDL+ERM/H:2/COM:1,TOTAL,22662.0,1536453676.0,271138884.0,0.0,4532312.0,1807592555.0,2672528.0,0.0,200.0,339.0
PHL,Philippines,COM,CR-,CR/LFINF/CDL+ERM/H:2/COM:3,TOTAL,3205.0,507105876.0,89489273.0,0.0,641095.0,596595143.0,378029.0,0.0,200.0,791.0
PHL,Philippines,COM,CR-,CR/LFINF/CDL+ERM/H:2/COM:5,TOTAL,339.0,112201121.0,19800197.0,0.0,100950.0,132001318.0,59526.0,0.0,298.0,1111.0
PHL,Philippines,RES,CR-,CR/LFINF/CDL+ERM/H:2/RES,RURAL,46344.0,1143277888.0,201755208.0,210358.0,2919782.0,1345032585.0,1163670.0,56789.0,63.0,392.0
PHL,Philippines,RES,CR-,CR/LFINF/CDL+ERM/H:2/RES,URBAN,259877.0,7310546757.0,1290096496.0,1508245.0,18477476.0,8600643250.0,7363805.0,415527.0,71.0,396.0
PHL,Philippines,COM,CR-,CR/LFINF/CDL+ERM/H:3-5/COM:1,TOTAL,25.0,7091440.0,1251431.0,0.0,20919.0,8342870.0,12351.0,0.0,837.0,339.0
PHL,Philippines,COM,CR-,CR/LFINF/CDL+ERM/H:3-5/COM:3,TOTAL,70.0,44206927.0,7801222.0,0.0,55887.0,52008151.0,32997.0,0.0,798.0,791.0
PHL,Philippines,RES,CR-,CR/LFINF/CDL+ERM/H:3/RES,URBAN,37402.0,1270107856.0,224136689.0,277722.0,3218531.0,1494244425.0,1283454.0,74937.0,86.0,395.0
PHL,Philippines,RES,CR-,CR/LFINF/CDL+ERM/H:3/RES,RURAL,2562.0,67260099.0,11869424.0,13607.0,173423.0,79129523.0,69162.0,3915.0,68.0,388.0
PHL,Philippines,RES,CR-,CR/LFINF/CDL+ERM/H:4/RES,URBAN,8269.0,808833852.0,142735404.0,116255.0,1219556.0,951569209.0,486615.0,33471.0,147.0,663.0
PHL,Philippines,RES,CR-,CR/LFINF/CDL+ERM/H:4/RES,RURAL,387.0,28295975.0,4993402.0,3341.0,41022.0,33289370.0,16369.0,1205.0,106.0,690.0
PHL,Philippines,RES,CR-,CR/LFINF/CDL+ERM/H:5-10/RES,URBAN,2404.0,1752413964.0,309249522.0,288727.0,2509898.0,2061663476.0,1003854.0,86043.0,1044.0,698.0
PHL,Philippines,RES,CR-,CR/LFINF/CDL+ERM/H:5-10/RES,RURAL,46.0,31082159.0,5485085.0,3629.0,43449.0,36567248.0,17378.0,1639.0,945.0,715.0
PHL,Philippines,RES,CR+,CR/LFINF/CDM+ERM/H:1/RES,RURAL,496914.0,10931929963.0,1929164017.0,1993450.0,27801149.0,12861094028.0,11072987.0,508763.0,56.0,393.0
PHL,Philippines,RES,CR+,CR/LFINF/CDM+ERM/H:1/RES,URBAN,813014.0,22974935916.0,4054400538.0,3465212.0,57890302.0,27029336487.0,23057103.0,903153.0,71.0,397.0
PHL,Philippines,RES,CR+,CR/LFINF/CDM+ERM/H:2/RES,URBAN,244308.0,8468212516.0,1494390462.0,1156505.0,21209688.0,9962602939.0,8452666.0,299438.0,87.0,399.0
PHL,Philippines,RES,CR+,CR/LFINF/CDM+ERM/H:2/RES,RURAL,58325.0,1964471846.0,346671837.0,247090.0,4998052.0,2311143025.0,1991927.0,61484.0,86.0,393.0
PHL,Philippines,RES,CR+,CR/LFINF/CDM+ERM/H:3/RES,URBAN,38497.0,1440861797.0,254269704.0,215117.0,3602789.0,1695131542.0,1436681.0,57405.0,94.0,400.0
PHL,Philippines,RES,CR+,CR/LFINF/CDM+ERM/H:3/RES,RURAL,2668.0,123336323.0,21765345.0,11478.0,314806.0,145101608.0,125541.0,3143.0,118.0,392.0
PHL,Philippines,RES,CR+,CR/LFINF/CDM+ERM/H:4/RES,URBAN,5342.0,583815757.0,103026297.0,57405.0,885216.0,686842088.0,353210.0,16679.0,166.0,660.0
PHL,Philippines,RES,CR+,CR/LFINF/CDM+ERM/H:4/RES,RURAL,241.0,32019752.0,5650551.0,1655.0,46668.0,37670300.0,18622.0,545.0,194.0,686.0
PHL,Philippines,RES,CR+,CR/LFINF/CDM+ERM/H:5-10/RES,URBAN,538.0,531451623.0,93785585.0,71852.0,790844.0,625237206.0,316305.0,19140.0,1470.0,672.0
PHL,Philippines,RES,CR-,CR/LFINF/CDN+ERL/H:1/RES,RURAL,139218.0,3393265406.0,598811572.0,565685.0,8626495.0,3992076842.0,3435917.0,143896.0,62.0,393.0
PHL,Philippines,RES,CR-,CR/LFINF/CDN+ERL/H:1/RES,URBAN,243919.0,7539210939.0,1330448975.0,1051144.0,18984209.0,8869659898.0,7561228.0,269064.0,78.0,397.0
PHL,Philippines,RES,CR-,CR/LFINF/CDN+ERL/H:2/RES,RURAL,33338.0,1195267572.0,210929778.0,140128.0,3040373.0,1406196925.0,1211722.0,35156.0,91.0,393.0
PHL,Philippines,RES,CR-,CR/LFINF/CDN+ERL/H:2/RES,URBAN,122570.0,4346997930.0,767117328.0,603205.0,10966534.0,5114115258.0,4370487.0,152838.0,89.0,396.0
PHL,Philippines,RES,CR-,CR/LFINF/CDN+ERL/H:3/RES,RURAL,1210.0,53904491.0,9512583.0,5083.0,137794.0,63417125.0,54951.0,1513.0,114.0,391.0
PHL,Philippines,RES,CR-,CR/LFINF/CDN+ERL/H:3/RES,URBAN,19401.0,700933848.0,123694266.0,113768.0,1779453.0,824628085.0,709595.0,31257.0,92.0,394.0
PHL,Philippines,RES,CR-,CR/LFINF/CDN+ERL/H:4/RES,RURAL,143.0,16438903.0,2900987.0,913.0,23826.0,19339878.0,9507.0,321.0,167.0,690.0
PHL,Philippines,RES,CR-,CR/LFINF/CDN+ERL/H:4/RES,URBAN,3370.0,360196574.0,63564110.0,35073.0,547840.0,423760664.0,218595.0,10539.0,163.0,657.0
PHL,Philippines,RES,CR-,CR/LFINF/CDN+ERL/H:5-10/RES,URBAN,269.0,298264859.0,52634982.0,33527.0,451909.0,350899833.0,180746.0,9488.0,1680.0,660.0
PHL,Philippines,COM,CR-,CR/LFM/CDL+ERL/H:1-2/COM:2,TOTAL,22.0,617173.0,108913.0,0.0,1559.0,726087.0,919.0,0.0,71.0,396.0
PHL,Philippines,IND,CR-,CR/LFM/CDL+ERL/H:1-2/IND:2,TOTAL,335.0,12152644.0,4050881.0,0.0,30155.0,16203525.0,17784.0,0.0,90.0,403.0
PHL,Philippines,IND,CR-,CR/LFM/CDL+ERL/H:1-2/IND:6,TOTAL,16.0,384145.0,128048.0,0.0,953.0,512193.0,562.0,0.0,60.0,403.0
PHL,Philippines,COM,CR-,CR/LFM/CDL+ERM/H:1-2/COM:2,TOTAL,1385.0,38399454.0,6776373.0,0.0,96968.0,45175828.0,57179.0,0.0,70.0,396.0
PHL,Philippines,IND,CR-,CR/LFM/CDL+ERM/H:1-2/IND:1,TOTAL,223.0,94111641.0,31370546.0,0.0,155814.0,125482190.0,91892.0,0.0,699.0,604.0
PHL,Philippines,IND,CR-,CR/LFM/CDL+ERM/H:1-2/IND:2,TOTAL,14310.0,519022869.0,173007623.0,0.0,1287898.0,692030490.0,759546.0,0.0,90.0,403.0
PHL,Philippines,IND,CR-,CR/LFM/CDL+ERM/H:1-2/IND:6,TOTAL,891.0,21547779.0,7182593.0,0.0,53468.0,28730368.0,31533.0,0.0,60.0,403.0
PHL,Philippines,COM,HYB,HYB(CR;W)/LFINF/CDN+ERN/H:1/COM,TOTAL,13240.0,224410597.0,56102650.0,0.0,661978.0,280513246.0,390091.0,0.0,50.0,339.0
PHL,Philippines,COM,HYB,HYB(CR;W)/LFINF/CDN+ERN/H:1/COM:1,TOTAL,7718.0,523276073.0,130819021.0,0.0,1543587.0,654095089.0,909606.0,0.0,200.0,339.0
PHL,Philippines,COM,HYB,HYB(CR;W)/LFINF/CDN+ERN/H:1/COM:5,TOTAL,5057.0,617793173.0,154448293.0,0.0,1213739.0,772241464.0,715233.0,0.0,240.0,509.0
PHL,Philippines,IND,HYB,HYB(CR;W)/LFINF/CDN+ERN/H:1/IND:2,TOTAL,14291.0,518344832.0,172781611.0,0.0,1286215.0,691126441.0,757984.0,0.0,90.0,403.0
PHL,Philippines,RES,HYB,HYB(CR;W)/LFINF/CDN+ERN/H:1/RES,RURAL,723438.0,4448192436.0,1112048156.0,2868012.0,25690533.0,5560240584.0,10232354.0,733304.0,36.0,173.0
PHL,Philippines,RES,HYB,HYB(CR;W)/LFINF/CDN+ERN/H:1/RES,URBAN,615925.0,4521141575.0,1130285368.0,2508732.0,26144697.0,5651426882.0,10413172.0,653970.0,42.0,173.0
PHL,Philippines,RES,HYB,HYB(CR;W)/LHV(LFINF;LFM)/CDN+ERN/H:1/RES,URBAN,1030.0,8844368.0,2211105.0,5120.0,53763.0,11055488.0,21415.0,1603.0,52.0,165.0
PHL,Philippines,RES,HYB,HYB(CR;W)/LHV(LFINF;LFM)/CDN+ERN/H:1/RES,RURAL,289.0,1757068.0,439258.0,1250.0,10146.0,2196359.0,4042.0,298.0,35.0,173.0
PHL,Philippines,RES,HYB,HYB(CR;W)/LHV(LFINF;LFM)/CDN+ERN/H:2/RES,RURAL,120423.0,1258951034.0,314737843.0,502771.0,7271634.0,1573688707.0,2898012.0,124148.0,60.0,173.0
PHL,Philippines,RES,HYB,HYB(CR;W)/LHV(LFINF;LFM)/CDN+ERN/H:2/RES,URBAN,261001.0,2535313057.0,633828297.0,1173291.0,14769407.0,3169141301.0,5886036.0,307723.0,57.0,172.0
PHL,Philippines,RES,HYB,HYB(CR;W)/LHV(LFINF;LFM)/CDN+ERN/H:3/RES,RURAL,919.0,13307048.0,3326761.0,3637.0,76963.0,16633809.0,30692.0,1049.0,84.0,173.0
PHL,Philippines,RES,HYB,HYB(CR;W)/LHV(LFINF;LFM)/CDN+ERN/H:3/RES,URBAN,16667.0,155854472.0,38963615.0,87478.0,930884.0,194818153.0,371211.0,24937.0,56.0,167.0
PHL,Philippines,RES,HYB,HYB(CR;W)/LHV(LFINF;LFM)/CDN+ERN/H:4/RES,RURAL,82.0,2425269.0,606313.0,603.0,10574.0,3031579.0,4219.0,164.0,129.0,229.0
PHL,Philippines,RES,HYB,HYB(CR;W)/LHV(LFINF;LFM)/CDN+ERN/H:4/RES,URBAN,1422.0,32426742.0,8106679.0,13425.0,146824.0,40533427.0,58585.0,3804.0,103.0,221.0
PHL,Philippines,RES,HYB,HYB(CR;W)/LHV(LFINF;LFM)/CDN+ERN/H:5-10/RES,URBAN,17.0,4623149.0,1155788.0,1987.0,20072.0,5778933.0,8028.0,621.0,1181.0,230.0
PHL,Philippines,COM,HYB,HYB(M;W)/LWAL/CDN+ERN/H:1/COM,TOTAL,13240.0,224410598.0,56102650.0,0.0,661978.0,280513247.0,488661.0,0.0,50.0,339.0
PHL,Philippines,COM,HYB,HYB(M;W)/LWAL/CDN+ERN/H:1/COM:1,TOTAL,7718.0,523275972.0,130818994.0,0.0,1543587.0,654094964.0,1139450.0,0.0,200.0,339.0
PHL,Philippines,COM,HYB,HYB(M;W)/LWAL/CDN+ERN/H:1/COM:5,TOTAL,5057.0,617793282.0,154448318.0,0.0,1213739.0,772241597.0,895962.0,0.0,240.0,509.0
PHL,Philippines,IND,HYB,HYB(M;W)/LWAL/CDN+ERN/H:1/IND:2,TOTAL,14247.0,516751955.0,172250652.0,0.0,1282263.0,689002603.0,874062.0,0.0,90.0,403.0
PHL,Philippines,RES,HYB,HYB(MCF;W)/LHV(LWAL;LFM)/CDN+ERN/H:1/RES,RURAL,241323.0,1483650627.0,370912599.0,956718.0,8568936.0,1854563189.0,3413009.0,244616.0,36.0,173.0
PHL,Philippines,RES,HYB,HYB(MCF;W)/LHV(LWAL;LFM)/CDN+ERN/H:1/RES,URBAN,205295.0,1507351270.0,376837829.0,836447.0,8717437.0,1884189068.0,3472086.0,218141.0,42.0,173.0
PHL,Philippines,RES,HYB,HYB(MCF;W)/LHV(LWAL;LFM)/CDN+ERN/H:2/RES,RURAL,40145.0,419652888.0,104913249.0,167594.0,2423904.0,524566203.0,966059.0,41383.0,60.0,173.0
PHL,Philippines,RES,HYB,HYB(MCF;W)/LHV(LWAL;LFM)/CDN+ERN/H:2/RES,URBAN,87006.0,845349090.0,211337243.0,391215.0,4924638.0,1056686361.0,1962626.0,102622.0,57.0,172.0
PHL,Philippines,RES,HYB,HYB(MCF;W)/LHV(LWAL;LFM)/CDN+ERN/H:3/RES,RURAL,305.0,4382489.0,1095610.0,1193.0,25332.0,5478106.0,10103.0,344.0,83.0,173.0
PHL,Philippines,RES,HYB,HYB(MCF;W)/LHV(LWAL;LFM)/CDN+ERN/H:3/RES,URBAN,5544.0,51742545.0,12935639.0,29068.0,309013.0,64678203.0,123230.0,8291.0,56.0,167.0
PHL,Philippines,RES,HYB,HYB(MCF;W)/LHV(LWAL;LFM)/CDN+ERN/H:4/RES,RURAL,26.0,761612.0,190404.0,189.0,3312.0,952010.0,1322.0,52.0,127.0,230.0
PHL,Philippines,RES,HYB,HYB(MCF;W)/LHV(LWAL;LFM)/CDN+ERN/H:4/RES,URBAN,465.0,10432146.0,2608020.0,4313.0,47244.0,13040182.0,18853.0,1232.0,102.0,221.0
PHL,Philippines,RES,HYB,HYB(MUR;W)/LHV(LWAL;LFM)/CDN+ERN/H:1/RES,RURAL,95.0,574360.0,143588.0,408.0,3321.0,717950.0,1819.0,97.0,35.0,173.0
PHL,Philippines,RES,HYB,HYB(MUR;W)/LHV(LWAL;LFM)/CDN+ERN/H:1/RES,URBAN,306.0,2592776.0,648213.0,1468.0,15726.0,3241013.0,8608.0,467.0,51.0,165.0
PHL,Philippines,RES,HYB,HYB(MUR;W)/LHV(LWAL;LFM)/CDN+ERN/H:2/RES,RURAL,50197.0,508193408.0,127048387.0,209780.0,2935274.0,635241848.0,1607164.0,51634.0,58.0,173.0
PHL,Philippines,RES,HYB,HYB(MUR;W)/LHV(LWAL;LFM)/CDN+ERN/H:2/RES,URBAN,97604.0,941664863.0,235416193.0,435361.0,5483231.0,1177081080.0,3002154.0,114062.0,56.0,172.0
PHL,Philippines,RES,HYB,HYB(MUR;W)/LHV(LWAL;LFM)/CDN+ERN/H:3/RES,RURAL,305.0,4382489.0,1095610.0,1193.0,25332.0,5478106.0,13878.0,344.0,83.0,173.0
PHL,Philippines,RES,HYB,HYB(MUR;W)/LHV(LWAL;LFM)/CDN+ERN/H:3/RES,URBAN,5544.0,51742545.0,12935639.0,29068.0,309013.0,64678203.0,169271.0,8291.0,56.0,167.0
PHL,Philippines,RES,HYB,HYB(MUR;W)/LHV(LWAL;LFM)/CDN+ERN/H:4/RES,URBAN,465.0,7816276.0,1954051.0,4313.0,47244.0,9770351.0,25892.0,1232.0,102.0,165.0
PHL,Philippines,RES,HYB,HYB(MUR;W)/LHV(LWAL;LFM)/CDN+ERN/H:4/RES,RURAL,26.0,570629.0,142660.0,189.0,3312.0,713288.0,1816.0,52.0,127.0,172.0
PHL,Philippines,RES,HYB,HYB(MUR;W)/LWAL/CDN+ERN/H:1/RES,URBAN,274332.0,1957336703.0,489334201.0,1108855.0,11315409.0,2446670894.0,6192544.0,288736.0,41.0,173.0
PHL,Philippines,RES,HYB,HYB(MUR;W)/LWAL/CDN+ERN/H:1/RES,RURAL,369773.0,2194722198.0,548680559.0,1462731.0,12675824.0,2743402634.0,6937121.0,374185.0,34.0,173.0
PHL,Philippines,RES,OT,INF/LN/CDN+ERL/H:1/RES,URBAN,81307.0,613996185.0,153499091.0,407958.0,3552676.0,767495208.0,145379.0,103195.0,44.0,173.0
PHL,Philippines,RES,OT,INF/LN/CDN+ERL/H:1/RES,RURAL,118325.0,690256931.0,172564201.0,531245.0,3971267.0,862821057.0,162543.0,128034.0,34.0,174.0
PHL,Philippines,RES,OT,INF/LN/CDN+ERL/H:2/RES,URBAN,10429.0,134238348.0,33559541.0,50578.0,779030.0,167797896.0,31891.0,13423.0,75.0,172.0
PHL,Philippines,RES,OT,INF/LN/CDN+ERL/H:2/RES,RURAL,7885.0,81904462.0,20476070.0,34490.0,471592.0,102380593.0,19311.0,8732.0,60.0,174.0
PHL,Philippines,RES,OT,MATO/LN/CDN+ERN/H:1/RES,RURAL,293844.0,1433925896.0,358481310.0,1123441.0,8286246.0,1792407317.0,4534856.0,295563.0,28.0,173.0
PHL,Philippines,RES,OT,MATO/LN/CDN+ERN/H:1/RES,URBAN,199806.0,1129732967.0,282433156.0,779632.0,6534641.0,1412166122.0,3576202.0,205921.0,33.0,173.0
PHL,Philippines,RES,OT,MATO/LN/CDN+ERN/H:2/RES,RURAL,28363.0,249128636.0,62282077.0,98046.0,1439625.0,311410723.0,788227.0,28721.0,51.0,173.0
PHL,Philippines,RES,OT,MATO/LN/CDN+ERN/H:2/RES,URBAN,23057.0,202554714.0,50638629.0,92436.0,1176275.0,253193393.0,644035.0,25421.0,51.0,172.0
PHL,Philippines,RES,OT,MATO/LN/CDN+ERN/H:3/RES,RURAL,480.0,6613150.0,1653289.0,1671.0,38273.0,8266431.0,20965.0,541.0,80.0,173.0
PHL,Philippines,RES,OT,MATO/LN/CDN+ERN/H:3/RES,URBAN,1468.0,16455206.0,4113790.0,7187.0,96094.0,20568985.0,52638.0,1971.0,65.0,171.0
PHL,Philippines,RES,MR|MCF,MCF/LWAL/CDH+ERH/H:1/RES,URBAN,923781.0,17211067271.0,3037247123.0,4028879.0,56726147.0,20248314367.0,22593434.0,1071946.0,61.0,303.0
PHL,Philippines,RES,MR|MCF,MCF/LWAL/CDH+ERH/H:1/RES,RURAL,541290.0,7872114582.0,1389196615.0,2179223.0,26195374.0,9261311394.0,10433429.0,555771.0,48.0,301.0
PHL,Philippines,RES,MR|MCF,MCF/LWAL/CDH+ERH/H:2/RES,URBAN,282831.0,8385222117.0,1479745045.0,1421761.0,27414670.0,9864967248.0,10925522.0,387602.0,97.0,306.0
PHL,Philippines,RES,MR|MCF,MCF/LWAL/CDH+ERH/H:2/RES,RURAL,56033.0,1421360257.0,250828157.0,239932.0,4732177.0,1672188248.0,1885981.0,59908.0,84.0,300.0
PHL,Philippines,RES,MR|MCF,MCF/LWAL/CDH+ERH/H:3/RES,RURAL,3660.0,133196166.0,23505225.0,15568.0,444457.0,156701269.0,177251.0,4157.0,121.0,300.0
PHL,Philippines,RES,MR|MCF,MCF/LWAL/CDH+ERH/H:3/RES,URBAN,40544.0,1248032432.0,220241017.0,226687.0,4044130.0,1468273495.0,1612677.0,60642.0,100.0,309.0
PHL,Philippines,RES,MR|MCF,MCF/LWAL/CDH+ERH/H:4/RES,URBAN,5812.0,441183766.0,77855963.0,60078.0,957833.0,519039735.0,382186.0,17089.0,165.0,461.0
PHL,Philippines,RES,MR|MCF,MCF/LWAL/CDH+ERH/H:4/RES,RURAL,296.0,27000642.0,4764824.0,2132.0,58408.0,31765475.0,23307.0,679.0,197.0,462.0
PHL,Philippines,RES,MR|MCF,MCF/LWAL/CDH+ERH/H:5/RES,URBAN,98.0,79600970.0,14047224.0,12867.0,151911.0,93648204.0,60650.0,3633.0,1550.0,524.0
PHL,Philippines,RES,MR|MCF,MCF/LWAL/CDH+ERM/H:1/RES,URBAN,10811.0,177359374.0,31298708.0,46676.0,585741.0,208658086.0,233295.0,11329.0,54.0,303.0
PHL,Philippines,RES,MR|MCF,MCF/LWAL/CDH+ERM/H:1/RES,RURAL,4308.0,52921534.0,9339082.0,19185.0,176165.0,62260632.0,70166.0,4331.0,41.0,300.0
PHL,Philippines,RES,MR|MCF,MCF/LWAL/CDH+ERM/H:2/RES,RURAL,340.0,6144931.0,1084398.0,1563.0,20451.0,7229306.0,8151.0,352.0,60.0,300.0
PHL,Philippines,RES,MR|MCF,MCF/LWAL/CDH+ERM/H:2/RES,URBAN,1615.0,41466547.0,7317622.0,6989.0,135819.0,48784172.0,54128.0,1856.0,84.0,305.0
PHL,Philippines,RES,MR|MCF,MCF/LWAL/CDH+ERM/H:3/RES,URBAN,82.0,2960216.0,522393.0,409.0,9403.0,3482612.0,3750.0,112.0,115.0,315.0
PHL,Philippines,COM,MR|MCF,MCF/LWAL/CDL+ERL/H:1/COM,TOTAL,355.0,6022607.0,1505652.0,0.0,17766.0,7528259.0,10469.0,0.0,50.0,339.0
PHL,Philippines,COM,MR|MCF,MCF/LWAL/CDL+ERL/H:1/COM:1,TOTAL,734.0,12443917.0,3110979.0,0.0,36708.0,15554894.0,21631.0,0.0,50.0,339.0
PHL,Philippines,COM,MR|MCF,MCF/LWAL/CDL+ERL/H:1/COM:2,TOTAL,13.0,368680.0,92170.0,0.0,931.0,460851.0,549.0,0.0,72.0,396.0
PHL,Philippines,COM,MR|MCF,MCF/LWAL/CDL+ERL/H:1/COM:3,TOTAL,529.0,20936153.0,5234038.0,0.0,26468.0,26170191.0,15597.0,0.0,50.0,791.0
PHL,Philippines,COM,MR|MCF,MCF/LWAL/CDL+ERL/H:1/COM:5,TOTAL,416.0,14709316.0,3677328.0,0.0,26530.0,18386644.0,15634.0,0.0,64.0,554.0
PHL,Philippines,IND,MR|MCF,MCF/LWAL/CDL+ERL/H:1/IND:6,TOTAL,27.0,648860.0,216287.0,0.0,1610.0,865146.0,949.0,0.0,60.0,403.0
PHL,Philippines,RES,MR|MCF,MCF/LWAL/CDL+ERL/H:1/RES,URBAN,4360.0,56940914.0,10048390.0,19266.0,189015.0,66989307.0,75283.0,5408.0,43.0,301.0
PHL,Philippines,RES,MR|MCF,MCF/LWAL/CDL+ERL/H:1/RES,RURAL,855.0,8963968.0,1581871.0,3646.0,30044.0,10545834.0,11967.0,967.0,35.0,298.0
PHL,Philippines,COM,MR|MCF,MCF/LWAL/CDL+ERL/H:2/COM:1,TOTAL,174.0,11821730.0,2955433.0,0.0,34872.0,14777163.0,20563.0,0.0,200.0,339.0
PHL,Philippines,COM,MR|MCF,MCF/LWAL/CDL+ERL/H:2/COM:2,TOTAL,13.0,360839.0,90210.0,0.0,911.0,451048.0,537.0,0.0,70.0,396.0
PHL,Philippines,COM,MR|MCF,MCF/LWAL/CDL+ERL/H:2/COM:3,TOTAL,63.0,9933568.0,2483391.0,0.0,12558.0,12416959.0,7405.0,0.0,199.0,791.0
PHL,Philippines,COM,MR|MCF,MCF/LWAL/CDL+ERL/H:2/COM:5,TOTAL,102.0,13448723.0,3362182.0,0.0,24734.0,16810904.0,14585.0,0.0,242.0,544.0
PHL,Philippines,RES,MR|MCF,MCF/LWAL/CDL+ERL/H:2/RES,RURAL,85.0,1328348.0,234430.0,396.0,4467.0,1562744.0,1781.0,107.0,53.0,297.0
PHL,Philippines,RES,MR|MCF,MCF/LWAL/CDL+ERL/H:2/RES,URBAN,920.0,16931602.0,2987932.0,5147.0,56285.0,19919535.0,22431.0,1545.0,61.0,301.0
PHL,Philippines,RES,MR|MCF,MCF/LWAL/CDL+ERL/H:3/RES,URBAN,59.0,1442382.0,254536.0,415.0,4848.0,1696917.0,1933.0,137.0,82.0,298.0
PHL,Philippines,COM,MR|MCF,MCF/LWAL/CDL+ERM/H:1/COM,TOTAL,26124.0,442803821.0,110700956.0,0.0,1306206.0,553504772.0,769722.0,0.0,50.0,339.0
PHL,Philippines,COM,MR|MCF,MCF/LWAL/CDL+ERM/H:1/COM:1,TOTAL,30196.0,511830205.0,127957546.0,0.0,1509824.0,639787746.0,889710.0,0.0,50.0,339.0
PHL,Philippines,COM,MR|MCF,MCF/LWAL/CDL+ERM/H:1/COM:2,TOTAL,801.0,22208940.0,5552238.0,0.0,56083.0,27761179.0,33049.0,0.0,70.0,396.0
PHL,Philippines,COM,MR|MCF,MCF/LWAL/CDL+ERM/H:1/COM:3,TOTAL,25147.0,994548982.0,248637249.0,0.0,1257331.0,1243186231.0,740921.0,0.0,50.0,791.0
PHL,Philippines,COM,MR|MCF,MCF/LWAL/CDL+ERM/H:1/COM:5,TOTAL,20176.0,715434918.0,178858728.0,0.0,1287795.0,894293645.0,758873.0,0.0,64.0,556.0
PHL,Philippines,IND,MR|MCF,MCF/LWAL/CDL+ERM/H:1/IND:4,TOTAL,41.0,2062188.0,687395.0,0.0,3722.0,2749584.0,2194.0,0.0,91.0,554.0
PHL,Philippines,IND,MR|MCF,MCF/LWAL/CDL+ERM/H:1/IND:6,TOTAL,1513.0,36578318.0,12192772.0,0.0,90765.0,48771091.0,53489.0,0.0,60.0,403.0
PHL,Philippines,RES,MR|MCF,MCF/LWAL/CDL+ERM/H:1/RES,URBAN,557180.0,8821239306.0,1556689281.0,2625093.0,29151676.0,10377928574.0,11610822.0,716967.0,52.0,303.0
PHL,Philippines,RES,MR|MCF,MCF/LWAL/CDL+ERM/H:1/RES,RURAL,182094.0,2284176762.0,403090061.0,755436.0,7622717.0,2687266990.0,3036131.0,207949.0,42.0,300.0
PHL,Philippines,COM,MR|MCF,MCF/LWAL/CDL+ERM/H:2/COM:1,TOTAL,7171.0,486169701.0,121542426.0,0.0,1434129.0,607712124.0,845650.0,0.0,200.0,339.0
PHL,Philippines,COM,MR|MCF,MCF/LWAL/CDL+ERM/H:2/COM:2,TOTAL,786.0,21784636.0,5446163.0,0.0,55012.0,27230798.0,32438.0,0.0,70.0,396.0
PHL,Philippines,COM,MR|MCF,MCF/LWAL/CDL+ERM/H:2/COM:3,TOTAL,2990.0,472950937.0,118237738.0,0.0,597915.0,591188677.0,352568.0,0.0,200.0,791.0
PHL,Philippines,COM,MR|MCF,MCF/LWAL/CDL+ERM/H:2/COM:5,TOTAL,4945.0,654139698.0,163534927.0,0.0,1200711.0,817674626.0,708013.0,0.0,243.0,545.0
PHL,Philippines,RES,MR|MCF,MCF/LWAL/CDL+ERM/H:2/RES,RURAL,26436.0,498182777.0,87914328.0,120044.0,1663767.0,586097433.0,663110.0,32425.0,63.0,299.0
PHL,Philippines,RES,MR|MCF,MCF/LWAL/CDL+ERM/H:2/RES,URBAN,202989.0,4355083624.0,768544169.0,1176607.0,14396733.0,5123627812.0,5737517.0,324195.0,71.0,303.0
PHL,Philippines,RES,MR|MCF,MCF/LWAL/CDL+ERM/H:3/RES,URBAN,27782.0,718944867.0,126872624.0,205972.0,2384670.0,845817575.0,950938.0,55591.0,86.0,301.0
PHL,Philippines,RES,MR|MCF,MCF/LWAL/CDL+ERM/H:3/RES,RURAL,1588.0,31609539.0,5578093.0,8383.0,106556.0,37187713.0,42498.0,2416.0,67.0,297.0
PHL,Philippines,RES,MR|MCF,MCF/LWAL/CDL+ERM/H:4/RES,URBAN,6129.0,408010867.0,72001915.0,85912.0,900889.0,480012801.0,359465.0,24742.0,147.0,453.0
PHL,Philippines,RES,MR|MCF,MCF/LWAL/CDL+ERM/H:4/RES,RURAL,241.0,11635362.0,2053291.0,2070.0,25290.0,13688675.0,10092.0,748.0,105.0,460.0
PHL,Philippines,RES,MR|MCF,MCF/LWAL/CDL+ERM/H:5/RES,URBAN,273.0,148578111.0,26219661.0,32462.0,281865.0,174797775.0,112534.0,9925.0,1032.0,527.0
PHL,Philippines,RES,MR|MCF,MCF/LWAL/CDM+ERM/H:1/RES,URBAN,631667.0,13651001764.0,2409000286.0,2692337.0,44983226.0,16060001998.0,17916355.0,701514.0,71.0,303.0
PHL,Philippines,RES,MR|MCF,MCF/LWAL/CDM+ERM/H:1/RES,RURAL,286922.0,4826348034.0,851708396.0,1151882.0,16050643.0,5678056415.0,6392888.0,293789.0,56.0,301.0
PHL,Philippines,COM,MR|MCF,MCF/LWAL/CDM+ERM/H:2/COM:1,TOTAL,385.0,26127466.0,6531867.0,0.0,77072.0,32659333.0,45447.0,0.0,200.0,339.0
PHL,Philippines,COM,MR|MCF,MCF/LWAL/CDM+ERM/H:2/COM:2,TOTAL,41.0,1134103.0,283526.0,0.0,2864.0,1417629.0,1689.0,0.0,70.0,396.0
PHL,Philippines,COM,MR|MCF,MCF/LWAL/CDM+ERM/H:2/COM:3,TOTAL,158.0,24931308.0,6232824.0,0.0,31519.0,31164127.0,18586.0,0.0,199.0,791.0
PHL,Philippines,COM,MR|MCF,MCF/LWAL/CDM+ERM/H:2/COM:5,TOTAL,264.0,34946435.0,8736608.0,0.0,64191.0,43683046.0,37851.0,0.0,243.0,544.0
PHL,Philippines,RES,MR|MCF,MCF/LWAL/CDM+ERM/H:2/RES,URBAN,190131.0,5036659619.0,888822284.0,899820.0,16498671.0,5925481953.0,6575196.0,232976.0,87.0,305.0
PHL,Philippines,RES,MR|MCF,MCF/LWAL/CDM+ERM/H:2/RES,RURAL,33337.0,858702905.0,151535661.0,141253.0,2856954.0,1010238655.0,1138641.0,35151.0,86.0,301.0
PHL,Philippines,RES,MR|MCF,MCF/LWAL/CDM+ERM/H:3/RES,RURAL,1665.0,58780618.0,10373050.0,7152.0,196135.0,69153548.0,78219.0,1959.0,118.0,300.0
PHL,Philippines,RES,MR|MCF,MCF/LWAL/CDM+ERM/H:3/RES,URBAN,28502.0,814508971.0,143736888.0,159182.0,2665591.0,958245825.0,1062959.0,42482.0,94.0,306.0
PHL,Philippines,RES,MR|MCF,MCF/LWAL/CDM+ERM/H:4/RES,RURAL,150.0,13177041.0,2325359.0,1021.0,28767.0,15502400.0,11479.0,337.0,192.0,458.0
PHL,Philippines,RES,MR|MCF,MCF/LWAL/CDM+ERM/H:4/RES,URBAN,3963.0,294870700.0,52036000.0,42387.0,653307.0,346906741.0,260677.0,12320.0,165.0,451.0
PHL,Philippines,RES,MR|MCF,MCF/LWAL/CDM+ERM/H:5/RES,URBAN,53.0,37001050.0,6529597.0,7147.0,73272.0,43530650.0,29254.0,1944.0,1382.0,505.0
PHL,Philippines,RES,MR|MCF,MCF/LWAL/CDN+ERL/H:1/RES,RURAL,80368.0,1497944297.0,264343079.0,326851.0,4979924.0,1762287067.0,1983527.0,83081.0,62.0,301.0
PHL,Philippines,RES,MR|MCF,MCF/LWAL/CDN+ERL/H:1/RES,URBAN,189528.0,4477819267.0,790203365.0,816479.0,14745633.0,5268022636.0,5873049.0,208950.0,78.0,304.0
PHL,Philippines,RES,MR|MCF,MCF/LWAL/CDN+ERL/H:2/RES,URBAN,95415.0,2586167628.0,456382501.0,469415.0,8532814.0,3042550112.0,3400583.0,118945.0,89.0,303.0
PHL,Philippines,RES,MR|MCF,MCF/LWAL/CDN+ERL/H:2/RES,RURAL,19051.0,522315456.0,92173253.0,80070.0,1737386.0,614488437.0,692446.0,20090.0,91.0,301.0
PHL,Philippines,RES,MR|MCF,MCF/LWAL/CDN+ERL/H:3/RES,RURAL,754.0,25507670.0,4501322.0,3138.0,85252.0,30008974.0,33999.0,937.0,113.0,299.0
PHL,Philippines,RES,MR|MCF,MCF/LWAL/CDN+ERL/H:3/RES,URBAN,14366.0,396254422.0,69927270.0,84177.0,1316529.0,466181641.0,524996.0,23129.0,92.0,301.0
PHL,Philippines,RES,MR|MCF,MCF/LWAL/CDN+ERL/H:4/RES,RURAL,88.0,6666604.0,1176453.0,550.0,14506.0,7843062.0,5788.0,197.0,165.0,460.0
PHL,Philippines,RES,MR|MCF,MCF/LWAL/CDN+ERL/H:4/RES,URBAN,2501.0,181418889.0,32015093.0,25950.0,405370.0,213433969.0,161749.0,7798.0,162.0,448.0
PHL,Philippines,RES,MR|MCF,MCF/LWAL/CDN+ERL/H:5/RES,URBAN,20.0,16874506.0,2977852.0,2368.0,33518.0,19852359.0,13382.0,738.0,1676.0,503.0
PHL,Philippines,RES,MR|MCF,MR/LWAL/CDH+ERH/H:1/RES,RURAL,935371.0,13601741625.0,2400307364.0,3762648.0,45261043.0,16002048793.0,25243980.0,960360.0,48.0,301.0
PHL,Philippines,RES,MR|MCF,MR/LWAL/CDH+ERH/H:1/RES,URBAN,395595.0,7287591644.0,1286045502.0,1725695.0,24301598.0,8573637294.0,13553994.0,459148.0,61.0,300.0
PHL,Philippines,RES,MR|MCF,MR/LWAL/CDH+ERH/H:2/RES,RURAL,97996.0,2485898481.0,438688138.0,419499.0,8276428.0,2924586201.0,4618330.0,104743.0,84.0,300.0
PHL,Philippines,RES,MR|MCF,MR/LWAL/CDH+ERH/H:2/RES,URBAN,121181.0,3509117031.0,619255982.0,609339.0,11751284.0,4128373002.0,6557247.0,166141.0,97.0,299.0
PHL,Philippines,RES,MR|MCF,MR/LWAL/CDH+ERH/H:3/RES,URBAN,10824.0,318093155.0,56134091.0,60486.0,1073832.0,374227314.0,599491.0,16206.0,99.0,296.0
PHL,Philippines,RES,MR|MCF,MR/LWAL/CDH+ERH/H:3/RES,RURAL,3660.0,133196166.0,23505225.0,15568.0,444457.0,156701269.0,248140.0,4157.0,121.0,300.0
PHL,Philippines,RES,MR|MCF,MR/LWAL/CDH+ERH/H:4/RES,URBAN,1503.0,109183277.0,19267628.0,15551.0,243560.0,128450875.0,136038.0,4457.0,162.0,448.0
PHL,Philippines,RES,MR|MCF,MR/LWAL/CDH+ERH/H:4/RES,RURAL,296.0,27000642.0,4764824.0,2132.0,58408.0,31765475.0,32624.0,679.0,197.0,462.0
PHL,Philippines,RES,MR|MCF,MR/LWAL/CDH+ERH/H:5/RES,URBAN,102.0,71833590.0,12676516.0,13054.0,154337.0,84510099.0,86241.0,3690.0,1513.0,465.0
PHL,Philippines,RES,MR|MCF,MR/LWAL/CDH+ERM/H:1/RES,RURAL,7464.0,91691811.0,16180892.0,33241.0,305221.0,107872713.0,170236.0,7504.0,41.0,300.0
PHL,Philippines,RES,MR|MCF,MR/LWAL/CDH+ERM/H:1/RES,URBAN,4627.0,75300836.0,13288380.0,19981.0,250826.0,88589220.0,139896.0,4850.0,54.0,300.0
PHL,Philippines,RES,MR|MCF,MR/LWAL/CDH+ERM/H:2/RES,URBAN,691.0,17408395.0,3072072.0,2993.0,58173.0,20480465.0,32461.0,795.0,84.0,299.0
PHL,Philippines,RES,MR|MCF,MR/LWAL/CDH+ERM/H:2/RES,RURAL,593.0,10740495.0,1895365.0,2731.0,35744.0,12635870.0,19946.0,615.0,60.0,300.0
PHL,Philippines,RES,MR|MCF,MR/LWAL/CDH+ERM/H:3/RES,URBAN,20.0,659265.0,116341.0,98.0,2211.0,775602.0,1235.0,27.0,111.0,298.0
PHL,Philippines,COM,MR|MCF,MR/LWAL/CDL+ERL/H:1/COM,TOTAL,355.0,6022607.0,1505652.0,0.0,17766.0,7528258.0,13235.0,0.0,50.0,339.0
PHL,Philippines,COM,MR|MCF,MR/LWAL/CDL+ERL/H:1/COM:1,TOTAL,2202.0,37329967.0,9332491.0,0.0,110118.0,46662458.0,82033.0,0.0,50.0,339.0
PHL,Philippines,COM,MR|MCF,MR/LWAL/CDL+ERL/H:1/COM:2,TOTAL,34.0,933771.0,233442.0,0.0,2358.0,1167214.0,1757.0,0.0,69.0,396.0
PHL,Philippines,COM,MR|MCF,MR/LWAL/CDL+ERL/H:1/COM:3,TOTAL,797.0,31506929.0,7876732.0,0.0,39832.0,39383661.0,29673.0,0.0,50.0,791.0
PHL,Philippines,COM,MR|MCF,MR/LWAL/CDL+ERL/H:1/COM:5,TOTAL,826.0,27225010.0,6806252.0,0.0,51119.0,34031263.0,38081.0,0.0,62.0,533.0
PHL,Philippines,IND,MR|MCF,MR/LWAL/CDL+ERL/H:1/IND:4,TOTAL,13.0,667717.0,222572.0,0.0,1205.0,890289.0,837.0,0.0,93.0,554.0
PHL,Philippines,IND,MR|MCF,MR/LWAL/CDL+ERL/H:1/IND:6,TOTAL,33.0,790452.0,263484.0,0.0,1961.0,1053936.0,1363.0,0.0,59.0,403.0
PHL,Philippines,RES,MR|MCF,MR/LWAL/CDL+ERL/H:1/RES,URBAN,1852.0,24019312.0,4238702.0,8185.0,80564.0,28258022.0,44934.0,2302.0,44.0,298.0
PHL,Philippines,RES,MR|MCF,MR/LWAL/CDL+ERL/H:1/RES,RURAL,1488.0,15596548.0,2752325.0,6347.0,52282.0,18348877.0,29161.0,1683.0,35.0,298.0
PHL,Philippines,COM,MR|MCF,MR/LWAL/CDL+ERL/H:2/COM:1,TOTAL,551.0,37339629.0,9334907.0,0.0,110146.0,46674535.0,82094.0,0.0,200.0,339.0
PHL,Philippines,COM,MR|MCF,MR/LWAL/CDL+ERL/H:2/COM:2,TOTAL,28.0,770956.0,192739.0,0.0,1947.0,963695.0,1451.0,0.0,70.0,396.0
PHL,Philippines,COM,MR|MCF,MR/LWAL/CDL+ERL/H:2/COM:3,TOTAL,66.0,10462036.0,2615509.0,0.0,13226.0,13077545.0,9858.0,0.0,200.0,791.0
PHL,Philippines,COM,MR|MCF,MR/LWAL/CDL+ERL/H:2/COM:5,TOTAL,210.0,26667904.0,6666976.0,0.0,50616.0,33334880.0,37726.0,0.0,241.0,527.0
PHL,Philippines,IND,MR|MCF,MR/LWAL/CDL+ERL/H:2/IND:2,TOTAL,1673.0,60669032.0,20223011.0,0.0,150544.0,80892042.0,104635.0,0.0,90.0,403.0
PHL,Philippines,RES,MR|MCF,MR/LWAL/CDL+ERL/H:2/RES,RURAL,151.0,2367984.0,417873.0,705.0,7962.0,2785849.0,4443.0,191.0,53.0,297.0
PHL,Philippines,RES,MR|MCF,MR/LWAL/CDL+ERL/H:2/RES,URBAN,390.0,7091253.0,1251400.0,2191.0,24011.0,8342658.0,13398.0,658.0,62.0,295.0
PHL,Philippines,RES,MR|MCF,MR/LWAL/CDL+ERL/H:3/RES,URBAN,15.0,359480.0,63437.0,103.0,1222.0,422919.0,682.0,36.0,81.0,294.0
PHL,Philippines,COM,MR|MCF,MR/LWAL/CDL+ERM/H:1/COM,TOTAL,26124.0,442808100.0,110702024.0,0.0,1306219.0,553510122.0,973071.0,0.0,50.0,339.0
PHL,Philippines,COM,MR|MCF,MR/LWAL/CDL+ERM/H:1/COM:1,TOTAL,90534.0,1534546445.0,383636610.0,0.0,4526686.0,1918183061.0,3372166.0,0.0,50.0,339.0
PHL,Philippines,COM,MR|MCF,MR/LWAL/CDL+ERM/H:1/COM:2,TOTAL,2016.0,55893567.0,13973391.0,0.0,141145.0,69866960.0,105147.0,0.0,70.0,396.0
PHL,Philippines,COM,MR|MCF,MR/LWAL/CDL+ERM/H:1/COM:3,TOTAL,37943.0,1500636332.0,375159080.0,0.0,1897138.0,1875795415.0,1413278.0,0.0,50.0,791.0
PHL,Philippines,COM,MR|MCF,MR/LWAL/CDL+ERM/H:1/COM:5,TOTAL,40033.0,1322281217.0,330570302.0,0.0,2479544.0,1652851512.0,1847143.0,0.0,62.0,533.0
PHL,Philippines,IND,MR|MCF,MR/LWAL/CDL+ERM/H:1/IND:2,TOTAL,706.0,25619909.0,8539971.0,0.0,63573.0,34159878.0,44163.0,0.0,90.0,403.0
PHL,Philippines,IND,MR|MCF,MR/LWAL/CDL+ERM/H:1/IND:4,TOTAL,424.0,21154170.0,7051390.0,0.0,38184.0,28205562.0,26526.0,0.0,90.0,554.0
PHL,Philippines,IND,MR|MCF,MR/LWAL/CDL+ERM/H:1/IND:6,TOTAL,1859.0,44959718.0,14986572.0,0.0,111563.0,59946298.0,77500.0,0.0,60.0,403.0
PHL,Philippines,RES,MR|MCF,MR/LWAL/CDL+ERM/H:1/RES,URBAN,237048.0,3724830941.0,657323043.0,1117702.0,12441936.0,4382154078.0,6939388.0,305276.0,52.0,299.0
PHL,Philippines,RES,MR|MCF,MR/LWAL/CDL+ERM/H:1/RES,RURAL,315860.0,3961003270.0,699000730.0,1309853.0,13218844.0,4660003718.0,7372761.0,360883.0,42.0,300.0
PHL,Philippines,COM,MR|MCF,MR/LWAL/CDL+ERM/H:2/COM:1,TOTAL,22662.0,1536453681.0,384113421.0,0.0,4532312.0,1920567107.0,3378030.0,0.0,200.0,339.0
PHL,Philippines,COM,MR|MCF,MR/LWAL/CDL+ERM/H:2/COM:2,TOTAL,1688.0,46784980.0,11696242.0,0.0,118144.0,58481220.0,88055.0,0.0,70.0,396.0
PHL,Philippines,COM,MR|MCF,MR/LWAL/CDL+ERM/H:2/COM:3,TOTAL,3158.0,499553420.0,124888358.0,0.0,631547.0,624441775.0,470705.0,0.0,200.0,791.0
PHL,Philippines,COM,MR|MCF,MR/LWAL/CDL+ERM/H:2/COM:5,TOTAL,10162.0,1294339718.0,323584926.0,0.0,2453525.0,1617924648.0,1828665.0,0.0,241.0,528.0
PHL,Philippines,IND,MR|MCF,MR/LWAL/CDL+ERM/H:2/IND:2,TOTAL,68902.0,2499059632.0,833019879.0,0.0,6201141.0,3332079507.0,4310088.0,0.0,90.0,403.0
PHL,Philippines,RES,MR|MCF,MR/LWAL/CDL+ERM/H:2/RES,URBAN,86670.0,1829643409.0,322878230.0,503049.0,6161952.0,2152521630.0,3438397.0,138628.0,71.0,297.0
PHL,Philippines,RES,MR|MCF,MR/LWAL/CDL+ERM/H:2/RES,RURAL,46344.0,874271326.0,154283394.0,210358.0,2919782.0,1028554331.0,1629296.0,56789.0,63.0,299.0
PHL,Philippines,RES,MR|MCF,MR/LWAL/CDL+ERM/H:3/RES,URBAN,7391.0,184740553.0,32601256.0,54779.0,633726.0,217341844.0,353795.0,14821.0,86.0,292.0
PHL,Philippines,RES,MR|MCF,MR/LWAL/CDL+ERM/H:3/RES,RURAL,1588.0,31609539.0,5578093.0,8383.0,106556.0,37187713.0,59493.0,2416.0,67.0,297.0
PHL,Philippines,RES,MR|MCF,MR/LWAL/CDL+ERM/H:4/RES,URBAN,1602.0,103921504.0,18339104.0,22484.0,235132.0,122260591.0,131331.0,6533.0,147.0,442.0
PHL,Philippines,RES,MR|MCF,MR/LWAL/CDL+ERM/H:4/RES,RURAL,241.0,11635362.0,2053291.0,2070.0,25290.0,13688675.0,14126.0,748.0,105.0,460.0
PHL,Philippines,RES,MR|MCF,MR/LWAL/CDL+ERM/H:5/RES,URBAN,277.0,133082084.0,23485074.0,32716.0,284181.0,156567153.0,158797.0,9979.0,1026.0,468.0
PHL,Philippines,RES,MR|MCF,MR/LWAL/CDM+ERM/H:1/RES,RURAL,496914.0,8359711148.0,1475243072.0,1993450.0,27801149.0,9834954256.0,15505898.0,508763.0,56.0,301.0
PHL,Philippines,RES,MR|MCF,MR/LWAL/CDM+ERM/H:1/RES,URBAN,270550.0,5788580352.0,1021514224.0,1153317.0,19272111.0,6810094636.0,10748847.0,300504.0,71.0,300.0
PHL,Philippines,RES,MR|MCF,MR/LWAL/CDM+ERM/H:2/RES,URBAN,81458.0,2115822706.0,373380491.0,385583.0,7071235.0,2489203157.0,3945776.0,99845.0,87.0,299.0
PHL,Philippines,RES,MR|MCF,MR/LWAL/CDM+ERM/H:2/RES,RURAL,58325.0,1502243176.0,265101993.0,247090.0,4998052.0,1767344666.0,2788982.0,61484.0,86.0,301.0
PHL,Philippines,RES,MR|MCF,MR/LWAL/CDM+ERM/H:3/RES,RURAL,1665.0,58780618.0,10373050.0,7152.0,196135.0,69153548.0,109502.0,1959.0,118.0,300.0
PHL,Philippines,RES,MR|MCF,MR/LWAL/CDM+ERM/H:3/RES,URBAN,7580.0,207628312.0,36640327.0,42234.0,702292.0,244268605.0,392071.0,11311.0,93.0,296.0
PHL,Philippines,RES,MR|MCF,MR/LWAL/CDM+ERM/H:4/RES,URBAN,1020.0,72463097.0,12787609.0,10857.0,165012.0,85250713.0,92166.0,3197.0,162.0,439.0
PHL,Philippines,RES,MR|MCF,MR/LWAL/CDM+ERM/H:4/RES,RURAL,150.0,13177041.0,2325359.0,1021.0,28767.0,15502400.0,16068.0,337.0,192.0,458.0
PHL,Philippines,RES,MR|MCF,MR/LWAL/CDM+ERM/H:5/RES,URBAN,55.0,33919925.0,5985867.0,7384.0,75457.0,39905793.0,42164.0,1987.0,1372.0,450.0
PHL,Philippines,RES,MR|MCF,MR/LWAL/CDN+ERL/H:1/RES,RURAL,139218.0,2594850016.0,457914731.0,565685.0,8626495.0,3052764644.0,4811417.0,143896.0,62.0,301.0
PHL,Philippines,RES,MR|MCF,MR/LWAL/CDN+ERL/H:1/RES,URBAN,81160.0,1896903622.0,334747722.0,349686.0,6316633.0,2231651302.0,3523061.0,89490.0,78.0,300.0
PHL,Philippines,RES,MR|MCF,MR/LWAL/CDN+ERL/H:2/RES,RURAL,33338.0,914028144.0,161299242.0,140128.0,3040373.0,1075327062.0,1696580.0,35156.0,91.0,301.0
PHL,Philippines,RES,MR|MCF,MR/LWAL/CDN+ERL/H:2/RES,URBAN,40857.0,1090602795.0,192459270.0,201103.0,3656062.0,1283062101.0,2040107.0,50957.0,89.0,298.0
PHL,Philippines,RES,MR|MCF,MR/LWAL/CDN+ERL/H:3/RES,RURAL,754.0,25507670.0,4501322.0,3138.0,85252.0,30008974.0,47597.0,937.0,113.0,299.0
PHL,Philippines,RES,MR|MCF,MR/LWAL/CDN+ERL/H:3/RES,URBAN,3801.0,100473732.0,17730630.0,22231.0,343589.0,118204323.0,191819.0,6140.0,90.0,292.0
PHL,Philippines,RES,MR|MCF,MR/LWAL/CDN+ERL/H:4/RES,URBAN,646.0,44737073.0,7894780.0,6588.0,102132.0,52631849.0,57046.0,2012.0,158.0,438.0
PHL,Philippines,RES,MR|MCF,MR/LWAL/CDN+ERL/H:4/RES,RURAL,88.0,6666604.0,1176453.0,550.0,14506.0,7843062.0,8102.0,197.0,165.0,460.0
PHL,Philippines,RES,MR|MCF,MR/LWAL/CDN+ERL/H:5/RES,URBAN,20.0,15030589.0,2652457.0,2450.0,33614.0,17683043.0,18783.0,738.0,1681.0,447.0
PHL,Philippines,COM,MUR,MUR/LWAL/CDN+ERN/H:1/COM,TOTAL,8826.0,149606385.0,37401596.0,0.0,441317.0,187007978.0,325773.0,0.0,50.0,339.0
PHL,Philippines,COM,MUR,MUR/LWAL/CDN+ERN/H:1/COM:1,TOTAL,30873.0,523302708.0,130825676.0,0.0,1543666.0,654128381.0,1139508.0,0.0,50.0,339.0
PHL,Philippines,COM,MUR,MUR/LWAL/CDN+ERN/H:1/COM:2,TOTAL,863.0,23934924.0,5983734.0,0.0,60442.0,29918653.0,44617.0,0.0,70.0,396.0
PHL,Philippines,COM,MUR,MUR/LWAL/CDN+ERN/H:1/COM:5,TOTAL,20428.0,674376408.0,168594101.0,0.0,1264973.0,842970509.0,933782.0,0.0,62.0,533.0
PHL,Philippines,IND,MUR,MUR/LWAL/CDN+ERN/H:1/IND:2,TOTAL,28230.0,1023891466.0,341297157.0,0.0,2540674.0,1365188620.0,1731864.0,0.0,90.0,403.0
PHL,Philippines,IND,MUR,MUR/LWAL/CDN+ERN/H:1/IND:4,TOTAL,387.0,19311394.0,6437132.0,0.0,34858.0,25748530.0,23761.0,0.0,90.0,554.0
PHL,Philippines,IND,MUR,MUR/LWAL/CDN+ERN/H:1/IND:6,TOTAL,1540.0,37227178.0,12409060.0,0.0,92375.0,49636236.0,62968.0,0.0,60.0,403.0
PHL,Philippines,RES,MUR,MUR/LWAL/CDN+ERN/H:1/RES,URBAN,448450.0,5463293965.0,1365823447.0,1935585.0,26327562.0,6829117388.0,14408162.0,512364.0,59.0,208.0
PHL,Philippines,RES,MUR,MUR/LWAL/CDN+ERN/H:1/RES,RURAL,753645.0,7360949188.0,1840237240.0,3029571.0,35429408.0,9201186424.0,19389349.0,782970.0,47.0,208.0
PHL,Philippines,RES,MUR,MUR/LWAL/CDN+ERN/H:2/RES,RURAL,77696.0,1271842784.0,317960730.0,333360.0,6124614.0,1589803562.0,3353375.0,84416.0,79.0,208.0
PHL,Philippines,RES,MUR,MUR/LWAL/CDN+ERN/H:2/RES,URBAN,122645.0,2131421458.0,532855363.0,620478.0,10325825.0,2664276808.0,5653533.0,166319.0,84.0,206.0
PHL,Philippines,RES,MUR,MUR/LWAL/CDN+ERN/H:3/RES,RURAL,2709.0,60568956.0,15142255.0,12175.0,292937.0,75711268.0,160470.0,3423.0,108.0,207.0
PHL,Philippines,RES,MUR,MUR/LWAL/CDN+ERN/H:3/RES,URBAN,9028.0,170185136.0,42546290.0,54831.0,835565.0,212731433.0,457701.0,14803.0,93.0,204.0
PHL,Philippines,RES,MUR,MUR/LWAL/CDN+ERN/H:4/RES,URBAN,1403.0,43682089.0,10920527.0,16353.0,219691.0,54602584.0,120397.0,4811.0,157.0,199.0
PHL,Philippines,RES,MUR,MUR/LWAL/CDN+ERN/H:4/RES,RURAL,253.0,8672969.0,2168243.0,1948.0,41955.0,10841215.0,22993.0,693.0,166.0,207.0
PHL,Philippines,COM,S,S/LFM/CDL+ERL/H:1-2/COM:2,TOTAL,13.0,507229.0,126807.0,0.0,1281.0,634036.0,528.0,0.0,99.0,396.0
PHL,Philippines,COM,S,S/LFM/CDL+ERM/H:1-2/COM:2,TOTAL,783.0,30986887.0,7746722.0,0.0,78250.0,38733607.0,32225.0,0.0,100.0,396.0
PHL,Philippines,IND,S,S/LFM/CDL+ERM/H:1-2/IND:1,TOTAL,86.0,46584625.0,19964842.0,0.0,77127.0,66549468.0,29938.0,0.0,897.0,604.0
PHL,Philippines,IND,S,S/LFM/CDL+ERM/H:1-2/IND:2,TOTAL,198.0,9593725.0,4111597.0,0.0,23806.0,13705325.0,9241.0,0.0,120.0,403.0
PHL,Philippines,IND,S,S/LFM/CDL+ERM/H:1-2/IND:6,TOTAL,297.0,9567445.0,4100335.0,0.0,23741.0,13667774.0,9216.0,0.0,80.0,403.0
PHL,Philippines,COM,S,S/LFM/CDM+ERM/H:1-2/COM:2,TOTAL,87.0,3440669.0,860167.0,0.0,8689.0,4300836.0,3578.0,0.0,100.0,396.0
PHL,Philippines,IND,S,S/LFM/CDM+ERM/H:1-2/IND:2,TOTAL,21.0,1034215.0,443233.0,0.0,2566.0,1477450.0,996.0,0.0,122.0,403.0
PHL,Philippines,IND,S,S/LFM/CDM+ERM/H:1-2/IND:6,TOTAL,32.0,1040955.0,446122.0,0.0,2583.0,1487074.0,1003.0,0.0,81.0,403.0
PHL,Philippines,RES,W,W+WBB/LPB/CDN+ERM/H:1/RES,RURAL,1997565.0,8464762504.0,2116190538.0,7806698.0,48930132.0,10580953142.0,1490677.0,1997603.0,24.0,173.0
PHL,Philippines,RES,W,W+WBB/LPB/CDN+ERM/H:1/RES,URBAN,881236.0,4060815913.0,1015203949.0,3370341.0,23473819.0,5076019882.0,715113.0,881265.0,27.0,173.0
PHL,Philippines,RES,W,W+WBB/LPB/CDN+ERM/H:2/RES,RURAL,44126.0,265391432.0,66347790.0,171723.0,1534194.0,331739646.0,46789.0,44130.0,35.0,173.0
PHL,Philippines,RES,W,W+WBB/LPB/CDN+ERM/H:2/RES,URBAN,27174.0,175888296.0,43972012.0,103719.0,1016839.0,219860288.0,30995.0,27192.0,37.0,173.0
PHL,Philippines,RES,W,W+WBB/LPB/CDN+ERM/H:3/RES,RURAL,179.0,1200515.0,300127.0,762.0,6939.0,1500658.0,212.0,179.0,39.0,173.0
PHL,Philippines,RES,W,W+WBB/LPB/CDN+ERM/H:3/RES,URBAN,249.0,2695912.0,673979.0,971.0,15583.0,3369892.0,475.0,249.0,63.0,173.0
PHL,Philippines,COM,W,W+WLI/LFM/CDN+ERL/H:1-2/COM:1,TOTAL,123494.0,2093216709.0,697738901.0,0.0,6174681.0,2790955608.0,1364056.0,0.0,50.0,339.0
PHL,Philippines,COM,W,W+WLI/LFM/CDN+ERL/H:1-2/COM:5,TOTAL,20229.0,617805880.0,205935287.0,0.0,1213764.0,823741170.0,268134.0,0.0,60.0,509.0
PHL,Philippines,RES,W,W+WLI/LFM/CDN+ERL/H:1/RES,RURAL,346506.0,1862507379.0,465626854.0,1455218.0,10760164.0,2328134195.0,1328923.0,349171.0,31.0,173.0
PHL,Philippines,RES,W,W+WLI/LFM/CDN+ERL/H:1/RES,URBAN,563105.0,3599314468.0,899828648.0,2318199.0,20812454.0,4499143122.0,2570256.0,587861.0,37.0,173.0
PHL,Philippines,RES,W,W+WLI/LFM/CDN+ERL/H:2/RES,URBAN,88796.0,777924818.0,194481271.0,396955.0,4531015.0,972406026.0,559895.0,102735.0,51.0,172.0
PHL,Philippines,RES,W,W+WLI/LFM/CDN+ERL/H:2/RES,RURAL,21498.0,191399564.0,47849713.0,98648.0,1105312.0,239249322.0,136641.0,22029.0,51.0,173.0
PHL,Philippines,RES,W,W+WLI/LFM/CDN+ERL/H:3/RES,RURAL,437.0,5176003.0,1294000.0,1857.0,29865.0,6470019.0,3694.0,474.0,68.0,173.0
PHL,Philippines,RES,W,W+WLI/LFM/CDN+ERL/H:3/RES,URBAN,5451.0,55699806.0,13924923.0,30061.0,330170.0,69624738.0,40826.0,7871.0,61.0,169.0
PHL,Philippines,RES,W,W+WLI/LFM/CDN+ERL/H:4/RES,RURAL,58.0,1087558.0,271888.0,448.0,6284.0,1359444.0,778.0,118.0,108.0,173.0
PHL,Philippines,RES,W,W+WLI/LFM/CDN+ERL/H:4/RES,URBAN,591.0,11784198.0,2946053.0,5139.0,69990.0,14730253.0,8660.0,1489.0,118.0,168.0
PHL,Philippines,RES,W,W+WO/LN/CDN+ERL/H:1/RES,RURAL,2267400.0,11895208712.0,2973802240.0,9413875.0,68727877.0,14869010941.0,8487640.0,2282773.0,30.0,173.0
PHL,Philippines,RES,W,W+WO/LN/CDN+ERL/H:1/RES,URBAN,844762.0,5400168266.0,1350042135.0,3478027.0,31225857.0,6750210359.0,3856258.0,882031.0,37.0,173.0
PHL,Philippines,RES,W,W+WO/LN/CDN+ERL/H:2/RES,RURAL,129275.0,1131762597.0,282940641.0,587971.0,6536403.0,1414703254.0,807740.0,132381.0,51.0,173.0
PHL,Philippines,RES,W,W+WO/LN/CDN+ERL/H:2/RES,URBAN,133025.0,1165742117.0,291435484.0,594709.0,6789392.0,1457177569.0,838951.0,153864.0,51.0,172.0
PHL,Philippines,RES,W,W+WO/LN/CDN+ERL/H:3/RES,RURAL,926.0,11324150.0,2831037.0,4015.0,65565.0,14155174.0,8108.0,1038.0,71.0,173.0
PHL,Philippines,RES,W,W+WO/LN/CDN+ERL/H:3/RES,URBAN,6876.0,59482578.0,14870655.0,38070.0,354872.0,74353223.0,43879.0,10015.0,52.0,168.0
PHL,Philippines,RES,W,W+WO/LN/CDN+ERL/H:4/RES,RURAL,76.0,1280196.0,320048.0,623.0,7434.0,1600240.0,920.0,168.0,98.0,172.0
PHL,Philippines,RES,W,W+WO/LN/CDN+ERL/H:4/RES,URBAN,558.0,9032458.0,2258109.0,4649.0,53878.0,11290561.0,6666.0,1365.0,97.0,168.0
SGP,Singapore,COM,CR-,CR+PC/LFINF/CDL+ERL/H:1/COM,TOTAL,81.0,691371386.0,122006713.0,0.0,320079.0,813378098.0,188617.0,0.0,3952.0,2160.0
SGP,Singapore,COM,CR-,CR+PC/LFINF/CDL+ERL/H:2/COM,TOTAL,37.0,782463524.0,138081801.0,0.0,362252.0,920545319.0,213606.0,0.0,9791.0,2160.0
SGP,Singapore,RES,CR-,CR+PC/LFINF/CDL+ERL/H:2/RES,TOTAL,5.0,21685968.0,3826935.0,112.0,10476.0,25512903.0,4175.0,24.0,2095.0,2070.0
SGP,Singapore,COM,CR-,CR+PC/LFINF/CDL+ERL/H:3/COM,TOTAL,21.0,738114096.0,130255426.0,0.0,341719.0,868369526.0,201629.0,0.0,16272.0,2160.0
SGP,Singapore,COM,CR-,CR+PC/LWAL/CDL+ERL/H:1-3/COM,TOTAL,2977.0,11564575200.0,2040807387.0,0.0,5353970.0,13605382596.0,3470128.0,0.0,1798.0,2160.0
SGP,Singapore,RES,CR-,CR+PC/LWAL/CDL+ERL/H:1-3/RES,TOTAL,2583.0,1899161071.0,335146080.0,27089.0,917469.0,2234307232.0,437865.0,9175.0,355.0,2070.0
SGP,Singapore,COM,CR-,CR+PC/LWAL/CDL+ERL/H:1/COM,TOTAL,95.0,1892514733.0,333973193.0,0.0,876164.0,2226487910.0,567500.0,0.0,9223.0,2160.0
SGP,Singapore,COM,CR-,CR+PC/LWAL/CDL+ERL/H:10/COM,TOTAL,26.0,2492857593.0,439916045.0,0.0,1154101.0,2932773638.0,751988.0,0.0,44388.0,2160.0
SGP,Singapore,RES,CR-,CR+PC/LWAL/CDL+ERL/H:10/RES,TOTAL,143.0,8423664381.0,1486529007.0,44296.0,4069403.0,9910193388.0,1951639.0,11040.0,28457.0,2070.0
SGP,Singapore,IND,CR-,CR+PC/LWAL/CDL+ERL/H:11-15/IND,TOTAL,34.0,2218488989.0,739496328.0,0.0,1733195.0,2957985317.0,1092839.0,0.0,50976.0,1280.0
SGP,Singapore,RES,CR-,CR+PC/LWAL/CDL+ERL/H:11-15/RES,TOTAL,1484.0,25372354422.0,4477474349.0,404759.0,12257176.0,29849828771.0,5889175.0,122572.0,8260.0,2070.0
SGP,Singapore,COM,CR-,CR+PC/LWAL/CDL+ERL/H:11/COM,TOTAL,29.0,1376556956.0,242921816.0,0.0,637295.0,1619478770.0,415522.0,0.0,21976.0,2160.0
SGP,Singapore,RES,CR-,CR+PC/LWAL/CDL+ERL/H:11/RES,TOTAL,216.0,13779456332.0,2431668771.0,72478.0,6656742.0,16211125100.0,3194447.0,17344.0,30818.0,2070.0
SGP,Singapore,COM,CR-,CR+PC/LWAL/CDL+ERL/H:12/COM,TOTAL,25.0,1449366286.0,255770521.0,0.0,671003.0,1705136807.0,437789.0,0.0,26840.0,2160.0
SGP,Singapore,RES,CR-,CR+PC/LWAL/CDL+ERL/H:12/RES,TOTAL,543.0,38921509983.0,6868501754.0,206802.0,18802662.0,45790011729.0,9028556.0,49062.0,34627.0,2070.0
SGP,Singapore,COM,CR-,CR+PC/LWAL/CDL+ERL/H:13/COM,TOTAL,15.0,912441205.0,161019036.0,0.0,422426.0,1073460243.0,275789.0,0.0,28162.0,2160.0
SGP,Singapore,RES,CR-,CR+PC/LWAL/CDL+ERL/H:13/RES,TOTAL,375.0,24894004858.0,4393059684.0,134995.0,12026089.0,29287064543.0,5778142.0,31230.0,32070.0,2070.0
SGP,Singapore,COM,CR-,CR+PC/LWAL/CDL+ERL/H:14/COM,TOTAL,12.0,1214117350.0,214256003.0,0.0,562091.0,1428373354.0,367214.0,0.0,46841.0,2160.0
SGP,Singapore,RES,CR-,CR+PC/LWAL/CDL+ERL/H:14/RES,TOTAL,326.0,22330922805.0,3940751088.0,119807.0,10787885.0,26271673898.0,5186385.0,29130.0,33092.0,2070.0
SGP,Singapore,COM,CR-,CR+PC/LWAL/CDL+ERL/H:15/COM,TOTAL,14.0,1094861360.0,193210827.0,0.0,506880.0,1288072186.0,331362.0,0.0,36206.0,2160.0
SGP,Singapore,RES,CR-,CR+PC/LWAL/CDL+ERL/H:15/RES,TOTAL,473.0,33906512098.0,5983502130.0,184105.0,16379958.0,39890014233.0,7879628.0,45237.0,34630.0,2070.0
SGP,Singapore,RES,CR-,CR+PC/LWAL/CDL+ERL/H:16-20/RES,TOTAL,415.0,13130225121.0,2317098545.0,198378.0,6343104.0,15447323678.0,3056943.0,63431.0,15285.0,2070.0
SGP,Singapore,COM,CR-,CR+PC/LWAL/CDL+ERL/H:16/COM,TOTAL,16.0,1777515044.0,313679125.0,0.0,822924.0,2091194167.0,538323.0,0.0,51433.0,2160.0
SGP,Singapore,RES,CR-,CR+PC/LWAL/CDL+ERL/H:16/RES,TOTAL,874.0,66653501766.0,11762382664.0,351793.0,32199759.0,78415884420.0,15499221.0,88453.0,36842.0,2070.0
SGP,Singapore,COM,CR-,CR+PC/LWAL/CDL+ERL/H:17/COM,TOTAL,5.0,198310740.0,34996013.0,0.0,91811.0,233306756.0,60098.0,0.0,18362.0,2160.0
SGP,Singapore,RES,CR-,CR+PC/LWAL/CDL+ERL/H:17/RES,TOTAL,415.0,29478385694.0,5202068076.0,160086.0,14240766.0,34680453761.0,6858905.0,40800.0,34315.0,2070.0
SGP,Singapore,COM,CR-,CR+PC/LWAL/CDL+ERL/H:18/COM,TOTAL,9.0,577990075.0,101998249.0,0.0,267588.0,679988322.0,175275.0,0.0,29732.0,2160.0
SGP,Singapore,RES,CR-,CR+PC/LWAL/CDL+ERL/H:18/RES,TOTAL,192.0,13671080097.0,2412543542.0,76810.0,6604387.0,16083623642.0,3182863.0,19444.0,34398.0,2070.0
SGP,Singapore,COM,CR-,CR+PC/LWAL/CDL+ERL/H:19/COM,TOTAL,4.0,123993714.0,21881243.0,0.0,57404.0,145874960.0,37626.0,0.0,14351.0,2160.0
SGP,Singapore,RES,CR-,CR+PC/LWAL/CDL+ERL/H:19/RES,TOTAL,83.0,7018157242.0,1238498336.0,33639.0,3390414.0,8256655579.0,1634941.0,8928.0,40848.0,2070.0
SGP,Singapore,COM,CR-,CR+PC/LWAL/CDL+ERL/H:2/COM,TOTAL,1375.0,4630757806.0,817192540.0,0.0,2143869.0,5447950401.0,1389530.0,0.0,1559.0,2160.0
SGP,Singapore,COM,CR-,CR+PC/LWAL/CDL+ERL/H:20/COM,TOTAL,16.0,1228387788.0,216774314.0,0.0,568698.0,1445162100.0,372997.0,0.0,35544.0,2160.0
SGP,Singapore,RES,CR-,CR+PC/LWAL/CDL+ERL/H:20/RES,TOTAL,89.0,7311227961.0,1290216699.0,39682.0,3531994.0,8601444659.0,1704249.0,9970.0,39685.0,2070.0
SGP,Singapore,RES,CR-,CR+PC/LWAL/CDL+ERL/H:21-25/RES,TOTAL,126.0,6200829955.0,1094264107.0,90141.0,2995570.0,7295094067.0,1448047.0,29956.0,23774.0,2070.0
SGP,Singapore,COM,CR-,CR+PC/LWAL/CDL+ERL/H:21/COM,TOTAL,3.0,127067748.0,22423720.0,0.0,58828.0,149491468.0,38609.0,0.0,19609.0,2160.0
SGP,Singapore,RES,CR-,CR+PC/LWAL/CDL+ERL/H:21/RES,TOTAL,83.0,7118883512.0,1256273563.0,35167.0,3439074.0,8375157069.0,1660420.0,8918.0,41435.0,2070.0
SGP,Singapore,COM,CR-,CR+PC/LWAL/CDL+ERL/H:22/COM,TOTAL,4.0,139345409.0,24590366.0,0.0,64512.0,163935776.0,42367.0,0.0,16128.0,2160.0
SGP,Singapore,RES,CR-,CR+PC/LWAL/CDL+ERL/H:22/RES,TOTAL,33.0,2501290522.0,441404209.0,14144.0,1208353.0,2942694736.0,583759.0,3722.0,36617.0,2070.0
SGP,Singapore,COM,CR-,CR+PC/LWAL/CDL+ERL/H:23/COM,TOTAL,3.0,173148086.0,30555544.0,0.0,80161.0,203703630.0,52679.0,0.0,26720.0,2160.0
SGP,Singapore,RES,CR-,CR+PC/LWAL/CDL+ERL/H:23/RES,TOTAL,23.0,2230190391.0,393563011.0,10770.0,1077387.0,2623753400.0,520804.0,2703.0,46843.0,2070.0
SGP,Singapore,COM,CR-,CR+PC/LWAL/CDL+ERL/H:24/COM,TOTAL,2.0,81218972.0,14332760.0,0.0,37601.0,95551732.0,24727.0,0.0,18800.0,2160.0
SGP,Singapore,RES,CR-,CR+PC/LWAL/CDL+ERL/H:24/RES,TOTAL,37.0,3481841286.0,614442578.0,19942.0,1682049.0,4096283862.0,813588.0,4912.0,45461.0,2070.0
SGP,Singapore,COM,CR-,CR+PC/LWAL/CDL+ERL/H:25/COM,TOTAL,9.0,916464130.0,161728964.0,0.0,424289.0,1078193094.0,279194.0,0.0,47143.0,2160.0
SGP,Singapore,RES,CR-,CR+PC/LWAL/CDL+ERL/H:25/RES,TOTAL,120.0,10335169056.0,1823853362.0,54875.0,4992835.0,12159022408.0,2416441.0,14302.0,41607.0,2070.0
SGP,Singapore,RES,CR-,CR+PC/LWAL/CDL+ERL/H:26-30/RES,TOTAL,31.0,2217886107.0,391391669.0,29663.0,1071443.0,2609277773.0,519500.0,10714.0,34563.0,2070.0
SGP,Singapore,COM,CR-,CR+PC/LWAL/CDL+ERL/H:26/COM,TOTAL,4.0,398052298.0,70244523.0,0.0,184283.0,468296822.0,121343.0,0.0,46071.0,2160.0
SGP,Singapore,RES,CR-,CR+PC/LWAL/CDL+ERL/H:26/RES,TOTAL,20.0,1898479225.0,335025746.0,11405.0,917140.0,2233504971.0,444148.0,3023.0,45857.0,2070.0
SGP,Singapore,COM,CR-,CR+PC/LWAL/CDL+ERL/H:27/COM,TOTAL,4.0,254739765.0,44954077.0,0.0,117935.0,299693841.0,77706.0,0.0,29484.0,2160.0
SGP,Singapore,RES,CR-,CR+PC/LWAL/CDL+ERL/H:27/RES,TOTAL,20.0,1729151269.0,305144340.0,11481.0,835339.0,2034295606.0,404778.0,3094.0,41767.0,2070.0
SGP,Singapore,COM,CR-,CR+PC/LWAL/CDL+ERL/H:28/COM,TOTAL,11.0,855863127.0,151034670.0,0.0,396233.0,1006897796.0,261244.0,0.0,36021.0,2160.0
SGP,Singapore,RES,CR-,CR+PC/LWAL/CDL+ERL/H:28/RES,TOTAL,21.0,2716717581.0,479420749.0,12095.0,1312424.0,3196138334.0,636342.0,3356.0,62496.0,2070.0
SGP,Singapore,COM,CR-,CR+PC/LWAL/CDL+ERL/H:29/COM,TOTAL,1.0,37367384.0,6594244.0,0.0,17300.0,43961629.0,11413.0,0.0,17300.0,2160.0
SGP,Singapore,RES,CR-,CR+PC/LWAL/CDL+ERL/H:29/RES,TOTAL,6.0,555247448.0,97984843.0,3401.0,268235.0,653232292.0,130135.0,883.0,44706.0,2070.0
SGP,Singapore,COM,CR-,CR+PC/LWAL/CDL+ERL/H:3/COM,TOTAL,910.0,5087263400.0,897752338.0,0.0,2355215.0,5985015747.0,1527523.0,0.0,2588.0,2160.0
SGP,Singapore,COM,CR-,CR+PC/LWAL/CDL+ERL/H:30/COM,TOTAL,6.0,679523382.0,119915892.0,0.0,314594.0,799439273.0,207688.0,0.0,52432.0,2160.0
SGP,Singapore,RES,CR-,CR+PC/LWAL/CDL+ERL/H:30/RES,TOTAL,98.0,12769764199.0,2253487796.0,55203.0,6168968.0,15023251989.0,2994702.0,15287.0,62949.0,2070.0
SGP,Singapore,RES,CR-,CR+PC/LWAL/CDL+ERL/H:31-35/RES,TOTAL,10.0,949186732.0,167503541.0,10640.0,458544.0,1116690273.0,223001.0,4585.0,45854.0,2070.0
SGP,Singapore,COM,CR-,CR+PC/LWAL/CDL+ERL/H:31/COM,TOTAL,1.0,107186852.0,18915327.0,0.0,49624.0,126102179.0,32782.0,0.0,49624.0,2160.0
SGP,Singapore,RES,CR-,CR+PC/LWAL/CDL+ERL/H:31/RES,TOTAL,2.0,143127072.0,25257719.0,1403.0,69144.0,168384791.0,33586.0,291.0,34572.0,2070.0
SGP,Singapore,COM,CR-,CR+PC/LWAL/CDL+ERL/H:32/COM,TOTAL,2.0,267285868.0,47168094.0,0.0,123743.0,314453962.0,81799.0,0.0,61872.0,2160.0
SGP,Singapore,COM,CR-,CR+PC/LWAL/CDL+ERL/H:33/COM,TOTAL,2.0,1485646281.0,262172873.0,0.0,687799.0,1747819155.0,454957.0,0.0,343900.0,2160.0
SGP,Singapore,RES,CR-,CR+PC/LWAL/CDL+ERL/H:34/RES,TOTAL,1.0,103086000.0,18191647.0,459.0,49800.0,121277647.0,24234.0,126.0,49800.0,2070.0
SGP,Singapore,COM,CR-,CR+PC/LWAL/CDL+ERL/H:35/COM,TOTAL,2.0,674644132.0,119054847.0,0.0,312335.0,793698979.0,206869.0,0.0,156168.0,2160.0
SGP,Singapore,RES,CR-,CR+PC/LWAL/CDL+ERL/H:35/RES,TOTAL,3.0,297875415.0,52566250.0,2077.0,143901.0,350441665.0,70067.0,577.0,47967.0,2070.0
SGP,Singapore,COM,CR-,CR+PC/LWAL/CDL+ERL/H:36/COM,TOTAL,1.0,156100202.0,27547094.0,0.0,72269.0,183647296.0,47897.0,0.0,72269.0,2160.0
SGP,Singapore,RES,CR-,CR+PC/LWAL/CDL+ERL/H:36/RES,TOTAL,2.0,242545365.0,42802123.0,1225.0,117172.0,285347488.0,57086.0,353.0,58586.0,2070.0
SGP,Singapore,COM,CR-,CR+PC/LWAL/CDL+ERL/H:37/COM,TOTAL,4.0,543090851.0,95839562.0,0.0,251431.0,638930413.0,166746.0,0.0,62858.0,2160.0
SGP,Singapore,COM,CR-,CR+PC/LWAL/CDL+ERL/H:38/COM,TOTAL,1.0,9358983.0,1651585.0,0.0,4333.0,11010568.0,2875.0,0.0,4333.0,2160.0
SGP,Singapore,RES,CR-,CR+PC/LWAL/CDL+ERL/H:38/RES,TOTAL,3.0,241943961.0,42695993.0,1676.0,116881.0,284639954.0,57013.0,472.0,38960.0,2070.0
SGP,Singapore,COM,CR-,CR+PC/LWAL/CDL+ERL/H:4-6/COM,TOTAL,301.0,5198771952.0,917430349.0,0.0,2406839.0,6116202287.0,1563073.0,0.0,7996.0,2160.0
SGP,Singapore,IND,CR-,CR+PC/LWAL/CDL+ERL/H:4-6/IND,TOTAL,24.0,483172183.0,161057396.0,0.0,377478.0,644229583.0,236591.0,0.0,15728.0,1280.0
SGP,Singapore,RES,CR-,CR+PC/LWAL/CDL+ERL/H:4-6/RES,TOTAL,1205.0,4500020012.0,794121193.0,67699.0,2173923.0,5294141218.0,1039408.0,21739.0,1804.0,2070.0
SGP,Singapore,COM,CR-,CR+PC/LWAL/CDL+ERL/H:4/COM,TOTAL,330.0,11454918571.0,2021456207.0,0.0,5303203.0,13476374786.0,3441777.0,0.0,16070.0,2160.0
SGP,Singapore,RES,CR-,CR+PC/LWAL/CDL+ERL/H:4/RES,TOTAL,38.0,553860776.0,97740137.0,2940.0,267566.0,651600913.0,127851.0,655.0,7041.0,2070.0
SGP,Singapore,COM,CR-,CR+PC/LWAL/CDL+ERL/H:40/COM,TOTAL,1.0,181972660.0,32112822.0,0.0,84247.0,214085483.0,55980.0,0.0,84247.0,2160.0
SGP,Singapore,RES,CR-,CR+PC/LWAL/CDL+ERL/H:40/RES,TOTAL,45.0,9159846852.0,1616443563.0,42295.0,4425047.0,10776290416.0,2161082.0,11276.0,98334.0,2070.0
SGP,Singapore,COM,CR-,CR+PC/LWAL/CDL+ERL/H:41/COM,TOTAL,1.0,157036661.0,27712352.0,0.0,72702.0,184749013.0,48340.0,0.0,72702.0,2160.0
SGP,Singapore,RES,CR-,CR+PC/LWAL/CDL+ERL/H:42/RES,TOTAL,2.0,290783072.0,51314660.0,2036.0,140475.0,342097732.0,68687.0,539.0,70238.0,2070.0
SGP,Singapore,COM,CR-,CR+PC/LWAL/CDL+ERL/H:43/COM,TOTAL,1.0,212201208.0,37447272.0,0.0,98241.0,249648480.0,65406.0,0.0,98241.0,2160.0
SGP,Singapore,COM,CR-,CR+PC/LWAL/CDL+ERL/H:45/COM,TOTAL,4.0,500064768.0,88246723.0,0.0,231511.0,588311491.0,154332.0,0.0,57878.0,2160.0
SGP,Singapore,COM,CR-,CR+PC/LWAL/CDL+ERL/H:46/COM,TOTAL,1.0,354008202.0,62472036.0,0.0,163893.0,416480238.0,109326.0,0.0,163893.0,2160.0
SGP,Singapore,COM,CR-,CR+PC/LWAL/CDL+ERL/H:47/COM,TOTAL,2.0,352278787.0,62166845.0,0.0,163092.0,414445633.0,108862.0,0.0,81546.0,2160.0
SGP,Singapore,COM,CR-,CR+PC/LWAL/CDL+ERL/H:5/COM,TOTAL,224.0,10689562049.0,1886393289.0,0.0,4948871.0,12575955351.0,3213943.0,0.0,22093.0,2160.0
SGP,Singapore,COM,CR-,CR+PC/LWAL/CDL+ERL/H:50/COM,TOTAL,6.0,1597531636.0,281917349.0,0.0,739598.0,1879448984.0,494627.0,0.0,123266.0,2160.0
SGP,Singapore,RES,CR-,CR+PC/LWAL/CDL+ERL/H:50/RES,TOTAL,7.0,1399774964.0,247019110.0,6167.0,676220.0,1646794075.0,332229.0,1966.0,96603.0,2070.0
SGP,Singapore,COM,CR-,CR+PC/LWAL/CDL+ERL/H:52/COM,TOTAL,1.0,212045871.0,37419860.0,0.0,98169.0,249465731.0,65738.0,0.0,98169.0,2160.0
SGP,Singapore,COM,CR-,CR+PC/LWAL/CDL+ERL/H:54/COM,TOTAL,1.0,144971399.0,25583188.0,0.0,67116.0,170554587.0,45001.0,0.0,67116.0,2160.0
SGP,Singapore,COM,CR-,CR+PC/LWAL/CDL+ERL/H:55/COM,TOTAL,1.0,1290429664.0,227722882.0,0.0,597421.0,1518152546.0,400826.0,0.0,597421.0,2160.0
SGP,Singapore,COM,CR-,CR+PC/LWAL/CDL+ERL/H:57/COM,TOTAL,1.0,1290429664.0,227722882.0,0.0,597421.0,1518152546.0,401340.0,0.0,597421.0,2160.0
SGP,Singapore,COM,CR-,CR+PC/LWAL/CDL+ERL/H:6/COM,TOTAL,136.0,6402985867.0,1129938678.0,0.0,2964345.0,7532924559.0,1926408.0,0.0,21797.0,2160.0
SGP,Singapore,RES,CR-,CR+PC/LWAL/CDL+ERL/H:6/RES,TOTAL,5.0,163089189.0,28780444.0,635.0,78787.0,191869634.0,37693.0,152.0,15757.0,2070.0
SGP,Singapore,COM,CR-,CR+PC/LWAL/CDL+ERL/H:61/COM,TOTAL,1.0,1088502878.0,192088743.0,0.0,503937.0,1280591622.0,339405.0,0.0,503937.0,2160.0
SGP,Singapore,IND,CR-,CR+PC/LWAL/CDL+ERL/H:7-10/IND,TOTAL,8.0,406526508.0,135508836.0,0.0,317599.0,542035344.0,199509.0,0.0,39700.0,1280.0
SGP,Singapore,RES,CR-,CR+PC/LWAL/CDL+ERL/H:7-10/RES,TOTAL,2306.0,21061225690.0,3716686873.0,334732.0,10174505.0,24777912589.0,4873622.0,101745.0,4412.0,2070.0
SGP,Singapore,COM,CR-,CR+PC/LWAL/CDL+ERL/H:7/COM,TOTAL,77.0,5863605144.0,1034753852.0,0.0,2714632.0,6898358994.0,1765296.0,0.0,35255.0,2160.0
SGP,Singapore,RES,CR-,CR+PC/LWAL/CDL+ERL/H:7/RES,TOTAL,5.0,173558435.0,30627959.0,913.0,83845.0,204186394.0,40137.0,197.0,16769.0,2070.0
SGP,Singapore,COM,CR-,CR+PC/LWAL/CDL+ERL/H:8/COM,TOTAL,65.0,3031740151.0,535012968.0,0.0,1403583.0,3566753116.0,913339.0,0.0,21594.0,2160.0
SGP,Singapore,RES,CR-,CR+PC/LWAL/CDL+ERL/H:8/RES,TOTAL,28.0,1228817889.0,216850216.0,6884.0,593632.0,1445668104.0,284351.0,1455.0,21201.0,2070.0
SGP,Singapore,COM,CR-,CR+PC/LWAL/CDL+ERL/H:9/COM,TOTAL,41.0,3174292398.0,560169247.0,0.0,1469580.0,3734461647.0,956916.0,0.0,35843.0,2160.0
SGP,Singapore,RES,CR-,CR+PC/LWAL/CDL+ERL/H:9/RES,TOTAL,62.0,3384570810.0,597277201.0,18111.0,1635058.0,3981848016.0,783677.0,3950.0,26372.0,2070.0
SGP,Singapore,RES,CR-,CR+PC/LWAL/CDL+ERL/H:>35/RES,TOTAL,6.0,732573000.0,129277589.0,2004.0,353900.0,861850589.0,172421.0,3539.0,58983.0,2070.0
SGP,Singapore,COM,CR+,CR+PC/LWAL/CDM+ERM/H:1/COM,TOTAL,25.0,134759212.0,23781040.0,0.0,62389.0,158540252.0,40410.0,0.0,2496.0,2160.0
SGP,Singapore,RES,CR+,CR+PC/LWAL/CDM+ERM/H:11/RES,TOTAL,17.0,1183444866.0,208843213.0,5918.0,571712.0,1392288077.0,274354.0,1630.0,33630.0,2070.0
SGP,Singapore,RES,CR+,CR+PC/LWAL/CDM+ERM/H:12/RES,TOTAL,10.0,695346573.0,122708220.0,5092.0,335916.0,818054790.0,161298.0,1310.0,33592.0,2070.0
SGP,Singapore,RES,CR+,CR+PC/LWAL/CDM+ERM/H:13/RES,TOTAL,122.0,9824851116.0,1733797254.0,57399.0,4746305.0,11558648373.0,2280444.0,14775.0,38904.0,2070.0
SGP,Singapore,RES,CR+,CR+PC/LWAL/CDM+ERM/H:14/RES,TOTAL,80.0,5872832897.0,1036382278.0,37929.0,2837117.0,6909215175.0,1363973.0,9800.0,35464.0,2070.0
SGP,Singapore,RES,CR+,CR+PC/LWAL/CDM+ERM/H:15/RES,TOTAL,131.0,9932018269.0,1752709102.0,61802.0,4798076.0,11684727376.0,2308129.0,16601.0,36627.0,2070.0
SGP,Singapore,RES,CR+,CR+PC/LWAL/CDM+ERM/H:16/RES,TOTAL,170.0,14249440760.0,2514607191.0,82945.0,6883788.0,16764047954.0,3313483.0,21190.0,40493.0,2070.0
SGP,Singapore,RES,CR+,CR+PC/LWAL/CDM+ERM/H:17/RES,TOTAL,185.0,12395339614.0,2187412875.0,81099.0,5988087.0,14582752481.0,2884095.0,22774.0,32368.0,2070.0
SGP,Singapore,RES,CR+,CR+PC/LWAL/CDM+ERM/H:18/RES,TOTAL,86.0,7522771342.0,1327547881.0,48162.0,3634189.0,8850319224.0,1751431.0,13163.0,42258.0,2070.0
SGP,Singapore,RES,CR+,CR+PC/LWAL/CDM+ERM/H:19/RES,TOTAL,55.0,4259652638.0,751703410.0,27675.0,2057803.0,5011356046.0,992323.0,7650.0,37415.0,2070.0
SGP,Singapore,COM,CR+,CR+PC/LWAL/CDM+ERM/H:2/COM,TOTAL,18.0,217352656.0,38356351.0,0.0,100626.0,255709006.0,65220.0,0.0,5590.0,2160.0
SGP,Singapore,RES,CR+,CR+PC/LWAL/CDM+ERM/H:20/RES,TOTAL,30.0,2173848045.0,383620245.0,15145.0,1050168.0,2557468289.0,506724.0,4410.0,35006.0,2070.0
SGP,Singapore,RES,CR+,CR+PC/LWAL/CDM+ERM/H:21/RES,TOTAL,13.0,997611221.0,176049041.0,7387.0,481938.0,1173660261.0,232685.0,2172.0,37072.0,2070.0
SGP,Singapore,RES,CR+,CR+PC/LWAL/CDM+ERM/H:22/RES,TOTAL,43.0,3696027083.0,652240074.0,23630.0,1785520.0,4348267152.0,862590.0,7255.0,41524.0,2070.0
SGP,Singapore,RES,CR+,CR+PC/LWAL/CDM+ERM/H:23/RES,TOTAL,3.0,194110839.0,34254854.0,1113.0,93773.0,228365693.0,45330.0,310.0,31258.0,2070.0
SGP,Singapore,RES,CR+,CR+PC/LWAL/CDM+ERM/H:24/RES,TOTAL,6.0,451876667.0,79742941.0,3990.0,218298.0,531619608.0,105588.0,983.0,36383.0,2070.0
SGP,Singapore,RES,CR+,CR+PC/LWAL/CDM+ERM/H:25/RES,TOTAL,9.0,999733071.0,176423485.0,6007.0,482963.0,1176156554.0,233745.0,1626.0,53663.0,2070.0
SGP,Singapore,RES,CR+,CR+PC/LWAL/CDM+ERM/H:26/RES,TOTAL,22.0,1838078168.0,324366737.0,13045.0,887960.0,2162444904.0,430017.0,3625.0,40362.0,2070.0
SGP,Singapore,RES,CR+,CR+PC/LWAL/CDM+ERM/H:27/RES,TOTAL,4.0,281754766.0,49721429.0,2787.0,136113.0,331476196.0,65956.0,648.0,34028.0,2070.0
SGP,Singapore,RES,CR+,CR+PC/LWAL/CDM+ERM/H:28/RES,TOTAL,8.0,1007597487.0,177811321.0,6046.0,486762.0,1185408807.0,236012.0,1516.0,60845.0,2070.0
SGP,Singapore,RES,CR+,CR+PC/LWAL/CDM+ERM/H:29/RES,TOTAL,4.0,230856035.0,40739301.0,2962.0,111525.0,271595335.0,54107.0,779.0,27881.0,2070.0
SGP,Singapore,COM,CR+,CR+PC/LWAL/CDM+ERM/H:3/COM,TOTAL,4.0,161356384.0,28474656.0,0.0,74702.0,189831039.0,48449.0,0.0,18676.0,2160.0
SGP,Singapore,RES,CR+,CR+PC/LWAL/CDM+ERM/H:30/RES,TOTAL,13.0,1312388596.0,231597986.0,9767.0,634004.0,1543986586.0,307775.0,2736.0,48770.0,2070.0
SGP,Singapore,RES,CR+,CR+PC/LWAL/CDM+ERM/H:31/RES,TOTAL,7.0,818710899.0,144478394.0,5743.0,395513.0,963189295.0,192116.0,1809.0,56502.0,2070.0
SGP,Singapore,RES,CR+,CR+PC/LWAL/CDM+ERM/H:32/RES,TOTAL,4.0,453725760.0,80069252.0,3002.0,219191.0,533795012.0,106534.0,950.0,54798.0,2070.0
SGP,Singapore,RES,CR+,CR+PC/LWAL/CDM+ERM/H:33/RES,TOTAL,4.0,476327304.0,84057760.0,3096.0,230110.0,560385063.0,111908.0,840.0,57528.0,2070.0
SGP,Singapore,RES,CR+,CR+PC/LWAL/CDM+ERM/H:34/RES,TOTAL,4.0,563370218.0,99418273.0,2775.0,272160.0,662788491.0,132438.0,733.0,68040.0,2070.0
SGP,Singapore,RES,CR+,CR+PC/LWAL/CDM+ERM/H:35/RES,TOTAL,6.0,870825283.0,153675050.0,5015.0,420689.0,1024500333.0,204838.0,1318.0,70115.0,2070.0
SGP,Singapore,RES,CR+,CR+PC/LWAL/CDM+ERM/H:36/RES,TOTAL,7.0,798977397.0,140996012.0,4100.0,385979.0,939973410.0,188050.0,1193.0,55140.0,2070.0
SGP,Singapore,RES,CR+,CR+PC/LWAL/CDM+ERM/H:38/RES,TOTAL,10.0,1170891434.0,206627901.0,8128.0,565648.0,1377519333.0,275917.0,1921.0,56565.0,2070.0
SGP,Singapore,COM,CR+,CR+PC/LWAL/CDM+ERM/H:4/COM,TOTAL,5.0,182709893.0,32242922.0,0.0,84588.0,214952815.0,54898.0,0.0,16918.0,2160.0
SGP,Singapore,RES,CR+,CR+PC/LWAL/CDM+ERM/H:40/RES,TOTAL,25.0,2949950028.0,520579416.0,20067.0,1425097.0,3470529440.0,695981.0,5597.0,57004.0,2070.0
SGP,Singapore,RES,CR+,CR+PC/LWAL/CDM+ERM/H:43/RES,TOTAL,4.0,394523370.0,69621772.0,2342.0,190591.0,464145142.0,93247.0,604.0,47648.0,2070.0
SGP,Singapore,RES,CR+,CR+PC/LWAL/CDM+ERM/H:47/RES,TOTAL,2.0,1235084130.0,217956023.0,2482.0,596659.0,1453040153.0,292616.0,640.0,298330.0,2070.0
SGP,Singapore,RES,CR+,CR+PC/LWAL/CDM+ERM/H:48/RES,TOTAL,2.0,311982459.0,55055728.0,1608.0,150716.0,367038187.0,73959.0,462.0,75358.0,2070.0
SGP,Singapore,COM,CR+,CR+PC/LWAL/CDM+ERM/H:5/COM,TOTAL,9.0,619609563.0,109342866.0,0.0,286856.0,728952428.0,186293.0,0.0,31873.0,2160.0
SGP,Singapore,COM,CR+,CR+PC/LWAL/CDM+ERM/H:6/COM,TOTAL,15.0,1222675094.0,215766192.0,0.0,566053.0,1438441286.0,367855.0,0.0,37737.0,2160.0
SGP,Singapore,COM,CR+,CR+PC/LWAL/CDM+ERM/H:7/COM,TOTAL,27.0,3571905768.0,630336312.0,0.0,1653660.0,4202242079.0,1075358.0,0.0,61247.0,2160.0
SGP,Singapore,COM,CR+,CR+PC/LWAL/CDM+ERM/H:8/COM,TOTAL,6.0,692386508.0,122185855.0,0.0,320549.0,814572362.0,208588.0,0.0,53425.0,2160.0
SGP,Singapore,RES,CR+,CR+PC/LWAL/CDM+ERM/H:8/RES,TOTAL,1.0,846415946.0,149367520.0,233.0,408897.0,995783466.0,195863.0,64.0,408897.0,2070.0
SGP,Singapore,COM,CR-,CR/LFINF/CDL+ERL/H:1/COM,TOTAL,81.0,623972057.0,110112712.0,0.0,288876.0,734084778.0,170229.0,0.0,3566.0,2160.0
SGP,Singapore,RES,CR-,CR/LFINF/CDL+ERL/H:10/RES,TOTAL,453.0,26444693561.0,4666710624.0,186563.0,12775214.0,31111404184.0,5115625.0,52432.0,28201.0,2070.0
SGP,Singapore,COM,CR-,CR/LFINF/CDL+ERL/H:2/COM,TOTAL,112.0,1119472728.0,197554015.0,0.0,518274.0,1317026743.0,305607.0,0.0,4627.0,2160.0
SGP,Singapore,RES,CR-,CR/LFINF/CDL+ERL/H:2/RES,TOTAL,94.0,767502468.0,135441613.0,1558.0,370774.0,902944082.0,147764.0,464.0,3944.0,2070.0
SGP,Singapore,COM,CR-,CR/LFINF/CDL+ERL/H:3/COM,TOTAL,20.0,571187195.0,100797738.0,0.0,264439.0,671984937.0,156030.0,0.0,13222.0,2160.0
SGP,Singapore,RES,CR-,CR/LFINF/CDL+ERL/H:3/RES,TOTAL,31.0,646773482.0,114136498.0,2765.0,312451.0,760909975.0,124595.0,758.0,10079.0,2070.0
SGP,Singapore,COM,CR-,CR/LFINF/CDL+ERL/H:4/COM,TOTAL,31.0,1084219887.0,191332921.0,0.0,501954.0,1275552803.0,296365.0,0.0,16192.0,2160.0
SGP,Singapore,RES,CR-,CR/LFINF/CDL+ERL/H:4/RES,TOTAL,925.0,18097656730.0,3193704132.0,92357.0,8742829.0,21291360855.0,3488426.0,24628.0,9452.0,2070.0
SGP,Singapore,COM,CR-,CR/LFINF/CDL+ERL/H:5/COM,TOTAL,12.0,1043056856.0,184068858.0,0.0,482897.0,1227125713.0,285297.0,0.0,40241.0,2160.0
SGP,Singapore,RES,CR-,CR/LFINF/CDL+ERL/H:5/RES,TOTAL,16.0,610484745.0,107732604.0,2330.0,294920.0,718217346.0,117745.0,653.0,18432.0,2070.0
SGP,Singapore,COM,CR-,CR/LFINF/CDL+ERL/H:6/COM,TOTAL,2.0,192830722.0,34028951.0,0.0,89273.0,226859674.0,52777.0,0.0,44636.0,2160.0
SGP,Singapore,RES,CR-,CR/LFINF/CDL+ERL/H:6/RES,TOTAL,6.0,230682189.0,40708622.0,896.0,111441.0,271390810.0,44518.0,228.0,18574.0,2070.0
SGP,Singapore,COM,CR-,CR/LFINF/CDL+ERL/H:7/COM,TOTAL,4.0,326786236.0,57668160.0,0.0,151290.0,384454395.0,89498.0,0.0,37822.0,2160.0
SGP,Singapore,RES,CR-,CR/LFINF/CDL+ERL/H:7/RES,TOTAL,14.0,418566026.0,73864593.0,2867.0,202206.0,492430619.0,80825.0,820.0,14443.0,2070.0
SGP,Singapore,COM,CR-,CR/LFINF/CDL+ERL/H:8/COM,TOTAL,1.0,53480827.0,9437793.0,0.0,24760.0,62918620.0,14656.0,0.0,24760.0,2160.0
SGP,Singapore,RES,CR-,CR/LFINF/CDL+ERL/H:8/RES,TOTAL,58.0,3312416208.0,584544037.0,18258.0,1600201.0,3896960249.0,640012.0,5160.0,27590.0,2070.0
SGP,Singapore,RES,CR-,CR/LFINF/CDL+ERL/H:9/RES,TOTAL,169.0,11447693747.0,2020181251.0,63693.0,5530287.0,13467875003.0,2213195.0,16978.0,32724.0,2070.0
SGP,Singapore,COM,CR-,CR/LFM/CDL+ERL/H:1/COM,TOTAL,7.0,68227560.0,12040158.0,0.0,31587.0,80267715.0,18614.0,0.0,4512.0,2160.0
SGP,Singapore,COM,CR-,CR/LFM/CDL+ERL/H:13/COM,TOTAL,1.0,75638015.0,13347885.0,0.0,35018.0,88985901.0,20795.0,0.0,35018.0,2160.0
SGP,Singapore,COM,CR-,CR/LFM/CDL+ERL/H:15/COM,TOTAL,1.0,167736357.0,29600534.0,0.0,77656.0,197336890.0,46175.0,0.0,77656.0,2160.0
SGP,Singapore,COM,CR-,CR/LFM/CDL+ERL/H:2/COM,TOTAL,29.0,534777778.0,94372550.0,0.0,247582.0,629150327.0,145990.0,0.0,8537.0,2160.0
SGP,Singapore,COM,CR-,CR/LFM/CDL+ERL/H:3/COM,TOTAL,53.0,2115467487.0,373317793.0,0.0,979383.0,2488785276.0,577877.0,0.0,18479.0,2160.0
SGP,Singapore,COM,CR-,CR/LFM/CDL+ERL/H:4/COM,TOTAL,84.0,3381344858.0,596707917.0,0.0,1565437.0,3978052769.0,924269.0,0.0,18636.0,2160.0
SGP,Singapore,COM,CR-,CR/LFM/CDL+ERL/H:5/COM,TOTAL,358.0,17550154270.0,3097086044.0,0.0,8125071.0,20647240325.0,4800313.0,0.0,22696.0,2160.0
SGP,Singapore,COM,CR-,CR/LFM/CDL+ERL/H:6/COM,TOTAL,125.0,7761224469.0,1369627849.0,0.0,3593159.0,9130852326.0,2124215.0,0.0,28745.0,2160.0
SGP,Singapore,COM,CR-,CR/LFM/CDL+ERL/H:7/COM,TOTAL,49.0,3721712721.0,656772826.0,0.0,1723015.0,4378485556.0,1019273.0,0.0,35164.0,2160.0
SGP,Singapore,COM,CR-,CR/LFM/CDL+ERL/H:8/COM,TOTAL,15.0,1405790130.0,248080611.0,0.0,650829.0,1653870743.0,385254.0,0.0,43389.0,2160.0
SGP,Singapore,IND,CR-,CR/LFM/CDN+ERL/H:1-2/IND,TOTAL,6421.0,63602924020.0,21200974724.0,0.0,49689785.0,84803899332.0,29304864.0,0.0,7739.0,1280.0
SGP,Singapore,RES,CR-,CR/LWAL/CDL+ERL/H:11/RES,TOTAL,494.0,37817630381.0,6673699479.0,219714.0,18269387.0,44491329847.0,8767141.0,58252.0,36983.0,2070.0
SGP,Singapore,RES,CR-,CR/LWAL/CDL+ERL/H:12/RES,TOTAL,1628.0,119810079107.0,21142955145.0,758232.0,57879265.0,140953034232.0,27792140.0,203937.0,35552.0,2070.0
SGP,Singapore,RES,CR-,CR/LWAL/CDL+ERL/H:13/RES,TOTAL,725.0,57784805010.0,10197318525.0,331116.0,27915365.0,67982123529.0,13412418.0,88080.0,38504.0,2070.0
SGP,Singapore,RES,CR-,CR/LWAL/CDL+ERL/H:14/RES,TOTAL,188.0,16063855969.0,2834798114.0,111463.0,7760317.0,18898654084.0,3730851.0,29862.0,41278.0,2070.0
SGP,Singapore,RES,CR-,CR/LWAL/CDL+ERL/H:15/RES,TOTAL,88.0,7136355053.0,1259356776.0,37272.0,3447515.0,8395711828.0,1658437.0,9381.0,39176.0,2070.0
SGP,Singapore,RES,CR-,CR/LWAL/CDL+ERL/H:16/RES,TOTAL,162.0,14663888107.0,2587744968.0,98482.0,7084004.0,17251633073.0,3409856.0,27788.0,43728.0,2070.0
SGP,Singapore,RES,CR-,CR/LWAL/CDL+ERL/H:17/RES,TOTAL,42.0,3707701144.0,654300201.0,15442.0,1791160.0,4362001346.0,862692.0,4201.0,42647.0,2070.0
SGP,Singapore,RES,CR-,CR/LWAL/CDL+ERL/H:18/RES,TOTAL,24.0,3261817217.0,575614804.0,12885.0,1575757.0,3837432019.0,759407.0,3497.0,65657.0,2070.0
SGP,Singapore,RES,CR-,CR/LWAL/CDL+ERL/H:19/RES,TOTAL,17.0,1464106169.0,258371678.0,5468.0,707298.0,1722477844.0,341076.0,1620.0,41606.0,2070.0
SGP,Singapore,RES,CR-,CR/LWAL/CDL+ERL/H:20/RES,TOTAL,47.0,4154454866.0,733139093.0,21764.0,2006983.0,4887593962.0,968404.0,6852.0,42702.0,2070.0
SGP,Singapore,RES,CR-,CR/LWAL/CDL+ERL/H:21/RES,TOTAL,23.0,1505364884.0,265652626.0,9108.0,727229.0,1771017509.0,351114.0,2682.0,31619.0,2070.0
SGP,Singapore,COM,CR-,CR/LWAL/CDL+ERL/H:22/COM,TOTAL,1.0,426822935.0,75321694.0,0.0,197603.0,502144630.0,129774.0,0.0,197603.0,2160.0
SGP,Singapore,RES,CR-,CR/LWAL/CDL+ERL/H:22/RES,TOTAL,38.0,3981858342.0,702680882.0,28708.0,1923603.0,4684539228.0,929299.0,7592.0,50621.0,2070.0
SGP,Singapore,RES,CR-,CR/LWAL/CDL+ERL/H:23/RES,TOTAL,3.0,222601451.0,39282609.0,1067.0,107537.0,261884060.0,51983.0,350.0,35846.0,2070.0
SGP,Singapore,RES,CR-,CR/LWAL/CDL+ERL/H:24/RES,TOTAL,7.0,1704584288.0,300808991.0,3396.0,823471.0,2005393281.0,398304.0,993.0,117639.0,2070.0
SGP,Singapore,RES,CR-,CR/LWAL/CDL+ERL/H:25/RES,TOTAL,211.0,19926800913.0,3516494276.0,77074.0,9626474.0,23443295182.0,4659038.0,21050.0,45623.0,2070.0
SGP,Singapore,RES,CR-,CR/LWAL/CDL+ERL/H:26/RES,TOTAL,2.0,251442128.0,44372140.0,667.0,121470.0,295814269.0,58825.0,202.0,60735.0,2070.0
SGP,Singapore,COM,CR-,CR/LWAL/CDL+ERL/H:27/COM,TOTAL,1.0,350867114.0,61917726.0,0.0,162438.0,412784840.0,107029.0,0.0,162438.0,2160.0
SGP,Singapore,RES,CR-,CR/LWAL/CDL+ERL/H:27/RES,TOTAL,3.0,413558561.0,72980923.0,885.0,199787.0,486539484.0,96810.0,300.0,66596.0,2070.0
SGP,Singapore,RES,OT,MATO/LO/CDN+ERN/H:1-3/RES,TOTAL,81392.0,32719460618.0,8179870377.0,300550.0,24417511.0,40899334315.0,3017366.0,81392.0,300.0,1340.0
SGP,Singapore,IND,S,S/LFM/CDL+ERL/H:1-2/IND,TOTAL,2968.0,8755959016.0,3752553873.0,0.0,6840593.0,12508512851.0,2655322.0,0.0,2305.0,1280.0
THA,Thailand,COM,CR-,CR/LDUAL/CDL+ERL/H:6-12/COM:3,TOTAL,5261.0,14730761418.0,2599546137.0,0.0,26304931.0,17330307550.0,16354743.0,0.0,5000.0,560.0
THA,Thailand,COM,CR-,CR/LDUAL/CDL+ERL/H:6-12/COM:5B,TOTAL,2094.0,7034908627.0,1241454468.0,0.0,12562337.0,8276363088.0,7810467.0,0.0,5999.0,560.0
THA,Thailand,RES,CR-,CR/LDUAL/CDL+ERL/H:6-12/RES,URBAN,2341.0,5182987227.0,914644805.0,306127.0,12641432.0,6097632036.0,5559014.0,82058.0,5400.0,410.0
THA,Thailand,COM,CR-,CR/LDUAL/CDL+ERL/H:>12/COM:3,TOTAL,1564.0,6568243641.0,1159101819.0,0.0,11729007.0,7727345461.0,7311365.0,0.0,7499.0,560.0
THA,Thailand,COM,CR-,CR/LDUAL/CDL+ERL/H:>12/COM:5B,TOTAL,3664.0,12310836888.0,2172500629.0,0.0,21983637.0,14483337518.0,13703667.0,0.0,6000.0,560.0
THA,Thailand,COM,CR+,CR/LDUAL/CDM+ERM/H:6-12/COM:3,TOTAL,802.0,2245892744.0,396334008.0,0.0,4010523.0,2642226750.0,2493490.0,0.0,5001.0,560.0
THA,Thailand,COM,CR+,CR/LDUAL/CDM+ERM/H:6-12/COM:5B,TOTAL,338.0,1137085510.0,200662150.0,0.0,2030510.0,1337747659.0,1262443.0,0.0,6007.0,560.0
THA,Thailand,RES,CR+,CR/LDUAL/CDM+ERM/H:6-12/RES,URBAN,1870.0,4141058764.0,730775076.0,240304.0,10100143.0,4871833836.0,4441494.0,64421.0,5401.0,410.0
THA,Thailand,COM,CR+,CR/LDUAL/CDM+ERM/H:>12/COM:3,TOTAL,539.0,2263295911.0,399405160.0,0.0,4041600.0,2662701071.0,2519362.0,0.0,7498.0,560.0
THA,Thailand,COM,CR+,CR/LDUAL/CDM+ERM/H:>12/COM:5B,TOTAL,1321.0,4437902948.0,783159342.0,0.0,7924827.0,5221062291.0,4940001.0,0.0,5999.0,560.0
THA,Thailand,RES,CR+,CR/LDUAL/CDM+ERM/H:>12/RES,URBAN,120.0,444112539.0,78372801.0,27074.0,1083201.0,522485340.0,477484.0,7192.0,9027.0,410.0
THA,Thailand,COM,CR-,CR/LFINF/CDL+ERL/H:1/COM,TOTAL,34748.0,972945963.0,171696347.0,0.0,1737403.0,1144642304.0,1023818.0,0.0,50.0,560.0
THA,Thailand,COM,CR-,CR/LFINF/CDL+ERL/H:1/COM:1,TOTAL,161582.0,4524291783.0,798404431.0,0.0,8079092.0,5322696219.0,4760853.0,0.0,50.0,560.0
THA,Thailand,COM,CR-,CR/LFINF/CDL+ERL/H:1/COM:2,TOTAL,10922.0,428138215.0,75553803.0,0.0,764533.0,503692017.0,450524.0,0.0,70.0,560.0
THA,Thailand,COM,CR-,CR/LFINF/CDL+ERL/H:1/COM:3,TOTAL,29532.0,826889203.0,145921627.0,0.0,1476588.0,972810829.0,870125.0,0.0,50.0,560.0
THA,Thailand,COM,CR-,CR/LFINF/CDL+ERL/H:1/COM:5,TOTAL,69562.0,2337288245.0,412462632.0,0.0,4173729.0,2749750883.0,2459498.0,0.0,60.0,560.0
THA,Thailand,RES,CR-,CR/LFINF/CDL+ERL/H:1/RES,URBAN,955361.0,31335836497.0,5529853494.0,2877859.0,76428869.0,36865689989.0,30440789.0,955361.0,80.0,410.0
THA,Thailand,RES,CR-,CR/LFINF/CDL+ERL/H:1/RES,RURAL,788005.0,20803321257.0,3671174339.0,2176415.0,63040367.0,24474495600.0,25108294.0,788005.0,80.0,330.0
THA,Thailand,RES,CR-,CR/LFINF/CDL+ERL/H:1/RES:2,RURAL,79487.0,4196899202.0,740629271.0,521017.0,12717876.0,4937528478.0,5065392.0,158982.0,160.0,330.0
THA,Thailand,RES,CR-,CR/LFINF/CDL+ERL/H:1/RES:2,URBAN,462142.0,30316521139.0,5349974319.0,3140620.0,73942734.0,35666495457.0,29450588.0,924279.0,160.0,410.0
THA,Thailand,COM,CR-,CR/LFINF/CDL+ERL/H:2/COM,TOTAL,34857.0,975983208.0,172232333.0,0.0,1742827.0,1148215536.0,1027678.0,0.0,50.0,560.0
THA,Thailand,COM,CR-,CR/LFINF/CDL+ERL/H:2/COM:1,TOTAL,40175.0,4499575788.0,794042786.0,0.0,8034957.0,5293618572.0,4737901.0,0.0,200.0,560.0
THA,Thailand,COM,CR-,CR/LFINF/CDL+ERL/H:2/COM:2,TOTAL,10914.0,427815810.0,75496909.0,0.0,763957.0,503312725.0,450476.0,0.0,70.0,560.0
THA,Thailand,COM,CR-,CR/LFINF/CDL+ERL/H:2/COM:3,TOTAL,7272.0,814486835.0,143732976.0,0.0,1454441.0,958219805.0,857627.0,0.0,200.0,560.0
THA,Thailand,COM,CR-,CR/LFINF/CDL+ERL/H:2/COM:5,TOTAL,11601.0,1559148993.0,275143938.0,0.0,2784195.0,1834292936.0,1641731.0,0.0,240.0,560.0
THA,Thailand,COM,CR-,CR/LFINF/CDL+ERL/H:2/COM:5B,TOTAL,5740.0,964306583.0,170171746.0,0.0,1721976.0,1134478329.0,1015382.0,0.0,300.0,560.0
THA,Thailand,RES,CR-,CR/LFINF/CDL+ERL/H:2/RES,URBAN,953888.0,46931311374.0,8281996124.0,2873333.0,114466613.0,55213307493.0,45618083.0,953888.0,120.0,410.0
THA,Thailand,RES,CR-,CR/LFINF/CDL+ERL/H:2/RES,RURAL,783404.0,31022787610.0,5474609578.0,2163589.0,94008447.0,36497397192.0,37464943.0,783404.0,120.0,330.0
THA,Thailand,RES,CR-,CR/LFINF/CDL+ERL/H:2/RES:2,URBAN,559403.0,36696810124.0,6475907667.0,3758846.0,89504415.0,43172717793.0,35669962.0,1118801.0,160.0,410.0
THA,Thailand,RES,CR-,CR/LFINF/CDL+ERL/H:2/RES:2,RURAL,80090.0,4228759577.0,746251691.0,525137.0,12814423.0,4975011265.0,5106899.0,160194.0,160.0,330.0
THA,Thailand,COM,CR-,CR/LFINF/CDL+ERL/H:3-5/COM:1,TOTAL,26783.0,12598935324.0,2223341528.0,0.0,22498099.0,14822276847.0,13283372.0,0.0,840.0,560.0
THA,Thailand,COM,CR-,CR/LFINF/CDL+ERL/H:3-5/COM:3,TOTAL,7236.0,3241726263.0,572069342.0,0.0,5788797.0,3813795606.0,3417833.0,0.0,800.0,560.0
THA,Thailand,COM,CR-,CR/LFINF/CDL+ERL/H:3-5/COM:5,TOTAL,2872.0,1029415807.0,181661613.0,0.0,1838243.0,1211077418.0,1085339.0,0.0,640.0,560.0
THA,Thailand,COM,CR-,CR/LFINF/CDL+ERL/H:3-5/COM:5B,TOTAL,5815.0,3256206644.0,574624704.0,0.0,5814655.0,3830831349.0,3433100.0,0.0,1000.0,560.0
THA,Thailand,RES,CR-,CR/LFINF/CDL+ERL/H:3/RES,URBAN,217127.0,21365269476.0,3770341673.0,1974356.0,52110413.0,25135611147.0,20779844.0,651378.0,240.0,410.0
THA,Thailand,RES,CR-,CR/LFINF/CDL+ERL/H:3/RES:2,URBAN,344031.0,33852637907.0,5973994925.0,3529111.0,82567410.0,39826632831.0,32925049.0,1032101.0,240.0,410.0
THA,Thailand,RES,CR-,CR/LFINF/CDL+ERL/H:3/RES:2,RURAL,107894.0,8545234605.0,1507982578.0,1037003.0,25894650.0,10053217174.0,10325898.0,323677.0,240.0,330.0
THA,Thailand,RES,CR-,CR/LFINF/CDL+ERL/H:4/RES,URBAN,61884.0,30446735463.0,5372953318.0,1730386.0,74260330.0,35819688780.0,29630164.0,495082.0,1200.0,410.0
THA,Thailand,RES,CR-,CR/LFINF/CDL+ERL/H:5/RES,URBAN,38194.0,29361500964.0,5181441345.0,1667708.0,71613417.0,34542942307.0,28591098.0,477441.0,1875.0,410.0
THA,Thailand,RES,CR+,CR/LFINF/CDM+ERM/H:3/RES,URBAN,29066.0,3575177805.0,630913730.0,328252.0,8719946.0,4206091535.0,3477215.0,87198.0,300.0,410.0
THA,Thailand,RES,CR+,CR/LFINF/CDM+ERM/H:4/RES,URBAN,9114.0,4484243116.0,791337020.0,274477.0,10937178.0,5275580136.0,4363977.0,72913.0,1200.0,410.0
THA,Thailand,RES,CR+,CR/LFINF/CDM+ERM/H:5/RES,URBAN,7558.0,5810113076.0,1025314072.0,355616.0,14171008.0,6835427148.0,5657664.0,94468.0,1875.0,410.0
THA,Thailand,COM,CR-,CR/LFM/CDL+ERL/H:1-2/COM,TOTAL,34963.0,1957917436.0,345514844.0,0.0,3496281.0,2303432279.0,2061621.0,0.0,100.0,560.0
THA,Thailand,COM,CR-,CR/LFM/CDL+ERL/H:1-2/COM:2,TOTAL,85856.0,3365546857.0,593920037.0,0.0,6009905.0,3959466892.0,3543807.0,0.0,70.0,560.0
THA,Thailand,COM,CR-,CR/LFM/CDL+ERL/H:1-2/COM:5,TOTAL,69439.0,2333136140.0,411729903.0,0.0,4166315.0,2744866049.0,2456714.0,0.0,60.0,560.0
THA,Thailand,IND,CR-,CR/LFM/CDL+ERL/H:1-2/IND:1,TOTAL,110285.0,29335743996.0,9778581332.0,0.0,77199326.0,39114325322.0,45528761.0,0.0,700.0,380.0
THA,Thailand,IND,CR-,CR/LFM/CDL+ERL/H:1-2/IND:2,TOTAL,189495.0,6480733759.0,2160244587.0,0.0,17054563.0,8640978355.0,10058030.0,0.0,90.0,380.0
THA,Thailand,IND,CR-,CR/LFM/CDL+ERL/H:1-2/IND:6,TOTAL,30492.0,695210565.0,231736857.0,0.0,1829501.0,926947415.0,1078960.0,0.0,60.0,380.0
THA,Thailand,COM,HYB,HYB(CR;W)/LFM/CDL+ERL/H:1/COM,TOTAL,29716.0,2407235580.0,601808895.0,0.0,4298635.0,3009044476.0,2533103.0,0.0,145.0,560.0
THA,Thailand,IND,HYB,HYB(CR;W)/LFM/CDL+ERL/H:1/IND,TOTAL,17369.0,594024219.0,198008074.0,0.0,1563222.0,792032294.0,921228.0,0.0,90.0,380.0
THA,Thailand,RES,HYB,HYB(CR;W)/LFM/CDL+ERL/H:1/RES,URBAN,844539.0,23199475555.0,5799868886.0,2441148.0,56584087.0,28999344445.0,22536827.0,844539.0,67.0,410.0
THA,Thailand,COM,HYB,HYB(W;M)/LFM/CDN+ERM/H:1/COM,TOTAL,89031.0,4889528824.0,1222382202.0,0.0,12867181.0,6111911026.0,2841305.0,0.0,145.0,380.0
THA,Thailand,IND,HYB,HYB(W;M)/LFM/CDN+ERM/H:1/IND,TOTAL,52661.0,1232275924.0,410758642.0,0.0,4739523.0,1643034567.0,1017146.0,0.0,90.0,260.0
THA,Thailand,RES,HYB,HYB(W;M)/LFM/CDN+ERM/H:1/RES,RURAL,3189661.0,34193166847.0,8548291711.0,8543281.0,213707293.0,42741458560.0,26391754.0,3189661.0,67.0,160.0
THA,Thailand,RES,HYB,HYB(W;M)/LFM/CDN+ERM/H:1/RES,URBAN,842495.0,16934152688.0,4233538172.0,2435290.0,56447176.0,21167690860.0,6970937.0,842495.0,67.0,300.0
THA,Thailand,RES,OT,MATO/LN/CDN+ERN/H:1-2/EWME/RES,URBAN,5027.0,111153501.0,27788372.0,22110.0,505243.0,138941871.0,62431.0,7543.0,101.0,220.0
THA,Thailand,RES,OT,MATO/LN/CDN+ERN/H:1-2/EWME/RES,RURAL,21991.0,353613481.0,88403371.0,90736.0,2210084.0,442016850.0,273089.0,32980.0,100.0,160.0
THA,Thailand,RES,OT,MATO/LN/CDN+ERN/H:1/EWME/RES,RURAL,21703.0,232655386.0,58163845.0,59721.0,1454096.0,290819229.0,179574.0,21703.0,67.0,160.0
THA,Thailand,RES,OT,MATO/LN/CDN+ERN/H:1/EWME/RES,URBAN,4726.0,69665164.0,17416288.0,13478.0,316660.0,87081450.0,39106.0,4726.0,67.0,220.0
THA,Thailand,RES,OT,MATO/LO/CDN+ERN/H:1/RES,RURAL,50311.0,539328889.0,134832219.0,138029.0,3370806.0,674161108.0,416277.0,50311.0,67.0,160.0
THA,Thailand,RES,OT,MATO/LO/CDN+ERN/H:1/RES,URBAN,29446.0,434031956.0,108507985.0,91030.0,1972873.0,542539950.0,243640.0,29446.0,67.0,220.0
THA,Thailand,COM,MUR,MUR/LWAL/CDN+ERN/H:1/COM,TOTAL,85170.0,1703402819.0,425850703.0,0.0,4258507.0,2129253528.0,3172385.0,0.0,50.0,400.0
THA,Thailand,COM,MUR,MUR/LWAL/CDN+ERN/H:1/COM:1,TOTAL,257487.0,5149748670.0,1287437166.0,0.0,12874372.0,6437185834.0,9590795.0,0.0,50.0,400.0
THA,Thailand,COM,MUR,MUR/LWAL/CDN+ERN/H:1/COM:2,TOTAL,69733.0,1952514097.0,488128526.0,0.0,4881285.0,2440642626.0,3636326.0,0.0,70.0,400.0
THA,Thailand,COM,MUR,MUR/LWAL/CDN+ERN/H:1/COM:3,TOTAL,71567.0,1431336595.0,357834147.0,0.0,3578341.0,1789170742.0,2665694.0,0.0,50.0,400.0
THA,Thailand,COM,MUR,MUR/LWAL/CDN+ERN/H:1/COM:5,TOTAL,75187.0,1804490455.0,451122612.0,0.0,4511226.0,2255613068.0,3360649.0,0.0,60.0,400.0
THA,Thailand,COM,MUR,MUR/LWAL/CDN+ERN/H:1/COM:5B,TOTAL,2703.0,324397101.0,81099273.0,0.0,810993.0,405496375.0,604151.0,0.0,300.0,400.0
THA,Thailand,IND,MUR,MUR/LWAL/CDN+ERN/H:1/IND:2,TOTAL,78530.0,2403018911.0,801006305.0,0.0,7067703.0,3204025212.0,4909747.0,0.0,90.0,340.0
THA,Thailand,IND,MUR,MUR/LWAL/CDN+ERN/H:1/IND:6,TOTAL,12858.0,262297557.0,87432518.0,0.0,771463.0,349730081.0,535916.0,0.0,60.0,340.0
THA,Thailand,RES,MUR,MUR/LWAL/CDN+ERN/H:1/RES,URBAN,307199.0,5968868181.0,1492217047.0,957206.0,20582304.0,7461085227.0,11479570.0,307199.0,67.0,290.0
THA,Thailand,RES,MUR,MUR/LWAL/CDN+ERN/H:1/RES,RURAL,1532053.0,24635419652.0,6158854916.0,4251523.0,102647582.0,30794274563.0,57250639.0,1532053.0,67.0,240.0
THA,Thailand,RES,MUR,MUR/LWAL/CDN+ERN/H:1/RES:2,URBAN,137378.0,5338505132.0,1334626286.0,942061.0,18408638.0,6673131419.0,10267230.0,274760.0,134.0,290.0
THA,Thailand,RES,MUR,MUR/LWAL/CDN+ERN/H:1/RES:2,RURAL,158775.0,5106202245.0,1276550558.0,1050685.0,21275843.0,6382752810.0,11866384.0,317553.0,134.0,240.0
THA,Thailand,COM,MUR,MUR/LWAL/CDN+ERN/H:2/COM:5B,TOTAL,973.0,116763600.0,29190902.0,0.0,291909.0,145954502.0,217566.0,0.0,300.0,400.0
THA,Thailand,RES,MUR,MUR/LWAL/CDN+ERN/H:2/RES,URBAN,307559.0,8963809911.0,2240952483.0,957957.0,30909689.0,11204762393.0,17247623.0,307559.0,101.0,290.0
THA,Thailand,RES,MUR,MUR/LWAL/CDN+ERN/H:2/RES,RURAL,1532879.0,36973045994.0,9243261499.0,4255414.0,154054358.0,46216307491.0,85962412.0,1532879.0,101.0,240.0
THA,Thailand,RES,MUR,MUR/LWAL/CDN+ERN/H:2/RES:2,RURAL,159128.0,5117541041.0,1279385261.0,1051375.0,21323088.0,6396926305.0,11898294.0,318261.0,134.0,240.0
THA,Thailand,RES,MUR,MUR/LWAL/CDN+ERN/H:2/RES:2,URBAN,137037.0,5325254829.0,1331313704.0,939467.0,18362948.0,6656568530.0,10246535.0,274078.0,134.0,290.0
THA,Thailand,COM,S,S/LFM/CDL+ERL/H:1-2/COM:2,TOTAL,21639.0,1211796397.0,302949099.0,0.0,2163922.0,1514745499.0,891154.0,0.0,100.0,560.0
THA,Thailand,IND,S,S/LFM/CDL+ERL/H:1-2/IND:1,TOTAL,46934.0,16051543301.0,6879232846.0,0.0,42240903.0,22930776143.0,16396654.0,0.0,900.0,380.0
THA,Thailand,IND,S,S/LFM/CDL+ERL/H:1-2/IND:2,TOTAL,95790.0,4368035155.0,1872015066.0,0.0,11494829.0,6240050225.0,4461949.0,0.0,120.0,380.0
THA,Thailand,IND,S,S/LFM/CDL+ERL/H:1-2/IND:6,TOTAL,4981.0,151409393.0,64889741.0,0.0,398446.0,216299128.0,154665.0,0.0,80.0,380.0
THA,Thailand,RES,W,W+WBB/LPB/CDN+ERM/H:1/RES,RURAL,54545.0,584717950.0,146179486.0,150077.0,3654487.0,730897442.0,321401.0,54545.0,67.0,160.0
THA,Thailand,RES,W,W+WBB/LPB/CDN+ERM/H:1/RES,URBAN,11714.0,235450947.0,58862743.0,33690.0,784836.0,294313689.0,69024.0,11714.0,67.0,300.0
THA,Thailand,RES,W,W+WO/LN/CDN+ERM/H:1/RES,URBAN,923130.0,18554917488.0,4638729371.0,2711566.0,61849725.0,23193646860.0,7638124.0,923130.0,67.0,300.0
THA,Thailand,RES,W,W+WO/LN/CDN+ERM/H:1/RES,RURAL,3029255.0,32473610769.0,8118402691.0,8188340.0,202960067.0,40592013461.0,25064527.0,3029255.0,67.0,160.0
THA,Thailand,RES,W,W+WO/LN/CDN+ERM/H:1/RES:2,RURAL,9773.0,209523614.0,52380901.0,64376.0,1309523.0,261904517.0,161720.0,19541.0,134.0,160.0
THA,Thailand,RES,W,W+WO/LN/CDN+ERM/H:1/RES:2,URBAN,32383.0,1301813862.0,325453467.0,217380.0,4339380.0,1627267330.0,535891.0,64773.0,134.0,300.0
THA,Thailand,RES,W,W/LFM/CDL+ERM/H:1/RES,URBAN,221150.0,4445107436.0,1111276858.0,671916.0,14817025.0,5556384298.0,1829827.0,221150.0,67.0,300.0
THA,Thailand,RES,W,W/LFM/CDL+ERM/H:1/RES,RURAL,167569.0,1796341093.0,449085273.0,452878.0,11227132.0,2245426367.0,1386493.0,167569.0,67.0,160.0
THA,Thailand,RES,W,W/LFM/CDL+ERM/H:1/RES:2,URBAN,17446.0,701335658.0,175333919.0,122636.0,2337786.0,876669581.0,288705.0,34891.0,134.0,300.0
THA,Thailand,RES,W,W/LFM/CDL+ERM/H:1/RES:2,RURAL,895.0,19190041.0,4797510.0,5869.0,119938.0,23987559.0,14812.0,1779.0,134.0,160.0
THA,Thailand,RES,W,W/LFM/CDL+ERM/H:2/RES,URBAN,221013.0,6663549104.0,1665887276.0,671442.0,22211830.0,8329436384.0,2744601.0,221013.0,101.0,300.0
THA,Thailand,RES,W,W/LFM/CDL+ERM/H:2/RES,RURAL,167674.0,2696196032.0,674049009.0,453059.0,16851225.0,3370245036.0,2082219.0,167674.0,100.0,160.0
THA,Thailand,RES,W,W/LFM/CDL+ERM/H:2/RES:2,RURAL,911.0,19532974.0,4883240.0,5965.0,122081.0,24416221.0,15085.0,1812.0,134.0,160.0
THA,Thailand,RES,W,W/LFM/CDL+ERM/H:2/RES:2,URBAN,17504.0,703658708.0,175914676.0,122927.0,2345529.0,879573381.0,289825.0,35002.0,134.0,300.0
THA,Thailand,COM,W,W/LPB/CDN+ERL/H:1-2/COM,TOTAL,1166.0,44311381.0,14770467.0,0.0,116609.0,59081847.0,25760.0,0.0,100.0,380.0
THA,Thailand,COM,W,W/LPB/CDN+ERL/H:1-2/COM:1,TOTAL,20414.0,387863985.0,129287996.0,0.0,1020695.0,517151979.0,225483.0,0.0,50.0,380.0
THA,Thailand,COM,W,W/LPB/CDN+ERL/H:1-2/COM:5,TOTAL,4464.0,101780211.0,33926740.0,0.0,267843.0,135706949.0,59170.0,0.0,60.0,380.0
THA,Thailand,COM,W,W/LPB/CDN+ERM/H:1-2/COM,TOTAL,10380.0,394423731.0,131474579.0,0.0,1037957.0,525898307.0,229297.0,0.0,100.0,380.0
THA,Thailand,COM,W,W/LPB/CDN+ERM/H:1-2/COM:1,TOTAL,184465.0,3504843857.0,1168281284.0,0.0,9223273.0,4673125146.0,2037525.0,0.0,50.0,380.0
THA,Thailand,COM,W,W/LPB/CDN+ERM/H:1-2/COM:5,TOTAL,41048.0,935895329.0,311965113.0,0.0,2462882.0,1247860437.0,544079.0,0.0,60.0,380.0
TLS,Timor-Leste,IND,CR-,CR+PC/LWAL/CDL+ERL/H:1/IND,TOTAL,559.0,120747707.0,40249237.0,0.0,223607.0,160996945.0,139729.0,0.0,400.0,540.0
TLS,Timor-Leste,COM,CR-,CR/LFINF/CDL+ERL/H:1-2/COM,TOTAL,363.0,21771907.0,3842103.0,0.0,36287.0,25614005.0,21397.0,0.0,100.0,600.0
TLS,Timor-Leste,COM,CR-,CR/LFINF/CDL+ERL/H:2/COM,TOTAL,318.0,57191282.0,10092581.0,0.0,95319.0,67283858.0,56206.0,0.0,300.0,600.0
TLS,Timor-Leste,COM,CR-,CR/LFINF/CDL+ERL/H:3/COM,TOTAL,319.0,114686721.0,20238833.0,0.0,191145.0,134925553.0,112783.0,0.0,599.0,600.0
TLS,Timor-Leste,COM,CR-,CR/LFINF/CDL+ERL/H:>2/COM,TOTAL,726.0,261260973.0,46104879.0,0.0,435435.0,307365846.0,256925.0,0.0,600.0,600.0
TLS,Timor-Leste,COM,CR-,CR/LFM/CDL+ERL/H:1/COM,TOTAL,230.0,13803738.0,2435952.0,0.0,23006.0,16239690.0,13557.0,0.0,100.0,600.0
TLS,Timor-Leste,IND,CR-,CR/LFM/CDL+ERL/H:1/IND,TOTAL,74.0,8007328.0,2669108.0,0.0,14828.0,10676445.0,8739.0,0.0,200.0,540.0
TLS,Timor-Leste,RES,CR-,CR/LFM/CDL+ERL/H:1/RES,URBAN,6353.0,330355113.0,58297964.0,38685.0,635298.0,388653073.0,253033.0,6353.0,100.0,520.0
TLS,Timor-Leste,COM,CR-,CR/LFM/CDL+ERL/H:2/COM,TOTAL,230.0,27620230.0,4874157.0,0.0,46034.0,32494391.0,27144.0,0.0,200.0,600.0
TLS,Timor-Leste,RES,CR-,CR/LFM/CDL+ERL/H:2/RES,URBAN,2118.0,396417192.0,69955973.0,38684.0,762341.0,466373173.0,303814.0,6353.0,360.0,520.0
TLS,Timor-Leste,RES,CR-,CR/LFM/CDL+ERL/H:>2/RES,URBAN,1588.0,594639203.0,104936333.0,58027.0,1143537.0,699575533.0,456003.0,9529.0,720.0,520.0
TLS,Timor-Leste,COM,CR+,CR/LFM/CDM+ERM/H:3-5/COM,TOTAL,1132.0,407457591.0,71904282.0,0.0,679096.0,479361867.0,400953.0,0.0,600.0,600.0
TLS,Timor-Leste,COM,CR+,CR/LFM/CDM+ERM/H:>5/COM,TOTAL,283.0,254431385.0,44899656.0,0.0,424052.0,299331043.0,250693.0,0.0,1498.0,600.0
TLS,Timor-Leste,IND,CR-,CR/LWAL/CDL+ERL/H:1-2/IND,TOTAL,1809.0,293007643.0,97669215.0,0.0,542607.0,390676855.0,339323.0,0.0,300.0,540.0
TLS,Timor-Leste,RES,ADO|ST|E,EU/LWAL/CDN+ERN/H:1/RMT8/RES,URBAN,463.0,4858621.0,1214654.0,2593.0,23136.0,6073272.0,2266.0,463.0,50.0,210.0
TLS,Timor-Leste,RES,ADO|ST|E,EU/LWAL/CDN+ERN/H:1/RMT8/RES,RURAL,2353.0,14116021.0,3528989.0,12246.0,117634.0,17645026.0,11519.0,2353.0,50.0,120.0
TLS,Timor-Leste,RES,OT,MATO/LO/CDN+ERN/H:1/RES,URBAN,606.0,6060537.0,1515129.0,3309.0,30303.0,7575668.0,1240.0,606.0,50.0,200.0
TLS,Timor-Leste,RES,OT,MATO/LO/CDN+ERN/H:1/RES,RURAL,1531.0,11478897.0,2869722.0,8597.0,76526.0,14348632.0,3132.0,1531.0,50.0,150.0
TLS,Timor-Leste,RES,OT,ME+MEO/LN/CDN+ERL/H:1+HFAPP:1/RES,URBAN,704.0,10552521.0,2638132.0,4147.0,52763.0,13190652.0,2159.0,704.0,75.0,200.0
TLS,Timor-Leste,RES,OT,ME+MEO/LN/CDN+ERL/H:1+HFAPP:1/RES,RURAL,1428.0,16064475.0,4016108.0,7674.0,107096.0,20080594.0,4383.0,1428.0,75.0,150.0
TLS,Timor-Leste,RES,OT,ME+MEO/LN/CDN+ERL/H:1-2/RES,URBAN,2814.0,42210088.0,10552521.0,16587.0,211050.0,52762607.0,8637.0,2814.0,75.0,200.0
TLS,Timor-Leste,RES,OT,ME+MEO/LN/CDN+ERL/H:1-2/RES,RURAL,5713.0,64267955.0,16066993.0,30702.0,428453.0,80334946.0,17536.0,5713.0,75.0,150.0
TLS,Timor-Leste,RES,ADO|ST|E,MUR+ST/LWAL/CDN+ERN/H:1/RES,URBAN,201.0,7819762.0,1954942.0,2122.0,15038.0,9774705.0,3927.0,201.0,75.0,520.0
TLS,Timor-Leste,RES,ADO|ST|E,MUR+ST/LWAL/CDN+ERN/H:1/RES,RURAL,974.0,21923819.0,5480956.0,4531.0,73079.0,27404768.0,19086.0,974.0,75.0,300.0
TLS,Timor-Leste,IND,MUR,MUR/LWAL/CDN+ERN/H:1-2/IND,TOTAL,1923.0,60586791.0,20195595.0,0.0,144254.0,80782397.0,98383.0,0.0,75.0,420.0
TLS,Timor-Leste,COM,MUR,MUR/LWAL/CDN+ERN/H:1/COM,TOTAL,4005.0,208253032.0,52063255.0,0.0,400487.0,260316284.0,295633.0,0.0,100.0,520.0
TLS,Timor-Leste,IND,MUR,MUR/LWAL/CDN+ERN/H:1/IND,TOTAL,64.0,2018610.0,672870.0,0.0,4806.0,2691481.0,3276.0,0.0,75.0,420.0
TLS,Timor-Leste,RES,MUR,MUR/LWAL/CDN+ERN/H:1/RES,RURAL,27216.0,762038615.0,190509653.0,145550.0,2721566.0,952548264.0,1489417.0,27216.0,100.0,280.0
TLS,Timor-Leste,RES,MUR,MUR/LWAL/CDN+ERN/H:1/RES,URBAN,18113.0,760760496.0,190190123.0,110245.0,1811335.0,950950619.0,991279.0,18113.0,100.0,420.0
TLS,Timor-Leste,COM,MUR,MUR/LWAL/CDN+ERN/H:2/COM,TOTAL,3767.0,470119295.0,117529827.0,0.0,904076.0,587649117.0,667694.0,0.0,240.0,520.0
TLS,Timor-Leste,RES,MUR,MUR/LWAL/CDN+ERN/H:2/RES,URBAN,15526.0,978120641.0,244530159.0,94496.0,2328859.0,1222650796.0,1275077.0,15526.0,150.0,420.0
TLS,Timor-Leste,RES,MUR,MUR/LWAL/CDN+ERN/H:2/RES,RURAL,27216.0,1143063368.0,285765838.0,145551.0,4082369.0,1428829200.0,2235145.0,27216.0,150.0,280.0
TLS,Timor-Leste,IND,S,S+SL/LFM/CDL+ERL/H:1/IND,TOTAL,572.0,92632834.0,39699786.0,0.0,171542.0,132332620.0,66549.0,0.0,300.0,540.0
TLS,Timor-Leste,IND,S,S+SR/LFM/CDL+ERL/H:1/IND,TOTAL,593.0,63998836.0,27428072.0,0.0,118516.0,91426917.0,45978.0,0.0,200.0,540.0
TLS,Timor-Leste,COM,W,W+WBB/LPB/CDN+ERM/H:1/COM,TOTAL,1690.0,35499355.0,11833124.0,0.0,84522.0,47332473.0,2575.0,0.0,50.0,420.0
TLS,Timor-Leste,IND,W,W+WBB/LPB/CDN+ERM/H:1/RMT6/IND,TOTAL,58.0,783471.0,522313.0,0.0,4353.0,1305780.0,133.0,0.0,75.0,180.0
TLS,Timor-Leste,RES,W,W+WBB/LPB/CDN+ERM/H:1/RMT6/RES,RURAL,41940.0,471829101.0,117957269.0,228061.0,3145527.0,589786378.0,95825.0,41940.0,75.0,150.0
TLS,Timor-Leste,RES,W,W+WBB/LPB/CDN+ERM/H:1/RMT6/RES,URBAN,5108.0,114938713.0,28734680.0,30710.0,383129.0,143673396.0,11672.0,5108.0,75.0,300.0
TLS,Timor-Leste,IND,W,W+WBB/LPB/CDN+ERM/H:1/RMT8/IND,TOTAL,58.0,776852.0,517901.0,0.0,4316.0,1294749.0,132.0,0.0,74.0,180.0
TLS,Timor-Leste,RES,W,W+WBB/LPB/CDN+ERM/H:1/RMT8/RES,RURAL,41940.0,471828432.0,117957102.0,228061.0,3145523.0,589785539.0,95825.0,41940.0,75.0,150.0
TLS,Timor-Leste,RES,W,W+WBB/LPB/CDN+ERM/H:1/RMT8/RES,URBAN,5108.0,114938712.0,28734680.0,30710.0,383129.0,143673397.0,11672.0,5108.0,75.0,300.0
TLS,Timor-Leste,COM,W,W+WBB/LPB/CDN+ERM/H:2/COM,TOTAL,1347.0,84867046.0,28289017.0,0.0,202064.0,113156059.0,6159.0,0.0,150.0,420.0
TLS,Timor-Leste,RES,W,W+WLI/LPB/CDN+ERL/H:1/RES,RURAL,2392.0,26908063.0,6727018.0,12782.0,179387.0,33635068.0,22154.0,2392.0,75.0,150.0
TLS,Timor-Leste,RES,W,W+WLI/LPB/CDN+ERL/H:1/RES,URBAN,1373.0,30884937.0,7721235.0,8468.0,102950.0,38606174.0,12714.0,1373.0,75.0,300.0
TLS,Timor-Leste,RES,W,W+WLI/LPB/CDN+ERM/H:1-2/RMT6/RES,URBAN,1373.0,30884937.0,7721236.0,8468.0,102950.0,38606174.0,21466.0,1373.0,75.0,300.0
TLS,Timor-Leste,RES,W,W+WLI/LPB/CDN+ERM/H:1-2/RMT6/RES,RURAL,2392.0,26907978.0,6726998.0,12782.0,179387.0,33634966.0,37404.0,2392.0,75.0,150.0
TLS,Timor-Leste,COM,W,W+WLI/LPB/CDN+ERM/H:1/COM,TOTAL,728.0,15285248.0,5095084.0,0.0,36393.0,20380333.0,8037.0,0.0,50.0,420.0
TLS,Timor-Leste,COM,W,W+WLI/LPB/CDN+ERM/H:2/COM,TOTAL,578.0,36424727.0,12141575.0,0.0,86726.0,48566314.0,19159.0,0.0,150.0,420.0
TLS,Timor-Leste,COM,W,W+WLI/LWAL/CDM+ERH/H:1/COM,TOTAL,281.0,5892776.0,1964258.0,0.0,14030.0,7857037.0,3070.0,0.0,50.0,420.0
TLS,Timor-Leste,COM,W,W+WLI/LWAL/CDM+ERH/H:2/COM,TOTAL,281.0,17686344.0,5895446.0,0.0,42110.0,23581789.0,9219.0,0.0,150.0,420.0
TLS,Timor-Leste,RES,W,W+WO/LN/CDN+ERL/H:1+HFAPP:1/RES,RURAL,15677.0,176371405.0,44092848.0,80191.0,1175809.0,220464265.0,145208.0,15677.0,75.0,150.0
TLS,Timor-Leste,RES,W,W+WO/LN/CDN+ERL/H:1+HFAPP:1/RES,URBAN,2868.0,64522413.0,16130601.0,17609.0,215075.0,80653017.0,26561.0,2868.0,75.0,300.0
VNM,Vietnam,COM,CR-,CR/LDUAL/CDL+ERL/H:6-12/COM:3,TOTAL,8970.0,21527673987.0,3799001292.0,0.0,44849321.0,25326675278.0,27884471.0,0.0,5000.0,480.0
VNM,Vietnam,COM,CR-,CR/LDUAL/CDL+ERL/H:6-12/COM:5B,TOTAL,2416.0,1739580127.0,306984728.0,0.0,3624125.0,2046564854.0,2253252.0,0.0,1500.0,480.0
VNM,Vietnam,RES,CR-,CR/LDUAL/CDL+ERL/H:6-12/RES,URBAN,231.0,337374933.0,59536750.0,27776.0,1249537.0,396911688.0,549478.0,6663.0,5409.0,270.0
VNM,Vietnam,COM,CR-,CR/LDUAL/CDL+ERL/H:>12/COM:3,TOTAL,2634.0,9483500986.0,1673558995.0,0.0,19757294.0,11157059980.0,12315859.0,0.0,7501.0,480.0
VNM,Vietnam,COM,CR-,CR/LDUAL/CDL+ERL/H:>12/COM:5B,TOTAL,2249.0,1619551492.0,285803204.0,0.0,3374066.0,1905354695.0,2103249.0,0.0,1500.0,480.0
VNM,Vietnam,COM,CR+,CR/LDUAL/CDM+ERM/H:6-12/COM:3,TOTAL,1452.0,3484958875.0,614992744.0,0.0,7260331.0,4099951618.0,4514015.0,0.0,5000.0,480.0
VNM,Vietnam,COM,CR+,CR/LDUAL/CDM+ERM/H:6-12/COM:5B,TOTAL,409.0,294364812.0,51946733.0,0.0,613260.0,346311543.0,381286.0,0.0,1499.0,480.0
VNM,Vietnam,COM,CR+,CR/LDUAL/CDM+ERM/H:>12/COM:3,TOTAL,939.0,3379655794.0,596409847.0,0.0,7040950.0,3976065643.0,4389029.0,0.0,7498.0,480.0
VNM,Vietnam,COM,CR+,CR/LDUAL/CDM+ERM/H:>12/COM:5B,TOTAL,776.0,558394343.0,98540174.0,0.0,1163322.0,656934524.0,725165.0,0.0,1499.0,480.0
VNM,Vietnam,RES,CR+,CR/LDUAL/CDM+ERM/H:>12/RES,URBAN,5.0,11856041.0,2092243.0,1912.0,43911.0,13948283.0,19356.0,379.0,8782.0,270.0
VNM,Vietnam,COM,CR-,CR/LFINF/CDL+ERL/H:1/COM:1,TOTAL,86486.0,2075661557.0,366293218.0,0.0,4324295.0,2441954775.0,2548223.0,0.0,50.0,480.0
VNM,Vietnam,COM,CR-,CR/LFINF/CDL+ERL/H:1/COM:3,TOTAL,50176.0,1204216804.0,212508847.0,0.0,2508785.0,1416725653.0,1478379.0,0.0,50.0,480.0
VNM,Vietnam,COM,CR-,CR/LFINF/CDL+ERL/H:1/COM:5,TOTAL,2282.0,65718678.0,11597414.0,0.0,136914.0,77316093.0,80681.0,0.0,60.0,480.0
VNM,Vietnam,RES,CR-,CR/LFINF/CDL+ERL/H:1/RES,URBAN,970674.0,19918220685.0,3514980120.0,3864694.0,73771188.0,23433200803.0,29382263.0,970674.0,76.0,270.0
VNM,Vietnam,COM,CR-,CR/LFINF/CDL+ERL/H:2/COM:1,TOTAL,21632.0,2076636937.0,366465341.0,0.0,4326327.0,2443102277.0,2551067.0,0.0,200.0,480.0
VNM,Vietnam,COM,CR-,CR/LFINF/CDL+ERL/H:2/COM:3,TOTAL,12408.0,1191122904.0,210198156.0,0.0,2481506.0,1401321065.0,1463248.0,0.0,200.0,480.0
VNM,Vietnam,COM,CR-,CR/LFINF/CDL+ERL/H:2/COM:5,TOTAL,456.0,52558724.0,9275070.0,0.0,109497.0,61833794.0,64566.0,0.0,240.0,480.0
VNM,Vietnam,COM,CR-,CR/LFINF/CDL+ERL/H:2/COM:5B,TOTAL,13796.0,1986650347.0,350585356.0,0.0,4138855.0,2337235704.0,2440522.0,0.0,300.0,480.0
VNM,Vietnam,RES,CR-,CR/LFINF/CDL+ERL/H:2/RES,URBAN,1119966.0,34472542650.0,6083389881.0,4436793.0,127676084.0,40555932529.0,50882419.0,1119966.0,114.0,270.0
VNM,Vietnam,COM,CR-,CR/LFINF/CDL+ERL/H:3-5/COM:1,TOTAL,7152.0,2883577411.0,508866602.0,0.0,6007453.0,3392444016.0,3546932.0,0.0,840.0,480.0
VNM,Vietnam,COM,CR-,CR/LFINF/CDL+ERL/H:3-5/COM:3,TOTAL,12367.0,4749050407.0,838067721.0,0.0,9893855.0,5587118122.0,5841549.0,0.0,800.0,480.0
VNM,Vietnam,COM,CR-,CR/LFINF/CDL+ERL/H:3-5/COM:5,TOTAL,97.0,29663503.0,5234737.0,0.0,61799.0,34898236.0,36488.0,0.0,637.0,480.0
VNM,Vietnam,COM,CR-,CR/LFINF/CDL+ERL/H:3-5/COM:5B,TOTAL,8414.0,3029197554.0,534564273.0,0.0,6310828.0,3563761828.0,3726052.0,0.0,750.0,480.0
VNM,Vietnam,RES,CR-,CR/LFINF/CDL+ERL/H:3/RES,URBAN,493059.0,30352683193.0,5356355857.0,5795225.0,112417345.0,35709039050.0,44828178.0,1479179.0,228.0,270.0
VNM,Vietnam,RES,CR-,CR/LFINF/CDL+ERL/H:4/RES,URBAN,53476.0,17326325688.0,3057586883.0,1628890.0,64171577.0,20383912575.0,25604712.0,427813.0,1200.0,270.0
VNM,Vietnam,RES,CR-,CR/LFINF/CDL+ERL/H:5/RES,URBAN,16673.0,8440841675.0,1489560296.0,795107.0,31262377.0,9930401971.0,12481260.0,208374.0,1875.0,270.0
VNM,Vietnam,COM,CR-,CR/LFM/CDL+ERL/H:1-2/COM:5,TOTAL,1166.0,33587370.0,5927182.0,0.0,69974.0,39514555.0,41261.0,0.0,60.0,480.0
VNM,Vietnam,IND,CR-,CR/LFM/CDL+ERL/H:1-2/IND:2,TOTAL,11597.0,433730525.0,144576840.0,0.0,1275678.0,578307366.0,752339.0,0.0,110.0,340.0
VNM,Vietnam,RES,ADO|ST|E,EU/LWAL/CDN+ERN/H:1/RES,URBAN,31387.0,276833553.0,69208387.0,107792.0,1977383.0,346041939.0,193618.0,31387.0,63.0,140.0
VNM,Vietnam,RES,ADO|ST|E,EU/LWAL/CDN+ERN/H:1/RES,RURAL,491023.0,2474755736.0,618688935.0,1574252.0,30934447.0,3093444674.0,3028991.0,491023.0,63.0,80.0
VNM,Vietnam,COM,HYB,HYB(CR;W)/LFM/CDL+ERL/H:1/COM,TOTAL,28760.0,2763137713.0,690784426.0,0.0,5756537.0,3453922139.0,3392216.0,0.0,200.0,480.0
VNM,Vietnam,IND,HYB,HYB(CR;W)/LFM/CDL+ERL/H:1/IND,TOTAL,12585.0,470670168.0,156890056.0,0.0,1384324.0,627560224.0,815801.0,0.0,110.0,340.0
VNM,Vietnam,RES,HYB,HYB(CR;W)/LFM/CDL+ERL/H:1/RES,URBAN,308357.0,5245159071.0,1311289769.0,1237521.0,19426515.0,6556448834.0,7737370.0,308357.0,63.0,270.0
VNM,Vietnam,RES,HYB,HYB(CR;W)/LFM/CDL+ERL/H:1/RES,RURAL,343697.0,3897528203.0,974382050.0,1239672.0,21652934.0,4871910252.0,8624129.0,343697.0,63.0,180.0
VNM,Vietnam,COM,HYB,HYB(W;M)/LFM/CDN+ERM/H:1/COM,TOTAL,28835.0,2252361411.0,563090352.0,0.0,5775286.0,2815451767.0,82637.0,0.0,200.0,390.0
VNM,Vietnam,IND,HYB,HYB(W;M)/LFM/CDN+ERM/H:1/IND,TOTAL,12475.0,301886163.0,100628722.0,0.0,1372210.0,402514884.0,19635.0,0.0,110.0,220.0
VNM,Vietnam,RES,HYB,HYB(W;M)/LFM/CDN+ERM/H:1/RES,RURAL,1272314.0,11221809596.0,2805452397.0,4578959.0,80155783.0,14027261993.0,1146782.0,1272314.0,63.0,140.0
VNM,Vietnam,RES,HYB,HYB(W;M)/LFM/CDN+ERM/H:1/RES,URBAN,307034.0,3481771139.0,870442787.0,1232448.0,19343173.0,4352213925.0,276741.0,307034.0,63.0,180.0
VNM,Vietnam,RES,OT,MATO/LN/CDN+ERN/H:1-2/EWME/RES,URBAN,167693.0,2218580864.0,554645216.0,851711.0,15847006.0,2773226086.0,648546.0,251543.0,95.0,140.0
VNM,Vietnam,RES,OT,MATO/LN/CDN+ERN/H:1-2/EWME/RES,RURAL,436223.0,5771233791.0,1442808444.0,2098060.0,41223098.0,7214042235.0,1687074.0,654340.0,95.0,140.0
VNM,Vietnam,RES,OT,MATO/LO/CDN+ERN/H:1/RES,RURAL,2122.0,18717305.0,4679327.0,8797.0,133695.0,23396633.0,5470.0,2122.0,63.0,140.0
VNM,Vietnam,RES,OT,MATO/LO/CDN+ERN/H:1/RES,URBAN,2371.0,20913725.0,5228428.0,12510.0,149384.0,26142151.0,6112.0,2371.0,63.0,140.0
VNM,Vietnam,RES,MR|MCF,MCF/LWAL/CDL+ERL/H:1/RES,RURAL,255723.0,3498294874.0,617346154.0,879151.0,19434972.0,4115641031.0,7740738.0,255723.0,76.0,180.0
VNM,Vietnam,RES,MR|MCF,MCF/LWAL/CDL+ERL/H:2/RES,RURAL,253613.0,5204134717.0,918376715.0,872707.0,28911860.0,6122511437.0,11522168.0,253613.0,114.0,180.0
VNM,Vietnam,COM,MUR,MUR/LWAL/CDN+ERN/H:1/COM:1,TOTAL,545794.0,4912147052.0,1228036766.0,0.0,27289706.0,6140183815.0,20144803.0,0.0,50.0,180.0
VNM,Vietnam,COM,MUR,MUR/LWAL/CDN+ERN/H:1/COM:2,TOTAL,101509.0,1279012851.0,319753211.0,0.0,7105627.0,1598766065.0,5245255.0,0.0,70.0,180.0
VNM,Vietnam,COM,MUR,MUR/LWAL/CDN+ERN/H:1/COM:3,TOTAL,116881.0,1051926499.0,262981625.0,0.0,5844036.0,1314908125.0,4313970.0,0.0,50.0,180.0
VNM,Vietnam,COM,MUR,MUR/LWAL/CDN+ERN/H:1/COM:5,TOTAL,1465.0,15825876.0,3956470.0,0.0,87922.0,19782351.0,64902.0,0.0,60.0,180.0
VNM,Vietnam,COM,MUR,MUR/LWAL/CDN+ERN/H:1/COM:5B,TOTAL,17403.0,939781583.0,234945397.0,0.0,5221009.0,1174726979.0,3854061.0,0.0,300.0,180.0
VNM,Vietnam,IND,MUR,MUR/LWAL/CDN+ERN/H:1/IND:2,TOTAL,48072.0,951815900.0,317271967.0,0.0,5287866.0,1269087868.0,3604503.0,0.0,110.0,180.0
VNM,Vietnam,RES,MUR,MUR/LWAL/CDN+ERN/H:1/RES,RURAL,9113039.0,91859434149.0,22964858536.0,32296414.0,574121463.0,114824292683.0,314196210.0,9113039.0,63.0,160.0
VNM,Vietnam,RES,MUR,MUR/LWAL/CDN+ERN/H:1/RES,URBAN,1598361.0,18125417950.0,4531354486.0,6531122.0,100696766.0,22656772439.0,55107751.0,1598361.0,63.0,180.0
VNM,Vietnam,COM,MUR,MUR/LWAL/CDN+ERN/H:2/COM:5B,TOTAL,4366.0,235775887.0,58943974.0,0.0,1309866.0,294719862.0,967385.0,0.0,300.0,180.0
VNM,Vietnam,RES,MUR,MUR/LWAL/CDN+ERN/H:2/RES,RURAL,4879660.0,73780462555.0,18445115639.0,17307659.0,461127891.0,92225578194.0,252472811.0,4879660.0,95.0,160.0
VNM,Vietnam,RES,MUR,MUR/LWAL/CDN+ERN/H:2/RES,URBAN,1558286.0,26506451131.0,6626612781.0,6380742.0,147258062.0,33133063910.0,80625478.0,1558286.0,95.0,180.0
VNM,Vietnam,COM,S,S/LFM/CDL+ERL/H:1-2/COM:2,TOTAL,45193.0,2169288139.0,542322034.0,0.0,4519350.0,2711610175.0,1861173.0,0.0,100.0,480.0
VNM,Vietnam,IND,S,S/LFM/CDL+ERL/H:1-2/IND:2,TOTAL,11762.0,1079720815.0,462737493.0,0.0,3175649.0,1542458306.0,1232692.0,0.0,270.0,340.0
VNM,Vietnam,RES,W,W+WBB/LPB/CDN+ERM/H:1/RES,URBAN,114505.0,1298491072.0,324622773.0,394037.0,7213839.0,1623113844.0,219759.0,114505.0,63.0,180.0
VNM,Vietnam,RES,W,W+WBB/LPB/CDN+ERM/H:1/RES,RURAL,1633781.0,14409952753.0,3602488186.0,5238917.0,102928234.0,18012440942.0,3135558.0,1633781.0,63.0,140.0
VNM,Vietnam,RES,W,W+WWD/LWAL/CDN+ERM/H:1/RES,URBAN,31427.0,356382596.0,89095649.0,107916.0,1979903.0,445478246.0,28326.0,31427.0,63.0,180.0
VNM,Vietnam,RES,W,W+WWD/LWAL/CDN+ERM/H:1/RES,RURAL,492170.0,4340941494.0,1085235376.0,1577859.0,31006725.0,5426176870.0,443611.0,492170.0,63.0,140.0
VNM,Vietnam,RES,W,W/LFM/CDL+ERM/H:1/RES,URBAN,65537.0,743188004.0,185797003.0,259994.0,4128822.0,928985005.0,509888.0,65537.0,63.0,180.0
VNM,Vietnam,RES,W,W/LFM/CDL+ERM/H:2/RES,URBAN,65551.0,1115023744.0,278755936.0,259869.0,6194576.0,1393779685.0,765432.0,65551.0,95.0,180.0
VNM,Vietnam,COM,W,W/LPB/CDN+ERL/H:1-2/COM:1,TOTAL,26722.0,521068554.0,173689514.0,0.0,1336073.0,694758074.0,295154.0,0.0,50.0,390.0
VNM,Vietnam,COM,W,W/LPB/CDN+ERL/H:1-2/COM:2,TOTAL,3674.0,100291099.0,33430366.0,0.0,257157.0,133721460.0,56809.0,0.0,70.0,390.0
VNM,Vietnam,COM,W,W/LPB/CDN+ERL/H:1-2/COM:5,TOTAL,139.0,3258742.0,1086246.0,0.0,8356.0,4344991.0,1846.0,0.0,60.0,390.0
VNM,Vietnam,COM,W,W/LPB/CDN+ERM/H:1-2/COM:1,TOTAL,241702.0,4713182415.0,1571060804.0,0.0,12085083.0,6284243224.0,2669731.0,0.0,50.0,390.0
VNM,Vietnam,COM,W,W/LPB/CDN+ERM/H:1-2/COM:2,TOTAL,33541.0,915676629.0,305225541.0,0.0,2347889.0,1220902173.0,518675.0,0.0,70.0,390.0
VNM,Vietnam,COM,W,W/LPB/CDN+ERM/H:1-2/COM:5,TOTAL,1299.0,30399744.0,10133247.0,0.0,77948.0,40532993.0,17220.0,0.0,60.0,390.0
