ID_0,NAME_0,OCCUPANCY,BUILDINGS,COST_CONTENTS_USD,COST_NONSTRUCTURAL_USD,COST_STRUCTURAL_USD,DWELLINGS,OCCUPANTS_PER_ASSET,TOTAL_AREA_SQM,TOTAL_REPL_COST_USD,AVG_BUILDING_AREA_SQM,AVG_TOT_COST_PER_AREA_USD
BRA,Brazil,Com,2200633.2,222117824606.7857,233275696769.3657,221406629383.23444,0.0,0.0,571081407.75,676800150759.3859,259.50776701451196,1185.1202675742963
BRA,Brazil,Ind,738668.0,77914939645.48637,51032147353.08273,44329177006.76728,0.0,0.0,185049045.0,173276264005.3364,250.5172080014296,936.3802120964007
BRA,Brazil,Res,58167474.0,1012471103097.9567,1377060610871.995,2059910149909.255,72223099.2,213260542.36683694,2209686803841.5405,4449441863879.207,37988.35761445547,2.0136074742103056
