ID_0,NAME_0,OCCUPANCY,BUILDINGS,COST_CONTENTS_USD,COST_NONSTRUCTURAL_USD,COST_STRUCTURAL_USD,DWELLINGS,OCCUPANTS_PER_ASSET,TOTAL_AREA_SQM,TOTAL_REPL_COST_USD,AVG_BUILDING_AREA_SQM,AVG_TOT_COST_PER_AREA_USD
COD,Democratic Republic of the Congo,Com,335520.0,4011483418.0,4201711197.0,6782117354.0,473048.0,0.0,63053602.0,14995311903.0,187.92799833094898,237.8184818529479
COD,Democratic Republic of the Congo,Ind,127165.0,2784183863.0,2084064758.0,3249225209.0,127165.0,0.0,36247589.0,8117473847.0,285.0437541776432,223.94520769367585
COD,Democratic Republic of the Congo,Res,16610825.0,39497030544.0,62414511483.0,105474970519.0,17375195.0,89541351.0,1332264430.0,207386512543.0,80.204591283094,155.66467727656737
