ID_0,NAME_0,OCCUPANCY,BUILDINGS,COST_CONTENTS_USD,COST_NONSTRUCTURAL_USD,COST_STRUCTURAL_USD,DWELLINGS,OCCUPANTS_PER_ASSET,TOTAL_AREA_SQM,TOTAL_REPL_COST_USD,AVG_BUILDING_AREA_SQM,AVG_TOT_COST_PER_AREA_USD
GAB,Gabon,Com,13580.0,294301294.0,260772103.0,380997317.0,19087.0,0.0,2545219.0,936070718.0,187.4240795287187,367.7761002098444
GAB,Gabon,Ind,2714.0,107257978.0,69999591.0,90623695.0,2714.0,0.0,761188.0,267881248.0,280.46720707442887,351.925211642853
GAB,Gabon,Res,513252.0,2273972174.0,3080340358.0,4686404515.0,540687.0,2160267.0,41750373.0,10040717047.0,81.34478384886957,240.49406808892462
