ID_0,NAME_0,OCCUPANCY,BUILDINGS,COST_CONTENTS_USD,COST_NONSTRUCTURAL_USD,COST_STRUCTURAL_USD,DWELLINGS,OCCUPANTS_PER_ASSET,TOTAL_AREA_SQM,TOTAL_REPL_COST_USD,AVG_BUILDING_AREA_SQM,AVG_TOT_COST_PER_AREA_USD
EGY,Egypt,Com,1181551.0,25628629056.0,24124709512.0,31409975076.0,0.0,0.0,239977613.0,81163313706.0,203.10389733494364,338.21202191056045
EGY,Egypt,Ind,699123.0,24009754941.0,15693694284.0,18526537962.0,0.0,0.0,199246245.0,58229987272.0,284.9945503151806,292.2513660019038
EGY,Egypt,Res,22800605.0,83972008940.0,149262186939.0,197745500483.0,24862241.0,102108972.0,1969224288.0,430979696316.0,86.36719455470589,218.85759735053603
