ID_0,NAME_0,OCCUPANCY,BUILDINGS,COST_CONTENTS_USD,COST_NONSTRUCTURAL_USD,COST_STRUCTURAL_USD,DWELLINGS,OCCUPANTS_PER_ASSET,TOTAL_AREA_SQM,TOTAL_REPL_COST_USD,AVG_BUILDING_AREA_SQM,AVG_TOT_COST_PER_AREA_USD
GIN,Guinea,Com,60800.0,1301394435.0,1339456728.0,2509158848.0,0.0,0.0,11333520.0,5150010007.0,186.40657894736842,454.40516335613296
GIN,Guinea,Ind,9652.0,428276853.0,320645920.0,495063061.0,0.0,0.0,2755579.0,1243985838.0,285.49305843348526,451.4426325646987
GIN,Guinea,Res,2037926.0,7815711985.0,12119078101.0,23920453110.0,2109047.0,13072323.0,152826100.0,43855243204.0,74.99099574763756,286.961737582782
