ID_0,NAME_0,OCCUPANCY,BUILDINGS,COST_CONTENTS_USD,COST_NONSTRUCTURAL_USD,COST_STRUCTURAL_USD,DWELLINGS,OCCUPANTS_PER_ASSET,TOTAL_AREA_SQM,TOTAL_REPL_COST_USD,AVG_BUILDING_AREA_SQM,AVG_TOT_COST_PER_AREA_USD
DOM,Dominican Republic,Com,82160.11906597756,13224164180.46302,13385591678.859083,10337250844.66041,0.0,0.0,34981555.51931868,36947006622.72999,425.7729408988224,1056.1853546599975
DOM,Dominican Republic,Ind,39888.128679895875,11956209531.890644,8209688770.415658,7057101603.956344,0.0,0.0,27538094.355601486,27222999822.533974,690.3832109196197,988.5578671857728
DOM,Dominican Republic,Res,2590470.0,52233796522.87453,85291570199.71648,88322415446.08957,3167697.0,10397684.697040513,313394594.13470936,225847782163.72513,120.97981993024793,720.6498975749621
