ID_0,NAME_0,OCCUPANCY,MACRO_TAXONOMY,TAXONOMY,SETTLEMENT,BUILDINGS,BLDG_REPL_COST_USD,COST_CONTENTS_USD,OCCUPANTS_TOTAL,TOTAL_AREA_SQM,TOTAL_REPL_COST_USD,CARBON_BUILDINGS_TON,DWELLINGS,AVG_BUILDING_AREA_SQM,AVG_BLDG_COST_PER_AREA_USD
ARM,Armenia,RES,CR-,CR+PC/LPB/CDL+ERL/H:4/RES,URBAN,319.0,263411063.0,46484306.0,27352.0,572633.0,309895369.0,221628.0,7636.0,1795.0,460.0
ARM,Armenia,RES,CR-,CR+PC/LPB/CDL+ERL/H:5/RES,URBAN,2035.0,2107291766.0,371875018.0,218800.0,4581069.0,2479166783.0,1774146.0,61080.0,2251.0,460.0
ARM,Armenia,RES,CR-,CR+PC/LPB/CDL+ERL/H:6/RES,URBAN,211.0,263411063.0,46484306.0,27352.0,572633.0,309895369.0,221908.0,7636.0,2714.0,460.0
ARM,Armenia,RES,CR-,CR+PC/LPB/CDL+ERL/H:7/RES,URBAN,183.0,263411063.0,46484306.0,27352.0,572633.0,309895369.0,222049.0,7636.0,3129.0,460.0
ARM,Armenia,RES,CR-,CR+PC/LPB/CDL+ERL/H:8/RES,URBAN,158.0,263411063.0,46484306.0,27352.0,572633.0,309895369.0,222189.0,7636.0,3624.0,460.0
ARM,Armenia,RES,CR-,CR+PC/LPB/CDL+ERL/H:>8/RES,URBAN,1132.0,2107291766.0,371875018.0,218800.0,4581069.0,2479166783.0,1778641.0,61080.0,4047.0,460.0
ARM,Armenia,RES,CR-,CR+PC/LPB/CDL+ERM/H:4/RES,URBAN,28.0,24653929.0,4350693.0,2564.0,53595.0,29004620.0,20743.0,716.0,1914.0,460.0
ARM,Armenia,RES,CR-,CR+PC/LPB/CDL+ERM/H:5/RES,URBAN,195.0,201976260.0,35642868.0,20971.0,439079.0,237619130.0,170046.0,5854.0,2252.0,460.0
ARM,Armenia,RES,CR-,CR+PC/LPB/CDL+ERM/H:6/RES,URBAN,20.0,24653929.0,4350693.0,2564.0,53595.0,29004620.0,20770.0,716.0,2680.0,460.0
ARM,Armenia,RES,CR-,CR+PC/LPB/CDL+ERM/H:7/RES,URBAN,17.0,23965254.0,4229162.0,2497.0,52098.0,28194415.0,20202.0,696.0,3065.0,460.0
ARM,Armenia,RES,CR-,CR+PC/LPB/CDL+ERM/H:8/RES,URBAN,16.0,23965254.0,4229162.0,2497.0,52098.0,28194415.0,20215.0,696.0,3256.0,460.0
ARM,Armenia,RES,CR-,CR+PC/LPB/CDL+ERM/H:>8/RES,URBAN,109.0,201976260.0,35642868.0,20971.0,439079.0,237619130.0,170476.0,5854.0,4028.0,460.0
ARM,Armenia,COM,CR-,CR+PC/LWAL/CDL+ERL/H:1/COM,TOTAL,2024.0,163439433.0,28842255.0,0.0,263612.0,192281681.0,164301.0,0.0,130.0,620.0
ARM,Armenia,IND,CR-,CR+PC/LWAL/CDL+ERL/H:1/IND,TOTAL,966.0,159445825.0,53148606.0,0.0,346621.0,212594431.0,205819.0,0.0,359.0,460.0
ARM,Armenia,COM,CR-,CR+PC/LWAL/CDL+ERL/H:2/COM,TOTAL,1532.0,245073332.0,43248232.0,0.0,395280.0,288321569.0,246538.0,0.0,258.0,620.0
ARM,Armenia,IND,CR-,CR+PC/LWAL/CDL+ERL/H:2/IND,TOTAL,321.0,85627135.0,28542377.0,0.0,186146.0,114169508.0,110619.0,0.0,580.0,460.0
ARM,Armenia,COM,CR-,CR+PC/LWAL/CDL+ERL/H:3/COM,TOTAL,1695.0,471453773.0,83197729.0,0.0,760409.0,554651498.0,474602.0,0.0,449.0,620.0
ARM,Armenia,COM,CR-,CR+PC/LWAL/CDL+ERL/H:4-7/COM,TOTAL,1630.0,1206913162.0,212984679.0,0.0,1946634.0,1419897837.0,1217520.0,0.0,1194.0,620.0
ARM,Armenia,COM,CR-,CR+PC/LWAL/CDL+ERL/H:>7/COM,TOTAL,189.0,376829733.0,66499364.0,0.0,607790.0,443329095.0,380671.0,0.0,3216.0,620.0
ARM,Armenia,COM,CR-,CR+PC/LWAL/CDL+ERM/H:1/COM,TOTAL,227.0,18120249.0,3197693.0,0.0,29226.0,21317943.0,18216.0,0.0,129.0,620.0
ARM,Armenia,IND,CR-,CR+PC/LWAL/CDL+ERM/H:1/IND,TOTAL,115.0,18629729.0,6209912.0,0.0,40499.0,24839641.0,24048.0,0.0,352.0,460.0
ARM,Armenia,COM,CR-,CR+PC/LWAL/CDL+ERM/H:2/COM,TOTAL,167.0,26909629.0,4748758.0,0.0,43403.0,31658383.0,27070.0,0.0,260.0,620.0
ARM,Armenia,IND,CR-,CR+PC/LWAL/CDL+ERM/H:2/IND,TOTAL,37.0,9511015.0,3170339.0,0.0,20676.0,12681354.0,12287.0,0.0,559.0,460.0
ARM,Armenia,COM,CR-,CR+PC/LWAL/CDL+ERM/H:3/COM,TOTAL,185.0,51747515.0,9131913.0,0.0,83464.0,60879432.0,52093.0,0.0,451.0,620.0
ARM,Armenia,COM,CR-,CR+PC/LWAL/CDL+ERM/H:4-7/COM,TOTAL,179.0,132478250.0,23378514.0,0.0,213675.0,155856763.0,133643.0,0.0,1194.0,620.0
ARM,Armenia,COM,CR-,CR+PC/LWAL/CDL+ERM/H:>7/COM,TOTAL,24.0,39599806.0,6988200.0,0.0,63871.0,46588006.0,40004.0,0.0,2661.0,620.0
ARM,Armenia,COM,CR-,CR/LFINF/CDL+ERL/H:1/COM,TOTAL,2024.0,163439433.0,28842255.0,0.0,263612.0,192281681.0,149719.0,0.0,130.0,620.0
ARM,Armenia,IND,CR-,CR/LFINF/CDL+ERL/H:1/IND,TOTAL,966.0,159445825.0,53148606.0,0.0,346621.0,212594431.0,193946.0,0.0,359.0,460.0
ARM,Armenia,COM,CR-,CR/LFINF/CDL+ERL/H:2/COM,TOTAL,1532.0,245073332.0,43248232.0,0.0,395280.0,288321569.0,224652.0,0.0,258.0,620.0
ARM,Armenia,IND,CR-,CR/LFINF/CDL+ERL/H:2/IND,TOTAL,321.0,85627135.0,28542377.0,0.0,186146.0,114169508.0,104238.0,0.0,580.0,460.0
ARM,Armenia,COM,CR-,CR/LFINF/CDL+ERL/H:3/COM,TOTAL,1695.0,471453773.0,83197729.0,0.0,760409.0,554651498.0,432463.0,0.0,449.0,620.0
ARM,Armenia,COM,CR-,CR/LFINF/CDL+ERL/H:4-7/COM,TOTAL,1630.0,1206913162.0,212984679.0,0.0,1946634.0,1419897837.0,1109353.0,0.0,1194.0,620.0
ARM,Armenia,RES,CR-,CR/LFINF/CDL+ERL/H:4/RES,URBAN,24.0,18294986.0,3228528.0,1899.0,39772.0,21523513.0,15393.0,531.0,1657.0,460.0
ARM,Armenia,RES,CR-,CR/LFINF/CDL+ERL/H:5/RES,URBAN,36.0,37125358.0,6551533.0,3853.0,80707.0,43676893.0,31256.0,1075.0,2242.0,460.0
ARM,Armenia,RES,CR-,CR/LFINF/CDL+ERL/H:6/RES,URBAN,28.0,36589513.0,6456972.0,3796.0,79542.0,43046487.0,30825.0,1060.0,2841.0,460.0
ARM,Armenia,RES,CR-,CR/LFINF/CDL+ERL/H:7/RES,URBAN,26.0,36589513.0,6456972.0,3796.0,79542.0,43046487.0,30844.0,1060.0,3059.0,460.0
ARM,Armenia,RES,CR-,CR/LFINF/CDL+ERL/H:8/RES,URBAN,24.0,36589513.0,6456972.0,3796.0,79542.0,43046487.0,30864.0,1060.0,3314.0,460.0
ARM,Armenia,COM,CR-,CR/LFINF/CDL+ERL/H:>7/COM,TOTAL,189.0,376829733.0,66499364.0,0.0,607790.0,443329095.0,346839.0,0.0,3216.0,620.0
ARM,Armenia,RES,CR-,CR/LFINF/CDL+ERL/H:>8/RES,URBAN,9.0,14642801.0,2584024.0,1548.0,31832.0,17226825.0,12359.0,424.0,3537.0,460.0
ARM,Armenia,COM,CR+,CR/LFINF/CDM+ERM/H:1/COM,TOTAL,227.0,18120249.0,3197693.0,0.0,29226.0,21317943.0,16599.0,0.0,129.0,620.0
ARM,Armenia,IND,CR+,CR/LFINF/CDM+ERM/H:1/IND,TOTAL,115.0,18629729.0,6209912.0,0.0,40499.0,24839641.0,22661.0,0.0,352.0,460.0
ARM,Armenia,COM,CR+,CR/LFINF/CDM+ERM/H:2/COM,TOTAL,167.0,26909629.0,4748758.0,0.0,43403.0,31658383.0,24667.0,0.0,260.0,620.0
ARM,Armenia,IND,CR+,CR/LFINF/CDM+ERM/H:2/IND,TOTAL,37.0,9511015.0,3170339.0,0.0,20676.0,12681354.0,11578.0,0.0,559.0,460.0
ARM,Armenia,COM,CR+,CR/LFINF/CDM+ERM/H:3/COM,TOTAL,185.0,51747515.0,9131913.0,0.0,83464.0,60879432.0,47468.0,0.0,451.0,620.0
ARM,Armenia,COM,CR+,CR/LFINF/CDM+ERM/H:4-7/COM,TOTAL,179.0,132478250.0,23378514.0,0.0,213675.0,155856763.0,121770.0,0.0,1194.0,620.0
ARM,Armenia,RES,CR+,CR/LFINF/CDM+ERM/H:4/RES,URBAN,4.0,3017632.0,532523.0,321.0,6560.0,3550155.0,2539.0,88.0,1640.0,460.0
ARM,Armenia,RES,CR+,CR/LFINF/CDM+ERM/H:5/RES,URBAN,10.0,8817527.0,1556035.0,923.0,19169.0,10373561.0,7424.0,256.0,1917.0,460.0
ARM,Armenia,RES,CR+,CR/LFINF/CDM+ERM/H:6/RES,URBAN,8.0,8283013.0,1461709.0,879.0,18007.0,9744721.0,6978.0,241.0,2251.0,460.0
ARM,Armenia,RES,CR+,CR/LFINF/CDM+ERM/H:7/RES,URBAN,6.0,7570312.0,1335938.0,797.0,16457.0,8906249.0,6382.0,220.0,2743.0,460.0
ARM,Armenia,RES,CR+,CR/LFINF/CDM+ERM/H:8/RES,URBAN,4.0,6035264.0,1065047.0,643.0,13120.0,7100311.0,5091.0,175.0,3280.0,460.0
ARM,Armenia,COM,CR+,CR/LFINF/CDM+ERM/H:>7/COM,TOTAL,24.0,39599806.0,6988200.0,0.0,63871.0,46588006.0,36448.0,0.0,2661.0,620.0
ARM,Armenia,RES,CR+,CR/LFINF/CDM+ERM/H:>8/RES,URBAN,2.0,3017632.0,532523.0,321.0,6560.0,3550155.0,2547.0,88.0,3280.0,460.0
ARM,Armenia,COM,CR-,CR/LWAL/CDL+ERL/H:1/COM,TOTAL,243.0,19412824.0,3425793.0,0.0,31311.0,22838609.0,19515.0,0.0,129.0,620.0
ARM,Armenia,IND,CR-,CR/LWAL/CDL+ERL/H:1/IND,TOTAL,478.0,79723394.0,26574465.0,0.0,173312.0,106297860.0,102910.0,0.0,363.0,460.0
ARM,Armenia,COM,CR-,CR/LWAL/CDL+ERL/H:2/COM,TOTAL,179.0,28703045.0,5065243.0,0.0,46295.0,33768292.0,28875.0,0.0,259.0,620.0
ARM,Armenia,IND,CR-,CR/LWAL/CDL+ERL/H:2/IND,TOTAL,156.0,42688944.0,14229650.0,0.0,92802.0,56918591.0,55149.0,0.0,595.0,460.0
ARM,Armenia,COM,CR-,CR/LWAL/CDL+ERL/H:3/COM,TOTAL,199.0,55344419.0,9766662.0,0.0,89265.0,65111083.0,55714.0,0.0,449.0,620.0
ARM,Armenia,COM,CR-,CR/LWAL/CDL+ERL/H:4-7/COM,TOTAL,189.0,141309410.0,24936953.0,0.0,227918.0,166246367.0,142551.0,0.0,1206.0,620.0
ARM,Armenia,COM,CR-,CR/LWAL/CDL+ERL/H:>7/COM,TOTAL,24.0,42239682.0,7454060.0,0.0,68129.0,49693745.0,42670.0,0.0,2839.0,620.0
ARM,Armenia,COM,CR+,CR/LWAL/CDM+ERM/H:1/COM,TOTAL,26.0,2011804.0,355024.0,0.0,3245.0,2366830.0,2022.0,0.0,125.0,620.0
ARM,Armenia,IND,CR+,CR/LWAL/CDM+ERM/H:1/IND,TOTAL,57.0,9101295.0,3033765.0,0.0,19785.0,12135060.0,11748.0,0.0,347.0,460.0
ARM,Armenia,COM,CR+,CR/LWAL/CDM+ERM/H:2/COM,TOTAL,21.0,2854279.0,503695.0,0.0,4604.0,3357979.0,2871.0,0.0,219.0,620.0
ARM,Armenia,IND,CR+,CR/LWAL/CDM+ERM/H:2/IND,TOTAL,16.0,4385572.0,1461857.0,0.0,9534.0,5847429.0,5666.0,0.0,596.0,460.0
ARM,Armenia,COM,CR+,CR/LWAL/CDM+ERM/H:3/COM,TOTAL,24.0,5800461.0,1023611.0,0.0,9356.0,6824071.0,5839.0,0.0,390.0,620.0
ARM,Armenia,COM,CR+,CR/LWAL/CDM+ERM/H:4-7/COM,TOTAL,24.0,14849778.0,2620549.0,0.0,23951.0,17470329.0,14980.0,0.0,998.0,620.0
ARM,Armenia,COM,CR+,CR/LWAL/CDM+ERM/H:>7/COM,TOTAL,1.0,1143308.0,201760.0,0.0,1844.0,1345069.0,1155.0,0.0,1844.0,620.0
ARM,Armenia,COM,HYB,HYB(MUR;W)/LWAL/CDN+ERN/H:1/COM,TOTAL,2250.0,140562336.0,35140585.0,0.0,292838.0,175702922.0,189979.0,0.0,130.0,480.0
ARM,Armenia,RES,HYB,HYB(MUR;W)/LWAL/CDN+ERN/H:1/RES,RURAL,2406.0,67390830.0,16847707.0,8430.0,240682.0,84238540.0,116038.0,2406.0,100.0,280.0
ARM,Armenia,RES,HYB,HYB(MUR;W)/LWAL/CDN+ERN/H:1/RES,URBAN,1213.0,54535537.0,13633886.0,4344.0,121190.0,68169423.0,58428.0,1213.0,100.0,450.0
ARM,Armenia,COM,HYB,HYB(MUR;W)/LWAL/CDN+ERN/H:2/COM,TOTAL,1699.0,210567453.0,52641866.0,0.0,438682.0,263209319.0,284757.0,0.0,258.0,480.0
ARM,Armenia,RES,HYB,HYB(MUR;W)/LWAL/CDN+ERN/H:2/RES,URBAN,9696.0,567169444.0,141792363.0,34731.0,1260377.0,708961809.0,607984.0,9696.0,130.0,450.0
ARM,Armenia,RES,HYB,HYB(MUR;W)/LWAL/CDN+ERN/H:2/RES,RURAL,19257.0,700860875.0,175215221.0,67459.0,2503075.0,876076092.0,1207441.0,19257.0,130.0,280.0
ARM,Armenia,RES,HYB,HYB(MUR;W)/LWAL/CDN+ERN/H:3/RES,URBAN,808.0,65035231.0,16258806.0,4307.0,144523.0,81294039.0,69753.0,1201.0,179.0,450.0
ARM,Armenia,RES,HYB,HYB(MUR;W)/LWAL/CDN+ERN/H:3/RES,RURAL,1604.0,80761098.0,20190272.0,8407.0,288432.0,100951369.0,139210.0,2399.0,180.0,280.0
ARM,Armenia,RES,OT,MATO/LN/CDN+ERN/H:1/RES,RURAL,6337.0,139411093.0,34852773.0,22201.0,633687.0,174263867.0,305514.0,6337.0,100.0,220.0
ARM,Armenia,RES,OT,MATO/LN/CDN+ERN/H:1/RES,URBAN,3768.0,113035948.0,28258988.0,13497.0,376786.0,141294937.0,181657.0,3768.0,100.0,300.0
ARM,Armenia,COM,MR|MCF,MCF/LWAL/CDL+ERL/H:1/COM,TOTAL,2024.0,163439433.0,28842255.0,0.0,263612.0,192281681.0,149719.0,0.0,130.0,620.0
ARM,Armenia,IND,MR|MCF,MCF/LWAL/CDL+ERL/H:1/IND,TOTAL,478.0,79723394.0,26574465.0,0.0,173312.0,106297860.0,96973.0,0.0,363.0,460.0
ARM,Armenia,RES,MR|MCF,MCF/LWAL/CDL+ERL/H:1/RES,URBAN,540.0,24779216.0,4372803.0,1933.0,53868.0,29152018.0,20809.0,540.0,100.0,460.0
ARM,Armenia,COM,MR|MCF,MCF/LWAL/CDL+ERL/H:2/COM,TOTAL,2024.0,326869308.0,57682817.0,0.0,527209.0,384552128.0,299632.0,0.0,260.0,620.0
ARM,Armenia,IND,MR|MCF,MCF/LWAL/CDL+ERL/H:2/IND,TOTAL,156.0,42688944.0,14229650.0,0.0,92802.0,56918591.0,51967.0,0.0,595.0,460.0
ARM,Armenia,RES,MR|MCF,MCF/LWAL/CDL+ERL/H:2/RES,URBAN,1618.0,96635592.0,17053339.0,5796.0,210077.0,113688933.0,81204.0,1618.0,130.0,460.0
ARM,Armenia,COM,MR|MCF,MCF/LWAL/CDL+ERL/H:3-6/COM,TOTAL,812.0,449536736.0,79330012.0,0.0,725059.0,528866748.0,412638.0,0.0,893.0,620.0
ARM,Armenia,RES,MR|MCF,MCF/LWAL/CDL+ERL/H:3/RES,URBAN,1079.0,89201559.0,15741452.0,5789.0,193916.0,104943009.0,75004.0,1616.0,180.0,460.0
ARM,Armenia,RES,MR|MCF,MCF/LWAL/CDL+ERL/H:4-6/RES,URBAN,136.0,55751612.0,9838520.0,5796.0,121199.0,65590132.0,46938.0,1618.0,891.0,460.0
ARM,Armenia,COM,MR|MCF,MCF/LWAL/CDM+ERM/H:1/COM,TOTAL,227.0,18120249.0,3197693.0,0.0,29226.0,21317943.0,16599.0,0.0,129.0,620.0
ARM,Armenia,IND,MR|MCF,MCF/LWAL/CDM+ERM/H:1/IND,TOTAL,57.0,9101295.0,3033765.0,0.0,19785.0,12135060.0,11071.0,0.0,347.0,460.0
ARM,Armenia,RES,MR|MCF,MCF/LWAL/CDM+ERM/H:1/RES,URBAN,76.0,3506340.0,618767.0,271.0,7622.0,4125105.0,2945.0,76.0,100.0,460.0
ARM,Armenia,COM,MR|MCF,MCF/LWAL/CDM+ERM/H:2/COM,TOTAL,227.0,36239237.0,6395159.0,0.0,58450.0,42634394.0,33220.0,0.0,257.0,620.0
ARM,Armenia,IND,MR|MCF,MCF/LWAL/CDM+ERM/H:2/IND,TOTAL,16.0,4385572.0,1461857.0,0.0,9534.0,5847429.0,5339.0,0.0,596.0,460.0
ARM,Armenia,RES,MR|MCF,MCF/LWAL/CDM+ERM/H:2/RES,URBAN,227.0,13675488.0,2413321.0,813.0,29729.0,16088810.0,11492.0,227.0,131.0,460.0
ARM,Armenia,COM,MR|MCF,MCF/LWAL/CDM+ERM/H:3-6/COM,TOTAL,88.0,49134302.0,8670759.0,0.0,79249.0,57805054.0,45101.0,0.0,901.0,620.0
ARM,Armenia,RES,MR|MCF,MCF/LWAL/CDM+ERM/H:3/RES,URBAN,154.0,12461589.0,2199102.0,806.0,27090.0,14660695.0,10478.0,225.0,176.0,460.0
ARM,Armenia,RES,MR|MCF,MCF/LWAL/CDM+ERM/H:4-6/RES,URBAN,19.0,7704034.0,1359537.0,795.0,16748.0,9063568.0,6486.0,222.0,881.0,460.0
ARM,Armenia,RES,OT,ME+MEO/LWAL/CDN+ERM/H:1/RES,URBAN,419.0,12559251.0,3139813.0,1500.0,41864.0,15699063.0,16677.0,419.0,100.0,300.0
ARM,Armenia,IND,MR|MCF,MR+CB/LWAL/CDL+ERL/H:1/IND,TOTAL,241.0,39860966.0,13286990.0,0.0,86654.0,53147953.0,59626.0,0.0,360.0,460.0
ARM,Armenia,IND,MR|MCF,MR+CB/LWAL/CDL+ERL/H:2/IND,TOTAL,82.0,21344967.0,7114989.0,0.0,46402.0,28459952.0,31948.0,0.0,566.0,460.0
ARM,Armenia,IND,MR|MCF,MR+CB/LWAL/CDM+ERM/H:1/IND,TOTAL,26.0,4082273.0,1360758.0,0.0,8875.0,5443030.0,6106.0,0.0,341.0,460.0
ARM,Armenia,IND,MR|MCF,MR+CB/LWAL/CDM+ERM/H:2/IND,TOTAL,10.0,1921380.0,640459.0,0.0,4177.0,2561840.0,2876.0,0.0,418.0,460.0
ARM,Armenia,IND,MUR,MUR+CB/LWAL/CDN+ERN/H:1/IND,TOTAL,271.0,31947551.0,10649185.0,0.0,96811.0,42596736.0,66614.0,0.0,357.0,330.0
ARM,Armenia,RES,MUR,MUR+CB/LWAL/CDN+ERN/H:1/RES,URBAN,3162.0,142258689.0,35564671.0,11325.0,316130.0,177823359.0,176930.0,3162.0,100.0,450.0
ARM,Armenia,RES,MUR,MUR+CB/LWAL/CDN+ERN/H:1/RES,RURAL,2621.0,73367016.0,18341753.0,9181.0,262025.0,91708770.0,146648.0,2621.0,100.0,280.0
ARM,Armenia,IND,MUR,MUR+CB/LWAL/CDN+ERN/H:2/IND,TOTAL,88.0,17106291.0,5702099.0,0.0,51837.0,22808389.0,35690.0,0.0,589.0,330.0
ARM,Armenia,RES,MUR,MUR+CB/LWAL/CDN+ERN/H:2/RES,RURAL,7860.0,286131605.0,71532902.0,27535.0,1021899.0,357664506.0,572230.0,7860.0,130.0,280.0
ARM,Armenia,RES,MUR,MUR+CB/LWAL/CDN+ERN/H:2/RES,URBAN,9484.0,554810391.0,138702597.0,33972.0,1232912.0,693512990.0,690390.0,9484.0,130.0,450.0
ARM,Armenia,RES,MUR,MUR+CB/LWAL/CDN+ERN/H:3/RES,URBAN,6321.0,512134114.0,128033529.0,33973.0,1138076.0,640167638.0,637620.0,9484.0,180.0,450.0
ARM,Armenia,RES,MUR,MUR+CB/LWAL/CDN+ERN/H:3/RES,RURAL,5240.0,264121607.0,66030402.0,27538.0,943291.0,330152010.0,528490.0,7861.0,180.0,280.0
ARM,Armenia,RES,MUR,MUR+CB/LWAL/CDN+ERN/H:4-6/RES,RURAL,656.0,165075651.0,41268912.0,27535.0,589556.0,206344564.0,330652.0,7860.0,899.0,280.0
ARM,Armenia,RES,MUR,MUR+CB/LWAL/CDN+ERN/H:4-6/RES,URBAN,791.0,320082848.0,80020713.0,33972.0,711295.0,400103562.0,398930.0,9484.0,899.0,450.0
ARM,Armenia,RES,MUR,MUR+CL/LWAL/CDN+ERN/H:1/RES,URBAN,3162.0,142258689.0,35564671.0,11325.0,316130.0,177823359.0,152414.0,3162.0,100.0,450.0
ARM,Armenia,RES,MUR,MUR+CL/LWAL/CDN+ERN/H:1/RES,RURAL,2621.0,73367016.0,18341753.0,9181.0,262025.0,91708770.0,126328.0,2621.0,100.0,280.0
ARM,Armenia,RES,MUR,MUR+CL/LWAL/CDN+ERN/H:2/RES,URBAN,9484.0,554810391.0,138702597.0,33972.0,1232912.0,693512990.0,594736.0,9484.0,130.0,450.0
ARM,Armenia,RES,MUR,MUR+CL/LWAL/CDN+ERN/H:2/RES,RURAL,7860.0,286131605.0,71532902.0,27535.0,1021899.0,357664506.0,492947.0,7860.0,130.0,280.0
ARM,Armenia,RES,MUR,MUR+CL/LWAL/CDN+ERN/H:3/RES,RURAL,5240.0,264121607.0,66030402.0,27538.0,943291.0,330152010.0,455274.0,7861.0,180.0,280.0
ARM,Armenia,RES,MUR,MUR+CL/LWAL/CDN+ERN/H:3/RES,URBAN,6321.0,512134114.0,128033529.0,33973.0,1138076.0,640167638.0,549285.0,9484.0,180.0,450.0
ARM,Armenia,RES,MUR,MUR+CL/LWAL/CDN+ERN/H:4-6/RES,RURAL,656.0,165075651.0,41268912.0,27535.0,589556.0,206344564.0,284853.0,7860.0,899.0,280.0
ARM,Armenia,RES,MUR,MUR+CL/LWAL/CDN+ERN/H:4-6/RES,URBAN,791.0,320082848.0,80020713.0,33972.0,711295.0,400103562.0,343674.0,9484.0,899.0,450.0
ARM,Armenia,RES,ADO|ST|E,MUR+STDRE/LWAL/CDN+ERN/H:1/RES,RURAL,213.0,8537823.0,1506673.0,747.0,21345.0,10044497.0,10291.0,213.0,100.0,400.0
ARM,Armenia,RES,ADO|ST|E,MUR+STDRE/LWAL/CDN+ERN/H:1/RES,URBAN,80777.0,4442690172.0,784004148.0,289357.0,8077618.0,5226694322.0,3894399.0,80777.0,100.0,550.0
ARM,Armenia,RES,ADO|ST|E,MUR+STDRE/LWAL/CDN+ERN/H:2/RES,RURAL,213.0,11100255.0,1958869.0,747.0,27751.0,13059124.0,13386.0,213.0,130.0,400.0
ARM,Armenia,RES,ADO|ST|E,MUR+STDRE/LWAL/CDN+ERN/H:2/RES,URBAN,80777.0,5775496328.0,1019205234.0,289357.0,10500902.0,6794701561.0,5065457.0,80777.0,130.0,550.0
ARM,Armenia,RES,ADO|ST|E,MUR+STDRE/LWAL/CDN+ERN/H:3/RES,URBAN,26925.0,2665613998.0,470402471.0,144668.0,4846571.0,3136016465.0,2339168.0,40385.0,180.0,550.0
ARM,Armenia,RES,ADO|ST|E,MUR+STDRE/LWAL/CDN+ERN/H:3/RES,RURAL,73.0,4946568.0,872924.0,359.0,12366.0,5819493.0,5969.0,102.0,169.0,400.0
ARM,Armenia,RES,ADO|ST|E,MUR+STRUB/LWAL/CDN+ERN/H:1/RES,URBAN,31614.0,1738723452.0,306833549.0,113246.0,3161315.0,2045557000.0,1524140.0,31614.0,100.0,550.0
ARM,Armenia,RES,ADO|ST|E,MUR+STRUB/LWAL/CDN+ERN/H:1/RES,RURAL,104812.0,4192406377.0,739836421.0,367174.0,10481016.0,4932242798.0,5053130.0,104812.0,100.0,400.0
ARM,Armenia,RES,ADO|ST|E,MUR+STRUB/LWAL/CDN+ERN/H:2/RES,RURAL,104812.0,5450127521.0,961787210.0,367174.0,13625319.0,6411914731.0,6572623.0,104812.0,130.0,400.0
ARM,Armenia,RES,ADO|ST|E,MUR+STRUB/LWAL/CDN+ERN/H:2/RES,URBAN,31614.0,2260340317.0,398883585.0,113246.0,4109710.0,2659223904.0,1982454.0,31614.0,130.0,550.0
ARM,Armenia,COM,MUR,MUR/LWAL/CDN+ERN/H:1/COM,TOTAL,13610.0,849355389.0,212338844.0,0.0,1769490.0,1061694229.0,1147957.0,0.0,130.0,480.0
ARM,Armenia,COM,MUR,MUR/LWAL/CDN+ERN/H:2/COM,TOTAL,9075.0,1132473234.0,283118308.0,0.0,2359319.0,1415591539.0,1531479.0,0.0,260.0,480.0
ARM,Armenia,COM,MUR,MUR/LWAL/CDN+ERN/H:3/COM,TOTAL,2724.0,1175938393.0,293984602.0,0.0,2449872.0,1469922989.0,1591164.0,0.0,899.0,480.0
ARM,Armenia,IND,S,S/LFM/CDL+ERL/H:1/IND,TOTAL,1441.0,239168749.0,102500890.0,0.0,519932.0,341669639.0,189906.0,0.0,361.0,460.0
ARM,Armenia,IND,S,S/LFM/CDL+ERL/H:2/IND,TOTAL,478.0,128442589.0,55046824.0,0.0,279223.0,183489412.0,102049.0,0.0,584.0,460.0
ARM,Armenia,IND,S,S/LFM/CDM+ERM/H:1/IND,TOTAL,169.0,27945298.0,11976559.0,0.0,60751.0,39921853.0,22189.0,0.0,359.0,460.0
ARM,Armenia,IND,S,S/LFM/CDM+ERM/H:2/IND,TOTAL,57.0,14662034.0,6283728.0,0.0,31874.0,20945760.0,11649.0,0.0,559.0,460.0
ARM,Armenia,COM,W,W/LWAL/CDL+ERM/H:1/COM,TOTAL,1134.0,85771302.0,28590435.0,0.0,147882.0,114361740.0,32478.0,0.0,130.0,580.0
ARM,Armenia,RES,W,W/LWAL/CDL+ERM/H:1/RES,URBAN,923.0,49951545.0,12487886.0,3307.0,92503.0,62439430.0,11655.0,923.0,100.0,540.0
ARM,Armenia,RES,W,W/LWAL/CDL+ERM/H:1/RES,RURAL,1339.0,42881044.0,10720261.0,4689.0,134003.0,53601306.0,16884.0,1339.0,100.0,320.0
ARM,Armenia,COM,W,W/LWAL/CDL+ERM/H:2/COM,TOTAL,574.0,85243186.0,28414397.0,0.0,146971.0,113657585.0,32291.0,0.0,256.0,580.0
ARM,Armenia,RES,W,W/LWAL/CDL+ERM/H:2/RES,RURAL,2681.0,111491620.0,27872905.0,9394.0,348411.0,139364524.0,43921.0,2681.0,130.0,320.0
ARM,Armenia,RES,W,W/LWAL/CDL+ERM/H:2/RES,URBAN,1849.0,129872041.0,32468011.0,6624.0,240504.0,162340052.0,30318.0,1849.0,130.0,540.0
ARM,Armenia,COM,W,W/LWAL/CDL+ERM/H:3/COM,TOTAL,77.0,20175541.0,6725182.0,0.0,34785.0,26900724.0,7646.0,0.0,452.0,580.0
ARM,Armenia,RES,W,W/LWAL/CDL+ERM/H:3/RES,RURAL,1788.0,102914892.0,25728723.0,9389.0,321609.0,128643615.0,40563.0,2680.0,180.0,320.0
ARM,Armenia,RES,W,W/LWAL/CDL+ERM/H:3/RES,URBAN,1233.0,119881296.0,29970321.0,6624.0,222002.0,149851615.0,28000.0,1849.0,180.0,540.0
ARM,Armenia,COM,W,W/LWAL/CDM+ERM/H:1/COM,TOTAL,125.0,9440497.0,3146833.0,0.0,16277.0,12587325.0,3575.0,0.0,130.0,580.0
ARM,Armenia,RES,W,W/LWAL/CDM+ERM/H:1/RES,RURAL,192.0,6134971.0,1533743.0,673.0,19172.0,7668711.0,2416.0,192.0,100.0,320.0
ARM,Armenia,RES,W,W/LWAL/CDM+ERM/H:1/RES,URBAN,243.0,13129604.0,3282400.0,870.0,24314.0,16412001.0,3063.0,243.0,100.0,540.0
ARM,Armenia,COM,W,W/LWAL/CDM+ERM/H:2/COM,TOTAL,64.0,9221484.0,3073828.0,0.0,15899.0,12295308.0,3493.0,0.0,248.0,580.0
ARM,Armenia,RES,W,W/LWAL/CDM+ERM/H:2/RES,RURAL,382.0,15951180.0,3987795.0,1339.0,49847.0,19938972.0,6284.0,382.0,130.0,320.0
ARM,Armenia,RES,W,W/LWAL/CDM+ERM/H:2/RES,URBAN,485.0,34137950.0,8534487.0,1738.0,63218.0,42672437.0,7969.0,485.0,130.0,540.0
ARM,Armenia,COM,W,W/LWAL/CDM+ERM/H:3/COM,TOTAL,3.0,839688.0,279896.0,0.0,1448.0,1119584.0,318.0,0.0,483.0,580.0
ARM,Armenia,RES,W,W/LWAL/CDM+ERM/H:3/RES,RURAL,255.0,14723666.0,3680917.0,1339.0,46011.0,18404583.0,5803.0,382.0,180.0,320.0
ARM,Armenia,RES,W,W/LWAL/CDM+ERM/H:3/RES,URBAN,322.0,31326014.0,7831502.0,1723.0,58011.0,39157517.0,7317.0,481.0,180.0,540.0
AZE,Azerbaijan,RES,CR-,CR+PC/LPB/CDL+ERL/H:4/RES,URBAN,1860.0,1400034893.0,247064984.0,182384.0,3333416.0,1647099874.0,1290141.0,44598.0,1792.0,420.0
AZE,Azerbaijan,RES,CR-,CR+PC/LPB/CDL+ERL/H:4/RES,RURAL,51.0,22679204.0,4002212.0,3075.0,90717.0,26681415.0,35110.0,1212.0,1779.0,250.0
AZE,Azerbaijan,RES,CR-,CR+PC/LPB/CDL+ERL/H:5/RES,URBAN,11944.0,11230989862.0,1981939390.0,1465412.0,26740452.0,13212929249.0,10355983.0,358178.0,2239.0,420.0
AZE,Azerbaijan,RES,CR-,CR+PC/LPB/CDL+ERL/H:5/RES,RURAL,324.0,181430496.0,32017146.0,24513.0,725722.0,213447643.0,281056.0,9676.0,2240.0,250.0
AZE,Azerbaijan,RES,CR-,CR+PC/LPB/CDL+ERL/H:6/RES,URBAN,1242.0,1399076471.0,246895850.0,182198.0,3331134.0,1645972323.0,1290892.0,44558.0,2682.0,420.0
AZE,Azerbaijan,RES,CR-,CR+PC/LPB/CDL+ERL/H:6/RES,RURAL,34.0,22358204.0,3945566.0,2992.0,89433.0,26303769.0,34657.0,1195.0,2630.0,250.0
AZE,Azerbaijan,RES,CR-,CR+PC/LPB/CDL+ERL/H:7/RES,URBAN,1060.0,1397914468.0,246690790.0,182074.0,3328368.0,1644605257.0,1290636.0,44513.0,3140.0,420.0
AZE,Azerbaijan,RES,CR-,CR+PC/LPB/CDL+ERL/H:7/RES,RURAL,28.0,21991954.0,3880935.0,2899.0,87968.0,25872888.0,34111.0,1175.0,3142.0,250.0
AZE,Azerbaijan,RES,CR-,CR+PC/LPB/CDL+ERL/H:8/RES,RURAL,24.0,21991954.0,3880934.0,2899.0,87968.0,25872887.0,34133.0,1175.0,3665.0,250.0
AZE,Azerbaijan,RES,CR-,CR+PC/LPB/CDL+ERL/H:8/RES,URBAN,928.0,1397914473.0,246690791.0,182074.0,3328368.0,1644605261.0,1291452.0,44513.0,3587.0,420.0
AZE,Azerbaijan,RES,CR-,CR+PC/LPB/CDL+ERL/H:>8/RES,RURAL,182.0,181430496.0,32017146.0,24513.0,725722.0,213447643.0,281768.0,9676.0,3987.0,250.0
AZE,Azerbaijan,RES,CR-,CR+PC/LPB/CDL+ERL/H:>8/RES,URBAN,6628.0,11222094464.0,1980369612.0,1463512.0,26719273.0,13202464074.0,10373996.0,357756.0,4031.0,420.0
AZE,Azerbaijan,RES,CR-,CR+PC/LPB/CDL+ERM/H:4/RES,URBAN,20.0,15372720.0,2712833.0,1933.0,36602.0,18085552.0,14166.0,488.0,1830.0,420.0
AZE,Azerbaijan,RES,CR-,CR+PC/LPB/CDL+ERM/H:5/RES,RURAL,4.0,1437659.0,253704.0,98.0,5751.0,1691363.0,2227.0,76.0,1438.0,250.0
AZE,Azerbaijan,RES,CR-,CR+PC/LPB/CDL+ERM/H:5/RES,URBAN,179.0,162976345.0,28760536.0,21276.0,388039.0,191736882.0,150279.0,5184.0,2168.0,420.0
AZE,Azerbaijan,RES,CR-,CR+PC/LPB/CDL+ERM/H:6/RES,URBAN,13.0,14463865.0,2552447.0,1800.0,34438.0,17016311.0,13345.0,459.0,2649.0,420.0
AZE,Azerbaijan,RES,CR-,CR+PC/LPB/CDL+ERM/H:7/RES,URBAN,12.0,14463864.0,2552447.0,1800.0,34438.0,17016311.0,13354.0,459.0,2870.0,420.0
AZE,Azerbaijan,RES,CR-,CR+PC/LPB/CDL+ERM/H:8/RES,URBAN,11.0,14463864.0,2552447.0,1800.0,34438.0,17016311.0,13362.0,459.0,3131.0,420.0
AZE,Azerbaijan,RES,CR-,CR+PC/LPB/CDL+ERM/H:>8/RES,URBAN,90.0,148377625.0,26184288.0,19163.0,353280.0,174561916.0,137164.0,4712.0,3925.0,420.0
AZE,Azerbaijan,COM,CR-,CR+PC/LWAL/CDL+ERL/H:1/COM,TOTAL,4385.0,285088952.0,50309819.0,0.0,570178.0,335398771.0,355375.0,0.0,130.0,500.0
AZE,Azerbaijan,IND,CR-,CR+PC/LWAL/CDL+ERL/H:1/IND,TOTAL,7209.0,1296789679.0,432263226.0,0.0,2593579.0,1729052902.0,1540034.0,0.0,360.0,500.0
AZE,Azerbaijan,COM,CR-,CR+PC/LWAL/CDL+ERL/H:2/COM,TOTAL,3291.0,426673785.0,75295370.0,0.0,853348.0,501969161.0,532237.0,0.0,259.0,500.0
AZE,Azerbaijan,IND,CR-,CR+PC/LWAL/CDL+ERL/H:2/IND,TOTAL,2410.0,696390252.0,232130086.0,0.0,1392781.0,928520351.0,827677.0,0.0,578.0,500.0
AZE,Azerbaijan,COM,CR-,CR+PC/LWAL/CDL+ERL/H:3/COM,TOTAL,3660.0,821956149.0,145051075.0,0.0,1643912.0,967007237.0,1026033.0,0.0,449.0,500.0
AZE,Azerbaijan,COM,CR-,CR+PC/LWAL/CDL+ERL/H:4-7/COM,TOTAL,3516.0,2102906295.0,371101112.0,0.0,4205813.0,2474007410.0,2630520.0,0.0,1196.0,500.0
AZE,Azerbaijan,COM,CR-,CR+PC/LWAL/CDL+ERL/H:>7/COM,TOTAL,405.0,634755977.0,112015761.0,0.0,1269512.0,746771741.0,795122.0,0.0,3135.0,500.0
AZE,Azerbaijan,COM,CR-,CR+PC/LWAL/CDL+ERM/H:1/COM,TOTAL,479.0,30611914.0,5402101.0,0.0,61224.0,36014007.0,38159.0,0.0,128.0,500.0
AZE,Azerbaijan,IND,CR-,CR+PC/LWAL/CDL+ERM/H:1/IND,TOTAL,841.0,151654523.0,50551506.0,0.0,303309.0,202206027.0,180102.0,0.0,361.0,500.0
AZE,Azerbaijan,COM,CR-,CR+PC/LWAL/CDL+ERM/H:2/COM,TOTAL,354.0,44829645.0,7911111.0,0.0,89659.0,52740760.0,55921.0,0.0,253.0,500.0
AZE,Azerbaijan,IND,CR-,CR+PC/LWAL/CDL+ERM/H:2/IND,TOTAL,279.0,76385932.0,25461979.0,0.0,152772.0,101847912.0,90787.0,0.0,548.0,500.0
AZE,Azerbaijan,COM,CR-,CR+PC/LWAL/CDL+ERM/H:3/COM,TOTAL,392.0,86700031.0,15300001.0,0.0,173400.0,102000023.0,108226.0,0.0,442.0,500.0
AZE,Azerbaijan,COM,CR-,CR+PC/LWAL/CDL+ERM/H:4-7/COM,TOTAL,376.0,221011991.0,39002117.0,0.0,442024.0,260014113.0,276464.0,0.0,1176.0,500.0
AZE,Azerbaijan,COM,CR-,CR+PC/LWAL/CDL+ERM/H:>7/COM,TOTAL,22.0,27343569.0,4825335.0,0.0,54687.0,32168905.0,34252.0,0.0,2486.0,500.0
AZE,Azerbaijan,COM,CR-,CR/LFINF/CDL+ERL/H:1/COM,TOTAL,4385.0,285086950.0,50309465.0,0.0,570174.0,335396421.0,323831.0,0.0,130.0,500.0
AZE,Azerbaijan,IND,CR-,CR/LFINF/CDL+ERL/H:1/IND,TOTAL,7209.0,1296793045.0,432264350.0,0.0,2593586.0,1729057409.0,1451194.0,0.0,360.0,500.0
AZE,Azerbaijan,COM,CR-,CR/LFINF/CDL+ERL/H:2/COM,TOTAL,3291.0,426666511.0,75294080.0,0.0,853333.0,501960603.0,484981.0,0.0,259.0,500.0
AZE,Azerbaijan,IND,CR-,CR/LFINF/CDL+ERL/H:2/IND,TOTAL,2410.0,696398110.0,232132698.0,0.0,1392796.0,928530820.0,779936.0,0.0,578.0,500.0
AZE,Azerbaijan,COM,CR-,CR/LFINF/CDL+ERL/H:3/COM,TOTAL,3660.0,821937565.0,145047801.0,0.0,1643875.0,966985373.0,934911.0,0.0,449.0,500.0
AZE,Azerbaijan,COM,CR-,CR/LFINF/CDL+ERL/H:4-7/COM,TOTAL,3516.0,2102959827.0,371110556.0,0.0,4205920.0,2474070395.0,2396882.0,0.0,1196.0,500.0
AZE,Azerbaijan,RES,CR-,CR/LFINF/CDL+ERL/H:4/RES,URBAN,101.0,70221115.0,12391960.0,9057.0,167193.0,82613078.0,64709.0,2323.0,1655.0,420.0
AZE,Azerbaijan,RES,CR-,CR/LFINF/CDL+ERL/H:4/RES,RURAL,13.0,4954625.0,874346.0,588.0,19819.0,5828970.0,7670.0,265.0,1525.0,250.0
AZE,Azerbaijan,RES,CR-,CR/LFINF/CDL+ERL/H:5/RES,URBAN,173.0,150544123.0,26566612.0,19633.0,358438.0,177110734.0,138815.0,4988.0,2072.0,420.0
AZE,Azerbaijan,RES,CR-,CR/LFINF/CDL+ERL/H:5/RES,RURAL,21.0,10995959.0,1940464.0,1439.0,43984.0,12936423.0,17034.0,585.0,2094.0,250.0
AZE,Azerbaijan,RES,CR-,CR/LFINF/CDL+ERL/H:6/RES,URBAN,140.0,146017642.0,25767820.0,19002.0,347661.0,171785462.0,134727.0,4844.0,2483.0,420.0
AZE,Azerbaijan,RES,CR-,CR/LFINF/CDL+ERL/H:6/RES,RURAL,18.0,10687209.0,1885978.0,1364.0,42749.0,12573188.0,16566.0,569.0,2375.0,250.0
AZE,Azerbaijan,RES,CR-,CR/LFINF/CDL+ERL/H:7/RES,URBAN,121.0,143993078.0,25410544.0,18646.0,342841.0,169403623.0,132943.0,4768.0,2833.0,420.0
AZE,Azerbaijan,RES,CR-,CR/LFINF/CDL+ERL/H:7/RES,RURAL,15.0,10325709.0,1822185.0,1273.0,41303.0,12147894.0,16016.0,550.0,2754.0,250.0
AZE,Azerbaijan,RES,CR-,CR/LFINF/CDL+ERL/H:8/RES,RURAL,13.0,9908459.0,1748553.0,1165.0,39634.0,11657012.0,15378.0,528.0,3049.0,250.0
AZE,Azerbaijan,RES,CR-,CR/LFINF/CDL+ERL/H:8/RES,URBAN,101.0,140443410.0,24784131.0,18148.0,334389.0,165227540.0,129748.0,4653.0,3311.0,420.0
AZE,Azerbaijan,COM,CR-,CR/LFINF/CDL+ERL/H:>7/COM,TOTAL,405.0,634755979.0,112015763.0,0.0,1269512.0,746771745.0,724455.0,0.0,3135.0,500.0
AZE,Azerbaijan,RES,CR-,CR/LFINF/CDL+ERL/H:>8/RES,RURAL,5.0,3538875.0,624508.0,365.0,14156.0,4163382.0,5496.0,189.0,2831.0,250.0
AZE,Azerbaijan,RES,CR-,CR/LFINF/CDL+ERL/H:>8/RES,URBAN,36.0,58274824.0,10283791.0,7544.0,138750.0,68558616.0,53871.0,1898.0,3854.0,420.0
AZE,Azerbaijan,COM,CR+,CR/LFINF/CDM+ERM/H:1/COM,TOTAL,479.0,30611915.0,5402101.0,0.0,61224.0,36014006.0,34773.0,0.0,128.0,500.0
AZE,Azerbaijan,IND,CR+,CR/LFINF/CDM+ERM/H:1/IND,TOTAL,841.0,151654951.0,50551651.0,0.0,303310.0,202206598.0,169712.0,0.0,361.0,500.0
AZE,Azerbaijan,COM,CR+,CR/LFINF/CDM+ERM/H:2/COM,TOTAL,354.0,44829320.0,7911052.0,0.0,89659.0,52740373.0,50957.0,0.0,253.0,500.0
AZE,Azerbaijan,IND,CR+,CR/LFINF/CDM+ERM/H:2/IND,TOTAL,279.0,76385860.0,25461954.0,0.0,152772.0,101847822.0,85549.0,0.0,548.0,500.0
AZE,Azerbaijan,COM,CR+,CR/LFINF/CDM+ERM/H:3/COM,TOTAL,392.0,86700032.0,15300003.0,0.0,173400.0,102000022.0,98617.0,0.0,442.0,500.0
AZE,Azerbaijan,COM,CR+,CR/LFINF/CDM+ERM/H:4-7/COM,TOTAL,376.0,221031855.0,39005620.0,0.0,442064.0,260037481.0,251925.0,0.0,1176.0,500.0
AZE,Azerbaijan,RES,CR+,CR/LFINF/CDM+ERM/H:4/RES,URBAN,1.0,652907.0,115219.0,81.0,1555.0,768126.0,602.0,21.0,1555.0,420.0
AZE,Azerbaijan,RES,CR+,CR/LFINF/CDM+ERM/H:5/RES,URBAN,1.0,1305814.0,230438.0,161.0,3109.0,1536251.0,1204.0,42.0,3109.0,420.0
AZE,Azerbaijan,RES,CR+,CR/LFINF/CDM+ERM/H:6/RES,URBAN,1.0,1305814.0,230438.0,161.0,3109.0,1536251.0,1205.0,42.0,3109.0,420.0
AZE,Azerbaijan,RES,CR+,CR/LFINF/CDM+ERM/H:7/RES,URBAN,1.0,1305814.0,230438.0,161.0,3109.0,1536251.0,1206.0,42.0,3109.0,420.0
AZE,Azerbaijan,RES,CR+,CR/LFINF/CDM+ERM/H:8/RES,URBAN,1.0,1305814.0,230438.0,161.0,3109.0,1536251.0,1206.0,42.0,3109.0,420.0
AZE,Azerbaijan,COM,CR+,CR/LFINF/CDM+ERM/H:>7/COM,TOTAL,22.0,27343569.0,4825334.0,0.0,54687.0,32168904.0,31208.0,0.0,2486.0,500.0
AZE,Azerbaijan,COM,CR-,CR/LWAL/CDL+ERL/H:1/COM,TOTAL,528.0,32978304.0,5819705.0,0.0,65957.0,38798008.0,41109.0,0.0,125.0,500.0
AZE,Azerbaijan,IND,CR-,CR/LWAL/CDL+ERL/H:1/IND,TOTAL,3603.0,648388164.0,216129383.0,0.0,1296776.0,864517561.0,770010.0,0.0,360.0,500.0
AZE,Azerbaijan,COM,CR-,CR/LWAL/CDL+ERL/H:2/COM,TOTAL,376.0,47890238.0,8451213.0,0.0,95780.0,56341452.0,59739.0,0.0,255.0,500.0
AZE,Azerbaijan,IND,CR-,CR/LWAL/CDL+ERL/H:2/IND,TOTAL,1201.0,347854160.0,115951389.0,0.0,695708.0,463805554.0,413433.0,0.0,579.0,500.0
AZE,Azerbaijan,COM,CR-,CR/LWAL/CDL+ERL/H:3/COM,TOTAL,422.0,93328389.0,16469713.0,0.0,186657.0,109798110.0,116501.0,0.0,442.0,500.0
AZE,Azerbaijan,COM,CR-,CR/LWAL/CDL+ERL/H:4-7/COM,TOTAL,405.0,238037725.0,42006658.0,0.0,476075.0,280044390.0,297761.0,0.0,1175.0,500.0
AZE,Azerbaijan,COM,CR-,CR/LWAL/CDL+ERL/H:>7/COM,TOTAL,22.0,29167241.0,5147161.0,0.0,58334.0,34314403.0,36536.0,0.0,2652.0,500.0
AZE,Azerbaijan,COM,CR+,CR/LWAL/CDM+ERM/H:1/COM,TOTAL,29.0,1577344.0,278356.0,0.0,3155.0,1855699.0,1966.0,0.0,109.0,500.0
AZE,Azerbaijan,IND,CR+,CR/LWAL/CDM+ERM/H:1/IND,TOTAL,420.0,74459384.0,24819792.0,0.0,148919.0,99279179.0,88427.0,0.0,355.0,500.0
AZE,Azerbaijan,COM,CR+,CR/LWAL/CDM+ERM/H:2/COM,TOTAL,19.0,1950689.0,344239.0,0.0,3901.0,2294926.0,2433.0,0.0,205.0,500.0
AZE,Azerbaijan,IND,CR+,CR/LWAL/CDM+ERM/H:2/IND,TOTAL,118.0,27843247.0,9281082.0,0.0,55686.0,37124330.0,33093.0,0.0,472.0,500.0
AZE,Azerbaijan,COM,CR+,CR/LWAL/CDM+ERM/H:3/COM,TOTAL,22.0,4005744.0,706897.0,0.0,8011.0,4712643.0,5000.0,0.0,364.0,500.0
AZE,Azerbaijan,COM,CR+,CR/LWAL/CDM+ERM/H:4-7/COM,TOTAL,22.0,10254096.0,1809546.0,0.0,20508.0,12063642.0,12827.0,0.0,932.0,500.0
AZE,Azerbaijan,COM,CR+,CR/LWAL/CDM+ERM/H:>7/COM,TOTAL,1.0,1172920.0,206986.0,0.0,2346.0,1379906.0,1469.0,0.0,2346.0,500.0
AZE,Azerbaijan,COM,HYB,HYB(MUR;W)/LWAL/CDN+ERN/H:1/COM,TOTAL,4864.0,315703684.0,78925914.0,0.0,631407.0,394629593.0,409626.0,0.0,130.0,500.0
AZE,Azerbaijan,RES,HYB,HYB(MUR;W)/LWAL/CDN+ERN/H:1/RES,RURAL,7227.0,143062399.0,35765600.0,32839.0,650284.0,178828005.0,313516.0,7227.0,90.0,220.0
AZE,Azerbaijan,RES,HYB,HYB(MUR;W)/LWAL/CDN+ERN/H:1/RES,URBAN,1742.0,51479630.0,12869906.0,7493.0,155999.0,64349536.0,75211.0,1742.0,90.0,330.0
AZE,Azerbaijan,COM,HYB,HYB(MUR;W)/LWAL/CDN+ERN/H:2/COM,TOTAL,3645.0,471537621.0,117884412.0,0.0,943075.0,589422021.0,612169.0,0.0,259.0,500.0
AZE,Azerbaijan,RES,HYB,HYB(MUR;W)/LWAL/CDN+ERN/H:2/RES,URBAN,14072.0,510763715.0,127690926.0,60546.0,1547769.0,638454649.0,746618.0,14072.0,110.0,330.0
AZE,Azerbaijan,RES,HYB,HYB(MUR;W)/LWAL/CDN+ERN/H:2/RES,RURAL,57885.0,1400836093.0,350209025.0,263005.0,6367437.0,1751045116.0,3071544.0,57885.0,110.0,220.0
AZE,Azerbaijan,RES,HYB,HYB(MUR;W)/LWAL/CDN+ERN/H:3/RES,URBAN,1742.0,74352935.0,18588231.0,7493.0,225312.0,92941167.0,108746.0,1742.0,129.0,330.0
AZE,Azerbaijan,RES,HYB,HYB(MUR;W)/LWAL/CDN+ERN/H:3/RES,RURAL,7227.0,206646005.0,51661500.0,32839.0,939300.0,258307504.0,453348.0,7227.0,130.0,220.0
AZE,Azerbaijan,RES,OT,MATO/LN/CDN+ERN/H:1/RES,RURAL,4117.0,74105783.0,18526448.0,8610.0,411699.0,92632227.0,198489.0,7423.0,100.0,180.0
AZE,Azerbaijan,RES,OT,MATO/LN/CDN+ERN/H:1/RES,URBAN,908.0,21760746.0,5440187.0,2918.0,90670.0,27200932.0,43714.0,908.0,100.0,240.0
AZE,Azerbaijan,COM,MR|MCF,MCF/LWAL/CDL+ERL/H:1/COM,TOTAL,4385.0,285088342.0,50309711.0,0.0,570177.0,335398059.0,323833.0,0.0,130.0,500.0
AZE,Azerbaijan,IND,MR|MCF,MCF/LWAL/CDL+ERL/H:1/IND,TOTAL,3603.0,648386325.0,216128774.0,0.0,1296773.0,864515108.0,725586.0,0.0,360.0,500.0
AZE,Azerbaijan,RES,MR|MCF,MCF/LWAL/CDL+ERL/H:1/RES,RURAL,394.0,11659358.0,2057537.0,1353.0,46637.0,13716893.0,18016.0,783.0,118.0,250.0
AZE,Azerbaijan,RES,MR|MCF,MCF/LWAL/CDL+ERL/H:1/RES,URBAN,1369.0,81772206.0,14430394.0,10816.0,194696.0,96202595.0,75211.0,2721.0,142.0,420.0
AZE,Azerbaijan,COM,MR|MCF,MCF/LWAL/CDL+ERL/H:2/COM,TOTAL,4385.0,570171905.0,100618559.0,0.0,1140344.0,670790467.0,648100.0,0.0,260.0,500.0
AZE,Azerbaijan,IND,MR|MCF,MCF/LWAL/CDL+ERL/H:2/IND,TOTAL,1201.0,347807670.0,115935896.0,0.0,695615.0,463743565.0,389530.0,0.0,579.0,500.0
AZE,Azerbaijan,RES,MR|MCF,MCF/LWAL/CDL+ERL/H:2/RES,RURAL,594.0,35111483.0,6196139.0,4095.0,140446.0,41307621.0,54288.0,2356.0,236.0,250.0
AZE,Azerbaijan,RES,MR|MCF,MCF/LWAL/CDL+ERL/H:2/RES,URBAN,2060.0,245807113.0,43377721.0,32699.0,585255.0,289184841.0,226226.0,8217.0,284.0,420.0
AZE,Azerbaijan,COM,MR|MCF,MCF/LWAL/CDL+ERL/H:3-6/COM,TOTAL,1757.0,780649765.0,137761725.0,0.0,1561300.0,918411494.0,888551.0,0.0,889.0,500.0
AZE,Azerbaijan,RES,MR|MCF,MCF/LWAL/CDL+ERL/H:3/RES,RURAL,394.0,34977510.0,6172501.0,4046.0,139910.0,41150011.0,54116.0,2345.0,355.0,250.0
AZE,Azerbaijan,RES,MR|MCF,MCF/LWAL/CDL+ERL/H:3/RES,URBAN,1369.0,245315190.0,43290912.0,32591.0,584084.0,288606108.0,225916.0,8194.0,427.0,420.0
AZE,Azerbaijan,RES,MR|MCF,MCF/LWAL/CDL+ERL/H:4-6/RES,RURAL,197.0,34109890.0,6019392.0,3712.0,136440.0,40129279.0,52840.0,2275.0,693.0,250.0
AZE,Azerbaijan,RES,MR|MCF,MCF/LWAL/CDL+ERL/H:4-6/RES,URBAN,685.0,243212136.0,42919783.0,32174.0,579077.0,286131925.0,224264.0,8104.0,845.0,420.0
AZE,Azerbaijan,COM,MR|MCF,MCF/LWAL/CDM+ERM/H:1/COM,TOTAL,479.0,30611805.0,5402080.0,0.0,61224.0,36013882.0,34772.0,0.0,128.0,500.0
AZE,Azerbaijan,IND,MR|MCF,MCF/LWAL/CDM+ERM/H:1/IND,TOTAL,420.0,74463796.0,24821260.0,0.0,148928.0,99285060.0,83330.0,0.0,355.0,500.0
AZE,Azerbaijan,RES,MR|MCF,MCF/LWAL/CDM+ERM/H:1/RES,RURAL,3.0,70250.0,12396.0,2.0,281.0,82646.0,109.0,6.0,94.0,250.0
AZE,Azerbaijan,RES,MR|MCF,MCF/LWAL/CDM+ERM/H:1/RES,URBAN,13.0,818075.0,144366.0,110.0,1948.0,962440.0,752.0,28.0,150.0,420.0
AZE,Azerbaijan,COM,MR|MCF,MCF/LWAL/CDM+ERM/H:2/COM,TOTAL,479.0,61222136.0,10803903.0,0.0,122444.0,72026057.0,69590.0,0.0,256.0,500.0
AZE,Azerbaijan,IND,MR|MCF,MCF/LWAL/CDM+ERM/H:2/IND,TOTAL,118.0,27844051.0,9281348.0,0.0,55688.0,37125399.0,31184.0,0.0,472.0,500.0
AZE,Azerbaijan,RES,MR|MCF,MCF/LWAL/CDM+ERM/H:2/RES,RURAL,6.0,283000.0,49942.0,7.0,1132.0,332942.0,438.0,21.0,189.0,250.0
AZE,Azerbaijan,RES,MR|MCF,MCF/LWAL/CDM+ERM/H:2/RES,URBAN,23.0,2599049.0,458657.0,336.0,6188.0,3057705.0,2392.0,85.0,269.0,420.0
AZE,Azerbaijan,COM,MR|MCF,MCF/LWAL/CDM+ERM/H:3-6/COM,TOTAL,179.0,75841301.0,13383761.0,0.0,151683.0,89225065.0,86324.0,0.0,847.0,500.0
AZE,Azerbaijan,RES,MR|MCF,MCF/LWAL/CDM+ERM/H:3/RES,RURAL,3.0,210750.0,37191.0,5.0,843.0,247941.0,326.0,16.0,281.0,250.0
AZE,Azerbaijan,RES,MR|MCF,MCF/LWAL/CDM+ERM/H:3/RES,URBAN,13.0,2455667.0,433353.0,319.0,5847.0,2889021.0,2261.0,81.0,450.0,420.0
AZE,Azerbaijan,RES,MR|MCF,MCF/LWAL/CDM+ERM/H:4-6/RES,RURAL,1.0,79500.0,14029.0,3.0,318.0,93529.0,123.0,6.0,318.0,250.0
AZE,Azerbaijan,RES,MR|MCF,MCF/LWAL/CDM+ERM/H:4-6/RES,URBAN,6.0,2100937.0,370754.0,267.0,5002.0,2471691.0,1937.0,69.0,834.0,420.0
AZE,Azerbaijan,RES,OT,ME+MEO/LWAL/CDN+ERM/H:1/RES,URBAN,103.0,2315955.0,578987.0,335.0,9650.0,2894942.0,3844.0,103.0,94.0,240.0
AZE,Azerbaijan,RES,OT,ME+MEO/LWAL/CDN+ERM/H:1/RES,RURAL,2477.0,44580753.0,11145190.0,6257.0,247671.0,55725940.0,98660.0,4956.0,100.0,180.0
AZE,Azerbaijan,IND,MR|MCF,MR+CB/LWAL/CDL+ERL/H:1/IND,TOTAL,1793.0,324094420.0,108031475.0,0.0,648189.0,432125911.0,446011.0,0.0,362.0,500.0
AZE,Azerbaijan,IND,MR|MCF,MR+CB/LWAL/CDL+ERL/H:2/IND,TOTAL,601.0,172838075.0,57612700.0,0.0,345676.0,230450760.0,238001.0,0.0,575.0,500.0
AZE,Azerbaijan,IND,MR|MCF,MR+CB/LWAL/CDM+ERM/H:1/IND,TOTAL,216.0,33846694.0,11282233.0,0.0,67693.0,45128927.0,46579.0,0.0,313.0,500.0
AZE,Azerbaijan,IND,MR|MCF,MR+CB/LWAL/CDM+ERM/H:2/IND,TOTAL,31.0,7421614.0,2473872.0,0.0,14843.0,9895486.0,10220.0,0.0,479.0,500.0
AZE,Azerbaijan,IND,MUR,MUR+CB/LWAL/CDN+ERN/H:1/IND,TOTAL,2013.0,188337662.0,62779216.0,0.0,724376.0,251116874.0,498434.0,0.0,360.0,260.0
AZE,Azerbaijan,IND,MUR,MUR+CB/LWAL/CDN+ERN/H:2/IND,TOTAL,667.0,100665441.0,33555148.0,0.0,387175.0,134220579.0,266573.0,0.0,580.0,260.0
AZE,Azerbaijan,RES,ADO|ST|E,MUR+STDRE/LWAL/CDN+ERN/H:1/RES,URBAN,167184.0,7523102130.0,1327606260.0,719313.0,15046204.0,8850708384.0,7254108.0,167184.0,90.0,500.0
AZE,Azerbaijan,RES,ADO|ST|E,MUR+STDRE/LWAL/CDN+ERN/H:2/RES,URBAN,167184.0,9194899103.0,1622629255.0,719313.0,18389798.0,10817528354.0,8870927.0,167184.0,110.0,500.0
AZE,Azerbaijan,RES,ADO|ST|E,MUR+STDRE/LWAL/CDN+ERN/H:3/RES,URBAN,83593.0,5433355594.0,958827453.0,359654.0,10866711.0,6392183053.0,5244753.0,83593.0,130.0,500.0
AZE,Azerbaijan,RES,ADO|ST|E,MUR+STRUB/LWAL/CDN+ERN/H:1/RES,RURAL,374600.0,10114383070.0,1784891128.0,1702061.0,33714610.0,11899274195.0,16254560.0,374600.0,90.0,300.0
AZE,Azerbaijan,RES,ADO|ST|E,MUR+STRUB/LWAL/CDN+ERN/H:1/RES,URBAN,69665.0,3134628303.0,553169699.0,299736.0,6269257.0,3687797996.0,3022548.0,69665.0,90.0,500.0
AZE,Azerbaijan,RES,ADO|ST|E,MUR+STRUB/LWAL/CDN+ERN/H:2/RES,RURAL,374600.0,12362019425.0,2181532847.0,1702061.0,41206731.0,14543552264.0,19877429.0,374600.0,110.0,300.0
AZE,Azerbaijan,RES,ADO|ST|E,MUR+STRUB/LWAL/CDN+ERN/H:2/RES,URBAN,69665.0,3831212552.0,676096326.0,299736.0,7662425.0,4507308880.0,3696224.0,69665.0,110.0,500.0
AZE,Azerbaijan,COM,MUR,MUR/LWAL/CDN+ERN/H:1/COM,TOTAL,29437.0,1913361287.0,478340330.0,0.0,3826723.0,2391701600.0,2482587.0,0.0,130.0,500.0
AZE,Azerbaijan,COM,MUR,MUR/LWAL/CDN+ERN/H:2/COM,TOTAL,19621.0,2551117427.0,637779360.0,0.0,5102235.0,3188896788.0,3311959.0,0.0,260.0,500.0
AZE,Azerbaijan,COM,MUR,MUR/LWAL/CDN+ERN/H:3/COM,TOTAL,5890.0,2647885780.0,661971441.0,0.0,5295772.0,3309857214.0,3439544.0,0.0,899.0,500.0
AZE,Azerbaijan,IND,S,S/LFM/CDL+ERL/H:1/IND,TOTAL,10805.0,1945167340.0,833643151.0,0.0,3890335.0,2778810491.0,1420947.0,0.0,360.0,500.0
AZE,Azerbaijan,IND,S,S/LFM/CDL+ERL/H:2/IND,TOTAL,3603.0,1044619088.0,447693896.0,0.0,2089238.0,1492312984.0,763567.0,0.0,580.0,500.0
AZE,Azerbaijan,IND,S,S/LFM/CDM+ERM/H:1/IND,TOTAL,1263.0,227726982.0,97597276.0,0.0,455454.0,325324264.0,166355.0,0.0,361.0,500.0
AZE,Azerbaijan,IND,S,S/LFM/CDM+ERM/H:2/IND,TOTAL,420.0,119970735.0,51416032.0,0.0,239941.0,171386782.0,87693.0,0.0,571.0,500.0
AZE,Azerbaijan,COM,W,W/LWAL/CDL+ERM/H:1/COM,TOTAL,2468.0,159553596.0,53184535.0,0.0,319107.0,212738137.0,70083.0,0.0,129.0,500.0
AZE,Azerbaijan,RES,W,W/LWAL/CDL+ERM/H:1/RES,URBAN,2289.0,86427664.0,21606915.0,9850.0,205780.0,108034574.0,25927.0,2289.0,90.0,420.0
AZE,Azerbaijan,RES,W,W/LWAL/CDL+ERM/H:1/RES,RURAL,5837.0,131162216.0,32790550.0,26514.0,524649.0,163952764.0,66102.0,5837.0,90.0,250.0
AZE,Azerbaijan,COM,W,W/LWAL/CDL+ERM/H:2/COM,TOTAL,1206.0,155704089.0,51901364.0,0.0,311408.0,207605456.0,68420.0,0.0,258.0,500.0
AZE,Azerbaijan,RES,W,W/LWAL/CDL+ERM/H:2/RES,RURAL,11676.0,321081879.0,80270471.0,53054.0,1284328.0,401352345.0,161902.0,11676.0,110.0,250.0
AZE,Azerbaijan,RES,W,W/LWAL/CDL+ERM/H:2/RES,URBAN,4592.0,212042475.0,53010621.0,19753.0,504863.0,265053101.0,63643.0,4592.0,110.0,420.0
AZE,Azerbaijan,COM,W,W/LWAL/CDL+ERM/H:3/COM,TOTAL,166.0,33157175.0,11052393.0,0.0,66314.0,44209578.0,14576.0,0.0,399.0,500.0
AZE,Azerbaijan,RES,W,W/LWAL/CDL+ERM/H:3/RES,RURAL,11676.0,379458902.0,94864728.0,53053.0,1517836.0,474323625.0,191439.0,11676.0,130.0,250.0
AZE,Azerbaijan,RES,W,W/LWAL/CDL+ERM/H:3/RES,URBAN,4592.0,250591910.0,62647972.0,19753.0,596647.0,313239878.0,75253.0,4592.0,130.0,420.0
AZE,Azerbaijan,COM,W,W/LWAL/CDM+ERM/H:1/COM,TOTAL,260.0,16283829.0,5427945.0,0.0,32568.0,21711770.0,7153.0,0.0,125.0,500.0
AZE,Azerbaijan,RES,W,W/LWAL/CDM+ERM/H:1/RES,RURAL,119.0,2612342.0,653084.0,541.0,10449.0,3265425.0,1317.0,119.0,88.0,250.0
AZE,Azerbaijan,RES,W,W/LWAL/CDM+ERM/H:1/RES,URBAN,37.0,1261630.0,315406.0,162.0,3004.0,1577036.0,379.0,37.0,81.0,420.0
AZE,Azerbaijan,COM,W,W/LWAL/CDM+ERM/H:2/COM,TOTAL,121.0,13523017.0,4507673.0,0.0,27046.0,18030691.0,5943.0,0.0,224.0,500.0
AZE,Azerbaijan,RES,W,W/LWAL/CDM+ERM/H:2/RES,RURAL,237.0,6483747.0,1620935.0,1077.0,25935.0,8104683.0,3270.0,237.0,109.0,250.0
AZE,Azerbaijan,RES,W,W/LWAL/CDM+ERM/H:2/RES,URBAN,84.0,3746023.0,936505.0,364.0,8919.0,4682527.0,1124.0,84.0,106.0,420.0
AZE,Azerbaijan,COM,W,W/LWAL/CDM+ERM/H:3/COM,TOTAL,4.0,911468.0,303822.0,0.0,1823.0,1215290.0,401.0,0.0,456.0,500.0
AZE,Azerbaijan,RES,W,W/LWAL/CDM+ERM/H:3/RES,RURAL,237.0,7662469.0,1915620.0,1077.0,30650.0,9578090.0,3866.0,237.0,129.0,250.0
AZE,Azerbaijan,RES,W,W/LWAL/CDM+ERM/H:3/RES,URBAN,84.0,4427097.0,1106773.0,364.0,10541.0,5533871.0,1330.0,84.0,125.0,420.0
BHR,Bahrain,IND,CR-,CR+PC/LWAL/CDL+ERL/H:1/IND,TOTAL,2520.0,752471228.0,250823743.0,0.0,906592.0,1003294968.0,538322.0,0.0,360.0,830.0
BHR,Bahrain,IND,CR-,CR+PC/LWAL/CDL+ERL/H:2/IND,TOTAL,841.0,404104191.0,134701397.0,0.0,486873.0,538805588.0,289330.0,0.0,579.0,830.0
BHR,Bahrain,COM,CR-,CR/LDUAL/CDL+ERL/H:1/COM,TOTAL,756.0,118036607.0,20829989.0,0.0,98364.0,138866595.0,58586.0,0.0,130.0,1200.0
BHR,Bahrain,RES,CR-,CR/LDUAL/CDL+ERL/H:1/RES,TOTAL,84.0,43502507.0,7676914.0,2003.0,50584.0,51179420.0,21420.0,337.0,602.0,860.0
BHR,Bahrain,COM,CR-,CR/LDUAL/CDL+ERL/H:2/COM,TOTAL,566.0,177060499.0,31245967.0,0.0,147550.0,208306466.0,87943.0,0.0,261.0,1200.0
BHR,Bahrain,RES,CR-,CR/LDUAL/CDL+ERL/H:2/RES,TOTAL,42.0,43502507.0,7676914.0,2003.0,50584.0,51179420.0,21433.0,337.0,1204.0,860.0
BHR,Bahrain,COM,CR-,CR/LDUAL/CDL+ERL/H:3/COM,TOTAL,631.0,340497054.0,60087714.0,0.0,283748.0,400584770.0,169236.0,0.0,450.0,1200.0
BHR,Bahrain,RES,CR-,CR/LDUAL/CDL+ERL/H:3/RES,TOTAL,57.0,87005934.0,15353988.0,4014.0,101170.0,102359921.0,42895.0,676.0,1775.0,860.0
BHR,Bahrain,COM,CR-,CR/LDUAL/CDL+ERL/H:4-7/COM,TOTAL,603.0,871667285.0,153823638.0,0.0,726389.0,1025490927.0,434138.0,0.0,1205.0,1200.0
BHR,Bahrain,RES,CR-,CR/LDUAL/CDL+ERL/H:4-7/RES,TOTAL,61.0,174011741.0,30707954.0,8008.0,202339.0,204719695.0,85955.0,1348.0,3317.0,860.0
BHR,Bahrain,COM,CR-,CR/LDUAL/CDL+ERL/H:>7/COM,TOTAL,75.0,283132432.0,49964545.0,0.0,235944.0,333096980.0,141210.0,0.0,3146.0,1200.0
BHR,Bahrain,RES,CR-,CR/LDUAL/CDL+ERL/H:>7/RES,TOTAL,17.0,87005934.0,15353988.0,4014.0,101170.0,102359921.0,43033.0,676.0,5951.0,860.0
BHR,Bahrain,COM,CR-,CR/LFINF/CDL+ERL/H:1/COM,TOTAL,1448.0,225978654.0,39878587.0,0.0,188316.0,265857241.0,106954.0,0.0,130.0,1200.0
BHR,Bahrain,IND,CR-,CR/LFINF/CDL+ERL/H:1/IND,TOTAL,2520.0,752471228.0,250823743.0,0.0,906592.0,1003294968.0,507267.0,0.0,360.0,830.0
BHR,Bahrain,RES,CR-,CR/LFINF/CDL+ERL/H:1/RES,TOTAL,20449.0,3768489002.0,665027471.0,138902.0,4381964.0,4433516473.0,1692738.0,22727.0,214.0,860.0
BHR,Bahrain,COM,CR-,CR/LFINF/CDL+ERL/H:2/COM,TOTAL,1088.0,338973772.0,59818900.0,0.0,282478.0,398792671.0,160543.0,0.0,260.0,1200.0
BHR,Bahrain,IND,CR-,CR/LFINF/CDL+ERL/H:2/IND,TOTAL,841.0,404104191.0,134701397.0,0.0,486873.0,538805588.0,272638.0,0.0,579.0,830.0
BHR,Bahrain,RES,CR-,CR/LFINF/CDL+ERL/H:2/RES,TOTAL,20070.0,3768489002.0,665027471.0,138902.0,4381964.0,4433516473.0,1693813.0,22727.0,218.0,860.0
BHR,Bahrain,COM,CR-,CR/LFINF/CDL+ERL/H:3/COM,TOTAL,1208.0,651867645.0,115035467.0,0.0,543223.0,766903111.0,308944.0,0.0,450.0,1200.0
BHR,Bahrain,RES,CR-,CR/LFINF/CDL+ERL/H:3/RES,TOTAL,39887.0,7536977041.0,1330054772.0,277786.0,8763927.0,8867031813.0,3389775.0,45451.0,220.0,860.0
BHR,Bahrain,COM,CR-,CR/LFINF/CDL+ERL/H:4-7/COM,TOTAL,1159.0,1668783818.0,294491263.0,0.0,1390653.0,1963275081.0,792509.0,0.0,1200.0,1200.0
BHR,Bahrain,RES,CR-,CR/LFINF/CDL+ERL/H:4-7/RES,TOTAL,79315.0,15073953217.0,2660109391.0,555590.0,17527853.0,17734062608.0,6792447.0,90904.0,221.0,860.0
BHR,Bahrain,COM,CR-,CR/LFINF/CDL+ERL/H:>7/COM,TOTAL,148.0,556262215.0,98163919.0,0.0,463552.0,654426136.0,264529.0,0.0,3132.0,1200.0
BHR,Bahrain,RES,CR-,CR/LFINF/CDL+ERL/H:>7/RES,TOTAL,39533.0,7536977041.0,1330054772.0,277786.0,8763927.0,8867031813.0,3400523.0,45451.0,222.0,860.0
BHR,Bahrain,COM,CR-,CR/LWAL/CDL+ERL/H:1/COM,TOTAL,756.0,118036607.0,20829989.0,0.0,98364.0,138866595.0,61307.0,0.0,130.0,1200.0
BHR,Bahrain,IND,CR-,CR/LWAL/CDL+ERL/H:1/IND,TOTAL,1259.0,376235210.0,125411738.0,0.0,453295.0,501646946.0,269161.0,0.0,360.0,830.0
BHR,Bahrain,COM,CR-,CR/LWAL/CDL+ERL/H:2/COM,TOTAL,566.0,177060499.0,31245967.0,0.0,147550.0,208306466.0,92028.0,0.0,261.0,1200.0
BHR,Bahrain,IND,CR-,CR/LWAL/CDL+ERL/H:2/IND,TOTAL,420.0,202051635.0,67350545.0,0.0,243436.0,269402179.0,144665.0,0.0,580.0,830.0
BHR,Bahrain,COM,CR-,CR/LWAL/CDL+ERL/H:3/COM,TOTAL,631.0,340497054.0,60087714.0,0.0,283748.0,400584770.0,177098.0,0.0,450.0,1200.0
BHR,Bahrain,COM,CR-,CR/LWAL/CDL+ERL/H:4-7/COM,TOTAL,603.0,871667285.0,153823638.0,0.0,726389.0,1025490927.0,454319.0,0.0,1205.0,1200.0
BHR,Bahrain,COM,CR-,CR/LWAL/CDL+ERL/H:>7/COM,TOTAL,75.0,283132432.0,49964545.0,0.0,235944.0,333096980.0,147776.0,0.0,3146.0,1200.0
BHR,Bahrain,RES,OT,MATO/LN/CDN+ERN/H:1/RES,TOTAL,3880.0,125135844.0,31283961.0,23372.0,194009.0,156419804.0,93536.0,3880.0,50.0,645.0
BHR,Bahrain,COM,MR|MCF,MCF/LWAL/CDL+ERL/H:1/COM,TOTAL,1512.0,236076835.0,41660617.0,0.0,196731.0,277737453.0,111733.0,0.0,130.0,1200.0
BHR,Bahrain,IND,MR|MCF,MCF/LWAL/CDL+ERL/H:1/IND,TOTAL,1259.0,376235210.0,125411738.0,0.0,453295.0,501646946.0,253633.0,0.0,360.0,830.0
BHR,Bahrain,RES,MR|MCF,MCF/LWAL/CDL+ERL/H:1/RES,TOTAL,4326.0,743852796.0,131268141.0,26559.0,864945.0,875120937.0,334125.0,4326.0,200.0,860.0
BHR,Bahrain,COM,MR|MCF,MCF/LWAL/CDL+ERL/H:2/COM,TOTAL,1512.0,472150073.0,83320604.0,0.0,393458.0,555470674.0,223617.0,0.0,260.0,1200.0
BHR,Bahrain,IND,MR|MCF,MCF/LWAL/CDL+ERL/H:2/IND,TOTAL,420.0,202051635.0,67350545.0,0.0,243436.0,269402179.0,136319.0,0.0,580.0,830.0
BHR,Bahrain,RES,MR|MCF,MCF/LWAL/CDL+ERL/H:2/RES,TOTAL,8650.0,1487704644.0,262536114.0,53111.0,1729889.0,1750240758.0,668675.0,8650.0,200.0,860.0
BHR,Bahrain,COM,MR|MCF,MCF/LWAL/CDL+ERL/H:3-6/COM,TOTAL,603.0,653748527.0,115367388.0,0.0,544790.0,769115914.0,310046.0,0.0,903.0,1200.0
BHR,Bahrain,RES,MR|MCF,MCF/LWAL/CDL+ERL/H:3-6/RES,TOTAL,8650.0,1487704644.0,262536114.0,53111.0,1729889.0,1750240758.0,669523.0,8650.0,200.0,860.0
BHR,Bahrain,COM,MR|MCF,MR+CB/LWAL/CDL+ERL/H:1/COM,TOTAL,5047.0,787442084.0,138960365.0,0.0,656202.0,926402450.0,488126.0,0.0,130.0,1200.0
BHR,Bahrain,IND,MR|MCF,MR+CB/LWAL/CDL+ERL/H:1/IND,TOTAL,631.0,188117567.0,62705854.0,0.0,226648.0,250823423.0,155953.0,0.0,359.0,830.0
BHR,Bahrain,COM,MR|MCF,MR+CB/LWAL/CDL+ERL/H:2/COM,TOTAL,3365.0,1049922416.0,185280426.0,0.0,874935.0,1235202843.0,651202.0,0.0,260.0,1200.0
BHR,Bahrain,IND,MR|MCF,MR+CB/LWAL/CDL+ERL/H:2/IND,TOTAL,211.0,101026279.0,33675426.0,0.0,121718.0,134701704.0,83804.0,0.0,577.0,830.0
BHR,Bahrain,COM,MR|MCF,MR+CB/LWAL/CDL+ERL/H:3-6/COM,TOTAL,1010.0,1090302338.0,192406296.0,0.0,908585.0,1282708635.0,677012.0,0.0,900.0,1200.0
BHR,Bahrain,COM,MUR,MUR+CB/LWAL/CDN+ERN/H:1/COM,TOTAL,5047.0,590581560.0,147645390.0,0.0,656202.0,738226952.0,488126.0,0.0,130.0,900.0
BHR,Bahrain,IND,MUR,MUR+CB/LWAL/CDN+ERN/H:1/IND,TOTAL,631.0,141201501.0,47067166.0,0.0,226648.0,188268668.0,155953.0,0.0,359.0,623.0
BHR,Bahrain,COM,MUR,MUR+CB/LWAL/CDN+ERN/H:2/COM,TOTAL,3365.0,787441813.0,196860454.0,0.0,874935.0,984302267.0,651202.0,0.0,260.0,900.0
BHR,Bahrain,IND,MUR,MUR+CB/LWAL/CDN+ERN/H:2/IND,TOTAL,211.0,75830569.0,25276855.0,0.0,121718.0,101107423.0,83804.0,0.0,577.0,623.0
BHR,Bahrain,COM,MUR,MUR+CB/LWAL/CDN+ERN/H:3/COM,TOTAL,1010.0,817726754.0,204431690.0,0.0,908585.0,1022158443.0,676630.0,0.0,900.0,900.0
BHR,Bahrain,RES,ADO|ST|E,MUR+STDRE/LWAL/CDN+ERN/H:1/RES,TOTAL,6507.0,629533738.0,111094188.0,39086.0,976021.0,740627928.0,470561.0,6507.0,150.0,645.0
BHR,Bahrain,RES,ADO|ST|E,MUR+STDRE/LWAL/CDN+ERN/H:2/RES,TOTAL,6507.0,629533738.0,111094188.0,39086.0,976021.0,740627928.0,470816.0,6507.0,150.0,645.0
BHR,Bahrain,COM,S,S/LFM/CDL+ERL/H:1/COM,TOTAL,481.0,75325352.0,18831337.0,0.0,62771.0,94156688.0,25037.0,0.0,131.0,1200.0
BHR,Bahrain,IND,S,S/LFM/CDL+ERL/H:1/IND,TOTAL,3776.0,1128704632.0,483730557.0,0.0,1359885.0,1612435192.0,496699.0,0.0,360.0,830.0
BHR,Bahrain,COM,S,S/LFM/CDL+ERL/H:2/COM,TOTAL,364.0,112991242.0,28247809.0,0.0,94159.0,141239050.0,37574.0,0.0,259.0,1200.0
BHR,Bahrain,IND,S,S/LFM/CDL+ERL/H:2/IND,TOTAL,1259.0,606155827.0,259781068.0,0.0,730308.0,865936894.0,266910.0,0.0,580.0,830.0
BHR,Bahrain,COM,S,S/LFM/CDL+ERL/H:3/COM,TOTAL,403.0,217288444.0,54322111.0,0.0,181074.0,271610554.0,72291.0,0.0,449.0,1200.0
BHR,Bahrain,COM,S,S/LFM/CDL+ERL/H:4-7/COM,TOTAL,386.0,556262215.0,139065553.0,0.0,463552.0,695327768.0,185329.0,0.0,1201.0,1200.0
BHR,Bahrain,COM,S,S/LFM/CDL+ERL/H:>7/COM,TOTAL,48.0,177995683.0,44498920.0,0.0,148330.0,222494604.0,59358.0,0.0,3090.0,1200.0
GEO,Georgia,RES,CR-,CR+PC/LPB/CDL+ERL/H:4/RES,URBAN,406.0,366584423.0,64691368.0,32398.0,733169.0,431275792.0,283760.0,9777.0,1806.0,500.0
GEO,Georgia,RES,CR-,CR+PC/LPB/CDL+ERL/H:5/RES,URBAN,2608.0,2932532645.0,517505760.0,259130.0,5865065.0,3450038405.0,2271410.0,78201.0,2249.0,500.0
GEO,Georgia,RES,CR-,CR+PC/LPB/CDL+ERL/H:6/RES,URBAN,272.0,366584421.0,64691368.0,32398.0,733169.0,431275791.0,284120.0,9777.0,2695.0,500.0
GEO,Georgia,RES,CR-,CR+PC/LPB/CDL+ERL/H:7/RES,URBAN,233.0,366584419.0,64691368.0,32398.0,733169.0,431275788.0,284300.0,9777.0,3147.0,500.0
GEO,Georgia,RES,CR-,CR+PC/LPB/CDL+ERL/H:8/RES,URBAN,204.0,366584420.0,64691368.0,32398.0,733169.0,431275791.0,284480.0,9777.0,3594.0,500.0
GEO,Georgia,RES,CR-,CR+PC/LPB/CDL+ERL/H:>8/RES,URBAN,1447.0,2932471330.0,517494939.0,259127.0,5864943.0,3449966270.0,2277116.0,78199.0,4053.0,500.0
GEO,Georgia,RES,CR-,CR+PC/LPB/CDL+ERM/H:4/RES,URBAN,40.0,34646512.0,6114091.0,3070.0,69293.0,40760605.0,26819.0,925.0,1732.0,500.0
GEO,Georgia,RES,CR-,CR+PC/LPB/CDL+ERM/H:5/RES,URBAN,248.0,281085493.0,49603322.0,24838.0,562171.0,330688814.0,217716.0,7496.0,2267.0,500.0
GEO,Georgia,RES,CR-,CR+PC/LPB/CDL+ERM/H:6/RES,URBAN,26.0,34168522.0,6029740.0,3029.0,68337.0,40198262.0,26482.0,912.0,2628.0,500.0
GEO,Georgia,RES,CR-,CR+PC/LPB/CDL+ERM/H:7/RES,URBAN,21.0,33429206.0,5899272.0,2960.0,66858.0,39328480.0,25926.0,892.0,3184.0,500.0
GEO,Georgia,RES,CR-,CR+PC/LPB/CDL+ERM/H:8/RES,URBAN,18.0,33429206.0,5899272.0,2960.0,66858.0,39328479.0,25942.0,892.0,3714.0,500.0
GEO,Georgia,RES,CR-,CR+PC/LPB/CDL+ERM/H:>8/RES,URBAN,139.0,281085491.0,49603322.0,24838.0,562171.0,330688815.0,218268.0,7496.0,4044.0,500.0
GEO,Georgia,COM,CR-,CR+PC/LWAL/CDL+ERL/H:1/COM,TOTAL,2670.0,155777682.0,27490180.0,0.0,293920.0,183267858.0,183191.0,0.0,110.0,530.0
GEO,Georgia,IND,CR-,CR+PC/LWAL/CDL+ERL/H:1/IND,TOTAL,4941.0,498144339.0,166048115.0,0.0,1186058.0,664192451.0,704266.0,0.0,240.0,420.0
GEO,Georgia,COM,CR-,CR+PC/LWAL/CDL+ERL/H:2/COM,TOTAL,1998.0,276069720.0,48718186.0,0.0,520886.0,324787903.0,324879.0,0.0,261.0,530.0
GEO,Georgia,IND,CR-,CR+PC/LWAL/CDL+ERL/H:2/IND,TOTAL,1645.0,332046696.0,110682232.0,0.0,790587.0,442728929.0,469816.0,0.0,481.0,420.0
GEO,Georgia,COM,CR-,CR+PC/LWAL/CDL+ERL/H:3/COM,TOTAL,2233.0,460234912.0,81217922.0,0.0,868368.0,541452840.0,541984.0,0.0,389.0,530.0
GEO,Georgia,COM,CR-,CR+PC/LWAL/CDL+ERL/H:4-7/COM,TOTAL,2140.0,1359510236.0,239913578.0,0.0,2565114.0,1599423808.0,1604347.0,0.0,1199.0,530.0
GEO,Georgia,COM,CR-,CR+PC/LWAL/CDL+ERL/H:>7/COM,TOTAL,261.0,391568331.0,69100297.0,0.0,738808.0,460668625.0,462731.0,0.0,2831.0,530.0
GEO,Georgia,COM,CR-,CR+PC/LWAL/CDL+ERM/H:1/COM,TOTAL,308.0,17648116.0,3114371.0,0.0,33298.0,20762485.0,20754.0,0.0,108.0,530.0
GEO,Georgia,IND,CR-,CR+PC/LWAL/CDL+ERM/H:1/IND,TOTAL,578.0,58369049.0,19456350.0,0.0,138974.0,77825401.0,82521.0,0.0,240.0,420.0
GEO,Georgia,COM,CR-,CR+PC/LWAL/CDL+ERM/H:2/COM,TOTAL,230.0,30871890.0,5447978.0,0.0,58249.0,36319870.0,36330.0,0.0,253.0,530.0
GEO,Georgia,IND,CR-,CR+PC/LWAL/CDL+ERM/H:2/IND,TOTAL,193.0,38912840.0,12970947.0,0.0,92650.0,51883787.0,55058.0,0.0,480.0,420.0
GEO,Georgia,COM,CR-,CR+PC/LWAL/CDL+ERM/H:3/COM,TOTAL,254.0,51779323.0,9137528.0,0.0,97697.0,60916853.0,60977.0,0.0,385.0,530.0
GEO,Georgia,COM,CR-,CR+PC/LWAL/CDL+ERM/H:4-7/COM,TOTAL,245.0,152306579.0,26877632.0,0.0,287371.0,179184213.0,179736.0,0.0,1173.0,530.0
GEO,Georgia,COM,CR-,CR+PC/LWAL/CDL+ERM/H:>7/COM,TOTAL,23.0,34174564.0,6030806.0,0.0,64480.0,40205371.0,40385.0,0.0,2803.0,530.0
GEO,Georgia,COM,CR-,CR/LFINF/CDL+ERL/H:1/COM,TOTAL,2670.0,155777689.0,27490182.0,0.0,293920.0,183267867.0,166932.0,0.0,110.0,530.0
GEO,Georgia,IND,CR-,CR/LFINF/CDL+ERL/H:1/IND,TOTAL,4941.0,498140521.0,166046842.0,0.0,1186049.0,664187360.0,663632.0,0.0,240.0,420.0
GEO,Georgia,COM,CR-,CR/LFINF/CDL+ERL/H:2/COM,TOTAL,1998.0,276067897.0,48717863.0,0.0,520883.0,324785758.0,296037.0,0.0,261.0,530.0
GEO,Georgia,IND,CR-,CR/LFINF/CDL+ERL/H:2/IND,TOTAL,1645.0,332057549.0,110685848.0,0.0,790613.0,442743402.0,442726.0,0.0,481.0,420.0
GEO,Georgia,COM,CR-,CR/LFINF/CDL+ERL/H:3/COM,TOTAL,2233.0,460234208.0,81217798.0,0.0,868366.0,541452012.0,493860.0,0.0,389.0,530.0
GEO,Georgia,COM,CR-,CR/LFINF/CDL+ERL/H:4-7/COM,TOTAL,2140.0,1359510729.0,239913665.0,0.0,2565115.0,1599424391.0,1461815.0,0.0,1199.0,530.0
GEO,Georgia,RES,CR-,CR/LFINF/CDL+ERL/H:4/RES,URBAN,28.0,25355352.0,4474474.0,2245.0,50711.0,29829827.0,19627.0,676.0,1811.0,500.0
GEO,Georgia,RES,CR-,CR/LFINF/CDL+ERL/H:5/RES,URBAN,45.0,51420326.0,9074174.0,4552.0,102841.0,60494500.0,39828.0,1372.0,2285.0,500.0
GEO,Georgia,RES,CR-,CR/LFINF/CDL+ERL/H:6/RES,URBAN,39.0,51420326.0,9074174.0,4552.0,102841.0,60494501.0,39853.0,1372.0,2637.0,500.0
GEO,Georgia,RES,CR-,CR/LFINF/CDL+ERL/H:7/RES,URBAN,32.0,50711212.0,8949037.0,4492.0,101422.0,59660249.0,39328.0,1352.0,3169.0,500.0
GEO,Georgia,RES,CR-,CR/LFINF/CDL+ERL/H:8/RES,URBAN,28.0,50711212.0,8949037.0,4492.0,101422.0,59660249.0,39353.0,1352.0,3622.0,500.0
GEO,Georgia,COM,CR-,CR/LFINF/CDL+ERL/H:>7/COM,TOTAL,261.0,391563235.0,69099398.0,0.0,738799.0,460662632.0,421600.0,0.0,2831.0,530.0
GEO,Georgia,RES,CR-,CR/LFINF/CDL+ERL/H:>8/RES,URBAN,12.0,23984211.0,4232508.0,2128.0,47968.0,28216719.0,18624.0,640.0,3997.0,500.0
GEO,Georgia,COM,CR+,CR/LFINF/CDM+ERM/H:1/COM,TOTAL,308.0,17648162.0,3114379.0,0.0,33298.0,20762540.0,18912.0,0.0,108.0,530.0
GEO,Georgia,IND,CR+,CR/LFINF/CDM+ERM/H:1/IND,TOTAL,578.0,58369049.0,19456350.0,0.0,138974.0,77825401.0,77760.0,0.0,240.0,420.0
GEO,Georgia,COM,CR+,CR/LFINF/CDM+ERM/H:2/COM,TOTAL,230.0,30871513.0,5447912.0,0.0,58248.0,36319427.0,33105.0,0.0,253.0,530.0
GEO,Georgia,IND,CR+,CR/LFINF/CDM+ERM/H:2/IND,TOTAL,193.0,38912840.0,12970947.0,0.0,92650.0,51883787.0,51882.0,0.0,480.0,420.0
GEO,Georgia,COM,CR+,CR/LFINF/CDM+ERM/H:3/COM,TOTAL,254.0,51779162.0,9137499.0,0.0,97697.0,60916661.0,55562.0,0.0,385.0,530.0
GEO,Georgia,COM,CR+,CR/LFINF/CDM+ERM/H:4-7/COM,TOTAL,245.0,152306003.0,26877530.0,0.0,287370.0,179183535.0,163767.0,0.0,1173.0,530.0
GEO,Georgia,RES,CR+,CR/LFINF/CDM+ERM/H:4/RES,URBAN,8.0,6084274.0,1073695.0,540.0,12169.0,7157970.0,4710.0,162.0,1521.0,500.0
GEO,Georgia,RES,CR+,CR/LFINF/CDM+ERM/H:5/RES,URBAN,13.0,13566996.0,2394176.0,1197.0,27134.0,15961172.0,10508.0,360.0,2087.0,500.0
GEO,Georgia,RES,CR+,CR/LFINF/CDM+ERM/H:6/RES,URBAN,10.0,12940625.0,2283640.0,1145.0,25881.0,15224265.0,10030.0,344.0,2588.0,500.0
GEO,Georgia,RES,CR+,CR/LFINF/CDM+ERM/H:7/RES,URBAN,9.0,12170073.0,2147660.0,1080.0,24340.0,14317733.0,9438.0,323.0,2704.0,500.0
GEO,Georgia,RES,CR+,CR/LFINF/CDM+ERM/H:8/RES,URBAN,8.0,12170073.0,2147660.0,1080.0,24340.0,14317733.0,9444.0,323.0,3042.0,500.0
GEO,Georgia,COM,CR+,CR/LFINF/CDM+ERM/H:>7/COM,TOTAL,23.0,34174564.0,6030806.0,0.0,64480.0,40205371.0,36796.0,0.0,2803.0,530.0
GEO,Georgia,RES,CR+,CR/LFINF/CDM+ERM/H:>8/RES,URBAN,2.0,3761864.0,663858.0,331.0,7524.0,4425723.0,2921.0,101.0,3762.0,500.0
GEO,Georgia,COM,CR-,CR/LWAL/CDL+ERL/H:1/COM,TOTAL,330.0,18918972.0,3338643.0,0.0,35696.0,22257608.0,22248.0,0.0,108.0,530.0
GEO,Georgia,IND,CR-,CR/LWAL/CDL+ERL/H:1/IND,TOTAL,2472.0,249041447.0,83013816.0,0.0,592956.0,332055264.0,352090.0,0.0,240.0,420.0
GEO,Georgia,COM,CR-,CR/LWAL/CDL+ERL/H:2/COM,TOTAL,245.0,32999377.0,5823423.0,0.0,62263.0,38822799.0,38834.0,0.0,254.0,530.0
GEO,Georgia,IND,CR-,CR/LWAL/CDL+ERL/H:2/IND,TOTAL,825.0,166028765.0,55342921.0,0.0,395307.0,221371690.0,234916.0,0.0,479.0,420.0
GEO,Georgia,COM,CR-,CR/LWAL/CDL+ERL/H:3/COM,TOTAL,270.0,55339176.0,9765737.0,0.0,104414.0,65104914.0,65169.0,0.0,387.0,530.0
GEO,Georgia,COM,CR-,CR/LWAL/CDL+ERL/H:4-7/COM,TOTAL,261.0,163154864.0,28792030.0,0.0,307839.0,191946900.0,192538.0,0.0,1179.0,530.0
GEO,Georgia,COM,CR-,CR/LWAL/CDL+ERL/H:>7/COM,TOTAL,29.0,38858570.0,6857395.0,0.0,73318.0,45715965.0,45921.0,0.0,2528.0,530.0
GEO,Georgia,COM,CR+,CR/LWAL/CDM+ERM/H:1/COM,TOTAL,31.0,1740158.0,307088.0,0.0,3283.0,2047245.0,2046.0,0.0,106.0,530.0
GEO,Georgia,IND,CR+,CR/LWAL/CDM+ERM/H:1/IND,TOTAL,288.0,29184314.0,9728105.0,0.0,69486.0,38912417.0,41260.0,0.0,241.0,420.0
GEO,Georgia,COM,CR+,CR/LWAL/CDM+ERM/H:2/COM,TOTAL,20.0,2891978.0,510350.0,0.0,5457.0,3402329.0,3403.0,0.0,273.0,530.0
GEO,Georgia,IND,CR+,CR/LWAL/CDM+ERM/H:2/IND,TOTAL,95.0,19284245.0,6428082.0,0.0,45915.0,25712329.0,27286.0,0.0,483.0,420.0
GEO,Georgia,COM,CR+,CR/LWAL/CDM+ERM/H:3/COM,TOTAL,26.0,5035999.0,888707.0,0.0,9502.0,5924705.0,5931.0,0.0,365.0,530.0
GEO,Georgia,COM,CR+,CR/LWAL/CDM+ERM/H:4-7/COM,TOTAL,23.0,14239047.0,2512772.0,0.0,26866.0,16751821.0,16803.0,0.0,1168.0,530.0
GEO,Georgia,COM,CR+,CR/LWAL/CDM+ERM/H:>7/COM,TOTAL,1.0,1727925.0,304928.0,0.0,3260.0,2032853.0,2042.0,0.0,3260.0,530.0
GEO,Georgia,COM,HYB,HYB(MUR;W)/LWAL/CDN+ERN/H:1/COM,TOTAL,2978.0,124336626.0,31084159.0,0.0,327202.0,155420782.0,212272.0,0.0,110.0,380.0
GEO,Georgia,RES,HYB,HYB(MUR;W)/LWAL/CDN+ERN/H:1/RES,RURAL,3675.0,95545634.0,23886410.0,12036.0,367483.0,119432042.0,177172.0,3675.0,100.0,260.0
GEO,Georgia,RES,HYB,HYB(MUR;W)/LWAL/CDN+ERN/H:1/RES,URBAN,1549.0,48101812.0,12025454.0,5133.0,155167.0,60127267.0,74810.0,1549.0,100.0,310.0
GEO,Georgia,COM,HYB,HYB(MUR;W)/LWAL/CDN+ERN/H:2/COM,TOTAL,2229.0,220078197.0,55019552.0,0.0,579153.0,275097748.0,375940.0,0.0,260.0,380.0
GEO,Georgia,RES,HYB,HYB(MUR;W)/LWAL/CDN+ERN/H:2/RES,URBAN,12415.0,500251051.0,125062763.0,41139.0,1613713.0,625313815.0,778428.0,12415.0,130.0,310.0
GEO,Georgia,RES,HYB,HYB(MUR;W)/LWAL/CDN+ERN/H:2/RES,RURAL,29401.0,993665561.0,248416391.0,96273.0,3821791.0,1242081952.0,1843567.0,29401.0,130.0,260.0
GEO,Georgia,RES,HYB,HYB(MUR;W)/LWAL/CDN+ERN/H:3/RES,URBAN,1033.0,57451594.0,14362900.0,5096.0,185328.0,71814494.0,89447.0,1537.0,179.0,310.0
GEO,Georgia,RES,HYB,HYB(MUR;W)/LWAL/CDN+ERN/H:3/RES,RURAL,2448.0,114565508.0,28641379.0,12020.0,440637.0,143206887.0,212671.0,3670.0,180.0,260.0
GEO,Georgia,RES,OT,MATO/LN/CDN+ERN/H:1/RES,RURAL,9677.0,154806085.0,38701520.0,31688.0,967538.0,193507606.0,466472.0,9677.0,100.0,160.0
GEO,Georgia,RES,OT,MATO/LN/CDN+ERN/H:1/RES,URBAN,4823.0,144722964.0,36180740.0,15983.0,482410.0,180903704.0,232581.0,4823.0,100.0,300.0
GEO,Georgia,COM,MR|MCF,MCF/LWAL/CDL+ERL/H:1/COM,TOTAL,2670.0,155777223.0,27490100.0,0.0,293919.0,183267318.0,166932.0,0.0,110.0,530.0
GEO,Georgia,IND,MR|MCF,MCF/LWAL/CDL+ERL/H:1/IND,TOTAL,2472.0,249043367.0,83014457.0,0.0,592960.0,332057827.0,331780.0,0.0,240.0,420.0
GEO,Georgia,RES,MR|MCF,MCF/LWAL/CDL+ERL/H:1/RES,URBAN,690.0,34482771.0,6085195.0,2286.0,68966.0,40567964.0,26641.0,690.0,100.0,500.0
GEO,Georgia,COM,MR|MCF,MCF/LWAL/CDL+ERL/H:2/COM,TOTAL,2670.0,368202920.0,64976991.0,0.0,694722.0,433179902.0,394836.0,0.0,260.0,530.0
GEO,Georgia,IND,MR|MCF,MCF/LWAL/CDL+ERL/H:2/IND,TOTAL,825.0,166027310.0,55342436.0,0.0,395303.0,221369751.0,221361.0,0.0,479.0,420.0
GEO,Georgia,RES,MR|MCF,MCF/LWAL/CDL+ERL/H:2/RES,URBAN,2070.0,134485502.0,23732735.0,6859.0,268971.0,158218236.0,103969.0,2070.0,130.0,500.0
GEO,Georgia,COM,MR|MCF,MCF/LWAL/CDL+ERL/H:3-6/COM,TOTAL,1068.0,497310712.0,87760713.0,0.0,938322.0,585071418.0,534008.0,0.0,879.0,530.0
GEO,Georgia,RES,MR|MCF,MCF/LWAL/CDL+ERL/H:3/RES,URBAN,1382.0,124136671.0,21906470.0,6862.0,248273.0,146043142.0,96029.0,2071.0,180.0,500.0
GEO,Georgia,RES,MR|MCF,MCF/LWAL/CDL+ERL/H:4-6/RES,URBAN,172.0,77587123.0,13691846.0,6859.0,155174.0,91278968.0,60096.0,2070.0,902.0,500.0
GEO,Georgia,COM,MR|MCF,MCF/LWAL/CDM+ERM/H:1/COM,TOTAL,308.0,17648227.0,3114391.0,0.0,33299.0,20762616.0,18912.0,0.0,108.0,530.0
GEO,Georgia,IND,MR|MCF,MCF/LWAL/CDM+ERM/H:1/IND,TOTAL,288.0,29184314.0,9728105.0,0.0,69486.0,38912417.0,38880.0,0.0,241.0,420.0
GEO,Georgia,RES,MR|MCF,MCF/LWAL/CDM+ERM/H:1/RES,URBAN,97.0,4860983.0,857821.0,321.0,9722.0,5718803.0,3756.0,97.0,100.0,500.0
GEO,Georgia,COM,MR|MCF,MCF/LWAL/CDM+ERM/H:2/COM,TOTAL,308.0,41715046.0,7361478.0,0.0,78708.0,49076527.0,44733.0,0.0,256.0,530.0
GEO,Georgia,IND,MR|MCF,MCF/LWAL/CDM+ERM/H:2/IND,TOTAL,95.0,19284245.0,6428082.0,0.0,45915.0,25712329.0,25711.0,0.0,483.0,420.0
GEO,Georgia,RES,MR|MCF,MCF/LWAL/CDM+ERM/H:2/RES,URBAN,293.0,19031592.0,3358514.0,971.0,38063.0,22390109.0,14713.0,293.0,130.0,500.0
GEO,Georgia,COM,MR|MCF,MCF/LWAL/CDM+ERM/H:3-6/COM,TOTAL,119.0,52789541.0,9315804.0,0.0,99603.0,62105339.0,56685.0,0.0,837.0,530.0
GEO,Georgia,RES,MR|MCF,MCF/LWAL/CDM+ERM/H:3/RES,URBAN,194.0,17353469.0,3062378.0,951.0,34707.0,20415847.0,13424.0,287.0,179.0,500.0
GEO,Georgia,RES,MR|MCF,MCF/LWAL/CDM+ERM/H:4-6/RES,URBAN,25.0,10677249.0,1884221.0,946.0,21354.0,12561470.0,8270.0,285.0,854.0,500.0
GEO,Georgia,RES,OT,ME+MEO/LWAL/CDN+ERM/H:1/RES,URBAN,536.0,16080865.0,4020217.0,1777.0,53603.0,20101085.0,21353.0,536.0,100.0,300.0
GEO,Georgia,IND,MR|MCF,MR+CB/LWAL/CDL+ERL/H:1/IND,TOTAL,1235.0,124513668.0,41504555.0,0.0,296461.0,166018222.0,203991.0,0.0,240.0,420.0
GEO,Georgia,IND,MR|MCF,MR+CB/LWAL/CDL+ERL/H:2/IND,TOTAL,410.0,83013735.0,27671245.0,0.0,197652.0,110684981.0,136085.0,0.0,482.0,420.0
GEO,Georgia,IND,MR|MCF,MR+CB/LWAL/CDM+ERM/H:1/IND,TOTAL,146.0,14591289.0,4863764.0,0.0,34741.0,19455050.0,23905.0,0.0,238.0,420.0
GEO,Georgia,IND,MR|MCF,MR+CB/LWAL/CDM+ERM/H:2/IND,TOTAL,49.0,9472371.0,3157459.0,0.0,22553.0,12629826.0,15528.0,0.0,460.0,420.0
GEO,Georgia,IND,MUR,MUR+CB/LWAL/CDN+ERN/H:1/IND,TOTAL,1381.0,92742276.0,30914090.0,0.0,331222.0,123656369.0,227910.0,0.0,240.0,280.0
GEO,Georgia,RES,MUR,MUR+CB/LWAL/CDN+ERN/H:1/RES,URBAN,4048.0,125474501.0,31368624.0,13414.0,404756.0,156843123.0,226531.0,4048.0,100.0,310.0
GEO,Georgia,RES,MUR,MUR+CB/LWAL/CDN+ERN/H:1/RES,RURAL,3998.0,104017513.0,26004377.0,13093.0,400067.0,130021891.0,223907.0,3998.0,100.0,260.0
GEO,Georgia,IND,MUR,MUR+CB/LWAL/CDN+ERN/H:2/IND,TOTAL,462.0,61827608.0,20609201.0,0.0,220813.0,82436813.0,152031.0,0.0,478.0,280.0
GEO,Georgia,RES,MUR,MUR+CB/LWAL/CDN+ERN/H:2/RES,RURAL,12002.0,405671374.0,101417844.0,39301.0,1560275.0,507089217.0,873702.0,12002.0,130.0,260.0
GEO,Georgia,RES,MUR,MUR+CB/LWAL/CDN+ERN/H:2/RES,URBAN,12143.0,489351461.0,122337866.0,40237.0,1578553.0,611689327.0,883938.0,12143.0,130.0,310.0
GEO,Georgia,RES,MUR,MUR+CB/LWAL/CDN+ERN/H:3/RES,URBAN,8095.0,451707767.0,112926943.0,40238.0,1457122.0,564634710.0,816369.0,12143.0,180.0,310.0
GEO,Georgia,RES,MUR,MUR+CB/LWAL/CDN+ERN/H:3/RES,RURAL,8002.0,374456454.0,93614115.0,39303.0,1440217.0,468070569.0,806898.0,12003.0,180.0,260.0
GEO,Georgia,RES,MUR,MUR+CB/LWAL/CDN+ERN/H:4-6/RES,RURAL,1001.0,234040711.0,58510178.0,39301.0,900157.0,292550887.0,504853.0,12002.0,899.0,260.0
GEO,Georgia,RES,MUR,MUR+CB/LWAL/CDN+ERN/H:4-6/RES,URBAN,1011.0,282318480.0,70579621.0,40237.0,910705.0,352898098.0,510769.0,12143.0,901.0,310.0
GEO,Georgia,RES,MUR,MUR+CL/LWAL/CDN+ERN/H:1/RES,URBAN,4048.0,125474984.0,31368745.0,13414.0,404758.0,156843728.0,195143.0,4048.0,100.0,310.0
GEO,Georgia,RES,MUR,MUR+CL/LWAL/CDN+ERN/H:1/RES,RURAL,3998.0,104017793.0,26004449.0,13093.0,400068.0,130022243.0,192882.0,3998.0,100.0,260.0
GEO,Georgia,RES,MUR,MUR+CL/LWAL/CDN+ERN/H:2/RES,URBAN,12143.0,489351461.0,122337866.0,40237.0,1578553.0,611689328.0,761467.0,12143.0,130.0,310.0
GEO,Georgia,RES,MUR,MUR+CL/LWAL/CDN+ERN/H:2/RES,RURAL,12002.0,405670466.0,101417616.0,39301.0,1560271.0,507088083.0,752648.0,12002.0,130.0,260.0
GEO,Georgia,RES,MUR,MUR+CL/LWAL/CDN+ERN/H:3/RES,RURAL,8002.0,374457410.0,93614354.0,39303.0,1440221.0,468071764.0,695114.0,12003.0,180.0,260.0
GEO,Georgia,RES,MUR,MUR+CL/LWAL/CDN+ERN/H:3/RES,URBAN,8095.0,451709185.0,112927299.0,40239.0,1457126.0,564636486.0,703273.0,12143.0,180.0,310.0
GEO,Georgia,RES,MUR,MUR+CL/LWAL/CDN+ERN/H:4-6/RES,RURAL,1001.0,234040712.0,58510178.0,39301.0,900157.0,292550888.0,434925.0,12002.0,899.0,260.0
GEO,Georgia,RES,MUR,MUR+CL/LWAL/CDN+ERN/H:4-6/RES,URBAN,1011.0,282318480.0,70579621.0,40237.0,910705.0,352898098.0,440021.0,12143.0,901.0,310.0
GEO,Georgia,RES,ADO|ST|E,MUR+STDRE/LWAL/CDN+ERN/H:1/RES,RURAL,326.0,10102177.0,1782739.0,1067.0,32588.0,11884914.0,15711.0,326.0,100.0,310.0
GEO,Georgia,RES,ADO|ST|E,MUR+STDRE/LWAL/CDN+ERN/H:1/RES,URBAN,103422.0,5481330805.0,967293672.0,342708.0,10342134.0,6448624476.0,4986171.0,103422.0,100.0,530.0
GEO,Georgia,RES,ADO|ST|E,MUR+STDRE/LWAL/CDN+ERN/H:2/RES,RURAL,326.0,13133474.0,2317674.0,1067.0,42366.0,15451147.0,20437.0,326.0,130.0,310.0
GEO,Georgia,RES,ADO|ST|E,MUR+STDRE/LWAL/CDN+ERN/H:2/RES,URBAN,103422.0,7125730210.0,1257481802.0,342708.0,13444774.0,8383212011.0,6485531.0,103422.0,130.0,530.0
GEO,Georgia,RES,ADO|ST|E,MUR+STDRE/LWAL/CDN+ERN/H:3/RES,URBAN,34474.0,3288798810.0,580376263.0,171360.0,6205281.0,3869175073.0,2994941.0,51713.0,180.0,530.0
GEO,Georgia,RES,ADO|ST|E,MUR+STDRE/LWAL/CDN+ERN/H:3/RES,RURAL,108.0,5935164.0,1047383.0,512.0,19146.0,6982546.0,9241.0,156.0,177.0,310.0
GEO,Georgia,RES,ADO|ST|E,MUR+STRUB/LWAL/CDN+ERN/H:1/RES,URBAN,40475.0,2145213155.0,378567026.0,134121.0,4047572.0,2523780183.0,1951424.0,40475.0,100.0,530.0
GEO,Georgia,RES,ADO|ST|E,MUR+STRUB/LWAL/CDN+ERN/H:1/RES,RURAL,160029.0,4960874349.0,875448413.0,524007.0,16002820.0,5836322761.0,7715314.0,160029.0,100.0,310.0
GEO,Georgia,RES,ADO|ST|E,MUR+STRUB/LWAL/CDN+ERN/H:2/RES,RURAL,160029.0,6449135983.0,1138082820.0,524007.0,20803664.0,7587218804.0,10035335.0,160029.0,130.0,310.0
GEO,Georgia,RES,ADO|ST|E,MUR+STRUB/LWAL/CDN+ERN/H:2/RES,URBAN,40475.0,2788778402.0,492137364.0,134121.0,5261846.0,3280915767.0,2538225.0,40475.0,130.0,530.0
GEO,Georgia,COM,MUR,MUR/LWAL/CDN+ERN/H:1/COM,TOTAL,17921.0,748996260.0,187249060.0,0.0,1971043.0,936245318.0,1278714.0,0.0,110.0,380.0
GEO,Georgia,COM,MUR,MUR/LWAL/CDN+ERN/H:2/COM,TOTAL,11949.0,1180236984.0,295059249.0,0.0,3105887.0,1475296239.0,2016091.0,0.0,260.0,380.0
GEO,Georgia,COM,MUR,MUR/LWAL/CDN+ERN/H:3/COM,TOTAL,3585.0,1198237042.0,299559259.0,0.0,3153255.0,1497796314.0,2048003.0,0.0,880.0,380.0
GEO,Georgia,IND,S,S/LFM/CDL+ERL/H:1/IND,TOTAL,7417.0,747278839.0,320262360.0,0.0,1779235.0,1067541197.0,649867.0,0.0,240.0,420.0
GEO,Georgia,IND,S,S/LFM/CDL+ERL/H:2/IND,TOTAL,2472.0,498085031.0,213465013.0,0.0,1185917.0,711550045.0,433424.0,0.0,480.0,420.0
GEO,Georgia,IND,S,S/LFM/CDM+ERM/H:1/IND,TOTAL,867.0,87542529.0,37518227.0,0.0,208435.0,125060755.0,76131.0,0.0,240.0,420.0
GEO,Georgia,IND,S,S/LFM/CDM+ERM/H:2/IND,TOTAL,288.0,58369049.0,25015305.0,0.0,138974.0,83384359.0,50792.0,0.0,483.0,420.0
GEO,Georgia,COM,W,W/LWAL/CDL+ERM/H:1/COM,TOTAL,1503.0,77579054.0,25859687.0,0.0,165062.0,103438734.0,36251.0,0.0,110.0,470.0
GEO,Georgia,RES,W,W/LWAL/CDL+ERM/H:1/RES,URBAN,1182.0,53292012.0,13323004.0,3919.0,118427.0,66615014.0,14921.0,1182.0,100.0,450.0
GEO,Georgia,RES,W,W/LWAL/CDL+ERM/H:1/RES,RURAL,2047.0,63426916.0,15856729.0,6704.0,204603.0,79283644.0,25779.0,2047.0,100.0,310.0
GEO,Georgia,COM,W,W/LWAL/CDL+ERM/H:2/COM,TOTAL,752.0,91292145.0,30430713.0,0.0,194239.0,121722858.0,42676.0,0.0,258.0,470.0
GEO,Georgia,RES,W,W/LWAL/CDL+ERM/H:2/RES,RURAL,4094.0,164906726.0,41226682.0,13405.0,531957.0,206133409.0,67058.0,4094.0,130.0,310.0
GEO,Georgia,RES,W,W/LWAL/CDL+ERM/H:2/RES,URBAN,2370.0,138566521.0,34641631.0,7853.0,307926.0,173208152.0,38817.0,2370.0,130.0,450.0
GEO,Georgia,COM,W,W/LWAL/CDL+ERM/H:3/COM,TOTAL,103.0,18171263.0,6057085.0,0.0,38662.0,24228354.0,8498.0,0.0,375.0,470.0
GEO,Georgia,RES,W,W/LWAL/CDL+ERM/H:3/RES,RURAL,2728.0,152221331.0,38055334.0,13399.0,491037.0,190276668.0,61933.0,4092.0,180.0,310.0
GEO,Georgia,RES,W,W/LWAL/CDL+ERM/H:3/RES,URBAN,1577.0,127908479.0,31977121.0,7849.0,284241.0,159885599.0,35850.0,2369.0,180.0,450.0
GEO,Georgia,COM,W,W/LWAL/CDM+ERM/H:1/COM,TOTAL,167.0,8415042.0,2805012.0,0.0,17904.0,11220057.0,3932.0,0.0,107.0,470.0
GEO,Georgia,RES,W,W/LWAL/CDM+ERM/H:1/RES,RURAL,294.0,9074613.0,2268651.0,965.0,29273.0,11343266.0,3688.0,294.0,100.0,310.0
GEO,Georgia,RES,W,W/LWAL/CDM+ERM/H:1/RES,URBAN,309.0,14008635.0,3502160.0,1025.0,31130.0,17510794.0,3922.0,309.0,101.0,450.0
GEO,Georgia,COM,W,W/LWAL/CDM+ERM/H:2/COM,TOTAL,75.0,9196296.0,3065430.0,0.0,19567.0,12261728.0,4299.0,0.0,261.0,470.0
GEO,Georgia,RES,W,W/LWAL/CDM+ERM/H:2/RES,RURAL,583.0,23593433.0,5898358.0,1909.0,76108.0,29491791.0,9594.0,583.0,131.0,310.0
GEO,Georgia,RES,W,W/LWAL/CDM+ERM/H:2/RES,URBAN,622.0,36423732.0,9105930.0,2060.0,80942.0,45529663.0,10204.0,622.0,130.0,450.0
GEO,Georgia,COM,W,W/LWAL/CDM+ERM/H:3/COM,TOTAL,9.0,1369331.0,456444.0,0.0,2913.0,1825776.0,640.0,0.0,324.0,470.0
GEO,Georgia,RES,W,W/LWAL/CDM+ERM/H:3/RES,RURAL,389.0,21779017.0,5444754.0,1919.0,70255.0,27223769.0,8861.0,586.0,181.0,310.0
GEO,Georgia,RES,W,W/LWAL/CDM+ERM/H:3/RES,URBAN,416.0,33505008.0,8376248.0,2056.0,74456.0,41881257.0,9391.0,620.0,179.0,450.0
IRN,Iran,RES,CR-,CR/LFM/CDL+ERL/H:1-3/RES,TOTAL,34903.0,1220588715.0,215398008.0,151138.0,5085786.0,1435986724.0,1965870.0,41595.0,146.0,240.0
IRN,Iran,COM,CR-,CR/LFM/CDL+ERL/H:1/COM,TOTAL,262657.0,6217044254.0,1097125457.0,0.0,27030627.0,7314169711.0,15352042.0,0.0,103.0,230.0
IRN,Iran,IND,CR-,CR/LFM/CDL+ERL/H:1/IND,TOTAL,4556.0,1482397254.0,494132415.0,0.0,6445205.0,1976529674.0,3606295.0,0.0,1415.0,230.0
IRN,Iran,COM,CR-,CR/LFM/CDL+ERL/H:2/COM,TOTAL,175230.0,8252191698.0,1456269124.0,0.0,35879094.0,9708460821.0,20391397.0,0.0,205.0,230.0
IRN,Iran,IND,CR-,CR/LFM/CDL+ERL/H:2/IND,TOTAL,457.0,253695108.0,84565035.0,0.0,1103022.0,338260147.0,617668.0,0.0,2414.0,230.0
IRN,Iran,COM,CR-,CR/LFM/CDL+ERL/H:3/COM,TOTAL,17532.0,1230996069.0,217234601.0,0.0,5352157.0,1448230671.0,3043895.0,0.0,305.0,230.0
IRN,Iran,IND,CR-,CR/LFM/CDL+ERL/H:3/IND,TOTAL,103.0,74255406.0,24751804.0,0.0,322850.0,99007208.0,180933.0,0.0,3134.0,230.0
IRN,Iran,RES,CR-,CR/LFM/CDL+ERL/H:4-8/RES,TOTAL,5003.0,1348253406.0,237927071.0,150139.0,5617723.0,1586180478.0,2176997.0,38569.0,1123.0,240.0
IRN,Iran,RES,CR+,CR/LFM/CDM+ERM/H:1-3/RES,TOTAL,200100.0,7479343402.0,1319884132.0,854141.0,31163931.0,8799227533.0,12046166.0,239472.0,156.0,240.0
IRN,Iran,COM,CR+,CR/LFM/CDM+ERM/H:1/COM,TOTAL,317902.0,7524569806.0,1327865261.0,0.0,32715521.0,8852435068.0,18580777.0,0.0,103.0,230.0
IRN,Iran,IND,CR+,CR/LFM/CDM+ERM/H:1/IND,TOTAL,4113.0,1336518828.0,445506276.0,0.0,5810951.0,1782025105.0,3251410.0,0.0,1413.0,230.0
IRN,Iran,COM,CR+,CR/LFM/CDM+ERM/H:2/COM,TOTAL,212078.0,9987751458.0,1762544374.0,0.0,43425006.0,11750295834.0,24680014.0,0.0,205.0,230.0
IRN,Iran,IND,CR+,CR/LFM/CDM+ERM/H:2/IND,TOTAL,409.0,223204621.0,74401541.0,0.0,970455.0,297606160.0,543433.0,0.0,2373.0,230.0
IRN,Iran,COM,CR+,CR/LFM/CDM+ERM/H:3/COM,TOTAL,21223.0,1491249865.0,263161742.0,0.0,6483695.0,1754411604.0,3687427.0,0.0,306.0,230.0
IRN,Iran,IND,CR+,CR/LFM/CDM+ERM/H:3/IND,TOTAL,92.0,63295975.0,21098658.0,0.0,275200.0,84394637.0,154229.0,0.0,2991.0,230.0
IRN,Iran,RES,CR+,CR/LFM/CDM+ERM/H:4-8/RES,TOTAL,17267.0,3660650029.0,645997066.0,509096.0,15252708.0,4306647090.0,5910776.0,133098.0,883.0,240.0
IRN,Iran,RES,CR+,CR/LWAL/CDM+ERM/H:1-3/RES,TOTAL,200100.0,8083811815.0,1426555027.0,853896.0,33682549.0,9510366841.0,15524020.0,239401.0,168.0,240.0
IRN,Iran,RES,CR+,CR/LWAL/CDM+ERM/H:4-8/RES,TOTAL,172669.0,36606152792.0,6459909316.0,5086995.0,152525637.0,43066062111.0,70480821.0,1329867.0,883.0,240.0
IRN,Iran,RES,HYB,HYB(MCF;S)/LWAL/CDL+ERL/H:1-3/RES,TOTAL,3242333.0,106254411608.0,26563602898.0,14254242.0,442726715.0,132818014507.0,142720322.0,3889976.0,137.0,240.0
IRN,Iran,COM,HYB,HYB(MCF;S)/LWAL/CDL+ERL/H:1/COM,TOTAL,53523.0,1233658746.0,308414686.0,0.0,5363734.0,1542073433.0,2139369.0,0.0,100.0,230.0
IRN,Iran,IND,HYB,HYB(MCF;S)/LWAL/CDL+ERL/H:1/IND,TOTAL,7375.0,1634601011.0,544867005.0,0.0,7106961.0,2179468015.0,2595821.0,0.0,964.0,230.0
IRN,Iran,COM,HYB,HYB(MCF;S)/LWAL/CDL+ERL/H:2/COM,TOTAL,35690.0,1641882751.0,410470687.0,0.0,7138621.0,2052353441.0,2848643.0,0.0,200.0,230.0
IRN,Iran,IND,HYB,HYB(MCF;S)/LWAL/CDL+ERL/H:2/IND,TOTAL,716.0,270808430.0,90269477.0,0.0,1177428.0,361077902.0,430322.0,0.0,1644.0,230.0
IRN,Iran,COM,HYB,HYB(MCF;S)/LWAL/CDL+ERL/H:3/COM,TOTAL,3567.0,244075559.0,61018889.0,0.0,1061198.0,305094447.0,423668.0,0.0,298.0,230.0
IRN,Iran,IND,HYB,HYB(MCF;S)/LWAL/CDL+ERL/H:3/IND,TOTAL,160.0,79963027.0,26654342.0,0.0,347665.0,106617370.0,127142.0,0.0,2173.0,230.0
IRN,Iran,RES,HYB,HYB(MCF;S)/LWAL/CDL+ERL/H:4-8/RES,TOTAL,73253.0,19557752964.0,4889438239.0,2166794.0,81490637.0,24447191201.0,26322631.0,564252.0,1112.0,240.0
IRN,Iran,RES,HYB,HYB(MCF;S)/LWAL/CDM+ERM/H:1-3/RES,TOTAL,1492883.0,55583233120.0,13895808280.0,6477303.0,231596805.0,69479041401.0,74659083.0,1791024.0,155.0,240.0
IRN,Iran,COM,HYB,HYB(MCF;S)/LWAL/CDM+ERM/H:1/COM,TOTAL,55711.0,1284014380.0,321003593.0,0.0,5582671.0,1605017976.0,2226694.0,0.0,100.0,230.0
IRN,Iran,IND,HYB,HYB(MCF;S)/LWAL/CDM+ERM/H:1/IND,TOTAL,5563.0,1233048671.0,411016222.0,0.0,5361081.0,1644064901.0,1958138.0,0.0,964.0,230.0
IRN,Iran,COM,HYB,HYB(MCF;S)/LWAL/CDM+ERM/H:2/COM,TOTAL,37149.0,1708900969.0,427225240.0,0.0,7430004.0,2136126210.0,2964919.0,0.0,200.0,230.0
IRN,Iran,IND,HYB,HYB(MCF;S)/LWAL/CDM+ERM/H:2/IND,TOTAL,544.0,201406452.0,67135482.0,0.0,875680.0,268541935.0,320040.0,0.0,1610.0,230.0
IRN,Iran,COM,HYB,HYB(MCF;S)/LWAL/CDM+ERM/H:3/COM,TOTAL,3711.0,254028311.0,63507080.0,0.0,1104471.0,317535393.0,440944.0,0.0,298.0,230.0
IRN,Iran,IND,HYB,HYB(MCF;S)/LWAL/CDM+ERM/H:3/IND,TOTAL,122.0,58496704.0,19498900.0,0.0,254333.0,77995605.0,93010.0,0.0,2085.0,230.0
IRN,Iran,RES,HYB,HYB(MCF;S)/LWAL/CDM+ERM/H:4-8/RES,TOTAL,38876.0,8529742688.0,2132435673.0,1130533.0,35540595.0,10662178361.0,11480116.0,299446.0,914.0,240.0
IRN,Iran,RES,OT,INF/LN/CDN+ERN/H:1/RES,TOTAL,245260.0,7916253661.0,1979063415.0,1111661.0,63330029.0,9895317073.0,8213632.0,293891.0,258.0,125.0
IRN,Iran,RES,MR|MCF,MCF+CBH/LWAL/CDL+ERL/H:1-3/RES,TOTAL,2054384.0,67476330071.0,11907587660.0,8876654.0,281151375.0,79383917733.0,120690283.0,2463987.0,137.0,240.0
IRN,Iran,COM,MR|MCF,MCF+CBH/LWAL/CDL+ERL/H:1/COM,TOTAL,103329.0,2363565341.0,417099767.0,0.0,10276371.0,2780665108.0,6387799.0,0.0,99.0,230.0
IRN,Iran,IND,MR|MCF,MCF+CBH/LWAL/CDL+ERL/H:1/IND,TOTAL,4556.0,1482394533.0,494131512.0,0.0,6445194.0,1976526040.0,3978830.0,0.0,1415.0,230.0
IRN,Iran,COM,MR|MCF,MCF+CBH/LWAL/CDL+ERL/H:2/COM,TOTAL,68896.0,3148011214.0,555531392.0,0.0,13687005.0,3703542604.0,8513702.0,0.0,199.0,230.0
IRN,Iran,IND,MR|MCF,MCF+CBH/LWAL/CDL+ERL/H:2/IND,TOTAL,457.0,253695108.0,84565035.0,0.0,1103022.0,338260147.0,681474.0,0.0,2414.0,230.0
IRN,Iran,COM,MR|MCF,MCF+CBH/LWAL/CDL+ERL/H:3/COM,TOTAL,6889.0,469643374.0,82878243.0,0.0,2041928.0,552521617.0,1271009.0,0.0,296.0,230.0
IRN,Iran,IND,MR|MCF,MCF+CBH/LWAL/CDL+ERL/H:3/IND,TOTAL,103.0,74255406.0,24751804.0,0.0,322850.0,99007208.0,199623.0,0.0,3134.0,230.0
IRN,Iran,RES,MR|MCF,MCF+CBH/LWAL/CDL+ERL/H:4-8/RES,TOTAL,80296.0,20841417253.0,3677897162.0,2393335.0,86839239.0,24519314415.0,37371428.0,618524.0,1081.0,240.0
IRN,Iran,RES,MR|MCF,MCF+CBH/LWAL/CDM+ERM/H:1-3/RES,TOTAL,1298272.0,48337366609.0,8530123522.0,5577259.0,201405694.0,56867490126.0,86457732.0,1557245.0,155.0,240.0
IRN,Iran,COM,MR|MCF,MCF+CBH/LWAL/CDM+ERM/H:1/COM,TOTAL,107546.0,2460036044.0,434124010.0,0.0,10695809.0,2894160053.0,6648522.0,0.0,99.0,230.0
IRN,Iran,IND,MR|MCF,MCF+CBH/LWAL/CDM+ERM/H:1/IND,TOTAL,3441.0,1118199308.0,372733105.0,0.0,4861736.0,1490932410.0,3001310.0,0.0,1413.0,230.0
IRN,Iran,COM,MR|MCF,MCF+CBH/LWAL/CDM+ERM/H:2/COM,TOTAL,71714.0,3276513548.0,578208274.0,0.0,14245711.0,3854721819.0,8861232.0,0.0,199.0,230.0
IRN,Iran,IND,MR|MCF,MCF+CBH/LWAL/CDM+ERM/H:2/IND,TOTAL,342.0,186984971.0,62328324.0,0.0,812978.0,249313294.0,502278.0,0.0,2377.0,230.0
IRN,Iran,COM,MR|MCF,MCF+CBH/LWAL/CDM+ERM/H:3/COM,TOTAL,7164.0,488801282.0,86259052.0,0.0,2125223.0,575060336.0,1322857.0,0.0,297.0,230.0
IRN,Iran,IND,MR|MCF,MCF+CBH/LWAL/CDM+ERM/H:3/IND,TOTAL,77.0,53030858.0,17676952.0,0.0,230569.0,70707808.0,142565.0,0.0,2994.0,230.0
IRN,Iran,RES,MR|MCF,MCF+CBH/LWAL/CDM+ERM/H:4-8/RES,TOTAL,122020.0,26772503994.0,4724559528.0,3623333.0,111552100.0,31497063521.0,48006654.0,939763.0,914.0,240.0
IRN,Iran,RES,ADO|ST|E,MUR+ADO/LWAL/CDN+ERN/H:1-3/RES,TOTAL,940699.0,9832762146.0,1735193322.0,4039562.0,140468031.0,11567955464.0,67759397.0,1128256.0,149.0,70.0
IRN,Iran,RES,MUR,MUR+CB/LWAL/CDN+ERN/H:1-3/RES,TOTAL,790486.0,14811508683.0,3702877172.0,3391366.0,113934682.0,18514385855.0,63799676.0,947999.0,144.0,130.0
IRN,Iran,RES,ADO|ST|E,MUR+ST/LWAL/CDN+ERN/H:1-3/RES,TOTAL,1433816.0,27035941414.0,4771048481.0,6161287.0,207968780.0,31806989898.0,100320615.0,1720036.0,145.0,130.0
IRN,Iran,RES,S,S+SR/LFBR/CDL+ERL/H:1-3/RES,TOTAL,366553.0,12333003837.0,3083250961.0,1664966.0,51387516.0,15416254795.0,17968530.0,439322.0,140.0,240.0
IRN,Iran,COM,S,S+SR/LFBR/CDL+ERL/H:1/COM,TOTAL,10579.0,921197652.0,230299411.0,0.0,4005207.0,1151497062.0,1713095.0,0.0,379.0,230.0
IRN,Iran,IND,S,S+SR/LFBR/CDL+ERL/H:1/IND,TOTAL,17867.0,11018162031.0,4722069442.0,0.0,47905052.0,15740231472.0,18240329.0,0.0,2681.0,230.0
IRN,Iran,COM,S,S+SR/LFBR/CDL+ERL/H:2/COM,TOTAL,928.0,138165642.0,34541411.0,0.0,600720.0,172707052.0,257055.0,0.0,647.0,230.0
IRN,Iran,IND,S,S+SR/LFBR/CDL+ERL/H:2/IND,TOTAL,697.0,712618159.0,305407782.0,0.0,3098340.0,1018025944.0,1180433.0,0.0,4445.0,230.0
IRN,Iran,IND,S,S+SR/LFBR/CDL+ERL/H:3/IND,TOTAL,169.0,234876527.0,100661370.0,0.0,1021202.0,335537899.0,389301.0,0.0,6043.0,230.0
IRN,Iran,RES,S,S+SR/LFBR/CDL+ERL/H:4-8/RES,TOTAL,29930.0,6893966079.0,1723491519.0,924393.0,28724859.0,8617457599.0,10063293.0,230582.0,960.0,240.0
IRN,Iran,RES,S,S+SR/LFBR/CDM+ERM/H:1-3/RES,TOTAL,1144223.0,42509469956.0,10627367489.0,4965982.0,177122791.0,53136837446.0,61934033.0,1372300.0,155.0,240.0
IRN,Iran,COM,S,S+SR/LFBR/CDM+ERM/H:1/COM,TOTAL,11020.0,958783735.0,239695933.0,0.0,4168625.0,1198479670.0,1782991.0,0.0,378.0,230.0
IRN,Iran,IND,S,S+SR/LFBR/CDM+ERM/H:1/IND,TOTAL,13478.0,8312041871.0,3562303658.0,0.0,36139312.0,11874345528.0,13760405.0,0.0,2681.0,230.0
IRN,Iran,COM,S,S+SR/LFBR/CDM+ERM/H:2/COM,TOTAL,973.0,143830687.0,35957668.0,0.0,625351.0,179788356.0,267595.0,0.0,643.0,230.0
IRN,Iran,IND,S,S+SR/LFBR/CDM+ERM/H:2/IND,TOTAL,524.0,531557150.0,227810207.0,0.0,2311118.0,759367355.0,880510.0,0.0,4411.0,230.0
IRN,Iran,IND,S,S+SR/LFBR/CDM+ERM/H:3/IND,TOTAL,128.0,176562777.0,75669764.0,0.0,767664.0,252232538.0,292647.0,0.0,5997.0,230.0
IRN,Iran,RES,S,S+SR/LFBR/CDM+ERM/H:4-8/RES,TOTAL,263159.0,60214815024.0,15053703755.0,7880972.0,250895063.0,75268518782.0,87897058.0,2026646.0,953.0,240.0
IRN,Iran,RES,S,S+SR/LFM/CDL+ERL/H:1-3/RES,TOTAL,574348.0,19840711634.0,4960177908.0,2604785.0,82669632.0,24800889539.0,26649931.0,688652.0,144.0,240.0
IRN,Iran,COM,S,S+SR/LFM/CDL+ERL/H:1/COM,TOTAL,154027.0,4933670363.0,1233417590.0,0.0,21450741.0,6167087955.0,8555803.0,0.0,139.0,230.0
IRN,Iran,IND,S,S+SR/LFM/CDL+ERL/H:1/IND,TOTAL,18301.0,12198730017.0,5228027153.0,0.0,53037957.0,17426757169.0,19372141.0,0.0,2898.0,230.0
IRN,Iran,COM,S,S+SR/LFM/CDL+ERL/H:2/COM,TOTAL,12940.0,801686703.0,200421674.0,0.0,3485594.0,1002108381.0,1390915.0,0.0,269.0,230.0
IRN,Iran,IND,S,S+SR/LFM/CDL+ERL/H:2/IND,TOTAL,722.0,791966657.0,339414281.0,0.0,3443333.0,1131380940.0,1258456.0,0.0,4769.0,230.0
IRN,Iran,IND,S,S+SR/LFM/CDL+ERL/H:3/IND,TOTAL,182.0,263901244.0,113100534.0,0.0,1147397.0,377001781.0,419605.0,0.0,6304.0,230.0
IRN,Iran,RES,S,S+SR/LFM/CDL+ERL/H:4-8/RES,TOTAL,94176.0,21615187538.0,5403796884.0,2903973.0,90063281.0,27018984419.0,29091717.0,725374.0,956.0,240.0
IRN,Iran,RES,S,S+SR/LFM/CDM+ERM/H:1-3/RES,TOTAL,465862.0,17307501429.0,4326875359.0,2020950.0,72114589.0,21634376788.0,23247338.0,558463.0,155.0,240.0
IRN,Iran,COM,S,S+SR/LFM/CDM+ERM/H:1/COM,TOTAL,160314.0,5135045561.0,1283761388.0,0.0,22326285.0,6418806950.0,8905021.0,0.0,139.0,230.0
IRN,Iran,IND,S,S+SR/LFM/CDM+ERM/H:1/IND,TOTAL,13803.0,9202858051.0,3944082019.0,0.0,40012426.0,13146940071.0,14614560.0,0.0,2899.0,230.0
IRN,Iran,COM,S,S+SR/LFM/CDM+ERM/H:2/COM,TOTAL,13463.0,834402578.0,208600641.0,0.0,3627837.0,1043003220.0,1447677.0,0.0,269.0,230.0
IRN,Iran,IND,S,S+SR/LFM/CDM+ERM/H:2/IND,TOTAL,543.0,592653049.0,253994163.0,0.0,2576752.0,846647214.0,941741.0,0.0,4745.0,230.0
IRN,Iran,IND,S,S+SR/LFM/CDM+ERM/H:3/IND,TOTAL,135.0,196793380.0,84340019.0,0.0,855623.0,281133402.0,312903.0,0.0,6338.0,230.0
IRN,Iran,RES,S,S+SR/LFM/CDM+ERM/H:4-8/RES,TOTAL,83334.0,17737801525.0,4434450381.0,2496219.0,73907506.0,22172251909.0,23873172.0,641934.0,887.0,240.0
IRN,Iran,RES,W,W+WLI/LWAL/CDL+ERL/H:1-3/RES,TOTAL,33818.0,868640781.0,217160197.0,146705.0,4963662.0,1085800979.0,625717.0,40429.0,147.0,175.0
IRQ,Iraq,COM,CR-,CR+PC/LWAL/CDL+ERL/H:1/COM,TOTAL,4090.0,265833054.0,46911715.0,0.0,531666.0,312744771.0,331371.0,0.0,130.0,500.0
IRQ,Iraq,IND,CR-,CR+PC/LWAL/CDL+ERL/H:1/IND,TOTAL,4262.0,613634029.0,204544676.0,0.0,1534085.0,818178701.0,910920.0,0.0,360.0,400.0
IRQ,Iraq,RES,CR-,CR+PC/LWAL/CDL+ERL/H:1/RES,RURAL,29476.0,1002168846.0,176853325.0,173868.0,2947555.0,1179022173.0,1357621.0,29476.0,100.0,340.0
IRQ,Iraq,RES,CR-,CR+PC/LWAL/CDL+ERL/H:1/RES,URBAN,98970.0,4948595526.0,873281562.0,583785.0,9897191.0,5821877088.0,4558569.0,98970.0,100.0,500.0
IRQ,Iraq,COM,CR-,CR+PC/LWAL/CDL+ERL/H:2/COM,TOTAL,3076.0,398632343.0,70346884.0,0.0,797265.0,468979222.0,497258.0,0.0,259.0,500.0
IRQ,Iraq,IND,CR-,CR+PC/LWAL/CDL+ERL/H:2/IND,TOTAL,1419.0,329428936.0,109809645.0,0.0,823572.0,439238581.0,489418.0,0.0,580.0,400.0
IRQ,Iraq,RES,CR-,CR+PC/LWAL/CDL+ERL/H:2/RES,RURAL,117901.0,5211279641.0,919637583.0,695455.0,15327293.0,6130917223.0,7064228.0,117901.0,130.0,340.0
IRQ,Iraq,RES,CR-,CR+PC/LWAL/CDL+ERL/H:2/RES,URBAN,395889.0,25732690429.0,4541063016.0,2335199.0,51465381.0,30273753444.0,23719986.0,395889.0,130.0,500.0
IRQ,Iraq,COM,CR-,CR+PC/LWAL/CDL+ERL/H:3/COM,TOTAL,3407.0,766599390.0,135282245.0,0.0,1533199.0,901881625.0,956932.0,0.0,450.0,500.0
IRQ,Iraq,COM,CR-,CR+PC/LWAL/CDL+ERL/H:4-7/COM,TOTAL,3686.0,2208469663.0,389729934.0,0.0,4416939.0,2598199614.0,2762568.0,0.0,1198.0,500.0
IRQ,Iraq,COM,CR-,CR+PC/LWAL/CDL+ERL/H:>7/COM,TOTAL,191.0,299720747.0,52891893.0,0.0,599441.0,352612649.0,375443.0,0.0,3138.0,500.0
IRQ,Iraq,COM,CR-,CR+PC/LWAL/CDL+ERM/H:1/COM,TOTAL,4806.0,312104794.0,55077317.0,0.0,624210.0,367182121.0,389050.0,0.0,130.0,500.0
IRQ,Iraq,IND,CR-,CR+PC/LWAL/CDL+ERM/H:1/IND,TOTAL,5002.0,720353012.0,240117671.0,0.0,1800883.0,960470685.0,1069341.0,0.0,360.0,400.0
IRQ,Iraq,RES,CR-,CR+PC/LWAL/CDL+ERM/H:1/RES,URBAN,116182.0,5809219866.0,1025156447.0,685317.0,11618440.0,6834376314.0,5351362.0,116182.0,100.0,500.0
IRQ,Iraq,RES,CR-,CR+PC/LWAL/CDL+ERM/H:1/RES,RURAL,34602.0,1176460150.0,207610616.0,204103.0,3460177.0,1384070768.0,1593730.0,34602.0,100.0,340.0
IRQ,Iraq,COM,CR-,CR+PC/LWAL/CDL+ERM/H:2/COM,TOTAL,3601.0,468102374.0,82606297.0,0.0,936205.0,550708666.0,583915.0,0.0,260.0,500.0
IRQ,Iraq,IND,CR-,CR+PC/LWAL/CDL+ERM/H:2/IND,TOTAL,1668.0,386856374.0,128952128.0,0.0,967141.0,515808502.0,574735.0,0.0,580.0,400.0
IRQ,Iraq,RES,CR-,CR+PC/LWAL/CDL+ERM/H:2/RES,RURAL,138407.0,6117590354.0,1079574769.0,816412.0,17992913.0,7197165122.0,8292791.0,138407.0,130.0,340.0
IRQ,Iraq,RES,CR-,CR+PC/LWAL/CDL+ERM/H:2/RES,URBAN,464738.0,30207939212.0,5330812803.0,2741312.0,60415878.0,35538752013.0,27845199.0,464738.0,130.0,500.0
IRQ,Iraq,COM,CR-,CR+PC/LWAL/CDL+ERM/H:3/COM,TOTAL,4000.0,900189895.0,158857037.0,0.0,1800380.0,1059046946.0,1123690.0,0.0,450.0,500.0
IRQ,Iraq,COM,CR-,CR+PC/LWAL/CDL+ERM/H:4-7/COM,TOTAL,4324.0,2592868986.0,457565116.0,0.0,5185738.0,3050434099.0,3243412.0,0.0,1199.0,500.0
IRQ,Iraq,COM,CR-,CR+PC/LWAL/CDL+ERM/H:>7/COM,TOTAL,225.0,356196513.0,62858208.0,0.0,712393.0,419054722.0,446187.0,0.0,3166.0,500.0
IRQ,Iraq,RES,CR-,CR/LDUAL/CDL+ERL/H:1/RES,URBAN,12801.0,640122194.0,112962740.0,75508.0,1280244.0,753084932.0,542113.0,12801.0,100.0,500.0
IRQ,Iraq,RES,CR-,CR/LDUAL/CDL+ERL/H:2/RES,URBAN,38407.0,2496477788.0,440554903.0,226549.0,4992956.0,2937032692.0,2115601.0,38407.0,130.0,500.0
IRQ,Iraq,RES,CR-,CR/LDUAL/CDL+ERL/H:3/RES,URBAN,29870.0,2688512554.0,474443394.0,264279.0,5377025.0,3162955947.0,2279803.0,44803.0,180.0,500.0
IRQ,Iraq,RES,CR-,CR/LDUAL/CDL+ERL/H:4-7/RES,URBAN,2670.0,1200229956.0,211805287.0,188802.0,2400460.0,1412035242.0,1019733.0,32008.0,899.0,500.0
IRQ,Iraq,RES,CR+,CR/LDUAL/CDM+ERM/H:1/RES,URBAN,15030.0,751446209.0,132608156.0,88657.0,1502892.0,884054363.0,636392.0,15030.0,100.0,500.0
IRQ,Iraq,RES,CR+,CR/LDUAL/CDM+ERM/H:2/RES,URBAN,45087.0,2930646265.0,517172870.0,265953.0,5861293.0,3447819133.0,2483530.0,45087.0,130.0,500.0
IRQ,Iraq,RES,CR+,CR/LDUAL/CDM+ERM/H:3/RES,URBAN,35068.0,3156080096.0,556955308.0,310287.0,6312160.0,3713035410.0,2676291.0,52603.0,180.0,500.0
IRQ,Iraq,RES,CR+,CR/LDUAL/CDM+ERM/H:4-7/RES,URBAN,3130.0,1408964385.0,248640773.0,221636.0,2817929.0,1657605160.0,1197077.0,37574.0,900.0,500.0
IRQ,Iraq,COM,CR-,CR/LFINF/CDL+ERL/H:1/COM,TOTAL,4836.0,314203973.0,55447759.0,0.0,628408.0,369651724.0,356905.0,0.0,130.0,500.0
IRQ,Iraq,IND,CR-,CR/LFINF/CDL+ERL/H:1/IND,TOTAL,3194.0,460227429.0,153409142.0,0.0,1150569.0,613636570.0,643779.0,0.0,360.0,400.0
IRQ,Iraq,RES,CR-,CR/LFINF/CDL+ERL/H:1/RES,URBAN,25605.0,1280244459.0,225925493.0,151032.0,2560489.0,1506169951.0,989108.0,25605.0,100.0,500.0
IRQ,Iraq,COM,CR-,CR/LFINF/CDL+ERL/H:2/COM,TOTAL,3621.0,471247100.0,83161257.0,0.0,942494.0,554408351.0,535654.0,0.0,260.0,500.0
IRQ,Iraq,IND,CR-,CR/LFINF/CDL+ERL/H:2/IND,TOTAL,1064.0,247072437.0,82357477.0,0.0,617681.0,329429918.0,345888.0,0.0,581.0,400.0
IRQ,Iraq,RES,CR-,CR/LFINF/CDL+ERL/H:2/RES,URBAN,76813.0,4992953803.0,881109494.0,453092.0,9985908.0,5874063296.0,3859972.0,76813.0,130.0,500.0
IRQ,Iraq,COM,CR-,CR/LFINF/CDL+ERL/H:3/COM,TOTAL,4030.0,906254827.0,159927325.0,0.0,1812510.0,1066182151.0,1030816.0,0.0,450.0,500.0
IRQ,Iraq,RES,CR-,CR/LFINF/CDL+ERL/H:3/RES,URBAN,59740.0,5377028036.0,948887298.0,528606.0,10754056.0,6325915339.0,4159532.0,89615.0,180.0,500.0
IRQ,Iraq,COM,CR-,CR/LFINF/CDL+ERL/H:4-7/COM,TOTAL,4351.0,2610329189.0,460646329.0,0.0,5220658.0,3070975519.0,2975163.0,0.0,1200.0,500.0
IRQ,Iraq,RES,CR-,CR/LFINF/CDL+ERL/H:4-7/RES,URBAN,5337.0,2400458776.0,423610372.0,377580.0,4800918.0,2824069148.0,1860466.0,64011.0,900.0,500.0
IRQ,Iraq,COM,CR-,CR/LFINF/CDL+ERL/H:>7/COM,TOTAL,228.0,359424604.0,63427872.0,0.0,718849.0,422852472.0,410216.0,0.0,3153.0,500.0
IRQ,Iraq,COM,CR+,CR/LFINF/CDM+ERM/H:1/COM,TOTAL,5676.0,368852943.0,65091696.0,0.0,737706.0,433944642.0,418980.0,0.0,130.0,500.0
IRQ,Iraq,IND,CR+,CR/LFINF/CDM+ERM/H:1/IND,TOTAL,3754.0,540265084.0,180088365.0,0.0,1350663.0,720353446.0,755738.0,0.0,360.0,400.0
IRQ,Iraq,RES,CR+,CR/LFINF/CDM+ERM/H:1/RES,URBAN,30055.0,1502897262.0,265217164.0,177286.0,3005795.0,1768114426.0,1161128.0,30055.0,100.0,500.0
IRQ,Iraq,COM,CR+,CR/LFINF/CDM+ERM/H:2/COM,TOTAL,4255.0,553278094.0,97637306.0,0.0,1106556.0,650915405.0,628897.0,0.0,260.0,500.0
IRQ,Iraq,IND,CR+,CR/LFINF/CDM+ERM/H:2/IND,TOTAL,1250.0,290042117.0,96680705.0,0.0,725105.0,386722825.0,406043.0,0.0,580.0,400.0
IRQ,Iraq,RES,CR+,CR/LFINF/CDM+ERM/H:2/RES,URBAN,90171.0,5861294188.0,1034346033.0,531886.0,11722588.0,6895640224.0,4531272.0,90171.0,130.0,500.0
IRQ,Iraq,COM,CR+,CR/LFINF/CDM+ERM/H:3/COM,TOTAL,4721.0,1063995998.0,187764005.0,0.0,2127992.0,1251759994.0,1210238.0,0.0,451.0,500.0
IRQ,Iraq,RES,CR+,CR/LFINF/CDM+ERM/H:3/RES,URBAN,70135.0,6312160643.0,1113910703.0,620555.0,12624321.0,7426071345.0,4882926.0,105203.0,180.0,500.0
IRQ,Iraq,COM,CR+,CR/LFINF/CDM+ERM/H:4-7/COM,TOTAL,5111.0,3064301797.0,540759148.0,0.0,6128604.0,3605060932.0,3492585.0,0.0,1199.0,500.0
IRQ,Iraq,RES,CR+,CR/LFINF/CDM+ERM/H:4-7/RES,URBAN,6260.0,2817929150.0,497281617.0,443244.0,5635858.0,3315210768.0,2184025.0,75143.0,900.0,500.0
IRQ,Iraq,COM,CR+,CR/LFINF/CDM+ERM/H:>7/COM,TOTAL,269.0,423681023.0,74767238.0,0.0,847362.0,498448262.0,483552.0,0.0,3150.0,500.0
IRQ,Iraq,IND,CR-,CR/LWAL/CDL+ERL/H:1/IND,TOTAL,2128.0,306817433.0,102272477.0,0.0,767044.0,409089915.0,455461.0,0.0,360.0,400.0
IRQ,Iraq,IND,CR-,CR/LWAL/CDL+ERL/H:2/IND,TOTAL,710.0,164714645.0,54904882.0,0.0,411787.0,219619524.0,244709.0,0.0,580.0,400.0
IRQ,Iraq,IND,CR+,CR/LWAL/CDM+ERM/H:1/IND,TOTAL,2503.0,360178023.0,120059341.0,0.0,900445.0,480237365.0,534673.0,0.0,360.0,400.0
IRQ,Iraq,IND,CR+,CR/LWAL/CDM+ERM/H:2/IND,TOTAL,833.0,193361106.0,64453704.0,0.0,483403.0,257814806.0,287268.0,0.0,580.0,400.0
IRQ,Iraq,RES,ADO|ST|E,EU/LWAL/CDN+ERN/H:1/RES,RURAL,215949.0,2159478811.0,381084497.0,1273806.0,21594788.0,2540563310.0,10411325.0,215949.0,100.0,100.0
IRQ,Iraq,RES,ADO|ST|E,EU/LWAL/CDN+ERN/H:1/RES,URBAN,24958.0,299540047.0,52860010.0,147217.0,2496167.0,352400055.0,1203457.0,24958.0,100.0,120.0
IRQ,Iraq,RES,OT,MATO/LN/CDN+ERN/H:1/RES,URBAN,64341.0,1608520062.0,402130018.0,379525.0,6434080.0,2010650080.0,3102012.0,64341.0,100.0,250.0
IRQ,Iraq,RES,OT,MATO/LN/CDN+ERN/H:1/RES,RURAL,469839.0,7047583460.0,1761895865.0,2771402.0,46983890.0,8809479329.0,22651973.0,469839.0,100.0,150.0
IRQ,Iraq,COM,MR|MCF,MCF/LWAL/CDL+ERL/H:1/COM,TOTAL,9671.0,628562440.0,110922789.0,0.0,1257125.0,739485218.0,713984.0,0.0,130.0,500.0
IRQ,Iraq,IND,MR|MCF,MCF/LWAL/CDL+ERL/H:1/IND,TOTAL,3194.0,460227429.0,153409142.0,0.0,1150569.0,613636570.0,643779.0,0.0,360.0,400.0
IRQ,Iraq,RES,MR|MCF,MCF/LWAL/CDL+ERL/H:1/RES,URBAN,179234.0,8961710289.0,1581478286.0,1057230.0,17923421.0,10543188576.0,6923758.0,179234.0,100.0,500.0
IRQ,Iraq,COM,MR|MCF,MCF/LWAL/CDL+ERL/H:2/COM,TOTAL,9671.0,1257125833.0,221845736.0,0.0,2514252.0,1478971564.0,1428941.0,0.0,260.0,500.0
IRQ,Iraq,IND,MR|MCF,MCF/LWAL/CDL+ERL/H:2/IND,TOTAL,1064.0,247072437.0,82357477.0,0.0,617681.0,329429918.0,345888.0,0.0,581.0,400.0
IRQ,Iraq,RES,MR|MCF,MCF/LWAL/CDL+ERL/H:2/RES,URBAN,179234.0,11650226213.0,2055922272.0,1057230.0,23300452.0,13706148484.0,9006602.0,179234.0,130.0,500.0
IRQ,Iraq,COM,MR|MCF,MCF/LWAL/CDL+ERL/H:3-6/COM,TOTAL,3867.0,1740004838.0,307059671.0,0.0,3480010.0,2047064511.0,1980507.0,0.0,900.0,500.0
IRQ,Iraq,RES,MR|MCF,MCF/LWAL/CDL+ERL/H:3-6/RES,URBAN,12801.0,5761100450.0,1016664788.0,906191.0,11522201.0,6777765232.0,4459466.0,153628.0,900.0,500.0
IRQ,Iraq,COM,MR|MCF,MCF/LWAL/CDM+ERM/H:1/COM,TOTAL,11354.0,737914663.0,130220236.0,0.0,1475829.0,868134915.0,838198.0,0.0,130.0,500.0
IRQ,Iraq,IND,MR|MCF,MCF/LWAL/CDM+ERM/H:1/IND,TOTAL,3754.0,540265084.0,180088365.0,0.0,1350663.0,720353446.0,755738.0,0.0,360.0,400.0
IRQ,Iraq,RES,MR|MCF,MCF/LWAL/CDM+ERM/H:1/RES,URBAN,210406.0,10520270673.0,1856518356.0,1241109.0,21040541.0,12376789027.0,8127891.0,210406.0,100.0,500.0
IRQ,Iraq,COM,MR|MCF,MCF/LWAL/CDM+ERM/H:2/COM,TOTAL,11354.0,1475838201.0,260442037.0,0.0,2951676.0,1736280226.0,1677546.0,0.0,260.0,500.0
IRQ,Iraq,IND,MR|MCF,MCF/LWAL/CDM+ERM/H:2/IND,TOTAL,1250.0,290042117.0,96680705.0,0.0,725105.0,386722825.0,406043.0,0.0,580.0,400.0
IRQ,Iraq,RES,MR|MCF,MCF/LWAL/CDM+ERM/H:2/RES,URBAN,210406.0,13676351552.0,2413473805.0,1241109.0,27352703.0,16089825354.0,10572967.0,210406.0,130.0,500.0
IRQ,Iraq,COM,MR|MCF,MCF/LWAL/CDM+ERM/H:3-6/COM,TOTAL,4542.0,2042869460.0,360506375.0,0.0,4085739.0,2403375839.0,2325234.0,0.0,900.0,500.0
IRQ,Iraq,RES,MR|MCF,MCF/LWAL/CDM+ERM/H:3-6/RES,URBAN,15030.0,6763031032.0,1193476065.0,1063798.0,13526062.0,7956507100.0,5235026.0,180347.0,900.0,500.0
IRQ,Iraq,IND,MR|MCF,MR+CB/LWAL/CDL+ERL/H:1/IND,TOTAL,1064.0,153356222.0,51118742.0,0.0,383391.0,204474957.0,263806.0,0.0,360.0,400.0
IRQ,Iraq,IND,MR|MCF,MR+CB/LWAL/CDL+ERL/H:2/IND,TOTAL,352.0,82244872.0,27414960.0,0.0,205612.0,109659827.0,141566.0,0.0,584.0,400.0
IRQ,Iraq,IND,MR|MCF,MR+CB/LWAL/CDM+ERM/H:1/IND,TOTAL,1250.0,180025749.0,60008581.0,0.0,450064.0,240034330.0,309684.0,0.0,360.0,400.0
IRQ,Iraq,IND,MR|MCF,MR+CB/LWAL/CDM+ERM/H:2/IND,TOTAL,415.0,96681432.0,32227145.0,0.0,241704.0,128908577.0,166415.0,0.0,582.0,400.0
IRQ,Iraq,COM,ADO|ST|E,MUR+ADO/LWAL/CDN+ERN/H:1/COM,TOTAL,43659.0,1362401704.0,340600418.0,0.0,5676674.0,1703002126.0,3682741.0,0.0,130.0,240.0
IRQ,Iraq,RES,ADO|ST|E,MUR+ADO/LWAL/CDN+ERN/H:1/RES,RURAL,92172.0,921718749.0,162656250.0,543691.0,9217187.0,1084374998.0,4443810.0,92172.0,100.0,100.0
IRQ,Iraq,RES,ADO|ST|E,MUR+ADO/LWAL/CDN+ERN/H:1/RES,URBAN,41385.0,496590188.0,87633562.0,244113.0,4138252.0,584223749.0,1995143.0,41385.0,100.0,120.0
IRQ,Iraq,COM,ADO|ST|E,MUR+ADO/LWAL/CDN+ERN/H:2/COM,TOTAL,14557.0,908206608.0,227051651.0,0.0,3784194.0,1135258267.0,2456393.0,0.0,260.0,240.0
IRQ,Iraq,RES,ADO|ST|E,MUR+ADO/LWAL/CDN+ERN/H:2/RES,URBAN,41385.0,645566832.0,113923557.0,244113.0,5379724.0,759490389.0,2595088.0,41385.0,130.0,120.0
IRQ,Iraq,RES,ADO|ST|E,MUR+ADO/LWAL/CDN+ERN/H:2/RES,RURAL,92172.0,1198234540.0,211453153.0,543691.0,11982345.0,1409687690.0,5780080.0,92172.0,130.0,100.0
IRQ,Iraq,COM,MUR,MUR+CB/LWAL/CDN+ERN/H:1/COM,TOTAL,72777.0,3784445362.0,946111338.0,0.0,9461113.0,4730556691.0,7037797.0,0.0,130.0,400.0
IRQ,Iraq,IND,MUR,MUR+CB/LWAL/CDN+ERN/H:1/IND,TOTAL,2318.0,283472145.0,94490714.0,0.0,833742.0,377962859.0,573687.0,0.0,360.0,340.0
IRQ,Iraq,RES,MUR,MUR+CB/LWAL/CDN+ERN/H:1/RES,RURAL,96117.0,2018435433.0,504608858.0,566958.0,9611597.0,2523044290.0,5379351.0,96117.0,100.0,210.0
IRQ,Iraq,RES,MUR,MUR+CB/LWAL/CDN+ERN/H:1/RES,URBAN,322734.0,10972969209.0,2743242302.0,1903684.0,32273439.0,13716211510.0,18062569.0,322734.0,100.0,340.0
IRQ,Iraq,COM,MUR,MUR+CB/LWAL/CDN+ERN/H:2/COM,TOTAL,48520.0,5045929254.0,1261482310.0,0.0,12614823.0,6307411564.0,9389039.0,0.0,260.0,400.0
IRQ,Iraq,IND,MUR,MUR+CB/LWAL/CDN+ERN/H:2/IND,TOTAL,772.0,152182205.0,50727402.0,0.0,447595.0,202909602.0,308173.0,0.0,580.0,340.0
IRQ,Iraq,RES,MUR,MUR+CB/LWAL/CDN+ERN/H:2/RES,RURAL,112134.0,3061293711.0,765323429.0,661436.0,14577589.0,3826617136.0,8162971.0,112134.0,130.0,210.0
IRQ,Iraq,RES,MUR,MUR+CB/LWAL/CDN+ERN/H:2/RES,URBAN,376523.0,16642337692.0,4160584426.0,2220970.0,48948052.0,20802922121.0,27409300.0,376523.0,130.0,340.0
IRQ,Iraq,COM,MUR,MUR+CB/LWAL/CDN+ERN/H:3/COM,TOTAL,14557.0,5239647719.0,1309911935.0,0.0,13099119.0,6549559656.0,9755003.0,0.0,900.0,400.0
IRQ,Iraq,RES,MUR,MUR+CB/LWAL/CDN+ERN/H:3/RES,RURAL,74756.0,2825809670.0,706452419.0,661459.0,13456237.0,3532262092.0,7539009.0,112138.0,180.0,210.0
IRQ,Iraq,RES,MUR,MUR+CB/LWAL/CDN+ERN/H:3/RES,URBAN,251014.0,15362157058.0,3840539264.0,2220968.0,45182815.0,19202696321.0,25314185.0,376523.0,180.0,340.0
IRQ,Iraq,COM,MUR,MUR+CL/LWAL/CDN+ERN/H:1/COM,TOTAL,48520.0,2522965017.0,630741257.0,0.0,6307413.0,3153706274.0,4091933.0,0.0,130.0,400.0
IRQ,Iraq,RES,MUR,MUR+CL/LWAL/CDN+ERN/H:1/RES,RURAL,87301.0,1833342845.0,458335712.0,514957.0,8730204.0,2291678555.0,4209025.0,87301.0,100.0,210.0
IRQ,Iraq,RES,MUR,MUR+CL/LWAL/CDN+ERN/H:1/RES,URBAN,250484.0,8516409815.0,2129102450.0,1477511.0,25048264.0,10645512269.0,12076322.0,250484.0,100.0,340.0
IRQ,Iraq,COM,MUR,MUR+CL/LWAL/CDN+ERN/H:2/COM,TOTAL,32343.0,3363952710.0,840988170.0,0.0,8409882.0,4204940885.0,5459016.0,0.0,260.0,400.0
IRQ,Iraq,RES,MUR,MUR+CL/LWAL/CDN+ERN/H:2/RES,RURAL,101853.0,2780570996.0,695142747.0,600796.0,13240814.0,3475713746.0,6387144.0,101853.0,130.0,210.0
IRQ,Iraq,RES,MUR,MUR+CL/LWAL/CDN+ERN/H:2/RES,URBAN,292231.0,12916554172.0,3229138544.0,1723758.0,37989865.0,16145692716.0,18325667.0,292231.0,130.0,340.0
IRQ,Iraq,COM,MUR,MUR+CL/LWAL/CDN+ERN/H:3/COM,TOTAL,9705.0,3492912601.0,873228148.0,0.0,8732282.0,4366140750.0,5671517.0,0.0,900.0,400.0
IRQ,Iraq,RES,MUR,MUR+CL/LWAL/CDN+ERN/H:3/RES,RURAL,67900.0,2566681706.0,641670422.0,600775.0,12222294.0,3208352132.0,5899017.0,101850.0,180.0,210.0
IRQ,Iraq,RES,MUR,MUR+CL/LWAL/CDN+ERN/H:3/RES,URBAN,194820.0,11922973988.0,2980743495.0,1723775.0,35067571.0,14903717480.0,16925152.0,292232.0,180.0,340.0
IRQ,Iraq,COM,ADO|ST|E,MUR+ST/LWAL/CDN+ERN/H:1/COM,TOTAL,9705.0,945998216.0,236499555.0,0.0,1261331.0,1182497762.0,818289.0,0.0,130.0,750.0
IRQ,Iraq,COM,ADO|ST|E,MUR+ST/LWAL/CDN+ERN/H:2/COM,TOTAL,3238.0,630244772.0,157561192.0,0.0,840326.0,787805965.0,545472.0,0.0,260.0,750.0
IRQ,Iraq,RES,ADO|ST|E,MUR+STDRE/LWAL/CDN+ERN/H:1/RES,RURAL,36656.0,1026410667.0,181131294.0,216220.0,3665752.0,1207541959.0,1767340.0,36656.0,100.0,280.0
IRQ,Iraq,RES,ADO|ST|E,MUR+STDRE/LWAL/CDN+ERN/H:1/RES,URBAN,144772.0,8685987517.0,1532821327.0,853955.0,14476646.0,10218808841.0,6979511.0,144772.0,100.0,600.0
IRQ,Iraq,RES,ADO|ST|E,MUR+STDRE/LWAL/CDN+ERN/H:2/RES,RURAL,36656.0,1334332546.0,235470448.0,216220.0,4765473.0,1569802996.0,2298784.0,36656.0,130.0,280.0
IRQ,Iraq,RES,ADO|ST|E,MUR+STDRE/LWAL/CDN+ERN/H:2/RES,URBAN,144772.0,11291786088.0,1992668132.0,853955.0,18819643.0,13284454221.0,9078277.0,144772.0,130.0,600.0
IRQ,Iraq,RES,ADO|ST|E,MUR+STDRE/LWAL/CDN+ERN/H:3/RES,RURAL,12221.0,615843915.0,108678335.0,108109.0,2199443.0,724522251.0,1061548.0,18328.0,180.0,280.0
IRQ,Iraq,RES,ADO|ST|E,MUR+STDRE/LWAL/CDN+ERN/H:3/RES,URBAN,48256.0,5211593182.0,919692915.0,426960.0,8685989.0,6131286095.0,4192240.0,72383.0,180.0,600.0
IRQ,Iraq,RES,ADO|ST|E,MUR+STRUB/LWAL/CDN+ERN/H:1/RES,URBAN,11827.0,709497523.0,125205446.0,69762.0,1182496.0,834702968.0,570107.0,11827.0,100.0,600.0
IRQ,Iraq,RES,ADO|ST|E,MUR+STRUB/LWAL/CDN+ERN/H:1/RES,RURAL,104892.0,2936927897.0,518281394.0,618720.0,10489028.0,3455209290.0,5056993.0,104892.0,100.0,280.0
IRQ,Iraq,RES,ADO|ST|E,MUR+STRUB/LWAL/CDN+ERN/H:2/RES,RURAL,104892.0,3818006909.0,673765925.0,618720.0,13635739.0,4491772833.0,6577649.0,104892.0,130.0,280.0
IRQ,Iraq,RES,ADO|ST|E,MUR+STRUB/LWAL/CDN+ERN/H:2/RES,URBAN,11827.0,922348570.0,162767392.0,69762.0,1537248.0,1085115962.0,741542.0,11827.0,130.0,600.0
IRQ,Iraq,RES,S,S+SO/LWAL/CDL+ERL/H:1/RES,URBAN,76965.0,3848253198.0,962063299.0,453990.0,7696506.0,4810316496.0,3065910.0,76965.0,100.0,500.0
IRQ,Iraq,RES,S,S+SO/LWAL/CDL+ERL/H:1/RES,RURAL,95840.0,3258596915.0,814649229.0,565330.0,9584109.0,4073246146.0,3817839.0,95840.0,100.0,340.0
IRQ,Iraq,RES,S,S+SO/LWAL/CDM+ERM/H:1/RES,URBAN,90349.0,4517513275.0,1129378319.0,532937.0,9035027.0,5646891597.0,3599111.0,90349.0,100.0,500.0
IRQ,Iraq,RES,S,S+SO/LWAL/CDM+ERM/H:1/RES,RURAL,112508.0,3825309670.0,956327419.0,663645.0,11250911.0,4781637088.0,4481811.0,112508.0,100.0,340.0
IRQ,Iraq,IND,S,S/LFM/CDL+ERL/H:1/IND,TOTAL,6391.0,920451902.0,394479388.0,0.0,2301130.0,1314931287.0,840489.0,0.0,360.0,400.0
IRQ,Iraq,IND,S,S/LFM/CDL+ERL/H:2/IND,TOTAL,2128.0,494316965.0,211850129.0,0.0,1235792.0,706167096.0,451653.0,0.0,581.0,400.0
IRQ,Iraq,IND,S,S/LFM/CDM+ERM/H:1/IND,TOTAL,7503.0,1080531520.0,463084938.0,0.0,2701329.0,1543616454.0,986662.0,0.0,360.0,400.0
IRQ,Iraq,IND,S,S/LFM/CDM+ERM/H:2/IND,TOTAL,2503.0,580283535.0,248692941.0,0.0,1450709.0,828976477.0,530199.0,0.0,580.0,400.0
IRQ,Iraq,COM,W,W/LWAL/CDL+ERM/H:1/COM,TOTAL,3350.0,260921938.0,86973979.0,0.0,434870.0,347895911.0,95506.0,0.0,130.0,600.0
IRQ,Iraq,RES,W,W/LWAL/CDL+ERM/H:1/RES,RURAL,8.0,205219.0,51304.0,46.0,586.0,256522.0,74.0,8.0,73.0,350.0
IRQ,Iraq,RES,W,W/LWAL/CDL+ERM/H:1/RES,URBAN,24.0,1142271.0,285568.0,144.0,2285.0,1427838.0,288.0,24.0,95.0,500.0
IRQ,Iraq,COM,W,W/LWAL/CDL+ERM/H:2/COM,TOTAL,1673.0,259504815.0,86501605.0,0.0,432508.0,346006413.0,95026.0,0.0,259.0,600.0
IRQ,Iraq,RES,W,W/LWAL/CDL+ERM/H:2/RES,RURAL,8.0,265719.0,66430.0,46.0,759.0,332149.0,96.0,8.0,95.0,350.0
IRQ,Iraq,RES,W,W/LWAL/CDL+ERM/H:2/RES,URBAN,24.0,1484481.0,371119.0,144.0,2969.0,1855602.0,374.0,24.0,124.0,500.0
IRQ,Iraq,COM,W,W/LWAL/CDL+ERM/H:3/COM,TOTAL,235.0,62208256.0,20736083.0,0.0,103680.0,82944341.0,22789.0,0.0,441.0,600.0
IRQ,Iraq,COM,W,W/LWAL/CDM+ERM/H:1/COM,TOTAL,3927.0,306393377.0,102131131.0,0.0,510656.0,408524504.0,112150.0,0.0,130.0,600.0
IRQ,Iraq,RES,W,W/LWAL/CDM+ERM/H:1/RES,RURAL,9.0,262369.0,65591.0,53.0,750.0,327961.0,94.0,9.0,83.0,350.0
IRQ,Iraq,RES,W,W/LWAL/CDM+ERM/H:1/RES,URBAN,27.0,1342014.0,335504.0,164.0,2684.0,1677521.0,338.0,27.0,99.0,500.0
IRQ,Iraq,COM,W,W/LWAL/CDM+ERM/H:2/COM,TOTAL,1960.0,305076697.0,101692238.0,0.0,508461.0,406768929.0,111714.0,0.0,259.0,600.0
IRQ,Iraq,RES,W,W/LWAL/CDM+ERM/H:2/RES,RURAL,9.0,341549.0,85388.0,53.0,976.0,426939.0,123.0,9.0,108.0,350.0
IRQ,Iraq,RES,W,W/LWAL/CDM+ERM/H:2/RES,URBAN,27.0,1743766.0,435940.0,164.0,3488.0,2179705.0,440.0,27.0,129.0,500.0
IRQ,Iraq,COM,W,W/LWAL/CDM+ERM/H:3/COM,TOTAL,276.0,73331046.0,24443680.0,0.0,122218.0,97774724.0,26864.0,0.0,443.0,600.0
ISR,Israel,RES,CR-,CR+PC/LWAL/CDL+ERL/H:1-2/RES,TOTAL,2428.0,990721902.0,174833277.0,21769.0,582778.0,1165555178.0,268598.0,7284.0,240.0,1700.0
ISR,Israel,IND,CR-,CR+PC/LWAL/CDL+ERL/H:1/IND,TOTAL,5438.0,2564048608.0,854682869.0,0.0,1957289.0,3418731477.0,1162213.0,0.0,360.0,1310.0
ISR,Israel,IND,CR-,CR+PC/LWAL/CDL+ERL/H:2/IND,TOTAL,1813.0,1376988755.0,458996250.0,0.0,1051136.0,1835985006.0,624650.0,0.0,580.0,1310.0
ISR,Israel,RES,CR-,CR+PC/LWAL/CDL+ERL/H:3-4/RES,TOTAL,4371.0,2972158237.0,524498512.0,65315.0,1748328.0,3496656749.0,806839.0,21854.0,400.0,1700.0
ISR,Israel,RES,CR-,CR+PC/LWAL/CDL+ERL/H:5-7/RES,TOTAL,2428.0,3343680728.0,590061305.0,65315.0,1966871.0,3933742032.0,908875.0,21854.0,810.0,1700.0
ISR,Israel,RES,CR-,CR+PC/LWAL/CDL+ERL/H:>7/RES,TOTAL,1822.0,3715199594.0,655623457.0,65315.0,2185412.0,4370823053.0,1011171.0,21854.0,1199.0,1700.0
ISR,Israel,IND,CR-,CR+PC/LWAL/CDL+ERM/H:1/IND,TOTAL,4448.0,2097858794.0,699286265.0,0.0,1601419.0,2797145059.0,950902.0,0.0,360.0,1310.0
ISR,Israel,IND,CR-,CR+PC/LWAL/CDL+ERM/H:2/IND,TOTAL,1482.0,1126629476.0,375543158.0,0.0,860022.0,1502172633.0,511078.0,0.0,580.0,1310.0
ISR,Israel,RES,CR-,CR/LDUAL/CDL+ERL/H:1-2/RES,TOTAL,6902.0,1821010626.0,321354815.0,28078.0,1071183.0,2142365440.0,453878.0,8518.0,155.0,1700.0
ISR,Israel,COM,CR-,CR/LDUAL/CDL+ERL/H:1/COM,TOTAL,3292.0,709702927.0,125241690.0,0.0,427532.0,834944619.0,254642.0,0.0,130.0,1660.0
ISR,Israel,COM,CR-,CR/LDUAL/CDL+ERL/H:2/COM,TOTAL,2496.0,1076048898.0,189890985.0,0.0,648222.0,1265939880.0,386354.0,0.0,260.0,1660.0
ISR,Israel,RES,CR-,CR/LDUAL/CDL+ERL/H:3-4/RES,TOTAL,1456.0,1113251133.0,196456081.0,22429.0,654854.0,1309707216.0,277830.0,7277.0,450.0,1700.0
ISR,Israel,COM,CR-,CR/LDUAL/CDL+ERL/H:3/COM,TOTAL,2800.0,2091378224.0,369066744.0,0.0,1259866.0,2460444968.0,751424.0,0.0,450.0,1660.0
ISR,Israel,COM,CR-,CR/LDUAL/CDL+ERL/H:4-7/COM,TOTAL,2743.0,4555780178.0,803961204.0,0.0,2744446.0,5359741387.0,1640261.0,0.0,1001.0,1660.0
ISR,Israel,RES,CR-,CR/LDUAL/CDL+ERL/H:5-7/RES,TOTAL,809.0,1236949068.0,218285130.0,22429.0,727617.0,1455234198.0,309097.0,7277.0,899.0,1700.0
ISR,Israel,COM,CR-,CR/LDUAL/CDL+ERL/H:>7/COM,TOTAL,426.0,2035894907.0,359275571.0,0.0,1226443.0,2395170481.0,734012.0,0.0,2879.0,1660.0
ISR,Israel,RES,CR-,CR/LDUAL/CDL+ERL/H:>7/RES,TOTAL,607.0,1360645039.0,240113830.0,22429.0,800379.0,1600758869.0,340444.0,7277.0,1319.0,1700.0
ISR,Israel,RES,CR+,CR/LDUAL/CDM+ERM/H:1-2/RES,TOTAL,15029.0,4644853352.0,819680006.0,71463.0,2732267.0,5464533356.0,1157708.0,22230.0,182.0,1700.0
ISR,Israel,COM,CR+,CR/LDUAL/CDM+ERM/H:1/COM,TOTAL,2692.0,580671750.0,102471484.0,0.0,349802.0,683143236.0,208346.0,0.0,130.0,1660.0
ISR,Israel,COM,CR+,CR/LDUAL/CDM+ERM/H:2/COM,TOTAL,2038.0,880392033.0,155363302.0,0.0,530357.0,1035755337.0,316104.0,0.0,260.0,1660.0
ISR,Israel,RES,CR+,CR/LDUAL/CDM+ERM/H:3-4/RES,TOTAL,6482.0,5774661201.0,1019057859.0,99150.0,3396860.0,6793719061.0,1441159.0,32410.0,524.0,1700.0
ISR,Israel,COM,CR+,CR/LDUAL/CDM+ERM/H:3/COM,TOTAL,2292.0,1711137868.0,301965505.0,0.0,1030806.0,2013103370.0,614805.0,0.0,450.0,1660.0
ISR,Israel,COM,CR+,CR/LDUAL/CDM+ERM/H:4-7/COM,TOTAL,2250.0,3727450860.0,657785442.0,0.0,2245452.0,4385236309.0,1342030.0,0.0,998.0,1660.0
ISR,Israel,RES,CR+,CR/LDUAL/CDM+ERM/H:5-7/RES,TOTAL,3603.0,6325638425.0,1116289135.0,99150.0,3720964.0,7441927557.0,1580693.0,32410.0,1033.0,1700.0
ISR,Israel,COM,CR+,CR/LDUAL/CDM+ERM/H:>7/COM,TOTAL,350.0,1665727022.0,293951825.0,0.0,1003450.0,1959678848.0,600553.0,0.0,2867.0,1660.0
ISR,Israel,RES,CR+,CR/LDUAL/CDM+ERM/H:>7/RES,TOTAL,2701.0,6876615384.0,1213520360.0,99150.0,4045068.0,8090135745.0,1720580.0,32410.0,1498.0,1700.0
ISR,Israel,RES,CR-,CR/LFINF/CDL+ERL/H:1-2/RES,TOTAL,440955.0,110091580950.0,19427926051.0,1590480.0,64759754.0,129519507002.0,25032361.0,497599.0,147.0,1700.0
ISR,Israel,COM,CR-,CR/LFINF/CDL+ERL/H:1/COM,TOTAL,10959.0,2365696809.0,417475911.0,0.0,1425119.0,2783172721.0,809396.0,0.0,130.0,1660.0
ISR,Israel,IND,CR-,CR/LFINF/CDL+ERL/H:1/IND,TOTAL,8154.0,3846075581.0,1282025194.0,0.0,2935936.0,5128100776.0,1642748.0,0.0,360.0,1310.0
ISR,Israel,COM,CR-,CR/LFINF/CDL+ERL/H:2/COM,TOTAL,8314.0,3586798681.0,632964474.0,0.0,2160722.0,4219763158.0,1228017.0,0.0,260.0,1660.0
ISR,Israel,IND,CR-,CR/LFINF/CDL+ERL/H:2/IND,TOTAL,2717.0,2065483119.0,688494373.0,0.0,1576705.0,2753977491.0,882920.0,0.0,580.0,1310.0
ISR,Israel,RES,CR-,CR/LFINF/CDL+ERL/H:3-4/RES,TOTAL,50980.0,35655458962.0,6292139818.0,767258.0,20973799.0,41947598778.0,8117542.0,254897.0,411.0,1700.0
ISR,Israel,COM,CR-,CR/LFINF/CDL+ERL/H:3/COM,TOTAL,9334.0,6971257613.0,1230221928.0,0.0,4199553.0,8201479537.0,2388382.0,0.0,450.0,1660.0
ISR,Israel,COM,CR-,CR/LFINF/CDL+ERL/H:4-7/COM,TOTAL,9151.0,15185923787.0,2679868904.0,0.0,9148147.0,17865792696.0,5213371.0,0.0,1000.0,1660.0
ISR,Israel,RES,CR-,CR/LFINF/CDL+ERL/H:5-7/RES,TOTAL,28322.0,39988694852.0,7056828503.0,767258.0,23522762.0,47045523356.0,9115613.0,254897.0,831.0,1700.0
ISR,Israel,COM,CR-,CR/LFINF/CDL+ERL/H:>7/COM,TOTAL,1419.0,6786322563.0,1197586337.0,0.0,4088146.0,7983908896.0,2332924.0,0.0,2881.0,1660.0
ISR,Israel,RES,CR-,CR/LFINF/CDL+ERL/H:>7/RES,TOTAL,21242.0,44321932706.0,7821517536.0,767258.0,26071725.0,52143450242.0,10116185.0,254897.0,1227.0,1700.0
ISR,Israel,RES,CR+,CR/LFINF/CDM+ERM/H:1-2/RES,TOTAL,76627.0,21974729942.0,3877893519.0,330877.0,12926312.0,25852623461.0,4996562.0,101835.0,169.0,1700.0
ISR,Israel,COM,CR+,CR/LFINF/CDM+ERM/H:1/COM,TOTAL,8967.0,1935562179.0,341569796.0,0.0,1166001.0,2277131977.0,662230.0,0.0,130.0,1660.0
ISR,Israel,IND,CR+,CR/LFINF/CDM+ERM/H:1/IND,TOTAL,6675.0,3146787539.0,1048929180.0,0.0,2402128.0,4195716719.0,1344066.0,0.0,360.0,1310.0
ISR,Israel,COM,CR+,CR/LFINF/CDM+ERM/H:2/COM,TOTAL,6797.0,2934663335.0,517881767.0,0.0,1767869.0,3452545094.0,1004745.0,0.0,260.0,1660.0
ISR,Israel,IND,CR+,CR/LFINF/CDM+ERM/H:2/IND,TOTAL,2225.0,1689940878.0,563313625.0,0.0,1290031.0,2253254506.0,722389.0,0.0,580.0,1310.0
ISR,Israel,RES,CR+,CR/LFINF/CDM+ERM/H:3-4/RES,TOTAL,22688.0,20211317732.0,3566703129.0,347025.0,11889010.0,23778020866.0,4601434.0,113436.0,524.0,1700.0
ISR,Israel,COM,CR+,CR/LFINF/CDM+ERM/H:3/COM,TOTAL,7637.0,5703749378.0,1006544011.0,0.0,3435994.0,6710293391.0,1954129.0,0.0,450.0,1660.0
ISR,Israel,COM,CR+,CR/LFINF/CDM+ERM/H:4-7/COM,TOTAL,7484.0,12424845065.0,2192619717.0,0.0,7484846.0,14617464785.0,4265484.0,0.0,1000.0,1660.0
ISR,Israel,RES,CR+,CR/LFINF/CDM+ERM/H:5-7/RES,TOTAL,12603.0,22139737234.0,3907012453.0,347025.0,13023375.0,26046749686.0,5046858.0,113436.0,1033.0,1700.0
ISR,Israel,COM,CR+,CR/LFINF/CDM+ERM/H:>7/COM,TOTAL,1158.0,5552440706.0,979842478.0,0.0,3344844.0,6532283190.0,1908755.0,0.0,2888.0,1660.0
ISR,Israel,RES,CR+,CR/LFINF/CDM+ERM/H:>7/RES,TOTAL,9451.0,24068160322.0,4247322410.0,347025.0,14157741.0,28315482732.0,5493397.0,113436.0,1498.0,1700.0
ISR,Israel,RES,CR-,CR/LWAL/CDL+ERL/H:1-2/RES,TOTAL,45445.0,12781516772.0,2255561783.0,205840.0,7518539.0,15037078555.0,3465235.0,63232.0,165.0,1700.0
ISR,Israel,COM,CR-,CR/LWAL/CDL+ERL/H:1/COM,TOTAL,6576.0,1419423377.0,250486479.0,0.0,855074.0,1669909855.0,532941.0,0.0,130.0,1660.0
ISR,Israel,IND,CR-,CR/LWAL/CDL+ERL/H:1/IND,TOTAL,4078.0,1923039182.0,641013061.0,0.0,1467969.0,2564052244.0,871661.0,0.0,360.0,1310.0
ISR,Israel,COM,CR-,CR/LWAL/CDL+ERL/H:2/COM,TOTAL,4988.0,2152080479.0,379778906.0,0.0,1296434.0,2531859387.0,808591.0,0.0,260.0,1660.0
ISR,Israel,IND,CR-,CR/LWAL/CDL+ERL/H:2/IND,TOTAL,1360.0,1032742915.0,344247638.0,0.0,788353.0,1376990554.0,468488.0,0.0,580.0,1310.0
ISR,Israel,RES,CR-,CR/LWAL/CDL+ERL/H:3-4/RES,TOTAL,16008.0,12245784945.0,2161020872.0,246714.0,7203403.0,14406805817.0,3324312.0,80039.0,450.0,1700.0
ISR,Israel,COM,CR-,CR/LWAL/CDL+ERL/H:3/COM,TOTAL,5602.0,4182760171.0,738134147.0,0.0,2519735.0,4920894322.0,1572668.0,0.0,450.0,1660.0
ISR,Israel,COM,CR-,CR/LWAL/CDL+ERL/H:4-7/COM,TOTAL,5491.0,9111550248.0,1607920631.0,0.0,5488886.0,10719470882.0,3433015.0,0.0,1000.0,1660.0
ISR,Israel,RES,CR-,CR/LWAL/CDL+ERL/H:5-7/RES,TOTAL,8893.0,13606426358.0,2401134063.0,246714.0,8003780.0,16007560420.0,3698480.0,80039.0,900.0,1700.0
ISR,Israel,COM,CR-,CR/LWAL/CDL+ERL/H:>7/COM,TOTAL,851.0,4071787928.0,718550808.0,0.0,2452884.0,4790338735.0,1536292.0,0.0,2882.0,1660.0
ISR,Israel,RES,CR-,CR/LWAL/CDL+ERL/H:>7/RES,TOTAL,6670.0,14967069441.0,2641247548.0,246714.0,8804158.0,17608316990.0,4073609.0,80039.0,1320.0,1700.0
ISR,Israel,RES,CR+,CR/LWAL/CDM+ERM/H:1-2/RES,TOTAL,161494.0,44308685366.0,7819179769.0,658105.0,26063933.0,52127865139.0,12012660.0,201107.0,161.0,1700.0
ISR,Israel,COM,CR+,CR/LWAL/CDM+ERM/H:1/COM,TOTAL,5379.0,1161341690.0,204942649.0,0.0,699603.0,1366284341.0,436041.0,0.0,130.0,1660.0
ISR,Israel,IND,CR+,CR/LWAL/CDM+ERM/H:1/IND,TOTAL,3335.0,1573394449.0,524464817.0,0.0,1201064.0,2097859265.0,713177.0,0.0,360.0,1310.0
ISR,Israel,COM,CR+,CR/LWAL/CDM+ERM/H:2/COM,TOTAL,4082.0,1760794506.0,310728440.0,0.0,1060720.0,2071522950.0,661575.0,0.0,260.0,1660.0
ISR,Israel,IND,CR+,CR/LWAL/CDM+ERM/H:2/IND,TOTAL,1111.0,844971116.0,281657039.0,0.0,645016.0,1126628155.0,383308.0,0.0,581.0,1310.0
ISR,Israel,RES,CR+,CR/LWAL/CDM+ERM/H:3-4/RES,TOTAL,35652.0,31760643830.0,5604819499.0,545329.0,18682732.0,37365463328.0,8621928.0,178258.0,524.0,1700.0
ISR,Israel,COM,CR+,CR/LWAL/CDM+ERM/H:3/COM,TOTAL,4584.0,3422255166.0,603927385.0,0.0,2061599.0,4026182544.0,1286727.0,0.0,450.0,1660.0
ISR,Israel,COM,CR+,CR/LWAL/CDM+ERM/H:4-7/COM,TOTAL,4489.0,7454910495.0,1315572443.0,0.0,4490910.0,8770482933.0,2808833.0,0.0,1000.0,1660.0
ISR,Israel,RES,CR+,CR/LWAL/CDM+ERM/H:5-7/RES,TOTAL,19806.0,34791019626.0,6139591699.0,545329.0,20465306.0,40930611325.0,9456847.0,178258.0,1033.0,1700.0
ISR,Israel,COM,CR+,CR/LWAL/CDM+ERM/H:>7/COM,TOTAL,697.0,3331464466.0,587905492.0,0.0,2006906.0,3919369961.0,1256967.0,0.0,2879.0,1660.0
ISR,Israel,RES,CR+,CR/LWAL/CDM+ERM/H:>7/RES,TOTAL,14855.0,37821397129.0,6674364200.0,545329.0,22247881.0,44495761330.0,10293904.0,178258.0,1498.0,1700.0
ISR,Israel,COM,MR|MCF,MR+CB/LWAL/CDL+ERL/H:1/COM,TOTAL,3292.0,709702927.0,125241690.0,0.0,427532.0,834944619.0,318026.0,0.0,130.0,1660.0
ISR,Israel,COM,MR|MCF,MR+CB/LWAL/CDL+ERL/H:2/COM,TOTAL,2216.0,956483914.0,168791282.0,0.0,576195.0,1125275193.0,428854.0,0.0,260.0,1660.0
ISR,Israel,COM,MR|MCF,MR+CB/LWAL/CDL+ERL/H:3-6/COM,TOTAL,816.0,1083966824.0,191288265.0,0.0,652992.0,1275255088.0,486562.0,0.0,800.0,1660.0
ISR,Israel,COM,MR|MCF,MR+CB/LWAL/CDM+ERM/H:1/COM,TOTAL,2692.0,580671750.0,102471484.0,0.0,349802.0,683143236.0,260206.0,0.0,130.0,1660.0
ISR,Israel,COM,MR|MCF,MR+CB/LWAL/CDM+ERM/H:2/COM,TOTAL,1815.0,782572273.0,138100987.0,0.0,471429.0,920673264.0,350878.0,0.0,260.0,1660.0
ISR,Israel,COM,MR|MCF,MR+CB/LWAL/CDM+ERM/H:3-6/COM,TOTAL,669.0,886890648.0,156510115.0,0.0,534271.0,1043400764.0,398100.0,0.0,799.0,1660.0
ISR,Israel,IND,MR|MCF,MR/LWAL/CDL+ERL/H:1/IND,TOTAL,1360.0,641012114.0,213670706.0,0.0,489322.0,854682819.0,292419.0,0.0,360.0,1310.0
ISR,Israel,RES,MR|MCF,MR/LWAL/CDL+ERL/H:1/RES,TOTAL,1827.0,403910126.0,71278258.0,6178.0,237594.0,475188383.0,114549.0,1827.0,130.0,1700.0
ISR,Israel,IND,MR|MCF,MR/LWAL/CDL+ERL/H:2/IND,TOTAL,452.0,344247178.0,114749059.0,0.0,262784.0,458996240.0,157138.0,0.0,581.0,1310.0
ISR,Israel,RES,MR|MCF,MR/LWAL/CDL+ERL/H:2/RES,TOTAL,1827.0,466048942.0,82243931.0,6178.0,274146.0,548292871.0,132244.0,1827.0,150.0,1700.0
ISR,Israel,RES,MR|MCF,MR/LWAL/CDL+ERL/H:3/RES,TOTAL,1827.0,528189673.0,93209943.0,6178.0,310700.0,621399616.0,149957.0,1827.0,170.0,1700.0
ISR,Israel,RES,MR|MCF,MR/LWAL/CDL+ERL/H:4-6/RES,TOTAL,611.0,186420326.0,32897705.0,2064.0,109659.0,219318031.0,52984.0,611.0,179.0,1700.0
ISR,Israel,IND,MR|MCF,MR/LWAL/CDM+ERM/H:1/IND,TOTAL,1111.0,524464367.0,174821457.0,0.0,400354.0,699285824.0,239252.0,0.0,360.0,1310.0
ISR,Israel,RES,MR|MCF,MR/LWAL/CDM+ERM/H:1/RES,TOTAL,3429.0,757706037.0,133712831.0,11527.0,445709.0,891418867.0,214886.0,3429.0,130.0,1700.0
ISR,Israel,IND,MR|MCF,MR/LWAL/CDM+ERM/H:2/IND,TOTAL,373.0,281655651.0,93885217.0,0.0,215004.0,375540867.0,128567.0,0.0,576.0,1310.0
ISR,Israel,RES,MR|MCF,MR/LWAL/CDM+ERM/H:2/RES,TOTAL,3429.0,874274709.0,154283773.0,11527.0,514279.0,1028558482.0,248080.0,3429.0,150.0,1700.0
ISR,Israel,RES,MR|MCF,MR/LWAL/CDM+ERM/H:3/RES,TOTAL,3429.0,990843399.0,174854718.0,11527.0,582849.0,1165698114.0,281309.0,3429.0,170.0,1700.0
ISR,Israel,RES,MR|MCF,MR/LWAL/CDM+ERM/H:4-6/RES,TOTAL,1144.0,349712122.0,61713903.0,3844.0,205713.0,411426023.0,99394.0,1144.0,180.0,1700.0
ISR,Israel,RES,MUR,MUR/LWAL/CDN+ERN/H:1/RES,TOTAL,25465.0,4634534687.0,1158633672.0,81564.0,3310382.0,5793168359.0,1596008.0,25465.0,130.0,1400.0
ISR,Israel,RES,MUR,MUR/LWAL/CDN+ERN/H:2/RES,TOTAL,25465.0,5347538779.0,1336884695.0,81564.0,3819671.0,6684423476.0,1842544.0,25465.0,150.0,1400.0
ISR,Israel,RES,MUR,MUR/LWAL/CDN+ERN/H:3/RES,TOTAL,25465.0,6060543053.0,1515135763.0,81564.0,4328959.0,7575678816.0,2089346.0,25465.0,170.0,1400.0
ISR,Israel,RES,MUR,MUR/LWAL/CDN+ERN/H:4-6/RES,TOTAL,8489.0,2257849585.0,564462396.0,27190.0,1612750.0,2822311982.0,779226.0,8489.0,190.0,1400.0
ISR,Israel,IND,S,S/LFM/CDL+ERL/H:1/IND,TOTAL,8154.0,3846075581.0,1648318105.0,0.0,2935936.0,5494393690.0,1072352.0,0.0,360.0,1310.0
ISR,Israel,IND,S,S/LFM/CDL+ERL/H:2/IND,TOTAL,2717.0,2065483119.0,885207051.0,0.0,1576705.0,2950690171.0,576248.0,0.0,580.0,1310.0
ISR,Israel,IND,S,S/LFM/CDM+ERM/H:1/IND,TOTAL,6675.0,3146787539.0,1348623230.0,0.0,2402128.0,4495410770.0,877379.0,0.0,360.0,1310.0
ISR,Israel,IND,S,S/LFM/CDM+ERM/H:2/IND,TOTAL,2225.0,1689940878.0,724260375.0,0.0,1290031.0,2414201255.0,471476.0,0.0,580.0,1310.0
JOR,Jordan,IND,CR-,CR+PC/LWAL/CDL+ERL/H:1/IND,TOTAL,1537.0,387109244.0,129036416.0,0.0,553013.0,516145657.0,328372.0,0.0,360.0,700.0
JOR,Jordan,IND,CR-,CR+PC/LWAL/CDL+ERL/H:2/IND,TOTAL,512.0,207052440.0,69017478.0,0.0,295789.0,276069919.0,175776.0,0.0,578.0,700.0
JOR,Jordan,IND,CR-,CR+PC/LWAL/CDL+ERM/H:1/IND,TOTAL,1362.0,343138136.0,114379377.0,0.0,490197.0,457517515.0,291073.0,0.0,360.0,700.0
JOR,Jordan,IND,CR-,CR+PC/LWAL/CDL+ERM/H:2/IND,TOTAL,454.0,183613219.0,61204408.0,0.0,262305.0,244817628.0,155878.0,0.0,578.0,700.0
JOR,Jordan,COM,CR-,CR/LDUAL/CDL+ERL/H:1/COM,TOTAL,629.0,61362671.0,10828706.0,0.0,81817.0,72191381.0,48731.0,0.0,130.0,750.0
JOR,Jordan,RES,CR-,CR/LDUAL/CDL+ERL/H:1/RES,URBAN,3163.0,367158132.0,64792609.0,14331.0,458948.0,431950743.0,194339.0,3163.0,145.0,800.0
JOR,Jordan,COM,CR-,CR/LDUAL/CDL+ERL/H:2/COM,TOTAL,473.0,91566598.0,16158812.0,0.0,122089.0,107725407.0,72768.0,0.0,258.0,750.0
JOR,Jordan,RES,CR-,CR/LDUAL/CDL+ERL/H:2/RES,URBAN,3163.0,367158132.0,64792609.0,14331.0,458948.0,431950743.0,194464.0,3163.0,145.0,800.0
JOR,Jordan,COM,CR-,CR/LDUAL/CDL+ERL/H:3/COM,TOTAL,529.0,176852669.0,31209292.0,0.0,235804.0,208061961.0,140641.0,0.0,446.0,750.0
JOR,Jordan,RES,CR-,CR/LDUAL/CDL+ERL/H:3/RES,URBAN,1582.0,711526265.0,125563456.0,28676.0,889408.0,837089723.0,377100.0,6329.0,562.0,800.0
JOR,Jordan,COM,CR-,CR/LDUAL/CDL+ERL/H:4-7/COM,TOTAL,567.0,509330081.0,89881778.0,0.0,679107.0,599211859.0,405879.0,0.0,1198.0,750.0
JOR,Jordan,RES,CR-,CR/LDUAL/CDL+ERL/H:4-7/RES,URBAN,1053.0,1417991990.0,250233879.0,57371.0,1772490.0,1668225869.0,752967.0,12662.0,1683.0,800.0
JOR,Jordan,COM,CR-,CR/LDUAL/CDL+ERL/H:>7/COM,TOTAL,27.0,60384996.0,10656176.0,0.0,80513.0,71041171.0,48186.0,0.0,2982.0,750.0
JOR,Jordan,RES,CR-,CR/LDUAL/CDL+ERL/H:>7/RES,URBAN,263.0,708995083.0,125116778.0,28685.0,886244.0,834111862.0,376966.0,6331.0,3370.0,800.0
JOR,Jordan,COM,CR+,CR/LDUAL/CDM+ERM/H:1/COM,TOTAL,559.0,54366788.0,9594143.0,0.0,72489.0,63960931.0,43175.0,0.0,130.0,750.0
JOR,Jordan,RES,CR+,CR/LDUAL/CDM+ERM/H:1/RES,URBAN,2752.0,319195518.0,56328621.0,12468.0,398994.0,375524138.0,168952.0,2752.0,145.0,800.0
JOR,Jordan,COM,CR+,CR/LDUAL/CDM+ERM/H:2/COM,TOTAL,416.0,81005967.0,14295170.0,0.0,108008.0,95301138.0,64375.0,0.0,260.0,750.0
JOR,Jordan,RES,CR+,CR/LDUAL/CDM+ERM/H:2/RES,URBAN,2752.0,319195518.0,56328621.0,12468.0,398994.0,375524138.0,169061.0,2752.0,145.0,800.0
JOR,Jordan,COM,CR+,CR/LDUAL/CDM+ERM/H:3/COM,TOTAL,469.0,156156005.0,27556941.0,0.0,208208.0,183712945.0,124182.0,0.0,444.0,750.0
JOR,Jordan,RES,CR+,CR/LDUAL/CDM+ERM/H:3/RES,URBAN,1376.0,618583013.0,109161707.0,24946.0,773229.0,727744723.0,327841.0,5506.0,562.0,800.0
JOR,Jordan,COM,CR+,CR/LDUAL/CDM+ERM/H:4-7/COM,TOTAL,502.0,449724545.0,79363154.0,0.0,599633.0,529087696.0,358380.0,0.0,1194.0,750.0
JOR,Jordan,RES,CR+,CR/LDUAL/CDM+ERM/H:4-7/RES,URBAN,917.0,1232759604.0,217545813.0,49873.0,1540950.0,1450305414.0,654607.0,11007.0,1680.0,800.0
JOR,Jordan,COM,CR+,CR/LDUAL/CDM+ERM/H:>7/COM,TOTAL,21.0,49951250.0,8814925.0,0.0,66602.0,58766177.0,39860.0,0.0,3172.0,750.0
JOR,Jordan,RES,CR+,CR/LDUAL/CDM+ERM/H:>7/RES,URBAN,230.0,616378132.0,108772611.0,24935.0,770473.0,725150745.0,327723.0,5504.0,3350.0,800.0
JOR,Jordan,COM,CR-,CR/LFINF/CDL+ERL/H:1/COM,TOTAL,2552.0,248647554.0,43878982.0,0.0,331530.0,292526538.0,188293.0,0.0,130.0,750.0
JOR,Jordan,IND,CR-,CR/LFINF/CDL+ERL/H:1/IND,TOTAL,1537.0,387109244.0,129036416.0,0.0,553013.0,516145657.0,309428.0,0.0,360.0,700.0
JOR,Jordan,RES,CR-,CR/LFINF/CDL+ERL/H:1/RES,URBAN,62303.0,7226986828.0,1275350615.0,280433.0,9033734.0,8502337443.0,3489701.0,62303.0,145.0,800.0
JOR,Jordan,RES,CR-,CR/LFINF/CDL+ERL/H:1/RES,RURAL,4100.0,356718277.0,62950284.0,18569.0,594530.0,419668560.0,229665.0,4100.0,145.0,600.0
JOR,Jordan,COM,CR-,CR/LFINF/CDL+ERL/H:2/COM,TOTAL,1914.0,372541831.0,65742672.0,0.0,496722.0,438284507.0,282306.0,0.0,260.0,750.0
JOR,Jordan,IND,CR-,CR/LFINF/CDL+ERL/H:2/IND,TOTAL,512.0,207052440.0,69017478.0,0.0,295789.0,276069919.0,165635.0,0.0,578.0,700.0
JOR,Jordan,RES,CR-,CR/LFINF/CDL+ERL/H:2/RES,URBAN,62303.0,7226986828.0,1275350615.0,280433.0,9033734.0,8502337443.0,3491917.0,62303.0,145.0,800.0
JOR,Jordan,RES,CR-,CR/LFINF/CDL+ERL/H:2/RES,RURAL,4100.0,356718277.0,62950284.0,18569.0,594530.0,419668560.0,229811.0,4100.0,145.0,600.0
JOR,Jordan,COM,CR-,CR/LFINF/CDL+ERL/H:3/COM,TOTAL,2129.0,716629867.0,126464099.0,0.0,955506.0,843093961.0,543419.0,0.0,449.0,750.0
JOR,Jordan,RES,CR-,CR/LFINF/CDL+ERL/H:3/RES,RURAL,2052.0,691295312.0,121993292.0,37148.0,1152159.0,813288602.0,445640.0,8202.0,561.0,600.0
JOR,Jordan,RES,CR-,CR/LFINF/CDL+ERL/H:3/RES,URBAN,31149.0,14005403383.0,2471541772.0,560846.0,17506754.0,16476945153.0,6771389.0,124601.0,562.0,800.0
JOR,Jordan,COM,CR-,CR/LFINF/CDL+ERL/H:4-7/COM,TOTAL,2293.0,2064394189.0,364304855.0,0.0,2752526.0,2428699044.0,1568617.0,0.0,1200.0,750.0
JOR,Jordan,RES,CR-,CR/LFINF/CDL+ERL/H:4-7/RES,URBAN,20768.0,27911126703.0,4925492947.0,1121711.0,34888908.0,32836619650.0,13520257.0,249207.0,1680.0,800.0
JOR,Jordan,RES,CR-,CR/LFINF/CDL+ERL/H:4-7/RES,RURAL,1367.0,1377671503.0,243118500.0,74284.0,2296119.0,1620790006.0,889799.0,16401.0,1680.0,600.0
JOR,Jordan,COM,CR-,CR/LFINF/CDL+ERL/H:>7/COM,TOTAL,121.0,283890983.0,50098409.0,0.0,378521.0,333989390.0,216005.0,0.0,3128.0,750.0
JOR,Jordan,RES,CR-,CR/LFINF/CDL+ERL/H:>7/RES,URBAN,5193.0,13955564620.0,2462746697.0,560851.0,17444456.0,16418311319.0,6768687.0,124602.0,3359.0,800.0
JOR,Jordan,RES,CR-,CR/LFINF/CDL+ERL/H:>7/RES,RURAL,342.0,688834824.0,121559086.0,37143.0,1148058.0,810393912.0,445462.0,8201.0,3357.0,600.0
JOR,Jordan,COM,CR+,CR/LFINF/CDM+ERM/H:1/COM,TOTAL,2265.0,220366382.0,38888183.0,0.0,293822.0,259254565.0,166876.0,0.0,130.0,750.0
JOR,Jordan,IND,CR+,CR/LFINF/CDM+ERM/H:1/IND,TOTAL,1362.0,343138136.0,114379377.0,0.0,490197.0,457517515.0,274281.0,0.0,360.0,700.0
JOR,Jordan,RES,CR+,CR/LFINF/CDM+ERM/H:1/RES,RURAL,3461.0,301096758.0,53134723.0,15684.0,501828.0,354231480.0,193854.0,3461.0,145.0,600.0
JOR,Jordan,RES,CR+,CR/LFINF/CDM+ERM/H:1/RES,URBAN,53625.0,6220599607.0,1097752873.0,241732.0,7775750.0,7318352479.0,3003746.0,53625.0,145.0,800.0
JOR,Jordan,COM,CR+,CR/LFINF/CDM+ERM/H:2/COM,TOTAL,1692.0,329991424.0,58233780.0,0.0,439989.0,388225205.0,250062.0,0.0,260.0,750.0
JOR,Jordan,IND,CR+,CR/LFINF/CDM+ERM/H:2/IND,TOTAL,454.0,183613219.0,61204408.0,0.0,262305.0,244817628.0,146885.0,0.0,578.0,700.0
JOR,Jordan,RES,CR+,CR/LFINF/CDM+ERM/H:2/RES,RURAL,3461.0,301096758.0,53134723.0,15684.0,501828.0,354231480.0,193978.0,3461.0,145.0,600.0
JOR,Jordan,RES,CR+,CR/LFINF/CDM+ERM/H:2/RES,URBAN,53625.0,6220599607.0,1097752873.0,241732.0,7775750.0,7318352479.0,3005653.0,53625.0,145.0,800.0
JOR,Jordan,COM,CR+,CR/LFINF/CDM+ERM/H:3/COM,TOTAL,1888.0,635321276.0,112115520.0,0.0,847095.0,747436799.0,481763.0,0.0,449.0,750.0
JOR,Jordan,RES,CR+,CR/LFINF/CDM+ERM/H:3/RES,RURAL,1730.0,583503857.0,102971267.0,31365.0,972506.0,686475128.0,376153.0,6922.0,562.0,600.0
JOR,Jordan,RES,CR+,CR/LFINF/CDM+ERM/H:3/RES,URBAN,26811.0,12055095301.0,2127369756.0,483475.0,15068869.0,14182465059.0,5828446.0,107252.0,562.0,800.0
JOR,Jordan,COM,CR+,CR/LFINF/CDM+ERM/H:4-7/COM,TOTAL,2039.0,1830242000.0,322983883.0,0.0,2440323.0,2153225882.0,1390698.0,0.0,1197.0,750.0
JOR,Jordan,RES,CR+,CR/LFINF/CDM+ERM/H:4-7/RES,RURAL,1152.0,1162851761.0,205209134.0,62726.0,1938086.0,1368060898.0,751053.0,13843.0,1682.0,600.0
JOR,Jordan,RES,CR+,CR/LFINF/CDM+ERM/H:4-7/RES,URBAN,17875.0,24024387588.0,4239597809.0,966955.0,30030484.0,28263985400.0,11637505.0,214504.0,1680.0,800.0
JOR,Jordan,COM,CR+,CR/LFINF/CDM+ERM/H:>7/COM,TOTAL,107.0,251751772.0,44426783.0,0.0,335669.0,296178551.0,191552.0,0.0,3137.0,750.0
JOR,Jordan,RES,CR+,CR/LFINF/CDM+ERM/H:>7/RES,RURAL,289.0,581425877.0,102604567.0,31365.0,969043.0,684030443.0,376002.0,6922.0,3353.0,600.0
JOR,Jordan,RES,CR+,CR/LFINF/CDM+ERM/H:>7/RES,URBAN,4467.0,12012192954.0,2119798757.0,483475.0,15015241.0,14131991707.0,5826118.0,107252.0,3361.0,800.0
JOR,Jordan,COM,CR-,CR/LWAL/CDL+ERL/H:1/COM,TOTAL,629.0,61362671.0,10828706.0,0.0,81817.0,72191381.0,50994.0,0.0,130.0,750.0
JOR,Jordan,IND,CR-,CR/LWAL/CDL+ERL/H:1/IND,TOTAL,769.0,193363623.0,64454540.0,0.0,276234.0,257818164.0,164024.0,0.0,359.0,700.0
JOR,Jordan,COM,CR-,CR/LWAL/CDL+ERL/H:2/COM,TOTAL,473.0,91566598.0,16158812.0,0.0,122089.0,107725407.0,76147.0,0.0,258.0,750.0
JOR,Jordan,IND,CR-,CR/LWAL/CDL+ERL/H:2/IND,TOTAL,256.0,103198710.0,34399572.0,0.0,147427.0,137598278.0,87610.0,0.0,576.0,700.0
JOR,Jordan,COM,CR-,CR/LWAL/CDL+ERL/H:3/COM,TOTAL,529.0,176852669.0,31209292.0,0.0,235804.0,208061961.0,147175.0,0.0,446.0,750.0
JOR,Jordan,COM,CR-,CR/LWAL/CDL+ERL/H:4-7/COM,TOTAL,567.0,509330081.0,89881778.0,0.0,679107.0,599211859.0,424746.0,0.0,1198.0,750.0
JOR,Jordan,COM,CR-,CR/LWAL/CDL+ERL/H:>7/COM,TOTAL,27.0,60384996.0,10656176.0,0.0,80513.0,71041171.0,50427.0,0.0,2982.0,750.0
JOR,Jordan,COM,CR+,CR/LWAL/CDM+ERM/H:1/COM,TOTAL,559.0,54366788.0,9594143.0,0.0,72489.0,63960931.0,45180.0,0.0,130.0,750.0
JOR,Jordan,IND,CR+,CR/LWAL/CDM+ERM/H:1/IND,TOTAL,677.0,171104657.0,57034887.0,0.0,244435.0,228139542.0,145143.0,0.0,361.0,700.0
JOR,Jordan,COM,CR+,CR/LWAL/CDM+ERM/H:2/COM,TOTAL,416.0,81005967.0,14295170.0,0.0,108008.0,95301138.0,67365.0,0.0,260.0,750.0
JOR,Jordan,IND,CR+,CR/LWAL/CDM+ERM/H:2/IND,TOTAL,226.0,91307050.0,30435684.0,0.0,130439.0,121742730.0,77515.0,0.0,577.0,700.0
JOR,Jordan,COM,CR+,CR/LWAL/CDM+ERM/H:3/COM,TOTAL,469.0,156156005.0,27556941.0,0.0,208208.0,183712945.0,129951.0,0.0,444.0,750.0
JOR,Jordan,COM,CR+,CR/LWAL/CDM+ERM/H:4-7/COM,TOTAL,502.0,449724545.0,79363154.0,0.0,599633.0,529087696.0,375040.0,0.0,1194.0,750.0
JOR,Jordan,COM,CR+,CR/LWAL/CDM+ERM/H:>7/COM,TOTAL,21.0,49951250.0,8814925.0,0.0,66602.0,58766177.0,41714.0,0.0,3172.0,750.0
JOR,Jordan,RES,ADO|ST|E,EU/LWAL/CDN+ERN/H:1/RES,RURAL,421.0,21325545.0,5331388.0,1902.0,60930.0,26656934.0,5407.0,421.0,145.0,350.0
JOR,Jordan,RES,OT,MATO/LN/CDN+ERN/H:1/RES,URBAN,20324.0,1340906623.0,335226654.0,95181.0,2947048.0,1676133279.0,1344928.0,20324.0,145.0,455.0
JOR,Jordan,RES,OT,MATO/LN/CDN+ERN/H:1/RES,RURAL,3107.0,205086740.0,51271683.0,14556.0,450740.0,256358424.0,205702.0,3107.0,145.0,455.0
JOR,Jordan,COM,MR|MCF,MCF/LWAL/CDL+ERL/H:1/COM,TOTAL,3836.0,373420932.0,93355232.0,0.0,497895.0,466776159.0,282779.0,0.0,130.0,750.0
JOR,Jordan,IND,MR|MCF,MCF/LWAL/CDL+ERL/H:1/IND,TOTAL,769.0,193363623.0,64454540.0,0.0,276234.0,257818164.0,154562.0,0.0,359.0,700.0
JOR,Jordan,RES,MR|MCF,MCF/LWAL/CDL+ERL/H:1/RES,RURAL,8201.0,713436542.0,125900567.0,37143.0,1189061.0,839337108.0,459330.0,8201.0,145.0,600.0
JOR,Jordan,RES,MR|MCF,MCF/LWAL/CDL+ERL/H:1/RES,URBAN,53728.0,6232809260.0,1099907518.0,242106.0,7791012.0,7332716777.0,3009642.0,53728.0,145.0,800.0
JOR,Jordan,COM,MR|MCF,MCF/LWAL/CDL+ERL/H:2/COM,TOTAL,3836.0,746845171.0,186711291.0,0.0,995794.0,933556461.0,565946.0,0.0,260.0,750.0
JOR,Jordan,IND,MR|MCF,MCF/LWAL/CDL+ERL/H:2/IND,TOTAL,256.0,103198710.0,34399572.0,0.0,147427.0,137598278.0,82556.0,0.0,576.0,700.0
JOR,Jordan,RES,MR|MCF,MCF/LWAL/CDL+ERL/H:2/RES,RURAL,16401.0,1426873694.0,251801239.0,74284.0,2378123.0,1678674935.0,919244.0,16401.0,145.0,600.0
JOR,Jordan,RES,MR|MCF,MCF/LWAL/CDL+ERL/H:2/RES,URBAN,107465.0,12465619457.0,2199815198.0,484250.0,15582024.0,14665434657.0,6023106.0,107465.0,145.0,800.0
JOR,Jordan,COM,MR|MCF,MCF/LWAL/CDL+ERL/H:3-6/COM,TOTAL,1530.0,1030475612.0,257618900.0,0.0,1373967.0,1288094518.0,781938.0,0.0,898.0,750.0
JOR,Jordan,RES,MR|MCF,MCF/LWAL/CDL+ERL/H:3-6/RES,URBAN,8955.0,12035769463.0,2123959316.0,484250.0,15044712.0,14159728779.0,5822793.0,107465.0,1680.0,800.0
JOR,Jordan,RES,MR|MCF,MCF/LWAL/CDL+ERL/H:3-6/RES,RURAL,1367.0,1377671503.0,243118500.0,74284.0,2296119.0,1620790006.0,888673.0,16401.0,1680.0,600.0
JOR,Jordan,COM,MR|MCF,MCF/LWAL/CDM+ERM/H:1/COM,TOTAL,3398.0,331049270.0,82762317.0,0.0,441399.0,413811592.0,250693.0,0.0,130.0,750.0
JOR,Jordan,IND,MR|MCF,MCF/LWAL/CDM+ERM/H:1/IND,TOTAL,677.0,171104657.0,57034887.0,0.0,244435.0,228139542.0,136769.0,0.0,361.0,700.0
JOR,Jordan,RES,MR|MCF,MCF/LWAL/CDM+ERM/H:1/RES,URBAN,47808.0,5545575947.0,978631051.0,216012.0,6931970.0,6524206999.0,2677797.0,47808.0,145.0,800.0
JOR,Jordan,RES,MR|MCF,MCF/LWAL/CDM+ERM/H:1/RES,RURAL,6922.0,602190879.0,106268979.0,31365.0,1003651.0,708459856.0,387707.0,6922.0,145.0,600.0
JOR,Jordan,COM,MR|MCF,MCF/LWAL/CDM+ERM/H:2/COM,TOTAL,3398.0,662092461.0,165523114.0,0.0,882790.0,827615578.0,501722.0,0.0,260.0,750.0
JOR,Jordan,IND,MR|MCF,MCF/LWAL/CDM+ERM/H:2/IND,TOTAL,226.0,91307050.0,30435684.0,0.0,130439.0,121742730.0,73043.0,0.0,577.0,700.0
JOR,Jordan,RES,MR|MCF,MCF/LWAL/CDM+ERM/H:2/RES,RURAL,13843.0,1204382512.0,212538090.0,62726.0,2007304.0,1416920602.0,775907.0,13843.0,145.0,600.0
JOR,Jordan,RES,MR|MCF,MCF/LWAL/CDM+ERM/H:2/RES,URBAN,95612.0,11091153629.0,1957262405.0,432010.0,13863942.0,13048416031.0,5358995.0,95612.0,145.0,800.0
JOR,Jordan,COM,MR|MCF,MCF/LWAL/CDM+ERM/H:3-6/COM,TOTAL,1361.0,912804616.0,228201155.0,0.0,1217073.0,1141005778.0,692648.0,0.0,894.0,750.0
JOR,Jordan,RES,MR|MCF,MCF/LWAL/CDM+ERM/H:3-6/RES,RURAL,1152.0,1162851761.0,205209134.0,62726.0,1938086.0,1368060898.0,750102.0,13843.0,1682.0,600.0
JOR,Jordan,RES,MR|MCF,MCF/LWAL/CDM+ERM/H:3-6/RES,URBAN,7967.0,10708700349.0,1889770649.0,432010.0,13385875.0,12598470997.0,5180769.0,95612.0,1680.0,800.0
JOR,Jordan,IND,MR|MCF,MR+CB/LWAL/CDL+ERL/H:1/IND,TOTAL,382.0,96265744.0,32088580.0,0.0,137522.0,128354326.0,94628.0,0.0,360.0,700.0
JOR,Jordan,IND,MR|MCF,MR+CB/LWAL/CDL+ERL/H:2/IND,TOTAL,126.0,51480797.0,17160264.0,0.0,73544.0,68641064.0,50636.0,0.0,584.0,700.0
JOR,Jordan,IND,MR|MCF,MR+CB/LWAL/CDM+ERM/H:1/IND,TOTAL,341.0,85366881.0,28455627.0,0.0,121953.0,113822507.0,83914.0,0.0,358.0,700.0
JOR,Jordan,IND,MR|MCF,MR+CB/LWAL/CDM+ERM/H:2/IND,TOTAL,114.0,45654625.0,15218210.0,0.0,65221.0,60872834.0,44905.0,0.0,572.0,700.0
JOR,Jordan,COM,MR|MCF,MR/LWAL/CDL+ERL/H:1/COM,TOTAL,5746.0,560388858.0,140097220.0,0.0,747185.0,700486085.0,484736.0,0.0,130.0,750.0
JOR,Jordan,COM,MR|MCF,MR/LWAL/CDL+ERL/H:2/COM,TOTAL,3836.0,746845171.0,186711291.0,0.0,995794.0,933556461.0,646389.0,0.0,260.0,750.0
JOR,Jordan,COM,MR|MCF,MR/LWAL/CDL+ERL/H:3-6/COM,TOTAL,1146.0,770688344.0,192672087.0,0.0,1027584.0,963360423.0,667784.0,0.0,897.0,750.0
JOR,Jordan,COM,MR|MCF,MR/LWAL/CDM+ERM/H:1/COM,TOTAL,5100.0,496851033.0,124212759.0,0.0,662468.0,621063793.0,429776.0,0.0,130.0,750.0
JOR,Jordan,COM,MR|MCF,MR/LWAL/CDM+ERM/H:2/COM,TOTAL,3398.0,662092461.0,165523114.0,0.0,882790.0,827615578.0,573036.0,0.0,260.0,750.0
JOR,Jordan,COM,MR|MCF,MR/LWAL/CDM+ERM/H:3-6/COM,TOTAL,1015.0,682417044.0,170604262.0,0.0,909889.0,853021309.0,591299.0,0.0,896.0,750.0
JOR,Jordan,RES,ADO|ST|E,MUR+ADO/LWAL/CDN+ERN/H:1/RES,RURAL,146.0,7464093.0,1866026.0,660.0,21326.0,9330119.0,1233.0,146.0,146.0,350.0
JOR,Jordan,RES,ADO|ST|E,MUR+ADO/LWAL/CDN+ERN/H:1/RES,URBAN,794.0,46027355.0,11506837.0,3580.0,115068.0,57534191.0,6653.0,794.0,145.0,400.0
JOR,Jordan,RES,ADO|ST|E,MUR+ADO/LWAL/CDN+ERN/H:2/RES,RURAL,63.0,3176751.0,794189.0,286.0,9076.0,3970942.0,526.0,63.0,144.0,350.0
JOR,Jordan,RES,ADO|ST|E,MUR+ADO/LWAL/CDN+ERN/H:2/RES,URBAN,340.0,19725878.0,4931470.0,1532.0,49315.0,24657350.0,2859.0,340.0,145.0,400.0
JOR,Jordan,IND,MUR,MUR+CB/LWAL/CDN+ERN/H:1/IND,TOTAL,726.0,208334385.0,69444795.0,0.0,260418.0,277779181.0,199214.0,0.0,359.0,800.0
JOR,Jordan,RES,MUR,MUR+CB/LWAL/CDN+ERN/H:1/RES,URBAN,23740.0,2409674540.0,602418635.0,105439.0,3442392.0,3012093175.0,2137660.0,23740.0,145.0,700.0
JOR,Jordan,RES,MUR,MUR+CB/LWAL/CDN+ERN/H:1/RES,RURAL,12347.0,1206618199.0,301654550.0,55434.0,1790235.0,1508272747.0,1111702.0,12347.0,145.0,674.0
JOR,Jordan,IND,MUR,MUR+CB/LWAL/CDN+ERN/H:2/IND,TOTAL,238.0,111011116.0,37003706.0,0.0,138764.0,148014821.0,106216.0,0.0,583.0,800.0
JOR,Jordan,RES,MUR,MUR+CB/LWAL/CDN+ERN/H:2/RES,URBAN,23740.0,2409674540.0,602418635.0,105439.0,3442392.0,3012093175.0,2138765.0,23740.0,145.0,700.0
JOR,Jordan,RES,MUR,MUR+CB/LWAL/CDN+ERN/H:2/RES,RURAL,12347.0,1206618199.0,301654550.0,55434.0,1790235.0,1508272747.0,1112276.0,12347.0,145.0,674.0
JOR,Jordan,RES,MUR,MUR+CB/LWAL/CDN+ERN/H:3/RES,URBAN,2638.0,3102111167.0,775527790.0,140591.0,4431587.0,3877638958.0,2754776.0,31654.0,1680.0,700.0
JOR,Jordan,RES,MUR,MUR+CB/LWAL/CDN+ERN/H:3/RES,RURAL,1374.0,1553348241.0,388337060.0,73914.0,2304671.0,1941685303.0,1432636.0,16463.0,1677.0,674.0
JOR,Jordan,RES,ADO|ST|E,MUR+STDRE/LWAL/CDN+ERN/H:1/RES,RURAL,12973.0,1504757992.0,376189498.0,59092.0,1880947.0,1880947491.0,452168.0,12973.0,145.0,800.0
JOR,Jordan,RES,ADO|ST|E,MUR+STDRE/LWAL/CDN+ERN/H:1/RES,URBAN,193535.0,13666475301.0,3416618825.0,892504.0,28062578.0,17083094128.0,6746065.0,193535.0,145.0,487.0
JOR,Jordan,RES,ADO|ST|E,MUR+STDRE/LWAL/CDN+ERN/H:2/RES,RURAL,12973.0,1504757992.0,376189498.0,59092.0,1880947.0,1880947491.0,452684.0,12973.0,145.0,800.0
JOR,Jordan,RES,ADO|ST|E,MUR+STDRE/LWAL/CDN+ERN/H:2/RES,URBAN,193535.0,13666475301.0,3416618825.0,892504.0,28062578.0,17083094128.0,6753771.0,193535.0,145.0,487.0
JOR,Jordan,RES,ADO|ST|E,MUR+STDRE/LWAL/CDN+ERN/H:3/RES,RURAL,1618.0,729026727.0,182256681.0,29522.0,911283.0,911283409.0,219567.0,6481.0,563.0,800.0
JOR,Jordan,RES,ADO|ST|E,MUR+STDRE/LWAL/CDN+ERN/H:3/RES,URBAN,24193.0,6621171989.0,1655292996.0,446257.0,13595836.0,8276464985.0,3275819.0,96769.0,562.0,487.0
JOR,Jordan,RES,ADO|ST|E,MUR+STRUB/LWAL/CDN+ERN/H:1/RES,RURAL,209.0,24374607.0,6093653.0,945.0,30468.0,30468259.0,7324.0,209.0,146.0,800.0
JOR,Jordan,RES,ADO|ST|E,MUR+STRUB/LWAL/CDN+ERN/H:1/RES,URBAN,2267.0,160109698.0,40027424.0,10222.0,328767.0,200137121.0,79034.0,2267.0,145.0,487.0
JOR,Jordan,RES,ADO|ST|E,MUR+STRUB/LWAL/CDN+ERN/H:2/RES,RURAL,209.0,24374607.0,6093653.0,945.0,30468.0,30468259.0,7333.0,209.0,146.0,800.0
JOR,Jordan,RES,ADO|ST|E,MUR+STRUB/LWAL/CDN+ERN/H:2/RES,URBAN,2267.0,160109698.0,40027424.0,10222.0,328767.0,200137121.0,79124.0,2267.0,145.0,487.0
JOR,Jordan,COM,MUR,MUR/LWAL/CDN+ERN/H:1/COM,TOTAL,28938.0,3009778341.0,752444585.0,0.0,3762223.0,3762222929.0,2341710.0,0.0,130.0,800.0
JOR,Jordan,COM,MUR,MUR/LWAL/CDN+ERN/H:2/COM,TOTAL,19293.0,4013037007.0,1003259248.0,0.0,5016296.0,5016296261.0,3124058.0,0.0,260.0,800.0
JOR,Jordan,COM,MUR,MUR/LWAL/CDN+ERN/H:3/COM,TOTAL,5786.0,4164292299.0,1041073073.0,0.0,5205365.0,5205365375.0,3243652.0,0.0,900.0,800.0
JOR,Jordan,IND,S,S/LFM/CDL+ERL/H:1/IND,TOTAL,2306.0,580661169.0,248854787.0,0.0,829516.0,829515956.0,302981.0,0.0,360.0,700.0
JOR,Jordan,IND,S,S/LFM/CDL+ERL/H:2/IND,TOTAL,769.0,311534642.0,133514846.0,0.0,445049.0,445049489.0,162655.0,0.0,579.0,700.0
JOR,Jordan,IND,S,S/LFM/CDM+ERM/H:1/IND,TOTAL,2043.0,514927299.0,220683129.0,0.0,735610.0,735610428.0,268682.0,0.0,360.0,700.0
JOR,Jordan,IND,S,S/LFM/CDM+ERM/H:2/IND,TOTAL,677.0,275666947.0,118142979.0,0.0,393810.0,393809925.0,143928.0,0.0,582.0,700.0
KWT,Kuwait,IND,CR-,CR+PC/LWAL/CDL+ERL/H:1/IND,TOTAL,1051.0,266180400.0,88726799.0,0.0,578653.0,354907201.0,343597.0,0.0,551.0,460.0
KWT,Kuwait,IND,CR-,CR+PC/LWAL/CDL+ERL/H:2/IND,TOTAL,350.0,177453106.0,59151036.0,0.0,385768.0,236604140.0,229247.0,0.0,1102.0,460.0
KWT,Kuwait,COM,CR-,CR/LDUAL/CDL+ERL/H:1/COM,TOTAL,1288.0,113743653.0,20072408.0,0.0,167270.0,133816062.0,99628.0,0.0,130.0,680.0
KWT,Kuwait,RES,CR-,CR/LDUAL/CDL+ERL/H:1/RES,TOTAL,2686.0,950895115.0,167805021.0,65435.0,1611687.0,1118700134.0,682460.0,10745.0,600.0,590.0
KWT,Kuwait,COM,CR-,CR/LDUAL/CDL+ERL/H:2/COM,TOTAL,641.0,113593077.0,20045836.0,0.0,167049.0,133638914.0,99564.0,0.0,261.0,680.0
KWT,Kuwait,RES,CR-,CR/LDUAL/CDL+ERL/H:2/RES,TOTAL,1343.0,950895115.0,167805021.0,65435.0,1611687.0,1118700134.0,682899.0,10745.0,1200.0,590.0
KWT,Kuwait,COM,CR-,CR/LDUAL/CDL+ERL/H:3/COM,TOTAL,859.0,262329723.0,46293482.0,0.0,385779.0,308623203.0,230091.0,0.0,449.0,680.0
KWT,Kuwait,RES,CR-,CR/LDUAL/CDL+ERL/H:3/RES,TOTAL,1791.0,1901790216.0,335610038.0,130852.0,3223373.0,2237400255.0,1366677.0,21487.0,1800.0,590.0
KWT,Kuwait,COM,CR-,CR/LDUAL/CDL+ERL/H:4-7/COM,TOTAL,1031.0,839944021.0,148225414.0,0.0,1235212.0,988169435.0,738244.0,0.0,1198.0,680.0
KWT,Kuwait,RES,CR-,CR/LDUAL/CDL+ERL/H:4-7/RES,TOTAL,1952.0,3803580364.0,671220065.0,261722.0,6446746.0,4474800429.0,2738626.0,42978.0,3303.0,590.0
KWT,Kuwait,COM,CR-,CR/LDUAL/CDL+ERL/H:>7/COM,TOTAL,255.0,556049502.0,98126384.0,0.0,817720.0,654175884.0,489396.0,0.0,3207.0,680.0
KWT,Kuwait,RES,CR-,CR/LDUAL/CDL+ERL/H:>7/RES,TOTAL,538.0,1901790216.0,335610038.0,130852.0,3223373.0,2237400255.0,1371070.0,21487.0,5991.0,590.0
KWT,Kuwait,COM,CR-,CR/LFINF/CDL+ERL/H:1/COM,TOTAL,1944.0,171807049.0,30318892.0,0.0,252657.0,202125941.0,143497.0,0.0,130.0,680.0
KWT,Kuwait,IND,CR-,CR/LFINF/CDL+ERL/H:1/IND,TOTAL,1051.0,266180400.0,88726799.0,0.0,578653.0,354907201.0,323775.0,0.0,551.0,460.0
KWT,Kuwait,RES,CR-,CR/LFINF/CDL+ERL/H:1/RES,TOTAL,46309.0,5534918250.0,976750279.0,294228.0,9381217.0,6511668530.0,3623933.0,48787.0,203.0,590.0
KWT,Kuwait,COM,CR-,CR/LFINF/CDL+ERL/H:2/COM,TOTAL,970.0,171807049.0,30318892.0,0.0,252657.0,202125941.0,143594.0,0.0,260.0,680.0
KWT,Kuwait,IND,CR-,CR/LFINF/CDL+ERL/H:2/IND,TOTAL,350.0,177453106.0,59151036.0,0.0,385768.0,236604140.0,216021.0,0.0,1102.0,460.0
KWT,Kuwait,RES,CR-,CR/LFINF/CDL+ERL/H:2/RES,TOTAL,45895.0,5534918250.0,976750279.0,294228.0,9381217.0,6511668530.0,3626234.0,48787.0,204.0,590.0
KWT,Kuwait,COM,CR-,CR/LFINF/CDL+ERL/H:3/COM,TOTAL,1296.0,396475719.0,69966303.0,0.0,583053.0,466442020.0,331595.0,0.0,450.0,680.0
KWT,Kuwait,RES,CR-,CR/LFINF/CDL+ERL/H:3/RES,TOTAL,91510.0,11069836551.0,1953500566.0,588436.0,18762435.0,13023337118.0,7257070.0,97571.0,205.0,590.0
KWT,Kuwait,COM,CR-,CR/LFINF/CDL+ERL/H:4-7/COM,TOTAL,1556.0,1268720252.0,223891809.0,0.0,1865765.0,1492612062.0,1063267.0,0.0,1199.0,680.0
KWT,Kuwait,RES,CR-,CR/LFINF/CDL+ERL/H:4-7/RES,TOTAL,182520.0,22139670164.0,3907000618.0,1176864.0,37524865.0,26046670781.0,14541751.0,195140.0,206.0,590.0
KWT,Kuwait,COM,CR-,CR/LFINF/CDL+ERL/H:>7/COM,TOTAL,388.0,844828583.0,149087397.0,0.0,1242395.0,993915979.0,708980.0,0.0,3202.0,680.0
KWT,Kuwait,RES,CR-,CR/LFINF/CDL+ERL/H:>7/RES,TOTAL,91123.0,11069836551.0,1953500566.0,588436.0,18762435.0,13023337118.0,7280080.0,97571.0,206.0,590.0
KWT,Kuwait,COM,CR-,CR/LWAL/CDL+ERL/H:1/COM,TOTAL,1288.0,113743653.0,20072408.0,0.0,167270.0,133816062.0,104254.0,0.0,130.0,680.0
KWT,Kuwait,IND,CR-,CR/LWAL/CDL+ERL/H:1/IND,TOTAL,525.0,133090214.0,44363405.0,0.0,289327.0,177453621.0,171798.0,0.0,551.0,460.0
KWT,Kuwait,COM,CR-,CR/LWAL/CDL+ERL/H:2/COM,TOTAL,641.0,113593077.0,20045836.0,0.0,167049.0,133638914.0,104189.0,0.0,261.0,680.0
KWT,Kuwait,IND,CR-,CR/LWAL/CDL+ERL/H:2/IND,TOTAL,175.0,88726810.0,29575604.0,0.0,192884.0,118302415.0,114624.0,0.0,1102.0,460.0
KWT,Kuwait,COM,CR-,CR/LWAL/CDL+ERL/H:3/COM,TOTAL,859.0,262329723.0,46293482.0,0.0,385779.0,308623203.0,240780.0,0.0,449.0,680.0
KWT,Kuwait,COM,CR-,CR/LWAL/CDL+ERL/H:4-7/COM,TOTAL,1031.0,839944021.0,148225414.0,0.0,1235212.0,988169435.0,772561.0,0.0,1198.0,680.0
KWT,Kuwait,COM,CR-,CR/LWAL/CDL+ERL/H:>7/COM,TOTAL,255.0,556049502.0,98126384.0,0.0,817720.0,654175884.0,512155.0,0.0,3207.0,680.0
KWT,Kuwait,RES,OT,MATO/LN/CDN+ERN/H:1/RES,TOTAL,11385.0,204963568.0,51240892.0,72772.0,569343.0,256204461.0,274493.0,11385.0,50.0,360.0
KWT,Kuwait,COM,MR|MCF,MCF/LWAL/CDL+ERL/H:1/COM,TOTAL,2576.0,227484534.0,40144332.0,0.0,334536.0,267628865.0,190000.0,0.0,130.0,680.0
KWT,Kuwait,IND,MR|MCF,MCF/LWAL/CDL+ERL/H:1/IND,TOTAL,525.0,133090214.0,44363405.0,0.0,289327.0,177453621.0,161887.0,0.0,551.0,460.0
KWT,Kuwait,RES,MR|MCF,MCF/LWAL/CDL+ERL/H:1/RES,TOTAL,19980.0,2401553385.0,423803539.0,147837.0,4070429.0,2825356923.0,1572393.0,23698.0,204.0,590.0
KWT,Kuwait,COM,MR|MCF,MCF/LWAL/CDL+ERL/H:2/COM,TOTAL,2576.0,454969076.0,80288660.0,0.0,669072.0,535257740.0,380258.0,0.0,260.0,680.0
KWT,Kuwait,IND,MR|MCF,MCF/LWAL/CDL+ERL/H:2/IND,TOTAL,175.0,88726810.0,29575604.0,0.0,192884.0,118302415.0,108011.0,0.0,1102.0,460.0
KWT,Kuwait,RES,MR|MCF,MCF/LWAL/CDL+ERL/H:2/RES,TOTAL,38718.0,4803108235.0,847607338.0,295659.0,8140861.0,5650715573.0,3146784.0,47394.0,210.0,590.0
KWT,Kuwait,COM,MR|MCF,MCF/LWAL/CDL+ERL/H:3-6/COM,TOTAL,1031.0,629958183.0,111169091.0,0.0,926409.0,741127272.0,527228.0,0.0,899.0,680.0
KWT,Kuwait,RES,MR|MCF,MCF/LWAL/CDL+ERL/H:3-6/RES,TOTAL,38096.0,4803108235.0,847607338.0,295659.0,8140861.0,5650715573.0,3150778.0,47394.0,214.0,590.0
KWT,Kuwait,RES,OT,ME+MEO/LWAL/CDN+ERM/H:1/RES,TOTAL,7591.0,136641944.0,34160485.0,48526.0,379561.0,170802429.0,151198.0,7591.0,50.0,360.0
KWT,Kuwait,COM,MR|MCF,MR+CB/LWAL/CDL+ERL/H:1/COM,TOTAL,9623.0,850683254.0,150120574.0,0.0,1251005.0,1000803829.0,930579.0,0.0,130.0,680.0
KWT,Kuwait,IND,MR|MCF,MR+CB/LWAL/CDL+ERL/H:1/IND,TOTAL,265.0,66544376.0,22181458.0,0.0,144662.0,88725832.0,99540.0,0.0,546.0,460.0
KWT,Kuwait,COM,MR|MCF,MR+CB/LWAL/CDL+ERL/H:2/COM,TOTAL,6417.0,1134246921.0,200161224.0,0.0,1668010.0,1334408142.0,1241477.0,0.0,260.0,680.0
KWT,Kuwait,IND,MR|MCF,MR+CB/LWAL/CDL+ERL/H:2/IND,TOTAL,90.0,44363868.0,14787956.0,0.0,96443.0,59151821.0,66402.0,0.0,1072.0,460.0
KWT,Kuwait,COM,MR|MCF,MR+CB/LWAL/CDL+ERL/H:3-6/COM,TOTAL,1925.0,1177871793.0,207859728.0,0.0,1732164.0,1385731518.0,1290683.0,0.0,900.0,680.0
KWT,Kuwait,COM,MUR,MUR+CB/LWAL/CDN+ERN/H:1/COM,TOTAL,9623.0,525422009.0,131355505.0,0.0,1251005.0,656777514.0,930579.0,0.0,130.0,420.0
KWT,Kuwait,IND,MUR,MUR+CB/LWAL/CDN+ERN/H:1/IND,TOTAL,265.0,49184972.0,16394991.0,0.0,144662.0,65579962.0,99540.0,0.0,546.0,340.0
KWT,Kuwait,COM,MUR,MUR+CB/LWAL/CDN+ERN/H:2/COM,TOTAL,6417.0,700564275.0,175141069.0,0.0,1668010.0,875705344.0,1241477.0,0.0,260.0,420.0
KWT,Kuwait,IND,MUR,MUR+CB/LWAL/CDN+ERN/H:2/IND,TOTAL,90.0,32790683.0,10930227.0,0.0,96443.0,43720914.0,66402.0,0.0,1072.0,340.0
KWT,Kuwait,COM,MUR,MUR+CB/LWAL/CDN+ERN/H:3/COM,TOTAL,1925.0,727509048.0,181877262.0,0.0,1732164.0,909386309.0,1289955.0,0.0,900.0,420.0
KWT,Kuwait,RES,ADO|ST|E,MUR+STDRE/LWAL/CDN+ERN/H:1/RES,TOTAL,36318.0,4581509311.0,808501643.0,223916.0,6737514.0,5390010954.0,3248304.0,36318.0,186.0,680.0
KWT,Kuwait,RES,ADO|ST|E,MUR+STDRE/LWAL/CDN+ERN/H:2/RES,TOTAL,36318.0,4581509311.0,808501643.0,223916.0,6737514.0,5390010954.0,3250062.0,36318.0,186.0,680.0
KWT,Kuwait,RES,MUR,MUR/LWAL/CDN+ERN/H:1/RES,TOTAL,13283.0,252408182.0,63102046.0,84908.0,664232.0,315510227.0,320241.0,13283.0,50.0,380.0
KWT,Kuwait,RES,MUR,MUR/LWAL/CDN+ERN/H:2/RES,TOTAL,5694.0,216350433.0,54087609.0,36397.0,569343.0,270438041.0,274642.0,5694.0,100.0,380.0
KWT,Kuwait,COM,S,S/LFM/CDL+ERL/H:1/COM,TOTAL,646.0,57267870.0,14316969.0,0.0,84217.0,71584839.0,33591.0,0.0,130.0,680.0
KWT,Kuwait,IND,S,S/LFM/CDL+ERL/H:1/IND,TOTAL,1577.0,399271075.0,171116175.0,0.0,867981.0,570387252.0,317030.0,0.0,550.0,460.0
KWT,Kuwait,COM,S,S/LFM/CDL+ERL/H:2/COM,TOTAL,324.0,57117294.0,14279324.0,0.0,83996.0,71396618.0,33518.0,0.0,259.0,680.0
KWT,Kuwait,IND,S,S/LFM/CDL+ERL/H:2/IND,TOTAL,525.0,266180400.0,114077316.0,0.0,578653.0,380257716.0,211484.0,0.0,1102.0,460.0
KWT,Kuwait,COM,S,S/LFM/CDL+ERL/H:3/COM,TOTAL,433.0,132004749.0,33001186.0,0.0,194125.0,165005938.0,77501.0,0.0,448.0,680.0
KWT,Kuwait,COM,S,S/LFM/CDL+ERL/H:4-7/COM,TOTAL,521.0,422905799.0,105726447.0,0.0,621920.0,528632248.0,248644.0,0.0,1194.0,680.0
KWT,Kuwait,COM,S,S/LFM/CDL+ERL/H:>7/COM,TOTAL,127.0,278024740.0,69506185.0,0.0,408860.0,347530923.0,163617.0,0.0,3219.0,680.0
LBN,Lebanon,IND,CR-,CR+PC/LWAL/CDL+ERL/H:1/IND,TOTAL,1825.0,591446880.0,197148960.0,0.0,657163.0,788595840.0,390215.0,0.0,360.0,900.0
LBN,Lebanon,IND,CR-,CR+PC/LWAL/CDL+ERL/H:2/IND,TOTAL,608.0,317629053.0,105876350.0,0.0,352921.0,423505406.0,209728.0,0.0,580.0,900.0
LBN,Lebanon,IND,CR-,CR+PC/LWAL/CDL+ERM/H:1/IND,TOTAL,164.0,52860704.0,17620236.0,0.0,58734.0,70480938.0,34876.0,0.0,358.0,900.0
LBN,Lebanon,IND,CR-,CR+PC/LWAL/CDL+ERM/H:2/IND,TOTAL,56.0,28228477.0,9409493.0,0.0,31365.0,37637969.0,18639.0,0.0,560.0,900.0
LBN,Lebanon,COM,CR-,CR/LDUAL/CDL+ERL/H:1/COM,TOTAL,1536.0,179081071.0,31602545.0,0.0,198979.0,210683612.0,118514.0,0.0,130.0,900.0
LBN,Lebanon,RES,CR-,CR/LDUAL/CDL+ERL/H:1/RES,TOTAL,4310.0,1163843571.0,205384159.0,45086.0,1293160.0,1369227726.0,547581.0,17242.0,300.0,900.0
LBN,Lebanon,COM,CR-,CR/LDUAL/CDL+ERL/H:2/COM,TOTAL,1148.0,267902202.0,47276861.0,0.0,297669.0,315179055.0,177417.0,0.0,259.0,900.0
LBN,Lebanon,RES,CR-,CR/LDUAL/CDL+ERL/H:2/RES,TOTAL,2156.0,1163837941.0,205383164.0,45086.0,1293153.0,1369221110.0,547931.0,17242.0,600.0,900.0
LBN,Lebanon,COM,CR-,CR/LDUAL/CDL+ERL/H:3/COM,TOTAL,1276.0,515638733.0,90995070.0,0.0,572932.0,606633807.0,341715.0,0.0,449.0,900.0
LBN,Lebanon,RES,CR-,CR/LDUAL/CDL+ERL/H:3/RES,TOTAL,2871.0,2327643538.0,410760623.0,90176.0,2586271.0,2738404161.0,1096552.0,34485.0,901.0,900.0
LBN,Lebanon,COM,CR-,CR/LDUAL/CDL+ERL/H:4-7/COM,TOTAL,1225.0,1319498735.0,232852717.0,0.0,1466110.0,1552351451.0,876244.0,0.0,1197.0,900.0
LBN,Lebanon,RES,CR-,CR/LDUAL/CDL+ERL/H:4-7/RES,TOTAL,3135.0,4655374570.0,821536687.0,180353.0,5172638.0,5476911260.0,2197375.0,68969.0,1650.0,900.0
LBN,Lebanon,COM,CR-,CR/LDUAL/CDL+ERL/H:>7/COM,TOTAL,148.0,420266659.0,74164705.0,0.0,466963.0,494431364.0,279472.0,0.0,3155.0,900.0
LBN,Lebanon,RES,CR-,CR/LDUAL/CDL+ERL/H:>7/RES,TOTAL,862.0,2325123846.0,410315973.0,90099.0,2583471.0,2735439817.0,1098886.0,34448.0,2997.0,900.0
LBN,Lebanon,COM,CR+,CR/LDUAL/CDM+ERM/H:1/COM,TOTAL,131.0,15017934.0,2650225.0,0.0,16687.0,17668158.0,9939.0,0.0,127.0,900.0
LBN,Lebanon,RES,CR+,CR/LDUAL/CDM+ERM/H:1/RES,TOTAL,383.0,103632310.0,18288056.0,4019.0,115147.0,121920366.0,48758.0,1537.0,301.0,900.0
LBN,Lebanon,COM,CR+,CR/LDUAL/CDM+ERM/H:2/COM,TOTAL,98.0,22364280.0,3946636.0,0.0,24849.0,26310917.0,14811.0,0.0,254.0,900.0
LBN,Lebanon,RES,CR+,CR/LDUAL/CDM+ERM/H:2/RES,TOTAL,191.0,103550240.0,18273572.0,4016.0,115056.0,121823812.0,48751.0,1536.0,602.0,900.0
LBN,Lebanon,COM,CR+,CR/LDUAL/CDM+ERM/H:3/COM,TOTAL,108.0,42996747.0,7587660.0,0.0,47774.0,50584410.0,28494.0,0.0,442.0,900.0
LBN,Lebanon,RES,CR+,CR/LDUAL/CDM+ERM/H:3/RES,TOTAL,257.0,207264636.0,36576109.0,8031.0,230294.0,243840747.0,97642.0,3071.0,896.0,900.0
LBN,Lebanon,COM,CR+,CR/LDUAL/CDM+ERM/H:4-7/COM,TOTAL,104.0,109943931.0,19401873.0,0.0,122160.0,129345802.0,73011.0,0.0,1175.0,900.0
LBN,Lebanon,RES,CR+,CR/LDUAL/CDM+ERM/H:4-7/RES,TOTAL,278.0,414527260.0,73151869.0,16059.0,460586.0,487679130.0,195660.0,6141.0,1657.0,900.0
LBN,Lebanon,COM,CR+,CR/LDUAL/CDM+ERM/H:>7/COM,TOTAL,10.0,28987934.0,5115518.0,0.0,32209.0,34103451.0,19277.0,0.0,3221.0,900.0
LBN,Lebanon,RES,CR+,CR/LDUAL/CDM+ERM/H:>7/RES,TOTAL,75.0,202480862.0,35731916.0,7862.0,224979.0,238212780.0,95695.0,3000.0,3000.0,900.0
LBN,Lebanon,COM,CR-,CR/LFINF/CDL+ERL/H:1/COM,TOTAL,2629.0,307446789.0,54255315.0,0.0,341608.0,361702104.0,194016.0,0.0,130.0,900.0
LBN,Lebanon,IND,CR-,CR/LFINF/CDL+ERL/H:1/IND,TOTAL,1825.0,591446882.0,197148960.0,0.0,657163.0,788595840.0,367704.0,0.0,360.0,900.0
LBN,Lebanon,RES,CR-,CR/LFINF/CDL+ERL/H:1/RES,TOTAL,24366.0,5998186094.0,1058503428.0,232966.0,6664651.0,7056689525.0,2574533.0,88863.0,274.0,900.0
LBN,Lebanon,COM,CR-,CR/LFINF/CDL+ERL/H:2/COM,TOTAL,1967.0,460964119.0,81346609.0,0.0,512182.0,542310720.0,291092.0,0.0,260.0,900.0
LBN,Lebanon,IND,CR-,CR/LFINF/CDL+ERL/H:2/IND,TOTAL,608.0,317629054.0,105876352.0,0.0,352921.0,423505407.0,197628.0,0.0,580.0,900.0
LBN,Lebanon,RES,CR-,CR/LFINF/CDL+ERL/H:2/RES,TOTAL,13139.0,5998185969.0,1058503407.0,232966.0,6664651.0,7056689377.0,2576167.0,88863.0,507.0,900.0
LBN,Lebanon,COM,CR-,CR/LFINF/CDL+ERL/H:3/COM,TOTAL,2186.0,886232000.0,156393883.0,0.0,984702.0,1042625882.0,560023.0,0.0,450.0,900.0
LBN,Lebanon,RES,CR-,CR/LFINF/CDL+ERL/H:3/RES,TOTAL,14811.0,11996314568.0,2116996687.0,465924.0,13329238.0,14113311257.0,5155579.0,177722.0,900.0,900.0
LBN,Lebanon,COM,CR-,CR/LFINF/CDL+ERL/H:4-7/COM,TOTAL,2100.0,2269419847.0,400485860.0,0.0,2521578.0,2669905702.0,1437004.0,0.0,1201.0,900.0
LBN,Lebanon,RES,CR-,CR/LFINF/CDL+ERL/H:4-7/RES,TOTAL,16209.0,23992738884.0,4234012744.0,931858.0,26658599.0,28226751631.0,10330822.0,355447.0,1645.0,900.0
LBN,Lebanon,COM,CR-,CR/LFINF/CDL+ERL/H:>7/COM,TOTAL,256.0,726977649.0,128290171.0,0.0,807753.0,855267818.0,460949.0,0.0,3155.0,900.0
LBN,Lebanon,RES,CR-,CR/LFINF/CDL+ERL/H:>7/RES,TOTAL,4459.0,11996366075.0,2117005778.0,465927.0,13329296.0,14113371850.0,5171948.0,177722.0,2989.0,900.0
LBN,Lebanon,COM,CR+,CR/LFINF/CDM+ERM/H:1/COM,TOTAL,226.0,26253934.0,4633046.0,0.0,29171.0,30886986.0,16568.0,0.0,129.0,900.0
LBN,Lebanon,IND,CR+,CR/LFINF/CDM+ERM/H:1/IND,TOTAL,164.0,52860705.0,17620237.0,0.0,58734.0,70480938.0,32864.0,0.0,358.0,900.0
LBN,Lebanon,RES,CR+,CR/LFINF/CDM+ERM/H:1/RES,TOTAL,2177.0,536102210.0,94606273.0,20817.0,595669.0,630708481.0,230105.0,7940.0,274.0,900.0
LBN,Lebanon,COM,CR+,CR/LFINF/CDM+ERM/H:2/COM,TOTAL,170.0,39027797.0,6887257.0,0.0,43364.0,45915053.0,24646.0,0.0,255.0,900.0
LBN,Lebanon,IND,CR+,CR/LFINF/CDM+ERM/H:2/IND,TOTAL,56.0,28228478.0,9409495.0,0.0,31365.0,37637970.0,17564.0,0.0,560.0,900.0
LBN,Lebanon,RES,CR+,CR/LFINF/CDM+ERM/H:2/RES,TOTAL,1174.0,535643870.0,94525391.0,20804.0,595160.0,630169259.0,230054.0,7934.0,507.0,900.0
LBN,Lebanon,COM,CR+,CR/LFINF/CDM+ERM/H:3/COM,TOTAL,187.0,75350049.0,13297068.0,0.0,83722.0,88647124.0,47615.0,0.0,448.0,900.0
LBN,Lebanon,RES,CR+,CR/LFINF/CDM+ERM/H:3/RES,TOTAL,1324.0,1072202645.0,189212232.0,41647.0,1191336.0,1261414872.0,460794.0,15886.0,900.0,900.0
LBN,Lebanon,COM,CR+,CR/LFINF/CDM+ERM/H:4-7/COM,TOTAL,181.0,192895993.0,34040471.0,0.0,214329.0,226936461.0,122142.0,0.0,1184.0,900.0
LBN,Lebanon,RES,CR+,CR/LFINF/CDM+ERM/H:4-7/RES,TOTAL,1453.0,2144400151.0,378423556.0,83289.0,2382667.0,2522823709.0,923338.0,31770.0,1640.0,900.0
LBN,Lebanon,COM,CR+,CR/LFINF/CDM+ERM/H:>7/COM,TOTAL,21.0,51021049.0,9003715.0,0.0,56690.0,60024764.0,32351.0,0.0,2700.0,900.0
LBN,Lebanon,RES,CR+,CR/LFINF/CDM+ERM/H:>7/RES,TOTAL,397.0,1068901700.0,188629710.0,41518.0,1187669.0,1257531411.0,460832.0,15837.0,2992.0,900.0
LBN,Lebanon,COM,CR-,CR/LWAL/CDL+ERL/H:1/COM,TOTAL,1536.0,179077169.0,31601855.0,0.0,198975.0,210679018.0,124015.0,0.0,130.0,900.0
LBN,Lebanon,IND,CR-,CR/LWAL/CDL+ERL/H:1/IND,TOTAL,915.0,295722987.0,98574329.0,0.0,328581.0,394297317.0,195107.0,0.0,359.0,900.0
LBN,Lebanon,COM,CR-,CR/LWAL/CDL+ERL/H:2/COM,TOTAL,1148.0,267895246.0,47275635.0,0.0,297661.0,315170882.0,185653.0,0.0,259.0,900.0
LBN,Lebanon,IND,CR-,CR/LWAL/CDL+ERL/H:2/IND,TOTAL,305.0,158813572.0,52937858.0,0.0,176460.0,211751425.0,104863.0,0.0,579.0,900.0
LBN,Lebanon,COM,CR-,CR/LWAL/CDL+ERL/H:3/COM,TOTAL,1276.0,515622301.0,90992174.0,0.0,572914.0,606614471.0,357579.0,0.0,449.0,900.0
LBN,Lebanon,COM,CR-,CR/LWAL/CDL+ERL/H:4-7/COM,TOTAL,1225.0,1319362608.0,232828696.0,0.0,1465958.0,1552191303.0,916882.0,0.0,1197.0,900.0
LBN,Lebanon,COM,CR-,CR/LWAL/CDL+ERL/H:>7/COM,TOTAL,148.0,420269294.0,74165169.0,0.0,466966.0,494434465.0,292470.0,0.0,3155.0,900.0
LBN,Lebanon,COM,CR+,CR/LWAL/CDM+ERM/H:1/COM,TOTAL,130.0,15010696.0,2648946.0,0.0,16679.0,17659643.0,10395.0,0.0,128.0,900.0
LBN,Lebanon,IND,CR+,CR/LWAL/CDM+ERM/H:1/IND,TOTAL,82.0,26282280.0,8760759.0,0.0,29203.0,35043040.0,17340.0,0.0,356.0,900.0
LBN,Lebanon,COM,CR+,CR/LWAL/CDM+ERM/H:2/COM,TOTAL,97.0,22355690.0,3945120.0,0.0,24840.0,26300812.0,15493.0,0.0,256.0,900.0
LBN,Lebanon,IND,CR+,CR/LWAL/CDM+ERM/H:2/IND,TOTAL,26.0,13646638.0,4548879.0,0.0,15163.0,18195516.0,9011.0,0.0,583.0,900.0
LBN,Lebanon,COM,CR+,CR/LWAL/CDM+ERM/H:3/COM,TOTAL,108.0,42995653.0,7587467.0,0.0,47773.0,50583118.0,29817.0,0.0,442.0,900.0
LBN,Lebanon,COM,CR+,CR/LWAL/CDM+ERM/H:4-7/COM,TOTAL,104.0,110095683.0,19428651.0,0.0,122329.0,129524331.0,76510.0,0.0,1176.0,900.0
LBN,Lebanon,COM,CR+,CR/LWAL/CDM+ERM/H:>7/COM,TOTAL,10.0,28987780.0,5115491.0,0.0,32209.0,34103270.0,20173.0,0.0,3221.0,900.0
LBN,Lebanon,RES,ADO|ST|E,EU/LWAL/CDN+ERN/H:1/RES,TOTAL,8653.0,292025580.0,73006397.0,24946.0,432630.0,365031977.0,38390.0,8653.0,50.0,675.0
LBN,Lebanon,RES,OT,MATO/LN/CDN+ERN/H:1/RES,TOTAL,25958.0,876075986.0,219018997.0,74839.0,1297890.0,1095094982.0,592311.0,25958.0,50.0,675.0
LBN,Lebanon,COM,MR|MCF,MCF/LWAL/CDL+ERL/H:1/COM,TOTAL,3074.0,358953272.0,89738317.0,0.0,398837.0,448691594.0,226520.0,0.0,130.0,900.0
LBN,Lebanon,IND,MR|MCF,MCF/LWAL/CDL+ERL/H:1/IND,TOTAL,915.0,295700514.0,98566837.0,0.0,328556.0,394267354.0,183838.0,0.0,359.0,900.0
LBN,Lebanon,RES,MR|MCF,MCF/LWAL/CDL+ERL/H:1/RES,TOTAL,36918.0,9386773995.0,1656489528.0,363643.0,10429749.0,11043263522.0,4028977.0,139063.0,283.0,900.0
LBN,Lebanon,COM,MR|MCF,MCF/LWAL/CDL+ERL/H:2/COM,TOTAL,3075.0,717925454.0,179481357.0,0.0,797695.0,897406807.0,453359.0,0.0,259.0,900.0
LBN,Lebanon,IND,MR|MCF,MCF/LWAL/CDL+ERL/H:2/IND,TOTAL,305.0,158813570.0,52937857.0,0.0,176460.0,211751424.0,98813.0,0.0,579.0,900.0
LBN,Lebanon,RES,MR|MCF,MCF/LWAL/CDL+ERL/H:2/RES,TOTAL,38831.0,18773513947.0,3312973050.0,727286.0,20859460.0,22086486995.0,8063056.0,278126.0,537.0,900.0
LBN,Lebanon,COM,MR|MCF,MCF/LWAL/CDL+ERL/H:3-6/COM,TOTAL,1225.0,989626144.0,247406537.0,0.0,1099585.0,1237032689.0,625784.0,0.0,898.0,900.0
LBN,Lebanon,RES,MR|MCF,MCF/LWAL/CDL+ERL/H:3-6/RES,TOTAL,17383.0,18773545070.0,3312978541.0,727287.0,20859495.0,22086523613.0,8073302.0,278126.0,1200.0,900.0
LBN,Lebanon,COM,MR|MCF,MCF/LWAL/CDM+ERM/H:1/COM,TOTAL,270.0,31056491.0,7764120.0,0.0,34507.0,38820611.0,19599.0,0.0,128.0,900.0
LBN,Lebanon,IND,MR|MCF,MCF/LWAL/CDM+ERM/H:1/IND,TOTAL,82.0,26282279.0,8760759.0,0.0,29203.0,35043039.0,16340.0,0.0,356.0,900.0
LBN,Lebanon,RES,MR|MCF,MCF/LWAL/CDM+ERM/H:1/RES,TOTAL,3300.0,838960699.0,148051890.0,32496.0,932179.0,987012586.0,360098.0,12427.0,282.0,900.0
LBN,Lebanon,COM,MR|MCF,MCF/LWAL/CDM+ERM/H:2/COM,TOTAL,270.0,62115151.0,15528790.0,0.0,69017.0,77643943.0,39225.0,0.0,256.0,900.0
LBN,Lebanon,IND,MR|MCF,MCF/LWAL/CDM+ERM/H:2/IND,TOTAL,26.0,13646637.0,4548879.0,0.0,15163.0,18195518.0,8491.0,0.0,583.0,900.0
LBN,Lebanon,RES,MR|MCF,MCF/LWAL/CDM+ERM/H:2/RES,TOTAL,3470.0,1677924076.0,296104247.0,64998.0,1864360.0,1974028321.0,720653.0,24856.0,537.0,900.0
LBN,Lebanon,COM,MR|MCF,MCF/LWAL/CDM+ERM/H:3-6/COM,TOTAL,104.0,82520221.0,20630054.0,0.0,91689.0,103150278.0,52181.0,0.0,882.0,900.0
LBN,Lebanon,RES,MR|MCF,MCF/LWAL/CDM+ERM/H:3-6/RES,TOTAL,1554.0,1677925046.0,296104417.0,64998.0,1864361.0,1974029467.0,721568.0,24856.0,1200.0,900.0
LBN,Lebanon,COM,MR|MCF,MR+CB/LWAL/CDL+ERL/H:1/COM,TOTAL,10854.0,1269766470.0,317441620.0,0.0,1410852.0,1587208087.0,1049484.0,0.0,130.0,900.0
LBN,Lebanon,IND,MR|MCF,MR+CB/LWAL/CDL+ERL/H:1/IND,TOTAL,455.0,147861017.0,49287006.0,0.0,164290.0,197148024.0,113046.0,0.0,361.0,900.0
LBN,Lebanon,COM,MR|MCF,MR+CB/LWAL/CDL+ERL/H:2/COM,TOTAL,7236.0,1692910984.0,423227746.0,0.0,1881012.0,2116138727.0,1400012.0,0.0,260.0,900.0
LBN,Lebanon,IND,MR|MCF,MR+CB/LWAL/CDL+ERL/H:2/IND,TOTAL,153.0,79408179.0,26469394.0,0.0,88231.0,105877575.0,60748.0,0.0,577.0,900.0
LBN,Lebanon,COM,MR|MCF,MR+CB/LWAL/CDL+ERL/H:3-6/COM,TOTAL,2169.0,1753886370.0,438471585.0,0.0,1948763.0,2192357956.0,1452076.0,0.0,898.0,900.0
LBN,Lebanon,COM,MR|MCF,MR+CB/LWAL/CDM+ERM/H:1/COM,TOTAL,963.0,112383295.0,28095829.0,0.0,124870.0,140479112.0,92887.0,0.0,130.0,900.0
LBN,Lebanon,IND,MR|MCF,MR+CB/LWAL/CDM+ERM/H:1/IND,TOTAL,39.0,12704870.0,4234956.0,0.0,14117.0,16939824.0,9713.0,0.0,362.0,900.0
LBN,Lebanon,COM,MR|MCF,MR+CB/LWAL/CDM+ERM/H:2/COM,TOTAL,638.0,148848937.0,37212238.0,0.0,165388.0,186061175.0,123096.0,0.0,259.0,900.0
LBN,Lebanon,IND,MR|MCF,MR+CB/LWAL/CDM+ERM/H:2/IND,TOTAL,12.0,6678015.0,2226006.0,0.0,7420.0,8904021.0,5109.0,0.0,618.0,900.0
LBN,Lebanon,COM,MR|MCF,MR+CB/LWAL/CDM+ERM/H:3-6/COM,TOTAL,188.0,150775201.0,37693798.0,0.0,167528.0,188469005.0,124830.0,0.0,891.0,900.0
LBN,Lebanon,COM,MUR,MUR+CB/LWAL/CDN+ERN/H:1/COM,TOTAL,11822.0,1037421612.0,259355399.0,0.0,1536921.0,1296777003.0,1249352.0,0.0,130.0,675.0
LBN,Lebanon,IND,MUR,MUR+CB/LWAL/CDN+ERN/H:1/IND,TOTAL,499.0,120807684.0,40269227.0,0.0,178974.0,161076915.0,136912.0,0.0,359.0,675.0
LBN,Lebanon,COM,MUR,MUR+CB/LWAL/CDN+ERN/H:2/COM,TOTAL,7884.0,1383161369.0,345790337.0,0.0,2049128.0,1728951713.0,1666652.0,0.0,260.0,675.0
LBN,Lebanon,IND,MUR,MUR+CB/LWAL/CDN+ERN/H:2/IND,TOTAL,167.0,64877517.0,21625839.0,0.0,96115.0,86503354.0,73570.0,0.0,576.0,675.0
LBN,Lebanon,COM,MUR,MUR+CB/LWAL/CDN+ERN/H:3/COM,TOTAL,2366.0,1434274164.0,358568544.0,0.0,2124851.0,1792842714.0,1729205.0,0.0,898.0,675.0
LBN,Lebanon,RES,ADO|ST|E,MUR+STDRE/LWAL/CDN+ERN/H:1/RES,TOTAL,135945.0,12973153366.0,3243288341.0,357740.0,19219486.0,16216441707.0,4620242.0,135945.0,141.0,675.0
LBN,Lebanon,RES,ADO|ST|E,MUR+STDRE/LWAL/CDN+ERN/H:2/RES,TOTAL,113288.0,12973153362.0,3243288337.0,357740.0,19219486.0,16216441700.0,4625520.0,135945.0,170.0,675.0
LBN,Lebanon,COM,S,S/LFM/CDL+ERL/H:1/COM,TOTAL,878.0,102090039.0,25522515.0,0.0,113433.0,127612553.0,45244.0,0.0,129.0,900.0
LBN,Lebanon,IND,S,S/LFM/CDL+ERL/H:1/IND,TOTAL,2740.0,887167043.0,380214446.0,0.0,985741.0,1267381489.0,360043.0,0.0,360.0,900.0
LBN,Lebanon,COM,S,S/LFM/CDL+ERL/H:2/COM,TOTAL,653.0,152406603.0,38101651.0,0.0,169341.0,190508248.0,67575.0,0.0,259.0,900.0
LBN,Lebanon,IND,S,S/LFM/CDL+ERL/H:2/IND,TOTAL,915.0,476405471.0,204173773.0,0.0,529339.0,680579249.0,193461.0,0.0,579.0,900.0
LBN,Lebanon,COM,S,S/LFM/CDL+ERL/H:3/COM,TOTAL,728.0,293550151.0,73387535.0,0.0,326167.0,366937685.0,130218.0,0.0,448.0,900.0
LBN,Lebanon,COM,S,S/LFM/CDL+ERL/H:4-7/COM,TOTAL,699.0,750980748.0,187745186.0,0.0,834423.0,938725938.0,333603.0,0.0,1194.0,900.0
LBN,Lebanon,COM,S,S/LFM/CDL+ERL/H:>7/COM,TOTAL,83.0,224993943.0,56248483.0,0.0,249993.0,281242426.0,100042.0,0.0,3012.0,900.0
LBN,Lebanon,COM,S,S/LFM/CDM+ERM/H:1/COM,TOTAL,70.0,7881220.0,1970306.0,0.0,8757.0,9851530.0,3493.0,0.0,125.0,900.0
LBN,Lebanon,IND,S,S/LFM/CDM+ERM/H:1/IND,TOTAL,245.0,79293378.0,33982877.0,0.0,88104.0,113276252.0,32180.0,0.0,360.0,900.0
LBN,Lebanon,COM,S,S/LFM/CDM+ERM/H:2/COM,TOTAL,51.0,11623157.0,2905788.0,0.0,12915.0,14528946.0,5154.0,0.0,253.0,900.0
LBN,Lebanon,IND,S,S/LFM/CDM+ERM/H:2/IND,TOTAL,82.0,42343252.0,18147108.0,0.0,47048.0,60490362.0,17195.0,0.0,574.0,900.0
LBN,Lebanon,COM,S,S/LFM/CDM+ERM/H:3/COM,TOTAL,54.0,22355927.0,5588981.0,0.0,24840.0,27944904.0,9917.0,0.0,460.0,900.0
LBN,Lebanon,COM,S,S/LFM/CDM+ERM/H:4-7/COM,TOTAL,54.0,57226109.0,14306528.0,0.0,63585.0,71532637.0,25421.0,0.0,1178.0,900.0
LBN,Lebanon,COM,S,S/LFM/CDM+ERM/H:>7/COM,TOTAL,6.0,13660359.0,3415089.0,0.0,15178.0,17075447.0,6074.0,0.0,2530.0,900.0
LBN,Lebanon,RES,W,W/LWAL/CDL+ERM/H:1/RES,TOTAL,3971.0,134033559.0,33508390.0,11449.0,198568.0,167541950.0,25018.0,3971.0,50.0,675.0
LBN,Lebanon,RES,W,W/LWAL/CDL+ERM/H:2/RES,TOTAL,3971.0,268067768.0,67016943.0,11449.0,397137.0,335084710.0,50063.0,3971.0,100.0,675.0
LBN,Lebanon,RES,W,W/LWAL/CDM+ERM/H:1/RES,TOTAL,354.0,11978718.0,2994679.0,1020.0,17746.0,14973396.0,2236.0,354.0,50.0,675.0
LBN,Lebanon,RES,W,W/LWAL/CDM+ERM/H:2/RES,TOTAL,354.0,23959505.0,5989875.0,1020.0,35496.0,29949380.0,4475.0,354.0,100.0,675.0
OMN,Oman,IND,CR-,CR+PC/LWAL/CDL+ERL/H:1/IND,TOTAL,1630.0,205317075.0,68439025.0,0.0,586620.0,273756097.0,348328.0,0.0,360.0,350.0
OMN,Oman,IND,CR-,CR+PC/LWAL/CDL+ERL/H:2/IND,TOTAL,544.0,110246508.0,36748834.0,0.0,314990.0,146995342.0,187187.0,0.0,579.0,350.0
OMN,Oman,IND,CR-,CR+PC/LWAL/CDL+ERM/H:1/IND,TOTAL,544.0,68439881.0,22813295.0,0.0,195543.0,91253174.0,116111.0,0.0,359.0,350.0
OMN,Oman,IND,CR-,CR+PC/LWAL/CDL+ERM/H:2/IND,TOTAL,183.0,36749704.0,12249903.0,0.0,104999.0,48999609.0,62397.0,0.0,574.0,350.0
OMN,Oman,COM,CR-,CR/LDUAL/CDL+ERL/H:1/COM,TOTAL,940.0,61080747.0,10778956.0,0.0,122161.0,71859695.0,72761.0,0.0,130.0,500.0
OMN,Oman,RES,CR-,CR/LDUAL/CDL+ERL/H:1/RES,TOTAL,2407.0,651216715.0,114920595.0,44360.0,1447148.0,766137313.0,612787.0,9653.0,601.0,450.0
OMN,Oman,COM,CR-,CR/LDUAL/CDL+ERL/H:2/COM,TOTAL,705.0,91622110.0,16168611.0,0.0,183244.0,107790717.0,109217.0,0.0,260.0,500.0
OMN,Oman,RES,CR-,CR/LDUAL/CDL+ERL/H:2/RES,TOTAL,1206.0,651216449.0,114920550.0,44360.0,1447148.0,766136995.0,613181.0,9653.0,1200.0,450.0
OMN,Oman,COM,CR-,CR/LDUAL/CDL+ERL/H:3/COM,TOTAL,786.0,176153162.0,31085852.0,0.0,352306.0,207239016.0,210127.0,0.0,448.0,500.0
OMN,Oman,RES,CR-,CR/LDUAL/CDL+ERL/H:3/RES,TOTAL,1605.0,1302401345.0,229835531.0,88696.0,2894225.0,1532236876.0,1227122.0,19300.0,1803.0,450.0
OMN,Oman,COM,CR-,CR/LDUAL/CDL+ERL/H:4-7/COM,TOTAL,749.0,450552028.0,79509182.0,0.0,901104.0,530061216.0,538559.0,0.0,1203.0,500.0
OMN,Oman,RES,CR-,CR/LDUAL/CDL+ERL/H:4-7/RES,TOTAL,1756.0,2604865799.0,459682200.0,177319.0,5788591.0,3064547998.0,2459037.0,38588.0,3296.0,450.0
OMN,Oman,COM,CR-,CR/LDUAL/CDL+ERL/H:>7/COM,TOTAL,89.0,143502572.0,25323983.0,0.0,287005.0,168826559.0,171769.0,0.0,3225.0,500.0
OMN,Oman,RES,CR-,CR/LDUAL/CDL+ERL/H:>7/RES,TOTAL,487.0,1302433691.0,229841241.0,88696.0,2894297.0,1532274929.0,1231097.0,19300.0,5943.0,450.0
OMN,Oman,COM,CR+,CR/LDUAL/CDM+ERM/H:1/COM,TOTAL,310.0,20286334.0,3579937.0,0.0,40573.0,23866277.0,24166.0,0.0,131.0,500.0
OMN,Oman,RES,CR+,CR/LDUAL/CDM+ERM/H:1/RES,TOTAL,802.0,217070019.0,38306474.0,14754.0,482378.0,255376490.0,204260.0,3212.0,601.0,450.0
OMN,Oman,COM,CR+,CR/LDUAL/CDM+ERM/H:2/COM,TOTAL,235.0,30367369.0,5358944.0,0.0,60735.0,35726318.0,36199.0,0.0,258.0,500.0
OMN,Oman,RES,CR+,CR/LDUAL/CDM+ERM/H:2/RES,TOTAL,402.0,217017916.0,38297279.0,14752.0,482262.0,255315197.0,204343.0,3211.0,1200.0,450.0
OMN,Oman,COM,CR+,CR/LDUAL/CDM+ERM/H:3/COM,TOTAL,262.0,58392883.0,10304624.0,0.0,116786.0,68697506.0,69655.0,0.0,446.0,500.0
OMN,Oman,RES,CR+,CR/LDUAL/CDM+ERM/H:3/RES,TOTAL,531.0,434145926.0,76613986.0,29592.0,964769.0,510759913.0,409052.0,6438.0,1817.0,450.0
OMN,Oman,COM,CR+,CR/LDUAL/CDM+ERM/H:4-7/COM,TOTAL,252.0,149510685.0,26384239.0,0.0,299021.0,175894920.0,178715.0,0.0,1187.0,500.0
OMN,Oman,RES,CR+,CR/LDUAL/CDM+ERM/H:4-7/RES,TOTAL,585.0,868287415.0,153227190.0,59102.0,1929528.0,1021514608.0,819678.0,12862.0,3298.0,450.0
OMN,Oman,COM,CR+,CR/LDUAL/CDM+ERM/H:>7/COM,TOTAL,30.0,41632111.0,7346842.0,0.0,83264.0,48978954.0,49833.0,0.0,2775.0,500.0
OMN,Oman,RES,CR+,CR/LDUAL/CDM+ERM/H:>7/RES,TOTAL,156.0,434146035.0,76614006.0,29592.0,964769.0,510760042.0,410367.0,6438.0,6184.0,450.0
OMN,Oman,COM,CR-,CR/LFINF/CDL+ERL/H:1/COM,TOTAL,1759.0,114418375.0,20191477.0,0.0,228837.0,134609855.0,129968.0,0.0,130.0,500.0
OMN,Oman,IND,CR-,CR/LFINF/CDL+ERL/H:1/IND,TOTAL,1630.0,205318504.0,68439503.0,0.0,586624.0,273758008.0,328235.0,0.0,360.0,350.0
OMN,Oman,RES,CR-,CR/LFINF/CDL+ERL/H:1/RES,TOTAL,63276.0,5495648125.0,969820259.0,264409.0,12212551.0,6465468377.0,4717668.0,70523.0,193.0,450.0
OMN,Oman,COM,CR-,CR/LFINF/CDL+ERL/H:2/COM,TOTAL,1321.0,171559543.0,30275215.0,0.0,343119.0,201834751.0,195007.0,0.0,260.0,500.0
OMN,Oman,IND,CR-,CR/LFINF/CDL+ERL/H:2/IND,TOTAL,544.0,110246508.0,36748836.0,0.0,314990.0,146995345.0,176387.0,0.0,579.0,350.0
OMN,Oman,RES,CR-,CR/LFINF/CDL+ERL/H:2/RES,TOTAL,62075.0,5495648257.0,969820282.0,264409.0,12212552.0,6465468539.0,4720664.0,70523.0,197.0,450.0
OMN,Oman,COM,CR-,CR/LFINF/CDL+ERL/H:3/COM,TOTAL,1469.0,329950500.0,58226559.0,0.0,659901.0,388177057.0,375301.0,0.0,449.0,500.0
OMN,Oman,RES,CR-,CR/LFINF/CDL+ERL/H:3/RES,TOTAL,123342.0,10991219410.0,1939626951.0,528789.0,24424932.0,12930846361.0,9447252.0,141036.0,198.0,450.0
OMN,Oman,COM,CR-,CR/LFINF/CDL+ERL/H:4-7/COM,TOTAL,1408.0,844587254.0,149044811.0,0.0,1689175.0,993632064.0,962632.0,0.0,1200.0,500.0
OMN,Oman,RES,CR-,CR/LFINF/CDL+ERL/H:4-7/RES,TOTAL,245231.0,21982581331.0,3879279056.0,1057509.0,48850181.0,25861860391.0,18930572.0,282063.0,199.0,450.0
OMN,Oman,COM,CR-,CR/LFINF/CDL+ERL/H:>7/COM,TOTAL,178.0,277243070.0,48925249.0,0.0,554486.0,326168323.0,316421.0,0.0,3115.0,500.0
OMN,Oman,RES,CR-,CR/LFINF/CDL+ERL/H:>7/RES,TOTAL,122223.0,10991285649.0,1939638644.0,528789.0,24425079.0,12930924296.0,9477264.0,141037.0,200.0,450.0
OMN,Oman,COM,CR+,CR/LFINF/CDM+ERM/H:1/COM,TOTAL,582.0,37970246.0,6700633.0,0.0,75940.0,44670879.0,43131.0,0.0,130.0,500.0
OMN,Oman,IND,CR+,CR/LFINF/CDM+ERM/H:1/IND,TOTAL,544.0,68427330.0,22809108.0,0.0,195507.0,91236441.0,109392.0,0.0,359.0,350.0
OMN,Oman,RES,CR+,CR/LFINF/CDM+ERM/H:1/RES,TOTAL,21102.0,1831872693.0,323271650.0,88160.0,4070828.0,2155144343.0,1572547.0,23512.0,193.0,450.0
OMN,Oman,COM,CR+,CR/LFINF/CDM+ERM/H:2/COM,TOTAL,438.0,56945096.0,10049134.0,0.0,113890.0,66994228.0,64728.0,0.0,260.0,500.0
OMN,Oman,IND,CR+,CR/LFINF/CDM+ERM/H:2/IND,TOTAL,183.0,36749706.0,12249901.0,0.0,104999.0,48999609.0,58797.0,0.0,574.0,350.0
OMN,Oman,RES,CR+,CR/LFINF/CDM+ERM/H:2/RES,TOTAL,20702.0,1831879038.0,323272772.0,88161.0,4070842.0,2155151810.0,1573551.0,23512.0,197.0,450.0
OMN,Oman,COM,CR+,CR/LFINF/CDM+ERM/H:3/COM,TOTAL,491.0,109536537.0,19329979.0,0.0,219073.0,128866513.0,124592.0,0.0,446.0,500.0
OMN,Oman,RES,CR+,CR/LFINF/CDM+ERM/H:3/RES,TOTAL,41116.0,3663760836.0,646546030.0,176320.0,8141691.0,4310306868.0,3149102.0,47023.0,198.0,450.0
OMN,Oman,COM,CR+,CR/LFINF/CDM+ERM/H:4-7/COM,TOTAL,466.0,280443541.0,49490038.0,0.0,560887.0,329933582.0,319640.0,0.0,1204.0,500.0
OMN,Oman,RES,CR+,CR/LFINF/CDM+ERM/H:4-7/RES,TOTAL,81737.0,7327523351.0,1293092360.0,352468.0,16283385.0,8620615708.0,6310187.0,94014.0,199.0,450.0
OMN,Oman,COM,CR+,CR/LFINF/CDM+ERM/H:>7/COM,TOTAL,56.0,85445516.0,15078620.0,0.0,170891.0,100524142.0,97520.0,0.0,3052.0,500.0
OMN,Oman,RES,CR+,CR/LFINF/CDM+ERM/H:>7/RES,TOTAL,40740.0,3663759659.0,646545825.0,176320.0,8141688.0,4310305479.0,3159086.0,47023.0,200.0,450.0
OMN,Oman,COM,CR-,CR/LWAL/CDL+ERL/H:1/COM,TOTAL,940.0,61080934.0,10778993.0,0.0,122162.0,71859917.0,76140.0,0.0,130.0,500.0
OMN,Oman,IND,CR-,CR/LWAL/CDL+ERL/H:1/IND,TOTAL,815.0,102658320.0,34219440.0,0.0,293309.0,136877762.0,174163.0,0.0,360.0,350.0
OMN,Oman,COM,CR-,CR/LWAL/CDL+ERL/H:2/COM,TOTAL,705.0,91611057.0,16166659.0,0.0,183222.0,107777715.0,114277.0,0.0,260.0,500.0
OMN,Oman,IND,CR-,CR/LWAL/CDL+ERL/H:2/IND,TOTAL,271.0,55127765.0,18375920.0,0.0,157508.0,73503688.0,93601.0,0.0,581.0,350.0
OMN,Oman,COM,CR-,CR/LWAL/CDL+ERL/H:3/COM,TOTAL,786.0,176152383.0,31085720.0,0.0,352305.0,207238100.0,219888.0,0.0,448.0,500.0
OMN,Oman,COM,CR-,CR/LWAL/CDL+ERL/H:4-7/COM,TOTAL,750.0,451074867.0,79601449.0,0.0,902150.0,530676315.0,564248.0,0.0,1203.0,500.0
OMN,Oman,COM,CR-,CR/LWAL/CDL+ERL/H:>7/COM,TOTAL,89.0,143502572.0,25323985.0,0.0,287005.0,168826559.0,179757.0,0.0,3225.0,500.0
OMN,Oman,COM,CR+,CR/LWAL/CDM+ERM/H:1/COM,TOTAL,310.0,20286160.0,3579909.0,0.0,40572.0,23866067.0,25288.0,0.0,131.0,500.0
OMN,Oman,IND,CR+,CR/LWAL/CDM+ERM/H:1/IND,TOTAL,271.0,34217428.0,11405808.0,0.0,97764.0,45623237.0,58051.0,0.0,361.0,350.0
OMN,Oman,COM,CR+,CR/LWAL/CDM+ERM/H:2/COM,TOTAL,235.0,30367370.0,5358948.0,0.0,60735.0,35726319.0,37881.0,0.0,258.0,500.0
OMN,Oman,IND,CR+,CR/LWAL/CDM+ERM/H:2/IND,TOTAL,90.0,18315760.0,6105250.0,0.0,52331.0,24421013.0,31098.0,0.0,581.0,350.0
OMN,Oman,COM,CR+,CR/LWAL/CDM+ERM/H:3/COM,TOTAL,262.0,58392599.0,10304575.0,0.0,116785.0,68697177.0,72891.0,0.0,446.0,500.0
OMN,Oman,COM,CR+,CR/LWAL/CDM+ERM/H:4-7/COM,TOTAL,252.0,149511860.0,26384443.0,0.0,299024.0,175896308.0,187024.0,0.0,1187.0,500.0
OMN,Oman,COM,CR+,CR/LWAL/CDM+ERM/H:>7/COM,TOTAL,30.0,41632111.0,7346842.0,0.0,83264.0,48978955.0,52150.0,0.0,2775.0,500.0
OMN,Oman,RES,ADO|ST|E,EU/LWAL/CDN+ERN/H:1/RES,TOTAL,15055.0,173118602.0,30550343.0,32982.0,752690.0,203668942.0,362888.0,15055.0,50.0,230.0
OMN,Oman,RES,OT,MATO/LN/CDN+ERN/H:1/RES,TOTAL,149992.0,1724984694.0,431246173.0,444287.0,7499933.0,2156230871.0,3615884.0,149992.0,50.0,230.0
OMN,Oman,COM,MR|MCF,MCF/LWAL/CDL+ERL/H:1/COM,TOTAL,1886.0,122441757.0,21607374.0,0.0,244884.0,144049123.0,139082.0,0.0,130.0,500.0
OMN,Oman,IND,MR|MCF,MCF/LWAL/CDL+ERL/H:1/IND,TOTAL,815.0,102658318.0,34219437.0,0.0,293309.0,136877761.0,164116.0,0.0,360.0,350.0
OMN,Oman,RES,MR|MCF,MCF/LWAL/CDL+ERL/H:1/RES,TOTAL,16332.0,1001415778.0,176720429.0,55117.0,2225368.0,1178136209.0,859652.0,16332.0,136.0,450.0
OMN,Oman,COM,MR|MCF,MCF/LWAL/CDL+ERL/H:2/COM,TOTAL,1886.0,244883755.0,43214780.0,0.0,489768.0,288098539.0,278353.0,0.0,260.0,500.0
OMN,Oman,IND,MR|MCF,MCF/LWAL/CDL+ERL/H:2/IND,TOTAL,271.0,55131208.0,18377071.0,0.0,157518.0,73508282.0,88206.0,0.0,581.0,350.0
OMN,Oman,RES,MR|MCF,MCF/LWAL/CDL+ERL/H:2/RES,TOTAL,32675.0,2104441986.0,371372114.0,110281.0,4676538.0,2475814100.0,1807678.0,32675.0,143.0,450.0
OMN,Oman,COM,MR|MCF,MCF/LWAL/CDL+ERL/H:3-6/COM,TOTAL,750.0,338266810.0,59694145.0,0.0,676534.0,397960953.0,385022.0,0.0,902.0,500.0
OMN,Oman,RES,MR|MCF,MCF/LWAL/CDL+ERL/H:3-6/RES,TOTAL,32675.0,2206059423.0,389304606.0,110281.0,4902354.0,2595364026.0,1897371.0,32675.0,150.0,450.0
OMN,Oman,COM,MR|MCF,MCF/LWAL/CDM+ERM/H:1/COM,TOTAL,631.0,40719491.0,7185795.0,0.0,81439.0,47905282.0,46253.0,0.0,129.0,500.0
OMN,Oman,IND,MR|MCF,MCF/LWAL/CDM+ERM/H:1/IND,TOTAL,271.0,34219568.0,11406521.0,0.0,97770.0,45626092.0,54706.0,0.0,361.0,350.0
OMN,Oman,RES,MR|MCF,MCF/LWAL/CDM+ERM/H:1/RES,TOTAL,5436.0,333670718.0,58883069.0,18320.0,741490.0,392553784.0,286435.0,5436.0,136.0,450.0
OMN,Oman,COM,MR|MCF,MCF/LWAL/CDM+ERM/H:2/COM,TOTAL,631.0,81440964.0,14371934.0,0.0,162882.0,95812893.0,92572.0,0.0,258.0,500.0
OMN,Oman,IND,MR|MCF,MCF/LWAL/CDM+ERM/H:2/IND,TOTAL,90.0,18315759.0,6105253.0,0.0,52331.0,24421013.0,29304.0,0.0,581.0,350.0
OMN,Oman,RES,MR|MCF,MCF/LWAL/CDM+ERM/H:2/RES,TOTAL,10902.0,701478294.0,123790289.0,36821.0,1558841.0,825268581.0,602557.0,10902.0,143.0,450.0
OMN,Oman,COM,MR|MCF,MCF/LWAL/CDM+ERM/H:3-6/COM,TOTAL,252.0,112135402.0,19788596.0,0.0,224271.0,131924006.0,127635.0,0.0,890.0,500.0
OMN,Oman,RES,MR|MCF,MCF/LWAL/CDM+ERM/H:3-6/RES,TOTAL,10902.0,735349002.0,129767471.0,36821.0,1634109.0,865116475.0,632453.0,10902.0,150.0,450.0
OMN,Oman,COM,MR|MCF,MR+CB/LWAL/CDL+ERL/H:1/COM,TOTAL,6376.0,414298929.0,73111576.0,0.0,828598.0,487410497.0,616366.0,0.0,130.0,500.0
OMN,Oman,IND,MR|MCF,MR+CB/LWAL/CDL+ERL/H:1/IND,TOTAL,407.0,51319468.0,17106492.0,0.0,146627.0,68425960.0,100892.0,0.0,360.0,350.0
OMN,Oman,COM,MR|MCF,MR+CB/LWAL/CDL+ERL/H:2/COM,TOTAL,4250.0,552374293.0,97477815.0,0.0,1104749.0,649852111.0,822249.0,0.0,260.0,500.0
OMN,Oman,IND,MR|MCF,MR+CB/LWAL/CDL+ERL/H:2/IND,TOTAL,135.0,27465005.0,9155003.0,0.0,78471.0,36620007.0,54028.0,0.0,581.0,350.0
OMN,Oman,COM,MR|MCF,MR+CB/LWAL/CDL+ERL/H:3-6/COM,TOTAL,1273.0,572609539.0,101048741.0,0.0,1145219.0,673658280.0,853334.0,0.0,900.0,500.0
OMN,Oman,COM,MR|MCF,MR+CB/LWAL/CDM+ERM/H:1/COM,TOTAL,2123.0,138022962.0,24356992.0,0.0,276046.0,162379949.0,205341.0,0.0,130.0,500.0
OMN,Oman,IND,MR|MCF,MR+CB/LWAL/CDM+ERM/H:1/IND,TOTAL,135.0,17046957.0,5682317.0,0.0,48706.0,22729276.0,33514.0,0.0,361.0,350.0
OMN,Oman,COM,MR|MCF,MR+CB/LWAL/CDM+ERM/H:2/COM,TOTAL,1412.0,183754124.0,32427196.0,0.0,367508.0,216181318.0,273531.0,0.0,260.0,500.0
OMN,Oman,IND,MR|MCF,MR+CB/LWAL/CDM+ERM/H:2/IND,TOTAL,45.0,9074836.0,3024946.0,0.0,25928.0,12099783.0,17852.0,0.0,576.0,350.0
OMN,Oman,COM,MR|MCF,MR+CB/LWAL/CDM+ERM/H:3-6/COM,TOTAL,425.0,190110656.0,33548937.0,0.0,380221.0,223659598.0,283313.0,0.0,895.0,500.0
OMN,Oman,RES,ADO|ST|E,MUR+ADO/LWAL/CDN+ERN/H:1/RES,TOTAL,18058.0,207742270.0,36660402.0,39533.0,903227.0,244402673.0,435466.0,18058.0,50.0,230.0
OMN,Oman,RES,ADO|ST|E,MUR+ADO/LWAL/CDN+ERN/H:2/RES,TOTAL,12042.0,276988661.0,48880352.0,26365.0,1204299.0,325869014.0,580933.0,12042.0,100.0,230.0
OMN,Oman,COM,MUR,MUR+CB/LWAL/CDN+ERN/H:1/COM,TOTAL,8499.0,486132512.0,121533126.0,0.0,1104847.0,607665639.0,821858.0,0.0,130.0,440.0
OMN,Oman,IND,MUR,MUR+CB/LWAL/CDN+ERN/H:1/IND,TOTAL,544.0,68427330.0,22809110.0,0.0,195507.0,91236441.0,134526.0,0.0,359.0,350.0
OMN,Oman,COM,MUR,MUR+CB/LWAL/CDN+ERN/H:2/COM,TOTAL,5666.0,648132705.0,162033174.0,0.0,1473029.0,810165877.0,1096355.0,0.0,260.0,440.0
OMN,Oman,IND,MUR,MUR+CB/LWAL/CDN+ERN/H:2/IND,TOTAL,183.0,36749705.0,12249901.0,0.0,104999.0,48999609.0,72293.0,0.0,574.0,350.0
OMN,Oman,COM,MUR,MUR+CB/LWAL/CDN+ERN/H:3/COM,TOTAL,1701.0,672316853.0,168079214.0,0.0,1527993.0,840396064.0,1137907.0,0.0,898.0,440.0
OMN,Oman,RES,ADO|ST|E,MUR+ST/LWAL/CDN+ERN/H:1/RES,TOTAL,74995.0,2062485675.0,363968061.0,222136.0,3749974.0,2426453737.0,1807945.0,74995.0,50.0,550.0
OMN,Oman,RES,ADO|ST|E,MUR+ST/LWAL/CDN+ERN/H:2/RES,TOTAL,74995.0,4124963355.0,727934711.0,222136.0,7499933.0,4852898068.0,3617841.0,74995.0,100.0,550.0
OMN,Oman,RES,MUR,MUR/LWAL/CDN+ERN/H:1/RES,TOTAL,4513.0,67740704.0,16935177.0,9874.0,225802.0,84675880.0,108864.0,4513.0,50.0,300.0
OMN,Oman,RES,MUR,MUR/LWAL/CDN+ERN/H:2/RES,TOTAL,6018.0,180647570.0,45161892.0,13175.0,602159.0,225809463.0,290471.0,6018.0,100.0,300.0
OMN,Oman,COM,S,S/LFM/CDL+ERL/H:1/COM,TOTAL,582.0,37964547.0,9491136.0,0.0,75929.0,47455688.0,30285.0,0.0,130.0,500.0
OMN,Oman,IND,S,S/LFM/CDL+ERL/H:1/IND,TOTAL,2445.0,307975424.0,131989466.0,0.0,879930.0,439964892.0,321395.0,0.0,360.0,350.0
OMN,Oman,COM,S,S/LFM/CDL+ERL/H:2/COM,TOTAL,438.0,56945088.0,14236275.0,0.0,113890.0,71181359.0,45448.0,0.0,260.0,500.0
OMN,Oman,IND,S,S/LFM/CDL+ERL/H:2/IND,TOTAL,815.0,165393656.0,70882997.0,0.0,472553.0,236276652.0,172707.0,0.0,580.0,350.0
OMN,Oman,COM,S,S/LFM/CDL+ERL/H:3/COM,TOTAL,491.0,109516337.0,27379082.0,0.0,219033.0,136895419.0,87446.0,0.0,446.0,500.0
OMN,Oman,COM,S,S/LFM/CDL+ERL/H:4-7/COM,TOTAL,465.0,280374176.0,70093544.0,0.0,560748.0,350467720.0,224188.0,0.0,1206.0,500.0
OMN,Oman,COM,S,S/LFM/CDL+ERL/H:>7/COM,TOTAL,56.0,85445521.0,21361384.0,0.0,170891.0,106806903.0,68387.0,0.0,3052.0,500.0
OMN,Oman,COM,S,S/LFM/CDM+ERM/H:1/COM,TOTAL,192.0,12560113.0,3140035.0,0.0,25120.0,15700142.0,10020.0,0.0,131.0,500.0
OMN,Oman,IND,S,S/LFM/CDM+ERM/H:1/IND,TOTAL,815.0,102659040.0,43996731.0,0.0,293312.0,146655772.0,107132.0,0.0,360.0,350.0
OMN,Oman,COM,S,S/LFM/CDM+ERM/H:2/COM,TOTAL,145.0,18780972.0,4695241.0,0.0,37562.0,23476215.0,14989.0,0.0,259.0,500.0
OMN,Oman,IND,S,S/LFM/CDM+ERM/H:2/IND,TOTAL,271.0,55127767.0,23626187.0,0.0,157508.0,78753952.0,57565.0,0.0,581.0,350.0
OMN,Oman,COM,S,S/LFM/CDM+ERM/H:3/COM,TOTAL,163.0,36113538.0,9028383.0,0.0,72227.0,45141921.0,28836.0,0.0,443.0,500.0
OMN,Oman,COM,S,S/LFM/CDM+ERM/H:4-7/COM,TOTAL,156.0,92450585.0,23112648.0,0.0,184901.0,115563234.0,73924.0,0.0,1185.0,500.0
OMN,Oman,COM,S,S/LFM/CDM+ERM/H:>7/COM,TOTAL,15.0,22043150.0,5510789.0,0.0,44086.0,27553939.0,17642.0,0.0,2939.0,500.0
PSE,Palestine,RES,CR-,CR/LDUAL/CDL+ERL/H:4/RES,CAMP,73.0,31814432.0,5614315.0,563.0,58375.0,37428745.0,24766.0,584.0,800.0,545.0
PSE,Palestine,RES,CR-,CR/LDUAL/CDL+ERL/H:5+HB:1/IRI(SOS)/RES,URBAN,431.0,420079960.0,74131755.0,20140.0,700133.0,494211707.0,297231.0,5386.0,1624.0,600.0
PSE,Palestine,RES,CR-,CR/LDUAL/CDL+ERL/H:5+HB:1/IRI(SOS)/RES,RURAL,65.0,59987012.0,10585943.0,2136.0,105056.0,70572955.0,44600.0,808.0,1616.0,571.0
PSE,Palestine,RES,CR-,CR/LDUAL/CDL+ERL/H:5+HB:1/RES,RURAL,102.0,94266708.0,16635303.0,3365.0,165091.0,110901991.0,70087.0,1270.0,1619.0,571.0
PSE,Palestine,RES,CR-,CR/LDUAL/CDL+ERL/H:5+HB:1/RES,URBAN,646.0,630231380.0,111217300.0,30208.0,1050386.0,741448688.0,445926.0,8080.0,1626.0,600.0
PSE,Palestine,COM,CR-,CR/LDUAL/CDL+ERL/H:5/COM,TOTAL,394.0,259524006.0,45798357.0,0.0,399268.0,305322379.0,238467.0,0.0,1013.0,650.0
PSE,Palestine,COM,CR-,CR/LDUAL/CDL+ERL/H:5/IRI(SOS)/COM,TOTAL,394.0,259524006.0,45798357.0,0.0,399268.0,305322379.0,238467.0,0.0,1013.0,650.0
PSE,Palestine,RES,CR-,CR/LDUAL/CDL+ERL/H:5/IRI(SOS)/RES,URBAN,1724.0,1680938719.0,296636243.0,80619.0,2801565.0,1977574965.0,1189362.0,21550.0,1625.0,600.0
PSE,Palestine,RES,CR-,CR/LDUAL/CDL+ERL/H:5/IRI(SOS)/RES,RURAL,281.0,260454422.0,45962550.0,9368.0,456137.0,306416970.0,193647.0,3509.0,1623.0,571.0
PSE,Palestine,RES,CR-,CR/LDUAL/CDL+ERL/H:5/RES,URBAN,2586.0,2521750721.0,445014839.0,120909.0,4202918.0,2966765567.0,1784286.0,32330.0,1625.0,600.0
PSE,Palestine,RES,CR-,CR/LDUAL/CDL+ERL/H:5/RES,RURAL,423.0,392421519.0,69250858.0,14088.0,687253.0,461672384.0,291764.0,5287.0,1625.0,571.0
PSE,Palestine,RES,CR-,CR/LDUAL/CDL+ERL/H:>5+HB:1/IRI(SOS)/RES,URBAN,1078.0,1512844852.0,266972625.0,72557.0,2521408.0,1779817471.0,1071113.0,19395.0,2339.0,600.0
PSE,Palestine,RES,CR-,CR/LDUAL/CDL+ERL/H:>5+HB:1/RES,URBAN,1078.0,1512844852.0,266972625.0,72557.0,2521408.0,1779817471.0,1071113.0,19395.0,2339.0,600.0
PSE,Palestine,COM,CR-,CR/LDUAL/CDL+ERL/H:>5/COM,TOTAL,413.0,327077733.0,57719606.0,0.0,503196.0,384797319.0,300746.0,0.0,1218.0,650.0
PSE,Palestine,COM,CR-,CR/LDUAL/CDL+ERL/H:>5/IRI(SOS)/COM,TOTAL,413.0,327077733.0,57719606.0,0.0,503196.0,384797319.0,300746.0,0.0,1218.0,650.0
PSE,Palestine,RES,CR-,CR/LDUAL/CDL+ERL/H:>5/IRI(SOS)/RES,URBAN,1078.0,1512844852.0,266972625.0,72557.0,2521408.0,1779817471.0,1071113.0,19395.0,2339.0,600.0
PSE,Palestine,RES,CR-,CR/LDUAL/CDL+ERL/H:>5/RES,URBAN,1078.0,1512844852.0,266972625.0,72557.0,2521408.0,1779817471.0,1071113.0,19395.0,2339.0,600.0
PSE,Palestine,RES,CR-,CR/LDUAL/CDL+ERM/H:5+HB:1/RES,URBAN,431.0,420079960.0,74131755.0,20140.0,700133.0,494211707.0,297231.0,5386.0,1624.0,600.0
PSE,Palestine,COM,CR-,CR/LDUAL/CDL+ERM/H:5/COM,TOTAL,255.0,165790123.0,29257072.0,0.0,255062.0,195047213.0,152338.0,0.0,1000.0,650.0
PSE,Palestine,COM,CR-,CR/LDUAL/CDL+ERM/H:5/IRI(SOS)/COM,TOTAL,255.0,165790123.0,29257072.0,0.0,255062.0,195047213.0,152338.0,0.0,1000.0,650.0
PSE,Palestine,RES,CR-,CR/LDUAL/CDL+ERM/H:5/RES,URBAN,1724.0,1680938719.0,296636243.0,80619.0,2801565.0,1977574965.0,1189362.0,21550.0,1625.0,600.0
PSE,Palestine,RES,CR-,CR/LDUAL/CDL+ERM/H:>5+HB:1/RES,URBAN,538.0,755754638.0,133368464.0,36234.0,1259591.0,889123105.0,535084.0,9689.0,2341.0,600.0
PSE,Palestine,COM,CR-,CR/LDUAL/CDL+ERM/H:>5/COM,TOTAL,410.0,322634085.0,56935435.0,0.0,496360.0,379569499.0,296660.0,0.0,1211.0,650.0
PSE,Palestine,COM,CR-,CR/LDUAL/CDL+ERM/H:>5/IRI(SOS)/COM,TOTAL,410.0,322634085.0,56935435.0,0.0,496360.0,379569499.0,296660.0,0.0,1211.0,650.0
PSE,Palestine,RES,CR-,CR/LDUAL/CDL+ERM/H:>5/RES,URBAN,538.0,755754638.0,133368464.0,36234.0,1259591.0,889123105.0,535084.0,9689.0,2341.0,600.0
PSE,Palestine,RES,CR-,CR/LFINF/CDL+ERL/H:1+HB:1/RES,URBAN,6385.0,497997325.0,87881880.0,22797.0,829996.0,585879216.0,320625.0,6385.0,130.0,600.0
PSE,Palestine,RES,CR-,CR/LFINF/CDL+ERL/H:1+HB:1/RES,RURAL,2201.0,163369646.0,28829941.0,6046.0,286111.0,192199591.0,110525.0,2201.0,130.0,571.0
PSE,Palestine,COM,CR-,CR/LFINF/CDL+ERL/H:1/COM,TOTAL,8978.0,624335051.0,110176764.0,0.0,960516.0,734511781.0,545537.0,0.0,107.0,650.0
PSE,Palestine,IND,CR-,CR/LFINF/CDL+ERL/H:1/IND,TOTAL,4139.0,311008789.0,103669588.0,0.0,501627.0,414678404.0,280682.0,0.0,121.0,620.0
PSE,Palestine,RES,CR-,CR/LFINF/CDL+ERL/H:1/RES,URBAN,84824.0,6616250263.0,1167573579.0,302878.0,11027084.0,7783823831.0,4259726.0,84824.0,130.0,600.0
PSE,Palestine,RES,CR-,CR/LFINF/CDL+ERL/H:1/RES,RURAL,29256.0,2171650937.0,383232514.0,80489.0,3803242.0,2554883469.0,1469181.0,29256.0,130.0,571.0
PSE,Palestine,RES,CR-,CR/LFINF/CDL+ERL/H:1/RES,CAMP,13709.0,747139956.0,131848227.0,22123.0,1370899.0,878988182.0,529574.0,13709.0,100.0,545.0
PSE,Palestine,RES,CR-,CR/LFINF/CDL+ERL/H:2+HB:1/IRI(SOS)/RES,URBAN,212.0,33032842.0,5829324.0,1565.0,55055.0,38862175.0,21281.0,423.0,260.0,600.0
PSE,Palestine,RES,CR-,CR/LFINF/CDL+ERL/H:2+HB:1/IRI(SOS)/RES,RURAL,47.0,6982781.0,1232257.0,237.0,12229.0,8215031.0,4727.0,94.0,260.0,571.0
PSE,Palestine,RES,CR-,CR/LFINF/CDL+ERL/H:2+HB:1/RES,URBAN,8379.0,1307154141.0,230674256.0,59997.0,2178590.0,1537828406.0,842117.0,16758.0,260.0,600.0
PSE,Palestine,RES,CR-,CR/LFINF/CDL+ERL/H:2+HB:1/RES,RURAL,2780.0,412788302.0,72844990.0,15208.0,722922.0,485633291.0,279441.0,5561.0,260.0,571.0
PSE,Palestine,COM,CR-,CR/LFINF/CDL+ERL/H:2/COM,TOTAL,6434.0,892541338.0,157507297.0,0.0,1373140.0,1050048632.0,780416.0,0.0,213.0,650.0
PSE,Palestine,IND,CR-,CR/LFINF/CDL+ERL/H:2/IND,TOTAL,3293.0,247405384.0,82468483.0,0.0,399041.0,329873862.0,223459.0,0.0,121.0,620.0
PSE,Palestine,COM,CR-,CR/LFINF/CDL+ERL/H:2/IRI(SOS)/COM,TOTAL,674.0,89617697.0,15814879.0,0.0,137873.0,105432596.0,78362.0,0.0,205.0,650.0
PSE,Palestine,RES,CR-,CR/LFINF/CDL+ERL/H:2/IRI(SOS)/RES,URBAN,2821.0,440032913.0,77652867.0,20848.0,733388.0,517685785.0,283486.0,5641.0,260.0,600.0
PSE,Palestine,RES,CR-,CR/LFINF/CDL+ERL/H:2/IRI(SOS)/RES,CAMP,139.0,15158729.0,2675070.0,383.0,27814.0,17833801.0,10751.0,278.0,200.0,545.0
PSE,Palestine,RES,CR-,CR/LFINF/CDL+ERL/H:2/IRI(SOS)/RES,RURAL,734.0,109039584.0,19242270.0,3839.0,190963.0,128281880.0,73816.0,1469.0,260.0,571.0
PSE,Palestine,RES,CR-,CR/LFINF/CDL+ERL/H:2/RES,URBAN,111324.0,17366476479.0,3064672323.0,797102.0,28944127.0,20431148800.0,11188120.0,222647.0,260.0,600.0
PSE,Palestine,RES,CR-,CR/LFINF/CDL+ERL/H:2/RES,CAMP,19285.0,2102065173.0,370952677.0,61070.0,3857000.0,2473017852.0,1490892.0,38570.0,200.0,545.0
PSE,Palestine,RES,CR-,CR/LFINF/CDL+ERL/H:2/RES,RURAL,36954.0,5486260794.0,968163667.0,202305.0,9608163.0,6454424465.0,3713959.0,73909.0,260.0,571.0
PSE,Palestine,RES,CR-,CR/LFINF/CDL+ERL/H:3+HB:1/IRI(SOS)/RES,URBAN,887.0,415261827.0,73281497.0,20013.0,692103.0,488543326.0,267697.0,5324.0,780.0,600.0
PSE,Palestine,RES,CR-,CR/LFINF/CDL+ERL/H:3+HB:1/IRI(SOS)/RES,RURAL,149.0,66284628.0,11697294.0,2369.0,116085.0,77981903.0,44901.0,893.0,779.0,571.0
PSE,Palestine,RES,CR-,CR/LFINF/CDL+ERL/H:3+HB:1/RES,URBAN,2884.0,1349941885.0,238225046.0,64884.0,2249903.0,1588166924.0,870234.0,17307.0,780.0,600.0
PSE,Palestine,RES,CR-,CR/LFINF/CDL+ERL/H:3+HB:1/RES,RURAL,541.0,241068946.0,42541574.0,8638.0,422187.0,283610503.0,163297.0,3248.0,780.0,571.0
PSE,Palestine,COM,CR-,CR/LFINF/CDL+ERL/H:3/COM,TOTAL,5066.0,1049650307.0,185232412.0,0.0,1614847.0,1234882746.0,918410.0,0.0,319.0,650.0
PSE,Palestine,IND,CR-,CR/LFINF/CDL+ERL/H:3/IND,TOTAL,35.0,3139377.0,1046458.0,0.0,5064.0,4185833.0,2838.0,0.0,145.0,620.0
PSE,Palestine,COM,CR-,CR/LFINF/CDL+ERL/H:3/IRI(SOS)/COM,TOTAL,1225.0,246801101.0,43553131.0,0.0,379694.0,290354223.0,215945.0,0.0,310.0,650.0
PSE,Palestine,RES,CR-,CR/LFINF/CDL+ERL/H:3/IRI(SOS)/RES,URBAN,11789.0,5517049950.0,973597048.0,265890.0,9195083.0,6490647004.0,3556541.0,70731.0,780.0,600.0
PSE,Palestine,RES,CR-,CR/LFINF/CDL+ERL/H:3/IRI(SOS)/RES,CAMP,838.0,274110487.0,48372442.0,6919.0,502955.0,322482928.0,194537.0,5030.0,600.0,545.0
PSE,Palestine,RES,CR-,CR/LFINF/CDL+ERL/H:3/IRI(SOS)/RES,RURAL,2048.0,912110867.0,160960746.0,32826.0,1597392.0,1073071616.0,617852.0,12288.0,780.0,571.0
PSE,Palestine,RES,CR-,CR/LFINF/CDL+ERL/H:3/RES,CAMP,7408.0,2422573972.0,427513055.0,61202.0,4445090.0,2850087023.0,1719304.0,44451.0,600.0,545.0
PSE,Palestine,RES,CR-,CR/LFINF/CDL+ERL/H:3/RES,RURAL,7236.0,3222790931.0,568727817.0,115821.0,5644117.0,3791518747.0,2183073.0,43416.0,780.0,571.0
PSE,Palestine,RES,CR-,CR/LFINF/CDL+ERL/H:3/RES,URBAN,38323.0,17934942188.0,3164989799.0,862035.0,29891570.0,21099931982.0,11561678.0,229935.0,780.0,600.0
PSE,Palestine,RES,CR-,CR/LFINF/CDL+ERL/H:4+HB:1/IRI(SOS)/RES,URBAN,1006.0,627822489.0,110792214.0,30355.0,1046371.0,738614701.0,404980.0,8049.0,1040.0,600.0
PSE,Palestine,RES,CR-,CR/LFINF/CDL+ERL/H:4+HB:1/IRI(SOS)/RES,RURAL,160.0,94725814.0,16716309.0,3412.0,165895.0,111442131.0,64207.0,1276.0,1037.0,571.0
PSE,Palestine,RES,CR-,CR/LFINF/CDL+ERL/H:4+HB:1/RES,RURAL,432.0,256370699.0,45241887.0,9280.0,448985.0,301612601.0,173773.0,3454.0,1039.0,571.0
PSE,Palestine,RES,CR-,CR/LFINF/CDL+ERL/H:4+HB:1/RES,URBAN,2515.0,1569115196.0,276902686.0,75489.0,2615192.0,1846017879.0,1012165.0,20117.0,1040.0,600.0
PSE,Palestine,COM,CR-,CR/LFINF/CDL+ERL/H:4/COM,TOTAL,433.0,228290260.0,40286516.0,0.0,351216.0,268576748.0,199883.0,0.0,811.0,650.0
PSE,Palestine,COM,CR-,CR/LFINF/CDL+ERL/H:4/IRI(SOS)/COM,TOTAL,282.0,147308247.0,25995571.0,0.0,226628.0,173303799.0,128978.0,0.0,804.0,650.0
PSE,Palestine,RES,CR-,CR/LFINF/CDL+ERL/H:4/IRI(SOS)/RES,CAMP,404.0,176132591.0,31082221.0,4494.0,323179.0,207214809.0,125081.0,3232.0,800.0,545.0
PSE,Palestine,RES,CR-,CR/LFINF/CDL+ERL/H:4/IRI(SOS)/RES,RURAL,652.0,387479607.0,68378749.0,14025.0,678598.0,455858356.0,262640.0,5220.0,1041.0,571.0
PSE,Palestine,RES,CR-,CR/LFINF/CDL+ERL/H:4/IRI(SOS)/RES,URBAN,4025.0,2511289967.0,443168811.0,121421.0,4185483.0,2954458776.0,1619918.0,32196.0,1040.0,600.0
PSE,Palestine,RES,CR-,CR/LFINF/CDL+ERL/H:4/RES,CAMP,2559.0,1115564780.0,196864374.0,28470.0,2046908.0,1312429153.0,792220.0,20469.0,800.0,545.0
PSE,Palestine,RES,CR-,CR/LFINF/CDL+ERL/H:4/RES,RURAL,1738.0,1031847418.0,182090713.0,37440.0,1807088.0,1213938135.0,699403.0,13901.0,1040.0,571.0
PSE,Palestine,RES,CR-,CR/LFINF/CDL+ERL/H:4/RES,URBAN,10058.0,6276460793.0,1107610735.0,301958.0,10460768.0,7384071520.0,4048658.0,80467.0,1040.0,600.0
PSE,Palestine,RES,CR-,CR/LFINF/CDL+ERM/H:1+HB:1/RES,URBAN,1211.0,94469577.0,16671098.0,4406.0,157449.0,111140670.0,60823.0,1211.0,130.0,600.0
PSE,Palestine,RES,CR-,CR/LFINF/CDL+ERM/H:1+HB:1/RES,RURAL,413.0,30692244.0,5416276.0,1142.0,53752.0,36108531.0,20765.0,413.0,130.0,571.0
PSE,Palestine,RES,CR-,CR/LFINF/CDL+ERM/H:1/RES,RURAL,5530.0,410493287.0,72439994.0,15425.0,718902.0,482933291.0,277711.0,5530.0,130.0,571.0
PSE,Palestine,RES,CR-,CR/LFINF/CDL+ERM/H:1/RES,URBAN,16091.0,1255095725.0,221487480.0,58532.0,2091826.0,1476583204.0,808066.0,16091.0,130.0,600.0
PSE,Palestine,RES,CR-,CR/LFINF/CDL+ERM/H:2+HB:1/RES,URBAN,2022.0,315475309.0,55672112.0,14723.0,525792.0,371147417.0,203241.0,4045.0,260.0,600.0
PSE,Palestine,RES,CR-,CR/LFINF/CDL+ERM/H:2+HB:1/RES,RURAL,665.0,98714890.0,17420281.0,3676.0,172881.0,116135160.0,66827.0,1330.0,260.0,571.0
PSE,Palestine,COM,CR-,CR/LFINF/CDL+ERM/H:2/COM,TOTAL,1578.0,217621181.0,38403733.0,0.0,334802.0,256024921.0,190285.0,0.0,212.0,650.0
PSE,Palestine,IND,CR-,CR/LFINF/CDL+ERM/H:2/IND,TOTAL,786.0,56914546.0,18971505.0,0.0,91798.0,75886076.0,51407.0,0.0,117.0,620.0
PSE,Palestine,COM,CR-,CR/LFINF/CDL+ERM/H:2/IRI(SOS)/COM,TOTAL,153.0,19646297.0,3466986.0,0.0,30225.0,23113280.0,17179.0,0.0,198.0,650.0
PSE,Palestine,RES,CR-,CR/LFINF/CDL+ERM/H:2/RES,RURAL,8857.0,1314844972.0,232031465.0,49256.0,2302706.0,1546876436.0,890093.0,17713.0,260.0,571.0
PSE,Palestine,RES,CR-,CR/LFINF/CDL+ERM/H:2/RES,URBAN,26869.0,4191497986.0,739676114.0,195609.0,6985830.0,4931174102.0,2700317.0,53737.0,260.0,600.0
PSE,Palestine,RES,CR-,CR/LFINF/CDL+ERM/H:3+HB:1/RES,RURAL,99.0,43990113.0,7762969.0,1489.0,77040.0,51753070.0,29799.0,593.0,778.0,571.0
PSE,Palestine,RES,CR-,CR/LFINF/CDL+ERM/H:3+HB:1/RES,URBAN,559.0,261779704.0,46196416.0,12123.0,436300.0,307976133.0,168755.0,3356.0,781.0,600.0
PSE,Palestine,COM,CR-,CR/LFINF/CDL+ERM/H:3/COM,TOTAL,1235.0,253412220.0,44719794.0,0.0,389865.0,298132005.0,221730.0,0.0,316.0,650.0
PSE,Palestine,COM,CR-,CR/LFINF/CDL+ERM/H:3/IRI(SOS)/COM,TOTAL,286.0,55834223.0,9853106.0,0.0,85899.0,65687321.0,48855.0,0.0,300.0,650.0
PSE,Palestine,RES,CR-,CR/LFINF/CDL+ERM/H:3/RES,URBAN,7432.0,3478303923.0,613818332.0,161126.0,5797173.0,4092122259.0,2242273.0,44594.0,780.0,600.0
PSE,Palestine,RES,CR-,CR/LFINF/CDL+ERM/H:3/RES,RURAL,1398.0,622773330.0,109901173.0,21474.0,1090671.0,732674522.0,421859.0,8390.0,780.0,571.0
PSE,Palestine,RES,CR-,CR/LFINF/CDL+ERM/H:4+HB:1/IRI(SOS)/RES,URBAN,13.0,8324641.0,1469056.0,420.0,13874.0,9793696.0,5370.0,107.0,1067.0,600.0
PSE,Palestine,RES,CR-,CR/LFINF/CDL+ERM/H:4+HB:1/RES,URBAN,863.0,538371821.0,95006791.0,25215.0,897286.0,633378615.0,347279.0,6902.0,1040.0,600.0
PSE,Palestine,RES,CR-,CR/LFINF/CDL+ERM/H:4+HB:1/RES,RURAL,102.0,60330692.0,10646595.0,2154.0,105658.0,70977274.0,40894.0,813.0,1036.0,571.0
PSE,Palestine,COM,CR-,CR/LFINF/CDL+ERM/H:4/COM,TOTAL,175.0,90056698.0,15892357.0,0.0,138549.0,105949057.0,78851.0,0.0,792.0,650.0
PSE,Palestine,COM,CR-,CR/LFINF/CDL+ERM/H:4/IRI(SOS)/COM,TOTAL,112.0,56805949.0,10024576.0,0.0,87394.0,66830506.0,49738.0,0.0,780.0,650.0
PSE,Palestine,RES,CR-,CR/LFINF/CDL+ERM/H:4/IRI(SOS)/RES,URBAN,71.0,44186240.0,7797570.0,2047.0,73644.0,51983811.0,28503.0,566.0,1037.0,600.0
PSE,Palestine,RES,CR-,CR/LFINF/CDL+ERM/H:4/RES,RURAL,423.0,251149775.0,44320534.0,9016.0,439842.0,295470324.0,170234.0,3383.0,1040.0,571.0
PSE,Palestine,RES,CR-,CR/LFINF/CDL+ERM/H:4/RES,URBAN,3451.0,2153732074.0,380070359.0,100904.0,3589553.0,2533802440.0,1389274.0,27612.0,1040.0,600.0
PSE,Palestine,RES,ADO|ST|E,EU/LWAL/CDN+ERN/H:1/RES,URBAN,719.0,37398797.0,9349706.0,2546.0,93497.0,46748502.0,8297.0,719.0,130.0,400.0
PSE,Palestine,RES,ADO|ST|E,EU/LWAL/CDN+ERN/H:1/RES,CAMP,80.0,2394978.0,598746.0,144.0,7983.0,2993722.0,708.0,80.0,100.0,300.0
PSE,Palestine,RES,ADO|ST|E,EU/LWAL/CDN+ERN/H:1/RES,RURAL,311.0,14144271.0,3536067.0,1219.0,40412.0,17680348.0,3586.0,311.0,130.0,350.0
PSE,Palestine,RES,OT,MATO/LN/CDN+ERN/H:1/RES,CAMP,118.0,4723280.0,1180820.0,218.0,11808.0,5904100.0,5389.0,118.0,100.0,400.0
PSE,Palestine,RES,OT,MATO/LN/CDN+ERN/H:1/RES,URBAN,5107.0,365178662.0,91294665.0,18798.0,663961.0,456473331.0,303009.0,5107.0,130.0,550.0
PSE,Palestine,RES,OT,MATO/LN/CDN+ERN/H:1/RES,RURAL,5141.0,334139150.0,83534787.0,33910.0,668278.0,417673935.0,304979.0,5141.0,130.0,500.0
PSE,Palestine,COM,ADO|ST|E,MUR+STDRE/LWAL/CDN+ERN/H:1/COM,TOTAL,12191.0,898870116.0,224717587.0,0.0,1248431.0,1123587632.0,376521.0,0.0,102.0,720.0
PSE,Palestine,IND,ADO|ST|E,MUR+STDRE/LWAL/CDN+ERN/H:1/IND,TOTAL,992.0,74683029.0,40213921.0,0.0,106690.0,114896942.0,31495.0,0.0,108.0,700.0
PSE,Palestine,RES,ADO|ST|E,MUR+STDRE/LWAL/CDN+ERN/H:1/RES,URBAN,8170.0,711569267.0,177892315.0,26921.0,1062044.0,889461591.0,255309.0,8170.0,130.0,670.0
PSE,Palestine,RES,ADO|ST|E,MUR+STDRE/LWAL/CDN+ERN/H:1/RES,RURAL,3011.0,254402035.0,63600503.0,8113.0,391388.0,318002545.0,94088.0,3011.0,130.0,650.0
PSE,Palestine,RES,ADO|ST|E,MUR+STDRE/LWAL/CDN+ERN/H:1/RES,CAMP,72.0,4675318.0,1168828.0,130.0,7193.0,5844147.0,1729.0,72.0,100.0,650.0
PSE,Palestine,COM,ADO|ST|E,MUR+STDRE/LWAL/CDN+ERN/H:2/COM,TOTAL,2580.0,378014822.0,94503668.0,0.0,525021.0,472518483.0,158565.0,0.0,203.0,720.0
PSE,Palestine,IND,ADO|ST|E,MUR+STDRE/LWAL/CDN+ERN/H:2/IND,TOTAL,929.0,69804010.0,37586758.0,0.0,99720.0,107390771.0,29479.0,0.0,107.0,700.0
PSE,Palestine,RES,ADO|ST|E,MUR+STDRE/LWAL/CDN+ERN/H:2/RES,CAMP,136.0,17631940.0,4407985.0,491.0,27126.0,22039923.0,6528.0,271.0,199.0,650.0
PSE,Palestine,RES,ADO|ST|E,MUR+STDRE/LWAL/CDN+ERN/H:2/RES,RURAL,5100.0,861840580.0,215460145.0,26741.0,1325909.0,1077300705.0,319105.0,10199.0,260.0,650.0
PSE,Palestine,RES,ADO|ST|E,MUR+STDRE/LWAL/CDN+ERN/H:2/RES,URBAN,17664.0,3077044832.0,769261206.0,123158.0,4592604.0,3846306028.0,1105294.0,35328.0,260.0,670.0
PSE,Palestine,COM,S,S/LFM/CDL+ERL/H:1/COM,TOTAL,2047.0,139267092.0,34816763.0,0.0,214257.0,174083825.0,85464.0,0.0,105.0,650.0
PSE,Palestine,IND,S,S/LFM/CDL+ERL/H:1/IND,TOTAL,5398.0,421686065.0,180722563.0,0.0,680139.0,602408676.0,248427.0,0.0,126.0,620.0
PSE,Palestine,COM,S,S/LFM/CDL+ERL/H:2/COM,TOTAL,413.0,54421717.0,13605422.0,0.0,83726.0,68027162.0,33413.0,0.0,203.0,650.0
PSE,Palestine,COM,S,S/LFM/CDL+ERM/H:1/COM,TOTAL,2024.0,136447188.0,34111791.0,0.0,209919.0,170558954.0,83733.0,0.0,104.0,650.0
PSE,Palestine,IND,S,S/LFM/CDL+ERM/H:1/IND,TOTAL,5039.0,377351247.0,161721921.0,0.0,608631.0,539073232.0,222307.0,0.0,121.0,620.0
PSE,Palestine,COM,S,S/LFM/CDL+ERM/H:2/COM,TOTAL,410.0,53701136.0,13425277.0,0.0,82617.0,67126435.0,32970.0,0.0,202.0,650.0
QAT,Qatar,IND,CR-,CR+PC/LWAL/CDL+ERL/H:1/IND,TOTAL,1476.0,779163912.0,259721303.0,0.0,811629.0,1038885212.0,481935.0,0.0,550.0,960.0
QAT,Qatar,IND,CR-,CR+PC/LWAL/CDL+ERL/H:2/IND,TOTAL,493.0,518830554.0,172943518.0,0.0,540448.0,691774072.0,321168.0,0.0,1096.0,960.0
QAT,Qatar,IND,CR-,CR+PC/LWAL/CDL+ERM/H:1/IND,TOTAL,493.0,259415982.0,86471994.0,0.0,270225.0,345887975.0,160456.0,0.0,548.0,960.0
QAT,Qatar,IND,CR-,CR+PC/LWAL/CDL+ERM/H:2/IND,TOTAL,162.0,172943473.0,57647823.0,0.0,180149.0,230591300.0,107056.0,0.0,1112.0,960.0
QAT,Qatar,COM,CR-,CR/LDUAL/CDL+ERL/H:1/COM,TOTAL,338.0,60492302.0,10675109.0,0.0,43209.0,71167412.0,25736.0,0.0,128.0,1400.0
QAT,Qatar,RES,CR-,CR/LDUAL/CDL+ERL/H:1/RES,TOTAL,1235.0,888100931.0,156723693.0,21821.0,740084.0,1044824624.0,313385.0,4934.0,599.0,1200.0
QAT,Qatar,COM,CR-,CR/LDUAL/CDL+ERL/H:2/COM,TOTAL,160.0,58942722.0,10401653.0,0.0,42102.0,69344377.0,25094.0,0.0,263.0,1400.0
QAT,Qatar,RES,CR-,CR/LDUAL/CDL+ERL/H:2/RES,TOTAL,617.0,887631593.0,156640869.0,21806.0,739693.0,1044272462.0,313421.0,4932.0,1199.0,1200.0
QAT,Qatar,COM,CR-,CR/LDUAL/CDL+ERL/H:3/COM,TOTAL,221.0,138354843.0,24415562.0,0.0,98825.0,162770399.0,58942.0,0.0,447.0,1400.0
QAT,Qatar,RES,CR-,CR/LDUAL/CDL+ERL/H:3/RES,TOTAL,821.0,1775262948.0,313281699.0,43607.0,1479386.0,2088544644.0,627244.0,9863.0,1802.0,1200.0
QAT,Qatar,COM,CR-,CR/LDUAL/CDL+ERL/H:4-7/COM,TOTAL,267.0,443999998.0,78352941.0,0.0,317143.0,522352938.0,189546.0,0.0,1188.0,1400.0
QAT,Qatar,RES,CR-,CR/LDUAL/CDL+ERL/H:4-7/RES,TOTAL,896.0,3550524586.0,626563162.0,87217.0,2958770.0,4177087748.0,1256908.0,19726.0,3302.0,1200.0
QAT,Qatar,COM,CR-,CR/LDUAL/CDL+ERL/H:>7/COM,TOTAL,70.0,304845803.0,53796319.0,0.0,217747.0,358642126.0,130319.0,0.0,3111.0,1400.0
QAT,Qatar,RES,CR-,CR/LDUAL/CDL+ERL/H:>7/RES,TOTAL,246.0,1775262948.0,313281699.0,43607.0,1479386.0,2088544644.0,629261.0,9863.0,6014.0,1200.0
QAT,Qatar,COM,CR+,CR/LDUAL/CDM+ERM/H:1/COM,TOTAL,105.0,19187722.0,3386070.0,0.0,13706.0,22573784.0,8163.0,0.0,131.0,1400.0
QAT,Qatar,RES,CR+,CR/LDUAL/CDM+ERM/H:1/RES,TOTAL,412.0,295878091.0,52213780.0,7265.0,246565.0,348091871.0,104407.0,1644.0,598.0,1200.0
QAT,Qatar,COM,CR+,CR/LDUAL/CDM+ERM/H:2/COM,TOTAL,53.0,17649417.0,3114604.0,0.0,12607.0,20764014.0,7514.0,0.0,238.0,1400.0
QAT,Qatar,RES,CR+,CR/LDUAL/CDM+ERM/H:2/RES,TOTAL,206.0,295878091.0,52213780.0,7265.0,246565.0,348091871.0,104474.0,1644.0,1197.0,1200.0
QAT,Qatar,COM,CR+,CR/LDUAL/CDM+ERM/H:3/COM,TOTAL,70.0,42873098.0,7565841.0,0.0,30624.0,50438938.0,18265.0,0.0,437.0,1400.0
QAT,Qatar,RES,CR+,CR/LDUAL/CDM+ERM/H:3/RES,TOTAL,275.0,591756022.0,104427533.0,14541.0,493130.0,696183556.0,209082.0,3288.0,1793.0,1200.0
QAT,Qatar,COM,CR+,CR/LDUAL/CDM+ERM/H:4-7/COM,TOTAL,87.0,140671913.0,24824454.0,0.0,100480.0,165496370.0,60053.0,0.0,1155.0,1400.0
QAT,Qatar,RES,CR+,CR/LDUAL/CDM+ERM/H:4-7/RES,TOTAL,298.0,1183508194.0,208854387.0,29075.0,986257.0,1392362583.0,418969.0,6576.0,3310.0,1200.0
QAT,Qatar,COM,CR+,CR/LDUAL/CDM+ERM/H:>7/COM,TOTAL,20.0,74543152.0,13154673.0,0.0,53245.0,87697823.0,31867.0,0.0,2662.0,1400.0
QAT,Qatar,RES,CR+,CR/LDUAL/CDM+ERM/H:>7/RES,TOTAL,81.0,588854916.0,103915573.0,14403.0,490712.0,692770490.0,208726.0,3272.0,6058.0,1200.0
QAT,Qatar,COM,CR-,CR/LFINF/CDL+ERL/H:1/COM,TOTAL,750.0,137552939.0,24274048.0,0.0,98252.0,161826983.0,55802.0,0.0,131.0,1400.0
QAT,Qatar,IND,CR-,CR/LFINF/CDL+ERL/H:1/IND,TOTAL,1476.0,779163912.0,259721303.0,0.0,811629.0,1038885212.0,454132.0,0.0,550.0,960.0
QAT,Qatar,RES,CR-,CR/LFINF/CDL+ERL/H:1/RES,TOTAL,52325.0,14712721446.0,2596362607.0,358779.0,12260601.0,17309084053.0,4736229.0,67126.0,234.0,1200.0
QAT,Qatar,COM,CR-,CR/LFINF/CDL+ERL/H:2/COM,TOTAL,381.0,136774123.0,24136610.0,0.0,97696.0,160910730.0,55524.0,0.0,256.0,1400.0
QAT,Qatar,IND,CR-,CR/LFINF/CDL+ERL/H:2/IND,TOTAL,493.0,518830554.0,172943518.0,0.0,540448.0,691774072.0,302639.0,0.0,1096.0,960.0
QAT,Qatar,RES,CR-,CR/LFINF/CDL+ERL/H:2/RES,TOTAL,97251.0,25873047453.0,4565831902.0,630292.0,21560873.0,30438879356.0,8334182.0,114520.0,222.0,1200.0
QAT,Qatar,COM,CR-,CR/LFINF/CDL+ERL/H:3/COM,TOTAL,507.0,317095534.0,55958035.0,0.0,226497.0,373053566.0,128814.0,0.0,447.0,1400.0
QAT,Qatar,RES,CR-,CR/LFINF/CDL+ERL/H:3/RES,TOTAL,19088.0,10824910834.0,1910278383.0,265058.0,9020759.0,12735189217.0,3489114.0,55266.0,473.0,1200.0
QAT,Qatar,COM,CR-,CR/LFINF/CDL+ERL/H:4-7/COM,TOTAL,604.0,1015785567.0,179256280.0,0.0,725561.0,1195041842.0,413485.0,0.0,1201.0,1400.0
QAT,Qatar,RES,CR-,CR/LFINF/CDL+ERL/H:4-7/RES,TOTAL,3588.0,14209615954.0,2507579286.0,349128.0,11841347.0,16717195241.0,4588795.0,78942.0,3300.0,1200.0
QAT,Qatar,COM,CR-,CR/LFINF/CDL+ERL/H:>7/COM,TOTAL,165.0,719200041.0,126917659.0,0.0,513714.0,846117702.0,293154.0,0.0,3113.0,1400.0
QAT,Qatar,RES,CR-,CR/LFINF/CDL+ERL/H:>7/RES,TOTAL,987.0,7101050538.0,1253126566.0,174417.0,5917542.0,8354177103.0,2296087.0,39448.0,5995.0,1200.0
QAT,Qatar,COM,CR+,CR/LFINF/CDM+ERM/H:1/COM,TOTAL,249.0,44340790.0,7824845.0,0.0,31672.0,52165636.0,17988.0,0.0,127.0,1400.0
QAT,Qatar,IND,CR+,CR/LFINF/CDM+ERM/H:1/IND,TOTAL,493.0,259415982.0,86471994.0,0.0,270225.0,345887975.0,151199.0,0.0,548.0,960.0
QAT,Qatar,RES,CR+,CR/LFINF/CDM+ERM/H:1/RES,TOTAL,17442.0,4904238679.0,865453884.0,119600.0,4086866.0,5769692567.0,1578743.0,22376.0,234.0,1200.0
QAT,Qatar,COM,CR+,CR/LFINF/CDM+ERM/H:2/COM,TOTAL,117.0,42368251.0,7476748.0,0.0,30263.0,49845002.0,17200.0,0.0,259.0,1400.0
QAT,Qatar,IND,CR+,CR/LFINF/CDM+ERM/H:2/IND,TOTAL,162.0,172943473.0,57647823.0,0.0,180149.0,230591300.0,100880.0,0.0,1112.0,960.0
QAT,Qatar,RES,CR+,CR/LFINF/CDM+ERM/H:2/RES,TOTAL,32418.0,8623721990.0,1521833292.0,210098.0,7186435.0,10145555282.0,2777859.0,38173.0,222.0,1200.0
QAT,Qatar,COM,CR+,CR/LFINF/CDM+ERM/H:3/COM,TOTAL,165.0,101141025.0,17848417.0,0.0,72244.0,118989438.0,41087.0,0.0,438.0,1400.0
QAT,Qatar,RES,CR+,CR/LFINF/CDM+ERM/H:3/RES,TOTAL,6363.0,3608225346.0,636745650.0,88346.0,3006854.0,4244970993.0,1163013.0,18421.0,473.0,1200.0
QAT,Qatar,COM,CR+,CR/LFINF/CDM+ERM/H:4-7/COM,TOTAL,195.0,324752915.0,57309338.0,0.0,231966.0,382062250.0,132194.0,0.0,1190.0,1400.0
QAT,Qatar,RES,CR+,CR/LFINF/CDM+ERM/H:4-7/RES,TOTAL,1195.0,4736536362.0,835859358.0,116379.0,3947114.0,5572395720.0,1529598.0,26315.0,3303.0,1200.0
QAT,Qatar,COM,CR+,CR/LFINF/CDM+ERM/H:>7/COM,TOTAL,53.0,217618601.0,38403281.0,0.0,155442.0,256021885.0,88704.0,0.0,2933.0,1400.0
QAT,Qatar,RES,CR+,CR/LFINF/CDM+ERM/H:>7/RES,TOTAL,329.0,2367017756.0,417709016.0,58137.0,1972515.0,2784726772.0,765363.0,13149.0,5995.0,1200.0
QAT,Qatar,COM,CR-,CR/LWAL/CDL+ERL/H:1/COM,TOTAL,338.0,60492302.0,10675109.0,0.0,43209.0,71167412.0,26931.0,0.0,128.0,1400.0
QAT,Qatar,IND,CR-,CR/LWAL/CDL+ERL/H:1/IND,TOTAL,738.0,389580224.0,129860075.0,0.0,405813.0,519440300.0,240966.0,0.0,550.0,960.0
QAT,Qatar,COM,CR-,CR/LWAL/CDL+ERL/H:2/COM,TOTAL,160.0,58942722.0,10401653.0,0.0,42102.0,69344377.0,26259.0,0.0,263.0,1400.0
QAT,Qatar,IND,CR-,CR/LWAL/CDL+ERL/H:2/IND,TOTAL,244.0,259415982.0,86471994.0,0.0,270225.0,345887975.0,160584.0,0.0,1107.0,960.0
QAT,Qatar,COM,CR-,CR/LWAL/CDL+ERL/H:3/COM,TOTAL,221.0,138354843.0,24415562.0,0.0,98825.0,162770399.0,61681.0,0.0,447.0,1400.0
QAT,Qatar,COM,CR-,CR/LWAL/CDL+ERL/H:4-7/COM,TOTAL,267.0,443999998.0,78352941.0,0.0,317143.0,522352938.0,198357.0,0.0,1188.0,1400.0
QAT,Qatar,COM,CR-,CR/LWAL/CDL+ERL/H:>7/COM,TOTAL,70.0,304845803.0,53796319.0,0.0,217747.0,358642126.0,136380.0,0.0,3111.0,1400.0
QAT,Qatar,COM,CR+,CR/LWAL/CDM+ERM/H:1/COM,TOTAL,105.0,19187722.0,3386070.0,0.0,13706.0,22573784.0,8542.0,0.0,131.0,1400.0
QAT,Qatar,IND,CR+,CR/LWAL/CDM+ERM/H:1/IND,TOTAL,244.0,129706283.0,43235427.0,0.0,135111.0,172941709.0,80227.0,0.0,554.0,960.0
QAT,Qatar,COM,CR+,CR/LWAL/CDM+ERM/H:2/COM,TOTAL,53.0,17649417.0,3114604.0,0.0,12607.0,20764014.0,7863.0,0.0,238.0,1400.0
QAT,Qatar,IND,CR+,CR/LWAL/CDM+ERM/H:2/IND,TOTAL,82.0,85410393.0,28470133.0,0.0,88969.0,113880520.0,52871.0,0.0,1085.0,960.0
QAT,Qatar,COM,CR+,CR/LWAL/CDM+ERM/H:3/COM,TOTAL,70.0,42873098.0,7565841.0,0.0,30624.0,50438938.0,19114.0,0.0,437.0,1400.0
QAT,Qatar,COM,CR+,CR/LWAL/CDM+ERM/H:4-7/COM,TOTAL,87.0,140671913.0,24824454.0,0.0,100480.0,165496370.0,62845.0,0.0,1155.0,1400.0
QAT,Qatar,COM,CR+,CR/LWAL/CDM+ERM/H:>7/COM,TOTAL,20.0,74543152.0,13154673.0,0.0,53245.0,87697823.0,33349.0,0.0,2662.0,1400.0
QAT,Qatar,RES,OT,MATO/LN/CDN+ERN/H:1/RES,TOTAL,30608.0,1377347138.0,344336785.0,163884.0,1530386.0,1721683922.0,737833.0,30608.0,50.0,900.0
QAT,Qatar,COM,MR|MCF,MCF/LWAL/CDL+ERL/H:1/COM,TOTAL,682.0,123720123.0,21832964.0,0.0,88372.0,145553086.0,50191.0,0.0,130.0,1400.0
QAT,Qatar,IND,MR|MCF,MCF/LWAL/CDL+ERL/H:1/IND,TOTAL,738.0,389580224.0,129860075.0,0.0,405813.0,519440300.0,227065.0,0.0,550.0,960.0
QAT,Qatar,RES,MR|MCF,MCF/LWAL/CDL+ERL/H:1/RES,TOTAL,1452.0,261629498.0,46169913.0,7640.0,218025.0,307799409.0,84222.0,1452.0,150.0,1200.0
QAT,Qatar,COM,MR|MCF,MCF/LWAL/CDL+ERL/H:2/COM,TOTAL,682.0,247461885.0,43669745.0,0.0,176758.0,291131631.0,100458.0,0.0,259.0,1400.0
QAT,Qatar,IND,MR|MCF,MCF/LWAL/CDL+ERL/H:2/IND,TOTAL,244.0,259415982.0,86471994.0,0.0,270225.0,345887975.0,151320.0,0.0,1107.0,960.0
QAT,Qatar,RES,MR|MCF,MCF/LWAL/CDL+ERL/H:2/RES,TOTAL,2910.0,523261355.0,92340237.0,15304.0,436051.0,615601595.0,168552.0,2910.0,150.0,1200.0
QAT,Qatar,COM,MR|MCF,MCF/LWAL/CDL+ERL/H:3-6/COM,TOTAL,338.0,418807396.0,73907188.0,0.0,299148.0,492714586.0,170248.0,0.0,885.0,1400.0
QAT,Qatar,RES,MR|MCF,MCF/LWAL/CDL+ERL/H:3-6/RES,TOTAL,2910.0,523261355.0,92340237.0,15304.0,436051.0,615601595.0,168766.0,2910.0,150.0,1200.0
QAT,Qatar,COM,MR|MCF,MCF/LWAL/CDM+ERM/H:1/COM,TOTAL,221.0,39966785.0,7052966.0,0.0,28548.0,47019746.0,16214.0,0.0,129.0,1400.0
QAT,Qatar,IND,MR|MCF,MCF/LWAL/CDM+ERM/H:1/IND,TOTAL,244.0,129706283.0,43235427.0,0.0,135111.0,172941709.0,75599.0,0.0,554.0,960.0
QAT,Qatar,RES,MR|MCF,MCF/LWAL/CDM+ERM/H:1/RES,TOTAL,486.0,87210190.0,15390033.0,2555.0,72675.0,102600222.0,28074.0,486.0,150.0,1200.0
QAT,Qatar,COM,MR|MCF,MCF/LWAL/CDM+ERM/H:2/COM,TOTAL,221.0,79936244.0,14106395.0,0.0,57097.0,94042637.0,32451.0,0.0,258.0,1400.0
QAT,Qatar,IND,MR|MCF,MCF/LWAL/CDM+ERM/H:2/IND,TOTAL,82.0,85410393.0,28470133.0,0.0,88969.0,113880520.0,49821.0,0.0,1085.0,960.0
QAT,Qatar,RES,MR|MCF,MCF/LWAL/CDM+ERM/H:2/RES,TOTAL,969.0,174420509.0,30780089.0,5094.0,145350.0,205200601.0,56184.0,969.0,150.0,1200.0
QAT,Qatar,COM,MR|MCF,MCF/LWAL/CDM+ERM/H:3-6/COM,TOTAL,105.0,132829649.0,23440527.0,0.0,94878.0,156270171.0,53996.0,0.0,904.0,1400.0
QAT,Qatar,RES,MR|MCF,MCF/LWAL/CDM+ERM/H:3-6/RES,TOTAL,969.0,174420509.0,30780089.0,5094.0,145350.0,205200601.0,56255.0,969.0,150.0,1200.0
QAT,Qatar,COM,MR|MCF,MR+CB/LWAL/CDL+ERL/H:1/COM,TOTAL,2064.0,375992328.0,66351588.0,0.0,268566.0,442343919.0,199777.0,0.0,130.0,1400.0
QAT,Qatar,IND,MR|MCF,MR+CB/LWAL/CDL+ERL/H:1/IND,TOTAL,370.0,194561126.0,64853707.0,0.0,202668.0,259414833.0,139453.0,0.0,548.0,960.0
QAT,Qatar,COM,MR|MCF,MR+CB/LWAL/CDL+ERL/H:2/COM,TOTAL,1371.0,500521244.0,88327280.0,0.0,357515.0,588848524.0,266094.0,0.0,261.0,1400.0
QAT,Qatar,IND,MR|MCF,MR+CB/LWAL/CDL+ERL/H:2/IND,TOTAL,124.0,129706283.0,43235427.0,0.0,135111.0,172941709.0,93025.0,0.0,1090.0,960.0
QAT,Qatar,COM,MR|MCF,MR+CB/LWAL/CDL+ERL/H:3-6/COM,TOTAL,518.0,644909453.0,113807550.0,0.0,460650.0,758717004.0,343243.0,0.0,889.0,1400.0
QAT,Qatar,COM,MR|MCF,MR+CB/LWAL/CDM+ERM/H:1/COM,TOTAL,691.0,124734500.0,22011972.0,0.0,89096.0,146746473.0,66276.0,0.0,129.0,1400.0
QAT,Qatar,IND,MR|MCF,MR+CB/LWAL/CDM+ERM/H:1/IND,TOTAL,124.0,64854842.0,21618281.0,0.0,67557.0,86473126.0,46485.0,0.0,545.0,960.0
QAT,Qatar,COM,MR|MCF,MR+CB/LWAL/CDM+ERM/H:2/COM,TOTAL,454.0,163819427.0,28909311.0,0.0,117014.0,192728733.0,87092.0,0.0,258.0,1400.0
QAT,Qatar,IND,MR|MCF,MR+CB/LWAL/CDM+ERM/H:2/IND,TOTAL,42.0,41397125.0,13799040.0,0.0,43122.0,55196165.0,29690.0,0.0,1027.0,960.0
QAT,Qatar,COM,MR|MCF,MR+CB/LWAL/CDM+ERM/H:3-6/COM,TOTAL,164.0,205512312.0,36266879.0,0.0,146795.0,241779191.0,109381.0,0.0,895.0,1400.0
QAT,Qatar,COM,MUR,MUR+CB/LWAL/CDN+ERN/H:1/COM,TOTAL,2761.0,376081831.0,94020457.0,0.0,358173.0,470102290.0,266433.0,0.0,130.0,1050.0
QAT,Qatar,IND,MUR,MUR+CB/LWAL/CDN+ERN/H:1/IND,TOTAL,493.0,194561987.0,64853995.0,0.0,270225.0,259415982.0,185938.0,0.0,548.0,720.0
QAT,Qatar,COM,MUR,MUR+CB/LWAL/CDN+ERN/H:2/COM,TOTAL,1838.0,501324692.0,125331173.0,0.0,477452.0,626655872.0,355361.0,0.0,260.0,1050.0
QAT,Qatar,IND,MUR,MUR+CB/LWAL/CDN+ERN/H:2/IND,TOTAL,162.0,129707606.0,43235869.0,0.0,180149.0,172943473.0,124034.0,0.0,1112.0,720.0
QAT,Qatar,COM,MUR,MUR+CB/LWAL/CDN+ERN/H:3/COM,TOTAL,691.0,647701985.0,161925496.0,0.0,616859.0,809627474.0,459379.0,0.0,893.0,1050.0
QAT,Qatar,RES,ADO|ST|E,MUR+STDRE/LWAL/CDN+ERN/H:1/RES,TOTAL,22346.0,1639358287.0,289298521.0,120087.0,1821509.0,1928656807.0,878190.0,22346.0,82.0,900.0
QAT,Qatar,RES,ADO|ST|E,MUR+STDRE/LWAL/CDN+ERN/H:2/RES,TOTAL,22346.0,2328031741.0,410829130.0,120087.0,2586702.0,2738860872.0,1247781.0,22346.0,116.0,900.0
QAT,Qatar,COM,S,S/LFM/CDL+ERL/H:1/COM,TOTAL,249.0,44340790.0,11085197.0,0.0,31672.0,55425992.0,12633.0,0.0,127.0,1400.0
QAT,Qatar,IND,S,S/LFM/CDL+ERL/H:1/IND,TOTAL,2213.0,1168741761.0,500889326.0,0.0,1217439.0,1669631087.0,444670.0,0.0,550.0,960.0
QAT,Qatar,COM,S,S/LFM/CDL+ERL/H:2/COM,TOTAL,117.0,42368251.0,10592062.0,0.0,30263.0,52960317.0,12076.0,0.0,259.0,1400.0
QAT,Qatar,IND,S,S/LFM/CDL+ERL/H:2/IND,TOTAL,738.0,779163912.0,333927390.0,0.0,811629.0,1113091299.0,296631.0,0.0,1100.0,960.0
QAT,Qatar,COM,S,S/LFM/CDL+ERL/H:3/COM,TOTAL,165.0,101141025.0,25285257.0,0.0,72244.0,126426281.0,28842.0,0.0,438.0,1400.0
QAT,Qatar,COM,S,S/LFM/CDL+ERL/H:4-7/COM,TOTAL,195.0,324752915.0,81188226.0,0.0,231966.0,405941139.0,92741.0,0.0,1190.0,1400.0
QAT,Qatar,COM,S,S/LFM/CDL+ERL/H:>7/COM,TOTAL,53.0,217618601.0,54404650.0,0.0,155442.0,272023252.0,62205.0,0.0,2933.0,1400.0
QAT,Qatar,COM,S,S/LFM/CDM+ERM/H:1/COM,TOTAL,76.0,13675581.0,3418893.0,0.0,9768.0,17094472.0,3896.0,0.0,129.0,1400.0
QAT,Qatar,IND,S,S/LFM/CDM+ERM/H:1/IND,TOTAL,738.0,389580224.0,166962955.0,0.0,405813.0,556543177.0,148223.0,0.0,550.0,960.0
QAT,Qatar,COM,S,S/LFM/CDM+ERM/H:2/COM,TOTAL,37.0,12116093.0,3029023.0,0.0,8654.0,15145111.0,3454.0,0.0,234.0,1400.0
QAT,Qatar,IND,S,S/LFM/CDM+ERM/H:2/IND,TOTAL,244.0,259415982.0,111178279.0,0.0,270225.0,370594258.0,98761.0,0.0,1107.0,960.0
QAT,Qatar,COM,S,S/LFM/CDM+ERM/H:3/COM,TOTAL,53.0,30603014.0,7650755.0,0.0,21859.0,38253767.0,8727.0,0.0,412.0,1400.0
QAT,Qatar,COM,S,S/LFM/CDM+ERM/H:4-7/COM,TOTAL,62.0,100149862.0,25037464.0,0.0,71536.0,125187325.0,28600.0,0.0,1154.0,1400.0
QAT,Qatar,COM,S,S/LFM/CDM+ERM/H:>7/COM,TOTAL,13.0,48408792.0,12102197.0,0.0,34578.0,60510990.0,13837.0,0.0,2660.0,1400.0
SAU,Saudi Arabia,IND,CR-,CR+PC/LWAL/CDL+ERL/H:1/IND,TOTAL,14325.0,4950745785.0,1650248595.0,0.0,5157027.0,6600994380.0,3062176.0,0.0,360.0,960.0
SAU,Saudi Arabia,IND,CR-,CR+PC/LWAL/CDL+ERL/H:2/IND,TOTAL,4776.0,2658732180.0,886244063.0,0.0,2769513.0,3544976238.0,1645815.0,0.0,580.0,960.0
SAU,Saudi Arabia,IND,CR-,CR+PC/LWAL/CDL+ERM/H:1/IND,TOTAL,4039.0,1396365085.0,465455029.0,0.0,1454547.0,1861820112.0,863691.0,0.0,360.0,960.0
SAU,Saudi Arabia,IND,CR-,CR+PC/LWAL/CDL+ERM/H:2/IND,TOTAL,1344.0,749898390.0,249966130.0,0.0,781144.0,999864523.0,464204.0,0.0,581.0,960.0
SAU,Saudi Arabia,COM,CR-,CR/LDUAL/CDL+ERL/H:1/COM,TOTAL,6959.0,588079400.0,103778721.0,0.0,904738.0,691858110.0,538870.0,0.0,130.0,650.0
SAU,Saudi Arabia,COM,CR-,CR/LDUAL/CDL+ERL/H:2/COM,TOTAL,5221.0,881793209.0,155610571.0,0.0,1356605.0,1037403783.0,808564.0,0.0,260.0,650.0
SAU,Saudi Arabia,COM,CR-,CR/LDUAL/CDL+ERL/H:3/COM,TOTAL,5802.0,1696097011.0,299311234.0,0.0,2609380.0,1995408243.0,1556317.0,0.0,450.0,650.0
SAU,Saudi Arabia,COM,CR-,CR/LDUAL/CDL+ERL/H:4-7/COM,TOTAL,5570.0,4342004251.0,766236046.0,0.0,6680007.0,5108240302.0,3992410.0,0.0,1199.0,650.0
SAU,Saudi Arabia,RES,CR-,CR/LDUAL/CDL+ERL/H:4-7/RES,URBAN,21097.0,34887638230.0,6156642041.0,1372607.0,32912866.0,41044280271.0,13981631.0,253178.0,1560.0,1060.0
SAU,Saudi Arabia,COM,CR-,CR/LDUAL/CDL+ERL/H:>7/COM,TOTAL,691.0,1423727326.0,251245997.0,0.0,2190350.0,1674973321.0,1310899.0,0.0,3170.0,650.0
SAU,Saudi Arabia,RES,CR-,CR/LDUAL/CDL+ERL/H:>7/RES,URBAN,9041.0,14951844655.0,2638560823.0,588258.0,14105514.0,17590405476.0,5999817.0,108505.0,1560.0,1060.0
SAU,Saudi Arabia,COM,CR+,CR/LDUAL/CDM+ERM/H:1/COM,TOTAL,1956.0,165041886.0,29125039.0,0.0,253911.0,194166910.0,151232.0,0.0,130.0,650.0
SAU,Saudi Arabia,COM,CR+,CR/LDUAL/CDM+ERM/H:2/COM,TOTAL,1464.0,247107849.0,43607268.0,0.0,380166.0,290715116.0,226587.0,0.0,260.0,650.0
SAU,Saudi Arabia,COM,CR+,CR/LDUAL/CDM+ERM/H:3/COM,TOTAL,1631.0,475373220.0,83889391.0,0.0,731343.0,559262612.0,436197.0,0.0,448.0,650.0
SAU,Saudi Arabia,COM,CR+,CR/LDUAL/CDM+ERM/H:4-7/COM,TOTAL,1563.0,1216530979.0,214681934.0,0.0,1871586.0,1431212921.0,1118583.0,0.0,1197.0,650.0
SAU,Saudi Arabia,RES,CR+,CR/LDUAL/CDM+ERM/H:4-7/RES,URBAN,5950.0,9840103797.0,1736488906.0,387140.0,9283117.0,11576592702.0,3943537.0,71408.0,1560.0,1060.0
SAU,Saudi Arabia,COM,CR+,CR/LDUAL/CDM+ERM/H:>7/COM,TOTAL,190.0,383886552.0,67744685.0,0.0,590595.0,451631236.0,353464.0,0.0,3108.0,650.0
SAU,Saudi Arabia,RES,CR+,CR/LDUAL/CDM+ERM/H:>7/RES,URBAN,2550.0,4217185452.0,744209199.0,165915.0,3978477.0,4961394650.0,1692256.0,30603.0,1560.0,1060.0
SAU,Saudi Arabia,COM,CR-,CR/LFINF/CDL+ERL/H:1/COM,TOTAL,11691.0,988472907.0,174436398.0,0.0,1520728.0,1162909306.0,863697.0,0.0,130.0,650.0
SAU,Saudi Arabia,IND,CR-,CR/LFINF/CDL+ERL/H:1/IND,TOTAL,14325.0,4950745785.0,1650248595.0,0.0,5157027.0,6600994380.0,2885519.0,0.0,360.0,960.0
SAU,Saudi Arabia,RES,CR-,CR/LFINF/CDL+ERL/H:1/RES,RURAL,50050.0,8808888154.0,1554509674.0,270859.0,11011110.0,10363397826.0,4253555.0,50050.0,220.0,800.0
SAU,Saudi Arabia,RES,CR-,CR/LFINF/CDL+ERL/H:1/RES,URBAN,303727.0,70829311438.0,12499290254.0,1642819.0,66820105.0,83328601694.0,25812384.0,303727.0,220.0,1060.0
SAU,Saudi Arabia,COM,CR-,CR/LFINF/CDL+ERL/H:2/COM,TOTAL,8774.0,1482706240.0,261654041.0,0.0,2281087.0,1744360285.0,1296425.0,0.0,260.0,650.0
SAU,Saudi Arabia,IND,CR-,CR/LFINF/CDL+ERL/H:2/IND,TOTAL,4776.0,2658732180.0,886244063.0,0.0,2769513.0,3544976238.0,1550866.0,0.0,580.0,960.0
SAU,Saudi Arabia,RES,CR-,CR/LFINF/CDL+ERL/H:2/RES,RURAL,100101.0,20020202185.0,3532976855.0,541726.0,25025253.0,23553179042.0,9673310.0,100101.0,250.0,800.0
SAU,Saudi Arabia,RES,CR-,CR/LFINF/CDL+ERL/H:2/RES,URBAN,607458.0,160975703763.0,28407477134.0,3285664.0,151863871.0,189383180899.0,58701756.0,607458.0,250.0,1060.0
SAU,Saudi Arabia,COM,CR-,CR/LFINF/CDL+ERL/H:3/COM,TOTAL,9752.0,2851360669.0,503181296.0,0.0,4386709.0,3354541972.0,2494823.0,0.0,450.0,650.0
SAU,Saudi Arabia,RES,CR-,CR/LFINF/CDL+ERL/H:3/RES,URBAN,227798.0,137151299799.0,24203170553.0,4928483.0,129388019.0,161354470353.0,50045632.0,911184.0,568.0,1060.0
SAU,Saudi Arabia,RES,CR-,CR/LFINF/CDL+ERL/H:3/RES,RURAL,37539.0,17057211106.0,3010096075.0,812585.0,21321514.0,20067307181.0,8246889.0,150151.0,568.0,800.0
SAU,Saudi Arabia,COM,CR-,CR/LFINF/CDL+ERL/H:4-7/COM,TOTAL,9361.0,7299483607.0,1288144163.0,0.0,11229975.0,8587627769.0,6399768.0,0.0,1200.0,650.0
SAU,Saudi Arabia,RES,CR-,CR/LFINF/CDL+ERL/H:4-7/RES,URBAN,101240.0,167414730786.0,29543776021.0,6571300.0,157938425.0,196958506809.0,61204783.0,1214910.0,1560.0,1060.0
SAU,Saudi Arabia,RES,CR-,CR/LFINF/CDL+ERL/H:4-7/RES,RURAL,16683.0,20821008602.0,3674295634.0,1083454.0,26026261.0,24495304236.0,10085776.0,200203.0,1560.0,800.0
SAU,Saudi Arabia,COM,CR-,CR/LFINF/CDL+ERL/H:>7/COM,TOTAL,1160.0,2410897969.0,425452581.0,0.0,3709074.0,2836350558.0,2116605.0,0.0,3197.0,650.0
SAU,Saudi Arabia,COM,CR+,CR/LFINF/CDM+ERM/H:1/COM,TOTAL,3301.0,278510554.0,49148926.0,0.0,428478.0,327659474.0,243354.0,0.0,130.0,650.0
SAU,Saudi Arabia,IND,CR+,CR/LFINF/CDM+ERM/H:1/IND,TOTAL,4039.0,1396365085.0,465455029.0,0.0,1454547.0,1861820112.0,813865.0,0.0,360.0,960.0
SAU,Saudi Arabia,RES,CR+,CR/LFINF/CDM+ERM/H:1/RES,RURAL,14117.0,2484558762.0,438451545.0,76396.0,3105698.0,2923010306.0,1199721.0,14117.0,220.0,800.0
SAU,Saudi Arabia,RES,CR+,CR/LFINF/CDM+ERM/H:1/RES,URBAN,85667.0,19977497034.0,3525440652.0,463358.0,18846695.0,23502937688.0,7280416.0,85667.0,220.0,1060.0
SAU,Saudi Arabia,COM,CR+,CR/LFINF/CDM+ERM/H:2/COM,TOTAL,2477.0,417457681.0,73669008.0,0.0,642243.0,491126681.0,365010.0,0.0,259.0,650.0
SAU,Saudi Arabia,IND,CR+,CR/LFINF/CDM+ERM/H:2/IND,TOTAL,1344.0,749898390.0,249966130.0,0.0,781144.0,999864523.0,437423.0,0.0,581.0,960.0
SAU,Saudi Arabia,RES,CR+,CR/LFINF/CDM+ERM/H:2/RES,RURAL,28234.0,5646722578.0,996480454.0,152794.0,7058403.0,6643203032.0,2728369.0,28234.0,250.0,800.0
SAU,Saudi Arabia,RES,CR+,CR/LFINF/CDM+ERM/H:2/RES,URBAN,171332.0,45403405340.0,8012365649.0,926714.0,42833401.0,53415770987.0,16556906.0,171332.0,250.0,1060.0
SAU,Saudi Arabia,COM,CR+,CR/LFINF/CDM+ERM/H:3/COM,TOTAL,2742.0,802965987.0,141699878.0,0.0,1235332.0,944665868.0,702562.0,0.0,451.0,650.0
SAU,Saudi Arabia,RES,CR+,CR/LFINF/CDM+ERM/H:3/RES,RURAL,10588.0,4811011591.0,849002044.0,229195.0,6013764.0,5660013637.0,2326047.0,42351.0,568.0,800.0
SAU,Saudi Arabia,RES,CR+,CR/LFINF/CDM+ERM/H:3/RES,URBAN,64253.0,38683702747.0,6826535778.0,1390096.0,36494059.0,45510238528.0,14115436.0,257003.0,568.0,1060.0
SAU,Saudi Arabia,COM,CR+,CR/LFINF/CDM+ERM/H:4-7/COM,TOTAL,2636.0,2055180091.0,362678836.0,0.0,3161816.0,2417858934.0,1801864.0,0.0,1199.0,650.0
SAU,Saudi Arabia,RES,CR+,CR/LFINF/CDM+ERM/H:4-7/RES,RURAL,4706.0,5872592623.0,1036339876.0,305589.0,7340741.0,6908932500.0,2844706.0,56467.0,1560.0,800.0
SAU,Saudi Arabia,RES,CR+,CR/LFINF/CDM+ERM/H:4-7/RES,URBAN,28556.0,47219539045.0,8332859830.0,1853450.0,44546735.0,55552398876.0,17262887.0,342668.0,1560.0,1060.0
SAU,Saudi Arabia,COM,CR+,CR/LFINF/CDM+ERM/H:>7/COM,TOTAL,320.0,660061459.0,116481435.0,0.0,1015479.0,776542899.0,579489.0,0.0,3173.0,650.0
SAU,Saudi Arabia,COM,CR-,CR/LWAL/CDL+ERL/H:1/COM,TOTAL,6959.0,588079400.0,103778721.0,0.0,904738.0,691858110.0,563894.0,0.0,130.0,650.0
SAU,Saudi Arabia,IND,CR-,CR/LWAL/CDL+ERL/H:1/IND,TOTAL,7161.0,2475370803.0,825123601.0,0.0,2578511.0,3300494407.0,1531087.0,0.0,360.0,960.0
SAU,Saudi Arabia,COM,CR-,CR/LWAL/CDL+ERL/H:2/COM,TOTAL,5221.0,881793209.0,155610571.0,0.0,1356605.0,1037403783.0,846120.0,0.0,260.0,650.0
SAU,Saudi Arabia,IND,CR-,CR/LWAL/CDL+ERL/H:2/IND,TOTAL,2389.0,1329364537.0,443121513.0,0.0,1384755.0,1772486048.0,822907.0,0.0,580.0,960.0
SAU,Saudi Arabia,COM,CR-,CR/LWAL/CDL+ERL/H:3/COM,TOTAL,5802.0,1696097011.0,299311234.0,0.0,2609380.0,1995408243.0,1628619.0,0.0,450.0,650.0
SAU,Saudi Arabia,COM,CR-,CR/LWAL/CDL+ERL/H:4-7/COM,TOTAL,5570.0,4342004251.0,766236046.0,0.0,6680007.0,5108240302.0,4178000.0,0.0,1199.0,650.0
SAU,Saudi Arabia,COM,CR-,CR/LWAL/CDL+ERL/H:>7/COM,TOTAL,691.0,1423727326.0,251245997.0,0.0,2190350.0,1674973321.0,1371861.0,0.0,3170.0,650.0
SAU,Saudi Arabia,COM,CR+,CR/LWAL/CDM+ERM/H:1/COM,TOTAL,1956.0,165041886.0,29125039.0,0.0,253911.0,194166910.0,158255.0,0.0,130.0,650.0
SAU,Saudi Arabia,IND,CR+,CR/LWAL/CDM+ERM/H:1/IND,TOTAL,2021.0,698181048.0,232727016.0,0.0,727272.0,930908065.0,431845.0,0.0,360.0,960.0
SAU,Saudi Arabia,COM,CR+,CR/LWAL/CDM+ERM/H:2/COM,TOTAL,1464.0,247107849.0,43607268.0,0.0,380166.0,290715116.0,237111.0,0.0,260.0,650.0
SAU,Saudi Arabia,IND,CR+,CR/LWAL/CDM+ERM/H:2/IND,TOTAL,675.0,374950391.0,124983464.0,0.0,390573.0,499933859.0,232103.0,0.0,579.0,960.0
SAU,Saudi Arabia,COM,CR+,CR/LWAL/CDM+ERM/H:3/COM,TOTAL,1631.0,475373220.0,83889391.0,0.0,731343.0,559262612.0,456461.0,0.0,448.0,650.0
SAU,Saudi Arabia,COM,CR+,CR/LWAL/CDM+ERM/H:4-7/COM,TOTAL,1563.0,1216530979.0,214681934.0,0.0,1871586.0,1431212921.0,1170581.0,0.0,1197.0,650.0
SAU,Saudi Arabia,COM,CR+,CR/LWAL/CDM+ERM/H:>7/COM,TOTAL,190.0,383886552.0,67744685.0,0.0,590595.0,451631236.0,369902.0,0.0,3108.0,650.0
SAU,Saudi Arabia,RES,OT,MATO/LN/CDN+ERN/H:1/RES,URBAN,93771.0,12377613160.0,3094403287.0,510958.0,20629355.0,15472016446.0,9945869.0,93771.0,220.0,600.0
SAU,Saudi Arabia,RES,OT,MATO/LN/CDN+ERN/H:1/RES,RURAL,17859.0,1964699950.0,491174989.0,97315.0,3929400.0,2455874939.0,1894451.0,17859.0,220.0,500.0
SAU,Saudi Arabia,COM,MR|MCF,MCF/LWAL/CDL+ERL/H:1/COM,TOTAL,13931.0,1176642248.0,207642753.0,0.0,1810219.0,1384284998.0,1028114.0,0.0,130.0,650.0
SAU,Saudi Arabia,IND,MR|MCF,MCF/LWAL/CDL+ERL/H:1/IND,TOTAL,7161.0,2475370803.0,825123601.0,0.0,2578511.0,3300494407.0,1442758.0,0.0,360.0,960.0
SAU,Saudi Arabia,RES,MR|MCF,MCF/LWAL/CDL+ERL/H:1/RES,URBAN,110694.0,25813595974.0,4555340466.0,589904.0,24352449.0,30368936440.0,9407270.0,110694.0,220.0,1060.0
SAU,Saudi Arabia,RES,MR|MCF,MCF/LWAL/CDL+ERL/H:1/RES,RURAL,48641.0,8560804874.0,1510730272.0,261759.0,10701006.0,10071535147.0,4133763.0,48641.0,220.0,800.0
SAU,Saudi Arabia,COM,MR|MCF,MCF/LWAL/CDL+ERL/H:2/COM,TOTAL,13931.0,2353292713.0,415286951.0,0.0,3620450.0,2768579664.0,2057634.0,0.0,260.0,650.0
SAU,Saudi Arabia,IND,MR|MCF,MCF/LWAL/CDL+ERL/H:2/IND,TOTAL,2389.0,1329364537.0,443121513.0,0.0,1384755.0,1772486048.0,775432.0,0.0,580.0,960.0
SAU,Saudi Arabia,RES,MR|MCF,MCF/LWAL/CDL+ERL/H:2/RES,RURAL,97283.0,19456372034.0,3433477418.0,523526.0,24320465.0,22889849453.0,9400880.0,97283.0,250.0,800.0
SAU,Saudi Arabia,RES,MR|MCF,MCF/LWAL/CDL+ERL/H:2/RES,URBAN,221386.0,58667263052.0,10353046422.0,1179798.0,55346475.0,69020309472.0,21393734.0,221386.0,250.0,1060.0
SAU,Saudi Arabia,COM,MR|MCF,MCF/LWAL/CDL+ERL/H:3-6/COM,TOTAL,5570.0,3256502012.0,574676819.0,0.0,5010003.0,3831178844.0,2851241.0,0.0,899.0,650.0
SAU,Saudi Arabia,RES,MR|MCF,MCF/LWAL/CDL+ERL/H:3-6/RES,RURAL,8107.0,10117315036.0,1785408537.0,523526.0,12646644.0,11902723573.0,4894662.0,97283.0,1560.0,800.0
SAU,Saudi Arabia,RES,MR|MCF,MCF/LWAL/CDL+ERL/H:3-6/RES,URBAN,18448.0,30506980011.0,5383584706.0,1179798.0,28780170.0,35890564719.0,11138861.0,221386.0,1560.0,1060.0
SAU,Saudi Arabia,COM,MR|MCF,MCF/LWAL/CDM+ERM/H:1/COM,TOTAL,3929.0,331372668.0,58477527.0,0.0,509804.0,389850203.0,289543.0,0.0,130.0,650.0
SAU,Saudi Arabia,IND,MR|MCF,MCF/LWAL/CDM+ERM/H:1/IND,TOTAL,2021.0,698181048.0,232727016.0,0.0,727272.0,930908065.0,406932.0,0.0,360.0,960.0
SAU,Saudi Arabia,RES,MR|MCF,MCF/LWAL/CDM+ERM/H:1/RES,URBAN,31220.0,7280758541.0,1284839743.0,166378.0,6868640.0,8565598282.0,2653333.0,31220.0,220.0,1060.0
SAU,Saudi Arabia,RES,MR|MCF,MCF/LWAL/CDM+ERM/H:1/RES,RURAL,13718.0,2414585167.0,426103266.0,73824.0,3018231.0,2840688434.0,1165933.0,13718.0,220.0,800.0
SAU,Saudi Arabia,COM,MR|MCF,MCF/LWAL/CDM+ERM/H:2/COM,TOTAL,3929.0,662742979.0,116954650.0,0.0,1019605.0,779697621.0,579479.0,0.0,260.0,650.0
SAU,Saudi Arabia,IND,MR|MCF,MCF/LWAL/CDM+ERM/H:2/IND,TOTAL,675.0,374950391.0,124983464.0,0.0,390573.0,499933859.0,218712.0,0.0,579.0,960.0
SAU,Saudi Arabia,RES,MR|MCF,MCF/LWAL/CDM+ERM/H:2/RES,URBAN,62442.0,16547177288.0,2920090109.0,332764.0,15610545.0,19467267396.0,6034130.0,62442.0,250.0,1060.0
SAU,Saudi Arabia,RES,MR|MCF,MCF/LWAL/CDM+ERM/H:2/RES,RURAL,27438.0,5487694580.0,968416691.0,147659.0,6859618.0,6456111268.0,2651530.0,27438.0,250.0,800.0
SAU,Saudi Arabia,COM,MR|MCF,MCF/LWAL/CDM+ERM/H:3-6/COM,TOTAL,1563.0,912400696.0,161011884.0,0.0,1403693.0,1073412575.0,798856.0,0.0,898.0,650.0
SAU,Saudi Arabia,RES,MR|MCF,MCF/LWAL/CDM+ERM/H:3-6/RES,RURAL,2288.0,2853600236.0,503576512.0,147659.0,3567000.0,3357176746.0,1380545.0,27438.0,1559.0,800.0
SAU,Saudi Arabia,RES,MR|MCF,MCF/LWAL/CDM+ERM/H:3-6/RES,URBAN,5204.0,8604532012.0,1518446826.0,332764.0,8117483.0,10122978836.0,3141730.0,62442.0,1560.0,1060.0
SAU,Saudi Arabia,COM,MR|MCF,MR+CB/LWAL/CDL+ERL/H:1/COM,TOTAL,49709.0,4200440407.0,741254189.0,0.0,6462216.0,4941694597.0,4807021.0,0.0,130.0,650.0
SAU,Saudi Arabia,IND,MR|MCF,MR+CB/LWAL/CDL+ERL/H:1/IND,TOTAL,3583.0,1237690176.0,412563393.0,0.0,1289261.0,1650253564.0,887124.0,0.0,360.0,960.0
SAU,Saudi Arabia,COM,MR|MCF,MR+CB/LWAL/CDL+ERL/H:2/COM,TOTAL,33133.0,5600586074.0,988338719.0,0.0,8616286.0,6588924792.0,6412983.0,0.0,260.0,650.0
SAU,Saudi Arabia,IND,MR|MCF,MR+CB/LWAL/CDL+ERL/H:2/IND,TOTAL,1194.0,664686462.0,221562155.0,0.0,692382.0,886248620.0,476710.0,0.0,580.0,960.0
SAU,Saudi Arabia,COM,MR|MCF,MR+CB/LWAL/CDL+ERL/H:3-6/COM,TOTAL,9938.0,5813859667.0,1025975236.0,0.0,8944399.0,6839834905.0,6664716.0,0.0,900.0,650.0
SAU,Saudi Arabia,COM,MR|MCF,MR+CB/LWAL/CDM+ERM/H:1/COM,TOTAL,14018.0,1184585050.0,209044424.0,0.0,1822439.0,1393629467.0,1355650.0,0.0,130.0,650.0
SAU,Saudi Arabia,IND,MR|MCF,MR+CB/LWAL/CDM+ERM/H:1/IND,TOTAL,1010.0,349087832.0,116362612.0,0.0,363633.0,465450444.0,250211.0,0.0,360.0,960.0
SAU,Saudi Arabia,COM,MR|MCF,MR+CB/LWAL/CDM+ERM/H:2/COM,TOTAL,9347.0,1579074818.0,278660264.0,0.0,2429346.0,1857735077.0,1808129.0,0.0,260.0,650.0
SAU,Saudi Arabia,IND,MR|MCF,MR+CB/LWAL/CDM+ERM/H:2/IND,TOTAL,337.0,187474043.0,62491349.0,0.0,195285.0,249965395.0,134456.0,0.0,579.0,960.0
SAU,Saudi Arabia,COM,MR|MCF,MR+CB/LWAL/CDM+ERM/H:3-6/COM,TOTAL,2795.0,1633938576.0,288342103.0,0.0,2513752.0,1922280678.0,1873065.0,0.0,899.0,650.0
SAU,Saudi Arabia,RES,ADO|ST|E,MUR+ADO/LWAL/CDN+ERN/H:1/RES,URBAN,11374.0,1501121085.0,264903722.0,62665.0,2501868.0,1766024806.0,1206206.0,11374.0,220.0,600.0
SAU,Saudi Arabia,RES,ADO|ST|E,MUR+ADO/LWAL/CDN+ERN/H:1/RES,RURAL,2166.0,238272994.0,42048177.0,11929.0,476546.0,280321170.0,229753.0,2166.0,220.0,500.0
SAU,Saudi Arabia,RES,ADO|ST|E,MUR+ADO/LWAL/CDN+ERN/H:2/RES,URBAN,4876.0,731065744.0,129011602.0,26866.0,1218443.0,860077343.0,587756.0,4876.0,250.0,600.0
SAU,Saudi Arabia,RES,ADO|ST|E,MUR+ADO/LWAL/CDN+ERN/H:2/RES,RURAL,929.0,116041839.0,20477972.0,5115.0,232084.0,136519811.0,111953.0,929.0,250.0,500.0
SAU,Saudi Arabia,COM,MUR,MUR+CB/LWAL/CDN+ERN/H:1/COM,TOTAL,63728.0,3976751240.0,994187812.0,0.0,8284898.0,4970939051.0,6162851.0,0.0,130.0,480.0
SAU,Saudi Arabia,IND,MUR,MUR+CB/LWAL/CDN+ERN/H:1/IND,TOTAL,4591.0,1190083482.0,396694494.0,0.0,1652894.0,1586777975.0,1137335.0,0.0,360.0,720.0
SAU,Saudi Arabia,COM,MUR,MUR+CB/LWAL/CDN+ERN/H:2/COM,TOTAL,42485.0,5302333487.0,1325583374.0,0.0,11046528.0,6627916857.0,8221778.0,0.0,260.0,480.0
SAU,Saudi Arabia,IND,MUR,MUR+CB/LWAL/CDN+ERN/H:2/IND,TOTAL,1533.0,639117306.0,213039100.0,0.0,887663.0,852156407.0,611163.0,0.0,579.0,720.0
SAU,Saudi Arabia,COM,MUR,MUR+CB/LWAL/CDN+ERN/H:3/COM,TOTAL,12745.0,5505072532.0,1376268134.0,0.0,11468901.0,6881340682.0,8540968.0,0.0,900.0,480.0
SAU,Saudi Arabia,RES,ADO|ST|E,MUR+STDRE/LWAL/CDN+ERN/H:1/RES,RURAL,20692.0,2276233835.0,401688324.0,106273.0,4552468.0,2677922162.0,2194845.0,20692.0,220.0,500.0
SAU,Saudi Arabia,RES,ADO|ST|E,MUR+STDRE/LWAL/CDN+ERN/H:1/RES,URBAN,84051.0,11094679941.0,1957884696.0,431212.0,18491133.0,13052564636.0,8914984.0,84051.0,220.0,600.0
SAU,Saudi Arabia,RES,ADO|ST|E,MUR+STDRE/LWAL/CDN+ERN/H:2/RES,URBAN,84051.0,12607591041.0,2224869008.0,431212.0,21012652.0,14832460045.0,10136147.0,84051.0,250.0,600.0
SAU,Saudi Arabia,RES,ADO|ST|E,MUR+STDRE/LWAL/CDN+ERN/H:2/RES,RURAL,20692.0,2586628810.0,456463907.0,106273.0,5173258.0,3043092715.0,2495492.0,20692.0,250.0,500.0
SAU,Saudi Arabia,RES,ADO|ST|E,MUR+STDRE/LWAL/CDN+ERN/H:3/RES,RURAL,2588.0,734602418.0,129635720.0,53136.0,1469205.0,864238137.0,709103.0,10346.0,568.0,500.0
SAU,Saudi Arabia,RES,ADO|ST|E,MUR+STDRE/LWAL/CDN+ERN/H:3/RES,URBAN,10508.0,3580556286.0,631862877.0,215611.0,5967594.0,4212419160.0,2880223.0,42027.0,568.0,600.0
SAU,Saudi Arabia,COM,S,S/LFM/CDL+ERL/H:1/COM,TOTAL,3895.0,329246751.0,82311689.0,0.0,506533.0,411558431.0,202035.0,0.0,130.0,650.0
SAU,Saudi Arabia,IND,S,S/LFM/CDL+ERL/H:1/IND,TOTAL,21487.0,7426118627.0,3182622270.0,0.0,7735540.0,10608740894.0,2825410.0,0.0,360.0,960.0
SAU,Saudi Arabia,COM,S,S/LFM/CDL+ERL/H:2/COM,TOTAL,2922.0,493542882.0,123385721.0,0.0,759297.0,616928605.0,302995.0,0.0,260.0,650.0
SAU,Saudi Arabia,IND,S,S/LFM/CDL+ERL/H:2/IND,TOTAL,7161.0,3988099880.0,1709185659.0,0.0,4154271.0,5697285542.0,1518286.0,0.0,580.0,960.0
SAU,Saudi Arabia,COM,S,S/LFM/CDL+ERL/H:3/COM,TOTAL,3249.0,949466337.0,237366581.0,0.0,1460717.0,1186832918.0,583170.0,0.0,450.0,650.0
SAU,Saudi Arabia,COM,S,S/LFM/CDL+ERL/H:4-7/COM,TOTAL,3122.0,2430630410.0,607657600.0,0.0,3739431.0,3038288015.0,1495029.0,0.0,1198.0,650.0
SAU,Saudi Arabia,COM,S,S/LFM/CDL+ERL/H:>7/COM,TOTAL,385.0,786602964.0,196650737.0,0.0,1210158.0,983253705.0,484279.0,0.0,3143.0,650.0
SAU,Saudi Arabia,COM,S,S/LFM/CDM+ERM/H:1/COM,TOTAL,1093.0,92037511.0,23009379.0,0.0,141596.0,115046880.0,56477.0,0.0,130.0,650.0
SAU,Saudi Arabia,IND,S,S/LFM/CDM+ERM/H:1/IND,TOTAL,6061.0,2094544928.0,897662114.0,0.0,2181818.0,2992207042.0,796910.0,0.0,360.0,960.0
SAU,Saudi Arabia,COM,S,S/LFM/CDM+ERM/H:2/COM,TOTAL,817.0,137599301.0,34399825.0,0.0,211691.0,171999124.0,84475.0,0.0,259.0,650.0
SAU,Saudi Arabia,IND,S,S/LFM/CDM+ERM/H:2/IND,TOTAL,2021.0,1124849837.0,482078502.0,0.0,1171719.0,1606928339.0,428235.0,0.0,580.0,960.0
SAU,Saudi Arabia,COM,S,S/LFM/CDM+ERM/H:3/COM,TOTAL,910.0,264785162.0,66196294.0,0.0,407362.0,330981454.0,162633.0,0.0,448.0,650.0
SAU,Saudi Arabia,COM,S,S/LFM/CDM+ERM/H:4-7/COM,TOTAL,870.0,677428138.0,169357031.0,0.0,1042197.0,846785172.0,416672.0,0.0,1198.0,650.0
SAU,Saudi Arabia,COM,S,S/LFM/CDM+ERM/H:>7/COM,TOTAL,99.0,203357087.0,50839271.0,0.0,312857.0,254196357.0,125199.0,0.0,3160.0,650.0
SYR,Syria,RES,CR-,CR/LDUAL/CDL+ERL/H:10/RES,URBAN,1117.0,751241951.0,132572108.0,89718.0,2683007.0,883814058.0,1142687.0,22358.0,2402.0,280.0
SYR,Syria,RES,CR-,CR/LDUAL/CDL+ERL/H:10/RES,RURAL,7.0,1497358.0,264240.0,1483.0,9358.0,1761598.0,3986.0,134.0,1337.0,160.0
SYR,Syria,COM,CR-,CR/LDUAL/CDL+ERL/H:4/COM,TOTAL,1655.0,624992492.0,110292793.0,0.0,1736090.0,735285285.0,1036173.0,0.0,1049.0,360.0
SYR,Syria,RES,CR-,CR/LDUAL/CDL+ERL/H:4/RES,RURAL,16547.0,1482907497.0,261689559.0,779156.0,9268172.0,1744597056.0,3932136.0,132402.0,560.0,160.0
SYR,Syria,COM,CR-,CR/LDUAL/CDL+ERL/H:5/COM,TOTAL,763.0,401687392.0,70886010.0,0.0,1029968.0,472573402.0,615153.0,0.0,1350.0,390.0
SYR,Syria,RES,CR-,CR/LDUAL/CDL+ERL/H:5/RES,URBAN,5365.0,1674173491.0,295442380.0,300214.0,6439129.0,1969615872.0,2733635.0,53659.0,1200.0,260.0
SYR,Syria,RES,CR-,CR/LDUAL/CDL+ERL/H:5/RES,RURAL,5004.0,561213840.0,99037735.0,214716.0,3507586.0,660251575.0,1489093.0,50108.0,701.0,160.0
SYR,Syria,RES,CR-,CR/LDUAL/CDL+ERL/H:6/RES,URBAN,16774.0,6279338387.0,1108118535.0,818764.0,24151301.0,7387456926.0,10259653.0,201261.0,1440.0,260.0
SYR,Syria,RES,CR-,CR/LDUAL/CDL+ERL/H:6/RES,RURAL,1218.0,163656694.0,28880591.0,54054.0,1022854.0,192537286.0,434516.0,14612.0,840.0,160.0
SYR,Syria,RES,CR-,CR/LDUAL/CDL+ERL/H:7/RES,URBAN,16907.0,7952943447.0,1403460609.0,899612.0,28403369.0,9356404060.0,12073706.0,236695.0,1680.0,280.0
SYR,Syria,RES,CR-,CR/LDUAL/CDL+ERL/H:7/RES,RURAL,287.0,44893397.0,7922362.0,14552.0,280584.0,52815762.0,119271.0,4008.0,978.0,160.0
SYR,Syria,RES,CR-,CR/LDUAL/CDL+ERL/H:8/RES,URBAN,6910.0,3716452037.0,655844477.0,421196.0,13273043.0,4372296513.0,5645724.0,110609.0,1921.0,280.0
SYR,Syria,RES,CR-,CR/LDUAL/CDL+ERL/H:8/RES,RURAL,80.0,14137808.0,2494908.0,4482.0,88361.0,16632715.0,37585.0,1262.0,1105.0,160.0
SYR,Syria,RES,CR-,CR/LDUAL/CDL+ERL/H:9/RES,URBAN,2259.0,1366664783.0,241176135.0,167689.0,4880946.0,1607840923.0,2077454.0,42934.0,2161.0,280.0
SYR,Syria,RES,CR-,CR/LDUAL/CDL+ERL/H:9/RES,RURAL,23.0,4587930.0,809635.0,3061.0,28675.0,5397565.0,12205.0,410.0,1247.0,160.0
SYR,Syria,RES,CR-,CR/LDUAL/CDL+ERL/H:>10/RES,URBAN,889.0,596621273.0,105286107.0,72222.0,2130790.0,701907381.0,908080.0,17757.0,2397.0,280.0
SYR,Syria,RES,CR-,CR/LDUAL/CDL+ERL/H:>10/RES,RURAL,24.0,5483260.0,967634.0,2299.0,34270.0,6450895.0,14605.0,490.0,1428.0,160.0
SYR,Syria,COM,CR-,CR/LDUAL/CDL+ERL/H:>5/COM,TOTAL,5676.0,4495925268.0,793398576.0,0.0,10218012.0,5289323846.0,6106954.0,0.0,1800.0,440.0
SYR,Syria,RES,CR+,CR/LDUAL/CDM+ERM/H:10/RES,URBAN,32.0,22320609.0,3938932.0,2502.0,79716.0,26259540.0,33951.0,664.0,2491.0,280.0
SYR,Syria,COM,CR+,CR/LDUAL/CDM+ERM/H:4/COM,TOTAL,110.0,41158470.0,7263259.0,0.0,114329.0,48421728.0,68237.0,0.0,1039.0,360.0
SYR,Syria,RES,CR+,CR/LDUAL/CDM+ERM/H:4/RES,RURAL,205.0,18273165.0,3224673.0,9976.0,114207.0,21497841.0,48454.0,1632.0,557.0,160.0
SYR,Syria,COM,CR+,CR/LDUAL/CDM+ERM/H:5/COM,TOTAL,31.0,16260016.0,2869415.0,0.0,41692.0,19129431.0,24901.0,0.0,1345.0,390.0
SYR,Syria,RES,CR+,CR/LDUAL/CDM+ERM/H:5/RES,URBAN,374.0,116204835.0,20506735.0,20795.0,446942.0,136711571.0,189742.0,3725.0,1195.0,260.0
SYR,Syria,RES,CR+,CR/LDUAL/CDM+ERM/H:5/RES,RURAL,69.0,7685468.0,1356259.0,2694.0,48034.0,9041728.0,20392.0,686.0,696.0,160.0
SYR,Syria,RES,CR+,CR/LDUAL/CDM+ERM/H:6/RES,URBAN,1339.0,500534491.0,88329618.0,64487.0,1925133.0,588864108.0,817811.0,16043.0,1438.0,260.0
SYR,Syria,RES,CR+,CR/LDUAL/CDM+ERM/H:6/RES,RURAL,16.0,2186815.0,385908.0,605.0,13668.0,2572723.0,5806.0,195.0,854.0,160.0
SYR,Syria,RES,CR+,CR/LDUAL/CDM+ERM/H:7/RES,URBAN,1016.0,475368114.0,83888492.0,52653.0,1697743.0,559256606.0,721677.0,14148.0,1671.0,280.0
SYR,Syria,RES,CR+,CR/LDUAL/CDM+ERM/H:7/RES,RURAL,3.0,336000.0,59294.0,84.0,2100.0,395294.0,893.0,30.0,700.0,160.0
SYR,Syria,RES,CR+,CR/LDUAL/CDM+ERM/H:8/RES,URBAN,356.0,188775168.0,33313263.0,20676.0,674197.0,222088429.0,286772.0,5618.0,1894.0,280.0
SYR,Syria,RES,CR+,CR/LDUAL/CDM+ERM/H:8/RES,RURAL,1.0,134400.0,23718.0,17.0,840.0,158118.0,357.0,12.0,840.0,160.0
SYR,Syria,RES,CR+,CR/LDUAL/CDM+ERM/H:9/RES,URBAN,90.0,53424166.0,9427793.0,6247.0,190801.0,62851957.0,81210.0,1678.0,2120.0,280.0
SYR,Syria,RES,CR+,CR/LDUAL/CDM+ERM/H:>10/RES,URBAN,24.0,17389215.0,3068685.0,2045.0,62104.0,20457901.0,26467.0,518.0,2588.0,280.0
SYR,Syria,COM,CR+,CR/LDUAL/CDM+ERM/H:>5/COM,TOTAL,391.0,310814060.0,54849541.0,0.0,706396.0,365663600.0,422188.0,0.0,1807.0,440.0
SYR,Syria,COM,CR-,CR/LFINF/CDL+ERL/H:1/COM,TOTAL,1548.0,55720064.0,9832955.0,0.0,185734.0,65553018.0,105487.0,0.0,120.0,300.0
SYR,Syria,IND,CR-,CR/LFINF/CDL+ERL/H:1/IND,TOTAL,70.0,7528916.0,2509640.0,0.0,25096.0,10038552.0,14042.0,0.0,359.0,300.0
SYR,Syria,RES,CR-,CR/LFINF/CDL+ERL/H:1/RES,RURAL,80.0,1022269.0,180400.0,205.0,6389.0,1202670.0,2468.0,80.0,80.0,160.0
SYR,Syria,COM,CR-,CR/LFINF/CDL+ERL/H:2/COM,TOTAL,537.0,38682157.0,6826264.0,0.0,128941.0,45508421.0,73282.0,0.0,240.0,300.0
SYR,Syria,IND,CR-,CR/LFINF/CDL+ERL/H:2/IND,TOTAL,1005.0,174915582.0,58305193.0,0.0,583052.0,233220774.0,326496.0,0.0,580.0,300.0
SYR,Syria,RES,CR-,CR/LFINF/CDL+ERL/H:2/RES,RURAL,76.0,974974.0,172054.0,332.0,6094.0,1147030.0,2355.0,76.0,80.0,160.0
SYR,Syria,COM,CR-,CR/LFINF/CDL+ERL/H:3/COM,TOTAL,596.0,106076997.0,18719469.0,0.0,321445.0,124796468.0,182813.0,0.0,539.0,330.0
SYR,Syria,RES,CR-,CR/LFINF/CDL+ERL/H:3/RES,URBAN,8898.0,498115871.0,87902800.0,73278.0,1915830.0,586018672.0,741019.0,15331.0,215.0,260.0
SYR,Syria,RES,CR-,CR/LFINF/CDL+ERL/H:3/RES,RURAL,1721.0,22030902.0,3887808.0,8894.0,137693.0,25918711.0,53258.0,1721.0,80.0,160.0
SYR,Syria,COM,CR-,CR/LFINF/CDL+ERL/H:4/COM,TOTAL,231.0,87749643.0,15485232.0,0.0,243749.0,103234875.0,138720.0,0.0,1055.0,360.0
SYR,Syria,RES,CR-,CR/LFINF/CDL+ERL/H:4/RES,URBAN,2872.0,715833257.0,126323515.0,97647.0,2753205.0,842156772.0,1065580.0,22943.0,959.0,260.0
SYR,Syria,RES,CR-,CR/LFINF/CDL+ERL/H:4/RES,RURAL,136.0,12111581.0,2137333.0,4154.0,75697.0,14248923.0,29297.0,1081.0,557.0,160.0
SYR,Syria,COM,CR-,CR/LFINF/CDL+ERL/H:5/COM,TOTAL,164.0,87029198.0,15358092.0,0.0,223152.0,102387291.0,127084.0,0.0,1361.0,390.0
SYR,Syria,RES,CR-,CR/LFINF/CDL+ERL/H:5/RES,URBAN,2119.0,659584192.0,116397210.0,81458.0,2536862.0,775981402.0,982471.0,21141.0,1197.0,260.0
SYR,Syria,RES,CR-,CR/LFINF/CDL+ERL/H:6/RES,URBAN,529.0,197975979.0,34936938.0,22662.0,761446.0,232912915.0,295078.0,6345.0,1439.0,260.0
SYR,Syria,COM,CR+,CR/LFINF/CDM+ERM/H:1/COM,TOTAL,2982.0,107346349.0,18943472.0,0.0,357821.0,126289822.0,203225.0,0.0,120.0,300.0
SYR,Syria,IND,CR+,CR/LFINF/CDM+ERM/H:1/IND,TOTAL,134.0,14524056.0,4841354.0,0.0,48414.0,19365408.0,27089.0,0.0,361.0,300.0
SYR,Syria,RES,CR+,CR/LFINF/CDM+ERM/H:1/RES,RURAL,78.0,996334.0,175824.0,193.0,6227.0,1172158.0,2406.0,78.0,80.0,160.0
SYR,Syria,COM,CR+,CR/LFINF/CDM+ERM/H:2/COM,TOTAL,1048.0,75439155.0,13312793.0,0.0,251464.0,88751948.0,142916.0,0.0,240.0,300.0
SYR,Syria,IND,CR+,CR/LFINF/CDM+ERM/H:2/IND,TOTAL,2293.0,398988235.0,132996079.0,0.0,1329961.0,531984312.0,744748.0,0.0,580.0,300.0
SYR,Syria,RES,CR+,CR/LFINF/CDM+ERM/H:2/RES,RURAL,71.0,913439.0,161195.0,349.0,5709.0,1074636.0,2207.0,71.0,80.0,160.0
SYR,Syria,COM,CR+,CR/LFINF/CDM+ERM/H:3/COM,TOTAL,1114.0,198356348.0,35004062.0,0.0,601080.0,233360407.0,341848.0,0.0,540.0,330.0
SYR,Syria,RES,CR+,CR/LFINF/CDM+ERM/H:3/RES,URBAN,15853.0,884428634.0,156075638.0,130299.0,3401649.0,1040504271.0,1315714.0,27215.0,215.0,260.0
SYR,Syria,RES,CR+,CR/LFINF/CDM+ERM/H:3/RES,RURAL,1586.0,20294463.0,3581375.0,8056.0,126840.0,23875840.0,49061.0,1586.0,80.0,160.0
SYR,Syria,COM,CR+,CR/LFINF/CDM+ERM/H:4/COM,TOTAL,421.0,158519677.0,27974060.0,0.0,440332.0,186493738.0,250597.0,0.0,1046.0,360.0
SYR,Syria,RES,CR+,CR/LFINF/CDM+ERM/H:4/RES,URBAN,5031.0,1256159452.0,221675201.0,171293.0,4831383.0,1477834654.0,1869902.0,40262.0,960.0,260.0
SYR,Syria,RES,CR+,CR/LFINF/CDM+ERM/H:4/RES,RURAL,135.0,12078304.0,2131464.0,4313.0,75489.0,14209774.0,29217.0,1078.0,559.0,160.0
SYR,Syria,COM,CR+,CR/LFINF/CDM+ERM/H:5/COM,TOTAL,320.0,168430811.0,29723084.0,0.0,431874.0,198153897.0,245951.0,0.0,1350.0,390.0
SYR,Syria,RES,CR+,CR/LFINF/CDM+ERM/H:5/RES,URBAN,3574.0,1113127923.0,196434340.0,138576.0,4281261.0,1309562259.0,1658037.0,35677.0,1198.0,260.0
SYR,Syria,RES,CR+,CR/LFINF/CDM+ERM/H:6/RES,URBAN,798.0,297416866.0,52485329.0,32694.0,1143911.0,349902198.0,443292.0,9533.0,1433.0,260.0
SYR,Syria,COM,CR-,CR/LFINF/CDN+ERL/H:1/COM,TOTAL,34706.0,1249399326.0,220482234.0,0.0,4164664.0,1469881560.0,2365321.0,0.0,120.0,300.0
SYR,Syria,IND,CR-,CR/LFINF/CDN+ERL/H:1/IND,TOTAL,1660.0,179325077.0,59775026.0,0.0,597750.0,239100105.0,334460.0,0.0,360.0,300.0
SYR,Syria,RES,CR-,CR/LFINF/CDN+ERL/H:1/RES,RURAL,5808.0,74345407.0,13119778.0,14544.0,464659.0,87465185.0,179496.0,5808.0,80.0,160.0
SYR,Syria,COM,CR-,CR/LFINF/CDN+ERL/H:2/COM,TOTAL,12109.0,871853084.0,153856428.0,0.0,2906177.0,1025709513.0,1651686.0,0.0,240.0,300.0
SYR,Syria,IND,CR-,CR/LFINF/CDN+ERL/H:2/IND,TOTAL,21945.0,3818447567.0,1272815856.0,0.0,12728159.0,5091263421.0,7127486.0,0.0,580.0,300.0
SYR,Syria,RES,CR-,CR/LFINF/CDN+ERL/H:2/RES,RURAL,6516.0,83404622.0,14718465.0,31903.0,521279.0,98123085.0,201496.0,6516.0,80.0,160.0
SYR,Syria,COM,CR-,CR/LFINF/CDN+ERL/H:3/COM,TOTAL,12568.0,2239444827.0,395196147.0,0.0,6786196.0,2634640972.0,3859466.0,0.0,540.0,330.0
SYR,Syria,RES,CR-,CR/LFINF/CDN+ERL/H:3/RES,URBAN,201524.0,11235042541.0,1982654568.0,1677833.0,43211702.0,13217697108.0,16713734.0,345707.0,214.0,260.0
SYR,Syria,RES,CR-,CR/LFINF/CDN+ERL/H:3/RES,RURAL,125198.0,1602537871.0,282800803.0,646634.0,10015862.0,1885338669.0,3874008.0,125198.0,80.0,160.0
SYR,Syria,COM,CR-,CR/LFINF/CDN+ERL/H:4/COM,TOTAL,4937.0,1865912154.0,329278617.0,0.0,5183089.0,2195190769.0,2949746.0,0.0,1050.0,360.0
SYR,Syria,RES,CR-,CR/LFINF/CDN+ERL/H:4/RES,RURAL,9135.0,819061672.0,144540292.0,295643.0,5119135.0,963601967.0,1981272.0,73131.0,560.0,160.0
SYR,Syria,RES,CR-,CR/LFINF/CDN+ERL/H:4/RES,URBAN,74191.0,18517871910.0,3267859746.0,2574191.0,71222584.0,21785731656.0,27565455.0,593522.0,960.0,260.0
SYR,Syria,COM,CR-,CR/LFINF/CDN+ERL/H:5/COM,TOTAL,3762.0,1980590504.0,349515973.0,0.0,5078437.0,2330106477.0,2892150.0,0.0,1350.0,390.0
SYR,Syria,RES,CR-,CR/LFINF/CDN+ERL/H:5/RES,URBAN,52473.0,16372510518.0,2889266565.0,2076448.0,62971194.0,19261777086.0,24387345.0,524760.0,1200.0,260.0
SYR,Syria,RES,CR-,CR/LFINF/CDN+ERL/H:6/RES,URBAN,16419.0,6147395856.0,1084834564.0,732988.0,23643830.0,7232230419.0,9162530.0,197032.0,1440.0,260.0
SYR,Syria,RES,OT,MATO/LN/CDN+ERN/H:1/RES,URBAN,131369.0,3244822375.0,811205593.0,479728.0,17078012.0,4056027967.0,7793800.0,131369.0,130.0,190.0
SYR,Syria,RES,OT,MATO/LN/CDN+ERN/H:1/RES,RURAL,275416.0,3084664703.0,771166177.0,452183.0,22033319.0,3855830883.0,10055226.0,275416.0,80.0,140.0
SYR,Syria,RES,MR|MCF,MCF/LWAL/CDL+ERL/H:1/RES,URBAN,1397.0,47231949.0,8335050.0,5419.0,181661.0,55566998.0,70175.0,1397.0,130.0,260.0
SYR,Syria,RES,MR|MCF,MCF/LWAL/CDL+ERL/H:1/RES,RURAL,5394.0,69041415.0,12183778.0,23804.0,431509.0,81225183.0,166691.0,5394.0,80.0,160.0
SYR,Syria,RES,MR|MCF,MCF/LWAL/CDL+ERL/H:2/RES,URBAN,1014.0,43846940.0,7737696.0,6555.0,168642.0,51584635.0,65187.0,1330.0,166.0,260.0
SYR,Syria,RES,MR|MCF,MCF/LWAL/CDL+ERL/H:2/RES,RURAL,1632.0,20890245.0,3686518.0,8043.0,130564.0,24576754.0,50469.0,1632.0,80.0,160.0
SYR,Syria,RES,MR|MCF,MCF/LWAL/CDM+ERM/H:1/RES,URBAN,2511.0,84870002.0,14977060.0,9518.0,326423.0,99847062.0,126096.0,2511.0,130.0,260.0
SYR,Syria,RES,MR|MCF,MCF/LWAL/CDM+ERM/H:1/RES,RURAL,5114.0,65461709.0,11552073.0,22806.0,409136.0,77013779.0,158048.0,5114.0,80.0,160.0
SYR,Syria,RES,MR|MCF,MCF/LWAL/CDM+ERM/H:2/RES,RURAL,1509.0,19310003.0,3407647.0,7356.0,120688.0,22717654.0,46651.0,1509.0,80.0,160.0
SYR,Syria,RES,MR|MCF,MCF/LWAL/CDM+ERM/H:2/RES,URBAN,1532.0,65677517.0,11590149.0,9030.0,252606.0,77267667.0,97643.0,1990.0,165.0,260.0
SYR,Syria,RES,MR|MCF,MCF/LWAL/CDN+ERL/H:1/RES,URBAN,34259.0,1157953353.0,204344710.0,134564.0,4453667.0,1362298062.0,1720437.0,34259.0,130.0,260.0
SYR,Syria,RES,MR|MCF,MCF/LWAL/CDN+ERL/H:1/RES,RURAL,446626.0,5716813688.0,1008849479.0,1958535.0,35730086.0,6725663166.0,13802413.0,446626.0,80.0,160.0
SYR,Syria,RES,MR|MCF,MCF/LWAL/CDN+ERL/H:2/RES,URBAN,25677.0,1093749653.0,193014645.0,161965.0,4206729.0,1286764299.0,1626077.0,33123.0,164.0,260.0
SYR,Syria,RES,MR|MCF,MCF/LWAL/CDN+ERL/H:2/RES,RURAL,125842.0,1610771657.0,284253822.0,616789.0,10067323.0,1895025482.0,3891443.0,125842.0,80.0,160.0
SYR,Syria,COM,ADO|ST|E,MUR+ADO/LWAL/CDN+ERN/H:1/COM,TOTAL,18238.0,656580665.0,164145166.0,0.0,2188602.0,820725830.0,163416.0,0.0,120.0,300.0
SYR,Syria,RES,ADO|ST|E,MUR+ADO/LWAL/CDN+ERN/H:1/RES,RURAL,104835.0,1174153528.0,293538381.0,492516.0,8386811.0,1467691907.0,484892.0,104835.0,80.0,140.0
SYR,Syria,RES,ADO|ST|E,MUR+ADO/LWAL/CDN+ERN/H:1/RES,URBAN,208521.0,5150465390.0,1287616347.0,1167669.0,27107713.0,6438081738.0,1567259.0,208521.0,130.0,190.0
SYR,Syria,COM,MUR,MUR+CB/LWAL/CDN+ERN/H:1/COM,TOTAL,9431.0,339520037.0,84880009.0,0.0,1131733.0,424400045.0,919978.0,0.0,120.0,300.0
SYR,Syria,IND,MUR,MUR+CB/LWAL/CDN+ERN/H:1/IND,TOTAL,1032.0,111475828.0,37158608.0,0.0,371586.0,148634439.0,284256.0,0.0,360.0,300.0
SYR,Syria,RES,MUR,MUR+CB/LWAL/CDN+ERN/H:1/RES,RURAL,402707.0,4510323400.0,1127580852.0,1456988.0,32216596.0,5637904252.0,20005897.0,402707.0,80.0,140.0
SYR,Syria,RES,MUR,MUR+CB/LWAL/CDN+ERN/H:1/RES,URBAN,343230.0,8477789792.0,2119447449.0,1398281.0,44619946.0,10597237243.0,27708143.0,343230.0,130.0,190.0
SYR,Syria,COM,MUR,MUR+CB/LWAL/CDN+ERN/H:2/COM,TOTAL,3248.0,233924279.0,58481070.0,0.0,779748.0,292405348.0,634205.0,0.0,240.0,300.0
SYR,Syria,IND,MUR,MUR+CB/LWAL/CDN+ERN/H:2/IND,TOTAL,13852.0,2410197613.0,803399202.0,0.0,8033992.0,3213596819.0,6149549.0,0.0,580.0,300.0
SYR,Syria,RES,MUR,MUR+CB/LWAL/CDN+ERN/H:2/RES,URBAN,102063.0,2955934892.0,738983723.0,586424.0,15557552.0,3694918618.0,9665938.0,131922.0,152.0,190.0
SYR,Syria,COM,ADO|ST|E,MUR+STDRE/LWAL/CDN+ERN/H:1/COM,TOTAL,14459.0,520517490.0,130129373.0,0.0,1735058.0,650646862.0,523272.0,0.0,120.0,300.0
SYR,Syria,RES,ADO|ST|E,MUR+STDRE/LWAL/CDN+ERN/H:1/RES,RURAL,309489.0,3961448467.0,990362116.0,1305978.0,24759108.0,4951810581.0,5951932.0,309489.0,80.0,160.0
SYR,Syria,RES,ADO|ST|E,MUR+STDRE/LWAL/CDN+ERN/H:1/RES,URBAN,49961.0,1688678574.0,422169643.0,253106.0,6494918.0,2110848219.0,1561337.0,49961.0,130.0,260.0
SYR,Syria,COM,ADO|ST|E,MUR+STDRE/LWAL/CDN+ERN/H:2/COM,TOTAL,7003.0,504248250.0,126062062.0,0.0,1680827.0,630310310.0,507619.0,0.0,240.0,300.0
SYR,Syria,RES,ADO|ST|E,MUR+STDRE/LWAL/CDN+ERN/H:2/RES,RURAL,23625.0,302401237.0,75600308.0,127880.0,1890008.0,378001547.0,454865.0,23625.0,80.0,160.0
SYR,Syria,RES,ADO|ST|E,MUR+STDRE/LWAL/CDN+ERN/H:2/RES,URBAN,22315.0,917321638.0,229330411.0,125979.0,3528160.0,1146652048.0,849116.0,28788.0,158.0,260.0
SYR,Syria,COM,ADO|ST|E,MUR+STDRE/LWAL/CDN+ERN/H:3/COM,TOTAL,6497.0,1157625747.0,289406436.0,0.0,3507957.0,1447032184.0,1060888.0,0.0,540.0,330.0
SYR,Syria,RES,ADO|ST|E,MUR+STDRE/LWAL/CDN+ERN/H:3/RES,RURAL,47146.0,603465247.0,150866312.0,205576.0,3771658.0,754331560.0,908754.0,47146.0,80.0,160.0
SYR,Syria,RES,ADO|ST|E,MUR+STDRE/LWAL/CDN+ERN/H:3/RES,URBAN,231643.0,12122477195.0,3030619300.0,1751664.0,46624912.0,15153096493.0,11233939.0,396694.0,201.0,260.0
SYR,Syria,IND,S,S/LFM/CDN+ERN/H:1/IND,TOTAL,848.0,91635912.0,39272534.0,0.0,305453.0,130908449.0,111567.0,0.0,360.0,300.0
SYR,Syria,IND,S,S/LFM/CDN+ERN/H:2/IND,TOTAL,10784.0,1876441097.0,804189043.0,0.0,6254804.0,2680630139.0,2285981.0,0.0,580.0,300.0
ARE,United Arab Emirates,IND,CR-,CR+PC/LWAL/CDL+ERL/H:1/IND,TOTAL,761.0,498060128.0,166020043.0,0.0,579140.0,664080173.0,343886.0,0.0,761.0,860.0
ARE,United Arab Emirates,IND,CR-,CR+PC/LWAL/CDL+ERL/H:2/IND,TOTAL,254.0,283980799.0,94660268.0,0.0,330210.0,378641067.0,196231.0,0.0,1300.0,860.0
ARE,United Arab Emirates,IND,CR-,CR+PC/LWAL/CDL+ERM/H:1/IND,TOTAL,254.0,166020082.0,55340025.0,0.0,193047.0,221360111.0,114629.0,0.0,760.0,860.0
ARE,United Arab Emirates,IND,CR-,CR+PC/LWAL/CDL+ERM/H:2/IND,TOTAL,86.0,94417264.0,31472422.0,0.0,109788.0,125889683.0,65243.0,0.0,1277.0,860.0
ARE,United Arab Emirates,COM,CR-,CR/LDUAL/CDL+ERL/H:1/COM,TOTAL,1169.0,197495094.0,34852071.0,0.0,151919.0,232347166.0,90485.0,0.0,130.0,1300.0
ARE,United Arab Emirates,RES,CR-,CR/LDUAL/CDL+ERL/H:1/RES,TOTAL,4597.0,3192040683.0,563301297.0,111773.0,2751759.0,3755341980.0,1165217.0,18384.0,599.0,1160.0
ARE,United Arab Emirates,COM,CR-,CR/LDUAL/CDL+ERL/H:2/COM,TOTAL,587.0,196689991.0,34709995.0,0.0,151300.0,231399986.0,90178.0,0.0,258.0,1300.0
ARE,United Arab Emirates,RES,CR-,CR/LDUAL/CDL+ERL/H:2/RES,TOTAL,2297.0,3192040683.0,563301297.0,111773.0,2751759.0,3755341980.0,1165968.0,18384.0,1198.0,1160.0
ARE,United Arab Emirates,COM,CR-,CR/LDUAL/CDL+ERL/H:3/COM,TOTAL,774.0,454296509.0,80169973.0,0.0,349459.0,534466479.0,208428.0,0.0,451.0,1300.0
ARE,United Arab Emirates,RES,CR-,CR/LDUAL/CDL+ERL/H:3/RES,TOTAL,3066.0,6384085540.0,1126603330.0,223548.0,5503522.0,7510688871.0,2333437.0,36769.0,1795.0,1160.0
ARE,United Arab Emirates,COM,CR-,CR/LDUAL/CDL+ERL/H:4-7/COM,TOTAL,943.0,1458409431.0,257366376.0,0.0,1121853.0,1715775804.0,670493.0,0.0,1190.0,1300.0
ARE,United Arab Emirates,RES,CR-,CR/LDUAL/CDL+ERL/H:4-7/RES,TOTAL,3055.0,12768168687.0,2253206241.0,447121.0,11007042.0,15021374925.0,4675874.0,73544.0,3603.0,1160.0
ARE,United Arab Emirates,COM,CR-,CR/LDUAL/CDL+ERL/H:>7/COM,TOTAL,233.0,956912133.0,168866848.0,0.0,736086.0,1125778983.0,440539.0,0.0,3159.0,1300.0
ARE,United Arab Emirates,RES,CR-,CR/LDUAL/CDL+ERL/H:>7/RES,TOTAL,800.0,6381279784.0,1126108197.0,223373.0,5501103.0,7507387982.0,2339909.0,36745.0,6876.0,1160.0
ARE,United Arab Emirates,COM,CR+,CR/LDUAL/CDM+ERM/H:1/COM,TOTAL,388.0,65275612.0,11519225.0,0.0,50212.0,76794835.0,29907.0,0.0,129.0,1300.0
ARE,United Arab Emirates,RES,CR+,CR/LDUAL/CDM+ERM/H:1/RES,TOTAL,1534.0,1064013944.0,187767166.0,37264.0,917253.0,1251781109.0,388406.0,6129.0,598.0,1160.0
ARE,United Arab Emirates,COM,CR+,CR/LDUAL/CDM+ERM/H:2/COM,TOTAL,197.0,64621885.0,11403861.0,0.0,49709.0,76025745.0,29628.0,0.0,252.0,1300.0
ARE,United Arab Emirates,RES,CR+,CR/LDUAL/CDM+ERM/H:2/RES,TOTAL,766.0,1063545882.0,187684567.0,37231.0,916850.0,1251230448.0,388485.0,6125.0,1197.0,1160.0
ARE,United Arab Emirates,COM,CR+,CR/LDUAL/CDM+ERM/H:3/COM,TOTAL,254.0,149515891.0,26385155.0,0.0,115012.0,175901052.0,68597.0,0.0,453.0,1300.0
ARE,United Arab Emirates,RES,CR+,CR/LDUAL/CDM+ERM/H:3/RES,TOTAL,1024.0,2128029000.0,375534530.0,74512.0,1834508.0,2503563528.0,777812.0,12255.0,1792.0,1160.0
ARE,United Arab Emirates,COM,CR+,CR/LDUAL/CDM+ERM/H:4-7/COM,TOTAL,315.0,482091167.0,85074911.0,0.0,370839.0,567166082.0,221638.0,0.0,1177.0,1300.0
ARE,United Arab Emirates,RES,CR+,CR/LDUAL/CDM+ERM/H:4-7/RES,TOTAL,1019.0,4256056263.0,751068752.0,149042.0,3669014.0,5007125015.0,1558625.0,24515.0,3601.0,1160.0
ARE,United Arab Emirates,COM,CR+,CR/LDUAL/CDM+ERM/H:>7/COM,TOTAL,71.0,293298088.0,51758486.0,0.0,225614.0,345056577.0,135027.0,0.0,3178.0,1300.0
ARE,United Arab Emirates,RES,CR+,CR/LDUAL/CDM+ERM/H:>7/RES,TOTAL,266.0,2121740056.0,374424716.0,74262.0,1829086.0,2496164771.0,778007.0,12207.0,6876.0,1160.0
ARE,United Arab Emirates,COM,CR-,CR/LFINF/CDL+ERL/H:1/COM,TOTAL,2688.0,454443913.0,80195981.0,0.0,349572.0,534639898.0,198540.0,0.0,130.0,1300.0
ARE,United Arab Emirates,IND,CR-,CR/LFINF/CDL+ERL/H:1/IND,TOTAL,761.0,498060128.0,166020043.0,0.0,579140.0,664080173.0,324047.0,0.0,761.0,860.0
ARE,United Arab Emirates,RES,CR-,CR/LFINF/CDL+ERL/H:1/RES,TOTAL,53175.0,20234570047.0,3570806480.0,649767.0,17443595.0,23805376521.0,6738403.0,109016.0,328.0,1160.0
ARE,United Arab Emirates,COM,CR-,CR/LFINF/CDL+ERL/H:2/COM,TOTAL,1347.0,454321760.0,80174425.0,0.0,349478.0,534496189.0,198621.0,0.0,259.0,1300.0
ARE,United Arab Emirates,IND,CR-,CR/LFINF/CDL+ERL/H:2/IND,TOTAL,254.0,283980799.0,94660268.0,0.0,330210.0,378641067.0,184910.0,0.0,1300.0,860.0
ARE,United Arab Emirates,RES,CR-,CR/LFINF/CDL+ERL/H:2/RES,TOTAL,43907.0,20234570047.0,3570806480.0,649767.0,17443595.0,23805376521.0,6742681.0,109016.0,397.0,1160.0
ARE,United Arab Emirates,COM,CR-,CR/LFINF/CDL+ERL/H:3/COM,TOTAL,1787.0,1048430289.0,185017109.0,0.0,806485.0,1233447395.0,458667.0,0.0,451.0,1300.0
ARE,United Arab Emirates,RES,CR-,CR/LFINF/CDL+ERL/H:3/RES,TOTAL,81676.0,40469128826.0,7141610968.0,1299455.0,34887180.0,47610739794.0,13493916.0,218019.0,427.0,1160.0
ARE,United Arab Emirates,COM,CR-,CR/LFINF/CDL+ERL/H:4-7/COM,TOTAL,2152.0,3355877341.0,592213649.0,0.0,2581444.0,3948090992.0,1471120.0,0.0,1200.0,1300.0
ARE,United Arab Emirates,RES,CR-,CR/LFINF/CDL+ERL/H:4-7/RES,TOTAL,151063.0,80938267389.0,14283223658.0,2598935.0,69774368.0,95221491051.0,27039177.0,436041.0,462.0,1160.0
ARE,United Arab Emirates,COM,CR-,CR/LFINF/CDL+ERL/H:>7/COM,TOTAL,533.0,2224437437.0,392547783.0,0.0,1711106.0,2616985222.0,976453.0,0.0,3210.0,1300.0
ARE,United Arab Emirates,RES,CR-,CR/LFINF/CDL+ERL/H:>7/RES,TOTAL,72617.0,40469128826.0,7141610968.0,1299455.0,34887180.0,47610739794.0,13536701.0,218019.0,480.0,1160.0
ARE,United Arab Emirates,COM,CR+,CR/LFINF/CDM+ERM/H:1/COM,TOTAL,898.0,151366549.0,26711740.0,0.0,116436.0,178078289.0,66130.0,0.0,130.0,1300.0
ARE,United Arab Emirates,IND,CR+,CR/LFINF/CDM+ERM/H:1/IND,TOTAL,254.0,166020082.0,55340025.0,0.0,193047.0,221360111.0,108016.0,0.0,760.0,860.0
ARE,United Arab Emirates,RES,CR+,CR/LFINF/CDM+ERM/H:1/RES,TOTAL,17728.0,6744793205.0,1190257627.0,216590.0,5814477.0,7935050833.0,2246113.0,36339.0,328.0,1160.0
ARE,United Arab Emirates,COM,CR+,CR/LFINF/CDM+ERM/H:2/COM,TOTAL,450.0,150443762.0,26548896.0,0.0,115726.0,176992657.0,65771.0,0.0,257.0,1300.0
ARE,United Arab Emirates,IND,CR+,CR/LFINF/CDM+ERM/H:2/IND,TOTAL,86.0,94417264.0,31472422.0,0.0,109788.0,125889683.0,61479.0,0.0,1277.0,860.0
ARE,United Arab Emirates,RES,CR+,CR/LFINF/CDM+ERM/H:2/RES,TOTAL,14639.0,6744793205.0,1190257627.0,216590.0,5814477.0,7935050833.0,2247539.0,36339.0,397.0,1160.0
ARE,United Arab Emirates,COM,CR+,CR/LFINF/CDM+ERM/H:3/COM,TOTAL,593.0,347571417.0,61336132.0,0.0,267363.0,408907548.0,152055.0,0.0,451.0,1300.0
ARE,United Arab Emirates,RES,CR+,CR/LFINF/CDM+ERM/H:3/RES,TOTAL,27225.0,13489711177.0,2380537265.0,433149.0,11629061.0,15870248441.0,4497973.0,72673.0,427.0,1160.0
ARE,United Arab Emirates,COM,CR+,CR/LFINF/CDM+ERM/H:4-7/COM,TOTAL,721.0,1116893020.0,197098772.0,0.0,859148.0,1313991792.0,489614.0,0.0,1192.0,1300.0
ARE,United Arab Emirates,RES,CR+,CR/LFINF/CDM+ERM/H:4-7/RES,TOTAL,50350.0,26979420183.0,4761074154.0,866287.0,23258121.0,31740494334.0,9013058.0,145342.0,462.0,1160.0
ARE,United Arab Emirates,COM,CR+,CR/LFINF/CDM+ERM/H:>7/COM,TOTAL,178.0,726992052.0,128292717.0,0.0,559225.0,855284771.0,319125.0,0.0,3142.0,1300.0
ARE,United Arab Emirates,RES,CR+,CR/LFINF/CDM+ERM/H:>7/RES,TOTAL,24207.0,13489711177.0,2380537265.0,433149.0,11629061.0,15870248441.0,4512234.0,72673.0,480.0,1160.0
ARE,United Arab Emirates,COM,CR-,CR/LWAL/CDL+ERL/H:1/COM,TOTAL,1169.0,197495094.0,34852071.0,0.0,151919.0,232347166.0,94687.0,0.0,130.0,1300.0
ARE,United Arab Emirates,IND,CR-,CR/LWAL/CDL+ERL/H:1/IND,TOTAL,383.0,249031046.0,83010348.0,0.0,289571.0,332041393.0,171944.0,0.0,756.0,860.0
ARE,United Arab Emirates,COM,CR-,CR/LWAL/CDL+ERL/H:2/COM,TOTAL,587.0,196689991.0,34709995.0,0.0,151300.0,231399986.0,94367.0,0.0,258.0,1300.0
ARE,United Arab Emirates,IND,CR-,CR/LWAL/CDL+ERL/H:2/IND,TOTAL,128.0,141629078.0,47209693.0,0.0,164685.0,188838772.0,97866.0,0.0,1287.0,860.0
ARE,United Arab Emirates,COM,CR-,CR/LWAL/CDL+ERL/H:3/COM,TOTAL,774.0,454296509.0,80169973.0,0.0,349459.0,534466479.0,218111.0,0.0,451.0,1300.0
ARE,United Arab Emirates,COM,CR-,CR/LWAL/CDL+ERL/H:4-7/COM,TOTAL,943.0,1458409431.0,257366376.0,0.0,1121853.0,1715775804.0,701662.0,0.0,1190.0,1300.0
ARE,United Arab Emirates,COM,CR-,CR/LWAL/CDL+ERL/H:>7/COM,TOTAL,233.0,956912133.0,168866848.0,0.0,736086.0,1125778983.0,461026.0,0.0,3159.0,1300.0
ARE,United Arab Emirates,COM,CR+,CR/LWAL/CDM+ERM/H:1/COM,TOTAL,388.0,65275612.0,11519225.0,0.0,50212.0,76794835.0,31296.0,0.0,129.0,1300.0
ARE,United Arab Emirates,IND,CR+,CR/LWAL/CDM+ERM/H:1/IND,TOTAL,128.0,82799035.0,27599677.0,0.0,96278.0,110398714.0,57169.0,0.0,752.0,860.0
ARE,United Arab Emirates,COM,CR+,CR/LWAL/CDM+ERM/H:2/COM,TOTAL,197.0,64621885.0,11403861.0,0.0,49709.0,76025745.0,31004.0,0.0,252.0,1300.0
ARE,United Arab Emirates,IND,CR+,CR/LWAL/CDM+ERM/H:2/IND,TOTAL,42.0,45943728.0,15314575.0,0.0,53423.0,61258307.0,31747.0,0.0,1272.0,860.0
ARE,United Arab Emirates,COM,CR+,CR/LWAL/CDM+ERM/H:3/COM,TOTAL,254.0,149515891.0,26385155.0,0.0,115012.0,175901052.0,71784.0,0.0,453.0,1300.0
ARE,United Arab Emirates,COM,CR+,CR/LWAL/CDM+ERM/H:4-7/COM,TOTAL,315.0,482091167.0,85074911.0,0.0,370839.0,567166082.0,231941.0,0.0,1177.0,1300.0
ARE,United Arab Emirates,COM,CR+,CR/LWAL/CDM+ERM/H:>7/COM,TOTAL,71.0,293298088.0,51758486.0,0.0,225614.0,345056577.0,141307.0,0.0,3178.0,1300.0
ARE,United Arab Emirates,RES,OT,MATO/LN/CDN+ERN/H:1/RES,TOTAL,5094.0,221571974.0,55392995.0,29112.0,254680.0,276964968.0,122787.0,5094.0,50.0,870.0
ARE,United Arab Emirates,RES,MR|MCF,MCF+CB/LWAL/CDL+ERL/H:1/RES,TOTAL,30490.0,5315010037.0,937942948.0,174566.0,4581905.0,6252952985.0,1965644.0,31855.0,150.0,1160.0
ARE,United Arab Emirates,RES,MR|MCF,MCF+CB/LWAL/CDL+ERL/H:2/RES,TOTAL,60682.0,10630107512.0,1875901330.0,349162.0,9163886.0,12506008839.0,3933795.0,63714.0,151.0,1160.0
ARE,United Arab Emirates,RES,MR|MCF,MCF+CB/LWAL/CDL+ERL/H:3-6/RES,TOTAL,60682.0,10630107512.0,1875901330.0,349162.0,9163886.0,12506008839.0,3938745.0,63714.0,151.0,1160.0
ARE,United Arab Emirates,RES,MR|MCF,MCF+CB/LWAL/CDM+ERM/H:1/RES,TOTAL,10166.0,1771588503.0,312633262.0,58205.0,1527231.0,2084221766.0,655185.0,10622.0,150.0,1160.0
ARE,United Arab Emirates,RES,MR|MCF,MCF+CB/LWAL/CDM+ERM/H:2/RES,TOTAL,20226.0,3543286929.0,625285933.0,116376.0,3054558.0,4168572857.0,1311235.0,21237.0,151.0,1160.0
ARE,United Arab Emirates,RES,MR|MCF,MCF+CB/LWAL/CDM+ERM/H:3-6/RES,TOTAL,20226.0,3543286929.0,625285933.0,116376.0,3054558.0,4168572857.0,1312885.0,21237.0,151.0,1160.0
ARE,United Arab Emirates,COM,MR|MCF,MCF/LWAL/CDL+ERL/H:1/COM,TOTAL,2332.0,395136261.0,69729929.0,0.0,303951.0,464866197.0,172629.0,0.0,130.0,1300.0
ARE,United Arab Emirates,IND,MR|MCF,MCF/LWAL/CDL+ERL/H:1/IND,TOTAL,383.0,249031046.0,83010348.0,0.0,289571.0,332041393.0,162024.0,0.0,756.0,860.0
ARE,United Arab Emirates,COM,MR|MCF,MCF/LWAL/CDL+ERL/H:2/COM,TOTAL,2332.0,790274029.0,139460119.0,0.0,607903.0,929734154.0,345494.0,0.0,261.0,1300.0
ARE,United Arab Emirates,IND,MR|MCF,MCF/LWAL/CDL+ERL/H:2/IND,TOTAL,128.0,141629078.0,47209693.0,0.0,164685.0,188838772.0,92220.0,0.0,1287.0,860.0
ARE,United Arab Emirates,COM,MR|MCF,MCF/LWAL/CDL+ERL/H:3-6/COM,TOTAL,943.0,1093814056.0,193026008.0,0.0,841395.0,1286840068.0,478846.0,0.0,892.0,1300.0
ARE,United Arab Emirates,COM,MR|MCF,MCF/LWAL/CDM+ERM/H:1/COM,TOTAL,774.0,131238974.0,23159820.0,0.0,100953.0,154398801.0,57336.0,0.0,130.0,1300.0
ARE,United Arab Emirates,IND,MR|MCF,MCF/LWAL/CDM+ERM/H:1/IND,TOTAL,128.0,82799035.0,27599677.0,0.0,96278.0,110398714.0,53871.0,0.0,752.0,860.0
ARE,United Arab Emirates,COM,MR|MCF,MCF/LWAL/CDM+ERM/H:2/COM,TOTAL,774.0,262483435.0,46320606.0,0.0,201910.0,308804039.0,114753.0,0.0,261.0,1300.0
ARE,United Arab Emirates,IND,MR|MCF,MCF/LWAL/CDM+ERM/H:2/IND,TOTAL,42.0,45943728.0,15314575.0,0.0,53423.0,61258307.0,29916.0,0.0,1272.0,860.0
ARE,United Arab Emirates,COM,MR|MCF,MCF/LWAL/CDM+ERM/H:3-6/COM,TOTAL,315.0,361574803.0,63807321.0,0.0,278134.0,425382121.0,158289.0,0.0,883.0,1300.0
ARE,United Arab Emirates,COM,MR|MCF,MR+CB/LWAL/CDL+ERL/H:1/COM,TOTAL,6899.0,1166148452.0,205790901.0,0.0,897037.0,1371939357.0,667275.0,0.0,130.0,1300.0
ARE,United Arab Emirates,IND,MR|MCF,MR+CB/LWAL/CDL+ERL/H:1/IND,TOTAL,190.0,124197754.0,41399252.0,0.0,144416.0,165597006.0,99371.0,0.0,760.0,860.0
ARE,United Arab Emirates,COM,MR|MCF,MR+CB/LWAL/CDL+ERL/H:2/COM,TOTAL,4596.0,1554699242.0,274358687.0,0.0,1195922.0,1829057936.0,890109.0,0.0,260.0,1300.0
ARE,United Arab Emirates,IND,MR|MCF,MR+CB/LWAL/CDL+ERL/H:2/IND,TOTAL,63.0,69752539.0,23250846.0,0.0,81108.0,93003389.0,55843.0,0.0,1287.0,860.0
ARE,United Arab Emirates,COM,MR|MCF,MR+CB/LWAL/CDL+ERL/H:3-6/COM,TOTAL,1381.0,1613770772.0,284783078.0,0.0,1241362.0,1898553844.0,924973.0,0.0,899.0,1300.0
ARE,United Arab Emirates,COM,MR|MCF,MR+CB/LWAL/CDM+ERM/H:1/COM,TOTAL,2302.0,388611951.0,68578579.0,0.0,298932.0,457190528.0,222366.0,0.0,130.0,1300.0
ARE,United Arab Emirates,IND,MR|MCF,MR+CB/LWAL/CDM+ERM/H:1/IND,TOTAL,63.0,40775811.0,13591938.0,0.0,47414.0,54367748.0,32625.0,0.0,753.0,860.0
ARE,United Arab Emirates,COM,MR|MCF,MR+CB/LWAL/CDM+ERM/H:2/COM,TOTAL,1533.0,518000254.0,91411809.0,0.0,398462.0,609412069.0,296570.0,0.0,260.0,1300.0
ARE,United Arab Emirates,IND,MR|MCF,MR+CB/LWAL/CDM+ERM/H:2/IND,TOTAL,21.0,22157004.0,7385669.0,0.0,25764.0,29542674.0,17739.0,0.0,1227.0,860.0
ARE,United Arab Emirates,COM,MR|MCF,MR+CB/LWAL/CDM+ERM/H:3-6/COM,TOTAL,461.0,534990112.0,94410018.0,0.0,411531.0,629400135.0,306643.0,0.0,893.0,1300.0
ARE,United Arab Emirates,COM,MUR,MUR+CB/LWAL/CDN+ERN/H:1/COM,TOTAL,9195.0,1166146219.0,291536553.0,0.0,1196047.0,1457682765.0,889699.0,0.0,130.0,975.0
ARE,United Arab Emirates,IND,MUR,MUR+CB/LWAL/CDN+ERN/H:1/IND,TOTAL,254.0,124515062.0,41505022.0,0.0,193047.0,166020082.0,132833.0,0.0,760.0,645.0
ARE,United Arab Emirates,COM,MUR,MUR+CB/LWAL/CDN+ERN/H:2/COM,TOTAL,6138.0,1554863114.0,388715775.0,0.0,1594731.0,1943578889.0,1186937.0,0.0,260.0,975.0
ARE,United Arab Emirates,IND,MUR,MUR+CB/LWAL/CDN+ERN/H:2/IND,TOTAL,86.0,70812947.0,23604315.0,0.0,109788.0,94417264.0,75590.0,0.0,1277.0,645.0
ARE,United Arab Emirates,COM,MUR,MUR+CB/LWAL/CDN+ERN/H:3/COM,TOTAL,1837.0,1614247085.0,403561772.0,0.0,1655638.0,2017808855.0,1232965.0,0.0,901.0,975.0
ARE,United Arab Emirates,COM,S,S/LFM/CDL+ERL/H:1/COM,TOTAL,898.0,151366549.0,37841635.0,0.0,116436.0,189208181.0,46442.0,0.0,130.0,1300.0
ARE,United Arab Emirates,IND,S,S/LFM/CDL+ERL/H:1/IND,TOTAL,1145.0,747090387.0,320181595.0,0.0,868710.0,1067271983.0,317297.0,0.0,759.0,860.0
ARE,United Arab Emirates,COM,S,S/LFM/CDL+ERL/H:2/COM,TOTAL,450.0,150443762.0,37610938.0,0.0,115726.0,188054697.0,46180.0,0.0,257.0,1300.0
ARE,United Arab Emirates,IND,S,S/LFM/CDL+ERL/H:2/IND,TOTAL,383.0,425972461.0,182559626.0,0.0,495317.0,608532086.0,181026.0,0.0,1293.0,860.0
ARE,United Arab Emirates,COM,S,S/LFM/CDL+ERL/H:3/COM,TOTAL,593.0,347571417.0,86892859.0,0.0,267363.0,434464272.0,106741.0,0.0,451.0,1300.0
ARE,United Arab Emirates,COM,S,S/LFM/CDL+ERL/H:4-7/COM,TOTAL,721.0,1116893020.0,279223259.0,0.0,859148.0,1396116275.0,343489.0,0.0,1192.0,1300.0
ARE,United Arab Emirates,COM,S,S/LFM/CDL+ERL/H:>7/COM,TOTAL,178.0,726992052.0,181748015.0,0.0,559225.0,908740067.0,223790.0,0.0,3142.0,1300.0
ARE,United Arab Emirates,COM,S,S/LFM/CDM+ERM/H:1/COM,TOTAL,298.0,49939080.0,12484768.0,0.0,38415.0,62423847.0,15322.0,0.0,129.0,1300.0
ARE,United Arab Emirates,IND,S,S/LFM/CDM+ERM/H:1/IND,TOTAL,383.0,249031046.0,106727590.0,0.0,289571.0,355758636.0,105766.0,0.0,756.0,860.0
ARE,United Arab Emirates,COM,S,S/LFM/CDM+ERM/H:2/COM,TOTAL,151.0,48874685.0,12218671.0,0.0,37596.0,61093355.0,15003.0,0.0,249.0,1300.0
ARE,United Arab Emirates,IND,S,S/LFM/CDM+ERM/H:2/IND,TOTAL,128.0,141629078.0,60698177.0,0.0,164685.0,202327256.0,60188.0,0.0,1287.0,860.0
ARE,United Arab Emirates,COM,S,S/LFM/CDM+ERM/H:3/COM,TOTAL,194.0,113588243.0,28397060.0,0.0,87376.0,141985304.0,34884.0,0.0,450.0,1300.0
ARE,United Arab Emirates,COM,S,S/LFM/CDM+ERM/H:4-7/COM,TOTAL,240.0,367129004.0,91782253.0,0.0,282407.0,458911257.0,112907.0,0.0,1177.0,1300.0
ARE,United Arab Emirates,COM,S,S/LFM/CDM+ERM/H:>7/COM,TOTAL,55.0,219086039.0,54771511.0,0.0,168528.0,273857547.0,67441.0,0.0,3064.0,1300.0
YEM,Yemen,IND,CR-,CR+PC/LWAL/CDL+ERL/H:1/IND,TOTAL,6003.0,950918712.0,316972906.0,0.0,2161179.0,1267891618.0,1283280.0,0.0,360.0,440.0
YEM,Yemen,IND,CR-,CR+PC/LWAL/CDL+ERL/H:2/IND,TOTAL,2002.0,510581429.0,170193810.0,0.0,1160412.0,680775242.0,689589.0,0.0,580.0,440.0
YEM,Yemen,IND,CR-,CR+PC/LWAL/CDL+ERM/H:1/IND,TOTAL,2823.0,447491784.0,149163930.0,0.0,1017027.0,596655716.0,603897.0,0.0,360.0,440.0
YEM,Yemen,IND,CR-,CR+PC/LWAL/CDL+ERM/H:2/IND,TOTAL,943.0,240200958.0,80066986.0,0.0,545911.0,320267944.0,324414.0,0.0,579.0,440.0
YEM,Yemen,RES,CR-,CR/LDUAL/CDL+ERL/H:1/RES,URBAN,1811.0,47146162.0,8319909.0,12391.0,181331.0,55466073.0,76784.0,1811.0,100.0,260.0
YEM,Yemen,RES,CR-,CR/LDUAL/CDL+ERL/H:2/RES,URBAN,5446.0,184098364.0,32487947.0,37267.0,708071.0,216586313.0,300022.0,5446.0,130.0,260.0
YEM,Yemen,RES,CR-,CR/LDUAL/CDL+ERL/H:3/RES,URBAN,4242.0,188274093.0,33224839.0,43493.0,724131.0,221498936.0,307024.0,6356.0,171.0,260.0
YEM,Yemen,RES,CR-,CR/LDUAL/CDL+ERL/H:4-7/RES,URBAN,379.0,106079604.0,18719930.0,31037.0,407998.0,124799535.0,173321.0,4536.0,1077.0,260.0
YEM,Yemen,RES,CR+,CR/LDUAL/CDM+ERM/H:1/RES,URBAN,852.0,22186624.0,3915286.0,5832.0,85333.0,26101910.0,36134.0,852.0,100.0,260.0
YEM,Yemen,RES,CR+,CR/LDUAL/CDM+ERM/H:2/RES,URBAN,2568.0,86635414.0,15288604.0,17573.0,333213.0,101924014.0,141188.0,2568.0,130.0,260.0
YEM,Yemen,RES,CR+,CR/LDUAL/CDM+ERM/H:3/RES,URBAN,1990.0,88446273.0,15608170.0,20403.0,340178.0,104054436.0,144232.0,2982.0,171.0,260.0
YEM,Yemen,RES,CR+,CR/LDUAL/CDM+ERM/H:4-7/RES,URBAN,181.0,49646073.0,8761071.0,14499.0,190946.0,58407147.0,81116.0,2119.0,1055.0,260.0
YEM,Yemen,COM,CR-,CR/LFINF/CDL+ERL/H:1/COM,TOTAL,10064.0,422718151.0,74597323.0,0.0,1006472.0,497315474.0,571626.0,0.0,100.0,420.0
YEM,Yemen,IND,CR-,CR/LFINF/CDL+ERL/H:1/IND,TOTAL,6003.0,950918712.0,316972906.0,0.0,2161179.0,1267891618.0,1209248.0,0.0,360.0,440.0
YEM,Yemen,RES,CR-,CR/LFINF/CDL+ERL/H:1/RES,RURAL,175578.0,3862711079.0,681654897.0,1230948.0,17557778.0,4544365977.0,6782511.0,175578.0,100.0,220.0
YEM,Yemen,RES,CR-,CR/LFINF/CDL+ERL/H:1/RES,URBAN,218724.0,5686960691.0,1003581301.0,1529076.0,21872926.0,6690541987.0,8449438.0,218724.0,100.0,260.0
YEM,Yemen,COM,CR-,CR/LFINF/CDL+ERL/H:2/COM,TOTAL,7546.0,634074892.0,111895568.0,0.0,1509702.0,745970470.0,858019.0,0.0,200.0,420.0
YEM,Yemen,IND,CR-,CR/LFINF/CDL+ERL/H:2/IND,TOTAL,2002.0,510581429.0,170193810.0,0.0,1160412.0,680775242.0,649805.0,0.0,580.0,440.0
YEM,Yemen,RES,CR-,CR/LFINF/CDL+ERL/H:2/RES,RURAL,180807.0,5171008264.0,912530869.0,1266770.0,23504583.0,6083539135.0,9085507.0,180807.0,130.0,220.0
YEM,Yemen,RES,CR-,CR/LFINF/CDL+ERL/H:2/RES,URBAN,255033.0,8620373205.0,1521242328.0,1777548.0,33155282.0,10141615541.0,12815907.0,255033.0,130.0,260.0
YEM,Yemen,COM,CR-,CR/LFINF/CDL+ERL/H:3/COM,TOTAL,8393.0,1373834816.0,242441439.0,0.0,3271035.0,1616276261.0,1860313.0,0.0,390.0,420.0
YEM,Yemen,RES,CR-,CR/LFINF/CDL+ERL/H:3/RES,URBAN,109224.0,4855974736.0,856936719.0,1137246.0,18676826.0,5712911452.0,7223958.0,163826.0,171.0,260.0
YEM,Yemen,RES,CR-,CR/LFINF/CDL+ERL/H:3/RES,RURAL,63749.0,2398286656.0,423227055.0,669179.0,10901303.0,2821513711.0,4216485.0,95628.0,171.0,220.0
YEM,Yemen,COM,CR-,CR/LFINF/CDL+ERL/H:4-7/COM,TOTAL,8055.0,4058094709.0,716134357.0,0.0,9662130.0,4774229076.0,5506281.0,0.0,1200.0,420.0
YEM,Yemen,RES,CR-,CR/LFINF/CDL+ERL/H:4-7/RES,URBAN,3784.0,1062108860.0,187430977.0,310607.0,4085034.0,1249539836.0,1583045.0,45388.0,1080.0,260.0
YEM,Yemen,RES,CR-,CR/LFINF/CDL+ERL/H:4-7/RES,RURAL,543.0,129236514.0,22806442.0,44722.0,587439.0,152042957.0,227646.0,6527.0,1082.0,220.0
YEM,Yemen,COM,CR-,CR/LFINF/CDL+ERL/H:>7/COM,TOTAL,1000.0,1207386064.0,213068129.0,0.0,2874729.0,1420454198.0,1640481.0,0.0,2875.0,420.0
YEM,Yemen,COM,CR+,CR/LFINF/CDM+ERM/H:1/COM,TOTAL,4737.0,198893810.0,35098906.0,0.0,473557.0,233992710.0,268957.0,0.0,100.0,420.0
YEM,Yemen,IND,CR+,CR/LFINF/CDM+ERM/H:1/IND,TOTAL,2823.0,447491784.0,149163930.0,0.0,1017027.0,596655716.0,569059.0,0.0,360.0,440.0
YEM,Yemen,RES,CR+,CR/LFINF/CDM+ERM/H:1/RES,RURAL,82624.0,1817747259.0,320778929.0,579262.0,8262488.0,2138526188.0,3191771.0,82624.0,100.0,220.0
YEM,Yemen,RES,CR+,CR/LFINF/CDM+ERM/H:1/RES,URBAN,102933.0,2676215703.0,472273357.0,719590.0,10293137.0,3148489060.0,3976205.0,102933.0,100.0,260.0
YEM,Yemen,COM,CR+,CR/LFINF/CDM+ERM/H:2/COM,TOTAL,3554.0,298305913.0,52642218.0,0.0,710252.0,350948145.0,403663.0,0.0,200.0,420.0
YEM,Yemen,IND,CR+,CR/LFINF/CDM+ERM/H:2/IND,TOTAL,943.0,240200958.0,80066986.0,0.0,545911.0,320267944.0,305698.0,0.0,579.0,440.0
YEM,Yemen,RES,CR+,CR/LFINF/CDM+ERM/H:2/RES,URBAN,120020.0,4056646297.0,715878758.0,836523.0,15602486.0,4772525052.0,6031015.0,120020.0,130.0,260.0
YEM,Yemen,RES,CR+,CR/LFINF/CDM+ERM/H:2/RES,RURAL,85082.0,2433347772.0,429414312.0,596099.0,11060672.0,2862762086.0,4275414.0,85082.0,130.0,220.0
YEM,Yemen,COM,CR+,CR/LFINF/CDM+ERM/H:3/COM,TOTAL,3945.0,646323087.0,114057014.0,0.0,1538865.0,760380105.0,875188.0,0.0,390.0,420.0
YEM,Yemen,RES,CR+,CR/LFINF/CDM+ERM/H:3/RES,URBAN,51395.0,2284815979.0,403202823.0,535080.0,8787754.0,2688018798.0,3398991.0,77081.0,171.0,260.0
YEM,Yemen,RES,CR+,CR/LFINF/CDM+ERM/H:3/RES,RURAL,30001.0,1128557032.0,199157123.0,314888.0,5129805.0,1327714154.0,1984143.0,44999.0,171.0,220.0
YEM,Yemen,COM,CR+,CR/LFINF/CDM+ERM/H:4-7/COM,TOTAL,3784.0,1909138076.0,336906718.0,0.0,4545567.0,2246044792.0,2590440.0,0.0,1201.0,420.0
YEM,Yemen,RES,CR+,CR/LFINF/CDM+ERM/H:4-7/RES,URBAN,1774.0,499199887.0,88094097.0,145962.0,1920000.0,587293984.0,744044.0,21331.0,1082.0,260.0
YEM,Yemen,RES,CR+,CR/LFINF/CDM+ERM/H:4-7/RES,RURAL,257.0,60816943.0,10732402.0,21029.0,276441.0,71549345.0,107127.0,3069.0,1076.0,220.0
YEM,Yemen,COM,CR+,CR/LFINF/CDM+ERM/H:>7/COM,TOTAL,469.0,558768382.0,98606185.0,0.0,1330401.0,657374561.0,759201.0,0.0,2837.0,420.0
YEM,Yemen,IND,CR-,CR/LWAL/CDL+ERL/H:1/IND,TOTAL,3000.0,475459117.0,158486374.0,0.0,1080589.0,633945487.0,641640.0,0.0,360.0,440.0
YEM,Yemen,IND,CR-,CR/LWAL/CDL+ERL/H:2/IND,TOTAL,997.0,255212932.0,85070978.0,0.0,580029.0,340283903.0,344689.0,0.0,582.0,440.0
YEM,Yemen,IND,CR+,CR/LWAL/CDM+ERM/H:1/IND,TOTAL,1412.0,223634091.0,74544695.0,0.0,508259.0,298178784.0,301798.0,0.0,360.0,440.0
YEM,Yemen,IND,CR+,CR/LWAL/CDM+ERM/H:2/IND,TOTAL,469.0,120099277.0,40033090.0,0.0,272953.0,160132370.0,162206.0,0.0,582.0,440.0
YEM,Yemen,RES,ADO|ST|E,EU/LWAL/CDN+ERN/H:1/RES,RURAL,257806.0,1546829293.0,386707325.0,1653052.0,25780488.0,1933536617.0,2287675.0,257806.0,100.0,60.0
YEM,Yemen,RES,ADO|ST|E,EU/LWAL/CDN+ERN/H:1/RES,URBAN,28104.0,337224909.0,84306228.0,201786.0,2810208.0,421531136.0,249369.0,28104.0,100.0,120.0
YEM,Yemen,RES,OT,INF/LN/CDN+ERN/H:1/EWV/RES,URBAN,7023.0,112408608.0,28102152.0,50425.0,702554.0,140510761.0,9512.0,7023.0,100.0,160.0
YEM,Yemen,RES,OT,INF/LN/CDN+ERN/H:1/EWV/RES,RURAL,64451.0,451158633.0,112789658.0,413259.0,6445123.0,563948293.0,87258.0,64451.0,100.0,70.0
YEM,Yemen,RES,OT,MATO/LN/CDN+ERN/H:1/RES,RURAL,77281.0,540946191.0,135236549.0,561334.0,7727803.0,676182739.0,3526695.0,77281.0,100.0,70.0
YEM,Yemen,RES,OT,MATO/LN/CDN+ERN/H:1/RES,URBAN,31173.0,498769887.0,124692474.0,218392.0,3117312.0,623462363.0,1422631.0,31173.0,100.0,160.0
YEM,Yemen,COM,MR|MCF,MCF/LWAL/CDL+ERL/H:1/COM,TOTAL,13414.0,563626940.0,140906733.0,0.0,1341969.0,704533669.0,762171.0,0.0,100.0,420.0
YEM,Yemen,IND,MR|MCF,MCF/LWAL/CDL+ERL/H:1/IND,TOTAL,3000.0,475459117.0,158486374.0,0.0,1080589.0,633945487.0,604624.0,0.0,360.0,440.0
YEM,Yemen,COM,MR|MCF,MCF/LWAL/CDL+ERL/H:2/COM,TOTAL,13414.0,1127249302.0,281812324.0,0.0,2683927.0,1409061622.0,1525374.0,0.0,200.0,420.0
YEM,Yemen,IND,MR|MCF,MCF/LWAL/CDL+ERL/H:2/IND,TOTAL,997.0,255212932.0,85070978.0,0.0,580029.0,340283903.0,324804.0,0.0,582.0,440.0
YEM,Yemen,COM,MR|MCF,MCF/LWAL/CDL+ERL/H:3-6/COM,TOTAL,5370.0,1983621669.0,495905417.0,0.0,4722909.0,2479527093.0,2687853.0,0.0,879.0,420.0
YEM,Yemen,COM,MR|MCF,MCF/LWAL/CDM+ERM/H:1/COM,TOTAL,6309.0,265215932.0,66303984.0,0.0,631466.0,331519913.0,358642.0,0.0,100.0,420.0
YEM,Yemen,IND,MR|MCF,MCF/LWAL/CDM+ERM/H:1/IND,TOTAL,1412.0,223634091.0,74544695.0,0.0,508259.0,298178784.0,284387.0,0.0,360.0,440.0
YEM,Yemen,COM,MR|MCF,MCF/LWAL/CDM+ERM/H:2/COM,TOTAL,6309.0,530432162.0,132608034.0,0.0,1262934.0,663040192.0,717772.0,0.0,200.0,420.0
YEM,Yemen,IND,MR|MCF,MCF/LWAL/CDM+ERM/H:2/IND,TOTAL,469.0,120099277.0,40033090.0,0.0,272953.0,160132370.0,152848.0,0.0,582.0,440.0
YEM,Yemen,COM,MR|MCF,MCF/LWAL/CDM+ERM/H:3-6/COM,TOTAL,2526.0,931944748.0,232986187.0,0.0,2218916.0,1164930945.0,1262807.0,0.0,878.0,420.0
YEM,Yemen,RES,OT,ME+MEO/LWAL/CDN+ERM/H:1/RES,RURAL,14159.0,99128754.0,24782188.0,96441.0,1416125.0,123910945.0,55834.0,14159.0,100.0,70.0
YEM,Yemen,RES,OT,ME+MEO/LWAL/CDN+ERM/H:1/RES,URBAN,41833.0,669305927.0,167326480.0,271842.0,4183162.0,836632405.0,164931.0,41833.0,100.0,160.0
YEM,Yemen,IND,MR|MCF,MR+CB/LWAL/CDL+ERL/H:1/IND,TOTAL,1498.0,237611912.0,79203971.0,0.0,540027.0,316815882.0,371586.0,0.0,360.0,440.0
YEM,Yemen,IND,MR|MCF,MR+CB/LWAL/CDL+ERL/H:2/IND,TOTAL,499.0,127606867.0,42535624.0,0.0,290016.0,170142490.0,199678.0,0.0,581.0,440.0
YEM,Yemen,IND,MR|MCF,MR+CB/LWAL/CDM+ERM/H:1/IND,TOTAL,707.0,111818874.0,37272958.0,0.0,254134.0,149091836.0,174866.0,0.0,359.0,440.0
YEM,Yemen,IND,MR|MCF,MR+CB/LWAL/CDM+ERM/H:2/IND,TOTAL,237.0,59949306.0,19983104.0,0.0,136248.0,79932410.0,93808.0,0.0,575.0,440.0
YEM,Yemen,COM,ADO|ST|E,MUR+ADO/LWAL/CDN+ERN/H:1/COM,TOTAL,29613.0,532882942.0,133220743.0,0.0,2960461.0,666103683.0,221048.0,0.0,100.0,180.0
YEM,Yemen,RES,ADO|ST|E,MUR+ADO/LWAL/CDN+ERN/H:1/RES,URBAN,122899.0,1474805135.0,368701282.0,860818.0,12290043.0,1843506418.0,710561.0,122899.0,100.0,120.0
YEM,Yemen,RES,ADO|ST|E,MUR+ADO/LWAL/CDN+ERN/H:1/RES,RURAL,317957.0,1907723818.0,476930954.0,2229907.0,31795397.0,2384654772.0,1838282.0,317957.0,100.0,60.0
YEM,Yemen,COM,ADO|ST|E,MUR+ADO/LWAL/CDN+ERN/H:2/COM,TOTAL,9874.0,355225005.0,88806258.0,0.0,1973472.0,444031261.0,147840.0,0.0,200.0,180.0
YEM,Yemen,RES,ADO|ST|E,MUR+ADO/LWAL/CDN+ERN/H:2/RES,URBAN,122899.0,1917246138.0,479311535.0,860818.0,15977051.0,2396557675.0,926329.0,122899.0,130.0,120.0
YEM,Yemen,RES,ADO|ST|E,MUR+ADO/LWAL/CDN+ERN/H:2/RES,RURAL,317957.0,2480040602.0,620010149.0,2229907.0,41334010.0,3100050752.0,2396492.0,317957.0,130.0,60.0
YEM,Yemen,COM,MUR,MUR+CB/LWAL/CDN+ERN/H:1/COM,TOTAL,37005.0,888138270.0,222034569.0,0.0,3700576.0,1110172843.0,3008172.0,0.0,100.0,240.0
YEM,Yemen,IND,MUR,MUR+CB/LWAL/CDN+ERN/H:1/IND,TOTAL,2208.0,135047911.0,45015972.0,0.0,794399.0,180063881.0,607699.0,0.0,360.0,170.0
YEM,Yemen,RES,MUR,MUR+CB/LWAL/CDN+ERN/H:1/RES,URBAN,97772.0,1857627339.0,464406835.0,680954.0,9776986.0,2322034172.0,6071323.0,97772.0,100.0,190.0
YEM,Yemen,RES,MUR,MUR+CB/LWAL/CDN+ERN/H:1/RES,RURAL,347300.0,4862177520.0,1215544382.0,2433514.0,34729839.0,6077721899.0,21566574.0,347300.0,100.0,140.0
YEM,Yemen,COM,MUR,MUR+CB/LWAL/CDN+ERN/H:2/COM,TOTAL,24667.0,1184163258.0,296040811.0,0.0,4934014.0,1480204069.0,4013064.0,0.0,200.0,240.0
YEM,Yemen,IND,MUR,MUR+CB/LWAL/CDN+ERN/H:2/IND,TOTAL,732.0,72503895.0,24167966.0,0.0,426494.0,96671865.0,326456.0,0.0,583.0,170.0
YEM,Yemen,RES,MUR,MUR+CB/LWAL/CDN+ERN/H:2/RES,URBAN,114066.0,2817401772.0,704350441.0,794439.0,14828430.0,3521752217.0,9212933.0,114066.0,130.0,190.0
YEM,Yemen,RES,MUR,MUR+CB/LWAL/CDN+ERN/H:2/RES,RURAL,405180.0,7374303088.0,1843575772.0,2839075.0,52673593.0,9217878862.0,32726207.0,405180.0,130.0,140.0
YEM,Yemen,COM,MUR,MUR+CB/LWAL/CDN+ERN/H:3/COM,TOTAL,7398.0,1562881626.0,390720411.0,0.0,6512007.0,1953602036.0,5299474.0,0.0,880.0,240.0
YEM,Yemen,RES,MUR,MUR+CB/LWAL/CDN+ERN/H:3/RES,URBAN,76046.0,2470643768.0,617660942.0,794422.0,13003388.0,3088304713.0,8083203.0,114065.0,171.0,190.0
YEM,Yemen,RES,MUR,MUR+CB/LWAL/CDN+ERN/H:3/RES,RURAL,270114.0,6466696019.0,1616674004.0,2839042.0,46190686.0,8083370023.0,28713184.0,405175.0,171.0,140.0
YEM,Yemen,COM,MUR,MUR+CL/LWAL/CDN+ERN/H:1/COM,TOTAL,7398.0,177599718.0,44399931.0,0.0,739999.0,221999646.0,460596.0,0.0,100.0,240.0
YEM,Yemen,COM,MUR,MUR+CL/LWAL/CDN+ERN/H:2/COM,TOTAL,4935.0,236777646.0,59194413.0,0.0,986574.0,295972059.0,614420.0,0.0,200.0,240.0
YEM,Yemen,COM,MUR,MUR+CL/LWAL/CDN+ERN/H:3/COM,TOTAL,1474.0,310950638.0,77737658.0,0.0,1295628.0,388688295.0,807353.0,0.0,879.0,240.0
YEM,Yemen,COM,ADO|ST|E,MUR+ST/LWAL/CDN+ERN/H:1/COM,TOTAL,29613.0,1006556672.0,251639163.0,0.0,2960461.0,1258195842.0,892838.0,0.0,100.0,340.0
YEM,Yemen,RES,ADO|ST|E,MUR+ST/LWAL/CDN+ERN/H:1/RES,RURAL,419850.0,8816928203.0,2204232049.0,2940871.0,41985372.0,11021160251.0,10093016.0,419850.0,100.0,210.0
YEM,Yemen,RES,ADO|ST|E,MUR+ST/LWAL/CDN+ERN/H:1/RES,URBAN,284932.0,7408252634.0,1852063160.0,1982843.0,28493279.0,9260315796.0,6849603.0,284932.0,100.0,260.0
YEM,Yemen,COM,ADO|ST|E,MUR+ST/LWAL/CDN+ERN/H:2/COM,TOTAL,9874.0,670980570.0,167745145.0,0.0,1973472.0,838725712.0,595999.0,0.0,200.0,340.0
YEM,Yemen,RES,ADO|ST|E,MUR+ST/LWAL/CDN+ERN/H:2/RES,RURAL,419850.0,11462006471.0,2865501618.0,2940871.0,54580983.0,14327508086.0,13135909.0,419850.0,130.0,210.0
YEM,Yemen,RES,ADO|ST|E,MUR+ST/LWAL/CDN+ERN/H:2/RES,URBAN,284932.0,9630729330.0,2407682332.0,1982843.0,37041267.0,12038411663.0,8914656.0,284932.0,130.0,260.0
YEM,Yemen,IND,S,S/LFM/CDL+ERL/H:1/IND,TOTAL,9004.0,1426378792.0,611305196.0,0.0,3241770.0,2037683987.0,1184058.0,0.0,360.0,440.0
YEM,Yemen,IND,S,S/LFM/CDL+ERL/H:2/IND,TOTAL,3000.0,766018090.0,328293468.0,0.0,1740950.0,1094311557.0,636276.0,0.0,580.0,440.0
YEM,Yemen,IND,S,S/LFM/CDM+ERM/H:1/IND,TOTAL,4238.0,671235438.0,287672327.0,0.0,1525535.0,958907769.0,557203.0,0.0,360.0,440.0
YEM,Yemen,IND,S,S/LFM/CDM+ERM/H:2/IND,TOTAL,1412.0,360301207.0,154414802.0,0.0,818866.0,514716010.0,299276.0,0.0,580.0,440.0
