ID_0,NAME_0,OCCUPANCY,BUILDINGS,COST_CONTENTS_USD,COST_NONSTRUCTURAL_USD,COST_STRUCTURAL_USD,DWELLINGS,OCCUPANTS_PER_ASSET,TOTAL_AREA_SQM,TOTAL_REPL_COST_USD,AVG_BUILDING_AREA_SQM,AVG_TOT_COST_PER_AREA_USD
KWT,Kuwait,Com,56124.0,15343269976.0,12300887640.0,12536594583.0,0.0,0.0,21471559.0,40180752219.0,382.57356923954103,1871.347684581264
KWT,Kuwait,Ind,6732.0,2716385679.0,1346494255.0,1198912111.0,0.0,0.0,4628848.0,5261792042.0,687.5888294711824,1136.7389989906776
KWT,Kuwait,Res,569136.0,35362448647.0,58847343661.0,47875870254.0,699582.0,4322264.0,124109369.0,142085662574.0,218.0662776559557,1144.842357340484
