ID_0,NAME_0,OCCUPANCY,BUILDINGS,COST_CONTENTS_USD,COST_NONSTRUCTURAL_USD,COST_STRUCTURAL_USD,DWELLINGS,OCCUPANTS_PER_ASSET,TOTAL_AREA_SQM,TOTAL_REPL_COST_USD,AVG_BUILDING_AREA_SQM,AVG_TOT_COST_PER_AREA_USD
MDG,Madagascar,Com,231233.0,4208306164.0,4546762271.0,5834547855.0,331055.0,0.0,44216840.0,14589616257.0,191.2220141588787,329.9561039866259
MDG,Madagascar,Ind,80016.0,2149332098.0,1617237457.0,2525033240.0,80016.0,0.0,22798310.0,6291602799.0,284.9218906218756,275.967946703067
MDG,Madagascar,Res,5998220.0,14864167110.0,25911913371.0,46640507647.0,6256231.0,27608594.0,470907331.0,87416588135.0,78.50784582759552,185.63437513144174
