ID_0,NAME_0,OCCUPANCY,BUILDINGS,COST_CONTENTS_USD,COST_NONSTRUCTURAL_USD,COST_STRUCTURAL_USD,DWELLINGS,OCCUPANTS_PER_ASSET,TOTAL_AREA_SQM,TOTAL_REPL_COST_USD,AVG_BUILDING_AREA_SQM,AVG_TOT_COST_PER_AREA_USD
BFA,Burkina Faso,Com,129427.0,1574595444.0,1603038052.0,3079277857.0,0.0,0.0,23969949.0,6256911360.0,185.2005300285103,261.0314840469623
BFA,Burkina Faso,Ind,59824.0,1482949066.0,1113035859.0,1771669341.0,0.0,0.0,17054134.0,4367654238.0,285.0717772131586,256.1053078391433
BFA,Burkina Faso,Res,3520478.0,7482897346.0,11798605027.0,23766576412.0,3633162.0,20894848.0,257932644.0,43048078777.0,73.26637007815415,166.89659016948627
