ID_0,NAME_0,OCCUPANCY,BUILDINGS,COST_CONTENTS_USD,COST_NONSTRUCTURAL_USD,COST_STRUCTURAL_USD,DWELLINGS,OCCUPANTS_PER_ASSET,TOTAL_AREA_SQM,TOTAL_REPL_COST_USD,AVG_BUILDING_AREA_SQM,AVG_TOT_COST_PER_AREA_USD
LUX,Luxembourg,Com,9189.7,15261818993.53,9157091396.0,6104727597.45,0.0,0.0,10283381.1004,30523637987.04,1119.011621750438,2968.2492255249294
LUX,Luxembourg,Ind,2099.9999999999995,6583973061.25,2743322108.7,1645993265.33,0.0,0.0,5044251.299999999,10973288435.16,2402.0244285714284,2175.404789043718
LUX,Luxembourg,Res,119597.3389,10407290243.0,26018225607.5,15610935364.51,234576.1412,620000.0,27558108.964,52036451214.94,230.42409820708812,1888.2446282114934
