ID_0,NAME_0,ID_1,NAME_1,OCCUPANCY,BUILDINGS,COST_CONTENTS_USD,COST_NONSTRUCTURAL_USD,COST_STRUCTURAL_USD,DWELLINGS,OCCUPANTS_PER_ASSET,TOTAL_AREA_SQM,TOTAL_REPL_COST_USD,AVG_BUILDING_AREA_SQM,AVG_TOT_COST_PER_AREA_USD
LUX,Luxembourg,1,Diekirch,Com,1463.5,2430481163.64,1458288698.15,972192465.47,0.0,0.0,1637642.415,4860962327.23,1118.990375811411,2968.268458795383
LUX,Luxembourg,1,Diekirch,Ind,179.1638273453981,561718958.48,234049565.99,140429739.65,0.0,0.0,430355.8899999999,936198264.14,2402.0244285714284,2175.40478913859
LUX,Luxembourg,1,Diekirch,Res,18223.624,1554661270.98,3886653177.43,2331991906.44,35743.6064,94298.37793545263,4338919.407,7773306354.83,238.09311512353415,1791.5304769868017
LUX,Luxembourg,2,Grevenmacher,Com,1126.7,1871167115.14,1122700269.09,748466846.07,0.0,0.0,1260784.9894,3742334230.22,1119.0068247093282,2968.257285487634
LUX,Luxembourg,2,Grevenmacher,Ind,112.26587323276298,351978802.41,146657834.33,87994700.57000001,0.0,0.0,269665.37,586631337.33,2402.024428571429,2175.404789016847
LUX,Luxembourg,2,Grevenmacher,Res,14325.0018,1222742216.49,3056855541.24,1834113324.77,28097.3217,73700.88391597972,3407790.5135,6113711082.47,237.89110543078604,1794.0395861337327
LUX,Luxembourg,3,Luxembourg,Com,6599.5,10960170714.75,6576102428.76,4384068285.91,0.0,0.0,7384953.696,21920341429.59,1119.0171522085006,2968.2435844469783
LUX,Luxembourg,3,Luxembourg,Ind,1808.5702994218384,5670275300.36,2362614708.38,1417568825.11,0.0,0.0,4344230.039999999,9450458833.69,2402.024428571429,2175.404789035988
LUX,Luxembourg,3,Luxembourg,Res,87048.71310000001,7629886755.53,19074716888.829998,11444830133.300001,170735.2131,452000.7381485676,19811399.0435,38149433777.64,227.58979814831974,1925.6304763674225
