ID_0,NAME_0,OCCUPANCY,BUILDINGS,COST_CONTENTS_USD,COST_NONSTRUCTURAL_USD,COST_STRUCTURAL_USD,DWELLINGS,OCCUPANTS_PER_ASSET,TOTAL_AREA_SQM,TOTAL_REPL_COST_USD,AVG_BUILDING_AREA_SQM,AVG_TOT_COST_PER_AREA_USD
SVK,Slovakia,Com,58531.6,21788135612.11,13072881367.32,8715254244.75,0.0,0.0,18525224.958021,43576271223.9,316.49954824438424,2352.2667780092174
SVK,Slovakia,Ind,75600.00000000001,61350299378.02,25562624740.26,15337574845.36,0.0,0.0,70023377.32742003,102250498963.31,926.235149833598,1460.2337514398973
SVK,Slovakia,Res,862278.3203405995,36483318240.71,91208295602.08,54724977361.28,1941176.0,5454000.000000001,162804717.5199677,182416591204.15,188.80762009145715,1120.4625638798025
