ID_0,NAME_0,OCCUPANCY,BUILDINGS,COST_CONTENTS_USD,COST_NONSTRUCTURAL_USD,COST_STRUCTURAL_USD,DWELLINGS,OCCUPANTS_PER_ASSET,TOTAL_AREA_SQM,TOTAL_REPL_COST_USD,AVG_BUILDING_AREA_SQM,AVG_TOT_COST_PER_AREA_USD
GBR,United_Kingdom,Com,605750.000076,690383003136.92,414229801882.16003,276153201254.76,0.0,0.0,452507859.05931187,1380766006273.93,747.0208155221433,3051.3635921027126
GBR,United_Kingdom,Ind,201200.00000000003,441113102199.33,183797125918.2,110278275550.36,0.0,0.0,309798021.99175507,735188503664.96,1539.7516003566352,2373.1220068426587
GBR,United_Kingdom,Res,14668220.9031,842078212699.77,2105195531749.56,1263117319049.8,26661825.5001,66834000.00000001,2058343990.7697,4210391063499.57,140.32676521354318,2045.5235288078015
