ID_0,NAME_0,OCCUPANCY,BUILDINGS,COST_CONTENTS_USD,COST_NONSTRUCTURAL_USD,COST_STRUCTURAL_USD,DWELLINGS,OCCUPANTS_PER_ASSET,TOTAL_AREA_SQM,TOTAL_REPL_COST_USD,AVG_BUILDING_AREA_SQM,AVG_TOT_COST_PER_AREA_USD
YEM,Yemen,Com,243198.0,10832455896.0,11573870773.0,10961791753.0,0.0,0.0,63258114.0,33368118430.0,260.10951570325415,527.491515633868
YEM,Yemen,Ind,54873.0,5656796849.0,3711346719.0,2733806608.0,0.0,0.0,22777515.0,12101950179.0,415.09512875184515,531.3112593274552
YEM,Yemen,Res,4080408.0,25376775863.0,63133098873.0,64564745012.0,4356735.0,30476407.0,494818679.0,153074619778.0,121.26696129406668,309.35497440669576
