ID_0,NAME_0,OCCUPANCY,BUILDINGS,COST_CONTENTS_USD,COST_NONSTRUCTURAL_USD,COST_STRUCTURAL_USD,DWELLINGS,OCCUPANTS_PER_ASSET,TOTAL_AREA_SQM,TOTAL_REPL_COST_USD,AVG_BUILDING_AREA_SQM,AVG_TOT_COST_PER_AREA_USD
DNK,Denmark,Com,81989.91,123706130799.42,74223678479.51,49482452320.06,0.0,0.0,69940623.43784,247412261599.22,853.0393976263664,3537.4614842990154
DNK,Denmark,Ind,68481.0,97796041553.56,40748350647.97,24449010388.29,0.0,0.0,70451066.57,162993402589.0,1028.7680753785721,2313.5689851771112
DNK,Denmark,Res,1536289.5533,117788974517.81999,294472436294.79,176683461776.9,2886235.06395,5818999.999999999,285063807.70375,588944872589.52,185.5534375609231,2066.01068488349
