ID_0,NAME_0,OCCUPANCY,BUILDINGS,COST_CONTENTS_USD,COST_NONSTRUCTURAL_USD,COST_STRUCTURAL_USD,DWELLINGS,OCCUPANTS_PER_ASSET,TOTAL_AREA_SQM,TOTAL_REPL_COST_USD,AVG_BUILDING_AREA_SQM,AVG_TOT_COST_PER_AREA_USD
AUT,Austria,Com,94262.1,153073720866.07,91844232519.71,61229488346.58,0.0,0.0,95223383.8,306147441732.32,1010.1979883749672,3215.044766475942
AUT,Austria,Ind,30100.0,71949121018.65,29978800424.15,17987280253.95,0.0,0.0,53639678.53095998,119915201699.26,1782.0491206298996,2235.568985187837
AUT,Austria,Res,2191280.0,162597445866.78,406493614666.72,243896168799.99,4441311.873913322,8877000.0,441455964.4640295,812987229333.39,201.4603174692552,1841.604360970489
