ID_0,NAME_0,OCCUPANCY,BUILDINGS,COST_CONTENTS_USD,COST_NONSTRUCTURAL_USD,COST_STRUCTURAL_USD,DWELLINGS,OCCUPANTS_PER_ASSET,TOTAL_AREA_SQM,TOTAL_REPL_COST_USD,AVG_BUILDING_AREA_SQM,AVG_TOT_COST_PER_AREA_USD
GNQ,Equatorial Guinea,Com,12132.0,249229869.0,218826950.0,339900067.0,0.0,0.0,2280041.0,807956860.0,187.93611935377513,354.3606715844145
GNQ,Equatorial Guinea,Ind,6298.0,235743238.0,153996381.0,202084732.0,0.0,0.0,1792169.0,591824371.0,284.5616068593204,330.2279924493728
GNQ,Equatorial Guinea,Res,209308.0,814886423.0,1211219116.0,1935476810.0,221645.0,1395977.0,17225249.0,3961582359.0,82.29618074798861,229.98694294636903
