ID_0,NAME_0,OCCUPANCY,BUILDINGS,COST_CONTENTS_USD,COST_NONSTRUCTURAL_USD,COST_STRUCTURAL_USD,DWELLINGS,OCCUPANTS_PER_ASSET,TOTAL_AREA_SQM,TOTAL_REPL_COST_USD,AVG_BUILDING_AREA_SQM,AVG_TOT_COST_PER_AREA_USD
BLR,Belarus,Com,61349.7985,14239015828.393536,8543409497.036121,5695606331.357414,0.0,0.0,12302695.999598809,28478031656.78707,200.5336007680418,2314.779757031771
BLR,Belarus,Ind,24388.0,12629572200.0,5262321750.0,3157393050.0,0.0,0.0,7504000.000000001,21049287000.0,307.69230769230774,2805.0755597014922
BLR,Belarus,Res,1630265.5386,32975338272.89428,82438345682.23569,49463007409.341415,3961544.9153,9991862.2801,215975612.81471997,164876691364.47137,132.47879422157834,763.4042066865898
