ID_0,NAME_0,OCCUPANCY,MACRO_TAXONOMY,TAXONOMY,SETTLEMENT,BUILDINGS,BLDG_REPL_COST_USD,COST_CONTENTS_USD,OCCUPANTS_TOTAL,TOTAL_AREA_SQM,TOTAL_REPL_COST_USD,CARBON_BUILDINGS_TON,DWELLINGS,AVG_BUILDING_AREA_SQM,AVG_BLDG_COST_PER_AREA_USD
TJK,Tajikistan,IND,CR+,CR+PC/LFLS/CDH+ERH/H:1/IND:6,TOTAL,1.0,76108.0,25369.0,0.0,152.0,101477.0,93.0,0.0,152.0,501.0
TJK,Tajikistan,IND,CR-,CR+PC/LFLS/CDH+ERL/H:1/IND:2,TOTAL,2.0,150405.0,50134.0,0.0,301.0,200539.0,184.0,0.0,150.0,500.0
TJK,Tajikistan,IND,CR-,CR+PC/LFLS/CDH+ERL/H:1/IND:6,TOTAL,1.0,75241.0,25080.0,0.0,150.0,100321.0,92.0,0.0,150.0,502.0
TJK,Tajikistan,COM,CR-,CR+PC/LFLS/CDH+ERL/H:2/COM:5,TOTAL,1.0,480082.0,84720.0,0.0,960.0,564802.0,566.0,0.0,960.0,500.0
TJK,Tajikistan,IND,CR+,CR+PC/LFLS/CDH+ERM/H:1/IND:6,TOTAL,2.0,150768.0,50255.0,0.0,302.0,201024.0,185.0,0.0,151.0,499.0
TJK,Tajikistan,IND,CR+,CR+PC/LFLS/CDH+ERM/H:2/IND:2,TOTAL,1.0,151401.0,50467.0,0.0,303.0,201868.0,186.0,0.0,303.0,500.0
TJK,Tajikistan,COM,CR-,CR+PC/LFLS/CDL+ERH/H:1/COM:1,TOTAL,2.0,45737.0,8071.0,0.0,91.0,53809.0,54.0,0.0,46.0,503.0
TJK,Tajikistan,COM,CR-,CR+PC/LFLS/CDL+ERH/H:1/COM:2,TOTAL,4.0,205619.0,36286.0,0.0,411.0,241905.0,242.0,0.0,103.0,500.0
TJK,Tajikistan,COM,CR-,CR+PC/LFLS/CDL+ERH/H:1/COM:3,TOTAL,5.0,263577.0,46514.0,0.0,527.0,310090.0,311.0,0.0,105.0,500.0
TJK,Tajikistan,COM,CR-,CR+PC/LFLS/CDL+ERH/H:1/COM:3A,TOTAL,3.0,180494.0,31852.0,0.0,361.0,212347.0,213.0,0.0,120.0,500.0
TJK,Tajikistan,COM,CR-,CR+PC/LFLS/CDL+ERH/H:1/COM:5,TOTAL,1.0,60427.0,10664.0,0.0,121.0,71090.0,71.0,0.0,121.0,499.0
TJK,Tajikistan,IND,CR-,CR+PC/LFLS/CDL+ERH/H:1/IND:1,TOTAL,7.0,1770610.0,590204.0,0.0,3541.0,2360817.0,2169.0,0.0,506.0,500.0
TJK,Tajikistan,IND,CR-,CR+PC/LFLS/CDL+ERH/H:1/IND:2,TOTAL,14.0,1059087.0,353028.0,0.0,2118.0,1412115.0,1298.0,0.0,151.0,500.0
TJK,Tajikistan,IND,CR-,CR+PC/LFLS/CDL+ERH/H:1/IND:3,TOTAL,1.0,155102.0,51701.0,0.0,310.0,206802.0,190.0,0.0,310.0,500.0
TJK,Tajikistan,IND,CR-,CR+PC/LFLS/CDL+ERH/H:1/IND:4,TOTAL,13.0,1973413.0,657806.0,0.0,3947.0,2631218.0,2418.0,0.0,304.0,500.0
TJK,Tajikistan,IND,CR-,CR+PC/LFLS/CDL+ERH/H:1/IND:6,TOTAL,25.0,1901672.0,633887.0,0.0,3803.0,2535558.0,2330.0,0.0,152.0,500.0
TJK,Tajikistan,COM,CR-,CR+PC/LFLS/CDL+ERH/H:2/COM:1,TOTAL,1.0,45605.0,8048.0,0.0,91.0,53653.0,54.0,0.0,91.0,501.0
TJK,Tajikistan,COM,CR-,CR+PC/LFLS/CDL+ERH/H:2/COM:2,TOTAL,1.0,100429.0,17723.0,0.0,201.0,118152.0,118.0,0.0,201.0,500.0
TJK,Tajikistan,COM,CR-,CR+PC/LFLS/CDL+ERH/H:2/COM:3,TOTAL,1.0,487090.0,85957.0,0.0,974.0,573047.0,574.0,0.0,974.0,500.0
TJK,Tajikistan,IND,CR-,CR+PC/LFLS/CDL+ERH/H:2/IND:2,TOTAL,2.0,300428.0,100142.0,0.0,601.0,400570.0,368.0,0.0,300.0,500.0
TJK,Tajikistan,COM,CR-,CR+PC/LFLS/CDL+ERH/H:3/COM:3,TOTAL,1.0,602136.0,106259.0,0.0,1204.0,708395.0,711.0,0.0,1204.0,500.0
TJK,Tajikistan,COM,CR-,CR+PC/LFLS/CDL+ERH/H:3/COM:3A,TOTAL,1.0,270961.0,47817.0,0.0,542.0,318778.0,320.0,0.0,542.0,500.0
TJK,Tajikistan,IND,CR-,CR+PC/LFLS/CDL+ERH/H:>2/IND:2,TOTAL,8.0,1806893.0,602299.0,0.0,3614.0,2409192.0,2217.0,0.0,452.0,500.0
TJK,Tajikistan,COM,CR-,CR+PC/LFLS/CDL+ERL/H:1/COM:1,TOTAL,23.0,521208.0,91978.0,0.0,1042.0,613192.0,614.0,0.0,45.0,500.0
TJK,Tajikistan,COM,CR-,CR+PC/LFLS/CDL+ERL/H:1/COM:2,TOTAL,17.0,864862.0,152624.0,0.0,1730.0,1017486.0,1019.0,0.0,102.0,500.0
TJK,Tajikistan,COM,CR-,CR+PC/LFLS/CDL+ERL/H:1/COM:3,TOTAL,26.0,1325832.0,233971.0,0.0,2652.0,1559803.0,1563.0,0.0,102.0,500.0
TJK,Tajikistan,COM,CR-,CR+PC/LFLS/CDL+ERL/H:1/COM:3A,TOTAL,12.0,539293.0,95170.0,0.0,1079.0,634462.0,636.0,0.0,90.0,500.0
TJK,Tajikistan,COM,CR-,CR+PC/LFLS/CDL+ERL/H:1/COM:5,TOTAL,4.0,90516.0,15974.0,0.0,181.0,106491.0,107.0,0.0,45.0,500.0
TJK,Tajikistan,IND,CR-,CR+PC/LFLS/CDL+ERL/H:1/IND:1,TOTAL,53.0,13373144.0,4457717.0,0.0,26746.0,17830862.0,16384.0,0.0,505.0,500.0
TJK,Tajikistan,IND,CR-,CR+PC/LFLS/CDL+ERL/H:1/IND:2,TOTAL,50.0,3778431.0,1259468.0,0.0,7557.0,5037897.0,4629.0,0.0,151.0,500.0
TJK,Tajikistan,IND,CR-,CR+PC/LFLS/CDL+ERL/H:1/IND:3,TOTAL,5.0,754611.0,251537.0,0.0,1509.0,1006148.0,924.0,0.0,302.0,500.0
TJK,Tajikistan,IND,CR-,CR+PC/LFLS/CDL+ERL/H:1/IND:4,TOTAL,69.0,10313162.0,3437719.0,0.0,20626.0,13750884.0,12635.0,0.0,299.0,500.0
TJK,Tajikistan,IND,CR-,CR+PC/LFLS/CDL+ERL/H:1/IND:6,TOTAL,87.0,6516806.0,2172265.0,0.0,13034.0,8689068.0,7984.0,0.0,150.0,500.0
TJK,Tajikistan,COM,CR-,CR+PC/LFLS/CDL+ERL/H:2/COM:1,TOTAL,10.0,454302.0,80171.0,0.0,909.0,534474.0,536.0,0.0,91.0,500.0
TJK,Tajikistan,COM,CR-,CR+PC/LFLS/CDL+ERL/H:2/COM:2,TOTAL,10.0,1404735.0,247897.0,0.0,2809.0,1652632.0,1657.0,0.0,281.0,500.0
TJK,Tajikistan,COM,CR-,CR+PC/LFLS/CDL+ERL/H:2/COM:3,TOTAL,12.0,2353479.0,415321.0,0.0,4707.0,2768800.0,2776.0,0.0,392.0,500.0
TJK,Tajikistan,COM,CR-,CR+PC/LFLS/CDL+ERL/H:2/COM:3A,TOTAL,5.0,661137.0,116671.0,0.0,1322.0,777808.0,780.0,0.0,264.0,500.0
TJK,Tajikistan,COM,CR-,CR+PC/LFLS/CDL+ERL/H:2/COM:5,TOTAL,3.0,1446087.0,255191.0,0.0,2892.0,1701278.0,1705.0,0.0,964.0,500.0
TJK,Tajikistan,IND,CR-,CR+PC/LFLS/CDL+ERL/H:2/IND:2,TOTAL,26.0,3942685.0,1314227.0,0.0,7885.0,5256910.0,4834.0,0.0,303.0,500.0
TJK,Tajikistan,COM,CR-,CR+PC/LFLS/CDL+ERL/H:3/COM:1,TOTAL,7.0,2372537.0,418683.0,0.0,4745.0,2791222.0,2800.0,0.0,678.0,500.0
TJK,Tajikistan,COM,CR-,CR+PC/LFLS/CDL+ERL/H:3/COM:3,TOTAL,7.0,4240110.0,748256.0,0.0,8480.0,4988366.0,5004.0,0.0,1211.0,500.0
TJK,Tajikistan,RES,CR-,CR+PC/LFLS/CDL+ERL/H:3/RES:2,RURAL,32.0,6454338.0,1139011.0,1477.0,18441.0,7593341.0,6815.0,241.0,576.0,350.0
TJK,Tajikistan,COM,CR-,CR+PC/LFLS/CDL+ERL/H:4/COM:1,TOTAL,1.0,360626.0,63640.0,0.0,721.0,424266.0,426.0,0.0,721.0,500.0
TJK,Tajikistan,COM,CR-,CR+PC/LFLS/CDL+ERL/H:4/COM:2,TOTAL,1.0,601044.0,106067.0,0.0,1202.0,707111.0,710.0,0.0,1202.0,500.0
TJK,Tajikistan,COM,CR-,CR+PC/LFLS/CDL+ERL/H:4/COM:3,TOTAL,1.0,801392.0,141422.0,0.0,1603.0,942814.0,946.0,0.0,1603.0,500.0
TJK,Tajikistan,RES,CR-,CR+PC/LFLS/CDL+ERL/H:4/RES:2,URBAN,736.0,707879666.0,124919925.0,106864.0,1415759.0,832799492.0,523502.0,25498.0,1924.0,500.0
TJK,Tajikistan,COM,CR-,CR+PC/LFLS/CDL+ERL/H:5/COM:1,TOTAL,1.0,450783.0,79550.0,0.0,902.0,530333.0,533.0,0.0,902.0,500.0
TJK,Tajikistan,RES,CR-,CR+PC/LFLS/CDL+ERL/H:5/RES:2,URBAN,46.0,55728795.0,9834485.0,8197.0,111458.0,65563277.0,41238.0,1951.0,2423.0,500.0
TJK,Tajikistan,IND,CR-,CR+PC/LFLS/CDL+ERL/H:>2/IND:2,TOTAL,27.0,6105422.0,2035136.0,0.0,12211.0,8140557.0,7491.0,0.0,452.0,500.0
TJK,Tajikistan,IND,CR-,CR+PC/LFLS/CDL+ERL/H:>2/IND:3,TOTAL,2.0,900986.0,300329.0,0.0,1802.0,1201314.0,1105.0,0.0,901.0,500.0
TJK,Tajikistan,RES,CR-,CR+PC/LFLS/CDL+ERL/H:>5/RES:2,URBAN,17.0,19432601.0,3429279.0,2876.0,38865.0,22861880.0,14388.0,694.0,2286.0,500.0
TJK,Tajikistan,COM,CR-,CR+PC/LFLS/CDL+ERM/H:1/COM:1,TOTAL,10.0,227062.0,40070.0,0.0,454.0,267133.0,268.0,0.0,45.0,500.0
TJK,Tajikistan,COM,CR-,CR+PC/LFLS/CDL+ERM/H:1/COM:2,TOTAL,7.0,352074.0,62132.0,0.0,704.0,414205.0,415.0,0.0,101.0,500.0
TJK,Tajikistan,COM,CR-,CR+PC/LFLS/CDL+ERM/H:1/COM:3,TOTAL,14.0,725980.0,128116.0,0.0,1452.0,854095.0,856.0,0.0,104.0,500.0
TJK,Tajikistan,COM,CR-,CR+PC/LFLS/CDL+ERM/H:1/COM:3A,TOTAL,6.0,212247.0,37456.0,0.0,424.0,249702.0,250.0,0.0,71.0,501.0
TJK,Tajikistan,COM,CR-,CR+PC/LFLS/CDL+ERM/H:1/COM:5,TOTAL,2.0,82683.0,14591.0,0.0,165.0,97274.0,97.0,0.0,82.0,501.0
TJK,Tajikistan,COM,CR-,CR+PC/LFLS/CDL+ERM/H:1/COM:5B,TOTAL,1.0,50467.0,8906.0,0.0,101.0,59373.0,59.0,0.0,101.0,500.0
TJK,Tajikistan,IND,CR-,CR+PC/LFLS/CDL+ERM/H:1/IND:1,TOTAL,16.0,4022091.0,1340696.0,0.0,8044.0,5362785.0,4927.0,0.0,503.0,500.0
TJK,Tajikistan,IND,CR-,CR+PC/LFLS/CDL+ERM/H:1/IND:2,TOTAL,20.0,1510349.0,503446.0,0.0,3021.0,2013795.0,1850.0,0.0,151.0,500.0
TJK,Tajikistan,IND,CR-,CR+PC/LFLS/CDL+ERM/H:1/IND:3,TOTAL,1.0,150261.0,50087.0,0.0,301.0,200348.0,184.0,0.0,301.0,499.0
TJK,Tajikistan,IND,CR-,CR+PC/LFLS/CDL+ERM/H:1/IND:4,TOTAL,40.0,6024134.0,2008044.0,0.0,12048.0,8032178.0,7380.0,0.0,301.0,500.0
TJK,Tajikistan,IND,CR-,CR+PC/LFLS/CDL+ERM/H:1/IND:6,TOTAL,46.0,3470102.0,1156698.0,0.0,6940.0,4626800.0,4251.0,0.0,151.0,500.0
TJK,Tajikistan,COM,CR-,CR+PC/LFLS/CDL+ERM/H:2/COM:1,TOTAL,7.0,361173.0,63736.0,0.0,722.0,424910.0,426.0,0.0,103.0,500.0
TJK,Tajikistan,COM,CR-,CR+PC/LFLS/CDL+ERM/H:2/COM:2,TOTAL,6.0,805348.0,142121.0,0.0,1611.0,947469.0,950.0,0.0,268.0,500.0
TJK,Tajikistan,COM,CR-,CR+PC/LFLS/CDL+ERM/H:2/COM:3,TOTAL,7.0,1084706.0,191419.0,0.0,2169.0,1276125.0,1279.0,0.0,310.0,500.0
TJK,Tajikistan,COM,CR-,CR+PC/LFLS/CDL+ERM/H:2/COM:3A,TOTAL,6.0,2023064.0,357010.0,0.0,4046.0,2380075.0,2386.0,0.0,674.0,500.0
TJK,Tajikistan,COM,CR-,CR+PC/LFLS/CDL+ERM/H:2/COM:5,TOTAL,1.0,45078.0,7955.0,0.0,90.0,53033.0,53.0,0.0,90.0,501.0
TJK,Tajikistan,COM,CR-,CR+PC/LFLS/CDL+ERM/H:2/COM:5B,TOTAL,1.0,801392.0,141422.0,0.0,1603.0,942814.0,945.0,0.0,1603.0,500.0
TJK,Tajikistan,IND,CR-,CR+PC/LFLS/CDL+ERM/H:2/IND:2,TOTAL,14.0,2112248.0,704083.0,0.0,4224.0,2816330.0,2590.0,0.0,302.0,500.0
TJK,Tajikistan,IND,CR-,CR+PC/LFLS/CDL+ERM/H:2/IND:3,TOTAL,1.0,301467.0,100489.0,0.0,603.0,401956.0,370.0,0.0,603.0,500.0
TJK,Tajikistan,COM,CR-,CR+PC/LFLS/CDL+ERM/H:3/COM:1,TOTAL,2.0,545465.0,96259.0,0.0,1091.0,641724.0,644.0,0.0,546.0,500.0
TJK,Tajikistan,COM,CR-,CR+PC/LFLS/CDL+ERM/H:3/COM:3,TOTAL,5.0,3125141.0,551497.0,0.0,6250.0,3676638.0,3688.0,0.0,1250.0,500.0
TJK,Tajikistan,COM,CR-,CR+PC/LFLS/CDL+ERM/H:3/COM:3A,TOTAL,3.0,1712990.0,302292.0,0.0,3426.0,2015283.0,2022.0,0.0,1142.0,500.0
TJK,Tajikistan,COM,CR-,CR+PC/LFLS/CDL+ERM/H:5/COM:3A,TOTAL,1.0,450783.0,79550.0,0.0,902.0,530333.0,533.0,0.0,902.0,500.0
TJK,Tajikistan,IND,CR-,CR+PC/LFLS/CDL+ERM/H:>2/IND:2,TOTAL,10.0,2258467.0,752822.0,0.0,4517.0,3011289.0,2771.0,0.0,452.0,500.0
TJK,Tajikistan,IND,CR-,CR+PC/LFLS/CDL+ERM/H:>2/IND:3,TOTAL,1.0,450783.0,150261.0,0.0,902.0,601044.0,553.0,0.0,902.0,500.0
TJK,Tajikistan,COM,CR+,CR+PC/LWAL/CDH+ERH/H:1/COM:1,TOTAL,2.0,46097.0,8135.0,0.0,92.0,54233.0,60.0,0.0,46.0,501.0
TJK,Tajikistan,COM,CR+,CR+PC/LWAL/CDH+ERH/H:1/COM:3,TOTAL,3.0,154543.0,27273.0,0.0,309.0,181816.0,200.0,0.0,103.0,500.0
TJK,Tajikistan,COM,CR+,CR+PC/LWAL/CDH+ERH/H:1/COM:3A,TOTAL,1.0,60886.0,10745.0,0.0,122.0,71631.0,79.0,0.0,122.0,499.0
TJK,Tajikistan,COM,CR+,CR+PC/LWAL/CDH+ERH/H:1/COM:5A,TOTAL,1.0,23265.0,4106.0,0.0,47.0,27371.0,30.0,0.0,47.0,495.0
TJK,Tajikistan,IND,CR+,CR+PC/LWAL/CDH+ERH/H:1/IND:1,TOTAL,1.0,251905.0,83968.0,0.0,504.0,335873.0,315.0,0.0,504.0,500.0
TJK,Tajikistan,IND,CR+,CR+PC/LWAL/CDH+ERH/H:1/IND:4,TOTAL,2.0,301068.0,100356.0,0.0,602.0,401424.0,376.0,0.0,301.0,500.0
TJK,Tajikistan,IND,CR+,CR+PC/LWAL/CDH+ERH/H:1/IND:6,TOTAL,2.0,151955.0,50651.0,0.0,304.0,202606.0,190.0,0.0,152.0,500.0
TJK,Tajikistan,COM,CR+,CR+PC/LWAL/CDH+ERH/H:2/COM:1,TOTAL,1.0,45605.0,8048.0,0.0,91.0,53653.0,59.0,0.0,91.0,501.0
TJK,Tajikistan,IND,CR+,CR+PC/LWAL/CDH+ERH/H:2/IND:2,TOTAL,1.0,150534.0,50178.0,0.0,301.0,200712.0,188.0,0.0,301.0,500.0
TJK,Tajikistan,COM,CR-,CR+PC/LWAL/CDH+ERL/H:1/COM:1,TOTAL,1.0,22501.0,3971.0,0.0,45.0,26472.0,29.0,0.0,45.0,500.0
TJK,Tajikistan,COM,CR-,CR+PC/LWAL/CDH+ERL/H:1/COM:2,TOTAL,3.0,152732.0,26953.0,0.0,305.0,179685.0,198.0,0.0,102.0,501.0
TJK,Tajikistan,COM,CR-,CR+PC/LWAL/CDH+ERL/H:1/COM:3,TOTAL,5.0,263172.0,46442.0,0.0,526.0,309613.0,341.0,0.0,105.0,500.0
TJK,Tajikistan,COM,CR-,CR+PC/LWAL/CDH+ERL/H:1/COM:5B,TOTAL,1.0,101393.0,17893.0,0.0,203.0,119286.0,131.0,0.0,203.0,499.0
TJK,Tajikistan,IND,CR-,CR+PC/LWAL/CDH+ERL/H:1/IND:4,TOTAL,2.0,304918.0,101640.0,0.0,610.0,406558.0,381.0,0.0,305.0,500.0
TJK,Tajikistan,IND,CR-,CR+PC/LWAL/CDH+ERL/H:1/IND:6,TOTAL,1.0,76188.0,25396.0,0.0,152.0,101584.0,95.0,0.0,152.0,501.0
TJK,Tajikistan,COM,CR+,CR+PC/LWAL/CDH+ERM/H:1/COM:1,TOTAL,1.0,22610.0,3990.0,0.0,45.0,26600.0,29.0,0.0,45.0,502.0
TJK,Tajikistan,COM,CR+,CR+PC/LWAL/CDH+ERM/H:1/COM:2,TOTAL,1.0,50000.0,8824.0,0.0,100.0,58824.0,65.0,0.0,100.0,500.0
TJK,Tajikistan,COM,CR+,CR+PC/LWAL/CDH+ERM/H:1/COM:3,TOTAL,1.0,50556.0,8922.0,0.0,101.0,59477.0,65.0,0.0,101.0,501.0
TJK,Tajikistan,IND,CR+,CR+PC/LWAL/CDH+ERM/H:1/IND:1,TOTAL,1.0,254625.0,84875.0,0.0,509.0,339500.0,318.0,0.0,509.0,500.0
TJK,Tajikistan,IND,CR+,CR+PC/LWAL/CDH+ERM/H:1/IND:6,TOTAL,4.0,302178.0,100724.0,0.0,604.0,402902.0,378.0,0.0,151.0,500.0
TJK,Tajikistan,COM,CR+,CR+PC/LWAL/CDH+ERM/H:2/COM:3,TOTAL,2.0,202784.0,35786.0,0.0,406.0,238570.0,263.0,0.0,203.0,499.0
TJK,Tajikistan,COM,CR+,CR+PC/LWAL/CDH+ERM/H:2/COM:3C,TOTAL,1.0,100174.0,17678.0,0.0,200.0,117852.0,130.0,0.0,200.0,501.0
TJK,Tajikistan,COM,CR+,CR+PC/LWAL/CDH+ERM/H:2/COM:5,TOTAL,1.0,45078.0,7955.0,0.0,90.0,53033.0,58.0,0.0,90.0,501.0
TJK,Tajikistan,IND,CR+,CR+PC/LWAL/CDH+ERM/H:2/IND:2,TOTAL,1.0,151635.0,50545.0,0.0,303.0,202180.0,190.0,0.0,303.0,500.0
TJK,Tajikistan,COM,CR+,CR+PC/LWAL/CDH+ERM/H:3/COM:1,TOTAL,1.0,270216.0,47685.0,0.0,540.0,317901.0,351.0,0.0,540.0,500.0
TJK,Tajikistan,COM,CR-,CR+PC/LWAL/CDL+ERH/H:1/COM:1,TOTAL,19.0,433584.0,76515.0,0.0,867.0,510103.0,562.0,0.0,46.0,500.0
TJK,Tajikistan,COM,CR-,CR+PC/LWAL/CDL+ERH/H:1/COM:2,TOTAL,20.0,1173768.0,207135.0,0.0,2348.0,1380905.0,1521.0,0.0,117.0,500.0
TJK,Tajikistan,COM,CR-,CR+PC/LWAL/CDL+ERH/H:1/COM:3,TOTAL,41.0,2122987.0,374643.0,0.0,4246.0,2497635.0,2750.0,0.0,104.0,500.0
TJK,Tajikistan,COM,CR-,CR+PC/LWAL/CDL+ERH/H:1/COM:3A,TOTAL,16.0,595006.0,105002.0,0.0,1190.0,700009.0,771.0,0.0,74.0,500.0
TJK,Tajikistan,COM,CR-,CR+PC/LWAL/CDL+ERH/H:1/COM:5,TOTAL,4.0,91586.0,16162.0,0.0,183.0,107749.0,119.0,0.0,46.0,500.0
TJK,Tajikistan,COM,CR-,CR+PC/LWAL/CDL+ERH/H:1/COM:5A,TOTAL,2.0,45565.0,8041.0,0.0,91.0,53606.0,59.0,0.0,46.0,501.0
TJK,Tajikistan,IND,CR-,CR+PC/LWAL/CDL+ERH/H:1/IND:1,TOTAL,19.0,4815623.0,1605211.0,0.0,9631.0,6420837.0,6018.0,0.0,507.0,500.0
TJK,Tajikistan,IND,CR-,CR+PC/LWAL/CDL+ERH/H:1/IND:2,TOTAL,7.0,531777.0,177257.0,0.0,1064.0,709034.0,665.0,0.0,152.0,500.0
TJK,Tajikistan,IND,CR-,CR+PC/LWAL/CDL+ERH/H:1/IND:3,TOTAL,2.0,300960.0,100320.0,0.0,602.0,401280.0,376.0,0.0,301.0,500.0
TJK,Tajikistan,IND,CR-,CR+PC/LWAL/CDL+ERH/H:1/IND:4,TOTAL,34.0,5145870.0,1715287.0,0.0,10292.0,6861160.0,6431.0,0.0,303.0,500.0
TJK,Tajikistan,IND,CR-,CR+PC/LWAL/CDL+ERH/H:1/IND:6,TOTAL,49.0,3649218.0,1216399.0,0.0,7298.0,4865617.0,4561.0,0.0,149.0,500.0
TJK,Tajikistan,COM,CR-,CR+PC/LWAL/CDL+ERH/H:2/COM:1,TOTAL,9.0,866961.0,152993.0,0.0,1734.0,1019954.0,1124.0,0.0,193.0,500.0
TJK,Tajikistan,COM,CR-,CR+PC/LWAL/CDL+ERH/H:2/COM:2,TOTAL,9.0,1218244.0,214984.0,0.0,2436.0,1433228.0,1579.0,0.0,271.0,500.0
TJK,Tajikistan,COM,CR-,CR+PC/LWAL/CDL+ERH/H:2/COM:3,TOTAL,10.0,1796059.0,316952.0,0.0,3592.0,2113011.0,2328.0,0.0,359.0,500.0
TJK,Tajikistan,COM,CR-,CR+PC/LWAL/CDL+ERH/H:2/COM:3A,TOTAL,1.0,45050.0,7950.0,0.0,90.0,53000.0,58.0,0.0,90.0,501.0
TJK,Tajikistan,COM,CR-,CR+PC/LWAL/CDL+ERH/H:2/COM:3B,TOTAL,1.0,45100.0,7959.0,0.0,90.0,53059.0,58.0,0.0,90.0,501.0
TJK,Tajikistan,COM,CR-,CR+PC/LWAL/CDL+ERH/H:2/COM:3C,TOTAL,1.0,101345.0,17884.0,0.0,203.0,119229.0,131.0,0.0,203.0,499.0
TJK,Tajikistan,COM,CR-,CR+PC/LWAL/CDL+ERH/H:2/COM:5,TOTAL,1.0,47197.0,8329.0,0.0,94.0,55526.0,61.0,0.0,94.0,502.0
TJK,Tajikistan,IND,CR-,CR+PC/LWAL/CDL+ERH/H:2/IND:2,TOTAL,2.0,301326.0,100442.0,0.0,603.0,401768.0,377.0,0.0,302.0,500.0
TJK,Tajikistan,IND,CR-,CR+PC/LWAL/CDL+ERH/H:2/IND:3,TOTAL,1.0,304035.0,101345.0,0.0,608.0,405380.0,380.0,0.0,608.0,500.0
TJK,Tajikistan,COM,CR-,CR+PC/LWAL/CDL+ERH/H:3/COM:1,TOTAL,7.0,2832525.0,499856.0,0.0,5665.0,3332385.0,3674.0,0.0,809.0,500.0
TJK,Tajikistan,COM,CR-,CR+PC/LWAL/CDL+ERH/H:3/COM:2,TOTAL,2.0,902380.0,159243.0,0.0,1805.0,1061624.0,1171.0,0.0,902.0,500.0
TJK,Tajikistan,COM,CR-,CR+PC/LWAL/CDL+ERH/H:3/COM:3,TOTAL,7.0,4608070.0,813190.0,0.0,9216.0,5421259.0,5977.0,0.0,1317.0,500.0
TJK,Tajikistan,COM,CR-,CR+PC/LWAL/CDL+ERH/H:3/COM:3A,TOTAL,3.0,1717797.0,303141.0,0.0,3436.0,2020937.0,2228.0,0.0,1145.0,500.0
TJK,Tajikistan,COM,CR-,CR+PC/LWAL/CDL+ERH/H:3/COM:3B,TOTAL,1.0,270599.0,47753.0,0.0,541.0,318352.0,351.0,0.0,541.0,500.0
TJK,Tajikistan,RES,CR-,CR+PC/LWAL/CDL+ERH/H:3/RES:2,RURAL,9.0,1595328.0,281529.0,359.0,4558.0,1876857.0,2177.0,82.0,506.0,350.0
TJK,Tajikistan,COM,CR-,CR+PC/LWAL/CDL+ERH/H:4/COM:1,TOTAL,1.0,360799.0,63670.0,0.0,722.0,424470.0,468.0,0.0,722.0,500.0
TJK,Tajikistan,RES,CR-,CR+PC/LWAL/CDL+ERH/H:4/RES:2,URBAN,23.0,23967578.0,4229569.0,3596.0,47935.0,28197147.0,22905.0,851.0,2084.0,500.0
TJK,Tajikistan,RES,CR-,CR+PC/LWAL/CDL+ERH/H:5/RES:2,URBAN,6.0,4755018.0,839121.0,709.0,9510.0,5594139.0,4547.0,166.0,1585.0,500.0
TJK,Tajikistan,IND,CR-,CR+PC/LWAL/CDL+ERH/H:>2/IND:2,TOTAL,6.0,1364113.0,454706.0,0.0,2728.0,1818819.0,1707.0,0.0,455.0,500.0
TJK,Tajikistan,RES,CR-,CR+PC/LWAL/CDL+ERH/H:>5/RES:2,URBAN,3.0,2964637.0,523171.0,438.0,5929.0,3487808.0,2837.0,103.0,1976.0,500.0
TJK,Tajikistan,COM,CR-,CR+PC/LWAL/CDL+ERL/H:1/COM:1,TOTAL,117.0,2677998.0,472589.0,0.0,5356.0,3150597.0,3469.0,0.0,46.0,500.0
TJK,Tajikistan,COM,CR-,CR+PC/LWAL/CDL+ERL/H:1/COM:2,TOTAL,87.0,4522508.0,798093.0,0.0,9045.0,5320603.0,5859.0,0.0,104.0,500.0
TJK,Tajikistan,COM,CR-,CR+PC/LWAL/CDL+ERL/H:1/COM:3,TOTAL,161.0,8227144.0,1451856.0,0.0,16454.0,9679004.0,10658.0,0.0,102.0,500.0
TJK,Tajikistan,COM,CR-,CR+PC/LWAL/CDL+ERL/H:1/COM:3A,TOTAL,42.0,1561000.0,275470.0,0.0,3122.0,1836472.0,2022.0,0.0,74.0,500.0
TJK,Tajikistan,COM,CR-,CR+PC/LWAL/CDL+ERL/H:1/COM:3C,TOTAL,1.0,50369.0,8889.0,0.0,101.0,59258.0,65.0,0.0,101.0,499.0
TJK,Tajikistan,COM,CR-,CR+PC/LWAL/CDL+ERL/H:1/COM:5,TOTAL,22.0,650427.0,114784.0,0.0,1301.0,765209.0,843.0,0.0,59.0,500.0
TJK,Tajikistan,COM,CR-,CR+PC/LWAL/CDL+ERL/H:1/COM:5A,TOTAL,15.0,379384.0,66950.0,0.0,759.0,446337.0,491.0,0.0,51.0,500.0
TJK,Tajikistan,COM,CR-,CR+PC/LWAL/CDL+ERL/H:1/COM:5B,TOTAL,11.0,655968.0,115760.0,0.0,1312.0,771728.0,850.0,0.0,119.0,500.0
TJK,Tajikistan,IND,CR-,CR+PC/LWAL/CDL+ERL/H:1/IND:1,TOTAL,100.0,24975242.0,8325078.0,0.0,49950.0,33300322.0,31213.0,0.0,500.0,500.0
TJK,Tajikistan,IND,CR-,CR+PC/LWAL/CDL+ERL/H:1/IND:2,TOTAL,35.0,2646029.0,882004.0,0.0,5292.0,3528032.0,3307.0,0.0,151.0,500.0
TJK,Tajikistan,IND,CR-,CR+PC/LWAL/CDL+ERL/H:1/IND:3,TOTAL,5.0,763658.0,254552.0,0.0,1527.0,1018210.0,954.0,0.0,305.0,500.0
TJK,Tajikistan,IND,CR-,CR+PC/LWAL/CDL+ERL/H:1/IND:4,TOTAL,175.0,26176576.0,8725516.0,0.0,52353.0,34902098.0,32715.0,0.0,299.0,500.0
TJK,Tajikistan,IND,CR-,CR+PC/LWAL/CDL+ERL/H:1/IND:6,TOTAL,220.0,16521973.0,5507304.0,0.0,33044.0,22029275.0,20649.0,0.0,150.0,500.0
TJK,Tajikistan,COM,CR-,CR+PC/LWAL/CDL+ERL/H:2/COM:1,TOTAL,46.0,2710724.0,478364.0,0.0,5421.0,3189090.0,3514.0,0.0,118.0,500.0
TJK,Tajikistan,COM,CR-,CR+PC/LWAL/CDL+ERL/H:2/COM:2,TOTAL,40.0,7172520.0,1265744.0,0.0,14345.0,8438263.0,9298.0,0.0,359.0,500.0
TJK,Tajikistan,COM,CR-,CR+PC/LWAL/CDL+ERL/H:2/COM:3,TOTAL,61.0,8830347.0,1558302.0,0.0,17661.0,10388649.0,11447.0,0.0,290.0,500.0
TJK,Tajikistan,COM,CR-,CR+PC/LWAL/CDL+ERL/H:2/COM:3A,TOTAL,30.0,6261256.0,1104928.0,0.0,12523.0,7366184.0,8116.0,0.0,417.0,500.0
TJK,Tajikistan,COM,CR-,CR+PC/LWAL/CDL+ERL/H:2/COM:5,TOTAL,14.0,3449158.0,608674.0,0.0,6898.0,4057832.0,4471.0,0.0,493.0,500.0
TJK,Tajikistan,COM,CR-,CR+PC/LWAL/CDL+ERL/H:2/COM:5A,TOTAL,10.0,544649.0,96116.0,0.0,1089.0,640766.0,706.0,0.0,109.0,500.0
TJK,Tajikistan,COM,CR-,CR+PC/LWAL/CDL+ERL/H:2/COM:5B,TOTAL,3.0,1701702.0,300300.0,0.0,3403.0,2002002.0,2206.0,0.0,1134.0,500.0
TJK,Tajikistan,IND,CR-,CR+PC/LWAL/CDL+ERL/H:2/IND:2,TOTAL,18.0,2716802.0,905599.0,0.0,5434.0,3622402.0,3398.0,0.0,302.0,500.0
TJK,Tajikistan,IND,CR-,CR+PC/LWAL/CDL+ERL/H:2/IND:3,TOTAL,4.0,1211115.0,403705.0,0.0,2422.0,1614820.0,1515.0,0.0,606.0,500.0
TJK,Tajikistan,COM,CR-,CR+PC/LWAL/CDL+ERL/H:3/COM:1,TOTAL,19.0,5172161.0,912732.0,0.0,10344.0,6084897.0,6709.0,0.0,544.0,500.0
TJK,Tajikistan,COM,CR-,CR+PC/LWAL/CDL+ERL/H:3/COM:2,TOTAL,6.0,2704693.0,477299.0,0.0,5409.0,3181993.0,3508.0,0.0,902.0,500.0
TJK,Tajikistan,COM,CR-,CR+PC/LWAL/CDL+ERL/H:3/COM:3,TOTAL,37.0,23528411.0,4152076.0,0.0,47057.0,27680487.0,30520.0,0.0,1272.0,500.0
TJK,Tajikistan,COM,CR-,CR+PC/LWAL/CDL+ERL/H:3/COM:3A,TOTAL,12.0,5524184.0,974856.0,0.0,11048.0,6499041.0,7166.0,0.0,921.0,500.0
TJK,Tajikistan,COM,CR-,CR+PC/LWAL/CDL+ERL/H:3/COM:5,TOTAL,3.0,811410.0,143190.0,0.0,1623.0,954600.0,1053.0,0.0,541.0,500.0
TJK,Tajikistan,COM,CR-,CR+PC/LWAL/CDL+ERL/H:3/COM:5A,TOTAL,2.0,540940.0,95460.0,0.0,1082.0,636400.0,702.0,0.0,541.0,500.0
TJK,Tajikistan,RES,CR-,CR+PC/LWAL/CDL+ERL/H:3/RES:2,RURAL,128.0,24680333.0,4355372.0,5665.0,70515.0,29035682.0,33674.0,899.0,551.0,350.0
TJK,Tajikistan,COM,CR-,CR+PC/LWAL/CDL+ERL/H:4/COM:1,TOTAL,5.0,1803657.0,318293.0,0.0,3607.0,2121950.0,2341.0,0.0,721.0,500.0
TJK,Tajikistan,COM,CR-,CR+PC/LWAL/CDL+ERL/H:4/COM:2,TOTAL,3.0,1804008.0,318355.0,0.0,3608.0,2122363.0,2342.0,0.0,1203.0,500.0
TJK,Tajikistan,COM,CR-,CR+PC/LWAL/CDL+ERL/H:4/COM:3,TOTAL,5.0,4008128.0,707316.0,0.0,8016.0,4715444.0,5203.0,0.0,1603.0,500.0
TJK,Tajikistan,COM,CR-,CR+PC/LWAL/CDL+ERL/H:4/COM:3A,TOTAL,1.0,360626.0,63640.0,0.0,721.0,424266.0,468.0,0.0,721.0,500.0
TJK,Tajikistan,COM,CR-,CR+PC/LWAL/CDL+ERL/H:4/COM:5,TOTAL,2.0,721252.0,127280.0,0.0,1443.0,848532.0,936.0,0.0,722.0,500.0
TJK,Tajikistan,RES,CR-,CR+PC/LWAL/CDL+ERL/H:4/RES:2,RURAL,2.0,374358.0,66064.0,86.0,1070.0,440422.0,511.0,13.0,535.0,350.0
TJK,Tajikistan,RES,CR-,CR+PC/LWAL/CDL+ERL/H:4/RES:2,URBAN,440.0,403427458.0,71193067.0,60941.0,806855.0,474620443.0,385541.0,14672.0,1834.0,500.0
TJK,Tajikistan,COM,CR-,CR+PC/LWAL/CDL+ERL/H:5/COM:1,TOTAL,2.0,901566.0,159100.0,0.0,1803.0,1060666.0,1171.0,0.0,902.0,500.0
TJK,Tajikistan,COM,CR-,CR+PC/LWAL/CDL+ERL/H:5/COM:2,TOTAL,2.0,1502610.0,265166.0,0.0,3005.0,1767776.0,1952.0,0.0,1502.0,500.0
TJK,Tajikistan,COM,CR-,CR+PC/LWAL/CDL+ERL/H:5/COM:3,TOTAL,2.0,2003480.0,353556.0,0.0,4007.0,2357036.0,2602.0,0.0,2004.0,500.0
TJK,Tajikistan,COM,CR-,CR+PC/LWAL/CDL+ERL/H:5/COM:3A,TOTAL,1.0,1202088.0,212133.0,0.0,2404.0,1414221.0,1561.0,0.0,2404.0,500.0
TJK,Tajikistan,RES,CR-,CR+PC/LWAL/CDL+ERL/H:5/RES:2,URBAN,43.0,46947972.0,8284929.0,6983.0,93896.0,55232900.0,44894.0,1664.0,2184.0,500.0
TJK,Tajikistan,COM,CR-,CR+PC/LWAL/CDL+ERL/H:6-7/COM:1,TOTAL,1.0,540940.0,95460.0,0.0,1082.0,636400.0,703.0,0.0,1082.0,500.0
TJK,Tajikistan,IND,CR-,CR+PC/LWAL/CDL+ERL/H:>2/IND:2,TOTAL,16.0,3614661.0,1204885.0,0.0,7229.0,4819545.0,4524.0,0.0,452.0,500.0
TJK,Tajikistan,IND,CR-,CR+PC/LWAL/CDL+ERL/H:>2/IND:3,TOTAL,4.0,1802731.0,600911.0,0.0,3605.0,2403642.0,2256.0,0.0,901.0,500.0
TJK,Tajikistan,RES,CR-,CR+PC/LWAL/CDL+ERL/H:>5/RES:2,URBAN,20.0,21010061.0,3707657.0,3126.0,42020.0,24717714.0,20103.0,763.0,2101.0,500.0
TJK,Tajikistan,COM,CR-,CR+PC/LWAL/CDL+ERM/H:1/COM:1,TOTAL,40.0,944535.0,166681.0,0.0,1889.0,1111222.0,1224.0,0.0,47.0,500.0
TJK,Tajikistan,COM,CR-,CR+PC/LWAL/CDL+ERM/H:1/COM:2,TOTAL,46.0,2469249.0,435755.0,0.0,4939.0,2905005.0,3199.0,0.0,107.0,500.0
TJK,Tajikistan,COM,CR-,CR+PC/LWAL/CDL+ERM/H:1/COM:3,TOTAL,87.0,4460289.0,787122.0,0.0,8921.0,5247413.0,5778.0,0.0,103.0,500.0
TJK,Tajikistan,COM,CR-,CR+PC/LWAL/CDL+ERM/H:1/COM:3A,TOTAL,34.0,1379288.0,243405.0,0.0,2759.0,1622692.0,1787.0,0.0,81.0,500.0
TJK,Tajikistan,COM,CR-,CR+PC/LWAL/CDL+ERM/H:1/COM:5,TOTAL,20.0,679104.0,119844.0,0.0,1358.0,798949.0,880.0,0.0,68.0,500.0
TJK,Tajikistan,COM,CR-,CR+PC/LWAL/CDL+ERM/H:1/COM:5A,TOTAL,12.0,272104.0,48018.0,0.0,544.0,320124.0,353.0,0.0,45.0,500.0
TJK,Tajikistan,COM,CR-,CR+PC/LWAL/CDL+ERM/H:1/COM:5B,TOTAL,2.0,150989.0,26645.0,0.0,302.0,177634.0,196.0,0.0,151.0,500.0
TJK,Tajikistan,IND,CR-,CR+PC/LWAL/CDL+ERM/H:1/IND:1,TOTAL,42.0,10543352.0,3514447.0,0.0,21087.0,14057799.0,13177.0,0.0,502.0,500.0
TJK,Tajikistan,IND,CR-,CR+PC/LWAL/CDL+ERM/H:1/IND:2,TOTAL,24.0,1817123.0,605701.0,0.0,3634.0,2422821.0,2271.0,0.0,151.0,500.0
TJK,Tajikistan,IND,CR-,CR+PC/LWAL/CDL+ERM/H:1/IND:3,TOTAL,4.0,604485.0,201495.0,0.0,1209.0,805980.0,755.0,0.0,302.0,500.0
TJK,Tajikistan,IND,CR-,CR+PC/LWAL/CDL+ERM/H:1/IND:4,TOTAL,71.0,10707823.0,3569274.0,0.0,21416.0,14277096.0,13382.0,0.0,302.0,500.0
TJK,Tajikistan,IND,CR-,CR+PC/LWAL/CDL+ERM/H:1/IND:6,TOTAL,100.0,7468349.0,2489450.0,0.0,14937.0,9957800.0,9334.0,0.0,149.0,500.0
TJK,Tajikistan,COM,CR-,CR+PC/LWAL/CDL+ERM/H:2/COM:1,TOTAL,29.0,1489951.0,262931.0,0.0,2980.0,1752885.0,1931.0,0.0,103.0,500.0
TJK,Tajikistan,COM,CR-,CR+PC/LWAL/CDL+ERM/H:2/COM:2,TOTAL,17.0,2211388.0,390246.0,0.0,4423.0,2601634.0,2867.0,0.0,260.0,500.0
TJK,Tajikistan,COM,CR-,CR+PC/LWAL/CDL+ERM/H:2/COM:3,TOTAL,42.0,7099988.0,1252942.0,0.0,14200.0,8352929.0,9204.0,0.0,338.0,500.0
TJK,Tajikistan,COM,CR-,CR+PC/LWAL/CDL+ERM/H:2/COM:3A,TOTAL,14.0,4169390.0,735776.0,0.0,8339.0,4905165.0,5405.0,0.0,596.0,500.0
TJK,Tajikistan,COM,CR-,CR+PC/LWAL/CDL+ERM/H:2/COM:3C,TOTAL,1.0,100174.0,17678.0,0.0,200.0,117852.0,130.0,0.0,200.0,501.0
TJK,Tajikistan,COM,CR-,CR+PC/LWAL/CDL+ERM/H:2/COM:5,TOTAL,7.0,2104740.0,371424.0,0.0,4209.0,2476164.0,2728.0,0.0,601.0,500.0
TJK,Tajikistan,COM,CR-,CR+PC/LWAL/CDL+ERM/H:2/COM:5A,TOTAL,2.0,90547.0,15979.0,0.0,181.0,106526.0,117.0,0.0,90.0,500.0
TJK,Tajikistan,COM,CR-,CR+PC/LWAL/CDL+ERM/H:2/COM:5B,TOTAL,2.0,201868.0,35624.0,0.0,404.0,237492.0,262.0,0.0,202.0,500.0
TJK,Tajikistan,IND,CR-,CR+PC/LWAL/CDL+ERM/H:2/IND:2,TOTAL,11.0,1657266.0,552422.0,0.0,3315.0,2209688.0,2073.0,0.0,301.0,500.0
TJK,Tajikistan,IND,CR-,CR+PC/LWAL/CDL+ERM/H:2/IND:3,TOTAL,1.0,300522.0,100174.0,0.0,601.0,400696.0,376.0,0.0,601.0,500.0
TJK,Tajikistan,COM,CR-,CR+PC/LWAL/CDL+ERM/H:3/COM:1,TOTAL,6.0,1628194.0,287329.0,0.0,3256.0,1915523.0,2112.0,0.0,543.0,500.0
TJK,Tajikistan,COM,CR-,CR+PC/LWAL/CDL+ERM/H:3/COM:2,TOTAL,5.0,2253915.0,397750.0,0.0,4508.0,2651665.0,2924.0,0.0,902.0,500.0
TJK,Tajikistan,COM,CR-,CR+PC/LWAL/CDL+ERM/H:3/COM:3,TOTAL,15.0,9265879.0,1635158.0,0.0,18532.0,10901037.0,12019.0,0.0,1235.0,500.0
TJK,Tajikistan,COM,CR-,CR+PC/LWAL/CDL+ERM/H:3/COM:3A,TOTAL,3.0,1712630.0,302229.0,0.0,3425.0,2014859.0,2222.0,0.0,1142.0,500.0
TJK,Tajikistan,COM,CR-,CR+PC/LWAL/CDL+ERM/H:3/COM:5,TOTAL,1.0,270470.0,47730.0,0.0,541.0,318200.0,351.0,0.0,541.0,500.0
TJK,Tajikistan,RES,CR-,CR+PC/LWAL/CDL+ERM/H:3/RES:2,RURAL,12.0,2374562.0,419044.0,541.0,6784.0,2793600.0,3240.0,96.0,565.0,350.0
TJK,Tajikistan,COM,CR-,CR+PC/LWAL/CDL+ERM/H:4/COM:1,TOTAL,5.0,1809165.0,319265.0,0.0,3618.0,2128430.0,2348.0,0.0,724.0,500.0
TJK,Tajikistan,COM,CR-,CR+PC/LWAL/CDL+ERM/H:4/COM:2,TOTAL,1.0,601044.0,106067.0,0.0,1202.0,707111.0,780.0,0.0,1202.0,500.0
TJK,Tajikistan,COM,CR-,CR+PC/LWAL/CDL+ERM/H:4/COM:3,TOTAL,5.0,4167238.0,735395.0,0.0,8334.0,4902633.0,5409.0,0.0,1667.0,500.0
TJK,Tajikistan,COM,CR-,CR+PC/LWAL/CDL+ERM/H:4/COM:3A,TOTAL,1.0,360626.0,63640.0,0.0,721.0,424266.0,468.0,0.0,721.0,500.0
TJK,Tajikistan,RES,CR-,CR+PC/LWAL/CDL+ERM/H:4/RES:2,URBAN,37.0,20221707.0,3568542.0,3214.0,40443.0,23790229.0,19325.0,859.0,1093.0,500.0
TJK,Tajikistan,RES,CR-,CR+PC/LWAL/CDL+ERM/H:4/RES:2,RURAL,1.0,187179.0,33032.0,43.0,535.0,220211.0,256.0,6.0,535.0,350.0
TJK,Tajikistan,COM,CR-,CR+PC/LWAL/CDL+ERM/H:5/COM:1,TOTAL,1.0,450783.0,79550.0,0.0,902.0,530333.0,586.0,0.0,902.0,500.0
TJK,Tajikistan,COM,CR-,CR+PC/LWAL/CDL+ERM/H:5/COM:3,TOTAL,2.0,2003480.0,353556.0,0.0,4007.0,2357036.0,2602.0,0.0,2004.0,500.0
TJK,Tajikistan,RES,CR-,CR+PC/LWAL/CDL+ERM/H:5/RES:2,URBAN,3.0,1577460.0,278376.0,250.0,3155.0,1855833.0,1508.0,69.0,1052.0,500.0
TJK,Tajikistan,IND,CR-,CR+PC/LWAL/CDL+ERM/H:>2/IND:2,TOTAL,9.0,2029763.0,676585.0,0.0,4060.0,2706348.0,2541.0,0.0,451.0,500.0
TJK,Tajikistan,IND,CR-,CR+PC/LWAL/CDL+ERM/H:>2/IND:3,TOTAL,4.0,1810296.0,603432.0,0.0,3621.0,2413728.0,2266.0,0.0,905.0,500.0
TJK,Tajikistan,RES,CR-,CR+PC/LWAL/CDL+ERM/H:>5/RES:2,URBAN,1.0,525820.0,92792.0,83.0,1052.0,618612.0,503.0,23.0,1052.0,500.0
TJK,Tajikistan,COM,CR+,CR/LDUAL/CDH+ERH/H:1/COM:2,TOTAL,1.0,50214.0,8861.0,0.0,100.0,59076.0,62.0,0.0,100.0,502.0
TJK,Tajikistan,COM,CR+,CR/LDUAL/CDH+ERH/H:1/COM:3,TOTAL,1.0,52441.0,9254.0,0.0,105.0,61695.0,65.0,0.0,105.0,499.0
TJK,Tajikistan,IND,CR+,CR/LDUAL/CDH+ERH/H:1/IND:4,TOTAL,4.0,604151.0,201384.0,0.0,1208.0,805536.0,734.0,0.0,302.0,500.0
TJK,Tajikistan,IND,CR+,CR/LDUAL/CDH+ERH/H:1/IND:6,TOTAL,1.0,77551.0,25850.0,0.0,155.0,103401.0,94.0,0.0,155.0,500.0
TJK,Tajikistan,COM,CR+,CR/LDUAL/CDH+ERH/H:2/COM:3,TOTAL,1.0,100711.0,17773.0,0.0,201.0,118484.0,125.0,0.0,201.0,501.0
TJK,Tajikistan,COM,CR+,CR/LDUAL/CDH+ERH/H:3/COM:1,TOTAL,1.0,270467.0,47729.0,0.0,541.0,318197.0,335.0,0.0,541.0,500.0
TJK,Tajikistan,COM,CR+,CR/LDUAL/CDH+ERH/H:3/COM:3,TOTAL,1.0,604266.0,106635.0,0.0,1209.0,710901.0,748.0,0.0,1209.0,500.0
TJK,Tajikistan,COM,CR+,CR/LDUAL/CDH+ERM/H:1/COM:1,TOTAL,1.0,22518.0,3974.0,0.0,45.0,26492.0,28.0,0.0,45.0,500.0
TJK,Tajikistan,COM,CR+,CR/LDUAL/CDH+ERM/H:1/COM:2,TOTAL,2.0,103811.0,18320.0,0.0,208.0,122131.0,128.0,0.0,104.0,499.0
TJK,Tajikistan,COM,CR+,CR/LDUAL/CDH+ERM/H:1/COM:3,TOTAL,4.0,221500.0,39088.0,0.0,443.0,260588.0,274.0,0.0,111.0,500.0
TJK,Tajikistan,COM,CR+,CR/LDUAL/CDH+ERM/H:1/COM:3A,TOTAL,2.0,122052.0,21538.0,0.0,244.0,143591.0,151.0,0.0,122.0,500.0
TJK,Tajikistan,IND,CR+,CR/LDUAL/CDH+ERM/H:1/IND:1,TOTAL,2.0,513350.0,171117.0,0.0,1027.0,684467.0,623.0,0.0,514.0,500.0
TJK,Tajikistan,IND,CR+,CR/LDUAL/CDH+ERM/H:1/IND:2,TOTAL,1.0,76188.0,25396.0,0.0,152.0,101584.0,93.0,0.0,152.0,501.0
TJK,Tajikistan,IND,CR+,CR/LDUAL/CDH+ERM/H:1/IND:4,TOTAL,5.0,754753.0,251584.0,0.0,1510.0,1006338.0,916.0,0.0,302.0,500.0
TJK,Tajikistan,IND,CR+,CR/LDUAL/CDH+ERM/H:1/IND:6,TOTAL,4.0,301400.0,100466.0,0.0,603.0,401866.0,366.0,0.0,151.0,500.0
TJK,Tajikistan,COM,CR+,CR/LDUAL/CDH+ERM/H:2/COM:1,TOTAL,2.0,90832.0,16029.0,0.0,182.0,106861.0,112.0,0.0,91.0,499.0
TJK,Tajikistan,COM,CR-,CR/LDUAL/CDL+ERH/H:1/COM:1,TOTAL,18.0,411479.0,72614.0,0.0,823.0,484095.0,509.0,0.0,46.0,500.0
TJK,Tajikistan,COM,CR-,CR/LDUAL/CDL+ERH/H:1/COM:2,TOTAL,24.0,1216423.0,214665.0,0.0,2433.0,1431089.0,1505.0,0.0,101.0,500.0
TJK,Tajikistan,COM,CR-,CR/LDUAL/CDL+ERH/H:1/COM:3,TOTAL,30.0,1573976.0,277763.0,0.0,3148.0,1851736.0,1947.0,0.0,105.0,500.0
TJK,Tajikistan,COM,CR-,CR/LDUAL/CDL+ERH/H:1/COM:3A,TOTAL,11.0,441985.0,77998.0,0.0,884.0,519983.0,547.0,0.0,80.0,500.0
TJK,Tajikistan,COM,CR-,CR/LDUAL/CDL+ERH/H:1/COM:5,TOTAL,8.0,219384.0,38715.0,0.0,439.0,258101.0,271.0,0.0,55.0,500.0
TJK,Tajikistan,IND,CR-,CR/LDUAL/CDL+ERH/H:1/IND:1,TOTAL,16.0,4050670.0,1350225.0,0.0,8101.0,5400898.0,4918.0,0.0,506.0,500.0
TJK,Tajikistan,IND,CR-,CR/LDUAL/CDL+ERH/H:1/IND:2,TOTAL,12.0,910881.0,303625.0,0.0,1822.0,1214506.0,1106.0,0.0,152.0,500.0
TJK,Tajikistan,IND,CR-,CR/LDUAL/CDL+ERH/H:1/IND:3,TOTAL,2.0,308466.0,102822.0,0.0,617.0,411288.0,375.0,0.0,308.0,500.0
TJK,Tajikistan,IND,CR-,CR/LDUAL/CDL+ERH/H:1/IND:4,TOTAL,27.0,4094176.0,1364722.0,0.0,8188.0,5458898.0,4971.0,0.0,303.0,500.0
TJK,Tajikistan,IND,CR-,CR/LDUAL/CDL+ERH/H:1/IND:6,TOTAL,43.0,3256758.0,1085577.0,0.0,6513.0,4342333.0,3954.0,0.0,151.0,500.0
TJK,Tajikistan,COM,CR-,CR/LDUAL/CDL+ERH/H:2/COM:1,TOTAL,7.0,321060.0,56657.0,0.0,642.0,377718.0,397.0,0.0,92.0,500.0
TJK,Tajikistan,COM,CR-,CR/LDUAL/CDL+ERH/H:2/COM:2,TOTAL,8.0,913981.0,161292.0,0.0,1828.0,1075273.0,1131.0,0.0,228.0,500.0
TJK,Tajikistan,COM,CR-,CR/LDUAL/CDL+ERH/H:2/COM:3,TOTAL,14.0,1805776.0,318669.0,0.0,3612.0,2124445.0,2235.0,0.0,258.0,500.0
TJK,Tajikistan,COM,CR-,CR/LDUAL/CDL+ERH/H:2/COM:3A,TOTAL,5.0,666562.0,117629.0,0.0,1333.0,784190.0,825.0,0.0,267.0,500.0
TJK,Tajikistan,COM,CR-,CR/LDUAL/CDL+ERH/H:2/COM:5,TOTAL,3.0,1018866.0,179800.0,0.0,2038.0,1198666.0,1261.0,0.0,679.0,500.0
TJK,Tajikistan,IND,CR-,CR/LDUAL/CDL+ERH/H:2/IND:2,TOTAL,4.0,615348.0,205116.0,0.0,1231.0,820464.0,748.0,0.0,308.0,500.0
TJK,Tajikistan,IND,CR-,CR/LDUAL/CDL+ERH/H:2/IND:3,TOTAL,1.0,310203.0,103401.0,0.0,620.0,413604.0,377.0,0.0,620.0,500.0
TJK,Tajikistan,COM,CR-,CR/LDUAL/CDL+ERH/H:3/COM:1,TOTAL,3.0,827280.0,145990.0,0.0,1655.0,973271.0,1025.0,0.0,552.0,500.0
TJK,Tajikistan,COM,CR-,CR/LDUAL/CDL+ERH/H:3/COM:3,TOTAL,6.0,3924442.0,692549.0,0.0,7849.0,4616991.0,4861.0,0.0,1308.0,500.0
TJK,Tajikistan,COM,CR-,CR/LDUAL/CDL+ERH/H:3/COM:3A,TOTAL,2.0,1004622.0,177286.0,0.0,2009.0,1181909.0,1244.0,0.0,1004.0,500.0
TJK,Tajikistan,RES,CR-,CR/LDUAL/CDL+ERH/H:3/RES:2,URBAN,15.0,18345955.0,3237518.0,2688.0,36692.0,21583471.0,16077.0,636.0,2446.0,500.0
TJK,Tajikistan,COM,CR-,CR/LDUAL/CDL+ERH/H:4/COM:1,TOTAL,1.0,361282.0,63756.0,0.0,723.0,425037.0,448.0,0.0,723.0,500.0
TJK,Tajikistan,RES,CR-,CR/LDUAL/CDL+ERH/H:4/RES:2,URBAN,6.0,7103530.0,1253563.0,1042.0,14207.0,8357093.0,6229.0,246.0,2368.0,500.0
TJK,Tajikistan,RES,CR-,CR/LDUAL/CDL+ERH/H:5/RES:2,URBAN,2.0,2759262.0,486928.0,403.0,5519.0,3246190.0,2421.0,95.0,2760.0,500.0
TJK,Tajikistan,IND,CR-,CR/LDUAL/CDL+ERH/H:>2/IND:2,TOTAL,6.0,1371134.0,457046.0,0.0,2742.0,1828179.0,1667.0,0.0,457.0,500.0
TJK,Tajikistan,COM,CR-,CR/LDUAL/CDL+ERM/H:1/COM:1,TOTAL,155.0,3591909.0,633871.0,0.0,7184.0,4225789.0,4443.0,0.0,46.0,500.0
TJK,Tajikistan,COM,CR-,CR/LDUAL/CDL+ERM/H:1/COM:2,TOTAL,141.0,7514488.0,1326094.0,0.0,15029.0,8840584.0,9296.0,0.0,107.0,500.0
TJK,Tajikistan,COM,CR-,CR/LDUAL/CDL+ERM/H:1/COM:3,TOTAL,229.0,11735750.0,2071036.0,0.0,23472.0,13806784.0,14518.0,0.0,102.0,500.0
TJK,Tajikistan,COM,CR-,CR/LDUAL/CDL+ERM/H:1/COM:3A,TOTAL,56.0,2238268.0,394992.0,0.0,4477.0,2633263.0,2769.0,0.0,80.0,500.0
TJK,Tajikistan,COM,CR-,CR/LDUAL/CDL+ERM/H:1/COM:3B,TOTAL,2.0,82607.0,14578.0,0.0,165.0,97185.0,102.0,0.0,82.0,501.0
TJK,Tajikistan,COM,CR-,CR/LDUAL/CDL+ERM/H:1/COM:3C,TOTAL,4.0,203113.0,35845.0,0.0,406.0,238958.0,251.0,0.0,102.0,500.0
TJK,Tajikistan,COM,CR-,CR/LDUAL/CDL+ERM/H:1/COM:5,TOTAL,44.0,1265777.0,223373.0,0.0,2532.0,1489152.0,1566.0,0.0,58.0,500.0
TJK,Tajikistan,COM,CR-,CR/LDUAL/CDL+ERM/H:1/COM:5A,TOTAL,25.0,568859.0,100386.0,0.0,1138.0,669254.0,704.0,0.0,46.0,500.0
TJK,Tajikistan,COM,CR-,CR/LDUAL/CDL+ERM/H:1/COM:5B,TOTAL,5.0,401951.0,70932.0,0.0,804.0,472883.0,497.0,0.0,161.0,500.0
TJK,Tajikistan,IND,CR-,CR/LDUAL/CDL+ERM/H:1/IND:1,TOTAL,115.0,28730614.0,9576865.0,0.0,57461.0,38307483.0,34885.0,0.0,500.0,500.0
TJK,Tajikistan,IND,CR-,CR/LDUAL/CDL+ERM/H:1/IND:2,TOTAL,53.0,3942805.0,1314264.0,0.0,7886.0,5257069.0,4787.0,0.0,149.0,500.0
TJK,Tajikistan,IND,CR-,CR/LDUAL/CDL+ERM/H:1/IND:3,TOTAL,9.0,1363024.0,454340.0,0.0,2726.0,1817364.0,1655.0,0.0,303.0,500.0
TJK,Tajikistan,IND,CR-,CR/LDUAL/CDL+ERM/H:1/IND:4,TOTAL,222.0,33266286.0,11088753.0,0.0,66533.0,44355036.0,40392.0,0.0,300.0,500.0
TJK,Tajikistan,IND,CR-,CR/LDUAL/CDL+ERM/H:1/IND:6,TOTAL,361.0,27091721.0,9030551.0,0.0,54183.0,36122272.0,32895.0,0.0,150.0,500.0
TJK,Tajikistan,COM,CR-,CR/LDUAL/CDL+ERM/H:2/COM:1,TOTAL,69.0,3793350.0,669417.0,0.0,7587.0,4462766.0,4696.0,0.0,110.0,500.0
TJK,Tajikistan,COM,CR-,CR/LDUAL/CDL+ERM/H:2/COM:2,TOTAL,62.0,8039455.0,1418731.0,0.0,16079.0,9458186.0,9951.0,0.0,259.0,500.0
TJK,Tajikistan,COM,CR-,CR/LDUAL/CDL+ERM/H:2/COM:3,TOTAL,138.0,21287036.0,3756546.0,0.0,42574.0,25043583.0,26349.0,0.0,309.0,500.0
TJK,Tajikistan,COM,CR-,CR/LDUAL/CDL+ERM/H:2/COM:3A,TOTAL,39.0,8412941.0,1484638.0,0.0,16826.0,9897577.0,10414.0,0.0,431.0,500.0
TJK,Tajikistan,COM,CR-,CR/LDUAL/CDL+ERM/H:2/COM:3C,TOTAL,4.0,1366187.0,241093.0,0.0,2732.0,1607280.0,1691.0,0.0,683.0,500.0
TJK,Tajikistan,COM,CR-,CR/LDUAL/CDL+ERM/H:2/COM:5,TOTAL,16.0,3060290.0,540051.0,0.0,6121.0,3600343.0,3788.0,0.0,383.0,500.0
TJK,Tajikistan,COM,CR-,CR/LDUAL/CDL+ERM/H:2/COM:5A,TOTAL,7.0,364201.0,64271.0,0.0,728.0,428472.0,451.0,0.0,104.0,500.0
TJK,Tajikistan,COM,CR-,CR/LDUAL/CDL+ERM/H:2/COM:5B,TOTAL,4.0,1910639.0,337172.0,0.0,3821.0,2247811.0,2365.0,0.0,955.0,500.0
TJK,Tajikistan,IND,CR-,CR/LDUAL/CDL+ERM/H:2/IND:2,TOTAL,22.0,3315716.0,1105239.0,0.0,6631.0,4420954.0,4029.0,0.0,301.0,500.0
TJK,Tajikistan,IND,CR-,CR/LDUAL/CDL+ERM/H:2/IND:3,TOTAL,4.0,1203213.0,401071.0,0.0,2406.0,1604284.0,1462.0,0.0,602.0,500.0
TJK,Tajikistan,COM,CR-,CR/LDUAL/CDL+ERM/H:3/COM:1,TOTAL,30.0,9058237.0,1598516.0,0.0,18116.0,10656754.0,11220.0,0.0,604.0,500.0
TJK,Tajikistan,COM,CR-,CR/LDUAL/CDL+ERM/H:3/COM:2,TOTAL,10.0,4508487.0,795616.0,0.0,9017.0,5304103.0,5584.0,0.0,902.0,500.0
TJK,Tajikistan,COM,CR-,CR/LDUAL/CDL+ERM/H:3/COM:3,TOTAL,46.0,28735588.0,5070993.0,0.0,57471.0,33806582.0,35592.0,0.0,1249.0,500.0
TJK,Tajikistan,COM,CR-,CR/LDUAL/CDL+ERM/H:3/COM:3A,TOTAL,17.0,9140314.0,1612996.0,0.0,18281.0,10753311.0,11321.0,0.0,1075.0,500.0
TJK,Tajikistan,COM,CR-,CR/LDUAL/CDL+ERM/H:3/COM:5,TOTAL,1.0,270470.0,47730.0,0.0,541.0,318200.0,335.0,0.0,541.0,500.0
TJK,Tajikistan,COM,CR-,CR/LDUAL/CDL+ERM/H:3/COM:5A,TOTAL,2.0,540940.0,95460.0,0.0,1082.0,636400.0,670.0,0.0,541.0,500.0
TJK,Tajikistan,COM,CR-,CR/LDUAL/CDL+ERM/H:3/COM:5B,TOTAL,1.0,601044.0,106067.0,0.0,1202.0,707111.0,744.0,0.0,1202.0,500.0
TJK,Tajikistan,RES,CR-,CR/LDUAL/CDL+ERM/H:3/RES:2,URBAN,7.0,4221766.0,745016.0,670.0,8444.0,4966782.0,3700.0,149.0,1206.0,500.0
TJK,Tajikistan,COM,CR-,CR/LDUAL/CDL+ERM/H:4/COM:1,TOTAL,3.0,1081879.0,190920.0,0.0,2164.0,1272799.0,1341.0,0.0,721.0,500.0
TJK,Tajikistan,COM,CR-,CR/LDUAL/CDL+ERM/H:4/COM:2,TOTAL,3.0,1803132.0,318201.0,0.0,3606.0,2121333.0,2235.0,0.0,1202.0,500.0
TJK,Tajikistan,COM,CR-,CR/LDUAL/CDL+ERM/H:4/COM:3,TOTAL,10.0,8015088.0,1414426.0,0.0,16030.0,9429514.0,9934.0,0.0,1603.0,500.0
TJK,Tajikistan,COM,CR-,CR/LDUAL/CDL+ERM/H:4/COM:3A,TOTAL,3.0,1682922.0,296987.0,0.0,3366.0,1979909.0,2086.0,0.0,1122.0,500.0
TJK,Tajikistan,COM,CR-,CR/LDUAL/CDL+ERM/H:4/COM:5,TOTAL,2.0,721252.0,127280.0,0.0,1443.0,848532.0,894.0,0.0,722.0,500.0
TJK,Tajikistan,RES,CR-,CR/LDUAL/CDL+ERM/H:4/RES:2,URBAN,1.0,525820.0,92792.0,83.0,1052.0,618612.0,461.0,23.0,1052.0,500.0
TJK,Tajikistan,COM,CR-,CR/LDUAL/CDL+ERM/H:5/COM:1,TOTAL,3.0,1352349.0,238650.0,0.0,2705.0,1590999.0,1677.0,0.0,902.0,500.0
TJK,Tajikistan,COM,CR-,CR/LDUAL/CDL+ERM/H:5/COM:2,TOTAL,1.0,751305.0,132583.0,0.0,1503.0,883888.0,932.0,0.0,1503.0,500.0
TJK,Tajikistan,COM,CR-,CR/LDUAL/CDL+ERM/H:5/COM:3,TOTAL,3.0,3005220.0,530334.0,0.0,6010.0,3535554.0,3727.0,0.0,2003.0,500.0
TJK,Tajikistan,COM,CR-,CR/LDUAL/CDL+ERM/H:5/COM:3A,TOTAL,2.0,1652871.0,291683.0,0.0,3306.0,1944554.0,2050.0,0.0,1653.0,500.0
TJK,Tajikistan,RES,CR-,CR/LDUAL/CDL+ERM/H:5/RES:2,URBAN,1.0,615991.0,108704.0,98.0,1232.0,724695.0,540.0,21.0,1232.0,500.0
TJK,Tajikistan,IND,CR-,CR/LDUAL/CDL+ERM/H:>2/IND:2,TOTAL,24.0,5423496.0,1807828.0,0.0,10847.0,7231323.0,6595.0,0.0,452.0,500.0
TJK,Tajikistan,IND,CR-,CR/LDUAL/CDL+ERM/H:>2/IND:3,TOTAL,5.0,2257992.0,752664.0,0.0,4516.0,3010656.0,2746.0,0.0,903.0,500.0
TJK,Tajikistan,COM,CR+,CR/LFINF/CDH+ERH/H:1/COM:1,TOTAL,2.0,45928.0,8105.0,0.0,92.0,54033.0,54.0,0.0,46.0,499.0
TJK,Tajikistan,COM,CR+,CR/LFINF/CDH+ERH/H:1/COM:2,TOTAL,5.0,253364.0,44712.0,0.0,507.0,298076.0,299.0,0.0,101.0,500.0
TJK,Tajikistan,COM,CR+,CR/LFINF/CDH+ERH/H:1/COM:3,TOTAL,6.0,324512.0,57266.0,0.0,649.0,381779.0,382.0,0.0,108.0,500.0
TJK,Tajikistan,COM,CR+,CR/LFINF/CDH+ERH/H:1/COM:3A,TOTAL,4.0,204523.0,36093.0,0.0,409.0,240616.0,241.0,0.0,102.0,500.0
TJK,Tajikistan,COM,CR+,CR/LFINF/CDH+ERH/H:1/COM:5,TOTAL,4.0,90536.0,15978.0,0.0,181.0,106513.0,107.0,0.0,45.0,500.0
TJK,Tajikistan,IND,CR+,CR/LFINF/CDH+ERH/H:1/IND:1,TOTAL,2.0,504582.0,168194.0,0.0,1009.0,672777.0,595.0,0.0,504.0,500.0
TJK,Tajikistan,IND,CR+,CR/LFINF/CDH+ERH/H:1/IND:2,TOTAL,5.0,379573.0,126523.0,0.0,759.0,506096.0,447.0,0.0,152.0,500.0
TJK,Tajikistan,IND,CR+,CR/LFINF/CDH+ERH/H:1/IND:4,TOTAL,6.0,908352.0,302784.0,0.0,1817.0,1211136.0,1071.0,0.0,303.0,500.0
TJK,Tajikistan,IND,CR+,CR/LFINF/CDH+ERH/H:1/IND:6,TOTAL,8.0,609465.0,203154.0,0.0,1219.0,812619.0,718.0,0.0,152.0,500.0
TJK,Tajikistan,COM,CR+,CR/LFINF/CDH+ERH/H:2/COM:1,TOTAL,2.0,92275.0,16284.0,0.0,185.0,108559.0,109.0,0.0,92.0,499.0
TJK,Tajikistan,COM,CR+,CR/LFINF/CDH+ERH/H:2/COM:2,TOTAL,3.0,302934.0,53459.0,0.0,606.0,356393.0,357.0,0.0,202.0,500.0
TJK,Tajikistan,COM,CR+,CR/LFINF/CDH+ERH/H:2/COM:3,TOTAL,4.0,782705.0,138125.0,0.0,1565.0,920830.0,923.0,0.0,391.0,500.0
TJK,Tajikistan,COM,CR+,CR/LFINF/CDH+ERH/H:2/COM:3A,TOTAL,1.0,496325.0,87587.0,0.0,993.0,583912.0,585.0,0.0,993.0,500.0
TJK,Tajikistan,IND,CR+,CR/LFINF/CDH+ERH/H:2/IND:2,TOTAL,2.0,300897.0,100299.0,0.0,602.0,401196.0,355.0,0.0,301.0,500.0
TJK,Tajikistan,COM,CR+,CR/LFINF/CDH+ERH/H:3/COM:1,TOTAL,2.0,557169.0,98324.0,0.0,1114.0,655494.0,658.0,0.0,557.0,500.0
TJK,Tajikistan,COM,CR+,CR/LFINF/CDH+ERH/H:3/COM:2,TOTAL,1.0,450778.0,79549.0,0.0,902.0,530328.0,532.0,0.0,902.0,500.0
TJK,Tajikistan,COM,CR+,CR/LFINF/CDH+ERH/H:3/COM:3,TOTAL,2.0,1210998.0,213705.0,0.0,2422.0,1424703.0,1429.0,0.0,1211.0,500.0
TJK,Tajikistan,COM,CR+,CR/LFINF/CDH+ERH/H:3/COM:3A,TOTAL,1.0,271920.0,47986.0,0.0,544.0,319906.0,321.0,0.0,544.0,500.0
TJK,Tajikistan,IND,CR+,CR/LFINF/CDH+ERH/H:>2/IND:2,TOTAL,2.0,453868.0,151290.0,0.0,908.0,605157.0,536.0,0.0,454.0,500.0
TJK,Tajikistan,COM,CR-,CR/LFINF/CDH+ERL/H:1/COM:1,TOTAL,4.0,91869.0,16213.0,0.0,184.0,108081.0,108.0,0.0,46.0,499.0
TJK,Tajikistan,COM,CR-,CR/LFINF/CDH+ERL/H:1/COM:2,TOTAL,5.0,252951.0,44638.0,0.0,506.0,297589.0,298.0,0.0,101.0,500.0
TJK,Tajikistan,COM,CR-,CR/LFINF/CDH+ERL/H:1/COM:3,TOTAL,11.0,576677.0,101766.0,0.0,1153.0,678444.0,680.0,0.0,105.0,500.0
TJK,Tajikistan,COM,CR-,CR/LFINF/CDH+ERL/H:1/COM:3A,TOTAL,1.0,60443.0,10666.0,0.0,121.0,71109.0,71.0,0.0,121.0,500.0
TJK,Tajikistan,COM,CR-,CR/LFINF/CDH+ERL/H:1/COM:3C,TOTAL,1.0,50150.0,8850.0,0.0,100.0,58999.0,59.0,0.0,100.0,502.0
TJK,Tajikistan,COM,CR-,CR/LFINF/CDH+ERL/H:1/COM:5,TOTAL,2.0,83615.0,14755.0,0.0,167.0,98371.0,99.0,0.0,84.0,501.0
TJK,Tajikistan,IND,CR-,CR/LFINF/CDH+ERL/H:1/IND:2,TOTAL,4.0,311382.0,103794.0,0.0,623.0,415176.0,367.0,0.0,156.0,500.0
TJK,Tajikistan,IND,CR-,CR/LFINF/CDH+ERL/H:1/IND:3,TOTAL,1.0,150387.0,50129.0,0.0,301.0,200516.0,177.0,0.0,301.0,500.0
TJK,Tajikistan,IND,CR-,CR/LFINF/CDH+ERL/H:1/IND:4,TOTAL,7.0,1059206.0,353068.0,0.0,2118.0,1412274.0,1248.0,0.0,303.0,500.0
TJK,Tajikistan,IND,CR-,CR/LFINF/CDH+ERL/H:1/IND:6,TOTAL,8.0,603866.0,201289.0,0.0,1208.0,805155.0,712.0,0.0,151.0,500.0
TJK,Tajikistan,COM,CR-,CR/LFINF/CDH+ERL/H:2/COM:1,TOTAL,3.0,135583.0,23927.0,0.0,271.0,159509.0,160.0,0.0,90.0,500.0
TJK,Tajikistan,COM,CR-,CR/LFINF/CDH+ERL/H:2/COM:3,TOTAL,4.0,403653.0,71233.0,0.0,807.0,474886.0,476.0,0.0,202.0,500.0
TJK,Tajikistan,COM,CR-,CR/LFINF/CDH+ERL/H:2/COM:3A,TOTAL,2.0,527702.0,93124.0,0.0,1055.0,620826.0,622.0,0.0,528.0,500.0
TJK,Tajikistan,COM,CR-,CR/LFINF/CDH+ERL/H:2/COM:5A,TOTAL,1.0,45332.0,8000.0,0.0,91.0,53332.0,53.0,0.0,91.0,498.0
TJK,Tajikistan,COM,CR-,CR/LFINF/CDH+ERL/H:3/COM:1,TOTAL,1.0,270864.0,47800.0,0.0,542.0,318664.0,320.0,0.0,542.0,500.0
TJK,Tajikistan,COM,CR-,CR/LFINF/CDH+ERL/H:3/COM:3,TOTAL,3.0,1814274.0,320166.0,0.0,3629.0,2134440.0,2141.0,0.0,1210.0,500.0
TJK,Tajikistan,COM,CR-,CR/LFINF/CDH+ERL/H:3/COM:3A,TOTAL,1.0,773626.0,136522.0,0.0,1547.0,910148.0,913.0,0.0,1547.0,500.0
TJK,Tajikistan,IND,CR-,CR/LFINF/CDH+ERL/H:>2/IND:2,TOTAL,1.0,225673.0,75224.0,0.0,451.0,300897.0,266.0,0.0,451.0,500.0
TJK,Tajikistan,IND,CR-,CR/LFINF/CDH+ERL/H:>2/IND:3,TOTAL,1.0,457128.0,152376.0,0.0,914.0,609504.0,540.0,0.0,914.0,500.0
TJK,Tajikistan,COM,CR+,CR/LFINF/CDH+ERM/H:1/COM:1,TOTAL,6.0,135234.0,23865.0,0.0,270.0,159099.0,159.0,0.0,45.0,501.0
TJK,Tajikistan,COM,CR+,CR/LFINF/CDH+ERM/H:1/COM:2,TOTAL,6.0,302139.0,53320.0,0.0,604.0,355459.0,356.0,0.0,101.0,500.0
TJK,Tajikistan,COM,CR+,CR/LFINF/CDH+ERM/H:1/COM:3,TOTAL,8.0,406872.0,71803.0,0.0,814.0,478672.0,480.0,0.0,102.0,500.0
TJK,Tajikistan,COM,CR+,CR/LFINF/CDH+ERM/H:1/COM:3A,TOTAL,1.0,22610.0,3990.0,0.0,45.0,26600.0,27.0,0.0,45.0,502.0
TJK,Tajikistan,COM,CR+,CR/LFINF/CDH+ERM/H:1/COM:3B,TOTAL,1.0,22518.0,3974.0,0.0,45.0,26492.0,27.0,0.0,45.0,500.0
TJK,Tajikistan,COM,CR+,CR/LFINF/CDH+ERM/H:1/COM:5,TOTAL,1.0,60560.0,10687.0,0.0,121.0,71248.0,71.0,0.0,121.0,500.0
TJK,Tajikistan,COM,CR+,CR/LFINF/CDH+ERM/H:1/COM:5A,TOTAL,1.0,22916.0,4044.0,0.0,46.0,26960.0,27.0,0.0,46.0,498.0
TJK,Tajikistan,IND,CR+,CR/LFINF/CDH+ERM/H:1/IND:1,TOTAL,1.0,251223.0,83741.0,0.0,502.0,334963.0,296.0,0.0,502.0,500.0
TJK,Tajikistan,IND,CR+,CR/LFINF/CDH+ERM/H:1/IND:2,TOTAL,3.0,231076.0,77025.0,0.0,462.0,308101.0,272.0,0.0,154.0,500.0
TJK,Tajikistan,IND,CR+,CR/LFINF/CDH+ERM/H:1/IND:3,TOTAL,1.0,152775.0,50925.0,0.0,306.0,203700.0,180.0,0.0,306.0,499.0
TJK,Tajikistan,IND,CR+,CR/LFINF/CDH+ERM/H:1/IND:4,TOTAL,6.0,904554.0,301518.0,0.0,1809.0,1206072.0,1066.0,0.0,302.0,500.0
TJK,Tajikistan,IND,CR+,CR/LFINF/CDH+ERM/H:1/IND:6,TOTAL,3.0,226649.0,75549.0,0.0,453.0,302198.0,267.0,0.0,151.0,500.0
TJK,Tajikistan,COM,CR+,CR/LFINF/CDH+ERM/H:2/COM:1,TOTAL,3.0,135988.0,23998.0,0.0,272.0,159987.0,160.0,0.0,91.0,500.0
TJK,Tajikistan,COM,CR+,CR/LFINF/CDH+ERM/H:2/COM:2,TOTAL,4.0,401314.0,70820.0,0.0,803.0,472134.0,473.0,0.0,201.0,500.0
TJK,Tajikistan,COM,CR+,CR/LFINF/CDH+ERM/H:2/COM:3,TOTAL,5.0,501101.0,88429.0,0.0,1002.0,589530.0,591.0,0.0,200.0,500.0
TJK,Tajikistan,COM,CR+,CR/LFINF/CDH+ERM/H:2/COM:3A,TOTAL,1.0,45079.0,7955.0,0.0,90.0,53034.0,53.0,0.0,90.0,501.0
TJK,Tajikistan,IND,CR+,CR/LFINF/CDH+ERM/H:2/IND:2,TOTAL,1.0,150120.0,50040.0,0.0,300.0,200160.0,177.0,0.0,300.0,500.0
TJK,Tajikistan,COM,CR+,CR/LFINF/CDH+ERM/H:3/COM:3,TOTAL,2.0,1202088.0,212134.0,0.0,2404.0,1414222.0,1419.0,0.0,1202.0,500.0
TJK,Tajikistan,COM,CR+,CR/LFINF/CDH+ERM/H:4/COM:2,TOTAL,1.0,601044.0,106067.0,0.0,1202.0,707111.0,710.0,0.0,1202.0,500.0
TJK,Tajikistan,IND,CR+,CR/LFINF/CDH+ERM/H:>2/IND:2,TOTAL,3.0,675964.0,225320.0,0.0,1352.0,901284.0,798.0,0.0,451.0,500.0
TJK,Tajikistan,COM,CR-,CR/LFINF/CDL+ERH/H:1/COM:1,TOTAL,132.0,3074133.0,542491.0,0.0,6148.0,3616633.0,3623.0,0.0,47.0,500.0
TJK,Tajikistan,COM,CR-,CR/LFINF/CDL+ERH/H:1/COM:2,TOTAL,133.0,6669942.0,1177050.0,0.0,13340.0,7846994.0,7861.0,0.0,100.0,500.0
TJK,Tajikistan,COM,CR-,CR/LFINF/CDL+ERH/H:1/COM:3,TOTAL,279.0,14159575.0,2498756.0,0.0,28319.0,16658339.0,16688.0,0.0,102.0,500.0
TJK,Tajikistan,COM,CR-,CR/LFINF/CDL+ERH/H:1/COM:3A,TOTAL,84.0,2909187.0,513387.0,0.0,5818.0,3422576.0,3429.0,0.0,69.0,500.0
TJK,Tajikistan,COM,CR-,CR/LFINF/CDL+ERH/H:1/COM:3B,TOTAL,6.0,174576.0,30807.0,0.0,349.0,205384.0,206.0,0.0,58.0,500.0
TJK,Tajikistan,COM,CR-,CR/LFINF/CDL+ERH/H:1/COM:3C,TOTAL,3.0,152176.0,26855.0,0.0,304.0,179031.0,179.0,0.0,101.0,501.0
TJK,Tajikistan,COM,CR-,CR/LFINF/CDL+ERH/H:1/COM:5,TOTAL,49.0,1360114.0,240021.0,0.0,2720.0,1600139.0,1603.0,0.0,56.0,500.0
TJK,Tajikistan,COM,CR-,CR/LFINF/CDL+ERH/H:1/COM:5A,TOTAL,23.0,524336.0,92532.0,0.0,1049.0,616869.0,618.0,0.0,46.0,500.0
TJK,Tajikistan,COM,CR-,CR/LFINF/CDL+ERH/H:1/COM:5B,TOTAL,9.0,554606.0,97871.0,0.0,1109.0,652477.0,654.0,0.0,123.0,500.0
TJK,Tajikistan,IND,CR-,CR/LFINF/CDL+ERH/H:1/IND:1,TOTAL,66.0,16452465.0,5484158.0,0.0,32905.0,21936625.0,19391.0,0.0,499.0,500.0
TJK,Tajikistan,IND,CR-,CR/LFINF/CDL+ERH/H:1/IND:2,TOTAL,76.0,5694386.0,1898116.0,0.0,11389.0,7592504.0,6712.0,0.0,150.0,500.0
TJK,Tajikistan,IND,CR-,CR/LFINF/CDL+ERH/H:1/IND:3,TOTAL,11.0,1667640.0,555879.0,0.0,3335.0,2223520.0,1966.0,0.0,303.0,500.0
TJK,Tajikistan,IND,CR-,CR/LFINF/CDL+ERH/H:1/IND:4,TOTAL,128.0,19271762.0,6423918.0,0.0,38544.0,25695684.0,22714.0,0.0,301.0,500.0
TJK,Tajikistan,IND,CR-,CR/LFINF/CDL+ERH/H:1/IND:6,TOTAL,197.0,14785385.0,4928451.0,0.0,29571.0,19713833.0,17427.0,0.0,150.0,500.0
TJK,Tajikistan,RES,CR-,CR/LFINF/CDL+ERH/H:1/RES:1,URBAN,3533.0,149687570.0,26415500.0,23410.0,299375.0,176103179.0,119243.0,3820.0,85.0,500.0
TJK,Tajikistan,RES,CR-,CR/LFINF/CDL+ERH/H:1/RES:1,RURAL,5549.0,170346391.0,30061806.0,38310.0,486705.0,200408215.0,193859.0,5701.0,88.0,350.0
TJK,Tajikistan,COM,CR-,CR/LFINF/CDL+ERH/H:2/COM:1,TOTAL,40.0,2049462.0,361670.0,0.0,4099.0,2411131.0,2417.0,0.0,102.0,500.0
TJK,Tajikistan,COM,CR-,CR/LFINF/CDL+ERH/H:2/COM:2,TOTAL,31.0,4548319.0,802645.0,0.0,9097.0,5350964.0,5364.0,0.0,293.0,500.0
TJK,Tajikistan,COM,CR-,CR/LFINF/CDL+ERH/H:2/COM:3,TOTAL,73.0,10999561.0,1941103.0,0.0,21999.0,12940666.0,12972.0,0.0,301.0,500.0
TJK,Tajikistan,COM,CR-,CR/LFINF/CDL+ERH/H:2/COM:3A,TOTAL,18.0,4394347.0,775470.0,0.0,8789.0,5169819.0,5182.0,0.0,488.0,500.0
TJK,Tajikistan,COM,CR-,CR/LFINF/CDL+ERH/H:2/COM:5,TOTAL,7.0,908071.0,160249.0,0.0,1816.0,1068318.0,1071.0,0.0,259.0,500.0
TJK,Tajikistan,COM,CR-,CR/LFINF/CDL+ERH/H:2/COM:5A,TOTAL,5.0,317654.0,56056.0,0.0,635.0,373710.0,375.0,0.0,127.0,500.0
TJK,Tajikistan,COM,CR-,CR/LFINF/CDL+ERH/H:2/COM:5B,TOTAL,1.0,805688.0,142180.0,0.0,1611.0,947868.0,950.0,0.0,1611.0,500.0
TJK,Tajikistan,IND,CR-,CR/LFINF/CDL+ERH/H:2/IND:2,TOTAL,25.0,3798866.0,1266287.0,0.0,7598.0,5065150.0,4481.0,0.0,304.0,500.0
TJK,Tajikistan,IND,CR-,CR/LFINF/CDL+ERH/H:2/IND:3,TOTAL,3.0,906729.0,302243.0,0.0,1813.0,1208972.0,1070.0,0.0,604.0,500.0
TJK,Tajikistan,RES,CR-,CR/LFINF/CDL+ERH/H:2/RES:1,RURAL,2506.0,76862023.0,13564263.0,17292.0,219606.0,90426292.0,87524.0,2576.0,88.0,350.0
TJK,Tajikistan,RES,CR-,CR/LFINF/CDL+ERH/H:2/RES:1,URBAN,3750.0,168432966.0,29723434.0,25418.0,336866.0,198156492.0,134255.0,4212.0,90.0,500.0
TJK,Tajikistan,COM,CR-,CR/LFINF/CDL+ERH/H:3/COM:1,TOTAL,28.0,8112664.0,1431649.0,0.0,16225.0,9544313.0,9574.0,0.0,579.0,500.0
TJK,Tajikistan,COM,CR-,CR/LFINF/CDL+ERH/H:3/COM:2,TOTAL,14.0,6393723.0,1128305.0,0.0,12787.0,7522031.0,7545.0,0.0,913.0,500.0
TJK,Tajikistan,COM,CR-,CR/LFINF/CDL+ERH/H:3/COM:3,TOTAL,59.0,36084952.0,6367931.0,0.0,72170.0,42452885.0,42583.0,0.0,1223.0,500.0
TJK,Tajikistan,COM,CR-,CR/LFINF/CDL+ERH/H:3/COM:3A,TOTAL,12.0,6052332.0,1068058.0,0.0,12105.0,7120394.0,7142.0,0.0,1009.0,500.0
TJK,Tajikistan,COM,CR-,CR/LFINF/CDL+ERH/H:3/COM:5,TOTAL,2.0,553648.0,97702.0,0.0,1107.0,651352.0,653.0,0.0,554.0,500.0
TJK,Tajikistan,RES,CR-,CR/LFINF/CDL+ERH/H:3/RES:1,RURAL,1221.0,37439088.0,6606914.0,8423.0,106969.0,44046004.0,42656.0,1255.0,88.0,350.0
TJK,Tajikistan,RES,CR-,CR/LFINF/CDL+ERH/H:3/RES:1,URBAN,5946.0,278308067.0,49113166.0,41068.0,556616.0,327421363.0,221963.0,6865.0,94.0,500.0
TJK,Tajikistan,RES,CR-,CR/LFINF/CDL+ERH/H:3/RES:2,RURAL,10.0,1700509.0,300090.0,382.0,4859.0,2000599.0,1937.0,87.0,486.0,350.0
TJK,Tajikistan,COM,CR-,CR/LFINF/CDL+ERH/H:4/COM:1,TOTAL,3.0,1082776.0,191078.0,0.0,2166.0,1273853.0,1279.0,0.0,722.0,500.0
TJK,Tajikistan,COM,CR-,CR/LFINF/CDL+ERH/H:4/COM:2,TOTAL,3.0,1805310.0,318584.0,0.0,3611.0,2123894.0,2132.0,0.0,1204.0,500.0
TJK,Tajikistan,COM,CR-,CR/LFINF/CDL+ERH/H:4/COM:3,TOTAL,2.0,1613200.0,284683.0,0.0,3226.0,1897883.0,1905.0,0.0,1613.0,500.0
TJK,Tajikistan,COM,CR-,CR/LFINF/CDL+ERH/H:4/COM:3A,TOTAL,2.0,726124.0,128140.0,0.0,1452.0,854263.0,857.0,0.0,726.0,500.0
TJK,Tajikistan,RES,CR-,CR/LFINF/CDL+ERH/H:4/RES:1,URBAN,91.0,4004752.0,706734.0,605.0,8009.0,4711445.0,3196.0,103.0,88.0,500.0
TJK,Tajikistan,RES,CR-,CR/LFINF/CDL+ERH/H:4/RES:2,URBAN,370.0,452904783.0,79924338.0,67242.0,905810.0,532829125.0,361422.0,15943.0,2448.0,500.0
TJK,Tajikistan,COM,CR-,CR/LFINF/CDL+ERH/H:5/COM:1,TOTAL,1.0,450999.0,79588.0,0.0,902.0,530587.0,533.0,0.0,902.0,500.0
TJK,Tajikistan,RES,CR-,CR/LFINF/CDL+ERH/H:5/RES:2,URBAN,56.0,77259336.0,13633985.0,11279.0,154519.0,90893321.0,61691.0,2672.0,2759.0,500.0
TJK,Tajikistan,IND,CR-,CR/LFINF/CDL+ERH/H:>2/IND:2,TOTAL,28.0,6351889.0,2117301.0,0.0,12704.0,8469186.0,7498.0,0.0,454.0,500.0
TJK,Tajikistan,IND,CR-,CR/LFINF/CDL+ERH/H:>2/IND:3,TOTAL,4.0,1860844.0,620282.0,0.0,3722.0,2481126.0,2197.0,0.0,930.0,500.0
TJK,Tajikistan,RES,CR-,CR/LFINF/CDL+ERH/H:>5/RES:2,URBAN,17.0,23453727.0,4138888.0,3424.0,46907.0,27592615.0,18739.0,811.0,2759.0,500.0
TJK,Tajikistan,COM,CR-,CR/LFINF/CDL+ERL/H:1/COM:1,TOTAL,330.0,7503947.0,1324224.0,0.0,15008.0,8828187.0,8844.0,0.0,45.0,500.0
TJK,Tajikistan,COM,CR-,CR/LFINF/CDL+ERL/H:1/COM:2,TOTAL,355.0,18564000.0,3275995.0,0.0,37128.0,21839999.0,21879.0,0.0,105.0,500.0
TJK,Tajikistan,COM,CR-,CR/LFINF/CDL+ERL/H:1/COM:3,TOTAL,628.0,31859612.0,5622297.0,0.0,63719.0,37481914.0,37550.0,0.0,101.0,500.0
TJK,Tajikistan,COM,CR-,CR/LFINF/CDL+ERL/H:1/COM:3A,TOTAL,187.0,7054603.0,1244936.0,0.0,14109.0,8299538.0,8315.0,0.0,75.0,500.0
TJK,Tajikistan,COM,CR-,CR/LFINF/CDL+ERL/H:1/COM:3B,TOTAL,10.0,302627.0,53406.0,0.0,605.0,356033.0,357.0,0.0,60.0,500.0
TJK,Tajikistan,COM,CR-,CR/LFINF/CDL+ERL/H:1/COM:3C,TOTAL,15.0,762005.0,134472.0,0.0,1524.0,896479.0,898.0,0.0,102.0,500.0
TJK,Tajikistan,COM,CR-,CR/LFINF/CDL+ERL/H:1/COM:5,TOTAL,101.0,2992242.0,528044.0,0.0,5984.0,3520294.0,3527.0,0.0,59.0,500.0
TJK,Tajikistan,COM,CR-,CR/LFINF/CDL+ERL/H:1/COM:5A,TOTAL,48.0,1073600.0,189458.0,0.0,2147.0,1263067.0,1265.0,0.0,45.0,500.0
TJK,Tajikistan,COM,CR-,CR/LFINF/CDL+ERL/H:1/COM:5B,TOTAL,25.0,1519202.0,268095.0,0.0,3038.0,1787297.0,1791.0,0.0,122.0,500.0
TJK,Tajikistan,IND,CR-,CR/LFINF/CDL+ERL/H:1/IND:1,TOTAL,144.0,35903493.0,11967833.0,0.0,71807.0,47871327.0,42317.0,0.0,499.0,500.0
TJK,Tajikistan,IND,CR-,CR/LFINF/CDL+ERL/H:1/IND:2,TOTAL,190.0,14255780.0,4751906.0,0.0,28512.0,19007690.0,16803.0,0.0,150.0,500.0
TJK,Tajikistan,IND,CR-,CR/LFINF/CDL+ERL/H:1/IND:3,TOTAL,14.0,2118303.0,706100.0,0.0,4237.0,2824404.0,2497.0,0.0,303.0,500.0
TJK,Tajikistan,IND,CR-,CR/LFINF/CDL+ERL/H:1/IND:4,TOTAL,314.0,47032595.0,15677526.0,0.0,94065.0,62710122.0,55434.0,0.0,300.0,500.0
TJK,Tajikistan,IND,CR-,CR/LFINF/CDL+ERL/H:1/IND:6,TOTAL,424.0,31764885.0,10588285.0,0.0,63530.0,42353168.0,37439.0,0.0,150.0,500.0
TJK,Tajikistan,RES,CR-,CR/LFINF/CDL+ERL/H:1/RES:1,RURAL,16090.0,489410204.0,86368158.0,111602.0,1398317.0,575777947.0,556962.0,16426.0,87.0,350.0
TJK,Tajikistan,RES,CR-,CR/LFINF/CDL+ERL/H:1/RES:1,URBAN,7278.0,292932180.0,51694570.0,46310.0,585864.0,344626771.0,233354.0,7617.0,80.0,500.0
TJK,Tajikistan,COM,CR-,CR/LFINF/CDL+ERL/H:2/COM:1,TOTAL,113.0,7140216.0,1260041.0,0.0,14280.0,8400255.0,8421.0,0.0,126.0,500.0
TJK,Tajikistan,COM,CR-,CR/LFINF/CDL+ERL/H:2/COM:2,TOTAL,97.0,14207179.0,2507154.0,0.0,28414.0,16714333.0,16755.0,0.0,293.0,500.0
TJK,Tajikistan,COM,CR-,CR/LFINF/CDL+ERL/H:2/COM:3,TOTAL,258.0,38108255.0,6725001.0,0.0,76217.0,44833259.0,44942.0,0.0,295.0,500.0
TJK,Tajikistan,COM,CR-,CR/LFINF/CDL+ERL/H:2/COM:3A,TOTAL,65.0,12740494.0,2248327.0,0.0,25481.0,14988821.0,15025.0,0.0,392.0,500.0
TJK,Tajikistan,COM,CR-,CR/LFINF/CDL+ERL/H:2/COM:3B,TOTAL,4.0,1065348.0,188002.0,0.0,2131.0,1253350.0,1256.0,0.0,533.0,500.0
TJK,Tajikistan,COM,CR-,CR/LFINF/CDL+ERL/H:2/COM:3C,TOTAL,5.0,507520.0,89563.0,0.0,1015.0,597083.0,599.0,0.0,203.0,500.0
TJK,Tajikistan,COM,CR-,CR/LFINF/CDL+ERL/H:2/COM:5,TOTAL,30.0,5388298.0,950879.0,0.0,10777.0,6339173.0,6355.0,0.0,359.0,500.0
TJK,Tajikistan,COM,CR-,CR/LFINF/CDL+ERL/H:2/COM:5A,TOTAL,19.0,1042143.0,183910.0,0.0,2084.0,1226051.0,1229.0,0.0,110.0,500.0
TJK,Tajikistan,COM,CR-,CR/LFINF/CDL+ERL/H:2/COM:5B,TOTAL,8.0,1609594.0,284047.0,0.0,3219.0,1893641.0,1898.0,0.0,402.0,500.0
TJK,Tajikistan,IND,CR-,CR/LFINF/CDL+ERL/H:2/IND:2,TOTAL,86.0,12865414.0,4288466.0,0.0,25731.0,17153886.0,15175.0,0.0,299.0,500.0
TJK,Tajikistan,IND,CR-,CR/LFINF/CDL+ERL/H:2/IND:3,TOTAL,5.0,1518390.0,506130.0,0.0,3037.0,2024520.0,1791.0,0.0,607.0,500.0
TJK,Tajikistan,RES,CR-,CR/LFINF/CDL+ERL/H:2/RES:1,URBAN,4890.0,202933675.0,35812375.0,31495.0,405867.0,238746005.0,161757.0,5237.0,83.0,500.0
TJK,Tajikistan,RES,CR-,CR/LFINF/CDL+ERL/H:2/RES:1,RURAL,7711.0,235475484.0,41555770.0,53831.0,672789.0,277031140.0,268140.0,7852.0,87.0,350.0
TJK,Tajikistan,COM,CR-,CR/LFINF/CDL+ERL/H:3/COM:1,TOTAL,36.0,9793369.0,1728242.0,0.0,19587.0,11521612.0,11557.0,0.0,544.0,500.0
TJK,Tajikistan,COM,CR-,CR/LFINF/CDL+ERL/H:3/COM:2,TOTAL,13.0,5883633.0,1038288.0,0.0,11767.0,6921922.0,6943.0,0.0,905.0,500.0
TJK,Tajikistan,COM,CR-,CR/LFINF/CDL+ERL/H:3/COM:3,TOTAL,81.0,49592906.0,8751696.0,0.0,99186.0,58344602.0,58524.0,0.0,1225.0,500.0
TJK,Tajikistan,COM,CR-,CR/LFINF/CDL+ERL/H:3/COM:3A,TOTAL,28.0,13005378.0,2295067.0,0.0,26011.0,15300448.0,15348.0,0.0,929.0,500.0
TJK,Tajikistan,COM,CR-,CR/LFINF/CDL+ERL/H:3/COM:5,TOTAL,1.0,270470.0,47730.0,0.0,541.0,318200.0,319.0,0.0,541.0,500.0
TJK,Tajikistan,COM,CR-,CR/LFINF/CDL+ERL/H:3/COM:5A,TOTAL,2.0,541337.0,95530.0,0.0,1083.0,636867.0,639.0,0.0,542.0,500.0
TJK,Tajikistan,RES,CR-,CR/LFINF/CDL+ERL/H:3/RES:1,URBAN,8263.0,345444507.0,60961045.0,53098.0,690889.0,406405498.0,275507.0,8930.0,84.0,500.0
TJK,Tajikistan,RES,CR-,CR/LFINF/CDL+ERL/H:3/RES:1,RURAL,3641.0,109253999.0,19280156.0,24867.0,312154.0,128534124.0,124478.0,3741.0,86.0,350.0
TJK,Tajikistan,RES,CR-,CR/LFINF/CDL+ERL/H:3/RES:2,RURAL,46.0,9677782.0,1707856.0,2206.0,27651.0,11385635.0,11026.0,381.0,601.0,350.0
TJK,Tajikistan,COM,CR-,CR/LFINF/CDL+ERL/H:4/COM:1,TOTAL,7.0,2527725.0,446069.0,0.0,5055.0,2973795.0,2985.0,0.0,722.0,500.0
TJK,Tajikistan,COM,CR-,CR/LFINF/CDL+ERL/H:4/COM:2,TOTAL,8.0,4812732.0,849306.0,0.0,9625.0,5662038.0,5683.0,0.0,1203.0,500.0
TJK,Tajikistan,COM,CR-,CR/LFINF/CDL+ERL/H:4/COM:3,TOTAL,8.0,6417552.0,1132508.0,0.0,12835.0,7550060.0,7578.0,0.0,1604.0,500.0
TJK,Tajikistan,COM,CR-,CR/LFINF/CDL+ERL/H:4/COM:3A,TOTAL,4.0,2645994.0,466941.0,0.0,5292.0,3112935.0,3125.0,0.0,1323.0,500.0
TJK,Tajikistan,COM,CR-,CR/LFINF/CDL+ERL/H:4/COM:5A,TOTAL,1.0,360626.0,63640.0,0.0,721.0,424266.0,426.0,0.0,721.0,500.0
TJK,Tajikistan,RES,CR-,CR/LFINF/CDL+ERL/H:4/RES:1,URBAN,537.0,20936301.0,3694684.0,3295.0,41873.0,24630958.0,16708.0,562.0,78.0,500.0
TJK,Tajikistan,RES,CR-,CR/LFINF/CDL+ERL/H:4/RES:2,URBAN,1231.0,945108911.0,166783868.0,145417.0,1890218.0,1111892629.0,754207.0,35354.0,1536.0,500.0
TJK,Tajikistan,RES,CR-,CR/LFINF/CDL+ERL/H:4/RES:2,RURAL,1.0,355276.0,62696.0,80.0,1015.0,417972.0,405.0,14.0,1015.0,350.0
TJK,Tajikistan,COM,CR-,CR/LFINF/CDL+ERL/H:5/COM:1,TOTAL,2.0,901566.0,159100.0,0.0,1803.0,1060666.0,1065.0,0.0,902.0,500.0
TJK,Tajikistan,COM,CR-,CR/LFINF/CDL+ERL/H:5/COM:3,TOTAL,4.0,4011340.0,707883.0,0.0,8023.0,4719223.0,4740.0,0.0,2006.0,500.0
TJK,Tajikistan,COM,CR-,CR/LFINF/CDL+ERL/H:5/COM:5A,TOTAL,1.0,450783.0,79550.0,0.0,902.0,530333.0,533.0,0.0,902.0,500.0
TJK,Tajikistan,RES,CR-,CR/LFINF/CDL+ERL/H:5/RES:2,URBAN,92.0,87195821.0,15387492.0,13071.0,174392.0,102583299.0,69625.0,3131.0,1896.0,500.0
TJK,Tajikistan,IND,CR-,CR/LFINF/CDL+ERL/H:>2/IND:2,TOTAL,67.0,15168032.0,5056019.0,0.0,30336.0,20224050.0,17904.0,0.0,453.0,500.0
TJK,Tajikistan,IND,CR-,CR/LFINF/CDL+ERL/H:>2/IND:3,TOTAL,3.0,1354797.0,451599.0,0.0,2710.0,1806396.0,1599.0,0.0,903.0,500.0
TJK,Tajikistan,RES,CR-,CR/LFINF/CDL+ERL/H:>5/RES:2,URBAN,30.0,28581762.0,5043837.0,4273.0,57164.0,33625595.0,22836.0,1061.0,1905.0,500.0
TJK,Tajikistan,COM,CR-,CR/LFINF/CDL+ERM/H:1/COM:1,TOTAL,227.0,5180243.0,914155.0,0.0,10360.0,6094409.0,6105.0,0.0,46.0,500.0
TJK,Tajikistan,COM,CR-,CR/LFINF/CDL+ERM/H:1/COM:2,TOTAL,279.0,14590586.0,2574818.0,0.0,29181.0,17165408.0,17196.0,0.0,105.0,500.0
TJK,Tajikistan,COM,CR-,CR/LFINF/CDL+ERM/H:1/COM:3,TOTAL,522.0,26501585.0,4676786.0,0.0,53003.0,31178359.0,31235.0,0.0,102.0,500.0
TJK,Tajikistan,COM,CR-,CR/LFINF/CDL+ERM/H:1/COM:3A,TOTAL,152.0,5723243.0,1009987.0,0.0,11446.0,6733233.0,6745.0,0.0,75.0,500.0
TJK,Tajikistan,COM,CR-,CR/LFINF/CDL+ERM/H:1/COM:3B,TOTAL,13.0,293459.0,51788.0,0.0,587.0,345249.0,346.0,0.0,45.0,500.0
TJK,Tajikistan,COM,CR-,CR/LFINF/CDL+ERM/H:1/COM:3C,TOTAL,13.0,654290.0,115464.0,0.0,1309.0,769754.0,771.0,0.0,101.0,500.0
TJK,Tajikistan,COM,CR-,CR/LFINF/CDL+ERM/H:1/COM:5,TOTAL,78.0,2444266.0,431342.0,0.0,4889.0,2875613.0,2881.0,0.0,63.0,500.0
TJK,Tajikistan,COM,CR-,CR/LFINF/CDL+ERM/H:1/COM:5A,TOTAL,53.0,1203650.0,212407.0,0.0,2407.0,1416061.0,1419.0,0.0,45.0,500.0
TJK,Tajikistan,COM,CR-,CR/LFINF/CDL+ERM/H:1/COM:5B,TOTAL,17.0,1012022.0,178594.0,0.0,2024.0,1190615.0,1193.0,0.0,119.0,500.0
TJK,Tajikistan,IND,CR-,CR/LFINF/CDL+ERM/H:1/IND:1,TOTAL,120.0,29887016.0,9962341.0,0.0,59774.0,39849358.0,35226.0,0.0,498.0,500.0
TJK,Tajikistan,IND,CR-,CR/LFINF/CDL+ERM/H:1/IND:2,TOTAL,154.0,11570922.0,3856953.0,0.0,23142.0,15427879.0,13638.0,0.0,150.0,500.0
TJK,Tajikistan,IND,CR-,CR/LFINF/CDL+ERM/H:1/IND:3,TOTAL,12.0,1810854.0,603618.0,0.0,3622.0,2414472.0,2134.0,0.0,302.0,500.0
TJK,Tajikistan,IND,CR-,CR/LFINF/CDL+ERM/H:1/IND:4,TOTAL,312.0,46733960.0,15577982.0,0.0,93468.0,62311944.0,55082.0,0.0,300.0,500.0
TJK,Tajikistan,IND,CR-,CR/LFINF/CDL+ERM/H:1/IND:6,TOTAL,411.0,30855562.0,10285181.0,0.0,61711.0,41140745.0,36367.0,0.0,150.0,500.0
TJK,Tajikistan,RES,CR-,CR/LFINF/CDL+ERM/H:1/RES:1,RURAL,5788.0,172094235.0,30370203.0,38932.0,491698.0,202464215.0,195849.0,5984.0,85.0,350.0
TJK,Tajikistan,RES,CR-,CR/LFINF/CDL+ERM/H:1/RES:1,URBAN,4309.0,160209045.0,28272477.0,25489.0,320418.0,188481521.0,127625.0,4439.0,74.0,500.0
TJK,Tajikistan,COM,CR-,CR/LFINF/CDL+ERM/H:2/COM:1,TOTAL,118.0,8600685.0,1517766.0,0.0,17201.0,10118454.0,10143.0,0.0,146.0,500.0
TJK,Tajikistan,COM,CR-,CR/LFINF/CDL+ERM/H:2/COM:2,TOTAL,98.0,18100912.0,3194280.0,0.0,36202.0,21295193.0,21347.0,0.0,369.0,500.0
TJK,Tajikistan,COM,CR-,CR/LFINF/CDL+ERM/H:2/COM:3,TOTAL,266.0,39627103.0,6993015.0,0.0,79254.0,46620116.0,46734.0,0.0,298.0,500.0
TJK,Tajikistan,COM,CR-,CR/LFINF/CDL+ERM/H:2/COM:3A,TOTAL,78.0,16568674.0,2923885.0,0.0,33137.0,19492560.0,19540.0,0.0,425.0,500.0
TJK,Tajikistan,COM,CR-,CR/LFINF/CDL+ERM/H:2/COM:3B,TOTAL,2.0,90911.0,16043.0,0.0,182.0,106955.0,107.0,0.0,91.0,500.0
TJK,Tajikistan,COM,CR-,CR/LFINF/CDL+ERM/H:2/COM:3C,TOTAL,3.0,401612.0,70873.0,0.0,803.0,472485.0,474.0,0.0,268.0,500.0
TJK,Tajikistan,COM,CR-,CR/LFINF/CDL+ERM/H:2/COM:5,TOTAL,37.0,6424961.0,1133818.0,0.0,12850.0,7558779.0,7577.0,0.0,347.0,500.0
TJK,Tajikistan,COM,CR-,CR/LFINF/CDL+ERM/H:2/COM:5A,TOTAL,25.0,1493507.0,263559.0,0.0,2987.0,1757064.0,1761.0,0.0,119.0,500.0
TJK,Tajikistan,COM,CR-,CR/LFINF/CDL+ERM/H:2/COM:5B,TOTAL,6.0,2204752.0,389074.0,0.0,4410.0,2593826.0,2600.0,0.0,735.0,500.0
TJK,Tajikistan,IND,CR-,CR/LFINF/CDL+ERM/H:2/IND:2,TOTAL,75.0,11305499.0,3768499.0,0.0,22611.0,15073998.0,13335.0,0.0,301.0,500.0
TJK,Tajikistan,IND,CR-,CR/LFINF/CDL+ERM/H:2/IND:3,TOTAL,8.0,2413101.0,804367.0,0.0,4826.0,3217468.0,2846.0,0.0,603.0,500.0
TJK,Tajikistan,RES,CR-,CR/LFINF/CDL+ERM/H:2/RES:1,RURAL,2585.0,76647005.0,13526388.0,17347.0,218991.0,90173305.0,87280.0,2675.0,85.0,350.0
TJK,Tajikistan,RES,CR-,CR/LFINF/CDL+ERM/H:2/RES:1,URBAN,2745.0,100241464.0,17689900.0,15929.0,200483.0,117931314.0,79902.0,2825.0,73.0,500.0
TJK,Tajikistan,COM,CR-,CR/LFINF/CDL+ERM/H:3/COM:1,TOTAL,46.0,12935600.0,2282755.0,0.0,25871.0,15218354.0,15265.0,0.0,562.0,500.0
TJK,Tajikistan,COM,CR-,CR/LFINF/CDL+ERM/H:3/COM:2,TOTAL,19.0,8588367.0,1515594.0,0.0,17177.0,10103961.0,10135.0,0.0,904.0,500.0
TJK,Tajikistan,COM,CR-,CR/LFINF/CDL+ERM/H:3/COM:3,TOTAL,94.0,58260748.0,10281317.0,0.0,116521.0,68542065.0,68753.0,0.0,1240.0,500.0
TJK,Tajikistan,COM,CR-,CR/LFINF/CDL+ERM/H:3/COM:3A,TOTAL,30.0,14447872.0,2549623.0,0.0,28896.0,16997496.0,17050.0,0.0,963.0,500.0
TJK,Tajikistan,COM,CR-,CR/LFINF/CDL+ERM/H:3/COM:3B,TOTAL,4.0,1982769.0,349900.0,0.0,3966.0,2332669.0,2340.0,0.0,992.0,500.0
TJK,Tajikistan,COM,CR-,CR/LFINF/CDL+ERM/H:3/COM:5,TOTAL,6.0,2073602.0,365930.0,0.0,4147.0,2439532.0,2447.0,0.0,691.0,500.0
TJK,Tajikistan,COM,CR-,CR/LFINF/CDL+ERM/H:3/COM:5A,TOTAL,4.0,1081879.0,190920.0,0.0,2164.0,1272799.0,1277.0,0.0,541.0,500.0
TJK,Tajikistan,RES,CR-,CR/LFINF/CDL+ERM/H:3/RES:1,URBAN,4820.0,171562067.0,30275809.0,27244.0,343124.0,201837851.0,136830.0,4951.0,71.0,500.0
TJK,Tajikistan,RES,CR-,CR/LFINF/CDL+ERM/H:3/RES:1,RURAL,1732.0,50547016.0,8920101.0,11415.0,144420.0,59467080.0,57591.0,1803.0,83.0,350.0
TJK,Tajikistan,RES,CR-,CR/LFINF/CDL+ERM/H:3/RES:2,RURAL,22.0,6537550.0,1153689.0,1475.0,18679.0,7691235.0,7448.0,260.0,849.0,350.0
TJK,Tajikistan,COM,CR-,CR/LFINF/CDL+ERM/H:4/COM:1,TOTAL,13.0,4688144.0,827320.0,0.0,9376.0,5515463.0,5536.0,0.0,721.0,500.0
TJK,Tajikistan,COM,CR-,CR/LFINF/CDL+ERM/H:4/COM:2,TOTAL,11.0,6611484.0,1166733.0,0.0,13223.0,7778217.0,7807.0,0.0,1202.0,500.0
TJK,Tajikistan,COM,CR-,CR/LFINF/CDL+ERM/H:4/COM:3,TOTAL,23.0,18432016.0,3252706.0,0.0,36864.0,21684722.0,21765.0,0.0,1603.0,500.0
TJK,Tajikistan,COM,CR-,CR/LFINF/CDL+ERM/H:4/COM:3A,TOTAL,7.0,4327517.0,763680.0,0.0,8655.0,5091196.0,5110.0,0.0,1236.0,500.0
TJK,Tajikistan,COM,CR-,CR/LFINF/CDL+ERM/H:4/COM:5,TOTAL,4.0,1442505.0,254560.0,0.0,2885.0,1697065.0,1703.0,0.0,721.0,500.0
TJK,Tajikistan,COM,CR-,CR/LFINF/CDL+ERM/H:4/COM:5A,TOTAL,1.0,360626.0,63640.0,0.0,721.0,424266.0,426.0,0.0,721.0,500.0
TJK,Tajikistan,COM,CR-,CR/LFINF/CDL+ERM/H:4/COM:5B,TOTAL,1.0,801392.0,141422.0,0.0,1603.0,942814.0,946.0,0.0,1603.0,500.0
TJK,Tajikistan,RES,CR-,CR/LFINF/CDL+ERM/H:4/RES:1,URBAN,65.0,2322560.0,409869.0,369.0,4645.0,2732430.0,1854.0,67.0,71.0,500.0
TJK,Tajikistan,RES,CR-,CR/LFINF/CDL+ERM/H:4/RES:2,RURAL,1.0,355276.0,62696.0,80.0,1015.0,417972.0,405.0,14.0,1015.0,350.0
TJK,Tajikistan,RES,CR-,CR/LFINF/CDL+ERM/H:4/RES:2,URBAN,358.0,193878977.0,34213975.0,30786.0,387758.0,228092739.0,154718.0,8189.0,1083.0,500.0
TJK,Tajikistan,COM,CR-,CR/LFINF/CDL+ERM/H:5/COM:1,TOTAL,4.0,1803132.0,318200.0,0.0,3606.0,2121332.0,2131.0,0.0,902.0,500.0
TJK,Tajikistan,COM,CR-,CR/LFINF/CDL+ERM/H:5/COM:2,TOTAL,3.0,2253915.0,397749.0,0.0,4508.0,2651664.0,2663.0,0.0,1503.0,500.0
TJK,Tajikistan,COM,CR-,CR/LFINF/CDL+ERM/H:5/COM:3,TOTAL,9.0,9216008.0,1626356.0,0.0,18432.0,10842364.0,10890.0,0.0,2048.0,500.0
TJK,Tajikistan,COM,CR-,CR/LFINF/CDL+ERM/H:5/COM:3A,TOTAL,3.0,2103654.0,371233.0,0.0,4207.0,2474887.0,2486.0,0.0,1402.0,500.0
TJK,Tajikistan,COM,CR-,CR/LFINF/CDL+ERM/H:5/COM:3B,TOTAL,1.0,450783.0,79550.0,0.0,902.0,530333.0,533.0,0.0,902.0,500.0
TJK,Tajikistan,COM,CR-,CR/LFINF/CDL+ERM/H:5/COM:5,TOTAL,2.0,901566.0,159100.0,0.0,1803.0,1060666.0,1065.0,0.0,902.0,500.0
TJK,Tajikistan,COM,CR-,CR/LFINF/CDL+ERM/H:5/COM:5B,TOTAL,1.0,1001740.0,176778.0,0.0,2003.0,1178518.0,1184.0,0.0,2003.0,500.0
TJK,Tajikistan,RES,CR-,CR/LFINF/CDL+ERM/H:5/RES:2,URBAN,20.0,10606569.0,1871747.0,1684.0,21213.0,12478313.0,8469.0,459.0,1061.0,500.0
TJK,Tajikistan,COM,CR-,CR/LFINF/CDL+ERM/H:6-7/COM:3,TOTAL,2.0,2404176.0,424266.0,0.0,4808.0,2828442.0,2843.0,0.0,2404.0,500.0
TJK,Tajikistan,IND,CR-,CR/LFINF/CDL+ERM/H:>2/IND:2,TOTAL,74.0,16712657.0,5570876.0,0.0,33425.0,22283532.0,19728.0,0.0,452.0,500.0
TJK,Tajikistan,IND,CR-,CR/LFINF/CDL+ERM/H:>2/IND:3,TOTAL,4.0,1801971.0,600657.0,0.0,3604.0,2402628.0,2127.0,0.0,901.0,500.0
TJK,Tajikistan,RES,CR-,CR/LFINF/CDL+ERM/H:>5/RES:2,URBAN,10.0,5258195.0,927919.0,835.0,10516.0,6186111.0,4201.0,230.0,1052.0,500.0
TJK,Tajikistan,COM,CR-,CR/LFINF/CDN+ERL/H:1/COM:1,TOTAL,235.0,5336486.0,941732.0,0.0,10673.0,6278227.0,6290.0,0.0,45.0,500.0
TJK,Tajikistan,COM,CR-,CR/LFINF/CDN+ERL/H:1/COM:2,TOTAL,245.0,12905528.0,2277448.0,0.0,25811.0,15182981.0,15210.0,0.0,105.0,500.0
TJK,Tajikistan,COM,CR-,CR/LFINF/CDN+ERL/H:1/COM:3,TOTAL,480.0,24385576.0,4303341.0,0.0,48771.0,28688926.0,28741.0,0.0,102.0,500.0
TJK,Tajikistan,COM,CR-,CR/LFINF/CDN+ERL/H:1/COM:3A,TOTAL,126.0,4548430.0,802665.0,0.0,9097.0,5351099.0,5361.0,0.0,72.0,500.0
TJK,Tajikistan,COM,CR-,CR/LFINF/CDN+ERL/H:1/COM:3B,TOTAL,17.0,424104.0,74842.0,0.0,848.0,498950.0,500.0,0.0,50.0,500.0
TJK,Tajikistan,COM,CR-,CR/LFINF/CDN+ERL/H:1/COM:3C,TOTAL,13.0,656751.0,115898.0,0.0,1314.0,772650.0,774.0,0.0,101.0,500.0
TJK,Tajikistan,COM,CR-,CR/LFINF/CDN+ERL/H:1/COM:5,TOTAL,79.0,2189146.0,386318.0,0.0,4378.0,2575474.0,2580.0,0.0,55.0,500.0
TJK,Tajikistan,COM,CR-,CR/LFINF/CDN+ERL/H:1/COM:5A,TOTAL,50.0,1118056.0,197304.0,0.0,2236.0,1315365.0,1318.0,0.0,45.0,500.0
TJK,Tajikistan,COM,CR-,CR/LFINF/CDN+ERL/H:1/COM:5B,TOTAL,31.0,1720854.0,303681.0,0.0,3442.0,2024535.0,2028.0,0.0,111.0,500.0
TJK,Tajikistan,IND,CR-,CR/LFINF/CDN+ERL/H:1/IND:1,TOTAL,141.0,35261616.0,11753873.0,0.0,70523.0,47015492.0,41560.0,0.0,500.0,500.0
TJK,Tajikistan,IND,CR-,CR/LFINF/CDN+ERL/H:1/IND:2,TOTAL,157.0,11753448.0,3917795.0,0.0,23507.0,15671244.0,13853.0,0.0,150.0,500.0
TJK,Tajikistan,IND,CR-,CR/LFINF/CDN+ERL/H:1/IND:3,TOTAL,14.0,2129364.0,709787.0,0.0,4259.0,2839150.0,2510.0,0.0,304.0,500.0
TJK,Tajikistan,IND,CR-,CR/LFINF/CDN+ERL/H:1/IND:4,TOTAL,314.0,47028915.0,15676303.0,0.0,94058.0,62705216.0,55430.0,0.0,300.0,500.0
TJK,Tajikistan,IND,CR-,CR/LFINF/CDN+ERL/H:1/IND:6,TOTAL,495.0,37116270.0,12372083.0,0.0,74233.0,49488354.0,43747.0,0.0,150.0,500.0
TJK,Tajikistan,RES,CR-,CR/LFINF/CDN+ERL/H:1/RES:1,RURAL,7925.0,243129911.0,42906417.0,55303.0,694659.0,286036254.0,276690.0,8083.0,88.0,350.0
TJK,Tajikistan,RES,CR-,CR/LFINF/CDN+ERL/H:1/RES:1,URBAN,4538.0,184579299.0,32573096.0,28935.0,369159.0,217152589.0,147039.0,4808.0,81.0,500.0
TJK,Tajikistan,COM,CR-,CR/LFINF/CDN+ERL/H:2/COM:1,TOTAL,131.0,8521331.0,1503767.0,0.0,17043.0,10025092.0,10050.0,0.0,130.0,500.0
TJK,Tajikistan,COM,CR-,CR/LFINF/CDN+ERL/H:2/COM:2,TOTAL,101.0,16865859.0,2976326.0,0.0,33732.0,19842185.0,19890.0,0.0,334.0,500.0
TJK,Tajikistan,COM,CR-,CR/LFINF/CDN+ERL/H:2/COM:3,TOTAL,284.0,43026781.0,7592965.0,0.0,86054.0,50619744.0,50743.0,0.0,303.0,500.0
TJK,Tajikistan,COM,CR-,CR/LFINF/CDN+ERL/H:2/COM:3A,TOTAL,74.0,13193711.0,2328302.0,0.0,26387.0,15522011.0,15560.0,0.0,357.0,500.0
TJK,Tajikistan,COM,CR-,CR/LFINF/CDN+ERL/H:2/COM:3B,TOTAL,4.0,227489.0,40145.0,0.0,455.0,267634.0,268.0,0.0,114.0,500.0
TJK,Tajikistan,COM,CR-,CR/LFINF/CDN+ERL/H:2/COM:3C,TOTAL,2.0,301059.0,53129.0,0.0,602.0,354188.0,355.0,0.0,301.0,500.0
TJK,Tajikistan,COM,CR-,CR/LFINF/CDN+ERL/H:2/COM:5,TOTAL,33.0,5103492.0,900614.0,0.0,10207.0,6004107.0,6019.0,0.0,309.0,500.0
TJK,Tajikistan,COM,CR-,CR/LFINF/CDN+ERL/H:2/COM:5A,TOTAL,15.0,951724.0,167952.0,0.0,1903.0,1119676.0,1122.0,0.0,127.0,500.0
TJK,Tajikistan,COM,CR-,CR/LFINF/CDN+ERL/H:2/COM:5B,TOTAL,9.0,2606372.0,459948.0,0.0,5213.0,3066320.0,3074.0,0.0,579.0,500.0
TJK,Tajikistan,IND,CR-,CR/LFINF/CDN+ERL/H:2/IND:2,TOTAL,83.0,12416554.0,4138851.0,0.0,24833.0,16555406.0,14646.0,0.0,299.0,500.0
TJK,Tajikistan,IND,CR-,CR/LFINF/CDN+ERL/H:2/IND:3,TOTAL,7.0,2123331.0,707777.0,0.0,4247.0,2831108.0,2505.0,0.0,607.0,500.0
TJK,Tajikistan,RES,CR-,CR/LFINF/CDN+ERL/H:2/RES:1,URBAN,4107.0,176398691.0,31129496.0,26889.0,352797.0,207527997.0,140605.0,4508.0,86.0,500.0
TJK,Tajikistan,RES,CR-,CR/LFINF/CDN+ERL/H:2/RES:1,RURAL,3269.0,100279684.0,17697063.0,22852.0,286515.0,117976768.0,114191.0,3332.0,88.0,350.0
TJK,Tajikistan,COM,CR-,CR/LFINF/CDN+ERL/H:3/COM:1,TOTAL,58.0,16200591.0,2858929.0,0.0,32401.0,19059520.0,19118.0,0.0,559.0,500.0
TJK,Tajikistan,COM,CR-,CR/LFINF/CDN+ERL/H:3/COM:2,TOTAL,34.0,15397303.0,2717172.0,0.0,30795.0,18114475.0,18170.0,0.0,906.0,500.0
TJK,Tajikistan,COM,CR-,CR/LFINF/CDN+ERL/H:3/COM:3,TOTAL,162.0,99915083.0,17632072.0,0.0,199830.0,117547155.0,117908.0,0.0,1234.0,500.0
TJK,Tajikistan,COM,CR-,CR/LFINF/CDN+ERL/H:3/COM:3A,TOTAL,36.0,17498849.0,3088033.0,0.0,34998.0,20586886.0,20650.0,0.0,972.0,500.0
TJK,Tajikistan,COM,CR-,CR/LFINF/CDN+ERL/H:3/COM:3B,TOTAL,2.0,540940.0,95460.0,0.0,1082.0,636400.0,638.0,0.0,541.0,500.0
TJK,Tajikistan,COM,CR-,CR/LFINF/CDN+ERL/H:3/COM:3C,TOTAL,2.0,1202088.0,212133.0,0.0,2404.0,1414221.0,1419.0,0.0,1202.0,500.0
TJK,Tajikistan,COM,CR-,CR/LFINF/CDN+ERL/H:3/COM:5,TOTAL,10.0,3155815.0,556909.0,0.0,6312.0,3712725.0,3724.0,0.0,631.0,500.0
TJK,Tajikistan,COM,CR-,CR/LFINF/CDN+ERL/H:3/COM:5A,TOTAL,6.0,1624403.0,286659.0,0.0,3249.0,1911064.0,1917.0,0.0,542.0,500.0
TJK,Tajikistan,COM,CR-,CR/LFINF/CDN+ERL/H:3/COM:5B,TOTAL,5.0,3005220.0,530333.0,0.0,6010.0,3535553.0,3546.0,0.0,1202.0,500.0
TJK,Tajikistan,RES,CR-,CR/LFINF/CDN+ERL/H:3/RES:1,RURAL,1596.0,48589663.0,8574690.0,11043.0,138828.0,57164331.0,55361.0,1634.0,87.0,350.0
TJK,Tajikistan,RES,CR-,CR/LFINF/CDN+ERL/H:3/RES:1,URBAN,7253.0,314219754.0,55450654.0,47402.0,628439.0,369670414.0,250604.0,8043.0,87.0,500.0
TJK,Tajikistan,RES,CR-,CR/LFINF/CDN+ERL/H:3/RES:2,RURAL,49.0,10483595.0,1850057.0,2386.0,29953.0,12333637.0,11944.0,416.0,611.0,350.0
TJK,Tajikistan,COM,CR-,CR/LFINF/CDN+ERL/H:4/COM:1,TOTAL,21.0,7596219.0,1340510.0,0.0,15192.0,8936729.0,8970.0,0.0,723.0,500.0
TJK,Tajikistan,COM,CR-,CR/LFINF/CDN+ERL/H:4/COM:2,TOTAL,8.0,4808352.0,848533.0,0.0,9617.0,5656885.0,5678.0,0.0,1202.0,500.0
TJK,Tajikistan,COM,CR-,CR/LFINF/CDN+ERL/H:4/COM:3,TOTAL,35.0,28048704.0,4949770.0,0.0,56097.0,32998474.0,33121.0,0.0,1603.0,500.0
TJK,Tajikistan,COM,CR-,CR/LFINF/CDN+ERL/H:4/COM:3A,TOTAL,8.0,4688134.0,827318.0,0.0,9376.0,5515451.0,5536.0,0.0,1172.0,500.0
TJK,Tajikistan,COM,CR-,CR/LFINF/CDN+ERL/H:4/COM:3C,TOTAL,1.0,801392.0,141422.0,0.0,1603.0,942814.0,946.0,0.0,1603.0,500.0
TJK,Tajikistan,COM,CR-,CR/LFINF/CDN+ERL/H:4/COM:5,TOTAL,2.0,721252.0,127280.0,0.0,1443.0,848532.0,852.0,0.0,722.0,500.0
TJK,Tajikistan,COM,CR-,CR/LFINF/CDN+ERL/H:4/COM:5A,TOTAL,3.0,1081879.0,190920.0,0.0,2164.0,1272799.0,1278.0,0.0,721.0,500.0
TJK,Tajikistan,RES,CR-,CR/LFINF/CDN+ERL/H:4/RES:1,URBAN,193.0,7601325.0,1341435.0,1192.0,15203.0,8942736.0,6066.0,203.0,79.0,500.0
TJK,Tajikistan,RES,CR-,CR/LFINF/CDN+ERL/H:4/RES:2,URBAN,1611.0,1487869063.0,262565113.0,224795.0,2975738.0,1750433939.0,1187334.0,54023.0,1847.0,500.0
TJK,Tajikistan,COM,CR-,CR/LFINF/CDN+ERL/H:5/COM:1,TOTAL,8.0,3606264.0,636400.0,0.0,7213.0,4242664.0,4261.0,0.0,902.0,500.0
TJK,Tajikistan,COM,CR-,CR/LFINF/CDN+ERL/H:5/COM:2,TOTAL,4.0,3005220.0,530332.0,0.0,6010.0,3535552.0,3551.0,0.0,1502.0,500.0
TJK,Tajikistan,COM,CR-,CR/LFINF/CDN+ERL/H:5/COM:3,TOTAL,14.0,14024360.0,2474890.0,0.0,28049.0,16499250.0,16571.0,0.0,2004.0,500.0
TJK,Tajikistan,COM,CR-,CR/LFINF/CDN+ERL/H:5/COM:3A,TOTAL,5.0,3756525.0,662916.0,0.0,7513.0,4419441.0,4439.0,0.0,1503.0,500.0
TJK,Tajikistan,COM,CR-,CR/LFINF/CDN+ERL/H:5/COM:5,TOTAL,2.0,1652871.0,291683.0,0.0,3306.0,1944554.0,1953.0,0.0,1653.0,500.0
TJK,Tajikistan,COM,CR-,CR/LFINF/CDN+ERL/H:5/COM:5A,TOTAL,1.0,450783.0,79550.0,0.0,902.0,530333.0,533.0,0.0,902.0,500.0
TJK,Tajikistan,COM,CR-,CR/LFINF/CDN+ERL/H:5/COM:5B,TOTAL,1.0,1001740.0,176778.0,0.0,2003.0,1178518.0,1184.0,0.0,2003.0,500.0
TJK,Tajikistan,RES,CR-,CR/LFINF/CDN+ERL/H:5/RES:2,URBAN,145.0,165023282.0,29121738.0,24403.0,330047.0,194145010.0,131769.0,5830.0,2276.0,500.0
TJK,Tajikistan,COM,CR-,CR/LFINF/CDN+ERL/H:6-7/COM:1,TOTAL,2.0,1081880.0,190920.0,0.0,2164.0,1272800.0,1279.0,0.0,1082.0,500.0
TJK,Tajikistan,COM,CR-,CR/LFINF/CDN+ERL/H:6-7/COM:2,TOTAL,2.0,1803132.0,318200.0,0.0,3606.0,2121332.0,2132.0,0.0,1803.0,500.0
TJK,Tajikistan,COM,CR-,CR/LFINF/CDN+ERL/H:6-7/COM:3,TOTAL,2.0,2404176.0,424266.0,0.0,4808.0,2828442.0,2843.0,0.0,2404.0,500.0
TJK,Tajikistan,COM,CR-,CR/LFINF/CDN+ERL/H:6-7/COM:3A,TOTAL,1.0,1442506.0,254560.0,0.0,2885.0,1697065.0,1706.0,0.0,2885.0,500.0
TJK,Tajikistan,IND,CR-,CR/LFINF/CDN+ERL/H:>2/IND:2,TOTAL,101.0,22637721.0,7545914.0,0.0,45275.0,30183630.0,26722.0,0.0,448.0,500.0
TJK,Tajikistan,IND,CR-,CR/LFINF/CDN+ERL/H:>2/IND:3,TOTAL,11.0,5008521.0,1669509.0,0.0,10017.0,6678030.0,5912.0,0.0,911.0,500.0
TJK,Tajikistan,RES,CR-,CR/LFINF/CDN+ERL/H:>5/RES:2,URBAN,60.0,67164063.0,11852474.0,9942.0,134328.0,79016530.0,53662.0,2392.0,2239.0,500.0
TJK,Tajikistan,COM,CR+,CR/LFM/CDH+ERH/H:1/COM:1,TOTAL,1.0,22832.0,4029.0,0.0,46.0,26862.0,27.0,0.0,46.0,496.0
TJK,Tajikistan,COM,CR+,CR/LFM/CDH+ERH/H:1/COM:2,TOTAL,2.0,264682.0,46708.0,0.0,529.0,311391.0,312.0,0.0,264.0,500.0
TJK,Tajikistan,COM,CR+,CR/LFM/CDH+ERH/H:1/COM:3,TOTAL,5.0,252556.0,44568.0,0.0,505.0,297124.0,298.0,0.0,101.0,500.0
TJK,Tajikistan,COM,CR+,CR/LFM/CDH+ERH/H:1/COM:3A,TOTAL,1.0,60257.0,10634.0,0.0,121.0,70891.0,71.0,0.0,121.0,498.0
TJK,Tajikistan,IND,CR+,CR/LFM/CDH+ERH/H:1/IND:1,TOTAL,4.0,1012489.0,337498.0,0.0,2025.0,1349987.0,1193.0,0.0,506.0,500.0
TJK,Tajikistan,IND,CR+,CR/LFM/CDH+ERH/H:1/IND:2,TOTAL,1.0,76009.0,25336.0,0.0,152.0,101345.0,90.0,0.0,152.0,500.0
TJK,Tajikistan,IND,CR+,CR/LFM/CDH+ERH/H:1/IND:4,TOTAL,2.0,302738.0,100912.0,0.0,605.0,403650.0,357.0,0.0,302.0,500.0
TJK,Tajikistan,IND,CR+,CR/LFM/CDH+ERH/H:1/IND:6,TOTAL,4.0,305789.0,101928.0,0.0,612.0,407717.0,360.0,0.0,153.0,500.0
TJK,Tajikistan,COM,CR+,CR/LFM/CDH+ERH/H:2/COM:1,TOTAL,3.0,138022.0,24356.0,0.0,276.0,162379.0,163.0,0.0,92.0,500.0
TJK,Tajikistan,COM,CR+,CR/LFM/CDH+ERH/H:2/COM:2,TOTAL,2.0,203997.0,35999.0,0.0,408.0,239996.0,241.0,0.0,204.0,500.0
TJK,Tajikistan,COM,CR+,CR/LFM/CDH+ERH/H:2/COM:3,TOTAL,1.0,104882.0,18509.0,0.0,210.0,123391.0,124.0,0.0,210.0,499.0
TJK,Tajikistan,COM,CR+,CR/LFM/CDH+ERH/H:2/COM:3A,TOTAL,1.0,45343.0,8002.0,0.0,91.0,53345.0,53.0,0.0,91.0,498.0
TJK,Tajikistan,COM,CR+,CR/LFM/CDH+ERH/H:2/COM:5A,TOTAL,1.0,45605.0,8048.0,0.0,91.0,53653.0,54.0,0.0,91.0,501.0
TJK,Tajikistan,COM,CR-,CR/LFM/CDH+ERL/H:1/COM:1,TOTAL,4.0,90473.0,15966.0,0.0,181.0,106440.0,107.0,0.0,45.0,500.0
TJK,Tajikistan,COM,CR-,CR/LFM/CDH+ERL/H:1/COM:2,TOTAL,5.0,259114.0,45727.0,0.0,518.0,304841.0,305.0,0.0,104.0,500.0
TJK,Tajikistan,COM,CR-,CR/LFM/CDH+ERL/H:1/COM:3,TOTAL,3.0,151223.0,26686.0,0.0,302.0,177910.0,178.0,0.0,101.0,501.0
TJK,Tajikistan,COM,CR-,CR/LFM/CDH+ERL/H:1/COM:3A,TOTAL,4.0,168286.0,29698.0,0.0,337.0,197983.0,198.0,0.0,84.0,499.0
TJK,Tajikistan,COM,CR-,CR/LFM/CDH+ERL/H:1/COM:5,TOTAL,1.0,22856.0,4033.0,0.0,46.0,26890.0,27.0,0.0,46.0,497.0
TJK,Tajikistan,IND,CR-,CR/LFM/CDH+ERL/H:1/IND:1,TOTAL,1.0,250748.0,83582.0,0.0,501.0,334330.0,296.0,0.0,501.0,500.0
TJK,Tajikistan,IND,CR-,CR/LFM/CDH+ERL/H:1/IND:2,TOTAL,3.0,226936.0,75644.0,0.0,454.0,302580.0,267.0,0.0,151.0,500.0
TJK,Tajikistan,IND,CR-,CR/LFM/CDH+ERL/H:1/IND:4,TOTAL,4.0,613752.0,204583.0,0.0,1228.0,818336.0,723.0,0.0,307.0,500.0
TJK,Tajikistan,IND,CR-,CR/LFM/CDH+ERL/H:1/IND:6,TOTAL,3.0,231019.0,77007.0,0.0,462.0,308026.0,272.0,0.0,154.0,500.0
TJK,Tajikistan,COM,CR-,CR/LFM/CDH+ERL/H:2/COM:1,TOTAL,1.0,45713.0,8067.0,0.0,91.0,53780.0,54.0,0.0,91.0,502.0
TJK,Tajikistan,COM,CR-,CR/LFM/CDH+ERL/H:2/COM:2,TOTAL,1.0,100299.0,17700.0,0.0,201.0,117999.0,118.0,0.0,201.0,499.0
TJK,Tajikistan,COM,CR-,CR/LFM/CDH+ERL/H:2/COM:3,TOTAL,2.0,201714.0,35597.0,0.0,403.0,237311.0,238.0,0.0,202.0,501.0
TJK,Tajikistan,COM,CR+,CR/LFM/CDH+ERM/H:1/COM:1,TOTAL,2.0,83198.0,14682.0,0.0,166.0,97879.0,98.0,0.0,83.0,501.0
TJK,Tajikistan,COM,CR+,CR/LFM/CDH+ERM/H:1/COM:2,TOTAL,6.0,301351.0,53179.0,0.0,603.0,354530.0,355.0,0.0,100.0,500.0
TJK,Tajikistan,COM,CR+,CR/LFM/CDH+ERM/H:1/COM:3,TOTAL,5.0,261129.0,46083.0,0.0,522.0,307212.0,308.0,0.0,104.0,500.0
TJK,Tajikistan,COM,CR+,CR/LFM/CDH+ERM/H:1/COM:3A,TOTAL,3.0,105301.0,18583.0,0.0,211.0,123884.0,124.0,0.0,70.0,499.0
TJK,Tajikistan,IND,CR+,CR/LFM/CDH+ERM/H:1/IND:2,TOTAL,1.0,75367.0,25122.0,0.0,151.0,100489.0,89.0,0.0,151.0,499.0
TJK,Tajikistan,IND,CR+,CR/LFM/CDH+ERM/H:1/IND:3,TOTAL,1.0,152775.0,50925.0,0.0,306.0,203700.0,180.0,0.0,306.0,499.0
TJK,Tajikistan,IND,CR+,CR/LFM/CDH+ERM/H:1/IND:4,TOTAL,1.0,151666.0,50555.0,0.0,303.0,202222.0,179.0,0.0,303.0,501.0
TJK,Tajikistan,IND,CR+,CR/LFM/CDH+ERM/H:1/IND:6,TOTAL,5.0,378619.0,126205.0,0.0,757.0,504826.0,446.0,0.0,151.0,500.0
TJK,Tajikistan,COM,CR+,CR/LFM/CDH+ERM/H:2/COM:1,TOTAL,1.0,45062.0,7952.0,0.0,90.0,53014.0,53.0,0.0,90.0,501.0
TJK,Tajikistan,COM,CR+,CR/LFM/CDH+ERM/H:2/COM:2,TOTAL,1.0,100080.0,17661.0,0.0,200.0,117741.0,118.0,0.0,200.0,500.0
TJK,Tajikistan,COM,CR+,CR/LFM/CDH+ERM/H:2/COM:3A,TOTAL,1.0,45220.0,7980.0,0.0,90.0,53200.0,53.0,0.0,90.0,502.0
TJK,Tajikistan,IND,CR+,CR/LFM/CDH+ERM/H:2/IND:2,TOTAL,1.0,150264.0,50088.0,0.0,301.0,200352.0,177.0,0.0,301.0,499.0
TJK,Tajikistan,COM,CR+,CR/LFM/CDH+ERM/H:3/COM:1,TOTAL,1.0,270470.0,47730.0,0.0,541.0,318200.0,319.0,0.0,541.0,500.0
TJK,Tajikistan,COM,CR+,CR/LFM/CDH+ERM/H:3/COM:3,TOTAL,3.0,2049022.0,361593.0,0.0,4098.0,2410614.0,2418.0,0.0,1366.0,500.0
TJK,Tajikistan,IND,CR+,CR/LFM/CDH+ERM/H:>2/IND:2,TOTAL,1.0,225180.0,75060.0,0.0,450.0,300240.0,266.0,0.0,450.0,500.0
TJK,Tajikistan,COM,CR-,CR/LFM/CDL+ERH/H:1/COM:1,TOTAL,61.0,1365102.0,240899.0,0.0,2730.0,1606002.0,1609.0,0.0,45.0,500.0
TJK,Tajikistan,COM,CR-,CR/LFM/CDL+ERH/H:1/COM:2,TOTAL,65.0,3413215.0,602332.0,0.0,6826.0,4015548.0,4023.0,0.0,105.0,500.0
TJK,Tajikistan,COM,CR-,CR/LFM/CDL+ERH/H:1/COM:3,TOTAL,116.0,5897181.0,1040684.0,0.0,11794.0,6937870.0,6950.0,0.0,102.0,500.0
TJK,Tajikistan,COM,CR-,CR/LFM/CDL+ERH/H:1/COM:3A,TOTAL,41.0,1291291.0,227876.0,0.0,2583.0,1519173.0,1522.0,0.0,63.0,500.0
TJK,Tajikistan,COM,CR-,CR/LFM/CDL+ERH/H:1/COM:3B,TOTAL,2.0,45320.0,7998.0,0.0,91.0,53318.0,53.0,0.0,46.0,498.0
TJK,Tajikistan,COM,CR-,CR/LFM/CDL+ERH/H:1/COM:3C,TOTAL,3.0,152652.0,26939.0,0.0,305.0,179592.0,180.0,0.0,102.0,500.0
TJK,Tajikistan,COM,CR-,CR/LFM/CDL+ERH/H:1/COM:5,TOTAL,17.0,715996.0,126354.0,0.0,1432.0,842352.0,844.0,0.0,84.0,500.0
TJK,Tajikistan,COM,CR-,CR/LFM/CDL+ERH/H:1/COM:5A,TOTAL,9.0,204357.0,36062.0,0.0,409.0,240420.0,241.0,0.0,45.0,500.0
TJK,Tajikistan,COM,CR-,CR/LFM/CDL+ERH/H:1/COM:5B,TOTAL,6.0,354459.0,62551.0,0.0,709.0,417010.0,418.0,0.0,118.0,500.0
TJK,Tajikistan,IND,CR-,CR/LFM/CDL+ERH/H:1/IND:1,TOTAL,40.0,9894149.0,3298050.0,0.0,19788.0,13192200.0,11662.0,0.0,495.0,500.0
TJK,Tajikistan,IND,CR-,CR/LFM/CDL+ERH/H:1/IND:2,TOTAL,37.0,2804323.0,934766.0,0.0,5609.0,3739089.0,3305.0,0.0,152.0,500.0
TJK,Tajikistan,IND,CR-,CR/LFM/CDL+ERH/H:1/IND:3,TOTAL,5.0,769969.0,256656.0,0.0,1540.0,1026626.0,908.0,0.0,308.0,500.0
TJK,Tajikistan,IND,CR-,CR/LFM/CDL+ERH/H:1/IND:4,TOTAL,75.0,11230513.0,3743501.0,0.0,22461.0,14974018.0,13237.0,0.0,299.0,500.0
TJK,Tajikistan,IND,CR-,CR/LFM/CDL+ERH/H:1/IND:6,TOTAL,103.0,7745524.0,2581832.0,0.0,15491.0,10327355.0,9129.0,0.0,150.0,500.0
TJK,Tajikistan,COM,CR-,CR/LFM/CDL+ERH/H:2/COM:1,TOTAL,19.0,1389908.0,245279.0,0.0,2780.0,1635187.0,1639.0,0.0,146.0,500.0
TJK,Tajikistan,COM,CR-,CR/LFM/CDL+ERH/H:2/COM:2,TOTAL,17.0,3696141.0,652262.0,0.0,7392.0,4348402.0,4359.0,0.0,435.0,500.0
TJK,Tajikistan,COM,CR-,CR/LFM/CDL+ERH/H:2/COM:3,TOTAL,39.0,5491931.0,969167.0,0.0,10984.0,6461099.0,6477.0,0.0,282.0,500.0
TJK,Tajikistan,COM,CR-,CR/LFM/CDL+ERH/H:2/COM:3A,TOTAL,14.0,2823214.0,498213.0,0.0,5646.0,3321428.0,3330.0,0.0,403.0,500.0
TJK,Tajikistan,COM,CR-,CR/LFM/CDL+ERH/H:2/COM:3C,TOTAL,3.0,305102.0,53841.0,0.0,610.0,358943.0,360.0,0.0,203.0,500.0
TJK,Tajikistan,COM,CR-,CR/LFM/CDL+ERH/H:2/COM:5,TOTAL,5.0,1123288.0,198227.0,0.0,2247.0,1321515.0,1325.0,0.0,449.0,500.0
TJK,Tajikistan,COM,CR-,CR/LFM/CDL+ERH/H:2/COM:5A,TOTAL,2.0,90715.0,16008.0,0.0,181.0,106723.0,107.0,0.0,90.0,501.0
TJK,Tajikistan,COM,CR-,CR/LFM/CDL+ERH/H:2/COM:5B,TOTAL,1.0,805688.0,142180.0,0.0,1611.0,947868.0,950.0,0.0,1611.0,500.0
TJK,Tajikistan,IND,CR-,CR/LFM/CDL+ERH/H:2/IND:2,TOTAL,14.0,2118007.0,706003.0,0.0,4236.0,2824010.0,2498.0,0.0,303.0,500.0
TJK,Tajikistan,IND,CR-,CR/LFM/CDL+ERH/H:2/IND:3,TOTAL,1.0,301068.0,100356.0,0.0,602.0,401424.0,355.0,0.0,602.0,500.0
TJK,Tajikistan,COM,CR-,CR/LFM/CDL+ERH/H:3/COM:1,TOTAL,8.0,2183076.0,385249.0,0.0,4366.0,2568328.0,2576.0,0.0,546.0,500.0
TJK,Tajikistan,COM,CR-,CR/LFM/CDL+ERH/H:3/COM:2,TOTAL,2.0,925398.0,163306.0,0.0,1851.0,1088704.0,1092.0,0.0,926.0,500.0
TJK,Tajikistan,COM,CR-,CR/LFM/CDL+ERH/H:3/COM:3,TOTAL,29.0,18341778.0,3236783.0,0.0,36684.0,21578563.0,21645.0,0.0,1265.0,500.0
TJK,Tajikistan,COM,CR-,CR/LFM/CDL+ERH/H:3/COM:3A,TOTAL,7.0,4174237.0,736630.0,0.0,8348.0,4910868.0,4926.0,0.0,1193.0,500.0
TJK,Tajikistan,COM,CR-,CR/LFM/CDL+ERH/H:3/COM:5,TOTAL,2.0,542387.0,95715.0,0.0,1085.0,638103.0,640.0,0.0,542.0,500.0
TJK,Tajikistan,RES,CR-,CR/LFM/CDL+ERH/H:3/RES:2,RURAL,3.0,531777.0,93843.0,120.0,1519.0,625620.0,606.0,27.0,506.0,350.0
TJK,Tajikistan,COM,CR-,CR/LFM/CDL+ERH/H:4/COM:1,TOTAL,1.0,365317.0,64468.0,0.0,731.0,429785.0,431.0,0.0,731.0,500.0
TJK,Tajikistan,COM,CR-,CR/LFM/CDL+ERH/H:4/COM:2,TOTAL,2.0,1203174.0,212325.0,0.0,2406.0,1415499.0,1421.0,0.0,1203.0,500.0
TJK,Tajikistan,RES,CR-,CR/LFM/CDL+ERH/H:4/RES:2,URBAN,117.0,128881003.0,22743694.0,19070.0,257762.0,151624697.0,102848.0,4509.0,2203.0,500.0
TJK,Tajikistan,RES,CR-,CR/LFM/CDL+ERH/H:5/RES:2,URBAN,13.0,14412435.0,2543369.0,2118.0,28825.0,16955804.0,11508.0,500.0,2217.0,500.0
TJK,Tajikistan,IND,CR-,CR/LFM/CDL+ERH/H:>2/IND:2,TOTAL,22.0,4985039.0,1661682.0,0.0,9970.0,6646719.0,5884.0,0.0,453.0,500.0
TJK,Tajikistan,IND,CR-,CR/LFM/CDL+ERH/H:>2/IND:3,TOTAL,4.0,1832822.0,610942.0,0.0,3666.0,2443764.0,2163.0,0.0,916.0,500.0
TJK,Tajikistan,RES,CR-,CR/LFM/CDL+ERH/H:>5/RES:2,URBAN,6.0,7103530.0,1253563.0,1042.0,14207.0,8357093.0,5675.0,246.0,2368.0,500.0
TJK,Tajikistan,COM,CR-,CR/LFM/CDL+ERL/H:1/COM:1,TOTAL,198.0,4601781.0,812080.0,0.0,9204.0,5413865.0,5424.0,0.0,46.0,500.0
TJK,Tajikistan,COM,CR-,CR/LFM/CDL+ERL/H:1/COM:2,TOTAL,160.0,8165074.0,1440900.0,0.0,16330.0,9605973.0,9623.0,0.0,102.0,500.0
TJK,Tajikistan,COM,CR-,CR/LFM/CDL+ERL/H:1/COM:3,TOTAL,283.0,14424785.0,2545555.0,0.0,28850.0,16970345.0,17001.0,0.0,102.0,500.0
TJK,Tajikistan,COM,CR-,CR/LFM/CDL+ERL/H:1/COM:3A,TOTAL,69.0,2417873.0,426686.0,0.0,4836.0,2844565.0,2850.0,0.0,70.0,500.0
TJK,Tajikistan,COM,CR-,CR/LFM/CDL+ERL/H:1/COM:3B,TOTAL,4.0,92683.0,16356.0,0.0,185.0,109040.0,109.0,0.0,46.0,501.0
TJK,Tajikistan,COM,CR-,CR/LFM/CDL+ERL/H:1/COM:3C,TOTAL,7.0,353019.0,62297.0,0.0,706.0,415316.0,416.0,0.0,101.0,500.0
TJK,Tajikistan,COM,CR-,CR/LFM/CDL+ERL/H:1/COM:5,TOTAL,46.0,1179394.0,208129.0,0.0,2359.0,1387523.0,1390.0,0.0,51.0,500.0
TJK,Tajikistan,COM,CR-,CR/LFM/CDL+ERL/H:1/COM:5A,TOTAL,21.0,476818.0,84144.0,0.0,954.0,560967.0,562.0,0.0,45.0,500.0
TJK,Tajikistan,COM,CR-,CR/LFM/CDL+ERL/H:1/COM:5B,TOTAL,15.0,808002.0,142590.0,0.0,1616.0,950593.0,952.0,0.0,108.0,500.0
TJK,Tajikistan,IND,CR-,CR/LFM/CDL+ERL/H:1/IND:1,TOTAL,75.0,18676555.0,6225514.0,0.0,37353.0,24902071.0,22013.0,0.0,498.0,500.0
TJK,Tajikistan,IND,CR-,CR/LFM/CDL+ERL/H:1/IND:2,TOTAL,99.0,7459116.0,2486358.0,0.0,14918.0,9945476.0,8792.0,0.0,151.0,500.0
TJK,Tajikistan,IND,CR-,CR/LFM/CDL+ERL/H:1/IND:3,TOTAL,8.0,1208065.0,402687.0,0.0,2416.0,1610754.0,1424.0,0.0,302.0,500.0
TJK,Tajikistan,IND,CR-,CR/LFM/CDL+ERL/H:1/IND:4,TOTAL,165.0,24746749.0,8248916.0,0.0,49494.0,32995670.0,29168.0,0.0,300.0,500.0
TJK,Tajikistan,IND,CR-,CR/LFM/CDL+ERL/H:1/IND:6,TOTAL,229.0,17173681.0,5724553.0,0.0,34347.0,22898232.0,20242.0,0.0,150.0,500.0
TJK,Tajikistan,COM,CR-,CR/LFM/CDL+ERL/H:2/COM:1,TOTAL,64.0,4132427.0,729256.0,0.0,8265.0,4861679.0,4874.0,0.0,129.0,500.0
TJK,Tajikistan,COM,CR-,CR/LFM/CDL+ERL/H:2/COM:2,TOTAL,49.0,7326835.0,1292975.0,0.0,14654.0,8619809.0,8641.0,0.0,299.0,500.0
TJK,Tajikistan,COM,CR-,CR/LFM/CDL+ERL/H:2/COM:3,TOTAL,120.0,16148931.0,2849814.0,0.0,32298.0,18998745.0,19045.0,0.0,269.0,500.0
TJK,Tajikistan,COM,CR-,CR/LFM/CDL+ERL/H:2/COM:3A,TOTAL,33.0,5875025.0,1036770.0,0.0,11750.0,6911795.0,6929.0,0.0,356.0,500.0
TJK,Tajikistan,COM,CR-,CR/LFM/CDL+ERL/H:2/COM:3B,TOTAL,2.0,90298.0,15935.0,0.0,181.0,106233.0,106.0,0.0,90.0,499.0
TJK,Tajikistan,COM,CR-,CR/LFM/CDL+ERL/H:2/COM:3C,TOTAL,3.0,301495.0,53205.0,0.0,603.0,354700.0,356.0,0.0,201.0,500.0
TJK,Tajikistan,COM,CR-,CR/LFM/CDL+ERL/H:2/COM:5,TOTAL,16.0,1685902.0,297512.0,0.0,3372.0,1983414.0,1988.0,0.0,211.0,500.0
TJK,Tajikistan,COM,CR-,CR/LFM/CDL+ERL/H:2/COM:5A,TOTAL,7.0,362520.0,63975.0,0.0,725.0,426496.0,428.0,0.0,104.0,500.0
TJK,Tajikistan,COM,CR-,CR/LFM/CDL+ERL/H:2/COM:5B,TOTAL,3.0,301290.0,53170.0,0.0,603.0,354460.0,355.0,0.0,201.0,500.0
TJK,Tajikistan,IND,CR-,CR/LFM/CDL+ERL/H:2/IND:2,TOTAL,38.0,5760944.0,1920312.0,0.0,11522.0,7681260.0,6795.0,0.0,303.0,500.0
TJK,Tajikistan,IND,CR-,CR/LFM/CDL+ERL/H:2/IND:3,TOTAL,6.0,1830903.0,610301.0,0.0,3662.0,2441204.0,2160.0,0.0,610.0,500.0
TJK,Tajikistan,COM,CR-,CR/LFM/CDL+ERL/H:3/COM:1,TOTAL,13.0,3568497.0,629736.0,0.0,7137.0,4198231.0,4211.0,0.0,549.0,500.0
TJK,Tajikistan,COM,CR-,CR/LFM/CDL+ERL/H:3/COM:2,TOTAL,6.0,2709248.0,478102.0,0.0,5418.0,3187350.0,3197.0,0.0,903.0,500.0
TJK,Tajikistan,COM,CR-,CR/LFM/CDL+ERL/H:3/COM:3,TOTAL,32.0,20066121.0,3541082.0,0.0,40132.0,23607203.0,23680.0,0.0,1254.0,500.0
TJK,Tajikistan,COM,CR-,CR/LFM/CDL+ERL/H:3/COM:3A,TOTAL,11.0,5257222.0,927744.0,0.0,10514.0,6184966.0,6204.0,0.0,956.0,500.0
TJK,Tajikistan,COM,CR-,CR/LFM/CDL+ERL/H:3/COM:5,TOTAL,1.0,270470.0,47730.0,0.0,541.0,318200.0,319.0,0.0,541.0,500.0
TJK,Tajikistan,COM,CR-,CR/LFM/CDL+ERL/H:3/COM:5B,TOTAL,1.0,601044.0,106067.0,0.0,1202.0,707111.0,709.0,0.0,1202.0,500.0
TJK,Tajikistan,RES,CR-,CR/LFM/CDL+ERL/H:3/RES:2,RURAL,17.0,3182042.0,561543.0,733.0,9092.0,3743585.0,3625.0,110.0,535.0,350.0
TJK,Tajikistan,COM,CR-,CR/LFM/CDL+ERL/H:4/COM:1,TOTAL,3.0,1082930.0,191106.0,0.0,2166.0,1274036.0,1279.0,0.0,722.0,500.0
TJK,Tajikistan,COM,CR-,CR/LFM/CDL+ERL/H:4/COM:2,TOTAL,2.0,1202964.0,212288.0,0.0,2406.0,1415252.0,1421.0,0.0,1203.0,500.0
TJK,Tajikistan,COM,CR-,CR/LFM/CDL+ERL/H:4/COM:3,TOTAL,1.0,801392.0,141422.0,0.0,1603.0,942814.0,946.0,0.0,1603.0,500.0
TJK,Tajikistan,COM,CR-,CR/LFM/CDL+ERL/H:4/COM:3A,TOTAL,1.0,963072.0,169954.0,0.0,1926.0,1133026.0,1137.0,0.0,1926.0,500.0
TJK,Tajikistan,COM,CR-,CR/LFM/CDL+ERL/H:4/COM:5,TOTAL,1.0,361152.0,63733.0,0.0,722.0,424885.0,426.0,0.0,722.0,500.0
TJK,Tajikistan,RES,CR-,CR/LFM/CDL+ERL/H:4/RES:2,URBAN,254.0,251597866.0,44399603.0,37818.0,503196.0,295997443.0,200778.0,8979.0,1981.0,500.0
TJK,Tajikistan,COM,CR-,CR/LFM/CDL+ERL/H:5/COM:1,TOTAL,1.0,451440.0,79666.0,0.0,903.0,531106.0,533.0,0.0,903.0,500.0
TJK,Tajikistan,COM,CR-,CR/LFM/CDL+ERL/H:5/COM:2,TOTAL,1.0,751305.0,132583.0,0.0,1503.0,883888.0,888.0,0.0,1503.0,500.0
TJK,Tajikistan,RES,CR-,CR/LFM/CDL+ERL/H:5/RES:2,URBAN,20.0,25301700.0,4465000.0,3717.0,50603.0,29766700.0,20203.0,874.0,2530.0,500.0
TJK,Tajikistan,IND,CR-,CR/LFM/CDL+ERL/H:>2/IND:2,TOTAL,36.0,8161168.0,2720388.0,0.0,16322.0,10881555.0,9634.0,0.0,453.0,500.0
TJK,Tajikistan,IND,CR-,CR/LFM/CDL+ERL/H:>2/IND:3,TOTAL,6.0,2725295.0,908432.0,0.0,5451.0,3633726.0,3217.0,0.0,908.0,500.0
TJK,Tajikistan,RES,CR-,CR/LFM/CDL+ERL/H:>5/RES:2,URBAN,6.0,8277786.0,1460784.0,1208.0,16556.0,9738570.0,6614.0,286.0,2759.0,500.0
TJK,Tajikistan,COM,CR-,CR/LFM/CDL+ERM/H:1/COM:1,TOTAL,145.0,3302458.0,582788.0,0.0,6605.0,3885250.0,3892.0,0.0,46.0,500.0
TJK,Tajikistan,COM,CR-,CR/LFM/CDL+ERM/H:1/COM:2,TOTAL,131.0,6704549.0,1183160.0,0.0,13409.0,7887707.0,7902.0,0.0,102.0,500.0
TJK,Tajikistan,COM,CR-,CR/LFM/CDL+ERM/H:1/COM:3,TOTAL,219.0,11111505.0,1960876.0,0.0,22223.0,13072377.0,13096.0,0.0,101.0,500.0
TJK,Tajikistan,COM,CR-,CR/LFM/CDL+ERM/H:1/COM:3A,TOTAL,62.0,2365259.0,417402.0,0.0,4731.0,2782658.0,2788.0,0.0,76.0,500.0
TJK,Tajikistan,COM,CR-,CR/LFM/CDL+ERM/H:1/COM:3B,TOTAL,7.0,159481.0,28144.0,0.0,319.0,187627.0,188.0,0.0,46.0,500.0
TJK,Tajikistan,COM,CR-,CR/LFM/CDL+ERM/H:1/COM:3C,TOTAL,4.0,201150.0,35497.0,0.0,402.0,236647.0,237.0,0.0,100.0,500.0
TJK,Tajikistan,COM,CR-,CR/LFM/CDL+ERM/H:1/COM:5,TOTAL,47.0,1406267.0,248167.0,0.0,2813.0,1654438.0,1657.0,0.0,60.0,500.0
TJK,Tajikistan,COM,CR-,CR/LFM/CDL+ERM/H:1/COM:5A,TOTAL,17.0,384330.0,67826.0,0.0,769.0,452156.0,453.0,0.0,45.0,500.0
TJK,Tajikistan,COM,CR-,CR/LFM/CDL+ERM/H:1/COM:5B,TOTAL,10.0,655677.0,115708.0,0.0,1311.0,771385.0,773.0,0.0,131.0,500.0
TJK,Tajikistan,IND,CR-,CR/LFM/CDL+ERM/H:1/IND:1,TOTAL,87.0,21860732.0,7286911.0,0.0,43721.0,29147644.0,25766.0,0.0,503.0,500.0
TJK,Tajikistan,IND,CR-,CR/LFM/CDL+ERM/H:1/IND:2,TOTAL,72.0,5364677.0,1788222.0,0.0,10729.0,7152899.0,6323.0,0.0,149.0,500.0
TJK,Tajikistan,IND,CR-,CR/LFM/CDL+ERM/H:1/IND:3,TOTAL,8.0,1207294.0,402431.0,0.0,2415.0,1609726.0,1423.0,0.0,302.0,500.0
TJK,Tajikistan,IND,CR-,CR/LFM/CDL+ERM/H:1/IND:4,TOTAL,131.0,19616415.0,6538804.0,0.0,39233.0,26155218.0,23121.0,0.0,299.0,500.0
TJK,Tajikistan,IND,CR-,CR/LFM/CDL+ERM/H:1/IND:6,TOTAL,205.0,15389547.0,5129846.0,0.0,30779.0,20519394.0,18139.0,0.0,150.0,500.0
TJK,Tajikistan,COM,CR-,CR/LFM/CDL+ERM/H:2/COM:1,TOTAL,69.0,3751604.0,662048.0,0.0,7503.0,4413651.0,4424.0,0.0,109.0,500.0
TJK,Tajikistan,COM,CR-,CR/LFM/CDL+ERM/H:2/COM:2,TOTAL,64.0,12381161.0,2184910.0,0.0,24762.0,14566071.0,14601.0,0.0,387.0,500.0
TJK,Tajikistan,COM,CR-,CR/LFM/CDL+ERM/H:2/COM:3,TOTAL,125.0,16128449.0,2846199.0,0.0,32257.0,18974647.0,19021.0,0.0,258.0,500.0
TJK,Tajikistan,COM,CR-,CR/LFM/CDL+ERM/H:2/COM:3A,TOTAL,37.0,7443284.0,1313522.0,0.0,14887.0,8756806.0,8778.0,0.0,402.0,500.0
TJK,Tajikistan,COM,CR-,CR/LFM/CDL+ERM/H:2/COM:3B,TOTAL,2.0,90910.0,16043.0,0.0,182.0,106954.0,107.0,0.0,91.0,500.0
TJK,Tajikistan,COM,CR-,CR/LFM/CDL+ERM/H:2/COM:5,TOTAL,15.0,2133419.0,376485.0,0.0,4267.0,2509904.0,2516.0,0.0,284.0,500.0
TJK,Tajikistan,COM,CR-,CR/LFM/CDL+ERM/H:2/COM:5A,TOTAL,5.0,316212.0,55802.0,0.0,632.0,372013.0,373.0,0.0,126.0,500.0
TJK,Tajikistan,COM,CR-,CR/LFM/CDL+ERM/H:2/COM:5B,TOTAL,7.0,1604208.0,283095.0,0.0,3208.0,1887303.0,1892.0,0.0,458.0,500.0
TJK,Tajikistan,IND,CR-,CR/LFM/CDL+ERM/H:2/IND:2,TOTAL,39.0,5875772.0,1958591.0,0.0,11752.0,7834362.0,6931.0,0.0,301.0,500.0
TJK,Tajikistan,IND,CR-,CR/LFM/CDL+ERM/H:2/IND:3,TOTAL,3.0,911622.0,303874.0,0.0,1823.0,1215496.0,1075.0,0.0,608.0,500.0
TJK,Tajikistan,COM,CR-,CR/LFM/CDL+ERM/H:3/COM:1,TOTAL,18.0,5329130.0,940436.0,0.0,10658.0,6269564.0,6289.0,0.0,592.0,500.0
TJK,Tajikistan,COM,CR-,CR/LFM/CDL+ERM/H:3/COM:2,TOTAL,6.0,2704698.0,477300.0,0.0,5409.0,3181998.0,3192.0,0.0,902.0,500.0
TJK,Tajikistan,COM,CR-,CR/LFM/CDL+ERM/H:3/COM:3,TOTAL,51.0,31918361.0,5632655.0,0.0,63837.0,37551017.0,37666.0,0.0,1252.0,500.0
TJK,Tajikistan,COM,CR-,CR/LFM/CDL+ERM/H:3/COM:3A,TOTAL,15.0,6779374.0,1196361.0,0.0,13559.0,7975737.0,8000.0,0.0,904.0,500.0
TJK,Tajikistan,COM,CR-,CR/LFM/CDL+ERM/H:3/COM:3B,TOTAL,1.0,270470.0,47730.0,0.0,541.0,318200.0,319.0,0.0,541.0,500.0
TJK,Tajikistan,COM,CR-,CR/LFM/CDL+ERM/H:3/COM:5,TOTAL,2.0,998323.0,176175.0,0.0,1997.0,1174498.0,1178.0,0.0,998.0,500.0
TJK,Tajikistan,COM,CR-,CR/LFM/CDL+ERM/H:3/COM:5A,TOTAL,1.0,270470.0,47730.0,0.0,541.0,318200.0,319.0,0.0,541.0,500.0
TJK,Tajikistan,RES,CR-,CR/LFM/CDL+ERM/H:3/RES:2,RURAL,1.0,177259.0,31281.0,40.0,506.0,208540.0,202.0,9.0,506.0,350.0
TJK,Tajikistan,COM,CR-,CR/LFM/CDL+ERM/H:4/COM:1,TOTAL,6.0,2163759.0,381840.0,0.0,4328.0,2545598.0,2555.0,0.0,721.0,500.0
TJK,Tajikistan,COM,CR-,CR/LFM/CDL+ERM/H:4/COM:2,TOTAL,5.0,3005220.0,530334.0,0.0,6010.0,3535554.0,3549.0,0.0,1202.0,500.0
TJK,Tajikistan,COM,CR-,CR/LFM/CDL+ERM/H:4/COM:3,TOTAL,9.0,7212528.0,1272798.0,0.0,14425.0,8485326.0,8517.0,0.0,1603.0,500.0
TJK,Tajikistan,COM,CR-,CR/LFM/CDL+ERM/H:4/COM:3A,TOTAL,4.0,2644593.0,466694.0,0.0,5289.0,3111287.0,3123.0,0.0,1322.0,500.0
TJK,Tajikistan,COM,CR-,CR/LFM/CDL+ERM/H:4/COM:5,TOTAL,2.0,721252.0,127280.0,0.0,1443.0,848532.0,852.0,0.0,722.0,500.0
TJK,Tajikistan,COM,CR-,CR/LFM/CDL+ERM/H:4/COM:5A,TOTAL,1.0,360626.0,63640.0,0.0,721.0,424266.0,426.0,0.0,721.0,500.0
TJK,Tajikistan,RES,CR-,CR/LFM/CDL+ERM/H:4/RES:2,URBAN,116.0,62685605.0,11062187.0,9960.0,125371.0,73747724.0,50024.0,2694.0,1081.0,500.0
TJK,Tajikistan,COM,CR-,CR/LFM/CDL+ERM/H:5/COM:1,TOTAL,1.0,450783.0,79550.0,0.0,902.0,530333.0,533.0,0.0,902.0,500.0
TJK,Tajikistan,COM,CR-,CR/LFM/CDL+ERM/H:5/COM:2,TOTAL,2.0,1502610.0,265166.0,0.0,3005.0,1767776.0,1775.0,0.0,1502.0,500.0
TJK,Tajikistan,COM,CR-,CR/LFM/CDL+ERM/H:5/COM:3,TOTAL,3.0,3005220.0,530334.0,0.0,6010.0,3535554.0,3551.0,0.0,2003.0,500.0
TJK,Tajikistan,COM,CR-,CR/LFM/CDL+ERM/H:5/COM:3A,TOTAL,2.0,1652871.0,291683.0,0.0,3306.0,1944554.0,1953.0,0.0,1653.0,500.0
TJK,Tajikistan,RES,CR-,CR/LFM/CDL+ERM/H:5/RES:2,URBAN,2.0,1051640.0,185584.0,167.0,2103.0,1237224.0,840.0,46.0,1052.0,500.0
TJK,Tajikistan,COM,CR-,CR/LFM/CDL+ERM/H:6-7/COM:1,TOTAL,1.0,540940.0,95460.0,0.0,1082.0,636400.0,640.0,0.0,1082.0,500.0
TJK,Tajikistan,IND,CR-,CR/LFM/CDL+ERM/H:>2/IND:2,TOTAL,40.0,9035230.0,3011738.0,0.0,18070.0,12046968.0,10665.0,0.0,452.0,500.0
TJK,Tajikistan,IND,CR-,CR/LFM/CDL+ERM/H:>2/IND:3,TOTAL,3.0,1355769.0,451923.0,0.0,2712.0,1807692.0,1600.0,0.0,904.0,500.0
TJK,Tajikistan,RES,CR-,CR/LFM/CDL+ERM/H:>5/RES:2,URBAN,3.0,1577459.0,278375.0,250.0,3155.0,1855834.0,1260.0,69.0,1052.0,500.0
TJK,Tajikistan,COM,CR-,CR/LFM/CDN+ERL/H:1/COM:1,TOTAL,109.0,2460388.0,434187.0,0.0,4921.0,2894581.0,2900.0,0.0,45.0,500.0
TJK,Tajikistan,COM,CR-,CR/LFM/CDN+ERL/H:1/COM:2,TOTAL,128.0,6739209.0,1189281.0,0.0,13478.0,7928487.0,7943.0,0.0,105.0,500.0
TJK,Tajikistan,COM,CR-,CR/LFM/CDN+ERL/H:1/COM:3,TOTAL,214.0,10875069.0,1919140.0,0.0,21750.0,12794210.0,12817.0,0.0,102.0,500.0
TJK,Tajikistan,COM,CR-,CR/LFM/CDN+ERL/H:1/COM:3A,TOTAL,69.0,2491306.0,439644.0,0.0,4983.0,2930955.0,2936.0,0.0,72.0,500.0
TJK,Tajikistan,COM,CR-,CR/LFM/CDN+ERL/H:1/COM:3B,TOTAL,4.0,92992.0,16411.0,0.0,186.0,109403.0,110.0,0.0,46.0,500.0
TJK,Tajikistan,COM,CR-,CR/LFM/CDN+ERL/H:1/COM:3C,TOTAL,5.0,251116.0,44315.0,0.0,502.0,295431.0,296.0,0.0,100.0,500.0
TJK,Tajikistan,COM,CR-,CR/LFM/CDN+ERL/H:1/COM:5,TOTAL,30.0,908948.0,160400.0,0.0,1818.0,1069356.0,1071.0,0.0,61.0,500.0
TJK,Tajikistan,COM,CR-,CR/LFM/CDN+ERL/H:1/COM:5A,TOTAL,15.0,343200.0,60564.0,0.0,686.0,403769.0,405.0,0.0,46.0,500.0
TJK,Tajikistan,COM,CR-,CR/LFM/CDN+ERL/H:1/COM:5B,TOTAL,11.0,556511.0,98209.0,0.0,1113.0,654720.0,656.0,0.0,101.0,500.0
TJK,Tajikistan,IND,CR-,CR/LFM/CDN+ERL/H:1/IND:1,TOTAL,87.0,21677541.0,7225849.0,0.0,43355.0,28903393.0,25550.0,0.0,498.0,500.0
TJK,Tajikistan,IND,CR-,CR/LFM/CDN+ERL/H:1/IND:2,TOTAL,73.0,5471685.0,1823890.0,0.0,10943.0,7295570.0,6449.0,0.0,150.0,500.0
TJK,Tajikistan,IND,CR-,CR/LFM/CDN+ERL/H:1/IND:3,TOTAL,7.0,1056925.0,352307.0,0.0,2114.0,1409232.0,1246.0,0.0,302.0,500.0
TJK,Tajikistan,IND,CR-,CR/LFM/CDN+ERL/H:1/IND:4,TOTAL,176.0,26329512.0,8776505.0,0.0,52659.0,35106018.0,31033.0,0.0,299.0,500.0
TJK,Tajikistan,IND,CR-,CR/LFM/CDN+ERL/H:1/IND:6,TOTAL,220.0,16469441.0,5489811.0,0.0,32939.0,21959252.0,19412.0,0.0,150.0,500.0
TJK,Tajikistan,COM,CR-,CR/LFM/CDN+ERL/H:2/COM:1,TOTAL,64.0,3969055.0,700420.0,0.0,7938.0,4669478.0,4681.0,0.0,124.0,500.0
TJK,Tajikistan,COM,CR-,CR/LFM/CDN+ERL/H:2/COM:2,TOTAL,52.0,10836505.0,1912330.0,0.0,21673.0,12748834.0,12780.0,0.0,417.0,500.0
TJK,Tajikistan,COM,CR-,CR/LFM/CDN+ERL/H:2/COM:3,TOTAL,141.0,20319560.0,3585810.0,0.0,40639.0,23905370.0,23964.0,0.0,288.0,500.0
TJK,Tajikistan,COM,CR-,CR/LFM/CDN+ERL/H:2/COM:3A,TOTAL,32.0,7735300.0,1365054.0,0.0,15471.0,9100354.0,9122.0,0.0,483.0,500.0
TJK,Tajikistan,COM,CR-,CR/LFM/CDN+ERL/H:2/COM:3B,TOTAL,2.0,526667.0,92941.0,0.0,1053.0,619609.0,621.0,0.0,526.0,500.0
TJK,Tajikistan,COM,CR-,CR/LFM/CDN+ERL/H:2/COM:3C,TOTAL,2.0,200300.0,35347.0,0.0,401.0,235647.0,236.0,0.0,200.0,500.0
TJK,Tajikistan,COM,CR-,CR/LFM/CDN+ERL/H:2/COM:5,TOTAL,12.0,2118960.0,373934.0,0.0,4238.0,2492893.0,2499.0,0.0,353.0,500.0
TJK,Tajikistan,COM,CR-,CR/LFM/CDN+ERL/H:2/COM:5A,TOTAL,14.0,1361431.0,240252.0,0.0,2723.0,1601684.0,1606.0,0.0,194.0,500.0
TJK,Tajikistan,COM,CR-,CR/LFM/CDN+ERL/H:2/COM:5B,TOTAL,5.0,1415839.0,249855.0,0.0,2832.0,1665694.0,1670.0,0.0,566.0,500.0
TJK,Tajikistan,IND,CR-,CR/LFM/CDN+ERL/H:2/IND:2,TOTAL,28.0,4241529.0,1413843.0,0.0,8483.0,5655370.0,5003.0,0.0,303.0,500.0
TJK,Tajikistan,IND,CR-,CR/LFM/CDN+ERL/H:2/IND:3,TOTAL,5.0,1505490.0,501830.0,0.0,3011.0,2007320.0,1776.0,0.0,602.0,500.0
TJK,Tajikistan,COM,CR-,CR/LFM/CDN+ERL/H:3/COM:1,TOTAL,31.0,8417174.0,1485385.0,0.0,16834.0,9902559.0,9933.0,0.0,543.0,500.0
TJK,Tajikistan,COM,CR-,CR/LFM/CDN+ERL/H:3/COM:2,TOTAL,18.0,8129528.0,1434623.0,0.0,16259.0,9564152.0,9594.0,0.0,903.0,500.0
TJK,Tajikistan,COM,CR-,CR/LFM/CDN+ERL/H:3/COM:3,TOTAL,77.0,47667998.0,8412004.0,0.0,95336.0,56080000.0,56252.0,0.0,1238.0,500.0
TJK,Tajikistan,COM,CR-,CR/LFM/CDN+ERL/H:3/COM:3A,TOTAL,18.0,8964683.0,1582004.0,0.0,17929.0,10546687.0,10579.0,0.0,996.0,500.0
TJK,Tajikistan,COM,CR-,CR/LFM/CDN+ERL/H:3/COM:3B,TOTAL,3.0,811407.0,143189.0,0.0,1623.0,954597.0,958.0,0.0,541.0,500.0
TJK,Tajikistan,COM,CR-,CR/LFM/CDN+ERL/H:3/COM:3C,TOTAL,2.0,1202088.0,212133.0,0.0,2404.0,1414221.0,1419.0,0.0,1202.0,500.0
TJK,Tajikistan,COM,CR-,CR/LFM/CDN+ERL/H:3/COM:5,TOTAL,5.0,1352349.0,238650.0,0.0,2705.0,1590999.0,1596.0,0.0,541.0,500.0
TJK,Tajikistan,COM,CR-,CR/LFM/CDN+ERL/H:3/COM:5A,TOTAL,2.0,540940.0,95460.0,0.0,1082.0,636400.0,638.0,0.0,541.0,500.0
TJK,Tajikistan,RES,CR-,CR/LFM/CDN+ERL/H:3/RES:2,RURAL,38.0,7251135.0,1279623.0,1666.0,20718.0,8530741.0,8262.0,262.0,545.0,350.0
TJK,Tajikistan,COM,CR-,CR/LFM/CDN+ERL/H:4/COM:1,TOTAL,7.0,2524385.0,445480.0,0.0,5049.0,2969865.0,2981.0,0.0,721.0,500.0
TJK,Tajikistan,COM,CR-,CR/LFM/CDN+ERL/H:4/COM:2,TOTAL,3.0,1803132.0,318201.0,0.0,3606.0,2121333.0,2129.0,0.0,1202.0,500.0
TJK,Tajikistan,COM,CR-,CR/LFM/CDN+ERL/H:4/COM:3,TOTAL,17.0,13785398.0,2432716.0,0.0,27571.0,16218114.0,16278.0,0.0,1622.0,500.0
TJK,Tajikistan,COM,CR-,CR/LFM/CDN+ERL/H:4/COM:3A,TOTAL,5.0,3005220.0,530333.0,0.0,6010.0,3535553.0,3549.0,0.0,1202.0,500.0
TJK,Tajikistan,COM,CR-,CR/LFM/CDN+ERL/H:4/COM:5,TOTAL,2.0,721252.0,127280.0,0.0,1443.0,848532.0,852.0,0.0,722.0,500.0
TJK,Tajikistan,COM,CR-,CR/LFM/CDN+ERL/H:4/COM:5A,TOTAL,2.0,721253.0,127280.0,0.0,1443.0,848533.0,852.0,0.0,722.0,500.0
TJK,Tajikistan,COM,CR-,CR/LFM/CDN+ERL/H:4/COM:5B,TOTAL,1.0,801392.0,141422.0,0.0,1603.0,942814.0,946.0,0.0,1603.0,500.0
TJK,Tajikistan,RES,CR-,CR/LFM/CDN+ERL/H:4/RES:2,RURAL,1.0,355276.0,62696.0,80.0,1015.0,417972.0,405.0,14.0,1015.0,350.0
TJK,Tajikistan,RES,CR-,CR/LFM/CDN+ERL/H:4/RES:2,URBAN,229.0,221743552.0,39131199.0,33348.0,443487.0,260874721.0,176954.0,7969.0,1937.0,500.0
TJK,Tajikistan,COM,CR-,CR/LFM/CDN+ERL/H:5/COM:1,TOTAL,4.0,1803132.0,318200.0,0.0,3606.0,2121332.0,2131.0,0.0,902.0,500.0
TJK,Tajikistan,COM,CR-,CR/LFM/CDN+ERL/H:5/COM:2,TOTAL,1.0,751305.0,132583.0,0.0,1503.0,883888.0,888.0,0.0,1503.0,500.0
TJK,Tajikistan,COM,CR-,CR/LFM/CDN+ERL/H:5/COM:3,TOTAL,5.0,5008700.0,883890.0,0.0,10017.0,5892590.0,5918.0,0.0,2003.0,500.0
TJK,Tajikistan,COM,CR-,CR/LFM/CDN+ERL/H:5/COM:3A,TOTAL,1.0,450783.0,79550.0,0.0,902.0,530333.0,533.0,0.0,902.0,500.0
TJK,Tajikistan,COM,CR-,CR/LFM/CDN+ERL/H:5/COM:5A,TOTAL,1.0,450783.0,79550.0,0.0,902.0,530333.0,533.0,0.0,902.0,500.0
TJK,Tajikistan,COM,CR-,CR/LFM/CDN+ERL/H:5/COM:5B,TOTAL,1.0,1001740.0,176778.0,0.0,2003.0,1178518.0,1184.0,0.0,2003.0,500.0
TJK,Tajikistan,RES,CR-,CR/LFM/CDN+ERL/H:5/RES:2,URBAN,20.0,22469751.0,3965248.0,3320.0,44940.0,26434999.0,17942.0,806.0,2247.0,500.0
TJK,Tajikistan,COM,CR-,CR/LFM/CDN+ERL/H:6-7/COM:1,TOTAL,1.0,540940.0,95460.0,0.0,1082.0,636400.0,640.0,0.0,1082.0,500.0
TJK,Tajikistan,IND,CR-,CR/LFM/CDN+ERL/H:>2/IND:2,TOTAL,50.0,11305947.0,3768647.0,0.0,22612.0,15074592.0,13346.0,0.0,452.0,500.0
TJK,Tajikistan,IND,CR-,CR/LFM/CDN+ERL/H:>2/IND:3,TOTAL,2.0,901566.0,300522.0,0.0,1803.0,1202088.0,1064.0,0.0,902.0,500.0
TJK,Tajikistan,RES,CR-,CR/LFM/CDN+ERL/H:>5/RES:2,URBAN,11.0,10906886.0,1924744.0,1626.0,21814.0,12831627.0,8714.0,401.0,1983.0,500.0
TJK,Tajikistan,COM,CR+,CR/LWAL/CDH+ERH/H:1/COM:2,TOTAL,1.0,50738.0,8954.0,0.0,101.0,59692.0,66.0,0.0,101.0,502.0
TJK,Tajikistan,COM,CR+,CR/LWAL/CDH+ERH/H:1/COM:3A,TOTAL,1.0,60457.0,10669.0,0.0,121.0,71126.0,78.0,0.0,121.0,500.0
TJK,Tajikistan,IND,CR+,CR/LWAL/CDH+ERH/H:1/IND:1,TOTAL,3.0,768485.0,256162.0,0.0,1537.0,1024647.0,960.0,0.0,512.0,500.0
TJK,Tajikistan,IND,CR+,CR/LWAL/CDH+ERH/H:1/IND:4,TOTAL,1.0,150228.0,50076.0,0.0,300.0,200304.0,188.0,0.0,300.0,501.0
TJK,Tajikistan,IND,CR+,CR/LWAL/CDH+ERH/H:1/IND:6,TOTAL,3.0,229007.0,76335.0,0.0,458.0,305342.0,286.0,0.0,153.0,500.0
TJK,Tajikistan,COM,CR+,CR/LWAL/CDH+ERH/H:2/COM:1,TOTAL,1.0,45050.0,7950.0,0.0,90.0,53000.0,58.0,0.0,90.0,501.0
TJK,Tajikistan,COM,CR+,CR/LWAL/CDH+ERH/H:2/COM:3,TOTAL,1.0,100711.0,17773.0,0.0,201.0,118484.0,131.0,0.0,201.0,501.0
TJK,Tajikistan,COM,CR+,CR/LWAL/CDH+ERH/H:3/COM:3,TOTAL,1.0,602136.0,106259.0,0.0,1204.0,708395.0,781.0,0.0,1204.0,500.0
TJK,Tajikistan,COM,CR+,CR/LWAL/CDH+ERM/H:1/COM:1,TOTAL,3.0,68057.0,12011.0,0.0,136.0,80068.0,88.0,0.0,45.0,500.0
TJK,Tajikistan,COM,CR+,CR/LWAL/CDH+ERM/H:1/COM:2,TOTAL,2.0,100630.0,17759.0,0.0,201.0,118389.0,130.0,0.0,100.0,501.0
TJK,Tajikistan,COM,CR+,CR/LWAL/CDH+ERM/H:1/COM:3,TOTAL,2.0,100842.0,17796.0,0.0,202.0,118637.0,131.0,0.0,101.0,499.0
TJK,Tajikistan,COM,CR+,CR/LWAL/CDH+ERM/H:1/COM:3A,TOTAL,1.0,60667.0,10706.0,0.0,121.0,71372.0,79.0,0.0,121.0,501.0
TJK,Tajikistan,COM,CR+,CR/LWAL/CDH+ERM/H:1/COM:5,TOTAL,1.0,60293.0,10640.0,0.0,121.0,70933.0,78.0,0.0,121.0,498.0
TJK,Tajikistan,IND,CR+,CR/LWAL/CDH+ERM/H:1/IND:1,TOTAL,2.0,505210.0,168403.0,0.0,1010.0,673614.0,631.0,0.0,505.0,500.0
TJK,Tajikistan,IND,CR+,CR/LWAL/CDH+ERM/H:1/IND:2,TOTAL,1.0,75833.0,25278.0,0.0,152.0,101111.0,95.0,0.0,152.0,499.0
TJK,Tajikistan,IND,CR+,CR/LWAL/CDH+ERM/H:1/IND:4,TOTAL,4.0,603472.0,201158.0,0.0,1207.0,804630.0,754.0,0.0,302.0,500.0
TJK,Tajikistan,IND,CR+,CR/LWAL/CDH+ERM/H:1/IND:6,TOTAL,8.0,603068.0,201022.0,0.0,1206.0,804092.0,754.0,0.0,151.0,500.0
TJK,Tajikistan,COM,CR+,CR/LWAL/CDH+ERM/H:2/COM:3,TOTAL,1.0,101584.0,17927.0,0.0,203.0,119511.0,132.0,0.0,203.0,500.0
TJK,Tajikistan,COM,CR+,CR/LWAL/CDH+ERM/H:2/COM:3A,TOTAL,1.0,45220.0,7980.0,0.0,90.0,53200.0,59.0,0.0,90.0,502.0
TJK,Tajikistan,COM,CR+,CR/LWAL/CDH+ERM/H:2/COM:5,TOTAL,1.0,480605.0,84813.0,0.0,961.0,565417.0,623.0,0.0,961.0,500.0
TJK,Tajikistan,COM,CR+,CR/LWAL/CDH+ERM/H:3/COM:3A,TOTAL,1.0,270470.0,47730.0,0.0,541.0,318200.0,351.0,0.0,541.0,500.0
TJK,Tajikistan,COM,CR-,CR/LWAL/CDL+ERH/H:1/COM:1,TOTAL,23.0,522146.0,92144.0,0.0,1044.0,614290.0,676.0,0.0,45.0,500.0
TJK,Tajikistan,COM,CR-,CR/LWAL/CDL+ERH/H:1/COM:2,TOTAL,19.0,1125444.0,198608.0,0.0,2251.0,1324055.0,1458.0,0.0,118.0,500.0
TJK,Tajikistan,COM,CR-,CR/LWAL/CDL+ERH/H:1/COM:3,TOTAL,41.0,2060190.0,363562.0,0.0,4120.0,2423758.0,2669.0,0.0,100.0,500.0
TJK,Tajikistan,COM,CR-,CR/LWAL/CDL+ERH/H:1/COM:3A,TOTAL,14.0,509430.0,89897.0,0.0,1019.0,599330.0,660.0,0.0,73.0,500.0
TJK,Tajikistan,COM,CR-,CR/LWAL/CDL+ERH/H:1/COM:3B,TOTAL,1.0,22803.0,4024.0,0.0,46.0,26827.0,30.0,0.0,46.0,496.0
TJK,Tajikistan,COM,CR-,CR/LWAL/CDL+ERH/H:1/COM:5,TOTAL,8.0,182020.0,32121.0,0.0,364.0,214141.0,236.0,0.0,46.0,500.0
TJK,Tajikistan,COM,CR-,CR/LWAL/CDL+ERH/H:1/COM:5A,TOTAL,4.0,91240.0,16102.0,0.0,182.0,107342.0,118.0,0.0,46.0,501.0
TJK,Tajikistan,IND,CR-,CR/LWAL/CDL+ERH/H:1/IND:1,TOTAL,21.0,5294264.0,1764757.0,0.0,10589.0,7059023.0,6617.0,0.0,504.0,500.0
TJK,Tajikistan,IND,CR-,CR/LWAL/CDL+ERH/H:1/IND:2,TOTAL,8.0,607586.0,202527.0,0.0,1215.0,810113.0,759.0,0.0,152.0,500.0
TJK,Tajikistan,IND,CR-,CR/LWAL/CDL+ERH/H:1/IND:3,TOTAL,3.0,456125.0,152040.0,0.0,912.0,608166.0,570.0,0.0,304.0,500.0
TJK,Tajikistan,IND,CR-,CR/LWAL/CDL+ERH/H:1/IND:4,TOTAL,37.0,5482196.0,1827396.0,0.0,10964.0,7309592.0,6852.0,0.0,296.0,500.0
TJK,Tajikistan,IND,CR-,CR/LWAL/CDL+ERH/H:1/IND:6,TOTAL,42.0,3125853.0,1041945.0,0.0,6252.0,4167797.0,3907.0,0.0,149.0,500.0
TJK,Tajikistan,COM,CR-,CR/LWAL/CDL+ERH/H:2/COM:1,TOTAL,6.0,272715.0,48126.0,0.0,545.0,320843.0,354.0,0.0,91.0,500.0
TJK,Tajikistan,COM,CR-,CR/LWAL/CDL+ERH/H:2/COM:2,TOTAL,7.0,709930.0,125283.0,0.0,1420.0,835213.0,920.0,0.0,203.0,500.0
TJK,Tajikistan,COM,CR-,CR/LWAL/CDL+ERH/H:2/COM:3,TOTAL,11.0,1493497.0,263560.0,0.0,2987.0,1757056.0,1936.0,0.0,272.0,500.0
TJK,Tajikistan,COM,CR-,CR/LWAL/CDL+ERH/H:2/COM:3A,TOTAL,7.0,2089733.0,368776.0,0.0,4179.0,2458509.0,2709.0,0.0,597.0,500.0
TJK,Tajikistan,COM,CR-,CR/LWAL/CDL+ERH/H:2/COM:5,TOTAL,1.0,46530.0,8211.0,0.0,93.0,54742.0,60.0,0.0,93.0,500.0
TJK,Tajikistan,COM,CR-,CR/LWAL/CDL+ERH/H:2/COM:5A,TOTAL,1.0,45320.0,7998.0,0.0,91.0,53318.0,59.0,0.0,91.0,498.0
TJK,Tajikistan,COM,CR-,CR/LWAL/CDL+ERH/H:2/COM:5B,TOTAL,1.0,802848.0,141679.0,0.0,1606.0,944527.0,1041.0,0.0,1606.0,500.0
TJK,Tajikistan,IND,CR-,CR/LWAL/CDL+ERH/H:2/IND:2,TOTAL,5.0,754474.0,251490.0,0.0,1509.0,1005964.0,944.0,0.0,302.0,500.0
TJK,Tajikistan,COM,CR-,CR/LWAL/CDL+ERH/H:3/COM:1,TOTAL,10.0,3176049.0,560479.0,0.0,6352.0,3736529.0,4120.0,0.0,635.0,500.0
TJK,Tajikistan,COM,CR-,CR/LWAL/CDL+ERH/H:3/COM:2,TOTAL,1.0,453200.0,79976.0,0.0,906.0,533176.0,588.0,0.0,906.0,500.0
TJK,Tajikistan,COM,CR-,CR/LWAL/CDL+ERH/H:3/COM:3,TOTAL,7.0,4249866.0,749976.0,0.0,8500.0,4999842.0,5513.0,0.0,1214.0,500.0
TJK,Tajikistan,COM,CR-,CR/LWAL/CDL+ERH/H:3/COM:3A,TOTAL,4.0,2928318.0,516762.0,0.0,5857.0,3445080.0,3798.0,0.0,1464.0,500.0
TJK,Tajikistan,RES,CR-,CR/LWAL/CDL+ERH/H:3/RES:2,URBAN,7.0,6703026.0,1182886.0,1000.0,13406.0,7885910.0,6402.0,236.0,1915.0,500.0
TJK,Tajikistan,RES,CR-,CR/LWAL/CDL+ERH/H:3/RES:2,RURAL,1.0,105179.0,18561.0,23.0,301.0,123740.0,144.0,4.0,301.0,349.0
TJK,Tajikistan,RES,CR-,CR/LWAL/CDL+ERH/H:4/RES:2,URBAN,125.0,153515758.0,27090994.0,22564.0,307032.0,180606753.0,146710.0,5341.0,2456.0,500.0
TJK,Tajikistan,RES,CR-,CR/LWAL/CDL+ERH/H:5/RES:2,URBAN,20.0,25244110.0,4454838.0,3695.0,50488.0,29698946.0,24140.0,874.0,2524.0,500.0
TJK,Tajikistan,IND,CR-,CR/LWAL/CDL+ERH/H:>2/IND:2,TOTAL,6.0,1354294.0,451432.0,0.0,2709.0,1805724.0,1695.0,0.0,452.0,500.0
TJK,Tajikistan,IND,CR-,CR/LWAL/CDL+ERH/H:>2/IND:3,TOTAL,1.0,453429.0,151143.0,0.0,907.0,604572.0,568.0,0.0,907.0,500.0
TJK,Tajikistan,RES,CR-,CR/LWAL/CDL+ERH/H:>5/RES:2,URBAN,11.0,15175941.0,2678104.0,2215.0,30352.0,17854045.0,14521.0,525.0,2759.0,500.0
TJK,Tajikistan,COM,CR-,CR/LWAL/CDL+ERM/H:1/COM:1,TOTAL,169.0,3871793.0,683260.0,0.0,7744.0,4555072.0,5016.0,0.0,46.0,500.0
TJK,Tajikistan,COM,CR-,CR/LWAL/CDL+ERM/H:1/COM:2,TOTAL,139.0,7458691.0,1316246.0,0.0,14917.0,8774934.0,9662.0,0.0,107.0,500.0
TJK,Tajikistan,COM,CR-,CR/LWAL/CDL+ERM/H:1/COM:3,TOTAL,267.0,13637384.0,2406623.0,0.0,27275.0,16044009.0,17667.0,0.0,102.0,500.0
TJK,Tajikistan,COM,CR-,CR/LWAL/CDL+ERM/H:1/COM:3A,TOTAL,81.0,2879823.0,508204.0,0.0,5760.0,3388033.0,3731.0,0.0,71.0,500.0
TJK,Tajikistan,COM,CR-,CR/LWAL/CDL+ERM/H:1/COM:3B,TOTAL,5.0,189024.0,33357.0,0.0,378.0,222382.0,245.0,0.0,76.0,500.0
TJK,Tajikistan,COM,CR-,CR/LWAL/CDL+ERM/H:1/COM:3C,TOTAL,4.0,201726.0,35600.0,0.0,403.0,237326.0,261.0,0.0,101.0,501.0
TJK,Tajikistan,COM,CR-,CR/LWAL/CDL+ERM/H:1/COM:5,TOTAL,44.0,1455743.0,256898.0,0.0,2911.0,1712647.0,1886.0,0.0,66.0,500.0
TJK,Tajikistan,COM,CR-,CR/LWAL/CDL+ERM/H:1/COM:5A,TOTAL,19.0,432566.0,76336.0,0.0,865.0,508905.0,560.0,0.0,46.0,500.0
TJK,Tajikistan,COM,CR-,CR/LWAL/CDL+ERM/H:1/COM:5B,TOTAL,5.0,351725.0,62069.0,0.0,703.0,413794.0,456.0,0.0,141.0,500.0
TJK,Tajikistan,IND,CR-,CR/LWAL/CDL+ERM/H:1/IND:1,TOTAL,101.0,25187768.0,8395920.0,0.0,50376.0,33583687.0,31479.0,0.0,499.0,500.0
TJK,Tajikistan,IND,CR-,CR/LWAL/CDL+ERM/H:1/IND:2,TOTAL,56.0,4168845.0,1389605.0,0.0,8338.0,5558448.0,5210.0,0.0,149.0,500.0
TJK,Tajikistan,IND,CR-,CR/LWAL/CDL+ERM/H:1/IND:3,TOTAL,14.0,2120364.0,706788.0,0.0,4241.0,2827154.0,2650.0,0.0,303.0,500.0
TJK,Tajikistan,IND,CR-,CR/LWAL/CDL+ERM/H:1/IND:4,TOTAL,217.0,32512809.0,10837598.0,0.0,65026.0,43350410.0,40634.0,0.0,300.0,500.0
TJK,Tajikistan,IND,CR-,CR/LWAL/CDL+ERM/H:1/IND:6,TOTAL,352.0,26384257.0,8794728.0,0.0,52768.0,35178989.0,32975.0,0.0,150.0,500.0
TJK,Tajikistan,COM,CR-,CR/LWAL/CDL+ERM/H:2/COM:1,TOTAL,66.0,3129115.0,552198.0,0.0,6258.0,3681310.0,4056.0,0.0,95.0,500.0
TJK,Tajikistan,COM,CR-,CR/LWAL/CDL+ERM/H:2/COM:2,TOTAL,55.0,9491720.0,1675014.0,0.0,18983.0,11166734.0,12304.0,0.0,345.0,500.0
TJK,Tajikistan,COM,CR-,CR/LWAL/CDL+ERM/H:2/COM:3,TOTAL,106.0,16803086.0,2965261.0,0.0,33606.0,19768347.0,21782.0,0.0,317.0,500.0
TJK,Tajikistan,COM,CR-,CR/LWAL/CDL+ERM/H:2/COM:3A,TOTAL,30.0,8039901.0,1418806.0,0.0,16080.0,9458706.0,10422.0,0.0,536.0,500.0
TJK,Tajikistan,COM,CR-,CR/LWAL/CDL+ERM/H:2/COM:3B,TOTAL,3.0,572803.0,101083.0,0.0,1146.0,673887.0,743.0,0.0,382.0,500.0
TJK,Tajikistan,COM,CR-,CR/LWAL/CDL+ERM/H:2/COM:3C,TOTAL,1.0,100174.0,17678.0,0.0,200.0,117852.0,130.0,0.0,200.0,501.0
TJK,Tajikistan,COM,CR-,CR/LWAL/CDL+ERM/H:2/COM:5,TOTAL,16.0,2554408.0,450780.0,0.0,5109.0,3005187.0,3311.0,0.0,319.0,500.0
TJK,Tajikistan,COM,CR-,CR/LWAL/CDL+ERM/H:2/COM:5A,TOTAL,4.0,225715.0,39832.0,0.0,451.0,265548.0,293.0,0.0,113.0,500.0
TJK,Tajikistan,COM,CR-,CR/LWAL/CDL+ERM/H:2/COM:5B,TOTAL,8.0,2209899.0,389983.0,0.0,4420.0,2599882.0,2865.0,0.0,552.0,500.0
TJK,Tajikistan,IND,CR-,CR/LWAL/CDL+ERM/H:2/IND:2,TOTAL,16.0,2408169.0,802720.0,0.0,4816.0,3210890.0,3012.0,0.0,301.0,500.0
TJK,Tajikistan,IND,CR-,CR/LWAL/CDL+ERM/H:2/IND:3,TOTAL,6.0,1834050.0,611350.0,0.0,3668.0,2445400.0,2294.0,0.0,611.0,500.0
TJK,Tajikistan,COM,CR-,CR/LWAL/CDL+ERM/H:3/COM:1,TOTAL,26.0,7053127.0,1244670.0,0.0,14106.0,8297799.0,9149.0,0.0,543.0,500.0
TJK,Tajikistan,COM,CR-,CR/LWAL/CDL+ERM/H:3/COM:2,TOTAL,9.0,4058523.0,716210.0,0.0,8117.0,4774733.0,5264.0,0.0,902.0,500.0
TJK,Tajikistan,COM,CR-,CR/LWAL/CDL+ERM/H:3/COM:3,TOTAL,52.0,32312582.0,5702227.0,0.0,64625.0,38014809.0,41914.0,0.0,1243.0,500.0
TJK,Tajikistan,COM,CR-,CR/LWAL/CDL+ERM/H:3/COM:3A,TOTAL,12.0,6416910.0,1132396.0,0.0,12834.0,7549305.0,8324.0,0.0,1070.0,500.0
TJK,Tajikistan,COM,CR-,CR/LWAL/CDL+ERM/H:3/COM:3B,TOTAL,1.0,270470.0,47730.0,0.0,541.0,318200.0,351.0,0.0,541.0,500.0
TJK,Tajikistan,COM,CR-,CR/LWAL/CDL+ERM/H:3/COM:5,TOTAL,4.0,1534113.0,270726.0,0.0,3068.0,1804839.0,1990.0,0.0,767.0,500.0
TJK,Tajikistan,COM,CR-,CR/LWAL/CDL+ERM/H:3/COM:5A,TOTAL,1.0,270470.0,47730.0,0.0,541.0,318200.0,351.0,0.0,541.0,500.0
TJK,Tajikistan,RES,CR-,CR/LWAL/CDL+ERM/H:3/RES:2,RURAL,19.0,5237370.0,924247.0,1187.0,14964.0,6161613.0,7146.0,199.0,788.0,350.0
TJK,Tajikistan,RES,CR-,CR/LWAL/CDL+ERM/H:3/RES:2,URBAN,2.0,1231982.0,217408.0,196.0,2464.0,1449390.0,1177.0,42.0,1232.0,500.0
TJK,Tajikistan,COM,CR-,CR/LWAL/CDL+ERM/H:4/COM:1,TOTAL,4.0,1442504.0,254560.0,0.0,2885.0,1697064.0,1872.0,0.0,721.0,500.0
TJK,Tajikistan,COM,CR-,CR/LWAL/CDL+ERM/H:4/COM:2,TOTAL,3.0,1803132.0,318201.0,0.0,3606.0,2121333.0,2340.0,0.0,1202.0,500.0
TJK,Tajikistan,COM,CR-,CR/LWAL/CDL+ERM/H:4/COM:3,TOTAL,13.0,10738652.0,1895056.0,0.0,21477.0,12633708.0,13939.0,0.0,1652.0,500.0
TJK,Tajikistan,COM,CR-,CR/LWAL/CDL+ERM/H:4/COM:3A,TOTAL,1.0,961670.0,169707.0,0.0,1923.0,1131377.0,1248.0,0.0,1923.0,500.0
TJK,Tajikistan,COM,CR-,CR/LWAL/CDL+ERM/H:4/COM:5,TOTAL,1.0,360626.0,63640.0,0.0,721.0,424266.0,468.0,0.0,721.0,500.0
TJK,Tajikistan,COM,CR-,CR/LWAL/CDL+ERM/H:4/COM:5A,TOTAL,1.0,360626.0,63640.0,0.0,721.0,424266.0,468.0,0.0,721.0,500.0
TJK,Tajikistan,RES,CR-,CR/LWAL/CDL+ERM/H:4/RES:2,RURAL,1.0,355276.0,62696.0,80.0,1015.0,417972.0,485.0,14.0,1015.0,350.0
TJK,Tajikistan,RES,CR-,CR/LWAL/CDL+ERM/H:4/RES:2,URBAN,132.0,72721957.0,12833301.0,11545.0,145444.0,85555200.0,69498.0,2976.0,1102.0,500.0
TJK,Tajikistan,COM,CR-,CR/LWAL/CDL+ERM/H:5/COM:1,TOTAL,3.0,1352349.0,238650.0,0.0,2705.0,1590999.0,1757.0,0.0,902.0,500.0
TJK,Tajikistan,COM,CR-,CR/LWAL/CDL+ERM/H:5/COM:2,TOTAL,1.0,751305.0,132583.0,0.0,1503.0,883888.0,976.0,0.0,1503.0,500.0
TJK,Tajikistan,COM,CR-,CR/LWAL/CDL+ERM/H:5/COM:3,TOTAL,4.0,4006960.0,707112.0,0.0,8014.0,4714072.0,5204.0,0.0,2004.0,500.0
TJK,Tajikistan,COM,CR-,CR/LWAL/CDL+ERM/H:5/COM:3A,TOTAL,1.0,450783.0,79550.0,0.0,902.0,530333.0,586.0,0.0,902.0,500.0
TJK,Tajikistan,RES,CR-,CR/LWAL/CDL+ERM/H:5/RES:2,URBAN,8.0,4477071.0,790072.0,711.0,8954.0,5267143.0,4281.0,178.0,1119.0,500.0
TJK,Tajikistan,IND,CR-,CR/LWAL/CDL+ERM/H:>2/IND:2,TOTAL,28.0,6330565.0,2110184.0,0.0,12661.0,8440749.0,7924.0,0.0,452.0,500.0
TJK,Tajikistan,IND,CR-,CR/LWAL/CDL+ERM/H:>2/IND:3,TOTAL,8.0,3654234.0,1218078.0,0.0,7308.0,4872312.0,4574.0,0.0,914.0,500.0
TJK,Tajikistan,RES,CR-,CR/LWAL/CDL+ERM/H:>5/RES:2,URBAN,2.0,1051640.0,185584.0,167.0,2103.0,1237224.0,1006.0,46.0,1052.0,500.0
TJK,Tajikistan,COM,ADO|ST|E,EU+ETR/LWAL/CDN+ERN/H:1/COM:1,TOTAL,117.0,549377.0,183131.0,0.0,5494.0,732504.0,726.0,0.0,47.0,100.0
TJK,Tajikistan,COM,ADO|ST|E,EU+ETR/LWAL/CDN+ERN/H:1/COM:2,TOTAL,120.0,1292526.0,430840.0,0.0,12925.0,1723368.0,1707.0,0.0,108.0,100.0
TJK,Tajikistan,COM,ADO|ST|E,EU+ETR/LWAL/CDN+ERN/H:1/COM:3,TOTAL,176.0,1794944.0,598312.0,0.0,17950.0,2393274.0,2370.0,0.0,102.0,100.0
TJK,Tajikistan,COM,ADO|ST|E,EU+ETR/LWAL/CDN+ERN/H:1/COM:3A,TOTAL,57.0,477544.0,159183.0,0.0,4775.0,636720.0,631.0,0.0,84.0,100.0
TJK,Tajikistan,COM,ADO|ST|E,EU+ETR/LWAL/CDN+ERN/H:1/COM:3B,TOTAL,1.0,4508.0,1503.0,0.0,45.0,6010.0,6.0,0.0,45.0,100.0
TJK,Tajikistan,COM,ADO|ST|E,EU+ETR/LWAL/CDN+ERN/H:1/COM:3C,TOTAL,1.0,10002.0,3334.0,0.0,100.0,13336.0,13.0,0.0,100.0,100.0
TJK,Tajikistan,COM,ADO|ST|E,EU+ETR/LWAL/CDN+ERN/H:1/COM:5,TOTAL,19.0,123881.0,41293.0,0.0,1239.0,165172.0,164.0,0.0,65.0,100.0
TJK,Tajikistan,COM,ADO|ST|E,EU+ETR/LWAL/CDN+ERN/H:1/COM:5A,TOTAL,14.0,63380.0,21126.0,0.0,634.0,84506.0,84.0,0.0,45.0,100.0
TJK,Tajikistan,COM,ADO|ST|E,EU+ETR/LWAL/CDN+ERN/H:1/COM:5B,TOTAL,7.0,90651.0,30216.0,0.0,907.0,120867.0,120.0,0.0,130.0,100.0
TJK,Tajikistan,IND,ADO|ST|E,EU+ETR/LWAL/CDN+ERN/H:1/IND:2,TOTAL,29.0,439396.0,236597.0,0.0,4394.0,675990.0,532.0,0.0,152.0,100.0
TJK,Tajikistan,RES,ADO|ST|E,EU+ETR/LWAL/CDN+ERN/H:1/RES:1,RURAL,353290.0,3052762265.0,538724807.0,2428822.0,30527568.0,3591477451.0,2989317.0,362330.0,86.0,100.0
TJK,Tajikistan,RES,ADO|ST|E,EU+ETR/LWAL/CDN+ERN/H:1/RES:1,URBAN,27590.0,228091628.0,40253245.0,178692.0,2280917.0,268344389.0,223371.0,29394.0,83.0,100.0
TJK,Tajikistan,RES,ADO|ST|E,EU+ETR/LWAL/CDN+ERN/H:1/RES:2,RURAL,61.0,3921635.0,692051.0,3127.0,39216.0,4613687.0,3840.0,518.0,643.0,100.0
TJK,Tajikistan,RES,ADO|ST|E,EU+ETR/LWAL/CDN+ERN/H:1/RES:2,URBAN,74.0,8616198.0,1520499.0,6844.0,86162.0,10136685.0,8437.0,1645.0,1164.0,100.0
TJK,Tajikistan,COM,HYB,HYB(MUR;W)/LWAL/CDN+ERN/H:1/COM:1,TOTAL,2410.0,33193219.0,8298313.0,0.0,110644.0,41491540.0,81677.0,0.0,46.0,300.0
TJK,Tajikistan,COM,HYB,HYB(MUR;W)/LWAL/CDN+ERN/H:1/COM:2,TOTAL,2517.0,78316781.0,19579178.0,0.0,261056.0,97895947.0,192709.0,0.0,104.0,300.0
TJK,Tajikistan,COM,HYB,HYB(MUR;W)/LWAL/CDN+ERN/H:1/COM:3,TOTAL,5207.0,158345736.0,39586351.0,0.0,527819.0,197932138.0,389633.0,0.0,101.0,300.0
TJK,Tajikistan,COM,HYB,HYB(MUR;W)/LWAL/CDN+ERN/H:1/COM:3A,TOTAL,1399.0,30361803.0,7590460.0,0.0,101206.0,37952260.0,74710.0,0.0,72.0,300.0
TJK,Tajikistan,COM,HYB,HYB(MUR;W)/LWAL/CDN+ERN/H:1/COM:3B,TOTAL,124.0,1718805.0,429705.0,0.0,5729.0,2148502.0,4230.0,0.0,46.0,300.0
TJK,Tajikistan,COM,HYB,HYB(MUR;W)/LWAL/CDN+ERN/H:1/COM:3C,TOTAL,128.0,3928927.0,982228.0,0.0,13096.0,4911158.0,9668.0,0.0,102.0,300.0
TJK,Tajikistan,COM,HYB,HYB(MUR;W)/LWAL/CDN+ERN/H:1/COM:5,TOTAL,855.0,14748427.0,3687109.0,0.0,49161.0,18435537.0,36291.0,0.0,57.0,300.0
TJK,Tajikistan,COM,HYB,HYB(MUR;W)/LWAL/CDN+ERN/H:1/COM:5A,TOTAL,444.0,6085538.0,1521386.0,0.0,20285.0,7606928.0,14975.0,0.0,46.0,300.0
TJK,Tajikistan,COM,HYB,HYB(MUR;W)/LWAL/CDN+ERN/H:1/COM:5B,TOTAL,203.0,7050054.0,1762515.0,0.0,23500.0,8812570.0,17348.0,0.0,116.0,300.0
TJK,Tajikistan,IND,HYB,HYB(MUR;W)/LWAL/CDN+ERN/H:1/IND:2,TOTAL,398.0,17888074.0,7666318.0,0.0,59627.0,25554422.0,40646.0,0.0,150.0,300.0
TJK,Tajikistan,RES,HYB,HYB(MUR;W)/LWAL/CDN+ERN/H:1/RES:1,RURAL,442402.0,7512320629.0,1325706611.0,2984120.0,37561598.0,8838020804.0,20556299.0,456639.0,85.0,200.0
TJK,Tajikistan,RES,HYB,HYB(MUR;W)/LWAL/CDN+ERN/H:1/RES:1,URBAN,28021.0,659672159.0,116413712.0,172736.0,2198904.0,776083896.0,1203413.0,29330.0,78.0,300.0
TJK,Tajikistan,RES,HYB,HYB(MUR;W)/LWAL/CDN+ERN/H:1/RES:2,URBAN,291.0,118684759.0,20944393.0,30771.0,395616.0,139629068.0,216507.0,7237.0,1360.0,300.0
TJK,Tajikistan,RES,HYB,HYB(MUR;W)/LWAL/CDN+ERN/H:1/RES:2,RURAL,268.0,45819313.0,8085729.0,18122.0,229097.0,53905156.0,125377.0,3121.0,855.0,200.0
TJK,Tajikistan,COM,OT,MATO/LN/CDN+ERN/H:1/COM:1,TOTAL,104.0,724009.0,181000.0,0.0,4827.0,905003.0,3563.0,0.0,46.0,150.0
TJK,Tajikistan,COM,OT,MATO/LN/CDN+ERN/H:1/COM:2,TOTAL,96.0,1630492.0,407621.0,0.0,10870.0,2038105.0,8024.0,0.0,113.0,150.0
TJK,Tajikistan,COM,OT,MATO/LN/CDN+ERN/H:1/COM:3,TOTAL,188.0,2883033.0,720766.0,0.0,19220.0,3603781.0,14188.0,0.0,102.0,150.0
TJK,Tajikistan,COM,OT,MATO/LN/CDN+ERN/H:1/COM:3A,TOTAL,66.0,784303.0,196073.0,0.0,5229.0,980375.0,3860.0,0.0,79.0,150.0
TJK,Tajikistan,COM,OT,MATO/LN/CDN+ERN/H:1/COM:3B,TOTAL,3.0,20285.0,5071.0,0.0,135.0,25356.0,100.0,0.0,45.0,150.0
TJK,Tajikistan,COM,OT,MATO/LN/CDN+ERN/H:1/COM:3C,TOTAL,1.0,36125.0,9031.0,0.0,241.0,45157.0,178.0,0.0,241.0,150.0
TJK,Tajikistan,COM,OT,MATO/LN/CDN+ERN/H:1/COM:5,TOTAL,29.0,393206.0,98300.0,0.0,2621.0,491505.0,1935.0,0.0,90.0,150.0
TJK,Tajikistan,COM,OT,MATO/LN/CDN+ERN/H:1/COM:5A,TOTAL,10.0,67758.0,16939.0,0.0,452.0,84697.0,333.0,0.0,45.0,150.0
TJK,Tajikistan,COM,OT,MATO/LN/CDN+ERN/H:1/COM:5B,TOTAL,4.0,60104.0,15027.0,0.0,401.0,75131.0,296.0,0.0,100.0,150.0
TJK,Tajikistan,IND,OT,MATO/LN/CDN+ERN/H:1/IND:2,TOTAL,6.0,136891.0,58668.0,0.0,913.0,195560.0,622.0,0.0,152.0,150.0
TJK,Tajikistan,RES,OT,MATO/LN/CDN+ERN/H:1/RES:1,URBAN,279.0,3456364.0,609919.0,1781.0,23043.0,4066309.0,12611.0,300.0,83.0,150.0
TJK,Tajikistan,RES,OT,MATO/LN/CDN+ERN/H:1/RES:1,RURAL,1251.0,13509386.0,2383959.0,8621.0,108075.0,15893540.0,59149.0,1281.0,86.0,125.0
TJK,Tajikistan,IND,OT,MATO/LN/CDN+ERN/H:2/IND:2,TOTAL,4.0,183699.0,78728.0,0.0,1225.0,262427.0,835.0,0.0,306.0,150.0
TJK,Tajikistan,RES,OT,MATO/LN/CDN+ERN/H:2/RES:1,URBAN,333.0,4338960.0,765682.0,2173.0,28926.0,5104659.0,15838.0,369.0,87.0,150.0
TJK,Tajikistan,RES,OT,MATO/LN/CDN+ERN/H:2/RES:1,RURAL,569.0,6139537.0,1083405.0,3920.0,49116.0,7223008.0,26893.0,582.0,86.0,125.0
TJK,Tajikistan,RES,OT,MATO/LN/CDN+ERN/H:3/RES:1,URBAN,638.0,8394696.0,1481366.0,4183.0,55965.0,9876181.0,30657.0,715.0,88.0,150.0
TJK,Tajikistan,RES,OT,MATO/LN/CDN+ERN/H:3/RES:1,RURAL,290.0,3093927.0,545966.0,1969.0,24752.0,3639931.0,13559.0,299.0,85.0,125.0
TJK,Tajikistan,RES,OT,MATO/LN/CDN+ERN/H:3/RES:2,RURAL,8.0,520622.0,91876.0,332.0,4165.0,612496.0,2281.0,63.0,521.0,125.0
TJK,Tajikistan,IND,OT,MATO/LN/CDN+ERN/H:>2/IND:2,TOTAL,4.0,270591.0,115969.0,0.0,1804.0,386560.0,1231.0,0.0,451.0,150.0
TJK,Tajikistan,COM,MR|MCF,MCF/LWAL/CDH+ERH/H:1/COM:1,TOTAL,2.0,27381.0,6845.0,0.0,91.0,34226.0,54.0,0.0,46.0,301.0
TJK,Tajikistan,COM,MR|MCF,MCF/LWAL/CDH+ERH/H:1/COM:2,TOTAL,12.0,365909.0,91476.0,0.0,1220.0,457387.0,719.0,0.0,102.0,300.0
TJK,Tajikistan,COM,MR|MCF,MCF/LWAL/CDH+ERH/H:1/COM:3,TOTAL,7.0,214492.0,53623.0,0.0,715.0,268116.0,421.0,0.0,102.0,300.0
TJK,Tajikistan,COM,MR|MCF,MCF/LWAL/CDH+ERH/H:1/COM:3A,TOTAL,2.0,49773.0,12443.0,0.0,166.0,62215.0,98.0,0.0,83.0,300.0
TJK,Tajikistan,COM,MR|MCF,MCF/LWAL/CDH+ERH/H:1/COM:5,TOTAL,3.0,41633.0,10409.0,0.0,139.0,52042.0,82.0,0.0,46.0,300.0
TJK,Tajikistan,COM,MR|MCF,MCF/LWAL/CDH+ERH/H:1/COM:5B,TOTAL,1.0,30540.0,7635.0,0.0,102.0,38175.0,60.0,0.0,102.0,299.0
TJK,Tajikistan,IND,MR|MCF,MCF/LWAL/CDH+ERH/H:1/IND:2,TOTAL,5.0,227296.0,75766.0,0.0,758.0,303063.0,447.0,0.0,152.0,300.0
TJK,Tajikistan,IND,MR|MCF,MCF/LWAL/CDH+ERH/H:1/IND:3,TOTAL,1.0,91210.0,30403.0,0.0,304.0,121614.0,179.0,0.0,304.0,300.0
TJK,Tajikistan,IND,MR|MCF,MCF/LWAL/CDH+ERH/H:1/IND:4,TOTAL,1.0,90320.0,30107.0,0.0,301.0,120427.0,177.0,0.0,301.0,300.0
TJK,Tajikistan,IND,MR|MCF,MCF/LWAL/CDH+ERH/H:1/IND:6,TOTAL,3.0,135530.0,45177.0,0.0,452.0,180708.0,266.0,0.0,151.0,300.0
TJK,Tajikistan,COM,MR|MCF,MCF/LWAL/CDH+ERH/H:2/COM:1,TOTAL,3.0,81845.0,20461.0,0.0,273.0,102305.0,161.0,0.0,91.0,300.0
TJK,Tajikistan,COM,MR|MCF,MCF/LWAL/CDH+ERH/H:2/COM:2,TOTAL,1.0,60886.0,15222.0,0.0,203.0,76108.0,120.0,0.0,203.0,300.0
TJK,Tajikistan,COM,MR|MCF,MCF/LWAL/CDH+ERH/H:2/COM:3,TOTAL,4.0,241980.0,60496.0,0.0,807.0,302476.0,476.0,0.0,202.0,300.0
TJK,Tajikistan,COM,MR|MCF,MCF/LWAL/CDH+ERH/H:2/COM:3A,TOTAL,2.0,324987.0,81247.0,0.0,1083.0,406234.0,639.0,0.0,542.0,300.0
TJK,Tajikistan,COM,MR|MCF,MCF/LWAL/CDH+ERH/H:2/COM:5,TOTAL,1.0,27094.0,6773.0,0.0,90.0,33867.0,53.0,0.0,90.0,301.0
TJK,Tajikistan,IND,MR|MCF,MCF/LWAL/CDH+ERH/H:2/IND:2,TOTAL,1.0,91210.0,30403.0,0.0,304.0,121614.0,179.0,0.0,304.0,300.0
TJK,Tajikistan,COM,MR|MCF,MCF/LWAL/CDH+ERH/H:3/COM:1,TOTAL,4.0,664675.0,166168.0,0.0,2216.0,830843.0,1307.0,0.0,554.0,300.0
TJK,Tajikistan,COM,MR|MCF,MCF/LWAL/CDH+ERH/H:3/COM:2,TOTAL,1.0,270467.0,67617.0,0.0,902.0,338084.0,532.0,0.0,902.0,300.0
TJK,Tajikistan,COM,MR|MCF,MCF/LWAL/CDH+ERH/H:3/COM:3,TOTAL,1.0,360623.0,90156.0,0.0,1202.0,450778.0,709.0,0.0,1202.0,300.0
TJK,Tajikistan,COM,MR|MCF,MCF/LWAL/CDH+ERH/H:3/COM:3A,TOTAL,1.0,435292.0,108823.0,0.0,1451.0,544115.0,856.0,0.0,1451.0,300.0
TJK,Tajikistan,IND,MR|MCF,MCF/LWAL/CDH+ERH/H:>2/IND:2,TOTAL,1.0,135470.0,45157.0,0.0,452.0,180626.0,267.0,0.0,452.0,300.0
TJK,Tajikistan,COM,MR|MCF,MCF/LWAL/CDH+ERL/H:1/COM:1,TOTAL,8.0,108959.0,27241.0,0.0,363.0,136201.0,214.0,0.0,45.0,300.0
TJK,Tajikistan,COM,MR|MCF,MCF/LWAL/CDH+ERL/H:1/COM:2,TOTAL,8.0,245580.0,61395.0,0.0,819.0,306977.0,482.0,0.0,102.0,300.0
TJK,Tajikistan,COM,MR|MCF,MCF/LWAL/CDH+ERL/H:1/COM:3,TOTAL,11.0,333866.0,83465.0,0.0,1113.0,417336.0,656.0,0.0,101.0,300.0
TJK,Tajikistan,COM,MR|MCF,MCF/LWAL/CDH+ERL/H:1/COM:3A,TOTAL,2.0,27254.0,6813.0,0.0,91.0,34067.0,54.0,0.0,46.0,299.0
TJK,Tajikistan,COM,MR|MCF,MCF/LWAL/CDH+ERL/H:1/COM:5,TOTAL,2.0,27257.0,6814.0,0.0,91.0,34071.0,54.0,0.0,46.0,300.0
TJK,Tajikistan,IND,MR|MCF,MCF/LWAL/CDH+ERL/H:1/IND:2,TOTAL,2.0,90119.0,30040.0,0.0,300.0,120159.0,177.0,0.0,150.0,300.0
TJK,Tajikistan,IND,MR|MCF,MCF/LWAL/CDH+ERL/H:1/IND:4,TOTAL,1.0,90232.0,30077.0,0.0,301.0,120310.0,177.0,0.0,301.0,300.0
TJK,Tajikistan,IND,MR|MCF,MCF/LWAL/CDH+ERL/H:1/IND:6,TOTAL,4.0,181081.0,60361.0,0.0,604.0,241440.0,356.0,0.0,151.0,300.0
TJK,Tajikistan,COM,MR|MCF,MCF/LWAL/CDH+ERL/H:2/COM:1,TOTAL,7.0,190517.0,47629.0,0.0,635.0,238145.0,374.0,0.0,91.0,300.0
TJK,Tajikistan,COM,MR|MCF,MCF/LWAL/CDH+ERL/H:2/COM:3,TOTAL,4.0,242571.0,60643.0,0.0,809.0,303213.0,477.0,0.0,202.0,300.0
TJK,Tajikistan,COM,MR|MCF,MCF/LWAL/CDH+ERL/H:2/COM:3A,TOTAL,1.0,27087.0,6772.0,0.0,90.0,33858.0,53.0,0.0,90.0,301.0
TJK,Tajikistan,IND,MR|MCF,MCF/LWAL/CDH+ERL/H:2/IND:2,TOTAL,2.0,180891.0,60297.0,0.0,603.0,241188.0,356.0,0.0,302.0,300.0
TJK,Tajikistan,COM,MR|MCF,MCF/LWAL/CDH+ERL/H:3/COM:1,TOTAL,3.0,489818.0,122455.0,0.0,1633.0,612272.0,963.0,0.0,544.0,300.0
TJK,Tajikistan,COM,MR|MCF,MCF/LWAL/CDH+ERL/H:3/COM:3,TOTAL,3.0,1082326.0,270581.0,0.0,3608.0,1352907.0,2129.0,0.0,1203.0,300.0
TJK,Tajikistan,IND,MR|MCF,MCF/LWAL/CDH+ERL/H:>2/IND:2,TOTAL,2.0,270836.0,90279.0,0.0,903.0,361114.0,533.0,0.0,452.0,300.0
TJK,Tajikistan,COM,MR|MCF,MCF/LWAL/CDH+ERM/H:1/COM:1,TOTAL,1.0,13750.0,3437.0,0.0,46.0,17187.0,27.0,0.0,46.0,299.0
TJK,Tajikistan,COM,MR|MCF,MCF/LWAL/CDH+ERM/H:1/COM:2,TOTAL,4.0,120806.0,30202.0,0.0,403.0,151007.0,237.0,0.0,101.0,300.0
TJK,Tajikistan,COM,MR|MCF,MCF/LWAL/CDH+ERM/H:1/COM:3,TOTAL,9.0,277562.0,69390.0,0.0,925.0,346951.0,545.0,0.0,103.0,300.0
TJK,Tajikistan,COM,MR|MCF,MCF/LWAL/CDH+ERM/H:1/COM:3B,TOTAL,1.0,13500.0,3375.0,0.0,45.0,16875.0,27.0,0.0,45.0,300.0
TJK,Tajikistan,COM,MR|MCF,MCF/LWAL/CDH+ERM/H:1/COM:5,TOTAL,1.0,13519.0,3380.0,0.0,45.0,16898.0,27.0,0.0,45.0,300.0
TJK,Tajikistan,COM,MR|MCF,MCF/LWAL/CDH+ERM/H:1/COM:5B,TOTAL,1.0,30157.0,7539.0,0.0,101.0,37696.0,59.0,0.0,101.0,299.0
TJK,Tajikistan,IND,MR|MCF,MCF/LWAL/CDH+ERM/H:1/IND:1,TOTAL,1.0,150261.0,50087.0,0.0,501.0,200348.0,295.0,0.0,501.0,300.0
TJK,Tajikistan,IND,MR|MCF,MCF/LWAL/CDH+ERM/H:1/IND:2,TOTAL,2.0,90224.0,30074.0,0.0,301.0,120298.0,177.0,0.0,150.0,300.0
TJK,Tajikistan,IND,MR|MCF,MCF/LWAL/CDH+ERM/H:1/IND:4,TOTAL,1.0,90000.0,30000.0,0.0,300.0,120000.0,177.0,0.0,300.0,300.0
TJK,Tajikistan,IND,MR|MCF,MCF/LWAL/CDH+ERM/H:1/IND:6,TOTAL,1.0,45036.0,15012.0,0.0,150.0,60048.0,88.0,0.0,150.0,300.0
TJK,Tajikistan,COM,MR|MCF,MCF/LWAL/CDH+ERM/H:2/COM:1,TOTAL,3.0,81593.0,20399.0,0.0,272.0,101992.0,160.0,0.0,91.0,300.0
TJK,Tajikistan,COM,MR|MCF,MCF/LWAL/CDH+ERM/H:2/COM:2,TOTAL,1.0,60106.0,15026.0,0.0,200.0,75132.0,118.0,0.0,200.0,301.0
TJK,Tajikistan,COM,MR|MCF,MCF/LWAL/CDH+ERM/H:2/COM:3,TOTAL,6.0,362078.0,90519.0,0.0,1207.0,452598.0,712.0,0.0,201.0,300.0
TJK,Tajikistan,COM,MR|MCF,MCF/LWAL/CDH+ERM/H:2/COM:3A,TOTAL,4.0,633376.0,158344.0,0.0,2111.0,791720.0,1245.0,0.0,528.0,300.0
TJK,Tajikistan,COM,MR|MCF,MCF/LWAL/CDH+ERM/H:2/COM:5,TOTAL,1.0,288501.0,72125.0,0.0,962.0,360626.0,567.0,0.0,962.0,300.0
TJK,Tajikistan,COM,MR|MCF,MCF/LWAL/CDH+ERM/H:2/COM:5A,TOTAL,1.0,27047.0,6762.0,0.0,90.0,33809.0,53.0,0.0,90.0,301.0
TJK,Tajikistan,IND,MR|MCF,MCF/LWAL/CDH+ERM/H:2/IND:2,TOTAL,1.0,90440.0,30147.0,0.0,301.0,120587.0,178.0,0.0,301.0,300.0
TJK,Tajikistan,COM,MR|MCF,MCF/LWAL/CDH+ERM/H:3/COM:1,TOTAL,1.0,162282.0,40570.0,0.0,541.0,202852.0,319.0,0.0,541.0,300.0
TJK,Tajikistan,COM,MR|MCF,MCF/LWAL/CDH+ERM/H:3/COM:3,TOTAL,3.0,1085176.0,271295.0,0.0,3617.0,1356471.0,2134.0,0.0,1206.0,300.0
TJK,Tajikistan,COM,MR|MCF,MCF/LWAL/CDH+ERM/H:3/COM:3A,TOTAL,3.0,488077.0,122018.0,0.0,1627.0,610095.0,960.0,0.0,542.0,300.0
TJK,Tajikistan,IND,MR|MCF,MCF/LWAL/CDH+ERM/H:>2/IND:2,TOTAL,3.0,405705.0,135235.0,0.0,1352.0,540939.0,798.0,0.0,451.0,300.0
TJK,Tajikistan,COM,MR|MCF,MCF/LWAL/CDL+ERH/H:1/COM:1,TOTAL,122.0,1710686.0,427670.0,0.0,5702.0,2138360.0,3360.0,0.0,47.0,300.0
TJK,Tajikistan,COM,MR|MCF,MCF/LWAL/CDL+ERH/H:1/COM:2,TOTAL,111.0,3510716.0,877675.0,0.0,11702.0,4388390.0,6896.0,0.0,105.0,300.0
TJK,Tajikistan,COM,MR|MCF,MCF/LWAL/CDL+ERH/H:1/COM:3,TOTAL,252.0,7723792.0,1930936.0,0.0,25746.0,9654739.0,15172.0,0.0,102.0,300.0
TJK,Tajikistan,COM,MR|MCF,MCF/LWAL/CDL+ERH/H:1/COM:3A,TOTAL,62.0,1288018.0,322004.0,0.0,4293.0,1610026.0,2530.0,0.0,69.0,300.0
TJK,Tajikistan,COM,MR|MCF,MCF/LWAL/CDL+ERH/H:1/COM:3C,TOTAL,2.0,60622.0,15156.0,0.0,202.0,75778.0,119.0,0.0,101.0,300.0
TJK,Tajikistan,COM,MR|MCF,MCF/LWAL/CDL+ERH/H:1/COM:5,TOTAL,41.0,673239.0,168313.0,0.0,2244.0,841552.0,1323.0,0.0,55.0,300.0
TJK,Tajikistan,COM,MR|MCF,MCF/LWAL/CDL+ERH/H:1/COM:5A,TOTAL,22.0,302219.0,75555.0,0.0,1007.0,377775.0,594.0,0.0,46.0,300.0
TJK,Tajikistan,COM,MR|MCF,MCF/LWAL/CDL+ERH/H:1/COM:5B,TOTAL,8.0,274042.0,68511.0,0.0,913.0,342553.0,538.0,0.0,114.0,300.0
TJK,Tajikistan,IND,MR|MCF,MCF/LWAL/CDL+ERH/H:1/IND:1,TOTAL,14.0,2121840.0,707277.0,0.0,7073.0,2829120.0,4168.0,0.0,505.0,300.0
TJK,Tajikistan,IND,MR|MCF,MCF/LWAL/CDL+ERH/H:1/IND:2,TOTAL,84.0,3790289.0,1263436.0,0.0,12634.0,5053726.0,7446.0,0.0,150.0,300.0
TJK,Tajikistan,IND,MR|MCF,MCF/LWAL/CDL+ERH/H:1/IND:3,TOTAL,2.0,183198.0,61066.0,0.0,611.0,244263.0,360.0,0.0,306.0,300.0
TJK,Tajikistan,IND,MR|MCF,MCF/LWAL/CDL+ERH/H:1/IND:4,TOTAL,50.0,4474753.0,1491585.0,0.0,14916.0,5966336.0,8790.0,0.0,298.0,300.0
TJK,Tajikistan,IND,MR|MCF,MCF/LWAL/CDL+ERH/H:1/IND:6,TOTAL,67.0,3000378.0,1000126.0,0.0,10001.0,4000507.0,5894.0,0.0,149.0,300.0
TJK,Tajikistan,RES,MR|MCF,MCF/LWAL/CDL+ERH/H:1/RES:1,URBAN,253.0,6458285.0,1139671.0,1682.0,21527.0,7597953.0,8575.0,275.0,85.0,300.0
TJK,Tajikistan,RES,MR|MCF,MCF/LWAL/CDL+ERH/H:1/RES:1,RURAL,4935.0,108195437.0,19092721.0,34066.0,432783.0,127289681.0,172382.0,5070.0,88.0,250.0
TJK,Tajikistan,COM,MR|MCF,MCF/LWAL/CDL+ERH/H:2/COM:1,TOTAL,57.0,2073708.0,518430.0,0.0,6912.0,2592135.0,4076.0,0.0,121.0,300.0
TJK,Tajikistan,COM,MR|MCF,MCF/LWAL/CDL+ERH/H:2/COM:2,TOTAL,27.0,2889080.0,722272.0,0.0,9630.0,3611351.0,5679.0,0.0,357.0,300.0
TJK,Tajikistan,COM,MR|MCF,MCF/LWAL/CDL+ERH/H:2/COM:3,TOTAL,81.0,6645219.0,1661305.0,0.0,22151.0,8306521.0,13062.0,0.0,273.0,300.0
TJK,Tajikistan,COM,MR|MCF,MCF/LWAL/CDL+ERH/H:2/COM:3A,TOTAL,29.0,3205137.0,801286.0,0.0,10684.0,4006424.0,6300.0,0.0,368.0,300.0
TJK,Tajikistan,COM,MR|MCF,MCF/LWAL/CDL+ERH/H:2/COM:3B,TOTAL,3.0,344750.0,86188.0,0.0,1149.0,430937.0,678.0,0.0,383.0,300.0
TJK,Tajikistan,COM,MR|MCF,MCF/LWAL/CDL+ERH/H:2/COM:5,TOTAL,12.0,1338689.0,334674.0,0.0,4462.0,1673361.0,2631.0,0.0,372.0,300.0
TJK,Tajikistan,COM,MR|MCF,MCF/LWAL/CDL+ERH/H:2/COM:5A,TOTAL,6.0,189630.0,47407.0,0.0,632.0,237035.0,373.0,0.0,105.0,300.0
TJK,Tajikistan,COM,MR|MCF,MCF/LWAL/CDL+ERH/H:2/COM:5B,TOTAL,1.0,482059.0,120515.0,0.0,1607.0,602574.0,948.0,0.0,1607.0,300.0
TJK,Tajikistan,IND,MR|MCF,MCF/LWAL/CDL+ERH/H:2/IND:2,TOTAL,30.0,2729497.0,909835.0,0.0,9098.0,3639329.0,5366.0,0.0,303.0,300.0
TJK,Tajikistan,IND,MR|MCF,MCF/LWAL/CDL+ERH/H:2/IND:3,TOTAL,2.0,360513.0,120171.0,0.0,1202.0,480684.0,709.0,0.0,601.0,300.0
TJK,Tajikistan,RES,MR|MCF,MCF/LWAL/CDL+ERH/H:2/RES:1,URBAN,236.0,6413989.0,1131839.0,1605.0,21380.0,7545804.0,8521.0,266.0,91.0,300.0
TJK,Tajikistan,RES,MR|MCF,MCF/LWAL/CDL+ERH/H:2/RES:1,RURAL,1862.0,40806902.0,7200973.0,12852.0,163228.0,48008572.0,65054.0,1915.0,88.0,250.0
TJK,Tajikistan,COM,MR|MCF,MCF/LWAL/CDL+ERH/H:3/COM:1,TOTAL,30.0,4905051.0,1226263.0,0.0,16350.0,6131316.0,9647.0,0.0,545.0,300.0
TJK,Tajikistan,COM,MR|MCF,MCF/LWAL/CDL+ERH/H:3/COM:2,TOTAL,15.0,4081071.0,1020268.0,0.0,13604.0,5101345.0,8027.0,0.0,907.0,300.0
TJK,Tajikistan,COM,MR|MCF,MCF/LWAL/CDL+ERH/H:3/COM:3,TOTAL,77.0,28175995.0,7044003.0,0.0,93920.0,35219977.0,55417.0,0.0,1220.0,300.0
TJK,Tajikistan,COM,MR|MCF,MCF/LWAL/CDL+ERH/H:3/COM:3A,TOTAL,20.0,5444230.0,1361057.0,0.0,18147.0,6805286.0,10708.0,0.0,907.0,300.0
TJK,Tajikistan,COM,MR|MCF,MCF/LWAL/CDL+ERH/H:3/COM:3B,TOTAL,1.0,162280.0,40570.0,0.0,541.0,202850.0,319.0,0.0,541.0,300.0
TJK,Tajikistan,COM,MR|MCF,MCF/LWAL/CDL+ERH/H:3/COM:5,TOTAL,2.0,325432.0,81358.0,0.0,1085.0,406790.0,640.0,0.0,542.0,300.0
TJK,Tajikistan,COM,MR|MCF,MCF/LWAL/CDL+ERH/H:3/COM:5A,TOTAL,2.0,332486.0,83121.0,0.0,1108.0,415607.0,654.0,0.0,554.0,300.0
TJK,Tajikistan,COM,MR|MCF,MCF/LWAL/CDL+ERH/H:3/COM:5B,TOTAL,1.0,362560.0,90640.0,0.0,1209.0,453199.0,713.0,0.0,1209.0,300.0
TJK,Tajikistan,RES,MR|MCF,MCF/LWAL/CDL+ERH/H:3/RES:1,RURAL,948.0,20791949.0,3668986.0,6549.0,83168.0,24461472.0,33167.0,975.0,88.0,250.0
TJK,Tajikistan,RES,MR|MCF,MCF/LWAL/CDL+ERH/H:3/RES:1,URBAN,385.0,10735471.0,1894471.0,2637.0,35785.0,12629900.0,14271.0,441.0,93.0,300.0
TJK,Tajikistan,RES,MR|MCF,MCF/LWAL/CDL+ERH/H:3/RES:2,RURAL,22.0,2631031.0,464291.0,828.0,10524.0,3095322.0,4197.0,187.0,478.0,250.0
TJK,Tajikistan,RES,MR|MCF,MCF/LWAL/CDL+ERH/H:4/RES:2,RURAL,1.0,126613.0,22343.0,40.0,506.0,148956.0,202.0,9.0,506.0,250.0
TJK,Tajikistan,RES,MR|MCF,MCF/LWAL/CDL+ERH/H:4/RES:2,URBAN,129.0,96968199.0,17112057.0,23913.0,323227.0,114080202.0,128969.0,5669.0,2506.0,300.0
TJK,Tajikistan,RES,MR|MCF,MCF/LWAL/CDL+ERH/H:5/RES:2,URBAN,13.0,10761127.0,1899027.0,2618.0,35870.0,12660142.0,14321.0,620.0,2759.0,300.0
TJK,Tajikistan,IND,MR|MCF,MCF/LWAL/CDL+ERH/H:>2/IND:2,TOTAL,42.0,5736885.0,1912295.0,0.0,19123.0,7649173.0,11286.0,0.0,455.0,300.0
TJK,Tajikistan,RES,MR|MCF,MCF/LWAL/CDL+ERH/H:>5/RES:2,URBAN,6.0,4603145.0,812321.0,1132.0,15344.0,5415464.0,6130.0,268.0,2557.0,300.0
TJK,Tajikistan,COM,MR|MCF,MCF/LWAL/CDL+ERL/H:1/COM:1,TOTAL,268.0,3778852.0,944718.0,0.0,12596.0,4723564.0,7423.0,0.0,47.0,300.0
TJK,Tajikistan,COM,MR|MCF,MCF/LWAL/CDL+ERL/H:1/COM:2,TOTAL,288.0,9311239.0,2327805.0,0.0,31037.0,11639056.0,18290.0,0.0,108.0,300.0
TJK,Tajikistan,COM,MR|MCF,MCF/LWAL/CDL+ERL/H:1/COM:3,TOTAL,580.0,17635231.0,4408787.0,0.0,58784.0,22044030.0,34641.0,0.0,101.0,300.0
TJK,Tajikistan,COM,MR|MCF,MCF/LWAL/CDL+ERL/H:1/COM:3A,TOTAL,151.0,3498571.0,874641.0,0.0,11662.0,4373217.0,6872.0,0.0,77.0,300.0
TJK,Tajikistan,COM,MR|MCF,MCF/LWAL/CDL+ERL/H:1/COM:3B,TOTAL,4.0,77519.0,19380.0,0.0,258.0,96898.0,152.0,0.0,64.0,300.0
TJK,Tajikistan,COM,MR|MCF,MCF/LWAL/CDL+ERL/H:1/COM:3C,TOTAL,10.0,306685.0,76672.0,0.0,1022.0,383359.0,602.0,0.0,102.0,300.0
TJK,Tajikistan,COM,MR|MCF,MCF/LWAL/CDL+ERL/H:1/COM:5,TOTAL,111.0,1816591.0,454149.0,0.0,6055.0,2270737.0,3568.0,0.0,55.0,300.0
TJK,Tajikistan,COM,MR|MCF,MCF/LWAL/CDL+ERL/H:1/COM:5A,TOTAL,50.0,671027.0,167758.0,0.0,2237.0,838788.0,1318.0,0.0,45.0,300.0
TJK,Tajikistan,COM,MR|MCF,MCF/LWAL/CDL+ERL/H:1/COM:5B,TOTAL,30.0,1030230.0,257554.0,0.0,3434.0,1287785.0,2024.0,0.0,114.0,300.0
TJK,Tajikistan,IND,MR|MCF,MCF/LWAL/CDL+ERL/H:1/IND:1,TOTAL,54.0,8045223.0,2681741.0,0.0,26817.0,10726964.0,15804.0,0.0,497.0,300.0
TJK,Tajikistan,IND,MR|MCF,MCF/LWAL/CDL+ERL/H:1/IND:2,TOTAL,206.0,9283151.0,3094394.0,0.0,30944.0,12377539.0,18236.0,0.0,150.0,300.0
TJK,Tajikistan,IND,MR|MCF,MCF/LWAL/CDL+ERL/H:1/IND:3,TOTAL,5.0,452763.0,150921.0,0.0,1509.0,603684.0,889.0,0.0,302.0,300.0
TJK,Tajikistan,IND,MR|MCF,MCF/LWAL/CDL+ERL/H:1/IND:4,TOTAL,105.0,9446893.0,3148963.0,0.0,31490.0,12595860.0,18557.0,0.0,300.0,300.0
TJK,Tajikistan,IND,MR|MCF,MCF/LWAL/CDL+ERL/H:1/IND:6,TOTAL,151.0,6787313.0,2262443.0,0.0,22624.0,9049759.0,13333.0,0.0,150.0,300.0
TJK,Tajikistan,RES,MR|MCF,MCF/LWAL/CDL+ERL/H:1/RES:1,URBAN,407.0,9869069.0,1741625.0,2596.0,32897.0,11610600.0,13104.0,426.0,81.0,300.0
TJK,Tajikistan,RES,MR|MCF,MCF/LWAL/CDL+ERL/H:1/RES:1,RURAL,10426.0,228310599.0,40290657.0,72993.0,913248.0,268601947.0,363757.0,10602.0,88.0,250.0
TJK,Tajikistan,COM,MR|MCF,MCF/LWAL/CDL+ERL/H:2/COM:1,TOTAL,120.0,4430617.0,1107656.0,0.0,14769.0,5538266.0,8709.0,0.0,123.0,300.0
TJK,Tajikistan,COM,MR|MCF,MCF/LWAL/CDL+ERL/H:2/COM:2,TOTAL,102.0,9037428.0,2259363.0,0.0,30125.0,11296788.0,17764.0,0.0,295.0,300.0
TJK,Tajikistan,COM,MR|MCF,MCF/LWAL/CDL+ERL/H:2/COM:3,TOTAL,207.0,17054367.0,4263600.0,0.0,56848.0,21317961.0,33521.0,0.0,275.0,300.0
TJK,Tajikistan,COM,MR|MCF,MCF/LWAL/CDL+ERL/H:2/COM:3A,TOTAL,85.0,10359479.0,2589872.0,0.0,34532.0,12949346.0,20362.0,0.0,406.0,300.0
TJK,Tajikistan,COM,MR|MCF,MCF/LWAL/CDL+ERL/H:2/COM:3B,TOTAL,4.0,369870.0,92467.0,0.0,1233.0,462337.0,727.0,0.0,308.0,300.0
TJK,Tajikistan,COM,MR|MCF,MCF/LWAL/CDL+ERL/H:2/COM:3C,TOTAL,6.0,484541.0,121135.0,0.0,1615.0,605677.0,952.0,0.0,269.0,300.0
TJK,Tajikistan,COM,MR|MCF,MCF/LWAL/CDL+ERL/H:2/COM:5,TOTAL,19.0,2152135.0,538033.0,0.0,7174.0,2690169.0,4230.0,0.0,378.0,300.0
TJK,Tajikistan,COM,MR|MCF,MCF/LWAL/CDL+ERL/H:2/COM:5A,TOTAL,14.0,488856.0,122214.0,0.0,1630.0,611071.0,961.0,0.0,116.0,300.0
TJK,Tajikistan,COM,MR|MCF,MCF/LWAL/CDL+ERL/H:2/COM:5B,TOTAL,7.0,1749745.0,437438.0,0.0,5832.0,2187183.0,3439.0,0.0,833.0,300.0
TJK,Tajikistan,IND,MR|MCF,MCF/LWAL/CDL+ERL/H:2/IND:2,TOTAL,81.0,7265905.0,2421959.0,0.0,24220.0,9687874.0,14284.0,0.0,299.0,300.0
TJK,Tajikistan,IND,MR|MCF,MCF/LWAL/CDL+ERL/H:2/IND:3,TOTAL,4.0,726099.0,242033.0,0.0,2420.0,968131.0,1427.0,0.0,605.0,300.0
TJK,Tajikistan,RES,MR|MCF,MCF/LWAL/CDL+ERL/H:2/RES:1,URBAN,266.0,6804947.0,1200867.0,1745.0,22683.0,8005772.0,9041.0,290.0,85.0,300.0
TJK,Tajikistan,RES,MR|MCF,MCF/LWAL/CDL+ERL/H:2/RES:1,RURAL,4662.0,102350939.0,18062281.0,32803.0,409408.0,120413605.0,163171.0,4732.0,88.0,250.0
TJK,Tajikistan,COM,MR|MCF,MCF/LWAL/CDL+ERL/H:3/COM:1,TOTAL,48.0,8083467.0,2020865.0,0.0,26945.0,10104330.0,15899.0,0.0,561.0,300.0
TJK,Tajikistan,COM,MR|MCF,MCF/LWAL/CDL+ERL/H:3/COM:2,TOTAL,22.0,5978085.0,1494520.0,0.0,19927.0,7472606.0,11758.0,0.0,906.0,300.0
TJK,Tajikistan,COM,MR|MCF,MCF/LWAL/CDL+ERL/H:3/COM:3,TOTAL,90.0,33513384.0,8378348.0,0.0,111711.0,41891722.0,65915.0,0.0,1241.0,300.0
TJK,Tajikistan,COM,MR|MCF,MCF/LWAL/CDL+ERL/H:3/COM:3A,TOTAL,28.0,8079155.0,2019790.0,0.0,26931.0,10098944.0,15890.0,0.0,962.0,300.0
TJK,Tajikistan,COM,MR|MCF,MCF/LWAL/CDL+ERL/H:3/COM:3B,TOTAL,1.0,162518.0,40630.0,0.0,542.0,203148.0,320.0,0.0,542.0,300.0
TJK,Tajikistan,COM,MR|MCF,MCF/LWAL/CDL+ERL/H:3/COM:3C,TOTAL,2.0,721778.0,180445.0,0.0,2406.0,902223.0,1420.0,0.0,1203.0,300.0
TJK,Tajikistan,COM,MR|MCF,MCF/LWAL/CDL+ERL/H:3/COM:5,TOTAL,3.0,487318.0,121830.0,0.0,1624.0,609148.0,958.0,0.0,541.0,300.0
TJK,Tajikistan,COM,MR|MCF,MCF/LWAL/CDL+ERL/H:3/COM:5A,TOTAL,3.0,499002.0,124750.0,0.0,1663.0,623752.0,981.0,0.0,554.0,300.0
TJK,Tajikistan,RES,MR|MCF,MCF/LWAL/CDL+ERL/H:3/RES:1,URBAN,500.0,12581095.0,2220237.0,3213.0,41937.0,14801240.0,16724.0,541.0,84.0,300.0
TJK,Tajikistan,RES,MR|MCF,MCF/LWAL/CDL+ERL/H:3/RES:1,RURAL,2041.0,44354462.0,7827373.0,14169.0,177420.0,52182105.0,70754.0,2084.0,87.0,250.0
TJK,Tajikistan,RES,MR|MCF,MCF/LWAL/CDL+ERL/H:3/RES:2,RURAL,159.0,25536091.0,4506377.0,8117.0,102144.0,30042468.0,40732.0,1436.0,642.0,250.0
TJK,Tajikistan,RES,MR|MCF,MCF/LWAL/CDL+ERL/H:4/RES:2,RURAL,4.0,774934.0,136754.0,246.0,3100.0,911688.0,1237.0,41.0,775.0,250.0
TJK,Tajikistan,RES,MR|MCF,MCF/LWAL/CDL+ERL/H:4/RES:2,URBAN,418.0,191785324.0,33844540.0,49240.0,639284.0,225629778.0,255078.0,11971.0,1529.0,300.0
TJK,Tajikistan,RES,MR|MCF,MCF/LWAL/CDL+ERL/H:5/RES:2,URBAN,31.0,17937928.0,3165523.0,4484.0,59793.0,21103437.0,23872.0,1078.0,1929.0,300.0
TJK,Tajikistan,IND,MR|MCF,MCF/LWAL/CDL+ERL/H:>2/IND:2,TOTAL,63.0,8566836.0,2855610.0,0.0,28556.0,11422439.0,16854.0,0.0,453.0,300.0
TJK,Tajikistan,IND,MR|MCF,MCF/LWAL/CDL+ERL/H:>2/IND:3,TOTAL,2.0,541274.0,180425.0,0.0,1804.0,721699.0,1065.0,0.0,902.0,300.0
TJK,Tajikistan,RES,MR|MCF,MCF/LWAL/CDL+ERL/H:>5/RES:2,URBAN,9.0,5400863.0,953095.0,1341.0,18003.0,6353953.0,7192.0,331.0,2000.0,300.0
TJK,Tajikistan,RES,MR|MCF,MCF/LWAL/CDL+ERL/H:>5/RES:2,RURAL,1.0,253768.0,44783.0,80.0,1015.0,298551.0,406.0,14.0,1015.0,250.0
TJK,Tajikistan,COM,MR|MCF,MCF/LWAL/CDL+ERM/H:1/COM:1,TOTAL,220.0,3011250.0,752814.0,0.0,10038.0,3764066.0,5915.0,0.0,46.0,300.0
TJK,Tajikistan,COM,MR|MCF,MCF/LWAL/CDL+ERM/H:1/COM:2,TOTAL,245.0,8114600.0,2028645.0,0.0,27049.0,10143239.0,15940.0,0.0,110.0,300.0
TJK,Tajikistan,COM,MR|MCF,MCF/LWAL/CDL+ERM/H:1/COM:3,TOTAL,510.0,15469598.0,3867402.0,0.0,51565.0,19337001.0,30387.0,0.0,101.0,300.0
TJK,Tajikistan,COM,MR|MCF,MCF/LWAL/CDL+ERM/H:1/COM:3A,TOTAL,127.0,2392163.0,598038.0,0.0,7974.0,2990203.0,4699.0,0.0,63.0,300.0
TJK,Tajikistan,COM,MR|MCF,MCF/LWAL/CDL+ERM/H:1/COM:3B,TOTAL,17.0,230849.0,57713.0,0.0,769.0,288560.0,453.0,0.0,45.0,300.0
TJK,Tajikistan,COM,MR|MCF,MCF/LWAL/CDL+ERM/H:1/COM:3C,TOTAL,16.0,486090.0,121523.0,0.0,1620.0,607614.0,955.0,0.0,101.0,300.0
TJK,Tajikistan,COM,MR|MCF,MCF/LWAL/CDL+ERM/H:1/COM:5,TOTAL,77.0,1249728.0,312431.0,0.0,4166.0,1562160.0,2455.0,0.0,54.0,300.0
TJK,Tajikistan,COM,MR|MCF,MCF/LWAL/CDL+ERM/H:1/COM:5A,TOTAL,35.0,475937.0,118987.0,0.0,1586.0,594920.0,935.0,0.0,45.0,300.0
TJK,Tajikistan,COM,MR|MCF,MCF/LWAL/CDL+ERM/H:1/COM:5B,TOTAL,25.0,875092.0,218770.0,0.0,2917.0,1093866.0,1719.0,0.0,117.0,300.0
TJK,Tajikistan,IND,MR|MCF,MCF/LWAL/CDL+ERM/H:1/IND:1,TOTAL,33.0,4973430.0,1657810.0,0.0,16578.0,6631240.0,9770.0,0.0,502.0,300.0
TJK,Tajikistan,IND,MR|MCF,MCF/LWAL/CDL+ERM/H:1/IND:2,TOTAL,166.0,7472257.0,2490765.0,0.0,24908.0,9963015.0,14679.0,0.0,150.0,300.0
TJK,Tajikistan,IND,MR|MCF,MCF/LWAL/CDL+ERM/H:1/IND:3,TOTAL,4.0,362416.0,120805.0,0.0,1208.0,483221.0,712.0,0.0,302.0,300.0
TJK,Tajikistan,IND,MR|MCF,MCF/LWAL/CDL+ERM/H:1/IND:4,TOTAL,87.0,7874733.0,2624913.0,0.0,26249.0,10499642.0,15469.0,0.0,302.0,300.0
TJK,Tajikistan,IND,MR|MCF,MCF/LWAL/CDL+ERM/H:1/IND:6,TOTAL,144.0,6474354.0,2158117.0,0.0,21581.0,8632473.0,12718.0,0.0,150.0,300.0
TJK,Tajikistan,RES,MR|MCF,MCF/LWAL/CDL+ERM/H:1/RES:1,RURAL,4994.0,106079619.0,18720101.0,33599.0,424321.0,124799830.0,169012.0,5163.0,85.0,250.0
TJK,Tajikistan,RES,MR|MCF,MCF/LWAL/CDL+ERM/H:1/RES:1,URBAN,254.0,5675824.0,1001650.0,1505.0,18919.0,6677429.0,7536.0,262.0,74.0,300.0
TJK,Tajikistan,COM,MR|MCF,MCF/LWAL/CDL+ERM/H:2/COM:1,TOTAL,134.0,4892644.0,1223163.0,0.0,16309.0,6115805.0,9617.0,0.0,122.0,300.0
TJK,Tajikistan,COM,MR|MCF,MCF/LWAL/CDL+ERM/H:2/COM:2,TOTAL,106.0,11873127.0,2968282.0,0.0,39577.0,14841407.0,23337.0,0.0,373.0,300.0
TJK,Tajikistan,COM,MR|MCF,MCF/LWAL/CDL+ERM/H:2/COM:3,TOTAL,303.0,24857850.0,6214459.0,0.0,82860.0,31072314.0,48859.0,0.0,273.0,300.0
TJK,Tajikistan,COM,MR|MCF,MCF/LWAL/CDL+ERM/H:2/COM:3A,TOTAL,80.0,10071687.0,2517924.0,0.0,33572.0,12589611.0,19796.0,0.0,420.0,300.0
TJK,Tajikistan,COM,MR|MCF,MCF/LWAL/CDL+ERM/H:2/COM:3B,TOTAL,9.0,561294.0,140322.0,0.0,1871.0,701615.0,1103.0,0.0,208.0,300.0
TJK,Tajikistan,COM,MR|MCF,MCF/LWAL/CDL+ERM/H:2/COM:3C,TOTAL,9.0,1759887.0,439972.0,0.0,5866.0,2199860.0,3459.0,0.0,652.0,300.0
TJK,Tajikistan,COM,MR|MCF,MCF/LWAL/CDL+ERM/H:2/COM:5,TOTAL,34.0,3195417.0,798854.0,0.0,10651.0,3994267.0,6281.0,0.0,313.0,300.0
TJK,Tajikistan,COM,MR|MCF,MCF/LWAL/CDL+ERM/H:2/COM:5A,TOTAL,16.0,814114.0,203529.0,0.0,2714.0,1017644.0,1600.0,0.0,170.0,300.0
TJK,Tajikistan,COM,MR|MCF,MCF/LWAL/CDL+ERM/H:2/COM:5B,TOTAL,8.0,1326240.0,331560.0,0.0,4421.0,1657800.0,2607.0,0.0,553.0,300.0
TJK,Tajikistan,IND,MR|MCF,MCF/LWAL/CDL+ERM/H:2/IND:2,TOTAL,68.0,6150455.0,2050152.0,0.0,20502.0,8200605.0,12091.0,0.0,302.0,300.0
TJK,Tajikistan,IND,MR|MCF,MCF/LWAL/CDL+ERM/H:2/IND:3,TOTAL,5.0,904061.0,301354.0,0.0,3014.0,1205414.0,1777.0,0.0,603.0,300.0
TJK,Tajikistan,RES,MR|MCF,MCF/LWAL/CDL+ERM/H:2/RES:1,URBAN,187.0,4074804.0,719117.0,1079.0,13583.0,4793881.0,5414.0,190.0,73.0,300.0
TJK,Tajikistan,RES,MR|MCF,MCF/LWAL/CDL+ERM/H:2/RES:1,RURAL,1914.0,40329936.0,7117117.0,12773.0,161321.0,47447210.0,64296.0,1985.0,84.0,250.0
TJK,Tajikistan,COM,MR|MCF,MCF/LWAL/CDL+ERM/H:3/COM:1,TOTAL,48.0,7808598.0,1952145.0,0.0,26029.0,9760744.0,15358.0,0.0,542.0,300.0
TJK,Tajikistan,COM,MR|MCF,MCF/LWAL/CDL+ERM/H:3/COM:2,TOTAL,36.0,9749646.0,2437410.0,0.0,32499.0,12187057.0,19176.0,0.0,903.0,300.0
TJK,Tajikistan,COM,MR|MCF,MCF/LWAL/CDL+ERM/H:3/COM:3,TOTAL,122.0,44788954.0,11197245.0,0.0,149297.0,55986200.0,88091.0,0.0,1224.0,300.0
TJK,Tajikistan,COM,MR|MCF,MCF/LWAL/CDL+ERM/H:3/COM:3A,TOTAL,27.0,6282982.0,1570743.0,0.0,20943.0,7853725.0,12357.0,0.0,776.0,300.0
TJK,Tajikistan,COM,MR|MCF,MCF/LWAL/CDL+ERM/H:3/COM:3B,TOTAL,4.0,919598.0,229898.0,0.0,3065.0,1149496.0,1809.0,0.0,766.0,300.0
TJK,Tajikistan,COM,MR|MCF,MCF/LWAL/CDL+ERM/H:3/COM:3C,TOTAL,1.0,360626.0,90157.0,0.0,1202.0,450783.0,709.0,0.0,1202.0,300.0
TJK,Tajikistan,COM,MR|MCF,MCF/LWAL/CDL+ERM/H:3/COM:5,TOTAL,9.0,1731011.0,432751.0,0.0,5770.0,2163762.0,3405.0,0.0,641.0,300.0
TJK,Tajikistan,COM,MR|MCF,MCF/LWAL/CDL+ERM/H:3/COM:5A,TOTAL,7.0,1137457.0,284363.0,0.0,3792.0,1421821.0,2237.0,0.0,542.0,300.0
TJK,Tajikistan,RES,MR|MCF,MCF/LWAL/CDL+ERM/H:3/RES:1,RURAL,1490.0,31014215.0,5473110.0,9802.0,124058.0,36487500.0,49474.0,1554.0,83.0,250.0
TJK,Tajikistan,RES,MR|MCF,MCF/LWAL/CDL+ERM/H:3/RES:1,URBAN,307.0,6609991.0,1166492.0,1750.0,22033.0,7776452.0,8787.0,316.0,72.0,300.0
TJK,Tajikistan,RES,MR|MCF,MCF/LWAL/CDL+ERM/H:3/RES:2,RURAL,68.0,13211842.0,2331512.0,4179.0,52847.0,15543354.0,21074.0,743.0,777.0,250.0
TJK,Tajikistan,RES,MR|MCF,MCF/LWAL/CDL+ERM/H:4/RES:2,URBAN,127.0,42177268.0,7443048.0,11174.0,140591.0,49620321.0,56097.0,2943.0,1107.0,300.0
TJK,Tajikistan,RES,MR|MCF,MCF/LWAL/CDL+ERM/H:5/RES:2,URBAN,7.0,2208441.0,389725.0,584.0,7361.0,2598166.0,2939.0,161.0,1052.0,300.0
TJK,Tajikistan,IND,MR|MCF,MCF/LWAL/CDL+ERM/H:>2/IND:2,TOTAL,51.0,6907460.0,2302478.0,0.0,23025.0,9209938.0,13589.0,0.0,451.0,300.0
TJK,Tajikistan,IND,MR|MCF,MCF/LWAL/CDL+ERM/H:>2/IND:3,TOTAL,3.0,811410.0,270470.0,0.0,2705.0,1081879.0,1596.0,0.0,902.0,300.0
TJK,Tajikistan,RES,MR|MCF,MCF/LWAL/CDL+ERM/H:>5/RES:2,URBAN,1.0,315491.0,55675.0,83.0,1052.0,371166.0,420.0,23.0,1052.0,300.0
TJK,Tajikistan,COM,MR|MCF,MCF/LWAL/CDN+ERL/H:1/COM:1,TOTAL,251.0,3475220.0,868804.0,0.0,11584.0,4344026.0,6826.0,0.0,46.0,300.0
TJK,Tajikistan,COM,MR|MCF,MCF/LWAL/CDN+ERL/H:1/COM:2,TOTAL,253.0,7966952.0,1991728.0,0.0,26556.0,9958678.0,15650.0,0.0,105.0,300.0
TJK,Tajikistan,COM,MR|MCF,MCF/LWAL/CDN+ERL/H:1/COM:3,TOTAL,532.0,16222943.0,4055723.0,0.0,54076.0,20278670.0,31867.0,0.0,102.0,300.0
TJK,Tajikistan,COM,MR|MCF,MCF/LWAL/CDN+ERL/H:1/COM:3A,TOTAL,145.0,3249413.0,812353.0,0.0,10831.0,4061762.0,6383.0,0.0,75.0,300.0
TJK,Tajikistan,COM,MR|MCF,MCF/LWAL/CDN+ERL/H:1/COM:3B,TOTAL,5.0,68064.0,17016.0,0.0,227.0,85079.0,134.0,0.0,45.0,300.0
TJK,Tajikistan,COM,MR|MCF,MCF/LWAL/CDN+ERL/H:1/COM:3C,TOTAL,13.0,394684.0,98671.0,0.0,1316.0,493356.0,775.0,0.0,101.0,300.0
TJK,Tajikistan,COM,MR|MCF,MCF/LWAL/CDN+ERL/H:1/COM:5,TOTAL,79.0,1292940.0,323237.0,0.0,4310.0,1616176.0,2540.0,0.0,55.0,300.0
TJK,Tajikistan,COM,MR|MCF,MCF/LWAL/CDN+ERL/H:1/COM:5A,TOTAL,33.0,449218.0,112306.0,0.0,1497.0,561524.0,882.0,0.0,45.0,300.0
TJK,Tajikistan,COM,MR|MCF,MCF/LWAL/CDN+ERL/H:1/COM:5B,TOTAL,21.0,694445.0,173610.0,0.0,2315.0,868056.0,1364.0,0.0,110.0,300.0
TJK,Tajikistan,IND,MR|MCF,MCF/LWAL/CDN+ERL/H:1/IND:1,TOTAL,54.0,8154963.0,2718318.0,0.0,27183.0,10873282.0,16020.0,0.0,503.0,300.0
TJK,Tajikistan,IND,MR|MCF,MCF/LWAL/CDN+ERL/H:1/IND:2,TOTAL,169.0,7604873.0,2534960.0,0.0,25350.0,10139835.0,14939.0,0.0,150.0,300.0
TJK,Tajikistan,IND,MR|MCF,MCF/LWAL/CDN+ERL/H:1/IND:3,TOTAL,3.0,271857.0,90618.0,0.0,906.0,362477.0,534.0,0.0,302.0,300.0
TJK,Tajikistan,IND,MR|MCF,MCF/LWAL/CDN+ERL/H:1/IND:4,TOTAL,97.0,8717077.0,2905691.0,0.0,29057.0,11622765.0,17124.0,0.0,300.0,300.0
TJK,Tajikistan,IND,MR|MCF,MCF/LWAL/CDN+ERL/H:1/IND:6,TOTAL,171.0,7703316.0,2567776.0,0.0,25678.0,10271084.0,15132.0,0.0,150.0,300.0
TJK,Tajikistan,RES,MR|MCF,MCF/LWAL/CDN+ERL/H:1/RES:1,RURAL,3584.0,78514519.0,13855529.0,25035.0,314060.0,92370592.0,125094.0,3652.0,88.0,250.0
TJK,Tajikistan,COM,MR|MCF,MCF/LWAL/CDN+ERL/H:2/COM:1,TOTAL,135.0,4400050.0,1100014.0,0.0,14667.0,5500062.0,8649.0,0.0,109.0,300.0
TJK,Tajikistan,COM,MR|MCF,MCF/LWAL/CDN+ERL/H:2/COM:2,TOTAL,110.0,12240010.0,3060005.0,0.0,40800.0,15300013.0,24058.0,0.0,371.0,300.0
TJK,Tajikistan,COM,MR|MCF,MCF/LWAL/CDN+ERL/H:2/COM:3,TOTAL,316.0,27696474.0,6924118.0,0.0,92322.0,34620595.0,54439.0,0.0,292.0,300.0
TJK,Tajikistan,COM,MR|MCF,MCF/LWAL/CDN+ERL/H:2/COM:3A,TOTAL,97.0,13366581.0,3341644.0,0.0,44555.0,16708228.0,26273.0,0.0,459.0,300.0
TJK,Tajikistan,COM,MR|MCF,MCF/LWAL/CDN+ERL/H:2/COM:3B,TOTAL,6.0,450941.0,112735.0,0.0,1503.0,563676.0,886.0,0.0,250.0,300.0
TJK,Tajikistan,COM,MR|MCF,MCF/LWAL/CDN+ERL/H:2/COM:3C,TOTAL,6.0,661148.0,165287.0,0.0,2204.0,826436.0,1300.0,0.0,367.0,300.0
TJK,Tajikistan,COM,MR|MCF,MCF/LWAL/CDN+ERL/H:2/COM:5,TOTAL,32.0,3068553.0,767139.0,0.0,10229.0,3835690.0,6031.0,0.0,320.0,300.0
TJK,Tajikistan,COM,MR|MCF,MCF/LWAL/CDN+ERL/H:2/COM:5A,TOTAL,19.0,1076853.0,269215.0,0.0,3590.0,1346069.0,2117.0,0.0,189.0,300.0
TJK,Tajikistan,COM,MR|MCF,MCF/LWAL/CDN+ERL/H:2/COM:5B,TOTAL,7.0,1959717.0,489930.0,0.0,6532.0,2449647.0,3852.0,0.0,933.0,300.0
TJK,Tajikistan,IND,MR|MCF,MCF/LWAL/CDN+ERL/H:2/IND:2,TOTAL,77.0,6971273.0,2323758.0,0.0,23238.0,9295027.0,13705.0,0.0,302.0,300.0
TJK,Tajikistan,IND,MR|MCF,MCF/LWAL/CDN+ERL/H:2/IND:3,TOTAL,1.0,180313.0,60104.0,0.0,601.0,240418.0,354.0,0.0,601.0,300.0
TJK,Tajikistan,RES,MR|MCF,MCF/LWAL/CDN+ERL/H:2/RES:1,RURAL,1560.0,34227603.0,6040218.0,10942.0,136912.0,40268089.0,54567.0,1587.0,88.0,250.0
TJK,Tajikistan,COM,MR|MCF,MCF/LWAL/CDN+ERL/H:3/COM:1,TOTAL,80.0,13292898.0,3323222.0,0.0,44310.0,16616121.0,26145.0,0.0,554.0,300.0
TJK,Tajikistan,COM,MR|MCF,MCF/LWAL/CDN+ERL/H:3/COM:2,TOTAL,42.0,11380622.0,2845156.0,0.0,37935.0,14225782.0,22384.0,0.0,903.0,300.0
TJK,Tajikistan,COM,MR|MCF,MCF/LWAL/CDN+ERL/H:3/COM:3,TOTAL,171.0,62616121.0,15654032.0,0.0,208720.0,78270135.0,123154.0,0.0,1221.0,300.0
TJK,Tajikistan,COM,MR|MCF,MCF/LWAL/CDN+ERL/H:3/COM:3A,TOTAL,42.0,10932964.0,2733239.0,0.0,36443.0,13666203.0,21503.0,0.0,868.0,300.0
TJK,Tajikistan,COM,MR|MCF,MCF/LWAL/CDN+ERL/H:3/COM:3B,TOTAL,2.0,324564.0,81141.0,0.0,1082.0,405705.0,638.0,0.0,541.0,300.0
TJK,Tajikistan,COM,MR|MCF,MCF/LWAL/CDN+ERL/H:3/COM:3C,TOTAL,3.0,1081879.0,270470.0,0.0,3606.0,1352349.0,2128.0,0.0,1202.0,300.0
TJK,Tajikistan,COM,MR|MCF,MCF/LWAL/CDN+ERL/H:3/COM:5,TOTAL,11.0,2064068.0,516016.0,0.0,6880.0,2580085.0,4060.0,0.0,625.0,300.0
TJK,Tajikistan,COM,MR|MCF,MCF/LWAL/CDN+ERL/H:3/COM:5A,TOTAL,7.0,1136268.0,284067.0,0.0,3788.0,1420335.0,2235.0,0.0,541.0,300.0
TJK,Tajikistan,COM,MR|MCF,MCF/LWAL/CDN+ERL/H:3/COM:5B,TOTAL,1.0,360626.0,90157.0,0.0,1202.0,450783.0,709.0,0.0,1202.0,300.0
TJK,Tajikistan,RES,MR|MCF,MCF/LWAL/CDN+ERL/H:3/RES:1,RURAL,755.0,16419563.0,2897574.0,5232.0,65679.0,19317318.0,26192.0,772.0,87.0,250.0
TJK,Tajikistan,RES,MR|MCF,MCF/LWAL/CDN+ERL/H:3/RES:2,RURAL,35.0,6591207.0,1163157.0,2083.0,26365.0,7754364.0,10514.0,381.0,753.0,250.0
TJK,Tajikistan,RES,MR|MCF,MCF/LWAL/CDN+ERL/H:4/RES:2,RURAL,1.0,126613.0,22343.0,40.0,506.0,148956.0,202.0,9.0,506.0,250.0
TJK,Tajikistan,RES,MR|MCF,MCF/LWAL/CDN+ERL/H:4/RES:2,URBAN,151.0,77103583.0,13606537.0,19525.0,257012.0,90710081.0,102549.0,4722.0,1702.0,300.0
TJK,Tajikistan,RES,MR|MCF,MCF/LWAL/CDN+ERL/H:5/RES:2,URBAN,13.0,9790654.0,1727766.0,2397.0,32636.0,11518412.0,13030.0,569.0,2510.0,300.0
TJK,Tajikistan,RES,MR|MCF,MCF/LWAL/CDN+ERL/H:5/RES:2,RURAL,1.0,133699.0,23594.0,43.0,535.0,157293.0,214.0,6.0,535.0,250.0
TJK,Tajikistan,IND,MR|MCF,MCF/LWAL/CDN+ERL/H:>2/IND:2,TOTAL,81.0,10988591.0,3662863.0,0.0,36629.0,14651446.0,21618.0,0.0,452.0,300.0
TJK,Tajikistan,IND,MR|MCF,MCF/LWAL/CDN+ERL/H:>2/IND:3,TOTAL,4.0,1082009.0,360670.0,0.0,3607.0,1442678.0,2129.0,0.0,902.0,300.0
TJK,Tajikistan,RES,MR|MCF,MCF/LWAL/CDN+ERL/H:>5/RES:2,URBAN,5.0,3626607.0,639991.0,889.0,12089.0,4266594.0,4829.0,214.0,2418.0,300.0
TJK,Tajikistan,COM,MR|MCF,MR/LWAL/CDH+ERH/H:1/COM:1,TOTAL,5.0,90636.0,22658.0,0.0,302.0,113294.0,225.0,0.0,60.0,300.0
TJK,Tajikistan,COM,MR|MCF,MR/LWAL/CDH+ERH/H:1/COM:3,TOTAL,4.0,122290.0,30572.0,0.0,408.0,152861.0,304.0,0.0,102.0,300.0
TJK,Tajikistan,COM,MR|MCF,MR/LWAL/CDH+ERH/H:1/COM:3A,TOTAL,3.0,63551.0,15888.0,0.0,212.0,79439.0,158.0,0.0,71.0,300.0
TJK,Tajikistan,COM,MR|MCF,MR/LWAL/CDH+ERH/H:1/COM:5,TOTAL,1.0,36128.0,9032.0,0.0,120.0,45160.0,90.0,0.0,120.0,301.0
TJK,Tajikistan,COM,MR|MCF,MR/LWAL/CDH+ERH/H:1/COM:5B,TOTAL,1.0,30443.0,7611.0,0.0,101.0,38054.0,76.0,0.0,101.0,301.0
TJK,Tajikistan,IND,MR|MCF,MR/LWAL/CDH+ERH/H:1/IND:3,TOTAL,1.0,90640.0,30213.0,0.0,302.0,120853.0,210.0,0.0,302.0,300.0
TJK,Tajikistan,IND,MR|MCF,MR/LWAL/CDH+ERH/H:1/IND:6,TOTAL,2.0,91892.0,30631.0,0.0,306.0,122524.0,213.0,0.0,153.0,300.0
TJK,Tajikistan,COM,MR|MCF,MR/LWAL/CDH+ERH/H:2/COM:2,TOTAL,2.0,121772.0,30444.0,0.0,406.0,152216.0,303.0,0.0,203.0,300.0
TJK,Tajikistan,COM,MR|MCF,MR/LWAL/CDH+ERH/H:2/COM:3,TOTAL,4.0,469555.0,117390.0,0.0,1565.0,586945.0,1167.0,0.0,391.0,300.0
TJK,Tajikistan,COM,MR|MCF,MR/LWAL/CDH+ERH/H:3/COM:1,TOTAL,1.0,162280.0,40570.0,0.0,541.0,202850.0,403.0,0.0,541.0,300.0
TJK,Tajikistan,COM,MR|MCF,MR/LWAL/CDH+ERH/H:3/COM:3,TOTAL,1.0,377575.0,94394.0,0.0,1259.0,471969.0,939.0,0.0,1259.0,300.0
TJK,Tajikistan,COM,MR|MCF,MR/LWAL/CDH+ERL/H:1/COM:1,TOTAL,3.0,41298.0,10324.0,0.0,138.0,51622.0,103.0,0.0,46.0,299.0
TJK,Tajikistan,COM,MR|MCF,MR/LWAL/CDH+ERL/H:1/COM:2,TOTAL,5.0,151086.0,37771.0,0.0,504.0,188857.0,375.0,0.0,101.0,300.0
TJK,Tajikistan,COM,MR|MCF,MR/LWAL/CDH+ERL/H:1/COM:3,TOTAL,7.0,214618.0,53653.0,0.0,715.0,268272.0,533.0,0.0,102.0,300.0
TJK,Tajikistan,COM,MR|MCF,MR/LWAL/CDH+ERL/H:1/COM:3A,TOTAL,3.0,109036.0,27258.0,0.0,363.0,136294.0,271.0,0.0,121.0,300.0
TJK,Tajikistan,COM,MR|MCF,MR/LWAL/CDH+ERL/H:1/COM:3C,TOTAL,1.0,30221.0,7555.0,0.0,101.0,37777.0,75.0,0.0,101.0,299.0
TJK,Tajikistan,COM,MR|MCF,MR/LWAL/CDH+ERL/H:1/COM:5A,TOTAL,1.0,13714.0,3428.0,0.0,46.0,17142.0,34.0,0.0,46.0,298.0
TJK,Tajikistan,IND,MR|MCF,MR/LWAL/CDH+ERL/H:1/IND:2,TOTAL,2.0,91497.0,30499.0,0.0,305.0,121996.0,212.0,0.0,152.0,300.0
TJK,Tajikistan,IND,MR|MCF,MR/LWAL/CDH+ERL/H:1/IND:4,TOTAL,3.0,272105.0,90701.0,0.0,907.0,362807.0,630.0,0.0,302.0,300.0
TJK,Tajikistan,IND,MR|MCF,MR/LWAL/CDH+ERL/H:1/IND:6,TOTAL,3.0,135857.0,45286.0,0.0,453.0,181142.0,315.0,0.0,151.0,300.0
TJK,Tajikistan,COM,MR|MCF,MR/LWAL/CDH+ERL/H:2/COM:2,TOTAL,3.0,181115.0,45280.0,0.0,604.0,226394.0,450.0,0.0,201.0,300.0
TJK,Tajikistan,COM,MR|MCF,MR/LWAL/CDH+ERL/H:2/COM:3,TOTAL,2.0,120598.0,30150.0,0.0,402.0,150747.0,300.0,0.0,201.0,300.0
TJK,Tajikistan,COM,MR|MCF,MR/LWAL/CDH+ERL/H:2/COM:5,TOTAL,1.0,27699.0,6925.0,0.0,92.0,34623.0,69.0,0.0,92.0,301.0
TJK,Tajikistan,IND,MR|MCF,MR/LWAL/CDH+ERL/H:2/IND:2,TOTAL,1.0,90622.0,30207.0,0.0,302.0,120829.0,210.0,0.0,302.0,300.0
TJK,Tajikistan,COM,MR|MCF,MR/LWAL/CDH+ERM/H:1/COM:1,TOTAL,2.0,27213.0,6804.0,0.0,91.0,34017.0,68.0,0.0,46.0,299.0
TJK,Tajikistan,COM,MR|MCF,MR/LWAL/CDH+ERM/H:1/COM:2,TOTAL,5.0,150450.0,37613.0,0.0,501.0,188061.0,374.0,0.0,100.0,300.0
TJK,Tajikistan,COM,MR|MCF,MR/LWAL/CDH+ERM/H:1/COM:3,TOTAL,5.0,150976.0,37743.0,0.0,503.0,188720.0,375.0,0.0,101.0,300.0
TJK,Tajikistan,COM,MR|MCF,MR/LWAL/CDH+ERM/H:1/COM:5,TOTAL,2.0,50063.0,12516.0,0.0,167.0,62579.0,124.0,0.0,84.0,300.0
TJK,Tajikistan,IND,MR|MCF,MR/LWAL/CDH+ERM/H:1/IND:1,TOTAL,1.0,150120.0,50040.0,0.0,500.0,200160.0,348.0,0.0,500.0,300.0
TJK,Tajikistan,IND,MR|MCF,MR/LWAL/CDH+ERM/H:1/IND:2,TOTAL,3.0,135149.0,45050.0,0.0,450.0,180199.0,313.0,0.0,150.0,300.0
TJK,Tajikistan,IND,MR|MCF,MR/LWAL/CDH+ERM/H:1/IND:4,TOTAL,1.0,90007.0,30002.0,0.0,300.0,120010.0,208.0,0.0,300.0,300.0
TJK,Tajikistan,IND,MR|MCF,MR/LWAL/CDH+ERM/H:1/IND:6,TOTAL,2.0,90725.0,30242.0,0.0,302.0,120967.0,210.0,0.0,151.0,300.0
TJK,Tajikistan,COM,MR|MCF,MR/LWAL/CDH+ERM/H:2/COM:2,TOTAL,1.0,121308.0,30327.0,0.0,404.0,151635.0,301.0,0.0,404.0,300.0
TJK,Tajikistan,COM,MR|MCF,MR/LWAL/CDH+ERM/H:2/COM:3,TOTAL,4.0,241331.0,60333.0,0.0,804.0,301663.0,600.0,0.0,201.0,300.0
TJK,Tajikistan,COM,MR|MCF,MR/LWAL/CDH+ERM/H:2/COM:3A,TOTAL,1.0,27132.0,6783.0,0.0,90.0,33915.0,67.0,0.0,90.0,301.0
TJK,Tajikistan,COM,MR|MCF,MR/LWAL/CDH+ERM/H:3/COM:1,TOTAL,1.0,162285.0,40571.0,0.0,541.0,202856.0,403.0,0.0,541.0,300.0
TJK,Tajikistan,COM,MR|MCF,MR/LWAL/CDH+ERM/H:3/COM:3,TOTAL,3.0,1083012.0,270754.0,0.0,3610.0,1353766.0,2692.0,0.0,1203.0,300.0
TJK,Tajikistan,IND,MR|MCF,MR/LWAL/CDH+ERM/H:>2/IND:2,TOTAL,1.0,135660.0,45220.0,0.0,452.0,180880.0,314.0,0.0,452.0,300.0
TJK,Tajikistan,COM,MR|MCF,MR/LWAL/CDL+ERH/H:1/COM:1,TOTAL,78.0,1096484.0,274119.0,0.0,3655.0,1370607.0,2723.0,0.0,47.0,300.0
TJK,Tajikistan,COM,MR|MCF,MR/LWAL/CDL+ERH/H:1/COM:2,TOTAL,74.0,2409668.0,602413.0,0.0,8032.0,3012082.0,5984.0,0.0,109.0,300.0
TJK,Tajikistan,COM,MR|MCF,MR/LWAL/CDL+ERH/H:1/COM:3,TOTAL,128.0,3916237.0,979050.0,0.0,13054.0,4895291.0,9725.0,0.0,102.0,300.0
TJK,Tajikistan,COM,MR|MCF,MR/LWAL/CDL+ERH/H:1/COM:3A,TOTAL,44.0,999920.0,249980.0,0.0,3333.0,1249899.0,2483.0,0.0,76.0,300.0
TJK,Tajikistan,COM,MR|MCF,MR/LWAL/CDL+ERH/H:1/COM:3B,TOTAL,3.0,64731.0,16183.0,0.0,216.0,80914.0,161.0,0.0,72.0,300.0
TJK,Tajikistan,COM,MR|MCF,MR/LWAL/CDL+ERH/H:1/COM:3C,TOTAL,2.0,60574.0,15143.0,0.0,202.0,75717.0,150.0,0.0,101.0,300.0
TJK,Tajikistan,COM,MR|MCF,MR/LWAL/CDL+ERH/H:1/COM:5,TOTAL,22.0,462684.0,115671.0,0.0,1542.0,578355.0,1149.0,0.0,70.0,300.0
TJK,Tajikistan,COM,MR|MCF,MR/LWAL/CDL+ERH/H:1/COM:5A,TOTAL,12.0,165169.0,41292.0,0.0,551.0,206461.0,410.0,0.0,46.0,300.0
TJK,Tajikistan,COM,MR|MCF,MR/LWAL/CDL+ERH/H:1/COM:5B,TOTAL,9.0,301800.0,75451.0,0.0,1006.0,377250.0,749.0,0.0,112.0,300.0
TJK,Tajikistan,IND,MR|MCF,MR/LWAL/CDL+ERH/H:1/IND:1,TOTAL,16.0,2435650.0,811882.0,0.0,8119.0,3247534.0,5640.0,0.0,507.0,300.0
TJK,Tajikistan,IND,MR|MCF,MR/LWAL/CDL+ERH/H:1/IND:2,TOTAL,41.0,1867207.0,622405.0,0.0,6224.0,2489613.0,4324.0,0.0,152.0,300.0
TJK,Tajikistan,IND,MR|MCF,MR/LWAL/CDL+ERH/H:1/IND:3,TOTAL,2.0,181430.0,60477.0,0.0,605.0,241906.0,420.0,0.0,302.0,300.0
TJK,Tajikistan,IND,MR|MCF,MR/LWAL/CDL+ERH/H:1/IND:4,TOTAL,33.0,3005642.0,1001884.0,0.0,10019.0,4007517.0,6960.0,0.0,304.0,300.0
TJK,Tajikistan,IND,MR|MCF,MR/LWAL/CDL+ERH/H:1/IND:6,TOTAL,48.0,2142766.0,714258.0,0.0,7143.0,2857022.0,4962.0,0.0,149.0,300.0
TJK,Tajikistan,COM,MR|MCF,MR/LWAL/CDL+ERH/H:2/COM:1,TOTAL,21.0,890301.0,222579.0,0.0,2968.0,1112874.0,2212.0,0.0,141.0,300.0
TJK,Tajikistan,COM,MR|MCF,MR/LWAL/CDL+ERH/H:2/COM:2,TOTAL,16.0,1279088.0,319772.0,0.0,4264.0,1598860.0,3178.0,0.0,266.0,300.0
TJK,Tajikistan,COM,MR|MCF,MR/LWAL/CDL+ERH/H:2/COM:3,TOTAL,53.0,5229188.0,1307297.0,0.0,17431.0,6536487.0,12992.0,0.0,329.0,300.0
TJK,Tajikistan,COM,MR|MCF,MR/LWAL/CDL+ERH/H:2/COM:3A,TOTAL,12.0,2436818.0,609205.0,0.0,8123.0,3046023.0,6054.0,0.0,677.0,300.0
TJK,Tajikistan,COM,MR|MCF,MR/LWAL/CDL+ERH/H:2/COM:5,TOTAL,12.0,1393080.0,348271.0,0.0,4644.0,1741349.0,3461.0,0.0,387.0,300.0
TJK,Tajikistan,COM,MR|MCF,MR/LWAL/CDL+ERH/H:2/COM:5A,TOTAL,6.0,192479.0,48120.0,0.0,642.0,240598.0,478.0,0.0,107.0,300.0
TJK,Tajikistan,COM,MR|MCF,MR/LWAL/CDL+ERH/H:2/COM:5B,TOTAL,1.0,60886.0,15222.0,0.0,203.0,76108.0,151.0,0.0,203.0,300.0
TJK,Tajikistan,IND,MR|MCF,MR/LWAL/CDL+ERH/H:2/IND:2,TOTAL,22.0,1999388.0,666464.0,0.0,6665.0,2665848.0,4632.0,0.0,303.0,300.0
TJK,Tajikistan,COM,MR|MCF,MR/LWAL/CDL+ERH/H:3/COM:1,TOTAL,15.0,2463444.0,615859.0,0.0,8211.0,3079303.0,6123.0,0.0,547.0,300.0
TJK,Tajikistan,COM,MR|MCF,MR/LWAL/CDL+ERH/H:3/COM:2,TOTAL,3.0,826199.0,206549.0,0.0,2754.0,1032751.0,2054.0,0.0,918.0,300.0
TJK,Tajikistan,COM,MR|MCF,MR/LWAL/CDL+ERH/H:3/COM:3,TOTAL,35.0,13212924.0,3303231.0,0.0,44043.0,16516142.0,32843.0,0.0,1258.0,300.0
TJK,Tajikistan,COM,MR|MCF,MR/LWAL/CDL+ERH/H:3/COM:3A,TOTAL,10.0,2447047.0,611761.0,0.0,8157.0,3058806.0,6082.0,0.0,816.0,300.0
TJK,Tajikistan,COM,MR|MCF,MR/LWAL/CDL+ERH/H:3/COM:3B,TOTAL,1.0,162280.0,40570.0,0.0,541.0,202850.0,403.0,0.0,541.0,300.0
TJK,Tajikistan,IND,MR|MCF,MR/LWAL/CDL+ERH/H:>2/IND:2,TOTAL,22.0,3007130.0,1002376.0,0.0,10024.0,4009505.0,6971.0,0.0,456.0,300.0
TJK,Tajikistan,IND,MR|MCF,MR/LWAL/CDL+ERH/H:>2/IND:3,TOTAL,1.0,283181.0,94394.0,0.0,944.0,377575.0,656.0,0.0,944.0,300.0
TJK,Tajikistan,COM,MR|MCF,MR/LWAL/CDL+ERL/H:1/COM:1,TOTAL,178.0,2430643.0,607662.0,0.0,8102.0,3038308.0,6036.0,0.0,46.0,300.0
TJK,Tajikistan,COM,MR|MCF,MR/LWAL/CDL+ERL/H:1/COM:2,TOTAL,187.0,6095414.0,1523847.0,0.0,20318.0,7619263.0,15136.0,0.0,109.0,300.0
TJK,Tajikistan,COM,MR|MCF,MR/LWAL/CDL+ERL/H:1/COM:3,TOTAL,306.0,9319456.0,2329850.0,0.0,31065.0,11649340.0,23143.0,0.0,102.0,300.0
TJK,Tajikistan,COM,MR|MCF,MR/LWAL/CDL+ERL/H:1/COM:3A,TOTAL,96.0,1999386.0,499845.0,0.0,6665.0,2499230.0,4965.0,0.0,69.0,300.0
TJK,Tajikistan,COM,MR|MCF,MR/LWAL/CDL+ERL/H:1/COM:3B,TOTAL,4.0,99718.0,24929.0,0.0,332.0,124647.0,248.0,0.0,83.0,300.0
TJK,Tajikistan,COM,MR|MCF,MR/LWAL/CDL+ERL/H:1/COM:3C,TOTAL,6.0,182639.0,45659.0,0.0,609.0,228300.0,454.0,0.0,102.0,300.0
TJK,Tajikistan,COM,MR|MCF,MR/LWAL/CDL+ERL/H:1/COM:5,TOTAL,39.0,633092.0,158272.0,0.0,2110.0,791364.0,1572.0,0.0,54.0,300.0
TJK,Tajikistan,COM,MR|MCF,MR/LWAL/CDL+ERL/H:1/COM:5A,TOTAL,29.0,396102.0,99025.0,0.0,1320.0,495128.0,984.0,0.0,46.0,300.0
TJK,Tajikistan,COM,MR|MCF,MR/LWAL/CDL+ERL/H:1/COM:5B,TOTAL,3.0,120931.0,30233.0,0.0,403.0,151163.0,300.0,0.0,134.0,300.0
TJK,Tajikistan,IND,MR|MCF,MR/LWAL/CDL+ERL/H:1/IND:1,TOTAL,32.0,4841865.0,1613953.0,0.0,16140.0,6455818.0,11212.0,0.0,504.0,300.0
TJK,Tajikistan,IND,MR|MCF,MR/LWAL/CDL+ERL/H:1/IND:2,TOTAL,114.0,5142882.0,1714306.0,0.0,17143.0,6857187.0,11909.0,0.0,150.0,300.0
TJK,Tajikistan,IND,MR|MCF,MR/LWAL/CDL+ERL/H:1/IND:3,TOTAL,4.0,361371.0,120457.0,0.0,1205.0,481829.0,837.0,0.0,301.0,300.0
TJK,Tajikistan,IND,MR|MCF,MR/LWAL/CDL+ERL/H:1/IND:4,TOTAL,80.0,7182446.0,2394141.0,0.0,23941.0,9576599.0,16632.0,0.0,299.0,300.0
TJK,Tajikistan,IND,MR|MCF,MR/LWAL/CDL+ERL/H:1/IND:6,TOTAL,132.0,5942602.0,1980874.0,0.0,19809.0,7923474.0,13761.0,0.0,150.0,300.0
TJK,Tajikistan,COM,MR|MCF,MR/LWAL/CDL+ERL/H:2/COM:1,TOTAL,61.0,1904161.0,476042.0,0.0,6347.0,2380201.0,4731.0,0.0,104.0,300.0
TJK,Tajikistan,COM,MR|MCF,MR/LWAL/CDL+ERL/H:2/COM:2,TOTAL,44.0,3575214.0,893803.0,0.0,11917.0,4469015.0,8882.0,0.0,271.0,300.0
TJK,Tajikistan,COM,MR|MCF,MR/LWAL/CDL+ERL/H:2/COM:3,TOTAL,121.0,10822866.0,2705717.0,0.0,36076.0,13528585.0,26889.0,0.0,298.0,300.0
TJK,Tajikistan,COM,MR|MCF,MR/LWAL/CDL+ERL/H:2/COM:3A,TOTAL,32.0,4854831.0,1213707.0,0.0,16183.0,6068541.0,12061.0,0.0,506.0,300.0
TJK,Tajikistan,COM,MR|MCF,MR/LWAL/CDL+ERL/H:2/COM:3B,TOTAL,1.0,27428.0,6857.0,0.0,91.0,34285.0,68.0,0.0,91.0,301.0
TJK,Tajikistan,COM,MR|MCF,MR/LWAL/CDL+ERL/H:2/COM:3C,TOTAL,3.0,181562.0,45391.0,0.0,605.0,226952.0,451.0,0.0,202.0,300.0
TJK,Tajikistan,COM,MR|MCF,MR/LWAL/CDL+ERL/H:2/COM:5,TOTAL,19.0,1328495.0,332123.0,0.0,4428.0,1660615.0,3301.0,0.0,233.0,300.0
TJK,Tajikistan,COM,MR|MCF,MR/LWAL/CDL+ERL/H:2/COM:5A,TOTAL,8.0,244334.0,61083.0,0.0,814.0,305417.0,607.0,0.0,102.0,300.0
TJK,Tajikistan,COM,MR|MCF,MR/LWAL/CDL+ERL/H:2/COM:5B,TOTAL,1.0,485333.0,121333.0,0.0,1618.0,606666.0,1206.0,0.0,1618.0,300.0
TJK,Tajikistan,IND,MR|MCF,MR/LWAL/CDL+ERL/H:2/IND:2,TOTAL,39.0,3551143.0,1183713.0,0.0,11837.0,4734860.0,8227.0,0.0,304.0,300.0
TJK,Tajikistan,IND,MR|MCF,MR/LWAL/CDL+ERL/H:2/IND:3,TOTAL,2.0,362184.0,120728.0,0.0,1207.0,482911.0,839.0,0.0,604.0,300.0
TJK,Tajikistan,COM,MR|MCF,MR/LWAL/CDL+ERL/H:3/COM:1,TOTAL,30.0,4881288.0,1220318.0,0.0,16271.0,6101603.0,12133.0,0.0,542.0,300.0
TJK,Tajikistan,COM,MR|MCF,MR/LWAL/CDL+ERL/H:3/COM:2,TOTAL,5.0,1353532.0,338382.0,0.0,4512.0,1691914.0,3364.0,0.0,902.0,300.0
TJK,Tajikistan,COM,MR|MCF,MR/LWAL/CDL+ERL/H:3/COM:3,TOTAL,47.0,17442862.0,4360719.0,0.0,58143.0,21803576.0,43357.0,0.0,1237.0,300.0
TJK,Tajikistan,COM,MR|MCF,MR/LWAL/CDL+ERL/H:3/COM:3A,TOTAL,17.0,4973365.0,1243343.0,0.0,16578.0,6216706.0,12362.0,0.0,975.0,300.0
TJK,Tajikistan,COM,MR|MCF,MR/LWAL/CDL+ERL/H:3/COM:5A,TOTAL,1.0,162518.0,40630.0,0.0,542.0,203148.0,404.0,0.0,542.0,300.0
TJK,Tajikistan,COM,MR|MCF,MR/LWAL/CDL+ERL/H:3/COM:5B,TOTAL,1.0,361152.0,90288.0,0.0,1204.0,451440.0,898.0,0.0,1204.0,300.0
TJK,Tajikistan,IND,MR|MCF,MR/LWAL/CDL+ERL/H:>2/IND:2,TOTAL,39.0,5303026.0,1767676.0,0.0,17677.0,7070698.0,12293.0,0.0,453.0,300.0
TJK,Tajikistan,IND,MR|MCF,MR/LWAL/CDL+ERL/H:>2/IND:3,TOTAL,2.0,562545.0,187515.0,0.0,1875.0,750060.0,1304.0,0.0,938.0,300.0
TJK,Tajikistan,COM,MR|MCF,MR/LWAL/CDL+ERM/H:1/COM:1,TOTAL,136.0,1903101.0,475779.0,0.0,6344.0,2378878.0,4726.0,0.0,47.0,300.0
TJK,Tajikistan,COM,MR|MCF,MR/LWAL/CDL+ERM/H:1/COM:2,TOTAL,154.0,4813848.0,1203462.0,0.0,16046.0,6017308.0,11954.0,0.0,104.0,300.0
TJK,Tajikistan,COM,MR|MCF,MR/LWAL/CDL+ERM/H:1/COM:3,TOTAL,249.0,7591094.0,1897770.0,0.0,25304.0,9488868.0,18850.0,0.0,102.0,300.0
TJK,Tajikistan,COM,MR|MCF,MR/LWAL/CDL+ERM/H:1/COM:3A,TOTAL,72.0,1418156.0,354538.0,0.0,4727.0,1772694.0,3522.0,0.0,66.0,300.0
TJK,Tajikistan,COM,MR|MCF,MR/LWAL/CDL+ERM/H:1/COM:3B,TOTAL,4.0,76905.0,19227.0,0.0,256.0,96133.0,191.0,0.0,64.0,300.0
TJK,Tajikistan,COM,MR|MCF,MR/LWAL/CDL+ERM/H:1/COM:3C,TOTAL,7.0,213855.0,53465.0,0.0,713.0,267321.0,531.0,0.0,102.0,300.0
TJK,Tajikistan,COM,MR|MCF,MR/LWAL/CDL+ERM/H:1/COM:5,TOTAL,41.0,717557.0,179389.0,0.0,2392.0,896950.0,1782.0,0.0,58.0,300.0
TJK,Tajikistan,COM,MR|MCF,MR/LWAL/CDL+ERM/H:1/COM:5A,TOTAL,21.0,285644.0,71411.0,0.0,952.0,357055.0,709.0,0.0,45.0,300.0
TJK,Tajikistan,COM,MR|MCF,MR/LWAL/CDL+ERM/H:1/COM:5B,TOTAL,9.0,422487.0,105622.0,0.0,1408.0,528108.0,1049.0,0.0,156.0,300.0
TJK,Tajikistan,IND,MR|MCF,MR/LWAL/CDL+ERM/H:1/IND:1,TOTAL,30.0,4528223.0,1509408.0,0.0,15094.0,6037632.0,10486.0,0.0,503.0,300.0
TJK,Tajikistan,IND,MR|MCF,MR/LWAL/CDL+ERM/H:1/IND:2,TOTAL,92.0,4121864.0,1373958.0,0.0,13740.0,5495819.0,9545.0,0.0,149.0,300.0
TJK,Tajikistan,IND,MR|MCF,MR/LWAL/CDL+ERM/H:1/IND:3,TOTAL,1.0,90678.0,30226.0,0.0,302.0,120904.0,210.0,0.0,302.0,300.0
TJK,Tajikistan,IND,MR|MCF,MR/LWAL/CDL+ERM/H:1/IND:4,TOTAL,89.0,7973882.0,2657963.0,0.0,26580.0,10631839.0,18464.0,0.0,299.0,300.0
TJK,Tajikistan,IND,MR|MCF,MR/LWAL/CDL+ERM/H:1/IND:6,TOTAL,125.0,5604287.0,1868099.0,0.0,18681.0,7472383.0,12977.0,0.0,149.0,300.0
TJK,Tajikistan,COM,MR|MCF,MR/LWAL/CDL+ERM/H:2/COM:1,TOTAL,79.0,3129501.0,782376.0,0.0,10432.0,3911872.0,7775.0,0.0,132.0,300.0
TJK,Tajikistan,COM,MR|MCF,MR/LWAL/CDL+ERM/H:2/COM:2,TOTAL,57.0,5482310.0,1370577.0,0.0,18274.0,6852891.0,13620.0,0.0,321.0,300.0
TJK,Tajikistan,COM,MR|MCF,MR/LWAL/CDL+ERM/H:2/COM:3,TOTAL,153.0,13182900.0,3295721.0,0.0,43943.0,16478632.0,32752.0,0.0,287.0,300.0
TJK,Tajikistan,COM,MR|MCF,MR/LWAL/CDL+ERM/H:2/COM:3A,TOTAL,49.0,5564455.0,1391113.0,0.0,18548.0,6955565.0,13824.0,0.0,379.0,300.0
TJK,Tajikistan,COM,MR|MCF,MR/LWAL/CDL+ERM/H:2/COM:3B,TOTAL,2.0,54094.0,13523.0,0.0,180.0,67617.0,134.0,0.0,90.0,301.0
TJK,Tajikistan,COM,MR|MCF,MR/LWAL/CDL+ERM/H:2/COM:3C,TOTAL,1.0,60104.0,15026.0,0.0,200.0,75130.0,149.0,0.0,200.0,301.0
TJK,Tajikistan,COM,MR|MCF,MR/LWAL/CDL+ERM/H:2/COM:5,TOTAL,14.0,569829.0,142457.0,0.0,1899.0,712285.0,1416.0,0.0,136.0,300.0
TJK,Tajikistan,COM,MR|MCF,MR/LWAL/CDL+ERM/H:2/COM:5A,TOTAL,15.0,623269.0,155817.0,0.0,2078.0,779085.0,1548.0,0.0,139.0,300.0
TJK,Tajikistan,COM,MR|MCF,MR/LWAL/CDL+ERM/H:2/COM:5B,TOTAL,4.0,722164.0,180541.0,0.0,2407.0,902705.0,1794.0,0.0,602.0,300.0
TJK,Tajikistan,IND,MR|MCF,MR/LWAL/CDL+ERM/H:2/IND:2,TOTAL,46.0,4158300.0,1386098.0,0.0,13861.0,5544399.0,9634.0,0.0,301.0,300.0
TJK,Tajikistan,IND,MR|MCF,MR/LWAL/CDL+ERM/H:2/IND:3,TOTAL,2.0,360626.0,120208.0,0.0,1202.0,480836.0,836.0,0.0,601.0,300.0
TJK,Tajikistan,COM,MR|MCF,MR/LWAL/CDL+ERM/H:3/COM:1,TOTAL,24.0,4175228.0,1043804.0,0.0,13917.0,5219031.0,10378.0,0.0,580.0,300.0
TJK,Tajikistan,COM,MR|MCF,MR/LWAL/CDL+ERM/H:3/COM:2,TOTAL,17.0,4597991.0,1149498.0,0.0,15327.0,5747490.0,11429.0,0.0,902.0,300.0
TJK,Tajikistan,COM,MR|MCF,MR/LWAL/CDL+ERM/H:3/COM:3,TOTAL,71.0,26071206.0,6517808.0,0.0,86904.0,32589014.0,64804.0,0.0,1224.0,300.0
TJK,Tajikistan,COM,MR|MCF,MR/LWAL/CDL+ERM/H:3/COM:3A,TOTAL,13.0,3738379.0,934593.0,0.0,12461.0,4672972.0,9292.0,0.0,959.0,300.0
TJK,Tajikistan,COM,MR|MCF,MR/LWAL/CDL+ERM/H:3/COM:3C,TOTAL,1.0,360626.0,90157.0,0.0,1202.0,450783.0,896.0,0.0,1202.0,300.0
TJK,Tajikistan,COM,MR|MCF,MR/LWAL/CDL+ERM/H:3/COM:5,TOTAL,5.0,811410.0,202851.0,0.0,2705.0,1014261.0,2017.0,0.0,541.0,300.0
TJK,Tajikistan,COM,MR|MCF,MR/LWAL/CDL+ERM/H:3/COM:5A,TOTAL,3.0,486846.0,121711.0,0.0,1623.0,608557.0,1210.0,0.0,541.0,300.0
TJK,Tajikistan,COM,MR|MCF,MR/LWAL/CDL+ERM/H:3/COM:5B,TOTAL,1.0,360626.0,90157.0,0.0,1202.0,450783.0,896.0,0.0,1202.0,300.0
TJK,Tajikistan,IND,MR|MCF,MR/LWAL/CDL+ERM/H:>2/IND:2,TOTAL,42.0,5693995.0,1897992.0,0.0,18980.0,7591984.0,13199.0,0.0,452.0,300.0
TJK,Tajikistan,IND,MR|MCF,MR/LWAL/CDL+ERM/H:>2/IND:3,TOTAL,3.0,813883.0,271295.0,0.0,2713.0,1085176.0,1887.0,0.0,904.0,300.0
TJK,Tajikistan,COM,MR|MCF,MR/LWAL/CDN+ERL/H:1/COM:1,TOTAL,144.0,2039345.0,509836.0,0.0,6798.0,2549183.0,5064.0,0.0,47.0,300.0
TJK,Tajikistan,COM,MR|MCF,MR/LWAL/CDN+ERL/H:1/COM:2,TOTAL,135.0,4351872.0,1087960.0,0.0,14506.0,5439837.0,10807.0,0.0,107.0,300.0
TJK,Tajikistan,COM,MR|MCF,MR/LWAL/CDN+ERL/H:1/COM:3,TOTAL,312.0,9504962.0,2376239.0,0.0,31683.0,11881205.0,23603.0,0.0,102.0,300.0
TJK,Tajikistan,COM,MR|MCF,MR/LWAL/CDN+ERL/H:1/COM:3A,TOTAL,54.0,1112647.0,278161.0,0.0,3709.0,1390810.0,2763.0,0.0,69.0,300.0
TJK,Tajikistan,COM,MR|MCF,MR/LWAL/CDN+ERL/H:1/COM:3B,TOTAL,1.0,13647.0,3412.0,0.0,45.0,17059.0,34.0,0.0,45.0,303.0
TJK,Tajikistan,COM,MR|MCF,MR/LWAL/CDN+ERL/H:1/COM:3C,TOTAL,4.0,121080.0,30270.0,0.0,404.0,151351.0,301.0,0.0,101.0,300.0
TJK,Tajikistan,COM,MR|MCF,MR/LWAL/CDN+ERL/H:1/COM:5,TOTAL,45.0,750476.0,187620.0,0.0,2502.0,938097.0,1864.0,0.0,56.0,300.0
TJK,Tajikistan,COM,MR|MCF,MR/LWAL/CDN+ERL/H:1/COM:5A,TOTAL,28.0,404043.0,101011.0,0.0,1347.0,505053.0,1003.0,0.0,48.0,300.0
TJK,Tajikistan,COM,MR|MCF,MR/LWAL/CDN+ERL/H:1/COM:5B,TOTAL,8.0,303524.0,75881.0,0.0,1012.0,379405.0,754.0,0.0,126.0,300.0
TJK,Tajikistan,IND,MR|MCF,MR/LWAL/CDN+ERL/H:1/IND:1,TOTAL,38.0,5753173.0,1917721.0,0.0,19177.0,7670894.0,13322.0,0.0,505.0,300.0
TJK,Tajikistan,IND,MR|MCF,MR/LWAL/CDN+ERL/H:1/IND:2,TOTAL,111.0,5006071.0,1668693.0,0.0,16687.0,6674764.0,11592.0,0.0,150.0,300.0
TJK,Tajikistan,IND,MR|MCF,MR/LWAL/CDN+ERL/H:1/IND:3,TOTAL,3.0,274558.0,91519.0,0.0,915.0,366077.0,636.0,0.0,305.0,300.0
TJK,Tajikistan,IND,MR|MCF,MR/LWAL/CDN+ERL/H:1/IND:4,TOTAL,77.0,6970285.0,2323429.0,0.0,23234.0,9293713.0,16140.0,0.0,302.0,300.0
TJK,Tajikistan,IND,MR|MCF,MR/LWAL/CDN+ERL/H:1/IND:6,TOTAL,129.0,5802459.0,1934153.0,0.0,19342.0,7736614.0,13436.0,0.0,150.0,300.0
TJK,Tajikistan,COM,MR|MCF,MR/LWAL/CDN+ERL/H:2/COM:1,TOTAL,79.0,2868618.0,717155.0,0.0,9562.0,3585772.0,7127.0,0.0,121.0,300.0
TJK,Tajikistan,COM,MR|MCF,MR/LWAL/CDN+ERL/H:2/COM:2,TOTAL,79.0,8756313.0,2189082.0,0.0,29188.0,10945395.0,21754.0,0.0,369.0,300.0
TJK,Tajikistan,COM,MR|MCF,MR/LWAL/CDN+ERL/H:2/COM:3,TOTAL,169.0,15709481.0,3927367.0,0.0,52365.0,19636850.0,39029.0,0.0,310.0,300.0
TJK,Tajikistan,COM,MR|MCF,MR/LWAL/CDN+ERL/H:2/COM:3A,TOTAL,54.0,6857989.0,1714498.0,0.0,22860.0,8572486.0,17038.0,0.0,423.0,300.0
TJK,Tajikistan,COM,MR|MCF,MR/LWAL/CDN+ERL/H:2/COM:3B,TOTAL,3.0,81141.0,20285.0,0.0,270.0,101426.0,202.0,0.0,90.0,301.0
TJK,Tajikistan,COM,MR|MCF,MR/LWAL/CDN+ERL/H:2/COM:3C,TOTAL,2.0,183138.0,45784.0,0.0,610.0,228923.0,455.0,0.0,305.0,300.0
TJK,Tajikistan,COM,MR|MCF,MR/LWAL/CDN+ERL/H:2/COM:5,TOTAL,22.0,1870383.0,467595.0,0.0,6235.0,2337977.0,4647.0,0.0,283.0,300.0
TJK,Tajikistan,COM,MR|MCF,MR/LWAL/CDN+ERL/H:2/COM:5A,TOTAL,8.0,351667.0,87917.0,0.0,1172.0,439583.0,874.0,0.0,146.0,300.0
TJK,Tajikistan,COM,MR|MCF,MR/LWAL/CDN+ERL/H:2/COM:5B,TOTAL,3.0,1082753.0,270688.0,0.0,3609.0,1353441.0,2690.0,0.0,1203.0,300.0
TJK,Tajikistan,IND,MR|MCF,MR/LWAL/CDN+ERL/H:2/IND:2,TOTAL,49.0,4448299.0,1482766.0,0.0,14828.0,5931066.0,10306.0,0.0,303.0,300.0
TJK,Tajikistan,IND,MR|MCF,MR/LWAL/CDN+ERL/H:2/IND:3,TOTAL,1.0,180000.0,60000.0,0.0,600.0,240000.0,417.0,0.0,600.0,300.0
TJK,Tajikistan,COM,MR|MCF,MR/LWAL/CDN+ERL/H:3/COM:1,TOTAL,48.0,7820462.0,1955115.0,0.0,26068.0,9775576.0,19439.0,0.0,543.0,300.0
TJK,Tajikistan,COM,MR|MCF,MR/LWAL/CDN+ERL/H:3/COM:2,TOTAL,26.0,7039698.0,1759924.0,0.0,23466.0,8799626.0,17498.0,0.0,903.0,300.0
TJK,Tajikistan,COM,MR|MCF,MR/LWAL/CDN+ERL/H:3/COM:3,TOTAL,94.0,34479823.0,8619960.0,0.0,114933.0,43099774.0,85704.0,0.0,1223.0,300.0
TJK,Tajikistan,COM,MR|MCF,MR/LWAL/CDN+ERL/H:3/COM:3A,TOTAL,34.0,8812223.0,2203057.0,0.0,29374.0,11015279.0,21904.0,0.0,864.0,300.0
TJK,Tajikistan,COM,MR|MCF,MR/LWAL/CDN+ERL/H:3/COM:3B,TOTAL,1.0,162282.0,40570.0,0.0,541.0,202852.0,403.0,0.0,541.0,300.0
TJK,Tajikistan,COM,MR|MCF,MR/LWAL/CDN+ERL/H:3/COM:5,TOTAL,8.0,1571441.0,392860.0,0.0,5238.0,1964300.0,3906.0,0.0,655.0,300.0
TJK,Tajikistan,COM,MR|MCF,MR/LWAL/CDN+ERL/H:3/COM:5A,TOTAL,3.0,486846.0,121711.0,0.0,1623.0,608557.0,1210.0,0.0,541.0,300.0
TJK,Tajikistan,RES,MR|MCF,MR/LWAL/CDN+ERL/H:3/RES:2,RURAL,127.0,20329674.0,3587594.0,6462.0,81319.0,23917268.0,45397.0,1151.0,640.0,250.0
TJK,Tajikistan,RES,MR|MCF,MR/LWAL/CDN+ERL/H:4/RES:2,RURAL,5.0,894461.0,157846.0,283.0,3578.0,1052307.0,1998.0,53.0,716.0,250.0
TJK,Tajikistan,RES,MR|MCF,MR/LWAL/CDN+ERL/H:4/RES:2,URBAN,391.0,212699328.0,37535236.0,53624.0,708998.0,250234468.0,395992.0,12910.0,1813.0,300.0
TJK,Tajikistan,RES,MR|MCF,MR/LWAL/CDN+ERL/H:5/RES:2,URBAN,32.0,23119324.0,4079890.0,5677.0,77064.0,27199192.0,43062.0,1346.0,2408.0,300.0
TJK,Tajikistan,IND,MR|MCF,MR/LWAL/CDN+ERL/H:>2/IND:2,TOTAL,50.0,6790172.0,2263389.0,0.0,22634.0,9053555.0,15740.0,0.0,453.0,300.0
TJK,Tajikistan,IND,MR|MCF,MR/LWAL/CDN+ERL/H:>2/IND:3,TOTAL,2.0,542390.0,180797.0,0.0,1808.0,723186.0,1257.0,0.0,904.0,300.0
TJK,Tajikistan,RES,MR|MCF,MR/LWAL/CDN+ERL/H:>5/RES:2,URBAN,9.0,5913149.0,1043499.0,1459.0,19710.0,6956642.0,11019.0,355.0,2190.0,300.0
TJK,Tajikistan,COM,ADO|ST|E,MUR+ADO/LWAL/CDN+ERN/H:1/COM:1,TOTAL,1780.0,8147437.0,2715804.0,0.0,81474.0,10863245.0,7589.0,0.0,46.0,100.0
TJK,Tajikistan,COM,ADO|ST|E,MUR+ADO/LWAL/CDN+ERN/H:1/COM:2,TOTAL,1867.0,19253607.0,6417869.0,0.0,192536.0,25671486.0,17933.0,0.0,103.0,100.0
TJK,Tajikistan,COM,ADO|ST|E,MUR+ADO/LWAL/CDN+ERN/H:1/COM:3,TOTAL,3686.0,37365010.0,12455010.0,0.0,373650.0,49820058.0,34803.0,0.0,101.0,100.0
TJK,Tajikistan,COM,ADO|ST|E,MUR+ADO/LWAL/CDN+ERN/H:1/COM:3A,TOTAL,969.0,6816894.0,2272303.0,0.0,68169.0,9089201.0,6350.0,0.0,70.0,100.0
TJK,Tajikistan,COM,ADO|ST|E,MUR+ADO/LWAL/CDN+ERN/H:1/COM:3B,TOTAL,58.0,270218.0,90072.0,0.0,2702.0,360295.0,252.0,0.0,47.0,100.0
TJK,Tajikistan,COM,ADO|ST|E,MUR+ADO/LWAL/CDN+ERN/H:1/COM:3C,TOTAL,105.0,1062823.0,354277.0,0.0,10628.0,1417098.0,990.0,0.0,101.0,100.0
TJK,Tajikistan,COM,ADO|ST|E,MUR+ADO/LWAL/CDN+ERN/H:1/COM:5,TOTAL,599.0,3314516.0,1104836.0,0.0,33145.0,4419363.0,3088.0,0.0,55.0,100.0
TJK,Tajikistan,COM,ADO|ST|E,MUR+ADO/LWAL/CDN+ERN/H:1/COM:5A,TOTAL,316.0,1437382.0,479125.0,0.0,14374.0,1916520.0,1339.0,0.0,45.0,100.0
TJK,Tajikistan,COM,ADO|ST|E,MUR+ADO/LWAL/CDN+ERN/H:1/COM:5B,TOTAL,147.0,1664861.0,554950.0,0.0,16649.0,2219814.0,1551.0,0.0,113.0,100.0
TJK,Tajikistan,IND,ADO|ST|E,MUR+ADO/LWAL/CDN+ERN/H:1/IND:2,TOTAL,6.0,90348.0,48649.0,0.0,903.0,138996.0,74.0,0.0,150.0,100.0
TJK,Tajikistan,RES,ADO|ST|E,MUR+ADO/LWAL/CDN+ERN/H:1/RES:1,URBAN,83935.0,659105325.0,116313770.0,517750.0,6591051.0,775418616.0,439153.0,87879.0,79.0,100.0
TJK,Tajikistan,RES,ADO|ST|E,MUR+ADO/LWAL/CDN+ERN/H:1/RES:1,RURAL,49172.0,417520766.0,73682439.0,331695.0,4175169.0,491195619.0,278230.0,50752.0,85.0,100.0
TJK,Tajikistan,RES,ADO|ST|E,MUR+ADO/LWAL/CDN+ERN/H:1/RES:2,URBAN,814.0,111973211.0,19759996.0,87164.0,1119732.0,131733133.0,74600.0,20374.0,1376.0,100.0
TJK,Tajikistan,RES,ADO|ST|E,MUR+ADO/LWAL/CDN+ERN/H:1/RES:2,RURAL,37.0,3035341.0,535643.0,2405.0,30354.0,3570988.0,2022.0,408.0,820.0,100.0
TJK,Tajikistan,IND,ADO|ST|E,MUR+ADO/LWAL/CDN+ERN/H:2/IND:2,TOTAL,8.0,241452.0,130012.0,0.0,2415.0,371464.0,199.0,0.0,302.0,100.0
TJK,Tajikistan,IND,ADO|ST|E,MUR+ADO/LWAL/CDN+ERN/H:>2/IND:2,TOTAL,7.0,316863.0,170619.0,0.0,3169.0,487483.0,262.0,0.0,453.0,100.0
TJK,Tajikistan,COM,MUR,MUR+CBS/LWAL/CDN+ERN/H:1/COM:1,TOTAL,254.0,2328237.0,582056.0,0.0,11641.0,2910302.0,7810.0,0.0,46.0,200.0
TJK,Tajikistan,COM,MUR,MUR+CBS/LWAL/CDN+ERN/H:1/COM:2,TOTAL,281.0,6132227.0,1533056.0,0.0,30661.0,7665268.0,20571.0,0.0,109.0,200.0
TJK,Tajikistan,COM,MUR,MUR+CBS/LWAL/CDN+ERN/H:1/COM:3,TOTAL,457.0,9296609.0,2324150.0,0.0,46483.0,11620737.0,31186.0,0.0,102.0,200.0
TJK,Tajikistan,COM,MUR,MUR+CBS/LWAL/CDN+ERN/H:1/COM:3A,TOTAL,137.0,1888167.0,472047.0,0.0,9441.0,2360207.0,6334.0,0.0,69.0,200.0
TJK,Tajikistan,COM,MUR,MUR+CBS/LWAL/CDN+ERN/H:1/COM:3B,TOTAL,2.0,18018.0,4505.0,0.0,90.0,22523.0,60.0,0.0,45.0,200.0
TJK,Tajikistan,COM,MUR,MUR+CBS/LWAL/CDN+ERN/H:1/COM:3C,TOTAL,11.0,222577.0,55643.0,0.0,1113.0,278220.0,747.0,0.0,101.0,200.0
TJK,Tajikistan,COM,MUR,MUR+CBS/LWAL/CDN+ERN/H:1/COM:5,TOTAL,81.0,954763.0,238693.0,0.0,4774.0,1193463.0,3203.0,0.0,59.0,200.0
TJK,Tajikistan,COM,MUR,MUR+CBS/LWAL/CDN+ERN/H:1/COM:5A,TOTAL,46.0,410961.0,102741.0,0.0,2055.0,513705.0,1379.0,0.0,45.0,200.0
TJK,Tajikistan,COM,MUR,MUR+CBS/LWAL/CDN+ERN/H:1/COM:5B,TOTAL,7.0,180874.0,45217.0,0.0,904.0,226091.0,607.0,0.0,129.0,200.0
TJK,Tajikistan,IND,MUR,MUR+CBS/LWAL/CDN+ERN/H:1/IND:1,TOTAL,12.0,1208885.0,402959.0,0.0,6044.0,1611844.0,3771.0,0.0,504.0,200.0
TJK,Tajikistan,IND,MUR,MUR+CBS/LWAL/CDN+ERN/H:1/IND:2,TOTAL,96.0,2881928.0,960646.0,0.0,14410.0,3842570.0,8991.0,0.0,150.0,200.0
TJK,Tajikistan,IND,MUR,MUR+CBS/LWAL/CDN+ERN/H:1/IND:3,TOTAL,7.0,424827.0,141609.0,0.0,2124.0,566435.0,1325.0,0.0,303.0,200.0
TJK,Tajikistan,IND,MUR,MUR+CBS/LWAL/CDN+ERN/H:1/IND:4,TOTAL,107.0,6418211.0,2139407.0,0.0,32091.0,8557621.0,20023.0,0.0,300.0,200.0
TJK,Tajikistan,IND,MUR,MUR+CBS/LWAL/CDN+ERN/H:1/IND:6,TOTAL,164.0,4932966.0,1644324.0,0.0,24665.0,6577285.0,15390.0,0.0,150.0,200.0
TJK,Tajikistan,RES,MUR,MUR+CBS/LWAL/CDN+ERN/H:1/RES:1,URBAN,3123.0,50559213.0,8921989.0,19946.0,252796.0,59481166.0,127617.0,3291.0,81.0,200.0
TJK,Tajikistan,RES,MUR,MUR+CBS/LWAL/CDN+ERN/H:1/RES:1,RURAL,14091.0,213153704.0,37615055.0,96490.0,1218026.0,250770088.0,614882.0,14478.0,86.0,175.0
TJK,Tajikistan,COM,MUR,MUR+CBS/LWAL/CDN+ERN/H:2/COM:1,TOTAL,131.0,2698569.0,674643.0,0.0,13493.0,3373210.0,9059.0,0.0,103.0,200.0
TJK,Tajikistan,COM,MUR,MUR+CBS/LWAL/CDN+ERN/H:2/COM:2,TOTAL,118.0,6836097.0,1709024.0,0.0,34180.0,8545122.0,22947.0,0.0,290.0,200.0
TJK,Tajikistan,COM,MUR,MUR+CBS/LWAL/CDN+ERN/H:2/COM:3,TOTAL,243.0,15618791.0,3904685.0,0.0,78094.0,19523481.0,52428.0,0.0,321.0,200.0
TJK,Tajikistan,COM,MUR,MUR+CBS/LWAL/CDN+ERN/H:2/COM:3A,TOTAL,62.0,5207765.0,1301942.0,0.0,26039.0,6509709.0,17481.0,0.0,420.0,200.0
TJK,Tajikistan,COM,MUR,MUR+CBS/LWAL/CDN+ERN/H:2/COM:3B,TOTAL,2.0,54094.0,13523.0,0.0,270.0,67617.0,182.0,0.0,135.0,200.0
TJK,Tajikistan,COM,MUR,MUR+CBS/LWAL/CDN+ERN/H:2/COM:3C,TOTAL,5.0,281076.0,70269.0,0.0,1405.0,351345.0,944.0,0.0,281.0,200.0
TJK,Tajikistan,COM,MUR,MUR+CBS/LWAL/CDN+ERN/H:2/COM:5,TOTAL,35.0,2724723.0,681179.0,0.0,13624.0,3405901.0,9146.0,0.0,389.0,200.0
TJK,Tajikistan,COM,MUR,MUR+CBS/LWAL/CDN+ERN/H:2/COM:5A,TOTAL,15.0,361882.0,90470.0,0.0,1809.0,452353.0,1215.0,0.0,121.0,200.0
TJK,Tajikistan,COM,MUR,MUR+CBS/LWAL/CDN+ERN/H:2/COM:5B,TOTAL,5.0,240477.0,60119.0,0.0,1202.0,300596.0,807.0,0.0,240.0,200.0
TJK,Tajikistan,IND,MUR,MUR+CBS/LWAL/CDN+ERN/H:2/IND:2,TOTAL,51.0,3032366.0,1010790.0,0.0,15162.0,4043153.0,9467.0,0.0,297.0,200.0
TJK,Tajikistan,IND,MUR,MUR+CBS/LWAL/CDN+ERN/H:2/IND:3,TOTAL,5.0,600629.0,200209.0,0.0,3003.0,800841.0,1875.0,0.0,601.0,200.0
TJK,Tajikistan,RES,MUR,MUR+CBS/LWAL/CDN+ERN/H:2/RES:1,RURAL,5937.0,89765242.0,15840592.0,40682.0,512946.0,105606597.0,259111.0,6097.0,86.0,175.0
TJK,Tajikistan,RES,MUR,MUR+CBS/LWAL/CDN+ERN/H:2/RES:1,URBAN,2439.0,41265083.0,7281867.0,15841.0,206325.0,48546981.0,104223.0,2650.0,85.0,200.0
TJK,Tajikistan,COM,MUR,MUR+CBS/LWAL/CDN+ERN/H:3/COM:1,TOTAL,66.0,7166007.0,1791504.0,0.0,35830.0,8957515.0,24071.0,0.0,543.0,200.0
TJK,Tajikistan,COM,MUR,MUR+CBS/LWAL/CDN+ERN/H:3/COM:2,TOTAL,24.0,4328632.0,1082159.0,0.0,21643.0,5410791.0,14540.0,0.0,902.0,200.0
TJK,Tajikistan,COM,MUR,MUR+CBS/LWAL/CDN+ERN/H:3/COM:3,TOTAL,132.0,32511377.0,8127833.0,0.0,162557.0,40639213.0,109205.0,0.0,1231.0,200.0
TJK,Tajikistan,COM,MUR,MUR+CBS/LWAL/CDN+ERN/H:3/COM:3A,TOTAL,36.0,6503271.0,1625818.0,0.0,32516.0,8129090.0,21844.0,0.0,903.0,200.0
TJK,Tajikistan,COM,MUR,MUR+CBS/LWAL/CDN+ERN/H:3/COM:3C,TOTAL,1.0,240418.0,60104.0,0.0,1202.0,300522.0,808.0,0.0,1202.0,200.0
TJK,Tajikistan,COM,MUR,MUR+CBS/LWAL/CDN+ERN/H:3/COM:5,TOTAL,2.0,216376.0,54094.0,0.0,1082.0,270470.0,727.0,0.0,541.0,200.0
TJK,Tajikistan,COM,MUR,MUR+CBS/LWAL/CDN+ERN/H:3/COM:5A,TOTAL,3.0,329649.0,82412.0,0.0,1648.0,412061.0,1107.0,0.0,549.0,200.0
TJK,Tajikistan,COM,MUR,MUR+CBS/LWAL/CDN+ERN/H:3/COM:5B,TOTAL,3.0,721253.0,180313.0,0.0,3606.0,901566.0,2423.0,0.0,1202.0,200.0
TJK,Tajikistan,RES,MUR,MUR+CBS/LWAL/CDN+ERN/H:3/RES:1,RURAL,3464.0,51742079.0,9130763.0,23395.0,295671.0,60873332.0,149451.0,3575.0,85.0,175.0
TJK,Tajikistan,RES,MUR,MUR+CBS/LWAL/CDN+ERN/H:3/RES:1,URBAN,3938.0,67460488.0,11904613.0,25560.0,337302.0,79365012.0,170490.0,4334.0,86.0,200.0
TJK,Tajikistan,IND,MUR,MUR+CBS/LWAL/CDN+ERN/H:>2/IND:2,TOTAL,45.0,4076772.0,1358923.0,0.0,20384.0,5435689.0,12737.0,0.0,453.0,200.0
TJK,Tajikistan,IND,MUR,MUR+CBS/LWAL/CDN+ERN/H:>2/IND:3,TOTAL,4.0,722217.0,240739.0,0.0,3611.0,962957.0,2256.0,0.0,903.0,200.0
TJK,Tajikistan,COM,MUR,MUR+CLBRS/LWAL/CDN+ERN/H:1/COM:1,TOTAL,191.0,1749993.0,437503.0,0.0,8750.0,2187499.0,6459.0,0.0,46.0,200.0
TJK,Tajikistan,COM,MUR,MUR+CLBRS/LWAL/CDN+ERN/H:1/COM:2,TOTAL,221.0,4810265.0,1202568.0,0.0,24051.0,6012822.0,17755.0,0.0,109.0,200.0
TJK,Tajikistan,COM,MUR,MUR+CLBRS/LWAL/CDN+ERN/H:1/COM:3,TOTAL,340.0,6934982.0,1733743.0,0.0,34675.0,8668715.0,25597.0,0.0,102.0,200.0
TJK,Tajikistan,COM,MUR,MUR+CLBRS/LWAL/CDN+ERN/H:1/COM:3A,TOTAL,108.0,1548793.0,387200.0,0.0,7744.0,1935992.0,5717.0,0.0,72.0,200.0
TJK,Tajikistan,COM,MUR,MUR+CLBRS/LWAL/CDN+ERN/H:1/COM:3B,TOTAL,2.0,33280.0,8320.0,0.0,166.0,41601.0,123.0,0.0,83.0,200.0
TJK,Tajikistan,COM,MUR,MUR+CLBRS/LWAL/CDN+ERN/H:1/COM:3C,TOTAL,4.0,80582.0,20146.0,0.0,403.0,100728.0,297.0,0.0,101.0,200.0
TJK,Tajikistan,COM,MUR,MUR+CLBRS/LWAL/CDN+ERN/H:1/COM:5,TOTAL,53.0,714579.0,178646.0,0.0,3573.0,893225.0,2638.0,0.0,67.0,200.0
TJK,Tajikistan,COM,MUR,MUR+CLBRS/LWAL/CDN+ERN/H:1/COM:5A,TOTAL,23.0,208847.0,52214.0,0.0,1044.0,261062.0,771.0,0.0,45.0,200.0
TJK,Tajikistan,COM,MUR,MUR+CLBRS/LWAL/CDN+ERN/H:1/COM:5B,TOTAL,12.0,281019.0,70257.0,0.0,1405.0,351274.0,1037.0,0.0,117.0,200.0
TJK,Tajikistan,IND,MUR,MUR+CLBRS/LWAL/CDN+ERN/H:1/IND:1,TOTAL,14.0,1411309.0,470436.0,0.0,7057.0,1881745.0,4810.0,0.0,504.0,200.0
TJK,Tajikistan,IND,MUR,MUR+CLBRS/LWAL/CDN+ERN/H:1/IND:2,TOTAL,96.0,2877657.0,959217.0,0.0,14388.0,3836879.0,9808.0,0.0,150.0,200.0
TJK,Tajikistan,IND,MUR,MUR+CLBRS/LWAL/CDN+ERN/H:1/IND:3,TOTAL,2.0,120592.0,40198.0,0.0,603.0,160789.0,411.0,0.0,302.0,200.0
TJK,Tajikistan,IND,MUR,MUR+CLBRS/LWAL/CDN+ERN/H:1/IND:4,TOTAL,114.0,6853458.0,2284483.0,0.0,34267.0,9137941.0,23359.0,0.0,301.0,200.0
TJK,Tajikistan,IND,MUR,MUR+CLBRS/LWAL/CDN+ERN/H:1/IND:6,TOTAL,169.0,5081952.0,1693989.0,0.0,25410.0,6775926.0,17321.0,0.0,150.0,200.0
TJK,Tajikistan,RES,MUR,MUR+CLBRS/LWAL/CDN+ERN/H:1/RES:1,URBAN,5042.0,81052926.0,14303056.0,31913.0,405265.0,95355904.0,221799.0,5312.0,80.0,200.0
TJK,Tajikistan,RES,MUR,MUR+CLBRS/LWAL/CDN+ERN/H:1/RES:1,RURAL,78776.0,1201255989.0,211986099.0,545726.0,6864337.0,1413250136.0,3756710.0,80546.0,87.0,175.0
TJK,Tajikistan,COM,MUR,MUR+CLBRS/LWAL/CDN+ERN/H:2/COM:1,TOTAL,102.0,2572671.0,643166.0,0.0,12863.0,3215837.0,9500.0,0.0,126.0,200.0
TJK,Tajikistan,COM,MUR,MUR+CLBRS/LWAL/CDN+ERN/H:2/COM:2,TOTAL,71.0,6147074.0,1536768.0,0.0,30735.0,7683840.0,22699.0,0.0,433.0,200.0
TJK,Tajikistan,COM,MUR,MUR+CLBRS/LWAL/CDN+ERN/H:2/COM:3,TOTAL,174.0,9642463.0,2410616.0,0.0,48212.0,12053082.0,35607.0,0.0,277.0,200.0
TJK,Tajikistan,COM,MUR,MUR+CLBRS/LWAL/CDN+ERN/H:2/COM:3A,TOTAL,69.0,5876341.0,1469086.0,0.0,29382.0,7345421.0,21700.0,0.0,426.0,200.0
TJK,Tajikistan,COM,MUR,MUR+CLBRS/LWAL/CDN+ERN/H:2/COM:3B,TOTAL,2.0,36910.0,9228.0,0.0,185.0,46137.0,136.0,0.0,92.0,200.0
TJK,Tajikistan,COM,MUR,MUR+CLBRS/LWAL/CDN+ERN/H:2/COM:3C,TOTAL,4.0,200836.0,50208.0,0.0,1004.0,251044.0,742.0,0.0,251.0,200.0
TJK,Tajikistan,COM,MUR,MUR+CLBRS/LWAL/CDN+ERN/H:2/COM:5,TOTAL,30.0,1739224.0,434805.0,0.0,8696.0,2174025.0,6422.0,0.0,290.0,200.0
TJK,Tajikistan,COM,MUR,MUR+CLBRS/LWAL/CDN+ERN/H:2/COM:5A,TOTAL,14.0,343569.0,85892.0,0.0,1718.0,429461.0,1269.0,0.0,123.0,200.0
TJK,Tajikistan,COM,MUR,MUR+CLBRS/LWAL/CDN+ERN/H:2/COM:5B,TOTAL,4.0,482641.0,120661.0,0.0,2413.0,603302.0,1782.0,0.0,603.0,200.0
TJK,Tajikistan,IND,MUR,MUR+CLBRS/LWAL/CDN+ERN/H:2/IND:2,TOTAL,40.0,2411543.0,803849.0,0.0,12058.0,3215385.0,8224.0,0.0,301.0,200.0
TJK,Tajikistan,IND,MUR,MUR+CLBRS/LWAL/CDN+ERN/H:2/IND:3,TOTAL,1.0,122220.0,40740.0,0.0,611.0,162960.0,417.0,0.0,611.0,200.0
TJK,Tajikistan,RES,MUR,MUR+CLBRS/LWAL/CDN+ERN/H:2/RES:1,URBAN,4152.0,69933707.0,12340940.0,26848.0,349668.0,82274449.0,191456.0,4512.0,84.0,200.0
TJK,Tajikistan,RES,MUR,MUR+CLBRS/LWAL/CDN+ERN/H:2/RES:1,RURAL,32854.0,501186967.0,88443711.0,228083.0,2863935.0,589636306.0,1568091.0,33571.0,87.0,175.0
TJK,Tajikistan,COM,MUR,MUR+CLBRS/LWAL/CDN+ERN/H:3/COM:1,TOTAL,37.0,4388455.0,1097114.0,0.0,21942.0,5485572.0,16213.0,0.0,593.0,200.0
TJK,Tajikistan,COM,MUR,MUR+CLBRS/LWAL/CDN+ERN/H:3/COM:2,TOTAL,16.0,2885009.0,721252.0,0.0,14425.0,3606264.0,10659.0,0.0,902.0,200.0
TJK,Tajikistan,COM,MUR,MUR+CLBRS/LWAL/CDN+ERN/H:3/COM:3,TOTAL,86.0,21107449.0,5276857.0,0.0,105537.0,26384306.0,77981.0,0.0,1227.0,200.0
TJK,Tajikistan,COM,MUR,MUR+CLBRS/LWAL/CDN+ERN/H:3/COM:3A,TOTAL,27.0,5115675.0,1278917.0,0.0,25578.0,6394594.0,18900.0,0.0,947.0,200.0
TJK,Tajikistan,COM,MUR,MUR+CLBRS/LWAL/CDN+ERN/H:3/COM:3B,TOTAL,3.0,324564.0,81141.0,0.0,1623.0,405705.0,1199.0,0.0,541.0,200.0
TJK,Tajikistan,COM,MUR,MUR+CLBRS/LWAL/CDN+ERN/H:3/COM:3C,TOTAL,2.0,480836.0,120208.0,0.0,2404.0,601044.0,1776.0,0.0,1202.0,200.0
TJK,Tajikistan,COM,MUR,MUR+CLBRS/LWAL/CDN+ERN/H:3/COM:5,TOTAL,6.0,829441.0,207360.0,0.0,4147.0,1036801.0,3064.0,0.0,691.0,200.0
TJK,Tajikistan,COM,MUR,MUR+CLBRS/LWAL/CDN+ERN/H:3/COM:5A,TOTAL,2.0,216376.0,54094.0,0.0,1082.0,270470.0,799.0,0.0,541.0,200.0
TJK,Tajikistan,COM,MUR,MUR+CLBRS/LWAL/CDN+ERN/H:3/COM:5B,TOTAL,1.0,240418.0,60104.0,0.0,1202.0,300522.0,888.0,0.0,1202.0,200.0
TJK,Tajikistan,RES,MUR,MUR+CLBRS/LWAL/CDN+ERN/H:3/RES:1,URBAN,7117.0,120783445.0,21314435.0,45864.0,603916.0,142097902.0,330809.0,7813.0,85.0,200.0
TJK,Tajikistan,RES,MUR,MUR+CLBRS/LWAL/CDN+ERN/H:3/RES:1,RURAL,16909.0,255203944.0,45035384.0,115802.0,1458315.0,300241733.0,798836.0,17377.0,86.0,175.0
TJK,Tajikistan,IND,MUR,MUR+CLBRS/LWAL/CDN+ERN/H:>2/IND:2,TOTAL,53.0,4798319.0,1599435.0,0.0,23992.0,6397752.0,16371.0,0.0,453.0,200.0
TJK,Tajikistan,IND,MUR,MUR+CLBRS/LWAL/CDN+ERN/H:>2/IND:3,TOTAL,3.0,551760.0,183919.0,0.0,2759.0,735680.0,1883.0,0.0,920.0,200.0
TJK,Tajikistan,COM,ADO|ST|E,MUR+ST/LWAL/CDN+ERN/H:1/COM:1,TOTAL,51.0,508668.0,169557.0,0.0,2543.0,678225.0,852.0,0.0,50.0,200.0
TJK,Tajikistan,COM,ADO|ST|E,MUR+ST/LWAL/CDN+ERN/H:1/COM:2,TOTAL,41.0,827758.0,275919.0,0.0,4139.0,1103677.0,1386.0,0.0,101.0,200.0
TJK,Tajikistan,COM,ADO|ST|E,MUR+ST/LWAL/CDN+ERN/H:1/COM:3,TOTAL,70.0,1454295.0,484760.0,0.0,7271.0,1939057.0,2436.0,0.0,104.0,200.0
TJK,Tajikistan,COM,ADO|ST|E,MUR+ST/LWAL/CDN+ERN/H:1/COM:3A,TOTAL,28.0,481390.0,160465.0,0.0,2407.0,641855.0,806.0,0.0,86.0,200.0
TJK,Tajikistan,COM,ADO|ST|E,MUR+ST/LWAL/CDN+ERN/H:1/COM:3B,TOTAL,1.0,9016.0,3005.0,0.0,45.0,12021.0,15.0,0.0,45.0,200.0
TJK,Tajikistan,COM,ADO|ST|E,MUR+ST/LWAL/CDN+ERN/H:1/COM:5,TOTAL,22.0,291318.0,97105.0,0.0,1457.0,388424.0,488.0,0.0,66.0,200.0
TJK,Tajikistan,COM,ADO|ST|E,MUR+ST/LWAL/CDN+ERN/H:1/COM:5A,TOTAL,6.0,54538.0,18180.0,0.0,273.0,72718.0,91.0,0.0,46.0,200.0
TJK,Tajikistan,COM,ADO|ST|E,MUR+ST/LWAL/CDN+ERN/H:1/COM:5B,TOTAL,5.0,143537.0,47846.0,0.0,718.0,191382.0,240.0,0.0,144.0,200.0
TJK,Tajikistan,IND,ADO|ST|E,MUR+ST/LWAL/CDN+ERN/H:1/IND:2,TOTAL,7.0,213805.0,115126.0,0.0,1069.0,328933.0,346.0,0.0,153.0,200.0
TJK,Tajikistan,RES,ADO|ST|E,MUR+ST/LWAL/CDN+ERN/H:1/RES:1,URBAN,826.0,10997254.0,1940614.0,4487.0,54986.0,12937876.0,14361.0,856.0,67.0,200.0
TJK,Tajikistan,RES,ADO|ST|E,MUR+ST/LWAL/CDN+ERN/H:1/RES:1,RURAL,15746.0,239094559.0,42192954.0,107036.0,1366259.0,281287918.0,356830.0,16094.0,87.0,175.0
TJK,Tajikistan,COM,ADO|ST|E,MUR+ST/LWAL/CDN+ERN/H:2/COM:1,TOTAL,38.0,741384.0,247127.0,0.0,3707.0,988514.0,1243.0,0.0,98.0,200.0
TJK,Tajikistan,COM,ADO|ST|E,MUR+ST/LWAL/CDN+ERN/H:2/COM:2,TOTAL,29.0,1525236.0,508414.0,0.0,7626.0,2033647.0,2557.0,0.0,263.0,200.0
TJK,Tajikistan,COM,ADO|ST|E,MUR+ST/LWAL/CDN+ERN/H:2/COM:3,TOTAL,79.0,5215484.0,1738499.0,0.0,26077.0,6953968.0,8745.0,0.0,330.0,200.0
TJK,Tajikistan,COM,ADO|ST|E,MUR+ST/LWAL/CDN+ERN/H:2/COM:3A,TOTAL,14.0,1303144.0,434381.0,0.0,6516.0,1737524.0,2185.0,0.0,465.0,200.0
TJK,Tajikistan,COM,ADO|ST|E,MUR+ST/LWAL/CDN+ERN/H:2/COM:3B,TOTAL,1.0,18031.0,6010.0,0.0,90.0,24042.0,30.0,0.0,90.0,200.0
TJK,Tajikistan,COM,ADO|ST|E,MUR+ST/LWAL/CDN+ERN/H:2/COM:5,TOTAL,12.0,1264948.0,421649.0,0.0,6325.0,1686598.0,2121.0,0.0,527.0,200.0
TJK,Tajikistan,COM,ADO|ST|E,MUR+ST/LWAL/CDN+ERN/H:2/COM:5A,TOTAL,4.0,108490.0,36163.0,0.0,542.0,144653.0,182.0,0.0,136.0,200.0
TJK,Tajikistan,COM,ADO|ST|E,MUR+ST/LWAL/CDN+ERN/H:2/COM:5B,TOTAL,2.0,80140.0,26714.0,0.0,401.0,106852.0,134.0,0.0,200.0,200.0
TJK,Tajikistan,IND,ADO|ST|E,MUR+ST/LWAL/CDN+ERN/H:2/IND:2,TOTAL,3.0,183460.0,98786.0,0.0,917.0,282246.0,297.0,0.0,306.0,200.0
TJK,Tajikistan,RES,ADO|ST|E,MUR+ST/LWAL/CDN+ERN/H:2/RES:1,URBAN,1243.0,15400189.0,2717620.0,6378.0,77001.0,18117808.0,20132.0,1284.0,62.0,200.0
TJK,Tajikistan,RES,ADO|ST|E,MUR+ST/LWAL/CDN+ERN/H:2/RES:1,RURAL,2050.0,30477449.0,5378309.0,13736.0,174158.0,35855847.0,45536.0,2119.0,85.0,175.0
TJK,Tajikistan,RES,ADO|ST|E,MUR+ST/LWAL/CDN+ERN/H:2/RES:2,URBAN,233.0,39073385.0,6895339.0,15669.0,195367.0,45968694.0,51076.0,4011.0,838.0,200.0
TJK,Tajikistan,RES,ADO|ST|E,MUR+ST/LWAL/CDN+ERN/H:2/RES:2,RURAL,48.0,3601541.0,635576.0,1638.0,20580.0,4237111.0,5380.0,279.0,429.0,175.0
TJK,Tajikistan,RES,ADO|ST|E,MUR+ST/LWAL/CDN+ERN/H:3/RES:1,URBAN,2910.0,34906775.0,6159947.0,14537.0,174534.0,41066722.0,45678.0,2986.0,60.0,200.0
TJK,Tajikistan,RES,ADO|ST|E,MUR+ST/LWAL/CDN+ERN/H:3/RES:1,RURAL,1087.0,15798271.0,2787958.0,7124.0,90277.0,18586241.0,23629.0,1135.0,83.0,175.0
TJK,Tajikistan,RES,ADO|ST|E,MUR+ST/LWAL/CDN+ERN/H:3/RES:2,URBAN,251.0,36480166.0,6437701.0,14725.0,182401.0,42917848.0,47736.0,3722.0,727.0,200.0
TJK,Tajikistan,RES,ADO|ST|E,MUR+ST/LWAL/CDN+ERN/H:3/RES:2,RURAL,11.0,1528818.0,269793.0,692.0,8736.0,1798611.0,2286.0,120.0,794.0,175.0
TJK,Tajikistan,IND,ADO|ST|E,MUR+ST/LWAL/CDN+ERN/H:>2/IND:2,TOTAL,1.0,90640.0,48806.0,0.0,453.0,139446.0,147.0,0.0,453.0,200.0
TJK,Tajikistan,IND,S,S/LFM/CDH+ERH/H:1/IND:1,TOTAL,4.0,915498.0,305167.0,0.0,2034.0,1220664.0,789.0,0.0,508.0,450.0
TJK,Tajikistan,IND,S,S/LFM/CDH+ERH/H:1/IND:2,TOTAL,1.0,70795.0,23598.0,0.0,157.0,94394.0,61.0,0.0,157.0,451.0
TJK,Tajikistan,IND,S,S/LFM/CDH+ERH/H:1/IND:4,TOTAL,1.0,135470.0,45157.0,0.0,301.0,180626.0,117.0,0.0,301.0,450.0
TJK,Tajikistan,IND,S,S/LFM/CDH+ERH/H:1/IND:6,TOTAL,3.0,203207.0,67735.0,0.0,452.0,270943.0,175.0,0.0,151.0,450.0
TJK,Tajikistan,IND,S,S/LFM/CDH+ERH/H:2/IND:2,TOTAL,2.0,274425.0,91475.0,0.0,610.0,365901.0,237.0,0.0,305.0,450.0
TJK,Tajikistan,IND,S,S/LFM/CDH+ERL/H:1/IND:2,TOTAL,1.0,67717.0,22572.0,0.0,150.0,90289.0,58.0,0.0,150.0,451.0
TJK,Tajikistan,IND,S,S/LFM/CDH+ERM/H:1/IND:1,TOTAL,1.0,225180.0,75060.0,0.0,500.0,300240.0,194.0,0.0,500.0,450.0
TJK,Tajikistan,IND,S,S/LFM/CDH+ERM/H:1/IND:2,TOTAL,2.0,135384.0,45128.0,0.0,301.0,180512.0,117.0,0.0,150.0,450.0
TJK,Tajikistan,IND,S,S/LFM/CDH+ERM/H:1/IND:6,TOTAL,2.0,135747.0,45249.0,0.0,302.0,180998.0,117.0,0.0,151.0,449.0
TJK,Tajikistan,IND,S,S/LFM/CDH+ERM/H:2/IND:2,TOTAL,1.0,136218.0,45406.0,0.0,303.0,181624.0,118.0,0.0,303.0,450.0
TJK,Tajikistan,IND,S,S/LFM/CDH+ERM/H:>2/IND:2,TOTAL,2.0,407243.0,135747.0,0.0,905.0,542992.0,351.0,0.0,452.0,450.0
TJK,Tajikistan,IND,S,S/LFM/CDL+ERH/H:1/IND:1,TOTAL,47.0,10476339.0,3492117.0,0.0,23281.0,13968453.0,9032.0,0.0,495.0,450.0
TJK,Tajikistan,IND,S,S/LFM/CDL+ERH/H:1/IND:2,TOTAL,46.0,3076464.0,1025483.0,0.0,6837.0,4101948.0,2652.0,0.0,149.0,450.0
TJK,Tajikistan,IND,S,S/LFM/CDL+ERH/H:1/IND:3,TOTAL,3.0,413425.0,137808.0,0.0,919.0,551233.0,356.0,0.0,306.0,450.0
TJK,Tajikistan,IND,S,S/LFM/CDL+ERH/H:1/IND:4,TOTAL,64.0,8592368.0,2864120.0,0.0,19094.0,11456491.0,7408.0,0.0,298.0,450.0
TJK,Tajikistan,IND,S,S/LFM/CDL+ERH/H:1/IND:6,TOTAL,70.0,4713385.0,1571123.0,0.0,10474.0,6284511.0,4064.0,0.0,150.0,450.0
TJK,Tajikistan,IND,S,S/LFM/CDL+ERH/H:2/IND:2,TOTAL,13.0,1783951.0,594650.0,0.0,3964.0,2378604.0,1539.0,0.0,305.0,450.0
TJK,Tajikistan,RES,S,S/LFM/CDL+ERH/H:3/RES:2,URBAN,15.0,18625020.0,4656255.0,3021.0,41389.0,23281275.0,13811.0,716.0,2759.0,450.0
TJK,Tajikistan,RES,S,S/LFM/CDL+ERH/H:4/RES:2,URBAN,7.0,8691676.0,2172919.0,1410.0,19315.0,10864595.0,6448.0,334.0,2759.0,450.0
TJK,Tajikistan,RES,S,S/LFM/CDL+ERH/H:5/RES:2,URBAN,1.0,1241668.0,310417.0,201.0,2759.0,1552085.0,922.0,48.0,2759.0,450.0
TJK,Tajikistan,IND,S,S/LFM/CDL+ERH/H:>2/IND:2,TOTAL,25.0,5110868.0,1703620.0,0.0,11357.0,6814486.0,4411.0,0.0,454.0,450.0
TJK,Tajikistan,IND,S,S/LFM/CDL+ERL/H:1/IND:1,TOTAL,118.0,26595266.0,8865092.0,0.0,59101.0,35460360.0,22928.0,0.0,501.0,450.0
TJK,Tajikistan,IND,S,S/LFM/CDL+ERL/H:1/IND:2,TOTAL,94.0,6347905.0,2115956.0,0.0,14106.0,8463881.0,5473.0,0.0,150.0,450.0
TJK,Tajikistan,IND,S,S/LFM/CDL+ERL/H:1/IND:3,TOTAL,5.0,683075.0,227691.0,0.0,1518.0,910765.0,589.0,0.0,304.0,450.0
TJK,Tajikistan,IND,S,S/LFM/CDL+ERL/H:1/IND:4,TOTAL,103.0,13907984.0,4635996.0,0.0,30907.0,18543971.0,11990.0,0.0,300.0,450.0
TJK,Tajikistan,IND,S,S/LFM/CDL+ERL/H:1/IND:6,TOTAL,156.0,10514585.0,3504855.0,0.0,23366.0,14019450.0,9065.0,0.0,150.0,450.0
TJK,Tajikistan,IND,S,S/LFM/CDL+ERL/H:2/IND:2,TOTAL,34.0,4654361.0,1551452.0,0.0,10343.0,6205815.0,4015.0,0.0,304.0,450.0
TJK,Tajikistan,IND,S,S/LFM/CDL+ERL/H:2/IND:3,TOTAL,2.0,547685.0,182561.0,0.0,1217.0,730246.0,472.0,0.0,608.0,450.0
TJK,Tajikistan,RES,S,S/LFM/CDL+ERL/H:3/RES:2,URBAN,8.0,7103085.0,1775771.0,1182.0,15785.0,8878856.0,5267.0,277.0,1973.0,450.0
TJK,Tajikistan,RES,S,S/LFM/CDL+ERL/H:4/RES:2,URBAN,3.0,2350452.0,587613.0,397.0,5223.0,2938065.0,1744.0,90.0,1741.0,450.0
TJK,Tajikistan,RES,S,S/LFM/CDL+ERL/H:5/RES:2,URBAN,2.0,2483336.0,620834.0,403.0,5519.0,3104170.0,1843.0,95.0,2760.0,450.0
TJK,Tajikistan,IND,S,S/LFM/CDL+ERL/H:>2/IND:2,TOTAL,24.0,4905184.0,1635061.0,0.0,10900.0,6540249.0,4234.0,0.0,454.0,450.0
TJK,Tajikistan,IND,S,S/LFM/CDL+ERL/H:>2/IND:3,TOTAL,5.0,2036004.0,678668.0,0.0,4524.0,2714672.0,1757.0,0.0,905.0,450.0
TJK,Tajikistan,RES,S,S/LFM/CDL+ERL/H:>5/RES:2,URBAN,1.0,1241668.0,310417.0,201.0,2759.0,1552085.0,922.0,48.0,2759.0,450.0
TJK,Tajikistan,IND,S,S/LFM/CDL+ERM/H:1/IND:1,TOTAL,97.0,21716539.0,7238850.0,0.0,48259.0,28955391.0,18722.0,0.0,498.0,450.0
TJK,Tajikistan,IND,S,S/LFM/CDL+ERM/H:1/IND:2,TOTAL,87.0,5843052.0,1947680.0,0.0,12985.0,7790742.0,5037.0,0.0,149.0,450.0
TJK,Tajikistan,IND,S,S/LFM/CDL+ERM/H:1/IND:3,TOTAL,3.0,407282.0,135760.0,0.0,905.0,543042.0,351.0,0.0,302.0,450.0
TJK,Tajikistan,IND,S,S/LFM/CDL+ERM/H:1/IND:4,TOTAL,93.0,12621845.0,4207284.0,0.0,28049.0,16829122.0,10881.0,0.0,302.0,450.0
TJK,Tajikistan,IND,S,S/LFM/CDL+ERM/H:1/IND:6,TOTAL,149.0,10043236.0,3347743.0,0.0,22318.0,13390985.0,8658.0,0.0,150.0,450.0
TJK,Tajikistan,IND,S,S/LFM/CDL+ERM/H:2/IND:2,TOTAL,45.0,6106594.0,2035524.0,0.0,13570.0,8142117.0,5268.0,0.0,302.0,450.0
TJK,Tajikistan,IND,S,S/LFM/CDL+ERM/H:2/IND:3,TOTAL,4.0,1082354.0,360785.0,0.0,2405.0,1443139.0,934.0,0.0,601.0,450.0
TJK,Tajikistan,RES,S,S/LFM/CDL+ERM/H:3/RES:2,URBAN,2.0,946474.0,236618.0,167.0,2103.0,1183092.0,702.0,46.0,1052.0,450.0
TJK,Tajikistan,IND,S,S/LFM/CDL+ERM/H:>2/IND:2,TOTAL,33.0,6708615.0,2236202.0,0.0,14908.0,8944829.0,5790.0,0.0,452.0,450.0
TJK,Tajikistan,IND,S,S/LFM/CDL+ERM/H:>2/IND:3,TOTAL,5.0,2031939.0,677313.0,0.0,4515.0,2709251.0,1754.0,0.0,903.0,450.0
TJK,Tajikistan,IND,S,S/LFM/CDN+ERL/H:1/IND:1,TOTAL,119.0,26759537.0,8919851.0,0.0,59466.0,35679390.0,23069.0,0.0,500.0,450.0
TJK,Tajikistan,IND,S,S/LFM/CDN+ERL/H:1/IND:2,TOTAL,97.0,6546582.0,2182185.0,0.0,14548.0,8728778.0,5644.0,0.0,150.0,450.0
TJK,Tajikistan,IND,S,S/LFM/CDN+ERL/H:1/IND:3,TOTAL,1.0,135960.0,45320.0,0.0,302.0,181280.0,117.0,0.0,302.0,450.0
TJK,Tajikistan,IND,S,S/LFM/CDN+ERL/H:1/IND:4,TOTAL,105.0,14154911.0,4718300.0,0.0,31455.0,18873209.0,12203.0,0.0,300.0,450.0
TJK,Tajikistan,IND,S,S/LFM/CDN+ERL/H:1/IND:6,TOTAL,156.0,10534325.0,3511437.0,0.0,23410.0,14045768.0,9082.0,0.0,150.0,450.0
TJK,Tajikistan,IND,S,S/LFM/CDN+ERL/H:2/IND:2,TOTAL,37.0,5043956.0,1681314.0,0.0,11209.0,6725269.0,4351.0,0.0,303.0,450.0
TJK,Tajikistan,IND,S,S/LFM/CDN+ERL/H:2/IND:3,TOTAL,3.0,810940.0,270313.0,0.0,1802.0,1081253.0,700.0,0.0,601.0,450.0
TJK,Tajikistan,RES,S,S/LFM/CDN+ERL/H:3/RES:2,URBAN,12.0,9926772.0,2481693.0,1663.0,22059.0,12408465.0,7361.0,389.0,1838.0,450.0
TJK,Tajikistan,RES,S,S/LFM/CDN+ERL/H:4/RES:2,URBAN,2.0,1796060.0,449015.0,299.0,3991.0,2245075.0,1332.0,69.0,1996.0,450.0
TJK,Tajikistan,RES,S,S/LFM/CDN+ERL/H:5/RES:2,URBAN,1.0,554392.0,138598.0,98.0,1232.0,692990.0,411.0,21.0,1232.0,450.0
TJK,Tajikistan,IND,S,S/LFM/CDN+ERL/H:>2/IND:2,TOTAL,49.0,9969531.0,3323173.0,0.0,22155.0,13292717.0,8605.0,0.0,452.0,450.0
TJK,Tajikistan,IND,S,S/LFM/CDN+ERL/H:>2/IND:3,TOTAL,3.0,1216919.0,405640.0,0.0,2704.0,1622559.0,1050.0,0.0,901.0,450.0
TJK,Tajikistan,RES,W,W/LWAL/CDL+ERH/H:1/RES:1,URBAN,19.0,499677.0,124918.0,129.0,1666.0,624592.0,199.0,21.0,88.0,300.0
TJK,Tajikistan,RES,W,W/LWAL/CDL+ERH/H:1/RES:1,RURAL,277.0,4854327.0,1213502.0,1903.0,24272.0,6067937.0,2894.0,283.0,88.0,200.0
TJK,Tajikistan,RES,W,W/LWAL/CDL+ERH/H:2/RES:1,RURAL,58.0,1004770.0,251171.0,395.0,5024.0,1255948.0,599.0,59.0,87.0,200.0
TJK,Tajikistan,RES,W,W/LWAL/CDL+ERH/H:2/RES:1,URBAN,33.0,886129.0,221523.0,222.0,2954.0,1107649.0,352.0,38.0,90.0,300.0
TJK,Tajikistan,RES,W,W/LWAL/CDL+ERH/H:2/RES:2,RURAL,1.0,101290.0,25322.0,40.0,506.0,126612.0,60.0,9.0,506.0,200.0
TJK,Tajikistan,RES,W,W/LWAL/CDL+ERH/H:2/RES:2,URBAN,1.0,827778.0,206945.0,201.0,2759.0,1034723.0,329.0,48.0,2759.0,300.0
TJK,Tajikistan,RES,W,W/LWAL/CDL+ERH/H:3/RES:1,RURAL,27.0,473691.0,118412.0,186.0,2368.0,592113.0,283.0,28.0,88.0,200.0
TJK,Tajikistan,RES,W,W/LWAL/CDL+ERH/H:3/RES:1,URBAN,68.0,1863849.0,465938.0,461.0,6213.0,2329785.0,742.0,78.0,91.0,300.0
TJK,Tajikistan,RES,W,W/LWAL/CDL+ERH/H:3/RES:2,URBAN,2.0,1655556.0,413890.0,403.0,5519.0,2069446.0,659.0,95.0,2760.0,300.0
TJK,Tajikistan,COM,W,W/LWAL/CDL+ERM/H:1/COM:1,TOTAL,2370.0,32695881.0,10898627.0,0.0,108986.0,43594523.0,23850.0,0.0,46.0,300.0
TJK,Tajikistan,COM,W,W/LWAL/CDL+ERM/H:1/COM:2,TOTAL,2571.0,79939180.0,26646373.0,0.0,266464.0,106585545.0,58310.0,0.0,104.0,300.0
TJK,Tajikistan,COM,W,W/LWAL/CDL+ERM/H:1/COM:3,TOTAL,5283.0,160746993.0,53582335.0,0.0,535823.0,214329260.0,117255.0,0.0,101.0,300.0
TJK,Tajikistan,COM,W,W/LWAL/CDL+ERM/H:1/COM:3A,TOTAL,1329.0,27876072.0,9292026.0,0.0,92920.0,37168107.0,20334.0,0.0,70.0,300.0
TJK,Tajikistan,COM,W,W/LWAL/CDL+ERM/H:1/COM:3B,TOTAL,112.0,1600545.0,533512.0,0.0,5335.0,2134059.0,1168.0,0.0,48.0,300.0
TJK,Tajikistan,COM,W,W/LWAL/CDL+ERM/H:1/COM:3C,TOTAL,150.0,4631985.0,1543990.0,0.0,15440.0,6175979.0,3379.0,0.0,103.0,300.0
TJK,Tajikistan,COM,W,W/LWAL/CDL+ERM/H:1/COM:5,TOTAL,889.0,14660004.0,4886670.0,0.0,48867.0,19546672.0,10694.0,0.0,55.0,300.0
TJK,Tajikistan,COM,W,W/LWAL/CDL+ERM/H:1/COM:5A,TOTAL,431.0,5834993.0,1944993.0,0.0,19450.0,7780000.0,4257.0,0.0,45.0,300.0
TJK,Tajikistan,COM,W,W/LWAL/CDL+ERM/H:1/COM:5B,TOTAL,200.0,7051337.0,2350447.0,0.0,23504.0,9401773.0,5144.0,0.0,118.0,300.0
TJK,Tajikistan,IND,W,W/LWAL/CDL+ERM/H:1/IND:2,TOTAL,182.0,8181567.0,4405470.0,0.0,27272.0,12587034.0,5336.0,0.0,150.0,300.0
TJK,Tajikistan,RES,W,W/LWAL/CDL+ERM/H:1/RES:1,URBAN,711.0,16291655.0,4072871.0,4319.0,54305.0,20364393.0,6476.0,741.0,76.0,300.0
TJK,Tajikistan,RES,W,W/LWAL/CDL+ERM/H:1/RES:1,RURAL,5496.0,90818396.0,22703636.0,35854.0,454093.0,113522292.0,54150.0,5737.0,83.0,200.0
TJK,Tajikistan,IND,W,W/LWAL/CDL+ERM/H:2/IND:2,TOTAL,93.0,8351796.0,4497126.0,0.0,27839.0,12848909.0,5450.0,0.0,299.0,300.0
TJK,Tajikistan,RES,W,W/LWAL/CDL+ERM/H:2/RES:1,RURAL,2279.0,37478237.0,9369051.0,14809.0,187391.0,46847300.0,22359.0,2384.0,82.0,200.0
TJK,Tajikistan,RES,W,W/LWAL/CDL+ERM/H:2/RES:1,URBAN,485.0,11177561.0,2794336.0,2938.0,37258.0,13971814.0,4446.0,510.0,77.0,300.0
TJK,Tajikistan,RES,W,W/LWAL/CDL+ERM/H:2/RES:2,RURAL,20.0,2218238.0,554559.0,890.0,11091.0,2772797.0,1323.0,145.0,555.0,200.0
TJK,Tajikistan,RES,W,W/LWAL/CDL+ERM/H:2/RES:2,URBAN,61.0,25955317.0,6488851.0,6753.0,86518.0,32444158.0,10320.0,1520.0,1418.0,300.0
TJK,Tajikistan,RES,W,W/LWAL/CDL+ERM/H:3/RES:1,URBAN,782.0,17730273.0,4432446.0,4630.0,59101.0,22162672.0,7055.0,822.0,76.0,300.0
TJK,Tajikistan,RES,W,W/LWAL/CDL+ERM/H:3/RES:1,RURAL,1847.0,30111444.0,7527534.0,11878.0,150557.0,37638986.0,17974.0,1940.0,82.0,200.0
TJK,Tajikistan,RES,W,W/LWAL/CDL+ERM/H:3/RES:2,RURAL,3.0,416934.0,104233.0,166.0,2085.0,521167.0,249.0,27.0,695.0,200.0
TJK,Tajikistan,RES,W,W/LWAL/CDL+ERM/H:3/RES:2,URBAN,32.0,15560061.0,3890021.0,3982.0,51867.0,19450071.0,6190.0,919.0,1621.0,300.0
TJK,Tajikistan,IND,W,W/LWAL/CDL+ERM/H:>2/IND:2,TOTAL,80.0,10736148.0,5781004.0,0.0,35787.0,16517141.0,7010.0,0.0,447.0,300.0
