ID_0,NAME_0,ID_1,NAME_1,SETTLEMENT,OCCUPANCY,TAXONOMY,BUILDINGS,TOTAL_REPL_COST_USD,COST_STRUCTURAL_USD,COST_NONSTRUCTURAL_USD,COST_CONTENTS_USD,TOTAL_AREA_SQM,OCCUPANTS_PER_ASSET,OCCUPANTS_PER_ASSET_DAY,OCCUPANTS_PER_ASSET_NIGHT,OCCUPANTS_PER_ASSET_TRANSIT
TCA,Turks and Caicos Islands,TCA,Turks and Caicos Islands,Total,Ind,CR+PCPS/LFM+CDM+DUM/HEX:1/IND,3.0,4318971.428571429,863794.2857142859,1079742.8571428573,2375434.2857142864,11487.272727272728,0.0,345.68,26.6,47.88
TCA,Turks and Caicos Islands,TCA,Turks and Caicos Islands,Total,Ind,CR/LFM+CDL+DUL/HEX:1/IND,104.0,2111497.1428571427,422299.4285714286,527874.2857142857,1161323.4285714286,1525.3333333333333,0.0,45.9,3.5300000000000002,6.359999999999999
TCA,Turks and Caicos Islands,TCA,Turks and Caicos Islands,Total,Ind,MCF/LWAL+CDL+DUL/HEX:1/IND,53.0,1076051.4285714286,376618.0,215210.28571428577,484223.14285714296,534.4166666666666,0.0,16.07,1.23,2.23
TCA,Turks and Caicos Islands,TCA,Turks and Caicos Islands,Total,Ind,MCF/LWAL+CDM+DUM/HEX:1/IND,27.0,9250489.285714287,3237671.25,1850097.8571428573,4162720.178571429,30071.25,0.0,904.9200000000001,69.63,125.34
TCA,Turks and Caicos Islands,TCA,Turks and Caicos Islands,Total,Ind,S+SL/LFM+CDL+DUL/HEX:1/IND,53.0,1076051.4285714286,215210.28571428574,322815.4285714286,538025.7142857143,863.7037037037037,0.0,25.98,2.01,3.61
TCA,Turks and Caicos Islands,TCA,Turks and Caicos Islands,Total,Ind,S+SR/LFINF+CDM+DUM/HEX:1/IND,13.0,18715542.85714286,3743108.571428572,5614662.857142857,9357771.42857143,8450.0,0.0,254.28,19.58,35.230000000000004
TCA,Turks and Caicos Islands,TCA,Turks and Caicos Islands,Total,Ind,S+SR/LFM+CDM+DUM/HEX:1/IND,13.0,18715542.85714286,3743108.571428572,5614662.857142857,9357771.42857143,55309.09090909091,0.0,1664.37,128.06,230.51000000000002
