ID_0,NAME_0,OCCUPANCY,BUILDINGS,COST_CONTENTS_USD,COST_NONSTRUCTURAL_USD,COST_STRUCTURAL_USD,DWELLINGS,OCCUPANTS_PER_ASSET,TOTAL_AREA_SQM,TOTAL_REPL_COST_USD,AVG_BUILDING_AREA_SQM,AVG_TOT_COST_PER_AREA_USD
TCA,Turks and Caicos Islands,Com,680.0,92616423.21904764,69270235.46666667,81252914.07619049,0.0,0.0,179484.0,243139572.76190478,263.9470588235294,1354.6587593429206
TCA,Turks and Caicos Islands,Ind,266.0,27437269.607142862,15225066.428571431,12601810.392857144,0.0,0.0,108241.06734006734,55264146.42857143,406.92130578972683,510.5654238880037
TCA,Turks and Caicos Islands,Res,11256.0,489479275.4835715,495875038.0126191,506419988.32761914,11803.0,34631.0,3620260.673055555,1491774301.8238096,321.6294130291005,412.06267629472364
