ID_0,NAME_0,OCCUPANCY,AREA_SQM,BUILDINGS,COST_CONTENTS_USD,COST_NONSTRUCTURAL_USD,COST_STRUCTURAL_USD,DWELLINGS,OCCUPANTS_PER_ASSET,TOTAL_REPL_COST_USD,ID_1,NAME_1,AVG_BUILDING_AREA_SQM,AVG_TOT_COST_PER_AREA_USD
TCA,Turks and Caicos Islands,Com,179484.0,680.0,92616423.219,69270235.4667,81252914.0762,0.0,0.0,243139572.7619,,,263.9470588235294,1354.6587593428942
TCA,Turks and Caicos Islands,Ind,108241.0673,266.0,27437269.6071,15225066.4286,12601810.3929,0.0,0.0,55264146.4286,,,406.92130563909774,510.56542407726243
TCA,Turks and Caicos Islands,Res,3620260.6731,11256.0,489479275.4836,495875038.0126,506419988.3276,11803.0,34631.0,1491774301.8238,,,321.62941303304905,412.0626762896623
TCA,Turks and Caicos Islands,Com,179484.0,680.0,92616423.219,69270235.4667,81252914.0762,0.0,0.0,243139572.7619,TCA,Turks and Caicos Islands,263.9470588235294,1354.6587593428942
TCA,Turks and Caicos Islands,Ind,108241.0673,266.0,27437269.6071,15225066.4286,12601810.3929,0.0,0.0,55264146.4286,TCA,Turks and Caicos Islands,406.92130563909774,510.56542407726243
TCA,Turks and Caicos Islands,Res,3620260.6731,11256.0,489479275.4836,495875038.0126,506419988.3276,11803.0,34631.0,1491774301.8238,TCA,Turks and Caicos Islands,321.62941303304905,412.0626762896623
