ID_0,NAME_0,OCCUPANCY,BUILDINGS,COST_CONTENTS_USD,COST_NONSTRUCTURAL_USD,COST_STRUCTURAL_USD,DWELLINGS,OCCUPANTS_PER_ASSET,TOTAL_AREA_SQM,TOTAL_REPL_COST_USD,AVG_BUILDING_AREA_SQM,AVG_TOT_COST_PER_AREA_USD
KIR,Kiribati,Com,1103.289662495,65872864.3145394,39523718.58895646,26349145.7260163,0.0,0.0,105718.559605135,131745728.631198,95.82121830640656,1246.1929969844084
KIR,Kiribati,Ind,118.72291445600001,7543814.3960501,3143255.9982979,1885953.5990305,0.0,0.0,10604.729816143,12573023.993638,89.32336158301797,1185.6053111790525
KIR,Kiribati,Res,25654.0,153595688.6518295,358389940.18760216,511985628.8394317,19257.4,119432.0,864505.9642655451,1023971257.6788634,33.69868107373295,1184.458291793041
