ID_0,NAME_0,OCCUPANCY,BUILDINGS,COST_CONTENTS_USD,COST_NONSTRUCTURAL_USD,COST_STRUCTURAL_USD,DWELLINGS,OCCUPANTS_PER_ASSET,TOTAL_AREA_SQM,TOTAL_REPL_COST_USD,AVG_BUILDING_AREA_SQM,AVG_TOT_COST_PER_AREA_USD
XKX,Kosovo,Com,37436.6,2909524732.07,1745714839.28,1163809892.76,0.0,0.0,6578144.18652098,5819049464.56,175.71425253684842,884.6035142378894
XKX,Kosovo,Ind,7149.0,1717281641.96,715534017.46,429320410.59000003,0.0,0.0,4888205.12820513,2862136069.9,683.760683760684,585.5188141318714
XKX,Kosovo,Res,247680.0,2831798939.46,7079497348.73,4247698409.43,412892.783,1793999.9999999998,32411922.51,14158994697.34,130.8620902374031,436.8452594248782
