ID_0,NAME_0,OCCUPANCY,BUILDINGS,COST_CONTENTS_USD,COST_NONSTRUCTURAL_USD,COST_STRUCTURAL_USD,DWELLINGS,OCCUPANTS_PER_ASSET,TOTAL_AREA_SQM,TOTAL_REPL_COST_USD,AVG_BUILDING_AREA_SQM,AVG_TOT_COST_PER_AREA_USD
BHR,Bahrain,Com,32612.0,4752137282.0,3821939938.0,3809266951.0,0.0,0.0,12126541.0,12383344176.0,371.84291058506074,1021.1769519436746
BHR,Bahrain,Ind,15894.0,3146728215.0,1559812171.0,1388849380.0,0.0,0.0,6592135.0,6095389764.0,414.75619730715994,924.6457731827397
BHR,Bahrain,Res,216928.0,11000278132.0,18755973155.0,13918032681.0,245987.0,1501608.0,46391337.0,43674283964.0,213.85591993656882,941.4318876819609
