ID_0,NAME_0,OCCUPANCY,BUILDINGS,COST_CONTENTS_USD,COST_NONSTRUCTURAL_USD,COST_STRUCTURAL_USD,DWELLINGS,OCCUPANTS_PER_ASSET,TOTAL_AREA_SQM,TOTAL_REPL_COST_USD,AVG_BUILDING_AREA_SQM,AVG_TOT_COST_PER_AREA_USD
CZE,Czechia,Com,108910.01000000001,77270746769.53,46362448061.73,30908298707.87,0.0,0.0,59721496.79818,154541493539.13,548.3563613498887,2587.702951608534
CZE,Czechia,Ind,80000.0,126003624099.8,52501510041.35,31500906026.01,0.0,0.0,120435048.04576395,210006040163.94,1505.4381005720495,1743.7286202944852
CZE,Czechia,Res,2184310.30023,67634216490.86,169085541226.95,101451324736.06,4687264.76429,10670000.0,324473404.60612,338171082453.83,148.5473032709474,1042.2151019259582
