ID_0,NAME_0,OCCUPANCY,BUILDINGS,COST_CONTENTS_USD,COST_NONSTRUCTURAL_USD,COST_STRUCTURAL_USD,DWELLINGS,OCCUPANTS_PER_ASSET,TOTAL_AREA_SQM,TOTAL_REPL_COST_USD,AVG_BUILDING_AREA_SQM,AVG_TOT_COST_PER_AREA_USD
MEX,Mexico,Com,3269454.8400000003,148296762328.873,158695669440.5779,152667085621.1093,0.0,0.0,460782529.20000005,459659517390.5602,140.9355846003978,997.5628159961065
MEX,Mexico,Ind,499087.0,35525090795.200005,21756863541.4,22604408539.4,0.0,0.0,65165950.0,79886362876.0,130.57032140688898,1225.8911728594458
MEX,Mexico,Res,28759892.0,834713987085.13,1201068735472.2852,1592277412878.135,34794474.0,125714440.0,3726034671.5187497,3628060135435.5503,129.55662947269585,973.7054148121321
