ID_0,NAME_0,OCCUPANCY,BUILDINGS,COST_CONTENTS_USD,COST_NONSTRUCTURAL_USD,COST_STRUCTURAL_USD,DWELLINGS,OCCUPANTS_PER_ASSET,TOTAL_AREA_SQM,TOTAL_REPL_COST_USD,AVG_BUILDING_AREA_SQM,AVG_TOT_COST_PER_AREA_USD
KGZ,Kyrgyzstan,Com,64001,2288994032.05439,2689324603.96816,3333235409.03737,0.0,0.0,10925109.9998702,8311554081.05259,170.70217652646363,760.7753222760539
KGZ,Kyrgyzstan,Ind,35971,1910815835.96394,1423195952.9873,1669251418.02682,0.0,0.0,7473519.0001285,5003263223.8978,207.76511634729366,669.4655120046893
KGZ,Kyrgyzstan,Res,674818,8833432083.007486,23876877758.4094,29675729556.83473,1330177.00000398,6636805.000022876,113065135.99929371,62386039388.42333,167.54908138089635,551.7707897933545
