ID_0,NAME_0,OCCUPANCY,BUILDINGS,COST_CONTENTS_USD,COST_NONSTRUCTURAL_USD,COST_STRUCTURAL_USD,OCCUPANTS_PER_ASSET,TOTAL_AREA_SQM,TOTAL_REPL_COST_USD,AVG_BUILDING_AREA_SQM,AVG_TOT_COST_PER_AREA_USD
CAN,Canada,Com,634065,498067871702,902930196966,553408762394,134473.6,808766370,1954406831062,1275.5259634264626,2416.5283122022
CAN,Canada,Ind,85526,81918396828,170529056304,63072387160,1273.4,114676189,315519840292,1340.8342375418001,2751.39802816433
CAN,Canada,Res,8871949,319605167667,2840164203735,799013743594,34898777.4,2560820285,3958783114996,288.64235862942854,1545.9043097184776
