ID_0,NAME_0,OCCUPANCY,BUILDINGS,COST_CONTENTS_USD,COST_NONSTRUCTURAL_USD,COST_STRUCTURAL_USD,DWELLINGS,OCCUPANTS_PER_ASSET,TOTAL_AREA_SQM,TOTAL_REPL_COST_USD,AVG_BUILDING_AREA_SQM,AVG_TOT_COST_PER_AREA_USD
TJK,Tajikistan,Com,22804.0,891671462.0,1047609504.0,1298504148.0,0.0,0.0,3891172.0,3237785111.0,170.63550254341342,832.0848091526152
TJK,Tajikistan,Ind,9944.0,576832269.0,428680133.0,500035386.0,0.0,0.0,2048690.0,1505547787.0,206.02272727272728,734.8831628992185
TJK,Tajikistan,Res,857832.0,11006783121.0,29790371435.0,36977043561.0,1497141.0,9506295.0,127257141.0,77774198121.0,148.34739319587052,611.1578298069733
