ID_0,NAME_0,OCCUPANCY,BUILDINGS,COST_CONTENTS_USD,COST_NONSTRUCTURAL_USD,COST_STRUCTURAL_USD,DWELLINGS,OCCUPANTS_PER_ASSET,TOTAL_AREA_SQM,TOTAL_REPL_COST_USD,AVG_BUILDING_AREA_SQM,AVG_TOT_COST_PER_AREA_USD
TJK,Tajikistan,Com,22804,891671462.01284,1047609504.00293,1298504148.02487,0.0,0.0,3891172.0000275,3237785110.99979,170.63550254461936,832.0848091466806
TJK,Tajikistan,Ind,9944,576832268.99857,428680133.00148,500035386.00059,0.0,0.0,2048690.0000088,1505547787.03436,206.02272727361225,734.8831629128335
TJK,Tajikistan,Res,857832,11006783121.008152,29790371434.95133,36977043560.80551,1497140.999997212,9506294.999939358,127257140.99983616,77774198119.93329,148.34739319567953,611.1578297993777
