ID_0,NAME_0,OCCUPANCY,BUILDINGS,COST_CONTENTS_USD,COST_NONSTRUCTURAL_USD,COST_STRUCTURAL_USD,DWELLINGS,OCCUPANTS_PER_ASSET,TOTAL_AREA_SQM,TOTAL_REPL_COST_USD,AVG_BUILDING_AREA_SQM,AVG_TOT_COST_PER_AREA_USD
FIN,Finland,Com,61620.31,56541589877.82,33924953926.72,22616635951.16,0.0,0.0,36605575.56285,113083179755.59,594.0504934631131,3089.233757885644
FIN,Finland,Ind,40000.00000000001,111145286175.44,46310535906.78,27786321544.25,0.0,0.0,75693939.1495001,185242143626.26,1892.348478737502,2447.251995439101
FIN,Finland,Res,1236899.9803,78558156038.62999,196395390096.37,117837234057.81,2832037.8035,5520000.0,178584776.6081,392790780192.8,144.38093576878038,2199.463961336245
