ID_0,NAME_0,OCCUPANCY,BUILDINGS,COST_CONTENTS_USD,COST_NONSTRUCTURAL_USD,COST_STRUCTURAL_USD,DWELLINGS,OCCUPANTS_PER_ASSET,TOTAL_AREA_SQM,TOTAL_REPL_COST_USD,AVG_BUILDING_AREA_SQM,AVG_TOT_COST_PER_AREA_USD
CMR,Cameroon,Com,221072.0,4206605380.0,4710482987.0,6535668081.0,325270.0,0.0,44345781.0,15452756436.0,200.5942905478758,348.4605770276095
CMR,Cameroon,Ind,82075.0,2596503092.0,1932662625.0,2626572724.0,82075.0,0.0,23384860.0,7155738442.0,284.9206213828815,305.99877194047775
CMR,Cameroon,Res,5033708.0,17428954630.0,34344777635.0,47495440125.0,5442459.0,26512347.0,430304205.0,99269172369.0,85.48453843568201,230.69533417411063
