ID_0,NAME_0,OCCUPANCY,BUILDINGS,COST_CONTENTS_USD,COST_NONSTRUCTURAL_USD,COST_STRUCTURAL_USD,DWELLINGS,OCCUPANTS_PER_ASSET,TOTAL_AREA_SQM,TOTAL_REPL_COST_USD,AVG_BUILDING_AREA_SQM,AVG_TOT_COST_PER_AREA_USD
KEN,Kenya,Com,175445.0,2980018161.0,3148013872.0,5032255106.0,0.0,0.0,32775683.0,11160287045.0,186.81457436803558,340.5050947374613
KEN,Kenya,Ind,24155.0,701281931.0,527984996.0,818810700.0,0.0,0.0,6798414.0,2048077600.0,281.44955495756574,301.2581463853187
KEN,Kenya,Res,14171207.0,40195666726.0,71354006922.0,118142273924.0,14773415.0,53744611.0,1095241786.0,229691947579.0,77.28641505271922,209.7180280327617
