ID_0,NAME_0,OCCUPANCY,BUILDINGS,COST_CONTENTS_USD,COST_NONSTRUCTURAL_USD,COST_STRUCTURAL_USD,DWELLINGS,OCCUPANTS_PER_ASSET,TOTAL_AREA_SQM,TOTAL_REPL_COST_USD,AVG_BUILDING_AREA_SQM,AVG_TOT_COST_PER_AREA_USD
NLD,Netherlands,Com,248033.2,276662825649.43,165997695389.51,110665130259.66,0.0,0.0,169541522.0954,553325651298.56,683.5436630878447,3263.6586274553265
NLD,Netherlands,Ind,35340.37307260082,100069148242.59,41695478434.54,25017287060.44,0.0,0.0,73507835.0062458,166781913737.16,2079.99601066,2268.8998216719197
NLD,Netherlands,Res,5125317.401041667,363553745645.39,908884364113.64,545330618467.99,7686175.0,17333000.0,1009187132.426,1817768728227.71,196.90236788474667,1801.2206753547764
