ID_0,NAME_0,OCCUPANCY,BUILDINGS,COST_CONTENTS_USD,COST_NONSTRUCTURAL_USD,COST_STRUCTURAL_USD,DWELLINGS,OCCUPANTS_PER_ASSET,TOTAL_AREA_SQM,TOTAL_REPL_COST_USD,AVG_BUILDING_AREA_SQM,AVG_TOT_COST_PER_AREA_USD
NCL,New Caledonia,Com,5238.999999965,926295500.0171261,759126062.4834398,690767187.5039911,0.0,0.0,929922.499991225,2376188749.99384,177.49999999951086,2555.2546045678673
NCL,New Caledonia,Ind,564.362500003,126412582.289596,63792421.0427239,51848375.8344263,0.0,0.0,78042.218750498,242053379.165956,138.2838490333485,3101.569676533721
NCL,New Caledonia,Res,55245.286110816,3426468648.458608,5513257392.435951,4392059107.522891,85062.999999763,263702.999984199,6411229.99996842,13331785148.1768,116.05026331311225,2079.442657375023
