ID_0,NAME_0,OCCUPANCY,BUILDINGS,COST_CONTENTS_USD,COST_NONSTRUCTURAL_USD,COST_STRUCTURAL_USD,DWELLINGS,OCCUPANTS_PER_ASSET,TOTAL_AREA_SQM,TOTAL_REPL_COST_USD,AVG_BUILDING_AREA_SQM,AVG_TOT_COST_PER_AREA_USD
NCL,New Caledonia,Com,5239.0,926295499.99983,759126062.47185,690767187.50614,0.0,0.0,929922.5,2376188750.03519,177.5,2555.2546045882214
NCL,New Caledonia,Ind,564.362500006,126412582.28964,63792421.04211,51848375.83376,0.0,0.0,78042.21875057,242053379.1659,138.28384903274102,3101.5696765301423
NCL,New Caledonia,Res,55245.28611111,3426468648.413696,5513257392.421072,4392059107.56466,85063.0,263702.999987401,6411230.0,13331785148.30722,116.0502633130663,2079.442657385123
