ID_0,NAME_0,ID_1,NAME_1,OCCUPANCY,BUILDINGS,COST_CONTENTS_USD,COST_NONSTRUCTURAL_USD,COST_STRUCTURAL_USD,DWELLINGS,OCCUPANTS_PER_ASSET,TOTAL_AREA_SQM,TOTAL_REPL_COST_USD,AVG_BUILDING_AREA_SQM,AVG_TOT_COST_PER_AREA_USD
NCL,New Caledonia,NCL.1_1,Îles Loyauté,Com,145.625,25747620.1925,21100922.4762,19200796.2734,0.0,0.0,25848.4375,66049338.9426,177.5,2555.2546045616878
NCL,New Caledonia,NCL.1_1,Îles Loyauté,Ind,38.316666667,7667603.2403,3948976.01853,3361144.81487,0.0,0.0,5104.5416667,14977724.073,133.2198782076275,2934.1956733762636
NCL,New Caledonia,NCL.1_1,Îles Loyauté,Res,4603.24375,153150613.4432,224563793.2731,210887206.727,4711.0,18264.99999961,338162.5,588601613.446,73.46178442104006,1740.5880706642515
NCL,New Caledonia,NCL.2_1,Nord,Com,515.4375,91133314.90491,74686398.13782,67960929.98754,0.0,0.0,91490.15625,233780643.02969,177.5,2555.2546045596027
NCL,New Caledonia,NCL.2_1,Nord,Ind,139.914583334,30088985.8222,15274849.91897,12662021.43532,0.0,0.0,19079.5052084,58025857.1749,136.36537917462087,3041.266350521153
NCL,New Caledonia,NCL.2_1,Nord,Res,13547.40625,489940826.320062,694825420.16878,668299579.8236,13881.0,47879.000000314,1061937.5,1853065826.33954,78.38677606645183,1744.9857701979072
NCL,New Caledonia,NCL.3_1,Sud,Com,4577.9375,809414564.90242,663338741.85783,603605461.2452,0.0,0.0,812583.90625,2076358768.0629,177.5,2555.2546045922873
NCL,New Caledonia,NCL.3_1,Sud,Ind,386.131250005,88655993.22714,44568595.10461,35825209.58357,0.0,0.0,53858.17187547,169049797.918,139.48151535202754,3138.7956930449523
NCL,New Caledonia,NCL.3_1,Sud,Res,37094.63611111,2783377208.650434,4593868178.979192,3512872321.01406,66471.0,197558.999987477,5011130.0,10890117708.52168,135.09042075490655,2173.186029602441
