ID_0,NAME_0,ID_1,NAME_1,OCCUPANCY,BUILDINGS,COST_CONTENTS_USD,COST_NONSTRUCTURAL_USD,COST_STRUCTURAL_USD,DWELLINGS,OCCUPANTS_PER_ASSET,TOTAL_AREA_SQM,TOTAL_REPL_COST_USD,AVG_BUILDING_AREA_SQM,AVG_TOT_COST_PER_AREA_USD
NCL,New Caledonia,NCL.1_1,Îles Loyauté,Com,145.624999999,25747620.19389,21100922.47691,19200796.27347,0.0,0.0,25848.43749922,66049338.94262,177.49999999586265,2555.2546046395687
NCL,New Caledonia,NCL.1_1,Îles Loyauté,Ind,38.316666665,7667603.240713,3948976.01889,3361144.814803,0.0,0.0,5104.5416669159995,14977724.0732,133.21987822021833,2934.195673291283
NCL,New Caledonia,NCL.1_1,Îles Loyauté,Res,4603.243749962,153150613.44562,224563793.27341,210887206.72129,4710.999999974,18264.999999648,338162.49999736,588601613.44344,73.46178442107298,1740.5880706702699
NCL,New Caledonia,NCL.2_1,Nord,Com,515.437500007,91133314.9035881,74686398.1386558,67960929.9878861,0.0,0.0,91490.156250456,233780643.03364,177.4999999984741,2555.254604590041
NCL,New Caledonia,NCL.2_1,Nord,Ind,139.914583331,30088985.822373,15274849.9193139,12662021.4356463,0.0,0.0,19079.505208072,58025857.175316,136.3653791752005,3041.266350595239
NCL,New Caledonia,NCL.2_1,Nord,Res,13547.406249939,489940826.320005,694825420.185125,668299579.825471,13880.999999943,47879.00000028,1061937.49999531,1853065826.31043,78.3867760664586,1744.9857701782016
NCL,New Caledonia,NCL.3_1,Sud,Com,4577.937499959,809414564.919648,663338741.867874,603605461.242635,0.0,0.0,812583.9062415491,2076358768.01758,177.49999999974366,2555.2546045630893
NCL,New Caledonia,NCL.3_1,Sud,Ind,386.131250007,88655993.22651,44568595.10452,35825209.583977,0.0,0.0,53858.17187551,169049797.91744,139.4815153514087,3138.795693032223
NCL,New Caledonia,NCL.3_1,Sud,Res,37094.636110915,2783377208.692983,4593868178.977416,3512872320.97613,66470.999999846,197558.999984271,5011129.99997575,10890117708.42293,135.09042075496296,2173.186029593251
