ID_0,NAME_0,OCCUPANCY,BUILDINGS,COST_CONTENTS_USD,COST_NONSTRUCTURAL_USD,COST_STRUCTURAL_USD,DWELLINGS,OCCUPANTS_PER_ASSET,TOTAL_AREA_SQM,TOTAL_REPL_COST_USD,AVG_BUILDING_AREA_SQM,AVG_TOT_COST_PER_AREA_USD
PAK,Pakistan,Com,1972116.0,42762906321.0,45208459076.0,46419813177.0,0.0,0.0,427937064.0,134391178592.0,216.99386040172078,314.0442600036159
PAK,Pakistan,Ind,738074.0,36086699788.0,23675877373.0,17440418682.0,0.0,0.0,221421299.0,77202995854.0,299.9987792551966,348.67014240576736
PAK,Pakistan,Res,32057808.0,96607813906.0,201957301743.0,247971121949.0,34711998.0,221699909.0,2757833460.0,546536237585.0,86.02688805173455,198.17593974111838
