ID_0,NAME_0,OCCUPANCY,BUILDINGS,COST_CONTENTS_USD,COST_NONSTRUCTURAL_USD,COST_STRUCTURAL_USD,DWELLINGS,OCCUPANTS_PER_ASSET,TOTAL_AREA_SQM,TOTAL_REPL_COST_USD,AVG_BUILDING_AREA_SQM,AVG_TOT_COST_PER_AREA_USD
LAO,Laos,Com,89001.0,449931445.4212454,466668383.8827839,384277416.1172161,96286.0,0.0,5380260.0,1300877245.4212453,60.45168031819867,241.78705962560272
LAO,Laos,Ind,25257.0,458229493.006993,315333793.7062937,221893706.2937063,25257.0,0.0,3412300.0,995456993.0069929,135.10313972364096,291.7261064405219
LAO,Laos,Res,1148643.0,3524425860.576923,6167144862.980769,7579355387.019231,1183370.0,6492225.6,81769635.0,17270926110.576923,71.18803231291184,211.214420983742
