ID_0,NAME_0,OCCUPANCY,BUILDINGS,COST_CONTENTS_USD,COST_NONSTRUCTURAL_USD,COST_STRUCTURAL_USD,DWELLINGS,OCCUPANTS_PER_ASSET,TOTAL_AREA_SQM,TOTAL_REPL_COST_USD,AVG_BUILDING_AREA_SQM,AVG_TOT_COST_PER_AREA_USD
TCD,Chad,Com,48972.0,591598261.0,608333826.0,1142823430.0,68172.0,0.0,9057774.0,2342755501.0,184.95822102425876,258.6458329607252
TCD,Chad,Ind,3347.0,75718147.0,57217018.0,86285956.0,3347.0,0.0,899751.0,219221145.0,268.8231251867344,243.64645885361617
TCD,Chad,Res,2724381.0,5707343802.0,9026421478.0,17568194438.0,2826948.0,16414558.0,200631435.0,32301959714.0,73.64294311258227,161.00148869492958
