ID_0,NAME_0,OCCUPANCY,BUILDINGS,COST_CONTENTS_USD,COST_NONSTRUCTURAL_USD,COST_STRUCTURAL_USD,DWELLINGS,OCCUPANTS_PER_ASSET,TOTAL_AREA_SQM,TOTAL_REPL_COST_USD,AVG_BUILDING_AREA_SQM,AVG_TOT_COST_PER_AREA_USD
JPN,Japan,Com,752164.0,1740029720657.0,1302283941934.0,437745778723.0,0.0,0.0,1130294838.0,3480059441314.0,1502.7239245696417,3078.8952796349936
JPN,Japan,Ind,407431.0,1489944742155.0,695307564311.0,297988935765.0,0.0,0.0,657243695.0,2483241242231.0,1613.1411085558045,3778.2655978632097
JPN,Japan,Res,34014004.0,7642569698075.938,5245499908706.675,3679173605494.3647,52173184.0,127094905.0,6104090753.537,16567243212276.979,179.45816533498967,2714.121378794562
