ID_0,NAME_0,OCCUPANCY,BUILDINGS,COST_CONTENTS_USD,COST_NONSTRUCTURAL_USD,COST_STRUCTURAL_USD,DWELLINGS,OCCUPANTS_PER_ASSET,TOTAL_AREA_SQM,TOTAL_REPL_COST_USD,AVG_BUILDING_AREA_SQM,AVG_TOT_COST_PER_AREA_USD
IRN,Iran,Com,1571267.0,77392271599.99998,82878817364.99948,62428007587.00005,0.0,0.0,238172680.0,222699096522.99905,151.5800179091141,935.0320806021876
IRN,Iran,Ind,81832.0,98569366762.0,73817923099.0,48027883392.0,0.0,0.0,191430207.0,220415173217.0,2339.3074469645126,1151.4127089514143
IRN,Iran,Res,12294597.272727247,261063189517.4998,394094834736.29443,434979951801.8905,19948725.0,75276583.62235881,2459171651.0,1090137976055.6754,200.0205127869548,443.2947881504655
