ID_0,NAME_0,OCCUPANCY,BUILDINGS,COST_CONTENTS_USD,COST_NONSTRUCTURAL_USD,COST_STRUCTURAL_USD,DWELLINGS,OCCUPANTS_PER_ASSET,TOTAL_AREA_SQM,TOTAL_REPL_COST_USD,AVG_BUILDING_AREA_SQM,AVG_TOT_COST_PER_AREA_USD
BLZ,Belize,Com,5366.217913886787,473605460.121581,496163067.29820365,340462268.4625517,0.0,0.0,1027817.8209413383,1310230795.8823364,191.5348644865007,1274.7694865636277
BLZ,Belize,Ind,1243.0,289608401.07329845,212258163.18062827,136859220.82460734,0.0,0.0,369027.0,638725785.078534,296.8841512469831,1730.8375405553902
BLZ,Belize,Res,52890.0,997850568.9194299,1455892019.020207,1895593524.7985063,62994.0,397625.2079635358,7975839.210792837,4349336112.738143,150.80051447897213,545.3139159140343
