ID_0,NAME_0,OCCUPANCY,BUILDINGS,COST_CONTENTS_USD,COST_NONSTRUCTURAL_USD,COST_STRUCTURAL_USD,DWELLINGS,OCCUPANTS_PER_ASSET,TOTAL_AREA_SQM,TOTAL_REPL_COST_USD,AVG_BUILDING_AREA_SQM,AVG_TOT_COST_PER_AREA_USD
HTI,Haiti,Com,160222.32136968093,2729389892.7897315,2770963217.338748,2187982152.931924,0.0,0.0,19298650.359126195,7688335263.060404,120.44919955065701,398.38719910403705
HTI,Haiti,Ind,32907.76687462323,374281699.42521536,272675111.458727,190240684.48275676,0.0,0.0,2366248.6745499885,837197495.366699,71.90547701292722,353.8079088521483
HTI,Haiti,Res,2342861.0,11778377938.698711,23892403089.039375,24194532529.133823,2508408.0,11542378.394316867,196261040.60856012,59865313556.87191,83.76981844358676,305.0290234436922
