ID_0,NAME_0,OCCUPANCY,BUILDINGS,COST_CONTENTS_USD,COST_NONSTRUCTURAL_USD,COST_STRUCTURAL_USD,DWELLINGS,OCCUPANTS_PER_ASSET,TOTAL_AREA_SQM,TOTAL_REPL_COST_USD,AVG_BUILDING_AREA_SQM,AVG_TOT_COST_PER_AREA_USD
LIE,Liechtenstein,Com,3141.6,4147747145.5499997,2488648287.3,1659098858.19,0.0,0.0,1981386.8032,8295494290.99,630.6935329768271,4186.7111851116215
LIE,Liechtenstein,Ind,593.0,616669807.53,256945753.15,154167451.87,0.0,0.0,390264.95726495737,1027783012.4399999,658.1196581196583,2633.5518813753524
LIE,Liechtenstein,Res,10439.1941,690561370.84,1726403427.0,1035842056.1800001,15886.8204,38000.0,1445429.877,3452806854.04,138.46182599478632,2388.7750689132877
