ID_0,NAME_0,OCCUPANCY,BUILDINGS,COST_CONTENTS_USD,COST_NONSTRUCTURAL_USD,COST_STRUCTURAL_USD,DWELLINGS,OCCUPANTS_PER_ASSET,TOTAL_AREA_SQM,TOTAL_REPL_COST_USD,AVG_BUILDING_AREA_SQM,AVG_TOT_COST_PER_AREA_USD
LBN,Lebanon,Com,74164.0,21789831047.0,17441748242.0,17858043498.0,0.0,0.0,26818292.0,57089622805.0,361.6079499487622,2128.756850175246
LBN,Lebanon,Ind,12794.0,3213569823.0,1593002589.0,1418143577.0,0.0,0.0,5302248.0,6224715994.0,414.43239018289825,1173.9767724934782
LBN,Lebanon,Res,477405.0,50571274633.0,74036768222.0,76651706549.0,2179193.0,6755138.0,180236376.0,201259749418.0,377.53349043265155,1116.6433429509257
