ID_0,NAME_0,OCCUPANCY,BUILDINGS,COST_CONTENTS_USD,COST_NONSTRUCTURAL_USD,COST_STRUCTURAL_USD,DWELLINGS,OCCUPANTS_PER_ASSET,TOTAL_AREA_SQM,TOTAL_REPL_COST_USD,AVG_BUILDING_AREA_SQM,AVG_TOT_COST_PER_AREA_USD
SOM,Somalia,Com,27174.0,446998721.0,471817622.0,747071266.0,38486.0,0.0,5136248.0,1665887602.0,189.01332155737103,324.3394014463476
SOM,Somalia,Ind,3540.0,94143801.0,70360748.0,110232263.0,3540.0,0.0,996555.0,274736794.0,281.51271186440675,275.686534110009
SOM,Somalia,Res,2609121.0,4891744715.0,9001364660.0,16154909835.0,2689504.0,15864247.0,189657487.0,30048019220.0,72.69018454874266,158.43307688665092
