ID_0,NAME_0,OCCUPANCY,BUILDINGS,COST_CONTENTS_USD,COST_NONSTRUCTURAL_USD,COST_STRUCTURAL_USD,DWELLINGS,OCCUPANTS_PER_ASSET,TOTAL_AREA_SQM,TOTAL_REPL_COST_USD,AVG_BUILDING_AREA_SQM,AVG_TOT_COST_PER_AREA_USD
GHA,Ghana,Com,214260.0,5513004376.0,5877621877.0,9838541228.0,305976.0,0.0,41193205.0,21229167430.0,192.25802762998225,515.3560503485951
GHA,Ghana,Ind,101844.0,4765742746.0,3551972747.0,5204850190.0,101844.0,0.0,29024038.0,13522565677.0,284.9852519539688,465.90917766163346
GHA,Ghana,Res,7934530.0,32560590633.0,68649753268.0,115120256843.0,8422064.0,31038077.0,647353404.0,216330600719.0,81.58686198174308,334.17697255052974
