ID_0,NAME_0,OCCUPANCY,BUILDINGS,COST_CONTENTS_USD,COST_NONSTRUCTURAL_USD,COST_STRUCTURAL_USD,DWELLINGS,OCCUPANTS_PER_ASSET,TOTAL_AREA_SQM,TOTAL_REPL_COST_USD,AVG_BUILDING_AREA_SQM,AVG_TOT_COST_PER_AREA_USD
POL,Poland,Com,536919.98,240290806415.09,144174483849.0,96116322565.92,0.0,0.0,232951844.13662001,480581612830.02,433.86696866192244,2063.008406785446
POL,Poland,Ind,172900.0,209885503050.65,87452292936.59,52471375762.68,0.0,0.0,240613838.1377595,349809171749.39,1391.6358481073423,1453.8198403581116
POL,Poland,Res,6314899.4564,163579146885.12,408947867212.99,245368720327.76,12700774.4659,37971000.0,872745970.491,817895734425.46,138.20425432213221,937.1521176606731
