ID_0,NAME_0,OCCUPANCY,BUILDINGS,COST_CONTENTS_USD,COST_NONSTRUCTURAL_USD,COST_STRUCTURAL_USD,DWELLINGS,OCCUPANTS_PER_ASSET,TOTAL_AREA_SQM,TOTAL_REPL_COST_USD,AVG_BUILDING_AREA_SQM,AVG_TOT_COST_PER_AREA_USD
TGO,Togo,Com,52474.0,497405318.0,513350640.0,935785706.0,73532.0,0.0,9801070.0,1946541678.0,186.77954796661203,198.60501741136426
TGO,Togo,Ind,20108.0,360109055.0,269965628.0,425395695.0,20108.0,0.0,5731548.0,1055470387.0,285.03819375372984,184.15101592100424
TGO,Togo,Res,1777722.0,2930009845.0,4820905072.0,9463563461.0,1856148.0,8251092.0,141355956.0,17214478380.0,79.51522004002875,121.78106156347597
