ID_0,NAME_0,OCCUPANCY,BUILDINGS,COST_CONTENTS_USD,COST_NONSTRUCTURAL_USD,COST_STRUCTURAL_USD,DWELLINGS,OCCUPANTS_PER_ASSET,TOTAL_AREA_SQM,TOTAL_REPL_COST_USD,AVG_BUILDING_AREA_SQM,AVG_TOT_COST_PER_AREA_USD
KAZ,Kazakhstan,Com,206416,8314684477.01404,9530551422.01688,12873164821.04372,0.0,0.0,34657275.9997976,30718400750.9991,167.9001433987559,886.3478119624433
KAZ,Kazakhstan,Ind,47442,3244632772.06991,2405265815.01616,2788158940.99689,0.0,0.0,10110954.0001062,8438057527.1771,213.12242317158214,834.5461295826755
KAZ,Kazakhstan,Res,2448122,34544023966.186325,85697974921.82962,115223594540.7532,5841979.598222559,18929308.000004224,350630446.00044894,235465593438.00766,143.22425353003197,671.5491940985244
