ID_0,NAME_0,OCCUPANCY,BUILDINGS,COST_CONTENTS_USD,COST_NONSTRUCTURAL_USD,COST_STRUCTURAL_USD,DWELLINGS,OCCUPANTS_PER_ASSET,TOTAL_AREA_SQM,TOTAL_REPL_COST_USD,AVG_BUILDING_AREA_SQM,AVG_TOT_COST_PER_AREA_USD
ESP,Spain,Com,510052.16000000003,238239481887.33,142943689132.95,95295792755.06,0.0,0.0,198081467.87508002,476478963775.66,388.35531619958243,2405.469673095068
ESP,Spain,Ind,196821.691489844,292582328908.64,121909303712.7,73145582226.46,0.0,0.0,279789229.5868045,487637214849.28,1421.5365566108937,1742.8734321525797
ESP,Spain,Res,9305735.0,659665009565.21,1649162523912.44,989497514347.02,25022674.4,44982731.50017052,2273745377.0,3298325047824.21,244.33807506876136,1450.6131958258447
