ID_0,NAME_0,OCCUPANCY,BUILDINGS,COST_CONTENTS_USD,COST_NONSTRUCTURAL_USD,COST_STRUCTURAL_USD,DWELLINGS,OCCUPANTS_PER_ASSET,TOTAL_AREA_SQM,TOTAL_REPL_COST_USD,AVG_BUILDING_AREA_SQM,AVG_TOT_COST_PER_AREA_USD
SUR,Suriname,Com,2847.6,119184766.48351648,123863406.59340659,119091593.40659341,0.0,0.0,546648.75,362139766.4835165,191.9682364096081,662.4725044802838
SUR,Suriname,Ind,2168.0,139321562.5,87767500.0,73704687.5,0.0,0.0,496837.5,300793750.0,229.1685885608856,605.4167610134098
SUR,Suriname,Res,42592.86401099999,484650341.22017,506821104.59650004,1100426938.94572,42592.86401099999,586574.127110165,4416459.281329917,2091898384.8291,103.69012236860443,473.6596109178147
