ID_0,NAME_0,OCCUPANCY,BUILDINGS,COST_CONTENTS_USD,COST_NONSTRUCTURAL_USD,COST_STRUCTURAL_USD,DWELLINGS,OCCUPANTS_PER_ASSET,TOTAL_AREA_SQM,TOTAL_REPL_COST_USD,AVG_BUILDING_AREA_SQM,AVG_TOT_COST_PER_AREA_USD
FJI,Fiji,Com,8717.963643903,399395519.73851585,281078121.54361105,383666606.3132272,0.0,0.0,954617.019019905,1064140247.5951978,109.50000000143686,1114.7300188380666
FJI,Fiji,Ind,1740.147171579,153809675.0002734,76808162.65708223,100251812.0526113,0.0,0.0,295825.019172113,330869649.7114206,170.00000000211648,1118.464052288013
FJI,Fiji,Res,178096.73035638,2847182811.477805,3836149920.0021167,3462002432.4046307,190987.999999876,879780.999999565,13224088.058201145,10145335163.874506,74.25227870123791,767.1859956787495
