ID_0,NAME_0,OCCUPANCY,BUILDINGS,COST_CONTENTS_USD,COST_NONSTRUCTURAL_USD,COST_STRUCTURAL_USD,DWELLINGS,OCCUPANTS_PER_ASSET,TOTAL_AREA_SQM,TOTAL_REPL_COST_USD,AVG_BUILDING_AREA_SQM,AVG_TOT_COST_PER_AREA_USD
HUN,Hungary,Com,80678.2,63042352565.73,37825411539.52,25216941026.22,0.0,0.0,60536255.9658,126084705131.44,750.3421737941601,2082.7965509243195
HUN,Hungary,Ind,62100.0,72181319257.31,30075549690.11,18045329814.8,0.0,0.0,82345387.95243089,120302198761.95,1326.012688444942,1460.946408212272
HUN,Hungary,Res,2681290.987218667,71212001703.28,178030004258.5,106818002555.46,4381920.48,9770000.0,337392519.59840006,356060008517.02,125.83211639717668,1055.3286982794993
