ID_0,NAME_0,OCCUPANCY,BUILDINGS,COST_CONTENTS_USD,COST_NONSTRUCTURAL_USD,COST_STRUCTURAL_USD,DWELLINGS,OCCUPANTS_PER_ASSET,TOTAL_AREA_SQM,TOTAL_REPL_COST_USD,AVG_BUILDING_AREA_SQM,AVG_TOT_COST_PER_AREA_USD
CHL,Chile,Com,290172.6,48026109438.979126,52750386425.29451,36051975300.1055,0.0,0.0,79543498.5,136828471164.37914,274.12477435843357,1720.1716512931491
CHL,Chile,Ind,149882.0,42904751902.78789,26904391093.042427,18389435778.95758,0.0,0.0,45304700.0,88198578774.78789,302.2691183731202,1946.7865094523943
CHL,Chile,Res,3912913.63532937,180530596636.21045,256356292071.99557,263679816542.27405,6244285.0,19465654.552,559275870.0,700566705250.4801,142.93079840821042,1252.6317383413666
