ID_0,NAME_0,OCCUPANCY,BUILDINGS,COST_CONTENTS_USD,COST_NONSTRUCTURAL_USD,COST_STRUCTURAL_USD,DWELLINGS,OCCUPANTS_PER_ASSET,TOTAL_AREA_SQM,TOTAL_REPL_COST_USD,AVG_BUILDING_AREA_SQM,AVG_TOT_COST_PER_AREA_USD
MYS,Malaysia,Com,519942.0,27379068970.862473,22775669432.10956,19125946567.89044,800311.0,0.0,67378600.0,69280684970.86247,129.58868489177638,1028.2298084386211
MYS,Malaysia,Ind,90685.0,14199129000.0,7070531866.666667,5827490633.333333,90685.0,0.0,31101550.0,27097151500.0,342.9624524452776,871.2476227069069
MYS,Malaysia,Res,5971742.0,131760933272.05882,226090435426.47058,187839726448.52942,7288273.0,27484595.6,757332600.0,545691095147.05884,126.81937699250905,720.543517005684
