ID_0,NAME_0,OCCUPANCY,BUILDINGS,COST_CONTENTS_USD,COST_NONSTRUCTURAL_USD,COST_STRUCTURAL_USD,DWELLINGS,OCCUPANTS_PER_ASSET,TOTAL_AREA_SQM,TOTAL_REPL_COST_USD,AVG_BUILDING_AREA_SQM,AVG_TOT_COST_PER_AREA_USD
COM,Comoros,Com,2882.0,60321182.0,65119960.0,81344929.0,0.0,0.0,543041.0,206786079.0,188.42505204718944,380.79275597975106
COM,Comoros,Ind,1111.0,33719319.0,25397683.0,40106456.0,0.0,0.0,313741.0,99223443.0,282.3951395139514,316.25908950376265
COM,Comoros,Res,150929.0,432021510.0,733226271.0,1324964374.0,156990.0,855913.0,11758781.0,2490212132.0,77.90935472970735,211.7746841275469
