ID_0,NAME_0,ID_1,NAME_1,OCCUPANCY,BUILDINGS,COST_CONTENTS_USD,COST_NONSTRUCTURAL_USD,COST_STRUCTURAL_USD,DWELLINGS,OCCUPANTS_PER_ASSET,TOTAL_AREA_SQM,TOTAL_REPL_COST_USD,AVG_BUILDING_AREA_SQM,AVG_TOT_COST_PER_AREA_USD
COM,Comoros,COM-ADM1-1590546715-B1,Moheli,Com,1161.0,24381979.0,26329631.0,32915578.0,0.0,0.0,219489.0,83627194.0,189.0516795865633,381.00858812970125
COM,Comoros,COM-ADM1-1590546715-B1,Moheli,Ind,451.0,13733547.0,10350650.0,16270872.0,0.0,0.0,127388.0,40355062.0,282.45676274944566,316.7885672119823
COM,Comoros,COM-ADM1-1590546715-B1,Moheli,Res,60843.0,174180507.0,295612406.0,534165943.0,63289.0,345050.0,4740371.0,1003958847.0,77.91152638758773,211.78908718326056
COM,Comoros,COM-ADM1-1590546715-B2,Anjouan,Com,214.0,4287281.0,4608856.0,5706787.0,0.0,0.0,38755.0,14602928.0,181.0981308411215,376.8011353373758
COM,Comoros,COM-ADM1-1590546715-B2,Anjouan,Ind,78.0,2148533.0,1607184.0,2706742.0,0.0,0.0,21167.0,6462456.0,271.37179487179486,305.3080738886002
COM,Comoros,COM-ADM1-1590546715-B2,Anjouan,Res,11482.0,32792738.0,55670671.0,100634405.0,11934.0,65050.0,893654.0,189097802.0,77.83086570283923,211.60068885720872
COM,Comoros,COM-ADM1-1590546715-B3,Grande Comore,Com,1507.0,31651922.0,34181473.0,42722564.0,0.0,0.0,284797.0,108555957.0,188.98274717982747,381.16959448308796
COM,Comoros,COM-ADM1-1590546715-B3,Grande Comore,Ind,582.0,17837239.0,13439849.0,21128842.0,0.0,0.0,165186.0,52405925.0,283.82474226804123,317.254034845568
COM,Comoros,COM-ADM1-1590546715-B3,Grande Comore,Res,78604.0,225048265.0,381943194.0,690164026.0,81767.0,445813.0,6124756.0,1297155483.0,77.91913897511577,211.78892399958463
