ID_0,NAME_0,OCCUPANCY,MACRO_TAXONOMY,TAXONOMY,TAXONOMY_HAZUS,SETTLEMENT,BUILDINGS,BLDG_REPL_COST_USD,COST_CONTENTS_USD,COST_NONSTRUCTURAL_USD,COST_STRUCTURAL_USD,OCCUPANTS_TOTAL,TOTAL_AREA_SQM,TOTAL_REPL_COST_USD,CARBON_BUILDINGS_TON,DWELLINGS,AVG_BUILDING_AREA_SQM,AVG_BLDG_COST_PER_AREA_USD
ASM,American Samoa,COM,CR-,CR+PC/LDUAL/CDN+ERL/H:1-3/COM:1,PC2L/PC/COM1,TOTAL,18.0,14275212.0,14275212.0,10078299.0,4196912.0,4.0,8150.0,28550425.0,4485.0,0.0,453.0,1752.0
ASM,American Samoa,IND,CR-,CR+PC/LWAL/CDL+ERL/H:1/IND:1,PC1/LC/IND1,TOTAL,27.0,22015930.0,33023895.0,18559429.0,3456501.0,1.0,10324.0,55039825.0,5817.0,0.0,382.0,2132.0
ASM,American Samoa,IND,CR-,CR+PC/LWAL/CDL+ERL/H:1/IND:2,PC1/LC/IND2,TOTAL,21.0,40412723.0,60619081.0,34067927.0,6344798.0,3.0,22754.0,101031804.0,12819.0,0.0,1084.0,1776.0
ASM,American Samoa,COM,CR-,CR+PC/LWAL/CDN+ERL/H:1/COM:1,PC1/PC/COM1,TOTAL,62.0,49038835.0,49038835.0,34621417.0,14417417.0,18.0,27996.0,98077670.0,16160.0,0.0,452.0,1752.0
ASM,American Samoa,IND,CR-,CR+PC/LWAL/CDN+ERL/H:1/IND:1,PC1/PC/IND1,TOTAL,14.0,16555427.0,24833332.0,13956225.0,2599202.0,11.0,7764.0,41388760.0,4374.0,0.0,555.0,2132.0
ASM,American Samoa,COM,CR-,CR/LFINF/CDN+ERL/H:1-3/COM:1,C3L/PC/COM1,TOTAL,70.0,50688155.0,50688155.0,35785835.0,14902318.0,19.0,28938.0,101376309.0,15133.0,0.0,413.0,1752.0
ASM,American Samoa,COM,CR-,CR/LFINF/CDN+ERL/H:1-3/COM:5,C3L/PC/COM8,TOTAL,18.0,36190395.0,36190395.0,32571354.0,3619040.0,7.0,10639.0,72380790.0,5564.0,0.0,591.0,3402.0
ASM,American Samoa,IND,CR-,CR/LFINF/CDN+ERL/H:1-3/IND:1,C3L/PC/IND1,TOTAL,14.0,15551150.0,23327093.0,13109619.0,2441531.0,21.0,7293.0,38878243.0,3867.0,0.0,521.0,2132.0
ASM,American Samoa,RES,CR-,CR/LFINF/CDN+ERL/H:1-3/RES:2,C3L/PC/RES3C,TOTAL,4.0,10326900.0,5162290.0,8901788.0,1425112.0,47.0,3306.0,15489190.0,1099.0,11.0,826.0,3124.0
ASM,American Samoa,RES,CR-,CR/LFINF/CDN+ERL/H:1-3/RES:2,C3L/PC/RES3B,TOTAL,14.0,12590715.0,6293131.0,10853197.0,1737519.0,128.0,8526.0,18883846.0,2834.0,31.0,609.0,1477.0
ASM,American Samoa,RES,CR-,CR/LFINF/CDN+ERL/H:1-3/RES:2,C3L/PC/RES3A,TOTAL,2.0,1018480.0,508660.0,877930.0,140550.0,13.0,606.0,1527140.0,202.0,3.0,303.0,1681.0
ASM,American Samoa,IND,CR-,CR/LWAL/CDL+ERL/H:1-3/IND:1,C2L/LC/IND1,TOTAL,23.0,18796491.0,28194737.0,15845442.0,2951049.0,9.0,8815.0,46991228.0,4970.0,0.0,383.0,2132.0
ASM,American Samoa,RES,CR-,CR/LWAL/CDL+ERL/H:1-3/RES:2,C2L/LC/RES3D,TOTAL,2.0,4436014.0,2217526.0,3823844.0,612170.0,21.0,1527.0,6653540.0,620.0,5.0,764.0,2905.0
ASM,American Samoa,RES,CR-,CR/LWAL/CDL+ERL/H:1-3/RES:2,C2L/LC/RES3C,TOTAL,4.0,11584781.0,5791764.0,9986081.0,1598700.0,45.0,3709.0,17376545.0,1505.0,15.0,927.0,3123.0
ASM,American Samoa,RES,CR-,CR/LWAL/CDL+ERL/H:1-3/RES:2,C2L/LC/RES3B,TOTAL,13.0,10912401.0,5455670.0,9406490.0,1505911.0,98.0,7389.0,16368071.0,2999.0,27.0,568.0,1477.0
ASM,American Samoa,RES,CR-,CR/LWAL/CDL+ERL/H:1-3/RES:2,C2L/LC/RES3A,TOTAL,8.0,4987796.0,2493733.0,4299480.0,688316.0,34.0,2969.0,7481529.0,1205.0,10.0,371.0,1680.0
ASM,American Samoa,IND,MR|MCF,MR/LWAL/CDL+ERL/H:1-3/FC:3/IND:1,RM2L/LC/IND1,TOTAL,16.0,13028751.0,19543127.0,10983237.0,2045514.0,1.0,6110.0,32571878.0,3389.0,0.0,382.0,2132.0
ASM,American Samoa,RES,MR|MCF,MR/LWAL/CDL+ERL/H:1-3/FW:4/RES:1,RM1L/LC/RES1,TOTAL,4241.0,1573601682.0,786799931.0,1205378866.0,368222792.0,11882.0,905524.0,2360401614.0,342404.0,3399.0,214.0,1738.0
ASM,American Samoa,RES,MR|MCF,MR/LWAL/CDL+ERL/H:1-3/FW:4/RES:2,RM1L/LC/RES3D,TOTAL,2.0,6143766.0,3071495.0,5295926.0,847840.0,31.0,2115.0,9215261.0,800.0,8.0,1058.0,2905.0
ASM,American Samoa,RES,MR|MCF,MR/LWAL/CDL+ERL/H:1-3/FW:4/RES:2,RM1L/LC/RES3E,TOTAL,1.0,8171040.0,4085520.0,7043436.0,1127603.0,44.0,3015.0,12256560.0,1140.0,11.0,3015.0,2710.0
ASM,American Samoa,RES,MR|MCF,MR/LWAL/CDL+ERL/H:1-3/FW:4/RES:2,RM1L/LC/RES3C,TOTAL,3.0,7989361.0,3994344.0,6886829.0,1102532.0,34.0,2558.0,11983705.0,967.0,10.0,853.0,3123.0
ASM,American Samoa,RES,MR|MCF,MR/LWAL/CDL+ERL/H:1-3/FW:4/RES:2,RM1L/LC/RES3A,TOTAL,17.0,10686883.0,5343087.0,9212093.0,1474790.0,74.0,6360.0,16029970.0,2405.0,21.0,374.0,1680.0
ASM,American Samoa,RES,MR|MCF,MR/LWAL/CDL+ERL/H:1-3/FW:4/RES:2,RM1L/LC/RES3B,TOTAL,6.0,3898342.0,1949171.0,3360371.0,537971.0,36.0,2639.0,5847514.0,998.0,10.0,440.0,1477.0
ASM,American Samoa,COM,MR|MCF,MR/LWAL/CDN+ERL/H:1-3/FC:3/COM:1,RM2L/PC/COM1,TOTAL,26.0,19220532.0,19220532.0,13569695.0,5650836.0,8.0,10973.0,38441064.0,6651.0,0.0,422.0,1752.0
ASM,American Samoa,COM,MUR,MUR/LWAL/CDN+ERL/H:1-2/COM:1,URML/PC/COM1,TOTAL,25.0,18288566.0,18288566.0,12911727.0,5376839.0,7.0,10441.0,36577133.0,6458.0,0.0,418.0,1752.0
ASM,American Samoa,RES,MUR,MUR/LWAL/CDN+ERL/H:1-2/RES:1,URML/PC/RES1,TOTAL,6078.0,2190114165.0,1095054459.0,1677627416.0,512486710.0,21216.0,1254200.0,3285168624.0,576854.0,4659.0,206.0,1746.0
ASM,American Samoa,RES,MUR,MUR/LWAL/CDN+ERL/H:1-2/RES:2,URML/PC/RES3D,TOTAL,1.0,141520.0,70760.0,121990.0,19530.0,1.0,49.0,212280.0,23.0,0.0,49.0,2888.0
ASM,American Samoa,RES,MUR,MUR/LWAL/CDN+ERL/H:1-2/RES:2,URML/PC/RES3A,TOTAL,1.0,679180.0,339300.0,585453.0,93727.0,9.0,404.0,1018480.0,186.0,2.0,404.0,1681.0
ASM,American Samoa,RES,MUR,MUR/LWAL/CDN+ERL/H:1-2/RES:2,URML/PC/RES3B,TOTAL,13.0,11729050.0,5863220.0,10110441.0,1618609.0,135.0,7942.0,17592270.0,3653.0,31.0,611.0,1477.0
ASM,American Samoa,RES,MUR,MUR/LWAL/CDN+ERL/H:1-2/RES:2,URML/PC/RES3C,TOTAL,1.0,3426060.0,1713030.0,2953264.0,472796.0,12.0,1097.0,5139090.0,504.0,3.0,1097.0,3123.0
ASM,American Samoa,COM,S,S/LDUAL/CDN+ERL/H:1-3/COM:1,S4L/PC/COM1,TOTAL,13.0,8811789.0,8811789.0,6221123.0,2590666.0,3.0,5031.0,17623578.0,2312.0,0.0,387.0,1751.0
ASM,American Samoa,COM,S,S/LFM/CDN+ERL/H:1-3/COM:1,S1L/PC/COM1,TOTAL,13.0,10189743.0,10189743.0,7193958.0,2995785.0,2.0,5817.0,20379487.0,2388.0,0.0,447.0,1752.0
ASM,American Samoa,RES,W,W/LFM/CDL+ERL/H:1-2/RES:1,W1/LC/RES1,TOTAL,1209.0,447964075.0,223981770.0,343140474.0,104823593.0,3412.0,257756.0,671945845.0,29653.0,971.0,213.0,1738.0
ASM,American Samoa,RES,W,W/LFM/CDL+ERL/H:2/RES:1,W2/LC/RES1,TOTAL,122.0,45641123.0,22820530.0,34961099.0,10680023.0,340.0,26285.0,68461653.0,3024.0,100.0,215.0,1736.0
ASM,American Samoa,COM,W,W/LFM/CDN+ERL/H:1-2/COM:1,W1/PC/COM1,TOTAL,16.0,9901115.0,9901115.0,6990186.0,2910928.0,4.0,5653.0,19802229.0,1164.0,0.0,353.0,1751.0
ASM,American Samoa,RES,W,W/LFM/CDN+ERL/H:1-2/RES:1,W1/PC/RES1,TOTAL,1738.0,625047677.0,312523095.0,478786508.0,146261154.0,6059.0,357892.0,937570772.0,41173.0,1322.0,206.0,1746.0
ASM,American Samoa,RES,W,W/LFM/CDN+ERL/H:2/RES:1,W2/PC/RES1,TOTAL,171.0,62411984.0,31205912.0,47807578.0,14604404.0,581.0,35771.0,93617895.0,4115.0,128.0,209.0,1745.0
AUS,Australia,IND,CR-,CR+PC/LPB/CDL+ERL/H:1/IND,,TOTAL,12488.0,20444180964.0,6814726993.0,,,0.0,15188418.0,27258907964.0,8047134.0,0.0,1216.0,1346.0
AUS,Australia,IND,CR-,CR+PC/LPB/CDL+ERM/H:1/IND,,TOTAL,8530.0,13851029674.0,4617009867.0,,,0.0,10256689.0,18468039582.0,5434204.0,0.0,1202.0,1350.0
AUS,Australia,IND,CR+,CR/LDUAL/CDH+ERM/H:2/IND,,TOTAL,1283.0,4220515460.0,1406838483.0,,,0.0,2670377.0,5627353946.0,1460840.0,0.0,2081.0,1580.0
AUS,Australia,IND,CR-,CR/LDUAL/CDL+ERL/H:2/IND,,TOTAL,3450.0,11717654019.0,3905884678.0,,,0.0,7401318.0,15623538686.0,4048917.0,0.0,2145.0,1583.0
AUS,Australia,IND,CR+,CR/LDUAL/CDM+ERM/H:2/IND,,TOTAL,1048.0,3621333559.0,1207111199.0,,,0.0,2300255.0,4828444751.0,1258363.0,0.0,2195.0,1574.0
AUS,Australia,COM,CR+,CR/LFINF/CDH+ERM/H:1-3/COM,,TOTAL,13819.0,80907053292.0,20226763364.0,,,0.0,34264665.0,101133816591.0,17918255.0,0.0,2480.0,2361.0
AUS,Australia,COM,CR+,CR/LFINF/CDH+ERM/H:4-7/COM,,TOTAL,9289.0,139302945310.0,34825736333.0,,,0.0,53558551.0,174128681650.0,28086261.0,0.0,5766.0,2601.0
AUS,Australia,COM,CR+,CR/LFINF/CDM+ERM/H:1-3/COM,,TOTAL,11277.0,62416747360.0,15604186854.0,,,0.0,26575971.0,78020934122.0,13897556.0,0.0,2357.0,2349.0
AUS,Australia,COM,CR+,CR/LFINF/CDM+ERM/H:4-7/COM,,TOTAL,7443.0,110739345922.0,27684836468.0,,,0.0,42641903.0,138424182415.0,22361540.0,0.0,5729.0,2597.0
AUS,Australia,COM,CR-,CR/LFINF/CDN+ERL/H:1-3/COM,,TOTAL,38713.0,227421531825.0,56855382938.0,,,0.0,96977503.0,284276914723.0,50713089.0,0.0,2505.0,2345.0
AUS,Australia,COM,CR-,CR/LFINF/CDN+ERL/H:4-7/COM,,TOTAL,25229.0,376514088293.0,94128522079.0,,,0.0,144450869.0,470642610319.0,75750446.0,0.0,5726.0,2607.0
AUS,Australia,COM,CR+,CR/LWAL/CDH+ERM/H:1-3/COM,,TOTAL,3504.0,21491073316.0,5372768330.0,,,0.0,9135367.0,26863841594.0,5276793.0,0.0,2607.0,2353.0
AUS,Australia,COM,CR+,CR/LWAL/CDH+ERM/H:4-7/COM,,TOTAL,2368.0,34741303166.0,8685325798.0,,,0.0,13438945.0,43426628967.0,7784999.0,0.0,5675.0,2585.0
AUS,Australia,COM,CR+,CR/LWAL/CDH+ERM/H:8-35/COM,,TOTAL,866.0,14102786991.0,3525696749.0,,,0.0,4208551.0,17628483747.0,2465976.0,0.0,4860.0,3351.0
AUS,Australia,COM,CR+,CR/LWAL/CDH+ERM/H:>35/COM,,TOTAL,159.0,4006977415.0,1001744355.0,,,0.0,961538.0,5008721773.0,569009.0,0.0,6047.0,4167.0
AUS,Australia,COM,CR-,CR/LWAL/CDL+ERL/H:1-3/COM,,TOTAL,9658.0,56795940118.0,14198985035.0,,,0.0,24094557.0,70994925179.0,13917551.0,0.0,2495.0,2357.0
AUS,Australia,COM,CR-,CR/LWAL/CDL+ERL/H:4-7/COM,,TOTAL,6280.0,86988492776.0,21747123220.0,,,0.0,33445747.0,108735615977.0,19374666.0,0.0,5326.0,2601.0
AUS,Australia,COM,CR-,CR/LWAL/CDL+ERL/H:8-35/COM,,TOTAL,2269.0,36353303670.0,9088325915.0,,,0.0,10770434.0,45441629601.0,6310871.0,0.0,4747.0,3375.0
AUS,Australia,COM,CR-,CR/LWAL/CDL+ERL/H:>35/COM,,TOTAL,354.0,10158317055.0,2539579265.0,,,0.0,2432960.0,12697896315.0,1439751.0,0.0,6873.0,4175.0
AUS,Australia,COM,CR+,CR/LWAL/CDM+ERM/H:1-3/COM,,TOTAL,2762.0,14523050593.0,3630762642.0,,,0.0,6234991.0,18153813231.0,3601472.0,0.0,2257.0,2329.0
AUS,Australia,COM,CR+,CR/LWAL/CDM+ERM/H:4-7/COM,,TOTAL,1763.0,25945374990.0,6486343734.0,,,0.0,9970373.0,32431718704.0,5775702.0,0.0,5655.0,2602.0
AUS,Australia,COM,CR+,CR/LWAL/CDM+ERM/H:8-35/COM,,TOTAL,639.0,9145294766.0,2286323683.0,,,0.0,2714153.0,11431618434.0,1590342.0,0.0,4248.0,3369.0
AUS,Australia,COM,CR+,CR/LWAL/CDM+ERM/H:>35/COM,,TOTAL,127.0,3816899188.0,954224798.0,,,0.0,907223.0,4771123984.0,536867.0,0.0,7143.0,4207.0
AUS,Australia,IND,MR|MCF,MR+CB/LWAL/CDH+ERM/H:1/IND,,TOTAL,1148.0,2785357423.0,928452477.0,,,0.0,2118912.0,3713809890.0,1272850.0,0.0,1846.0,1315.0
AUS,Australia,IND,MR|MCF,MR+CB/LWAL/CDM+ERM/H:1/IND,,TOTAL,982.0,2418184184.0,806061387.0,,,0.0,1833648.0,3224245586.0,1101490.0,0.0,1867.0,1319.0
AUS,Australia,IND,MR|MCF,MR+CB/LWAL/CDN+ERL/H:1/IND,,TOTAL,3282.0,8147662191.0,2715887389.0,,,0.0,6197424.0,10863549558.0,3722849.0,0.0,1888.0,1315.0
AUS,Australia,RES,MUR,MUR+CB/LWAL/CDN+ERN/H:1/RES,,TOTAL,299768.0,140030331411.0,18629604003.0,,,735983.0,84880755.0,158659935414.0,41531683.0,299768.0,283.0,1650.0
AUS,Australia,RES,MUR,MUR+CB/LWAL/CDN+ERN/H:2/RES,,TOTAL,311475.0,151774215656.0,19744029868.0,,,899488.0,92570325.0,171518245524.0,45321604.0,383479.0,297.0,1640.0
AUS,Australia,RES,MUR,MUR+CB/LWAL/CDN+ERN/H:3/RES,,TOTAL,2209.0,6128342462.0,595240663.0,,,64814.0,3028607.0,6723583125.0,1483678.0,44170.0,1371.0,2023.0
AUS,Australia,RES,MUR,MUR+CB/LWAL/CDN+ERN/H:4/RES,,TOTAL,1471.0,12695719154.0,1251156498.0,,,123852.0,6435663.0,13946875652.0,3154656.0,88280.0,4375.0,1973.0
AUS,Australia,IND,MUR,MUR+CL/LWAL/CDN+ERL/H:1/IND,,TOTAL,20268.0,32255013699.0,10751671238.0,,,0.0,24430802.0,43006684929.0,13865814.0,0.0,1205.0,1320.0
AUS,Australia,COM,MUR,MUR+CL/LWAL/CDN+ERN/H:1-3/COM,,TOTAL,15740.0,68096196776.0,17024049209.0,,,0.0,30221360.0,85120246025.0,18692472.0,0.0,1920.0,2253.0
AUS,Australia,RES,MUR,MUR+CL/LWAL/CDN+ERN/H:1/RES,,TOTAL,1198984.0,559025792303.0,74477799410.0,,,2947079.0,338980745.0,633503591713.0,155821015.0,1198984.0,283.0,1649.0
AUS,Australia,RES,MUR,MUR+CL/LWAL/CDN+ERN/H:2/RES,,TOTAL,1247311.0,607842686731.0,79077968489.0,,,3588557.0,370793264.0,686920655221.0,170542013.0,1533329.0,297.0,1639.0
AUS,Australia,RES,MUR,MUR+CL/LWAL/CDN+ERN/H:3/RES,,TOTAL,8858.0,24302527991.0,2405819193.0,,,260046.0,12034694.0,26708347184.0,5538393.0,177165.0,1359.0,2019.0
AUS,Australia,COM,MUR,MUR+CL/LWAL/CDN+ERN/H:4-7/COM,,TOTAL,4397.0,41551722311.0,10387930592.0,,,0.0,15110636.0,51939652889.0,9368699.0,0.0,3437.0,2750.0
AUS,Australia,RES,MUR,MUR+CL/LWAL/CDN+ERN/H:4/RES,,TOTAL,5793.0,51741634004.0,5126467734.0,,,487950.0,26146190.0,56868101738.0,12039395.0,347553.0,4513.0,1979.0
AUS,Australia,COM,S,S/LFBR/CDH+ERM/H:1-3/COM,,TOTAL,1860.0,10384662696.0,2596165670.0,,,0.0,4205311.0,12980828368.0,1879807.0,0.0,2261.0,2469.0
AUS,Australia,COM,S,S/LFBR/CDH+ERM/H:4-7/COM,,TOTAL,984.0,12493863273.0,3123465818.0,,,0.0,4700919.0,15617329089.0,2104950.0,0.0,4777.0,2658.0
AUS,Australia,COM,S,S/LFBR/CDH+ERM/H:8-35/COM,,TOTAL,25.0,435846644.0,108961661.0,,,0.0,122409.0,544808304.0,55187.0,0.0,4896.0,3561.0
AUS,Australia,COM,S,S/LFBR/CDM+ERM/H:1-3/COM,,TOTAL,1497.0,9264284034.0,2316071011.0,,,0.0,3699319.0,11580355045.0,1653625.0,0.0,2471.0,2504.0
AUS,Australia,COM,S,S/LFBR/CDM+ERM/H:4-7/COM,,TOTAL,790.0,11306731517.0,2826682876.0,,,0.0,4247744.0,14133414407.0,1902029.0,0.0,5377.0,2662.0
AUS,Australia,COM,S,S/LFBR/CDM+ERM/H:8-35/COM,,TOTAL,17.0,373180218.0,93295056.0,,,0.0,103039.0,466475274.0,46454.0,0.0,6061.0,3622.0
AUS,Australia,COM,S,S/LFBR/CDN+ERL/H:1-3/COM,,TOTAL,5019.0,27431868451.0,6857967129.0,,,0.0,11052798.0,34289835562.0,4940686.0,0.0,2202.0,2482.0
AUS,Australia,COM,S,S/LFBR/CDN+ERL/H:4-7/COM,,TOTAL,2691.0,41371831960.0,10342957997.0,,,0.0,15698120.0,51714789937.0,7029208.0,0.0,5834.0,2635.0
AUS,Australia,COM,S,S/LFBR/CDN+ERL/H:8-35/COM,,TOTAL,81.0,1567945128.0,391986283.0,,,0.0,443482.0,1959931410.0,199940.0,0.0,5475.0,3536.0
AUS,Australia,COM,S,S/LFM/CDH+ERM/H:1-3/COM,,TOTAL,7319.0,38558684342.0,9639671107.0,,,0.0,15703158.0,48198355495.0,6446044.0,0.0,2146.0,2455.0
AUS,Australia,IND,S,S/LFM/CDH+ERM/H:1/IND,,TOTAL,23666.0,40484388905.0,17350452346.0,,,0.0,30953581.0,57834841165.0,11962043.0,0.0,1308.0,1308.0
AUS,Australia,COM,S,S/LFM/CDH+ERM/H:4-7/COM,,TOTAL,3856.0,55436094119.0,13859023546.0,,,0.0,20853414.0,69295117651.0,8575649.0,0.0,5408.0,2658.0
AUS,Australia,COM,S,S/LFM/CDH+ERM/H:8-35/COM,,TOTAL,113.0,2185181079.0,546295269.0,,,0.0,609944.0,2731476353.0,252639.0,0.0,5398.0,3583.0
AUS,Australia,COM,S,S/LFM/CDH+ERM/H:>35/COM,,TOTAL,12.0,375514180.0,93878545.0,,,0.0,87454.0,469392724.0,36451.0,0.0,7288.0,4294.0
AUS,Australia,COM,S,S/LFM/CDM+ERM/H:1-3/COM,,TOTAL,6013.0,31868917576.0,7967229407.0,,,0.0,12946001.0,39836147007.0,5314250.0,0.0,2153.0,2462.0
AUS,Australia,IND,S,S/LFM/CDM+ERM/H:1/IND,,TOTAL,18800.0,31750127064.0,13607197291.0,,,0.0,24254781.0,45357324335.0,9373286.0,0.0,1290.0,1309.0
AUS,Australia,COM,S,S/LFM/CDM+ERM/H:4-7/COM,,TOTAL,3126.0,48232774614.0,12058193667.0,,,0.0,17981647.0,60290968254.0,7394678.0,0.0,5752.0,2682.0
AUS,Australia,COM,S,S/LFM/CDM+ERM/H:8-35/COM,,TOTAL,88.0,1338905672.0,334726420.0,,,0.0,375799.0,1673632092.0,155656.0,0.0,4270.0,3563.0
AUS,Australia,COM,S,S/LFM/CDM+ERM/H:>35/COM,,TOTAL,9.0,56983517.0,14245880.0,,,0.0,12789.0,71229398.0,5330.0,0.0,1421.0,4456.0
AUS,Australia,COM,S,S/LFM/CDN+ERL/H:1-3/COM,,TOTAL,20356.0,114977924020.0,28744481045.0,,,0.0,45919886.0,143722405044.0,18849802.0,0.0,2256.0,2504.0
AUS,Australia,IND,S,S/LFM/CDN+ERL/H:1/IND,,TOTAL,62255.0,106941193023.0,45831939845.0,,,0.0,81927763.0,152773132696.0,31661057.0,0.0,1316.0,1305.0
AUS,Australia,COM,S,S/LFM/CDN+ERL/H:4-7/COM,,TOTAL,10494.0,152257050316.0,38064262604.0,,,0.0,57627807.0,190321312902.0,23698551.0,0.0,5492.0,2642.0
AUS,Australia,COM,S,S/LFM/CDN+ERL/H:8-35/COM,,TOTAL,329.0,6019629220.0,1504907300.0,,,0.0,1701331.0,7524536521.0,704693.0,0.0,5171.0,3538.0
AUS,Australia,COM,S,S/LFM/CDN+ERL/H:>35/COM,,TOTAL,35.0,2158417350.0,539604337.0,,,0.0,494615.0,2698021690.0,206154.0,0.0,14132.0,4364.0
AUS,Australia,RES,W,W+WLI/LWAL/CDH+ERM/H:1/RES,,TOTAL,687402.0,344535412033.0,41731563414.0,,,1687238.0,208502457.0,386266975447.0,23083308.0,687402.0,303.0,1652.0
AUS,Australia,RES,W,W+WLI/LWAL/CDH+ERM/H:2/RES,,TOTAL,711176.0,363163226914.0,44173161218.0,,,1982717.0,221339759.0,407336388132.0,24518749.0,848630.0,311.0,1641.0
AUS,Australia,RES,W,W+WLI/LWAL/CDH+ERM/H:3/RES,,TOTAL,4896.0,12078575641.0,1192611894.0,,,135091.0,6077919.0,13271187535.0,673673.0,97921.0,1241.0,1987.0
AUS,Australia,RES,W,W+WLI/LWAL/CDH+ERM/H:4/RES,,TOTAL,2257.0,18141995332.0,1832753819.0,,,171358.0,9210105.0,19974749150.0,1021426.0,135415.0,4081.0,1970.0
AUS,Australia,RES,W,W+WLI/LWAL/CDM+ERM/H:1/RES,,TOTAL,545137.0,271969126984.0,33146110322.0,,,1335216.0,164779834.0,305115237305.0,18242805.0,545137.0,302.0,1651.0
AUS,Australia,RES,W,W+WLI/LWAL/CDM+ERM/H:2/RES,,TOTAL,562161.0,285884773580.0,34931426675.0,,,1555533.0,174458768.0,320816200255.0,19325571.0,667613.0,310.0,1639.0
AUS,Australia,RES,W,W+WLI/LWAL/CDM+ERM/H:3/RES,,TOTAL,3789.0,9373882288.0,928346717.0,,,102937.0,4712406.0,10302229005.0,522321.0,75775.0,1244.0,1989.0
AUS,Australia,RES,W,W+WLI/LWAL/CDM+ERM/H:4/RES,,TOTAL,1828.0,14829650443.0,1514647426.0,,,142473.0,7542758.0,16344297869.0,836513.0,109700.0,4126.0,1966.0
AUS,Australia,RES,W,W+WLI/LWAL/CDN+ERL/H:1/RES,,TOTAL,1767841.0,884766336259.0,107583970767.0,,,4335697.0,535971346.0,992350307025.0,59337171.0,1767841.0,303.0,1651.0
AUS,Australia,RES,W,W+WLI/LWAL/CDN+ERL/H:2/RES,,TOTAL,1827881.0,933231111271.0,113744207074.0,,,5094963.0,569462271.0,1046975318346.0,63081542.0,2189272.0,312.0,1639.0
AUS,Australia,RES,W,W+WLI/LWAL/CDN+ERL/H:3/RES,,TOTAL,12983.0,32359192418.0,3204063431.0,,,353638.0,16284308.0,35563255848.0,1804935.0,259657.0,1254.0,1987.0
AUS,Australia,RES,W,W+WLI/LWAL/CDN+ERL/H:4/RES,,TOTAL,5945.0,47840847309.0,4912708619.0,,,466630.0,24464080.0,52753555928.0,2713130.0,356690.0,4115.0,1956.0
COK,Cook Islands,RES,OT,MATO/LPB/CDN+ERM/H:1/RES,,TOTAL,439.0,40324153.0,10081038.0,,,618.0,76808.0,50405191.0,8831.0,219.0,175.0,525.0
COK,Cook Islands,RES,OT,MATO/LPB/CDN+ERM/H:2-4/RES,,TOTAL,8.0,1479860.0,369965.0,,,23.0,2819.0,1849825.0,324.0,8.0,352.0,525.0
COK,Cook Islands,COM,OT,ME+MEIR/LFM/CDL+ERM/H:1/COM,,TOTAL,86.0,20131924.0,5032980.0,,,0.0,25884.0,25164908.0,1096.0,0.0,301.0,778.0
COK,Cook Islands,IND,OT,ME+MEIR/LFM/CDL+ERM/H:1/IND,,TOTAL,19.0,6193061.0,2064353.0,,,0.0,7622.0,8257415.0,323.0,0.0,401.0,813.0
COK,Cook Islands,COM,MUR,MUR+CBH/LWAL/CDN+ERL/H:1/COM,,TOTAL,676.0,195219595.0,48804898.0,,,0.0,202826.0,244024493.0,114398.0,0.0,300.0,962.0
COK,Cook Islands,IND,MUR,MUR+CBH/LWAL/CDN+ERL/H:1/IND,,TOTAL,26.0,11441827.0,3813942.0,,,0.0,11735.0,15255767.0,5972.0,0.0,451.0,975.0
COK,Cook Islands,RES,MUR,MUR+CBH/LWAL/CDN+ERL/H:1/RES,,TOTAL,4880.0,1054067576.0,263516895.0,,,6824.0,975988.0,1317584470.0,405441.0,2440.0,200.0,1080.0
COK,Cook Islands,COM,MUR,MUR+CBH/LWAL/CDN+ERL/H:2-3/COM,,TOTAL,151.0,103353057.0,25838262.0,,,0.0,90860.0,129191320.0,51280.0,0.0,602.0,1137.0
COK,Cook Islands,RES,MUR,MUR+CBH/LWAL/CDN+ERL/H:2-4/RES,,TOTAL,136.0,85637820.0,21409454.0,,,393.0,67967.0,107047274.0,28269.0,136.0,500.0,1260.0
COK,Cook Islands,IND,MUR,MUR+CBH/LWAL/CDN+ERL/H:2/IND,,TOTAL,4.0,3194253.0,1064751.0,,,0.0,2808.0,4259004.0,1430.0,0.0,702.0,1138.0
COK,Cook Islands,COM,W,W+WLI/LFM/CDL+ERH/H:1/COM,,TOTAL,766.0,229921129.0,76640376.0,,,0.0,191601.0,306561505.0,39426.0,0.0,250.0,1200.0
COK,Cook Islands,IND,W,W+WLI/LFM/CDL+ERH/H:1/IND,,TOTAL,21.0,13035498.0,8690331.0,,,0.0,9480.0,21725829.0,1842.0,0.0,451.0,1375.0
COK,Cook Islands,RES,W,W+WLI/LFM/CDL+ERH/H:1/RES,,TOTAL,1769.0,322011016.0,80502752.0,,,2513.0,309626.0,402513769.0,35599.0,885.0,175.0,1040.0
COK,Cook Islands,RES,W,W+WLI/LFM/CDL+ERH/H:2/RES,,TOTAL,30.0,5494259.0,1373565.0,,,41.0,5283.0,6867824.0,608.0,15.0,176.0,1040.0
COK,Cook Islands,RES,W,W/LPB/CDN+ERM/H:1/RES,,TOTAL,2018.0,321310326.0,80327582.0,,,2850.0,353088.0,401637908.0,40596.0,1009.0,175.0,910.0
FJI,Fiji,IND,CR-,CR/LFM/CDL+ERM/H:1-2/IND,,TOTAL,371.0,139205273.0,46401758.0,,,0.0,92804.0,185607032.0,49210.0,0.0,250.0,1500.0
FJI,Fiji,COM,CR-,CR/LFM/CDL+ERM/H:1/COM,,TOTAL,1443.0,216408969.0,38189820.0,,,0.0,144273.0,254598787.0,75393.0,0.0,100.0,1500.0
FJI,Fiji,RES,CR-,CR/LFM/CDL+ERM/H:1/RES,,Rural,10068.0,1359236568.0,239865277.0,,,43447.0,906158.0,1599101846.0,300987.0,10068.0,90.0,1500.0
FJI,Fiji,RES,CR-,CR/LFM/CDL+ERM/H:1/RES,,Urban,36959.0,4989517773.0,880503136.0,,,154280.0,3326345.0,5870020910.0,1104869.0,36959.0,90.0,1500.0
FJI,Fiji,COM,CR-,CR/LFM/CDL+ERM/H:2-4/COM,,TOTAL,280.0,126196786.0,22270022.0,,,0.0,84131.0,148466806.0,44026.0,0.0,300.0,1500.0
FJI,Fiji,RES,CR-,CR/LFM/CDL+ERM/H:2-4/RES,,Urban,13860.0,4157931479.0,733752614.0,,,115710.0,2771954.0,4891684092.0,921951.0,27720.0,200.0,1500.0
FJI,Fiji,RES,CR-,CR/LFM/CDL+ERM/H:2/RES,,Rural,1259.0,377565714.0,66629245.0,,,10862.0,251710.0,444194960.0,83663.0,2517.0,200.0,1500.0
FJI,Fiji,RES,OT,MATO/LN/CDN+ERN/H:1/RES,,Urban,1983.0,14869112.0,3717278.0,,,6733.0,59476.0,18586389.0,27340.0,1983.0,30.0,250.0
FJI,Fiji,COM,OT,ME+MEIR/LN/CDN+ERM/H:1/COM,,TOTAL,1550.0,92986779.0,23246695.0,,,0.0,154978.0,116233474.0,63589.0,0.0,100.0,600.0
FJI,Fiji,IND,OT,ME+MEIR/LN/CDN+ERM/H:1/IND,,TOTAL,334.0,26087677.0,8695893.0,,,0.0,43479.0,34783569.0,16803.0,0.0,130.0,600.0
FJI,Fiji,RES,OT,ME+MEIR/LN/CDN+ERM/H:1/RES,,Urban,23437.0,468735247.0,117183812.0,,,84395.0,1171838.0,585919057.0,371783.0,23437.0,50.0,400.0
FJI,Fiji,RES,OT,ME+MEIR/LN/CDN+ERM/H:1/RES,,Rural,27197.0,475948319.0,118987080.0,,,111705.0,1359852.0,594935398.0,431433.0,27197.0,50.0,350.0
FJI,Fiji,COM,OT,ME+MEIR/LPB/CDN+ERM/H:1/COM,,TOTAL,1550.0,92986779.0,23246695.0,,,0.0,154978.0,116233474.0,63589.0,0.0,100.0,600.0
FJI,Fiji,IND,OT,ME+MEIR/LPB/CDN+ERM/H:1/IND,,TOTAL,334.0,26087677.0,8695893.0,,,0.0,43479.0,34783569.0,16803.0,0.0,130.0,600.0
FJI,Fiji,RES,OT,ME+MEIR/LPB/CDN+ERM/H:1/RES,,Rural,11656.0,203977851.0,50994463.0,,,47874.0,582794.0,254972315.0,184900.0,11656.0,50.0,350.0
FJI,Fiji,RES,OT,ME+MEIR/LPB/CDN+ERM/H:1/RES,,Urban,10044.0,200886533.0,50221634.0,,,36169.0,502216.0,251108167.0,159335.0,10044.0,50.0,400.0
FJI,Fiji,COM,MUR,MUR+CB/LWAL/CDN+ERN/H:1/COM,,TOTAL,1627.0,40670980.0,10167745.0,,,0.0,81342.0,50838725.0,53345.0,0.0,50.0,500.0
FJI,Fiji,IND,MUR,MUR+CB/LWAL/CDN+ERN/H:1/IND,,TOTAL,351.0,26309527.0,8769842.0,,,0.0,52619.0,35079370.0,31609.0,0.0,150.0,500.0
FJI,Fiji,RES,MUR,MUR+CB/LWAL/CDN+ERN/H:1/RES,,Rural,10987.0,263676286.0,65919071.0,,,46924.0,659191.0,329595356.0,322537.0,10987.0,60.0,400.0
FJI,Fiji,RES,MUR,MUR+CB/LWAL/CDN+ERN/H:1/RES,,Urban,21490.0,580241384.0,145060346.0,,,85724.0,1289425.0,725301728.0,630907.0,21490.0,60.0,450.0
FJI,Fiji,RES,W,W+WBB/LWAL/CDN+ERM/H:1/RES,,Rural,902.0,21658553.0,5414638.0,,,3804.0,54146.0,27073191.0,3998.0,902.0,60.0,400.0
FJI,Fiji,RES,W,W+WBB/LWAL/CDN+ERM/H:1/RES,,Urban,46.0,1251138.0,312783.0,,,180.0,2780.0,1563921.0,205.0,46.0,60.0,450.0
FJI,Fiji,COM,W,W+WLI/LPB/CDN+ERL/H:1/COM,,TOTAL,1550.0,37194710.0,12398233.0,,,0.0,92987.0,49592951.0,19134.0,0.0,60.0,400.0
FJI,Fiji,IND,W,W+WLI/LPB/CDN+ERL/H:1/IND,,TOTAL,334.0,20067443.0,10805548.0,,,0.0,50169.0,30872990.0,9748.0,0.0,150.0,400.0
FJI,Fiji,RES,W,W+WLI/LPB/CDN+ERL/H:1/RES,,Rural,24797.0,650918620.0,162729657.0,,,102198.0,1859767.0,813648277.0,213824.0,24797.0,75.0,350.0
FJI,Fiji,RES,W,W+WLI/LPB/CDN+ERL/H:1/RES,,Urban,23117.0,693508589.0,173377147.0,,,83149.0,1733771.0,866885736.0,199337.0,23117.0,75.0,400.0
GUM,Guam,COM,CR+,CR+PC/LDUAL/CDM+ERM/H:1-3/COM:1,PC2L/MC/COM1,TOTAL,127.0,129394343.0,129394343.0,91352402.0,38041937.0,61.0,73869.0,258788687.0,40649.0,0.0,582.0,1752.0
GUM,Guam,IND,CR+,CR+PC/LDUAL/CDM+ERM/H:1-3/IND:1,PC2L/MC/IND1,TOTAL,83.0,127367766.0,191052573.0,107371025.0,19996740.0,9.0,59730.0,318420340.0,32676.0,0.0,720.0,2132.0
GUM,Guam,RES,CR+,CR+PC/LDUAL/CDM+ERM/H:1-3/RES:2,PC2L/MC/RES3F,TOTAL,1.0,3548440.0,1773640.0,3058755.0,489685.0,4.0,1430.0,5322080.0,528.0,17.0,1430.0,2481.0
GUM,Guam,RES,CR+,CR+PC/LDUAL/CDM+ERM/H:1-3/RES:2,PC2L/MC/RES3E,TOTAL,1.0,2565920.0,1282960.0,2211823.0,354097.0,8.0,947.0,3848880.0,350.0,5.0,947.0,2710.0
GUM,Guam,RES,CR+,CR+PC/LDUAL/CDM+ERM/H:1-3/RES:2,PC2L/MC/RES3D,TOTAL,1.0,2870460.0,1435167.0,2474337.0,396124.0,3.0,988.0,4305628.0,365.0,14.0,988.0,2905.0
GUM,Guam,RES,CR+,CR+PC/LDUAL/CDM+ERM/H:1-3/RES:2,PC2L/MC/RES3C,TOTAL,122.0,151914948.0,75956937.0,130950682.0,20964262.0,378.0,48630.0,227871884.0,17951.0,332.0,399.0,3124.0
GUM,Guam,RES,CR+,CR+PC/LDUAL/CDM+ERM/H:1-3/RES:2,PC2L/MC/RES3B,TOTAL,11.0,6921516.0,3460615.0,5966347.0,955169.0,30.0,4686.0,10382131.0,1730.0,40.0,426.0,1477.0
GUM,Guam,RES,CR+,CR+PC/LDUAL/CDM+ERM/H:1-3/RES:2,PC2L/MC/RES3A,TOTAL,46.0,34526872.0,17263314.0,29762163.0,4764708.0,71.0,20549.0,51790186.0,7585.0,49.0,447.0,1680.0
GUM,Guam,COM,CR+,CR+PC/LWAL/CDM+ERM/H:1/COM:1,PC1/MC/COM1,TOTAL,376.0,357826928.0,357826928.0,252625802.0,105201117.0,177.0,204279.0,715653856.0,117911.0,0.0,543.0,1752.0
GUM,Guam,COM,CR+,CR+PC/LWAL/CDM+ERM/H:1/COM:3B,PC1/MC/COM3,TOTAL,18.0,18395388.0,18395388.0,15415335.0,2980053.0,6.0,8631.0,36790775.0,4982.0,0.0,480.0,2131.0
GUM,Guam,COM,CR+,CR+PC/LWAL/CDM+ERM/H:1/COM:5,PC1/MC/COM8,TOTAL,22.0,72737758.0,72737758.0,65463981.0,7273776.0,29.0,21382.0,145475517.0,12342.0,0.0,972.0,3402.0
GUM,Guam,IND,CR+,CR+PC/LWAL/CDM+ERM/H:1/IND:1,PC1/MC/IND1,TOTAL,307.0,472496476.0,708747344.0,398314535.0,74181950.0,15.0,221581.0,1181243820.0,124835.0,0.0,722.0,2132.0
GUM,Guam,IND,CR+,CR+PC/LWAL/CDM+ERM/H:1/IND:2,PC1/MC/IND2,TOTAL,12.0,28321586.0,42483811.0,23875097.0,4446489.0,1.0,15947.0,70805397.0,8984.0,0.0,1329.0,1776.0
GUM,Guam,IND,CR+,CR+PC/LWAL/CDM+ERM/H:1/IND:5,PC1/MC/IND5,TOTAL,17.0,86810818.0,130217773.0,73181518.0,13629299.0,5.0,28736.0,217028591.0,16190.0,0.0,1690.0,3021.0
GUM,Guam,COM,CR+,CR/LFM/CDM+ERM/H:1-3/COM:1,C1L/MC/COM1,TOTAL,161.0,159240112.0,159240112.0,112423514.0,46816593.0,64.0,90908.0,318480225.0,47539.0,0.0,565.0,1752.0
GUM,Guam,COM,CR+,CR/LFM/CDM+ERM/H:1-3/COM:5,C1L/MC/COM8,TOTAL,10.0,28179661.0,28179661.0,25361694.0,2817966.0,10.0,8284.0,56359322.0,4332.0,0.0,828.0,3402.0
GUM,Guam,IND,CR+,CR/LFM/CDM+ERM/H:1-3/IND:1,C1L/MC/IND1,TOTAL,29.0,37792138.0,56688250.0,31858772.0,5933366.0,1.0,17723.0,94480388.0,9398.0,0.0,611.0,2132.0
GUM,Guam,RES,CR+,CR/LFM/CDM+ERM/H:1-3/RES:3,C1L/MC/RES4,TOTAL,18.0,78658941.0,39329276.0,67961327.0,10697617.0,258.0,30794.0,117988217.0,10235.0,0.0,1711.0,2554.0
GUM,Guam,COM,CR+,CR/LWAL/CDM+ERM/H:1-3/COM:1,C2L/MC/COM1,TOTAL,259.0,240524768.0,240524768.0,169810478.0,70714281.0,101.0,137312.0,481049536.0,79315.0,0.0,530.0,1752.0
GUM,Guam,COM,CR+,CR/LWAL/CDM+ERM/H:1-3/COM:3,C2L/MC/COM4,TOTAL,17.0,75386634.0,75386634.0,60912404.0,14474234.0,6.0,28128.0,150773268.0,16247.0,0.0,1655.0,2680.0
GUM,Guam,COM,CR+,CR/LWAL/CDM+ERM/H:1-3/COM:3B,C2L/MC/COM3,TOTAL,11.0,9466302.0,9466302.0,7932761.0,1533541.0,2.0,4442.0,18932603.0,2566.0,0.0,404.0,2131.0
GUM,Guam,COM,CR+,CR/LWAL/CDM+ERM/H:1-3/COM:5,C2L/MC/COM8,TOTAL,80.0,271056491.0,271056491.0,243950838.0,27105649.0,66.0,79680.0,542112981.0,46025.0,0.0,996.0,3402.0
GUM,Guam,IND,CR+,CR/LWAL/CDM+ERM/H:1-3/IND:1,C2L/MC/IND1,TOTAL,253.0,394195805.0,591296981.0,332307059.0,61888742.0,21.0,184862.0,985492786.0,104234.0,0.0,731.0,2132.0
GUM,Guam,RES,CR+,CR/LWAL/CDM+ERM/H:1-3/RES:2,C2L/MC/RES3F,TOTAL,3.0,11869816.0,5934328.0,10231781.0,1638035.0,18.0,4781.0,17804144.0,1941.0,68.0,1594.0,2483.0
GUM,Guam,RES,CR+,CR/LWAL/CDM+ERM/H:1-3/RES:2,C2L/MC/RES3E,TOTAL,10.0,36015240.0,18007452.0,31045136.0,4970103.0,90.0,13290.0,54022692.0,5394.0,90.0,1329.0,2710.0
GUM,Guam,RES,CR+,CR/LWAL/CDM+ERM/H:1-3/RES:2,C2L/MC/RES3A,TOTAL,174.0,134860891.0,67428180.0,116250085.0,18610802.0,382.0,80264.0,202289071.0,32579.0,215.0,461.0,1680.0
GUM,Guam,RES,CR+,CR/LWAL/CDM+ERM/H:1-3/RES:2,C2L/MC/RES3B,TOTAL,47.0,26916646.0,13457138.0,23202148.0,3714497.0,129.0,18224.0,40373784.0,7397.0,132.0,388.0,1477.0
GUM,Guam,RES,CR+,CR/LWAL/CDM+ERM/H:1-3/RES:2,C2L/MC/RES3C,TOTAL,531.0,664019393.0,332007839.0,572384702.0,91634673.0,1699.0,212562.0,996027232.0,86278.0,1463.0,400.0,3124.0
GUM,Guam,RES,CR+,CR/LWAL/CDM+ERM/H:1-3/RES:2,C2L/MC/RES3D,TOTAL,26.0,82910712.0,41454689.0,71469034.0,11441678.0,221.0,28537.0,124365401.0,11583.0,248.0,1098.0,2905.0
GUM,Guam,RES,CR+,CR/LWAL/CDM+ERM/H:1-3/RES:3,C2L/MC/RES4,TOTAL,58.0,245067258.0,122530767.0,211738120.0,33329149.0,771.0,95941.0,367598025.0,38942.0,0.0,1654.0,2554.0
GUM,Guam,COM,MR|MCF,MR/LWAL/CDM+ERM/H:1-3/FC:3/COM:1,RM2L/MC/COM1,TOTAL,162.0,165560742.0,165560742.0,116885878.0,48674858.0,78.0,94516.0,331121484.0,57287.0,0.0,583.0,1752.0
GUM,Guam,COM,MR|MCF,MR/LWAL/CDM+ERM/H:1-3/FC:3/COM:5,RM2L/MC/COM8,TOTAL,15.0,76749110.0,76749110.0,69074198.0,7674911.0,61.0,22561.0,153498220.0,13675.0,0.0,1504.0,3402.0
GUM,Guam,IND,MR|MCF,MR/LWAL/CDM+ERM/H:1-3/FC:3/IND:1,RM2L/MC/IND1,TOTAL,115.0,176643824.0,264966524.0,148910742.0,27733082.0,5.0,82838.0,441610349.0,45954.0,0.0,720.0,2132.0
GUM,Guam,RES,MR|MCF,MR/LWAL/CDM+ERM/H:1-3/FC:3/RES:3,RM2L/MC/RES4,TOTAL,25.0,97773924.0,48886576.0,84476671.0,13297255.0,306.0,38278.0,146660501.0,17045.0,0.0,1531.0,2554.0
GUM,Guam,COM,MR|MCF,MR/LWAL/CDM+ERM/H:1-3/FW:4/COM:1,RM1L/MC/COM1,TOTAL,157.0,162730971.0,162730971.0,114888060.0,47842906.0,74.0,92901.0,325461943.0,49858.0,0.0,592.0,1752.0
GUM,Guam,COM,MR|MCF,MR/LWAL/CDM+ERM/H:1-3/FW:4/COM:5,RM1L/MC/COM8,TOTAL,24.0,68963931.0,68963931.0,62067537.0,6896393.0,18.0,20273.0,137927862.0,10880.0,0.0,845.0,3402.0
GUM,Guam,IND,MR|MCF,MR/LWAL/CDM+ERM/H:1-3/FW:4/IND:1,RM1L/MC/IND1,TOTAL,132.0,209051758.0,313577320.0,176230633.0,32821127.0,6.0,98036.0,522629079.0,47418.0,0.0,743.0,2132.0
GUM,Guam,RES,MR|MCF,MR/LWAL/CDM+ERM/H:1-3/FW:4/RES:1,RM1L/MC/RES1,TOTAL,25156.0,12510193459.0,6255083114.0,9582807809.0,2927385235.0,89709.0,7283478.0,18765276573.0,2754090.0,36980.0,290.0,1718.0
GUM,Guam,RES,MR|MCF,MR/LWAL/CDM+ERM/H:1-3/FW:4/RES:2,RM1L/MC/RES3A,TOTAL,163.0,124112018.0,62054420.0,106984557.0,17127458.0,323.0,73866.0,186166438.0,27931.0,201.0,453.0,1680.0
GUM,Guam,RES,MR|MCF,MR/LWAL/CDM+ERM/H:1-3/FW:4/RES:2,RM1L/MC/RES3C,TOTAL,459.0,566258734.0,283126843.0,488115029.0,78143703.0,1451.0,181268.0,849385577.0,68543.0,1232.0,395.0,3124.0
GUM,Guam,RES,MR|MCF,MR/LWAL/CDM+ERM/H:1-3/FW:4/RES:2,RM1L/MC/RES3D,TOTAL,21.0,62440114.0,31219483.0,53823378.0,8616735.0,125.0,21491.0,93659596.0,8126.0,227.0,1023.0,2905.0
GUM,Guam,RES,MR|MCF,MR/LWAL/CDM+ERM/H:1-3/FW:4/RES:2,RM1L/MC/RES3E,TOTAL,9.0,34670776.0,17335058.0,29886208.0,4784567.0,99.0,12793.0,52005833.0,4838.0,77.0,1421.0,2710.0
GUM,Guam,RES,MR|MCF,MR/LWAL/CDM+ERM/H:1-3/FW:4/RES:2,RM1L/MC/RES3F,TOTAL,3.0,12074904.0,6036872.0,10408567.0,1666337.0,22.0,4864.0,18111776.0,1839.0,69.0,1621.0,2483.0
GUM,Guam,RES,MR|MCF,MR/LWAL/CDM+ERM/H:1-3/FW:4/RES:2,RM1L/MC/RES3B,TOTAL,52.0,28056955.0,14027648.0,24185095.0,3871860.0,131.0,18996.0,42084603.0,7183.0,139.0,365.0,1477.0
GUM,Guam,RES,MR|MCF,MR/LWAL/CDM+ERM/H:1-3/FW:4/RES:3,RM1L/MC/RES4,TOTAL,33.0,146903436.0,73451216.0,126924572.0,19978869.0,485.0,57511.0,220354653.0,21746.0,0.0,1743.0,2554.0
GUM,Guam,COM,S,S/LDUAL/CDM+ERM/H:1-3/COM:1,S4L/MC/COM1,TOTAL,51.0,49560702.0,49560702.0,34989854.0,14570846.0,19.0,28294.0,99121405.0,13002.0,0.0,555.0,1752.0
GUM,Guam,IND,S,S/LDUAL/CDM+ERM/H:1-3/IND:1,S4L/MC/IND1,TOTAL,44.0,67959660.0,101940002.0,57289993.0,10669667.0,5.0,31870.0,169899662.0,13138.0,0.0,724.0,2132.0
GUM,Guam,COM,S,S/LFBR/CDM+ERM/H:1-3/COM:1,S2L/MC/COM1,TOTAL,60.0,57320842.0,57320842.0,40468512.0,16852327.0,29.0,32724.0,114641683.0,14628.0,0.0,545.0,1752.0
GUM,Guam,IND,S,S/LFBR/CDM+ERM/H:1-3/IND:1,S2L/MC/IND1,TOTAL,59.0,81184013.0,121776614.0,68438122.0,12745890.0,3.0,38072.0,202960627.0,15469.0,0.0,645.0,2132.0
GUM,Guam,COM,S,S/LFM/CDM+ERM/H:1-3/COM:1,S1L/MC/COM1,TOTAL,63.0,62195099.0,62195099.0,43909738.0,18285359.0,28.0,35506.0,124390198.0,14575.0,0.0,564.0,1752.0
GUM,Guam,COM,S,S/LFM/CDM+ERM/H:1-3/COM:5,S1L/MC/COM8,TOTAL,12.0,62198935.0,62198935.0,55979041.0,6219894.0,3.0,18284.0,124397870.0,7505.0,0.0,1524.0,3402.0
GUM,Guam,IND,S,S/LFM/CDM+ERM/H:1-3/IND:1,S1L/MC/IND1,TOTAL,67.0,116612777.0,174919598.0,98304570.0,18308207.0,2.0,54686.0,291532375.0,21146.0,0.0,816.0,2132.0
GUM,Guam,COM,S,S/LFM/CDM+ERM/H:1/COM:1,S3/MC/COM1,TOTAL,67.0,63549769.0,63549769.0,44866135.0,18683632.0,25.0,36280.0,127099537.0,14886.0,0.0,541.0,1752.0
GUM,Guam,IND,S,S/LFM/CDM+ERM/H:1/IND:1,S3/MC/IND1,TOTAL,75.0,109188002.0,163782223.0,92045485.0,17142517.0,5.0,51204.0,272970225.0,19788.0,0.0,683.0,2132.0
GUM,Guam,COM,W,W/LFM/CDM+ERM/H:1-2/COM:1,W1/MC/COM1,TOTAL,81.0,75027747.0,75027747.0,52969587.0,22058157.0,37.0,42832.0,150055494.0,8818.0,0.0,529.0,1752.0
GUM,Guam,IND,W,W/LFM/CDM+ERM/H:1-2/IND:1,W1/MC/IND1,TOTAL,51.0,70943865.0,106415968.0,59805679.0,11138187.0,2.0,33269.0,177359834.0,6469.0,0.0,652.0,2132.0
GUM,Guam,RES,W,W/LFM/CDM+ERM/H:1-2/RES:1,W1/MC/RES1,TOTAL,6925.0,3405255040.0,1702624295.0,2608425253.0,796829677.0,24238.0,1981335.0,5107879335.0,227937.0,10112.0,286.0,1719.0
GUM,Guam,RES,W,W/LFM/CDM+ERM/H:1-2/RES:2,W1/MC/RES3B,TOTAL,4.0,1735963.0,867819.0,1496400.0,239563.0,6.0,1175.0,2603782.0,135.0,17.0,294.0,1477.0
GUM,Guam,RES,W,W/LFM/CDM+ERM/H:1-2/RES:2,W1/MC/RES3A,TOTAL,10.0,7902349.0,3951157.0,6811825.0,1090524.0,16.0,4703.0,11853506.0,541.0,11.0,470.0,1680.0
GUM,Guam,RES,W,W/LFM/CDM+ERM/H:1-2/RES:2,W1/MC/RES3E,TOTAL,1.0,1993367.0,996684.0,1718283.0,275085.0,2.0,736.0,2990051.0,85.0,9.0,736.0,2708.0
GUM,Guam,RES,W,W/LFM/CDM+ERM/H:1-2/RES:2,W1/MC/RES3C,TOTAL,43.0,53439334.0,26719512.0,46064705.0,7374628.0,155.0,17107.0,80158846.0,1968.0,116.0,398.0,3124.0
GUM,Guam,COM,W,W/LFM/CDM+ERM/H:2/COM:1,W2/MC/COM1,TOTAL,31.0,36110287.0,36110287.0,25493861.0,10616424.0,12.0,20615.0,72220574.0,4244.0,0.0,665.0,1752.0
GUM,Guam,IND,W,W/LFM/CDM+ERM/H:2/IND:1,W2/MC/IND1,TOTAL,28.0,52881585.0,79322420.0,44579177.0,8302409.0,1.0,24799.0,132204006.0,4822.0,0.0,886.0,2132.0
GUM,Guam,RES,W,W/LFM/CDM+ERM/H:2/RES:1,W2/MC/RES1,TOTAL,1004.0,547735475.0,273867157.0,419565361.0,128170099.0,3804.0,320516.0,821602633.0,36873.0,1568.0,319.0,1709.0
GUM,Guam,RES,W,W/LFM/CDM+ERM/H:2/RES:2,W2/MC/RES3A,TOTAL,12.0,14177021.0,7088447.0,12220592.0,1956429.0,32.0,8438.0,21265468.0,971.0,60.0,703.0,1680.0
GUM,Guam,RES,W,W/LFM/CDM+ERM/H:2/RES:2,W2/MC/RES3B,TOTAL,1.0,565639.0,282820.0,487581.0,78058.0,4.0,383.0,848459.0,44.0,2.0,383.0,1477.0
GUM,Guam,RES,W,W/LFM/CDM+ERM/H:2/RES:2,W2/MC/RES3C,TOTAL,14.0,19272307.0,9636013.0,16612728.0,2659578.0,53.0,6169.0,28908320.0,710.0,55.0,441.0,3124.0
GUM,Guam,RES,W,W/LFM/CDM+ERM/H:2/RES:2,W2/MC/RES3D,TOTAL,4.0,11950193.0,5974951.0,10301066.0,1649127.0,26.0,4113.0,17925144.0,473.0,43.0,1028.0,2905.0
GUM,Guam,RES,W,W/LFM/CDM+ERM/H:2/RES:2,W2/MC/RES3E,TOTAL,1.0,2694703.0,1347270.0,2322834.0,371869.0,10.0,994.0,4041974.0,114.0,5.0,994.0,2711.0
KIR,Kiribati,RES,OT,MATO/LPB/CDN+ERM/H:1/RES,,TOTAL,68.0,1269000.0,317250.0,,,118.0,1880.0,1586250.0,216.0,47.0,28.0,675.0
KIR,Kiribati,COM,OT,ME+MEIR/LFM/CDL+ERM/H:1/COM,,TOTAL,120.0,1793734.0,448434.0,,,0.0,9609.0,2242168.0,407.0,0.0,80.0,187.0
KIR,Kiribati,IND,OT,ME+MEIR/LFM/CDL+ERM/H:1/IND,,TOTAL,65.0,1014977.0,338325.0,,,0.0,5205.0,1353302.0,220.0,0.0,80.0,195.0
KIR,Kiribati,RES,OT,ME+MEIR/LN/CDL+ERM/H:1/RES,,TOTAL,17020.0,407862046.0,101965512.0,,,43967.0,543816.0,509827558.0,23014.0,10876.0,32.0,750.0
KIR,Kiribati,COM,MUR,MUR+CBH/LWAL/CDN+ERL/H:1/COM,,TOTAL,567.0,27760959.0,6940239.0,,,0.0,45324.0,34701199.0,25564.0,0.0,80.0,613.0
KIR,Kiribati,IND,MUR,MUR+CBH/LWAL/CDN+ERL/H:1/IND,,TOTAL,28.0,1366370.0,455457.0,,,0.0,2803.0,1821826.0,1426.0,0.0,100.0,487.0
KIR,Kiribati,RES,MUR,MUR+CBH/LWAL/CDN+ERL/H:1/RES,,TOTAL,4968.0,536519564.0,134129891.0,,,17386.0,298066.0,670649455.0,123821.0,4968.0,60.0,1800.0
KIR,Kiribati,RES,MUR,MUR+CBH/LWAL/CDN+ERL/H:2-3/RES,,TOTAL,74.0,15876000.0,3969000.0,,,337.0,8820.0,19845000.0,3666.0,147.0,119.0,1800.0
KIR,Kiribati,COM,MUR,MUR+CBH/LWAL/CDN+ERL/H:2-5/COM,,TOTAL,119.0,14592565.0,3648141.0,,,0.0,23825.0,18240706.0,13463.0,0.0,200.0,612.0
KIR,Kiribati,IND,MUR,MUR+CBH/LWAL/CDN+ERL/H:2/IND,,TOTAL,6.0,512349.0,170783.0,,,0.0,901.0,683132.0,459.0,0.0,150.0,569.0
KIR,Kiribati,COM,W,W+WLI/LFM/CDL+ERH/H:1/COM,,TOTAL,365.0,13153104.0,4384368.0,,,0.0,29229.0,17537472.0,6014.0,0.0,80.0,450.0
KIR,Kiribati,IND,W,W+WLI/LFM/CDL+ERH/H:1/IND,,TOTAL,36.0,1189207.0,792805.0,,,0.0,2883.0,1982012.0,560.0,0.0,80.0,412.0
KIR,Kiribati,RES,W,W+WLI/LFM/CDL+ERH/H:1/RES,,TOTAL,25884.0,821791834.0,205447958.0,,,57422.0,694733.0,1027239792.0,79876.0,17081.0,27.0,1183.0
KIR,Kiribati,RES,W,W+WLI/LFM/CDL+ERH/H:2-3/RES,,TOTAL,12.0,1973400.0,493350.0,,,64.0,1380.0,2466750.0,159.0,23.0,115.0,1430.0
KIR,Kiribati,COM,W,W+WLI/LFM/CDL+ERH/H:2/COM,,TOTAL,72.0,3891823.0,1297274.0,,,0.0,8648.0,5189097.0,1780.0,0.0,120.0,450.0
KIR,Kiribati,RES,W,W/LPB/CDN+ERM/H:1/RES,,TOTAL,7949.0,245402235.0,61350559.0,,,17193.0,189351.0,306752793.0,21770.0,4734.0,24.0,1296.0
MHL,Marshall Islands,RES,HYB,HYB(CR;W)/LFM/CDL+ERM/H:1/RES,,TOTAL,13.0,630443.0,157611.0,,,41.0,643.0,788053.0,214.0,8.0,49.0,980.0
MHL,Marshall Islands,RES,OT,MATO/LN/CDN+ERN/H:1/RES,,TOTAL,7.0,67569.0,16892.0,,,21.0,241.0,84460.0,111.0,4.0,34.0,280.0
MHL,Marshall Islands,RES,OT,MATO/LPB/CDN+ERM/H:1/RES,,TOTAL,37.0,608390.0,152098.0,,,126.0,1449.0,760490.0,167.0,24.0,39.0,420.0
MHL,Marshall Islands,COM,OT,ME+MEIR/LFM/CDL+ERM/H:1/COM,,TOTAL,54.0,5866040.0,1466510.0,,,0.0,16244.0,7332549.0,6665.0,0.0,301.0,361.0
MHL,Marshall Islands,IND,OT,ME+MEIR/LFM/CDL+ERM/H:1/IND,,TOTAL,62.0,5596134.0,1865378.0,,,0.0,12436.0,7461512.0,4806.0,0.0,201.0,450.0
MHL,Marshall Islands,RES,OT,ME+MEIR/LN/CDL+ERM/H:1/RES,,TOTAL,365.0,6312301.0,1578076.0,,,1237.0,15029.0,7890377.0,4768.0,250.0,41.0,420.0
MHL,Marshall Islands,COM,MUR,MUR+CBH/LWAL/CDN+ERL/H:1/COM,,TOTAL,183.0,57399204.0,14349802.0,,,0.0,64223.0,71749006.0,42118.0,0.0,351.0,894.0
MHL,Marshall Islands,IND,MUR,MUR+CBH/LWAL/CDN+ERL/H:1/IND,,TOTAL,38.0,10000441.0,3333479.0,,,0.0,9524.0,13333924.0,5721.0,0.0,251.0,1050.0
MHL,Marshall Islands,RES,MUR,MUR+CBH/LWAL/CDN+ERL/H:1/RES,,TOTAL,4747.0,591602649.0,147900664.0,,,16742.0,497145.0,739503313.0,243250.0,3314.0,105.0,1190.0
MHL,Marshall Islands,RES,MUR,MUR+CBH/LWAL/CDN+ERL/H:2-3/RES,,TOTAL,264.0,68577895.0,17144471.0,,,1960.0,57628.0,85722367.0,28214.0,384.0,218.0,1190.0
MHL,Marshall Islands,COM,MUR,MUR+CBH/LWAL/CDN+ERL/H:2-5/COM,,TOTAL,91.0,37060044.0,9265009.0,,,0.0,45612.0,46325054.0,29971.0,0.0,501.0,813.0
MHL,Marshall Islands,IND,MUR,MUR+CBH/LWAL/CDN+ERL/H:2/IND,,TOTAL,9.0,3790953.0,1263651.0,,,0.0,3610.0,5054605.0,2170.0,0.0,401.0,1050.0
MHL,Marshall Islands,COM,W,W+WLI/LFM/CDL+ERH/H:1/COM,,TOTAL,161.0,33301478.0,11100492.0,,,0.0,48439.0,44401970.0,9967.0,0.0,301.0,687.0
MHL,Marshall Islands,IND,W,W+WLI/LFM/CDL+ERH/H:1/IND,,TOTAL,26.0,4560971.0,2455907.0,,,0.0,5213.0,7016878.0,1013.0,0.0,200.0,875.0
MHL,Marshall Islands,RES,W,W+WLI/LFM/CDL+ERH/H:1/RES,,TOTAL,4026.0,268440794.0,67110198.0,,,14391.0,279626.0,335550993.0,32150.0,2811.0,69.0,960.0
MHL,Marshall Islands,RES,W,W+WLI/LFM/CDL+ERH/H:2-3/RES,,TOTAL,93.0,12655259.0,3163816.0,,,662.0,13183.0,15819076.0,1517.0,132.0,142.0,960.0
MHL,Marshall Islands,COM,W,W+WLI/LFM/CDL+ERH/H:2/COM,,TOTAL,22.0,5307867.0,1769290.0,,,0.0,7721.0,7077157.0,1589.0,0.0,351.0,687.0
MHL,Marshall Islands,RES,W,W/LPB/CDN+ERM/H:1/RES,,TOTAL,345.0,10264131.0,2566034.0,,,1104.0,14256.0,12830162.0,1639.0,238.0,41.0,720.0
FSM,Federated States of Micronesia,RES,OT,MATO/LPB/CDN+ERM/H:1/RES,,TOTAL,103.0,2835000.0,708750.0,,,375.0,4200.0,3543750.0,483.0,70.0,41.0,675.0
FSM,Federated States of Micronesia,COM,OT,ME+MEIR/LFM/CDL+ERM/H:1/COM,,TOTAL,342.0,23940000.0,5985000.0,,,0.0,51300.0,29925000.0,2171.0,0.0,150.0,467.0
FSM,Federated States of Micronesia,IND,OT,ME+MEIR/LFM/CDL+ERM/H:1/IND,,TOTAL,58.0,4948126.0,1649376.0,,,0.0,8700.0,6597502.0,368.0,0.0,150.0,569.0
FSM,Federated States of Micronesia,RES,OT,ME+MEIR/LN/CDL+ERM/H:1/RES,,TOTAL,7377.0,172584000.0,43146000.0,,,24855.0,287640.0,215730000.0,12173.0,4794.0,39.0,600.0
FSM,Federated States of Micronesia,COM,MUR,MUR+CBH/LWAL/CDN+ERL/H:1/COM,,TOTAL,1005.0,193462500.0,48365625.0,,,0.0,201000.0,241828125.0,113368.0,0.0,200.0,962.0
FSM,Federated States of Micronesia,IND,MUR,MUR+CBH/LWAL/CDN+ERL/H:1/IND,,TOTAL,34.0,4972500.0,1657500.0,,,0.0,5100.0,6630000.0,2595.0,0.0,150.0,975.0
FSM,Federated States of Micronesia,RES,MUR,MUR+CBH/LWAL/CDN+ERL/H:1/RES,,TOTAL,14479.0,893818800.0,223454700.0,,,53276.0,709380.0,1117273500.0,294687.0,10134.0,49.0,1260.0
FSM,Federated States of Micronesia,RES,MUR,MUR+CBH/LWAL/CDN+ERL/H:2-3/RES,,TOTAL,213.0,18786600.0,4696650.0,,,1127.0,14910.0,23483250.0,6198.0,213.0,70.0,1260.0
FSM,Federated States of Micronesia,COM,MUR,MUR+CBH/LWAL/CDN+ERL/H:2-5/COM,,TOTAL,95.0,27431250.0,6857813.0,,,0.0,28500.0,34289063.0,16105.0,0.0,300.0,962.0
FSM,Federated States of Micronesia,IND,MUR,MUR+CBH/LWAL/CDN+ERL/H:2/IND,,TOTAL,5.0,1218750.0,406250.0,,,0.0,1250.0,1625000.0,637.0,0.0,250.0,975.0
FSM,Federated States of Micronesia,COM,W,W+WLI/LFM/CDL+ERH/H:1/COM,,TOTAL,614.0,82890000.0,27630000.0,,,0.0,92100.0,110520000.0,18951.0,0.0,150.0,900.0
FSM,Federated States of Micronesia,IND,W,W+WLI/LFM/CDL+ERH/H:1/IND,,TOTAL,25.0,3609375.0,2406250.0,,,0.0,3750.0,6015625.0,729.0,0.0,150.0,962.0
FSM,Federated States of Micronesia,RES,W,W+WLI/LFM/CDL+ERH/H:1/RES,,TOTAL,6665.0,381338100.0,95334525.0,,,24802.0,325930.0,476672625.0,37473.0,4664.0,49.0,1170.0
FSM,Federated States of Micronesia,COM,W,W+WLI/LFM/CDL+ERH/H:2/COM,,TOTAL,117.0,15795000.0,5265000.0,,,0.0,17550.0,21060000.0,3613.0,0.0,150.0,900.0
FSM,Federated States of Micronesia,IND,W,W+WLI/LFM/CDL+ERH/H:2/IND,,TOTAL,5.0,962500.0,641666.0,,,0.0,1000.0,1604166.0,194.0,0.0,200.0,962.0
FSM,Federated States of Micronesia,RES,W,W/LPB/CDN+ERM/H:1/RES,,TOTAL,332.0,16286400.0,4071600.0,,,1130.0,13920.0,20358000.0,1600.0,232.0,42.0,1170.0
NRU,Nauru,RES,HYB,HYB(CR;W)/LFM/CDL+ERM/H:1/RES,,RURAL,12.0,885552.0,221388.0,,,36.0,973.0,1106941.0,323.0,6.0,81.0,910.0
NRU,Nauru,RES,HYB,HYB(CR;W)/LFM/CDL+ERM/H:1/RES,,URBAN,3.0,273000.0,68250.0,,,7.0,300.0,341250.0,100.0,2.0,100.0,910.0
NRU,Nauru,RES,OT,MATO/LN/CDN+ERN/H:1/RES,,RURAL,5.0,50427.0,12606.0,,,14.0,180.0,63033.0,83.0,2.0,36.0,280.0
NRU,Nauru,RES,OT,MATO/LPB/CDN+ERM/H:1/RES,,URBAN,4.0,100800.0,25200.0,,,11.0,240.0,126000.0,28.0,3.0,60.0,420.0
NRU,Nauru,RES,OT,MATO/LPB/CDN+ERM/H:1/RES,,RURAL,218.0,5407612.0,1351904.0,,,958.0,12875.0,6759515.0,1480.0,161.0,59.0,420.0
NRU,Nauru,COM,OT,ME+MEIR/LFM/CDL+ERM/H:1/COM,,TOTAL,26.0,3893637.0,973410.0,,,0.0,7702.0,4867044.0,3160.0,0.0,296.0,506.0
NRU,Nauru,IND,OT,ME+MEIR/LFM/CDL+ERM/H:1/IND,,TOTAL,48.0,8724084.0,2908029.0,,,0.0,14540.0,11632108.0,5619.0,0.0,303.0,600.0
NRU,Nauru,RES,OT,ME+MEIR/LN/CDL+ERM/H:1/RES,,URBAN,12.0,403200.0,100800.0,,,34.0,720.0,504000.0,228.0,9.0,60.0,560.0
NRU,Nauru,RES,OT,ME+MEIR/LN/CDL+ERM/H:1/RES,,RURAL,118.0,3373731.0,843433.0,,,514.0,6885.0,4217163.0,2184.0,86.0,58.0,490.0
NRU,Nauru,COM,MUR,MUR+CBH/LWAL/CDN+ERL/H:1/COM,,TOTAL,102.0,46493963.0,11623491.0,,,0.0,35765.0,58117454.0,23455.0,0.0,351.0,1300.0
NRU,Nauru,IND,MUR,MUR+CBH/LWAL/CDN+ERL/H:1/IND,,TOTAL,51.0,18358479.0,6119494.0,,,0.0,15299.0,24477973.0,9190.0,0.0,300.0,1200.0
NRU,Nauru,RES,MUR,MUR+CBH/LWAL/CDN+ERL/H:1/RES,,URBAN,126.0,23970000.0,5992500.0,,,350.0,18800.0,29962500.0,9199.0,94.0,149.0,1275.0
NRU,Nauru,RES,MUR,MUR+CBH/LWAL/CDN+ERL/H:1/RES,,RURAL,1165.0,253570302.0,63392575.0,,,5249.0,214040.0,316962880.0,104728.0,871.0,184.0,1185.0
NRU,Nauru,RES,MUR,MUR+CBH/LWAL/CDN+ERL/H:2-3/RES,,RURAL,6.0,1636967.0,409242.0,,,32.0,1376.0,2046208.0,673.0,6.0,229.0,1190.0
NRU,Nauru,RES,MUR,MUR+CBH/LWAL/CDN+ERL/H:2-3/RES,,URBAN,237.0,60435000.0,15108750.0,,,883.0,47400.0,75543750.0,23207.0,237.0,200.0,1275.0
NRU,Nauru,COM,MUR,MUR+CBH/LWAL/CDN+ERL/H:2-5/COM,,TOTAL,13.0,10006290.0,2501573.0,,,0.0,7697.0,12507863.0,5058.0,0.0,592.0,1300.0
NRU,Nauru,IND,MUR,MUR+CBH/LWAL/CDN+ERL/H:2/IND,,TOTAL,10.0,5758998.0,1919666.0,,,0.0,4799.0,7678664.0,2885.0,0.0,480.0,1200.0
NRU,Nauru,COM,W,W+WLI/LFM/CDL+ERH/H:1/COM,,TOTAL,78.0,30209339.0,10069781.0,,,0.0,27463.0,40279119.0,5651.0,0.0,352.0,1100.0
NRU,Nauru,IND,W,W+WLI/LFM/CDL+ERH/H:1/IND,,TOTAL,30.0,10190019.0,5486932.0,,,0.0,9058.0,15676951.0,1760.0,0.0,302.0,1125.0
NRU,Nauru,RES,W,W+WLI/LFM/CDL+ERH/H:1/RES,,RURAL,328.0,34593259.0,8648315.0,,,1460.0,48267.0,43241576.0,5549.0,241.0,147.0,717.0
NRU,Nauru,RES,W,W+WLI/LFM/CDL+ERH/H:1/RES,,URBAN,31.0,3312000.0,828000.0,,,86.0,4600.0,4140000.0,529.0,23.0,148.0,720.0
NRU,Nauru,COM,W,W+WLI/LFM/CDL+ERH/H:2/COM,,TOTAL,10.0,6775954.0,2258650.0,,,0.0,6160.0,9034606.0,1268.0,0.0,616.0,1100.0
NRU,Nauru,RES,W,W/LPB/CDN+ERM/H:1/RES,,RURAL,547.0,39610558.0,9902639.0,,,2343.0,56656.0,49513198.0,6514.0,406.0,104.0,699.0
NRU,Nauru,RES,W,W/LPB/CDN+ERM/H:1/RES,,URBAN,18.0,1056000.0,264000.0,,,48.0,1600.0,1320000.0,184.0,13.0,89.0,660.0
NCL,New Caledonia,IND,CR-,CR+PC/LWAL/CDL+ERL/H:1-2/IND,,TOTAL,118.0,28432889.0,9477629.0,,,0.0,17771.0,37910519.0,10020.0,0.0,151.0,1600.0
NCL,New Caledonia,COM,CR+,CR/LFINF/CDM+ERM/H:1/COM,,TOTAL,1172.0,330611975.0,58343291.0,,,0.0,175857.0,388955269.0,91898.0,0.0,150.0,1880.0
NCL,New Caledonia,IND,CR+,CR/LFINF/CDM+ERM/H:1/IND,,TOTAL,221.0,35330145.0,11776715.0,,,0.0,22081.0,47106861.0,11699.0,0.0,100.0,1600.0
NCL,New Caledonia,RES,CR-,CR/LFM/CDL+ERL/H:1/RES,,RURAL,5740.0,667242600.0,117748695.0,,,19637.0,430479.0,784991294.0,142987.0,5740.0,75.0,1550.0
NCL,New Caledonia,RES,CR-,CR/LFM/CDL+ERL/H:2/RES,,RURAL,5740.0,889656803.0,156998263.0,,,19637.0,573972.0,1046655063.0,190776.0,5740.0,100.0,1550.0
NCL,New Caledonia,COM,CR-,CR/LFM/CDL+ERL/H:>2/COM,,TOTAL,278.0,313045789.0,55243374.0,,,0.0,166514.0,368289160.0,87137.0,0.0,599.0,1880.0
NCL,New Caledonia,RES,CR-,CR/LFM/CDL+ERL/H:>2/RES,,RURAL,179.0,222414201.0,39249564.0,,,4909.0,143493.0,261663764.0,47726.0,1435.0,802.0,1550.0
NCL,New Caledonia,RES,CR+,CR/LFM/CDM+ERM/H:1-2/RES,,URBAN,4703.0,1270739072.0,224248072.0,,,25272.0,658414.0,1494987144.0,218842.0,9406.0,140.0,1930.0
NCL,New Caledonia,RES,CR+,CR/LFM/CDM+ERM/H:3-5/RES,,URBAN,1176.0,1452273226.0,256283510.0,,,25272.0,752473.0,1708556736.0,250439.0,9406.0,640.0,1930.0
NCL,New Caledonia,RES,CR+,CR/LFM/CDM+ERM/H:>5/RES,,URBAN,261.0,726136613.0,128141755.0,,,12636.0,376237.0,854278368.0,125386.0,4703.0,1442.0,1930.0
NCL,New Caledonia,COM,CR-,CR/LWAL/CDL+ERL/H:1/COM,,TOTAL,833.0,234784341.0,41432530.0,,,0.0,124885.0,276216873.0,72085.0,0.0,150.0,1880.0
NCL,New Caledonia,RES,CR-,CR/LWAL/CDL+ERL/H:1/RES,,RURAL,8610.0,1000863904.0,176623042.0,,,29455.0,645719.0,1177486944.0,261917.0,8610.0,75.0,1550.0
NCL,New Caledonia,COM,CR-,CR/LWAL/CDL+ERL/H:2/COM,,TOTAL,833.0,469568685.0,82865064.0,,,0.0,249771.0,552433746.0,144273.0,0.0,300.0,1880.0
NCL,New Caledonia,RES,CR-,CR/LWAL/CDL+ERL/H:2/RES,,RURAL,7175.0,1112071004.0,196247822.0,,,24546.0,717465.0,1308318827.0,291217.0,7175.0,100.0,1550.0
NCL,New Caledonia,RES,CR+,CR/LWAL/CDM+ERM/H:1-2/RES,,URBAN,7054.0,1906108609.0,336372107.0,,,37907.0,987621.0,2242480716.0,400873.0,14109.0,140.0,1930.0
NCL,New Caledonia,RES,CR+,CR/LWAL/CDM+ERM/H:3-5/RES,,URBAN,1176.0,1452273226.0,256283510.0,,,25272.0,752473.0,1708556736.0,305842.0,9406.0,640.0,1930.0
NCL,New Caledonia,COM,OT,ME+MEO/LN/CDN+ERL/H:1/COM,,TOTAL,527.0,79052186.0,19763047.0,,,0.0,79052.0,98815230.0,32436.0,0.0,150.0,1000.0
NCL,New Caledonia,RES,OT,ME+MEO/LN/CDN+ERL/H:1/RES,,URBAN,1343.0,51046504.0,12761626.0,,,3835.0,67166.0,63808130.0,21310.0,1343.0,50.0,760.0
NCL,New Caledonia,RES,OT,ME+MEO/LN/CDN+ERL/H:1/RES,,RURAL,5883.0,132363169.0,33090792.0,,,20445.0,294140.0,165453962.0,93320.0,5883.0,50.0,450.0
NCL,New Caledonia,RES,ADO|ST|E,MUR+ADO/LWAL/CDN+ERN/H:1/RES,,RURAL,519.0,21791781.0,3845607.0,,,1934.0,25943.0,25637388.0,11925.0,519.0,50.0,840.0
NCL,New Caledonia,RES,ADO|ST|E,MUR+ADO/LWAL/CDN+ERN/H:1/RES,,URBAN,12.0,642955.0,113462.0,,,34.0,585.0,756418.0,269.0,12.0,49.0,1099.0
NCL,New Caledonia,IND,S,S+SL/LFBR/CDL+ERL/H:1-2/IND,,TOTAL,165.0,52846374.0,22648444.0,,,0.0,33029.0,75494819.0,13420.0,0.0,200.0,1600.0
NCL,New Caledonia,COM,W,W+WLI/LPB/CDN+ERL/H:1-2/COM,,TOTAL,1845.0,309884568.0,103294855.0,,,0.0,184455.0,413179426.0,37973.0,0.0,100.0,1680.0
NCL,New Caledonia,IND,W,W+WLI/LPB/CDN+ERM/H:1/IND,,TOTAL,86.0,13799277.0,7430380.0,,,0.0,8625.0,21229659.0,1676.0,0.0,100.0,1600.0
NCL,New Caledonia,RES,W,W+WWD/LWAL/CDN+ERM/H:1/RES,,RURAL,519.0,25942594.0,6485647.0,,,1934.0,25943.0,32428245.0,2872.0,519.0,50.0,1000.0
NCL,New Caledonia,RES,W,W+WWD/LWAL/CDN+ERM/H:1/RES,,URBAN,12.0,935208.0,233802.0,,,34.0,585.0,1169010.0,65.0,12.0,49.0,1599.0
NCL,New Caledonia,RES,W,W/LPB/CDN+ERM/H:1-2/RMT2/RES,,RURAL,5040.0,378023729.0,94505933.0,,,16693.0,378024.0,472529661.0,43489.0,5040.0,75.0,1000.0
NCL,New Caledonia,RES,W,W/LPB/CDN+ERM/H:1-2/RMT2/RES,,URBAN,1603.0,153853299.0,38463325.0,,,4595.0,96158.0,192316624.0,11062.0,1603.0,60.0,1600.0
NCL,New Caledonia,RES,W,W/LPB/CDN+ERM/H:1-2/RMT6/RES,,RURAL,5040.0,378023729.0,94505933.0,,,16693.0,378024.0,472529661.0,77988.0,5040.0,75.0,1000.0
NCL,New Caledonia,RES,W,W/LPB/CDN+ERM/H:1-2/RMT6/RES,,URBAN,1603.0,153853299.0,38463325.0,,,4595.0,96158.0,192316624.0,19838.0,1603.0,60.0,1600.0
NZL,New Zealand,NONRES,CR+,CR+PC/LWAL/CDH+ERH/H:1/Y:<1977/IRI(SOS)/NONRES,,TOTAL,268.0,483395905.0,85305156.0,,,0.0,281044.0,568701060.0,162221.0,0.0,1049.0,1720.0
NZL,New Zealand,NONRES,CR+,CR+PC/LWAL/CDH+ERH/H:1/Y:<1977/NONRES,,TOTAL,1052.0,1890746195.0,333661086.0,,,0.0,1099271.0,2224407283.0,634506.0,0.0,1045.0,1720.0
NZL,New Zealand,NONRES,CR+,CR+PC/LWAL/CDH+ERH/H:1/Y:>1975/IRI(SOS)/NONRES,,TOTAL,716.0,1400717148.0,247185385.0,,,0.0,814370.0,1647902521.0,470060.0,0.0,1137.0,1720.0
NZL,New Zealand,NONRES,CR+,CR+PC/LWAL/CDH+ERH/H:1/Y:>1975/NONRES,,TOTAL,3038.0,7455507603.0,1315677809.0,,,0.0,4334597.0,8771185408.0,2501955.0,0.0,1427.0,1720.0
NZL,New Zealand,RES,CR-,CR/LFINF/CDL+ERM/H:1/Y:1950-1959/IRR/RES,,TOTAL,55.0,19636869.0,3465330.0,,,188.0,10890.0,23102199.0,3617.0,55.0,198.0,1803.0
NZL,New Zealand,RES,CR-,CR/LFINF/CDL+ERM/H:1/Y:1950-1959/RES,,TOTAL,231.0,82474836.0,14554386.0,,,770.0,45738.0,97029222.0,15193.0,231.0,198.0,1803.0
NZL,New Zealand,RES,CR-,CR/LFINF/CDL+ERM/H:1/Y:1960-1969/IRR/RES,,TOTAL,85.0,30347888.0,5355510.0,,,287.0,16830.0,35703398.0,5590.0,85.0,198.0,1803.0
NZL,New Zealand,RES,CR-,CR/LFINF/CDL+ERM/H:1/Y:1960-1969/RES,,TOTAL,342.0,122105595.0,21548052.0,,,1150.0,67716.0,143653647.0,22493.0,342.0,198.0,1803.0
NZL,New Zealand,RES,CR-,CR/LFINF/CDL+ERM/H:1/Y:<1950/IRR/RES,,TOTAL,95.0,33918230.0,5985570.0,,,318.0,18810.0,39903800.0,6248.0,95.0,198.0,1803.0
NZL,New Zealand,RES,CR-,CR/LFINF/CDL+ERM/H:1/Y:<1950/RES,,TOTAL,385.0,137458057.0,24257310.0,,,1291.0,76230.0,161715367.0,25321.0,385.0,198.0,1803.0
NZL,New Zealand,RES,CR-,CR/LFINF/CDL+ERM/H:2-3/Y:1950-1959/IRR/RES,,TOTAL,42.0,14995427.0,2646252.0,,,143.0,8316.0,17641679.0,2764.0,42.0,198.0,1803.0
NZL,New Zealand,RES,CR-,CR/LFINF/CDL+ERM/H:2-3/Y:1950-1959/RES,,TOTAL,147.0,52483985.0,9261882.0,,,506.0,29106.0,61745867.0,9675.0,147.0,198.0,1803.0
NZL,New Zealand,RES,CR-,CR/LFINF/CDL+ERM/H:2-3/Y:1960-1969/IRR/RES,,TOTAL,78.0,27848649.0,4914468.0,,,271.0,15444.0,32763117.0,5133.0,78.0,198.0,1803.0
NZL,New Zealand,RES,CR-,CR/LFINF/CDL+ERM/H:2-3/Y:1960-1969/RES,,TOTAL,319.0,113893812.0,20098914.0,,,1104.0,63162.0,133992726.0,20994.0,319.0,198.0,1803.0
NZL,New Zealand,RES,CR-,CR/LFINF/CDL+ERM/H:2-3/Y:<1950/IRR/RES,,TOTAL,78.0,27848650.0,4914468.0,,,263.0,15444.0,32763118.0,5133.0,78.0,198.0,1803.0
NZL,New Zealand,RES,CR-,CR/LFINF/CDL+ERM/H:2-3/Y:<1950/RES,,TOTAL,252.0,89972552.0,15877512.0,,,873.0,49896.0,105850064.0,16585.0,252.0,198.0,1803.0
NZL,New Zealand,RES,CR+,CR/LFM/CDH+ERH/H:1/Y:1990-1999/IRR/RES,,TOTAL,27.0,9236858.0,1630034.0,,,72.0,5058.0,10866892.0,1680.0,31.0,187.0,1826.0
NZL,New Zealand,RES,CR+,CR/LFM/CDH+ERH/H:1/Y:1990-1999/RES,,TOTAL,131.0,43798926.0,7729222.0,,,346.0,23815.0,51528147.0,7910.0,161.0,182.0,1839.0
NZL,New Zealand,RES,CR+,CR/LFM/CDH+ERH/H:1/Y:>2000/IRR/RES,,TOTAL,131.0,39506180.0,6971699.0,,,199.0,21696.0,46477857.0,7207.0,148.0,166.0,1821.0
NZL,New Zealand,RES,CR+,CR/LFM/CDH+ERH/H:1/Y:>2000/RES,,TOTAL,455.0,138747984.0,24484992.0,,,710.0,76122.0,163232921.0,25286.0,520.0,167.0,1823.0
NZL,New Zealand,RES,CR+,CR/LFM/CDH+ERH/H:2-3/Y:1990-1999/IRR/RES,,TOTAL,8.0,4032212.0,711567.0,,,31.0,2196.0,4743779.0,730.0,14.0,274.0,1836.0
NZL,New Zealand,RES,CR+,CR/LFM/CDH+ERH/H:2-3/Y:1990-1999/RES,,TOTAL,23.0,17619304.0,3109290.0,,,144.0,9449.0,20728594.0,3141.0,75.0,411.0,1865.0
NZL,New Zealand,RES,CR+,CR/LFM/CDH+ERH/H:2-3/Y:>2000/IRR/RES,,TOTAL,19.0,24836304.0,4382877.0,,,110.0,13623.0,29219179.0,4528.0,97.0,717.0,1823.0
NZL,New Zealand,RES,CR+,CR/LFM/CDH+ERH/H:2-3/Y:>2000/RES,,TOTAL,89.0,110191686.0,19445583.0,,,681.0,59495.0,129637282.0,19775.0,473.0,668.0,1852.0
NZL,New Zealand,RES,CR+,CR/LFM/CDH+ERH/H:4-6/Y:1990-1999/IRR/RES,,TOTAL,1.0,5928250.0,1046162.0,,,46.0,3132.0,6974411.0,1043.0,29.0,3132.0,1893.0
NZL,New Zealand,RES,CR+,CR/LFM/CDH+ERH/H:4-6/Y:1990-1999/RES,,TOTAL,3.0,18660844.0,3293090.0,,,141.0,9859.0,21953934.0,3283.0,91.0,3286.0,1893.0
NZL,New Zealand,RES,CR+,CR/LFM/CDH+ERH/H:4-6/Y:>2000/IRR/RES,,TOTAL,11.0,65105450.0,11489197.0,,,583.0,34396.0,76594648.0,11455.0,318.0,3127.0,1893.0
NZL,New Zealand,RES,CR+,CR/LFM/CDH+ERH/H:4-6/Y:>2000/RES,,TOTAL,25.0,160218789.0,28273904.0,,,1179.0,85406.0,188492693.0,28444.0,750.0,3416.0,1876.0
NZL,New Zealand,RES,CR+,CR/LFM/CDH+ERH/H:7-9/Y:1990-1999/RES,,TOTAL,2.0,29641248.0,5230808.0,,,274.0,15660.0,34872056.0,5226.0,145.0,7830.0,1893.0
NZL,New Zealand,RES,CR+,CR/LFM/CDH+ERH/H:7-9/Y:>2000/IRR/RES,,TOTAL,5.0,77581825.0,13690910.0,,,688.0,40988.0,91272734.0,13678.0,380.0,8198.0,1893.0
NZL,New Zealand,RES,CR+,CR/LFM/CDH+ERH/H:7-9/Y:>2000/RES,,TOTAL,7.0,116733745.0,20600073.0,,,862.0,62372.0,137333818.0,20814.0,540.0,8910.0,1872.0
NZL,New Zealand,RES,CR+,CR/LFM/CDH+ERH/H:>9/Y:1990-1999/IRR/RES,,TOTAL,1.0,24939533.0,4401094.0,,,230.0,13176.0,29340627.0,4403.0,122.0,13176.0,1893.0
NZL,New Zealand,RES,CR+,CR/LFM/CDH+ERH/H:>9/Y:>2000/IRR/RES,,TOTAL,2.0,46296293.0,8169934.0,,,378.0,24459.0,54466227.0,8173.0,226.0,12230.0,1893.0
NZL,New Zealand,RES,CR+,CR/LFM/CDH+ERH/H:>9/Y:>2000/RES,,TOTAL,4.0,117784297.0,20785464.0,,,739.0,63310.0,138569761.0,21155.0,528.0,15828.0,1860.0
NZL,New Zealand,RES,CR+,CR/LFM/CDH+ERM/H:1/Y:1990-1999/IRR/RES,,TOTAL,151.0,53861726.0,9505012.0,,,526.0,29862.0,63366737.0,9919.0,152.0,198.0,1804.0
NZL,New Zealand,RES,CR+,CR/LFM/CDH+ERM/H:1/Y:1990-1999/RES,,TOTAL,508.0,181322814.0,31998154.0,,,1766.0,100548.0,213320967.0,33399.0,508.0,198.0,1803.0
NZL,New Zealand,RES,CR+,CR/LFM/CDH+ERM/H:1/Y:>2000/IRR/RES,,TOTAL,240.0,73116626.0,12902974.0,,,491.0,39768.0,86019505.0,13210.0,294.0,166.0,1839.0
NZL,New Zealand,RES,CR+,CR/LFM/CDH+ERM/H:1/Y:>2000/RES,,TOTAL,925.0,282344355.0,49825610.0,,,1932.0,153264.0,332169582.0,50910.0,1150.0,166.0,1842.0
NZL,New Zealand,RES,CR+,CR/LFM/CDH+ERM/H:2-3/Y:1990-1999/IRR/RES,,TOTAL,76.0,27134584.0,4788456.0,,,264.0,15048.0,31923040.0,5002.0,76.0,198.0,1803.0
NZL,New Zealand,RES,CR+,CR/LFM/CDH+ERM/H:2-3/Y:1990-1999/RES,,TOTAL,320.0,114250849.0,20161920.0,,,1120.0,63360.0,134412769.0,21060.0,320.0,198.0,1803.0
NZL,New Zealand,RES,CR+,CR/LFM/CDH+ERM/H:2-3/Y:>2000/IRR/RES,,TOTAL,59.0,67251584.0,11867927.0,,,479.0,36450.0,79119498.0,12115.0,280.0,618.0,1845.0
NZL,New Zealand,RES,CR+,CR/LFM/CDH+ERM/H:2-3/Y:>2000/RES,,TOTAL,223.0,266759813.0,47075264.0,,,1829.0,144338.0,313835027.0,47975.0,1126.0,647.0,1848.0
NZL,New Zealand,RES,CR+,CR/LFM/CDH+ERM/H:4-6/Y:>2000/IRR/RES,,TOTAL,117.0,753926901.0,133045926.0,,,6037.0,402310.0,886972828.0,133986.0,3511.0,3439.0,1874.0
NZL,New Zealand,RES,CR+,CR/LFM/CDH+ERM/H:4-6/Y:>2000/RES,,TOTAL,374.0,2401199685.0,423741125.0,,,19075.0,1280356.0,2824940810.0,426412.0,11226.0,3423.0,1875.0
NZL,New Zealand,RES,CR+,CR/LFM/CDH+ERM/H:7-9/Y:>2000/IRR/RES,,TOTAL,10.0,177163793.0,31264199.0,,,1220.0,94985.0,208427993.0,31697.0,805.0,9498.0,1865.0
NZL,New Zealand,RES,CR+,CR/LFM/CDH+ERM/H:7-9/Y:>2000/RES,,TOTAL,42.0,720242545.0,127101627.0,,,5642.0,383983.0,847344169.0,128137.0,3370.0,9142.0,1876.0
NZL,New Zealand,RES,CR+,CR/LFM/CDH+ERM/H:>9/Y:>2000/IRR/RES,,TOTAL,11.0,297499238.0,52499866.0,,,1831.0,160194.0,349999104.0,53529.0,1322.0,14563.0,1857.0
NZL,New Zealand,RES,CR+,CR/LFM/CDH+ERM/H:>9/Y:>2000/RES,,TOTAL,86.0,2244930686.0,396164239.0,,,16580.0,1201816.0,2641094926.0,401585.0,10284.0,13975.0,1868.0
NZL,New Zealand,RES,CR-,CR/LFM/CDL+ERM/H:1/Y:1970-1979/IRR/RES,,TOTAL,174.0,62123912.0,10963044.0,,,583.0,34452.0,73086956.0,11444.0,174.0,198.0,1803.0
NZL,New Zealand,RES,CR-,CR/LFM/CDL+ERM/H:1/Y:1970-1979/RES,,TOTAL,654.0,233500175.0,41205924.0,,,2162.0,129492.0,274706099.0,43013.0,654.0,198.0,1803.0
NZL,New Zealand,RES,CR-,CR/LFM/CDL+ERM/H:2-3/Y:1970-1979/IRR/RES,,TOTAL,137.0,48913656.0,8631822.0,,,472.0,27126.0,57545478.0,9016.0,137.0,198.0,1803.0
NZL,New Zealand,RES,CR-,CR/LFM/CDL+ERM/H:2-3/Y:1970-1979/RES,,TOTAL,536.0,191370180.0,33771216.0,,,1843.0,106128.0,225141396.0,35276.0,536.0,198.0,1803.0
NZL,New Zealand,RES,CR+,CR/LFM/CDM+ERH/H:1/Y:1980-1989/IRR/RES,,TOTAL,42.0,14743690.0,2601827.0,,,124.0,8136.0,17345518.0,2703.0,45.0,194.0,1812.0
NZL,New Zealand,RES,CR+,CR/LFM/CDM+ERH/H:1/Y:1980-1989/RES,,TOTAL,173.0,61062490.0,10775735.0,,,505.0,33751.0,71838227.0,11211.0,180.0,195.0,1809.0
NZL,New Zealand,RES,CR+,CR/LFM/CDM+ERH/H:2-3/Y:1980-1989/IRR/RES,,TOTAL,17.0,7246119.0,1278727.0,,,60.0,3978.0,8524846.0,1322.0,24.0,234.0,1822.0
NZL,New Zealand,RES,CR+,CR/LFM/CDM+ERH/H:2-3/Y:1980-1989/RES,,TOTAL,52.0,22095389.0,3899187.0,,,186.0,12133.0,25994575.0,4033.0,72.0,233.0,1821.0
NZL,New Zealand,RES,CR+,CR/LFM/CDM+ERH/H:4-6/Y:1980-1989/RES,,TOTAL,3.0,18111824.0,3196204.0,,,157.0,9569.0,21308029.0,3187.0,89.0,3190.0,1893.0
NZL,New Zealand,RES,CR+,CR/LFM/CDM+ERH/H:7-9/Y:1980-1989/RES,,TOTAL,1.0,15536102.0,2741665.0,,,116.0,8208.0,18277768.0,2739.0,76.0,8208.0,1893.0
NZL,New Zealand,RES,CR+,CR/LFM/CDM+ERH/H:>9/Y:1980-1989/IRR/RES,,TOTAL,1.0,23610787.0,4166610.0,,,218.0,12474.0,27777397.0,4168.0,116.0,12474.0,1893.0
NZL,New Zealand,RES,CR+,CR/LFM/CDM+ERH/H:>9/Y:1980-1989/RES,,TOTAL,1.0,23610787.0,4166610.0,,,176.0,12474.0,27777397.0,4168.0,116.0,12474.0,1893.0
NZL,New Zealand,NONRES,CR+,CR/LFM/CDM+ERM/H:1-3/Y:<1977/IRI(SOS)/NONRES,,TOTAL,865.0,1047696957.0,184887698.0,,,0.0,609126.0,1232584656.0,318535.0,0.0,704.0,1720.0
NZL,New Zealand,NONRES,CR+,CR/LFM/CDM+ERM/H:1-3/Y:<1977/NONRES,,TOTAL,3570.0,4916037088.0,867535948.0,,,0.0,2858161.0,5783573047.0,1494637.0,0.0,801.0,1720.0
NZL,New Zealand,NONRES,CR+,CR/LFM/CDM+ERM/H:1-3/Y:>1975/IRI(SOS)/NONRES,,TOTAL,837.0,1982910030.0,349925297.0,,,0.0,1152855.0,2332835329.0,602870.0,0.0,1377.0,1720.0
NZL,New Zealand,NONRES,CR+,CR/LFM/CDM+ERM/H:1-3/Y:>1975/NONRES,,TOTAL,3215.0,7100093580.0,1252957683.0,,,0.0,4127961.0,8353051266.0,2158662.0,0.0,1284.0,1720.0
NZL,New Zealand,RES,CR+,CR/LFM/CDM+ERM/H:1/Y:1980-1989/IRR/RES,,TOTAL,91.0,32490093.0,5733546.0,,,319.0,18018.0,38223639.0,5985.0,91.0,198.0,1803.0
NZL,New Zealand,RES,CR+,CR/LFM/CDM+ERM/H:1/Y:1980-1989/RES,,TOTAL,381.0,136029916.0,24005286.0,,,1331.0,75438.0,160035202.0,25058.0,381.0,198.0,1803.0
NZL,New Zealand,RES,CR+,CR/LFM/CDM+ERM/H:2-3/Y:1980-1989/IRR/RES,,TOTAL,64.0,22850174.0,4032384.0,,,224.0,12672.0,26882558.0,4212.0,64.0,198.0,1803.0
NZL,New Zealand,RES,CR+,CR/LFM/CDM+ERM/H:2-3/Y:1980-1989/RES,,TOTAL,201.0,71763821.0,12664206.0,,,704.0,39798.0,84428027.0,13229.0,201.0,198.0,1803.0
NZL,New Zealand,NONRES,CR+,CR/LFM/CDM+ERM/H:4-7/Y:<1977/IRI(SOS)/NONRES,,TOTAL,17.0,270132322.0,47670411.0,,,0.0,157054.0,317802733.0,82359.0,0.0,9238.0,1720.0
NZL,New Zealand,NONRES,CR+,CR/LFM/CDM+ERM/H:4-7/Y:<1977/NONRES,,TOTAL,98.0,1273149976.0,224673526.0,,,0.0,740203.0,1497823501.0,388165.0,0.0,7553.0,1720.0
NZL,New Zealand,NONRES,CR+,CR/LFM/CDM+ERM/H:4-7/Y:>1975/IRI(SOS)/NONRES,,TOTAL,22.0,315342740.0,55648719.0,,,0.0,183339.0,370991458.0,96143.0,0.0,8334.0,1720.0
NZL,New Zealand,NONRES,CR+,CR/LFM/CDM+ERM/H:4-7/Y:>1975/NONRES,,TOTAL,101.0,1341749650.0,236779347.0,,,0.0,780087.0,1578529001.0,409080.0,0.0,7724.0,1720.0
NZL,New Zealand,NONRES,CR+,CR/LFM/CDM+ERM/H:>7/Y:<1977/IRI(SOS)/NONRES,,TOTAL,2.0,358021554.0,63180274.0,,,0.0,208152.0,421201828.0,109308.0,0.0,104076.0,1720.0
NZL,New Zealand,NONRES,CR+,CR/LFM/CDM+ERM/H:>7/Y:<1977/NONRES,,TOTAL,13.0,331006995.0,58412999.0,,,0.0,192446.0,389419994.0,101060.0,0.0,14804.0,1720.0
NZL,New Zealand,NONRES,CR+,CR/LFM/CDM+ERM/H:>7/Y:>1975/IRI(SOS)/NONRES,,TOTAL,7.0,189468998.0,33435706.0,,,0.0,110156.0,222904704.0,57847.0,0.0,15737.0,1720.0
NZL,New Zealand,NONRES,CR+,CR/LFM/CDM+ERM/H:>7/Y:>1975/NONRES,,TOTAL,21.0,748433202.0,132076447.0,,,0.0,435136.0,880509648.0,228505.0,0.0,20721.0,1720.0
NZL,New Zealand,NONRES,CR+,CR/LWAL/CDH+ERH/H:1-3/Y:<1977/IRI(SOS)/NONRES,,TOTAL,2969.0,2220662826.0,391881670.0,,,0.0,1291083.0,2612544523.0,745760.0,0.0,435.0,1720.0
NZL,New Zealand,NONRES,CR+,CR/LWAL/CDH+ERH/H:1-3/Y:<1977/NONRES,,TOTAL,12408.0,9730384851.0,1717126740.0,,,0.0,5657200.0,11447511571.0,3267728.0,0.0,456.0,1720.0
NZL,New Zealand,NONRES,CR+,CR/LWAL/CDH+ERH/H:1-3/Y:>1975/IRI(SOS)/NONRES,,TOTAL,4580.0,3702096658.0,653311161.0,,,0.0,2152382.0,4355407839.0,1243268.0,0.0,470.0,1720.0
NZL,New Zealand,NONRES,CR+,CR/LWAL/CDH+ERH/H:1-3/Y:>1975/NONRES,,TOTAL,18319.0,14211836664.0,2507971163.0,,,0.0,8262696.0,16719807819.0,4772723.0,0.0,451.0,1720.0
NZL,New Zealand,RES,CR+,CR/LWAL/CDH+ERH/H:1/Y:1990-1999/IRR/RES,,TOTAL,905.0,316311524.0,55819720.0,,,2509.0,174330.0,372131184.0,70714.0,972.0,193.0,1814.0
NZL,New Zealand,RES,CR+,CR/LWAL/CDH+ERH/H:1/Y:1990-1999/RES,,TOTAL,3731.0,1304977978.0,230290417.0,,,10349.0,719370.0,1535268198.0,291796.0,4000.0,193.0,1814.0
NZL,New Zealand,RES,CR+,CR/LWAL/CDH+ERH/H:1/Y:>2000/IRR/RES,,TOTAL,3995.0,1251155299.0,220792434.0,,,6906.0,687702.0,1471947447.0,278956.0,4475.0,172.0,1819.0
NZL,New Zealand,RES,CR+,CR/LWAL/CDH+ERH/H:1/Y:>2000/RES,,TOTAL,16157.0,5047751063.0,890780438.0,,,27612.0,2773537.0,5938530663.0,1125032.0,18162.0,172.0,1820.0
NZL,New Zealand,RES,CR+,CR/LWAL/CDH+ERH/H:2-3/Y:1990-1999/IRR/RES,,TOTAL,167.0,80762131.0,14252146.0,,,633.0,44065.0,95014276.0,17886.0,284.0,264.0,1833.0
NZL,New Zealand,RES,CR+,CR/LWAL/CDH+ERH/H:2-3/Y:1990-1999/RES,,TOTAL,611.0,288598736.0,50929214.0,,,2322.0,157636.0,339527945.0,63985.0,1000.0,258.0,1831.0
NZL,New Zealand,RES,CR+,CR/LWAL/CDH+ERH/H:2-3/Y:>2000/IRR/RES,,TOTAL,382.0,393166604.0,69382324.0,,,1976.0,214594.0,462548967.0,87104.0,1552.0,562.0,1832.0
NZL,New Zealand,RES,CR+,CR/LWAL/CDH+ERH/H:2-3/Y:>2000/RES,,TOTAL,1694.0,1605596792.0,283340589.0,,,8793.0,875268.0,1888937508.0,355272.0,6334.0,517.0,1834.0
NZL,New Zealand,RES,CR+,CR/LWAL/CDH+ERH/H:4-6/Y:1990-1999/IRR/RES,,TOTAL,5.0,30451635.0,5373818.0,,,226.0,16088.0,35825454.0,6543.0,149.0,3218.0,1893.0
NZL,New Zealand,RES,CR+,CR/LWAL/CDH+ERH/H:4-6/Y:1990-1999/RES,,TOTAL,13.0,77782723.0,13726363.0,,,606.0,41094.0,91509086.0,16714.0,380.0,3161.0,1893.0
NZL,New Zealand,RES,CR+,CR/LWAL/CDH+ERH/H:4-6/Y:>2000/IRR/RES,,TOTAL,51.0,332153546.0,58615333.0,,,2390.0,177728.0,390768874.0,72287.0,1525.0,3485.0,1869.0
NZL,New Zealand,RES,CR+,CR/LWAL/CDH+ERH/H:4-6/Y:>2000/RES,,TOTAL,157.0,1021799465.0,180317555.0,,,7025.0,547212.0,1202117013.0,222565.0,4672.0,3485.0,1867.0
NZL,New Zealand,NONRES,CR+,CR/LWAL/CDH+ERH/H:4-7/Y:<1977/IRI(SOS)/NONRES,,TOTAL,90.0,699698577.0,123476218.0,,,0.0,406801.0,823174798.0,235655.0,0.0,4520.0,1720.0
NZL,New Zealand,NONRES,CR+,CR/LWAL/CDH+ERH/H:4-7/Y:<1977/NONRES,,TOTAL,333.0,2808831684.0,495676179.0,,,0.0,1633042.0,3304507863.0,945999.0,0.0,4904.0,1720.0
NZL,New Zealand,NONRES,CR+,CR/LWAL/CDH+ERH/H:4-7/Y:>1975/IRI(SOS)/NONRES,,TOTAL,121.0,1205129505.0,212669914.0,,,0.0,700657.0,1417799414.0,405881.0,0.0,5791.0,1720.0
NZL,New Zealand,NONRES,CR+,CR/LWAL/CDH+ERH/H:4-7/Y:>1975/NONRES,,TOTAL,399.0,4698004329.0,829059587.0,,,0.0,2731398.0,5527063918.0,1582261.0,0.0,6846.0,1720.0
NZL,New Zealand,RES,CR+,CR/LWAL/CDH+ERH/H:7-9/Y:1990-1999/RES,,TOTAL,2.0,29641248.0,5230808.0,,,274.0,15660.0,34872056.0,6382.0,145.0,7830.0,1893.0
NZL,New Zealand,RES,CR+,CR/LWAL/CDH+ERH/H:7-9/Y:>2000/IRR/RES,,TOTAL,8.0,139093326.0,24545881.0,,,1047.0,74185.0,163639207.0,30234.0,649.0,9273.0,1875.0
NZL,New Zealand,RES,CR+,CR/LWAL/CDH+ERH/H:7-9/Y:>2000/RES,,TOTAL,21.0,355396745.0,62717073.0,,,2500.0,190783.0,418113819.0,77754.0,1605.0,9085.0,1863.0
NZL,New Zealand,NONRES,CR+,CR/LWAL/CDH+ERH/H:>7/Y:<1977/IRI(SOS)/NONRES,,TOTAL,12.0,308170323.0,54382999.0,,,0.0,179169.0,362553321.0,103939.0,0.0,14931.0,1720.0
NZL,New Zealand,NONRES,CR+,CR/LWAL/CDH+ERH/H:>7/Y:<1977/NONRES,,TOTAL,43.0,1912573841.0,337513030.0,,,0.0,1111962.0,2250086873.0,645069.0,0.0,25860.0,1720.0
NZL,New Zealand,NONRES,CR+,CR/LWAL/CDH+ERH/H:>7/Y:>1975/IRI(SOS)/NONRES,,TOTAL,23.0,812082702.0,143308712.0,,,0.0,472141.0,955391413.0,273898.0,0.0,20528.0,1720.0
NZL,New Zealand,NONRES,CR+,CR/LWAL/CDH+ERH/H:>7/Y:>1975/NONRES,,TOTAL,101.0,3414867890.0,602623747.0,,,0.0,1985388.0,4017491635.0,1151760.0,0.0,19657.0,1720.0
NZL,New Zealand,RES,CR+,CR/LWAL/CDH+ERH/H:>9/Y:1990-1999/RES,,TOTAL,1.0,24939533.0,4401094.0,,,230.0,13176.0,29340627.0,5377.0,122.0,13176.0,1893.0
NZL,New Zealand,RES,CR+,CR/LWAL/CDH+ERH/H:>9/Y:>2000/IRR/RES,,TOTAL,8.0,210258538.0,37104448.0,,,1606.0,112166.0,247362986.0,45775.0,981.0,14021.0,1875.0
NZL,New Zealand,RES,CR+,CR/LWAL/CDH+ERH/H:>9/Y:>2000/RES,,TOTAL,9.0,235090479.0,41486555.0,,,1836.0,125285.0,276577034.0,51129.0,1102.0,13921.0,1876.0
NZL,New Zealand,RES,CR+,CR/LWAL/CDH+ERM/H:1/Y:1990-1999/IRR/RES,,TOTAL,1215.0,433342460.0,76472244.0,,,3789.0,240246.0,509814694.0,97451.0,1220.0,198.0,1804.0
NZL,New Zealand,RES,CR+,CR/LWAL/CDH+ERM/H:1/Y:1990-1999/RES,,TOTAL,5250.0,1872108226.0,330372278.0,,,16342.0,1037844.0,2202480452.0,420977.0,5273.0,198.0,1804.0
NZL,New Zealand,RES,CR+,CR/LWAL/CDH+ERM/H:1/Y:>2000/IRR/RES,,TOTAL,1717.0,520718746.0,91891763.0,,,3120.0,284053.0,612610035.0,115222.0,2056.0,165.0,1833.0
NZL,New Zealand,RES,CR+,CR/LWAL/CDH+ERM/H:1/Y:>2000/RES,,TOTAL,6668.0,2021988905.0,356822199.0,,,12203.0,1103138.0,2378809807.0,447470.0,7975.0,165.0,1833.0
NZL,New Zealand,RES,CR+,CR/LWAL/CDH+ERM/H:2-3/Y:1990-1999/IRR/RES,,TOTAL,509.0,188810105.0,33319440.0,,,1763.0,104466.0,222129545.0,42404.0,548.0,205.0,1807.0
NZL,New Zealand,RES,CR+,CR/LWAL/CDH+ERM/H:2-3/Y:1990-1999/RES,,TOTAL,2012.0,730151629.0,128850381.0,,,6835.0,404516.0,859002009.0,164196.0,2077.0,201.0,1805.0
NZL,New Zealand,RES,CR+,CR/LWAL/CDH+ERM/H:2-3/Y:>2000/IRR/RES,,TOTAL,327.0,389251029.0,68691359.0,,,2531.0,210818.0,457942323.0,85571.0,1634.0,645.0,1846.0
NZL,New Zealand,RES,CR+,CR/LWAL/CDH+ERM/H:2-3/Y:>2000/RES,,TOTAL,1474.0,1806623401.0,318815873.0,,,11603.0,978930.0,2125439205.0,397348.0,7578.0,664.0,1846.0
NZL,New Zealand,RES,CR+,CR/LWAL/CDH+ERM/H:4-6/Y:1990-1999/RES,,TOTAL,1.0,5570510.0,983031.0,,,45.0,2943.0,6553542.0,1197.0,27.0,2943.0,1893.0
NZL,New Zealand,RES,CR+,CR/LWAL/CDH+ERM/H:4-6/Y:>2000/IRR/RES,,TOTAL,30.0,200153297.0,35321170.0,,,1312.0,107498.0,235474468.0,43722.0,902.0,3583.0,1862.0
NZL,New Zealand,RES,CR+,CR/LWAL/CDH+ERM/H:4-6/Y:>2000/RES,,TOTAL,83.0,540233232.0,95335279.0,,,3857.0,289125.0,635568509.0,117595.0,2479.0,3483.0,1869.0
NZL,New Zealand,RES,CR+,CR/LWAL/CDH+ERM/H:7-9/Y:>2000/IRR/RES,,TOTAL,1.0,23327060.0,4116540.0,,,0.0,13017.0,27443600.0,5305.0,83.0,13017.0,1792.0
NZL,New Zealand,RES,CR+,CR/LWAL/CDH+ERM/H:7-9/Y:>2000/RES,,TOTAL,3.0,45301607.0,7994402.0,,,408.0,23934.0,53296007.0,9754.0,222.0,7978.0,1893.0
NZL,New Zealand,RES,CR+,CR/LWAL/CDH+ERM/H:>9/Y:>2000/IRR/RES,,TOTAL,11.0,278724993.0,49186763.0,,,2289.0,148262.0,327911758.0,60506.0,1319.0,13478.0,1880.0
NZL,New Zealand,RES,CR+,CR/LWAL/CDH+ERM/H:>9/Y:>2000/RES,,TOTAL,18.0,478283188.0,84402915.0,,,3204.0,256712.0,562686104.0,104765.0,2162.0,14262.0,1863.0
NZL,New Zealand,RES,CR-,CR/LWAL/CDL+ERM/H:1/Y:1950-1959/IRR/RES,,TOTAL,595.0,212435154.0,37488570.0,,,1753.0,117810.0,249923724.0,47788.0,595.0,198.0,1803.0
NZL,New Zealand,RES,CR-,CR/LWAL/CDL+ERM/H:1/Y:1950-1959/RES,,TOTAL,2494.0,890442103.0,157136959.0,,,7353.0,493812.0,1047579050.0,200305.0,2494.0,198.0,1803.0
NZL,New Zealand,RES,CR-,CR/LWAL/CDL+ERM/H:1/Y:1960-1969/IRR/RES,,TOTAL,753.0,268846516.0,47443518.0,,,2355.0,149094.0,316290034.0,60478.0,753.0,198.0,1803.0
NZL,New Zealand,RES,CR-,CR/LWAL/CDL+ERM/H:1/Y:1960-1969/RES,,TOTAL,3122.0,1114659330.0,196704731.0,,,9804.0,618156.0,1311364059.0,250743.0,3122.0,198.0,1803.0
NZL,New Zealand,RES,CR-,CR/LWAL/CDL+ERM/H:1/Y:1970-1979/IRR/RES,,TOTAL,2384.0,851168607.0,150206304.0,,,7437.0,472032.0,1001374910.0,191472.0,2384.0,198.0,1803.0
NZL,New Zealand,RES,CR-,CR/LWAL/CDL+ERM/H:1/Y:1970-1979/RES,,TOTAL,9635.0,3440019218.0,607062766.0,,,30149.0,1907730.0,4047081904.0,773828.0,9635.0,198.0,1803.0
NZL,New Zealand,RES,CR-,CR/LWAL/CDL+ERM/H:1/Y:<1950/IRR/RES,,TOTAL,1084.0,387024729.0,68298504.0,,,3219.0,214632.0,455323233.0,87062.0,1084.0,198.0,1803.0
NZL,New Zealand,RES,CR-,CR/LWAL/CDL+ERM/H:1/Y:<1950/RES,,TOTAL,4335.0,1547741167.0,273131003.0,,,12865.0,858330.0,1820872164.0,348165.0,4335.0,198.0,1803.0
NZL,New Zealand,RES,CR-,CR/LWAL/CDL+ERM/H:2-3/Y:1950-1959/IRR/RES,,TOTAL,214.0,76405257.0,13483284.0,,,675.0,42372.0,89888541.0,17199.0,214.0,198.0,1803.0
NZL,New Zealand,RES,CR-,CR/LWAL/CDL+ERM/H:2-3/Y:1950-1959/RES,,TOTAL,822.0,293481789.0,51790932.0,,,2598.0,162756.0,345272721.0,66064.0,822.0,198.0,1803.0
NZL,New Zealand,RES,CR-,CR/LWAL/CDL+ERM/H:2-3/Y:1960-1969/IRR/RES,,TOTAL,357.0,127461113.0,22493142.0,,,1186.0,70686.0,149954255.0,28692.0,357.0,198.0,1803.0
NZL,New Zealand,RES,CR-,CR/LWAL/CDL+ERM/H:2-3/Y:1960-1969/RES,,TOTAL,1480.0,528410024.0,93248880.0,,,4945.0,293040.0,621658904.0,118947.0,1480.0,198.0,1803.0
NZL,New Zealand,RES,CR-,CR/LWAL/CDL+ERM/H:2-3/Y:1970-1979/IRR/RES,,TOTAL,1094.0,390595057.0,68928564.0,,,3619.0,216612.0,459523621.0,87925.0,1094.0,198.0,1803.0
NZL,New Zealand,RES,CR-,CR/LWAL/CDL+ERM/H:2-3/Y:1970-1979/RES,,TOTAL,4326.0,1544527917.0,272563956.0,,,14321.0,856548.0,1817091861.0,347678.0,4326.0,198.0,1803.0
NZL,New Zealand,RES,CR-,CR/LWAL/CDL+ERM/H:2-3/Y:<1950/IRR/RES,,TOTAL,351.0,125318917.0,22115106.0,,,1127.0,69498.0,147434023.0,28210.0,351.0,198.0,1803.0
NZL,New Zealand,RES,CR-,CR/LWAL/CDL+ERM/H:2-3/Y:<1950/RES,,TOTAL,1493.0,533051505.0,94067958.0,,,4779.0,295614.0,627119463.0,119992.0,1493.0,198.0,1803.0
NZL,New Zealand,RES,CR+,CR/LWAL/CDM+ERH/H:1/Y:1980-1989/IRR/RES,,TOTAL,1234.0,439423196.0,77545310.0,,,3633.0,243505.0,516968509.0,98774.0,1246.0,197.0,1805.0
NZL,New Zealand,RES,CR+,CR/LWAL/CDM+ERH/H:1/Y:1980-1989/RES,,TOTAL,4836.0,1722338177.0,303942287.0,,,14293.0,954472.0,2026280422.0,387160.0,4879.0,197.0,1804.0
NZL,New Zealand,RES,CR+,CR/LWAL/CDM+ERH/H:2-3/Y:1980-1989/IRR/RES,,TOTAL,257.0,96463875.0,17023042.0,,,817.0,53335.0,113486916.0,21649.0,283.0,208.0,1809.0
NZL,New Zealand,RES,CR+,CR/LWAL/CDM+ERH/H:2-3/Y:1980-1989/RES,,TOTAL,1082.0,406311767.0,71702116.0,,,3448.0,224644.0,478013877.0,91184.0,1193.0,208.0,1809.0
NZL,New Zealand,RES,CR+,CR/LWAL/CDM+ERH/H:4-6/Y:1980-1989/IRR/RES,,TOTAL,5.0,30186375.0,5327007.0,,,279.0,15948.0,35513382.0,6486.0,148.0,3190.0,1893.0
NZL,New Zealand,RES,CR+,CR/LWAL/CDM+ERH/H:4-6/Y:1980-1989/RES,,TOTAL,7.0,42260923.0,7457810.0,,,391.0,22327.0,49718734.0,9081.0,207.0,3190.0,1893.0
NZL,New Zealand,RES,CR+,CR/LWAL/CDM+ERH/H:7-9/Y:1980-1989/RES,,TOTAL,2.0,31072205.0,5483330.0,,,287.0,16416.0,36555535.0,6690.0,152.0,8208.0,1893.0
NZL,New Zealand,RES,CR+,CR/LWAL/CDM+ERM/H:1/Y:1980-1989/IRR/RES,,TOTAL,570.0,203509287.0,35913420.0,,,1932.0,112860.0,239422707.0,45780.0,570.0,198.0,1803.0
NZL,New Zealand,RES,CR+,CR/LWAL/CDM+ERM/H:1/Y:1980-1989/RES,,TOTAL,2433.0,868662921.0,153293589.0,,,8210.0,481734.0,1021956504.0,195405.0,2433.0,198.0,1803.0
NZL,New Zealand,RES,CR+,CR/LWAL/CDM+ERM/H:2-3/Y:1980-1989/IRR/RES,,TOTAL,307.0,109609400.0,19342842.0,,,1062.0,60786.0,128952242.0,24674.0,307.0,198.0,1803.0
NZL,New Zealand,RES,CR+,CR/LWAL/CDM+ERM/H:2-3/Y:1980-1989/RES,,TOTAL,1180.0,421299834.0,74347080.0,,,4065.0,233640.0,495646914.0,94836.0,1180.0,198.0,1803.0
NZL,New Zealand,NONRES,MR|MCF,MR+CBH/LWAL/CDH+ERH/H:1-3/Y:>1975/IRI(SOS)/NONRES,,TOTAL,3826.0,2610693962.0,460710678.0,,,0.0,1517845.0,3071404618.0,996075.0,0.0,397.0,1720.0
NZL,New Zealand,NONRES,MR|MCF,MR+CBH/LWAL/CDH+ERH/H:1-3/Y:>1975/NONRES,,TOTAL,15382.0,8991255372.0,1586692109.0,,,0.0,5227474.0,10577947459.0,3430485.0,0.0,340.0,1720.0
NZL,New Zealand,RES,MR|MCF,MR+CBH/LWAL/CDH+ERH/H:1/Y:1990-1999/IRR/RES,,TOTAL,920.0,322674900.0,56942676.0,,,2548.0,178020.0,379617520.0,87106.0,977.0,194.0,1813.0
NZL,New Zealand,RES,MR|MCF,MR+CBH/LWAL/CDH+ERH/H:1/Y:1990-1999/RES,,TOTAL,3411.0,1197023242.0,211239576.0,,,9466.0,660508.0,1408262630.0,323186.0,3617.0,194.0,1812.0
NZL,New Zealand,RES,MR|MCF,MR+CBH/LWAL/CDH+ERH/H:1/Y:>2000/IRR/RES,,TOTAL,3977.0,1239607469.0,218754592.0,,,6739.0,681414.0,1458361774.0,333420.0,4454.0,171.0,1819.0
NZL,New Zealand,RES,MR|MCF,MR+CBH/LWAL/CDH+ERH/H:1/Y:>2000/RES,,TOTAL,15513.0,4846586351.0,855280652.0,,,26487.0,2663449.0,5701866166.0,1303231.0,17413.0,172.0,1820.0
NZL,New Zealand,RES,MR|MCF,MR+CBH/LWAL/CDH+ERH/H:2-3/Y:1990-1999/IRR/RES,,TOTAL,168.0,70565547.0,12452747.0,,,568.0,38771.0,83018294.0,18982.0,226.0,231.0,1820.0
NZL,New Zealand,RES,MR|MCF,MR+CBH/LWAL/CDH+ERH/H:2-3/Y:1990-1999/RES,,TOTAL,586.0,243317692.0,42938439.0,,,1924.0,133770.0,286256131.0,65493.0,774.0,228.0,1819.0
NZL,New Zealand,RES,MR|MCF,MR+CBH/LWAL/CDH+ERH/H:2-3/Y:>2000/IRR/RES,,TOTAL,361.0,341978837.0,60349189.0,,,1723.0,186838.0,402328072.0,91475.0,1330.0,518.0,1830.0
NZL,New Zealand,RES,MR|MCF,MR+CBH/LWAL/CDH+ERH/H:2-3/Y:>2000/RES,,TOTAL,1519.0,1369516449.0,241679360.0,,,7955.0,745607.0,1611195914.0,365045.0,5418.0,491.0,1837.0
NZL,New Zealand,RES,MR|MCF,MR+CBH/LWAL/CDH+ERM/H:1/Y:1990-1999/IRR/RES,,TOTAL,970.0,345818786.0,61026880.0,,,2946.0,191700.0,406845660.0,93800.0,975.0,198.0,1804.0
NZL,New Zealand,RES,MR|MCF,MR+CBH/LWAL/CDH+ERM/H:1/Y:1990-1999/RES,,TOTAL,4127.0,1471008309.0,259589876.0,,,12492.0,815382.0,1730598141.0,398965.0,4152.0,198.0,1804.0
NZL,New Zealand,RES,MR|MCF,MR+CBH/LWAL/CDH+ERM/H:1/Y:>2000/IRR/RES,,TOTAL,1323.0,398139795.0,70260122.0,,,2162.0,217723.0,468399596.0,106534.0,1554.0,165.0,1829.0
NZL,New Zealand,RES,MR|MCF,MR+CBH/LWAL/CDH+ERM/H:1/Y:>2000/RES,,TOTAL,4959.0,1501773339.0,265019300.0,,,8535.0,820496.0,1766791640.0,401473.0,5864.0,165.0,1830.0
NZL,New Zealand,RES,MR|MCF,MR+CBH/LWAL/CDH+ERM/H:2-3/Y:1990-1999/IRR/RES,,TOTAL,381.0,139569852.0,24629979.0,,,1289.0,77280.0,164199831.0,37837.0,401.0,203.0,1806.0
NZL,New Zealand,RES,MR|MCF,MR+CBH/LWAL/CDH+ERM/H:2-3/Y:1990-1999/RES,,TOTAL,1412.0,517111432.0,91255013.0,,,4741.0,286330.0,608366446.0,140187.0,1484.0,203.0,1806.0
NZL,New Zealand,RES,MR|MCF,MR+CBH/LWAL/CDH+ERM/H:2-3/Y:>2000/IRR/RES,,TOTAL,251.0,300638035.0,53053771.0,,,1941.0,163045.0,353691759.0,79826.0,1252.0,650.0,1844.0
NZL,New Zealand,RES,MR|MCF,MR+CBH/LWAL/CDH+ERM/H:2-3/Y:>2000/RES,,TOTAL,1041.0,1243024450.0,219357254.0,,,7794.0,674828.0,1462381593.0,330391.0,5143.0,648.0,1842.0
NZL,New Zealand,RES,MR|MCF,MR+CBH/LWAL/CDL+ERM/H:1/Y:1950-1959/IRR/RES,,TOTAL,652.0,232786070.0,41079912.0,,,1909.0,129096.0,273865982.0,63167.0,652.0,198.0,1803.0
NZL,New Zealand,RES,MR|MCF,MR+CBH/LWAL/CDL+ERM/H:1/Y:1950-1959/RES,,TOTAL,2411.0,860808285.0,151907459.0,,,7049.0,477378.0,1012715731.0,233582.0,2411.0,198.0,1803.0
NZL,New Zealand,RES,MR|MCF,MR+CBH/LWAL/CDL+ERM/H:1/Y:1960-1969/IRR/RES,,TOTAL,679.0,242426011.0,42781074.0,,,2119.0,134442.0,285207085.0,65783.0,679.0,198.0,1803.0
NZL,New Zealand,RES,MR|MCF,MR+CBH/LWAL/CDL+ERM/H:1/Y:1960-1969/RES,,TOTAL,2839.0,1013618798.0,178874034.0,,,8849.0,562122.0,1192492829.0,275048.0,2839.0,198.0,1803.0
NZL,New Zealand,RES,MR|MCF,MR+CBH/LWAL/CDL+ERM/H:1/Y:1970-1979/IRR/RES,,TOTAL,2110.0,753341340.0,132942660.0,,,6516.0,417780.0,886284000.0,204421.0,2110.0,198.0,1803.0
NZL,New Zealand,RES,MR|MCF,MR+CBH/LWAL/CDL+ERM/H:1/Y:1970-1979/RES,,TOTAL,8144.0,2907682170.0,513120822.0,,,25120.0,1612512.0,3420802920.0,789001.0,8144.0,198.0,1803.0
NZL,New Zealand,RES,MR|MCF,MR+CBH/LWAL/CDL+ERM/H:1/Y:<1950/IRR/RES,,TOTAL,981.0,350250230.0,61808885.0,,,2881.0,194238.0,412059115.0,95042.0,981.0,198.0,1803.0
NZL,New Zealand,RES,MR|MCF,MR+CBH/LWAL/CDL+ERM/H:1/Y:<1950/RES,,TOTAL,3977.0,1419923106.0,250574857.0,,,11689.0,787446.0,1670497956.0,385299.0,3977.0,198.0,1803.0
NZL,New Zealand,RES,MR|MCF,MR+CBH/LWAL/CDL+ERM/H:2-3/Y:1950-1959/IRR/RES,,TOTAL,185.0,66051282.0,11656110.0,,,577.0,36630.0,77707392.0,17934.0,185.0,198.0,1803.0
NZL,New Zealand,RES,MR|MCF,MR+CBH/LWAL/CDL+ERM/H:2-3/Y:1950-1959/RES,,TOTAL,730.0,260634700.0,45994380.0,,,2304.0,144540.0,306629080.0,70767.0,730.0,198.0,1803.0
NZL,New Zealand,RES,MR|MCF,MR+CBH/LWAL/CDL+ERM/H:2-3/Y:1960-1969/IRR/RES,,TOTAL,323.0,115321967.0,20350938.0,,,1075.0,63954.0,135672905.0,31312.0,323.0,198.0,1803.0
NZL,New Zealand,RES,MR|MCF,MR+CBH/LWAL/CDL+ERM/H:2-3/Y:1960-1969/RES,,TOTAL,1323.0,472355743.0,83356938.0,,,4398.0,261954.0,555712681.0,128253.0,1323.0,198.0,1803.0
NZL,New Zealand,RES,MR|MCF,MR+CBH/LWAL/CDL+ERM/H:2-3/Y:1970-1979/IRR/RES,,TOTAL,804.0,287055268.0,50656824.0,,,2609.0,159192.0,337712092.0,77941.0,804.0,198.0,1803.0
NZL,New Zealand,RES,MR|MCF,MR+CBH/LWAL/CDL+ERM/H:2-3/Y:1970-1979/RES,,TOTAL,3280.0,1171070712.0,206659678.0,,,10681.0,649440.0,1377730388.0,317965.0,3280.0,198.0,1803.0
NZL,New Zealand,RES,MR|MCF,MR+CBH/LWAL/CDL+ERM/H:2-3/Y:<1950/IRR/RES,,TOTAL,346.0,123533749.0,21800076.0,,,1092.0,68508.0,145333825.0,33542.0,346.0,198.0,1803.0
NZL,New Zealand,RES,MR|MCF,MR+CBH/LWAL/CDL+ERM/H:2-3/Y:<1950/RES,,TOTAL,1320.0,471284656.0,83167920.0,,,4185.0,261360.0,554452576.0,127962.0,1320.0,198.0,1803.0
NZL,New Zealand,RES,MR|MCF,MR+CBH/LWAL/CDM+ERH/H:1/Y:1980-1989/IRR/RES,,TOTAL,1156.0,412128868.0,72728664.0,,,3395.0,228457.0,484857537.0,111785.0,1162.0,198.0,1804.0
NZL,New Zealand,RES,MR|MCF,MR+CBH/LWAL/CDM+ERH/H:1/Y:1980-1989/RES,,TOTAL,4478.0,1595879992.0,281626127.0,,,13173.0,884559.0,1877506090.0,432814.0,4507.0,198.0,1804.0
NZL,New Zealand,RES,MR|MCF,MR+CBH/LWAL/CDM+ERH/H:2-3/Y:1980-1989/IRR/RES,,TOTAL,254.0,90686609.0,16003524.0,,,770.0,50292.0,106690133.0,24623.0,254.0,198.0,1803.0
NZL,New Zealand,RES,MR|MCF,MR+CBH/LWAL/CDM+ERH/H:2-3/Y:1980-1989/RES,,TOTAL,954.0,353552195.0,62391597.0,,,2964.0,195626.0,415943789.0,95779.0,1026.0,205.0,1807.0
NZL,New Zealand,NONRES,MR|MCF,MR+CBH/LWAL/CDM+ERM/H:1-3/Y:<1977/IRI(SOS)/NONRES,,TOTAL,2828.0,1994160116.0,351910583.0,,,0.0,1159395.0,2346070716.0,760844.0,0.0,410.0,1720.0
NZL,New Zealand,NONRES,MR|MCF,MR+CBH/LWAL/CDM+ERM/H:1-3/Y:<1977/NONRES,,TOTAL,11076.0,8543312471.0,1507643377.0,,,0.0,4967042.0,10050955878.0,3259575.0,0.0,448.0,1720.0
NZL,New Zealand,RES,MR|MCF,MR+CBH/LWAL/CDM+ERM/H:1/Y:1980-1989/IRR/RES,,TOTAL,421.0,150311266.0,26525526.0,,,1404.0,83358.0,176836792.0,40788.0,421.0,198.0,1803.0
NZL,New Zealand,RES,MR|MCF,MR+CBH/LWAL/CDM+ERM/H:1/Y:1980-1989/RES,,TOTAL,1614.0,576252431.0,101691679.0,,,5362.0,319572.0,677944104.0,156367.0,1614.0,198.0,1803.0
NZL,New Zealand,RES,MR|MCF,MR+CBH/LWAL/CDM+ERM/H:2-3/Y:1980-1989/IRR/RES,,TOTAL,194.0,69264584.0,12223164.0,,,663.0,38412.0,81487748.0,18807.0,194.0,198.0,1803.0
NZL,New Zealand,RES,MR|MCF,MR+CBH/LWAL/CDM+ERM/H:2-3/Y:1980-1989/RES,,TOTAL,773.0,275987133.0,48703638.0,,,2647.0,153054.0,324690771.0,74935.0,773.0,198.0,1803.0
NZL,New Zealand,NONRES,MUR,MUR+CLBRS/LWAL/CDN+ERN/H:1-2/Y:<1941/IRI(SOS)/NONRES,,TOTAL,2039.0,1498592002.0,374648015.0,,,0.0,1085936.0,1873239996.0,671673.0,0.0,533.0,1380.0
NZL,New Zealand,NONRES,MUR,MUR+CLBRS/LWAL/CDN+ERN/H:1-2/Y:<1941/NONRES,,TOTAL,8285.0,6312181437.0,1578045363.0,,,0.0,4574045.0,7890226783.0,2829133.0,0.0,552.0,1380.0
NZL,New Zealand,RES,MUR,MUR+CLBRS/LWAL/CDN+ERN/H:1/Y:<1950/IRR/RES,,TOTAL,2623.0,936499776.0,234124140.0,,,8093.0,519354.0,1170623916.0,238740.0,2623.0,198.0,1803.0
NZL,New Zealand,RES,MUR,MUR+CLBRS/LWAL/CDN+ERN/H:1/Y:<1950/RES,,TOTAL,10466.0,3736714843.0,934177229.0,,,32274.0,2072268.0,4670892072.0,952586.0,10466.0,198.0,1803.0
NZL,New Zealand,RES,MUR,MUR+CLBRS/LWAL/CDN+ERN/H:2-3/Y:<1950/IRR/RES,,TOTAL,1136.0,405590526.0,101397186.0,,,3749.0,224928.0,506987712.0,103456.0,1136.0,198.0,1803.0
NZL,New Zealand,RES,MUR,MUR+CLBRS/LWAL/CDN+ERN/H:2-3/Y:<1950/RES,,TOTAL,4606.0,1644497583.0,411123369.0,,,15205.0,911988.0,2055620952.0,419467.0,4606.0,198.0,1803.0
NZL,New Zealand,NONRES,S,S/LFBR/CDH+ERH/H:1-3/Y:<1977/IRI(SOS)/NONRES,,TOTAL,128.0,410049543.0,102512382.0,,,0.0,238401.0,512561930.0,106567.0,0.0,1863.0,1720.0
NZL,New Zealand,NONRES,S,S/LFBR/CDH+ERH/H:1-3/Y:<1977/NONRES,,TOTAL,460.0,1132508797.0,283127200.0,,,0.0,658435.0,1415636019.0,294326.0,0.0,1431.0,1720.0
NZL,New Zealand,NONRES,S,S/LFBR/CDH+ERH/H:1-3/Y:>1975/IRI(SOS)/NONRES,,TOTAL,448.0,895752256.0,223938058.0,,,0.0,520786.0,1119690318.0,232796.0,0.0,1162.0,1720.0
NZL,New Zealand,NONRES,S,S/LFBR/CDH+ERH/H:1-3/Y:>1975/NONRES,,TOTAL,1823.0,4274380245.0,1068595055.0,,,0.0,2485105.0,5342975312.0,1110861.0,0.0,1363.0,1720.0
NZL,New Zealand,RES,S,S/LFBR/CDH+ERH/H:1/Y:1990-1999/IRR/RES,,TOTAL,60.0,20968794.0,5242180.0,,,167.0,11556.0,26210968.0,4066.0,65.0,193.0,1815.0
NZL,New Zealand,RES,S,S/LFBR/CDH+ERH/H:1/Y:1990-1999/RES,,TOTAL,165.0,56542847.0,14135671.0,,,447.0,30979.0,70678497.0,10899.0,189.0,188.0,1825.0
NZL,New Zealand,RES,S,S/LFBR/CDH+ERH/H:1/Y:>2000/IRR/RES,,TOTAL,178.0,54644204.0,13661021.0,,,281.0,30042.0,68305225.0,10569.0,200.0,169.0,1819.0
NZL,New Zealand,RES,S,S/LFBR/CDH+ERH/H:1/Y:>2000/RES,,TOTAL,854.0,262847658.0,65711793.0,,,1331.0,144427.0,328559449.0,50811.0,962.0,169.0,1820.0
NZL,New Zealand,RES,S,S/LFBR/CDH+ERH/H:2-3/Y:1990-1999/IRR/RES,,TOTAL,5.0,1785170.0,446290.0,,,14.0,990.0,2231460.0,348.0,5.0,198.0,1803.0
NZL,New Zealand,RES,S,S/LFBR/CDH+ERH/H:2-3/Y:1990-1999/RES,,TOTAL,24.0,8568816.0,2142192.0,,,69.0,4752.0,10711008.0,1673.0,24.0,198.0,1803.0
NZL,New Zealand,RES,S,S/LFBR/CDH+ERH/H:2-3/Y:>2000/IRR/RES,,TOTAL,13.0,8723745.0,2180931.0,,,54.0,4765.0,10904676.0,1677.0,32.0,367.0,1831.0
NZL,New Zealand,RES,S,S/LFBR/CDH+ERH/H:2-3/Y:>2000/RES,,TOTAL,58.0,52096657.0,13024147.0,,,254.0,28616.0,65120804.0,10071.0,194.0,493.0,1821.0
NZL,New Zealand,RES,S,S/LFBR/CDH+ERM/H:1/Y:1990-1999/IRR/RES,,TOTAL,10.0,3570340.0,892580.0,,,28.0,1980.0,4462920.0,697.0,10.0,198.0,1803.0
NZL,New Zealand,RES,S,S/LFBR/CDH+ERM/H:1/Y:1990-1999/RES,,TOTAL,74.0,26319711.0,6579897.0,,,209.0,14580.0,32899608.0,5129.0,75.0,197.0,1805.0
NZL,New Zealand,RES,S,S/LFBR/CDH+ERM/H:1/Y:>2000/IRR/RES,,TOTAL,30.0,9199795.0,2299945.0,,,48.0,5034.0,11499740.0,1771.0,35.0,168.0,1828.0
NZL,New Zealand,RES,S,S/LFBR/CDH+ERM/H:1/Y:>2000/RES,,TOTAL,127.0,38741162.0,9685275.0,,,184.0,21324.0,48426437.0,7502.0,141.0,168.0,1817.0
NZL,New Zealand,RES,S,S/LFBR/CDH+ERM/H:2-3/Y:1990-1999/IRR/RES,,TOTAL,3.0,1071102.0,267774.0,,,9.0,594.0,1338876.0,209.0,3.0,198.0,1803.0
NZL,New Zealand,RES,S,S/LFBR/CDH+ERM/H:2-3/Y:1990-1999/RES,,TOTAL,7.0,3679215.0,919801.0,,,30.0,2000.0,4599016.0,704.0,14.0,286.0,1840.0
NZL,New Zealand,RES,S,S/LFBR/CDH+ERM/H:2-3/Y:>2000/IRR/RES,,TOTAL,2.0,714068.0,178516.0,,,6.0,396.0,892584.0,139.0,2.0,198.0,1803.0
NZL,New Zealand,RES,S,S/LFBR/CDH+ERM/H:2-3/Y:>2000/RES,,TOTAL,17.0,18868494.0,4717116.0,,,66.0,10427.0,23585610.0,3670.0,69.0,613.0,1810.0
NZL,New Zealand,RES,S,S/LFBR/CDL+ERM/H:1/Y:1950-1959/IRR/RES,,TOTAL,21.0,7497713.0,1874419.0,,,58.0,4158.0,9372132.0,1463.0,21.0,198.0,1803.0
NZL,New Zealand,RES,S,S/LFBR/CDL+ERM/H:1/Y:1950-1959/RES,,TOTAL,49.0,17494663.0,4373645.0,,,136.0,9702.0,21868308.0,3413.0,49.0,198.0,1803.0
NZL,New Zealand,RES,S,S/LFBR/CDL+ERM/H:1/Y:1960-1969/IRR/RES,,TOTAL,16.0,5712544.0,1428128.0,,,47.0,3168.0,7140672.0,1115.0,16.0,198.0,1803.0
NZL,New Zealand,RES,S,S/LFBR/CDL+ERM/H:1/Y:1960-1969/RES,,TOTAL,49.0,17494665.0,4373643.0,,,144.0,9702.0,21868308.0,3413.0,49.0,198.0,1803.0
NZL,New Zealand,RES,S,S/LFBR/CDL+ERM/H:1/Y:1970-1979/IRR/RES,,TOTAL,135.0,48199582.0,12049838.0,,,398.0,26730.0,60249420.0,9404.0,135.0,198.0,1803.0
NZL,New Zealand,RES,S,S/LFBR/CDL+ERM/H:1/Y:1970-1979/RES,,TOTAL,570.0,203509289.0,50877151.0,,,1696.0,112860.0,254386440.0,39705.0,570.0,198.0,1803.0
NZL,New Zealand,RES,S,S/LFBR/CDL+ERM/H:1/Y:<1950/IRR/RES,,TOTAL,33.0,11782121.0,2945515.0,,,93.0,6534.0,14727636.0,2299.0,33.0,198.0,1803.0
NZL,New Zealand,RES,S,S/LFBR/CDL+ERM/H:1/Y:<1950/RES,,TOTAL,72.0,25706448.0,6426576.0,,,198.0,14256.0,32133024.0,5015.0,72.0,198.0,1803.0
NZL,New Zealand,RES,S,S/LFBR/CDL+ERM/H:2-3/Y:1950-1959/IRR/RES,,TOTAL,3.0,1071102.0,267774.0,,,9.0,594.0,1338876.0,209.0,3.0,198.0,1803.0
NZL,New Zealand,RES,S,S/LFBR/CDL+ERM/H:2-3/Y:1950-1959/RES,,TOTAL,17.0,6069578.0,1517386.0,,,48.0,3366.0,7586964.0,1185.0,17.0,198.0,1803.0
NZL,New Zealand,RES,S,S/LFBR/CDL+ERM/H:2-3/Y:1960-1969/IRR/RES,,TOTAL,3.0,1071102.0,267774.0,,,9.0,594.0,1338876.0,209.0,3.0,198.0,1803.0
NZL,New Zealand,RES,S,S/LFBR/CDL+ERM/H:2-3/Y:1960-1969/RES,,TOTAL,11.0,3927374.0,981838.0,,,32.0,2178.0,4909212.0,767.0,11.0,198.0,1803.0
NZL,New Zealand,RES,S,S/LFBR/CDL+ERM/H:2-3/Y:1970-1979/IRR/RES,,TOTAL,19.0,6783646.0,1695902.0,,,57.0,3762.0,8479548.0,1324.0,19.0,198.0,1803.0
NZL,New Zealand,RES,S,S/LFBR/CDL+ERM/H:2-3/Y:1970-1979/RES,,TOTAL,120.0,42844072.0,10710968.0,,,364.0,23760.0,53555040.0,8363.0,120.0,198.0,1803.0
NZL,New Zealand,RES,S,S/LFBR/CDL+ERM/H:2-3/Y:<1950/IRR/RES,,TOTAL,3.0,1071102.0,267774.0,,,8.0,594.0,1338876.0,209.0,3.0,198.0,1803.0
NZL,New Zealand,RES,S,S/LFBR/CDL+ERM/H:2-3/Y:<1950/RES,,TOTAL,13.0,4641442.0,1160354.0,,,37.0,2574.0,5801796.0,906.0,13.0,198.0,1803.0
NZL,New Zealand,RES,S,S/LFBR/CDM+ERH/H:1/Y:1980-1989/IRR/RES,,TOTAL,60.0,21371691.0,5342896.0,,,175.0,11844.0,26714586.0,4167.0,61.0,197.0,1804.0
NZL,New Zealand,RES,S,S/LFBR/CDM+ERH/H:1/Y:1980-1989/RES,,TOTAL,282.0,100683557.0,25170787.0,,,838.0,55836.0,125854344.0,19644.0,282.0,198.0,1803.0
NZL,New Zealand,RES,S,S/LFBR/CDM+ERH/H:2-3/Y:1980-1989/IRR/RES,,TOTAL,12.0,4284408.0,1071096.0,,,35.0,2376.0,5355504.0,836.0,12.0,198.0,1803.0
NZL,New Zealand,RES,S,S/LFBR/CDM+ERH/H:2-3/Y:1980-1989/RES,,TOTAL,47.0,19133680.0,4783398.0,,,161.0,10530.0,23917078.0,3706.0,60.0,224.0,1817.0
NZL,New Zealand,RES,S,S/LFBR/CDM+ERM/H:1/Y:1980-1989/IRR/RES,,TOTAL,15.0,5355509.0,1338871.0,,,41.0,2970.0,6694380.0,1045.0,15.0,198.0,1803.0
NZL,New Zealand,RES,S,S/LFBR/CDM+ERM/H:1/Y:1980-1989/RES,,TOTAL,36.0,12853223.0,3213289.0,,,102.0,7128.0,16066512.0,2508.0,36.0,198.0,1803.0
NZL,New Zealand,RES,S,S/LFBR/CDM+ERM/H:2-3/Y:1980-1989/IRR/RES,,TOTAL,3.0,1071102.0,267774.0,,,9.0,594.0,1338876.0,209.0,3.0,198.0,1803.0
NZL,New Zealand,RES,S,S/LFBR/CDM+ERM/H:2-3/Y:1980-1989/RES,,TOTAL,9.0,3213306.0,803322.0,,,26.0,1782.0,4016628.0,627.0,9.0,198.0,1803.0
NZL,New Zealand,NONRES,S,S/LFM/CDH+ERH/H:1-3/Y:<1977/NONRES,,TOTAL,12.0,33717407.0,8429350.0,,,0.0,19603.0,42146757.0,8047.0,0.0,1634.0,1720.0
NZL,New Zealand,NONRES,S,S/LFM/CDH+ERH/H:1-3/Y:>1975/IRI(SOS)/NONRES,,TOTAL,2.0,4733769.0,1183442.0,,,0.0,2752.0,5917210.0,1130.0,0.0,1376.0,1720.0
NZL,New Zealand,NONRES,S,S/LFM/CDH+ERH/H:1-3/Y:>1975/NONRES,,TOTAL,8.0,21104676.0,5276169.0,,,0.0,12270.0,26380846.0,5037.0,0.0,1534.0,1720.0
NZL,New Zealand,RES,S,S/LFM/CDH+ERH/H:1/Y:1990-1999/IRR/RES,,TOTAL,10.0,3066529.0,766632.0,,,25.0,1620.0,3833160.0,514.0,15.0,162.0,1893.0
NZL,New Zealand,RES,S,S/LFM/CDH+ERH/H:1/Y:1990-1999/RES,,TOTAL,55.0,17168314.0,4292077.0,,,138.0,9127.0,21460385.0,2896.0,80.0,166.0,1881.0
NZL,New Zealand,NONRES,S,S/LFM/CDH+ERH/H:1/Y:<1977/IRI(SOS)/NONRES,,TOTAL,230.0,482074569.0,120518638.0,,,0.0,280276.0,602593212.0,115000.0,0.0,1219.0,1720.0
NZL,New Zealand,NONRES,S,S/LFM/CDH+ERH/H:1/Y:<1977/NONRES,,TOTAL,891.0,1836468248.0,459117066.0,,,0.0,1067714.0,2295585321.0,438091.0,0.0,1198.0,1720.0
NZL,New Zealand,NONRES,S,S/LFM/CDH+ERH/H:1/Y:>1975/IRI(SOS)/NONRES,,TOTAL,699.0,1389933453.0,347483360.0,,,0.0,808101.0,1737416814.0,331570.0,0.0,1156.0,1720.0
NZL,New Zealand,NONRES,S,S/LFM/CDH+ERH/H:1/Y:>1975/NONRES,,TOTAL,2943.0,6932458877.0,1733114714.0,,,0.0,4030499.0,8665573596.0,1653744.0,0.0,1370.0,1720.0
NZL,New Zealand,RES,S,S/LFM/CDH+ERH/H:1/Y:>2000/IRR/RES,,TOTAL,72.0,22064039.0,5515993.0,,,119.0,12108.0,27580032.0,3842.0,82.0,168.0,1822.0
NZL,New Zealand,RES,S,S/LFM/CDH+ERH/H:1/Y:>2000/RES,,TOTAL,325.0,99466109.0,24866453.0,,,564.0,54396.0,124332562.0,17259.0,381.0,167.0,1829.0
NZL,New Zealand,RES,S,S/LFM/CDH+ERH/H:2-3/Y:1990-1999/IRR/RES,,TOTAL,1.0,1532974.0,383243.0,,,12.0,810.0,1916217.0,257.0,7.0,810.0,1893.0
NZL,New Zealand,RES,S,S/LFM/CDH+ERH/H:2-3/Y:1990-1999/RES,,TOTAL,9.0,13796766.0,3449187.0,,,114.0,7289.0,17245953.0,2314.0,67.0,810.0,1893.0
NZL,New Zealand,RES,S,S/LFM/CDH+ERH/H:2-3/Y:>2000/IRR/RES,,TOTAL,10.0,15848482.0,3962118.0,,,101.0,8569.0,19810600.0,2720.0,69.0,857.0,1850.0
NZL,New Zealand,RES,S,S/LFM/CDH+ERH/H:2-3/Y:>2000/RES,,TOTAL,58.0,68733143.0,17183271.0,,,473.0,37008.0,85916414.0,11747.0,298.0,638.0,1857.0
NZL,New Zealand,NONRES,S,S/LFM/CDH+ERH/H:4-5/Y:<1977/IRI(SOS)/NONRES,,TOTAL,4.0,13124191.0,3281047.0,,,0.0,7630.0,16405238.0,3135.0,0.0,1908.0,1720.0
NZL,New Zealand,NONRES,S,S/LFM/CDH+ERH/H:4-5/Y:<1977/NONRES,,TOTAL,21.0,142618440.0,35654612.0,,,0.0,82918.0,178273051.0,34068.0,0.0,3948.0,1720.0
NZL,New Zealand,NONRES,S,S/LFM/CDH+ERH/H:4-5/Y:>1975/IRI(SOS)/NONRES,,TOTAL,3.0,13967895.0,3491974.0,,,0.0,8121.0,17459870.0,3337.0,0.0,2707.0,1720.0
NZL,New Zealand,NONRES,S,S/LFM/CDH+ERH/H:4-5/Y:>1975/NONRES,,TOTAL,18.0,135455031.0,33863758.0,,,0.0,78753.0,169318791.0,32357.0,0.0,4375.0,1720.0
NZL,New Zealand,RES,S,S/LFM/CDH+ERH/H:4-6/Y:>2000/RES,,TOTAL,6.0,41573672.0,10393418.0,,,186.0,22464.0,51967090.0,7140.0,181.0,3744.0,1851.0
NZL,New Zealand,NONRES,S,S/LFM/CDH+ERH/H:>5/Y:<1977/IRI(SOS)/NONRES,,TOTAL,1.0,50839821.0,12709955.0,,,0.0,29558.0,63549777.0,12155.0,0.0,29558.0,1720.0
NZL,New Zealand,NONRES,S,S/LFM/CDH+ERH/H:>5/Y:<1977/NONRES,,TOTAL,1.0,14574538.0,3643635.0,,,0.0,8474.0,18218173.0,3485.0,0.0,8474.0,1720.0
NZL,New Zealand,NONRES,S,S/LFM/CDH+ERH/H:>5/Y:>1975/NONRES,,TOTAL,4.0,208964633.0,52241159.0,,,0.0,121491.0,261205791.0,49961.0,0.0,30373.0,1720.0
NZL,New Zealand,RES,S,S/LFM/CDH+ERH/H:>9/Y:>2000/RES,,TOTAL,1.0,24831941.0,6207985.0,,,229.0,13119.0,31039927.0,4179.0,121.0,13119.0,1893.0
NZL,New Zealand,RES,S,S/LFM/CDH+ERM/H:1/Y:1990-1999/IRR/RES,,TOTAL,115.0,41058904.0,10264676.0,,,403.0,22770.0,51323580.0,7224.0,115.0,198.0,1803.0
NZL,New Zealand,RES,S,S/LFM/CDH+ERM/H:1/Y:1990-1999/RES,,TOTAL,522.0,186371679.0,46592745.0,,,1827.0,103356.0,232964424.0,32792.0,522.0,198.0,1803.0
NZL,New Zealand,RES,S,S/LFM/CDH+ERM/H:1/Y:>2000/IRR/RES,,TOTAL,203.0,61944207.0,15485985.0,,,433.0,33564.0,77430192.0,10649.0,256.0,165.0,1846.0
NZL,New Zealand,RES,S,S/LFM/CDH+ERM/H:1/Y:>2000/RES,,TOTAL,886.0,271125849.0,67781223.0,,,1851.0,147408.0,338907072.0,46770.0,1088.0,166.0,1839.0
NZL,New Zealand,RES,S,S/LFM/CDH+ERM/H:2-3/Y:1990-1999/IRR/RES,,TOTAL,84.0,29990852.0,7497676.0,,,294.0,16632.0,37488528.0,5279.0,84.0,198.0,1803.0
NZL,New Zealand,RES,S,S/LFM/CDH+ERM/H:2-3/Y:1990-1999/RES,,TOTAL,320.0,114250847.0,28562593.0,,,1120.0,63360.0,142813440.0,20112.0,320.0,198.0,1803.0
NZL,New Zealand,RES,S,S/LFM/CDH+ERM/H:2-3/Y:>2000/IRR/RES,,TOTAL,58.0,71697286.0,17924323.0,,,557.0,38484.0,89621582.0,12215.0,318.0,664.0,1863.0
NZL,New Zealand,RES,S,S/LFM/CDH+ERM/H:2-3/Y:>2000/RES,,TOTAL,254.0,310664670.0,77666170.0,,,2183.0,167830.0,388330745.0,53271.0,1326.0,661.0,1851.0
NZL,New Zealand,RES,S,S/LFM/CDH+ERM/H:4-6/Y:>2000/IRR/RES,,TOTAL,11.0,74272904.0,18568223.0,,,541.0,39989.0,92841127.0,12710.0,330.0,3635.0,1857.0
NZL,New Zealand,RES,S,S/LFM/CDH+ERM/H:4-6/Y:>2000/RES,,TOTAL,42.0,269064845.0,67266204.0,,,2121.0,143404.0,336331047.0,45580.0,1261.0,3414.0,1876.0
NZL,New Zealand,RES,S,S/LFM/CDH+ERM/H:7-9/Y:>2000/RES,,TOTAL,6.0,107032328.0,26758081.0,,,792.0,57789.0,133790409.0,18393.0,469.0,9632.0,1852.0
NZL,New Zealand,RES,S,S/LFM/CDH+ERM/H:>9/Y:>2000/RES,,TOTAL,17.0,435023680.0,108755921.0,,,3433.0,231844.0,543779600.0,73859.0,2039.0,13638.0,1876.0
NZL,New Zealand,RES,S,S/LFM/CDL+ERM/H:1/Y:1950-1959/IRR/RES,,TOTAL,13.0,4641442.0,1160354.0,,,45.0,2574.0,5801796.0,817.0,13.0,198.0,1803.0
NZL,New Zealand,RES,S,S/LFM/CDL+ERM/H:1/Y:1950-1959/RES,,TOTAL,60.0,21422037.0,5355483.0,,,201.0,11880.0,26777520.0,3769.0,60.0,198.0,1803.0
NZL,New Zealand,RES,S,S/LFM/CDL+ERM/H:1/Y:1960-1969/IRR/RES,,TOTAL,34.0,12139156.0,3034772.0,,,114.0,6732.0,15173928.0,2136.0,34.0,198.0,1803.0
NZL,New Zealand,RES,S,S/LFM/CDL+ERM/H:1/Y:1960-1969/RES,,TOTAL,98.0,34989330.0,8747286.0,,,327.0,19404.0,43736616.0,6156.0,98.0,198.0,1803.0
NZL,New Zealand,RES,S,S/LFM/CDL+ERM/H:1/Y:1970-1979/IRR/RES,,TOTAL,138.0,49270686.0,12317610.0,,,471.0,27324.0,61588296.0,8669.0,138.0,198.0,1803.0
NZL,New Zealand,RES,S,S/LFM/CDL+ERM/H:1/Y:1970-1979/RES,,TOTAL,532.0,189942045.0,47485299.0,,,1813.0,105336.0,237427344.0,33421.0,532.0,198.0,1803.0
NZL,New Zealand,RES,S,S/LFM/CDL+ERM/H:1/Y:<1950/IRR/RES,,TOTAL,20.0,7140680.0,1785160.0,,,67.0,3960.0,8925840.0,1256.0,20.0,198.0,1803.0
NZL,New Zealand,RES,S,S/LFM/CDL+ERM/H:1/Y:<1950/RES,,TOTAL,106.0,37845602.0,9461350.0,,,349.0,20988.0,47306952.0,6659.0,106.0,198.0,1803.0
NZL,New Zealand,RES,S,S/LFM/CDL+ERM/H:2-3/Y:1950-1959/IRR/RES,,TOTAL,11.0,3927374.0,981838.0,,,37.0,2178.0,4909212.0,691.0,11.0,198.0,1803.0
NZL,New Zealand,RES,S,S/LFM/CDL+ERM/H:2-3/Y:1950-1959/RES,,TOTAL,40.0,14281360.0,3570320.0,,,135.0,7920.0,17851680.0,2514.0,40.0,198.0,1803.0
NZL,New Zealand,RES,S,S/LFM/CDL+ERM/H:2-3/Y:1960-1969/IRR/RES,,TOTAL,28.0,9996952.0,2499224.0,,,97.0,5544.0,12496176.0,1760.0,28.0,198.0,1803.0
NZL,New Zealand,RES,S,S/LFM/CDL+ERM/H:2-3/Y:1960-1969/RES,,TOTAL,73.0,26063481.0,6515835.0,,,252.0,14454.0,32579316.0,4588.0,73.0,198.0,1803.0
NZL,New Zealand,RES,S,S/LFM/CDL+ERM/H:2-3/Y:1970-1979/IRR/RES,,TOTAL,132.0,47128483.0,11782061.0,,,456.0,26136.0,58910544.0,8296.0,132.0,198.0,1803.0
NZL,New Zealand,RES,S,S/LFM/CDL+ERM/H:2-3/Y:1970-1979/RES,,TOTAL,549.0,196011607.0,49002701.0,,,1905.0,108702.0,245014308.0,34504.0,549.0,198.0,1803.0
NZL,New Zealand,RES,S,S/LFM/CDL+ERM/H:2-3/Y:<1950/IRR/RES,,TOTAL,14.0,4998475.0,1249613.0,,,48.0,2772.0,6248088.0,880.0,14.0,198.0,1803.0
NZL,New Zealand,RES,S,S/LFM/CDL+ERM/H:2-3/Y:<1950/RES,,TOTAL,79.0,28205683.0,7051385.0,,,270.0,15642.0,35257068.0,4965.0,79.0,198.0,1803.0
NZL,New Zealand,RES,S,S/LFM/CDM+ERH/H:1/Y:1980-1989/IRR/RES,,TOTAL,21.0,7245978.0,1811489.0,,,64.0,3978.0,9057462.0,1262.0,24.0,189.0,1822.0
NZL,New Zealand,RES,S,S/LFM/CDM+ERH/H:1/Y:1980-1989/RES,,TOTAL,120.0,41937820.0,10484418.0,,,357.0,23113.0,52422232.0,7333.0,129.0,193.0,1814.0
NZL,New Zealand,RES,S,S/LFM/CDM+ERH/H:2-3/Y:1980-1989/IRR/RES,,TOTAL,10.0,4746881.0,1186716.0,,,40.0,2592.0,5933597.0,823.0,17.0,259.0,1831.0
NZL,New Zealand,RES,S,S/LFM/CDM+ERH/H:2-3/Y:1980-1989/RES,,TOTAL,45.0,20772693.0,5193155.0,,,179.0,11359.0,25965848.0,3606.0,71.0,252.0,1829.0
NZL,New Zealand,RES,S,S/LFM/CDM+ERM/H:1/Y:1980-1989/IRR/RES,,TOTAL,106.0,37845602.0,9461350.0,,,371.0,20988.0,47306952.0,6659.0,106.0,198.0,1803.0
NZL,New Zealand,RES,S,S/LFM/CDM+ERM/H:1/Y:1980-1989/RES,,TOTAL,349.0,124604830.0,31151078.0,,,1223.0,69102.0,155755908.0,21925.0,349.0,198.0,1803.0
NZL,New Zealand,RES,S,S/LFM/CDM+ERM/H:2-3/Y:1980-1989/IRR/RES,,TOTAL,46.0,16423560.0,4105872.0,,,161.0,9108.0,20529432.0,2891.0,46.0,198.0,1803.0
NZL,New Zealand,RES,S,S/LFM/CDM+ERM/H:2-3/Y:1980-1989/RES,,TOTAL,220.0,78547463.0,19636777.0,,,771.0,43560.0,98184240.0,13827.0,220.0,198.0,1803.0
NZL,New Zealand,NONRES,W,W+WLI/LWAL/CDH+ERH/H:1-2/Y:1960-1979/IRI(SOS)/NONRES,,TOTAL,39358.0,13095854925.0,4365285053.0,,,0.0,5572704.0,17461139838.0,1135136.0,0.0,142.0,2350.0
NZL,New Zealand,NONRES,W,W+WLI/LWAL/CDH+ERH/H:1-2/Y:1960-1979/NONRES,,TOTAL,158392.0,51939168211.0,17313056143.0,,,0.0,22101774.0,69252224223.0,4502005.0,0.0,140.0,2350.0
NZL,New Zealand,NONRES,W,W+WLI/LWAL/CDH+ERH/H:1-2/Y:<1961/IRI(SOS)/NONRES,,TOTAL,40411.0,14419028688.0,4806342930.0,,,0.0,6135757.0,19225371568.0,1249825.0,0.0,152.0,2350.0
NZL,New Zealand,NONRES,W,W+WLI/LWAL/CDH+ERH/H:1-2/Y:<1961/NONRES,,TOTAL,160927.0,57007971515.0,19002657180.0,,,0.0,24258711.0,76010628640.0,4941357.0,0.0,151.0,2350.0
NZL,New Zealand,NONRES,W,W+WLI/LWAL/CDH+ERH/H:1-2/Y:>1979/IRI(SOS)/NONRES,,TOTAL,47179.0,26491214924.0,8830404999.0,,,0.0,11272857.0,35321619945.0,2296222.0,0.0,239.0,2350.0
NZL,New Zealand,NONRES,W,W+WLI/LWAL/CDH+ERH/H:1-2/Y:>1979/NONRES,,TOTAL,189239.0,109230213513.0,36410071181.0,,,0.0,46480942.0,145640284716.0,9467884.0,0.0,246.0,2350.0
NZL,New Zealand,RES,W,W+WLI/LWAL/CDH+ERH/H:1/Y:1990-1999/IRR/RES,,TOTAL,11870.0,4109988164.0,1027496985.0,,,32684.0,2258828.0,5137485083.0,250081.0,13140.0,190.0,1820.0
NZL,New Zealand,RES,W,W+WLI/LWAL/CDH+ERH/H:1/Y:1990-1999/RES,,TOTAL,47529.0,16452632842.0,4113158295.0,,,130885.0,9041571.0,20565791122.0,1000996.0,52657.0,190.0,1820.0
NZL,New Zealand,RES,W,W+WLI/LWAL/CDH+ERH/H:1/Y:>2000/IRR/RES,,TOTAL,48696.0,15087823760.0,3771954291.0,,,80552.0,8290935.0,18859777902.0,917939.0,54748.0,170.0,1820.0
NZL,New Zealand,RES,W,W+WLI/LWAL/CDH+ERH/H:1/Y:>2000/RES,,TOTAL,194618.0,60280440814.0,15070108114.0,,,322227.0,33118997.0,75350548493.0,3666676.0,219147.0,170.0,1820.0
NZL,New Zealand,RES,W,W+WLI/LWAL/CDH+ERH/H:2-3/Y:1990-1999/IRR/RES,,TOTAL,2211.0,1100657419.0,275164178.0,,,8896.0,599736.0,1375821597.0,66438.0,3931.0,271.0,1835.0
NZL,New Zealand,RES,W,W+WLI/LWAL/CDH+ERH/H:2-3/Y:1990-1999/RES,,TOTAL,8934.0,4340780080.0,1085194931.0,,,35012.0,2367863.0,5425975030.0,262301.0,15296.0,265.0,1833.0
NZL,New Zealand,RES,W,W+WLI/LWAL/CDH+ERH/H:2-3/Y:>2000/IRR/RES,,TOTAL,4842.0,4841886731.0,1210471257.0,,,26128.0,2639056.0,6052357906.0,292346.0,19230.0,545.0,1835.0
NZL,New Zealand,RES,W,W+WLI/LWAL/CDH+ERH/H:2-3/Y:>2000/RES,,TOTAL,19965.0,20539790187.0,5134946861.0,,,110930.0,11190826.0,25674736902.0,1239667.0,82010.0,561.0,1835.0
NZL,New Zealand,RES,W,W+WLI/LWAL/CDH+ERM/H:1/Y:1990-1999/IRR/RES,,TOTAL,13623.0,4860139210.0,1215034706.0,,,44485.0,2694690.0,6075173916.0,298335.0,13660.0,198.0,1804.0
NZL,New Zealand,RES,W,W+WLI/LWAL/CDH+ERM/H:1/Y:1990-1999/RES,,TOTAL,54053.0,19282407601.0,4820601875.0,,,176424.0,10690830.0,24103009476.0,1183583.0,54215.0,198.0,1804.0
NZL,New Zealand,RES,W,W+WLI/LWAL/CDH+ERM/H:1/Y:>2000/IRR/RES,,TOTAL,24174.0,7352930020.0,1838231060.0,,,43854.0,4015252.0,9191161080.0,444558.0,28693.0,166.0,1831.0
NZL,New Zealand,RES,W,W+WLI/LWAL/CDH+ERM/H:1/Y:>2000/RES,,TOTAL,95684.0,29130397077.0,7282597528.0,,,174000.0,15907660.0,36412994603.0,1761186.0,113547.0,166.0,1831.0
NZL,New Zealand,RES,W,W+WLI/LWAL/CDH+ERM/H:2-3/Y:1990-1999/IRR/RES,,TOTAL,6473.0,2331138290.0,582784339.0,,,22270.0,1292093.0,2913922628.0,143136.0,6584.0,200.0,1804.0
NZL,New Zealand,RES,W,W+WLI/LWAL/CDH+ERM/H:2-3/Y:1990-1999/RES,,TOTAL,25438.0,9154199351.0,2288549778.0,,,87376.0,5074180.0,11442749130.0,562093.0,25836.0,199.0,1804.0
NZL,New Zealand,RES,W,W+WLI/LWAL/CDH+ERM/H:2-3/Y:>2000/IRR/RES,,TOTAL,5014.0,5829815049.0,1457453582.0,,,38409.0,3158865.0,7287268259.0,349927.0,24353.0,630.0,1846.0
NZL,New Zealand,RES,W,W+WLI/LWAL/CDH+ERM/H:2-3/Y:>2000/RES,,TOTAL,19948.0,23173903626.0,5793475320.0,,,153793.0,12548217.0,28967378554.0,1390028.0,97192.0,629.0,1847.0
NZL,New Zealand,RES,W,W+WLI/LWAL/CDL+ERM/H:1/Y:1950-1959/IRR/RES,,TOTAL,22150.0,7908294258.0,1977073542.0,,,66640.0,4385700.0,9885367800.0,485547.0,22150.0,198.0,1803.0
NZL,New Zealand,RES,W,W+WLI/LWAL/CDL+ERM/H:1/Y:1950-1959/RES,,TOTAL,88971.0,31765636449.0,7941409083.0,,,267604.0,17616258.0,39707045532.0,1950294.0,88971.0,198.0,1803.0
NZL,New Zealand,RES,W,W+WLI/LWAL/CDL+ERM/H:1/Y:1960-1969/IRR/RES,,TOTAL,28497.0,10174386540.0,2543596584.0,,,87996.0,5642406.0,12717983124.0,624680.0,28497.0,198.0,1803.0
NZL,New Zealand,RES,W,W+WLI/LWAL/CDL+ERM/H:1/Y:1960-1969/RES,,TOTAL,113922.0,40673981748.0,10168495476.0,,,351648.0,22556556.0,50842477224.0,2497235.0,113922.0,198.0,1803.0
NZL,New Zealand,RES,W,W+WLI/LWAL/CDL+ERM/H:1/Y:1970-1979/IRR/RES,,TOTAL,32125.0,11469704514.0,2867425986.0,,,101284.0,6360750.0,14337130500.0,704211.0,32125.0,198.0,1803.0
NZL,New Zealand,RES,W,W+WLI/LWAL/CDL+ERM/H:1/Y:1970-1979/RES,,TOTAL,130170.0,46475063752.0,11618765888.0,,,410191.0,25773660.0,58093829640.0,2853403.0,130170.0,198.0,1803.0
NZL,New Zealand,RES,W,W+WLI/LWAL/CDL+ERM/H:1/Y:<1950/IRR/RES,,TOTAL,38780.0,13845763057.0,3461440703.0,,,115447.0,7678440.0,17307203760.0,850091.0,38780.0,198.0,1803.0
NZL,New Zealand,RES,W,W+WLI/LWAL/CDL+ERM/H:1/Y:<1950/RES,,TOTAL,155625.0,55563353983.0,13890838517.0,,,463004.0,30813750.0,69454192500.0,3411386.0,155625.0,198.0,1803.0
NZL,New Zealand,RES,W,W+WLI/LWAL/CDL+ERM/H:2-3/Y:1950-1959/IRR/RES,,TOTAL,7023.0,2507447235.0,626861481.0,,,22187.0,1390554.0,3134308716.0,154044.0,7023.0,198.0,1803.0
NZL,New Zealand,RES,W,W+WLI/LWAL/CDL+ERM/H:2-3/Y:1950-1959/RES,,TOTAL,27828.0,9935531061.0,2483882715.0,,,88097.0,5509944.0,12419413776.0,610366.0,27828.0,198.0,1803.0
NZL,New Zealand,RES,W,W+WLI/LWAL/CDL+ERM/H:2-3/Y:1960-1969/IRR/RES,,TOTAL,11972.0,4274406550.0,1068601274.0,,,39152.0,2370456.0,5343007824.0,262595.0,11972.0,198.0,1803.0
NZL,New Zealand,RES,W,W+WLI/LWAL/CDL+ERM/H:2-3/Y:1960-1969/RES,,TOTAL,47619.0,17001583041.0,4250395707.0,,,155817.0,9428562.0,21251978748.0,1044449.0,47619.0,198.0,1803.0
NZL,New Zealand,RES,W,W+WLI/LWAL/CDL+ERM/H:2-3/Y:1970-1979/IRR/RES,,TOTAL,15038.0,5369071658.0,1342267438.0,,,50080.0,2977524.0,6711339096.0,329845.0,15038.0,198.0,1803.0
NZL,New Zealand,RES,W,W+WLI/LWAL/CDL+ERM/H:2-3/Y:1970-1979/RES,,TOTAL,59522.0,21251354016.0,5312838408.0,,,198291.0,11785356.0,26564192424.0,1305524.0,59522.0,198.0,1803.0
NZL,New Zealand,RES,W,W+WLI/LWAL/CDL+ERM/H:2-3/Y:<1950/IRR/RES,,TOTAL,12450.0,4445068717.0,1111266683.0,,,39575.0,2465100.0,5556335400.0,273081.0,12450.0,198.0,1803.0
NZL,New Zealand,RES,W,W+WLI/LWAL/CDL+ERM/H:2-3/Y:<1950/RES,,TOTAL,49417.0,17643529481.0,4410882283.0,,,156901.0,9784566.0,22054411764.0,1083888.0,49417.0,198.0,1803.0
NZL,New Zealand,RES,W,W+WLI/LWAL/CDM+ERH/H:1/Y:1980-1989/IRR/RES,,TOTAL,17124.0,6092713986.0,1523178507.0,,,51369.0,3375452.0,7615892440.0,373702.0,17334.0,197.0,1805.0
NZL,New Zealand,RES,W,W+WLI/LWAL/CDM+ERH/H:1/Y:1980-1989/RES,,TOTAL,68435.0,24360002714.0,6090000679.0,,,205440.0,13497538.0,30450003393.0,1494312.0,69167.0,197.0,1805.0
NZL,New Zealand,RES,W,W+WLI/LWAL/CDM+ERH/H:2-3/Y:1980-1989/IRR/RES,,TOTAL,3820.0,1469757319.0,367439052.0,,,12631.0,811459.0,1837196372.0,89893.0,4405.0,212.0,1811.0
NZL,New Zealand,RES,W,W+WLI/LWAL/CDM+ERH/H:2-3/Y:1980-1989/RES,,TOTAL,15418.0,5946558031.0,1486639420.0,,,51127.0,3282667.0,7433197453.0,363640.0,17859.0,213.0,1812.0
NZL,New Zealand,RES,W,W+WLI/LWAL/CDM+ERM/H:1/Y:1980-1989/IRR/RES,,TOTAL,8770.0,3131184675.0,782796165.0,,,29589.0,1736460.0,3913980840.0,192247.0,8770.0,198.0,1803.0
NZL,New Zealand,RES,W,W+WLI/LWAL/CDM+ERM/H:1/Y:1980-1989/RES,,TOTAL,34684.0,12383353385.0,3095838343.0,,,116917.0,6867432.0,15479191728.0,760294.0,34684.0,198.0,1803.0
NZL,New Zealand,RES,W,W+WLI/LWAL/CDM+ERM/H:2-3/Y:1980-1989/IRR/RES,,TOTAL,4159.0,1484902837.0,371225591.0,,,14305.0,823482.0,1856128428.0,91224.0,4159.0,198.0,1803.0
NZL,New Zealand,RES,W,W+WLI/LWAL/CDM+ERM/H:2-3/Y:1980-1989/RES,,TOTAL,16431.0,5866419107.0,1466604745.0,,,56445.0,3253338.0,7333023852.0,360389.0,16431.0,198.0,1803.0
NIU,Niue,COM,OT,ME+MEIR/LFM/CDL+ERM/H:1/COM,,TOTAL,3.0,315000.0,78750.0,,,0.0,450.0,393750.0,19.0,0.0,150.0,700.0
NIU,Niue,IND,OT,ME+MEIR/LFM/CDL+ERM/H:1/IND,,TOTAL,5.0,731250.0,243750.0,,,0.0,1500.0,975000.0,63.0,0.0,300.0,488.0
NIU,Niue,RES,OT,ME+MEIR/LN/CDL+ERM/H:1/RES,,TOTAL,3.0,233950.0,58487.0,,,5.0,347.0,292437.0,15.0,2.0,116.0,674.0
NIU,Niue,COM,MUR,MUR+CBH/LWAL/CDN+ERL/H:1/COM,,TOTAL,28.0,9800000.0,2450000.0,,,0.0,7000.0,12250000.0,3948.0,0.0,250.0,1400.0
NIU,Niue,IND,MUR,MUR+CBH/LWAL/CDN+ERL/H:1/IND,,TOTAL,2.0,1040000.0,346666.0,,,0.0,800.0,1386666.0,407.0,0.0,400.0,1300.0
NIU,Niue,RES,MUR,MUR+CBH/LWAL/CDN+ERL/H:1/RES,,TOTAL,448.0,102823031.0,25705757.0,,,557.0,60130.0,128528789.0,24979.0,241.0,134.0,1710.0
NIU,Niue,COM,MUR,MUR+CBH/LWAL/CDN+ERL/H:2-5/COM,,TOTAL,2.0,1120000.0,280000.0,,,0.0,800.0,1400000.0,452.0,0.0,400.0,1400.0
NIU,Niue,RES,MUR,MUR+CBH/LWAL/CDN+ERL/H:2/RES,,TOTAL,16.0,3505770.0,876442.0,,,27.0,2050.0,4382213.0,852.0,8.0,128.0,1710.0
NIU,Niue,COM,W,W+WLI/LFM/CDL+ERH/H:1/COM,,TOTAL,54.0,14580000.0,4860000.0,,,0.0,10800.0,19440000.0,2222.0,0.0,200.0,1350.0
NIU,Niue,IND,W,W+WLI/LFM/CDL+ERH/H:1/IND,,TOTAL,3.0,990000.0,660000.0,,,0.0,1200.0,1650000.0,233.0,0.0,400.0,825.0
NIU,Niue,RES,W,W+WLI/LFM/CDL+ERH/H:1/RES,,TOTAL,840.0,118780449.0,29695112.0,,,1087.0,91547.0,148475562.0,10526.0,458.0,109.0,1297.0
NIU,Niue,COM,W,W+WLI/LFM/CDL+ERH/H:2/COM,,TOTAL,2.0,675000.0,225000.0,,,0.0,500.0,900000.0,103.0,0.0,250.0,1350.0
NIU,Niue,RES,W,W/LPB/CDN+ERM/H:1/RES,,TOTAL,122.0,15917923.0,3979480.0,,,145.0,12570.0,19897402.0,1445.0,63.0,103.0,1266.0
MNP,Northern Mariana Islands,COM,CR+,CR+PC/LDUAL/CDM+ERM/H:1-3/COM:1,PC2L/MC/COM1,TOTAL,97.0,101247771.0,101247771.0,71480923.0,29766844.0,24.0,57801.0,202495542.0,31807.0,0.0,596.0,1752.0
MNP,Northern Mariana Islands,IND,CR+,CR+PC/LDUAL/CDM+ERM/H:1-3/IND:1,PC2L/MC/IND1,TOTAL,53.0,60081304.0,90122734.0,50648539.0,9432765.0,3.0,28176.0,150204038.0,15414.0,0.0,532.0,2132.0
MNP,Northern Mariana Islands,COM,CR+,CR+PC/LWAL/CDM+ERM/H:1/COM:1,PC1/MC/COM1,TOTAL,271.0,265901100.0,265901100.0,187726168.0,78174923.0,63.0,151799.0,531802199.0,87619.0,0.0,560.0,1752.0
MNP,Northern Mariana Islands,COM,CR+,CR+PC/LWAL/CDM+ERM/H:1/COM:3B,PC1/MC/COM3,TOTAL,26.0,38221786.0,38221786.0,32029857.0,6191929.0,8.0,17933.0,76443573.0,10351.0,0.0,690.0,2131.0
MNP,Northern Mariana Islands,COM,CR+,CR+PC/LWAL/CDM+ERM/H:1/COM:5,PC1/MC/COM8,TOTAL,10.0,22522064.0,22522064.0,20269857.0,2252206.0,3.0,6621.0,45044129.0,3822.0,0.0,662.0,3402.0
MNP,Northern Mariana Islands,IND,CR+,CR+PC/LWAL/CDM+ERM/H:1/IND:1,PC1/MC/IND1,TOTAL,193.0,208492080.0,312740993.0,175758823.0,32733258.0,12.0,97775.0,521233073.0,55084.0,0.0,507.0,2132.0
MNP,Northern Mariana Islands,IND,CR+,CR+PC/LWAL/CDM+ERM/H:1/IND:2,PC1/MC/IND2,TOTAL,17.0,44393700.0,66590262.0,37423889.0,6969811.0,2.0,24996.0,110983961.0,14082.0,0.0,1470.0,1776.0
MNP,Northern Mariana Islands,COM,CR+,CR/LFM/CDM+ERM/H:1-3/COM:1,C1L/MC/COM1,TOTAL,112.0,103984030.0,103984030.0,73412722.0,30571305.0,23.0,59363.0,207968060.0,31043.0,0.0,530.0,1752.0
MNP,Northern Mariana Islands,IND,CR+,CR/LFM/CDM+ERM/H:1-3/IND:1,C1L/MC/IND1,TOTAL,17.0,21216132.0,31824474.0,17885199.0,3330933.0,1.0,9949.0,53040606.0,5276.0,0.0,585.0,2132.0
MNP,Northern Mariana Islands,RES,CR+,CR/LFM/CDM+ERM/H:1-3/RES:3,C1L/MC/RES4,TOTAL,11.0,52457144.0,26228212.0,45322974.0,7134172.0,512.0,20536.0,78685357.0,6826.0,0.0,1867.0,2554.0
MNP,Northern Mariana Islands,COM,CR+,CR/LWAL/CDM+ERM/H:1-3/COM:1,C2L/MC/COM1,TOTAL,187.0,185575844.0,185575844.0,131016540.0,54559297.0,45.0,105942.0,371151687.0,61195.0,0.0,567.0,1752.0
MNP,Northern Mariana Islands,COM,CR+,CR/LWAL/CDM+ERM/H:1-3/COM:3B,C2L/MC/COM3,TOTAL,16.0,22841530.0,22841530.0,19141202.0,3700328.0,4.0,10717.0,45683060.0,6190.0,0.0,670.0,2131.0
MNP,Northern Mariana Islands,COM,CR+,CR/LWAL/CDM+ERM/H:1-3/COM:5,C2L/MC/COM8,TOTAL,39.0,114198246.0,114198246.0,102778419.0,11419825.0,13.0,33571.0,228396491.0,19391.0,0.0,861.0,3402.0
MNP,Northern Mariana Islands,IND,CR+,CR/LWAL/CDM+ERM/H:1-3/IND:1,C2L/MC/IND1,TOTAL,158.0,169685499.0,254529966.0,143044875.0,26640624.0,10.0,79576.0,424215465.0,44869.0,0.0,504.0,2132.0
MNP,Northern Mariana Islands,RES,CR+,CR/LWAL/CDM+ERM/H:1-3/RES:2,C2L/MC/RES3D,TOTAL,17.0,36694686.0,18346096.0,31630819.0,5063867.0,483.0,12631.0,55040783.0,5127.0,189.0,743.0,2905.0
MNP,Northern Mariana Islands,RES,CR+,CR/LWAL/CDM+ERM/H:1-3/RES:2,C2L/MC/RES3C,TOTAL,12.0,21138518.0,10568505.0,18221402.0,2917115.0,117.0,6767.0,31707023.0,2747.0,62.0,564.0,3124.0
MNP,Northern Mariana Islands,RES,CR+,CR/LWAL/CDM+ERM/H:1-3/RES:2,C2L/MC/RES3B,TOTAL,13.0,5762871.0,2881158.0,4967594.0,795276.0,62.0,3902.0,8644029.0,1584.0,39.0,300.0,1477.0
MNP,Northern Mariana Islands,RES,CR+,CR/LWAL/CDM+ERM/H:1-3/RES:2,C2L/MC/RES3E,TOTAL,4.0,5855320.0,2926692.0,5047286.0,808034.0,91.0,2161.0,8782012.0,877.0,43.0,540.0,2710.0
MNP,Northern Mariana Islands,RES,CR+,CR/LWAL/CDM+ERM/H:1-3/RES:3,C2L/MC/RES4,TOTAL,38.0,169430605.0,84714318.0,146388047.0,23042564.0,2064.0,66330.0,254144923.0,26923.0,0.0,1746.0,2554.0
MNP,Northern Mariana Islands,COM,MR|MCF,MR/LWAL/CDM+ERM/H:1-3/FC:3/COM:1,RM2L/MC/COM1,TOTAL,121.0,121811538.0,121811538.0,85998942.0,35812593.0,27.0,69540.0,243623077.0,42149.0,0.0,575.0,1752.0
MNP,Northern Mariana Islands,COM,MR|MCF,MR/LWAL/CDM+ERM/H:1-3/FC:3/COM:5,RM2L/MC/COM8,TOTAL,10.0,21550293.0,21550293.0,19395263.0,2155029.0,3.0,6335.0,43100586.0,3840.0,0.0,634.0,3402.0
MNP,Northern Mariana Islands,IND,MR|MCF,MR/LWAL/CDM+ERM/H:1-3/FC:3/IND:1,RM2L/MC/IND1,TOTAL,87.0,102182605.0,153274665.0,86139936.0,16042669.0,5.0,47919.0,255457270.0,26583.0,0.0,551.0,2132.0
MNP,Northern Mariana Islands,RES,MR|MCF,MR/LWAL/CDM+ERM/H:1-3/FC:3/RES:3,RM2L/MC/RES4,TOTAL,14.0,81431691.0,40715135.0,70356983.0,11074711.0,875.0,31879.0,122146826.0,14196.0,0.0,2277.0,2554.0
MNP,Northern Mariana Islands,COM,MR|MCF,MR/LWAL/CDM+ERM/H:1-3/FW:4/COM:1,RM1L/MC/COM1,TOTAL,109.0,105600148.0,105600148.0,74553701.0,31046444.0,26.0,60286.0,211200296.0,32354.0,0.0,553.0,1752.0
MNP,Northern Mariana Islands,IND,MR|MCF,MR/LWAL/CDM+ERM/H:1-3/FW:4/IND:1,RM1L/MC/IND1,TOTAL,69.0,75699512.0,113550046.0,63814688.0,11884824.0,4.0,35500.0,189249558.0,17170.0,0.0,514.0,2132.0
MNP,Northern Mariana Islands,RES,MR|MCF,MR/LWAL/CDM+ERM/H:1-3/FW:4/RES:1,RM1L/MC/RES1,TOTAL,5519.0,2428307097.0,1214146944.0,1860083164.0,568223858.0,27018.0,1404335.0,3642454042.0,531019.0,11950.0,254.0,1729.0
MNP,Northern Mariana Islands,RES,MR|MCF,MR/LWAL/CDM+ERM/H:1-3/FW:4/RES:2,RM1L/MC/RES3C,TOTAL,13.0,18887097.0,9442678.0,16280677.0,2606419.0,74.0,6047.0,28329775.0,2286.0,37.0,465.0,3123.0
MNP,Northern Mariana Islands,RES,MR|MCF,MR/LWAL/CDM+ERM/H:1-3/FW:4/RES:2,RM1L/MC/RES3D,TOTAL,17.0,34605827.0,17301702.0,29830223.0,4775604.0,410.0,11911.0,51907529.0,4504.0,160.0,701.0,2905.0
MNP,Northern Mariana Islands,RES,MR|MCF,MR/LWAL/CDM+ERM/H:1-3/FW:4/RES:2,RM1L/MC/RES3B,TOTAL,12.0,5132478.0,2566013.0,4424196.0,708282.0,53.0,3475.0,7698491.0,1314.0,34.0,290.0,1477.0
MNP,Northern Mariana Islands,RES,MR|MCF,MR/LWAL/CDM+ERM/H:1-3/FW:4/RES:3,RM1L/MC/RES4,TOTAL,23.0,62546997.0,31272250.0,54040608.0,8506392.0,883.0,24487.0,93819247.0,9259.0,0.0,1065.0,2554.0
MNP,Northern Mariana Islands,COM,S,S/LDUAL/CDM+ERM/H:1-3/COM:1,S4L/MC/COM1,TOTAL,47.0,44298510.0,44298510.0,31274747.0,13023762.0,9.0,25289.0,88597021.0,11621.0,0.0,538.0,1752.0
MNP,Northern Mariana Islands,IND,S,S/LDUAL/CDM+ERM/H:1-3/IND:1,S4L/MC/IND1,TOTAL,37.0,46046723.0,69070301.0,38817387.0,7229336.0,3.0,21594.0,115117024.0,8901.0,0.0,584.0,2132.0
MNP,Northern Mariana Islands,COM,S,S/LFBR/CDM+ERM/H:1-3/COM:1,S2L/MC/COM1,TOTAL,40.0,37570404.0,37570404.0,26524704.0,11045699.0,8.0,21448.0,75140809.0,9588.0,0.0,536.0,1752.0
MNP,Northern Mariana Islands,IND,S,S/LFBR/CDM+ERM/H:1-3/IND:1,S2L/MC/IND1,TOTAL,46.0,49750045.0,74625658.0,41939287.0,7810757.0,3.0,23331.0,124375702.0,9479.0,0.0,507.0,2132.0
MNP,Northern Mariana Islands,COM,S,S/LFM/CDM+ERM/H:1-3/COM:1,S1L/MC/COM1,TOTAL,46.0,41864634.0,41864634.0,29556430.0,12308202.0,9.0,23900.0,83729268.0,9811.0,0.0,520.0,1752.0
MNP,Northern Mariana Islands,IND,S,S/LFM/CDM+ERM/H:1-3/IND:1,S1L/MC/IND1,TOTAL,45.0,50013651.0,75021007.0,42161507.0,7852143.0,3.0,23454.0,125034658.0,9069.0,0.0,521.0,2132.0
MNP,Northern Mariana Islands,COM,S,S/LFM/CDM+ERM/H:1/COM:1,S3/MC/COM1,TOTAL,39.0,35635698.0,35635698.0,25158802.0,10476895.0,9.0,20344.0,71271396.0,8347.0,0.0,522.0,1752.0
MNP,Northern Mariana Islands,IND,S,S/LFM/CDM+ERM/H:1/IND:1,S3/MC/IND1,TOTAL,28.0,28961665.0,43442813.0,24414683.0,4546982.0,2.0,13582.0,72404478.0,5249.0,0.0,485.0,2132.0
MNP,Northern Mariana Islands,COM,W,W/LFM/CDM+ERM/H:1-2/COM:1,W1/MC/COM1,TOTAL,63.0,54620050.0,54620050.0,38561754.0,16058295.0,13.0,31182.0,109240100.0,6419.0,0.0,495.0,1752.0
MNP,Northern Mariana Islands,IND,W,W/LFM/CDM+ERM/H:1-2/IND:1,W1/MC/IND1,TOTAL,37.0,40436359.0,60654857.0,34087850.0,6348509.0,2.0,18963.0,101091216.0,3687.0,0.0,513.0,2132.0
MNP,Northern Mariana Islands,RES,W,W/LFM/CDM+ERM/H:1-2/RES:1,W1/MC/RES1,TOTAL,1551.0,681958633.0,340977462.0,522380296.0,159578318.0,7502.0,394369.0,1022936095.0,45369.0,3381.0,254.0,1729.0
MNP,Northern Mariana Islands,COM,W,W/LFM/CDM+ERM/H:2/COM:1,W2/MC/COM1,TOTAL,17.0,19938869.0,19938869.0,14076841.0,5862027.0,4.0,11383.0,39877738.0,2343.0,0.0,670.0,1752.0
MNP,Northern Mariana Islands,RES,W,W/LFM/CDM+ERM/H:2/RES:1,W2/MC/RES1,TOTAL,179.0,85115485.0,42557527.0,65198459.0,19917023.0,979.0,49439.0,127673012.0,5688.0,437.0,276.0,1722.0
PLW,Palau,RES,CR-,CR/LFINF/CDL+ERM/H:1/RES,,TOTAL,1254.0,380127235.0,67081275.0,,,1518.0,208932.0,447208511.0,69398.0,1679.0,167.0,1819.0
PLW,Palau,RES,CR-,CR/LFINF/CDL+ERM/H:2-3/RES,,TOTAL,64.0,58725121.0,10363257.0,,,344.0,31320.0,69088378.0,10410.0,241.0,489.0,1875.0
PLW,Palau,RES,CR-,CR/LFINF/CDL+ERM/H:4-5/RES,,TOTAL,6.0,10737714.0,1894890.0,,,8.0,5727.0,12632604.0,1906.0,44.0,954.0,1875.0
PLW,Palau,RES,CR-,CR/LWAL/CDL+ERM/H:1/RES,,TOTAL,177.0,39036350.0,6888767.0,,,340.0,26024.0,45925116.0,10556.0,260.0,147.0,1500.0
PLW,Palau,RES,HYB,HYB(CR;ME)/LFM/CDL+ERM/H:1/RES,,TOTAL,708.0,59502370.0,14875592.0,,,1810.0,70836.0,74377962.0,23529.0,708.0,100.0,840.0
PLW,Palau,RES,HYB,HYB(CR;W)/LFM/CDL+ERM/H:1/RES,,TOTAL,1466.0,123185293.0,30796324.0,,,3012.0,146649.0,153981616.0,48711.0,1466.0,100.0,840.0
PLW,Palau,RES,OT,MATO/LPB/CDN+ERM/H:1/RES,,TOTAL,3.0,170921.0,42730.0,,,7.0,305.0,213651.0,35.0,3.0,102.0,560.0
PLW,Palau,COM,OT,ME+MEIR/LFM/CDL+ERM/H:1/COM,,TOTAL,59.0,17305442.0,4326360.0,,,0.0,26624.0,21631802.0,10924.0,0.0,451.0,650.0
PLW,Palau,IND,OT,ME+MEIR/LFM/CDL+ERM/H:1/IND,,TOTAL,10.0,3381723.0,1127241.0,,,0.0,4509.0,4508963.0,1743.0,0.0,451.0,750.0
PLW,Palau,RES,OT,ME+MEIR/LN/CDL+ERM/H:1/RES,,TOTAL,960.0,32254326.0,8063581.0,,,1181.0,57597.0,40317907.0,18274.0,960.0,60.0,560.0
PLW,Palau,COM,MUR,MUR+CBH/LWAL/CDN+ERL/H:1/COM,,TOTAL,203.0,105801526.0,26450379.0,,,0.0,81386.0,132251906.0,53374.0,0.0,401.0,1300.0
PLW,Palau,IND,MUR,MUR+CBH/LWAL/CDN+ERL/H:1/IND,,TOTAL,15.0,10149423.0,3383140.0,,,0.0,6766.0,13532562.0,4065.0,0.0,451.0,1500.0
PLW,Palau,RES,MUR,MUR+CBH/LWAL/CDN+ERL/H:1/RES,,TOTAL,1672.0,516282336.0,129070583.0,,,5569.0,433851.0,645352919.0,212280.0,3337.0,259.0,1190.0
PLW,Palau,COM,MUR,MUR+CBH/LWAL/CDN+ERL/H:2-5/COM,,TOTAL,274.0,284560739.0,71140184.0,,,0.0,218893.0,355700922.0,143832.0,0.0,799.0,1300.0
PLW,Palau,IND,MUR,MUR+CBH/LWAL/CDN+ERL/H:2/IND,,TOTAL,3.0,3614880.0,1204960.0,,,0.0,2410.0,4819840.0,1449.0,0.0,803.0,1500.0
PLW,Palau,COM,W,W+WLI/LFM/CDL+ERH/H:1/COM,,TOTAL,125.0,77501174.0,25833725.0,,,0.0,56364.0,103334895.0,11598.0,0.0,451.0,1375.0
PLW,Palau,IND,W,W+WLI/LFM/CDL+ERH/H:1/IND,,TOTAL,14.0,7893872.0,4250547.0,,,0.0,6315.0,12144419.0,1227.0,0.0,451.0,1250.0
PLW,Palau,RES,W,W+WLI/LFM/CDL+ERH/H:1/RES,,TOTAL,2682.0,257435529.0,64358881.0,,,3874.0,268162.0,321794412.0,30832.0,2682.0,100.0,960.0
PLW,Palau,COM,W,W+WLI/LFM/CDL+ERH/H:2/COM,,TOTAL,9.0,6201312.0,2067104.0,,,0.0,4510.0,8268416.0,928.0,0.0,501.0,1375.0
PNG,Papua New Guinea,COM,CR+,CR/LFINF/CDM+ERM/H:1/COM,,Metro,3347.0,569069903.0,100424100.0,,,0.0,334747.0,669494003.0,174929.0,0.0,100.0,1700.0
PNG,Papua New Guinea,COM,CR+,CR/LFINF/CDM+ERM/H:1/COM,,Rural,4925.0,837283390.0,147755899.0,,,0.0,492520.0,985039294.0,257377.0,0.0,100.0,1700.0
PNG,Papua New Guinea,COM,CR+,CR/LFINF/CDM+ERM/H:1/COM,,Urban,3138.0,533488753.0,94145073.0,,,0.0,313817.0,627633818.0,163992.0,0.0,100.0,1700.0
PNG,Papua New Guinea,RES,CR+,CR/LFINF/CDM+ERM/H:1/RES,,Urban,9917.0,1487550659.0,262508940.0,,,60645.0,991700.0,1750059596.0,329400.0,9917.0,100.0,1500.0
PNG,Papua New Guinea,RES,CR+,CR/LFINF/CDM+ERM/H:1/RES,,Rural,46439.0,6965786685.0,1229256476.0,,,145901.0,4643858.0,8195043154.0,1542491.0,46439.0,100.0,1500.0
PNG,Papua New Guinea,RES,CR+,CR/LFINF/CDM+ERM/H:1/RES,,Metro,3804.0,713275590.0,125872163.0,,,28539.0,475517.0,839147752.0,157946.0,3804.0,125.0,1500.0
PNG,Papua New Guinea,COM,CR+,CR/LFINF/CDM+ERM/H:2/COM,,Metro,2673.0,1136230177.0,200511208.0,,,0.0,668371.0,1336741384.0,349515.0,0.0,250.0,1700.0
PNG,Papua New Guinea,COM,CR+,CR/LFINF/CDM+ERM/H:2/COM,,Rural,4925.0,2093208504.0,369389737.0,,,0.0,1231299.0,2462598245.0,643892.0,0.0,250.0,1700.0
PNG,Papua New Guinea,COM,CR+,CR/LFINF/CDM+ERM/H:2/COM,,Urban,2506.0,1065187269.0,187974227.0,,,0.0,626581.0,1253161484.0,327662.0,0.0,250.0,1700.0
PNG,Papua New Guinea,IND,CR+,CR/LFINF/CDM+ERM/H:2/IND,,Urban,1112.0,556024609.0,185341537.0,,,0.0,278012.0,741366141.0,147418.0,0.0,250.0,2000.0
PNG,Papua New Guinea,IND,CR+,CR/LFINF/CDM+ERM/H:2/IND,,Metro,1186.0,593108781.0,197702927.0,,,0.0,296554.0,790811709.0,157250.0,0.0,250.0,2000.0
PNG,Papua New Guinea,RES,CR+,CR/LFINF/CDM+ERM/H:2/RES,,Urban,2479.0,743775332.0,131254469.0,,,30322.0,495850.0,875029802.0,164810.0,4959.0,200.0,1500.0
PNG,Papua New Guinea,RES,CR+,CR/LFINF/CDM+ERM/H:2/RES,,Rural,46439.0,6965786685.0,1229256476.0,,,145901.0,4643858.0,8195043154.0,1543518.0,46439.0,100.0,1500.0
PNG,Papua New Guinea,RES,CR+,CR/LFINF/CDM+ERM/H:2/RES,,Metro,1902.0,713275590.0,125872163.0,,,28539.0,475517.0,839147752.0,158052.0,3804.0,250.0,1500.0
PNG,Papua New Guinea,COM,CR+,CR/LFINF/CDM+ERM/H:3/COM,,Metro,180.0,122216355.0,21567592.0,,,0.0,71892.0,143783947.0,37621.0,0.0,399.0,1700.0
PNG,Papua New Guinea,COM,CR+,CR/LFINF/CDM+ERM/H:3/COM,,Urban,168.0,114574747.0,20219074.0,,,0.0,67397.0,134793822.0,35269.0,0.0,401.0,1700.0
PNG,Papua New Guinea,RES,CR+,CR/LFINF/CDM+ERM/H:3/RES,,Urban,551.0,743775332.0,131254469.0,,,30322.0,495850.0,875029802.0,164920.0,4959.0,900.0,1500.0
PNG,Papua New Guinea,RES,CR+,CR/LFINF/CDM+ERM/H:3/RES,,Metro,423.0,713275590.0,125872163.0,,,28539.0,475517.0,839147752.0,158157.0,3804.0,1124.0,1500.0
PNG,Papua New Guinea,RES,CR+,CR/LFINF/CDM+ERM/H:4-10/RES,,Metro,254.0,713275590.0,125872163.0,,,28539.0,475517.0,839147752.0,158578.0,3804.0,1872.0,1500.0
PNG,Papua New Guinea,COM,CR+,CR/LFINF/CDM+ERM/H:4/COM,,Metro,90.0,76385222.0,13479745.0,,,0.0,44932.0,89864967.0,23530.0,0.0,499.0,1700.0
PNG,Papua New Guinea,COM,CR+,CR/LFINF/CDM+ERM/H:4/COM,,Urban,84.0,71609236.0,12636922.0,,,0.0,42123.0,84246160.0,22059.0,0.0,501.0,1700.0
PNG,Papua New Guinea,RES,ADO|ST|E,EU/LWAL/CDN+ERN/H:1/RES,,Urban,55.0,623263.0,155816.0,,,290.0,2737.0,779080.0,292.0,55.0,50.0,228.0
PNG,Papua New Guinea,RES,ADO|ST|E,EU/LWAL/CDN+ERN/H:1/RES,,Rural,2014.0,22702831.0,5675704.0,,,8793.0,110760.0,28378539.0,11807.0,2014.0,55.0,205.0
PNG,Papua New Guinea,RES,OT,MATO/LN/CDN+ERN/H:1/RES,,Rural,63231.0,594028807.0,148507193.0,,,269935.0,3477690.0,742536002.0,1502514.0,63231.0,55.0,171.0
PNG,Papua New Guinea,RES,OT,MATO/LN/CDN+ERN/H:1/RES,,Metro,605.0,6890382.0,1722596.0,,,4466.0,30254.0,8612977.0,13071.0,605.0,50.0,228.0
PNG,Papua New Guinea,RES,OT,MATO/LN/CDN+ERN/H:1/RES,,Urban,2611.0,29729832.0,7432458.0,,,16002.0,130538.0,37162297.0,56398.0,2611.0,50.0,228.0
PNG,Papua New Guinea,RES,OT,ME+MEO/LN/CDN+ERL/H:1+HFAPP:1/RES,,Rural,104639.0,1507332888.0,376833231.0,,,449579.0,5755141.0,1884166114.0,243561.0,104639.0,55.0,262.0
PNG,Papua New Guinea,COM,OT,ME+MEO/LN/CDN+ERL/H:1/COM,,Metro,4988.0,179550205.0,44887550.0,,,0.0,299250.0,224437754.0,12665.0,0.0,60.0,600.0
PNG,Papua New Guinea,COM,OT,ME+MEO/LN/CDN+ERL/H:1/COM,,Rural,29551.0,1063842452.0,265960608.0,,,0.0,1773071.0,1329803063.0,75042.0,0.0,60.0,600.0
PNG,Papua New Guinea,COM,OT,ME+MEO/LN/CDN+ERL/H:1/COM,,Urban,4676.0,168323806.0,42080951.0,,,0.0,280540.0,210404756.0,11873.0,0.0,60.0,600.0
PNG,Papua New Guinea,IND,OT,ME+MEO/LN/CDN+ERL/H:1/IND,,Urban,741.0,31137378.0,10379129.0,,,0.0,44482.0,41516500.0,1883.0,0.0,60.0,700.0
PNG,Papua New Guinea,IND,OT,ME+MEO/LN/CDN+ERL/H:1/IND,,Metro,791.0,33214091.0,11071363.0,,,0.0,47449.0,44285456.0,2008.0,0.0,60.0,700.0
PNG,Papua New Guinea,RES,OT,ME+MEO/LN/CDN+ERL/H:1/RES,,Rural,104639.0,1507332888.0,376833231.0,,,449579.0,5755141.0,1884166114.0,243561.0,104639.0,55.0,262.0
PNG,Papua New Guinea,RES,OT,ME+MEO/LN/CDN+ERL/H:1/RES,,Metro,30224.0,516253923.0,129063481.0,,,223673.0,1511182.0,645317403.0,63954.0,30224.0,50.0,342.0
PNG,Papua New Guinea,RES,OT,ME+MEO/LN/CDN+ERL/H:1/RES,,Urban,35875.0,561714999.0,140428749.0,,,214893.0,1793734.0,702143748.0,75911.0,35875.0,50.0,313.0
PNG,Papua New Guinea,RES,MUR,MUR+CLBRS/LWAL/CDN+ERN/H:1/RES,,Urban,3817.0,114098273.0,28524567.0,,,23394.0,286276.0,142622841.0,123684.0,3817.0,75.0,399.0
PNG,Papua New Guinea,RES,MUR,MUR+CLBRS/LWAL/CDN+ERN/H:1/RES,,Rural,15005.0,334910064.0,83727518.0,,,64238.0,1050376.0,418637585.0,453809.0,15005.0,70.0,319.0
PNG,Papua New Guinea,RES,MUR,MUR+CLBRS/LWAL/CDN+ERN/H:1/RES,,Metro,6577.0,210648917.0,52662229.0,,,48664.0,493290.0,263311146.0,213123.0,6577.0,75.0,427.0
PNG,Papua New Guinea,RES,MUR,MUR+CLBRS/LWAL/CDN+ERN/H:2/RES,,Metro,1644.0,52662229.0,13165557.0,,,12166.0,123323.0,65827786.0,53311.0,1644.0,75.0,427.0
PNG,Papua New Guinea,RES,MUR,MUR+CLBRS/LWAL/CDN+ERN/H:2/RES,,Urban,477.0,28524569.0,7131142.0,,,5848.0,71569.0,35655710.0,30939.0,954.0,150.0,399.0
PNG,Papua New Guinea,RES,W,W+WBB/LFM/CDN+ERH/H:1+HFAPP:1/RES,,Urban,4607.0,108208068.0,27052020.0,,,28328.0,345543.0,135260088.0,7043.0,4607.0,75.0,313.0
PNG,Papua New Guinea,RES,W,W+WBB/LFM/CDN+ERH/H:1+HFAPP:1/RES,,Rural,748488.0,11762216564.0,2940554130.0,,,3215134.0,44909268.0,14702770694.0,915396.0,748488.0,60.0,262.0
PNG,Papua New Guinea,RES,W,W+WBB/LFM/CDN+ERH/H:1/RES,,Rural,748488.0,11762216564.0,2940554130.0,,,3215134.0,44909268.0,14702770694.0,915396.0,748488.0,60.0,262.0
PNG,Papua New Guinea,RES,W,W+WBB/LFM/CDN+ERH/H:1/RES,,Urban,10750.0,252485494.0,63121372.0,,,66099.0,806266.0,315606865.0,16434.0,10750.0,75.0,313.0
PNG,Papua New Guinea,RES,W,W+WBB/LFM/CDN+ERH/H:1/RES,,Metro,61.0,1550336.0,387584.0,,,447.0,4538.0,1937920.0,93.0,61.0,74.0,342.0
PNG,Papua New Guinea,COM,W,W+WBB/LPB/CDN+ERM/H:1/COM,,Rural,39402.0,2068582545.0,689527517.0,,,0.0,2955118.0,2758110072.0,60242.0,0.0,75.0,700.0
PNG,Papua New Guinea,COM,W,W+WBB/LPB/CDN+ERM/H:1/COM,,Urban,5897.0,309604601.0,103201529.0,,,0.0,442292.0,412806140.0,9017.0,0.0,75.0,700.0
PNG,Papua New Guinea,COM,W,W+WBB/LPB/CDN+ERM/H:1/COM,,Metro,6291.0,330253752.0,110084585.0,,,0.0,471791.0,440338337.0,9618.0,0.0,75.0,700.0
PNG,Papua New Guinea,IND,W,W+WBB/LPB/CDN+ERM/H:1/IND,,Urban,1853.0,111204914.0,74136614.0,,,0.0,139006.0,185341523.0,2834.0,0.0,75.0,800.0
PNG,Papua New Guinea,IND,W,W+WBB/LPB/CDN+ERM/H:1/IND,,Metro,1977.0,118621757.0,79081170.0,,,0.0,148277.0,197702927.0,3023.0,0.0,75.0,800.0
PNG,Papua New Guinea,RES,W,W+WLI/LWAL/CDM+ERH/H:1+HFAPP:1/RES,,Rural,51064.0,1133893862.0,283473459.0,,,219399.0,3829779.0,1417367313.0,423993.0,51064.0,75.0,296.0
PNG,Papua New Guinea,RES,W,W+WLI/LWAL/CDM+ERH/H:1-2/RES,,Metro,2902.0,89889464.0,22472367.0,,,21464.0,246680.0,112361831.0,27326.0,2902.0,85.0,364.0
PNG,Papua New Guinea,RES,W,W+WLI/LWAL/CDM+ERH/H:1-2/RES,,Rural,102127.0,2267787714.0,566946931.0,,,438797.0,7659558.0,2834734658.0,848478.0,102127.0,75.0,296.0
PNG,Papua New Guinea,RES,W,W+WLI/LWAL/CDM+ERH/H:1-2/RES,,Urban,3787.0,109962443.0,27490609.0,,,22041.0,321883.0,137453055.0,35656.0,3787.0,85.0,342.0
PNG,Papua New Guinea,COM,W,W+WLI/LWAL/CDM+ERH/H:1/COM,,Urban,2906.0,152590842.0,50863613.0,,,0.0,217987.0,203454457.0,44383.0,0.0,75.0,700.0
PNG,Papua New Guinea,COM,W,W+WLI/LWAL/CDM+ERH/H:1/COM,,Rural,19701.0,1034291281.0,344763754.0,,,0.0,1477559.0,1379055033.0,300838.0,0.0,75.0,700.0
PNG,Papua New Guinea,COM,W,W+WLI/LWAL/CDM+ERH/H:1/COM,,Metro,3100.0,162767920.0,54255973.0,,,0.0,232526.0,217023897.0,47343.0,0.0,75.0,700.0
PNG,Papua New Guinea,RES,W,W+WLI/LWAL/CDM+ERH/H:1/RES,,Metro,26119.0,809005181.0,202251295.0,,,193179.0,2220118.0,1011256476.0,245788.0,26119.0,85.0,364.0
PNG,Papua New Guinea,RES,W,W+WLI/LWAL/CDM+ERH/H:1/RES,,Urban,34082.0,989661991.0,247415498.0,,,198370.0,2896945.0,1237077489.0,320719.0,34082.0,85.0,342.0
PNG,Papua New Guinea,RES,W,W+WO/LN/CDN+ERM/H:1/RES,,Rural,187234.0,2686456227.0,671614061.0,,,804462.0,11234018.0,3358070276.0,1291613.0,187234.0,60.0,239.0
PNG,Papua New Guinea,RES,W,W+WWD/LWAL/CDN+ERM/H:1/RES,,Rural,4699.0,67420524.0,16855127.0,,,20517.0,281934.0,84275658.0,3418.0,4699.0,60.0,239.0
PNG,Papua New Guinea,RES,W,W+WWD/LWAL/CDN+ERM/H:1/RES,,Urban,128.0,2181422.0,545356.0,,,677.0,6385.0,2726778.0,77.0,128.0,50.0,342.0
WSM,Samoa,RES,CR-,CR/LWAL/CDL+ERM/H:1/RES,,TOTAL,2352.0,938691125.0,165651376.0,,,17580.0,704018.0,1104342500.0,285565.0,3520.0,299.0,1333.0
WSM,Samoa,RES,CR-,CR/LWAL/CDL+ERM/H:2-3/RES,,TOTAL,16.0,13143442.0,2319431.0,,,324.0,9858.0,15462872.0,4001.0,66.0,616.0,1333.0
WSM,Samoa,RES,OT,MATO/LPB/CDN+ERM/H:1/RES,,TOTAL,296.0,10511815.0,2627952.0,,,1142.0,23360.0,13139767.0,2686.0,234.0,79.0,450.0
WSM,Samoa,COM,OT,ME+MEIR/LFM/CDL+ERM/H:1/COM,,TOTAL,589.0,54967527.0,13741883.0,,,0.0,117788.0,68709408.0,48329.0,0.0,200.0,467.0
WSM,Samoa,IND,OT,ME+MEIR/LFM/CDL+ERM/H:1/IND,,TOTAL,105.0,42552473.0,14184157.0,,,0.0,52372.0,56736631.0,20239.0,0.0,499.0,813.0
WSM,Samoa,COM,MUR,MUR+CBH/LWAL/CDN+ERL/H:1/COM,,TOTAL,2654.0,696759149.0,174189788.0,,,0.0,796296.0,870948938.0,522224.0,0.0,300.0,875.0
WSM,Samoa,IND,MUR,MUR+CBH/LWAL/CDN+ERL/H:1/IND,,TOTAL,86.0,54019410.0,18006469.0,,,0.0,47490.0,72025878.0,28527.0,0.0,552.0,1137.0
WSM,Samoa,RES,MUR,MUR+CBH/LWAL/CDN+ERL/H:1/RES,,TOTAL,14347.0,2582468831.0,645617206.0,,,71298.0,2869410.0,3228086039.0,1403982.0,14347.0,200.0,900.0
WSM,Samoa,COM,MUR,MUR+CBH/LWAL/CDN+ERL/H:2-3/COM,,TOTAL,288.0,151427549.0,37856889.0,,,0.0,173060.0,189284439.0,113569.0,0.0,601.0,875.0
WSM,Samoa,RES,MUR,MUR+CBH/LWAL/CDN+ERL/H:2-3/RES,,TOTAL,51.0,36743329.0,9185833.0,,,1352.0,40826.0,45929160.0,19988.0,272.0,801.0,900.0
WSM,Samoa,IND,MUR,MUR+CBH/LWAL/CDN+ERL/H:2/IND,,TOTAL,12.0,12464565.0,4154855.0,,,0.0,10958.0,16619422.0,6587.0,0.0,913.0,1137.0
WSM,Samoa,RES,ADO|ST|E,MUR+STRUB/LWAL/CDN+ERN/H:1/RES,,TOTAL,666.0,31753449.0,5603551.0,,,2679.0,52922.0,37357000.0,24327.0,529.0,79.0,600.0
WSM,Samoa,COM,W,W+WLI/LFM/CDL+ERH/H:1/COM,,TOTAL,2277.0,597712825.0,199237608.0,,,0.0,569250.0,796950434.0,117135.0,0.0,250.0,1050.0
WSM,Samoa,IND,W,W+WLI/LFM/CDL+ERH/H:1/IND,,TOTAL,62.0,37441024.0,20160553.0,,,0.0,34037.0,57601576.0,6614.0,0.0,549.0,1100.0
WSM,Samoa,RES,W,W+WLI/LFM/CDL+ERH/H:1/RES,,TOTAL,16471.0,1927135649.0,481783913.0,,,79361.0,2470687.0,2408919561.0,284063.0,16471.0,150.0,780.0
WSM,Samoa,RES,W,W+WS/LFM/CDL+ERH/H:1/RES,,TOTAL,1287.0,85273764.0,21318441.0,,,5094.0,81994.0,106592205.0,9427.0,1025.0,64.0,1040.0
WSM,Samoa,RES,W,W/LPB/CDN+ERM/H:1/RES,,TOTAL,10053.0,501694691.0,125423673.0,,,40476.0,643198.0,627118362.0,73951.0,8040.0,64.0,780.0
SLB,Solomon Islands,RES,OT,INF/LN/CDL+ERM/H:1/RES,,TOTAL,2302.0,55239580.0,13809895.0,,,12687.0,184132.0,69049475.0,7793.0,2302.0,80.0,300.0
SLB,Solomon Islands,RES,OT,MATO/LPB/CDN+ERM/H:1/RES,,TOTAL,1112.0,38344314.0,9586077.0,,,6268.0,111203.0,47930392.0,12785.0,1112.0,100.0,345.0
SLB,Solomon Islands,COM,OT,ME+MEIR/LFM/CDL+ERM/H:1/COM,,TOTAL,445.0,62234205.0,15558551.0,,,0.0,133359.0,77792756.0,5644.0,0.0,300.0,467.0
SLB,Solomon Islands,IND,OT,ME+MEIR/LFM/CDL+ERM/H:1/IND,,TOTAL,634.0,185493406.0,61831136.0,,,0.0,380499.0,247324540.0,16104.0,0.0,600.0,488.0
SLB,Solomon Islands,RES,OT,ME+MEIR/LN/CDL+ERM/H:1/RES,,TOTAL,4485.0,100554940.0,25138734.0,,,23162.0,335183.0,125693675.0,14185.0,4190.0,75.0,300.0
SLB,Solomon Islands,COM,MUR,MUR+CBH/LWAL/CDN+ERL/H:1/COM,,TOTAL,1138.0,418149255.0,104537313.0,,,0.0,398237.0,522686567.0,224614.0,0.0,350.0,1050.0
SLB,Solomon Islands,IND,MUR,MUR+CBH/LWAL/CDN+ERL/H:1/IND,,TOTAL,438.0,298658616.0,99552874.0,,,0.0,306317.0,398211485.0,155888.0,0.0,699.0,975.0
SLB,Solomon Islands,RES,MUR,MUR+CBH/LWAL/CDN+ERL/H:1/RES,,TOTAL,9062.0,1502928098.0,375732024.0,,,53859.0,1812301.0,1878660123.0,752857.0,9062.0,200.0,829.0
SLB,Solomon Islands,RES,MUR,MUR+CBH/LWAL/CDN+ERL/H:2-3/RES,,TOTAL,203.0,64295077.0,16073768.0,,,2406.0,79377.0,80368847.0,32995.0,397.0,391.0,810.0
SLB,Solomon Islands,COM,MUR,MUR+CBH/LWAL/CDN+ERL/H:2-4/COM,,TOTAL,262.0,109976232.0,27494059.0,,,0.0,104739.0,137470291.0,59151.0,0.0,400.0,1050.0
SLB,Solomon Islands,IND,MUR,MUR+CBH/LWAL/CDN+ERL/H:2/IND,,TOTAL,47.0,41396923.0,13798974.0,,,0.0,42458.0,55195898.0,21623.0,0.0,903.0,975.0
SLB,Solomon Islands,COM,W,W+WBB/LWAL/CDN+ERH/H:1/COM,,TOTAL,2851.0,769791318.0,256597107.0,,,0.0,855324.0,1026388421.0,17436.0,0.0,300.0,900.0
SLB,Solomon Islands,IND,W,W+WBB/LWAL/CDN+ERH/H:1/IND,,TOTAL,395.0,195654666.0,130436443.0,,,0.0,237157.0,326091109.0,4835.0,0.0,600.0,825.0
SLB,Solomon Islands,RES,W,W+WBB/LWAL/CDN+ERH/H:1/RES,,TOTAL,49731.0,2351906598.0,587976649.0,,,238834.0,4475486.0,2939883247.0,91225.0,44755.0,90.0,526.0
SLB,Solomon Islands,COM,W,W+WLI/LFM/CDL+ERH/H:1/COM,,TOTAL,4999.0,1799785666.0,599928556.0,,,0.0,1499821.0,2399714222.0,308619.0,0.0,300.0,1200.0
SLB,Solomon Islands,IND,W,W+WLI/LFM/CDL+ERH/H:1/IND,,TOTAL,603.0,398084419.0,265389612.0,,,0.0,361895.0,663474031.0,70317.0,0.0,600.0,1100.0
SLB,Solomon Islands,RES,W,W+WLI/LFM/CDL+ERH/H:1/RES,,TOTAL,95471.0,5993355407.0,1498338853.0,,,492132.0,10657511.0,7491694262.0,1225329.0,88813.0,112.0,562.0
SLB,Solomon Islands,RES,W,W+WLI/LFM/CDL+ERH/H:2/RES,,TOTAL,1570.0,122491474.0,30622868.0,,,9296.0,188448.0,153114342.0,21680.0,1570.0,120.0,650.0
TON,Tonga,RES,OT,MATO/LPB/CDN+ERM/H:1/RES,,TOTAL,16.0,465338.0,116333.0,,,42.0,1662.0,581672.0,191.0,8.0,104.0,280.0
TON,Tonga,COM,OT,ME+MEIR/LFM/CDL+ERM/H:1/COM,,TOTAL,220.0,38203457.0,9550865.0,,,0.0,66121.0,47754320.0,27130.0,0.0,301.0,578.0
TON,Tonga,IND,OT,ME+MEIR/LFM/CDL+ERM/H:1/IND,,TOTAL,87.0,11412002.0,3803999.0,,,0.0,21737.0,15216003.0,8400.0,0.0,250.0,525.0
TON,Tonga,RES,OT,ME+MEIR/LN/CDL+ERM/H:1/RES,,TOTAL,1008.0,39127449.0,9781864.0,,,3742.0,139741.0,48909315.0,44335.0,699.0,139.0,280.0
TON,Tonga,COM,MUR,MUR+CBH/LWAL/CDN+ERL/H:1/COM,,TOTAL,2001.0,438931723.0,109732930.0,,,0.0,600249.0,548664653.0,393653.0,0.0,300.0,731.0
TON,Tonga,IND,MUR,MUR+CBH/LWAL/CDN+ERL/H:1/IND,,TOTAL,85.0,17197624.0,5732545.0,,,0.0,25478.0,22930160.0,15305.0,0.0,300.0,675.0
TON,Tonga,RES,MUR,MUR+CBH/LWAL/CDN+ERL/H:1/RES,,TOTAL,11722.0,1567912840.0,391978212.0,,,43761.0,2049559.0,1959891054.0,1002835.0,8198.0,175.0,765.0
TON,Tonga,RES,MUR,MUR+CBH/LWAL/CDN+ERL/H:2-4/RES,,TOTAL,468.0,177173663.0,44293413.0,,,4946.0,231600.0,221467078.0,113458.0,926.0,495.0,765.0
TON,Tonga,COM,MUR,MUR+CBH/LWAL/CDN+ERL/H:2-5/COM,,TOTAL,382.0,186307555.0,46576889.0,,,0.0,229302.0,232884439.0,150671.0,0.0,600.0,812.0
TON,Tonga,IND,MUR,MUR+CBH/LWAL/CDN+ERL/H:2/IND,,TOTAL,13.0,3943017.0,1314339.0,,,0.0,5257.0,5257356.0,3160.0,0.0,404.0,750.0
TON,Tonga,COM,W,W+WLI/LFM/CDL+ERH/H:1/COM,,TOTAL,1134.0,272959144.0,90986379.0,,,0.0,283594.0,363945524.0,58355.0,0.0,250.0,962.0
TON,Tonga,IND,W,W+WLI/LFM/CDL+ERH/H:1/IND,,TOTAL,73.0,16378689.0,8819292.0,,,0.0,21838.0,25197979.0,4243.0,0.0,299.0,750.0
TON,Tonga,RES,W,W+WLI/LFM/CDL+ERH/H:1/RES,,TOTAL,13209.0,1106660196.0,276665049.0,,,48664.0,1846969.0,1383325246.0,212352.0,9235.0,140.0,599.0
TON,Tonga,COM,W,W+WLI/LFM/CDL+ERH/H:2/COM,,TOTAL,171.0,57559834.0,19186609.0,,,0.0,59802.0,76746446.0,12311.0,0.0,350.0,963.0
TON,Tonga,RES,W,W+WLI/LFM/CDL+ERH/H:2/RES,,TOTAL,492.0,73796948.0,18449237.0,,,2587.0,122995.0,92246183.0,14150.0,492.0,250.0,600.0
TUV,Tuvalu,RES,HYB,HYB(CR;W)/LFM/CDL+ERM/H:1/RES,,TOTAL,552.0,12914230.0,3228557.0,,,1770.0,23061.0,16142787.0,7660.0,329.0,42.0,560.0
TUV,Tuvalu,COM,OT,ME+MEIR/LFM/CDL+ERM/H:1/COM,,TOTAL,9.0,936000.0,234000.0,,,0.0,1080.0,1170000.0,443.0,0.0,120.0,867.0
TUV,Tuvalu,IND,OT,ME+MEIR/LFM/CDL+ERM/H:1/IND,,TOTAL,4.0,150000.0,50000.0,,,0.0,400.0,200000.0,155.0,0.0,100.0,375.0
TUV,Tuvalu,COM,MUR,MUR+CBH/LWAL/CDN+ERL/H:1/COM,,TOTAL,86.0,20962500.0,5240625.0,,,0.0,12900.0,26203125.0,8460.0,0.0,150.0,1625.0
TUV,Tuvalu,IND,MUR,MUR+CBH/LWAL/CDN+ERL/H:1/IND,,TOTAL,4.0,396000.0,132000.0,,,0.0,480.0,528000.0,288.0,0.0,120.0,825.0
TUV,Tuvalu,RES,MUR,MUR+CBH/LWAL/CDN+ERL/H:1/RES,,TOTAL,1364.0,169116521.0,42279131.0,,,5272.0,153047.0,211395652.0,74885.0,1020.0,112.0,1105.0
TUV,Tuvalu,COM,MUR,MUR+CBH/LWAL/CDN+ERL/H:2-5/COM,,TOTAL,14.0,4550000.0,1137500.0,,,0.0,2800.0,5687500.0,1840.0,0.0,200.0,1625.0
TUV,Tuvalu,RES,MUR,MUR+CBH/LWAL/CDN+ERL/H:2/RES,,TOTAL,36.0,3994327.0,998582.0,,,123.0,3615.0,4992908.0,1770.0,24.0,100.0,1105.0
TUV,Tuvalu,COM,W,W+WLI/LFM/CDL+ERH/H:1/COM,,TOTAL,45.0,11137500.0,3712500.0,,,0.0,6750.0,14850000.0,1389.0,0.0,150.0,1650.0
TUV,Tuvalu,IND,W,W+WLI/LFM/CDL+ERH/H:1/IND,,TOTAL,5.0,412500.0,222115.0,,,0.0,550.0,634615.0,107.0,0.0,110.0,750.0
TUV,Tuvalu,RES,W,W+WLI/LFM/CDL+ERH/H:1/RES,,TOTAL,723.0,29023715.0,7255929.0,,,2327.0,30233.0,36279644.0,3476.0,432.0,42.0,960.0
TUV,Tuvalu,COM,W,W+WLI/LFM/CDL+ERH/H:2/COM,,TOTAL,7.0,2310000.0,770000.0,,,0.0,1400.0,3080000.0,288.0,0.0,200.0,1650.0
VUT,Vanuatu,RES,OT,INF/LN/CDL+ERM/H:1/RES,,URBAN,22.0,303709.0,75927.0,,,91.0,1350.0,379636.0,57.0,22.0,61.0,225.0
VUT,Vanuatu,RES,OT,INF/LN/CDL+ERM/H:1/RES,,RURAL,1017.0,13731684.0,3432921.0,,,4819.0,61030.0,17164603.0,2583.0,1017.0,60.0,225.0
VUT,Vanuatu,RES,OT,MATO/LPB/CDN+ERM/H:1/RES,,URBAN,821.0,27710757.0,6927689.0,,,4923.0,123159.0,34638446.0,14160.0,1232.0,150.0,225.0
VUT,Vanuatu,RES,OT,MATO/LPB/CDN+ERM/H:1/RES,,RURAL,1709.0,30761323.0,7690329.0,,,7434.0,136717.0,38451654.0,15719.0,1709.0,80.0,225.0
VUT,Vanuatu,COM,OT,ME+MEIR/LFM/CDL+ERM/H:1/COM,,TOTAL,330.0,64186288.0,16046572.0,,,0.0,82525.0,80232865.0,3493.0,0.0,250.0,778.0
VUT,Vanuatu,IND,OT,ME+MEIR/LFM/CDL+ERM/H:1/IND,,TOTAL,140.0,22793095.0,7597697.0,,,0.0,28053.0,30390789.0,1187.0,0.0,200.0,813.0
VUT,Vanuatu,RES,OT,ME+MEIR/LN/CDL+ERM/H:1/RES,,URBAN,133.0,2400943.0,600235.0,,,500.0,8003.0,3001178.0,339.0,133.0,60.0,300.0
VUT,Vanuatu,RES,OT,ME+MEIR/LN/CDL+ERM/H:1/RES,,RURAL,18048.0,243654749.0,60913689.0,,,78653.0,1082910.0,304568432.0,45829.0,18048.0,60.0,225.0
VUT,Vanuatu,COM,MUR,MUR+CBH/LWAL/CDN+ERL/H:1/COM,,TOTAL,3434.0,1276901620.0,319225401.0,,,0.0,858421.0,1596127024.0,484167.0,0.0,250.0,1488.0
VUT,Vanuatu,IND,MUR,MUR+CBH/LWAL/CDN+ERL/H:1/IND,,TOTAL,182.0,94472198.0,31490726.0,,,0.0,72671.0,125962930.0,36983.0,0.0,399.0,1300.0
VUT,Vanuatu,RES,MUR,MUR+CBH/LWAL/CDN+ERL/H:1/RES,,URBAN,5031.0,977916602.0,244479150.0,,,40413.0,1207304.0,1222395752.0,501533.0,10061.0,240.0,810.0
VUT,Vanuatu,RES,MUR,MUR+CBH/LWAL/CDN+ERL/H:1/RES,,RURAL,27708.0,2244316327.0,561079084.0,,,108330.0,2770761.0,2805395412.0,1151016.0,27708.0,100.0,810.0
VUT,Vanuatu,RES,MUR,MUR+CBH/LWAL/CDN+ERL/H:2-3/RES,,URBAN,50.0,23995646.0,5998911.0,,,1187.0,29624.0,29994557.0,12314.0,296.0,592.0,810.0
VUT,Vanuatu,COM,MUR,MUR+CBH/LWAL/CDN+ERL/H:2/COM,,TOTAL,296.0,263812356.0,65953094.0,,,0.0,177353.0,329765450.0,100095.0,0.0,599.0,1487.0
VUT,Vanuatu,IND,MUR,MUR+CBH/LWAL/CDN+ERL/H:2/IND,,TOTAL,2.0,1576270.0,525424.0,,,0.0,1213.0,2101694.0,618.0,0.0,606.0,1299.0
VUT,Vanuatu,COM,W,W+WBB/LWAL/CDN+ERH/H:1/COM,,TOTAL,852.0,255688142.0,85229381.0,,,0.0,170459.0,340917523.0,3475.0,0.0,200.0,1500.0
VUT,Vanuatu,RES,W,W+WBB/LWAL/CDN+ERH/H:1/RES,,RURAL,10436.0,325607464.0,81401864.0,,,46282.0,834891.0,407009325.0,17018.0,10436.0,80.0,390.0
VUT,Vanuatu,RES,W,W+WBB/LWAL/CDN+ERH/H:1/RES,,URBAN,4636.0,144636426.0,36159107.0,,,19813.0,370863.0,180795533.0,7559.0,4636.0,80.0,390.0
VUT,Vanuatu,COM,W,W+WLI/LFM/CDL+ERH/H:1/COM,,TOTAL,857.0,257237304.0,85745768.0,,,0.0,171492.0,342983072.0,35288.0,0.0,200.0,1500.0
VUT,Vanuatu,IND,W,W+WLI/LFM/CDL+ERH/H:1/IND,,TOTAL,71.0,21821662.0,14547772.0,,,0.0,17634.0,36369433.0,3426.0,0.0,248.0,1237.0
VUT,Vanuatu,RES,W,W+WLI/LFM/CDL+ERH/H:1/RES,,RURAL,4033.0,167767047.0,41941759.0,,,18337.0,322629.0,209708803.0,37094.0,4033.0,80.0,520.0
VUT,Vanuatu,RES,W,W+WLI/LFM/CDL+ERH/H:1/RES,,URBAN,1143.0,59445517.0,14861379.0,,,4386.0,91455.0,74306897.0,10515.0,1143.0,80.0,650.0
