ID_0,NAME_0,OCCUPANCY,BUILDINGS,COST_CONTENTS_USD,COST_NONSTRUCTURAL_USD,COST_STRUCTURAL_USD,DWELLINGS,OCCUPANTS_PER_ASSET,TOTAL_AREA_SQM,TOTAL_REPL_COST_USD,AVG_BUILDING_AREA_SQM,AVG_TOT_COST_PER_AREA_USD
NGA,Nigeria,Com,1011140.0,22915001564.0,24371114628.0,39693714818.0,0.0,0.0,193172399.0,86979831067.0,191.04416697984453,450.2704916296039
NGA,Nigeria,Ind,202312.0,8696065554.0,6481118571.0,9428595726.0,0.0,0.0,57650509.0,24605779894.0,284.95842560006326,426.8094128015418
NGA,Nigeria,Res,42489641.0,159943393368.0,288086010627.0,489391029319.0,44511622.0,205998970.0,3324706924.0,937420433293.0,78.24747034224177,281.9558098568209
