ID_0,NAME_0,OCCUPANCY,BUILDINGS,COST_CONTENTS_USD,COST_NONSTRUCTURAL_USD,COST_STRUCTURAL_USD,DWELLINGS,OCCUPANTS_PER_ASSET,TOTAL_AREA_SQM,TOTAL_REPL_COST_USD,AVG_BUILDING_AREA_SQM,AVG_TOT_COST_PER_AREA_USD
RWA,Rwanda,Com,44633.0,637699402.0,642048522.0,1254954704.0,61888.0,0.0,8205598.0,2534702623.0,183.84598839423745,308.89919576854726
RWA,Rwanda,Ind,11106.0,316127417.0,237643371.0,389978285.0,11106.0,0.0,3157524.0,943749079.0,284.30794165316047,298.8889645811085
RWA,Rwanda,Res,3113668.0,8745297092.0,12691782376.0,26734785128.0,3230241.0,12941405.0,245800977.0,48171864593.0,78.9425773717686,195.9791420723279
