ID_0,NAME_0,OCCUPANCY,BUILDINGS,COST_CONTENTS_USD,COST_NONSTRUCTURAL_USD,COST_STRUCTURAL_USD,DWELLINGS,OCCUPANTS_PER_ASSET,TOTAL_AREA_SQM,TOTAL_REPL_COST_USD,AVG_BUILDING_AREA_SQM,AVG_TOT_COST_PER_AREA_USD
MLI,Mali,Com,71615.0,529715835.0,534808918.0,1046935427.0,0.0,0.0,13189813.0,2111460181.0,184.1766808629477,160.08264719143477
MLI,Mali,Ind,16013.0,238214813.0,179548633.0,283059242.0,0.0,0.0,4564228.0,700822685.0,285.0326609629676,153.546817775098
MLI,Mali,Res,3197554.0,4917800643.0,7398088478.0,15529107093.0,3368584.0,20237401.0,260712099.0,27844996186.0,81.53485414163451,106.80362090138364
