ID_0,NAME_0,OCCUPANCY,BUILDINGS,COST_CONTENTS_USD,COST_NONSTRUCTURAL_USD,COST_STRUCTURAL_USD,DWELLINGS,OCCUPANTS_PER_ASSET,TOTAL_AREA_SQM,TOTAL_REPL_COST_USD,AVG_BUILDING_AREA_SQM,AVG_TOT_COST_PER_AREA_USD
SLV,El Salvador,Com,122999.27067510519,6589213342.936633,6657659922.0511,4742152025.129314,0.0,0.0,24925838.368094634,17989025284.856827,202.6502940325123,721.7019150650913
SLV,El Salvador,Ind,19959.869530194235,6277016041.704071,4581280434.715828,2873961336.6965084,0.0,0.0,23297619.227383893,13732257824.428076,1167.223021780803,589.427515764669
SLV,El Salvador,Res,1473722.0,22750089494.38548,32679897370.034805,44724972282.692986,1633863.0,6205691.035644947,183196132.21752524,100154959147.11328,124.30847352317821,546.7089175670493
