ID_0,NAME_0,OCCUPANCY,BUILDINGS,COST_CONTENTS_USD,COST_NONSTRUCTURAL_USD,COST_STRUCTURAL_USD,DWELLINGS,OCCUPANTS_PER_ASSET,TOTAL_AREA_SQM,TOTAL_REPL_COST_USD,AVG_BUILDING_AREA_SQM,AVG_TOT_COST_PER_AREA_USD
LBR,Liberia,Com,40282.0,520397267.0,532018879.0,1008364450.0,55887.0,0.0,7407611.0,2060780573.0,183.8938235440147,278.197731090361
LBR,Liberia,Ind,8192.0,195363813.0,147023134.0,235286831.0,8192.0,0.0,2316476.0,577673765.0,282.77294921875,249.37610620615106
LBR,Liberia,Res,940690.0,1907791514.0,3072224290.0,6275936123.0,968879.0,5019249.0,71612361.0,11255951962.0,76.12748195473536,157.1788976766176
