ID_0,NAME_0,OCCUPANCY,BUILDINGS,COST_CONTENTS_USD,COST_NONSTRUCTURAL_USD,COST_STRUCTURAL_USD,DWELLINGS,OCCUPANTS_PER_ASSET,TOTAL_AREA_SQM,TOTAL_REPL_COST_USD,AVG_BUILDING_AREA_SQM,AVG_TOT_COST_PER_AREA_USD
UGA,Uganda,Com,203025.0,2994654388.0,3122126563.0,5643847217.0,286072.0,0.0,38270893.0,11760628179.0,188.50335180396502,307.299549529717
UGA,Uganda,Ind,65977.0,1895913619.0,1419028647.0,2185390259.0,65977.0,0.0,18798768.0,5500332509.0,284.92911166012397,292.5900521246924
UGA,Uganda,Res,9620501.0,27424905365.0,44665660226.0,85020924997.0,10137126.0,45677340.0,786273549.0,157111490586.0,81.7289607890483,199.81785065238154
