ID_0,NAME_0,OCCUPANCY,BUILDINGS,COST_CONTENTS_USD,COST_NONSTRUCTURAL_USD,COST_STRUCTURAL_USD,DWELLINGS,OCCUPANTS_PER_ASSET,TOTAL_AREA_SQM,TOTAL_REPL_COST_USD,AVG_BUILDING_AREA_SQM,AVG_TOT_COST_PER_AREA_USD
MKD,North_Macedonia,Com,35545.0,6271408169.91,3762844902.12,2508563268.56,0.0,0.0,11970828.783,12542816340.26,336.77954094809394,1047.7817841712256
MKD,North_Macedonia,Ind,12051.000000000002,4539513797.69,1891464082.53,1134878449.15,0.0,0.0,10248069.392300008,7565856329.57,850.3916183138334,738.2713797053993
MKD,North_Macedonia,Res,446231.3208412305,5358781310.67,13396953276.89,8038171966.31,697529.0000000001,2083000.0000000002,49670746.22392,26793906553.98,111.31165362906674,539.4303204785924
