ID_0,NAME_0,ID_1,NAME_1,SETTLEMENT,OCCUPANCY,TAXONOMY,BUILDINGS,TOTAL_REPL_COST_USD,COST_STRUCTURAL_USD,COST_NONSTRUCTURAL_USD,COST_CONTENTS_USD,TOTAL_AREA_SQM,OCCUPANTS_PER_ASSET,OCCUPANTS_PER_ASSET_DAY,OCCUPANTS_PER_ASSET_NIGHT,OCCUPANTS_PER_ASSET_TRANSIT
ABW,Aruba,ABW,Aruba,Total,Res,CR/LFINF+CDL+DUL/HEX:1/RES,453.0,71974287.44502617,21592286.233507853,32388429.350261778,17993571.861256544,285130.4390625,834,143.29665768960004,775.29226655616,347.1431992320001
ABW,Aruba,ABW,Aruba,Total,Res,CR/LFM+CDM+DUM/HEX:4/RES,137.0,17466470.34554974,5239941.103664922,7859911.655497383,4366617.586387435,61506.191666666666,2519,432.81088815360016,2341.68011925056,1048.5056581120002
ABW,Aruba,ABW,Aruba,Total,Res,CR/LFM+CDM+DUM/HEX:5/RES,3.0,474486.4083769634,142345.92251308903,213518.8837696336,118621.60209424084,1670.8500000000004,199,34.19188834560001,184.99179981376,82.83153075200002
ABW,Aruba,ABW,Aruba,Total,Res,MR/LWAL+CDL+DUL/HEX:1/RES,1297.0,206308252.0104712,92838713.40471204,51577063.0026178,61892475.60314135,762815.6331249999,2391,410.8181157504001,2222.69041886784,995.2270855680002
ABW,Aruba,ABW,Aruba,Total,Res,W+WLI/LWAL+CDL+DUL/HEX:1/RES,961.0,152888588.23036647,38222147.05759162,53511005.88062826,61155435.29214659,484541.8199999999,1772,304.4624429568001,1647.26366467328,737.5752386560002
ABW,Aruba,ABW,Aruba,Total,Res,W+WLI/LWAL+CDL+DUL/HEX:2/RES,18096.0,2877715263.193717,719428815.7984293,1007200342.1178008,1151086105.2774868,9120192.73125,96921,16652.824172582405,90098.44336557505,40342.28538700801
