ID_0,NAME_0,OCCUPANCY,BUILDINGS,COST_CONTENTS_USD,COST_NONSTRUCTURAL_USD,COST_STRUCTURAL_USD,DWELLINGS,OCCUPANTS_PER_ASSET,TOTAL_AREA_SQM,TOTAL_REPL_COST_USD,AVG_BUILDING_AREA_SQM,AVG_TOT_COST_PER_AREA_USD
ABW,Aruba,Com,1261.0,725914399.6230366,594937952.5863874,529252086.7434555,0.0,0.0,623289.0,1850104438.9528794,494.2815226011102,2968.2931015193262
ABW,Aruba,Ind,652.0,213994489.52879578,115921138.74345547,88213952.87958115,0.0,0.0,1073072.7994791667,418129581.1518324,1645.8171771152863,389.65630417132775
ABW,Aruba,Res,20947.0,1296612827.222513,1152750270.8905756,877464249.5204188,25834.0,104636.0,10715857.665104166,3326827347.6335077,511.57004177706426,310.4583367570484
