ID_0,NAME_0,ID_1,NAME_1,OCCUPANCY,BUILDINGS,COST_CONTENTS_USD,COST_NONSTRUCTURAL_USD,COST_STRUCTURAL_USD,DWELLINGS,OCCUPANTS_PER_ASSET,TOTAL_AREA_SQM,TOTAL_REPL_COST_USD,AVG_BUILDING_AREA_SQM,AVG_TOT_COST_PER_AREA_USD
ASM,American Samoa,ASM.1_1,Eastern,Com,338,224081844.1002,107283126.36999999,54098811.23,0.0,0.0,139121.19326831828,385463781.7044,411.6011635157346,2770.7049706004836
ASM,American Samoa,ASM.1_1,Eastern,Ind,79,100393376.218,24000333.509999998,9994472.79,0.0,0.0,29831.55703763559,134388182.5183,377.61464604602014,4504.900040878035
ASM,American Samoa,ASM.1_1,Eastern,Res,7839,807802934.31646,2177470400.06,566817020.56,5050.182583485,24351.015445455,1274228.9752964333,3552090354.9473,162.5499394433516,2787.6389752641994
ASM,American Samoa,ASM.2_1,Manu'a,Com,38,15063631.5523,13450736.32,5601297.9799999995,0.0,0.0,10383.847724114987,34115665.8525,273.2591506346049,3285.455137527806
ASM,American Samoa,ASM.2_1,Manu'a,Ind,5,2441848.8374,1318699.65,549146.85,0.0,0.0,991.502730226202,4309695.3374,198.3005460452404,4346.629823618119
ASM,American Samoa,ASM.2_1,Manu'a,Res,546,74386147.66009,86916435.86,26551496.29,351.75401079,1216.005454083,125560.90685133221,187854079.8105,229.9650308632458,1496.119170538683
ASM,American Samoa,ASM.4_1,Western,Com,59,47954284.8934,18989274.86,7907714.74,0.0,0.0,26972.80171654201,74851274.4939,457.1661307888476,2775.0648701797577
ASM,American Samoa,ASM.4_1,Western,Ind,140,175954337.4704,46681967.26,19439798.84,0.0,0.0,67529.34885432602,242076103.56939998,482.3524918166144,3584.7540021688255
ASM,American Samoa,ASM.4_1,Western,Res,8632,953311861.95417,1476546359.33,451059850.27,5561.063408679999,28941.142955935,1468893.6397716454,2880918071.5623,170.16840127104325,1961.28432553508
