ID_0,NAME_0,OCCUPANCY,BUILDINGS,COST_CONTENTS_USD,COST_NONSTRUCTURAL_USD,COST_STRUCTURAL_USD,DWELLINGS,OCCUPANTS_PER_ASSET,TOTAL_AREA_SQM,TOTAL_REPL_COST_USD,AVG_BUILDING_AREA_SQM,AVG_TOT_COST_PER_AREA_USD
TZA,Tanzania,Com,378941.0,6265730489.0,6663535660.0,11410109483.0,0.0,0.0,72700792.0,24339375637.0,191.85253641068135,334.7883147820453
TZA,Tanzania,Ind,88622.0,2609828637.0,1949354982.0,2941822778.0,0.0,0.0,25240994.0,7501006396.0,284.81634357157367,297.1755548137288
TZA,Tanzania,Res,12091976.0,33535281668.0,66613584235.0,116261659851.0,12875250.0,59694869.0,1011066335.0,216410525801.0,83.61464949980054,214.04186679897714
