ID_0,NAME_0,OCCUPANCY,BUILDINGS,COST_CONTENTS_USD,COST_NONSTRUCTURAL_USD,COST_STRUCTURAL_USD,DWELLINGS,OCCUPANTS_PER_ASSET,TOTAL_AREA_SQM,TOTAL_REPL_COST_USD,AVG_BUILDING_AREA_SQM,AVG_TOT_COST_PER_AREA_USD
QAT,Qatar,Com,17464.0,8281871592.0,6707250426.0,6456925038.0,0.0,0.0,7381215.0,21446047095.0,422.65317224003667,2905.490098174894
QAT,Qatar,Ind,11549.0,5840064372.0,2895059052.0,2577090808.0,0.0,0.0,7937564.0,11312214226.0,687.2944843709412,1425.1493564020398
QAT,Qatar,Res,274889.0,32219811611.0,57967170030.0,40304307637.0,532593.0,2845612.0,83328299.0,130491289313.0,303.1343524113369,1565.9900763484923
