ID_0,NAME_0,OCCUPANCY,MACRO_TAXONOMY,TAXONOMY,SETTLEMENT,BUILDINGS,BLDG_REPL_COST_USD,COST_CONTENTS_USD,OCCUPANTS_TOTAL,TOTAL_AREA_SQM,TOTAL_REPL_COST_USD,CARBON_BUILDINGS_TON,DWELLINGS,AVG_BUILDING_AREA_SQM,AVG_BLDG_COST_PER_AREA_USD
ECU,Ecuador,COM,CR+,CR+PC/LFM/CDH+ERH/H:1/COM:2,TOTAL,52.0,3606719.0,636480.0,0.0,5343.0,4243200.0,2619.0,0.0,103.0,675.0
ECU,Ecuador,COM,CR+,CR+PC/LFM/CDH+ERH/H:1/COM:3,TOTAL,12.0,1494732.0,263777.0,0.0,2214.0,1758506.0,1085.0,0.0,184.0,675.0
ECU,Ecuador,IND,CR+,CR+PC/LFM/CDH+ERH/H:1/IND:1,TOTAL,6.0,857152.0,285718.0,0.0,1504.0,1142869.0,711.0,0.0,251.0,570.0
ECU,Ecuador,IND,CR+,CR+PC/LFM/CDH+ERH/H:1/IND:2,TOTAL,67.0,6362207.0,2120735.0,0.0,11162.0,8482938.0,5280.0,0.0,167.0,570.0
ECU,Ecuador,IND,CR+,CR+PC/LFM/CDH+ERH/H:1/IND:3,TOTAL,2.0,774371.0,258124.0,0.0,1359.0,1032494.0,643.0,0.0,680.0,570.0
ECU,Ecuador,IND,CR+,CR+PC/LFM/CDH+ERH/H:1/IND:6,TOTAL,17.0,1474166.0,491387.0,0.0,2586.0,1965551.0,1223.0,0.0,152.0,570.0
ECU,Ecuador,COM,CR+,CR+PC/LFM/CDH+ERH/H:2/COM:2,TOTAL,42.0,5442156.0,960379.0,0.0,8062.0,6402534.0,3955.0,0.0,192.0,675.0
ECU,Ecuador,COM,CR+,CR+PC/LFM/CDH+ERH/H:2/COM:3,TOTAL,3.0,189358.0,33416.0,0.0,281.0,222774.0,138.0,0.0,94.0,674.0
ECU,Ecuador,IND,CR+,CR+PC/LFM/CDH+ERH/H:2/IND:1,TOTAL,6.0,869157.0,289720.0,0.0,1525.0,1158877.0,722.0,0.0,254.0,570.0
ECU,Ecuador,IND,CR+,CR+PC/LFM/CDH+ERH/H:2/IND:2,TOTAL,47.0,4058858.0,1352953.0,0.0,7121.0,5411808.0,3372.0,0.0,152.0,570.0
ECU,Ecuador,IND,CR+,CR+PC/LFM/CDH+ERH/H:2/IND:3,TOTAL,1.0,85567.0,28522.0,0.0,150.0,114089.0,71.0,0.0,150.0,570.0
ECU,Ecuador,IND,CR+,CR+PC/LFM/CDH+ERH/H:2/IND:6,TOTAL,12.0,1053802.0,351266.0,0.0,1849.0,1405068.0,875.0,0.0,154.0,570.0
ECU,Ecuador,COM,CR+,CR+PC/LFM/CDH+ERH/H:3/COM:2,TOTAL,49.0,13010982.0,2296056.0,0.0,19276.0,15307038.0,9463.0,0.0,393.0,675.0
ECU,Ecuador,COM,CR+,CR+PC/LFM/CDH+ERH/H:3/COM:3,TOTAL,5.0,802917.0,141691.0,0.0,1190.0,944608.0,584.0,0.0,238.0,675.0
ECU,Ecuador,COM,CR+,CR+PC/LFM/CDH+ERH/H:4/COM:2,TOTAL,160.0,41701896.0,7359158.0,0.0,61781.0,49061049.0,30355.0,0.0,386.0,675.0
ECU,Ecuador,COM,CR+,CR+PC/LFM/CDH+ERH/H:4/COM:3,TOTAL,24.0,3320965.0,586054.0,0.0,4920.0,3907021.0,2417.0,0.0,205.0,675.0
ECU,Ecuador,COM,CR+,CR+PC/LFM/CDH+ERH/H:5-7/COM:2,TOTAL,252.0,102653480.0,18115322.0,0.0,152079.0,120768806.0,74844.0,0.0,603.0,675.0
ECU,Ecuador,COM,CR+,CR+PC/LFM/CDH+ERH/H:5-7/COM:3,TOTAL,26.0,11476990.0,2025351.0,0.0,17003.0,13502340.0,8368.0,0.0,654.0,675.0
ECU,Ecuador,IND,CR+,CR+PC/LFM/CDH+ERH/H:>2/IND:1,TOTAL,99.0,14149264.0,4716422.0,0.0,24823.0,18865679.0,11765.0,0.0,251.0,570.0
ECU,Ecuador,IND,CR+,CR+PC/LFM/CDH+ERH/H:>2/IND:2,TOTAL,1146.0,103904874.0,34634960.0,0.0,182289.0,138539827.0,86396.0,0.0,159.0,570.0
ECU,Ecuador,IND,CR+,CR+PC/LFM/CDH+ERH/H:>2/IND:3,TOTAL,37.0,4171359.0,1390454.0,0.0,7318.0,5561813.0,3468.0,0.0,198.0,570.0
ECU,Ecuador,IND,CR+,CR+PC/LFM/CDH+ERH/H:>2/IND:4,TOTAL,18.0,4526912.0,1508972.0,0.0,7942.0,6035882.0,3764.0,0.0,441.0,570.0
ECU,Ecuador,IND,CR+,CR+PC/LFM/CDH+ERH/H:>2/IND:6,TOTAL,302.0,27317456.0,9105817.0,0.0,47925.0,36423272.0,22714.0,0.0,159.0,570.0
ECU,Ecuador,COM,CR+,CR+PC/LFM/CDH+ERH/H:>7/COM:2,TOTAL,38.0,20565438.0,3629196.0,0.0,30467.0,24194633.0,15019.0,0.0,802.0,675.0
ECU,Ecuador,COM,CR+,CR+PC/LFM/CDH+ERH/H:>7/COM:3,TOTAL,2.0,4616320.0,814645.0,0.0,6839.0,5430965.0,3371.0,0.0,3420.0,675.0
ECU,Ecuador,COM,CR-,CR+PC/LFM/CDH+ERL/H:1/COM:2,TOTAL,22.0,2722757.0,480485.0,0.0,4034.0,3203244.0,1977.0,0.0,183.0,675.0
ECU,Ecuador,COM,CR-,CR+PC/LFM/CDH+ERL/H:1/COM:3,TOTAL,4.0,125857.0,22210.0,0.0,186.0,148067.0,91.0,0.0,46.0,677.0
ECU,Ecuador,IND,CR-,CR+PC/LFM/CDH+ERL/H:1/IND:1,TOTAL,3.0,439139.0,146380.0,0.0,770.0,585519.0,364.0,0.0,257.0,570.0
ECU,Ecuador,IND,CR-,CR+PC/LFM/CDH+ERL/H:1/IND:2,TOTAL,14.0,1228155.0,409386.0,0.0,2155.0,1637539.0,1019.0,0.0,154.0,570.0
ECU,Ecuador,IND,CR-,CR+PC/LFM/CDH+ERL/H:1/IND:3,TOTAL,1.0,88566.0,29522.0,0.0,155.0,118088.0,74.0,0.0,155.0,571.0
ECU,Ecuador,IND,CR-,CR+PC/LFM/CDH+ERL/H:1/IND:4,TOTAL,3.0,3061649.0,1020550.0,0.0,5371.0,4082199.0,2541.0,0.0,1790.0,570.0
ECU,Ecuador,IND,CR-,CR+PC/LFM/CDH+ERL/H:1/IND:6,TOTAL,8.0,693425.0,231142.0,0.0,1217.0,924567.0,575.0,0.0,152.0,570.0
ECU,Ecuador,COM,CR-,CR+PC/LFM/CDH+ERL/H:2/COM:2,TOTAL,15.0,1888568.0,333277.0,0.0,2798.0,2221844.0,1372.0,0.0,187.0,675.0
ECU,Ecuador,COM,CR-,CR+PC/LFM/CDH+ERL/H:2/COM:3,TOTAL,1.0,61050.0,10774.0,0.0,90.0,71824.0,44.0,0.0,90.0,678.0
ECU,Ecuador,IND,CR-,CR+PC/LFM/CDH+ERL/H:2/IND:2,TOTAL,9.0,1000923.0,333641.0,0.0,1756.0,1334565.0,831.0,0.0,195.0,570.0
ECU,Ecuador,IND,CR-,CR+PC/LFM/CDH+ERL/H:2/IND:4,TOTAL,1.0,147610.0,49203.0,0.0,259.0,196813.0,123.0,0.0,259.0,570.0
ECU,Ecuador,IND,CR-,CR+PC/LFM/CDH+ERL/H:2/IND:6,TOTAL,6.0,527260.0,175753.0,0.0,925.0,703013.0,438.0,0.0,154.0,570.0
ECU,Ecuador,COM,CR-,CR+PC/LFM/CDH+ERL/H:3/COM:2,TOTAL,7.0,1310060.0,231186.0,0.0,1941.0,1541247.0,953.0,0.0,277.0,675.0
ECU,Ecuador,COM,CR-,CR+PC/LFM/CDH+ERL/H:3/COM:3,TOTAL,1.0,92188.0,16269.0,0.0,137.0,108457.0,67.0,0.0,137.0,673.0
ECU,Ecuador,COM,CR-,CR+PC/LFM/CDH+ERL/H:4/COM:2,TOTAL,8.0,1993370.0,351772.0,0.0,2953.0,2345142.0,1451.0,0.0,369.0,675.0
ECU,Ecuador,COM,CR-,CR+PC/LFM/CDH+ERL/H:5-7/COM:2,TOTAL,3.0,1129702.0,199359.0,0.0,1674.0,1329061.0,824.0,0.0,558.0,675.0
ECU,Ecuador,COM,CR-,CR+PC/LFM/CDH+ERL/H:5-7/COM:3,TOTAL,1.0,184377.0,32537.0,0.0,273.0,216914.0,134.0,0.0,273.0,675.0
ECU,Ecuador,IND,CR-,CR+PC/LFM/CDH+ERL/H:>2/IND:1,TOTAL,1.0,147610.0,49203.0,0.0,259.0,196813.0,123.0,0.0,259.0,570.0
ECU,Ecuador,IND,CR-,CR+PC/LFM/CDH+ERL/H:>2/IND:2,TOTAL,30.0,2601688.0,867229.0,0.0,4564.0,3468918.0,2163.0,0.0,152.0,570.0
ECU,Ecuador,IND,CR-,CR+PC/LFM/CDH+ERL/H:>2/IND:3,TOTAL,1.0,87860.0,29287.0,0.0,154.0,117146.0,73.0,0.0,154.0,571.0
ECU,Ecuador,IND,CR-,CR+PC/LFM/CDH+ERL/H:>2/IND:6,TOTAL,10.0,1370754.0,456918.0,0.0,2405.0,1827674.0,1140.0,0.0,240.0,570.0
ECU,Ecuador,COM,CR+,CR+PC/LFM/CDH+ERM/H:1/COM:2,TOTAL,83.0,5389402.0,951070.0,0.0,7984.0,6340473.0,3913.0,0.0,96.0,675.0
ECU,Ecuador,COM,CR+,CR+PC/LFM/CDH+ERM/H:1/COM:3,TOTAL,23.0,781047.0,137832.0,0.0,1157.0,918879.0,567.0,0.0,50.0,675.0
ECU,Ecuador,IND,CR+,CR+PC/LFM/CDH+ERM/H:1/IND:1,TOTAL,9.0,1297680.0,432561.0,0.0,2277.0,1730240.0,1077.0,0.0,253.0,570.0
ECU,Ecuador,IND,CR+,CR+PC/LFM/CDH+ERM/H:1/IND:2,TOTAL,116.0,9946430.0,3315478.0,0.0,17450.0,13261907.0,8255.0,0.0,150.0,570.0
ECU,Ecuador,IND,CR+,CR+PC/LFM/CDH+ERM/H:1/IND:3,TOTAL,3.0,459481.0,153161.0,0.0,806.0,612642.0,381.0,0.0,269.0,570.0
ECU,Ecuador,IND,CR+,CR+PC/LFM/CDH+ERM/H:1/IND:4,TOTAL,8.0,2251046.0,750349.0,0.0,3949.0,3001394.0,1868.0,0.0,494.0,570.0
ECU,Ecuador,IND,CR+,CR+PC/LFM/CDH+ERM/H:1/IND:6,TOTAL,36.0,3117484.0,1039160.0,0.0,5469.0,4156645.0,2587.0,0.0,152.0,570.0
ECU,Ecuador,COM,CR+,CR+PC/LFM/CDH+ERM/H:2/COM:2,TOTAL,55.0,7044959.0,1243229.0,0.0,10437.0,8288188.0,5120.0,0.0,190.0,675.0
ECU,Ecuador,COM,CR+,CR+PC/LFM/CDH+ERM/H:2/COM:3,TOTAL,5.0,311633.0,54994.0,0.0,462.0,366627.0,226.0,0.0,92.0,675.0
ECU,Ecuador,IND,CR+,CR+PC/LFM/CDH+ERM/H:2/IND:1,TOTAL,3.0,438732.0,146245.0,0.0,770.0,584976.0,364.0,0.0,257.0,570.0
ECU,Ecuador,IND,CR+,CR+PC/LFM/CDH+ERM/H:2/IND:2,TOTAL,76.0,7136069.0,2378689.0,0.0,12519.0,9514756.0,5928.0,0.0,165.0,570.0
ECU,Ecuador,IND,CR+,CR+PC/LFM/CDH+ERM/H:2/IND:3,TOTAL,2.0,178937.0,59646.0,0.0,314.0,238583.0,149.0,0.0,157.0,570.0
ECU,Ecuador,IND,CR+,CR+PC/LFM/CDH+ERM/H:2/IND:4,TOTAL,2.0,830459.0,276820.0,0.0,1457.0,1107278.0,690.0,0.0,728.0,570.0
ECU,Ecuador,IND,CR+,CR+PC/LFM/CDH+ERM/H:2/IND:6,TOTAL,18.0,2060534.0,686844.0,0.0,3615.0,2747378.0,1712.0,0.0,201.0,570.0
ECU,Ecuador,COM,CR+,CR+PC/LFM/CDH+ERM/H:3/COM:2,TOTAL,58.0,14602273.0,2576873.0,0.0,21633.0,17179144.0,10620.0,0.0,373.0,675.0
ECU,Ecuador,COM,CR+,CR+PC/LFM/CDH+ERM/H:3/COM:3,TOTAL,4.0,374285.0,66050.0,0.0,554.0,440335.0,272.0,0.0,138.0,676.0
ECU,Ecuador,COM,CR+,CR+PC/LFM/CDH+ERM/H:4/COM:2,TOTAL,107.0,26340573.0,4648337.0,0.0,39023.0,30988902.0,19173.0,0.0,365.0,675.0
ECU,Ecuador,COM,CR+,CR+PC/LFM/CDH+ERM/H:4/COM:3,TOTAL,10.0,1225875.0,216330.0,0.0,1816.0,1442208.0,892.0,0.0,182.0,675.0
ECU,Ecuador,COM,CR+,CR+PC/LFM/CDH+ERM/H:5-7/COM:2,TOTAL,206.0,88222749.0,15568721.0,0.0,130700.0,103791473.0,64323.0,0.0,634.0,675.0
ECU,Ecuador,COM,CR+,CR+PC/LFM/CDH+ERM/H:5-7/COM:3,TOTAL,11.0,2073507.0,365914.0,0.0,3072.0,2439423.0,1512.0,0.0,279.0,675.0
ECU,Ecuador,IND,CR+,CR+PC/LFM/CDH+ERM/H:>2/IND:1,TOTAL,60.0,9047183.0,3015727.0,0.0,15872.0,12062912.0,7523.0,0.0,265.0,570.0
ECU,Ecuador,IND,CR+,CR+PC/LFM/CDH+ERM/H:>2/IND:2,TOTAL,773.0,68553632.0,22851210.0,0.0,120270.0,91404837.0,57002.0,0.0,156.0,570.0
ECU,Ecuador,IND,CR+,CR+PC/LFM/CDH+ERM/H:>2/IND:3,TOTAL,27.0,3309288.0,1103097.0,0.0,5806.0,4412384.0,2752.0,0.0,215.0,570.0
ECU,Ecuador,IND,CR+,CR+PC/LFM/CDH+ERM/H:>2/IND:4,TOTAL,6.0,1426903.0,475636.0,0.0,2503.0,1902538.0,1186.0,0.0,417.0,570.0
ECU,Ecuador,IND,CR+,CR+PC/LFM/CDH+ERM/H:>2/IND:6,TOTAL,244.0,22966293.0,7655428.0,0.0,40292.0,30621723.0,19096.0,0.0,165.0,570.0
ECU,Ecuador,COM,CR+,CR+PC/LFM/CDH+ERM/H:>7/COM:2,TOTAL,11.0,16079795.0,2837611.0,0.0,23822.0,18917405.0,11743.0,0.0,2166.0,675.0
ECU,Ecuador,COM,CR-,CR+PC/LFM/CDL+ERL/H:1/COM:2,TOTAL,32.0,2266807.0,400023.0,0.0,3358.0,2666830.0,1646.0,0.0,105.0,675.0
ECU,Ecuador,COM,CR-,CR+PC/LFM/CDL+ERL/H:1/COM:3,TOTAL,7.0,320257.0,56517.0,0.0,474.0,376773.0,233.0,0.0,68.0,676.0
ECU,Ecuador,IND,CR-,CR+PC/LFM/CDL+ERL/H:1/IND:1,TOTAL,3.0,431389.0,143797.0,0.0,757.0,575184.0,358.0,0.0,252.0,570.0
ECU,Ecuador,IND,CR-,CR+PC/LFM/CDL+ERL/H:1/IND:2,TOTAL,47.0,4051215.0,1350404.0,0.0,7107.0,5401614.0,3362.0,0.0,151.0,570.0
ECU,Ecuador,IND,CR-,CR+PC/LFM/CDL+ERL/H:1/IND:4,TOTAL,6.0,1409426.0,469809.0,0.0,2473.0,1879235.0,1170.0,0.0,412.0,570.0
ECU,Ecuador,IND,CR-,CR+PC/LFM/CDL+ERL/H:1/IND:6,TOTAL,17.0,1464926.0,488309.0,0.0,2570.0,1953234.0,1216.0,0.0,151.0,570.0
ECU,Ecuador,COM,CR-,CR+PC/LFM/CDL+ERL/H:2/COM:2,TOTAL,20.0,3038711.0,536243.0,0.0,4502.0,3574955.0,2208.0,0.0,225.0,675.0
ECU,Ecuador,COM,CR-,CR+PC/LFM/CDL+ERL/H:2/COM:3,TOTAL,2.0,121937.0,21518.0,0.0,181.0,143455.0,89.0,0.0,90.0,674.0
ECU,Ecuador,IND,CR-,CR+PC/LFM/CDL+ERL/H:2/IND:2,TOTAL,19.0,1647727.0,549241.0,0.0,2891.0,2196970.0,1369.0,0.0,152.0,570.0
ECU,Ecuador,IND,CR-,CR+PC/LFM/CDL+ERL/H:2/IND:3,TOTAL,2.0,178901.0,59633.0,0.0,314.0,238534.0,149.0,0.0,157.0,570.0
ECU,Ecuador,IND,CR-,CR+PC/LFM/CDL+ERL/H:2/IND:4,TOTAL,3.0,991655.0,330552.0,0.0,1740.0,1322206.0,824.0,0.0,580.0,570.0
ECU,Ecuador,IND,CR-,CR+PC/LFM/CDL+ERL/H:2/IND:6,TOTAL,8.0,688737.0,229579.0,0.0,1208.0,918317.0,572.0,0.0,151.0,570.0
ECU,Ecuador,COM,CR-,CR+PC/LFM/CDL+ERL/H:3/COM:2,TOTAL,34.0,6570323.0,1159467.0,0.0,9734.0,7729792.0,4779.0,0.0,286.0,675.0
ECU,Ecuador,COM,CR-,CR+PC/LFM/CDL+ERL/H:3/COM:3,TOTAL,4.0,367871.0,64919.0,0.0,545.0,432789.0,268.0,0.0,136.0,675.0
ECU,Ecuador,COM,CR-,CR+PC/LFM/CDL+ERL/H:4/COM:2,TOTAL,69.0,21986295.0,3879935.0,0.0,32572.0,25866230.0,16004.0,0.0,472.0,675.0
ECU,Ecuador,COM,CR-,CR+PC/LFM/CDL+ERL/H:4/COM:3,TOTAL,10.0,3321804.0,586201.0,0.0,4921.0,3908006.0,2418.0,0.0,492.0,675.0
ECU,Ecuador,COM,CR-,CR+PC/LFM/CDL+ERL/H:5-7/COM:2,TOTAL,159.0,59918460.0,10573850.0,0.0,88768.0,70492307.0,43686.0,0.0,558.0,675.0
ECU,Ecuador,COM,CR-,CR+PC/LFM/CDL+ERL/H:5-7/COM:3,TOTAL,13.0,2403282.0,424108.0,0.0,3560.0,2827390.0,1752.0,0.0,274.0,675.0
ECU,Ecuador,IND,CR-,CR+PC/LFM/CDL+ERL/H:>2/IND:1,TOTAL,51.0,8313448.0,2771150.0,0.0,14585.0,11084600.0,6913.0,0.0,286.0,570.0
ECU,Ecuador,IND,CR-,CR+PC/LFM/CDL+ERL/H:>2/IND:2,TOTAL,622.0,57817788.0,19272596.0,0.0,101435.0,77090384.0,48075.0,0.0,163.0,570.0
ECU,Ecuador,IND,CR-,CR+PC/LFM/CDL+ERL/H:>2/IND:3,TOTAL,17.0,1475413.0,491805.0,0.0,2588.0,1967217.0,1227.0,0.0,152.0,570.0
ECU,Ecuador,IND,CR-,CR+PC/LFM/CDL+ERL/H:>2/IND:4,TOTAL,11.0,2881188.0,960396.0,0.0,5055.0,3841585.0,2396.0,0.0,460.0,570.0
ECU,Ecuador,IND,CR-,CR+PC/LFM/CDL+ERL/H:>2/IND:6,TOTAL,178.0,15896185.0,5298727.0,0.0,27888.0,21194910.0,13218.0,0.0,157.0,570.0
ECU,Ecuador,COM,CR-,CR+PC/LFM/CDL+ERL/H:>7/COM:2,TOTAL,41.0,20195661.0,3563940.0,0.0,29919.0,23759599.0,14749.0,0.0,730.0,675.0
ECU,Ecuador,COM,CR-,CR+PC/LFM/CDL+ERL/H:>7/COM:3,TOTAL,1.0,245479.0,43320.0,0.0,364.0,288798.0,179.0,0.0,364.0,674.0
ECU,Ecuador,COM,CR-,CR+PC/LFM/CDM+ERL/H:1/COM:2,TOTAL,99.0,6487476.0,1144849.0,0.0,9611.0,7632330.0,4711.0,0.0,97.0,675.0
ECU,Ecuador,COM,CR-,CR+PC/LFM/CDM+ERL/H:1/COM:3,TOTAL,18.0,1064192.0,187799.0,0.0,1577.0,1251990.0,773.0,0.0,88.0,675.0
ECU,Ecuador,IND,CR-,CR+PC/LFM/CDM+ERL/H:1/IND:1,TOTAL,15.0,2167423.0,722474.0,0.0,3802.0,2889897.0,1799.0,0.0,253.0,570.0
ECU,Ecuador,IND,CR-,CR+PC/LFM/CDM+ERL/H:1/IND:2,TOTAL,131.0,11967853.0,3989287.0,0.0,20996.0,15957134.0,9932.0,0.0,160.0,570.0
ECU,Ecuador,IND,CR-,CR+PC/LFM/CDM+ERL/H:1/IND:3,TOTAL,7.0,604753.0,201586.0,0.0,1061.0,806336.0,502.0,0.0,152.0,570.0
ECU,Ecuador,IND,CR-,CR+PC/LFM/CDM+ERL/H:1/IND:4,TOTAL,10.0,3304631.0,1101543.0,0.0,5798.0,4406176.0,2742.0,0.0,580.0,570.0
ECU,Ecuador,IND,CR-,CR+PC/LFM/CDM+ERL/H:1/IND:6,TOTAL,62.0,5763235.0,1921076.0,0.0,10111.0,7684308.0,4783.0,0.0,163.0,570.0
ECU,Ecuador,COM,CR-,CR+PC/LFM/CDM+ERL/H:2/COM:2,TOTAL,73.0,9226171.0,1628149.0,0.0,13668.0,10854319.0,6705.0,0.0,187.0,675.0
ECU,Ecuador,COM,CR-,CR+PC/LFM/CDM+ERL/H:2/COM:3,TOTAL,3.0,403486.0,71203.0,0.0,598.0,474690.0,293.0,0.0,199.0,675.0
ECU,Ecuador,IND,CR-,CR+PC/LFM/CDM+ERL/H:2/IND:1,TOTAL,5.0,724796.0,241600.0,0.0,1272.0,966393.0,602.0,0.0,254.0,570.0
ECU,Ecuador,IND,CR-,CR+PC/LFM/CDM+ERL/H:2/IND:2,TOTAL,75.0,6423502.0,2141167.0,0.0,11269.0,8564661.0,5336.0,0.0,150.0,570.0
ECU,Ecuador,IND,CR-,CR+PC/LFM/CDM+ERL/H:2/IND:3,TOTAL,1.0,85724.0,28575.0,0.0,150.0,114299.0,71.0,0.0,150.0,571.0
ECU,Ecuador,IND,CR-,CR+PC/LFM/CDM+ERL/H:2/IND:4,TOTAL,4.0,580637.0,193546.0,0.0,1019.0,774183.0,482.0,0.0,255.0,570.0
ECU,Ecuador,IND,CR-,CR+PC/LFM/CDM+ERL/H:2/IND:6,TOTAL,26.0,2246920.0,748970.0,0.0,3942.0,2995891.0,1867.0,0.0,152.0,570.0
ECU,Ecuador,COM,CR-,CR+PC/LFM/CDM+ERL/H:3/COM:2,TOTAL,70.0,13296055.0,2346365.0,0.0,19698.0,15642419.0,9670.0,0.0,281.0,675.0
ECU,Ecuador,COM,CR-,CR+PC/LFM/CDM+ERL/H:3/COM:3,TOTAL,12.0,1110518.0,195974.0,0.0,1645.0,1306489.0,808.0,0.0,137.0,675.0
ECU,Ecuador,COM,CR-,CR+PC/LFM/CDM+ERL/H:4/COM:2,TOTAL,190.0,47498085.0,8382017.0,0.0,70368.0,55880099.0,34574.0,0.0,370.0,675.0
ECU,Ecuador,COM,CR-,CR+PC/LFM/CDM+ERL/H:4/COM:3,TOTAL,17.0,2111828.0,372675.0,0.0,3129.0,2484505.0,1537.0,0.0,184.0,675.0
ECU,Ecuador,COM,CR-,CR+PC/LFM/CDM+ERL/H:5-7/COM:2,TOTAL,346.0,152949404.0,26991075.0,0.0,226592.0,179940481.0,111515.0,0.0,655.0,675.0
ECU,Ecuador,COM,CR-,CR+PC/LFM/CDM+ERL/H:5-7/COM:3,TOTAL,33.0,15349529.0,2708741.0,0.0,22740.0,18058273.0,11191.0,0.0,689.0,675.0
ECU,Ecuador,IND,CR-,CR+PC/LFM/CDM+ERL/H:>2/IND:1,TOTAL,132.0,21221081.0,7073697.0,0.0,37230.0,28294772.0,17645.0,0.0,282.0,570.0
ECU,Ecuador,IND,CR-,CR+PC/LFM/CDM+ERL/H:>2/IND:2,TOTAL,1417.0,127407111.0,42469034.0,0.0,223521.0,169876146.0,105938.0,0.0,158.0,570.0
ECU,Ecuador,IND,CR-,CR+PC/LFM/CDM+ERL/H:>2/IND:3,TOTAL,46.0,5328535.0,1776180.0,0.0,9348.0,7104708.0,4431.0,0.0,203.0,570.0
ECU,Ecuador,IND,CR-,CR+PC/LFM/CDM+ERL/H:>2/IND:4,TOTAL,27.0,6895894.0,2298634.0,0.0,12098.0,9194524.0,5734.0,0.0,448.0,570.0
ECU,Ecuador,IND,CR-,CR+PC/LFM/CDM+ERL/H:>2/IND:6,TOTAL,398.0,36296086.0,12098699.0,0.0,63677.0,48394781.0,30180.0,0.0,160.0,570.0
ECU,Ecuador,COM,CR-,CR+PC/LFM/CDM+ERL/H:>7/COM:2,TOTAL,65.0,32707425.0,5771899.0,0.0,48455.0,38479323.0,23886.0,0.0,745.0,675.0
ECU,Ecuador,COM,CR-,CR+PC/LFM/CDM+ERL/H:>7/COM:3,TOTAL,4.0,5102932.0,900518.0,0.0,7560.0,6003449.0,3727.0,0.0,1890.0,675.0
ECU,Ecuador,COM,CR-,CR+PC/LFM/CDN+ERL/H:1/COM:2,TOTAL,542.0,41722707.0,7362830.0,0.0,61811.0,49085533.0,30295.0,0.0,114.0,675.0
ECU,Ecuador,COM,CR-,CR+PC/LFM/CDN+ERL/H:1/COM:3,TOTAL,126.0,7342357.0,1295710.0,0.0,10878.0,8638065.0,5331.0,0.0,86.0,675.0
ECU,Ecuador,IND,CR-,CR+PC/LFM/CDN+ERL/H:1/IND:1,TOTAL,59.0,8402095.0,2800699.0,0.0,14741.0,11202793.0,6973.0,0.0,250.0,570.0
ECU,Ecuador,IND,CR-,CR+PC/LFM/CDN+ERL/H:1/IND:2,TOTAL,695.0,63822743.0,21274244.0,0.0,111970.0,85096989.0,52966.0,0.0,161.0,570.0
ECU,Ecuador,IND,CR-,CR+PC/LFM/CDN+ERL/H:1/IND:3,TOTAL,20.0,1736196.0,578732.0,0.0,3046.0,2314923.0,1441.0,0.0,152.0,570.0
ECU,Ecuador,IND,CR-,CR+PC/LFM/CDN+ERL/H:1/IND:4,TOTAL,75.0,19319996.0,6440000.0,0.0,33895.0,25759989.0,16034.0,0.0,452.0,570.0
ECU,Ecuador,IND,CR-,CR+PC/LFM/CDN+ERL/H:1/IND:6,TOTAL,239.0,21846013.0,7282010.0,0.0,38326.0,29128011.0,18130.0,0.0,160.0,570.0
ECU,Ecuador,COM,CR-,CR+PC/LFM/CDN+ERL/H:2/COM:2,TOTAL,352.0,52317238.0,9232456.0,0.0,77507.0,61549686.0,38019.0,0.0,220.0,675.0
ECU,Ecuador,COM,CR-,CR+PC/LFM/CDN+ERL/H:2/COM:3,TOTAL,30.0,2814498.0,496677.0,0.0,4170.0,3311177.0,2045.0,0.0,139.0,675.0
ECU,Ecuador,IND,CR-,CR+PC/LFM/CDN+ERL/H:2/IND:1,TOTAL,18.0,3898123.0,1299377.0,0.0,6839.0,5197498.0,3238.0,0.0,380.0,570.0
ECU,Ecuador,IND,CR-,CR+PC/LFM/CDN+ERL/H:2/IND:2,TOTAL,381.0,33345749.0,11115247.0,0.0,58501.0,44460997.0,27700.0,0.0,154.0,570.0
ECU,Ecuador,IND,CR-,CR+PC/LFM/CDN+ERL/H:2/IND:3,TOTAL,5.0,1039427.0,346476.0,0.0,1824.0,1385903.0,863.0,0.0,365.0,570.0
ECU,Ecuador,IND,CR-,CR+PC/LFM/CDN+ERL/H:2/IND:4,TOTAL,14.0,2561903.0,853968.0,0.0,4495.0,3415872.0,2128.0,0.0,321.0,570.0
ECU,Ecuador,IND,CR-,CR+PC/LFM/CDN+ERL/H:2/IND:6,TOTAL,97.0,9786851.0,3262284.0,0.0,17170.0,13049132.0,8130.0,0.0,177.0,570.0
ECU,Ecuador,COM,CR-,CR+PC/LFM/CDN+ERL/H:3/COM:2,TOTAL,394.0,72076505.0,12719385.0,0.0,106780.0,84795885.0,52421.0,0.0,271.0,675.0
ECU,Ecuador,COM,CR-,CR+PC/LFM/CDN+ERL/H:3/COM:3,TOTAL,39.0,3526940.0,622402.0,0.0,5225.0,4149339.0,2565.0,0.0,134.0,675.0
ECU,Ecuador,COM,CR-,CR+PC/LFM/CDN+ERL/H:4/COM:2,TOTAL,1019.0,285570774.0,50394835.0,0.0,423068.0,335965611.0,207865.0,0.0,415.0,675.0
ECU,Ecuador,COM,CR-,CR+PC/LFM/CDN+ERL/H:4/COM:3,TOTAL,97.0,18476045.0,3260478.0,0.0,27372.0,21736528.0,13449.0,0.0,282.0,675.0
ECU,Ecuador,COM,CR-,CR+PC/LFM/CDN+ERL/H:5-7/COM:2,TOTAL,1649.0,716448262.0,126432055.0,0.0,1061405.0,842880311.0,522359.0,0.0,644.0,675.0
ECU,Ecuador,COM,CR-,CR+PC/LFM/CDN+ERL/H:5-7/COM:3,TOTAL,110.0,42923726.0,7574777.0,0.0,63591.0,50498500.0,31296.0,0.0,578.0,675.0
ECU,Ecuador,IND,CR-,CR+PC/LFM/CDN+ERL/H:>2/IND:1,TOTAL,629.0,107154582.0,35718195.0,0.0,187990.0,142872772.0,89099.0,0.0,299.0,570.0
ECU,Ecuador,IND,CR-,CR+PC/LFM/CDN+ERL/H:>2/IND:2,TOTAL,6971.0,630403012.0,210134340.0,0.0,1105970.0,840537343.0,524176.0,0.0,159.0,570.0
ECU,Ecuador,IND,CR-,CR+PC/LFM/CDN+ERL/H:>2/IND:3,TOTAL,185.0,24516022.0,8172004.0,0.0,43011.0,32688028.0,20385.0,0.0,232.0,570.0
ECU,Ecuador,IND,CR-,CR+PC/LFM/CDN+ERL/H:>2/IND:4,TOTAL,149.0,38943348.0,12981118.0,0.0,68322.0,51924465.0,32381.0,0.0,459.0,570.0
ECU,Ecuador,IND,CR-,CR+PC/LFM/CDN+ERL/H:>2/IND:6,TOTAL,1958.0,179985567.0,59995192.0,0.0,315764.0,239980759.0,149657.0,0.0,161.0,570.0
ECU,Ecuador,COM,CR-,CR+PC/LFM/CDN+ERL/H:>7/COM:2,TOTAL,312.0,183733095.0,32423485.0,0.0,272197.0,216156582.0,134180.0,0.0,872.0,675.0
ECU,Ecuador,COM,CR-,CR+PC/LFM/CDN+ERL/H:>7/COM:3,TOTAL,11.0,3170446.0,559492.0,0.0,4697.0,3729936.0,2315.0,0.0,427.0,675.0
ECU,Ecuador,RES,CR-,CR/LDUAL/CDL+ERH/H:>9/RES,URBAN,6.0,16038000.0,2830235.0,601.0,21384.0,18868235.0,8483.0,297.0,3564.0,750.0
ECU,Ecuador,RES,CR-,CR/LDUAL/CDL+ERL/H:5/RES,URBAN,9.0,13581750.0,2396780.0,593.0,18109.0,15978530.0,7157.0,199.0,2012.0,750.0
ECU,Ecuador,RES,CR-,CR/LDUAL/CDL+ERL/H:7/RES,URBAN,3.0,7439250.0,1312810.0,277.0,9919.0,8752060.0,3926.0,109.0,3306.0,750.0
ECU,Ecuador,RES,CR-,CR/LDUAL/CDL+ERL/H:8/RES,URBAN,2.0,8053500.0,1421206.0,260.0,10738.0,9474706.0,4253.0,118.0,5369.0,750.0
ECU,Ecuador,RES,CR-,CR/LDUAL/CDL+ERL/H:9/RES,URBAN,6.0,22249500.0,3926383.0,897.0,29666.0,26175883.0,11759.0,326.0,4944.0,750.0
ECU,Ecuador,RES,CR-,CR/LDUAL/CDL+ERL/H:>9/RES,URBAN,117.0,367470000.0,64847644.0,15133.0,489960.0,432317644.0,194363.0,6805.0,4188.0,750.0
ECU,Ecuador,COM,CR+,CR/LFINF/CDH+ERH/H:1/COM,TOTAL,1.0,31977.0,5643.0,0.0,47.0,37620.0,23.0,0.0,47.0,680.0
ECU,Ecuador,COM,CR+,CR/LFINF/CDH+ERH/H:1/COM:1,TOTAL,446.0,22448815.0,3961555.0,0.0,33258.0,26410369.0,16300.0,0.0,75.0,675.0
ECU,Ecuador,COM,CR+,CR/LFINF/CDH+ERH/H:1/COM:2,TOTAL,358.0,36320411.0,6409486.0,0.0,53808.0,42729901.0,26372.0,0.0,150.0,675.0
ECU,Ecuador,COM,CR+,CR/LFINF/CDH+ERH/H:1/COM:3,TOTAL,426.0,19645075.0,3466778.0,0.0,29104.0,23111853.0,14264.0,0.0,68.0,675.0
ECU,Ecuador,COM,CR+,CR/LFINF/CDH+ERH/H:1/COM:3A,TOTAL,25.0,5175718.0,913361.0,0.0,7668.0,6089083.0,3758.0,0.0,307.0,675.0
ECU,Ecuador,COM,CR+,CR/LFINF/CDH+ERH/H:1/COM:3B,TOTAL,33.0,2097756.0,370193.0,0.0,3108.0,2467948.0,1523.0,0.0,94.0,675.0
ECU,Ecuador,COM,CR+,CR/LFINF/CDH+ERH/H:1/COM:3C,TOTAL,27.0,1143678.0,201826.0,0.0,1694.0,1345505.0,830.0,0.0,63.0,675.0
ECU,Ecuador,COM,CR+,CR/LFINF/CDH+ERH/H:1/COM:5,TOTAL,47.0,1434630.0,253170.0,0.0,2125.0,1687796.0,1042.0,0.0,45.0,675.0
ECU,Ecuador,COM,CR+,CR/LFINF/CDH+ERH/H:1/COM:5A,TOTAL,115.0,4224729.0,745540.0,0.0,6259.0,4970265.0,3068.0,0.0,54.0,675.0
ECU,Ecuador,COM,CR+,CR/LFINF/CDH+ERH/H:1/COM:5B,TOTAL,4.0,123929.0,21870.0,0.0,184.0,145800.0,90.0,0.0,46.0,674.0
ECU,Ecuador,IND,CR+,CR/LFINF/CDH+ERH/H:1/IND:1,TOTAL,27.0,5154439.0,1718147.0,0.0,9043.0,6872582.0,4278.0,0.0,335.0,570.0
ECU,Ecuador,IND,CR+,CR/LFINF/CDH+ERH/H:1/IND:2,TOTAL,323.0,29624984.0,9874995.0,0.0,51974.0,39499976.0,24586.0,0.0,161.0,570.0
ECU,Ecuador,IND,CR+,CR/LFINF/CDH+ERH/H:1/IND:3,TOTAL,5.0,443608.0,147870.0,0.0,778.0,591478.0,368.0,0.0,156.0,570.0
ECU,Ecuador,IND,CR+,CR/LFINF/CDH+ERH/H:1/IND:4,TOTAL,7.0,1011548.0,337183.0,0.0,1775.0,1348730.0,839.0,0.0,254.0,570.0
ECU,Ecuador,IND,CR+,CR/LFINF/CDH+ERH/H:1/IND:6,TOTAL,98.0,9653094.0,3217700.0,0.0,16935.0,12870788.0,8011.0,0.0,173.0,570.0
ECU,Ecuador,RES,CR+,CR/LFINF/CDH+ERH/H:1/RES,URBAN,675.0,65812500.0,11614041.0,2333.0,87750.0,77426541.0,31981.0,675.0,130.0,750.0
ECU,Ecuador,RES,CR+,CR/LFINF/CDH+ERH/H:1/RES,RURAL,4.0,322400.0,56895.0,2.0,520.0,379295.0,190.0,4.0,130.0,620.0
ECU,Ecuador,COM,CR+,CR/LFINF/CDH+ERH/H:2/COM:1,TOTAL,233.0,21726708.0,3834126.0,0.0,32188.0,25560837.0,15789.0,0.0,138.0,675.0
ECU,Ecuador,COM,CR+,CR/LFINF/CDH+ERH/H:2/COM:2,TOTAL,365.0,61429602.0,10840522.0,0.0,91007.0,72270119.0,44640.0,0.0,249.0,675.0
ECU,Ecuador,COM,CR+,CR/LFINF/CDH+ERH/H:2/COM:3,TOTAL,223.0,16705959.0,2948109.0,0.0,24750.0,19654065.0,12140.0,0.0,111.0,675.0
ECU,Ecuador,COM,CR+,CR/LFINF/CDH+ERH/H:2/COM:3A,TOTAL,9.0,890522.0,157151.0,0.0,1319.0,1047674.0,647.0,0.0,147.0,675.0
ECU,Ecuador,COM,CR+,CR/LFINF/CDH+ERH/H:2/COM:3B,TOTAL,12.0,755886.0,133393.0,0.0,1120.0,889277.0,549.0,0.0,93.0,675.0
ECU,Ecuador,COM,CR+,CR/LFINF/CDH+ERH/H:2/COM:3C,TOTAL,37.0,3160890.0,557805.0,0.0,4683.0,3718694.0,2297.0,0.0,127.0,675.0
ECU,Ecuador,COM,CR+,CR/LFINF/CDH+ERH/H:2/COM:5,TOTAL,28.0,1686999.0,297706.0,0.0,2499.0,1984706.0,1226.0,0.0,89.0,675.0
ECU,Ecuador,COM,CR+,CR/LFINF/CDH+ERH/H:2/COM:5A,TOTAL,57.0,4000132.0,705908.0,0.0,5926.0,4706042.0,2907.0,0.0,104.0,675.0
ECU,Ecuador,COM,CR+,CR/LFINF/CDH+ERH/H:2/COM:5B,TOTAL,5.0,1128415.0,199133.0,0.0,1672.0,1327547.0,820.0,0.0,334.0,675.0
ECU,Ecuador,IND,CR+,CR/LFINF/CDH+ERH/H:2/IND:1,TOTAL,29.0,4658597.0,1552864.0,0.0,8173.0,6211466.0,3870.0,0.0,282.0,570.0
ECU,Ecuador,IND,CR+,CR/LFINF/CDH+ERH/H:2/IND:2,TOTAL,278.0,23754464.0,7918153.0,0.0,41674.0,31672616.0,19733.0,0.0,150.0,570.0
ECU,Ecuador,IND,CR+,CR/LFINF/CDH+ERH/H:2/IND:3,TOTAL,7.0,816629.0,272210.0,0.0,1433.0,1088839.0,678.0,0.0,205.0,570.0
ECU,Ecuador,IND,CR+,CR/LFINF/CDH+ERH/H:2/IND:4,TOTAL,5.0,729291.0,243098.0,0.0,1279.0,972387.0,606.0,0.0,256.0,570.0
ECU,Ecuador,IND,CR+,CR/LFINF/CDH+ERH/H:2/IND:6,TOTAL,53.0,4564229.0,1521408.0,0.0,8007.0,6085636.0,3792.0,0.0,151.0,570.0
ECU,Ecuador,RES,CR+,CR/LFINF/CDH+ERH/H:2/RES,URBAN,274.0,61035000.0,10770917.0,2150.0,81380.0,71805917.0,29680.0,626.0,297.0,750.0
ECU,Ecuador,COM,CR+,CR/LFINF/CDH+ERH/H:3/COM:1,TOTAL,353.0,53369780.0,9418197.0,0.0,79066.0,62787975.0,38815.0,0.0,224.0,675.0
ECU,Ecuador,COM,CR+,CR/LFINF/CDH+ERH/H:3/COM:2,TOTAL,423.0,138915325.0,24514471.0,0.0,205800.0,163429801.0,101032.0,0.0,487.0,675.0
ECU,Ecuador,COM,CR+,CR/LFINF/CDH+ERH/H:3/COM:3,TOTAL,356.0,39778635.0,7019755.0,0.0,58931.0,46798394.0,28931.0,0.0,166.0,675.0
ECU,Ecuador,COM,CR+,CR/LFINF/CDH+ERH/H:3/COM:3A,TOTAL,27.0,13963403.0,2464130.0,0.0,20687.0,16427535.0,10155.0,0.0,766.0,675.0
ECU,Ecuador,COM,CR+,CR/LFINF/CDH+ERH/H:3/COM:3B,TOTAL,15.0,1400078.0,247073.0,0.0,2074.0,1647151.0,1018.0,0.0,138.0,675.0
ECU,Ecuador,COM,CR+,CR/LFINF/CDH+ERH/H:3/COM:3C,TOTAL,65.0,10510666.0,1854824.0,0.0,15571.0,12365487.0,7644.0,0.0,240.0,675.0
ECU,Ecuador,COM,CR+,CR/LFINF/CDH+ERH/H:3/COM:5,TOTAL,97.0,8891057.0,1569009.0,0.0,13172.0,10460071.0,6466.0,0.0,136.0,675.0
ECU,Ecuador,COM,CR+,CR/LFINF/CDH+ERH/H:3/COM:5A,TOTAL,95.0,8756703.0,1545300.0,0.0,12973.0,10302008.0,6369.0,0.0,137.0,675.0
ECU,Ecuador,COM,CR+,CR/LFINF/CDH+ERH/H:3/COM:5B,TOTAL,8.0,3060714.0,540127.0,0.0,4534.0,3600841.0,2226.0,0.0,567.0,675.0
ECU,Ecuador,RES,CR+,CR/LFINF/CDH+ERH/H:3/RES,URBAN,1089.0,347295000.0,61287429.0,11732.0,463060.0,408582429.0,169007.0,3562.0,425.0,750.0
ECU,Ecuador,COM,CR+,CR/LFINF/CDH+ERH/H:4/COM,TOTAL,5.0,620678.0,109532.0,0.0,920.0,730210.0,452.0,0.0,184.0,675.0
ECU,Ecuador,COM,CR+,CR/LFINF/CDH+ERH/H:4/COM:1,TOTAL,701.0,140561193.0,24804919.0,0.0,208239.0,165366105.0,102313.0,0.0,297.0,675.0
ECU,Ecuador,COM,CR+,CR/LFINF/CDH+ERH/H:4/COM:2,TOTAL,1267.0,429321597.0,75762629.0,0.0,636032.0,505084226.0,312500.0,0.0,502.0,675.0
ECU,Ecuador,COM,CR+,CR/LFINF/CDH+ERH/H:4/COM:3,TOTAL,813.0,120519576.0,21268161.0,0.0,178548.0,141787729.0,87725.0,0.0,220.0,675.0
ECU,Ecuador,COM,CR+,CR/LFINF/CDH+ERH/H:4/COM:3A,TOTAL,72.0,35041696.0,6183830.0,0.0,51914.0,41225527.0,25507.0,0.0,721.0,675.0
ECU,Ecuador,COM,CR+,CR/LFINF/CDH+ERH/H:4/COM:3B,TOTAL,34.0,6664424.0,1176075.0,0.0,9873.0,7840498.0,4851.0,0.0,290.0,675.0
ECU,Ecuador,COM,CR+,CR/LFINF/CDH+ERH/H:4/COM:3C,TOTAL,158.0,27074199.0,4777797.0,0.0,40110.0,31851998.0,19707.0,0.0,254.0,675.0
ECU,Ecuador,COM,CR+,CR/LFINF/CDH+ERH/H:4/COM:5,TOTAL,252.0,30741190.0,5424915.0,0.0,45542.0,36166105.0,22376.0,0.0,181.0,675.0
ECU,Ecuador,COM,CR+,CR/LFINF/CDH+ERH/H:4/COM:5A,TOTAL,164.0,22092840.0,3898742.0,0.0,32730.0,25991574.0,16081.0,0.0,200.0,675.0
ECU,Ecuador,COM,CR+,CR/LFINF/CDH+ERH/H:4/COM:5B,TOTAL,27.0,11254167.0,1986030.0,0.0,16673.0,13240198.0,8192.0,0.0,618.0,675.0
ECU,Ecuador,RES,CR+,CR/LFINF/CDH+ERH/H:4/RES,RURAL,2.0,789880.0,139391.0,42.0,1274.0,929271.0,465.0,14.0,637.0,620.0
ECU,Ecuador,RES,CR+,CR/LFINF/CDH+ERH/H:4/RES,URBAN,970.0,584970750.0,103230144.0,25528.0,779961.0,688200894.0,284877.0,8571.0,804.0,750.0
ECU,Ecuador,COM,CR+,CR/LFINF/CDH+ERH/H:5-7/COM,TOTAL,7.0,1313820.0,231850.0,0.0,1946.0,1545670.0,958.0,0.0,278.0,675.0
ECU,Ecuador,COM,CR+,CR/LFINF/CDH+ERH/H:5-7/COM:1,TOTAL,804.0,286411725.0,50543245.0,0.0,424314.0,336954971.0,208822.0,0.0,528.0,675.0
ECU,Ecuador,COM,CR+,CR/LFINF/CDH+ERH/H:5-7/COM:2,TOTAL,2053.0,1199644516.0,211701975.0,0.0,1777251.0,1411346484.0,874655.0,0.0,866.0,675.0
ECU,Ecuador,COM,CR+,CR/LFINF/CDH+ERH/H:5-7/COM:3,TOTAL,944.0,243420091.0,42956488.0,0.0,360622.0,286376585.0,177476.0,0.0,382.0,675.0
ECU,Ecuador,COM,CR+,CR/LFINF/CDH+ERH/H:5-7/COM:3A,TOTAL,85.0,79620161.0,14050617.0,0.0,117956.0,93670776.0,58051.0,0.0,1388.0,675.0
ECU,Ecuador,COM,CR+,CR/LFINF/CDH+ERH/H:5-7/COM:3B,TOTAL,34.0,15654453.0,2762550.0,0.0,23192.0,18417004.0,11414.0,0.0,682.0,675.0
ECU,Ecuador,COM,CR+,CR/LFINF/CDH+ERH/H:5-7/COM:3C,TOTAL,226.0,60091275.0,10604345.0,0.0,89024.0,70695619.0,43812.0,0.0,394.0,675.0
ECU,Ecuador,COM,CR+,CR/LFINF/CDH+ERH/H:5-7/COM:5,TOTAL,421.0,81324924.0,14351456.0,0.0,120481.0,95676387.0,59294.0,0.0,286.0,675.0
ECU,Ecuador,COM,CR+,CR/LFINF/CDH+ERH/H:5-7/COM:5A,TOTAL,237.0,52116078.0,9196956.0,0.0,77209.0,61313029.0,37998.0,0.0,326.0,675.0
ECU,Ecuador,COM,CR+,CR/LFINF/CDH+ERH/H:5-7/COM:5B,TOTAL,55.0,47768799.0,8429789.0,0.0,70769.0,56198588.0,34828.0,0.0,1287.0,675.0
ECU,Ecuador,RES,CR+,CR/LFINF/CDH+ERH/H:5/RES,URBAN,395.0,617321250.0,108939042.0,26554.0,823095.0,726260292.0,300851.0,9045.0,2084.0,750.0
ECU,Ecuador,RES,CR+,CR/LFINF/CDH+ERH/H:5/RES,RURAL,5.0,5247060.0,925951.0,263.0,8463.0,6173011.0,3093.0,93.0,1693.0,620.0
ECU,Ecuador,RES,CR+,CR/LFINF/CDH+ERH/H:6/RES,URBAN,197.0,384793500.0,67904731.0,16235.0,513058.0,452698231.0,187666.0,5638.0,2604.0,750.0
ECU,Ecuador,RES,CR+,CR/LFINF/CDH+ERH/H:6/RES,RURAL,12.0,19013540.0,3355331.0,939.0,30667.0,22368871.0,11217.0,337.0,2556.0,620.0
ECU,Ecuador,RES,CR+,CR/LFINF/CDH+ERH/H:7/RES,RURAL,2.0,2990260.0,527693.0,145.0,4823.0,3517953.0,1765.0,53.0,2412.0,620.0
ECU,Ecuador,RES,CR+,CR/LFINF/CDH+ERH/H:7/RES,URBAN,71.0,139912500.0,24690442.0,5788.0,186550.0,164602942.0,68286.0,2050.0,2627.0,750.0
ECU,Ecuador,RES,CR+,CR/LFINF/CDH+ERH/H:8/RES,URBAN,15.0,33374250.0,5889574.0,1268.0,44499.0,39263824.0,16301.0,489.0,2967.0,750.0
ECU,Ecuador,RES,CR+,CR/LFINF/CDH+ERH/H:9/RES,URBAN,2.0,6483750.0,1144191.0,258.0,8645.0,7627941.0,3169.0,95.0,4322.0,750.0
ECU,Ecuador,IND,CR+,CR/LFINF/CDH+ERH/H:>2/IND:1,TOTAL,387.0,67456348.0,22485450.0,0.0,118344.0,89941789.0,56090.0,0.0,306.0,570.0
ECU,Ecuador,IND,CR+,CR/LFINF/CDH+ERH/H:>2/IND:2,TOTAL,4649.0,426949184.0,142316402.0,0.0,749034.0,569265581.0,355005.0,0.0,161.0,570.0
ECU,Ecuador,IND,CR+,CR/LFINF/CDH+ERH/H:>2/IND:3,TOTAL,129.0,13497288.0,4499098.0,0.0,23679.0,17996381.0,11223.0,0.0,184.0,570.0
ECU,Ecuador,IND,CR+,CR/LFINF/CDH+ERH/H:>2/IND:4,TOTAL,66.0,18002823.0,6000943.0,0.0,31584.0,24003763.0,14969.0,0.0,479.0,570.0
ECU,Ecuador,IND,CR+,CR/LFINF/CDH+ERH/H:>2/IND:6,TOTAL,1263.0,116900347.0,38966780.0,0.0,205088.0,155867123.0,97202.0,0.0,162.0,570.0
ECU,Ecuador,COM,CR+,CR/LFINF/CDH+ERH/H:>7/COM,TOTAL,1.0,245479.0,43320.0,0.0,364.0,288798.0,179.0,0.0,364.0,674.0
ECU,Ecuador,COM,CR+,CR/LFINF/CDH+ERH/H:>7/COM:1,TOTAL,100.0,37715608.0,6655697.0,0.0,55875.0,44371302.0,27544.0,0.0,559.0,675.0
ECU,Ecuador,COM,CR+,CR/LFINF/CDH+ERH/H:>7/COM:2,TOTAL,312.0,212358352.0,37475006.0,0.0,314605.0,249833356.0,155085.0,0.0,1008.0,675.0
ECU,Ecuador,COM,CR+,CR/LFINF/CDH+ERH/H:>7/COM:3,TOTAL,118.0,46924528.0,8280801.0,0.0,69518.0,55205326.0,34269.0,0.0,589.0,675.0
ECU,Ecuador,COM,CR+,CR/LFINF/CDH+ERH/H:>7/COM:3A,TOTAL,10.0,19638262.0,3465575.0,0.0,29094.0,23103837.0,14342.0,0.0,2909.0,675.0
ECU,Ecuador,COM,CR+,CR/LFINF/CDH+ERH/H:>7/COM:3B,TOTAL,5.0,1242634.0,219289.0,0.0,1841.0,1461922.0,908.0,0.0,368.0,675.0
ECU,Ecuador,COM,CR+,CR/LFINF/CDH+ERH/H:>7/COM:3C,TOTAL,38.0,13227634.0,2334288.0,0.0,19596.0,15561922.0,9660.0,0.0,516.0,675.0
ECU,Ecuador,COM,CR+,CR/LFINF/CDH+ERH/H:>7/COM:5,TOTAL,70.0,23016395.0,4061717.0,0.0,34098.0,27078112.0,16809.0,0.0,487.0,675.0
ECU,Ecuador,COM,CR+,CR/LFINF/CDH+ERH/H:>7/COM:5A,TOTAL,38.0,11181987.0,1973291.0,0.0,16566.0,13155278.0,8166.0,0.0,436.0,675.0
ECU,Ecuador,COM,CR+,CR/LFINF/CDH+ERH/H:>7/COM:5B,TOTAL,3.0,6794627.0,1199051.0,0.0,10066.0,7993678.0,4962.0,0.0,3355.0,675.0
ECU,Ecuador,RES,CR+,CR/LFINF/CDH+ERH/H:>9/RES,URBAN,7.0,15660000.0,2763529.0,583.0,20880.0,18423529.0,7660.0,290.0,2983.0,750.0
ECU,Ecuador,COM,CR-,CR/LFINF/CDH+ERL/H:1/COM:1,TOTAL,107.0,4898615.0,864460.0,0.0,7257.0,5763075.0,3557.0,0.0,68.0,675.0
ECU,Ecuador,COM,CR-,CR/LFINF/CDH+ERL/H:1/COM:2,TOTAL,133.0,12703245.0,2241749.0,0.0,18820.0,14944991.0,9224.0,0.0,142.0,675.0
ECU,Ecuador,COM,CR-,CR/LFINF/CDH+ERL/H:1/COM:3,TOTAL,165.0,8741777.0,1542667.0,0.0,12951.0,10284442.0,6347.0,0.0,78.0,675.0
ECU,Ecuador,COM,CR-,CR/LFINF/CDH+ERL/H:1/COM:3A,TOTAL,11.0,1492718.0,263421.0,0.0,2211.0,1756140.0,1084.0,0.0,201.0,675.0
ECU,Ecuador,COM,CR-,CR/LFINF/CDH+ERL/H:1/COM:3B,TOTAL,4.0,639755.0,112898.0,0.0,948.0,752654.0,465.0,0.0,237.0,675.0
ECU,Ecuador,COM,CR-,CR/LFINF/CDH+ERL/H:1/COM:3C,TOTAL,17.0,746336.0,131705.0,0.0,1106.0,878042.0,542.0,0.0,65.0,675.0
ECU,Ecuador,COM,CR-,CR/LFINF/CDH+ERL/H:1/COM:5,TOTAL,8.0,247071.0,43600.0,0.0,366.0,290673.0,179.0,0.0,46.0,675.0
ECU,Ecuador,COM,CR-,CR/LFINF/CDH+ERL/H:1/COM:5A,TOTAL,39.0,1192890.0,210509.0,0.0,1767.0,1403401.0,866.0,0.0,45.0,675.0
ECU,Ecuador,COM,CR-,CR/LFINF/CDH+ERL/H:1/COM:5B,TOTAL,3.0,480941.0,84873.0,0.0,713.0,565814.0,349.0,0.0,238.0,675.0
ECU,Ecuador,IND,CR-,CR/LFINF/CDH+ERL/H:1/IND:1,TOTAL,8.0,1164712.0,388238.0,0.0,2043.0,1552950.0,967.0,0.0,255.0,570.0
ECU,Ecuador,IND,CR-,CR/LFINF/CDH+ERL/H:1/IND:2,TOTAL,61.0,6681919.0,2227307.0,0.0,11723.0,8909225.0,5545.0,0.0,192.0,570.0
ECU,Ecuador,IND,CR-,CR/LFINF/CDH+ERL/H:1/IND:3,TOTAL,1.0,88566.0,29522.0,0.0,155.0,118088.0,74.0,0.0,155.0,571.0
ECU,Ecuador,IND,CR-,CR/LFINF/CDH+ERL/H:1/IND:4,TOTAL,2.0,1583724.0,527908.0,0.0,2778.0,2111632.0,1314.0,0.0,1389.0,570.0
ECU,Ecuador,IND,CR-,CR/LFINF/CDH+ERL/H:1/IND:6,TOTAL,42.0,4080296.0,1360098.0,0.0,7158.0,5440394.0,3386.0,0.0,170.0,570.0
ECU,Ecuador,RES,CR-,CR/LFINF/CDH+ERL/H:1/RES,RURAL,1.0,80600.0,14224.0,0.0,130.0,94824.0,47.0,1.0,130.0,620.0
ECU,Ecuador,RES,CR-,CR/LFINF/CDH+ERL/H:1/RES,URBAN,10.0,975000.0,172060.0,29.0,1300.0,1147060.0,474.0,10.0,130.0,750.0
ECU,Ecuador,COM,CR-,CR/LFINF/CDH+ERL/H:2/COM:1,TOTAL,28.0,1744836.0,307911.0,0.0,2585.0,2052747.0,1268.0,0.0,92.0,675.0
ECU,Ecuador,COM,CR-,CR/LFINF/CDH+ERL/H:2/COM:2,TOTAL,49.0,8934105.0,1576608.0,0.0,13236.0,10510712.0,6492.0,0.0,270.0,675.0
ECU,Ecuador,COM,CR-,CR/LFINF/CDH+ERL/H:2/COM:3,TOTAL,38.0,3315334.0,585059.0,0.0,4912.0,3900393.0,2409.0,0.0,129.0,675.0
ECU,Ecuador,COM,CR-,CR/LFINF/CDH+ERL/H:2/COM:3A,TOTAL,1.0,1090757.0,192486.0,0.0,1616.0,1283243.0,793.0,0.0,1616.0,675.0
ECU,Ecuador,COM,CR-,CR/LFINF/CDH+ERL/H:2/COM:3C,TOTAL,11.0,975787.0,172197.0,0.0,1446.0,1147985.0,709.0,0.0,131.0,675.0
ECU,Ecuador,COM,CR-,CR/LFINF/CDH+ERL/H:2/COM:5,TOTAL,11.0,691331.0,121999.0,0.0,1024.0,813330.0,502.0,0.0,93.0,675.0
ECU,Ecuador,COM,CR-,CR/LFINF/CDH+ERL/H:2/COM:5A,TOTAL,6.0,370386.0,65363.0,0.0,549.0,435748.0,269.0,0.0,92.0,675.0
ECU,Ecuador,COM,CR-,CR/LFINF/CDH+ERL/H:2/COM:5B,TOTAL,1.0,61050.0,10774.0,0.0,90.0,71824.0,44.0,0.0,90.0,678.0
ECU,Ecuador,IND,CR-,CR/LFINF/CDH+ERL/H:2/IND:1,TOTAL,3.0,439139.0,146380.0,0.0,770.0,585519.0,365.0,0.0,257.0,570.0
ECU,Ecuador,IND,CR-,CR/LFINF/CDH+ERL/H:2/IND:2,TOTAL,19.0,1592776.0,530925.0,0.0,2794.0,2123702.0,1323.0,0.0,147.0,570.0
ECU,Ecuador,IND,CR-,CR/LFINF/CDH+ERL/H:2/IND:4,TOTAL,2.0,294043.0,98014.0,0.0,516.0,392057.0,244.0,0.0,258.0,570.0
ECU,Ecuador,IND,CR-,CR/LFINF/CDH+ERL/H:2/IND:6,TOTAL,9.0,791546.0,263848.0,0.0,1389.0,1055394.0,658.0,0.0,154.0,570.0
ECU,Ecuador,RES,CR-,CR/LFINF/CDH+ERL/H:2/RES,URBAN,1.0,195000.0,34412.0,7.0,260.0,229412.0,95.0,2.0,260.0,750.0
ECU,Ecuador,COM,CR-,CR/LFINF/CDH+ERL/H:3/COM:1,TOTAL,29.0,2614082.0,461309.0,0.0,3873.0,3075391.0,1901.0,0.0,134.0,675.0
ECU,Ecuador,COM,CR-,CR/LFINF/CDH+ERL/H:3/COM:2,TOTAL,46.0,8465502.0,1493912.0,0.0,12541.0,9959416.0,6157.0,0.0,273.0,675.0
ECU,Ecuador,COM,CR-,CR/LFINF/CDH+ERL/H:3/COM:3,TOTAL,31.0,2982738.0,526365.0,0.0,4419.0,3509103.0,2169.0,0.0,143.0,675.0
ECU,Ecuador,COM,CR-,CR/LFINF/CDH+ERL/H:3/COM:3A,TOTAL,4.0,2272268.0,400990.0,0.0,3366.0,2673257.0,1653.0,0.0,842.0,675.0
ECU,Ecuador,COM,CR-,CR/LFINF/CDH+ERL/H:3/COM:3C,TOTAL,10.0,1332390.0,235128.0,0.0,1974.0,1567518.0,969.0,0.0,197.0,675.0
ECU,Ecuador,COM,CR-,CR/LFINF/CDH+ERL/H:3/COM:5,TOTAL,4.0,373006.0,65825.0,0.0,553.0,438832.0,271.0,0.0,138.0,675.0
ECU,Ecuador,COM,CR-,CR/LFINF/CDH+ERL/H:3/COM:5A,TOTAL,13.0,1206599.0,212929.0,0.0,1788.0,1419527.0,878.0,0.0,138.0,675.0
ECU,Ecuador,COM,CR-,CR/LFINF/CDH+ERL/H:3/COM:5B,TOTAL,2.0,2507104.0,442431.0,0.0,3714.0,2949534.0,1823.0,0.0,1857.0,675.0
ECU,Ecuador,RES,CR-,CR/LFINF/CDH+ERL/H:3/RES,URBAN,14.0,4582500.0,808678.0,150.0,6110.0,5391178.0,2230.0,47.0,436.0,750.0
ECU,Ecuador,COM,CR-,CR/LFINF/CDH+ERL/H:4/COM:1,TOTAL,17.0,2106895.0,371804.0,0.0,3121.0,2478698.0,1534.0,0.0,184.0,675.0
ECU,Ecuador,COM,CR-,CR/LFINF/CDH+ERL/H:4/COM:2,TOTAL,24.0,6884692.0,1214945.0,0.0,10200.0,8099637.0,5011.0,0.0,425.0,675.0
ECU,Ecuador,COM,CR-,CR/LFINF/CDH+ERL/H:4/COM:3,TOTAL,17.0,2116055.0,373420.0,0.0,3135.0,2489476.0,1540.0,0.0,184.0,675.0
ECU,Ecuador,COM,CR-,CR/LFINF/CDH+ERL/H:4/COM:3A,TOTAL,2.0,2292770.0,404606.0,0.0,3397.0,2697377.0,1669.0,0.0,1698.0,675.0
ECU,Ecuador,COM,CR-,CR/LFINF/CDH+ERL/H:4/COM:3B,TOTAL,2.0,247957.0,43757.0,0.0,367.0,291714.0,180.0,0.0,184.0,676.0
ECU,Ecuador,COM,CR-,CR/LFINF/CDH+ERL/H:4/COM:3C,TOTAL,1.0,176200.0,31094.0,0.0,261.0,207294.0,128.0,0.0,261.0,675.0
ECU,Ecuador,COM,CR-,CR/LFINF/CDH+ERL/H:4/COM:5,TOTAL,9.0,1110388.0,195950.0,0.0,1645.0,1306339.0,808.0,0.0,183.0,675.0
ECU,Ecuador,COM,CR-,CR/LFINF/CDH+ERL/H:4/COM:5A,TOTAL,3.0,371325.0,65528.0,0.0,550.0,436853.0,270.0,0.0,183.0,675.0
ECU,Ecuador,RES,CR-,CR/LFINF/CDH+ERL/H:4/RES,URBAN,2.0,1569750.0,277014.0,63.0,2093.0,1846764.0,764.0,23.0,1046.0,750.0
ECU,Ecuador,COM,CR-,CR/LFINF/CDH+ERL/H:5-7/COM:1,TOTAL,11.0,2037518.0,359561.0,0.0,3019.0,2397082.0,1486.0,0.0,274.0,675.0
ECU,Ecuador,COM,CR-,CR/LFINF/CDH+ERL/H:5-7/COM:2,TOTAL,22.0,15982591.0,2820457.0,0.0,23678.0,18803048.0,11653.0,0.0,1076.0,675.0
ECU,Ecuador,COM,CR-,CR/LFINF/CDH+ERL/H:5-7/COM:3,TOTAL,11.0,2042018.0,360356.0,0.0,3025.0,2402375.0,1489.0,0.0,275.0,675.0
ECU,Ecuador,COM,CR-,CR/LFINF/CDH+ERL/H:5-7/COM:3A,TOTAL,1.0,188785.0,33315.0,0.0,280.0,222101.0,138.0,0.0,280.0,674.0
ECU,Ecuador,COM,CR-,CR/LFINF/CDH+ERL/H:5-7/COM:3C,TOTAL,1.0,264300.0,46641.0,0.0,392.0,310941.0,193.0,0.0,392.0,674.0
ECU,Ecuador,COM,CR-,CR/LFINF/CDH+ERL/H:5-7/COM:5,TOTAL,5.0,938292.0,165581.0,0.0,1390.0,1103873.0,684.0,0.0,278.0,675.0
ECU,Ecuador,COM,CR-,CR/LFINF/CDH+ERL/H:5-7/COM:5A,TOTAL,4.0,739463.0,130493.0,0.0,1096.0,869957.0,539.0,0.0,274.0,675.0
ECU,Ecuador,IND,CR-,CR/LFINF/CDH+ERL/H:>2/IND:1,TOTAL,1.0,147610.0,49203.0,0.0,259.0,196813.0,123.0,0.0,259.0,570.0
ECU,Ecuador,IND,CR-,CR/LFINF/CDH+ERL/H:>2/IND:2,TOTAL,86.0,7521824.0,2507274.0,0.0,13196.0,10029095.0,6254.0,0.0,153.0,570.0
ECU,Ecuador,IND,CR-,CR/LFINF/CDH+ERL/H:>2/IND:3,TOTAL,1.0,295220.0,98407.0,0.0,518.0,393627.0,245.0,0.0,518.0,570.0
ECU,Ecuador,IND,CR-,CR/LFINF/CDH+ERL/H:>2/IND:4,TOTAL,5.0,2617402.0,872469.0,0.0,4592.0,3489871.0,2176.0,0.0,918.0,570.0
ECU,Ecuador,IND,CR-,CR/LFINF/CDH+ERL/H:>2/IND:6,TOTAL,42.0,3573868.0,1191289.0,0.0,6270.0,4765156.0,2972.0,0.0,149.0,570.0
ECU,Ecuador,COM,CR+,CR/LFINF/CDH+ERM/H:1/COM,TOTAL,5.0,156580.0,27632.0,0.0,232.0,184214.0,114.0,0.0,46.0,675.0
ECU,Ecuador,COM,CR+,CR/LFINF/CDH+ERM/H:1/COM:1,TOTAL,783.0,37858619.0,6680938.0,0.0,56087.0,44539552.0,27489.0,0.0,72.0,675.0
ECU,Ecuador,COM,CR+,CR/LFINF/CDH+ERM/H:1/COM:2,TOTAL,747.0,66853997.0,11797769.0,0.0,99043.0,78651764.0,48542.0,0.0,133.0,675.0
ECU,Ecuador,COM,CR+,CR/LFINF/CDH+ERM/H:1/COM:3,TOTAL,741.0,31983063.0,5644071.0,0.0,47382.0,37627131.0,23223.0,0.0,64.0,675.0
ECU,Ecuador,COM,CR+,CR/LFINF/CDH+ERM/H:1/COM:3A,TOTAL,57.0,10099168.0,1782206.0,0.0,14962.0,11881373.0,7333.0,0.0,262.0,675.0
ECU,Ecuador,COM,CR+,CR/LFINF/CDH+ERM/H:1/COM:3B,TOTAL,41.0,1460220.0,257687.0,0.0,2163.0,1717902.0,1060.0,0.0,53.0,675.0
ECU,Ecuador,COM,CR+,CR/LFINF/CDH+ERM/H:1/COM:3C,TOTAL,54.0,2312854.0,408149.0,0.0,3426.0,2721000.0,1679.0,0.0,63.0,675.0
ECU,Ecuador,COM,CR+,CR/LFINF/CDH+ERM/H:1/COM:5,TOTAL,62.0,2372318.0,418647.0,0.0,3515.0,2790964.0,1723.0,0.0,57.0,675.0
ECU,Ecuador,COM,CR+,CR/LFINF/CDH+ERM/H:1/COM:5A,TOTAL,230.0,6984139.0,1232496.0,0.0,10347.0,8216631.0,5071.0,0.0,45.0,675.0
ECU,Ecuador,COM,CR+,CR/LFINF/CDH+ERM/H:1/COM:5B,TOTAL,11.0,1484928.0,262045.0,0.0,2200.0,1746972.0,1078.0,0.0,200.0,675.0
ECU,Ecuador,IND,CR+,CR/LFINF/CDH+ERM/H:1/IND:1,TOTAL,34.0,6200523.0,2066841.0,0.0,10878.0,8267364.0,5146.0,0.0,320.0,570.0
ECU,Ecuador,IND,CR+,CR/LFINF/CDH+ERM/H:1/IND:2,TOTAL,468.0,43043003.0,14347669.0,0.0,75514.0,57390670.0,35721.0,0.0,161.0,570.0
ECU,Ecuador,IND,CR+,CR/LFINF/CDH+ERM/H:1/IND:3,TOTAL,18.0,1954348.0,651449.0,0.0,3429.0,2605796.0,1622.0,0.0,190.0,570.0
ECU,Ecuador,IND,CR+,CR/LFINF/CDH+ERM/H:1/IND:4,TOTAL,58.0,13907856.0,4635951.0,0.0,24400.0,18543809.0,11542.0,0.0,421.0,570.0
ECU,Ecuador,IND,CR+,CR/LFINF/CDH+ERM/H:1/IND:6,TOTAL,177.0,16448774.0,5482925.0,0.0,28857.0,21931690.0,13651.0,0.0,163.0,570.0
ECU,Ecuador,RES,CR+,CR/LFINF/CDH+ERM/H:1/RES,RURAL,15.0,1209000.0,213360.0,23.0,1950.0,1422360.0,711.0,15.0,130.0,620.0
ECU,Ecuador,RES,CR+,CR/LFINF/CDH+ERM/H:1/RES,URBAN,1039.0,101302500.0,17876996.0,3503.0,135070.0,119179496.0,49226.0,1039.0,130.0,750.0
ECU,Ecuador,COM,CR+,CR/LFINF/CDH+ERM/H:2/COM:1,TOTAL,179.0,17233768.0,3041251.0,0.0,25532.0,20275024.0,12524.0,0.0,143.0,675.0
ECU,Ecuador,COM,CR+,CR/LFINF/CDH+ERM/H:2/COM:2,TOTAL,411.0,74347423.0,13120134.0,0.0,110144.0,87467561.0,54028.0,0.0,268.0,675.0
ECU,Ecuador,COM,CR+,CR/LFINF/CDH+ERM/H:2/COM:3,TOTAL,177.0,15209873.0,2684097.0,0.0,22533.0,17893973.0,11053.0,0.0,127.0,675.0
ECU,Ecuador,COM,CR+,CR/LFINF/CDH+ERM/H:2/COM:3A,TOTAL,8.0,1537788.0,271375.0,0.0,2278.0,1809163.0,1118.0,0.0,285.0,675.0
ECU,Ecuador,COM,CR+,CR/LFINF/CDH+ERM/H:2/COM:3B,TOTAL,6.0,373049.0,65832.0,0.0,553.0,438881.0,271.0,0.0,92.0,675.0
ECU,Ecuador,COM,CR+,CR/LFINF/CDH+ERM/H:2/COM:3C,TOTAL,29.0,2512676.0,443414.0,0.0,3722.0,2956088.0,1826.0,0.0,128.0,675.0
ECU,Ecuador,COM,CR+,CR/LFINF/CDH+ERM/H:2/COM:5,TOTAL,44.0,2689983.0,474705.0,0.0,3985.0,3164689.0,1955.0,0.0,91.0,675.0
ECU,Ecuador,COM,CR+,CR/LFINF/CDH+ERM/H:2/COM:5A,TOTAL,40.0,2423027.0,427596.0,0.0,3590.0,2850620.0,1761.0,0.0,90.0,675.0
ECU,Ecuador,COM,CR+,CR/LFINF/CDH+ERM/H:2/COM:5B,TOTAL,5.0,1064659.0,187882.0,0.0,1577.0,1252540.0,774.0,0.0,315.0,675.0
ECU,Ecuador,IND,CR+,CR/LFINF/CDH+ERM/H:2/IND:1,TOTAL,12.0,1743830.0,581277.0,0.0,3059.0,2325108.0,1449.0,0.0,255.0,570.0
ECU,Ecuador,IND,CR+,CR/LFINF/CDH+ERM/H:2/IND:2,TOTAL,221.0,19466134.0,6488713.0,0.0,34151.0,25954846.0,16170.0,0.0,155.0,570.0
ECU,Ecuador,IND,CR+,CR/LFINF/CDH+ERM/H:2/IND:3,TOTAL,3.0,258769.0,86257.0,0.0,454.0,345026.0,215.0,0.0,151.0,570.0
ECU,Ecuador,IND,CR+,CR/LFINF/CDH+ERM/H:2/IND:4,TOTAL,19.0,5321045.0,1773683.0,0.0,9335.0,7094727.0,4420.0,0.0,491.0,570.0
ECU,Ecuador,IND,CR+,CR/LFINF/CDH+ERM/H:2/IND:6,TOTAL,46.0,3937775.0,1312592.0,0.0,6908.0,5250368.0,3271.0,0.0,150.0,570.0
ECU,Ecuador,RES,CR+,CR/LFINF/CDH+ERM/H:2/RES,URBAN,367.0,77707500.0,13713142.0,2711.0,103610.0,91420642.0,37788.0,797.0,282.0,750.0
ECU,Ecuador,COM,CR+,CR/LFINF/CDH+ERM/H:3/COM:1,TOTAL,300.0,41442762.0,7313432.0,0.0,61397.0,48756189.0,30141.0,0.0,205.0,675.0
ECU,Ecuador,COM,CR+,CR/LFINF/CDH+ERM/H:3/COM:2,TOTAL,409.0,108622049.0,19168602.0,0.0,160922.0,127790646.0,79000.0,0.0,393.0,675.0
ECU,Ecuador,COM,CR+,CR/LFINF/CDH+ERM/H:3/COM:3,TOTAL,253.0,36439282.0,6430467.0,0.0,53984.0,42869743.0,26502.0,0.0,213.0,675.0
ECU,Ecuador,COM,CR+,CR/LFINF/CDH+ERM/H:3/COM:3A,TOTAL,25.0,12756945.0,2251227.0,0.0,18899.0,15008168.0,9278.0,0.0,756.0,675.0
ECU,Ecuador,COM,CR+,CR/LFINF/CDH+ERM/H:3/COM:3B,TOTAL,14.0,1306297.0,230523.0,0.0,1935.0,1536819.0,950.0,0.0,138.0,675.0
ECU,Ecuador,COM,CR+,CR/LFINF/CDH+ERM/H:3/COM:3C,TOTAL,44.0,5626566.0,992924.0,0.0,8336.0,6619493.0,4092.0,0.0,189.0,675.0
ECU,Ecuador,COM,CR+,CR/LFINF/CDH+ERM/H:3/COM:5,TOTAL,64.0,5908686.0,1042709.0,0.0,8754.0,6951396.0,4297.0,0.0,137.0,675.0
ECU,Ecuador,COM,CR+,CR/LFINF/CDH+ERM/H:3/COM:5A,TOTAL,79.0,7164607.0,1264344.0,0.0,10614.0,8428949.0,5211.0,0.0,134.0,675.0
ECU,Ecuador,COM,CR+,CR/LFINF/CDH+ERM/H:3/COM:5B,TOTAL,14.0,1519524.0,268154.0,0.0,2251.0,1787677.0,1105.0,0.0,161.0,675.0
ECU,Ecuador,RES,CR+,CR/LFINF/CDH+ERM/H:3/RES,URBAN,1521.0,474337500.0,83706697.0,15783.0,632450.0,558044197.0,230831.0,4865.0,416.0,750.0
ECU,Ecuador,COM,CR+,CR/LFINF/CDH+ERM/H:4/COM,TOTAL,3.0,375938.0,66342.0,0.0,557.0,442280.0,274.0,0.0,186.0,675.0
ECU,Ecuador,COM,CR+,CR/LFINF/CDH+ERM/H:4/COM:1,TOTAL,520.0,111201405.0,19623773.0,0.0,164743.0,130825180.0,80943.0,0.0,317.0,675.0
ECU,Ecuador,COM,CR+,CR/LFINF/CDH+ERM/H:4/COM:2,TOTAL,1014.0,386726224.0,68245806.0,0.0,572928.0,454972035.0,281495.0,0.0,565.0,675.0
ECU,Ecuador,COM,CR+,CR/LFINF/CDH+ERM/H:4/COM:3,TOTAL,550.0,80722140.0,14245080.0,0.0,119588.0,94967223.0,58757.0,0.0,217.0,675.0
ECU,Ecuador,COM,CR+,CR/LFINF/CDH+ERM/H:4/COM:3A,TOTAL,26.0,13641060.0,2407247.0,0.0,20209.0,16048306.0,9929.0,0.0,777.0,675.0
ECU,Ecuador,COM,CR+,CR/LFINF/CDH+ERM/H:4/COM:3B,TOTAL,27.0,3476684.0,613533.0,0.0,5151.0,4090217.0,2531.0,0.0,191.0,675.0
ECU,Ecuador,COM,CR+,CR/LFINF/CDH+ERM/H:4/COM:3C,TOTAL,101.0,20190241.0,3562980.0,0.0,29911.0,23753218.0,14696.0,0.0,296.0,675.0
ECU,Ecuador,COM,CR+,CR/LFINF/CDH+ERM/H:4/COM:5,TOTAL,182.0,22192092.0,3916250.0,0.0,32877.0,26108340.0,16154.0,0.0,181.0,675.0
ECU,Ecuador,COM,CR+,CR/LFINF/CDH+ERM/H:4/COM:5A,TOTAL,121.0,16728566.0,2952100.0,0.0,24783.0,19680662.0,12177.0,0.0,205.0,675.0
ECU,Ecuador,COM,CR+,CR/LFINF/CDH+ERM/H:4/COM:5B,TOTAL,25.0,12439239.0,2195161.0,0.0,18429.0,14634399.0,9054.0,0.0,737.0,675.0
ECU,Ecuador,RES,CR+,CR/LFINF/CDH+ERM/H:4/RES,RURAL,5.0,2482480.0,438085.0,142.0,4004.0,2920565.0,1462.0,44.0,801.0,620.0
ECU,Ecuador,RES,CR+,CR/LFINF/CDH+ERM/H:4/RES,URBAN,1527.0,878172750.0,154971691.0,38600.0,1170897.0,1033144441.0,427664.0,12867.0,767.0,750.0
ECU,Ecuador,COM,CR+,CR/LFINF/CDH+ERM/H:5-7/COM,TOTAL,3.0,560856.0,98974.0,0.0,831.0,659831.0,409.0,0.0,277.0,675.0
ECU,Ecuador,COM,CR+,CR/LFINF/CDH+ERM/H:5-7/COM:1,TOTAL,709.0,285572552.0,50395156.0,0.0,423070.0,335967707.0,208210.0,0.0,597.0,675.0
ECU,Ecuador,COM,CR+,CR/LFINF/CDH+ERM/H:5-7/COM:2,TOTAL,1777.0,957499558.0,168970520.0,0.0,1418518.0,1126470070.0,698108.0,0.0,798.0,675.0
ECU,Ecuador,COM,CR+,CR/LFINF/CDH+ERM/H:5-7/COM:3,TOTAL,720.0,211688367.0,37356768.0,0.0,313612.0,249045136.0,154341.0,0.0,436.0,675.0
ECU,Ecuador,COM,CR+,CR/LFINF/CDH+ERM/H:5-7/COM:3A,TOTAL,50.0,54433507.0,9605913.0,0.0,80642.0,64039419.0,39687.0,0.0,1613.0,675.0
ECU,Ecuador,COM,CR+,CR/LFINF/CDH+ERM/H:5-7/COM:3B,TOTAL,38.0,16386824.0,2891792.0,0.0,24277.0,19278620.0,11948.0,0.0,639.0,675.0
ECU,Ecuador,COM,CR+,CR/LFINF/CDH+ERM/H:5-7/COM:3C,TOTAL,157.0,40404792.0,7130258.0,0.0,59859.0,47535048.0,29459.0,0.0,381.0,675.0
ECU,Ecuador,COM,CR+,CR/LFINF/CDH+ERM/H:5-7/COM:5,TOTAL,334.0,63245654.0,11160999.0,0.0,93697.0,74406657.0,46112.0,0.0,281.0,675.0
ECU,Ecuador,COM,CR+,CR/LFINF/CDH+ERM/H:5-7/COM:5A,TOTAL,195.0,42213055.0,7449367.0,0.0,62538.0,49662424.0,30777.0,0.0,321.0,675.0
ECU,Ecuador,COM,CR+,CR/LFINF/CDH+ERM/H:5-7/COM:5B,TOTAL,53.0,26926305.0,4751701.0,0.0,39891.0,31678010.0,19632.0,0.0,753.0,675.0
ECU,Ecuador,RES,CR+,CR/LFINF/CDH+ERM/H:5/RES,URBAN,323.0,449904000.0,79394824.0,18855.0,599872.0,529298824.0,219260.0,6592.0,1857.0,750.0
ECU,Ecuador,RES,CR+,CR/LFINF/CDH+ERM/H:6/RES,URBAN,78.0,122645250.0,21643280.0,5027.0,163527.0,144288530.0,59815.0,1797.0,2096.0,750.0
ECU,Ecuador,RES,CR+,CR/LFINF/CDH+ERM/H:7/RES,URBAN,10.0,16107000.0,2842411.0,617.0,21476.0,18949411.0,7861.0,236.0,2148.0,750.0
ECU,Ecuador,RES,CR+,CR/LFINF/CDH+ERM/H:8/RES,URBAN,3.0,6347250.0,1120103.0,252.0,8463.0,7467353.0,3100.0,93.0,2821.0,750.0
ECU,Ecuador,IND,CR+,CR/LFINF/CDH+ERM/H:>2/IND:1,TOTAL,295.0,50642906.0,16880970.0,0.0,88847.0,67523874.0,42109.0,0.0,301.0,570.0
ECU,Ecuador,IND,CR+,CR/LFINF/CDH+ERM/H:>2/IND:2,TOTAL,2969.0,273980057.0,91326682.0,0.0,480667.0,365306737.0,227813.0,0.0,162.0,570.0
ECU,Ecuador,IND,CR+,CR/LFINF/CDH+ERM/H:>2/IND:3,TOTAL,87.0,12959162.0,4319719.0,0.0,22735.0,17278878.0,10776.0,0.0,261.0,570.0
ECU,Ecuador,IND,CR+,CR/LFINF/CDH+ERM/H:>2/IND:4,TOTAL,69.0,16097949.0,5365988.0,0.0,28242.0,21463934.0,13385.0,0.0,409.0,570.0
ECU,Ecuador,IND,CR+,CR/LFINF/CDH+ERM/H:>2/IND:6,TOTAL,1007.0,93796276.0,31265424.0,0.0,164555.0,125061703.0,77991.0,0.0,163.0,570.0
ECU,Ecuador,COM,CR+,CR/LFINF/CDH+ERM/H:>7/COM:1,TOTAL,23.0,13893783.0,2451845.0,0.0,20583.0,16345626.0,10147.0,0.0,895.0,675.0
ECU,Ecuador,COM,CR+,CR/LFINF/CDH+ERM/H:>7/COM:2,TOTAL,161.0,116560387.0,20569481.0,0.0,172682.0,137129864.0,85124.0,0.0,1073.0,675.0
ECU,Ecuador,COM,CR+,CR/LFINF/CDH+ERM/H:>7/COM:3,TOTAL,60.0,27687781.0,4886081.0,0.0,41019.0,32573857.0,20220.0,0.0,684.0,675.0
ECU,Ecuador,COM,CR+,CR/LFINF/CDH+ERM/H:>7/COM:3A,TOTAL,3.0,1608975.0,283937.0,0.0,2384.0,1892913.0,1175.0,0.0,795.0,675.0
ECU,Ecuador,COM,CR+,CR/LFINF/CDH+ERM/H:>7/COM:3C,TOTAL,9.0,9535251.0,1682692.0,0.0,14126.0,11217942.0,6964.0,0.0,1570.0,675.0
ECU,Ecuador,COM,CR+,CR/LFINF/CDH+ERM/H:>7/COM:5,TOTAL,28.0,6793805.0,1198907.0,0.0,10065.0,7992711.0,4962.0,0.0,359.0,675.0
ECU,Ecuador,COM,CR+,CR/LFINF/CDH+ERM/H:>7/COM:5A,TOTAL,14.0,3492330.0,616294.0,0.0,5174.0,4108624.0,2550.0,0.0,370.0,675.0
ECU,Ecuador,COM,CR+,CR/LFINF/CDH+ERM/H:>7/COM:5B,TOTAL,2.0,489475.0,86378.0,0.0,725.0,575853.0,357.0,0.0,362.0,675.0
ECU,Ecuador,RES,CR+,CR/LFINF/CDH+ERM/H:>9/RES,URBAN,1.0,1566000.0,276353.0,72.0,2088.0,1842353.0,766.0,29.0,2088.0,750.0
ECU,Ecuador,COM,CR-,CR/LFINF/CDL+ERL/H:1/COM,TOTAL,1.0,30490.0,5381.0,0.0,45.0,35870.0,22.0,0.0,45.0,678.0
ECU,Ecuador,COM,CR-,CR/LFINF/CDL+ERL/H:1/COM:1,TOTAL,286.0,13142800.0,2319317.0,0.0,19471.0,15462112.0,9543.0,0.0,68.0,675.0
ECU,Ecuador,COM,CR-,CR/LFINF/CDL+ERL/H:1/COM:2,TOTAL,273.0,24143770.0,4260666.0,0.0,35769.0,28404436.0,17531.0,0.0,131.0,675.0
ECU,Ecuador,COM,CR-,CR/LFINF/CDL+ERL/H:1/COM:3,TOTAL,312.0,13890499.0,2451268.0,0.0,20579.0,16341767.0,10086.0,0.0,66.0,675.0
ECU,Ecuador,COM,CR-,CR/LFINF/CDL+ERL/H:1/COM:3A,TOTAL,24.0,3031070.0,534894.0,0.0,4490.0,3565966.0,2201.0,0.0,187.0,675.0
ECU,Ecuador,COM,CR-,CR/LFINF/CDL+ERL/H:1/COM:3B,TOTAL,13.0,910440.0,160666.0,0.0,1349.0,1071106.0,661.0,0.0,104.0,675.0
ECU,Ecuador,COM,CR-,CR/LFINF/CDL+ERL/H:1/COM:3C,TOTAL,44.0,1891091.0,333722.0,0.0,2802.0,2224812.0,1373.0,0.0,64.0,675.0
ECU,Ecuador,COM,CR-,CR/LFINF/CDL+ERL/H:1/COM:5,TOTAL,27.0,844058.0,148953.0,0.0,1250.0,993010.0,613.0,0.0,46.0,675.0
ECU,Ecuador,COM,CR-,CR/LFINF/CDL+ERL/H:1/COM:5A,TOTAL,84.0,2566837.0,452971.0,0.0,3803.0,3019811.0,1864.0,0.0,45.0,675.0
ECU,Ecuador,COM,CR-,CR/LFINF/CDL+ERL/H:1/COM:5B,TOTAL,3.0,91469.0,16142.0,0.0,136.0,107611.0,66.0,0.0,45.0,673.0
ECU,Ecuador,IND,CR-,CR/LFINF/CDL+ERL/H:1/IND:1,TOTAL,14.0,2016021.0,672008.0,0.0,3537.0,2688023.0,1673.0,0.0,253.0,570.0
ECU,Ecuador,IND,CR-,CR/LFINF/CDL+ERL/H:1/IND:2,TOTAL,203.0,17573917.0,5857975.0,0.0,30831.0,23431882.0,14585.0,0.0,152.0,570.0
ECU,Ecuador,IND,CR-,CR/LFINF/CDL+ERL/H:1/IND:3,TOTAL,5.0,431411.0,143803.0,0.0,757.0,575212.0,358.0,0.0,151.0,570.0
ECU,Ecuador,IND,CR-,CR/LFINF/CDL+ERL/H:1/IND:4,TOTAL,24.0,6067885.0,2022627.0,0.0,10645.0,8090514.0,5036.0,0.0,444.0,570.0
ECU,Ecuador,IND,CR-,CR/LFINF/CDL+ERL/H:1/IND:6,TOTAL,67.0,6121242.0,2040414.0,0.0,10739.0,8161655.0,5080.0,0.0,160.0,570.0
ECU,Ecuador,RES,CR-,CR/LFINF/CDL+ERL/H:1/RES,URBAN,408.0,39780000.0,7020044.0,1393.0,53040.0,46800044.0,19331.0,408.0,130.0,750.0
ECU,Ecuador,RES,CR-,CR/LFINF/CDL+ERL/H:1/RES,RURAL,6.0,483600.0,85344.0,28.0,780.0,568944.0,284.0,6.0,130.0,620.0
ECU,Ecuador,COM,CR-,CR/LFINF/CDL+ERL/H:2/COM,TOTAL,1.0,61370.0,10830.0,0.0,91.0,72200.0,45.0,0.0,91.0,674.0
ECU,Ecuador,COM,CR-,CR/LFINF/CDL+ERL/H:2/COM:1,TOTAL,104.0,9689199.0,1709860.0,0.0,14354.0,11399059.0,7041.0,0.0,138.0,675.0
ECU,Ecuador,COM,CR-,CR/LFINF/CDL+ERL/H:2/COM:2,TOTAL,191.0,35174018.0,6207178.0,0.0,52110.0,41381198.0,25561.0,0.0,273.0,675.0
ECU,Ecuador,COM,CR-,CR/LFINF/CDL+ERL/H:2/COM:3,TOTAL,95.0,6849811.0,1208793.0,0.0,10148.0,8058608.0,4978.0,0.0,107.0,675.0
ECU,Ecuador,COM,CR-,CR/LFINF/CDL+ERL/H:2/COM:3A,TOTAL,4.0,245884.0,43391.0,0.0,364.0,289276.0,179.0,0.0,91.0,676.0
ECU,Ecuador,COM,CR-,CR/LFINF/CDL+ERL/H:2/COM:3B,TOTAL,2.0,123503.0,21795.0,0.0,183.0,145297.0,90.0,0.0,92.0,675.0
ECU,Ecuador,COM,CR-,CR/LFINF/CDL+ERL/H:2/COM:3C,TOTAL,21.0,1806602.0,318812.0,0.0,2676.0,2125412.0,1313.0,0.0,127.0,675.0
ECU,Ecuador,COM,CR-,CR/LFINF/CDL+ERL/H:2/COM:5,TOTAL,19.0,1180881.0,208392.0,0.0,1749.0,1389275.0,858.0,0.0,92.0,675.0
ECU,Ecuador,COM,CR-,CR/LFINF/CDL+ERL/H:2/COM:5A,TOTAL,25.0,2032451.0,358667.0,0.0,3011.0,2391120.0,1477.0,0.0,120.0,675.0
ECU,Ecuador,IND,CR-,CR/LFINF/CDL+ERL/H:2/IND:1,TOTAL,9.0,2600472.0,866824.0,0.0,4562.0,3467297.0,2160.0,0.0,507.0,570.0
ECU,Ecuador,IND,CR-,CR/LFINF/CDL+ERL/H:2/IND:2,TOTAL,103.0,10671958.0,3557321.0,0.0,18723.0,14229273.0,8865.0,0.0,182.0,570.0
ECU,Ecuador,IND,CR-,CR/LFINF/CDL+ERL/H:2/IND:3,TOTAL,3.0,464351.0,154783.0,0.0,815.0,619134.0,386.0,0.0,272.0,570.0
ECU,Ecuador,IND,CR-,CR/LFINF/CDL+ERL/H:2/IND:4,TOTAL,7.0,1547363.0,515788.0,0.0,2715.0,2063150.0,1285.0,0.0,388.0,570.0
ECU,Ecuador,IND,CR-,CR/LFINF/CDL+ERL/H:2/IND:6,TOTAL,36.0,3239162.0,1079722.0,0.0,5683.0,4318882.0,2691.0,0.0,158.0,570.0
ECU,Ecuador,RES,CR-,CR/LFINF/CDL+ERL/H:2/RES,URBAN,132.0,27397500.0,4834884.0,968.0,36530.0,32232384.0,13323.0,281.0,277.0,750.0
ECU,Ecuador,COM,CR-,CR/LFINF/CDL+ERL/H:3/COM,TOTAL,1.0,92054.0,16245.0,0.0,136.0,108299.0,67.0,0.0,136.0,677.0
ECU,Ecuador,COM,CR-,CR/LFINF/CDL+ERL/H:3/COM:1,TOTAL,152.0,23405104.0,4130313.0,0.0,34674.0,27535420.0,17022.0,0.0,228.0,675.0
ECU,Ecuador,COM,CR-,CR/LFINF/CDL+ERL/H:3/COM:2,TOTAL,217.0,55699064.0,9829244.0,0.0,82517.0,65528306.0,40510.0,0.0,380.0,675.0
ECU,Ecuador,COM,CR-,CR/LFINF/CDL+ERL/H:3/COM:3,TOTAL,184.0,23709905.0,4184101.0,0.0,35126.0,27894009.0,17244.0,0.0,191.0,675.0
ECU,Ecuador,COM,CR-,CR/LFINF/CDL+ERL/H:3/COM:3A,TOTAL,10.0,5871581.0,1036162.0,0.0,8699.0,6907741.0,4270.0,0.0,870.0,675.0
ECU,Ecuador,COM,CR-,CR/LFINF/CDL+ERL/H:3/COM:3B,TOTAL,9.0,2475281.0,436815.0,0.0,3667.0,2912096.0,1800.0,0.0,407.0,675.0
ECU,Ecuador,COM,CR-,CR/LFINF/CDL+ERL/H:3/COM:3C,TOTAL,32.0,4180938.0,737813.0,0.0,6194.0,4918749.0,3041.0,0.0,194.0,675.0
ECU,Ecuador,COM,CR-,CR/LFINF/CDL+ERL/H:3/COM:5,TOTAL,44.0,3995687.0,705121.0,0.0,5920.0,4700811.0,2906.0,0.0,135.0,675.0
ECU,Ecuador,COM,CR-,CR/LFINF/CDL+ERL/H:3/COM:5A,TOTAL,45.0,4826301.0,851701.0,0.0,7150.0,5678003.0,3510.0,0.0,159.0,675.0
ECU,Ecuador,COM,CR-,CR/LFINF/CDL+ERL/H:3/COM:5B,TOTAL,7.0,2979852.0,525856.0,0.0,4415.0,3505709.0,2167.0,0.0,631.0,675.0
ECU,Ecuador,RES,CR-,CR/LFINF/CDL+ERL/H:3/RES,URBAN,646.0,191100000.0,33723610.0,6410.0,254800.0,224823610.0,92997.0,1960.0,394.0,750.0
ECU,Ecuador,COM,CR-,CR/LFINF/CDL+ERL/H:4/COM,TOTAL,3.0,370792.0,65434.0,0.0,549.0,436225.0,270.0,0.0,183.0,675.0
ECU,Ecuador,COM,CR-,CR/LFINF/CDL+ERL/H:4/COM:1,TOTAL,289.0,56208868.0,9919210.0,0.0,83272.0,66128079.0,40914.0,0.0,288.0,675.0
ECU,Ecuador,COM,CR-,CR/LFINF/CDL+ERL/H:4/COM:2,TOTAL,605.0,256042845.0,45184031.0,0.0,379323.0,301226878.0,186372.0,0.0,627.0,675.0
ECU,Ecuador,COM,CR-,CR/LFINF/CDL+ERL/H:4/COM:3,TOTAL,440.0,62252754.0,10985778.0,0.0,92226.0,73238532.0,45313.0,0.0,210.0,675.0
ECU,Ecuador,COM,CR-,CR/LFINF/CDL+ERL/H:4/COM:3A,TOTAL,25.0,12570086.0,2218250.0,0.0,18622.0,14788335.0,9150.0,0.0,745.0,675.0
ECU,Ecuador,COM,CR-,CR/LFINF/CDL+ERL/H:4/COM:3B,TOTAL,14.0,1735524.0,306269.0,0.0,2571.0,2041795.0,1263.0,0.0,184.0,675.0
ECU,Ecuador,COM,CR-,CR/LFINF/CDL+ERL/H:4/COM:3C,TOTAL,86.0,14673621.0,2589461.0,0.0,21739.0,17263084.0,10681.0,0.0,253.0,675.0
ECU,Ecuador,COM,CR-,CR/LFINF/CDL+ERL/H:4/COM:5,TOTAL,138.0,18815631.0,3320406.0,0.0,27875.0,22136038.0,13696.0,0.0,202.0,675.0
ECU,Ecuador,COM,CR-,CR/LFINF/CDL+ERL/H:4/COM:5A,TOTAL,75.0,10124581.0,1786691.0,0.0,14999.0,11911268.0,7370.0,0.0,200.0,675.0
ECU,Ecuador,COM,CR-,CR/LFINF/CDL+ERL/H:4/COM:5B,TOTAL,9.0,7157383.0,1263067.0,0.0,10604.0,8420451.0,5210.0,0.0,1178.0,675.0
ECU,Ecuador,RES,CR-,CR/LFINF/CDL+ERL/H:4/RES,RURAL,5.0,1749020.0,308650.0,102.0,2821.0,2057670.0,1030.0,31.0,564.0,620.0
ECU,Ecuador,RES,CR-,CR/LFINF/CDL+ERL/H:4/RES,URBAN,512.0,290335500.0,51235701.0,12638.0,387114.0,341571201.0,141392.0,4254.0,756.0,750.0
ECU,Ecuador,COM,CR-,CR/LFINF/CDL+ERL/H:5-7/COM,TOTAL,1.0,184109.0,32490.0,0.0,273.0,216599.0,134.0,0.0,273.0,674.0
ECU,Ecuador,COM,CR-,CR/LFINF/CDL+ERL/H:5-7/COM:1,TOTAL,365.0,118557748.0,20921953.0,0.0,175641.0,139479705.0,86440.0,0.0,481.0,675.0
ECU,Ecuador,COM,CR-,CR/LFINF/CDL+ERL/H:5-7/COM:2,TOTAL,1084.0,625568522.0,110394450.0,0.0,926768.0,735962974.0,456099.0,0.0,855.0,675.0
ECU,Ecuador,COM,CR-,CR/LFINF/CDL+ERL/H:5-7/COM:3,TOTAL,628.0,145347519.0,25649564.0,0.0,215330.0,170997084.0,105972.0,0.0,343.0,675.0
ECU,Ecuador,COM,CR-,CR/LFINF/CDL+ERL/H:5-7/COM:3A,TOTAL,51.0,45336516.0,8000563.0,0.0,67165.0,53337081.0,33055.0,0.0,1317.0,675.0
ECU,Ecuador,COM,CR-,CR/LFINF/CDL+ERL/H:5-7/COM:3B,TOTAL,17.0,6248308.0,1102643.0,0.0,9257.0,7350949.0,4556.0,0.0,545.0,675.0
ECU,Ecuador,COM,CR-,CR/LFINF/CDL+ERL/H:5-7/COM:3C,TOTAL,109.0,32511497.0,5737323.0,0.0,48165.0,38248821.0,23704.0,0.0,442.0,675.0
ECU,Ecuador,COM,CR-,CR/LFINF/CDL+ERL/H:5-7/COM:5,TOTAL,276.0,51920488.0,9162440.0,0.0,76919.0,61082925.0,37855.0,0.0,279.0,675.0
ECU,Ecuador,COM,CR-,CR/LFINF/CDL+ERL/H:5-7/COM:5A,TOTAL,115.0,26791992.0,4727998.0,0.0,39692.0,31519993.0,19534.0,0.0,345.0,675.0
ECU,Ecuador,COM,CR-,CR/LFINF/CDL+ERL/H:5-7/COM:5B,TOTAL,24.0,18656925.0,3292398.0,0.0,27640.0,21949324.0,13603.0,0.0,1152.0,675.0
ECU,Ecuador,RES,CR-,CR/LFINF/CDL+ERL/H:5/RES,URBAN,113.0,132268500.0,23341500.0,5900.0,176358.0,155610000.0,64461.0,1938.0,1561.0,750.0
ECU,Ecuador,RES,CR-,CR/LFINF/CDL+ERL/H:6/RES,URBAN,42.0,52347750.0,9237843.0,2149.0,69797.0,61585593.0,25530.0,767.0,1662.0,750.0
ECU,Ecuador,RES,CR-,CR/LFINF/CDL+ERL/H:6/RES,RURAL,1.0,902720.0,159304.0,34.0,1456.0,1062024.0,533.0,16.0,1456.0,620.0
ECU,Ecuador,RES,CR-,CR/LFINF/CDL+ERL/H:7/RES,URBAN,4.0,7029750.0,1240544.0,254.0,9373.0,8270294.0,3431.0,103.0,2343.0,750.0
ECU,Ecuador,RES,CR-,CR/LFINF/CDL+ERL/H:8/RES,URBAN,1.0,1911000.0,337235.0,61.0,2548.0,2248235.0,933.0,28.0,2548.0,750.0
ECU,Ecuador,IND,CR-,CR/LFINF/CDL+ERL/H:>2/IND:1,TOTAL,196.0,34050832.0,11350279.0,0.0,59738.0,45401107.0,28313.0,0.0,305.0,570.0
ECU,Ecuador,IND,CR-,CR/LFINF/CDL+ERL/H:>2/IND:2,TOTAL,2553.0,233528944.0,77842983.0,0.0,409700.0,311371923.0,194178.0,0.0,160.0,570.0
ECU,Ecuador,IND,CR-,CR/LFINF/CDL+ERL/H:>2/IND:3,TOTAL,69.0,7897064.0,2632355.0,0.0,13854.0,10529419.0,6566.0,0.0,201.0,570.0
ECU,Ecuador,IND,CR-,CR/LFINF/CDL+ERL/H:>2/IND:4,TOTAL,48.0,14370138.0,4790047.0,0.0,25211.0,19160184.0,11949.0,0.0,525.0,570.0
ECU,Ecuador,IND,CR-,CR/LFINF/CDL+ERL/H:>2/IND:6,TOTAL,682.0,62891164.0,20963720.0,0.0,110335.0,83854879.0,52294.0,0.0,162.0,570.0
ECU,Ecuador,COM,CR-,CR/LFINF/CDL+ERL/H:>7/COM:1,TOTAL,93.0,41065158.0,7246792.0,0.0,60837.0,48311950.0,29990.0,0.0,654.0,675.0
ECU,Ecuador,COM,CR-,CR/LFINF/CDL+ERL/H:>7/COM:2,TOTAL,296.0,265139478.0,46789321.0,0.0,392799.0,311928801.0,193631.0,0.0,1327.0,675.0
ECU,Ecuador,COM,CR-,CR/LFINF/CDL+ERL/H:>7/COM:3,TOTAL,143.0,49249209.0,8691037.0,0.0,72962.0,57940244.0,35967.0,0.0,510.0,675.0
ECU,Ecuador,COM,CR-,CR/LFINF/CDL+ERL/H:>7/COM:3A,TOTAL,14.0,24994710.0,4410832.0,0.0,37029.0,29405540.0,18254.0,0.0,2645.0,675.0
ECU,Ecuador,COM,CR-,CR/LFINF/CDL+ERL/H:>7/COM:3B,TOTAL,3.0,746870.0,131801.0,0.0,1106.0,878671.0,545.0,0.0,369.0,675.0
ECU,Ecuador,COM,CR-,CR/LFINF/CDL+ERL/H:>7/COM:3C,TOTAL,41.0,14803619.0,2612404.0,0.0,21931.0,17416022.0,10811.0,0.0,535.0,675.0
ECU,Ecuador,COM,CR-,CR/LFINF/CDL+ERL/H:>7/COM:5,TOTAL,72.0,17479028.0,3084535.0,0.0,25895.0,20563562.0,12765.0,0.0,360.0,675.0
ECU,Ecuador,COM,CR-,CR/LFINF/CDL+ERL/H:>7/COM:5A,TOTAL,35.0,8687354.0,1533064.0,0.0,12870.0,10220416.0,6344.0,0.0,368.0,675.0
ECU,Ecuador,COM,CR-,CR/LFINF/CDL+ERL/H:>7/COM:5B,TOTAL,2.0,490257.0,86516.0,0.0,726.0,576774.0,358.0,0.0,363.0,675.0
ECU,Ecuador,RES,CR-,CR/LFINF/CDL+ERL/H:>9/RES,URBAN,1.0,2160000.0,381176.0,79.0,2880.0,2541176.0,1057.0,40.0,2880.0,750.0
ECU,Ecuador,COM,CR-,CR/LFINF/CDM+ERL/H:1/COM,TOTAL,2.0,62369.0,11007.0,0.0,92.0,73376.0,45.0,0.0,46.0,678.0
ECU,Ecuador,COM,CR-,CR/LFINF/CDM+ERL/H:1/COM:1,TOTAL,769.0,41208950.0,7272167.0,0.0,61050.0,48481119.0,29922.0,0.0,79.0,675.0
ECU,Ecuador,COM,CR-,CR/LFINF/CDM+ERL/H:1/COM:2,TOTAL,692.0,56617345.0,9991293.0,0.0,83878.0,66608653.0,41109.0,0.0,121.0,675.0
ECU,Ecuador,COM,CR-,CR/LFINF/CDM+ERL/H:1/COM:3,TOTAL,845.0,36219055.0,6391605.0,0.0,53658.0,42610647.0,26299.0,0.0,64.0,675.0
ECU,Ecuador,COM,CR-,CR/LFINF/CDM+ERL/H:1/COM:3A,TOTAL,58.0,10543819.0,1860671.0,0.0,15620.0,12404485.0,7656.0,0.0,269.0,675.0
ECU,Ecuador,COM,CR-,CR/LFINF/CDM+ERL/H:1/COM:3B,TOTAL,36.0,2112962.0,372876.0,0.0,3130.0,2485838.0,1534.0,0.0,87.0,675.0
ECU,Ecuador,COM,CR-,CR/LFINF/CDM+ERL/H:1/COM:3C,TOTAL,67.0,2905613.0,512753.0,0.0,4305.0,3418366.0,2110.0,0.0,64.0,675.0
ECU,Ecuador,COM,CR-,CR/LFINF/CDM+ERL/H:1/COM:5,TOTAL,71.0,2181881.0,385041.0,0.0,3232.0,2566917.0,1584.0,0.0,46.0,675.0
ECU,Ecuador,COM,CR-,CR/LFINF/CDM+ERL/H:1/COM:5A,TOTAL,211.0,6919535.0,1221098.0,0.0,10251.0,8140626.0,5024.0,0.0,49.0,675.0
ECU,Ecuador,COM,CR-,CR/LFINF/CDM+ERL/H:1/COM:5B,TOTAL,13.0,489580.0,86396.0,0.0,725.0,575977.0,356.0,0.0,56.0,675.0
ECU,Ecuador,IND,CR-,CR/LFINF/CDM+ERL/H:1/IND:1,TOTAL,40.0,5751823.0,1917275.0,0.0,10091.0,7669097.0,4773.0,0.0,252.0,570.0
ECU,Ecuador,IND,CR-,CR/LFINF/CDM+ERL/H:1/IND:2,TOTAL,568.0,49546351.0,16515458.0,0.0,86923.0,66061799.0,41118.0,0.0,153.0,570.0
ECU,Ecuador,IND,CR-,CR/LFINF/CDM+ERL/H:1/IND:3,TOTAL,13.0,1131045.0,377015.0,0.0,1984.0,1508062.0,939.0,0.0,153.0,570.0
ECU,Ecuador,IND,CR-,CR/LFINF/CDM+ERL/H:1/IND:4,TOTAL,67.0,17227899.0,5742635.0,0.0,30224.0,22970532.0,14297.0,0.0,451.0,570.0
ECU,Ecuador,IND,CR-,CR/LFINF/CDM+ERL/H:1/IND:6,TOTAL,203.0,18768783.0,6256262.0,0.0,32928.0,25025036.0,15576.0,0.0,162.0,570.0
ECU,Ecuador,RES,CR-,CR/LFINF/CDM+ERL/H:1/RES,URBAN,1208.0,117780000.0,20784832.0,4134.0,157040.0,138564832.0,57234.0,1208.0,130.0,750.0
ECU,Ecuador,RES,CR-,CR/LFINF/CDM+ERL/H:1/RES,RURAL,13.0,1047800.0,184912.0,24.0,1690.0,1232712.0,616.0,13.0,130.0,620.0
ECU,Ecuador,COM,CR-,CR/LFINF/CDM+ERL/H:2/COM:1,TOTAL,240.0,23681234.0,4179041.0,0.0,35083.0,27860282.0,17209.0,0.0,146.0,675.0
ECU,Ecuador,COM,CR-,CR/LFINF/CDM+ERL/H:2/COM:2,TOTAL,492.0,93402564.0,16482805.0,0.0,138374.0,109885371.0,67875.0,0.0,281.0,675.0
ECU,Ecuador,COM,CR-,CR/LFINF/CDM+ERL/H:2/COM:3,TOTAL,308.0,19873228.0,3507039.0,0.0,29442.0,23380268.0,14442.0,0.0,96.0,675.0
ECU,Ecuador,COM,CR-,CR/LFINF/CDM+ERL/H:2/COM:3A,TOTAL,19.0,5413351.0,955297.0,0.0,8020.0,6368649.0,3934.0,0.0,422.0,675.0
ECU,Ecuador,COM,CR-,CR/LFINF/CDM+ERL/H:2/COM:3B,TOTAL,8.0,496752.0,87663.0,0.0,736.0,584413.0,361.0,0.0,92.0,675.0
ECU,Ecuador,COM,CR-,CR/LFINF/CDM+ERL/H:2/COM:3C,TOTAL,44.0,4135608.0,729817.0,0.0,6127.0,4865422.0,3005.0,0.0,139.0,675.0
ECU,Ecuador,COM,CR-,CR/LFINF/CDM+ERL/H:2/COM:5,TOTAL,53.0,3216364.0,567595.0,0.0,4765.0,3783959.0,2337.0,0.0,90.0,675.0
ECU,Ecuador,COM,CR-,CR/LFINF/CDM+ERL/H:2/COM:5A,TOTAL,66.0,4022859.0,709919.0,0.0,5960.0,4732779.0,2923.0,0.0,90.0,675.0
ECU,Ecuador,COM,CR-,CR/LFINF/CDM+ERL/H:2/COM:5B,TOTAL,8.0,3598135.0,634965.0,0.0,5331.0,4233101.0,2615.0,0.0,666.0,675.0
ECU,Ecuador,IND,CR-,CR/LFINF/CDM+ERL/H:2/IND:1,TOTAL,25.0,3614741.0,1204914.0,0.0,6342.0,4819652.0,3003.0,0.0,254.0,570.0
ECU,Ecuador,IND,CR-,CR/LFINF/CDM+ERL/H:2/IND:2,TOTAL,317.0,28134724.0,9378243.0,0.0,49359.0,37512967.0,23372.0,0.0,156.0,570.0
ECU,Ecuador,IND,CR-,CR/LFINF/CDM+ERL/H:2/IND:3,TOTAL,8.0,703274.0,234424.0,0.0,1234.0,937699.0,584.0,0.0,154.0,570.0
ECU,Ecuador,IND,CR-,CR/LFINF/CDM+ERL/H:2/IND:4,TOTAL,15.0,4777527.0,1592509.0,0.0,8382.0,6370033.0,3969.0,0.0,559.0,570.0
ECU,Ecuador,IND,CR-,CR/LFINF/CDM+ERL/H:2/IND:6,TOTAL,83.0,7111074.0,2370360.0,0.0,12476.0,9481426.0,5907.0,0.0,150.0,570.0
ECU,Ecuador,RES,CR-,CR/LFINF/CDM+ERL/H:2/RES,URBAN,563.0,118462500.0,20905236.0,4164.0,157950.0,139367736.0,57607.0,1215.0,281.0,750.0
ECU,Ecuador,COM,CR-,CR/LFINF/CDM+ERL/H:3/COM,TOTAL,3.0,279061.0,49247.0,0.0,413.0,328307.0,203.0,0.0,138.0,676.0
ECU,Ecuador,COM,CR-,CR/LFINF/CDM+ERL/H:3/COM:1,TOTAL,403.0,76434404.0,13488423.0,0.0,113236.0,89922830.0,55590.0,0.0,281.0,675.0
ECU,Ecuador,COM,CR-,CR/LFINF/CDM+ERL/H:3/COM:2,TOTAL,561.0,148338167.0,26177330.0,0.0,219760.0,174515489.0,107885.0,0.0,392.0,675.0
ECU,Ecuador,COM,CR-,CR/LFINF/CDM+ERL/H:3/COM:3,TOTAL,475.0,50122098.0,8845079.0,0.0,74255.0,58967177.0,36454.0,0.0,156.0,675.0
ECU,Ecuador,COM,CR-,CR/LFINF/CDM+ERL/H:3/COM:3A,TOTAL,35.0,19249849.0,3397033.0,0.0,28518.0,22646883.0,14000.0,0.0,815.0,675.0
ECU,Ecuador,COM,CR-,CR/LFINF/CDM+ERL/H:3/COM:3B,TOTAL,14.0,1292171.0,228032.0,0.0,1914.0,1520204.0,940.0,0.0,137.0,675.0
ECU,Ecuador,COM,CR-,CR/LFINF/CDM+ERL/H:3/COM:3C,TOTAL,67.0,8560704.0,1510711.0,0.0,12683.0,10071419.0,6226.0,0.0,189.0,675.0
ECU,Ecuador,COM,CR-,CR/LFINF/CDM+ERL/H:3/COM:5,TOTAL,123.0,11344815.0,2002029.0,0.0,16807.0,13346843.0,8251.0,0.0,137.0,675.0
ECU,Ecuador,COM,CR-,CR/LFINF/CDM+ERL/H:3/COM:5A,TOTAL,90.0,8980859.0,1584855.0,0.0,13305.0,10565718.0,6532.0,0.0,148.0,675.0
ECU,Ecuador,COM,CR-,CR/LFINF/CDM+ERL/H:3/COM:5B,TOTAL,13.0,2463250.0,434692.0,0.0,3649.0,2897942.0,1792.0,0.0,281.0,675.0
ECU,Ecuador,RES,CR-,CR/LFINF/CDM+ERL/H:3/RES,URBAN,2123.0,649642500.0,114642945.0,21774.0,866190.0,764285445.0,316141.0,6663.0,408.0,750.0
ECU,Ecuador,COM,CR-,CR/LFINF/CDM+ERL/H:4/COM,TOTAL,5.0,616642.0,108819.0,0.0,914.0,725461.0,449.0,0.0,183.0,675.0
ECU,Ecuador,COM,CR-,CR/LFINF/CDM+ERL/H:4/COM:1,TOTAL,804.0,156532320.0,27623348.0,0.0,231900.0,184155675.0,113939.0,0.0,288.0,675.0
ECU,Ecuador,COM,CR-,CR/LFINF/CDM+ERL/H:4/COM:2,TOTAL,1447.0,529138250.0,93377341.0,0.0,783909.0,622515581.0,385156.0,0.0,542.0,675.0
ECU,Ecuador,COM,CR-,CR/LFINF/CDM+ERL/H:4/COM:3,TOTAL,995.0,152211193.0,26860801.0,0.0,225498.0,179071987.0,110793.0,0.0,227.0,675.0
ECU,Ecuador,COM,CR-,CR/LFINF/CDM+ERL/H:4/COM:3A,TOTAL,63.0,39811867.0,7025625.0,0.0,58981.0,46837495.0,28979.0,0.0,936.0,675.0
ECU,Ecuador,COM,CR-,CR/LFINF/CDM+ERL/H:4/COM:3B,TOTAL,34.0,4098541.0,723274.0,0.0,6072.0,4821815.0,2983.0,0.0,179.0,675.0
ECU,Ecuador,COM,CR-,CR/LFINF/CDM+ERL/H:4/COM:3C,TOTAL,200.0,38157447.0,6733664.0,0.0,56530.0,44891114.0,27775.0,0.0,283.0,675.0
ECU,Ecuador,COM,CR-,CR/LFINF/CDM+ERL/H:4/COM:5,TOTAL,314.0,42170916.0,7441926.0,0.0,62475.0,49612844.0,30696.0,0.0,199.0,675.0
ECU,Ecuador,COM,CR-,CR/LFINF/CDM+ERL/H:4/COM:5A,TOTAL,170.0,25594092.0,4516600.0,0.0,37917.0,30110699.0,18630.0,0.0,223.0,675.0
ECU,Ecuador,COM,CR-,CR/LFINF/CDM+ERL/H:4/COM:5B,TOTAL,32.0,7317657.0,1291349.0,0.0,10841.0,8609009.0,5327.0,0.0,339.0,675.0
ECU,Ecuador,RES,CR-,CR/LFINF/CDM+ERL/H:4/RES,URBAN,1988.0,1124350500.0,198414846.0,49183.0,1499134.0,1322765346.0,547551.0,16474.0,754.0,750.0
ECU,Ecuador,RES,CR-,CR/LFINF/CDM+ERL/H:4/RES,RURAL,14.0,6488300.0,1144993.0,339.0,10465.0,7633293.0,3822.0,115.0,748.0,620.0
ECU,Ecuador,COM,CR-,CR/LFINF/CDM+ERL/H:5-7/COM,TOTAL,6.0,1108332.0,195588.0,0.0,1642.0,1303920.0,808.0,0.0,274.0,675.0
ECU,Ecuador,COM,CR-,CR/LFINF/CDM+ERL/H:5-7/COM:1,TOTAL,961.0,347853683.0,61385945.0,0.0,515339.0,409239628.0,253619.0,0.0,536.0,675.0
ECU,Ecuador,COM,CR-,CR/LFINF/CDM+ERL/H:5-7/COM:2,TOTAL,2461.0,1394119676.0,246021119.0,0.0,2065362.0,1640140788.0,1016446.0,0.0,839.0,675.0
ECU,Ecuador,COM,CR-,CR/LFINF/CDM+ERL/H:5-7/COM:3,TOTAL,1370.0,339140050.0,59848240.0,0.0,502430.0,398988293.0,247266.0,0.0,367.0,675.0
ECU,Ecuador,COM,CR-,CR/LFINF/CDM+ERL/H:5-7/COM:3A,TOTAL,92.0,95824603.0,16910223.0,0.0,141962.0,112734829.0,69865.0,0.0,1543.0,675.0
ECU,Ecuador,COM,CR-,CR/LFINF/CDM+ERL/H:5-7/COM:3B,TOTAL,42.0,11783302.0,2079406.0,0.0,17457.0,13862707.0,8591.0,0.0,416.0,675.0
ECU,Ecuador,COM,CR-,CR/LFINF/CDM+ERL/H:5-7/COM:3C,TOTAL,279.0,73294824.0,12934380.0,0.0,108585.0,86229204.0,53439.0,0.0,389.0,675.0
ECU,Ecuador,COM,CR-,CR/LFINF/CDM+ERL/H:5-7/COM:5,TOTAL,587.0,111980024.0,19761176.0,0.0,165896.0,131741202.0,81644.0,0.0,283.0,675.0
ECU,Ecuador,COM,CR-,CR/LFINF/CDM+ERL/H:5-7/COM:5A,TOTAL,301.0,65412089.0,11543308.0,0.0,96907.0,76955399.0,47692.0,0.0,322.0,675.0
ECU,Ecuador,COM,CR-,CR/LFINF/CDM+ERL/H:5-7/COM:5B,TOTAL,45.0,29336645.0,5177055.0,0.0,43462.0,34513698.0,21389.0,0.0,966.0,675.0
ECU,Ecuador,RES,CR-,CR/LFINF/CDM+ERL/H:5/RES,RURAL,21.0,21383180.0,3773502.0,1172.0,34489.0,25156682.0,12606.0,379.0,1642.0,620.0
ECU,Ecuador,RES,CR-,CR/LFINF/CDM+ERL/H:5/RES,URBAN,665.0,929633250.0,164052932.0,39693.0,1239511.0,1093686182.0,453056.0,13621.0,1864.0,750.0
ECU,Ecuador,RES,CR-,CR/LFINF/CDM+ERL/H:6/RES,RURAL,22.0,28943460.0,5107669.0,1473.0,46683.0,34051129.0,17076.0,513.0,2122.0,620.0
ECU,Ecuador,RES,CR-,CR/LFINF/CDM+ERL/H:6/RES,URBAN,371.0,573368250.0,101182628.0,24347.0,764491.0,674550878.0,279636.0,8401.0,2061.0,750.0
ECU,Ecuador,RES,CR-,CR/LFINF/CDM+ERL/H:7/RES,URBAN,142.0,243516000.0,42973411.0,10023.0,324688.0,286489411.0,118851.0,3568.0,2287.0,750.0
ECU,Ecuador,RES,CR-,CR/LFINF/CDM+ERL/H:7/RES,RURAL,4.0,5077800.0,896082.0,260.0,8190.0,5973882.0,2998.0,90.0,2048.0,620.0
ECU,Ecuador,RES,CR-,CR/LFINF/CDM+ERL/H:8/RES,URBAN,38.0,69273750.0,12224780.0,2864.0,92365.0,81498530.0,33835.0,1015.0,2431.0,750.0
ECU,Ecuador,RES,CR-,CR/LFINF/CDM+ERL/H:9/RES,URBAN,4.0,7917000.0,1397118.0,330.0,10556.0,9314118.0,3870.0,116.0,2639.0,750.0
ECU,Ecuador,IND,CR-,CR/LFINF/CDM+ERL/H:>2/IND:1,TOTAL,503.0,83268529.0,27756176.0,0.0,146085.0,111024705.0,69237.0,0.0,290.0,570.0
ECU,Ecuador,IND,CR-,CR/LFINF/CDM+ERL/H:>2/IND:2,TOTAL,5690.0,514635415.0,171545147.0,0.0,902869.0,686180555.0,427916.0,0.0,159.0,570.0
ECU,Ecuador,IND,CR-,CR/LFINF/CDM+ERL/H:>2/IND:3,TOTAL,164.0,18841569.0,6280524.0,0.0,33055.0,25122088.0,15667.0,0.0,202.0,570.0
ECU,Ecuador,IND,CR-,CR/LFINF/CDM+ERL/H:>2/IND:4,TOTAL,113.0,29588110.0,9862706.0,0.0,51909.0,39450805.0,24602.0,0.0,459.0,570.0
ECU,Ecuador,IND,CR-,CR/LFINF/CDM+ERL/H:>2/IND:6,TOTAL,1584.0,146087389.0,48695793.0,0.0,256294.0,194783198.0,121471.0,0.0,162.0,570.0
ECU,Ecuador,COM,CR-,CR/LFINF/CDM+ERL/H:>7/COM,TOTAL,2.0,490957.0,86640.0,0.0,727.0,577597.0,359.0,0.0,364.0,675.0
ECU,Ecuador,COM,CR-,CR/LFINF/CDM+ERL/H:>7/COM:1,TOTAL,150.0,62637694.0,11053712.0,0.0,92797.0,73691405.0,45744.0,0.0,619.0,675.0
ECU,Ecuador,COM,CR-,CR/LFINF/CDM+ERL/H:>7/COM:2,TOTAL,512.0,340757193.0,60133619.0,0.0,504825.0,400890812.0,248855.0,0.0,986.0,675.0
ECU,Ecuador,COM,CR-,CR/LFINF/CDM+ERL/H:>7/COM:3,TOTAL,211.0,64693654.0,11416530.0,0.0,95842.0,76110179.0,47246.0,0.0,454.0,675.0
ECU,Ecuador,COM,CR-,CR/LFINF/CDM+ERL/H:>7/COM:3A,TOTAL,13.0,23919323.0,4221058.0,0.0,35436.0,28140379.0,17468.0,0.0,2726.0,675.0
ECU,Ecuador,COM,CR-,CR/LFINF/CDM+ERL/H:>7/COM:3B,TOTAL,4.0,5197144.0,917144.0,0.0,7699.0,6114287.0,3795.0,0.0,1925.0,675.0
ECU,Ecuador,COM,CR-,CR/LFINF/CDM+ERL/H:>7/COM:3C,TOTAL,64.0,21909039.0,3866300.0,0.0,32458.0,25775340.0,16000.0,0.0,507.0,675.0
ECU,Ecuador,COM,CR-,CR/LFINF/CDM+ERL/H:>7/COM:5,TOTAL,102.0,25290104.0,4462960.0,0.0,37467.0,29753062.0,18469.0,0.0,367.0,675.0
ECU,Ecuador,COM,CR-,CR/LFINF/CDM+ERL/H:>7/COM:5A,TOTAL,68.0,18524766.0,3269079.0,0.0,27444.0,21793842.0,13529.0,0.0,404.0,675.0
ECU,Ecuador,COM,CR-,CR/LFINF/CDM+ERL/H:>7/COM:5B,TOTAL,11.0,5999689.0,1058768.0,0.0,8888.0,7058457.0,4382.0,0.0,808.0,675.0
ECU,Ecuador,RES,CR-,CR/LFINF/CDM+ERL/H:>9/RES,URBAN,11.0,21276000.0,3754588.0,794.0,28368.0,25030588.0,10407.0,394.0,2579.0,750.0
ECU,Ecuador,COM,CR-,CR/LFINF/CDN+ERL/H:1/COM,TOTAL,13.0,401548.0,70862.0,0.0,595.0,472410.0,292.0,0.0,46.0,675.0
ECU,Ecuador,COM,CR-,CR/LFINF/CDN+ERL/H:1/COM:1,TOTAL,3950.0,190123634.0,33551224.0,0.0,281665.0,223674869.0,138047.0,0.0,71.0,675.0
ECU,Ecuador,COM,CR-,CR/LFINF/CDN+ERL/H:1/COM:2,TOTAL,3528.0,328710122.0,58007674.0,0.0,486978.0,386717798.0,238673.0,0.0,138.0,675.0
ECU,Ecuador,COM,CR-,CR/LFINF/CDN+ERL/H:1/COM:3,TOTAL,4198.0,184624517.0,32580802.0,0.0,273518.0,217205325.0,134054.0,0.0,65.0,675.0
ECU,Ecuador,COM,CR-,CR/LFINF/CDN+ERL/H:1/COM:3A,TOTAL,311.0,62707918.0,11066099.0,0.0,92901.0,73774021.0,45532.0,0.0,299.0,675.0
ECU,Ecuador,COM,CR-,CR/LFINF/CDN+ERL/H:1/COM:3B,TOTAL,177.0,9733406.0,1717662.0,0.0,14420.0,11451064.0,7067.0,0.0,81.0,675.0
ECU,Ecuador,COM,CR-,CR/LFINF/CDN+ERL/H:1/COM:3C,TOTAL,374.0,16044624.0,2831406.0,0.0,23770.0,18876023.0,11650.0,0.0,64.0,675.0
ECU,Ecuador,COM,CR-,CR/LFINF/CDN+ERL/H:1/COM:5,TOTAL,350.0,10663818.0,1881853.0,0.0,15798.0,12545667.0,7743.0,0.0,45.0,675.0
ECU,Ecuador,COM,CR-,CR/LFINF/CDN+ERL/H:1/COM:5A,TOTAL,1063.0,34300515.0,6053035.0,0.0,50816.0,40353550.0,24906.0,0.0,48.0,675.0
ECU,Ecuador,COM,CR-,CR/LFINF/CDN+ERL/H:1/COM:5B,TOTAL,59.0,3697168.0,652443.0,0.0,5477.0,4349612.0,2685.0,0.0,93.0,675.0
ECU,Ecuador,IND,CR-,CR/LFINF/CDN+ERL/H:1/IND:1,TOTAL,197.0,31289283.0,10429761.0,0.0,54893.0,41719049.0,25967.0,0.0,279.0,570.0
ECU,Ecuador,IND,CR-,CR/LFINF/CDN+ERL/H:1/IND:2,TOTAL,2801.0,252062011.0,84020669.0,0.0,442214.0,336082682.0,209184.0,0.0,158.0,570.0
ECU,Ecuador,IND,CR-,CR/LFINF/CDN+ERL/H:1/IND:3,TOTAL,73.0,8078639.0,2692878.0,0.0,14173.0,10771513.0,6704.0,0.0,194.0,570.0
ECU,Ecuador,IND,CR-,CR/LFINF/CDN+ERL/H:1/IND:4,TOTAL,244.0,52226515.0,17408841.0,0.0,91625.0,69635348.0,43342.0,0.0,376.0,570.0
ECU,Ecuador,IND,CR-,CR/LFINF/CDN+ERL/H:1/IND:6,TOTAL,980.0,90328875.0,30109628.0,0.0,158472.0,120438500.0,74963.0,0.0,162.0,570.0
ECU,Ecuador,RES,CR-,CR/LFINF/CDN+ERL/H:1/RES,RURAL,74.0,5964400.0,1052558.0,82.0,9620.0,7016958.0,3506.0,74.0,130.0,620.0
ECU,Ecuador,RES,CR-,CR/LFINF/CDN+ERL/H:1/RES,URBAN,5739.0,559552500.0,98744841.0,19602.0,746070.0,658297341.0,271902.0,5739.0,130.0,750.0
ECU,Ecuador,COM,CR-,CR/LFINF/CDN+ERL/H:2/COM,TOTAL,1.0,61370.0,10830.0,0.0,91.0,72200.0,45.0,0.0,91.0,674.0
ECU,Ecuador,COM,CR-,CR/LFINF/CDN+ERL/H:2/COM:1,TOTAL,1406.0,137491431.0,24263196.0,0.0,203691.0,161754624.0,99914.0,0.0,145.0,675.0
ECU,Ecuador,COM,CR-,CR/LFINF/CDN+ERL/H:2/COM:2,TOTAL,2635.0,550441874.0,97136804.0,0.0,815469.0,647578682.0,400000.0,0.0,309.0,675.0
ECU,Ecuador,COM,CR-,CR/LFINF/CDN+ERL/H:2/COM:3,TOTAL,1427.0,98882992.0,17449942.0,0.0,146493.0,116332924.0,71857.0,0.0,103.0,675.0
ECU,Ecuador,COM,CR-,CR/LFINF/CDN+ERL/H:2/COM:3A,TOTAL,81.0,23583115.0,4161724.0,0.0,34938.0,27744846.0,17138.0,0.0,431.0,675.0
ECU,Ecuador,COM,CR-,CR/LFINF/CDN+ERL/H:2/COM:3B,TOTAL,61.0,3709621.0,654640.0,0.0,5496.0,4364262.0,2696.0,0.0,90.0,675.0
ECU,Ecuador,COM,CR-,CR/LFINF/CDN+ERL/H:2/COM:3C,TOTAL,192.0,16834038.0,2970710.0,0.0,24939.0,19804749.0,12233.0,0.0,130.0,675.0
ECU,Ecuador,COM,CR-,CR/LFINF/CDN+ERL/H:2/COM:5,TOTAL,257.0,15715366.0,2773302.0,0.0,23282.0,18488664.0,11420.0,0.0,91.0,675.0
ECU,Ecuador,COM,CR-,CR/LFINF/CDN+ERL/H:2/COM:5A,TOTAL,351.0,22857472.0,4033670.0,0.0,33863.0,26891139.0,16611.0,0.0,96.0,675.0
ECU,Ecuador,COM,CR-,CR/LFINF/CDN+ERL/H:2/COM:5B,TOTAL,29.0,5548329.0,979116.0,0.0,8220.0,6527447.0,4032.0,0.0,283.0,675.0
ECU,Ecuador,IND,CR-,CR/LFINF/CDN+ERL/H:2/IND:1,TOTAL,145.0,21950207.0,7316735.0,0.0,38509.0,29266937.0,18234.0,0.0,266.0,570.0
ECU,Ecuador,IND,CR-,CR/LFINF/CDN+ERL/H:2/IND:2,TOTAL,1471.0,130862312.0,43620769.0,0.0,229583.0,174483079.0,108707.0,0.0,156.0,570.0
ECU,Ecuador,IND,CR-,CR/LFINF/CDN+ERL/H:2/IND:3,TOTAL,39.0,4118151.0,1372715.0,0.0,7225.0,5490869.0,3421.0,0.0,185.0,570.0
ECU,Ecuador,IND,CR-,CR/LFINF/CDN+ERL/H:2/IND:4,TOTAL,67.0,16585364.0,5528457.0,0.0,29097.0,22113819.0,13777.0,0.0,434.0,570.0
ECU,Ecuador,IND,CR-,CR/LFINF/CDN+ERL/H:2/IND:6,TOTAL,426.0,38658570.0,12886192.0,0.0,67822.0,51544756.0,32114.0,0.0,159.0,570.0
ECU,Ecuador,RES,CR-,CR/LFINF/CDN+ERL/H:2/RES,URBAN,3197.0,844252500.0,148985774.0,29429.0,1125670.0,993238274.0,410543.0,8659.0,352.0,750.0
ECU,Ecuador,COM,CR-,CR/LFINF/CDN+ERL/H:3/COM,TOTAL,6.0,558520.0,98563.0,0.0,827.0,657082.0,406.0,0.0,138.0,675.0
ECU,Ecuador,COM,CR-,CR/LFINF/CDN+ERL/H:3/COM:1,TOTAL,2059.0,310133048.0,54729366.0,0.0,459456.0,364862425.0,225557.0,0.0,223.0,675.0
ECU,Ecuador,COM,CR-,CR/LFINF/CDN+ERL/H:3/COM:2,TOTAL,2759.0,742954655.0,131109651.0,0.0,1100674.0,874064299.0,540344.0,0.0,399.0,675.0
ECU,Ecuador,COM,CR-,CR/LFINF/CDN+ERL/H:3/COM:3,TOTAL,2224.0,265283149.0,46814681.0,0.0,393012.0,312097837.0,192938.0,0.0,177.0,675.0
ECU,Ecuador,COM,CR-,CR/LFINF/CDN+ERL/H:3/COM:3A,TOTAL,149.0,82893345.0,14628239.0,0.0,122805.0,97521583.0,60288.0,0.0,824.0,675.0
ECU,Ecuador,COM,CR-,CR/LFINF/CDN+ERL/H:3/COM:3B,TOTAL,91.0,13150322.0,2320647.0,0.0,19482.0,15470969.0,9564.0,0.0,214.0,675.0
ECU,Ecuador,COM,CR-,CR/LFINF/CDN+ERL/H:3/COM:3C,TOTAL,384.0,50528980.0,8916881.0,0.0,74858.0,59445856.0,36750.0,0.0,195.0,675.0
ECU,Ecuador,COM,CR-,CR/LFINF/CDN+ERL/H:3/COM:5,TOTAL,565.0,53171355.0,9383191.0,0.0,78772.0,62554543.0,38671.0,0.0,139.0,675.0
ECU,Ecuador,COM,CR-,CR/LFINF/CDN+ERL/H:3/COM:5A,TOTAL,532.0,53785621.0,9491580.0,0.0,79682.0,63277204.0,39118.0,0.0,150.0,675.0
ECU,Ecuador,COM,CR-,CR/LFINF/CDN+ERL/H:3/COM:5B,TOTAL,65.0,21182826.0,3738150.0,0.0,31382.0,24920971.0,15406.0,0.0,483.0,675.0
ECU,Ecuador,RES,CR-,CR/LFINF/CDN+ERL/H:3/RES,URBAN,10782.0,3738247500.0,659690711.0,125895.0,4984330.0,4397938211.0,1819163.0,38341.0,462.0,750.0
ECU,Ecuador,COM,CR-,CR/LFINF/CDN+ERL/H:4/COM,TOTAL,15.0,1852169.0,326853.0,0.0,2744.0,2179024.0,1348.0,0.0,183.0,675.0
ECU,Ecuador,COM,CR-,CR/LFINF/CDN+ERL/H:4/COM:1,TOTAL,4114.0,781895242.0,137981516.0,0.0,1158363.0,919876766.0,569135.0,0.0,282.0,675.0
ECU,Ecuador,COM,CR-,CR/LFINF/CDN+ERL/H:4/COM:2,TOTAL,7373.0,2753909378.0,485984002.0,0.0,4079866.0,3239893371.0,2004547.0,0.0,553.0,675.0
ECU,Ecuador,COM,CR-,CR/LFINF/CDN+ERL/H:4/COM:3,TOTAL,4934.0,717779722.0,126667009.0,0.0,1063377.0,844446742.0,522466.0,0.0,216.0,675.0
ECU,Ecuador,COM,CR-,CR/LFINF/CDN+ERL/H:4/COM:3A,TOTAL,317.0,190637302.0,33641873.0,0.0,282426.0,224279172.0,138763.0,0.0,891.0,675.0
ECU,Ecuador,COM,CR-,CR/LFINF/CDN+ERL/H:4/COM:3B,TOTAL,197.0,30660278.0,5410636.0,0.0,45423.0,36070914.0,22318.0,0.0,231.0,675.0
ECU,Ecuador,COM,CR-,CR/LFINF/CDN+ERL/H:4/COM:3C,TOTAL,973.0,175195292.0,30916814.0,0.0,259549.0,206112103.0,127524.0,0.0,267.0,675.0
ECU,Ecuador,COM,CR-,CR/LFINF/CDN+ERL/H:4/COM:5,TOTAL,1664.0,210558351.0,37157353.0,0.0,311938.0,247715713.0,153264.0,0.0,187.0,675.0
ECU,Ecuador,COM,CR-,CR/LFINF/CDN+ERL/H:4/COM:5A,TOTAL,810.0,113717975.0,20067872.0,0.0,168471.0,133785850.0,82775.0,0.0,208.0,675.0
ECU,Ecuador,COM,CR-,CR/LFINF/CDN+ERL/H:4/COM:5B,TOTAL,187.0,83713467.0,14772962.0,0.0,124020.0,98486431.0,60935.0,0.0,663.0,675.0
ECU,Ecuador,RES,CR-,CR/LFINF/CDN+ERL/H:4/RES,RURAL,124.0,67478320.0,11907940.0,3618.0,108836.0,79386260.0,39752.0,1196.0,878.0,620.0
ECU,Ecuador,RES,CR-,CR/LFINF/CDN+ERL/H:4/RES,URBAN,9999.0,6300157500.0,1111792508.0,277047.0,8400210.0,7411950008.0,3068124.0,92310.0,840.0,750.0
ECU,Ecuador,COM,CR-,CR/LFINF/CDN+ERL/H:5-7/COM,TOTAL,31.0,5562444.0,981607.0,0.0,8241.0,6544055.0,4056.0,0.0,266.0,675.0
ECU,Ecuador,COM,CR-,CR/LFINF/CDN+ERL/H:5-7/COM:1,TOTAL,4945.0,1843193781.0,325269493.0,0.0,2730657.0,2168463284.0,1343863.0,0.0,552.0,675.0
ECU,Ecuador,COM,CR-,CR/LFINF/CDN+ERL/H:5-7/COM:2,TOTAL,12934.0,7385839456.0,1303383430.0,0.0,10941984.0,8689222880.0,5384977.0,0.0,846.0,675.0
ECU,Ecuador,COM,CR-,CR/LFINF/CDN+ERL/H:5-7/COM:3,TOTAL,6358.0,1583805590.0,279495107.0,0.0,2346379.0,1863300688.0,1154745.0,0.0,369.0,675.0
ECU,Ecuador,COM,CR-,CR/LFINF/CDN+ERL/H:5-7/COM:3A,TOTAL,485.0,515521423.0,90974365.0,0.0,763735.0,606495801.0,375864.0,0.0,1575.0,675.0
ECU,Ecuador,COM,CR-,CR/LFINF/CDN+ERL/H:5-7/COM:3B,TOTAL,250.0,68979030.0,12172768.0,0.0,102191.0,81151801.0,50292.0,0.0,409.0,675.0
ECU,Ecuador,COM,CR-,CR/LFINF/CDN+ERL/H:5-7/COM:3C,TOTAL,1432.0,387679452.0,68414021.0,0.0,574340.0,456093473.0,282656.0,0.0,401.0,675.0
ECU,Ecuador,COM,CR-,CR/LFINF/CDN+ERL/H:5-7/COM:5,TOTAL,3016.0,570680789.0,100708373.0,0.0,845453.0,671389161.0,416081.0,0.0,280.0,675.0
ECU,Ecuador,COM,CR-,CR/LFINF/CDN+ERL/H:5-7/COM:5A,TOTAL,1489.0,316310262.0,55819464.0,0.0,468608.0,372129718.0,230621.0,0.0,315.0,675.0
ECU,Ecuador,COM,CR-,CR/LFINF/CDN+ERL/H:5-7/COM:5B,TOTAL,252.0,193964900.0,34229096.0,0.0,287355.0,228194005.0,141419.0,0.0,1140.0,675.0
ECU,Ecuador,RES,CR-,CR/LFINF/CDN+ERL/H:5/RES,RURAL,194.0,326333280.0,57588225.0,17437.0,526344.0,383921505.0,192385.0,5784.0,2713.0,620.0
ECU,Ecuador,RES,CR-,CR/LFINF/CDN+ERL/H:5/RES,URBAN,4307.0,6999856500.0,1235268803.0,301491.0,9333142.0,8235125303.0,3411369.0,102562.0,2167.0,750.0
ECU,Ecuador,RES,CR-,CR/LFINF/CDN+ERL/H:6/RES,URBAN,2650.0,5042924250.0,889927798.0,215766.0,6723899.0,5932852048.0,2459463.0,73889.0,2537.0,750.0
ECU,Ecuador,RES,CR-,CR/LFINF/CDN+ERL/H:6/RES,RURAL,227.0,360016020.0,63532236.0,18868.0,580671.0,423548256.0,212398.0,6381.0,2558.0,620.0
ECU,Ecuador,RES,CR-,CR/LFINF/CDN+ERL/H:7/RES,URBAN,1267.0,2993581500.0,528279098.0,127238.0,3991442.0,3521860598.0,1461057.0,43862.0,3150.0,750.0
ECU,Ecuador,RES,CR-,CR/LFINF/CDN+ERL/H:7/RES,RURAL,50.0,106069600.0,18718167.0,5473.0,171080.0,124787767.0,62623.0,1880.0,3422.0,620.0
ECU,Ecuador,RES,CR-,CR/LFINF/CDN+ERL/H:8/RES,URBAN,515.0,1490716500.0,263067616.0,62832.0,1987622.0,1753784116.0,728097.0,21842.0,3859.0,750.0
ECU,Ecuador,RES,CR-,CR/LFINF/CDN+ERL/H:8/RES,RURAL,3.0,8011640.0,1413818.0,384.0,12922.0,9425458.0,4734.0,142.0,4307.0,620.0
ECU,Ecuador,RES,CR-,CR/LFINF/CDN+ERL/H:9/RES,URBAN,133.0,436185750.0,76973959.0,17235.0,581581.0,513159709.0,213198.0,6391.0,4373.0,750.0
ECU,Ecuador,RES,CR-,CR/LFINF/CDN+ERL/H:9/RES,RURAL,2.0,4513600.0,796518.0,226.0,7280.0,5310118.0,2669.0,80.0,3640.0,620.0
ECU,Ecuador,IND,CR-,CR/LFINF/CDN+ERL/H:>2/IND:1,TOTAL,2430.0,402399411.0,134133134.0,0.0,705964.0,536532551.0,334593.0,0.0,291.0,570.0
ECU,Ecuador,IND,CR-,CR/LFINF/CDN+ERL/H:>2/IND:2,TOTAL,27848.0,2530590006.0,843530003.0,0.0,4439632.0,3374120013.0,2104168.0,0.0,159.0,570.0
ECU,Ecuador,IND,CR-,CR/LFINF/CDN+ERL/H:>2/IND:3,TOTAL,738.0,82500894.0,27500299.0,0.0,144738.0,110001187.0,68599.0,0.0,196.0,570.0
ECU,Ecuador,IND,CR-,CR/LFINF/CDN+ERL/H:>2/IND:4,TOTAL,612.0,136441903.0,45480631.0,0.0,239372.0,181922536.0,113451.0,0.0,391.0,570.0
ECU,Ecuador,IND,CR-,CR/LFINF/CDN+ERL/H:>2/IND:6,TOTAL,7839.0,721390981.0,240463660.0,0.0,1265598.0,961854643.0,599832.0,0.0,161.0,570.0
ECU,Ecuador,COM,CR-,CR/LFINF/CDN+ERL/H:>7/COM,TOTAL,4.0,987061.0,174187.0,0.0,1462.0,1161248.0,721.0,0.0,366.0,675.0
ECU,Ecuador,COM,CR-,CR/LFINF/CDN+ERL/H:>7/COM:1,TOTAL,622.0,347829289.0,61381640.0,0.0,515303.0,409210926.0,254019.0,0.0,828.0,675.0
ECU,Ecuador,COM,CR-,CR/LFINF/CDN+ERL/H:>7/COM:2,TOTAL,2145.0,1594208673.0,281330942.0,0.0,2361791.0,1875539617.0,1164248.0,0.0,1101.0,675.0
ECU,Ecuador,COM,CR-,CR/LFINF/CDN+ERL/H:>7/COM:3,TOTAL,900.0,275516291.0,48620525.0,0.0,408172.0,324136811.0,201209.0,0.0,454.0,675.0
ECU,Ecuador,COM,CR-,CR/LFINF/CDN+ERL/H:>7/COM:3A,TOTAL,71.0,103723717.0,18304185.0,0.0,153665.0,122027898.0,75749.0,0.0,2164.0,675.0
ECU,Ecuador,COM,CR-,CR/LFINF/CDN+ERL/H:>7/COM:3B,TOTAL,35.0,12763001.0,2252296.0,0.0,18908.0,15015294.0,9321.0,0.0,540.0,675.0
ECU,Ecuador,COM,CR-,CR/LFINF/CDN+ERL/H:>7/COM:3C,TOTAL,215.0,80332225.0,14176272.0,0.0,119011.0,94508501.0,58667.0,0.0,554.0,675.0
ECU,Ecuador,COM,CR-,CR/LFINF/CDN+ERL/H:>7/COM:5,TOTAL,525.0,134313681.0,23702411.0,0.0,198983.0,158016090.0,98089.0,0.0,379.0,675.0
ECU,Ecuador,COM,CR-,CR/LFINF/CDN+ERL/H:>7/COM:5A,TOTAL,245.0,69469045.0,12259243.0,0.0,102917.0,81728280.0,50733.0,0.0,420.0,675.0
ECU,Ecuador,COM,CR-,CR/LFINF/CDN+ERL/H:>7/COM:5B,TOTAL,48.0,45885800.0,8097496.0,0.0,67979.0,53983295.0,33510.0,0.0,1416.0,675.0
ECU,Ecuador,RES,CR-,CR/LFINF/CDN+ERL/H:>9/RES,RURAL,2.0,4955040.0,874419.0,332.0,7992.0,5829459.0,2932.0,111.0,3996.0,620.0
ECU,Ecuador,RES,CR-,CR/LFINF/CDN+ERL/H:>9/RES,URBAN,109.0,296730000.0,52364119.0,12185.0,395640.0,349094119.0,145141.0,5495.0,3630.0,750.0
ECU,Ecuador,COM,CR+,CR/LWAL/CDH+ERH/H:1/COM:1,TOTAL,23.0,2280187.0,402386.0,0.0,3378.0,2682575.0,1804.0,0.0,147.0,675.0
ECU,Ecuador,COM,CR+,CR/LWAL/CDH+ERH/H:1/COM:2,TOTAL,21.0,1559450.0,275196.0,0.0,2310.0,1834651.0,1234.0,0.0,110.0,675.0
ECU,Ecuador,COM,CR+,CR/LWAL/CDH+ERH/H:1/COM:3,TOTAL,8.0,254186.0,44856.0,0.0,377.0,299041.0,201.0,0.0,47.0,674.0
ECU,Ecuador,COM,CR+,CR/LWAL/CDH+ERH/H:1/COM:3A,TOTAL,7.0,1068274.0,188519.0,0.0,1583.0,1256794.0,845.0,0.0,226.0,675.0
ECU,Ecuador,COM,CR+,CR/LWAL/CDH+ERH/H:1/COM:3C,TOTAL,2.0,87358.0,15416.0,0.0,129.0,102774.0,69.0,0.0,64.0,677.0
ECU,Ecuador,COM,CR+,CR/LWAL/CDH+ERH/H:1/COM:5,TOTAL,4.0,124232.0,21924.0,0.0,184.0,146156.0,98.0,0.0,46.0,675.0
ECU,Ecuador,COM,CR+,CR/LWAL/CDH+ERH/H:1/COM:5A,TOTAL,16.0,498456.0,87961.0,0.0,738.0,586419.0,394.0,0.0,46.0,675.0
ECU,Ecuador,COM,CR+,CR/LWAL/CDH+ERH/H:1/COM:5B,TOTAL,1.0,31328.0,5529.0,0.0,46.0,36857.0,25.0,0.0,46.0,681.0
ECU,Ecuador,COM,CR+,CR/LWAL/CDH+ERH/H:2/COM:1,TOTAL,14.0,2956730.0,521777.0,0.0,4380.0,3478506.0,2341.0,0.0,313.0,675.0
ECU,Ecuador,COM,CR+,CR/LWAL/CDH+ERH/H:2/COM:2,TOTAL,21.0,5085630.0,897466.0,0.0,7534.0,5983093.0,4027.0,0.0,359.0,675.0
ECU,Ecuador,COM,CR+,CR/LWAL/CDH+ERH/H:2/COM:3,TOTAL,3.0,184283.0,32521.0,0.0,273.0,216804.0,146.0,0.0,91.0,675.0
ECU,Ecuador,COM,CR+,CR/LWAL/CDH+ERH/H:2/COM:3A,TOTAL,3.0,186631.0,32935.0,0.0,276.0,219567.0,148.0,0.0,92.0,676.0
ECU,Ecuador,COM,CR+,CR/LWAL/CDH+ERH/H:2/COM:3C,TOTAL,2.0,176516.0,31150.0,0.0,262.0,207665.0,140.0,0.0,131.0,674.0
ECU,Ecuador,COM,CR+,CR/LWAL/CDH+ERH/H:2/COM:5,TOTAL,7.0,436844.0,77089.0,0.0,647.0,513936.0,346.0,0.0,92.0,675.0
ECU,Ecuador,COM,CR+,CR/LWAL/CDH+ERH/H:2/COM:5A,TOTAL,5.0,308119.0,54375.0,0.0,456.0,362493.0,244.0,0.0,91.0,676.0
ECU,Ecuador,COM,CR+,CR/LWAL/CDH+ERH/H:3/COM:1,TOTAL,18.0,3267577.0,576631.0,0.0,4841.0,3844210.0,2590.0,0.0,269.0,675.0
ECU,Ecuador,COM,CR+,CR/LWAL/CDH+ERH/H:3/COM:2,TOTAL,22.0,3940201.0,695329.0,0.0,5837.0,4635529.0,3123.0,0.0,265.0,675.0
ECU,Ecuador,COM,CR+,CR/LWAL/CDH+ERH/H:3/COM:3,TOTAL,7.0,2209839.0,389972.0,0.0,3274.0,2599812.0,1751.0,0.0,468.0,675.0
ECU,Ecuador,COM,CR+,CR/LWAL/CDH+ERH/H:3/COM:3A,TOTAL,5.0,463774.0,81843.0,0.0,687.0,545618.0,368.0,0.0,137.0,675.0
ECU,Ecuador,COM,CR+,CR/LWAL/CDH+ERH/H:3/COM:3C,TOTAL,5.0,651339.0,114943.0,0.0,965.0,766281.0,516.0,0.0,193.0,675.0
ECU,Ecuador,COM,CR+,CR/LWAL/CDH+ERH/H:3/COM:5,TOTAL,8.0,748683.0,132121.0,0.0,1109.0,880804.0,593.0,0.0,139.0,675.0
ECU,Ecuador,COM,CR+,CR/LWAL/CDH+ERH/H:3/COM:5A,TOTAL,7.0,651924.0,115045.0,0.0,966.0,766971.0,517.0,0.0,138.0,675.0
ECU,Ecuador,COM,CR+,CR/LWAL/CDH+ERH/H:3/COM:5B,TOTAL,1.0,1226214.0,216391.0,0.0,1817.0,1442605.0,972.0,0.0,1817.0,675.0
ECU,Ecuador,COM,CR+,CR/LWAL/CDH+ERH/H:4/COM:1,TOTAL,43.0,7319865.0,1291741.0,0.0,10844.0,8611608.0,5806.0,0.0,252.0,675.0
ECU,Ecuador,COM,CR+,CR/LWAL/CDH+ERH/H:4/COM:2,TOTAL,45.0,16453210.0,2903508.0,0.0,24375.0,19356716.0,13051.0,0.0,542.0,675.0
ECU,Ecuador,COM,CR+,CR/LWAL/CDH+ERH/H:4/COM:3,TOTAL,22.0,2624463.0,463140.0,0.0,3888.0,3087605.0,2082.0,0.0,177.0,675.0
ECU,Ecuador,COM,CR+,CR/LWAL/CDH+ERH/H:4/COM:3A,TOTAL,12.0,9999002.0,1764530.0,0.0,14813.0,11763532.0,7931.0,0.0,1234.0,675.0
ECU,Ecuador,COM,CR+,CR/LWAL/CDH+ERH/H:4/COM:3B,TOTAL,1.0,121880.0,21508.0,0.0,181.0,143389.0,97.0,0.0,181.0,673.0
ECU,Ecuador,COM,CR+,CR/LWAL/CDH+ERH/H:4/COM:3C,TOTAL,14.0,2440204.0,430623.0,0.0,3615.0,2870828.0,1936.0,0.0,258.0,675.0
ECU,Ecuador,COM,CR+,CR/LWAL/CDH+ERH/H:4/COM:5,TOTAL,34.0,4088558.0,721510.0,0.0,6057.0,4810068.0,3243.0,0.0,178.0,675.0
ECU,Ecuador,COM,CR+,CR/LWAL/CDH+ERH/H:4/COM:5A,TOTAL,9.0,1130840.0,199561.0,0.0,1675.0,1330401.0,897.0,0.0,186.0,675.0
ECU,Ecuador,COM,CR+,CR/LWAL/CDH+ERH/H:5-7/COM:1,TOTAL,53.0,22477041.0,3966537.0,0.0,33299.0,26443583.0,17859.0,0.0,628.0,675.0
ECU,Ecuador,COM,CR+,CR/LWAL/CDH+ERH/H:5-7/COM:2,TOTAL,91.0,89342135.0,15766262.0,0.0,132359.0,105108397.0,70987.0,0.0,1454.0,675.0
ECU,Ecuador,COM,CR+,CR/LWAL/CDH+ERH/H:5-7/COM:3,TOTAL,28.0,8259777.0,1457610.0,0.0,12237.0,9717387.0,6563.0,0.0,437.0,675.0
ECU,Ecuador,COM,CR+,CR/LWAL/CDH+ERH/H:5-7/COM:3A,TOTAL,11.0,18591484.0,3280851.0,0.0,27543.0,21872336.0,14772.0,0.0,2504.0,675.0
ECU,Ecuador,COM,CR+,CR/LWAL/CDH+ERH/H:5-7/COM:3B,TOTAL,1.0,189804.0,33495.0,0.0,281.0,223299.0,151.0,0.0,281.0,675.0
ECU,Ecuador,COM,CR+,CR/LWAL/CDH+ERH/H:5-7/COM:3C,TOTAL,10.0,3038746.0,536249.0,0.0,4502.0,3574996.0,2414.0,0.0,450.0,675.0
ECU,Ecuador,COM,CR+,CR/LWAL/CDH+ERH/H:5-7/COM:5,TOTAL,41.0,7621962.0,1345052.0,0.0,11292.0,8967016.0,6056.0,0.0,275.0,675.0
ECU,Ecuador,COM,CR+,CR/LWAL/CDH+ERH/H:5-7/COM:5A,TOTAL,16.0,2986547.0,527039.0,0.0,4425.0,3513585.0,2373.0,0.0,277.0,675.0
ECU,Ecuador,COM,CR+,CR/LWAL/CDH+ERH/H:5-7/COM:5B,TOTAL,8.0,8571384.0,1512597.0,0.0,12698.0,10083980.0,6810.0,0.0,1587.0,675.0
ECU,Ecuador,COM,CR+,CR/LWAL/CDH+ERH/H:>7/COM:1,TOTAL,8.0,1980003.0,349413.0,0.0,2933.0,2329415.0,1576.0,0.0,367.0,675.0
ECU,Ecuador,COM,CR+,CR/LWAL/CDH+ERH/H:>7/COM:2,TOTAL,15.0,8671109.0,1530196.0,0.0,12846.0,10201305.0,6901.0,0.0,856.0,675.0
ECU,Ecuador,COM,CR+,CR/LWAL/CDH+ERH/H:>7/COM:3,TOTAL,3.0,4946519.0,872916.0,0.0,7328.0,5819434.0,3937.0,0.0,2443.0,675.0
ECU,Ecuador,COM,CR+,CR/LWAL/CDH+ERH/H:>7/COM:3A,TOTAL,5.0,1240540.0,218919.0,0.0,1838.0,1459458.0,987.0,0.0,368.0,675.0
ECU,Ecuador,COM,CR+,CR/LWAL/CDH+ERH/H:>7/COM:3C,TOTAL,2.0,692439.0,122195.0,0.0,1026.0,814635.0,551.0,0.0,513.0,675.0
ECU,Ecuador,COM,CR+,CR/LWAL/CDH+ERH/H:>7/COM:5,TOTAL,4.0,992208.0,175096.0,0.0,1470.0,1167304.0,790.0,0.0,368.0,675.0
ECU,Ecuador,COM,CR+,CR/LWAL/CDH+ERH/H:>7/COM:5A,TOTAL,2.0,490758.0,86605.0,0.0,727.0,577362.0,391.0,0.0,364.0,675.0
ECU,Ecuador,COM,CR+,CR/LWAL/CDH+ERH/H:>7/COM:5B,TOTAL,2.0,3522318.0,621586.0,0.0,5218.0,4143902.0,2803.0,0.0,2609.0,675.0
ECU,Ecuador,COM,CR-,CR/LWAL/CDH+ERL/H:1/COM:1,TOTAL,5.0,154777.0,27314.0,0.0,229.0,182092.0,122.0,0.0,46.0,676.0
ECU,Ecuador,COM,CR-,CR/LWAL/CDH+ERL/H:1/COM:2,TOTAL,5.0,314141.0,55436.0,0.0,465.0,369577.0,249.0,0.0,93.0,676.0
ECU,Ecuador,COM,CR-,CR/LWAL/CDH+ERL/H:1/COM:3,TOTAL,1.0,30729.0,5423.0,0.0,46.0,36152.0,24.0,0.0,46.0,668.0
ECU,Ecuador,COM,CR-,CR/LWAL/CDH+ERL/H:1/COM:3C,TOTAL,2.0,85684.0,15120.0,0.0,127.0,100805.0,68.0,0.0,64.0,675.0
ECU,Ecuador,COM,CR-,CR/LWAL/CDH+ERL/H:1/COM:5,TOTAL,2.0,61989.0,10940.0,0.0,92.0,72929.0,49.0,0.0,46.0,674.0
ECU,Ecuador,COM,CR-,CR/LWAL/CDH+ERL/H:1/COM:5A,TOTAL,2.0,62928.0,11105.0,0.0,93.0,74034.0,50.0,0.0,46.0,677.0
ECU,Ecuador,COM,CR-,CR/LWAL/CDH+ERL/H:2/COM:1,TOTAL,5.0,309312.0,54584.0,0.0,458.0,363896.0,245.0,0.0,92.0,675.0
ECU,Ecuador,COM,CR-,CR/LWAL/CDH+ERL/H:2/COM:2,TOTAL,2.0,2856362.0,504064.0,0.0,4232.0,3360426.0,2262.0,0.0,2116.0,675.0
ECU,Ecuador,COM,CR-,CR/LWAL/CDH+ERL/H:2/COM:3A,TOTAL,1.0,62427.0,11016.0,0.0,92.0,73443.0,49.0,0.0,92.0,679.0
ECU,Ecuador,COM,CR-,CR/LWAL/CDH+ERL/H:2/COM:3C,TOTAL,3.0,259467.0,45788.0,0.0,384.0,305255.0,205.0,0.0,128.0,676.0
ECU,Ecuador,COM,CR-,CR/LWAL/CDH+ERL/H:2/COM:5A,TOTAL,1.0,61050.0,10774.0,0.0,90.0,71824.0,48.0,0.0,90.0,678.0
ECU,Ecuador,COM,CR-,CR/LWAL/CDH+ERL/H:3/COM:3A,TOTAL,2.0,183608.0,32401.0,0.0,272.0,216009.0,146.0,0.0,136.0,675.0
ECU,Ecuador,COM,CR-,CR/LWAL/CDH+ERL/H:3/COM:3B,TOTAL,1.0,94393.0,16658.0,0.0,140.0,111050.0,75.0,0.0,140.0,674.0
ECU,Ecuador,COM,CR-,CR/LWAL/CDH+ERL/H:3/COM:5A,TOTAL,1.0,94393.0,16658.0,0.0,140.0,111050.0,75.0,0.0,140.0,674.0
ECU,Ecuador,COM,CR-,CR/LWAL/CDH+ERL/H:4/COM:2,TOTAL,1.0,251714.0,44420.0,0.0,373.0,296134.0,200.0,0.0,373.0,675.0
ECU,Ecuador,COM,CR-,CR/LWAL/CDH+ERL/H:4/COM:3,TOTAL,2.0,247957.0,43757.0,0.0,367.0,291714.0,197.0,0.0,184.0,676.0
ECU,Ecuador,COM,CR-,CR/LWAL/CDH+ERL/H:4/COM:5,TOTAL,1.0,122100.0,21547.0,0.0,181.0,143647.0,97.0,0.0,181.0,675.0
ECU,Ecuador,COM,CR-,CR/LWAL/CDH+ERL/H:5-7/COM:1,TOTAL,1.0,182339.0,32178.0,0.0,270.0,214517.0,145.0,0.0,270.0,675.0
ECU,Ecuador,COM,CR-,CR/LWAL/CDH+ERL/H:5-7/COM:2,TOTAL,1.0,368130.0,64964.0,0.0,545.0,433095.0,292.0,0.0,545.0,675.0
ECU,Ecuador,COM,CR-,CR/LWAL/CDH+ERL/H:5-7/COM:5A,TOTAL,1.0,188785.0,33315.0,0.0,280.0,222101.0,150.0,0.0,280.0,674.0
ECU,Ecuador,COM,CR+,CR/LWAL/CDH+ERM/H:1/COM:1,TOTAL,41.0,1764663.0,311412.0,0.0,2614.0,2076077.0,1396.0,0.0,64.0,675.0
ECU,Ecuador,COM,CR+,CR/LWAL/CDH+ERM/H:1/COM:2,TOTAL,34.0,4127026.0,728300.0,0.0,6114.0,4855328.0,3265.0,0.0,180.0,675.0
ECU,Ecuador,COM,CR+,CR/LWAL/CDH+ERM/H:1/COM:3,TOTAL,14.0,433551.0,76510.0,0.0,642.0,510061.0,343.0,0.0,46.0,675.0
ECU,Ecuador,COM,CR+,CR/LWAL/CDH+ERM/H:1/COM:3A,TOTAL,14.0,2647871.0,467270.0,0.0,3923.0,3115144.0,2095.0,0.0,280.0,675.0
ECU,Ecuador,COM,CR+,CR/LWAL/CDH+ERM/H:1/COM:3B,TOTAL,4.0,122932.0,21695.0,0.0,182.0,144627.0,97.0,0.0,46.0,675.0
ECU,Ecuador,COM,CR+,CR/LWAL/CDH+ERM/H:1/COM:3C,TOTAL,5.0,217425.0,38368.0,0.0,322.0,255794.0,172.0,0.0,64.0,675.0
ECU,Ecuador,COM,CR+,CR/LWAL/CDH+ERM/H:1/COM:5,TOTAL,7.0,218215.0,38509.0,0.0,323.0,256724.0,173.0,0.0,46.0,676.0
ECU,Ecuador,COM,CR+,CR/LWAL/CDH+ERM/H:1/COM:5A,TOTAL,13.0,402345.0,71002.0,0.0,596.0,473346.0,318.0,0.0,46.0,675.0
ECU,Ecuador,COM,CR+,CR/LWAL/CDH+ERM/H:1/COM:5B,TOTAL,1.0,31334.0,5530.0,0.0,46.0,36863.0,25.0,0.0,46.0,681.0
ECU,Ecuador,COM,CR+,CR/LWAL/CDH+ERM/H:2/COM:1,TOTAL,16.0,2236820.0,394733.0,0.0,3314.0,2631553.0,1771.0,0.0,207.0,675.0
ECU,Ecuador,COM,CR+,CR/LWAL/CDH+ERM/H:2/COM:2,TOTAL,18.0,4825386.0,851539.0,0.0,7149.0,5676924.0,3821.0,0.0,397.0,675.0
ECU,Ecuador,COM,CR+,CR/LWAL/CDH+ERM/H:2/COM:3,TOTAL,3.0,194529.0,34329.0,0.0,288.0,228858.0,154.0,0.0,96.0,675.0
ECU,Ecuador,COM,CR+,CR/LWAL/CDH+ERM/H:2/COM:3A,TOTAL,1.0,1105164.0,195029.0,0.0,1637.0,1300193.0,875.0,0.0,1637.0,675.0
ECU,Ecuador,COM,CR+,CR/LWAL/CDH+ERM/H:2/COM:3B,TOTAL,1.0,62427.0,11016.0,0.0,92.0,73443.0,49.0,0.0,92.0,679.0
ECU,Ecuador,COM,CR+,CR/LWAL/CDH+ERM/H:2/COM:3C,TOTAL,3.0,258837.0,45677.0,0.0,383.0,304513.0,205.0,0.0,128.0,676.0
ECU,Ecuador,COM,CR+,CR/LWAL/CDH+ERM/H:2/COM:5,TOTAL,4.0,254602.0,44930.0,0.0,377.0,299532.0,202.0,0.0,94.0,675.0
ECU,Ecuador,COM,CR+,CR/LWAL/CDH+ERM/H:2/COM:5A,TOTAL,1.0,62000.0,10941.0,0.0,92.0,72941.0,49.0,0.0,92.0,674.0
ECU,Ecuador,COM,CR+,CR/LWAL/CDH+ERM/H:3/COM:1,TOTAL,27.0,5516645.0,973526.0,0.0,8173.0,6490169.0,4372.0,0.0,303.0,675.0
ECU,Ecuador,COM,CR+,CR/LWAL/CDH+ERM/H:3/COM:2,TOTAL,16.0,2987549.0,527213.0,0.0,4426.0,3514763.0,2368.0,0.0,277.0,675.0
ECU,Ecuador,COM,CR+,CR/LWAL/CDH+ERM/H:3/COM:3,TOTAL,7.0,2227961.0,393169.0,0.0,3301.0,2621129.0,1766.0,0.0,472.0,675.0
ECU,Ecuador,COM,CR+,CR/LWAL/CDH+ERM/H:3/COM:3A,TOTAL,6.0,3743839.0,660678.0,0.0,5546.0,4404517.0,2967.0,0.0,924.0,675.0
ECU,Ecuador,COM,CR+,CR/LWAL/CDH+ERM/H:3/COM:3B,TOTAL,1.0,95930.0,16929.0,0.0,142.0,112859.0,76.0,0.0,142.0,676.0
ECU,Ecuador,COM,CR+,CR/LWAL/CDH+ERM/H:3/COM:3C,TOTAL,5.0,650840.0,114854.0,0.0,964.0,765694.0,516.0,0.0,193.0,675.0
ECU,Ecuador,COM,CR+,CR/LWAL/CDH+ERM/H:3/COM:5,TOTAL,5.0,467288.0,82464.0,0.0,692.0,549751.0,370.0,0.0,138.0,675.0
ECU,Ecuador,COM,CR+,CR/LWAL/CDH+ERM/H:3/COM:5A,TOTAL,6.0,558102.0,98490.0,0.0,827.0,656591.0,442.0,0.0,138.0,675.0
ECU,Ecuador,COM,CR+,CR/LWAL/CDH+ERM/H:4/COM:1,TOTAL,36.0,8768810.0,1547435.0,0.0,12991.0,10316248.0,6955.0,0.0,361.0,675.0
ECU,Ecuador,COM,CR+,CR/LWAL/CDH+ERM/H:4/COM:2,TOTAL,40.0,9828436.0,1734431.0,0.0,14561.0,11562867.0,7796.0,0.0,364.0,675.0
ECU,Ecuador,COM,CR+,CR/LWAL/CDH+ERM/H:4/COM:3,TOTAL,15.0,6323100.0,1115842.0,0.0,9368.0,7438940.0,5015.0,0.0,625.0,675.0
ECU,Ecuador,COM,CR+,CR/LWAL/CDH+ERM/H:4/COM:3A,TOTAL,8.0,3103101.0,547605.0,0.0,4597.0,3650708.0,2461.0,0.0,575.0,675.0
ECU,Ecuador,COM,CR+,CR/LWAL/CDH+ERM/H:4/COM:3B,TOTAL,3.0,372077.0,65661.0,0.0,551.0,437737.0,295.0,0.0,184.0,675.0
ECU,Ecuador,COM,CR+,CR/LWAL/CDH+ERM/H:4/COM:3C,TOTAL,14.0,2736264.0,482870.0,0.0,4054.0,3219135.0,2170.0,0.0,290.0,675.0
ECU,Ecuador,COM,CR+,CR/LWAL/CDH+ERM/H:4/COM:5,TOTAL,17.0,2137173.0,377149.0,0.0,3166.0,2514323.0,1695.0,0.0,186.0,675.0
ECU,Ecuador,COM,CR+,CR/LWAL/CDH+ERM/H:4/COM:5A,TOTAL,9.0,1114684.0,196709.0,0.0,1651.0,1311392.0,884.0,0.0,183.0,675.0
ECU,Ecuador,COM,CR+,CR/LWAL/CDH+ERM/H:4/COM:5B,TOTAL,2.0,248318.0,43820.0,0.0,368.0,292139.0,197.0,0.0,184.0,675.0
ECU,Ecuador,COM,CR+,CR/LWAL/CDH+ERM/H:5-7/COM:1,TOTAL,44.0,23850597.0,4208929.0,0.0,35334.0,28059527.0,18950.0,0.0,803.0,675.0
ECU,Ecuador,COM,CR+,CR/LWAL/CDH+ERM/H:5-7/COM:2,TOTAL,76.0,43781437.0,7726137.0,0.0,64861.0,51507577.0,34786.0,0.0,853.0,675.0
ECU,Ecuador,COM,CR+,CR/LWAL/CDH+ERM/H:5-7/COM:3,TOTAL,12.0,6440095.0,1136487.0,0.0,9541.0,7576583.0,5117.0,0.0,795.0,675.0
ECU,Ecuador,COM,CR+,CR/LWAL/CDH+ERM/H:5-7/COM:3A,TOTAL,17.0,12916922.0,2279455.0,0.0,19136.0,15196379.0,10263.0,0.0,1126.0,675.0
ECU,Ecuador,COM,CR+,CR/LWAL/CDH+ERM/H:5-7/COM:3C,TOTAL,13.0,7806102.0,1377550.0,0.0,11565.0,9183650.0,6202.0,0.0,890.0,675.0
ECU,Ecuador,COM,CR+,CR/LWAL/CDH+ERM/H:5-7/COM:5,TOTAL,34.0,6235913.0,1100455.0,0.0,9238.0,7336370.0,4955.0,0.0,272.0,675.0
ECU,Ecuador,COM,CR+,CR/LWAL/CDH+ERM/H:5-7/COM:5A,TOTAL,14.0,2614967.0,461465.0,0.0,3874.0,3076433.0,2078.0,0.0,277.0,675.0
ECU,Ecuador,COM,CR+,CR/LWAL/CDH+ERM/H:5-7/COM:5B,TOTAL,5.0,3342948.0,589931.0,0.0,4953.0,3932880.0,2656.0,0.0,991.0,675.0
ECU,Ecuador,COM,CR+,CR/LWAL/CDH+ERM/H:>7/COM:1,TOTAL,2.0,494816.0,87321.0,0.0,733.0,582136.0,394.0,0.0,366.0,675.0
ECU,Ecuador,COM,CR+,CR/LWAL/CDH+ERM/H:>7/COM:2,TOTAL,5.0,13527240.0,2387160.0,0.0,20040.0,15914400.0,10766.0,0.0,4008.0,675.0
ECU,Ecuador,COM,CR+,CR/LWAL/CDH+ERM/H:>7/COM:3,TOTAL,2.0,499287.0,88110.0,0.0,740.0,587396.0,397.0,0.0,370.0,675.0
ECU,Ecuador,COM,CR+,CR/LWAL/CDH+ERM/H:>7/COM:3C,TOTAL,2.0,693405.0,122366.0,0.0,1027.0,815772.0,552.0,0.0,514.0,675.0
ECU,Ecuador,COM,CR+,CR/LWAL/CDH+ERM/H:>7/COM:5,TOTAL,3.0,739483.0,130497.0,0.0,1096.0,869980.0,589.0,0.0,365.0,675.0
ECU,Ecuador,COM,CR+,CR/LWAL/CDH+ERM/H:>7/COM:5A,TOTAL,1.0,250625.0,44228.0,0.0,371.0,294853.0,199.0,0.0,371.0,676.0
ECU,Ecuador,RES,CR-,CR/LWAL/CDL+ERH/H:1/RES,URBAN,62.0,6045000.0,1066772.0,216.0,8060.0,7111772.0,3415.0,62.0,130.0,750.0
ECU,Ecuador,RES,CR-,CR/LWAL/CDL+ERH/H:2/RES,URBAN,10.0,1852500.0,326914.0,65.0,2470.0,2179414.0,1047.0,19.0,247.0,750.0
ECU,Ecuador,RES,CR-,CR/LWAL/CDL+ERH/H:3/RES,URBAN,29.0,6142500.0,1083978.0,210.0,8190.0,7226478.0,3475.0,63.0,282.0,750.0
ECU,Ecuador,COM,CR-,CR/LWAL/CDL+ERL/H:1/COM:1,TOTAL,251.0,10291148.0,1816085.0,0.0,15246.0,12107232.0,8142.0,0.0,61.0,675.0
ECU,Ecuador,COM,CR-,CR/LWAL/CDL+ERL/H:1/COM:2,TOTAL,150.0,17904700.0,3159652.0,0.0,26525.0,21064350.0,14166.0,0.0,177.0,675.0
ECU,Ecuador,COM,CR-,CR/LWAL/CDL+ERL/H:1/COM:3,TOTAL,108.0,4849687.0,855827.0,0.0,7185.0,5705509.0,3837.0,0.0,67.0,675.0
ECU,Ecuador,COM,CR-,CR/LWAL/CDL+ERL/H:1/COM:3A,TOTAL,85.0,12527963.0,2210817.0,0.0,18560.0,14738783.0,9912.0,0.0,218.0,675.0
ECU,Ecuador,COM,CR-,CR/LWAL/CDL+ERL/H:1/COM:3B,TOTAL,10.0,937798.0,165492.0,0.0,1389.0,1103290.0,742.0,0.0,139.0,675.0
ECU,Ecuador,COM,CR-,CR/LWAL/CDL+ERL/H:1/COM:3C,TOTAL,48.0,2076438.0,366430.0,0.0,3076.0,2442868.0,1643.0,0.0,64.0,675.0
ECU,Ecuador,COM,CR-,CR/LWAL/CDL+ERL/H:1/COM:5,TOTAL,32.0,985421.0,173900.0,0.0,1460.0,1159323.0,780.0,0.0,46.0,675.0
ECU,Ecuador,COM,CR-,CR/LWAL/CDL+ERL/H:1/COM:5A,TOTAL,118.0,3594107.0,634252.0,0.0,5325.0,4228364.0,2844.0,0.0,45.0,675.0
ECU,Ecuador,COM,CR-,CR/LWAL/CDL+ERL/H:1/COM:5B,TOTAL,6.0,186126.0,32846.0,0.0,276.0,218972.0,147.0,0.0,46.0,674.0
ECU,Ecuador,RES,CR-,CR/LWAL/CDL+ERL/H:1/RES,URBAN,803.0,78292500.0,13816412.0,2754.0,104390.0,92108912.0,44224.0,803.0,130.0,750.0
ECU,Ecuador,COM,CR-,CR/LWAL/CDL+ERL/H:2/COM:1,TOTAL,108.0,10736425.0,1894667.0,0.0,15906.0,12631092.0,8502.0,0.0,147.0,675.0
ECU,Ecuador,COM,CR-,CR/LWAL/CDL+ERL/H:2/COM:2,TOTAL,115.0,27586970.0,4868290.0,0.0,40870.0,32455261.0,21845.0,0.0,355.0,675.0
ECU,Ecuador,COM,CR-,CR/LWAL/CDL+ERL/H:2/COM:3,TOTAL,42.0,2536704.0,447655.0,0.0,3758.0,2984362.0,2009.0,0.0,89.0,675.0
ECU,Ecuador,COM,CR-,CR/LWAL/CDL+ERL/H:2/COM:3A,TOTAL,22.0,10784341.0,1903120.0,0.0,15977.0,12687460.0,8540.0,0.0,726.0,675.0
ECU,Ecuador,COM,CR-,CR/LWAL/CDL+ERL/H:2/COM:3B,TOTAL,5.0,307293.0,54228.0,0.0,455.0,361522.0,243.0,0.0,91.0,675.0
ECU,Ecuador,COM,CR-,CR/LWAL/CDL+ERL/H:2/COM:3C,TOTAL,20.0,1741807.0,307378.0,0.0,2580.0,2049183.0,1379.0,0.0,129.0,675.0
ECU,Ecuador,COM,CR-,CR/LWAL/CDL+ERL/H:2/COM:5,TOTAL,24.0,1476771.0,260607.0,0.0,2188.0,1737379.0,1169.0,0.0,91.0,675.0
ECU,Ecuador,COM,CR-,CR/LWAL/CDL+ERL/H:2/COM:5A,TOTAL,32.0,1972652.0,348116.0,0.0,2922.0,2320769.0,1562.0,0.0,91.0,675.0
ECU,Ecuador,COM,CR-,CR/LWAL/CDL+ERL/H:2/COM:5B,TOTAL,1.0,96608.0,17049.0,0.0,143.0,113657.0,77.0,0.0,143.0,676.0
ECU,Ecuador,RES,CR-,CR/LWAL/CDL+ERL/H:2/RES,URBAN,91.0,24082500.0,4249870.0,838.0,32110.0,28332370.0,13613.0,247.0,353.0,750.0
ECU,Ecuador,COM,CR-,CR/LWAL/CDL+ERL/H:3/COM:1,TOTAL,133.0,17021131.0,3003730.0,0.0,25216.0,20024865.0,13490.0,0.0,190.0,675.0
ECU,Ecuador,COM,CR-,CR/LWAL/CDL+ERL/H:3/COM:2,TOTAL,126.0,40231800.0,7099732.0,0.0,59603.0,47331534.0,31885.0,0.0,473.0,675.0
ECU,Ecuador,COM,CR-,CR/LWAL/CDL+ERL/H:3/COM:3,TOTAL,53.0,4815664.0,849824.0,0.0,7134.0,5665493.0,3817.0,0.0,135.0,675.0
ECU,Ecuador,COM,CR-,CR/LWAL/CDL+ERL/H:3/COM:3A,TOTAL,38.0,22616975.0,3991230.0,0.0,33507.0,26608205.0,17925.0,0.0,882.0,675.0
ECU,Ecuador,COM,CR-,CR/LWAL/CDL+ERL/H:3/COM:3B,TOTAL,3.0,279157.0,49263.0,0.0,414.0,328420.0,221.0,0.0,138.0,674.0
ECU,Ecuador,COM,CR-,CR/LWAL/CDL+ERL/H:3/COM:3C,TOTAL,32.0,4108697.0,725065.0,0.0,6087.0,4833762.0,3256.0,0.0,190.0,675.0
ECU,Ecuador,COM,CR-,CR/LWAL/CDL+ERL/H:3/COM:5,TOTAL,46.0,4172470.0,736317.0,0.0,6181.0,4908793.0,3307.0,0.0,134.0,675.0
ECU,Ecuador,COM,CR-,CR/LWAL/CDL+ERL/H:3/COM:5A,TOTAL,42.0,3820115.0,674138.0,0.0,5659.0,4494257.0,3028.0,0.0,135.0,675.0
ECU,Ecuador,COM,CR-,CR/LWAL/CDL+ERL/H:3/COM:5B,TOTAL,6.0,4090484.0,721851.0,0.0,6060.0,4812334.0,3242.0,0.0,1010.0,675.0
ECU,Ecuador,RES,CR-,CR/LWAL/CDL+ERL/H:3/RES,URBAN,403.0,135915000.0,23985059.0,4771.0,181220.0,159900059.0,76888.0,1394.0,450.0,750.0
ECU,Ecuador,COM,CR-,CR/LWAL/CDL+ERL/H:4/COM:1,TOTAL,298.0,66439704.0,11724658.0,0.0,98429.0,78164360.0,52700.0,0.0,330.0,675.0
ECU,Ecuador,COM,CR-,CR/LWAL/CDL+ERL/H:4/COM:2,TOTAL,323.0,145824712.0,25733774.0,0.0,216037.0,171558487.0,115668.0,0.0,669.0,675.0
ECU,Ecuador,COM,CR-,CR/LWAL/CDL+ERL/H:4/COM:3,TOTAL,131.0,24385071.0,4303248.0,0.0,36126.0,28688322.0,19342.0,0.0,276.0,675.0
ECU,Ecuador,COM,CR-,CR/LWAL/CDL+ERL/H:4/COM:3A,TOTAL,89.0,46003248.0,8118220.0,0.0,68153.0,54121469.0,36490.0,0.0,766.0,675.0
ECU,Ecuador,COM,CR-,CR/LWAL/CDL+ERL/H:4/COM:3B,TOTAL,9.0,1118607.0,197401.0,0.0,1657.0,1316012.0,887.0,0.0,184.0,675.0
ECU,Ecuador,COM,CR-,CR/LWAL/CDL+ERL/H:4/COM:3C,TOTAL,94.0,16579465.0,2925787.0,0.0,24562.0,19505253.0,13151.0,0.0,261.0,675.0
ECU,Ecuador,COM,CR-,CR/LWAL/CDL+ERL/H:4/COM:5,TOTAL,158.0,20235457.0,3570962.0,0.0,29978.0,23806419.0,16051.0,0.0,190.0,675.0
ECU,Ecuador,COM,CR-,CR/LWAL/CDL+ERL/H:4/COM:5A,TOTAL,77.0,9591373.0,1692597.0,0.0,14209.0,11283966.0,7608.0,0.0,185.0,675.0
ECU,Ecuador,COM,CR-,CR/LWAL/CDL+ERL/H:4/COM:5B,TOTAL,19.0,13152021.0,2320945.0,0.0,19484.0,15472966.0,10432.0,0.0,1025.0,675.0
ECU,Ecuador,COM,CR-,CR/LWAL/CDL+ERL/H:5-7/COM:1,TOTAL,315.0,106573152.0,18807024.0,0.0,157886.0,125380183.0,84678.0,0.0,501.0,675.0
ECU,Ecuador,COM,CR-,CR/LWAL/CDL+ERL/H:5-7/COM:2,TOTAL,616.0,360207372.0,63566003.0,0.0,533641.0,423773382.0,286202.0,0.0,866.0,675.0
ECU,Ecuador,COM,CR-,CR/LWAL/CDL+ERL/H:5-7/COM:3,TOTAL,152.0,49123801.0,8668905.0,0.0,72776.0,57792711.0,39031.0,0.0,479.0,675.0
ECU,Ecuador,COM,CR-,CR/LWAL/CDL+ERL/H:5-7/COM:3A,TOTAL,138.0,146800547.0,25905978.0,0.0,217482.0,172706523.0,116640.0,0.0,1576.0,675.0
ECU,Ecuador,COM,CR-,CR/LWAL/CDL+ERL/H:5-7/COM:3B,TOTAL,17.0,6323625.0,1115935.0,0.0,9368.0,7439560.0,5024.0,0.0,551.0,675.0
ECU,Ecuador,COM,CR-,CR/LWAL/CDL+ERL/H:5-7/COM:3C,TOTAL,134.0,39588357.0,6986184.0,0.0,58649.0,46574538.0,31455.0,0.0,438.0,675.0
ECU,Ecuador,COM,CR-,CR/LWAL/CDL+ERL/H:5-7/COM:5,TOTAL,282.0,53245461.0,9396258.0,0.0,78882.0,62641722.0,42306.0,0.0,280.0,675.0
ECU,Ecuador,COM,CR-,CR/LWAL/CDL+ERL/H:5-7/COM:5A,TOTAL,162.0,34098992.0,6017471.0,0.0,50517.0,40116460.0,27093.0,0.0,312.0,675.0
ECU,Ecuador,COM,CR-,CR/LWAL/CDL+ERL/H:5-7/COM:5B,TOTAL,26.0,13975910.0,2466336.0,0.0,20705.0,16442251.0,11105.0,0.0,796.0,675.0
ECU,Ecuador,COM,CR-,CR/LWAL/CDL+ERL/H:>7/COM:1,TOTAL,48.0,34628073.0,6110838.0,0.0,51301.0,40738909.0,27560.0,0.0,1069.0,675.0
ECU,Ecuador,COM,CR-,CR/LWAL/CDL+ERL/H:>7/COM:2,TOTAL,86.0,64394759.0,11363782.0,0.0,95400.0,75758544.0,51252.0,0.0,1109.0,675.0
ECU,Ecuador,COM,CR-,CR/LWAL/CDL+ERL/H:>7/COM:3,TOTAL,30.0,9588771.0,1692137.0,0.0,14206.0,11280907.0,7632.0,0.0,474.0,675.0
ECU,Ecuador,COM,CR-,CR/LWAL/CDL+ERL/H:>7/COM:3A,TOTAL,21.0,35377338.0,6243061.0,0.0,52411.0,41620398.0,28157.0,0.0,2496.0,675.0
ECU,Ecuador,COM,CR-,CR/LWAL/CDL+ERL/H:>7/COM:3B,TOTAL,3.0,1200117.0,211786.0,0.0,1778.0,1411903.0,955.0,0.0,593.0,675.0
ECU,Ecuador,COM,CR-,CR/LWAL/CDL+ERL/H:>7/COM:3C,TOTAL,15.0,5145786.0,908080.0,0.0,7623.0,6053867.0,4096.0,0.0,508.0,675.0
ECU,Ecuador,COM,CR-,CR/LWAL/CDL+ERL/H:>7/COM:5,TOTAL,54.0,13191498.0,2327914.0,0.0,19543.0,15519407.0,10499.0,0.0,362.0,675.0
ECU,Ecuador,COM,CR-,CR/LWAL/CDL+ERL/H:>7/COM:5A,TOTAL,20.0,4942683.0,872239.0,0.0,7322.0,5814919.0,3934.0,0.0,366.0,675.0
ECU,Ecuador,COM,CR-,CR/LWAL/CDL+ERL/H:>7/COM:5B,TOTAL,5.0,4468787.0,788611.0,0.0,6620.0,5257397.0,3557.0,0.0,1324.0,675.0
ECU,Ecuador,RES,CR-,CR/LWAL/CDL+ERM/H:1/RES,URBAN,108.0,10530000.0,1858248.0,369.0,14040.0,12388248.0,5948.0,108.0,130.0,750.0
ECU,Ecuador,RES,CR-,CR/LWAL/CDL+ERM/H:2/RES,URBAN,9.0,1755000.0,309708.0,61.0,2340.0,2064708.0,992.0,18.0,260.0,750.0
ECU,Ecuador,RES,CR-,CR/LWAL/CDL+ERM/H:3/RES,URBAN,39.0,8482500.0,1496922.0,297.0,11310.0,9979422.0,4799.0,87.0,290.0,750.0
ECU,Ecuador,COM,CR-,CR/LWAL/CDM+ERL/H:1/COM:1,TOTAL,41.0,1777518.0,313682.0,0.0,2633.0,2091199.0,1406.0,0.0,64.0,675.0
ECU,Ecuador,COM,CR-,CR/LWAL/CDM+ERL/H:1/COM:2,TOTAL,27.0,1668452.0,294433.0,0.0,2472.0,1962888.0,1320.0,0.0,92.0,675.0
ECU,Ecuador,COM,CR-,CR/LWAL/CDM+ERL/H:1/COM:3,TOTAL,17.0,528922.0,93341.0,0.0,784.0,622262.0,419.0,0.0,46.0,675.0
ECU,Ecuador,COM,CR-,CR/LWAL/CDM+ERL/H:1/COM:3A,TOTAL,14.0,4552483.0,803380.0,0.0,6744.0,5355862.0,3602.0,0.0,482.0,675.0
ECU,Ecuador,COM,CR-,CR/LWAL/CDM+ERL/H:1/COM:3B,TOTAL,4.0,123318.0,21762.0,0.0,183.0,145080.0,98.0,0.0,46.0,674.0
ECU,Ecuador,COM,CR-,CR/LWAL/CDM+ERL/H:1/COM:3C,TOTAL,7.0,302795.0,53435.0,0.0,449.0,356229.0,240.0,0.0,64.0,674.0
ECU,Ecuador,COM,CR-,CR/LWAL/CDM+ERL/H:1/COM:5,TOTAL,7.0,220507.0,38913.0,0.0,327.0,259421.0,174.0,0.0,47.0,674.0
ECU,Ecuador,COM,CR-,CR/LWAL/CDM+ERL/H:1/COM:5A,TOTAL,20.0,623464.0,110024.0,0.0,924.0,733489.0,493.0,0.0,46.0,675.0
ECU,Ecuador,COM,CR-,CR/LWAL/CDM+ERL/H:2/COM:1,TOTAL,23.0,3450435.0,608900.0,0.0,5112.0,4059338.0,2732.0,0.0,222.0,675.0
ECU,Ecuador,COM,CR-,CR/LWAL/CDM+ERL/H:2/COM:2,TOTAL,22.0,5429889.0,958218.0,0.0,8044.0,6388105.0,4300.0,0.0,366.0,675.0
ECU,Ecuador,COM,CR-,CR/LWAL/CDM+ERL/H:2/COM:3,TOTAL,7.0,431653.0,76175.0,0.0,639.0,507829.0,342.0,0.0,91.0,676.0
ECU,Ecuador,COM,CR-,CR/LWAL/CDM+ERL/H:2/COM:3A,TOTAL,5.0,1384235.0,244276.0,0.0,2051.0,1628511.0,1096.0,0.0,410.0,675.0
ECU,Ecuador,COM,CR-,CR/LWAL/CDM+ERL/H:2/COM:3B,TOTAL,1.0,61370.0,10830.0,0.0,91.0,72200.0,49.0,0.0,91.0,674.0
ECU,Ecuador,COM,CR-,CR/LWAL/CDM+ERL/H:2/COM:3C,TOTAL,3.0,258534.0,45624.0,0.0,383.0,304158.0,205.0,0.0,128.0,675.0
ECU,Ecuador,COM,CR-,CR/LWAL/CDM+ERL/H:2/COM:5,TOTAL,5.0,309596.0,54634.0,0.0,459.0,364231.0,245.0,0.0,92.0,675.0
ECU,Ecuador,COM,CR-,CR/LWAL/CDM+ERL/H:2/COM:5A,TOTAL,10.0,625761.0,110428.0,0.0,927.0,736190.0,496.0,0.0,93.0,675.0
ECU,Ecuador,COM,CR-,CR/LWAL/CDM+ERL/H:2/COM:5B,TOTAL,2.0,121909.0,21514.0,0.0,181.0,143423.0,97.0,0.0,90.0,674.0
ECU,Ecuador,COM,CR-,CR/LWAL/CDM+ERL/H:3/COM:1,TOTAL,27.0,2495935.0,440460.0,0.0,3698.0,2936395.0,1978.0,0.0,137.0,675.0
ECU,Ecuador,COM,CR-,CR/LWAL/CDM+ERL/H:3/COM:2,TOTAL,25.0,4531468.0,799672.0,0.0,6713.0,5331141.0,3591.0,0.0,269.0,675.0
ECU,Ecuador,COM,CR-,CR/LWAL/CDM+ERL/H:3/COM:3,TOTAL,11.0,1029443.0,181667.0,0.0,1525.0,1211108.0,816.0,0.0,139.0,675.0
ECU,Ecuador,COM,CR-,CR/LWAL/CDM+ERL/H:3/COM:3A,TOTAL,6.0,556154.0,98146.0,0.0,824.0,654298.0,441.0,0.0,137.0,675.0
ECU,Ecuador,COM,CR-,CR/LWAL/CDM+ERL/H:3/COM:3B,TOTAL,1.0,94393.0,16658.0,0.0,140.0,111050.0,75.0,0.0,140.0,674.0
ECU,Ecuador,COM,CR-,CR/LWAL/CDM+ERL/H:3/COM:3C,TOTAL,7.0,904895.0,159687.0,0.0,1341.0,1064583.0,717.0,0.0,192.0,675.0
ECU,Ecuador,COM,CR-,CR/LWAL/CDM+ERL/H:3/COM:5,TOTAL,14.0,1300024.0,229417.0,0.0,1926.0,1529438.0,1030.0,0.0,138.0,675.0
ECU,Ecuador,COM,CR-,CR/LWAL/CDM+ERL/H:3/COM:5A,TOTAL,6.0,556168.0,98147.0,0.0,824.0,654316.0,441.0,0.0,137.0,675.0
ECU,Ecuador,COM,CR-,CR/LWAL/CDM+ERL/H:3/COM:5B,TOTAL,1.0,91125.0,16081.0,0.0,135.0,107206.0,72.0,0.0,135.0,675.0
ECU,Ecuador,COM,CR-,CR/LWAL/CDM+ERL/H:4/COM:1,TOTAL,55.0,6695140.0,1181495.0,0.0,9919.0,7876630.0,5311.0,0.0,180.0,675.0
ECU,Ecuador,COM,CR-,CR/LWAL/CDM+ERL/H:4/COM:2,TOTAL,66.0,23928820.0,4222733.0,0.0,35450.0,28151550.0,18980.0,0.0,537.0,675.0
ECU,Ecuador,COM,CR-,CR/LWAL/CDM+ERL/H:4/COM:3,TOTAL,29.0,5773554.0,1018863.0,0.0,8553.0,6792418.0,4580.0,0.0,295.0,675.0
ECU,Ecuador,COM,CR-,CR/LWAL/CDM+ERL/H:4/COM:3A,TOTAL,22.0,13573187.0,2395268.0,0.0,20108.0,15968456.0,10766.0,0.0,914.0,675.0
ECU,Ecuador,COM,CR-,CR/LWAL/CDM+ERL/H:4/COM:3B,TOTAL,3.0,373844.0,65972.0,0.0,554.0,439816.0,297.0,0.0,185.0,675.0
ECU,Ecuador,COM,CR-,CR/LWAL/CDM+ERL/H:4/COM:3C,TOTAL,15.0,2639092.0,465722.0,0.0,3910.0,3104817.0,2093.0,0.0,261.0,675.0
ECU,Ecuador,COM,CR-,CR/LWAL/CDM+ERL/H:4/COM:5,TOTAL,25.0,3080300.0,543582.0,0.0,4563.0,3623882.0,2443.0,0.0,183.0,675.0
ECU,Ecuador,COM,CR-,CR/LWAL/CDM+ERL/H:4/COM:5A,TOTAL,10.0,1229326.0,216939.0,0.0,1821.0,1446269.0,975.0,0.0,182.0,675.0
ECU,Ecuador,COM,CR-,CR/LWAL/CDM+ERL/H:4/COM:5B,TOTAL,3.0,1917418.0,338367.0,0.0,2841.0,2255786.0,1521.0,0.0,947.0,675.0
ECU,Ecuador,COM,CR-,CR/LWAL/CDM+ERL/H:5-7/COM:1,TOTAL,71.0,26379843.0,4655266.0,0.0,39081.0,31035111.0,20960.0,0.0,550.0,675.0
ECU,Ecuador,COM,CR-,CR/LWAL/CDM+ERL/H:5-7/COM:2,TOTAL,110.0,58786443.0,10374080.0,0.0,87091.0,69160522.0,46709.0,0.0,792.0,675.0
ECU,Ecuador,COM,CR-,CR/LWAL/CDM+ERL/H:5-7/COM:3,TOTAL,26.0,8990375.0,1586537.0,0.0,13319.0,10576912.0,7143.0,0.0,512.0,675.0
ECU,Ecuador,COM,CR-,CR/LWAL/CDM+ERL/H:5-7/COM:3A,TOTAL,17.0,9376930.0,1654753.0,0.0,13892.0,11031682.0,7450.0,0.0,817.0,675.0
ECU,Ecuador,COM,CR-,CR/LWAL/CDM+ERL/H:5-7/COM:3B,TOTAL,5.0,1271960.0,224463.0,0.0,1884.0,1496424.0,1011.0,0.0,377.0,675.0
ECU,Ecuador,COM,CR-,CR/LWAL/CDM+ERL/H:5-7/COM:3C,TOTAL,24.0,6289508.0,1109915.0,0.0,9318.0,7399422.0,4997.0,0.0,388.0,675.0
ECU,Ecuador,COM,CR-,CR/LWAL/CDM+ERL/H:5-7/COM:5,TOTAL,74.0,15020619.0,2650698.0,0.0,22253.0,17671320.0,11935.0,0.0,301.0,675.0
ECU,Ecuador,COM,CR-,CR/LWAL/CDM+ERL/H:5-7/COM:5A,TOTAL,27.0,5047718.0,890774.0,0.0,7478.0,5938494.0,4011.0,0.0,277.0,675.0
ECU,Ecuador,COM,CR-,CR/LWAL/CDM+ERL/H:5-7/COM:5B,TOTAL,7.0,5867904.0,1035512.0,0.0,8693.0,6903416.0,4662.0,0.0,1242.0,675.0
ECU,Ecuador,COM,CR-,CR/LWAL/CDM+ERL/H:>7/COM:1,TOTAL,13.0,3236379.0,571127.0,0.0,4795.0,3807502.0,2576.0,0.0,369.0,675.0
ECU,Ecuador,COM,CR-,CR/LWAL/CDM+ERL/H:>7/COM:2,TOTAL,13.0,16885183.0,2979738.0,0.0,25015.0,19864921.0,13439.0,0.0,1924.0,675.0
ECU,Ecuador,COM,CR-,CR/LWAL/CDM+ERL/H:>7/COM:3,TOTAL,6.0,1520602.0,268341.0,0.0,2253.0,1788943.0,1210.0,0.0,376.0,675.0
ECU,Ecuador,COM,CR-,CR/LWAL/CDM+ERL/H:>7/COM:3A,TOTAL,5.0,10285224.0,1815040.0,0.0,15237.0,12100262.0,8186.0,0.0,3047.0,675.0
ECU,Ecuador,COM,CR-,CR/LWAL/CDM+ERL/H:>7/COM:3C,TOTAL,7.0,2411735.0,425600.0,0.0,3573.0,2837336.0,1920.0,0.0,510.0,675.0
ECU,Ecuador,COM,CR-,CR/LWAL/CDM+ERL/H:>7/COM:5,TOTAL,5.0,1225751.0,216309.0,0.0,1816.0,1442059.0,976.0,0.0,363.0,675.0
ECU,Ecuador,COM,CR-,CR/LWAL/CDM+ERL/H:>7/COM:5A,TOTAL,6.0,1501447.0,264962.0,0.0,2224.0,1766408.0,1195.0,0.0,371.0,675.0
ECU,Ecuador,COM,CR-,CR/LWAL/CDM+ERL/H:>7/COM:5B,TOTAL,2.0,491633.0,86759.0,0.0,728.0,578391.0,391.0,0.0,364.0,675.0
ECU,Ecuador,COM,MR|MCF,MCF/LWAL/CDH+ERH/H:1/COM,TOTAL,3.0,90473.0,15965.0,0.0,139.0,106439.0,68.0,0.0,46.0,651.0
ECU,Ecuador,COM,MR|MCF,MCF/LWAL/CDH+ERH/H:1/COM:1,TOTAL,928.0,46528632.0,8210940.0,0.0,71582.0,54739553.0,35084.0,0.0,77.0,650.0
ECU,Ecuador,COM,MR|MCF,MCF/LWAL/CDH+ERH/H:1/COM:2,TOTAL,749.0,67179189.0,11855150.0,0.0,103353.0,79034347.0,50654.0,0.0,138.0,650.0
ECU,Ecuador,COM,MR|MCF,MCF/LWAL/CDH+ERH/H:1/COM:3,TOTAL,871.0,34198579.0,6035043.0,0.0,52613.0,40233617.0,25786.0,0.0,60.0,650.0
ECU,Ecuador,COM,MR|MCF,MCF/LWAL/CDH+ERH/H:1/COM:3B,TOTAL,42.0,1406866.0,248271.0,0.0,2164.0,1655134.0,1061.0,0.0,52.0,650.0
ECU,Ecuador,COM,MR|MCF,MCF/LWAL/CDH+ERH/H:1/COM:3C,TOTAL,51.0,2105628.0,371582.0,0.0,3239.0,2477214.0,1588.0,0.0,64.0,650.0
ECU,Ecuador,COM,MR|MCF,MCF/LWAL/CDH+ERH/H:1/COM:5,TOTAL,56.0,1651320.0,291411.0,0.0,2540.0,1942731.0,1245.0,0.0,45.0,650.0
ECU,Ecuador,COM,MR|MCF,MCF/LWAL/CDH+ERH/H:1/COM:5A,TOTAL,149.0,5107805.0,901378.0,0.0,7858.0,6009184.0,3851.0,0.0,53.0,650.0
ECU,Ecuador,COM,MR|MCF,MCF/LWAL/CDH+ERH/H:1/COM:5B,TOTAL,9.0,643336.0,113529.0,0.0,990.0,756864.0,485.0,0.0,110.0,650.0
ECU,Ecuador,IND,MR|MCF,MCF/LWAL/CDH+ERH/H:1/IND:1,TOTAL,18.0,2407382.0,802459.0,0.0,4542.0,3209844.0,2149.0,0.0,252.0,530.0
ECU,Ecuador,IND,MR|MCF,MCF/LWAL/CDH+ERH/H:1/IND:2,TOTAL,150.0,11933438.0,3977813.0,0.0,22516.0,15911245.0,10651.0,0.0,150.0,530.0
ECU,Ecuador,IND,MR|MCF,MCF/LWAL/CDH+ERH/H:1/IND:3,TOTAL,3.0,239257.0,79752.0,0.0,451.0,319009.0,214.0,0.0,150.0,531.0
ECU,Ecuador,IND,MR|MCF,MCF/LWAL/CDH+ERH/H:1/IND:4,TOTAL,5.0,1876806.0,625601.0,0.0,3541.0,2502408.0,1675.0,0.0,708.0,530.0
ECU,Ecuador,IND,MR|MCF,MCF/LWAL/CDH+ERH/H:1/IND:6,TOTAL,30.0,2417206.0,805735.0,0.0,4561.0,3222937.0,2157.0,0.0,152.0,530.0
ECU,Ecuador,RES,MR|MCF,MCF/LWAL/CDH+ERH/H:1/RES,RURAL,11623.0,906594000.0,159987199.0,41796.0,1510990.0,1066581199.0,550667.0,11623.0,130.0,600.0
ECU,Ecuador,RES,MR|MCF,MCF/LWAL/CDH+ERH/H:1/RES,URBAN,19507.0,1775137000.0,313259453.0,68228.0,2535910.0,2088396453.0,924191.0,19507.0,130.0,700.0
ECU,Ecuador,COM,MR|MCF,MCF/LWAL/CDH+ERH/H:2/COM,TOTAL,3.0,178646.0,31525.0,0.0,275.0,210172.0,135.0,0.0,92.0,650.0
ECU,Ecuador,COM,MR|MCF,MCF/LWAL/CDH+ERH/H:2/COM:1,TOTAL,595.0,67556911.0,11921812.0,0.0,103934.0,79478724.0,50981.0,0.0,175.0,650.0
ECU,Ecuador,COM,MR|MCF,MCF/LWAL/CDH+ERH/H:2/COM:2,TOTAL,977.0,209993449.0,37057666.0,0.0,323067.0,247051116.0,158469.0,0.0,331.0,650.0
ECU,Ecuador,COM,MR|MCF,MCF/LWAL/CDH+ERH/H:2/COM:3,TOTAL,586.0,39398710.0,6952712.0,0.0,60613.0,46351425.0,29732.0,0.0,103.0,650.0
ECU,Ecuador,COM,MR|MCF,MCF/LWAL/CDH+ERH/H:2/COM:3B,TOTAL,32.0,3087245.0,544807.0,0.0,4750.0,3632053.0,2330.0,0.0,148.0,650.0
ECU,Ecuador,COM,MR|MCF,MCF/LWAL/CDH+ERH/H:2/COM:3C,TOTAL,61.0,5052033.0,891535.0,0.0,7772.0,5943570.0,3813.0,0.0,127.0,650.0
ECU,Ecuador,COM,MR|MCF,MCF/LWAL/CDH+ERH/H:2/COM:5,TOTAL,81.0,4753141.0,838793.0,0.0,7313.0,5591930.0,3587.0,0.0,90.0,650.0
ECU,Ecuador,COM,MR|MCF,MCF/LWAL/CDH+ERH/H:2/COM:5A,TOTAL,105.0,6596393.0,1164070.0,0.0,10148.0,7760463.0,4978.0,0.0,97.0,650.0
ECU,Ecuador,COM,MR|MCF,MCF/LWAL/CDH+ERH/H:2/COM:5B,TOTAL,4.0,960380.0,169477.0,0.0,1478.0,1129859.0,725.0,0.0,370.0,650.0
ECU,Ecuador,IND,MR|MCF,MCF/LWAL/CDH+ERH/H:2/IND:1,TOTAL,11.0,1470471.0,490156.0,0.0,2774.0,1960626.0,1314.0,0.0,252.0,530.0
ECU,Ecuador,IND,MR|MCF,MCF/LWAL/CDH+ERH/H:2/IND:2,TOTAL,157.0,13209079.0,4403028.0,0.0,24923.0,17612103.0,11801.0,0.0,159.0,530.0
ECU,Ecuador,IND,MR|MCF,MCF/LWAL/CDH+ERH/H:2/IND:3,TOTAL,2.0,160545.0,53515.0,0.0,303.0,214059.0,143.0,0.0,152.0,530.0
ECU,Ecuador,IND,MR|MCF,MCF/LWAL/CDH+ERH/H:2/IND:4,TOTAL,3.0,1639881.0,546627.0,0.0,3094.0,2186508.0,1465.0,0.0,1031.0,530.0
ECU,Ecuador,IND,MR|MCF,MCF/LWAL/CDH+ERH/H:2/IND:6,TOTAL,41.0,3446223.0,1148740.0,0.0,6502.0,4594963.0,3079.0,0.0,159.0,530.0
ECU,Ecuador,RES,MR|MCF,MCF/LWAL/CDH+ERH/H:2/RES,RURAL,2406.0,447642000.0,78995659.0,20991.0,746070.0,526637659.0,272098.0,5739.0,310.0,600.0
ECU,Ecuador,RES,MR|MCF,MCF/LWAL/CDH+ERH/H:2/RES,URBAN,17487.0,3725540000.0,657448210.0,142901.0,5322200.0,4382988210.0,1941050.0,40940.0,304.0,700.0
ECU,Ecuador,COM,MR|MCF,MCF/LWAL/CDH+ERH/H:3/COM,TOTAL,6.0,535763.0,94547.0,0.0,824.0,630310.0,405.0,0.0,137.0,650.0
ECU,Ecuador,COM,MR|MCF,MCF/LWAL/CDH+ERH/H:3/COM:1,TOTAL,989.0,170957616.0,30168983.0,0.0,263012.0,201126605.0,129118.0,0.0,266.0,650.0
ECU,Ecuador,COM,MR|MCF,MCF/LWAL/CDH+ERH/H:3/COM:2,TOTAL,1164.0,400935171.0,70753264.0,0.0,616823.0,471688437.0,302811.0,0.0,530.0,650.0
ECU,Ecuador,COM,MR|MCF,MCF/LWAL/CDH+ERH/H:3/COM:3,TOTAL,1059.0,118810648.0,20966582.0,0.0,182786.0,139777232.0,89733.0,0.0,173.0,650.0
ECU,Ecuador,COM,MR|MCF,MCF/LWAL/CDH+ERH/H:3/COM:3B,TOTAL,57.0,6560834.0,1157793.0,0.0,10094.0,7718628.0,4955.0,0.0,177.0,650.0
ECU,Ecuador,COM,MR|MCF,MCF/LWAL/CDH+ERH/H:3/COM:3C,TOTAL,102.0,14865593.0,2623341.0,0.0,22870.0,17488930.0,11228.0,0.0,224.0,650.0
ECU,Ecuador,COM,MR|MCF,MCF/LWAL/CDH+ERH/H:3/COM:5,TOTAL,177.0,16394932.0,2893223.0,0.0,25223.0,19288153.0,12383.0,0.0,143.0,650.0
ECU,Ecuador,COM,MR|MCF,MCF/LWAL/CDH+ERH/H:3/COM:5A,TOTAL,165.0,18114514.0,3196680.0,0.0,27868.0,21311198.0,13681.0,0.0,169.0,650.0
ECU,Ecuador,COM,MR|MCF,MCF/LWAL/CDH+ERH/H:3/COM:5B,TOTAL,15.0,5889807.0,1039378.0,0.0,9061.0,6929185.0,4448.0,0.0,604.0,650.0
ECU,Ecuador,RES,MR|MCF,MCF/LWAL/CDH+ERH/H:3/RES,RURAL,3991.0,508540500.0,89742458.0,30110.0,847568.0,598282958.0,309342.0,8693.0,212.0,600.0
ECU,Ecuador,RES,MR|MCF,MCF/LWAL/CDH+ERH/H:3/RES,URBAN,19732.0,2918506500.0,515030536.0,145469.0,4169295.0,3433537036.0,1521695.0,42762.0,211.0,700.0
ECU,Ecuador,RES,MR|MCF,MCF/LWAL/CDH+ERH/H:4/RES,URBAN,2.0,887250.0,156574.0,32.0,1268.0,1043824.0,463.0,13.0,634.0,700.0
ECU,Ecuador,RES,MR|MCF,MCF/LWAL/CDH+ERH/H:5/RES,URBAN,2.0,1160250.0,204750.0,48.0,1658.0,1365000.0,606.0,17.0,829.0,700.0
ECU,Ecuador,IND,MR|MCF,MCF/LWAL/CDH+ERH/H:>2/IND:1,TOTAL,214.0,32455949.0,10818654.0,0.0,61238.0,43274603.0,29024.0,0.0,286.0,530.0
ECU,Ecuador,IND,MR|MCF,MCF/LWAL/CDH+ERH/H:>2/IND:2,TOTAL,2316.0,194165354.0,64721784.0,0.0,366350.0,258887138.0,173632.0,0.0,158.0,530.0
ECU,Ecuador,IND,MR|MCF,MCF/LWAL/CDH+ERH/H:>2/IND:3,TOTAL,73.0,7478425.0,2492808.0,0.0,14110.0,9971236.0,6688.0,0.0,193.0,530.0
ECU,Ecuador,IND,MR|MCF,MCF/LWAL/CDH+ERH/H:>2/IND:4,TOTAL,41.0,5935388.0,1978461.0,0.0,11199.0,7913851.0,5308.0,0.0,273.0,530.0
ECU,Ecuador,IND,MR|MCF,MCF/LWAL/CDH+ERH/H:>2/IND:6,TOTAL,602.0,51504597.0,17168203.0,0.0,97178.0,68672793.0,46058.0,0.0,161.0,530.0
ECU,Ecuador,COM,MR|MCF,MCF/LWAL/CDH+ERL/H:1/COM:1,TOTAL,69.0,2806120.0,495197.0,0.0,4317.0,3301319.0,2116.0,0.0,63.0,650.0
ECU,Ecuador,COM,MR|MCF,MCF/LWAL/CDH+ERL/H:1/COM:2,TOTAL,77.0,7883245.0,1391162.0,0.0,12128.0,9274404.0,5944.0,0.0,158.0,650.0
ECU,Ecuador,COM,MR|MCF,MCF/LWAL/CDH+ERL/H:1/COM:3,TOTAL,96.0,3032425.0,535133.0,0.0,4665.0,3567561.0,2287.0,0.0,49.0,650.0
ECU,Ecuador,COM,MR|MCF,MCF/LWAL/CDH+ERL/H:1/COM:3B,TOTAL,4.0,119730.0,21129.0,0.0,184.0,140860.0,90.0,0.0,46.0,651.0
ECU,Ecuador,COM,MR|MCF,MCF/LWAL/CDH+ERL/H:1/COM:3C,TOTAL,5.0,224856.0,39680.0,0.0,346.0,264537.0,170.0,0.0,69.0,650.0
ECU,Ecuador,COM,MR|MCF,MCF/LWAL/CDH+ERL/H:1/COM:5,TOTAL,5.0,148736.0,26248.0,0.0,229.0,174985.0,112.0,0.0,46.0,650.0
ECU,Ecuador,COM,MR|MCF,MCF/LWAL/CDH+ERL/H:1/COM:5A,TOTAL,17.0,506439.0,89371.0,0.0,779.0,595812.0,382.0,0.0,46.0,650.0
ECU,Ecuador,IND,MR|MCF,MCF/LWAL/CDH+ERL/H:1/IND:1,TOTAL,2.0,1509765.0,503255.0,0.0,2849.0,2013021.0,1348.0,0.0,1424.0,530.0
ECU,Ecuador,IND,MR|MCF,MCF/LWAL/CDH+ERL/H:1/IND:2,TOTAL,40.0,3939070.0,1313022.0,0.0,7432.0,5252093.0,3516.0,0.0,186.0,530.0
ECU,Ecuador,IND,MR|MCF,MCF/LWAL/CDH+ERL/H:1/IND:3,TOTAL,1.0,82351.0,27450.0,0.0,155.0,109801.0,74.0,0.0,155.0,531.0
ECU,Ecuador,IND,MR|MCF,MCF/LWAL/CDH+ERL/H:1/IND:4,TOTAL,4.0,3500118.0,1166705.0,0.0,6604.0,4666824.0,3124.0,0.0,1651.0,530.0
ECU,Ecuador,IND,MR|MCF,MCF/LWAL/CDH+ERL/H:1/IND:6,TOTAL,16.0,1297484.0,432494.0,0.0,2448.0,1729979.0,1158.0,0.0,153.0,530.0
ECU,Ecuador,RES,MR|MCF,MCF/LWAL/CDH+ERL/H:1/RES,RURAL,352.0,27456000.0,4845178.0,1363.0,45760.0,32301178.0,16677.0,352.0,130.0,600.0
ECU,Ecuador,RES,MR|MCF,MCF/LWAL/CDH+ERL/H:1/RES,URBAN,268.0,24388000.0,4303768.0,867.0,34840.0,28691768.0,12697.0,268.0,130.0,700.0
ECU,Ecuador,COM,MR|MCF,MCF/LWAL/CDH+ERL/H:2/COM:1,TOTAL,32.0,3846577.0,678808.0,0.0,5918.0,4525386.0,2903.0,0.0,185.0,650.0
ECU,Ecuador,COM,MR|MCF,MCF/LWAL/CDH+ERL/H:2/COM:2,TOTAL,47.0,5544697.0,978478.0,0.0,8530.0,6523175.0,4184.0,0.0,181.0,650.0
ECU,Ecuador,COM,MR|MCF,MCF/LWAL/CDH+ERL/H:2/COM:3,TOTAL,32.0,1847637.0,326054.0,0.0,2843.0,2173689.0,1394.0,0.0,89.0,650.0
ECU,Ecuador,COM,MR|MCF,MCF/LWAL/CDH+ERL/H:2/COM:3B,TOTAL,3.0,179985.0,31762.0,0.0,277.0,211747.0,136.0,0.0,92.0,650.0
ECU,Ecuador,COM,MR|MCF,MCF/LWAL/CDH+ERL/H:2/COM:3C,TOTAL,2.0,165464.0,29200.0,0.0,255.0,194663.0,125.0,0.0,128.0,649.0
ECU,Ecuador,COM,MR|MCF,MCF/LWAL/CDH+ERL/H:2/COM:5,TOTAL,5.0,299183.0,52796.0,0.0,460.0,351979.0,226.0,0.0,92.0,650.0
ECU,Ecuador,COM,MR|MCF,MCF/LWAL/CDH+ERL/H:2/COM:5A,TOTAL,6.0,354837.0,62618.0,0.0,546.0,417455.0,268.0,0.0,91.0,650.0
ECU,Ecuador,IND,MR|MCF,MCF/LWAL/CDH+ERL/H:2/IND:2,TOTAL,9.0,735998.0,245333.0,0.0,1389.0,981331.0,658.0,0.0,154.0,530.0
ECU,Ecuador,IND,MR|MCF,MCF/LWAL/CDH+ERL/H:2/IND:6,TOTAL,4.0,325558.0,108519.0,0.0,614.0,434076.0,291.0,0.0,154.0,530.0
ECU,Ecuador,RES,MR|MCF,MCF/LWAL/CDH+ERL/H:2/RES,RURAL,17.0,3900000.0,688235.0,175.0,6500.0,4588235.0,2371.0,50.0,382.0,600.0
ECU,Ecuador,RES,MR|MCF,MCF/LWAL/CDH+ERL/H:2/RES,URBAN,206.0,43043000.0,7595821.0,1598.0,61490.0,50638821.0,22426.0,473.0,298.0,700.0
ECU,Ecuador,COM,MR|MCF,MCF/LWAL/CDH+ERL/H:3/COM:1,TOTAL,17.0,1524833.0,269089.0,0.0,2346.0,1793921.0,1152.0,0.0,138.0,650.0
ECU,Ecuador,COM,MR|MCF,MCF/LWAL/CDH+ERL/H:3/COM:2,TOTAL,17.0,3056793.0,539434.0,0.0,4703.0,3596226.0,2309.0,0.0,277.0,650.0
ECU,Ecuador,COM,MR|MCF,MCF/LWAL/CDH+ERL/H:3/COM:3,TOTAL,14.0,1263271.0,222931.0,0.0,1943.0,1486201.0,954.0,0.0,139.0,650.0
ECU,Ecuador,COM,MR|MCF,MCF/LWAL/CDH+ERL/H:3/COM:3B,TOTAL,1.0,90897.0,16041.0,0.0,140.0,106937.0,69.0,0.0,140.0,649.0
ECU,Ecuador,COM,MR|MCF,MCF/LWAL/CDH+ERL/H:3/COM:3C,TOTAL,2.0,254511.0,44914.0,0.0,392.0,299424.0,192.0,0.0,196.0,649.0
ECU,Ecuador,COM,MR|MCF,MCF/LWAL/CDH+ERL/H:3/COM:5,TOTAL,3.0,267264.0,47165.0,0.0,411.0,314428.0,202.0,0.0,137.0,650.0
ECU,Ecuador,COM,MR|MCF,MCF/LWAL/CDH+ERL/H:3/COM:5A,TOTAL,2.0,181069.0,31954.0,0.0,279.0,213022.0,137.0,0.0,140.0,649.0
ECU,Ecuador,RES,MR|MCF,MCF/LWAL/CDH+ERL/H:3/RES,URBAN,152.0,22249500.0,3926380.0,995.0,31785.0,26175880.0,11601.0,326.0,209.0,700.0
ECU,Ecuador,IND,MR|MCF,MCF/LWAL/CDH+ERL/H:>2/IND:1,TOTAL,3.0,408323.0,136108.0,0.0,770.0,544430.0,365.0,0.0,257.0,530.0
ECU,Ecuador,IND,MR|MCF,MCF/LWAL/CDH+ERL/H:>2/IND:2,TOTAL,45.0,4141243.0,1380414.0,0.0,7814.0,5521657.0,3703.0,0.0,174.0,530.0
ECU,Ecuador,IND,MR|MCF,MCF/LWAL/CDH+ERL/H:>2/IND:4,TOTAL,2.0,796058.0,265352.0,0.0,1502.0,1061411.0,712.0,0.0,751.0,530.0
ECU,Ecuador,IND,MR|MCF,MCF/LWAL/CDH+ERL/H:>2/IND:6,TOTAL,17.0,1566824.0,522274.0,0.0,2956.0,2089099.0,1401.0,0.0,174.0,530.0
ECU,Ecuador,COM,MR|MCF,MCF/LWAL/CDH+ERM/H:1/COM,TOTAL,8.0,238474.0,42083.0,0.0,367.0,280558.0,180.0,0.0,46.0,650.0
ECU,Ecuador,COM,MR|MCF,MCF/LWAL/CDH+ERM/H:1/COM:1,TOTAL,1187.0,59383562.0,10479454.0,0.0,91359.0,69863007.0,44776.0,0.0,77.0,650.0
ECU,Ecuador,COM,MR|MCF,MCF/LWAL/CDH+ERM/H:1/COM:2,TOTAL,955.0,102973445.0,18171792.0,0.0,158421.0,121145234.0,77644.0,0.0,166.0,650.0
ECU,Ecuador,COM,MR|MCF,MCF/LWAL/CDH+ERM/H:1/COM:3,TOTAL,1018.0,45026319.0,7945822.0,0.0,69271.0,52972141.0,33951.0,0.0,68.0,650.0
ECU,Ecuador,COM,MR|MCF,MCF/LWAL/CDH+ERM/H:1/COM:3B,TOTAL,61.0,2190040.0,386474.0,0.0,3369.0,2576515.0,1651.0,0.0,55.0,650.0
ECU,Ecuador,COM,MR|MCF,MCF/LWAL/CDH+ERM/H:1/COM:3C,TOTAL,33.0,2089804.0,368788.0,0.0,3215.0,2458591.0,1576.0,0.0,97.0,650.0
ECU,Ecuador,COM,MR|MCF,MCF/LWAL/CDH+ERM/H:1/COM:5,TOTAL,75.0,2235055.0,394420.0,0.0,3439.0,2629471.0,1685.0,0.0,46.0,650.0
ECU,Ecuador,COM,MR|MCF,MCF/LWAL/CDH+ERM/H:1/COM:5A,TOTAL,165.0,4846055.0,855186.0,0.0,7455.0,5701240.0,3654.0,0.0,45.0,650.0
ECU,Ecuador,COM,MR|MCF,MCF/LWAL/CDH+ERM/H:1/COM:5B,TOTAL,15.0,1241146.0,219027.0,0.0,1909.0,1460169.0,936.0,0.0,127.0,650.0
ECU,Ecuador,IND,MR|MCF,MCF/LWAL/CDH+ERM/H:1/IND:1,TOTAL,17.0,2272747.0,757581.0,0.0,4288.0,3030327.0,2029.0,0.0,252.0,530.0
ECU,Ecuador,IND,MR|MCF,MCF/LWAL/CDH+ERM/H:1/IND:2,TOTAL,240.0,19269530.0,6423176.0,0.0,36358.0,25692708.0,17199.0,0.0,151.0,530.0
ECU,Ecuador,IND,MR|MCF,MCF/LWAL/CDH+ERM/H:1/IND:3,TOTAL,5.0,398902.0,132967.0,0.0,753.0,531871.0,356.0,0.0,151.0,530.0
ECU,Ecuador,IND,MR|MCF,MCF/LWAL/CDH+ERM/H:1/IND:4,TOTAL,28.0,3746665.0,1248888.0,0.0,7069.0,4995553.0,3344.0,0.0,252.0,530.0
ECU,Ecuador,IND,MR|MCF,MCF/LWAL/CDH+ERM/H:1/IND:6,TOTAL,88.0,7641722.0,2547243.0,0.0,14418.0,10188958.0,6821.0,0.0,164.0,530.0
ECU,Ecuador,RES,MR|MCF,MCF/LWAL/CDH+ERM/H:1/RES,RURAL,11379.0,887562000.0,156628603.0,39438.0,1479270.0,1044190603.0,539107.0,11379.0,130.0,600.0
ECU,Ecuador,RES,MR|MCF,MCF/LWAL/CDH+ERM/H:1/RES,URBAN,47761.0,4346251000.0,766985496.0,163677.0,6208930.0,5113236496.0,2262781.0,47761.0,130.0,700.0
ECU,Ecuador,COM,MR|MCF,MCF/LWAL/CDH+ERM/H:2/COM,TOTAL,4.0,241343.0,42590.0,0.0,371.0,283933.0,182.0,0.0,93.0,651.0
ECU,Ecuador,COM,MR|MCF,MCF/LWAL/CDH+ERM/H:2/COM:1,TOTAL,499.0,62429367.0,11016949.0,0.0,96045.0,73446319.0,47112.0,0.0,192.0,650.0
ECU,Ecuador,COM,MR|MCF,MCF/LWAL/CDH+ERM/H:2/COM:2,TOTAL,819.0,155252598.0,27397514.0,0.0,238850.0,182650111.0,117160.0,0.0,292.0,650.0
ECU,Ecuador,COM,MR|MCF,MCF/LWAL/CDH+ERM/H:2/COM:3,TOTAL,461.0,31623325.0,5580588.0,0.0,48651.0,37203912.0,23864.0,0.0,106.0,650.0
ECU,Ecuador,COM,MR|MCF,MCF/LWAL/CDH+ERM/H:2/COM:3B,TOTAL,24.0,1386367.0,244652.0,0.0,2133.0,1631020.0,1046.0,0.0,89.0,650.0
ECU,Ecuador,COM,MR|MCF,MCF/LWAL/CDH+ERM/H:2/COM:3C,TOTAL,35.0,3120596.0,550693.0,0.0,4801.0,3671291.0,2355.0,0.0,137.0,650.0
ECU,Ecuador,COM,MR|MCF,MCF/LWAL/CDH+ERM/H:2/COM:5,TOTAL,75.0,4416480.0,779380.0,0.0,6795.0,5195858.0,3333.0,0.0,91.0,650.0
ECU,Ecuador,COM,MR|MCF,MCF/LWAL/CDH+ERM/H:2/COM:5A,TOTAL,99.0,6330739.0,1117190.0,0.0,9740.0,7447926.0,4778.0,0.0,98.0,650.0
ECU,Ecuador,COM,MR|MCF,MCF/LWAL/CDH+ERM/H:2/COM:5B,TOTAL,15.0,3123594.0,551222.0,0.0,4806.0,3674818.0,2357.0,0.0,320.0,650.0
ECU,Ecuador,IND,MR|MCF,MCF/LWAL/CDH+ERM/H:2/IND:1,TOTAL,4.0,543668.0,181224.0,0.0,1026.0,724891.0,486.0,0.0,256.0,530.0
ECU,Ecuador,IND,MR|MCF,MCF/LWAL/CDH+ERM/H:2/IND:2,TOTAL,119.0,10558926.0,3519639.0,0.0,19923.0,14078570.0,9433.0,0.0,167.0,530.0
ECU,Ecuador,IND,MR|MCF,MCF/LWAL/CDH+ERM/H:2/IND:3,TOTAL,1.0,82759.0,27586.0,0.0,156.0,110346.0,74.0,0.0,156.0,531.0
ECU,Ecuador,IND,MR|MCF,MCF/LWAL/CDH+ERM/H:2/IND:4,TOTAL,6.0,800451.0,266817.0,0.0,1510.0,1067269.0,715.0,0.0,252.0,530.0
ECU,Ecuador,IND,MR|MCF,MCF/LWAL/CDH+ERM/H:2/IND:6,TOTAL,38.0,3009441.0,1003148.0,0.0,5678.0,4012586.0,2689.0,0.0,149.0,530.0
ECU,Ecuador,RES,MR|MCF,MCF/LWAL/CDH+ERM/H:2/RES,RURAL,805.0,156312000.0,27584472.0,7029.0,260520.0,183896472.0,95014.0,2004.0,324.0,600.0
ECU,Ecuador,RES,MR|MCF,MCF/LWAL/CDH+ERM/H:2/RES,URBAN,36198.0,7041671000.0,1242647818.0,266807.0,10059530.0,8284318818.0,3668786.0,77381.0,278.0,700.0
ECU,Ecuador,COM,MR|MCF,MCF/LWAL/CDH+ERM/H:3/COM,TOTAL,4.0,364524.0,64327.0,0.0,561.0,428852.0,275.0,0.0,140.0,650.0
ECU,Ecuador,COM,MR|MCF,MCF/LWAL/CDH+ERM/H:3/COM:1,TOTAL,706.0,118869499.0,20976967.0,0.0,182876.0,139846467.0,89778.0,0.0,259.0,650.0
ECU,Ecuador,COM,MR|MCF,MCF/LWAL/CDH+ERM/H:3/COM:2,TOTAL,927.0,254320028.0,44880007.0,0.0,391262.0,299200038.0,192079.0,0.0,422.0,650.0
ECU,Ecuador,COM,MR|MCF,MCF/LWAL/CDH+ERM/H:3/COM:3,TOTAL,662.0,85152534.0,15026913.0,0.0,131004.0,100179456.0,64313.0,0.0,198.0,650.0
ECU,Ecuador,COM,MR|MCF,MCF/LWAL/CDH+ERM/H:3/COM:3B,TOTAL,37.0,7952258.0,1403339.0,0.0,12234.0,9355598.0,6006.0,0.0,331.0,650.0
ECU,Ecuador,COM,MR|MCF,MCF/LWAL/CDH+ERM/H:3/COM:3C,TOTAL,53.0,6594321.0,1163704.0,0.0,10145.0,7758025.0,4981.0,0.0,191.0,650.0
ECU,Ecuador,COM,MR|MCF,MCF/LWAL/CDH+ERM/H:3/COM:5,TOTAL,124.0,10880634.0,1920112.0,0.0,16739.0,12800745.0,8218.0,0.0,135.0,650.0
ECU,Ecuador,COM,MR|MCF,MCF/LWAL/CDH+ERM/H:3/COM:5A,TOTAL,107.0,10860020.0,1916475.0,0.0,16708.0,12776495.0,8202.0,0.0,156.0,650.0
ECU,Ecuador,COM,MR|MCF,MCF/LWAL/CDH+ERM/H:3/COM:5B,TOTAL,18.0,3870852.0,683091.0,0.0,5955.0,4553942.0,2924.0,0.0,331.0,650.0
ECU,Ecuador,RES,MR|MCF,MCF/LWAL/CDH+ERM/H:3/RES,URBAN,23564.0,3393799500.0,598905777.0,168420.0,4848285.0,3992705277.0,1769508.0,49726.0,206.0,700.0
ECU,Ecuador,RES,MR|MCF,MCF/LWAL/CDH+ERM/H:3/RES,RURAL,523.0,70785000.0,12491480.0,4256.0,117975.0,83276480.0,43058.0,1210.0,226.0,600.0
ECU,Ecuador,RES,MR|MCF,MCF/LWAL/CDH+ERM/H:4/RES,URBAN,81.0,38970750.0,6877202.0,1656.0,55672.0,45847952.0,20334.0,571.0,687.0,700.0
ECU,Ecuador,RES,MR|MCF,MCF/LWAL/CDH+ERM/H:5/RES,URBAN,55.0,31258500.0,5516213.0,1316.0,44655.0,36774713.0,16322.0,458.0,812.0,700.0
ECU,Ecuador,IND,MR|MCF,MCF/LWAL/CDH+ERM/H:>2/IND:1,TOTAL,131.0,19161526.0,6387178.0,0.0,36154.0,25548701.0,17135.0,0.0,276.0,530.0
ECU,Ecuador,IND,MR|MCF,MCF/LWAL/CDH+ERM/H:>2/IND:2,TOTAL,1569.0,132171442.0,44057144.0,0.0,249380.0,176228585.0,118194.0,0.0,159.0,530.0
ECU,Ecuador,IND,MR|MCF,MCF/LWAL/CDH+ERM/H:>2/IND:3,TOTAL,38.0,3985912.0,1328637.0,0.0,7521.0,5314552.0,3564.0,0.0,198.0,530.0
ECU,Ecuador,IND,MR|MCF,MCF/LWAL/CDH+ERM/H:>2/IND:4,TOTAL,37.0,7863283.0,2621095.0,0.0,14836.0,10484373.0,7032.0,0.0,401.0,530.0
ECU,Ecuador,IND,MR|MCF,MCF/LWAL/CDH+ERM/H:>2/IND:6,TOTAL,485.0,41338629.0,13779541.0,0.0,77997.0,55118184.0,36967.0,0.0,161.0,530.0
ECU,Ecuador,COM,MR|MCF,MCF/LWAL/CDL+ERL/H:1/COM,TOTAL,3.0,88370.0,15595.0,0.0,136.0,103965.0,67.0,0.0,45.0,650.0
ECU,Ecuador,COM,MR|MCF,MCF/LWAL/CDL+ERL/H:1/COM:1,TOTAL,497.0,25351172.0,4473728.0,0.0,39002.0,29824909.0,19115.0,0.0,78.0,650.0
ECU,Ecuador,COM,MR|MCF,MCF/LWAL/CDL+ERL/H:1/COM:2,TOTAL,374.0,46093661.0,8134183.0,0.0,70913.0,54227838.0,34756.0,0.0,190.0,650.0
ECU,Ecuador,COM,MR|MCF,MCF/LWAL/CDL+ERL/H:1/COM:3,TOTAL,543.0,21398010.0,3776121.0,0.0,32920.0,25174128.0,16135.0,0.0,61.0,650.0
ECU,Ecuador,COM,MR|MCF,MCF/LWAL/CDL+ERL/H:1/COM:3B,TOTAL,22.0,913933.0,161283.0,0.0,1406.0,1075217.0,689.0,0.0,64.0,650.0
ECU,Ecuador,COM,MR|MCF,MCF/LWAL/CDL+ERL/H:1/COM:3C,TOTAL,28.0,1163964.0,205406.0,0.0,1791.0,1369370.0,878.0,0.0,64.0,650.0
ECU,Ecuador,COM,MR|MCF,MCF/LWAL/CDL+ERL/H:1/COM:5,TOTAL,38.0,1163397.0,205306.0,0.0,1790.0,1368703.0,877.0,0.0,47.0,650.0
ECU,Ecuador,COM,MR|MCF,MCF/LWAL/CDL+ERL/H:1/COM:5A,TOTAL,96.0,3065162.0,540913.0,0.0,4716.0,3606075.0,2311.0,0.0,49.0,650.0
ECU,Ecuador,COM,MR|MCF,MCF/LWAL/CDL+ERL/H:1/COM:5B,TOTAL,1.0,29250.0,5162.0,0.0,45.0,34412.0,22.0,0.0,45.0,650.0
ECU,Ecuador,IND,MR|MCF,MCF/LWAL/CDL+ERL/H:1/IND:1,TOTAL,7.0,945703.0,315234.0,0.0,1784.0,1260938.0,844.0,0.0,255.0,530.0
ECU,Ecuador,IND,MR|MCF,MCF/LWAL/CDL+ERL/H:1/IND:2,TOTAL,111.0,9595613.0,3198540.0,0.0,18105.0,12794149.0,8564.0,0.0,163.0,530.0
ECU,Ecuador,IND,MR|MCF,MCF/LWAL/CDL+ERL/H:1/IND:3,TOTAL,3.0,240793.0,80265.0,0.0,454.0,321058.0,215.0,0.0,151.0,530.0
ECU,Ecuador,IND,MR|MCF,MCF/LWAL/CDL+ERL/H:1/IND:4,TOTAL,9.0,3928692.0,1309562.0,0.0,7413.0,5238254.0,3506.0,0.0,824.0,530.0
ECU,Ecuador,IND,MR|MCF,MCF/LWAL/CDL+ERL/H:1/IND:6,TOTAL,41.0,3288602.0,1096200.0,0.0,6205.0,4384801.0,2935.0,0.0,151.0,530.0
ECU,Ecuador,RES,MR|MCF,MCF/LWAL/CDL+ERL/H:1/RES,URBAN,12322.0,1121302000.0,197876855.0,42593.0,1601860.0,1319178855.0,583787.0,12322.0,130.0,700.0
ECU,Ecuador,RES,MR|MCF,MCF/LWAL/CDL+ERL/H:1/RES,RURAL,9348.0,729144000.0,128672536.0,34071.0,1215240.0,857816536.0,442886.0,9348.0,130.0,600.0
ECU,Ecuador,COM,MR|MCF,MCF/LWAL/CDL+ERL/H:2/COM,TOTAL,3.0,177290.0,31286.0,0.0,273.0,208577.0,134.0,0.0,91.0,649.0
ECU,Ecuador,COM,MR|MCF,MCF/LWAL/CDL+ERL/H:2/COM:1,TOTAL,283.0,31292345.0,5522178.0,0.0,48142.0,36814524.0,23615.0,0.0,170.0,650.0
ECU,Ecuador,COM,MR|MCF,MCF/LWAL/CDL+ERL/H:2/COM:2,TOTAL,482.0,90991930.0,16057395.0,0.0,139988.0,107049331.0,68666.0,0.0,290.0,650.0
ECU,Ecuador,COM,MR|MCF,MCF/LWAL/CDL+ERL/H:2/COM:3,TOTAL,336.0,25225575.0,4451576.0,0.0,38809.0,29677143.0,19036.0,0.0,116.0,650.0
ECU,Ecuador,COM,MR|MCF,MCF/LWAL/CDL+ERL/H:2/COM:3B,TOTAL,18.0,1066221.0,188156.0,0.0,1640.0,1254378.0,805.0,0.0,91.0,650.0
ECU,Ecuador,COM,MR|MCF,MCF/LWAL/CDL+ERL/H:2/COM:3C,TOTAL,26.0,2231505.0,393796.0,0.0,3433.0,2625301.0,1684.0,0.0,132.0,650.0
ECU,Ecuador,COM,MR|MCF,MCF/LWAL/CDL+ERL/H:2/COM:5,TOTAL,39.0,2316258.0,408750.0,0.0,3563.0,2725007.0,1748.0,0.0,91.0,650.0
ECU,Ecuador,COM,MR|MCF,MCF/LWAL/CDL+ERL/H:2/COM:5A,TOTAL,54.0,3164843.0,558506.0,0.0,4869.0,3723344.0,2388.0,0.0,90.0,650.0
ECU,Ecuador,COM,MR|MCF,MCF/LWAL/CDL+ERL/H:2/COM:5B,TOTAL,4.0,964504.0,170206.0,0.0,1484.0,1134710.0,728.0,0.0,371.0,650.0
ECU,Ecuador,IND,MR|MCF,MCF/LWAL/CDL+ERL/H:2/IND:1,TOTAL,5.0,680412.0,226804.0,0.0,1284.0,907216.0,608.0,0.0,257.0,530.0
ECU,Ecuador,IND,MR|MCF,MCF/LWAL/CDL+ERL/H:2/IND:2,TOTAL,58.0,5150840.0,1716948.0,0.0,9719.0,6867785.0,4602.0,0.0,168.0,530.0
ECU,Ecuador,IND,MR|MCF,MCF/LWAL/CDL+ERL/H:2/IND:3,TOTAL,3.0,434549.0,144849.0,0.0,820.0,579399.0,388.0,0.0,273.0,530.0
ECU,Ecuador,IND,MR|MCF,MCF/LWAL/CDL+ERL/H:2/IND:4,TOTAL,2.0,265286.0,88429.0,0.0,501.0,353714.0,237.0,0.0,250.0,530.0
ECU,Ecuador,IND,MR|MCF,MCF/LWAL/CDL+ERL/H:2/IND:6,TOTAL,18.0,1451278.0,483759.0,0.0,2738.0,1935034.0,1297.0,0.0,152.0,530.0
ECU,Ecuador,RES,MR|MCF,MCF/LWAL/CDL+ERL/H:2/RES,URBAN,10343.0,2279186000.0,402209217.0,86564.0,3255980.0,2681395217.0,1187485.0,25046.0,315.0,700.0
ECU,Ecuador,RES,MR|MCF,MCF/LWAL/CDL+ERL/H:2/RES,RURAL,1379.0,241800000.0,42670584.0,11394.0,403000.0,284470584.0,146978.0,3100.0,292.0,600.0
ECU,Ecuador,COM,MR|MCF,MCF/LWAL/CDL+ERL/H:3/COM,TOTAL,4.0,358886.0,63332.0,0.0,552.0,422220.0,271.0,0.0,138.0,650.0
ECU,Ecuador,COM,MR|MCF,MCF/LWAL/CDL+ERL/H:3/COM:1,TOTAL,554.0,88035687.0,15535709.0,0.0,135440.0,103571398.0,66490.0,0.0,244.0,650.0
ECU,Ecuador,COM,MR|MCF,MCF/LWAL/CDL+ERL/H:3/COM:2,TOTAL,689.0,206345882.0,36413981.0,0.0,317455.0,242759861.0,155845.0,0.0,461.0,650.0
ECU,Ecuador,COM,MR|MCF,MCF/LWAL/CDL+ERL/H:3/COM:3,TOTAL,731.0,86522312.0,15268645.0,0.0,133111.0,101790948.0,65347.0,0.0,182.0,650.0
ECU,Ecuador,COM,MR|MCF,MCF/LWAL/CDL+ERL/H:3/COM:3B,TOTAL,26.0,4117936.0,726694.0,0.0,6335.0,4844632.0,3110.0,0.0,244.0,650.0
ECU,Ecuador,COM,MR|MCF,MCF/LWAL/CDL+ERL/H:3/COM:3C,TOTAL,66.0,8191612.0,1445580.0,0.0,12602.0,9637192.0,6187.0,0.0,191.0,650.0
ECU,Ecuador,COM,MR|MCF,MCF/LWAL/CDL+ERL/H:3/COM:5,TOTAL,97.0,8590823.0,1516025.0,0.0,13217.0,10106858.0,6488.0,0.0,136.0,650.0
ECU,Ecuador,COM,MR|MCF,MCF/LWAL/CDL+ERL/H:3/COM:5A,TOTAL,102.0,9735859.0,1718094.0,0.0,14978.0,11453951.0,7353.0,0.0,147.0,650.0
ECU,Ecuador,COM,MR|MCF,MCF/LWAL/CDL+ERL/H:3/COM:5B,TOTAL,5.0,493958.0,87168.0,0.0,760.0,581128.0,373.0,0.0,152.0,650.0
ECU,Ecuador,RES,MR|MCF,MCF/LWAL/CDL+ERL/H:3/RES,RURAL,1638.0,210073500.0,37071811.0,12611.0,350122.0,247145311.0,127787.0,3591.0,214.0,600.0
ECU,Ecuador,RES,MR|MCF,MCF/LWAL/CDL+ERL/H:3/RES,URBAN,11320.0,1700790000.0,300139342.0,84565.0,2429700.0,2000929342.0,886786.0,24920.0,215.0,700.0
ECU,Ecuador,RES,MR|MCF,MCF/LWAL/CDL+ERL/H:4/RES,URBAN,18.0,7575750.0,1336901.0,337.0,10822.0,8912651.0,3953.0,111.0,601.0,700.0
ECU,Ecuador,RES,MR|MCF,MCF/LWAL/CDL+ERL/H:5/RES,URBAN,10.0,5528250.0,975575.0,238.0,7898.0,6503825.0,2887.0,81.0,790.0,700.0
ECU,Ecuador,IND,MR|MCF,MCF/LWAL/CDL+ERL/H:>2/IND:1,TOTAL,123.0,16244144.0,5414715.0,0.0,30649.0,21658859.0,14526.0,0.0,249.0,530.0
ECU,Ecuador,IND,MR|MCF,MCF/LWAL/CDL+ERL/H:>2/IND:2,TOTAL,1355.0,116573855.0,38857954.0,0.0,219951.0,155431802.0,104246.0,0.0,162.0,530.0
ECU,Ecuador,IND,MR|MCF,MCF/LWAL/CDL+ERL/H:>2/IND:3,TOTAL,38.0,3637808.0,1212603.0,0.0,6864.0,4850411.0,3253.0,0.0,181.0,530.0
ECU,Ecuador,IND,MR|MCF,MCF/LWAL/CDL+ERL/H:>2/IND:4,TOTAL,28.0,9115488.0,3038496.0,0.0,17199.0,12153984.0,8152.0,0.0,614.0,530.0
ECU,Ecuador,IND,MR|MCF,MCF/LWAL/CDL+ERL/H:>2/IND:6,TOTAL,356.0,29942345.0,9980783.0,0.0,56495.0,39923124.0,26776.0,0.0,159.0,530.0
ECU,Ecuador,COM,MR|MCF,MCF/LWAL/CDM+ERL/H:1/COM,TOTAL,2.0,59464.0,10493.0,0.0,91.0,69958.0,45.0,0.0,46.0,653.0
ECU,Ecuador,COM,MR|MCF,MCF/LWAL/CDM+ERL/H:1/COM:1,TOTAL,1334.0,58792396.0,10375127.0,0.0,90450.0,69167520.0,44331.0,0.0,68.0,650.0
ECU,Ecuador,COM,MR|MCF,MCF/LWAL/CDM+ERL/H:1/COM:2,TOTAL,1046.0,104534155.0,18447212.0,0.0,160822.0,122981365.0,78821.0,0.0,154.0,650.0
ECU,Ecuador,COM,MR|MCF,MCF/LWAL/CDM+ERL/H:1/COM:3,TOTAL,1410.0,57630676.0,10170117.0,0.0,88663.0,67800799.0,43455.0,0.0,63.0,650.0
ECU,Ecuador,COM,MR|MCF,MCF/LWAL/CDM+ERL/H:1/COM:3B,TOTAL,71.0,2182518.0,385149.0,0.0,3358.0,2567669.0,1646.0,0.0,47.0,650.0
ECU,Ecuador,COM,MR|MCF,MCF/LWAL/CDM+ERL/H:1/COM:3C,TOTAL,68.0,3494221.0,616626.0,0.0,5376.0,4110847.0,2635.0,0.0,79.0,650.0
ECU,Ecuador,COM,MR|MCF,MCF/LWAL/CDM+ERL/H:1/COM:5,TOTAL,86.0,2525504.0,445678.0,0.0,3885.0,2971183.0,1904.0,0.0,45.0,650.0
ECU,Ecuador,COM,MR|MCF,MCF/LWAL/CDM+ERL/H:1/COM:5A,TOTAL,248.0,7951441.0,1403195.0,0.0,12233.0,9354642.0,5996.0,0.0,49.0,650.0
ECU,Ecuador,COM,MR|MCF,MCF/LWAL/CDM+ERL/H:1/COM:5B,TOTAL,11.0,806298.0,142287.0,0.0,1240.0,948585.0,608.0,0.0,113.0,650.0
ECU,Ecuador,IND,MR|MCF,MCF/LWAL/CDM+ERL/H:1/IND:1,TOTAL,22.0,2943387.0,981127.0,0.0,5554.0,3924514.0,2627.0,0.0,252.0,530.0
ECU,Ecuador,IND,MR|MCF,MCF/LWAL/CDM+ERL/H:1/IND:2,TOTAL,319.0,26292749.0,8764249.0,0.0,49609.0,35056996.0,23467.0,0.0,156.0,530.0
ECU,Ecuador,IND,MR|MCF,MCF/LWAL/CDM+ERL/H:1/IND:3,TOTAL,9.0,912738.0,304246.0,0.0,1722.0,1216986.0,815.0,0.0,191.0,530.0
ECU,Ecuador,IND,MR|MCF,MCF/LWAL/CDM+ERL/H:1/IND:4,TOTAL,29.0,8309498.0,2769833.0,0.0,15678.0,11079330.0,7416.0,0.0,541.0,530.0
ECU,Ecuador,IND,MR|MCF,MCF/LWAL/CDM+ERL/H:1/IND:6,TOTAL,106.0,8630872.0,2876955.0,0.0,16285.0,11507826.0,7703.0,0.0,154.0,530.0
ECU,Ecuador,RES,MR|MCF,MCF/LWAL/CDM+ERL/H:1/RES,RURAL,21072.0,1643616000.0,290049916.0,75219.0,2739360.0,1933665916.0,998336.0,21072.0,130.0,600.0
ECU,Ecuador,RES,MR|MCF,MCF/LWAL/CDM+ERL/H:1/RES,URBAN,40510.0,3686410000.0,650542922.0,140403.0,5266300.0,4336952922.0,1919253.0,40510.0,130.0,700.0
ECU,Ecuador,COM,MR|MCF,MCF/LWAL/CDM+ERL/H:2/COM,TOTAL,6.0,359449.0,63431.0,0.0,553.0,422881.0,271.0,0.0,92.0,650.0
ECU,Ecuador,COM,MR|MCF,MCF/LWAL/CDM+ERL/H:2/COM:1,TOTAL,704.0,72555916.0,12803987.0,0.0,111624.0,85359900.0,54754.0,0.0,159.0,650.0
ECU,Ecuador,COM,MR|MCF,MCF/LWAL/CDM+ERL/H:2/COM:2,TOTAL,1188.0,218028807.0,38475680.0,0.0,335429.0,256504476.0,164533.0,0.0,282.0,650.0
ECU,Ecuador,COM,MR|MCF,MCF/LWAL/CDM+ERL/H:2/COM:3,TOTAL,854.0,60812802.0,10731670.0,0.0,93558.0,71544470.0,45892.0,0.0,110.0,650.0
ECU,Ecuador,COM,MR|MCF,MCF/LWAL/CDM+ERL/H:2/COM:3B,TOTAL,32.0,1855473.0,327436.0,0.0,2855.0,2182908.0,1400.0,0.0,89.0,650.0
ECU,Ecuador,COM,MR|MCF,MCF/LWAL/CDM+ERL/H:2/COM:3C,TOTAL,57.0,4681932.0,826224.0,0.0,7203.0,5508158.0,3533.0,0.0,126.0,650.0
ECU,Ecuador,COM,MR|MCF,MCF/LWAL/CDM+ERL/H:2/COM:5,TOTAL,94.0,5635918.0,994574.0,0.0,8671.0,6630490.0,4253.0,0.0,92.0,650.0
ECU,Ecuador,COM,MR|MCF,MCF/LWAL/CDM+ERL/H:2/COM:5A,TOTAL,143.0,8981625.0,1584995.0,0.0,13818.0,10566617.0,6778.0,0.0,97.0,650.0
ECU,Ecuador,COM,MR|MCF,MCF/LWAL/CDM+ERL/H:2/COM:5B,TOTAL,8.0,1235907.0,218102.0,0.0,1901.0,1454008.0,933.0,0.0,238.0,650.0
ECU,Ecuador,IND,MR|MCF,MCF/LWAL/CDM+ERL/H:2/IND:1,TOTAL,11.0,1491823.0,497274.0,0.0,2815.0,1989097.0,1333.0,0.0,256.0,530.0
ECU,Ecuador,IND,MR|MCF,MCF/LWAL/CDM+ERL/H:2/IND:2,TOTAL,157.0,12484940.0,4161643.0,0.0,23556.0,16646592.0,11154.0,0.0,150.0,530.0
ECU,Ecuador,IND,MR|MCF,MCF/LWAL/CDM+ERL/H:2/IND:3,TOTAL,1.0,79570.0,26523.0,0.0,150.0,106093.0,71.0,0.0,150.0,530.0
ECU,Ecuador,IND,MR|MCF,MCF/LWAL/CDM+ERL/H:2/IND:4,TOTAL,4.0,1057831.0,352611.0,0.0,1996.0,1410440.0,945.0,0.0,499.0,530.0
ECU,Ecuador,IND,MR|MCF,MCF/LWAL/CDM+ERL/H:2/IND:6,TOTAL,42.0,3317566.0,1105856.0,0.0,6260.0,4423419.0,2964.0,0.0,149.0,530.0
ECU,Ecuador,RES,MR|MCF,MCF/LWAL/CDM+ERL/H:2/RES,URBAN,36205.0,7204197000.0,1271328877.0,274193.0,10291710.0,8475525877.0,3753467.0,79167.0,284.0,700.0
ECU,Ecuador,RES,MR|MCF,MCF/LWAL/CDM+ERL/H:2/RES,RURAL,3560.0,625170000.0,110324112.0,29129.0,1041950.0,735494112.0,380008.0,8015.0,293.0,600.0
ECU,Ecuador,COM,MR|MCF,MCF/LWAL/CDM+ERL/H:3/COM,TOTAL,7.0,623471.0,110024.0,0.0,959.0,733495.0,471.0,0.0,137.0,650.0
ECU,Ecuador,COM,MR|MCF,MCF/LWAL/CDM+ERL/H:3/COM:1,TOTAL,1174.0,203438525.0,35900919.0,0.0,312982.0,239339436.0,153650.0,0.0,267.0,650.0
ECU,Ecuador,COM,MR|MCF,MCF/LWAL/CDM+ERL/H:3/COM:2,TOTAL,1434.0,403653447.0,71232961.0,0.0,621005.0,474886420.0,304865.0,0.0,433.0,650.0
ECU,Ecuador,COM,MR|MCF,MCF/LWAL/CDM+ERL/H:3/COM:3,TOTAL,1461.0,157433022.0,27782294.0,0.0,242205.0,185215321.0,118904.0,0.0,166.0,650.0
ECU,Ecuador,COM,MR|MCF,MCF/LWAL/CDM+ERL/H:3/COM:3B,TOTAL,67.0,9214992.0,1626175.0,0.0,14177.0,10841170.0,6960.0,0.0,212.0,650.0
ECU,Ecuador,COM,MR|MCF,MCF/LWAL/CDM+ERL/H:3/COM:3C,TOTAL,148.0,19438359.0,3430301.0,0.0,29905.0,22868653.0,14681.0,0.0,202.0,650.0
ECU,Ecuador,COM,MR|MCF,MCF/LWAL/CDM+ERL/H:3/COM:5,TOTAL,250.0,24044187.0,4243091.0,0.0,36991.0,28287283.0,18160.0,0.0,148.0,650.0
ECU,Ecuador,COM,MR|MCF,MCF/LWAL/CDM+ERL/H:3/COM:5A,TOTAL,211.0,22251906.0,3926806.0,0.0,34234.0,26178721.0,16806.0,0.0,162.0,650.0
ECU,Ecuador,COM,MR|MCF,MCF/LWAL/CDM+ERL/H:3/COM:5B,TOTAL,26.0,8937389.0,1577186.0,0.0,13750.0,10514576.0,6750.0,0.0,529.0,650.0
ECU,Ecuador,RES,MR|MCF,MCF/LWAL/CDM+ERL/H:3/RES,URBAN,34163.0,4892501250.0,863382567.0,243477.0,6989288.0,5755883817.0,2550924.0,71685.0,205.0,700.0
ECU,Ecuador,RES,MR|MCF,MCF/LWAL/CDM+ERL/H:3/RES,RURAL,5017.0,616531500.0,108799700.0,36637.0,1027552.0,725331200.0,375033.0,10539.0,205.0,600.0
ECU,Ecuador,RES,MR|MCF,MCF/LWAL/CDM+ERL/H:4/RES,URBAN,104.0,54190500.0,9563040.0,2363.0,77415.0,63753540.0,28276.0,794.0,744.0,700.0
ECU,Ecuador,RES,MR|MCF,MCF/LWAL/CDM+ERL/H:5/RES,URBAN,83.0,53644500.0,9466681.0,2329.0,76635.0,63111181.0,28011.0,786.0,923.0,700.0
ECU,Ecuador,IND,MR|MCF,MCF/LWAL/CDM+ERL/H:>2/IND:1,TOTAL,269.0,37300904.0,12433635.0,0.0,70379.0,49734537.0,33356.0,0.0,262.0,530.0
ECU,Ecuador,IND,MR|MCF,MCF/LWAL/CDM+ERL/H:>2/IND:2,TOTAL,3070.0,257173667.0,85724557.0,0.0,485233.0,342898227.0,229977.0,0.0,158.0,530.0
ECU,Ecuador,IND,MR|MCF,MCF/LWAL/CDM+ERL/H:>2/IND:3,TOTAL,85.0,8482466.0,2827484.0,0.0,16005.0,11309956.0,7586.0,0.0,188.0,530.0
ECU,Ecuador,IND,MR|MCF,MCF/LWAL/CDM+ERL/H:>2/IND:4,TOTAL,61.0,10769697.0,3589900.0,0.0,20320.0,14359592.0,9631.0,0.0,333.0,530.0
ECU,Ecuador,IND,MR|MCF,MCF/LWAL/CDM+ERL/H:>2/IND:6,TOTAL,786.0,64747982.0,21582655.0,0.0,122166.0,86330634.0,57901.0,0.0,155.0,530.0
ECU,Ecuador,COM,MR|MCF,MCF/LWAL/CDN+ERL/H:1/COM,TOTAL,32.0,948789.0,167434.0,0.0,1460.0,1116222.0,715.0,0.0,46.0,650.0
ECU,Ecuador,COM,MR|MCF,MCF/LWAL/CDN+ERL/H:1/COM:1,TOTAL,7060.0,353867500.0,62447206.0,0.0,544412.0,416314702.0,266821.0,0.0,77.0,650.0
ECU,Ecuador,COM,MR|MCF,MCF/LWAL/CDN+ERL/H:1/COM:2,TOTAL,5433.0,521086650.0,91956475.0,0.0,801672.0,613043128.0,392907.0,0.0,148.0,650.0
ECU,Ecuador,COM,MR|MCF,MCF/LWAL/CDN+ERL/H:1/COM:3,TOTAL,6740.0,278917319.0,49220702.0,0.0,429104.0,328138021.0,210308.0,0.0,64.0,650.0
ECU,Ecuador,COM,MR|MCF,MCF/LWAL/CDN+ERL/H:1/COM:3B,TOTAL,369.0,19391276.0,3421991.0,0.0,29833.0,22813266.0,14622.0,0.0,81.0,650.0
ECU,Ecuador,COM,MR|MCF,MCF/LWAL/CDN+ERL/H:1/COM:3C,TOTAL,344.0,15789344.0,2786355.0,0.0,24291.0,18575688.0,11906.0,0.0,71.0,650.0
ECU,Ecuador,COM,MR|MCF,MCF/LWAL/CDN+ERL/H:1/COM:5,TOTAL,473.0,14862152.0,2622732.0,0.0,22865.0,17484889.0,11207.0,0.0,48.0,650.0
ECU,Ecuador,COM,MR|MCF,MCF/LWAL/CDN+ERL/H:1/COM:5A,TOTAL,1227.0,38210625.0,6743053.0,0.0,58786.0,44953674.0,28812.0,0.0,48.0,650.0
ECU,Ecuador,COM,MR|MCF,MCF/LWAL/CDN+ERL/H:1/COM:5B,TOTAL,62.0,5545146.0,978556.0,0.0,8531.0,6523699.0,4181.0,0.0,138.0,650.0
ECU,Ecuador,IND,MR|MCF,MCF/LWAL/CDN+ERL/H:1/IND:1,TOTAL,108.0,14854521.0,4951506.0,0.0,28027.0,19806023.0,13258.0,0.0,260.0,530.0
ECU,Ecuador,IND,MR|MCF,MCF/LWAL/CDN+ERL/H:1/IND:2,TOTAL,1394.0,116921651.0,38973886.0,0.0,220607.0,155895523.0,104356.0,0.0,158.0,530.0
ECU,Ecuador,IND,MR|MCF,MCF/LWAL/CDN+ERL/H:1/IND:3,TOTAL,22.0,2346724.0,782241.0,0.0,4428.0,3128965.0,2095.0,0.0,201.0,530.0
ECU,Ecuador,IND,MR|MCF,MCF/LWAL/CDN+ERL/H:1/IND:4,TOTAL,136.0,32086330.0,10695445.0,0.0,60540.0,42781776.0,28638.0,0.0,445.0,530.0
ECU,Ecuador,IND,MR|MCF,MCF/LWAL/CDN+ERL/H:1/IND:6,TOTAL,451.0,38896514.0,12965506.0,0.0,73390.0,51862016.0,34716.0,0.0,163.0,530.0
ECU,Ecuador,RES,MR|MCF,MCF/LWAL/CDN+ERL/H:1/RES,URBAN,193769.0,17632979000.0,3111702174.0,672080.0,25189970.0,20744681174.0,9180217.0,193769.0,130.0,700.0
ECU,Ecuador,RES,MR|MCF,MCF/LWAL/CDN+ERL/H:1/RES,RURAL,88650.0,6914700000.0,1220241199.0,315225.0,11524500.0,8134941199.0,4199985.0,88650.0,130.0,600.0
ECU,Ecuador,COM,MR|MCF,MCF/LWAL/CDN+ERL/H:2/COM,TOTAL,17.0,1010431.0,178311.0,0.0,1555.0,1188739.0,763.0,0.0,91.0,650.0
ECU,Ecuador,COM,MR|MCF,MCF/LWAL/CDN+ERL/H:2/COM:1,TOTAL,3687.0,368654994.0,65056763.0,0.0,567162.0,433711760.0,278201.0,0.0,154.0,650.0
ECU,Ecuador,COM,MR|MCF,MCF/LWAL/CDN+ERL/H:2/COM:2,TOTAL,5933.0,1125219849.0,198568202.0,0.0,1731107.0,1323788052.0,849133.0,0.0,292.0,650.0
ECU,Ecuador,COM,MR|MCF,MCF/LWAL/CDN+ERL/H:2/COM:3,TOTAL,3867.0,278527704.0,49151952.0,0.0,428504.0,327679654.0,210188.0,0.0,111.0,650.0
ECU,Ecuador,COM,MR|MCF,MCF/LWAL/CDN+ERL/H:2/COM:3B,TOTAL,182.0,16133232.0,2847041.0,0.0,24820.0,18980275.0,12175.0,0.0,136.0,650.0
ECU,Ecuador,COM,MR|MCF,MCF/LWAL/CDN+ERL/H:2/COM:3C,TOTAL,291.0,24574809.0,4336729.0,0.0,37807.0,28911546.0,18545.0,0.0,130.0,650.0
ECU,Ecuador,COM,MR|MCF,MCF/LWAL/CDN+ERL/H:2/COM:5,TOTAL,524.0,31256342.0,5515825.0,0.0,48087.0,36772170.0,23588.0,0.0,92.0,650.0
ECU,Ecuador,COM,MR|MCF,MCF/LWAL/CDN+ERL/H:2/COM:5A,TOTAL,588.0,40909266.0,7219284.0,0.0,62937.0,48128549.0,30872.0,0.0,107.0,650.0
ECU,Ecuador,COM,MR|MCF,MCF/LWAL/CDN+ERL/H:2/COM:5B,TOTAL,61.0,16418371.0,2897361.0,0.0,25259.0,19315733.0,12390.0,0.0,414.0,650.0
ECU,Ecuador,IND,MR|MCF,MCF/LWAL/CDN+ERL/H:2/IND:1,TOTAL,64.0,8502618.0,2834205.0,0.0,16043.0,11336823.0,7596.0,0.0,251.0,530.0
ECU,Ecuador,IND,MR|MCF,MCF/LWAL/CDN+ERL/H:2/IND:2,TOTAL,769.0,65510216.0,21836734.0,0.0,123604.0,87346953.0,58526.0,0.0,161.0,530.0
ECU,Ecuador,IND,MR|MCF,MCF/LWAL/CDN+ERL/H:2/IND:3,TOTAL,11.0,886702.0,295567.0,0.0,1673.0,1182270.0,792.0,0.0,152.0,530.0
ECU,Ecuador,IND,MR|MCF,MCF/LWAL/CDN+ERL/H:2/IND:4,TOTAL,27.0,4120330.0,1373441.0,0.0,7774.0,5493775.0,3681.0,0.0,288.0,530.0
ECU,Ecuador,IND,MR|MCF,MCF/LWAL/CDN+ERL/H:2/IND:6,TOTAL,194.0,15585931.0,5195309.0,0.0,29407.0,20781235.0,13924.0,0.0,152.0,530.0
ECU,Ecuador,RES,MR|MCF,MCF/LWAL/CDN+ERL/H:2/RES,RURAL,17589.0,3108144000.0,548495992.0,144872.0,5180240.0,3656639992.0,1889273.0,39848.0,295.0,600.0
ECU,Ecuador,RES,MR|MCF,MCF/LWAL/CDN+ERL/H:2/RES,URBAN,172065.0,34029268000.0,6005164921.0,1295895.0,48613240.0,40034432921.0,17729599.0,373948.0,283.0,700.0
ECU,Ecuador,COM,MR|MCF,MCF/LWAL/CDN+ERL/H:3/COM,TOTAL,35.0,3050027.0,538240.0,0.0,4692.0,3588266.0,2304.0,0.0,134.0,650.0
ECU,Ecuador,COM,MR|MCF,MCF/LWAL/CDN+ERL/H:3/COM:1,TOTAL,5927.0,969589456.0,171104013.0,0.0,1491676.0,1140693476.0,732295.0,0.0,252.0,650.0
ECU,Ecuador,COM,MR|MCF,MCF/LWAL/CDN+ERL/H:3/COM:2,TOTAL,7218.0,2085575404.0,368042727.0,0.0,3208578.0,2453618127.0,1575156.0,0.0,445.0,650.0
ECU,Ecuador,COM,MR|MCF,MCF/LWAL/CDN+ERL/H:3/COM:3,TOTAL,6820.0,781495627.0,137910985.0,0.0,1202301.0,919406614.0,590234.0,0.0,176.0,650.0
ECU,Ecuador,COM,MR|MCF,MCF/LWAL/CDN+ERL/H:3/COM:3B,TOTAL,293.0,44517470.0,7856018.0,0.0,68488.0,52373486.0,33623.0,0.0,234.0,650.0
ECU,Ecuador,COM,MR|MCF,MCF/LWAL/CDN+ERL/H:3/COM:3C,TOTAL,567.0,78327314.0,13822463.0,0.0,120504.0,92149774.0,59158.0,0.0,213.0,650.0
ECU,Ecuador,COM,MR|MCF,MCF/LWAL/CDN+ERL/H:3/COM:5,TOTAL,1174.0,107276838.0,18931203.0,0.0,165041.0,126208050.0,81023.0,0.0,141.0,650.0
ECU,Ecuador,COM,MR|MCF,MCF/LWAL/CDN+ERL/H:3/COM:5A,TOTAL,1044.0,102896536.0,18158207.0,0.0,158302.0,121054747.0,77714.0,0.0,152.0,650.0
ECU,Ecuador,COM,MR|MCF,MCF/LWAL/CDN+ERL/H:3/COM:5B,TOTAL,120.0,38492324.0,6792764.0,0.0,59219.0,45285081.0,29072.0,0.0,493.0,650.0
ECU,Ecuador,RES,MR|MCF,MCF/LWAL/CDN+ERL/H:3/RES,URBAN,168842.0,24119686500.0,4256415280.0,1198170.0,34456695.0,28376101780.0,12575842.0,353402.0,204.0,700.0
ECU,Ecuador,RES,MR|MCF,MCF/LWAL/CDN+ERL/H:3/RES,RURAL,27963.0,3434769000.0,606135713.0,202914.0,5724615.0,4040904713.0,2089344.0,58714.0,205.0,600.0
ECU,Ecuador,RES,MR|MCF,MCF/LWAL/CDN+ERL/H:4/RES,URBAN,555.0,365820000.0,64556472.0,15851.0,522600.0,430376472.0,190877.0,5360.0,942.0,700.0
ECU,Ecuador,RES,MR|MCF,MCF/LWAL/CDN+ERL/H:5/RES,URBAN,519.0,458367000.0,80888290.0,19437.0,654810.0,539255290.0,239341.0,6716.0,1262.0,700.0
ECU,Ecuador,IND,MR|MCF,MCF/LWAL/CDN+ERL/H:>2/IND:1,TOTAL,1233.0,181276209.0,60425406.0,0.0,342031.0,241701620.0,162106.0,0.0,277.0,530.0
ECU,Ecuador,IND,MR|MCF,MCF/LWAL/CDN+ERL/H:>2/IND:2,TOTAL,14606.0,1231397976.0,410465986.0,0.0,2323392.0,1641863970.0,1101174.0,0.0,159.0,530.0
ECU,Ecuador,IND,MR|MCF,MCF/LWAL/CDN+ERL/H:>2/IND:3,TOTAL,411.0,47356802.0,15785602.0,0.0,89352.0,63142390.0,42349.0,0.0,217.0,530.0
ECU,Ecuador,IND,MR|MCF,MCF/LWAL/CDN+ERL/H:>2/IND:4,TOTAL,294.0,65126712.0,21708903.0,0.0,122881.0,86835616.0,58240.0,0.0,418.0,530.0
ECU,Ecuador,IND,MR|MCF,MCF/LWAL/CDN+ERL/H:>2/IND:6,TOTAL,4009.0,342368432.0,114122802.0,0.0,645978.0,456491238.0,306162.0,0.0,161.0,530.0
ECU,Ecuador,RES,ADO|ST|E,MUR+ADO/LWAL/CDN+ERN/H:1/RES,RURAL,657626.0,25252838400.0,4456383185.0,2267453.0,78915120.0,29709221585.0,35987931.0,657626.0,120.0,320.0
ECU,Ecuador,RES,ADO|ST|E,MUR+ADO/LWAL/CDN+ERN/H:1/RES,URBAN,150592.0,8131968000.0,1435053110.0,525661.0,18071040.0,9567021110.0,8241004.0,150592.0,120.0,450.0
ECU,Ecuador,RES,ADO|ST|E,MUR+ADO/LWAL/CDN+ERN/H:2/RES,RURAL,91208.0,3866659200.0,682351575.0,469275.0,12083310.0,4549010775.0,5513553.0,134259.0,132.0,320.0
ECU,Ecuador,RES,ADO|ST|E,MUR+ADO/LWAL/CDN+ERN/H:2/RES,URBAN,193796.0,11469681000.0,2024061302.0,989918.0,25488180.0,13493742302.0,11630126.0,283202.0,132.0,450.0
ECU,Ecuador,IND,MUR,MUR/LWAL/CDN+ERL/H:1/IND:6,TOTAL,721.0,56028558.0,18676190.0,0.0,116726.0,74704739.0,66398.0,0.0,162.0,480.0
ECU,Ecuador,IND,MUR,MUR/LWAL/CDN+ERL/H:2/IND:6,TOTAL,331.0,25341709.0,8447237.0,0.0,52795.0,33788950.0,30052.0,0.0,160.0,480.0
ECU,Ecuador,IND,MUR,MUR/LWAL/CDN+ERL/H:>2/IND:6,TOTAL,6214.0,482916638.0,160972218.0,0.0,1006076.0,643888862.0,573043.0,0.0,162.0,480.0
ECU,Ecuador,COM,MUR,MUR/LWAL/CDN+ERN/H:1/COM,TOTAL,29.0,641911.0,160478.0,0.0,1284.0,802390.0,778.0,0.0,44.0,500.0
ECU,Ecuador,COM,MUR,MUR/LWAL/CDN+ERN/H:1/COM:1,TOTAL,16463.0,649476694.0,162369180.0,0.0,1298953.0,811845880.0,786809.0,0.0,79.0,500.0
ECU,Ecuador,COM,MUR,MUR/LWAL/CDN+ERN/H:1/COM:2,TOTAL,16314.0,1142772106.0,285693025.0,0.0,2285544.0,1428465112.0,1384412.0,0.0,140.0,500.0
ECU,Ecuador,COM,MUR,MUR/LWAL/CDN+ERN/H:1/COM:3,TOTAL,8502.0,281429790.0,70357451.0,0.0,562860.0,351787233.0,340939.0,0.0,66.0,500.0
ECU,Ecuador,COM,MUR,MUR/LWAL/CDN+ERN/H:1/COM:3B,TOTAL,897.0,37149682.0,9287421.0,0.0,74299.0,46437102.0,45005.0,0.0,83.0,500.0
ECU,Ecuador,COM,MUR,MUR/LWAL/CDN+ERN/H:1/COM:3C,TOTAL,222.0,7339750.0,1834938.0,0.0,14679.0,9174687.0,8892.0,0.0,66.0,500.0
ECU,Ecuador,COM,MUR,MUR/LWAL/CDN+ERN/H:1/COM:5,TOTAL,343.0,8153308.0,2038325.0,0.0,16307.0,10191633.0,9878.0,0.0,48.0,500.0
ECU,Ecuador,COM,MUR,MUR/LWAL/CDN+ERN/H:1/COM:5A,TOTAL,945.0,22675130.0,5668786.0,0.0,45350.0,28343917.0,27470.0,0.0,48.0,500.0
ECU,Ecuador,COM,MUR,MUR/LWAL/CDN+ERN/H:1/COM:5B,TOTAL,38.0,2558230.0,639555.0,0.0,5116.0,3197785.0,3099.0,0.0,135.0,500.0
ECU,Ecuador,RES,MUR,MUR/LWAL/CDN+ERN/H:1/RES,URBAN,173847.0,11473902000.0,2868475500.0,605467.0,20861640.0,14342377500.0,9513611.0,173847.0,120.0,550.0
ECU,Ecuador,RES,MUR,MUR/LWAL/CDN+ERN/H:1/RES,RURAL,332309.0,17944686000.0,4486171500.0,1165704.0,39877080.0,22430857500.0,18185285.0,332309.0,120.0,450.0
ECU,Ecuador,COM,MUR,MUR/LWAL/CDN+ERN/H:2/COM,TOTAL,22.0,1097614.0,274404.0,0.0,2195.0,1372019.0,1331.0,0.0,100.0,500.0
ECU,Ecuador,COM,MUR,MUR/LWAL/CDN+ERN/H:2/COM:1,TOTAL,10772.0,898467069.0,224616769.0,0.0,1796934.0,1123083835.0,1089113.0,0.0,167.0,500.0
ECU,Ecuador,COM,MUR,MUR/LWAL/CDN+ERN/H:2/COM:2,TOTAL,22246.0,3170646300.0,792661576.0,0.0,6341293.0,3963307872.0,3843423.0,0.0,285.0,500.0
ECU,Ecuador,COM,MUR,MUR/LWAL/CDN+ERN/H:2/COM:3,TOTAL,5979.0,344926783.0,86231693.0,0.0,689854.0,431158472.0,418117.0,0.0,115.0,500.0
ECU,Ecuador,COM,MUR,MUR/LWAL/CDN+ERN/H:2/COM:3B,TOTAL,618.0,55410989.0,13852751.0,0.0,110822.0,69263739.0,67169.0,0.0,179.0,500.0
ECU,Ecuador,COM,MUR,MUR/LWAL/CDN+ERN/H:2/COM:3C,TOTAL,241.0,15490484.0,3872618.0,0.0,30981.0,19363103.0,18778.0,0.0,129.0,500.0
ECU,Ecuador,COM,MUR,MUR/LWAL/CDN+ERN/H:2/COM:5,TOTAL,465.0,22627419.0,5656856.0,0.0,45255.0,28284276.0,27429.0,0.0,97.0,500.0
ECU,Ecuador,COM,MUR,MUR/LWAL/CDN+ERN/H:2/COM:5A,TOTAL,583.0,28722225.0,7180552.0,0.0,57444.0,35902781.0,34817.0,0.0,99.0,500.0
ECU,Ecuador,COM,MUR,MUR/LWAL/CDN+ERN/H:2/COM:5B,TOTAL,39.0,6425574.0,1606395.0,0.0,12851.0,8031970.0,7789.0,0.0,330.0,500.0
ECU,Ecuador,RES,MUR,MUR/LWAL/CDN+ERN/H:2/RES,RURAL,127380.0,5158890000.0,1289722500.0,452461.0,11464200.0,6448612500.0,5231056.0,127380.0,90.0,450.0
ECU,Ecuador,RES,MUR,MUR/LWAL/CDN+ERN/H:2/RES,URBAN,323798.0,16028001000.0,4007000250.0,1126916.0,29141820.0,20035001250.0,13297262.0,323798.0,90.0,550.0
ECU,Ecuador,RES,MUR,MUR/LWAL/CDN+ERN/H:3/RES,URBAN,23478.0,2566872000.0,641718000.0,179488.0,4667040.0,3208590000.0,2130770.0,51856.0,199.0,550.0
ECU,Ecuador,RES,MUR,MUR/LWAL/CDN+ERN/H:3/RES,RURAL,50753.0,4263961500.0,1065990375.0,367766.0,9475470.0,5329951875.0,4326083.0,105283.0,187.0,450.0
ECU,Ecuador,RES,MUR,MUR/LWAL/CDN+ERN/H:4/RES,URBAN,312.0,154984500.0,38746125.0,9298.0,281790.0,193730625.0,128727.0,3131.0,903.0,550.0
ECU,Ecuador,RES,MUR,MUR/LWAL/CDN+ERN/H:4/RES,RURAL,2663.0,915705000.0,228926250.0,70538.0,2034900.0,1144631250.0,929578.0,22610.0,764.0,450.0
ECU,Ecuador,RES,MUR,MUR/LWAL/CDN+ERN/H:5/RES,RURAL,1084.0,490981500.0,122745375.0,36954.0,1091070.0,613726875.0,498705.0,12123.0,1007.0,450.0
ECU,Ecuador,RES,MUR,MUR/LWAL/CDN+ERN/H:5/RES,URBAN,237.0,151173000.0,37793250.0,8755.0,274860.0,188966250.0,125633.0,3054.0,1160.0,550.0
ECU,Ecuador,COM,S,S+SL/LFM/CDH+ERH/H:1/COM:2,TOTAL,65.0,4643391.0,1160848.0,0.0,6254.0,5804241.0,2175.0,0.0,96.0,742.0
ECU,Ecuador,COM,S,S+SL/LFM/CDH+ERH/H:1/COM:3,TOTAL,16.0,1427272.0,356818.0,0.0,1922.0,1784093.0,669.0,0.0,120.0,743.0
ECU,Ecuador,IND,S,S+SL/LFM/CDH+ERH/H:1/IND:1,TOTAL,11.0,3193744.0,1368751.0,0.0,5151.0,4562492.0,1632.0,0.0,468.0,620.0
ECU,Ecuador,IND,S,S+SL/LFM/CDH+ERH/H:1/IND:2,TOTAL,115.0,10883152.0,4664213.0,0.0,17553.0,15547362.0,5563.0,0.0,153.0,620.0
ECU,Ecuador,IND,S,S+SL/LFM/CDH+ERH/H:1/IND:3,TOTAL,3.0,283539.0,121516.0,0.0,457.0,405056.0,145.0,0.0,152.0,620.0
ECU,Ecuador,IND,S,S+SL/LFM/CDH+ERH/H:1/IND:4,TOTAL,3.0,1873746.0,803034.0,0.0,3022.0,2676780.0,958.0,0.0,1007.0,620.0
ECU,Ecuador,COM,S,S+SL/LFM/CDH+ERH/H:2/COM:2,TOTAL,62.0,8881649.0,2220410.0,0.0,11962.0,11102061.0,4163.0,0.0,193.0,742.0
ECU,Ecuador,COM,S,S+SL/LFM/CDH+ERH/H:2/COM:3,TOTAL,7.0,474924.0,118731.0,0.0,640.0,593654.0,223.0,0.0,91.0,742.0
ECU,Ecuador,IND,S,S+SL/LFM/CDH+ERH/H:2/IND:1,TOTAL,3.0,471643.0,202132.0,0.0,761.0,673774.0,241.0,0.0,254.0,620.0
ECU,Ecuador,IND,S,S+SL/LFM/CDH+ERH/H:2/IND:2,TOTAL,118.0,12083203.0,5178514.0,0.0,19489.0,17261712.0,6181.0,0.0,165.0,620.0
ECU,Ecuador,IND,S,S+SL/LFM/CDH+ERH/H:2/IND:3,TOTAL,3.0,285879.0,122519.0,0.0,461.0,408397.0,146.0,0.0,154.0,620.0
ECU,Ecuador,IND,S,S+SL/LFM/CDH+ERH/H:2/IND:4,TOTAL,1.0,156265.0,66971.0,0.0,252.0,223235.0,80.0,0.0,252.0,620.0
ECU,Ecuador,COM,S,S+SL/LFM/CDH+ERH/H:3/COM:2,TOTAL,95.0,19185907.0,4796478.0,0.0,25840.0,23982383.0,8999.0,0.0,272.0,742.0
ECU,Ecuador,COM,S,S+SL/LFM/CDH+ERH/H:3/COM:3,TOTAL,9.0,924240.0,231060.0,0.0,1245.0,1155300.0,433.0,0.0,138.0,742.0
ECU,Ecuador,COM,S,S+SL/LFM/CDH+ERH/H:4/COM:2,TOTAL,214.0,63136298.0,15784076.0,0.0,85032.0,78920372.0,29628.0,0.0,397.0,743.0
ECU,Ecuador,COM,S,S+SL/LFM/CDH+ERH/H:4/COM:3,TOTAL,19.0,2629290.0,657322.0,0.0,3541.0,3286612.0,1234.0,0.0,186.0,743.0
ECU,Ecuador,COM,S,S+SL/LFM/CDH+ERH/H:5-7/COM:2,TOTAL,340.0,145378374.0,36344597.0,0.0,195796.0,181722967.0,68298.0,0.0,576.0,742.0
ECU,Ecuador,COM,S,S+SL/LFM/CDH+ERH/H:5-7/COM:3,TOTAL,23.0,14961914.0,3740479.0,0.0,20151.0,18702391.0,7029.0,0.0,876.0,742.0
ECU,Ecuador,IND,S,S+SL/LFM/CDH+ERH/H:>2/IND:1,TOTAL,190.0,39219191.0,16808222.0,0.0,63257.0,56027414.0,20075.0,0.0,333.0,620.0
ECU,Ecuador,IND,S,S+SL/LFM/CDH+ERH/H:>2/IND:2,TOTAL,1965.0,194085868.0,83179655.0,0.0,313042.0,277265517.0,99347.0,0.0,159.0,620.0
ECU,Ecuador,IND,S,S+SL/LFM/CDH+ERH/H:>2/IND:3,TOTAL,50.0,6426775.0,2754333.0,0.0,10366.0,9181107.0,3290.0,0.0,207.0,620.0
ECU,Ecuador,IND,S,S+SL/LFM/CDH+ERH/H:>2/IND:4,TOTAL,37.0,9551662.0,4093567.0,0.0,15406.0,13645229.0,4889.0,0.0,416.0,620.0
ECU,Ecuador,COM,S,S+SL/LFM/CDH+ERH/H:>7/COM:2,TOTAL,54.0,28929512.0,7232377.0,0.0,38962.0,36161889.0,13606.0,0.0,722.0,743.0
ECU,Ecuador,COM,S,S+SL/LFM/CDH+ERH/H:>7/COM:3,TOTAL,3.0,843439.0,210860.0,0.0,1136.0,1054300.0,397.0,0.0,379.0,742.0
ECU,Ecuador,COM,S,S+SL/LFM/CDH+ERL/H:1/COM:2,TOTAL,27.0,3267424.0,816856.0,0.0,4401.0,4084282.0,1531.0,0.0,163.0,742.0
ECU,Ecuador,COM,S,S+SL/LFM/CDH+ERL/H:1/COM:3,TOTAL,5.0,238728.0,59683.0,0.0,322.0,298409.0,112.0,0.0,64.0,741.0
ECU,Ecuador,IND,S,S+SL/LFM/CDH+ERL/H:1/IND:2,TOTAL,16.0,1530024.0,655724.0,0.0,2468.0,2185747.0,782.0,0.0,154.0,620.0
ECU,Ecuador,IND,S,S+SL/LFM/CDH+ERL/H:1/IND:4,TOTAL,4.0,2078716.0,890879.0,0.0,3353.0,2969594.0,1063.0,0.0,838.0,620.0
ECU,Ecuador,COM,S,S+SL/LFM/CDH+ERL/H:2/COM:2,TOTAL,16.0,3463868.0,865967.0,0.0,4665.0,4329838.0,1624.0,0.0,292.0,743.0
ECU,Ecuador,COM,S,S+SL/LFM/CDH+ERL/H:2/COM:3,TOTAL,2.0,134646.0,33662.0,0.0,181.0,168307.0,63.0,0.0,90.0,744.0
ECU,Ecuador,IND,S,S+SL/LFM/CDH+ERL/H:2/IND:1,TOTAL,1.0,160558.0,68811.0,0.0,259.0,229369.0,82.0,0.0,259.0,620.0
ECU,Ecuador,IND,S,S+SL/LFM/CDH+ERL/H:2/IND:2,TOTAL,10.0,961814.0,412205.0,0.0,1551.0,1374019.0,492.0,0.0,155.0,620.0
ECU,Ecuador,IND,S,S+SL/LFM/CDH+ERL/H:2/IND:4,TOTAL,1.0,160558.0,68811.0,0.0,259.0,229369.0,82.0,0.0,259.0,620.0
ECU,Ecuador,COM,S,S+SL/LFM/CDH+ERL/H:3/COM:2,TOTAL,8.0,1648265.0,412066.0,0.0,2220.0,2060332.0,773.0,0.0,278.0,742.0
ECU,Ecuador,COM,S,S+SL/LFM/CDH+ERL/H:4/COM:2,TOTAL,8.0,2185622.0,546405.0,0.0,2944.0,2732026.0,1026.0,0.0,368.0,742.0
ECU,Ecuador,COM,S,S+SL/LFM/CDH+ERL/H:5-7/COM:2,TOTAL,3.0,1226586.0,306647.0,0.0,1652.0,1533233.0,576.0,0.0,551.0,742.0
ECU,Ecuador,IND,S,S+SL/LFM/CDH+ERL/H:>2/IND:1,TOTAL,4.0,632648.0,271134.0,0.0,1020.0,903783.0,324.0,0.0,255.0,620.0
ECU,Ecuador,IND,S,S+SL/LFM/CDH+ERL/H:>2/IND:2,TOTAL,38.0,4186455.0,1794193.0,0.0,6752.0,5980649.0,2143.0,0.0,178.0,620.0
ECU,Ecuador,IND,S,S+SL/LFM/CDH+ERL/H:>2/IND:3,TOTAL,1.0,93459.0,40054.0,0.0,151.0,133513.0,48.0,0.0,151.0,619.0
ECU,Ecuador,IND,S,S+SL/LFM/CDH+ERL/H:>2/IND:4,TOTAL,3.0,1913896.0,820242.0,0.0,3087.0,2734138.0,980.0,0.0,1029.0,620.0
ECU,Ecuador,COM,S,S+SL/LFM/CDH+ERM/H:1/COM:2,TOTAL,128.0,10182100.0,2545528.0,0.0,13713.0,12727627.0,4770.0,0.0,107.0,743.0
ECU,Ecuador,COM,S,S+SL/LFM/CDH+ERM/H:1/COM:3,TOTAL,29.0,3248739.0,812187.0,0.0,4375.0,4060927.0,1522.0,0.0,151.0,743.0
ECU,Ecuador,IND,S,S+SL/LFM/CDH+ERM/H:1/IND:1,TOTAL,13.0,3485191.0,1493653.0,0.0,5621.0,4978844.0,1781.0,0.0,432.0,620.0
ECU,Ecuador,IND,S,S+SL/LFM/CDH+ERM/H:1/IND:2,TOTAL,188.0,19292463.0,8268194.0,0.0,31117.0,27560657.0,9861.0,0.0,166.0,620.0
ECU,Ecuador,IND,S,S+SL/LFM/CDH+ERM/H:1/IND:3,TOTAL,8.0,2723666.0,1167283.0,0.0,4393.0,3890949.0,1392.0,0.0,549.0,620.0
ECU,Ecuador,IND,S,S+SL/LFM/CDH+ERM/H:1/IND:4,TOTAL,28.0,4973249.0,2131393.0,0.0,8021.0,7104644.0,2542.0,0.0,286.0,620.0
ECU,Ecuador,COM,S,S+SL/LFM/CDH+ERM/H:2/COM:2,TOTAL,67.0,9051566.0,2262893.0,0.0,12191.0,11314456.0,4243.0,0.0,182.0,742.0
ECU,Ecuador,COM,S,S+SL/LFM/CDH+ERM/H:2/COM:3,TOTAL,4.0,271980.0,67995.0,0.0,366.0,339974.0,128.0,0.0,92.0,743.0
ECU,Ecuador,IND,S,S+SL/LFM/CDH+ERM/H:2/IND:1,TOTAL,9.0,1416308.0,606991.0,0.0,2284.0,2023297.0,724.0,0.0,254.0,620.0
ECU,Ecuador,IND,S,S+SL/LFM/CDH+ERM/H:2/IND:2,TOTAL,90.0,9018079.0,3864886.0,0.0,14545.0,12882969.0,4613.0,0.0,162.0,620.0
ECU,Ecuador,IND,S,S+SL/LFM/CDH+ERM/H:2/IND:3,TOTAL,2.0,191222.0,81952.0,0.0,308.0,273174.0,98.0,0.0,154.0,621.0
ECU,Ecuador,IND,S,S+SL/LFM/CDH+ERM/H:2/IND:4,TOTAL,6.0,941446.0,403476.0,0.0,1518.0,1344922.0,482.0,0.0,253.0,620.0
ECU,Ecuador,COM,S,S+SL/LFM/CDH+ERM/H:3/COM:2,TOTAL,69.0,22710656.0,5677665.0,0.0,30587.0,28388324.0,10652.0,0.0,443.0,742.0
ECU,Ecuador,COM,S,S+SL/LFM/CDH+ERM/H:3/COM:3,TOTAL,7.0,715242.0,178811.0,0.0,963.0,894052.0,335.0,0.0,138.0,743.0
ECU,Ecuador,COM,S,S+SL/LFM/CDH+ERM/H:4/COM:2,TOTAL,151.0,41164335.0,10291082.0,0.0,55440.0,51455419.0,19317.0,0.0,367.0,743.0
ECU,Ecuador,COM,S,S+SL/LFM/CDH+ERM/H:4/COM:3,TOTAL,19.0,2602532.0,650634.0,0.0,3505.0,3253165.0,1221.0,0.0,184.0,743.0
ECU,Ecuador,COM,S,S+SL/LFM/CDH+ERM/H:5-7/COM:2,TOTAL,282.0,136938334.0,34234584.0,0.0,184429.0,171172914.0,64333.0,0.0,654.0,742.0
ECU,Ecuador,COM,S,S+SL/LFM/CDH+ERM/H:5-7/COM:3,TOTAL,26.0,5134526.0,1283632.0,0.0,6915.0,6418158.0,2412.0,0.0,266.0,743.0
ECU,Ecuador,IND,S,S+SL/LFM/CDH+ERM/H:>2/IND:1,TOTAL,114.0,18819683.0,8065579.0,0.0,30354.0,26885262.0,9633.0,0.0,266.0,620.0
ECU,Ecuador,IND,S,S+SL/LFM/CDH+ERM/H:>2/IND:2,TOTAL,1242.0,125194738.0,53654887.0,0.0,201927.0,178849631.0,64084.0,0.0,163.0,620.0
ECU,Ecuador,IND,S,S+SL/LFM/CDH+ERM/H:>2/IND:3,TOTAL,34.0,3803369.0,1630015.0,0.0,6134.0,5433381.0,1947.0,0.0,180.0,620.0
ECU,Ecuador,IND,S,S+SL/LFM/CDH+ERM/H:>2/IND:4,TOTAL,31.0,9505158.0,4073637.0,0.0,15331.0,13578797.0,4865.0,0.0,495.0,620.0
ECU,Ecuador,COM,S,S+SL/LFM/CDH+ERM/H:>7/COM:2,TOTAL,15.0,8260398.0,2065100.0,0.0,11125.0,10325496.0,3885.0,0.0,742.0,743.0
ECU,Ecuador,COM,S,S+SL/LFM/CDH+ERM/H:>7/COM:3,TOTAL,1.0,275688.0,68922.0,0.0,371.0,344610.0,130.0,0.0,371.0,743.0
ECU,Ecuador,COM,S,S+SL/LFM/CDL+ERL/H:1/COM:2,TOTAL,145.0,9720103.0,2430032.0,0.0,13091.0,12150136.0,4554.0,0.0,90.0,743.0
ECU,Ecuador,COM,S,S+SL/LFM/CDL+ERL/H:1/COM:3,TOTAL,33.0,1992626.0,498156.0,0.0,2684.0,2490785.0,934.0,0.0,81.0,742.0
ECU,Ecuador,IND,S,S+SL/LFM/CDL+ERL/H:1/IND:1,TOTAL,15.0,2349164.0,1006784.0,0.0,3789.0,3355948.0,1201.0,0.0,253.0,620.0
ECU,Ecuador,IND,S,S+SL/LFM/CDL+ERL/H:1/IND:2,TOTAL,243.0,22619543.0,9694083.0,0.0,36483.0,32313625.0,11562.0,0.0,150.0,620.0
ECU,Ecuador,IND,S,S+SL/LFM/CDL+ERL/H:1/IND:3,TOTAL,5.0,907027.0,388726.0,0.0,1463.0,1295752.0,464.0,0.0,293.0,620.0
ECU,Ecuador,IND,S,S+SL/LFM/CDL+ERL/H:1/IND:4,TOTAL,38.0,13278633.0,5690843.0,0.0,21417.0,18969481.0,6787.0,0.0,564.0,620.0
ECU,Ecuador,COM,S,S+SL/LFM/CDL+ERL/H:2/COM:2,TOTAL,105.0,16900945.0,4225233.0,0.0,22762.0,21126181.0,7922.0,0.0,217.0,743.0
ECU,Ecuador,COM,S,S+SL/LFM/CDL+ERL/H:2/COM:3,TOTAL,8.0,547217.0,136805.0,0.0,737.0,684022.0,257.0,0.0,92.0,742.0
ECU,Ecuador,IND,S,S+SL/LFM/CDL+ERL/H:2/IND:1,TOTAL,10.0,1576328.0,675569.0,0.0,2542.0,2251898.0,806.0,0.0,254.0,620.0
ECU,Ecuador,IND,S,S+SL/LFM/CDL+ERL/H:2/IND:2,TOTAL,147.0,14526303.0,6225555.0,0.0,23430.0,20751854.0,7430.0,0.0,159.0,620.0
ECU,Ecuador,IND,S,S+SL/LFM/CDL+ERL/H:2/IND:3,TOTAL,4.0,1032972.0,442702.0,0.0,1666.0,1475673.0,528.0,0.0,416.0,620.0
ECU,Ecuador,IND,S,S+SL/LFM/CDL+ERL/H:2/IND:4,TOTAL,7.0,2501662.0,1072141.0,0.0,4035.0,3573803.0,1280.0,0.0,576.0,620.0
ECU,Ecuador,COM,S,S+SL/LFM/CDL+ERL/H:3/COM:2,TOTAL,101.0,24488420.0,6122106.0,0.0,32981.0,30610526.0,11485.0,0.0,327.0,743.0
ECU,Ecuador,COM,S,S+SL/LFM/CDL+ERL/H:3/COM:3,TOTAL,13.0,1328677.0,332170.0,0.0,1789.0,1660849.0,623.0,0.0,138.0,743.0
ECU,Ecuador,COM,S,S+SL/LFM/CDL+ERL/H:4/COM:2,TOTAL,330.0,95419620.0,23854911.0,0.0,128511.0,119274525.0,44778.0,0.0,389.0,743.0
ECU,Ecuador,COM,S,S+SL/LFM/CDL+ERL/H:4/COM:3,TOTAL,35.0,6891893.0,1722972.0,0.0,9282.0,8614866.0,3234.0,0.0,265.0,743.0
ECU,Ecuador,COM,S,S+SL/LFM/CDL+ERL/H:5-7/COM:2,TOTAL,544.0,223518495.0,55879624.0,0.0,301035.0,279398111.0,105008.0,0.0,553.0,743.0
ECU,Ecuador,COM,S,S+SL/LFM/CDL+ERL/H:5-7/COM:3,TOTAL,45.0,20194087.0,5048522.0,0.0,27197.0,25242610.0,9487.0,0.0,604.0,743.0
ECU,Ecuador,IND,S,S+SL/LFM/CDL+ERL/H:>2/IND:1,TOTAL,280.0,51492655.0,22068278.0,0.0,83053.0,73560927.0,26358.0,0.0,297.0,620.0
ECU,Ecuador,IND,S,S+SL/LFM/CDL+ERL/H:>2/IND:2,TOTAL,3163.0,307804726.0,131916308.0,0.0,496459.0,439721033.0,157557.0,0.0,157.0,620.0
ECU,Ecuador,IND,S,S+SL/LFM/CDL+ERL/H:>2/IND:3,TOTAL,94.0,12298471.0,5270773.0,0.0,19836.0,17569241.0,6295.0,0.0,211.0,620.0
ECU,Ecuador,IND,S,S+SL/LFM/CDL+ERL/H:>2/IND:4,TOTAL,79.0,18861598.0,8083542.0,0.0,30422.0,26945145.0,9655.0,0.0,385.0,620.0
ECU,Ecuador,COM,S,S+SL/LFM/CDL+ERL/H:>7/COM:2,TOTAL,141.0,76577985.0,19144496.0,0.0,103135.0,95722479.0,36016.0,0.0,731.0,743.0
ECU,Ecuador,COM,S,S+SL/LFM/CDL+ERL/H:>7/COM:3,TOTAL,11.0,7499698.0,1874926.0,0.0,10101.0,9374622.0,3527.0,0.0,918.0,742.0
ECU,Ecuador,COM,S,S+SL/LFM/CDM+ERL/H:1/COM:2,TOTAL,185.0,12996681.0,3249168.0,0.0,17504.0,16245853.0,6089.0,0.0,95.0,742.0
ECU,Ecuador,COM,S,S+SL/LFM/CDM+ERL/H:1/COM:3,TOTAL,46.0,2824079.0,706019.0,0.0,3803.0,3530096.0,1323.0,0.0,83.0,743.0
ECU,Ecuador,IND,S,S+SL/LFM/CDM+ERL/H:1/IND:1,TOTAL,23.0,3605909.0,1545393.0,0.0,5816.0,5151301.0,1843.0,0.0,253.0,620.0
ECU,Ecuador,IND,S,S+SL/LFM/CDM+ERL/H:1/IND:2,TOTAL,331.0,33027863.0,14154795.0,0.0,53271.0,47182659.0,16882.0,0.0,161.0,620.0
ECU,Ecuador,IND,S,S+SL/LFM/CDM+ERL/H:1/IND:3,TOTAL,6.0,568584.0,243679.0,0.0,917.0,812265.0,291.0,0.0,153.0,620.0
ECU,Ecuador,IND,S,S+SL/LFM/CDM+ERL/H:1/IND:4,TOTAL,53.0,14187030.0,6080159.0,0.0,22882.0,20267192.0,7252.0,0.0,432.0,620.0
ECU,Ecuador,COM,S,S+SL/LFM/CDM+ERL/H:2/COM:2,TOTAL,170.0,27292819.0,6823203.0,0.0,36758.0,34116023.0,12794.0,0.0,216.0,743.0
ECU,Ecuador,COM,S,S+SL/LFM/CDM+ERL/H:2/COM:3,TOTAL,9.0,614486.0,153620.0,0.0,828.0,768107.0,288.0,0.0,92.0,742.0
ECU,Ecuador,IND,S,S+SL/LFM/CDM+ERL/H:2/IND:1,TOTAL,16.0,2538958.0,1088125.0,0.0,4095.0,3627083.0,1299.0,0.0,256.0,620.0
ECU,Ecuador,IND,S,S+SL/LFM/CDM+ERL/H:2/IND:2,TOTAL,223.0,20938763.0,8973750.0,0.0,33772.0,29912518.0,10711.0,0.0,151.0,620.0
ECU,Ecuador,IND,S,S+SL/LFM/CDM+ERL/H:2/IND:3,TOTAL,5.0,690899.0,296100.0,0.0,1114.0,986999.0,353.0,0.0,223.0,620.0
ECU,Ecuador,IND,S,S+SL/LFM/CDM+ERL/H:2/IND:4,TOTAL,7.0,3149367.0,1349730.0,0.0,5080.0,4499096.0,1611.0,0.0,726.0,620.0
ECU,Ecuador,COM,S,S+SL/LFM/CDM+ERL/H:3/COM:2,TOTAL,171.0,43038904.0,10759733.0,0.0,57965.0,53798634.0,20186.0,0.0,339.0,742.0
ECU,Ecuador,COM,S,S+SL/LFM/CDM+ERL/H:3/COM:3,TOTAL,18.0,5272457.0,1318115.0,0.0,7101.0,6590574.0,2473.0,0.0,394.0,742.0
ECU,Ecuador,COM,S,S+SL/LFM/CDM+ERL/H:4/COM:2,TOTAL,399.0,106981233.0,26745306.0,0.0,144082.0,133726541.0,50204.0,0.0,361.0,743.0
ECU,Ecuador,COM,S,S+SL/LFM/CDM+ERL/H:4/COM:3,TOTAL,43.0,8048924.0,2012229.0,0.0,10840.0,10061154.0,3777.0,0.0,252.0,743.0
ECU,Ecuador,COM,S,S+SL/LFM/CDM+ERL/H:5-7/COM:2,TOTAL,634.0,301376610.0,75344158.0,0.0,405894.0,376720760.0,141585.0,0.0,640.0,743.0
ECU,Ecuador,COM,S,S+SL/LFM/CDM+ERL/H:5-7/COM:3,TOTAL,48.0,10326781.0,2581697.0,0.0,13908.0,12908477.0,4852.0,0.0,290.0,743.0
ECU,Ecuador,IND,S,S+SL/LFM/CDM+ERL/H:>2/IND:1,TOTAL,315.0,65232931.0,27956971.0,0.0,105214.0,93189904.0,33391.0,0.0,334.0,620.0
ECU,Ecuador,IND,S,S+SL/LFM/CDM+ERL/H:>2/IND:2,TOTAL,3610.0,360207375.0,154374589.0,0.0,580980.0,514581965.0,184380.0,0.0,161.0,620.0
ECU,Ecuador,IND,S,S+SL/LFM/CDM+ERL/H:>2/IND:3,TOTAL,95.0,13632129.0,5842340.0,0.0,21987.0,19474468.0,6978.0,0.0,231.0,620.0
ECU,Ecuador,IND,S,S+SL/LFM/CDM+ERL/H:>2/IND:4,TOTAL,86.0,28384690.0,12164866.0,0.0,45782.0,40549558.0,14529.0,0.0,532.0,620.0
ECU,Ecuador,COM,S,S+SL/LFM/CDM+ERL/H:>7/COM:2,TOTAL,143.0,77832908.0,19458227.0,0.0,104825.0,97291135.0,36606.0,0.0,733.0,743.0
ECU,Ecuador,COM,S,S+SL/LFM/CDM+ERL/H:>7/COM:3,TOTAL,3.0,814102.0,203526.0,0.0,1096.0,1017628.0,383.0,0.0,365.0,743.0
ECU,Ecuador,COM,S,S+SL/LFM/CDN+ERL/H:1/COM:2,TOTAL,222.0,16939116.0,4234779.0,0.0,22814.0,21173896.0,7936.0,0.0,103.0,742.0
ECU,Ecuador,COM,S,S+SL/LFM/CDN+ERL/H:1/COM:3,TOTAL,60.0,3861115.0,965280.0,0.0,5200.0,4826397.0,1809.0,0.0,87.0,743.0
ECU,Ecuador,IND,S,S+SL/LFM/CDN+ERL/H:1/IND:1,TOTAL,34.0,6591675.0,2825003.0,0.0,10632.0,9416682.0,3369.0,0.0,313.0,620.0
ECU,Ecuador,IND,S,S+SL/LFM/CDN+ERL/H:1/IND:2,TOTAL,426.0,42552634.0,18236839.0,0.0,68633.0,60789468.0,21751.0,0.0,161.0,620.0
ECU,Ecuador,IND,S,S+SL/LFM/CDN+ERL/H:1/IND:3,TOTAL,7.0,657037.0,281586.0,0.0,1060.0,938622.0,336.0,0.0,151.0,620.0
ECU,Ecuador,IND,S,S+SL/LFM/CDN+ERL/H:1/IND:4,TOTAL,44.0,12190220.0,5224381.0,0.0,19662.0,17414604.0,6231.0,0.0,447.0,620.0
ECU,Ecuador,COM,S,S+SL/LFM/CDN+ERL/H:2/COM:2,TOTAL,151.0,20915402.0,5228846.0,0.0,28169.0,26144252.0,9804.0,0.0,187.0,742.0
ECU,Ecuador,COM,S,S+SL/LFM/CDN+ERL/H:2/COM:3,TOTAL,9.0,610223.0,152556.0,0.0,822.0,762780.0,286.0,0.0,91.0,742.0
ECU,Ecuador,IND,S,S+SL/LFM/CDN+ERL/H:2/IND:1,TOTAL,12.0,1908978.0,818134.0,0.0,3079.0,2727112.0,976.0,0.0,257.0,620.0
ECU,Ecuador,IND,S,S+SL/LFM/CDN+ERL/H:2/IND:2,TOTAL,217.0,23377685.0,10019004.0,0.0,37706.0,33396692.0,11958.0,0.0,174.0,620.0
ECU,Ecuador,IND,S,S+SL/LFM/CDN+ERL/H:2/IND:3,TOTAL,8.0,1437912.0,616248.0,0.0,2319.0,2054158.0,736.0,0.0,290.0,620.0
ECU,Ecuador,IND,S,S+SL/LFM/CDN+ERL/H:2/IND:4,TOTAL,10.0,1566458.0,671340.0,0.0,2527.0,2237800.0,801.0,0.0,253.0,620.0
ECU,Ecuador,COM,S,S+SL/LFM/CDN+ERL/H:3/COM:2,TOTAL,154.0,30919641.0,7729913.0,0.0,41643.0,38649556.0,14502.0,0.0,270.0,742.0
ECU,Ecuador,COM,S,S+SL/LFM/CDN+ERL/H:3/COM:3,TOTAL,15.0,1527663.0,381915.0,0.0,2057.0,1909580.0,717.0,0.0,137.0,743.0
ECU,Ecuador,COM,S,S+SL/LFM/CDN+ERL/H:4/COM:2,TOTAL,408.0,111472082.0,27868026.0,0.0,150131.0,139340102.0,52311.0,0.0,368.0,742.0
ECU,Ecuador,COM,S,S+SL/LFM/CDN+ERL/H:4/COM:3,TOTAL,38.0,7619463.0,1904863.0,0.0,10262.0,9524327.0,3576.0,0.0,270.0,742.0
ECU,Ecuador,COM,S,S+SL/LFM/CDN+ERL/H:5-7/COM:2,TOTAL,649.0,292936696.0,73234178.0,0.0,394528.0,366170861.0,137620.0,0.0,608.0,742.0
ECU,Ecuador,COM,S,S+SL/LFM/CDN+ERL/H:5-7/COM:3,TOTAL,38.0,25236461.0,6309115.0,0.0,33988.0,31545576.0,11856.0,0.0,894.0,743.0
ECU,Ecuador,IND,S,S+SL/LFM/CDN+ERL/H:>2/IND:1,TOTAL,341.0,65626959.0,28125842.0,0.0,105850.0,93752797.0,33593.0,0.0,310.0,620.0
ECU,Ecuador,IND,S,S+SL/LFM/CDN+ERL/H:>2/IND:2,TOTAL,3691.0,362851497.0,155507781.0,0.0,585244.0,518359281.0,185734.0,0.0,159.0,620.0
ECU,Ecuador,IND,S,S+SL/LFM/CDN+ERL/H:>2/IND:3,TOTAL,99.0,12523480.0,5367206.0,0.0,20199.0,17890684.0,6411.0,0.0,204.0,620.0
ECU,Ecuador,IND,S,S+SL/LFM/CDN+ERL/H:>2/IND:4,TOTAL,80.0,22673442.0,9717190.0,0.0,36570.0,32390633.0,11606.0,0.0,457.0,620.0
ECU,Ecuador,COM,S,S+SL/LFM/CDN+ERL/H:>7/COM:2,TOTAL,63.0,45202197.0,11300548.0,0.0,60878.0,56502744.0,21259.0,0.0,966.0,743.0
ECU,Ecuador,COM,S,S+SL/LFM/CDN+ERL/H:>7/COM:3,TOTAL,3.0,815741.0,203935.0,0.0,1099.0,1019676.0,384.0,0.0,366.0,742.0
ECU,Ecuador,COM,S,S+SR/LFM/CDH+ERH/H:1/COM:1,TOTAL,67.0,2799472.0,699866.0,0.0,3770.0,3499337.0,1312.0,0.0,56.0,743.0
ECU,Ecuador,COM,S,S+SR/LFM/CDH+ERH/H:1/COM:2,TOTAL,78.0,9629918.0,2407477.0,0.0,12970.0,12037399.0,4512.0,0.0,166.0,742.0
ECU,Ecuador,COM,S,S+SR/LFM/CDH+ERH/H:1/COM:3,TOTAL,9.0,1065416.0,266353.0,0.0,1435.0,1331768.0,499.0,0.0,159.0,742.0
ECU,Ecuador,COM,S,S+SR/LFM/CDH+ERH/H:1/COM:3C,TOTAL,6.0,367534.0,91884.0,0.0,495.0,459419.0,172.0,0.0,82.0,742.0
ECU,Ecuador,COM,S,S+SR/LFM/CDH+ERH/H:1/COM:5,TOTAL,5.0,169198.0,42299.0,0.0,228.0,211497.0,79.0,0.0,46.0,742.0
ECU,Ecuador,COM,S,S+SR/LFM/CDH+ERH/H:1/COM:5A,TOTAL,19.0,650608.0,162654.0,0.0,876.0,813260.0,305.0,0.0,46.0,743.0
ECU,Ecuador,IND,S,S+SR/LFM/CDH+ERH/H:1/IND:4,TOTAL,4.0,627197.0,268799.0,0.0,1012.0,895995.0,321.0,0.0,253.0,620.0
ECU,Ecuador,IND,S,S+SR/LFM/CDH+ERH/H:1/IND:6,TOTAL,29.0,2655746.0,1138175.0,0.0,4283.0,3793915.0,1358.0,0.0,148.0,620.0
ECU,Ecuador,COM,S,S+SR/LFM/CDH+ERH/H:2/COM:1,TOTAL,34.0,3413056.0,853265.0,0.0,4597.0,4266319.0,1600.0,0.0,135.0,742.0
ECU,Ecuador,COM,S,S+SR/LFM/CDH+ERH/H:2/COM:2,TOTAL,85.0,14369276.0,3592319.0,0.0,19353.0,17961595.0,6736.0,0.0,228.0,742.0
ECU,Ecuador,COM,S,S+SR/LFM/CDH+ERH/H:2/COM:3,TOTAL,4.0,274787.0,68697.0,0.0,370.0,343484.0,129.0,0.0,92.0,743.0
ECU,Ecuador,COM,S,S+SR/LFM/CDH+ERH/H:2/COM:3C,TOTAL,4.0,379036.0,94759.0,0.0,510.0,473794.0,178.0,0.0,128.0,743.0
ECU,Ecuador,COM,S,S+SR/LFM/CDH+ERH/H:2/COM:5,TOTAL,10.0,709510.0,177378.0,0.0,956.0,886888.0,333.0,0.0,96.0,742.0
ECU,Ecuador,COM,S,S+SR/LFM/CDH+ERH/H:2/COM:5A,TOTAL,4.0,276391.0,69099.0,0.0,372.0,345490.0,130.0,0.0,93.0,743.0
ECU,Ecuador,COM,S,S+SR/LFM/CDH+ERH/H:2/COM:5B,TOTAL,1.0,67991.0,16998.0,0.0,92.0,84989.0,32.0,0.0,92.0,739.0
ECU,Ecuador,IND,S,S+SR/LFM/CDH+ERH/H:2/IND:4,TOTAL,1.0,158612.0,67976.0,0.0,256.0,226588.0,81.0,0.0,256.0,620.0
ECU,Ecuador,IND,S,S+SR/LFM/CDH+ERH/H:2/IND:6,TOTAL,25.0,2282955.0,978408.0,0.0,3682.0,3261362.0,1168.0,0.0,147.0,620.0
ECU,Ecuador,COM,S,S+SR/LFM/CDH+ERH/H:3/COM:1,TOTAL,41.0,6252934.0,1563233.0,0.0,8421.0,7816166.0,2933.0,0.0,205.0,743.0
ECU,Ecuador,COM,S,S+SR/LFM/CDH+ERH/H:3/COM:2,TOTAL,95.0,23621078.0,5905272.0,0.0,31813.0,29526347.0,11079.0,0.0,335.0,742.0
ECU,Ecuador,COM,S,S+SR/LFM/CDH+ERH/H:3/COM:3,TOTAL,5.0,514989.0,128747.0,0.0,694.0,643737.0,242.0,0.0,139.0,742.0
ECU,Ecuador,COM,S,S+SR/LFM/CDH+ERH/H:3/COM:3B,TOTAL,1.0,102519.0,25630.0,0.0,138.0,128149.0,48.0,0.0,138.0,743.0
ECU,Ecuador,COM,S,S+SR/LFM/CDH+ERH/H:3/COM:3C,TOTAL,14.0,2053429.0,513359.0,0.0,2766.0,2566789.0,963.0,0.0,198.0,742.0
ECU,Ecuador,COM,S,S+SR/LFM/CDH+ERH/H:3/COM:5,TOTAL,23.0,3246622.0,811657.0,0.0,4373.0,4058279.0,1523.0,0.0,190.0,742.0
ECU,Ecuador,COM,S,S+SR/LFM/CDH+ERH/H:3/COM:5A,TOTAL,13.0,1350837.0,337708.0,0.0,1819.0,1688544.0,634.0,0.0,140.0,743.0
ECU,Ecuador,COM,S,S+SR/LFM/CDH+ERH/H:3/COM:5B,TOTAL,3.0,311995.0,77999.0,0.0,420.0,389994.0,146.0,0.0,140.0,743.0
ECU,Ecuador,COM,S,S+SR/LFM/CDH+ERH/H:4/COM:1,TOTAL,103.0,23729219.0,5932306.0,0.0,31959.0,29661524.0,11136.0,0.0,310.0,742.0
ECU,Ecuador,COM,S,S+SR/LFM/CDH+ERH/H:4/COM:2,TOTAL,255.0,98596486.0,24649120.0,0.0,132790.0,123245608.0,46269.0,0.0,521.0,742.0
ECU,Ecuador,COM,S,S+SR/LFM/CDH+ERH/H:4/COM:3,TOTAL,20.0,2606675.0,651668.0,0.0,3511.0,3258343.0,1223.0,0.0,176.0,742.0
ECU,Ecuador,COM,S,S+SR/LFM/CDH+ERH/H:4/COM:3B,TOTAL,3.0,406798.0,101700.0,0.0,548.0,508499.0,191.0,0.0,183.0,742.0
ECU,Ecuador,COM,S,S+SR/LFM/CDH+ERH/H:4/COM:3C,TOTAL,43.0,8068165.0,2017042.0,0.0,10866.0,10085209.0,3786.0,0.0,253.0,743.0
ECU,Ecuador,COM,S,S+SR/LFM/CDH+ERH/H:4/COM:5,TOTAL,50.0,6731796.0,1682947.0,0.0,9066.0,8414745.0,3159.0,0.0,181.0,743.0
ECU,Ecuador,COM,S,S+SR/LFM/CDH+ERH/H:4/COM:5A,TOTAL,30.0,3954264.0,988566.0,0.0,5326.0,4942832.0,1856.0,0.0,178.0,742.0
ECU,Ecuador,COM,S,S+SR/LFM/CDH+ERH/H:4/COM:5B,TOTAL,5.0,684835.0,171209.0,0.0,922.0,856044.0,321.0,0.0,184.0,743.0
ECU,Ecuador,COM,S,S+SR/LFM/CDH+ERH/H:5-7/COM:1,TOTAL,122.0,32150998.0,8037751.0,0.0,43301.0,40188747.0,15104.0,0.0,355.0,743.0
ECU,Ecuador,COM,S,S+SR/LFM/CDH+ERH/H:5-7/COM:2,TOTAL,459.0,253883390.0,63470843.0,0.0,341930.0,317354233.0,119273.0,0.0,745.0,743.0
ECU,Ecuador,COM,S,S+SR/LFM/CDH+ERH/H:5-7/COM:3,TOTAL,9.0,5409842.0,1352459.0,0.0,7286.0,6762303.0,2542.0,0.0,810.0,742.0
ECU,Ecuador,COM,S,S+SR/LFM/CDH+ERH/H:5-7/COM:3B,TOTAL,8.0,1641040.0,410260.0,0.0,2210.0,2051300.0,771.0,0.0,276.0,743.0
ECU,Ecuador,COM,S,S+SR/LFM/CDH+ERH/H:5-7/COM:3C,TOTAL,46.0,17858744.0,4464687.0,0.0,24052.0,22323434.0,8390.0,0.0,523.0,743.0
ECU,Ecuador,COM,S,S+SR/LFM/CDH+ERH/H:5-7/COM:5,TOTAL,107.0,21481286.0,5370324.0,0.0,28931.0,26851603.0,10092.0,0.0,270.0,743.0
ECU,Ecuador,COM,S,S+SR/LFM/CDH+ERH/H:5-7/COM:5A,TOTAL,42.0,8508978.0,2127246.0,0.0,11460.0,10636224.0,3998.0,0.0,273.0,742.0
ECU,Ecuador,COM,S,S+SR/LFM/CDH+ERH/H:5-7/COM:5B,TOTAL,12.0,10074667.0,2518668.0,0.0,13569.0,12593336.0,4733.0,0.0,1131.0,742.0
ECU,Ecuador,IND,S,S+SR/LFM/CDH+ERH/H:>2/IND:4,TOTAL,20.0,5174221.0,2217520.0,0.0,8346.0,7391741.0,2649.0,0.0,417.0,620.0
ECU,Ecuador,IND,S,S+SR/LFM/CDH+ERH/H:>2/IND:6,TOTAL,403.0,41017992.0,17579139.0,0.0,66158.0,58597132.0,20996.0,0.0,164.0,620.0
ECU,Ecuador,COM,S,S+SR/LFM/CDH+ERH/H:>7/COM:1,TOTAL,14.0,12969724.0,3242431.0,0.0,17468.0,16212155.0,6100.0,0.0,1248.0,742.0
ECU,Ecuador,COM,S,S+SR/LFM/CDH+ERH/H:>7/COM:2,TOTAL,40.0,44411964.0,11102992.0,0.0,59814.0,55514953.0,20888.0,0.0,1495.0,743.0
ECU,Ecuador,COM,S,S+SR/LFM/CDH+ERH/H:>7/COM:3,TOTAL,1.0,269807.0,67452.0,0.0,363.0,337259.0,127.0,0.0,363.0,743.0
ECU,Ecuador,COM,S,S+SR/LFM/CDH+ERH/H:>7/COM:3C,TOTAL,4.0,1514247.0,378562.0,0.0,2039.0,1892810.0,712.0,0.0,510.0,743.0
ECU,Ecuador,COM,S,S+SR/LFM/CDH+ERH/H:>7/COM:5,TOTAL,12.0,3278423.0,819606.0,0.0,4415.0,4098029.0,1542.0,0.0,368.0,743.0
ECU,Ecuador,COM,S,S+SR/LFM/CDH+ERH/H:>7/COM:5A,TOTAL,3.0,818579.0,204645.0,0.0,1102.0,1023224.0,385.0,0.0,367.0,743.0
ECU,Ecuador,COM,S,S+SR/LFM/CDH+ERH/H:>7/COM:5B,TOTAL,1.0,3600353.0,900088.0,0.0,4849.0,4500441.0,1693.0,0.0,4849.0,742.0
ECU,Ecuador,COM,S,S+SR/LFM/CDH+ERL/H:1/COM:1,TOTAL,14.0,477692.0,119424.0,0.0,643.0,597116.0,224.0,0.0,46.0,743.0
ECU,Ecuador,COM,S,S+SR/LFM/CDH+ERL/H:1/COM:2,TOTAL,29.0,2091060.0,522764.0,0.0,2816.0,2613824.0,980.0,0.0,97.0,743.0
ECU,Ecuador,COM,S,S+SR/LFM/CDH+ERL/H:1/COM:3,TOTAL,5.0,237344.0,59337.0,0.0,320.0,296681.0,111.0,0.0,64.0,742.0
ECU,Ecuador,COM,S,S+SR/LFM/CDH+ERL/H:1/COM:3B,TOTAL,1.0,34611.0,8653.0,0.0,47.0,43263.0,16.0,0.0,47.0,736.0
ECU,Ecuador,COM,S,S+SR/LFM/CDH+ERL/H:1/COM:3C,TOTAL,3.0,153247.0,38311.0,0.0,206.0,191559.0,72.0,0.0,69.0,744.0
ECU,Ecuador,COM,S,S+SR/LFM/CDH+ERL/H:1/COM:5A,TOTAL,6.0,205934.0,51484.0,0.0,277.0,257416.0,96.0,0.0,46.0,743.0
ECU,Ecuador,IND,S,S+SR/LFM/CDH+ERL/H:1/IND:4,TOTAL,2.0,1722586.0,738251.0,0.0,2778.0,2460838.0,880.0,0.0,1389.0,620.0
ECU,Ecuador,IND,S,S+SR/LFM/CDH+ERL/H:1/IND:6,TOTAL,9.0,1063197.0,455655.0,0.0,1715.0,1518852.0,543.0,0.0,191.0,620.0
ECU,Ecuador,COM,S,S+SR/LFM/CDH+ERL/H:2/COM:1,TOTAL,1.0,67155.0,16789.0,0.0,90.0,83944.0,31.0,0.0,90.0,746.0
ECU,Ecuador,COM,S,S+SR/LFM/CDH+ERL/H:2/COM:2,TOTAL,14.0,1947910.0,486977.0,0.0,2623.0,2434889.0,913.0,0.0,187.0,743.0
ECU,Ecuador,COM,S,S+SR/LFM/CDH+ERL/H:2/COM:3C,TOTAL,3.0,285414.0,71353.0,0.0,384.0,356767.0,134.0,0.0,128.0,743.0
ECU,Ecuador,COM,S,S+SR/LFM/CDH+ERL/H:2/COM:5,TOTAL,3.0,205960.0,51490.0,0.0,277.0,257449.0,97.0,0.0,92.0,744.0
ECU,Ecuador,COM,S,S+SR/LFM/CDH+ERL/H:2/COM:5A,TOTAL,1.0,69221.0,17305.0,0.0,93.0,86527.0,32.0,0.0,93.0,744.0
ECU,Ecuador,IND,S,S+SR/LFM/CDH+ERL/H:2/IND:6,TOTAL,4.0,382680.0,164006.0,0.0,617.0,546686.0,196.0,0.0,154.0,620.0
ECU,Ecuador,COM,S,S+SR/LFM/CDH+ERL/H:3/COM:1,TOTAL,3.0,306475.0,76619.0,0.0,413.0,383094.0,144.0,0.0,138.0,742.0
ECU,Ecuador,COM,S,S+SR/LFM/CDH+ERL/H:3/COM:2,TOTAL,11.0,2271257.0,567814.0,0.0,3059.0,2839072.0,1065.0,0.0,278.0,742.0
ECU,Ecuador,COM,S,S+SR/LFM/CDH+ERL/H:3/COM:3,TOTAL,1.0,103832.0,25958.0,0.0,140.0,129790.0,49.0,0.0,140.0,742.0
ECU,Ecuador,COM,S,S+SR/LFM/CDH+ERL/H:3/COM:3C,TOTAL,2.0,537619.0,134405.0,0.0,724.0,672024.0,252.0,0.0,362.0,743.0
ECU,Ecuador,COM,S,S+SR/LFM/CDH+ERL/H:3/COM:5,TOTAL,2.0,207664.0,51916.0,0.0,280.0,259580.0,97.0,0.0,140.0,742.0
ECU,Ecuador,COM,S,S+SR/LFM/CDH+ERL/H:3/COM:5A,TOTAL,2.0,205239.0,51310.0,0.0,276.0,256549.0,96.0,0.0,138.0,744.0
ECU,Ecuador,COM,S,S+SR/LFM/CDH+ERL/H:4/COM:2,TOTAL,4.0,1092353.0,273089.0,0.0,1471.0,1365442.0,513.0,0.0,368.0,743.0
ECU,Ecuador,COM,S,S+SR/LFM/CDH+ERL/H:4/COM:3C,TOTAL,1.0,192274.0,48069.0,0.0,259.0,240343.0,90.0,0.0,259.0,742.0
ECU,Ecuador,COM,S,S+SR/LFM/CDH+ERL/H:4/COM:5,TOTAL,2.0,272753.0,68189.0,0.0,367.0,340941.0,128.0,0.0,184.0,743.0
ECU,Ecuador,COM,S,S+SR/LFM/CDH+ERL/H:4/COM:5A,TOTAL,1.0,134310.0,33578.0,0.0,181.0,167888.0,63.0,0.0,181.0,742.0
ECU,Ecuador,COM,S,S+SR/LFM/CDH+ERL/H:5-7/COM:2,TOTAL,5.0,2042146.0,510536.0,0.0,2750.0,2552683.0,959.0,0.0,550.0,743.0
ECU,Ecuador,COM,S,S+SR/LFM/CDH+ERL/H:5-7/COM:3C,TOTAL,2.0,573433.0,143358.0,0.0,772.0,716790.0,269.0,0.0,386.0,743.0
ECU,Ecuador,COM,S,S+SR/LFM/CDH+ERL/H:5-7/COM:5A,TOTAL,1.0,202472.0,50618.0,0.0,273.0,253090.0,95.0,0.0,273.0,742.0
ECU,Ecuador,IND,S,S+SR/LFM/CDH+ERL/H:>2/IND:4,TOTAL,2.0,321117.0,137621.0,0.0,518.0,458738.0,164.0,0.0,259.0,620.0
ECU,Ecuador,IND,S,S+SR/LFM/CDH+ERL/H:>2/IND:6,TOTAL,8.0,755145.0,323633.0,0.0,1218.0,1078777.0,387.0,0.0,152.0,620.0
ECU,Ecuador,COM,S,S+SR/LFM/CDH+ERM/H:1/COM:1,TOTAL,125.0,6035219.0,1508803.0,0.0,8128.0,7544024.0,2828.0,0.0,65.0,743.0
ECU,Ecuador,COM,S,S+SR/LFM/CDH+ERM/H:1/COM:2,TOTAL,157.0,15323246.0,3830812.0,0.0,20637.0,19154060.0,7179.0,0.0,131.0,743.0
ECU,Ecuador,COM,S,S+SR/LFM/CDH+ERM/H:1/COM:3,TOTAL,21.0,1077514.0,269380.0,0.0,1451.0,1346891.0,505.0,0.0,69.0,743.0
ECU,Ecuador,COM,S,S+SR/LFM/CDH+ERM/H:1/COM:3B,TOTAL,5.0,287716.0,71929.0,0.0,387.0,359645.0,135.0,0.0,77.0,743.0
ECU,Ecuador,COM,S,S+SR/LFM/CDH+ERM/H:1/COM:3C,TOTAL,11.0,528703.0,132176.0,0.0,712.0,660878.0,248.0,0.0,65.0,743.0
ECU,Ecuador,COM,S,S+SR/LFM/CDH+ERM/H:1/COM:5,TOTAL,16.0,549125.0,137281.0,0.0,740.0,686406.0,257.0,0.0,46.0,742.0
ECU,Ecuador,COM,S,S+SR/LFM/CDH+ERM/H:1/COM:5A,TOTAL,43.0,1703883.0,425970.0,0.0,2295.0,2129852.0,798.0,0.0,53.0,742.0
ECU,Ecuador,COM,S,S+SR/LFM/CDH+ERM/H:1/COM:5B,TOTAL,2.0,68479.0,17120.0,0.0,92.0,85599.0,32.0,0.0,46.0,744.0
ECU,Ecuador,IND,S,S+SR/LFM/CDH+ERM/H:1/IND:4,TOTAL,27.0,7059827.0,3025641.0,0.0,11387.0,10085466.0,3609.0,0.0,422.0,620.0
ECU,Ecuador,IND,S,S+SR/LFM/CDH+ERM/H:1/IND:6,TOTAL,53.0,5647865.0,2420511.0,0.0,9109.0,8068379.0,2887.0,0.0,172.0,620.0
ECU,Ecuador,COM,S,S+SR/LFM/CDH+ERM/H:2/COM:1,TOTAL,20.0,2517568.0,629392.0,0.0,3391.0,3146963.0,1180.0,0.0,170.0,742.0
ECU,Ecuador,COM,S,S+SR/LFM/CDH+ERM/H:2/COM:2,TOTAL,84.0,14240543.0,3560136.0,0.0,19179.0,17800679.0,6675.0,0.0,228.0,743.0
ECU,Ecuador,COM,S,S+SR/LFM/CDH+ERM/H:2/COM:3,TOTAL,4.0,276232.0,69057.0,0.0,372.0,345289.0,129.0,0.0,93.0,743.0
ECU,Ecuador,COM,S,S+SR/LFM/CDH+ERM/H:2/COM:3B,TOTAL,1.0,68480.0,17120.0,0.0,92.0,85600.0,32.0,0.0,92.0,744.0
ECU,Ecuador,COM,S,S+SR/LFM/CDH+ERM/H:2/COM:3C,TOTAL,2.0,191542.0,47886.0,0.0,258.0,239428.0,90.0,0.0,129.0,742.0
ECU,Ecuador,COM,S,S+SR/LFM/CDH+ERM/H:2/COM:5,TOTAL,12.0,816972.0,204242.0,0.0,1100.0,1021216.0,383.0,0.0,92.0,743.0
ECU,Ecuador,COM,S,S+SR/LFM/CDH+ERM/H:2/COM:5A,TOTAL,8.0,545588.0,136397.0,0.0,735.0,681984.0,256.0,0.0,92.0,742.0
ECU,Ecuador,COM,S,S+SR/LFM/CDH+ERM/H:2/COM:5B,TOTAL,1.0,67800.0,16950.0,0.0,91.0,84750.0,32.0,0.0,91.0,745.0
ECU,Ecuador,IND,S,S+SR/LFM/CDH+ERM/H:2/IND:4,TOTAL,2.0,910213.0,390091.0,0.0,1468.0,1300304.0,466.0,0.0,734.0,620.0
ECU,Ecuador,IND,S,S+SR/LFM/CDH+ERM/H:2/IND:6,TOTAL,29.0,2670135.0,1144344.0,0.0,4307.0,3814476.0,1366.0,0.0,149.0,620.0
ECU,Ecuador,COM,S,S+SR/LFM/CDH+ERM/H:3/COM:1,TOTAL,45.0,7994922.0,1998729.0,0.0,10768.0,9993653.0,3750.0,0.0,239.0,742.0
ECU,Ecuador,COM,S,S+SR/LFM/CDH+ERM/H:3/COM:2,TOTAL,85.0,25906194.0,6476551.0,0.0,34890.0,32382744.0,12150.0,0.0,410.0,743.0
ECU,Ecuador,COM,S,S+SR/LFM/CDH+ERM/H:3/COM:3,TOTAL,6.0,618417.0,154603.0,0.0,833.0,773020.0,290.0,0.0,139.0,742.0
ECU,Ecuador,COM,S,S+SR/LFM/CDH+ERM/H:3/COM:3C,TOTAL,11.0,1624561.0,406140.0,0.0,2188.0,2030701.0,762.0,0.0,199.0,742.0
ECU,Ecuador,COM,S,S+SR/LFM/CDH+ERM/H:3/COM:5,TOTAL,18.0,1852485.0,463123.0,0.0,2495.0,2315606.0,869.0,0.0,139.0,742.0
ECU,Ecuador,COM,S,S+SR/LFM/CDH+ERM/H:3/COM:5A,TOTAL,11.0,1128955.0,282239.0,0.0,1520.0,1411194.0,530.0,0.0,138.0,743.0
ECU,Ecuador,COM,S,S+SR/LFM/CDH+ERM/H:3/COM:5B,TOTAL,6.0,607440.0,151859.0,0.0,818.0,759299.0,285.0,0.0,136.0,743.0
ECU,Ecuador,COM,S,S+SR/LFM/CDH+ERM/H:4/COM:1,TOTAL,81.0,10806033.0,2701510.0,0.0,14554.0,13507543.0,5071.0,0.0,180.0,742.0
ECU,Ecuador,COM,S,S+SR/LFM/CDH+ERM/H:4/COM:2,TOTAL,167.0,56605311.0,14151325.0,0.0,76236.0,70756636.0,26563.0,0.0,457.0,743.0
ECU,Ecuador,COM,S,S+SR/LFM/CDH+ERM/H:4/COM:3,TOTAL,11.0,1501244.0,375310.0,0.0,2022.0,1876555.0,705.0,0.0,184.0,742.0
ECU,Ecuador,COM,S,S+SR/LFM/CDH+ERM/H:4/COM:3B,TOTAL,2.0,277010.0,69252.0,0.0,373.0,346262.0,130.0,0.0,186.0,743.0
ECU,Ecuador,COM,S,S+SR/LFM/CDH+ERM/H:4/COM:3C,TOTAL,28.0,5343219.0,1335803.0,0.0,7196.0,6679023.0,2507.0,0.0,257.0,743.0
ECU,Ecuador,COM,S,S+SR/LFM/CDH+ERM/H:4/COM:5,TOTAL,52.0,7054114.0,1763527.0,0.0,9500.0,8817642.0,3310.0,0.0,183.0,743.0
ECU,Ecuador,COM,S,S+SR/LFM/CDH+ERM/H:4/COM:5A,TOTAL,19.0,2598110.0,649527.0,0.0,3499.0,3247636.0,1219.0,0.0,184.0,743.0
ECU,Ecuador,COM,S,S+SR/LFM/CDH+ERM/H:4/COM:5B,TOTAL,3.0,405096.0,101274.0,0.0,546.0,506370.0,190.0,0.0,182.0,742.0
ECU,Ecuador,COM,S,S+SR/LFM/CDH+ERM/H:5-7/COM:1,TOTAL,91.0,33079964.0,8269991.0,0.0,44552.0,41349954.0,15541.0,0.0,490.0,743.0
ECU,Ecuador,COM,S,S+SR/LFM/CDH+ERM/H:5-7/COM:2,TOTAL,345.0,224637483.0,56159373.0,0.0,302542.0,280796857.0,105533.0,0.0,877.0,743.0
ECU,Ecuador,COM,S,S+SR/LFM/CDH+ERM/H:5-7/COM:3,TOTAL,12.0,2471664.0,617915.0,0.0,3329.0,3089580.0,1161.0,0.0,277.0,742.0
ECU,Ecuador,COM,S,S+SR/LFM/CDH+ERM/H:5-7/COM:3B,TOTAL,3.0,614272.0,153568.0,0.0,827.0,767840.0,289.0,0.0,276.0,743.0
ECU,Ecuador,COM,S,S+SR/LFM/CDH+ERM/H:5-7/COM:3C,TOTAL,36.0,11559441.0,2889860.0,0.0,15568.0,14449303.0,5431.0,0.0,432.0,743.0
ECU,Ecuador,COM,S,S+SR/LFM/CDH+ERM/H:5-7/COM:5,TOTAL,74.0,14898755.0,3724687.0,0.0,20066.0,18623441.0,6999.0,0.0,271.0,742.0
ECU,Ecuador,COM,S,S+SR/LFM/CDH+ERM/H:5-7/COM:5A,TOTAL,45.0,12359720.0,3089931.0,0.0,16646.0,15449651.0,5807.0,0.0,370.0,743.0
ECU,Ecuador,COM,S,S+SR/LFM/CDH+ERM/H:5-7/COM:5B,TOTAL,6.0,6241125.0,1560282.0,0.0,8406.0,7801406.0,2932.0,0.0,1401.0,742.0
ECU,Ecuador,IND,S,S+SR/LFM/CDH+ERM/H:>2/IND:4,TOTAL,24.0,4398771.0,1885187.0,0.0,7095.0,6283958.0,2252.0,0.0,296.0,620.0
ECU,Ecuador,IND,S,S+SR/LFM/CDH+ERM/H:>2/IND:6,TOTAL,351.0,35966533.0,15414229.0,0.0,58011.0,51380755.0,18410.0,0.0,165.0,620.0
ECU,Ecuador,COM,S,S+SR/LFM/CDH+ERM/H:>7/COM:1,TOTAL,5.0,6003869.0,1500967.0,0.0,8086.0,7504836.0,2824.0,0.0,1617.0,743.0
ECU,Ecuador,COM,S,S+SR/LFM/CDH+ERM/H:>7/COM:2,TOTAL,37.0,31976370.0,7994092.0,0.0,43066.0,39970461.0,15039.0,0.0,1164.0,742.0
ECU,Ecuador,COM,S,S+SR/LFM/CDH+ERM/H:>7/COM:3,TOTAL,1.0,275688.0,68922.0,0.0,371.0,344610.0,130.0,0.0,371.0,743.0
ECU,Ecuador,COM,S,S+SR/LFM/CDH+ERM/H:>7/COM:5,TOTAL,7.0,1917067.0,479266.0,0.0,2582.0,2396334.0,902.0,0.0,369.0,742.0
ECU,Ecuador,COM,S,S+SR/LFM/CDH+ERM/H:>7/COM:5A,TOTAL,1.0,275688.0,68922.0,0.0,371.0,344610.0,130.0,0.0,371.0,743.0
ECU,Ecuador,COM,S,S+SR/LFM/CDH+ERM/H:>7/COM:5B,TOTAL,2.0,542988.0,135747.0,0.0,731.0,678735.0,255.0,0.0,366.0,743.0
ECU,Ecuador,COM,S,S+SR/LFM/CDL+ERL/H:1/COM:1,TOTAL,122.0,7596983.0,1899246.0,0.0,10232.0,9496227.0,3559.0,0.0,84.0,742.0
ECU,Ecuador,COM,S,S+SR/LFM/CDL+ERL/H:1/COM:2,TOTAL,186.0,18874614.0,4718653.0,0.0,25420.0,23593275.0,8843.0,0.0,137.0,743.0
ECU,Ecuador,COM,S,S+SR/LFM/CDL+ERL/H:1/COM:3,TOTAL,18.0,1238298.0,309577.0,0.0,1668.0,1547875.0,580.0,0.0,93.0,742.0
ECU,Ecuador,COM,S,S+SR/LFM/CDL+ERL/H:1/COM:3B,TOTAL,12.0,979761.0,244939.0,0.0,1320.0,1224702.0,459.0,0.0,110.0,742.0
ECU,Ecuador,COM,S,S+SR/LFM/CDL+ERL/H:1/COM:3C,TOTAL,27.0,1361313.0,340329.0,0.0,1833.0,1701640.0,638.0,0.0,68.0,743.0
ECU,Ecuador,COM,S,S+SR/LFM/CDL+ERL/H:1/COM:5,TOTAL,24.0,814632.0,203659.0,0.0,1097.0,1018290.0,382.0,0.0,46.0,743.0
ECU,Ecuador,COM,S,S+SR/LFM/CDL+ERL/H:1/COM:5A,TOTAL,61.0,2029488.0,507372.0,0.0,2733.0,2536864.0,951.0,0.0,45.0,743.0
ECU,Ecuador,COM,S,S+SR/LFM/CDL+ERL/H:1/COM:5B,TOTAL,3.0,102231.0,25558.0,0.0,138.0,127789.0,48.0,0.0,46.0,741.0
ECU,Ecuador,IND,S,S+SR/LFM/CDL+ERL/H:1/IND:4,TOTAL,29.0,6573895.0,2817385.0,0.0,10603.0,9391281.0,3360.0,0.0,366.0,620.0
ECU,Ecuador,IND,S,S+SR/LFM/CDL+ERL/H:1/IND:6,TOTAL,56.0,6226257.0,2668396.0,0.0,10042.0,8894650.0,3183.0,0.0,179.0,620.0
ECU,Ecuador,COM,S,S+SR/LFM/CDL+ERL/H:2/COM:1,TOTAL,38.0,2506865.0,626717.0,0.0,3376.0,3133584.0,1175.0,0.0,89.0,743.0
ECU,Ecuador,COM,S,S+SR/LFM/CDL+ERL/H:2/COM:2,TOTAL,131.0,23323647.0,5830906.0,0.0,31412.0,29154555.0,10933.0,0.0,240.0,743.0
ECU,Ecuador,COM,S,S+SR/LFM/CDL+ERL/H:2/COM:3,TOTAL,4.0,271575.0,67893.0,0.0,366.0,339469.0,127.0,0.0,92.0,742.0
ECU,Ecuador,COM,S,S+SR/LFM/CDL+ERL/H:2/COM:3B,TOTAL,2.0,135853.0,33963.0,0.0,183.0,169815.0,64.0,0.0,92.0,742.0
ECU,Ecuador,COM,S,S+SR/LFM/CDL+ERL/H:2/COM:3C,TOTAL,12.0,1300490.0,325124.0,0.0,1751.0,1625611.0,610.0,0.0,146.0,743.0
ECU,Ecuador,COM,S,S+SR/LFM/CDL+ERL/H:2/COM:5,TOTAL,13.0,904810.0,226202.0,0.0,1219.0,1131013.0,424.0,0.0,94.0,742.0
ECU,Ecuador,COM,S,S+SR/LFM/CDL+ERL/H:2/COM:5A,TOTAL,16.0,1087173.0,271793.0,0.0,1464.0,1358967.0,510.0,0.0,92.0,743.0
ECU,Ecuador,COM,S,S+SR/LFM/CDL+ERL/H:2/COM:5B,TOTAL,3.0,1878086.0,469521.0,0.0,2529.0,2347606.0,880.0,0.0,843.0,743.0
ECU,Ecuador,IND,S,S+SR/LFM/CDL+ERL/H:2/IND:4,TOTAL,6.0,1523378.0,652877.0,0.0,2457.0,2176255.0,779.0,0.0,410.0,620.0
ECU,Ecuador,IND,S,S+SR/LFM/CDL+ERL/H:2/IND:6,TOTAL,30.0,2820495.0,1208782.0,0.0,4549.0,4029275.0,1443.0,0.0,152.0,620.0
ECU,Ecuador,COM,S,S+SR/LFM/CDL+ERL/H:3/COM:1,TOTAL,69.0,15649091.0,3912272.0,0.0,21076.0,19561362.0,7340.0,0.0,305.0,743.0
ECU,Ecuador,COM,S,S+SR/LFM/CDL+ERL/H:3/COM:2,TOTAL,129.0,25919707.0,6479929.0,0.0,34909.0,32399630.0,12157.0,0.0,271.0,742.0
ECU,Ecuador,COM,S,S+SR/LFM/CDL+ERL/H:3/COM:3,TOTAL,5.0,506975.0,126743.0,0.0,683.0,633719.0,238.0,0.0,137.0,742.0
ECU,Ecuador,COM,S,S+SR/LFM/CDL+ERL/H:3/COM:3B,TOTAL,2.0,202520.0,50630.0,0.0,273.0,253150.0,95.0,0.0,136.0,742.0
ECU,Ecuador,COM,S,S+SR/LFM/CDL+ERL/H:3/COM:3C,TOTAL,11.0,1565875.0,391469.0,0.0,2109.0,1957344.0,734.0,0.0,192.0,742.0
ECU,Ecuador,COM,S,S+SR/LFM/CDL+ERL/H:3/COM:5,TOTAL,23.0,2368809.0,592203.0,0.0,3190.0,2961012.0,1111.0,0.0,139.0,743.0
ECU,Ecuador,COM,S,S+SR/LFM/CDL+ERL/H:3/COM:5A,TOTAL,35.0,3593983.0,898497.0,0.0,4840.0,4492481.0,1686.0,0.0,138.0,743.0
ECU,Ecuador,COM,S,S+SR/LFM/CDL+ERL/H:3/COM:5B,TOTAL,3.0,361790.0,90447.0,0.0,487.0,452238.0,170.0,0.0,162.0,743.0
ECU,Ecuador,COM,S,S+SR/LFM/CDL+ERL/H:4/COM:1,TOTAL,146.0,33665618.0,8416404.0,0.0,45341.0,42082018.0,15798.0,0.0,311.0,742.0
ECU,Ecuador,COM,S,S+SR/LFM/CDL+ERL/H:4/COM:2,TOTAL,370.0,136255881.0,34063970.0,0.0,183510.0,170319851.0,63941.0,0.0,496.0,742.0
ECU,Ecuador,COM,S,S+SR/LFM/CDL+ERL/H:4/COM:3,TOTAL,20.0,4964113.0,1241027.0,0.0,6686.0,6205144.0,2330.0,0.0,334.0,742.0
ECU,Ecuador,COM,S,S+SR/LFM/CDL+ERL/H:4/COM:3B,TOTAL,2.0,274203.0,68550.0,0.0,369.0,342754.0,129.0,0.0,184.0,743.0
ECU,Ecuador,COM,S,S+SR/LFM/CDL+ERL/H:4/COM:3C,TOTAL,46.0,11773376.0,2943345.0,0.0,15856.0,14716723.0,5525.0,0.0,345.0,743.0
ECU,Ecuador,COM,S,S+SR/LFM/CDL+ERL/H:4/COM:5,TOTAL,102.0,14922149.0,3730532.0,0.0,20097.0,18652681.0,7003.0,0.0,197.0,743.0
ECU,Ecuador,COM,S,S+SR/LFM/CDL+ERL/H:4/COM:5A,TOTAL,41.0,6525967.0,1631489.0,0.0,8789.0,8157457.0,3063.0,0.0,214.0,743.0
ECU,Ecuador,COM,S,S+SR/LFM/CDL+ERL/H:4/COM:5B,TOTAL,6.0,814814.0,203705.0,0.0,1097.0,1018519.0,382.0,0.0,183.0,743.0
ECU,Ecuador,COM,S,S+SR/LFM/CDL+ERL/H:5-7/COM:1,TOTAL,182.0,71803299.0,17950827.0,0.0,96705.0,89754125.0,33733.0,0.0,531.0,742.0
ECU,Ecuador,COM,S,S+SR/LFM/CDL+ERL/H:5-7/COM:2,TOTAL,662.0,348491436.0,87122857.0,0.0,469349.0,435614293.0,163719.0,0.0,709.0,742.0
ECU,Ecuador,COM,S,S+SR/LFM/CDL+ERL/H:5-7/COM:3,TOTAL,26.0,12084429.0,3021109.0,0.0,16275.0,15105536.0,5677.0,0.0,626.0,743.0
ECU,Ecuador,COM,S,S+SR/LFM/CDL+ERL/H:5-7/COM:3B,TOTAL,4.0,4239175.0,1059795.0,0.0,5709.0,5298970.0,1992.0,0.0,1427.0,743.0
ECU,Ecuador,COM,S,S+SR/LFM/CDL+ERL/H:5-7/COM:3C,TOTAL,82.0,23659294.0,5914824.0,0.0,31864.0,29574117.0,11115.0,0.0,389.0,743.0
ECU,Ecuador,COM,S,S+SR/LFM/CDL+ERL/H:5-7/COM:5,TOTAL,189.0,42814597.0,10703652.0,0.0,57663.0,53518244.0,20114.0,0.0,305.0,742.0
ECU,Ecuador,COM,S,S+SR/LFM/CDL+ERL/H:5-7/COM:5A,TOTAL,74.0,18077964.0,4519493.0,0.0,24347.0,22597457.0,8493.0,0.0,329.0,743.0
ECU,Ecuador,COM,S,S+SR/LFM/CDL+ERL/H:5-7/COM:5B,TOTAL,11.0,12286961.0,3071741.0,0.0,16548.0,15358701.0,5772.0,0.0,1504.0,743.0
ECU,Ecuador,IND,S,S+SR/LFM/CDL+ERL/H:>2/IND:4,TOTAL,53.0,16386066.0,7022599.0,0.0,26429.0,23408665.0,8388.0,0.0,499.0,620.0
ECU,Ecuador,IND,S,S+SR/LFM/CDL+ERL/H:>2/IND:6,TOTAL,678.0,65943335.0,28261427.0,0.0,106360.0,94204762.0,33755.0,0.0,157.0,620.0
ECU,Ecuador,COM,S,S+SR/LFM/CDL+ERL/H:>7/COM:1,TOTAL,26.0,11576448.0,2894111.0,0.0,15591.0,14470561.0,5445.0,0.0,600.0,743.0
ECU,Ecuador,COM,S,S+SR/LFM/CDL+ERL/H:>7/COM:2,TOTAL,193.0,117701928.0,29425483.0,0.0,158521.0,147127411.0,55357.0,0.0,821.0,743.0
ECU,Ecuador,COM,S,S+SR/LFM/CDL+ERL/H:>7/COM:3,TOTAL,3.0,810079.0,202520.0,0.0,1091.0,1012599.0,381.0,0.0,364.0,743.0
ECU,Ecuador,COM,S,S+SR/LFM/CDL+ERL/H:>7/COM:3B,TOTAL,1.0,270026.0,67507.0,0.0,364.0,337533.0,127.0,0.0,364.0,742.0
ECU,Ecuador,COM,S,S+SR/LFM/CDL+ERL/H:>7/COM:3C,TOTAL,23.0,14939780.0,3734947.0,0.0,20121.0,18674725.0,7026.0,0.0,875.0,742.0
ECU,Ecuador,COM,S,S+SR/LFM/CDL+ERL/H:>7/COM:5,TOTAL,47.0,12464470.0,3116118.0,0.0,16787.0,15580589.0,5862.0,0.0,357.0,743.0
ECU,Ecuador,COM,S,S+SR/LFM/CDL+ERL/H:>7/COM:5A,TOTAL,19.0,5141724.0,1285431.0,0.0,6925.0,6427156.0,2418.0,0.0,364.0,742.0
ECU,Ecuador,COM,S,S+SR/LFM/CDL+ERL/H:>7/COM:5B,TOTAL,9.0,12543854.0,3135962.0,0.0,16894.0,15679816.0,5900.0,0.0,1877.0,743.0
ECU,Ecuador,COM,S,S+SR/LFM/CDM+ERL/H:1/COM:1,TOTAL,153.0,9227713.0,2306929.0,0.0,12428.0,11534645.0,4323.0,0.0,81.0,742.0
ECU,Ecuador,COM,S,S+SR/LFM/CDM+ERL/H:1/COM:2,TOTAL,223.0,25448334.0,6362082.0,0.0,34274.0,31810419.0,11923.0,0.0,154.0,742.0
ECU,Ecuador,COM,S,S+SR/LFM/CDM+ERL/H:1/COM:3,TOTAL,29.0,2532034.0,633010.0,0.0,3410.0,3165046.0,1186.0,0.0,118.0,743.0
ECU,Ecuador,COM,S,S+SR/LFM/CDM+ERL/H:1/COM:3B,TOTAL,2.0,67918.0,16979.0,0.0,91.0,84898.0,32.0,0.0,46.0,746.0
ECU,Ecuador,COM,S,S+SR/LFM/CDM+ERL/H:1/COM:3C,TOTAL,15.0,719590.0,179899.0,0.0,969.0,899489.0,337.0,0.0,65.0,743.0
ECU,Ecuador,COM,S,S+SR/LFM/CDM+ERL/H:1/COM:5,TOTAL,30.0,1020326.0,255079.0,0.0,1374.0,1275408.0,478.0,0.0,46.0,743.0
ECU,Ecuador,COM,S,S+SR/LFM/CDM+ERL/H:1/COM:5A,TOTAL,75.0,2779927.0,694977.0,0.0,3744.0,3474905.0,1302.0,0.0,50.0,743.0
ECU,Ecuador,COM,S,S+SR/LFM/CDM+ERL/H:1/COM:5B,TOTAL,5.0,591820.0,147955.0,0.0,797.0,739775.0,277.0,0.0,159.0,743.0
ECU,Ecuador,IND,S,S+SR/LFM/CDM+ERL/H:1/IND:4,TOTAL,34.0,10732237.0,4599531.0,0.0,17310.0,15331772.0,5486.0,0.0,509.0,620.0
ECU,Ecuador,IND,S,S+SR/LFM/CDM+ERL/H:1/IND:6,TOTAL,92.0,9078975.0,3890989.0,0.0,14644.0,12969961.0,4641.0,0.0,159.0,620.0
ECU,Ecuador,COM,S,S+SR/LFM/CDM+ERL/H:2/COM:1,TOTAL,60.0,6315429.0,1578858.0,0.0,8506.0,7894286.0,2960.0,0.0,142.0,742.0
ECU,Ecuador,COM,S,S+SR/LFM/CDM+ERL/H:2/COM:2,TOTAL,170.0,29854110.0,7463526.0,0.0,40208.0,37317632.0,13994.0,0.0,237.0,742.0
ECU,Ecuador,COM,S,S+SR/LFM/CDM+ERL/H:2/COM:3,TOTAL,4.0,270329.0,67582.0,0.0,364.0,337912.0,127.0,0.0,91.0,743.0
ECU,Ecuador,COM,S,S+SR/LFM/CDM+ERL/H:2/COM:3C,TOTAL,12.0,1130654.0,282663.0,0.0,1523.0,1413316.0,530.0,0.0,127.0,742.0
ECU,Ecuador,COM,S,S+SR/LFM/CDM+ERL/H:2/COM:5,TOTAL,11.0,744336.0,186084.0,0.0,1002.0,930419.0,349.0,0.0,91.0,743.0
ECU,Ecuador,COM,S,S+SR/LFM/CDM+ERL/H:2/COM:5A,TOTAL,23.0,1562349.0,390588.0,0.0,2104.0,1952938.0,732.0,0.0,91.0,743.0
ECU,Ecuador,COM,S,S+SR/LFM/CDM+ERL/H:2/COM:5B,TOTAL,4.0,272607.0,68152.0,0.0,367.0,340759.0,128.0,0.0,92.0,743.0
ECU,Ecuador,IND,S,S+SR/LFM/CDM+ERL/H:2/IND:4,TOTAL,11.0,3128927.0,1340969.0,0.0,5047.0,4469897.0,1600.0,0.0,459.0,620.0
ECU,Ecuador,IND,S,S+SR/LFM/CDM+ERL/H:2/IND:6,TOTAL,52.0,5360281.0,2297259.0,0.0,8646.0,7657539.0,2742.0,0.0,166.0,620.0
ECU,Ecuador,COM,S,S+SR/LFM/CDM+ERL/H:3/COM:1,TOTAL,69.0,10419436.0,2604858.0,0.0,14033.0,13024294.0,4887.0,0.0,203.0,742.0
ECU,Ecuador,COM,S,S+SR/LFM/CDM+ERL/H:3/COM:2,TOTAL,142.0,32966181.0,8241546.0,0.0,44399.0,41207727.0,15462.0,0.0,313.0,742.0
ECU,Ecuador,COM,S,S+SR/LFM/CDM+ERL/H:3/COM:3,TOTAL,9.0,916827.0,229206.0,0.0,1235.0,1146033.0,430.0,0.0,137.0,742.0
ECU,Ecuador,COM,S,S+SR/LFM/CDM+ERL/H:3/COM:3C,TOTAL,27.0,4325975.0,1081495.0,0.0,5826.0,5407474.0,2029.0,0.0,216.0,743.0
ECU,Ecuador,COM,S,S+SR/LFM/CDM+ERL/H:3/COM:5,TOTAL,37.0,3666505.0,916626.0,0.0,4938.0,4583131.0,1720.0,0.0,133.0,743.0
ECU,Ecuador,COM,S,S+SR/LFM/CDM+ERL/H:3/COM:5A,TOTAL,40.0,3965715.0,991428.0,0.0,5341.0,4957139.0,1860.0,0.0,134.0,743.0
ECU,Ecuador,COM,S,S+SR/LFM/CDM+ERL/H:3/COM:5B,TOTAL,4.0,460783.0,115196.0,0.0,621.0,575980.0,216.0,0.0,155.0,742.0
ECU,Ecuador,COM,S,S+SR/LFM/CDM+ERL/H:4/COM:1,TOTAL,152.0,25047819.0,6261951.0,0.0,33734.0,31309778.0,11754.0,0.0,222.0,743.0
ECU,Ecuador,COM,S,S+SR/LFM/CDM+ERL/H:4/COM:2,TOTAL,458.0,170445489.0,42611376.0,0.0,229556.0,213056861.0,79986.0,0.0,501.0,743.0
ECU,Ecuador,COM,S,S+SR/LFM/CDM+ERL/H:4/COM:3,TOTAL,20.0,2722417.0,680602.0,0.0,3667.0,3403020.0,1278.0,0.0,183.0,742.0
ECU,Ecuador,COM,S,S+SR/LFM/CDM+ERL/H:4/COM:3B,TOTAL,6.0,812021.0,203005.0,0.0,1094.0,1015027.0,381.0,0.0,182.0,742.0
ECU,Ecuador,COM,S,S+SR/LFM/CDM+ERL/H:4/COM:3C,TOTAL,67.0,12688478.0,3172123.0,0.0,17089.0,15860606.0,5954.0,0.0,255.0,742.0
ECU,Ecuador,COM,S,S+SR/LFM/CDM+ERL/H:4/COM:5,TOTAL,109.0,15620676.0,3905167.0,0.0,21038.0,19525846.0,7330.0,0.0,193.0,742.0
ECU,Ecuador,COM,S,S+SR/LFM/CDM+ERL/H:4/COM:5A,TOTAL,60.0,9105139.0,2276285.0,0.0,12263.0,11381427.0,4273.0,0.0,204.0,742.0
ECU,Ecuador,COM,S,S+SR/LFM/CDM+ERL/H:4/COM:5B,TOTAL,13.0,7160723.0,1790182.0,0.0,9644.0,8950904.0,3360.0,0.0,742.0,743.0
ECU,Ecuador,COM,S,S+SR/LFM/CDM+ERL/H:5-7/COM:1,TOTAL,206.0,89746680.0,22436669.0,0.0,120871.0,112183348.0,42163.0,0.0,587.0,742.0
ECU,Ecuador,COM,S,S+SR/LFM/CDM+ERL/H:5-7/COM:2,TOTAL,795.0,388125856.0,97031461.0,0.0,522728.0,485157313.0,182339.0,0.0,658.0,743.0
ECU,Ecuador,COM,S,S+SR/LFM/CDM+ERL/H:5-7/COM:3,TOTAL,38.0,7561875.0,1890470.0,0.0,10184.0,9452345.0,3553.0,0.0,268.0,743.0
ECU,Ecuador,COM,S,S+SR/LFM/CDM+ERL/H:5-7/COM:3B,TOTAL,9.0,1827959.0,456990.0,0.0,2462.0,2284949.0,859.0,0.0,274.0,742.0
ECU,Ecuador,COM,S,S+SR/LFM/CDM+ERL/H:5-7/COM:3C,TOTAL,87.0,24735869.0,6183963.0,0.0,33314.0,30919834.0,11621.0,0.0,383.0,743.0
ECU,Ecuador,COM,S,S+SR/LFM/CDM+ERL/H:5-7/COM:5,TOTAL,216.0,43473526.0,10868382.0,0.0,58550.0,54341903.0,20424.0,0.0,271.0,743.0
ECU,Ecuador,COM,S,S+SR/LFM/CDM+ERL/H:5-7/COM:5A,TOTAL,105.0,25817205.0,6454303.0,0.0,34771.0,32271506.0,12129.0,0.0,331.0,742.0
ECU,Ecuador,COM,S,S+SR/LFM/CDM+ERL/H:5-7/COM:5B,TOTAL,17.0,8985353.0,2246338.0,0.0,12101.0,11231690.0,4221.0,0.0,712.0,743.0
ECU,Ecuador,IND,S,S+SR/LFM/CDM+ERL/H:>2/IND:4,TOTAL,77.0,22334926.0,9572111.0,0.0,36024.0,31907040.0,11433.0,0.0,468.0,620.0
ECU,Ecuador,IND,S,S+SR/LFM/CDM+ERL/H:>2/IND:6,TOTAL,774.0,79894822.0,34240638.0,0.0,128863.0,114135451.0,40896.0,0.0,166.0,620.0
ECU,Ecuador,COM,S,S+SR/LFM/CDM+ERL/H:>7/COM:1,TOTAL,36.0,15210924.0,3802730.0,0.0,20486.0,19013654.0,7154.0,0.0,569.0,743.0
ECU,Ecuador,COM,S,S+SR/LFM/CDM+ERL/H:>7/COM:2,TOTAL,154.0,85423524.0,21355880.0,0.0,115049.0,106779406.0,40176.0,0.0,747.0,742.0
ECU,Ecuador,COM,S,S+SR/LFM/CDM+ERL/H:>7/COM:3,TOTAL,2.0,540053.0,135013.0,0.0,727.0,675066.0,254.0,0.0,364.0,743.0
ECU,Ecuador,COM,S,S+SR/LFM/CDM+ERL/H:>7/COM:3B,TOTAL,1.0,270026.0,67507.0,0.0,364.0,337533.0,127.0,0.0,364.0,742.0
ECU,Ecuador,COM,S,S+SR/LFM/CDM+ERL/H:>7/COM:3C,TOTAL,17.0,6510331.0,1627583.0,0.0,8768.0,8137914.0,3062.0,0.0,516.0,743.0
ECU,Ecuador,COM,S,S+SR/LFM/CDM+ERL/H:>7/COM:5,TOTAL,39.0,10549022.0,2637256.0,0.0,14207.0,13186280.0,4961.0,0.0,364.0,743.0
ECU,Ecuador,COM,S,S+SR/LFM/CDM+ERL/H:>7/COM:5A,TOTAL,18.0,7024994.0,1756248.0,0.0,9461.0,8781243.0,3304.0,0.0,526.0,743.0
ECU,Ecuador,COM,S,S+SR/LFM/CDM+ERL/H:>7/COM:5B,TOTAL,1.0,270026.0,67507.0,0.0,364.0,337533.0,127.0,0.0,364.0,742.0
ECU,Ecuador,COM,S,S+SR/LFM/CDN+ERL/H:1/COM:1,TOTAL,194.0,11619092.0,2904769.0,0.0,15649.0,14523870.0,5444.0,0.0,81.0,742.0
ECU,Ecuador,COM,S,S+SR/LFM/CDN+ERL/H:1/COM:2,TOTAL,288.0,19674819.0,4918706.0,0.0,26498.0,24593526.0,9218.0,0.0,92.0,743.0
ECU,Ecuador,COM,S,S+SR/LFM/CDN+ERL/H:1/COM:3,TOTAL,24.0,882103.0,220527.0,0.0,1188.0,1102632.0,413.0,0.0,50.0,743.0
ECU,Ecuador,COM,S,S+SR/LFM/CDN+ERL/H:1/COM:3B,TOTAL,3.0,103498.0,25874.0,0.0,139.0,129373.0,48.0,0.0,46.0,745.0
ECU,Ecuador,COM,S,S+SR/LFM/CDN+ERL/H:1/COM:3C,TOTAL,21.0,1008297.0,252073.0,0.0,1358.0,1260372.0,472.0,0.0,65.0,742.0
ECU,Ecuador,COM,S,S+SR/LFM/CDN+ERL/H:1/COM:5,TOTAL,27.0,890937.0,222732.0,0.0,1200.0,1113669.0,417.0,0.0,44.0,742.0
ECU,Ecuador,COM,S,S+SR/LFM/CDN+ERL/H:1/COM:5A,TOTAL,85.0,2860111.0,715029.0,0.0,3852.0,3575139.0,1340.0,0.0,45.0,743.0
ECU,Ecuador,COM,S,S+SR/LFM/CDN+ERL/H:1/COM:5B,TOTAL,2.0,507823.0,126956.0,0.0,684.0,634779.0,238.0,0.0,342.0,742.0
ECU,Ecuador,IND,S,S+SR/LFM/CDN+ERL/H:1/IND:4,TOTAL,38.0,10418556.0,4465097.0,0.0,16804.0,14883655.0,5325.0,0.0,442.0,620.0
ECU,Ecuador,IND,S,S+SR/LFM/CDN+ERL/H:1/IND:6,TOTAL,114.0,10842640.0,4646848.0,0.0,17488.0,15489483.0,5542.0,0.0,153.0,620.0
ECU,Ecuador,COM,S,S+SR/LFM/CDN+ERL/H:2/COM:1,TOTAL,54.0,3613617.0,903402.0,0.0,4867.0,4517022.0,1694.0,0.0,90.0,742.0
ECU,Ecuador,COM,S,S+SR/LFM/CDN+ERL/H:2/COM:2,TOTAL,210.0,45954344.0,11488588.0,0.0,61891.0,57442935.0,21541.0,0.0,295.0,743.0
ECU,Ecuador,COM,S,S+SR/LFM/CDN+ERL/H:2/COM:3,TOTAL,12.0,1948000.0,487000.0,0.0,2624.0,2434999.0,913.0,0.0,219.0,742.0
ECU,Ecuador,COM,S,S+SR/LFM/CDN+ERL/H:2/COM:3C,TOTAL,16.0,1537306.0,384326.0,0.0,2070.0,1921632.0,721.0,0.0,129.0,743.0
ECU,Ecuador,COM,S,S+SR/LFM/CDN+ERL/H:2/COM:5,TOTAL,24.0,1629171.0,407293.0,0.0,2194.0,2036464.0,764.0,0.0,91.0,743.0
ECU,Ecuador,COM,S,S+SR/LFM/CDN+ERL/H:2/COM:5A,TOTAL,29.0,1912469.0,478117.0,0.0,2576.0,2390588.0,897.0,0.0,89.0,742.0
ECU,Ecuador,COM,S,S+SR/LFM/CDN+ERL/H:2/COM:5B,TOTAL,4.0,1136032.0,284009.0,0.0,1530.0,1420040.0,533.0,0.0,382.0,743.0
ECU,Ecuador,IND,S,S+SR/LFM/CDN+ERL/H:2/IND:4,TOTAL,6.0,935478.0,400919.0,0.0,1509.0,1336397.0,479.0,0.0,252.0,620.0
ECU,Ecuador,IND,S,S+SR/LFM/CDN+ERL/H:2/IND:6,TOTAL,44.0,4853085.0,2079890.0,0.0,7828.0,6932977.0,2482.0,0.0,178.0,620.0
ECU,Ecuador,COM,S,S+SR/LFM/CDN+ERL/H:3/COM:1,TOTAL,96.0,13047518.0,3261878.0,0.0,17572.0,16309397.0,6120.0,0.0,183.0,743.0
ECU,Ecuador,COM,S,S+SR/LFM/CDN+ERL/H:3/COM:2,TOTAL,188.0,40107917.0,10026982.0,0.0,54017.0,50134895.0,18811.0,0.0,287.0,743.0
ECU,Ecuador,COM,S,S+SR/LFM/CDN+ERL/H:3/COM:3,TOTAL,11.0,1117200.0,279300.0,0.0,1505.0,1396499.0,524.0,0.0,137.0,742.0
ECU,Ecuador,COM,S,S+SR/LFM/CDN+ERL/H:3/COM:3B,TOTAL,2.0,206766.0,51691.0,0.0,278.0,258457.0,97.0,0.0,139.0,744.0
ECU,Ecuador,COM,S,S+SR/LFM/CDN+ERL/H:3/COM:3C,TOTAL,35.0,5025879.0,1256468.0,0.0,6769.0,6282349.0,2357.0,0.0,193.0,742.0
ECU,Ecuador,COM,S,S+SR/LFM/CDN+ERL/H:3/COM:5,TOTAL,48.0,4838018.0,1209505.0,0.0,6516.0,6047528.0,2269.0,0.0,136.0,742.0
ECU,Ecuador,COM,S,S+SR/LFM/CDN+ERL/H:3/COM:5A,TOTAL,30.0,2967166.0,741791.0,0.0,3996.0,3708957.0,1392.0,0.0,133.0,743.0
ECU,Ecuador,COM,S,S+SR/LFM/CDN+ERL/H:3/COM:5B,TOTAL,2.0,202960.0,50740.0,0.0,273.0,253700.0,95.0,0.0,136.0,743.0
ECU,Ecuador,COM,S,S+SR/LFM/CDN+ERL/H:4/COM:1,TOTAL,203.0,39111215.0,9777800.0,0.0,52675.0,48889015.0,18354.0,0.0,259.0,743.0
ECU,Ecuador,COM,S,S+SR/LFM/CDN+ERL/H:4/COM:2,TOTAL,493.0,151879974.0,37969993.0,0.0,204552.0,189849964.0,71273.0,0.0,415.0,743.0
ECU,Ecuador,COM,S,S+SR/LFM/CDN+ERL/H:4/COM:3,TOTAL,20.0,2729315.0,682327.0,0.0,3676.0,3411643.0,1281.0,0.0,184.0,742.0
ECU,Ecuador,COM,S,S+SR/LFM/CDN+ERL/H:4/COM:3B,TOTAL,7.0,956737.0,239184.0,0.0,1289.0,1195923.0,449.0,0.0,184.0,742.0
ECU,Ecuador,COM,S,S+SR/LFM/CDN+ERL/H:4/COM:3C,TOTAL,72.0,16965780.0,4241443.0,0.0,22850.0,21207221.0,7962.0,0.0,317.0,742.0
ECU,Ecuador,COM,S,S+SR/LFM/CDN+ERL/H:4/COM:5,TOTAL,114.0,15259082.0,3814767.0,0.0,20551.0,19073852.0,7161.0,0.0,180.0,742.0
ECU,Ecuador,COM,S,S+SR/LFM/CDN+ERL/H:4/COM:5A,TOTAL,59.0,8993136.0,2248281.0,0.0,12112.0,11241423.0,4220.0,0.0,205.0,742.0
ECU,Ecuador,COM,S,S+SR/LFM/CDN+ERL/H:4/COM:5B,TOTAL,11.0,4854528.0,1213632.0,0.0,6538.0,6068164.0,2278.0,0.0,594.0,743.0
ECU,Ecuador,COM,S,S+SR/LFM/CDN+ERL/H:5-7/COM:1,TOTAL,239.0,91945361.0,22986344.0,0.0,123832.0,114931708.0,43196.0,0.0,518.0,743.0
ECU,Ecuador,COM,S,S+SR/LFM/CDN+ERL/H:5-7/COM:2,TOTAL,871.0,466785326.0,116696331.0,0.0,628667.0,583481656.0,219293.0,0.0,722.0,743.0
ECU,Ecuador,COM,S,S+SR/LFM/CDN+ERL/H:5-7/COM:3,TOTAL,26.0,12067815.0,3016954.0,0.0,16253.0,15084769.0,5669.0,0.0,625.0,742.0
ECU,Ecuador,COM,S,S+SR/LFM/CDN+ERL/H:5-7/COM:3B,TOTAL,8.0,1634915.0,408728.0,0.0,2202.0,2043642.0,768.0,0.0,275.0,742.0
ECU,Ecuador,COM,S,S+SR/LFM/CDN+ERL/H:5-7/COM:3C,TOTAL,114.0,32993440.0,8248363.0,0.0,44436.0,41241801.0,15500.0,0.0,390.0,742.0
ECU,Ecuador,COM,S,S+SR/LFM/CDN+ERL/H:5-7/COM:5,TOTAL,207.0,41748496.0,10437124.0,0.0,56227.0,52185621.0,19613.0,0.0,272.0,742.0
ECU,Ecuador,COM,S,S+SR/LFM/CDN+ERL/H:5-7/COM:5A,TOTAL,105.0,22891219.0,5722807.0,0.0,30830.0,28614025.0,10754.0,0.0,294.0,742.0
ECU,Ecuador,COM,S,S+SR/LFM/CDN+ERL/H:5-7/COM:5B,TOTAL,18.0,13945101.0,3486277.0,0.0,18781.0,17431376.0,6551.0,0.0,1043.0,743.0
ECU,Ecuador,IND,S,S+SR/LFM/CDN+ERL/H:>2/IND:4,TOTAL,51.0,14535212.0,6229373.0,0.0,23444.0,20764586.0,7440.0,0.0,460.0,620.0
ECU,Ecuador,IND,S,S+SR/LFM/CDN+ERL/H:>2/IND:6,TOTAL,868.0,87236946.0,37387264.0,0.0,140705.0,124624203.0,44654.0,0.0,162.0,620.0
ECU,Ecuador,COM,S,S+SR/LFM/CDN+ERL/H:>7/COM:1,TOTAL,20.0,15007421.0,3751855.0,0.0,20212.0,18759277.0,7058.0,0.0,1011.0,743.0
ECU,Ecuador,COM,S,S+SR/LFM/CDN+ERL/H:>7/COM:2,TOTAL,89.0,71715481.0,17928872.0,0.0,96587.0,89644353.0,33729.0,0.0,1085.0,742.0
ECU,Ecuador,COM,S,S+SR/LFM/CDN+ERL/H:>7/COM:3,TOTAL,3.0,819098.0,204775.0,0.0,1103.0,1023873.0,385.0,0.0,368.0,743.0
ECU,Ecuador,COM,S,S+SR/LFM/CDN+ERL/H:>7/COM:3C,TOTAL,7.0,2730809.0,682704.0,0.0,3678.0,3413513.0,1284.0,0.0,525.0,742.0
ECU,Ecuador,COM,S,S+SR/LFM/CDN+ERL/H:>7/COM:5,TOTAL,17.0,4657460.0,1164365.0,0.0,6273.0,5821826.0,2191.0,0.0,369.0,742.0
ECU,Ecuador,COM,S,S+SR/LFM/CDN+ERL/H:>7/COM:5A,TOTAL,13.0,5728822.0,1432206.0,0.0,7716.0,7161028.0,2694.0,0.0,594.0,742.0
ECU,Ecuador,COM,S,S+SR/LFM/CDN+ERL/H:>7/COM:5B,TOTAL,4.0,4742524.0,1185631.0,0.0,6387.0,5928157.0,2230.0,0.0,1597.0,743.0
ECU,Ecuador,RES,W,W+WBB/LWAL/CDN+ERM/H:1/RES,RURAL,4985.0,191424000.0,47856000.0,15597.0,598200.0,239280000.0,39532.0,4985.0,120.0,320.0
ECU,Ecuador,RES,W,W+WBB/LWAL/CDN+ERM/H:1/RES,URBAN,3553.0,191862000.0,47965500.0,10876.0,426360.0,239827500.0,28177.0,3553.0,120.0,450.0
ECU,Ecuador,RES,W,W+WLI/LWAL/CDN+ERL/H:1/RES,RURAL,107225.0,4117440000.0,1029360000.0,346463.0,12867000.0,5146800000.0,1296297.0,107225.0,120.0,320.0
ECU,Ecuador,RES,W,W+WLI/LWAL/CDN+ERL/H:1/RES,URBAN,27669.0,1494126000.0,373531500.0,93177.0,3320280.0,1867657500.0,334509.0,27669.0,120.0,450.0
ECU,Ecuador,RES,W,W+WLI/LWAL/CDN+ERL/H:2/RES,RURAL,23104.0,979113600.0,244778400.0,114468.0,3059730.0,1223892000.0,308470.0,33997.0,132.0,320.0
ECU,Ecuador,RES,W,W+WLI/LWAL/CDN+ERL/H:2/RES,URBAN,53807.0,3164265000.0,791066250.0,261386.0,7031700.0,3955331250.0,708911.0,78130.0,131.0,450.0
ECU,Ecuador,RES,W,W+WO/LN/CDN+ERM/H:1/RES,RURAL,9666.0,371174400.0,92793600.0,25378.0,1159920.0,463968000.0,120820.0,9666.0,120.0,320.0
ECU,Ecuador,RES,W,W+WO/LN/CDN+ERM/H:1/RES,URBAN,713.0,38502000.0,9625500.0,2187.0,85560.0,48127500.0,8913.0,713.0,120.0,450.0
ECU,Ecuador,RES,W,W+WO/LN/CDN+ERM/H:2/RES,RURAL,1987.0,79948800.0,19987200.0,8342.0,249840.0,99936000.0,26043.0,2776.0,126.0,320.0
ECU,Ecuador,RES,W,W+WO/LN/CDN+ERM/H:2/RES,URBAN,1831.0,97281000.0,24320250.0,7419.0,216180.0,121601250.0,22535.0,2402.0,118.0,450.0
ECU,Ecuador,RES,W,W+WO/LN/CDN+ERM/H:3/RES,RURAL,5.0,316800.0,79200.0,5.0,990.0,396000.0,103.0,11.0,198.0,320.0
ECU,Ecuador,RES,W,W+WO/LN/CDN+ERM/H:3/RES,URBAN,7.0,769500.0,192375.0,17.0,1710.0,961875.0,178.0,19.0,244.0,450.0
ECU,Ecuador,RES,W,W+WWD/LWAL/CDN+ERL/H:1/RES,RURAL,12023.0,461683200.0,115420800.0,45414.0,1442760.0,577104000.0,145355.0,12023.0,120.0,320.0
ECU,Ecuador,RES,W,W+WWD/LWAL/CDN+ERL/H:1/RES,URBAN,1787.0,96498000.0,24124500.0,5006.0,214440.0,120622500.0,21606.0,1787.0,120.0,450.0
