ID_0,NAME_0,OCCUPANCY,BUILDINGS,COST_CONTENTS_USD,COST_NONSTRUCTURAL_USD,COST_STRUCTURAL_USD,DWELLINGS,OCCUPANTS_PER_ASSET,TOTAL_AREA_SQM,TOTAL_REPL_COST_USD,AVG_BUILDING_AREA_SQM,AVG_TOT_COST_PER_AREA_USD
SEN,Senegal,Com,67482.0,1711312503.0,1850912292.0,3035976551.0,0.0,0.0,13181471.0,6598201313.0,195.333140689369,500.5663869381498
SEN,Senegal,Ind,14966.0,626865213.0,467648184.0,693709020.0,0.0,0.0,4258289.0,1788222416.0,284.5308699719364,419.93918590307044
SEN,Senegal,Res,1769817.0,6419960793.0,15808529449.0,25873948541.0,1911228.0,16703282.0,151540225.0,48102438768.0,85.62479906114586,317.42356702981004
