ID_0,NAME_0,OCCUPANCY,MACRO_TAXONOMY,TAXONOMY,SETTLEMENT,BUILDINGS,BLDG_REPL_COST_USD,COST_CONTENTS_USD,OCCUPANTS_TOTAL,TOTAL_AREA_SQM,TOTAL_REPL_COST_USD,CARBON_BUILDINGS_TON,DWELLINGS,AVG_BUILDING_AREA_SQM,AVG_BLDG_COST_PER_AREA_USD
ITA,Italy,IND,CR+,CR+PC/LFM/CDH+ERH/H:1/IND,URBAN,14.0,15099919.0,5033306.0,0.0,15908.0,20133226.0,6412.0,0.0,1136.0,949.0
ITA,Italy,IND,CR+,CR+PC/LFM/CDH+ERH/H:1/IND,RURAL,25.0,48256967.0,16085657.0,0.0,50840.0,64342623.0,20490.0,0.0,2034.0,949.0
ITA,Italy,IND,CR+,CR+PC/LFM/CDH+ERH/H:2/IND,RURAL,1.0,1838199.0,612733.0,0.0,1937.0,2450931.0,781.0,0.0,1937.0,949.0
ITA,Italy,IND,CR-,CR+PC/LFM/CDH+ERL/H:1/IND,BIG_CITY,1.0,445473.0,148491.0,0.0,469.0,593964.0,189.0,0.0,469.0,950.0
ITA,Italy,IND,CR-,CR+PC/LFM/CDH+ERL/H:1/IND,RURAL,82.0,75386122.0,25128711.0,0.0,79421.0,100514830.0,32009.0,0.0,969.0,949.0
ITA,Italy,IND,CR-,CR+PC/LFM/CDH+ERL/H:1/IND,URBAN,39.0,48344582.0,16114863.0,0.0,50932.0,64459443.0,20527.0,0.0,1306.0,949.0
ITA,Italy,IND,CR-,CR+PC/LFM/CDH+ERL/H:2/IND,URBAN,25.0,84898477.0,28299493.0,0.0,89442.0,113197971.0,36090.0,0.0,3578.0,949.0
ITA,Italy,IND,CR-,CR+PC/LFM/CDH+ERL/H:2/IND,RURAL,12.0,77245627.0,25748542.0,0.0,81380.0,102994169.0,32837.0,0.0,6782.0,949.0
ITA,Italy,IND,CR-,CR+PC/LFM/CDH+ERL/H:2/IND,BIG_CITY,2.0,7776269.0,2592089.0,0.0,8192.0,10368358.0,3306.0,0.0,4096.0,949.0
ITA,Italy,IND,CR-,CR+PC/LFM/CDH+ERL/H:>2/IND,URBAN,1.0,615415.0,205138.0,0.0,648.0,820553.0,262.0,0.0,648.0,950.0
ITA,Italy,IND,CR+,CR+PC/LFM/CDH+ERM/H:1/IND,URBAN,450.0,789300988.0,263100320.0,0.0,831543.0,1052401300.0,335142.0,0.0,1848.0,949.0
ITA,Italy,IND,CR+,CR+PC/LFM/CDH+ERM/H:1/IND,RURAL,698.0,924667494.0,308222497.0,0.0,974155.0,1232889995.0,392620.0,0.0,1396.0,949.0
ITA,Italy,IND,CR+,CR+PC/LFM/CDH+ERM/H:1/IND,BIG_CITY,3.0,1040272.0,346758.0,0.0,1096.0,1387030.0,442.0,0.0,365.0,949.0
ITA,Italy,IND,CR+,CR+PC/LFM/CDH+ERM/H:2/IND,URBAN,134.0,559485876.0,186495286.0,0.0,589429.0,745981170.0,237836.0,0.0,4399.0,949.0
ITA,Italy,IND,CR+,CR+PC/LFM/CDH+ERM/H:2/IND,RURAL,102.0,463578841.0,154526280.0,0.0,488389.0,618105120.0,197066.0,0.0,4788.0,949.0
ITA,Italy,IND,CR+,CR+PC/LFM/CDH+ERM/H:2/IND,BIG_CITY,4.0,3583865.0,1194622.0,0.0,3776.0,4778486.0,1523.0,0.0,944.0,949.0
ITA,Italy,IND,CR-,CR+PC/LFM/CDN+ERL/H:1/IND,BIG_CITY,1691.0,2069122182.0,689707402.0,0.0,2179859.0,2758829578.0,878560.0,0.0,1289.0,949.0
ITA,Italy,IND,CR-,CR+PC/LFM/CDN+ERL/H:1/IND,URBAN,55422.0,88262448639.0,29420816162.0,0.0,92986145.0,117683264885.0,37476698.0,0.0,1678.0,949.0
ITA,Italy,IND,CR-,CR+PC/LFM/CDN+ERL/H:1/IND,RURAL,60349.0,99336305775.0,33112101917.0,0.0,104652661.0,132448407616.0,42178729.0,0.0,1734.0,949.0
ITA,Italy,IND,CR-,CR+PC/LFM/CDN+ERL/H:2/IND,BIG_CITY,4929.0,20118399889.0,6706133305.0,0.0,21195112.0,26824533196.0,8552252.0,0.0,4300.0,949.0
ITA,Italy,IND,CR-,CR+PC/LFM/CDN+ERL/H:2/IND,RURAL,29685.0,149351163142.0,49783720986.0,0.0,157344251.0,199134884158.0,63488600.0,0.0,5300.0,949.0
ITA,Italy,IND,CR-,CR+PC/LFM/CDN+ERL/H:2/IND,URBAN,62401.0,285123375287.0,95041125072.0,0.0,300382823.0,380164500296.0,121204826.0,0.0,4814.0,949.0
ITA,Italy,IND,CR-,CR+PC/LFM/CDN+ERL/H:>2/IND,RURAL,575.0,3859686748.0,1286562255.0,0.0,4066252.0,5146248989.0,1642634.0,0.0,7072.0,949.0
ITA,Italy,IND,CR-,CR+PC/LFM/CDN+ERL/H:>2/IND,BIG_CITY,733.0,3006483228.0,1002161081.0,0.0,3167386.0,4008644301.0,1279522.0,0.0,4321.0,949.0
ITA,Italy,IND,CR-,CR+PC/LFM/CDN+ERL/H:>2/IND,URBAN,1825.0,8889082776.0,2963027590.0,0.0,9364815.0,11852110386.0,3783082.0,0.0,5131.0,949.0
ITA,Italy,RES,CR+,CR/LDUAL/CDH+ERH+LFC:16.0/H:2/RES,RURAL,80.0,17284677.0,3050236.0,179.0,13489.0,20334913.0,4628.0,134.0,169.0,1281.0
ITA,Italy,RES,CR+,CR/LDUAL/CDH+ERH+LFC:16.0/H:2/RES,URBAN,10.0,4354833.0,768500.0,46.0,3059.0,5123333.0,1049.0,29.0,306.0,1424.0
ITA,Italy,RES,CR+,CR/LDUAL/CDH+ERH+LFC:16.0/H:3/RES,URBAN,34.0,20299521.0,3582268.0,183.0,14257.0,23881790.0,4896.0,114.0,419.0,1424.0
ITA,Italy,RES,CR+,CR/LDUAL/CDH+ERH+LFC:16.0/H:3/RES,RURAL,51.0,13414757.0,2367312.0,127.0,10469.0,15782067.0,3595.0,90.0,205.0,1281.0
ITA,Italy,RES,CR+,CR/LDUAL/CDH+ERH+LFC:16.0/H:4/RES,URBAN,13.0,21857471.0,3857201.0,246.0,15352.0,25714672.0,5277.0,150.0,1181.0,1424.0
ITA,Italy,RES,CR+,CR/LDUAL/CDH+ERH+LFC:16.0/H:5/RES,URBAN,11.0,20045668.0,3537471.0,200.0,14079.0,23583139.0,4844.0,121.0,1280.0,1424.0
ITA,Italy,RES,CR+,CR/LDUAL/CDH+ERH+LFC:16.0/H:6/RES,URBAN,5.0,12027401.0,2122482.0,100.0,8447.0,14149883.0,2909.0,61.0,1689.0,1424.0
ITA,Italy,RES,CR+,CR/LDUAL/CDH+ERH+LFC:17.0/H:2/RES,URBAN,242.0,71518715.0,12620949.0,634.0,50231.0,84139665.0,17235.0,445.0,208.0,1424.0
ITA,Italy,RES,CR+,CR/LDUAL/CDH+ERH+LFC:17.0/H:2/RES,RURAL,729.0,148338779.0,26177433.0,1401.0,115761.0,174516219.0,39720.0,1039.0,159.0,1281.0
ITA,Italy,RES,CR+,CR/LDUAL/CDH+ERH+LFC:17.0/H:3/RES,URBAN,354.0,189807598.0,33495459.0,1505.0,133311.0,223303058.0,45782.0,1148.0,377.0,1424.0
ITA,Italy,RES,CR+,CR/LDUAL/CDH+ERH+LFC:17.0/H:3/RES,RURAL,1366.0,346766997.0,61194173.0,3192.0,270612.0,407961173.0,92935.0,2398.0,198.0,1281.0
ITA,Italy,RES,CR+,CR/LDUAL/CDH+ERH+LFC:17.0/H:4/RES,URBAN,75.0,83315039.0,14702654.0,659.0,58516.0,98017694.0,20114.0,602.0,780.0,1424.0
ITA,Italy,RES,CR+,CR/LDUAL/CDH+ERH+LFC:17.0/H:5/RES,URBAN,53.0,66959813.0,11816439.0,438.0,47029.0,78776251.0,16180.0,369.0,887.0,1424.0
ITA,Italy,RES,CR+,CR/LDUAL/CDH+ERH+LFC:17.0/H:6/RES,URBAN,5.0,10221997.0,1803882.0,52.0,7179.0,12025879.0,2472.0,52.0,1436.0,1424.0
ITA,Italy,RES,CR+,CR/LDUAL/CDH+ERH+LFC:17.0/H:>4/RES,RURAL,231.0,117992627.0,20822227.0,1333.0,92080.0,138814858.0,31679.0,993.0,399.0,1281.0
ITA,Italy,RES,CR+,CR/LDUAL/CDH+ERH+LFC:18.0/H:2/RES,RURAL,1340.0,253892834.0,44804619.0,2532.0,198134.0,298697446.0,67984.0,1742.0,148.0,1281.0
ITA,Italy,RES,CR+,CR/LDUAL/CDH+ERH+LFC:18.0/H:2/RES,URBAN,452.0,112561986.0,19863882.0,1089.0,79057.0,132425863.0,27126.0,664.0,175.0,1424.0
ITA,Italy,RES,CR+,CR/LDUAL/CDH+ERH+LFC:18.0/H:3/RES,RURAL,1411.0,392100259.0,69194164.0,3911.0,305989.0,461294422.0,105085.0,2571.0,217.0,1281.0
ITA,Italy,RES,CR+,CR/LDUAL/CDH+ERH+LFC:18.0/H:3/RES,URBAN,653.0,220758923.0,38957457.0,2288.0,155049.0,259716379.0,53248.0,1436.0,237.0,1424.0
ITA,Italy,RES,CR+,CR/LDUAL/CDH+ERH+LFC:18.0/H:4/RES,URBAN,262.0,330626417.0,58345839.0,3534.0,232214.0,388972256.0,79820.0,2292.0,886.0,1424.0
ITA,Italy,RES,CR+,CR/LDUAL/CDH+ERH+LFC:18.0/H:5/RES,URBAN,138.0,238921355.0,42162593.0,2041.0,167805.0,281083948.0,57732.0,1335.0,1216.0,1424.0
ITA,Italy,RES,CR+,CR/LDUAL/CDH+ERH+LFC:18.0/H:6/RES,URBAN,53.0,67626068.0,11934012.0,473.0,47497.0,79560080.0,16355.0,302.0,896.0,1424.0
ITA,Italy,RES,CR+,CR/LDUAL/CDH+ERH+LFC:18.0/H:>4/RES,RURAL,390.0,213602120.0,37694490.0,2275.0,166692.0,251296611.0,57349.0,1454.0,427.0,1281.0
ITA,Italy,RES,CR+,CR/LDUAL/CDH+ERH+LFC:18.0/H:>6/RES,URBAN,14.0,23334784.0,4117903.0,140.0,16389.0,27452688.0,5649.0,91.0,1171.0,1424.0
ITA,Italy,RES,CR+,CR/LDUAL/CDH+ERH+LFC:19.0/H:2/RES,RURAL,765.0,168783231.0,29785275.0,1686.0,131716.0,198568508.0,45194.0,1079.0,172.0,1281.0
ITA,Italy,RES,CR+,CR/LDUAL/CDH+ERH+LFC:19.0/H:2/RES,URBAN,653.0,159256680.0,28104121.0,1661.0,111853.0,187360802.0,38379.0,992.0,171.0,1424.0
ITA,Italy,RES,CR+,CR/LDUAL/CDH+ERH+LFC:19.0/H:3/RES,RURAL,1007.0,345705358.0,61006823.0,3440.0,269783.0,406712184.0,92651.0,2239.0,268.0,1281.0
ITA,Italy,RES,CR+,CR/LDUAL/CDH+ERH+LFC:19.0/H:3/RES,URBAN,1130.0,409712715.0,72302244.0,3986.0,287760.0,482014958.0,98824.0,2420.0,255.0,1424.0
ITA,Italy,RES,CR+,CR/LDUAL/CDH+ERH+LFC:19.0/H:4/RES,URBAN,281.0,338519777.0,59738784.0,3631.0,237758.0,398258562.0,81725.0,2230.0,846.0,1424.0
ITA,Italy,RES,CR+,CR/LDUAL/CDH+ERH+LFC:19.0/H:5/RES,URBAN,169.0,257442825.0,45431087.0,2247.0,180814.0,302873912.0,62207.0,1368.0,1070.0,1424.0
ITA,Italy,RES,CR+,CR/LDUAL/CDH+ERH+LFC:19.0/H:6/RES,URBAN,153.0,296120995.0,52256646.0,2071.0,207979.0,348377643.0,71617.0,1287.0,1359.0,1424.0
ITA,Italy,RES,CR+,CR/LDUAL/CDH+ERH+LFC:19.0/H:>4/RES,RURAL,353.0,147448711.0,26020361.0,1398.0,115067.0,173469071.0,39588.0,984.0,326.0,1281.0
ITA,Italy,RES,CR+,CR/LDUAL/CDH+ERH+LFC:19.0/H:>6/RES,URBAN,276.0,680109792.0,120019375.0,4076.0,477672.0,800129167.0,164633.0,2552.0,1731.0,1424.0
ITA,Italy,RES,CR+,CR/LDUAL/CDH+ERM+LFC:10.0/H:2/RES,BIG_CITY,150.0,95772540.0,16901037.0,858.0,51743.0,112673577.0,17754.0,441.0,345.0,1851.0
ITA,Italy,RES,CR+,CR/LDUAL/CDH+ERM+LFC:10.0/H:2/RES,RURAL,1415.0,398659253.0,70351637.0,4547.0,311107.0,469010894.0,106747.0,2907.0,220.0,1281.0
ITA,Italy,RES,CR+,CR/LDUAL/CDH+ERM+LFC:10.0/H:2/RES,URBAN,3662.0,1092923956.0,192868931.0,12449.0,767611.0,1285792886.0,263382.0,7132.0,210.0,1424.0
ITA,Italy,RES,CR+,CR/LDUAL/CDH+ERM+LFC:10.0/H:3/RES,BIG_CITY,114.0,79125565.0,13963335.0,832.0,42749.0,93088900.0,14681.0,428.0,375.0,1851.0
ITA,Italy,RES,CR+,CR/LDUAL/CDH+ERM+LFC:10.0/H:3/RES,RURAL,1826.0,692582278.0,122220404.0,8363.0,540480.0,814802680.0,185616.0,5453.0,296.0,1281.0
ITA,Italy,RES,CR+,CR/LDUAL/CDH+ERM+LFC:10.0/H:3/RES,URBAN,3301.0,1797338650.0,317177407.0,22936.0,1262353.0,2114516060.0,433526.0,13022.0,382.0,1424.0
ITA,Italy,RES,CR+,CR/LDUAL/CDH+ERM+LFC:10.0/H:4/RES,URBAN,1180.0,1782803405.0,314612367.0,24748.0,1252145.0,2097415773.0,430404.0,14282.0,1061.0,1424.0
ITA,Italy,RES,CR+,CR/LDUAL/CDH+ERM+LFC:10.0/H:5/RES,URBAN,473.0,874097048.0,154252423.0,9058.0,613918.0,1028349469.0,211213.0,5450.0,1298.0,1424.0
ITA,Italy,RES,CR+,CR/LDUAL/CDH+ERM+LFC:10.0/H:6/RES,URBAN,234.0,565811458.0,99849081.0,4258.0,397395.0,665660541.0,136843.0,2669.0,1698.0,1424.0
ITA,Italy,RES,CR+,CR/LDUAL/CDH+ERM+LFC:10.0/H:>4/RES,BIG_CITY,105.0,505983595.0,89291223.0,6148.0,273366.0,595274818.0,94049.0,3161.0,2603.0,1851.0
ITA,Italy,RES,CR+,CR/LDUAL/CDH+ERM+LFC:10.0/H:>4/RES,RURAL,763.0,470688437.0,83062662.0,6769.0,367318.0,553751103.0,126373.0,4158.0,481.0,1281.0
ITA,Italy,RES,CR+,CR/LDUAL/CDH+ERM+LFC:10.0/H:>6/RES,URBAN,203.0,615573735.0,108630660.0,4098.0,432346.0,724204397.0,149010.0,2591.0,2130.0,1424.0
ITA,Italy,RES,CR+,CR/LDUAL/CDH+ERM+LFC:11.0/H:2/RES,BIG_CITY,2670.0,938411372.0,165602007.0,9767.0,506992.0,1104013379.0,173958.0,5889.0,190.0,1851.0
ITA,Italy,RES,CR+,CR/LDUAL/CDH+ERM+LFC:11.0/H:2/RES,RURAL,1815.0,364050001.0,64244124.0,4024.0,284099.0,428294116.0,97480.0,2755.0,157.0,1281.0
ITA,Italy,RES,CR+,CR/LDUAL/CDH+ERM+LFC:11.0/H:2/RES,URBAN,2091.0,657775542.0,116078028.0,7570.0,461986.0,773853582.0,158516.0,4302.0,221.0,1424.0
ITA,Italy,RES,CR+,CR/LDUAL/CDH+ERM+LFC:11.0/H:3/RES,URBAN,2679.0,1560000313.0,275294172.0,18900.0,1095660.0,1835294489.0,376279.0,11155.0,409.0,1424.0
ITA,Italy,RES,CR+,CR/LDUAL/CDH+ERM+LFC:11.0/H:3/RES,BIG_CITY,1153.0,1409453682.0,248727120.0,14664.0,761480.0,1658180803.0,261512.0,8843.0,660.0,1851.0
ITA,Italy,RES,CR+,CR/LDUAL/CDH+ERM+LFC:11.0/H:3/RES,RURAL,1825.0,608518884.0,107385684.0,6917.0,474879.0,715904567.0,163086.0,4712.0,260.0,1281.0
ITA,Italy,RES,CR+,CR/LDUAL/CDH+ERM+LFC:11.0/H:4/RES,URBAN,1410.0,2140049258.0,377655750.0,27505.0,1503055.0,2517705010.0,516651.0,16272.0,1066.0,1424.0
ITA,Italy,RES,CR+,CR/LDUAL/CDH+ERM+LFC:11.0/H:5/RES,URBAN,492.0,866272484.0,152871614.0,9550.0,608423.0,1019144097.0,209323.0,5539.0,1237.0,1424.0
ITA,Italy,RES,CR+,CR/LDUAL/CDH+ERM+LFC:11.0/H:6/RES,URBAN,176.0,487701378.0,86064950.0,4506.0,342535.0,573766328.0,117951.0,2557.0,1946.0,1424.0
ITA,Italy,RES,CR+,CR/LDUAL/CDH+ERM+LFC:11.0/H:>4/RES,RURAL,699.0,366491314.0,64674936.0,4046.0,286004.0,431166255.0,98397.0,2900.0,409.0,1281.0
ITA,Italy,RES,CR+,CR/LDUAL/CDH+ERM+LFC:11.0/H:>4/RES,BIG_CITY,898.0,1842130713.0,325081891.0,19424.0,995241.0,2167212603.0,342404.0,11813.0,1108.0,1851.0
ITA,Italy,RES,CR+,CR/LDUAL/CDH+ERM+LFC:11.0/H:>6/RES,URBAN,195.0,650647495.0,114820146.0,5270.0,456980.0,765467643.0,157501.0,2888.0,2343.0,1424.0
ITA,Italy,RES,CR+,CR/LDUAL/CDH+ERM+LFC:12.0/H:2/RES,URBAN,2915.0,878347763.0,155002543.0,10399.0,616904.0,1033350309.0,211672.0,6340.0,212.0,1424.0
ITA,Italy,RES,CR+,CR/LDUAL/CDH+ERM+LFC:12.0/H:2/RES,RURAL,1675.0,493187178.0,87033035.0,6027.0,384876.0,580220216.0,132059.0,3745.0,230.0,1281.0
ITA,Italy,RES,CR+,CR/LDUAL/CDH+ERM+LFC:12.0/H:3/RES,URBAN,4878.0,2401352813.0,423768145.0,29806.0,1686580.0,2825120954.0,579216.0,17499.0,346.0,1424.0
ITA,Italy,RES,CR+,CR/LDUAL/CDH+ERM+LFC:12.0/H:3/RES,RURAL,2892.0,1195664203.0,210999563.0,14681.0,933078.0,1406663768.0,320444.0,9550.0,323.0,1281.0
ITA,Italy,RES,CR+,CR/LDUAL/CDH+ERM+LFC:12.0/H:4/RES,URBAN,2093.0,2317569412.0,408982838.0,30120.0,1627735.0,2726552249.0,559508.0,17753.0,778.0,1424.0
ITA,Italy,RES,CR+,CR/LDUAL/CDH+ERM+LFC:12.0/H:5/RES,URBAN,663.0,980003158.0,172941737.0,10683.0,688301.0,1152944890.0,236804.0,6322.0,1038.0,1424.0
ITA,Italy,RES,CR+,CR/LDUAL/CDH+ERM+LFC:12.0/H:6/RES,URBAN,251.0,466666574.0,82352923.0,4278.0,327761.0,549019500.0,112864.0,2496.0,1306.0,1424.0
ITA,Italy,RES,CR+,CR/LDUAL/CDH+ERM+LFC:12.0/H:>4/RES,URBAN,30.0,27126629.0,4787052.0,368.0,19052.0,31913681.0,6555.0,217.0,635.0,1424.0
ITA,Italy,RES,CR+,CR/LDUAL/CDH+ERM+LFC:12.0/H:>4/RES,RURAL,1085.0,732806489.0,129318791.0,9618.0,571871.0,862125282.0,196747.0,6310.0,527.0,1281.0
ITA,Italy,RES,CR+,CR/LDUAL/CDH+ERM+LFC:12.0/H:>6/RES,URBAN,158.0,485667395.0,85706011.0,3897.0,341106.0,571373407.0,117564.0,2152.0,2159.0,1424.0
ITA,Italy,RES,CR+,CR/LDUAL/CDH+ERM+LFC:13.0/H:2/RES,URBAN,1188.0,331828680.0,58558002.0,3645.0,233058.0,390386687.0,79967.0,2159.0,196.0,1424.0
ITA,Italy,RES,CR+,CR/LDUAL/CDH+ERM+LFC:13.0/H:2/RES,RURAL,1279.0,344834343.0,60853124.0,3496.0,269103.0,405687468.0,92335.0,2370.0,210.0,1281.0
ITA,Italy,RES,CR+,CR/LDUAL/CDH+ERM+LFC:13.0/H:3/RES,URBAN,1154.0,592812257.0,104613929.0,7108.0,416359.0,697426191.0,142989.0,4396.0,361.0,1424.0
ITA,Italy,RES,CR+,CR/LDUAL/CDH+ERM+LFC:13.0/H:3/RES,RURAL,1790.0,632389479.0,111598146.0,6863.0,493507.0,743987618.0,169484.0,4630.0,276.0,1281.0
ITA,Italy,RES,CR+,CR/LDUAL/CDH+ERM+LFC:13.0/H:4/RES,URBAN,349.0,366486921.0,64674163.0,4562.0,257401.0,431161087.0,88477.0,2869.0,738.0,1424.0
ITA,Italy,RES,CR+,CR/LDUAL/CDH+ERM+LFC:13.0/H:5/RES,URBAN,208.0,334179159.0,58972794.0,3394.0,234709.0,393151950.0,80750.0,2038.0,1128.0,1424.0
ITA,Italy,RES,CR+,CR/LDUAL/CDH+ERM+LFC:13.0/H:6/RES,URBAN,48.0,91628024.0,16169650.0,809.0,64355.0,107797674.0,22160.0,481.0,1341.0,1424.0
ITA,Italy,RES,CR+,CR/LDUAL/CDH+ERM+LFC:13.0/H:>4/RES,RURAL,522.0,361961720.0,63875598.0,3946.0,282469.0,425837314.0,97181.0,2715.0,541.0,1281.0
ITA,Italy,RES,CR+,CR/LDUAL/CDH+ERM+LFC:13.0/H:>4/RES,URBAN,5.0,3394071.0,598954.0,33.0,2384.0,3993025.0,820.0,22.0,477.0,1424.0
ITA,Italy,RES,CR+,CR/LDUAL/CDH+ERM+LFC:13.0/H:>6/RES,URBAN,43.0,108944398.0,19225482.0,821.0,76517.0,128169880.0,26372.0,489.0,1779.0,1424.0
ITA,Italy,RES,CR+,CR/LDUAL/CDH+ERM+LFC:14.0/H:2/RES,RURAL,1188.0,246492060.0,43498600.0,2666.0,192359.0,289990657.0,66002.0,1807.0,162.0,1281.0
ITA,Italy,RES,CR+,CR/LDUAL/CDH+ERM+LFC:14.0/H:2/RES,URBAN,2048.0,515590555.0,90986569.0,5462.0,362123.0,606577120.0,124251.0,3282.0,177.0,1424.0
ITA,Italy,RES,CR+,CR/LDUAL/CDH+ERM+LFC:14.0/H:3/RES,RURAL,1380.0,388945710.0,68637481.0,4026.0,303527.0,457583183.0,104239.0,2817.0,220.0,1281.0
ITA,Italy,RES,CR+,CR/LDUAL/CDH+ERM+LFC:14.0/H:3/RES,URBAN,1971.0,902404696.0,159247886.0,10311.0,633800.0,1061652584.0,217664.0,6331.0,322.0,1424.0
ITA,Italy,RES,CR+,CR/LDUAL/CDH+ERM+LFC:14.0/H:4/RES,URBAN,478.0,517725868.0,91363388.0,6350.0,363623.0,609089254.0,124989.0,3836.0,761.0,1424.0
ITA,Italy,RES,CR+,CR/LDUAL/CDH+ERM+LFC:14.0/H:5/RES,URBAN,201.0,285946102.0,50461078.0,2897.0,200833.0,336407181.0,69095.0,1701.0,999.0,1424.0
ITA,Italy,RES,CR+,CR/LDUAL/CDH+ERM+LFC:14.0/H:6/RES,URBAN,151.0,269230455.0,47511255.0,2271.0,189093.0,316741712.0,65114.0,1325.0,1252.0,1424.0
ITA,Italy,RES,CR+,CR/LDUAL/CDH+ERM+LFC:14.0/H:>4/RES,RURAL,314.0,185441463.0,32724963.0,2277.0,144716.0,218166431.0,49788.0,1484.0,461.0,1281.0
ITA,Italy,RES,CR+,CR/LDUAL/CDH+ERM+LFC:14.0/H:>6/RES,URBAN,68.0,151478022.0,26731416.0,1164.0,106390.0,178209437.0,36668.0,667.0,1565.0,1424.0
ITA,Italy,RES,CR+,CR/LDUAL/CDH+ERM+LFC:15.0/H:2/RES,RURAL,1694.0,363497042.0,64146534.0,3946.0,283667.0,427643572.0,97332.0,2515.0,167.0,1281.0
ITA,Italy,RES,CR+,CR/LDUAL/CDH+ERM+LFC:15.0/H:2/RES,URBAN,2261.0,704955174.0,124403852.0,7438.0,495122.0,829359024.0,169886.0,4435.0,219.0,1424.0
ITA,Italy,RES,CR+,CR/LDUAL/CDH+ERM+LFC:15.0/H:3/RES,RURAL,1733.0,503410031.0,88837064.0,5078.0,392853.0,592247091.0,134916.0,3479.0,227.0,1281.0
ITA,Italy,RES,CR+,CR/LDUAL/CDH+ERM+LFC:15.0/H:3/RES,URBAN,2696.0,1209749033.0,213485123.0,13610.0,849662.0,1423234158.0,291796.0,8129.0,315.0,1424.0
ITA,Italy,RES,CR+,CR/LDUAL/CDH+ERM+LFC:15.0/H:4/RES,URBAN,496.0,644846560.0,113796452.0,7476.0,452905.0,758643010.0,155679.0,4585.0,913.0,1424.0
ITA,Italy,RES,CR+,CR/LDUAL/CDH+ERM+LFC:15.0/H:5/RES,URBAN,318.0,470562978.0,83040523.0,4471.0,330498.0,553603503.0,113705.0,2656.0,1039.0,1424.0
ITA,Italy,RES,CR+,CR/LDUAL/CDH+ERM+LFC:15.0/H:6/RES,URBAN,89.0,190448468.0,33608552.0,1489.0,133761.0,224057020.0,46060.0,896.0,1503.0,1424.0
ITA,Italy,RES,CR+,CR/LDUAL/CDH+ERM+LFC:15.0/H:>4/RES,RURAL,278.0,159245214.0,28102094.0,1694.0,124272.0,187347308.0,42755.0,1105.0,447.0,1281.0
ITA,Italy,RES,CR+,CR/LDUAL/CDH+ERM+LFC:15.0/H:>6/RES,URBAN,128.0,309913626.0,54690642.0,2016.0,217667.0,364604266.0,75020.0,1220.0,1701.0,1424.0
ITA,Italy,RES,CR+,CR/LDUAL/CDH+ERM+LFC:16.0/H:2/RES,RURAL,1001.0,225521473.0,39797908.0,2341.0,175993.0,265319376.0,60387.0,1600.0,176.0,1281.0
ITA,Italy,RES,CR+,CR/LDUAL/CDH+ERM+LFC:16.0/H:2/RES,URBAN,358.0,90325666.0,15939823.0,945.0,63440.0,106265488.0,21767.0,568.0,177.0,1424.0
ITA,Italy,RES,CR+,CR/LDUAL/CDH+ERM+LFC:16.0/H:3/RES,RURAL,1277.0,404320526.0,71350678.0,3930.0,315525.0,475671208.0,108360.0,2748.0,247.0,1281.0
ITA,Italy,RES,CR+,CR/LDUAL/CDH+ERM+LFC:16.0/H:3/RES,URBAN,574.0,254841831.0,44972088.0,2632.0,178987.0,299813919.0,61469.0,1558.0,312.0,1424.0
ITA,Italy,RES,CR+,CR/LDUAL/CDH+ERM+LFC:16.0/H:4/RES,URBAN,225.0,237500455.0,41911846.0,2837.0,166807.0,279412299.0,57337.0,1736.0,741.0,1424.0
ITA,Italy,RES,CR+,CR/LDUAL/CDH+ERM+LFC:16.0/H:5/RES,URBAN,162.0,241267849.0,42576679.0,2432.0,169453.0,283844528.0,58299.0,1412.0,1046.0,1424.0
ITA,Italy,RES,CR+,CR/LDUAL/CDH+ERM+LFC:16.0/H:6/RES,URBAN,88.0,178950486.0,31579498.0,1612.0,125685.0,210529984.0,43279.0,883.0,1428.0,1424.0
ITA,Italy,RES,CR+,CR/LDUAL/CDH+ERM+LFC:16.0/H:>4/RES,RURAL,405.0,233157037.0,41145358.0,2377.0,181952.0,274302392.0,62599.0,1790.0,449.0,1281.0
ITA,Italy,RES,CR+,CR/LDUAL/CDH+ERM+LFC:16.0/H:>6/RES,URBAN,54.0,141798238.0,25023218.0,1129.0,99591.0,166821457.0,34325.0,607.0,1844.0,1424.0
ITA,Italy,RES,CR+,CR/LDUAL/CDH+ERM+LFC:17.0/H:2/RES,URBAN,490.0,98823140.0,17439378.0,1039.0,69408.0,116262517.0,23815.0,644.0,142.0,1424.0
ITA,Italy,RES,CR+,CR/LDUAL/CDH+ERM+LFC:17.0/H:2/RES,RURAL,835.0,164371981.0,29006819.0,1661.0,128273.0,193378802.0,44013.0,1194.0,154.0,1281.0
ITA,Italy,RES,CR+,CR/LDUAL/CDH+ERM+LFC:17.0/H:3/RES,RURAL,949.0,225386245.0,39774045.0,2057.0,175888.0,265160288.0,60405.0,1540.0,185.0,1281.0
ITA,Italy,RES,CR+,CR/LDUAL/CDH+ERM+LFC:17.0/H:3/RES,URBAN,1117.0,392474999.0,69260294.0,4198.0,275653.0,461735294.0,94667.0,2599.0,247.0,1424.0
ITA,Italy,RES,CR+,CR/LDUAL/CDH+ERM+LFC:17.0/H:4/RES,URBAN,197.0,208808181.0,36848503.0,2530.0,146656.0,245656682.0,50410.0,1588.0,744.0,1424.0
ITA,Italy,RES,CR+,CR/LDUAL/CDH+ERM+LFC:17.0/H:5/RES,URBAN,111.0,154388389.0,27245010.0,1509.0,108434.0,181633397.0,37306.0,947.0,977.0,1424.0
ITA,Italy,RES,CR+,CR/LDUAL/CDH+ERM+LFC:17.0/H:6/RES,URBAN,60.0,95095386.0,16781538.0,782.0,66790.0,111876925.0,22999.0,498.0,1113.0,1424.0
ITA,Italy,RES,CR+,CR/LDUAL/CDH+ERM+LFC:17.0/H:>4/RES,RURAL,175.0,84481694.0,14908535.0,924.0,65928.0,99390232.0,22682.0,612.0,377.0,1281.0
ITA,Italy,RES,CR+,CR/LDUAL/CDH+ERM+LFC:17.0/H:>6/RES,URBAN,183.0,317180532.0,55973035.0,2277.0,222770.0,373153567.0,76779.0,1459.0,1217.0,1424.0
ITA,Italy,RES,CR+,CR/LDUAL/CDH+ERM+LFC:18.0/H:2/RES,URBAN,88.0,39523385.0,6974715.0,497.0,27759.0,46498100.0,9525.0,275.0,315.0,1424.0
ITA,Italy,RES,CR+,CR/LDUAL/CDH+ERM+LFC:18.0/H:2/RES,RURAL,83.0,14892264.0,2628045.0,143.0,11622.0,17520310.0,3988.0,107.0,140.0,1281.0
ITA,Italy,RES,CR+,CR/LDUAL/CDH+ERM+LFC:18.0/H:3/RES,RURAL,38.0,9014206.0,1590742.0,110.0,7035.0,10604950.0,2416.0,64.0,185.0,1281.0
ITA,Italy,RES,CR+,CR/LDUAL/CDH+ERM+LFC:18.0/H:3/RES,URBAN,17.0,12475448.0,2201550.0,130.0,8762.0,14676998.0,3009.0,72.0,515.0,1424.0
ITA,Italy,RES,CR+,CR/LDUAL/CDH+ERM+LFC:18.0/H:4/RES,URBAN,17.0,9449626.0,1667581.0,151.0,6637.0,11117207.0,2281.0,83.0,390.0,1424.0
ITA,Italy,RES,CR+,CR/LDUAL/CDH+ERM+LFC:2.0/H:2/RES,RURAL,755.0,255572332.0,45100998.0,2661.0,199445.0,300673337.0,68433.0,1791.0,264.0,1281.0
ITA,Italy,RES,CR+,CR/LDUAL/CDH+ERM+LFC:2.0/H:2/RES,URBAN,756.0,208564361.0,36805476.0,2041.0,146484.0,245369836.0,50262.0,1315.0,194.0,1424.0
ITA,Italy,RES,CR+,CR/LDUAL/CDH+ERM+LFC:2.0/H:3/RES,RURAL,645.0,387721028.0,68421357.0,4803.0,302571.0,456142385.0,103911.0,3153.0,469.0,1281.0
ITA,Italy,RES,CR+,CR/LDUAL/CDH+ERM+LFC:2.0/H:3/RES,URBAN,657.0,373265403.0,65870363.0,4256.0,262161.0,439135769.0,90033.0,2711.0,399.0,1424.0
ITA,Italy,RES,CR+,CR/LDUAL/CDH+ERM+LFC:2.0/H:4/RES,URBAN,260.0,317930452.0,56105375.0,4092.0,223297.0,374035826.0,76755.0,2648.0,859.0,1424.0
ITA,Italy,RES,CR+,CR/LDUAL/CDH+ERM+LFC:2.0/H:5/RES,URBAN,130.0,231965148.0,40935027.0,2405.0,162920.0,272900172.0,56051.0,1506.0,1253.0,1424.0
ITA,Italy,RES,CR+,CR/LDUAL/CDH+ERM+LFC:2.0/H:6/RES,URBAN,75.0,207995281.0,36705051.0,1719.0,146085.0,244700330.0,50304.0,1076.0,1948.0,1424.0
ITA,Italy,RES,CR+,CR/LDUAL/CDH+ERM+LFC:2.0/H:>4/RES,RURAL,142.0,156425459.0,27604492.0,2037.0,122072.0,184029955.0,41998.0,1390.0,860.0,1281.0
ITA,Italy,RES,CR+,CR/LDUAL/CDH+ERM+LFC:2.0/H:>6/RES,URBAN,36.0,124670391.0,22000657.0,886.0,87562.0,146671049.0,30179.0,545.0,2432.0,1424.0
ITA,Italy,RES,CR+,CR/LDUAL/CDH+ERM+LFC:3.0/H:2/RES,RURAL,3854.0,1158720847.0,204480150.0,12042.0,904248.0,1363200997.0,310266.0,8146.0,235.0,1281.0
ITA,Italy,RES,CR+,CR/LDUAL/CDH+ERM+LFC:3.0/H:2/RES,BIG_CITY,43.0,41483700.0,7320653.0,393.0,22412.0,48804353.0,7690.0,243.0,521.0,1851.0
ITA,Italy,RES,CR+,CR/LDUAL/CDH+ERM+LFC:3.0/H:2/RES,URBAN,3676.0,1069831826.0,188793850.0,11634.0,751392.0,1258625679.0,257817.0,7478.0,204.0,1424.0
ITA,Italy,RES,CR+,CR/LDUAL/CDH+ERM+LFC:3.0/H:3/RES,URBAN,3374.0,2491246128.0,439631666.0,29797.0,1749716.0,2930877793.0,600899.0,19103.0,519.0,1424.0
ITA,Italy,RES,CR+,CR/LDUAL/CDH+ERM+LFC:3.0/H:3/RES,BIG_CITY,134.0,146043231.0,25772335.0,1504.0,78902.0,171815566.0,27097.0,929.0,589.0,1851.0
ITA,Italy,RES,CR+,CR/LDUAL/CDH+ERM+LFC:3.0/H:3/RES,RURAL,4677.0,2275201988.0,401506237.0,27369.0,1775532.0,2676708222.0,609765.0,18542.0,380.0,1281.0
ITA,Italy,RES,CR+,CR/LDUAL/CDH+ERM+LFC:3.0/H:4/RES,URBAN,1165.0,1990069266.0,351188694.0,25650.0,1397717.0,2341257952.0,480443.0,16615.0,1200.0,1424.0
ITA,Italy,RES,CR+,CR/LDUAL/CDH+ERM+LFC:3.0/H:5/RES,URBAN,794.0,1767661126.0,311940195.0,18508.0,1241509.0,2079601320.0,427130.0,11951.0,1564.0,1424.0
ITA,Italy,RES,CR+,CR/LDUAL/CDH+ERM+LFC:3.0/H:6/RES,URBAN,352.0,1069809080.0,188789838.0,9042.0,751376.0,1258598921.0,258735.0,5931.0,2135.0,1424.0
ITA,Italy,RES,CR+,CR/LDUAL/CDH+ERM+LFC:3.0/H:>4/RES,BIG_CITY,732.0,3010815986.0,531320468.0,32304.0,1626642.0,3542136454.0,559632.0,19945.0,2222.0,1851.0
ITA,Italy,RES,CR+,CR/LDUAL/CDH+ERM+LFC:3.0/H:>4/RES,RURAL,881.0,884018560.0,156003279.0,11736.0,689874.0,1040021829.0,237345.0,8013.0,783.0,1281.0
ITA,Italy,RES,CR+,CR/LDUAL/CDH+ERM+LFC:3.0/H:>6/RES,URBAN,256.0,968127435.0,170846017.0,6884.0,679960.0,1138973454.0,234352.0,4505.0,2656.0,1424.0
ITA,Italy,RES,CR+,CR/LDUAL/CDH+ERM+LFC:4.0/H:2/RES,BIG_CITY,125.0,45335420.0,8000368.0,347.0,24493.0,53335788.0,8404.0,231.0,196.0,1851.0
ITA,Italy,RES,CR+,CR/LDUAL/CDH+ERM+LFC:4.0/H:2/RES,RURAL,2401.0,735781492.0,129843794.0,7955.0,574192.0,865625281.0,197017.0,5438.0,239.0,1281.0
ITA,Italy,RES,CR+,CR/LDUAL/CDH+ERM+LFC:4.0/H:2/RES,URBAN,3109.0,950401779.0,167717959.0,9679.0,667511.0,1118119736.0,229036.0,6448.0,215.0,1424.0
ITA,Italy,RES,CR+,CR/LDUAL/CDH+ERM+LFC:4.0/H:3/RES,BIG_CITY,72.0,52417607.0,9250166.0,528.0,28319.0,61667773.0,9726.0,351.0,393.0,1851.0
ITA,Italy,RES,CR+,CR/LDUAL/CDH+ERM+LFC:4.0/H:3/RES,RURAL,2891.0,1466012539.0,258708094.0,18085.0,1144053.0,1724720645.0,392899.0,12453.0,396.0,1281.0
ITA,Italy,RES,CR+,CR/LDUAL/CDH+ERM+LFC:4.0/H:3/RES,URBAN,2787.0,1942303972.0,342759529.0,21861.0,1364169.0,2285063502.0,468492.0,15080.0,489.0,1424.0
ITA,Italy,RES,CR+,CR/LDUAL/CDH+ERM+LFC:4.0/H:4/RES,URBAN,866.0,1632459903.0,288081159.0,18795.0,1146551.0,1920541062.0,394109.0,13057.0,1324.0,1424.0
ITA,Italy,RES,CR+,CR/LDUAL/CDH+ERM+LFC:4.0/H:5/RES,URBAN,535.0,1411443990.0,249078352.0,13248.0,991322.0,1660522345.0,341056.0,9215.0,1853.0,1424.0
ITA,Italy,RES,CR+,CR/LDUAL/CDH+ERM+LFC:4.0/H:6/RES,URBAN,257.0,861080250.0,151955337.0,6960.0,604776.0,1013035587.0,208254.0,4642.0,2353.0,1424.0
ITA,Italy,RES,CR+,CR/LDUAL/CDH+ERM+LFC:4.0/H:>4/RES,RURAL,1243.0,1579846728.0,278796478.0,21666.0,1232888.0,1858643204.0,424164.0,15305.0,992.0,1281.0
ITA,Italy,RES,CR+,CR/LDUAL/CDH+ERM+LFC:4.0/H:>4/RES,BIG_CITY,533.0,2231226115.0,393745785.0,21653.0,1205456.0,2624971901.0,414726.0,14397.0,2262.0,1851.0
ITA,Italy,RES,CR+,CR/LDUAL/CDH+ERM+LFC:4.0/H:>6/RES,URBAN,248.0,843148532.0,148790919.0,4980.0,592182.0,991939446.0,204099.0,3766.0,2388.0,1424.0
ITA,Italy,RES,CR+,CR/LDUAL/CDH+ERM+LFC:5.0/H:2/RES,BIG_CITY,52.0,28086437.0,4956430.0,219.0,15174.0,33042867.0,5207.0,142.0,292.0,1851.0
ITA,Italy,RES,CR+,CR/LDUAL/CDH+ERM+LFC:5.0/H:2/RES,RURAL,3237.0,873648331.0,154173236.0,9194.0,681781.0,1027821563.0,233933.0,6288.0,211.0,1281.0
ITA,Italy,RES,CR+,CR/LDUAL/CDH+ERM+LFC:5.0/H:2/RES,URBAN,2006.0,601993813.0,106234203.0,6419.0,422808.0,708228017.0,145074.0,3951.0,211.0,1424.0
ITA,Italy,RES,CR+,CR/LDUAL/CDH+ERM+LFC:5.0/H:3/RES,BIG_CITY,23.0,18789445.0,3315784.0,174.0,10151.0,22105230.0,3486.0,113.0,441.0,1851.0
ITA,Italy,RES,CR+,CR/LDUAL/CDH+ERM+LFC:5.0/H:3/RES,RURAL,2846.0,1268374182.0,223830737.0,15392.0,989819.0,1492204924.0,339931.0,10774.0,348.0,1281.0
ITA,Italy,RES,CR+,CR/LDUAL/CDH+ERM+LFC:5.0/H:3/RES,URBAN,2456.0,1370285101.0,241815022.0,16012.0,962414.0,1612100115.0,330518.0,10035.0,392.0,1424.0
ITA,Italy,RES,CR+,CR/LDUAL/CDH+ERM+LFC:5.0/H:4/RES,URBAN,863.0,1221045394.0,215478600.0,15317.0,857596.0,1436523994.0,294785.0,9605.0,994.0,1424.0
ITA,Italy,RES,CR+,CR/LDUAL/CDH+ERM+LFC:5.0/H:5/RES,URBAN,471.0,833665859.0,147117505.0,8468.0,585522.0,980783364.0,201444.0,5302.0,1243.0,1424.0
ITA,Italy,RES,CR+,CR/LDUAL/CDH+ERM+LFC:5.0/H:6/RES,URBAN,202.0,497899448.0,87864611.0,4181.0,349698.0,585764059.0,120418.0,2637.0,1731.0,1424.0
ITA,Italy,RES,CR+,CR/LDUAL/CDH+ERM+LFC:5.0/H:>4/RES,BIG_CITY,19.0,56769737.0,10018189.0,604.0,30671.0,66787925.0,10552.0,392.0,1614.0,1851.0
ITA,Italy,RES,CR+,CR/LDUAL/CDH+ERM+LFC:5.0/H:>4/RES,RURAL,685.0,516274069.0,91107189.0,6338.0,402892.0,607381261.0,138612.0,4574.0,588.0,1281.0
ITA,Italy,RES,CR+,CR/LDUAL/CDH+ERM+LFC:5.0/H:>6/RES,URBAN,174.0,474464028.0,83728947.0,3173.0,333238.0,558192974.0,114852.0,2021.0,1915.0,1424.0
ITA,Italy,RES,CR+,CR/LDUAL/CDH+ERM+LFC:6.0/H:2/RES,URBAN,1605.0,587145109.0,103613845.0,5877.0,412379.0,690758952.0,141495.0,3780.0,257.0,1424.0
ITA,Italy,RES,CR+,CR/LDUAL/CDH+ERM+LFC:6.0/H:2/RES,RURAL,1752.0,580773110.0,102489371.0,6708.0,453226.0,683262487.0,155511.0,4389.0,259.0,1281.0
ITA,Italy,RES,CR+,CR/LDUAL/CDH+ERM+LFC:6.0/H:2/RES,BIG_CITY,15.0,15480075.0,2731778.0,128.0,8363.0,18211852.0,2870.0,67.0,558.0,1851.0
ITA,Italy,RES,CR+,CR/LDUAL/CDH+ERM+LFC:6.0/H:3/RES,URBAN,1730.0,1002179712.0,176855242.0,11889.0,703877.0,1179034955.0,241730.0,7463.0,407.0,1424.0
ITA,Italy,RES,CR+,CR/LDUAL/CDH+ERM+LFC:6.0/H:3/RES,BIG_CITY,61.0,44341204.0,7824918.0,510.0,23956.0,52166122.0,8227.0,267.0,393.0,1851.0
ITA,Italy,RES,CR+,CR/LDUAL/CDH+ERM+LFC:6.0/H:3/RES,RURAL,2000.0,865673690.0,152765951.0,10919.0,675558.0,1018439644.0,232005.0,7154.0,338.0,1281.0
ITA,Italy,RES,CR+,CR/LDUAL/CDH+ERM+LFC:6.0/H:4/RES,URBAN,683.0,1051124833.0,185492618.0,12105.0,738253.0,1236617450.0,253763.0,8011.0,1081.0,1424.0
ITA,Italy,RES,CR+,CR/LDUAL/CDH+ERM+LFC:6.0/H:5/RES,URBAN,441.0,785961063.0,138699010.0,7065.0,552016.0,924660068.0,189916.0,4858.0,1252.0,1424.0
ITA,Italy,RES,CR+,CR/LDUAL/CDH+ERM+LFC:6.0/H:6/RES,URBAN,156.0,397462744.0,70140485.0,3191.0,279156.0,467603228.0,96127.0,2078.0,1789.0,1424.0
ITA,Italy,RES,CR+,CR/LDUAL/CDH+ERM+LFC:6.0/H:>4/RES,BIG_CITY,121.0,316226667.0,55804706.0,3571.0,170847.0,372031373.0,58778.0,1873.0,1412.0,1851.0
ITA,Italy,RES,CR+,CR/LDUAL/CDH+ERM+LFC:6.0/H:>4/RES,RURAL,532.0,363671033.0,64177246.0,4594.0,283803.0,427848272.0,97640.0,3097.0,533.0,1281.0
ITA,Italy,RES,CR+,CR/LDUAL/CDH+ERM+LFC:6.0/H:>6/RES,URBAN,80.0,318023409.0,56121778.0,2159.0,223362.0,374145189.0,76983.0,1396.0,2792.0,1424.0
ITA,Italy,RES,CR+,CR/LDUAL/CDH+ERM+LFC:7.0/H:2/RES,RURAL,1913.0,569129064.0,100434539.0,6830.0,444139.0,669563599.0,152393.0,4354.0,232.0,1281.0
ITA,Italy,RES,CR+,CR/LDUAL/CDH+ERM+LFC:7.0/H:2/RES,URBAN,2150.0,660814318.0,116614291.0,7419.0,464120.0,777428609.0,159249.0,4494.0,216.0,1424.0
ITA,Italy,RES,CR+,CR/LDUAL/CDH+ERM+LFC:7.0/H:3/RES,RURAL,1990.0,912612041.0,161049185.0,11284.0,712188.0,1073661225.0,244585.0,7450.0,358.0,1281.0
ITA,Italy,RES,CR+,CR/LDUAL/CDH+ERM+LFC:7.0/H:3/RES,URBAN,2395.0,1354821824.0,239086203.0,16653.0,951553.0,1593908029.0,326789.0,10196.0,397.0,1424.0
ITA,Italy,RES,CR+,CR/LDUAL/CDH+ERM+LFC:7.0/H:4/RES,URBAN,600.0,937948329.0,165520295.0,11919.0,658764.0,1103468624.0,226440.0,7335.0,1098.0,1424.0
ITA,Italy,RES,CR+,CR/LDUAL/CDH+ERM+LFC:7.0/H:5/RES,URBAN,389.0,721163286.0,127264109.0,7044.0,506506.0,848427394.0,174259.0,4429.0,1302.0,1424.0
ITA,Italy,RES,CR+,CR/LDUAL/CDH+ERM+LFC:7.0/H:6/RES,URBAN,167.0,422486643.0,74556466.0,3452.0,296732.0,497043112.0,102179.0,2164.0,1777.0,1424.0
ITA,Italy,RES,CR+,CR/LDUAL/CDH+ERM+LFC:7.0/H:>4/RES,RURAL,504.0,395430863.0,69781915.0,5129.0,308588.0,465212783.0,106167.0,3490.0,612.0,1281.0
ITA,Italy,RES,CR+,CR/LDUAL/CDH+ERM+LFC:7.0/H:>6/RES,URBAN,105.0,340321953.0,60056816.0,2469.0,239024.0,400378768.0,82381.0,1554.0,2276.0,1424.0
ITA,Italy,RES,CR+,CR/LDUAL/CDH+ERM+LFC:8.0/H:2/RES,RURAL,2456.0,757648635.0,133702704.0,8885.0,591257.0,891351342.0,202872.0,5871.0,241.0,1281.0
ITA,Italy,RES,CR+,CR/LDUAL/CDH+ERM+LFC:8.0/H:2/RES,URBAN,3271.0,1036999860.0,182999977.0,11484.0,728333.0,1219999832.0,249905.0,6844.0,223.0,1424.0
ITA,Italy,RES,CR+,CR/LDUAL/CDH+ERM+LFC:8.0/H:2/RES,BIG_CITY,1705.0,1086436208.0,191724037.0,10055.0,586965.0,1278160245.0,201399.0,6034.0,344.0,1851.0
ITA,Italy,RES,CR+,CR/LDUAL/CDH+ERM+LFC:8.0/H:3/RES,BIG_CITY,1657.0,1424578917.0,251396279.0,14702.0,769652.0,1675975196.0,264319.0,8821.0,464.0,1851.0
ITA,Italy,RES,CR+,CR/LDUAL/CDH+ERM+LFC:8.0/H:3/RES,RURAL,2438.0,1003983514.0,177173558.0,12509.0,783493.0,1181157084.0,269073.0,8136.0,321.0,1281.0
ITA,Italy,RES,CR+,CR/LDUAL/CDH+ERM+LFC:8.0/H:3/RES,URBAN,4171.0,1914702384.0,337888654.0,22768.0,1344783.0,2252591042.0,461834.0,13771.0,322.0,1424.0
ITA,Italy,RES,CR+,CR/LDUAL/CDH+ERM+LFC:8.0/H:4/RES,URBAN,1109.0,1194208580.0,210742687.0,16226.0,838747.0,1404951270.0,288306.0,10123.0,756.0,1424.0
ITA,Italy,RES,CR+,CR/LDUAL/CDH+ERM+LFC:8.0/H:5/RES,URBAN,575.0,790781390.0,139549656.0,8618.0,555402.0,930331046.0,191081.0,5233.0,966.0,1424.0
ITA,Italy,RES,CR+,CR/LDUAL/CDH+ERM+LFC:8.0/H:6/RES,URBAN,223.0,380201841.0,67094442.0,3587.0,267033.0,447296283.0,91953.0,2107.0,1197.0,1424.0
ITA,Italy,RES,CR+,CR/LDUAL/CDH+ERM+LFC:8.0/H:>4/RES,BIG_CITY,1262.0,4214694068.0,743769542.0,51672.0,2277056.0,4958463610.0,783401.0,31169.0,1804.0,1851.0
ITA,Italy,RES,CR+,CR/LDUAL/CDH+ERM+LFC:8.0/H:>4/RES,RURAL,598.0,372282625.0,65696934.0,5034.0,290523.0,437979552.0,99952.0,3369.0,486.0,1281.0
ITA,Italy,RES,CR+,CR/LDUAL/CDH+ERM+LFC:8.0/H:>6/RES,URBAN,185.0,374277717.0,66049008.0,2920.0,262872.0,440326724.0,90601.0,1725.0,1421.0,1424.0
ITA,Italy,RES,CR+,CR/LDUAL/CDH+ERM+LFC:9.0/H:2/RES,RURAL,2688.0,764026319.0,134828172.0,8702.0,596234.0,898854496.0,204580.0,5933.0,222.0,1281.0
ITA,Italy,RES,CR+,CR/LDUAL/CDH+ERM+LFC:9.0/H:2/RES,URBAN,3362.0,1087745010.0,191954997.0,13011.0,763973.0,1279700005.0,262134.0,7788.0,227.0,1424.0
ITA,Italy,RES,CR+,CR/LDUAL/CDH+ERM+LFC:9.0/H:3/RES,RURAL,2786.0,1208081298.0,213190817.0,14155.0,942768.0,1421272117.0,323772.0,9692.0,338.0,1281.0
ITA,Italy,RES,CR+,CR/LDUAL/CDH+ERM+LFC:9.0/H:3/RES,URBAN,4308.0,2198102488.0,387900436.0,27005.0,1543828.0,2586002922.0,530191.0,16221.0,358.0,1424.0
ITA,Italy,RES,CR+,CR/LDUAL/CDH+ERM+LFC:9.0/H:4/RES,URBAN,1599.0,1834022308.0,323650995.0,23945.0,1288118.0,2157673298.0,442770.0,14095.0,806.0,1424.0
ITA,Italy,RES,CR+,CR/LDUAL/CDH+ERM+LFC:9.0/H:5/RES,URBAN,782.0,1328276992.0,234401822.0,14132.0,932910.0,1562678816.0,320959.0,8331.0,1193.0,1424.0
ITA,Italy,RES,CR+,CR/LDUAL/CDH+ERM+LFC:9.0/H:6/RES,URBAN,229.0,474158056.0,83674950.0,4211.0,333023.0,557833007.0,114676.0,2586.0,1454.0,1424.0
ITA,Italy,RES,CR+,CR/LDUAL/CDH+ERM+LFC:9.0/H:>4/RES,RURAL,686.0,443413446.0,78249433.0,5495.0,346033.0,521662879.0,119050.0,3960.0,504.0,1281.0
ITA,Italy,RES,CR+,CR/LDUAL/CDH+ERM+LFC:9.0/H:>6/RES,URBAN,131.0,256286870.0,45227095.0,1963.0,180002.0,301513966.0,62039.0,1221.0,1374.0,1424.0
ITA,Italy,RES,CR+,CR/LDUAL/CDM+ERM+LFC:0.0/H:2/RES,BIG_CITY,414.0,261984517.0,46232563.0,2391.0,141541.0,308217077.0,48566.0,1444.0,342.0,1851.0
ITA,Italy,RES,CR+,CR/LDUAL/CDM+ERM+LFC:0.0/H:2/RES,RURAL,5003.0,1651722441.0,291480438.0,19096.0,1288978.0,1943202859.0,442277.0,12106.0,258.0,1281.0
ITA,Italy,RES,CR+,CR/LDUAL/CDM+ERM+LFC:0.0/H:2/RES,URBAN,4933.0,1681347536.0,296708382.0,18613.0,1180887.0,1978055933.0,405186.0,11320.0,239.0,1424.0
ITA,Italy,RES,CR+,CR/LDUAL/CDM+ERM+LFC:0.0/H:3/RES,BIG_CITY,419.0,362983368.0,64055888.0,3743.0,196108.0,427039253.0,67349.0,2255.0,468.0,1851.0
ITA,Italy,RES,CR+,CR/LDUAL/CDM+ERM+LFC:0.0/H:3/RES,RURAL,5150.0,2641093147.0,466075262.0,34456.0,2061068.0,3107168431.0,707829.0,22269.0,400.0,1281.0
ITA,Italy,RES,CR+,CR/LDUAL/CDM+ERM+LFC:0.0/H:3/RES,URBAN,5398.0,3566322622.0,629351045.0,44615.0,2504792.0,4195673666.0,860213.0,27269.0,464.0,1424.0
ITA,Italy,RES,CR+,CR/LDUAL/CDM+ERM+LFC:0.0/H:4/RES,URBAN,1933.0,2901113002.0,511961124.0,38426.0,2037585.0,3413074114.0,700388.0,23879.0,1054.0,1424.0
ITA,Italy,RES,CR+,CR/LDUAL/CDM+ERM+LFC:0.0/H:5/RES,URBAN,1109.0,2162149674.0,381555825.0,22733.0,1518577.0,2543705495.0,522454.0,14262.0,1369.0,1424.0
ITA,Italy,RES,CR+,CR/LDUAL/CDM+ERM+LFC:0.0/H:6/RES,URBAN,444.0,1120288378.0,197697945.0,9628.0,786830.0,1317986318.0,270944.0,6062.0,1772.0,1424.0
ITA,Italy,RES,CR+,CR/LDUAL/CDM+ERM+LFC:0.0/H:>4/RES,BIG_CITY,584.0,2200421962.0,388309758.0,24473.0,1188813.0,2588731720.0,409001.0,15133.0,2036.0,1851.0
ITA,Italy,RES,CR+,CR/LDUAL/CDM+ERM+LFC:0.0/H:>4/RES,RURAL,1235.0,1216023708.0,214592423.0,17135.0,948966.0,1430616136.0,326485.0,11380.0,768.0,1281.0
ITA,Italy,RES,CR+,CR/LDUAL/CDM+ERM+LFC:0.0/H:>6/RES,URBAN,299.0,916677162.0,161766558.0,6505.0,643824.0,1078443726.0,221898.0,4207.0,2153.0,1424.0
ITA,Italy,RES,CR+,CR/LDUAL/CDM+ERM+LFC:10.0/H:2/RES,RURAL,248.0,49027655.0,8651942.0,506.0,38260.0,57679594.0,13128.0,333.0,154.0,1281.0
ITA,Italy,RES,CR+,CR/LDUAL/CDM+ERM+LFC:10.0/H:2/RES,URBAN,210.0,48553487.0,8568263.0,485.0,34101.0,57121750.0,11701.0,302.0,162.0,1424.0
ITA,Italy,RES,CR+,CR/LDUAL/CDM+ERM+LFC:10.0/H:3/RES,RURAL,326.0,88915909.0,15691046.0,927.0,69389.0,104606955.0,23830.0,607.0,213.0,1281.0
ITA,Italy,RES,CR+,CR/LDUAL/CDM+ERM+LFC:10.0/H:3/RES,URBAN,342.0,125372671.0,22124590.0,1262.0,88055.0,147497255.0,30240.0,809.0,257.0,1424.0
ITA,Italy,RES,CR+,CR/LDUAL/CDM+ERM+LFC:10.0/H:4/RES,URBAN,83.0,89679502.0,15825797.0,1030.0,62986.0,105505298.0,21650.0,672.0,759.0,1424.0
ITA,Italy,RES,CR+,CR/LDUAL/CDM+ERM+LFC:10.0/H:5/RES,URBAN,42.0,56794956.0,10022639.0,529.0,39890.0,66817593.0,13724.0,340.0,950.0,1424.0
ITA,Italy,RES,CR+,CR/LDUAL/CDM+ERM+LFC:10.0/H:6/RES,URBAN,25.0,45021028.0,7944888.0,337.0,31620.0,52965915.0,10888.0,216.0,1265.0,1424.0
ITA,Italy,RES,CR+,CR/LDUAL/CDM+ERM+LFC:10.0/H:>4/RES,RURAL,101.0,52912808.0,9337555.0,578.0,41292.0,62250361.0,14206.0,412.0,409.0,1281.0
ITA,Italy,RES,CR+,CR/LDUAL/CDM+ERM+LFC:10.0/H:>6/RES,URBAN,49.0,98971385.0,17465539.0,648.0,69512.0,116436924.0,23958.0,412.0,1419.0,1424.0
ITA,Italy,RES,CR+,CR/LDUAL/CDM+ERM+LFC:4.0/H:2/RES,BIG_CITY,199.0,69608506.0,12283854.0,725.0,37607.0,81892360.0,12904.0,437.0,189.0,1851.0
ITA,Italy,RES,CR+,CR/LDUAL/CDM+ERM+LFC:4.0/H:2/RES,RURAL,58.0,15843283.0,2795873.0,178.0,12364.0,18639155.0,4242.0,110.0,213.0,1281.0
ITA,Italy,RES,CR+,CR/LDUAL/CDM+ERM+LFC:4.0/H:2/RES,URBAN,295.0,71449089.0,12608660.0,883.0,50182.0,84057747.0,17218.0,518.0,170.0,1424.0
ITA,Italy,RES,CR+,CR/LDUAL/CDM+ERM+LFC:4.0/H:3/RES,BIG_CITY,85.0,104075295.0,18366229.0,1083.0,56228.0,122441524.0,19310.0,653.0,662.0,1851.0
ITA,Italy,RES,CR+,CR/LDUAL/CDM+ERM+LFC:4.0/H:3/RES,RURAL,96.0,37578673.0,6631532.0,443.0,29326.0,44210203.0,10071.0,281.0,305.0,1281.0
ITA,Italy,RES,CR+,CR/LDUAL/CDM+ERM+LFC:4.0/H:3/RES,URBAN,314.0,152909436.0,26984018.0,1932.0,107395.0,179893450.0,36882.0,1103.0,342.0,1424.0
ITA,Italy,RES,CR+,CR/LDUAL/CDM+ERM+LFC:4.0/H:4/RES,URBAN,211.0,251456372.0,44374654.0,3346.0,176609.0,295831026.0,60707.0,1864.0,837.0,1424.0
ITA,Italy,RES,CR+,CR/LDUAL/CDM+ERM+LFC:4.0/H:5/RES,URBAN,79.0,115679535.0,20414037.0,1252.0,81247.0,136093571.0,27952.0,704.0,1028.0,1424.0
ITA,Italy,RES,CR+,CR/LDUAL/CDM+ERM+LFC:4.0/H:6/RES,URBAN,36.0,80456976.0,14198290.0,740.0,56509.0,94655269.0,19459.0,406.0,1570.0,1424.0
ITA,Italy,RES,CR+,CR/LDUAL/CDM+ERM+LFC:4.0/H:>4/RES,BIG_CITY,62.0,114473920.0,20201280.0,1193.0,61846.0,134675200.0,21278.0,719.0,998.0,1851.0
ITA,Italy,RES,CR+,CR/LDUAL/CDM+ERM+LFC:4.0/H:>4/RES,RURAL,68.0,39478305.0,6966762.0,546.0,30808.0,46445067.0,10599.0,323.0,453.0,1281.0
ITA,Italy,RES,CR+,CR/LDUAL/CDM+ERM+LFC:4.0/H:>6/RES,URBAN,28.0,81131455.0,14317316.0,659.0,56982.0,95448769.0,19639.0,353.0,2035.0,1424.0
ITA,Italy,RES,CR+,CR/LDUAL/CDM+ERM+LFC:7.0/H:2/RES,BIG_CITY,19.0,12321525.0,2174387.0,110.0,6657.0,14495912.0,2284.0,58.0,350.0,1851.0
ITA,Italy,RES,CR+,CR/LDUAL/CDM+ERM+LFC:7.0/H:2/RES,RURAL,2697.0,718302663.0,126759289.0,8290.0,560552.0,845061953.0,192338.0,5269.0,208.0,1281.0
ITA,Italy,RES,CR+,CR/LDUAL/CDM+ERM+LFC:7.0/H:2/RES,URBAN,3959.0,1201915733.0,212102771.0,13466.0,844161.0,1414018498.0,289649.0,7939.0,213.0,1424.0
ITA,Italy,RES,CR+,CR/LDUAL/CDM+ERM+LFC:7.0/H:3/RES,BIG_CITY,13.0,9050230.0,1597099.0,95.0,4890.0,10647329.0,1679.0,49.0,376.0,1851.0
ITA,Italy,RES,CR+,CR/LDUAL/CDM+ERM+LFC:7.0/H:3/RES,RURAL,3342.0,1267956667.0,223757066.0,15084.0,989493.0,1491713709.0,339821.0,9734.0,296.0,1281.0
ITA,Italy,RES,CR+,CR/LDUAL/CDM+ERM+LFC:7.0/H:3/RES,URBAN,4676.0,2404675395.0,424354475.0,29502.0,1688914.0,2829029854.0,580018.0,17503.0,361.0,1424.0
ITA,Italy,RES,CR+,CR/LDUAL/CDM+ERM+LFC:7.0/H:4/RES,URBAN,1391.0,1731155798.0,305498087.0,22721.0,1215870.0,2036653882.0,417936.0,13641.0,874.0,1424.0
ITA,Italy,RES,CR+,CR/LDUAL/CDM+ERM+LFC:7.0/H:5/RES,URBAN,576.0,911604051.0,160871300.0,9742.0,640261.0,1072475353.0,220277.0,5756.0,1112.0,1424.0
ITA,Italy,RES,CR+,CR/LDUAL/CDM+ERM+LFC:7.0/H:6/RES,URBAN,235.0,484173419.0,85442366.0,4295.0,340057.0,569615784.0,117098.0,2527.0,1447.0,1424.0
ITA,Italy,RES,CR+,CR/LDUAL/CDM+ERM+LFC:7.0/H:>4/RES,BIG_CITY,40.0,161700346.0,28535355.0,1994.0,87361.0,190235701.0,30056.0,1172.0,2184.0,1851.0
ITA,Italy,RES,CR+,CR/LDUAL/CDM+ERM+LFC:7.0/H:>4/RES,RURAL,824.0,549995529.0,97058034.0,6918.0,429208.0,647053552.0,147666.0,4514.0,521.0,1281.0
ITA,Italy,RES,CR+,CR/LDUAL/CDM+ERM+LFC:7.0/H:>4/RES,URBAN,7.0,6203365.0,1094712.0,80.0,4357.0,7298075.0,1499.0,48.0,622.0,1424.0
ITA,Italy,RES,CR+,CR/LDUAL/CDM+ERM+LFC:7.0/H:>6/RES,URBAN,192.0,524220938.0,92509581.0,3864.0,368184.0,616730516.0,126897.0,2280.0,1918.0,1424.0
ITA,Italy,RES,CR+,CR/LFINF/CDH+ERH+LFC:16.0/H:1/RES,RURAL,31.0,4770664.0,841881.0,59.0,3723.0,5612545.0,1187.0,41.0,120.0,1281.0
ITA,Italy,RES,CR+,CR/LFINF/CDH+ERH+LFC:16.0/H:1/RES,URBAN,11.0,3111399.0,549071.0,25.0,2185.0,3660469.0,697.0,16.0,199.0,1424.0
ITA,Italy,RES,CR+,CR/LFINF/CDH+ERH+LFC:16.0/H:2/RES,RURAL,213.0,51343385.0,9060596.0,542.0,40068.0,60403984.0,12783.0,382.0,188.0,1281.0
ITA,Italy,RES,CR+,CR/LFINF/CDH+ERH+LFC:16.0/H:2/RES,URBAN,126.0,40308351.0,7113239.0,384.0,28310.0,47421590.0,9032.0,238.0,225.0,1424.0
ITA,Italy,RES,CR+,CR/LFINF/CDH+ERH+LFC:16.0/H:3/RES,RURAL,57.0,17301765.0,3053252.0,133.0,13502.0,20355016.0,4311.0,88.0,237.0,1281.0
ITA,Italy,RES,CR+,CR/LFINF/CDH+ERH+LFC:16.0/H:3/RES,URBAN,50.0,29869487.0,5271086.0,268.0,20979.0,35140573.0,6699.0,166.0,420.0,1424.0
ITA,Italy,RES,CR+,CR/LFINF/CDH+ERH+LFC:16.0/H:4/RES,URBAN,5.0,8018267.0,1414988.0,100.0,5632.0,9433256.0,1800.0,61.0,1126.0,1424.0
ITA,Italy,RES,CR+,CR/LFINF/CDH+ERH+LFC:16.0/H:5/RES,URBAN,5.0,10022834.0,1768735.0,100.0,7039.0,11791569.0,2252.0,61.0,1408.0,1424.0
ITA,Italy,RES,CR+,CR/LFINF/CDH+ERH+LFC:16.0/H:6/RES,URBAN,5.0,12027401.0,2122482.0,100.0,8447.0,14149883.0,2704.0,61.0,1689.0,1424.0
ITA,Italy,RES,CR+,CR/LFINF/CDH+ERH+LFC:16.0/H:>4/RES,RURAL,1.0,810608.0,143048.0,12.0,633.0,953656.0,202.0,7.0,633.0,1281.0
ITA,Italy,RES,CR+,CR/LFINF/CDH+ERH+LFC:16.0/H:>6/RES,URBAN,11.0,28063935.0,4952459.0,200.0,19711.0,33016394.0,6316.0,121.0,1792.0,1424.0
ITA,Italy,RES,CR+,CR/LFINF/CDH+ERH+LFC:17.0/H:1/RES,RURAL,803.0,111453234.0,19668222.0,1339.0,86976.0,131121452.0,27724.0,1045.0,108.0,1281.0
ITA,Italy,RES,CR+,CR/LFINF/CDH+ERH+LFC:17.0/H:1/RES,URBAN,217.0,42716977.0,7538290.0,380.0,30002.0,50255266.0,9563.0,267.0,138.0,1424.0
ITA,Italy,RES,CR+,CR/LFINF/CDH+ERH+LFC:17.0/H:2/RES,RURAL,3119.0,640595373.0,113046239.0,5876.0,499911.0,753641608.0,159485.0,4431.0,160.0,1281.0
ITA,Italy,RES,CR+,CR/LFINF/CDH+ERH+LFC:17.0/H:2/RES,URBAN,782.0,250253372.0,44162360.0,2102.0,175764.0,294415731.0,56073.0,1554.0,225.0,1424.0
ITA,Italy,RES,CR+,CR/LFINF/CDH+ERH+LFC:17.0/H:3/RES,RURAL,1580.0,413689850.0,73004089.0,3899.0,322837.0,486693941.0,103084.0,2992.0,204.0,1281.0
ITA,Italy,RES,CR+,CR/LFINF/CDH+ERH+LFC:17.0/H:3/RES,URBAN,492.0,283285969.0,49991642.0,2412.0,198965.0,333277609.0,63531.0,1692.0,404.0,1424.0
ITA,Italy,RES,CR+,CR/LFINF/CDH+ERH+LFC:17.0/H:4/RES,URBAN,138.0,154828188.0,27322621.0,1212.0,108743.0,182150809.0,34753.0,1149.0,788.0,1424.0
ITA,Italy,RES,CR+,CR/LFINF/CDH+ERH+LFC:17.0/H:5/RES,URBAN,57.0,81266554.0,14341157.0,501.0,57077.0,95607711.0,18257.0,492.0,1001.0,1424.0
ITA,Italy,RES,CR+,CR/LFINF/CDH+ERH+LFC:17.0/H:>4/RES,RURAL,354.0,198936670.0,35106473.0,2240.0,155247.0,234043139.0,49658.0,1650.0,439.0,1281.0
ITA,Italy,RES,CR+,CR/LFINF/CDH+ERH+LFC:18.0/H:1/RES,RURAL,1562.0,248725215.0,43892681.0,2896.0,194101.0,292617898.0,61869.0,2008.0,124.0,1281.0
ITA,Italy,RES,CR+,CR/LFINF/CDH+ERH+LFC:18.0/H:1/RES,URBAN,616.0,155283889.0,27403041.0,1589.0,109063.0,182686929.0,34763.0,952.0,177.0,1424.0
ITA,Italy,RES,CR+,CR/LFINF/CDH+ERH+LFC:18.0/H:2/RES,RURAL,4191.0,814422596.0,143721631.0,7872.0,635563.0,958144228.0,202761.0,5403.0,152.0,1281.0
ITA,Italy,RES,CR+,CR/LFINF/CDH+ERH+LFC:18.0/H:2/RES,URBAN,1479.0,348544390.0,61507834.0,3479.0,244799.0,410052222.0,78097.0,2098.0,166.0,1424.0
ITA,Italy,RES,CR+,CR/LFINF/CDH+ERH+LFC:18.0/H:3/RES,RURAL,1629.0,436047641.0,76949584.0,4358.0,340285.0,512997225.0,108655.0,2894.0,209.0,1281.0
ITA,Italy,RES,CR+,CR/LFINF/CDH+ERH+LFC:18.0/H:3/RES,URBAN,760.0,259849536.0,45855801.0,2697.0,182504.0,305705335.0,58275.0,1688.0,240.0,1424.0
ITA,Italy,RES,CR+,CR/LFINF/CDH+ERH+LFC:18.0/H:4/RES,URBAN,248.0,312306446.0,55112903.0,3305.0,219347.0,367419347.0,70100.0,2168.0,884.0,1424.0
ITA,Italy,RES,CR+,CR/LFINF/CDH+ERH+LFC:18.0/H:5/RES,URBAN,82.0,108159974.0,19087056.0,943.0,75966.0,127247027.0,24299.0,594.0,926.0,1424.0
ITA,Italy,RES,CR+,CR/LFINF/CDH+ERH+LFC:18.0/H:6/RES,URBAN,41.0,75357815.0,13298437.0,514.0,52927.0,88656253.0,16944.0,346.0,1291.0,1424.0
ITA,Italy,RES,CR+,CR/LFINF/CDH+ERH+LFC:18.0/H:>4/RES,RURAL,735.0,334455401.0,59021540.0,3724.0,261004.0,393476943.0,83486.0,2460.0,355.0,1281.0
ITA,Italy,RES,CR+,CR/LFINF/CDH+ERH+LFC:18.0/H:>6/RES,URBAN,14.0,20855275.0,3680342.0,136.0,14648.0,24535617.0,4693.0,82.0,1046.0,1424.0
ITA,Italy,RES,CR+,CR/LFINF/CDH+ERH+LFC:19.0/H:1/RES,URBAN,813.0,153307719.0,27054304.0,1603.0,107675.0,180362022.0,34321.0,938.0,132.0,1424.0
ITA,Italy,RES,CR+,CR/LFINF/CDH+ERH+LFC:19.0/H:1/RES,RURAL,1011.0,382240250.0,67454162.0,3808.0,298294.0,449694410.0,95080.0,2925.0,295.0,1281.0
ITA,Italy,RES,CR+,CR/LFINF/CDH+ERH+LFC:19.0/H:2/RES,URBAN,2231.0,519830105.0,91734725.0,5405.0,365101.0,611564828.0,116477.0,3172.0,164.0,1424.0
ITA,Italy,RES,CR+,CR/LFINF/CDH+ERH+LFC:19.0/H:2/RES,RURAL,2867.0,599100284.0,105723575.0,5956.0,467528.0,704823869.0,149154.0,3822.0,163.0,1281.0
ITA,Italy,RES,CR+,CR/LFINF/CDH+ERH+LFC:19.0/H:3/RES,URBAN,1328.0,461181631.0,81384992.0,4512.0,323909.0,542566624.0,103426.0,2732.0,244.0,1424.0
ITA,Italy,RES,CR+,CR/LFINF/CDH+ERH+LFC:19.0/H:3/RES,RURAL,1341.0,424484659.0,74909054.0,4087.0,331261.0,499393712.0,105774.0,2659.0,247.0,1281.0
ITA,Italy,RES,CR+,CR/LFINF/CDH+ERH+LFC:19.0/H:4/RES,URBAN,342.0,417566321.0,73688174.0,4397.0,293276.0,491254499.0,93727.0,2720.0,858.0,1424.0
ITA,Italy,RES,CR+,CR/LFINF/CDH+ERH+LFC:19.0/H:5/RES,URBAN,310.0,448177047.0,79090067.0,3813.0,314775.0,527267115.0,100686.0,2345.0,1015.0,1424.0
ITA,Italy,RES,CR+,CR/LFINF/CDH+ERH+LFC:19.0/H:6/RES,URBAN,184.0,398231252.0,70276104.0,2788.0,279696.0,468507355.0,89544.0,1745.0,1520.0,1424.0
ITA,Italy,RES,CR+,CR/LFINF/CDH+ERH+LFC:19.0/H:>4/RES,RURAL,599.0,242028309.0,42710878.0,2359.0,188875.0,284739189.0,60415.0,1623.0,315.0,1281.0
ITA,Italy,RES,CR+,CR/LFINF/CDH+ERH+LFC:19.0/H:>6/RES,URBAN,532.0,1274060559.0,224834216.0,7595.0,894831.0,1498894776.0,286728.0,4758.0,1682.0,1424.0
ITA,Italy,COM,CR+,CR/LFINF/CDH+ERH/H:1/COM,URBAN,452.0,170684263.0,42671071.0,0.0,108887.0,213355333.0,47132.0,0.0,241.0,1568.0
ITA,Italy,COM,CR+,CR/LFINF/CDH+ERH/H:1/COM,RURAL,2100.0,794491861.0,198622975.0,0.0,501542.0,993114781.0,217095.0,0.0,239.0,1584.0
ITA,Italy,COM,CR+,CR/LFINF/CDH+ERH/H:2/COM,RURAL,387.0,281869487.0,70467375.0,0.0,176047.0,352336843.0,76276.0,0.0,455.0,1601.0
ITA,Italy,COM,CR+,CR/LFINF/CDH+ERH/H:2/COM,URBAN,190.0,145949219.0,36487310.0,0.0,92505.0,182436525.0,40080.0,0.0,487.0,1578.0
ITA,Italy,COM,CR+,CR/LFINF/CDH+ERH/H:3/COM,RURAL,47.0,58831394.0,14707852.0,0.0,35752.0,73539245.0,15505.0,0.0,761.0,1646.0
ITA,Italy,COM,CR+,CR/LFINF/CDH+ERH/H:3/COM,URBAN,68.0,79019390.0,19754851.0,0.0,50849.0,98774240.0,22052.0,0.0,748.0,1554.0
ITA,Italy,COM,CR+,CR/LFINF/CDH+ERH/H:4/COM,RURAL,31.0,45007003.0,11251754.0,0.0,27202.0,56258757.0,11808.0,0.0,877.0,1655.0
ITA,Italy,COM,CR+,CR/LFINF/CDH+ERH/H:4/COM,URBAN,49.0,76165105.0,19041279.0,0.0,47785.0,95206385.0,20744.0,0.0,975.0,1594.0
ITA,Italy,COM,CR+,CR/LFINF/CDH+ERH/H:5/COM,URBAN,29.0,59975543.0,14993886.0,0.0,38351.0,74969429.0,16664.0,0.0,1322.0,1564.0
ITA,Italy,COM,CR+,CR/LFINF/CDH+ERH/H:5/COM,RURAL,8.0,17420654.0,4355164.0,0.0,10807.0,21775816.0,4696.0,0.0,1351.0,1612.0
ITA,Italy,COM,CR+,CR/LFINF/CDH+ERH/H:6/COM,RURAL,3.0,6787421.0,1696855.0,0.0,4644.0,8484276.0,2020.0,0.0,1548.0,1462.0
ITA,Italy,COM,CR+,CR/LFINF/CDH+ERH/H:6/COM,URBAN,22.0,53162394.0,13290599.0,0.0,32931.0,66452992.0,14323.0,0.0,1497.0,1614.0
ITA,Italy,COM,CR+,CR/LFINF/CDH+ERH/H:>6/COM,URBAN,21.0,52415419.0,13103854.0,0.0,34363.0,65519275.0,14960.0,0.0,1636.0,1525.0
ITA,Italy,RES,CR-,CR/LFINF/CDH+ERL+LFC:2.0/H:1/RES,RURAL,866.0,238615228.0,42108574.0,2349.0,186212.0,280723799.0,59354.0,1577.0,215.0,1281.0
ITA,Italy,RES,CR-,CR/LFINF/CDH+ERL+LFC:2.0/H:1/RES,URBAN,534.0,166887015.0,29450645.0,1721.0,117212.0,196337665.0,37361.0,1113.0,219.0,1424.0
ITA,Italy,RES,CR-,CR/LFINF/CDH+ERL+LFC:2.0/H:2/RES,RURAL,3096.0,976956537.0,172404095.0,9907.0,762402.0,1149360635.0,243226.0,6664.0,246.0,1281.0
ITA,Italy,RES,CR-,CR/LFINF/CDH+ERL+LFC:2.0/H:2/RES,URBAN,3019.0,870670209.0,153647683.0,8686.0,611512.0,1024317892.0,195088.0,5532.0,203.0,1424.0
ITA,Italy,RES,CR-,CR/LFINF/CDH+ERL+LFC:2.0/H:3/RES,RURAL,1139.0,670074548.0,118248451.0,8318.0,522916.0,788322992.0,166970.0,5589.0,459.0,1281.0
ITA,Italy,RES,CR-,CR/LFINF/CDH+ERL+LFC:2.0/H:3/RES,URBAN,1096.0,612570107.0,108100607.0,7035.0,430236.0,720670713.0,137377.0,4486.0,393.0,1424.0
ITA,Italy,RES,CR-,CR/LFINF/CDH+ERL+LFC:2.0/H:4/RES,URBAN,422.0,543907836.0,95983736.0,6965.0,382011.0,639891571.0,122086.0,4412.0,905.0,1424.0
ITA,Italy,RES,CR-,CR/LFINF/CDH+ERL+LFC:2.0/H:5/RES,URBAN,199.0,387324899.0,68351453.0,3973.0,272036.0,455676351.0,87015.0,2495.0,1367.0,1424.0
ITA,Italy,RES,CR-,CR/LFINF/CDH+ERL+LFC:2.0/H:6/RES,URBAN,88.0,202996198.0,35822861.0,1730.0,142574.0,238819057.0,45644.0,1086.0,1620.0,1424.0
ITA,Italy,RES,CR-,CR/LFINF/CDH+ERL+LFC:2.0/H:>4/RES,RURAL,165.0,123850664.0,21855998.0,1758.0,96651.0,145706663.0,30915.0,1161.0,586.0,1281.0
ITA,Italy,RES,CR-,CR/LFINF/CDH+ERL+LFC:2.0/H:>6/RES,URBAN,55.0,164549824.0,29038206.0,1152.0,115571.0,193588028.0,37032.0,711.0,2101.0,1424.0
ITA,Italy,RES,CR-,CR/LFINF/CDH+ERL+LFC:3.0/H:1/RES,BIG_CITY,37.0,14856488.0,2621733.0,141.0,8026.0,17478221.0,2558.0,87.0,217.0,1851.0
ITA,Italy,RES,CR-,CR/LFINF/CDH+ERL+LFC:3.0/H:1/RES,URBAN,2213.0,523419021.0,92368063.0,5396.0,367621.0,615787083.0,117178.0,3446.0,166.0,1424.0
ITA,Italy,RES,CR-,CR/LFINF/CDH+ERL+LFC:3.0/H:1/RES,RURAL,4317.0,899714250.0,158773102.0,9314.0,702123.0,1058487343.0,223800.0,6416.0,163.0,1281.0
ITA,Italy,RES,CR-,CR/LFINF/CDH+ERL+LFC:3.0/H:2/RES,BIG_CITY,157.0,150868328.0,26623823.0,1430.0,81509.0,177492150.0,26004.0,883.0,519.0,1851.0
ITA,Italy,RES,CR-,CR/LFINF/CDH+ERL+LFC:3.0/H:2/RES,RURAL,13997.0,4065278854.0,717402166.0,41555.0,3172480.0,4782681017.0,1012106.0,28289.0,227.0,1281.0
ITA,Italy,RES,CR-,CR/LFINF/CDH+ERL+LFC:3.0/H:2/RES,URBAN,12933.0,3743387240.0,660597747.0,40670.0,2629152.0,4403984991.0,838769.0,26256.0,203.0,1424.0
ITA,Italy,RES,CR-,CR/LFINF/CDH+ERL+LFC:3.0/H:3/RES,BIG_CITY,187.0,203996894.0,35999452.0,2101.0,110213.0,239996346.0,35192.0,1297.0,589.0,1851.0
ITA,Italy,RES,CR-,CR/LFINF/CDH+ERL+LFC:3.0/H:3/RES,URBAN,4498.0,3222664533.0,568705507.0,38355.0,2263425.0,3791370036.0,722726.0,24567.0,503.0,1424.0
ITA,Italy,RES,CR-,CR/LFINF/CDH+ERL+LFC:3.0/H:3/RES,RURAL,5754.0,2703049920.0,477008805.0,31952.0,2109418.0,3180058738.0,673551.0,21610.0,367.0,1281.0
ITA,Italy,RES,CR-,CR/LFINF/CDH+ERL+LFC:3.0/H:4/RES,URBAN,1566.0,2714960876.0,479110743.0,34995.0,1906841.0,3194071615.0,609401.0,22854.0,1218.0,1424.0
ITA,Italy,RES,CR-,CR/LFINF/CDH+ERL+LFC:3.0/H:5/RES,URBAN,1049.0,2400724187.0,423657207.0,24629.0,1686139.0,2824381391.0,539339.0,16078.0,1607.0,1424.0
ITA,Italy,RES,CR-,CR/LFINF/CDH+ERL+LFC:3.0/H:6/RES,URBAN,415.0,1193832426.0,210676310.0,9994.0,838483.0,1404508738.0,268438.0,6549.0,2020.0,1424.0
ITA,Italy,RES,CR-,CR/LFINF/CDH+ERL+LFC:3.0/H:>4/RES,BIG_CITY,1152.0,4738917469.0,836279553.0,50846.0,2560276.0,5575197022.0,818946.0,31393.0,2222.0,1851.0
ITA,Italy,RES,CR-,CR/LFINF/CDH+ERL+LFC:3.0/H:>4/RES,RURAL,1379.0,1324304967.0,233700879.0,17599.0,1033467.0,1558005843.0,330572.0,11988.0,749.0,1281.0
ITA,Italy,RES,CR-,CR/LFINF/CDH+ERL+LFC:3.0/H:>4/RES,URBAN,3.0,2503763.0,441840.0,30.0,1759.0,2945603.0,562.0,21.0,586.0,1423.0
ITA,Italy,RES,CR-,CR/LFINF/CDH+ERL+LFC:3.0/H:>6/RES,URBAN,300.0,1192686042.0,210474008.0,8809.0,837678.0,1403160045.0,268414.0,5689.0,2792.0,1424.0
ITA,Italy,RES,CR-,CR/LFINF/CDH+ERL+LFC:4.0/H:1/RES,URBAN,769.0,147850518.0,26091269.0,1314.0,103842.0,173941786.0,33099.0,894.0,135.0,1424.0
ITA,Italy,RES,CR-,CR/LFINF/CDH+ERL+LFC:4.0/H:1/RES,RURAL,219.0,47188399.0,8327366.0,538.0,36825.0,55515761.0,11738.0,311.0,168.0,1281.0
ITA,Italy,RES,CR-,CR/LFINF/CDH+ERL+LFC:4.0/H:2/RES,URBAN,756.0,189137606.0,33377224.0,1534.0,132840.0,222514827.0,42379.0,1098.0,176.0,1424.0
ITA,Italy,RES,CR-,CR/LFINF/CDH+ERL+LFC:4.0/H:2/RES,RURAL,528.0,129663574.0,22881807.0,1675.0,101187.0,152545384.0,32282.0,986.0,192.0,1281.0
ITA,Italy,RES,CR-,CR/LFINF/CDH+ERL+LFC:4.0/H:3/RES,URBAN,294.0,131043399.0,23125306.0,805.0,92038.0,154168708.0,29388.0,796.0,313.0,1424.0
ITA,Italy,RES,CR-,CR/LFINF/CDH+ERL+LFC:4.0/H:3/RES,RURAL,237.0,68865990.0,12152823.0,890.0,53742.0,81018814.0,17160.0,531.0,227.0,1281.0
ITA,Italy,RES,CR-,CR/LFINF/CDH+ERL+LFC:4.0/H:4/RES,URBAN,87.0,151526353.0,26739945.0,766.0,106424.0,178266297.0,34012.0,1072.0,1223.0,1424.0
ITA,Italy,RES,CR-,CR/LFINF/CDH+ERL+LFC:4.0/H:5/RES,URBAN,23.0,64280339.0,11343590.0,201.0,45147.0,75623929.0,14441.0,366.0,1963.0,1424.0
ITA,Italy,RES,CR-,CR/LFINF/CDH+ERL+LFC:4.0/H:6/RES,URBAN,11.0,40588939.0,7162754.0,105.0,28507.0,47751693.0,9127.0,193.0,2592.0,1424.0
ITA,Italy,RES,CR-,CR/LFINF/CDH+ERL+LFC:4.0/H:>4/RES,RURAL,59.0,31082284.0,5485109.0,454.0,24256.0,36567392.0,7759.0,270.0,411.0,1281.0
ITA,Italy,RES,CR-,CR/LFINF/CDH+ERL+LFC:4.0/H:>6/RES,URBAN,12.0,51658649.0,9116232.0,115.0,36282.0,60774881.0,11626.0,211.0,3024.0,1424.0
ITA,Italy,COM,CR-,CR/LFINF/CDH+ERL/H:1/COM,RURAL,783.0,302172880.0,75543230.0,0.0,200041.0,377716094.0,86590.0,0.0,255.0,1511.0
ITA,Italy,COM,CR-,CR/LFINF/CDH+ERL/H:1/COM,URBAN,699.0,275509896.0,68877473.0,0.0,180696.0,344387373.0,78215.0,0.0,259.0,1525.0
ITA,Italy,COM,CR-,CR/LFINF/CDH+ERL/H:1/COM,BIG_CITY,3.0,1505739.0,376435.0,0.0,1058.0,1882174.0,458.0,0.0,353.0,1423.0
ITA,Italy,COM,CR-,CR/LFINF/CDH+ERL/H:2/COM,BIG_CITY,5.0,3470370.0,867592.0,0.0,2357.0,4337962.0,1021.0,0.0,471.0,1472.0
ITA,Italy,COM,CR-,CR/LFINF/CDH+ERL/H:2/COM,RURAL,672.0,520472515.0,130118107.0,0.0,342150.0,650590643.0,148244.0,0.0,509.0,1521.0
ITA,Italy,COM,CR-,CR/LFINF/CDH+ERL/H:2/COM,URBAN,296.0,234003525.0,58500878.0,0.0,155724.0,292504403.0,67471.0,0.0,526.0,1503.0
ITA,Italy,COM,CR-,CR/LFINF/CDH+ERL/H:3/COM,BIG_CITY,3.0,4517217.0,1129304.0,0.0,3173.0,5646521.0,1376.0,0.0,1058.0,1424.0
ITA,Italy,COM,CR-,CR/LFINF/CDH+ERL/H:3/COM,RURAL,241.0,268769103.0,67192266.0,0.0,172948.0,335961365.0,75006.0,0.0,718.0,1554.0
ITA,Italy,COM,CR-,CR/LFINF/CDH+ERL/H:3/COM,URBAN,141.0,163509235.0,40877299.0,0.0,106706.0,204386543.0,46277.0,0.0,757.0,1532.0
ITA,Italy,COM,CR-,CR/LFINF/CDH+ERL/H:4/COM,URBAN,151.0,226811608.0,56702901.0,0.0,146354.0,283514509.0,63533.0,0.0,969.0,1550.0
ITA,Italy,COM,CR-,CR/LFINF/CDH+ERL/H:4/COM,RURAL,159.0,243086930.0,60771726.0,0.0,154177.0,303858660.0,66929.0,0.0,970.0,1577.0
ITA,Italy,COM,CR-,CR/LFINF/CDH+ERL/H:4/COM,BIG_CITY,7.0,10210345.0,2552586.0,0.0,5963.0,12762931.0,2588.0,0.0,852.0,1712.0
ITA,Italy,COM,CR-,CR/LFINF/CDH+ERL/H:5/COM,BIG_CITY,10.0,13479949.0,3369987.0,0.0,8863.0,16849936.0,3851.0,0.0,886.0,1521.0
ITA,Italy,COM,CR-,CR/LFINF/CDH+ERL/H:5/COM,RURAL,61.0,96024796.0,24006190.0,0.0,60759.0,120030987.0,26401.0,0.0,996.0,1580.0
ITA,Italy,COM,CR-,CR/LFINF/CDH+ERL/H:5/COM,URBAN,105.0,196822301.0,49205577.0,0.0,124073.0,246027871.0,53913.0,0.0,1182.0,1586.0
ITA,Italy,COM,CR-,CR/LFINF/CDH+ERL/H:6/COM,BIG_CITY,8.0,18326994.0,4581748.0,0.0,11663.0,22908743.0,5073.0,0.0,1458.0,1571.0
ITA,Italy,COM,CR-,CR/LFINF/CDH+ERL/H:6/COM,URBAN,71.0,154880018.0,38720001.0,0.0,101235.0,193600014.0,44031.0,0.0,1426.0,1530.0
ITA,Italy,COM,CR-,CR/LFINF/CDH+ERL/H:6/COM,RURAL,18.0,44085215.0,11021302.0,0.0,27670.0,55106517.0,12035.0,0.0,1537.0,1593.0
ITA,Italy,COM,CR-,CR/LFINF/CDH+ERL/H:>6/COM,URBAN,28.0,69742890.0,17435721.0,0.0,43642.0,87178609.0,19000.0,0.0,1559.0,1598.0
ITA,Italy,COM,CR-,CR/LFINF/CDH+ERL/H:>6/COM,BIG_CITY,40.0,74082357.0,18520590.0,0.0,47801.0,92602948.0,20811.0,0.0,1195.0,1550.0
ITA,Italy,COM,CR-,CR/LFINF/CDH+ERL/H:>6/COM,RURAL,7.0,14173202.0,3543300.0,0.0,9588.0,17716503.0,4174.0,0.0,1370.0,1478.0
ITA,Italy,RES,CR+,CR/LFINF/CDH+ERM+LFC:10.0/H:1/RES,BIG_CITY,283.0,75933326.0,13399999.0,809.0,41024.0,89333324.0,13076.0,416.0,145.0,1851.0
ITA,Italy,RES,CR+,CR/LFINF/CDH+ERM+LFC:10.0/H:1/RES,RURAL,1769.0,281200505.0,49623621.0,3547.0,219444.0,330824120.0,69947.0,2331.0,124.0,1281.0
ITA,Italy,RES,CR+,CR/LFINF/CDH+ERM+LFC:10.0/H:1/RES,URBAN,3850.0,776209745.0,136978188.0,9250.0,545168.0,913187936.0,173770.0,5159.0,142.0,1424.0
ITA,Italy,RES,CR+,CR/LFINF/CDH+ERM+LFC:10.0/H:2/RES,RURAL,5823.0,1647852838.0,290797564.0,18867.0,1285958.0,1938650390.0,410255.0,12141.0,221.0,1281.0
ITA,Italy,RES,CR+,CR/LFINF/CDH+ERM+LFC:10.0/H:2/RES,URBAN,12814.0,3739657338.0,659939532.0,42955.0,2626533.0,4399596862.0,837933.0,24604.0,205.0,1424.0
ITA,Italy,RES,CR+,CR/LFINF/CDH+ERM+LFC:10.0/H:2/RES,BIG_CITY,533.0,339879654.0,59978763.0,3043.0,183625.0,399858417.0,58581.0,1565.0,345.0,1851.0
ITA,Italy,RES,CR+,CR/LFINF/CDH+ERM+LFC:10.0/H:3/RES,BIG_CITY,90.0,62504515.0,11030208.0,657.0,33769.0,73534723.0,10783.0,338.0,375.0,1851.0
ITA,Italy,RES,CR+,CR/LFINF/CDH+ERM+LFC:10.0/H:3/RES,RURAL,2470.0,969948213.0,171167328.0,11693.0,756932.0,1141115546.0,241694.0,7718.0,306.0,1281.0
ITA,Italy,RES,CR+,CR/LFINF/CDH+ERM+LFC:10.0/H:3/RES,URBAN,4840.0,2695244571.0,475631394.0,34643.0,1892994.0,3170875965.0,604445.0,19614.0,391.0,1424.0
ITA,Italy,RES,CR+,CR/LFINF/CDH+ERM+LFC:10.0/H:4/RES,URBAN,1638.0,2472193993.0,436269534.0,33321.0,1736335.0,2908463522.0,554909.0,19335.0,1060.0,1424.0
ITA,Italy,RES,CR+,CR/LFINF/CDH+ERM+LFC:10.0/H:5/RES,URBAN,837.0,1626838708.0,287089184.0,16535.0,1142603.0,1913927889.0,365481.0,9543.0,1365.0,1424.0
ITA,Italy,RES,CR+,CR/LFINF/CDH+ERM+LFC:10.0/H:6/RES,URBAN,296.0,760301220.0,134170804.0,6385.0,533994.0,894472024.0,170956.0,3753.0,1804.0,1424.0
ITA,Italy,RES,CR+,CR/LFINF/CDH+ERM+LFC:10.0/H:>4/RES,RURAL,1124.0,697748710.0,123132126.0,9642.0,544512.0,820880837.0,174171.0,6103.0,484.0,1281.0
ITA,Italy,RES,CR+,CR/LFINF/CDH+ERM+LFC:10.0/H:>4/RES,BIG_CITY,34.0,168661198.0,29763741.0,2049.0,91122.0,198424939.0,29147.0,1054.0,2680.0,1851.0
ITA,Italy,RES,CR+,CR/LFINF/CDH+ERM+LFC:10.0/H:>6/RES,URBAN,264.0,797757595.0,140780751.0,5248.0,560302.0,938538349.0,179536.0,3347.0,2122.0,1424.0
ITA,Italy,RES,CR+,CR/LFINF/CDH+ERM+LFC:11.0/H:1/RES,URBAN,3846.0,730738993.0,128953940.0,9143.0,513231.0,859692927.0,163591.0,5056.0,133.0,1424.0
ITA,Italy,RES,CR+,CR/LFINF/CDH+ERM+LFC:11.0/H:1/RES,RURAL,2668.0,411994747.0,72704952.0,4640.0,321514.0,484699701.0,102482.0,3287.0,121.0,1281.0
ITA,Italy,RES,CR+,CR/LFINF/CDH+ERM+LFC:11.0/H:1/RES,BIG_CITY,987.0,718133985.0,126729526.0,6700.0,387983.0,844863512.0,123668.0,4039.0,393.0,1851.0
ITA,Italy,RES,CR+,CR/LFINF/CDH+ERM+LFC:11.0/H:2/RES,BIG_CITY,9606.0,3375747262.0,595720105.0,35130.0,1823802.0,3971467366.0,581840.0,21181.0,190.0,1851.0
ITA,Italy,RES,CR+,CR/LFINF/CDH+ERM+LFC:11.0/H:2/RES,RURAL,6342.0,1300546848.0,229508267.0,14438.0,1014926.0,1530055121.0,323788.0,9732.0,160.0,1281.0
ITA,Italy,RES,CR+,CR/LFINF/CDH+ERM+LFC:11.0/H:2/RES,URBAN,7868.0,2479755793.0,437603963.0,27944.0,1741646.0,2917359759.0,555631.0,16003.0,221.0,1424.0
ITA,Italy,RES,CR+,CR/LFINF/CDH+ERM+LFC:11.0/H:3/RES,BIG_CITY,1333.0,1627777643.0,287254878.0,16934.0,879433.0,1915032520.0,280808.0,10213.0,660.0,1851.0
ITA,Italy,RES,CR+,CR/LFINF/CDH+ERM+LFC:11.0/H:3/RES,RURAL,2537.0,827694675.0,146063765.0,9340.0,645920.0,973758438.0,206247.0,6360.0,255.0,1281.0
ITA,Italy,RES,CR+,CR/LFINF/CDH+ERM+LFC:11.0/H:3/RES,URBAN,3569.0,1973351567.0,348238507.0,24123.0,1385975.0,2321590078.0,442551.0,14289.0,388.0,1424.0
ITA,Italy,RES,CR+,CR/LFINF/CDH+ERM+LFC:11.0/H:4/RES,URBAN,1695.0,2691004906.0,474883218.0,35486.0,1890016.0,3165888127.0,604023.0,20840.0,1115.0,1424.0
ITA,Italy,RES,CR+,CR/LFINF/CDH+ERM+LFC:11.0/H:5/RES,URBAN,673.0,1091538699.0,192624478.0,11777.0,766638.0,1284163172.0,245222.0,6929.0,1139.0,1424.0
ITA,Italy,RES,CR+,CR/LFINF/CDH+ERM+LFC:11.0/H:6/RES,URBAN,263.0,545528286.0,96269696.0,5191.0,383150.0,641797984.0,122664.0,2922.0,1457.0,1424.0
ITA,Italy,RES,CR+,CR/LFINF/CDH+ERM+LFC:11.0/H:>4/RES,RURAL,922.0,527362753.0,93064017.0,5882.0,411546.0,620426767.0,131640.0,4251.0,446.0,1281.0
ITA,Italy,RES,CR+,CR/LFINF/CDH+ERM+LFC:11.0/H:>4/RES,BIG_CITY,1405.0,2892502832.0,510441676.0,30515.0,1562721.0,3402944508.0,499862.0,18565.0,1112.0,1851.0
ITA,Italy,RES,CR+,CR/LFINF/CDH+ERM+LFC:11.0/H:>6/RES,URBAN,235.0,731486621.0,129085874.0,5786.0,513757.0,860572495.0,164621.0,3265.0,2186.0,1424.0
ITA,Italy,RES,CR+,CR/LFINF/CDH+ERM+LFC:12.0/H:1/RES,RURAL,1914.0,359696330.0,63475819.0,4403.0,280701.0,423172156.0,89473.0,2775.0,147.0,1281.0
ITA,Italy,RES,CR+,CR/LFINF/CDH+ERM+LFC:12.0/H:1/RES,URBAN,2511.0,701890104.0,123862959.0,8418.0,492970.0,825753072.0,157132.0,5104.0,196.0,1424.0
ITA,Italy,RES,CR+,CR/LFINF/CDH+ERM+LFC:12.0/H:2/RES,RURAL,6340.0,1853074481.0,327013151.0,22241.0,1446110.0,2180087632.0,461348.0,13741.0,228.0,1281.0
ITA,Italy,RES,CR+,CR/LFINF/CDH+ERM+LFC:12.0/H:2/RES,URBAN,10546.0,3073740120.0,542424729.0,35990.0,2158829.0,3616164842.0,688723.0,22093.0,205.0,1424.0
ITA,Italy,RES,CR+,CR/LFINF/CDH+ERM+LFC:12.0/H:3/RES,URBAN,6373.0,3141975417.0,554466249.0,38852.0,2206753.0,3696441668.0,704630.0,22926.0,346.0,1424.0
ITA,Italy,RES,CR+,CR/LFINF/CDH+ERM+LFC:12.0/H:3/RES,RURAL,3839.0,1655724090.0,292186608.0,20583.0,1292101.0,1947910691.0,412577.0,13269.0,337.0,1281.0
ITA,Italy,RES,CR+,CR/LFINF/CDH+ERM+LFC:12.0/H:4/RES,URBAN,2821.0,3165323950.0,558586580.0,40385.0,2223152.0,3723910530.0,710489.0,24455.0,788.0,1424.0
ITA,Italy,RES,CR+,CR/LFINF/CDH+ERM+LFC:12.0/H:5/RES,URBAN,825.0,1165928737.0,205752130.0,12721.0,818885.0,1371680863.0,261934.0,7543.0,993.0,1424.0
ITA,Italy,RES,CR+,CR/LFINF/CDH+ERM+LFC:12.0/H:6/RES,URBAN,335.0,624642251.0,110230983.0,5769.0,438715.0,734873238.0,140453.0,3268.0,1310.0,1424.0
ITA,Italy,RES,CR+,CR/LFINF/CDH+ERM+LFC:12.0/H:>4/RES,URBAN,75.0,60926681.0,10751767.0,863.0,42792.0,71678448.0,13688.0,507.0,571.0,1424.0
ITA,Italy,RES,CR+,CR/LFINF/CDH+ERM+LFC:12.0/H:>4/RES,RURAL,1293.0,893548570.0,157685049.0,11518.0,697311.0,1051233619.0,223047.0,7589.0,539.0,1281.0
ITA,Italy,RES,CR+,CR/LFINF/CDH+ERM+LFC:12.0/H:>6/RES,URBAN,222.0,542578569.0,95749159.0,4357.0,381078.0,638327727.0,122107.0,2426.0,1717.0,1424.0
ITA,Italy,RES,CR+,CR/LFINF/CDH+ERM+LFC:13.0/H:1/RES,RURAL,1509.0,247160053.0,43616482.0,3305.0,192880.0,290776530.0,61480.0,2174.0,128.0,1281.0
ITA,Italy,RES,CR+,CR/LFINF/CDH+ERM+LFC:13.0/H:1/RES,URBAN,1447.0,267947244.0,47284808.0,3065.0,188192.0,315232048.0,59985.0,1790.0,130.0,1424.0
ITA,Italy,RES,CR+,CR/LFINF/CDH+ERM+LFC:13.0/H:2/RES,RURAL,4194.0,1099623350.0,194051184.0,11570.0,858129.0,1293674526.0,273766.0,7824.0,205.0,1281.0
ITA,Italy,RES,CR+,CR/LFINF/CDH+ERM+LFC:13.0/H:2/RES,URBAN,3943.0,1065229777.0,187981726.0,11791.0,748160.0,1253211500.0,238683.0,6963.0,190.0,1424.0
ITA,Italy,RES,CR+,CR/LFINF/CDH+ERM+LFC:13.0/H:3/RES,URBAN,1680.0,901389187.0,159068682.0,10745.0,633087.0,1060457870.0,202149.0,6667.0,377.0,1424.0
ITA,Italy,RES,CR+,CR/LFINF/CDH+ERM+LFC:13.0/H:3/RES,RURAL,1955.0,690719201.0,121891624.0,7742.0,539026.0,812610828.0,172115.0,5138.0,276.0,1281.0
ITA,Italy,RES,CR+,CR/LFINF/CDH+ERM+LFC:13.0/H:4/RES,URBAN,434.0,469890654.0,82921881.0,6107.0,330026.0,552812537.0,105472.0,3727.0,760.0,1424.0
ITA,Italy,RES,CR+,CR/LFINF/CDH+ERM+LFC:13.0/H:5/RES,URBAN,234.0,377865537.0,66682154.0,3990.0,265392.0,444547683.0,84890.0,2313.0,1134.0,1424.0
ITA,Italy,RES,CR+,CR/LFINF/CDH+ERM+LFC:13.0/H:6/RES,URBAN,95.0,181887198.0,32097741.0,1584.0,127748.0,213984940.0,40898.0,933.0,1345.0,1424.0
ITA,Italy,RES,CR+,CR/LFINF/CDH+ERM+LFC:13.0/H:>4/RES,RURAL,811.0,550474888.0,97142626.0,6402.0,429582.0,647617511.0,137409.0,4335.0,530.0,1281.0
ITA,Italy,RES,CR+,CR/LFINF/CDH+ERM+LFC:13.0/H:>4/RES,URBAN,17.0,10182214.0,1796861.0,99.0,7151.0,11979075.0,2288.0,67.0,421.0,1424.0
ITA,Italy,RES,CR+,CR/LFINF/CDH+ERM+LFC:13.0/H:>6/RES,URBAN,42.0,103746540.0,18308213.0,804.0,72866.0,122054755.0,23348.0,456.0,1735.0,1424.0
ITA,Italy,RES,CR+,CR/LFINF/CDH+ERM+LFC:14.0/H:1/RES,URBAN,1014.0,239185171.0,42209147.0,2472.0,167991.0,281394317.0,53546.0,1469.0,166.0,1424.0
ITA,Italy,RES,CR+,CR/LFINF/CDH+ERM+LFC:14.0/H:1/RES,RURAL,1941.0,308727068.0,54481245.0,3459.0,240926.0,363208313.0,76794.0,2397.0,124.0,1281.0
ITA,Italy,RES,CR+,CR/LFINF/CDH+ERM+LFC:14.0/H:2/RES,URBAN,6911.0,1737263944.0,306575992.0,18199.0,1220160.0,2043839935.0,389263.0,10948.0,177.0,1424.0
ITA,Italy,RES,CR+,CR/LFINF/CDH+ERM+LFC:14.0/H:2/RES,RURAL,4382.0,875957842.0,154580793.0,9590.0,683584.0,1030538638.0,218081.0,6454.0,156.0,1281.0
ITA,Italy,RES,CR+,CR/LFINF/CDH+ERM+LFC:14.0/H:3/RES,RURAL,2006.0,587563507.0,103687679.0,6150.0,458525.0,691251196.0,146410.0,4234.0,229.0,1281.0
ITA,Italy,RES,CR+,CR/LFINF/CDH+ERM+LFC:14.0/H:3/RES,URBAN,2922.0,1322634238.0,233406041.0,15269.0,928947.0,1556040278.0,296619.0,9325.0,318.0,1424.0
ITA,Italy,RES,CR+,CR/LFINF/CDH+ERM+LFC:14.0/H:4/RES,URBAN,790.0,869292121.0,153404493.0,10591.0,610544.0,1022696617.0,195121.0,6451.0,773.0,1424.0
ITA,Italy,RES,CR+,CR/LFINF/CDH+ERM+LFC:14.0/H:5/RES,URBAN,468.0,648103895.0,114371275.0,6310.0,455193.0,762475169.0,145601.0,3820.0,973.0,1424.0
ITA,Italy,RES,CR+,CR/LFINF/CDH+ERM+LFC:14.0/H:6/RES,URBAN,201.0,347557753.0,61333724.0,2980.0,244106.0,408891477.0,78150.0,1742.0,1214.0,1424.0
ITA,Italy,RES,CR+,CR/LFINF/CDH+ERM+LFC:14.0/H:>4/RES,RURAL,666.0,306447745.0,54079013.0,3482.0,239147.0,360526760.0,76495.0,2304.0,359.0,1281.0
ITA,Italy,RES,CR+,CR/LFINF/CDH+ERM+LFC:14.0/H:>6/RES,URBAN,114.0,229284319.0,40461939.0,1707.0,161037.0,269746256.0,51601.0,990.0,1413.0,1424.0
ITA,Italy,RES,CR+,CR/LFINF/CDH+ERM+LFC:15.0/H:1/RES,RURAL,2197.0,361390183.0,63774738.0,4228.0,282023.0,425164919.0,89894.0,2685.0,128.0,1281.0
ITA,Italy,RES,CR+,CR/LFINF/CDH+ERM+LFC:15.0/H:1/RES,URBAN,2693.0,544785503.0,96138621.0,6041.0,382628.0,640924118.0,121961.0,3477.0,142.0,1424.0
ITA,Italy,RES,CR+,CR/LFINF/CDH+ERM+LFC:15.0/H:2/RES,URBAN,8485.0,2593734373.0,457717829.0,27246.0,1821699.0,3051452203.0,581170.0,16187.0,215.0,1424.0
ITA,Italy,RES,CR+,CR/LFINF/CDH+ERM+LFC:15.0/H:2/RES,RURAL,6102.0,1262934472.0,222870789.0,13600.0,985574.0,1485805261.0,314424.0,8835.0,162.0,1281.0
ITA,Italy,RES,CR+,CR/LFINF/CDH+ERM+LFC:15.0/H:3/RES,RURAL,2306.0,651583361.0,114985296.0,6567.0,508485.0,766568659.0,162363.0,4560.0,221.0,1281.0
ITA,Italy,RES,CR+,CR/LFINF/CDH+ERM+LFC:15.0/H:3/RES,URBAN,3781.0,1626989299.0,287115759.0,18056.0,1142709.0,1914105062.0,364874.0,10912.0,302.0,1424.0
ITA,Italy,RES,CR+,CR/LFINF/CDH+ERM+LFC:15.0/H:4/RES,URBAN,608.0,690700245.0,121888281.0,8014.0,485110.0,812588521.0,155035.0,4919.0,798.0,1424.0
ITA,Italy,RES,CR+,CR/LFINF/CDH+ERM+LFC:15.0/H:5/RES,URBAN,310.0,528985522.0,93350386.0,5077.0,371531.0,622335905.0,118840.0,2987.0,1198.0,1424.0
ITA,Italy,RES,CR+,CR/LFINF/CDH+ERM+LFC:15.0/H:6/RES,URBAN,177.0,386934356.0,68282534.0,3000.0,271762.0,455216888.0,87004.0,1794.0,1535.0,1424.0
ITA,Italy,RES,CR+,CR/LFINF/CDH+ERM+LFC:15.0/H:>4/RES,RURAL,500.0,323728185.0,57128503.0,3586.0,252632.0,380856691.0,80809.0,2449.0,505.0,1281.0
ITA,Italy,RES,CR+,CR/LFINF/CDH+ERM+LFC:15.0/H:>6/RES,URBAN,193.0,500926997.0,88398881.0,3251.0,351824.0,589325880.0,112734.0,1954.0,1823.0,1424.0
ITA,Italy,RES,CR+,CR/LFINF/CDH+ERM+LFC:16.0/H:1/RES,RURAL,1558.0,267428035.0,47193176.0,2896.0,208697.0,314621210.0,66521.0,2141.0,134.0,1281.0
ITA,Italy,RES,CR+,CR/LFINF/CDH+ERM+LFC:16.0/H:1/RES,URBAN,457.0,99523128.0,17562905.0,1046.0,69900.0,117086033.0,22280.0,603.0,153.0,1424.0
ITA,Italy,RES,CR+,CR/LFINF/CDH+ERM+LFC:16.0/H:2/RES,URBAN,1147.0,287972185.0,50818622.0,3076.0,202256.0,338790806.0,64525.0,1830.0,176.0,1424.0
ITA,Italy,RES,CR+,CR/LFINF/CDH+ERM+LFC:16.0/H:2/RES,RURAL,4182.0,960281126.0,169461374.0,10033.0,749388.0,1129742504.0,239075.0,6966.0,179.0,1281.0
ITA,Italy,RES,CR+,CR/LFINF/CDH+ERM+LFC:16.0/H:3/RES,RURAL,1741.0,522754246.0,92250743.0,5222.0,407949.0,615004993.0,130261.0,3641.0,234.0,1281.0
ITA,Italy,RES,CR+,CR/LFINF/CDH+ERM+LFC:16.0/H:3/RES,URBAN,802.0,346944048.0,61225419.0,3516.0,243675.0,408169467.0,77807.0,2082.0,304.0,1424.0
ITA,Italy,RES,CR+,CR/LFINF/CDH+ERM+LFC:16.0/H:4/RES,URBAN,344.0,370901318.0,65453173.0,4464.0,260501.0,436354492.0,83253.0,2716.0,757.0,1424.0
ITA,Italy,RES,CR+,CR/LFINF/CDH+ERM+LFC:16.0/H:5/RES,URBAN,146.0,204257793.0,36045491.0,2020.0,143460.0,240303285.0,45888.0,1150.0,983.0,1424.0
ITA,Italy,RES,CR+,CR/LFINF/CDH+ERM+LFC:16.0/H:6/RES,URBAN,65.0,134828344.0,23793237.0,1225.0,94696.0,158621581.0,30317.0,659.0,1457.0,1424.0
ITA,Italy,RES,CR+,CR/LFINF/CDH+ERM+LFC:16.0/H:>4/RES,RURAL,736.0,453433896.0,80017747.0,4794.0,353853.0,533451642.0,113186.0,3610.0,481.0,1281.0
ITA,Italy,RES,CR+,CR/LFINF/CDH+ERM+LFC:16.0/H:>6/RES,URBAN,101.0,271371718.0,47889127.0,2198.0,190597.0,319260845.0,61072.0,1170.0,1887.0,1424.0
ITA,Italy,RES,CR+,CR/LFINF/CDH+ERM+LFC:17.0/H:1/RES,RURAL,1174.0,201038151.0,35477319.0,1961.0,156887.0,236515468.0,50007.0,1463.0,134.0,1281.0
ITA,Italy,RES,CR+,CR/LFINF/CDH+ERM+LFC:17.0/H:1/RES,URBAN,469.0,85204349.0,15036061.0,939.0,59843.0,100240411.0,19075.0,584.0,128.0,1424.0
ITA,Italy,RES,CR+,CR/LFINF/CDH+ERM+LFC:17.0/H:2/RES,URBAN,1661.0,327203179.0,57741738.0,3395.0,229810.0,384944916.0,73315.0,2095.0,138.0,1424.0
ITA,Italy,RES,CR+,CR/LFINF/CDH+ERM+LFC:17.0/H:2/RES,RURAL,2684.0,508740009.0,89777651.0,5011.0,397013.0,598517659.0,126658.0,3603.0,148.0,1281.0
ITA,Italy,RES,CR+,CR/LFINF/CDH+ERM+LFC:17.0/H:3/RES,RURAL,1206.0,294386256.0,51950516.0,2643.0,229734.0,346336773.0,73356.0,1984.0,190.0,1281.0
ITA,Italy,RES,CR+,CR/LFINF/CDH+ERM+LFC:17.0/H:3/RES,URBAN,1585.0,536497495.0,94676028.0,5730.0,376807.0,631173525.0,120317.0,3569.0,238.0,1424.0
ITA,Italy,RES,CR+,CR/LFINF/CDH+ERM+LFC:17.0/H:4/RES,URBAN,249.0,273318244.0,48232632.0,3332.0,191964.0,321550873.0,61349.0,2071.0,771.0,1424.0
ITA,Italy,RES,CR+,CR/LFINF/CDH+ERM+LFC:17.0/H:5/RES,URBAN,231.0,257418144.0,45426732.0,2468.0,180797.0,302844878.0,57831.0,1558.0,783.0,1424.0
ITA,Italy,RES,CR+,CR/LFINF/CDH+ERM+LFC:17.0/H:6/RES,URBAN,170.0,310024525.0,54710210.0,2593.0,217744.0,364734736.0,69710.0,1628.0,1281.0,1424.0
ITA,Italy,RES,CR+,CR/LFINF/CDH+ERM+LFC:17.0/H:>4/RES,RURAL,175.0,100633232.0,17758806.0,1226.0,78533.0,118392038.0,25120.0,828.0,449.0,1281.0
ITA,Italy,RES,CR+,CR/LFINF/CDH+ERM+LFC:17.0/H:>6/RES,URBAN,198.0,365457254.0,64492457.0,2655.0,256677.0,429949711.0,82246.0,1702.0,1296.0,1424.0
ITA,Italy,RES,CR+,CR/LFINF/CDH+ERM+LFC:18.0/H:1/RES,RURAL,165.0,19985172.0,3526795.0,245.0,15596.0,23511968.0,4971.0,196.0,95.0,1281.0
ITA,Italy,RES,CR+,CR/LFINF/CDH+ERM+LFC:18.0/H:1/RES,URBAN,160.0,32769765.0,5782900.0,426.0,23016.0,38552665.0,7336.0,236.0,144.0,1424.0
ITA,Italy,RES,CR+,CR/LFINF/CDH+ERM+LFC:18.0/H:2/RES,URBAN,311.0,139763854.0,24664209.0,1757.0,98163.0,164428063.0,31316.0,973.0,316.0,1424.0
ITA,Italy,RES,CR+,CR/LFINF/CDH+ERM+LFC:18.0/H:2/RES,RURAL,263.0,54185666.0,9562176.0,516.0,42286.0,63747844.0,13490.0,359.0,161.0,1281.0
ITA,Italy,RES,CR+,CR/LFINF/CDH+ERM+LFC:18.0/H:3/RES,RURAL,52.0,22127062.0,3904776.0,230.0,17268.0,26031839.0,5514.0,144.0,332.0,1281.0
ITA,Italy,RES,CR+,CR/LFINF/CDH+ERM+LFC:18.0/H:3/RES,URBAN,26.0,19080097.0,3367076.0,199.0,13401.0,22447173.0,4279.0,110.0,515.0,1424.0
ITA,Italy,RES,CR+,CR/LFINF/CDH+ERM+LFC:18.0/H:>4/RES,RURAL,3.0,2046951.0,361227.0,35.0,1597.0,2408178.0,511.0,19.0,532.0,1282.0
ITA,Italy,RES,CR+,CR/LFINF/CDH+ERM+LFC:18.0/H:>6/RES,URBAN,8.0,8268423.0,1459133.0,75.0,5807.0,9727556.0,1861.0,42.0,726.0,1424.0
ITA,Italy,RES,CR+,CR/LFINF/CDH+ERM+LFC:3.0/H:1/RES,RURAL,694.0,138554256.0,24450749.0,1544.0,108126.0,163005008.0,34465.0,956.0,156.0,1281.0
ITA,Italy,RES,CR+,CR/LFINF/CDH+ERM+LFC:3.0/H:1/RES,URBAN,142.0,69577103.0,12278313.0,938.0,48867.0,81855415.0,15576.0,607.0,344.0,1424.0
ITA,Italy,RES,CR+,CR/LFINF/CDH+ERM+LFC:3.0/H:2/RES,RURAL,1852.0,655458583.0,115669158.0,7302.0,511510.0,771127743.0,163185.0,4822.0,276.0,1281.0
ITA,Italy,RES,CR+,CR/LFINF/CDH+ERM+LFC:3.0/H:2/RES,URBAN,1444.0,368419470.0,65015200.0,4323.0,258758.0,433434669.0,82551.0,2706.0,179.0,1424.0
ITA,Italy,RES,CR+,CR/LFINF/CDH+ERM+LFC:3.0/H:3/RES,URBAN,585.0,474132256.0,83670398.0,5939.0,333005.0,557802656.0,106331.0,3759.0,569.0,1424.0
ITA,Italy,RES,CR+,CR/LFINF/CDH+ERM+LFC:3.0/H:3/RES,RURAL,629.0,290643374.0,51290007.0,3694.0,226814.0,341933380.0,72423.0,2376.0,361.0,1281.0
ITA,Italy,RES,CR+,CR/LFINF/CDH+ERM+LFC:3.0/H:4/RES,URBAN,193.0,361594164.0,63810736.0,4956.0,253964.0,425404898.0,81164.0,3119.0,1316.0,1424.0
ITA,Italy,RES,CR+,CR/LFINF/CDH+ERM+LFC:3.0/H:5/RES,URBAN,138.0,383716753.0,67714720.0,4221.0,269502.0,451431473.0,86205.0,2632.0,1953.0,1424.0
ITA,Italy,RES,CR+,CR/LFINF/CDH+ERM+LFC:3.0/H:6/RES,URBAN,88.0,277044238.0,48890161.0,2428.0,194581.0,325934398.0,62294.0,1586.0,2211.0,1424.0
ITA,Italy,RES,CR+,CR/LFINF/CDH+ERM+LFC:3.0/H:>4/RES,RURAL,207.0,137835702.0,24323946.0,1925.0,107565.0,162159649.0,34406.0,1275.0,520.0,1281.0
ITA,Italy,RES,CR+,CR/LFINF/CDH+ERM+LFC:3.0/H:>6/RES,URBAN,88.0,357173654.0,63030645.0,2715.0,250859.0,420204299.0,80382.0,1728.0,2851.0,1424.0
ITA,Italy,RES,CR+,CR/LFINF/CDH+ERM+LFC:4.0/H:1/RES,BIG_CITY,63.0,19334301.0,3411935.0,195.0,10446.0,22746236.0,3330.0,129.0,166.0,1851.0
ITA,Italy,RES,CR+,CR/LFINF/CDH+ERM+LFC:4.0/H:1/RES,RURAL,2811.0,596767332.0,105311885.0,6150.0,465708.0,702079219.0,148443.0,4217.0,166.0,1281.0
ITA,Italy,RES,CR+,CR/LFINF/CDH+ERM+LFC:4.0/H:1/RES,URBAN,3474.0,744198518.0,131329150.0,7138.0,522685.0,875527667.0,166604.0,4676.0,150.0,1424.0
ITA,Italy,RES,CR+,CR/LFINF/CDH+ERM+LFC:4.0/H:2/RES,BIG_CITY,334.0,108603377.0,19165301.0,840.0,58675.0,127768679.0,18719.0,558.0,176.0,1851.0
ITA,Italy,RES,CR+,CR/LFINF/CDH+ERM+LFC:4.0/H:2/RES,RURAL,8631.0,2737977190.0,483172452.0,29664.0,2136674.0,3221149652.0,681656.0,20065.0,248.0,1281.0
ITA,Italy,RES,CR+,CR/LFINF/CDH+ERM+LFC:4.0/H:2/RES,URBAN,12270.0,3784412164.0,667837446.0,39176.0,2657966.0,4452249605.0,847961.0,25980.0,217.0,1424.0
ITA,Italy,RES,CR+,CR/LFINF/CDH+ERM+LFC:4.0/H:3/RES,BIG_CITY,156.0,113610916.0,20048985.0,1165.0,61380.0,133659902.0,19599.0,774.0,393.0,1851.0
ITA,Italy,RES,CR+,CR/LFINF/CDH+ERM+LFC:4.0/H:3/RES,RURAL,3804.0,1964268433.0,346635609.0,24618.0,1532884.0,2310904049.0,489460.0,16876.0,403.0,1281.0
ITA,Italy,RES,CR+,CR/LFINF/CDH+ERM+LFC:4.0/H:3/RES,URBAN,3422.0,2567720532.0,453127153.0,30417.0,1803428.0,3020847685.0,575846.0,20525.0,527.0,1424.0
ITA,Italy,RES,CR+,CR/LFINF/CDH+ERM+LFC:4.0/H:4/RES,URBAN,1123.0,2104563349.0,371393531.0,25580.0,1478131.0,2475956884.0,472391.0,17226.0,1316.0,1424.0
ITA,Italy,RES,CR+,CR/LFINF/CDH+ERM+LFC:4.0/H:5/RES,URBAN,781.0,2079519343.0,366973999.0,19619.0,1460542.0,2446493335.0,467178.0,13434.0,1870.0,1424.0
ITA,Italy,RES,CR+,CR/LFINF/CDH+ERM+LFC:4.0/H:6/RES,URBAN,393.0,1301742622.0,229719288.0,10536.0,914274.0,1531461909.0,292702.0,6986.0,2326.0,1424.0
ITA,Italy,RES,CR+,CR/LFINF/CDH+ERM+LFC:4.0/H:>4/RES,BIG_CITY,631.0,2709288827.0,478109793.0,26395.0,1463737.0,3187398620.0,468200.0,17551.0,2320.0,1851.0
ITA,Italy,RES,CR+,CR/LFINF/CDH+ERM+LFC:4.0/H:>4/RES,RURAL,1878.0,2203527085.0,388857720.0,30124.0,1719598.0,2592384809.0,550042.0,21500.0,916.0,1281.0
ITA,Italy,RES,CR+,CR/LFINF/CDH+ERM+LFC:4.0/H:>6/RES,URBAN,303.0,1009166051.0,178088126.0,7039.0,708784.0,1187254180.0,227113.0,4559.0,2339.0,1424.0
ITA,Italy,RES,CR+,CR/LFINF/CDH+ERM+LFC:5.0/H:1/RES,BIG_CITY,3.0,5185704.0,915124.0,48.0,2802.0,6100829.0,893.0,31.0,934.0,1851.0
ITA,Italy,RES,CR+,CR/LFINF/CDH+ERM+LFC:5.0/H:1/RES,RURAL,4085.0,817659569.0,144292869.0,8844.0,638089.0,961952428.0,203389.0,6239.0,156.0,1281.0
ITA,Italy,RES,CR+,CR/LFINF/CDH+ERM+LFC:5.0/H:1/RES,URBAN,2161.0,456902730.0,80629896.0,5210.0,320904.0,537532621.0,102287.0,3088.0,148.0,1424.0
ITA,Italy,RES,CR+,CR/LFINF/CDH+ERM+LFC:5.0/H:2/RES,BIG_CITY,160.0,85326140.0,15057554.0,665.0,46099.0,100383694.0,14707.0,433.0,288.0,1851.0
ITA,Italy,RES,CR+,CR/LFINF/CDH+ERM+LFC:5.0/H:2/RES,RURAL,11845.0,3200658409.0,564822071.0,34323.0,2497743.0,3765480490.0,796846.0,23452.0,211.0,1281.0
ITA,Italy,RES,CR+,CR/LFINF/CDH+ERM+LFC:5.0/H:2/RES,URBAN,6658.0,2061412807.0,363778730.0,22515.0,1447825.0,2425191534.0,461894.0,13773.0,217.0,1424.0
ITA,Italy,RES,CR+,CR/LFINF/CDH+ERM+LFC:5.0/H:3/RES,RURAL,4230.0,1857727787.0,327834322.0,22615.0,1449742.0,2185562109.0,462912.0,15978.0,343.0,1281.0
ITA,Italy,RES,CR+,CR/LFINF/CDH+ERM+LFC:5.0/H:3/RES,URBAN,2953.0,1631031111.0,287829019.0,19090.0,1145548.0,1918860132.0,365781.0,12018.0,388.0,1424.0
ITA,Italy,RES,CR+,CR/LFINF/CDH+ERM+LFC:5.0/H:3/RES,BIG_CITY,58.0,45381287.0,8008462.0,419.0,24518.0,53389749.0,7829.0,273.0,423.0,1851.0
ITA,Italy,RES,CR+,CR/LFINF/CDH+ERM+LFC:5.0/H:4/RES,URBAN,1252.0,1748885020.0,308626772.0,21731.0,1228322.0,2057511792.0,392555.0,13645.0,981.0,1424.0
ITA,Italy,RES,CR+,CR/LFINF/CDH+ERM+LFC:5.0/H:5/RES,URBAN,596.0,1129191548.0,199269099.0,11462.0,793083.0,1328460651.0,253681.0,7236.0,1331.0,1424.0
ITA,Italy,RES,CR+,CR/LFINF/CDH+ERM+LFC:5.0/H:6/RES,URBAN,307.0,671560443.0,118510669.0,5853.0,471668.0,790071108.0,151003.0,3617.0,1536.0,1424.0
ITA,Italy,RES,CR+,CR/LFINF/CDH+ERM+LFC:5.0/H:>4/RES,URBAN,4.0,2626042.0,463419.0,40.0,1844.0,3089461.0,590.0,24.0,461.0,1424.0
ITA,Italy,RES,CR+,CR/LFINF/CDH+ERM+LFC:5.0/H:>4/RES,RURAL,997.0,722534347.0,127506062.0,9070.0,563854.0,850040411.0,180358.0,6510.0,566.0,1281.0
ITA,Italy,RES,CR+,CR/LFINF/CDH+ERM+LFC:5.0/H:>4/RES,BIG_CITY,32.0,90831578.0,16029102.0,966.0,49073.0,106860680.0,15697.0,628.0,1534.0,1851.0
ITA,Italy,RES,CR+,CR/LFINF/CDH+ERM+LFC:5.0/H:>6/RES,URBAN,307.0,803727388.0,141834243.0,5488.0,564495.0,945561631.0,180879.0,3425.0,1839.0,1424.0
ITA,Italy,RES,CR+,CR/LFINF/CDH+ERM+LFC:6.0/H:1/RES,BIG_CITY,101.0,25871519.0,4565562.0,272.0,13978.0,30437082.0,4455.0,143.0,138.0,1851.0
ITA,Italy,RES,CR+,CR/LFINF/CDH+ERM+LFC:6.0/H:1/RES,RURAL,1960.0,440076290.0,77660528.0,4911.0,343429.0,517736807.0,109467.0,3351.0,175.0,1281.0
ITA,Italy,RES,CR+,CR/LFINF/CDH+ERM+LFC:6.0/H:1/RES,URBAN,1976.0,456296719.0,80522951.0,4645.0,320478.0,536819670.0,102151.0,3032.0,162.0,1424.0
ITA,Italy,RES,CR+,CR/LFINF/CDH+ERM+LFC:6.0/H:2/RES,RURAL,6869.0,2294088405.0,404839129.0,26791.0,1790270.0,2698927536.0,571144.0,17297.0,261.0,1281.0
ITA,Italy,RES,CR+,CR/LFINF/CDH+ERM+LFC:6.0/H:2/RES,BIG_CITY,89.0,90816437.0,16026430.0,748.0,49065.0,106842867.0,15653.0,392.0,551.0,1851.0
ITA,Italy,RES,CR+,CR/LFINF/CDH+ERM+LFC:6.0/H:2/RES,URBAN,6177.0,2228707679.0,393301356.0,22583.0,1565324.0,2622009036.0,499379.0,14291.0,253.0,1424.0
ITA,Italy,RES,CR+,CR/LFINF/CDH+ERM+LFC:6.0/H:3/RES,URBAN,2514.0,1489235586.0,262806277.0,17583.0,1045958.0,1752041863.0,333981.0,11140.0,416.0,1424.0
ITA,Italy,RES,CR+,CR/LFINF/CDH+ERM+LFC:6.0/H:3/RES,RURAL,2998.0,1301717468.0,229714846.0,16438.0,1015840.0,1531432319.0,324365.0,10882.0,339.0,1281.0
ITA,Italy,RES,CR+,CR/LFINF/CDH+ERM+LFC:6.0/H:3/RES,BIG_CITY,47.0,34733943.0,6129519.0,400.0,18766.0,40863462.0,5992.0,209.0,399.0,1851.0
ITA,Italy,RES,CR+,CR/LFINF/CDH+ERM+LFC:6.0/H:4/RES,URBAN,886.0,1284327891.0,226646102.0,15259.0,902042.0,1510973988.0,288281.0,10100.0,1018.0,1424.0
ITA,Italy,RES,CR+,CR/LFINF/CDH+ERM+LFC:6.0/H:5/RES,URBAN,575.0,1078102486.0,190253385.0,9767.0,757201.0,1268355868.0,242203.0,6616.0,1317.0,1424.0
ITA,Italy,RES,CR+,CR/LFINF/CDH+ERM+LFC:6.0/H:6/RES,URBAN,208.0,527040552.0,93007156.0,4199.0,370165.0,620047708.0,118507.0,2616.0,1780.0,1424.0
ITA,Italy,RES,CR+,CR/LFINF/CDH+ERM+LFC:6.0/H:>4/RES,RURAL,696.0,454032096.0,80123313.0,5810.0,354320.0,534155412.0,113335.0,3925.0,509.0,1281.0
ITA,Italy,RES,CR+,CR/LFINF/CDH+ERM+LFC:6.0/H:>4/RES,BIG_CITY,198.0,513868333.0,90682647.0,5803.0,277626.0,604550980.0,88803.0,3043.0,1402.0,1851.0
ITA,Italy,RES,CR+,CR/LFINF/CDH+ERM+LFC:6.0/H:>6/RES,URBAN,145.0,361171021.0,63736062.0,2550.0,253667.0,424907086.0,81282.0,1582.0,1749.0,1424.0
ITA,Italy,RES,CR+,CR/LFINF/CDH+ERM+LFC:7.0/H:1/RES,URBAN,2548.0,511163168.0,90205270.0,5755.0,359013.0,601368432.0,114434.0,3431.0,141.0,1424.0
ITA,Italy,RES,CR+,CR/LFINF/CDH+ERM+LFC:7.0/H:1/RES,RURAL,2133.0,450065525.0,79423328.0,5280.0,351224.0,529488856.0,111952.0,3434.0,165.0,1281.0
ITA,Italy,RES,CR+,CR/LFINF/CDH+ERM+LFC:7.0/H:2/RES,RURAL,7373.0,2128718611.0,375656227.0,25158.0,1661219.0,2504374833.0,529973.0,16139.0,225.0,1281.0
ITA,Italy,RES,CR+,CR/LFINF/CDH+ERM+LFC:7.0/H:2/RES,URBAN,7478.0,2399820077.0,423497664.0,27230.0,1685504.0,2823317738.0,537720.0,16422.0,225.0,1424.0
ITA,Italy,RES,CR+,CR/LFINF/CDH+ERM+LFC:7.0/H:3/RES,RURAL,2885.0,1234141254.0,217789638.0,15054.0,963104.0,1451930885.0,307526.0,9990.0,334.0,1281.0
ITA,Italy,RES,CR+,CR/LFINF/CDH+ERM+LFC:7.0/H:3/RES,URBAN,3331.0,2023497556.0,357087800.0,25056.0,1421195.0,2380585362.0,453797.0,15303.0,427.0,1424.0
ITA,Italy,RES,CR+,CR/LFINF/CDH+ERM+LFC:7.0/H:4/RES,URBAN,983.0,1409024950.0,248651466.0,18470.0,989623.0,1657676406.0,316270.0,11285.0,1007.0,1424.0
ITA,Italy,RES,CR+,CR/LFINF/CDH+ERM+LFC:7.0/H:5/RES,URBAN,523.0,911227322.0,160804821.0,8808.0,639997.0,1072032139.0,204714.0,5622.0,1224.0,1424.0
ITA,Italy,RES,CR+,CR/LFINF/CDH+ERM+LFC:7.0/H:6/RES,URBAN,217.0,504669835.0,89059384.0,4220.0,354453.0,593729219.0,113477.0,2661.0,1633.0,1424.0
ITA,Italy,RES,CR+,CR/LFINF/CDH+ERM+LFC:7.0/H:>4/RES,RURAL,822.0,569650521.0,100526563.0,7349.0,444546.0,670177087.0,142196.0,4926.0,541.0,1281.0
ITA,Italy,RES,CR+,CR/LFINF/CDH+ERM+LFC:7.0/H:>6/RES,URBAN,181.0,577688623.0,101945052.0,3905.0,405737.0,679633672.0,130009.0,2461.0,2242.0,1424.0
ITA,Italy,RES,CR+,CR/LFINF/CDH+ERM+LFC:8.0/H:1/RES,URBAN,2894.0,791577300.0,139690112.0,8844.0,555961.0,931267411.0,177211.0,5416.0,192.0,1424.0
ITA,Italy,RES,CR+,CR/LFINF/CDH+ERM+LFC:8.0/H:1/RES,RURAL,2562.0,493079668.0,87014057.0,5829.0,384792.0,580093730.0,122651.0,3832.0,150.0,1281.0
ITA,Italy,RES,CR+,CR/LFINF/CDH+ERM+LFC:8.0/H:1/RES,BIG_CITY,1515.0,644126396.0,113669364.0,6421.0,348000.0,757795760.0,110924.0,3875.0,230.0,1851.0
ITA,Italy,RES,CR+,CR/LFINF/CDH+ERM+LFC:8.0/H:2/RES,BIG_CITY,6772.0,4314360038.0,761357653.0,39928.0,2330902.0,5075717692.0,743619.0,23962.0,344.0,1851.0
ITA,Italy,RES,CR+,CR/LFINF/CDH+ERM+LFC:8.0/H:2/RES,RURAL,9380.0,2717419939.0,479544687.0,31721.0,2120632.0,3196964636.0,676538.0,21021.0,226.0,1281.0
ITA,Italy,RES,CR+,CR/LFINF/CDH+ERM+LFC:8.0/H:2/RES,URBAN,12967.0,4101455844.0,723786333.0,45571.0,2880640.0,4825242171.0,919000.0,27370.0,222.0,1424.0
ITA,Italy,RES,CR+,CR/LFINF/CDH+ERM+LFC:8.0/H:3/RES,BIG_CITY,2458.0,2118625501.0,373875089.0,21859.0,1144621.0,2492500589.0,365485.0,13122.0,466.0,1851.0
ITA,Italy,RES,CR+,CR/LFINF/CDH+ERM+LFC:8.0/H:3/RES,RURAL,3518.0,1394821468.0,246144965.0,17488.0,1088497.0,1640966439.0,347564.0,11303.0,309.0,1281.0
ITA,Italy,RES,CR+,CR/LFINF/CDH+ERM+LFC:8.0/H:3/RES,URBAN,5722.0,2728321705.0,481468534.0,32596.0,1916225.0,3209790245.0,611863.0,19676.0,335.0,1424.0
ITA,Italy,RES,CR+,CR/LFINF/CDH+ERM+LFC:8.0/H:4/RES,URBAN,1521.0,1704557233.0,300804217.0,24115.0,1197189.0,2005361452.0,382605.0,14374.0,787.0,1424.0
ITA,Italy,RES,CR+,CR/LFINF/CDH+ERM+LFC:8.0/H:5/RES,URBAN,806.0,1191287985.0,210227291.0,13471.0,836696.0,1401515274.0,267631.0,7947.0,1038.0,1424.0
ITA,Italy,RES,CR+,CR/LFINF/CDH+ERM+LFC:8.0/H:6/RES,URBAN,404.0,571130112.0,100787667.0,5108.0,401131.0,671917779.0,128421.0,3026.0,993.0,1424.0
ITA,Italy,RES,CR+,CR/LFINF/CDH+ERM+LFC:8.0/H:>4/RES,RURAL,854.0,537198864.0,94799796.0,7298.0,419222.0,631998658.0,134095.0,4761.0,491.0,1281.0
ITA,Italy,RES,CR+,CR/LFINF/CDH+ERM+LFC:8.0/H:>4/RES,BIG_CITY,1893.0,6307524338.0,1113092530.0,77311.0,3407741.0,7420616868.0,1090022.0,46599.0,1800.0,1851.0
ITA,Italy,RES,CR+,CR/LFINF/CDH+ERM+LFC:8.0/H:>6/RES,URBAN,273.0,587204062.0,103624244.0,4454.0,412420.0,690828307.0,132150.0,2674.0,1511.0,1424.0
ITA,Italy,RES,CR+,CR/LFINF/CDH+ERM+LFC:9.0/H:1/RES,RURAL,3488.0,621230435.0,109628896.0,6704.0,484798.0,730859329.0,154528.0,4926.0,139.0,1281.0
ITA,Italy,RES,CR+,CR/LFINF/CDH+ERM+LFC:9.0/H:1/RES,URBAN,3934.0,832582132.0,146926253.0,10068.0,584761.0,979508383.0,186390.0,6031.0,149.0,1424.0
ITA,Italy,RES,CR+,CR/LFINF/CDH+ERM+LFC:9.0/H:2/RES,RURAL,10259.0,2821964313.0,497993698.0,32244.0,2202217.0,3319958023.0,702565.0,21989.0,215.0,1281.0
ITA,Italy,RES,CR+,CR/LFINF/CDH+ERM+LFC:9.0/H:2/RES,URBAN,12710.0,4014053741.0,708362430.0,47398.0,2819254.0,4722416177.0,899416.0,28556.0,222.0,1424.0
ITA,Italy,RES,CR+,CR/LFINF/CDH+ERM+LFC:9.0/H:3/RES,RURAL,4170.0,1768277018.0,312048889.0,21105.0,1379936.0,2080325896.0,440623.0,14426.0,331.0,1281.0
ITA,Italy,RES,CR+,CR/LFINF/CDH+ERM+LFC:9.0/H:3/RES,URBAN,5782.0,3040136060.0,536494604.0,38222.0,2135227.0,3576630658.0,681792.0,22608.0,369.0,1424.0
ITA,Italy,RES,CR+,CR/LFINF/CDH+ERM+LFC:9.0/H:4/RES,URBAN,1994.0,2310586540.0,407750563.0,29821.0,1622831.0,2718337098.0,518635.0,17795.0,814.0,1424.0
ITA,Italy,RES,CR+,CR/LFINF/CDH+ERM+LFC:9.0/H:5/RES,URBAN,972.0,1640047717.0,289420186.0,17261.0,1151881.0,1929467902.0,368448.0,10419.0,1185.0,1424.0
ITA,Italy,RES,CR+,CR/LFINF/CDH+ERM+LFC:9.0/H:6/RES,URBAN,253.0,558502603.0,98559283.0,5001.0,392262.0,657061886.0,125581.0,2935.0,1550.0,1424.0
ITA,Italy,RES,CR+,CR/LFINF/CDH+ERM+LFC:9.0/H:>4/RES,RURAL,1095.0,676533711.0,119388300.0,8373.0,527956.0,795922011.0,168876.0,5793.0,482.0,1281.0
ITA,Italy,RES,CR+,CR/LFINF/CDH+ERM+LFC:9.0/H:>4/RES,URBAN,4.0,5330787.0,940727.0,94.0,3744.0,6271514.0,1198.0,54.0,936.0,1424.0
ITA,Italy,RES,CR+,CR/LFINF/CDH+ERM+LFC:9.0/H:>6/RES,URBAN,203.0,422693687.0,74592999.0,3287.0,296877.0,497286692.0,95127.0,2021.0,1462.0,1424.0
ITA,Italy,COM,CR+,CR/LFINF/CDH+ERM/H:1/COM,RURAL,7579.0,2935935213.0,733983789.0,0.0,1902660.0,3669918877.0,823579.0,0.0,251.0,1543.0
ITA,Italy,COM,CR+,CR/LFINF/CDH+ERM/H:1/COM,URBAN,6271.0,2384133262.0,596033296.0,0.0,1550189.0,2980166519.0,671006.0,0.0,247.0,1538.0
ITA,Italy,COM,CR+,CR/LFINF/CDH+ERM/H:1/COM,BIG_CITY,267.0,99572274.0,24893065.0,0.0,65466.0,124465343.0,28337.0,0.0,245.0,1521.0
ITA,Italy,COM,CR+,CR/LFINF/CDH+ERM/H:2/COM,URBAN,2729.0,2101882146.0,525470523.0,0.0,1366106.0,2627352690.0,591895.0,0.0,501.0,1539.0
ITA,Italy,COM,CR+,CR/LFINF/CDH+ERM/H:2/COM,RURAL,2583.0,1957513940.0,489378467.0,0.0,1264235.0,2446892405.0,547758.0,0.0,489.0,1548.0
ITA,Italy,COM,CR+,CR/LFINF/CDH+ERM/H:2/COM,BIG_CITY,222.0,167995284.0,41998822.0,0.0,110754.0,209994105.0,47986.0,0.0,499.0,1517.0
ITA,Italy,COM,CR+,CR/LFINF/CDH+ERM/H:3/COM,URBAN,1172.0,1436063365.0,359015846.0,0.0,921263.0,1795079190.0,399541.0,0.0,786.0,1559.0
ITA,Italy,COM,CR+,CR/LFINF/CDH+ERM/H:3/COM,RURAL,742.0,862077956.0,215519474.0,0.0,549493.0,1077597414.0,238309.0,0.0,741.0,1569.0
ITA,Italy,COM,CR+,CR/LFINF/CDH+ERM/H:3/COM,BIG_CITY,145.0,169967052.0,42491761.0,0.0,110516.0,212458815.0,47929.0,0.0,762.0,1538.0
ITA,Italy,COM,CR+,CR/LFINF/CDH+ERM/H:4/COM,BIG_CITY,179.0,278390710.0,69597679.0,0.0,182349.0,347988388.0,79158.0,0.0,1019.0,1527.0
ITA,Italy,COM,CR+,CR/LFINF/CDH+ERM/H:4/COM,URBAN,882.0,1398015830.0,349503962.0,0.0,904699.0,1747519811.0,392735.0,0.0,1026.0,1545.0
ITA,Italy,COM,CR+,CR/LFINF/CDH+ERM/H:4/COM,RURAL,395.0,592948310.0,148237091.0,0.0,374280.0,741185409.0,162477.0,0.0,948.0,1584.0
ITA,Italy,COM,CR+,CR/LFINF/CDH+ERM/H:5/COM,BIG_CITY,119.0,233676355.0,58419088.0,0.0,155125.0,292095440.0,67405.0,0.0,1304.0,1506.0
ITA,Italy,COM,CR+,CR/LFINF/CDH+ERM/H:5/COM,RURAL,153.0,293964222.0,73491057.0,0.0,182218.0,367455273.0,79178.0,0.0,1191.0,1613.0
ITA,Italy,COM,CR+,CR/LFINF/CDH+ERM/H:5/COM,URBAN,474.0,929000970.0,232250241.0,0.0,594880.0,1161251198.0,258489.0,0.0,1255.0,1562.0
ITA,Italy,COM,CR+,CR/LFINF/CDH+ERM/H:6/COM,URBAN,213.0,520034919.0,130008730.0,0.0,321726.0,650043645.0,139931.0,0.0,1510.0,1616.0
ITA,Italy,COM,CR+,CR/LFINF/CDH+ERM/H:6/COM,RURAL,68.0,161788521.0,40447131.0,0.0,98667.0,202235655.0,42914.0,0.0,1451.0,1640.0
ITA,Italy,COM,CR+,CR/LFINF/CDH+ERM/H:6/COM,BIG_CITY,53.0,130589401.0,32647349.0,0.0,83956.0,163236752.0,36516.0,0.0,1584.0,1555.0
ITA,Italy,COM,CR+,CR/LFINF/CDH+ERM/H:>6/COM,RURAL,19.0,29694881.0,7423719.0,0.0,17563.0,37118601.0,7646.0,0.0,924.0,1691.0
ITA,Italy,COM,CR+,CR/LFINF/CDH+ERM/H:>6/COM,URBAN,174.0,396191491.0,99047882.0,0.0,249785.0,495239372.0,108746.0,0.0,1436.0,1586.0
ITA,Italy,COM,CR+,CR/LFINF/CDH+ERM/H:>6/COM,BIG_CITY,123.0,286247077.0,71561770.0,0.0,188554.0,357808842.0,82088.0,0.0,1533.0,1518.0
ITA,Italy,RES,CR-,CR/LFINF/CDL+ERL+LFC:0.0/H:1/RES,BIG_CITY,10897.0,4085333070.0,720941131.0,40010.0,2207167.0,4806274204.0,703526.0,23049.0,203.0,1851.0
ITA,Italy,RES,CR-,CR/LFINF/CDL+ERL+LFC:0.0/H:1/RES,RURAL,82946.0,15973357297.0,2818827709.0,187366.0,12465357.0,18792185212.0,3973323.0,116202.0,150.0,1281.0
ITA,Italy,RES,CR-,CR/LFINF/CDL+ERL+LFC:0.0/H:1/RES,URBAN,154509.0,32235405141.0,5688600898.0,379768.0,22640403.0,37924006009.0,7216554.0,217751.0,147.0,1424.0
ITA,Italy,RES,CR-,CR/LFINF/CDL+ERL+LFC:0.0/H:2/RES,RURAL,369275.0,95307524444.0,16818975024.0,1083323.0,74376492.0,112126499352.0,23728107.0,666104.0,201.0,1281.0
ITA,Italy,RES,CR-,CR/LFINF/CDL+ERL+LFC:0.0/H:2/RES,URBAN,509612.0,155083883129.0,27367744099.0,1767696.0,108922519.0,182451627221.0,34749148.0,1014148.0,214.0,1424.0
ITA,Italy,RES,CR-,CR/LFINF/CDL+ERL+LFC:0.0/H:2/RES,BIG_CITY,30143.0,15359860770.0,2710563666.0,140570.0,8298411.0,18070424433.0,2647410.0,83134.0,275.0,1851.0
ITA,Italy,RES,CR-,CR/LFINF/CDL+ERL+LFC:0.0/H:3/RES,BIG_CITY,26219.0,23352329946.0,4120999402.0,227581.0,12616471.0,27473329349.0,4028518.0,135132.0,481.0,1851.0
ITA,Italy,RES,CR-,CR/LFINF/CDL+ERL+LFC:0.0/H:3/RES,RURAL,208028.0,74351170008.0,13120794673.0,901421.0,58022483.0,87471964752.0,18526993.0,563141.0,279.0,1281.0
ITA,Italy,RES,CR-,CR/LFINF/CDL+ERL+LFC:0.0/H:3/RES,URBAN,307120.0,159585839536.0,28162207009.0,1928515.0,112084450.0,187748046506.0,35789278.0,1116717.0,365.0,1424.0
ITA,Italy,RES,CR-,CR/LFINF/CDL+ERL+LFC:0.0/H:4/RES,URBAN,126702.0,218425074270.0,38545601325.0,2775141.0,153409941.0,256970675650.0,49027729.0,1639532.0,1211.0,1424.0
ITA,Italy,RES,CR-,CR/LFINF/CDL+ERL+LFC:0.0/H:5/RES,URBAN,54132.0,123310902783.0,21760747568.0,1240105.0,86606899.0,145071650339.0,27702643.0,734633.0,1600.0,1424.0
ITA,Italy,RES,CR-,CR/LFINF/CDL+ERL+LFC:0.0/H:6/RES,URBAN,24348.0,71333609151.0,12588283962.0,596652.0,50100863.0,83921893115.0,16039620.0,354440.0,2058.0,1424.0
ITA,Italy,RES,CR-,CR/LFINF/CDL+ERL+LFC:0.0/H:>4/RES,BIG_CITY,101012.0,421474222135.0,74377803908.0,4169322.0,227708203.0,495852026040.0,72836196.0,2532245.0,2254.0,1851.0
ITA,Italy,RES,CR-,CR/LFINF/CDL+ERL+LFC:0.0/H:>4/RES,RURAL,81636.0,61252723480.0,10809304123.0,812534.0,47800661.0,72062027443.0,15289857.0,520529.0,586.0,1281.0
ITA,Italy,RES,CR-,CR/LFINF/CDL+ERL+LFC:0.0/H:>4/RES,URBAN,210.0,218452544.0,38550449.0,2646.0,153429.0,257002994.0,49077.0,1610.0,731.0,1424.0
ITA,Italy,RES,CR-,CR/LFINF/CDL+ERL+LFC:0.0/H:>6/RES,URBAN,23297.0,91124369358.0,16080771053.0,649609.0,64000821.0,107205140412.0,20507565.0,385346.0,2747.0,1424.0
ITA,Italy,RES,CR-,CR/LFINF/CDL+ERL+LFC:10.0/H:1/RES,URBAN,9195.0,1673028939.0,295240399.0,19461.0,1175045.0,1968269347.0,374541.0,11815.0,128.0,1424.0
ITA,Italy,RES,CR-,CR/LFINF/CDL+ERL+LFC:10.0/H:1/RES,RURAL,7718.0,1207732860.0,213129305.0,14958.0,942496.0,1420862200.0,300419.0,9598.0,122.0,1281.0
ITA,Italy,RES,CR-,CR/LFINF/CDL+ERL+LFC:10.0/H:2/RES,URBAN,28661.0,7244318425.0,1278409132.0,81378.0,5088017.0,8522727559.0,1623211.0,49157.0,178.0,1424.0
ITA,Italy,RES,CR-,CR/LFINF/CDL+ERL+LFC:10.0/H:2/RES,RURAL,26673.0,4947222850.0,873039332.0,57458.0,3860735.0,5820262199.0,1231679.0,36716.0,145.0,1281.0
ITA,Italy,RES,CR-,CR/LFINF/CDL+ERL+LFC:10.0/H:3/RES,RURAL,18441.0,4800744425.0,847190195.0,55650.0,3746425.0,5647934646.0,1196260.0,35609.0,203.0,1281.0
ITA,Italy,RES,CR-,CR/LFINF/CDL+ERL+LFC:10.0/H:3/RES,URBAN,20944.0,8746410142.0,1543484139.0,99793.0,6143005.0,10289894288.0,1961500.0,59816.0,293.0,1424.0
ITA,Italy,RES,CR-,CR/LFINF/CDL+ERL+LFC:10.0/H:4/RES,URBAN,7348.0,8723779287.0,1539490462.0,102119.0,6127110.0,10263269751.0,1958141.0,62100.0,834.0,1424.0
ITA,Italy,RES,CR-,CR/LFINF/CDL+ERL+LFC:10.0/H:5/RES,URBAN,4195.0,6450223428.0,1138274724.0,59891.0,4530288.0,7588498155.0,1449087.0,36211.0,1080.0,1424.0
ITA,Italy,RES,CR-,CR/LFINF/CDL+ERL+LFC:10.0/H:6/RES,URBAN,2452.0,4558816534.0,804497036.0,34970.0,3201866.0,5363313563.0,1025066.0,21497.0,1306.0,1424.0
ITA,Italy,RES,CR-,CR/LFINF/CDL+ERL+LFC:10.0/H:>4/RES,RURAL,7354.0,3672484167.0,648085434.0,42808.0,2865949.0,4320569596.0,916723.0,28080.0,390.0,1281.0
ITA,Italy,RES,CR-,CR/LFINF/CDL+ERL+LFC:10.0/H:>6/RES,URBAN,3567.0,7375704871.0,1301594978.0,47805.0,5180296.0,8677299845.0,1659904.0,29888.0,1452.0,1424.0
ITA,Italy,RES,CR-,CR/LFINF/CDL+ERL+LFC:12.5/H:1/RES,URBAN,693.0,131350956.0,23179578.0,1692.0,92254.0,154530538.0,29406.0,1029.0,133.0,1424.0
ITA,Italy,RES,CR-,CR/LFINF/CDL+ERL+LFC:12.5/H:1/RES,RURAL,774.0,106711683.0,18831469.0,1511.0,83276.0,125543173.0,26544.0,967.0,108.0,1281.0
ITA,Italy,RES,CR-,CR/LFINF/CDL+ERL+LFC:12.5/H:2/RES,URBAN,1727.0,463640210.0,81818861.0,6036.0,325636.0,545459068.0,103886.0,3710.0,189.0,1424.0
ITA,Italy,RES,CR-,CR/LFINF/CDL+ERL+LFC:12.5/H:2/RES,RURAL,1664.0,276427375.0,48781316.0,3386.0,215720.0,325208708.0,68821.0,2193.0,130.0,1281.0
ITA,Italy,RES,CR-,CR/LFINF/CDL+ERL+LFC:12.5/H:3/RES,URBAN,1086.0,559216843.0,98685324.0,7280.0,392764.0,657902164.0,125412.0,4489.0,362.0,1424.0
ITA,Italy,RES,CR-,CR/LFINF/CDL+ERL+LFC:12.5/H:3/RES,RURAL,866.0,190358290.0,33592643.0,2271.0,148553.0,223950935.0,47434.0,1471.0,172.0,1281.0
ITA,Italy,RES,CR-,CR/LFINF/CDL+ERL+LFC:12.5/H:4/RES,URBAN,550.0,487115544.0,85961566.0,5758.0,342124.0,573077106.0,109338.0,3520.0,622.0,1424.0
ITA,Italy,RES,CR-,CR/LFINF/CDL+ERL+LFC:12.5/H:>4/RES,URBAN,6.0,2881399.0,508482.0,31.0,2024.0,3389881.0,647.0,18.0,337.0,1424.0
ITA,Italy,RES,CR-,CR/LFINF/CDL+ERL+LFC:12.5/H:>4/RES,RURAL,299.0,117259030.0,20692767.0,1258.0,91507.0,137951798.0,29270.0,826.0,306.0,1281.0
ITA,Italy,RES,CR-,CR/LFINF/CDL+ERL+LFC:4.0/H:1/RES,RURAL,254.0,57145260.0,10084461.0,720.0,44595.0,67229714.0,14215.0,419.0,176.0,1281.0
ITA,Italy,RES,CR-,CR/LFINF/CDL+ERL+LFC:4.0/H:1/RES,URBAN,1983.0,448828756.0,79205075.0,6117.0,315233.0,528033829.0,100479.0,3134.0,159.0,1424.0
ITA,Italy,RES,CR-,CR/LFINF/CDL+ERL+LFC:4.0/H:1/RES,BIG_CITY,133.0,52737156.0,9306557.0,560.0,28492.0,62043713.0,9082.0,338.0,214.0,1851.0
ITA,Italy,RES,CR-,CR/LFINF/CDL+ERL+LFC:4.0/H:2/RES,RURAL,889.0,238700934.0,42123697.0,2831.0,186278.0,280824632.0,59428.0,1628.0,210.0,1281.0
ITA,Italy,RES,CR-,CR/LFINF/CDL+ERL+LFC:4.0/H:2/RES,BIG_CITY,239.0,89856928.0,15857105.0,894.0,48547.0,105714033.0,15488.0,539.0,203.0,1851.0
ITA,Italy,RES,CR-,CR/LFINF/CDL+ERL+LFC:4.0/H:2/RES,URBAN,4738.0,1404410437.0,247837135.0,19294.0,986382.0,1652247570.0,314682.0,9814.0,208.0,1424.0
ITA,Italy,RES,CR-,CR/LFINF/CDL+ERL+LFC:4.0/H:3/RES,BIG_CITY,172.0,101285934.0,17873988.0,1032.0,54721.0,119159922.0,17473.0,622.0,318.0,1851.0
ITA,Italy,RES,CR-,CR/LFINF/CDL+ERL+LFC:4.0/H:3/RES,RURAL,660.0,239801795.0,42317967.0,3082.0,187138.0,282119755.0,59754.0,1726.0,284.0,1281.0
ITA,Italy,RES,CR-,CR/LFINF/CDL+ERL+LFC:4.0/H:3/RES,URBAN,3348.0,1674984043.0,295585416.0,23676.0,1176418.0,1970569460.0,375638.0,11801.0,351.0,1424.0
ITA,Italy,RES,CR-,CR/LFINF/CDL+ERL+LFC:4.0/H:4/RES,URBAN,1603.0,2505622150.0,442168611.0,37867.0,1759813.0,2947790766.0,562412.0,18570.0,1098.0,1424.0
ITA,Italy,RES,CR-,CR/LFINF/CDL+ERL+LFC:4.0/H:5/RES,URBAN,647.0,1479589652.0,261104058.0,17764.0,1039184.0,1740693715.0,332400.0,8614.0,1606.0,1424.0
ITA,Italy,RES,CR-,CR/LFINF/CDL+ERL+LFC:4.0/H:6/RES,URBAN,217.0,633014421.0,111708428.0,6081.0,444595.0,744722850.0,142336.0,3022.0,2049.0,1424.0
ITA,Italy,RES,CR-,CR/LFINF/CDL+ERL+LFC:4.0/H:>4/RES,BIG_CITY,232.0,640284211.0,112991331.0,6216.0,345924.0,753275543.0,110649.0,3747.0,1491.0,1851.0
ITA,Italy,RES,CR-,CR/LFINF/CDL+ERL+LFC:4.0/H:>4/RES,RURAL,281.0,230654237.0,40703688.0,3072.0,179999.0,271357926.0,57576.0,1770.0,641.0,1281.0
ITA,Italy,RES,CR-,CR/LFINF/CDL+ERL+LFC:4.0/H:>6/RES,URBAN,232.0,945110318.0,166784173.0,7741.0,663794.0,1111894490.0,212697.0,3858.0,2861.0,1424.0
ITA,Italy,RES,CR-,CR/LFINF/CDL+ERL+LFC:7.0/H:1/RES,BIG_CITY,401.0,131739324.0,23248116.0,1232.0,71174.0,154987440.0,22687.0,647.0,177.0,1851.0
ITA,Italy,RES,CR-,CR/LFINF/CDL+ERL+LFC:7.0/H:1/RES,RURAL,18169.0,3170235839.0,559453391.0,38203.0,2474002.0,3729689297.0,788586.0,23858.0,136.0,1281.0
ITA,Italy,RES,CR-,CR/LFINF/CDL+ERL+LFC:7.0/H:1/RES,URBAN,21905.0,4368907638.0,770983701.0,51352.0,3068484.0,5139891316.0,978069.0,28867.0,140.0,1424.0
ITA,Italy,RES,CR-,CR/LFINF/CDL+ERL+LFC:7.0/H:2/RES,URBAN,71286.0,20700303257.0,3652994691.0,230137.0,14538772.0,24353297941.0,4638250.0,132938.0,204.0,1424.0
ITA,Italy,RES,CR-,CR/LFINF/CDL+ERL+LFC:7.0/H:2/RES,BIG_CITY,865.0,375795470.0,66316848.0,3099.0,203030.0,442112317.0,64772.0,1633.0,235.0,1851.0
ITA,Italy,RES,CR-,CR/LFINF/CDL+ERL+LFC:7.0/H:2/RES,RURAL,68758.0,14923690890.0,2633592518.0,168670.0,11646214.0,17557283419.0,3715457.0,106138.0,169.0,1281.0
ITA,Italy,RES,CR-,CR/LFINF/CDL+ERL+LFC:7.0/H:3/RES,BIG_CITY,356.0,411971341.0,72700825.0,4001.0,222574.0,484672166.0,71069.0,2159.0,625.0,1851.0
ITA,Italy,RES,CR-,CR/LFINF/CDL+ERL+LFC:7.0/H:3/RES,URBAN,48796.0,23744632307.0,4190229229.0,274676.0,16676944.0,27934861548.0,5325054.0,160751.0,342.0,1424.0
ITA,Italy,RES,CR-,CR/LFINF/CDL+ERL+LFC:7.0/H:3/RES,RURAL,47103.0,14810720261.0,2613656544.0,170551.0,11558053.0,17424376752.0,3690568.0,107682.0,245.0,1281.0
ITA,Italy,RES,CR-,CR/LFINF/CDL+ERL+LFC:7.0/H:4/RES,URBAN,14982.0,20856466748.0,3680552961.0,251509.0,14648453.0,24537019721.0,4681446.0,147935.0,978.0,1424.0
ITA,Italy,RES,CR-,CR/LFINF/CDL+ERL+LFC:7.0/H:5/RES,URBAN,7479.0,12524773363.0,2210254127.0,121225.0,8796722.0,14735027477.0,2813777.0,70499.0,1176.0,1424.0
ITA,Italy,RES,CR-,CR/LFINF/CDL+ERL+LFC:7.0/H:6/RES,URBAN,3694.0,7850803998.0,1385436005.0,62750.0,5513979.0,9236240003.0,1765282.0,36597.0,1493.0,1424.0
ITA,Italy,RES,CR-,CR/LFINF/CDL+ERL+LFC:7.0/H:>4/RES,BIG_CITY,424.0,2158925072.0,380986778.0,22415.0,1166394.0,2539911850.0,373090.0,11993.0,2751.0,1851.0
ITA,Italy,RES,CR-,CR/LFINF/CDL+ERL+LFC:7.0/H:>4/RES,RURAL,21178.0,11401592470.0,2012045714.0,140899.0,8897623.0,13413638210.0,2846057.0,88433.0,420.0,1281.0
ITA,Italy,RES,CR-,CR/LFINF/CDL+ERL+LFC:7.0/H:>4/RES,URBAN,181.0,123217658.0,21744291.0,1432.0,86541.0,144961951.0,27682.0,859.0,478.0,1424.0
ITA,Italy,RES,CR-,CR/LFINF/CDL+ERL+LFC:7.0/H:>6/RES,URBAN,3780.0,11272979232.0,1989349272.0,75585.0,7917530.0,13262328500.0,2536987.0,44121.0,2095.0,1424.0
ITA,Italy,COM,CR-,CR/LFINF/CDL+ERL/H:1/COM,BIG_CITY,4717.0,1714391936.0,428597978.0,0.0,1156952.0,2142989920.0,500788.0,0.0,245.0,1482.0
ITA,Italy,COM,CR-,CR/LFINF/CDL+ERL/H:1/COM,RURAL,51826.0,18993725210.0,4748431193.0,0.0,12709943.0,23742155890.0,5501579.0,0.0,245.0,1494.0
ITA,Italy,COM,CR-,CR/LFINF/CDL+ERL/H:1/COM,URBAN,75968.0,27983939096.0,6995984656.0,0.0,18768048.0,34979923839.0,8123800.0,0.0,247.0,1491.0
ITA,Italy,COM,CR-,CR/LFINF/CDL+ERL/H:2/COM,BIG_CITY,5224.0,3750010515.0,937502622.0,0.0,2530522.0,4687513135.0,1096396.0,0.0,484.0,1482.0
ITA,Italy,COM,CR-,CR/LFINF/CDL+ERL/H:2/COM,URBAN,35432.0,26206861902.0,6551715362.0,0.0,17607784.0,32758577440.0,7628922.0,0.0,497.0,1488.0
ITA,Italy,COM,CR-,CR/LFINF/CDL+ERL/H:2/COM,RURAL,20880.0,15543628179.0,3885906819.0,0.0,10416336.0,19429535054.0,4513107.0,0.0,499.0,1492.0
ITA,Italy,COM,CR-,CR/LFINF/CDL+ERL/H:3/COM,BIG_CITY,3673.0,4011601217.0,1002900306.0,0.0,2703033.0,5014501524.0,1172268.0,0.0,736.0,1484.0
ITA,Italy,COM,CR-,CR/LFINF/CDL+ERL/H:3/COM,RURAL,5932.0,6749077870.0,1687269385.0,0.0,4522082.0,8436347293.0,1961175.0,0.0,762.0,1492.0
ITA,Italy,COM,CR-,CR/LFINF/CDL+ERL/H:3/COM,URBAN,17502.0,19631797520.0,4907949356.0,0.0,13173163.0,24539746913.0,5713031.0,0.0,753.0,1490.0
ITA,Italy,COM,CR-,CR/LFINF/CDL+ERL/H:4/COM,BIG_CITY,4445.0,6625621791.0,1656405452.0,0.0,4466929.0,8282027244.0,1939109.0,0.0,1005.0,1483.0
ITA,Italy,COM,CR-,CR/LFINF/CDL+ERL/H:4/COM,RURAL,3343.0,5182703950.0,1295676039.0,0.0,3485746.0,6478380056.0,1513181.0,0.0,1043.0,1487.0
ITA,Italy,COM,CR-,CR/LFINF/CDL+ERL/H:4/COM,URBAN,15416.0,23218341977.0,5804585546.0,0.0,15582245.0,29022927540.0,6764317.0,0.0,1011.0,1490.0
ITA,Italy,COM,CR-,CR/LFINF/CDL+ERL/H:5/COM,BIG_CITY,3569.0,6472725634.0,1618181407.0,0.0,4353882.0,8090907039.0,1891852.0,0.0,1220.0,1487.0
ITA,Italy,COM,CR-,CR/LFINF/CDL+ERL/H:5/COM,RURAL,1295.0,2523730484.0,630932586.0,0.0,1688383.0,3154663047.0,733640.0,0.0,1304.0,1495.0
ITA,Italy,COM,CR-,CR/LFINF/CDL+ERL/H:5/COM,URBAN,9217.0,17114197102.0,4278549284.0,0.0,11452427.0,21392746306.0,4976324.0,0.0,1243.0,1494.0
ITA,Italy,COM,CR-,CR/LFINF/CDL+ERL/H:6/COM,URBAN,4313.0,9712556197.0,2428139009.0,0.0,6494272.0,12140695199.0,2824610.0,0.0,1506.0,1496.0
ITA,Italy,COM,CR-,CR/LFINF/CDL+ERL/H:6/COM,BIG_CITY,2394.0,5196303395.0,1299075849.0,0.0,3501941.0,6495379236.0,1523127.0,0.0,1463.0,1484.0
ITA,Italy,COM,CR-,CR/LFINF/CDL+ERL/H:6/COM,RURAL,408.0,956943727.0,239235916.0,0.0,640989.0,1196179641.0,278791.0,0.0,1571.0,1493.0
ITA,Italy,COM,CR-,CR/LFINF/CDL+ERL/H:>6/COM,URBAN,3991.0,8914249218.0,2228562287.0,0.0,5961257.0,11142811509.0,2595268.0,0.0,1494.0,1495.0
ITA,Italy,COM,CR-,CR/LFINF/CDL+ERL/H:>6/COM,RURAL,176.0,421383710.0,105345924.0,0.0,278638.0,526729633.0,121307.0,0.0,1583.0,1512.0
ITA,Italy,COM,CR-,CR/LFINF/CDL+ERL/H:>6/COM,BIG_CITY,6247.0,13231589382.0,3307897343.0,0.0,8884160.0,16539486723.0,3867766.0,0.0,1422.0,1489.0
ITA,Italy,RES,CR-,CR/LFINF/CDM+ERL+LFC:0.0/H:1/RES,URBAN,10103.0,2472363306.0,436299406.0,26549.0,1736454.0,2908662748.0,553491.0,16179.0,172.0,1424.0
ITA,Italy,RES,CR-,CR/LFINF/CDM+ERL+LFC:0.0/H:1/RES,BIG_CITY,789.0,298724274.0,52716046.0,2861.0,161391.0,351440324.0,51443.0,1723.0,205.0,1851.0
ITA,Italy,RES,CR-,CR/LFINF/CDM+ERL+LFC:0.0/H:1/RES,RURAL,9758.0,2169958661.0,382933854.0,24313.0,1693402.0,2552892617.0,539773.0,15575.0,174.0,1281.0
ITA,Italy,RES,CR-,CR/LFINF/CDM+ERL+LFC:0.0/H:2/RES,URBAN,46838.0,16848313194.0,2973231751.0,186036.0,11833343.0,19821544946.0,3775149.0,111441.0,253.0,1424.0
ITA,Italy,RES,CR-,CR/LFINF/CDM+ERL+LFC:0.0/H:2/RES,RURAL,43443.0,14779647411.0,2608173130.0,172619.0,11533804.0,17387820435.0,3679599.0,107145.0,265.0,1281.0
ITA,Italy,RES,CR-,CR/LFINF/CDM+ERL+LFC:0.0/H:2/RES,BIG_CITY,3841.0,2324065669.0,410129236.0,20622.0,1255614.0,2734194909.0,400574.0,12418.0,327.0,1851.0
ITA,Italy,RES,CR-,CR/LFINF/CDM+ERL+LFC:0.0/H:3/RES,URBAN,22857.0,15523592437.0,2739457490.0,192187.0,10902930.0,18263049910.0,3481377.0,115300.0,477.0,1424.0
ITA,Italy,RES,CR-,CR/LFINF/CDM+ERL+LFC:0.0/H:3/RES,RURAL,19896.0,10195866325.0,1799270534.0,133770.0,7956694.0,11995136841.0,2540632.0,84066.0,400.0,1281.0
ITA,Italy,RES,CR-,CR/LFINF/CDM+ERL+LFC:0.0/H:3/RES,BIG_CITY,1753.0,1653523718.0,291798304.0,16427.0,893343.0,1945322021.0,285250.0,9917.0,510.0,1851.0
ITA,Italy,RES,CR-,CR/LFINF/CDM+ERL+LFC:0.0/H:4/RES,URBAN,7343.0,11789535688.0,2080506299.0,155613.0,8280331.0,13870041980.0,2646283.0,95591.0,1128.0,1424.0
ITA,Italy,RES,CR-,CR/LFINF/CDM+ERL+LFC:0.0/H:5/RES,URBAN,4216.0,8878363168.0,1566769965.0,92435.0,6235681.0,10445133135.0,1994587.0,56920.0,1479.0,1424.0
ITA,Italy,RES,CR-,CR/LFINF/CDM+ERL+LFC:0.0/H:6/RES,URBAN,1823.0,4894761418.0,863781429.0,42259.0,3437815.0,5758542852.0,1100606.0,25979.0,1886.0,1424.0
ITA,Italy,RES,CR-,CR/LFINF/CDM+ERL+LFC:0.0/H:>4/RES,BIG_CITY,2956.0,12050583565.0,2126573570.0,130710.0,6510521.0,14177157137.0,2082497.0,80394.0,2202.0,1851.0
ITA,Italy,RES,CR-,CR/LFINF/CDM+ERL+LFC:0.0/H:>4/RES,RURAL,5074.0,4931697622.0,870299561.0,70859.0,3848619.0,5801997189.0,1231049.0,45405.0,758.0,1281.0
ITA,Italy,RES,CR-,CR/LFINF/CDM+ERL+LFC:0.0/H:>4/RES,URBAN,2.0,1242103.0,219195.0,17.0,872.0,1461297.0,279.0,11.0,436.0,1424.0
ITA,Italy,RES,CR-,CR/LFINF/CDM+ERL+LFC:0.0/H:>6/RES,URBAN,1387.0,4639795577.0,818787467.0,34162.0,3258741.0,5458583042.0,1044188.0,21094.0,2349.0,1424.0
ITA,Italy,RES,CR-,CR/LFINF/CDM+ERL+LFC:10.0/H:1/RES,URBAN,646.0,132937364.0,23459534.0,1356.0,93368.0,156396902.0,29761.0,842.0,145.0,1424.0
ITA,Italy,RES,CR-,CR/LFINF/CDM+ERL+LFC:10.0/H:1/RES,RURAL,1158.0,212207553.0,37448380.0,2502.0,165603.0,249655961.0,52786.0,1734.0,143.0,1281.0
ITA,Italy,RES,CR-,CR/LFINF/CDM+ERL+LFC:10.0/H:2/RES,URBAN,2129.0,519206891.0,91624749.0,5197.0,364663.0,610831640.0,116337.0,3264.0,171.0,1424.0
ITA,Italy,RES,CR-,CR/LFINF/CDM+ERL+LFC:10.0/H:2/RES,RURAL,2997.0,592235609.0,104512173.0,6191.0,462171.0,696747780.0,147446.0,4038.0,154.0,1281.0
ITA,Italy,RES,CR-,CR/LFINF/CDM+ERL+LFC:10.0/H:3/RES,URBAN,1801.0,623348766.0,110002727.0,6335.0,437806.0,733351488.0,139794.0,4002.0,243.0,1424.0
ITA,Italy,RES,CR-,CR/LFINF/CDM+ERL+LFC:10.0/H:3/RES,RURAL,1846.0,474747468.0,83778958.0,5017.0,370485.0,558526438.0,118299.0,3285.0,201.0,1281.0
ITA,Italy,RES,CR-,CR/LFINF/CDM+ERL+LFC:10.0/H:4/RES,URBAN,372.0,340966345.0,60170532.0,3739.0,239476.0,401136875.0,76533.0,2405.0,644.0,1424.0
ITA,Italy,RES,CR-,CR/LFINF/CDM+ERL+LFC:10.0/H:5/RES,URBAN,207.0,253120056.0,44668245.0,2181.0,177778.0,297788300.0,56865.0,1385.0,859.0,1424.0
ITA,Italy,RES,CR-,CR/LFINF/CDM+ERL+LFC:10.0/H:6/RES,URBAN,139.0,210173357.0,37089417.0,1537.0,147614.0,247262777.0,47258.0,965.0,1062.0,1424.0
ITA,Italy,RES,CR-,CR/LFINF/CDM+ERL+LFC:10.0/H:>4/RES,RURAL,569.0,298172152.0,52618616.0,3462.0,232689.0,350790764.0,74430.0,2234.0,409.0,1281.0
ITA,Italy,RES,CR-,CR/LFINF/CDM+ERL+LFC:10.0/H:>6/RES,URBAN,227.0,439668981.0,77588642.0,2673.0,308800.0,517257623.0,98948.0,1691.0,1360.0,1424.0
ITA,Italy,RES,CR-,CR/LFINF/CDM+ERL+LFC:4.0/H:1/RES,URBAN,1083.0,244330748.0,43117188.0,3056.0,171605.0,287447939.0,54699.0,1712.0,158.0,1424.0
ITA,Italy,RES,CR-,CR/LFINF/CDM+ERL+LFC:4.0/H:1/RES,RURAL,202.0,41238894.0,7277456.0,493.0,32182.0,48516337.0,10258.0,301.0,159.0,1281.0
ITA,Italy,RES,CR-,CR/LFINF/CDM+ERL+LFC:4.0/H:1/RES,BIG_CITY,108.0,61140467.0,10789495.0,583.0,33032.0,71929961.0,10529.0,352.0,306.0,1851.0
ITA,Italy,RES,CR-,CR/LFINF/CDM+ERL+LFC:4.0/H:2/RES,BIG_CITY,915.0,304995134.0,53822671.0,3179.0,164779.0,358817805.0,52569.0,1916.0,180.0,1851.0
ITA,Italy,RES,CR-,CR/LFINF/CDM+ERL+LFC:4.0/H:2/RES,URBAN,2982.0,805352380.0,142121007.0,10010.0,565636.0,947473389.0,180453.0,5609.0,190.0,1424.0
ITA,Italy,RES,CR-,CR/LFINF/CDM+ERL+LFC:4.0/H:2/RES,RURAL,593.0,143315737.0,25291009.0,1600.0,111841.0,168606744.0,35681.0,974.0,189.0,1281.0
ITA,Italy,RES,CR-,CR/LFINF/CDM+ERL+LFC:4.0/H:3/RES,RURAL,470.0,182659864.0,32234099.0,2291.0,142545.0,214893962.0,45516.0,1321.0,303.0,1281.0
ITA,Italy,RES,CR-,CR/LFINF/CDM+ERL+LFC:4.0/H:3/RES,BIG_CITY,134.0,164045522.0,28949210.0,1688.0,88628.0,192994733.0,28300.0,1017.0,661.0,1851.0
ITA,Italy,RES,CR-,CR/LFINF/CDM+ERL+LFC:4.0/H:3/RES,URBAN,1690.0,844704081.0,149065424.0,11103.0,593274.0,993769508.0,189436.0,5986.0,351.0,1424.0
ITA,Italy,RES,CR-,CR/LFINF/CDM+ERL+LFC:4.0/H:4/RES,URBAN,1024.0,1275905740.0,225159837.0,17326.0,896127.0,1501065579.0,286390.0,9466.0,875.0,1424.0
ITA,Italy,RES,CR-,CR/LFINF/CDM+ERL+LFC:4.0/H:5/RES,URBAN,348.0,616708592.0,108830929.0,6866.0,433143.0,725539519.0,138548.0,3618.0,1245.0,1424.0
ITA,Italy,RES,CR-,CR/LFINF/CDM+ERL+LFC:4.0/H:6/RES,URBAN,156.0,403021959.0,71121524.0,3652.0,283061.0,474143482.0,90621.0,1936.0,1814.0,1424.0
ITA,Italy,RES,CR-,CR/LFINF/CDM+ERL+LFC:4.0/H:>4/RES,BIG_CITY,129.0,314315268.0,55467400.0,3311.0,169814.0,369782668.0,54318.0,1996.0,1316.0,1851.0
ITA,Italy,RES,CR-,CR/LFINF/CDM+ERL+LFC:4.0/H:>4/RES,RURAL,203.0,154649848.0,27291149.0,1997.0,120686.0,181940998.0,38604.0,1186.0,595.0,1281.0
ITA,Italy,RES,CR-,CR/LFINF/CDM+ERL+LFC:4.0/H:>6/RES,URBAN,140.0,499858806.0,88210376.0,3999.0,351074.0,588069187.0,112493.0,2118.0,2508.0,1424.0
ITA,Italy,RES,CR-,CR/LFINF/CDM+ERL+LFC:7.0/H:1/RES,BIG_CITY,176.0,74876487.0,13213498.0,739.0,40453.0,88089985.0,12894.0,417.0,230.0,1851.0
ITA,Italy,RES,CR-,CR/LFINF/CDM+ERL+LFC:7.0/H:1/RES,RURAL,7095.0,1297140508.0,228907161.0,15259.0,1012268.0,1526047712.0,322662.0,9832.0,143.0,1281.0
ITA,Italy,RES,CR-,CR/LFINF/CDM+ERL+LFC:7.0/H:1/RES,URBAN,10818.0,2235353749.0,394474184.0,26181.0,1569991.0,2629827940.0,500431.0,14695.0,145.0,1424.0
ITA,Italy,RES,CR-,CR/LFINF/CDM+ERL+LFC:7.0/H:2/RES,BIG_CITY,322.0,151104893.0,26665570.0,1327.0,81637.0,177770462.0,26044.0,706.0,254.0,1851.0
ITA,Italy,RES,CR-,CR/LFINF/CDM+ERL+LFC:7.0/H:2/RES,RURAL,25864.0,6830311590.0,1205349124.0,78230.0,5330268.0,8035660696.0,1700503.0,48921.0,206.0,1281.0
ITA,Italy,RES,CR-,CR/LFINF/CDM+ERL+LFC:7.0/H:2/RES,URBAN,36860.0,11344917113.0,2002044192.0,126715.0,7968055.0,13346961299.0,2542020.0,73735.0,216.0,1424.0
ITA,Italy,RES,CR-,CR/LFINF/CDM+ERL+LFC:7.0/H:3/RES,RURAL,14021.0,5303874849.0,935977960.0,63560.0,4139060.0,6239852805.0,1321635.0,40003.0,295.0,1281.0
ITA,Italy,RES,CR-,CR/LFINF/CDM+ERL+LFC:7.0/H:3/RES,BIG_CITY,120.0,107986394.0,19056423.0,1052.0,58341.0,127042817.0,18629.0,570.0,486.0,1851.0
ITA,Italy,RES,CR-,CR/LFINF/CDM+ERL+LFC:7.0/H:3/RES,URBAN,20241.0,10791462411.0,1904375709.0,130935.0,7579339.0,12695838127.0,2420132.0,76652.0,374.0,1424.0
ITA,Italy,RES,CR-,CR/LFINF/CDM+ERL+LFC:7.0/H:4/RES,URBAN,5404.0,6784117362.0,1197197194.0,89987.0,4764797.0,7981314542.0,1522766.0,52634.0,882.0,1424.0
ITA,Italy,RES,CR-,CR/LFINF/CDM+ERL+LFC:7.0/H:5/RES,URBAN,2343.0,3677425723.0,648957477.0,38484.0,2582825.0,4326383216.0,826160.0,22472.0,1102.0,1424.0
ITA,Italy,RES,CR-,CR/LFINF/CDM+ERL+LFC:7.0/H:6/RES,URBAN,1033.0,2008849365.0,354502827.0,17119.0,1410907.0,2363352192.0,451698.0,10049.0,1366.0,1424.0
ITA,Italy,RES,CR-,CR/LFINF/CDM+ERL+LFC:7.0/H:>4/RES,RURAL,4181.0,2799297594.0,493993695.0,36025.0,2184528.0,3293291243.0,698760.0,22590.0,522.0,1281.0
ITA,Italy,RES,CR-,CR/LFINF/CDM+ERL+LFC:7.0/H:>4/RES,URBAN,36.0,28308374.0,4995595.0,420.0,19882.0,33303968.0,6360.0,251.0,552.0,1424.0
ITA,Italy,RES,CR-,CR/LFINF/CDM+ERL+LFC:7.0/H:>4/RES,BIG_CITY,154.0,549369605.0,96947577.0,6171.0,296806.0,646317183.0,94938.0,3519.0,1927.0,1851.0
ITA,Italy,RES,CR-,CR/LFINF/CDM+ERL+LFC:7.0/H:>6/RES,URBAN,968.0,2527042169.0,445948619.0,17871.0,1774858.0,2972990788.0,568712.0,10509.0,1834.0,1424.0
ITA,Italy,COM,CR-,CR/LFINF/CDM+ERL/H:1/COM,URBAN,13483.0,5220273672.0,1305068387.0,0.0,3398288.0,6525342074.0,1470960.0,0.0,252.0,1536.0
ITA,Italy,COM,CR-,CR/LFINF/CDM+ERL/H:1/COM,RURAL,10043.0,3865144969.0,966286194.0,0.0,2509248.0,4831430991.0,1086146.0,0.0,250.0,1540.0
ITA,Italy,COM,CR-,CR/LFINF/CDM+ERL/H:1/COM,BIG_CITY,529.0,191965512.0,47991378.0,0.0,126151.0,239956888.0,54605.0,0.0,238.0,1522.0
ITA,Italy,COM,CR-,CR/LFINF/CDM+ERL/H:2/COM,RURAL,4456.0,3334270724.0,833567630.0,0.0,2148768.0,4167838364.0,931003.0,0.0,482.0,1552.0
ITA,Italy,COM,CR-,CR/LFINF/CDM+ERL/H:2/COM,URBAN,5608.0,4312011931.0,1078002964.0,0.0,2805641.0,5390014921.0,1215602.0,0.0,500.0,1537.0
ITA,Italy,COM,CR-,CR/LFINF/CDM+ERL/H:2/COM,BIG_CITY,468.0,346772829.0,86693205.0,0.0,225399.0,433466038.0,97658.0,0.0,482.0,1538.0
ITA,Italy,COM,CR-,CR/LFINF/CDM+ERL/H:3/COM,BIG_CITY,310.0,346183479.0,86545869.0,0.0,225252.0,432729345.0,97689.0,0.0,727.0,1537.0
ITA,Italy,COM,CR-,CR/LFINF/CDM+ERL/H:3/COM,RURAL,1264.0,1428315113.0,357078755.0,0.0,918532.0,1785393859.0,398357.0,0.0,727.0,1555.0
ITA,Italy,COM,CR-,CR/LFINF/CDM+ERL/H:3/COM,URBAN,2557.0,3079047064.0,769761755.0,0.0,1978760.0,3848808817.0,858164.0,0.0,774.0,1556.0
ITA,Italy,COM,CR-,CR/LFINF/CDM+ERL/H:4/COM,BIG_CITY,370.0,575860922.0,143965230.0,0.0,378339.0,719826151.0,164238.0,0.0,1023.0,1522.0
ITA,Italy,COM,CR-,CR/LFINF/CDM+ERL/H:4/COM,RURAL,659.0,1003634261.0,250908582.0,0.0,638387.0,1254542852.0,277127.0,0.0,969.0,1572.0
ITA,Italy,COM,CR-,CR/LFINF/CDM+ERL/H:4/COM,URBAN,1964.0,3077155206.0,769288813.0,0.0,1988707.0,3846444011.0,863307.0,0.0,1013.0,1547.0
ITA,Italy,COM,CR-,CR/LFINF/CDM+ERL/H:5/COM,URBAN,1087.0,2192285113.0,548071286.0,0.0,1425338.0,2740356376.0,619340.0,0.0,1311.0,1538.0
ITA,Italy,COM,CR-,CR/LFINF/CDM+ERL/H:5/COM,BIG_CITY,295.0,566583918.0,141645979.0,0.0,373984.0,708229896.0,162504.0,0.0,1268.0,1515.0
ITA,Italy,COM,CR-,CR/LFINF/CDM+ERL/H:5/COM,RURAL,258.0,464780071.0,116195010.0,0.0,294982.0,580975069.0,128177.0,0.0,1143.0,1576.0
ITA,Italy,COM,CR-,CR/LFINF/CDM+ERL/H:6/COM,BIG_CITY,164.0,404868651.0,101217164.0,0.0,268108.0,506085813.0,116610.0,0.0,1635.0,1510.0
ITA,Italy,COM,CR-,CR/LFINF/CDM+ERL/H:6/COM,RURAL,93.0,217545541.0,54386379.0,0.0,139527.0,271931918.0,60686.0,0.0,1500.0,1559.0
ITA,Italy,COM,CR-,CR/LFINF/CDM+ERL/H:6/COM,URBAN,532.0,1286631506.0,321657866.0,0.0,826543.0,1608289366.0,359496.0,0.0,1554.0,1557.0
ITA,Italy,COM,CR-,CR/LFINF/CDM+ERL/H:>6/COM,RURAL,22.0,56535146.0,14133787.0,0.0,34583.0,70668932.0,15056.0,0.0,1572.0,1635.0
ITA,Italy,COM,CR-,CR/LFINF/CDM+ERL/H:>6/COM,BIG_CITY,347.0,759279985.0,189819993.0,0.0,490491.0,949099978.0,213538.0,0.0,1414.0,1548.0
ITA,Italy,COM,CR-,CR/LFINF/CDM+ERL/H:>6/COM,URBAN,455.0,1027124017.0,256780997.0,0.0,659266.0,1283905017.0,287016.0,0.0,1449.0,1558.0
ITA,Italy,IND,CR-,CR/LFINF/CDN+ERL/H:1/IND,URBAN,8328.0,13038628323.0,4346209435.0,0.0,13736439.0,17384837717.0,5536279.0,0.0,1649.0,949.0
ITA,Italy,IND,CR-,CR/LFINF/CDN+ERL/H:1/IND,RURAL,9092.0,14648800630.0,4882933542.0,0.0,15432786.0,19531734205.0,6219969.0,0.0,1697.0,949.0
ITA,Italy,IND,CR-,CR/LFINF/CDN+ERL/H:1/IND,BIG_CITY,240.0,287440052.0,95813352.0,0.0,302823.0,383253401.0,122049.0,0.0,1262.0,949.0
ITA,Italy,RES,CR-,CR/LFINF/CDN+ERL/H:1/RES,BIG_CITY,2972.0,1177929604.0,207869932.0,11538.0,636395.0,1385799526.0,202849.0,6668.0,214.0,1851.0
ITA,Italy,RES,CR-,CR/LFINF/CDN+ERL/H:1/RES,RURAL,27929.0,5341337515.0,942588969.0,62356.0,4168296.0,6283926522.0,1328660.0,39341.0,149.0,1281.0
ITA,Italy,RES,CR-,CR/LFINF/CDN+ERL/H:1/RES,URBAN,46182.0,9596640927.0,1693524844.0,112951.0,6740161.0,11290165815.0,2148417.0,64955.0,146.0,1424.0
ITA,Italy,RES,CR-,CR/LFINF/CDN+ERL/H:2/RES,BIG_CITY,9316.0,4509772576.0,795842216.0,42209.0,2436477.0,5305614791.0,777300.0,24909.0,262.0,1851.0
ITA,Italy,RES,CR-,CR/LFINF/CDN+ERL/H:2/RES,RURAL,111737.0,27821107295.0,4909607258.0,316401.0,21711154.0,32730714426.0,6926494.0,196730.0,194.0,1281.0
ITA,Italy,RES,CR-,CR/LFINF/CDN+ERL/H:2/RES,URBAN,150855.0,44899578897.0,7923455106.0,511275.0,31535032.0,52823034016.0,10060525.0,295742.0,209.0,1424.0
ITA,Italy,RES,CR-,CR/LFINF/CDN+ERL/H:3/RES,BIG_CITY,6402.0,5750076802.0,1014719433.0,56779.0,3106571.0,6764796235.0,991948.0,33667.0,485.0,1851.0
ITA,Italy,RES,CR-,CR/LFINF/CDN+ERL/H:3/RES,RURAL,63962.0,22277197284.0,3931270177.0,267261.0,17384774.0,26208467328.0,5551118.0,167943.0,272.0,1281.0
ITA,Italy,RES,CR-,CR/LFINF/CDN+ERL/H:3/RES,URBAN,90935.0,46194960377.0,8152051819.0,555896.0,32444838.0,54347012208.0,10359861.0,323788.0,357.0,1424.0
ITA,Italy,RES,CR-,CR/LFINF/CDN+ERL/H:4/RES,URBAN,36732.0,59609113280.0,10519255304.0,754712.0,41866212.0,70128368583.0,13379884.0,446294.0,1140.0,1424.0
ITA,Italy,RES,CR-,CR/LFINF/CDN+ERL/H:5/RES,URBAN,15636.0,33119095031.0,5844546211.0,331834.0,23261058.0,38963641249.0,7440440.0,196287.0,1488.0,1424.0
ITA,Italy,RES,CR-,CR/LFINF/CDN+ERL/H:6/RES,URBAN,7325.0,19791749911.0,3492661773.0,164683.0,13900653.0,23284411650.0,4450251.0,97722.0,1898.0,1424.0
ITA,Italy,COM,MR|MCF,MCF/LWAL/CDH+ERH/H:1/COM,URBAN,412.0,150911434.0,26631445.0,0.0,99170.0,177542852.0,42927.0,0.0,241.0,1522.0
ITA,Italy,COM,MR|MCF,MCF/LWAL/CDH+ERH/H:1/COM,BIG_CITY,8.0,1991870.0,351507.0,0.0,1112.0,2343374.0,482.0,0.0,139.0,1791.0
ITA,Italy,COM,MR|MCF,MCF/LWAL/CDH+ERH/H:1/COM,RURAL,595.0,227313900.0,40114228.0,0.0,145996.0,267428110.0,63196.0,0.0,245.0,1557.0
ITA,Italy,RES,MR|MCF,MCF/LWAL/CDH+ERH/H:1/RES,BIG_CITY,498.0,121758810.0,21486849.0,1379.0,69071.0,143245660.0,22016.0,826.0,139.0,1763.0
ITA,Italy,RES,MR|MCF,MCF/LWAL/CDH+ERH/H:1/RES,RURAL,31338.0,4991602618.0,880871017.0,58925.0,4090137.0,5872473627.0,1303721.0,42027.0,131.0,1220.0
ITA,Italy,RES,MR|MCF,MCF/LWAL/CDH+ERH/H:1/RES,URBAN,17723.0,3597726123.0,634892839.0,42248.0,2653190.0,4232618966.0,845696.0,25725.0,150.0,1356.0
ITA,Italy,COM,MR|MCF,MCF/LWAL/CDH+ERH/H:2/COM,RURAL,198.0,146806727.0,25907065.0,0.0,94081.0,172713804.0,40763.0,0.0,475.0,1560.0
ITA,Italy,COM,MR|MCF,MCF/LWAL/CDH+ERH/H:2/COM,URBAN,177.0,141624457.0,24992548.0,0.0,94597.0,166617011.0,40986.0,0.0,534.0,1497.0
ITA,Italy,COM,MR|MCF,MCF/LWAL/CDH+ERH/H:2/COM,BIG_CITY,11.0,9454895.0,1668511.0,0.0,6168.0,11123406.0,2673.0,0.0,561.0,1533.0
ITA,Italy,RES,MR|MCF,MCF/LWAL/CDH+ERH/H:2/RES,BIG_CITY,1684.0,795826454.0,140439964.0,7981.0,451456.0,936266417.0,144026.0,4837.0,268.0,1763.0
ITA,Italy,RES,MR|MCF,MCF/LWAL/CDH+ERH/H:2/RES,RURAL,79775.0,20719005195.0,3656295046.0,234918.0,16977225.0,24375300265.0,5416188.0,154834.0,213.0,1220.0
ITA,Italy,RES,MR|MCF,MCF/LWAL/CDH+ERH/H:2/RES,URBAN,48301.0,15534913698.0,2741455361.0,176061.0,11456426.0,18276369050.0,3654902.0,108223.0,237.0,1356.0
ITA,Italy,COM,MR|MCF,MCF/LWAL/CDH+ERH/H:3/COM,RURAL,53.0,59731029.0,10540771.0,0.0,38656.0,70271795.0,16764.0,0.0,729.0,1545.0
ITA,Italy,COM,MR|MCF,MCF/LWAL/CDH+ERH/H:3/COM,BIG_CITY,5.0,5523393.0,974717.0,0.0,3394.0,6498109.0,1472.0,0.0,679.0,1627.0
ITA,Italy,COM,MR|MCF,MCF/LWAL/CDH+ERH/H:3/COM,URBAN,68.0,70703755.0,12477130.0,0.0,45766.0,83180885.0,19848.0,0.0,673.0,1545.0
ITA,Italy,RES,MR|MCF,MCF/LWAL/CDH+ERH/H:3/RES,BIG_CITY,661.0,607049330.0,107126353.0,7024.0,344367.0,714175684.0,109958.0,4279.0,521.0,1763.0
ITA,Italy,RES,MR|MCF,MCF/LWAL/CDH+ERH/H:3/RES,URBAN,17961.0,10048203699.0,1773212418.0,126679.0,7410180.0,11821416138.0,2366119.0,78675.0,413.0,1356.0
ITA,Italy,RES,MR|MCF,MCF/LWAL/CDH+ERH/H:3/RES,RURAL,30747.0,11224949708.0,1980873469.0,136988.0,9197763.0,13205823164.0,2936909.0,91022.0,299.0,1220.0
ITA,Italy,RES,MR|MCF,MCF/LWAL/CDH+ERH/H:>4/RES,RURAL,6072.0,3721954542.0,656815522.0,48241.0,3049782.0,4378770023.0,975525.0,32465.0,502.0,1220.0
ITA,Italy,RES,MR|MCF,MCF/LWAL/CDH+ERH/H:>4/RES,URBAN,7721.0,10204037127.0,1800712443.0,137035.0,7525101.0,12004749559.0,2407028.0,89420.0,975.0,1356.0
ITA,Italy,RES,MR|MCF,MCF/LWAL/CDH+ERH/H:>4/RES,BIG_CITY,676.0,1643654605.0,290056695.0,19081.0,932411.0,1933711299.0,298247.0,11665.0,1379.0,1763.0
ITA,Italy,COM,MR|MCF,MCF/LWAL/CDL+ERL/H:1/COM,BIG_CITY,625.0,229680821.0,40531915.0,0.0,151276.0,270212731.0,65480.0,0.0,242.0,1518.0
ITA,Italy,COM,MR|MCF,MCF/LWAL/CDL+ERL/H:1/COM,RURAL,6443.0,2419887755.0,427039075.0,0.0,1561114.0,2846926545.0,675745.0,0.0,242.0,1550.0
ITA,Italy,COM,MR|MCF,MCF/LWAL/CDL+ERL/H:1/COM,URBAN,9570.0,3605792443.0,636316382.0,0.0,2333812.0,4242108613.0,1010205.0,0.0,244.0,1545.0
ITA,Italy,RES,MR|MCF,MCF/LWAL/CDL+ERL/H:1/RES,RURAL,95079.0,15826022487.0,2792827842.0,200296.0,12967897.0,18618849578.0,4133514.0,125522.0,136.0,1220.0
ITA,Italy,RES,MR|MCF,MCF/LWAL/CDL+ERL/H:1/RES,URBAN,95045.0,17898051106.0,3158479689.0,219897.0,13199153.0,21056530694.0,4207194.0,126054.0,139.0,1356.0
ITA,Italy,RES,MR|MCF,MCF/LWAL/CDL+ERL/H:1/RES,BIG_CITY,4431.0,1525009122.0,269119257.0,16097.0,865106.0,1794128378.0,275749.0,9790.0,195.0,1763.0
ITA,Italy,COM,MR|MCF,MCF/LWAL/CDL+ERL/H:2/COM,URBAN,4414.0,3332235898.0,588041599.0,0.0,2164559.0,3920277615.0,937842.0,0.0,490.0,1539.0
ITA,Italy,COM,MR|MCF,MCF/LWAL/CDL+ERL/H:2/COM,RURAL,2487.0,1884253744.0,332515272.0,0.0,1227585.0,2216769111.0,531880.0,0.0,494.0,1535.0
ITA,Italy,COM,MR|MCF,MCF/LWAL/CDL+ERL/H:2/COM,BIG_CITY,663.0,494975031.0,87348538.0,0.0,323401.0,582323574.0,140120.0,0.0,488.0,1531.0
ITA,Italy,RES,MR|MCF,MCF/LWAL/CDL+ERL/H:2/RES,RURAL,355875.0,80052109972.0,14126842896.0,951154.0,65594977.0,94178952881.0,20926587.0,588590.0,184.0,1220.0
ITA,Italy,RES,MR|MCF,MCF/LWAL/CDL+ERL/H:2/RES,BIG_CITY,8196.0,3629060479.0,640422439.0,35072.0,2058691.0,4269482913.0,656776.0,21203.0,251.0,1763.0
ITA,Italy,RES,MR|MCF,MCF/LWAL/CDL+ERL/H:2/RES,URBAN,282741.0,78079934829.0,13778812038.0,916585.0,57581073.0,91858746878.0,18369886.0,527111.0,204.0,1356.0
ITA,Italy,COM,MR|MCF,MCF/LWAL/CDL+ERL/H:3/COM,URBAN,2282.0,2741584280.0,483808989.0,0.0,1765777.0,3225393216.0,765797.0,0.0,774.0,1553.0
ITA,Italy,COM,MR|MCF,MCF/LWAL/CDL+ERL/H:3/COM,BIG_CITY,520.0,602827348.0,106381301.0,0.0,394986.0,709208649.0,171300.0,0.0,760.0,1526.0
ITA,Italy,COM,MR|MCF,MCF/LWAL/CDL+ERL/H:3/COM,RURAL,707.0,834537406.0,147271337.0,0.0,540323.0,981808681.0,234333.0,0.0,764.0,1545.0
ITA,Italy,RES,MR|MCF,MCF/LWAL/CDL+ERL/H:3/RES,URBAN,126219.0,54815171281.0,9673265533.0,689244.0,40424168.0,64488436804.0,12907705.0,399154.0,320.0,1356.0
ITA,Italy,RES,MR|MCF,MCF/LWAL/CDL+ERL/H:3/RES,RURAL,178685.0,50010871375.0,8825448199.0,620490.0,40979082.0,58836319244.0,13084936.0,390946.0,229.0,1220.0
ITA,Italy,RES,MR|MCF,MCF/LWAL/CDL+ERL/H:3/RES,BIG_CITY,5501.0,4270437224.0,753606566.0,44163.0,2422531.0,5024043787.0,773529.0,26606.0,440.0,1763.0
ITA,Italy,COM,MR|MCF,MCF/LWAL/CDL+ERL/H:4/COM,BIG_CITY,721.0,1224792166.0,216139797.0,0.0,760250.0,1440931960.0,330027.0,0.0,1054.0,1611.0
ITA,Italy,COM,MR|MCF,MCF/LWAL/CDL+ERL/H:4/COM,RURAL,431.0,727082250.0,128308618.0,0.0,455591.0,855390865.0,197774.0,0.0,1057.0,1596.0
ITA,Italy,COM,MR|MCF,MCF/LWAL/CDL+ERL/H:4/COM,URBAN,2146.0,3781836472.0,667382903.0,0.0,2310892.0,4449219342.0,1003169.0,0.0,1077.0,1637.0
ITA,Italy,COM,MR|MCF,MCF/LWAL/CDL+ERL/H:5/COM,BIG_CITY,517.0,1075688143.0,189827318.0,0.0,669296.0,1265515460.0,290823.0,0.0,1295.0,1607.0
ITA,Italy,COM,MR|MCF,MCF/LWAL/CDL+ERL/H:5/COM,RURAL,172.0,376751669.0,66485594.0,0.0,230095.0,443237254.0,99981.0,0.0,1338.0,1637.0
ITA,Italy,COM,MR|MCF,MCF/LWAL/CDL+ERL/H:5/COM,URBAN,1403.0,2959394828.0,522246146.0,0.0,1806694.0,3481640968.0,785048.0,0.0,1288.0,1638.0
ITA,Italy,COM,MR|MCF,MCF/LWAL/CDL+ERL/H:6/COM,URBAN,618.0,1678071476.0,296130267.0,0.0,1019938.0,1974201723.0,443611.0,0.0,1650.0,1645.0
ITA,Italy,COM,MR|MCF,MCF/LWAL/CDL+ERL/H:6/COM,RURAL,62.0,173199659.0,30564644.0,0.0,103597.0,203764302.0,45058.0,0.0,1671.0,1672.0
ITA,Italy,COM,MR|MCF,MCF/LWAL/CDL+ERL/H:6/COM,BIG_CITY,364.0,946828903.0,167087457.0,0.0,589319.0,1113916354.0,256317.0,0.0,1619.0,1607.0
ITA,Italy,RES,MR|MCF,MCF/LWAL/CDL+ERL/H:>4/RES,RURAL,42076.0,20322837759.0,3586383227.0,274171.0,16652604.0,23909220973.0,5326636.0,176595.0,396.0,1220.0
ITA,Italy,RES,MR|MCF,MCF/LWAL/CDL+ERL/H:>4/RES,BIG_CITY,9229.0,26866808174.0,4741201440.0,286640.0,15240985.0,31608009617.0,4875079.0,175407.0,1651.0,1763.0
ITA,Italy,RES,MR|MCF,MCF/LWAL/CDL+ERL/H:>4/RES,URBAN,54526.0,65039678055.0,11477590273.0,868671.0,47964364.0,76517268281.0,15342200.0,511924.0,880.0,1356.0
ITA,Italy,COM,MR|MCF,MCF/LWAL/CDL+ERL/H:>6/COM,URBAN,613.0,1704592364.0,300810422.0,0.0,1019797.0,2005402770.0,443975.0,0.0,1664.0,1672.0
ITA,Italy,COM,MR|MCF,MCF/LWAL/CDL+ERL/H:>6/COM,RURAL,23.0,76480535.0,13496563.0,0.0,40283.0,89977100.0,17537.0,0.0,1751.0,1899.0
ITA,Italy,COM,MR|MCF,MCF/LWAL/CDL+ERL/H:>6/COM,BIG_CITY,1022.0,2573203823.0,454094792.0,0.0,1591062.0,3027298612.0,692677.0,0.0,1557.0,1617.0
ITA,Italy,COM,MR|MCF,MCF/LWAL/CDM+ERM/H:1/COM,URBAN,727.0,272120736.0,48021318.0,0.0,177039.0,320142023.0,76633.0,0.0,244.0,1537.0
ITA,Italy,COM,MR|MCF,MCF/LWAL/CDM+ERM/H:1/COM,BIG_CITY,19.0,7939022.0,1401006.0,0.0,5306.0,9340023.0,2297.0,0.0,279.0,1496.0
ITA,Italy,COM,MR|MCF,MCF/LWAL/CDM+ERM/H:1/COM,RURAL,578.0,222239809.0,39218804.0,0.0,144811.0,261458576.0,62683.0,0.0,251.0,1535.0
ITA,Italy,RES,MR|MCF,MCF/LWAL/CDM+ERM/H:1/RES,URBAN,10331.0,2191317089.0,386703027.0,25924.0,1616016.0,2578020068.0,515103.0,15088.0,156.0,1356.0
ITA,Italy,RES,MR|MCF,MCF/LWAL/CDM+ERM/H:1/RES,BIG_CITY,270.0,62817278.0,11085400.0,663.0,35635.0,73902678.0,11359.0,402.0,132.0,1763.0
ITA,Italy,RES,MR|MCF,MCF/LWAL/CDM+ERM/H:1/RES,RURAL,14954.0,2683131357.0,473493861.0,32100.0,2198567.0,3156625027.0,700797.0,21028.0,147.0,1220.0
ITA,Italy,COM,MR|MCF,MCF/LWAL/CDM+ERM/H:2/COM,BIG_CITY,20.0,14448085.0,2549664.0,0.0,9305.0,16997747.0,4032.0,0.0,465.0,1553.0
ITA,Italy,COM,MR|MCF,MCF/LWAL/CDM+ERM/H:2/COM,RURAL,231.0,163336184.0,28824024.0,0.0,105276.0,192160231.0,45613.0,0.0,456.0,1552.0
ITA,Italy,COM,MR|MCF,MCF/LWAL/CDM+ERM/H:2/COM,URBAN,335.0,242108269.0,42724989.0,0.0,154272.0,284833271.0,66842.0,0.0,461.0,1569.0
ITA,Italy,RES,MR|MCF,MCF/LWAL/CDM+ERM/H:2/RES,URBAN,34412.0,12224040448.0,2157183648.0,142308.0,9014779.0,14381224038.0,2875956.0,83329.0,262.0,1356.0
ITA,Italy,RES,MR|MCF,MCF/LWAL/CDM+ERM/H:2/RES,RURAL,50436.0,14722038589.0,2598006811.0,176946.0,12063290.0,17320045449.0,3848524.0,109173.0,239.0,1220.0
ITA,Italy,RES,MR|MCF,MCF/LWAL/CDM+ERM/H:2/RES,BIG_CITY,681.0,407065770.0,71835137.0,3717.0,230920.0,478900906.0,73670.0,2268.0,339.0,1763.0
ITA,Italy,COM,MR|MCF,MCF/LWAL/CDM+ERM/H:3/COM,BIG_CITY,15.0,20370448.0,3594786.0,0.0,12670.0,23965232.0,5495.0,0.0,845.0,1608.0
ITA,Italy,COM,MR|MCF,MCF/LWAL/CDM+ERM/H:3/COM,RURAL,67.0,84995951.0,14999288.0,0.0,54339.0,99995231.0,23566.0,0.0,811.0,1564.0
ITA,Italy,COM,MR|MCF,MCF/LWAL/CDM+ERM/H:3/COM,URBAN,151.0,167960171.0,29640029.0,0.0,108472.0,197600210.0,47043.0,0.0,718.0,1548.0
ITA,Italy,RES,MR|MCF,MCF/LWAL/CDM+ERM/H:3/RES,RURAL,18680.0,7582967872.0,1338170859.0,99505.0,6213510.0,8921138676.0,1984026.0,62147.0,333.0,1220.0
ITA,Italy,RES,MR|MCF,MCF/LWAL/CDM+ERM/H:3/RES,URBAN,12616.0,7494940036.0,1322636484.0,98508.0,5527242.0,8817576556.0,1764887.0,58017.0,438.0,1356.0
ITA,Italy,RES,MR|MCF,MCF/LWAL/CDM+ERM/H:3/RES,BIG_CITY,293.0,269801513.0,47612031.0,2857.0,153053.0,317413544.0,48871.0,1753.0,522.0,1763.0
ITA,Italy,RES,MR|MCF,MCF/LWAL/CDM+ERM/H:>4/RES,URBAN,4641.0,6244321610.0,1101939112.0,88471.0,4604957.0,7346260714.0,1472974.0,53399.0,992.0,1356.0
ITA,Italy,RES,MR|MCF,MCF/LWAL/CDM+ERM/H:>4/RES,BIG_CITY,250.0,651005642.0,114883349.0,7399.0,369302.0,765888992.0,118127.0,4570.0,1477.0,1763.0
ITA,Italy,RES,MR|MCF,MCF/LWAL/CDM+ERM/H:>4/RES,RURAL,3252.0,2214563169.0,390805292.0,31205.0,1814621.0,2605368465.0,580440.0,19789.0,558.0,1220.0
ITA,Italy,RES,MR|MCF,MCF/LWAL/CDN+ERL/H:1/RES,BIG_CITY,63.0,18678048.0,3296124.0,177.0,10596.0,21974173.0,3377.0,110.0,168.0,1763.0
ITA,Italy,RES,MR|MCF,MCF/LWAL/CDN+ERL/H:1/RES,RURAL,6633.0,921580548.0,162631927.0,13233.0,755146.0,1084212316.0,240705.0,8683.0,114.0,1220.0
ITA,Italy,RES,MR|MCF,MCF/LWAL/CDN+ERL/H:1/RES,URBAN,2558.0,512221964.0,90392133.0,6570.0,377745.0,602614066.0,120406.0,3924.0,148.0,1356.0
ITA,Italy,RES,MR|MCF,MCF/LWAL/CDN+ERL/H:2/RES,BIG_CITY,235.0,115814029.0,20437769.0,1174.0,65699.0,136251797.0,20960.0,724.0,280.0,1763.0
ITA,Italy,RES,MR|MCF,MCF/LWAL/CDN+ERL/H:2/RES,RURAL,31737.0,6152236565.0,1085688824.0,74972.0,5041164.0,7237925378.0,1608273.0,48294.0,159.0,1220.0
ITA,Italy,RES,MR|MCF,MCF/LWAL/CDN+ERL/H:2/RES,URBAN,11951.0,3111748779.0,549132127.0,36572.0,2294800.0,3660880913.0,732104.0,21730.0,192.0,1356.0
ITA,Italy,RES,MR|MCF,MCF/LWAL/CDN+ERL/H:3/RES,URBAN,7383.0,2717316309.0,479526426.0,33261.0,2003921.0,3196842729.0,639866.0,19881.0,271.0,1356.0
ITA,Italy,RES,MR|MCF,MCF/LWAL/CDN+ERL/H:3/RES,BIG_CITY,194.0,168734391.0,29776657.0,1796.0,95720.0,198511049.0,30564.0,1102.0,493.0,1763.0
ITA,Italy,RES,MR|MCF,MCF/LWAL/CDN+ERL/H:3/RES,RURAL,25024.0,5596346492.0,987590581.0,69576.0,4585666.0,6583937069.0,1464240.0,45114.0,183.0,1220.0
ITA,Italy,RES,MR|MCF,MCF/LWAL/CDN+ERL/H:>4/RES,URBAN,2305.0,1556885074.0,274744422.0,19372.0,1148145.0,1831629484.0,367254.0,12085.0,498.0,1356.0
ITA,Italy,RES,MR|MCF,MCF/LWAL/CDN+ERL/H:>4/RES,RURAL,5976.0,1851076870.0,326660656.0,23702.0,1516779.0,2177737518.0,485170.0,15681.0,254.0,1220.0
ITA,Italy,RES,MR|MCF,MCF/LWAL/CDN+ERL/H:>4/RES,BIG_CITY,542.0,1205948358.0,212814415.0,12789.0,684110.0,1418762772.0,218824.0,7880.0,1262.0,1763.0
ITA,Italy,RES,MR|MCF,MR/LWAL/CDH+ERH/H:1/RES,BIG_CITY,236.0,92559331.0,16334001.0,999.0,55271.0,108893333.0,20839.0,605.0,234.0,1675.0
ITA,Italy,RES,MR|MCF,MR/LWAL/CDH+ERH/H:1/RES,RURAL,10661.0,1657405124.0,292483244.0,20736.0,1429562.0,1949888373.0,539003.0,14484.0,134.0,1159.0
ITA,Italy,RES,MR|MCF,MR/LWAL/CDH+ERH/H:1/RES,URBAN,6493.0,1218123488.0,214962967.0,14990.0,945601.0,1433086438.0,356529.0,8993.0,146.0,1288.0
ITA,Italy,RES,MR|MCF,MR/LWAL/CDH+ERH/H:2/RES,RURAL,28793.0,6189230774.0,1092217151.0,72482.0,5338397.0,7281447924.0,2014191.0,49115.0,185.0,1159.0
ITA,Italy,RES,MR|MCF,MR/LWAL/CDH+ERH/H:2/RES,BIG_CITY,2551.0,1042272436.0,183930430.0,9813.0,622379.0,1226202867.0,234824.0,5928.0,244.0,1675.0
ITA,Italy,RES,MR|MCF,MR/LWAL/CDH+ERH/H:2/RES,URBAN,16978.0,4839103272.0,853959410.0,58722.0,3756484.0,5693062683.0,1417328.0,35177.0,221.0,1288.0
ITA,Italy,RES,MR|MCF,MR/LWAL/CDH+ERH/H:3/RES,BIG_CITY,431.0,495298842.0,87405678.0,5561.0,295761.0,582704520.0,111669.0,3373.0,686.0,1675.0
ITA,Italy,RES,MR|MCF,MR/LWAL/CDH+ERH/H:3/RES,RURAL,11658.0,3535408519.0,623895608.0,43619.0,3049396.0,4159304122.0,1151347.0,29774.0,262.0,1159.0
ITA,Italy,RES,MR|MCF,MR/LWAL/CDH+ERH/H:3/RES,URBAN,5165.0,2383660964.0,420646045.0,31814.0,1850381.0,2804307030.0,698639.0,19190.0,358.0,1288.0
ITA,Italy,RES,MR|MCF,MR/LWAL/CDH+ERH/H:>4/RES,URBAN,1393.0,1514329486.0,267234611.0,22549.0,1175539.0,1781564104.0,444461.0,13842.0,844.0,1288.0
ITA,Italy,RES,MR|MCF,MR/LWAL/CDH+ERH/H:>4/RES,RURAL,1949.0,942889279.0,166392225.0,12467.0,813270.0,1109281498.0,307491.0,8527.0,417.0,1159.0
ITA,Italy,RES,MR|MCF,MR/LWAL/CDH+ERH/H:>4/RES,BIG_CITY,358.0,1221789189.0,215609857.0,14578.0,729574.0,1437399047.0,275845.0,8753.0,2038.0,1675.0
ITA,Italy,RES,MR|MCF,MR/LWAL/CDL+ERL/H:1/RES,BIG_CITY,92.0,28390569.0,5010102.0,297.0,16953.0,33400671.0,6392.0,180.0,184.0,1675.0
ITA,Italy,RES,MR|MCF,MR/LWAL/CDL+ERL/H:1/RES,RURAL,2187.0,365761475.0,64546150.0,4618.0,315480.0,430307589.0,118951.0,2868.0,144.0,1159.0
ITA,Italy,RES,MR|MCF,MR/LWAL/CDL+ERL/H:1/RES,URBAN,2166.0,405676976.0,71590051.0,5024.0,314918.0,477267026.0,118738.0,2887.0,145.0,1288.0
ITA,Italy,RES,MR|MCF,MR/LWAL/CDL+ERL/H:2/RES,BIG_CITY,193.0,96609082.0,17048661.0,957.0,57689.0,113657743.0,21766.0,581.0,299.0,1675.0
ITA,Italy,RES,MR|MCF,MR/LWAL/CDL+ERL/H:2/RES,RURAL,7146.0,1679156674.0,296321760.0,20316.0,1448323.0,1975478441.0,546461.0,12429.0,203.0,1159.0
ITA,Italy,RES,MR|MCF,MR/LWAL/CDL+ERL/H:2/RES,URBAN,5600.0,1689114217.0,298078983.0,19666.0,1311220.0,1987193200.0,494727.0,11404.0,234.0,1288.0
ITA,Italy,RES,MR|MCF,MR/LWAL/CDL+ERL/H:3/RES,RURAL,2565.0,774757529.0,136721911.0,9932.0,668252.0,911479453.0,252312.0,6127.0,261.0,1159.0
ITA,Italy,RES,MR|MCF,MR/LWAL/CDL+ERL/H:3/RES,BIG_CITY,64.0,46512286.0,8208052.0,470.0,27774.0,54720335.0,10487.0,289.0,434.0,1675.0
ITA,Italy,RES,MR|MCF,MR/LWAL/CDL+ERL/H:3/RES,URBAN,1795.0,838821162.0,148027261.0,10883.0,651158.0,986848410.0,245855.0,6261.0,363.0,1288.0
ITA,Italy,RES,MR|MCF,MR/LWAL/CDL+ERL/H:>4/RES,BIG_CITY,37.0,93402098.0,16482724.0,1078.0,55774.0,109884822.0,21088.0,659.0,1507.0,1675.0
ITA,Italy,RES,MR|MCF,MR/LWAL/CDL+ERL/H:>4/RES,RURAL,295.0,162282000.0,28638003.0,2257.0,139973.0,190919999.0,52923.0,1429.0,474.0,1159.0
ITA,Italy,RES,MR|MCF,MR/LWAL/CDL+ERL/H:>4/RES,URBAN,358.0,420296063.0,74169900.0,6136.0,326266.0,494465965.0,123359.0,3539.0,911.0,1288.0
ITA,Italy,RES,MR|MCF,MR/LWAL/CDM+ERM/H:1/RES,URBAN,4761.0,900949734.0,158991108.0,11040.0,699387.0,1059940833.0,263699.0,6477.0,147.0,1288.0
ITA,Italy,RES,MR|MCF,MR/LWAL/CDM+ERM/H:1/RES,BIG_CITY,139.0,43640742.0,7701309.0,454.0,26059.0,51342050.0,9825.0,276.0,187.0,1675.0
ITA,Italy,RES,MR|MCF,MR/LWAL/CDM+ERM/H:1/RES,RURAL,5752.0,956822499.0,168851051.0,11954.0,825288.0,1125673530.0,311173.0,7791.0,143.0,1159.0
ITA,Italy,RES,MR|MCF,MR/LWAL/CDM+ERM/H:2/RES,BIG_CITY,656.0,311767041.0,55017710.0,2867.0,186167.0,366784751.0,70241.0,1747.0,284.0,1675.0
ITA,Italy,RES,MR|MCF,MR/LWAL/CDM+ERM/H:2/RES,URBAN,14452.0,4485609849.0,791578215.0,53562.0,3482076.0,5277188070.0,1313795.0,31533.0,241.0,1288.0
ITA,Italy,RES,MR|MCF,MR/LWAL/CDM+ERM/H:2/RES,RURAL,18884.0,4628570394.0,816806530.0,56839.0,3992281.0,5445376974.0,1506306.0,35459.0,211.0,1159.0
ITA,Italy,RES,MR|MCF,MR/LWAL/CDM+ERM/H:3/RES,RURAL,7197.0,2427115602.0,428314517.0,32440.0,2093460.0,2855430163.0,790424.0,20407.0,291.0,1159.0
ITA,Italy,RES,MR|MCF,MR/LWAL/CDM+ERM/H:3/RES,BIG_CITY,172.0,146987348.0,25938943.0,1594.0,87771.0,172926291.0,33139.0,979.0,510.0,1675.0
ITA,Italy,RES,MR|MCF,MR/LWAL/CDM+ERM/H:3/RES,URBAN,4811.0,2379173723.0,419854169.0,32062.0,1846898.0,2799027916.0,697326.0,18811.0,384.0,1288.0
ITA,Italy,RES,MR|MCF,MR/LWAL/CDM+ERM/H:>4/RES,RURAL,999.0,563013308.0,99355280.0,8003.0,485616.0,662368585.0,183608.0,5098.0,486.0,1159.0
ITA,Italy,RES,MR|MCF,MR/LWAL/CDM+ERM/H:>4/RES,URBAN,1098.0,1267951653.0,223756168.0,19071.0,984282.0,1491707814.0,372149.0,11275.0,896.0,1288.0
ITA,Italy,RES,MR|MCF,MR/LWAL/CDM+ERM/H:>4/RES,BIG_CITY,138.0,435418099.0,76838488.0,5153.0,260004.0,512256586.0,98305.0,3169.0,1884.0,1675.0
ITA,Italy,COM,MUR,MUR+CL/LWAL/CDN+ERN/H:1/COM,BIG_CITY,880.0,346908526.0,86727133.0,0.0,208430.0,433635662.0,107654.0,0.0,237.0,1664.0
ITA,Italy,COM,MUR,MUR+CL/LWAL/CDN+ERN/H:1/COM,RURAL,11710.0,4880249113.0,1220062319.0,0.0,2868471.0,6100311076.0,1481587.0,0.0,245.0,1701.0
ITA,Italy,COM,MUR,MUR+CL/LWAL/CDN+ERN/H:1/COM,URBAN,16080.0,6724282161.0,1681070428.0,0.0,3960482.0,8405352592.0,2045600.0,0.0,246.0,1698.0
ITA,Italy,COM,MUR,MUR+CL/LWAL/CDN+ERN/H:2/COM,BIG_CITY,1088.0,870522378.0,217630595.0,0.0,530064.0,1088152972.0,273975.0,0.0,487.0,1642.0
ITA,Italy,COM,MUR,MUR+CL/LWAL/CDN+ERN/H:2/COM,RURAL,4504.0,3774599891.0,943649786.0,0.0,2239997.0,4718249619.0,1157799.0,0.0,497.0,1685.0
ITA,Italy,COM,MUR,MUR+CL/LWAL/CDN+ERN/H:2/COM,URBAN,7571.0,6301285318.0,1575321298.0,0.0,3735829.0,7876606594.0,1930951.0,0.0,493.0,1687.0
ITA,Italy,COM,MUR,MUR+CL/LWAL/CDN+ERN/H:3/COM,URBAN,3584.0,4936900315.0,1234225048.0,0.0,2891804.0,6171125360.0,1495770.0,0.0,807.0,1707.0
ITA,Italy,COM,MUR,MUR+CL/LWAL/CDN+ERN/H:3/COM,BIG_CITY,707.0,899435499.0,224858871.0,0.0,545516.0,1124294366.0,282165.0,0.0,772.0,1649.0
ITA,Italy,COM,MUR,MUR+CL/LWAL/CDN+ERN/H:3/COM,RURAL,1165.0,1596744727.0,399186164.0,0.0,943586.0,1995930864.0,488066.0,0.0,810.0,1692.0
ITA,Italy,COM,MUR,MUR+CL/LWAL/CDN+ERN/H:4/COM,BIG_CITY,1345.0,2280126659.0,570031667.0,0.0,1397379.0,2850158324.0,723304.0,0.0,1039.0,1632.0
ITA,Italy,COM,MUR,MUR+CL/LWAL/CDN+ERN/H:4/COM,RURAL,863.0,1555546282.0,388886569.0,0.0,947717.0,1944432853.0,490554.0,0.0,1098.0,1641.0
ITA,Italy,COM,MUR,MUR+CL/LWAL/CDN+ERN/H:4/COM,URBAN,4546.0,8066620559.0,2016655139.0,0.0,4883175.0,10083275704.0,2527608.0,0.0,1074.0,1652.0
ITA,Italy,COM,MUR,MUR+CL/LWAL/CDN+ERN/H:5/COM,RURAL,393.0,887134812.0,221783681.0,0.0,534129.0,1108918504.0,276672.0,0.0,1359.0,1661.0
ITA,Italy,COM,MUR,MUR+CL/LWAL/CDN+ERN/H:5/COM,BIG_CITY,1082.0,2208746013.0,552186500.0,0.0,1363970.0,2760932516.0,706518.0,0.0,1261.0,1619.0
ITA,Italy,COM,MUR,MUR+CL/LWAL/CDN+ERN/H:5/COM,URBAN,2615.0,5717597291.0,1429399288.0,0.0,3427597.0,7146996593.0,1775452.0,0.0,1311.0,1668.0
ITA,Italy,COM,MUR,MUR+CL/LWAL/CDN+ERN/H:6/COM,RURAL,119.0,334969535.0,83742385.0,0.0,198248.0,418711916.0,102764.0,0.0,1666.0,1690.0
ITA,Italy,COM,MUR,MUR+CL/LWAL/CDN+ERN/H:6/COM,URBAN,1304.0,3576583873.0,894145970.0,0.0,2124932.0,4470729788.0,1101478.0,0.0,1630.0,1683.0
ITA,Italy,COM,MUR,MUR+CL/LWAL/CDN+ERN/H:6/COM,BIG_CITY,718.0,1867875883.0,466968968.0,0.0,1148685.0,2334844847.0,595431.0,0.0,1600.0,1626.0
ITA,Italy,COM,MUR,MUR+CL/LWAL/CDN+ERN/H:>6/COM,BIG_CITY,1918.0,4687189169.0,1171797292.0,0.0,2921162.0,5858986454.0,1515296.0,0.0,1523.0,1605.0
ITA,Italy,COM,MUR,MUR+CL/LWAL/CDN+ERN/H:>6/COM,RURAL,56.0,155628747.0,38907189.0,0.0,86228.0,194535932.0,44729.0,0.0,1540.0,1805.0
ITA,Italy,COM,MUR,MUR+CL/LWAL/CDN+ERN/H:>6/COM,URBAN,1254.0,3553095855.0,888273967.0,0.0,2115560.0,4441369796.0,1097407.0,0.0,1687.0,1680.0
ITA,Italy,RES,MUR,MUR+CLBRH/LWAL/CDN+ERN/H:1/RES,BIG_CITY,7579.0,2254170397.0,397794777.0,25028.0,1346047.0,2651965170.0,507511.0,14964.0,178.0,1675.0
ITA,Italy,RES,MUR,MUR+CLBRH/LWAL/CDN+ERN/H:1/RES,RURAL,189518.0,28605988784.0,5048115652.0,378221.0,24673523.0,33654104294.0,9302931.0,238585.0,130.0,1159.0
ITA,Italy,RES,MUR,MUR+CLBRH/LWAL/CDN+ERN/H:1/RES,URBAN,200705.0,34146273719.0,6025813007.0,440834.0,26506966.0,40172086665.0,9994156.0,253425.0,132.0,1288.0
ITA,Italy,RES,MUR,MUR+CLBRH/LWAL/CDN+ERN/H:2/RES,BIG_CITY,20104.0,8512325653.0,1502175115.0,84566.0,5083017.0,10014500767.0,1917828.0,51287.0,253.0,1675.0
ITA,Italy,RES,MUR,MUR+CLBRH/LWAL/CDN+ERN/H:2/RES,RURAL,598772.0,123111155163.0,21725497965.0,1527383.0,106187061.0,144836653360.0,40064607.0,951023.0,177.0,1159.0
ITA,Italy,RES,MUR,MUR+CLBRH/LWAL/CDN+ERN/H:2/RES,URBAN,495573.0,127757189556.0,22545386407.0,1567799.0,99174965.0,150302575958.0,37418851.0,907416.0,200.0,1288.0
ITA,Italy,RES,MUR,MUR+CLBRH/LWAL/CDN+ERN/H:3/RES,BIG_CITY,8180.0,6344422971.0,1119604054.0,70024.0,3788484.0,7464027026.0,1430396.0,42353.0,463.0,1675.0
ITA,Italy,RES,MUR,MUR+CLBRH/LWAL/CDN+ERN/H:3/RES,RURAL,232769.0,59753936729.0,10544812291.0,776167.0,51539561.0,70298748946.0,19459578.0,493194.0,221.0,1159.0
ITA,Italy,RES,MUR,MUR+CLBRH/LWAL/CDN+ERN/H:3/RES,URBAN,170573.0,66639636955.0,11759935989.0,889624.0,51730816.0,78399572914.0,19531728.0,515308.0,303.0,1288.0
ITA,Italy,RES,MUR,MUR+CLBRH/LWAL/CDN+ERN/H:>4/RES,BIG_CITY,7866.0,20153357834.0,3556474915.0,229174.0,12034298.0,23709832745.0,4550054.0,141341.0,1530.0,1675.0
ITA,Italy,RES,MUR,MUR+CLBRH/LWAL/CDN+ERN/H:>4/RES,RURAL,41661.0,17013613056.0,3002402247.0,236897.0,14674751.0,20016015379.0,5548414.0,154018.0,352.0,1159.0
ITA,Italy,RES,MUR,MUR+CLBRH/LWAL/CDN+ERN/H:>4/RES,URBAN,47239.0,45343325093.0,8001763240.0,651077.0,35198979.0,53345088301.0,13308413.0,381762.0,745.0,1288.0
ITA,Italy,RES,MUR,MUR+CLBRS/LWAL/CDN+ERN/H:1/RES,BIG_CITY,16987.0,5297992694.0,934939890.0,60935.0,3163623.0,6232932583.0,1192806.0,36227.0,186.0,1675.0
ITA,Italy,RES,MUR,MUR+CLBRS/LWAL/CDN+ERN/H:1/RES,RURAL,242804.0,32924739703.0,5810248289.0,458275.0,28398575.0,38734987732.0,10707418.0,288140.0,117.0,1159.0
ITA,Italy,RES,MUR,MUR+CLBRS/LWAL/CDN+ERN/H:1/RES,URBAN,266118.0,42607869063.0,7519035728.0,582385.0,33075508.0,50126904737.0,12470744.0,335251.0,124.0,1288.0
ITA,Italy,RES,MUR,MUR+CLBRS/LWAL/CDN+ERN/H:2/RES,URBAN,755771.0,173855187305.0,30680327183.0,2243999.0,134959779.0,204535514478.0,50920500.0,1306151.0,179.0,1288.0
ITA,Italy,RES,MUR,MUR+CLBRS/LWAL/CDN+ERN/H:2/RES,BIG_CITY,36524.0,13833768180.0,2441253210.0,148249.0,8260643.0,16275021387.0,3116750.0,90112.0,226.0,1675.0
ITA,Italy,RES,MUR,MUR+CLBRS/LWAL/CDN+ERN/H:2/RES,RURAL,877595.0,152168142933.0,26853201761.0,1968879.0,131249584.0,179021344604.0,49520721.0,1236735.0,150.0,1159.0
ITA,Italy,RES,MUR,MUR+CLBRS/LWAL/CDN+ERN/H:3/RES,BIG_CITY,23299.0,16227513879.0,2863678920.0,183663.0,9690035.0,19091192798.0,3658611.0,111622.0,416.0,1675.0
ITA,Italy,RES,MUR,MUR+CLBRS/LWAL/CDN+ERN/H:3/RES,URBAN,310599.0,103567414152.0,18276602495.0,1421108.0,80396999.0,121844016674.0,30355053.0,830904.0,259.0,1288.0
ITA,Italy,RES,MUR,MUR+CLBRS/LWAL/CDN+ERN/H:3/RES,RURAL,397273.0,79054815542.0,13950849806.0,1055921.0,68187148.0,93005665261.0,25745116.0,676407.0,172.0,1159.0
ITA,Italy,RES,MUR,MUR+CLBRS/LWAL/CDN+ERN/H:>4/RES,RURAL,77578.0,22981901752.0,4055629671.0,325537.0,19822579.0,27037531342.0,7494766.0,213054.0,256.0,1159.0
ITA,Italy,RES,MUR,MUR+CLBRS/LWAL/CDN+ERN/H:>4/RES,URBAN,97411.0,79022539884.0,13945154082.0,1135494.0,61343378.0,92967693987.0,23193362.0,675023.0,630.0,1288.0
ITA,Italy,RES,MUR,MUR+CLBRS/LWAL/CDN+ERN/H:>4/RES,BIG_CITY,36778.0,80822473203.0,14262789390.0,904286.0,48262019.0,95085262589.0,18247409.0,560629.0,1312.0,1675.0
ITA,Italy,COM,ADO|ST|E,MUR+STDRE/LWAL/CDN+ERN/H:1/COM,BIG_CITY,705.0,289951938.0,72487983.0,0.0,177757.0,362439921.0,91811.0,0.0,252.0,1631.0
ITA,Italy,COM,ADO|ST|E,MUR+STDRE/LWAL/CDN+ERN/H:1/COM,RURAL,6678.0,2777929473.0,694482357.0,0.0,1639988.0,3472411700.0,847065.0,0.0,246.0,1694.0
ITA,Italy,COM,ADO|ST|E,MUR+STDRE/LWAL/CDN+ERN/H:1/COM,URBAN,10156.0,4204945372.0,1051236317.0,0.0,2495933.0,5256181699.0,1289153.0,0.0,246.0,1685.0
ITA,Italy,RES,ADO|ST|E,MUR+STDRE/LWAL/CDN+ERN/H:1/RES,BIG_CITY,6125.0,2079693377.0,367004714.0,22664.0,1241860.0,2446698088.0,468229.0,13896.0,203.0,1675.0
ITA,Italy,RES,ADO|ST|E,MUR+STDRE/LWAL/CDN+ERN/H:1/RES,RURAL,82151.0,10475481317.0,1848614389.0,148703.0,9035417.0,12324095653.0,3406721.0,96530.0,110.0,1159.0
ITA,Italy,RES,ADO|ST|E,MUR+STDRE/LWAL/CDN+ERN/H:1/RES,URBAN,64679.0,10472609448.0,1848107559.0,145488.0,8129646.0,12320716972.0,3065192.0,84921.0,126.0,1288.0
ITA,Italy,COM,ADO|ST|E,MUR+STDRE/LWAL/CDN+ERN/H:2/COM,BIG_CITY,831.0,660406763.0,165101692.0,0.0,400545.0,825508454.0,207030.0,0.0,482.0,1649.0
ITA,Italy,COM,ADO|ST|E,MUR+STDRE/LWAL/CDN+ERN/H:2/COM,URBAN,4784.0,3957931572.0,989482853.0,0.0,2363225.0,4947414459.0,1221487.0,0.0,494.0,1675.0
ITA,Italy,COM,ADO|ST|E,MUR+STDRE/LWAL/CDN+ERN/H:2/COM,RURAL,2364.0,1954313512.0,488578253.0,0.0,1167439.0,2442891721.0,603420.0,0.0,494.0,1674.0
ITA,Italy,RES,ADO|ST|E,MUR+STDRE/LWAL/CDN+ERN/H:2/RES,URBAN,275592.0,59593327198.0,10516469522.0,769945.0,46260928.0,70109796713.0,17454307.0,457291.0,168.0,1288.0
ITA,Italy,RES,ADO|ST|E,MUR+STDRE/LWAL/CDN+ERN/H:2/RES,RURAL,412631.0,65230325227.0,11511233873.0,845347.0,56263111.0,76741559141.0,21228170.0,544671.0,136.0,1159.0
ITA,Italy,RES,ADO|ST|E,MUR+STDRE/LWAL/CDN+ERN/H:2/RES,BIG_CITY,19152.0,7108285493.0,1254403322.0,74886.0,4244614.0,8362688818.0,1601498.0,46006.0,222.0,1675.0
ITA,Italy,COM,ADO|ST|E,MUR+STDRE/LWAL/CDN+ERN/H:3/COM,URBAN,2440.0,3257713501.0,814428354.0,0.0,1927969.0,4072141862.0,997231.0,0.0,790.0,1690.0
ITA,Italy,COM,ADO|ST|E,MUR+STDRE/LWAL/CDN+ERN/H:3/COM,RURAL,720.0,953170284.0,238292554.0,0.0,562398.0,1191462835.0,290898.0,0.0,781.0,1695.0
ITA,Italy,COM,ADO|ST|E,MUR+STDRE/LWAL/CDN+ERN/H:3/COM,BIG_CITY,574.0,758063936.0,189515985.0,0.0,460250.0,947579923.0,238061.0,0.0,802.0,1647.0
ITA,Italy,RES,ADO|ST|E,MUR+STDRE/LWAL/CDN+ERN/H:3/RES,BIG_CITY,15393.0,10156774175.0,1792371915.0,110434.0,6064977.0,11949146089.0,2289918.0,67934.0,394.0,1675.0
ITA,Italy,RES,ADO|ST|E,MUR+STDRE/LWAL/CDN+ERN/H:3/RES,RURAL,270558.0,48229707522.0,8511124858.0,644966.0,41599568.0,56740832351.0,15706539.0,419611.0,154.0,1159.0
ITA,Italy,RES,ADO|ST|E,MUR+STDRE/LWAL/CDN+ERN/H:3/RES,URBAN,157897.0,49865311969.0,8799760943.0,668457.0,38709294.0,58665072924.0,14615252.0,398087.0,245.0,1288.0
ITA,Italy,RES,ADO|ST|E,MUR+STDRE/LWAL/CDN+ERN/H:>4/RES,URBAN,55066.0,34116666958.0,6020588300.0,473427.0,26483983.0,40137255262.0,10013346.0,287525.0,481.0,1288.0
ITA,Italy,RES,ADO|ST|E,MUR+STDRE/LWAL/CDN+ERN/H:>4/RES,BIG_CITY,27578.0,50652606169.0,8938695205.0,538060.0,30246501.0,59591301372.0,11435914.0,334475.0,1097.0,1675.0
ITA,Italy,RES,ADO|ST|E,MUR+STDRE/LWAL/CDN+ERN/H:>4/RES,RURAL,58805.0,13662690104.0,2411062971.0,193231.0,11784480.0,16073753065.0,4455614.0,128004.0,200.0,1159.0
ITA,Italy,IND,MUR,MUR/LWAL/CDN+ERN/H:1/IND,BIG_CITY,93.0,124727833.0,41575943.0,0.0,131403.0,166303773.0,62388.0,0.0,1413.0,949.0
ITA,Italy,IND,MUR,MUR/LWAL/CDN+ERN/H:1/IND,RURAL,2548.0,4669690138.0,1556563385.0,0.0,4919606.0,6226253526.0,2335753.0,0.0,1931.0,949.0
ITA,Italy,IND,MUR,MUR/LWAL/CDN+ERN/H:1/IND,URBAN,2662.0,4703952537.0,1567984187.0,0.0,4955702.0,6271936673.0,2352890.0,0.0,1862.0,949.0
ITA,Italy,IND,S,S+SR/LFM/CDH+ERH/H:2/IND,RURAL,19.0,61110543.0,32905678.0,0.0,64381.0,94016217.0,16751.0,0.0,3388.0,949.0
ITA,Italy,IND,S,S+SR/LFM/CDH+ERH/H:2/IND,URBAN,11.0,91869408.0,49468143.0,0.0,96786.0,141337555.0,25183.0,0.0,8799.0,949.0
ITA,Italy,IND,S,S+SR/LFM/CDN+ERL/H:1/IND,BIG_CITY,258.0,362828820.0,195369368.0,0.0,382247.0,558198184.0,99369.0,0.0,1482.0,949.0
ITA,Italy,IND,S,S+SR/LFM/CDN+ERL/H:1/IND,RURAL,9028.0,14868085089.0,8005891985.0,0.0,15663806.0,22873976963.0,4071949.0,0.0,1735.0,949.0
ITA,Italy,IND,S,S+SR/LFM/CDN+ERL/H:1/IND,URBAN,8224.0,13296303130.0,7159547804.0,0.0,14007905.0,20455850965.0,3641481.0,0.0,1703.0,949.0
ITA,Italy,IND,S,S+SR/LFM/CDN+ERL/H:2/IND,BIG_CITY,1198.0,5001498744.0,2693114713.0,0.0,5269173.0,7694613457.0,1370975.0,0.0,4398.0,949.0
ITA,Italy,IND,S,S+SR/LFM/CDN+ERL/H:2/IND,RURAL,5961.0,31278294429.0,16842158533.0,0.0,32952270.0,48120452964.0,8573783.0,0.0,5528.0,949.0
ITA,Italy,IND,S,S+SR/LFM/CDN+ERL/H:2/IND,URBAN,13991.0,64076608886.0,34502789381.0,0.0,67505909.0,98579398247.0,17564218.0,0.0,4825.0,949.0
ITA,Italy,IND,S,S+SR/LFM/CDN+ERL/H:>2/IND,URBAN,393.0,1720290025.0,926310016.0,0.0,1812358.0,2646600035.0,471970.0,0.0,4612.0,949.0
ITA,Italy,IND,S,S+SR/LFM/CDN+ERL/H:>2/IND,RURAL,138.0,696711584.0,375152393.0,0.0,733999.0,1071863977.0,191146.0,0.0,5319.0,949.0
ITA,Italy,IND,S,S+SR/LFM/CDN+ERL/H:>2/IND,BIG_CITY,162.0,681787507.0,367116345.0,0.0,718276.0,1048903854.0,187052.0,0.0,4434.0,949.0
ITA,Italy,IND,S,S/LFM/CDH+ERH/H:1/IND,RURAL,85.0,139049519.0,74872819.0,0.0,146491.0,213922345.0,38082.0,0.0,1723.0,949.0
ITA,Italy,IND,S,S/LFM/CDH+ERH/H:1/IND,URBAN,78.0,132732425.0,71471305.0,0.0,139836.0,204203731.0,36352.0,0.0,1793.0,949.0
ITA,Italy,RES,S,S/LFM/CDH+ERH/H:3/RES,RURAL,3694.0,1462155064.0,365538762.0,17770.0,1198095.0,1827693831.0,309104.0,11724.0,324.0,1220.0
ITA,Italy,RES,S,S/LFM/CDH+ERH/H:3/RES,URBAN,2277.0,1391381700.0,347845430.0,17526.0,1026093.0,1739227137.0,264728.0,10938.0,451.0,1356.0
ITA,Italy,RES,S,S/LFM/CDH+ERH/H:3/RES,BIG_CITY,62.0,73054226.0,18263556.0,878.0,41442.0,91317784.0,10692.0,540.0,668.0,1763.0
ITA,Italy,COM,S,S/LFM/CDH+ERH/H:4/COM,RURAL,70.0,102678731.0,25669687.0,0.0,63581.0,128348423.0,18986.0,0.0,908.0,1615.0
ITA,Italy,COM,S,S/LFM/CDH+ERH/H:4/COM,BIG_CITY,22.0,32689255.0,8172315.0,0.0,21342.0,40861569.0,6373.0,0.0,970.0,1532.0
ITA,Italy,COM,S,S/LFM/CDH+ERH/H:4/COM,URBAN,134.0,211625655.0,52906418.0,0.0,136639.0,264532079.0,40803.0,0.0,1020.0,1549.0
ITA,Italy,COM,S,S/LFM/CDH+ERH/H:5/COM,BIG_CITY,22.0,49125279.0,12281319.0,0.0,32279.0,61406599.0,9645.0,0.0,1467.0,1522.0
ITA,Italy,COM,S,S/LFM/CDH+ERH/H:5/COM,RURAL,27.0,49802402.0,12450600.0,0.0,32747.0,62252999.0,9785.0,0.0,1213.0,1521.0
ITA,Italy,COM,S,S/LFM/CDH+ERH/H:5/COM,URBAN,53.0,94476769.0,23619193.0,0.0,59359.0,118095958.0,17737.0,0.0,1120.0,1592.0
ITA,Italy,COM,S,S/LFM/CDH+ERH/H:6/COM,BIG_CITY,2.0,3710332.0,927583.0,0.0,2485.0,4637915.0,743.0,0.0,1242.0,1493.0
ITA,Italy,COM,S,S/LFM/CDH+ERH/H:6/COM,RURAL,8.0,18484893.0,4621223.0,0.0,11767.0,23106117.0,3518.0,0.0,1471.0,1571.0
ITA,Italy,COM,S,S/LFM/CDH+ERH/H:6/COM,URBAN,29.0,66082907.0,16520724.0,0.0,38860.0,82603630.0,11620.0,0.0,1340.0,1701.0
ITA,Italy,RES,S,S/LFM/CDH+ERH/H:>4/RES,RURAL,689.0,489537111.0,122384275.0,6764.0,401128.0,611921379.0,103639.0,4459.0,582.0,1220.0
ITA,Italy,RES,S,S/LFM/CDH+ERH/H:>4/RES,BIG_CITY,82.0,258195274.0,64548818.0,2812.0,146469.0,322744092.0,37843.0,1745.0,1786.0,1763.0
ITA,Italy,RES,S,S/LFM/CDH+ERH/H:>4/RES,URBAN,951.0,1286531230.0,321632805.0,17661.0,948769.0,1608164028.0,245133.0,11126.0,998.0,1356.0
ITA,Italy,COM,S,S/LFM/CDH+ERH/H:>6/COM,RURAL,3.0,2085728.0,521432.0,0.0,1099.0,2607160.0,329.0,0.0,366.0,1898.0
ITA,Italy,COM,S,S/LFM/CDH+ERH/H:>6/COM,URBAN,27.0,74127819.0,18531954.0,0.0,43414.0,92659774.0,12990.0,0.0,1608.0,1707.0
ITA,Italy,COM,S,S/LFM/CDH+ERH/H:>6/COM,BIG_CITY,20.0,37094198.0,9273548.0,0.0,24842.0,46367745.0,7433.0,0.0,1242.0,1493.0
ITA,Italy,RES,S,S/LFM/CDL+ERM/H:3/RES,URBAN,1468.0,819168046.0,204792012.0,10039.0,604106.0,1023960034.0,155858.0,5822.0,412.0,1356.0
ITA,Italy,RES,S,S/LFM/CDL+ERM/H:3/RES,RURAL,2037.0,746999802.0,186749938.0,9222.0,612094.0,933749750.0,157920.0,5687.0,300.0,1220.0
ITA,Italy,RES,S,S/LFM/CDL+ERM/H:3/RES,BIG_CITY,34.0,29623969.0,7405993.0,306.0,16805.0,37029962.0,4336.0,188.0,494.0,1763.0
ITA,Italy,COM,S,S/LFM/CDL+ERM/H:4/COM,BIG_CITY,64.0,93233806.0,23308453.0,0.0,61193.0,116542259.0,18273.0,0.0,956.0,1524.0
ITA,Italy,COM,S,S/LFM/CDL+ERM/H:4/COM,URBAN,334.0,552721258.0,138180323.0,0.0,354895.0,690901590.0,105977.0,0.0,1063.0,1557.0
ITA,Italy,COM,S,S/LFM/CDL+ERM/H:4/COM,RURAL,79.0,121211165.0,30302793.0,0.0,78158.0,151513963.0,23339.0,0.0,989.0,1551.0
ITA,Italy,COM,S,S/LFM/CDL+ERM/H:5/COM,BIG_CITY,32.0,68449562.0,17112390.0,0.0,45550.0,85561951.0,13611.0,0.0,1423.0,1503.0
ITA,Italy,COM,S,S/LFM/CDL+ERM/H:5/COM,RURAL,26.0,56033078.0,14008265.0,0.0,36311.0,70041345.0,10850.0,0.0,1397.0,1543.0
ITA,Italy,COM,S,S/LFM/CDL+ERM/H:5/COM,URBAN,158.0,305500471.0,76375124.0,0.0,196011.0,381875591.0,58571.0,0.0,1241.0,1559.0
ITA,Italy,COM,S,S/LFM/CDL+ERM/H:6/COM,BIG_CITY,36.0,75040636.0,18760157.0,0.0,48218.0,93800792.0,14418.0,0.0,1339.0,1556.0
ITA,Italy,COM,S,S/LFM/CDL+ERM/H:6/COM,RURAL,9.0,21476295.0,5369072.0,0.0,13861.0,26845365.0,4145.0,0.0,1540.0,1549.0
ITA,Italy,COM,S,S/LFM/CDL+ERM/H:6/COM,URBAN,83.0,204613600.0,51153400.0,0.0,130443.0,255766996.0,39004.0,0.0,1572.0,1569.0
ITA,Italy,RES,S,S/LFM/CDL+ERM/H:>4/RES,URBAN,518.0,791632102.0,197908024.0,10705.0,583799.0,989540131.0,150836.0,6201.0,1127.0,1356.0
ITA,Italy,RES,S,S/LFM/CDL+ERM/H:>4/RES,RURAL,263.0,197047155.0,49261787.0,2753.0,161461.0,246308939.0,41717.0,1699.0,614.0,1220.0
ITA,Italy,RES,S,S/LFM/CDL+ERM/H:>4/RES,BIG_CITY,26.0,88149054.0,22037264.0,941.0,50005.0,110186317.0,12920.0,583.0,1923.0,1763.0
ITA,Italy,COM,S,S/LFM/CDL+ERM/H:>6/COM,BIG_CITY,53.0,112895880.0,28223971.0,0.0,73357.0,141119849.0,21949.0,0.0,1384.0,1539.0
ITA,Italy,COM,S,S/LFM/CDL+ERM/H:>6/COM,URBAN,68.0,157892190.0,39473046.0,0.0,98495.0,197365239.0,29470.0,0.0,1448.0,1603.0
ITA,Italy,COM,S,S/LFM/CDL+ERM/H:>6/COM,RURAL,1.0,687046.0,171762.0,0.0,362.0,858808.0,108.0,0.0,362.0,1898.0
ITA,Italy,RES,S,S/LFM/CDM+ERM/H:3/RES,BIG_CITY,29.0,29965977.0,7491493.0,324.0,16999.0,37457470.0,4386.0,200.0,586.0,1763.0
ITA,Italy,RES,S,S/LFM/CDM+ERM/H:3/RES,RURAL,2174.0,941442922.0,235360721.0,12352.0,771422.0,1176803666.0,199027.0,7650.0,355.0,1220.0
ITA,Italy,RES,S,S/LFM/CDM+ERM/H:3/RES,URBAN,1563.0,947986244.0,236996546.0,12482.0,699105.0,1184982811.0,180367.0,7378.0,447.0,1356.0
ITA,Italy,COM,S,S/LFM/CDM+ERM/H:4/COM,BIG_CITY,40.0,60759161.0,15189792.0,0.0,41138.0,75948954.0,12284.0,0.0,1028.0,1477.0
ITA,Italy,COM,S,S/LFM/CDM+ERM/H:4/COM,RURAL,72.0,116360184.0,29090049.0,0.0,75224.0,145450233.0,22463.0,0.0,1045.0,1547.0
ITA,Italy,COM,S,S/LFM/CDM+ERM/H:4/COM,URBAN,245.0,405755626.0,101438907.0,0.0,257835.0,507194541.0,76994.0,0.0,1052.0,1574.0
ITA,Italy,COM,S,S/LFM/CDM+ERM/H:5/COM,BIG_CITY,36.0,73782451.0,18445611.0,0.0,47776.0,92228062.0,14276.0,0.0,1327.0,1544.0
ITA,Italy,COM,S,S/LFM/CDM+ERM/H:5/COM,URBAN,132.0,260016790.0,65004200.0,0.0,166999.0,325020994.0,49902.0,0.0,1265.0,1557.0
ITA,Italy,COM,S,S/LFM/CDM+ERM/H:5/COM,RURAL,29.0,59629702.0,14907424.0,0.0,38643.0,74537124.0,11547.0,0.0,1333.0,1543.0
ITA,Italy,COM,S,S/LFM/CDM+ERM/H:6/COM,URBAN,59.0,138812566.0,34703140.0,0.0,86425.0,173515707.0,25842.0,0.0,1465.0,1606.0
ITA,Italy,COM,S,S/LFM/CDM+ERM/H:6/COM,RURAL,7.0,17752313.0,4438079.0,0.0,11376.0,22190392.0,3401.0,0.0,1625.0,1561.0
ITA,Italy,COM,S,S/LFM/CDM+ERM/H:6/COM,BIG_CITY,13.0,31183389.0,7795847.0,0.0,20567.0,38979234.0,6150.0,0.0,1582.0,1516.0
ITA,Italy,RES,S,S/LFM/CDM+ERM/H:>4/RES,URBAN,615.0,823215768.0,205803944.0,11675.0,607091.0,1029019706.0,156854.0,6999.0,987.0,1356.0
ITA,Italy,RES,S,S/LFM/CDM+ERM/H:>4/RES,BIG_CITY,28.0,76498079.0,19124521.0,869.0,43396.0,95622598.0,11212.0,541.0,1550.0,1763.0
ITA,Italy,RES,S,S/LFM/CDM+ERM/H:>4/RES,RURAL,327.0,266088004.0,66522005.0,3801.0,218033.0,332609999.0,56334.0,2403.0,667.0,1220.0
ITA,Italy,COM,S,S/LFM/CDM+ERM/H:>6/COM,URBAN,43.0,91052496.0,22763123.0,0.0,61159.0,113815623.0,18299.0,0.0,1422.0,1489.0
ITA,Italy,COM,S,S/LFM/CDM+ERM/H:>6/COM,RURAL,6.0,13528841.0,3382209.0,0.0,9258.0,16911051.0,2770.0,0.0,1543.0,1461.0
ITA,Italy,COM,S,S/LFM/CDM+ERM/H:>6/COM,BIG_CITY,42.0,100154630.0,25038656.0,0.0,66220.0,125193286.0,19813.0,0.0,1577.0,1512.0
ITA,Italy,IND,S,S/LFM/CDN+ERL/H:1/IND,URBAN,8310.0,13103358480.0,7055654622.0,0.0,13804634.0,20159013079.0,3588639.0,0.0,1661.0,949.0
ITA,Italy,IND,S,S/LFM/CDN+ERL/H:1/IND,RURAL,9054.0,14692606256.0,7911403357.0,0.0,15478936.0,22604009621.0,4023891.0,0.0,1710.0,949.0
ITA,Italy,IND,S,S/LFM/CDN+ERL/H:1/IND,BIG_CITY,271.0,299913974.0,161492140.0,0.0,315965.0,461406106.0,82138.0,0.0,1166.0,949.0
ITA,Italy,RES,W,W/LWAL/CDH+ERH/H:3/RES,RURAL,189.0,58208373.0,14552093.0,588.0,47696.0,72760465.0,4792.0,405.0,252.0,1220.0
ITA,Italy,RES,W,W/LWAL/CDH+ERH/H:3/RES,URBAN,85.0,99850231.0,24962558.0,1109.0,73636.0,124812788.0,7398.0,1038.0,866.0,1356.0
ITA,Italy,RES,W,W/LWAL/CDH+ERH/H:>4/RES,RURAL,24.0,12274556.0,3068639.0,123.0,10058.0,15343195.0,1012.0,83.0,419.0,1220.0
ITA,Italy,RES,W,W/LWAL/CDH+ERH/H:>4/RES,URBAN,171.0,285252679.0,71313170.0,3145.0,210363.0,356565848.0,21164.0,2775.0,1230.0,1356.0
ITA,Italy,RES,W,W/LWAL/CDH+ERM/H:3/RES,BIG_CITY,59.0,53865791.0,13466448.0,568.0,30557.0,67332239.0,3070.0,348.0,518.0,1763.0
ITA,Italy,RES,W,W/LWAL/CDH+ERM/H:3/RES,RURAL,3304.0,1357132762.0,339283189.0,16577.0,1112039.0,1696415950.0,111721.0,11064.0,337.0,1220.0
ITA,Italy,RES,W,W/LWAL/CDH+ERM/H:3/RES,URBAN,2006.0,1158795261.0,289698814.0,14838.0,854569.0,1448494066.0,85853.0,8932.0,426.0,1356.0
ITA,Italy,RES,W,W/LWAL/CDH+ERM/H:>4/RES,URBAN,826.0,1068595694.0,267148920.0,14733.0,788050.0,1335744614.0,79284.0,9166.0,954.0,1356.0
ITA,Italy,RES,W,W/LWAL/CDH+ERM/H:>4/RES,BIG_CITY,91.0,203404367.0,50851092.0,2474.0,115387.0,254255460.0,11609.0,1482.0,1268.0,1763.0
ITA,Italy,RES,W,W/LWAL/CDH+ERM/H:>4/RES,RURAL,815.0,475108588.0,118777152.0,6310.0,389306.0,593885732.0,39168.0,4337.0,478.0,1220.0
ITA,Italy,RES,W,W/LWAL/CDL+ERM/H:3/RES,BIG_CITY,31.0,25224410.0,6306102.0,259.0,14309.0,31530512.0,1438.0,161.0,462.0,1763.0
ITA,Italy,RES,W,W/LWAL/CDL+ERM/H:3/RES,RURAL,2007.0,741694560.0,185423643.0,9195.0,607747.0,927118196.0,61059.0,5639.0,303.0,1220.0
ITA,Italy,RES,W,W/LWAL/CDL+ERM/H:3/RES,URBAN,1518.0,829469076.0,207367263.0,10142.0,611703.0,1036836343.0,61455.0,5893.0,403.0,1356.0
ITA,Italy,RES,W,W/LWAL/CDL+ERM/H:>4/RES,BIG_CITY,14.0,46934759.0,11733689.0,478.0,26625.0,58668447.0,2679.0,304.0,1902.0,1763.0
ITA,Italy,RES,W,W/LWAL/CDL+ERM/H:>4/RES,RURAL,323.0,203690056.0,50922512.0,2825.0,166904.0,254612566.0,16793.0,1713.0,517.0,1220.0
ITA,Italy,RES,W,W/LWAL/CDL+ERM/H:>4/RES,URBAN,520.0,773922490.0,193480618.0,10557.0,570739.0,967403112.0,57422.0,6126.0,1098.0,1356.0
ITA,Italy,RES,W,W/LWAL/CDM+ERM/H:3/RES,BIG_CITY,30.0,28351015.0,7087753.0,288.0,16083.0,35438768.0,1616.0,178.0,536.0,1763.0
ITA,Italy,RES,W,W/LWAL/CDM+ERM/H:3/RES,RURAL,2163.0,934135535.0,233533883.0,12279.0,765434.0,1167669434.0,76901.0,7660.0,354.0,1220.0
ITA,Italy,RES,W,W/LWAL/CDM+ERM/H:3/RES,URBAN,1571.0,958767512.0,239691874.0,12682.0,707056.0,1198459393.0,71035.0,7498.0,450.0,1356.0
ITA,Italy,RES,W,W/LWAL/CDM+ERM/H:>4/RES,RURAL,340.0,251429276.0,62857324.0,3557.0,206022.0,314286596.0,20728.0,2262.0,606.0,1220.0
ITA,Italy,RES,W,W/LWAL/CDM+ERM/H:>4/RES,BIG_CITY,27.0,71808752.0,17952187.0,847.0,40736.0,89760939.0,4098.0,514.0,1509.0,1763.0
ITA,Italy,RES,W,W/LWAL/CDM+ERM/H:>4/RES,URBAN,595.0,781736116.0,195434023.0,11013.0,576502.0,977170124.0,58002.0,6688.0,969.0,1356.0
