ID_0,NAME_0,OCCUPANCY,BUILDINGS,COST_CONTENTS_USD,COST_NONSTRUCTURAL_USD,COST_STRUCTURAL_USD,DWELLINGS,OCCUPANTS_PER_ASSET,TOTAL_AREA_SQM,TOTAL_REPL_COST_USD,AVG_BUILDING_AREA_SQM,AVG_TOT_COST_PER_AREA_USD
SWE,Sweden,Com,258159.97,168813286359.56,101287971816.14,67525314544.38,0.0,0.0,100510752.10811,337626572719.83,389.3351556715396,3359.1090071306676
SWE,Sweden,Ind,99349.99999999999,194481034133.92,81033764222.96,48620258533.34,0.0,0.0,132579788.07735008,324135056890.87,1334.4719484383502,2444.830102622899
SWE,Sweden,Res,2021201.277,168380378787.4,420950946968.55,252570568180.95,4707852.1665,10284999.999999998,397863030.666,841901893937.34,196.84483440290248,2116.0596211415877
