ID_0,NAME_0,OCCUPANCY,BUILDINGS,COST_CONTENTS_USD,COST_NONSTRUCTURAL_USD,COST_STRUCTURAL_USD,DWELLINGS,OCCUPANTS_PER_ASSET,TOTAL_AREA_SQM,TOTAL_REPL_COST_USD,AVG_BUILDING_AREA_SQM,AVG_TOT_COST_PER_AREA_USD
VNM,Vietnam,Com,1078526.0,15280253504.761904,16725483304.761906,12774693095.238094,1459825.0,0.0,132401260.0,44780429904.7619,122.76130570797551,338.2175509867648
VNM,Vietnam,Ind,74784.0,2342078748.7179484,1622754007.1794872,1863119592.8205128,74784.0,0.0,9421280.0,5827952348.717949,125.97988874625588,618.594537973391
VNM,Vietnam,Res,19635548.0,50627112122.4359,123525196034.8077,137862282365.19232,20866630.0,85846996.9,1565121899.0,312014590522.4359,79.70859275228784,199.35481748852325
