ID_0,NAME_0,OCCUPANCY,BUILDINGS,COST_CONTENTS_USD,COST_NONSTRUCTURAL_USD,COST_STRUCTURAL_USD,DWELLINGS,OCCUPANTS_PER_ASSET,TOTAL_AREA_SQM,TOTAL_REPL_COST_USD,AVG_BUILDING_AREA_SQM,AVG_TOT_COST_PER_AREA_USD
MNE,Montenegro,Com,11274.25,3379118812.72,2027471287.7,1351647524.98,0.0,0.0,6579254.42467894,6758237625.35,583.564709375696,1027.204176813666
MNE,Montenegro,Ind,2508.0,1238364348.99,515985145.37,309591087.21,0.0,0.0,2794292.9193099993,2063940581.51,1114.1518817025515,738.627137923555
MNE,Montenegro,Res,151158.50892910812,1768163987.98,4420409969.94,2652245981.97,247354.0,622000.0,17663302.319448784,8840819940.07,116.85284834168814,500.519086418824
