ID_0,NAME_0,OCCUPANCY,BUILDINGS,COST_CONTENTS_USD,COST_NONSTRUCTURAL_USD,COST_STRUCTURAL_USD,DWELLINGS,OCCUPANTS_PER_ASSET,TOTAL_AREA_SQM,TOTAL_REPL_COST_USD,AVG_BUILDING_AREA_SQM,AVG_TOT_COST_PER_AREA_USD
ERI,Eritrea,Com,19108.0,261690639.0,271193575.0,477096216.0,26177.0,0.0,3468452.0,1009980417.0,181.51831693531506,291.1905417748321
ERI,Eritrea,Ind,4305.0,104203506.0,78825601.0,122810255.0,4305.0,0.0,1223103.0,305839373.0,284.11219512195123,250.0520176959749
ERI,Eritrea,Res,703324.0,1382797452.0,3019586099.0,5436095131.0,736180.0,3542843.0,55684629.0,9838478662.0,79.17350893755936,176.68212644462443
