ID_0,NAME_0,OCCUPANCY,BUILDINGS,COST_CONTENTS_USD,COST_NONSTRUCTURAL_USD,COST_STRUCTURAL_USD,DWELLINGS,OCCUPANTS_PER_ASSET,TOTAL_AREA_SQM,TOTAL_REPL_COST_USD,AVG_BUILDING_AREA_SQM,AVG_TOT_COST_PER_AREA_USD
TLS,Timor_Leste,Com,13285.749999899,253214317.94463596,276028278.5855366,222759859.88157946,0.0,0.0,2780231.024910106,752002456.4131733,209.26413826327015,270.4820029973905
TLS,Timor_Leste,Ind,4122.783333304,148142121.63917342,94755358.64248584,68077645.87117483,0.0,0.0,843119.39584602,310975126.1565436,204.5024750719422,368.83877620262626
TLS,Timor_Leste,Res,196935.124999811,1010980057.1351404,2061934417.1371686,2522522622.4100766,204596.999999558,1185067.00000128,18948950.0000297,5595437096.737848,96.21924986742658,295.2900871409275
