ID_0,NAME_0,OCCUPANCY,MACRO_TAXONOMY,TAXONOMY,SETTLEMENT,BUILDINGS,BLDG_REPL_COST_USD,COST_CONTENTS_USD,OCCUPANTS_TOTAL,TOTAL_AREA_SQM,TOTAL_REPL_COST_USD,CARBON_BUILDINGS_TON,DWELLINGS,AVG_BUILDING_AREA_SQM,AVG_BLDG_COST_PER_AREA_USD
DZA,Algeria,COM,CR-,CR/LDUAL/CDL+ERL/H:1/COM,TOTAL,2867.0,216393415.0,54098347.0,0.0,373092.0,270491765.0,193729.0,0.0,130.0,580.0
DZA,Algeria,IND,CR-,CR/LDUAL/CDL+ERL/H:1/IND,TOTAL,7416.0,668428584.0,222809530.0,0.0,1630314.0,891238119.0,825852.0,0.0,220.0,410.0
DZA,Algeria,RES,CR-,CR/LDUAL/CDL+ERL/H:1/RES,URBAN,43880.0,1158452610.0,289613154.0,252561.0,2632847.0,1448065766.0,987199.0,43880.0,60.0,440.0
DZA,Algeria,COM,CR-,CR/LDUAL/CDL+ERL/H:2/COM,TOTAL,5023.0,757512601.0,189378142.0,0.0,1306056.0,946890750.0,678709.0,0.0,260.0,580.0
DZA,Algeria,IND,CR-,CR/LDUAL/CDL+ERL/H:2/IND,TOTAL,2465.0,486057241.0,162019082.0,0.0,1185505.0,648076319.0,601073.0,0.0,481.0,410.0
DZA,Algeria,RES,CR-,CR/LDUAL/CDL+ERL/H:2/RES,URBAN,149739.0,6639382159.0,1659845538.0,884009.0,15089505.0,8299227700.0,5662025.0,153589.0,101.0,440.0
DZA,Algeria,COM,CR-,CR/LDUAL/CDL+ERL/H:3/COM,TOTAL,3348.0,873931277.0,218482825.0,0.0,1506778.0,1092414101.0,783638.0,0.0,450.0,580.0
DZA,Algeria,RES,CR-,CR/LDUAL/CDL+ERL/H:3/RES,URBAN,119664.0,7751569065.0,1937892265.0,883993.0,17617202.0,9689461333.0,6615326.0,153586.0,147.0,440.0
DZA,Algeria,COM,CR-,CR/LDUAL/CDL+ERL/H:4-7/COM,TOTAL,862.0,598585797.0,149646446.0,0.0,1032044.0,748232240.0,538017.0,0.0,1197.0,580.0
DZA,Algeria,RES,CR-,CR/LDUAL/CDL+ERL/H:4-7/RES,URBAN,5486.0,2316892022.0,579223008.0,378847.0,5265664.0,2896115028.0,1981612.0,65821.0,960.0,440.0
DZA,Algeria,COM,CR-,CR/LDUAL/CDL+ERL/H:>7/COM,TOTAL,130.0,243897220.0,60974308.0,0.0,420512.0,304871521.0,219565.0,0.0,3235.0,580.0
DZA,Algeria,RES,CR-,CR/LDUAL/CDL+ERL/H:>7/RES,URBAN,1372.0,723977563.0,180994393.0,126307.0,1645404.0,904971949.0,620113.0,21945.0,1199.0,440.0
DZA,Algeria,COM,CR+,CR/LDUAL/CDM+ERM/H:1/COM,TOTAL,607.0,44971376.0,11242844.0,0.0,77537.0,56214219.0,40261.0,0.0,128.0,580.0
DZA,Algeria,IND,CR+,CR/LDUAL/CDM+ERM/H:1/IND,TOTAL,1525.0,138021284.0,46007095.0,0.0,336637.0,184028387.0,170527.0,0.0,221.0,410.0
DZA,Algeria,RES,CR+,CR/LDUAL/CDM+ERM/H:1/RES,URBAN,8357.0,220658000.0,55164498.0,48102.0,501495.0,275822500.0,188038.0,8357.0,60.0,440.0
DZA,Algeria,COM,CR+,CR/LDUAL/CDM+ERM/H:2/COM,TOTAL,1076.0,160720113.0,40180028.0,0.0,277104.0,200900130.0,144001.0,0.0,258.0,580.0
DZA,Algeria,IND,CR+,CR/LDUAL/CDM+ERM/H:2/IND,TOTAL,510.0,99954903.0,33318305.0,0.0,243792.0,133273205.0,123607.0,0.0,478.0,410.0
DZA,Algeria,RES,CR+,CR/LDUAL/CDM+ERM/H:2/RES,URBAN,28521.0,1264633862.0,316158465.0,168362.0,2874168.0,1580792327.0,1078472.0,29252.0,101.0,440.0
DZA,Algeria,COM,CR+,CR/LDUAL/CDM+ERM/H:3/COM,TOTAL,708.0,184475127.0,46118779.0,0.0,318061.0,230593917.0,165416.0,0.0,449.0,580.0
DZA,Algeria,RES,CR+,CR/LDUAL/CDM+ERM/H:3/RES,URBAN,22796.0,1476485253.0,369121314.0,168371.0,3355648.0,1845606569.0,1260059.0,29252.0,147.0,440.0
DZA,Algeria,COM,CR+,CR/LDUAL/CDM+ERM/H:4-7/COM,TOTAL,167.0,117052684.0,29263170.0,0.0,201815.0,146315852.0,105209.0,0.0,1208.0,580.0
DZA,Algeria,RES,CR+,CR/LDUAL/CDM+ERM/H:4-7/RES,URBAN,1046.0,441267924.0,110316985.0,72143.0,1002882.0,551584908.0,377412.0,12534.0,959.0,440.0
DZA,Algeria,COM,CR+,CR/LDUAL/CDM+ERM/H:>7/COM,TOTAL,19.0,25484077.0,6371018.0,0.0,43938.0,31855095.0,22942.0,0.0,2313.0,580.0
DZA,Algeria,RES,CR+,CR/LDUAL/CDM+ERM/H:>7/RES,URBAN,261.0,137608693.0,34402172.0,24017.0,312747.0,172010864.0,117867.0,4172.0,1198.0,440.0
DZA,Algeria,COM,CR-,CR/LFINF/CDL+ERL/H:1/COM,TOTAL,7179.0,541075842.0,135268949.0,0.0,932889.0,676344789.0,462175.0,0.0,130.0,580.0
DZA,Algeria,IND,CR-,CR/LFINF/CDL+ERL/H:1/IND,TOTAL,18529.0,1671069607.0,557023208.0,0.0,4075780.0,2228092809.0,2006695.0,0.0,220.0,410.0
DZA,Algeria,RES,CR-,CR/LFINF/CDL+ERL/H:1/RES,URBAN,109705.0,2896133206.0,724033306.0,631427.0,6582121.0,3620166511.0,2256251.0,109705.0,60.0,440.0
DZA,Algeria,COM,CR-,CR/LFINF/CDL+ERL/H:2/COM,TOTAL,12554.0,1893887810.0,473471945.0,0.0,3265324.0,2367359761.0,1618981.0,0.0,260.0,580.0
DZA,Algeria,IND,CR-,CR/LFINF/CDL+ERL/H:2/IND,TOTAL,6177.0,1215296570.0,405098854.0,0.0,2964138.0,1620395433.0,1460698.0,0.0,480.0,410.0
DZA,Algeria,RES,CR-,CR/LFINF/CDL+ERL/H:2/RES,URBAN,374361.0,16598454174.0,4149613541.0,2209941.0,37723759.0,20748067725.0,12940455.0,383958.0,101.0,440.0
DZA,Algeria,COM,CR-,CR/LFINF/CDL+ERL/H:3/COM,TOTAL,8371.0,2185161670.0,546290411.0,0.0,3767520.0,2731452073.0,1869435.0,0.0,450.0,580.0
DZA,Algeria,RES,CR-,CR/LFINF/CDL+ERL/H:3/RES,URBAN,299161.0,19378934256.0,4844733561.0,2209902.0,44043032.0,24223667826.0,15119052.0,383951.0,147.0,440.0
DZA,Algeria,COM,CR-,CR/LFINF/CDL+ERL/H:4-7/COM,TOTAL,2150.0,1497824909.0,374456223.0,0.0,2582457.0,1872281135.0,1284411.0,0.0,1201.0,580.0
DZA,Algeria,RES,CR-,CR/LFINF/CDL+ERL/H:4-7/RES,URBAN,13716.0,5792265441.0,1448066361.0,947126.0,13164240.0,7240331799.0,4528768.0,164555.0,960.0,440.0
DZA,Algeria,COM,CR-,CR/LFINF/CDL+ERL/H:>7/COM,TOTAL,366.0,656580748.0,164145186.0,0.0,1132036.0,820725930.0,563907.0,0.0,3093.0,580.0
DZA,Algeria,RES,CR-,CR/LFINF/CDL+ERL/H:>7/RES,URBAN,3432.0,1810007358.0,452501838.0,315689.0,4113653.0,2262509197.0,1417214.0,54848.0,1199.0,440.0
DZA,Algeria,COM,CR+,CR/LFINF/CDM+ERM/H:1/COM,TOTAL,1516.0,114715270.0,28678821.0,0.0,197785.0,143394082.0,97988.0,0.0,130.0,580.0
DZA,Algeria,IND,CR+,CR/LFINF/CDM+ERM/H:1/IND,TOTAL,3826.0,345230168.0,115076724.0,0.0,842025.0,460306898.0,414568.0,0.0,220.0,410.0
DZA,Algeria,RES,CR+,CR/LFINF/CDM+ERM/H:1/RES,URBAN,20896.0,551642782.0,137910695.0,120268.0,1253734.0,689553470.0,429761.0,20896.0,60.0,440.0
DZA,Algeria,COM,CR+,CR/LFINF/CDM+ERM/H:2/COM,TOTAL,2660.0,402206032.0,100551504.0,0.0,693459.0,502757542.0,343824.0,0.0,261.0,580.0
DZA,Algeria,IND,CR+,CR/LFINF/CDM+ERM/H:2/IND,TOTAL,1277.0,251015368.0,83671788.0,0.0,612233.0,334687155.0,301703.0,0.0,479.0,410.0
DZA,Algeria,RES,CR+,CR/LFINF/CDM+ERM/H:2/RES,URBAN,71307.0,3161607127.0,790401781.0,420971.0,7185471.0,3952008907.0,2464846.0,73140.0,101.0,440.0
DZA,Algeria,COM,CR+,CR/LFINF/CDM+ERM/H:3/COM,TOTAL,1774.0,463724195.0,115931050.0,0.0,799524.0,579655245.0,396723.0,0.0,451.0,580.0
DZA,Algeria,RES,CR+,CR/LFINF/CDM+ERM/H:3/RES,URBAN,56989.0,3691192146.0,922798034.0,420916.0,8389073.0,4613990177.0,2879794.0,73130.0,147.0,440.0
DZA,Algeria,COM,CR+,CR/LFINF/CDM+ERM/H:4-7/COM,TOTAL,457.0,314224208.0,78556051.0,0.0,541766.0,392780258.0,269453.0,0.0,1185.0,580.0
DZA,Algeria,RES,CR+,CR/LFINF/CDM+ERM/H:4-7/RES,URBAN,2613.0,1103289810.0,275822455.0,180416.0,2507477.0,1379112260.0,862624.0,31346.0,960.0,440.0
DZA,Algeria,COM,CR+,CR/LFINF/CDM+ERM/H:>7/COM,TOTAL,69.0,124693078.0,31173269.0,0.0,214988.0,155866349.0,107093.0,0.0,3116.0,580.0
DZA,Algeria,RES,CR+,CR/LFINF/CDM+ERM/H:>7/RES,URBAN,653.0,344754475.0,86188616.0,60151.0,783533.0,430943092.0,269939.0,10451.0,1200.0,440.0
DZA,Algeria,COM,CR-,CR/LWAL/CDL+ERL/H:1/COM,TOTAL,1435.0,108040234.0,27010052.0,0.0,186276.0,135050278.0,101163.0,0.0,130.0,580.0
DZA,Algeria,IND,CR-,CR/LWAL/CDL+ERL/H:1/IND,TOTAL,3708.0,334180115.0,111393371.0,0.0,815073.0,445573483.0,424469.0,0.0,220.0,410.0
DZA,Algeria,RES,CR-,CR/LWAL/CDL+ERL/H:1/RES,URBAN,21946.0,579224487.0,144806124.0,126317.0,1316419.0,724030611.0,535947.0,21946.0,60.0,440.0
DZA,Algeria,COM,CR-,CR/LWAL/CDL+ERL/H:2/COM,TOTAL,2512.0,378687367.0,94671834.0,0.0,652909.0,473359211.0,354867.0,0.0,260.0,580.0
DZA,Algeria,IND,CR-,CR/LWAL/CDL+ERL/H:2/IND,TOTAL,1242.0,242842819.0,80947604.0,0.0,592300.0,323790429.0,308734.0,0.0,477.0,410.0
DZA,Algeria,RES,CR-,CR/LWAL/CDL+ERL/H:2/RES,URBAN,74872.0,3319687325.0,829921832.0,441972.0,7544744.0,4149609157.0,3073928.0,76788.0,101.0,440.0
DZA,Algeria,COM,CR-,CR/LWAL/CDL+ERL/H:3/COM,TOTAL,1674.0,436637838.0,109159459.0,0.0,752824.0,545797294.0,409501.0,0.0,450.0,580.0
DZA,Algeria,RES,CR-,CR/LWAL/CDL+ERL/H:3/RES,URBAN,59837.0,3875769667.0,968942416.0,442026.0,8808567.0,4844712079.0,3591501.0,76799.0,147.0,440.0
DZA,Algeria,COM,CR-,CR/LWAL/CDL+ERL/H:4-7/COM,TOTAL,435.0,295780673.0,73945165.0,0.0,509967.0,369725836.0,278066.0,0.0,1172.0,580.0
DZA,Algeria,RES,CR-,CR/LWAL/CDL+ERL/H:4-7/RES,URBAN,2746.0,1158426834.0,289606706.0,189404.0,2632788.0,1448033542.0,1075845.0,32907.0,959.0,440.0
DZA,Algeria,COM,CR-,CR/LWAL/CDL+ERL/H:>7/COM,TOTAL,65.0,117333961.0,29333489.0,0.0,202300.0,146667454.0,110484.0,0.0,3112.0,580.0
DZA,Algeria,RES,CR-,CR/LWAL/CDL+ERL/H:>7/RES,URBAN,686.0,361974168.0,90493542.0,63121.0,822669.0,452467708.0,336666.0,10967.0,1199.0,440.0
DZA,Algeria,COM,CR+,CR/LWAL/CDM+ERM/H:1/COM,TOTAL,288.0,21747597.0,5436899.0,0.0,37496.0,27184498.0,20363.0,0.0,130.0,580.0
DZA,Algeria,IND,CR+,CR/LWAL/CDM+ERM/H:1/IND,TOTAL,764.0,68707236.0,22902412.0,0.0,167579.0,91609643.0,87271.0,0.0,219.0,410.0
DZA,Algeria,RES,CR+,CR/LWAL/CDM+ERM/H:1/RES,URBAN,4181.0,110329305.0,27582325.0,24066.0,250748.0,137911631.0,102086.0,4181.0,60.0,440.0
DZA,Algeria,COM,CR+,CR/LWAL/CDM+ERM/H:2/COM,TOTAL,528.0,79983519.0,19995877.0,0.0,137903.0,99979387.0,74953.0,0.0,261.0,580.0
DZA,Algeria,IND,CR+,CR/LWAL/CDM+ERM/H:2/IND,TOTAL,253.0,49758721.0,16586238.0,0.0,121363.0,66344957.0,63260.0,0.0,480.0,410.0
DZA,Algeria,RES,CR+,CR/LWAL/CDM+ERM/H:2/RES,URBAN,14268.0,632317680.0,158079421.0,84218.0,1437086.0,790397093.0,585507.0,14632.0,101.0,440.0
DZA,Algeria,COM,CR+,CR/LWAL/CDM+ERM/H:3/COM,TOTAL,354.0,88003380.0,22000849.0,0.0,151730.0,110004227.0,82534.0,0.0,429.0,580.0
DZA,Algeria,RES,CR+,CR/LWAL/CDM+ERM/H:3/RES,URBAN,11397.0,738039235.0,184509809.0,84142.0,1677362.0,922549048.0,683908.0,14617.0,147.0,440.0
DZA,Algeria,COM,CR+,CR/LWAL/CDM+ERM/H:4-7/COM,TOTAL,81.0,56540980.0,14135242.0,0.0,97484.0,70676224.0,53155.0,0.0,1204.0,580.0
DZA,Algeria,RES,CR+,CR/LWAL/CDM+ERM/H:4-7/RES,URBAN,523.0,220602427.0,55150607.0,36079.0,501369.0,275753038.0,204876.0,6268.0,959.0,440.0
DZA,Algeria,COM,CR+,CR/LWAL/CDM+ERM/H:>7/COM,TOTAL,2.0,3642696.0,910674.0,0.0,6281.0,4553370.0,3430.0,0.0,3140.0,580.0
DZA,Algeria,RES,CR+,CR/LWAL/CDM+ERM/H:>7/RES,URBAN,126.0,68688410.0,17172104.0,12006.0,156110.0,85860513.0,63886.0,2084.0,1239.0,440.0
DZA,Algeria,RES,ADO|ST|E,E+ETO/LWAL/CDN+ERN/H:1/RES,RURAL,366771.0,3300923560.0,582515921.0,2111023.0,22006157.0,3883439481.0,10200873.0,366771.0,60.0,150.0
DZA,Algeria,RES,ADO|ST|E,E+ETO/LWAL/CDN+ERN/H:1/RES,URBAN,276558.0,3484650592.0,614938342.0,1591784.0,16593574.0,4099588940.0,7691890.0,276558.0,60.0,210.0
DZA,Algeria,RES,OT,MATO/LN/CDN+ERN/H:1/RES,URBAN,61461.0,1327485619.0,331871407.0,353748.0,3687460.0,1659357022.0,1709309.0,61461.0,60.0,360.0
DZA,Algeria,RES,OT,MATO/LN/CDN+ERN/H:1/RES,RURAL,41918.0,804796935.0,201199232.0,241270.0,2514990.0,1005996171.0,1165815.0,41918.0,60.0,320.0
DZA,Algeria,COM,MR|MCF,MCF/LWAL/CDL+ERL/H:1/COM,TOTAL,25836.0,1948051080.0,343773723.0,0.0,3358709.0,2291824795.0,1663981.0,0.0,130.0,580.0
DZA,Algeria,IND,MR|MCF,MCF/LWAL/CDL+ERL/H:1/IND,TOTAL,14816.0,1336861815.0,445620606.0,0.0,3260639.0,1782482422.0,1605364.0,0.0,220.0,410.0
DZA,Algeria,RES,MR|MCF,MCF/LWAL/CDL+ERL/H:1/RES,URBAN,394926.0,10426076879.0,1839895922.0,2273069.0,23695629.0,12265972802.0,8122502.0,394926.0,60.0,440.0
DZA,Algeria,COM,MR|MCF,MCF/LWAL/CDL+ERL/H:2/COM,TOTAL,12913.0,1948008685.0,343766233.0,0.0,3358636.0,2291774909.0,1665246.0,0.0,260.0,580.0
DZA,Algeria,IND,MR|MCF,MCF/LWAL/CDL+ERL/H:2/IND,TOTAL,4941.0,972238869.0,324079631.0,0.0,2371314.0,1296318493.0,1168561.0,0.0,480.0,410.0
DZA,Algeria,RES,MR|MCF,MCF/LWAL/CDL+ERL/H:2/RES,URBAN,385055.0,17072696017.0,3012828707.0,2273082.0,38801582.0,20085524720.0,13310182.0,394928.0,101.0,440.0
DZA,Algeria,COM,MR|MCF,MCF/LWAL/CDL+ERL/H:3-6/COM,TOTAL,1154.0,597779495.0,105490502.0,0.0,1030654.0,703269994.0,511808.0,0.0,893.0,580.0
DZA,Algeria,RES,MR|MCF,MCF/LWAL/CDL+ERL/H:3-6/RES,URBAN,10971.0,3282256059.0,579221659.0,505162.0,7459673.0,3861477712.0,2562594.0,87767.0,680.0,440.0
DZA,Algeria,COM,MR|MCF,MCF/LWAL/CDM+ERM/H:1/COM,TOTAL,4921.0,370962061.0,65463892.0,0.0,639590.0,436425955.0,316868.0,0.0,130.0,580.0
DZA,Algeria,IND,MR|MCF,MCF/LWAL/CDM+ERM/H:1/IND,TOTAL,2818.0,254626451.0,84875493.0,0.0,621040.0,339501921.0,305767.0,0.0,220.0,410.0
DZA,Algeria,RES,MR|MCF,MCF/LWAL/CDM+ERM/H:1/RES,URBAN,75227.0,1985918821.0,350456262.0,432983.0,4513452.0,2336375083.0,1547143.0,75227.0,60.0,440.0
DZA,Algeria,COM,MR|MCF,MCF/LWAL/CDM+ERM/H:2/COM,TOTAL,2470.0,371000917.0,65470750.0,0.0,639657.0,436471663.0,317149.0,0.0,259.0,580.0
DZA,Algeria,IND,MR|MCF,MCF/LWAL/CDM+ERM/H:2/IND,TOTAL,950.0,185107606.0,61702538.0,0.0,451482.0,246810152.0,222486.0,0.0,475.0,410.0
DZA,Algeria,RES,MR|MCF,MCF/LWAL/CDM+ERM/H:2/RES,URBAN,73342.0,3251943437.0,573872366.0,432972.0,7390781.0,3825815806.0,2535274.0,75225.0,101.0,440.0
DZA,Algeria,COM,MR|MCF,MCF/LWAL/CDM+ERM/H:3-6/COM,TOTAL,200.0,102079539.0,18014039.0,0.0,175999.0,120093574.0,87399.0,0.0,880.0,580.0
DZA,Algeria,RES,MR|MCF,MCF/LWAL/CDM+ERM/H:3-6/RES,URBAN,2092.0,625080690.0,110308356.0,96198.0,1420638.0,735389045.0,488027.0,16714.0,679.0,440.0
DZA,Algeria,RES,OT,ME+MEO/LWAL/CDN+ERM/H:1/RES,URBAN,92186.0,1991228615.0,497807152.0,530596.0,5531191.0,2489035768.0,2038949.0,92186.0,60.0,360.0
DZA,Algeria,RES,OT,ME+MEO/LWAL/CDN+ERM/H:1/RES,RURAL,31438.0,603598205.0,150899555.0,180946.0,1886244.0,754497757.0,695322.0,31438.0,60.0,320.0
DZA,Algeria,COM,ADO|ST|E,MUR+ADO/LWAL/CDN+ERN/H:1/COM,TOTAL,37003.0,1250800739.0,312700171.0,0.0,4810772.0,1563500922.0,2993807.0,0.0,130.0,260.0
DZA,Algeria,RES,ADO|ST|E,MUR+ADO/LWAL/CDN+ERN/H:1/RES,URBAN,131367.0,1655209497.0,292095795.0,756105.0,7881950.0,1947305289.0,3653649.0,131367.0,60.0,210.0
DZA,Algeria,RES,ADO|ST|E,MUR+ADO/LWAL/CDN+ERN/H:1/RES,RURAL,174214.0,1567938330.0,276694995.0,1002720.0,10452922.0,1844633324.0,4845414.0,174214.0,60.0,150.0
DZA,Algeria,COM,ADO|ST|E,MUR+ADO/LWAL/CDN+ERN/H:2/COM,TOTAL,18502.0,1250778886.0,312694726.0,0.0,4810688.0,1563473618.0,2995521.0,0.0,260.0,260.0
DZA,Algeria,RES,ADO|ST|E,MUR+ADO/LWAL/CDN+ERN/H:2/RES,RURAL,169859.0,2567490938.0,453086632.0,1002710.0,17116606.0,3020577572.0,7938776.0,174212.0,101.0,150.0
DZA,Algeria,RES,ADO|ST|E,MUR+ADO/LWAL/CDN+ERN/H:2/RES,URBAN,128080.0,2710403296.0,478306465.0,756072.0,12906682.0,3188709765.0,5986191.0,131361.0,101.0,210.0
DZA,Algeria,COM,ADO|ST|E,MUR+ADO/LWAL/CDN+ERN/H:3/COM,TOTAL,768.0,175155653.0,43788918.0,0.0,673676.0,218944571.0,419732.0,0.0,877.0,260.0
DZA,Algeria,RES,ADO|ST|E,MUR+ADO/LWAL/CDN+ERN/H:3/RES,RURAL,2287.0,233726220.0,41245803.0,105521.0,1558175.0,274972026.0,723094.0,18333.0,681.0,150.0
DZA,Algeria,RES,ADO|ST|E,MUR+ADO/LWAL/CDN+ERN/H:3/RES,URBAN,1735.0,246815379.0,43555650.0,79573.0,1175311.0,290371039.0,545421.0,13825.0,677.0,210.0
DZA,Algeria,COM,MUR,MUR+CB/LWAL/CDN+ERN/H:1/COM,TOTAL,41953.0,3653936675.0,913484176.0,0.0,5453637.0,4567420843.0,3991421.0,0.0,130.0,670.0
DZA,Algeria,IND,MUR,MUR+CB/LWAL/CDN+ERN/H:1/IND,TOTAL,25902.0,2051018083.0,683672695.0,0.0,5697272.0,2734690784.0,3908308.0,0.0,220.0,360.0
DZA,Algeria,RES,MUR,MUR+CB/LWAL/CDN+ERN/H:1/RES,URBAN,496273.0,12803787628.0,2259491935.0,2856396.0,29776250.0,15063279560.0,16491735.0,496273.0,60.0,430.0
DZA,Algeria,RES,MUR,MUR+CB/LWAL/CDN+ERN/H:1/RES,RURAL,174214.0,3449464325.0,608728997.0,1002720.0,10452922.0,4058193326.0,5789407.0,174214.0,60.0,330.0
DZA,Algeria,COM,MUR,MUR+CB/LWAL/CDN+ERN/H:2/COM,TOTAL,20970.0,3653900587.0,913475140.0,0.0,5453583.0,4567375720.0,3993662.0,0.0,260.0,670.0
DZA,Algeria,IND,MUR,MUR+CB/LWAL/CDN+ERN/H:2/IND,TOTAL,8637.0,1491644606.0,497214875.0,0.0,4143457.0,1988859466.0,2844119.0,0.0,480.0,360.0
DZA,Algeria,RES,MUR,MUR+CB/LWAL/CDN+ERN/H:2/RES,RURAL,169859.0,5648482896.0,996791102.0,1002710.0,17116615.0,6645273999.0,9485132.0,174212.0,101.0,330.0
DZA,Algeria,RES,MUR,MUR+CB/LWAL/CDN+ERN/H:2/RES,URBAN,483863.0,20966198282.0,3699917347.0,2856371.0,48758601.0,24666115624.0,27019462.0,496269.0,101.0,430.0
DZA,Algeria,COM,MUR,MUR+CB/LWAL/CDN+ERN/H:3/COM,TOTAL,866.0,514476729.0,128619190.0,0.0,767876.0,643095917.0,562637.0,0.0,887.0,670.0
DZA,Algeria,RES,MUR,MUR+CB/LWAL/CDN+ERN/H:3/RES,RURAL,2287.0,514197689.0,90740766.0,105521.0,1558175.0,604938459.0,863915.0,18333.0,681.0,330.0
DZA,Algeria,RES,MUR,MUR+CB/LWAL/CDN+ERN/H:3/RES,URBAN,6535.0,1909255293.0,336927409.0,300660.0,4440129.0,2246182704.0,2461785.0,52237.0,679.0,430.0
DZA,Algeria,COM,MUR,MUR+CL/LWAL/CDN+ERN/H:1/COM,TOTAL,41953.0,3653927035.0,913481757.0,0.0,5453622.0,4567408787.0,3393861.0,0.0,130.0,670.0
DZA,Algeria,IND,MUR,MUR+CL/LWAL/CDN+ERN/H:1/IND,TOTAL,25902.0,2051053701.0,683684573.0,0.0,5697371.0,2734738266.0,3311837.0,0.0,220.0,360.0
DZA,Algeria,RES,MUR,MUR+CL/LWAL/CDN+ERN/H:1/RES,URBAN,496273.0,12803787623.0,2259491934.0,2856396.0,29776250.0,15063279562.0,13802671.0,496273.0,60.0,430.0
DZA,Algeria,RES,MUR,MUR+CL/LWAL/CDN+ERN/H:1/RES,RURAL,174214.0,3449464321.0,608728998.0,1002720.0,10452922.0,4058193319.0,4845414.0,174214.0,60.0,330.0
DZA,Algeria,COM,MUR,MUR+CL/LWAL/CDN+ERN/H:2/COM,TOTAL,20970.0,3653912278.0,913478065.0,0.0,5453600.0,4567390342.0,3395850.0,0.0,260.0,670.0
DZA,Algeria,IND,MUR,MUR+CL/LWAL/CDN+ERN/H:2/IND,TOTAL,8636.0,1491604993.0,497201668.0,0.0,4143347.0,1988806659.0,2410030.0,0.0,480.0,360.0
DZA,Algeria,RES,MUR,MUR+CL/LWAL/CDN+ERN/H:2/RES,RURAL,169859.0,5648488738.0,996792130.0,1002712.0,17116633.0,6645280870.0,7938789.0,174212.0,101.0,330.0
DZA,Algeria,RES,MUR,MUR+CL/LWAL/CDN+ERN/H:2/RES,URBAN,483863.0,20966203766.0,3699918312.0,2856372.0,48758613.0,24666122074.0,22614513.0,496269.0,101.0,430.0
DZA,Algeria,COM,MUR,MUR+CL/LWAL/CDN+ERN/H:3/COM,TOTAL,866.0,514501277.0,128625329.0,0.0,767912.0,643126603.0,478446.0,0.0,887.0,670.0
DZA,Algeria,RES,MUR,MUR+CL/LWAL/CDN+ERN/H:3/RES,RURAL,2287.0,514197690.0,90740766.0,105521.0,1558175.0,604938461.0,723094.0,18333.0,681.0,330.0
DZA,Algeria,RES,MUR,MUR+CL/LWAL/CDN+ERN/H:3/RES,URBAN,6535.0,1909247115.0,336925964.0,300659.0,4440110.0,2246173075.0,2060498.0,52237.0,679.0,430.0
DZA,Algeria,COM,ADO|ST|E,MUR+STDRE/LWAL/CDN+ERN/H:1/COM,TOTAL,3423.0,311475131.0,77868780.0,0.0,444964.0,389343915.0,276908.0,0.0,130.0,700.0
DZA,Algeria,IND,ADO|ST|E,MUR+STDRE/LWAL/CDN+ERN/H:1/IND,TOTAL,1916.0,295155445.0,98385144.0,0.0,421651.0,393540596.0,245103.0,0.0,220.0,700.0
DZA,Algeria,RES,ADO|ST|E,MUR+STDRE/LWAL/CDN+ERN/H:1/RES,URBAN,58385.0,1961731175.0,346187853.0,336047.0,3503091.0,2307919029.0,1623845.0,58385.0,60.0,560.0
DZA,Algeria,COM,ADO|ST|E,MUR+STDRE/LWAL/CDN+ERN/H:2/COM,TOTAL,1711.0,311563754.0,77890939.0,0.0,445091.0,389454692.0,277150.0,0.0,260.0,700.0
DZA,Algeria,IND,ADO|ST|E,MUR+STDRE/LWAL/CDN+ERN/H:2/IND,TOTAL,639.0,213825209.0,71275071.0,0.0,305465.0,285100287.0,177678.0,0.0,478.0,700.0
DZA,Algeria,RES,ADO|ST|E,MUR+STDRE/LWAL/CDN+ERN/H:2/RES,URBAN,56922.0,3212330137.0,566881789.0,335993.0,5736304.0,3779211925.0,2660530.0,58375.0,101.0,560.0
DZA,Algeria,COM,ADO|ST|E,MUR+STDRE/LWAL/CDN+ERN/H:3/COM,TOTAL,61.0,37778088.0,9444525.0,0.0,53969.0,47222608.0,33625.0,0.0,885.0,700.0
DZA,Algeria,RES,ADO|ST|E,MUR+STDRE/LWAL/CDN+ERN/H:3/RES,URBAN,770.0,292539584.0,51624634.0,35414.0,522392.0,344164214.0,242424.0,6153.0,678.0,560.0
DZA,Algeria,COM,ADO|ST|E,MUR+STRUB/LWAL/CDN+ERN/H:1/COM,TOTAL,15423.0,1403907501.0,350976875.0,0.0,2005582.0,1754884389.0,1248100.0,0.0,130.0,700.0
DZA,Algeria,IND,ADO|ST|E,MUR+STRUB/LWAL/CDN+ERN/H:1/IND,TOTAL,12403.0,1909936189.0,636645395.0,0.0,2728480.0,2546581589.0,1586044.0,0.0,220.0,700.0
DZA,Algeria,RES,ADO|ST|E,MUR+STRUB/LWAL/CDN+ERN/H:1/RES,RURAL,248881.0,4778479770.0,843261133.0,1432483.0,14932749.0,5621740906.0,6922021.0,248881.0,60.0,320.0
DZA,Algeria,COM,ADO|ST|E,MUR+STRUB/LWAL/CDN+ERN/H:2/COM,TOTAL,7716.0,1403888377.0,350972093.0,0.0,2005555.0,1754860474.0,1248820.0,0.0,260.0,700.0
DZA,Algeria,IND,ADO|ST|E,MUR+STRUB/LWAL/CDN+ERN/H:2/IND,TOTAL,4135.0,1389101545.0,463033845.0,0.0,1984431.0,1852135400.0,1154269.0,0.0,480.0,700.0
DZA,Algeria,RES,ADO|ST|E,MUR+STRUB/LWAL/CDN+ERN/H:2/RES,RURAL,242661.0,7824744879.0,1380837332.0,1432514.0,24452328.0,9205582219.0,11341124.0,248886.0,101.0,320.0
DZA,Algeria,COM,ADO|ST|E,MUR+STRUB/LWAL/CDN+ERN/H:3/COM,TOTAL,317.0,194257089.0,48564270.0,0.0,277510.0,242821359.0,172902.0,0.0,875.0,700.0
DZA,Algeria,RES,ADO|ST|E,MUR+STRUB/LWAL/CDN+ERN/H:3/RES,RURAL,3270.0,712499950.0,125735280.0,150803.0,2226562.0,838235230.0,1033269.0,26201.0,681.0,320.0
DZA,Algeria,IND,S,S+SL/LFM/CDL+ERL/H:1/IND,TOTAL,12273.0,1107119899.0,474479965.0,0.0,2700292.0,1581599861.0,921569.0,0.0,220.0,410.0
DZA,Algeria,IND,S,S+SL/LFM/CDL+ERL/H:2/IND,TOTAL,4086.0,804958348.0,344982142.0,0.0,1963313.0,1149940491.0,670490.0,0.0,480.0,410.0
DZA,Algeria,IND,S,S+SL/LFM/CDM+ERM/H:1/IND,TOTAL,2337.0,210791028.0,90339017.0,0.0,514124.0,301130035.0,175464.0,0.0,220.0,410.0
DZA,Algeria,IND,S,S+SL/LFM/CDM+ERM/H:2/IND,TOTAL,784.0,152592655.0,65396852.0,0.0,372177.0,217989497.0,127103.0,0.0,475.0,410.0
DZA,Algeria,IND,S,S/LFM/CDL+ERL/H:1/IND,TOTAL,22030.0,1987130417.0,851627325.0,0.0,4846660.0,2838757730.0,1654092.0,0.0,220.0,410.0
DZA,Algeria,IND,S,S/LFM/CDL+ERL/H:2/IND,TOTAL,7343.0,1444709687.0,619161299.0,0.0,3523682.0,2063870979.0,1203371.0,0.0,480.0,410.0
DZA,Algeria,IND,S,S/LFM/CDM+ERM/H:1/IND,TOTAL,4198.0,378369146.0,162158192.0,0.0,922852.0,540527349.0,314956.0,0.0,220.0,410.0
DZA,Algeria,IND,S,S/LFM/CDM+ERM/H:2/IND,TOTAL,1409.0,272387648.0,116737572.0,0.0,664360.0,389125222.0,226886.0,0.0,472.0,410.0
DZA,Algeria,COM,W,W/LWAL/CDL+ERM/H:1/COM,TOTAL,4932.0,449539816.0,149846601.0,0.0,642200.0,599386426.0,122595.0,0.0,130.0,700.0
DZA,Algeria,RES,W,W/LWAL/CDL+ERM/H:1/RES,URBAN,30972.0,1300932099.0,325233026.0,178267.0,1858474.0,1626165128.0,196559.0,30972.0,60.0,700.0
DZA,Algeria,RES,W,W/LWAL/CDL+ERM/H:1/RES,RURAL,10568.0,392932525.0,98233130.0,60823.0,633762.0,491165657.0,67029.0,10568.0,60.0,620.0
DZA,Algeria,COM,W,W/LWAL/CDL+ERM/H:2/COM,TOTAL,2470.0,449634523.0,149878170.0,0.0,642335.0,599512683.0,122678.0,0.0,260.0,700.0
DZA,Algeria,RES,W,W/LWAL/CDL+ERM/H:2/RES,RURAL,10300.0,643378814.0,160844702.0,60785.0,1037708.0,804223519.0,109820.0,10561.0,101.0,620.0
DZA,Algeria,RES,W,W/LWAL/CDL+ERM/H:2/RES,URBAN,30205.0,2130264477.0,532566117.0,178309.0,3043235.0,2662830597.0,322064.0,30980.0,101.0,700.0
DZA,Algeria,COM,W,W/LWAL/CDL+ERM/H:3/COM,TOTAL,809.0,251151643.0,83717208.0,0.0,358788.0,334868856.0,68557.0,0.0,443.0,700.0
DZA,Algeria,RES,W,W/LWAL/CDL+ERM/H:3/RES,RURAL,4112.0,374944225.0,93736058.0,30284.0,604749.0,468680289.0,64041.0,5261.0,147.0,620.0
DZA,Algeria,RES,W,W/LWAL/CDL+ERM/H:3/RES,URBAN,12067.0,1243222123.0,310805527.0,89111.0,1776032.0,1554027652.0,188074.0,15481.0,147.0,700.0
DZA,Algeria,COM,W,W/LWAL/CDM+ERM/H:1/COM,TOTAL,932.0,83992102.0,27997360.0,0.0,119989.0,111989483.0,22906.0,0.0,129.0,700.0
DZA,Algeria,RES,W,W/LWAL/CDM+ERM/H:1/RES,RURAL,2018.0,74842816.0,18710706.0,11613.0,120714.0,93553523.0,12767.0,2018.0,60.0,620.0
DZA,Algeria,RES,W,W/LWAL/CDM+ERM/H:1/RES,URBAN,5897.0,247792191.0,61948047.0,33940.0,353989.0,309740241.0,37439.0,5897.0,60.0,700.0
DZA,Algeria,COM,W,W/LWAL/CDM+ERM/H:2/COM,TOTAL,463.0,82615963.0,27538652.0,0.0,118023.0,110154635.0,22541.0,0.0,255.0,700.0
DZA,Algeria,RES,W,W/LWAL/CDM+ERM/H:2/RES,RURAL,1960.0,122266643.0,30566660.0,11529.0,197204.0,152833310.0,20870.0,2003.0,101.0,620.0
DZA,Algeria,RES,W,W/LWAL/CDM+ERM/H:2/RES,URBAN,5749.0,405700076.0,101425023.0,33914.0,579572.0,507125099.0,61336.0,5892.0,101.0,700.0
DZA,Algeria,COM,W,W/LWAL/CDM+ERM/H:3/COM,TOTAL,134.0,38898995.0,12966331.0,0.0,55570.0,51865327.0,10618.0,0.0,415.0,700.0
DZA,Algeria,RES,W,W/LWAL/CDM+ERM/H:3/RES,RURAL,767.0,67767786.0,16941944.0,5228.0,109303.0,84709732.0,11575.0,908.0,143.0,620.0
DZA,Algeria,RES,W,W/LWAL/CDM+ERM/H:3/RES,URBAN,2305.0,234937786.0,58734444.0,16763.0,335625.0,293672227.0,35542.0,2910.0,146.0,700.0
AGO,Angola,COM,CR-,CR/LFINF/CDL+ERL/H:1/COM,TOTAL,4346.0,311219326.0,54921056.0,0.0,565853.0,366140388.0,280337.0,0.0,130.0,550.0
AGO,Angola,IND,CR-,CR/LFINF/CDL+ERL/H:1/IND,TOTAL,3472.0,381915386.0,127305132.0,0.0,763831.0,509220517.0,376069.0,0.0,220.0,500.0
AGO,Angola,RES,CR-,CR/LFINF/CDL+ERL/H:1/RES,URBAN,41254.0,1014867528.0,179094270.0,172933.0,2475287.0,1193961800.0,848491.0,41254.0,60.0,410.0
AGO,Angola,COM,CR-,CR/LFINF/CDL+ERL/H:2/COM,TOTAL,7609.0,1089310781.0,192231316.0,0.0,1980565.0,1281542100.0,981984.0,0.0,260.0,550.0
AGO,Angola,IND,CR-,CR/LFINF/CDL+ERL/H:2/IND,TOTAL,1160.0,277751070.0,92583686.0,0.0,555502.0,370334767.0,273746.0,0.0,479.0,500.0
AGO,Angola,RES,CR-,CR/LFINF/CDL+ERL/H:2/RES,URBAN,140782.0,5816468174.0,1026435561.0,605270.0,14186508.0,6842903734.0,4866425.0,144391.0,101.0,410.0
AGO,Angola,COM,CR-,CR/LFINF/CDL+ERL/H:3/COM,TOTAL,5083.0,1256520199.0,221738858.0,0.0,2284582.0,1478259060.0,1133604.0,0.0,449.0,550.0
AGO,Angola,RES,CR-,CR/LFINF/CDL+ERL/H:3/RES,URBAN,112508.0,6790808481.0,1198377964.0,605279.0,16562948.0,7989186447.0,5685713.0,144392.0,147.0,410.0
AGO,Angola,COM,CR-,CR/LFINF/CDL+ERL/H:4-7/COM,TOTAL,1307.0,861732064.0,152070362.0,0.0,1566786.0,1013802429.0,779257.0,0.0,1199.0,550.0
AGO,Angola,RES,CR-,CR/LFINF/CDL+ERL/H:4-7/RES,URBAN,5158.0,2029736139.0,358188731.0,259404.0,4950576.0,2387924872.0,1703100.0,61882.0,960.0,410.0
AGO,Angola,COM,CR-,CR/LFINF/CDL+ERL/H:>7/COM,TOTAL,213.0,369210044.0,65154713.0,0.0,671291.0,434364757.0,334394.0,0.0,3152.0,550.0
AGO,Angola,RES,CR-,CR/LFINF/CDL+ERL/H:>7/RES,URBAN,1288.0,634293795.0,111934199.0,86471.0,1547058.0,746227994.0,532984.0,20628.0,1201.0,410.0
AGO,Angola,COM,CR-,CR/LWAL/CDL+ERL/H:1/COM,TOTAL,1365.0,97467418.0,17200137.0,0.0,177213.0,114667546.0,96241.0,0.0,130.0,550.0
AGO,Angola,IND,CR-,CR/LWAL/CDL+ERL/H:1/IND,TOTAL,1090.0,119866292.0,39955432.0,0.0,239733.0,159821724.0,124846.0,0.0,220.0,500.0
AGO,Angola,RES,CR-,CR/LWAL/CDL+ERL/H:1/RES,URBAN,12948.0,318534988.0,56212055.0,54274.0,776915.0,374747043.0,316301.0,12948.0,60.0,410.0
AGO,Angola,COM,CR-,CR/LWAL/CDL+ERL/H:2/COM,TOTAL,2395.0,341852436.0,60326900.0,0.0,621550.0,402179331.0,337822.0,0.0,260.0,550.0
AGO,Angola,IND,CR-,CR/LWAL/CDL+ERL/H:2/IND,TOTAL,360.0,87145660.0,29048554.0,0.0,174291.0,116194206.0,90849.0,0.0,484.0,500.0
AGO,Angola,RES,CR-,CR/LWAL/CDL+ERL/H:2/RES,URBAN,44186.0,1825600210.0,322164745.0,189973.0,4452683.0,2147764954.0,1814141.0,45319.0,101.0,410.0
AGO,Angola,COM,CR-,CR/LWAL/CDL+ERL/H:3/COM,TOTAL,1595.0,394469288.0,69612232.0,0.0,717217.0,464081505.0,390132.0,0.0,450.0,550.0
AGO,Angola,RES,CR-,CR/LWAL/CDL+ERL/H:3/RES,URBAN,35315.0,2131420061.0,376132953.0,189986.0,5198586.0,2507553017.0,2119610.0,45322.0,147.0,410.0
AGO,Angola,COM,CR-,CR/LWAL/CDL+ERL/H:4-7/COM,TOTAL,414.0,268582389.0,47396891.0,0.0,488332.0,315979280.0,266270.0,0.0,1180.0,550.0
AGO,Angola,RES,CR-,CR/LWAL/CDL+ERL/H:4-7/RES,URBAN,1618.0,637053780.0,112421256.0,81439.0,1553790.0,749475038.0,634930.0,19427.0,960.0,410.0
AGO,Angola,COM,CR-,CR/LWAL/CDL+ERL/H:>7/COM,TOTAL,62.0,107165354.0,18911534.0,0.0,194846.0,126076886.0,106413.0,0.0,3143.0,550.0
AGO,Angola,RES,CR-,CR/LWAL/CDL+ERL/H:>7/RES,URBAN,404.0,199052147.0,35126848.0,27144.0,485493.0,234178998.0,198682.0,6475.0,1202.0,410.0
AGO,Angola,RES,ADO|ST|E,E+ETO/LWAL/CDN+ERN/H:1/RES,URBAN,301129.0,1264745821.0,223190439.0,1262303.0,18067797.0,1487936261.0,1614285.0,301129.0,60.0,70.0
AGO,Angola,RES,ADO|ST|E,E+ETO/LWAL/CDN+ERN/H:1/RES,RURAL,296154.0,888456577.0,156786455.0,1241447.0,17769132.0,1045243032.0,1587600.0,296154.0,60.0,50.0
AGO,Angola,RES,OT,INF/LN/CDN+ERN/H:1/EWV/RES,RURAL,394869.0,2369217302.0,418097173.0,1655249.0,23692173.0,2787314473.0,316320.0,394869.0,60.0,100.0
AGO,Angola,RES,OT,INF/LN/CDN+ERN/H:1/EWV/RES,URBAN,240902.0,1734509751.0,306089956.0,1009838.0,14454248.0,2040599705.0,192982.0,240902.0,60.0,120.0
AGO,Angola,RES,OT,MATO/LN/CDN+ERN/H:1/RES,URBAN,60225.0,433627493.0,76522498.0,252458.0,3613562.0,510149993.0,1660286.0,60225.0,60.0,120.0
AGO,Angola,RES,OT,MATO/LN/CDN+ERN/H:1/RES,RURAL,32908.0,197434145.0,34841322.0,137947.0,1974341.0,232275464.0,907130.0,32908.0,60.0,100.0
AGO,Angola,COM,MR|MCF,MCF+CB/LWAL/CDL+ERL/H:1/COM,TOTAL,18445.0,1318775513.0,329693876.0,0.0,2397774.0,1648469393.0,1335645.0,0.0,130.0,550.0
AGO,Angola,IND,MR|MCF,MCF+CB/LWAL/CDL+ERL/H:1/IND,TOTAL,3261.0,359617234.0,119872413.0,0.0,719234.0,479489638.0,401997.0,0.0,221.0,500.0
AGO,Angola,RES,MR|MCF,MCF+CB/LWAL/CDL+ERL/H:1/RES,URBAN,174804.0,4300225419.0,758863309.0,732763.0,10488355.0,5059088728.0,4124232.0,174804.0,60.0,410.0
AGO,Angola,COM,MR|MCF,MCF+CB/LWAL/CDL+ERL/H:2/COM,TOTAL,9222.0,1318762269.0,329690566.0,0.0,2397750.0,1648452836.0,1336659.0,0.0,260.0,550.0
AGO,Angola,IND,MR|MCF,MCF+CB/LWAL/CDL+ERL/H:2/IND,TOTAL,1090.0,261536674.0,87178896.0,0.0,523073.0,348715566.0,292614.0,0.0,480.0,500.0
AGO,Angola,RES,MR|MCF,MCF+CB/LWAL/CDL+ERL/H:2/RES,URBAN,170441.0,7041622678.0,1242639294.0,732778.0,17174689.0,8284261974.0,6758107.0,174808.0,101.0,410.0
AGO,Angola,COM,MR|MCF,MCF+CB/LWAL/CDL+ERL/H:3-6/COM,TOTAL,827.0,403933268.0,100983316.0,0.0,734424.0,504916584.0,410044.0,0.0,888.0,550.0
AGO,Angola,RES,MR|MCF,MCF+CB/LWAL/CDL+ERL/H:3-6/RES,URBAN,4853.0,1353775160.0,238901497.0,162816.0,3301891.0,1592676656.0,1301066.0,38841.0,680.0,410.0
AGO,Angola,COM,MR|MCF,MCF+CL/LWAL/CDL+ERL/H:1/COM,TOTAL,4861.0,347570094.0,86892524.0,0.0,631946.0,434462616.0,313080.0,0.0,130.0,550.0
AGO,Angola,IND,MR|MCF,MCF+CL/LWAL/CDL+ERL/H:1/IND,TOTAL,861.0,94735474.0,31578491.0,0.0,189471.0,126313957.0,93285.0,0.0,220.0,500.0
AGO,Angola,RES,MR|MCF,MCF+CL/LWAL/CDL+ERL/H:1/RES,URBAN,46072.0,1133392908.0,200010513.0,193128.0,2764373.0,1333403422.0,947585.0,46072.0,60.0,410.0
AGO,Angola,COM,MR|MCF,MCF+CL/LWAL/CDL+ERL/H:2/COM,TOTAL,2426.0,347556525.0,86889131.0,0.0,631921.0,434445655.0,313313.0,0.0,260.0,550.0
AGO,Angola,IND,MR|MCF,MCF+CL/LWAL/CDL+ERL/H:2/IND,TOTAL,293.0,68926121.0,22975376.0,0.0,137852.0,91901497.0,67932.0,0.0,470.0,500.0
AGO,Angola,RES,MR|MCF,MCF+CL/LWAL/CDL+ERL/H:2/RES,URBAN,44925.0,1855931761.0,327517370.0,193136.0,4526663.0,2183449127.0,1552790.0,46073.0,101.0,410.0
AGO,Angola,COM,MR|MCF,MCF+CL/LWAL/CDL+ERL/H:3-6/COM,TOTAL,204.0,100391823.0,25097955.0,0.0,182531.0,125489776.0,90642.0,0.0,895.0,550.0
AGO,Angola,RES,MR|MCF,MCF+CL/LWAL/CDL+ERL/H:3-6/RES,URBAN,1283.0,356735256.0,62953278.0,42936.0,870086.0,419688537.0,298897.0,10242.0,678.0,410.0
AGO,Angola,RES,OT,ME+MEO/LWAL/CDN+ERM/H:1/RES,RURAL,164531.0,987174406.0,174207246.0,689697.0,9871744.0,1161381653.0,385188.0,164531.0,60.0,100.0
AGO,Angola,RES,OT,ME+MEO/LWAL/CDN+ERM/H:1/RES,URBAN,301129.0,2168135696.0,382612182.0,1262303.0,18067797.0,2550747876.0,704992.0,301129.0,60.0,120.0
AGO,Angola,COM,ADO|ST|E,MUR+ADO/LWAL/CDN+ERN/H:1/COM,TOTAL,73356.0,1334921274.0,444973758.0,0.0,9535152.0,1779895026.0,809161.0,0.0,130.0,140.0
AGO,Angola,RES,ADO|ST|E,MUR+ADO/LWAL/CDN+ERN/H:1/RES,RURAL,422018.0,1266050368.0,223420652.0,1769057.0,25321007.0,1489471019.0,1555272.0,422018.0,60.0,50.0
AGO,Angola,RES,ADO|ST|E,MUR+ADO/LWAL/CDN+ERN/H:1/RES,URBAN,429112.0,1802263313.0,318046467.0,1798795.0,25746619.0,2120309779.0,1581414.0,429112.0,60.0,70.0
AGO,Angola,COM,ADO|ST|E,MUR+ADO/LWAL/CDN+ERN/H:2/COM,TOTAL,36670.0,1334910237.0,444970079.0,0.0,9535073.0,1779880317.0,811502.0,0.0,260.0,140.0
AGO,Angola,RES,ADO|ST|E,MUR+ADO/LWAL/CDN+ERN/H:2/RES,RURAL,411467.0,2073156797.0,365851203.0,1769067.0,41463136.0,2439007996.0,2553485.0,422020.0,101.0,50.0
AGO,Angola,RES,ADO|ST|E,MUR+ADO/LWAL/CDN+ERN/H:2/RES,URBAN,418388.0,2951206254.0,520801104.0,1798800.0,42160089.0,3472007357.0,2596406.0,429113.0,101.0,70.0
AGO,Angola,COM,ADO|ST|E,MUR+ADO/LWAL/CDN+ERN/H:3/COM,TOTAL,1540.0,194094604.0,64698196.0,0.0,1386390.0,258792798.0,118333.0,0.0,900.0,140.0
AGO,Angola,RES,ADO|ST|E,MUR+ADO/LWAL/CDN+ERN/H:3/RES,RURAL,5548.0,188784504.0,33314913.0,186202.0,3775690.0,222099416.0,233137.0,44420.0,681.0,50.0
AGO,Angola,RES,ADO|ST|E,MUR+ADO/LWAL/CDN+ERN/H:3/RES,URBAN,5645.0,268758007.0,47427884.0,189310.0,3839400.0,316185891.0,237071.0,45162.0,680.0,70.0
AGO,Angola,COM,MUR,MUR+CB/LWAL/CDN+ERN/H:1/COM,TOTAL,89414.0,4998646424.0,1249661599.0,0.0,11624759.0,6248308034.0,9798617.0,0.0,130.0,430.0
AGO,Angola,IND,MUR,MUR+CB/LWAL/CDN+ERN/H:1/IND,TOTAL,18408.0,1295562300.0,431854100.0,0.0,4048632.0,1727416399.0,3256716.0,0.0,220.0,320.0
AGO,Angola,RES,MUR,MUR+CB/LWAL/CDN+ERN/H:1/RES,RURAL,218824.0,1050353057.0,185356422.0,917288.0,13129413.0,1235709480.0,8515881.0,218824.0,60.0,80.0
AGO,Angola,RES,MUR,MUR+CB/LWAL/CDN+ERN/H:1/RES,URBAN,861085.0,12399571576.0,2188159691.0,3609585.0,51664882.0,14587731266.0,33510405.0,861085.0,60.0,240.0
AGO,Angola,COM,MUR,MUR+CB/LWAL/CDN+ERN/H:2/COM,TOTAL,44714.0,4998637920.0,1249659482.0,0.0,11624739.0,6248297400.0,9803848.0,0.0,260.0,430.0
AGO,Angola,IND,MUR,MUR+CB/LWAL/CDN+ERN/H:2/IND,TOTAL,6145.0,942192338.0,314064113.0,0.0,2944351.0,1256256447.0,2369779.0,0.0,479.0,320.0
AGO,Angola,RES,MUR,MUR+CB/LWAL/CDN+ERN/H:2/RES,URBAN,839555.0,20304297548.0,3583111329.0,3609573.0,84601240.0,23887408876.0,54900266.0,861082.0,101.0,240.0
AGO,Angola,RES,MUR,MUR+CB/LWAL/CDN+ERN/H:2/RES,RURAL,213349.0,1719953307.0,303521172.0,917290.0,21499416.0,2023474482.0,13951612.0,218824.0,101.0,80.0
AGO,Angola,COM,MUR,MUR+CB/LWAL/CDN+ERN/H:3/COM,TOTAL,1880.0,725189163.0,181297295.0,0.0,1686486.0,906486457.0,1423078.0,0.0,897.0,430.0
AGO,Angola,RES,MUR,MUR+CB/LWAL/CDN+ERN/H:3/RES,RURAL,2877.0,156631172.0,27640795.0,96565.0,1957890.0,184271972.0,1271157.0,23036.0,681.0,80.0
AGO,Angola,RES,MUR,MUR+CB/LWAL/CDN+ERN/H:3/RES,URBAN,11330.0,1849059034.0,326304534.0,379953.0,7704413.0,2175363573.0,5002080.0,90640.0,680.0,240.0
AGO,Angola,COM,MUR,MUR+CL/LWAL/CDN+ERN/H:1/COM,TOTAL,50900.0,2844953654.0,711238414.0,0.0,6616171.0,3556192066.0,4119005.0,0.0,130.0,430.0
AGO,Angola,IND,MUR,MUR+CL/LWAL/CDN+ERN/H:1/IND,TOTAL,11686.0,822606439.0,274202147.0,0.0,2570645.0,1096808601.0,1481236.0,0.0,220.0,320.0
AGO,Angola,RES,MUR,MUR+CL/LWAL/CDN+ERN/H:1/RES,RURAL,250087.0,1200403435.0,211835900.0,1048342.0,15005043.0,1412239337.0,6894212.0,250087.0,60.0,80.0
AGO,Angola,RES,MUR,MUR+CL/LWAL/CDN+ERN/H:1/RES,URBAN,364742.0,5252311139.0,926878434.0,1528961.0,21884630.0,6179189576.0,10055104.0,364742.0,60.0,240.0
AGO,Angola,COM,MUR,MUR+CL/LWAL/CDN+ERN/H:2/COM,TOTAL,25449.0,2844952678.0,711238168.0,0.0,6616169.0,3556190845.0,4121335.0,0.0,260.0,430.0
AGO,Angola,IND,MUR,MUR+CL/LWAL/CDN+ERN/H:2/IND,TOTAL,3898.0,598249263.0,199416424.0,0.0,1869529.0,797665686.0,1077898.0,0.0,480.0,320.0
AGO,Angola,RES,MUR,MUR+CL/LWAL/CDN+ERN/H:2/RES,RURAL,243833.0,1965660867.0,346881329.0,1048322.0,24570761.0,2312542194.0,11295307.0,250083.0,101.0,80.0
AGO,Angola,RES,MUR,MUR+CL/LWAL/CDN+ERN/H:2/RES,URBAN,355630.0,8600658597.0,1517763286.0,1528970.0,35836077.0,10118421876.0,16474031.0,364744.0,101.0,240.0
AGO,Angola,COM,MUR,MUR+CL/LWAL/CDN+ERN/H:3/COM,TOTAL,1075.0,410577698.0,102644427.0,0.0,954832.0,513222129.0,595119.0,0.0,888.0,430.0
AGO,Angola,RES,MUR,MUR+CL/LWAL/CDN+ERN/H:3/RES,URBAN,4798.0,783187406.0,138209543.0,160938.0,3263281.0,921396945.0,1500949.0,38393.0,680.0,240.0
AGO,Angola,RES,MUR,MUR+CL/LWAL/CDN+ERN/H:3/RES,RURAL,3291.0,178997976.0,31587878.0,110382.0,2237475.0,210585855.0,1029128.0,26331.0,680.0,80.0
AGO,Angola,COM,ADO|ST|E,MUR+STDRE/LWAL/CDN+ERN/H:1/COM,TOTAL,5555.0,461791185.0,153930392.0,0.0,721549.0,615721585.0,219383.0,0.0,130.0,640.0
AGO,Angola,IND,ADO|ST|E,MUR+STDRE/LWAL/CDN+ERN/H:1/IND,TOTAL,1113.0,103017667.0,55471053.0,0.0,245280.0,158488724.0,72472.0,0.0,220.0,420.0
AGO,Angola,RES,ADO|ST|E,MUR+STDRE/LWAL/CDN+ERN/H:1/RES,URBAN,85823.0,2780633697.0,490700067.0,359762.0,5149322.0,3271333763.0,1224312.0,85823.0,60.0,540.0
AGO,Angola,COM,ADO|ST|E,MUR+STDRE/LWAL/CDN+ERN/H:2/COM,TOTAL,2778.0,461827461.0,153942488.0,0.0,721605.0,615769946.0,219701.0,0.0,260.0,640.0
AGO,Angola,IND,ADO|ST|E,MUR+STDRE/LWAL/CDN+ERN/H:2/IND,TOTAL,369.0,74916178.0,40339482.0,0.0,178372.0,115255662.0,52777.0,0.0,483.0,420.0
AGO,Angola,RES,ADO|ST|E,MUR+STDRE/LWAL/CDN+ERN/H:2/RES,URBAN,83682.0,4553287327.0,803521294.0,359749.0,8432014.0,5356808619.0,2007123.0,85820.0,101.0,540.0
AGO,Angola,COM,ADO|ST|E,MUR+STDRE/LWAL/CDN+ERN/H:3/COM,TOTAL,112.0,63392825.0,21130941.0,0.0,99051.0,84523766.0,30199.0,0.0,884.0,640.0
AGO,Angola,RES,ADO|ST|E,MUR+STDRE/LWAL/CDN+ERN/H:3/RES,URBAN,1130.0,414654375.0,73174297.0,37842.0,767878.0,487828680.0,182993.0,9028.0,680.0,540.0
AGO,Angola,COM,ADO|ST|E,MUR+STRUB/LWAL/CDN+ERN/H:1/COM,TOTAL,5045.0,419893072.0,139964360.0,0.0,656083.0,559857427.0,199478.0,0.0,130.0,640.0
AGO,Angola,IND,ADO|ST|E,MUR+STRUB/LWAL/CDN+ERN/H:1/IND,TOTAL,1657.0,153607858.0,82711924.0,0.0,365733.0,236319779.0,108061.0,0.0,221.0,420.0
AGO,Angola,RES,ADO|ST|E,MUR+STRUB/LWAL/CDN+ERN/H:1/RES,RURAL,78152.0,890925600.0,157222167.0,327605.0,4689082.0,1048147764.0,1114885.0,78152.0,60.0,190.0
AGO,Angola,COM,ADO|ST|E,MUR+STRUB/LWAL/CDN+ERN/H:2/COM,TOTAL,2523.0,419841792.0,139947261.0,0.0,656003.0,559789050.0,199728.0,0.0,260.0,640.0
AGO,Angola,IND,ADO|ST|E,MUR+STRUB/LWAL/CDN+ERN/H:2/IND,TOTAL,552.0,111713352.0,60153343.0,0.0,265984.0,171866692.0,78700.0,0.0,482.0,420.0
AGO,Angola,RES,ADO|ST|E,MUR+STRUB/LWAL/CDN+ERN/H:2/RES,RURAL,76199.0,1458888967.0,257450994.0,327618.0,7678363.0,1716339962.0,1827727.0,78155.0,101.0,190.0
AGO,Angola,COM,ADO|ST|E,MUR+STRUB/LWAL/CDN+ERN/H:3/COM,TOTAL,100.0,57270216.0,19090073.0,0.0,89485.0,76360289.0,27282.0,0.0,895.0,640.0
AGO,Angola,RES,ADO|ST|E,MUR+STRUB/LWAL/CDN+ERN/H:3/RES,RURAL,1027.0,132857517.0,23445443.0,34480.0,699250.0,156302962.0,166638.0,8226.0,681.0,190.0
AGO,Angola,IND,S,S+SL/LFM/CDL+ERL/H:1/IND,TOTAL,6369.0,699702023.0,233234017.0,0.0,1399404.0,932936030.0,477596.0,0.0,220.0,500.0
AGO,Angola,IND,S,S+SL/LFM/CDL+ERL/H:2/IND,TOTAL,2128.0,508868578.0,169622864.0,0.0,1017737.0,678491440.0,347567.0,0.0,478.0,500.0
AGO,Angola,IND,S,S/LFM/CDL+ERL/H:1/IND,TOTAL,9565.0,1053063349.0,351021117.0,0.0,2106127.0,1404084456.0,718789.0,0.0,220.0,500.0
AGO,Angola,IND,S,S/LFM/CDL+ERL/H:2/IND,TOTAL,3184.0,765862563.0,255287521.0,0.0,1531725.0,1021150077.0,523099.0,0.0,481.0,500.0
AGO,Angola,RES,W,W+WWD/LWAL/CDN+ERM/H:1/RES,RURAL,190032.0,2052335053.0,513083762.0,796596.0,11401861.0,2565418815.0,152229.0,190032.0,60.0,180.0
AGO,Angola,RES,W,W+WWD/LWAL/CDN+ERM/H:1/RES,URBAN,221333.0,4515143064.0,1128785767.0,927805.0,13279833.0,5643928833.0,177302.0,221333.0,60.0,340.0
AGO,Angola,RES,W,W+WWD/LWAL/CDN+ERM/H:2/RES,URBAN,92484.0,3168663025.0,792165754.0,397633.0,9319597.0,3960828781.0,124503.0,94858.0,101.0,340.0
AGO,Angola,RES,W,W+WWD/LWAL/CDN+ERM/H:2/RES,RURAL,79408.0,1440297159.0,360074291.0,341392.0,8001651.0,1800371450.0,106896.0,81441.0,101.0,180.0
AGO,Angola,COM,W,W/LWAL/CDL+ERM/H:1/COM,TOTAL,20258.0,1158758698.0,386252901.0,0.0,2633542.0,1545011587.0,502734.0,0.0,130.0,440.0
AGO,Angola,RES,W,W/LWAL/CDL+ERM/H:1/RES,RURAL,36193.0,390919849.0,97729964.0,151715.0,2171777.0,488649808.0,229695.0,36193.0,60.0,180.0
AGO,Angola,RES,W,W/LWAL/CDL+ERM/H:1/RES,URBAN,42161.0,860027357.0,215006838.0,176735.0,2529492.0,1075034196.0,267528.0,42161.0,60.0,340.0
AGO,Angola,COM,W,W/LWAL/CDL+ERM/H:2/COM,TOTAL,10122.0,1158715496.0,386238499.0,0.0,2633444.0,1544953988.0,502953.0,0.0,260.0,440.0
AGO,Angola,RES,W,W/LWAL/CDL+ERM/H:2/RES,RURAL,35297.0,640131583.0,160032897.0,151759.0,3556287.0,800164480.0,376360.0,36202.0,101.0,180.0
AGO,Angola,RES,W,W/LWAL/CDL+ERM/H:2/RES,URBAN,41111.0,1408296197.0,352074050.0,176725.0,4142048.0,1760370245.0,438351.0,42159.0,101.0,340.0
AGO,Angola,COM,W,W/LWAL/CDL+ERM/H:3/COM,TOTAL,3381.0,668301532.0,222767172.0,0.0,1518867.0,891068718.0,290220.0,0.0,449.0,440.0
AGO,Angola,RES,W,W/LWAL/CDL+ERM/H:3/RES,RURAL,14106.0,373678978.0,93419746.0,75865.0,2075994.0,467098722.0,219839.0,18098.0,147.0,180.0
AGO,Angola,RES,W,W/LWAL/CDL+ERM/H:3/RES,URBAN,16422.0,822095335.0,205523836.0,88325.0,2417927.0,1027619173.0,256048.0,21071.0,147.0,340.0
BEN,Benin,COM,CR-,CR/LFINF/CDL+ERL/H:1/COM,TOTAL,541.0,21773906.0,3842453.0,0.0,70238.0,25616359.0,34798.0,0.0,130.0,310.0
BEN,Benin,IND,CR-,CR/LFINF/CDL+ERL/H:1/IND,TOTAL,1042.0,71047865.0,23682620.0,0.0,229187.0,94730492.0,112839.0,0.0,220.0,310.0
BEN,Benin,RES,CR-,CR/LFINF/CDL+ERL/H:1/RES,URBAN,6870.0,123693018.0,21828180.0,34245.0,412310.0,145521195.0,141334.0,6870.0,60.0,300.0
BEN,Benin,COM,CR-,CR/LFINF/CDL+ERL/H:2/COM,TOTAL,943.0,76209512.0,13448735.0,0.0,245837.0,89658252.0,121889.0,0.0,261.0,310.0
BEN,Benin,IND,CR-,CR/LFINF/CDL+ERL/H:2/IND,TOTAL,345.0,51670317.0,17223439.0,0.0,166678.0,68893758.0,82138.0,0.0,483.0,310.0
BEN,Benin,RES,CR-,CR/LFINF/CDL+ERL/H:2/RES,URBAN,23449.0,708913036.0,125102299.0,119890.0,2363043.0,834015334.0,810599.0,24052.0,101.0,300.0
BEN,Benin,COM,CR-,CR/LFINF/CDL+ERL/H:3/COM,TOTAL,627.0,87933251.0,15517634.0,0.0,283656.0,103450885.0,140749.0,0.0,452.0,310.0
BEN,Benin,RES,CR-,CR/LFINF/CDL+ERL/H:3/RES,URBAN,18740.0,827666375.0,146058774.0,119882.0,2758888.0,973725147.0,947069.0,24051.0,147.0,300.0
BEN,Benin,COM,CR-,CR/LFINF/CDL+ERL/H:4-7/COM,TOTAL,162.0,60295762.0,10640429.0,0.0,194502.0,70936193.0,96738.0,0.0,1201.0,310.0
BEN,Benin,RES,CR-,CR/LFINF/CDL+ERL/H:4-7/RES,URBAN,861.0,247384999.0,43656176.0,51376.0,824617.0,291041177.0,283685.0,10307.0,958.0,300.0
BEN,Benin,COM,CR-,CR/LFINF/CDL+ERL/H:>7/COM,TOTAL,24.0,24119269.0,4256342.0,0.0,77804.0,28375608.0,38757.0,0.0,3242.0,310.0
BEN,Benin,RES,CR-,CR/LFINF/CDL+ERL/H:>7/RES,URBAN,211.0,77307134.0,13642434.0,17125.0,257690.0,90949570.0,88778.0,3436.0,1221.0,300.0
BEN,Benin,RES,OT,INF/LN/CDN+ERN/H:1/EWV/RES,RURAL,70513.0,592309905.0,104525276.0,351482.0,4230785.0,696835183.0,56486.0,70513.0,60.0,140.0
BEN,Benin,RES,OT,INF/LN/CDN+ERN/H:1/EWV/RES,URBAN,31236.0,281119564.0,49609335.0,155699.0,1874130.0,330728899.0,25022.0,31236.0,60.0,150.0
BEN,Benin,RES,OT,MATO/LN/CDN+ERN/H:1/RES,RURAL,14103.0,118461963.0,20905052.0,70297.0,846157.0,139367013.0,388775.0,14103.0,60.0,140.0
BEN,Benin,RES,OT,MATO/LN/CDN+ERN/H:1/RES,URBAN,15617.0,140559749.0,24804661.0,77846.0,937065.0,165364409.0,430544.0,15617.0,60.0,150.0
BEN,Benin,COM,MR|MCF,MCF+CB/LWAL/CDL+ERL/H:1/COM,TOTAL,1657.0,66805112.0,16701277.0,0.0,215500.0,83506387.0,120041.0,0.0,130.0,310.0
BEN,Benin,IND,MR|MCF,MCF+CB/LWAL/CDL+ERL/H:1/IND,TOTAL,710.0,48441161.0,16147054.0,0.0,156262.0,64588213.0,87338.0,0.0,220.0,310.0
BEN,Benin,RES,MR|MCF,MCF+CB/LWAL/CDL+ERL/H:1/RES,URBAN,21083.0,379511252.0,66972572.0,105092.0,1265038.0,446483825.0,497438.0,21083.0,60.0,300.0
BEN,Benin,COM,MR|MCF,MCF+CB/LWAL/CDL+ERL/H:2/COM,TOTAL,829.0,66805125.0,16701283.0,0.0,215500.0,83506410.0,120134.0,0.0,260.0,310.0
BEN,Benin,IND,MR|MCF,MCF+CB/LWAL/CDL+ERL/H:2/IND,TOTAL,239.0,35229823.0,11743276.0,0.0,113645.0,46973098.0,63574.0,0.0,476.0,310.0
BEN,Benin,RES,MR|MCF,MCF+CB/LWAL/CDL+ERL/H:2/RES,URBAN,20558.0,621449528.0,109667565.0,105096.0,2071498.0,731117090.0,815119.0,21084.0,101.0,300.0
BEN,Benin,COM,MR|MCF,MCF+CB/LWAL/CDL+ERL/H:3-6/COM,TOTAL,66.0,18141335.0,4535333.0,0.0,58520.0,22676669.0,32673.0,0.0,887.0,310.0
BEN,Benin,RES,MR|MCF,MCF+CB/LWAL/CDL+ERL/H:3-6/RES,URBAN,588.0,119476341.0,21084061.0,23359.0,398254.0,140560398.0,156927.0,4686.0,677.0,300.0
BEN,Benin,COM,MR|MCF,MCF+CL/LWAL/CDL+ERL/H:1/COM,TOTAL,774.0,31176282.0,7794072.0,0.0,100569.0,38970352.0,49824.0,0.0,130.0,310.0
BEN,Benin,IND,MR|MCF,MCF+CL/LWAL/CDL+ERL/H:1/IND,TOTAL,330.0,22607382.0,7535792.0,0.0,72927.0,30143178.0,35905.0,0.0,221.0,310.0
BEN,Benin,RES,MR|MCF,MCF+CL/LWAL/CDL+ERL/H:1/RES,URBAN,9838.0,177105102.0,31253842.0,49039.0,590350.0,208358944.0,202363.0,9838.0,60.0,300.0
BEN,Benin,COM,MR|MCF,MCF+CL/LWAL/CDL+ERL/H:2/COM,TOTAL,388.0,31175257.0,7793814.0,0.0,100565.0,38969069.0,49861.0,0.0,259.0,310.0
BEN,Benin,IND,MR|MCF,MCF+CL/LWAL/CDL+ERL/H:2/IND,TOTAL,115.0,16439480.0,5479825.0,0.0,53031.0,21919306.0,26133.0,0.0,461.0,310.0
BEN,Benin,RES,MR|MCF,MCF+CL/LWAL/CDL+ERL/H:2/RES,URBAN,9593.0,290010478.0,51178319.0,49037.0,966702.0,341188801.0,331610.0,9838.0,101.0,300.0
BEN,Benin,COM,MR|MCF,MCF+CL/LWAL/CDL+ERL/H:3-6/COM,TOTAL,26.0,8152938.0,2038234.0,0.0,26300.0,10191174.0,13060.0,0.0,1012.0,310.0
BEN,Benin,RES,MR|MCF,MCF+CL/LWAL/CDL+ERL/H:3-6/RES,URBAN,275.0,55755847.0,9839271.0,10909.0,185853.0,65595115.0,63845.0,2189.0,676.0,300.0
BEN,Benin,RES,OT,ME+MEO/LWAL/CDN+ERM/H:1/RES,RURAL,7053.0,59231182.0,10452563.0,35154.0,423080.0,69683743.0,16508.0,7053.0,60.0,140.0
BEN,Benin,RES,OT,ME+MEO/LWAL/CDN+ERM/H:1/RES,URBAN,78089.0,702798563.0,124023275.0,389244.0,4685324.0,826821837.0,182818.0,78089.0,60.0,150.0
BEN,Benin,COM,ADO|ST|E,MUR+ADO/LWAL/CDN+ERN/H:1/COM,TOTAL,31338.0,611169848.0,203723283.0,0.0,4074466.0,814893128.0,345763.0,0.0,130.0,150.0
BEN,Benin,RES,ADO|ST|E,MUR+ADO/LWAL/CDN+ERN/H:1/RES,RURAL,254551.0,1221851442.0,215620844.0,1268835.0,15273143.0,1437472282.0,938110.0,254551.0,60.0,80.0
BEN,Benin,RES,ADO|ST|E,MUR+ADO/LWAL/CDN+ERN/H:1/RES,URBAN,192878.0,1273002506.0,224647502.0,961419.0,11572750.0,1497650006.0,710824.0,192878.0,60.0,110.0
BEN,Benin,COM,ADO|ST|E,MUR+ADO/LWAL/CDN+ERN/H:2/COM,TOTAL,15672.0,611169030.0,203723008.0,0.0,4074460.0,814892042.0,346765.0,0.0,260.0,150.0
BEN,Benin,RES,ADO|ST|E,MUR+ADO/LWAL/CDN+ERN/H:2/RES,URBAN,188057.0,2084541488.0,367860263.0,961438.0,18950377.0,2452401748.0,1167049.0,192882.0,101.0,110.0
BEN,Benin,RES,ADO|ST|E,MUR+ADO/LWAL/CDN+ERN/H:2/RES,RURAL,248187.0,2000781636.0,353079111.0,1268829.0,25009770.0,2353860750.0,1540213.0,254550.0,101.0,80.0
BEN,Benin,COM,ADO|ST|E,MUR+ADO/LWAL/CDN+ERN/H:3/COM,TOTAL,662.0,89077729.0,29692577.0,0.0,593852.0,118770310.0,50687.0,0.0,897.0,150.0
BEN,Benin,RES,ADO|ST|E,MUR+ADO/LWAL/CDN+ERN/H:3/RES,URBAN,2535.0,189833867.0,33500093.0,101198.0,1725762.0,223333962.0,106560.0,20302.0,681.0,110.0
BEN,Benin,RES,ADO|ST|E,MUR+ADO/LWAL/CDN+ERN/H:3/RES,RURAL,3350.0,182205804.0,32153965.0,133562.0,2277573.0,214359768.0,140633.0,26795.0,680.0,80.0
BEN,Benin,COM,MUR,MUR+CB/LWAL/CDN+ERN/H:1/COM,TOTAL,18970.0,690474031.0,172618507.0,0.0,2465979.0,863092536.0,2078596.0,0.0,130.0,280.0
BEN,Benin,IND,MUR,MUR+CB/LWAL/CDN+ERN/H:1/IND,TOTAL,13030.0,716731110.0,238910362.0,0.0,2866924.0,955641472.0,2306151.0,0.0,220.0,250.0
BEN,Benin,RES,MUR,MUR+CB/LWAL/CDN+ERN/H:1/RES,URBAN,178043.0,2136507797.0,377030788.0,887472.0,10682539.0,2513538583.0,6928811.0,178043.0,60.0,200.0
BEN,Benin,RES,MUR,MUR+CB/LWAL/CDN+ERN/H:1/RES,RURAL,73686.0,795811279.0,140437285.0,367296.0,4421174.0,936248565.0,2867622.0,73686.0,60.0,180.0
BEN,Benin,COM,MUR,MUR+CB/LWAL/CDN+ERN/H:2/COM,TOTAL,9484.0,690472821.0,172618203.0,0.0,2465974.0,863091029.0,2079706.0,0.0,260.0,280.0
BEN,Benin,IND,MUR,MUR+CB/LWAL/CDN+ERN/H:2/IND,TOTAL,4346.0,521259231.0,173753074.0,0.0,2085037.0,695012303.0,1678155.0,0.0,480.0,250.0
BEN,Benin,RES,MUR,MUR+CB/LWAL/CDN+ERN/H:2/RES,RURAL,71847.0,1303140416.0,229965953.0,367291.0,7239669.0,1533106368.0,4698037.0,73685.0,101.0,180.0
BEN,Benin,RES,MUR,MUR+CB/LWAL/CDN+ERN/H:2/RES,URBAN,173593.0,3498531394.0,617387893.0,887478.0,17492657.0,4115919286.0,11351507.0,178044.0,101.0,200.0
BEN,Benin,COM,MUR,MUR+CB/LWAL/CDN+ERN/H:3/COM,TOTAL,398.0,99650295.0,24912572.0,0.0,355894.0,124562868.0,300308.0,0.0,894.0,280.0
BEN,Benin,RES,MUR,MUR+CB/LWAL/CDN+ERN/H:3/RES,RURAL,976.0,118673198.0,20942328.0,38669.0,659296.0,139615529.0,428047.0,7758.0,676.0,180.0
BEN,Benin,RES,MUR,MUR+CB/LWAL/CDN+ERN/H:3/RES,URBAN,2343.0,318602289.0,56223935.0,93412.0,1593011.0,374826222.0,1034261.0,18740.0,680.0,200.0
BEN,Benin,COM,MUR,MUR+CL/LWAL/CDN+ERN/H:1/COM,TOTAL,8053.0,293478136.0,73369535.0,0.0,1048136.0,366847673.0,652534.0,0.0,130.0,280.0
BEN,Benin,IND,MUR,MUR+CL/LWAL/CDN+ERN/H:1/IND,TOTAL,5262.0,289292402.0,96430801.0,0.0,1157170.0,385723207.0,666775.0,0.0,220.0,250.0
BEN,Benin,RES,MUR,MUR+CL/LWAL/CDN+ERN/H:1/RES,RURAL,26794.0,289385964.0,51068112.0,133557.0,1607700.0,340454076.0,738673.0,26794.0,60.0,180.0
BEN,Benin,RES,MUR,MUR+CL/LWAL/CDN+ERN/H:1/RES,URBAN,83086.0,997036792.0,175947668.0,414149.0,4985184.0,1172984460.0,2290491.0,83086.0,60.0,200.0
BEN,Benin,COM,MUR,MUR+CL/LWAL/CDN+ERN/H:2/COM,TOTAL,4032.0,293476962.0,73369232.0,0.0,1048132.0,366846197.0,652901.0,0.0,260.0,280.0
BEN,Benin,IND,MUR,MUR+CL/LWAL/CDN+ERN/H:2/IND,TOTAL,1754.0,210394253.0,70131413.0,0.0,841577.0,280525681.0,485221.0,0.0,480.0,250.0
BEN,Benin,RES,MUR,MUR+CL/LWAL/CDN+ERN/H:2/RES,URBAN,81013.0,1632647726.0,288114305.0,414160.0,8163239.0,1920762029.0,3752683.0,83088.0,101.0,200.0
BEN,Benin,RES,MUR,MUR+CL/LWAL/CDN+ERN/H:2/RES,RURAL,26128.0,473869037.0,83623946.0,133580.0,2632606.0,557492982.0,1210223.0,26799.0,101.0,180.0
BEN,Benin,COM,MUR,MUR+CL/LWAL/CDN+ERN/H:3/COM,TOTAL,163.0,39769917.0,9942480.0,0.0,142035.0,49712398.0,88527.0,0.0,871.0,280.0
BEN,Benin,RES,MUR,MUR+CL/LWAL/CDN+ERN/H:3/RES,URBAN,1096.0,148681051.0,26237833.0,43604.0,743405.0,174918884.0,341930.0,8748.0,678.0,200.0
BEN,Benin,RES,MUR,MUR+CL/LWAL/CDN+ERN/H:3/RES,RURAL,352.0,43154379.0,7615479.0,14058.0,239747.0,50769854.0,110272.0,2820.0,681.0,180.0
BEN,Benin,COM,ADO|ST|E,MUR+STDRE/LWAL/CDN+ERN/H:1/COM,TOTAL,2293.0,107057734.0,35685913.0,0.0,297383.0,142743644.0,90418.0,0.0,130.0,360.0
BEN,Benin,IND,ADO|ST|E,MUR+STDRE/LWAL/CDN+ERN/H:1/IND,TOTAL,1138.0,80241938.0,43207197.0,0.0,250756.0,123449133.0,74090.0,0.0,220.0,320.0
BEN,Benin,RES,ADO|ST|E,MUR+STDRE/LWAL/CDN+ERN/H:1/RES,URBAN,44511.0,827896679.0,146099413.0,221868.0,2670634.0,973996090.0,634975.0,44511.0,60.0,310.0
BEN,Benin,COM,ADO|ST|E,MUR+STDRE/LWAL/CDN+ERN/H:2/COM,TOTAL,1141.0,107057740.0,35685915.0,0.0,297383.0,142743654.0,90542.0,0.0,261.0,360.0
BEN,Benin,IND,ADO|ST|E,MUR+STDRE/LWAL/CDN+ERN/H:2/IND,TOTAL,380.0,58356119.0,31422528.0,0.0,182363.0,89778643.0,53958.0,0.0,480.0,320.0
BEN,Benin,RES,ADO|ST|E,MUR+STDRE/LWAL/CDN+ERN/H:2/RES,URBAN,43399.0,1355680418.0,239237720.0,221867.0,4373163.0,1594918136.0,1040970.0,44510.0,101.0,310.0
BEN,Benin,COM,ADO|ST|E,MUR+STDRE/LWAL/CDN+ERN/H:3/COM,TOTAL,43.0,13693622.0,4564540.0,0.0,38038.0,18258164.0,11597.0,0.0,885.0,360.0
BEN,Benin,RES,ADO|ST|E,MUR+STDRE/LWAL/CDN+ERN/H:3/RES,URBAN,588.0,123458884.0,21786860.0,23359.0,398254.0,145245745.0,94908.0,4686.0,677.0,310.0
BEN,Benin,COM,ADO|ST|E,MUR+STRUB/LWAL/CDN+ERN/H:1/COM,TOTAL,280.0,13195423.0,4398472.0,0.0,36654.0,17593893.0,11145.0,0.0,131.0,360.0
BEN,Benin,IND,ADO|ST|E,MUR+STRUB/LWAL/CDN+ERN/H:1/IND,TOTAL,329.0,22996850.0,12382919.0,0.0,71865.0,35379771.0,21234.0,0.0,218.0,320.0
BEN,Benin,RES,ADO|ST|E,MUR+STRUB/LWAL/CDN+ERN/H:1/RES,RURAL,3351.0,38182825.0,6738145.0,16701.0,200962.0,44920971.0,47781.0,3351.0,60.0,190.0
BEN,Benin,COM,ADO|ST|E,MUR+STRUB/LWAL/CDN+ERN/H:2/COM,TOTAL,141.0,13196521.0,4398838.0,0.0,36657.0,17595361.0,11161.0,0.0,260.0,360.0
BEN,Benin,IND,ADO|ST|E,MUR+STRUB/LWAL/CDN+ERN/H:2/IND,TOTAL,111.0,16725337.0,9005947.0,0.0,52267.0,25731286.0,15465.0,0.0,471.0,320.0
BEN,Benin,RES,ADO|ST|E,MUR+STRUB/LWAL/CDN+ERN/H:2/RES,RURAL,3264.0,62525025.0,11033830.0,16687.0,329079.0,73558853.0,78333.0,3348.0,101.0,190.0
BEN,Benin,COM,ADO|ST|E,MUR+STRUB/LWAL/CDN+ERN/H:3/COM,TOTAL,3.0,619409.0,206469.0,0.0,1721.0,825878.0,525.0,0.0,574.0,360.0
BEN,Benin,RES,ADO|ST|E,MUR+STRUB/LWAL/CDN+ERN/H:3/RES,RURAL,40.0,5694386.0,1004892.0,1768.0,29970.0,6699276.0,7142.0,355.0,749.0,190.0
BEN,Benin,IND,S,S+SL/LFM/CDL+ERL/H:1/IND,TOTAL,4152.0,283355843.0,94451945.0,0.0,914051.0,377807791.0,311952.0,0.0,220.0,310.0
BEN,Benin,IND,S,S+SL/LFM/CDL+ERL/H:2/IND,TOTAL,1387.0,206075713.0,68691905.0,0.0,664760.0,274767617.0,227022.0,0.0,479.0,310.0
BEN,Benin,IND,S,S/LFM/CDL+ERL/H:1/IND,TOTAL,3993.0,272678658.0,90892885.0,0.0,879609.0,363571533.0,300197.0,0.0,220.0,310.0
BEN,Benin,IND,S,S/LFM/CDL+ERL/H:2/IND,TOTAL,1328.0,198313557.0,66104513.0,0.0,639721.0,264418078.0,218471.0,0.0,482.0,310.0
BEN,Benin,RES,W,W+WWD/LWAL/CDN+ERM/H:1/RES,RURAL,375129.0,3151090610.0,787772654.0,1869869.0,22507790.0,3938863262.0,300507.0,375129.0,60.0,140.0
BEN,Benin,RES,W,W+WWD/LWAL/CDN+ERM/H:1/RES,URBAN,163986.0,1967836316.0,491959078.0,817407.0,9839182.0,2459795394.0,131365.0,163986.0,60.0,200.0
BEN,Benin,RES,W,W+WWD/LWAL/CDN+ERM/H:2/RES,RURAL,156750.0,2211390220.0,552847556.0,801365.0,15795644.0,2764237775.0,211018.0,160768.0,101.0,140.0
BEN,Benin,RES,W,W+WWD/LWAL/CDN+ERM/H:2/RES,URBAN,68523.0,1380998426.0,345249607.0,350322.0,6904992.0,1726248033.0,92246.0,70281.0,101.0,200.0
BEN,Benin,COM,W,W/LWAL/CDL+ERM/H:1/COM,TOTAL,1275.0,42954987.0,14318329.0,0.0,165211.0,57273312.0,31538.0,0.0,130.0,260.0
BEN,Benin,RES,W,W/LWAL/CDL+ERM/H:1/RES,RURAL,11281.0,94769538.0,23692385.0,56233.0,676925.0,118461922.0,71594.0,11281.0,60.0,140.0
BEN,Benin,RES,W,W/LWAL/CDL+ERM/H:1/RES,URBAN,6247.0,74965684.0,18741422.0,31138.0,374828.0,93707106.0,39643.0,6247.0,60.0,200.0
BEN,Benin,COM,W,W/LWAL/CDL+ERM/H:2/COM,TOTAL,633.0,42952183.0,14317391.0,0.0,165201.0,57269580.0,31551.0,0.0,261.0,260.0
BEN,Benin,RES,W,W/LWAL/CDL+ERM/H:2/RES,RURAL,11000.0,155185359.0,38796342.0,56252.0,1108467.0,193981701.0,117309.0,11285.0,101.0,140.0
BEN,Benin,RES,W,W/LWAL/CDL+ERM/H:2/RES,URBAN,6091.0,122756299.0,30689076.0,31143.0,613781.0,153445372.0,64956.0,6248.0,101.0,200.0
BEN,Benin,COM,W,W/LWAL/CDL+ERM/H:3/COM,TOTAL,208.0,24004681.0,8001565.0,0.0,92326.0,32006251.0,17641.0,0.0,444.0,260.0
BEN,Benin,RES,W,W/LWAL/CDL+ERM/H:3/RES,RURAL,4395.0,90590600.0,22647651.0,28133.0,647076.0,113238250.0,68523.0,5644.0,147.0,140.0
BEN,Benin,RES,W,W/LWAL/CDL+ERM/H:3/RES,URBAN,2433.0,71659217.0,17914805.0,15570.0,358296.0,89574020.0,37942.0,3123.0,147.0,200.0
BWA,Botswana,COM,CR-,CR/LFINF/CDL+ERL/H:1/COM,TOTAL,267.0,16685586.0,4171396.0,0.0,34762.0,20856982.0,17222.0,0.0,130.0,480.0
BWA,Botswana,IND,CR-,CR/LFINF/CDL+ERL/H:1/IND,TOTAL,354.0,29823419.0,9941139.0,0.0,78483.0,39764562.0,38641.0,0.0,222.0,380.0
BWA,Botswana,RES,CR-,CR/LFINF/CDL+ERL/H:1/RES,URBAN,6560.0,149536796.0,37384198.0,22600.0,393518.0,186920993.0,134892.0,6560.0,60.0,380.0
BWA,Botswana,COM,CR-,CR/LFINF/CDL+ERL/H:2/COM,TOTAL,135.0,16697806.0,4174453.0,0.0,34787.0,20872255.0,17248.0,0.0,258.0,480.0
BWA,Botswana,IND,CR-,CR/LFINF/CDL+ERL/H:2/IND,TOTAL,121.0,21424183.0,7141392.0,0.0,56379.0,28565576.0,27783.0,0.0,466.0,380.0
BWA,Botswana,RES,CR-,CR/LFINF/CDL+ERL/H:2/RES,URBAN,6393.0,244864919.0,61216231.0,22600.0,644381.0,306081150.0,221043.0,6560.0,101.0,380.0
BWA,Botswana,COM,CR-,CR/LFINF/CDL+ERL/H:3/COM,TOTAL,134.0,28578005.0,7144499.0,0.0,59538.0,35722500.0,29542.0,0.0,444.0,480.0
BWA,Botswana,RES,CR-,CR/LFINF/CDL+ERL/H:3/RES,URBAN,7665.0,428821660.0,107205415.0,33891.0,1128478.0,536027074.0,387383.0,9837.0,147.0,380.0
BWA,Botswana,COM,CR-,CR/LFINF/CDL+ERL/H:4-7/COM,TOTAL,268.0,154290854.0,38572714.0,0.0,321439.0,192863568.0,159871.0,0.0,1199.0,480.0
BWA,Botswana,RES,CR-,CR/LFINF/CDL+ERL/H:4-7/RES,URBAN,2731.0,996912820.0,249228204.0,112982.0,2623455.0,1246141024.0,902522.0,32794.0,961.0,380.0
BWA,Botswana,COM,CR-,CR/LFINF/CDL+ERL/H:>7/COM,TOTAL,38.0,57972736.0,14493185.0,0.0,120777.0,72465921.0,60163.0,0.0,3178.0,480.0
BWA,Botswana,RES,CR-,CR/LFINF/CDL+ERL/H:>7/RES,URBAN,614.0,280368693.0,70092173.0,33895.0,737812.0,350460862.0,254187.0,9838.0,1202.0,380.0
BWA,Botswana,RES,ADO|ST|E,E+ETO/LWAL/CDN+ERN/H:1/RES,RURAL,3978.0,21490181.0,3792386.0,13705.0,238780.0,25282564.0,110686.0,3978.0,60.0,90.0
BWA,Botswana,RES,ADO|ST|E,E+ETO/LWAL/CDN+ERN/H:1/RES,URBAN,13224.0,126929745.0,22399369.0,45558.0,793311.0,149329109.0,367736.0,13224.0,60.0,160.0
BWA,Botswana,RES,OT,INF/LN/CDN+ERN/H:1/EWV/RES,RURAL,5444.0,45735365.0,11433839.0,18756.0,326681.0,57169207.0,35611.0,5444.0,60.0,140.0
BWA,Botswana,RES,OT,INF/LN/CDN+ERN/H:1/EWV/RES,URBAN,8194.0,78648810.0,19662200.0,28230.0,491555.0,98311013.0,53584.0,8194.0,60.0,160.0
BWA,Botswana,RES,OT,MATO/LN/CDN+ERN/H:1/RES,URBAN,3648.0,35000770.0,8750193.0,12567.0,218755.0,43750965.0,101403.0,3648.0,60.0,160.0
BWA,Botswana,RES,OT,MATO/LN/CDN+ERN/H:1/RES,RURAL,1411.0,11851779.0,2962945.0,4863.0,84656.0,14814725.0,39242.0,1411.0,60.0,140.0
BWA,Botswana,COM,MR|MCF,MCF/LWAL/CDL+ERL/H:1/COM,TOTAL,937.0,58540329.0,10330646.0,0.0,121959.0,68870971.0,60421.0,0.0,130.0,480.0
BWA,Botswana,IND,MR|MCF,MCF/LWAL/CDL+ERL/H:1/IND,TOTAL,354.0,29828055.0,9942685.0,0.0,78495.0,39770743.0,38647.0,0.0,222.0,380.0
BWA,Botswana,RES,MR|MCF,MCF/LWAL/CDL+ERL/H:1/RES,URBAN,22954.0,523380690.0,92361300.0,79082.0,1377318.0,615741990.0,472124.0,22954.0,60.0,380.0
BWA,Botswana,COM,MR|MCF,MCF/LWAL/CDL+ERL/H:2/COM,TOTAL,469.0,58578201.0,10337330.0,0.0,122038.0,68915533.0,60508.0,0.0,260.0,480.0
BWA,Botswana,IND,MR|MCF,MCF/LWAL/CDL+ERL/H:2/IND,TOTAL,121.0,21424184.0,7141393.0,0.0,56379.0,28565577.0,27783.0,0.0,466.0,380.0
BWA,Botswana,RES,MR|MCF,MCF/LWAL/CDL+ERL/H:2/RES,URBAN,22380.0,857033762.0,151241252.0,79081.0,2255352.0,1008275015.0,773658.0,22954.0,101.0,380.0
BWA,Botswana,COM,MR|MCF,MCF/LWAL/CDL+ERL/H:3-6/COM,TOTAL,159.0,68511870.0,12090332.0,0.0,142733.0,80602199.0,70879.0,0.0,898.0,480.0
BWA,Botswana,RES,MR|MCF,MCF/LWAL/CDL+ERL/H:3-6/RES,URBAN,2461.0,635491947.0,112145637.0,67781.0,1672347.0,747637586.0,574495.0,19674.0,680.0,380.0
BWA,Botswana,RES,OT,ME+MEO/LWAL/CDN+ERM/H:1/RES,RURAL,4483.0,37648089.0,9412023.0,15445.0,268915.0,47060111.0,99129.0,4483.0,60.0,140.0
BWA,Botswana,RES,OT,ME+MEO/LWAL/CDN+ERM/H:1/RES,URBAN,11582.0,111179392.0,27794847.0,39901.0,694871.0,138974239.0,256149.0,11582.0,60.0,160.0
BWA,Botswana,COM,ADO|ST|E,MUR+ADO/LWAL/CDN+ERN/H:1/COM,TOTAL,2281.0,71104433.0,17776112.0,0.0,296268.0,88880544.0,184372.0,0.0,130.0,240.0
BWA,Botswana,RES,ADO|ST|E,MUR+ADO/LWAL/CDN+ERN/H:1/RES,URBAN,22207.0,213196517.0,37622915.0,76508.0,1332478.0,250819433.0,617665.0,22207.0,60.0,160.0
BWA,Botswana,RES,ADO|ST|E,MUR+ADO/LWAL/CDN+ERN/H:1/RES,RURAL,40745.0,220022066.0,38827423.0,140374.0,2444690.0,258849486.0,1133227.0,40745.0,60.0,90.0
BWA,Botswana,COM,ADO|ST|E,MUR+ADO/LWAL/CDN+ERN/H:2/COM,TOTAL,1144.0,71118943.0,17779739.0,0.0,296329.0,88898681.0,184518.0,0.0,259.0,240.0
BWA,Botswana,RES,ADO|ST|E,MUR+ADO/LWAL/CDN+ERN/H:2/RES,URBAN,21654.0,349108746.0,61607425.0,76515.0,2181930.0,410716174.0,1011991.0,22209.0,101.0,160.0
BWA,Botswana,RES,ADO|ST|E,MUR+ADO/LWAL/CDN+ERN/H:2/RES,RURAL,39727.0,360286042.0,63579889.0,140373.0,4003178.0,423865930.0,1856696.0,40745.0,101.0,90.0
BWA,Botswana,COM,ADO|ST|E,MUR+ADO/LWAL/CDN+ERN/H:3/COM,TOTAL,43.0,8895633.0,2223908.0,0.0,37065.0,11119541.0,23093.0,0.0,862.0,240.0
BWA,Botswana,RES,ADO|ST|E,MUR+ADO/LWAL/CDN+ERN/H:3/RES,RURAL,537.0,32798953.0,5788049.0,14775.0,364433.0,38586999.0,169120.0,4289.0,679.0,90.0
BWA,Botswana,RES,ADO|ST|E,MUR+ADO/LWAL/CDN+ERN/H:3/RES,URBAN,294.0,31792607.0,5610460.0,8050.0,198704.0,37403067.0,92211.0,2336.0,676.0,160.0
BWA,Botswana,COM,MUR,MUR+CB/LWAL/CDN+ERN/H:1/COM,TOTAL,3685.0,182203233.0,45550808.0,0.0,479482.0,227754046.0,350925.0,0.0,130.0,380.0
BWA,Botswana,IND,MUR,MUR+CB/LWAL/CDN+ERN/H:1/IND,TOTAL,1240.0,90256336.0,30085446.0,0.0,273504.0,120341780.0,187623.0,0.0,221.0,330.0
BWA,Botswana,RES,MUR,MUR+CB/LWAL/CDN+ERN/H:1/RES,URBAN,72690.0,1439294069.0,253993070.0,250432.0,4361497.0,1693287141.0,2415639.0,72690.0,60.0,330.0
BWA,Botswana,RES,MUR,MUR+CB/LWAL/CDN+ERN/H:1/RES,RURAL,24113.0,405094385.0,71487245.0,83073.0,1446766.0,476581631.0,801299.0,24113.0,60.0,280.0
BWA,Botswana,COM,MUR,MUR+CB/LWAL/CDN+ERN/H:2/COM,TOTAL,1841.0,182187206.0,45546809.0,0.0,479440.0,227734001.0,351094.0,0.0,260.0,380.0
BWA,Botswana,IND,MUR,MUR+CB/LWAL/CDN+ERN/H:2/IND,TOTAL,413.0,65648119.0,21882703.0,0.0,198934.0,87530833.0,136551.0,0.0,482.0,330.0
BWA,Botswana,RES,MUR,MUR+CB/LWAL/CDN+ERN/H:2/RES,URBAN,70875.0,2356844057.0,415913657.0,250435.0,7141952.0,2772757712.0,3957696.0,72691.0,101.0,330.0
BWA,Botswana,RES,MUR,MUR+CB/LWAL/CDN+ERN/H:2/RES,RURAL,23512.0,663341412.0,117060253.0,83076.0,2369076.0,780401659.0,1312818.0,24114.0,101.0,280.0
BWA,Botswana,COM,MUR,MUR+CB/LWAL/CDN+ERN/H:3/COM,TOTAL,72.0,24232133.0,6058036.0,0.0,63769.0,30290170.0,46725.0,0.0,886.0,380.0
BWA,Botswana,RES,MUR,MUR+CB/LWAL/CDN+ERN/H:3/RES,RURAL,318.0,60401194.0,10659034.0,8755.0,215719.0,71060229.0,119603.0,2541.0,678.0,280.0
BWA,Botswana,RES,MUR,MUR+CB/LWAL/CDN+ERN/H:3/RES,URBAN,956.0,214623291.0,37874699.0,26353.0,650374.0,252497991.0,360593.0,7649.0,680.0,330.0
BWA,Botswana,COM,MUR,MUR+CL/LWAL/CDN+ERN/H:1/COM,TOTAL,3685.0,182203237.0,45550805.0,0.0,479482.0,227754045.0,298388.0,0.0,130.0,380.0
BWA,Botswana,IND,MUR,MUR+CL/LWAL/CDN+ERN/H:1/IND,TOTAL,1240.0,90262686.0,30087562.0,0.0,273523.0,120350251.0,158997.0,0.0,221.0,330.0
BWA,Botswana,RES,MUR,MUR+CL/LWAL/CDN+ERN/H:1/RES,URBAN,72690.0,1439294070.0,253993071.0,250432.0,4361497.0,1693287141.0,2021756.0,72690.0,60.0,330.0
BWA,Botswana,RES,MUR,MUR+CL/LWAL/CDN+ERN/H:1/RES,RURAL,24113.0,405094388.0,71487244.0,83073.0,1446766.0,476581632.0,670643.0,24113.0,60.0,280.0
BWA,Botswana,COM,MUR,MUR+CL/LWAL/CDN+ERN/H:2/COM,TOTAL,1841.0,182176616.0,45544166.0,0.0,479412.0,227720774.0,298521.0,0.0,260.0,380.0
BWA,Botswana,IND,MUR,MUR+CL/LWAL/CDN+ERN/H:2/IND,TOTAL,413.0,65648118.0,21882705.0,0.0,198934.0,87530829.0,115712.0,0.0,482.0,330.0
BWA,Botswana,RES,MUR,MUR+CL/LWAL/CDN+ERN/H:2/RES,RURAL,23512.0,663341411.0,117060249.0,83076.0,2369076.0,780401661.0,1098791.0,24114.0,101.0,280.0
BWA,Botswana,RES,MUR,MUR+CL/LWAL/CDN+ERN/H:2/RES,URBAN,70875.0,2356843325.0,415913527.0,250435.0,7141949.0,2772756856.0,3312476.0,72691.0,101.0,330.0
BWA,Botswana,COM,MUR,MUR+CL/LWAL/CDN+ERN/H:3/COM,TOTAL,72.0,24232133.0,6058035.0,0.0,63769.0,30290168.0,39731.0,0.0,886.0,380.0
BWA,Botswana,RES,MUR,MUR+CL/LWAL/CDN+ERN/H:3/RES,URBAN,956.0,214631925.0,37876219.0,26354.0,650400.0,252508148.0,301828.0,7649.0,680.0,330.0
BWA,Botswana,RES,MUR,MUR+CL/LWAL/CDN+ERN/H:3/RES,RURAL,318.0,60401194.0,10659032.0,8755.0,215719.0,71060231.0,100107.0,2541.0,678.0,280.0
BWA,Botswana,COM,ADO|ST|E,MUR+STDRE/LWAL/CDN+ERN/H:1/COM,TOTAL,2.0,108403.0,27101.0,0.0,197.0,135504.0,123.0,0.0,98.0,550.0
BWA,Botswana,RES,ADO|ST|E,MUR+STDRE/LWAL/CDN+ERN/H:1/RES,URBAN,129.0,3587374.0,633067.0,443.0,7633.0,4220439.0,3538.0,129.0,59.0,470.0
BWA,Botswana,RES,ADO|ST|E,MUR+STDRE/LWAL/CDN+ERN/H:2/RES,URBAN,123.0,5776092.0,1019310.0,428.0,12290.0,6795402.0,5700.0,124.0,100.0,470.0
BWA,Botswana,RES,ADO|ST|E,MUR+STRUB/LWAL/CDN+ERN/H:1/RES,RURAL,49.0,975839.0,172207.0,169.0,2957.0,1148046.0,1371.0,49.0,60.0,330.0
BWA,Botswana,RES,ADO|ST|E,MUR+STRUB/LWAL/CDN+ERN/H:2/RES,RURAL,47.0,1544923.0,272636.0,161.0,4682.0,1817558.0,2171.0,47.0,100.0,330.0
BWA,Botswana,IND,S,S+SL/LFM/CDL+ERL/H:1/IND,TOTAL,422.0,35023356.0,15010014.0,0.0,92167.0,50033366.0,31455.0,0.0,218.0,380.0
BWA,Botswana,IND,S,S+SL/LFM/CDL+ERL/H:2/IND,TOTAL,143.0,24732909.0,10599818.0,0.0,65087.0,35332730.0,22228.0,0.0,455.0,380.0
BWA,Botswana,IND,S,S/LFM/CDL+ERL/H:1/IND,TOTAL,697.0,58196295.0,24941264.0,0.0,153148.0,83137564.0,52267.0,0.0,220.0,380.0
BWA,Botswana,IND,S,S/LFM/CDL+ERL/H:2/IND,TOTAL,233.0,41558972.0,17810987.0,0.0,109366.0,59369951.0,37350.0,0.0,469.0,380.0
BWA,Botswana,RES,W,W+WWD/LWAL/CDN+ERM/H:1/RES,RURAL,2784.0,50142506.0,12535628.0,9593.0,167142.0,62678132.0,17678.0,2784.0,60.0,300.0
BWA,Botswana,RES,W,W+WWD/LWAL/CDN+ERM/H:1/RES,URBAN,9254.0,188807855.0,47201964.0,31882.0,555317.0,236009820.0,58732.0,9254.0,60.0,340.0
BWA,Botswana,RES,W,W+WWD/LWAL/CDN+ERM/H:2/RES,RURAL,1164.0,35176539.0,8794133.0,4111.0,117255.0,43970672.0,12409.0,1193.0,101.0,300.0
BWA,Botswana,RES,W,W+WWD/LWAL/CDN+ERM/H:2/RES,URBAN,3867.0,132503263.0,33125817.0,13663.0,389715.0,165629084.0,41243.0,3966.0,101.0,340.0
BWA,Botswana,COM,W,W/LWAL/CDL+ERM/H:1/COM,TOTAL,37.0,2069012.0,689672.0,0.0,4498.0,2758682.0,859.0,0.0,122.0,460.0
BWA,Botswana,RES,W,W/LWAL/CDL+ERM/H:1/RES,RURAL,325.0,5825700.0,1456423.0,1120.0,19419.0,7282121.0,2054.0,325.0,60.0,300.0
BWA,Botswana,RES,W,W/LWAL/CDL+ERM/H:1/RES,URBAN,835.0,17062261.0,4265567.0,2878.0,50183.0,21327829.0,5308.0,835.0,60.0,340.0
BWA,Botswana,COM,W,W/LWAL/CDL+ERM/H:2/COM,TOTAL,14.0,1379642.0,459881.0,0.0,2999.0,1839523.0,573.0,0.0,214.0,460.0
BWA,Botswana,RES,W,W/LWAL/CDL+ERM/H:2/RES,RURAL,315.0,9503516.0,2375880.0,1108.0,31678.0,11879396.0,3353.0,322.0,101.0,300.0
BWA,Botswana,RES,W,W/LWAL/CDL+ERM/H:2/RES,URBAN,813.0,27882917.0,6970728.0,2874.0,82009.0,34853647.0,8679.0,834.0,101.0,340.0
BWA,Botswana,COM,W,W/LWAL/CDL+ERM/H:3/COM,TOTAL,3.0,508326.0,169442.0,0.0,1105.0,677768.0,211.0,0.0,368.0,460.0
BWA,Botswana,RES,W,W/LWAL/CDL+ERM/H:3/RES,RURAL,123.0,5253977.0,1313495.0,495.0,17513.0,6567471.0,1855.0,144.0,142.0,300.0
BWA,Botswana,RES,W,W/LWAL/CDL+ERM/H:3/RES,URBAN,326.0,16032672.0,4008167.0,1400.0,47155.0,20040834.0,4994.0,406.0,145.0,340.0
BFA,Burkina Faso,COM,CR-,CR/LFINF/CDL+ERL/H:1/COM,TOTAL,566.0,22585450.0,3985669.0,0.0,72856.0,26571114.0,36095.0,0.0,129.0,310.0
BFA,Burkina Faso,IND,CR-,CR/LFINF/CDL+ERL/H:1/IND,TOTAL,1203.0,79877165.0,26625719.0,0.0,266257.0,106502882.0,131091.0,0.0,221.0,300.0
BFA,Burkina Faso,RES,CR-,CR/LFINF/CDL+ERL/H:1/RES,URBAN,6986.0,125739690.0,22189357.0,39428.0,419132.0,147929048.0,143672.0,6986.0,60.0,300.0
BFA,Burkina Faso,COM,CR-,CR/LFINF/CDL+ERL/H:2/COM,TOTAL,987.0,79056982.0,13951233.0,0.0,255023.0,93008213.0,126443.0,0.0,258.0,310.0
BFA,Burkina Faso,IND,CR-,CR/LFINF/CDL+ERL/H:2/IND,TOTAL,403.0,58086006.0,19362001.0,0.0,193620.0,77448006.0,95414.0,0.0,480.0,300.0
BFA,Burkina Faso,RES,CR-,CR/LFINF/CDL+ERL/H:2/RES,URBAN,23836.0,720651265.0,127173755.0,137994.0,2402171.0,847825016.0,824021.0,24449.0,101.0,300.0
BFA,Burkina Faso,COM,CR-,CR/LFINF/CDL+ERL/H:3/COM,TOTAL,650.0,91244588.0,16101987.0,0.0,294337.0,107346574.0,146050.0,0.0,453.0,310.0
BFA,Burkina Faso,RES,CR-,CR/LFINF/CDL+ERL/H:3/RES,URBAN,19053.0,841370271.0,148477106.0,138002.0,2804568.0,989847378.0,962750.0,24450.0,147.0,300.0
BFA,Burkina Faso,COM,CR-,CR/LFINF/CDL+ERL/H:4-7/COM,TOTAL,173.0,61393788.0,10834197.0,0.0,198044.0,72227986.0,98499.0,0.0,1145.0,310.0
BFA,Burkina Faso,RES,CR-,CR/LFINF/CDL+ERL/H:4-7/RES,URBAN,872.0,251458651.0,44375057.0,59135.0,838196.0,295833707.0,288356.0,10477.0,961.0,300.0
BFA,Burkina Faso,COM,CR-,CR/LFINF/CDL+ERL/H:>7/COM,TOTAL,27.0,24117689.0,4256064.0,0.0,77799.0,28373750.0,38754.0,0.0,2881.0,310.0
BFA,Burkina Faso,RES,CR-,CR/LFINF/CDL+ERL/H:>7/RES,URBAN,219.0,78536956.0,13859463.0,19700.0,261790.0,92396421.0,90191.0,3490.0,1195.0,300.0
BFA,Burkina Faso,RES,ADO|ST|E,E+ETO/LWAL/CDN+ERN/H:1/RES,URBAN,234846.0,1972709960.0,348125288.0,1325521.0,14090785.0,2320835249.0,1258955.0,234846.0,60.0,140.0
BFA,Burkina Faso,RES,ADO|ST|E,E+ETO/LWAL/CDN+ERN/H:1/RES,RURAL,1318008.0,6326439867.0,1116430565.0,7439105.0,79080498.0,7442870430.0,7065523.0,1318008.0,60.0,80.0
BFA,Burkina Faso,RES,OT,INF/LN/CDN+ERN/H:1/EWV/RES,RURAL,78470.0,376656883.0,66468861.0,442898.0,4708211.0,443125745.0,62861.0,78470.0,60.0,80.0
BFA,Burkina Faso,COM,MR|MCF,MCF/LWAL/CDL+ERL/H:1/COM,TOTAL,2520.0,101667369.0,25416843.0,0.0,327959.0,127084212.0,162479.0,0.0,130.0,310.0
BFA,Burkina Faso,IND,MR|MCF,MCF/LWAL/CDL+ERL/H:1/IND,TOTAL,1203.0,79877272.0,26625755.0,0.0,266258.0,106503024.0,131091.0,0.0,221.0,300.0
BFA,Burkina Faso,RES,MR|MCF,MCF/LWAL/CDL+ERL/H:1/RES,URBAN,31434.0,565833062.0,99852892.0,177420.0,1886110.0,665685956.0,646530.0,31434.0,60.0,300.0
BFA,Burkina Faso,COM,MR|MCF,MCF/LWAL/CDL+ERL/H:2/COM,TOTAL,1260.0,101667182.0,25416796.0,0.0,327959.0,127083980.0,162605.0,0.0,260.0,310.0
BFA,Burkina Faso,IND,MR|MCF,MCF/LWAL/CDL+ERL/H:2/IND,TOTAL,402.0,58077963.0,19359323.0,0.0,193593.0,77437283.0,95401.0,0.0,482.0,300.0
BFA,Burkina Faso,RES,MR|MCF,MCF/LWAL/CDL+ERL/H:2/RES,URBAN,30650.0,926548742.0,163508599.0,177421.0,3088496.0,1090057346.0,1059453.0,31434.0,101.0,300.0
BFA,Burkina Faso,COM,MR|MCF,MCF/LWAL/CDL+ERL/H:3-6/COM,TOTAL,101.0,27704478.0,6926118.0,0.0,89369.0,34630600.0,44380.0,0.0,885.0,310.0
BFA,Burkina Faso,RES,MR|MCF,MCF/LWAL/CDL+ERL/H:3-6/RES,URBAN,873.0,178098029.0,31429063.0,39413.0,593660.0,209527091.0,203938.0,6983.0,680.0,300.0
BFA,Burkina Faso,RES,OT,ME+MEO/LWAL/CDN+ERM/H:1/RES,RURAL,2906.0,13949709.0,2461712.0,16399.0,174371.0,16411421.0,6804.0,2906.0,60.0,80.0
BFA,Burkina Faso,COM,ADO|ST|E,MUR+ADO/LWAL/CDN+ERN/H:1/COM,TOTAL,73800.0,1726859616.0,575619878.0,0.0,9593665.0,2302479488.0,814126.0,0.0,130.0,180.0
BFA,Burkina Faso,RES,ADO|ST|E,MUR+ADO/LWAL/CDN+ERN/H:1/RES,URBAN,111552.0,937037270.0,165359520.0,629620.0,6693123.0,1102396787.0,411106.0,111552.0,60.0,140.0
BFA,Burkina Faso,RES,ADO|ST|E,MUR+ADO/LWAL/CDN+ERN/H:1/RES,RURAL,375634.0,1803035441.0,318182725.0,2120152.0,22537943.0,2121218169.0,1384330.0,375634.0,60.0,80.0
BFA,Burkina Faso,COM,ADO|ST|E,MUR+ADO/LWAL/CDN+ERN/H:2/COM,TOTAL,36888.0,1726854177.0,575618057.0,0.0,9593634.0,2302472241.0,816486.0,0.0,260.0,180.0
BFA,Burkina Faso,RES,ADO|ST|E,MUR+ADO/LWAL/CDN+ERN/H:2/RES,URBAN,108762.0,1534398438.0,270776193.0,629597.0,10959989.0,1805174633.0,674965.0,111547.0,101.0,140.0
BFA,Burkina Faso,RES,ADO|ST|E,MUR+ADO/LWAL/CDN+ERN/H:2/RES,RURAL,366243.0,2952470297.0,521024170.0,2120151.0,36905879.0,3473494465.0,2272829.0,375633.0,101.0,80.0
BFA,Burkina Faso,COM,ADO|ST|E,MUR+ADO/LWAL/CDN+ERN/H:3/COM,TOTAL,1550.0,251423716.0,83807906.0,0.0,1396798.0,335231624.0,119222.0,0.0,901.0,180.0
BFA,Burkina Faso,RES,ADO|ST|E,MUR+ADO/LWAL/CDN+ERN/H:3/RES,URBAN,1470.0,139722407.0,24656895.0,66270.0,998017.0,164379305.0,61624.0,11741.0,679.0,140.0
BFA,Burkina Faso,RES,ADO|ST|E,MUR+ADO/LWAL/CDN+ERN/H:3/RES,RURAL,4940.0,268873674.0,47448297.0,223161.0,3360921.0,316321970.0,207526.0,39538.0,680.0,80.0
BFA,Burkina Faso,COM,MUR,MUR+CB/LWAL/CDN+ERN/H:1/COM,TOTAL,20724.0,619557686.0,154889424.0,0.0,2693729.0,774447114.0,2270569.0,0.0,130.0,230.0
BFA,Burkina Faso,IND,MUR,MUR+CB/LWAL/CDN+ERN/H:1/IND,TOTAL,32178.0,1911213044.0,637071017.0,0.0,7078567.0,2548284056.0,5693992.0,0.0,220.0,270.0
BFA,Burkina Faso,RES,MUR,MUR+CB/LWAL/CDN+ERN/H:1/RES,URBAN,265453.0,2866886928.0,505921222.0,1498268.0,15927150.0,3372808151.0,10330523.0,265453.0,60.0,180.0
BFA,Burkina Faso,RES,MUR,MUR+CB/LWAL/CDN+ERN/H:1/RES,RURAL,70403.0,591403610.0,104365343.0,397369.0,4224311.0,695768952.0,2739935.0,70403.0,60.0,140.0
BFA,Burkina Faso,COM,MUR,MUR+CB/LWAL/CDN+ERN/H:2/COM,TOTAL,10352.0,619555073.0,154888773.0,0.0,2693718.0,774443841.0,2271776.0,0.0,260.0,230.0
BFA,Burkina Faso,IND,MUR,MUR+CB/LWAL/CDN+ERN/H:2/IND,TOTAL,10727.0,1389969181.0,463323054.0,0.0,5148034.0,1853292243.0,4143427.0,0.0,480.0,270.0
BFA,Burkina Faso,RES,MUR,MUR+CB/LWAL/CDN+ERN/H:2/RES,RURAL,68645.0,968421629.0,170897931.0,397382.0,6917297.0,1139319564.0,4488841.0,70405.0,101.0,140.0
BFA,Burkina Faso,RES,MUR,MUR+CB/LWAL/CDN+ERN/H:2/RES,URBAN,258818.0,4694527044.0,828445948.0,1498273.0,26080706.0,5522972990.0,16924547.0,265453.0,101.0,180.0
BFA,Burkina Faso,COM,MUR,MUR+CB/LWAL/CDN+ERN/H:3/COM,TOTAL,430.0,88121628.0,22030409.0,0.0,383138.0,110152028.0,323296.0,0.0,891.0,230.0
BFA,Burkina Faso,RES,MUR,MUR+CB/LWAL/CDN+ERN/H:3/RES,URBAN,3492.0,427512636.0,75443409.0,157714.0,2375070.0,502956046.0,1542011.0,27943.0,680.0,180.0
BFA,Burkina Faso,RES,MUR,MUR+CB/LWAL/CDN+ERN/H:3/RES,RURAL,930.0,88161923.0,15557987.0,41811.0,629728.0,103719909.0,408850.0,7408.0,677.0,140.0
BFA,Burkina Faso,COM,MUR,MUR+CL/LWAL/CDN+ERN/H:1/COM,TOTAL,1409.0,41975172.0,10493787.0,0.0,182501.0,52468964.0,113619.0,0.0,130.0,230.0
BFA,Burkina Faso,IND,MUR,MUR+CL/LWAL/CDN+ERN/H:1/IND,TOTAL,1989.0,118348267.0,39449426.0,0.0,438327.0,157797686.0,252569.0,0.0,220.0,270.0
BFA,Burkina Faso,RES,MUR,MUR+CL/LWAL/CDN+ERN/H:1/RES,RURAL,4142.0,34788422.0,6139136.0,23378.0,248489.0,40927556.0,114171.0,4142.0,60.0,140.0
BFA,Burkina Faso,RES,MUR,MUR+CL/LWAL/CDN+ERN/H:1/RES,URBAN,18722.0,202188428.0,35680310.0,105670.0,1123269.0,237868738.0,516097.0,18722.0,60.0,180.0
BFA,Burkina Faso,COM,MUR,MUR+CL/LWAL/CDN+ERN/H:2/COM,TOTAL,707.0,42028997.0,10507254.0,0.0,182735.0,52536250.0,113829.0,0.0,258.0,230.0
BFA,Burkina Faso,IND,MUR,MUR+CL/LWAL/CDN+ERN/H:2/IND,TOTAL,656.0,86031234.0,28677077.0,0.0,318634.0,114708312.0,183712.0,0.0,486.0,270.0
BFA,Burkina Faso,RES,MUR,MUR+CL/LWAL/CDN+ERN/H:2/RES,RURAL,4040.0,56965765.0,10052783.0,23377.0,406898.0,67018554.0,187053.0,4142.0,101.0,140.0
BFA,Burkina Faso,RES,MUR,MUR+CL/LWAL/CDN+ERN/H:2/RES,URBAN,18250.0,331081278.0,58426110.0,105670.0,1839340.0,389507388.0,845554.0,18722.0,101.0,180.0
BFA,Burkina Faso,COM,MUR,MUR+CL/LWAL/CDN+ERN/H:3/COM,TOTAL,24.0,4338352.0,1084590.0,0.0,18862.0,5422941.0,11756.0,0.0,786.0,230.0
BFA,Burkina Faso,RES,MUR,MUR+CL/LWAL/CDN+ERN/H:3/RES,RURAL,59.0,5187898.0,915511.0,2451.0,37056.0,6103408.0,17044.0,434.0,628.0,140.0
BFA,Burkina Faso,RES,MUR,MUR+CL/LWAL/CDN+ERN/H:3/RES,URBAN,242.0,30151131.0,5320788.0,11145.0,167506.0,35471918.0,77045.0,1975.0,692.0,180.0
BFA,Burkina Faso,COM,ADO|ST|E,MUR+STDRE/LWAL/CDN+ERN/H:1/COM,TOTAL,718.0,35540380.0,11846793.0,0.0,93527.0,47387175.0,28437.0,0.0,130.0,380.0
BFA,Burkina Faso,IND,ADO|ST|E,MUR+STDRE/LWAL/CDN+ERN/H:1/IND,TOTAL,464.0,31840745.0,17145017.0,0.0,102712.0,48985764.0,30348.0,0.0,221.0,310.0
BFA,Burkina Faso,RES,ADO|ST|E,MUR+STDRE/LWAL/CDN+ERN/H:1/RES,URBAN,16138.0,290499865.0,51264682.0,91085.0,968333.0,341764546.0,230233.0,16138.0,60.0,300.0
BFA,Burkina Faso,COM,ADO|ST|E,MUR+STDRE/LWAL/CDN+ERN/H:2/COM,TOTAL,361.0,35531398.0,11843799.0,0.0,93504.0,47375203.0,28468.0,0.0,259.0,380.0
BFA,Burkina Faso,IND,ADO|ST|E,MUR+STDRE/LWAL/CDN+ERN/H:2/IND,TOTAL,152.0,23154942.0,12468049.0,0.0,74693.0,35622990.0,22101.0,0.0,491.0,310.0
BFA,Burkina Faso,RES,ADO|ST|E,MUR+STDRE/LWAL/CDN+ERN/H:2/RES,URBAN,15734.0,475692563.0,83945746.0,91079.0,1585642.0,559638308.0,377440.0,16137.0,101.0,300.0
BFA,Burkina Faso,COM,ADO|ST|E,MUR+STDRE/LWAL/CDN+ERN/H:3/COM,TOTAL,12.0,3869529.0,1289844.0,0.0,10183.0,5159372.0,3105.0,0.0,849.0,380.0
BFA,Burkina Faso,RES,ADO|ST|E,MUR+STDRE/LWAL/CDN+ERN/H:3/RES,URBAN,216.0,43320264.0,7644753.0,9610.0,144401.0,50965018.0,34412.0,1703.0,669.0,300.0
BFA,Burkina Faso,COM,ADO|ST|E,MUR+STRUB/LWAL/CDN+ERN/H:1/COM,TOTAL,270.0,13314257.0,4438083.0,0.0,35038.0,17752345.0,10653.0,0.0,130.0,380.0
BFA,Burkina Faso,IND,ADO|ST|E,MUR+STRUB/LWAL/CDN+ERN/H:1/IND,TOTAL,1659.0,113148191.0,60925951.0,0.0,364994.0,174074139.0,107843.0,0.0,220.0,310.0
BFA,Burkina Faso,RES,ADO|ST|E,MUR+STRUB/LWAL/CDN+ERN/H:1/RES,RURAL,5521.0,56324456.0,9939609.0,31163.0,331320.0,66264066.0,78775.0,5521.0,60.0,170.0
BFA,Burkina Faso,COM,ADO|ST|E,MUR+STRUB/LWAL/CDN+ERN/H:2/COM,TOTAL,134.0,13369037.0,4456342.0,0.0,35182.0,17825378.0,10712.0,0.0,263.0,380.0
BFA,Burkina Faso,IND,ADO|ST|E,MUR+STRUB/LWAL/CDN+ERN/H:2/IND,TOTAL,551.0,82291364.0,44310733.0,0.0,265456.0,126602096.0,78544.0,0.0,482.0,310.0
BFA,Burkina Faso,RES,ADO|ST|E,MUR+STRUB/LWAL/CDN+ERN/H:2/RES,RURAL,5385.0,92230643.0,16275999.0,31178.0,542533.0,108506638.0,129143.0,5524.0,101.0,170.0
BFA,Burkina Faso,COM,ADO|ST|E,MUR+STRUB/LWAL/CDN+ERN/H:3/COM,TOTAL,1.0,287616.0,95872.0,0.0,757.0,383488.0,231.0,0.0,757.0,380.0
BFA,Burkina Faso,RES,ADO|ST|E,MUR+STRUB/LWAL/CDN+ERN/H:3/RES,RURAL,70.0,8399354.0,1482240.0,3273.0,49408.0,9881593.0,11775.0,580.0,706.0,170.0
BFA,Burkina Faso,IND,S,S+SL/LFM/CDL+ERL/H:1/IND,TOTAL,8979.0,592697818.0,197565930.0,0.0,1975659.0,790263755.0,674263.0,0.0,220.0,300.0
BFA,Burkina Faso,IND,S,S+SL/LFM/CDL+ERL/H:2/IND,TOTAL,2991.0,431014589.0,143671525.0,0.0,1436715.0,574686116.0,490652.0,0.0,480.0,300.0
BFA,Burkina Faso,IND,S,S/LFM/CDL+ERL/H:1/IND,TOTAL,5595.0,368841201.0,122947067.0,0.0,1229471.0,491788275.0,419600.0,0.0,220.0,300.0
BFA,Burkina Faso,IND,S,S/LFM/CDL+ERL/H:2/IND,TOTAL,1872.0,268238635.0,89412874.0,0.0,894129.0,357651509.0,305353.0,0.0,478.0,300.0
BFA,Burkina Faso,RES,W,W+WBB/LN/CDN+ERL/H:1/RES,RURAL,10172.0,54929210.0,13732304.0,57411.0,610325.0,68661514.0,16007.0,10172.0,60.0,90.0
BFA,Burkina Faso,RES,W,W+WWD/LWAL/CDN+ERM/H:1/RES,RURAL,376163.0,2031279048.0,507819760.0,2123139.0,22569767.0,2539098807.0,301335.0,376163.0,60.0,90.0
BFA,Burkina Faso,RES,W,W+WWD/LWAL/CDN+ERM/H:1/RES,URBAN,82197.0,789083593.0,197270897.0,463937.0,4931772.0,986354491.0,65845.0,82197.0,60.0,160.0
BFA,Burkina Faso,RES,W,W+WWD/LWAL/CDN+ERM/H:2/RES,RURAL,157182.0,1425521635.0,356380410.0,909916.0,15839129.0,1781902041.0,211599.0,161212.0,101.0,90.0
BFA,Burkina Faso,RES,W,W+WWD/LWAL/CDN+ERM/H:2/RES,URBAN,34347.0,553767591.0,138441897.0,198844.0,3461047.0,692209491.0,46237.0,35230.0,101.0,160.0
BDI,Burundi,COM,CR-,CR/LFINF/CDL+ERL/H:1/COM,TOTAL,5.0,194499.0,34324.0,0.0,695.0,228824.0,344.0,0.0,139.0,280.0
BDI,Burundi,IND,CR-,CR/LFINF/CDL+ERL/H:1/IND,TOTAL,99.0,6998973.0,2332991.0,0.0,19997.0,9331966.0,9846.0,0.0,202.0,350.0
BDI,Burundi,RES,CR-,CR/LFINF/CDL+ERL/H:1/RES,URBAN,813.0,11244759.0,1984371.0,3911.0,48890.0,13229128.0,16759.0,813.0,60.0,230.0
BDI,Burundi,COM,CR-,CR/LFINF/CDL+ERL/H:2/COM,TOTAL,12.0,868497.0,153265.0,0.0,3102.0,1021763.0,1538.0,0.0,258.0,280.0
BDI,Burundi,IND,CR-,CR/LFINF/CDL+ERL/H:2/IND,TOTAL,32.0,3366241.0,1122082.0,0.0,9618.0,4488322.0,4740.0,0.0,301.0,350.0
BDI,Burundi,RES,CR-,CR/LFINF/CDL+ERL/H:2/RES,URBAN,2783.0,64409152.0,11366322.0,13714.0,280040.0,75775472.0,96063.0,2851.0,101.0,230.0
BDI,Burundi,COM,CR-,CR/LFINF/CDL+ERL/H:3/COM,TOTAL,7.0,802193.0,141564.0,0.0,2865.0,943757.0,1422.0,0.0,409.0,280.0
BDI,Burundi,RES,CR-,CR/LFINF/CDL+ERL/H:3/RES,URBAN,2216.0,75008880.0,13236859.0,13642.0,326126.0,88245741.0,111952.0,2837.0,147.0,230.0
BDI,Burundi,COM,CR-,CR/LFINF/CDL+ERL/H:4-7/COM,TOTAL,1.0,208936.0,36871.0,0.0,746.0,245807.0,371.0,0.0,746.0,280.0
BDI,Burundi,RES,CR-,CR/LFINF/CDL+ERL/H:4-7/RES,URBAN,104.0,22492951.0,3969343.0,5883.0,97795.0,26462296.0,33644.0,1223.0,940.0,230.0
BDI,Burundi,RES,CR-,CR/LFINF/CDL+ERL/H:>7/RES,URBAN,24.0,6358694.0,1122122.0,1770.0,27646.0,7480817.0,9525.0,368.0,1152.0,230.0
BDI,Burundi,RES,CR-,CR/LWAL/CDL+ERL/H:1/RES,URBAN,10.0,111799.0,19729.0,48.0,486.0,131528.0,198.0,10.0,49.0,230.0
BDI,Burundi,RES,CR-,CR/LWAL/CDL+ERL/H:2/RES,URBAN,41.0,919560.0,162277.0,198.0,3998.0,1081835.0,1629.0,41.0,98.0,230.0
BDI,Burundi,RES,CR-,CR/LWAL/CDL+ERL/H:3/RES,URBAN,32.0,915621.0,161581.0,168.0,3981.0,1077203.0,1623.0,35.0,124.0,230.0
BDI,Burundi,RES,ADO|ST|E,E+ETO/LWAL/CDN+ERN/H:1/RES,URBAN,19746.0,94786690.0,16727065.0,94965.0,1184834.0,111513753.0,105860.0,19746.0,60.0,80.0
BDI,Burundi,RES,ADO|ST|E,E+ETO/LWAL/CDN+ERN/H:1/RES,RURAL,129418.0,310606655.0,54812938.0,622433.0,7765166.0,365419590.0,693786.0,129418.0,60.0,40.0
BDI,Burundi,RES,OT,INF/LN/CDN+ERN/H:1/EWV/RES,RURAL,22449.0,67345668.0,11884531.0,107970.0,1346913.0,79230198.0,17983.0,22449.0,60.0,50.0
BDI,Burundi,RES,OT,MATO/LN/CDN+ERN/H:1/RES,RURAL,55578.0,166739929.0,29424692.0,267300.0,3334799.0,196164624.0,1532205.0,55578.0,60.0,50.0
BDI,Burundi,RES,OT,MATO/LN/CDN+ERN/H:1/RES,URBAN,8480.0,35618210.0,6285568.0,40783.0,508832.0,41903778.0,233788.0,8480.0,60.0,70.0
BDI,Burundi,RES,MR|MCF,MCF+CB/LWAL/CDL+ERL/H:1/RES,URBAN,108.0,1513167.0,267030.0,520.0,6579.0,1780196.0,2587.0,108.0,61.0,230.0
BDI,Burundi,RES,MR|MCF,MCF+CB/LWAL/CDL+ERL/H:2/RES,URBAN,106.0,2427725.0,428422.0,515.0,10555.0,2856145.0,4153.0,107.0,100.0,230.0
BDI,Burundi,COM,MR|MCF,MCF+CL/LWAL/CDL+ERL/H:1/COM,TOTAL,41.0,1423644.0,355910.0,0.0,5084.0,1779554.0,2519.0,0.0,124.0,280.0
BDI,Burundi,IND,MR|MCF,MCF+CL/LWAL/CDL+ERL/H:1/IND,TOTAL,82.0,5774942.0,1924977.0,0.0,16500.0,7699924.0,8124.0,0.0,201.0,350.0
BDI,Burundi,RES,MR|MCF,MCF+CL/LWAL/CDL+ERL/H:1/RES,URBAN,3340.0,46066110.0,8129313.0,16063.0,200287.0,54195426.0,68656.0,3340.0,60.0,230.0
BDI,Burundi,COM,MR|MCF,MCF+CL/LWAL/CDL+ERL/H:2/COM,TOTAL,14.0,1051449.0,262861.0,0.0,3755.0,1314312.0,1862.0,0.0,268.0,280.0
BDI,Burundi,IND,MR|MCF,MCF+CL/LWAL/CDL+ERL/H:2/IND,TOTAL,25.0,2454804.0,818269.0,0.0,7014.0,3273074.0,3456.0,0.0,281.0,350.0
BDI,Burundi,RES,MR|MCF,MCF+CL/LWAL/CDL+ERL/H:2/RES,URBAN,3254.0,75386127.0,13303435.0,16046.0,327766.0,88689562.0,112434.0,3336.0,101.0,230.0
BDI,Burundi,RES,MR|MCF,MCF+CL/LWAL/CDL+ERL/H:3-6/RES,URBAN,91.0,13760906.0,2428395.0,3390.0,59830.0,16189301.0,20553.0,705.0,657.0,230.0
BDI,Burundi,RES,OT,ME+MEO/LWAL/CDN+ERM/H:1/RES,RURAL,22449.0,67345670.0,11884530.0,107970.0,1346913.0,79230198.0,52556.0,22449.0,60.0,50.0
BDI,Burundi,RES,OT,ME+MEO/LWAL/CDN+ERM/H:1/RES,URBAN,6851.0,28772359.0,5077477.0,32950.0,411034.0,33849834.0,16038.0,6851.0,60.0,70.0
BDI,Burundi,COM,ADO|ST|E,MUR+ADO+MOC/LWAL/CDN+ERN/H:1/COM,TOTAL,221.0,2224832.0,741612.0,0.0,27810.0,2966442.0,2360.0,0.0,126.0,80.0
BDI,Burundi,RES,ADO|ST|E,MUR+ADO+MOC/LWAL/CDN+ERN/H:1/RES,URBAN,803.0,3856721.0,680598.0,3862.0,48209.0,4537318.0,2961.0,803.0,60.0,80.0
BDI,Burundi,RES,ADO|ST|E,MUR+ADO+MOC/LWAL/CDN+ERN/H:1/RES,RURAL,5265.0,12638385.0,2230304.0,25321.0,315960.0,14868687.0,19407.0,5265.0,60.0,40.0
BDI,Burundi,COM,ADO|ST|E,MUR+ADO+MOC/LWAL/CDN+ERN/H:2/COM,TOTAL,97.0,2038913.0,679635.0,0.0,25486.0,2718550.0,2169.0,0.0,263.0,80.0
BDI,Burundi,RES,ADO|ST|E,MUR+ADO+MOC/LWAL/CDN+ERN/H:2/RES,URBAN,783.0,6297067.0,1111249.0,3857.0,78713.0,7408313.0,4848.0,802.0,101.0,80.0
BDI,Burundi,RES,ADO|ST|E,MUR+ADO+MOC/LWAL/CDN+ERN/H:2/RES,RURAL,5134.0,20694880.0,3652035.0,25326.0,517372.0,24346913.0,31862.0,5266.0,101.0,40.0
BDI,Burundi,RES,ADO|ST|E,MUR+ADO+MOC/LWAL/CDN+ERN/H:3/RES,URBAN,2.0,78249.0,13808.0,59.0,978.0,92058.0,60.0,12.0,489.0,80.0
BDI,Burundi,RES,ADO|ST|E,MUR+ADO+MOC/LWAL/CDN+ERN/H:3/RES,RURAL,70.0,1884636.0,332581.0,2666.0,47116.0,2217215.0,2909.0,554.0,673.0,40.0
BDI,Burundi,COM,ADO|ST|E,MUR+ADO+MOM/LWAL/CDN+ERN/H:1/COM,TOTAL,3790.0,39460308.0,13153435.0,0.0,493254.0,52613746.0,41858.0,0.0,130.0,80.0
BDI,Burundi,RES,ADO|ST|E,MUR+ADO+MOM/LWAL/CDN+ERN/H:1/RES,RURAL,86943.0,208668706.0,36823888.0,418152.0,5216718.0,245492597.0,320422.0,86943.0,60.0,40.0
BDI,Burundi,RES,ADO|ST|E,MUR+ADO+MOM/LWAL/CDN+ERN/H:1/RES,URBAN,13266.0,63678726.0,11237422.0,63800.0,795984.0,74916149.0,48891.0,13266.0,60.0,80.0
BDI,Burundi,COM,ADO|ST|E,MUR+ADO+MOM/LWAL/CDN+ERN/H:2/COM,TOTAL,1895.0,39441990.0,13147332.0,0.0,493025.0,52589311.0,41960.0,0.0,260.0,80.0
BDI,Burundi,RES,ADO|ST|E,MUR+ADO+MOM/LWAL/CDN+ERN/H:2/RES,RURAL,84771.0,341694273.0,60298991.0,418167.0,8542357.0,401993263.0,526077.0,86947.0,101.0,40.0
BDI,Burundi,RES,ADO|ST|E,MUR+ADO+MOM/LWAL/CDN+ERN/H:2/RES,URBAN,12937.0,104273336.0,18401181.0,63800.0,1303417.0,122674513.0,80270.0,13266.0,101.0,80.0
BDI,Burundi,COM,ADO|ST|E,MUR+ADO+MOM/LWAL/CDN+ERN/H:3/COM,TOTAL,74.0,4897594.0,1632530.0,0.0,61220.0,6530125.0,5225.0,0.0,827.0,80.0
BDI,Burundi,RES,ADO|ST|E,MUR+ADO+MOM/LWAL/CDN+ERN/H:3/RES,RURAL,1142.0,31114104.0,5490724.0,44021.0,777853.0,36604828.0,48030.0,9153.0,681.0,40.0
BDI,Burundi,RES,ADO|ST|E,MUR+ADO+MOM/LWAL/CDN+ERN/H:3/RES,URBAN,175.0,9493995.0,1675413.0,6732.0,118675.0,11169404.0,7328.0,1400.0,678.0,80.0
BDI,Burundi,COM,ADO|ST|E,MUR+ADO/LWAL/CDN+ERN/H:1/COM,TOTAL,9372.0,97458002.0,32486000.0,0.0,1218225.0,129944003.0,103380.0,0.0,130.0,80.0
BDI,Burundi,RES,ADO|ST|E,MUR+ADO/LWAL/CDN+ERN/H:1/RES,URBAN,110489.0,530346180.0,93590499.0,531389.0,6629327.0,623936683.0,407188.0,110489.0,60.0,80.0
BDI,Burundi,RES,ADO|ST|E,MUR+ADO/LWAL/CDN+ERN/H:1/RES,RURAL,724121.0,1737887925.0,306686103.0,3482625.0,43447198.0,2044574028.0,2668622.0,724121.0,60.0,40.0
BDI,Burundi,COM,ADO|ST|E,MUR+ADO/LWAL/CDN+ERN/H:2/COM,TOTAL,4684.0,97457226.0,32485743.0,0.0,1218215.0,129942959.0,103679.0,0.0,260.0,80.0
BDI,Burundi,RES,ADO|ST|E,MUR+ADO/LWAL/CDN+ERN/H:2/RES,RURAL,706016.0,2845791437.0,502198490.0,3482629.0,71144786.0,3347989925.0,4381413.0,724122.0,101.0,40.0
BDI,Burundi,RES,ADO|ST|E,MUR+ADO/LWAL/CDN+ERN/H:2/RES,URBAN,107725.0,868441036.0,153254298.0,531383.0,10855513.0,1021695341.0,668531.0,110487.0,101.0,80.0
BDI,Burundi,COM,ADO|ST|E,MUR+ADO/LWAL/CDN+ERN/H:3/COM,TOTAL,198.0,13606706.0,4535569.0,0.0,170084.0,18142275.0,14517.0,0.0,859.0,80.0
BDI,Burundi,RES,ADO|ST|E,MUR+ADO/LWAL/CDN+ERN/H:3/RES,RURAL,9527.0,259151294.0,45732581.0,366585.0,6478782.0,304883872.0,400044.0,76222.0,680.0,40.0
BDI,Burundi,RES,ADO|ST|E,MUR+ADO/LWAL/CDN+ERN/H:3/RES,URBAN,1453.0,79086897.0,13956511.0,55923.0,988586.0,93043404.0,61042.0,11628.0,680.0,80.0
BDI,Burundi,COM,MUR,MUR+CB/LWAL/CDN+ERN/H:1/COM,TOTAL,96.0,3082023.0,770507.0,0.0,12328.0,3852530.0,10392.0,0.0,128.0,250.0
BDI,Burundi,IND,MUR,MUR+CB/LWAL/CDN+ERN/H:1/IND,TOTAL,241.0,11591017.0,3863667.0,0.0,52686.0,15454692.0,42381.0,0.0,219.0,220.0
BDI,Burundi,RES,MUR,MUR+CB/LWAL/CDN+ERN/H:1/RES,URBAN,637.0,5351992.0,944466.0,3066.0,38229.0,6296459.0,24795.0,637.0,60.0,140.0
BDI,Burundi,RES,MUR,MUR+CB/LWAL/CDN+ERN/H:1/RES,RURAL,7595.0,63774347.0,11254295.0,36527.0,455531.0,75028644.0,295462.0,7595.0,60.0,140.0
BDI,Burundi,COM,MUR,MUR+CB/LWAL/CDN+ERN/H:2/COM,TOTAL,40.0,2192305.0,548075.0,0.0,8769.0,2740378.0,7396.0,0.0,219.0,250.0
BDI,Burundi,IND,MUR,MUR+CB/LWAL/CDN+ERN/H:2/IND,TOTAL,76.0,7970190.0,2656728.0,0.0,36228.0,10626926.0,29159.0,0.0,477.0,220.0
BDI,Burundi,RES,MUR,MUR+CB/LWAL/CDN+ERN/H:2/RES,RURAL,7404.0,104428778.0,18428608.0,36514.0,745920.0,122857386.0,484050.0,7592.0,101.0,140.0
BDI,Burundi,RES,MUR,MUR+CB/LWAL/CDN+ERN/H:2/RES,URBAN,618.0,8695442.0,1534491.0,3025.0,62110.0,10229935.0,40305.0,629.0,101.0,140.0
BDI,Burundi,COM,MUR,MUR+CB/LWAL/CDN+ERN/H:3/COM,TOTAL,1.0,119673.0,29918.0,0.0,479.0,149591.0,404.0,0.0,479.0,250.0
BDI,Burundi,RES,MUR,MUR+CB/LWAL/CDN+ERN/H:3/RES,URBAN,3.0,322636.0,56936.0,130.0,2305.0,379572.0,1496.0,27.0,768.0,140.0
BDI,Burundi,RES,MUR,MUR+CB/LWAL/CDN+ERN/H:3/RES,RURAL,105.0,9509708.0,1678183.0,3828.0,67926.0,11187891.0,44101.0,796.0,647.0,140.0
BDI,Burundi,COM,MUR,MUR+CL/LWAL/CDN+ERN/H:1/COM,TOTAL,1588.0,51182476.0,12795617.0,0.0,204730.0,63978088.0,127458.0,0.0,129.0,250.0
BDI,Burundi,IND,MUR,MUR+CL/LWAL/CDN+ERN/H:1/IND,TOTAL,2448.0,118530938.0,39510317.0,0.0,538777.0,158041256.0,310450.0,0.0,220.0,220.0
BDI,Burundi,RES,MUR,MUR+CL/LWAL/CDN+ERN/H:1/RES,RURAL,115462.0,969896112.0,171158138.0,555311.0,6927829.0,1141054249.0,3183058.0,115462.0,60.0,140.0
BDI,Burundi,RES,MUR,MUR+CL/LWAL/CDN+ERN/H:1/RES,URBAN,10572.0,88794152.0,15669556.0,50845.0,634244.0,104463711.0,291410.0,10572.0,60.0,140.0
BDI,Burundi,COM,MUR,MUR+CL/LWAL/CDN+ERN/H:2/COM,TOTAL,781.0,50767676.0,12691921.0,0.0,203071.0,63459599.0,126497.0,0.0,260.0,250.0
BDI,Burundi,IND,MUR,MUR+CL/LWAL/CDN+ERN/H:2/IND,TOTAL,817.0,85842778.0,28614264.0,0.0,390194.0,114457044.0,224971.0,0.0,478.0,220.0
BDI,Burundi,RES,MUR,MUR+CL/LWAL/CDN+ERN/H:2/RES,RURAL,112577.0,1588205082.0,280271486.0,555324.0,11344322.0,1868476568.0,5215044.0,115465.0,101.0,140.0
BDI,Burundi,RES,MUR,MUR+CL/LWAL/CDN+ERN/H:2/RES,URBAN,10306.0,145399514.0,25658737.0,50850.0,1038568.0,171058254.0,477435.0,10573.0,101.0,140.0
BDI,Burundi,COM,MUR,MUR+CL/LWAL/CDN+ERN/H:3/COM,TOTAL,23.0,4977907.0,1244475.0,0.0,19912.0,6222382.0,12410.0,0.0,866.0,250.0
BDI,Burundi,RES,MUR,MUR+CL/LWAL/CDN+ERN/H:3/RES,URBAN,142.0,12872674.0,2271651.0,5190.0,91948.0,15144325.0,42291.0,1079.0,648.0,140.0
BDI,Burundi,RES,MUR,MUR+CL/LWAL/CDN+ERN/H:3/RES,RURAL,1521.0,144634078.0,25523662.0,58438.0,1033101.0,170157738.0,475175.0,12151.0,679.0,140.0
BDI,Burundi,COM,ADO|ST|E,MUR+STDRE/LWAL/CDN+ERN/H:1/COM,TOTAL,31.0,1361211.0,453737.0,0.0,3403.0,1814950.0,1035.0,0.0,110.0,400.0
BDI,Burundi,IND,ADO|ST|E,MUR+STDRE/LWAL/CDN+ERN/H:1/IND,TOTAL,127.0,6360099.0,3424668.0,0.0,27653.0,9784770.0,8170.0,0.0,218.0,230.0
BDI,Burundi,RES,ADO|ST|E,MUR+STDRE/LWAL/CDN+ERN/H:1/RES,URBAN,2715.0,45636083.0,8053427.0,13058.0,162986.0,53689511.0,38752.0,2715.0,60.0,280.0
BDI,Burundi,COM,ADO|ST|E,MUR+STDRE/LWAL/CDN+ERN/H:2/COM,TOTAL,5.0,336128.0,112042.0,0.0,840.0,448170.0,256.0,0.0,168.0,400.0
BDI,Burundi,IND,ADO|ST|E,MUR+STDRE/LWAL/CDN+ERN/H:2/IND,TOTAL,47.0,4490627.0,2418032.0,0.0,19524.0,6908656.0,5777.0,0.0,415.0,230.0
BDI,Burundi,RES,ADO|ST|E,MUR+STDRE/LWAL/CDN+ERN/H:2/RES,URBAN,2648.0,74724348.0,13186648.0,13051.0,266873.0,87910998.0,63525.0,2714.0,101.0,280.0
BDI,Burundi,RES,ADO|ST|E,MUR+STDRE/LWAL/CDN+ERN/H:3/RES,URBAN,36.0,6035409.0,1065072.0,1226.0,21555.0,7100477.0,5137.0,255.0,599.0,280.0
BDI,Burundi,COM,ADO|ST|E,MUR+STRUB/LWAL/CDN+ERN/H:1/COM,TOTAL,202.0,10337946.0,3445982.0,0.0,25845.0,13783930.0,7858.0,0.0,128.0,400.0
BDI,Burundi,IND,ADO|ST|E,MUR+STRUB/LWAL/CDN+ERN/H:1/IND,TOTAL,808.0,40791575.0,21964694.0,0.0,177355.0,62756267.0,52402.0,0.0,219.0,230.0
BDI,Burundi,RES,ADO|ST|E,MUR+STRUB/LWAL/CDN+ERN/H:1/RES,RURAL,17800.0,138863954.0,24505405.0,85608.0,1068184.0,163369358.0,253973.0,17800.0,60.0,130.0
BDI,Burundi,COM,ADO|ST|E,MUR+STRUB/LWAL/CDN+ERN/H:2/COM,TOTAL,101.0,10483911.0,3494639.0,0.0,26210.0,13978546.0,7980.0,0.0,260.0,400.0
BDI,Burundi,IND,ADO|ST|E,MUR+STRUB/LWAL/CDN+ERN/H:2/IND,TOTAL,263.0,29442540.0,15853678.0,0.0,128011.0,45296221.0,37876.0,0.0,487.0,230.0
BDI,Burundi,RES,ADO|ST|E,MUR+STRUB/LWAL/CDN+ERN/H:2/RES,RURAL,17358.0,227390217.0,40127684.0,85632.0,1749155.0,267517898.0,416362.0,17805.0,101.0,130.0
BDI,Burundi,RES,ADO|ST|E,MUR+STRUB/LWAL/CDN+ERN/H:3/RES,RURAL,234.0,20689937.0,3651165.0,8988.0,159153.0,24341103.0,37928.0,1869.0,680.0,130.0
BDI,Burundi,IND,S,S+SL/LFM/CDL+ERL/H:1/IND,TOTAL,1042.0,79350684.0,26450229.0,0.0,226716.0,105800913.0,77375.0,0.0,218.0,350.0
BDI,Burundi,IND,S,S+SL/LFM/CDL+ERL/H:2/IND,TOTAL,338.0,55913384.0,18637794.0,0.0,159753.0,74551182.0,54557.0,0.0,473.0,350.0
BDI,Burundi,IND,S,S/LFM/CDL+ERL/H:1/IND,TOTAL,398.0,31423466.0,10474490.0,0.0,89781.0,41897958.0,30641.0,0.0,226.0,350.0
BDI,Burundi,IND,S,S/LFM/CDL+ERL/H:2/IND,TOTAL,147.0,21929727.0,7309905.0,0.0,62656.0,29239631.0,21398.0,0.0,426.0,350.0
BDI,Burundi,RES,W,W+WWD/LWAL/CDN+ERM/H:1/RES,RURAL,226485.0,679452110.0,169863027.0,1089270.0,13589042.0,849315137.0,181431.0,226485.0,60.0,50.0
BDI,Burundi,RES,W,W+WWD/LWAL/CDN+ERM/H:1/RES,URBAN,34556.0,331754464.0,82938617.0,166198.0,2073465.0,414693080.0,27683.0,34556.0,60.0,160.0
BDI,Burundi,RES,W,W+WWD/LWAL/CDN+ERM/H:2/RES,RURAL,94639.0,476829379.0,119207346.0,466831.0,9536588.0,596036726.0,127402.0,97065.0,101.0,50.0
BDI,Burundi,RES,W,W+WWD/LWAL/CDN+ERM/H:2/RES,URBAN,14438.0,232818299.0,58204577.0,71218.0,1455114.0,291022875.0,19439.0,14808.0,101.0,160.0
BDI,Burundi,COM,W,W/LWAL/CDL+ERM/H:1/COM,TOTAL,135.0,4057974.0,1352656.0,0.0,16908.0,5410634.0,3228.0,0.0,125.0,240.0
BDI,Burundi,RES,W,W/LWAL/CDL+ERM/H:1/RES,RURAL,11069.0,33208135.0,8302035.0,53235.0,664163.0,41510170.0,70244.0,11069.0,60.0,50.0
BDI,Burundi,RES,W,W/LWAL/CDL+ERM/H:1/RES,URBAN,1690.0,16214668.0,4053668.0,8129.0,101342.0,20268336.0,10718.0,1690.0,60.0,160.0
BDI,Burundi,COM,W,W/LWAL/CDL+ERM/H:2/COM,TOTAL,58.0,3564168.0,1188056.0,0.0,14851.0,4752218.0,2836.0,0.0,256.0,240.0
BDI,Burundi,RES,W,W/LWAL/CDL+ERM/H:2/RES,RURAL,10791.0,54378363.0,13594587.0,53236.0,1087567.0,67972949.0,115097.0,11069.0,101.0,50.0
BDI,Burundi,RES,W,W/LWAL/CDL+ERM/H:2/RES,URBAN,1646.0,26536777.0,6634196.0,8114.0,165855.0,33170969.0,17552.0,1687.0,101.0,160.0
BDI,Burundi,COM,W,W/LWAL/CDL+ERM/H:3/COM,TOTAL,17.0,1651175.0,550391.0,0.0,6880.0,2201566.0,1315.0,0.0,405.0,240.0
BDI,Burundi,RES,W,W/LWAL/CDL+ERM/H:3/RES,RURAL,4312.0,31743656.0,7935916.0,26621.0,634873.0,39679571.0,67230.0,5535.0,147.0,50.0
BDI,Burundi,RES,W,W/LWAL/CDL+ERM/H:3/RES,URBAN,662.0,15255751.0,3813937.0,3962.0,95348.0,19069691.0,10097.0,824.0,144.0,160.0
CPV,Cabo Verde,COM,CR-,CR/LFINF/CDL+ERL/H:1/COM,TOTAL,31.0,2428190.0,607045.0,0.0,4047.0,3035237.0,2005.0,0.0,131.0,600.0
CPV,Cabo Verde,IND,CR-,CR/LFINF/CDL+ERL/H:1/IND,TOTAL,74.0,8700283.0,2900095.0,0.0,17059.0,11600376.0,8399.0,0.0,231.0,510.0
CPV,Cabo Verde,RES,CR-,CR/LFINF/CDL+ERL/H:1/RES,URBAN,458.0,13092854.0,3273212.0,1608.0,27277.0,16366065.0,9350.0,458.0,60.0,480.0
CPV,Cabo Verde,COM,CR-,CR/LFINF/CDL+ERL/H:2/COM,TOTAL,63.0,9600667.0,2400166.0,0.0,16001.0,12000832.0,7934.0,0.0,254.0,600.0
CPV,Cabo Verde,IND,CR-,CR/LFINF/CDL+ERL/H:2/IND,TOTAL,16.0,4059785.0,1353260.0,0.0,7960.0,5413047.0,3923.0,0.0,498.0,510.0
CPV,Cabo Verde,RES,CR-,CR/LFINF/CDL+ERL/H:2/RES,URBAN,1549.0,74835876.0,18708968.0,5508.0,155908.0,93544845.0,53482.0,1582.0,101.0,480.0
CPV,Cabo Verde,COM,CR-,CR/LFINF/CDL+ERL/H:3/COM,TOTAL,40.0,10497767.0,2624443.0,0.0,17496.0,13122211.0,8682.0,0.0,437.0,600.0
CPV,Cabo Verde,RES,CR-,CR/LFINF/CDL+ERL/H:3/RES,URBAN,1239.0,86860140.0,21715033.0,5405.0,180959.0,108575179.0,62119.0,1570.0,146.0,480.0
CPV,Cabo Verde,COM,CR-,CR/LFINF/CDL+ERL/H:4-7/COM,TOTAL,7.0,4469916.0,1117478.0,0.0,7450.0,5587393.0,3705.0,0.0,1064.0,600.0
CPV,Cabo Verde,RES,CR-,CR/LFINF/CDL+ERL/H:4-7/RES,URBAN,57.0,25652689.0,6413171.0,2339.0,53443.0,32065864.0,18386.0,669.0,938.0,480.0
CPV,Cabo Verde,RES,CR-,CR/LFINF/CDL+ERL/H:>7/RES,URBAN,13.0,6077856.0,1519464.0,310.0,12662.0,7597321.0,4362.0,169.0,974.0,480.0
CPV,Cabo Verde,RES,OT,INF/LN/CDN+ERN/H:1/EWV/RES,URBAN,2067.0,35955923.0,8988982.0,7229.0,123986.0,44944904.0,13516.0,2067.0,60.0,290.0
CPV,Cabo Verde,RES,OT,INF/LN/CDN+ERN/H:1/EWV/RES,RURAL,2432.0,32100763.0,8025191.0,8482.0,145913.0,40125952.0,15906.0,2432.0,60.0,220.0
CPV,Cabo Verde,RES,OT,MATO/LN/CDN+ERN/H:1/RES,URBAN,1029.0,17977588.0,4494397.0,3595.0,61992.0,22471985.0,28736.0,1029.0,60.0,290.0
CPV,Cabo Verde,RES,OT,MATO/LN/CDN+ERN/H:1/RES,RURAL,486.0,6420074.0,1605018.0,1701.0,29182.0,8025092.0,13527.0,486.0,60.0,220.0
CPV,Cabo Verde,COM,MR|MCF,MCF+CB/LWAL/CDL+ERL/H:1/COM,TOTAL,117.0,9305532.0,1642152.0,0.0,15509.0,10947687.0,8639.0,0.0,133.0,600.0
CPV,Cabo Verde,IND,MR|MCF,MCF+CB/LWAL/CDL+ERL/H:1/IND,TOTAL,59.0,5749105.0,1916367.0,0.0,11273.0,7665478.0,6301.0,0.0,191.0,510.0
CPV,Cabo Verde,RES,MR|MCF,MCF+CB/LWAL/CDL+ERL/H:1/RES,URBAN,1394.0,40171778.0,7089137.0,4860.0,83691.0,47260912.0,32909.0,1394.0,60.0,480.0
CPV,Cabo Verde,COM,MR|MCF,MCF+CB/LWAL/CDL+ERL/H:2/COM,TOTAL,58.0,8141962.0,1436818.0,0.0,13570.0,9578777.0,7565.0,0.0,234.0,600.0
CPV,Cabo Verde,IND,MR|MCF,MCF+CB/LWAL/CDL+ERL/H:2/IND,TOTAL,14.0,2512015.0,837339.0,0.0,4926.0,3349354.0,2755.0,0.0,352.0,510.0
CPV,Cabo Verde,RES,MR|MCF,MCF+CB/LWAL/CDL+ERL/H:2/RES,URBAN,1355.0,65572220.0,11571566.0,4821.0,136609.0,77143791.0,53755.0,1387.0,101.0,480.0
CPV,Cabo Verde,COM,MR|MCF,MCF+CB/LWAL/CDL+ERL/H:3-6/COM,TOTAL,2.0,1038064.0,183188.0,0.0,1730.0,1221252.0,966.0,0.0,865.0,600.0
CPV,Cabo Verde,RES,MR|MCF,MCF+CB/LWAL/CDL+ERL/H:3-6/RES,URBAN,37.0,10701276.0,1888461.0,799.0,22294.0,12589737.0,8785.0,260.0,603.0,480.0
CPV,Cabo Verde,COM,MR|MCF,MCF+CL/LWAL/CDL+ERL/H:1/COM,TOTAL,57.0,3970809.0,700733.0,0.0,6618.0,4671540.0,3279.0,0.0,116.0,600.0
CPV,Cabo Verde,IND,MR|MCF,MCF+CL/LWAL/CDL+ERL/H:1/IND,TOTAL,16.0,1776405.0,592136.0,0.0,3483.0,2368539.0,1715.0,0.0,218.0,510.0
CPV,Cabo Verde,RES,MR|MCF,MCF+CL/LWAL/CDL+ERL/H:1/RES,URBAN,653.0,18746533.0,3308209.0,2271.0,39055.0,22054743.0,13388.0,653.0,60.0,480.0
CPV,Cabo Verde,COM,MR|MCF,MCF+CL/LWAL/CDL+ERL/H:2/COM,TOTAL,20.0,2607780.0,460197.0,0.0,4346.0,3067974.0,2155.0,0.0,217.0,600.0
CPV,Cabo Verde,IND,MR|MCF,MCF+CL/LWAL/CDL+ERL/H:2/IND,TOTAL,3.0,528638.0,176213.0,0.0,1037.0,704851.0,511.0,0.0,346.0,510.0
CPV,Cabo Verde,RES,MR|MCF,MCF+CL/LWAL/CDL+ERL/H:2/RES,URBAN,636.0,30473640.0,5377701.0,2214.0,63487.0,35851336.0,21778.0,644.0,100.0,480.0
CPV,Cabo Verde,RES,MR|MCF,MCF+CL/LWAL/CDL+ERL/H:3-6/RES,URBAN,11.0,3253121.0,574079.0,132.0,6777.0,3827202.0,2328.0,79.0,616.0,480.0
CPV,Cabo Verde,RES,OT,ME+MEO/LWAL/CDN+ERM/H:1/RES,RURAL,244.0,3209987.0,802496.0,844.0,14591.0,4012480.0,5379.0,244.0,60.0,220.0
CPV,Cabo Verde,RES,OT,ME+MEO/LWAL/CDN+ERM/H:1/RES,URBAN,5165.0,89889785.0,22472447.0,18027.0,309965.0,112362234.0,114262.0,5165.0,60.0,290.0
CPV,Cabo Verde,COM,ADO|ST|E,MUR+ADO/LWAL/CDN+ERN/H:1/COM,TOTAL,2080.0,113327977.0,28331992.0,0.0,269829.0,141659969.0,167918.0,0.0,130.0,420.0
CPV,Cabo Verde,RES,ADO|ST|E,MUR+ADO/LWAL/CDN+ERN/H:1/RES,URBAN,12759.0,153123023.0,27021710.0,44555.0,765615.0,180144733.0,354898.0,12759.0,60.0,200.0
CPV,Cabo Verde,RES,ADO|ST|E,MUR+ADO/LWAL/CDN+ERN/H:1/RES,RURAL,8781.0,94814128.0,16731904.0,30675.0,526745.0,111546033.0,244171.0,8781.0,60.0,180.0
CPV,Cabo Verde,COM,ADO|ST|E,MUR+ADO/LWAL/CDN+ERN/H:2/COM,TOTAL,1036.0,113434319.0,28358580.0,0.0,270082.0,141792899.0,168175.0,0.0,261.0,420.0
CPV,Cabo Verde,RES,ADO|ST|E,MUR+ADO/LWAL/CDN+ERN/H:2/RES,RURAL,8563.0,155257838.0,27398439.0,30670.0,862544.0,182656279.0,400053.0,8782.0,101.0,180.0
CPV,Cabo Verde,RES,ADO|ST|E,MUR+ADO/LWAL/CDN+ERN/H:2/RES,URBAN,12444.0,250738495.0,44247970.0,44596.0,1253692.0,294986463.0,581470.0,12760.0,101.0,200.0
CPV,Cabo Verde,COM,ADO|ST|E,MUR+ADO/LWAL/CDN+ERN/H:3/COM,TOTAL,38.0,12267476.0,3066869.0,0.0,29208.0,15334346.0,18198.0,0.0,769.0,420.0
CPV,Cabo Verde,RES,ADO|ST|E,MUR+ADO/LWAL/CDN+ERN/H:3/RES,RURAL,116.0,13851655.0,2444410.0,3143.0,76954.0,16296066.0,35712.0,901.0,663.0,180.0
CPV,Cabo Verde,RES,ADO|ST|E,MUR+ADO/LWAL/CDN+ERN/H:3/RES,URBAN,171.0,22833883.0,4029507.0,4688.0,114169.0,26863391.0,52982.0,1340.0,668.0,200.0
CPV,Cabo Verde,COM,MUR,MUR+CB/LWAL/CDN+ERN/H:1/COM,TOTAL,1324.0,82464254.0,20616065.0,0.0,171801.0,103080319.0,125738.0,0.0,130.0,480.0
CPV,Cabo Verde,IND,MUR,MUR+CB/LWAL/CDN+ERN/H:1/IND,TOTAL,820.0,57353826.0,19117942.0,0.0,179231.0,76471785.0,122952.0,0.0,219.0,320.0
CPV,Cabo Verde,RES,MUR,MUR+CB/LWAL/CDN+ERN/H:1/RES,URBAN,11778.0,254419707.0,44897598.0,41151.0,706721.0,299317303.0,391421.0,11778.0,60.0,360.0
CPV,Cabo Verde,RES,MUR,MUR+CB/LWAL/CDN+ERN/H:1/RES,RURAL,2544.0,47268389.0,8341480.0,8879.0,152479.0,55609869.0,84451.0,2544.0,60.0,310.0
CPV,Cabo Verde,COM,MUR,MUR+CB/LWAL/CDN+ERN/H:2/COM,TOTAL,667.0,82291909.0,20572989.0,0.0,171441.0,102864890.0,125547.0,0.0,257.0,480.0
CPV,Cabo Verde,IND,MUR,MUR+CB/LWAL/CDN+ERN/H:2/IND,TOTAL,276.0,40302773.0,13434254.0,0.0,125946.0,53737031.0,86451.0,0.0,456.0,320.0
CPV,Cabo Verde,RES,MUR,MUR+CB/LWAL/CDN+ERN/H:2/RES,URBAN,11484.0,416611352.0,73519649.0,41140.0,1157254.0,490131003.0,641290.0,11779.0,101.0,360.0
CPV,Cabo Verde,RES,MUR,MUR+CB/LWAL/CDN+ERN/H:2/RES,RURAL,2482.0,77401537.0,13659094.0,8890.0,249682.0,91060631.0,138361.0,2545.0,101.0,310.0
CPV,Cabo Verde,COM,MUR,MUR+CB/LWAL/CDN+ERN/H:3/COM,TOTAL,18.0,7354567.0,1838642.0,0.0,15322.0,9193207.0,11227.0,0.0,851.0,480.0
CPV,Cabo Verde,RES,MUR,MUR+CB/LWAL/CDN+ERN/H:3/RES,RURAL,33.0,5780309.0,1020054.0,396.0,18646.0,6800365.0,10338.0,217.0,565.0,310.0
CPV,Cabo Verde,RES,MUR,MUR+CB/LWAL/CDN+ERN/H:3/RES,URBAN,157.0,37940656.0,6695412.0,4350.0,105391.0,44636066.0,58433.0,1242.0,671.0,360.0
CPV,Cabo Verde,COM,MUR,MUR+CL/LWAL/CDN+ERN/H:1/COM,TOTAL,577.0,35925169.0,8981293.0,0.0,74844.0,44906464.0,46577.0,0.0,130.0,480.0
CPV,Cabo Verde,IND,MUR,MUR+CL/LWAL/CDN+ERN/H:1/IND,TOTAL,349.0,23921531.0,7973845.0,0.0,74755.0,31895389.0,43455.0,0.0,214.0,320.0
CPV,Cabo Verde,RES,MUR,MUR+CL/LWAL/CDN+ERN/H:1/RES,RURAL,926.0,17188596.0,3033281.0,3223.0,55447.0,20221877.0,25702.0,926.0,60.0,310.0
CPV,Cabo Verde,RES,MUR,MUR+CL/LWAL/CDN+ERN/H:1/RES,URBAN,5495.0,118728710.0,20952124.0,19206.0,329802.0,139680835.0,152879.0,5495.0,60.0,360.0
CPV,Cabo Verde,COM,MUR,MUR+CL/LWAL/CDN+ERN/H:2/COM,TOTAL,285.0,35077460.0,8769370.0,0.0,73078.0,43846826.0,45505.0,0.0,256.0,480.0
CPV,Cabo Verde,IND,MUR,MUR+CL/LWAL/CDN+ERN/H:2/IND,TOTAL,104.0,14632323.0,4877436.0,0.0,45726.0,19509762.0,26597.0,0.0,440.0,320.0
CPV,Cabo Verde,RES,MUR,MUR+CL/LWAL/CDN+ERN/H:2/RES,URBAN,5359.0,194419736.0,34309363.0,19199.0,540055.0,228729104.0,250481.0,5496.0,101.0,360.0
CPV,Cabo Verde,RES,MUR,MUR+CL/LWAL/CDN+ERN/H:2/RES,RURAL,900.0,28028283.0,4946166.0,3189.0,90414.0,32974450.0,41935.0,916.0,100.0,310.0
CPV,Cabo Verde,COM,MUR,MUR+CL/LWAL/CDN+ERN/H:3/COM,TOTAL,5.0,2033098.0,508275.0,0.0,4236.0,2541373.0,2639.0,0.0,847.0,480.0
CPV,Cabo Verde,RES,MUR,MUR+CL/LWAL/CDN+ERN/H:3/RES,RURAL,4.0,1024893.0,180865.0,54.0,3306.0,1205757.0,1534.0,38.0,826.0,310.0
CPV,Cabo Verde,RES,MUR,MUR+CL/LWAL/CDN+ERN/H:3/RES,URBAN,66.0,16003113.0,2824078.0,1683.0,44453.0,18827188.0,20629.0,520.0,674.0,360.0
CPV,Cabo Verde,COM,ADO|ST|E,MUR+STDRE/LWAL/CDN+ERN/H:1/COM,TOTAL,237.0,21312552.0,5328136.0,0.0,30447.0,26640690.0,18947.0,0.0,128.0,700.0
CPV,Cabo Verde,IND,ADO|ST|E,MUR+STDRE/LWAL/CDN+ERN/H:1/IND,TOTAL,115.0,10670895.0,3556963.0,0.0,23713.0,14227866.0,13784.0,0.0,206.0,450.0
CPV,Cabo Verde,RES,ADO|ST|E,MUR+STDRE/LWAL/CDN+ERN/H:1/RES,URBAN,2945.0,91873247.0,16212924.0,10269.0,176679.0,108086173.0,81899.0,2945.0,60.0,520.0
CPV,Cabo Verde,COM,ADO|ST|E,MUR+STDRE/LWAL/CDN+ERN/H:2/COM,TOTAL,118.0,20607234.0,5151808.0,0.0,29439.0,25759040.0,18331.0,0.0,249.0,700.0
CPV,Cabo Verde,IND,ADO|ST|E,MUR+STDRE/LWAL/CDN+ERN/H:2/IND,TOTAL,33.0,6105664.0,2035223.0,0.0,13568.0,8140884.0,7892.0,0.0,411.0,450.0
CPV,Cabo Verde,RES,ADO|ST|E,MUR+STDRE/LWAL/CDN+ERN/H:2/RES,URBAN,2874.0,150444149.0,26548963.0,10311.0,289316.0,176993114.0,134186.0,2944.0,101.0,520.0
CPV,Cabo Verde,COM,ADO|ST|E,MUR+STDRE/LWAL/CDN+ERN/H:3/COM,TOTAL,2.0,1080598.0,270149.0,0.0,1544.0,1350747.0,962.0,0.0,772.0,700.0
CPV,Cabo Verde,RES,ADO|ST|E,MUR+STDRE/LWAL/CDN+ERN/H:3/RES,URBAN,37.0,11593051.0,2045832.0,799.0,22294.0,13638881.0,10346.0,260.0,603.0,520.0
CPV,Cabo Verde,COM,ADO|ST|E,MUR+STRUB/LWAL/CDN+ERN/H:1/COM,TOTAL,7.0,621522.0,155381.0,0.0,888.0,776904.0,553.0,0.0,127.0,700.0
CPV,Cabo Verde,IND,ADO|ST|E,MUR+STRUB/LWAL/CDN+ERN/H:1/IND,TOTAL,6.0,609330.0,203110.0,0.0,1354.0,812439.0,787.0,0.0,226.0,450.0
CPV,Cabo Verde,RES,ADO|ST|E,MUR+STRUB/LWAL/CDN+ERN/H:1/RES,RURAL,115.0,2910138.0,513552.0,398.0,6929.0,3423691.0,3212.0,115.0,60.0,420.0
CPV,Cabo Verde,COM,ADO|ST|E,MUR+STRUB/LWAL/CDN+ERN/H:2/COM,TOTAL,2.0,242322.0,60580.0,0.0,346.0,302904.0,216.0,0.0,173.0,700.0
CPV,Cabo Verde,RES,ADO|ST|E,MUR+STRUB/LWAL/CDN+ERN/H:2/RES,RURAL,110.0,4649832.0,820558.0,385.0,11071.0,5470393.0,5135.0,110.0,101.0,420.0
CPV,Cabo Verde,IND,S,S+SL/LFM/CDL+ERL/H:1/IND,TOTAL,205.0,21219031.0,9093873.0,0.0,41606.0,30312899.0,14200.0,0.0,203.0,510.0
CPV,Cabo Verde,IND,S,S+SL/LFM/CDL+ERL/H:2/IND,TOTAL,55.0,11645868.0,4991084.0,0.0,22835.0,16636953.0,7798.0,0.0,415.0,510.0
CPV,Cabo Verde,IND,S,S/LFM/CDL+ERL/H:1/IND,TOTAL,292.0,32505970.0,13931131.0,0.0,63737.0,46437102.0,21753.0,0.0,218.0,510.0
CPV,Cabo Verde,IND,S,S/LFM/CDL+ERL/H:2/IND,TOTAL,81.0,20275674.0,8689574.0,0.0,39756.0,28965242.0,13577.0,0.0,491.0,510.0
CPV,Cabo Verde,RES,W,W+WWD/LWAL/CDN+ERM/H:1/RES,URBAN,10848.0,247351897.0,61837975.0,37900.0,650926.0,309189874.0,68844.0,10848.0,60.0,380.0
CPV,Cabo Verde,RES,W,W+WWD/LWAL/CDN+ERM/H:1/RES,RURAL,12937.0,318264797.0,79566199.0,45192.0,776256.0,397830994.0,82100.0,12937.0,60.0,410.0
CPV,Cabo Verde,RES,W,W+WWD/LWAL/CDN+ERM/H:2/RES,RURAL,5408.0,223354610.0,55838650.0,19377.0,544767.0,279193259.0,57653.0,5545.0,101.0,410.0
CPV,Cabo Verde,RES,W,W+WWD/LWAL/CDN+ERM/H:2/RES,URBAN,4533.0,173586238.0,43396559.0,16237.0,456806.0,216982800.0,48344.0,4647.0,101.0,380.0
CPV,Cabo Verde,COM,W,W/LWAL/CDL+ERM/H:1/COM,TOTAL,68.0,4883234.0,1627742.0,0.0,8139.0,6510976.0,1554.0,0.0,120.0,600.0
CPV,Cabo Verde,RES,W,W/LWAL/CDL+ERM/H:1/RES,RURAL,389.0,9572629.0,2393155.0,1358.0,23348.0,11965784.0,2469.0,389.0,60.0,410.0
CPV,Cabo Verde,RES,W,W/LWAL/CDL+ERM/H:1/RES,URBAN,410.0,9423015.0,2355753.0,1446.0,24797.0,11778769.0,2623.0,410.0,60.0,380.0
CPV,Cabo Verde,COM,W,W/LWAL/CDL+ERM/H:2/COM,TOTAL,24.0,3309679.0,1103226.0,0.0,5516.0,4412897.0,1054.0,0.0,230.0,600.0
CPV,Cabo Verde,RES,W,W/LWAL/CDL+ERM/H:2/RES,RURAL,376.0,15441170.0,3860292.0,1321.0,37661.0,19301459.0,3986.0,380.0,100.0,410.0
CPV,Cabo Verde,RES,W,W/LWAL/CDL+ERM/H:2/RES,URBAN,398.0,15201329.0,3800329.0,1387.0,40003.0,19001658.0,4234.0,403.0,101.0,380.0
CPV,Cabo Verde,COM,W,W/LWAL/CDL+ERM/H:3/COM,TOTAL,5.0,1295002.0,431667.0,0.0,2158.0,1726671.0,412.0,0.0,432.0,600.0
CPV,Cabo Verde,RES,W,W/LWAL/CDL+ERM/H:3/RES,RURAL,147.0,8299235.0,2074809.0,538.0,20242.0,10374047.0,2144.0,166.0,138.0,410.0
CPV,Cabo Verde,RES,W,W/LWAL/CDL+ERM/H:3/RES,URBAN,158.0,8284819.0,2071204.0,577.0,21802.0,10356024.0,2309.0,182.0,138.0,380.0
CMR,Cameroon,COM,CR-,CR/LFINF/CDL+ERL/H:1/COM,TOTAL,3572.0,143862691.0,25387530.0,0.0,464073.0,169250220.0,229912.0,0.0,130.0,310.0
CMR,Cameroon,IND,CR-,CR/LFINF/CDL+ERL/H:1/IND,TOTAL,6676.0,469966892.0,156655631.0,0.0,1468647.0,626622522.0,723083.0,0.0,220.0,320.0
CMR,Cameroon,RES,CR-,CR/LFINF/CDL+ERL/H:1/RES,URBAN,57207.0,1064038235.0,187771454.0,276970.0,3432381.0,1251809690.0,1176568.0,57207.0,60.0,310.0
CMR,Cameroon,COM,CR-,CR/LFINF/CDL+ERL/H:2/COM,TOTAL,6248.0,503515899.0,88855748.0,0.0,1624245.0,592371644.0,805317.0,0.0,260.0,310.0
CMR,Cameroon,IND,CR-,CR/LFINF/CDL+ERL/H:2/IND,TOTAL,2224.0,341794204.0,113931405.0,0.0,1068107.0,455725609.0,526353.0,0.0,480.0,320.0
CMR,Cameroon,RES,CR-,CR/LFINF/CDL+ERL/H:2/RES,URBAN,195218.0,6098266232.0,1076164628.0,969390.0,19671827.0,7174430861.0,6748065.0,200225.0,101.0,310.0
CMR,Cameroon,COM,CR-,CR/LFINF/CDL+ERL/H:3/COM,TOTAL,4164.0,580983070.0,102526424.0,0.0,1874139.0,683509490.0,929943.0,0.0,450.0,310.0
CMR,Cameroon,RES,CR-,CR/LFINF/CDL+ERL/H:3/RES,URBAN,156008.0,7119815249.0,1256437985.0,969384.0,22967146.0,8376253233.0,7884141.0,200223.0,147.0,310.0
CMR,Cameroon,COM,CR-,CR/LFINF/CDL+ERL/H:4-7/COM,TOTAL,1071.0,398387633.0,70303699.0,0.0,1285121.0,468691332.0,639168.0,0.0,1200.0,310.0
CMR,Cameroon,RES,CR-,CR/LFINF/CDL+ERL/H:4-7/RES,URBAN,7152.0,2128075718.0,375542773.0,415451.0,6864760.0,2503618492.0,2361618.0,85810.0,960.0,310.0
CMR,Cameroon,COM,CR-,CR/LFINF/CDL+ERL/H:>7/COM,TOTAL,177.0,175309740.0,30937013.0,0.0,565515.0,206246754.0,281703.0,0.0,3195.0,310.0
CMR,Cameroon,RES,CR-,CR/LFINF/CDL+ERL/H:>7/RES,URBAN,1788.0,665023813.0,117357144.0,138486.0,2145238.0,782380955.0,739066.0,28604.0,1200.0,310.0
CMR,Cameroon,COM,CR-,CR/LWAL/CDL+ERL/H:1/COM,TOTAL,973.0,39211385.0,6919657.0,0.0,126488.0,46131042.0,68693.0,0.0,130.0,310.0
CMR,Cameroon,IND,CR-,CR/LWAL/CDL+ERL/H:1/IND,TOTAL,1848.0,129664924.0,43221641.0,0.0,405203.0,172886567.0,211019.0,0.0,219.0,320.0
CMR,Cameroon,RES,CR-,CR/LWAL/CDL+ERL/H:1/RES,URBAN,15666.0,291384515.0,51420798.0,75777.0,939950.0,342805313.0,382677.0,15666.0,60.0,310.0
CMR,Cameroon,COM,CR-,CR/LWAL/CDL+ERL/H:2/COM,TOTAL,1697.0,137238705.0,24218596.0,0.0,442706.0,161457299.0,240617.0,0.0,261.0,310.0
CMR,Cameroon,IND,CR-,CR/LWAL/CDL+ERL/H:2/IND,TOTAL,619.0,94302967.0,31434326.0,0.0,294697.0,125737286.0,153609.0,0.0,476.0,320.0
CMR,Cameroon,RES,CR-,CR/LWAL/CDL+ERL/H:2/RES,URBAN,53458.0,1669995745.0,294705131.0,265224.0,5387083.0,1964700878.0,2194840.0,54831.0,101.0,310.0
CMR,Cameroon,COM,CR-,CR/LWAL/CDL+ERL/H:3/COM,TOTAL,1133.0,158352153.0,27944501.0,0.0,510813.0,186296648.0,277858.0,0.0,451.0,310.0
CMR,Cameroon,RES,CR-,CR/LWAL/CDL+ERL/H:3/RES,URBAN,42720.0,1949745539.0,344072743.0,265207.0,6289502.0,2293818284.0,2564407.0,54828.0,147.0,310.0
CMR,Cameroon,COM,CR-,CR/LWAL/CDL+ERL/H:4-7/COM,TOTAL,289.0,108033886.0,19064805.0,0.0,348496.0,127098690.0,190022.0,0.0,1206.0,310.0
CMR,Cameroon,RES,CR-,CR/LWAL/CDL+ERL/H:4-7/RES,URBAN,1957.0,582768667.0,102841531.0,113665.0,1879899.0,685610196.0,768189.0,23499.0,961.0,310.0
CMR,Cameroon,COM,CR-,CR/LWAL/CDL+ERL/H:>7/COM,TOTAL,45.0,45653903.0,8056572.0,0.0,147271.0,53710476.0,80430.0,0.0,3273.0,310.0
CMR,Cameroon,RES,CR-,CR/LWAL/CDL+ERL/H:>7/RES,URBAN,488.0,182115467.0,32138024.0,37884.0,587469.0,214253490.0,240414.0,7832.0,1204.0,310.0
CMR,Cameroon,RES,ADO|ST|E,E+ETO/LWAL/CDN+ERN/H:1/RES,URBAN,156801.0,1223043109.0,215831137.0,758288.0,9408024.0,1438874244.0,840569.0,156801.0,60.0,130.0
CMR,Cameroon,RES,ADO|ST|E,E+ETO/LWAL/CDN+ERN/H:1/RES,RURAL,179813.0,863106748.0,152312955.0,867852.0,10788834.0,1015419704.0,963939.0,179813.0,60.0,80.0
CMR,Cameroon,RES,OT,INF/LN/CDN+ERN/H:1/EWV/RES,RURAL,179813.0,863106748.0,152312955.0,867852.0,10788834.0,1015419704.0,144044.0,179813.0,60.0,80.0
CMR,Cameroon,RES,OT,INF/LN/CDN+ERN/H:1/EWV/RES,URBAN,156801.0,1034882631.0,182626347.0,758288.0,9408024.0,1217508976.0,125609.0,156801.0,60.0,110.0
CMR,Cameroon,RES,OT,MATO/LN/CDN+ERN/H:1/RES,URBAN,66613.0,439642698.0,77584004.0,323288.0,3996752.0,517226701.0,1836346.0,66613.0,60.0,110.0
CMR,Cameroon,RES,OT,MATO/LN/CDN+ERN/H:1/RES,RURAL,61900.0,297121255.0,52433164.0,300299.0,3714016.0,349554419.0,1706440.0,61900.0,60.0,80.0
CMR,Cameroon,COM,MR|MCF,MCF+CB/LWAL/CDL+ERL/H:1/COM,TOTAL,13138.0,529347114.0,132336777.0,0.0,1707571.0,661683891.0,951178.0,0.0,130.0,310.0
CMR,Cameroon,IND,MR|MCF,MCF+CB/LWAL/CDL+ERL/H:1/IND,TOTAL,5529.0,388992713.0,129664238.0,0.0,1215602.0,518656950.0,679428.0,0.0,220.0,320.0
CMR,Cameroon,RES,MR|MCF,MCF+CB/LWAL/CDL+ERL/H:1/RES,URBAN,211489.0,3933687897.0,694180217.0,1022993.0,12689316.0,4627868115.0,4989694.0,211489.0,60.0,310.0
CMR,Cameroon,COM,MR|MCF,MCF+CB/LWAL/CDL+ERL/H:2/COM,TOTAL,6568.0,529350270.0,132337565.0,0.0,1707582.0,661687837.0,951915.0,0.0,260.0,310.0
CMR,Cameroon,IND,MR|MCF,MCF+CB/LWAL/CDL+ERL/H:2/IND,TOTAL,1848.0,282904203.0,94301398.0,0.0,884076.0,377205604.0,494562.0,0.0,478.0,320.0
CMR,Cameroon,RES,MR|MCF,MCF+CB/LWAL/CDL+ERL/H:2/RES,URBAN,206202.0,6441414278.0,1136720167.0,1022983.0,20778756.0,7578134446.0,8176279.0,211487.0,101.0,310.0
CMR,Cameroon,COM,MR|MCF,MCF+CB/LWAL/CDL+ERL/H:3-6/COM,TOTAL,584.0,162463706.0,40615924.0,0.0,524076.0,203079631.0,292603.0,0.0,897.0,310.0
CMR,Cameroon,RES,MR|MCF,MCF+CB/LWAL/CDL+ERL/H:3-6/RES,URBAN,5875.0,1238383780.0,218538313.0,227340.0,3994786.0,1456922092.0,1574092.0,46999.0,680.0,310.0
CMR,Cameroon,COM,MR|MCF,MCF+CL/LWAL/CDL+ERL/H:1/COM,TOTAL,7324.0,295078021.0,73769507.0,0.0,951865.0,368847526.0,471575.0,0.0,130.0,310.0
CMR,Cameroon,IND,MR|MCF,MCF+CL/LWAL/CDL+ERL/H:1/IND,TOTAL,2876.0,202435803.0,67478605.0,0.0,632612.0,269914413.0,311464.0,0.0,220.0,320.0
CMR,Cameroon,RES,MR|MCF,MCF+CL/LWAL/CDL+ERL/H:1/RES,URBAN,114851.0,2136204771.0,376977313.0,558389.0,6890983.0,2513182084.0,2362124.0,114851.0,60.0,310.0
CMR,Cameroon,COM,MR|MCF,MCF+CL/LWAL/CDL+ERL/H:2/COM,TOTAL,3659.0,295077747.0,73769436.0,0.0,951864.0,368847182.0,471944.0,0.0,260.0,310.0
CMR,Cameroon,IND,MR|MCF,MCF+CL/LWAL/CDL+ERL/H:2/IND,TOTAL,959.0,147226228.0,49075411.0,0.0,460082.0,196301640.0,226724.0,0.0,480.0,320.0
CMR,Cameroon,RES,MR|MCF,MCF+CL/LWAL/CDL+ERL/H:2/RES,URBAN,111977.0,3498034893.0,617300274.0,558379.0,11283984.0,4115335170.0,3870767.0,114849.0,101.0,310.0
CMR,Cameroon,COM,MR|MCF,MCF+CL/LWAL/CDL+ERL/H:3-6/COM,TOTAL,323.0,90225294.0,22556322.0,0.0,291049.0,112781618.0,144531.0,0.0,901.0,310.0
CMR,Cameroon,RES,MR|MCF,MCF+CL/LWAL/CDL+ERL/H:3-6/RES,URBAN,3192.0,672509191.0,118678092.0,124086.0,2169384.0,791187285.0,745240.0,25523.0,680.0,310.0
CMR,Cameroon,RES,OT,ME+MEO/LWAL/CDN+ERM/H:1/RES,RURAL,23710.0,113811617.0,20084403.0,114899.0,1422645.0,133896022.0,55511.0,23710.0,60.0,80.0
CMR,Cameroon,RES,OT,ME+MEO/LWAL/CDN+ERM/H:1/RES,URBAN,13365.0,88215733.0,15567482.0,64655.0,801961.0,103783216.0,31292.0,13365.0,60.0,110.0
CMR,Cameroon,COM,ADO|ST|E,MUR+ADO/LWAL/CDN+ERN/H:1/COM,TOTAL,53263.0,1038569947.0,346189984.0,0.0,6923800.0,1384759925.0,587559.0,0.0,130.0,150.0
CMR,Cameroon,RES,ADO|ST|E,MUR+ADO/LWAL/CDN+ERN/H:1/RES,RURAL,251153.0,1205535880.0,212741626.0,1217057.0,15069199.0,1418277508.0,925583.0,251153.0,60.0,80.0
CMR,Cameroon,RES,ADO|ST|E,MUR+ADO/LWAL/CDN+ERN/H:1/RES,URBAN,111720.0,871418417.0,153779720.0,540277.0,6703219.0,1025198138.0,411726.0,111720.0,60.0,130.0
CMR,Cameroon,COM,ADO|ST|E,MUR+ADO/LWAL/CDN+ERN/H:2/COM,TOTAL,26630.0,1038570431.0,346190144.0,0.0,6923803.0,1384760572.0,589264.0,0.0,260.0,150.0
CMR,Cameroon,RES,ADO|ST|E,MUR+ADO/LWAL/CDN+ERN/H:2/RES,RURAL,244876.0,1974064801.0,348364377.0,1217063.0,24675810.0,2322429177.0,1519646.0,251155.0,101.0,80.0
CMR,Cameroon,RES,ADO|ST|E,MUR+ADO/LWAL/CDN+ERN/H:2/RES,URBAN,108930.0,1426947073.0,251814189.0,540282.0,10976516.0,1678761261.0,675983.0,111721.0,101.0,130.0
CMR,Cameroon,COM,ADO|ST|E,MUR+ADO/LWAL/CDN+ERN/H:3/COM,TOTAL,1118.0,151153725.0,50384575.0,0.0,1007692.0,201538302.0,86010.0,0.0,901.0,150.0
CMR,Cameroon,RES,ADO|ST|E,MUR+ADO/LWAL/CDN+ERN/H:3/RES,RURAL,3303.0,179772791.0,31724608.0,128115.0,2247160.0,211497401.0,138755.0,26438.0,680.0,80.0
CMR,Cameroon,RES,ADO|ST|E,MUR+ADO/LWAL/CDN+ERN/H:3/RES,URBAN,1471.0,129948010.0,22932001.0,56877.0,999600.0,152880011.0,61722.0,11761.0,680.0,130.0
CMR,Cameroon,COM,MUR,MUR+CB/LWAL/CDN+ERN/H:1/COM,TOTAL,20530.0,907533374.0,226883348.0,0.0,2669216.0,1134416721.0,2249907.0,0.0,130.0,340.0
CMR,Cameroon,IND,MUR,MUR+CB/LWAL/CDN+ERN/H:1/IND,TOTAL,11445.0,729903399.0,243301139.0,0.0,2516908.0,973204535.0,2024598.0,0.0,220.0,290.0
CMR,Cameroon,RES,MUR,MUR+CB/LWAL/CDN+ERN/H:1/RES,RURAL,110692.0,1062655332.0,187527412.0,535099.0,6641596.0,1250182745.0,4307811.0,110692.0,60.0,160.0
CMR,Cameroon,RES,MUR,MUR+CB/LWAL/CDN+ERN/H:1/RES,URBAN,223240.0,2678855734.0,472739246.0,1079832.0,13394279.0,3151594980.0,8687675.0,223240.0,60.0,200.0
CMR,Cameroon,COM,MUR,MUR+CB/LWAL/CDN+ERN/H:2/COM,TOTAL,10268.0,907531587.0,226882897.0,0.0,2669211.0,1134414487.0,2251107.0,0.0,260.0,340.0
CMR,Cameroon,IND,MUR,MUR+CB/LWAL/CDN+ERN/H:2/IND,TOTAL,3817.0,530838462.0,176946150.0,0.0,1830477.0,707784609.0,1473271.0,0.0,480.0,290.0
CMR,Cameroon,RES,MUR,MUR+CB/LWAL/CDN+ERN/H:2/RES,URBAN,217656.0,4386626148.0,774110498.0,1079821.0,21933131.0,5160736643.0,14233062.0,223237.0,101.0,200.0
CMR,Cameroon,RES,MUR,MUR+CB/LWAL/CDN+ERN/H:2/RES,RURAL,107927.0,1740097556.0,307076041.0,535111.0,10875610.0,2047173597.0,7057507.0,110695.0,101.0,160.0
CMR,Cameroon,COM,MUR,MUR+CB/LWAL/CDN+ERN/H:3/COM,TOTAL,426.0,130594215.0,32648550.0,0.0,384101.0,163242764.0,324109.0,0.0,902.0,340.0
CMR,Cameroon,RES,MUR,MUR+CB/LWAL/CDN+ERN/H:3/RES,RURAL,1458.0,158465930.0,27964575.0,56338.0,990412.0,186430505.0,643024.0,11654.0,679.0,160.0
CMR,Cameroon,RES,MUR,MUR+CB/LWAL/CDN+ERN/H:3/RES,URBAN,2937.0,399478759.0,70496253.0,113660.0,1997394.0,469975013.0,1296805.0,23498.0,680.0,200.0
CMR,Cameroon,COM,MUR,MUR+CL/LWAL/CDN+ERN/H:1/COM,TOTAL,17051.0,753475409.0,188368850.0,0.0,2216104.0,941844252.0,1379672.0,0.0,130.0,340.0
CMR,Cameroon,IND,MUR,MUR+CL/LWAL/CDN+ERN/H:1/IND,TOTAL,10245.0,653557018.0,217852339.0,0.0,2253645.0,871409362.0,1298576.0,0.0,220.0,290.0
CMR,Cameroon,RES,MUR,MUR+CL/LWAL/CDN+ERN/H:1/RES,RURAL,105461.0,1012409802.0,178660554.0,513186.0,6327561.0,1191070356.0,2907259.0,105461.0,60.0,160.0
CMR,Cameroon,RES,MUR,MUR+CL/LWAL/CDN+ERN/H:1/RES,URBAN,169721.0,2036667512.0,359411914.0,825158.0,10183338.0,2396079425.0,4678833.0,169721.0,60.0,200.0
CMR,Cameroon,COM,MUR,MUR+CL/LWAL/CDN+ERN/H:2/COM,TOTAL,8522.0,753477256.0,188369312.0,0.0,2216110.0,941846567.0,1380456.0,0.0,260.0,340.0
CMR,Cameroon,IND,MUR,MUR+CL/LWAL/CDN+ERN/H:2/IND,TOTAL,3414.0,475313532.0,158437844.0,0.0,1639012.0,633751383.0,944991.0,0.0,480.0,290.0
CMR,Cameroon,RES,MUR,MUR+CL/LWAL/CDN+ERN/H:2/RES,RURAL,102822.0,1657820927.0,292556634.0,513175.0,10361381.0,1950377561.0,4763181.0,105459.0,101.0,160.0
CMR,Cameroon,RES,MUR,MUR+CL/LWAL/CDN+ERN/H:2/RES,URBAN,165481.0,3335043953.0,588537170.0,825159.0,16675220.0,3923581122.0,7665685.0,169721.0,101.0,200.0
CMR,Cameroon,COM,MUR,MUR+CL/LWAL/CDN+ERN/H:3/COM,TOTAL,357.0,108892062.0,27223013.0,0.0,320271.0,136115079.0,199616.0,0.0,897.0,340.0
CMR,Cameroon,RES,MUR,MUR+CL/LWAL/CDN+ERN/H:3/RES,URBAN,2232.0,303713942.0,53596579.0,86869.0,1518570.0,357310524.0,698467.0,17868.0,680.0,200.0
CMR,Cameroon,RES,MUR,MUR+CL/LWAL/CDN+ERN/H:3/RES,RURAL,1385.0,150973863.0,26642446.0,54016.0,943587.0,177616314.0,434003.0,11100.0,681.0,160.0
CMR,Cameroon,COM,ADO|ST|E,MUR+STDRE/LWAL/CDN+ERN/H:1/COM,TOTAL,8147.0,402366017.0,134122007.0,0.0,1058858.0,536488021.0,321940.0,0.0,130.0,380.0
CMR,Cameroon,IND,ADO|ST|E,MUR+STDRE/LWAL/CDN+ERN/H:1/IND,TOTAL,3380.0,230590001.0,124163849.0,0.0,743839.0,354753851.0,219778.0,0.0,220.0,310.0
CMR,Cameroon,RES,ADO|ST|E,MUR+STDRE/LWAL/CDN+ERN/H:1/RES,URBAN,163720.0,3143429479.0,554722849.0,795865.0,9823217.0,3698152326.0,2335586.0,163720.0,60.0,320.0
CMR,Cameroon,COM,ADO|ST|E,MUR+STDRE/LWAL/CDN+ERN/H:2/COM,TOTAL,4073.0,402364835.0,134121612.0,0.0,1058855.0,536486445.0,322380.0,0.0,260.0,380.0
CMR,Cameroon,IND,ADO|ST|E,MUR+STDRE/LWAL/CDN+ERN/H:2/IND,TOTAL,1128.0,167700896.0,90300482.0,0.0,540971.0,258001378.0,160063.0,0.0,480.0,310.0
CMR,Cameroon,RES,ADO|ST|E,MUR+STDRE/LWAL/CDN+ERN/H:2/RES,URBAN,159627.0,5147366011.0,908358709.0,795871.0,16085519.0,6055724720.0,3828932.0,163721.0,101.0,320.0
CMR,Cameroon,COM,ADO|ST|E,MUR+STDRE/LWAL/CDN+ERN/H:3/COM,TOTAL,170.0,58208153.0,19402719.0,0.0,153179.0,77610871.0,46701.0,0.0,901.0,380.0
CMR,Cameroon,RES,ADO|ST|E,MUR+STDRE/LWAL/CDN+ERN/H:3/RES,URBAN,2154.0,468757299.0,82721876.0,83768.0,1464867.0,551479173.0,349093.0,17232.0,680.0,320.0
CMR,Cameroon,COM,ADO|ST|E,MUR+STRUB/LWAL/CDN+ERN/H:1/COM,TOTAL,8712.0,430503564.0,143501189.0,0.0,1132904.0,574004751.0,344453.0,0.0,130.0,380.0
CMR,Cameroon,IND,ADO|ST|E,MUR+STRUB/LWAL/CDN+ERN/H:1/IND,TOTAL,7757.0,529124074.0,284912964.0,0.0,1706852.0,814037032.0,504314.0,0.0,220.0,310.0
CMR,Cameroon,RES,ADO|ST|E,MUR+STRUB/LWAL/CDN+ERN/H:1/RES,RURAL,136332.0,1472394792.0,259834376.0,663335.0,8179971.0,1732229168.0,1944885.0,136332.0,60.0,180.0
CMR,Cameroon,COM,ADO|ST|E,MUR+STRUB/LWAL/CDN+ERN/H:2/COM,TOTAL,4355.0,430503602.0,143501202.0,0.0,1132904.0,574004801.0,344926.0,0.0,260.0,380.0
CMR,Cameroon,IND,ADO|ST|E,MUR+STRUB/LWAL/CDN+ERN/H:2/IND,TOTAL,2589.0,384816261.0,207208752.0,0.0,1241343.0,592025014.0,367291.0,0.0,479.0,310.0
CMR,Cameroon,RES,ADO|ST|E,MUR+STRUB/LWAL/CDN+ERN/H:2/RES,RURAL,132925.0,2411046332.0,425478765.0,663341.0,13394702.0,2836525097.0,3188421.0,136333.0,101.0,180.0
CMR,Cameroon,COM,ADO|ST|E,MUR+STRUB/LWAL/CDN+ERN/H:3/COM,TOTAL,183.0,62446210.0,20815403.0,0.0,164332.0,83261612.0,50101.0,0.0,898.0,380.0
CMR,Cameroon,RES,ADO|ST|E,MUR+STRUB/LWAL/CDN+ERN/H:3/RES,RURAL,1794.0,219567898.0,38747278.0,69815.0,1219822.0,258315173.0,290696.0,14349.0,680.0,180.0
CMR,Cameroon,IND,S,S+SL/LFM/CDL+ERL/H:1/IND,TOTAL,7983.0,562098698.0,187366236.0,0.0,1756558.0,749464928.0,599487.0,0.0,220.0,320.0
CMR,Cameroon,IND,S,S+SL/LFM/CDL+ERL/H:2/IND,TOTAL,2661.0,408796760.0,136265586.0,0.0,1277490.0,545062339.0,436275.0,0.0,480.0,320.0
CMR,Cameroon,IND,S,S/LFM/CDL+ERL/H:1/IND,TOTAL,9586.0,674910069.0,224970025.0,0.0,2109094.0,899880090.0,719802.0,0.0,220.0,320.0
CMR,Cameroon,IND,S,S/LFM/CDL+ERL/H:2/IND,TOTAL,3195.0,490845557.0,163615185.0,0.0,1533892.0,654460745.0,523838.0,0.0,480.0,320.0
CMR,Cameroon,RES,W,W+WWD/LWAL/CDN+ERM/H:1/RES,RURAL,188805.0,1585958806.0,396489702.0,911251.0,11328277.0,1982448510.0,151247.0,188805.0,60.0,140.0
CMR,Cameroon,RES,W,W+WWD/LWAL/CDN+ERM/H:1/RES,URBAN,164640.0,1876900654.0,469225164.0,796200.0,9878424.0,2346125817.0,131889.0,164640.0,60.0,190.0
CMR,Cameroon,RES,W,W+WWD/LWAL/CDN+ERM/H:2/RES,URBAN,68795.0,1317182390.0,329295599.0,341226.0,6932539.0,1646477990.0,92614.0,70559.0,101.0,190.0
CMR,Cameroon,RES,W,W+WWD/LWAL/CDN+ERM/H:2/RES,RURAL,78893.0,1113003158.0,278250789.0,390530.0,7950023.0,1391253946.0,106206.0,80915.0,101.0,140.0
CMR,Cameroon,COM,W,W/LWAL/CDL+ERM/H:1/COM,TOTAL,16276.0,423144906.0,141048302.0,0.0,2115725.0,564193215.0,403884.0,0.0,130.0,200.0
CMR,Cameroon,RES,W,W/LWAL/CDL+ERM/H:1/RES,RURAL,118319.0,993893276.0,248473319.0,571040.0,7099238.0,1242366595.0,750840.0,118319.0,60.0,140.0
CMR,Cameroon,RES,W,W/LWAL/CDL+ERM/H:1/RES,URBAN,160097.0,1825118561.0,456279640.0,770565.0,9605887.0,2281398203.0,1015952.0,160097.0,60.0,190.0
CMR,Cameroon,COM,W,W/LWAL/CDL+ERM/H:2/COM,TOTAL,8134.0,423145498.0,141048501.0,0.0,2115727.0,564194004.0,404076.0,0.0,260.0,200.0
CMR,Cameroon,RES,W,W/LWAL/CDL+ERM/H:2/RES,RURAL,115361.0,1627500595.0,406875148.0,571039.0,11625004.0,2034375742.0,1230269.0,118319.0,101.0,140.0
CMR,Cameroon,RES,W,W/LWAL/CDL+ERM/H:2/RES,URBAN,156095.0,2988631574.0,747157893.0,770566.0,15729640.0,3735789466.0,1664660.0,160097.0,101.0,190.0
CMR,Cameroon,COM,W,W/LWAL/CDL+ERM/H:3/COM,TOTAL,2714.0,244122241.0,81374079.0,0.0,1220611.0,325496321.0,233230.0,0.0,450.0,200.0
CMR,Cameroon,RES,W,W/LWAL/CDL+ERM/H:3/RES,RURAL,46098.0,950065213.0,237516302.0,285524.0,6786180.0,1187581515.0,718627.0,59161.0,147.0,140.0
CMR,Cameroon,RES,W,W/LWAL/CDL+ERM/H:3/RES,URBAN,62371.0,1744635964.0,436158991.0,385275.0,9182295.0,2180794956.0,972365.0,80047.0,147.0,190.0
CAF,Central African Republic,COM,CR-,CR/LFINF/CDL+ERL/H:1/COM,TOTAL,50.0,2991948.0,527991.0,0.0,5984.0,3519935.0,2965.0,0.0,120.0,500.0
CAF,Central African Republic,IND,CR-,CR/LFINF/CDL+ERL/H:1/IND,TOTAL,102.0,10014222.0,3338075.0,0.0,21770.0,13352299.0,10719.0,0.0,213.0,460.0
CAF,Central African Republic,RES,CR-,CR/LFINF/CDL+ERL/H:1/RES,URBAN,1515.0,28141705.0,4966183.0,7316.0,90780.0,33107887.0,31118.0,1515.0,60.0,310.0
CAF,Central African Republic,COM,CR-,CR/LFINF/CDL+ERL/H:2/COM,TOTAL,89.0,11318596.0,1997400.0,0.0,22637.0,13315997.0,11224.0,0.0,254.0,500.0
CAF,Central African Republic,IND,CR-,CR/LFINF/CDL+ERL/H:2/IND,TOTAL,33.0,6075503.0,2025168.0,0.0,13208.0,8100670.0,6509.0,0.0,400.0,460.0
CAF,Central African Republic,RES,CR-,CR/LFINF/CDL+ERL/H:2/RES,URBAN,5163.0,161287545.0,28462502.0,25567.0,520282.0,189750053.0,178474.0,5294.0,101.0,310.0
CAF,Central African Republic,COM,CR-,CR/LFINF/CDL+ERL/H:3/COM,TOTAL,48.0,11156996.0,1968880.0,0.0,22314.0,13125877.0,11072.0,0.0,465.0,500.0
CAF,Central African Republic,RES,CR-,CR/LFINF/CDL+ERL/H:3/RES,URBAN,4124.0,188305499.0,33230381.0,25572.0,607437.0,221535877.0,208521.0,5296.0,147.0,310.0
CAF,Central African Republic,COM,CR-,CR/LFINF/CDL+ERL/H:4-7/COM,TOTAL,14.0,6817985.0,1203174.0,0.0,13636.0,8021160.0,6782.0,0.0,974.0,500.0
CAF,Central African Republic,RES,CR-,CR/LFINF/CDL+ERL/H:4-7/RES,URBAN,189.0,56284944.0,9932638.0,10955.0,181564.0,66217582.0,62462.0,2269.0,961.0,310.0
CAF,Central African Republic,RES,CR-,CR/LFINF/CDL+ERL/H:>7/RES,URBAN,47.0,17358277.0,3063225.0,3611.0,55994.0,20421500.0,19291.0,748.0,1191.0,310.0
CAF,Central African Republic,COM,CR-,CR/LWAL/CDL+ERL/H:1/COM,TOTAL,14.0,677129.0,119494.0,0.0,1354.0,796623.0,735.0,0.0,97.0,500.0
CAF,Central African Republic,IND,CR-,CR/LWAL/CDL+ERL/H:1/IND,TOTAL,27.0,2097908.0,699304.0,0.0,4561.0,2797208.0,2375.0,0.0,169.0,460.0
CAF,Central African Republic,RES,CR-,CR/LWAL/CDL+ERL/H:1/RES,URBAN,505.0,9380399.0,1655365.0,2439.0,30259.0,11035761.0,12319.0,505.0,60.0,310.0
CAF,Central African Republic,COM,CR-,CR/LWAL/CDL+ERL/H:2/COM,TOTAL,26.0,2660909.0,469573.0,0.0,5322.0,3130482.0,2893.0,0.0,205.0,500.0
CAF,Central African Republic,RES,CR-,CR/LWAL/CDL+ERL/H:2/RES,URBAN,1719.0,53717103.0,9479488.0,8504.0,173281.0,63196587.0,70599.0,1761.0,101.0,310.0
CAF,Central African Republic,COM,CR-,CR/LWAL/CDL+ERL/H:3/COM,TOTAL,14.0,2947373.0,520125.0,0.0,5895.0,3467498.0,3206.0,0.0,421.0,500.0
CAF,Central African Republic,RES,CR-,CR/LWAL/CDL+ERL/H:3/RES,URBAN,1370.0,62480097.0,11025900.0,8446.0,201549.0,73505997.0,82177.0,1749.0,147.0,310.0
CAF,Central African Republic,COM,CR-,CR/LWAL/CDL+ERL/H:4-7/COM,TOTAL,1.0,379319.0,66939.0,0.0,759.0,446257.0,414.0,0.0,759.0,500.0
CAF,Central African Republic,RES,CR-,CR/LWAL/CDL+ERL/H:4-7/RES,URBAN,64.0,18761863.0,3310918.0,3660.0,60522.0,22072777.0,24731.0,758.0,946.0,310.0
CAF,Central African Republic,RES,CR-,CR/LWAL/CDL+ERL/H:>7/RES,URBAN,13.0,5009934.0,884107.0,1047.0,16161.0,5894040.0,6614.0,217.0,1243.0,310.0
CAF,Central African Republic,RES,ADO|ST|E,E+ETO/LWAL/CDN+ERN/H:1/RES,URBAN,37713.0,248926312.0,43928172.0,182111.0,2262966.0,292854486.0,202187.0,37713.0,60.0,110.0
CAF,Central African Republic,RES,ADO|ST|E,E+ETO/LWAL/CDN+ERN/H:1/RES,RURAL,70339.0,295421058.0,52133129.0,339653.0,4220301.0,347554187.0,377067.0,70339.0,60.0,70.0
CAF,Central African Republic,RES,OT,INF/LN/CDN+ERN/H:1/EWV/RES,RURAL,7034.0,16881312.0,2979055.0,33969.0,422033.0,19860367.0,5635.0,7034.0,60.0,40.0
CAF,Central African Republic,RES,OT,MATO/LN/CDN+ERN/H:1/RES,RURAL,14069.0,33762399.0,5958070.0,67936.0,844060.0,39720470.0,387812.0,14069.0,60.0,40.0
CAF,Central African Republic,RES,OT,MATO/LN/CDN+ERN/H:1/RES,URBAN,4386.0,21051072.0,3714895.0,21182.0,263138.0,24765971.0,120902.0,4386.0,60.0,80.0
CAF,Central African Republic,COM,MR|MCF,MCF+CB/LWAL/CDL+ERL/H:1/COM,TOTAL,73.0,4665331.0,1166332.0,0.0,9331.0,5831663.0,5198.0,0.0,128.0,500.0
CAF,Central African Republic,IND,MR|MCF,MCF+CB/LWAL/CDL+ERL/H:1/IND,TOTAL,27.0,2105165.0,701723.0,0.0,4576.0,2806884.0,2558.0,0.0,169.0,460.0
CAF,Central African Republic,RES,MR|MCF,MCF+CB/LWAL/CDL+ERL/H:1/RES,URBAN,2269.0,42213582.0,7449458.0,10955.0,136173.0,49663037.0,53546.0,2269.0,60.0,310.0
CAF,Central African Republic,COM,MR|MCF,MCF+CB/LWAL/CDL+ERL/H:2/COM,TOTAL,33.0,3713007.0,928250.0,0.0,7426.0,4641257.0,4140.0,0.0,225.0,500.0
CAF,Central African Republic,RES,MR|MCF,MCF+CB/LWAL/CDL+ERL/H:2/RES,URBAN,2210.0,69124061.0,12198364.0,10947.0,222981.0,81322423.0,87741.0,2267.0,101.0,310.0
CAF,Central African Republic,RES,MR|MCF,MCF+CB/LWAL/CDL+ERL/H:3-6/RES,URBAN,66.0,12773221.0,2254095.0,2334.0,41204.0,15027314.0,16236.0,482.0,624.0,310.0
CAF,Central African Republic,COM,MR|MCF,MCF+CL/LWAL/CDL+ERL/H:1/COM,TOTAL,73.0,4663431.0,1165855.0,0.0,9327.0,5829288.0,4621.0,0.0,128.0,500.0
CAF,Central African Republic,IND,MR|MCF,MCF+CL/LWAL/CDL+ERL/H:1/IND,TOTAL,41.0,4054201.0,1351401.0,0.0,8813.0,5405604.0,4339.0,0.0,215.0,460.0
CAF,Central African Republic,RES,MR|MCF,MCF+CL/LWAL/CDL+ERL/H:1/RES,URBAN,2269.0,42213582.0,7449457.0,10955.0,136173.0,49663037.0,46678.0,2269.0,60.0,310.0
CAF,Central African Republic,COM,MR|MCF,MCF+CL/LWAL/CDL+ERL/H:2/COM,TOTAL,33.0,3712300.0,928074.0,0.0,7425.0,4640376.0,3681.0,0.0,225.0,500.0
CAF,Central African Republic,IND,MR|MCF,MCF+CL/LWAL/CDL+ERL/H:2/IND,TOTAL,7.0,923847.0,307949.0,0.0,2008.0,1231796.0,990.0,0.0,287.0,460.0
CAF,Central African Republic,RES,MR|MCF,MCF+CL/LWAL/CDL+ERL/H:2/RES,URBAN,2210.0,69123238.0,12198219.0,10947.0,222978.0,81321455.0,76489.0,2267.0,101.0,310.0
CAF,Central African Republic,RES,MR|MCF,MCF+CL/LWAL/CDL+ERL/H:3-6/RES,URBAN,66.0,12773219.0,2254096.0,2334.0,41204.0,15027315.0,14155.0,482.0,624.0,310.0
CAF,Central African Republic,RES,OT,ME+MEO/LWAL/CDN+ERM/H:1/RES,RURAL,7034.0,16881313.0,2979055.0,33969.0,422033.0,19860370.0,16467.0,7034.0,60.0,40.0
CAF,Central African Republic,RES,OT,ME+MEO/LWAL/CDN+ERM/H:1/RES,URBAN,4386.0,21051075.0,3714896.0,21182.0,263138.0,24765970.0,10268.0,4386.0,60.0,80.0
CAF,Central African Republic,COM,ADO|ST|E,MUR+ADO/LWAL/CDN+ERN/H:1/COM,TOTAL,7482.0,136225085.0,45408363.0,0.0,973036.0,181633449.0,82573.0,0.0,130.0,140.0
CAF,Central African Republic,RES,ADO|ST|E,MUR+ADO/LWAL/CDN+ERN/H:1/RES,URBAN,54996.0,362969434.0,64053430.0,265563.0,3299722.0,427022867.0,202676.0,54996.0,60.0,110.0
CAF,Central African Republic,RES,ADO|ST|E,MUR+ADO/LWAL/CDN+ERN/H:1/RES,RURAL,108584.0,456056257.0,80480515.0,524332.0,6515089.0,536536771.0,400171.0,108584.0,60.0,70.0
CAF,Central African Republic,COM,ADO|ST|E,MUR+ADO/LWAL/CDN+ERN/H:2/COM,TOTAL,3741.0,136212517.0,45404175.0,0.0,972947.0,181616679.0,82805.0,0.0,260.0,140.0
CAF,Central African Republic,RES,ADO|ST|E,MUR+ADO/LWAL/CDN+ERN/H:2/RES,RURAL,105873.0,746792222.0,131786865.0,524337.0,10668460.0,878579085.0,657011.0,108585.0,101.0,70.0
CAF,Central African Republic,RES,ADO|ST|E,MUR+ADO/LWAL/CDN+ERN/H:2/RES,URBAN,53622.0,594362671.0,104887529.0,265560.0,5403297.0,699250194.0,332759.0,54995.0,101.0,110.0
CAF,Central African Republic,COM,ADO|ST|E,MUR+ADO/LWAL/CDN+ERN/H:3/COM,TOTAL,149.0,18390573.0,6130190.0,0.0,131361.0,24520762.0,11212.0,0.0,882.0,140.0
CAF,Central African Republic,RES,ADO|ST|E,MUR+ADO/LWAL/CDN+ERN/H:3/RES,RURAL,1430.0,68004621.0,12000818.0,55198.0,971495.0,80005438.0,59987.0,11431.0,679.0,70.0
CAF,Central African Republic,RES,ADO|ST|E,MUR+ADO/LWAL/CDN+ERN/H:3/RES,URBAN,723.0,54126686.0,9551767.0,27952.0,492061.0,63678454.0,30383.0,5789.0,681.0,110.0
CAF,Central African Republic,COM,MUR,MUR+CB/LWAL/CDN+ERN/H:1/COM,TOTAL,1480.0,57922610.0,14480655.0,0.0,193075.0,72403271.0,162745.0,0.0,130.0,300.0
CAF,Central African Republic,IND,MUR,MUR+CB/LWAL/CDN+ERN/H:1/IND,TOTAL,621.0,38190494.0,12730166.0,0.0,136395.0,50920658.0,109716.0,0.0,220.0,280.0
CAF,Central African Republic,RES,MUR,MUR+CB/LWAL/CDN+ERN/H:1/RES,RURAL,13362.0,112259839.0,19810559.0,64522.0,801856.0,132070397.0,520093.0,13362.0,60.0,140.0
CAF,Central African Republic,RES,MUR,MUR+CB/LWAL/CDN+ERN/H:1/RES,URBAN,38328.0,689941826.0,121754440.0,185078.0,2299806.0,811696265.0,1491679.0,38328.0,60.0,300.0
CAF,Central African Republic,COM,MUR,MUR+CB/LWAL/CDN+ERN/H:2/COM,TOTAL,739.0,57910836.0,14477715.0,0.0,193036.0,72388555.0,162799.0,0.0,261.0,300.0
CAF,Central African Republic,IND,MUR,MUR+CB/LWAL/CDN+ERN/H:2/IND,TOTAL,204.0,27034527.0,9011507.0,0.0,96552.0,36046037.0,77711.0,0.0,473.0,280.0
CAF,Central African Republic,RES,MUR,MUR+CB/LWAL/CDN+ERN/H:2/RES,URBAN,37373.0,1129779592.0,199372873.0,185092.0,3765932.0,1329152454.0,2443826.0,38331.0,101.0,300.0
CAF,Central African Republic,RES,MUR,MUR+CB/LWAL/CDN+ERN/H:2/RES,RURAL,13034.0,183825722.0,32439834.0,64535.0,1313041.0,216265554.0,852071.0,13365.0,101.0,140.0
CAF,Central African Republic,COM,MUR,MUR+CB/LWAL/CDN+ERN/H:3/COM,TOTAL,23.0,5484524.0,1371132.0,0.0,18282.0,6855657.0,15426.0,0.0,795.0,300.0
CAF,Central African Republic,RES,MUR,MUR+CB/LWAL/CDN+ERN/H:3/RES,URBAN,507.0,102886258.0,18156399.0,19478.0,342954.0,121042657.0,222663.0,4034.0,676.0,300.0
CAF,Central African Republic,RES,MUR,MUR+CB/LWAL/CDN+ERN/H:3/RES,RURAL,172.0,16725216.0,2951511.0,6793.0,119466.0,19676724.0,77563.0,1407.0,695.0,140.0
CAF,Central African Republic,COM,MUR,MUR+CL/LWAL/CDN+ERN/H:1/COM,TOTAL,1791.0,70005270.0,17501319.0,0.0,233351.0,87506587.0,145277.0,0.0,130.0,300.0
CAF,Central African Republic,IND,MUR,MUR+CL/LWAL/CDN+ERN/H:1/IND,TOTAL,1675.0,103084666.0,34361555.0,0.0,368160.0,137446214.0,212138.0,0.0,220.0,280.0
CAF,Central African Republic,RES,MUR,MUR+CL/LWAL/CDN+ERN/H:1/RES,RURAL,41761.0,350812056.0,61908009.0,201656.0,2505800.0,412720066.0,1151314.0,41761.0,60.0,140.0
CAF,Central African Republic,RES,MUR,MUR+CL/LWAL/CDN+ERN/H:1/RES,URBAN,23955.0,431213339.0,76096472.0,115674.0,1437378.0,507309808.0,660417.0,23955.0,60.0,300.0
CAF,Central African Republic,COM,MUR,MUR+CL/LWAL/CDN+ERN/H:2/COM,TOTAL,903.0,70060915.0,17515228.0,0.0,233536.0,87576138.0,145474.0,0.0,259.0,300.0
CAF,Central African Republic,IND,MUR,MUR+CL/LWAL/CDN+ERN/H:2/IND,TOTAL,552.0,74817608.0,24939210.0,0.0,267206.0,99756808.0,154061.0,0.0,484.0,280.0
CAF,Central African Republic,RES,MUR,MUR+CL/LWAL/CDN+ERN/H:2/RES,RURAL,40718.0,574454234.0,101374277.0,201664.0,4103245.0,675828506.0,1886283.0,41763.0,101.0,140.0
CAF,Central African Republic,RES,MUR,MUR+CL/LWAL/CDN+ERN/H:2/RES,URBAN,23358.0,706111302.0,124607877.0,115680.0,2353704.0,830719177.0,1082010.0,23956.0,101.0,300.0
CAF,Central African Republic,COM,MUR,MUR+CL/LWAL/CDN+ERN/H:3/COM,TOTAL,29.0,7283148.0,1820787.0,0.0,24277.0,9103934.0,15131.0,0.0,837.0,300.0
CAF,Central African Republic,RES,MUR,MUR+CL/LWAL/CDN+ERN/H:3/RES,URBAN,322.0,64287618.0,11344873.0,12169.0,214292.0,75632490.0,98564.0,2520.0,666.0,300.0
CAF,Central African Republic,RES,MUR,MUR+CL/LWAL/CDN+ERN/H:3/RES,RURAL,548.0,52279924.0,9225872.0,21202.0,373428.0,61505798.0,171759.0,4391.0,681.0,140.0
CAF,Central African Republic,COM,ADO|ST|E,MUR+STDRE/LWAL/CDN+ERN/H:1/COM,TOTAL,47.0,3186821.0,1062273.0,0.0,6249.0,4249097.0,1900.0,0.0,133.0,510.0
CAF,Central African Republic,IND,ADO|ST|E,MUR+STDRE/LWAL/CDN+ERN/H:1/IND,TOTAL,18.0,1407655.0,757967.0,0.0,2995.0,2165620.0,885.0,0.0,166.0,470.0
CAF,Central African Republic,RES,ADO|ST|E,MUR+STDRE/LWAL/CDN+ERN/H:1/RES,URBAN,2081.0,38747130.0,6837729.0,10048.0,124991.0,45584858.0,29718.0,2081.0,60.0,310.0
CAF,Central African Republic,COM,ADO|ST|E,MUR+STDRE/LWAL/CDN+ERN/H:2/COM,TOTAL,23.0,2496374.0,832124.0,0.0,4895.0,3328498.0,1490.0,0.0,213.0,510.0
CAF,Central African Republic,RES,ADO|ST|E,MUR+STDRE/LWAL/CDN+ERN/H:2/RES,URBAN,2031.0,63421125.0,11191967.0,10053.0,204584.0,74613089.0,48699.0,2082.0,101.0,310.0
CAF,Central African Republic,RES,ADO|ST|E,MUR+STDRE/LWAL/CDN+ERN/H:3/RES,URBAN,23.0,4699814.0,829380.0,853.0,15161.0,5529192.0,3613.0,177.0,659.0,310.0
CAF,Central African Republic,COM,ADO|ST|E,MUR+STRUB/LWAL/CDN+ERN/H:1/COM,TOTAL,75.0,4653466.0,1551155.0,0.0,9124.0,6204623.0,2774.0,0.0,122.0,510.0
CAF,Central African Republic,IND,ADO|ST|E,MUR+STRUB/LWAL/CDN+ERN/H:1/IND,TOTAL,40.0,4130536.0,2224135.0,0.0,8788.0,6354668.0,2597.0,0.0,220.0,470.0
CAF,Central African Republic,RES,ADO|ST|E,MUR+STRUB/LWAL/CDN+ERN/H:1/RES,RURAL,3340.0,36083587.0,6367693.0,16126.0,200464.0,42451278.0,47663.0,3340.0,60.0,180.0
CAF,Central African Republic,COM,ADO|ST|E,MUR+STRUB/LWAL/CDN+ERN/H:2/COM,TOTAL,31.0,4017132.0,1339045.0,0.0,7877.0,5356176.0,2398.0,0.0,254.0,510.0
CAF,Central African Republic,IND,ADO|ST|E,MUR+STRUB/LWAL/CDN+ERN/H:2/IND,TOTAL,6.0,985622.0,530719.0,0.0,2097.0,1516341.0,621.0,0.0,350.0,470.0
CAF,Central African Republic,RES,ADO|ST|E,MUR+STRUB/LWAL/CDN+ERN/H:2/RES,RURAL,3260.0,59085129.0,10426786.0,16125.0,328251.0,69511915.0,78136.0,3339.0,101.0,180.0
CAF,Central African Republic,RES,ADO|ST|E,MUR+STRUB/LWAL/CDN+ERN/H:3/RES,RURAL,43.0,4941847.0,872092.0,1541.0,27455.0,5813939.0,6543.0,318.0,638.0,180.0
CAF,Central African Republic,IND,S,S+SL/LFM/CDL+ERL/H:1/IND,TOTAL,499.0,49817911.0,16605969.0,0.0,108300.0,66423884.0,36961.0,0.0,217.0,460.0
CAF,Central African Republic,IND,S,S+SL/LFM/CDL+ERL/H:2/IND,TOTAL,167.0,34037086.0,11345697.0,0.0,73994.0,45382778.0,25270.0,0.0,443.0,460.0
CAF,Central African Republic,IND,S,S/LFM/CDL+ERL/H:1/IND,TOTAL,409.0,41144432.0,13714808.0,0.0,89444.0,54859246.0,30526.0,0.0,219.0,460.0
CAF,Central African Republic,IND,S,S/LFM/CDL+ERL/H:2/IND,TOTAL,136.0,27867822.0,9289269.0,0.0,60582.0,37157090.0,20690.0,0.0,445.0,460.0
CAF,Central African Republic,RES,W,W+WWD/LWAL/CDN+ERM/H:1/RES,RURAL,98473.0,590842203.0,147710550.0,475506.0,5908422.0,738552755.0,78885.0,98473.0,60.0,100.0
CAF,Central African Republic,RES,W,W+WWD/LWAL/CDN+ERM/H:1/RES,URBAN,52802.0,633630314.0,158407579.0,254968.0,3168152.0,792037895.0,42299.0,52802.0,60.0,200.0
CAF,Central African Republic,RES,W,W+WWD/LWAL/CDN+ERM/H:2/RES,RURAL,41151.0,414643889.0,103660973.0,203793.0,4146439.0,518304864.0,55393.0,42204.0,101.0,100.0
CAF,Central African Republic,RES,W,W+WWD/LWAL/CDN+ERM/H:2/RES,URBAN,22062.0,444670112.0,111167527.0,109259.0,2223351.0,555837640.0,29702.0,22626.0,101.0,200.0
CAF,Central African Republic,COM,W,W/LWAL/CDL+ERM/H:1/COM,TOTAL,1371.0,49853821.0,16617940.0,0.0,178049.0,66471761.0,33989.0,0.0,130.0,280.0
CAF,Central African Republic,RES,W,W/LWAL/CDL+ERM/H:1/RES,RURAL,45019.0,270099273.0,67524818.0,217387.0,2700993.0,337624091.0,285666.0,45019.0,60.0,100.0
CAF,Central African Republic,RES,W,W/LWAL/CDL+ERM/H:1/RES,URBAN,14034.0,168406817.0,42101704.0,67767.0,842034.0,210508520.0,89056.0,14034.0,60.0,200.0
CAF,Central African Republic,COM,W,W/LWAL/CDL+ERM/H:2/COM,TOTAL,680.0,49839633.0,16613213.0,0.0,177999.0,66452849.0,33996.0,0.0,262.0,280.0
CAF,Central African Republic,RES,W,W/LWAL/CDL+ERM/H:2/RES,RURAL,43888.0,442286768.0,110571691.0,217371.0,4422868.0,552858456.0,468070.0,45016.0,101.0,100.0
CAF,Central African Republic,RES,W,W/LWAL/CDL+ERM/H:2/RES,URBAN,13685.0,275764711.0,68941178.0,67793.0,1378824.0,344705889.0,145920.0,14039.0,101.0,200.0
CAF,Central African Republic,COM,W,W/LWAL/CDL+ERM/H:3/COM,TOTAL,217.0,27239639.0,9079879.0,0.0,97284.0,36319516.0,18589.0,0.0,448.0,280.0
CAF,Central African Republic,RES,W,W/LWAL/CDL+ERM/H:3/RES,RURAL,17535.0,258181660.0,64545410.0,108687.0,2581817.0,322727076.0,273403.0,22508.0,147.0,100.0
CAF,Central African Republic,RES,W,W/LWAL/CDL+ERM/H:3/RES,URBAN,5466.0,160972549.0,40243135.0,33889.0,804863.0,201215681.0,85232.0,7018.0,147.0,200.0
TCD,Chad,COM,CR-,CR/LFINF/CDL+ERL/H:1/COM,TOTAL,393.0,18309265.0,3231046.0,0.0,49485.0,21540315.0,24516.0,0.0,126.0,370.0
TCD,Chad,IND,CR-,CR/LFINF/CDL+ERL/H:1/IND,TOTAL,165.0,14410855.0,4803617.0,0.0,34312.0,19214477.0,16893.0,0.0,208.0,420.0
TCD,Chad,RES,CR-,CR/LFINF/CDL+ERL/H:1/RES,RURAL,1398.0,16744484.0,2954909.0,8036.0,83722.0,19699392.0,28699.0,1398.0,60.0,200.0
TCD,Chad,RES,CR-,CR/LFINF/CDL+ERL/H:1/RES,URBAN,7702.0,143256338.0,25280531.0,44292.0,462117.0,168536869.0,158407.0,7702.0,60.0,310.0
TCD,Chad,COM,CR-,CR/LFINF/CDL+ERL/H:2/COM,TOTAL,733.0,68395123.0,12069723.0,0.0,184852.0,80464853.0,91652.0,0.0,252.0,370.0
TCD,Chad,IND,CR-,CR/LFINF/CDL+ERL/H:2/IND,TOTAL,21.0,2842010.0,947335.0,0.0,6767.0,3789349.0,3335.0,0.0,322.0,420.0
TCD,Chad,RES,CR-,CR/LFINF/CDL+ERL/H:2/RES,RURAL,4761.0,95959372.0,16934010.0,28066.0,479797.0,112893383.0,164586.0,4883.0,101.0,200.0
TCD,Chad,RES,CR-,CR/LFINF/CDL+ERL/H:2/RES,URBAN,26286.0,821041526.0,144889683.0,155042.0,2648521.0,965931208.0,908527.0,26961.0,101.0,310.0
TCD,Chad,COM,CR-,CR/LFINF/CDL+ERL/H:3/COM,TOTAL,462.0,75975308.0,13407403.0,0.0,205339.0,89382707.0,101889.0,0.0,444.0,370.0
TCD,Chad,RES,CR-,CR/LFINF/CDL+ERL/H:3/RES,URBAN,21001.0,958576693.0,169160593.0,155033.0,3092183.0,1127737288.0,1061482.0,26960.0,147.0,310.0
TCD,Chad,RES,CR-,CR/LFINF/CDL+ERL/H:3/RES,RURAL,3807.0,111987446.0,19762496.0,28077.0,559937.0,131749941.0,192215.0,4884.0,147.0,200.0
TCD,Chad,COM,CR-,CR/LFINF/CDL+ERL/H:4-7/COM,TOTAL,109.0,44133806.0,7788317.0,0.0,119281.0,51922126.0,59325.0,0.0,1094.0,370.0
TCD,Chad,RES,CR-,CR/LFINF/CDL+ERL/H:4-7/RES,URBAN,963.0,286513914.0,50561280.0,66430.0,924238.0,337075194.0,317957.0,11552.0,960.0,310.0
TCD,Chad,RES,CR-,CR/LFINF/CDL+ERL/H:4-7/RES,RURAL,175.0,33490071.0,5910014.0,12015.0,167450.0,39400085.0,57606.0,2090.0,957.0,200.0
TCD,Chad,COM,CR-,CR/LFINF/CDL+ERL/H:>7/COM,TOTAL,1.0,1540010.0,271767.0,0.0,4162.0,1811777.0,2073.0,0.0,4162.0,370.0
TCD,Chad,RES,CR-,CR/LFINF/CDL+ERL/H:>7/RES,URBAN,242.0,89536785.0,15800609.0,22153.0,288828.0,105337390.0,99506.0,3853.0,1194.0,310.0
TCD,Chad,RES,CR-,CR/LFINF/CDL+ERL/H:>7/RES,RURAL,44.0,10140979.0,1789587.0,3914.0,50705.0,11930564.0,17469.0,676.0,1152.0,200.0
TCD,Chad,COM,CR-,CR/LWAL/CDL+ERL/H:1/COM,TOTAL,1.0,59909.0,10572.0,0.0,162.0,70481.0,88.0,0.0,162.0,370.0
TCD,Chad,RES,CR-,CR/LWAL/CDL+ERL/H:1/RES,URBAN,338.0,6306515.0,1112914.0,1947.0,20344.0,7419429.0,8282.0,338.0,60.0,310.0
TCD,Chad,COM,CR-,CR/LWAL/CDL+ERL/H:2/COM,TOTAL,3.0,240642.0,42466.0,0.0,650.0,283108.0,353.0,0.0,217.0,370.0
TCD,Chad,RES,CR-,CR/LWAL/CDL+ERL/H:2/RES,URBAN,1156.0,36118879.0,6373924.0,6825.0,116513.0,42492797.0,47470.0,1186.0,101.0,310.0
TCD,Chad,COM,CR-,CR/LWAL/CDL+ERL/H:3/COM,TOTAL,1.0,277393.0,48952.0,0.0,750.0,326345.0,408.0,0.0,750.0,370.0
TCD,Chad,RES,CR-,CR/LWAL/CDL+ERL/H:3/RES,URBAN,930.0,41393072.0,7304661.0,6612.0,133526.0,48697728.0,54442.0,1148.0,144.0,310.0
TCD,Chad,RES,CR-,CR/LWAL/CDL+ERL/H:4-7/RES,URBAN,42.0,12264766.0,2164372.0,2850.0,39564.0,14429135.0,16167.0,492.0,942.0,310.0
TCD,Chad,RES,CR-,CR/LWAL/CDL+ERL/H:>7/RES,URBAN,4.0,1195308.0,210937.0,293.0,3856.0,1406245.0,1578.0,50.0,964.0,310.0
TCD,Chad,RES,ADO|ST|E,E+ETO/LWAL/CDN+ERN/H:1/RES,URBAN,208124.0,1123882408.0,198332187.0,1196384.0,12487582.0,1322214597.0,1115715.0,208124.0,60.0,90.0
TCD,Chad,RES,ADO|ST|E,E+ETO/LWAL/CDN+ERN/H:1/RES,RURAL,936315.0,3370741566.0,594836747.0,5381927.0,56179026.0,3965578313.0,5019369.0,936315.0,60.0,60.0
TCD,Chad,RES,OT,INF/LN/CDN+ERN/H:1/EWV/RES,URBAN,24681.0,118480493.0,20908322.0,141734.0,1481006.0,139388813.0,19773.0,24681.0,60.0,80.0
TCD,Chad,RES,OT,INF/LN/CDN+ERN/H:1/EWV/RES,RURAL,354434.0,1701278314.0,300225586.0,2037281.0,21265979.0,2001503898.0,283928.0,354434.0,60.0,80.0
TCD,Chad,RES,OT,MATO/LN/CDN+ERN/H:1/RES,RURAL,90703.0,435366387.0,76829364.0,521361.0,5442080.0,512195750.0,2500416.0,90703.0,60.0,80.0
TCD,Chad,RES,OT,MATO/LN/CDN+ERN/H:1/RES,URBAN,10664.0,51193173.0,9034087.0,61414.0,639915.0,60227263.0,294015.0,10664.0,60.0,80.0
TCD,Chad,COM,MR|MCF,MCF+CB/LWAL/CDL+ERL/H:1/COM,TOTAL,323.0,15127080.0,3781772.0,0.0,40884.0,18908847.0,22774.0,0.0,127.0,370.0
TCD,Chad,IND,MR|MCF,MCF+CB/LWAL/CDL+ERL/H:1/IND,TOTAL,3.0,304892.0,101630.0,0.0,726.0,406523.0,406.0,0.0,242.0,420.0
TCD,Chad,RES,MR|MCF,MCF+CB/LWAL/CDL+ERL/H:1/RES,URBAN,7627.0,141927623.0,25046050.0,43888.0,457831.0,166973674.0,180028.0,7627.0,60.0,310.0
TCD,Chad,COM,MR|MCF,MCF+CB/LWAL/CDL+ERL/H:2/COM,TOTAL,160.0,15134021.0,3783509.0,0.0,40903.0,18917528.0,22802.0,0.0,256.0,370.0
TCD,Chad,RES,MR|MCF,MCF+CB/LWAL/CDL+ERL/H:2/RES,URBAN,7438.0,232405995.0,41012819.0,43910.0,749697.0,273418819.0,295000.0,7631.0,101.0,310.0
TCD,Chad,COM,MR|MCF,MCF+CB/LWAL/CDL+ERL/H:3-6/COM,TOTAL,1.0,504946.0,126237.0,0.0,1365.0,631183.0,762.0,0.0,1365.0,370.0
TCD,Chad,RES,MR|MCF,MCF+CB/LWAL/CDL+ERL/H:3-6/RES,URBAN,214.0,44558855.0,7863327.0,9736.0,143738.0,52422181.0,56638.0,1691.0,672.0,310.0
TCD,Chad,COM,MR|MCF,MCF+CL/LWAL/CDL+ERL/H:1/COM,TOTAL,1519.0,73021227.0,18255310.0,0.0,197355.0,91276538.0,97774.0,0.0,130.0,370.0
TCD,Chad,IND,MR|MCF,MCF+CL/LWAL/CDL+ERL/H:1/IND,TOTAL,102.0,9999463.0,3333155.0,0.0,23808.0,13332613.0,11722.0,0.0,233.0,420.0
TCD,Chad,RES,MR|MCF,MCF+CL/LWAL/CDL+ERL/H:1/RES,URBAN,33234.0,618150175.0,109085327.0,190935.0,1994033.0,727235502.0,683524.0,33234.0,60.0,310.0
TCD,Chad,COM,MR|MCF,MCF+CL/LWAL/CDL+ERL/H:2/COM,TOTAL,749.0,73057894.0,18264470.0,0.0,197454.0,91322367.0,97900.0,0.0,264.0,370.0
TCD,Chad,IND,MR|MCF,MCF+CL/LWAL/CDL+ERL/H:2/IND,TOTAL,22.0,2742807.0,914266.0,0.0,6530.0,3657077.0,3218.0,0.0,297.0,420.0
TCD,Chad,RES,MR|MCF,MCF+CL/LWAL/CDL+ERL/H:2/RES,URBAN,32407.0,1012220301.0,178627114.0,190914.0,3265227.0,1190847418.0,1120077.0,33231.0,101.0,310.0
TCD,Chad,COM,MR|MCF,MCF+CL/LWAL/CDL+ERL/H:3-6/COM,TOTAL,52.0,18456369.0,4614094.0,0.0,49882.0,23070462.0,24771.0,0.0,959.0,370.0
TCD,Chad,RES,MR|MCF,MCF+CL/LWAL/CDL+ERL/H:3-6/RES,URBAN,924.0,194602646.0,34341643.0,42420.0,627750.0,228944293.0,215649.0,7384.0,679.0,310.0
TCD,Chad,RES,OT,ME+MEO/LWAL/CDN+ERM/H:1/RES,RURAL,6975.0,33489585.0,5909928.0,40092.0,418620.0,39399512.0,16334.0,6975.0,60.0,80.0
TCD,Chad,RES,OT,ME+MEO/LWAL/CDN+ERM/H:1/RES,URBAN,946.0,4547507.0,802501.0,5441.0,56844.0,5350010.0,2218.0,946.0,60.0,80.0
TCD,Chad,COM,ADO|ST|E,MUR+ADO/LWAL/CDN+ERN/H:1/COM,TOTAL,27145.0,423447367.0,141149120.0,0.0,3528728.0,564596499.0,299451.0,0.0,130.0,120.0
TCD,Chad,RES,ADO|ST|E,MUR+ADO/LWAL/CDN+ERN/H:1/RES,URBAN,81935.0,442462204.0,78081566.0,470831.0,4916247.0,520543769.0,301967.0,81935.0,60.0,90.0
TCD,Chad,RES,ADO|ST|E,MUR+ADO/LWAL/CDN+ERN/H:1/RES,RURAL,470597.0,1694161972.0,298969757.0,2704987.0,28236033.0,1993131729.0,1734319.0,470597.0,60.0,60.0
TCD,Chad,COM,ADO|ST|E,MUR+ADO/LWAL/CDN+ERN/H:2/COM,TOTAL,13574.0,423447099.0,141149038.0,0.0,3528726.0,564596137.0,300320.0,0.0,260.0,120.0
TCD,Chad,RES,ADO|ST|E,MUR+ADO/LWAL/CDN+ERN/H:2/RES,URBAN,79888.0,724532452.0,127858664.0,470841.0,8050361.0,852391121.0,495777.0,81937.0,101.0,90.0
TCD,Chad,RES,ADO|ST|E,MUR+ADO/LWAL/CDN+ERN/H:2/RES,RURAL,458834.0,2774190112.0,489562963.0,2705000.0,46236502.0,3263753071.0,2847450.0,470600.0,101.0,60.0
TCD,Chad,COM,ADO|ST|E,MUR+ADO/LWAL/CDN+ERN/H:3/COM,TOTAL,557.0,60339170.0,20113055.0,0.0,502826.0,80452230.0,42918.0,0.0,903.0,120.0
TCD,Chad,RES,ADO|ST|E,MUR+ADO/LWAL/CDN+ERN/H:3/RES,RURAL,6189.0,252637942.0,44583167.0,284737.0,4210632.0,297221110.0,259993.0,49537.0,680.0,60.0
TCD,Chad,RES,ADO|ST|E,MUR+ADO/LWAL/CDN+ERN/H:3/RES,URBAN,1076.0,65981341.0,11643768.0,49546.0,733126.0,77625113.0,45268.0,8622.0,681.0,90.0
TCD,Chad,COM,MUR,MUR+CB/LWAL/CDN+ERN/H:1/COM,TOTAL,737.0,27470281.0,6867571.0,0.0,94725.0,34337853.0,79845.0,0.0,129.0,290.0
TCD,Chad,IND,MUR,MUR+CB/LWAL/CDN+ERN/H:1/IND,TOTAL,58.0,2286095.0,762033.0,0.0,9525.0,3048135.0,7662.0,0.0,164.0,240.0
TCD,Chad,RES,MUR,MUR+CB/LWAL/CDN+ERN/H:1/RES,RURAL,2650.0,22270301.0,3930051.0,15231.0,159074.0,26200354.0,103177.0,2650.0,60.0,140.0
TCD,Chad,RES,MUR,MUR+CB/LWAL/CDN+ERN/H:1/RES,URBAN,20648.0,247759451.0,43722256.0,118975.0,1238797.0,291481706.0,803497.0,20648.0,60.0,200.0
TCD,Chad,COM,MUR,MUR+CB/LWAL/CDN+ERN/H:2/COM,TOTAL,361.0,26346454.0,6586605.0,0.0,90850.0,32933065.0,76619.0,0.0,252.0,290.0
TCD,Chad,IND,MUR,MUR+CB/LWAL/CDN+ERN/H:2/IND,TOTAL,3.0,510611.0,170203.0,0.0,2128.0,680813.0,1712.0,0.0,709.0,240.0
TCD,Chad,RES,MUR,MUR+CB/LWAL/CDN+ERN/H:2/RES,RURAL,2586.0,36456922.0,6433574.0,15247.0,260407.0,42890498.0,168986.0,2653.0,101.0,140.0
TCD,Chad,RES,MUR,MUR+CB/LWAL/CDN+ERN/H:2/RES,URBAN,20130.0,405706138.0,71595204.0,118957.0,2028531.0,477301338.0,1316374.0,20645.0,101.0,200.0
TCD,Chad,COM,MUR,MUR+CB/LWAL/CDN+ERN/H:3/COM,TOTAL,2.0,734217.0,183554.0,0.0,2532.0,917772.0,2136.0,0.0,1266.0,290.0
TCD,Chad,RES,MUR,MUR+CB/LWAL/CDN+ERN/H:3/RES,RURAL,42.0,2951270.0,520815.0,1447.0,21080.0,3472080.0,13687.0,250.0,502.0,140.0
TCD,Chad,RES,MUR,MUR+CB/LWAL/CDN+ERN/H:3/RES,URBAN,272.0,36861450.0,6504961.0,12505.0,184307.0,43366410.0,119661.0,2169.0,678.0,200.0
TCD,Chad,COM,MUR,MUR+CL/LWAL/CDN+ERN/H:1/COM,TOTAL,4225.0,159039572.0,39759895.0,0.0,548412.0,198799462.0,341423.0,0.0,130.0,290.0
TCD,Chad,IND,MUR,MUR+CL/LWAL/CDN+ERN/H:1/IND,TOTAL,897.0,46603901.0,15534631.0,0.0,194183.0,62138539.0,111891.0,0.0,216.0,240.0
TCD,Chad,RES,MUR,MUR+CL/LWAL/CDN+ERN/H:1/RES,RURAL,67609.0,567902349.0,100218062.0,388616.0,4056445.0,668120412.0,1863773.0,67609.0,60.0,140.0
TCD,Chad,RES,MUR,MUR+CL/LWAL/CDN+ERN/H:1/RES,URBAN,49110.0,589347126.0,104002432.0,282143.0,2946736.0,693349558.0,1353906.0,49110.0,60.0,200.0
TCD,Chad,COM,MUR,MUR+CL/LWAL/CDN+ERN/H:2/COM,TOTAL,2104.0,159046620.0,39761656.0,0.0,548437.0,198808268.0,341632.0,0.0,261.0,290.0
TCD,Chad,IND,MUR,MUR+CL/LWAL/CDN+ERN/H:2/IND,TOTAL,308.0,32790491.0,10930170.0,0.0,136627.0,43720656.0,78774.0,0.0,444.0,240.0
TCD,Chad,RES,MUR,MUR+CL/LWAL/CDN+ERN/H:2/RES,RURAL,65921.0,929939662.0,164106998.0,388614.0,6642426.0,1094046656.0,3053558.0,67608.0,101.0,140.0
TCD,Chad,RES,MUR,MUR+CL/LWAL/CDN+ERN/H:2/RES,URBAN,47885.0,965055620.0,170303935.0,282144.0,4825278.0,1135359558.0,2218206.0,49110.0,101.0,200.0
TCD,Chad,COM,MUR,MUR+CL/LWAL/CDN+ERN/H:3/COM,TOTAL,72.0,18616402.0,4654100.0,0.0,64194.0,23270502.0,40011.0,0.0,892.0,290.0
TCD,Chad,RES,MUR,MUR+CL/LWAL/CDN+ERN/H:3/RES,RURAL,894.0,84686982.0,14944758.0,40905.0,604907.0,99631738.0,278228.0,7116.0,677.0,140.0
TCD,Chad,RES,MUR,MUR+CL/LWAL/CDN+ERN/H:3/RES,URBAN,650.0,87884798.0,15509082.0,29681.0,439424.0,103393883.0,202114.0,5166.0,676.0,200.0
TCD,Chad,COM,ADO|ST|E,MUR+STDRE+MOC/LWAL/CDN+ERN/H:1/COM,TOTAL,154.0,9832203.0,3277405.0,0.0,19664.0,13109602.0,5979.0,0.0,128.0,500.0
TCD,Chad,RES,ADO|ST|E,MUR+STDRE+MOC/LWAL/CDN+ERN/H:1/RES,URBAN,6820.0,130949730.0,23108778.0,39189.0,409218.0,154058504.0,97296.0,6820.0,60.0,320.0
TCD,Chad,COM,ADO|ST|E,MUR+STDRE+MOC/LWAL/CDN+ERN/H:2/COM,TOTAL,76.0,9785101.0,3261692.0,0.0,19570.0,13046801.0,5959.0,0.0,258.0,500.0
TCD,Chad,RES,ADO|ST|E,MUR+STDRE+MOC/LWAL/CDN+ERN/H:2/RES,URBAN,6648.0,214428105.0,37840251.0,39178.0,670088.0,252268356.0,159505.0,6818.0,101.0,320.0
TCD,Chad,RES,ADO|ST|E,MUR+STDRE+MOC/LWAL/CDN+ERN/H:3/RES,URBAN,93.0,19131903.0,3376215.0,4052.0,59787.0,22508120.0,14248.0,702.0,643.0,320.0
TCD,Chad,COM,ADO|ST|E,MUR+STDRE+MOM/LWAL/CDN+ERN/H:1/COM,TOTAL,69.0,4501428.0,1500475.0,0.0,9003.0,6001907.0,2737.0,0.0,130.0,500.0
TCD,Chad,RES,ADO|ST|E,MUR+STDRE+MOM/LWAL/CDN+ERN/H:1/RES,URBAN,3222.0,61878906.0,10919807.0,18513.0,193372.0,72798712.0,45976.0,3222.0,60.0,320.0
TCD,Chad,COM,ADO|ST|E,MUR+STDRE+MOM/LWAL/CDN+ERN/H:2/COM,TOTAL,36.0,3436000.0,1145334.0,0.0,6872.0,4581328.0,2092.0,0.0,191.0,500.0
TCD,Chad,RES,ADO|ST|E,MUR+STDRE+MOM/LWAL/CDN+ERN/H:2/RES,URBAN,3144.0,101316537.0,17879391.0,18523.0,316614.0,119195930.0,75366.0,3223.0,101.0,320.0
TCD,Chad,RES,ADO|ST|E,MUR+STDRE+MOM/LWAL/CDN+ERN/H:3/RES,URBAN,44.0,8465829.0,1493971.0,1794.0,26456.0,9959797.0,6305.0,310.0,601.0,320.0
TCD,Chad,COM,ADO|ST|E,MUR+STDRE/LWAL/CDN+ERN/H:1/COM,TOTAL,989.0,64079945.0,21359979.0,0.0,128160.0,85439924.0,38966.0,0.0,130.0,500.0
TCD,Chad,IND,ADO|ST|E,MUR+STDRE/LWAL/CDN+ERN/H:1/IND,TOTAL,98.0,8922073.0,4804187.0,0.0,21243.0,13726253.0,6277.0,0.0,217.0,420.0
TCD,Chad,RES,ADO|ST|E,MUR+STDRE/LWAL/CDN+ERN/H:1/RES,URBAN,42098.0,808246835.0,142631793.0,241859.0,2525771.0,950878630.0,600532.0,42098.0,60.0,320.0
TCD,Chad,COM,ADO|ST|E,MUR+STDRE/LWAL/CDN+ERN/H:2/COM,TOTAL,491.0,64066554.0,21355517.0,0.0,128133.0,85422077.0,39012.0,0.0,261.0,500.0
TCD,Chad,IND,ADO|ST|E,MUR+STDRE/LWAL/CDN+ERN/H:2/IND,TOTAL,38.0,4773308.0,2570244.0,0.0,11365.0,7343552.0,3363.0,0.0,299.0,420.0
TCD,Chad,RES,ADO|ST|E,MUR+STDRE/LWAL/CDN+ERN/H:2/RES,URBAN,41046.0,1323506561.0,233559978.0,241855.0,4135958.0,1557066542.0,984507.0,42098.0,101.0,320.0
TCD,Chad,COM,ADO|ST|E,MUR+STDRE/LWAL/CDN+ERN/H:3/COM,TOTAL,19.0,7208955.0,2402984.0,0.0,14418.0,9611937.0,4396.0,0.0,759.0,500.0
TCD,Chad,RES,ADO|ST|E,MUR+STDRE/LWAL/CDN+ERN/H:3/RES,URBAN,563.0,120528547.0,21269743.0,25456.0,376652.0,141798288.0,89760.0,4431.0,669.0,320.0
TCD,Chad,COM,ADO|ST|E,MUR+STRUB+MOC/LWAL/CDN+ERN/H:1/COM,TOTAL,68.0,4283580.0,1427858.0,0.0,8567.0,5711437.0,2605.0,0.0,126.0,500.0
TCD,Chad,RES,ADO|ST|E,MUR+STRUB+MOC/LWAL/CDN+ERN/H:1/RES,RURAL,2650.0,22270301.0,3930051.0,15231.0,159074.0,26200354.0,37822.0,2650.0,60.0,140.0
TCD,Chad,COM,ADO|ST|E,MUR+STRUB+MOC/LWAL/CDN+ERN/H:2/COM,TOTAL,32.0,3052150.0,1017386.0,0.0,6104.0,4069531.0,1859.0,0.0,191.0,500.0
TCD,Chad,RES,ADO|ST|E,MUR+STRUB+MOC/LWAL/CDN+ERN/H:2/RES,RURAL,2586.0,36456922.0,6433574.0,15247.0,260407.0,42890498.0,61986.0,2653.0,101.0,140.0
TCD,Chad,RES,ADO|ST|E,MUR+STRUB+MOC/LWAL/CDN+ERN/H:3/RES,RURAL,42.0,2951270.0,520815.0,1447.0,21080.0,3472080.0,5024.0,250.0,502.0,140.0
TCD,Chad,COM,ADO|ST|E,MUR+STRUB+MOM/LWAL/CDN+ERN/H:1/COM,TOTAL,325.0,20814255.0,6938085.0,0.0,41629.0,27752337.0,12657.0,0.0,128.0,500.0
TCD,Chad,IND,ADO|ST|E,MUR+STRUB+MOM/LWAL/CDN+ERN/H:1/IND,TOTAL,75.0,6631830.0,3570987.0,0.0,15790.0,10202817.0,4666.0,0.0,211.0,420.0
TCD,Chad,RES,ADO|ST|E,MUR+STRUB+MOM/LWAL/CDN+ERN/H:1/RES,RURAL,11933.0,100218282.0,17685580.0,68593.0,715845.0,117903864.0,170201.0,11933.0,60.0,140.0
TCD,Chad,COM,ADO|ST|E,MUR+STRUB+MOM/LWAL/CDN+ERN/H:2/COM,TOTAL,158.0,20598870.0,6866293.0,0.0,41198.0,27465166.0,12543.0,0.0,261.0,500.0
TCD,Chad,IND,ADO|ST|E,MUR+STRUB+MOM/LWAL/CDN+ERN/H:2/IND,TOTAL,16.0,1783969.0,960600.0,0.0,4248.0,2744565.0,1257.0,0.0,266.0,420.0
TCD,Chad,RES,ADO|ST|E,MUR+STRUB+MOM/LWAL/CDN+ERN/H:2/RES,RURAL,11635.0,164107579.0,28960164.0,68579.0,1172197.0,193067741.0,279025.0,11931.0,101.0,140.0
TCD,Chad,RES,ADO|ST|E,MUR+STRUB+MOM/LWAL/CDN+ERN/H:3/RES,RURAL,155.0,14806389.0,2612893.0,7149.0,105760.0,17419281.0,25204.0,1242.0,682.0,140.0
TCD,Chad,COM,ADO|ST|E,MUR+STRUB/LWAL/CDN+ERN/H:1/COM,TOTAL,2133.0,138565766.0,46188586.0,0.0,277132.0,184754355.0,84260.0,0.0,130.0,500.0
TCD,Chad,IND,ADO|ST|E,MUR+STRUB/LWAL/CDN+ERN/H:1/IND,TOTAL,756.0,70232591.0,37817545.0,0.0,167220.0,108050140.0,49408.0,0.0,221.0,420.0
TCD,Chad,RES,ADO|ST|E,MUR+STRUB/LWAL/CDN+ERN/H:1/RES,RURAL,78876.0,662552555.0,116921037.0,453375.0,4732518.0,779473593.0,1125212.0,78876.0,60.0,140.0
TCD,Chad,COM,ADO|ST|E,MUR+STRUB/LWAL/CDN+ERN/H:2/COM,TOTAL,1071.0,138590496.0,46196829.0,0.0,277181.0,184787327.0,84391.0,0.0,259.0,500.0
TCD,Chad,IND,ADO|ST|E,MUR+STRUB/LWAL/CDN+ERN/H:2/IND,TOTAL,251.0,50877379.0,27395514.0,0.0,121137.0,78272891.0,35842.0,0.0,483.0,420.0
TCD,Chad,RES,ADO|ST|E,MUR+STRUB/LWAL/CDN+ERN/H:2/RES,RURAL,76902.0,1084929464.0,191458137.0,453365.0,7749496.0,1276387601.0,1844659.0,78874.0,101.0,140.0
TCD,Chad,COM,ADO|ST|E,MUR+STRUB/LWAL/CDN+ERN/H:3/COM,TOTAL,38.0,16733343.0,5577781.0,0.0,33467.0,22311121.0,10203.0,0.0,881.0,500.0
TCD,Chad,RES,ADO|ST|E,MUR+STRUB/LWAL/CDN+ERN/H:3/RES,RURAL,1032.0,98801587.0,17435575.0,47708.0,705726.0,116237161.0,168182.0,8300.0,684.0,140.0
TCD,Chad,IND,S,S+SL/LFM/CDL+ERL/H:1/IND,TOTAL,602.0,53958891.0,17986304.0,0.0,128474.0,71945184.0,43846.0,0.0,213.0,420.0
TCD,Chad,IND,S,S+SL/LFM/CDL+ERL/H:2/IND,TOTAL,181.0,36961331.0,12320445.0,0.0,88003.0,49281780.0,30054.0,0.0,486.0,420.0
TCD,Chad,IND,S,S/LFM/CDL+ERL/H:1/IND,TOTAL,314.0,27999824.0,9333276.0,0.0,66666.0,37333102.0,22753.0,0.0,212.0,420.0
TCD,Chad,IND,S,S/LFM/CDL+ERL/H:2/IND,TOTAL,123.0,17318314.0,5772772.0,0.0,41234.0,23091086.0,14082.0,0.0,335.0,420.0
TCD,Chad,RES,W,W+WBB/LN/CDN+ERL/H:1/RES,RURAL,12560.0,67816550.0,16954136.0,72195.0,753517.0,84770687.0,19762.0,12560.0,60.0,90.0
TCD,Chad,RES,W,W+WBB/LN/CDN+ERL/H:1/RES,URBAN,5410.0,51901329.0,12975334.0,31106.0,324383.0,64876662.0,8508.0,5410.0,60.0,160.0
TCD,Chad,RES,W,W+WWD/LWAL/CDN+ERM/H:1/RES,RURAL,26376.0,142415064.0,35603766.0,151608.0,1582390.0,178018830.0,21127.0,26376.0,60.0,90.0
TCD,Chad,RES,W,W+WWD/LWAL/CDN+ERM/H:1/RES,URBAN,11355.0,108992767.0,27248193.0,65293.0,681205.0,136240960.0,9095.0,11355.0,60.0,160.0
TCD,Chad,RES,W,W+WWD/LWAL/CDN+ERM/H:2/RES,RURAL,11021.0,99944682.0,24986173.0,64970.0,1110496.0,124930857.0,14836.0,11304.0,101.0,90.0
TCD,Chad,RES,W,W+WWD/LWAL/CDN+ERM/H:2/RES,URBAN,4745.0,76482940.0,19120733.0,27990.0,478018.0,95603677.0,6386.0,4868.0,101.0,160.0
COM,Comoros,COM,CR-,CR/LFINF/CDL+ERL/H:1/COM,TOTAL,6.0,297354.0,52474.0,0.0,708.0,349828.0,351.0,0.0,118.0,420.0
COM,Comoros,IND,CR-,CR/LFINF/CDL+ERL/H:1/IND,TOTAL,15.0,1533838.0,511278.0,0.0,3195.0,2045118.0,1573.0,0.0,213.0,480.0
COM,Comoros,RES,CR-,CR/LFINF/CDL+ERL/H:1/RES,URBAN,289.0,7474664.0,1319059.0,1186.0,17383.0,8793723.0,5959.0,289.0,60.0,430.0
COM,Comoros,COM,CR-,CR/LFINF/CDL+ERL/H:2/COM,TOTAL,10.0,1096698.0,193535.0,0.0,2611.0,1290235.0,1295.0,0.0,261.0,420.0
COM,Comoros,IND,CR-,CR/LFINF/CDL+ERL/H:2/IND,TOTAL,6.0,1114725.0,371575.0,0.0,2322.0,1486300.0,1144.0,0.0,387.0,480.0
COM,Comoros,RES,CR-,CR/LFINF/CDL+ERL/H:2/RES,URBAN,989.0,42845806.0,7561025.0,4184.0,99641.0,50406831.0,34180.0,1018.0,101.0,430.0
COM,Comoros,COM,CR-,CR/LFINF/CDL+ERL/H:3/COM,TOTAL,5.0,1011679.0,178531.0,0.0,2409.0,1190210.0,1195.0,0.0,482.0,420.0
COM,Comoros,RES,CR-,CR/LFINF/CDL+ERL/H:3/RES,URBAN,792.0,50022669.0,8827529.0,4157.0,116332.0,58850198.0,39934.0,1013.0,147.0,430.0
COM,Comoros,COM,CR-,CR/LFINF/CDL+ERL/H:4-7/COM,TOTAL,2.0,780548.0,137744.0,0.0,1858.0,918292.0,924.0,0.0,929.0,420.0
COM,Comoros,RES,CR-,CR/LFINF/CDL+ERL/H:4-7/RES,URBAN,37.0,14951847.0,2638562.0,1779.0,34772.0,17590409.0,11962.0,434.0,940.0,430.0
COM,Comoros,RES,CR-,CR/LFINF/CDL+ERL/H:>7/RES,URBAN,12.0,4671404.0,824366.0,593.0,10864.0,5495770.0,3743.0,145.0,905.0,430.0
COM,Comoros,RES,OT,INF/LN/CDN+ERN/H:1/EWV/RES,URBAN,1317.0,18967219.0,3347156.0,5406.0,79030.0,22314375.0,1055.0,1317.0,60.0,240.0
COM,Comoros,RES,OT,INF/LN/CDN+ERN/H:1/EWV/RES,RURAL,20874.0,225458764.0,39786841.0,85734.0,1252549.0,265245606.0,16723.0,20874.0,60.0,180.0
COM,Comoros,RES,OT,MATO/LN/CDN+ERN/H:1/RES,URBAN,1317.0,18967219.0,3347156.0,5406.0,79030.0,22314375.0,36311.0,1317.0,60.0,240.0
COM,Comoros,RES,OT,MATO/LN/CDN+ERN/H:1/RES,RURAL,2984.0,32208722.0,5683892.0,12260.0,178937.0,37892614.0,82214.0,2984.0,60.0,180.0
COM,Comoros,COM,MR|MCF,MCF+CB/LWAL/CDL+ERL/H:1/COM,TOTAL,20.0,1052497.0,263124.0,0.0,2506.0,1315623.0,1396.0,0.0,125.0,420.0
COM,Comoros,IND,MR|MCF,MCF+CB/LWAL/CDL+ERL/H:1/IND,TOTAL,10.0,1080889.0,360297.0,0.0,2252.0,1441185.0,1259.0,0.0,225.0,480.0
COM,Comoros,RES,MR|MCF,MCF+CB/LWAL/CDL+ERL/H:1/RES,URBAN,918.0,23702061.0,4182716.0,3770.0,55121.0,27884777.0,21675.0,918.0,60.0,430.0
COM,Comoros,COM,MR|MCF,MCF+CB/LWAL/CDL+ERL/H:2/COM,TOTAL,10.0,993313.0,248327.0,0.0,2365.0,1241640.0,1318.0,0.0,236.0,420.0
COM,Comoros,IND,MR|MCF,MCF+CB/LWAL/CDL+ERL/H:2/IND,TOTAL,4.0,558408.0,186137.0,0.0,1163.0,744543.0,651.0,0.0,291.0,480.0
COM,Comoros,RES,MR|MCF,MCF+CB/LWAL/CDL+ERL/H:2/RES,URBAN,892.0,38813866.0,6849506.0,3771.0,90265.0,45663373.0,35519.0,919.0,101.0,430.0
COM,Comoros,RES,MR|MCF,MCF+CB/LWAL/CDL+ERL/H:3-6/RES,URBAN,30.0,7460167.0,1316501.0,856.0,17349.0,8776668.0,6836.0,207.0,578.0,430.0
COM,Comoros,COM,MR|MCF,MCF+CL/LWAL/CDL+ERL/H:1/COM,TOTAL,7.0,395613.0,98903.0,0.0,942.0,494519.0,467.0,0.0,135.0,420.0
COM,Comoros,IND,MR|MCF,MCF+CL/LWAL/CDL+ERL/H:1/IND,TOTAL,6.0,452949.0,150984.0,0.0,944.0,603930.0,465.0,0.0,157.0,480.0
COM,Comoros,RES,MR|MCF,MCF+CL/LWAL/CDL+ERL/H:1/RES,URBAN,383.0,9940440.0,1754195.0,1572.0,23117.0,11694635.0,7924.0,383.0,60.0,430.0
COM,Comoros,COM,MR|MCF,MCF+CL/LWAL/CDL+ERL/H:2/COM,TOTAL,4.0,333238.0,83310.0,0.0,793.0,416546.0,393.0,0.0,198.0,420.0
COM,Comoros,RES,MR|MCF,MCF+CL/LWAL/CDL+ERL/H:2/RES,URBAN,377.0,16276048.0,2872244.0,1567.0,37851.0,19148291.0,12984.0,383.0,100.0,430.0
COM,Comoros,RES,MR|MCF,MCF+CL/LWAL/CDL+ERL/H:3-6/RES,URBAN,8.0,2111300.0,372582.0,197.0,4910.0,2483882.0,1687.0,57.0,614.0,430.0
COM,Comoros,RES,OT,ME+MEO/LWAL/CDN+ERM/H:1/RES,RURAL,7456.0,80521188.0,14209621.0,30623.0,447340.0,94730808.0,17455.0,7456.0,60.0,180.0
COM,Comoros,RES,OT,ME+MEO/LWAL/CDN+ERM/H:1/RES,URBAN,5271.0,75865825.0,13388086.0,21654.0,316108.0,89253911.0,12334.0,5271.0,60.0,240.0
COM,Comoros,COM,ADO|ST|E,MUR+ADO/LWAL/CDN+ERN/H:1/COM,TOTAL,489.0,13344109.0,4448034.0,0.0,63543.0,17792142.0,5392.0,0.0,130.0,210.0
COM,Comoros,RES,ADO|ST|E,MUR+ADO/LWAL/CDN+ERN/H:1/RES,URBAN,7198.0,103605181.0,18283268.0,29568.0,431688.0,121888449.0,26515.0,7198.0,60.0,240.0
COM,Comoros,RES,ADO|ST|E,MUR+ADO/LWAL/CDN+ERN/H:1/RES,RURAL,13456.0,169563244.0,29922926.0,55266.0,807444.0,199486170.0,49595.0,13456.0,60.0,210.0
COM,Comoros,COM,ADO|ST|E,MUR+ADO/LWAL/CDN+ERN/H:2/COM,TOTAL,243.0,13343681.0,4447894.0,0.0,63541.0,17791569.0,5408.0,0.0,261.0,210.0
COM,Comoros,RES,ADO|ST|E,MUR+ADO/LWAL/CDN+ERN/H:2/RES,URBAN,7017.0,169652617.0,29938697.0,29568.0,706886.0,199591314.0,43533.0,7198.0,101.0,240.0
COM,Comoros,RES,ADO|ST|E,MUR+ADO/LWAL/CDN+ERN/H:2/RES,RURAL,13124.0,277661225.0,48999039.0,55266.0,1322196.0,326660264.0,81427.0,13456.0,101.0,210.0
COM,Comoros,COM,ADO|ST|E,MUR+ADO/LWAL/CDN+ERN/H:3/COM,TOTAL,7.0,1522596.0,507531.0,0.0,7250.0,2030129.0,619.0,0.0,1036.0,210.0
COM,Comoros,RES,ADO|ST|E,MUR+ADO/LWAL/CDN+ERN/H:3/RES,URBAN,99.0,15448723.0,2726244.0,3140.0,64370.0,18174967.0,3975.0,763.0,650.0,240.0
COM,Comoros,RES,ADO|ST|E,MUR+ADO/LWAL/CDN+ERN/H:3/RES,RURAL,179.0,25286375.0,4462301.0,5830.0,120411.0,29748677.0,7435.0,1419.0,673.0,210.0
COM,Comoros,COM,MUR,MUR+CB/LWAL/CDN+ERN/H:1/COM,TOTAL,292.0,14107524.0,3526882.0,0.0,38128.0,17634405.0,32139.0,0.0,131.0,370.0
COM,Comoros,IND,MUR,MUR+CB/LWAL/CDN+ERN/H:1/IND,TOTAL,212.0,18849105.0,6283033.0,0.0,47123.0,25132140.0,37906.0,0.0,222.0,400.0
COM,Comoros,RES,MUR,MUR+CB/LWAL/CDN+ERN/H:1/RES,URBAN,7759.0,158260433.0,27928312.0,31872.0,465472.0,186188745.0,301910.0,7759.0,60.0,340.0
COM,Comoros,RES,MUR,MUR+CB/LWAL/CDN+ERN/H:1/RES,RURAL,4957.0,83294829.0,14699087.0,20355.0,297482.0,97993917.0,192950.0,4957.0,60.0,280.0
COM,Comoros,COM,MUR,MUR+CB/LWAL/CDN+ERN/H:2/COM,TOTAL,146.0,14135012.0,3533755.0,0.0,38203.0,17668761.0,32219.0,0.0,262.0,370.0
COM,Comoros,IND,MUR,MUR+CB/LWAL/CDN+ERN/H:2/IND,TOTAL,71.0,13707942.0,4569315.0,0.0,34270.0,18277257.0,27582.0,0.0,483.0,400.0
COM,Comoros,RES,MUR,MUR+CB/LWAL/CDN+ERN/H:2/RES,URBAN,7564.0,259150178.0,45732384.0,31872.0,762206.0,304882562.0,494618.0,7759.0,101.0,340.0
COM,Comoros,RES,MUR,MUR+CB/LWAL/CDN+ERN/H:2/RES,RURAL,4838.0,136394410.0,24069601.0,20387.0,487123.0,160464012.0,316109.0,4963.0,101.0,280.0
COM,Comoros,COM,MUR,MUR+CB/LWAL/CDN+ERN/H:3/COM,TOTAL,5.0,1592752.0,398188.0,0.0,4305.0,1990939.0,3632.0,0.0,861.0,370.0
COM,Comoros,RES,MUR,MUR+CB/LWAL/CDN+ERN/H:3/RES,RURAL,67.0,12422055.0,2192129.0,2146.0,44364.0,14614184.0,28804.0,522.0,662.0,280.0
COM,Comoros,RES,MUR,MUR+CB/LWAL/CDN+ERN/H:3/RES,URBAN,103.0,23600922.0,4164869.0,3345.0,69414.0,27765791.0,45067.0,815.0,674.0,340.0
COM,Comoros,COM,MUR,MUR+CL/LWAL/CDN+ERN/H:1/COM,TOTAL,195.0,9415795.0,2353948.0,0.0,25448.0,11769740.0,15843.0,0.0,131.0,370.0
COM,Comoros,IND,MUR,MUR+CL/LWAL/CDN+ERN/H:1/IND,TOTAL,161.0,14307288.0,4769098.0,0.0,35768.0,19076381.0,20610.0,0.0,222.0,400.0
COM,Comoros,RES,MUR,MUR+CL/LWAL/CDN+ERN/H:1/RES,URBAN,3255.0,66367712.0,11711949.0,13371.0,195199.0,78079662.0,89686.0,3255.0,60.0,340.0
COM,Comoros,RES,MUR,MUR+CL/LWAL/CDN+ERN/H:1/RES,RURAL,4957.0,83294829.0,14699087.0,20355.0,297482.0,97993917.0,136681.0,4957.0,60.0,280.0
COM,Comoros,COM,MUR,MUR+CL/LWAL/CDN+ERN/H:2/COM,TOTAL,101.0,9458345.0,2364587.0,0.0,25563.0,11822930.0,15924.0,0.0,253.0,370.0
COM,Comoros,IND,MUR,MUR+CL/LWAL/CDN+ERN/H:2/IND,TOTAL,52.0,10208977.0,3402994.0,0.0,25522.0,13611965.0,14715.0,0.0,491.0,400.0
COM,Comoros,RES,MUR,MUR+CL/LWAL/CDN+ERN/H:2/RES,RURAL,4838.0,136394410.0,24069601.0,20387.0,487123.0,160464012.0,223933.0,4963.0,101.0,280.0
COM,Comoros,RES,MUR,MUR+CL/LWAL/CDN+ERN/H:2/RES,URBAN,3178.0,108676091.0,19178134.0,13377.0,319636.0,127854225.0,146938.0,3256.0,101.0,340.0
COM,Comoros,COM,MUR,MUR+CL/LWAL/CDN+ERN/H:3/COM,TOTAL,3.0,898962.0,224741.0,0.0,2430.0,1123702.0,1514.0,0.0,810.0,370.0
COM,Comoros,RES,MUR,MUR+CL/LWAL/CDN+ERN/H:3/RES,URBAN,40.0,9895634.0,1746289.0,1410.0,29105.0,11641921.0,13387.0,343.0,728.0,340.0
COM,Comoros,RES,MUR,MUR+CL/LWAL/CDN+ERN/H:3/RES,RURAL,67.0,12422055.0,2192129.0,2146.0,44364.0,14614184.0,20405.0,522.0,662.0,280.0
COM,Comoros,COM,ADO|ST|E,MUR+STDRE/LWAL/CDN+ERN/H:1/COM,TOTAL,52.0,3291745.0,1097248.0,0.0,6858.0,4388992.0,2085.0,0.0,132.0,480.0
COM,Comoros,IND,ADO|ST|E,MUR+STDRE/LWAL/CDN+ERN/H:1/IND,TOTAL,30.0,3817290.0,2055462.0,0.0,6258.0,5872750.0,1849.0,0.0,209.0,610.0
COM,Comoros,RES,ADO|ST|E,MUR+STDRE/LWAL/CDN+ERN/H:1/RES,URBAN,2503.0,72072052.0,12718597.0,10281.0,150150.0,84790649.0,35700.0,2503.0,60.0,480.0
COM,Comoros,COM,ADO|ST|E,MUR+STDRE/LWAL/CDN+ERN/H:2/COM,TOTAL,25.0,3253106.0,1084368.0,0.0,6777.0,4337478.0,2063.0,0.0,271.0,480.0
COM,Comoros,IND,ADO|ST|E,MUR+STDRE/LWAL/CDN+ERN/H:2/IND,TOTAL,9.0,2560155.0,1378544.0,0.0,4197.0,3938699.0,1242.0,0.0,466.0,610.0
COM,Comoros,RES,ADO|ST|E,MUR+STDRE/LWAL/CDN+ERN/H:2/RES,URBAN,2437.0,118019310.0,20826937.0,10281.0,245874.0,138846248.0,58527.0,2503.0,101.0,480.0
COM,Comoros,RES,ADO|ST|E,MUR+STDRE/LWAL/CDN+ERN/H:3/RES,URBAN,34.0,10749612.0,1896990.0,1092.0,22395.0,12646602.0,5337.0,265.0,659.0,480.0
COM,Comoros,COM,ADO|ST|E,MUR+STRUB/LWAL/CDN+ERN/H:1/COM,TOTAL,196.0,12156418.0,4052141.0,0.0,25326.0,16208554.0,7700.0,0.0,129.0,480.0
COM,Comoros,IND,ADO|ST|E,MUR+STRUB/LWAL/CDN+ERN/H:1/IND,TOTAL,195.0,26210000.0,14113076.0,0.0,42967.0,40323078.0,12695.0,0.0,220.0,610.0
COM,Comoros,RES,ADO|ST|E,MUR+STRUB/LWAL/CDN+ERN/H:1/RES,RURAL,7793.0,182313683.0,32173002.0,32010.0,467471.0,214486685.0,111147.0,7793.0,60.0,390.0
COM,Comoros,COM,ADO|ST|E,MUR+STRUB/LWAL/CDN+ERN/H:2/COM,TOTAL,97.0,12156917.0,4052307.0,0.0,25327.0,16209225.0,7711.0,0.0,261.0,480.0
COM,Comoros,IND,ADO|ST|E,MUR+STRUB/LWAL/CDN+ERN/H:2/IND,TOTAL,67.0,19061378.0,10263820.0,0.0,31248.0,29325198.0,9246.0,0.0,466.0,610.0
COM,Comoros,RES,ADO|ST|E,MUR+STRUB/LWAL/CDN+ERN/H:2/RES,RURAL,7597.0,298536953.0,52682992.0,32010.0,765479.0,351219945.0,182212.0,7793.0,101.0,390.0
COM,Comoros,COM,ADO|ST|E,MUR+STRUB/LWAL/CDN+ERN/H:3/COM,TOTAL,3.0,1387184.0,462395.0,0.0,2890.0,1849578.0,881.0,0.0,963.0,480.0
COM,Comoros,RES,ADO|ST|E,MUR+STRUB/LWAL/CDN+ERN/H:3/RES,RURAL,103.0,27189257.0,4798105.0,3351.0,69716.0,31987362.0,16614.0,817.0,677.0,390.0
COM,Comoros,IND,S,S+SL/LFM/CDL+ERL/H:1/IND,TOTAL,133.0,13939337.0,4646444.0,0.0,29040.0,18585783.0,9911.0,0.0,218.0,480.0
COM,Comoros,IND,S,S+SL/LFM/CDL+ERL/H:2/IND,TOTAL,46.0,10136464.0,3378823.0,0.0,21118.0,13515285.0,7212.0,0.0,459.0,480.0
COM,Comoros,IND,S,S/LFM/CDL+ERL/H:1/IND,TOTAL,81.0,8484218.0,2828074.0,0.0,17675.0,11312287.0,6032.0,0.0,218.0,480.0
COM,Comoros,IND,S,S/LFM/CDL+ERL/H:2/IND,TOTAL,24.0,5626805.0,1875600.0,0.0,11723.0,7502404.0,4003.0,0.0,488.0,480.0
COM,Comoros,RES,W,W+WWD/LWAL/CDN+ERM/H:1/RES,RURAL,27402.0,460310757.0,115077689.0,112555.0,1643967.0,575388446.0,21949.0,27402.0,60.0,280.0
COM,Comoros,RES,W,W+WWD/LWAL/CDN+ERM/H:1/RES,URBAN,4497.0,107872172.0,26968043.0,18476.0,269680.0,134840215.0,3601.0,4497.0,60.0,400.0
COM,Comoros,RES,W,W+WWD/LWAL/CDN+ERM/H:2/RES,RURAL,11444.0,323039357.0,80759839.0,48226.0,1153712.0,403799195.0,15413.0,11742.0,101.0,280.0
COM,Comoros,RES,W,W+WWD/LWAL/CDN+ERM/H:2/RES,URBAN,1882.0,75702946.0,18925736.0,7915.0,189257.0,94628683.0,2528.0,1927.0,101.0,400.0
COM,Comoros,COM,W,W/LWAL/CDL+ERM/H:1/COM,TOTAL,593.0,32443954.0,10814651.0,0.0,77248.0,43258603.0,14746.0,0.0,130.0,420.0
COM,Comoros,RES,W,W/LWAL/CDL+ERM/H:1/RES,RURAL,5220.0,87677858.0,21919465.0,21441.0,313135.0,109597323.0,33118.0,5220.0,60.0,280.0
COM,Comoros,RES,W,W/LWAL/CDL+ERM/H:1/RES,URBAN,859.0,20547932.0,5136983.0,3533.0,51370.0,25684915.0,5433.0,859.0,60.0,400.0
COM,Comoros,COM,W,W/LWAL/CDL+ERM/H:2/COM,TOTAL,299.0,32458480.0,10819493.0,0.0,77282.0,43277973.0,14760.0,0.0,258.0,420.0
COM,Comoros,RES,W,W/LWAL/CDL+ERM/H:2/RES,RURAL,5086.0,143573687.0,35893422.0,21410.0,512763.0,179467109.0,54266.0,5215.0,101.0,280.0
COM,Comoros,RES,W,W/LWAL/CDL+ERM/H:2/RES,URBAN,831.0,33647837.0,8411959.0,3496.0,84120.0,42059795.0,8902.0,852.0,101.0,400.0
COM,Comoros,COM,W,W/LWAL/CDL+ERM/H:3/COM,TOTAL,100.0,18505629.0,6168543.0,0.0,44061.0,24674173.0,8419.0,0.0,441.0,420.0
COM,Comoros,RES,W,W/LWAL/CDL+ERM/H:3/RES,RURAL,2034.0,83812623.0,20953155.0,10692.0,299331.0,104765780.0,31698.0,2605.0,147.0,280.0
COM,Comoros,RES,W,W/LWAL/CDL+ERM/H:3/RES,URBAN,336.0,19285441.0,4821361.0,1703.0,48214.0,24106801.0,5106.0,418.0,143.0,400.0
COG,Congo,COM,CR-,CR/LFINF/CDL+ERL/H:1/COM,TOTAL,345.0,21527627.0,3798994.0,0.0,44849.0,25326621.0,22219.0,0.0,130.0,480.0
COG,Congo,IND,CR-,CR/LFINF/CDL+ERL/H:1/IND,TOTAL,916.0,96090541.0,32030181.0,0.0,200189.0,128120723.0,98562.0,0.0,219.0,480.0
COG,Congo,RES,CR-,CR/LFINF/CDL+ERL/H:1/RES,URBAN,4281.0,77093316.0,13604703.0,15168.0,256978.0,90698020.0,88088.0,4281.0,60.0,300.0
COG,Congo,COM,CR-,CR/LFINF/CDL+ERL/H:2/COM,TOTAL,613.0,76406582.0,13483511.0,0.0,159180.0,89890095.0,78923.0,0.0,260.0,480.0
COG,Congo,IND,CR-,CR/LFINF/CDL+ERL/H:2/IND,TOTAL,303.0,69885928.0,23295310.0,0.0,145596.0,93181238.0,71748.0,0.0,481.0,480.0
COG,Congo,RES,CR-,CR/LFINF/CDL+ERL/H:2/RES,URBAN,14631.0,441829959.0,77969991.0,53127.0,1472767.0,519799951.0,505206.0,14992.0,101.0,300.0
COG,Congo,COM,CR-,CR/LFINF/CDL+ERL/H:3/COM,TOTAL,418.0,87740178.0,15483560.0,0.0,182792.0,103223741.0,90701.0,0.0,437.0,480.0
COG,Congo,RES,CR-,CR/LFINF/CDL+ERL/H:3/RES,URBAN,11678.0,514968516.0,90876796.0,52948.0,1716562.0,605845308.0,589260.0,14950.0,147.0,300.0
COG,Congo,COM,CR-,CR/LFINF/CDL+ERL/H:4-7/COM,TOTAL,100.0,58335784.0,10294549.0,0.0,121533.0,68630336.0,60446.0,0.0,1215.0,480.0
COG,Congo,RES,CR-,CR/LFINF/CDL+ERL/H:4-7/RES,URBAN,541.0,154177950.0,27207874.0,22769.0,513927.0,181385825.0,176801.0,6425.0,950.0,300.0
COG,Congo,COM,CR-,CR/LFINF/CDL+ERL/H:>7/COM,TOTAL,9.0,15707418.0,2771897.0,0.0,32724.0,18479316.0,16301.0,0.0,3636.0,480.0
COG,Congo,RES,CR-,CR/LFINF/CDL+ERL/H:>7/RES,URBAN,128.0,46726421.0,8245838.0,7299.0,155755.0,54972260.0,53660.0,2074.0,1217.0,300.0
COG,Congo,COM,CR-,CR/LWAL/CDL+ERL/H:1/COM,TOTAL,115.0,6807282.0,1201286.0,0.0,14182.0,8008566.0,7702.0,0.0,123.0,480.0
COG,Congo,IND,CR-,CR/LWAL/CDL+ERL/H:1/IND,TOTAL,245.0,26208355.0,8736117.0,0.0,54601.0,34944476.0,28435.0,0.0,223.0,480.0
COG,Congo,RES,CR-,CR/LWAL/CDL+ERL/H:1/RES,URBAN,1429.0,25698040.0,4534948.0,5067.0,85660.0,30232988.0,34874.0,1429.0,60.0,300.0
COG,Congo,COM,CR-,CR/LWAL/CDL+ERL/H:2/COM,TOTAL,209.0,25346362.0,4472888.0,0.0,52805.0,29819249.0,28700.0,0.0,253.0,480.0
COG,Congo,IND,CR-,CR/LWAL/CDL+ERL/H:2/IND,TOTAL,85.0,18390540.0,6130180.0,0.0,38314.0,24520724.0,19971.0,0.0,451.0,480.0
COG,Congo,RES,CR-,CR/LWAL/CDL+ERL/H:2/RES,URBAN,4874.0,147129016.0,25963942.0,17712.0,490430.0,173092960.0,199814.0,4998.0,101.0,300.0
COG,Congo,COM,CR-,CR/LWAL/CDL+ERL/H:3/COM,TOTAL,119.0,27328694.0,4822710.0,0.0,56935.0,32151403.0,30970.0,0.0,478.0,480.0
COG,Congo,RES,CR-,CR/LWAL/CDL+ERL/H:3/RES,URBAN,3887.0,170869222.0,30153393.0,17524.0,569564.0,201022613.0,232227.0,4954.0,147.0,300.0
COG,Congo,COM,CR-,CR/LWAL/CDL+ERL/H:4-7/COM,TOTAL,27.0,14665015.0,2587944.0,0.0,30552.0,17252958.0,16659.0,0.0,1132.0,480.0
COG,Congo,RES,CR-,CR/LWAL/CDL+ERL/H:4-7/RES,URBAN,172.0,49840928.0,8795457.0,7299.0,166136.0,58636386.0,67889.0,2074.0,966.0,300.0
COG,Congo,COM,CR-,CR/LWAL/CDL+ERL/H:>7/COM,TOTAL,2.0,1835821.0,323968.0,0.0,3825.0,2159790.0,2089.0,0.0,1912.0,480.0
COG,Congo,RES,CR-,CR/LWAL/CDL+ERL/H:>7/RES,URBAN,43.0,15575790.0,2748669.0,2427.0,51919.0,18324459.0,21247.0,690.0,1207.0,300.0
COG,Congo,RES,ADO|ST|E,E+ETO/LWAL/CDN+ERN/H:1/RES,URBAN,106755.0,896780655.0,158255409.0,378277.0,6405576.0,1055036065.0,572312.0,106755.0,60.0,140.0
COG,Congo,RES,ADO|ST|E,E+ETO/LWAL/CDN+ERN/H:1/RES,RURAL,58958.0,212244818.0,37454967.0,208917.0,3537414.0,249699782.0,316054.0,58958.0,60.0,60.0
COG,Congo,RES,OT,INF/LN/CDN+ERN/H:1/EWV/RES,RURAL,5892.0,28299182.0,4993975.0,20875.0,353740.0,33293157.0,4723.0,5892.0,60.0,80.0
COG,Congo,RES,OT,MATO/LN/CDN+ERN/H:1/RES,URBAN,12410.0,81932238.0,14458631.0,43970.0,744839.0,96390868.0,342223.0,12410.0,60.0,110.0
COG,Congo,RES,OT,MATO/LN/CDN+ERN/H:1/RES,RURAL,11783.0,56598322.0,9987941.0,41744.0,707479.0,66586262.0,325058.0,11783.0,60.0,80.0
COG,Congo,COM,MR|MCF,MCF+CB/LWAL/CDL+ERL/H:1/COM,TOTAL,520.0,32429200.0,8107301.0,0.0,67561.0,40536505.0,37634.0,0.0,130.0,480.0
COG,Congo,IND,MR|MCF,MCF+CB/LWAL/CDL+ERL/H:1/IND,TOTAL,245.0,26208355.0,8736117.0,0.0,54601.0,34944476.0,30518.0,0.0,223.0,480.0
COG,Congo,RES,MR|MCF,MCF+CB/LWAL/CDL+ERL/H:1/RES,URBAN,6425.0,115634899.0,20406160.0,22769.0,385450.0,136041061.0,151567.0,6425.0,60.0,300.0
COG,Congo,COM,MR|MCF,MCF+CB/LWAL/CDL+ERL/H:2/COM,TOTAL,263.0,32588424.0,8147111.0,0.0,67893.0,40735533.0,37848.0,0.0,258.0,480.0
COG,Congo,IND,MR|MCF,MCF+CB/LWAL/CDL+ERL/H:2/IND,TOTAL,85.0,18390540.0,6130180.0,0.0,38314.0,24520724.0,21433.0,0.0,451.0,480.0
COG,Congo,RES,MR|MCF,MCF+CB/LWAL/CDL+ERL/H:2/RES,URBAN,6244.0,189163518.0,33381797.0,22657.0,630545.0,222545317.0,248115.0,6400.0,101.0,300.0
COG,Congo,COM,MR|MCF,MCF+CB/LWAL/CDL+ERL/H:3-6/COM,TOTAL,16.0,6180981.0,1545245.0,0.0,12877.0,7726226.0,7190.0,0.0,805.0,480.0
COG,Congo,RES,MR|MCF,MCF+CB/LWAL/CDL+ERL/H:3-6/RES,URBAN,171.0,35303869.0,6230097.0,4882.0,117680.0,41533965.0,46370.0,1387.0,688.0,300.0
COG,Congo,COM,MR|MCF,MCF+CL/LWAL/CDL+ERL/H:1/COM,TOTAL,520.0,32429200.0,8107301.0,0.0,67561.0,40536505.0,33471.0,0.0,130.0,480.0
COG,Congo,IND,MR|MCF,MCF+CL/LWAL/CDL+ERL/H:1/IND,TOTAL,404.0,43673966.0,14557988.0,0.0,90987.0,58231956.0,44797.0,0.0,225.0,480.0
COG,Congo,RES,MR|MCF,MCF+CL/LWAL/CDL+ERL/H:1/RES,URBAN,6425.0,115634899.0,20406160.0,22769.0,385450.0,136041061.0,132126.0,6425.0,60.0,300.0
COG,Congo,COM,MR|MCF,MCF+CL/LWAL/CDL+ERL/H:2/COM,TOTAL,263.0,32588424.0,8147111.0,0.0,67893.0,40735533.0,33662.0,0.0,258.0,480.0
COG,Congo,IND,MR|MCF,MCF+CL/LWAL/CDL+ERL/H:2/IND,TOTAL,135.0,31768018.0,10589339.0,0.0,66183.0,42357359.0,32615.0,0.0,490.0,480.0
COG,Congo,RES,MR|MCF,MCF+CL/LWAL/CDL+ERL/H:2/RES,URBAN,6244.0,189163518.0,33381797.0,22657.0,630545.0,222545317.0,216297.0,6400.0,101.0,300.0
COG,Congo,COM,MR|MCF,MCF+CL/LWAL/CDL+ERL/H:3-6/COM,TOTAL,16.0,6180981.0,1545245.0,0.0,12877.0,7726226.0,6395.0,0.0,805.0,480.0
COG,Congo,RES,MR|MCF,MCF+CL/LWAL/CDL+ERL/H:3-6/RES,URBAN,171.0,35303869.0,6230097.0,4882.0,117680.0,41533965.0,40426.0,1387.0,688.0,300.0
COG,Congo,RES,OT,ME+MEO/LWAL/CDN+ERM/H:1/RES,RURAL,5892.0,28299182.0,4993975.0,20875.0,353740.0,33293157.0,13803.0,5892.0,60.0,80.0
COG,Congo,RES,OT,ME+MEO/LWAL/CDN+ERM/H:1/RES,URBAN,12410.0,81932238.0,14458631.0,43970.0,744839.0,96390868.0,29063.0,12410.0,60.0,110.0
COG,Congo,COM,ADO|ST|E,MUR+ADO/LWAL/CDN+ERN/H:1/COM,TOTAL,15920.0,124134883.0,41378292.0,0.0,2068915.0,165513173.0,175570.0,0.0,130.0,60.0
COG,Congo,RES,ADO|ST|E,MUR+ADO/LWAL/CDN+ERN/H:1/RES,RURAL,91006.0,327653295.0,57821170.0,322468.0,5460888.0,385474465.0,335420.0,91006.0,60.0,60.0
COG,Congo,RES,ADO|ST|E,MUR+ADO/LWAL/CDN+ERN/H:1/RES,URBAN,155666.0,1307630462.0,230758316.0,551590.0,9340218.0,1538388780.0,573697.0,155666.0,60.0,140.0
COG,Congo,COM,ADO|ST|E,MUR+ADO/LWAL/CDN+ERN/H:2/COM,TOTAL,7958.0,124140176.0,41380064.0,0.0,2069003.0,165520232.0,176087.0,0.0,260.0,60.0
COG,Congo,RES,ADO|ST|E,MUR+ADO/LWAL/CDN+ERN/H:2/RES,RURAL,88739.0,536531944.0,94682108.0,322479.0,8942199.0,631214054.0,550701.0,91009.0,101.0,60.0
COG,Congo,RES,ADO|ST|E,MUR+ADO/LWAL/CDN+ERN/H:2/RES,URBAN,151767.0,2141246450.0,377867021.0,551624.0,15294617.0,2519113472.0,941911.0,155675.0,101.0,140.0
COG,Congo,COM,ADO|ST|E,MUR+ADO/LWAL/CDN+ERN/H:3/COM,TOTAL,328.0,17570433.0,5856809.0,0.0,292841.0,23427243.0,24995.0,0.0,893.0,60.0
COG,Congo,RES,ADO|ST|E,MUR+ADO/LWAL/CDN+ERN/H:3/RES,RURAL,1205.0,48860043.0,8622359.0,33916.0,814334.0,57482405.0,50283.0,9573.0,676.0,60.0
COG,Congo,RES,ADO|ST|E,MUR+ADO/LWAL/CDN+ERN/H:3/RES,URBAN,2022.0,194999866.0,34411742.0,58082.0,1392856.0,229411609.0,86004.0,16391.0,689.0,140.0
COG,Congo,COM,MUR,MUR+CB/LWAL/CDN+ERN/H:1/COM,TOTAL,6543.0,306303237.0,76575805.0,0.0,850842.0,382879045.0,717183.0,0.0,130.0,360.0
COG,Congo,IND,MUR,MUR+CB/LWAL/CDN+ERN/H:1/IND,TOTAL,3655.0,225145230.0,75048412.0,0.0,804090.0,300193642.0,646809.0,0.0,220.0,280.0
COG,Congo,RES,MUR,MUR+CB/LWAL/CDN+ERN/H:1/RES,RURAL,11212.0,120979800.0,21349375.0,39738.0,672110.0,142329175.0,435938.0,11212.0,60.0,180.0
COG,Congo,RES,MUR,MUR+CB/LWAL/CDN+ERN/H:1/RES,URBAN,108508.0,1627464854.0,287199679.0,384501.0,6509859.0,1914664531.0,4222366.0,108508.0,60.0,250.0
COG,Congo,COM,MUR,MUR+CB/LWAL/CDN+ERN/H:2/COM,TOTAL,3270.0,306393957.0,76598493.0,0.0,851094.0,382992456.0,717780.0,0.0,260.0,360.0
COG,Congo,IND,MUR,MUR+CB/LWAL/CDN+ERN/H:2/IND,TOTAL,1229.0,163741391.0,54580463.0,0.0,584791.0,218321857.0,470673.0,0.0,476.0,280.0
COG,Congo,RES,MUR,MUR+CB/LWAL/CDN+ERN/H:2/RES,URBAN,105789.0,2664966094.0,470288136.0,384494.0,10659864.0,3135254229.0,6917504.0,108506.0,101.0,250.0
COG,Congo,RES,MUR,MUR+CB/LWAL/CDN+ERN/H:2/RES,RURAL,10913.0,197906047.0,34924597.0,39615.0,1099478.0,232830644.0,713484.0,11184.0,101.0,180.0
COG,Congo,COM,MUR,MUR+CB/LWAL/CDN+ERN/H:3/COM,TOTAL,131.0,40952524.0,10238132.0,0.0,113757.0,51190658.0,95990.0,0.0,868.0,360.0
COG,Congo,RES,MUR,MUR+CB/LWAL/CDN+ERN/H:3/RES,URBAN,1423.0,242690055.0,42827655.0,40495.0,970760.0,285517712.0,630265.0,11427.0,682.0,250.0
COG,Congo,RES,MUR,MUR+CB/LWAL/CDN+ERN/H:3/RES,RURAL,140.0,17495008.0,3087354.0,4046.0,97194.0,20582363.0,63103.0,1148.0,694.0,180.0
COG,Congo,COM,MUR,MUR+CL/LWAL/CDN+ERN/H:1/COM,TOTAL,5654.0,264497305.0,66124324.0,0.0,734715.0,330621630.0,457409.0,0.0,130.0,360.0
COG,Congo,IND,MUR,MUR+CL/LWAL/CDN+ERN/H:1/IND,TOTAL,6471.0,397932300.0,132644099.0,0.0,1421187.0,530576404.0,818904.0,0.0,220.0,280.0
COG,Congo,RES,MUR,MUR+CL/LWAL/CDN+ERN/H:1/RES,RURAL,35014.0,378059548.0,66716391.0,124077.0,2100331.0,444775938.0,965017.0,35014.0,60.0,180.0
COG,Congo,RES,MUR,MUR+CL/LWAL/CDN+ERN/H:1/RES,URBAN,67809.0,1017162489.0,179499264.0,240278.0,4068650.0,1196661753.0,1869381.0,67809.0,60.0,250.0
COG,Congo,COM,MUR,MUR+CL/LWAL/CDN+ERN/H:2/COM,TOTAL,2825.0,264223302.0,66055826.0,0.0,733954.0,330279133.0,457194.0,0.0,260.0,360.0
COG,Congo,IND,MUR,MUR+CL/LWAL/CDN+ERN/H:2/IND,TOTAL,2164.0,289405257.0,96468419.0,0.0,1033590.0,385873685.0,595928.0,0.0,478.0,280.0
COG,Congo,RES,MUR,MUR+CL/LWAL/CDN+ERN/H:2/RES,RURAL,34125.0,619075569.0,109248629.0,123991.0,3439309.0,728324195.0,1581068.0,34994.0,101.0,180.0
COG,Congo,RES,MUR,MUR+CL/LWAL/CDN+ERN/H:2/RES,URBAN,66100.0,1665608376.0,293930892.0,240259.0,6662434.0,1959539267.0,3062755.0,67805.0,101.0,250.0
COG,Congo,COM,MUR,MUR+CL/LWAL/CDN+ERN/H:3/COM,TOTAL,112.0,35563208.0,8890805.0,0.0,98787.0,44454016.0,61571.0,0.0,882.0,360.0
COG,Congo,RES,MUR,MUR+CL/LWAL/CDN+ERN/H:3/RES,URBAN,915.0,151680866.0,26767210.0,25217.0,606723.0,178448078.0,279063.0,7120.0,663.0,250.0
COG,Congo,RES,MUR,MUR+CL/LWAL/CDN+ERN/H:3/RES,RURAL,445.0,54674196.0,9648390.0,12579.0,303746.0,64322585.0,139708.0,3574.0,683.0,180.0
COG,Congo,COM,ADO|ST|E,MUR+STDRE/LWAL/CDN+ERN/H:1/COM,TOTAL,190.0,15327334.0,5109110.0,0.0,24722.0,20436447.0,7517.0,0.0,130.0,620.0
COG,Congo,IND,ADO|ST|E,MUR+STDRE/LWAL/CDN+ERN/H:1/IND,TOTAL,141.0,13606931.0,7326810.0,0.0,29580.0,20933739.0,8740.0,0.0,210.0,460.0
COG,Congo,RES,ADO|ST|E,MUR+STDRE/LWAL/CDN+ERN/H:1/RES,URBAN,5892.0,91987316.0,16233055.0,20875.0,353797.0,108220373.0,84120.0,5892.0,60.0,260.0
COG,Congo,COM,ADO|ST|E,MUR+STDRE/LWAL/CDN+ERN/H:2/COM,TOTAL,94.0,15368342.0,5122780.0,0.0,24788.0,20491123.0,7547.0,0.0,264.0,620.0
COG,Congo,IND,ADO|ST|E,MUR+STDRE/LWAL/CDN+ERN/H:2/IND,TOTAL,48.0,9387293.0,5054693.0,0.0,20407.0,14441988.0,6038.0,0.0,425.0,460.0
COG,Congo,RES,ADO|ST|E,MUR+STDRE/LWAL/CDN+ERN/H:2/RES,URBAN,5753.0,150480993.0,26555470.0,20893.0,578773.0,177036463.0,137769.0,5897.0,101.0,260.0
COG,Congo,COM,ADO|ST|E,MUR+STDRE/LWAL/CDN+ERN/H:3/COM,TOTAL,2.0,1159501.0,386500.0,0.0,1870.0,1546000.0,570.0,0.0,935.0,620.0
COG,Congo,RES,ADO|ST|E,MUR+STDRE/LWAL/CDN+ERN/H:3/RES,URBAN,75.0,13302688.0,2347533.0,2117.0,51164.0,15650224.0,12193.0,602.0,682.0,260.0
COG,Congo,COM,ADO|ST|E,MUR+STRUB/LWAL/CDN+ERN/H:1/COM,TOTAL,92.0,7371827.0,2457277.0,0.0,11890.0,9829103.0,3615.0,0.0,129.0,620.0
COG,Congo,IND,ADO|ST|E,MUR+STRUB/LWAL/CDN+ERN/H:1/IND,TOTAL,98.0,10124828.0,5451830.0,0.0,22010.0,15576656.0,6503.0,0.0,225.0,460.0
COG,Congo,RES,ADO|ST|E,MUR+STRUB/LWAL/CDN+ERN/H:1/RES,RURAL,2800.0,30244386.0,5337244.0,9921.0,168024.0,35581631.0,39950.0,2800.0,60.0,180.0
COG,Congo,COM,ADO|ST|E,MUR+STRUB/LWAL/CDN+ERN/H:2/COM,TOTAL,46.0,6876193.0,2292062.0,0.0,11091.0,9168258.0,3377.0,0.0,241.0,620.0
COG,Congo,IND,ADO|ST|E,MUR+STRUB/LWAL/CDN+ERN/H:2/IND,TOTAL,26.0,5529581.0,2977469.0,0.0,12021.0,8507048.0,3557.0,0.0,462.0,460.0
COG,Congo,RES,ADO|ST|E,MUR+STRUB/LWAL/CDN+ERN/H:2/RES,RURAL,2738.0,49476218.0,8731096.0,9959.0,274868.0,58207318.0,65429.0,2809.0,100.0,180.0
COG,Congo,RES,ADO|ST|E,MUR+STRUB/LWAL/CDN+ERN/H:3/RES,RURAL,31.0,3316010.0,585177.0,711.0,18422.0,3901187.0,4390.0,217.0,594.0,180.0
COG,Congo,IND,S,S+SL/LFM/CDL+ERL/H:1/IND,TOTAL,1969.0,207182614.0,69060874.0,0.0,431630.0,276243491.0,147309.0,0.0,219.0,480.0
COG,Congo,IND,S,S+SL/LFM/CDL+ERL/H:2/IND,TOTAL,655.0,150578104.0,50192703.0,0.0,313704.0,200770805.0,107133.0,0.0,479.0,480.0
COG,Congo,IND,S,S/LFM/CDL+ERL/H:1/IND,TOTAL,3036.0,320340435.0,106780146.0,0.0,667376.0,427120586.0,227765.0,0.0,220.0,480.0
COG,Congo,IND,S,S/LFM/CDL+ERL/H:2/IND,TOTAL,1017.0,232380744.0,77460244.0,0.0,484127.0,309840991.0,165334.0,0.0,476.0,480.0
COG,Congo,RES,W,W+WWD/LWAL/CDN+ERM/H:1/RES,RURAL,82551.0,693333096.0,173333273.0,292521.0,4952379.0,866666369.0,66120.0,82551.0,60.0,140.0
COG,Congo,RES,W,W+WWD/LWAL/CDN+ERM/H:1/RES,URBAN,149453.0,1614203638.0,403550911.0,529569.0,8967798.0,2017754548.0,119731.0,149453.0,60.0,180.0
COG,Congo,RES,W,W+WWD/LWAL/CDN+ERM/H:2/RES,URBAN,62434.0,1132825395.0,283206350.0,226885.0,6293474.0,1416031747.0,84076.0,64034.0,101.0,180.0
COG,Congo,RES,W,W+WWD/LWAL/CDN+ERM/H:2/RES,RURAL,34495.0,486571403.0,121642852.0,125341.0,3475510.0,608214253.0,46430.0,35373.0,101.0,140.0
COG,Congo,COM,W,W/LWAL/CDL+ERM/H:1/COM,TOTAL,2557.0,99819317.0,33273104.0,0.0,332731.0,133092425.0,63517.0,0.0,130.0,300.0
COG,Congo,RES,W,W/LWAL/CDL+ERM/H:1/RES,RURAL,37724.0,316951317.0,79237830.0,133666.0,2263938.0,396189145.0,239442.0,37724.0,60.0,140.0
COG,Congo,RES,W,W/LWAL/CDL+ERM/H:1/RES,URBAN,39723.0,429022691.0,107255674.0,140751.0,2383459.0,536278365.0,252083.0,39723.0,60.0,180.0
COG,Congo,COM,W,W/LWAL/CDL+ERM/H:2/COM,TOTAL,1279.0,99597741.0,33199246.0,0.0,331992.0,132796983.0,63406.0,0.0,260.0,300.0
COG,Congo,RES,W,W/LWAL/CDL+ERM/H:2/RES,RURAL,36784.0,519006940.0,129751735.0,133758.0,3707192.0,648758674.0,392330.0,37745.0,101.0,140.0
COG,Congo,RES,W,W/LWAL/CDL+ERM/H:2/RES,URBAN,38720.0,702526635.0,175631658.0,140741.0,3902926.0,878158295.0,413045.0,39720.0,101.0,180.0
COG,Congo,COM,W,W/LWAL/CDL+ERM/H:3/COM,TOTAL,431.0,57057130.0,19019044.0,0.0,190190.0,76076167.0,36341.0,0.0,441.0,300.0
COG,Congo,RES,W,W/LWAL/CDL+ERM/H:3/RES,RURAL,14690.0,302467536.0,75616884.0,66562.0,2160482.0,378084416.0,228786.0,18799.0,147.0,140.0
COG,Congo,RES,W,W/LWAL/CDL+ERM/H:3/RES,URBAN,15470.0,409418730.0,102354682.0,70135.0,2274548.0,511773411.0,240865.0,19805.0,147.0,180.0
COD,Democratic Republic of the Congo,COM,CR-,CR/LFINF/CDL+ERL/H:1/COM,TOTAL,1323.0,102848287.0,18149703.0,0.0,171414.0,120997989.0,84923.0,0.0,130.0,600.0
COD,Democratic Republic of the Congo,IND,CR-,CR/LFINF/CDL+ERL/H:1/IND,TOTAL,3643.0,224598224.0,74866076.0,0.0,802137.0,299464302.0,394929.0,0.0,220.0,280.0
COD,Democratic Republic of the Congo,RES,CR-,CR/LFINF/CDL+ERL/H:1/RES,URBAN,34761.0,458878729.0,80978600.0,164524.0,2085812.0,539857331.0,714985.0,34761.0,60.0,220.0
COD,Democratic Republic of the Congo,COM,CR-,CR/LFINF/CDL+ERL/H:2/COM,TOTAL,2306.0,360231477.0,63570257.0,0.0,600386.0,423801729.0,297678.0,0.0,260.0,600.0
COD,Democratic Republic of the Congo,IND,CR-,CR/LFINF/CDL+ERL/H:2/IND,TOTAL,1221.0,163343304.0,54447773.0,0.0,583369.0,217791071.0,287479.0,0.0,478.0,280.0
COD,Democratic Republic of the Congo,RES,CR-,CR/LFINF/CDL+ERL/H:2/RES,URBAN,118624.0,2629948542.0,464108566.0,575827.0,11954312.0,3094057105.0,4100711.0,121662.0,101.0,220.0
COD,Democratic Republic of the Congo,COM,CR-,CR/LFINF/CDL+ERL/H:3/COM,TOTAL,1529.0,415651870.0,73350332.0,0.0,692753.0,489002203.0,343743.0,0.0,453.0,600.0
COD,Democratic Republic of the Congo,RES,CR-,CR/LFINF/CDL+ERL/H:3/RES,URBAN,94804.0,3070510110.0,541854726.0,575926.0,13956864.0,3612364836.0,4791100.0,121680.0,147.0,220.0
COD,Democratic Republic of the Congo,COM,CR-,CR/LFINF/CDL+ERL/H:4-7/COM,TOTAL,386.0,279715958.0,49361639.0,0.0,466193.0,329077600.0,231866.0,0.0,1208.0,600.0
COD,Democratic Republic of the Congo,RES,CR-,CR/LFINF/CDL+ERL/H:4-7/RES,URBAN,4348.0,917757157.0,161957143.0,246805.0,4171623.0,1079714300.0,1435124.0,52145.0,959.0,220.0
COD,Democratic Republic of the Congo,COM,CR-,CR/LFINF/CDL+ERL/H:>7/COM,TOTAL,61.0,110117986.0,19432589.0,0.0,183530.0,129550574.0,91423.0,0.0,3009.0,600.0
COD,Democratic Republic of the Congo,RES,CR-,CR/LFINF/CDL+ERL/H:>7/RES,URBAN,1077.0,286800355.0,50611827.0,82286.0,1303638.0,337412180.0,449123.0,17385.0,1210.0,220.0
COD,Democratic Republic of the Congo,COM,CR-,CR/LWAL/CDL+ERL/H:1/COM,TOTAL,430.0,33564008.0,5923063.0,0.0,55940.0,39487072.0,30380.0,0.0,130.0,600.0
COD,Democratic Republic of the Congo,IND,CR-,CR/LWAL/CDL+ERL/H:1/IND,TOTAL,994.0,61149820.0,20383274.0,0.0,218392.0,81533101.0,113733.0,0.0,220.0,280.0
COD,Democratic Republic of the Congo,RES,CR-,CR/LWAL/CDL+ERL/H:1/RES,URBAN,11593.0,152959043.0,26992774.0,54870.0,695268.0,179951815.0,283061.0,11593.0,60.0,220.0
COD,Democratic Republic of the Congo,COM,CR-,CR/LWAL/CDL+ERL/H:2/COM,TOTAL,768.0,119749834.0,21132321.0,0.0,199583.0,140882159.0,108477.0,0.0,260.0,600.0
COD,Democratic Republic of the Congo,IND,CR-,CR/LWAL/CDL+ERL/H:2/IND,TOTAL,323.0,44433981.0,14811323.0,0.0,158693.0,59245299.0,82718.0,0.0,491.0,280.0
COD,Democratic Republic of the Congo,RES,CR-,CR/LWAL/CDL+ERL/H:2/RES,URBAN,39532.0,876650763.0,154703075.0,191918.0,3984776.0,1031353836.0,1623503.0,40549.0,101.0,220.0
COD,Democratic Republic of the Congo,COM,CR-,CR/LWAL/CDL+ERL/H:3/COM,TOTAL,511.0,136882496.0,24155732.0,0.0,228137.0,161038236.0,124096.0,0.0,446.0,600.0
COD,Democratic Republic of the Congo,RES,CR-,CR/LWAL/CDL+ERL/H:3/RES,URBAN,31617.0,1023504405.0,180618426.0,192046.0,4652293.0,1204122830.0,1896871.0,40574.0,147.0,220.0
COD,Democratic Republic of the Congo,COM,CR-,CR/LWAL/CDL+ERL/H:4-7/COM,TOTAL,121.0,88470810.0,15612497.0,0.0,147451.0,104083304.0,80400.0,0.0,1219.0,600.0
COD,Democratic Republic of the Congo,RES,CR-,CR/LWAL/CDL+ERL/H:4-7/RES,URBAN,1448.0,305919201.0,53985740.0,82286.0,1390542.0,359904945.0,568222.0,17385.0,960.0,220.0
COD,Democratic Republic of the Congo,COM,CR-,CR/LWAL/CDL+ERL/H:>7/COM,TOTAL,16.0,23428049.0,4134362.0,0.0,39047.0,27562410.0,21325.0,0.0,2440.0,600.0
COD,Democratic Republic of the Congo,RES,CR-,CR/LWAL/CDL+ERL/H:>7/RES,URBAN,353.0,93527264.0,16504815.0,26765.0,425124.0,110032078.0,173976.0,5667.0,1204.0,220.0
COD,Democratic Republic of the Congo,RES,ADO|ST|E,E+ETO/LWAL/CDN+ERN/H:1/RES,URBAN,866573.0,3639595123.0,642281494.0,4101535.0,51994216.0,4281876615.0,4645473.0,866573.0,60.0,70.0
COD,Democratic Republic of the Congo,RES,ADO|ST|E,E+ETO/LWAL/CDN+ERN/H:1/RES,RURAL,1376318.0,3303153012.0,582909351.0,6514180.0,82578825.0,3886062362.0,7378085.0,1376318.0,60.0,40.0
COD,Democratic Republic of the Congo,RES,OT,INF/LN/CDN+ERN/H:1/EWV/RES,RURAL,137628.0,495472723.0,87436363.0,651396.0,8257879.0,582909087.0,110253.0,137628.0,60.0,60.0
COD,Democratic Republic of the Congo,RES,OT,MATO/LN/CDN+ERN/H:1/RES,RURAL,275263.0,990946047.0,174872831.0,1302832.0,16515767.0,1165818879.0,7588329.0,275263.0,60.0,60.0
COD,Democratic Republic of the Congo,RES,OT,MATO/LN/CDN+ERN/H:1/RES,URBAN,100765.0,604584423.0,106691369.0,476927.0,6045844.0,711275791.0,2777822.0,100765.0,60.0,100.0
COD,Democratic Republic of the Congo,COM,MR|MCF,MCF+CB/LWAL/CDL+ERL/H:1/COM,TOTAL,1985.0,154456179.0,38614047.0,0.0,257427.0,193070229.0,143396.0,0.0,130.0,600.0
COD,Democratic Republic of the Congo,IND,MR|MCF,MCF+CB/LWAL/CDL+ERL/H:1/IND,TOTAL,994.0,61149820.0,20383274.0,0.0,218392.0,81533101.0,122065.0,0.0,220.0,280.0
COD,Democratic Republic of the Congo,RES,MR|MCF,MCF+CB/LWAL/CDL+ERL/H:1/RES,URBAN,52145.0,688320495.0,121468322.0,246805.0,3128730.0,809788815.0,1230279.0,52145.0,60.0,220.0
COD,Democratic Republic of the Congo,COM,MR|MCF,MCF+CB/LWAL/CDL+ERL/H:2/COM,TOTAL,978.0,153971143.0,38492783.0,0.0,256619.0,192463928.0,143056.0,0.0,262.0,600.0
COD,Democratic Republic of the Congo,IND,MR|MCF,MCF+CB/LWAL/CDL+ERL/H:2/IND,TOTAL,323.0,44433981.0,14811323.0,0.0,158693.0,59245299.0,88775.0,0.0,491.0,280.0
COD,Democratic Republic of the Congo,RES,MR|MCF,MCF+CB/LWAL/CDL+ERL/H:2/RES,URBAN,50839.0,1127119891.0,198903508.0,246836.0,5123272.0,1326023406.0,2015968.0,52151.0,101.0,220.0
COD,Democratic Republic of the Congo,COM,MR|MCF,MCF+CB/LWAL/CDL+ERL/H:3-6/COM,TOTAL,78.0,40270820.0,10067703.0,0.0,67118.0,50338523.0,37473.0,0.0,860.0,600.0
COD,Democratic Republic of the Congo,RES,MR|MCF,MCF+CB/LWAL/CDL+ERL/H:3-6/RES,URBAN,1449.0,216693044.0,38239948.0,54863.0,984968.0,254932990.0,388114.0,11592.0,680.0,220.0
COD,Democratic Republic of the Congo,COM,MR|MCF,MCF+CL/LWAL/CDL+ERL/H:1/COM,TOTAL,1985.0,154456179.0,38614047.0,0.0,257427.0,193070229.0,127535.0,0.0,130.0,600.0
COD,Democratic Republic of the Congo,IND,MR|MCF,MCF+CL/LWAL/CDL+ERL/H:1/IND,TOTAL,1657.0,102089041.0,34029684.0,0.0,364604.0,136118720.0,179512.0,0.0,220.0,280.0
COD,Democratic Republic of the Congo,RES,MR|MCF,MCF+CL/LWAL/CDL+ERL/H:1/RES,URBAN,52145.0,688320495.0,121468322.0,246805.0,3128730.0,809788815.0,1072481.0,52145.0,60.0,220.0
COD,Democratic Republic of the Congo,COM,MR|MCF,MCF+CL/LWAL/CDL+ERL/H:2/COM,TOTAL,978.0,153971143.0,38492783.0,0.0,256619.0,192463928.0,127234.0,0.0,262.0,600.0
COD,Democratic Republic of the Congo,IND,MR|MCF,MCF+CL/LWAL/CDL+ERL/H:2/IND,TOTAL,545.0,74059166.0,24686391.0,0.0,264497.0,98745556.0,130342.0,0.0,485.0,280.0
COD,Democratic Republic of the Congo,RES,MR|MCF,MCF+CL/LWAL/CDL+ERL/H:2/RES,URBAN,50839.0,1127119891.0,198903508.0,246836.0,5123272.0,1326023406.0,1757446.0,52151.0,101.0,220.0
COD,Democratic Republic of the Congo,COM,MR|MCF,MCF+CL/LWAL/CDL+ERL/H:3-6/COM,TOTAL,78.0,40270820.0,10067703.0,0.0,67118.0,50338523.0,33330.0,0.0,860.0,600.0
COD,Democratic Republic of the Congo,RES,MR|MCF,MCF+CL/LWAL/CDL+ERL/H:3-6/RES,URBAN,1449.0,216693044.0,38239948.0,54863.0,984968.0,254932990.0,338363.0,11592.0,680.0,220.0
COD,Democratic Republic of the Congo,RES,OT,ME+MEO/LWAL/CDN+ERM/H:1/RES,URBAN,100765.0,604584423.0,106691369.0,476927.0,6045844.0,711275791.0,235904.0,100765.0,60.0,100.0
COD,Democratic Republic of the Congo,RES,OT,ME+MEO/LWAL/CDN+ERM/H:1/RES,RURAL,137628.0,495472723.0,87436363.0,651396.0,8257879.0,582909087.0,322216.0,137628.0,60.0,60.0
COD,Democratic Republic of the Congo,COM,ADO|ST|E,MUR+ADO/LWAL/CDN+ERN/H:1/COM,TOTAL,144188.0,1499526379.0,499842133.0,0.0,18744080.0,1999368502.0,1590638.0,0.0,130.0,80.0
COD,Democratic Republic of the Congo,RES,ADO|ST|E,MUR+ADO/LWAL/CDN+ERN/H:1/RES,URBAN,1263570.0,5307038008.0,936536116.0,5980535.0,75814829.0,6243574122.0,4656713.0,1263570.0,60.0,70.0
COD,Democratic Republic of the Congo,RES,ADO|ST|E,MUR+ADO/LWAL/CDN+ERN/H:1/RES,RURAL,2124688.0,5099242065.0,899866246.0,10056252.0,127481052.0,5999108313.0,7830165.0,2124688.0,60.0,40.0
COD,Democratic Republic of the Congo,COM,ADO|ST|E,MUR+ADO/LWAL/CDN+ERN/H:2/COM,TOTAL,72091.0,1499526576.0,499842194.0,0.0,18744082.0,1999368770.0,1595253.0,0.0,260.0,80.0
COD,Democratic Republic of the Congo,RES,ADO|ST|E,MUR+ADO/LWAL/CDN+ERN/H:2/RES,RURAL,2071571.0,8350008790.0,1473530963.0,10056219.0,208750220.0,9823539754.0,12855769.0,2124682.0,101.0,40.0
COD,Democratic Republic of the Congo,RES,ADO|ST|E,MUR+ADO/LWAL/CDN+ERN/H:2/RES,URBAN,1232002.0,8690274747.0,1533577895.0,5980649.0,124146782.0,10223852639.0,7645512.0,1263593.0,101.0,70.0
COD,Democratic Republic of the Congo,COM,ADO|ST|E,MUR+ADO/LWAL/CDN+ERN/H:3/COM,TOTAL,3034.0,218484650.0,72828215.0,0.0,2731058.0,291312880.0,233105.0,0.0,900.0,80.0
COD,Democratic Republic of the Congo,RES,ADO|ST|E,MUR+ADO/LWAL/CDN+ERN/H:3/RES,URBAN,16620.0,791399621.0,139658754.0,629525.0,11305709.0,931058378.0,698091.0,133006.0,680.0,70.0
COD,Democratic Republic of the Congo,RES,ADO|ST|E,MUR+ADO/LWAL/CDN+ERN/H:3/RES,RURAL,27963.0,760413610.0,134190638.0,1058505.0,19010340.0,894604252.0,1173826.0,223642.0,680.0,40.0
COD,Democratic Republic of the Congo,COM,MUR,MUR+CB/LWAL/CDN+ERN/H:1/COM,TOTAL,33330.0,1039884247.0,259971065.0,0.0,4332851.0,1299855310.0,3652201.0,0.0,130.0,240.0
COD,Democratic Republic of the Congo,IND,MUR,MUR+CB/LWAL/CDN+ERN/H:1/IND,TOTAL,20166.0,887404165.0,295801394.0,0.0,4437021.0,1183205564.0,3569135.0,0.0,220.0,200.0
COD,Democratic Republic of the Congo,RES,MUR,MUR+CB/LWAL/CDN+ERN/H:1/RES,RURAL,261493.0,2510395137.0,443010905.0,1237656.0,15689970.0,2953406044.0,10176685.0,261493.0,60.0,160.0
COD,Democratic Republic of the Congo,RES,MUR,MUR+CB/LWAL/CDN+ERN/H:1/RES,URBAN,880676.0,10568128808.0,1864963909.0,4168279.0,52840644.0,12433092717.0,34273018.0,880676.0,60.0,200.0
COD,Democratic Republic of the Congo,COM,MUR,MUR+CB/LWAL/CDN+ERN/H:2/COM,TOTAL,16663.0,1039916550.0,259979137.0,0.0,4332986.0,1299895681.0,3654270.0,0.0,260.0,240.0
COD,Democratic Republic of the Congo,IND,MUR,MUR+CB/LWAL/CDN+ERN/H:2/IND,TOTAL,6717.0,645384649.0,215128214.0,0.0,3226923.0,860512881.0,2597209.0,0.0,480.0,200.0
COD,Democratic Republic of the Congo,RES,MUR,MUR+CB/LWAL/CDN+ERN/H:2/RES,RURAL,254973.0,4110774916.0,725430866.0,1237766.0,25692343.0,4836205780.0,16672527.0,261515.0,101.0,160.0
COD,Democratic Republic of the Congo,RES,MUR,MUR+CB/LWAL/CDN+ERN/H:2/RES,URBAN,858655.0,17305307259.0,3053877752.0,4168276.0,86526536.0,20359185015.0,56149649.0,880675.0,101.0,200.0
COD,Democratic Republic of the Congo,COM,MUR,MUR+CB/LWAL/CDN+ERN/H:3/COM,TOTAL,691.0,147982002.0,36995503.0,0.0,616592.0,184977508.0,520288.0,0.0,892.0,240.0
COD,Democratic Republic of the Congo,RES,MUR,MUR+CB/LWAL/CDN+ERN/H:3/RES,RURAL,3426.0,374356355.0,66062884.0,130240.0,2339727.0,440419247.0,1519065.0,27518.0,683.0,160.0
COD,Democratic Republic of the Congo,RES,MUR,MUR+CB/LWAL/CDN+ERN/H:3/RES,URBAN,11588.0,1575947290.0,278108345.0,438858.0,7879736.0,1854055639.0,5115909.0,92721.0,680.0,200.0
COD,Democratic Republic of the Congo,COM,MUR,MUR+CL/LWAL/CDN+ERN/H:1/COM,TOTAL,38277.0,1194154205.0,298538546.0,0.0,4975642.0,1492692750.0,3097668.0,0.0,130.0,240.0
COD,Democratic Republic of the Congo,IND,MUR,MUR+CL/LWAL/CDN+ERN/H:1/IND,TOTAL,51358.0,2259721495.0,753240496.0,0.0,11298608.0,3012962008.0,6510389.0,0.0,220.0,200.0
COD,Democratic Republic of the Congo,RES,MUR,MUR+CL/LWAL/CDN+ERN/H:1/RES,URBAN,550420.0,6605079308.0,1165602232.0,2605162.0,33025397.0,7770681540.0,15173837.0,550420.0,60.0,200.0
COD,Democratic Republic of the Congo,RES,MUR,MUR+CL/LWAL/CDN+ERN/H:1/RES,RURAL,817190.0,7844988288.0,1384409699.0,3867798.0,49031177.0,9229397985.0,22527848.0,817190.0,60.0,160.0
COD,Democratic Republic of the Congo,COM,MUR,MUR+CL/LWAL/CDN+ERN/H:2/COM,TOTAL,19140.0,1194155389.0,298538852.0,0.0,4975647.0,1492694240.0,3099424.0,0.0,260.0,240.0
COD,Democratic Republic of the Congo,IND,MUR,MUR+CL/LWAL/CDN+ERN/H:2/IND,TOTAL,17126.0,1643432296.0,547810767.0,0.0,8217161.0,2191243064.0,4737696.0,0.0,480.0,200.0
COD,Democratic Republic of the Congo,RES,MUR,MUR+CL/LWAL/CDN+ERN/H:2/RES,URBAN,536673.0,10815817184.0,1908673621.0,2605181.0,54079086.0,12724490807.0,24860437.0,550424.0,101.0,200.0
COD,Democratic Republic of the Congo,RES,MUR,MUR+CL/LWAL/CDN+ERN/H:2/RES,RURAL,796761.0,12846167650.0,2266970757.0,3867793.0,80288548.0,15113138411.0,36909063.0,817189.0,101.0,160.0
COD,Democratic Republic of the Congo,COM,MUR,MUR+CL/LWAL/CDN+ERN/H:3/COM,TOTAL,802.0,170106855.0,42526713.0,0.0,708779.0,212633570.0,441761.0,0.0,884.0,240.0
COD,Democratic Republic of the Congo,RES,MUR,MUR+CL/LWAL/CDN+ERN/H:3/RES,URBAN,7243.0,984968391.0,173817951.0,274292.0,4924842.0,1158786341.0,2265185.0,57952.0,680.0,200.0
COD,Democratic Republic of the Congo,RES,MUR,MUR+CL/LWAL/CDN+ERN/H:3/RES,RURAL,10741.0,1169866227.0,206446978.0,407177.0,7311664.0,1376313206.0,3363005.0,86028.0,681.0,160.0
COD,Democratic Republic of the Congo,COM,ADO|ST|E,MUR+STDRE/LWAL/CDN+ERN/H:1/COM,TOTAL,1124.0,84672654.0,28224215.0,0.0,145987.0,112896876.0,44387.0,0.0,130.0,580.0
COD,Democratic Republic of the Congo,IND,ADO|ST|E,MUR+STDRE/LWAL/CDN+ERN/H:1/IND,TOTAL,706.0,56218609.0,30271556.0,0.0,156163.0,86490171.0,46141.0,0.0,221.0,360.0
COD,Democratic Republic of the Congo,RES,ADO|ST|E,MUR+STDRE/LWAL/CDN+ERN/H:1/RES,URBAN,47861.0,918965574.0,162170394.0,226524.0,2871767.0,1081135970.0,682797.0,47861.0,60.0,320.0
COD,Democratic Republic of the Congo,COM,ADO|ST|E,MUR+STDRE/LWAL/CDN+ERN/H:2/COM,TOTAL,560.0,84547320.0,28182441.0,0.0,145771.0,112729759.0,44382.0,0.0,260.0,580.0
COD,Democratic Republic of the Congo,IND,ADO|ST|E,MUR+STDRE/LWAL/CDN+ERN/H:2/IND,TOTAL,235.0,40885612.0,22015336.0,0.0,113571.0,62900947.0,33604.0,0.0,483.0,360.0
COD,Democratic Republic of the Congo,RES,ADO|ST|E,MUR+STDRE/LWAL/CDN+ERN/H:2/RES,URBAN,46681.0,1504803319.0,265553526.0,226534.0,4702510.0,1770356847.0,1119367.0,47862.0,101.0,320.0
COD,Democratic Republic of the Congo,COM,ADO|ST|E,MUR+STDRE/LWAL/CDN+ERN/H:3/COM,TOTAL,18.0,8452465.0,2817488.0,0.0,14573.0,11269952.0,4443.0,0.0,810.0,580.0
COD,Democratic Republic of the Congo,RES,ADO|ST|E,MUR+STDRE/LWAL/CDN+ERN/H:3/RES,URBAN,613.0,134068960.0,23659223.0,23273.0,418965.0,157728185.0,99844.0,4927.0,683.0,320.0
COD,Democratic Republic of the Congo,COM,ADO|ST|E,MUR+STRUB/LWAL/CDN+ERN/H:1/COM,TOTAL,1366.0,103170388.0,34390134.0,0.0,177880.0,137560511.0,54084.0,0.0,130.0,580.0
COD,Democratic Republic of the Congo,IND,ADO|ST|E,MUR+STRUB/LWAL/CDN+ERN/H:1/IND,TOTAL,1327.0,105278674.0,56688516.0,0.0,292441.0,161967192.0,86406.0,0.0,220.0,360.0
COD,Democratic Republic of the Congo,RES,ADO|ST|E,MUR+STRUB/LWAL/CDN+ERN/H:1/RES,RURAL,65375.0,627600831.0,110753088.0,309421.0,3922505.0,738353917.0,932622.0,65375.0,60.0,160.0
COD,Democratic Republic of the Congo,COM,ADO|ST|E,MUR+STRUB/LWAL/CDN+ERN/H:2/COM,TOTAL,683.0,102967469.0,34322491.0,0.0,177530.0,137289954.0,54051.0,0.0,260.0,580.0
COD,Democratic Republic of the Congo,IND,ADO|ST|E,MUR+STRUB/LWAL/CDN+ERN/H:2/IND,TOTAL,444.0,76416399.0,41147295.0,0.0,212268.0,117563700.0,62806.0,0.0,478.0,360.0
COD,Democratic Republic of the Congo,RES,ADO|ST|E,MUR+STRUB/LWAL/CDN+ERN/H:2/RES,RURAL,63731.0,1027695070.0,181357956.0,309356.0,6423094.0,1209053023.0,1528928.0,65362.0,101.0,160.0
COD,Democratic Republic of the Congo,COM,ADO|ST|E,MUR+STRUB/LWAL/CDN+ERN/H:3/COM,TOTAL,22.0,10964455.0,3654818.0,0.0,18904.0,14619271.0,5764.0,0.0,859.0,580.0
COD,Democratic Republic of the Congo,RES,ADO|ST|E,MUR+STRUB/LWAL/CDN+ERN/H:3/RES,RURAL,867.0,93589615.0,16515815.0,32534.0,584935.0,110105432.0,139396.0,6874.0,675.0,160.0
COD,Democratic Republic of the Congo,IND,S,S+SL/LFM/CDL+ERL/H:1/IND,TOTAL,15630.0,963304745.0,321101587.0,0.0,3440374.0,1284406319.0,1174147.0,0.0,220.0,280.0
COD,Democratic Republic of the Congo,IND,S,S+SL/LFM/CDL+ERL/H:2/IND,TOTAL,5211.0,700277106.0,233425701.0,0.0,2500990.0,933702819.0,854111.0,0.0,480.0,280.0
COD,Democratic Republic of the Congo,IND,S,S/LFM/CDL+ERL/H:1/IND,TOTAL,14073.0,866679335.0,288893107.0,0.0,3095283.0,1155572442.0,1056373.0,0.0,220.0,280.0
COD,Democratic Republic of the Congo,IND,S,S/LFM/CDL+ERL/H:2/IND,TOTAL,4696.0,630314635.0,210104881.0,0.0,2251124.0,840419510.0,768780.0,0.0,479.0,280.0
COD,Democratic Republic of the Congo,RES,W,W+WWD/LWAL/CDN+ERM/H:1/RES,RURAL,1926839.0,9248827506.0,2312206876.0,9119822.0,115610344.0,11561034384.0,1543543.0,1926839.0,60.0,80.0
COD,Democratic Republic of the Congo,RES,W,W+WWD/LWAL/CDN+ERM/H:1/RES,URBAN,1213198.0,11646704968.0,2911676241.0,5742124.0,72791906.0,14558381212.0,971863.0,1213198.0,60.0,160.0
COD,Democratic Republic of the Congo,RES,W,W+WWD/LWAL/CDN+ERM/H:2/RES,RURAL,805137.0,6490695576.0,1622673889.0,3908487.0,81133695.0,8113369471.0,1083886.0,825787.0,101.0,80.0
COD,Democratic Republic of the Congo,RES,W,W+WWD/LWAL/CDN+ERM/H:2/RES,URBAN,506943.0,8173492964.0,2043373241.0,2460873.0,51084331.0,10216866202.0,682449.0,519935.0,101.0,160.0
COD,Democratic Republic of the Congo,COM,W,W/LWAL/CDL+ERM/H:1/COM,TOTAL,26010.0,946701923.0,315567310.0,0.0,3381078.0,1262269226.0,645436.0,0.0,130.0,280.0
COD,Democratic Republic of the Congo,RES,W,W/LWAL/CDL+ERM/H:1/RES,RURAL,880839.0,4228035693.0,1057008923.0,4169049.0,52850446.0,5285044617.0,5589646.0,880839.0,60.0,80.0
COD,Democratic Republic of the Congo,RES,W,W/LWAL/CDL+ERM/H:1/RES,URBAN,322440.0,3095471023.0,773867755.0,1526120.0,19346694.0,3869338781.0,2046173.0,322440.0,60.0,160.0
COD,Democratic Republic of the Congo,COM,W,W/LWAL/CDL+ERM/H:2/COM,TOTAL,12998.0,946703118.0,315567709.0,0.0,3381083.0,1262270828.0,645742.0,0.0,260.0,280.0
COD,Democratic Republic of the Congo,RES,W,W/LWAL/CDL+ERM/H:2/RES,RURAL,858811.0,6923407876.0,1730851966.0,4169004.0,86542598.0,8654259845.0,9158763.0,880830.0,101.0,80.0
COD,Democratic Republic of the Congo,RES,W,W/LWAL/CDL+ERM/H:2/RES,URBAN,314384.0,5068829274.0,1267207319.0,1526130.0,31680183.0,6336036595.0,3352699.0,322442.0,101.0,160.0
COD,Democratic Republic of the Congo,COM,W,W/LWAL/CDL+ERM/H:3/COM,TOTAL,4340.0,546107488.0,182035826.0,0.0,1950384.0,728143323.0,372673.0,0.0,449.0,280.0
COD,Democratic Republic of the Congo,RES,W,W/LWAL/CDL+ERM/H:3/RES,RURAL,343152.0,4041590719.0,1010397680.0,2084535.0,50519884.0,5051988402.0,5349834.0,440422.0,147.0,80.0
COD,Democratic Republic of the Congo,RES,W,W/LWAL/CDL+ERM/H:3/RES,URBAN,125625.0,2958968718.0,739742181.0,763070.0,18493554.0,3698710895.0,1958386.0,161222.0,147.0,160.0
DJI,Djibouti,COM,CR-,CR/LFINF/CDL+ERL/H:1/COM,TOTAL,7.0,501234.0,88452.0,0.0,677.0,589686.0,336.0,0.0,97.0,740.0
DJI,Djibouti,IND,CR-,CR/LFINF/CDL+ERL/H:1/IND,TOTAL,3.0,674962.0,224987.0,0.0,964.0,899950.0,475.0,0.0,321.0,700.0
DJI,Djibouti,RES,CR-,CR/LFINF/CDL+ERL/H:1/RES,URBAN,97.0,3481388.0,614362.0,589.0,5707.0,4095750.0,1956.0,97.0,59.0,610.0
DJI,Djibouti,COM,CR-,CR/LFINF/CDL+ERL/H:2/COM,TOTAL,12.0,1888402.0,333247.0,0.0,2552.0,2221651.0,1265.0,0.0,213.0,740.0
DJI,Djibouti,RES,CR-,CR/LFINF/CDL+ERL/H:2/RES,URBAN,325.0,19889780.0,3509961.0,2010.0,32606.0,23399742.0,11185.0,331.0,100.0,610.0
DJI,Djibouti,COM,CR-,CR/LFINF/CDL+ERL/H:3/COM,TOTAL,9.0,2233570.0,394160.0,0.0,3018.0,2627730.0,1498.0,0.0,335.0,740.0
DJI,Djibouti,RES,CR-,CR/LFINF/CDL+ERL/H:3/RES,URBAN,256.0,22742657.0,4013410.0,1917.0,37283.0,26756067.0,12799.0,315.0,146.0,610.0
DJI,Djibouti,COM,CR-,CR/LFINF/CDL+ERL/H:4-7/COM,TOTAL,1.0,959113.0,169255.0,0.0,1296.0,1128369.0,645.0,0.0,1296.0,740.0
DJI,Djibouti,RES,CR-,CR/LFINF/CDL+ERL/H:4-7/RES,URBAN,11.0,6618542.0,1167977.0,821.0,10850.0,7786519.0,3733.0,135.0,986.0,610.0
DJI,Djibouti,RES,CR-,CR/LFINF/CDL+ERL/H:>7/RES,URBAN,1.0,1245057.0,219716.0,166.0,2041.0,1464773.0,703.0,27.0,2041.0,610.0
DJI,Djibouti,RES,ADO|ST|E,E+ETO/LWAL/CDN+ERN/H:1/RES,URBAN,49.0,445493.0,78618.0,298.0,2970.0,524111.0,265.0,49.0,61.0,150.0
DJI,Djibouti,RES,ADO|ST|E,E+ETO/LWAL/CDN+ERN/H:1/RES,RURAL,544.0,4906552.0,865862.0,3305.0,32710.0,5772413.0,2923.0,544.0,60.0,150.0
DJI,Djibouti,RES,OT,INF/LN/CDN+ERN/H:1/EWV/RES,URBAN,2480.0,17840702.0,3148359.0,15056.0,148673.0,20989060.0,1985.0,2480.0,60.0,120.0
DJI,Djibouti,RES,OT,INF/LN/CDN+ERN/H:1/EWV/RES,RURAL,16190.0,116571258.0,20571399.0,98298.0,971427.0,137142657.0,12970.0,16190.0,60.0,120.0
DJI,Djibouti,RES,OT,MATO/LN/CDN+ERN/H:1/RES,RURAL,7509.0,54072587.0,9542222.0,45592.0,450605.0,63614809.0,207035.0,7509.0,60.0,120.0
DJI,Djibouti,RES,OT,MATO/LN/CDN+ERN/H:1/RES,URBAN,4951.0,35641438.0,6289666.0,30059.0,297012.0,41931103.0,136465.0,4951.0,60.0,120.0
DJI,Djibouti,COM,MR|MCF,MCF+CL/LWAL/CDL+ERL/H:1/COM,TOTAL,73.0,6848693.0,1712173.0,0.0,9255.0,8560865.0,4585.0,0.0,127.0,740.0
DJI,Djibouti,IND,MR|MCF,MCF+CL/LWAL/CDL+ERL/H:1/IND,TOTAL,15.0,2006022.0,668674.0,0.0,2866.0,2674696.0,1411.0,0.0,191.0,700.0
DJI,Djibouti,RES,MR|MCF,MCF+CL/LWAL/CDL+ERL/H:1/RES,URBAN,844.0,30901891.0,5453276.0,5126.0,50659.0,36355165.0,17365.0,844.0,60.0,610.0
DJI,Djibouti,COM,MR|MCF,MCF+CL/LWAL/CDL+ERL/H:2/COM,TOTAL,33.0,6321295.0,1580322.0,0.0,8542.0,7901616.0,4235.0,0.0,259.0,740.0
DJI,Djibouti,IND,MR|MCF,MCF+CL/LWAL/CDL+ERL/H:2/IND,TOTAL,3.0,962181.0,320726.0,0.0,1375.0,1282908.0,677.0,0.0,458.0,700.0
DJI,Djibouti,RES,MR|MCF,MCF+CL/LWAL/CDL+ERL/H:2/RES,URBAN,824.0,50602686.0,8929886.0,5134.0,82955.0,59532572.0,28456.0,846.0,101.0,610.0
DJI,Djibouti,COM,MR|MCF,MCF+CL/LWAL/CDL+ERL/H:3-6/COM,TOTAL,1.0,893902.0,223475.0,0.0,1208.0,1117377.0,600.0,0.0,1208.0,740.0
DJI,Djibouti,RES,MR|MCF,MCF+CL/LWAL/CDL+ERL/H:3-6/RES,URBAN,22.0,9247153.0,1631850.0,1076.0,15159.0,10879003.0,5208.0,177.0,689.0,610.0
DJI,Djibouti,RES,OT,ME+MEO/LWAL/CDN+ERM/H:1/RES,RURAL,5363.0,38617550.0,6814861.0,32560.0,321813.0,45432412.0,12557.0,5363.0,60.0,120.0
DJI,Djibouti,RES,OT,ME+MEO/LWAL/CDN+ERM/H:1/RES,URBAN,60214.0,433543188.0,76507621.0,365587.0,3612860.0,510050810.0,140971.0,60214.0,60.0,120.0
DJI,Djibouti,COM,ADO|ST|E,MUR+ADO/LWAL/CDN+ERN/H:1/COM,TOTAL,820.0,36078366.0,12026120.0,0.0,106113.0,48104486.0,9005.0,0.0,129.0,340.0
DJI,Djibouti,RES,ADO|ST|E,MUR+ADO/LWAL/CDN+ERN/H:1/RES,RURAL,788.0,7092893.0,1251686.0,4785.0,47286.0,8344579.0,2904.0,788.0,60.0,150.0
DJI,Djibouti,RES,ADO|ST|E,MUR+ADO/LWAL/CDN+ERN/H:1/RES,URBAN,11546.0,103913031.0,18337594.0,70104.0,692754.0,122250626.0,42550.0,11546.0,60.0,150.0
DJI,Djibouti,COM,ADO|ST|E,MUR+ADO/LWAL/CDN+ERN/H:2/COM,TOTAL,410.0,36083888.0,12027963.0,0.0,106129.0,48111856.0,9032.0,0.0,259.0,340.0
DJI,Djibouti,RES,ADO|ST|E,MUR+ADO/LWAL/CDN+ERN/H:2/RES,URBAN,11257.0,170156953.0,30027697.0,70096.0,1134380.0,200184648.0,69860.0,11545.0,101.0,150.0
DJI,Djibouti,RES,ADO|ST|E,MUR+ADO/LWAL/CDN+ERN/H:2/RES,RURAL,769.0,11614591.0,2049632.0,4785.0,77431.0,13664223.0,4769.0,788.0,101.0,150.0
DJI,Djibouti,COM,ADO|ST|E,MUR+ADO/LWAL/CDN+ERN/H:3/COM,TOTAL,16.0,4447826.0,1482609.0,0.0,13082.0,5930436.0,1117.0,0.0,818.0,340.0
DJI,Djibouti,RES,ADO|ST|E,MUR+ADO/LWAL/CDN+ERN/H:3/RES,URBAN,152.0,15495584.0,2734513.0,7387.0,103304.0,18230099.0,6379.0,1217.0,680.0,150.0
DJI,Djibouti,RES,ADO|ST|E,MUR+ADO/LWAL/CDN+ERN/H:3/RES,RURAL,9.0,842185.0,148619.0,402.0,5615.0,990805.0,347.0,66.0,624.0,150.0
DJI,Djibouti,COM,MUR,MUR+CB/LWAL/CDN+ERN/H:1/COM,TOTAL,883.0,67456894.0,16864225.0,0.0,114334.0,84321121.0,96373.0,0.0,129.0,590.0
DJI,Djibouti,IND,MUR,MUR+CB/LWAL/CDN+ERN/H:1/IND,TOTAL,434.0,38015365.0,12671787.0,0.0,95038.0,50687156.0,76449.0,0.0,219.0,400.0
DJI,Djibouti,RES,MUR,MUR+CB/LWAL/CDN+ERN/H:1/RES,RURAL,263.0,4728296.0,834404.0,1600.0,15761.0,5562700.0,10223.0,263.0,60.0,300.0
DJI,Djibouti,RES,MUR,MUR+CB/LWAL/CDN+ERN/H:1/RES,URBAN,11546.0,408724592.0,72127869.0,70104.0,692754.0,480852461.0,449328.0,11546.0,60.0,590.0
DJI,Djibouti,COM,MUR,MUR+CB/LWAL/CDN+ERN/H:2/COM,TOTAL,438.0,67031786.0,16757944.0,0.0,113613.0,83789736.0,95817.0,0.0,259.0,590.0
DJI,Djibouti,IND,MUR,MUR+CB/LWAL/CDN+ERN/H:2/IND,TOTAL,144.0,27050851.0,9016951.0,0.0,67627.0,36067801.0,54430.0,0.0,470.0,400.0
DJI,Djibouti,RES,MUR,MUR+CB/LWAL/CDN+ERN/H:2/RES,RURAL,257.0,7718088.0,1362016.0,1594.0,25727.0,9080105.0,16695.0,262.0,100.0,300.0
DJI,Djibouti,RES,MUR,MUR+CB/LWAL/CDN+ERN/H:2/RES,URBAN,11257.0,669284012.0,118108944.0,70096.0,1134380.0,787392955.0,736133.0,11545.0,101.0,590.0
DJI,Djibouti,COM,MUR,MUR+CB/LWAL/CDN+ERN/H:3/COM,TOTAL,17.0,8473132.0,2118282.0,0.0,14361.0,10591414.0,12118.0,0.0,845.0,590.0
DJI,Djibouti,RES,MUR,MUR+CB/LWAL/CDN+ERN/H:3/RES,URBAN,152.0,60949299.0,10755757.0,7387.0,103304.0,71705057.0,67070.0,1217.0,680.0,590.0
DJI,Djibouti,RES,MUR,MUR+CB/LWAL/CDN+ERN/H:3/RES,RURAL,3.0,403257.0,71163.0,99.0,1344.0,474419.0,873.0,16.0,448.0,300.0
DJI,Djibouti,COM,MUR,MUR+CL/LWAL/CDN+ERN/H:1/COM,TOTAL,290.0,22043452.0,5510864.0,0.0,37362.0,27554319.0,23260.0,0.0,129.0,590.0
DJI,Djibouti,IND,MUR,MUR+CL/LWAL/CDN+ERN/H:1/IND,TOTAL,84.0,6823814.0,2274602.0,0.0,17060.0,9098422.0,9830.0,0.0,203.0,400.0
DJI,Djibouti,RES,MUR,MUR+CL/LWAL/CDN+ERN/H:1/RES,RURAL,632.0,11397662.0,2011352.0,3839.0,37992.0,13409014.0,17456.0,632.0,60.0,300.0
DJI,Djibouti,RES,MUR,MUR+CL/LWAL/CDN+ERN/H:1/RES,URBAN,2094.0,74153512.0,13085913.0,12711.0,125684.0,87239426.0,57747.0,2094.0,60.0,590.0
DJI,Djibouti,COM,MUR,MUR+CL/LWAL/CDN+ERN/H:2/COM,TOTAL,140.0,22063650.0,5515915.0,0.0,37396.0,27579564.0,23295.0,0.0,267.0,590.0
DJI,Djibouti,IND,MUR,MUR+CL/LWAL/CDN+ERN/H:2/IND,TOTAL,23.0,3660119.0,1220039.0,0.0,9150.0,4880157.0,5276.0,0.0,398.0,400.0
DJI,Djibouti,RES,MUR,MUR+CL/LWAL/CDN+ERN/H:2/RES,URBAN,2042.0,121426494.0,21428206.0,12713.0,205808.0,142854701.0,94611.0,2094.0,101.0,590.0
DJI,Djibouti,RES,MUR,MUR+CL/LWAL/CDN+ERN/H:2/RES,RURAL,619.0,18663094.0,3293488.0,3855.0,62210.0,21956582.0,28598.0,635.0,101.0,300.0
DJI,Djibouti,COM,MUR,MUR+CL/LWAL/CDN+ERN/H:3/COM,TOTAL,2.0,1375995.0,343998.0,0.0,2332.0,1719993.0,1454.0,0.0,1166.0,590.0
DJI,Djibouti,RES,MUR,MUR+CL/LWAL/CDN+ERN/H:3/RES,RURAL,5.0,972158.0,171558.0,232.0,3241.0,1143715.0,1490.0,38.0,648.0,300.0
DJI,Djibouti,RES,MUR,MUR+CL/LWAL/CDN+ERN/H:3/RES,URBAN,29.0,11057569.0,1951334.0,1340.0,18742.0,13008904.0,8620.0,221.0,646.0,590.0
DJI,Djibouti,COM,MUR,MUR+MO/LWAL/CDN+ERN/H:1/COM,TOTAL,59.0,4429315.0,1107328.0,0.0,7507.0,5536643.0,4674.0,0.0,127.0,590.0
DJI,Djibouti,IND,MUR,MUR+MO/LWAL/CDN+ERN/H:1/IND,TOTAL,13.0,940919.0,313638.0,0.0,2352.0,1254557.0,1355.0,0.0,181.0,400.0
DJI,Djibouti,RES,MUR,MUR+MO/LWAL/CDN+ERN/H:1/RES,URBAN,812.0,28739733.0,5071717.0,4927.0,48711.0,33811451.0,22381.0,812.0,60.0,590.0
DJI,Djibouti,COM,MUR,MUR+MO/LWAL/CDN+ERN/H:2/COM,TOTAL,28.0,4129493.0,1032374.0,0.0,6999.0,5161865.0,4360.0,0.0,250.0,590.0
DJI,Djibouti,IND,MUR,MUR+MO/LWAL/CDN+ERN/H:2/IND,TOTAL,3.0,449776.0,149926.0,0.0,1124.0,599703.0,648.0,0.0,375.0,400.0
DJI,Djibouti,RES,MUR,MUR+MO/LWAL/CDN+ERN/H:2/RES,URBAN,792.0,47062479.0,8305144.0,4927.0,79767.0,55367622.0,36669.0,812.0,101.0,590.0
DJI,Djibouti,RES,MUR,MUR+MO/LWAL/CDN+ERN/H:3/RES,URBAN,9.0,3412278.0,602167.0,413.0,5784.0,4014445.0,2660.0,68.0,643.0,590.0
DJI,Djibouti,COM,ADO|ST|E,MUR+STDRE/LWAL/CDN+ERN/H:1/COM,TOTAL,50.0,3770727.0,1256909.0,0.0,6391.0,5027637.0,1943.0,0.0,128.0,590.0
DJI,Djibouti,IND,ADO|ST|E,MUR+STDRE/LWAL/CDN+ERN/H:1/IND,TOTAL,12.0,893785.0,481268.0,0.0,2234.0,1375052.0,660.0,0.0,186.0,400.0
DJI,Djibouti,RES,ADO|ST|E,MUR+STDRE/LWAL/CDN+ERN/H:1/RES,URBAN,812.0,28739733.0,5071717.0,4927.0,48711.0,33811451.0,11582.0,812.0,60.0,590.0
DJI,Djibouti,COM,ADO|ST|E,MUR+STDRE/LWAL/CDN+ERN/H:2/COM,TOTAL,24.0,3554056.0,1184685.0,0.0,6024.0,4738744.0,1834.0,0.0,251.0,590.0
DJI,Djibouti,IND,ADO|ST|E,MUR+STDRE/LWAL/CDN+ERN/H:2/IND,TOTAL,3.0,426276.0,229533.0,0.0,1066.0,655809.0,315.0,0.0,355.0,400.0
DJI,Djibouti,RES,ADO|ST|E,MUR+STDRE/LWAL/CDN+ERN/H:2/RES,URBAN,792.0,47062479.0,8305144.0,4927.0,79767.0,55367622.0,18987.0,812.0,101.0,590.0
DJI,Djibouti,RES,ADO|ST|E,MUR+STDRE/LWAL/CDN+ERN/H:3/RES,URBAN,9.0,3412278.0,602167.0,413.0,5784.0,4014445.0,1378.0,68.0,643.0,590.0
DJI,Djibouti,COM,ADO|ST|E,MUR+STRUB/LWAL/CDN+ERN/H:1/COM,TOTAL,162.0,12465419.0,4155140.0,0.0,21128.0,16620557.0,6424.0,0.0,130.0,590.0
DJI,Djibouti,IND,ADO|ST|E,MUR+STRUB/LWAL/CDN+ERN/H:1/IND,TOTAL,49.0,4214674.0,2269438.0,0.0,10537.0,6484109.0,3113.0,0.0,215.0,400.0
DJI,Djibouti,RES,ADO|ST|E,MUR+STRUB/LWAL/CDN+ERN/H:1/RES,RURAL,1273.0,22916303.0,4044054.0,7731.0,76388.0,26960357.0,18162.0,1273.0,60.0,300.0
DJI,Djibouti,COM,ADO|ST|E,MUR+STRUB/LWAL/CDN+ERN/H:2/COM,TOTAL,80.0,12533364.0,4177786.0,0.0,21243.0,16711152.0,6468.0,0.0,266.0,590.0
DJI,Djibouti,IND,ADO|ST|E,MUR+STRUB/LWAL/CDN+ERN/H:2/IND,TOTAL,18.0,2740362.0,1475579.0,0.0,6851.0,4215941.0,2027.0,0.0,381.0,400.0
DJI,Djibouti,RES,ADO|ST|E,MUR+STRUB/LWAL/CDN+ERN/H:2/RES,RURAL,1244.0,37526014.0,6622240.0,7731.0,125087.0,44148253.0,29775.0,1273.0,101.0,300.0
DJI,Djibouti,COM,ADO|ST|E,MUR+STRUB/LWAL/CDN+ERN/H:3/COM,TOTAL,1.0,804062.0,268021.0,0.0,1363.0,1072083.0,415.0,0.0,1363.0,590.0
DJI,Djibouti,RES,ADO|ST|E,MUR+STRUB/LWAL/CDN+ERN/H:3/RES,RURAL,17.0,3082799.0,544024.0,742.0,10276.0,3626823.0,2449.0,122.0,604.0,300.0
DJI,Djibouti,IND,S,S+SL/LFM/CDL+ERL/H:1/IND,TOTAL,72.0,10804627.0,3601542.0,0.0,15435.0,14406173.0,5268.0,0.0,214.0,700.0
DJI,Djibouti,IND,S,S+SL/LFM/CDL+ERL/H:2/IND,TOTAL,17.0,4669205.0,1556402.0,0.0,6670.0,6225606.0,2278.0,0.0,392.0,700.0
DJI,Djibouti,IND,S,S/LFM/CDL+ERL/H:1/IND,TOTAL,143.0,22020537.0,7340177.0,0.0,31458.0,29360716.0,10736.0,0.0,220.0,700.0
DJI,Djibouti,IND,S,S/LFM/CDL+ERL/H:2/IND,TOTAL,50.0,15470582.0,5156861.0,0.0,22101.0,20627444.0,7548.0,0.0,442.0,700.0
DJI,Djibouti,COM,W,W+WLI/LWAL/CDL+ERM/H:1/COM,TOTAL,1719.0,89375213.0,29791740.0,0.0,223438.0,119166955.0,42654.0,0.0,130.0,400.0
DJI,Djibouti,RES,W,W+WLI/LWAL/CDL+ERM/H:1/RES,URBAN,20328.0,487896039.0,121974010.0,123421.0,1219740.0,609870049.0,129004.0,20328.0,60.0,400.0
DJI,Djibouti,RES,W,W+WLI/LWAL/CDL+ERM/H:1/RES,RURAL,3567.0,94158492.0,23539624.0,21656.0,213997.0,117698114.0,22633.0,3567.0,60.0,440.0
DJI,Djibouti,COM,W,W+WLI/LWAL/CDL+ERM/H:2/COM,TOTAL,290.0,29792166.0,9930719.0,0.0,74480.0,39722898.0,14225.0,0.0,257.0,400.0
DJI,Djibouti,RES,W,W+WLI/LWAL/CDL+ERM/H:2/RES,RURAL,1159.0,51394996.0,12848749.0,7219.0,116807.0,64243746.0,12362.0,1189.0,101.0,440.0
DJI,Djibouti,RES,W,W+WLI/LWAL/CDL+ERM/H:2/RES,URBAN,6606.0,266309384.0,66577345.0,41150.0,665773.0,332886730.0,70459.0,6778.0,101.0,400.0
DJI,Djibouti,COM,W,W/LWAL/CDL+ERM/H:1/COM,TOTAL,16.0,768390.0,256130.0,0.0,1921.0,1024522.0,367.0,0.0,120.0,400.0
DJI,Djibouti,RES,W,W/LWAL/CDL+ERM/H:1/RES,RURAL,91.0,2411852.0,602963.0,550.0,5481.0,3014815.0,580.0,91.0,60.0,440.0
DJI,Djibouti,RES,W,W/LWAL/CDL+ERM/H:1/RES,URBAN,127.0,3043790.0,760948.0,773.0,7609.0,3804739.0,805.0,127.0,60.0,400.0
DJI,Djibouti,COM,W,W/LWAL/CDL+ERM/H:2/COM,TOTAL,5.0,485477.0,161826.0,0.0,1214.0,647305.0,232.0,0.0,243.0,400.0
DJI,Djibouti,RES,W,W/LWAL/CDL+ERM/H:2/RES,RURAL,87.0,3893864.0,973466.0,538.0,8850.0,4867329.0,937.0,89.0,102.0,440.0
DJI,Djibouti,RES,W,W/LWAL/CDL+ERM/H:2/RES,URBAN,121.0,4914496.0,1228625.0,754.0,12286.0,6143121.0,1300.0,124.0,102.0,400.0
DJI,Djibouti,COM,W,W/LWAL/CDL+ERM/H:3/COM,TOTAL,2.0,243567.0,81189.0,0.0,609.0,324756.0,116.0,0.0,304.0,400.0
DJI,Djibouti,RES,W,W/LWAL/CDL+ERM/H:3/RES,RURAL,34.0,2028686.0,507171.0,234.0,4611.0,2535857.0,488.0,38.0,136.0,440.0
DJI,Djibouti,RES,W,W/LWAL/CDL+ERM/H:3/RES,URBAN,48.0,2559705.0,639926.0,318.0,6399.0,3199630.0,678.0,52.0,133.0,400.0
EGY,Egypt,COM,CR-,CR/LDUAL/CDL+ERL/H:1/COM,TOTAL,4471.0,290082333.0,51191000.0,0.0,580165.0,341273329.0,301251.0,0.0,130.0,500.0
EGY,Egypt,IND,CR-,CR/LDUAL/CDL+ERL/H:1/IND,TOTAL,10196.0,695908448.0,231969487.0,0.0,2244866.0,927877930.0,1137159.0,0.0,220.0,310.0
EGY,Egypt,RES,CR-,CR/LDUAL/CDL+ERL/H:1/RES,URBAN,54445.0,1633330565.0,288234805.0,219411.0,3266661.0,1921565371.0,1224851.0,54445.0,60.0,500.0
EGY,Egypt,COM,CR-,CR/LDUAL/CDL+ERL/H:2/COM,TOTAL,7813.0,1015374584.0,179183750.0,0.0,2030749.0,1194558338.0,1055305.0,0.0,260.0,500.0
EGY,Egypt,IND,CR-,CR/LDUAL/CDL+ERL/H:2/IND,TOTAL,3402.0,506112596.0,168704195.0,0.0,1632621.0,674816794.0,827768.0,0.0,480.0,310.0
EGY,Egypt,RES,CR-,CR/LDUAL/CDL+ERL/H:2/RES,URBAN,185794.0,9361021619.0,1651944992.0,767928.0,18722043.0,11012966616.0,7025060.0,190556.0,101.0,500.0
EGY,Egypt,COM,CR-,CR/LDUAL/CDL+ERL/H:3/COM,TOTAL,5211.0,1171585834.0,206750440.0,0.0,2343172.0,1378336284.0,1218626.0,0.0,450.0,500.0
EGY,Egypt,RES,CR-,CR/LDUAL/CDL+ERL/H:3/RES,URBAN,148469.0,10929135401.0,1928670954.0,767899.0,21858271.0,12857806356.0,8207863.0,190549.0,147.0,500.0
EGY,Egypt,COM,CR-,CR/LDUAL/CDL+ERL/H:4-7/COM,TOTAL,1339.0,802647409.0,141643663.0,0.0,1605295.0,944291064.0,836859.0,0.0,1199.0,500.0
EGY,Egypt,RES,CR-,CR/LDUAL/CDL+ERL/H:4-7/RES,URBAN,6806.0,3266661169.0,576469618.0,329119.0,6533322.0,3843130784.0,2458666.0,81669.0,960.0,500.0
EGY,Egypt,COM,CR-,CR/LDUAL/CDL+ERL/H:>7/COM,TOTAL,225.0,353077153.0,62307737.0,0.0,706154.0,415384884.0,368709.0,0.0,3138.0,500.0
EGY,Egypt,RES,CR-,CR/LDUAL/CDL+ERL/H:>7/RES,URBAN,1701.0,1020831219.0,180146684.0,109701.0,2041662.0,1200977907.0,769454.0,27221.0,1200.0,500.0
EGY,Egypt,COM,CR+,CR/LDUAL/CDM+ERM/H:1/COM,TOTAL,5929.0,385019984.0,67944703.0,0.0,770040.0,452964693.0,399844.0,0.0,130.0,500.0
EGY,Egypt,IND,CR+,CR/LDUAL/CDM+ERM/H:1/IND,TOTAL,12660.0,863313814.0,287771272.0,0.0,2784883.0,1151085084.0,1410710.0,0.0,220.0,310.0
EGY,Egypt,RES,CR+,CR/LDUAL/CDM+ERM/H:1/RES,URBAN,56018.0,1680551379.0,296567890.0,225751.0,3361103.0,1977119271.0,1260262.0,56018.0,60.0,500.0
EGY,Egypt,COM,CR+,CR/LDUAL/CDM+ERM/H:2/COM,TOTAL,10380.0,1347679391.0,237825773.0,0.0,2695359.0,1585505168.0,1400678.0,0.0,260.0,500.0
EGY,Egypt,IND,CR+,CR/LDUAL/CDM+ERM/H:2/IND,TOTAL,4227.0,627865981.0,209288660.0,0.0,2025374.0,837154644.0,1026901.0,0.0,479.0,310.0
EGY,Egypt,RES,CR+,CR/LDUAL/CDM+ERM/H:2/RES,URBAN,191163.0,9631655084.0,1699703839.0,790125.0,19263310.0,11331358920.0,7228159.0,196064.0,101.0,500.0
EGY,Egypt,COM,CR+,CR/LDUAL/CDM+ERM/H:3/COM,TOTAL,6910.0,1555010008.0,274413527.0,0.0,3110020.0,1829423535.0,1617444.0,0.0,450.0,500.0
EGY,Egypt,RES,CR+,CR/LDUAL/CDM+ERM/H:3/RES,URBAN,152767.0,11245099537.0,1984429328.0,790127.0,22490199.0,13229528869.0,8445154.0,196065.0,147.0,500.0
EGY,Egypt,COM,CR+,CR/LDUAL/CDM+ERM/H:4-7/COM,TOTAL,1775.0,1065381701.0,188008534.0,0.0,2130763.0,1253390234.0,1110792.0,0.0,1200.0,500.0
EGY,Egypt,RES,CR+,CR/LDUAL/CDM+ERM/H:4-7/RES,URBAN,7003.0,3361102292.0,593135698.0,338616.0,6722205.0,3954237988.0,2529748.0,84025.0,960.0,500.0
EGY,Egypt,COM,CR+,CR/LDUAL/CDM+ERM/H:>7/COM,TOTAL,300.0,468960145.0,82757671.0,0.0,937920.0,551717819.0,489722.0,0.0,3126.0,500.0
EGY,Egypt,RES,CR+,CR/LDUAL/CDM+ERM/H:>7/RES,URBAN,1751.0,1050343904.0,185354805.0,112866.0,2100688.0,1235698708.0,791699.0,28007.0,1200.0,500.0
EGY,Egypt,COM,CR-,CR/LFINF/CDL+ERL/H:1/COM,TOTAL,11158.0,725273341.0,127989409.0,0.0,1450547.0,853262759.0,718634.0,0.0,130.0,500.0
EGY,Egypt,IND,CR-,CR/LFINF/CDL+ERL/H:1/IND,TOTAL,25512.0,1739768304.0,579922766.0,0.0,5612156.0,2319691067.0,2763124.0,0.0,220.0,310.0
EGY,Egypt,RES,CR-,CR/LFINF/CDL+ERL/H:1/RES,URBAN,217775.0,6533320020.0,1152938827.0,877618.0,13066640.0,7686258848.0,4479046.0,217775.0,60.0,500.0
EGY,Egypt,COM,CR-,CR/LFINF/CDL+ERL/H:2/COM,TOTAL,19526.0,2538442088.0,447960369.0,0.0,5076884.0,2986402457.0,2517171.0,0.0,260.0,500.0
EGY,Egypt,IND,CR-,CR/LFINF/CDL+ERL/H:2/IND,TOTAL,8499.0,1265286398.0,421762133.0,0.0,4081569.0,1687048538.0,2011357.0,0.0,480.0,310.0
EGY,Egypt,RES,CR-,CR/LFINF/CDL+ERL/H:2/RES,URBAN,743163.0,37444091332.0,6607780826.0,3071686.0,74888183.0,44051872158.0,25689038.0,762219.0,101.0,500.0
EGY,Egypt,COM,CR-,CR/LFINF/CDL+ERL/H:3/COM,TOTAL,13011.0,2928968161.0,516876735.0,0.0,5857936.0,3445844897.0,2906694.0,0.0,450.0,500.0
EGY,Egypt,RES,CR-,CR/LFINF/CDL+ERL/H:3/RES,URBAN,593895.0,43716532117.0,7714682139.0,3071696.0,87433064.0,51431214256.0,30013942.0,762221.0,147.0,500.0
EGY,Egypt,COM,CR-,CR/LFINF/CDL+ERL/H:4-7/COM,TOTAL,3354.0,2008106274.0,354371696.0,0.0,4016213.0,2362477970.0,1997504.0,0.0,1197.0,500.0
EGY,Egypt,RES,CR-,CR/LFINF/CDL+ERL/H:4-7/RES,URBAN,27221.0,13066640460.0,2305877729.0,1316444.0,26133281.0,15372518192.0,8990384.0,326667.0,960.0,500.0
EGY,Egypt,COM,CR-,CR/LFINF/CDL+ERL/H:>7/COM,TOTAL,563.0,889069372.0,156894596.0,0.0,1778139.0,1045963972.0,885753.0,0.0,3158.0,500.0
EGY,Egypt,RES,CR-,CR/LFINF/CDL+ERL/H:>7/RES,URBAN,6806.0,4083326169.0,720586973.0,438800.0,8166652.0,4803913142.0,2813532.0,108885.0,1200.0,500.0
EGY,Egypt,COM,CR+,CR/LFINF/CDM+ERM/H:1/COM,TOTAL,14811.0,962624593.0,169874930.0,0.0,1925249.0,1132499524.0,953812.0,0.0,130.0,500.0
EGY,Egypt,IND,CR+,CR/LFINF/CDM+ERM/H:1/IND,TOTAL,31653.0,2158292428.0,719430808.0,0.0,6962234.0,2877723231.0,3427830.0,0.0,220.0,310.0
EGY,Egypt,RES,CR+,CR/LFINF/CDM+ERM/H:1/RES,URBAN,224073.0,6722199634.0,1186270525.0,902999.0,13444399.0,7908470161.0,4608536.0,224073.0,60.0,500.0
EGY,Egypt,COM,CR+,CR/LFINF/CDM+ERM/H:2/COM,TOTAL,25924.0,3369188845.0,594562737.0,0.0,6738378.0,3963751578.0,3340956.0,0.0,260.0,500.0
EGY,Egypt,IND,CR+,CR/LFINF/CDM+ERM/H:2/IND,TOTAL,10551.0,1569667322.0,523222438.0,0.0,5063443.0,2092889752.0,2495215.0,0.0,480.0,310.0
EGY,Egypt,RES,CR+,CR/LFINF/CDM+ERM/H:2/RES,URBAN,764654.0,38526620699.0,6798815417.0,3160502.0,77053241.0,45325436114.0,26431723.0,784258.0,101.0,500.0
EGY,Egypt,COM,CR+,CR/LFINF/CDM+ERM/H:3/COM,TOTAL,17278.0,3887524400.0,686033715.0,0.0,7775049.0,4573558119.0,3857961.0,0.0,450.0,500.0
EGY,Egypt,RES,CR+,CR/LFINF/CDM+ERM/H:3/RES,URBAN,611069.0,44980403720.0,7937718308.0,3160522.0,89960807.0,52918122023.0,30881663.0,784263.0,147.0,500.0
EGY,Egypt,COM,CR+,CR/LFINF/CDM+ERM/H:4-7/COM,TOTAL,4447.0,2665312615.0,470349285.0,0.0,5330625.0,3135661900.0,2651240.0,0.0,1199.0,500.0
EGY,Egypt,RES,CR+,CR/LFINF/CDM+ERM/H:4-7/RES,URBAN,28007.0,13444405899.0,2372542217.0,1354492.0,26888812.0,15816948113.0,9250302.0,336108.0,960.0,500.0
EGY,Egypt,COM,CR+,CR/LFINF/CDM+ERM/H:>7/COM,TOTAL,740.0,1180115849.0,208255738.0,0.0,2360232.0,1388371586.0,1175714.0,0.0,3190.0,500.0
EGY,Egypt,RES,CR+,CR/LFINF/CDM+ERM/H:>7/RES,URBAN,7003.0,4201375964.0,741419288.0,451478.0,8402752.0,4942795249.0,2894872.0,112031.0,1200.0,500.0
EGY,Egypt,COM,CR-,CR/LWAL/CDL+ERL/H:1/COM,TOTAL,2231.0,144946512.0,25578792.0,0.0,289893.0,170525307.0,157435.0,0.0,130.0,500.0
EGY,Egypt,IND,CR-,CR/LWAL/CDL+ERL/H:1/IND,TOTAL,5099.0,347953695.0,115984563.0,0.0,1122431.0,463938250.0,584532.0,0.0,220.0,310.0
EGY,Egypt,RES,CR-,CR/LWAL/CDL+ERL/H:1/RES,URBAN,27221.0,816665614.0,144117460.0,109701.0,1633331.0,960783076.0,664969.0,27221.0,60.0,500.0
EGY,Egypt,COM,CR-,CR/LWAL/CDL+ERL/H:2/COM,TOTAL,3908.0,507686225.0,89591688.0,0.0,1015372.0,597277905.0,551871.0,0.0,260.0,500.0
EGY,Egypt,IND,CR-,CR/LWAL/CDL+ERL/H:2/IND,TOTAL,1701.0,253056797.0,84352268.0,0.0,816312.0,337409061.0,425499.0,0.0,480.0,310.0
EGY,Egypt,RES,CR-,CR/LWAL/CDL+ERL/H:2/RES,URBAN,92893.0,4680510465.0,825972435.0,383965.0,9361021.0,5506482903.0,3813927.0,95278.0,101.0,500.0
EGY,Egypt,COM,CR-,CR/LWAL/CDL+ERL/H:3/COM,TOTAL,2598.0,585601001.0,103341359.0,0.0,1171202.0,688942353.0,637078.0,0.0,451.0,500.0
EGY,Egypt,RES,CR-,CR/LWAL/CDL+ERL/H:3/RES,URBAN,74242.0,5464564259.0,964334871.0,383968.0,10929129.0,6428899136.0,4456113.0,95279.0,147.0,500.0
EGY,Egypt,COM,CR-,CR/LWAL/CDL+ERL/H:4-7/COM,TOTAL,674.0,400521859.0,70680328.0,0.0,801044.0,471202187.0,436780.0,0.0,1188.0,500.0
EGY,Egypt,RES,CR-,CR/LWAL/CDL+ERL/H:4-7/RES,URBAN,3405.0,1633330565.0,288234805.0,164551.0,3266661.0,1921565371.0,1334867.0,40832.0,959.0,500.0
EGY,Egypt,COM,CR-,CR/LWAL/CDL+ERL/H:>7/COM,TOTAL,105.0,163766137.0,28899905.0,0.0,327532.0,192666042.0,178878.0,0.0,3119.0,500.0
EGY,Egypt,RES,CR-,CR/LWAL/CDL+ERL/H:>7/RES,URBAN,852.0,510415699.0,90073358.0,54855.0,1020831.0,600489056.0,417762.0,13612.0,1198.0,500.0
EGY,Egypt,COM,CR+,CR/LWAL/CDM+ERM/H:1/COM,TOTAL,2963.0,192385847.0,33950446.0,0.0,384772.0,226336290.0,208961.0,0.0,130.0,500.0
EGY,Egypt,IND,CR+,CR/LWAL/CDM+ERM/H:1/IND,TOTAL,6330.0,431659072.0,143886366.0,0.0,1392449.0,575545428.0,725150.0,0.0,220.0,310.0
EGY,Egypt,RES,CR+,CR/LWAL/CDM+ERM/H:1/RES,URBAN,28007.0,840274554.0,148283743.0,112866.0,1680549.0,988558296.0,684193.0,28007.0,60.0,500.0
EGY,Egypt,COM,CR+,CR/LWAL/CDM+ERM/H:2/COM,TOTAL,5184.0,673838284.0,118912645.0,0.0,1347677.0,792750929.0,732483.0,0.0,260.0,500.0
EGY,Egypt,IND,CR+,CR/LWAL/CDM+ERM/H:2/IND,TOTAL,2109.0,313932613.0,104644205.0,0.0,1012686.0,418576816.0,527858.0,0.0,480.0,310.0
EGY,Egypt,RES,CR+,CR/LWAL/CDM+ERM/H:2/RES,URBAN,95580.0,4815829515.0,849852268.0,395060.0,9631659.0,5665681782.0,3924192.0,98031.0,101.0,500.0
EGY,Egypt,COM,CR+,CR/LWAL/CDM+ERM/H:3/COM,TOTAL,3456.0,777266895.0,137164745.0,0.0,1554534.0,914431643.0,845593.0,0.0,450.0,500.0
EGY,Egypt,RES,CR+,CR/LWAL/CDM+ERM/H:3/RES,URBAN,76384.0,5622548532.0,992214446.0,395077.0,11245097.0,6614762984.0,4584942.0,98036.0,147.0,500.0
EGY,Egypt,COM,CR+,CR/LWAL/CDM+ERM/H:4-7/COM,TOTAL,892.0,531640205.0,93818861.0,0.0,1063280.0,625459068.0,579768.0,0.0,1192.0,500.0
EGY,Egypt,RES,CR+,CR/LWAL/CDM+ERM/H:4-7/RES,URBAN,3502.0,1680551379.0,296567890.0,169312.0,3361103.0,1977119271.0,1373459.0,42013.0,960.0,500.0
EGY,Egypt,COM,CR+,CR/LWAL/CDM+ERM/H:>7/COM,TOTAL,140.0,218803308.0,38612345.0,0.0,437607.0,257415656.0,238993.0,0.0,3126.0,500.0
EGY,Egypt,RES,CR+,CR/LWAL/CDM+ERM/H:>7/RES,URBAN,874.0,525171538.0,92677331.0,56444.0,1050343.0,617848871.0,429839.0,14006.0,1202.0,500.0
EGY,Egypt,RES,ADO|ST|E,E+ETO/LWAL/CDN+ERN/H:1/RES,RURAL,2865825.0,15475453508.0,2730962384.0,11549067.0,171949483.0,18206415890.0,15362992.0,2865825.0,60.0,90.0
EGY,Egypt,RES,OT,MATO/LN/CDN+ERN/H:1/RES,RURAL,327521.0,1768623425.0,312110017.0,1319885.0,19651371.0,2080733442.0,9029012.0,327521.0,60.0,90.0
EGY,Egypt,RES,OT,MATO/LN/CDN+ERN/H:1/RES,URBAN,129961.0,1091631404.0,192640838.0,523732.0,7797367.0,1284272239.0,3582576.0,129961.0,60.0,140.0
EGY,Egypt,COM,MR|MCF,MCF/LWAL/CDL+ERL/H:1/COM,TOTAL,40176.0,2610968952.0,652742235.0,0.0,5221938.0,3263711193.0,2587067.0,0.0,130.0,500.0
EGY,Egypt,IND,MR|MCF,MCF/LWAL/CDL+ERL/H:1/IND,TOTAL,20410.0,1391812764.0,463937590.0,0.0,4489719.0,1855750352.0,2210497.0,0.0,220.0,310.0
EGY,Egypt,RES,MR|MCF,MCF/LWAL/CDL+ERL/H:1/RES,URBAN,122496.0,3674991253.0,648527867.0,493652.0,7349983.0,4323519122.0,2519462.0,122496.0,60.0,500.0
EGY,Egypt,COM,MR|MCF,MCF/LWAL/CDL+ERL/H:2/COM,TOTAL,20085.0,2610965519.0,652741379.0,0.0,5221931.0,3263706903.0,2589087.0,0.0,260.0,500.0
EGY,Egypt,IND,MR|MCF,MCF/LWAL/CDL+ERL/H:2/IND,TOTAL,6804.0,1012226918.0,337408974.0,0.0,3265248.0,1349635891.0,1609082.0,0.0,480.0,310.0
EGY,Egypt,RES,MR|MCF,MCF/LWAL/CDL+ERL/H:2/RES,URBAN,119439.0,6017800934.0,1061964871.0,493669.0,12035602.0,7079765803.0,4128596.0,122501.0,101.0,500.0
EGY,Egypt,COM,MR|MCF,MCF/LWAL/CDL+ERL/H:3-6/COM,TOTAL,1785.0,801772720.0,200443183.0,0.0,1603545.0,1002215902.0,796297.0,0.0,898.0,500.0
EGY,Egypt,RES,MR|MCF,MCF/LWAL/CDL+ERL/H:3-6/RES,URBAN,3402.0,1156943651.0,204166524.0,109702.0,2313887.0,1361110180.0,794881.0,27222.0,680.0,500.0
EGY,Egypt,COM,MR|MCF,MCF/LWAL/CDM+ERM/H:1/COM,TOTAL,41328.0,2686449001.0,671612245.0,0.0,5372898.0,3358061248.0,2661856.0,0.0,130.0,500.0
EGY,Egypt,IND,MR|MCF,MCF/LWAL/CDM+ERM/H:1/IND,TOTAL,20995.0,1432051457.0,477350493.0,0.0,4619521.0,1909401941.0,2274404.0,0.0,220.0,310.0
EGY,Egypt,RES,MR|MCF,MCF/LWAL/CDM+ERM/H:1/RES,URBAN,126044.0,3781239854.0,667277619.0,507947.0,7562480.0,4448517474.0,2592303.0,126044.0,60.0,500.0
EGY,Egypt,COM,MR|MCF,MCF/LWAL/CDM+ERM/H:2/COM,TOTAL,20660.0,2686449556.0,671612384.0,0.0,5372899.0,3358061940.0,2663938.0,0.0,260.0,500.0
EGY,Egypt,IND,MR|MCF,MCF/LWAL/CDM+ERM/H:2/IND,TOTAL,6996.0,1041491086.0,347163697.0,0.0,3359649.0,1388654784.0,1655602.0,0.0,480.0,310.0
EGY,Egypt,RES,MR|MCF,MCF/LWAL/CDM+ERM/H:2/RES,URBAN,122891.0,6191776569.0,1092666452.0,507948.0,12383553.0,7284443024.0,4247954.0,126044.0,101.0,500.0
EGY,Egypt,COM,MR|MCF,MCF/LWAL/CDM+ERM/H:3-6/COM,TOTAL,1835.0,824953120.0,206238284.0,0.0,1649906.0,1031191399.0,819319.0,0.0,899.0,500.0
EGY,Egypt,RES,MR|MCF,MCF/LWAL/CDM+ERM/H:3-6/RES,URBAN,3502.0,1190389416.0,210068721.0,112877.0,2380779.0,1400458134.0,817860.0,28009.0,680.0,500.0
EGY,Egypt,RES,OT,ME+MEO/LWAL/CDN+ERM/H:1/RES,URBAN,194932.0,1637446648.0,288961172.0,785562.0,11696047.0,1926407823.0,456371.0,194932.0,60.0,140.0
EGY,Egypt,RES,OT,ME+MEO/LWAL/CDN+ERM/H:1/RES,RURAL,245643.0,1326467599.0,234082517.0,989922.0,14738529.0,1560550114.0,575086.0,245643.0,60.0,90.0
EGY,Egypt,COM,ADO|ST|E,MUR+ADO/LWAL/CDN+ERN/H:1/COM,TOTAL,210372.0,4375724485.0,1458574832.0,0.0,27348278.0,5834299312.0,2320797.0,0.0,130.0,160.0
EGY,Egypt,RES,ADO|ST|E,MUR+ADO/LWAL/CDN+ERN/H:1/RES,URBAN,277780.0,1500018042.0,264709067.0,1119432.0,16666867.0,1764727108.0,1023716.0,277780.0,60.0,90.0
EGY,Egypt,RES,ADO|ST|E,MUR+ADO/LWAL/CDN+ERN/H:1/RES,RURAL,1361267.0,7350840533.0,1297207150.0,5485805.0,81676006.0,8648047687.0,5016719.0,1361267.0,60.0,90.0
EGY,Egypt,COM,ADO|ST|E,MUR+ADO/LWAL/CDN+ERN/H:2/COM,TOTAL,105183.0,4375724826.0,1458574947.0,0.0,27348280.0,5834299758.0,2327531.0,0.0,260.0,160.0
EGY,Egypt,RES,ADO|ST|E,MUR+ADO/LWAL/CDN+ERN/H:2/RES,URBAN,270839.0,2456280042.0,433461181.0,1119452.0,27292000.0,2889741226.0,1680763.0,277785.0,101.0,90.0
EGY,Egypt,RES,ADO|ST|E,MUR+ADO/LWAL/CDN+ERN/H:2/RES,RURAL,1327234.0,12037001444.0,2124176730.0,5485811.0,133744460.0,14161178171.0,8236580.0,1361268.0,101.0,90.0
EGY,Egypt,COM,ADO|ST|E,MUR+ADO/LWAL/CDN+ERN/H:3/COM,TOTAL,4427.0,637199018.0,212399670.0,0.0,3982494.0,849598688.0,339919.0,0.0,900.0,160.0
EGY,Egypt,RES,ADO|ST|E,MUR+ADO/LWAL/CDN+ERN/H:3/RES,RURAL,17915.0,1096177836.0,193443147.0,577455.0,12179754.0,1289620981.0,752060.0,143292.0,680.0,90.0
EGY,Egypt,RES,ADO|ST|E,MUR+ADO/LWAL/CDN+ERN/H:3/RES,URBAN,3662.0,223687204.0,39474215.0,117833.0,2485413.0,263161422.0,153466.0,29239.0,679.0,90.0
EGY,Egypt,COM,MUR,MUR+CB/LWAL/CDN+ERN/H:1/COM,TOTAL,175783.0,7997911272.0,1999477812.0,0.0,22851175.0,9997389077.0,19261468.0,0.0,130.0,350.0
EGY,Egypt,IND,MUR,MUR+CB/LWAL/CDN+ERN/H:1/IND,TOTAL,111248.0,4160729550.0,1386909841.0,0.0,24474880.0,5547639409.0,19687567.0,0.0,220.0,170.0
EGY,Egypt,RES,MUR,MUR+CB/LWAL/CDN+ERN/H:1/RES,RURAL,1361267.0,12251400887.0,2162011921.0,5485805.0,81676006.0,14413412814.0,52975948.0,1361267.0,60.0,150.0
EGY,Egypt,RES,MUR,MUR+CB/LWAL/CDN+ERN/H:1/RES,URBAN,1049396.0,15111296398.0,2666699364.0,4228990.0,62963735.0,17777995762.0,40838965.0,1049396.0,60.0,240.0
EGY,Egypt,COM,MUR,MUR+CB/LWAL/CDN+ERN/H:2/COM,TOTAL,87886.0,7997909269.0,1999477326.0,0.0,22851169.0,9997386599.0,19271776.0,0.0,260.0,350.0
EGY,Egypt,IND,MUR,MUR+CB/LWAL/CDN+ERN/H:2/IND,TOTAL,37082.0,3025984710.0,1008661575.0,0.0,17799910.0,4034646269.0,14326367.0,0.0,480.0,170.0
EGY,Egypt,RES,MUR,MUR+CB/LWAL/CDN+ERN/H:2/RES,RURAL,1327234.0,20061669075.0,3540294541.0,5485811.0,133744460.0,23601963614.0,86790767.0,1361268.0,101.0,150.0
EGY,Egypt,RES,MUR,MUR+CB/LWAL/CDN+ERN/H:2/RES,URBAN,1023162.0,24744746875.0,4366720037.0,4228985.0,103103112.0,29111466904.0,66906683.0,1049395.0,101.0,240.0
EGY,Egypt,COM,MUR,MUR+CB/LWAL/CDN+ERN/H:3/COM,TOTAL,3699.0,1164268249.0,291067061.0,0.0,3326481.0,1455335311.0,2806925.0,0.0,899.0,350.0
EGY,Egypt,RES,MUR,MUR+CB/LWAL/CDN+ERN/H:3/RES,RURAL,17915.0,1826963052.0,322405243.0,577455.0,12179754.0,2149368299.0,7907690.0,143292.0,680.0,150.0
EGY,Egypt,RES,MUR,MUR+CB/LWAL/CDN+ERN/H:3/RES,URBAN,13806.0,2253437938.0,397665519.0,445149.0,9389325.0,2651103453.0,6096007.0,110461.0,680.0,240.0
EGY,Egypt,COM,MUR,MUR+CL/LWAL/CDN+ERN/H:1/COM,TOTAL,175783.0,7997911272.0,1999477812.0,0.0,22851175.0,9997389077.0,14226371.0,0.0,130.0,350.0
EGY,Egypt,IND,MUR,MUR+CL/LWAL/CDN+ERN/H:1/IND,TOTAL,111248.0,4160729550.0,1386909841.0,0.0,24474880.0,5547639409.0,14102709.0,0.0,220.0,170.0
EGY,Egypt,RES,MUR,MUR+CL/LWAL/CDN+ERN/H:1/RES,RURAL,1361267.0,12251400887.0,2162011921.0,5485805.0,81676006.0,14413412814.0,37526829.0,1361267.0,60.0,150.0
EGY,Egypt,RES,MUR,MUR+CL/LWAL/CDN+ERN/H:1/RES,URBAN,1327173.0,19111343887.0,3372590098.0,5348411.0,79630600.0,22483933983.0,36587048.0,1327173.0,60.0,240.0
EGY,Egypt,COM,MUR,MUR+CL/LWAL/CDN+ERN/H:2/COM,TOTAL,87886.0,7997909269.0,1999477326.0,0.0,22851169.0,9997386599.0,14234419.0,0.0,260.0,350.0
EGY,Egypt,IND,MUR,MUR+CL/LWAL/CDN+ERN/H:2/IND,TOTAL,37082.0,3025984710.0,1008661575.0,0.0,17799910.0,4034646269.0,10262737.0,0.0,480.0,170.0
EGY,Egypt,RES,MUR,MUR+CL/LWAL/CDN+ERN/H:2/RES,RURAL,1327234.0,20061669075.0,3540294541.0,5485811.0,133744460.0,23601963614.0,61483024.0,1361268.0,101.0,150.0
EGY,Egypt,RES,MUR,MUR+CL/LWAL/CDN+ERN/H:2/RES,URBAN,1293998.0,31294825283.0,5522616226.0,5348431.0,130395105.0,36817441509.0,59943308.0,1327178.0,101.0,240.0
EGY,Egypt,COM,MUR,MUR+CL/LWAL/CDN+ERN/H:3/COM,TOTAL,3699.0,1164268249.0,291067061.0,0.0,3326481.0,1455335311.0,2073299.0,0.0,899.0,350.0
EGY,Egypt,RES,MUR,MUR+CL/LWAL/CDN+ERN/H:3/RES,URBAN,17468.0,2849937485.0,502930144.0,562988.0,11874740.0,3352867629.0,5461795.0,139702.0,680.0,240.0
EGY,Egypt,RES,MUR,MUR+CL/LWAL/CDN+ERN/H:3/RES,RURAL,17915.0,1826963052.0,322405243.0,577455.0,12179754.0,2149368299.0,5602087.0,143292.0,680.0,150.0
EGY,Egypt,COM,ADO|ST|E,MUR+STDRE/LWAL/CDN+ERN/H:1/COM,TOTAL,7480.0,340315072.0,113438355.0,0.0,972329.0,453753430.0,295631.0,0.0,130.0,350.0
EGY,Egypt,IND,ADO|ST|E,MUR+STDRE/LWAL/CDN+ERN/H:1/IND,TOTAL,3968.0,358041934.0,192791811.0,0.0,873273.0,550833749.0,258021.0,0.0,220.0,410.0
EGY,Egypt,RES,ADO|ST|E,MUR+STDRE/LWAL/CDN+ERN/H:1/RES,URBAN,123460.0,1777799497.0,313729320.0,497536.0,7407498.0,2091528817.0,1761220.0,123460.0,60.0,240.0
EGY,Egypt,COM,ADO|ST|E,MUR+STDRE/LWAL/CDN+ERN/H:2/COM,TOTAL,3744.0,340316139.0,113438716.0,0.0,972332.0,453754850.0,296038.0,0.0,260.0,350.0
EGY,Egypt,IND,ADO|ST|E,MUR+STDRE/LWAL/CDN+ERN/H:2/IND,TOTAL,1326.0,260394600.0,140212482.0,0.0,635109.0,400607077.0,187917.0,0.0,479.0,410.0
EGY,Egypt,RES,ADO|ST|E,MUR+STDRE/LWAL/CDN+ERN/H:2/RES,URBAN,120372.0,2911146181.0,513731679.0,497514.0,12129776.0,3424877865.0,2887323.0,123455.0,101.0,240.0
EGY,Egypt,COM,ADO|ST|E,MUR+STDRE/LWAL/CDN+ERN/H:3/COM,TOTAL,156.0,47145167.0,15715056.0,0.0,134700.0,62860225.0,41067.0,0.0,863.0,350.0
EGY,Egypt,RES,ADO|ST|E,MUR+STDRE/LWAL/CDN+ERN/H:3/RES,URBAN,1626.0,265109259.0,46783989.0,52364.0,1104622.0,311893241.0,263243.0,12994.0,679.0,240.0
EGY,Egypt,COM,ADO|ST|E,MUR+STRUB/LWAL/CDN+ERN/H:1/COM,TOTAL,126223.0,5743195252.0,1914398414.0,0.0,16409129.0,7657593674.0,4989098.0,0.0,130.0,350.0
EGY,Egypt,IND,ADO|ST|E,MUR+STRUB/LWAL/CDN+ERN/H:1/IND,TOTAL,96151.0,8672879899.0,4670012254.0,0.0,21153366.0,13342892160.0,6250068.0,0.0,220.0,410.0
EGY,Egypt,RES,ADO|ST|E,MUR+STRUB/LWAL/CDN+ERN/H:1/RES,RURAL,1944668.0,16335201352.0,2882682592.0,7836873.0,116680010.0,19217883943.0,27742053.0,1944668.0,60.0,140.0
EGY,Egypt,COM,ADO|ST|E,MUR+STRUB/LWAL/CDN+ERN/H:2/COM,TOTAL,63113.0,5743196328.0,1914398780.0,0.0,16409132.0,7657595100.0,4995947.0,0.0,260.0,350.0
EGY,Egypt,IND,ADO|ST|E,MUR+STRUB/LWAL/CDN+ERN/H:2/IND,TOTAL,32052.0,6307546866.0,3396371392.0,0.0,15384261.0,9703918258.0,4551919.0,0.0,480.0,410.0
EGY,Egypt,RES,ADO|ST|E,MUR+STRUB/LWAL/CDN+ERN/H:2/RES,RURAL,1896051.0,26748891991.0,4720392705.0,7836855.0,191063514.0,31469284687.0,45479991.0,1944664.0,101.0,140.0
EGY,Egypt,COM,ADO|ST|E,MUR+STRUB/LWAL/CDN+ERN/H:3/COM,TOTAL,2658.0,836694745.0,278898248.0,0.0,2390556.0,1115592991.0,728830.0,0.0,899.0,350.0
EGY,Egypt,RES,ADO|ST|E,MUR+STRUB/LWAL/CDN+ERN/H:3/RES,RURAL,25594.0,2435950703.0,429873651.0,824924.0,17399648.0,2865824359.0,4146513.0,204700.0,680.0,140.0
EGY,Egypt,IND,S,S+SL/LFM/CDL+ERL/H:1/IND,TOTAL,44180.0,3013325884.0,1004441963.0,0.0,9720406.0,4017767857.0,3317426.0,0.0,220.0,310.0
EGY,Egypt,IND,S,S+SL/LFM/CDL+ERL/H:2/IND,TOTAL,14737.0,2191510599.0,730503535.0,0.0,7069389.0,2922014138.0,2414262.0,0.0,480.0,310.0
EGY,Egypt,IND,S,S+SL/LFM/CDM+ERM/H:1/IND,TOTAL,45461.0,3100444033.0,1033481346.0,0.0,10001432.0,4133925374.0,3413336.0,0.0,220.0,310.0
EGY,Egypt,IND,S,S+SL/LFM/CDM+ERM/H:2/IND,TOTAL,15154.0,2254866323.0,751622108.0,0.0,7273762.0,3006488430.0,2484057.0,0.0,480.0,310.0
EGY,Egypt,IND,S,S/LFM/CDL+ERL/H:1/IND,TOTAL,37162.0,2534033813.0,844677937.0,0.0,8174303.0,3378711749.0,2789765.0,0.0,220.0,310.0
EGY,Egypt,IND,S,S/LFM/CDL+ERL/H:2/IND,TOTAL,12388.0,1842933893.0,614311303.0,0.0,5944948.0,2457245193.0,2030255.0,0.0,480.0,310.0
EGY,Egypt,IND,S,S/LFM/CDM+ERM/H:1/IND,TOTAL,38236.0,2607293719.0,869097901.0,0.0,8410625.0,3476391621.0,2870418.0,0.0,220.0,310.0
EGY,Egypt,IND,S,S/LFM/CDM+ERM/H:2/IND,TOTAL,12743.0,1896215413.0,632071804.0,0.0,6116824.0,2528287213.0,2088952.0,0.0,480.0,310.0
EGY,Egypt,COM,W,W/LWAL/CDL+ERM/H:1/COM,TOTAL,10944.0,583258655.0,194419549.0,0.0,1422582.0,777678201.0,271566.0,0.0,130.0,410.0
EGY,Egypt,RES,W,W/LWAL/CDL+ERM/H:1/RES,RURAL,48426.0,842654328.0,210663580.0,195154.0,2905705.0,1053317901.0,307317.0,48426.0,60.0,290.0
EGY,Egypt,RES,W,W/LWAL/CDL+ERM/H:1/RES,URBAN,38432.0,1014585866.0,253646467.0,154876.0,2305877.0,1268232334.0,243878.0,38432.0,60.0,440.0
EGY,Egypt,COM,W,W/LWAL/CDL+ERM/H:2/COM,TOTAL,5468.0,583278043.0,194426016.0,0.0,1422629.0,777704060.0,271703.0,0.0,260.0,410.0
EGY,Egypt,RES,W,W/LWAL/CDL+ERM/H:2/RES,URBAN,37471.0,1661382209.0,415345555.0,154885.0,3775869.0,2076727760.0,399599.0,38434.0,101.0,440.0
EGY,Egypt,RES,W,W/LWAL/CDL+ERM/H:2/RES,RURAL,47220.0,1379844791.0,344961201.0,195184.0,4758086.0,1724805997.0,503546.0,48434.0,101.0,290.0
EGY,Egypt,COM,W,W/LWAL/CDL+ERM/H:3/COM,TOTAL,1817.0,335679919.0,111893307.0,0.0,818732.0,447573224.0,156441.0,0.0,451.0,410.0
EGY,Egypt,RES,W,W/LWAL/CDL+ERM/H:3/RES,RURAL,18867.0,805429757.0,201357439.0,97579.0,2777344.0,1006787200.0,294109.0,24212.0,147.0,290.0
EGY,Egypt,RES,W,W/LWAL/CDL+ERM/H:3/RES,URBAN,14970.0,969762870.0,242440722.0,77443.0,2204007.0,1212203591.0,233395.0,19217.0,147.0,440.0
EGY,Egypt,COM,W,W/LWAL/CDM+ERM/H:1/COM,TOTAL,11261.0,600120162.0,200040055.0,0.0,1463708.0,800160209.0,279417.0,0.0,130.0,410.0
EGY,Egypt,RES,W,W/LWAL/CDM+ERM/H:1/RES,URBAN,39543.0,1043918550.0,260979637.0,159357.0,2372542.0,1304898186.0,250928.0,39543.0,60.0,440.0
EGY,Egypt,RES,W,W/LWAL/CDM+ERM/H:1/RES,RURAL,49828.0,867015267.0,216753816.0,200804.0,2989708.0,1083769080.0,316202.0,49828.0,60.0,290.0
EGY,Egypt,COM,W,W/LWAL/CDM+ERM/H:2/COM,TOTAL,5631.0,600140383.0,200046799.0,0.0,1463757.0,800187184.0,279558.0,0.0,260.0,410.0
EGY,Egypt,RES,W,W/LWAL/CDM+ERM/H:2/RES,RURAL,48581.0,1419736651.0,354934160.0,200794.0,4895644.0,1774670810.0,518104.0,49826.0,101.0,290.0
EGY,Egypt,RES,W,W/LWAL/CDM+ERM/H:2/RES,URBAN,38556.0,1709412862.0,427353213.0,159360.0,3885029.0,2136766085.0,411151.0,39544.0,101.0,440.0
EGY,Egypt,COM,W,W/LWAL/CDM+ERM/H:3/COM,TOTAL,1872.0,345380940.0,115126978.0,0.0,842393.0,460507927.0,160962.0,0.0,450.0,410.0
EGY,Egypt,RES,W,W/LWAL/CDM+ERM/H:3/RES,RURAL,19408.0,828714879.0,207178717.0,100387.0,2857638.0,1035893596.0,302611.0,24909.0,147.0,290.0
EGY,Egypt,RES,W,W/LWAL/CDM+ERM/H:3/RES,URBAN,15406.0,997806104.0,249451528.0,79678.0,2267741.0,1247257626.0,240144.0,19771.0,147.0,440.0
GNQ,Equatorial Guinea,COM,CR-,CR/LFINF/CDL+ERL/H:1/COM,TOTAL,114.0,8574197.0,2143551.0,0.0,14533.0,10717745.0,7200.0,0.0,127.0,590.0
GNQ,Equatorial Guinea,IND,CR-,CR/LFINF/CDL+ERL/H:1/IND,TOTAL,322.0,36766186.0,12255394.0,0.0,70704.0,49021578.0,34811.0,0.0,220.0,520.0
GNQ,Equatorial Guinea,RES,CR-,CR/LFINF/CDL+ERL/H:1/RES,URBAN,1132.0,36660384.0,9165095.0,7127.0,67890.0,45825479.0,23272.0,1132.0,60.0,540.0
GNQ,Equatorial Guinea,COM,CR-,CR/LFINF/CDL+ERL/H:2/COM,TOTAL,199.0,30631468.0,7657868.0,0.0,51918.0,38289339.0,25741.0,0.0,261.0,590.0
GNQ,Equatorial Guinea,IND,CR-,CR/LFINF/CDL+ERL/H:2/IND,TOTAL,109.0,26724361.0,8908118.0,0.0,51393.0,35632484.0,25326.0,0.0,471.0,520.0
GNQ,Equatorial Guinea,RES,CR-,CR/LFINF/CDL+ERL/H:2/RES,URBAN,3859.0,210082833.0,52520708.0,24942.0,389042.0,262603541.0,133454.0,3960.0,101.0,540.0
GNQ,Equatorial Guinea,COM,CR-,CR/LFINF/CDL+ERL/H:3/COM,TOTAL,134.0,35223828.0,8805956.0,0.0,59701.0,44029784.0,29624.0,0.0,446.0,590.0
GNQ,Equatorial Guinea,RES,CR-,CR/LFINF/CDL+ERL/H:3/RES,URBAN,3084.0,245249521.0,61312383.0,24924.0,454166.0,306561904.0,155906.0,3957.0,147.0,540.0
GNQ,Equatorial Guinea,COM,CR-,CR/LFINF/CDL+ERL/H:4-7/COM,TOTAL,33.0,22080474.0,5520119.0,0.0,37425.0,27600592.0,18613.0,0.0,1134.0,590.0
GNQ,Equatorial Guinea,RES,CR-,CR/LFINF/CDL+ERL/H:4-7/RES,URBAN,142.0,72984687.0,18246172.0,10647.0,135157.0,91230859.0,46497.0,1690.0,952.0,540.0
GNQ,Equatorial Guinea,COM,CR-,CR/LFINF/CDL+ERL/H:>7/COM,TOTAL,3.0,4710753.0,1177688.0,0.0,7984.0,5888442.0,3977.0,0.0,2661.0,590.0
GNQ,Equatorial Guinea,RES,CR-,CR/LFINF/CDL+ERL/H:>7/RES,URBAN,36.0,22807702.0,5701925.0,3540.0,42236.0,28509627.0,14551.0,562.0,1173.0,540.0
GNQ,Equatorial Guinea,COM,CR-,CR/LWAL/CDL+ERL/H:1/COM,TOTAL,39.0,2884164.0,721041.0,0.0,4888.0,3605205.0,2655.0,0.0,125.0,590.0
GNQ,Equatorial Guinea,IND,CR-,CR/LWAL/CDL+ERL/H:1/IND,TOTAL,82.0,10026387.0,3342127.0,0.0,19282.0,13368516.0,10041.0,0.0,235.0,520.0
GNQ,Equatorial Guinea,RES,CR-,CR/LWAL/CDL+ERL/H:1/RES,URBAN,400.0,12959699.0,3239925.0,2519.0,23999.0,16199626.0,9771.0,400.0,60.0,540.0
GNQ,Equatorial Guinea,COM,CR-,CR/LWAL/CDL+ERL/H:2/COM,TOTAL,68.0,10630153.0,2657538.0,0.0,18017.0,13287691.0,9793.0,0.0,265.0,590.0
GNQ,Equatorial Guinea,IND,CR-,CR/LWAL/CDL+ERL/H:2/IND,TOTAL,29.0,7132639.0,2377547.0,0.0,13717.0,9510185.0,7150.0,0.0,473.0,520.0
GNQ,Equatorial Guinea,RES,CR-,CR/LWAL/CDL+ERL/H:2/RES,URBAN,1366.0,74272482.0,18568120.0,8816.0,137542.0,92840604.0,56038.0,1400.0,101.0,540.0
GNQ,Equatorial Guinea,COM,CR-,CR/LWAL/CDL+ERL/H:3/COM,TOTAL,42.0,11215113.0,2803777.0,0.0,19009.0,14018889.0,10340.0,0.0,453.0,590.0
GNQ,Equatorial Guinea,RES,CR-,CR/LWAL/CDL+ERL/H:3/RES,URBAN,1090.0,86508201.0,21627051.0,8787.0,160200.0,108135250.0,65318.0,1395.0,147.0,540.0
GNQ,Equatorial Guinea,COM,CR-,CR/LWAL/CDL+ERL/H:4-7/COM,TOTAL,13.0,7569416.0,1892354.0,0.0,12830.0,9461770.0,6995.0,0.0,987.0,590.0
GNQ,Equatorial Guinea,RES,CR-,CR/LWAL/CDL+ERL/H:4-7/RES,URBAN,50.0,25802553.0,6450638.0,3768.0,47783.0,32253190.0,19526.0,598.0,956.0,540.0
GNQ,Equatorial Guinea,RES,CR-,CR/LWAL/CDL+ERL/H:>7/RES,URBAN,11.0,7772617.0,1943154.0,1205.0,14394.0,9715771.0,5890.0,191.0,1309.0,540.0
GNQ,Equatorial Guinea,RES,ADO|ST|E,E+ETO/LWAL/CDN+ERN/H:1/RES,RURAL,6347.0,30457086.0,5374779.0,39978.0,380714.0,35831865.0,176478.0,6347.0,60.0,80.0
GNQ,Equatorial Guinea,RES,ADO|ST|E,E+ETO/LWAL/CDN+ERN/H:1/RES,URBAN,13715.0,131668392.0,23235598.0,86383.0,822927.0,154903990.0,381465.0,13715.0,60.0,160.0
GNQ,Equatorial Guinea,RES,OT,INF/LN/CDN+ERN/H:1/EWV/RES,RURAL,793.0,5710091.0,1427523.0,4993.0,47584.0,7137612.0,5187.0,793.0,60.0,120.0
GNQ,Equatorial Guinea,RES,OT,MATO/LN/CDN+ERN/H:1/RES,RURAL,1587.0,11421276.0,2855318.0,9997.0,95177.0,14276594.0,44119.0,1587.0,60.0,120.0
GNQ,Equatorial Guinea,RES,OT,MATO/LN/CDN+ERN/H:1/RES,URBAN,2286.0,34289179.0,8572294.0,14396.0,137157.0,42861474.0,63579.0,2286.0,60.0,250.0
GNQ,Equatorial Guinea,COM,MR|MCF,MCF+CB/LWAL/CDL+ERL/H:1/COM,TOTAL,184.0,13909721.0,2454659.0,0.0,23576.0,16364375.0,13133.0,0.0,128.0,590.0
GNQ,Equatorial Guinea,IND,MR|MCF,MCF+CB/LWAL/CDL+ERL/H:1/IND,TOTAL,82.0,10026187.0,3342062.0,0.0,19281.0,13368249.0,10777.0,0.0,235.0,520.0
GNQ,Equatorial Guinea,RES,MR|MCF,MCF+CB/LWAL/CDL+ERL/H:1/RES,URBAN,1801.0,58322147.0,10292144.0,11343.0,108004.0,68614290.0,42469.0,1801.0,60.0,540.0
GNQ,Equatorial Guinea,COM,MR|MCF,MCF+CB/LWAL/CDL+ERL/H:2/COM,TOTAL,89.0,13840563.0,2442453.0,0.0,23459.0,16283014.0,13077.0,0.0,264.0,590.0
GNQ,Equatorial Guinea,IND,MR|MCF,MCF+CB/LWAL/CDL+ERL/H:2/IND,TOTAL,29.0,7132038.0,2377348.0,0.0,13715.0,9509381.0,7673.0,0.0,473.0,520.0
GNQ,Equatorial Guinea,RES,MR|MCF,MCF+CB/LWAL/CDL+ERL/H:2/RES,URBAN,1755.0,95491477.0,16851439.0,11326.0,176836.0,112342915.0,69584.0,1798.0,101.0,540.0
GNQ,Equatorial Guinea,COM,MR|MCF,MCF+CB/LWAL/CDL+ERL/H:3-6/COM,TOTAL,7.0,2931540.0,517331.0,0.0,4969.0,3448872.0,2774.0,0.0,710.0,590.0
GNQ,Equatorial Guinea,RES,MR|MCF,MCF+CB/LWAL/CDL+ERL/H:3-6/RES,URBAN,50.0,17658599.0,3116223.0,2424.0,32701.0,20774821.0,12885.0,385.0,654.0,540.0
GNQ,Equatorial Guinea,COM,MR|MCF,MCF+CL/LWAL/CDL+ERL/H:1/COM,TOTAL,150.0,11417708.0,2014890.0,0.0,19352.0,13432599.0,9587.0,0.0,129.0,590.0
GNQ,Equatorial Guinea,IND,MR|MCF,MCF+CL/LWAL/CDL+ERL/H:1/IND,TOTAL,150.0,16709987.0,5569996.0,0.0,32135.0,22279983.0,15821.0,0.0,214.0,520.0
GNQ,Equatorial Guinea,RES,MR|MCF,MCF+CL/LWAL/CDL+ERL/H:1/RES,URBAN,1491.0,48326613.0,8528226.0,9393.0,89494.0,56854840.0,30677.0,1491.0,60.0,540.0
GNQ,Equatorial Guinea,COM,MR|MCF,MCF+CL/LWAL/CDL+ERL/H:2/COM,TOTAL,74.0,11320946.0,1997814.0,0.0,19188.0,13318758.0,9514.0,0.0,259.0,590.0
GNQ,Equatorial Guinea,IND,MR|MCF,MCF+CL/LWAL/CDL+ERL/H:2/IND,TOTAL,50.0,11886055.0,3962018.0,0.0,22858.0,15848075.0,11264.0,0.0,457.0,520.0
GNQ,Equatorial Guinea,RES,MR|MCF,MCF+CL/LWAL/CDL+ERL/H:2/RES,URBAN,1454.0,79120903.0,13962510.0,9384.0,146520.0,93083418.0,50261.0,1490.0,101.0,540.0
GNQ,Equatorial Guinea,COM,MR|MCF,MCF+CL/LWAL/CDL+ERL/H:3-6/COM,TOTAL,5.0,2059672.0,363472.0,0.0,3491.0,2423143.0,1734.0,0.0,698.0,590.0
GNQ,Equatorial Guinea,RES,MR|MCF,MCF+CL/LWAL/CDL+ERL/H:3-6/RES,URBAN,39.0,14713881.0,2596567.0,2019.0,27248.0,17310449.0,9360.0,321.0,699.0,540.0
GNQ,Equatorial Guinea,RES,OT,ME+MEO/LWAL/CDN+ERM/H:1/RES,RURAL,793.0,5710713.0,1427678.0,4993.0,47589.0,7138390.0,17543.0,793.0,60.0,120.0
GNQ,Equatorial Guinea,RES,OT,ME+MEO/LWAL/CDN+ERM/H:1/RES,URBAN,2286.0,34289179.0,8572294.0,14396.0,137157.0,42861474.0,50560.0,2286.0,60.0,250.0
GNQ,Equatorial Guinea,COM,ADO|ST|E,MUR+ADO/LWAL/CDN+ERN/H:1/COM,TOTAL,4046.0,78930178.0,19732542.0,0.0,526201.0,98662724.0,327462.0,0.0,130.0,150.0
GNQ,Equatorial Guinea,RES,ADO|ST|E,MUR+ADO/LWAL/CDN+ERN/H:1/RES,URBAN,25624.0,246000165.0,43411794.0,161388.0,1537501.0,289411957.0,712703.0,25624.0,60.0,160.0
GNQ,Equatorial Guinea,RES,ADO|ST|E,MUR+ADO/LWAL/CDN+ERN/H:1/RES,RURAL,10735.0,51538981.0,9095113.0,67614.0,644237.0,60634094.0,298634.0,10735.0,60.0,80.0
GNQ,Equatorial Guinea,COM,ADO|ST|E,MUR+ADO/LWAL/CDN+ERN/H:2/COM,TOTAL,2021.0,78914058.0,19728513.0,0.0,526094.0,98642576.0,327588.0,0.0,260.0,150.0
GNQ,Equatorial Guinea,RES,ADO|ST|E,MUR+ADO/LWAL/CDN+ERN/H:2/RES,RURAL,10469.0,84394192.0,14893094.0,67631.0,1054927.0,99287285.0,489281.0,10738.0,101.0,80.0
GNQ,Equatorial Guinea,RES,ADO|ST|E,MUR+ADO/LWAL/CDN+ERN/H:2/RES,URBAN,24984.0,402825470.0,71086847.0,161387.0,2517659.0,473912318.0,1167704.0,25624.0,101.0,160.0
GNQ,Equatorial Guinea,COM,ADO|ST|E,MUR+ADO/LWAL/CDN+ERN/H:3/COM,TOTAL,81.0,10909719.0,2727430.0,0.0,72731.0,13637148.0,45315.0,0.0,898.0,150.0
GNQ,Equatorial Guinea,RES,ADO|ST|E,MUR+ADO/LWAL/CDN+ERN/H:3/RES,URBAN,333.0,36514985.0,6443820.0,16905.0,228219.0,42958805.0,105908.0,2684.0,685.0,160.0
GNQ,Equatorial Guinea,RES,ADO|ST|E,MUR+ADO/LWAL/CDN+ERN/H:3/RES,RURAL,139.0,7650227.0,1350041.0,7090.0,95628.0,9000269.0,44378.0,1126.0,688.0,80.0
GNQ,Equatorial Guinea,COM,MUR,MUR+CB/LWAL/CDN+ERN/H:1/COM,TOTAL,3198.0,199382953.0,49845740.0,0.0,415381.0,249228690.0,304010.0,0.0,130.0,480.0
GNQ,Equatorial Guinea,IND,MUR,MUR+CB/LWAL/CDN+ERN/H:1/IND,TOTAL,1363.0,89936943.0,29978979.0,0.0,299790.0,119915921.0,205655.0,0.0,220.0,300.0
GNQ,Equatorial Guinea,RES,MUR,MUR+CB/LWAL/CDN+ERN/H:1/RES,URBAN,30401.0,547246511.0,96572913.0,191474.0,1824155.0,643819424.0,1010318.0,30401.0,60.0,300.0
GNQ,Equatorial Guinea,RES,MUR,MUR+CB/LWAL/CDN+ERN/H:1/RES,RURAL,9419.0,169536215.0,29918155.0,59324.0,565121.0,199454368.0,312995.0,9419.0,60.0,300.0
GNQ,Equatorial Guinea,COM,MUR,MUR+CB/LWAL/CDN+ERN/H:2/COM,TOTAL,1593.0,199260289.0,49815077.0,0.0,415126.0,249075363.0,303997.0,0.0,261.0,480.0
GNQ,Equatorial Guinea,IND,MUR,MUR+CB/LWAL/CDN+ERN/H:2/IND,TOTAL,452.0,65033765.0,21677919.0,0.0,216779.0,86711677.0,148800.0,0.0,480.0,300.0
GNQ,Equatorial Guinea,RES,MUR,MUR+CB/LWAL/CDN+ERN/H:2/RES,URBAN,29644.0,896116198.0,158138150.0,191482.0,2987054.0,1054254350.0,1655269.0,30402.0,101.0,300.0
GNQ,Equatorial Guinea,RES,MUR,MUR+CB/LWAL/CDN+ERN/H:2/RES,RURAL,9186.0,277615648.0,48990996.0,59322.0,925385.0,326606647.0,512800.0,9419.0,101.0,300.0
GNQ,Equatorial Guinea,COM,MUR,MUR+CB/LWAL/CDN+ERN/H:3/COM,TOTAL,65.0,26545866.0,6636467.0,0.0,55304.0,33182331.0,40522.0,0.0,851.0,480.0
GNQ,Equatorial Guinea,RES,MUR,MUR+CB/LWAL/CDN+ERN/H:3/RES,URBAN,400.0,81607015.0,14401238.0,20159.0,272023.0,96008252.0,150821.0,3201.0,680.0,300.0
GNQ,Equatorial Guinea,RES,MUR,MUR+CB/LWAL/CDN+ERN/H:3/RES,RURAL,122.0,25165521.0,4440973.0,6223.0,83885.0,29606493.0,46509.0,988.0,688.0,300.0
GNQ,Equatorial Guinea,COM,MUR,MUR+CL/LWAL/CDN+ERN/H:1/COM,TOTAL,1644.0,102313644.0,25578410.0,0.0,213153.0,127892058.0,132648.0,0.0,130.0,480.0
GNQ,Equatorial Guinea,IND,MUR,MUR+CL/LWAL/CDN+ERN/H:1/IND,TOTAL,2209.0,145909705.0,48636567.0,0.0,486366.0,194546274.0,282721.0,0.0,220.0,300.0
GNQ,Equatorial Guinea,RES,MUR,MUR+CL/LWAL/CDN+ERN/H:1/RES,RURAL,4710.0,84768098.0,14959076.0,29666.0,282560.0,99727175.0,130980.0,4710.0,60.0,300.0
GNQ,Equatorial Guinea,RES,MUR,MUR+CL/LWAL/CDN+ERN/H:1/RES,URBAN,15743.0,283395717.0,50011009.0,99152.0,944652.0,333406726.0,437890.0,15743.0,60.0,300.0
GNQ,Equatorial Guinea,COM,MUR,MUR+CL/LWAL/CDN+ERN/H:2/COM,TOTAL,818.0,102247128.0,25561782.0,0.0,213015.0,127808909.0,132640.0,0.0,260.0,480.0
GNQ,Equatorial Guinea,IND,MUR,MUR+CL/LWAL/CDN+ERN/H:2/IND,TOTAL,731.0,105750476.0,35250161.0,0.0,352502.0,141000639.0,205037.0,0.0,482.0,300.0
GNQ,Equatorial Guinea,RES,MUR,MUR+CL/LWAL/CDN+ERN/H:2/RES,RURAL,4586.0,138787204.0,24491859.0,29656.0,462624.0,163279066.0,214568.0,4709.0,101.0,300.0
GNQ,Equatorial Guinea,RES,MUR,MUR+CL/LWAL/CDN+ERN/H:2/RES,URBAN,15351.0,464059807.0,81892905.0,99169.0,1546866.0,545952713.0,717445.0,15745.0,101.0,300.0
GNQ,Equatorial Guinea,COM,MUR,MUR+CL/LWAL/CDN+ERN/H:3/COM,TOTAL,33.0,12687790.0,3171948.0,0.0,26433.0,15859738.0,16469.0,0.0,801.0,480.0
GNQ,Equatorial Guinea,RES,MUR,MUR+CL/LWAL/CDN+ERN/H:3/RES,URBAN,205.0,42065505.0,7423325.0,10384.0,140218.0,49488830.0,65070.0,1649.0,684.0,300.0
GNQ,Equatorial Guinea,RES,MUR,MUR+CL/LWAL/CDN+ERN/H:3/RES,RURAL,64.0,12582786.0,2220491.0,3086.0,41943.0,14803278.0,19464.0,490.0,655.0,300.0
GNQ,Equatorial Guinea,COM,ADO|ST|E,MUR+STDRE/LWAL/CDN+ERN/H:1/COM,TOTAL,65.0,5474966.0,1368742.0,0.0,8295.0,6843709.0,5162.0,0.0,128.0,660.0
GNQ,Equatorial Guinea,IND,ADO|ST|E,MUR+STDRE/LWAL/CDN+ERN/H:1/IND,TOTAL,60.0,7790322.0,2596772.0,0.0,12565.0,10387096.0,7304.0,0.0,209.0,620.0
GNQ,Equatorial Guinea,RES,ADO|ST|E,MUR+STDRE/LWAL/CDN+ERN/H:1/RES,URBAN,1086.0,33877209.0,5978330.0,6839.0,65148.0,39855540.0,30199.0,1086.0,60.0,520.0
GNQ,Equatorial Guinea,COM,ADO|ST|E,MUR+STDRE/LWAL/CDN+ERN/H:2/COM,TOTAL,33.0,5491227.0,1372805.0,0.0,8320.0,6864035.0,5181.0,0.0,252.0,660.0
GNQ,Equatorial Guinea,IND,ADO|ST|E,MUR+STDRE/LWAL/CDN+ERN/H:2/IND,TOTAL,22.0,5512430.0,1837478.0,0.0,8891.0,7349908.0,5172.0,0.0,404.0,620.0
GNQ,Equatorial Guinea,RES,ADO|ST|E,MUR+STDRE/LWAL/CDN+ERN/H:2/RES,URBAN,1058.0,55459190.0,9786917.0,6829.0,106652.0,65246107.0,49466.0,1084.0,101.0,520.0
GNQ,Equatorial Guinea,RES,ADO|ST|E,MUR+STDRE/LWAL/CDN+ERN/H:3/RES,URBAN,17.0,4876955.0,860641.0,698.0,9379.0,5737595.0,4352.0,111.0,552.0,520.0
GNQ,Equatorial Guinea,COM,ADO|ST|E,MUR+STRUB/LWAL/CDN+ERN/H:1/COM,TOTAL,24.0,1960969.0,490240.0,0.0,2971.0,2451210.0,1849.0,0.0,124.0,660.0
GNQ,Equatorial Guinea,IND,ADO|ST|E,MUR+STRUB/LWAL/CDN+ERN/H:1/IND,TOTAL,34.0,4369789.0,1456596.0,0.0,7048.0,5826385.0,4097.0,0.0,207.0,620.0
GNQ,Equatorial Guinea,RES,ADO|ST|E,MUR+STRUB/LWAL/CDN+ERN/H:1/RES,RURAL,378.0,7007645.0,1236643.0,2379.0,22605.0,8244289.0,10479.0,378.0,60.0,310.0
GNQ,Equatorial Guinea,COM,ADO|ST|E,MUR+STRUB/LWAL/CDN+ERN/H:2/COM,TOTAL,13.0,1882123.0,470532.0,0.0,2852.0,2352655.0,1776.0,0.0,219.0,660.0
GNQ,Equatorial Guinea,IND,ADO|ST|E,MUR+STRUB/LWAL/CDN+ERN/H:2/IND,TOTAL,12.0,2796125.0,932043.0,0.0,4510.0,3728170.0,2623.0,0.0,376.0,620.0
GNQ,Equatorial Guinea,RES,ADO|ST|E,MUR+STRUB/LWAL/CDN+ERN/H:2/RES,RURAL,368.0,11462642.0,2022819.0,2371.0,36976.0,13485460.0,17150.0,376.0,100.0,310.0
GNQ,Equatorial Guinea,RES,ADO|ST|E,MUR+STRUB/LWAL/CDN+ERN/H:3/RES,RURAL,3.0,317387.0,56010.0,71.0,1024.0,373397.0,475.0,11.0,341.0,310.0
GNQ,Equatorial Guinea,IND,S,S+SL/LFM/CDL+ERL/H:1/IND,TOTAL,586.0,67518669.0,28936571.0,0.0,129844.0,96455236.0,44314.0,0.0,222.0,520.0
GNQ,Equatorial Guinea,IND,S,S+SL/LFM/CDL+ERL/H:2/IND,TOTAL,197.0,49062079.0,21026603.0,0.0,94350.0,70088678.0,32222.0,0.0,479.0,520.0
GNQ,Equatorial Guinea,IND,S,S/LFM/CDL+ERL/H:1/IND,TOTAL,1041.0,119650254.0,51278680.0,0.0,230097.0,170928932.0,78529.0,0.0,221.0,520.0
GNQ,Equatorial Guinea,IND,S,S/LFM/CDL+ERL/H:2/IND,TOTAL,346.0,86624556.0,37124807.0,0.0,166586.0,123749367.0,56891.0,0.0,481.0,520.0
GNQ,Equatorial Guinea,RES,W,W+WWD/LWAL/CDN+ERM/H:1/RES,RURAL,8882.0,106599551.0,26649888.0,55939.0,532998.0,133249440.0,56372.0,8882.0,60.0,200.0
GNQ,Equatorial Guinea,RES,W,W+WWD/LWAL/CDN+ERM/H:1/RES,URBAN,19203.0,368670559.0,92167640.0,120947.0,1152095.0,460838199.0,121850.0,19203.0,60.0,320.0
GNQ,Equatorial Guinea,RES,W,W+WWD/LWAL/CDN+ERM/H:2/RES,RURAL,3713.0,74796733.0,18699182.0,23980.0,373984.0,93495914.0,39579.0,3807.0,101.0,200.0
GNQ,Equatorial Guinea,RES,W,W+WWD/LWAL/CDN+ERM/H:2/RES,URBAN,8022.0,258727919.0,64681981.0,51828.0,808525.0,323409898.0,85566.0,8229.0,101.0,320.0
GNQ,Equatorial Guinea,COM,W,W/LWAL/CDL+ERM/H:1/COM,TOTAL,272.0,15433197.0,5144397.0,0.0,35075.0,20577596.0,6696.0,0.0,129.0,440.0
GNQ,Equatorial Guinea,RES,W,W/LWAL/CDL+ERM/H:1/RES,RURAL,1587.0,19035458.0,4758865.0,9997.0,95177.0,23794323.0,10066.0,1587.0,60.0,200.0
GNQ,Equatorial Guinea,RES,W,W/LWAL/CDL+ERM/H:1/RES,URBAN,2744.0,52667550.0,13166888.0,17282.0,164586.0,65834437.0,17407.0,2744.0,60.0,320.0
GNQ,Equatorial Guinea,COM,W,W/LWAL/CDL+ERM/H:2/COM,TOTAL,136.0,15372098.0,5124032.0,0.0,34937.0,20496126.0,6673.0,0.0,257.0,440.0
GNQ,Equatorial Guinea,RES,W,W/LWAL/CDL+ERM/H:2/RES,RURAL,1545.0,31165915.0,7791477.0,9969.0,155830.0,38957391.0,16491.0,1583.0,101.0,200.0
GNQ,Equatorial Guinea,RES,W,W/LWAL/CDL+ERM/H:2/RES,URBAN,2672.0,86229309.0,21557329.0,17282.0,269467.0,107786639.0,28518.0,2744.0,101.0,320.0
GNQ,Equatorial Guinea,COM,W,W/LWAL/CDL+ERM/H:3/COM,TOTAL,39.0,7654089.0,2551363.0,0.0,17396.0,10205450.0,3324.0,0.0,446.0,440.0
GNQ,Equatorial Guinea,RES,W,W/LWAL/CDL+ERM/H:3/RES,RURAL,618.0,18147711.0,4536931.0,4966.0,90739.0,22684639.0,9609.0,788.0,147.0,200.0
GNQ,Equatorial Guinea,RES,W,W/LWAL/CDL+ERM/H:3/RES,URBAN,1069.0,50204302.0,12551076.0,8609.0,156888.0,62755378.0,16614.0,1367.0,147.0,320.0
ERI,Eritrea,COM,CR-,CR/LFINF/CDL+ERL/H:1/COM,TOTAL,45.0,2359645.0,416408.0,0.0,5618.0,2776051.0,2783.0,0.0,125.0,420.0
ERI,Eritrea,IND,CR-,CR/LFINF/CDL+ERL/H:1/IND,TOTAL,48.0,5743932.0,1914644.0,0.0,10444.0,7658576.0,5142.0,0.0,218.0,550.0
ERI,Eritrea,RES,CR-,CR/LFINF/CDL+ERL/H:1/RES,URBAN,802.0,26004602.0,4589047.0,3512.0,48157.0,30593651.0,16507.0,802.0,60.0,540.0
ERI,Eritrea,COM,CR-,CR/LFINF/CDL+ERL/H:2/COM,TOTAL,80.0,8533280.0,1505874.0,0.0,20317.0,10039155.0,10074.0,0.0,254.0,420.0
ERI,Eritrea,IND,CR-,CR/LFINF/CDL+ERL/H:2/IND,TOTAL,21.0,3820386.0,1273461.0,0.0,6946.0,5093847.0,3423.0,0.0,331.0,550.0
ERI,Eritrea,RES,CR-,CR/LFINF/CDL+ERL/H:2/RES,URBAN,2738.0,149040060.0,26301187.0,12295.0,276000.0,175341247.0,94677.0,2808.0,101.0,540.0
ERI,Eritrea,COM,CR-,CR/LFINF/CDL+ERL/H:3/COM,TOTAL,52.0,9343040.0,1648773.0,0.0,22245.0,10991813.0,11038.0,0.0,428.0,420.0
ERI,Eritrea,RES,CR-,CR/LFINF/CDL+ERL/H:3/RES,URBAN,2190.0,174006938.0,30707107.0,12300.0,322235.0,204714046.0,110617.0,2809.0,147.0,540.0
ERI,Eritrea,COM,CR-,CR/LFINF/CDL+ERL/H:4-7/COM,TOTAL,11.0,6077894.0,1072569.0,0.0,14471.0,7150465.0,7197.0,0.0,1316.0,420.0
ERI,Eritrea,RES,CR-,CR/LFINF/CDL+ERL/H:4-7/RES,URBAN,100.0,52008717.0,9178009.0,5267.0,96312.0,61186725.0,33133.0,1203.0,963.0,540.0
ERI,Eritrea,COM,CR-,CR/LFINF/CDL+ERL/H:>7/COM,TOTAL,1.0,956114.0,168726.0,0.0,2276.0,1124840.0,1134.0,0.0,2276.0,420.0
ERI,Eritrea,RES,CR-,CR/LFINF/CDL+ERL/H:>7/RES,URBAN,25.0,15993936.0,2822460.0,1728.0,29618.0,18816393.0,10204.0,394.0,1185.0,540.0
ERI,Eritrea,COM,CR-,CR/LWAL/CDL+ERL/H:1/COM,TOTAL,1.0,40073.0,7072.0,0.0,95.0,47145.0,52.0,0.0,95.0,422.0
ERI,Eritrea,RES,CR-,CR/LWAL/CDL+ERL/H:1/RES,URBAN,67.0,2189907.0,386454.0,290.0,4055.0,2576363.0,1651.0,67.0,61.0,540.0
ERI,Eritrea,COM,CR-,CR/LWAL/CDL+ERL/H:2/COM,TOTAL,3.0,160294.0,28288.0,0.0,382.0,188580.0,207.0,0.0,127.0,420.0
ERI,Eritrea,RES,CR-,CR/LWAL/CDL+ERL/H:2/RES,URBAN,232.0,12546182.0,2214032.0,1026.0,23234.0,14760214.0,9466.0,238.0,100.0,540.0
ERI,Eritrea,COM,CR-,CR/LWAL/CDL+ERL/H:3/COM,TOTAL,1.0,185127.0,32670.0,0.0,441.0,217797.0,240.0,0.0,441.0,420.0
ERI,Eritrea,RES,CR-,CR/LWAL/CDL+ERL/H:3/RES,URBAN,182.0,14078316.0,2484408.0,958.0,26071.0,16562725.0,10630.0,221.0,143.0,540.0
ERI,Eritrea,RES,CR-,CR/LWAL/CDL+ERL/H:4-7/RES,URBAN,8.0,4300528.0,758916.0,433.0,7964.0,5059445.0,3254.0,100.0,996.0,540.0
ERI,Eritrea,RES,CR-,CR/LWAL/CDL+ERL/H:>7/RES,URBAN,1.0,466799.0,82376.0,54.0,864.0,549175.0,354.0,12.0,864.0,540.0
ERI,Eritrea,RES,OT,INF/LN/CDN+ERN/H:1/EWV/RES,URBAN,1910.0,28639935.0,5054106.0,7855.0,114560.0,33694039.0,1530.0,1910.0,60.0,250.0
ERI,Eritrea,RES,OT,INF/LN/CDN+ERN/H:1/EWV/RES,RURAL,8864.0,85100558.0,15017745.0,37183.0,531878.0,100118303.0,7101.0,8864.0,60.0,160.0
ERI,Eritrea,RES,OT,MATO/LN/CDN+ERN/H:1/RES,RURAL,71410.0,685533000.0,120976412.0,299542.0,4284581.0,806509411.0,1968592.0,71410.0,60.0,160.0
ERI,Eritrea,RES,OT,MATO/LN/CDN+ERN/H:1/RES,URBAN,12072.0,181075217.0,31954449.0,49814.0,724301.0,213029666.0,332787.0,12072.0,60.0,250.0
ERI,Eritrea,COM,MR|MCF,MCF+CB/LWAL/CDL+ERL/H:1/COM,TOTAL,874.0,47534479.0,11883618.0,0.0,113177.0,59418096.0,63044.0,0.0,129.0,420.0
ERI,Eritrea,IND,MR|MCF,MCF+CB/LWAL/CDL+ERL/H:1/IND,TOTAL,155.0,18768067.0,6256021.0,0.0,34124.0,25024091.0,19073.0,0.0,220.0,550.0
ERI,Eritrea,RES,MR|MCF,MCF+CB/LWAL/CDL+ERL/H:1/RES,URBAN,13733.0,444929464.0,78516964.0,57142.0,823943.0,523446428.0,323991.0,13733.0,60.0,540.0
ERI,Eritrea,COM,MR|MCF,MCF+CB/LWAL/CDL+ERL/H:2/COM,TOTAL,434.0,47533141.0,11883288.0,0.0,113174.0,59416426.0,63091.0,0.0,261.0,420.0
ERI,Eritrea,IND,MR|MCF,MCF+CB/LWAL/CDL+ERL/H:2/IND,TOTAL,51.0,13311799.0,4437268.0,0.0,24203.0,17749064.0,13540.0,0.0,475.0,550.0
ERI,Eritrea,RES,MR|MCF,MCF+CB/LWAL/CDL+ERL/H:2/RES,URBAN,13391.0,728572472.0,128571612.0,57147.0,1349208.0,857144083.0,530903.0,13734.0,101.0,540.0
ERI,Eritrea,COM,MR|MCF,MCF+CB/LWAL/CDL+ERL/H:3-6/COM,TOTAL,39.0,13604021.0,3401005.0,0.0,32391.0,17005027.0,18084.0,0.0,831.0,420.0
ERI,Eritrea,RES,MR|MCF,MCF+CB/LWAL/CDL+ERL/H:3-6/RES,URBAN,381.0,140071527.0,24718504.0,12705.0,259392.0,164790034.0,102210.0,3053.0,681.0,540.0
ERI,Eritrea,COM,MR|MCF,MCF+CL/LWAL/CDL+ERL/H:1/COM,TOTAL,95.0,5167098.0,1291774.0,0.0,12303.0,6458873.0,6095.0,0.0,130.0,420.0
ERI,Eritrea,IND,MR|MCF,MCF+CL/LWAL/CDL+ERL/H:1/IND,TOTAL,31.0,3484980.0,1161660.0,0.0,6336.0,4646641.0,3120.0,0.0,204.0,550.0
ERI,Eritrea,RES,MR|MCF,MCF+CL/LWAL/CDL+ERL/H:1/RES,URBAN,1787.0,57880033.0,10214123.0,7927.0,107185.0,68094157.0,36741.0,1787.0,60.0,540.0
ERI,Eritrea,COM,MR|MCF,MCF+CL/LWAL/CDL+ERL/H:2/COM,TOTAL,51.0,5186735.0,1296684.0,0.0,12349.0,6483422.0,6123.0,0.0,242.0,420.0
ERI,Eritrea,IND,MR|MCF,MCF+CL/LWAL/CDL+ERL/H:2/IND,TOTAL,4.0,1138751.0,379583.0,0.0,2070.0,1518334.0,1020.0,0.0,518.0,550.0
ERI,Eritrea,RES,MR|MCF,MCF+CL/LWAL/CDL+ERL/H:2/RES,URBAN,1742.0,94777589.0,16725456.0,7927.0,175514.0,111503046.0,60207.0,1787.0,101.0,540.0
ERI,Eritrea,COM,MR|MCF,MCF+CL/LWAL/CDL+ERL/H:3-6/COM,TOTAL,1.0,611823.0,152956.0,0.0,1457.0,764778.0,723.0,0.0,1457.0,420.0
ERI,Eritrea,RES,MR|MCF,MCF+CL/LWAL/CDL+ERL/H:3-6/RES,URBAN,49.0,17978456.0,3172667.0,1739.0,33293.0,21151124.0,11437.0,392.0,679.0,540.0
ERI,Eritrea,RES,OT,ME+MEO/LWAL/CDN+ERM/H:1/RES,RURAL,4923.0,47278060.0,8343187.0,20652.0,295488.0,55621248.0,11530.0,4923.0,60.0,160.0
ERI,Eritrea,RES,OT,ME+MEO/LWAL/CDN+ERM/H:1/RES,URBAN,3747.0,56225242.0,9922102.0,15557.0,224901.0,66147345.0,8775.0,3747.0,60.0,250.0
ERI,Eritrea,COM,ADO|ST|E,MUR+ADO/LWAL/CDN+ERN/H:1/COM,TOTAL,403.0,9436907.0,3145636.0,0.0,52427.0,12582541.0,4449.0,0.0,130.0,180.0
ERI,Eritrea,RES,ADO|ST|E,MUR+ADO/LWAL/CDN+ERN/H:1/RES,URBAN,7543.0,45255984.0,7986351.0,33471.0,452560.0,53242334.0,27797.0,7543.0,60.0,100.0
ERI,Eritrea,RES,ADO|ST|E,MUR+ADO/LWAL/CDN+ERN/H:1/RES,RURAL,2632.0,15790231.0,2786511.0,11039.0,157902.0,18576743.0,9699.0,2632.0,60.0,100.0
ERI,Eritrea,COM,ADO|ST|E,MUR+ADO/LWAL/CDN+ERN/H:2/COM,TOTAL,203.0,9411932.0,3137311.0,0.0,52288.0,12549238.0,4450.0,0.0,258.0,180.0
ERI,Eritrea,RES,ADO|ST|E,MUR+ADO/LWAL/CDN+ERN/H:2/RES,RURAL,2564.0,25856466.0,4562905.0,11039.0,258565.0,30419373.0,15924.0,2632.0,101.0,100.0
ERI,Eritrea,RES,ADO|ST|E,MUR+ADO/LWAL/CDN+ERN/H:2/RES,URBAN,7355.0,74106137.0,13077554.0,33472.0,741061.0,87183689.0,45638.0,7543.0,101.0,100.0
ERI,Eritrea,COM,ADO|ST|E,MUR+ADO/LWAL/CDN+ERN/H:3/COM,TOTAL,6.0,829385.0,276462.0,0.0,4608.0,1105846.0,393.0,0.0,768.0,180.0
ERI,Eritrea,RES,ADO|ST|E,MUR+ADO/LWAL/CDN+ERN/H:3/RES,URBAN,100.0,6748782.0,1190962.0,3516.0,67488.0,7939743.0,4167.0,792.0,675.0,100.0
ERI,Eritrea,RES,ADO|ST|E,MUR+ADO/LWAL/CDN+ERN/H:3/RES,RURAL,33.0,2297558.0,405452.0,1134.0,22976.0,2703009.0,1419.0,270.0,696.0,100.0
ERI,Eritrea,COM,MUR,MUR+CB/LWAL/CDN+ERN/H:1/COM,TOTAL,4821.0,238069890.0,59517473.0,0.0,626500.0,297587366.0,528083.0,0.0,130.0,380.0
ERI,Eritrea,IND,MUR,MUR+CB/LWAL/CDN+ERN/H:1/IND,TOTAL,895.0,82602269.0,27534090.0,0.0,196672.0,110136356.0,158203.0,0.0,220.0,420.0
ERI,Eritrea,RES,MUR,MUR+CB/LWAL/CDN+ERN/H:1/RES,RURAL,29008.0,522127584.0,92140162.0,121682.0,1740425.0,614267744.0,1128859.0,29008.0,60.0,300.0
ERI,Eritrea,RES,MUR,MUR+CB/LWAL/CDN+ERN/H:1/RES,URBAN,62155.0,1118805964.0,197436347.0,259292.0,3729353.0,1316242311.0,2418899.0,62155.0,60.0,300.0
ERI,Eritrea,COM,MUR,MUR+CB/LWAL/CDN+ERN/H:2/COM,TOTAL,2407.0,238069189.0,59517296.0,0.0,626498.0,297586486.0,528364.0,0.0,260.0,380.0
ERI,Eritrea,IND,MUR,MUR+CB/LWAL/CDN+ERN/H:2/IND,TOTAL,301.0,60073744.0,20024582.0,0.0,143033.0,80098325.0,115121.0,0.0,475.0,420.0
ERI,Eritrea,RES,MUR,MUR+CB/LWAL/CDN+ERN/H:2/RES,RURAL,28283.0,854984852.0,150879678.0,121682.0,2849950.0,1005864531.0,1849417.0,29008.0,101.0,300.0
ERI,Eritrea,RES,MUR,MUR+CB/LWAL/CDN+ERN/H:2/RES,URBAN,60600.0,1832044473.0,323301965.0,259296.0,6106815.0,2155346436.0,3962894.0,62156.0,101.0,300.0
ERI,Eritrea,COM,MUR,MUR+CB/LWAL/CDN+ERN/H:3/COM,TOTAL,100.0,33256610.0,8314152.0,0.0,87517.0,41570762.0,73848.0,0.0,875.0,380.0
ERI,Eritrea,RES,MUR,MUR+CB/LWAL/CDN+ERN/H:3/RES,RURAL,381.0,77860995.0,13740176.0,12812.0,259537.0,91601169.0,168504.0,3055.0,681.0,300.0
ERI,Eritrea,RES,MUR,MUR+CB/LWAL/CDN+ERN/H:3/RES,URBAN,817.0,166839325.0,29442233.0,27292.0,556131.0,196281560.0,361067.0,6542.0,681.0,300.0
ERI,Eritrea,COM,MUR,MUR+CL/LWAL/CDN+ERN/H:1/COM,TOTAL,389.0,19162101.0,4790529.0,0.0,50427.0,23952627.0,31394.0,0.0,130.0,380.0
ERI,Eritrea,IND,MUR,MUR+CL/LWAL/CDN+ERN/H:1/IND,TOTAL,138.0,12965637.0,4321875.0,0.0,30871.0,17287513.0,17788.0,0.0,224.0,420.0
ERI,Eritrea,RES,MUR,MUR+CL/LWAL/CDN+ERN/H:1/RES,RURAL,877.0,15789986.0,2786469.0,3680.0,52633.0,18576454.0,24183.0,877.0,60.0,300.0
ERI,Eritrea,RES,MUR,MUR+CL/LWAL/CDN+ERN/H:1/RES,URBAN,7543.0,135767954.0,23959051.0,33471.0,452560.0,159727005.0,207933.0,7543.0,60.0,300.0
ERI,Eritrea,COM,MUR,MUR+CL/LWAL/CDN+ERN/H:2/COM,TOTAL,199.0,19211786.0,4802947.0,0.0,50557.0,24014733.0,31493.0,0.0,254.0,380.0
ERI,Eritrea,IND,MUR,MUR+CL/LWAL/CDN+ERN/H:2/IND,TOTAL,49.0,9098347.0,3032782.0,0.0,21663.0,12131126.0,12490.0,0.0,442.0,420.0
ERI,Eritrea,RES,MUR,MUR+CL/LWAL/CDN+ERN/H:2/RES,RURAL,853.0,25835953.0,4559285.0,3670.0,86120.0,30395238.0,39590.0,875.0,101.0,300.0
ERI,Eritrea,RES,MUR,MUR+CL/LWAL/CDN+ERN/H:2/RES,URBAN,7355.0,222318411.0,39232661.0,33472.0,741061.0,261551070.0,340670.0,7543.0,101.0,300.0
ERI,Eritrea,COM,MUR,MUR+CL/LWAL/CDN+ERN/H:3/COM,TOTAL,7.0,1892424.0,473106.0,0.0,4980.0,2365530.0,3104.0,0.0,711.0,380.0
ERI,Eritrea,RES,MUR,MUR+CL/LWAL/CDN+ERN/H:3/RES,URBAN,100.0,20246345.0,3572885.0,3516.0,67488.0,23819230.0,31041.0,792.0,675.0,300.0
ERI,Eritrea,RES,MUR,MUR+CL/LWAL/CDN+ERN/H:3/RES,RURAL,12.0,2296974.0,405348.0,378.0,7657.0,2702320.0,3522.0,90.0,638.0,300.0
ERI,Eritrea,COM,ADO|ST|E,MUR+STDRE+MOC/LWAL/CDN+ERN/H:1/COM,TOTAL,375.0,32199169.0,10733055.0,0.0,48787.0,42932225.0,14833.0,0.0,130.0,660.0
ERI,Eritrea,IND,ADO|ST|E,MUR+STDRE+MOC/LWAL/CDN+ERN/H:1/IND,TOTAL,77.0,5971650.0,3215502.0,0.0,16588.0,9187154.0,4901.0,0.0,215.0,360.0
ERI,Eritrea,RES,ADO|ST|E,MUR+STDRE+MOC/LWAL/CDN+ERN/H:1/RES,URBAN,9690.0,319748692.0,56426240.0,40594.0,581361.0,376174931.0,138226.0,9690.0,60.0,550.0
ERI,Eritrea,COM,ADO|ST|E,MUR+STDRE+MOC/LWAL/CDN+ERN/H:2/COM,TOTAL,188.0,32243268.0,10747756.0,0.0,48853.0,42991023.0,14874.0,0.0,260.0,660.0
ERI,Eritrea,IND,ADO|ST|E,MUR+STDRE+MOC/LWAL/CDN+ERN/H:2/IND,TOTAL,25.0,4228174.0,2276709.0,0.0,11745.0,6504886.0,3475.0,0.0,470.0,360.0
ERI,Eritrea,RES,ADO|ST|E,MUR+STDRE+MOC/LWAL/CDN+ERN/H:2/RES,URBAN,9446.0,523587248.0,92397751.0,40599.0,951977.0,615984998.0,226605.0,9691.0,101.0,550.0
ERI,Eritrea,COM,ADO|ST|E,MUR+STDRE+MOC/LWAL/CDN+ERN/H:3/COM,TOTAL,6.0,3891935.0,1297312.0,0.0,5897.0,5189247.0,1798.0,0.0,983.0,660.0
ERI,Eritrea,RES,ADO|ST|E,MUR+STDRE+MOC/LWAL/CDN+ERN/H:3/RES,URBAN,126.0,47681460.0,8414375.0,4277.0,86694.0,56095835.0,20660.0,1021.0,688.0,550.0
ERI,Eritrea,COM,ADO|ST|E,MUR+STDRE+MOL/LWAL/CDN+ERN/H:1/COM,TOTAL,375.0,32199169.0,10733055.0,0.0,48787.0,42932225.0,14833.0,0.0,130.0,660.0
ERI,Eritrea,IND,ADO|ST|E,MUR+STDRE+MOL/LWAL/CDN+ERN/H:1/IND,TOTAL,77.0,5971650.0,3215502.0,0.0,16588.0,9187154.0,4901.0,0.0,215.0,360.0
ERI,Eritrea,RES,ADO|ST|E,MUR+STDRE+MOL/LWAL/CDN+ERN/H:1/RES,URBAN,9690.0,319748692.0,56426240.0,40594.0,581361.0,376174931.0,138226.0,9690.0,60.0,550.0
ERI,Eritrea,COM,ADO|ST|E,MUR+STDRE+MOL/LWAL/CDN+ERN/H:2/COM,TOTAL,188.0,32243268.0,10747756.0,0.0,48853.0,42991023.0,14874.0,0.0,260.0,660.0
ERI,Eritrea,IND,ADO|ST|E,MUR+STDRE+MOL/LWAL/CDN+ERN/H:2/IND,TOTAL,25.0,4228174.0,2276709.0,0.0,11745.0,6504886.0,3475.0,0.0,470.0,360.0
ERI,Eritrea,RES,ADO|ST|E,MUR+STDRE+MOL/LWAL/CDN+ERN/H:2/RES,URBAN,9446.0,523587248.0,92397751.0,40599.0,951977.0,615984998.0,226605.0,9691.0,101.0,550.0
ERI,Eritrea,COM,ADO|ST|E,MUR+STDRE+MOL/LWAL/CDN+ERN/H:3/COM,TOTAL,6.0,3891935.0,1297312.0,0.0,5897.0,5189247.0,1798.0,0.0,983.0,660.0
ERI,Eritrea,RES,ADO|ST|E,MUR+STDRE+MOL/LWAL/CDN+ERN/H:3/RES,URBAN,126.0,47681460.0,8414375.0,4277.0,86694.0,56095835.0,20660.0,1021.0,688.0,550.0
ERI,Eritrea,COM,ADO|ST|E,MUR+STDRE+MOM/LWAL/CDN+ERN/H:1/COM,TOTAL,696.0,59593731.0,19864581.0,0.0,90294.0,79458304.0,27453.0,0.0,130.0,660.0
ERI,Eritrea,IND,ADO|ST|E,MUR+STDRE+MOM/LWAL/CDN+ERN/H:1/IND,TOTAL,138.0,11031983.0,5940299.0,0.0,30644.0,16972279.0,9054.0,0.0,222.0,360.0
ERI,Eritrea,RES,ADO|ST|E,MUR+STDRE+MOM/LWAL/CDN+ERN/H:1/RES,URBAN,17938.0,591946700.0,104461183.0,75308.0,1076267.0,696407881.0,255895.0,17938.0,60.0,550.0
ERI,Eritrea,COM,ADO|ST|E,MUR+STDRE+MOM/LWAL/CDN+ERN/H:2/COM,TOTAL,345.0,59595077.0,19865027.0,0.0,90296.0,79460102.0,27492.0,0.0,262.0,660.0
ERI,Eritrea,IND,ADO|ST|E,MUR+STDRE+MOM/LWAL/CDN+ERN/H:2/IND,TOTAL,44.0,7815508.0,4208348.0,0.0,21710.0,12023858.0,6424.0,0.0,493.0,360.0
ERI,Eritrea,RES,ADO|ST|E,MUR+STDRE+MOM/LWAL/CDN+ERN/H:2/RES,URBAN,17487.0,969312471.0,171055140.0,75293.0,1762386.0,1140367612.0,419511.0,17935.0,101.0,550.0
ERI,Eritrea,COM,ADO|ST|E,MUR+STDRE+MOM/LWAL/CDN+ERN/H:3/COM,TOTAL,14.0,7195806.0,2398603.0,0.0,10903.0,9594408.0,3324.0,0.0,779.0,660.0
ERI,Eritrea,RES,ADO|ST|E,MUR+STDRE+MOM/LWAL/CDN+ERN/H:3/RES,URBAN,238.0,88272168.0,15577443.0,7918.0,160495.0,103849609.0,38248.0,1886.0,674.0,550.0
ERI,Eritrea,COM,ADO|ST|E,MUR+STRUB+MOC/LWAL/CDN+ERN/H:1/COM,TOTAL,492.0,42141902.0,14047299.0,0.0,63851.0,56189204.0,19414.0,0.0,130.0,660.0
ERI,Eritrea,IND,ADO|ST|E,MUR+STRUB+MOC/LWAL/CDN+ERN/H:1/IND,TOTAL,101.0,8120691.0,4372682.0,0.0,22557.0,12493376.0,6665.0,0.0,223.0,360.0
ERI,Eritrea,RES,ADO|ST|E,MUR+STRUB+MOC/LWAL/CDN+ERN/H:1/RES,RURAL,10410.0,137409250.0,24248692.0,43665.0,624588.0,161657942.0,148503.0,10410.0,60.0,220.0
ERI,Eritrea,COM,ADO|ST|E,MUR+STRUB+MOC/LWAL/CDN+ERN/H:2/COM,TOTAL,246.0,42139778.0,14046592.0,0.0,63848.0,56186373.0,19439.0,0.0,260.0,660.0
ERI,Eritrea,IND,ADO|ST|E,MUR+STRUB+MOC/LWAL/CDN+ERN/H:2/IND,TOTAL,31.0,5758395.0,3100676.0,0.0,15996.0,8859070.0,4733.0,0.0,516.0,360.0
ERI,Eritrea,RES,ADO|ST|E,MUR+STRUB+MOC/LWAL/CDN+ERN/H:2/RES,RURAL,10150.0,225007871.0,39707273.0,43660.0,1022763.0,264715143.0,243454.0,10408.0,101.0,220.0
ERI,Eritrea,COM,ADO|ST|E,MUR+STRUB+MOC/LWAL/CDN+ERN/H:3/COM,TOTAL,9.0,5091738.0,1697246.0,0.0,7715.0,6788985.0,2352.0,0.0,857.0,660.0
ERI,Eritrea,RES,ADO|ST|E,MUR+STRUB+MOC/LWAL/CDN+ERN/H:3/RES,RURAL,138.0,20491061.0,3616069.0,4601.0,93141.0,24107130.0,22197.0,1097.0,675.0,220.0
ERI,Eritrea,COM,ADO|ST|E,MUR+STRUB+MOL/LWAL/CDN+ERN/H:1/COM,TOTAL,492.0,42141902.0,14047299.0,0.0,63851.0,56189204.0,19414.0,0.0,130.0,660.0
ERI,Eritrea,IND,ADO|ST|E,MUR+STRUB+MOL/LWAL/CDN+ERN/H:1/IND,TOTAL,101.0,8120691.0,4372682.0,0.0,22557.0,12493376.0,6665.0,0.0,223.0,360.0
ERI,Eritrea,RES,ADO|ST|E,MUR+STRUB+MOL/LWAL/CDN+ERN/H:1/RES,RURAL,10410.0,137409250.0,24248692.0,43665.0,624588.0,161657942.0,148503.0,10410.0,60.0,220.0
ERI,Eritrea,COM,ADO|ST|E,MUR+STRUB+MOL/LWAL/CDN+ERN/H:2/COM,TOTAL,246.0,42139778.0,14046592.0,0.0,63848.0,56186373.0,19439.0,0.0,260.0,660.0
ERI,Eritrea,IND,ADO|ST|E,MUR+STRUB+MOL/LWAL/CDN+ERN/H:2/IND,TOTAL,31.0,5758395.0,3100676.0,0.0,15996.0,8859070.0,4733.0,0.0,516.0,360.0
ERI,Eritrea,RES,ADO|ST|E,MUR+STRUB+MOL/LWAL/CDN+ERN/H:2/RES,RURAL,10150.0,225007871.0,39707273.0,43660.0,1022763.0,264715143.0,243454.0,10408.0,101.0,220.0
ERI,Eritrea,COM,ADO|ST|E,MUR+STRUB+MOL/LWAL/CDN+ERN/H:3/COM,TOTAL,9.0,5091738.0,1697246.0,0.0,7715.0,6788985.0,2352.0,0.0,857.0,660.0
ERI,Eritrea,RES,ADO|ST|E,MUR+STRUB+MOL/LWAL/CDN+ERN/H:3/RES,RURAL,138.0,20491061.0,3616069.0,4601.0,93141.0,24107130.0,22197.0,1097.0,675.0,220.0
ERI,Eritrea,COM,ADO|ST|E,MUR+STRUB+MOM/LWAL/CDN+ERN/H:1/COM,TOTAL,4589.0,393938534.0,131312844.0,0.0,596877.0,525251377.0,181477.0,0.0,130.0,660.0
ERI,Eritrea,IND,ADO|ST|E,MUR+STRUB+MOM/LWAL/CDN+ERN/H:1/IND,TOTAL,958.0,75918435.0,40879158.0,0.0,210885.0,116797591.0,62309.0,0.0,220.0,360.0
ERI,Eritrea,RES,ADO|ST|E,MUR+STRUB+MOM/LWAL/CDN+ERN/H:1/RES,RURAL,97315.0,1284546788.0,226684726.0,408207.0,5838849.0,1511231514.0,1388255.0,97315.0,60.0,220.0
ERI,Eritrea,COM,ADO|ST|E,MUR+STRUB+MOM/LWAL/CDN+ERN/H:2/COM,TOTAL,2296.0,393939943.0,131313312.0,0.0,596879.0,525253263.0,181727.0,0.0,260.0,660.0
ERI,Eritrea,IND,ADO|ST|E,MUR+STRUB+MOM/LWAL/CDN+ERN/H:2/IND,TOTAL,319.0,55213182.0,29730173.0,0.0,153370.0,84943352.0,45379.0,0.0,481.0,360.0
ERI,Eritrea,RES,ADO|ST|E,MUR+STRUB+MOM/LWAL/CDN+ERN/H:2/RES,RURAL,94882.0,2103445059.0,371196186.0,408201.0,9561114.0,2474641246.0,2275889.0,97314.0,101.0,220.0
ERI,Eritrea,COM,ADO|ST|E,MUR+STRUB+MOM/LWAL/CDN+ERN/H:3/COM,TOTAL,96.0,57202987.0,19067663.0,0.0,86671.0,76270652.0,26424.0,0.0,903.0,660.0
ERI,Eritrea,RES,ADO|ST|E,MUR+STRUB+MOM/LWAL/CDN+ERN/H:3/RES,RURAL,1282.0,191555192.0,33803859.0,42974.0,870705.0,225359049.0,207498.0,10245.0,679.0,220.0
ERI,Eritrea,IND,S,S+SL/LFM/CDL+ERL/H:1/IND,TOTAL,627.0,75904657.0,25301555.0,0.0,138008.0,101206213.0,47100.0,0.0,220.0,550.0
ERI,Eritrea,IND,S,S+SL/LFM/CDL+ERL/H:2/IND,TOTAL,208.0,55014735.0,18338246.0,0.0,100027.0,73352979.0,34160.0,0.0,481.0,550.0
ERI,Eritrea,IND,S,S/LFM/CDL+ERL/H:1/IND,TOTAL,509.0,61550996.0,20516996.0,0.0,111911.0,82067992.0,38194.0,0.0,220.0,550.0
ERI,Eritrea,IND,S,S/LFM/CDL+ERL/H:2/IND,TOTAL,168.0,44495331.0,14831776.0,0.0,80901.0,59327105.0,27628.0,0.0,482.0,550.0
ERI,Eritrea,RES,W,W+WBB/LN/CDN+ERL/H:1/RES,URBAN,12015.0,180223487.0,45055871.0,49499.0,720894.0,225279360.0,18907.0,12015.0,60.0,250.0
ERI,Eritrea,RES,W,W+WBB/LN/CDN+ERL/H:1/RES,RURAL,14035.0,109478471.0,27369617.0,58874.0,842142.0,136848089.0,22086.0,14035.0,60.0,130.0
ERI,Eritrea,COM,W,W+WLI/LWAL/CDL+ERM/H:1/COM,TOTAL,1338.0,76586261.0,25528754.0,0.0,174060.0,102115016.0,33227.0,0.0,130.0,440.0
ERI,Eritrea,RES,W,W+WLI/LWAL/CDL+ERM/H:1/RES,RURAL,24008.0,187265620.0,46816406.0,100706.0,1440505.0,234082025.0,152353.0,24008.0,60.0,130.0
ERI,Eritrea,RES,W,W+WLI/LWAL/CDL+ERM/H:1/RES,URBAN,5250.0,78759638.0,19689909.0,21583.0,315039.0,98449549.0,33320.0,5250.0,60.0,250.0
ERI,Eritrea,COM,W,W+WLI/LWAL/CDL+ERM/H:2/COM,TOTAL,224.0,25418898.0,8472964.0,0.0,57770.0,33891867.0,11033.0,0.0,258.0,440.0
ERI,Eritrea,RES,W,W+WLI/LWAL/CDL+ERM/H:2/RES,URBAN,1707.0,42989644.0,10747412.0,7194.0,171959.0,53737051.0,18198.0,1750.0,101.0,250.0
ERI,Eritrea,RES,W,W+WLI/LWAL/CDL+ERM/H:2/RES,RURAL,7803.0,102215962.0,25553990.0,33572.0,786277.0,127769952.0,83211.0,8003.0,101.0,130.0
ERI,Eritrea,RES,W,W+WWD/LWAL/CDN+ERM/H:1/RES,RURAL,29475.0,229904746.0,57476186.0,123637.0,1768498.0,287380932.0,23612.0,29475.0,60.0,130.0
ERI,Eritrea,RES,W,W+WWD/LWAL/CDN+ERM/H:1/RES,URBAN,25230.0,378468863.0,94617216.0,103937.0,1513875.0,473086079.0,20212.0,25230.0,60.0,250.0
ERI,Eritrea,RES,W,W+WWD/LWAL/CDN+ERM/H:2/RES,RURAL,12316.0,161343950.0,40335988.0,52985.0,1241107.0,201679940.0,16580.0,12631.0,101.0,130.0
ERI,Eritrea,RES,W,W+WWD/LWAL/CDN+ERM/H:2/RES,URBAN,10543.0,265604197.0,66401049.0,44548.0,1062417.0,332005248.0,14193.0,10814.0,101.0,250.0
ERI,Eritrea,COM,W,W/LWAL/CDL+ERM/H:1/COM,TOTAL,196.0,11269040.0,3756347.0,0.0,25611.0,15025384.0,4889.0,0.0,131.0,440.0
ERI,Eritrea,RES,W,W/LWAL/CDL+ERM/H:1/RES,RURAL,787.0,6146278.0,1536569.0,3303.0,47279.0,7682847.0,5000.0,787.0,60.0,130.0
ERI,Eritrea,RES,W,W/LWAL/CDL+ERM/H:1/RES,URBAN,4133.0,61990859.0,15497715.0,17028.0,247963.0,77488576.0,26225.0,4133.0,60.0,250.0
ERI,Eritrea,COM,W,W/LWAL/CDL+ERM/H:2/COM,TOTAL,102.0,11130344.0,3710113.0,0.0,25296.0,14840456.0,4831.0,0.0,248.0,440.0
ERI,Eritrea,RES,W,W/LWAL/CDL+ERM/H:2/RES,URBAN,4031.0,101510298.0,25377576.0,17028.0,406041.0,126887872.0,42971.0,4133.0,101.0,250.0
ERI,Eritrea,RES,W,W/LWAL/CDL+ERM/H:2/RES,RURAL,769.0,10056435.0,2514110.0,3298.0,77357.0,12570547.0,8187.0,786.0,101.0,130.0
ERI,Eritrea,COM,W,W/LWAL/CDL+ERM/H:3/COM,TOTAL,33.0,6054260.0,2018084.0,0.0,13760.0,8072346.0,2629.0,0.0,417.0,440.0
ERI,Eritrea,RES,W,W/LWAL/CDL+ERM/H:3/RES,RURAL,309.0,5867141.0,1466785.0,1651.0,45132.0,7333925.0,4779.0,394.0,146.0,130.0
ERI,Eritrea,RES,W,W/LWAL/CDL+ERM/H:3/RES,URBAN,1612.0,59209548.0,14802387.0,8501.0,236838.0,74011935.0,25080.0,2064.0,147.0,250.0
SWZ,Eswatini,COM,CR-,CR/LFINF/CDL+ERL/H:1/COM,TOTAL,23.0,1444716.0,254950.0,0.0,3010.0,1699666.0,1491.0,0.0,131.0,480.0
SWZ,Eswatini,IND,CR-,CR/LFINF/CDL+ERL/H:1/IND,TOTAL,39.0,3674371.0,1224790.0,0.0,9186.0,4899161.0,4523.0,0.0,236.0,400.0
SWZ,Eswatini,RES,CR-,CR/LFINF/CDL+ERL/H:1/RES,URBAN,624.0,14955813.0,2639261.0,2193.0,37390.0,17595074.0,12817.0,624.0,60.0,400.0
SWZ,Eswatini,COM,CR-,CR/LFINF/CDL+ERL/H:2/COM,TOTAL,42.0,5320491.0,938910.0,0.0,11084.0,6259399.0,5496.0,0.0,264.0,480.0
SWZ,Eswatini,IND,CR-,CR/LFINF/CDL+ERL/H:2/IND,TOTAL,14.0,2671605.0,890537.0,0.0,6679.0,3562138.0,3291.0,0.0,477.0,400.0
SWZ,Eswatini,RES,CR-,CR/LFINF/CDL+ERL/H:2/RES,URBAN,2128.0,85717084.0,15126544.0,7672.0,214293.0,100843630.0,73509.0,2183.0,101.0,400.0
SWZ,Eswatini,COM,CR-,CR/LFINF/CDL+ERL/H:3/COM,TOTAL,27.0,5672240.0,1000982.0,0.0,11817.0,6673224.0,5864.0,0.0,438.0,480.0
SWZ,Eswatini,RES,CR-,CR/LFINF/CDL+ERL/H:3/RES,URBAN,1699.0,100075290.0,17660346.0,7663.0,250188.0,117735635.0,85884.0,2180.0,147.0,400.0
SWZ,Eswatini,COM,CR-,CR/LFINF/CDL+ERL/H:4-7/COM,TOTAL,7.0,3788249.0,668515.0,0.0,7892.0,4456762.0,3925.0,0.0,1127.0,480.0
SWZ,Eswatini,RES,CR-,CR/LFINF/CDL+ERL/H:4-7/RES,URBAN,79.0,29911606.0,5278519.0,3287.0,74779.0,35190125.0,25726.0,935.0,947.0,400.0
SWZ,Eswatini,RES,CR-,CR/LFINF/CDL+ERL/H:>7/RES,URBAN,19.0,9347240.0,1649514.0,1094.0,23368.0,10996753.0,8051.0,311.0,1230.0,400.0
SWZ,Eswatini,COM,CR-,CR/LWAL/CDL+ERL/H:1/COM,TOTAL,10.0,649943.0,114695.0,0.0,1354.0,764640.0,735.0,0.0,135.0,480.0
SWZ,Eswatini,IND,CR-,CR/LWAL/CDL+ERL/H:1/IND,TOTAL,21.0,1837355.0,612450.0,0.0,4593.0,2449806.0,2392.0,0.0,219.0,400.0
SWZ,Eswatini,RES,CR-,CR/LWAL/CDL+ERL/H:1/RES,URBAN,311.0,7478406.0,1319719.0,1094.0,18696.0,8798124.0,7612.0,311.0,60.0,400.0
SWZ,Eswatini,COM,CR-,CR/LWAL/CDL+ERL/H:2/COM,TOTAL,20.0,2660843.0,469559.0,0.0,5543.0,3130404.0,3013.0,0.0,277.0,480.0
SWZ,Eswatini,IND,CR-,CR/LWAL/CDL+ERL/H:2/IND,TOTAL,7.0,829518.0,276505.0,0.0,2074.0,1106022.0,1081.0,0.0,296.0,400.0
SWZ,Eswatini,RES,CR-,CR/LWAL/CDL+ERL/H:2/RES,URBAN,1061.0,42858558.0,7563275.0,3831.0,107146.0,50421834.0,43654.0,1090.0,101.0,400.0
SWZ,Eswatini,COM,CR-,CR/LWAL/CDL+ERL/H:3/COM,TOTAL,12.0,2455474.0,433319.0,0.0,5116.0,2888793.0,2783.0,0.0,426.0,480.0
SWZ,Eswatini,RES,CR-,CR/LWAL/CDL+ERL/H:3/RES,URBAN,850.0,50037410.0,8830132.0,3836.0,125094.0,58867541.0,51004.0,1091.0,147.0,400.0
SWZ,Eswatini,COM,CR-,CR/LWAL/CDL+ERL/H:4-7/COM,TOTAL,4.0,1517424.0,267781.0,0.0,3161.0,1785205.0,1724.0,0.0,790.0,480.0
SWZ,Eswatini,RES,CR-,CR/LWAL/CDL+ERL/H:4-7/RES,URBAN,39.0,14955813.0,2639261.0,1639.0,37390.0,17595074.0,15279.0,466.0,959.0,400.0
SWZ,Eswatini,RES,CR-,CR/LWAL/CDL+ERL/H:>7/RES,URBAN,10.0,4673877.0,824801.0,545.0,11685.0,5498678.0,4782.0,155.0,1168.0,400.0
SWZ,Eswatini,RES,OT,INF/LN/CDN+ERN/H:1/EWV/RES,RURAL,2578.0,15472780.0,2730490.0,9060.0,154728.0,18203272.0,2066.0,2578.0,60.0,100.0
SWZ,Eswatini,RES,OT,INF/LN/CDN+ERN/H:1/EWV/RES,URBAN,365.0,3064649.0,540820.0,1283.0,21890.0,3605469.0,292.0,365.0,60.0,140.0
SWZ,Eswatini,RES,OT,MATO/LN/CDN+ERN/H:1/RES,RURAL,2981.0,17891860.0,3157386.0,10475.0,178919.0,21049248.0,82206.0,2981.0,60.0,100.0
SWZ,Eswatini,RES,OT,MATO/LN/CDN+ERN/H:1/RES,URBAN,1278.0,10726720.0,1892950.0,4491.0,76619.0,12619670.0,35204.0,1278.0,60.0,140.0
SWZ,Eswatini,COM,MR|MCF,MCF/LWAL/CDL+ERL/H:1/COM,TOTAL,108.0,6840148.0,1710038.0,0.0,14250.0,8550187.0,7060.0,0.0,132.0,480.0
SWZ,Eswatini,IND,MR|MCF,MCF/LWAL/CDL+ERL/H:1/IND,TOTAL,39.0,3674371.0,1224790.0,0.0,9186.0,4899161.0,4523.0,0.0,236.0,400.0
SWZ,Eswatini,RES,MR|MCF,MCF/LWAL/CDL+ERL/H:1/RES,URBAN,2804.0,67302151.0,11876850.0,9855.0,168255.0,79179000.0,57675.0,2804.0,60.0,400.0
SWZ,Eswatini,COM,MR|MCF,MCF/LWAL/CDL+ERL/H:2/COM,TOTAL,57.0,6839484.0,1709870.0,0.0,14249.0,8549353.0,7065.0,0.0,250.0,480.0
SWZ,Eswatini,IND,MR|MCF,MCF/LWAL/CDL+ERL/H:2/IND,TOTAL,14.0,2671605.0,890537.0,0.0,6679.0,3562138.0,3291.0,0.0,477.0,400.0
SWZ,Eswatini,RES,MR|MCF,MCF/LWAL/CDL+ERL/H:2/RES,URBAN,2734.0,110207192.0,19448328.0,9855.0,275518.0,129655523.0,94511.0,2804.0,101.0,400.0
SWZ,Eswatini,COM,MR|MCF,MCF/LWAL/CDL+ERL/H:3-6/COM,TOTAL,5.0,1788154.0,447038.0,0.0,3725.0,2235191.0,1850.0,0.0,745.0,480.0
SWZ,Eswatini,RES,MR|MCF,MCF/LWAL/CDL+ERL/H:3-6/RES,URBAN,78.0,21187474.0,3738966.0,2184.0,52969.0,24926440.0,18196.0,621.0,679.0,400.0
SWZ,Eswatini,RES,OT,ME+MEO/LWAL/CDN+ERM/H:1/RES,RURAL,3452.0,20712269.0,3655107.0,12131.0,207123.0,24367375.0,8082.0,3452.0,60.0,100.0
SWZ,Eswatini,RES,OT,ME+MEO/LWAL/CDN+ERM/H:1/RES,URBAN,1358.0,11398843.0,2011561.0,4772.0,81420.0,13410403.0,3177.0,1358.0,60.0,140.0
SWZ,Eswatini,COM,ADO|ST|E,MUR+ADO/LWAL/CDN+ERN/H:1/COM,TOTAL,419.0,8138288.0,2712764.0,0.0,54255.0,10851050.0,4604.0,0.0,129.0,150.0
SWZ,Eswatini,RES,ADO|ST|E,MUR+ADO/LWAL/CDN+ERN/H:1/RES,URBAN,4266.0,38396527.0,6775858.0,14992.0,255977.0,45172385.0,15723.0,4266.0,60.0,150.0
SWZ,Eswatini,RES,ADO|ST|E,MUR+ADO/LWAL/CDN+ERN/H:1/RES,RURAL,7248.0,26087425.0,4603663.0,25471.0,434790.0,30691089.0,26706.0,7248.0,60.0,60.0
SWZ,Eswatini,COM,ADO|ST|E,MUR+ADO/LWAL/CDN+ERN/H:2/COM,TOTAL,210.0,8138449.0,2712815.0,0.0,54256.0,10851265.0,4618.0,0.0,258.0,150.0
SWZ,Eswatini,RES,ADO|ST|E,MUR+ADO/LWAL/CDN+ERN/H:2/RES,URBAN,4160.0,62874376.0,11095479.0,14992.0,419163.0,73969855.0,25814.0,4266.0,101.0,150.0
SWZ,Eswatini,RES,ADO|ST|E,MUR+ADO/LWAL/CDN+ERN/H:2/RES,RURAL,7065.0,42718124.0,7538490.0,25467.0,711969.0,50256618.0,43846.0,7246.0,101.0,60.0
SWZ,Eswatini,COM,ADO|ST|E,MUR+ADO/LWAL/CDN+ERN/H:3/COM,TOTAL,7.0,881963.0,293986.0,0.0,5880.0,1175951.0,502.0,0.0,840.0,150.0
SWZ,Eswatini,RES,ADO|ST|E,MUR+ADO/LWAL/CDN+ERN/H:3/RES,URBAN,55.0,5725636.0,1010407.0,1577.0,38171.0,6736042.0,2357.0,449.0,694.0,150.0
SWZ,Eswatini,RES,ADO|ST|E,MUR+ADO/LWAL/CDN+ERN/H:3/RES,RURAL,98.0,3890157.0,686497.0,2680.0,64836.0,4576654.0,4003.0,763.0,662.0,60.0
SWZ,Eswatini,COM,MUR,MUR+CB/LWAL/CDN+ERN/H:1/COM,TOTAL,3042.0,126435716.0,31608927.0,0.0,395112.0,158044643.0,333043.0,0.0,130.0,320.0
SWZ,Eswatini,IND,MUR,MUR+CB/LWAL/CDN+ERN/H:1/IND,TOTAL,1077.0,66257323.0,22085774.0,0.0,236633.0,88343099.0,190348.0,0.0,220.0,280.0
SWZ,Eswatini,RES,MUR,MUR+CB/LWAL/CDN+ERN/H:1/RES,RURAL,58387.0,770710213.0,136007684.0,205194.0,3503228.0,906717897.0,2272232.0,58387.0,60.0,220.0
SWZ,Eswatini,RES,MUR,MUR+CB/LWAL/CDN+ERN/H:1/RES,URBAN,16281.0,253972821.0,44818732.0,57216.0,976819.0,298791555.0,633575.0,16281.0,60.0,260.0
SWZ,Eswatini,COM,MUR,MUR+CB/LWAL/CDN+ERN/H:2/COM,TOTAL,1519.0,126435768.0,31608941.0,0.0,395112.0,158044708.0,333222.0,0.0,260.0,320.0
SWZ,Eswatini,IND,MUR,MUR+CB/LWAL/CDN+ERN/H:2/IND,TOTAL,358.0,48186685.0,16062226.0,0.0,172095.0,64248917.0,138512.0,0.0,481.0,280.0
SWZ,Eswatini,RES,MUR,MUR+CB/LWAL/CDN+ERN/H:2/RES,URBAN,15874.0,415879891.0,73390570.0,57216.0,1599538.0,489270461.0,1037988.0,16281.0,101.0,260.0
SWZ,Eswatini,RES,MUR,MUR+CB/LWAL/CDN+ERN/H:2/RES,RURAL,56928.0,1262037513.0,222712502.0,205194.0,5736534.0,1484750016.0,3722608.0,58387.0,101.0,220.0
SWZ,Eswatini,COM,MUR,MUR+CB/LWAL/CDN+ERN/H:3/COM,TOTAL,63.0,17621928.0,4405482.0,0.0,55069.0,22027409.0,46468.0,0.0,874.0,320.0
SWZ,Eswatini,RES,MUR,MUR+CB/LWAL/CDN+ERN/H:3/RES,URBAN,213.0,37872874.0,6683449.0,6028.0,145665.0,44556324.0,94573.0,1715.0,684.0,260.0
SWZ,Eswatini,RES,MUR,MUR+CB/LWAL/CDN+ERN/H:3/RES,RURAL,770.0,114930915.0,20281925.0,21609.0,522413.0,135212840.0,339176.0,6149.0,678.0,220.0
SWZ,Eswatini,COM,MUR,MUR+CL/LWAL/CDN+ERN/H:1/COM,TOTAL,1029.0,42869978.0,10717493.0,0.0,133969.0,53587473.0,83404.0,0.0,130.0,320.0
SWZ,Eswatini,IND,MUR,MUR+CL/LWAL/CDN+ERN/H:1/IND,TOTAL,367.0,22484028.0,7494673.0,0.0,80300.0,29978703.0,46270.0,0.0,219.0,280.0
SWZ,Eswatini,RES,MUR,MUR+CL/LWAL/CDN+ERN/H:1/RES,URBAN,5920.0,92353432.0,16297664.0,20804.0,355206.0,108651096.0,163203.0,5920.0,60.0,260.0
SWZ,Eswatini,RES,MUR,MUR+CL/LWAL/CDN+ERN/H:1/RES,RURAL,19464.0,256903218.0,45335862.0,68402.0,1167742.0,302239079.0,536530.0,19464.0,60.0,220.0
SWZ,Eswatini,COM,MUR,MUR+CL/LWAL/CDN+ERN/H:2/COM,TOTAL,516.0,42870024.0,10717507.0,0.0,133969.0,53587530.0,83452.0,0.0,260.0,320.0
SWZ,Eswatini,IND,MUR,MUR+CL/LWAL/CDN+ERN/H:2/IND,TOTAL,122.0,16351580.0,5450527.0,0.0,58399.0,21802111.0,33670.0,0.0,479.0,280.0
SWZ,Eswatini,RES,MUR,MUR+CL/LWAL/CDN+ERN/H:2/RES,URBAN,5771.0,151229135.0,26687495.0,20804.0,581651.0,177916630.0,267388.0,5920.0,101.0,260.0
SWZ,Eswatini,RES,MUR,MUR+CL/LWAL/CDN+ERN/H:2/RES,RURAL,18974.0,420679163.0,74237499.0,68398.0,1912178.0,494916661.0,879038.0,19462.0,101.0,220.0
SWZ,Eswatini,COM,MUR,MUR+CL/LWAL/CDN+ERN/H:3/COM,TOTAL,20.0,5475379.0,1368843.0,0.0,17111.0,6844223.0,10665.0,0.0,856.0,320.0
SWZ,Eswatini,RES,MUR,MUR+CL/LWAL/CDN+ERN/H:3/RES,URBAN,78.0,13771859.0,2430328.0,2184.0,52969.0,16202186.0,24363.0,621.0,679.0,260.0
SWZ,Eswatini,RES,MUR,MUR+CL/LWAL/CDN+ERN/H:3/RES,RURAL,258.0,38310303.0,6760642.0,7206.0,174138.0,45070947.0,80095.0,2050.0,675.0,220.0
SWZ,Eswatini,COM,ADO|ST|E,MUR+STDRE/LWAL/CDN+ERN/H:1/COM,TOTAL,8.0,685031.0,228344.0,0.0,1105.0,913376.0,336.0,0.0,138.0,620.0
SWZ,Eswatini,RES,ADO|ST|E,MUR+STDRE/LWAL/CDN+ERN/H:1/RES,URBAN,309.0,7384884.0,1303214.0,1085.0,18462.0,8688098.0,4390.0,309.0,60.0,400.0
SWZ,Eswatini,COM,ADO|ST|E,MUR+STDRE/LWAL/CDN+ERN/H:2/COM,TOTAL,4.0,397404.0,132468.0,0.0,641.0,529870.0,195.0,0.0,160.0,620.0
SWZ,Eswatini,RES,ADO|ST|E,MUR+STDRE/LWAL/CDN+ERN/H:2/RES,URBAN,300.0,12093265.0,2134106.0,1081.0,30233.0,14227371.0,7197.0,308.0,101.0,400.0
SWZ,Eswatini,RES,ADO|ST|E,MUR+STDRE/LWAL/CDN+ERN/H:3/RES,URBAN,2.0,352900.0,62277.0,34.0,882.0,415177.0,210.0,10.0,441.0,400.0
SWZ,Eswatini,COM,ADO|ST|E,MUR+STRUB/LWAL/CDN+ERN/H:1/COM,TOTAL,188.0,15266514.0,5088840.0,0.0,24623.0,20355354.0,7487.0,0.0,131.0,620.0
SWZ,Eswatini,IND,ADO|ST|E,MUR+STRUB/LWAL/CDN+ERN/H:1/IND,TOTAL,67.0,6869450.0,3698936.0,0.0,14934.0,10568385.0,4412.0,0.0,223.0,460.0
SWZ,Eswatini,RES,ADO|ST|E,MUR+STRUB/LWAL/CDN+ERN/H:1/RES,RURAL,4908.0,73624455.0,12992551.0,17250.0,294498.0,86617005.0,70020.0,4908.0,60.0,250.0
SWZ,Eswatini,COM,ADO|ST|E,MUR+STRUB/LWAL/CDN+ERN/H:2/COM,TOTAL,94.0,15268410.0,5089469.0,0.0,24626.0,20357882.0,7498.0,0.0,262.0,620.0
SWZ,Eswatini,IND,ADO|ST|E,MUR+STRUB/LWAL/CDN+ERN/H:2/IND,TOTAL,20.0,4996821.0,2690596.0,0.0,10863.0,7687418.0,3214.0,0.0,543.0,460.0
SWZ,Eswatini,RES,ADO|ST|E,MUR+STRUB/LWAL/CDN+ERN/H:2/RES,RURAL,4785.0,120559838.0,21275266.0,17250.0,482239.0,141835105.0,114790.0,4908.0,101.0,250.0
SWZ,Eswatini,COM,ADO|ST|E,MUR+STRUB/LWAL/CDN+ERN/H:3/COM,TOTAL,4.0,1891333.0,630443.0,0.0,3051.0,2521777.0,930.0,0.0,763.0,620.0
SWZ,Eswatini,RES,ADO|ST|E,MUR+STRUB/LWAL/CDN+ERN/H:3/RES,RURAL,65.0,10978950.0,1937461.0,1810.0,43916.0,12916411.0,10466.0,515.0,676.0,250.0
SWZ,Eswatini,IND,S,S+SL/LFM/CDL+ERL/H:1/IND,TOTAL,383.0,33487272.0,11162423.0,0.0,83718.0,44649693.0,28572.0,0.0,219.0,400.0
SWZ,Eswatini,IND,S,S+SL/LFM/CDL+ERL/H:2/IND,TOTAL,130.0,24005681.0,8001894.0,0.0,60014.0,32007572.0,20495.0,0.0,462.0,400.0
SWZ,Eswatini,IND,S,S/LFM/CDL+ERL/H:1/IND,TOTAL,197.0,17656210.0,5885404.0,0.0,44141.0,23541618.0,15065.0,0.0,224.0,400.0
SWZ,Eswatini,IND,S,S/LFM/CDL+ERL/H:2/IND,TOTAL,66.0,12839393.0,4279799.0,0.0,32098.0,17119194.0,10962.0,0.0,486.0,400.0
SWZ,Eswatini,RES,W,W+WWD/LWAL/CDN+ERM/H:1/RES,RURAL,47041.0,620937699.0,155234425.0,165320.0,2822444.0,776172124.0,37683.0,47041.0,60.0,220.0
SWZ,Eswatini,RES,W,W+WWD/LWAL/CDN+ERM/H:1/RES,URBAN,10202.0,153022191.0,38255548.0,35853.0,612089.0,191277740.0,8172.0,10202.0,60.0,250.0
SWZ,Eswatini,RES,W,W+WWD/LWAL/CDN+ERM/H:2/RES,RURAL,19656.0,435765215.0,108941303.0,70850.0,1980751.0,544706517.0,26461.0,20160.0,101.0,220.0
SWZ,Eswatini,RES,W,W+WWD/LWAL/CDN+ERM/H:2/RES,URBAN,4263.0,107388604.0,26847151.0,15361.0,429554.0,134235755.0,5739.0,4371.0,101.0,250.0
SWZ,Eswatini,COM,W,W/LWAL/CDL+ERM/H:1/COM,TOTAL,33.0,1531206.0,510400.0,0.0,4029.0,2041609.0,769.0,0.0,122.0,380.0
SWZ,Eswatini,RES,W,W/LWAL/CDL+ERM/H:1/RES,RURAL,541.0,7161522.0,1790380.0,1903.0,32552.0,8951902.0,3443.0,541.0,60.0,220.0
SWZ,Eswatini,RES,W,W/LWAL/CDL+ERM/H:1/RES,URBAN,361.0,5427900.0,1356974.0,1270.0,21712.0,6784874.0,2296.0,361.0,60.0,250.0
SWZ,Eswatini,COM,W,W/LWAL/CDL+ERM/H:2/COM,TOTAL,14.0,1242048.0,414016.0,0.0,3269.0,1656065.0,624.0,0.0,234.0,380.0
SWZ,Eswatini,RES,W,W/LWAL/CDL+ERM/H:2/RES,RURAL,529.0,11726827.0,2931708.0,1903.0,53304.0,14658534.0,5641.0,541.0,101.0,220.0
SWZ,Eswatini,RES,W,W/LWAL/CDL+ERM/H:2/RES,URBAN,350.0,8888538.0,2222135.0,1270.0,35554.0,11110672.0,3763.0,361.0,102.0,250.0
SWZ,Eswatini,COM,W,W/LWAL/CDL+ERM/H:3/COM,TOTAL,4.0,479678.0,159892.0,0.0,1262.0,639569.0,241.0,0.0,316.0,380.0
SWZ,Eswatini,RES,W,W/LWAL/CDL+ERM/H:3/RES,RURAL,213.0,6776151.0,1694037.0,935.0,30801.0,8470189.0,3262.0,266.0,145.0,220.0
SWZ,Eswatini,RES,W,W/LWAL/CDL+ERM/H:3/RES,URBAN,141.0,5076098.0,1269025.0,610.0,20304.0,6345125.0,2150.0,174.0,144.0,250.0
ETH,Ethiopia,COM,CR-,CR/LFINF/CDL+ERL/H:1/COM,TOTAL,59.0,2354202.0,415447.0,0.0,7134.0,2769647.0,3534.0,0.0,121.0,330.0
ETH,Ethiopia,IND,CR-,CR/LFINF/CDL+ERL/H:1/IND,TOTAL,70.0,5054536.0,1684844.0,0.0,15317.0,6739382.0,7541.0,0.0,219.0,330.0
ETH,Ethiopia,RES,CR-,CR/LFINF/CDL+ERL/H:1/RES,URBAN,141.0,2558026.0,451417.0,625.0,8527.0,3009444.0,2923.0,141.0,60.0,300.0
ETH,Ethiopia,COM,CR-,CR/LFINF/CDL+ERL/H:2/COM,TOTAL,104.0,8712951.0,1537579.0,0.0,26403.0,10250531.0,13091.0,0.0,254.0,330.0
ETH,Ethiopia,IND,CR-,CR/LFINF/CDL+ERL/H:2/IND,TOTAL,22.0,3216833.0,1072279.0,0.0,9748.0,4289110.0,4804.0,0.0,443.0,330.0
ETH,Ethiopia,RES,CR-,CR/LFINF/CDL+ERL/H:2/RES,URBAN,491.0,14788865.0,2609798.0,2230.0,49296.0,17398663.0,16910.0,500.0,100.0,300.0
ETH,Ethiopia,COM,CR-,CR/LFINF/CDL+ERL/H:3/COM,TOTAL,65.0,9304717.0,1642009.0,0.0,28196.0,10946726.0,13991.0,0.0,434.0,330.0
ETH,Ethiopia,RES,CR-,CR/LFINF/CDL+ERL/H:3/RES,URBAN,389.0,16940895.0,2989569.0,2172.0,56470.0,19930465.0,19385.0,486.0,145.0,300.0
ETH,Ethiopia,COM,CR-,CR/LFINF/CDL+ERL/H:4-7/COM,TOTAL,15.0,5297841.0,934913.0,0.0,16054.0,6232754.0,7985.0,0.0,1070.0,330.0
ETH,Ethiopia,RES,CR-,CR/LFINF/CDL+ERL/H:4-7/RES,URBAN,17.0,4999282.0,882227.0,932.0,16664.0,5881509.0,5733.0,209.0,980.0,300.0
ETH,Ethiopia,COM,CR-,CR/LFINF/CDL+ERL/H:>7/COM,TOTAL,2.0,1752464.0,309258.0,0.0,5310.0,2061723.0,2645.0,0.0,2655.0,330.0
ETH,Ethiopia,RES,CR-,CR/LFINF/CDL+ERL/H:>7/RES,URBAN,4.0,1216512.0,214679.0,249.0,4055.0,1431191.0,1397.0,54.0,1014.0,300.0
ETH,Ethiopia,COM,CR+,CR/LFINF/CDM+ERM/H:1/COM,TOTAL,174.0,7782828.0,1373440.0,0.0,23584.0,9156269.0,11684.0,0.0,136.0,330.0
ETH,Ethiopia,IND,CR+,CR/LFINF/CDM+ERM/H:1/IND,TOTAL,191.0,13577536.0,4525845.0,0.0,41144.0,18103375.0,20257.0,0.0,215.0,330.0
ETH,Ethiopia,RES,CR+,CR/LFINF/CDM+ERM/H:1/RES,URBAN,280.0,5006682.0,883532.0,1249.0,16689.0,5890215.0,5721.0,280.0,60.0,300.0
ETH,Ethiopia,COM,CR+,CR/LFINF/CDM+ERM/H:2/COM,TOTAL,316.0,27784246.0,4903103.0,0.0,84195.0,32687350.0,41745.0,0.0,266.0,330.0
ETH,Ethiopia,IND,CR+,CR/LFINF/CDM+ERM/H:2/IND,TOTAL,65.0,9874422.0,3291473.0,0.0,29922.0,13165896.0,14746.0,0.0,460.0,330.0
ETH,Ethiopia,RES,CR+,CR/LFINF/CDM+ERM/H:2/RES,URBAN,946.0,28684406.0,5061954.0,4313.0,95615.0,33746362.0,32799.0,968.0,101.0,300.0
ETH,Ethiopia,COM,CR+,CR/LFINF/CDM+ERM/H:3/COM,TOTAL,214.0,31157723.0,5498420.0,0.0,94417.0,36656147.0,46850.0,0.0,441.0,330.0
ETH,Ethiopia,RES,CR+,CR/LFINF/CDM+ERM/H:3/RES,URBAN,762.0,33434971.0,5900288.0,4325.0,111450.0,39335258.0,38258.0,971.0,146.0,300.0
ETH,Ethiopia,COM,CR+,CR/LFINF/CDM+ERM/H:4-7/COM,TOTAL,53.0,21120065.0,3727070.0,0.0,64000.0,24847134.0,31831.0,0.0,1208.0,330.0
ETH,Ethiopia,RES,CR+,CR/LFINF/CDM+ERM/H:4-7/RES,URBAN,33.0,9704318.0,1712528.0,1793.0,32348.0,11416845.0,11128.0,403.0,980.0,300.0
ETH,Ethiopia,COM,CR+,CR/LFINF/CDM+ERM/H:>7/COM,TOTAL,4.0,5344775.0,943196.0,0.0,16196.0,6287971.0,8068.0,0.0,4049.0,330.0
ETH,Ethiopia,RES,CR+,CR/LFINF/CDM+ERM/H:>7/RES,URBAN,7.0,2646625.0,467052.0,533.0,8822.0,3113677.0,3039.0,118.0,1260.0,300.0
ETH,Ethiopia,RES,ADO|ST|E,E+ETO/LWAL/CDN+ERN/H:1/RES,RURAL,4261220.0,7670192315.0,1353563349.0,17943693.0,255673077.0,9023755665.0,22843357.0,4261220.0,60.0,30.0
ETH,Ethiopia,RES,ADO|ST|E,E+ETO/LWAL/CDN+ERN/H:1/RES,URBAN,1789892.0,6443619663.0,1137109352.0,7477588.0,107393661.0,7580729015.0,9595190.0,1789892.0,60.0,60.0
ETH,Ethiopia,RES,OT,INF/LN/CDN+ERN/H:1/EWV/RES,URBAN,155736.0,747527671.0,131916647.0,632891.0,9344096.0,879444318.0,124755.0,155736.0,60.0,80.0
ETH,Ethiopia,RES,OT,INF/LN/CDN+ERN/H:1/EWV/RES,RURAL,2299894.0,6899689971.0,1217592348.0,9431885.0,137993799.0,8117282319.0,1842390.0,2299894.0,60.0,50.0
ETH,Ethiopia,RES,OT,MATO/LN/CDN+ERN/H:1/RES,RURAL,125648.0,376946613.0,66519990.0,505603.0,7538932.0,443466601.0,3463835.0,125648.0,60.0,50.0
ETH,Ethiopia,RES,OT,MATO/LN/CDN+ERN/H:1/RES,URBAN,35269.0,169294417.0,29875485.0,144139.0,2116180.0,199169900.0,972299.0,35269.0,60.0,80.0
ETH,Ethiopia,COM,MR|MCF,MCF+CL/LWAL/CDL+ERL/H:1/COM,TOTAL,265.0,11216178.0,2804045.0,0.0,33988.0,14020224.0,16839.0,0.0,128.0,330.0
ETH,Ethiopia,IND,MR|MCF,MCF+CL/LWAL/CDL+ERL/H:1/IND,TOTAL,70.0,5054536.0,1684844.0,0.0,15317.0,6739384.0,7541.0,0.0,219.0,330.0
ETH,Ethiopia,RES,MR|MCF,MCF+CL/LWAL/CDL+ERL/H:1/RES,URBAN,647.0,11624133.0,2051318.0,2885.0,38747.0,13675450.0,13282.0,647.0,60.0,300.0
ETH,Ethiopia,COM,MR|MCF,MCF+CL/LWAL/CDL+ERL/H:2/COM,TOTAL,134.0,11200433.0,2800109.0,0.0,33941.0,14000541.0,16828.0,0.0,253.0,330.0
ETH,Ethiopia,IND,MR|MCF,MCF+CL/LWAL/CDL+ERL/H:2/IND,TOTAL,22.0,3216833.0,1072279.0,0.0,9748.0,4289110.0,4804.0,0.0,443.0,330.0
ETH,Ethiopia,RES,MR|MCF,MCF+CL/LWAL/CDL+ERL/H:2/RES,URBAN,629.0,19012948.0,3355228.0,2870.0,63376.0,22368177.0,21740.0,643.0,101.0,300.0
ETH,Ethiopia,COM,MR|MCF,MCF+CL/LWAL/CDL+ERL/H:3-6/COM,TOTAL,7.0,1862759.0,465690.0,0.0,5645.0,2328449.0,2803.0,0.0,806.0,330.0
ETH,Ethiopia,RES,MR|MCF,MCF+CL/LWAL/CDL+ERL/H:3-6/RES,URBAN,15.0,3089892.0,545274.0,554.0,10300.0,3635167.0,3538.0,123.0,687.0,300.0
ETH,Ethiopia,COM,MR|MCF,MCF+CL/LWAL/CDM+ERM/H:1/COM,TOTAL,519.0,22010095.0,5502524.0,0.0,66697.0,27512617.0,33043.0,0.0,129.0,330.0
ETH,Ethiopia,IND,MR|MCF,MCF+CL/LWAL/CDM+ERM/H:1/IND,TOTAL,138.0,9814699.0,3271566.0,0.0,29742.0,13086272.0,14643.0,0.0,216.0,330.0
ETH,Ethiopia,RES,MR|MCF,MCF+CL/LWAL/CDM+ERM/H:1/RES,URBAN,1253.0,22564525.0,3981974.0,5582.0,75215.0,26546502.0,25783.0,1253.0,60.0,300.0
ETH,Ethiopia,COM,MR|MCF,MCF+CL/LWAL/CDM+ERM/H:2/COM,TOTAL,255.0,21745446.0,5436363.0,0.0,65895.0,27181811.0,32672.0,0.0,258.0,330.0
ETH,Ethiopia,IND,MR|MCF,MCF+CL/LWAL/CDM+ERM/H:2/IND,TOTAL,48.0,7137816.0,2379273.0,0.0,21630.0,9517089.0,10659.0,0.0,451.0,330.0
ETH,Ethiopia,RES,MR|MCF,MCF+CL/LWAL/CDM+ERM/H:2/RES,URBAN,1221.0,36908817.0,6513322.0,5569.0,123029.0,43422140.0,42203.0,1250.0,101.0,300.0
ETH,Ethiopia,COM,MR|MCF,MCF+CL/LWAL/CDM+ERM/H:3-6/COM,TOTAL,25.0,6111871.0,1527968.0,0.0,18521.0,7639838.0,9197.0,0.0,741.0,330.0
ETH,Ethiopia,RES,MR|MCF,MCF+CL/LWAL/CDM+ERM/H:3-6/RES,URBAN,34.0,6873961.0,1213054.0,1215.0,22913.0,8087015.0,7871.0,273.0,674.0,300.0
ETH,Ethiopia,RES,OT,ME+MEO/LWAL/CDN+ERM/H:1/RES,RURAL,61518.0,184556242.0,32568749.0,277521.0,3691125.0,217124990.0,144025.0,61518.0,60.0,50.0
ETH,Ethiopia,RES,OT,ME+MEO/LWAL/CDN+ERM/H:1/RES,URBAN,67703.0,324970891.0,57347805.0,288795.0,4062136.0,382318696.0,158501.0,67703.0,60.0,80.0
ETH,Ethiopia,COM,ADO|ST|E,MUR+ADO/LWAL/CDN+ERN/H:1/COM,TOTAL,10260.0,80022921.0,26674304.0,0.0,1333715.0,106697229.0,113180.0,0.0,130.0,60.0
ETH,Ethiopia,RES,ADO|ST|E,MUR+ADO/LWAL/CDN+ERN/H:1/RES,RURAL,16609.0,29894493.0,5275500.0,73224.0,996483.0,35169989.0,61206.0,16609.0,60.0,30.0
ETH,Ethiopia,RES,ADO|ST|E,MUR+ADO/LWAL/CDN+ERN/H:1/RES,URBAN,41233.0,148432509.0,26193972.0,187673.0,2473875.0,174626480.0,151951.0,41233.0,60.0,60.0
ETH,Ethiopia,COM,ADO|ST|E,MUR+ADO/LWAL/CDN+ERN/H:2/COM,TOTAL,5133.0,79998997.0,26666334.0,0.0,1333317.0,106665328.0,113475.0,0.0,260.0,60.0
ETH,Ethiopia,RES,ADO|ST|E,MUR+ADO/LWAL/CDN+ERN/H:2/RES,URBAN,40202.0,243055742.0,42892192.0,187666.0,4050929.0,285947934.0,249474.0,41230.0,101.0,60.0
ETH,Ethiopia,RES,ADO|ST|E,MUR+ADO/LWAL/CDN+ERN/H:2/RES,RURAL,16196.0,48948194.0,8637919.0,73201.0,1631606.0,57586108.0,100482.0,16605.0,101.0,30.0
ETH,Ethiopia,COM,ADO|ST|E,MUR+ADO/LWAL/CDN+ERN/H:3/COM,TOTAL,214.0,11416959.0,3805654.0,0.0,190283.0,15222614.0,16241.0,0.0,889.0,60.0
ETH,Ethiopia,RES,ADO|ST|E,MUR+ADO/LWAL/CDN+ERN/H:3/RES,URBAN,543.0,22038928.0,3889224.0,19667.0,367315.0,25928151.0,22681.0,4321.0,676.0,60.0
ETH,Ethiopia,RES,ADO|ST|E,MUR+ADO/LWAL/CDN+ERN/H:3/RES,RURAL,215.0,4413263.0,778810.0,7611.0,147109.0,5192076.0,9084.0,1731.0,684.0,30.0
ETH,Ethiopia,COM,MUR,MUR+CL/LWAL/CDN+ERN/H:1/COM,TOTAL,4091.0,170131994.0,42532997.0,0.0,531662.0,212664994.0,330995.0,0.0,130.0,320.0
ETH,Ethiopia,IND,MUR,MUR+CL/LWAL/CDN+ERN/H:1/IND,TOTAL,4400.0,242346527.0,80782173.0,0.0,969386.0,323128707.0,558572.0,0.0,220.0,250.0
ETH,Ethiopia,RES,MUR,MUR+CL/LWAL/CDN+ERN/H:1/RES,RURAL,8405.0,40346496.0,7119971.0,39783.0,504331.0,47466467.0,231720.0,8405.0,60.0,80.0
ETH,Ethiopia,RES,MUR,MUR+CL/LWAL/CDN+ERN/H:1/RES,URBAN,9356.0,72976711.0,12878245.0,41692.0,561359.0,85854951.0,257922.0,9356.0,60.0,130.0
ETH,Ethiopia,COM,MUR,MUR+CL/LWAL/CDN+ERN/H:2/COM,TOTAL,2049.0,169899434.0,42474859.0,0.0,530936.0,212374294.0,330730.0,0.0,259.0,320.0
ETH,Ethiopia,IND,MUR,MUR+CL/LWAL/CDN+ERN/H:2/IND,TOTAL,1461.0,175646394.0,58548802.0,0.0,702586.0,234195192.0,405084.0,0.0,481.0,250.0
ETH,Ethiopia,RES,MUR,MUR+CL/LWAL/CDN+ERN/H:2/RES,URBAN,9120.0,119477719.0,21084302.0,41676.0,919059.0,140562019.0,422496.0,9352.0,101.0,130.0
ETH,Ethiopia,RES,MUR,MUR+CL/LWAL/CDN+ERN/H:2/RES,RURAL,8197.0,66066845.0,11658855.0,39790.0,825836.0,77725696.0,379641.0,8407.0,101.0,80.0
ETH,Ethiopia,COM,MUR,MUR+CL/LWAL/CDN+ERN/H:3/COM,TOTAL,78.0,22505870.0,5626469.0,0.0,70331.0,28132336.0,43835.0,0.0,902.0,320.0
ETH,Ethiopia,RES,MUR,MUR+CL/LWAL/CDN+ERN/H:3/RES,RURAL,109.0,5928274.0,1046168.0,4134.0,74103.0,6974438.0,34084.0,873.0,680.0,80.0
ETH,Ethiopia,RES,MUR,MUR+CL/LWAL/CDN+ERN/H:3/RES,URBAN,125.0,10752924.0,1897575.0,4315.0,82715.0,12650500.0,38045.0,972.0,662.0,130.0
ETH,Ethiopia,COM,MUR,MUR+CLBLH/LWAL/CDN+ERN/H:1/COM,TOTAL,47786.0,1987596100.0,496899029.0,0.0,6211238.0,2484495133.0,3378665.0,0.0,130.0,320.0
ETH,Ethiopia,IND,MUR,MUR+CLBLH/LWAL/CDN+ERN/H:1/IND,TOTAL,24996.0,1374548712.0,458182906.0,0.0,5498195.0,1832731613.0,2765236.0,0.0,220.0,250.0
ETH,Ethiopia,RES,MUR,MUR+CLBLH/LWAL/CDN+ERN/H:1/RES,URBAN,133776.0,1043462521.0,184140445.0,586817.0,8026635.0,1227602965.0,3214555.0,133776.0,60.0,130.0
ETH,Ethiopia,RES,MUR,MUR+CLBLH/LWAL/CDN+ERN/H:1/RES,RURAL,66016.0,316883146.0,55920556.0,324449.0,3961039.0,372803703.0,1586341.0,66016.0,60.0,80.0
ETH,Ethiopia,COM,MUR,MUR+CLBLH/LWAL/CDN+ERN/H:2/COM,TOTAL,23884.0,1987598849.0,496899704.0,0.0,6211246.0,2484498562.0,3380562.0,0.0,260.0,320.0
ETH,Ethiopia,IND,MUR,MUR+CLBLH/LWAL/CDN+ERN/H:2/IND,TOTAL,8335.0,999663302.0,333221098.0,0.0,3998653.0,1332884402.0,2012295.0,0.0,480.0,250.0
ETH,Ethiopia,RES,MUR,MUR+CLBLH/LWAL/CDN+ERN/H:2/RES,URBAN,130433.0,1708669528.0,301529917.0,586823.0,13143612.0,2010199446.0,5266702.0,133776.0,101.0,130.0
ETH,Ethiopia,RES,MUR,MUR+CLBLH/LWAL/CDN+ERN/H:2/RES,RURAL,64364.0,518890254.0,91568870.0,324425.0,6486128.0,610459120.0,2599020.0,66013.0,101.0,80.0
ETH,Ethiopia,COM,MUR,MUR+CLBLH/LWAL/CDN+ERN/H:3/COM,TOTAL,1004.0,286638138.0,71659535.0,0.0,895744.0,358297671.0,487795.0,0.0,892.0,320.0
ETH,Ethiopia,RES,MUR,MUR+CLBLH/LWAL/CDN+ERN/H:3/RES,RURAL,868.0,47246836.0,8337679.0,34144.0,590585.0,55584517.0,236779.0,6948.0,680.0,80.0
ETH,Ethiopia,RES,MUR,MUR+CLBLH/LWAL/CDN+ERN/H:3/RES,URBAN,1761.0,155593083.0,27457602.0,61774.0,1196870.0,183050692.0,479852.0,14082.0,680.0,130.0
ETH,Ethiopia,COM,ADO|ST|E,MUR+STDRE+MOC/LWAL/CDN+ERN/H:1/COM,TOTAL,14511.0,584810955.0,194936982.0,0.0,1886487.0,779747939.0,573575.0,0.0,130.0,310.0
ETH,Ethiopia,IND,ADO|ST|E,MUR+STDRE+MOC/LWAL/CDN+ERN/H:1/IND,TOTAL,5809.0,447475322.0,240948249.0,0.0,1278501.0,688423572.0,377752.0,0.0,220.0,350.0
ETH,Ethiopia,RES,ADO|ST|E,MUR+STDRE+MOC/LWAL/CDN+ERN/H:1/RES,URBAN,122333.0,1761616216.0,310873450.0,525590.0,7340068.0,2072489666.0,1745188.0,122333.0,60.0,240.0
ETH,Ethiopia,COM,ADO|ST|E,MUR+STDRE+MOC/LWAL/CDN+ERN/H:2/COM,TOTAL,7253.0,584803498.0,194934501.0,0.0,1886463.0,779737999.0,574355.0,0.0,260.0,310.0
ETH,Ethiopia,IND,ADO|ST|E,MUR+STDRE+MOC/LWAL/CDN+ERN/H:2/IND,TOTAL,1934.0,325437324.0,175235485.0,0.0,929821.0,500672808.0,275117.0,0.0,481.0,350.0
ETH,Ethiopia,RES,ADO|ST|E,MUR+STDRE+MOC/LWAL/CDN+ERN/H:2/RES,URBAN,119278.0,2884643910.0,509054809.0,525594.0,12019350.0,3393698720.0,2861038.0,122334.0,101.0,240.0
ETH,Ethiopia,COM,ADO|ST|E,MUR+STDRE+MOC/LWAL/CDN+ERN/H:3/COM,TOTAL,307.0,84616355.0,28205453.0,0.0,272956.0,112821806.0,83219.0,0.0,889.0,310.0
ETH,Ethiopia,RES,ADO|ST|E,MUR+STDRE+MOC/LWAL/CDN+ERN/H:3/RES,URBAN,1605.0,262664314.0,46352526.0,55318.0,1094435.0,309016839.0,260815.0,12875.0,682.0,240.0
ETH,Ethiopia,COM,ADO|ST|E,MUR+STDRE+MOM/LWAL/CDN+ERN/H:1/COM,TOTAL,12676.0,510835987.0,170278665.0,0.0,1647858.0,681114649.0,501022.0,0.0,130.0,310.0
ETH,Ethiopia,IND,ADO|ST|E,MUR+STDRE+MOM/LWAL/CDN+ERN/H:1/IND,TOTAL,4449.0,342660434.0,184509461.0,0.0,979030.0,527169896.0,289269.0,0.0,220.0,350.0
ETH,Ethiopia,RES,ADO|ST|E,MUR+STDRE+MOM/LWAL/CDN+ERN/H:1/RES,URBAN,134280.0,1933663168.0,341234676.0,573389.0,8056930.0,2274897845.0,1915630.0,134280.0,60.0,240.0
ETH,Ethiopia,COM,ADO|ST|E,MUR+STDRE+MOM/LWAL/CDN+ERN/H:2/COM,TOTAL,6340.0,510840315.0,170280105.0,0.0,1647872.0,681120416.0,501713.0,0.0,260.0,310.0
ETH,Ethiopia,IND,ADO|ST|E,MUR+STDRE+MOM/LWAL/CDN+ERN/H:2/IND,TOTAL,1479.0,249207471.0,134188643.0,0.0,712021.0,383396117.0,210674.0,0.0,481.0,350.0
ETH,Ethiopia,RES,ADO|ST|E,MUR+STDRE+MOM/LWAL/CDN+ERN/H:2/RES,URBAN,130925.0,3166373908.0,558771866.0,573400.0,13193225.0,3725145775.0,3140462.0,134282.0,101.0,240.0
ETH,Ethiopia,COM,ADO|ST|E,MUR+STDRE+MOM/LWAL/CDN+ERN/H:3/COM,TOTAL,267.0,73770612.0,24590202.0,0.0,237970.0,98360818.0,72552.0,0.0,891.0,310.0
ETH,Ethiopia,RES,ADO|ST|E,MUR+STDRE+MOM/LWAL/CDN+ERN/H:3/RES,URBAN,1767.0,288183418.0,50855896.0,60327.0,1200764.0,339039316.0,286154.0,14127.0,680.0,240.0
ETH,Ethiopia,COM,ADO|ST|E,MUR+STRUB+MOC/LWAL/CDN+ERN/H:1/COM,TOTAL,3145.0,126764833.0,42254947.0,0.0,408919.0,169019769.0,124329.0,0.0,130.0,310.0
ETH,Ethiopia,IND,ADO|ST|E,MUR+STRUB+MOC/LWAL/CDN+ERN/H:1/IND,TOTAL,8467.0,651867275.0,351005457.0,0.0,1862478.0,1002872735.0,550296.0,0.0,220.0,350.0
ETH,Ethiopia,RES,ADO|ST|E,MUR+STRUB+MOC/LWAL/CDN+ERN/H:1/RES,RURAL,31073.0,223721258.0,39480220.0,139248.0,1864344.0,263201478.0,443270.0,31073.0,60.0,120.0
ETH,Ethiopia,COM,ADO|ST|E,MUR+STRUB+MOC/LWAL/CDN+ERN/H:2/COM,TOTAL,1579.0,126798583.0,42266193.0,0.0,409028.0,169064775.0,124533.0,0.0,259.0,310.0
ETH,Ethiopia,IND,ADO|ST|E,MUR+STRUB+MOC/LWAL/CDN+ERN/H:2/IND,TOTAL,2820.0,473931488.0,255193879.0,0.0,1354090.0,729125369.0,400650.0,0.0,480.0,350.0
ETH,Ethiopia,RES,ADO|ST|E,MUR+STRUB+MOC/LWAL/CDN+ERN/H:2/RES,RURAL,30295.0,366338876.0,64648036.0,139251.0,3052824.0,430986914.0,726682.0,31074.0,101.0,120.0
ETH,Ethiopia,COM,ADO|ST|E,MUR+STRUB+MOC/LWAL/CDN+ERN/H:3/COM,TOTAL,63.0,17273442.0,5757814.0,0.0,55721.0,23031258.0,16988.0,0.0,884.0,310.0
ETH,Ethiopia,RES,ADO|ST|E,MUR+STRUB+MOC/LWAL/CDN+ERN/H:3/RES,RURAL,412.0,33292215.0,5875098.0,14578.0,277435.0,39167314.0,66116.0,3259.0,673.0,120.0
ETH,Ethiopia,COM,ADO|ST|E,MUR+STRUB+MOM/LWAL/CDN+ERN/H:1/COM,TOTAL,63947.0,2577187077.0,859062359.0,0.0,8313507.0,3436249435.0,2527672.0,0.0,130.0,310.0
ETH,Ethiopia,IND,ADO|ST|E,MUR+STRUB+MOM/LWAL/CDN+ERN/H:1/IND,TOTAL,45507.0,3504272490.0,1886915957.0,0.0,10012207.0,5391188444.0,2958252.0,0.0,220.0,350.0
ETH,Ethiopia,RES,ADO|ST|E,MUR+STRUB+MOM/LWAL/CDN+ERN/H:1/RES,RURAL,815206.0,5869479405.0,1035790486.0,3400404.0,48912328.0,6905269886.0,11629485.0,815206.0,60.0,120.0
ETH,Ethiopia,COM,ADO|ST|E,MUR+STRUB+MOM/LWAL/CDN+ERN/H:2/COM,TOTAL,31979.0,2577202199.0,859067399.0,0.0,8313555.0,3436269600.0,2531156.0,0.0,260.0,310.0
ETH,Ethiopia,IND,ADO|ST|E,MUR+STRUB+MOM/LWAL/CDN+ERN/H:2/IND,TOTAL,15169.0,2548560024.0,1372301553.0,0.0,7281600.0,3920861578.0,2154491.0,0.0,480.0,350.0
ETH,Ethiopia,RES,ADO|ST|E,MUR+STRUB+MOM/LWAL/CDN+ERN/H:2/RES,RURAL,794825.0,9611273114.0,1696107020.0,3400395.0,80093943.0,11307380131.0,19065240.0,815204.0,101.0,120.0
ETH,Ethiopia,COM,ADO|ST|E,MUR+STRUB+MOM/LWAL/CDN+ERN/H:3/COM,TOTAL,1344.0,374905630.0,124968545.0,0.0,1209373.0,499874175.0,368712.0,0.0,900.0,310.0
ETH,Ethiopia,RES,ADO|ST|E,MUR+STRUB+MOM/LWAL/CDN+ERN/H:3/RES,RURAL,10721.0,875126405.0,154434071.0,357871.0,7292720.0,1029560478.0,1737929.0,85798.0,680.0,120.0
ETH,Ethiopia,IND,S,S+SL/LFM/CDL+ERL/H:1/IND,TOTAL,11096.0,805126288.0,268375426.0,0.0,2439777.0,1073501722.0,832659.0,0.0,220.0,330.0
ETH,Ethiopia,IND,S,S+SL/LFM/CDL+ERL/H:2/IND,TOTAL,3702.0,584877310.0,194959102.0,0.0,1772355.0,779836408.0,605276.0,0.0,479.0,330.0
ETH,Ethiopia,IND,S,S+SL/LFM/CDM+ERM/H:1/IND,TOTAL,21529.0,1563044803.0,521014938.0,0.0,4736499.0,2084059736.0,1616495.0,0.0,220.0,330.0
ETH,Ethiopia,IND,S,S+SL/LFM/CDM+ERM/H:2/IND,TOTAL,7175.0,1136067626.0,378689207.0,0.0,3442629.0,1514756829.0,1175690.0,0.0,480.0,330.0
ETH,Ethiopia,IND,S,S/LFM/CDL+ERL/H:1/IND,TOTAL,5461.0,396943044.0,132314348.0,0.0,1202858.0,529257403.0,410517.0,0.0,220.0,330.0
ETH,Ethiopia,IND,S,S/LFM/CDL+ERL/H:2/IND,TOTAL,1820.0,288193589.0,96064527.0,0.0,873314.0,384258123.0,298245.0,0.0,480.0,330.0
ETH,Ethiopia,IND,S,S/LFM/CDM+ERM/H:1/IND,TOTAL,10615.0,770557937.0,256852645.0,0.0,2335024.0,1027410586.0,796908.0,0.0,220.0,330.0
ETH,Ethiopia,IND,S,S/LFM/CDM+ERM/H:2/IND,TOTAL,3551.0,560397109.0,186799044.0,0.0,1698173.0,747196136.0,579942.0,0.0,478.0,330.0
ETH,Ethiopia,RES,W,W+WBB/LN/CDN+ERL/H:1/RES,URBAN,18155.0,98032822.0,24508207.0,81237.0,1089254.0,122541028.0,28567.0,18155.0,60.0,90.0
ETH,Ethiopia,RES,W,W+WBB/LN/CDN+ERL/H:1/RES,RURAL,356727.0,1498248141.0,374562036.0,1521536.0,21403545.0,1872810176.0,561340.0,356727.0,60.0,70.0
ETH,Ethiopia,RES,W,W+WWD/LWAL/CDN+ERM/H:1/RES,URBAN,3758776.0,20297402009.0,5074350503.0,15702947.0,225526689.0,25371752511.0,3011064.0,3758776.0,60.0,90.0
ETH,Ethiopia,RES,W,W+WWD/LWAL/CDN+ERM/H:1/RES,RURAL,8948558.0,37583942359.0,9395985590.0,37681748.0,536913462.0,46979927948.0,7168467.0,8948558.0,60.0,70.0
ETH,Ethiopia,RES,W,W+WWD/LWAL/CDN+ERM/H:2/RES,RURAL,3739220.0,26375873547.0,6593968387.0,16149308.0,376798194.0,32969841933.0,5033744.0,3835095.0,101.0,70.0
ETH,Ethiopia,RES,W,W+WWD/LWAL/CDN+ERM/H:2/RES,URBAN,1570633.0,14244426601.0,3561106650.0,6729853.0,158271407.0,17805533249.0,2114389.0,1610908.0,101.0,90.0
ETH,Ethiopia,COM,W,W/LWAL/CDL+ERM/H:1/COM,TOTAL,60625.0,1733788935.0,577929645.0,0.0,7880859.0,2311718583.0,1504428.0,0.0,130.0,220.0
ETH,Ethiopia,RES,W,W/LWAL/CDL+ERM/H:1/RES,RURAL,264270.0,1109935038.0,277483760.0,1075802.0,15856215.0,1387418799.0,1677008.0,264270.0,60.0,70.0
ETH,Ethiopia,RES,W,W/LWAL/CDL+ERM/H:1/RES,URBAN,18711.0,101039278.0,25259819.0,75025.0,1122659.0,126299096.0,118736.0,18711.0,60.0,90.0
ETH,Ethiopia,COM,W,W/LWAL/CDL+ERM/H:2/COM,TOTAL,30320.0,1733752272.0,577917424.0,0.0,7880692.0,2311669694.0,1505106.0,0.0,260.0,220.0
ETH,Ethiopia,RES,W,W/LWAL/CDL+ERM/H:2/RES,URBAN,18243.0,165446080.0,41361519.0,75013.0,1838290.0,206807599.0,194545.0,18709.0,101.0,90.0
ETH,Ethiopia,RES,W,W/LWAL/CDL+ERM/H:2/RES,RURAL,257663.0,1817523187.0,454380799.0,1075808.0,25964617.0,2271903984.0,2747823.0,264271.0,101.0,70.0
ETH,Ethiopia,COM,W,W/LWAL/CDL+ERM/H:3/COM,TOTAL,10103.0,999960961.0,333320318.0,0.0,4545277.0,1333281282.0,868496.0,0.0,450.0,220.0
ETH,Ethiopia,RES,W,W/LWAL/CDL+ERM/H:3/RES,URBAN,7292.0,96552751.0,24138188.0,37477.0,1072808.0,120690938.0,113606.0,9350.0,147.0,90.0
ETH,Ethiopia,RES,W,W/LWAL/CDL+ERM/H:3/RES,RURAL,102955.0,1060980981.0,265245243.0,537879.0,15156871.0,1326226223.0,1605046.0,132134.0,147.0,70.0
ETH,Ethiopia,COM,W,W/LWAL/CDM+ERM/H:1/COM,TOTAL,117678.0,3365633345.0,1121877784.0,0.0,15298333.0,4487511126.0,2920397.0,0.0,130.0,220.0
ETH,Ethiopia,RES,W,W/LWAL/CDM+ERM/H:1/RES,URBAN,36322.0,196135084.0,49033771.0,145639.0,2179279.0,245168855.0,230488.0,36322.0,60.0,90.0
ETH,Ethiopia,RES,W,W/LWAL/CDM+ERM/H:1/RES,RURAL,512998.0,2154587819.0,538646955.0,2088335.0,30779826.0,2693234776.0,3255381.0,512998.0,60.0,70.0
ETH,Ethiopia,COM,W,W/LWAL/CDM+ERM/H:2/COM,TOTAL,58839.0,3365586783.0,1121862256.0,0.0,15298122.0,4487449044.0,2921735.0,0.0,260.0,220.0
ETH,Ethiopia,RES,W,W/LWAL/CDM+ERM/H:2/RES,URBAN,35416.0,321168700.0,80292176.0,145645.0,3568541.0,401460870.0,377657.0,36323.0,101.0,90.0
ETH,Ethiopia,RES,W,W/LWAL/CDM+ERM/H:2/RES,RURAL,500173.0,3528137361.0,882034340.0,2088329.0,50401962.0,4410171698.0,5334016.0,512995.0,101.0,70.0
ETH,Ethiopia,COM,W,W/LWAL/CDM+ERM/H:3/COM,TOTAL,19608.0,1941378827.0,647126276.0,0.0,8824449.0,2588505102.0,1686146.0,0.0,450.0,220.0
ETH,Ethiopia,RES,W,W/LWAL/CDM+ERM/H:3/RES,RURAL,199855.0,2059575338.0,514893831.0,1044145.0,29422505.0,2574469162.0,3115714.0,256494.0,147.0,70.0
ETH,Ethiopia,RES,W,W/LWAL/CDM+ERM/H:3/RES,URBAN,14148.0,187429942.0,46857484.0,72757.0,2082555.0,234287428.0,220534.0,18151.0,147.0,90.0
GAB,Gabon,COM,CR-,CR/LFINF/CDL+ERL/H:1/COM,TOTAL,99.0,6351799.0,1587949.0,0.0,11985.0,7939746.0,5937.0,0.0,121.0,530.0
GAB,Gabon,IND,CR-,CR/LFINF/CDL+ERL/H:1/IND,TOTAL,154.0,15475496.0,5158500.0,0.0,33642.0,20633999.0,16564.0,0.0,218.0,460.0
GAB,Gabon,RES,CR-,CR/LFINF/CDL+ERL/H:1/RES,URBAN,2211.0,62373030.0,15593260.0,8105.0,132709.0,77966290.0,45491.0,2211.0,60.0,470.0
GAB,Gabon,COM,CR-,CR/LFINF/CDL+ERL/H:2/COM,TOTAL,175.0,23085524.0,5771379.0,0.0,43558.0,28856905.0,21596.0,0.0,249.0,530.0
GAB,Gabon,IND,CR-,CR/LFINF/CDL+ERL/H:2/IND,TOTAL,53.0,10087872.0,3362622.0,0.0,21930.0,13450499.0,10807.0,0.0,414.0,460.0
GAB,Gabon,RES,CR-,CR/LFINF/CDL+ERL/H:2/RES,URBAN,7548.0,357474804.0,89368700.0,28376.0,760585.0,446843504.0,260905.0,7741.0,101.0,470.0
GAB,Gabon,COM,CR-,CR/LFINF/CDL+ERL/H:3/COM,TOTAL,104.0,24689744.0,6172435.0,0.0,46584.0,30862178.0,23115.0,0.0,448.0,530.0
GAB,Gabon,RES,CR-,CR/LFINF/CDL+ERL/H:3/RES,URBAN,6030.0,417356031.0,104339003.0,28368.0,887992.0,521695036.0,304829.0,7739.0,147.0,470.0
GAB,Gabon,COM,CR-,CR/LFINF/CDL+ERL/H:4-7/COM,TOTAL,31.0,16534771.0,4133693.0,0.0,31198.0,20668463.0,15517.0,0.0,1006.0,530.0
GAB,Gabon,RES,CR-,CR/LFINF/CDL+ERL/H:4-7/RES,URBAN,276.0,124746074.0,31186518.0,12158.0,265417.0,155932591.0,91309.0,3317.0,962.0,470.0
GAB,Gabon,COM,CR-,CR/LFINF/CDL+ERL/H:>7/COM,TOTAL,3.0,3890543.0,972635.0,0.0,7341.0,4863178.0,3657.0,0.0,2447.0,530.0
GAB,Gabon,RES,CR-,CR/LFINF/CDL+ERL/H:>7/RES,URBAN,69.0,38983059.0,9745765.0,4053.0,82943.0,48728823.0,28575.0,1106.0,1202.0,470.0
GAB,Gabon,COM,CR-,CR/LWAL/CDL+ERL/H:1/COM,TOTAL,30.0,1747206.0,436800.0,0.0,3297.0,2184005.0,1790.0,0.0,110.0,530.0
GAB,Gabon,IND,CR-,CR/LWAL/CDL+ERL/H:1/IND,TOTAL,34.0,3413005.0,1137667.0,0.0,7420.0,4550673.0,3864.0,0.0,218.0,460.0
GAB,Gabon,RES,CR-,CR/LWAL/CDL+ERL/H:1/RES,URBAN,739.0,20791180.0,5197795.0,2711.0,44237.0,25988975.0,18010.0,739.0,60.0,470.0
GAB,Gabon,COM,CR-,CR/LWAL/CDL+ERL/H:2/COM,TOTAL,56.0,6575463.0,1643865.0,0.0,12407.0,8219326.0,6743.0,0.0,222.0,530.0
GAB,Gabon,IND,CR-,CR/LWAL/CDL+ERL/H:2/IND,TOTAL,7.0,1802251.0,600752.0,0.0,3918.0,2403001.0,2042.0,0.0,560.0,460.0
GAB,Gabon,RES,CR-,CR/LWAL/CDL+ERL/H:2/RES,URBAN,2517.0,119159048.0,29789760.0,9450.0,253530.0,148948808.0,103295.0,2578.0,101.0,470.0
GAB,Gabon,COM,CR-,CR/LWAL/CDL+ERL/H:3/COM,TOTAL,35.0,7671121.0,1917779.0,0.0,14474.0,9588901.0,7873.0,0.0,414.0,530.0
GAB,Gabon,RES,CR-,CR/LWAL/CDL+ERL/H:3/RES,URBAN,2012.0,139117338.0,34779335.0,9462.0,295994.0,173896674.0,120685.0,2581.0,147.0,470.0
GAB,Gabon,COM,CR-,CR/LWAL/CDL+ERL/H:4-7/COM,TOTAL,7.0,3477343.0,869336.0,0.0,6561.0,4346679.0,3577.0,0.0,937.0,530.0
GAB,Gabon,RES,CR-,CR/LWAL/CDL+ERL/H:4-7/RES,URBAN,92.0,41581850.0,10395461.0,4053.0,88472.0,51977312.0,36153.0,1106.0,962.0,470.0
GAB,Gabon,RES,CR-,CR/LWAL/CDL+ERL/H:>7/RES,URBAN,23.0,12697329.0,3174332.0,1313.0,27016.0,15871660.0,11056.0,359.0,1175.0,470.0
GAB,Gabon,RES,ADO|ST|E,E+ETO/LWAL/CDN+ERN/H:1/RES,RURAL,6644.0,39852146.0,7032733.0,24354.0,398521.0,46884878.0,184733.0,6644.0,60.0,100.0
GAB,Gabon,RES,ADO|ST|E,E+ETO/LWAL/CDN+ERN/H:1/RES,URBAN,55134.0,529294940.0,93404989.0,202100.0,3308093.0,622699930.0,1533455.0,55134.0,60.0,160.0
GAB,Gabon,RES,OT,INF/LN/CDN+ERN/H:1/EWV/RES,RURAL,665.0,5180761.0,1295191.0,2437.0,39852.0,6475950.0,4344.0,665.0,60.0,130.0
GAB,Gabon,RES,OT,MATO/LN/CDN+ERN/H:1/RES,RURAL,1329.0,10361553.0,2590389.0,4873.0,79704.0,12951943.0,36947.0,1329.0,60.0,130.0
GAB,Gabon,RES,OT,MATO/LN/CDN+ERN/H:1/RES,URBAN,6412.0,76932273.0,19233068.0,23505.0,384661.0,96165340.0,178308.0,6412.0,60.0,200.0
GAB,Gabon,COM,MR|MCF,MCF+CB/LWAL/CDL+ERL/H:1/COM,TOTAL,146.0,9710184.0,1713560.0,0.0,18321.0,11423746.0,10206.0,0.0,125.0,530.0
GAB,Gabon,IND,MR|MCF,MCF+CB/LWAL/CDL+ERL/H:1/IND,TOTAL,34.0,3413005.0,1137667.0,0.0,7420.0,4550673.0,4147.0,0.0,218.0,460.0
GAB,Gabon,RES,MR|MCF,MCF+CB/LWAL/CDL+ERL/H:1/RES,URBAN,3317.0,93559408.0,16510485.0,12158.0,199063.0,110069893.0,78275.0,3317.0,60.0,470.0
GAB,Gabon,COM,MR|MCF,MCF+CB/LWAL/CDL+ERL/H:2/COM,TOTAL,70.0,8859035.0,1563359.0,0.0,16715.0,10422390.0,9318.0,0.0,239.0,530.0
GAB,Gabon,IND,MR|MCF,MCF+CB/LWAL/CDL+ERL/H:2/IND,TOTAL,7.0,1802251.0,600752.0,0.0,3918.0,2403001.0,2192.0,0.0,560.0,460.0
GAB,Gabon,RES,MR|MCF,MCF+CB/LWAL/CDL+ERL/H:2/RES,URBAN,3232.0,153203410.0,27035896.0,12142.0,325965.0,180239307.0,128265.0,3313.0,101.0,470.0
GAB,Gabon,COM,MR|MCF,MCF+CB/LWAL/CDL+ERL/H:3-6/COM,TOTAL,3.0,1378132.0,243199.0,0.0,2600.0,1621331.0,1452.0,0.0,867.0,530.0
GAB,Gabon,RES,MR|MCF,MCF+CB/LWAL/CDL+ERL/H:3-6/RES,URBAN,92.0,29454586.0,5197868.0,2709.0,62669.0,34652456.0,24694.0,739.0,681.0,470.0
GAB,Gabon,COM,MR|MCF,MCF+CL/LWAL/CDL+ERL/H:1/COM,TOTAL,146.0,9710184.0,1713560.0,0.0,18321.0,11423746.0,9077.0,0.0,125.0,530.0
GAB,Gabon,IND,MR|MCF,MCF+CL/LWAL/CDL+ERL/H:1/IND,TOTAL,70.0,6760196.0,2253403.0,0.0,14696.0,9013593.0,7236.0,0.0,210.0,460.0
GAB,Gabon,RES,MR|MCF,MCF+CL/LWAL/CDL+ERL/H:1/RES,URBAN,3317.0,93559408.0,16510485.0,12158.0,199063.0,110069893.0,68236.0,3317.0,60.0,470.0
GAB,Gabon,COM,MR|MCF,MCF+CL/LWAL/CDL+ERL/H:2/COM,TOTAL,70.0,8859035.0,1563359.0,0.0,16715.0,10422390.0,8288.0,0.0,239.0,530.0
GAB,Gabon,IND,MR|MCF,MCF+CL/LWAL/CDL+ERL/H:2/IND,TOTAL,17.0,3549637.0,1183212.0,0.0,7717.0,4732849.0,3803.0,0.0,454.0,460.0
GAB,Gabon,RES,MR|MCF,MCF+CL/LWAL/CDL+ERL/H:2/RES,URBAN,3232.0,153203410.0,27035896.0,12142.0,325965.0,180239307.0,111816.0,3313.0,101.0,470.0
GAB,Gabon,COM,MR|MCF,MCF+CL/LWAL/CDL+ERL/H:3-6/COM,TOTAL,3.0,1378132.0,243199.0,0.0,2600.0,1621331.0,1291.0,0.0,867.0,530.0
GAB,Gabon,RES,MR|MCF,MCF+CL/LWAL/CDL+ERL/H:3-6/RES,URBAN,92.0,29454586.0,5197868.0,2709.0,62669.0,34652456.0,21529.0,739.0,681.0,470.0
GAB,Gabon,RES,OT,ME+MEO/LWAL/CDN+ERM/H:1/RES,RURAL,665.0,5180761.0,1295191.0,2437.0,39852.0,6475950.0,14691.0,665.0,60.0,130.0
GAB,Gabon,RES,OT,ME+MEO/LWAL/CDN+ERM/H:1/RES,URBAN,6412.0,76932273.0,19233068.0,23505.0,384661.0,96165340.0,141797.0,6412.0,60.0,200.0
GAB,Gabon,COM,ADO|ST|E,MUR+ADO/LWAL/CDN+ERN/H:1/COM,TOTAL,5271.0,143870393.0,35967598.0,0.0,685097.0,179837994.0,426345.0,0.0,130.0,210.0
GAB,Gabon,RES,ADO|ST|E,MUR+ADO/LWAL/CDN+ERN/H:1/RES,URBAN,80394.0,771785685.0,136197473.0,294692.0,4823661.0,907983160.0,2235990.0,80394.0,60.0,160.0
GAB,Gabon,RES,ADO|ST|E,MUR+ADO/LWAL/CDN+ERN/H:1/RES,RURAL,10254.0,61521934.0,10856811.0,37586.0,615219.0,72378747.0,285183.0,10254.0,60.0,100.0
GAB,Gabon,COM,ADO|ST|E,MUR+ADO/LWAL/CDN+ERN/H:2/COM,TOTAL,2638.0,143871346.0,35967836.0,0.0,685102.0,179839188.0,426599.0,0.0,260.0,210.0
GAB,Gabon,RES,ADO|ST|E,MUR+ADO/LWAL/CDN+ERN/H:2/RES,URBAN,78386.0,1263799161.0,223023384.0,294687.0,7898745.0,1486822543.0,3663481.0,80393.0,101.0,160.0
GAB,Gabon,RES,ADO|ST|E,MUR+ADO/LWAL/CDN+ERN/H:2/RES,RURAL,9996.0,100741694.0,17777947.0,37580.0,1007417.0,118519640.0,467246.0,10252.0,101.0,100.0
GAB,Gabon,COM,ADO|ST|E,MUR+ADO/LWAL/CDN+ERN/H:3/COM,TOTAL,107.0,19662024.0,4915507.0,0.0,93629.0,24577532.0,58335.0,0.0,875.0,210.0
GAB,Gabon,RES,ADO|ST|E,MUR+ADO/LWAL/CDN+ERN/H:3/RES,URBAN,1058.0,115091073.0,20310190.0,31005.0,719319.0,135401264.0,333811.0,8459.0,680.0,160.0
GAB,Gabon,RES,ADO|ST|E,MUR+ADO/LWAL/CDN+ERN/H:3/RES,RURAL,136.0,9174302.0,1618996.0,3943.0,91743.0,10793297.0,42575.0,1076.0,675.0,100.0
GAB,Gabon,COM,MUR,MUR+CB/LWAL/CDN+ERN/H:1/COM,TOTAL,2037.0,118867162.0,29716790.0,0.0,264149.0,148583950.0,193326.0,0.0,130.0,450.0
GAB,Gabon,IND,MUR,MUR+CB/LWAL/CDN+ERN/H:1/IND,TOTAL,621.0,41166843.0,13722278.0,0.0,137223.0,54889126.0,94134.0,0.0,221.0,300.0
GAB,Gabon,RES,MUR,MUR+CB/LWAL/CDN+ERN/H:1/RES,RURAL,1261.0,20444913.0,3607926.0,4623.0,75722.0,24052838.0,41939.0,1261.0,60.0,270.0
GAB,Gabon,RES,MUR,MUR+CB/LWAL/CDN+ERN/H:1/RES,URBAN,56031.0,1008584025.0,177985416.0,205386.0,3361947.0,1186569442.0,1862032.0,56031.0,60.0,300.0
GAB,Gabon,COM,MUR,MUR+CB/LWAL/CDN+ERN/H:2/COM,TOTAL,1015.0,118144459.0,29536115.0,0.0,262543.0,147680574.0,192261.0,0.0,259.0,450.0
GAB,Gabon,IND,MUR,MUR+CB/LWAL/CDN+ERN/H:2/IND,TOTAL,209.0,29818890.0,9939632.0,0.0,99396.0,39758518.0,68227.0,0.0,476.0,300.0
GAB,Gabon,RES,MUR,MUR+CB/LWAL/CDN+ERN/H:2/RES,URBAN,54634.0,1651556474.0,291451143.0,205402.0,5505188.0,1943007617.0,3050687.0,56035.0,101.0,300.0
GAB,Gabon,RES,MUR,MUR+CB/LWAL/CDN+ERN/H:2/RES,RURAL,1232.0,33476903.0,5907690.0,4623.0,123989.0,39384590.0,68708.0,1261.0,101.0,270.0
GAB,Gabon,COM,MUR,MUR+CB/LWAL/CDN+ERN/H:3/COM,TOTAL,39.0,15671561.0,3917890.0,0.0,34826.0,19589453.0,25517.0,0.0,893.0,450.0
GAB,Gabon,RES,MUR,MUR+CB/LWAL/CDN+ERN/H:3/RES,URBAN,735.0,150402785.0,26541667.0,21621.0,501343.0,176944451.0,277964.0,5898.0,682.0,300.0
GAB,Gabon,RES,MUR,MUR+CB/LWAL/CDN+ERN/H:3/RES,RURAL,12.0,2261117.0,399020.0,348.0,8375.0,2660138.0,4643.0,98.0,698.0,270.0
GAB,Gabon,COM,MUR,MUR+CL/LWAL/CDN+ERN/H:1/COM,TOTAL,1390.0,81390118.0,20347535.0,0.0,180867.0,101737641.0,112556.0,0.0,130.0,450.0
GAB,Gabon,IND,MUR,MUR+CL/LWAL/CDN+ERN/H:1/IND,TOTAL,780.0,51131646.0,17043881.0,0.0,170439.0,68175515.0,99075.0,0.0,219.0,300.0
GAB,Gabon,RES,MUR,MUR+CL/LWAL/CDN+ERN/H:1/RES,RURAL,3945.0,63887942.0,11274342.0,14461.0,236622.0,75162284.0,109685.0,3945.0,60.0,270.0
GAB,Gabon,RES,MUR,MUR+CL/LWAL/CDN+ERN/H:1/RES,URBAN,35022.0,630364833.0,111240852.0,128376.0,2101216.0,741605684.0,974011.0,35022.0,60.0,300.0
GAB,Gabon,COM,MUR,MUR+CL/LWAL/CDN+ERN/H:2/COM,TOTAL,701.0,81172365.0,20293094.0,0.0,180383.0,101465457.0,112321.0,0.0,257.0,450.0
GAB,Gabon,IND,MUR,MUR+CL/LWAL/CDN+ERN/H:2/IND,TOTAL,261.0,36552194.0,12184067.0,0.0,121841.0,48736270.0,70870.0,0.0,467.0,300.0
GAB,Gabon,RES,MUR,MUR+CL/LWAL/CDN+ERN/H:2/RES,RURAL,3844.0,104616767.0,18461784.0,14454.0,387470.0,123078550.0,179711.0,3943.0,101.0,270.0
GAB,Gabon,RES,MUR,MUR+CL/LWAL/CDN+ERN/H:2/RES,URBAN,34148.0,1032222099.0,182156839.0,128376.0,3440740.0,1214378939.0,1595834.0,35022.0,101.0,300.0
GAB,Gabon,COM,MUR,MUR+CL/LWAL/CDN+ERN/H:3/COM,TOTAL,28.0,9866493.0,2466622.0,0.0,21926.0,12333113.0,13661.0,0.0,783.0,450.0
GAB,Gabon,RES,MUR,MUR+CL/LWAL/CDN+ERN/H:3/RES,URBAN,460.0,94002740.0,16588718.0,13507.0,313342.0,110591455.0,145411.0,3685.0,681.0,300.0
GAB,Gabon,RES,MUR,MUR+CL/LWAL/CDN+ERN/H:3/RES,RURAL,50.0,9309090.0,1642781.0,1488.0,34478.0,10951870.0,16000.0,407.0,690.0,270.0
GAB,Gabon,COM,ADO|ST|E,MUR+STDRE/LWAL/CDN+ERN/H:1/COM,TOTAL,89.0,7037834.0,1759458.0,0.0,11351.0,8797293.0,7064.0,0.0,128.0,620.0
GAB,Gabon,IND,ADO|ST|E,MUR+STDRE/LWAL/CDN+ERN/H:1/IND,TOTAL,28.0,2764588.0,921527.0,0.0,5529.0,3686120.0,3214.0,0.0,197.0,500.0
GAB,Gabon,RES,ADO|ST|E,MUR+STDRE/LWAL/CDN+ERN/H:1/RES,URBAN,3044.0,89529966.0,15799407.0,11159.0,182714.0,105329374.0,84697.0,3044.0,60.0,490.0
GAB,Gabon,COM,ADO|ST|E,MUR+STDRE/LWAL/CDN+ERN/H:2/COM,TOTAL,45.0,6721087.0,1680275.0,0.0,10840.0,8401361.0,6750.0,0.0,241.0,620.0
GAB,Gabon,IND,ADO|ST|E,MUR+STDRE/LWAL/CDN+ERN/H:2/IND,TOTAL,6.0,1544651.0,514883.0,0.0,3089.0,2059535.0,1797.0,0.0,515.0,500.0
GAB,Gabon,RES,ADO|ST|E,MUR+STDRE/LWAL/CDN+ERN/H:2/RES,URBAN,2969.0,146606103.0,25871666.0,11170.0,299196.0,172477768.0,138769.0,3047.0,101.0,490.0
GAB,Gabon,COM,ADO|ST|E,MUR+STDRE/LWAL/CDN+ERN/H:3/COM,TOTAL,1.0,320595.0,80149.0,0.0,517.0,400743.0,322.0,0.0,517.0,620.0
GAB,Gabon,RES,ADO|ST|E,MUR+STDRE/LWAL/CDN+ERN/H:3/RES,URBAN,45.0,13045022.0,2302065.0,1135.0,26622.0,15347086.0,12355.0,311.0,592.0,490.0
GAB,Gabon,COM,ADO|ST|E,MUR+STRUB/LWAL/CDN+ERN/H:1/COM,TOTAL,7.0,540357.0,135089.0,0.0,872.0,675445.0,542.0,0.0,125.0,620.0
GAB,Gabon,IND,ADO|ST|E,MUR+STRUB/LWAL/CDN+ERN/H:1/IND,TOTAL,3.0,209390.0,69797.0,0.0,419.0,279187.0,243.0,0.0,140.0,500.0
GAB,Gabon,RES,ADO|ST|E,MUR+STRUB/LWAL/CDN+ERN/H:1/RES,RURAL,315.0,5678912.0,1002159.0,1156.0,18930.0,6681070.0,8775.0,315.0,60.0,300.0
GAB,Gabon,COM,ADO|ST|E,MUR+STRUB/LWAL/CDN+ERN/H:2/COM,TOTAL,4.0,402284.0,100570.0,0.0,649.0,502854.0,404.0,0.0,162.0,620.0
GAB,Gabon,RES,ADO|ST|E,MUR+STRUB/LWAL/CDN+ERN/H:2/RES,RURAL,309.0,9220048.0,1627065.0,1146.0,30733.0,10847114.0,14254.0,313.0,99.0,300.0
GAB,Gabon,RES,ADO|ST|E,MUR+STRUB/LWAL/CDN+ERN/H:3/RES,RURAL,3.0,377438.0,66606.0,57.0,1258.0,444045.0,584.0,14.0,419.0,300.0
GAB,Gabon,IND,S,S+SL/LFM/CDL+ERL/H:1/IND,TOTAL,164.0,15951523.0,6836367.0,0.0,34677.0,22787880.0,11835.0,0.0,211.0,460.0
GAB,Gabon,IND,S,S+SL/LFM/CDL+ERL/H:2/IND,TOTAL,48.0,9311592.0,3990684.0,0.0,20243.0,13302275.0,6913.0,0.0,422.0,460.0
GAB,Gabon,IND,S,S/LFM/CDL+ERL/H:1/IND,TOTAL,458.0,46735561.0,20029527.0,0.0,101599.0,66765088.0,34674.0,0.0,222.0,460.0
GAB,Gabon,IND,S,S/LFM/CDL+ERL/H:2/IND,TOTAL,151.0,33447593.0,14334684.0,0.0,72712.0,47782272.0,24832.0,0.0,482.0,460.0
GAB,Gabon,RES,W,W+WWD/LWAL/CDN+ERM/H:1/RES,RURAL,9300.0,111586293.0,27896573.0,34092.0,557931.0,139482864.0,59009.0,9300.0,60.0,200.0
GAB,Gabon,RES,W,W+WWD/LWAL/CDN+ERM/H:1/RES,URBAN,77189.0,1528338903.0,382084725.0,282944.0,4631330.0,1910423627.0,489825.0,77189.0,60.0,330.0
GAB,Gabon,RES,W,W+WWD/LWAL/CDN+ERM/H:2/RES,RURAL,3886.0,78308959.0,19577242.0,14609.0,391545.0,97886200.0,41437.0,3985.0,101.0,200.0
GAB,Gabon,RES,W,W+WWD/LWAL/CDN+ERM/H:2/RES,URBAN,32252.0,1072566469.0,268141615.0,121261.0,3250201.0,1340708084.0,343967.0,33081.0,101.0,330.0
GAB,Gabon,COM,W,W/LWAL/CDL+ERM/H:1/COM,TOTAL,735.0,44745396.0,14915133.0,0.0,95203.0,59660532.0,18174.0,0.0,130.0,470.0
GAB,Gabon,RES,W,W/LWAL/CDL+ERM/H:1/RES,RURAL,4252.0,51010757.0,12752687.0,15587.0,255054.0,63763444.0,26975.0,4252.0,60.0,200.0
GAB,Gabon,RES,W,W/LWAL/CDL+ERM/H:1/RES,URBAN,20515.0,406203322.0,101550832.0,75201.0,1230919.0,507754155.0,130186.0,20515.0,60.0,330.0
GAB,Gabon,COM,W,W/LWAL/CDL+ERM/H:2/COM,TOTAL,372.0,44688938.0,14896314.0,0.0,95083.0,59585257.0,18160.0,0.0,256.0,470.0
GAB,Gabon,RES,W,W/LWAL/CDL+ERM/H:2/RES,RURAL,4145.0,83529741.0,20882434.0,15579.0,417649.0,104412178.0,44200.0,4250.0,101.0,200.0
GAB,Gabon,RES,W,W/LWAL/CDL+ERM/H:2/RES,URBAN,20004.0,665157068.0,166289266.0,75213.0,2015627.0,831446332.0,213313.0,20518.0,101.0,330.0
GAB,Gabon,COM,W,W/LWAL/CDL+ERM/H:3/COM,TOTAL,120.0,24558627.0,8186208.0,0.0,52252.0,32744833.0,9984.0,0.0,435.0,470.0
GAB,Gabon,RES,W,W/LWAL/CDL+ERM/H:3/RES,RURAL,1659.0,48698635.0,12174655.0,7775.0,243493.0,60873293.0,25785.0,2122.0,147.0,200.0
GAB,Gabon,RES,W,W/LWAL/CDL+ERM/H:3/RES,URBAN,7989.0,388291162.0,97072787.0,37610.0,1176640.0,485363950.0,124601.0,10260.0,147.0,330.0
GMB,Gambia,COM,CR-,CR/LFINF/CDL+ERL/H:1/COM,TOTAL,151.0,9217113.0,1626550.0,0.0,19611.0,10843662.0,9716.0,0.0,130.0,470.0
GMB,Gambia,IND,CR-,CR/LFINF/CDL+ERL/H:1/IND,TOTAL,191.0,13393088.0,4464360.0,0.0,41853.0,17857448.0,20606.0,0.0,219.0,320.0
GMB,Gambia,RES,CR-,CR/LFINF/CDL+ERL/H:1/RES,URBAN,1877.0,31515897.0,5561631.0,14703.0,112557.0,37077528.0,38583.0,1877.0,60.0,280.0
GMB,Gambia,COM,CR-,CR/LFINF/CDL+ERL/H:2/COM,TOTAL,265.0,32474517.0,5730796.0,0.0,69095.0,38205314.0,34258.0,0.0,261.0,470.0
GMB,Gambia,IND,CR-,CR/LFINF/CDL+ERL/H:2/IND,TOTAL,63.0,9741195.0,3247066.0,0.0,30441.0,12988261.0,15001.0,0.0,483.0,320.0
GMB,Gambia,RES,CR-,CR/LFINF/CDL+ERL/H:2/RES,URBAN,6402.0,180600419.0,31870663.0,51427.0,645002.0,212471084.0,221256.0,6564.0,101.0,280.0
GMB,Gambia,COM,CR-,CR/LFINF/CDL+ERL/H:3/COM,TOTAL,177.0,37264996.0,6576177.0,0.0,79287.0,43841173.0,39342.0,0.0,448.0,470.0
GMB,Gambia,RES,CR-,CR/LFINF/CDL+ERL/H:3/RES,URBAN,5115.0,210832479.0,37205732.0,51433.0,752973.0,248038211.0,258480.0,6564.0,147.0,280.0
GMB,Gambia,COM,CR-,CR/LFINF/CDL+ERL/H:4-7/COM,TOTAL,45.0,24803112.0,4377021.0,0.0,52773.0,29180134.0,26247.0,0.0,1173.0,470.0
GMB,Gambia,RES,CR-,CR/LFINF/CDL+ERL/H:4-7/RES,URBAN,235.0,63031451.0,11123197.0,22043.0,225112.0,74154648.0,77443.0,2813.0,958.0,280.0
GMB,Gambia,COM,CR-,CR/LFINF/CDL+ERL/H:>7/COM,TOTAL,6.0,8921933.0,1574459.0,0.0,18983.0,10496391.0,9456.0,0.0,3164.0,470.0
GMB,Gambia,RES,CR-,CR/LFINF/CDL+ERL/H:>7/RES,URBAN,58.0,19613293.0,3461171.0,7317.0,70047.0,23074462.0,24132.0,934.0,1208.0,280.0
GMB,Gambia,RES,OT,MATO/LN/CDN+ERN/H:1/RES,RURAL,2251.0,12158745.0,2145661.0,17640.0,135097.0,14304407.0,62072.0,2251.0,60.0,90.0
GMB,Gambia,RES,OT,MATO/LN/CDN+ERN/H:1/RES,URBAN,5221.0,56394477.0,9951967.0,40907.0,313303.0,66346444.0,143950.0,5221.0,60.0,180.0
GMB,Gambia,COM,MR|MCF,MCF/LWAL/CDL+ERL/H:1/COM,TOTAL,685.0,41884795.0,10471199.0,0.0,89117.0,52355990.0,44150.0,0.0,130.0,470.0
GMB,Gambia,IND,MR|MCF,MCF/LWAL/CDL+ERL/H:1/IND,TOTAL,191.0,13393088.0,4464360.0,0.0,41853.0,17857448.0,20606.0,0.0,219.0,320.0
GMB,Gambia,RES,MR|MCF,MCF/LWAL/CDL+ERL/H:1/RES,URBAN,8442.0,141821018.0,25027239.0,66149.0,506504.0,166848257.0,173622.0,8442.0,60.0,280.0
GMB,Gambia,COM,MR|MCF,MCF/LWAL/CDL+ERL/H:2/COM,TOTAL,343.0,41755765.0,10438944.0,0.0,88842.0,52194706.0,44049.0,0.0,259.0,470.0
GMB,Gambia,IND,MR|MCF,MCF/LWAL/CDL+ERL/H:2/IND,TOTAL,63.0,9741195.0,3247066.0,0.0,30441.0,12988261.0,15001.0,0.0,483.0,320.0
GMB,Gambia,RES,MR|MCF,MCF/LWAL/CDL+ERL/H:2/RES,URBAN,8233.0,232232695.0,40982241.0,66149.0,829402.0,273214936.0,284512.0,8442.0,101.0,280.0
GMB,Gambia,COM,MR|MCF,MCF/LWAL/CDL+ERL/H:3-6/COM,TOTAL,27.0,11877780.0,2969447.0,0.0,25272.0,14847226.0,12550.0,0.0,936.0,470.0
GMB,Gambia,RES,MR|MCF,MCF/LWAL/CDL+ERL/H:3-6/RES,URBAN,232.0,44457143.0,7845380.0,14624.0,158776.0,52302523.0,54544.0,1867.0,684.0,280.0
GMB,Gambia,RES,OT,ME+MEO/LWAL/CDN+ERM/H:1/RES,URBAN,1235.0,13315026.0,2349711.0,9677.0,73972.0,15664736.0,2886.0,1235.0,60.0,180.0
GMB,Gambia,COM,ADO|ST|E,MUR+ADO/LWAL/CDN+ERN/H:1/COM,TOTAL,4872.0,88621090.0,29540365.0,0.0,633008.0,118161458.0,53718.0,0.0,130.0,140.0
GMB,Gambia,RES,ADO|ST|E,MUR+ADO/LWAL/CDN+ERN/H:1/RES,RURAL,21642.0,64931002.0,11458412.0,169573.0,1298620.0,76389415.0,79764.0,21642.0,60.0,50.0
GMB,Gambia,RES,ADO|ST|E,MUR+ADO/LWAL/CDN+ERN/H:1/RES,URBAN,13378.0,64212295.0,11331582.0,104817.0,802654.0,75543873.0,49301.0,13378.0,60.0,80.0
GMB,Gambia,COM,ADO|ST|E,MUR+ADO/LWAL/CDN+ERN/H:2/COM,TOTAL,2434.0,88626127.0,29542045.0,0.0,633044.0,118168169.0,53877.0,0.0,260.0,140.0
GMB,Gambia,RES,ADO|ST|E,MUR+ADO/LWAL/CDN+ERN/H:2/RES,RURAL,21104.0,106324466.0,18763140.0,169595.0,2126489.0,125087605.0,130959.0,21645.0,101.0,50.0
GMB,Gambia,RES,ADO|ST|E,MUR+ADO/LWAL/CDN+ERN/H:2/RES,URBAN,13045.0,105147781.0,18555492.0,104822.0,1314347.0,123703273.0,80943.0,13378.0,101.0,80.0
GMB,Gambia,COM,ADO|ST|E,MUR+ADO/LWAL/CDN+ERN/H:3/COM,TOTAL,99.0,12307245.0,4102414.0,0.0,87909.0,16409660.0,7503.0,0.0,888.0,140.0
GMB,Gambia,RES,ADO|ST|E,MUR+ADO/LWAL/CDN+ERN/H:3/RES,URBAN,176.0,9534502.0,1682558.0,10970.0,119181.0,11217059.0,7359.0,1400.0,677.0,80.0
GMB,Gambia,RES,ADO|ST|E,MUR+ADO/LWAL/CDN+ERN/H:3/RES,RURAL,283.0,9641332.0,1701410.0,17761.0,192827.0,11342744.0,11906.0,2267.0,681.0,50.0
GMB,Gambia,COM,MUR,MUR+CB/LWAL/CDN+ERN/H:1/COM,TOTAL,2734.0,127851830.0,31962959.0,0.0,355144.0,159814789.0,299354.0,0.0,130.0,360.0
GMB,Gambia,IND,MUR,MUR+CB/LWAL/CDN+ERN/H:1/IND,TOTAL,1037.0,63683266.0,21227753.0,0.0,227440.0,84911027.0,182953.0,0.0,219.0,280.0
GMB,Gambia,RES,MUR,MUR+CB/LWAL/CDN+ERN/H:1/RES,URBAN,33299.0,559447280.0,98725990.0,260910.0,1998026.0,658173271.0,1295941.0,33299.0,60.0,280.0
GMB,Gambia,RES,MUR,MUR+CB/LWAL/CDN+ERN/H:1/RES,RURAL,5966.0,71601500.0,12635559.0,46745.0,358007.0,84237058.0,232208.0,5966.0,60.0,200.0
GMB,Gambia,COM,MUR,MUR+CB/LWAL/CDN+ERN/H:2/COM,TOTAL,1368.0,127808241.0,31952057.0,0.0,355023.0,159760295.0,299412.0,0.0,260.0,360.0
GMB,Gambia,IND,MUR,MUR+CB/LWAL/CDN+ERN/H:2/IND,TOTAL,344.0,46131716.0,15377243.0,0.0,164756.0,61508959.0,132605.0,0.0,479.0,280.0
GMB,Gambia,RES,MUR,MUR+CB/LWAL/CDN+ERN/H:2/RES,URBAN,32463.0,916095206.0,161663861.0,260895.0,3271769.0,1077759067.0,2123148.0,33297.0,101.0,280.0
GMB,Gambia,RES,MUR,MUR+CB/LWAL/CDN+ERN/H:2/RES,RURAL,5817.0,117230815.0,20687791.0,46744.0,586154.0,137918606.0,380373.0,5966.0,101.0,200.0
GMB,Gambia,COM,MUR,MUR+CB/LWAL/CDN+ERN/H:3/COM,TOTAL,55.0,17097308.0,4274325.0,0.0,47493.0,21371632.0,40075.0,0.0,864.0,360.0
GMB,Gambia,RES,MUR,MUR+CB/LWAL/CDN+ERN/H:3/RES,RURAL,74.0,10631740.0,1876188.0,4889.0,53159.0,12507933.0,34513.0,624.0,718.0,200.0
GMB,Gambia,RES,MUR,MUR+CB/LWAL/CDN+ERN/H:3/RES,URBAN,438.0,83426590.0,14722340.0,27473.0,297952.0,98148928.0,193445.0,3506.0,680.0,280.0
GMB,Gambia,COM,MUR,MUR+CL/LWAL/CDN+ERN/H:1/COM,TOTAL,2734.0,127851830.0,31962959.0,0.0,355144.0,159814789.0,221101.0,0.0,130.0,360.0
GMB,Gambia,IND,MUR,MUR+CL/LWAL/CDN+ERN/H:1/IND,TOTAL,1037.0,63683266.0,21227753.0,0.0,227440.0,84911027.0,131054.0,0.0,219.0,280.0
GMB,Gambia,RES,MUR,MUR+CL/LWAL/CDN+ERN/H:1/RES,URBAN,33299.0,559447280.0,98725990.0,260910.0,1998026.0,658173271.0,918012.0,33299.0,60.0,280.0
GMB,Gambia,RES,MUR,MUR+CL/LWAL/CDN+ERN/H:1/RES,RURAL,5966.0,71601500.0,12635559.0,46745.0,358007.0,84237058.0,164490.0,5966.0,60.0,200.0
GMB,Gambia,COM,MUR,MUR+CL/LWAL/CDN+ERN/H:2/COM,TOTAL,1368.0,127808241.0,31952057.0,0.0,355023.0,159760295.0,221150.0,0.0,260.0,360.0
GMB,Gambia,IND,MUR,MUR+CL/LWAL/CDN+ERN/H:2/IND,TOTAL,344.0,46131716.0,15377243.0,0.0,164756.0,61508959.0,94992.0,0.0,479.0,280.0
GMB,Gambia,RES,MUR,MUR+CL/LWAL/CDN+ERN/H:2/RES,URBAN,32463.0,916095206.0,161663861.0,260895.0,3271769.0,1077759067.0,1504049.0,33297.0,101.0,280.0
GMB,Gambia,RES,MUR,MUR+CL/LWAL/CDN+ERN/H:2/RES,RURAL,5817.0,117230815.0,20687791.0,46744.0,586154.0,137918606.0,269458.0,5966.0,101.0,200.0
GMB,Gambia,COM,MUR,MUR+CL/LWAL/CDN+ERN/H:3/COM,TOTAL,55.0,17097308.0,4274325.0,0.0,47493.0,21371632.0,29601.0,0.0,864.0,360.0
GMB,Gambia,RES,MUR,MUR+CL/LWAL/CDN+ERN/H:3/RES,URBAN,438.0,83426590.0,14722340.0,27473.0,297952.0,98148928.0,137043.0,3506.0,680.0,280.0
GMB,Gambia,RES,MUR,MUR+CL/LWAL/CDN+ERN/H:3/RES,RURAL,74.0,10631740.0,1876188.0,4889.0,53159.0,12507933.0,24450.0,624.0,718.0,200.0
GMB,Gambia,IND,S,S+SL/LFM/CDL+ERL/H:1/IND,TOTAL,363.0,25667305.0,8555767.0,0.0,80210.0,34223071.0,27375.0,0.0,221.0,320.0
GMB,Gambia,IND,S,S+SL/LFM/CDL+ERL/H:2/IND,TOTAL,121.0,18300640.0,6100214.0,0.0,57190.0,24400858.0,19531.0,0.0,473.0,320.0
GMB,Gambia,IND,S,S/LFM/CDL+ERL/H:1/IND,TOTAL,493.0,34812386.0,11604130.0,0.0,108789.0,46416512.0,37128.0,0.0,221.0,320.0
GMB,Gambia,IND,S,S/LFM/CDL+ERL/H:2/IND,TOTAL,165.0,24863621.0,8287878.0,0.0,77699.0,33151493.0,26535.0,0.0,471.0,320.0
GMB,Gambia,RES,W,W+WWD/LWAL/CDN+ERM/H:1/RES,RURAL,31894.0,344476172.0,86119045.0,249903.0,1913757.0,430595216.0,25551.0,31894.0,60.0,180.0
GMB,Gambia,RES,W,W+WWD/LWAL/CDN+ERM/H:1/RES,URBAN,19714.0,283886430.0,70971607.0,154465.0,1182860.0,354858037.0,15793.0,19714.0,60.0,240.0
GMB,Gambia,RES,W,W+WWD/LWAL/CDN+ERM/H:2/RES,RURAL,13325.0,241748383.0,60437096.0,107087.0,1343047.0,302185480.0,17942.0,13667.0,101.0,180.0
GMB,Gambia,RES,W,W+WWD/LWAL/CDN+ERM/H:2/RES,URBAN,8239.0,199226765.0,49806690.0,66196.0,830112.0,249033456.0,11090.0,8449.0,101.0,240.0
GMB,Gambia,COM,W,W/LWAL/CDL+ERM/H:1/COM,TOTAL,66.0,2201632.0,733877.0,0.0,8468.0,2935509.0,1617.0,0.0,128.0,260.0
GMB,Gambia,RES,W,W/LWAL/CDL+ERM/H:1/RES,URBAN,493.0,7101173.0,1775292.0,3862.0,29588.0,8876464.0,3129.0,493.0,60.0,240.0
GMB,Gambia,COM,W,W/LWAL/CDL+ERM/H:2/COM,TOTAL,31.0,2049555.0,683184.0,0.0,7883.0,2732739.0,1506.0,0.0,254.0,260.0
GMB,Gambia,RES,W,W/LWAL/CDL+ERM/H:2/RES,URBAN,479.0,11602232.0,2900558.0,3833.0,48343.0,14502789.0,5116.0,489.0,101.0,240.0
GMB,Gambia,COM,W,W/LWAL/CDL+ERM/H:3/COM,TOTAL,8.0,961406.0,320469.0,0.0,3698.0,1281874.0,707.0,0.0,462.0,260.0
GMB,Gambia,RES,W,W/LWAL/CDL+ERM/H:3/RES,URBAN,191.0,6549914.0,1637477.0,1827.0,27291.0,8187391.0,2890.0,233.0,143.0,240.0
GHA,Ghana,COM,CR-,CR/LFINF/CDL+ERL/H:1/COM,TOTAL,1929.0,115138800.0,20318614.0,0.0,250302.0,135457407.0,124005.0,0.0,130.0,460.0
GHA,Ghana,IND,CR-,CR/LFINF/CDL+ERL/H:1/IND,TOTAL,5470.0,409369472.0,136456493.0,0.0,1204028.0,545825961.0,592799.0,0.0,220.0,340.0
GHA,Ghana,RES,CR-,CR/LFINF/CDL+ERL/H:1/RES,URBAN,48086.0,663595068.0,117105013.0,176307.0,2885196.0,780700081.0,989001.0,48086.0,60.0,230.0
GHA,Ghana,COM,CR-,CR/LFINF/CDL+ERL/H:2/COM,TOTAL,3367.0,403003654.0,71118293.0,0.0,876095.0,474121942.0,434377.0,0.0,260.0,460.0
GHA,Ghana,IND,CR-,CR/LFINF/CDL+ERL/H:2/IND,TOTAL,1823.0,297701070.0,99233694.0,0.0,875591.0,396934760.0,431483.0,0.0,480.0,340.0
GHA,Ghana,RES,CR-,CR/LFINF/CDL+ERL/H:2/RES,URBAN,164096.0,3803226789.0,671157668.0,617064.0,16535769.0,4474384458.0,5672297.0,168299.0,101.0,230.0
GHA,Ghana,COM,CR-,CR/LFINF/CDL+ERL/H:3/COM,TOTAL,2243.0,465005077.0,82059719.0,0.0,1010881.0,547064795.0,501597.0,0.0,451.0,460.0
GHA,Ghana,RES,CR-,CR/LFINF/CDL+ERL/H:3/RES,URBAN,131135.0,4440316926.0,783585343.0,617083.0,19305726.0,5223902267.0,6627252.0,168304.0,147.0,230.0
GHA,Ghana,COM,CR-,CR/LFINF/CDL+ERL/H:4-7/COM,TOTAL,576.0,317795524.0,56081563.0,0.0,690860.0,373877087.0,343606.0,0.0,1199.0,460.0
GHA,Ghana,RES,CR-,CR/LFINF/CDL+ERL/H:4-7/RES,URBAN,6011.0,1327190145.0,234210025.0,264460.0,5770392.0,1561400174.0,1985133.0,72129.0,960.0,230.0
GHA,Ghana,COM,CR-,CR/LFINF/CDL+ERL/H:>7/COM,TOTAL,99.0,140402170.0,24776854.0,0.0,305222.0,165179028.0,152042.0,0.0,3083.0,460.0
GHA,Ghana,RES,CR-,CR/LFINF/CDL+ERL/H:>7/RES,URBAN,1502.0,414726484.0,73187025.0,88154.0,1803159.0,487913516.0,621215.0,24043.0,1201.0,230.0
GHA,Ghana,COM,CR-,CR/LWAL/CDL+ERL/H:1/COM,TOTAL,631.0,37858623.0,6680934.0,0.0,82301.0,44539555.0,44696.0,0.0,130.0,460.0
GHA,Ghana,IND,CR-,CR/LWAL/CDL+ERL/H:1/IND,TOTAL,1805.0,134779895.0,44926633.0,0.0,396411.0,179706533.0,206441.0,0.0,220.0,340.0
GHA,Ghana,RES,CR-,CR/LWAL/CDL+ERL/H:1/RES,URBAN,15847.0,218687633.0,38591935.0,58102.0,950816.0,257279566.0,387101.0,15847.0,60.0,230.0
GHA,Ghana,COM,CR-,CR/LWAL/CDL+ERL/H:2/COM,TOTAL,1109.0,132723309.0,23421762.0,0.0,288529.0,156145069.0,156820.0,0.0,260.0,460.0
GHA,Ghana,IND,CR-,CR/LWAL/CDL+ERL/H:2/IND,TOTAL,601.0,97991322.0,32663773.0,0.0,288210.0,130655097.0,150228.0,0.0,480.0,340.0
GHA,Ghana,RES,CR-,CR/LWAL/CDL+ERL/H:2/RES,URBAN,54077.0,1253357001.0,221180646.0,203353.0,5449378.0,1474537649.0,2220220.0,55464.0,101.0,230.0
GHA,Ghana,COM,CR-,CR/LWAL/CDL+ERL/H:3/COM,TOTAL,744.0,153125179.0,27022090.0,0.0,332881.0,180147272.0,181071.0,0.0,447.0,460.0
GHA,Ghana,RES,CR-,CR/LWAL/CDL+ERL/H:3/RES,URBAN,43216.0,1463312849.0,258231678.0,203351.0,6362230.0,1721544535.0,2594060.0,55463.0,147.0,230.0
GHA,Ghana,COM,CR-,CR/LWAL/CDL+ERL/H:4-7/COM,TOTAL,186.0,104702018.0,18476827.0,0.0,227613.0,123178847.0,124109.0,0.0,1224.0,460.0
GHA,Ghana,RES,CR-,CR/LWAL/CDL+ERL/H:4-7/RES,URBAN,1983.0,437376368.0,77184064.0,87151.0,1901636.0,514560431.0,777072.0,23770.0,959.0,230.0
GHA,Ghana,COM,CR-,CR/LWAL/CDL+ERL/H:>7/COM,TOTAL,31.0,42824792.0,7557318.0,0.0,93097.0,50382107.0,50844.0,0.0,3003.0,460.0
GHA,Ghana,RES,CR-,CR/LWAL/CDL+ERL/H:>7/RES,URBAN,494.0,136680359.0,24120061.0,29049.0,594262.0,160800422.0,243194.0,7923.0,1203.0,230.0
GHA,Ghana,RES,ADO|ST|E,E+ETO/LWAL/CDN+ERN/H:1/RES,RURAL,487005.0,1168811150.0,206260793.0,1790836.0,29220279.0,1375071945.0,2610714.0,487005.0,60.0,40.0
GHA,Ghana,RES,ADO|ST|E,E+ETO/LWAL/CDN+ERN/H:1/RES,URBAN,772784.0,4173035305.0,736417997.0,2841717.0,46367059.0,4909453295.0,4142710.0,772784.0,60.0,90.0
GHA,Ghana,RES,OT,INF/LN/CDN+ERN/H:1/EWV/RES,RURAL,26054.0,78163805.0,13793612.0,95938.0,1563276.0,91957416.0,20872.0,26054.0,60.0,50.0
GHA,Ghana,RES,OT,INF/LN/CDN+ERN/H:1/EWV/RES,URBAN,41345.0,372094672.0,65663766.0,152244.0,2480631.0,437758438.0,33120.0,41345.0,60.0,150.0
GHA,Ghana,RES,OT,MATO/LN/CDN+ERN/H:1/RES,URBAN,59503.0,535531798.0,94505613.0,218364.0,3570212.0,630037411.0,1640368.0,59503.0,60.0,150.0
GHA,Ghana,RES,OT,MATO/LN/CDN+ERN/H:1/RES,RURAL,37498.0,112496366.0,19852302.0,137608.0,2249927.0,132348666.0,1033751.0,37498.0,60.0,50.0
GHA,Ghana,COM,MR|MCF,MCF+CB/LWAL/CDL+ERL/H:1/COM,TOTAL,8557.0,511994624.0,127998650.0,0.0,1113032.0,639993281.0,619998.0,0.0,130.0,460.0
GHA,Ghana,IND,MR|MCF,MCF+CB/LWAL/CDL+ERL/H:1/IND,TOTAL,5403.0,404338991.0,134779666.0,0.0,1189232.0,539118653.0,664690.0,0.0,220.0,340.0
GHA,Ghana,RES,MR|MCF,MCF+CB/LWAL/CDL+ERL/H:1/RES,URBAN,213935.0,2952290692.0,520992473.0,784375.0,12836046.0,3473283168.0,5047391.0,213935.0,60.0,230.0
GHA,Ghana,COM,MR|MCF,MCF+CB/LWAL/CDL+ERL/H:2/COM,TOTAL,4286.0,511995623.0,127998907.0,0.0,1113034.0,639994530.0,620476.0,0.0,260.0,460.0
GHA,Ghana,IND,MR|MCF,MCF+CB/LWAL/CDL+ERL/H:2/IND,TOTAL,1805.0,294064086.0,98021364.0,0.0,864894.0,392085448.0,483832.0,0.0,479.0,340.0
GHA,Ghana,RES,MR|MCF,MCF+CB/LWAL/CDL+ERL/H:2/RES,URBAN,208587.0,4834375900.0,853125160.0,784379.0,21019026.0,5687501059.0,8270823.0,213936.0,101.0,230.0
GHA,Ghana,COM,MR|MCF,MCF+CB/LWAL/CDL+ERL/H:3-6/COM,TOTAL,378.0,156778804.0,39194700.0,0.0,340823.0,195973503.0,190289.0,0.0,902.0,460.0
GHA,Ghana,RES,MR|MCF,MCF+CB/LWAL/CDL+ERL/H:3-6/RES,URBAN,5944.0,929424579.0,164016103.0,174302.0,4040976.0,1093440684.0,1592292.0,47540.0,680.0,230.0
GHA,Ghana,COM,MR|MCF,MCF+CL/LWAL/CDL+ERL/H:1/COM,TOTAL,106.0,6001812.0,1500454.0,0.0,13047.0,7502265.0,6464.0,0.0,123.0,460.0
GHA,Ghana,IND,MR|MCF,MCF+CL/LWAL/CDL+ERL/H:1/IND,TOTAL,68.0,4908171.0,1636060.0,0.0,14436.0,6544229.0,7108.0,0.0,212.0,340.0
GHA,Ghana,RES,MR|MCF,MCF+CL/LWAL/CDL+ERL/H:1/RES,URBAN,2453.0,33884764.0,5979664.0,9004.0,147325.0,39864429.0,50501.0,2453.0,60.0,230.0
GHA,Ghana,COM,MR|MCF,MCF+CL/LWAL/CDL+ERL/H:2/COM,TOTAL,47.0,5686098.0,1421525.0,0.0,12361.0,7107625.0,6129.0,0.0,263.0,460.0
GHA,Ghana,IND,MR|MCF,MCF+CL/LWAL/CDL+ERL/H:2/IND,TOTAL,21.0,2916587.0,972193.0,0.0,8578.0,3888779.0,4227.0,0.0,408.0,340.0
GHA,Ghana,RES,MR|MCF,MCF+CL/LWAL/CDL+ERL/H:2/RES,URBAN,2394.0,55474210.0,9789567.0,9013.0,241192.0,65263776.0,82737.0,2456.0,101.0,230.0
GHA,Ghana,COM,MR|MCF,MCF+CL/LWAL/CDL+ERL/H:3-6/COM,TOTAL,1.0,284605.0,71151.0,0.0,619.0,355756.0,307.0,0.0,619.0,460.0
GHA,Ghana,RES,MR|MCF,MCF+CL/LWAL/CDL+ERL/H:3-6/RES,URBAN,65.0,10407417.0,1836604.0,1961.0,45250.0,12244019.0,15545.0,534.0,696.0,230.0
GHA,Ghana,RES,OT,ME+MEO/LWAL/CDN+ERM/H:1/RES,RURAL,13518.0,40550633.0,7155993.0,49582.0,811013.0,47706626.0,31645.0,13518.0,60.0,50.0
GHA,Ghana,RES,OT,ME+MEO/LWAL/CDN+ERM/H:1/RES,URBAN,21449.0,193038771.0,34065667.0,78671.0,1286925.0,227104437.0,50215.0,21449.0,60.0,150.0
GHA,Ghana,COM,ADO|ST|E,MUR+ADO/LWAL/CDN+ERN/H:1/COM,TOTAL,57442.0,1120143217.0,373381074.0,0.0,7467621.0,1493524285.0,633709.0,0.0,130.0,150.0
GHA,Ghana,RES,ADO|ST|E,MUR+ADO/LWAL/CDN+ERN/H:1/RES,RURAL,198281.0,475873158.0,83977617.0,729127.0,11896829.0,559850774.0,730729.0,198281.0,60.0,40.0
GHA,Ghana,RES,ADO|ST|E,MUR+ADO/LWAL/CDN+ERN/H:1/RES,URBAN,314634.0,1699021370.0,299827299.0,1156988.0,18878015.0,1998848667.0,1159529.0,314634.0,60.0,90.0
GHA,Ghana,COM,ADO|ST|E,MUR+ADO/LWAL/CDN+ERN/H:2/COM,TOTAL,28722.0,1120146256.0,373382089.0,0.0,7467642.0,1493528345.0,635549.0,0.0,260.0,150.0
GHA,Ghana,RES,ADO|ST|E,MUR+ADO/LWAL/CDN+ERN/H:2/RES,URBAN,306771.0,2782147767.0,490967251.0,1156989.0,30912753.0,3273115015.0,1903745.0,314635.0,101.0,90.0
GHA,Ghana,RES,ADO|ST|E,MUR+ADO/LWAL/CDN+ERN/H:2/RES,RURAL,193321.0,779241941.0,137513283.0,729117.0,19481049.0,916755224.0,1199730.0,198278.0,101.0,40.0
GHA,Ghana,COM,ADO|ST|E,MUR+ADO/LWAL/CDN+ERN/H:3/COM,TOTAL,1211.0,163178606.0,54392869.0,0.0,1087857.0,217571475.0,92852.0,0.0,898.0,150.0
GHA,Ghana,RES,ADO|ST|E,MUR+ADO/LWAL/CDN+ERN/H:3/RES,URBAN,4137.0,253355833.0,44709853.0,121778.0,2815065.0,298065687.0,173821.0,33117.0,680.0,90.0
GHA,Ghana,RES,ADO|ST|E,MUR+ADO/LWAL/CDN+ERN/H:3/RES,RURAL,2610.0,70963546.0,12522979.0,76760.0,1774089.0,83486519.0,109544.0,20874.0,680.0,40.0
GHA,Ghana,COM,MUR,MUR+CB/LWAL/CDN+ERN/H:1/COM,TOTAL,74820.0,3307070218.0,826767550.0,0.0,9726677.0,4133837767.0,8198706.0,0.0,130.0,340.0
GHA,Ghana,IND,MUR,MUR+CB/LWAL/CDN+ERN/H:1/IND,TOTAL,46695.0,2465628526.0,821876169.0,0.0,10273452.0,3287504712.0,8263954.0,0.0,220.0,240.0
GHA,Ghana,RES,MUR,MUR+CB/LWAL/CDN+ERN/H:1/RES,RURAL,948735.0,6830888156.0,1205450850.0,3478464.0,56924068.0,8036339008.0,36921571.0,948735.0,60.0,120.0
GHA,Ghana,RES,MUR,MUR+CB/LWAL/CDN+ERN/H:1/RES,URBAN,978551.0,10568345227.0,1865002099.0,3587782.0,58713029.0,12433347325.0,38081910.0,978551.0,60.0,180.0
GHA,Ghana,COM,MUR,MUR+CB/LWAL/CDN+ERN/H:2/COM,TOTAL,37408.0,3307059590.0,826764896.0,0.0,9726646.0,4133824487.0,8203070.0,0.0,260.0,340.0
GHA,Ghana,IND,MUR,MUR+CB/LWAL/CDN+ERN/H:2/IND,TOTAL,15563.0,1793185352.0,597728448.0,0.0,7471606.0,2390913809.0,6013568.0,0.0,480.0,240.0
GHA,Ghana,RES,MUR,MUR+CB/LWAL/CDN+ERN/H:2/RES,RURAL,925017.0,11185579564.0,1973925804.0,3478471.0,93213163.0,13159505370.0,60488800.0,948737.0,101.0,120.0
GHA,Ghana,RES,MUR,MUR+CB/LWAL/CDN+ERN/H:2/RES,URBAN,954088.0,17305664812.0,3053940848.0,3587779.0,96142582.0,20359605660.0,62389787.0,978550.0,101.0,180.0
GHA,Ghana,COM,MUR,MUR+CB/LWAL/CDN+ERN/H:3/COM,TOTAL,1572.0,481304815.0,120326201.0,0.0,1415602.0,601631015.0,1194502.0,0.0,901.0,340.0
GHA,Ghana,RES,MUR,MUR+CB/LWAL/CDN+ERN/H:3/RES,RURAL,12486.0,1018639321.0,179759882.0,366159.0,8488661.0,1198399200.0,5511252.0,99868.0,680.0,120.0
GHA,Ghana,RES,MUR,MUR+CB/LWAL/CDN+ERN/H:3/RES,URBAN,12873.0,1575981089.0,278114308.0,377668.0,8755450.0,1854095398.0,5684465.0,103007.0,680.0,180.0
GHA,Ghana,COM,MUR,MUR+CL/LWAL/CDN+ERN/H:1/COM,TOTAL,912.0,40192175.0,10048051.0,0.0,118212.0,50240223.0,73595.0,0.0,130.0,340.0
GHA,Ghana,IND,MUR,MUR+CL/LWAL/CDN+ERN/H:1/IND,TOTAL,596.0,31394592.0,10464863.0,0.0,130811.0,41859445.0,75375.0,0.0,219.0,240.0
GHA,Ghana,RES,MUR,MUR+CL/LWAL/CDN+ERN/H:1/RES,URBAN,12095.0,130637451.0,23053667.0,44394.0,725764.0,153691117.0,333459.0,12095.0,60.0,180.0
GHA,Ghana,RES,MUR,MUR+CL/LWAL/CDN+ERN/H:1/RES,RURAL,10890.0,78406727.0,13836479.0,39971.0,653389.0,92243206.0,300206.0,10890.0,60.0,120.0
GHA,Ghana,COM,MUR,MUR+CL/LWAL/CDN+ERN/H:2/COM,TOTAL,457.0,40159009.0,10039746.0,0.0,118115.0,50198748.0,73576.0,0.0,258.0,340.0
GHA,Ghana,IND,MUR,MUR+CL/LWAL/CDN+ERN/H:2/IND,TOTAL,201.0,22851099.0,7617030.0,0.0,95213.0,30468131.0,54896.0,0.0,474.0,240.0
GHA,Ghana,RES,MUR,MUR+CL/LWAL/CDN+ERN/H:2/RES,RURAL,10616.0,128390120.0,22657080.0,39971.0,1069918.0,151047202.0,491847.0,10890.0,101.0,120.0
GHA,Ghana,RES,MUR,MUR+CL/LWAL/CDN+ERN/H:2/RES,URBAN,11793.0,213916387.0,37749949.0,44397.0,1188424.0,251666335.0,546325.0,12096.0,101.0,180.0
GHA,Ghana,COM,MUR,MUR+CL/LWAL/CDN+ERN/H:3/COM,TOTAL,17.0,4654169.0,1163543.0,0.0,13689.0,5817712.0,8532.0,0.0,805.0,340.0
GHA,Ghana,RES,MUR,MUR+CL/LWAL/CDN+ERN/H:3/RES,URBAN,161.0,19480917.0,3437809.0,4673.0,108227.0,22918728.0,49779.0,1273.0,672.0,180.0
GHA,Ghana,RES,MUR,MUR+CL/LWAL/CDN+ERN/H:3/RES,RURAL,143.0,11589429.0,2045194.0,4171.0,96579.0,13634622.0,44421.0,1136.0,675.0,120.0
GHA,Ghana,COM,MUR,MUR+MO/LWAL/CDN+ERN/H:1/COM,TOTAL,3402.0,150180393.0,37545098.0,0.0,441707.0,187725490.0,274992.0,0.0,130.0,340.0
GHA,Ghana,IND,MUR,MUR+MO/LWAL/CDN+ERN/H:1/IND,TOTAL,2713.0,143284123.0,47761375.0,0.0,597017.0,191045487.0,344008.0,0.0,220.0,240.0
GHA,Ghana,RES,MUR,MUR+MO/LWAL/CDN+ERN/H:1/RES,RURAL,32859.0,236576790.0,41748845.0,120672.0,1971473.0,278325636.0,905812.0,32859.0,60.0,120.0
GHA,Ghana,RES,MUR,MUR+MO/LWAL/CDN+ERN/H:1/RES,URBAN,52138.0,563103820.0,99371262.0,191472.0,3128355.0,662475079.0,1437353.0,52138.0,60.0,180.0
GHA,Ghana,COM,MUR,MUR+MO/LWAL/CDN+ERN/H:2/COM,TOTAL,1697.0,150168791.0,37542197.0,0.0,441673.0,187710991.0,275127.0,0.0,260.0,340.0
GHA,Ghana,IND,MUR,MUR+MO/LWAL/CDN+ERN/H:2/IND,TOTAL,910.0,104208186.0,34736062.0,0.0,434201.0,138944243.0,250344.0,0.0,477.0,240.0
GHA,Ghana,RES,MUR,MUR+MO/LWAL/CDN+ERN/H:2/RES,URBAN,50837.0,922080411.0,162720073.0,191484.0,5122669.0,1084800484.0,2354918.0,52141.0,101.0,180.0
GHA,Ghana,RES,MUR,MUR+MO/LWAL/CDN+ERN/H:2/RES,RURAL,32034.0,387393621.0,68363581.0,120660.0,3228280.0,455757196.0,1484057.0,32856.0,101.0,120.0
GHA,Ghana,COM,MUR,MUR+MO/LWAL/CDN+ERN/H:3/COM,TOTAL,65.0,18992063.0,4748016.0,0.0,55859.0,23740079.0,34815.0,0.0,859.0,340.0
GHA,Ghana,RES,MUR,MUR+MO/LWAL/CDN+ERN/H:3/RES,RURAL,433.0,35278063.0,6225539.0,12697.0,293984.0,41503602.0,135218.0,3457.0,679.0,120.0
GHA,Ghana,RES,MUR,MUR+MO/LWAL/CDN+ERN/H:3/RES,URBAN,686.0,83971347.0,14818472.0,20147.0,466507.0,98789818.0,214571.0,5486.0,680.0,180.0
GHA,Ghana,COM,ADO|ST|E,MUR+STDRE/LWAL/CDN+ERN/H:1/COM,TOTAL,178.0,11531094.0,3843694.0,0.0,23062.0,15374797.0,7012.0,0.0,130.0,500.0
GHA,Ghana,IND,ADO|ST|E,MUR+STDRE/LWAL/CDN+ERN/H:1/IND,TOTAL,151.0,15365021.0,8273471.0,0.0,33402.0,23638496.0,9869.0,0.0,221.0,460.0
GHA,Ghana,RES,ADO|ST|E,MUR+STDRE/LWAL/CDN+ERN/H:1/RES,URBAN,5640.0,108278564.0,19107984.0,20720.0,338371.0,127386546.0,80452.0,5640.0,60.0,320.0
GHA,Ghana,COM,ADO|ST|E,MUR+STDRE/LWAL/CDN+ERN/H:2/COM,TOTAL,88.0,11505805.0,3835268.0,0.0,23012.0,15341077.0,7006.0,0.0,262.0,500.0
GHA,Ghana,IND,ADO|ST|E,MUR+STDRE/LWAL/CDN+ERN/H:2/IND,TOTAL,50.0,11176451.0,6018092.0,0.0,24297.0,17194545.0,7189.0,0.0,486.0,460.0
GHA,Ghana,RES,ADO|ST|E,MUR+STDRE/LWAL/CDN+ERN/H:2/RES,URBAN,5499.0,177305619.0,31289226.0,20719.0,554080.0,208594845.0,131891.0,5640.0,101.0,320.0
GHA,Ghana,COM,ADO|ST|E,MUR+STDRE/LWAL/CDN+ERN/H:3/COM,TOTAL,3.0,789134.0,263045.0,0.0,1578.0,1052178.0,481.0,0.0,526.0,500.0
GHA,Ghana,RES,ADO|ST|E,MUR+STDRE/LWAL/CDN+ERN/H:3/RES,URBAN,73.0,16147551.0,2849568.0,2178.0,50461.0,18997121.0,12025.0,593.0,691.0,320.0
GHA,Ghana,COM,ADO|ST|E,MUR+STRUB/LWAL/CDN+ERN/H:1/COM,TOTAL,131.0,8501881.0,2833960.0,0.0,17004.0,11335847.0,5170.0,0.0,130.0,500.0
GHA,Ghana,IND,ADO|ST|E,MUR+STRUB/LWAL/CDN+ERN/H:1/IND,TOTAL,111.0,11450073.0,6165426.0,0.0,24891.0,17615502.0,7355.0,0.0,224.0,460.0
GHA,Ghana,RES,ADO|ST|E,MUR+STRUB/LWAL/CDN+ERN/H:1/RES,RURAL,3552.0,34117200.0,6020683.0,13048.0,213233.0,40137883.0,50699.0,3552.0,60.0,160.0
GHA,Ghana,COM,ADO|ST|E,MUR+STRUB/LWAL/CDN+ERN/H:2/COM,TOTAL,65.0,8513146.0,2837717.0,0.0,17026.0,11350865.0,5184.0,0.0,262.0,500.0
GHA,Ghana,IND,ADO|ST|E,MUR+STRUB/LWAL/CDN+ERN/H:2/IND,TOTAL,40.0,8325547.0,4482988.0,0.0,18099.0,12808538.0,5355.0,0.0,452.0,460.0
GHA,Ghana,RES,ADO|ST|E,MUR+STRUB/LWAL/CDN+ERN/H:2/RES,RURAL,3464.0,55866581.0,9858811.0,13054.0,349166.0,65725386.0,83114.0,3554.0,101.0,160.0
GHA,Ghana,RES,ADO|ST|E,MUR+STRUB/LWAL/CDN+ERN/H:3/RES,RURAL,48.0,5087956.0,897874.0,1373.0,31800.0,5985829.0,7578.0,374.0,662.0,160.0
GHA,Ghana,IND,S,S+SL/LFM/CDL+ERL/H:1/IND,TOTAL,10183.0,761748848.0,253916283.0,0.0,2240438.0,1015665128.0,764627.0,0.0,220.0,340.0
GHA,Ghana,IND,S,S+SL/LFM/CDL+ERL/H:2/IND,TOTAL,3394.0,553975500.0,184658499.0,0.0,1629340.0,738634007.0,556435.0,0.0,480.0,340.0
GHA,Ghana,IND,S,S/LFM/CDL+ERL/H:1/IND,TOTAL,12132.0,908051970.0,302683993.0,0.0,2670741.0,1210735961.0,911483.0,0.0,220.0,340.0
GHA,Ghana,IND,S,S/LFM/CDL+ERL/H:2/IND,TOTAL,4050.0,660374574.0,220124854.0,0.0,1942278.0,880499432.0,663306.0,0.0,480.0,340.0
GHA,Ghana,RES,W,W+WBB/LN/CDN+ERL/H:1/RES,RURAL,5021.0,30127278.0,7531819.0,18440.0,301273.0,37659099.0,7901.0,5021.0,60.0,100.0
GHA,Ghana,RES,W,W+WBB/LN/CDN+ERL/H:1/RES,URBAN,7968.0,66929461.0,16732366.0,29264.0,478068.0,83661826.0,12538.0,7968.0,60.0,140.0
GHA,Ghana,RES,W,W+WWD/LWAL/CDN+ERM/H:1/RES,RURAL,340904.0,2045419359.0,511354840.0,1253588.0,20454194.0,2556774200.0,273089.0,340904.0,60.0,100.0
GHA,Ghana,RES,W,W+WWD/LWAL/CDN+ERM/H:1/RES,URBAN,540950.0,4543971699.0,1135992922.0,1989206.0,32456941.0,5679964621.0,433341.0,540950.0,60.0,140.0
GHA,Ghana,RES,W,W+WWD/LWAL/CDN+ERM/H:2/RES,RURAL,142451.0,1435446318.0,358861578.0,537256.0,14354463.0,1794307898.0,191765.0,146103.0,101.0,100.0
GHA,Ghana,RES,W,W+WWD/LWAL/CDN+ERM/H:2/RES,URBAN,226037.0,3188894542.0,797223635.0,852502.0,22777818.0,3986118178.0,304295.0,231832.0,101.0,140.0
GHA,Ghana,COM,W,W/LWAL/CDL+ERM/H:1/COM,TOTAL,4221.0,164531437.0,54843809.0,0.0,548438.0,219375252.0,104695.0,0.0,130.0,300.0
GHA,Ghana,RES,W,W/LWAL/CDL+ERM/H:1/RES,URBAN,77380.0,650002243.0,162500560.0,284388.0,4642873.0,812502805.0,491046.0,77380.0,60.0,140.0
GHA,Ghana,RES,W,W/LWAL/CDL+ERM/H:1/RES,RURAL,48767.0,292591297.0,73147825.0,179229.0,2925913.0,365739123.0,309455.0,48767.0,60.0,100.0
GHA,Ghana,COM,W,W/LWAL/CDL+ERM/H:2/COM,TOTAL,2109.0,164515664.0,54838555.0,0.0,548386.0,219354221.0,104735.0,0.0,260.0,300.0
GHA,Ghana,RES,W,W/LWAL/CDL+ERM/H:2/RES,RURAL,47546.0,479118517.0,119779629.0,179229.0,4791185.0,598898144.0,507049.0,48767.0,101.0,100.0
GHA,Ghana,RES,W,W/LWAL/CDL+ERM/H:2/RES,URBAN,75448.0,1064377381.0,266094346.0,284397.0,7602696.0,1330471724.0,804590.0,77383.0,101.0,140.0
GHA,Ghana,COM,W,W/LWAL/CDL+ERM/H:3/COM,TOTAL,702.0,94607409.0,31535803.0,0.0,315358.0,126143203.0,60258.0,0.0,449.0,300.0
GHA,Ghana,RES,W,W/LWAL/CDL+ERM/H:3/RES,RURAL,19001.0,279679585.0,69919897.0,89609.0,2796796.0,349599483.0,296169.0,24382.0,147.0,100.0
GHA,Ghana,RES,W,W/LWAL/CDL+ERM/H:3/RES,URBAN,30147.0,621339003.0,155334751.0,142193.0,4438136.0,776673758.0,469979.0,38690.0,147.0,140.0
GIN,Guinea,COM,CR-,CR/LFINF/CDL+ERL/H:1/COM,TOTAL,296.0,19495480.0,3440380.0,0.0,38226.0,22935857.0,18938.0,0.0,129.0,510.0
GIN,Guinea,IND,CR-,CR/LFINF/CDL+ERL/H:1/IND,TOTAL,334.0,29366877.0,9788961.0,0.0,73417.0,39155840.0,36147.0,0.0,220.0,400.0
GIN,Guinea,RES,CR-,CR/LFINF/CDL+ERL/H:1/RES,URBAN,5468.0,134535274.0,23741518.0,33892.0,328135.0,158276795.0,112480.0,5468.0,60.0,410.0
GIN,Guinea,COM,CR-,CR/LFINF/CDL+ERL/H:2/COM,TOTAL,517.0,68236466.0,12041730.0,0.0,133797.0,80278195.0,66338.0,0.0,259.0,510.0
GIN,Guinea,IND,CR-,CR/LFINF/CDL+ERL/H:2/IND,TOTAL,114.0,21358125.0,7119375.0,0.0,53395.0,28477496.0,26313.0,0.0,468.0,400.0
GIN,Guinea,RES,CR-,CR/LFINF/CDL+ERL/H:2/RES,URBAN,18666.0,771054858.0,136068504.0,118647.0,1880622.0,907123364.0,645113.0,19142.0,101.0,410.0
GIN,Guinea,COM,CR-,CR/LFINF/CDL+ERL/H:3/COM,TOTAL,340.0,78738090.0,13894956.0,0.0,154388.0,92633046.0,76607.0,0.0,454.0,510.0
GIN,Guinea,RES,CR-,CR/LFINF/CDL+ERL/H:3/RES,URBAN,14914.0,900219083.0,158862191.0,118647.0,2195656.0,1059081272.0,753723.0,19142.0,147.0,410.0
GIN,Guinea,COM,CR-,CR/LFINF/CDL+ERL/H:4-7/COM,TOTAL,83.0,52309073.0,9231012.0,0.0,102567.0,61540086.0,51013.0,0.0,1236.0,510.0
GIN,Guinea,RES,CR-,CR/LFINF/CDL+ERL/H:4-7/RES,URBAN,686.0,269070644.0,47483056.0,50848.0,656270.0,316553700.0,225770.0,8204.0,957.0,410.0
GIN,Guinea,COM,CR-,CR/LFINF/CDL+ERL/H:>7/COM,TOTAL,15.0,21597243.0,3811278.0,0.0,42348.0,25408523.0,21095.0,0.0,2823.0,510.0
GIN,Guinea,RES,CR-,CR/LFINF/CDL+ERL/H:>7/RES,URBAN,171.0,84084673.0,14838472.0,16949.0,205085.0,98923145.0,70655.0,2735.0,1199.0,410.0
GIN,Guinea,RES,ADO|ST|E,E+ETO/LWAL/CDN+ERN/H:1/RES,RURAL,372527.0,1117582704.0,197220478.0,2309003.0,22351654.0,1314803182.0,1997030.0,372527.0,60.0,50.0
GIN,Guinea,RES,ADO|ST|E,E+ETO/LWAL/CDN+ERN/H:1/RES,URBAN,183718.0,1102300266.0,194523577.0,1138721.0,11023003.0,1296823844.0,984861.0,183718.0,60.0,100.0
GIN,Guinea,RES,OT,INF/LN/CDN+ERN/H:1/EWV/RES,URBAN,1511.0,16324553.0,2880803.0,9367.0,90692.0,19205356.0,1211.0,1511.0,60.0,180.0
GIN,Guinea,RES,OT,INF/LN/CDN+ERN/H:1/EWV/RES,RURAL,9511.0,57060979.0,10069584.0,58950.0,570610.0,67130564.0,7618.0,9511.0,60.0,100.0
GIN,Guinea,RES,OT,MATO/LN/CDN+ERN/H:1/RES,RURAL,1360.0,8151639.0,1438525.0,8430.0,81516.0,9590163.0,37454.0,1360.0,60.0,100.0
GIN,Guinea,RES,OT,MATO/LN/CDN+ERN/H:1/RES,URBAN,38360.0,414286511.0,73109384.0,237766.0,2301592.0,487395895.0,1057489.0,38360.0,60.0,180.0
GIN,Guinea,COM,MR|MCF,MCF+CB/LWAL/CDL+ERL/H:1/COM,TOTAL,780.0,51431987.0,12857995.0,0.0,100847.0,64289984.0,56175.0,0.0,129.0,510.0
GIN,Guinea,IND,MR|MCF,MCF+CB/LWAL/CDL+ERL/H:1/IND,TOTAL,182.0,16091875.0,5363957.0,0.0,40230.0,21455834.0,22485.0,0.0,221.0,400.0
GIN,Guinea,RES,MR|MCF,MCF+CB/LWAL/CDL+ERL/H:1/RES,URBAN,15149.0,372647144.0,65761260.0,93895.0,908895.0,438408404.0,357396.0,15149.0,60.0,410.0
GIN,Guinea,COM,MR|MCF,MCF+CB/LWAL/CDL+ERL/H:2/COM,TOTAL,386.0,51435691.0,12858919.0,0.0,100854.0,64294615.0,56223.0,0.0,261.0,510.0
GIN,Guinea,IND,MR|MCF,MCF+CB/LWAL/CDL+ERL/H:2/IND,TOTAL,56.0,11701230.0,3900411.0,0.0,29253.0,15601637.0,16365.0,0.0,522.0,400.0
GIN,Guinea,RES,MR|MCF,MCF+CB/LWAL/CDL+ERL/H:2/RES,URBAN,14771.0,610210151.0,107684144.0,93889.0,1488317.0,717894295.0,585641.0,15148.0,101.0,410.0
GIN,Guinea,COM,MR|MCF,MCF+CB/LWAL/CDL+ERL/H:3-6/COM,TOTAL,30.0,14304476.0,3576120.0,0.0,28048.0,17880595.0,15660.0,0.0,935.0,510.0
GIN,Guinea,RES,MR|MCF,MCF+CB/LWAL/CDL+ERL/H:3-6/RES,URBAN,420.0,117315376.0,20702713.0,20857.0,286135.0,138018091.0,112748.0,3365.0,681.0,410.0
GIN,Guinea,COM,MR|MCF,MCF+CL/LWAL/CDL+ERL/H:1/COM,TOTAL,547.0,36301166.0,9075293.0,0.0,71179.0,45376455.0,35264.0,0.0,130.0,510.0
GIN,Guinea,IND,MR|MCF,MCF+CL/LWAL/CDL+ERL/H:1/IND,TOTAL,152.0,13276491.0,4425499.0,0.0,33191.0,17701988.0,16342.0,0.0,218.0,400.0
GIN,Guinea,RES,MR|MCF,MCF+CL/LWAL/CDL+ERL/H:1/RES,URBAN,9461.0,232760987.0,41075469.0,58643.0,567710.0,273836455.0,194602.0,9461.0,60.0,410.0
GIN,Guinea,COM,MR|MCF,MCF+CL/LWAL/CDL+ERL/H:2/COM,TOTAL,276.0,36303038.0,9075759.0,0.0,71182.0,45378802.0,35293.0,0.0,258.0,510.0
GIN,Guinea,IND,MR|MCF,MCF+CL/LWAL/CDL+ERL/H:2/IND,TOTAL,50.0,9528452.0,3176151.0,0.0,23821.0,12704599.0,11739.0,0.0,476.0,400.0
GIN,Guinea,RES,MR|MCF,MCF+CL/LWAL/CDL+ERL/H:2/RES,URBAN,9223.0,381147713.0,67261359.0,58643.0,929629.0,448409077.0,318892.0,9461.0,101.0,410.0
GIN,Guinea,COM,MR|MCF,MCF+CL/LWAL/CDL+ERL/H:3-6/COM,TOTAL,17.0,9279571.0,2319892.0,0.0,18195.0,11599462.0,9036.0,0.0,1070.0,510.0
GIN,Guinea,RES,MR|MCF,MCF+CL/LWAL/CDL+ERL/H:3-6/RES,URBAN,260.0,73276949.0,12931228.0,13021.0,178724.0,86208174.0,61397.0,2101.0,687.0,410.0
GIN,Guinea,RES,OT,ME+MEO/LWAL/CDN+ERM/H:1/RES,RURAL,1360.0,8151639.0,1438525.0,8430.0,81516.0,9590163.0,3181.0,1360.0,60.0,100.0
GIN,Guinea,RES,OT,ME+MEO/LWAL/CDN+ERM/H:1/RES,URBAN,37617.0,406271463.0,71694965.0,233156.0,2257064.0,477966427.0,88069.0,37617.0,60.0,180.0
GIN,Guinea,COM,ADO|ST|E,MUR+ADO/LWAL/CDN+ERN/H:1/COM,TOTAL,32870.0,640987189.0,213662397.0,0.0,4273248.0,854649585.0,362631.0,0.0,130.0,150.0
GIN,Guinea,RES,ADO|ST|E,MUR+ADO/LWAL/CDN+ERN/H:1/RES,URBAN,101809.0,610858026.0,107798476.0,631035.0,6108580.0,718656502.0,375202.0,101809.0,60.0,100.0
GIN,Guinea,RES,ADO|ST|E,MUR+ADO/LWAL/CDN+ERN/H:1/RES,RURAL,206443.0,619327071.0,109293013.0,1279580.0,12386541.0,728620084.0,760808.0,206443.0,60.0,50.0
GIN,Guinea,COM,ADO|ST|E,MUR+ADO/LWAL/CDN+ERN/H:2/COM,TOTAL,16438.0,640987063.0,213662353.0,0.0,4273247.0,854649419.0,363683.0,0.0,260.0,150.0
GIN,Guinea,RES,ADO|ST|E,MUR+ADO/LWAL/CDN+ERN/H:2/RES,RURAL,201282.0,1014147953.0,178967285.0,1279580.0,20282959.0,1193115238.0,1249115.0,206443.0,101.0,50.0
GIN,Guinea,RES,ADO|ST|E,MUR+ADO/LWAL/CDN+ERN/H:2/RES,URBAN,99264.0,1000280209.0,176520037.0,631051.0,10002802.0,1176800248.0,616017.0,101812.0,101.0,100.0
GIN,Guinea,COM,ADO|ST|E,MUR+ADO/LWAL/CDN+ERN/H:3/COM,TOTAL,693.0,93383453.0,31127819.0,0.0,622556.0,124511271.0,53137.0,0.0,898.0,150.0
GIN,Guinea,RES,ADO|ST|E,MUR+ADO/LWAL/CDN+ERN/H:3/RES,RURAL,2718.0,92355799.0,16298082.0,134686.0,1847116.0,108653880.0,114053.0,21730.0,680.0,50.0
GIN,Guinea,RES,ADO|ST|E,MUR+ADO/LWAL/CDN+ERN/H:3/RES,URBAN,1337.0,91092667.0,16075177.0,66440.0,910927.0,107167842.0,56247.0,10719.0,681.0,100.0
GIN,Guinea,COM,MUR,MUR+CB/LWAL/CDN+ERN/H:1/COM,TOTAL,4167.0,211205873.0,52801469.0,0.0,541554.0,264007345.0,456481.0,0.0,130.0,390.0
GIN,Guinea,IND,MUR,MUR+CB/LWAL/CDN+ERN/H:1/IND,TOTAL,2039.0,134801000.0,44933663.0,0.0,449337.0,179734664.0,361446.0,0.0,220.0,300.0
GIN,Guinea,RES,MUR,MUR+CB/LWAL/CDN+ERN/H:1/RES,RURAL,15487.0,297369779.0,52477019.0,95989.0,929281.0,349846799.0,602742.0,15487.0,60.0,320.0
GIN,Guinea,RES,MUR,MUR+CB/LWAL/CDN+ERN/H:1/RES,URBAN,77082.0,1479953438.0,261168255.0,477767.0,4624854.0,1741121691.0,2999731.0,77082.0,60.0,320.0
GIN,Guinea,COM,MUR,MUR+CB/LWAL/CDN+ERN/H:2/COM,TOTAL,2084.0,211205836.0,52801461.0,0.0,541553.0,264007300.0,456725.0,0.0,260.0,390.0
GIN,Guinea,IND,MUR,MUR+CB/LWAL/CDN+ERN/H:2/IND,TOTAL,682.0,98037245.0,32679082.0,0.0,326791.0,130716328.0,263020.0,0.0,479.0,300.0
GIN,Guinea,RES,MUR,MUR+CB/LWAL/CDN+ERN/H:2/RES,RURAL,15098.0,486943338.0,85931176.0,95989.0,1521698.0,572874514.0,987475.0,15487.0,101.0,320.0
GIN,Guinea,RES,MUR,MUR+CB/LWAL/CDN+ERN/H:2/RES,URBAN,75151.0,2423422714.0,427662831.0,477766.0,7573196.0,2851085547.0,4914473.0,77082.0,101.0,320.0
GIN,Guinea,COM,MUR,MUR+CB/LWAL/CDN+ERN/H:3/COM,TOTAL,82.0,28594222.0,7148557.0,0.0,73319.0,35742779.0,61867.0,0.0,894.0,390.0
GIN,Guinea,RES,MUR,MUR+CB/LWAL/CDN+ERN/H:3/RES,RURAL,202.0,44344883.0,7825568.0,10115.0,138578.0,52170452.0,89971.0,1632.0,686.0,320.0
GIN,Guinea,RES,MUR,MUR+CB/LWAL/CDN+ERN/H:3/RES,URBAN,1015.0,220694899.0,38946161.0,50290.0,689672.0,259641056.0,447768.0,8114.0,679.0,320.0
GIN,Guinea,COM,MUR,MUR+CL/LWAL/CDN+ERN/H:1/COM,TOTAL,3705.0,188004657.0,47001161.0,0.0,482063.0,235005825.0,300116.0,0.0,130.0,390.0
GIN,Guinea,IND,MUR,MUR+CL/LWAL/CDN+ERN/H:1/IND,TOTAL,3009.0,199084619.0,66361537.0,0.0,663615.0,265446157.0,382383.0,0.0,221.0,300.0
GIN,Guinea,RES,MUR,MUR+CL/LWAL/CDN+ERN/H:1/RES,RURAL,29686.0,569959331.0,100581058.0,184001.0,1781123.0,670540389.0,818354.0,29686.0,60.0,320.0
GIN,Guinea,RES,MUR,MUR+CL/LWAL/CDN+ERN/H:1/RES,URBAN,51327.0,985468638.0,173906231.0,318136.0,3079589.0,1159374869.0,1414947.0,51327.0,60.0,320.0
GIN,Guinea,COM,MUR,MUR+CL/LWAL/CDN+ERN/H:2/COM,TOTAL,1853.0,188005606.0,47001406.0,0.0,482066.0,235007008.0,300288.0,0.0,260.0,390.0
GIN,Guinea,IND,MUR,MUR+CL/LWAL/CDN+ERN/H:2/IND,TOTAL,1000.0,144787542.0,48262513.0,0.0,482625.0,193050058.0,278263.0,0.0,483.0,300.0
GIN,Guinea,RES,MUR,MUR+CL/LWAL/CDN+ERN/H:2/RES,RURAL,28944.0,933307584.0,164701339.0,183995.0,2916586.0,1098008924.0,1340770.0,29685.0,101.0,320.0
GIN,Guinea,RES,MUR,MUR+CL/LWAL/CDN+ERN/H:2/RES,URBAN,50043.0,1613704746.0,284771425.0,318136.0,5042827.0,1898476170.0,2318214.0,51327.0,101.0,320.0
GIN,Guinea,COM,MUR,MUR+CL/LWAL/CDN+ERN/H:3/COM,TOTAL,69.0,24496980.0,6124247.0,0.0,62813.0,30621230.0,39149.0,0.0,910.0,390.0
GIN,Guinea,RES,MUR,MUR+CL/LWAL/CDN+ERN/H:3/RES,RURAL,386.0,84993878.0,14998919.0,19356.0,265606.0,99992799.0,122166.0,3123.0,688.0,320.0
GIN,Guinea,RES,MUR,MUR+CL/LWAL/CDN+ERN/H:3/RES,URBAN,671.0,146956816.0,25933555.0,33503.0,459240.0,172890368.0,211228.0,5405.0,684.0,320.0
GIN,Guinea,COM,ADO|ST|E,MUR+STDRE/LWAL/CDN+ERN/H:1/COM,TOTAL,31.0,2242952.0,747651.0,0.0,3935.0,2990601.0,1196.0,0.0,127.0,570.0
GIN,Guinea,IND,ADO|ST|E,MUR+STDRE/LWAL/CDN+ERN/H:1/IND,TOTAL,9.0,510839.0,275065.0,0.0,1310.0,785906.0,387.0,0.0,146.0,390.0
GIN,Guinea,RES,ADO|ST|E,MUR+STDRE/LWAL/CDN+ERN/H:1/RES,URBAN,762.0,17808167.0,3142618.0,4722.0,45662.0,20950784.0,10857.0,762.0,60.0,390.0
GIN,Guinea,COM,ADO|ST|E,MUR+STDRE/LWAL/CDN+ERN/H:2/COM,TOTAL,15.0,1821906.0,607301.0,0.0,3196.0,2429209.0,973.0,0.0,213.0,570.0
GIN,Guinea,RES,ADO|ST|E,MUR+STDRE/LWAL/CDN+ERN/H:2/RES,URBAN,742.0,29162055.0,5146243.0,4708.0,74775.0,34308301.0,17799.0,760.0,101.0,390.0
GIN,Guinea,RES,ADO|ST|E,MUR+STDRE/LWAL/CDN+ERN/H:3/RES,URBAN,7.0,1484034.0,261888.0,280.0,3805.0,1745923.0,907.0,45.0,544.0,390.0
GIN,Guinea,COM,ADO|ST|E,MUR+STRUB/LWAL/CDN+ERN/H:1/COM,TOTAL,28.0,1866699.0,622233.0,0.0,3275.0,2488929.0,996.0,0.0,117.0,570.0
GIN,Guinea,IND,ADO|ST|E,MUR+STRUB/LWAL/CDN+ERN/H:1/IND,TOTAL,43.0,4201997.0,2262616.0,0.0,10774.0,6464614.0,3184.0,0.0,251.0,390.0
GIN,Guinea,RES,ADO|ST|E,MUR+STRUB/LWAL/CDN+ERN/H:1/RES,URBAN,103.0,2400032.0,423535.0,636.0,6154.0,2823567.0,1463.0,103.0,60.0,390.0
GIN,Guinea,RES,ADO|ST|E,MUR+STRUB/LWAL/CDN+ERN/H:1/RES,RURAL,646.0,15488058.0,2733187.0,4005.0,38720.0,18221245.0,9206.0,646.0,60.0,400.0
GIN,Guinea,COM,ADO|ST|E,MUR+STRUB/LWAL/CDN+ERN/H:2/COM,TOTAL,9.0,1148691.0,382898.0,0.0,2015.0,1531589.0,614.0,0.0,224.0,570.0
GIN,Guinea,IND,ADO|ST|E,MUR+STRUB/LWAL/CDN+ERN/H:2/IND,TOTAL,12.0,2051957.0,1104900.0,0.0,5261.0,3156859.0,1557.0,0.0,438.0,390.0
GIN,Guinea,RES,ADO|ST|E,MUR+STRUB/LWAL/CDN+ERN/H:2/RES,URBAN,99.0,3930299.0,693582.0,636.0,10078.0,4623881.0,2399.0,103.0,102.0,390.0
GIN,Guinea,RES,ADO|ST|E,MUR+STRUB/LWAL/CDN+ERN/H:2/RES,RURAL,628.0,25361384.0,4475539.0,4019.0,63403.0,29836922.0,15092.0,648.0,101.0,400.0
GIN,Guinea,RES,ADO|ST|E,MUR+STRUB/LWAL/CDN+ERN/H:3/RES,URBAN,2.0,357924.0,63163.0,71.0,918.0,421087.0,219.0,11.0,459.0,390.0
GIN,Guinea,RES,ADO|ST|E,MUR+STRUB/LWAL/CDN+ERN/H:3/RES,RURAL,7.0,1393803.0,245966.0,244.0,3485.0,1639768.0,830.0,39.0,498.0,400.0
GIN,Guinea,IND,S,S+SL/LFM/CDL+ERL/H:1/IND,TOTAL,1170.0,102846816.0,34282273.0,0.0,257117.0,137129088.0,87750.0,0.0,220.0,400.0
GIN,Guinea,IND,S,S+SL/LFM/CDL+ERL/H:2/IND,TOTAL,386.0,74798152.0,24932714.0,0.0,186995.0,99730878.0,63861.0,0.0,484.0,400.0
GIN,Guinea,IND,S,S/LFM/CDL+ERL/H:1/IND,TOTAL,854.0,74904106.0,24968039.0,0.0,187260.0,99872141.0,63909.0,0.0,219.0,400.0
GIN,Guinea,IND,S,S/LFM/CDL+ERL/H:2/IND,TOTAL,279.0,54474800.0,18158266.0,0.0,136187.0,72633064.0,46509.0,0.0,488.0,400.0
GIN,Guinea,RES,W,W+WBB/LN/CDN+ERL/H:1/RES,RURAL,9511.0,34236587.0,8559148.0,58950.0,570610.0,42795735.0,14965.0,9511.0,60.0,60.0
GIN,Guinea,RES,W,W+WBB/LN/CDN+ERL/H:1/RES,URBAN,4835.0,63807919.0,15951980.0,29971.0,290036.0,79759899.0,7607.0,4835.0,60.0,220.0
GIN,Guinea,RES,W,W+WWD/LWAL/CDN+ERM/H:1/RES,RURAL,304230.0,1095231018.0,273807755.0,1885684.0,18253850.0,1369038773.0,243712.0,304230.0,60.0,60.0
GIN,Guinea,RES,W,W+WWD/LWAL/CDN+ERM/H:1/RES,URBAN,150035.0,1980465965.0,495116492.0,929949.0,9002118.0,2475582456.0,120190.0,150035.0,60.0,220.0
GIN,Guinea,RES,W,W+WWD/LWAL/CDN+ERM/H:2/RES,RURAL,127127.0,768617468.0,192154366.0,808147.0,12810291.0,960771835.0,171136.0,130384.0,101.0,60.0
GIN,Guinea,RES,W,W+WWD/LWAL/CDN+ERM/H:2/RES,URBAN,62693.0,1389862714.0,347465677.0,398539.0,6317558.0,1737328389.0,84398.0,64299.0,101.0,220.0
GNB,Guinea-Bissau,COM,CR-,CR/LFINF/CDL+ERL/H:1/COM,TOTAL,34.0,2099419.0,370487.0,0.0,4374.0,2469903.0,2167.0,0.0,129.0,480.0
GNB,Guinea-Bissau,IND,CR-,CR/LFINF/CDL+ERL/H:1/IND,TOTAL,52.0,4895166.0,1631720.0,0.0,11655.0,6526888.0,5738.0,0.0,224.0,420.0
GNB,Guinea-Bissau,RES,CR-,CR/LFINF/CDL+ERL/H:1/RES,URBAN,560.0,13052705.0,2303419.0,4601.0,33468.0,15356126.0,11473.0,560.0,60.0,390.0
GNB,Guinea-Bissau,COM,CR-,CR/LFINF/CDL+ERL/H:2/COM,TOTAL,65.0,7871217.0,1389040.0,0.0,16398.0,9260255.0,8131.0,0.0,252.0,480.0
GNB,Guinea-Bissau,IND,CR-,CR/LFINF/CDL+ERL/H:2/IND,TOTAL,19.0,2920442.0,973482.0,0.0,6953.0,3893921.0,3427.0,0.0,366.0,420.0
GNB,Guinea-Bissau,RES,CR-,CR/LFINF/CDL+ERL/H:2/RES,URBAN,1905.0,74804708.0,13200832.0,16059.0,191807.0,88005539.0,65796.0,1953.0,101.0,390.0
GNB,Guinea-Bissau,COM,CR-,CR/LFINF/CDL+ERL/H:3/COM,TOTAL,41.0,8532871.0,1505805.0,0.0,17777.0,10038670.0,8821.0,0.0,434.0,480.0
GNB,Guinea-Bissau,RES,CR-,CR/LFINF/CDL+ERL/H:3/RES,URBAN,1517.0,87217898.0,15391392.0,15976.0,223636.0,102609290.0,76770.0,1943.0,147.0,390.0
GNB,Guinea-Bissau,COM,CR-,CR/LFINF/CDL+ERL/H:4-7/COM,TOTAL,8.0,5122040.0,903889.0,0.0,10671.0,6025929.0,5307.0,0.0,1334.0,480.0
GNB,Guinea-Bissau,RES,CR-,CR/LFINF/CDL+ERL/H:4-7/RES,URBAN,69.0,26104415.0,4606662.0,6867.0,66934.0,30711078.0,23027.0,835.0,970.0,390.0
GNB,Guinea-Bissau,RES,CR-,CR/LFINF/CDL+ERL/H:>7/RES,URBAN,17.0,7959311.0,1404583.0,2229.0,20408.0,9363896.0,7031.0,271.0,1200.0,390.0
GNB,Guinea-Bissau,RES,OT,INF/LN/CDN+ERN/H:1/EWV/RES,URBAN,2537.0,24339489.0,4295204.0,20856.0,152122.0,28634692.0,2031.0,2537.0,60.0,160.0
GNB,Guinea-Bissau,RES,OT,INF/LN/CDN+ERN/H:1/EWV/RES,RURAL,7348.0,44087020.0,7780063.0,60413.0,440870.0,51867083.0,5886.0,7348.0,60.0,100.0
GNB,Guinea-Bissau,RES,OT,MATO/LN/CDN+ERN/H:1/RES,RURAL,1472.0,8817409.0,1556013.0,12098.0,88174.0,10373424.0,40512.0,1472.0,60.0,100.0
GNB,Guinea-Bissau,RES,OT,MATO/LN/CDN+ERN/H:1/RES,URBAN,1268.0,12169754.0,2147604.0,10422.0,76061.0,14317355.0,34947.0,1268.0,60.0,160.0
GNB,Guinea-Bissau,COM,MR|MCF,MCF+CB/LWAL/CDL+ERL/H:1/COM,TOTAL,114.0,6988001.0,1747001.0,0.0,14558.0,8734999.0,8110.0,0.0,128.0,480.0
GNB,Guinea-Bissau,IND,MR|MCF,MCF+CB/LWAL/CDL+ERL/H:1/IND,TOTAL,39.0,3213236.0,1071078.0,0.0,7651.0,4284312.0,4276.0,0.0,196.0,420.0
GNB,Guinea-Bissau,RES,MR|MCF,MCF+CB/LWAL/CDL+ERL/H:1/RES,URBAN,1711.0,40046484.0,7067027.0,14063.0,102683.0,47113509.0,40377.0,1711.0,60.0,390.0
GNB,Guinea-Bissau,COM,MR|MCF,MCF+CB/LWAL/CDL+ERL/H:2/COM,TOTAL,55.0,6902470.0,1725620.0,0.0,14380.0,8628089.0,8016.0,0.0,261.0,480.0
GNB,Guinea-Bissau,IND,MR|MCF,MCF+CB/LWAL/CDL+ERL/H:2/IND,TOTAL,13.0,1714102.0,571366.0,0.0,4081.0,2285468.0,2283.0,0.0,314.0,420.0
GNB,Guinea-Bissau,RES,MR|MCF,MCF+CB/LWAL/CDL+ERL/H:2/RES,URBAN,1667.0,65577045.0,11572419.0,14076.0,168146.0,77149464.0,66164.0,1712.0,101.0,390.0
GNB,Guinea-Bissau,COM,MR|MCF,MCF+CB/LWAL/CDL+ERL/H:3-6/COM,TOTAL,3.0,1052284.0,263070.0,0.0,2192.0,1315354.0,1224.0,0.0,731.0,480.0
GNB,Guinea-Bissau,RES,MR|MCF,MCF+CB/LWAL/CDL+ERL/H:3-6/RES,URBAN,46.0,12300891.0,2170745.0,3035.0,31541.0,14471634.0,12428.0,369.0,686.0,390.0
GNB,Guinea-Bissau,COM,MR|MCF,MCF+CL/LWAL/CDL+ERL/H:1/COM,TOTAL,53.0,3150815.0,787704.0,0.0,6564.0,3938522.0,3252.0,0.0,124.0,480.0
GNB,Guinea-Bissau,IND,MR|MCF,MCF+CL/LWAL/CDL+ERL/H:1/IND,TOTAL,17.0,1277962.0,425988.0,0.0,3043.0,1703951.0,1498.0,0.0,179.0,420.0
GNB,Guinea-Bissau,RES,MR|MCF,MCF+CL/LWAL/CDL+ERL/H:1/RES,URBAN,799.0,18687581.0,3297808.0,6566.0,47917.0,21985391.0,16425.0,799.0,60.0,390.0
GNB,Guinea-Bissau,COM,MR|MCF,MCF+CL/LWAL/CDL+ERL/H:2/COM,TOTAL,27.0,3026572.0,756643.0,0.0,6305.0,3783215.0,3126.0,0.0,234.0,480.0
GNB,Guinea-Bissau,IND,MR|MCF,MCF+CL/LWAL/CDL+ERL/H:2/IND,TOTAL,1.0,115960.0,38653.0,0.0,276.0,154613.0,136.0,0.0,276.0,420.0
GNB,Guinea-Bissau,RES,MR|MCF,MCF+CL/LWAL/CDL+ERL/H:2/RES,URBAN,777.0,30577633.0,5396053.0,6556.0,78404.0,35973687.0,26895.0,797.0,101.0,390.0
GNB,Guinea-Bissau,RES,MR|MCF,MCF+CL/LWAL/CDL+ERL/H:3-6/RES,URBAN,20.0,5512192.0,972741.0,1365.0,14134.0,6484933.0,4855.0,166.0,707.0,390.0
GNB,Guinea-Bissau,RES,OT,ME+MEO/LWAL/CDN+ERM/H:1/RES,RURAL,735.0,4408699.0,778006.0,6039.0,44087.0,5186705.0,1720.0,735.0,60.0,100.0
GNB,Guinea-Bissau,RES,OT,ME+MEO/LWAL/CDN+ERM/H:1/RES,URBAN,6337.0,60848943.0,10738048.0,52096.0,380306.0,71586993.0,14839.0,6337.0,60.0,160.0
GNB,Guinea-Bissau,COM,ADO|ST|E,MUR+ADO/LWAL/CDN+ERN/H:1/COM,TOTAL,3210.0,66824583.0,22274864.0,0.0,417654.0,89099440.0,35443.0,0.0,130.0,160.0
GNB,Guinea-Bissau,RES,ADO|ST|E,MUR+ADO/LWAL/CDN+ERN/H:1/RES,URBAN,15656.0,131510006.0,23207648.0,128707.0,939357.0,154717653.0,57697.0,15656.0,60.0,140.0
GNB,Guinea-Bissau,RES,ADO|ST|E,MUR+ADO/LWAL/CDN+ERN/H:1/RES,RURAL,26524.0,127323331.0,22468822.0,218055.0,1591542.0,149792153.0,97756.0,26524.0,60.0,80.0
GNB,Guinea-Bissau,COM,ADO|ST|E,MUR+ADO/LWAL/CDN+ERN/H:2/COM,TOTAL,1607.0,66826382.0,22275462.0,0.0,417665.0,89101838.0,35546.0,0.0,260.0,160.0
GNB,Guinea-Bissau,RES,ADO|ST|E,MUR+ADO/LWAL/CDN+ERN/H:2/RES,RURAL,25864.0,208492065.0,36792717.0,218084.0,2606151.0,245284781.0,160498.0,26527.0,101.0,80.0
GNB,Guinea-Bissau,RES,ADO|ST|E,MUR+ADO/LWAL/CDN+ERN/H:2/RES,URBAN,15264.0,215347500.0,38002499.0,128717.0,1538196.0,253350002.0,94729.0,15657.0,101.0,140.0
GNB,Guinea-Bissau,COM,ADO|ST|E,MUR+ADO/LWAL/CDN+ERN/H:3/COM,TOTAL,64.0,8978507.0,2992835.0,0.0,56116.0,11971340.0,4790.0,0.0,877.0,160.0
GNB,Guinea-Bissau,RES,ADO|ST|E,MUR+ADO/LWAL/CDN+ERN/H:3/RES,RURAL,350.0,18986670.0,3350591.0,22962.0,237333.0,22337258.0,14655.0,2793.0,678.0,80.0
GNB,Guinea-Bissau,RES,ADO|ST|E,MUR+ADO/LWAL/CDN+ERN/H:3/RES,URBAN,204.0,19610825.0,3460733.0,13554.0,140077.0,23071556.0,8649.0,1649.0,687.0,140.0
GNB,Guinea-Bissau,COM,MUR,MUR+CB/LWAL/CDN+ERN/H:1/COM,TOTAL,1606.0,85486964.0,21371744.0,0.0,208505.0,106858709.0,175751.0,0.0,130.0,410.0
GNB,Guinea-Bissau,IND,MUR,MUR+CB/LWAL/CDN+ERN/H:1/IND,TOTAL,816.0,43060130.0,14353375.0,0.0,179417.0,57413501.0,144323.0,0.0,220.0,240.0
GNB,Guinea-Bissau,RES,MUR,MUR+CB/LWAL/CDN+ERN/H:1/RES,URBAN,14452.0,242787269.0,42844810.0,118811.0,867097.0,285632082.0,562409.0,14452.0,60.0,280.0
GNB,Guinea-Bissau,RES,MUR,MUR+CB/LWAL/CDN+ERN/H:1/RES,RURAL,7680.0,73713502.0,13008266.0,63141.0,460709.0,86721767.0,298821.0,7680.0,60.0,160.0
GNB,Guinea-Bissau,COM,MUR,MUR+CB/LWAL/CDN+ERN/H:2/COM,TOTAL,803.0,85487281.0,21371823.0,0.0,208506.0,106859109.0,175846.0,0.0,260.0,410.0
GNB,Guinea-Bissau,IND,MUR,MUR+CB/LWAL/CDN+ERN/H:2/IND,TOTAL,270.0,31315680.0,10438559.0,0.0,130482.0,41754236.0,105019.0,0.0,483.0,240.0
GNB,Guinea-Bissau,RES,MUR,MUR+CB/LWAL/CDN+ERN/H:2/RES,URBAN,14091.0,397564571.0,70158454.0,118812.0,1419873.0,467723023.0,921398.0,14452.0,101.0,280.0
GNB,Guinea-Bissau,RES,MUR,MUR+CB/LWAL/CDN+ERN/H:2/RES,RURAL,7487.0,120705785.0,21301021.0,63141.0,754411.0,142006805.0,489560.0,7680.0,101.0,160.0
GNB,Guinea-Bissau,COM,MUR,MUR+CB/LWAL/CDN+ERN/H:3/COM,TOTAL,29.0,10203265.0,2550817.0,0.0,24886.0,12754083.0,20999.0,0.0,858.0,410.0
GNB,Guinea-Bissau,RES,MUR,MUR+CB/LWAL/CDN+ERN/H:3/RES,URBAN,190.0,36204835.0,6389090.0,12540.0,129303.0,42593923.0,83950.0,1525.0,681.0,280.0
GNB,Guinea-Bissau,RES,MUR,MUR+CB/LWAL/CDN+ERN/H:3/RES,RURAL,101.0,10992769.0,1939900.0,6670.0,68705.0,12932668.0,44607.0,811.0,680.0,160.0
GNB,Guinea-Bissau,COM,MUR,MUR+CL/LWAL/CDN+ERN/H:1/COM,TOTAL,673.0,35908935.0,8977230.0,0.0,87583.0,44886173.0,54526.0,0.0,130.0,410.0
GNB,Guinea-Bissau,IND,MUR,MUR+CL/LWAL/CDN+ERN/H:1/IND,TOTAL,324.0,17207027.0,5735677.0,0.0,71696.0,22942707.0,41312.0,0.0,221.0,240.0
GNB,Guinea-Bissau,RES,MUR,MUR+CL/LWAL/CDN+ERN/H:1/RES,URBAN,6744.0,113301016.0,19994297.0,55445.0,404646.0,133295312.0,185919.0,6744.0,60.0,280.0
GNB,Guinea-Bissau,RES,MUR,MUR+CL/LWAL/CDN+ERN/H:1/RES,RURAL,2791.0,26804665.0,4730235.0,22943.0,167529.0,31534900.0,76973.0,2791.0,60.0,160.0
GNB,Guinea-Bissau,COM,MUR,MUR+CL/LWAL/CDN+ERN/H:2/COM,TOTAL,335.0,35916368.0,8979093.0,0.0,87601.0,44895463.0,54568.0,0.0,261.0,410.0
GNB,Guinea-Bissau,IND,MUR,MUR+CL/LWAL/CDN+ERN/H:2/IND,TOTAL,110.0,12259425.0,4086476.0,0.0,51081.0,16345897.0,29451.0,0.0,464.0,240.0
GNB,Guinea-Bissau,RES,MUR,MUR+CL/LWAL/CDN+ERN/H:2/RES,URBAN,6577.0,185530072.0,32740601.0,55446.0,662607.0,218270673.0,304604.0,6744.0,101.0,280.0
GNB,Guinea-Bissau,RES,MUR,MUR+CL/LWAL/CDN+ERN/H:2/RES,RURAL,2722.0,43892912.0,7745807.0,22953.0,274331.0,51638720.0,126111.0,2792.0,101.0,160.0
GNB,Guinea-Bissau,COM,MUR,MUR+CL/LWAL/CDN+ERN/H:3/COM,TOTAL,11.0,3385328.0,846332.0,0.0,8257.0,4231661.0,5146.0,0.0,751.0,410.0
GNB,Guinea-Bissau,RES,MUR,MUR+CL/LWAL/CDN+ERN/H:3/RES,URBAN,87.0,16896229.0,2981688.0,5842.0,60344.0,19877913.0,27755.0,711.0,694.0,280.0
GNB,Guinea-Bissau,RES,MUR,MUR+CL/LWAL/CDN+ERN/H:3/RES,RURAL,36.0,3899766.0,688196.0,2361.0,24374.0,4587960.0,11211.0,287.0,677.0,160.0
GNB,Guinea-Bissau,COM,ADO|ST|E,MUR+STDRE/LWAL/CDN+ERN/H:1/COM,TOTAL,206.0,11878677.0,3959558.0,0.0,26997.0,15838241.0,8208.0,0.0,131.0,440.0
GNB,Guinea-Bissau,IND,ADO|ST|E,MUR+STDRE/LWAL/CDN+ERN/H:1/IND,TOTAL,68.0,6399502.0,3445886.0,0.0,14883.0,9845383.0,4397.0,0.0,219.0,430.0
GNB,Guinea-Bissau,RES,ADO|ST|E,MUR+STDRE/LWAL/CDN+ERN/H:1/RES,URBAN,3611.0,78038861.0,13771564.0,29689.0,216775.0,91810424.0,51541.0,3611.0,60.0,360.0
GNB,Guinea-Bissau,COM,ADO|ST|E,MUR+STDRE/LWAL/CDN+ERN/H:2/COM,TOTAL,106.0,11865492.0,3955166.0,0.0,26967.0,15820657.0,8210.0,0.0,254.0,440.0
GNB,Guinea-Bissau,IND,ADO|ST|E,MUR+STDRE/LWAL/CDN+ERN/H:2/IND,TOTAL,21.0,4204982.0,2264220.0,0.0,9779.0,6469202.0,2893.0,0.0,466.0,430.0
GNB,Guinea-Bissau,RES,ADO|ST|E,MUR+STDRE/LWAL/CDN+ERN/H:2/RES,URBAN,3522.0,127788787.0,22550962.0,29697.0,354969.0,150339750.0,84495.0,3612.0,101.0,360.0
GNB,Guinea-Bissau,COM,ADO|ST|E,MUR+STDRE/LWAL/CDN+ERN/H:3/COM,TOTAL,3.0,836188.0,278729.0,0.0,1900.0,1114917.0,579.0,0.0,633.0,440.0
GNB,Guinea-Bissau,RES,ADO|ST|E,MUR+STDRE/LWAL/CDN+ERN/H:3/RES,URBAN,46.0,11354669.0,2003767.0,3035.0,31541.0,13358431.0,7517.0,369.0,686.0,360.0
GNB,Guinea-Bissau,COM,ADO|ST|E,MUR+STRUB/LWAL/CDN+ERN/H:1/COM,TOTAL,27.0,1577029.0,525675.0,0.0,3584.0,2102707.0,1090.0,0.0,133.0,440.0
GNB,Guinea-Bissau,IND,ADO|ST|E,MUR+STRUB/LWAL/CDN+ERN/H:1/IND,TOTAL,21.0,1963156.0,1057085.0,0.0,4565.0,3020236.0,1349.0,0.0,217.0,430.0
GNB,Guinea-Bissau,RES,ADO|ST|E,MUR+STRUB/LWAL/CDN+ERN/H:1/RES,RURAL,350.0,3350767.0,591313.0,2878.0,20942.0,3942079.0,4979.0,350.0,60.0,160.0
GNB,Guinea-Bissau,COM,ADO|ST|E,MUR+STRUB/LWAL/CDN+ERN/H:2/COM,TOTAL,13.0,1227197.0,409066.0,0.0,2789.0,1636265.0,849.0,0.0,215.0,440.0
GNB,Guinea-Bissau,IND,ADO|ST|E,MUR+STRUB/LWAL/CDN+ERN/H:2/IND,TOTAL,3.0,457458.0,246324.0,0.0,1064.0,703782.0,315.0,0.0,355.0,430.0
GNB,Guinea-Bissau,RES,ADO|ST|E,MUR+STRUB/LWAL/CDN+ERN/H:2/RES,RURAL,340.0,5463978.0,964231.0,2849.0,34150.0,6428210.0,8129.0,347.0,100.0,160.0
GNB,Guinea-Bissau,RES,ADO|ST|E,MUR+STRUB/LWAL/CDN+ERN/H:3/RES,RURAL,2.0,124899.0,22041.0,75.0,781.0,146939.0,186.0,9.0,390.0,160.0
GNB,Guinea-Bissau,IND,S,S+SL/LFM/CDL+ERL/H:1/IND,TOTAL,247.0,22684260.0,7561415.0,0.0,54010.0,30245686.0,18433.0,0.0,219.0,420.0
GNB,Guinea-Bissau,IND,S,S+SL/LFM/CDL+ERL/H:2/IND,TOTAL,81.0,15524208.0,5174737.0,0.0,36962.0,20698945.0,12623.0,0.0,456.0,420.0
GNB,Guinea-Bissau,IND,S,S/LFM/CDL+ERL/H:1/IND,TOTAL,215.0,19823335.0,6607779.0,0.0,47198.0,26431119.0,16108.0,0.0,220.0,420.0
GNB,Guinea-Bissau,IND,S,S/LFM/CDL+ERL/H:2/IND,TOTAL,69.0,13581370.0,4527124.0,0.0,32337.0,18108501.0,11043.0,0.0,469.0,420.0
GNB,Guinea-Bissau,RES,W,W+WWD/LWAL/CDN+ERM/H:1/RES,URBAN,13311.0,231606533.0,57901634.0,109433.0,798643.0,289508168.0,10663.0,13311.0,60.0,290.0
GNB,Guinea-Bissau,RES,W,W+WWD/LWAL/CDN+ERM/H:1/RES,RURAL,39091.0,375268421.0,93817105.0,321373.0,2345428.0,469085526.0,31314.0,39091.0,60.0,160.0
GNB,Guinea-Bissau,RES,W,W+WWD/LWAL/CDN+ERM/H:2/RES,RURAL,16333.0,263358206.0,65839551.0,137740.0,1645989.0,329197757.0,21989.0,16754.0,101.0,160.0
GNB,Guinea-Bissau,RES,W,W+WWD/LWAL/CDN+ERM/H:2/RES,URBAN,5565.0,162538643.0,40634661.0,46895.0,560478.0,203173303.0,7488.0,5704.0,101.0,290.0
GNB,Guinea-Bissau,COM,W,W/LWAL/CDL+ERM/H:1/COM,TOTAL,130.0,4658458.0,1552820.0,0.0,16637.0,6211272.0,3176.0,0.0,128.0,280.0
GNB,Guinea-Bissau,RES,W,W/LWAL/CDL+ERM/H:1/RES,RURAL,1175.0,11286382.0,2821596.0,9661.0,70540.0,14107980.0,7461.0,1175.0,60.0,160.0
GNB,Guinea-Bissau,RES,W,W/LWAL/CDL+ERM/H:1/RES,URBAN,508.0,8822801.0,2205701.0,4177.0,30423.0,11028504.0,3218.0,508.0,60.0,290.0
GNB,Guinea-Bissau,COM,W,W/LWAL/CDL+ERM/H:2/COM,TOTAL,63.0,4376040.0,1458682.0,0.0,15629.0,5834720.0,2985.0,0.0,248.0,280.0
GNB,Guinea-Bissau,RES,W,W/LWAL/CDL+ERM/H:2/RES,RURAL,1148.0,18481063.0,4620264.0,9678.0,115507.0,23101327.0,12224.0,1177.0,101.0,160.0
GNB,Guinea-Bissau,RES,W,W/LWAL/CDL+ERM/H:2/RES,URBAN,494.0,14417938.0,3604487.0,4158.0,49717.0,18022425.0,5262.0,506.0,101.0,290.0
GNB,Guinea-Bissau,COM,W,W/LWAL/CDL+ERM/H:3/COM,TOTAL,19.0,2028233.0,676078.0,0.0,7244.0,2704311.0,1384.0,0.0,381.0,280.0
GNB,Guinea-Bissau,RES,W,W/LWAL/CDL+ERM/H:3/RES,RURAL,459.0,10672744.0,2668185.0,4746.0,66705.0,13340926.0,7064.0,577.0,145.0,160.0
GNB,Guinea-Bissau,RES,W,W/LWAL/CDL+ERM/H:3/RES,URBAN,197.0,8051355.0,2012838.0,1930.0,27763.0,10064195.0,2940.0,235.0,141.0,290.0
CIV,Côte d'Ivoire,COM,CR-,CR/LFINF/CDL+ERL/H:1/COM,TOTAL,825.0,32124264.0,5668988.0,0.0,107081.0,37793251.0,53050.0,0.0,130.0,300.0
CIV,Côte d'Ivoire,IND,CR-,CR/LFINF/CDL+ERL/H:1/IND,TOTAL,1138.0,90103475.0,30034486.0,0.0,250287.0,120137967.0,123228.0,0.0,220.0,360.0
CIV,Côte d'Ivoire,RES,CR-,CR/LFINF/CDL+ERL/H:1/RES,URBAN,15056.0,271037871.0,47830213.0,76516.0,903460.0,318868083.0,309692.0,15056.0,60.0,300.0
CIV,Côte d'Ivoire,COM,CR-,CR/LFINF/CDL+ERL/H:2/COM,TOTAL,1442.0,112566235.0,19864630.0,0.0,375221.0,132430865.0,186038.0,0.0,260.0,300.0
CIV,Côte d'Ivoire,IND,CR-,CR/LFINF/CDL+ERL/H:2/IND,TOTAL,383.0,65529330.0,21843116.0,0.0,182026.0,87372436.0,89701.0,0.0,475.0,360.0
CIV,Côte d'Ivoire,RES,CR-,CR/LFINF/CDL+ERL/H:2/RES,URBAN,51386.0,1553387821.0,274127263.0,267839.0,5177959.0,1827515082.0,1776206.0,52703.0,101.0,300.0
CIV,Côte d'Ivoire,COM,CR-,CR/LFINF/CDL+ERL/H:3/COM,TOTAL,964.0,129885415.0,22920957.0,0.0,432951.0,152806373.0,214830.0,0.0,449.0,300.0
CIV,Côte d'Ivoire,RES,CR-,CR/LFINF/CDL+ERL/H:3/RES,URBAN,41062.0,1813603788.0,320047726.0,267840.0,6045346.0,2133651518.0,2075241.0,52704.0,147.0,300.0
CIV,Côte d'Ivoire,COM,CR-,CR/LFINF/CDL+ERL/H:4-7/COM,TOTAL,250.0,88858126.0,15680843.0,0.0,296194.0,104538974.0,147315.0,0.0,1185.0,300.0
CIV,Côte d'Ivoire,RES,CR-,CR/LFINF/CDL+ERL/H:4-7/RES,URBAN,1882.0,542077274.0,95660695.0,114780.0,1806924.0,637737970.0,621619.0,22586.0,960.0,300.0
CIV,Côte d'Ivoire,COM,CR-,CR/LFINF/CDL+ERL/H:>7/COM,TOTAL,39.0,35460031.0,6257653.0,0.0,118200.0,41717684.0,58880.0,0.0,3031.0,300.0
CIV,Côte d'Ivoire,RES,CR-,CR/LFINF/CDL+ERL/H:>7/RES,URBAN,471.0,169398922.0,29893927.0,38251.0,564663.0,199292851.0,194535.0,7527.0,1199.0,300.0
CIV,Côte d'Ivoire,RES,OT,INF/LN/CDN+ERN/H:1/EWV/RES,RURAL,150727.0,904369397.0,159594600.0,765996.0,9043694.0,1063963997.0,120745.0,150727.0,60.0,100.0
CIV,Côte d'Ivoire,RES,OT,INF/LN/CDN+ERN/H:1/EWV/RES,URBAN,68444.0,657062629.0,115952230.0,347831.0,4106641.0,773014858.0,54829.0,68444.0,60.0,160.0
CIV,Côte d'Ivoire,RES,OT,MATO/LN/CDN+ERN/H:1/RES,RURAL,30146.0,180873668.0,31918883.0,153203.0,1808737.0,212792552.0,831042.0,30146.0,60.0,100.0
CIV,Côte d'Ivoire,RES,OT,MATO/LN/CDN+ERN/H:1/RES,URBAN,34221.0,328531288.0,57976110.0,173909.0,2053321.0,386507398.0,943418.0,34221.0,60.0,160.0
CIV,Côte d'Ivoire,COM,MR|MCF,MCF+CB/LWAL/CDL+ERL/H:1/COM,TOTAL,2535.0,98679009.0,24669753.0,0.0,328930.0,123348754.0,183226.0,0.0,130.0,300.0
CIV,Côte d'Ivoire,IND,MR|MCF,MCF+CB/LWAL/CDL+ERL/H:1/IND,TOTAL,775.0,61431945.0,20477314.0,0.0,170644.0,81909261.0,95377.0,0.0,220.0,360.0
CIV,Côte d'Ivoire,RES,MR|MCF,MCF+CB/LWAL/CDL+ERL/H:1/RES,URBAN,46201.0,831594393.0,146751950.0,234792.0,2771981.0,978346342.0,1089999.0,46201.0,60.0,300.0
CIV,Côte d'Ivoire,COM,MR|MCF,MCF+CB/LWAL/CDL+ERL/H:2/COM,TOTAL,1265.0,98679029.0,24669759.0,0.0,328930.0,123348792.0,183367.0,0.0,260.0,300.0
CIV,Côte d'Ivoire,IND,MR|MCF,MCF+CB/LWAL/CDL+ERL/H:2/IND,TOTAL,257.0,44678688.0,14892897.0,0.0,124107.0,59571582.0,69427.0,0.0,483.0,360.0
CIV,Côte d'Ivoire,RES,MR|MCF,MCF+CB/LWAL/CDL+ERL/H:2/RES,URBAN,45048.0,1361736139.0,240306378.0,234811.0,4539120.0,1602042519.0,1786109.0,46205.0,101.0,300.0
CIV,Côte d'Ivoire,COM,MR|MCF,MCF+CB/LWAL/CDL+ERL/H:3-6/COM,TOTAL,107.0,28034288.0,7008573.0,0.0,93448.0,35042858.0,52174.0,0.0,873.0,300.0
CIV,Côte d'Ivoire,RES,MR|MCF,MCF+CB/LWAL/CDL+ERL/H:3-6/RES,URBAN,1284.0,261799236.0,46199867.0,52177.0,872664.0,307999104.0,343862.0,10267.0,680.0,300.0
CIV,Côte d'Ivoire,COM,MR|MCF,MCF+CL/LWAL/CDL+ERL/H:1/COM,TOTAL,1182.0,46050528.0,11512633.0,0.0,153502.0,57563161.0,76048.0,0.0,130.0,300.0
CIV,Côte d'Ivoire,IND,MR|MCF,MCF+CL/LWAL/CDL+ERL/H:1/IND,TOTAL,360.0,28670545.0,9556849.0,0.0,79640.0,38227396.0,39211.0,0.0,221.0,360.0
CIV,Côte d'Ivoire,RES,MR|MCF,MCF+CL/LWAL/CDL+ERL/H:1/RES,URBAN,21560.0,388077448.0,68484256.0,109570.0,1293591.0,456561705.0,443424.0,21560.0,60.0,300.0
CIV,Côte d'Ivoire,COM,MR|MCF,MCF+CL/LWAL/CDL+ERL/H:2/COM,TOTAL,587.0,46050846.0,11512708.0,0.0,153503.0,57563551.0,76108.0,0.0,262.0,300.0
CIV,Côte d'Ivoire,IND,MR|MCF,MCF+CL/LWAL/CDL+ERL/H:2/IND,TOTAL,117.0,20621140.0,6873715.0,0.0,57281.0,27494854.0,28228.0,0.0,490.0,360.0
CIV,Côte d'Ivoire,RES,MR|MCF,MCF+CL/LWAL/CDL+ERL/H:2/RES,URBAN,21023.0,635476033.0,112142831.0,109576.0,2118253.0,747618860.0,726629.0,21562.0,101.0,300.0
CIV,Côte d'Ivoire,COM,MR|MCF,MCF+CL/LWAL/CDL+ERL/H:3-6/COM,TOTAL,43.0,12000465.0,3000115.0,0.0,40002.0,15000578.0,19864.0,0.0,930.0,300.0
CIV,Côte d'Ivoire,RES,MR|MCF,MCF+CL/LWAL/CDL+ERL/H:3-6/RES,URBAN,599.0,122173293.0,21559992.0,24332.0,407244.0,143733287.0,139899.0,4788.0,680.0,300.0
CIV,Côte d'Ivoire,RES,OT,ME+MEO/LWAL/CDN+ERM/H:1/RES,RURAL,15073.0,90436964.0,15959465.0,76599.0,904370.0,106396425.0,35288.0,15073.0,60.0,100.0
CIV,Côte d'Ivoire,RES,OT,ME+MEO/LWAL/CDN+ERM/H:1/RES,URBAN,171110.0,1642655962.0,289880465.0,869579.0,10266600.0,1932536427.0,400595.0,171110.0,60.0,160.0
CIV,Côte d'Ivoire,COM,ADO|ST|E,MUR+ADO/LWAL/CDN+ERN/H:1/COM,TOTAL,48977.0,1082523398.0,360841131.0,0.0,6367785.0,1443364531.0,540376.0,0.0,130.0,170.0
CIV,Côte d'Ivoire,RES,ADO|ST|E,MUR+ADO/LWAL/CDN+ERN/H:1/RES,RURAL,544131.0,2611818976.0,460909232.0,2765270.0,32647737.0,3072728205.0,2005295.0,544131.0,60.0,80.0
CIV,Côte d'Ivoire,RES,ADO|ST|E,MUR+ADO/LWAL/CDN+ERN/H:1/RES,URBAN,422642.0,4057360177.0,716004737.0,2147865.0,25358501.0,4773364916.0,1557575.0,422642.0,60.0,160.0
CIV,Côte d'Ivoire,COM,ADO|ST|E,MUR+ADO/LWAL/CDN+ERN/H:2/COM,TOTAL,24496.0,1082523209.0,360841069.0,0.0,6367784.0,1443364272.0,541943.0,0.0,260.0,170.0
CIV,Côte d'Ivoire,RES,ADO|ST|E,MUR+ADO/LWAL/CDN+ERN/H:2/RES,URBAN,412073.0,6643928175.0,1172457913.0,2147846.0,41524551.0,7816386085.0,2557267.0,422638.0,101.0,160.0
CIV,Côte d'Ivoire,RES,ADO|ST|E,MUR+ADO/LWAL/CDN+ERN/H:2/RES,RURAL,530523.0,4276853365.0,754738829.0,2765238.0,53460667.0,5031592197.0,3292346.0,544124.0,101.0,80.0
CIV,Côte d'Ivoire,COM,ADO|ST|E,MUR+ADO/LWAL/CDN+ERN/H:3/COM,TOTAL,1030.0,157491535.0,52497176.0,0.0,926421.0,209988710.0,79073.0,0.0,899.0,170.0
CIV,Côte d'Ivoire,RES,ADO|ST|E,MUR+ADO/LWAL/CDN+ERN/H:3/RES,URBAN,5559.0,605045504.0,106772736.0,226077.0,3781534.0,711818240.0,233497.0,44486.0,680.0,160.0
CIV,Côte d'Ivoire,RES,ADO|ST|E,MUR+ADO/LWAL/CDN+ERN/H:3/RES,RURAL,7158.0,389481948.0,68732106.0,291114.0,4868524.0,458214055.0,300616.0,57283.0,680.0,80.0
CIV,Côte d'Ivoire,COM,MUR,MUR+CB/LWAL/CDN+ERN/H:1/COM,TOTAL,28976.0,1129906957.0,282476740.0,0.0,3766357.0,1412383704.0,3174697.0,0.0,130.0,300.0
CIV,Côte d'Ivoire,IND,MUR,MUR+CB/LWAL/CDN+ERN/H:1/IND,TOTAL,13568.0,895730319.0,298576769.0,0.0,2985768.0,1194307096.0,2401749.0,0.0,220.0,300.0
CIV,Côte d'Ivoire,RES,MUR,MUR+CB/LWAL/CDN+ERN/H:1/RES,URBAN,390128.0,7022355008.0,1239239120.0,1982631.0,23407850.0,8261594126.0,15182587.0,390128.0,60.0,300.0
CIV,Côte d'Ivoire,RES,MUR,MUR+CB/LWAL/CDN+ERN/H:1/RES,RURAL,157512.0,1701119265.0,300197519.0,800475.0,9450663.0,2001316780.0,6129803.0,157512.0,60.0,180.0
CIV,Côte d'Ivoire,COM,MUR,MUR+CB/LWAL/CDN+ERN/H:2/COM,TOTAL,14489.0,1129904819.0,282476200.0,0.0,3766349.0,1412381020.0,3176391.0,0.0,260.0,300.0
CIV,Côte d'Ivoire,IND,MUR,MUR+CB/LWAL/CDN+ERN/H:2/IND,TOTAL,4527.0,651439147.0,217146385.0,0.0,2171464.0,868585533.0,1747716.0,0.0,480.0,300.0
CIV,Côte d'Ivoire,RES,MUR,MUR+CB/LWAL/CDN+ERN/H:2/RES,RURAL,153572.0,2785581419.0,491573194.0,800462.0,15475452.0,3277154613.0,10042482.0,157509.0,101.0,180.0
CIV,Côte d'Ivoire,RES,MUR,MUR+CB/LWAL/CDN+ERN/H:2/RES,URBAN,380378.0,11499105726.0,2029253952.0,1982661.0,38330352.0,13528359681.0,24873708.0,390134.0,101.0,300.0
CIV,Côte d'Ivoire,COM,MUR,MUR+CB/LWAL/CDN+ERN/H:3/COM,TOTAL,607.0,163666080.0,40916525.0,0.0,545554.0,204582611.0,460345.0,0.0,899.0,300.0
CIV,Côte d'Ivoire,RES,MUR,MUR+CB/LWAL/CDN+ERN/H:3/RES,RURAL,2073.0,253675333.0,44766238.0,84275.0,1409307.0,298441570.0,914991.0,16583.0,680.0,180.0
CIV,Côte d'Ivoire,RES,MUR,MUR+CB/LWAL/CDN+ERN/H:3/RES,URBAN,5132.0,1047193287.0,184798814.0,208692.0,3490644.0,1231992107.0,2266296.0,41065.0,680.0,300.0
CIV,Côte d'Ivoire,COM,MUR,MUR+CL/LWAL/CDN+ERN/H:1/COM,TOTAL,12404.0,483907002.0,120976756.0,0.0,1613023.0,604883756.0,1004214.0,0.0,130.0,300.0
CIV,Côte d'Ivoire,IND,MUR,MUR+CL/LWAL/CDN+ERN/H:1/IND,TOTAL,5521.0,364476087.0,121492024.0,0.0,1214920.0,485968108.0,700051.0,0.0,220.0,300.0
CIV,Côte d'Ivoire,RES,MUR,MUR+CL/LWAL/CDN+ERN/H:1/RES,RURAL,57277.0,618588881.0,109162744.0,291083.0,3436605.0,727751624.0,1578981.0,57277.0,60.0,180.0
CIV,Côte d'Ivoire,RES,MUR,MUR+CL/LWAL/CDN+ERN/H:1/RES,URBAN,182062.0,3277098497.0,578311499.0,925237.0,10923662.0,3855409996.0,5018982.0,182062.0,60.0,300.0
CIV,Côte d'Ivoire,COM,MUR,MUR+CL/LWAL/CDN+ERN/H:2/COM,TOTAL,6200.0,483906535.0,120976633.0,0.0,1613022.0,604883171.0,1004781.0,0.0,260.0,300.0
CIV,Côte d'Ivoire,IND,MUR,MUR+CL/LWAL/CDN+ERN/H:2/IND,TOTAL,1838.0,265075433.0,88358480.0,0.0,883585.0,353433910.0,509441.0,0.0,481.0,300.0
CIV,Côte d'Ivoire,RES,MUR,MUR+CL/LWAL/CDN+ERN/H:2/RES,URBAN,177509.0,5366250076.0,946985307.0,925238.0,17887500.0,6313235383.0,8222977.0,182062.0,101.0,300.0
CIV,Côte d'Ivoire,RES,MUR,MUR+CL/LWAL/CDN+ERN/H:2/RES,RURAL,55848.0,1012938819.0,178753910.0,291089.0,5627438.0,1191692730.0,2586963.0,57278.0,101.0,180.0
CIV,Côte d'Ivoire,COM,MUR,MUR+CL/LWAL/CDN+ERN/H:3/COM,TOTAL,259.0,67744040.0,16936011.0,0.0,225813.0,84680051.0,140743.0,0.0,872.0,300.0
CIV,Côte d'Ivoire,RES,MUR,MUR+CL/LWAL/CDN+ERN/H:3/RES,URBAN,2391.0,488690419.0,86239484.0,97367.0,1628968.0,574929905.0,749245.0,19159.0,681.0,300.0
CIV,Côte d'Ivoire,RES,MUR,MUR+CL/LWAL/CDN+ERN/H:3/RES,RURAL,757.0,92245485.0,16278617.0,30637.0,512475.0,108524101.0,235713.0,6029.0,677.0,180.0
CIV,Côte d'Ivoire,COM,ADO|ST|E,MUR+STDRE/LWAL/CDN+ERN/H:1/COM,TOTAL,3903.0,253851546.0,84617184.0,0.0,507703.0,338468724.0,154364.0,0.0,130.0,500.0
CIV,Côte d'Ivoire,IND,ADO|ST|E,MUR+STDRE/LWAL/CDN+ERN/H:1/IND,TOTAL,1328.0,133952548.0,72128295.0,0.0,291201.0,206080840.0,86040.0,0.0,219.0,460.0
CIV,Côte d'Ivoire,RES,ADO|ST|E,MUR+STDRE/LWAL/CDN+ERN/H:1/RES,URBAN,97532.0,1814108277.0,320136754.0,495658.0,5851962.0,2134245033.0,1391373.0,97532.0,60.0,310.0
CIV,Côte d'Ivoire,COM,ADO|ST|E,MUR+STDRE/LWAL/CDN+ERN/H:2/COM,TOTAL,1957.0,253854124.0,84618043.0,0.0,507708.0,338472164.0,154578.0,0.0,259.0,500.0
CIV,Côte d'Ivoire,IND,ADO|ST|E,MUR+STDRE/LWAL/CDN+ERN/H:2/IND,TOTAL,443.0,97418807.0,52456280.0,0.0,211780.0,149875084.0,62662.0,0.0,478.0,460.0
CIV,Côte d'Ivoire,RES,ADO|ST|E,MUR+STDRE/LWAL/CDN+ERN/H:2/RES,URBAN,95095.0,2970601542.0,524223802.0,495648.0,9582586.0,3494825341.0,2281000.0,97530.0,101.0,310.0
CIV,Côte d'Ivoire,COM,ADO|ST|E,MUR+STDRE/LWAL/CDN+ERN/H:3/COM,TOTAL,79.0,34273829.0,11424610.0,0.0,68548.0,45698441.0,20899.0,0.0,868.0,500.0
CIV,Côte d'Ivoire,RES,ADO|ST|E,MUR+STDRE/LWAL/CDN+ERN/H:3/RES,URBAN,1284.0,270525876.0,47739863.0,52177.0,872664.0,318265740.0,207965.0,10267.0,680.0,310.0
CIV,Côte d'Ivoire,COM,ADO|ST|E,MUR+STRUB/LWAL/CDN+ERN/H:1/COM,TOTAL,421.0,27381236.0,9127080.0,0.0,54762.0,36508313.0,16650.0,0.0,130.0,500.0
CIV,Côte d'Ivoire,IND,ADO|ST|E,MUR+STRUB/LWAL/CDN+ERN/H:1/IND,TOTAL,332.0,33639747.0,18113706.0,0.0,73130.0,51753449.0,21607.0,0.0,220.0,460.0
CIV,Côte d'Ivoire,RES,ADO|ST|E,MUR+STRUB/LWAL/CDN+ERN/H:1/RES,RURAL,7158.0,85915113.0,15161490.0,36377.0,429576.0,101076605.0,102137.0,7158.0,60.0,200.0
CIV,Côte d'Ivoire,COM,ADO|ST|E,MUR+STRUB/LWAL/CDN+ERN/H:2/COM,TOTAL,210.0,27419815.0,9139934.0,0.0,54840.0,36559752.0,16697.0,0.0,261.0,500.0
CIV,Côte d'Ivoire,IND,ADO|ST|E,MUR+STRUB/LWAL/CDN+ERN/H:2/IND,TOTAL,111.0,24155483.0,13006796.0,0.0,52512.0,37162280.0,15537.0,0.0,473.0,460.0
CIV,Côte d'Ivoire,RES,ADO|ST|E,MUR+STRUB/LWAL/CDN+ERN/H:2/RES,RURAL,6986.0,140686083.0,24826957.0,36398.0,703430.0,165513036.0,167442.0,7162.0,101.0,200.0
CIV,Côte d'Ivoire,COM,ADO|ST|E,MUR+STRUB/LWAL/CDN+ERN/H:3/COM,TOTAL,6.0,2251424.0,750475.0,0.0,4503.0,3001898.0,1373.0,0.0,750.0,500.0
CIV,Côte d'Ivoire,RES,ADO|ST|E,MUR+STRUB/LWAL/CDN+ERN/H:3/RES,RURAL,94.0,12621870.0,2227387.0,3765.0,63109.0,14849261.0,15040.0,741.0,671.0,200.0
CIV,Côte d'Ivoire,IND,S,S+SL/LFM/CDL+ERL/H:1/IND,TOTAL,4081.0,323341118.0,107780372.0,0.0,898170.0,431121496.0,306532.0,0.0,220.0,360.0
CIV,Côte d'Ivoire,IND,S,S+SL/LFM/CDL+ERL/H:2/IND,TOTAL,1362.0,235155498.0,78385165.0,0.0,653210.0,313540671.0,223077.0,0.0,480.0,360.0
CIV,Côte d'Ivoire,IND,S,S/LFM/CDL+ERL/H:1/IND,TOTAL,4255.0,336806455.0,112268822.0,0.0,935573.0,449075279.0,319297.0,0.0,220.0,360.0
CIV,Côte d'Ivoire,IND,S,S/LFM/CDL+ERL/H:2/IND,TOTAL,1423.0,244949285.0,81649758.0,0.0,680415.0,326599048.0,232368.0,0.0,478.0,360.0
CIV,Côte d'Ivoire,RES,W,W+WWD/LWAL/CDN+ERM/H:1/RES,RURAL,801876.0,6735743662.0,1683935914.0,4075132.0,48112455.0,8419679576.0,642362.0,801876.0,60.0,140.0
CIV,Côte d'Ivoire,RES,W,W+WWD/LWAL/CDN+ERM/H:1/RES,URBAN,359332.0,4311972699.0,1077993174.0,1826122.0,21559863.0,5389965873.0,287851.0,359332.0,60.0,200.0
CIV,Côte d'Ivoire,RES,W,W+WWD/LWAL/CDN+ERM/H:2/RES,RURAL,335070.0,4727049106.0,1181762277.0,1746488.0,33764636.0,5908811382.0,451071.0,343662.0,101.0,140.0
CIV,Côte d'Ivoire,RES,W,W+WWD/LWAL/CDN+ERM/H:2/RES,URBAN,150149.0,3026080042.0,756520011.0,782628.0,15130400.0,3782600053.0,202131.0,154000.0,101.0,200.0
CIV,Côte d'Ivoire,COM,W,W/LWAL/CDL+ERM/H:1/COM,TOTAL,1964.0,86998991.0,28999664.0,0.0,255879.0,115998660.0,48847.0,0.0,130.0,340.0
CIV,Côte d'Ivoire,RES,W,W/LWAL/CDL+ERM/H:1/RES,RURAL,24115.0,202579039.0,50644759.0,122552.0,1446993.0,253223797.0,153039.0,24115.0,60.0,140.0
CIV,Côte d'Ivoire,RES,W,W/LWAL/CDL+ERM/H:1/RES,URBAN,13688.0,164265528.0,41066381.0,69564.0,821328.0,205331911.0,86866.0,13688.0,60.0,200.0
CIV,Côte d'Ivoire,COM,W,W/LWAL/CDL+ERM/H:2/COM,TOTAL,991.0,87030353.0,29010118.0,0.0,255972.0,116040468.0,48887.0,0.0,258.0,340.0
CIV,Côte d'Ivoire,RES,W,W/LWAL/CDL+ERM/H:2/RES,RURAL,23511.0,331722804.0,82930701.0,122567.0,2369449.0,414653508.0,250758.0,24118.0,101.0,140.0
CIV,Côte d'Ivoire,RES,W,W/LWAL/CDL+ERM/H:2/RES,URBAN,13348.0,268984976.0,67246242.0,69558.0,1344925.0,336231223.0,142333.0,13687.0,101.0,200.0
CIV,Côte d'Ivoire,COM,W,W/LWAL/CDL+ERM/H:3/COM,TOTAL,324.0,49424257.0,16474751.0,0.0,145365.0,65899007.0,27776.0,0.0,449.0,340.0
CIV,Côte d'Ivoire,RES,W,W/LWAL/CDL+ERM/H:3/RES,RURAL,9395.0,193645532.0,48411383.0,61293.0,1383182.0,242056919.0,146473.0,12061.0,147.0,140.0
CIV,Côte d'Ivoire,RES,W,W/LWAL/CDL+ERM/H:3/RES,URBAN,5328.0,157021398.0,39255348.0,34763.0,785107.0,196276745.0,83139.0,6840.0,147.0,200.0
KEN,Kenya,COM,CR-,CR+PC/LWAL/CDL+ERL/H:1/COM,TOTAL,969.0,43791602.0,7727933.0,0.0,125119.0,51519529.0,67950.0,0.0,129.0,350.0
KEN,Kenya,IND,CR-,CR+PC/LWAL/CDL+ERL/H:1/IND,TOTAL,112.0,5398995.0,1799666.0,0.0,18617.0,7198652.0,9696.0,0.0,166.0,290.0
KEN,Kenya,RES,CR-,CR+PC/LWAL/CDL+ERL/H:1/RES,URBAN,36224.0,586857904.0,103563164.0,116833.0,2173548.0,690421064.0,884905.0,36224.0,60.0,270.0
KEN,Kenya,RES,CR-,CR+PC/LWAL/CDL+ERL/H:1/RES,RURAL,909.0,15809654.0,2789939.0,2612.0,54516.0,18599593.0,22195.0,909.0,60.0,290.0
KEN,Kenya,COM,CR-,CR+PC/LWAL/CDL+ERL/H:2/COM,TOTAL,485.0,43673080.0,7707014.0,0.0,124780.0,51380098.0,67820.0,0.0,257.0,350.0
KEN,Kenya,IND,CR-,CR+PC/LWAL/CDL+ERL/H:2/IND,TOTAL,3.0,346709.0,115570.0,0.0,1196.0,462279.0,623.0,0.0,399.0,290.0
KEN,Kenya,RES,CR-,CR+PC/LWAL/CDL+ERL/H:2/RES,RURAL,887.0,25888123.0,4568492.0,2612.0,89269.0,30456614.0,36371.0,909.0,101.0,290.0
KEN,Kenya,RES,CR-,CR+PC/LWAL/CDL+ERL/H:2/RES,URBAN,35321.0,960978376.0,169584421.0,116820.0,3559179.0,1130562794.0,1450104.0,36221.0,101.0,270.0
KEN,Kenya,COM,CR-,CR+PC/LWAL/CDL+ERL/H:3-6/COM,TOTAL,31.0,6554831.0,1156735.0,0.0,18728.0,7711568.0,10195.0,0.0,604.0,350.0
KEN,Kenya,RES,CR-,CR+PC/LWAL/CDL+ERL/H:3-6/RES,RURAL,26.0,4976906.0,878277.0,581.0,17162.0,5855184.0,7003.0,202.0,660.0,290.0
KEN,Kenya,RES,CR-,CR+PC/LWAL/CDL+ERL/H:3-6/RES,URBAN,1013.0,184751384.0,32603182.0,25964.0,684264.0,217354570.0,279201.0,8051.0,675.0,270.0
KEN,Kenya,COM,CR-,CR/LFINF/CDL+ERL/H:1/COM,TOTAL,1075.0,48715095.0,8596780.0,0.0,139186.0,57311870.0,68956.0,0.0,129.0,350.0
KEN,Kenya,IND,CR-,CR/LFINF/CDL+ERL/H:1/IND,TOTAL,531.0,33479045.0,11159686.0,0.0,115445.0,44638737.0,56839.0,0.0,217.0,290.0
KEN,Kenya,RES,CR-,CR/LFINF/CDL+ERL/H:1/RES,URBAN,40251.0,652063214.0,115069977.0,129819.0,2415049.0,767133191.0,827842.0,40251.0,60.0,270.0
KEN,Kenya,RES,CR-,CR/LFINF/CDL+ERL/H:1/RES,RURAL,1009.0,17566407.0,3099954.0,2900.0,60574.0,20666361.0,20764.0,1009.0,60.0,290.0
KEN,Kenya,COM,CR-,CR/LFINF/CDL+ERL/H:2/COM,TOTAL,1881.0,171935043.0,30341478.0,0.0,491243.0,202276518.0,243564.0,0.0,261.0,350.0
KEN,Kenya,IND,CR-,CR/LFINF/CDL+ERL/H:2/IND,TOTAL,175.0,23103815.0,7701271.0,0.0,79668.0,30805076.0,39260.0,0.0,455.0,290.0
KEN,Kenya,RES,CR-,CR/LFINF/CDL+ERL/H:2/RES,RURAL,3445.0,100676446.0,17766432.0,10155.0,347160.0,118442877.0,119087.0,3533.0,101.0,290.0
KEN,Kenya,RES,CR-,CR/LFINF/CDL+ERL/H:2/RES,URBAN,137362.0,3737139148.0,659495140.0,454362.0,13841256.0,4396634286.0,4747993.0,140879.0,101.0,270.0
KEN,Kenya,COM,CR-,CR/LFINF/CDL+ERL/H:3/COM,TOTAL,1269.0,197979725.0,34937602.0,0.0,565656.0,232917335.0,280678.0,0.0,446.0,350.0
KEN,Kenya,RES,CR-,CR/LFINF/CDL+ERL/H:3/RES,URBAN,109766.0,4363165657.0,769970416.0,454357.0,16159873.0,5133136068.0,5547347.0,140879.0,147.0,270.0
KEN,Kenya,RES,CR-,CR/LFINF/CDL+ERL/H:3/RES,RURAL,2753.0,117541570.0,20742630.0,10159.0,405316.0,138284200.0,139136.0,3534.0,147.0,290.0
KEN,Kenya,COM,CR-,CR/LFINF/CDL+ERL/H:4-7/COM,TOTAL,308.0,127473427.0,22495311.0,0.0,364210.0,149968745.0,181144.0,0.0,1182.0,350.0
KEN,Kenya,RES,CR-,CR/LFINF/CDL+ERL/H:4-7/RES,URBAN,5033.0,1304126385.0,230139953.0,194713.0,4830098.0,1534266335.0,1661653.0,60373.0,960.0,270.0
KEN,Kenya,RES,CR-,CR/LFINF/CDL+ERL/H:4-7/RES,RURAL,126.0,35132441.0,6199842.0,4354.0,121146.0,41332283.0,41677.0,1515.0,961.0,290.0
KEN,Kenya,COM,CR-,CR/LFINF/CDL+ERL/H:>7/COM,TOTAL,52.0,44480312.0,7849468.0,0.0,127087.0,52329774.0,63306.0,0.0,2444.0,350.0
KEN,Kenya,RES,CR-,CR/LFINF/CDL+ERL/H:>7/RES,URBAN,1261.0,407539659.0,71918764.0,64898.0,1509406.0,479458423.0,520013.0,20122.0,1197.0,270.0
KEN,Kenya,RES,CR-,CR/LFINF/CDL+ERL/H:>7/RES,RURAL,32.0,10979051.0,1937480.0,1450.0,37859.0,12916531.0,13043.0,504.0,1183.0,290.0
KEN,Kenya,COM,CR-,CR/LWAL/CDL+ERL/H:1/COM,TOTAL,209.0,8946049.0,1578713.0,0.0,25560.0,10524754.0,13881.0,0.0,122.0,350.0
KEN,Kenya,IND,CR-,CR/LWAL/CDL+ERL/H:1/IND,TOTAL,112.0,5398995.0,1799666.0,0.0,18617.0,7198652.0,9696.0,0.0,166.0,290.0
KEN,Kenya,RES,CR-,CR/LWAL/CDL+ERL/H:1/RES,RURAL,202.0,3513132.0,619964.0,581.0,12114.0,4133097.0,4932.0,202.0,60.0,290.0
KEN,Kenya,RES,CR-,CR/LWAL/CDL+ERL/H:1/RES,URBAN,8055.0,130412928.0,23014044.0,25977.0,483011.0,153426977.0,196646.0,8055.0,60.0,270.0
KEN,Kenya,COM,CR-,CR/LWAL/CDL+ERL/H:2/COM,TOTAL,377.0,33831142.0,5970209.0,0.0,96660.0,39801343.0,52537.0,0.0,256.0,350.0
KEN,Kenya,IND,CR-,CR/LWAL/CDL+ERL/H:2/IND,TOTAL,3.0,346709.0,115570.0,0.0,1196.0,462279.0,623.0,0.0,399.0,290.0
KEN,Kenya,RES,CR-,CR/LWAL/CDL+ERL/H:2/RES,URBAN,27472.0,747429380.0,131899306.0,90878.0,2768257.0,879328684.0,1127861.0,28176.0,101.0,270.0
KEN,Kenya,RES,CR-,CR/LWAL/CDL+ERL/H:2/RES,RURAL,690.0,20135289.0,3553287.0,2031.0,69432.0,23688576.0,28288.0,707.0,101.0,290.0
KEN,Kenya,COM,CR-,CR/LWAL/CDL+ERL/H:3/COM,TOTAL,218.0,33407419.0,5895427.0,0.0,95450.0,39302849.0,51920.0,0.0,438.0,350.0
KEN,Kenya,RES,CR-,CR/LWAL/CDL+ERL/H:3/RES,RURAL,551.0,23508463.0,4148552.0,2031.0,81064.0,27657016.0,33052.0,707.0,147.0,290.0
KEN,Kenya,RES,CR-,CR/LWAL/CDL+ERL/H:3/RES,URBAN,21951.0,872632422.0,153993956.0,90870.0,3231972.0,1026626377.0,1317766.0,28176.0,147.0,270.0
KEN,Kenya,COM,CR-,CR/LWAL/CDL+ERL/H:4-7/COM,TOTAL,61.0,21375336.0,3772116.0,0.0,61072.0,25147453.0,33301.0,0.0,1001.0,350.0
KEN,Kenya,RES,CR-,CR/LWAL/CDL+ERL/H:4-7/RES,URBAN,1003.0,260825848.0,46028090.0,38944.0,966022.0,306853935.0,394749.0,12075.0,963.0,270.0
KEN,Kenya,RES,CR-,CR/LWAL/CDL+ERL/H:4-7/RES,RURAL,26.0,7026637.0,1239995.0,869.0,24230.0,8266632.0,9901.0,302.0,932.0,290.0
KEN,Kenya,COM,CR-,CR/LWAL/CDL+ERL/H:>7/COM,TOTAL,1.0,618558.0,109157.0,0.0,1767.0,727716.0,965.0,0.0,1767.0,350.0
KEN,Kenya,RES,CR-,CR/LWAL/CDL+ERL/H:>7/RES,RURAL,6.0,2195661.0,387470.0,289.0,7571.0,2583130.0,3098.0,100.0,1262.0,290.0
KEN,Kenya,RES,CR-,CR/LWAL/CDL+ERL/H:>7/RES,URBAN,251.0,81507721.0,14383714.0,12975.0,301880.0,95891440.0,123541.0,4022.0,1203.0,270.0
KEN,Kenya,RES,ADO|ST|E,E+ETO/LWAL/CDN+ERN/H:1/RES,URBAN,177818.0,1493662809.0,263587554.0,573501.0,10669020.0,1757250370.0,953234.0,177818.0,60.0,140.0
KEN,Kenya,RES,ADO|ST|E,E+ETO/LWAL/CDN+ERN/H:1/RES,RURAL,2367586.0,8523292903.0,1504110508.0,7614107.0,142054882.0,10027403416.0,12692030.0,2367586.0,60.0,60.0
KEN,Kenya,RES,OT,INF/LN/CDN+ERN/H:1/EWV/RES,RURAL,532090.0,2873283425.0,507050015.0,1711265.0,31925371.0,3380333440.0,426244.0,532090.0,60.0,90.0
KEN,Kenya,RES,OT,INF/LN/CDN+ERN/H:1/EWV/RES,URBAN,30573.0,183421589.0,32368517.0,98604.0,1834216.0,215790104.0,24489.0,30573.0,60.0,100.0
KEN,Kenya,RES,OT,MATO/LN/CDN+ERN/H:1/RES,RURAL,50728.0,273941919.0,48342692.0,163128.0,3043799.0,322284616.0,1398503.0,50728.0,60.0,90.0
KEN,Kenya,RES,OT,MATO/LN/CDN+ERN/H:1/RES,URBAN,5095.0,30570314.0,5394761.0,16429.0,305703.0,35965076.0,140458.0,5095.0,60.0,100.0
KEN,Kenya,COM,MR|MCF,MCF+CB/LWAL/CDL+ERL/H:1/COM,TOTAL,2920.0,132610005.0,33152507.0,0.0,378886.0,165762513.0,211053.0,0.0,130.0,350.0
KEN,Kenya,IND,MR|MCF,MCF+CB/LWAL/CDL+ERL/H:1/IND,TOTAL,328.0,19943227.0,6647744.0,0.0,68770.0,26590966.0,38437.0,0.0,210.0,290.0
KEN,Kenya,RES,MR|MCF,MCF+CB/LWAL/CDL+ERL/H:1/RES,URBAN,108674.0,1760571322.0,310689058.0,350499.0,6520635.0,2071260378.0,2564045.0,108674.0,60.0,270.0
KEN,Kenya,RES,MR|MCF,MCF+CB/LWAL/CDL+ERL/H:1/RES,RURAL,2726.0,47428963.0,8369817.0,7836.0,163548.0,55798780.0,64310.0,2726.0,60.0,290.0
KEN,Kenya,COM,MR|MCF,MCF+CB/LWAL/CDL+ERL/H:2/COM,TOTAL,1450.0,132596804.0,33149206.0,0.0,378848.0,165746010.0,211194.0,0.0,261.0,350.0
KEN,Kenya,IND,MR|MCF,MCF+CB/LWAL/CDL+ERL/H:2/IND,TOTAL,112.0,11780993.0,3927000.0,0.0,40624.0,15707996.0,22726.0,0.0,363.0,290.0
KEN,Kenya,RES,MR|MCF,MCF+CB/LWAL/CDL+ERL/H:2/RES,URBAN,105959.0,2882934046.0,508753069.0,350500.0,10677534.0,3391687110.0,4201527.0,108676.0,101.0,270.0
KEN,Kenya,RES,MR|MCF,MCF+CB/LWAL/CDL+ERL/H:2/RES,RURAL,2658.0,77664740.0,13705542.0,7836.0,267809.0,91370282.0,105381.0,2726.0,101.0,290.0
KEN,Kenya,COM,MR|MCF,MCF+CB/LWAL/CDL+ERL/H:3-6/COM,TOTAL,109.0,33784199.0,8446051.0,0.0,96526.0,42230247.0,53893.0,0.0,886.0,350.0
KEN,Kenya,RES,MR|MCF,MCF+CB/LWAL/CDL+ERL/H:3-6/RES,URBAN,3025.0,554253778.0,97809487.0,77910.0,2052792.0,652063270.0,808875.0,24157.0,679.0,270.0
KEN,Kenya,RES,MR|MCF,MCF+CB/LWAL/CDL+ERL/H:3-6/RES,RURAL,75.0,14931465.0,2634964.0,1743.0,51488.0,17566429.0,20288.0,606.0,687.0,290.0
KEN,Kenya,COM,MR|MCF,MCF+CL/LWAL/CDL+ERL/H:1/COM,TOTAL,1051.0,47116484.0,11779123.0,0.0,134619.0,58895608.0,66693.0,0.0,128.0,350.0
KEN,Kenya,IND,MR|MCF,MCF+CL/LWAL/CDL+ERL/H:1/IND,TOTAL,188.0,11507953.0,3835990.0,0.0,39683.0,15343929.0,19538.0,0.0,211.0,290.0
KEN,Kenya,RES,MR|MCF,MCF+CL/LWAL/CDL+ERL/H:1/RES,RURAL,978.0,17010307.0,3001819.0,2812.0,58656.0,20012126.0,20106.0,978.0,60.0,290.0
KEN,Kenya,RES,MR|MCF,MCF+CL/LWAL/CDL+ERL/H:1/RES,URBAN,38975.0,631429526.0,111428739.0,125701.0,2338628.0,742858269.0,801646.0,38975.0,60.0,270.0
KEN,Kenya,COM,MR|MCF,MCF+CL/LWAL/CDL+ERL/H:2/COM,TOTAL,520.0,47108806.0,11777196.0,0.0,134597.0,58886005.0,66735.0,0.0,259.0,350.0
KEN,Kenya,IND,MR|MCF,MCF+CL/LWAL/CDL+ERL/H:2/IND,TOTAL,29.0,2865090.0,955031.0,0.0,9880.0,3820124.0,4869.0,0.0,341.0,290.0
KEN,Kenya,RES,MR|MCF,MCF+CL/LWAL/CDL+ERL/H:2/RES,RURAL,954.0,27854625.0,4915522.0,2812.0,96050.0,32770147.0,32948.0,978.0,101.0,290.0
KEN,Kenya,RES,MR|MCF,MCF+CL/LWAL/CDL+ERL/H:2/RES,URBAN,38000.0,1033964590.0,182464338.0,125703.0,3829498.0,1216428928.0,1313641.0,38976.0,101.0,270.0
KEN,Kenya,COM,MR|MCF,MCF+CL/LWAL/CDL+ERL/H:3-6/COM,TOTAL,38.0,8184440.0,2046109.0,0.0,23384.0,10230553.0,11612.0,0.0,615.0,350.0
KEN,Kenya,RES,MR|MCF,MCF+CL/LWAL/CDL+ERL/H:3-6/RES,RURAL,28.0,5354979.0,944996.0,625.0,18465.0,6299976.0,6343.0,217.0,659.0,290.0
KEN,Kenya,RES,MR|MCF,MCF+CL/LWAL/CDL+ERL/H:3-6/RES,URBAN,1071.0,198782335.0,35079237.0,27946.0,736231.0,233861575.0,252915.0,8664.0,687.0,270.0
KEN,Kenya,RES,OT,ME+MEO/LWAL/CDN+ERM/H:1/RES,URBAN,815209.0,4891239656.0,863159937.0,2629215.0,48912397.0,5754399594.0,1908524.0,815209.0,60.0,100.0
KEN,Kenya,RES,OT,ME+MEO/LWAL/CDN+ERM/H:1/RES,RURAL,792128.0,4277500903.0,754853098.0,2540981.0,47527788.0,5032354000.0,1854498.0,792128.0,60.0,90.0
KEN,Kenya,COM,ADO|ST|E,MUR+ADO/LWAL/CDN+ERN/H:1/COM,TOTAL,56408.0,1026815223.0,342271750.0,0.0,7334394.0,1369086958.0,622403.0,0.0,130.0,140.0
KEN,Kenya,RES,ADO|ST|E,MUR+ADO/LWAL/CDN+ERN/H:1/RES,RURAL,967350.0,3482450332.0,614550060.0,3110400.0,58040839.0,4097000392.0,3564995.0,967350.0,60.0,60.0
KEN,Kenya,RES,ADO|ST|E,MUR+ADO/LWAL/CDN+ERN/H:1/RES,URBAN,139644.0,1172995553.0,206999214.0,450380.0,8378540.0,1379994767.0,514628.0,139644.0,60.0,140.0
KEN,Kenya,COM,ADO|ST|E,MUR+ADO/LWAL/CDN+ERN/H:2/COM,TOTAL,28204.0,1026814229.0,342271414.0,0.0,7334387.0,1369085617.0,624209.0,0.0,260.0,140.0
KEN,Kenya,RES,ADO|ST|E,MUR+ADO/LWAL/CDN+ERN/H:2/RES,URBAN,136157.0,1920780287.0,338961221.0,450374.0,13719859.0,2259741515.0,844930.0,139643.0,101.0,140.0
KEN,Kenya,RES,ADO|ST|E,MUR+ADO/LWAL/CDN+ERN/H:2/RES,RURAL,943166.0,5702512969.0,1006325823.0,3110409.0,95041883.0,6708838790.0,5853103.0,967351.0,101.0,60.0
KEN,Kenya,COM,ADO|ST|E,MUR+ADO/LWAL/CDN+ERN/H:3/COM,TOTAL,1173.0,147341190.0,49113721.0,0.0,1052437.0,196454926.0,89829.0,0.0,897.0,140.0
KEN,Kenya,RES,ADO|ST|E,MUR+ADO/LWAL/CDN+ERN/H:3/RES,URBAN,1835.0,174920116.0,30868257.0,47397.0,1249429.0,205788370.0,77148.0,14697.0,681.0,140.0
KEN,Kenya,RES,ADO|ST|E,MUR+ADO/LWAL/CDN+ERN/H:3/RES,RURAL,12729.0,519312777.0,91643431.0,327421.0,8655213.0,610956205.0,534431.0,101830.0,680.0,60.0
KEN,Kenya,COM,MUR,MUR+CB/LWAL/CDN+ERN/H:1/COM,TOTAL,16507.0,622283390.0,155570849.0,0.0,2145805.0,777854257.0,1808720.0,0.0,130.0,290.0
KEN,Kenya,IND,MUR,MUR+CB/LWAL/CDN+ERN/H:1/IND,TOTAL,3348.0,176548462.0,58849487.0,0.0,735619.0,235397964.0,591732.0,0.0,220.0,240.0
KEN,Kenya,RES,MUR,MUR+CB/LWAL/CDN+ERN/H:1/RES,RURAL,406183.0,3899378406.0,688125604.0,1303258.0,24371115.0,4587504010.0,15807371.0,406183.0,60.0,160.0
KEN,Kenya,RES,MUR,MUR+CB/LWAL/CDN+ERN/H:1/RES,URBAN,382382.0,6194602409.0,1093165134.0,1233254.0,22942972.0,7287767535.0,14881062.0,382382.0,60.0,270.0
KEN,Kenya,COM,MUR,MUR+CB/LWAL/CDN+ERN/H:2/COM,TOTAL,8262.0,622287048.0,155571755.0,0.0,2145817.0,777858802.0,1809699.0,0.0,260.0,290.0
KEN,Kenya,IND,MUR,MUR+CB/LWAL/CDN+ERN/H:2/IND,TOTAL,1116.0,128196068.0,42732033.0,0.0,534150.0,170928084.0,429915.0,0.0,479.0,240.0
KEN,Kenya,RES,MUR,MUR+CB/LWAL/CDN+ERN/H:2/RES,RURAL,396034.0,6385232977.0,1126805818.0,1303283.0,39907706.0,7512038800.0,25897300.0,406191.0,101.0,160.0
KEN,Kenya,RES,MUR,MUR+CB/LWAL/CDN+ERN/H:2/RES,URBAN,372823.0,10143660844.0,1790057802.0,1233251.0,37569114.0,11933718637.0,24379718.0,382379.0,101.0,270.0
KEN,Kenya,COM,MUR,MUR+CB/LWAL/CDN+ERN/H:3/COM,TOTAL,303.0,78688178.0,19672047.0,0.0,271339.0,98360227.0,228959.0,0.0,896.0,290.0
KEN,Kenya,RES,MUR,MUR+CB/LWAL/CDN+ERN/H:3/RES,RURAL,5351.0,581486773.0,102615313.0,137152.0,3634292.0,684102086.0,2359560.0,42745.0,679.0,160.0
KEN,Kenya,RES,MUR,MUR+CB/LWAL/CDN+ERN/H:3/RES,URBAN,5036.0,923755685.0,163015707.0,129802.0,3421317.0,1086771390.0,2221286.0,40248.0,679.0,270.0
KEN,Kenya,COM,MUR,MUR+CL/LWAL/CDN+ERN/H:1/COM,TOTAL,8774.0,330924394.0,82731106.0,0.0,1141119.0,413655506.0,710423.0,0.0,130.0,290.0
KEN,Kenya,IND,MUR,MUR+CL/LWAL/CDN+ERN/H:1/IND,TOTAL,4403.0,232695146.0,77565045.0,0.0,969563.0,310260203.0,558674.0,0.0,220.0,240.0
KEN,Kenya,RES,MUR,MUR+CL/LWAL/CDN+ERN/H:1/RES,RURAL,338570.0,3250255591.0,573574515.0,1088347.0,20314097.0,3823830107.0,9333508.0,338570.0,60.0,160.0
KEN,Kenya,RES,MUR,MUR+CL/LWAL/CDN+ERN/H:1/RES,URBAN,82288.0,1333016057.0,235238127.0,265396.0,4937097.0,1568254188.0,2268397.0,82288.0,60.0,270.0
KEN,Kenya,COM,MUR,MUR+CL/LWAL/CDN+ERN/H:2/COM,TOTAL,4405.0,330971329.0,82742825.0,0.0,1141280.0,413714158.0,710926.0,0.0,259.0,290.0
KEN,Kenya,IND,MUR,MUR+CL/LWAL/CDN+ERN/H:2/IND,TOTAL,1463.0,167275855.0,55758605.0,0.0,696983.0,223034479.0,401854.0,0.0,476.0,240.0
KEN,Kenya,RES,MUR,MUR+CL/LWAL/CDN+ERN/H:2/RES,RURAL,330104.0,5322292964.0,939228170.0,1088329.0,33264331.0,6261521139.0,15291786.0,338565.0,101.0,160.0
KEN,Kenya,RES,MUR,MUR+CL/LWAL/CDN+ERN/H:2/RES,URBAN,80224.0,2182813278.0,385202341.0,265388.0,8084494.0,2568015620.0,3716484.0,82285.0,101.0,270.0
KEN,Kenya,COM,MUR,MUR+CL/LWAL/CDN+ERN/H:3/COM,TOTAL,155.0,38430947.0,9607738.0,0.0,132521.0,48038684.0,82596.0,0.0,855.0,290.0
KEN,Kenya,RES,MUR,MUR+CL/LWAL/CDN+ERN/H:3/RES,RURAL,4452.0,484686830.0,85532967.0,114573.0,3029293.0,570219802.0,1393326.0,35643.0,680.0,160.0
KEN,Kenya,RES,MUR,MUR+CL/LWAL/CDN+ERN/H:3/RES,URBAN,1071.0,198782335.0,35079237.0,27946.0,736231.0,233861575.0,338630.0,8664.0,687.0,270.0
KEN,Kenya,COM,ADO|ST|E,MUR+STDRE+MOC/LWAL/CDN+ERN/H:1/COM,TOTAL,6156.0,312319860.0,104106620.0,0.0,800820.0,416426480.0,243485.0,0.0,130.0,390.0
KEN,Kenya,IND,ADO|ST|E,MUR+STDRE+MOC/LWAL/CDN+ERN/H:1/IND,TOTAL,801.0,63182864.0,34021542.0,0.0,175508.0,97204406.0,51857.0,0.0,219.0,360.0
KEN,Kenya,RES,ADO|ST|E,MUR+STDRE+MOC/LWAL/CDN+ERN/H:1/RES,URBAN,354551.0,5743729269.0,1013599283.0,1143492.0,21273071.0,6757328555.0,5057925.0,354551.0,60.0,270.0
KEN,Kenya,RES,ADO|ST|E,MUR+STDRE+MOC/LWAL/CDN+ERN/H:1/RES,RURAL,8893.0,128054956.0,22597933.0,25564.0,533562.0,150652890.0,126861.0,8893.0,60.0,240.0
KEN,Kenya,COM,ADO|ST|E,MUR+STDRE+MOC/LWAL/CDN+ERN/H:2/COM,TOTAL,3083.0,312317348.0,104105783.0,0.0,800814.0,416423144.0,243817.0,0.0,260.0,390.0
KEN,Kenya,IND,ADO|ST|E,MUR+STDRE+MOC/LWAL/CDN+ERN/H:2/IND,TOTAL,274.0,45674093.0,24593749.0,0.0,126872.0,70267844.0,37540.0,0.0,463.0,360.0
KEN,Kenya,RES,ADO|ST|E,MUR+STDRE+MOC/LWAL/CDN+ERN/H:2/RES,URBAN,345685.0,9405356489.0,1659768793.0,1143481.0,34834654.0,11065125276.0,8291901.0,354547.0,101.0,270.0
KEN,Kenya,RES,ADO|ST|E,MUR+STDRE+MOC/LWAL/CDN+ERN/H:2/RES,RURAL,8670.0,209690037.0,37004124.0,25561.0,873708.0,246694161.0,207974.0,8892.0,101.0,240.0
KEN,Kenya,COM,ADO|ST|E,MUR+STDRE+MOC/LWAL/CDN+ERN/H:3/COM,TOTAL,112.0,39429074.0,13143028.0,0.0,101100.0,52572099.0,30823.0,0.0,903.0,390.0
KEN,Kenya,RES,ADO|ST|E,MUR+STDRE+MOC/LWAL/CDN+ERN/H:3/RES,RURAL,116.0,19096061.0,3369893.0,2693.0,79567.0,22465954.0,18962.0,937.0,686.0,240.0
KEN,Kenya,RES,ADO|ST|E,MUR+STDRE+MOC/LWAL/CDN+ERN/H:3/RES,URBAN,4661.0,856520107.0,151150609.0,120385.0,3172297.0,1007670717.0,755991.0,37325.0,681.0,270.0
KEN,Kenya,COM,ADO|ST|E,MUR+STDRE+MOL/LWAL/CDN+ERN/H:1/COM,TOTAL,6156.0,312319860.0,104106620.0,0.0,800820.0,416426480.0,243485.0,0.0,130.0,390.0
KEN,Kenya,IND,ADO|ST|E,MUR+STDRE+MOL/LWAL/CDN+ERN/H:1/IND,TOTAL,801.0,63182864.0,34021542.0,0.0,175508.0,97204406.0,51857.0,0.0,219.0,360.0
KEN,Kenya,RES,ADO|ST|E,MUR+STDRE+MOL/LWAL/CDN+ERN/H:1/RES,RURAL,8893.0,128054956.0,22597933.0,25564.0,533562.0,150652890.0,126861.0,8893.0,60.0,240.0
KEN,Kenya,RES,ADO|ST|E,MUR+STDRE+MOL/LWAL/CDN+ERN/H:1/RES,URBAN,354551.0,5743729269.0,1013599283.0,1143492.0,21273071.0,6757328555.0,5057925.0,354551.0,60.0,270.0
KEN,Kenya,COM,ADO|ST|E,MUR+STDRE+MOL/LWAL/CDN+ERN/H:2/COM,TOTAL,3083.0,312317348.0,104105783.0,0.0,800814.0,416423144.0,243817.0,0.0,260.0,390.0
KEN,Kenya,IND,ADO|ST|E,MUR+STDRE+MOL/LWAL/CDN+ERN/H:2/IND,TOTAL,274.0,45674093.0,24593749.0,0.0,126872.0,70267844.0,37540.0,0.0,463.0,360.0
KEN,Kenya,RES,ADO|ST|E,MUR+STDRE+MOL/LWAL/CDN+ERN/H:2/RES,URBAN,345685.0,9405356489.0,1659768793.0,1143481.0,34834654.0,11065125276.0,8291901.0,354547.0,101.0,270.0
KEN,Kenya,RES,ADO|ST|E,MUR+STDRE+MOL/LWAL/CDN+ERN/H:2/RES,RURAL,8670.0,209690037.0,37004124.0,25561.0,873708.0,246694161.0,207974.0,8892.0,101.0,240.0
KEN,Kenya,COM,ADO|ST|E,MUR+STDRE+MOL/LWAL/CDN+ERN/H:3/COM,TOTAL,112.0,39429074.0,13143028.0,0.0,101100.0,52572099.0,30823.0,0.0,903.0,390.0
KEN,Kenya,RES,ADO|ST|E,MUR+STDRE+MOL/LWAL/CDN+ERN/H:3/RES,URBAN,4661.0,856520107.0,151150609.0,120385.0,3172297.0,1007670717.0,755991.0,37325.0,681.0,270.0
KEN,Kenya,RES,ADO|ST|E,MUR+STDRE+MOL/LWAL/CDN+ERN/H:3/RES,RURAL,116.0,19096061.0,3369893.0,2693.0,79567.0,22465954.0,18962.0,937.0,686.0,240.0
KEN,Kenya,COM,ADO|ST|E,MUR+STDRE+MOM/LWAL/CDN+ERN/H:1/COM,TOTAL,1012.0,51032458.0,17010809.0,0.0,130852.0,68043278.0,39785.0,0.0,129.0,390.0
KEN,Kenya,IND,ADO|ST|E,MUR+STDRE+MOM/LWAL/CDN+ERN/H:1/IND,TOTAL,133.0,9509446.0,5120474.0,0.0,26415.0,14629922.0,7805.0,0.0,199.0,360.0
KEN,Kenya,RES,ADO|ST|E,MUR+STDRE+MOM/LWAL/CDN+ERN/H:1/RES,URBAN,58085.0,940952470.0,166050439.0,187335.0,3485009.0,1107002903.0,828602.0,58085.0,60.0,270.0
KEN,Kenya,RES,ADO|ST|E,MUR+STDRE+MOM/LWAL/CDN+ERN/H:1/RES,RURAL,1457.0,20978332.0,3702059.0,4188.0,87410.0,24680390.0,20783.0,1457.0,60.0,240.0
KEN,Kenya,COM,ADO|ST|E,MUR+STDRE+MOM/LWAL/CDN+ERN/H:2/COM,TOTAL,497.0,51006882.0,17002295.0,0.0,130787.0,68009179.0,39820.0,0.0,263.0,390.0
KEN,Kenya,IND,ADO|ST|E,MUR+STDRE+MOM/LWAL/CDN+ERN/H:2/IND,TOTAL,15.0,1884852.0,1014920.0,0.0,5236.0,2899772.0,1549.0,0.0,349.0,360.0
KEN,Kenya,RES,ADO|ST|E,MUR+STDRE+MOM/LWAL/CDN+ERN/H:2/RES,URBAN,56631.0,1540810293.0,271907703.0,187338.0,5706705.0,1812717991.0,1358401.0,58086.0,101.0,270.0
KEN,Kenya,RES,ADO|ST|E,MUR+STDRE+MOM/LWAL/CDN+ERN/H:2/RES,RURAL,1420.0,34351906.0,6062101.0,4188.0,143133.0,40414007.0,34071.0,1457.0,101.0,240.0
KEN,Kenya,COM,ADO|ST|E,MUR+STDRE+MOM/LWAL/CDN+ERN/H:3/COM,TOTAL,8.0,2169948.0,723316.0,0.0,5564.0,2893264.0,1696.0,0.0,696.0,390.0
KEN,Kenya,RES,ADO|ST|E,MUR+STDRE+MOM/LWAL/CDN+ERN/H:3/RES,RURAL,18.0,3128264.0,552046.0,440.0,13034.0,3680310.0,3106.0,153.0,724.0,240.0
KEN,Kenya,RES,ADO|ST|E,MUR+STDRE+MOM/LWAL/CDN+ERN/H:3/RES,URBAN,769.0,140316886.0,24761801.0,19697.0,519692.0,165078691.0,123848.0,6106.0,676.0,270.0
KEN,Kenya,COM,ADO|ST|E,MUR+STRUB+MOC/LWAL/CDN+ERN/H:1/COM,TOTAL,4237.0,214530788.0,71510264.0,0.0,550079.0,286041046.0,167249.0,0.0,130.0,390.0
KEN,Kenya,IND,ADO|ST|E,MUR+STRUB+MOC/LWAL/CDN+ERN/H:1/IND,TOTAL,1389.0,110008751.0,59235478.0,0.0,305580.0,169244227.0,90288.0,0.0,220.0,360.0
KEN,Kenya,RES,ADO|ST|E,MUR+STRUB+MOC/LWAL/CDN+ERN/H:1/RES,RURAL,252378.0,3634249761.0,641338197.0,811806.0,15142707.0,4275587958.0,3600358.0,252378.0,60.0,240.0
KEN,Kenya,COM,ADO|ST|E,MUR+STRUB+MOC/LWAL/CDN+ERN/H:2/COM,TOTAL,2110.0,214536152.0,71512052.0,0.0,550093.0,286048201.0,167482.0,0.0,261.0,390.0
KEN,Kenya,IND,ADO|ST|E,MUR+STRUB+MOC/LWAL/CDN+ERN/H:2/IND,TOTAL,459.0,79807714.0,42973382.0,0.0,221688.0,122781101.0,65594.0,0.0,483.0,360.0
KEN,Kenya,RES,ADO|ST|E,MUR+STRUB+MOC/LWAL/CDN+ERN/H:2/RES,RURAL,246069.0,5951081069.0,1050190774.0,811807.0,24796171.0,7001271846.0,5902381.0,252378.0,101.0,240.0
KEN,Kenya,COM,ADO|ST|E,MUR+STRUB+MOC/LWAL/CDN+ERN/H:3/COM,TOTAL,77.0,26325318.0,8775106.0,0.0,67501.0,35100429.0,20580.0,0.0,877.0,390.0
KEN,Kenya,RES,ADO|ST|E,MUR+STRUB+MOC/LWAL/CDN+ERN/H:3/RES,RURAL,3327.0,541949215.0,95638100.0,85443.0,2258122.0,637587311.0,538134.0,26562.0,679.0,240.0
KEN,Kenya,COM,ADO|ST|E,MUR+STRUB+MOL/LWAL/CDN+ERN/H:1/COM,TOTAL,4237.0,214530788.0,71510264.0,0.0,550079.0,286041046.0,167249.0,0.0,130.0,390.0
KEN,Kenya,IND,ADO|ST|E,MUR+STRUB+MOL/LWAL/CDN+ERN/H:1/IND,TOTAL,1389.0,110008751.0,59235478.0,0.0,305580.0,169244227.0,90288.0,0.0,220.0,360.0
KEN,Kenya,RES,ADO|ST|E,MUR+STRUB+MOL/LWAL/CDN+ERN/H:1/RES,RURAL,252378.0,3634249761.0,641338197.0,811806.0,15142707.0,4275587958.0,3600358.0,252378.0,60.0,240.0
KEN,Kenya,COM,ADO|ST|E,MUR+STRUB+MOL/LWAL/CDN+ERN/H:2/COM,TOTAL,2110.0,214536152.0,71512052.0,0.0,550093.0,286048201.0,167482.0,0.0,261.0,390.0
KEN,Kenya,IND,ADO|ST|E,MUR+STRUB+MOL/LWAL/CDN+ERN/H:2/IND,TOTAL,459.0,79807714.0,42973382.0,0.0,221688.0,122781101.0,65594.0,0.0,483.0,360.0
KEN,Kenya,RES,ADO|ST|E,MUR+STRUB+MOL/LWAL/CDN+ERN/H:2/RES,RURAL,246069.0,5951081069.0,1050190774.0,811807.0,24796171.0,7001271846.0,5902381.0,252378.0,101.0,240.0
KEN,Kenya,COM,ADO|ST|E,MUR+STRUB+MOL/LWAL/CDN+ERN/H:3/COM,TOTAL,77.0,26325318.0,8775106.0,0.0,67501.0,35100429.0,20580.0,0.0,877.0,390.0
KEN,Kenya,RES,ADO|ST|E,MUR+STRUB+MOL/LWAL/CDN+ERN/H:3/RES,RURAL,3327.0,541949215.0,95638100.0,85443.0,2258122.0,637587311.0,538134.0,26562.0,679.0,240.0
KEN,Kenya,COM,ADO|ST|E,MUR+STRUB+MOM/LWAL/CDN+ERN/H:1/COM,TOTAL,4237.0,214530788.0,71510264.0,0.0,550079.0,286041046.0,167249.0,0.0,130.0,390.0
KEN,Kenya,IND,ADO|ST|E,MUR+STRUB+MOM/LWAL/CDN+ERN/H:1/IND,TOTAL,1389.0,110008751.0,59235478.0,0.0,305580.0,169244227.0,90288.0,0.0,220.0,360.0
KEN,Kenya,RES,ADO|ST|E,MUR+STRUB+MOM/LWAL/CDN+ERN/H:1/RES,RURAL,252378.0,3634249761.0,641338197.0,811806.0,15142707.0,4275587958.0,3600358.0,252378.0,60.0,240.0
KEN,Kenya,COM,ADO|ST|E,MUR+STRUB+MOM/LWAL/CDN+ERN/H:2/COM,TOTAL,2110.0,214536152.0,71512052.0,0.0,550093.0,286048201.0,167482.0,0.0,261.0,390.0
KEN,Kenya,IND,ADO|ST|E,MUR+STRUB+MOM/LWAL/CDN+ERN/H:2/IND,TOTAL,459.0,79807714.0,42973382.0,0.0,221688.0,122781101.0,65594.0,0.0,483.0,360.0
KEN,Kenya,RES,ADO|ST|E,MUR+STRUB+MOM/LWAL/CDN+ERN/H:2/RES,RURAL,246069.0,5951081069.0,1050190774.0,811807.0,24796171.0,7001271846.0,5902381.0,252378.0,101.0,240.0
KEN,Kenya,COM,ADO|ST|E,MUR+STRUB+MOM/LWAL/CDN+ERN/H:3/COM,TOTAL,77.0,26325318.0,8775106.0,0.0,67501.0,35100429.0,20580.0,0.0,877.0,390.0
KEN,Kenya,RES,ADO|ST|E,MUR+STRUB+MOM/LWAL/CDN+ERN/H:3/RES,RURAL,3327.0,541949215.0,95638100.0,85443.0,2258122.0,637587311.0,538134.0,26562.0,679.0,240.0
KEN,Kenya,IND,S,S+SL/LFM/CDL+ERL/H:1/IND,TOTAL,3612.0,229286882.0,76428956.0,0.0,790644.0,305715846.0,269836.0,0.0,219.0,290.0
KEN,Kenya,IND,S,S+SL/LFM/CDL+ERL/H:2/IND,TOTAL,1202.0,163945276.0,54648431.0,0.0,565329.0,218593687.0,193066.0,0.0,470.0,290.0
KEN,Kenya,IND,S,S/LFM/CDL+ERL/H:1/IND,TOTAL,2091.0,133568190.0,44522732.0,0.0,460580.0,178090901.0,157190.0,0.0,220.0,290.0
KEN,Kenya,IND,S,S/LFM/CDL+ERL/H:2/IND,TOTAL,705.0,96078331.0,32026115.0,0.0,331305.0,128104464.0,113144.0,0.0,470.0,290.0
KEN,Kenya,COM,W,W+WLI/LWAL/CDL+ERM/H:1/COM,TOTAL,4227.0,164739812.0,54913272.0,0.0,549133.0,219653084.0,104828.0,0.0,130.0,300.0
KEN,Kenya,RES,W,W+WLI/LWAL/CDL+ERM/H:1/RES,RURAL,209788.0,1762221467.0,440555369.0,674451.0,12587296.0,2202776833.0,1331276.0,209788.0,60.0,140.0
KEN,Kenya,RES,W,W+WLI/LWAL/CDL+ERM/H:1/RES,URBAN,42035.0,504409328.0,126102333.0,135574.0,2522047.0,630511657.0,266740.0,42035.0,60.0,200.0
KEN,Kenya,COM,W,W+WLI/LWAL/CDL+ERM/H:2/COM,TOTAL,697.0,53776106.0,17925370.0,0.0,179254.0,71701460.0,34236.0,0.0,257.0,300.0
KEN,Kenya,RES,W,W+WLI/LWAL/CDL+ERM/H:2/RES,RURAL,68181.0,961879421.0,240469851.0,224797.0,6870567.0,1202349279.0,727109.0,69923.0,101.0,140.0
KEN,Kenya,RES,W,W+WLI/LWAL/CDL+ERM/H:2/RES,URBAN,13663.0,275324396.0,68831100.0,45197.0,1376622.0,344155502.0,145688.0,14015.0,101.0,200.0
KEN,Kenya,RES,W,W+WWD/LWAL/CDN+ERM/H:1/RES,RURAL,1461369.0,12275512246.0,3068878062.0,4699988.0,87682230.0,15344390307.0,1170668.0,1461369.0,60.0,140.0
KEN,Kenya,RES,W,W+WWD/LWAL/CDN+ERM/H:1/RES,URBAN,79893.0,958682766.0,239670693.0,257674.0,4793414.0,1198353455.0,63998.0,79893.0,60.0,200.0
KEN,Kenya,RES,W,W+WWD/LWAL/CDN+ERM/H:2/RES,RURAL,610638.0,8614779038.0,2153694759.0,2014261.0,61534136.0,10768473790.0,822051.0,626296.0,101.0,140.0
KEN,Kenya,RES,W,W+WWD/LWAL/CDN+ERM/H:2/RES,URBAN,33384.0,672790128.0,168197536.0,110422.0,3363951.0,840987665.0,44940.0,34235.0,101.0,200.0
KEN,Kenya,COM,W,W/LWAL/CDL+ERM/H:1/COM,TOTAL,10312.0,402171522.0,134057183.0,0.0,1340572.0,536228684.0,255911.0,0.0,130.0,300.0
KEN,Kenya,RES,W,W/LWAL/CDL+ERM/H:1/RES,URBAN,46872.0,562492149.0,140623040.0,151175.0,2812461.0,703115185.0,297456.0,46872.0,60.0,200.0
KEN,Kenya,RES,W,W/LWAL/CDL+ERM/H:1/RES,RURAL,567919.0,4770528281.0,1192632069.0,1826376.0,34075202.0,5963160356.0,3603911.0,567919.0,60.0,140.0
KEN,Kenya,COM,W,W/LWAL/CDL+ERM/H:2/COM,TOTAL,5158.0,402207839.0,134069276.0,0.0,1340693.0,536277109.0,256055.0,0.0,260.0,300.0
KEN,Kenya,RES,W,W/LWAL/CDL+ERM/H:2/RES,RURAL,553724.0,7811740327.0,1952935080.0,1826374.0,55798145.0,9764675397.0,5905092.0,567917.0,101.0,140.0
KEN,Kenya,RES,W,W/LWAL/CDL+ERM/H:2/RES,URBAN,45704.0,921082499.0,230270624.0,151170.0,4605413.0,1151353126.0,487389.0,46872.0,101.0,200.0
KEN,Kenya,COM,W,W/LWAL/CDL+ERM/H:3/COM,TOTAL,1696.0,229033731.0,76344572.0,0.0,763446.0,305378312.0,145877.0,0.0,450.0,300.0
KEN,Kenya,RES,W,W/LWAL/CDL+ERM/H:3/RES,RURAL,221249.0,4560161303.0,1140040318.0,913183.0,32572581.0,5700201626.0,3449294.0,283957.0,147.0,140.0
KEN,Kenya,RES,W,W/LWAL/CDL+ERM/H:3/RES,URBAN,18261.0,537688679.0,134422171.0,75601.0,2688443.0,672110851.0,284695.0,23442.0,147.0,200.0
LSO,Lesotho,COM,CR-,CR/LFINF/CDL+ERL/H:1/COM,TOTAL,37.0,2162446.0,381609.0,0.0,4915.0,2544054.0,2435.0,0.0,133.0,440.0
LSO,Lesotho,IND,CR-,CR/LFINF/CDL+ERL/H:1/IND,TOTAL,50.0,3486626.0,1162209.0,0.0,9685.0,4648831.0,4768.0,0.0,194.0,360.0
LSO,Lesotho,RES,CR-,CR/LFINF/CDL+ERL/H:1/RES,URBAN,1937.0,30240042.0,5336478.0,7168.0,116308.0,35576519.0,39869.0,1937.0,60.0,260.0
LSO,Lesotho,COM,CR-,CR/LFINF/CDL+ERL/H:2/COM,TOTAL,78.0,8700339.0,1535354.0,0.0,19774.0,10235693.0,9804.0,0.0,254.0,440.0
LSO,Lesotho,IND,CR-,CR/LFINF/CDL+ERL/H:2/IND,TOTAL,10.0,1286131.0,428710.0,0.0,3573.0,1714845.0,1761.0,0.0,357.0,360.0
LSO,Lesotho,RES,CR-,CR/LFINF/CDL+ERL/H:2/RES,URBAN,6614.0,173310328.0,30584177.0,25105.0,666578.0,203894502.0,228658.0,6784.0,101.0,260.0
LSO,Lesotho,COM,CR-,CR/LFINF/CDL+ERL/H:3/COM,TOTAL,49.0,9059618.0,1598755.0,0.0,20590.0,10658375.0,10217.0,0.0,420.0,440.0
LSO,Lesotho,RES,CR-,CR/LFINF/CDL+ERL/H:3/RES,URBAN,5287.0,202341380.0,35707302.0,25114.0,778236.0,238048684.0,267152.0,6786.0,147.0,260.0
LSO,Lesotho,COM,CR-,CR/LFINF/CDL+ERL/H:4-7/COM,TOTAL,14.0,5507354.0,971886.0,0.0,12517.0,6479241.0,6225.0,0.0,894.0,440.0
LSO,Lesotho,RES,CR-,CR/LFINF/CDL+ERL/H:4-7/RES,URBAN,244.0,60478675.0,10672708.0,10762.0,232610.0,71151381.0,80023.0,2908.0,953.0,260.0
LSO,Lesotho,RES,CR-,CR/LFINF/CDL+ERL/H:>7/RES,URBAN,60.0,18900188.0,3335327.0,3582.0,72693.0,22235514.0,25044.0,968.0,1212.0,260.0
LSO,Lesotho,RES,OT,INF/LN/CDN+ERN/H:1/EWV/RES,RURAL,342.0,2055767.0,362782.0,1265.0,20558.0,2418550.0,274.0,342.0,60.0,100.0
LSO,Lesotho,RES,OT,MATO/LN/CDN+ERN/H:1/RES,URBAN,1038.0,8722957.0,1539346.0,3841.0,62307.0,10262305.0,28628.0,1038.0,60.0,140.0
LSO,Lesotho,RES,OT,MATO/LN/CDN+ERN/H:1/RES,RURAL,1371.0,8223061.0,1451128.0,5074.0,82231.0,9674190.0,37782.0,1371.0,60.0,100.0
LSO,Lesotho,COM,MR|MCF,MCF+CB/LWAL/CDL+ERL/H:1/COM,TOTAL,168.0,9761643.0,2440411.0,0.0,22186.0,12202052.0,12358.0,0.0,132.0,440.0
LSO,Lesotho,IND,MR|MCF,MCF+CB/LWAL/CDL+ERL/H:1/IND,TOTAL,50.0,3071062.0,1023687.0,0.0,8531.0,4094741.0,4768.0,0.0,171.0,360.0
LSO,Lesotho,RES,MR|MCF,MCF+CB/LWAL/CDL+ERL/H:1/RES,URBAN,7685.0,119894225.0,21157805.0,28440.0,461132.0,141052030.0,181326.0,7685.0,60.0,260.0
LSO,Lesotho,COM,MR|MCF,MCF+CB/LWAL/CDL+ERL/H:2/COM,TOTAL,86.0,9856281.0,2464070.0,0.0,22401.0,12320349.0,12488.0,0.0,260.0,440.0
LSO,Lesotho,IND,MR|MCF,MCF+CB/LWAL/CDL+ERL/H:2/IND,TOTAL,10.0,1133157.0,377718.0,0.0,3148.0,1510876.0,1761.0,0.0,315.0,360.0
LSO,Lesotho,RES,MR|MCF,MCF+CB/LWAL/CDL+ERL/H:2/RES,URBAN,7491.0,196326485.0,34645849.0,28445.0,755102.0,230972333.0,297127.0,7686.0,101.0,260.0
LSO,Lesotho,COM,MR|MCF,MCF+CB/LWAL/CDL+ERL/H:3-6/COM,TOTAL,4.0,1181305.0,295326.0,0.0,2685.0,1476632.0,1499.0,0.0,671.0,440.0
LSO,Lesotho,RES,MR|MCF,MCF+CB/LWAL/CDL+ERL/H:3-6/RES,URBAN,216.0,37744583.0,6660809.0,6318.0,145171.0,44405394.0,57203.0,1707.0,672.0,260.0
LSO,Lesotho,COM,MR|MCF,MCF+CL/LWAL/CDL+ERL/H:1/COM,TOTAL,23.0,1034389.0,258596.0,0.0,2351.0,1292984.0,1165.0,0.0,102.0,440.0
LSO,Lesotho,RES,MR|MCF,MCF+CL/LWAL/CDL+ERL/H:1/RES,URBAN,1038.0,16183536.0,2855917.0,3841.0,62244.0,19039453.0,21336.0,1038.0,60.0,260.0
LSO,Lesotho,COM,MR|MCF,MCF+CL/LWAL/CDL+ERL/H:2/COM,TOTAL,2.0,216478.0,54120.0,0.0,492.0,270598.0,244.0,0.0,246.0,440.0
LSO,Lesotho,RES,MR|MCF,MCF+CL/LWAL/CDL+ERL/H:2/RES,URBAN,1011.0,26500506.0,4676563.0,3845.0,101925.0,31177066.0,34964.0,1039.0,101.0,260.0
LSO,Lesotho,RES,MR|MCF,MCF+CL/LWAL/CDL+ERL/H:3-6/RES,URBAN,29.0,4907103.0,865957.0,825.0,18873.0,5773061.0,6484.0,223.0,651.0,260.0
LSO,Lesotho,RES,OT,ME+MEO/LWAL/CDN+ERM/H:1/RES,RURAL,2242.0,13460561.0,2375392.0,8297.0,134606.0,15835954.0,5252.0,2242.0,60.0,100.0
LSO,Lesotho,RES,OT,ME+MEO/LWAL/CDN+ERM/H:1/RES,URBAN,4409.0,37023916.0,6533632.0,16318.0,264457.0,43557549.0,10319.0,4409.0,60.0,140.0
LSO,Lesotho,COM,ADO|ST|E,MUR+ADO/LWAL/CDN+ERN/H:1/COM,TOTAL,431.0,8377501.0,2792501.0,0.0,55850.0,11170000.0,4740.0,0.0,130.0,150.0
LSO,Lesotho,RES,ADO|ST|E,MUR+ADO/LWAL/CDN+ERN/H:1/RES,RURAL,15963.0,57473581.0,10142397.0,59074.0,957893.0,67615977.0,58836.0,15963.0,60.0,60.0
LSO,Lesotho,RES,ADO|ST|E,MUR+ADO/LWAL/CDN+ERN/H:1/RES,URBAN,4066.0,24399792.0,4305845.0,15048.0,243998.0,28705637.0,14987.0,4066.0,60.0,100.0
LSO,Lesotho,COM,ADO|ST|E,MUR+ADO/LWAL/CDN+ERN/H:2/COM,TOTAL,214.0,8307455.0,2769150.0,0.0,55383.0,11076605.0,4714.0,0.0,259.0,150.0
LSO,Lesotho,RES,ADO|ST|E,MUR+ADO/LWAL/CDN+ERN/H:2/RES,RURAL,15567.0,94113128.0,16608199.0,59090.0,1568552.0,110721327.0,96598.0,15968.0,101.0,60.0
LSO,Lesotho,RES,ADO|ST|E,MUR+ADO/LWAL/CDN+ERN/H:2/RES,URBAN,3964.0,39955008.0,7050883.0,15045.0,399550.0,47005893.0,24606.0,4065.0,101.0,100.0
LSO,Lesotho,COM,ADO|ST|E,MUR+ADO/LWAL/CDN+ERN/H:3/COM,TOTAL,6.0,622637.0,207546.0,0.0,4151.0,830183.0,354.0,0.0,692.0,150.0
LSO,Lesotho,RES,ADO|ST|E,MUR+ADO/LWAL/CDN+ERN/H:3/RES,RURAL,207.0,8570675.0,1512473.0,6225.0,142845.0,10083146.0,8820.0,1682.0,690.0,60.0
LSO,Lesotho,RES,ADO|ST|E,MUR+ADO/LWAL/CDN+ERN/H:3/RES,URBAN,54.0,3638606.0,642107.0,1591.0,36386.0,4280711.0,2247.0,430.0,674.0,100.0
LSO,Lesotho,COM,MUR,MUR+CB/LWAL/CDN+ERN/H:1/COM,TOTAL,3032.0,98569312.0,24642327.0,0.0,394277.0,123211639.0,332340.0,0.0,130.0,250.0
LSO,Lesotho,IND,MUR,MUR+CB/LWAL/CDN+ERN/H:1/IND,TOTAL,735.0,43829036.0,14609680.0,0.0,162330.0,58438704.0,130578.0,0.0,221.0,270.0
LSO,Lesotho,RES,MUR,MUR+CB/LWAL/CDN+ERN/H:1/RES,URBAN,64901.0,973499261.0,171793986.0,240175.0,3893997.0,1145293247.0,2525689.0,64901.0,60.0,250.0
LSO,Lesotho,RES,MUR,MUR+CB/LWAL/CDN+ERN/H:1/RES,RURAL,66204.0,715003080.0,126177014.0,244997.0,3972239.0,841180095.0,2576438.0,66204.0,60.0,180.0
LSO,Lesotho,COM,MUR,MUR+CB/LWAL/CDN+ERN/H:2/COM,TOTAL,1513.0,98566745.0,24641691.0,0.0,394267.0,123208430.0,332509.0,0.0,261.0,250.0
LSO,Lesotho,IND,MUR,MUR+CB/LWAL/CDN+ERN/H:2/IND,TOTAL,251.0,31874852.0,10624951.0,0.0,118055.0,42499797.0,95017.0,0.0,470.0,270.0
LSO,Lesotho,RES,MUR,MUR+CB/LWAL/CDN+ERN/H:2/RES,URBAN,63277.0,1594105268.0,281312694.0,240179.0,6376421.0,1875417961.0,4137850.0,64902.0,101.0,250.0
LSO,Lesotho,RES,MUR,MUR+CB/LWAL/CDN+ERN/H:2/RES,RURAL,64549.0,1170817401.0,206614836.0,244990.0,6504541.0,1377432236.0,4220991.0,66202.0,101.0,180.0
LSO,Lesotho,COM,MUR,MUR+CB/LWAL/CDN+ERN/H:3/COM,TOTAL,58.0,12526180.0,3131548.0,0.0,50105.0,15657723.0,42279.0,0.0,864.0,250.0
LSO,Lesotho,RES,MUR,MUR+CB/LWAL/CDN+ERN/H:3/RES,RURAL,869.0,106623224.0,18815863.0,25783.0,592351.0,125439091.0,384583.0,6967.0,682.0,180.0
LSO,Lesotho,RES,MUR,MUR+CB/LWAL/CDN+ERN/H:3/RES,URBAN,851.0,145170749.0,25618365.0,25283.0,580683.0,170789113.0,377008.0,6832.0,682.0,250.0
LSO,Lesotho,COM,MUR,MUR+CL/LWAL/CDN+ERN/H:1/COM,TOTAL,259.0,8381904.0,2095477.0,0.0,33528.0,10477381.0,20873.0,0.0,129.0,250.0
LSO,Lesotho,IND,MUR,MUR+CL/LWAL/CDN+ERN/H:1/IND,TOTAL,64.0,3187142.0,1062380.0,0.0,11804.0,4249518.0,6802.0,0.0,184.0,270.0
LSO,Lesotho,RES,MUR,MUR+CL/LWAL/CDN+ERN/H:1/RES,URBAN,8759.0,131404532.0,23189035.0,32414.0,525618.0,154593567.0,241500.0,8759.0,60.0,250.0
LSO,Lesotho,RES,MUR,MUR+CL/LWAL/CDN+ERN/H:1/RES,RURAL,3545.0,38292351.0,6757473.0,13120.0,212735.0,45049825.0,97743.0,3545.0,60.0,180.0
LSO,Lesotho,COM,MUR,MUR+CL/LWAL/CDN+ERN/H:2/COM,TOTAL,132.0,8333137.0,2083293.0,0.0,33333.0,10416422.0,20764.0,0.0,253.0,250.0
LSO,Lesotho,IND,MUR,MUR+CL/LWAL/CDN+ERN/H:2/IND,TOTAL,13.0,1093728.0,364577.0,0.0,4051.0,1458307.0,2336.0,0.0,312.0,270.0
LSO,Lesotho,RES,MUR,MUR+CL/LWAL/CDN+ERN/H:2/RES,URBAN,8540.0,215175107.0,37972078.0,32434.0,860700.0,253147185.0,395669.0,8764.0,101.0,250.0
LSO,Lesotho,RES,MUR,MUR+CL/LWAL/CDN+ERN/H:2/RES,RURAL,3457.0,62704172.0,11065441.0,13112.0,348357.0,73769617.0,160141.0,3543.0,101.0,180.0
LSO,Lesotho,COM,MUR,MUR+CL/LWAL/CDN+ERN/H:3/COM,TOTAL,1.0,147242.0,36810.0,0.0,589.0,184052.0,367.0,0.0,589.0,250.0
LSO,Lesotho,RES,MUR,MUR+CL/LWAL/CDN+ERN/H:3/RES,URBAN,116.0,19595354.0,3458004.0,3408.0,78381.0,23053358.0,36052.0,921.0,676.0,250.0
LSO,Lesotho,RES,MUR,MUR+CL/LWAL/CDN+ERN/H:3/RES,RURAL,45.0,5710262.0,1007692.0,1380.0,31724.0,6717955.0,14591.0,373.0,705.0,180.0
LSO,Lesotho,COM,ADO|ST|E,MUR+STDRE/LWAL/CDN+ERN/H:1/COM,TOTAL,165.0,9900343.0,3300114.0,0.0,21522.0,13200456.0,6544.0,0.0,130.0,460.0
LSO,Lesotho,IND,ADO|ST|E,MUR+STDRE/LWAL/CDN+ERN/H:1/IND,TOTAL,41.0,2949081.0,1587968.0,0.0,8937.0,4537050.0,2641.0,0.0,218.0,330.0
LSO,Lesotho,RES,ADO|ST|E,MUR+STDRE/LWAL/CDN+ERN/H:1/RES,URBAN,10380.0,155705769.0,27477489.0,38411.0,622823.0,183183260.0,148084.0,10380.0,60.0,250.0
LSO,Lesotho,COM,ADO|ST|E,MUR+STDRE/LWAL/CDN+ERN/H:2/COM,TOTAL,85.0,10014667.0,3338225.0,0.0,21771.0,13352888.0,6629.0,0.0,256.0,460.0
LSO,Lesotho,IND,ADO|ST|E,MUR+STDRE/LWAL/CDN+ERN/H:2/IND,TOTAL,9.0,1177824.0,634213.0,0.0,3569.0,1812036.0,1056.0,0.0,397.0,330.0
LSO,Lesotho,RES,ADO|ST|E,MUR+STDRE/LWAL/CDN+ERN/H:2/RES,URBAN,10121.0,254968411.0,44994427.0,38411.0,1019874.0,299962837.0,242767.0,10380.0,101.0,250.0
LSO,Lesotho,COM,ADO|ST|E,MUR+STDRE/LWAL/CDN+ERN/H:3/COM,TOTAL,1.0,297175.0,99058.0,0.0,646.0,396233.0,197.0,0.0,646.0,460.0
LSO,Lesotho,RES,ADO|ST|E,MUR+STDRE/LWAL/CDN+ERN/H:3/RES,URBAN,136.0,23219944.0,4097636.0,4035.0,92880.0,27317577.0,22134.0,1090.0,683.0,250.0
LSO,Lesotho,COM,ADO|ST|E,MUR+STRUB/LWAL/CDN+ERN/H:1/COM,TOTAL,2239.0,133944270.0,44648088.0,0.0,291183.0,178592358.0,88533.0,0.0,130.0,460.0
LSO,Lesotho,IND,ADO|ST|E,MUR+STRUB/LWAL/CDN+ERN/H:1/IND,TOTAL,589.0,42686393.0,22984982.0,0.0,129353.0,65671378.0,38219.0,0.0,220.0,330.0
LSO,Lesotho,RES,ADO|ST|E,MUR+STRUB/LWAL/CDN+ERN/H:1/RES,RURAL,97572.0,1170862961.0,206622875.0,361080.0,5854315.0,1377485836.0,1391933.0,97572.0,60.0,200.0
LSO,Lesotho,COM,ADO|ST|E,MUR+STRUB/LWAL/CDN+ERN/H:2/COM,TOTAL,1122.0,133945681.0,44648560.0,0.0,291186.0,178594236.0,88655.0,0.0,260.0,460.0
LSO,Lesotho,IND,ADO|ST|E,MUR+STRUB/LWAL/CDN+ERN/H:2/IND,TOTAL,195.0,31044928.0,16716503.0,0.0,94076.0,47761427.0,27835.0,0.0,482.0,330.0
LSO,Lesotho,RES,ADO|ST|E,MUR+STRUB/LWAL/CDN+ERN/H:2/RES,RURAL,95133.0,1917288265.0,338344989.0,361081.0,9586441.0,2255633250.0,2281918.0,97573.0,101.0,200.0
LSO,Lesotho,COM,ADO|ST|E,MUR+STRUB/LWAL/CDN+ERN/H:3/COM,TOTAL,42.0,17861630.0,5953877.0,0.0,38830.0,23815506.0,11838.0,0.0,925.0,460.0
LSO,Lesotho,RES,ADO|ST|E,MUR+STRUB/LWAL/CDN+ERN/H:3/RES,RURAL,1285.0,174601876.0,30812096.0,38003.0,873009.0,205413973.0,208047.0,10269.0,679.0,200.0
LSO,Lesotho,IND,S,S+SL/LFM/CDL+ERL/H:1/IND,TOTAL,380.0,29549159.0,9849720.0,0.0,82081.0,39398880.0,28013.0,0.0,216.0,360.0
LSO,Lesotho,IND,S,S+SL/LFM/CDL+ERL/H:2/IND,TOTAL,117.0,20035677.0,6678559.0,0.0,55655.0,26714237.0,19007.0,0.0,476.0,360.0
LSO,Lesotho,IND,S,S/LFM/CDL+ERL/H:1/IND,TOTAL,210.0,17753945.0,5917983.0,0.0,49317.0,23671931.0,16831.0,0.0,235.0,360.0
LSO,Lesotho,IND,S,S/LFM/CDL+ERL/H:2/IND,TOTAL,72.0,10728545.0,3576181.0,0.0,29802.0,14304730.0,10178.0,0.0,414.0,360.0
LSO,Lesotho,RES,W,W+WWD/LWAL/CDN+ERM/H:1/RES,RURAL,12621.0,189302893.0,47325723.0,46705.0,757212.0,236628618.0,10110.0,12621.0,60.0,250.0
LSO,Lesotho,RES,W,W+WWD/LWAL/CDN+ERM/H:1/RES,URBAN,759.0,11388202.0,2847050.0,2807.0,45553.0,14235252.0,608.0,759.0,60.0,250.0
LSO,Lesotho,RES,W,W+WWD/LWAL/CDN+ERM/H:2/RES,RURAL,5275.0,132849994.0,33212500.0,20020.0,531400.0,166062495.0,7099.0,5410.0,101.0,250.0
LSO,Lesotho,RES,W,W+WWD/LWAL/CDN+ERM/H:2/RES,URBAN,315.0,7919636.0,1979909.0,1184.0,31679.0,9899545.0,423.0,320.0,101.0,250.0
LBR,Liberia,COM,CR-,CR/LFINF/CDL+ERL/H:1/COM,TOTAL,44.0,3574087.0,630723.0,0.0,5765.0,4204808.0,2856.0,0.0,131.0,620.0
LBR,Liberia,IND,CR-,CR/LFINF/CDL+ERL/H:1/IND,TOTAL,52.0,4723052.0,1574351.0,0.0,10496.0,6297406.0,5168.0,0.0,202.0,450.0
LBR,Liberia,RES,CR-,CR/LFINF/CDL+ERL/H:1/RES,URBAN,466.0,11744712.0,2072596.0,2398.0,27964.0,13817308.0,9586.0,466.0,60.0,420.0
LBR,Liberia,COM,CR-,CR/LFINF/CDL+ERL/H:2/COM,TOTAL,90.0,14084951.0,2485581.0,0.0,22718.0,16570533.0,11264.0,0.0,252.0,620.0
LBR,Liberia,IND,CR-,CR/LFINF/CDL+ERL/H:2/IND,TOTAL,10.0,1885264.0,628422.0,0.0,4189.0,2513684.0,2065.0,0.0,419.0,450.0
LBR,Liberia,RES,CR-,CR/LFINF/CDL+ERL/H:2/RES,URBAN,1593.0,67327680.0,11881355.0,8389.0,160304.0,79209033.0,54989.0,1631.0,101.0,420.0
LBR,Liberia,COM,CR-,CR/LFINF/CDL+ERL/H:3/COM,TOTAL,57.0,14883698.0,2626534.0,0.0,24006.0,17510228.0,11912.0,0.0,421.0,620.0
LBR,Liberia,RES,CR-,CR/LFINF/CDL+ERL/H:3/RES,URBAN,1270.0,78168350.0,13794416.0,8294.0,186115.0,91962765.0,63890.0,1612.0,147.0,420.0
LBR,Liberia,COM,CR-,CR/LFINF/CDL+ERL/H:4-7/COM,TOTAL,12.0,7468460.0,1317964.0,0.0,12046.0,8786424.0,5991.0,0.0,1004.0,620.0
LBR,Liberia,RES,CR-,CR/LFINF/CDL+ERL/H:4-7/RES,URBAN,57.0,23001299.0,4059052.0,3507.0,54765.0,27060353.0,18840.0,682.0,961.0,420.0
LBR,Liberia,COM,CR-,CR/LFINF/CDL+ERL/H:>7/COM,TOTAL,1.0,1813246.0,319985.0,0.0,2925.0,2133230.0,1457.0,0.0,2925.0,620.0
LBR,Liberia,RES,CR-,CR/LFINF/CDL+ERL/H:>7/RES,URBAN,15.0,6521796.0,1150905.0,1063.0,15528.0,7672700.0,5350.0,206.0,1035.0,420.0
LBR,Liberia,COM,CR-,CR/LWAL/CDL+ERL/H:1/COM,TOTAL,8.0,692789.0,122257.0,0.0,1117.0,815045.0,607.0,0.0,140.0,620.0
LBR,Liberia,IND,CR-,CR/LWAL/CDL+ERL/H:1/IND,TOTAL,10.0,864301.0,288100.0,0.0,1921.0,1152402.0,1000.0,0.0,192.0,450.0
LBR,Liberia,RES,CR-,CR/LWAL/CDL+ERL/H:1/RES,URBAN,154.0,3905710.0,689244.0,795.0,9299.0,4594953.0,3786.0,154.0,60.0,420.0
LBR,Liberia,COM,CR-,CR/LWAL/CDL+ERL/H:2/COM,TOTAL,16.0,2611184.0,460797.0,0.0,4212.0,3071981.0,2289.0,0.0,263.0,620.0
LBR,Liberia,IND,CR-,CR/LWAL/CDL+ERL/H:2/IND,TOTAL,3.0,437012.0,145671.0,0.0,971.0,582682.0,506.0,0.0,324.0,450.0
LBR,Liberia,RES,CR-,CR/LWAL/CDL+ERL/H:2/RES,URBAN,533.0,22357457.0,3945435.0,2787.0,53232.0,26302887.0,21688.0,542.0,100.0,420.0
LBR,Liberia,COM,CR-,CR/LWAL/CDL+ERL/H:3/COM,TOTAL,20.0,4283482.0,755909.0,0.0,6909.0,5039390.0,3758.0,0.0,345.0,620.0
LBR,Liberia,RES,CR-,CR/LWAL/CDL+ERL/H:3/RES,URBAN,420.0,25550757.0,4508956.0,2678.0,60835.0,30059713.0,24804.0,520.0,145.0,420.0
LBR,Liberia,COM,CR-,CR/LWAL/CDL+ERL/H:4-7/COM,TOTAL,2.0,1359759.0,239957.0,0.0,2193.0,1599716.0,1196.0,0.0,1096.0,620.0
LBR,Liberia,RES,CR-,CR/LWAL/CDL+ERL/H:4-7/RES,URBAN,18.0,6957031.0,1227712.0,1063.0,16564.0,8184744.0,6769.0,206.0,920.0,420.0
LBR,Liberia,RES,CR-,CR/LWAL/CDL+ERL/H:>7/RES,URBAN,3.0,1699036.0,299830.0,284.0,4045.0,1998866.0,1656.0,55.0,1348.0,420.0
LBR,Liberia,RES,OT,INF/LN/CDN+ERN/H:1/EWV/RES,RURAL,8744.0,41972731.0,7406952.0,45057.0,524659.0,49379682.0,7005.0,8744.0,60.0,80.0
LBR,Liberia,RES,OT,INF/LN/CDN+ERN/H:1/EWV/RES,URBAN,18310.0,164783264.0,29079398.0,93267.0,1098555.0,193862665.0,14667.0,18310.0,60.0,150.0
LBR,Liberia,RES,OT,MATO/LN/CDN+ERN/H:1/RES,URBAN,9998.0,89974751.0,15877898.0,51275.0,599832.0,105852648.0,275598.0,9998.0,60.0,150.0
LBR,Liberia,RES,OT,MATO/LN/CDN+ERN/H:1/RES,RURAL,5883.0,28241277.0,4983754.0,30024.0,353016.0,33225031.0,162197.0,5883.0,60.0,80.0
LBR,Liberia,COM,MR|MCF,MCF+CB/LWAL/CDL+ERL/H:1/COM,TOTAL,1296.0,104257589.0,26064394.0,0.0,168157.0,130321988.0,93670.0,0.0,130.0,620.0
LBR,Liberia,IND,MR|MCF,MCF+CB/LWAL/CDL+ERL/H:1/IND,TOTAL,293.0,28759734.0,9586578.0,0.0,63911.0,38346311.0,35721.0,0.0,218.0,450.0
LBR,Liberia,RES,MR|MCF,MCF+CB/LWAL/CDL+ERL/H:1/RES,URBAN,12193.0,307209531.0,54213448.0,62933.0,731451.0,361422980.0,287621.0,12193.0,60.0,420.0
LBR,Liberia,COM,MR|MCF,MCF+CB/LWAL/CDL+ERL/H:2/COM,TOTAL,644.0,103988521.0,25997128.0,0.0,167723.0,129985650.0,93500.0,0.0,260.0,620.0
LBR,Liberia,IND,MR|MCF,MCF+CB/LWAL/CDL+ERL/H:2/IND,TOTAL,96.0,20008185.0,6669399.0,0.0,44463.0,26677573.0,24873.0,0.0,463.0,450.0
LBR,Liberia,RES,MR|MCF,MCF+CB/LWAL/CDL+ERL/H:2/RES,URBAN,11889.0,503033585.0,88770632.0,62916.0,1197699.0,591804216.0,471285.0,12190.0,101.0,420.0
LBR,Liberia,COM,MR|MCF,MCF+CB/LWAL/CDL+ERL/H:3-6/COM,TOTAL,49.0,28543595.0,7135898.0,0.0,46038.0,35679493.0,25704.0,0.0,940.0,620.0
LBR,Liberia,RES,MR|MCF,MCF+CB/LWAL/CDL+ERL/H:3-6/RES,URBAN,337.0,96029831.0,16946440.0,13888.0,228642.0,112976273.0,90094.0,2689.0,678.0,420.0
LBR,Liberia,COM,MR|MCF,MCF+CL/LWAL/CDL+ERL/H:1/COM,TOTAL,296.0,23186839.0,5796708.0,0.0,37398.0,28983549.0,18528.0,0.0,126.0,620.0
LBR,Liberia,IND,MR|MCF,MCF+CL/LWAL/CDL+ERL/H:1/IND,TOTAL,79.0,7402708.0,2467573.0,0.0,16450.0,9870271.0,8099.0,0.0,208.0,450.0
LBR,Liberia,RES,MR|MCF,MCF+CL/LWAL/CDL+ERL/H:1/RES,URBAN,2790.0,70276846.0,12401797.0,14390.0,167326.0,82678645.0,57357.0,2790.0,60.0,420.0
LBR,Liberia,COM,MR|MCF,MCF+CL/LWAL/CDL+ERL/H:2/COM,TOTAL,138.0,22288514.0,5572132.0,0.0,35949.0,27860644.0,17824.0,0.0,260.0,620.0
LBR,Liberia,IND,MR|MCF,MCF+CL/LWAL/CDL+ERL/H:2/IND,TOTAL,23.0,4541531.0,1513841.0,0.0,10092.0,6055372.0,4973.0,0.0,439.0,450.0
LBR,Liberia,RES,MR|MCF,MCF+CL/LWAL/CDL+ERL/H:2/RES,URBAN,2719.0,115009607.0,20295810.0,14378.0,273832.0,135305416.0,93933.0,2787.0,101.0,420.0
LBR,Liberia,COM,MR|MCF,MCF+CL/LWAL/CDL+ERL/H:3-6/COM,TOTAL,7.0,4161215.0,1040304.0,0.0,6712.0,5201518.0,3333.0,0.0,959.0,620.0
LBR,Liberia,RES,MR|MCF,MCF+CL/LWAL/CDL+ERL/H:3-6/RES,URBAN,74.0,21473280.0,3789402.0,3094.0,51127.0,25262684.0,17563.0,599.0,691.0,420.0
LBR,Liberia,RES,OT,ME+MEO/LWAL/CDN+ERM/H:1/RES,RURAL,7282.0,34948728.0,6167423.0,37556.0,436859.0,41116153.0,17046.0,7282.0,60.0,80.0
LBR,Liberia,RES,OT,ME+MEO/LWAL/CDN+ERM/H:1/RES,URBAN,47329.0,425958207.0,75169095.0,243582.0,2839721.0,501127301.0,110804.0,47329.0,60.0,150.0
LBR,Liberia,COM,ADO|ST|E,MUR+ADO/LWAL/CDN+ERN/H:1/COM,TOTAL,10414.0,474059706.0,158019903.0,0.0,1354456.0,632079611.0,114940.0,0.0,130.0,350.0
LBR,Liberia,RES,ADO|ST|E,MUR+ADO/LWAL/CDN+ERN/H:1/RES,RURAL,24286.0,116584069.0,20573661.0,125228.0,1457301.0,137157730.0,89511.0,24286.0,60.0,80.0
LBR,Liberia,RES,ADO|ST|E,MUR+ADO/LWAL/CDN+ERN/H:1/RES,URBAN,47426.0,426838691.0,75324475.0,244907.0,2845591.0,502163166.0,174782.0,47426.0,60.0,150.0
LBR,Liberia,COM,ADO|ST|E,MUR+ADO/LWAL/CDN+ERN/H:2/COM,TOTAL,5209.0,474059890.0,158019965.0,0.0,1354457.0,632079849.0,115274.0,0.0,260.0,350.0
LBR,Liberia,RES,ADO|ST|E,MUR+ADO/LWAL/CDN+ERN/H:2/RES,URBAN,46244.0,698948539.0,123343861.0,244913.0,4659657.0,822292400.0,286963.0,47427.0,101.0,150.0
LBR,Liberia,RES,ADO|ST|E,MUR+ADO/LWAL/CDN+ERN/H:2/RES,RURAL,23682.0,190905981.0,33689291.0,125232.0,2386325.0,224595270.0,146961.0,24287.0,101.0,80.0
LBR,Liberia,COM,ADO|ST|E,MUR+ADO/LWAL/CDN+ERN/H:3/COM,TOTAL,214.0,65936637.0,21978878.0,0.0,188390.0,87915509.0,16080.0,0.0,880.0,350.0
LBR,Liberia,RES,ADO|ST|E,MUR+ADO/LWAL/CDN+ERN/H:3/RES,URBAN,621.0,63651082.0,11232546.0,25797.0,424341.0,74883629.0,26202.0,4996.0,683.0,150.0
LBR,Liberia,RES,ADO|ST|E,MUR+ADO/LWAL/CDN+ERN/H:3/RES,RURAL,323.0,17285346.0,3050355.0,13103.0,216067.0,20335702.0,13341.0,2541.0,669.0,80.0
LBR,Liberia,COM,MUR,MUR+CB/LWAL/CDN+ERN/H:1/COM,TOTAL,11567.0,842310364.0,210577586.0,0.0,1504126.0,1052887955.0,1267842.0,0.0,130.0,560.0
LBR,Liberia,IND,MUR,MUR+CB/LWAL/CDN+ERN/H:1/IND,TOTAL,2946.0,200535185.0,66845062.0,0.0,646888.0,267380247.0,520356.0,0.0,220.0,310.0
LBR,Liberia,RES,MUR,MUR+CB/LWAL/CDN+ERN/H:1/RES,URBAN,72918.0,1925074817.0,339719086.0,376355.0,4375170.0,2264793900.0,2837783.0,72918.0,60.0,440.0
LBR,Liberia,RES,MUR,MUR+CB/LWAL/CDN+ERN/H:1/RES,RURAL,14488.0,312952027.0,55226828.0,74605.0,869311.0,368178854.0,563845.0,14488.0,60.0,360.0
LBR,Liberia,COM,MUR,MUR+CB/LWAL/CDN+ERN/H:2/COM,TOTAL,5787.0,842310824.0,210577706.0,0.0,1504126.0,1052888522.0,1268521.0,0.0,260.0,560.0
LBR,Liberia,IND,MUR,MUR+CB/LWAL/CDN+ERN/H:2/IND,TOTAL,978.0,145843138.0,48614378.0,0.0,470462.0,194457526.0,378654.0,0.0,481.0,310.0
LBR,Liberia,RES,MUR,MUR+CB/LWAL/CDN+ERN/H:2/RES,URBAN,71097.0,3152308712.0,556289774.0,376345.0,7164338.0,3708598486.0,4649153.0,72916.0,101.0,440.0
LBR,Liberia,RES,MUR,MUR+CB/LWAL/CDN+ERN/H:2/RES,RURAL,14125.0,512461010.0,90434298.0,74611.0,1423503.0,602895309.0,923753.0,14489.0,101.0,360.0
LBR,Liberia,COM,MUR,MUR+CB/LWAL/CDN+ERN/H:3/COM,TOTAL,237.0,116217754.0,29054440.0,0.0,207532.0,145272197.0,175118.0,0.0,876.0,560.0
LBR,Liberia,RES,MUR,MUR+CB/LWAL/CDN+ERN/H:3/RES,RURAL,187.0,45956916.0,8110043.0,7721.0,127658.0,54066958.0,82882.0,1499.0,683.0,360.0
LBR,Liberia,RES,MUR,MUR+CB/LWAL/CDN+ERN/H:3/RES,URBAN,959.0,286699779.0,50594078.0,39567.0,651590.0,337293855.0,423044.0,7666.0,679.0,440.0
LBR,Liberia,COM,MUR,MUR+CL/LWAL/CDN+ERN/H:1/COM,TOTAL,3514.0,255691530.0,63922883.0,0.0,456592.0,319614408.0,284259.0,0.0,130.0,560.0
LBR,Liberia,IND,MUR,MUR+CL/LWAL/CDN+ERN/H:1/IND,TOTAL,1146.0,77715298.0,25905105.0,0.0,250695.0,103620391.0,144453.0,0.0,219.0,310.0
LBR,Liberia,RES,MUR,MUR+CL/LWAL/CDN+ERN/H:1/RES,RURAL,7793.0,168344574.0,29707865.0,40273.0,467624.0,198052438.0,214854.0,7793.0,60.0,360.0
LBR,Liberia,RES,MUR,MUR+CL/LWAL/CDN+ERN/H:1/RES,URBAN,16682.0,440380648.0,77714230.0,86055.0,1000865.0,518094880.0,459857.0,16682.0,60.0,440.0
LBR,Liberia,COM,MUR,MUR+CL/LWAL/CDN+ERN/H:2/COM,TOTAL,1758.0,255863690.0,63965921.0,0.0,456899.0,319829612.0,284611.0,0.0,260.0,560.0
LBR,Liberia,IND,MUR,MUR+CL/LWAL/CDN+ERN/H:2/IND,TOTAL,380.0,55276451.0,18425485.0,0.0,178311.0,73701933.0,102807.0,0.0,469.0,310.0
LBR,Liberia,RES,MUR,MUR+CL/LWAL/CDN+ERN/H:2/RES,RURAL,7601.0,275625781.0,48639844.0,40263.0,765627.0,324265624.0,351963.0,7791.0,101.0,360.0
LBR,Liberia,RES,MUR,MUR+CL/LWAL/CDN+ERN/H:2/RES,URBAN,16264.0,721090216.0,127251214.0,86048.0,1638841.0,848341432.0,753384.0,16680.0,101.0,440.0
LBR,Liberia,COM,MUR,MUR+CL/LWAL/CDN+ERN/H:3/COM,TOTAL,68.0,32163905.0,8040976.0,0.0,57436.0,40204879.0,35798.0,0.0,845.0,560.0
LBR,Liberia,RES,MUR,MUR+CL/LWAL/CDN+ERN/H:3/RES,URBAN,216.0,64909076.0,11454542.0,8956.0,147521.0,76363619.0,67852.0,1735.0,683.0,440.0
LBR,Liberia,RES,MUR,MUR+CL/LWAL/CDN+ERN/H:3/RES,RURAL,101.0,24237495.0,4277205.0,4101.0,67326.0,28514703.0,30967.0,793.0,667.0,360.0
LBR,Liberia,COM,ADO|ST|E,MUR+STDRE/LWAL/CDN+ERN/H:1/COM,TOTAL,1038.0,51211928.0,17070644.0,0.0,134768.0,68282571.0,40976.0,0.0,130.0,380.0
LBR,Liberia,IND,ADO|ST|E,MUR+STDRE/LWAL/CDN+ERN/H:1/IND,TOTAL,249.0,30066226.0,16189505.0,0.0,55678.0,46255734.0,16451.0,0.0,224.0,540.0
LBR,Liberia,RES,ADO|ST|E,MUR+STDRE/LWAL/CDN+ERN/H:1/RES,URBAN,11824.0,255402956.0,45071111.0,60816.0,709453.0,300474064.0,168681.0,11824.0,60.0,360.0
LBR,Liberia,COM,ADO|ST|E,MUR+STDRE/LWAL/CDN+ERN/H:2/COM,TOTAL,518.0,51138403.0,17046134.0,0.0,134575.0,68184544.0,40973.0,0.0,260.0,380.0
LBR,Liberia,IND,ADO|ST|E,MUR+STDRE/LWAL/CDN+ERN/H:2/IND,TOTAL,83.0,21221380.0,11426903.0,0.0,39299.0,32648277.0,11628.0,0.0,473.0,540.0
LBR,Liberia,RES,ADO|ST|E,MUR+STDRE/LWAL/CDN+ERN/H:2/RES,URBAN,11530.0,418205444.0,73800958.0,60814.0,1161682.0,492006405.0,276522.0,11823.0,101.0,360.0
LBR,Liberia,COM,ADO|ST|E,MUR+STDRE/LWAL/CDN+ERN/H:3/COM,TOTAL,20.0,6090979.0,2030327.0,0.0,16029.0,8121304.0,4887.0,0.0,801.0,380.0
LBR,Liberia,RES,ADO|ST|E,MUR+STDRE/LWAL/CDN+ERN/H:3/RES,URBAN,158.0,37950842.0,6697206.0,6378.0,105419.0,44648051.0,25122.0,1240.0,667.0,360.0
LBR,Liberia,COM,ADO|ST|E,MUR+STRUB/LWAL/CDN+ERN/H:1/COM,TOTAL,775.0,38268501.0,12756163.0,0.0,100707.0,51024668.0,30619.0,0.0,130.0,380.0
LBR,Liberia,IND,ADO|ST|E,MUR+STRUB/LWAL/CDN+ERN/H:1/IND,TOTAL,260.0,30707788.0,16534961.0,0.0,56866.0,47242749.0,16802.0,0.0,219.0,540.0
LBR,Liberia,RES,ADO|ST|E,MUR+STRUB/LWAL/CDN+ERN/H:1/RES,RURAL,2790.0,40194851.0,7093210.0,14371.0,167479.0,47288062.0,39820.0,2790.0,60.0,240.0
LBR,Liberia,COM,ADO|ST|E,MUR+STRUB/LWAL/CDN+ERN/H:2/COM,TOTAL,388.0,38287816.0,12762608.0,0.0,100757.0,51050417.0,30677.0,0.0,260.0,380.0
LBR,Liberia,IND,ADO|ST|E,MUR+STRUB/LWAL/CDN+ERN/H:2/IND,TOTAL,89.0,21940115.0,11813908.0,0.0,40630.0,33754018.0,12022.0,0.0,457.0,540.0
LBR,Liberia,RES,ADO|ST|E,MUR+STRUB/LWAL/CDN+ERN/H:2/RES,RURAL,2715.0,65738204.0,11600860.0,14337.0,273909.0,77339063.0,65200.0,2783.0,101.0,240.0
LBR,Liberia,COM,ADO|ST|E,MUR+STRUB/LWAL/CDN+ERN/H:3/COM,TOTAL,14.0,4169196.0,1389733.0,0.0,10972.0,5558930.0,3345.0,0.0,784.0,380.0
LBR,Liberia,RES,ADO|ST|E,MUR+STRUB/LWAL/CDN+ERN/H:3/RES,RURAL,37.0,5291873.0,933861.0,1344.0,22049.0,6225732.0,5255.0,259.0,596.0,240.0
LBR,Liberia,IND,S,S+SL/LFM/CDL+ERL/H:1/IND,TOTAL,890.0,87837977.0,29279323.0,0.0,195196.0,117117313.0,66617.0,0.0,219.0,450.0
LBR,Liberia,IND,S,S+SL/LFM/CDL+ERL/H:2/IND,TOTAL,294.0,62430675.0,20810228.0,0.0,138735.0,83240905.0,47379.0,0.0,472.0,450.0
LBR,Liberia,IND,S,S/LFM/CDL+ERL/H:1/IND,TOTAL,933.0,92374938.0,30791648.0,0.0,205278.0,123166583.0,70058.0,0.0,220.0,450.0
LBR,Liberia,IND,S,S/LFM/CDL+ERL/H:2/IND,TOTAL,307.0,65382636.0,21794210.0,0.0,145295.0,87176844.0,49620.0,0.0,473.0,450.0
LBR,Liberia,RES,W,W+WWD/LWAL/CDN+ERM/H:1/RES,RURAL,274258.0,2468318952.0,617079735.0,1403549.0,16455460.0,3085398687.0,219701.0,274258.0,60.0,150.0
LBR,Liberia,RES,W,W+WWD/LWAL/CDN+ERM/H:1/RES,URBAN,116529.0,2237364430.0,559341107.0,588603.0,6991764.0,2796705536.0,93349.0,116529.0,60.0,320.0
LBR,Liberia,RES,W,W+WWD/LWAL/CDN+ERM/H:2/RES,URBAN,48693.0,1570150171.0,392537545.0,252261.0,4906719.0,1962687713.0,65550.0,49941.0,101.0,320.0
LBR,Liberia,RES,W,W+WWD/LWAL/CDN+ERM/H:2/RES,RURAL,114598.0,1732231319.0,433057833.0,601524.0,11548209.0,2165289152.0,154276.0,117540.0,101.0,150.0
LBR,Liberia,COM,W,W/LWAL/CDL+ERM/H:1/COM,TOTAL,386.0,8878047.0,2959349.0,0.0,49322.0,11837398.0,9416.0,0.0,128.0,180.0
LBR,Liberia,RES,W,W/LWAL/CDL+ERM/H:1/RES,RURAL,684.0,6131525.0,1532881.0,3480.0,40877.0,7664408.0,4323.0,684.0,60.0,150.0
LBR,Liberia,RES,W,W/LWAL/CDL+ERM/H:1/RES,URBAN,1635.0,31392155.0,7848040.0,8412.0,98100.0,39240194.0,10375.0,1635.0,60.0,320.0
LBR,Liberia,COM,W,W/LWAL/CDL+ERM/H:2/COM,TOTAL,192.0,8845212.0,2948405.0,0.0,49140.0,11793615.0,9385.0,0.0,256.0,180.0
LBR,Liberia,RES,W,W/LWAL/CDL+ERM/H:2/RES,RURAL,666.0,10006693.0,2501671.0,3456.0,66711.0,12508366.0,7060.0,679.0,100.0,150.0
LBR,Liberia,RES,W,W/LWAL/CDL+ERM/H:2/RES,URBAN,1593.0,51367477.0,12841869.0,8406.0,160523.0,64209345.0,16988.0,1634.0,101.0,320.0
LBR,Liberia,COM,W,W/LWAL/CDL+ERM/H:3/COM,TOTAL,56.0,4364712.0,1454903.0,0.0,24248.0,5819617.0,4633.0,0.0,433.0,180.0
LBR,Liberia,RES,W,W/LWAL/CDL+ERM/H:3/RES,RURAL,266.0,5657840.0,1414460.0,1636.0,37719.0,7072297.0,3994.0,322.0,142.0,150.0
LBR,Liberia,RES,W,W/LWAL/CDL+ERM/H:3/RES,URBAN,636.0,29602720.0,7400682.0,4121.0,92508.0,37003402.0,9796.0,801.0,145.0,320.0
LBY,Libya,COM,CR-,CR/LDUAL/CDL+ERL/H:1/COM,TOTAL,589.0,30410528.0,7602631.0,0.0,76026.0,38013158.0,39477.0,0.0,129.0,400.0
LBY,Libya,IND,CR-,CR/LDUAL/CDL+ERL/H:1/IND,TOTAL,1163.0,76497865.0,25499290.0,0.0,254993.0,101997156.0,129169.0,0.0,219.0,300.0
LBY,Libya,RES,CR-,CR/LDUAL/CDL+ERL/H:1/RES,URBAN,9431.0,141436212.0,35359053.0,51742.0,565745.0,176795265.0,212129.0,9431.0,60.0,250.0
LBY,Libya,COM,CR-,CR/LDUAL/CDL+ERL/H:2/COM,TOTAL,1028.0,106832175.0,26708041.0,0.0,267080.0,133540213.0,138792.0,0.0,260.0,400.0
LBY,Libya,IND,CR-,CR/LDUAL/CDL+ERL/H:2/IND,TOTAL,393.0,55433624.0,18477874.0,0.0,184779.0,73911495.0,93686.0,0.0,470.0,300.0
LBY,Libya,RES,CR-,CR/LDUAL/CDL+ERL/H:2/RES,URBAN,32179.0,810606748.0,202651687.0,181073.0,3242427.0,1013258435.0,1216654.0,33002.0,101.0,250.0
LBY,Libya,COM,CR-,CR/LDUAL/CDL+ERL/H:3/COM,TOTAL,687.0,123005276.0,30751317.0,0.0,307513.0,153756590.0,159930.0,0.0,448.0,400.0
LBY,Libya,RES,CR-,CR/LDUAL/CDL+ERL/H:3/RES,URBAN,25712.0,946394985.0,236598746.0,181071.0,3785580.0,1182993730.0,1421500.0,33002.0,147.0,250.0
LBY,Libya,COM,CR-,CR/LDUAL/CDL+ERL/H:4-7/COM,TOTAL,173.0,82608649.0,20652161.0,0.0,206522.0,103260807.0,107662.0,0.0,1194.0,400.0
LBY,Libya,RES,CR-,CR/LDUAL/CDL+ERL/H:4-7/RES,URBAN,1179.0,282872703.0,70718174.0,77600.0,1131491.0,353590876.0,425811.0,14143.0,960.0,250.0
LBY,Libya,COM,CR-,CR/LDUAL/CDL+ERL/H:>7/COM,TOTAL,27.0,31304044.0,7826013.0,0.0,78260.0,39130054.0,40862.0,0.0,2899.0,400.0
LBY,Libya,RES,CR-,CR/LDUAL/CDL+ERL/H:>7/RES,URBAN,296.0,88397494.0,22099375.0,25858.0,353590.0,110496865.0,133260.0,4713.0,1195.0,250.0
LBY,Libya,COM,CR-,CR/LFINF/CDL+ERL/H:1/COM,TOTAL,1465.0,76297343.0,19074335.0,0.0,190743.0,95371681.0,94499.0,0.0,130.0,400.0
LBY,Libya,IND,CR-,CR/LFINF/CDL+ERL/H:1/IND,TOTAL,2896.0,191241487.0,63747165.0,0.0,637472.0,254988657.0,313857.0,0.0,220.0,300.0
LBY,Libya,RES,CR-,CR/LFINF/CDL+ERL/H:1/RES,URBAN,23571.0,353590544.0,88397636.0,129324.0,1414362.0,441988185.0,484822.0,23571.0,60.0,250.0
LBY,Libya,COM,CR-,CR/LFINF/CDL+ERL/H:2/COM,TOTAL,2569.0,267086859.0,66771720.0,0.0,667717.0,333858577.0,331061.0,0.0,260.0,400.0
LBY,Libya,IND,CR-,CR/LFINF/CDL+ERL/H:2/IND,TOTAL,971.0,139082521.0,46360842.0,0.0,463608.0,185443368.0,228462.0,0.0,477.0,300.0
LBY,Libya,RES,CR-,CR/LFINF/CDL+ERL/H:2/RES,URBAN,80441.0,2026516830.0,506629212.0,452669.0,8106067.0,2533146041.0,2780640.0,82503.0,101.0,250.0
LBY,Libya,COM,CR-,CR/LFINF/CDL+ERL/H:3/COM,TOTAL,1713.0,308177037.0,77044265.0,0.0,770443.0,385221301.0,382292.0,0.0,450.0,400.0
LBY,Libya,RES,CR-,CR/LFINF/CDL+ERL/H:3/RES,URBAN,64284.0,2365987167.0,591496792.0,452675.0,9463949.0,2957483959.0,3248776.0,82505.0,147.0,250.0
LBY,Libya,COM,CR-,CR/LFINF/CDL+ERL/H:4-7/COM,TOTAL,440.0,210645241.0,52661309.0,0.0,526613.0,263306550.0,261916.0,0.0,1197.0,400.0
LBY,Libya,RES,CR-,CR/LFINF/CDL+ERL/H:4-7/RES,URBAN,2946.0,707181375.0,176795343.0,194007.0,2828726.0,883976719.0,973140.0,35360.0,960.0,250.0
LBY,Libya,COM,CR-,CR/LFINF/CDL+ERL/H:>7/COM,TOTAL,71.0,87625185.0,21906295.0,0.0,219063.0,109531484.0,109123.0,0.0,3085.0,400.0
LBY,Libya,RES,CR-,CR/LFINF/CDL+ERL/H:>7/RES,URBAN,735.0,220994280.0,55248571.0,64689.0,883977.0,276242852.0,304543.0,11790.0,1203.0,250.0
LBY,Libya,COM,CR-,CR/LWAL/CDL+ERL/H:1/COM,TOTAL,288.0,15052357.0,3763089.0,0.0,37631.0,18815450.0,20437.0,0.0,131.0,400.0
LBY,Libya,IND,CR-,CR/LWAL/CDL+ERL/H:1/IND,TOTAL,576.0,38249617.0,12749874.0,0.0,127499.0,50999486.0,66398.0,0.0,221.0,300.0
LBY,Libya,RES,CR-,CR/LWAL/CDL+ERL/H:1/RES,URBAN,4713.0,70717581.0,17679397.0,25858.0,282870.0,88396979.0,115164.0,4713.0,60.0,250.0
LBY,Libya,COM,CR-,CR/LWAL/CDL+ERL/H:2/COM,TOTAL,508.0,53380217.0,13345057.0,0.0,133451.0,66725279.0,72533.0,0.0,263.0,400.0
LBY,Libya,IND,CR-,CR/LWAL/CDL+ERL/H:2/IND,TOTAL,199.0,27503778.0,9167929.0,0.0,91679.0,36671700.0,47788.0,0.0,461.0,300.0
LBY,Libya,RES,CR-,CR/LWAL/CDL+ERL/H:2/RES,URBAN,16084.0,405303862.0,101325968.0,90524.0,1621215.0,506629831.0,660526.0,16499.0,101.0,250.0
LBY,Libya,COM,CR-,CR/LWAL/CDL+ERL/H:3/COM,TOTAL,336.0,60720571.0,15180145.0,0.0,151801.0,75900717.0,82573.0,0.0,452.0,400.0
LBY,Libya,RES,CR-,CR/LWAL/CDL+ERL/H:3/RES,URBAN,12861.0,473196977.0,118299247.0,90544.0,1892788.0,591496225.0,771743.0,16503.0,147.0,250.0
LBY,Libya,COM,CR-,CR/LWAL/CDL+ERL/H:4-7/COM,TOTAL,87.0,40380741.0,10095183.0,0.0,100952.0,50475925.0,55045.0,0.0,1160.0,400.0
LBY,Libya,RES,CR-,CR/LWAL/CDL+ERL/H:4-7/RES,URBAN,591.0,141436212.0,35359053.0,38806.0,565745.0,176795265.0,231182.0,7073.0,957.0,250.0
LBY,Libya,COM,CR-,CR/LWAL/CDL+ERL/H:>7/COM,TOTAL,11.0,12534998.0,3133750.0,0.0,31337.0,15668748.0,17115.0,0.0,2849.0,400.0
LBY,Libya,RES,CR-,CR/LWAL/CDL+ERL/H:>7/RES,URBAN,147.0,44199055.0,11049764.0,12942.0,176796.0,55248823.0,72352.0,2359.0,1203.0,250.0
LBY,Libya,RES,ADO|ST|E,E+ETO/LWAL/CDN+ERN/H:1/RES,RURAL,43775.0,210124452.0,37080785.0,240179.0,2626556.0,247205236.0,1217530.0,43775.0,60.0,80.0
LBY,Libya,RES,ADO|ST|E,E+ETO/LWAL/CDN+ERN/H:1/RES,URBAN,49918.0,269561106.0,47569606.0,273886.0,2995123.0,317130713.0,1388379.0,49918.0,60.0,90.0
LBY,Libya,RES,OT,MATO/LN/CDN+ERN/H:1/RES,RURAL,5002.0,30017637.0,7504408.0,27443.0,300176.0,37522045.0,139146.0,5002.0,60.0,100.0
LBY,Libya,RES,OT,MATO/LN/CDN+ERN/H:1/RES,URBAN,11093.0,106493094.0,26623273.0,60864.0,665582.0,133116371.0,308528.0,11093.0,60.0,160.0
LBY,Libya,COM,MR|MCF,MCF/LWAL/CDL+ERL/H:1/COM,TOTAL,5280.0,274714639.0,48479053.0,0.0,686787.0,323193691.0,340250.0,0.0,130.0,400.0
LBY,Libya,IND,MR|MCF,MCF/LWAL/CDL+ERL/H:1/IND,TOTAL,2320.0,152990894.0,50996962.0,0.0,509970.0,203987861.0,251082.0,0.0,220.0,300.0
LBY,Libya,RES,MR|MCF,MCF/LWAL/CDL+ERL/H:1/RES,URBAN,84859.0,1272926152.0,224634027.0,465593.0,5091705.0,1497560182.0,1745359.0,84859.0,60.0,250.0
LBY,Libya,COM,MR|MCF,MCF/LWAL/CDL+ERL/H:2/COM,TOTAL,2643.0,274716126.0,48479316.0,0.0,686790.0,323195440.0,340518.0,0.0,260.0,400.0
LBY,Libya,IND,MR|MCF,MCF/LWAL/CDL+ERL/H:2/IND,TOTAL,769.0,111266775.0,37088923.0,0.0,370889.0,148355697.0,182771.0,0.0,482.0,300.0
LBY,Libya,RES,MR|MCF,MCF/LWAL/CDL+ERL/H:2/RES,URBAN,82737.0,2084417646.0,367838410.0,465585.0,8337671.0,2452256054.0,2860087.0,84858.0,101.0,250.0
LBY,Libya,COM,MR|MCF,MCF/LWAL/CDL+ERL/H:3-6/COM,TOTAL,232.0,82196607.0,14505282.0,0.0,205492.0,96701888.0,102044.0,0.0,886.0,400.0
LBY,Libya,RES,MR|MCF,MCF/LWAL/CDL+ERL/H:3-6/RES,URBAN,2357.0,400735732.0,70718069.0,103458.0,1602943.0,471453802.0,550653.0,18856.0,680.0,250.0
LBY,Libya,RES,OT,ME+MEO/LWAL/CDN+ERM/H:1/RES,RURAL,3753.0,22513467.0,5628367.0,20594.0,225135.0,28141834.0,82991.0,3753.0,60.0,100.0
LBY,Libya,RES,OT,ME+MEO/LWAL/CDN+ERM/H:1/RES,URBAN,16642.0,159739629.0,39934907.0,91306.0,998373.0,199674536.0,368028.0,16642.0,60.0,160.0
LBY,Libya,COM,ADO|ST|E,MUR+ADO/LWAL/CDN+ERN/H:1/COM,TOTAL,4863.0,113728292.0,28432075.0,0.0,631824.0,142160365.0,393193.0,0.0,130.0,180.0
LBY,Libya,RES,ADO|ST|E,MUR+ADO/LWAL/CDN+ERN/H:1/RES,RURAL,20794.0,99808890.0,17613332.0,114087.0,1247611.0,117422226.0,578326.0,20794.0,60.0,80.0
LBY,Libya,RES,ADO|ST|E,MUR+ADO/LWAL/CDN+ERN/H:1/RES,URBAN,23715.0,128041339.0,22595532.0,130114.0,1422682.0,150636870.0,659479.0,23715.0,60.0,90.0
LBY,Libya,COM,ADO|ST|E,MUR+ADO/LWAL/CDN+ERN/H:2/COM,TOTAL,2426.0,113740578.0,28435148.0,0.0,631892.0,142175730.0,393467.0,0.0,260.0,180.0
LBY,Libya,RES,ADO|ST|E,MUR+ADO/LWAL/CDN+ERN/H:2/RES,RURAL,20274.0,163437124.0,28841842.0,114088.0,2042964.0,192278972.0,947538.0,20794.0,101.0,80.0
LBY,Libya,RES,ADO|ST|E,MUR+ADO/LWAL/CDN+ERN/H:2/RES,URBAN,23118.0,209668087.0,37000254.0,130085.0,2329645.0,246668341.0,1080502.0,23709.0,101.0,90.0
LBY,Libya,COM,ADO|ST|E,MUR+ADO/LWAL/CDN+ERN/H:3/COM,TOTAL,89.0,14380139.0,3595038.0,0.0,79890.0,17975177.0,49775.0,0.0,898.0,180.0
LBY,Libya,RES,ADO|ST|E,MUR+ADO/LWAL/CDN+ERN/H:3/RES,RURAL,277.0,14883904.0,2626572.0,12013.0,186049.0,17510476.0,86339.0,2189.0,672.0,80.0
LBY,Libya,RES,ADO|ST|E,MUR+ADO/LWAL/CDN+ERN/H:3/RES,URBAN,310.0,19093945.0,3369523.0,13682.0,212155.0,22463469.0,98454.0,2494.0,684.0,90.0
LBY,Libya,COM,MUR,MUR+CB/LWAL/CDN+ERN/H:1/COM,TOTAL,6377.0,198992530.0,49748127.0,0.0,829136.0,248740662.0,606830.0,0.0,130.0,240.0
LBY,Libya,IND,MUR,MUR+CB/LWAL/CDN+ERN/H:1/IND,TOTAL,2947.0,116595998.0,38865330.0,0.0,647756.0,155461331.0,444358.0,0.0,220.0,180.0
LBY,Libya,RES,MUR,MUR+CB/LWAL/CDN+ERN/H:1/RES,RURAL,20794.0,124761114.0,22016664.0,114087.0,1247611.0,146777781.0,690996.0,20794.0,60.0,100.0
LBY,Libya,RES,MUR,MUR+CB/LWAL/CDN+ERN/H:1/RES,URBAN,89576.0,967423894.0,170721862.0,491474.0,5374577.0,1138145759.0,2976738.0,89576.0,60.0,180.0
LBY,Libya,COM,MUR,MUR+CB/LWAL/CDN+ERN/H:2/COM,TOTAL,3191.0,198988631.0,49747163.0,0.0,829119.0,248735799.0,607165.0,0.0,260.0,240.0
LBY,Libya,IND,MUR,MUR+CB/LWAL/CDN+ERN/H:2/IND,TOTAL,975.0,84711275.0,28237095.0,0.0,470618.0,112948364.0,323038.0,0.0,483.0,180.0
LBY,Libya,RES,MUR,MUR+CB/LWAL/CDN+ERN/H:2/RES,URBAN,87337.0,1584156958.0,279557112.0,491463.0,8800872.0,1863714072.0,4876982.0,89574.0,101.0,180.0
LBY,Libya,RES,MUR,MUR+CB/LWAL/CDN+ERN/H:2/RES,RURAL,20274.0,204296404.0,36052303.0,114088.0,2042964.0,240348711.0,1132104.0,20794.0,101.0,100.0
LBY,Libya,COM,MUR,MUR+CB/LWAL/CDN+ERN/H:3/COM,TOTAL,124.0,26008613.0,6502154.0,0.0,108369.0,32510773.0,79404.0,0.0,874.0,240.0
LBY,Libya,RES,MUR,MUR+CB/LWAL/CDN+ERN/H:3/RES,URBAN,1181.0,144265263.0,25458575.0,51747.0,801474.0,169723835.0,444369.0,9431.0,679.0,180.0
LBY,Libya,RES,MUR,MUR+CB/LWAL/CDN+ERN/H:3/RES,RURAL,277.0,18604878.0,3283216.0,12013.0,186049.0,21888095.0,103153.0,2189.0,672.0,100.0
LBY,Libya,COM,MUR,MUR+CL/LWAL/CDN+ERN/H:1/COM,TOTAL,6377.0,198992530.0,49748127.0,0.0,829136.0,248740662.0,515982.0,0.0,130.0,240.0
LBY,Libya,IND,MUR,MUR+CL/LWAL/CDN+ERN/H:1/IND,TOTAL,2947.0,116595998.0,38865330.0,0.0,647756.0,155461331.0,376535.0,0.0,220.0,180.0
LBY,Libya,RES,MUR,MUR+CL/LWAL/CDN+ERN/H:1/RES,URBAN,89576.0,967423894.0,170721862.0,491474.0,5374577.0,1138145759.0,2491366.0,89576.0,60.0,180.0
LBY,Libya,RES,MUR,MUR+CL/LWAL/CDN+ERN/H:1/RES,RURAL,20794.0,124761114.0,22016664.0,114087.0,1247611.0,146777781.0,578326.0,20794.0,60.0,100.0
LBY,Libya,COM,MUR,MUR+CL/LWAL/CDN+ERN/H:2/COM,TOTAL,3191.0,198988631.0,49747163.0,0.0,829119.0,248735799.0,516277.0,0.0,260.0,240.0
LBY,Libya,IND,MUR,MUR+CL/LWAL/CDN+ERN/H:2/IND,TOTAL,975.0,84711275.0,28237095.0,0.0,470618.0,112948364.0,273741.0,0.0,483.0,180.0
LBY,Libya,RES,MUR,MUR+CL/LWAL/CDN+ERN/H:2/RES,RURAL,20274.0,204296404.0,36052303.0,114088.0,2042964.0,240348711.0,947538.0,20794.0,101.0,100.0
LBY,Libya,RES,MUR,MUR+CL/LWAL/CDN+ERN/H:2/RES,URBAN,87337.0,1584156958.0,279557112.0,491463.0,8800872.0,1863714072.0,4081893.0,89574.0,101.0,180.0
LBY,Libya,COM,MUR,MUR+CL/LWAL/CDN+ERN/H:3/COM,TOTAL,124.0,26008613.0,6502154.0,0.0,108369.0,32510773.0,67519.0,0.0,874.0,240.0
LBY,Libya,RES,MUR,MUR+CL/LWAL/CDN+ERN/H:3/RES,RURAL,277.0,18604878.0,3283216.0,12013.0,186049.0,21888095.0,86339.0,2189.0,672.0,100.0
LBY,Libya,RES,MUR,MUR+CL/LWAL/CDN+ERN/H:3/RES,URBAN,1181.0,144265263.0,25458575.0,51747.0,801474.0,169723835.0,371936.0,9431.0,679.0,180.0
LBY,Libya,COM,ADO|ST|E,MUR+STDRE/LWAL/CDN+ERN/H:1/COM,TOTAL,552.0,27401760.0,6850442.0,0.0,72110.0,34252200.0,44875.0,0.0,131.0,380.0
LBY,Libya,IND,ADO|ST|E,MUR+STDRE/LWAL/CDN+ERN/H:1/IND,TOTAL,239.0,15863243.0,5287749.0,0.0,52877.0,21150993.0,30737.0,0.0,221.0,300.0
LBY,Libya,RES,ADO|ST|E,MUR+STDRE/LWAL/CDN+ERN/H:1/RES,URBAN,10537.0,189690797.0,33474845.0,57814.0,632303.0,223165639.0,293102.0,10537.0,60.0,300.0
LBY,Libya,COM,ADO|ST|E,MUR+STDRE/LWAL/CDN+ERN/H:2/COM,TOTAL,283.0,27353410.0,6838351.0,0.0,71983.0,34191759.0,44822.0,0.0,254.0,380.0
LBY,Libya,IND,ADO|ST|E,MUR+STDRE/LWAL/CDN+ERN/H:2/IND,TOTAL,76.0,10663234.0,3554410.0,0.0,35544.0,14217641.0,20675.0,0.0,468.0,300.0
LBY,Libya,RES,ADO|ST|E,MUR+STDRE/LWAL/CDN+ERN/H:2/RES,URBAN,10272.0,310620091.0,54815310.0,57821.0,1035400.0,365435401.0,480224.0,10538.0,101.0,300.0
LBY,Libya,COM,ADO|ST|E,MUR+STDRE/LWAL/CDN+ERN/H:3/COM,TOTAL,8.0,2270468.0,567618.0,0.0,5975.0,2838087.0,3723.0,0.0,747.0,380.0
LBY,Libya,RES,ADO|ST|E,MUR+STDRE/LWAL/CDN+ERN/H:3/RES,URBAN,141.0,28174661.0,4971999.0,6050.0,93916.0,33146657.0,43583.0,1103.0,666.0,300.0
LBY,Libya,COM,ADO|ST|E,MUR+STRUB/LWAL/CDN+ERN/H:1/COM,TOTAL,1681.0,83066530.0,20766632.0,0.0,218596.0,103833164.0,136035.0,0.0,130.0,380.0
LBY,Libya,IND,ADO|ST|E,MUR+STRUB/LWAL/CDN+ERN/H:1/IND,TOTAL,1046.0,69038407.0,23012800.0,0.0,230128.0,92051216.0,133772.0,0.0,220.0,300.0
LBY,Libya,RES,ADO|ST|E,MUR+STRUB/LWAL/CDN+ERN/H:1/RES,RURAL,29704.0,409930624.0,72340698.0,162977.0,1782307.0,482271326.0,826182.0,29704.0,60.0,230.0
LBY,Libya,COM,ADO|ST|E,MUR+STRUB/LWAL/CDN+ERN/H:2/COM,TOTAL,839.0,83080948.0,20770239.0,0.0,218634.0,103851187.0,136139.0,0.0,261.0,380.0
LBY,Libya,IND,ADO|ST|E,MUR+STRUB/LWAL/CDN+ERN/H:2/IND,TOTAL,350.0,50006513.0,16668837.0,0.0,166688.0,66675348.0,96957.0,0.0,476.0,300.0
LBY,Libya,RES,ADO|ST|E,MUR+STRUB/LWAL/CDN+ERN/H:2/RES,RURAL,28964.0,671260931.0,118457812.0,162991.0,2918526.0,789718738.0,1353628.0,29707.0,101.0,230.0
LBY,Libya,COM,ADO|ST|E,MUR+STRUB/LWAL/CDN+ERN/H:3/COM,TOTAL,31.0,9702877.0,2425720.0,0.0,25534.0,12128595.0,15909.0,0.0,824.0,380.0
LBY,Libya,RES,ADO|ST|E,MUR+STRUB/LWAL/CDN+ERN/H:3/RES,RURAL,392.0,61129594.0,10787579.0,17166.0,265781.0,71917168.0,123340.0,3129.0,678.0,230.0
LBY,Libya,IND,S,S+SL/LFM/CDL+ERL/H:1/IND,TOTAL,1546.0,102131741.0,43770742.0,0.0,340439.0,145902479.0,116187.0,0.0,220.0,300.0
LBY,Libya,IND,S,S+SL/LFM/CDL+ERL/H:2/IND,TOTAL,516.0,74011268.0,31719114.0,0.0,246704.0,105730386.0,84252.0,0.0,478.0,300.0
LBY,Libya,IND,S,S/LFM/CDL+ERL/H:1/IND,TOTAL,3358.0,221133244.0,94771397.0,0.0,737111.0,315904639.0,251565.0,0.0,220.0,300.0
LBY,Libya,IND,S,S/LFM/CDL+ERL/H:2/IND,TOTAL,1113.0,159823791.0,68495910.0,0.0,532746.0,228319710.0,181938.0,0.0,479.0,300.0
LBY,Libya,COM,W,W/LWAL/CDL+ERM/H:1/COM,TOTAL,867.0,56298147.0,18766049.0,0.0,112596.0,75064196.0,21495.0,0.0,130.0,500.0
LBY,Libya,RES,W,W/LWAL/CDL+ERM/H:1/RES,RURAL,1501.0,29717224.0,7429306.0,8236.0,90052.0,37146532.0,9524.0,1501.0,60.0,330.0
LBY,Libya,RES,W,W/LWAL/CDL+ERM/H:1/RES,URBAN,6655.0,195680394.0,48920097.0,36512.0,399348.0,244600490.0,42236.0,6655.0,60.0,490.0
LBY,Libya,COM,W,W/LWAL/CDL+ERM/H:2/COM,TOTAL,435.0,55777538.0,18592514.0,0.0,111555.0,74370058.0,21306.0,0.0,256.0,500.0
LBY,Libya,RES,W,W/LWAL/CDL+ERM/H:2/RES,RURAL,1459.0,48564393.0,12141096.0,8202.0,147165.0,60705490.0,15574.0,1495.0,101.0,330.0
LBY,Libya,RES,W,W/LWAL/CDL+ERM/H:2/RES,URBAN,6492.0,320427168.0,80106791.0,36535.0,653933.0,400533957.0,69206.0,6659.0,101.0,490.0
LBY,Libya,COM,W,W/LWAL/CDL+ERM/H:3/COM,TOTAL,138.0,29735827.0,9911944.0,0.0,59472.0,39647769.0,11364.0,0.0,431.0,500.0
LBY,Libya,RES,W,W/LWAL/CDL+ERM/H:3/RES,RURAL,581.0,27613892.0,6903477.0,3911.0,83678.0,34517367.0,8861.0,713.0,144.0,330.0
LBY,Libya,RES,W,W/LWAL/CDL+ERM/H:3/RES,URBAN,2595.0,186838510.0,46709627.0,18234.0,381303.0,233548132.0,40379.0,3323.0,147.0,490.0
MDG,Madagascar,COM,CR-,CR/LFINF/CDL+ERL/H:1/COM,TOTAL,714.0,38929979.0,6870000.0,0.0,92690.0,45799976.0,45921.0,0.0,130.0,420.0
MDG,Madagascar,IND,CR-,CR/LFINF/CDL+ERL/H:1/IND,TOTAL,1538.0,125406507.0,41802165.0,0.0,338937.0,167208679.0,166874.0,0.0,220.0,370.0
MDG,Madagascar,RES,CR-,CR/LFINF/CDL+ERL/H:1/RES,URBAN,13677.0,279051148.0,49244319.0,59403.0,820739.0,328295465.0,281337.0,13677.0,60.0,340.0
MDG,Madagascar,COM,CR-,CR/LFINF/CDL+ERL/H:2/COM,TOTAL,1252.0,136336212.0,24059330.0,0.0,324610.0,160395539.0,160945.0,0.0,259.0,420.0
MDG,Madagascar,IND,CR-,CR/LFINF/CDL+ERL/H:2/IND,TOTAL,515.0,91203473.0,30401159.0,0.0,246496.0,121604630.0,121471.0,0.0,479.0,370.0
MDG,Madagascar,RES,CR-,CR/LFINF/CDL+ERL/H:2/RES,URBAN,46683.0,1599302730.0,282229891.0,207947.0,4703832.0,1881532626.0,1613565.0,47879.0,101.0,340.0
MDG,Madagascar,COM,CR-,CR/LFINF/CDL+ERL/H:3/COM,TOTAL,833.0,157303184.0,27759384.0,0.0,374531.0,185062563.0,185842.0,0.0,450.0,420.0
MDG,Madagascar,RES,CR-,CR/LFINF/CDL+ERL/H:3/RES,URBAN,37302.0,1867216627.0,329508816.0,207921.0,5491814.0,2196725447.0,1885225.0,47873.0,147.0,340.0
MDG,Madagascar,COM,CR-,CR/LFINF/CDL+ERL/H:4-7/COM,TOTAL,214.0,106809717.0,18848773.0,0.0,254309.0,125658489.0,126483.0,0.0,1188.0,420.0
MDG,Madagascar,RES,CR-,CR/LFINF/CDL+ERL/H:4-7/RES,URBAN,1709.0,558102741.0,98488719.0,89127.0,1641479.0,656591458.0,564702.0,20521.0,960.0,340.0
MDG,Madagascar,COM,CR-,CR/LFINF/CDL+ERL/H:>7/COM,TOTAL,35.0,43334923.0,7647338.0,0.0,103178.0,50982262.0,51397.0,0.0,2948.0,420.0
MDG,Madagascar,RES,CR-,CR/LFINF/CDL+ERL/H:>7/RES,URBAN,428.0,174404554.0,30777275.0,29710.0,512955.0,205181826.0,176720.0,6840.0,1198.0,340.0
MDG,Madagascar,RES,OT,INF/LN/CDN+ERN/H:1/EWV/RES,RURAL,620124.0,1116225941.0,196981050.0,2693324.0,37207531.0,1313206985.0,496767.0,620124.0,60.0,30.0
MDG,Madagascar,RES,OT,INF/LN/CDN+ERN/H:1/EWV/RES,URBAN,62177.0,223838589.0,39500929.0,270048.0,3730643.0,263339517.0,49809.0,62177.0,60.0,60.0
MDG,Madagascar,RES,OT,MATO/LN/CDN+ERN/H:1/RES,RURAL,88589.0,159460833.0,28140149.0,384759.0,5315361.0,187600981.0,2442194.0,88589.0,60.0,30.0
MDG,Madagascar,RES,OT,MATO/LN/CDN+ERN/H:1/RES,URBAN,62177.0,223838591.0,39500928.0,270048.0,3730643.0,263339515.0,1714080.0,62177.0,60.0,60.0
MDG,Madagascar,COM,MR|MCF,MCF+CB/LWAL/CDL+ERL/H:1/COM,TOTAL,2260.0,123516179.0,30879043.0,0.0,294086.0,154395223.0,163817.0,0.0,130.0,420.0
MDG,Madagascar,IND,MR|MCF,MCF+CB/LWAL/CDL+ERL/H:1/IND,TOTAL,1083.0,88355985.0,29452000.0,0.0,238800.0,117807978.0,133471.0,0.0,220.0,370.0
MDG,Madagascar,RES,MR|MCF,MCF+CB/LWAL/CDL+ERL/H:1/RES,URBAN,43368.0,884722070.0,156127423.0,188355.0,2602124.0,1040849493.0,1023207.0,43368.0,60.0,340.0
MDG,Madagascar,COM,MR|MCF,MCF+CB/LWAL/CDL+ERL/H:2/COM,TOTAL,1131.0,123497819.0,30874456.0,0.0,294042.0,154372269.0,163918.0,0.0,260.0,420.0
MDG,Madagascar,IND,MR|MCF,MCF+CB/LWAL/CDL+ERL/H:2/IND,TOTAL,359.0,64261079.0,21420355.0,0.0,173679.0,85681439.0,97158.0,0.0,484.0,370.0
MDG,Madagascar,RES,MR|MCF,MCF+CB/LWAL/CDL+ERL/H:2/RES,URBAN,42283.0,1448732202.0,255658627.0,188369.0,4260977.0,1704390822.0,1676661.0,43371.0,101.0,340.0
MDG,Madagascar,COM,MR|MCF,MCF+CB/LWAL/CDL+ERL/H:3-6/COM,TOTAL,93.0,34365117.0,8591282.0,0.0,81822.0,42956399.0,45683.0,0.0,880.0,420.0
MDG,Madagascar,RES,MR|MCF,MCF+CB/LWAL/CDL+ERL/H:3-6/RES,URBAN,1202.0,278490893.0,49145451.0,41841.0,819091.0,327636344.0,322752.0,9634.0,681.0,340.0
MDG,Madagascar,COM,MR|MCF,MCF+CL/LWAL/CDL+ERL/H:1/COM,TOTAL,949.0,51788227.0,12947060.0,0.0,123305.0,64735280.0,61088.0,0.0,130.0,420.0
MDG,Madagascar,IND,MR|MCF,MCF+CL/LWAL/CDL+ERL/H:1/IND,TOTAL,459.0,37052797.0,12350932.0,0.0,100143.0,49403731.0,49305.0,0.0,218.0,370.0
MDG,Madagascar,RES,MR|MCF,MCF+CL/LWAL/CDL+ERL/H:1/RES,URBAN,18188.0,371012648.0,65472819.0,78994.0,1091214.0,436485468.0,374052.0,18188.0,60.0,340.0
MDG,Madagascar,COM,MR|MCF,MCF+CL/LWAL/CDL+ERL/H:2/COM,TOTAL,473.0,51778743.0,12944688.0,0.0,123283.0,64723434.0,61125.0,0.0,261.0,420.0
MDG,Madagascar,IND,MR|MCF,MCF+CL/LWAL/CDL+ERL/H:2/IND,TOTAL,151.0,26947562.0,8982521.0,0.0,72831.0,35930072.0,35891.0,0.0,482.0,370.0
MDG,Madagascar,RES,MR|MCF,MCF+CL/LWAL/CDL+ERL/H:2/RES,URBAN,17732.0,607505820.0,107206910.0,78986.0,1786782.0,714712727.0,612923.0,18186.0,101.0,340.0
MDG,Madagascar,COM,MR|MCF,MCF+CL/LWAL/CDL+ERL/H:3-6/COM,TOTAL,36.0,13616473.0,3404117.0,0.0,32420.0,17020590.0,16099.0,0.0,901.0,420.0
MDG,Madagascar,RES,MR|MCF,MCF+CL/LWAL/CDL+ERL/H:3-6/RES,URBAN,506.0,116782502.0,20608678.0,17578.0,343478.0,137391178.0,117994.0,4047.0,679.0,340.0
MDG,Madagascar,RES,OT,ME+MEO/LWAL/CDN+ERM/H:1/RES,RURAL,221472.0,398652104.0,70350372.0,961899.0,13288404.0,469002475.0,518503.0,221472.0,60.0,30.0
MDG,Madagascar,RES,OT,ME+MEO/LWAL/CDN+ERM/H:1/RES,URBAN,248712.0,895354101.0,158003662.0,1080204.0,14922568.0,1053357768.0,582267.0,248712.0,60.0,60.0
MDG,Madagascar,COM,ADO|ST|E,MUR+ADO/LWAL/CDN+ERN/H:1/COM,TOTAL,39588.0,463097013.0,154365670.0,0.0,5145522.0,617462680.0,436654.0,0.0,130.0,90.0
MDG,Madagascar,RES,ADO|ST|E,MUR+ADO/LWAL/CDN+ERN/H:1/RES,RURAL,399758.0,959422897.0,169309924.0,1736227.0,23985572.0,1128732820.0,1473246.0,399758.0,60.0,40.0
MDG,Madagascar,RES,ADO|ST|E,MUR+ADO/LWAL/CDN+ERN/H:1/RES,URBAN,339645.0,1426504311.0,251736055.0,1475144.0,20378633.0,1678240366.0,1251700.0,339645.0,60.0,70.0
MDG,Madagascar,COM,ADO|ST|E,MUR+ADO/LWAL/CDN+ERN/H:2/COM,TOTAL,19793.0,463092624.0,154364201.0,0.0,5145474.0,617456834.0,437916.0,0.0,260.0,90.0
MDG,Madagascar,RES,ADO|ST|E,MUR+ADO/LWAL/CDN+ERN/H:2/RES,URBAN,331155.0,2335900832.0,412217794.0,1475147.0,33370012.0,2748118631.0,2055074.0,339645.0,101.0,70.0
MDG,Madagascar,RES,ADO|ST|E,MUR+ADO/LWAL/CDN+ERN/H:2/RES,RURAL,389768.0,1571054459.0,277244903.0,1736248.0,39276362.0,1848299369.0,2418814.0,399762.0,101.0,40.0
MDG,Madagascar,COM,ADO|ST|E,MUR+ADO/LWAL/CDN+ERN/H:3/COM,TOTAL,830.0,67182760.0,22394252.0,0.0,746475.0,89576998.0,63714.0,0.0,899.0,90.0
MDG,Madagascar,RES,ADO|ST|E,MUR+ADO/LWAL/CDN+ERN/H:3/RES,URBAN,4467.0,212709214.0,37536920.0,155283.0,3038703.0,250246135.0,187630.0,35753.0,680.0,70.0
MDG,Madagascar,RES,ADO|ST|E,MUR+ADO/LWAL/CDN+ERN/H:3/RES,RURAL,5256.0,143063419.0,25246484.0,182756.0,3576585.0,168309905.0,220843.0,42079.0,680.0,40.0
MDG,Madagascar,COM,MUR,MUR+CB/LWAL/CDN+ERN/H:1/COM,TOTAL,27174.0,1271810720.0,317952682.0,0.0,3532808.0,1589763394.0,2977837.0,0.0,130.0,360.0
MDG,Madagascar,IND,MUR,MUR+CB/LWAL/CDN+ERN/H:1/IND,TOTAL,16420.0,722439635.0,240813213.0,0.0,3612198.0,963252839.0,2905649.0,0.0,220.0,200.0
MDG,Madagascar,RES,MUR,MUR+CB/LWAL/CDN+ERN/H:1/RES,URBAN,366223.0,4834167088.0,853088309.0,1590579.0,21973487.0,5687255397.0,14252243.0,366223.0,60.0,220.0
MDG,Madagascar,RES,MUR,MUR+CB/LWAL/CDN+ERN/H:1/RES,RURAL,147281.0,883678826.0,155943325.0,639672.0,8836788.0,1039622149.0,5731637.0,147281.0,60.0,100.0
MDG,Madagascar,COM,MUR,MUR+CB/LWAL/CDN+ERN/H:2/COM,TOTAL,13593.0,1271826357.0,317956591.0,0.0,3532851.0,1589782957.0,2979468.0,0.0,260.0,360.0
MDG,Madagascar,IND,MUR,MUR+CB/LWAL/CDN+ERN/H:2/IND,TOTAL,5479.0,525397546.0,175132517.0,0.0,2626988.0,700530065.0,2114348.0,0.0,479.0,200.0
MDG,Madagascar,RES,MUR,MUR+CB/LWAL/CDN+ERN/H:2/RES,RURAL,143601.0,1447023907.0,255357161.0,639678.0,14470239.0,1702381072.0,9390170.0,147283.0,101.0,100.0
MDG,Madagascar,RES,MUR,MUR+CB/LWAL/CDN+ERN/H:2/RES,URBAN,357066.0,7915948036.0,1396932006.0,1590598.0,35981582.0,9312880046.0,23349521.0,366227.0,101.0,220.0
MDG,Madagascar,COM,MUR,MUR+CB/LWAL/CDN+ERN/H:3/COM,TOTAL,572.0,182317206.0,45579298.0,0.0,506437.0,227896503.0,427338.0,0.0,885.0,360.0
MDG,Madagascar,RES,MUR,MUR+CB/LWAL/CDN+ERN/H:3/RES,RURAL,1940.0,131761078.0,23251956.0,67335.0,1317611.0,155013031.0,855457.0,15504.0,679.0,100.0
MDG,Madagascar,RES,MUR,MUR+CB/LWAL/CDN+ERN/H:3/RES,URBAN,4813.0,720883751.0,127214776.0,167429.0,3276744.0,848098529.0,2127422.0,38550.0,681.0,220.0
MDG,Madagascar,COM,MUR,MUR+CL/LWAL/CDN+ERN/H:1/COM,TOTAL,16672.0,780224384.0,195056095.0,0.0,2167290.0,975280482.0,1349282.0,0.0,130.0,360.0
MDG,Madagascar,IND,MUR,MUR+CL/LWAL/CDN+ERN/H:1/IND,TOTAL,11495.0,505970757.0,168656920.0,0.0,2529854.0,674627679.0,1457731.0,0.0,220.0,200.0
MDG,Madagascar,RES,MUR,MUR+CL/LWAL/CDN+ERN/H:1/RES,RURAL,147281.0,883678962.0,155943345.0,639672.0,8836790.0,1039622309.0,4060148.0,147281.0,60.0,100.0
MDG,Madagascar,RES,MUR,MUR+CL/LWAL/CDN+ERN/H:1/RES,URBAN,153576.0,2027230436.0,357746546.0,667011.0,9214684.0,2384976983.0,4233775.0,153576.0,60.0,220.0
MDG,Madagascar,COM,MUR,MUR+CL/LWAL/CDN+ERN/H:2/COM,TOTAL,8333.0,780219693.0,195054926.0,0.0,2167277.0,975274612.0,1350037.0,0.0,260.0,360.0
MDG,Madagascar,IND,MUR,MUR+CL/LWAL/CDN+ERN/H:2/IND,TOTAL,3840.0,367969036.0,122656339.0,0.0,1839845.0,490625381.0,1060784.0,0.0,479.0,200.0
MDG,Madagascar,RES,MUR,MUR+CL/LWAL/CDN+ERN/H:2/RES,URBAN,149736.0,3319588158.0,585809676.0,667018.0,15089037.0,3905397829.0,6936509.0,153578.0,101.0,220.0
MDG,Madagascar,RES,MUR,MUR+CL/LWAL/CDN+ERN/H:2/RES,RURAL,143601.0,1447023905.0,255357164.0,639678.0,14470239.0,1702381067.0,6652044.0,147283.0,101.0,100.0
MDG,Madagascar,COM,MUR,MUR+CL/LWAL/CDN+ERN/H:3/COM,TOTAL,347.0,108618065.0,27154512.0,0.0,301717.0,135772576.0,188052.0,0.0,870.0,360.0
MDG,Madagascar,RES,MUR,MUR+CL/LWAL/CDN+ERN/H:3/RES,URBAN,2027.0,302306634.0,53348233.0,70209.0,1374121.0,355654862.0,632028.0,16165.0,678.0,220.0
MDG,Madagascar,RES,MUR,MUR+CL/LWAL/CDN+ERN/H:3/RES,RURAL,1940.0,131761077.0,23251955.0,67335.0,1317611.0,155013029.0,606036.0,15504.0,679.0,100.0
MDG,Madagascar,COM,ADO|ST|E,MUR+STDRE/LWAL/CDN+ERN/H:1/COM,TOTAL,5573.0,318830488.0,106276828.0,0.0,724615.0,425107317.0,220315.0,0.0,130.0,440.0
MDG,Madagascar,IND,ADO|ST|E,MUR+STDRE/LWAL/CDN+ERN/H:1/IND,TOTAL,2682.0,165011849.0,88852533.0,0.0,589328.0,253864383.0,174126.0,0.0,220.0,280.0
MDG,Madagascar,RES,ADO|ST|E,MUR+STDRE/LWAL/CDN+ERN/H:1/RES,URBAN,118136.0,2693524024.0,475327770.0,513086.0,7088221.0,3168851788.0,1685308.0,118136.0,60.0,380.0
MDG,Madagascar,COM,ADO|ST|E,MUR+STDRE/LWAL/CDN+ERN/H:2/COM,TOTAL,2787.0,318828717.0,106276243.0,0.0,724611.0,425104956.0,220616.0,0.0,260.0,440.0
MDG,Madagascar,IND,ADO|ST|E,MUR+STDRE/LWAL/CDN+ERN/H:2/IND,TOTAL,896.0,120008183.0,64619791.0,0.0,428601.0,184627974.0,126815.0,0.0,478.0,280.0
MDG,Madagascar,RES,ADO|ST|E,MUR+STDRE/LWAL/CDN+ERN/H:2/RES,URBAN,115188.0,4410641037.0,778348419.0,513088.0,11606950.0,5188989459.0,2762872.0,118136.0,101.0,380.0
MDG,Madagascar,COM,ADO|ST|E,MUR+STDRE/LWAL/CDN+ERN/H:3/COM,TOTAL,110.0,42702314.0,14234104.0,0.0,97051.0,56936420.0,29589.0,0.0,882.0,440.0
MDG,Madagascar,RES,ADO|ST|E,MUR+STDRE/LWAL/CDN+ERN/H:3/RES,URBAN,1552.0,401658946.0,70880989.0,54015.0,1056997.0,472539935.0,251893.0,12437.0,681.0,380.0
MDG,Madagascar,COM,ADO|ST|E,MUR+STRUB/LWAL/CDN+ERN/H:1/COM,TOTAL,13639.0,780068859.0,260022955.0,0.0,1772884.0,1040091813.0,539035.0,0.0,130.0,440.0
MDG,Madagascar,IND,ADO|ST|E,MUR+STRUB/LWAL/CDN+ERN/H:1/IND,TOTAL,12238.0,753875780.0,405933113.0,0.0,2692414.0,1159808897.0,795513.0,0.0,220.0,280.0
MDG,Madagascar,RES,ADO|ST|E,MUR+STRUB/LWAL/CDN+ERN/H:1/RES,RURAL,231441.0,2499548610.0,441096815.0,1005195.0,13886381.0,2940645424.0,3301651.0,231441.0,60.0,180.0
MDG,Madagascar,COM,ADO|ST|E,MUR+STRUB/LWAL/CDN+ERN/H:2/COM,TOTAL,6824.0,780054359.0,260018119.0,0.0,1772851.0,1040072481.0,539765.0,0.0,260.0,440.0
MDG,Madagascar,IND,ADO|ST|E,MUR+STRUB/LWAL/CDN+ERN/H:2/IND,TOTAL,4082.0,548270555.0,295222605.0,0.0,1958109.0,843493169.0,579369.0,0.0,480.0,280.0
MDG,Madagascar,RES,ADO|ST|E,MUR+STRUB/LWAL/CDN+ERN/H:2/RES,RURAL,225657.0,4093011420.0,722296134.0,1005205.0,22738952.0,4815307555.0,5412689.0,231444.0,101.0,180.0
MDG,Madagascar,COM,ADO|ST|E,MUR+STRUB/LWAL/CDN+ERN/H:3/COM,TOTAL,290.0,112459323.0,37486444.0,0.0,255589.0,149945764.0,77924.0,0.0,881.0,440.0
MDG,Madagascar,RES,ADO|ST|E,MUR+STRUB/LWAL/CDN+ERN/H:3/RES,RURAL,3037.0,372719508.0,65774030.0,105803.0,2070664.0,438493537.0,493460.0,24361.0,682.0,180.0
MDG,Madagascar,IND,S,S+SL/LFM/CDL+ERL/H:1/IND,TOTAL,8964.0,730149015.0,243383004.0,0.0,1973376.0,973532018.0,673483.0,0.0,220.0,370.0
MDG,Madagascar,IND,S,S+SL/LFM/CDL+ERL/H:2/IND,TOTAL,2991.0,530969250.0,176989752.0,0.0,1435052.0,707958988.0,490084.0,0.0,480.0,370.0
MDG,Madagascar,IND,S,S/LFM/CDL+ERL/H:1/IND,TOTAL,6802.0,553066030.0,184355345.0,0.0,1494773.0,737421367.0,510144.0,0.0,220.0,370.0
MDG,Madagascar,IND,S,S/LFM/CDL+ERL/H:2/IND,TOTAL,2270.0,402176517.0,134058833.0,0.0,1086964.0,536235352.0,371208.0,0.0,479.0,370.0
MDG,Madagascar,RES,W,W+WWD/LWAL/CDN+ERM/H:1/RES,RURAL,813917.0,3906791016.0,976697755.0,3535006.0,48834888.0,4883488775.0,652007.0,813917.0,60.0,80.0
MDG,Madagascar,RES,W,W+WWD/LWAL/CDN+ERM/H:1/RES,URBAN,212180.0,1782314831.0,445578706.0,921542.0,12730820.0,2227893537.0,169972.0,212180.0,60.0,140.0
MDG,Madagascar,RES,W,W+WWD/LWAL/CDN+ERM/H:2/RES,RURAL,340100.0,2741730278.0,685432570.0,1515020.0,34271628.0,3427162842.0,457844.0,348826.0,101.0,80.0
MDG,Madagascar,RES,W,W+WWD/LWAL/CDN+ERM/H:2/RES,URBAN,88660.0,1250802915.0,312700732.0,394941.0,8934307.0,1563503645.0,119356.0,90933.0,101.0,140.0
MDG,Madagascar,COM,W,W/LWAL/CDL+ERM/H:1/COM,TOTAL,44174.0,1550310137.0,516770045.0,0.0,5741889.0,2067080183.0,1096106.0,0.0,130.0,270.0
MDG,Madagascar,RES,W,W/LWAL/CDL+ERM/H:1/RES,RURAL,155030.0,744150530.0,186037632.0,673326.0,9301882.0,930188163.0,983799.0,155030.0,60.0,80.0
MDG,Madagascar,RES,W,W/LWAL/CDL+ERM/H:1/RES,URBAN,40419.0,339488374.0,84872095.0,175547.0,2424917.0,424360464.0,256468.0,40419.0,60.0,140.0
MDG,Madagascar,COM,W,W/LWAL/CDL+ERM/H:2/COM,TOTAL,22079.0,1550290301.0,516763434.0,0.0,5741816.0,2067053734.0,1096610.0,0.0,260.0,270.0
MDG,Madagascar,RES,W,W/LWAL/CDL+ERM/H:2/RES,RURAL,151155.0,1218545824.0,304636455.0,673344.0,15231823.0,1523182280.0,1611977.0,155034.0,101.0,80.0
MDG,Madagascar,RES,W,W/LWAL/CDL+ERM/H:2/RES,URBAN,39407.0,555912117.0,138978030.0,175528.0,3970801.0,694890144.0,420228.0,40414.0,101.0,140.0
MDG,Madagascar,COM,W,W/LWAL/CDL+ERM/H:3/COM,TOTAL,7359.0,894405034.0,298135013.0,0.0,3312611.0,1192540045.0,632963.0,0.0,450.0,270.0
MDG,Madagascar,RES,W,W/LWAL/CDL+ERM/H:3/RES,RURAL,60402.0,711331168.0,177832791.0,336679.0,8891640.0,889163959.0,941586.0,77519.0,147.0,80.0
MDG,Madagascar,RES,W,W/LWAL/CDL+ERM/H:3/RES,URBAN,15742.0,324509085.0,81127270.0,87742.0,2317922.0,405636349.0,245458.0,20202.0,147.0,140.0
MWI,Malawi,COM,CR-,CR/LFINF/CDL+ERL/H:1/COM,TOTAL,60.0,4358442.0,769138.0,0.0,7783.0,5127576.0,3856.0,0.0,130.0,560.0
MWI,Malawi,IND,CR-,CR/LFINF/CDL+ERL/H:1/IND,TOTAL,139.0,12994855.0,4331616.0,0.0,30221.0,17326476.0,14879.0,0.0,217.0,430.0
MWI,Malawi,RES,CR-,CR/LFINF/CDL+ERL/H:1/RES,URBAN,4219.0,75960831.0,13404854.0,18935.0,253203.0,89365685.0,86794.0,4219.0,60.0,300.0
MWI,Malawi,COM,CR-,CR/LFINF/CDL+ERL/H:2/COM,TOTAL,105.0,15349504.0,2708738.0,0.0,27410.0,18058234.0,13590.0,0.0,261.0,560.0
MWI,Malawi,IND,CR-,CR/LFINF/CDL+ERL/H:2/IND,TOTAL,45.0,9450257.0,3150087.0,0.0,21977.0,12600344.0,10830.0,0.0,488.0,430.0
MWI,Malawi,RES,CR-,CR/LFINF/CDL+ERL/H:2/RES,URBAN,14402.0,435350721.0,76826599.0,66292.0,1451169.0,512177314.0,497797.0,14770.0,101.0,300.0
MWI,Malawi,COM,CR-,CR/LFINF/CDL+ERL/H:3/COM,TOTAL,72.0,17710943.0,3125460.0,0.0,31627.0,20836406.0,15693.0,0.0,439.0,560.0
MWI,Malawi,RES,CR-,CR/LFINF/CDL+ERL/H:3/RES,URBAN,11508.0,508268181.0,89694385.0,66290.0,1694227.0,597962565.0,581593.0,14769.0,147.0,300.0
MWI,Malawi,COM,CR-,CR/LFINF/CDL+ERL/H:4-7/COM,TOTAL,19.0,11993217.0,2116449.0,0.0,21416.0,14109668.0,10652.0,0.0,1127.0,560.0
MWI,Malawi,RES,CR-,CR/LFINF/CDL+ERL/H:4-7/RES,URBAN,528.0,151921671.0,26809704.0,28412.0,506406.0,178731374.0,174214.0,6330.0,959.0,300.0
MWI,Malawi,COM,CR-,CR/LFINF/CDL+ERL/H:>7/COM,TOTAL,2.0,4249841.0,749973.0,0.0,7589.0,4999813.0,3780.0,0.0,3794.0,560.0
MWI,Malawi,RES,CR-,CR/LFINF/CDL+ERL/H:>7/RES,URBAN,132.0,47475427.0,8378020.0,9467.0,158251.0,55853449.0,54520.0,2109.0,1199.0,300.0
MWI,Malawi,RES,CR-,CR/LWAL/CDL+ERL/H:1/RES,URBAN,50.0,907079.0,160078.0,225.0,3024.0,1067153.0,1231.0,50.0,60.0,300.0
MWI,Malawi,RES,CR-,CR/LWAL/CDL+ERL/H:2/RES,URBAN,172.0,5177362.0,913654.0,784.0,17258.0,6091013.0,7031.0,175.0,100.0,300.0
MWI,Malawi,RES,CR-,CR/LWAL/CDL+ERL/H:3/RES,URBAN,136.0,6027063.0,1063597.0,779.0,20090.0,7090660.0,8191.0,174.0,148.0,300.0
MWI,Malawi,RES,CR-,CR/LWAL/CDL+ERL/H:4-7/RES,URBAN,6.0,1814518.0,320209.0,345.0,6048.0,2134727.0,2472.0,77.0,1008.0,300.0
MWI,Malawi,RES,CR-,CR/LWAL/CDL+ERL/H:>7/RES,URBAN,2.0,493742.0,87131.0,100.0,1646.0,580873.0,674.0,22.0,823.0,300.0
MWI,Malawi,RES,ADO|ST|E,E+ETO/LWAL/CDN+ERN/H:1/RES,URBAN,5040.0,15120722.0,2668359.0,22620.0,302414.0,17789089.0,27020.0,5040.0,60.0,50.0
MWI,Malawi,RES,ADO|ST|E,E+ETO/LWAL/CDN+ERN/H:1/RES,RURAL,467866.0,1122879592.0,198155222.0,2099946.0,28071990.0,1321034815.0,2508119.0,467866.0,60.0,40.0
MWI,Malawi,RES,OT,INF/LN/CDN+ERN/H:1/EWV/RES,RURAL,64533.0,193599897.0,34164688.0,289649.0,3871998.0,227764589.0,51696.0,64533.0,60.0,50.0
MWI,Malawi,RES,OT,INF/LN/CDN+ERN/H:1/EWV/RES,URBAN,917.0,4948564.0,873276.0,4114.0,54984.0,5821843.0,734.0,917.0,60.0,90.0
MWI,Malawi,RES,OT,MATO/LN/CDN+ERN/H:1/RES,RURAL,16134.0,48399992.0,8541176.0,72414.0,968000.0,56941169.0,444757.0,16134.0,60.0,50.0
MWI,Malawi,RES,OT,MATO/LN/CDN+ERN/H:1/RES,URBAN,458.0,2474277.0,436639.0,2055.0,27492.0,2910914.0,12632.0,458.0,60.0,90.0
MWI,Malawi,COM,MR|MCF,MCF+CB/LWAL/CDL+ERL/H:1/COM,TOTAL,9.0,649040.0,162259.0,0.0,1159.0,811300.0,646.0,0.0,129.0,560.0
MWI,Malawi,IND,MR|MCF,MCF+CB/LWAL/CDL+ERL/H:1/IND,TOTAL,6.0,405918.0,135307.0,0.0,944.0,541224.0,528.0,0.0,157.0,430.0
MWI,Malawi,RES,MR|MCF,MCF+CB/LWAL/CDL+ERL/H:1/RES,URBAN,680.0,12247361.0,2161300.0,3053.0,40825.0,14408662.0,16053.0,680.0,60.0,300.0
MWI,Malawi,COM,MR|MCF,MCF+CB/LWAL/CDL+ERL/H:2/COM,TOTAL,5.0,494810.0,123702.0,0.0,884.0,618516.0,493.0,0.0,177.0,560.0
MWI,Malawi,RES,MR|MCF,MCF+CB/LWAL/CDL+ERL/H:2/RES,URBAN,663.0,20055750.0,3539250.0,3053.0,66852.0,23594990.0,26306.0,680.0,101.0,300.0
MWI,Malawi,RES,MR|MCF,MCF+CB/LWAL/CDL+ERL/H:3-6/RES,URBAN,19.0,3855445.0,680373.0,674.0,12851.0,4535820.0,5064.0,150.0,676.0,300.0
MWI,Malawi,COM,MR|MCF,MCF+CL/LWAL/CDL+ERL/H:1/COM,TOTAL,262.0,19028680.0,4757169.0,0.0,33980.0,23785843.0,16835.0,0.0,130.0,560.0
MWI,Malawi,IND,MR|MCF,MCF+CL/LWAL/CDL+ERL/H:1/IND,TOTAL,133.0,12528488.0,4176160.0,0.0,29136.0,16704654.0,14345.0,0.0,219.0,430.0
MWI,Malawi,RES,MR|MCF,MCF+CL/LWAL/CDL+ERL/H:1/RES,URBAN,18309.0,329576007.0,58160470.0,82179.0,1098587.0,387736481.0,376579.0,18309.0,60.0,300.0
MWI,Malawi,COM,MR|MCF,MCF+CL/LWAL/CDL+ERL/H:2/COM,TOTAL,131.0,19028060.0,4757016.0,0.0,33979.0,23785062.0,16847.0,0.0,259.0,560.0
MWI,Malawi,IND,MR|MCF,MCF+CL/LWAL/CDL+ERL/H:2/IND,TOTAL,45.0,9111848.0,3037286.0,0.0,21190.0,12149125.0,10442.0,0.0,471.0,430.0
MWI,Malawi,RES,MR|MCF,MCF+CL/LWAL/CDL+ERL/H:2/RES,URBAN,17853.0,539680595.0,95237752.0,82189.0,1798935.0,634918342.0,617092.0,18312.0,101.0,300.0
MWI,Malawi,COM,MR|MCF,MCF+CL/LWAL/CDL+ERL/H:3-6/COM,TOTAL,10.0,4976749.0,1244188.0,0.0,8887.0,6220939.0,4413.0,0.0,889.0,560.0
MWI,Malawi,RES,MR|MCF,MCF+CL/LWAL/CDL+ERL/H:3-6/RES,URBAN,510.0,103755795.0,18309846.0,18260.0,345853.0,122065643.0,118810.0,4068.0,678.0,300.0
MWI,Malawi,RES,OT,ME+MEO/LWAL/CDN+ERM/H:1/RES,URBAN,458.0,2474277.0,436639.0,2055.0,27492.0,2910914.0,1073.0,458.0,60.0,90.0
MWI,Malawi,RES,OT,ME+MEO/LWAL/CDN+ERM/H:1/RES,RURAL,16134.0,48399992.0,8541176.0,72414.0,968000.0,56941168.0,37771.0,16134.0,60.0,50.0
MWI,Malawi,COM,ADO|ST|E,MUR+ADO/LWAL/CDN+ERN/H:1/COM,TOTAL,15097.0,215875164.0,71958390.0,0.0,1962501.0,287833553.0,166540.0,0.0,130.0,110.0
MWI,Malawi,RES,ADO|ST|E,MUR+ADO/LWAL/CDN+ERN/H:1/RES,URBAN,231141.0,693421112.0,122368427.0,1037440.0,13868422.0,815789546.0,851829.0,231141.0,60.0,50.0
MWI,Malawi,RES,ADO|ST|E,MUR+ADO/LWAL/CDN+ERN/H:1/RES,RURAL,683953.0,1641485344.0,289673886.0,3069818.0,41037134.0,1931159227.0,2520591.0,683953.0,60.0,40.0
MWI,Malawi,COM,ADO|ST|E,MUR+ADO/LWAL/CDN+ERN/H:2/COM,TOTAL,7549.0,215875770.0,71958588.0,0.0,1962507.0,287834364.0,167024.0,0.0,260.0,110.0
MWI,Malawi,RES,ADO|ST|E,MUR+ADO/LWAL/CDN+ERN/H:2/RES,URBAN,225363.0,1135477207.0,200378327.0,1037435.0,22709544.0,1335855530.0,1398555.0,231140.0,101.0,50.0
MWI,Malawi,RES,ADO|ST|E,MUR+ADO/LWAL/CDN+ERN/H:2/RES,RURAL,666854.0,2687932205.0,474340980.0,3069819.0,67198305.0,3162273175.0,4138371.0,683953.0,101.0,40.0
MWI,Malawi,COM,ADO|ST|E,MUR+ADO/LWAL/CDN+ERN/H:3/COM,TOTAL,318.0,31424060.0,10474683.0,0.0,285673.0,41898757.0,24383.0,0.0,898.0,110.0
MWI,Malawi,RES,ADO|ST|E,MUR+ADO/LWAL/CDN+ERN/H:3/RES,RURAL,8998.0,244782941.0,43196991.0,323132.0,6119574.0,287979931.0,377864.0,71994.0,680.0,40.0
MWI,Malawi,RES,ADO|ST|E,MUR+ADO/LWAL/CDN+ERN/H:3/RES,URBAN,3040.0,103404914.0,18247924.0,109200.0,2068098.0,121652844.0,127698.0,24330.0,680.0,50.0
MWI,Malawi,COM,MUR,MUR+CB/LWAL/CDN+ERN/H:1/COM,TOTAL,225.0,8984848.0,2246208.0,0.0,28983.0,11231079.0,24431.0,0.0,129.0,310.0
MWI,Malawi,IND,MUR,MUR+CB/LWAL/CDN+ERN/H:1/IND,TOTAL,104.0,4949541.0,1649847.0,0.0,22498.0,6599388.0,18097.0,0.0,216.0,220.0
MWI,Malawi,RES,MUR,MUR+CB/LWAL/CDN+ERN/H:1/RES,RURAL,9580.0,57475010.0,10142648.0,42998.0,574750.0,67617661.0,372789.0,9580.0,60.0,100.0
MWI,Malawi,RES,MUR,MUR+CB/LWAL/CDN+ERN/H:1/RES,URBAN,3113.0,52287336.0,9227177.0,13974.0,186740.0,61514512.0,121122.0,3113.0,60.0,280.0
MWI,Malawi,COM,MUR,MUR+CB/LWAL/CDN+ERN/H:2/COM,TOTAL,109.0,8998943.0,2249737.0,0.0,29029.0,11248678.0,24482.0,0.0,266.0,310.0
MWI,Malawi,IND,MUR,MUR+CB/LWAL/CDN+ERN/H:2/IND,TOTAL,34.0,3505582.0,1168526.0,0.0,15934.0,4674105.0,12825.0,0.0,469.0,220.0
MWI,Malawi,RES,MUR,MUR+CB/LWAL/CDN+ERN/H:2/RES,URBAN,3035.0,85620796.0,15109552.0,13974.0,305789.0,100730346.0,198435.0,3113.0,101.0,280.0
MWI,Malawi,RES,MUR,MUR+CB/LWAL/CDN+ERN/H:2/RES,RURAL,9339.0,94115296.0,16608577.0,42993.0,941153.0,110723876.0,610742.0,9579.0,101.0,100.0
MWI,Malawi,COM,MUR,MUR+CB/LWAL/CDN+ERN/H:3/COM,TOTAL,2.0,792113.0,198027.0,0.0,2555.0,990140.0,2156.0,0.0,1278.0,310.0
MWI,Malawi,RES,MUR,MUR+CB/LWAL/CDN+ERN/H:3/RES,URBAN,40.0,7797233.0,1375984.0,1474.0,27847.0,9173218.0,18080.0,328.0,696.0,280.0
MWI,Malawi,RES,MUR,MUR+CB/LWAL/CDN+ERN/H:3/RES,RURAL,126.0,8570410.0,1512425.0,4532.0,85704.0,10082840.0,55643.0,1010.0,680.0,100.0
MWI,Malawi,COM,MUR,MUR+CL/LWAL/CDN+ERN/H:1/COM,TOTAL,15702.0,632769353.0,158192335.0,0.0,2041191.0,790961676.0,1270777.0,0.0,130.0,310.0
MWI,Malawi,IND,MUR,MUR+CL/LWAL/CDN+ERN/H:1/IND,TOTAL,7150.0,346017735.0,115339246.0,0.0,1572808.0,461356979.0,906271.0,0.0,220.0,220.0
MWI,Malawi,RES,MUR,MUR+CL/LWAL/CDN+ERN/H:1/RES,RURAL,718437.0,4310623205.0,760698214.0,3224594.0,43106232.0,5071321420.0,19805574.0,718437.0,60.0,100.0
MWI,Malawi,RES,MUR,MUR+CL/LWAL/CDN+ERN/H:1/RES,URBAN,154616.0,2597547980.0,458390819.0,693972.0,9276957.0,3055938802.0,4262388.0,154616.0,60.0,280.0
MWI,Malawi,COM,MUR,MUR+CL/LWAL/CDN+ERN/H:2/COM,TOTAL,7849.0,632762893.0,158190724.0,0.0,2041171.0,790953616.0,1271484.0,0.0,260.0,310.0
MWI,Malawi,IND,MUR,MUR+CL/LWAL/CDN+ERN/H:2/IND,TOTAL,2382.0,251639710.0,83879905.0,0.0,1143817.0,335519610.0,659481.0,0.0,480.0,220.0
MWI,Malawi,RES,MUR,MUR+CL/LWAL/CDN+ERN/H:2/RES,RURAL,700477.0,7058645552.0,1245643334.0,3224599.0,70586456.0,8304288886.0,32448961.0,718438.0,101.0,100.0
MWI,Malawi,RES,MUR,MUR+CL/LWAL/CDN+ERN/H:2/RES,URBAN,150750.0,4253484744.0,750614956.0,693967.0,15191017.0,5004099701.0,6983390.0,154615.0,101.0,280.0
MWI,Malawi,COM,MUR,MUR+CL/LWAL/CDN+ERN/H:3/COM,TOTAL,332.0,92128401.0,23032097.0,0.0,297188.0,115160507.0,185229.0,0.0,895.0,310.0
MWI,Malawi,RES,MUR,MUR+CL/LWAL/CDN+ERN/H:3/RES,URBAN,2033.0,387320973.0,68350762.0,73045.0,1383289.0,455671732.0,636245.0,16274.0,680.0,280.0
MWI,Malawi,RES,MUR,MUR+CL/LWAL/CDN+ERN/H:3/RES,RURAL,9453.0,642812132.0,113437434.0,339432.0,6428121.0,756249567.0,2956619.0,75625.0,680.0,100.0
MWI,Malawi,IND,S,S+SL/LFM/CDL+ERL/H:1/IND,TOTAL,1808.0,171091395.0,57030464.0,0.0,397887.0,228121862.0,135793.0,0.0,220.0,430.0
MWI,Malawi,IND,S,S+SL/LFM/CDL+ERL/H:2/IND,TOTAL,602.0,124433088.0,41477693.0,0.0,289379.0,165910775.0,98826.0,0.0,481.0,430.0
MWI,Malawi,IND,S,S/LFM/CDL+ERL/H:1/IND,TOTAL,791.0,74865209.0,24955064.0,0.0,174105.0,99820278.0,59420.0,0.0,220.0,430.0
MWI,Malawi,IND,S,S/LFM/CDL+ERL/H:2/IND,TOTAL,264.0,54450705.0,18150236.0,0.0,126630.0,72600958.0,43245.0,0.0,480.0,430.0
MWI,Malawi,RES,W,W+WWD/LWAL/CDN+ERM/H:1/RES,RURAL,327507.0,1768535244.0,442133811.0,1469966.0,19650392.0,2210669052.0,262357.0,327507.0,60.0,90.0
MWI,Malawi,RES,W,W+WWD/LWAL/CDN+ERM/H:1/RES,URBAN,3528.0,57155974.0,14288991.0,15835.0,211689.0,71444967.0,2826.0,3528.0,60.0,270.0
MWI,Malawi,RES,W,W+WWD/LWAL/CDN+ERM/H:2/RES,RURAL,136851.0,1241132770.0,310283190.0,629980.0,13790364.0,1551415955.0,184229.0,140359.0,101.0,90.0
MWI,Malawi,RES,W,W+WWD/LWAL/CDN+ERM/H:2/RES,URBAN,1475.0,40109281.0,10027321.0,6795.0,148553.0,50136601.0,1985.0,1514.0,101.0,270.0
MWI,Malawi,COM,W,W/LWAL/CDL+ERM/H:1/COM,TOTAL,203.0,9301810.0,3100604.0,0.0,26577.0,12402411.0,5074.0,0.0,131.0,350.0
MWI,Malawi,RES,W,W/LWAL/CDL+ERM/H:1/RES,RURAL,11293.0,60983895.0,15245975.0,50687.0,677599.0,76229868.0,71665.0,11293.0,60.0,90.0
MWI,Malawi,RES,W,W/LWAL/CDL+ERM/H:1/RES,URBAN,368.0,5936886.0,1484223.0,1651.0,21988.0,7421105.0,2326.0,368.0,60.0,270.0
MWI,Malawi,COM,W,W/LWAL/CDL+ERM/H:2/COM,TOTAL,102.0,9174708.0,3058231.0,0.0,26213.0,12232949.0,5007.0,0.0,257.0,350.0
MWI,Malawi,RES,W,W/LWAL/CDL+ERM/H:2/RES,RURAL,11010.0,99861216.0,24965304.0,50688.0,1109569.0,124826515.0,117425.0,11293.0,101.0,90.0
MWI,Malawi,RES,W,W/LWAL/CDL+ERM/H:2/RES,URBAN,356.0,9723842.0,2430961.0,1647.0,36014.0,12154809.0,3811.0,367.0,101.0,270.0
MWI,Malawi,COM,W,W/LWAL/CDL+ERM/H:3/COM,TOTAL,30.0,5154449.0,1718149.0,0.0,14727.0,6872603.0,2814.0,0.0,491.0,350.0
MWI,Malawi,RES,W,W/LWAL/CDL+ERM/H:3/RES,RURAL,4400.0,58294669.0,14573671.0,25349.0,647719.0,72868338.0,68591.0,5648.0,147.0,90.0
MWI,Malawi,RES,W,W/LWAL/CDL+ERM/H:3/RES,URBAN,143.0,5635226.0,1408805.0,816.0,20871.0,7044031.0,2210.0,182.0,146.0,270.0
MLI,Mali,COM,CR-,CR/LFINF/CDL+ERL/H:1/COM,TOTAL,150.0,6571441.0,1159666.0,0.0,18776.0,7731108.0,9302.0,0.0,125.0,350.0
MLI,Mali,IND,CR-,CR/LFINF/CDL+ERL/H:1/IND,TOTAL,245.0,18866321.0,6288775.0,0.0,53904.0,25155088.0,26539.0,0.0,220.0,350.0
MLI,Mali,RES,CR-,CR/LFINF/CDL+ERL/H:1/RES,URBAN,3057.0,55036284.0,9712284.0,18223.0,183454.0,64748567.0,62885.0,3057.0,60.0,300.0
MLI,Mali,COM,CR-,CR/LFINF/CDL+ERL/H:2/COM,TOTAL,256.0,23033925.0,4064810.0,0.0,65811.0,27098733.0,32630.0,0.0,257.0,350.0
MLI,Mali,IND,CR-,CR/LFINF/CDL+ERL/H:2/IND,TOTAL,82.0,13726315.0,4575437.0,0.0,39218.0,18301752.0,19326.0,0.0,478.0,350.0
MLI,Mali,RES,CR-,CR/LFINF/CDL+ERL/H:2/RES,URBAN,10437.0,315406155.0,55659910.0,63796.0,1051354.0,371066065.0,360648.0,10703.0,101.0,300.0
MLI,Mali,COM,CR-,CR/LFINF/CDL+ERL/H:3/COM,TOTAL,164.0,26408848.0,4660386.0,0.0,75454.0,31069231.0,37440.0,0.0,460.0,350.0
MLI,Mali,RES,CR-,CR/LFINF/CDL+ERL/H:3/RES,URBAN,8337.0,368138180.0,64965567.0,63754.0,1227127.0,433103744.0,421247.0,10696.0,147.0,300.0
MLI,Mali,COM,CR-,CR/LFINF/CDL+ERL/H:4-7/COM,TOTAL,44.0,17628851.0,3110974.0,0.0,50368.0,20739824.0,25051.0,0.0,1145.0,350.0
MLI,Mali,RES,CR-,CR/LFINF/CDL+ERL/H:4-7/RES,URBAN,382.0,109849483.0,19385204.0,27276.0,366165.0,129234684.0,125968.0,4576.0,959.0,300.0
MLI,Mali,COM,CR-,CR/LFINF/CDL+ERL/H:>7/COM,TOTAL,7.0,6065278.0,1070343.0,0.0,17329.0,7135621.0,8632.0,0.0,2476.0,350.0
MLI,Mali,RES,CR-,CR/LFINF/CDL+ERL/H:>7/RES,URBAN,94.0,34161458.0,6028491.0,9052.0,113872.0,40189950.0,39230.0,1519.0,1211.0,300.0
MLI,Mali,RES,ADO|ST|E,E+ETO/LWAL/CDN+ERN/H:1/RES,URBAN,104166.0,562495286.0,99263871.0,619799.0,6249948.0,661759156.0,558408.0,104166.0,60.0,90.0
MLI,Mali,RES,ADO|ST|E,E+ETO/LWAL/CDN+ERN/H:1/RES,RURAL,25734.0,123514877.0,21796743.0,151961.0,1543936.0,145311620.0,137945.0,25734.0,60.0,80.0
MLI,Mali,RES,OT,INF/LN/CDN+ERN/H:1/EWV/RES,URBAN,25719.0,169730623.0,29952461.0,150860.0,1543006.0,199683087.0,20601.0,25719.0,60.0,110.0
MLI,Mali,RES,OT,INF/LN/CDN+ERN/H:1/EWV/RES,RURAL,94972.0,512851501.0,90503207.0,557430.0,5698350.0,603354704.0,76080.0,94972.0,60.0,90.0
MLI,Mali,RES,OT,MATO/LN/CDN+ERN/H:1/RES,RURAL,83682.0,451892190.0,79745678.0,482330.0,5021024.0,531637868.0,2306958.0,83682.0,60.0,90.0
MLI,Mali,RES,OT,MATO/LN/CDN+ERN/H:1/RES,URBAN,49414.0,326137068.0,57553601.0,289612.0,2964882.0,383690669.0,1362244.0,49414.0,60.0,110.0
MLI,Mali,COM,MR|MCF,MCF/LWAL/CDL+ERL/H:1/COM,TOTAL,654.0,29739757.0,7434942.0,0.0,84971.0,37174702.0,42097.0,0.0,130.0,350.0
MLI,Mali,IND,MR|MCF,MCF/LWAL/CDL+ERL/H:1/IND,TOTAL,245.0,18866321.0,6288775.0,0.0,53904.0,25155091.0,26539.0,0.0,220.0,350.0
MLI,Mali,RES,MR|MCF,MCF/LWAL/CDL+ERL/H:1/RES,URBAN,13759.0,247663323.0,43705293.0,82007.0,825544.0,291368614.0,282984.0,13759.0,60.0,300.0
MLI,Mali,COM,MR|MCF,MCF/LWAL/CDL+ERL/H:2/COM,TOTAL,327.0,29635713.0,7408925.0,0.0,84673.0,37044633.0,41982.0,0.0,259.0,350.0
MLI,Mali,IND,MR|MCF,MCF/LWAL/CDL+ERL/H:2/IND,TOTAL,82.0,13726315.0,4575435.0,0.0,39218.0,18301750.0,19326.0,0.0,478.0,350.0
MLI,Mali,RES,MR|MCF,MCF/LWAL/CDL+ERL/H:2/RES,URBAN,13415.0,405521999.0,71562706.0,81984.0,1351740.0,477084708.0,463690.0,13755.0,101.0,300.0
MLI,Mali,COM,MR|MCF,MCF/LWAL/CDL+ERL/H:3-6/COM,TOTAL,23.0,7478811.0,1869705.0,0.0,21368.0,9348514.0,10611.0,0.0,929.0,350.0
MLI,Mali,RES,MR|MCF,MCF/LWAL/CDL+ERL/H:3-6/RES,URBAN,380.0,77587254.0,13691870.0,18131.0,258624.0,91279120.0,88844.0,3042.0,681.0,300.0
MLI,Mali,RES,OT,ME+MEO/LWAL/CDN+ERM/H:1/RES,URBAN,32187.0,212427601.0,37487225.0,190734.0,1931160.0,249914825.0,75352.0,32187.0,60.0,110.0
MLI,Mali,RES,OT,ME+MEO/LWAL/CDN+ERM/H:1/RES,RURAL,22600.0,122042833.0,21536969.0,133018.0,1356031.0,143579806.0,52911.0,22600.0,60.0,90.0
MLI,Mali,COM,ADO|ST|E,MUR+ADO/LWAL/CDN+ERN/H:1/COM,TOTAL,38739.0,654647766.0,218215926.0,0.0,5035752.0,872863689.0,427338.0,0.0,130.0,130.0
MLI,Mali,RES,ADO|ST|E,MUR+ADO/LWAL/CDN+ERN/H:1/RES,URBAN,463580.0,2503327516.0,441763679.0,2728835.0,27814750.0,2945091194.0,1708443.0,463580.0,60.0,90.0
MLI,Mali,RES,ADO|ST|E,MUR+ADO/LWAL/CDN+ERN/H:1/RES,RURAL,832700.0,3996966855.0,705347090.0,4901083.0,49962086.0,4702313945.0,3068781.0,832700.0,60.0,80.0
MLI,Mali,COM,ADO|ST|E,MUR+ADO/LWAL/CDN+ERN/H:2/COM,TOTAL,19371.0,654649070.0,218216357.0,0.0,5035762.0,872865424.0,428579.0,0.0,260.0,130.0
MLI,Mali,RES,ADO|ST|E,MUR+ADO/LWAL/CDN+ERN/H:2/RES,URBAN,451990.0,4099198886.0,723388037.0,2728842.0,45546654.0,4822586924.0,2804966.0,463581.0,101.0,90.0
MLI,Mali,RES,ADO|ST|E,MUR+ADO/LWAL/CDN+ERN/H:2/RES,RURAL,811885.0,6545033179.0,1155005855.0,4901097.0,81812915.0,7700039036.0,5038404.0,832703.0,101.0,80.0
MLI,Mali,COM,ADO|ST|E,MUR+ADO/LWAL/CDN+ERN/H:3/COM,TOTAL,813.0,95310541.0,31770177.0,0.0,733158.0,127080727.0,62578.0,0.0,902.0,130.0
MLI,Mali,RES,ADO|ST|E,MUR+ADO/LWAL/CDN+ERN/H:3/RES,RURAL,10956.0,596038849.0,105183325.0,515916.0,7450486.0,701222175.0,460043.0,87655.0,680.0,80.0
MLI,Mali,RES,ADO|ST|E,MUR+ADO/LWAL/CDN+ERN/H:3/RES,URBAN,6097.0,373302844.0,65876969.0,287209.0,4147809.0,439179812.0,256114.0,48792.0,680.0,90.0
MLI,Mali,COM,MUR,MUR+CB/LWAL/CDN+ERN/H:1/COM,TOTAL,4925.0,153603541.0,38400882.0,0.0,640015.0,192004430.0,539475.0,0.0,130.0,240.0
MLI,Mali,IND,MUR,MUR+CB/LWAL/CDN+ERN/H:1/IND,TOTAL,3322.0,146060670.0,48686896.0,0.0,730303.0,194747553.0,587456.0,0.0,220.0,200.0
MLI,Mali,RES,MUR,MUR+CB/LWAL/CDN+ERN/H:1/RES,RURAL,19806.0,166361102.0,29357844.0,116787.0,1188294.0,195718945.0,770740.0,19806.0,60.0,140.0
MLI,Mali,RES,MUR,MUR+CB/LWAL/CDN+ERN/H:1/RES,URBAN,135323.0,1623856491.0,286562911.0,808854.0,8119282.0,1910419400.0,5266255.0,135323.0,60.0,200.0
MLI,Mali,COM,MUR,MUR+CB/LWAL/CDN+ERN/H:2/COM,TOTAL,2468.0,153430787.0,38357697.0,0.0,639295.0,191788486.0,539156.0,0.0,259.0,240.0
MLI,Mali,IND,MUR,MUR+CB/LWAL/CDN+ERN/H:2/IND,TOTAL,1105.0,106210511.0,35403500.0,0.0,531053.0,141614024.0,427421.0,0.0,481.0,200.0
MLI,Mali,RES,MUR,MUR+CB/LWAL/CDN+ERN/H:2/RES,RURAL,19309.0,272411344.0,48072590.0,116779.0,1945795.0,320483936.0,1262685.0,19804.0,101.0,140.0
MLI,Mali,RES,MUR,MUR+CB/LWAL/CDN+ERN/H:2/RES,URBAN,131938.0,2659065736.0,469246897.0,808839.0,13295329.0,3128312632.0,8627735.0,135321.0,101.0,200.0
MLI,Mali,COM,MUR,MUR+CB/LWAL/CDN+ERN/H:3/COM,TOTAL,102.0,21450351.0,5362588.0,0.0,89376.0,26812934.0,75417.0,0.0,876.0,240.0
MLI,Mali,RES,MUR,MUR+CB/LWAL/CDN+ERN/H:3/RES,URBAN,1782.0,242078775.0,42719783.0,85115.0,1210394.0,284798557.0,785847.0,14239.0,679.0,200.0
MLI,Mali,RES,MUR,MUR+CB/LWAL/CDN+ERN/H:3/RES,RURAL,261.0,24702512.0,4359267.0,12242.0,176447.0,29061783.0,114558.0,2076.0,676.0,140.0
MLI,Mali,COM,MUR,MUR+CL/LWAL/CDN+ERN/H:1/COM,TOTAL,4687.0,146203938.0,36550982.0,0.0,609183.0,182754919.0,379257.0,0.0,130.0,240.0
MLI,Mali,IND,MUR,MUR+CL/LWAL/CDN+ERN/H:1/IND,TOTAL,3040.0,133571885.0,44523962.0,0.0,667859.0,178095844.0,384829.0,0.0,220.0,200.0
MLI,Mali,RES,MUR,MUR+CL/LWAL/CDN+ERN/H:1/RES,RURAL,16976.0,142595066.0,25163835.0,100100.0,1018536.0,167758904.0,467976.0,16976.0,60.0,140.0
MLI,Mali,RES,MUR,MUR+CL/LWAL/CDN+ERN/H:1/RES,URBAN,128439.0,1541261115.0,271987256.0,767499.0,7706306.0,1813248369.0,3540737.0,128439.0,60.0,200.0
MLI,Mali,COM,MUR,MUR+CL/LWAL/CDN+ERN/H:2/COM,TOTAL,2348.0,146073286.0,36518321.0,0.0,608639.0,182591611.0,379133.0,0.0,259.0,240.0
MLI,Mali,IND,MUR,MUR+CL/LWAL/CDN+ERN/H:2/IND,TOTAL,1013.0,97139526.0,32379843.0,0.0,485698.0,129519361.0,280035.0,0.0,479.0,200.0
MLI,Mali,RES,MUR,MUR+CL/LWAL/CDN+ERN/H:2/RES,RURAL,16550.0,233485651.0,41203351.0,100092.0,1667755.0,274689001.0,766676.0,16974.0,101.0,140.0
MLI,Mali,RES,MUR,MUR+CL/LWAL/CDN+ERN/H:2/RES,URBAN,125227.0,2523816158.0,445379323.0,767484.0,12619081.0,2969195482.0,5801057.0,128437.0,101.0,200.0
MLI,Mali,COM,MUR,MUR+CL/LWAL/CDN+ERN/H:3/COM,TOTAL,98.0,20306130.0,5076533.0,0.0,84609.0,25382664.0,52734.0,0.0,863.0,240.0
MLI,Mali,RES,MUR,MUR+CL/LWAL/CDN+ERN/H:3/RES,RURAL,223.0,21176800.0,3737083.0,10493.0,151263.0,24913886.0,69574.0,1779.0,678.0,140.0
MLI,Mali,RES,MUR,MUR+CL/LWAL/CDN+ERN/H:3/RES,URBAN,1693.0,229758636.0,40545643.0,80766.0,1148793.0,270304274.0,528388.0,13515.0,679.0,200.0
MLI,Mali,COM,ADO|ST|E,MUR+STRUB/LWAL/CDN+ERN/H:1/COM,TOTAL,3942.0,184384999.0,61461667.0,0.0,512181.0,245846665.0,155726.0,0.0,130.0,360.0
MLI,Mali,IND,ADO|ST|E,MUR+STRUB/LWAL/CDN+ERN/H:1/IND,TOTAL,3031.0,199901000.0,107639006.0,0.0,666337.0,307539998.0,196879.0,0.0,220.0,300.0
MLI,Mali,RES,ADO|ST|E,MUR+STRUB/LWAL/CDN+ERN/H:1/RES,URBAN,135323.0,2354591913.0,415516220.0,808854.0,8119282.0,2770108132.0,1930456.0,135323.0,60.0,290.0
MLI,Mali,RES,ADO|ST|E,MUR+STRUB/LWAL/CDN+ERN/H:1/RES,RURAL,19806.0,190126974.0,33551821.0,116787.0,1188294.0,223678792.0,282531.0,19806.0,60.0,160.0
MLI,Mali,COM,ADO|ST|E,MUR+STRUB/LWAL/CDN+ERN/H:2/COM,TOTAL,1974.0,184212858.0,61404287.0,0.0,511702.0,245617142.0,155794.0,0.0,259.0,360.0
MLI,Mali,IND,ADO|ST|E,MUR+STRUB/LWAL/CDN+ERN/H:2/IND,TOTAL,1008.0,145382502.0,78282879.0,0.0,484608.0,223665372.0,143387.0,0.0,481.0,300.0
MLI,Mali,RES,ADO|ST|E,MUR+STRUB/LWAL/CDN+ERN/H:2/RES,URBAN,131938.0,3855645463.0,680408024.0,808839.0,13295329.0,4536053485.0,3164767.0,135321.0,101.0,290.0
MLI,Mali,RES,ADO|ST|E,MUR+STRUB/LWAL/CDN+ERN/H:2/RES,RURAL,19309.0,311327250.0,54940102.0,116779.0,1945795.0,366267352.0,463169.0,19804.0,101.0,160.0
MLI,Mali,COM,ADO|ST|E,MUR+STRUB/LWAL/CDN+ERN/H:3/COM,TOTAL,82.0,25862719.0,8620909.0,0.0,71841.0,34483627.0,21903.0,0.0,876.0,360.0
MLI,Mali,RES,ADO|ST|E,MUR+STRUB/LWAL/CDN+ERN/H:3/RES,URBAN,1782.0,351005529.0,61942154.0,85113.0,1210364.0,412947687.0,288442.0,14239.0,679.0,290.0
MLI,Mali,RES,ADO|ST|E,MUR+STRUB/LWAL/CDN+ERN/H:3/RES,RURAL,261.0,28232656.0,4982234.0,12242.0,176454.0,33214890.0,42051.0,2076.0,676.0,160.0
MLI,Mali,IND,S,S+SL/LFM/CDL+ERL/H:1/IND,TOTAL,2008.0,154624074.0,51541359.0,0.0,441783.0,206165432.0,150774.0,0.0,220.0,350.0
MLI,Mali,IND,S,S+SL/LFM/CDL+ERL/H:2/IND,TOTAL,664.0,112303021.0,37434339.0,0.0,320866.0,149737368.0,109579.0,0.0,483.0,350.0
MLI,Mali,IND,S,S/LFM/CDL+ERL/H:1/IND,TOTAL,1730.0,133526435.0,44508810.0,0.0,381504.0,178035253.0,130202.0,0.0,221.0,350.0
MLI,Mali,IND,S,S/LFM/CDL+ERL/H:2/IND,TOTAL,577.0,96987450.0,32329150.0,0.0,277107.0,129316604.0,94635.0,0.0,480.0,350.0
MLI,Mali,RES,W,W+WWD/LWAL/CDN+ERM/H:1/RES,RURAL,44319.0,345700074.0,86425020.0,260130.0,2659231.0,432125095.0,35504.0,44319.0,60.0,130.0
MLI,Mali,RES,W,W+WWD/LWAL/CDN+ERM/H:1/RES,URBAN,12002.0,129611252.0,32402813.0,70399.0,720063.0,162014066.0,9614.0,12002.0,60.0,180.0
MLI,Mali,RES,W,W+WWD/LWAL/CDN+ERM/H:2/RES,RURAL,18518.0,242606903.0,60651725.0,111490.0,1866207.0,303258627.0,24931.0,18995.0,101.0,130.0
MLI,Mali,RES,W,W+WWD/LWAL/CDN+ERM/H:2/RES,URBAN,5013.0,90960474.0,22740118.0,30159.0,505336.0,113700595.0,6751.0,5142.0,101.0,180.0
MRT,Mauritania,COM,CR-,CR/LFINF/CDL+ERL/H:1/COM,TOTAL,303.0,17866339.0,3152883.0,0.0,38840.0,21019221.0,19242.0,0.0,128.0,460.0
MRT,Mauritania,IND,CR-,CR/LFINF/CDL+ERL/H:1/IND,TOTAL,421.0,37094074.0,12364688.0,0.0,92735.0,49458763.0,45658.0,0.0,220.0,400.0
MRT,Mauritania,RES,CR-,CR/LFINF/CDL+ERL/H:1/RES,URBAN,5394.0,135946252.0,23990514.0,21240.0,323682.0,159936766.0,110953.0,5394.0,60.0,420.0
MRT,Mauritania,COM,CR-,CR/LFINF/CDL+ERL/H:2/COM,TOTAL,523.0,62810994.0,11084294.0,0.0,136546.0,73895283.0,67701.0,0.0,261.0,460.0
MRT,Mauritania,IND,CR-,CR/LFINF/CDL+ERL/H:2/IND,TOTAL,140.0,26126953.0,8708984.0,0.0,65317.0,34835937.0,32188.0,0.0,467.0,400.0
MRT,Mauritania,RES,CR-,CR/LFINF/CDL+ERL/H:2/RES,URBAN,18411.0,779145324.0,137496234.0,74351.0,1855108.0,916641557.0,636361.0,18882.0,101.0,420.0
MRT,Mauritania,COM,CR-,CR/LFINF/CDL+ERL/H:3/COM,TOTAL,348.0,71750658.0,12661877.0,0.0,155980.0,84412537.0,77397.0,0.0,448.0,460.0
MRT,Mauritania,RES,CR-,CR/LFINF/CDL+ERL/H:3/RES,URBAN,14710.0,909666539.0,160529389.0,74357.0,2165873.0,1070195930.0,743499.0,18883.0,147.0,420.0
MRT,Mauritania,COM,CR-,CR/LFINF/CDL+ERL/H:4-7/COM,TOTAL,89.0,47505746.0,8383368.0,0.0,103273.0,55889111.0,51364.0,0.0,1160.0,460.0
MRT,Mauritania,RES,CR-,CR/LFINF/CDL+ERL/H:4-7/RES,URBAN,673.0,271893580.0,47981220.0,31872.0,647366.0,319874802.0,222707.0,8094.0,962.0,420.0
MRT,Mauritania,COM,CR-,CR/LFINF/CDL+ERL/H:>7/COM,TOTAL,16.0,18229618.0,3216994.0,0.0,39630.0,21446611.0,19741.0,0.0,2477.0,460.0
MRT,Mauritania,RES,CR-,CR/LFINF/CDL+ERL/H:>7/RES,URBAN,170.0,84943539.0,14990036.0,10627.0,202247.0,99933575.0,69677.0,2699.0,1190.0,420.0
MRT,Mauritania,RES,OT,INF/LN/CDN+ERN/H:1/EWV/RES,RURAL,43784.0,288977985.0,50996115.0,172414.0,2627073.0,339974099.0,35075.0,43784.0,60.0,110.0
MRT,Mauritania,RES,OT,INF/LN/CDN+ERN/H:1/EWV/RES,URBAN,16069.0,212115533.0,37432155.0,63277.0,964162.0,249547685.0,12873.0,16069.0,60.0,220.0
MRT,Mauritania,RES,OT,MATO/LN/CDN+ERN/H:1/RES,RURAL,136606.0,901611052.0,159107834.0,537929.0,8196464.0,1060718887.0,3765945.0,136606.0,60.0,110.0
MRT,Mauritania,RES,OT,MATO/LN/CDN+ERN/H:1/RES,URBAN,65424.0,863615025.0,152402652.0,257629.0,3925523.0,1016017676.0,1803619.0,65424.0,60.0,220.0
MRT,Mauritania,COM,MR|MCF,MCF/LWAL/CDL+ERL/H:1/COM,TOTAL,1356.0,80846011.0,20211504.0,0.0,175752.0,101057518.0,87072.0,0.0,130.0,460.0
MRT,Mauritania,IND,MR|MCF,MCF/LWAL/CDL+ERL/H:1/IND,TOTAL,421.0,37092470.0,12364155.0,0.0,92731.0,49456622.0,45656.0,0.0,220.0,400.0
MRT,Mauritania,RES,MR|MCF,MCF/LWAL/CDL+ERL/H:1/RES,URBAN,24275.0,611762232.0,107958040.0,95591.0,1456577.0,719720271.0,499292.0,24275.0,60.0,420.0
MRT,Mauritania,COM,MR|MCF,MCF/LWAL/CDL+ERL/H:2/COM,TOTAL,674.0,80874363.0,20218589.0,0.0,175814.0,101092955.0,87170.0,0.0,261.0,460.0
MRT,Mauritania,IND,MR|MCF,MCF/LWAL/CDL+ERL/H:2/IND,TOTAL,140.0,26104423.0,8701474.0,0.0,65261.0,34805893.0,32160.0,0.0,466.0,400.0
MRT,Mauritania,RES,MR|MCF,MCF/LWAL/CDL+ERL/H:2/RES,URBAN,23671.0,1001760863.0,176781327.0,95591.0,2385145.0,1178542191.0,818181.0,24275.0,101.0,420.0
MRT,Mauritania,COM,MR|MCF,MCF/LWAL/CDL+ERL/H:3-6/COM,TOTAL,58.0,22016956.0,5504239.0,0.0,47863.0,27521196.0,23768.0,0.0,825.0,460.0
MRT,Mauritania,RES,MR|MCF,MCF/LWAL/CDL+ERL/H:3-6/RES,URBAN,673.0,192591070.0,33986660.0,21245.0,458550.0,226577727.0,157524.0,5395.0,681.0,420.0
MRT,Mauritania,RES,OT,ME+MEO/LWAL/CDN+ERM/H:1/RES,URBAN,6506.0,85856611.0,15151168.0,25620.0,390257.0,101007777.0,15228.0,6506.0,60.0,220.0
MRT,Mauritania,RES,OT,ME+MEO/LWAL/CDN+ERM/H:1/RES,RURAL,9341.0,61648584.0,10879161.0,36784.0,560442.0,72527743.0,21868.0,9341.0,60.0,110.0
MRT,Mauritania,COM,ADO|ST|E,MUR+ADO/LWAL/CDN+ERN/H:1/COM,TOTAL,4265.0,116341587.0,38780527.0,0.0,554008.0,155122115.0,47014.0,0.0,130.0,210.0
MRT,Mauritania,RES,ADO|ST|E,MUR+ADO/LWAL/CDN+ERN/H:1/RES,URBAN,22390.0,228378146.0,40302024.0,88169.0,1343401.0,268680172.0,82515.0,22390.0,60.0,170.0
MRT,Mauritania,RES,ADO|ST|E,MUR+ADO/LWAL/CDN+ERN/H:1/RES,RURAL,64777.0,194333184.0,34294090.0,255079.0,3886664.0,228627272.0,238727.0,64777.0,60.0,50.0
MRT,Mauritania,COM,ADO|ST|E,MUR+ADO/LWAL/CDN+ERN/H:2/COM,TOTAL,2128.0,116322446.0,38774150.0,0.0,553916.0,155096590.0,47142.0,0.0,260.0,210.0
MRT,Mauritania,RES,ADO|ST|E,MUR+ADO/LWAL/CDN+ERN/H:2/RES,URBAN,21832.0,373969868.0,65994683.0,88163.0,2199823.0,439964551.0,135475.0,22389.0,101.0,170.0
MRT,Mauritania,RES,ADO|ST|E,MUR+ADO/LWAL/CDN+ERN/H:2/RES,RURAL,63159.0,318220717.0,56156600.0,255091.0,6364414.0,374377319.0,391949.0,64780.0,101.0,50.0
MRT,Mauritania,COM,ADO|ST|E,MUR+ADO/LWAL/CDN+ERN/H:3/COM,TOTAL,84.0,15570424.0,5190143.0,0.0,74145.0,20760563.0,6329.0,0.0,883.0,210.0
MRT,Mauritania,RES,ADO|ST|E,MUR+ADO/LWAL/CDN+ERN/H:3/RES,RURAL,852.0,28971448.0,5112606.0,26853.0,579429.0,34084055.0,35778.0,6819.0,680.0,50.0
MRT,Mauritania,RES,ADO|ST|E,MUR+ADO/LWAL/CDN+ERN/H:3/RES,URBAN,293.0,34046020.0,6008122.0,9290.0,200271.0,40054145.0,12366.0,2359.0,684.0,170.0
MRT,Mauritania,COM,MUR,MUR+CB/LWAL/CDN+ERN/H:1/COM,TOTAL,13050.0,610647813.0,152661951.0,0.0,1696244.0,763309770.0,1429780.0,0.0,130.0,360.0
MRT,Mauritania,IND,MUR,MUR+CB/LWAL/CDN+ERN/H:1/IND,TOTAL,4287.0,207590985.0,69196995.0,0.0,943595.0,276787990.0,759027.0,0.0,220.0,220.0
MRT,Mauritania,RES,MUR,MUR+CB/LWAL/CDN+ERN/H:1/RES,URBAN,205000.0,4304990014.0,759704121.0,807252.0,12299971.0,5064694133.0,7977896.0,205000.0,60.0,350.0
MRT,Mauritania,RES,MUR,MUR+CB/LWAL/CDN+ERN/H:1/RES,RURAL,57402.0,792140555.0,139789509.0,226041.0,3444089.0,931930060.0,2233874.0,57402.0,60.0,230.0
MRT,Mauritania,COM,MUR,MUR+CB/LWAL/CDN+ERN/H:2/COM,TOTAL,6525.0,610642790.0,152660692.0,0.0,1696230.0,763303481.0,1430534.0,0.0,260.0,360.0
MRT,Mauritania,IND,MUR,MUR+CB/LWAL/CDN+ERN/H:2/IND,TOTAL,1425.0,150964794.0,50321603.0,0.0,686204.0,201286387.0,552295.0,0.0,482.0,220.0
MRT,Mauritania,RES,MUR,MUR+CB/LWAL/CDN+ERN/H:2/RES,URBAN,199877.0,7049422997.0,1244015822.0,807260.0,20141209.0,8293438818.0,13070231.0,205002.0,101.0,350.0
MRT,Mauritania,RES,MUR,MUR+CB/LWAL/CDN+ERN/H:2/RES,RURAL,55966.0,1297130407.0,228905364.0,226041.0,5639697.0,1526035772.0,3659768.0,57403.0,101.0,230.0
MRT,Mauritania,COM,MUR,MUR+CB/LWAL/CDN+ERN/H:3/COM,TOTAL,269.0,85971676.0,21492915.0,0.0,238810.0,107464593.0,201511.0,0.0,888.0,360.0
MRT,Mauritania,RES,MUR,MUR+CB/LWAL/CDN+ERN/H:3/RES,RURAL,750.0,118126796.0,20845906.0,23806.0,513595.0,138972705.0,333451.0,6046.0,685.0,230.0
MRT,Mauritania,RES,MUR,MUR+CB/LWAL/CDN+ERN/H:3/RES,URBAN,2696.0,641973186.0,113289386.0,84968.0,1834209.0,755262571.0,1190858.0,21578.0,680.0,350.0
MRT,Mauritania,COM,MUR,MUR+CL/LWAL/CDN+ERN/H:1/COM,TOTAL,1291.0,60189807.0,15047448.0,0.0,167194.0,75237257.0,104090.0,0.0,130.0,360.0
MRT,Mauritania,IND,MUR,MUR+CL/LWAL/CDN+ERN/H:1/IND,TOTAL,2285.0,110504221.0,36834741.0,0.0,502292.0,147338957.0,289427.0,0.0,220.0,220.0
MRT,Mauritania,RES,MUR,MUR+CL/LWAL/CDN+ERN/H:1/RES,URBAN,5597.0,117547185.0,20743621.0,22039.0,335849.0,138290806.0,154309.0,5597.0,60.0,350.0
MRT,Mauritania,RES,MUR,MUR+CL/LWAL/CDN+ERN/H:1/RES,RURAL,16193.0,223483431.0,39438252.0,63766.0,971667.0,262921684.0,446442.0,16193.0,60.0,230.0
MRT,Mauritania,COM,MUR,MUR+CL/LWAL/CDN+ERN/H:2/COM,TOTAL,646.0,59997935.0,14999483.0,0.0,166661.0,74997417.0,103816.0,0.0,258.0,360.0
MRT,Mauritania,IND,MUR,MUR+CL/LWAL/CDN+ERN/H:2/IND,TOTAL,756.0,80213631.0,26737879.0,0.0,364607.0,106951511.0,210219.0,0.0,482.0,220.0
MRT,Mauritania,RES,MUR,MUR+CL/LWAL/CDN+ERN/H:2/RES,URBAN,5458.0,192481147.0,33967262.0,22040.0,549946.0,226448406.0,252813.0,5597.0,101.0,350.0
MRT,Mauritania,RES,MUR,MUR+CL/LWAL/CDN+ERN/H:2/RES,RURAL,15791.0,365953715.0,64580066.0,63760.0,1591103.0,430533782.0,731438.0,16192.0,101.0,230.0
MRT,Mauritania,COM,MUR,MUR+CL/LWAL/CDN+ERN/H:3/COM,TOTAL,18.0,6157759.0,1539439.0,0.0,17105.0,7697198.0,10661.0,0.0,950.0,360.0
MRT,Mauritania,RES,MUR,MUR+CL/LWAL/CDN+ERN/H:3/RES,RURAL,215.0,33315621.0,5879228.0,6715.0,144851.0,39194850.0,66624.0,1705.0,674.0,230.0
MRT,Mauritania,RES,MUR,MUR+CL/LWAL/CDN+ERN/H:3/RES,URBAN,75.0,16887375.0,2980126.0,2234.0,48250.0,19867502.0,22193.0,567.0,643.0,350.0
MRT,Mauritania,COM,ADO|ST|E,MUR+STDRE/LWAL/CDN+ERN/H:1/COM,TOTAL,356.0,22285812.0,7428604.0,0.0,46429.0,29714410.0,14117.0,0.0,130.0,480.0
MRT,Mauritania,IND,ADO|ST|E,MUR+STDRE/LWAL/CDN+ERN/H:1/IND,TOTAL,118.0,11056322.0,5953400.0,0.0,26325.0,17009727.0,7778.0,0.0,223.0,420.0
MRT,Mauritania,RES,ADO|ST|E,MUR+STDRE/LWAL/CDN+ERN/H:1/RES,URBAN,9451.0,226808846.0,40025092.0,37216.0,567022.0,266833938.0,134816.0,9451.0,60.0,400.0
MRT,Mauritania,COM,ADO|ST|E,MUR+STDRE/LWAL/CDN+ERN/H:2/COM,TOTAL,177.0,22089237.0,7363084.0,0.0,46019.0,29452316.0,14011.0,0.0,260.0,480.0
MRT,Mauritania,IND,ADO|ST|E,MUR+STDRE/LWAL/CDN+ERN/H:2/IND,TOTAL,37.0,7430471.0,4001025.0,0.0,17692.0,11431497.0,5235.0,0.0,478.0,420.0
MRT,Mauritania,RES,ADO|ST|E,MUR+STDRE/LWAL/CDN+ERN/H:2/RES,URBAN,9214.0,371398813.0,65540968.0,37217.0,928497.0,436939777.0,221016.0,9451.0,101.0,400.0
MRT,Mauritania,COM,ADO|ST|E,MUR+STDRE/LWAL/CDN+ERN/H:3/COM,TOTAL,5.0,1704513.0,568170.0,0.0,3551.0,2272685.0,1083.0,0.0,710.0,480.0
MRT,Mauritania,RES,ADO|ST|E,MUR+STDRE/LWAL/CDN+ERN/H:3/RES,URBAN,123.0,33602343.0,5929823.0,3900.0,84006.0,39532172.0,20020.0,989.0,683.0,400.0
MRT,Mauritania,COM,ADO|ST|E,MUR+STRUB/LWAL/CDN+ERN/H:1/COM,TOTAL,483.0,30007094.0,10002363.0,0.0,62515.0,40009458.0,19007.0,0.0,129.0,480.0
MRT,Mauritania,IND,ADO|ST|E,MUR+STRUB/LWAL/CDN+ERN/H:1/IND,TOTAL,189.0,17311250.0,9321441.0,0.0,41217.0,26632691.0,12178.0,0.0,218.0,420.0
MRT,Mauritania,RES,ADO|ST|E,MUR+STRUB/LWAL/CDN+ERN/H:1/RES,RURAL,9153.0,115302226.0,20347450.0,36044.0,549058.0,135649675.0,130545.0,9153.0,60.0,210.0
MRT,Mauritania,COM,ADO|ST|E,MUR+STRUB/LWAL/CDN+ERN/H:2/COM,TOTAL,243.0,30046166.0,10015388.0,0.0,62596.0,40061557.0,19058.0,0.0,258.0,480.0
MRT,Mauritania,IND,ADO|ST|E,MUR+STRUB/LWAL/CDN+ERN/H:2/IND,TOTAL,65.0,11984744.0,6453324.0,0.0,28535.0,18438074.0,8443.0,0.0,439.0,420.0
MRT,Mauritania,RES,ADO|ST|E,MUR+STRUB/LWAL/CDN+ERN/H:2/RES,RURAL,8921.0,188805920.0,33318692.0,36026.0,899076.0,222124610.0,214012.0,9149.0,101.0,210.0
MRT,Mauritania,COM,ADO|ST|E,MUR+STRUB/LWAL/CDN+ERN/H:3/COM,TOTAL,9.0,3417799.0,1139266.0,0.0,7120.0,4557066.0,2171.0,0.0,791.0,480.0
MRT,Mauritania,RES,ADO|ST|E,MUR+STRUB/LWAL/CDN+ERN/H:3/RES,RURAL,123.0,17076892.0,3013569.0,3778.0,81319.0,20090460.0,19379.0,958.0,661.0,210.0
MRT,Mauritania,IND,S,S+SL/LFM/CDL+ERL/H:1/IND,TOTAL,1363.0,119818783.0,39939594.0,0.0,299547.0,159758370.0,102231.0,0.0,220.0,400.0
MRT,Mauritania,IND,S,S+SL/LFM/CDL+ERL/H:2/IND,TOTAL,458.0,86589767.0,28863255.0,0.0,216474.0,115453019.0,73928.0,0.0,473.0,400.0
MRT,Mauritania,IND,S,S/LFM/CDL+ERL/H:1/IND,TOTAL,1547.0,136131062.0,45377026.0,0.0,340328.0,181508084.0,116149.0,0.0,220.0,400.0
MRT,Mauritania,IND,S,S/LFM/CDL+ERL/H:2/IND,TOTAL,517.0,98165824.0,32721939.0,0.0,245415.0,130887762.0,83812.0,0.0,475.0,400.0
MRT,Mauritania,COM,W,W/LWAL/CDL+ERM/H:1/COM,TOTAL,2663.0,152352258.0,50784088.0,0.0,346255.0,203136336.0,66099.0,0.0,130.0,440.0
MRT,Mauritania,RES,W,W/LWAL/CDL+ERM/H:1/RES,RURAL,33391.0,520931499.0,130232876.0,131486.0,2003583.0,651164375.0,211906.0,33391.0,60.0,260.0
MRT,Mauritania,RES,W,W/LWAL/CDL+ERM/H:1/RES,URBAN,23873.0,444066381.0,111016596.0,94007.0,1432472.0,555082976.0,151503.0,23873.0,60.0,310.0
MRT,Mauritania,COM,W,W/LWAL/CDL+ERM/H:2/COM,TOTAL,1334.0,152369078.0,50789694.0,0.0,346293.0,203158768.0,66138.0,0.0,260.0,440.0
MRT,Mauritania,RES,W,W/LWAL/CDL+ERM/H:2/RES,RURAL,32558.0,853023919.0,213255978.0,131486.0,3280861.0,1066279897.0,347212.0,33391.0,101.0,260.0
MRT,Mauritania,RES,W,W/LWAL/CDL+ERM/H:2/RES,URBAN,23279.0,727158552.0,181789640.0,94021.0,2345673.0,908948193.0,248242.0,23876.0,101.0,310.0
MRT,Mauritania,COM,W,W/LWAL/CDL+ERM/H:3/COM,TOTAL,438.0,87006237.0,29002076.0,0.0,197741.0,116008321.0,37784.0,0.0,451.0,440.0
MRT,Mauritania,RES,W,W/LWAL/CDL+ERM/H:3/RES,RURAL,13009.0,497958340.0,124489582.0,65750.0,1915224.0,622447918.0,202814.0,16697.0,147.0,260.0
MRT,Mauritania,RES,W,W/LWAL/CDL+ERM/H:3/RES,URBAN,9304.0,424466892.0,106116724.0,47006.0,1369248.0,530583620.0,144997.0,11937.0,147.0,310.0
MUS,Mauritius,COM,CR-,CR/LFINF/CDL+ERL/H:1/COM,TOTAL,129.0,10370704.0,2592676.0,0.0,16204.0,12963383.0,8028.0,0.0,126.0,640.0
MUS,Mauritius,IND,CR-,CR/LFINF/CDL+ERL/H:1/IND,TOTAL,216.0,20778652.0,6926220.0,0.0,47224.0,27704874.0,23251.0,0.0,219.0,440.0
MUS,Mauritius,RES,CR-,CR/LFINF/CDL+ERL/H:1/RES,URBAN,2212.0,74366862.0,18591716.0,7540.0,132798.0,92958578.0,45521.0,2212.0,60.0,560.0
MUS,Mauritius,COM,CR-,CR/LFINF/CDL+ERL/H:2/COM,TOTAL,64.0,10425023.0,2606255.0,0.0,16289.0,13031278.0,8076.0,0.0,255.0,640.0
MUS,Mauritius,IND,CR-,CR/LFINF/CDL+ERL/H:2/IND,TOTAL,77.0,15111077.0,5037026.0,0.0,34343.0,20148100.0,16924.0,0.0,446.0,440.0
MUS,Mauritius,RES,CR-,CR/LFINF/CDL+ERL/H:2/RES,URBAN,2161.0,121775149.0,30443789.0,7550.0,217456.0,152218936.0,74594.0,2215.0,101.0,560.0
MUS,Mauritius,COM,CR-,CR/LFINF/CDL+ERL/H:3/COM,TOTAL,66.0,17297117.0,4324278.0,0.0,27027.0,21621400.0,13411.0,0.0,410.0,640.0
MUS,Mauritius,RES,CR-,CR/LFINF/CDL+ERL/H:3/RES,URBAN,2588.0,213260996.0,53315248.0,11314.0,380823.0,266576246.0,130729.0,3319.0,147.0,560.0
MUS,Mauritius,COM,CR-,CR/LFINF/CDL+ERL/H:4-7/COM,TOTAL,125.0,96564168.0,24141040.0,0.0,150882.0,120705204.0,75042.0,0.0,1207.0,640.0
MUS,Mauritius,RES,CR-,CR/LFINF/CDL+ERL/H:4-7/RES,URBAN,923.0,495778475.0,123944620.0,37716.0,885319.0,619723094.0,304568.0,11065.0,959.0,560.0
MUS,Mauritius,COM,CR-,CR/LFINF/CDL+ERL/H:>7/COM,TOTAL,18.0,35985035.0,8996259.0,0.0,56227.0,44981293.0,28008.0,0.0,3124.0,640.0
MUS,Mauritius,RES,CR-,CR/LFINF/CDL+ERL/H:>7/RES,URBAN,208.0,139436714.0,34859179.0,11317.0,248994.0,174295895.0,85782.0,3320.0,1197.0,560.0
MUS,Mauritius,COM,CR-,CR/LWAL/CDL+ERL/H:1/COM,TOTAL,31.0,2428329.0,607082.0,0.0,3794.0,3035413.0,2061.0,0.0,122.0,640.0
MUS,Mauritius,IND,CR-,CR/LWAL/CDL+ERL/H:1/IND,TOTAL,56.0,5192290.0,1730761.0,0.0,11801.0,6923056.0,6146.0,0.0,211.0,440.0
MUS,Mauritius,RES,CR-,CR/LWAL/CDL+ERL/H:1/RES,URBAN,554.0,18591122.0,4647782.0,1890.0,33198.0,23238904.0,13516.0,554.0,60.0,560.0
MUS,Mauritius,COM,CR-,CR/LWAL/CDL+ERL/H:2/COM,TOTAL,15.0,1744982.0,436247.0,0.0,2727.0,2181229.0,1482.0,0.0,182.0,640.0
MUS,Mauritius,IND,CR-,CR/LWAL/CDL+ERL/H:2/IND,TOTAL,18.0,2575084.0,858361.0,0.0,5852.0,3433446.0,3051.0,0.0,325.0,440.0
MUS,Mauritius,RES,CR-,CR/LWAL/CDL+ERL/H:2/RES,URBAN,539.0,30408974.0,7602245.0,1880.0,54302.0,38011218.0,22124.0,551.0,101.0,560.0
MUS,Mauritius,COM,CR-,CR/LWAL/CDL+ERL/H:3/COM,TOTAL,12.0,3509330.0,877333.0,0.0,5483.0,4386664.0,2983.0,0.0,457.0,640.0
MUS,Mauritius,RES,CR-,CR/LWAL/CDL+ERL/H:3/RES,URBAN,649.0,53214167.0,13303542.0,2825.0,95025.0,66517710.0,38745.0,829.0,146.0,560.0
MUS,Mauritius,COM,CR-,CR/LWAL/CDL+ERL/H:4-7/COM,TOTAL,28.0,22489587.0,5622398.0,0.0,35140.0,28111984.0,19161.0,0.0,1255.0,640.0
MUS,Mauritius,RES,CR-,CR/LWAL/CDL+ERL/H:4-7/RES,URBAN,231.0,123944784.0,30986196.0,9430.0,221330.0,154930978.0,90443.0,2767.0,958.0,560.0
MUS,Mauritius,COM,CR-,CR/LWAL/CDL+ERL/H:>7/COM,TOTAL,1.0,2479026.0,619756.0,0.0,3873.0,3098782.0,2115.0,0.0,3873.0,640.0
MUS,Mauritius,RES,CR-,CR/LWAL/CDL+ERL/H:>7/RES,URBAN,51.0,34860022.0,8715006.0,2836.0,62250.0,43575028.0,25475.0,832.0,1221.0,560.0
MUS,Mauritius,RES,OT,INF/LN/CDN+ERN/H:1/EWV/RES,URBAN,3296.0,53401624.0,13350406.0,11234.0,197784.0,66752028.0,21560.0,3296.0,60.0,270.0
MUS,Mauritius,RES,OT,INF/LN/CDN+ERN/H:1/EWV/RES,RURAL,16124.0,261188847.0,65297211.0,54956.0,967366.0,326486057.0,105451.0,16124.0,60.0,270.0
MUS,Mauritius,RES,OT,MATO/LN/CDN+ERN/H:1/RES,URBAN,14756.0,239036053.0,59759012.0,50294.0,885319.0,298795065.0,410386.0,14756.0,60.0,270.0
MUS,Mauritius,RES,OT,MATO/LN/CDN+ERN/H:1/RES,RURAL,53742.0,870629583.0,217657397.0,183177.0,3224554.0,1088286978.0,1494730.0,53742.0,60.0,270.0
MUS,Mauritius,COM,MR|MCF,MCF/LWAL/CDL+ERL/H:1/COM,TOTAL,331.0,27555945.0,4862813.0,0.0,43056.0,32418763.0,21331.0,0.0,130.0,640.0
MUS,Mauritius,IND,MR|MCF,MCF/LWAL/CDL+ERL/H:1/IND,TOTAL,166.0,15582278.0,5194095.0,0.0,35414.0,20776372.0,17436.0,0.0,213.0,440.0
MUS,Mauritius,RES,MR|MCF,MCF/LWAL/CDL+ERL/H:1/RES,URBAN,5810.0,195212425.0,34449251.0,19802.0,348594.0,229661674.0,119493.0,5810.0,60.0,560.0
MUS,Mauritius,COM,MR|MCF,MCF/LWAL/CDL+ERL/H:2/COM,TOTAL,166.0,27555270.0,4862691.0,0.0,43055.0,32417961.0,21347.0,0.0,259.0,640.0
MUS,Mauritius,IND,MR|MCF,MCF/LWAL/CDL+ERL/H:2/IND,TOTAL,56.0,11333914.0,3777971.0,0.0,25759.0,15111886.0,12694.0,0.0,460.0,440.0
MUS,Mauritius,RES,MR|MCF,MCF/LWAL/CDL+ERL/H:2/RES,URBAN,5666.0,319659418.0,56410486.0,19802.0,570820.0,376069903.0,195810.0,5810.0,101.0,560.0
MUS,Mauritius,COM,MR|MCF,MCF/LWAL/CDL+ERL/H:3-6/COM,TOTAL,52.0,29904812.0,5277320.0,0.0,46726.0,35182133.0,23204.0,0.0,899.0,640.0
MUS,Mauritius,RES,MR|MCF,MCF/LWAL/CDL+ERL/H:3-6/RES,URBAN,623.0,237044387.0,41831362.0,16970.0,423294.0,278875748.0,145412.0,4979.0,679.0,560.0
MUS,Mauritius,COM,ADO|ST|E,MUR+ADO/LWAL/CDN+ERN/H:1/COM,TOTAL,1037.0,59154851.0,14788712.0,0.0,134443.0,73943565.0,83666.0,0.0,130.0,440.0
MUS,Mauritius,RES,ADO|ST|E,MUR+ADO/LWAL/CDN+ERN/H:1/RES,URBAN,2297.0,52359499.0,9239910.0,7829.0,137788.0,61599408.0,63871.0,2297.0,60.0,380.0
MUS,Mauritius,RES,ADO|ST|E,MUR+ADO/LWAL/CDN+ERN/H:1/RES,RURAL,11926.0,171742814.0,30307555.0,40650.0,715595.0,202050369.0,331711.0,11926.0,60.0,240.0
MUS,Mauritius,COM,ADO|ST|E,MUR+ADO/LWAL/CDN+ERN/H:2/COM,TOTAL,515.0,59184068.0,14796016.0,0.0,134509.0,73980079.0,83756.0,0.0,261.0,440.0
MUS,Mauritius,RES,ADO|ST|E,MUR+ADO/LWAL/CDN+ERN/H:2/RES,URBAN,2240.0,85740581.0,15130690.0,7832.0,225633.0,100871272.0,104650.0,2298.0,101.0,380.0
MUS,Mauritius,RES,ADO|ST|E,MUR+ADO/LWAL/CDN+ERN/H:2/RES,RURAL,11627.0,281222935.0,49627580.0,40645.0,1171762.0,330850510.0,543470.0,11925.0,101.0,240.0
MUS,Mauritius,COM,ADO|ST|E,MUR+ADO/LWAL/CDN+ERN/H:3/COM,TOTAL,18.0,6842470.0,1710617.0,0.0,15551.0,8553086.0,9689.0,0.0,864.0,440.0
MUS,Mauritius,RES,ADO|ST|E,MUR+ADO/LWAL/CDN+ERN/H:3/RES,URBAN,31.0,7807895.0,1377863.0,824.0,20547.0,9185759.0,9535.0,242.0,663.0,380.0
MUS,Mauritius,RES,ADO|ST|E,MUR+ADO/LWAL/CDN+ERN/H:3/RES,RURAL,157.0,25429699.0,4487595.0,4254.0,105957.0,29917292.0,49171.0,1248.0,675.0,240.0
MUS,Mauritius,COM,MUR,MUR+CB/LWAL/CDN+ERN/H:1/COM,TOTAL,3929.0,219528556.0,54882137.0,0.0,510532.0,274410691.0,373649.0,0.0,130.0,430.0
MUS,Mauritius,IND,MUR,MUR+CB/LWAL/CDN+ERN/H:1/IND,TOTAL,1684.0,151683822.0,50561276.0,0.0,369961.0,202245096.0,253792.0,0.0,220.0,410.0
MUS,Mauritius,RES,MUR,MUR+CB/LWAL/CDN+ERN/H:1/RES,RURAL,27099.0,585365026.0,103299711.0,92363.0,1626014.0,688664738.0,900577.0,27099.0,60.0,360.0
MUS,Mauritius,RES,MUR,MUR+CB/LWAL/CDN+ERN/H:1/RES,URBAN,32688.0,784504385.0,138441950.0,111415.0,1961261.0,922946337.0,1086255.0,32688.0,60.0,400.0
MUS,Mauritius,COM,MUR,MUR+CB/LWAL/CDN+ERN/H:2/COM,TOTAL,1965.0,219536794.0,54884198.0,0.0,510551.0,274420994.0,373877.0,0.0,260.0,430.0
MUS,Mauritius,IND,MUR,MUR+CB/LWAL/CDN+ERN/H:2/IND,TOTAL,563.0,110313826.0,36771279.0,0.0,269058.0,147085100.0,184685.0,0.0,478.0,410.0
MUS,Mauritius,RES,MUR,MUR+CB/LWAL/CDN+ERN/H:2/RES,URBAN,31869.0,1284621459.0,226697904.0,111416.0,3211554.0,1511319366.0,1779675.0,32688.0,101.0,400.0
MUS,Mauritius,RES,MUR,MUR+CB/LWAL/CDN+ERN/H:2/RES,RURAL,26423.0,958535690.0,169153357.0,92370.0,2662599.0,1127689048.0,1475473.0,27101.0,101.0,360.0
MUS,Mauritius,COM,MUR,MUR+CB/LWAL/CDN+ERN/H:3/COM,TOTAL,75.0,28559590.0,7139902.0,0.0,66418.0,35699491.0,48666.0,0.0,886.0,430.0
MUS,Mauritius,RES,MUR,MUR+CB/LWAL/CDN+ERN/H:3/RES,URBAN,428.0,116986848.0,20644739.0,11736.0,292467.0,137631586.0,162155.0,3443.0,683.0,400.0
MUS,Mauritius,RES,MUR,MUR+CB/LWAL/CDN+ERN/H:3/RES,RURAL,356.0,87291244.0,15404336.0,9738.0,242476.0,102695581.0,134438.0,2857.0,681.0,360.0
MUS,Mauritius,COM,MUR,MUR+CL/LWAL/CDN+ERN/H:1/COM,TOTAL,1055.0,58820589.0,14705148.0,0.0,136792.0,73525740.0,85128.0,0.0,130.0,430.0
MUS,Mauritius,IND,MUR,MUR+CL/LWAL/CDN+ERN/H:1/IND,TOTAL,718.0,65085269.0,21695089.0,0.0,158745.0,86780350.0,92277.0,0.0,221.0,410.0
MUS,Mauritius,RES,MUR,MUR+CL/LWAL/CDN+ERN/H:1/RES,URBAN,2297.0,55115260.0,9726222.0,7829.0,137788.0,64841485.0,63871.0,2297.0,60.0,400.0
MUS,Mauritius,RES,MUR,MUR+CL/LWAL/CDN+ERN/H:1/RES,RURAL,11926.0,257614224.0,45461334.0,40650.0,715595.0,303075556.0,331711.0,11926.0,60.0,360.0
MUS,Mauritius,COM,MUR,MUR+CL/LWAL/CDN+ERN/H:2/COM,TOTAL,524.0,58851293.0,14712826.0,0.0,136863.0,73564114.0,85222.0,0.0,261.0,430.0
MUS,Mauritius,IND,MUR,MUR+CL/LWAL/CDN+ERN/H:2/IND,TOTAL,240.0,46876321.0,15625440.0,0.0,114332.0,62501758.0,66503.0,0.0,476.0,410.0
MUS,Mauritius,RES,MUR,MUR+CL/LWAL/CDN+ERN/H:2/RES,RURAL,11627.0,421842815.0,74442849.0,40646.0,1171786.0,496285666.0,543481.0,11925.0,101.0,360.0
MUS,Mauritius,RES,MUR,MUR+CL/LWAL/CDN+ERN/H:2/RES,URBAN,2240.0,90253242.0,15927042.0,7832.0,225633.0,106180286.0,104650.0,2298.0,101.0,400.0
MUS,Mauritius,COM,MUR,MUR+CL/LWAL/CDN+ERN/H:3/COM,TOTAL,18.0,6874542.0,1718635.0,0.0,15987.0,8593175.0,9961.0,0.0,888.0,430.0
MUS,Mauritius,RES,MUR,MUR+CL/LWAL/CDN+ERN/H:3/RES,URBAN,31.0,8218835.0,1450381.0,824.0,20547.0,9669218.0,9535.0,242.0,663.0,400.0
MUS,Mauritius,RES,MUR,MUR+CL/LWAL/CDN+ERN/H:3/RES,RURAL,158.0,38386153.0,6774029.0,4282.0,106628.0,45160181.0,49482.0,1256.0,675.0,360.0
MUS,Mauritius,COM,ADO|ST|E,MUR+STDRE/LWAL/CDN+ERN/H:1/COM,TOTAL,104.0,8628780.0,2157193.0,0.0,13482.0,10785970.0,8390.0,0.0,130.0,640.0
MUS,Mauritius,IND,ADO|ST|E,MUR+STDRE/LWAL/CDN+ERN/H:1/IND,TOTAL,37.0,5252684.0,1750893.0,0.0,8207.0,7003583.0,4771.0,0.0,222.0,640.0
MUS,Mauritius,RES,ADO|ST|E,MUR+STDRE/LWAL/CDN+ERN/H:1/RES,URBAN,1939.0,63974057.0,11289542.0,6608.0,116316.0,75263597.0,53918.0,1939.0,60.0,550.0
MUS,Mauritius,COM,ADO|ST|E,MUR+STDRE/LWAL/CDN+ERN/H:2/COM,TOTAL,53.0,8783466.0,2195867.0,0.0,13724.0,10979329.0,8546.0,0.0,259.0,640.0
MUS,Mauritius,IND,ADO|ST|E,MUR+STDRE/LWAL/CDN+ERN/H:2/IND,TOTAL,4.0,1276928.0,425644.0,0.0,1995.0,1702572.0,1161.0,0.0,499.0,640.0
MUS,Mauritius,RES,ADO|ST|E,MUR+STDRE/LWAL/CDN+ERN/H:2/RES,URBAN,1888.0,104756938.0,18486517.0,6601.0,190467.0,123243454.0,88340.0,1937.0,101.0,550.0
MUS,Mauritius,COM,ADO|ST|E,MUR+STDRE/LWAL/CDN+ERN/H:3/COM,TOTAL,1.0,311186.0,77797.0,0.0,486.0,388983.0,303.0,0.0,486.0,640.0
MUS,Mauritius,RES,ADO|ST|E,MUR+STDRE/LWAL/CDN+ERN/H:3/RES,URBAN,25.0,9214705.0,1626124.0,674.0,16754.0,10840830.0,7775.0,198.0,670.0,550.0
MUS,Mauritius,COM,ADO|ST|E,MUR+STRUB/LWAL/CDN+ERN/H:1/COM,TOTAL,256.0,21346174.0,5336542.0,0.0,33353.0,26682720.0,20756.0,0.0,130.0,640.0
MUS,Mauritius,IND,ADO|ST|E,MUR+STRUB/LWAL/CDN+ERN/H:1/IND,TOTAL,106.0,15221064.0,5073689.0,0.0,23783.0,20294754.0,13825.0,0.0,224.0,640.0
MUS,Mauritius,RES,ADO|ST|E,MUR+STRUB/LWAL/CDN+ERN/H:1/RES,RURAL,3370.0,82893615.0,14628285.0,11487.0,202180.0,97521901.0,93720.0,3370.0,60.0,410.0
MUS,Mauritius,COM,ADO|ST|E,MUR+STRUB/LWAL/CDN+ERN/H:2/COM,TOTAL,132.0,21383737.0,5345932.0,0.0,33412.0,26729667.0,20805.0,0.0,253.0,640.0
MUS,Mauritius,IND,ADO|ST|E,MUR+STRUB/LWAL/CDN+ERN/H:2/IND,TOTAL,33.0,10686328.0,3562112.0,0.0,16697.0,14248435.0,9712.0,0.0,506.0,640.0
MUS,Mauritius,RES,ADO|ST|E,MUR+STRUB/LWAL/CDN+ERN/H:2/RES,RURAL,3286.0,135737083.0,23953605.0,11491.0,331066.0,159690686.0,153550.0,3371.0,101.0,410.0
MUS,Mauritius,COM,ADO|ST|E,MUR+STRUB/LWAL/CDN+ERN/H:3/COM,TOTAL,3.0,1347960.0,336990.0,0.0,2106.0,1684950.0,1312.0,0.0,702.0,640.0
MUS,Mauritius,RES,ADO|ST|E,MUR+STRUB/LWAL/CDN+ERN/H:3/RES,RURAL,43.0,12153574.0,2144749.0,1195.0,29643.0,14298322.0,13756.0,351.0,689.0,410.0
MUS,Mauritius,IND,S,S+SL/LFM/CDL+ERL/H:1/IND,TOTAL,553.0,54005500.0,23145212.0,0.0,122740.0,77150713.0,41889.0,0.0,222.0,440.0
MUS,Mauritius,IND,S,S+SL/LFM/CDL+ERL/H:2/IND,TOTAL,191.0,38729992.0,16598565.0,0.0,88023.0,55328555.0,30061.0,0.0,461.0,440.0
MUS,Mauritius,IND,S,S/LFM/CDL+ERL/H:1/IND,TOTAL,444.0,43258575.0,18539389.0,0.0,98315.0,61797958.0,33554.0,0.0,221.0,440.0
MUS,Mauritius,IND,S,S/LFM/CDL+ERL/H:2/IND,TOTAL,146.0,31180148.0,13362919.0,0.0,70864.0,44543075.0,24201.0,0.0,485.0,440.0
MUS,Mauritius,COM,W,W/LWAL/CDL+ERM/H:1/COM,TOTAL,1208.0,92500406.0,30833469.0,0.0,156780.0,123333872.0,29929.0,0.0,130.0,590.0
MUS,Mauritius,RES,W,W/LWAL/CDL+ERM/H:1/RES,RURAL,12294.0,302488758.0,75622191.0,41905.0,737777.0,378110949.0,78030.0,12294.0,60.0,410.0
MUS,Mauritius,RES,W,W/LWAL/CDL+ERM/H:1/RES,URBAN,4898.0,161616626.0,40404157.0,16693.0,293848.0,202020782.0,31078.0,4898.0,60.0,550.0
MUS,Mauritius,COM,W,W/LWAL/CDL+ERM/H:2/COM,TOTAL,605.0,92536413.0,30845470.0,0.0,156841.0,123381895.0,29955.0,0.0,259.0,590.0
MUS,Mauritius,RES,W,W/LWAL/CDL+ERM/H:2/RES,RURAL,11989.0,495325366.0,123831341.0,41913.0,1208111.0,619156704.0,127854.0,12297.0,101.0,410.0
MUS,Mauritius,RES,W,W/LWAL/CDL+ERM/H:2/RES,URBAN,4775.0,264648853.0,66162214.0,16690.0,481180.0,330811066.0,50923.0,4897.0,101.0,550.0
MUS,Mauritius,COM,W,W/LWAL/CDL+ERM/H:3/COM,TOTAL,195.0,51955004.0,17318338.0,0.0,88059.0,69273339.0,16826.0,0.0,452.0,590.0
MUS,Mauritius,RES,W,W/LWAL/CDL+ERM/H:3/RES,RURAL,4791.0,289133602.0,72283402.0,20953.0,705204.0,361417001.0,74678.0,6147.0,147.0,410.0
MUS,Mauritius,RES,W,W/LWAL/CDL+ERM/H:3/RES,URBAN,1909.0,154491467.0,38622868.0,8345.0,280894.0,193114333.0,29745.0,2449.0,147.0,550.0
MAR,Morocco,COM,CR-,CR/LDUAL/CDL+ERL/H:1/COM,TOTAL,1357.0,91851388.0,16209068.0,0.0,176637.0,108060454.0,91719.0,0.0,130.0,520.0
MAR,Morocco,IND,CR-,CR/LDUAL/CDL+ERL/H:1/IND,TOTAL,2999.0,297072301.0,99024100.0,0.0,660161.0,396096403.0,334411.0,0.0,220.0,450.0
MAR,Morocco,RES,CR-,CR/LDUAL/CDL+ERL/H:1/RES,URBAN,44116.0,1005750199.0,177485329.0,177575.0,2646711.0,1183235529.0,992397.0,44116.0,60.0,380.0
MAR,Morocco,COM,CR-,CR/LDUAL/CDL+ERL/H:2/COM,TOTAL,2377.0,321602841.0,56753444.0,0.0,618467.0,378356281.0,321394.0,0.0,260.0,520.0
MAR,Morocco,IND,CR-,CR/LDUAL/CDL+ERL/H:2/IND,TOTAL,998.0,216053207.0,72017732.0,0.0,480118.0,288070949.0,243429.0,0.0,481.0,450.0
MAR,Morocco,RES,CR-,CR/LDUAL/CDL+ERL/H:2/RES,URBAN,150520.0,5764196739.0,1017211190.0,621455.0,15168939.0,6781407926.0,5691830.0,154392.0,101.0,380.0
MAR,Morocco,COM,CR-,CR/LDUAL/CDL+ERL/H:3/COM,TOTAL,1582.0,371079520.0,65484623.0,0.0,713614.0,436564141.0,371133.0,0.0,451.0,520.0
MAR,Morocco,RES,CR-,CR/LDUAL/CDL+ERL/H:3/RES,URBAN,120317.0,6729777590.0,1187607810.0,621535.0,17709941.0,7917385402.0,6650149.0,154412.0,147.0,380.0
MAR,Morocco,COM,CR-,CR/LDUAL/CDL+ERL/H:4-7/COM,TOTAL,406.0,254025389.0,44828012.0,0.0,488510.0,298853399.0,254666.0,0.0,1203.0,520.0
MAR,Morocco,RES,CR-,CR/LDUAL/CDL+ERL/H:4-7/RES,URBAN,5515.0,2011493523.0,354969446.0,266361.0,5293404.0,2366462969.0,1992051.0,66174.0,960.0,380.0
MAR,Morocco,COM,CR-,CR/LDUAL/CDL+ERL/H:>7/COM,TOTAL,65.0,108188679.0,19092120.0,0.0,208055.0,127280799.0,108633.0,0.0,3201.0,520.0
MAR,Morocco,RES,CR-,CR/LDUAL/CDL+ERL/H:>7/RES,URBAN,1369.0,624728005.0,110246120.0,88218.0,1644021.0,734974124.0,619592.0,21921.0,1201.0,380.0
MAR,Morocco,COM,CR+,CR/LDUAL/CDM+ERM/H:1/COM,TOTAL,475.0,32168210.0,5676741.0,0.0,61862.0,37844949.0,32122.0,0.0,130.0,520.0
MAR,Morocco,IND,CR+,CR/LDUAL/CDM+ERM/H:1/IND,TOTAL,1025.0,101453182.0,33817734.0,0.0,225452.0,135270912.0,114205.0,0.0,220.0,450.0
MAR,Morocco,RES,CR+,CR/LDUAL/CDM+ERM/H:1/RES,URBAN,13577.0,309468816.0,54612144.0,54649.0,814392.0,364080962.0,305360.0,13577.0,60.0,380.0
MAR,Morocco,COM,CR+,CR/LDUAL/CDM+ERM/H:2/COM,TOTAL,833.0,112982520.0,19938094.0,0.0,217274.0,132920612.0,112909.0,0.0,261.0,520.0
MAR,Morocco,IND,CR+,CR/LDUAL/CDM+ERM/H:2/IND,TOTAL,342.0,73147743.0,24382581.0,0.0,162551.0,97530321.0,82416.0,0.0,475.0,450.0
MAR,Morocco,RES,CR+,CR/LDUAL/CDM+ERM/H:2/RES,URBAN,46309.0,1773294739.0,312934367.0,191152.0,4666565.0,2086229101.0,1751032.0,47490.0,101.0,380.0
MAR,Morocco,COM,CR+,CR/LDUAL/CDM+ERM/H:3/COM,TOTAL,559.0,129867226.0,22917747.0,0.0,249745.0,152784971.0,129886.0,0.0,447.0,520.0
MAR,Morocco,RES,CR+,CR/LDUAL/CDM+ERM/H:3/RES,URBAN,37011.0,2070062640.0,365305170.0,191073.0,5447533.0,2435367809.0,2045569.0,47470.0,147.0,380.0
MAR,Morocco,COM,CR+,CR/LDUAL/CDM+ERM/H:4-7/COM,TOTAL,141.0,88095833.0,15546321.0,0.0,169415.0,103642158.0,88318.0,0.0,1202.0,520.0
MAR,Morocco,RES,CR+,CR/LDUAL/CDM+ERM/H:4-7/RES,URBAN,1704.0,618943434.0,109225311.0,81931.0,1628799.0,728168746.0,612961.0,20355.0,956.0,380.0
MAR,Morocco,COM,CR+,CR/LDUAL/CDM+ERM/H:>7/COM,TOTAL,20.0,35076439.0,6189959.0,0.0,67455.0,41266400.0,35221.0,0.0,3373.0,520.0
MAR,Morocco,RES,CR+,CR/LDUAL/CDM+ERM/H:>7/RES,URBAN,421.0,192230149.0,33922968.0,27152.0,505869.0,226153117.0,190650.0,6747.0,1202.0,380.0
MAR,Morocco,COM,CR-,CR/LFINF/CDL+ERL/H:1/COM,TOTAL,2723.0,183819060.0,32438657.0,0.0,353498.0,216257718.0,175131.0,0.0,130.0,520.0
MAR,Morocco,IND,CR-,CR/LFINF/CDL+ERL/H:1/IND,TOTAL,6009.0,594366883.0,198122294.0,0.0,1320815.0,792489175.0,650299.0,0.0,220.0,450.0
MAR,Morocco,RES,CR-,CR/LFINF/CDL+ERL/H:1/RES,URBAN,88216.0,2011493523.0,354969446.0,355085.0,5293404.0,2366462969.0,1814498.0,88216.0,60.0,380.0
MAR,Morocco,COM,CR-,CR/LFINF/CDL+ERL/H:2/COM,TOTAL,4763.0,643391825.0,113539732.0,0.0,1237292.0,756931556.0,613462.0,0.0,260.0,520.0
MAR,Morocco,IND,CR-,CR/LFINF/CDL+ERL/H:2/IND,TOTAL,2002.0,432108738.0,144036244.0,0.0,960242.0,576144984.0,473198.0,0.0,480.0,450.0
MAR,Morocco,RES,CR-,CR/LFINF/CDL+ERL/H:2/RES,URBAN,301076.0,11528387714.0,2034421361.0,1242968.0,30337862.0,13562809078.0,10406856.0,308799.0,101.0,380.0
MAR,Morocco,COM,CR-,CR/LFINF/CDL+ERL/H:3/COM,TOTAL,3172.0,742373310.0,131007053.0,0.0,1427641.0,873380361.0,708392.0,0.0,450.0,520.0
MAR,Morocco,RES,CR-,CR/LFINF/CDL+ERL/H:3/RES,URBAN,240577.0,13459564258.0,2375217224.0,1242892.0,35419906.0,15834781479.0,12158913.0,308781.0,147.0,380.0
MAR,Morocco,COM,CR-,CR/LFINF/CDL+ERL/H:4-7/COM,TOTAL,817.0,508510575.0,89737159.0,0.0,977905.0,598247737.0,486371.0,0.0,1197.0,520.0
MAR,Morocco,RES,CR-,CR/LFINF/CDL+ERL/H:4-7/RES,URBAN,11029.0,4022995539.0,709940390.0,532660.0,10586830.0,4732935930.0,3642087.0,132333.0,960.0,380.0
MAR,Morocco,COM,CR-,CR/LFINF/CDL+ERL/H:>7/COM,TOTAL,137.0,224932787.0,39694019.0,0.0,432563.0,264626811.0,215475.0,0.0,3157.0,520.0
MAR,Morocco,RES,CR-,CR/LFINF/CDL+ERL/H:>7/RES,URBAN,2757.0,1257188453.0,221856785.0,177575.0,3308391.0,1479045238.0,1139789.0,44116.0,1200.0,380.0
MAR,Morocco,COM,CR+,CR/LFINF/CDM+ERM/H:1/COM,TOTAL,954.0,64499830.0,11382325.0,0.0,124038.0,75882154.0,61451.0,0.0,130.0,520.0
MAR,Morocco,IND,CR+,CR/LFINF/CDM+ERM/H:1/IND,TOTAL,2050.0,202903934.0,67634645.0,0.0,450898.0,270538576.0,221998.0,0.0,220.0,450.0
MAR,Morocco,RES,CR+,CR/LFINF/CDM+ERM/H:1/RES,URBAN,27153.0,618943434.0,109225311.0,109297.0,1628799.0,728168746.0,558327.0,27153.0,60.0,380.0
MAR,Morocco,COM,CR+,CR/LFINF/CDM+ERM/H:2/COM,TOTAL,1667.0,225967301.0,39876583.0,0.0,434553.0,265843881.0,215456.0,0.0,261.0,520.0
MAR,Morocco,IND,CR+,CR/LFINF/CDM+ERM/H:2/IND,TOTAL,683.0,147566672.0,49188892.0,0.0,327926.0,196755569.0,161599.0,0.0,480.0,450.0
MAR,Morocco,RES,CR+,CR/LFINF/CDM+ERM/H:2/RES,URBAN,92634.0,3547310208.0,625995918.0,382438.0,9335027.0,4173306125.0,3202212.0,95012.0,101.0,380.0
MAR,Morocco,COM,CR+,CR/LFINF/CDM+ERM/H:3/COM,TOTAL,1109.0,260206259.0,45918748.0,0.0,500397.0,306125012.0,248296.0,0.0,451.0,520.0
MAR,Morocco,RES,CR+,CR/LFINF/CDM+ERM/H:3/RES,URBAN,74025.0,4140124490.0,730610205.0,382245.0,10895064.0,4870734695.0,3740048.0,94965.0,147.0,380.0
MAR,Morocco,COM,CR+,CR/LFINF/CDM+ERM/H:4-7/COM,TOTAL,287.0,178445841.0,31490443.0,0.0,343165.0,209936282.0,170677.0,0.0,1196.0,520.0
MAR,Morocco,RES,CR+,CR/LFINF/CDM+ERM/H:4-7/RES,URBAN,3390.0,1237887637.0,218450759.0,163938.0,3257599.0,1456338395.0,1120681.0,40728.0,961.0,380.0
MAR,Morocco,COM,CR+,CR/LFINF/CDM+ERM/H:>7/COM,TOTAL,45.0,72967778.0,12876667.0,0.0,140323.0,85844443.0,69900.0,0.0,3118.0,520.0
MAR,Morocco,RES,CR+,CR/LFINF/CDM+ERM/H:>7/RES,URBAN,843.0,384460806.0,67846024.0,54291.0,1011739.0,452306830.0,348559.0,13490.0,1200.0,380.0
MAR,Morocco,RES,ADO|ST|E,E+ETO/LWAL/CDN+ERN/H:1/RES,URBAN,59601.0,715211834.0,126213852.0,244224.0,3576059.0,841425684.0,319506.0,59601.0,60.0,200.0
MAR,Morocco,RES,ADO|ST|E,E+ETO/LWAL/CDN+ERN/H:1/RES,RURAL,378011.0,2721676123.0,480295786.0,1500337.0,22680634.0,3201971907.0,2026423.0,378011.0,60.0,120.0
MAR,Morocco,RES,OT,INF/LN/CDN+ERN/H:1/EWV/RES,URBAN,2478.0,37154779.0,6556725.0,9996.0,148619.0,43711503.0,1984.0,2478.0,60.0,250.0
MAR,Morocco,RES,OT,INF/LN/CDN+ERN/H:1/EWV/RES,RURAL,4093.0,36786436.0,6491724.0,16639.0,245243.0,43278160.0,3274.0,4093.0,60.0,150.0
MAR,Morocco,RES,OT,MATO/LN/CDN+ERN/H:1/RES,URBAN,2741.0,41101991.0,7253292.0,11125.0,164408.0,48355284.0,75539.0,2741.0,60.0,250.0
MAR,Morocco,RES,OT,MATO/LN/CDN+ERN/H:1/RES,RURAL,12033.0,108257640.0,19104291.0,49533.0,721718.0,127361931.0,331600.0,12033.0,60.0,150.0
MAR,Morocco,COM,MR|MCF,MCF/LWAL/CDL+ERL/H:1/COM,TOTAL,12238.0,827259099.0,206814775.0,0.0,1590883.0,1034073874.0,788160.0,0.0,130.0,520.0
MAR,Morocco,IND,MR|MCF,MCF/LWAL/CDL+ERL/H:1/IND,TOTAL,6009.0,594366883.0,198122294.0,0.0,1320815.0,792489175.0,650299.0,0.0,220.0,450.0
MAR,Morocco,RES,MR|MCF,MCF/LWAL/CDL+ERL/H:1/RES,URBAN,397014.0,9051731492.0,1597364381.0,1598048.0,23820346.0,10649095871.0,8165252.0,397014.0,60.0,380.0
MAR,Morocco,COM,MR|MCF,MCF/LWAL/CDL+ERL/H:2/COM,TOTAL,6119.0,827214671.0,206803665.0,0.0,1590797.0,1034018336.0,788734.0,0.0,260.0,520.0
MAR,Morocco,IND,MR|MCF,MCF/LWAL/CDL+ERL/H:2/IND,TOTAL,2002.0,432108738.0,144036244.0,0.0,960242.0,576144984.0,473198.0,0.0,480.0,450.0
MAR,Morocco,RES,MR|MCF,MCF/LWAL/CDL+ERL/H:2/RES,URBAN,387079.0,14822214159.0,2615684849.0,1597964.0,39005827.0,17437899011.0,13380244.0,396994.0,101.0,380.0
MAR,Morocco,COM,MR|MCF,MCF/LWAL/CDL+ERL/H:3-6/COM,TOTAL,545.0,253810060.0,63452516.0,0.0,488096.0,317262576.0,242381.0,0.0,896.0,520.0
MAR,Morocco,RES,MR|MCF,MCF/LWAL/CDL+ERL/H:3-6/RES,URBAN,11029.0,2849614145.0,502873085.0,355152.0,7498985.0,3352487230.0,2576098.0,88233.0,680.0,380.0
MAR,Morocco,COM,MR|MCF,MCF/LWAL/CDM+ERM/H:1/COM,TOTAL,3765.0,254525185.0,63631296.0,0.0,489472.0,318156483.0,242495.0,0.0,130.0,520.0
MAR,Morocco,IND,MR|MCF,MCF/LWAL/CDM+ERM/H:1/IND,TOTAL,1846.0,182820961.0,60940325.0,0.0,406269.0,243761287.0,200025.0,0.0,220.0,450.0
MAR,Morocco,RES,MR|MCF,MCF/LWAL/CDM+ERM/H:1/RES,URBAN,122166.0,2785237115.0,491512432.0,491739.0,7329571.0,3276749545.0,2512466.0,122166.0,60.0,380.0
MAR,Morocco,COM,MR|MCF,MCF/LWAL/CDM+ERM/H:2/COM,TOTAL,1880.0,254463997.0,63616001.0,0.0,489354.0,318079994.0,242627.0,0.0,260.0,520.0
MAR,Morocco,IND,MR|MCF,MCF/LWAL/CDM+ERM/H:2/IND,TOTAL,616.0,132961034.0,44320343.0,0.0,295469.0,177281379.0,145604.0,0.0,480.0,450.0
MAR,Morocco,RES,MR|MCF,MCF/LWAL/CDM+ERM/H:2/RES,URBAN,119098.0,4560834335.0,804853118.0,491677.0,12002196.0,5365687455.0,4117136.0,122151.0,101.0,380.0
MAR,Morocco,COM,MR|MCF,MCF/LWAL/CDM+ERM/H:3-6/COM,TOTAL,169.0,77708679.0,19427173.0,0.0,149440.0,97135848.0,74210.0,0.0,884.0,520.0
MAR,Morocco,RES,MR|MCF,MCF/LWAL/CDM+ERM/H:3-6/RES,URBAN,3408.0,876835368.0,154735653.0,109227.0,2307461.0,1031571023.0,792674.0,27136.0,677.0,380.0
MAR,Morocco,RES,OT,ME+MEO/LWAL/CDN+ERM/H:1/RES,URBAN,9924.0,148774900.0,26254395.0,40031.0,595100.0,175029297.0,23220.0,9924.0,60.0,250.0
MAR,Morocco,RES,OT,ME+MEO/LWAL/CDN+ERM/H:1/RES,RURAL,16347.0,147142779.0,25966373.0,66454.0,980952.0,173109151.0,38276.0,16347.0,60.0,150.0
MAR,Morocco,COM,ADO|ST|E,MUR+ADO/LWAL/CDN+ERN/H:1/COM,TOTAL,12081.0,408369841.0,136123281.0,0.0,1570653.0,544493123.0,133287.0,0.0,130.0,260.0
MAR,Morocco,RES,ADO|ST|E,MUR+ADO/LWAL/CDN+ERN/H:1/RES,RURAL,179560.0,1292795821.0,228140438.0,712678.0,10773299.0,1520936261.0,661720.0,179560.0,60.0,120.0
MAR,Morocco,RES,ADO|ST|E,MUR+ADO/LWAL/CDN+ERN/H:1/RES,URBAN,28314.0,339725922.0,59951634.0,116020.0,1698630.0,399677555.0,104334.0,28314.0,60.0,200.0
MAR,Morocco,COM,ADO|ST|E,MUR+ADO/LWAL/CDN+ERN/H:2/COM,TOTAL,6040.0,408370192.0,136123400.0,0.0,1570655.0,544493591.0,133674.0,0.0,260.0,260.0
MAR,Morocco,RES,ADO|ST|E,MUR+ADO/LWAL/CDN+ERN/H:2/RES,URBAN,27594.0,556154323.0,98144881.0,115946.0,2780772.0,654299201.0,171252.0,28296.0,101.0,200.0
MAR,Morocco,RES,ADO|ST|E,MUR+ADO/LWAL/CDN+ERN/H:2/RES,RURAL,175058.0,2116921811.0,373574438.0,712613.0,17641015.0,2490496250.0,1086412.0,179544.0,101.0,120.0
MAR,Morocco,COM,ADO|ST|E,MUR+ADO/LWAL/CDN+ERN/H:3/COM,TOTAL,253.0,58617812.0,19539268.0,0.0,225453.0,78157082.0,19243.0,0.0,891.0,260.0
MAR,Morocco,RES,ADO|ST|E,MUR+ADO/LWAL/CDN+ERN/H:3/RES,URBAN,372.0,50264761.0,8870253.0,12115.0,251324.0,59135012.0,15518.0,2957.0,676.0,200.0
MAR,Morocco,RES,ADO|ST|E,MUR+ADO/LWAL/CDN+ERN/H:3/RES,RURAL,2362.0,192698532.0,34005622.0,74980.0,1605821.0,226704155.0,99154.0,18891.0,680.0,120.0
MAR,Morocco,COM,MUR,MUR+CB/LWAL/CDN+ERN/H:1/COM,TOTAL,29681.0,1427769716.0,356942434.0,0.0,3858837.0,1784712143.0,3252650.0,0.0,130.0,370.0
MAR,Morocco,IND,MUR,MUR+CB/LWAL/CDN+ERN/H:1/IND,TOTAL,15562.0,1095988350.0,365329451.0,0.0,3424964.0,1461317811.0,2755037.0,0.0,220.0,320.0
MAR,Morocco,RES,MUR,MUR+CB/LWAL/CDN+ERN/H:1/RES,URBAN,685007.0,13152194347.0,2320975473.0,2757265.0,41100607.0,15473169818.0,26658302.0,685007.0,60.0,320.0
MAR,Morocco,RES,MUR,MUR+CB/LWAL/CDN+ERN/H:1/RES,RURAL,331553.0,4177618866.0,737226859.0,1337983.0,19893423.0,4914845725.0,12903091.0,331553.0,60.0,210.0
MAR,Morocco,COM,MUR,MUR+CB/LWAL/CDN+ERN/H:2/COM,TOTAL,14842.0,1427750566.0,356937641.0,0.0,3858785.0,1784688204.0,3254348.0,0.0,260.0,370.0
MAR,Morocco,IND,MUR,MUR+CB/LWAL/CDN+ERN/H:2/IND,TOTAL,5188.0,796734484.0,265578162.0,0.0,2489795.0,1062312642.0,2003927.0,0.0,480.0,320.0
MAR,Morocco,RES,MUR,MUR+CB/LWAL/CDN+ERN/H:2/RES,URBAN,667882.0,21536717516.0,3800597210.0,2757261.0,67302242.0,25337314720.0,43674431.0,685006.0,101.0,320.0
MAR,Morocco,RES,MUR,MUR+CB/LWAL/CDN+ERN/H:2/RES,RURAL,323262.0,6840850570.0,1207208924.0,1337997.0,32575479.0,8048059496.0,21139199.0,331556.0,101.0,210.0
MAR,Morocco,COM,MUR,MUR+CB/LWAL/CDN+ERN/H:3/COM,TOTAL,624.0,207490678.0,51872668.0,0.0,560786.0,259363348.0,473198.0,0.0,899.0,370.0
MAR,Morocco,RES,MUR,MUR+CB/LWAL/CDN+ERN/H:3/RES,RURAL,4360.0,622977394.0,109937188.0,140865.0,2966559.0,732914583.0,1926035.0,34907.0,680.0,210.0
MAR,Morocco,RES,MUR,MUR+CB/LWAL/CDN+ERN/H:3/RES,URBAN,9020.0,1961295819.0,346111026.0,290191.0,6129049.0,2307406845.0,3979278.0,72095.0,679.0,320.0
MAR,Morocco,COM,MUR,MUR+CL/LWAL/CDN+ERN/H:1/COM,TOTAL,29681.0,1427769716.0,356942434.0,0.0,3858837.0,1784712143.0,2402382.0,0.0,130.0,370.0
MAR,Morocco,IND,MUR,MUR+CL/LWAL/CDN+ERN/H:1/IND,TOTAL,15562.0,1095988350.0,365329451.0,0.0,3424964.0,1461317811.0,1973504.0,0.0,220.0,320.0
MAR,Morocco,RES,MUR,MUR+CL/LWAL/CDN+ERN/H:1/RES,URBAN,685007.0,13152194347.0,2320975473.0,2757265.0,41100607.0,15473169818.0,18884071.0,685007.0,60.0,320.0
MAR,Morocco,RES,MUR,MUR+CL/LWAL/CDN+ERN/H:1/RES,RURAL,331553.0,4177618866.0,737226859.0,1337983.0,19893423.0,4914845725.0,9140225.0,331553.0,60.0,210.0
MAR,Morocco,COM,MUR,MUR+CL/LWAL/CDN+ERN/H:2/COM,TOTAL,14842.0,1427750566.0,356937641.0,0.0,3858785.0,1784688204.0,2403709.0,0.0,260.0,370.0
MAR,Morocco,IND,MUR,MUR+CL/LWAL/CDN+ERN/H:2/IND,TOTAL,5188.0,796734484.0,265578162.0,0.0,2489795.0,1062312642.0,1435519.0,0.0,480.0,320.0
MAR,Morocco,RES,MUR,MUR+CL/LWAL/CDN+ERN/H:2/RES,RURAL,323262.0,6840850570.0,1207208924.0,1337997.0,32575479.0,8048059496.0,14975117.0,331556.0,101.0,210.0
MAR,Morocco,RES,MUR,MUR+CL/LWAL/CDN+ERN/H:2/RES,URBAN,667882.0,21536717516.0,3800597210.0,2757261.0,67302242.0,25337314720.0,30939191.0,685006.0,101.0,320.0
MAR,Morocco,COM,MUR,MUR+CL/LWAL/CDN+ERN/H:3/COM,TOTAL,624.0,207490678.0,51872668.0,0.0,560786.0,259363348.0,349522.0,0.0,899.0,370.0
MAR,Morocco,RES,MUR,MUR+CL/LWAL/CDN+ERN/H:3/RES,RURAL,4360.0,622977394.0,109937188.0,140865.0,2966559.0,732914583.0,1364471.0,34907.0,680.0,210.0
MAR,Morocco,RES,MUR,MUR+CL/LWAL/CDN+ERN/H:3/RES,URBAN,9020.0,1961295819.0,346111026.0,290191.0,6129049.0,2307406845.0,2819061.0,72095.0,679.0,320.0
MAR,Morocco,COM,ADO|ST|E,MUR+STDRE+MOC/LWAL/CDN+ERN/H:1/COM,TOTAL,1431.0,115178913.0,38392970.0,0.0,185772.0,153571879.0,56483.0,0.0,130.0,620.0
MAR,Morocco,IND,ADO|ST|E,MUR+STDRE+MOC/LWAL/CDN+ERN/H:1/IND,TOTAL,687.0,72703763.0,39148181.0,0.0,151466.0,111851946.0,44753.0,0.0,220.0,480.0
MAR,Morocco,RES,ADO|ST|E,MUR+STDRE+MOC/LWAL/CDN+ERN/H:1/RES,URBAN,52231.0,1629596487.0,287575851.0,211942.0,3133839.0,1917172339.0,745107.0,52231.0,60.0,520.0
MAR,Morocco,COM,ADO|ST|E,MUR+STDRE+MOC/LWAL/CDN+ERN/H:2/COM,TOTAL,714.0,115117512.0,38372503.0,0.0,185673.0,153490015.0,56530.0,0.0,260.0,620.0
MAR,Morocco,IND,ADO|ST|E,MUR+STDRE+MOC/LWAL/CDN+ERN/H:2/IND,TOTAL,230.0,52873346.0,28470266.0,0.0,110153.0,81343612.0,32592.0,0.0,479.0,480.0
MAR,Morocco,RES,ADO|ST|E,MUR+STDRE+MOC/LWAL/CDN+ERN/H:2/RES,URBAN,50929.0,2668227992.0,470863763.0,211959.0,5131208.0,3139091756.0,1221412.0,52235.0,101.0,520.0
MAR,Morocco,COM,ADO|ST|E,MUR+STDRE+MOC/LWAL/CDN+ERN/H:3/COM,TOTAL,28.0,14753871.0,4917956.0,0.0,23797.0,19671826.0,7255.0,0.0,850.0,620.0
MAR,Morocco,RES,ADO|ST|E,MUR+STDRE+MOC/LWAL/CDN+ERN/H:3/RES,URBAN,686.0,242018821.0,42709205.0,22213.0,465421.0,284728025.0,110915.0,5475.0,678.0,520.0
MAR,Morocco,COM,ADO|ST|E,MUR+STDRE+MOL/LWAL/CDN+ERN/H:1/COM,TOTAL,1431.0,115178913.0,38392970.0,0.0,185772.0,153571879.0,56483.0,0.0,130.0,620.0
MAR,Morocco,IND,ADO|ST|E,MUR+STDRE+MOL/LWAL/CDN+ERN/H:1/IND,TOTAL,687.0,72703763.0,39148181.0,0.0,151466.0,111851946.0,44753.0,0.0,220.0,480.0
MAR,Morocco,RES,ADO|ST|E,MUR+STDRE+MOL/LWAL/CDN+ERN/H:1/RES,URBAN,52231.0,1629596487.0,287575851.0,211942.0,3133839.0,1917172339.0,745107.0,52231.0,60.0,520.0
MAR,Morocco,COM,ADO|ST|E,MUR+STDRE+MOL/LWAL/CDN+ERN/H:2/COM,TOTAL,714.0,115117512.0,38372503.0,0.0,185673.0,153490015.0,56530.0,0.0,260.0,620.0
MAR,Morocco,IND,ADO|ST|E,MUR+STDRE+MOL/LWAL/CDN+ERN/H:2/IND,TOTAL,230.0,52873346.0,28470266.0,0.0,110153.0,81343612.0,32592.0,0.0,479.0,480.0
MAR,Morocco,RES,ADO|ST|E,MUR+STDRE+MOL/LWAL/CDN+ERN/H:2/RES,URBAN,50929.0,2668227992.0,470863763.0,211959.0,5131208.0,3139091756.0,1221412.0,52235.0,101.0,520.0
MAR,Morocco,COM,ADO|ST|E,MUR+STDRE+MOL/LWAL/CDN+ERN/H:3/COM,TOTAL,28.0,14753871.0,4917956.0,0.0,23797.0,19671826.0,7255.0,0.0,850.0,620.0
MAR,Morocco,RES,ADO|ST|E,MUR+STDRE+MOL/LWAL/CDN+ERN/H:3/RES,URBAN,686.0,242018821.0,42709205.0,22213.0,465421.0,284728025.0,110915.0,5475.0,678.0,520.0
MAR,Morocco,COM,ADO|ST|E,MUR+STDRE+MOM/LWAL/CDN+ERN/H:1/COM,TOTAL,571.0,46251001.0,15416998.0,0.0,74598.0,61668004.0,22681.0,0.0,131.0,620.0
MAR,Morocco,IND,ADO|ST|E,MUR+STDRE+MOM/LWAL/CDN+ERN/H:1/IND,TOTAL,277.0,29668567.0,15975383.0,0.0,61810.0,45643948.0,18263.0,0.0,223.0,480.0
MAR,Morocco,RES,ADO|ST|E,MUR+STDRE+MOM/LWAL/CDN+ERN/H:1/RES,URBAN,20756.0,647433674.0,114253000.0,84331.0,1245065.0,761686677.0,296029.0,20756.0,60.0,520.0
MAR,Morocco,COM,ADO|ST|E,MUR+STDRE+MOM/LWAL/CDN+ERN/H:2/COM,TOTAL,289.0,46285028.0,15428342.0,0.0,74653.0,61713367.0,22729.0,0.0,258.0,620.0
MAR,Morocco,IND,ADO|ST|E,MUR+STDRE+MOM/LWAL/CDN+ERN/H:2/IND,TOTAL,88.0,21288949.0,11463281.0,0.0,44352.0,32752228.0,13123.0,0.0,504.0,480.0
MAR,Morocco,RES,ADO|ST|E,MUR+STDRE+MOM/LWAL/CDN+ERN/H:2/RES,URBAN,20240.0,1060065421.0,187070369.0,84338.0,2038587.0,1247135791.0,485257.0,20759.0,101.0,520.0
MAR,Morocco,COM,ADO|ST|E,MUR+STDRE+MOM/LWAL/CDN+ERN/H:3/COM,TOTAL,9.0,4834796.0,1611598.0,0.0,7798.0,6446394.0,2377.0,0.0,866.0,620.0
MAR,Morocco,RES,ADO|ST|E,MUR+STDRE+MOM/LWAL/CDN+ERN/H:3/RES,URBAN,273.0,96252282.0,16985696.0,8853.0,185101.0,113237979.0,44111.0,2179.0,678.0,520.0
MAR,Morocco,COM,ADO|ST|E,MUR+STRUB+MOC/LWAL/CDN+ERN/H:1/COM,TOTAL,3823.0,308180757.0,102726917.0,0.0,497066.0,410907679.0,151130.0,0.0,130.0,620.0
MAR,Morocco,IND,ADO|ST|E,MUR+STRUB+MOC/LWAL/CDN+ERN/H:1/IND,TOTAL,2206.0,232906496.0,125411190.0,0.0,485222.0,358317686.0,143366.0,0.0,220.0,480.0
MAR,Morocco,RES,ADO|ST|E,MUR+STRUB+MOC/LWAL/CDN+ERN/H:1/RES,RURAL,137322.0,2307135033.0,407141478.0,561672.0,8239768.0,2714276513.0,1959102.0,137322.0,60.0,280.0
MAR,Morocco,COM,ADO|ST|E,MUR+STRUB+MOC/LWAL/CDN+ERN/H:2/COM,TOTAL,1913.0,308073288.0,102691095.0,0.0,496892.0,410764388.0,151285.0,0.0,260.0,620.0
MAR,Morocco,IND,ADO|ST|E,MUR+STRUB+MOC/LWAL/CDN+ERN/H:2/IND,TOTAL,734.0,169087189.0,91046950.0,0.0,352265.0,260134144.0,104229.0,0.0,480.0,480.0
MAR,Morocco,RES,ADO|ST|E,MUR+STRUB+MOC/LWAL/CDN+ERN/H:2/RES,RURAL,133905.0,3777935460.0,666694493.0,561743.0,13492627.0,4444629953.0,3211731.0,137339.0,101.0,280.0
MAR,Morocco,COM,ADO|ST|E,MUR+STRUB+MOC/LWAL/CDN+ERN/H:3/COM,TOTAL,78.0,42652429.0,14217476.0,0.0,68794.0,56869904.0,20974.0,0.0,882.0,620.0
MAR,Morocco,RES,ADO|ST|E,MUR+STRUB+MOC/LWAL/CDN+ERN/H:3/RES,RURAL,1797.0,342428472.0,60428554.0,58853.0,1222959.0,402857023.0,291444.0,14390.0,681.0,280.0
MAR,Morocco,COM,ADO|ST|E,MUR+STRUB+MOL/LWAL/CDN+ERN/H:1/COM,TOTAL,3823.0,308180757.0,102726917.0,0.0,497066.0,410907679.0,151130.0,0.0,130.0,620.0
MAR,Morocco,IND,ADO|ST|E,MUR+STRUB+MOL/LWAL/CDN+ERN/H:1/IND,TOTAL,2206.0,232906496.0,125411190.0,0.0,485222.0,358317686.0,143366.0,0.0,220.0,480.0
MAR,Morocco,RES,ADO|ST|E,MUR+STRUB+MOL/LWAL/CDN+ERN/H:1/RES,RURAL,137322.0,2307135033.0,407141478.0,561672.0,8239768.0,2714276513.0,1959102.0,137322.0,60.0,280.0
MAR,Morocco,COM,ADO|ST|E,MUR+STRUB+MOL/LWAL/CDN+ERN/H:2/COM,TOTAL,1913.0,308073288.0,102691095.0,0.0,496892.0,410764388.0,151285.0,0.0,260.0,620.0
MAR,Morocco,IND,ADO|ST|E,MUR+STRUB+MOL/LWAL/CDN+ERN/H:2/IND,TOTAL,734.0,169087189.0,91046950.0,0.0,352265.0,260134144.0,104229.0,0.0,480.0,480.0
MAR,Morocco,RES,ADO|ST|E,MUR+STRUB+MOL/LWAL/CDN+ERN/H:2/RES,RURAL,133905.0,3777935460.0,666694493.0,561743.0,13492627.0,4444629953.0,3211731.0,137339.0,101.0,280.0
MAR,Morocco,COM,ADO|ST|E,MUR+STRUB+MOL/LWAL/CDN+ERN/H:3/COM,TOTAL,78.0,42652429.0,14217476.0,0.0,68794.0,56869904.0,20974.0,0.0,882.0,620.0
MAR,Morocco,RES,ADO|ST|E,MUR+STRUB+MOL/LWAL/CDN+ERN/H:3/RES,RURAL,1797.0,342428472.0,60428554.0,58853.0,1222959.0,402857023.0,291444.0,14390.0,681.0,280.0
MAR,Morocco,COM,ADO|ST|E,MUR+STRUB+MOM/LWAL/CDN+ERN/H:1/COM,TOTAL,7594.0,612152418.0,204050807.0,0.0,987343.0,816203218.0,300196.0,0.0,130.0,620.0
MAR,Morocco,IND,ADO|ST|E,MUR+STRUB+MOM/LWAL/CDN+ERN/H:1/IND,TOTAL,4901.0,517460857.0,278632769.0,0.0,1078043.0,796093628.0,318524.0,0.0,220.0,480.0
MAR,Morocco,RES,ADO|ST|E,MUR+STRUB+MOM/LWAL/CDN+ERN/H:1/RES,RURAL,257397.0,4324302705.0,763112242.0,1033693.0,15443938.0,5087414947.0,3671979.0,257397.0,60.0,280.0
MAR,Morocco,COM,ADO|ST|E,MUR+STRUB+MOM/LWAL/CDN+ERN/H:2/COM,TOTAL,3796.0,612153057.0,204051017.0,0.0,987344.0,816204072.0,300608.0,0.0,260.0,620.0
MAR,Morocco,IND,ADO|ST|E,MUR+STRUB+MOM/LWAL/CDN+ERN/H:2/IND,TOTAL,1633.0,376334287.0,202641538.0,0.0,784030.0,578975831.0,231980.0,0.0,480.0,480.0
MAR,Morocco,RES,ADO|ST|E,MUR+STRUB+MOM/LWAL/CDN+ERN/H:2/RES,RURAL,250963.0,7081009430.0,1249589897.0,1033696.0,25289319.0,8330599328.0,6019768.0,257399.0,101.0,280.0
MAR,Morocco,COM,ADO|ST|E,MUR+STRUB+MOM/LWAL/CDN+ERN/H:3/COM,TOTAL,162.0,88649007.0,29549670.0,0.0,142982.0,118198677.0,43592.0,0.0,883.0,620.0
MAR,Morocco,RES,ADO|ST|E,MUR+STRUB+MOM/LWAL/CDN+ERN/H:3/RES,RURAL,3386.0,644751528.0,113779682.0,108798.0,2302684.0,758531211.0,548753.0,27092.0,680.0,280.0
MAR,Morocco,IND,S,S+SL/LFM/CDL+ERL/H:1/IND,TOTAL,6913.0,683788462.0,227929490.0,0.0,1519530.0,911717951.0,518592.0,0.0,220.0,450.0
MAR,Morocco,IND,S,S+SL/LFM/CDL+ERL/H:2/IND,TOTAL,2300.0,497179900.0,165726632.0,0.0,1104844.0,662906540.0,377315.0,0.0,480.0,450.0
MAR,Morocco,IND,S,S+SL/LFM/CDM+ERM/H:1/IND,TOTAL,2123.0,210351428.0,70117146.0,0.0,467448.0,280468575.0,159533.0,0.0,220.0,450.0
MAR,Morocco,IND,S,S+SL/LFM/CDM+ERM/H:2/IND,TOTAL,712.0,152674113.0,50891372.0,0.0,339276.0,203565479.0,115866.0,0.0,477.0,450.0
MAR,Morocco,IND,S,S/LFM/CDL+ERL/H:1/IND,TOTAL,9579.0,948228819.0,316076269.0,0.0,2107175.0,1264305098.0,719147.0,0.0,220.0,450.0
MAR,Morocco,IND,S,S/LFM/CDL+ERL/H:2/IND,TOTAL,3200.0,689400593.0,229800202.0,0.0,1532001.0,919200795.0,523193.0,0.0,479.0,450.0
MAR,Morocco,IND,S,S/LFM/CDM+ERM/H:1/IND,TOTAL,2951.0,291681724.0,97227241.0,0.0,648182.0,388908971.0,221215.0,0.0,220.0,450.0
MAR,Morocco,IND,S,S/LFM/CDM+ERM/H:2/IND,TOTAL,977.0,211711749.0,70570583.0,0.0,470471.0,282282329.0,160670.0,0.0,482.0,450.0
MAR,Morocco,RES,W,W+WBB/LN/CDN+ERL/H:1/RES,URBAN,2478.0,68364790.0,17091199.0,9996.0,148619.0,85455988.0,3898.0,2478.0,60.0,460.0
MAR,Morocco,RES,W,W+WBB/LN/CDN+ERL/H:1/RES,RURAL,4093.0,68668015.0,17167003.0,16639.0,245243.0,85835018.0,6432.0,4093.0,60.0,280.0
MAR,Morocco,COM,W,W+WLI/LWAL/CDL+ERM/H:1/COM,TOTAL,920.0,77472002.0,25823998.0,0.0,119188.0,103296006.0,22753.0,0.0,130.0,650.0
MAR,Morocco,RES,W,W+WLI/LWAL/CDL+ERM/H:1/RES,URBAN,5397.0,149001699.0,37250426.0,21770.0,323917.0,186252127.0,34259.0,5397.0,60.0,460.0
MAR,Morocco,RES,W,W+WLI/LWAL/CDL+ERM/H:1/RES,RURAL,8919.0,149658625.0,37414657.0,36257.0,534495.0,187073283.0,56530.0,8919.0,60.0,280.0
MAR,Morocco,COM,W,W+WLI/LWAL/CDL+ERM/H:2/COM,TOTAL,148.0,24702543.0,8234181.0,0.0,38004.0,32936733.0,7258.0,0.0,257.0,650.0
MAR,Morocco,RES,W,W+WLI/LWAL/CDL+ERM/H:2/RES,URBAN,1754.0,81304250.0,20326062.0,7259.0,176748.0,101630311.0,18705.0,1800.0,101.0,460.0
MAR,Morocco,RES,W,W+WLI/LWAL/CDL+ERM/H:2/RES,RURAL,2898.0,81492292.0,20373074.0,12058.0,291044.0,101865365.0,30801.0,2966.0,100.0,280.0
MAR,Morocco,COM,W,W+WLI/LWAL/CDM+ERM/H:1/COM,TOTAL,346.0,29017721.0,9672575.0,0.0,44643.0,38690296.0,8522.0,0.0,129.0,650.0
MAR,Morocco,RES,W,W+WLI/LWAL/CDM+ERM/H:1/RES,URBAN,2036.0,56092749.0,14023187.0,8212.0,121941.0,70115935.0,12897.0,2036.0,60.0,460.0
MAR,Morocco,RES,W,W+WLI/LWAL/CDM+ERM/H:1/RES,RURAL,3357.0,56339343.0,14084835.0,13649.0,201212.0,70424178.0,21281.0,3357.0,60.0,280.0
MAR,Morocco,COM,W,W+WLI/LWAL/CDM+ERM/H:2/COM,TOTAL,55.0,8560113.0,2853372.0,0.0,13169.0,11413480.0,2515.0,0.0,239.0,650.0
MAR,Morocco,RES,W,W+WLI/LWAL/CDM+ERM/H:2/RES,RURAL,1080.0,30637491.0,7659374.0,4492.0,109420.0,38296865.0,11580.0,1105.0,101.0,280.0
MAR,Morocco,RES,W,W+WLI/LWAL/CDM+ERM/H:2/RES,URBAN,658.0,30503428.0,7625857.0,2716.0,66312.0,38129285.0,7018.0,673.0,101.0,460.0
MAR,Morocco,COM,W,W/LWAL/CDL+ERM/H:1/COM,TOTAL,260.0,21598151.0,7199384.0,0.0,33228.0,28797533.0,6343.0,0.0,128.0,650.0
MAR,Morocco,RES,W,W/LWAL/CDL+ERM/H:1/RES,RURAL,9164.0,153854664.0,38463667.0,37740.0,549481.0,192318330.0,58115.0,9164.0,60.0,280.0
MAR,Morocco,RES,W,W/LWAL/CDL+ERM/H:1/RES,URBAN,2832.0,78174438.0,19543610.0,11609.0,169944.0,97718048.0,17974.0,2832.0,60.0,460.0
MAR,Morocco,COM,W,W/LWAL/CDL+ERM/H:2/COM,TOTAL,129.0,21386665.0,7128886.0,0.0,32903.0,28515549.0,6284.0,0.0,255.0,650.0
MAR,Morocco,RES,W,W/LWAL/CDL+ERM/H:2/RES,RURAL,8934.0,251942322.0,62985581.0,37733.0,899794.0,314927904.0,95225.0,9163.0,101.0,280.0
MAR,Morocco,RES,W,W/LWAL/CDL+ERM/H:2/RES,URBAN,2762.0,127978513.0,31994625.0,11600.0,278214.0,159973140.0,29443.0,2830.0,101.0,460.0
MAR,Morocco,COM,W,W/LWAL/CDL+ERM/H:3/COM,TOTAL,37.0,10336117.0,3445374.0,0.0,15902.0,13781491.0,3038.0,0.0,430.0,650.0
MAR,Morocco,RES,W,W/LWAL/CDL+ERM/H:3/RES,RURAL,3558.0,146414472.0,36603618.0,18684.0,522909.0,183018089.0,55374.0,4537.0,147.0,280.0
MAR,Morocco,RES,W,W/LWAL/CDL+ERM/H:3/RES,URBAN,1104.0,74500714.0,18625180.0,5774.0,161958.0,93125894.0,17151.0,1408.0,147.0,460.0
MAR,Morocco,COM,W,W/LWAL/CDM+ERM/H:1/COM,TOTAL,59.0,4845130.0,1615046.0,0.0,7454.0,6460173.0,1423.0,0.0,126.0,650.0
MAR,Morocco,RES,W,W/LWAL/CDM+ERM/H:1/RES,RURAL,2239.0,37772304.0,9443075.0,9221.0,134901.0,47215378.0,14268.0,2239.0,60.0,280.0
MAR,Morocco,RES,W,W/LWAL/CDM+ERM/H:1/RES,URBAN,697.0,19193817.0,4798454.0,2858.0,41726.0,23992270.0,4413.0,697.0,60.0,460.0
MAR,Morocco,COM,W,W/LWAL/CDM+ERM/H:2/COM,TOTAL,27.0,3862191.0,1287395.0,0.0,5942.0,5149588.0,1135.0,0.0,220.0,650.0
MAR,Morocco,RES,W,W/LWAL/CDM+ERM/H:2/RES,URBAN,678.0,31392813.0,7848204.0,2847.0,68245.0,39241017.0,7222.0,694.0,101.0,460.0
MAR,Morocco,RES,W,W/LWAL/CDM+ERM/H:2/RES,RURAL,2190.0,61694100.0,15423524.0,9217.0,220336.0,77117623.0,23318.0,2238.0,101.0,280.0
MAR,Morocco,COM,W,W/LWAL/CDM+ERM/H:3/COM,TOTAL,5.0,1298968.0,432989.0,0.0,1998.0,1731957.0,382.0,0.0,400.0,650.0
MAR,Morocco,RES,W,W/LWAL/CDM+ERM/H:3/RES,RURAL,872.0,35300454.0,8825114.0,4484.0,126073.0,44125568.0,13351.0,1088.0,145.0,280.0
MAR,Morocco,RES,W,W/LWAL/CDM+ERM/H:3/RES,URBAN,269.0,17876295.0,4469073.0,1368.0,38862.0,22345367.0,4115.0,333.0,144.0,460.0
MOZ,Mozambique,COM,CR-,CR/LFINF/CDL+ERL/H:1/COM,TOTAL,989.0,64323634.0,11351228.0,0.0,128647.0,75674866.0,63735.0,0.0,130.0,500.0
MOZ,Mozambique,IND,CR-,CR/LFINF/CDL+ERL/H:1/IND,TOTAL,2046.0,207353446.0,69117814.0,0.0,450768.0,276471268.0,221934.0,0.0,220.0,460.0
MOZ,Mozambique,RES,CR-,CR/LFINF/CDL+ERL/H:1/RES,URBAN,25762.0,602811286.0,106378463.0,115947.0,1545670.0,709189751.0,529832.0,25762.0,60.0,390.0
MOZ,Mozambique,COM,CR-,CR/LFINF/CDL+ERL/H:2/COM,TOTAL,1730.0,225154784.0,39733197.0,0.0,450310.0,264887978.0,223268.0,0.0,260.0,500.0
MOZ,Mozambique,IND,CR-,CR/LFINF/CDL+ERL/H:2/IND,TOTAL,679.0,150808382.0,50269464.0,0.0,327844.0,201077837.0,161559.0,0.0,483.0,460.0
MOZ,Mozambique,RES,CR-,CR/LFINF/CDL+ERL/H:2/RES,URBAN,87909.0,3454858425.0,609680898.0,405790.0,8858611.0,4064539325.0,3038787.0,90163.0,101.0,390.0
MOZ,Mozambique,COM,CR-,CR/LFINF/CDL+ERL/H:3/COM,TOTAL,1158.0,259737515.0,45836032.0,0.0,519475.0,305573549.0,257762.0,0.0,449.0,500.0
MOZ,Mozambique,RES,CR-,CR/LFINF/CDL+ERL/H:3/RES,URBAN,70252.0,4033597121.0,711811257.0,405805.0,10342557.0,4745408381.0,3550383.0,90167.0,147.0,390.0
MOZ,Mozambique,COM,CR-,CR/LFINF/CDL+ERL/H:4-7/COM,TOTAL,297.0,178146705.0,31437654.0,0.0,356293.0,209584363.0,177206.0,0.0,1200.0,500.0
MOZ,Mozambique,RES,CR-,CR/LFINF/CDL+ERL/H:4-7/RES,URBAN,3219.0,1205621176.0,212756678.0,173902.0,3091336.0,1418377850.0,1063483.0,38640.0,960.0,390.0
MOZ,Mozambique,COM,CR-,CR/LFINF/CDL+ERL/H:>7/COM,TOTAL,44.0,74008892.0,13060394.0,0.0,148018.0,87069284.0,73733.0,0.0,3364.0,500.0
MOZ,Mozambique,RES,CR-,CR/LFINF/CDL+ERL/H:>7/RES,URBAN,804.0,376756637.0,66486467.0,57971.0,966043.0,443243103.0,332816.0,12881.0,1202.0,390.0
MOZ,Mozambique,RES,OT,INF/LN/CDN+ERN/H:1/EWV/RES,RURAL,752963.0,3162451712.0,558079713.0,3388797.0,45177882.0,3720531425.0,603181.0,752963.0,60.0,70.0
MOZ,Mozambique,RES,OT,INF/LN/CDN+ERN/H:1/EWV/RES,URBAN,230633.0,1245418924.0,219779811.0,1037989.0,13837988.0,1465198734.0,184754.0,230633.0,60.0,90.0
MOZ,Mozambique,RES,OT,MATO/LN/CDN+ERN/H:1/RES,RURAL,85231.0,357974829.0,63172029.0,383591.0,5113926.0,421146857.0,2349643.0,85231.0,60.0,70.0
MOZ,Mozambique,RES,OT,MATO/LN/CDN+ERN/H:1/RES,URBAN,62608.0,338089221.0,59662802.0,281774.0,3756547.0,397752023.0,1725982.0,62608.0,60.0,90.0
MOZ,Mozambique,COM,MR|MCF,MCF+CB/LWAL/CDL+ERL/H:1/COM,TOTAL,3445.0,223847943.0,55961987.0,0.0,447696.0,279809931.0,249383.0,0.0,130.0,500.0
MOZ,Mozambique,IND,MR|MCF,MCF+CB/LWAL/CDL+ERL/H:1/IND,TOTAL,1584.0,160341646.0,53447213.0,0.0,348569.0,213788864.0,194823.0,0.0,220.0,460.0
MOZ,Mozambique,RES,MR|MCF,MCF+CB/LWAL/CDL+ERL/H:1/RES,URBAN,89642.0,2097645903.0,370172807.0,403445.0,5378579.0,2467818709.0,2114965.0,89642.0,60.0,390.0
MOZ,Mozambique,COM,MR|MCF,MCF+CB/LWAL/CDL+ERL/H:2/COM,TOTAL,1717.0,223856501.0,55964122.0,0.0,447713.0,279820621.0,249584.0,0.0,261.0,500.0
MOZ,Mozambique,IND,MR|MCF,MCF+CB/LWAL/CDL+ERL/H:2/IND,TOTAL,524.0,116613604.0,38871204.0,0.0,253508.0,155484810.0,141815.0,0.0,484.0,460.0
MOZ,Mozambique,RES,MR|MCF,MCF+CB/LWAL/CDL+ERL/H:2/RES,URBAN,87402.0,3434890637.0,606157172.0,403456.0,8807412.0,4041047810.0,3465648.0,89645.0,101.0,390.0
MOZ,Mozambique,COM,MR|MCF,MCF+CB/LWAL/CDL+ERL/H:3-6/COM,TOTAL,154.0,67408879.0,16852220.0,0.0,134818.0,84261097.0,75272.0,0.0,875.0,500.0
MOZ,Mozambique,RES,MR|MCF,MCF+CB/LWAL/CDL+ERL/H:3-6/RES,URBAN,2494.0,660370384.0,116535949.0,89653.0,1693257.0,776906331.0,667205.0,19920.0,679.0,390.0
MOZ,Mozambique,COM,MR|MCF,MCF+CL/LWAL/CDL+ERL/H:1/COM,TOTAL,1011.0,65619295.0,16404826.0,0.0,131239.0,82024121.0,65019.0,0.0,130.0,500.0
MOZ,Mozambique,IND,MR|MCF,MCF+CL/LWAL/CDL+ERL/H:1/IND,TOTAL,464.0,47010639.0,15670215.0,0.0,102197.0,62680844.0,50316.0,0.0,220.0,460.0
MOZ,Mozambique,RES,MR|MCF,MCF+CL/LWAL/CDL+ERL/H:1/RES,URBAN,26283.0,615001880.0,108529744.0,118290.0,1576928.0,723531623.0,540547.0,26283.0,60.0,390.0
MOZ,Mozambique,COM,MR|MCF,MCF+CL/LWAL/CDL+ERL/H:2/COM,TOTAL,507.0,65603259.0,16400815.0,0.0,131207.0,82004072.0,65054.0,0.0,259.0,500.0
MOZ,Mozambique,IND,MR|MCF,MCF+CL/LWAL/CDL+ERL/H:2/IND,TOTAL,152.0,34191110.0,11397038.0,0.0,74328.0,45588142.0,36628.0,0.0,489.0,460.0
MOZ,Mozambique,RES,MR|MCF,MCF+CL/LWAL/CDL+ERL/H:2/RES,URBAN,25625.0,1007064970.0,177717349.0,118279.0,2582218.0,1184782318.0,885783.0,26281.0,101.0,390.0
MOZ,Mozambique,COM,MR|MCF,MCF+CL/LWAL/CDL+ERL/H:3-6/COM,TOTAL,42.0,17871589.0,4467895.0,0.0,35743.0,22339485.0,17750.0,0.0,851.0,500.0
MOZ,Mozambique,RES,MR|MCF,MCF+CL/LWAL/CDL+ERL/H:3-6/RES,URBAN,730.0,193602549.0,34165154.0,26276.0,496417.0,227767700.0,170532.0,5838.0,680.0,390.0
MOZ,Mozambique,RES,OT,ME+MEO/LWAL/CDN+ERM/H:1/RES,RURAL,51626.0,216830446.0,38264197.0,232348.0,3097578.0,255094642.0,120865.0,51626.0,60.0,70.0
MOZ,Mozambique,RES,OT,ME+MEO/LWAL/CDN+ERM/H:1/RES,URBAN,34275.0,185085411.0,32662130.0,154258.0,2056505.0,217747543.0,80243.0,34275.0,60.0,90.0
MOZ,Mozambique,COM,ADO|ST|E,MUR+ADO/LWAL/CDN+ERN/H:1/COM,TOTAL,33574.0,523671685.0,174557231.0,0.0,4363931.0,698228917.0,370327.0,0.0,130.0,120.0
MOZ,Mozambique,RES,ADO|ST|E,MUR+ADO/LWAL/CDN+ERN/H:1/RES,RURAL,815719.0,2447159649.0,431851702.0,3671237.0,48943193.0,2879011350.0,3006198.0,815719.0,60.0,50.0
MOZ,Mozambique,RES,ADO|ST|E,MUR+ADO/LWAL/CDN+ERN/H:1/RES,URBAN,306655.0,1287951773.0,227285607.0,1380134.0,18399311.0,1515237381.0,1130126.0,306655.0,60.0,70.0
MOZ,Mozambique,COM,ADO|ST|E,MUR+ADO/LWAL/CDN+ERN/H:2/COM,TOTAL,16781.0,523670478.0,174556826.0,0.0,4363921.0,698227308.0,371400.0,0.0,260.0,120.0
MOZ,Mozambique,RES,ADO|ST|E,MUR+ADO/LWAL/CDN+ERN/H:2/RES,URBAN,298990.0,2109021166.0,372180206.0,1380138.0,30128874.0,2481201372.0,1855470.0,306656.0,101.0,70.0
MOZ,Mozambique,RES,ADO|ST|E,MUR+ADO/LWAL/CDN+ERN/H:2/RES,RURAL,795327.0,4007223670.0,707157115.0,3671231.0,80144473.0,4714380784.0,4935654.0,815718.0,101.0,50.0
MOZ,Mozambique,COM,ADO|ST|E,MUR+ADO/LWAL/CDN+ERN/H:3/COM,TOTAL,711.0,76233557.0,25411186.0,0.0,635280.0,101644742.0,54223.0,0.0,894.0,120.0
MOZ,Mozambique,RES,ADO|ST|E,MUR+ADO/LWAL/CDN+ERN/H:3/RES,URBAN,4038.0,192063011.0,33893469.0,145281.0,2743757.0,225956483.0,169418.0,32280.0,679.0,70.0
MOZ,Mozambique,RES,ADO|ST|E,MUR+ADO/LWAL/CDN+ERN/H:3/RES,RURAL,10737.0,364926472.0,64398790.0,386434.0,7298529.0,429325260.0,450660.0,85863.0,680.0,50.0
MOZ,Mozambique,COM,MUR,MUR+CB/LWAL/CDN+ERN/H:1/COM,TOTAL,19871.0,981970197.0,245492546.0,0.0,2584132.0,1227462748.0,2178189.0,0.0,130.0,380.0
MOZ,Mozambique,IND,MUR,MUR+CB/LWAL/CDN+ERN/H:1/IND,TOTAL,14855.0,948014877.0,316004957.0,0.0,3269017.0,1264019839.0,2629594.0,0.0,220.0,290.0
MOZ,Mozambique,RES,MUR,MUR+CB/LWAL/CDN+ERN/H:1/RES,URBAN,441575.0,7683401190.0,1355894328.0,1987357.0,26494487.0,9039295519.0,17184613.0,441575.0,60.0,290.0
MOZ,Mozambique,RES,MUR,MUR+CB/LWAL/CDN+ERN/H:1/RES,RURAL,155463.0,1958837112.0,345677139.0,699679.0,9327796.0,2304514252.0,6050110.0,155463.0,60.0,210.0
MOZ,Mozambique,COM,MUR,MUR+CB/LWAL/CDN+ERN/H:2/COM,TOTAL,9942.0,981953984.0,245488493.0,0.0,2584089.0,1227442480.0,2179319.0,0.0,260.0,380.0
MOZ,Mozambique,IND,MUR,MUR+CB/LWAL/CDN+ERN/H:2/IND,TOTAL,4951.0,689466579.0,229822194.0,0.0,2377471.0,919288774.0,1913522.0,0.0,480.0,290.0
MOZ,Mozambique,RES,MUR,MUR+CB/LWAL/CDN+ERN/H:2/RES,RURAL,151576.0,3207594141.0,566046027.0,699685.0,15274258.0,3773640163.0,9911921.0,155464.0,101.0,210.0
MOZ,Mozambique,RES,MUR,MUR+CB/LWAL/CDN+ERN/H:2/RES,URBAN,430539.0,12581566611.0,2220276461.0,1987368.0,43384712.0,14801843073.0,28153633.0,441577.0,101.0,290.0
MOZ,Mozambique,COM,MUR,MUR+CB/LWAL/CDN+ERN/H:3/COM,TOTAL,416.0,141834121.0,35458529.0,0.0,373248.0,177292653.0,314951.0,0.0,897.0,380.0
MOZ,Mozambique,RES,MUR,MUR+CB/LWAL/CDN+ERN/H:3/RES,RURAL,2046.0,292106964.0,51548290.0,73645.0,1390986.0,343655251.0,903096.0,16363.0,680.0,210.0
MOZ,Mozambique,RES,MUR,MUR+CB/LWAL/CDN+ERN/H:3/RES,URBAN,5811.0,1145763869.0,202193624.0,209208.0,3950910.0,1347957491.0,2565123.0,46484.0,680.0,290.0
MOZ,Mozambique,COM,MUR,MUR+CL/LWAL/CDN+ERN/H:1/COM,TOTAL,13532.0,668430433.0,167107614.0,0.0,1759027.0,835538052.0,1095111.0,0.0,130.0,380.0
MOZ,Mozambique,IND,MUR,MUR+CL/LWAL/CDN+ERN/H:1/IND,TOTAL,15159.0,967199160.0,322399721.0,0.0,3335170.0,1289598871.0,1921763.0,0.0,220.0,290.0
MOZ,Mozambique,RES,MUR,MUR+CL/LWAL/CDN+ERN/H:1/RES,URBAN,129465.0,2252669741.0,397529954.0,582670.0,7767827.0,2650199694.0,3569003.0,129465.0,60.0,290.0
MOZ,Mozambique,RES,MUR,MUR+CL/LWAL/CDN+ERN/H:1/RES,RURAL,253552.0,3194771473.0,563783202.0,1141138.0,15213197.0,3758554673.0,6989850.0,253552.0,60.0,210.0
MOZ,Mozambique,COM,MUR,MUR+CL/LWAL/CDN+ERN/H:2/COM,TOTAL,6762.0,668417241.0,167104313.0,0.0,1758993.0,835521553.0,1095709.0,0.0,260.0,380.0
MOZ,Mozambique,IND,MUR,MUR+CL/LWAL/CDN+ERN/H:2/IND,TOTAL,5056.0,703402409.0,234467471.0,0.0,2425526.0,937869875.0,1398464.0,0.0,480.0,290.0
MOZ,Mozambique,RES,MUR,MUR+CL/LWAL/CDN+ERN/H:2/RES,URBAN,126225.0,3688745950.0,650955167.0,582655.0,12719814.0,4339701117.0,5847365.0,129461.0,101.0,290.0
MOZ,Mozambique,RES,MUR,MUR+CL/LWAL/CDN+ERN/H:2/RES,RURAL,247211.0,5231438824.0,923195087.0,1141133.0,24911613.0,6154633908.0,11451998.0,253550.0,101.0,210.0
MOZ,Mozambique,COM,MUR,MUR+CL/LWAL/CDN+ERN/H:3/COM,TOTAL,285.0,95330069.0,23832514.0,0.0,250869.0,119162588.0,156359.0,0.0,880.0,380.0
MOZ,Mozambique,RES,MUR,MUR+CL/LWAL/CDN+ERN/H:3/RES,RURAL,3333.0,476413590.0,84072989.0,120128.0,2268636.0,560486577.0,1043461.0,26691.0,681.0,210.0
MOZ,Mozambique,RES,MUR,MUR+CL/LWAL/CDN+ERN/H:3/RES,URBAN,1704.0,335886875.0,59274154.0,61325.0,1158231.0,395161030.0,532729.0,13626.0,680.0,290.0
MOZ,Mozambique,IND,S,S+SL/LFM/CDL+ERL/H:1/IND,TOTAL,7093.0,717168749.0,239056254.0,0.0,1559063.0,956225004.0,532084.0,0.0,220.0,460.0
MOZ,Mozambique,IND,S,S+SL/LFM/CDL+ERL/H:2/IND,TOTAL,2362.0,521558678.0,173852891.0,0.0,1133823.0,695411576.0,387211.0,0.0,480.0,460.0
MOZ,Mozambique,IND,S,S/LFM/CDL+ERL/H:1/IND,TOTAL,5183.0,524878985.0,174959664.0,0.0,1141041.0,699838647.0,389420.0,0.0,220.0,460.0
MOZ,Mozambique,IND,S,S/LFM/CDL+ERL/H:2/IND,TOTAL,1726.0,381725659.0,127241885.0,0.0,829838.0,508967547.0,283398.0,0.0,481.0,460.0
MOZ,Mozambique,COM,W,W+WLI/LWAL/CDL+ERM/H:1/COM,TOTAL,38369.0,2044993028.0,681664344.0,0.0,4987788.0,2726657371.0,952151.0,0.0,130.0,410.0
MOZ,Mozambique,RES,W,W+WLI/LWAL/CDL+ERM/H:1/RES,URBAN,123276.0,2218967309.0,554741828.0,554818.0,7396558.0,2773709137.0,782286.0,123276.0,60.0,300.0
MOZ,Mozambique,RES,W,W+WLI/LWAL/CDL+ERM/H:1/RES,RURAL,511027.0,4292629421.0,1073157356.0,2299936.0,30661639.0,5365786776.0,3242881.0,511027.0,60.0,140.0
MOZ,Mozambique,COM,W,W+WLI/LWAL/CDL+ERM/H:2/COM,TOTAL,6394.0,681658009.0,227219338.0,0.0,1662581.0,908877344.0,317531.0,0.0,260.0,410.0
MOZ,Mozambique,RES,W,W+WLI/LWAL/CDL+ERM/H:2/RES,RURAL,166082.0,2343060535.0,585765135.0,766638.0,16736147.0,2928825666.0,1771179.0,170341.0,101.0,140.0
MOZ,Mozambique,RES,W,W+WLI/LWAL/CDL+ERM/H:2/RES,URBAN,40066.0,1211185972.0,302796491.0,184938.0,4037287.0,1513982462.0,427264.0,41092.0,101.0,300.0
MOZ,Mozambique,RES,W,W+WWD/LWAL/CDN+ERM/H:1/RES,RURAL,476959.0,4006454111.0,1001613528.0,2146608.0,28617529.0,5008067640.0,382080.0,476959.0,60.0,140.0
MOZ,Mozambique,RES,W,W+WWD/LWAL/CDN+ERM/H:1/RES,URBAN,115058.0,2071036482.0,517759121.0,517833.0,6903455.0,2588795602.0,92170.0,115058.0,60.0,300.0
MOZ,Mozambique,RES,W,W+WWD/LWAL/CDN+ERM/H:2/RES,RURAL,199302.0,2811672316.0,702918077.0,919977.0,20083374.0,3514590393.0,268299.0,204411.0,101.0,140.0
MOZ,Mozambique,RES,W,W+WWD/LWAL/CDN+ERM/H:2/RES,URBAN,48079.0,1453422069.0,363355519.0,221924.0,4844740.0,1816777588.0,64722.0,49310.0,101.0,300.0
MOZ,Mozambique,COM,W,W/LWAL/CDL+ERM/H:1/COM,TOTAL,1569.0,83623871.0,27874627.0,0.0,203961.0,111498492.0,38936.0,0.0,130.0,410.0
MOZ,Mozambique,RES,W,W/LWAL/CDL+ERM/H:1/RES,RURAL,15779.0,132552996.0,33138250.0,71017.0,946807.0,165691247.0,100138.0,15779.0,60.0,140.0
MOZ,Mozambique,RES,W,W/LWAL/CDL+ERM/H:1/RES,URBAN,10966.0,197424739.0,49356183.0,49354.0,658082.0,246780921.0,69601.0,10966.0,60.0,300.0
MOZ,Mozambique,COM,W,W/LWAL/CDL+ERM/H:2/COM,TOTAL,785.0,83624257.0,27874753.0,0.0,203962.0,111499011.0,38954.0,0.0,260.0,410.0
MOZ,Mozambique,RES,W,W/LWAL/CDL+ERM/H:2/RES,RURAL,15385.0,217055799.0,54263950.0,71016.0,1550399.0,271319746.0,164078.0,15779.0,101.0,140.0
MOZ,Mozambique,RES,W,W/LWAL/CDL+ERM/H:2/RES,URBAN,10693.0,323282046.0,80820514.0,49366.0,1077607.0,404102561.0,114043.0,10969.0,101.0,300.0
MOZ,Mozambique,COM,W,W/LWAL/CDL+ERM/H:3/COM,TOTAL,265.0,47890326.0,15963443.0,0.0,116806.0,63853767.0,22319.0,0.0,441.0,410.0
MOZ,Mozambique,RES,W,W/LWAL/CDL+ERM/H:3/RES,RURAL,6149.0,126706899.0,31676723.0,35512.0,905049.0,158383625.0,95841.0,7890.0,147.0,140.0
MOZ,Mozambique,RES,W,W/LWAL/CDL+ERM/H:3/RES,URBAN,4274.0,188717685.0,47179423.0,24688.0,629059.0,235897107.0,66615.0,5485.0,147.0,300.0
NAM,Namibia,COM,CR-,CR/LFINF/CDL+ERL/H:1/COM,TOTAL,354.0,25677287.0,4531288.0,0.0,45852.0,30208576.0,22716.0,0.0,130.0,560.0
NAM,Namibia,IND,CR-,CR/LFINF/CDL+ERL/H:1/IND,TOTAL,378.0,39033636.0,13011210.0,0.0,83050.0,52044846.0,40890.0,0.0,220.0,470.0
NAM,Namibia,RES,CR-,CR/LFINF/CDL+ERL/H:1/RES,URBAN,3485.0,98298318.0,17346761.0,14583.0,209145.0,115645081.0,71692.0,3485.0,60.0,470.0
NAM,Namibia,COM,CR-,CR/LFINF/CDL+ERL/H:2/COM,TOTAL,177.0,25838371.0,4559713.0,0.0,46140.0,30398085.0,22877.0,0.0,261.0,560.0
NAM,Namibia,IND,CR-,CR/LFINF/CDL+ERL/H:2/IND,TOTAL,124.0,28389979.0,9463329.0,0.0,60404.0,37853300.0,29767.0,0.0,487.0,470.0
NAM,Namibia,RES,CR-,CR/LFINF/CDL+ERL/H:2/RES,URBAN,3397.0,160965906.0,28405749.0,14568.0,342481.0,189371652.0,117482.0,3481.0,101.0,470.0
NAM,Namibia,COM,CR-,CR/LFINF/CDL+ERL/H:3/COM,TOTAL,173.0,43641351.0,7701413.0,0.0,77931.0,51342765.0,38669.0,0.0,450.0,560.0
NAM,Namibia,RES,CR-,CR/LFINF/CDL+ERL/H:3/RES,URBAN,4078.0,281895892.0,49746336.0,21896.0,599778.0,331642223.0,205892.0,5232.0,147.0,470.0
NAM,Namibia,COM,CR-,CR/LFINF/CDL+ERL/H:4-7/COM,TOTAL,357.0,238493310.0,42087054.0,0.0,425881.0,280580363.0,211816.0,0.0,1193.0,560.0
NAM,Namibia,RES,CR-,CR/LFINF/CDL+ERL/H:4-7/RES,URBAN,1450.0,655330402.0,115646542.0,72937.0,1394320.0,770976945.0,479675.0,17430.0,962.0,470.0
NAM,Namibia,COM,CR-,CR/LFINF/CDL+ERL/H:>7/COM,TOTAL,48.0,87323266.0,15409990.0,0.0,155934.0,102733253.0,77676.0,0.0,3249.0,560.0
NAM,Namibia,RES,CR-,CR/LFINF/CDL+ERL/H:>7/RES,URBAN,325.0,184311230.0,32525511.0,21885.0,392152.0,216836741.0,135102.0,5230.0,1207.0,470.0
NAM,Namibia,COM,CR-,CR/LWAL/CDL+ERL/H:1/COM,TOTAL,113.0,7995074.0,1410897.0,0.0,14277.0,9405969.0,7754.0,0.0,126.0,560.0
NAM,Namibia,IND,CR-,CR/LWAL/CDL+ERL/H:1/IND,TOTAL,115.0,12423364.0,4141120.0,0.0,26433.0,16564477.0,13766.0,0.0,230.0,470.0
NAM,Namibia,RES,CR-,CR/LWAL/CDL+ERL/H:1/RES,URBAN,1126.0,31763635.0,5605347.0,4713.0,67582.0,37368986.0,27514.0,1126.0,60.0,470.0
NAM,Namibia,COM,CR-,CR/LWAL/CDL+ERL/H:2/COM,TOTAL,59.0,7813536.0,1378858.0,0.0,13953.0,9192398.0,7584.0,0.0,236.0,560.0
NAM,Namibia,IND,CR-,CR/LWAL/CDL+ERL/H:2/IND,TOTAL,33.0,7167181.0,2389061.0,0.0,15249.0,9556244.0,7949.0,0.0,462.0,470.0
NAM,Namibia,RES,CR-,CR/LWAL/CDL+ERL/H:2/RES,URBAN,1099.0,52013324.0,9178821.0,4723.0,110667.0,61192145.0,45089.0,1129.0,101.0,470.0
NAM,Namibia,COM,CR-,CR/LWAL/CDL+ERL/H:3/COM,TOTAL,47.0,12002276.0,2118047.0,0.0,21433.0,14120324.0,11658.0,0.0,456.0,560.0
NAM,Namibia,RES,CR-,CR/LWAL/CDL+ERL/H:3/RES,URBAN,1319.0,90957024.0,16051243.0,7073.0,193526.0,107008265.0,78906.0,1690.0,147.0,470.0
NAM,Namibia,COM,CR-,CR/LWAL/CDL+ERL/H:4-7/COM,TOTAL,116.0,75524016.0,13327765.0,0.0,134864.0,88851785.0,73537.0,0.0,1163.0,560.0
NAM,Namibia,RES,CR-,CR/LWAL/CDL+ERL/H:4-7/RES,URBAN,469.0,211756132.0,37368730.0,23567.0,450545.0,249124864.0,184108.0,5632.0,961.0,470.0
NAM,Namibia,COM,CR-,CR/LWAL/CDL+ERL/H:>7/COM,TOTAL,13.0,22191526.0,3916152.0,0.0,39628.0,26107678.0,21642.0,0.0,3048.0,560.0
NAM,Namibia,RES,CR-,CR/LWAL/CDL+ERL/H:>7/RES,URBAN,105.0,59556433.0,10509959.0,7072.0,126716.0,70066390.0,51857.0,1690.0,1207.0,470.0
NAM,Namibia,RES,OT,INF/LN/CDN+ERN/H:1/EWV/RES,URBAN,7114.0,59756589.0,10545282.0,29768.0,426833.0,70301871.0,5699.0,7114.0,60.0,140.0
NAM,Namibia,RES,OT,INF/LN/CDN+ERN/H:1/EWV/RES,RURAL,50959.0,305761310.0,53957879.0,213243.0,3057613.0,359719186.0,40823.0,50959.0,60.0,100.0
NAM,Namibia,RES,OT,MATO/LN/CDN+ERN/H:1/RES,URBAN,3953.0,33197908.0,5858454.0,16540.0,237128.0,39056363.0,108951.0,3953.0,60.0,140.0
NAM,Namibia,RES,OT,MATO/LN/CDN+ERN/H:1/RES,RURAL,2753.0,16527655.0,2916645.0,11521.0,165277.0,19444300.0,75938.0,2753.0,60.0,100.0
NAM,Namibia,COM,MR|MCF,MCF+CB/LWAL/CDL+ERL/H:1/COM,TOTAL,798.0,58439528.0,14609884.0,0.0,104356.0,73049412.0,58130.0,0.0,131.0,560.0
NAM,Namibia,IND,MR|MCF,MCF+CB/LWAL/CDL+ERL/H:1/IND,TOTAL,243.0,24852777.0,8284260.0,0.0,52878.0,33137037.0,29555.0,0.0,218.0,470.0
NAM,Namibia,RES,MR|MCF,MCF+CB/LWAL/CDL+ERL/H:1/RES,URBAN,7883.0,222345160.0,39237379.0,32989.0,473075.0,261582540.0,186023.0,7883.0,60.0,470.0
NAM,Namibia,COM,MR|MCF,MCF+CB/LWAL/CDL+ERL/H:2/COM,TOTAL,400.0,58440108.0,14610028.0,0.0,104357.0,73050140.0,58176.0,0.0,261.0,560.0
NAM,Namibia,IND,MR|MCF,MCF+CB/LWAL/CDL+ERL/H:2/IND,TOTAL,84.0,18071122.0,6023706.0,0.0,38449.0,24094825.0,21509.0,0.0,458.0,470.0
NAM,Namibia,RES,MR|MCF,MCF+CB/LWAL/CDL+ERL/H:2/RES,URBAN,7686.0,364087423.0,64250721.0,32988.0,774654.0,428338142.0,304820.0,7883.0,101.0,470.0
NAM,Namibia,COM,MR|MCF,MCF+CB/LWAL/CDL+ERL/H:3-6/COM,TOTAL,135.0,65744546.0,16436134.0,0.0,117401.0,82180678.0,65547.0,0.0,870.0,560.0
NAM,Namibia,RES,MR|MCF,MCF+CB/LWAL/CDL+ERL/H:3-6/RES,URBAN,843.0,269989364.0,47645181.0,28285.0,574445.0,317634546.0,226353.0,6759.0,681.0,470.0
NAM,Namibia,COM,MR|MCF,MCF+CL/LWAL/CDL+ERL/H:1/COM,TOTAL,38.0,2390740.0,597683.0,0.0,4269.0,2988422.0,2115.0,0.0,112.0,560.0
NAM,Namibia,IND,MR|MCF,MCF+CL/LWAL/CDL+ERL/H:1/IND,TOTAL,6.0,418126.0,139376.0,0.0,890.0,557501.0,438.0,0.0,148.0,470.0
NAM,Namibia,RES,MR|MCF,MCF+CL/LWAL/CDL+ERL/H:1/RES,URBAN,374.0,10531821.0,1858556.0,1565.0,22408.0,12390379.0,7681.0,374.0,60.0,470.0
NAM,Namibia,COM,MR|MCF,MCF+CL/LWAL/CDL+ERL/H:2/COM,TOTAL,8.0,793476.0,198370.0,0.0,1417.0,991844.0,703.0,0.0,177.0,560.0
NAM,Namibia,RES,MR|MCF,MCF+CL/LWAL/CDL+ERL/H:2/RES,URBAN,364.0,17085219.0,3015036.0,1544.0,36352.0,20100258.0,12470.0,369.0,100.0,470.0
NAM,Namibia,COM,MR|MCF,MCF+CL/LWAL/CDL+ERL/H:3-6/COM,TOTAL,1.0,429046.0,107262.0,0.0,766.0,536308.0,380.0,0.0,766.0,560.0
NAM,Namibia,RES,MR|MCF,MCF+CL/LWAL/CDL+ERL/H:3-6/RES,URBAN,41.0,12456459.0,2198202.0,1311.0,26503.0,14654655.0,9105.0,313.0,646.0,470.0
NAM,Namibia,RES,OT,ME+MEO/LWAL/CDN+ERM/H:1/RES,RURAL,53713.0,322288371.0,56874418.0,224764.0,3222884.0,379162786.0,125754.0,53713.0,60.0,100.0
NAM,Namibia,RES,OT,ME+MEO/LWAL/CDN+ERM/H:1/RES,URBAN,131212.0,1102177240.0,194501866.0,549064.0,7872695.0,1296679105.0,307186.0,131212.0,60.0,140.0
NAM,Namibia,COM,ADO|ST|E,MUR+ADO/LWAL/CDN+ERN/H:1/COM,TOTAL,1360.0,33672007.0,11224000.0,0.0,177221.0,44896013.0,15039.0,0.0,130.0,190.0
NAM,Namibia,RES,ADO|ST|E,MUR+ADO/LWAL/CDN+ERN/H:1/RES,URBAN,1504.0,14417522.0,2544269.0,6293.0,90110.0,16961791.0,5535.0,1504.0,60.0,160.0
NAM,Namibia,RES,ADO|ST|E,MUR+ADO/LWAL/CDN+ERN/H:1/RES,RURAL,17401.0,62648029.0,11055534.0,72815.0,1044134.0,73703562.0,64133.0,17401.0,60.0,60.0
NAM,Namibia,COM,ADO|ST|E,MUR+ADO/LWAL/CDN+ERN/H:2/COM,TOTAL,686.0,33635522.0,11211840.0,0.0,177029.0,44847361.0,15067.0,0.0,258.0,190.0
NAM,Namibia,RES,ADO|ST|E,MUR+ADO/LWAL/CDN+ERN/H:2/RES,RURAL,16965.0,102585770.0,18103371.0,72805.0,1709763.0,120689142.0,105295.0,17399.0,101.0,60.0
NAM,Namibia,RES,ADO|ST|E,MUR+ADO/LWAL/CDN+ERN/H:2/RES,URBAN,1465.0,23608858.0,4166267.0,6292.0,147555.0,27775125.0,9087.0,1504.0,101.0,160.0
NAM,Namibia,COM,ADO|ST|E,MUR+ADO/LWAL/CDN+ERN/H:3/COM,TOTAL,24.0,3839139.0,1279713.0,0.0,20206.0,5118850.0,1725.0,0.0,842.0,190.0
NAM,Namibia,RES,ADO|ST|E,MUR+ADO/LWAL/CDN+ERN/H:3/RES,RURAL,229.0,9342253.0,1648633.0,7664.0,155704.0,10990886.0,9614.0,1831.0,680.0,60.0
NAM,Namibia,RES,ADO|ST|E,MUR+ADO/LWAL/CDN+ERN/H:3/RES,URBAN,22.0,1680662.0,296587.0,508.0,10504.0,1977247.0,649.0,121.0,477.0,160.0
NAM,Namibia,COM,MUR,MUR+CB/LWAL/CDN+ERN/H:1/COM,TOTAL,5001.0,273045404.0,68261353.0,0.0,650108.0,341306754.0,547982.0,0.0,130.0,420.0
NAM,Namibia,IND,MUR,MUR+CB/LWAL/CDN+ERN/H:1/IND,TOTAL,1454.0,108511763.0,36170582.0,0.0,319152.0,144682349.0,256726.0,0.0,219.0,340.0
NAM,Namibia,RES,MUR,MUR+CB/LWAL/CDN+ERN/H:1/RES,RURAL,20933.0,314024841.0,55416150.0,87598.0,1256099.0,369440990.0,814720.0,20933.0,60.0,250.0
NAM,Namibia,RES,MUR,MUR+CB/LWAL/CDN+ERN/H:1/RES,URBAN,37451.0,808953456.0,142756495.0,156718.0,2247093.0,951709948.0,1457489.0,37451.0,60.0,360.0
NAM,Namibia,COM,MUR,MUR+CB/LWAL/CDN+ERN/H:2/COM,TOTAL,2499.0,273044852.0,68261214.0,0.0,650107.0,341306068.0,548275.0,0.0,260.0,420.0
NAM,Namibia,IND,MUR,MUR+CB/LWAL/CDN+ERN/H:2/IND,TOTAL,479.0,78918710.0,26306235.0,0.0,232114.0,105224954.0,186818.0,0.0,485.0,340.0
NAM,Namibia,RES,MUR,MUR+CB/LWAL/CDN+ERN/H:2/RES,RURAL,20410.0,514215529.0,90743917.0,87592.0,2056862.0,604959442.0,1334759.0,20932.0,101.0,250.0
NAM,Namibia,RES,MUR,MUR+CB/LWAL/CDN+ERN/H:2/RES,URBAN,36515.0,1324662940.0,233764048.0,156713.0,3679619.0,1558426990.0,2387815.0,37450.0,101.0,360.0
NAM,Namibia,COM,MUR,MUR+CB/LWAL/CDN+ERN/H:3/COM,TOTAL,96.0,35243879.0,8810968.0,0.0,83914.0,44054848.0,70808.0,0.0,874.0,420.0
NAM,Namibia,RES,MUR,MUR+CB/LWAL/CDN+ERN/H:3/RES,URBAN,497.0,120632941.0,21288166.0,16495.0,335091.0,141921105.0,217558.0,3942.0,674.0,360.0
NAM,Namibia,RES,MUR,MUR+CB/LWAL/CDN+ERN/H:3/RES,RURAL,278.0,46827979.0,8263760.0,9213.0,187312.0,55091739.0,121612.0,2202.0,674.0,250.0
NAM,Namibia,COM,MUR,MUR+CL/LWAL/CDN+ERN/H:1/COM,TOTAL,712.0,38594590.0,9648645.0,0.0,91892.0,48243236.0,57209.0,0.0,129.0,420.0
NAM,Namibia,IND,MUR,MUR+CL/LWAL/CDN+ERN/H:1/IND,TOTAL,836.0,62086109.0,20695372.0,0.0,182606.0,82781481.0,105220.0,0.0,218.0,340.0
NAM,Namibia,RES,MUR,MUR+CL/LWAL/CDN+ERN/H:1/RES,RURAL,5822.0,87337675.0,15412532.0,24362.0,349351.0,102750204.0,160513.0,5822.0,60.0,250.0
NAM,Namibia,RES,MUR,MUR+CL/LWAL/CDN+ERN/H:1/RES,URBAN,2553.0,55147004.0,9731824.0,10685.0,153186.0,64878828.0,70383.0,2553.0,60.0,360.0
NAM,Namibia,COM,MUR,MUR+CL/LWAL/CDN+ERN/H:2/COM,TOTAL,356.0,38652320.0,9663085.0,0.0,92029.0,48315396.0,57327.0,0.0,259.0,420.0
NAM,Namibia,IND,MUR,MUR+CL/LWAL/CDN+ERN/H:2/IND,TOTAL,272.0,44051004.0,14683667.0,0.0,129562.0,58734675.0,74700.0,0.0,476.0,340.0
NAM,Namibia,RES,MUR,MUR+CL/LWAL/CDN+ERN/H:2/RES,RURAL,5677.0,143016211.0,25238152.0,24357.0,572065.0,168254364.0,262981.0,5821.0,101.0,250.0
NAM,Namibia,RES,MUR,MUR+CL/LWAL/CDN+ERN/H:2/RES,URBAN,2489.0,90302966.0,15935818.0,10680.0,250842.0,106238781.0,115313.0,2552.0,101.0,360.0
NAM,Namibia,COM,MUR,MUR+CL/LWAL/CDN+ERN/H:3/COM,TOTAL,10.0,2639553.0,659887.0,0.0,6285.0,3299441.0,3917.0,0.0,628.0,420.0
NAM,Namibia,RES,MUR,MUR+CL/LWAL/CDN+ERN/H:3/RES,URBAN,32.0,7476012.0,1319297.0,1022.0,20767.0,8795306.0,9552.0,244.0,649.0,360.0
NAM,Namibia,RES,MUR,MUR+CL/LWAL/CDN+ERN/H:3/RES,RURAL,73.0,13024481.0,2298435.0,2548.0,52098.0,15322922.0,23963.0,609.0,714.0,250.0
NAM,Namibia,COM,ADO|ST|E,MUR+STDRE/LWAL/CDN+ERN/H:1/COM,TOTAL,2795.0,232455746.0,77485254.0,0.0,363212.0,309940991.0,110433.0,0.0,130.0,640.0
NAM,Namibia,IND,ADO|ST|E,MUR+STDRE/LWAL/CDN+ERN/H:1/IND,TOTAL,707.0,70278387.0,37842205.0,0.0,156174.0,108120592.0,46144.0,0.0,221.0,450.0
NAM,Namibia,RES,ADO|ST|E,MUR+STDRE/LWAL/CDN+ERN/H:1/RES,URBAN,37451.0,1123546467.0,198272907.0,156718.0,2247093.0,1321819373.0,534273.0,37451.0,60.0,500.0
NAM,Namibia,COM,ADO|ST|E,MUR+STDRE/LWAL/CDN+ERN/H:2/COM,TOTAL,1398.0,232453675.0,77484558.0,0.0,363209.0,309938239.0,110583.0,0.0,260.0,640.0
NAM,Namibia,IND,ADO|ST|E,MUR+STDRE/LWAL/CDN+ERN/H:2/IND,TOTAL,233.0,51111441.0,27521538.0,0.0,113581.0,78632979.0,33607.0,0.0,487.0,450.0
NAM,Namibia,RES,ADO|ST|E,MUR+STDRE/LWAL/CDN+ERN/H:2/RES,URBAN,36515.0,1839809642.0,324672289.0,156713.0,3679619.0,2164481930.0,875882.0,37450.0,101.0,500.0
NAM,Namibia,COM,ADO|ST|E,MUR+STDRE/LWAL/CDN+ERN/H:3/COM,TOTAL,54.0,30436405.0,10145470.0,0.0,47557.0,40581873.0,14499.0,0.0,881.0,640.0
NAM,Namibia,RES,ADO|ST|E,MUR+STDRE/LWAL/CDN+ERN/H:3/RES,URBAN,497.0,167545748.0,29566894.0,16495.0,335091.0,197112644.0,79856.0,3942.0,674.0,500.0
NAM,Namibia,COM,ADO|ST|E,MUR+STRUB/LWAL/CDN+ERN/H:1/COM,TOTAL,1509.0,125569995.0,41856666.0,0.0,196203.0,167426657.0,59655.0,0.0,130.0,640.0
NAM,Namibia,IND,ADO|ST|E,MUR+STRUB/LWAL/CDN+ERN/H:1/IND,TOTAL,636.0,62432030.0,33617250.0,0.0,138738.0,96049282.0,40992.0,0.0,218.0,450.0
NAM,Namibia,RES,ADO|ST|E,MUR+STRUB/LWAL/CDN+ERN/H:1/RES,RURAL,20933.0,414512791.0,73149315.0,87598.0,1256099.0,487662107.0,298653.0,20933.0,60.0,330.0
NAM,Namibia,COM,ADO|ST|E,MUR+STRUB/LWAL/CDN+ERN/H:2/COM,TOTAL,752.0,125571380.0,41857124.0,0.0,196205.0,167428512.0,59737.0,0.0,261.0,640.0
NAM,Namibia,IND,ADO|ST|E,MUR+STRUB/LWAL/CDN+ERN/H:2/IND,TOTAL,210.0,45406533.0,24449674.0,0.0,100903.0,69856201.0,29856.0,0.0,480.0,450.0
NAM,Namibia,RES,ADO|ST|E,MUR+STRUB/LWAL/CDN+ERN/H:2/RES,RURAL,20410.0,678764496.0,119781970.0,87592.0,2056862.0,798546462.0,489607.0,20932.0,101.0,330.0
NAM,Namibia,COM,ADO|ST|E,MUR+STRUB/LWAL/CDN+ERN/H:3/COM,TOTAL,29.0,15888071.0,5296022.0,0.0,24825.0,21184098.0,7569.0,0.0,856.0,640.0
NAM,Namibia,RES,ADO|ST|E,MUR+STRUB/LWAL/CDN+ERN/H:3/RES,RURAL,278.0,61812932.0,10908166.0,9213.0,187312.0,72721098.0,44638.0,2202.0,674.0,330.0
NAM,Namibia,IND,S,S+SL/LFM/CDL+ERL/H:1/IND,TOTAL,788.0,81421786.0,27140603.0,0.0,173238.0,108562390.0,59124.0,0.0,220.0,470.0
NAM,Namibia,IND,S,S+SL/LFM/CDL+ERL/H:2/IND,TOTAL,265.0,58463308.0,19487770.0,0.0,124390.0,77951081.0,42481.0,0.0,469.0,470.0
NAM,Namibia,IND,S,S/LFM/CDL+ERL/H:1/IND,TOTAL,830.0,85421521.0,28473841.0,0.0,181748.0,113895373.0,62028.0,0.0,219.0,470.0
NAM,Namibia,IND,S,S/LFM/CDL+ERL/H:2/IND,TOTAL,277.0,61193366.0,20397792.0,0.0,130199.0,81591162.0,44464.0,0.0,470.0,470.0
NAM,Namibia,COM,W,W+WLI/LWAL/CDL+ERM/H:1/COM,TOTAL,6303.0,442740754.0,147580252.0,0.0,819890.0,590321002.0,156514.0,0.0,130.0,540.0
NAM,Namibia,RES,W,W+WLI/LWAL/CDL+ERM/H:1/RES,RURAL,38221.0,573302060.0,143325513.0,159938.0,2293208.0,716627571.0,242538.0,38221.0,60.0,250.0
NAM,Namibia,RES,W,W+WLI/LWAL/CDL+ERM/H:1/RES,URBAN,5335.0,115244927.0,28811230.0,22324.0,320125.0,144056154.0,33858.0,5335.0,60.0,360.0
NAM,Namibia,COM,W,W+WLI/LWAL/CDL+ERM/H:2/COM,TOTAL,1052.0,147579677.0,49193225.0,0.0,273296.0,196772895.0,52196.0,0.0,260.0,540.0
NAM,Namibia,RES,W,W+WLI/LWAL/CDL+ERM/H:2/RES,RURAL,12422.0,312927656.0,78231917.0,53310.0,1251711.0,391159569.0,132468.0,12740.0,101.0,250.0
NAM,Namibia,RES,W,W+WLI/LWAL/CDL+ERM/H:2/RES,URBAN,1735.0,62904400.0,15726099.0,7449.0,174734.0,78630498.0,18492.0,1780.0,101.0,360.0
NAM,Namibia,RES,W,W+WWD/LWAL/CDN+ERM/H:1/RES,RURAL,33985.0,509773974.0,127443493.0,142211.0,2039096.0,637217467.0,27225.0,33985.0,60.0,250.0
NAM,Namibia,RES,W,W+WWD/LWAL/CDN+ERM/H:1/RES,URBAN,6918.0,149391799.0,37347948.0,28948.0,414977.0,186739748.0,5541.0,6918.0,60.0,360.0
NAM,Namibia,RES,W,W+WWD/LWAL/CDN+ERM/H:2/RES,RURAL,14198.0,357752288.0,89438072.0,60938.0,1431009.0,447190359.0,19117.0,14563.0,101.0,250.0
NAM,Namibia,RES,W,W+WWD/LWAL/CDN+ERM/H:2/RES,URBAN,2891.0,104839357.0,26209836.0,12413.0,291220.0,131049196.0,3891.0,2966.0,101.0,360.0
NER,Niger,COM,CR-,CR/LFINF/CDL+ERL/H:1/COM,TOTAL,161.0,6702401.0,1182778.0,0.0,20945.0,7885179.0,10377.0,0.0,130.0,320.0
NER,Niger,IND,CR-,CR/LFINF/CDL+ERL/H:1/IND,TOTAL,214.0,14924554.0,4974850.0,0.0,46639.0,19899407.0,22963.0,0.0,218.0,320.0
NER,Niger,RES,CR-,CR/LFINF/CDL+ERL/H:1/RES,URBAN,3604.0,47581803.0,8396789.0,21408.0,216281.0,55978591.0,74138.0,3604.0,60.0,220.0
NER,Niger,COM,CR-,CR/LFINF/CDL+ERL/H:2/COM,TOTAL,284.0,23758689.0,4192713.0,0.0,74246.0,27951401.0,36812.0,0.0,261.0,320.0
NER,Niger,IND,CR-,CR/LFINF/CDL+ERL/H:2/IND,TOTAL,75.0,10852318.0,3617437.0,0.0,33913.0,14469759.0,16712.0,0.0,452.0,320.0
NER,Niger,RES,CR-,CR/LFINF/CDL+ERL/H:2/RES,URBAN,12301.0,272701309.0,48123762.0,74944.0,1239551.0,320825071.0,425206.0,12617.0,101.0,220.0
NER,Niger,COM,CR-,CR/LFINF/CDL+ERL/H:3/COM,TOTAL,189.0,27127225.0,4787157.0,0.0,84773.0,31914381.0,42064.0,0.0,449.0,320.0
NER,Niger,RES,CR-,CR/LFINF/CDL+ERL/H:3/RES,URBAN,9830.0,318383605.0,56185340.0,74937.0,1447198.0,374568948.0,496793.0,12616.0,147.0,220.0
NER,Niger,COM,CR-,CR/LFINF/CDL+ERL/H:4-7/COM,TOTAL,50.0,17980221.0,3172980.0,0.0,56188.0,21153202.0,27946.0,0.0,1124.0,320.0
NER,Niger,RES,CR-,CR/LFINF/CDL+ERL/H:4-7/RES,URBAN,452.0,95163081.0,16793485.0,32113.0,432559.0,111956566.0,148809.0,5406.0,957.0,220.0
NER,Niger,COM,CR-,CR/LFINF/CDL+ERL/H:>7/COM,TOTAL,7.0,5603354.0,988827.0,0.0,17510.0,6592180.0,8723.0,0.0,2501.0,320.0
NER,Niger,RES,CR-,CR/LFINF/CDL+ERL/H:>7/RES,URBAN,113.0,29738277.0,5247931.0,10711.0,135174.0,34986209.0,46569.0,1803.0,1196.0,220.0
NER,Niger,RES,OT,INF/LN/CDN+ERN/H:1/EWV/RES,RURAL,194046.0,931415742.0,164367484.0,1152594.0,11642697.0,1095783226.0,155445.0,194046.0,60.0,80.0
NER,Niger,RES,OT,INF/LN/CDN+ERN/H:1/EWV/RES,URBAN,16386.0,78647007.0,13878884.0,97328.0,983088.0,92525891.0,13125.0,16386.0,60.0,80.0
NER,Niger,RES,OT,MATO/LN/CDN+ERN/H:1/RES,RURAL,38808.0,186283173.0,32873502.0,230514.0,2328540.0,219156675.0,1069870.0,38808.0,60.0,80.0
NER,Niger,RES,OT,MATO/LN/CDN+ERN/H:1/RES,URBAN,8192.0,39323556.0,6939450.0,48661.0,491544.0,46263006.0,225845.0,8192.0,60.0,80.0
NER,Niger,COM,MR|MCF,MCF+CB/LWAL/CDL+ERL/H:1/COM,TOTAL,501.0,20801674.0,5200415.0,0.0,65005.0,26002089.0,36210.0,0.0,130.0,320.0
NER,Niger,IND,MR|MCF,MCF+CB/LWAL/CDL+ERL/H:1/IND,TOTAL,145.0,10175610.0,3391867.0,0.0,31799.0,13567480.0,17773.0,0.0,219.0,320.0
NER,Niger,RES,MR|MCF,MCF+CB/LWAL/CDL+ERL/H:1/RES,URBAN,11059.0,145988421.0,25762664.0,65686.0,663584.0,171751083.0,260934.0,11059.0,60.0,220.0
NER,Niger,COM,MR|MCF,MCF+CB/LWAL/CDL+ERL/H:2/COM,TOTAL,254.0,20828215.0,5207058.0,0.0,65088.0,26035269.0,36284.0,0.0,256.0,320.0
NER,Niger,IND,MR|MCF,MCF+CB/LWAL/CDL+ERL/H:2/IND,TOTAL,47.0,6966750.0,2322250.0,0.0,21771.0,9289002.0,12179.0,0.0,463.0,320.0
NER,Niger,RES,MR|MCF,MCF+CB/LWAL/CDL+ERL/H:2/RES,URBAN,10785.0,239056561.0,42186450.0,65686.0,1086621.0,281243013.0,427577.0,11059.0,101.0,220.0
NER,Niger,COM,MR|MCF,MCF+CB/LWAL/CDL+ERL/H:3-6/COM,TOTAL,18.0,5163589.0,1290898.0,0.0,16136.0,6454487.0,9009.0,0.0,896.0,320.0
NER,Niger,RES,MR|MCF,MCF+CB/LWAL/CDL+ERL/H:3-6/RES,URBAN,310.0,45959503.0,8110501.0,14589.0,208907.0,54070006.0,82317.0,2456.0,674.0,220.0
NER,Niger,COM,MR|MCF,MCF+CL/LWAL/CDL+ERL/H:1/COM,TOTAL,232.0,9672026.0,2418010.0,0.0,30225.0,12090032.0,14974.0,0.0,130.0,320.0
NER,Niger,IND,MR|MCF,MCF+CL/LWAL/CDL+ERL/H:1/IND,TOTAL,70.0,4624791.0,1541596.0,0.0,14452.0,6166391.0,7116.0,0.0,206.0,320.0
NER,Niger,RES,MR|MCF,MCF+CL/LWAL/CDL+ERL/H:1/RES,URBAN,5160.0,68128281.0,12022638.0,30652.0,309674.0,80150920.0,106152.0,5160.0,60.0,220.0
NER,Niger,COM,MR|MCF,MCF+CL/LWAL/CDL+ERL/H:2/COM,TOTAL,116.0,9616272.0,2404071.0,0.0,30051.0,12020343.0,14900.0,0.0,259.0,320.0
NER,Niger,IND,MR|MCF,MCF+CL/LWAL/CDL+ERL/H:2/IND,TOTAL,20.0,3080106.0,1026703.0,0.0,9625.0,4106807.0,4743.0,0.0,481.0,320.0
NER,Niger,RES,MR|MCF,MCF+CL/LWAL/CDL+ERL/H:2/RES,URBAN,5031.0,111559498.0,19686969.0,30645.0,507089.0,131246470.0,173948.0,5159.0,101.0,220.0
NER,Niger,COM,MR|MCF,MCF+CL/LWAL/CDL+ERL/H:3-6/COM,TOTAL,10.0,2291921.0,572980.0,0.0,7162.0,2864902.0,3557.0,0.0,716.0,320.0
NER,Niger,RES,MR|MCF,MCF+CL/LWAL/CDL+ERL/H:3-6/RES,URBAN,142.0,21447369.0,3784831.0,6813.0,97488.0,25232199.0,33490.0,1147.0,687.0,220.0
NER,Niger,RES,OT,ME+MEO/LWAL/CDN+ERM/H:1/RES,RURAL,19405.0,93141534.0,16436743.0,115261.0,1164269.0,109578275.0,45429.0,19405.0,60.0,80.0
NER,Niger,RES,OT,ME+MEO/LWAL/CDN+ERM/H:1/RES,URBAN,40960.0,196617855.0,34697268.0,243296.0,2457723.0,231315122.0,95898.0,40960.0,60.0,80.0
NER,Niger,COM,ADO|ST|E,MUR+ADO/LWAL/CDN+ERN/H:1/COM,TOTAL,30856.0,601632860.0,200544289.0,0.0,4010886.0,802177148.0,340367.0,0.0,130.0,150.0
NER,Niger,RES,ADO|ST|E,MUR+ADO/LWAL/CDN+ERN/H:1/RES,RURAL,700501.0,2521808073.0,445024954.0,4160841.0,42030135.0,2966833028.0,2581583.0,700501.0,60.0,60.0
NER,Niger,RES,ADO|ST|E,MUR+ADO/LWAL/CDN+ERN/H:1/RES,URBAN,101177.0,485645964.0,85702230.0,600974.0,6070575.0,571348193.0,372868.0,101177.0,60.0,80.0
NER,Niger,COM,ADO|ST|E,MUR+ADO/LWAL/CDN+ERN/H:2/COM,TOTAL,15426.0,601632831.0,200544276.0,0.0,4010886.0,802177104.0,341355.0,0.0,260.0,150.0
NER,Niger,RES,ADO|ST|E,MUR+ADO/LWAL/CDN+ERN/H:2/RES,URBAN,98647.0,795245602.0,140337458.0,600973.0,9940570.0,935583064.0,612185.0,101177.0,101.0,80.0
NER,Niger,RES,ADO|ST|E,MUR+ADO/LWAL/CDN+ERN/H:2/RES,RURAL,682991.0,4129460771.0,728728372.0,4160855.0,68824346.0,4858189141.0,4238510.0,700504.0,101.0,60.0
NER,Niger,COM,ADO|ST|E,MUR+ADO/LWAL/CDN+ERN/H:3/COM,TOTAL,649.0,87445186.0,29148396.0,0.0,582968.0,116593579.0,49758.0,0.0,898.0,150.0
NER,Niger,RES,ADO|ST|E,MUR+ADO/LWAL/CDN+ERN/H:3/RES,URBAN,1331.0,72420964.0,12780171.0,63270.0,905262.0,85201135.0,55897.0,10652.0,680.0,80.0
NER,Niger,RES,ADO|ST|E,MUR+ADO/LWAL/CDN+ERN/H:3/RES,RURAL,9214.0,376059128.0,66363377.0,438000.0,6267652.0,442422504.0,387007.0,73740.0,680.0,60.0
NER,Niger,COM,MUR,MUR+CB/LWAL/CDN+ERN/H:1/COM,TOTAL,13814.0,431005279.0,107751317.0,0.0,1795855.0,538756602.0,1513743.0,0.0,130.0,240.0
NER,Niger,IND,MUR,MUR+CB/LWAL/CDN+ERN/H:1/IND,TOTAL,8623.0,341496605.0,113832202.0,0.0,1897203.0,455328806.0,1526108.0,0.0,220.0,180.0
NER,Niger,RES,MUR,MUR+CB/LWAL/CDN+ERN/H:1/RES,URBAN,93393.0,1008649668.0,177997000.0,554737.0,5603609.0,1186646668.0,3634562.0,93393.0,60.0,180.0
NER,Niger,RES,MUR,MUR+CB/LWAL/CDN+ERN/H:1/RES,RURAL,202777.0,1338327926.0,236175517.0,1204454.0,12166618.0,1574503443.0,7891401.0,202777.0,60.0,110.0
NER,Niger,COM,MUR,MUR+CB/LWAL/CDN+ERN/H:2/COM,TOTAL,6908.0,431004686.0,107751168.0,0.0,1795853.0,538755860.0,1514552.0,0.0,260.0,240.0
NER,Niger,IND,MUR,MUR+CB/LWAL/CDN+ERN/H:2/IND,TOTAL,2872.0,248360877.0,82786960.0,0.0,1379783.0,331147842.0,1110527.0,0.0,480.0,180.0
NER,Niger,RES,MUR,MUR+CB/LWAL/CDN+ERN/H:2/RES,RURAL,197706.0,2191511869.0,386737389.0,1204440.0,19922835.0,2578249258.0,12928522.0,202774.0,101.0,110.0
NER,Niger,RES,MUR,MUR+CB/LWAL/CDN+ERN/H:2/RES,URBAN,91059.0,1651663693.0,291470063.0,554744.0,9175909.0,1943133755.0,5954521.0,93394.0,101.0,180.0
NER,Niger,COM,MUR,MUR+CB/LWAL/CDN+ERN/H:3/COM,TOTAL,288.0,61845656.0,15461412.0,0.0,257690.0,77307067.0,217442.0,0.0,895.0,240.0
NER,Niger,RES,MUR,MUR+CB/LWAL/CDN+ERN/H:3/RES,RURAL,2669.0,199575145.0,35219143.0,126790.0,1814319.0,234794288.0,1177945.0,21346.0,680.0,110.0
NER,Niger,RES,MUR,MUR+CB/LWAL/CDN+ERN/H:3/RES,URBAN,1229.0,150412965.0,26543462.0,58396.0,835628.0,176956428.0,542530.0,9831.0,680.0,180.0
NER,Niger,COM,MUR,MUR+CL/LWAL/CDN+ERN/H:1/COM,TOTAL,5362.0,167315051.0,41828766.0,0.0,697146.0,209143821.0,434020.0,0.0,130.0,240.0
NER,Niger,IND,MUR,MUR+CL/LWAL/CDN+ERN/H:1/IND,TOTAL,3243.0,128356140.0,42785378.0,0.0,713090.0,171141517.0,410891.0,0.0,220.0,180.0
NER,Niger,RES,MUR,MUR+CL/LWAL/CDN+ERN/H:1/RES,RURAL,73737.0,486664737.0,85882011.0,437980.0,4424225.0,572546749.0,2032753.0,73737.0,60.0,110.0
NER,Niger,RES,MUR,MUR+CL/LWAL/CDN+ERN/H:1/RES,URBAN,43583.0,470703251.0,83065279.0,258875.0,2615018.0,553768531.0,1201495.0,43583.0,60.0,180.0
NER,Niger,COM,MUR,MUR+CL/LWAL/CDN+ERN/H:2/COM,TOTAL,2680.0,167315538.0,41828879.0,0.0,697148.0,209144422.0,434267.0,0.0,260.0,240.0
NER,Niger,IND,MUR,MUR+CL/LWAL/CDN+ERN/H:2/IND,TOTAL,1081.0,93349221.0,31116408.0,0.0,518607.0,124465635.0,299009.0,0.0,480.0,180.0
NER,Niger,RES,MUR,MUR+CL/LWAL/CDN+ERN/H:2/RES,URBAN,42493.0,770776564.0,136019395.0,258868.0,4282092.0,906795961.0,1968500.0,43582.0,101.0,180.0
NER,Niger,RES,MUR,MUR+CL/LWAL/CDN+ERN/H:2/RES,RURAL,71892.0,796913329.0,140631763.0,437980.0,7244667.0,937545094.0,3330411.0,73736.0,101.0,110.0
NER,Niger,COM,MUR,MUR+CL/LWAL/CDN+ERN/H:3/COM,TOTAL,110.0,22909182.0,5727297.0,0.0,95455.0,28636475.0,59494.0,0.0,868.0,240.0
NER,Niger,RES,MUR,MUR+CL/LWAL/CDN+ERN/H:3/RES,URBAN,574.0,70192831.0,12386970.0,27245.0,389960.0,82579801.0,179363.0,4587.0,679.0,180.0
NER,Niger,RES,MUR,MUR+CL/LWAL/CDN+ERN/H:3/RES,RURAL,972.0,72572736.0,12806952.0,46121.0,659752.0,85379686.0,303454.0,7764.0,679.0,110.0
NER,Niger,COM,ADO|ST|E,MUR+STDRE/LWAL/CDN+ERN/H:1/COM,TOTAL,639.0,29784941.0,9928312.0,0.0,82736.0,39713256.0,25155.0,0.0,129.0,360.0
NER,Niger,IND,ADO|ST|E,MUR+STDRE/LWAL/CDN+ERN/H:1/IND,TOTAL,230.0,15127274.0,8145453.0,0.0,50424.0,23272728.0,14899.0,0.0,219.0,300.0
NER,Niger,RES,ADO|ST|E,MUR+STDRE/LWAL/CDN+ERN/H:1/RES,URBAN,23348.0,364234952.0,64276755.0,138683.0,1400904.0,428511710.0,333081.0,23348.0,60.0,260.0
NER,Niger,COM,ADO|ST|E,MUR+STDRE/LWAL/CDN+ERN/H:2/COM,TOTAL,317.0,29783723.0,9927908.0,0.0,82733.0,39711632.0,25189.0,0.0,261.0,360.0
NER,Niger,IND,ADO|ST|E,MUR+STDRE/LWAL/CDN+ERN/H:2/IND,TOTAL,78.0,11001305.0,5923782.0,0.0,36671.0,16925086.0,10850.0,0.0,470.0,300.0
NER,Niger,RES,ADO|ST|E,MUR+STDRE/LWAL/CDN+ERN/H:2/RES,URBAN,22765.0,596434203.0,105253097.0,138691.0,2293978.0,701687298.0,546049.0,23349.0,101.0,260.0
NER,Niger,COM,ADO|ST|E,MUR+STDRE/LWAL/CDN+ERN/H:3/COM,TOTAL,11.0,3456728.0,1152242.0,0.0,9602.0,4608970.0,2927.0,0.0,873.0,360.0
NER,Niger,RES,ADO|ST|E,MUR+STDRE/LWAL/CDN+ERN/H:3/RES,URBAN,310.0,54315778.0,9585136.0,14589.0,208907.0,63900915.0,49785.0,2456.0,674.0,260.0
NER,Niger,COM,ADO|ST|E,MUR+STRUB/LWAL/CDN+ERN/H:1/COM,TOTAL,370.0,17277344.0,5759115.0,0.0,47993.0,23036461.0,14592.0,0.0,130.0,360.0
NER,Niger,IND,ADO|ST|E,MUR+STRUB/LWAL/CDN+ERN/H:1/IND,TOTAL,311.0,20429705.0,11000611.0,0.0,68099.0,31430311.0,20121.0,0.0,219.0,300.0
NER,Niger,RES,ADO|ST|E,MUR+STRUB/LWAL/CDN+ERN/H:1/RES,RURAL,9217.0,94014658.0,16590821.0,54747.0,553027.0,110605479.0,131489.0,9217.0,60.0,170.0
NER,Niger,COM,ADO|ST|E,MUR+STRUB/LWAL/CDN+ERN/H:2/COM,TOTAL,186.0,17299801.0,5766600.0,0.0,48055.0,23066402.0,14631.0,0.0,258.0,360.0
NER,Niger,IND,ADO|ST|E,MUR+STRUB/LWAL/CDN+ERN/H:2/IND,TOTAL,103.0,14858118.0,8000524.0,0.0,49527.0,22858642.0,14654.0,0.0,481.0,300.0
NER,Niger,RES,ADO|ST|E,MUR+STRUB/LWAL/CDN+ERN/H:2/RES,RURAL,8987.0,153949448.0,27167551.0,54754.0,905585.0,181116998.0,215562.0,9218.0,101.0,170.0
NER,Niger,COM,ADO|ST|E,MUR+STRUB/LWAL/CDN+ERN/H:3/COM,TOTAL,5.0,1896242.0,632081.0,0.0,5267.0,2528323.0,1606.0,0.0,1053.0,360.0
NER,Niger,RES,ADO|ST|E,MUR+STRUB/LWAL/CDN+ERN/H:3/RES,RURAL,121.0,14019633.0,2474052.0,5740.0,82468.0,16493686.0,19653.0,966.0,682.0,170.0
NER,Niger,IND,S,S+SL/LFM/CDL+ERL/H:1/IND,TOTAL,3391.0,238499178.0,79499721.0,0.0,745310.0,317998909.0,254363.0,0.0,220.0,320.0
NER,Niger,IND,S,S+SL/LFM/CDL+ERL/H:2/IND,TOTAL,1133.0,173238392.0,57746129.0,0.0,541370.0,230984527.0,184883.0,0.0,478.0,320.0
NER,Niger,IND,S,S/LFM/CDL+ERL/H:1/IND,TOTAL,1457.0,102019171.0,34006390.0,0.0,318810.0,136025558.0,108805.0,0.0,219.0,320.0
NER,Niger,IND,S,S/LFM/CDL+ERL/H:2/IND,TOTAL,488.0,74195788.0,24731931.0,0.0,231862.0,98927707.0,79183.0,0.0,475.0,320.0
NER,Niger,RES,W,W+WWD/LWAL/CDN+ERM/H:1/RES,RURAL,1032320.0,5574522930.0,1393630731.0,6131775.0,61939144.0,6968153662.0,826965.0,1032320.0,60.0,90.0
NER,Niger,RES,W,W+WWD/LWAL/CDN+ERM/H:1/RES,URBAN,86023.0,929019349.0,232254836.0,510957.0,5161219.0,1161274185.0,68909.0,86023.0,60.0,180.0
NER,Niger,RES,W,W+WWD/LWAL/CDN+ERM/H:2/RES,RURAL,431362.0,3912120668.0,978030169.0,2627902.0,43468007.0,4890150835.0,580700.0,442422.0,101.0,90.0
NER,Niger,RES,W,W+WWD/LWAL/CDN+ERM/H:2/RES,URBAN,35945.0,651972481.0,162993117.0,218966.0,3622069.0,814965599.0,48388.0,36864.0,101.0,180.0
NER,Niger,COM,W,W/LWAL/CDL+ERM/H:1/COM,TOTAL,1337.0,60673860.0,20224621.0,0.0,173354.0,80898479.0,33093.0,0.0,130.0,350.0
NER,Niger,RES,W,W/LWAL/CDL+ERM/H:1/RES,RURAL,31048.0,167654785.0,41913696.0,184416.0,1862831.0,209568483.0,197019.0,31048.0,60.0,90.0
NER,Niger,RES,W,W/LWAL/CDL+ERM/H:1/RES,URBAN,3277.0,35390917.0,8847730.0,19462.0,196616.0,44238647.0,20795.0,3277.0,60.0,180.0
NER,Niger,COM,W,W/LWAL/CDL+ERM/H:2/COM,TOTAL,665.0,60538537.0,20179509.0,0.0,172967.0,80718055.0,33035.0,0.0,260.0,350.0
NER,Niger,RES,W,W/LWAL/CDL+ERM/H:2/RES,RURAL,30271.0,274534802.0,68633703.0,184416.0,3050387.0,343168504.0,322821.0,31048.0,101.0,90.0
NER,Niger,RES,W,W/LWAL/CDL+ERM/H:2/RES,URBAN,3195.0,57953226.0,14488304.0,19456.0,321962.0,72441534.0,34073.0,3275.0,101.0,180.0
NER,Niger,COM,W,W/LWAL/CDL+ERM/H:3/COM,TOTAL,220.0,34443786.0,11481264.0,0.0,98411.0,45925050.0,18804.0,0.0,447.0,350.0
NER,Niger,RES,W,W/LWAL/CDL+ERM/H:3/RES,RURAL,12095.0,160261473.0,40065367.0,92205.0,1780683.0,200326841.0,188567.0,15523.0,147.0,90.0
NER,Niger,RES,W,W/LWAL/CDL+ERM/H:3/RES,URBAN,1276.0,33782679.0,8445669.0,9693.0,187682.0,42228351.0,19875.0,1633.0,147.0,180.0
NGA,Nigeria,COM,CR-,CR/LFINF/CDL+ERL/H:1/COM,TOTAL,7233.0,610837231.0,107794807.0,0.0,939750.0,718632048.0,465574.0,0.0,130.0,650.0
NGA,Nigeria,IND,CR-,CR/LFINF/CDL+ERL/H:1/IND,TOTAL,11093.0,1220038473.0,406679495.0,0.0,2440077.0,1626717958.0,1201363.0,0.0,220.0,500.0
NGA,Nigeria,RES,CR-,CR/LFINF/CDL+ERL/H:1/RES,URBAN,199723.0,7789167891.0,1374559039.0,924312.0,11983335.0,9163726928.0,4107705.0,199723.0,60.0,650.0
NGA,Nigeria,COM,CR-,CR/LFINF/CDL+ERL/H:2/COM,TOTAL,12646.0,2137927527.0,377281328.0,0.0,3289119.0,2515208858.0,1630779.0,0.0,260.0,650.0
NGA,Nigeria,IND,CR-,CR/LFINF/CDL+ERL/H:2/IND,TOTAL,3696.0,887303916.0,295767975.0,0.0,1774608.0,1183071903.0,874510.0,0.0,480.0,500.0
NGA,Nigeria,RES,CR-,CR/LFINF/CDL+ERL/H:2/RES,URBAN,681552.0,44641667250.0,7877941279.0,3235096.0,68679488.0,52519608528.0,23559258.0,699029.0,101.0,650.0
NGA,Nigeria,COM,CR-,CR/LFINF/CDL+ERL/H:3/COM,TOTAL,8426.0,2466838620.0,435324463.0,0.0,3795136.0,2902163083.0,1883138.0,0.0,450.0,650.0
NGA,Nigeria,RES,CR-,CR/LFINF/CDL+ERL/H:3/RES,URBAN,544663.0,52119809490.0,9197613437.0,3235087.0,80184322.0,61317422930.0,27525600.0,699027.0,147.0,650.0
NGA,Nigeria,COM,CR-,CR/LFINF/CDL+ERL/H:4-7/COM,TOTAL,2170.0,1691542188.0,298507445.0,0.0,2602373.0,1990049632.0,1294317.0,0.0,1199.0,650.0
NGA,Nigeria,RES,CR-,CR/LFINF/CDL+ERL/H:4-7/RES,URBAN,24966.0,15578336361.0,2749118184.0,1386468.0,23966671.0,18327454544.0,8245026.0,299584.0,960.0,650.0
NGA,Nigeria,COM,CR-,CR/LFINF/CDL+ERL/H:>7/COM,TOTAL,356.0,738558575.0,130333869.0,0.0,1136244.0,868892445.0,566003.0,0.0,3192.0,650.0
NGA,Nigeria,RES,CR-,CR/LFINF/CDL+ERL/H:>7/RES,URBAN,6243.0,4868228558.0,859099159.0,462177.0,7489582.0,5727327714.0,2580272.0,99866.0,1200.0,650.0
NGA,Nigeria,COM,CR-,CR/LWAL/CDL+ERL/H:1/COM,TOTAL,2406.0,203455980.0,35903995.0,0.0,313009.0,239359981.0,169989.0,0.0,130.0,650.0
NGA,Nigeria,IND,CR-,CR/LWAL/CDL+ERL/H:1/IND,TOTAL,3696.0,406680181.0,135560062.0,0.0,813360.0,542240245.0,423576.0,0.0,220.0,500.0
NGA,Nigeria,RES,CR-,CR/LWAL/CDL+ERL/H:1/RES,URBAN,66573.0,2596388015.0,458186119.0,308096.0,3994443.0,3054574138.0,1626236.0,66573.0,60.0,650.0
NGA,Nigeria,COM,CR-,CR/LWAL/CDL+ERL/H:2/COM,TOTAL,4211.0,712641478.0,125760251.0,0.0,1096372.0,838401740.0,595895.0,0.0,260.0,650.0
NGA,Nigeria,IND,CR-,CR/LWAL/CDL+ERL/H:2/IND,TOTAL,1240.0,295765876.0,98588625.0,0.0,591532.0,394354509.0,308333.0,0.0,477.0,500.0
NGA,Nigeria,RES,CR-,CR/LWAL/CDL+ERL/H:2/RES,URBAN,227183.0,14880553849.0,2625980087.0,1078367.0,22893160.0,17506533940.0,9327277.0,233010.0,101.0,650.0
NGA,Nigeria,COM,CR-,CR/LWAL/CDL+ERL/H:3/COM,TOTAL,2802.0,822283327.0,145108824.0,0.0,1265051.0,967392145.0,688128.0,0.0,451.0,650.0
NGA,Nigeria,RES,CR-,CR/LWAL/CDL+ERL/H:3/RES,URBAN,181550.0,17373269866.0,3065871148.0,1078373.0,26728107.0,20439141018.0,10897801.0,233011.0,147.0,650.0
NGA,Nigeria,COM,CR-,CR/LWAL/CDL+ERL/H:4-7/COM,TOTAL,721.0,560716021.0,98949885.0,0.0,862640.0,659665912.0,470366.0,0.0,1196.0,650.0
NGA,Nigeria,RES,CR-,CR/LWAL/CDL+ERL/H:4-7/RES,URBAN,8322.0,5192779573.0,916372866.0,462177.0,7988892.0,6109152436.0,3264528.0,99866.0,960.0,650.0
NGA,Nigeria,COM,CR-,CR/LWAL/CDL+ERL/H:>7/COM,TOTAL,114.0,224136563.0,39553514.0,0.0,344825.0,263690077.0,188322.0,0.0,3025.0,650.0
NGA,Nigeria,RES,CR-,CR/LWAL/CDL+ERL/H:>7/RES,URBAN,2081.0,1622744465.0,286366669.0,154054.0,2496530.0,1909111137.0,1021672.0,33288.0,1200.0,650.0
NGA,Nigeria,RES,ADO|ST|E,E+ETO/LWAL/CDN+ERN/H:1/RES,URBAN,3411307.0,16374274751.0,2889577896.0,15787465.0,204678434.0,19263852649.0,18287192.0,3411307.0,60.0,80.0
NGA,Nigeria,RES,ADO|ST|E,E+ETO/LWAL/CDN+ERN/H:1/RES,RURAL,1816671.0,5450017450.0,961767786.0,8407519.0,109000349.0,6411785232.0,9738741.0,1816671.0,60.0,50.0
NGA,Nigeria,RES,OT,INF/LN/CDN+ERN/H:1/EWV/RES,RURAL,1225450.0,3676341756.0,648766191.0,5671357.0,73526835.0,4325107948.0,981675.0,1225450.0,60.0,50.0
NGA,Nigeria,RES,OT,INF/LN/CDN+ERN/H:1/EWV/RES,URBAN,198489.0,952742710.0,168131064.0,918604.0,11909284.0,1120873778.0,159004.0,198489.0,60.0,80.0
NGA,Nigeria,RES,OT,MATO/LN/CDN+ERN/H:1/RES,RURAL,223368.0,670103786.0,118253608.0,1033744.0,13402076.0,788357397.0,6157713.0,223368.0,60.0,50.0
NGA,Nigeria,RES,OT,MATO/LN/CDN+ERN/H:1/RES,URBAN,279623.0,1342193076.0,236857602.0,1294087.0,16777413.0,1579050675.0,7708545.0,279623.0,60.0,80.0
NGA,Nigeria,COM,MR|MCF,MCF/LWAL/CDL+ERL/H:1/COM,TOTAL,32528.0,2748763752.0,687190939.0,0.0,4228867.0,3435954695.0,2095077.0,0.0,130.0,650.0
NGA,Nigeria,IND,MR|MCF,MCF/LWAL/CDL+ERL/H:1/IND,TOTAL,11093.0,1220038473.0,406679495.0,0.0,2440077.0,1626717958.0,1201363.0,0.0,220.0,500.0
NGA,Nigeria,RES,MR|MCF,MCF/LWAL/CDL+ERL/H:1/RES,URBAN,898751.0,35051254976.0,6185515584.0,4159402.0,53925008.0,41236770559.0,18484673.0,898751.0,60.0,650.0
NGA,Nigeria,COM,MR|MCF,MCF/LWAL/CDL+ERL/H:2/COM,TOTAL,16272.0,2748761133.0,687190282.0,0.0,4228863.0,3435951415.0,2096714.0,0.0,260.0,650.0
NGA,Nigeria,IND,MR|MCF,MCF/LWAL/CDL+ERL/H:2/IND,TOTAL,3696.0,887303916.0,295767975.0,0.0,1774608.0,1183071903.0,874510.0,0.0,480.0,500.0
NGA,Nigeria,RES,MR|MCF,MCF/LWAL/CDL+ERL/H:2/RES,URBAN,876286.0,57396427109.0,10128781256.0,4159400.0,88302196.0,67525208366.0,30290473.0,898750.0,101.0,650.0
NGA,Nigeria,COM,MR|MCF,MCF/LWAL/CDL+ERL/H:3-6/COM,TOTAL,1447.0,843015327.0,210753826.0,0.0,1296947.0,1053769154.0,644045.0,0.0,896.0,650.0
NGA,Nigeria,RES,MR|MCF,MCF/LWAL/CDL+ERL/H:3-6/RES,URBAN,24961.0,11034653871.0,1947291861.0,924283.0,16976391.0,12981945729.0,5831835.0,199716.0,680.0,650.0
NGA,Nigeria,RES,OT,ME+MEO/LWAL/CDN+ERM/H:1/RES,RURAL,868811.0,2606434576.0,459959046.0,4020840.0,52128692.0,3066393618.0,2034021.0,868811.0,60.0,50.0
NGA,Nigeria,RES,OT,ME+MEO/LWAL/CDN+ERM/H:1/RES,URBAN,1087626.0,5220591683.0,921280887.0,5033513.0,65257396.0,6141872573.0,2546293.0,1087626.0,60.0,80.0
NGA,Nigeria,COM,ADO|ST|E,MUR+ADO/LWAL/CDN+ERN/H:1/COM,TOTAL,394353.0,4101251069.0,1367083692.0,0.0,51265638.0,5468334761.0,4350443.0,0.0,130.0,80.0
NGA,Nigeria,RES,ADO|ST|E,MUR+ADO/LWAL/CDN+ERN/H:1/RES,RURAL,2452321.0,7356954070.0,1298286012.0,11349300.0,147139081.0,8655240082.0,9037604.0,2452321.0,60.0,50.0
NGA,Nigeria,RES,ADO|ST|E,MUR+ADO/LWAL/CDN+ERN/H:1/RES,URBAN,1488808.0,7146261004.0,1261104883.0,6890177.0,89328263.0,8407365885.0,5486737.0,1488808.0,60.0,80.0
NGA,Nigeria,COM,ADO|ST|E,MUR+ADO/LWAL/CDN+ERN/H:2/COM,TOTAL,197178.0,4101251069.0,1367083687.0,0.0,51265638.0,5468334767.0,4363066.0,0.0,260.0,80.0
NGA,Nigeria,RES,ADO|ST|E,MUR+ADO/LWAL/CDN+ERN/H:2/RES,URBAN,1451583.0,11702001875.0,2065059153.0,6890161.0,146275023.0,13767061033.0,9008268.0,1488805.0,101.0,80.0
NGA,Nigeria,RES,ADO|ST|E,MUR+ADO/LWAL/CDN+ERN/H:2/RES,RURAL,2391005.0,12047012006.0,2125943295.0,11349273.0,240940240.0,14172955306.0,14838174.0,2452316.0,101.0,50.0
NGA,Nigeria,COM,ADO|ST|E,MUR+ADO/LWAL/CDN+ERN/H:3/COM,TOTAL,8295.0,597753112.0,199251036.0,0.0,7471914.0,797004152.0,637753.0,0.0,901.0,80.0
NGA,Nigeria,RES,ADO|ST|E,MUR+ADO/LWAL/CDN+ERN/H:3/RES,URBAN,19591.0,1065670321.0,188059463.0,725291.0,13320879.0,1253729784.0,822521.0,156719.0,680.0,80.0
NGA,Nigeria,RES,ADO|ST|E,MUR+ADO/LWAL/CDN+ERN/H:3/RES,RURAL,32267.0,1097089842.0,193604089.0,1194663.0,21941797.0,1290693929.0,1354834.0,258139.0,680.0,50.0
NGA,Nigeria,COM,MUR,MUR+CB/LWAL/CDN+ERN/H:1/COM,TOTAL,105701.0,4259754686.0,1064938677.0,0.0,13741144.0,5324693361.0,11582538.0,0.0,130.0,310.0
NGA,Nigeria,IND,MUR,MUR+CB/LWAL/CDN+ERN/H:1/IND,TOTAL,44562.0,1764813371.0,588271127.0,0.0,9804519.0,2353084495.0,7886745.0,0.0,220.0,180.0
NGA,Nigeria,RES,MUR,MUR+CB/LWAL/CDN+ERN/H:1/RES,URBAN,1581135.0,27511739649.0,4855012877.0,7317466.0,94868068.0,32366752525.0,61532463.0,1581135.0,60.0,290.0
NGA,Nigeria,RES,MUR,MUR+CB/LWAL/CDN+ERN/H:1/RES,RURAL,1515642.0,13640793234.0,2407198808.0,7014364.0,90938622.0,16047992043.0,58983781.0,1515642.0,60.0,150.0
NGA,Nigeria,COM,MUR,MUR+CB/LWAL/CDN+ERN/H:2/COM,TOTAL,52853.0,4259755817.0,1064938949.0,0.0,13741148.0,5324694769.0,11588743.0,0.0,260.0,310.0
NGA,Nigeria,IND,MUR,MUR+CB/LWAL/CDN+ERN/H:2/IND,TOTAL,14858.0,1283500707.0,427833573.0,0.0,7130559.0,1711334273.0,5739075.0,0.0,480.0,180.0
NGA,Nigeria,RES,MUR,MUR+CB/LWAL/CDN+ERN/H:2/RES,RURAL,1477754.0,22336798912.0,3941788045.0,7014401.0,148911993.0,26278586949.0,96633431.0,1515650.0,101.0,150.0
NGA,Nigeria,RES,MUR,MUR+CB/LWAL/CDN+ERN/H:2/RES,URBAN,1541603.0,45050474260.0,7950083693.0,7317455.0,155346463.0,53000557952.0,100808950.0,1581133.0,101.0,290.0
NGA,Nigeria,COM,MUR,MUR+CB/LWAL/CDN+ERN/H:3/COM,TOTAL,2229.0,618156742.0,154539183.0,0.0,1994054.0,772695940.0,1682607.0,0.0,895.0,310.0
NGA,Nigeria,RES,MUR,MUR+CB/LWAL/CDN+ERN/H:3/RES,RURAL,19939.0,2034153318.0,358968232.0,738386.0,13561022.0,2393121547.0,8804476.0,159548.0,680.0,150.0
NGA,Nigeria,RES,MUR,MUR+CB/LWAL/CDN+ERN/H:3/RES,URBAN,20798.0,4102627223.0,723993038.0,770259.0,14146990.0,4826620260.0,9184916.0,166435.0,680.0,290.0
NGA,Nigeria,COM,MUR,MUR+CL/LWAL/CDN+ERN/H:1/COM,TOTAL,105701.0,4259754686.0,1064938677.0,0.0,13741144.0,5324693361.0,8554773.0,0.0,130.0,310.0
NGA,Nigeria,IND,MUR,MUR+CL/LWAL/CDN+ERN/H:1/IND,TOTAL,44562.0,1764813371.0,588271127.0,0.0,9804519.0,2353084495.0,5649478.0,0.0,220.0,180.0
NGA,Nigeria,RES,MUR,MUR+CL/LWAL/CDN+ERN/H:1/RES,RURAL,1515642.0,13640793234.0,2407198808.0,7014364.0,90938622.0,16047992043.0,41782628.0,1515642.0,60.0,150.0
NGA,Nigeria,RES,MUR,MUR+CL/LWAL/CDN+ERN/H:1/RES,URBAN,1581135.0,27511739649.0,4855012877.0,7317466.0,94868068.0,32366752525.0,43588050.0,1581135.0,60.0,290.0
NGA,Nigeria,COM,MUR,MUR+CL/LWAL/CDN+ERN/H:2/COM,TOTAL,52853.0,4259755817.0,1064938949.0,0.0,13741148.0,5324694769.0,8559617.0,0.0,260.0,310.0
NGA,Nigeria,IND,MUR,MUR+CL/LWAL/CDN+ERN/H:2/IND,TOTAL,14858.0,1283500707.0,427833573.0,0.0,7130559.0,1711334273.0,4111204.0,0.0,480.0,180.0
NGA,Nigeria,RES,MUR,MUR+CL/LWAL/CDN+ERN/H:2/RES,URBAN,1541603.0,45050474260.0,7950083693.0,7317455.0,155346463.0,53000557952.0,71413577.0,1581133.0,101.0,290.0
NGA,Nigeria,RES,MUR,MUR+CL/LWAL/CDN+ERN/H:2/RES,RURAL,1477754.0,22336798912.0,3941788045.0,7014401.0,148911993.0,26278586949.0,68455618.0,1515650.0,101.0,150.0
NGA,Nigeria,COM,MUR,MUR+CL/LWAL/CDN+ERN/H:3/COM,TOTAL,2229.0,618156742.0,154539183.0,0.0,1994054.0,772695940.0,1242836.0,0.0,895.0,310.0
NGA,Nigeria,RES,MUR,MUR+CL/LWAL/CDN+ERN/H:3/RES,URBAN,20798.0,4102627223.0,723993038.0,770259.0,14146990.0,4826620260.0,6506919.0,166435.0,680.0,290.0
NGA,Nigeria,RES,MUR,MUR+CL/LWAL/CDN+ERN/H:3/RES,RURAL,19939.0,2034153318.0,358968232.0,738386.0,13561022.0,2393121547.0,6237402.0,159548.0,680.0,150.0
NGA,Nigeria,COM,ADO|ST|E,MUR+STDRE/LWAL/CDN+ERN/H:1/COM,TOTAL,6843.0,275875831.0,91958611.0,0.0,889922.0,367834447.0,270576.0,0.0,130.0,310.0
NGA,Nigeria,IND,ADO|ST|E,MUR+STDRE/LWAL/CDN+ERN/H:1/IND,TOTAL,4117.0,163012160.0,87775772.0,0.0,905623.0,250787936.0,267580.0,0.0,220.0,180.0
NGA,Nigeria,RES,ADO|ST|E,MUR+STDRE/LWAL/CDN+ERN/H:1/RES,URBAN,234764.0,4084926735.0,720869423.0,1086483.0,14085954.0,4805796155.0,3349102.0,234764.0,60.0,290.0
NGA,Nigeria,COM,ADO|ST|E,MUR+STDRE/LWAL/CDN+ERN/H:2/COM,TOTAL,3419.0,275875110.0,91958365.0,0.0,889920.0,367833477.0,270946.0,0.0,260.0,310.0
NGA,Nigeria,IND,ADO|ST|E,MUR+STDRE/LWAL/CDN+ERN/H:2/IND,TOTAL,1376.0,118555013.0,63837317.0,0.0,658639.0,182392333.0,194879.0,0.0,479.0,180.0
NGA,Nigeria,RES,ADO|ST|E,MUR+STDRE/LWAL/CDN+ERN/H:2/RES,URBAN,228899.0,6689069733.0,1180424072.0,1086483.0,23065758.0,7869493801.0,5490480.0,234764.0,101.0,290.0
NGA,Nigeria,COM,ADO|ST|E,MUR+STDRE/LWAL/CDN+ERN/H:3/COM,TOTAL,133.0,36726198.0,12242068.0,0.0,118472.0,48968266.0,36120.0,0.0,891.0,310.0
NGA,Nigeria,RES,ADO|ST|E,MUR+STDRE/LWAL/CDN+ERN/H:3/RES,URBAN,3098.0,609154430.0,107497840.0,114383.0,2100533.0,716652266.0,500578.0,24715.0,678.0,290.0
NGA,Nigeria,COM,ADO|ST|E,MUR+STRUB/LWAL/CDN+ERN/H:1/COM,TOTAL,6322.0,254655598.0,84885201.0,0.0,821470.0,339540795.0,249763.0,0.0,130.0,310.0
NGA,Nigeria,IND,ADO|ST|E,MUR+STRUB/LWAL/CDN+ERN/H:1/IND,TOTAL,3800.0,150471861.0,81023313.0,0.0,835955.0,231495175.0,246995.0,0.0,220.0,180.0
NGA,Nigeria,RES,ADO|ST|E,MUR+STRUB/LWAL/CDN+ERN/H:1/RES,RURAL,187535.0,1687814039.0,297849534.0,867910.0,11252094.0,1985663574.0,2675318.0,187535.0,60.0,150.0
NGA,Nigeria,COM,ADO|ST|E,MUR+STRUB/LWAL/CDN+ERN/H:2/COM,TOTAL,3158.0,254654941.0,84884979.0,0.0,821468.0,339539928.0,250105.0,0.0,260.0,310.0
NGA,Nigeria,IND,ADO|ST|E,MUR+STRUB/LWAL/CDN+ERN/H:2/IND,TOTAL,1267.0,109435086.0,58926587.0,0.0,607973.0,168361679.0,179888.0,0.0,480.0,180.0
NGA,Nigeria,RES,ADO|ST|E,MUR+STRUB/LWAL/CDN+ERN/H:2/RES,RURAL,182844.0,2763795678.0,487728652.0,867909.0,18425305.0,3251524326.0,4385886.0,187535.0,101.0,150.0
NGA,Nigeria,COM,ADO|ST|E,MUR+STRUB/LWAL/CDN+ERN/H:3/COM,TOTAL,124.0,33757986.0,11252664.0,0.0,108897.0,45010653.0,33200.0,0.0,878.0,310.0
NGA,Nigeria,RES,ADO|ST|E,MUR+STRUB/LWAL/CDN+ERN/H:3/RES,RURAL,2465.0,251691084.0,44416072.0,91376.0,1677941.0,296107159.0,399870.0,19744.0,681.0,150.0
NGA,Nigeria,IND,S,S+SL/LFM/CDL+ERL/H:1/IND,TOTAL,21101.0,2320330901.0,773443630.0,0.0,4640662.0,3093774523.0,1583787.0,0.0,220.0,500.0
NGA,Nigeria,IND,S,S+SL/LFM/CDL+ERL/H:2/IND,TOTAL,7047.0,1687510477.0,562503486.0,0.0,3375021.0,2250013957.0,1152601.0,0.0,479.0,500.0
NGA,Nigeria,IND,S,S/LFM/CDL+ERL/H:1/IND,TOTAL,22134.0,2434440631.0,811480212.0,0.0,4868881.0,3245920829.0,1661675.0,0.0,220.0,500.0
NGA,Nigeria,IND,S,S/LFM/CDL+ERL/H:2/IND,TOTAL,7378.0,1770501641.0,590167214.0,0.0,3541003.0,2360668849.0,1209286.0,0.0,480.0,500.0
NGA,Nigeria,RES,W,W+WBB/LN/CDN+ERL/H:1/RES,URBAN,595465.0,6431010721.0,1607752681.0,2755802.0,35727837.0,8038763404.0,937016.0,595465.0,60.0,180.0
NGA,Nigeria,RES,W,W+WBB/LN/CDN+ERL/H:1/RES,RURAL,634223.0,3424798653.0,856199662.0,2935169.0,38053318.0,4280998315.0,998005.0,634223.0,60.0,90.0
NGA,Nigeria,RES,W,W+WWD/LWAL/CDN+ERM/H:1/RES,RURAL,3815013.0,20601066281.0,5150266572.0,17655808.0,228900736.0,25751332853.0,3056111.0,3815013.0,60.0,90.0
NGA,Nigeria,RES,W,W+WWD/LWAL/CDN+ERM/H:1/RES,URBAN,4775829.0,51578965414.0,12894741354.0,22102447.0,286549808.0,64473706768.0,3825799.0,4775829.0,60.0,180.0
NGA,Nigeria,RES,W,W+WWD/LWAL/CDN+ERM/H:2/RES,RURAL,1594132.0,14457533725.0,3614383426.0,7566760.0,160639264.0,18071917156.0,2146021.0,1635002.0,101.0,90.0
NGA,Nigeria,RES,W,W+WWD/LWAL/CDN+ERM/H:2/RES,URBAN,1995617.0,36197380564.0,9049345140.0,9472509.0,201096559.0,45246725709.0,2686501.0,2046791.0,101.0,180.0
NGA,Nigeria,COM,W,W/LWAL/CDL+ERM/H:1/COM,TOTAL,44763.0,1221954360.0,407318112.0,0.0,5818830.0,1629272483.0,1110794.0,0.0,130.0,210.0
NGA,Nigeria,RES,W,W/LWAL/CDL+ERM/H:1/RES,URBAN,476370.0,5144808683.0,1286202167.0,2204632.0,28582270.0,6431010851.0,3022960.0,476370.0,60.0,180.0
NGA,Nigeria,RES,W,W/LWAL/CDL+ERM/H:1/RES,RURAL,253689.0,1369919643.0,342479914.0,1174066.0,15221329.0,1712399552.0,1609860.0,253689.0,60.0,90.0
NGA,Nigeria,COM,W,W/LWAL/CDL+ERM/H:2/COM,TOTAL,22383.0,1221953235.0,407317752.0,0.0,5818825.0,1629270952.0,1111318.0,0.0,260.0,210.0
NGA,Nigeria,RES,W,W/LWAL/CDL+ERM/H:2/RES,RURAL,247350.0,2243243226.0,560810806.0,1174066.0,24924925.0,2804054026.0,2637793.0,253689.0,101.0,90.0
NGA,Nigeria,RES,W,W/LWAL/CDL+ERM/H:2/RES,URBAN,464465.0,8424624079.0,2106156021.0,2204653.0,46803467.0,10530780099.0,4953189.0,476375.0,101.0,180.0
NGA,Nigeria,COM,W,W/LWAL/CDL+ERM/H:3/COM,TOTAL,7463.0,704973215.0,234991061.0,0.0,3357015.0,939964285.0,641448.0,0.0,450.0,210.0
NGA,Nigeria,RES,W,W/LWAL/CDL+ERM/H:3/RES,RURAL,98834.0,1309509481.0,327377373.0,587034.0,14550105.0,1636886848.0,1540793.0,126845.0,147.0,90.0
NGA,Nigeria,RES,W,W/LWAL/CDL+ERM/H:3/RES,URBAN,185582.0,4917935325.0,1229483832.0,1102343.0,27321863.0,6147419154.0,2893265.0,238191.0,147.0,180.0
RWA,Rwanda,COM,CR-,CR/LFINF/CDL+ERL/H:1/COM,TOTAL,60.0,3466330.0,611705.0,0.0,7535.0,4078034.0,3733.0,0.0,126.0,460.0
RWA,Rwanda,IND,CR-,CR/LFINF/CDL+ERL/H:1/IND,TOTAL,37.0,3296703.0,1098904.0,0.0,8676.0,4395602.0,4271.0,0.0,234.0,380.0
RWA,Rwanda,RES,CR-,CR/LFINF/CDL+ERL/H:1/RES,URBAN,1214.0,20406009.0,3601059.0,4715.0,72879.0,24007070.0,24982.0,1214.0,60.0,280.0
RWA,Rwanda,COM,CR-,CR/LFINF/CDL+ERL/H:2/COM,TOTAL,108.0,12771819.0,2253851.0,0.0,27765.0,15025670.0,13766.0,0.0,257.0,460.0
RWA,Rwanda,IND,CR-,CR/LFINF/CDL+ERL/H:2/IND,TOTAL,12.0,1750589.0,583529.0,0.0,4607.0,2334122.0,2270.0,0.0,384.0,380.0
RWA,Rwanda,RES,CR-,CR/LFINF/CDL+ERL/H:2/RES,URBAN,4146.0,116951558.0,20638511.0,16511.0,417684.0,137590068.0,143279.0,4251.0,101.0,280.0
RWA,Rwanda,COM,CR-,CR/LFINF/CDL+ERL/H:3/COM,TOTAL,68.0,13888345.0,2450884.0,0.0,30192.0,16339229.0,14981.0,0.0,444.0,460.0
RWA,Rwanda,RES,CR-,CR/LFINF/CDL+ERL/H:3/RES,URBAN,3312.0,136542069.0,24095659.0,16511.0,487650.0,160637728.0,167400.0,4251.0,147.0,280.0
RWA,Rwanda,COM,CR-,CR/LFINF/CDL+ERL/H:4-7/COM,TOTAL,18.0,9095935.0,1605164.0,0.0,19774.0,10701099.0,9835.0,0.0,1099.0,460.0
RWA,Rwanda,RES,CR-,CR/LFINF/CDL+ERL/H:4-7/RES,URBAN,152.0,40811716.0,7202067.0,7076.0,145756.0,48013783.0,50143.0,1822.0,959.0,280.0
RWA,Rwanda,RES,CR-,CR/LFINF/CDL+ERL/H:>7/RES,URBAN,40.0,12753879.0,2250685.0,2357.0,45550.0,15004564.0,15693.0,607.0,1139.0,280.0
RWA,Rwanda,RES,CR-,CR/LWAL/CDL+ERL/H:1/RES,URBAN,56.0,968709.0,170949.0,221.0,3460.0,1139658.0,1409.0,56.0,62.0,280.0
RWA,Rwanda,RES,CR-,CR/LWAL/CDL+ERL/H:2/RES,URBAN,197.0,5530230.0,975925.0,790.0,19751.0,6506156.0,8047.0,201.0,100.0,280.0
RWA,Rwanda,COM,CR-,CR/LWAL/CDL+ERL/H:3/COM,TOTAL,3.0,306080.0,54014.0,0.0,665.0,360094.0,362.0,0.0,222.0,460.0
RWA,Rwanda,RES,CR-,CR/LWAL/CDL+ERL/H:3/RES,URBAN,156.0,6371036.0,1124301.0,768.0,22754.0,7495335.0,9277.0,195.0,146.0,280.0
RWA,Rwanda,RES,CR-,CR/LWAL/CDL+ERL/H:4-7/RES,URBAN,8.0,1892878.0,334037.0,334.0,6760.0,2226916.0,2762.0,85.0,845.0,280.0
RWA,Rwanda,RES,CR-,CR/LWAL/CDL+ERL/H:>7/RES,URBAN,2.0,452073.0,79778.0,86.0,1615.0,531851.0,661.0,22.0,808.0,280.0
RWA,Rwanda,RES,OT,INF/LN/CDN+ERN/H:1/EWV/RES,RURAL,4361.0,15702935.0,2771106.0,17616.0,261716.0,18474042.0,3494.0,4361.0,60.0,60.0
RWA,Rwanda,RES,OT,MATO/LN/CDN+ERN/H:1/RES,RURAL,16171.0,58213819.0,10273027.0,63432.0,970230.0,68486846.0,445782.0,16171.0,60.0,60.0
RWA,Rwanda,RES,OT,MATO/LN/CDN+ERN/H:1/RES,URBAN,4584.0,33002986.0,5824057.0,18025.0,275025.0,38827041.0,126363.0,4584.0,60.0,120.0
RWA,Rwanda,COM,MR|MCF,MCF+CB/LWAL/CDL+ERL/H:1/COM,TOTAL,43.0,2538677.0,634669.0,0.0,5519.0,3173346.0,3074.0,0.0,128.0,460.0
RWA,Rwanda,IND,MR|MCF,MCF+CB/LWAL/CDL+ERL/H:1/IND,TOTAL,5.0,236753.0,78918.0,0.0,623.0,315671.0,348.0,0.0,125.0,380.0
RWA,Rwanda,RES,MR|MCF,MCF+CB/LWAL/CDL+ERL/H:1/RES,URBAN,780.0,13082923.0,2308751.0,3061.0,46725.0,15391674.0,18373.0,780.0,60.0,280.0
RWA,Rwanda,COM,MR|MCF,MCF+CB/LWAL/CDL+ERL/H:2/COM,TOTAL,21.0,2284824.0,571206.0,0.0,4967.0,2856030.0,2769.0,0.0,237.0,460.0
RWA,Rwanda,RES,MR|MCF,MCF+CB/LWAL/CDL+ERL/H:2/RES,URBAN,758.0,21406660.0,3777647.0,3052.0,76452.0,25184308.0,30083.0,777.0,101.0,280.0
RWA,Rwanda,RES,MR|MCF,MCF+CB/LWAL/CDL+ERL/H:3-6/RES,URBAN,21.0,4022234.0,709806.0,662.0,14365.0,4732040.0,5660.0,169.0,684.0,280.0
RWA,Rwanda,COM,MR|MCF,MCF+CL/LWAL/CDL+ERL/H:1/COM,TOTAL,213.0,12663945.0,3165986.0,0.0,27530.0,15829935.0,13639.0,0.0,129.0,460.0
RWA,Rwanda,IND,MR|MCF,MCF+CL/LWAL/CDL+ERL/H:1/IND,TOTAL,33.0,2602690.0,867564.0,0.0,6849.0,3470255.0,3372.0,0.0,208.0,380.0
RWA,Rwanda,RES,MR|MCF,MCF+CL/LWAL/CDL+ERL/H:1/RES,URBAN,4428.0,74382428.0,13126311.0,17153.0,265652.0,87508740.0,91061.0,4428.0,60.0,280.0
RWA,Rwanda,COM,MR|MCF,MCF+CL/LWAL/CDL+ERL/H:2/COM,TOTAL,102.0,12741362.0,3185340.0,0.0,27699.0,15926700.0,13733.0,0.0,272.0,460.0
RWA,Rwanda,IND,MR|MCF,MCF+CL/LWAL/CDL+ERL/H:2/IND,TOTAL,12.0,1460053.0,486683.0,0.0,3842.0,1946735.0,1893.0,0.0,320.0,380.0
RWA,Rwanda,RES,MR|MCF,MCF+CL/LWAL/CDL+ERL/H:2/RES,URBAN,4318.0,121801141.0,21494320.0,17148.0,435004.0,143295460.0,149220.0,4426.0,101.0,280.0
RWA,Rwanda,COM,MR|MCF,MCF+CL/LWAL/CDL+ERL/H:3-6/COM,TOTAL,6.0,2512529.0,628132.0,0.0,5462.0,3140660.0,2712.0,0.0,910.0,460.0
RWA,Rwanda,RES,MR|MCF,MCF+CL/LWAL/CDL+ERL/H:3-6/RES,URBAN,123.0,23416548.0,4132333.0,3812.0,83631.0,27548878.0,28729.0,984.0,680.0,280.0
RWA,Rwanda,COM,ADO|ST|E,MUR+ADO/LWAL/CDN+ERN/H:1/COM,TOTAL,23684.0,431047686.0,143682562.0,0.0,3078912.0,574730247.0,261279.0,0.0,130.0,140.0
RWA,Rwanda,RES,ADO|ST|E,MUR+ADO/LWAL/CDN+ERN/H:1/RES,URBAN,113557.0,613213219.0,108214098.0,441795.0,6813480.0,721427315.0,418499.0,113557.0,60.0,90.0
RWA,Rwanda,RES,ADO|ST|E,MUR+ADO/LWAL/CDN+ERN/H:1/RES,RURAL,614128.0,1473906558.0,260101157.0,2377066.0,36847664.0,1734007715.0,2263264.0,614128.0,60.0,40.0
RWA,Rwanda,COM,ADO|ST|E,MUR+ADO/LWAL/CDN+ERN/H:2/COM,TOTAL,11839.0,431047671.0,143682558.0,0.0,3078912.0,574730223.0,262037.0,0.0,260.0,140.0
RWA,Rwanda,RES,ADO|ST|E,MUR+ADO/LWAL/CDN+ERN/H:2/RES,URBAN,110719.0,1004136155.0,177200498.0,441791.0,11157068.0,1181336655.0,687102.0,113556.0,101.0,90.0
RWA,Rwanda,RES,ADO|ST|E,MUR+ADO/LWAL/CDN+ERN/H:2/RES,RURAL,598775.0,2413521999.0,425915647.0,2377066.0,60338050.0,2839437643.0,3715886.0,614128.0,101.0,40.0
RWA,Rwanda,COM,ADO|ST|E,MUR+ADO/LWAL/CDN+ERN/H:3/COM,TOTAL,500.0,62728872.0,20909624.0,0.0,448063.0,83638493.0,38244.0,0.0,896.0,140.0
RWA,Rwanda,RES,ADO|ST|E,MUR+ADO/LWAL/CDN+ERN/H:3/RES,URBAN,1495.0,91443941.0,16137165.0,46501.0,1016044.0,107581107.0,62737.0,11953.0,680.0,90.0
RWA,Rwanda,RES,ADO|ST|E,MUR+ADO/LWAL/CDN+ERN/H:3/RES,RURAL,8083.0,219793061.0,38787010.0,250225.0,5494827.0,258580072.0,339288.0,64647.0,680.0,40.0
RWA,Rwanda,COM,MUR,MUR+CB/LWAL/CDN+ERN/H:1/COM,TOTAL,366.0,13324137.0,3331033.0,0.0,47586.0,16655172.0,40111.0,0.0,130.0,280.0
RWA,Rwanda,IND,MUR,MUR+CB/LWAL/CDN+ERN/H:1/IND,TOTAL,54.0,2211585.0,737195.0,0.0,11640.0,2948781.0,9363.0,0.0,216.0,190.0
RWA,Rwanda,RES,MUR,MUR+CB/LWAL/CDN+ERN/H:1/RES,RURAL,3879.0,32579626.0,5749346.0,15259.0,232712.0,38328971.0,150939.0,3879.0,60.0,140.0
RWA,Rwanda,RES,MUR,MUR+CB/LWAL/CDN+ERN/H:1/RES,URBAN,3287.0,27619371.0,4874007.0,12908.0,197281.0,32493376.0,127959.0,3287.0,60.0,140.0
RWA,Rwanda,COM,MUR,MUR+CB/LWAL/CDN+ERN/H:2/COM,TOTAL,181.0,13325184.0,3331292.0,0.0,47590.0,16656475.0,40136.0,0.0,263.0,280.0
RWA,Rwanda,IND,MUR,MUR+CB/LWAL/CDN+ERN/H:2/IND,TOTAL,19.0,1426405.0,475467.0,0.0,7507.0,1901872.0,6042.0,0.0,395.0,190.0
RWA,Rwanda,RES,MUR,MUR+CB/LWAL/CDN+ERN/H:2/RES,RURAL,3782.0,53349536.0,9414624.0,15259.0,381068.0,62764160.0,247286.0,3879.0,101.0,140.0
RWA,Rwanda,RES,MUR,MUR+CB/LWAL/CDN+ERN/H:2/RES,URBAN,3206.0,45226810.0,7981202.0,12913.0,323049.0,53208011.0,209636.0,3288.0,101.0,140.0
RWA,Rwanda,COM,MUR,MUR+CB/LWAL/CDN+ERN/H:3/COM,TOTAL,6.0,1039968.0,259993.0,0.0,3714.0,1299961.0,3134.0,0.0,619.0,280.0
RWA,Rwanda,RES,MUR,MUR+CB/LWAL/CDN+ERN/H:3/RES,RURAL,51.0,4858407.0,857367.0,1606.0,34703.0,5715772.0,22531.0,408.0,680.0,140.0
RWA,Rwanda,RES,MUR,MUR+CB/LWAL/CDN+ERN/H:3/RES,URBAN,42.0,4022409.0,709836.0,1330.0,28731.0,4732245.0,18654.0,339.0,684.0,140.0
RWA,Rwanda,COM,MUR,MUR+CL/LWAL/CDN+ERN/H:1/COM,TOTAL,11775.0,428728579.0,107182144.0,0.0,1531173.0,535910718.0,953257.0,0.0,130.0,280.0
RWA,Rwanda,IND,MUR,MUR+CL/LWAL/CDN+ERN/H:1/IND,TOTAL,7333.0,306492744.0,102164247.0,0.0,1613120.0,408656989.0,929498.0,0.0,220.0,190.0
RWA,Rwanda,RES,MUR,MUR+CL/LWAL/CDN+ERN/H:1/RES,RURAL,171661.0,1441957826.0,254463147.0,665005.0,10299699.0,1696420972.0,4732296.0,171661.0,60.0,140.0
RWA,Rwanda,RES,MUR,MUR+CL/LWAL/CDN+ERN/H:1/RES,URBAN,97515.0,819126472.0,144551729.0,379025.0,5850903.0,963678204.0,2688254.0,97515.0,60.0,140.0
RWA,Rwanda,COM,MUR,MUR+CL/LWAL/CDN+ERN/H:2/COM,TOTAL,5890.0,428727391.0,107181851.0,0.0,1531169.0,535909241.0,953794.0,0.0,260.0,280.0
RWA,Rwanda,IND,MUR,MUR+CL/LWAL/CDN+ERN/H:2/IND,TOTAL,2447.0,222905254.0,74301751.0,0.0,1173186.0,297207004.0,676413.0,0.0,479.0,190.0
RWA,Rwanda,RES,MUR,MUR+CL/LWAL/CDN+ERN/H:2/RES,RURAL,167370.0,2361205788.0,416683375.0,665009.0,16865756.0,2777889161.0,7753276.0,171662.0,101.0,140.0
RWA,Rwanda,RES,MUR,MUR+CL/LWAL/CDN+ERN/H:2/RES,URBAN,95077.0,1341319535.0,236703447.0,379025.0,9580854.0,1578022981.0,4404368.0,97515.0,101.0,140.0
RWA,Rwanda,COM,MUR,MUR+CL/LWAL/CDN+ERN/H:3/COM,TOTAL,248.0,62054459.0,15513616.0,0.0,221623.0,77568071.0,138131.0,0.0,894.0,280.0
RWA,Rwanda,RES,MUR,MUR+CL/LWAL/CDN+ERN/H:3/RES,RURAL,2258.0,215028881.0,37946273.0,70002.0,1535921.0,252975154.0,706448.0,18070.0,680.0,140.0
RWA,Rwanda,RES,MUR,MUR+CL/LWAL/CDN+ERN/H:3/RES,URBAN,1285.0,122150301.0,21555935.0,39896.0,872502.0,143706236.0,401308.0,10264.0,679.0,140.0
RWA,Rwanda,COM,ADO|ST|E,MUR+STDRE/LWAL/CDN+ERN/H:1/COM,TOTAL,35.0,1815351.0,605116.0,0.0,4322.0,2420469.0,1314.0,0.0,123.0,420.0
RWA,Rwanda,IND,ADO|ST|E,MUR+STDRE/LWAL/CDN+ERN/H:1/IND,TOTAL,6.0,457126.0,246144.0,0.0,1143.0,703270.0,338.0,0.0,190.0,400.0
RWA,Rwanda,RES,ADO|ST|E,MUR+STDRE/LWAL/CDN+ERN/H:1/RES,URBAN,1410.0,17762577.0,3134573.0,5738.0,84584.0,20897148.0,20111.0,1410.0,60.0,210.0
RWA,Rwanda,COM,ADO|ST|E,MUR+STDRE/LWAL/CDN+ERN/H:2/COM,TOTAL,15.0,1552962.0,517654.0,0.0,3698.0,2070618.0,1126.0,0.0,247.0,420.0
RWA,Rwanda,IND,ADO|ST|E,MUR+STDRE/LWAL/CDN+ERN/H:2/IND,TOTAL,3.0,332196.0,178876.0,0.0,830.0,511071.0,246.0,0.0,277.0,400.0
RWA,Rwanda,RES,ADO|ST|E,MUR+STDRE/LWAL/CDN+ERN/H:2/RES,URBAN,1375.0,29086238.0,5132864.0,5743.0,138506.0,34219103.0,32969.0,1411.0,101.0,210.0
RWA,Rwanda,RES,ADO|ST|E,MUR+STDRE/LWAL/CDN+ERN/H:3/RES,URBAN,16.0,2292760.0,404605.0,524.0,10918.0,2697366.0,2602.0,127.0,682.0,210.0
RWA,Rwanda,COM,ADO|ST|E,MUR+STRUB/LWAL/CDN+ERN/H:1/COM,TOTAL,101.0,5460982.0,1820327.0,0.0,13002.0,7281309.0,3953.0,0.0,129.0,420.0
RWA,Rwanda,IND,ADO|ST|E,MUR+STRUB/LWAL/CDN+ERN/H:1/IND,TOTAL,22.0,1794282.0,966152.0,0.0,4486.0,2760433.0,1325.0,0.0,204.0,400.0
RWA,Rwanda,RES,ADO|ST|E,MUR+STRUB/LWAL/CDN+ERN/H:1/RES,RURAL,3398.0,30581952.0,5396816.0,13561.0,203880.0,35978769.0,48475.0,3398.0,60.0,150.0
RWA,Rwanda,COM,ADO|ST|E,MUR+STRUB/LWAL/CDN+ERN/H:2/COM,TOTAL,52.0,5487814.0,1829272.0,0.0,13066.0,7317089.0,3978.0,0.0,251.0,420.0
RWA,Rwanda,IND,ADO|ST|E,MUR+STRUB/LWAL/CDN+ERN/H:2/IND,TOTAL,6.0,987980.0,531987.0,0.0,2470.0,1519967.0,731.0,0.0,412.0,400.0
RWA,Rwanda,RES,ADO|ST|E,MUR+STRUB/LWAL/CDN+ERN/H:2/RES,RURAL,3313.0,50078420.0,8837369.0,13556.0,333856.0,58915790.0,79470.0,3397.0,101.0,150.0
RWA,Rwanda,COM,ADO|ST|E,MUR+STRUB/LWAL/CDN+ERN/H:3/COM,TOTAL,2.0,505563.0,168521.0,0.0,1204.0,674083.0,367.0,0.0,602.0,420.0
RWA,Rwanda,RES,ADO|ST|E,MUR+STRUB/LWAL/CDN+ERN/H:3/RES,RURAL,42.0,4560769.0,804843.0,1427.0,30405.0,5365611.0,7246.0,357.0,724.0,150.0
RWA,Rwanda,IND,S,S+SL/LFM/CDL+ERL/H:1/IND,TOTAL,2028.0,169187334.0,56395781.0,0.0,445230.0,225583111.0,151950.0,0.0,220.0,380.0
RWA,Rwanda,IND,S,S+SL/LFM/CDL+ERL/H:2/IND,TOTAL,675.0,123045325.0,41015108.0,0.0,323803.0,164060431.0,110582.0,0.0,480.0,380.0
RWA,Rwanda,IND,S,S/LFM/CDL+ERL/H:1/IND,TOTAL,887.0,74038939.0,24679647.0,0.0,194839.0,98718587.0,66496.0,0.0,220.0,380.0
RWA,Rwanda,IND,S,S/LFM/CDL+ERL/H:2/IND,TOTAL,296.0,53846517.0,17948838.0,0.0,141701.0,71795360.0,48392.0,0.0,479.0,380.0
RWA,Rwanda,RES,W,W+WWD/LWAL/CDN+ERM/H:1/RES,RURAL,993230.0,5363443321.0,1340860830.0,3853789.0,59593815.0,6704304152.0,795652.0,993230.0,60.0,90.0
RWA,Rwanda,RES,W,W+WWD/LWAL/CDN+ERM/H:1/RES,URBAN,97930.0,1292681550.0,323170387.0,374747.0,5875825.0,1615851937.0,78450.0,97930.0,60.0,220.0
RWA,Rwanda,RES,W,W+WWD/LWAL/CDN+ERM/H:2/RES,RURAL,415027.0,3763988100.0,940997025.0,1651622.0,41822090.0,4704985123.0,558712.0,425669.0,101.0,90.0
RWA,Rwanda,RES,W,W+WWD/LWAL/CDN+ERM/H:2/RES,URBAN,40921.0,907184942.0,226796236.0,160604.0,4123568.0,1133981180.0,55088.0,41970.0,101.0,220.0
RWA,Rwanda,COM,W,W/LWAL/CDL+ERM/H:1/COM,TOTAL,259.0,9384260.0,3128088.0,0.0,33515.0,12512345.0,6398.0,0.0,129.0,280.0
RWA,Rwanda,RES,W,W/LWAL/CDL+ERM/H:1/RES,RURAL,9796.0,52901054.0,13225264.0,38177.0,587789.0,66126318.0,62167.0,9796.0,60.0,90.0
RWA,Rwanda,RES,W,W/LWAL/CDL+ERM/H:1/RES,URBAN,774.0,10220958.0,2555239.0,3041.0,46459.0,12776197.0,4914.0,774.0,60.0,220.0
RWA,Rwanda,COM,W,W/LWAL/CDL+ERM/H:2/COM,TOTAL,127.0,9326980.0,3108995.0,0.0,33311.0,12435973.0,6362.0,0.0,262.0,280.0
RWA,Rwanda,RES,W,W/LWAL/CDL+ERM/H:2/RES,RURAL,9552.0,86625478.0,21656369.0,38177.0,962505.0,108281848.0,101861.0,9796.0,101.0,90.0
RWA,Rwanda,RES,W,W/LWAL/CDL+ERM/H:2/RES,URBAN,755.0,16737314.0,4184329.0,3041.0,76079.0,20921640.0,8051.0,774.0,101.0,220.0
RWA,Rwanda,COM,W,W/LWAL/CDL+ERM/H:3/COM,TOTAL,44.0,5321996.0,1773999.0,0.0,19007.0,7095995.0,3632.0,0.0,432.0,280.0
RWA,Rwanda,RES,W,W/LWAL/CDL+ERM/H:3/RES,RURAL,3816.0,50568182.0,12642046.0,19086.0,561869.0,63210228.0,59499.0,4898.0,147.0,90.0
RWA,Rwanda,RES,W,W/LWAL/CDL+ERM/H:3/RES,URBAN,303.0,9685591.0,2421398.0,1497.0,44025.0,12106991.0,4662.0,382.0,145.0,220.0
STP,São Tomé and Príncipe,COM,CR-,CR/LFINF/CDL+ERL/H:1/COM,TOTAL,4.0,327758.0,57840.0,0.0,482.0,385598.0,239.0,0.0,120.0,680.0
STP,São Tomé and Príncipe,IND,CR-,CR/LFINF/CDL+ERL/H:1/IND,TOTAL,9.0,1107880.0,369293.0,0.0,2216.0,1477174.0,1091.0,0.0,246.0,500.0
STP,São Tomé and Príncipe,RES,CR-,CR/LFINF/CDL+ERL/H:1/RES,URBAN,153.0,5646513.0,996443.0,614.0,9257.0,6642956.0,3173.0,153.0,61.0,610.0
STP,São Tomé and Príncipe,COM,CR-,CR/LFINF/CDL+ERL/H:2/COM,TOTAL,7.0,1208564.0,213276.0,0.0,1777.0,1421840.0,881.0,0.0,254.0,680.0
STP,São Tomé and Príncipe,IND,CR-,CR/LFINF/CDL+ERL/H:2/IND,TOTAL,3.0,804858.0,268285.0,0.0,1610.0,1073143.0,793.0,0.0,537.0,500.0
STP,São Tomé and Príncipe,RES,CR-,CR/LFINF/CDL+ERL/H:2/RES,URBAN,526.0,32314557.0,5702569.0,2155.0,52975.0,38017126.0,18172.0,538.0,101.0,610.0
STP,São Tomé and Príncipe,COM,CR-,CR/LFINF/CDL+ERL/H:3/COM,TOTAL,4.0,1115921.0,196927.0,0.0,1641.0,1312849.0,814.0,0.0,410.0,680.0
STP,São Tomé and Príncipe,RES,CR-,CR/LFINF/CDL+ERL/H:3/RES,URBAN,420.0,37692633.0,6651642.0,2150.0,61791.0,44344276.0,21212.0,537.0,147.0,610.0
STP,São Tomé and Príncipe,COM,CR-,CR/LFINF/CDL+ERL/H:4-7/COM,TOTAL,1.0,860453.0,151845.0,0.0,1265.0,1012298.0,629.0,0.0,1265.0,680.0
STP,São Tomé and Príncipe,RES,CR-,CR/LFINF/CDL+ERL/H:4-7/RES,URBAN,20.0,11292962.0,1992875.0,927.0,18513.0,13285837.0,6369.0,232.0,926.0,610.0
STP,São Tomé and Príncipe,RES,CR-,CR/LFINF/CDL+ERL/H:>7/RES,URBAN,4.0,3378012.0,596120.0,295.0,5538.0,3974132.0,1908.0,74.0,1384.0,610.0
STP,São Tomé and Príncipe,COM,CR-,CR/LWAL/CDL+ERL/H:1/COM,TOTAL,1.0,80711.0,14243.0,0.0,119.0,94954.0,64.0,0.0,119.0,678.0
STP,São Tomé and Príncipe,IND,CR-,CR/LWAL/CDL+ERL/H:1/IND,TOTAL,3.0,302011.0,100671.0,0.0,604.0,402681.0,315.0,0.0,201.0,500.0
STP,São Tomé and Príncipe,RES,CR-,CR/LWAL/CDL+ERL/H:1/RES,URBAN,52.0,1882150.0,332144.0,206.0,3085.0,2214293.0,1256.0,52.0,59.0,610.0
STP,São Tomé and Príncipe,COM,CR-,CR/LWAL/CDL+ERL/H:2/COM,TOTAL,2.0,322846.0,56972.0,0.0,475.0,379818.0,258.0,0.0,238.0,680.0
STP,São Tomé and Príncipe,RES,CR-,CR/LWAL/CDL+ERL/H:2/RES,URBAN,176.0,10771499.0,1900852.0,721.0,17658.0,12672352.0,7194.0,180.0,100.0,610.0
STP,São Tomé and Príncipe,COM,CR-,CR/LWAL/CDL+ERL/H:3/COM,TOTAL,1.0,371974.0,65642.0,0.0,547.0,437616.0,298.0,0.0,547.0,680.0
STP,São Tomé and Príncipe,RES,CR-,CR/LWAL/CDL+ERL/H:3/RES,URBAN,139.0,12482747.0,2202839.0,707.0,20464.0,14685584.0,8344.0,177.0,147.0,610.0
STP,São Tomé and Príncipe,RES,CR-,CR/LWAL/CDL+ERL/H:4-7/RES,URBAN,7.0,3603848.0,635973.0,295.0,5908.0,4239822.0,2414.0,74.0,844.0,610.0
STP,São Tomé and Príncipe,RES,CR-,CR/LWAL/CDL+ERL/H:>7/RES,URBAN,1.0,1125777.0,198667.0,98.0,1846.0,1324444.0,755.0,25.0,1846.0,610.0
STP,São Tomé and Príncipe,RES,ADO|ST|E,E+ETO/LWAL/CDN+ERN/H:1/RES,URBAN,3845.0,43840070.0,7736483.0,15396.0,230737.0,51576553.0,20615.0,3845.0,60.0,190.0
STP,São Tomé and Príncipe,RES,ADO|ST|E,E+ETO/LWAL/CDN+ERN/H:1/RES,RURAL,1533.0,12874844.0,2272032.0,6139.0,91963.0,15146876.0,8217.0,1533.0,60.0,140.0
STP,São Tomé and Príncipe,RES,OT,INF/LN/CDN+ERN/H:1/EWV/RES,RURAL,153.0,1655289.0,292110.0,614.0,9196.0,1947400.0,123.0,153.0,60.0,180.0
STP,São Tomé and Príncipe,RES,OT,MATO/LN/CDN+ERN/H:1/RES,RURAL,307.0,3310798.0,584258.0,1228.0,18393.0,3895057.0,8451.0,307.0,60.0,180.0
STP,São Tomé and Príncipe,RES,OT,MATO/LN/CDN+ERN/H:1/RES,URBAN,448.0,4829517.0,852267.0,1792.0,26831.0,5681784.0,12328.0,448.0,60.0,180.0
STP,São Tomé and Príncipe,COM,MR|MCF,MCF+CB/LWAL/CDL+ERL/H:1/COM,TOTAL,5.0,492691.0,123173.0,0.0,725.0,615862.0,404.0,0.0,145.0,680.0
STP,São Tomé and Príncipe,IND,MR|MCF,MCF+CB/LWAL/CDL+ERL/H:1/IND,TOTAL,3.0,302012.0,100671.0,0.0,604.0,402681.0,338.0,0.0,201.0,500.0
STP,São Tomé and Príncipe,RES,MR|MCF,MCF+CB/LWAL/CDL+ERL/H:1/RES,URBAN,232.0,8469396.0,1494601.0,927.0,13884.0,9963997.0,5460.0,232.0,60.0,610.0
STP,São Tomé and Príncipe,COM,MR|MCF,MCF+CB/LWAL/CDL+ERL/H:2/COM,TOTAL,3.0,517956.0,129490.0,0.0,762.0,647446.0,425.0,0.0,254.0,680.0
STP,São Tomé and Príncipe,RES,MR|MCF,MCF+CB/LWAL/CDL+ERL/H:2/RES,URBAN,226.0,13849413.0,2444014.0,927.0,22704.0,16293429.0,8934.0,232.0,100.0,610.0
STP,São Tomé and Príncipe,RES,MR|MCF,MCF+CB/LWAL/CDL+ERL/H:3-6/RES,URBAN,7.0,2552895.0,450511.0,196.0,4185.0,3003407.0,1649.0,49.0,598.0,610.0
STP,São Tomé and Príncipe,COM,MR|MCF,MCF+CL/LWAL/CDL+ERL/H:1/COM,TOTAL,5.0,492690.0,123173.0,0.0,725.0,615862.0,359.0,0.0,145.0,680.0
STP,São Tomé and Príncipe,IND,MR|MCF,MCF+CL/LWAL/CDL+ERL/H:1/IND,TOTAL,4.0,502846.0,167616.0,0.0,1006.0,670462.0,495.0,0.0,252.0,500.0
STP,São Tomé and Príncipe,RES,MR|MCF,MCF+CL/LWAL/CDL+ERL/H:1/RES,URBAN,232.0,8469398.0,1494600.0,927.0,13884.0,9963996.0,4759.0,232.0,60.0,610.0
STP,São Tomé and Príncipe,COM,MR|MCF,MCF+CL/LWAL/CDL+ERL/H:2/COM,TOTAL,3.0,517956.0,129490.0,0.0,762.0,647446.0,378.0,0.0,254.0,680.0
STP,São Tomé and Príncipe,IND,MR|MCF,MCF+CL/LWAL/CDL+ERL/H:2/IND,TOTAL,1.0,124447.0,41482.0,0.0,249.0,165929.0,123.0,0.0,249.0,500.0
STP,São Tomé and Príncipe,RES,MR|MCF,MCF+CL/LWAL/CDL+ERL/H:2/RES,URBAN,226.0,13849413.0,2444014.0,927.0,22704.0,16293427.0,7788.0,232.0,100.0,610.0
STP,São Tomé and Príncipe,RES,MR|MCF,MCF+CL/LWAL/CDL+ERL/H:3-6/RES,URBAN,7.0,2552896.0,450511.0,196.0,4185.0,3003406.0,1438.0,49.0,598.0,610.0
STP,São Tomé and Príncipe,RES,OT,ME+MEO/LWAL/CDN+ERM/H:1/RES,RURAL,153.0,1655290.0,292110.0,614.0,9196.0,1947400.0,359.0,153.0,60.0,180.0
STP,São Tomé and Príncipe,RES,OT,ME+MEO/LWAL/CDN+ERM/H:1/RES,URBAN,448.0,4829517.0,852267.0,1792.0,26831.0,5681784.0,1047.0,448.0,60.0,180.0
STP,São Tomé and Príncipe,COM,ADO|ST|E,MUR+ADO/LWAL/CDN+ERN/H:1/COM,TOTAL,404.0,9436023.0,3145339.0,0.0,52422.0,12581360.0,4449.0,0.0,130.0,180.0
STP,São Tomé and Príncipe,RES,ADO|ST|E,MUR+ADO/LWAL/CDN+ERN/H:1/RES,RURAL,2366.0,19875535.0,3507446.0,9472.0,141968.0,23382982.0,8720.0,2366.0,60.0,140.0
STP,São Tomé and Príncipe,RES,ADO|ST|E,MUR+ADO/LWAL/CDN+ERN/H:1/RES,URBAN,5608.0,63924924.0,11280868.0,22453.0,336447.0,75205792.0,20665.0,5608.0,60.0,190.0
STP,São Tomé and Príncipe,COM,ADO|ST|E,MUR+ADO/LWAL/CDN+ERN/H:2/COM,TOTAL,200.0,9419979.0,3139997.0,0.0,52333.0,12559971.0,4454.0,0.0,262.0,180.0
STP,São Tomé and Príncipe,RES,ADO|ST|E,MUR+ADO/LWAL/CDN+ERN/H:2/RES,RURAL,2308.0,32546224.0,5743452.0,9477.0,232473.0,38289675.0,14317.0,2367.0,101.0,140.0
STP,São Tomé and Príncipe,RES,ADO|ST|E,MUR+ADO/LWAL/CDN+ERN/H:2/RES,URBAN,5467.0,104677271.0,18472458.0,22453.0,550933.0,123149730.0,33929.0,5608.0,101.0,190.0
STP,São Tomé and Príncipe,COM,ADO|ST|E,MUR+ADO/LWAL/CDN+ERN/H:3/COM,TOTAL,8.0,1216916.0,405639.0,0.0,6761.0,1622556.0,577.0,0.0,845.0,180.0
STP,São Tomé and Príncipe,RES,ADO|ST|E,MUR+ADO/LWAL/CDN+ERN/H:3/RES,URBAN,74.0,9532625.0,1682228.0,2366.0,50172.0,11214854.0,3098.0,591.0,678.0,190.0
STP,São Tomé and Príncipe,RES,ADO|ST|E,MUR+ADO/LWAL/CDN+ERN/H:3/RES,RURAL,31.0,2963788.0,523019.0,995.0,21170.0,3486810.0,1307.0,248.0,683.0,140.0
STP,São Tomé and Príncipe,COM,MUR,MUR+CB/LWAL/CDN+ERN/H:1/COM,TOTAL,109.0,8160752.0,2040186.0,0.0,14070.0,10200940.0,11860.0,0.0,129.0,580.0
STP,São Tomé and Príncipe,IND,MUR,MUR+CB/LWAL/CDN+ERN/H:1/IND,TOTAL,52.0,4562489.0,1520827.0,0.0,11128.0,6083318.0,8951.0,0.0,214.0,410.0
STP,São Tomé and Príncipe,RES,MUR,MUR+CB/LWAL/CDN+ERN/H:1/RES,URBAN,3908.0,121936424.0,21518193.0,15647.0,234493.0,143454617.0,152095.0,3908.0,60.0,520.0
STP,São Tomé and Príncipe,RES,MUR,MUR+CB/LWAL/CDN+ERN/H:1/RES,RURAL,291.0,6639894.0,1171745.0,1165.0,17473.0,7811640.0,11333.0,291.0,60.0,380.0
STP,São Tomé and Príncipe,COM,MUR,MUR+CB/LWAL/CDN+ERN/H:2/COM,TOTAL,54.0,8145217.0,2036304.0,0.0,14043.0,10181519.0,11844.0,0.0,260.0,580.0
STP,São Tomé and Príncipe,IND,MUR,MUR+CB/LWAL/CDN+ERN/H:2/IND,TOTAL,18.0,3201549.0,1067183.0,0.0,7809.0,4268732.0,6285.0,0.0,434.0,410.0
STP,São Tomé and Príncipe,RES,MUR,MUR+CB/LWAL/CDN+ERN/H:2/RES,URBAN,3810.0,199670581.0,35235985.0,15647.0,383982.0,234906565.0,249177.0,3908.0,101.0,520.0
STP,São Tomé and Príncipe,RES,MUR,MUR+CB/LWAL/CDN+ERN/H:2/RES,RURAL,284.0,10857402.0,1916013.0,1169.0,28572.0,12773414.0,18541.0,292.0,101.0,380.0
STP,São Tomé and Príncipe,COM,MUR,MUR+CB/LWAL/CDN+ERN/H:3/COM,TOTAL,2.0,909900.0,227474.0,0.0,1569.0,1137374.0,1324.0,0.0,784.0,580.0
STP,São Tomé and Príncipe,RES,MUR,MUR+CB/LWAL/CDN+ERN/H:3/RES,URBAN,52.0,18183358.0,3208827.0,1649.0,34968.0,21392184.0,22703.0,412.0,672.0,520.0
STP,São Tomé and Príncipe,RES,MUR,MUR+CB/LWAL/CDN+ERN/H:3/RES,RURAL,4.0,947926.0,167281.0,121.0,2495.0,1115207.0,1620.0,30.0,624.0,380.0
STP,São Tomé and Príncipe,COM,MUR,MUR+CL/LWAL/CDN+ERN/H:1/COM,TOTAL,88.0,6571848.0,1642962.0,0.0,11331.0,8214811.0,7054.0,0.0,129.0,580.0
STP,São Tomé and Príncipe,IND,MUR,MUR+CL/LWAL/CDN+ERN/H:1/IND,TOTAL,79.0,7156949.0,2385650.0,0.0,17456.0,9542603.0,10058.0,0.0,221.0,410.0
STP,São Tomé and Príncipe,RES,MUR,MUR+CL/LWAL/CDN+ERN/H:1/RES,URBAN,2443.0,76210622.0,13448932.0,9782.0,146559.0,89659555.0,67338.0,2443.0,60.0,520.0
STP,São Tomé and Príncipe,RES,MUR,MUR+CL/LWAL/CDN+ERN/H:1/RES,RURAL,910.0,20748176.0,3661444.0,3643.0,54600.0,24409618.0,25087.0,910.0,60.0,380.0
STP,São Tomé and Príncipe,COM,MUR,MUR+CL/LWAL/CDN+ERN/H:2/COM,TOTAL,43.0,6343957.0,1585989.0,0.0,10938.0,7929944.0,6813.0,0.0,254.0,580.0
STP,São Tomé and Príncipe,IND,MUR,MUR+CL/LWAL/CDN+ERN/H:2/IND,TOTAL,25.0,5083796.0,1694599.0,0.0,12400.0,6778396.0,7149.0,0.0,496.0,410.0
STP,São Tomé and Príncipe,RES,MUR,MUR+CL/LWAL/CDN+ERN/H:2/RES,URBAN,2380.0,124794397.0,22022542.0,9777.0,239989.0,146816936.0,110324.0,2442.0,101.0,520.0
STP,São Tomé and Príncipe,RES,MUR,MUR+CL/LWAL/CDN+ERN/H:2/RES,RURAL,887.0,33976809.0,5995907.0,3643.0,89413.0,39972719.0,41103.0,910.0,101.0,380.0
STP,São Tomé and Príncipe,COM,MUR,MUR+CL/LWAL/CDN+ERN/H:3/COM,TOTAL,1.0,568687.0,142172.0,0.0,980.0,710859.0,611.0,0.0,980.0,580.0
STP,São Tomé and Príncipe,RES,MUR,MUR+CL/LWAL/CDN+ERN/H:3/RES,URBAN,34.0,11364513.0,2005503.0,1031.0,21855.0,13370016.0,10052.0,257.0,643.0,520.0
STP,São Tomé and Príncipe,RES,MUR,MUR+CL/LWAL/CDN+ERN/H:3/RES,RURAL,11.0,2962004.0,522707.0,371.0,7795.0,3484708.0,3585.0,93.0,709.0,380.0
STP,São Tomé and Príncipe,COM,ADO|ST|E,MUR+STDRE/LWAL/CDN+ERN/H:1/COM,TOTAL,5.0,451545.0,150515.0,0.0,645.0,602061.0,196.0,0.0,129.0,700.0
STP,São Tomé and Príncipe,IND,ADO|ST|E,MUR+STDRE/LWAL/CDN+ERN/H:1/IND,TOTAL,3.0,301375.0,162277.0,0.0,520.0,463652.0,154.0,0.0,173.0,580.0
STP,São Tomé and Príncipe,RES,ADO|ST|E,MUR+STDRE/LWAL/CDN+ERN/H:1/RES,URBAN,211.0,9558713.0,1686832.0,847.0,12745.0,11245546.0,3030.0,211.0,60.0,750.0
STP,São Tomé and Príncipe,COM,ADO|ST|E,MUR+STDRE/LWAL/CDN+ERN/H:2/COM,TOTAL,3.0,475424.0,158473.0,0.0,679.0,633897.0,207.0,0.0,226.0,700.0
STP,São Tomé and Príncipe,RES,ADO|ST|E,MUR+STDRE/LWAL/CDN+ERN/H:2/RES,URBAN,207.0,15629689.0,2758180.0,847.0,20840.0,18387870.0,4961.0,211.0,101.0,750.0
STP,São Tomé and Príncipe,RES,ADO|ST|E,MUR+STDRE/LWAL/CDN+ERN/H:3/RES,URBAN,2.0,1364917.0,240868.0,85.0,1820.0,1605783.0,434.0,21.0,910.0,750.0
STP,São Tomé and Príncipe,COM,ADO|ST|E,MUR+STRUB/LWAL/CDN+ERN/H:1/COM,TOTAL,1.0,117275.0,39091.0,0.0,168.0,156367.0,51.0,0.0,168.0,698.0
STP,São Tomé and Príncipe,RES,ADO|ST|E,MUR+STRUB/LWAL/CDN+ERN/H:1/RES,RURAL,74.0,1179373.0,208124.0,296.0,4368.0,1387497.0,1039.0,74.0,59.0,270.0
STP,São Tomé and Príncipe,RES,ADO|ST|E,MUR+STRUB/LWAL/CDN+ERN/H:2/RES,RURAL,70.0,1928529.0,340328.0,287.0,7143.0,2268857.0,1700.0,72.0,102.0,270.0
STP,São Tomé and Príncipe,IND,S,S+SL/LFM/CDL+ERL/H:1/IND,TOTAL,16.0,1955737.0,651913.0,0.0,3911.0,2607650.0,1335.0,0.0,244.0,500.0
STP,São Tomé and Príncipe,IND,S,S+SL/LFM/CDL+ERL/H:2/IND,TOTAL,6.0,1421527.0,473843.0,0.0,2843.0,1895368.0,971.0,0.0,474.0,500.0
STP,São Tomé and Príncipe,IND,S,S/LFM/CDL+ERL/H:1/IND,TOTAL,33.0,3576074.0,1192024.0,0.0,7152.0,4768100.0,2441.0,0.0,217.0,500.0
STP,São Tomé and Príncipe,IND,S,S/LFM/CDL+ERL/H:2/IND,TOTAL,9.0,2394337.0,798113.0,0.0,4789.0,3192448.0,1635.0,0.0,532.0,500.0
STP,São Tomé and Príncipe,RES,W,W+WWD/LWAL/CDN+ERM/H:1/RES,RURAL,2145.0,24462253.0,6115564.0,8590.0,128749.0,30577817.0,1719.0,2145.0,60.0,190.0
STP,São Tomé and Príncipe,RES,W,W+WWD/LWAL/CDN+ERM/H:1/RES,URBAN,5384.0,71067216.0,17766804.0,21557.0,323033.0,88834020.0,4313.0,5384.0,60.0,220.0
STP,São Tomé and Príncipe,RES,W,W+WWD/LWAL/CDN+ERM/H:2/RES,RURAL,898.0,17167236.0,4291810.0,3683.0,90354.0,21459043.0,1207.0,920.0,101.0,190.0
STP,São Tomé and Príncipe,RES,W,W+WWD/LWAL/CDN+ERM/H:2/RES,URBAN,2251.0,49874103.0,12468528.0,9239.0,226700.0,62342628.0,3029.0,2308.0,101.0,220.0
STP,São Tomé and Príncipe,COM,W,W/LWAL/CDL+ERM/H:1/COM,TOTAL,62.0,2725874.0,908624.0,0.0,8017.0,3634504.0,1531.0,0.0,129.0,340.0
STP,São Tomé and Príncipe,RES,W,W/LWAL/CDL+ERM/H:1/RES,RURAL,980.0,11182699.0,2795675.0,3925.0,58856.0,13978371.0,6225.0,980.0,60.0,190.0
STP,São Tomé and Príncipe,RES,W,W/LWAL/CDL+ERM/H:1/RES,URBAN,1430.0,18888310.0,4722077.0,5726.0,85856.0,23610386.0,9080.0,1430.0,60.0,220.0
STP,São Tomé and Príncipe,COM,W,W/LWAL/CDL+ERM/H:2/COM,TOTAL,30.0,2650967.0,883657.0,0.0,7797.0,3534620.0,1489.0,0.0,260.0,340.0
STP,São Tomé and Príncipe,RES,W,W/LWAL/CDL+ERM/H:2/RES,RURAL,957.0,18311655.0,4577915.0,3930.0,96377.0,22889570.0,10200.0,982.0,101.0,190.0
STP,São Tomé and Príncipe,RES,W,W/LWAL/CDL+ERM/H:2/RES,URBAN,1396.0,30929410.0,7732354.0,5731.0,140588.0,38661765.0,14878.0,1431.0,101.0,220.0
STP,São Tomé and Príncipe,COM,W,W/LWAL/CDL+ERM/H:3/COM,TOTAL,10.0,1402569.0,467523.0,0.0,4125.0,1870094.0,788.0,0.0,412.0,340.0
STP,São Tomé and Príncipe,RES,W,W/LWAL/CDL+ERM/H:3/RES,RURAL,382.0,10664153.0,2666039.0,1953.0,56127.0,13330195.0,5944.0,488.0,147.0,190.0
STP,São Tomé and Príncipe,RES,W,W/LWAL/CDL+ERM/H:3/RES,URBAN,558.0,18010432.0,4502608.0,2853.0,81866.0,22513042.0,8669.0,713.0,147.0,220.0
SEN,Senegal,COM,CR-,CR/LFINF/CDL+ERL/H:1/COM,TOTAL,880.0,56231650.0,9923233.0,0.0,114758.0,66154882.0,56854.0,0.0,130.0,490.0
SEN,Senegal,IND,CR-,CR/LFINF/CDL+ERL/H:1/IND,TOTAL,741.0,50438908.0,16812971.0,0.0,162706.0,67251877.0,80108.0,0.0,220.0,310.0
SEN,Senegal,RES,CR-,CR/LFINF/CDL+ERL/H:1/RES,URBAN,15773.0,283915715.0,50102774.0,137480.0,946386.0,334018488.0,324407.0,15773.0,60.0,300.0
SEN,Senegal,COM,CR-,CR/LFINF/CDL+ERL/H:2/COM,TOTAL,1546.0,196922358.0,34751008.0,0.0,401882.0,231673361.0,199257.0,0.0,260.0,490.0
SEN,Senegal,IND,CR-,CR/LFINF/CDL+ERL/H:2/IND,TOTAL,249.0,36681603.0,12227198.0,0.0,118328.0,48908807.0,58311.0,0.0,475.0,310.0
SEN,Senegal,RES,CR-,CR/LFINF/CDL+ERL/H:2/RES,URBAN,53828.0,1627191440.0,287151428.0,481180.0,5423971.0,1914342873.0,1860596.0,55204.0,101.0,300.0
SEN,Senegal,COM,CR-,CR/LFINF/CDL+ERL/H:3/COM,TOTAL,1026.0,227216368.0,40097000.0,0.0,463707.0,267313377.0,230090.0,0.0,452.0,490.0
SEN,Senegal,RES,CR-,CR/LFINF/CDL+ERL/H:3/RES,URBAN,43020.0,1899771200.0,335253738.0,481219.0,6332571.0,2235024945.0,2173839.0,55208.0,147.0,300.0
SEN,Senegal,COM,CR-,CR/LFINF/CDL+ERL/H:4-7/COM,TOTAL,262.0,155635296.0,27465053.0,0.0,317623.0,183100346.0,157973.0,0.0,1212.0,490.0
SEN,Senegal,RES,CR-,CR/LFINF/CDL+ERL/H:4-7/RES,URBAN,1970.0,567831775.0,100205609.0,206227.0,1892773.0,668037384.0,651153.0,23660.0,961.0,300.0
SEN,Senegal,COM,CR-,CR/LFINF/CDL+ERL/H:>7/COM,TOTAL,41.0,63264087.0,11164252.0,0.0,129110.0,74428340.0,64314.0,0.0,3149.0,490.0
SEN,Senegal,RES,CR-,CR/LFINF/CDL+ERL/H:>7/RES,URBAN,493.0,177447812.0,31314320.0,68747.0,591493.0,208762130.0,203778.0,7887.0,1200.0,300.0
SEN,Senegal,COM,CR-,CR/LWAL/CDL+ERL/H:1/COM,TOTAL,282.0,17870896.0,3153688.0,0.0,36471.0,21024585.0,19807.0,0.0,129.0,490.0
SEN,Senegal,IND,CR-,CR/LWAL/CDL+ERL/H:1/IND,TOTAL,231.0,15802206.0,5267401.0,0.0,50975.0,21069602.0,26546.0,0.0,221.0,310.0
SEN,Senegal,RES,CR-,CR/LWAL/CDL+ERL/H:1/RES,URBAN,5049.0,90860302.0,16034171.0,44012.0,302868.0,106894474.0,123305.0,5049.0,60.0,300.0
SEN,Senegal,COM,CR-,CR/LWAL/CDL+ERL/H:2/COM,TOTAL,492.0,63023894.0,11121864.0,0.0,128620.0,74145754.0,69907.0,0.0,261.0,490.0
SEN,Senegal,IND,CR-,CR/LWAL/CDL+ERL/H:2/IND,TOTAL,75.0,11364670.0,3788221.0,0.0,36660.0,15152895.0,19109.0,0.0,489.0,310.0
SEN,Senegal,RES,CR-,CR/LWAL/CDL+ERL/H:2/RES,URBAN,17224.0,520745895.0,91896338.0,153963.0,1735820.0,612642229.0,707219.0,17664.0,101.0,300.0
SEN,Senegal,COM,CR-,CR/LWAL/CDL+ERL/H:3/COM,TOTAL,326.0,72553855.0,12803618.0,0.0,148069.0,85357474.0,80543.0,0.0,454.0,490.0
SEN,Senegal,RES,CR-,CR/LWAL/CDL+ERL/H:3/RES,URBAN,13768.0,607979194.0,107290447.0,153984.0,2026597.0,715269641.0,826301.0,17666.0,147.0,300.0
SEN,Senegal,COM,CR-,CR/LWAL/CDL+ERL/H:4-7/COM,TOTAL,82.0,47353740.0,8356541.0,0.0,96640.0,55710282.0,52694.0,0.0,1179.0,490.0
SEN,Senegal,RES,CR-,CR/LWAL/CDL+ERL/H:4-7/RES,URBAN,630.0,181721052.0,32068422.0,66001.0,605737.0,213789469.0,247524.0,7572.0,961.0,300.0
SEN,Senegal,COM,CR-,CR/LWAL/CDL+ERL/H:>7/COM,TOTAL,12.0,16012119.0,2825667.0,0.0,32678.0,18837786.0,17847.0,0.0,2723.0,490.0
SEN,Senegal,RES,CR-,CR/LWAL/CDL+ERL/H:>7/RES,URBAN,158.0,56787840.0,10021383.0,21980.0,189293.0,66809224.0,77466.0,2522.0,1198.0,300.0
SEN,Senegal,RES,OT,INF/LN/CDN+ERN/H:1/EWV/RES,URBAN,12916.0,123989240.0,21880455.0,112579.0,774933.0,145869692.0,10346.0,12916.0,60.0,160.0
SEN,Senegal,RES,OT,INF/LN/CDN+ERN/H:1/EWV/RES,RURAL,157790.0,1325442817.0,233901672.0,1375358.0,9467449.0,1559344488.0,126402.0,157790.0,60.0,140.0
SEN,Senegal,RES,OT,MATO/LN/CDN+ERN/H:1/RES,RURAL,10411.0,87442342.0,15431003.0,90746.0,624588.0,102873344.0,286973.0,10411.0,60.0,140.0
SEN,Senegal,RES,OT,MATO/LN/CDN+ERN/H:1/RES,URBAN,2691.0,25830912.0,4558397.0,23457.0,161443.0,30389307.0,74177.0,2691.0,60.0,160.0
SEN,Senegal,COM,MR|MCF,MCF+CB/LWAL/CDL+ERL/H:1/COM,TOTAL,3814.0,243081822.0,60770456.0,0.0,496085.0,303852280.0,276337.0,0.0,130.0,490.0
SEN,Senegal,IND,MR|MCF,MCF+CB/LWAL/CDL+ERL/H:1/IND,TOTAL,693.0,47406543.0,15802186.0,0.0,152924.0,63208719.0,85473.0,0.0,221.0,310.0
SEN,Senegal,RES,MR|MCF,MCF+CB/LWAL/CDL+ERL/H:1/RES,URBAN,68146.0,1226620062.0,216462362.0,593986.0,4088734.0,1443082427.0,1607772.0,68146.0,60.0,300.0
SEN,Senegal,COM,MR|MCF,MCF+CB/LWAL/CDL+ERL/H:2/COM,TOTAL,1906.0,243077554.0,60769390.0,0.0,496077.0,303846939.0,276545.0,0.0,260.0,490.0
SEN,Senegal,IND,MR|MCF,MCF+CB/LWAL/CDL+ERL/H:2/IND,TOTAL,231.0,34477104.0,11492370.0,0.0,111216.0,45969475.0,62216.0,0.0,481.0,310.0
SEN,Senegal,RES,MR|MCF,MCF+CB/LWAL/CDL+ERL/H:2/RES,URBAN,66443.0,2008591900.0,354457395.0,594015.0,6695306.0,2363049294.0,2634551.0,68149.0,101.0,300.0
SEN,Senegal,COM,MR|MCF,MCF+CB/LWAL/CDL+ERL/H:3-6/COM,TOTAL,170.0,72615941.0,18153985.0,0.0,148196.0,90769927.0,82741.0,0.0,872.0,490.0
SEN,Senegal,RES,MR|MCF,MCF+CB/LWAL/CDL+ERL/H:3-6/RES,URBAN,1895.0,386157783.0,68145491.0,132000.0,1287193.0,454303273.0,507201.0,15144.0,679.0,300.0
SEN,Senegal,COM,MR|MCF,MCF+CL/LWAL/CDL+ERL/H:1/COM,TOTAL,154.0,9823802.0,2455953.0,0.0,20049.0,12279757.0,9933.0,0.0,130.0,490.0
SEN,Senegal,IND,MR|MCF,MCF+CL/LWAL/CDL+ERL/H:1/IND,TOTAL,51.0,2835029.0,945012.0,0.0,9145.0,3780042.0,4503.0,0.0,179.0,310.0
SEN,Senegal,RES,MR|MCF,MCF+CL/LWAL/CDL+ERL/H:1/RES,URBAN,2836.0,51000175.0,9000031.0,24715.0,170001.0,60000205.0,58274.0,2836.0,60.0,300.0
SEN,Senegal,COM,MR|MCF,MCF+CL/LWAL/CDL+ERL/H:2/COM,TOTAL,82.0,9935337.0,2483832.0,0.0,20276.0,12419173.0,10053.0,0.0,247.0,490.0
SEN,Senegal,IND,MR|MCF,MCF+CL/LWAL/CDL+ERL/H:2/IND,TOTAL,7.0,820555.0,273519.0,0.0,2647.0,1094070.0,1304.0,0.0,378.0,310.0
SEN,Senegal,RES,MR|MCF,MCF+CL/LWAL/CDL+ERL/H:2/RES,URBAN,2763.0,83513270.0,14737635.0,24684.0,278378.0,98250905.0,95492.0,2832.0,101.0,300.0
SEN,Senegal,COM,MR|MCF,MCF+CL/LWAL/CDL+ERL/H:3-6/COM,TOTAL,4.0,1313702.0,328426.0,0.0,2681.0,1642128.0,1331.0,0.0,670.0,490.0
SEN,Senegal,RES,MR|MCF,MCF+CL/LWAL/CDL+ERL/H:3-6/RES,URBAN,75.0,15832015.0,2793883.0,5413.0,52773.0,18625901.0,18129.0,621.0,704.0,300.0
SEN,Senegal,RES,OT,ME+MEO/LWAL/CDN+ERM/H:1/RES,URBAN,2691.0,25830912.0,4558397.0,23457.0,161443.0,30389307.0,6299.0,2691.0,60.0,160.0
SEN,Senegal,RES,OT,ME+MEO/LWAL/CDN+ERM/H:1/RES,RURAL,10411.0,87442342.0,15431003.0,90746.0,624588.0,102873344.0,24371.0,10411.0,60.0,140.0
SEN,Senegal,COM,ADO|ST|E,MUR+ADO/LWAL/CDN+ERN/H:1/COM,TOTAL,6677.0,156246988.0,52082327.0,0.0,868039.0,208329327.0,73663.0,0.0,130.0,180.0
SEN,Senegal,RES,ADO|ST|E,MUR+ADO/LWAL/CDN+ERN/H:1/RES,RURAL,112034.0,537770836.0,94900734.0,976534.0,6722135.0,632671572.0,412888.0,112034.0,60.0,80.0
SEN,Senegal,RES,ADO|ST|E,MUR+ADO/LWAL/CDN+ERN/H:1/RES,URBAN,6978.0,58618604.0,10344459.0,60820.0,418704.0,68963067.0,25718.0,6978.0,60.0,140.0
SEN,Senegal,COM,ADO|ST|E,MUR+ADO/LWAL/CDN+ERN/H:2/COM,TOTAL,3335.0,156234259.0,52078085.0,0.0,867968.0,208312346.0,73870.0,0.0,260.0,180.0
SEN,Senegal,RES,ADO|ST|E,MUR+ADO/LWAL/CDN+ERN/H:2/RES,RURAL,109235.0,880599434.0,155399900.0,976541.0,11007493.0,1035999333.0,677891.0,112035.0,101.0,80.0
SEN,Senegal,RES,ADO|ST|E,MUR+ADO/LWAL/CDN+ERN/H:2/RES,URBAN,6804.0,95988331.0,16939115.0,60832.0,685631.0,112927446.0,42224.0,6979.0,101.0,140.0
SEN,Senegal,COM,ADO|ST|E,MUR+ADO/LWAL/CDN+ERN/H:3/COM,TOTAL,137.0,21463753.0,7154584.0,0.0,119243.0,28618338.0,10178.0,0.0,870.0,180.0
SEN,Senegal,RES,ADO|ST|E,MUR+ADO/LWAL/CDN+ERN/H:3/RES,RURAL,1470.0,80193897.0,14151866.0,102782.0,1002424.0,94345758.0,61896.0,11792.0,682.0,80.0
SEN,Senegal,RES,ADO|ST|E,MUR+ADO/LWAL/CDN+ERN/H:3/RES,URBAN,91.0,8619718.0,1521126.0,6331.0,61569.0,10140848.0,3802.0,726.0,677.0,140.0
SEN,Senegal,COM,MUR,MUR+CB/LWAL/CDN+ERN/H:1/COM,TOTAL,32972.0,1542865399.0,385716352.0,0.0,4285737.0,1928581757.0,3612488.0,0.0,130.0,360.0
SEN,Senegal,IND,MUR,MUR+CB/LWAL/CDN+ERN/H:1/IND,TOTAL,5885.0,388185424.0,129395138.0,0.0,1293951.0,517580566.0,1040853.0,0.0,220.0,300.0
SEN,Senegal,RES,MUR,MUR+CB/LWAL/CDN+ERN/H:1/RES,RURAL,276904.0,2990530024.0,527740593.0,2413601.0,16614056.0,3518270618.0,10776058.0,276904.0,60.0,180.0
SEN,Senegal,RES,MUR,MUR+CB/LWAL/CDN+ERN/H:1/RES,URBAN,311702.0,5610653584.0,990115339.0,2716922.0,18702179.0,6600768919.0,12130437.0,311702.0,60.0,300.0
SEN,Senegal,COM,MUR,MUR+CB/LWAL/CDN+ERN/H:2/COM,TOTAL,16484.0,1542865702.0,385716426.0,0.0,4285738.0,1928582128.0,3614423.0,0.0,260.0,360.0
SEN,Senegal,IND,MUR,MUR+CB/LWAL/CDN+ERN/H:2/IND,TOTAL,1966.0,282315235.0,94105081.0,0.0,941051.0,376420324.0,757411.0,0.0,479.0,300.0
SEN,Senegal,RES,MUR,MUR+CB/LWAL/CDN+ERN/H:2/RES,URBAN,303911.0,9187445243.0,1621313867.0,2716925.0,30624817.0,10808759111.0,19873357.0,311703.0,101.0,300.0
SEN,Senegal,RES,MUR,MUR+CB/LWAL/CDN+ERN/H:2/RES,RURAL,269977.0,4896993501.0,864175326.0,2413594.0,27205519.0,5761168823.0,17654473.0,276903.0,101.0,180.0
SEN,Senegal,COM,MUR,MUR+CB/LWAL/CDN+ERN/H:3/COM,TOTAL,696.0,224329656.0,56082415.0,0.0,623138.0,280412069.0,525811.0,0.0,895.0,360.0
SEN,Senegal,RES,MUR,MUR+CB/LWAL/CDN+ERN/H:3/RES,URBAN,4105.0,836676276.0,147648754.0,285977.0,2788921.0,984325025.0,1810703.0,32809.0,679.0,300.0
SEN,Senegal,RES,MUR,MUR+CB/LWAL/CDN+ERN/H:3/RES,RURAL,3641.0,445956555.0,78698213.0,254069.0,2477536.0,524654767.0,1608537.0,29149.0,680.0,180.0
SEN,Senegal,COM,MUR,MUR+CL/LWAL/CDN+ERN/H:1/COM,TOTAL,2686.0,125755708.0,31438927.0,0.0,349321.0,157194633.0,217476.0,0.0,130.0,360.0
SEN,Senegal,IND,MUR,MUR+CL/LWAL/CDN+ERN/H:1/IND,TOTAL,1770.0,117006370.0,39002124.0,0.0,390021.0,156008498.0,224735.0,0.0,220.0,300.0
SEN,Senegal,RES,MUR,MUR+CL/LWAL/CDN+ERN/H:1/RES,URBAN,6978.0,125611300.0,22166700.0,60820.0,418704.0,147777997.0,192378.0,6978.0,60.0,300.0
SEN,Senegal,RES,MUR,MUR+CL/LWAL/CDN+ERN/H:1/RES,RURAL,37343.0,403328534.0,71175625.0,325501.0,2240714.0,474504160.0,1029518.0,37343.0,60.0,180.0
SEN,Senegal,COM,MUR,MUR+CL/LWAL/CDN+ERN/H:2/COM,TOTAL,1341.0,125728615.0,31432156.0,0.0,349246.0,157160769.0,217552.0,0.0,260.0,360.0
SEN,Senegal,IND,MUR,MUR+CL/LWAL/CDN+ERN/H:2/IND,TOTAL,587.0,84044663.0,28014889.0,0.0,280149.0,112059549.0,161523.0,0.0,477.0,300.0
SEN,Senegal,RES,MUR,MUR+CL/LWAL/CDN+ERN/H:2/RES,RURAL,36412.0,660449320.0,116549883.0,325507.0,3669163.0,776999200.0,1686733.0,37344.0,101.0,180.0
SEN,Senegal,RES,MUR,MUR+CL/LWAL/CDN+ERN/H:2/RES,URBAN,6804.0,205689279.0,36298107.0,60832.0,685631.0,241987385.0,315188.0,6979.0,101.0,300.0
SEN,Senegal,COM,MUR,MUR+CL/LWAL/CDN+ERN/H:3/COM,TOTAL,49.0,15161498.0,3790372.0,0.0,42115.0,18951871.0,26249.0,0.0,859.0,360.0
SEN,Senegal,RES,MUR,MUR+CL/LWAL/CDN+ERN/H:3/RES,RURAL,488.0,60145290.0,10613875.0,34276.0,334141.0,70759166.0,153688.0,3932.0,685.0,180.0
SEN,Senegal,RES,MUR,MUR+CL/LWAL/CDN+ERN/H:3/RES,URBAN,91.0,18470827.0,3259558.0,6331.0,61569.0,21730385.0,28319.0,726.0,677.0,300.0
SEN,Senegal,IND,S,S+SL/LFM/CDL+ERL/H:1/IND,TOTAL,1716.0,116661787.0,38887263.0,0.0,376328.0,155549039.0,128435.0,0.0,219.0,310.0
SEN,Senegal,IND,S,S+SL/LFM/CDL+ERL/H:2/IND,TOTAL,563.0,84667061.0,28222351.0,0.0,273120.0,112889424.0,93273.0,0.0,485.0,310.0
SEN,Senegal,IND,S,S/LFM/CDL+ERL/H:1/IND,TOTAL,1633.0,111460511.0,37153503.0,0.0,359550.0,148614012.0,122709.0,0.0,220.0,310.0
SEN,Senegal,IND,S,S/LFM/CDL+ERL/H:2/IND,TOTAL,539.0,80867167.0,26955717.0,0.0,260862.0,107822887.0,89087.0,0.0,484.0,310.0
SEN,Senegal,RES,W,W+WWD/LWAL/CDN+ERM/H:1/RES,URBAN,2634.0,50627978.0,12656995.0,22961.0,158212.0,63284973.0,2112.0,2634.0,60.0,320.0
SEN,Senegal,RES,W,W+WWD/LWAL/CDN+ERM/H:1/RES,RURAL,6520.0,70413801.0,17603450.0,56829.0,391188.0,88017251.0,5223.0,6520.0,60.0,180.0
SEN,Senegal,RES,W,W+WWD/LWAL/CDN+ERM/H:2/RES,URBAN,1102.0,35514646.0,8878664.0,9856.0,110983.0,44393308.0,1483.0,1131.0,101.0,320.0
SEN,Senegal,RES,W,W+WWD/LWAL/CDN+ERM/H:2/RES,RURAL,2724.0,49415544.0,12353888.0,24345.0,274531.0,61769432.0,3668.0,2793.0,101.0,180.0
SEN,Senegal,COM,W,W/LWAL/CDL+ERM/H:1/COM,TOTAL,554.0,24571473.0,8190491.0,0.0,72269.0,32761969.0,13796.0,0.0,130.0,340.0
SEN,Senegal,RES,W,W/LWAL/CDL+ERM/H:1/RES,RURAL,3726.0,40236527.0,10059130.0,32481.0,223536.0,50295654.0,23642.0,3726.0,60.0,180.0
SEN,Senegal,RES,W,W/LWAL/CDL+ERM/H:1/RES,URBAN,1506.0,28930387.0,7232597.0,13124.0,90407.0,36162984.0,9562.0,1506.0,60.0,320.0
SEN,Senegal,COM,W,W/LWAL/CDL+ERM/H:2/COM,TOTAL,277.0,24606024.0,8202009.0,0.0,72371.0,32808036.0,13822.0,0.0,261.0,340.0
SEN,Senegal,RES,W,W/LWAL/CDL+ERM/H:2/RES,RURAL,3631.0,65887264.0,16471815.0,32501.0,366040.0,82359077.0,38738.0,3729.0,101.0,180.0
SEN,Senegal,RES,W,W/LWAL/CDL+ERM/H:2/RES,URBAN,1468.0,47352188.0,11838048.0,13121.0,147976.0,59190240.0,15660.0,1505.0,101.0,320.0
SEN,Senegal,COM,W,W/LWAL/CDL+ERM/H:3/COM,TOTAL,86.0,12583974.0,4194660.0,0.0,37012.0,16778631.0,7072.0,0.0,430.0,340.0
SEN,Senegal,RES,W,W/LWAL/CDL+ERM/H:3/RES,RURAL,1451.0,38432465.0,9608113.0,16262.0,213514.0,48040573.0,22610.0,1866.0,147.0,180.0
SEN,Senegal,RES,W,W/LWAL/CDL+ERM/H:3/RES,URBAN,585.0,27090635.0,6772659.0,6344.0,84658.0,33863291.0,8965.0,728.0,145.0,320.0
SYC,Seychelles,RES,CR-,CR/LFINF/CDL+ERL/H:1/RES,URBAN,96.0,3883642.0,970911.0,366.0,5628.0,4854552.0,1929.0,96.0,59.0,690.0
SYC,Seychelles,RES,CR-,CR/LFINF/CDL+ERL/H:2/RES,URBAN,309.0,21597151.0,5399287.0,1180.0,31300.0,26996437.0,10737.0,309.0,101.0,690.0
SYC,Seychelles,RES,CR-,CR/LFINF/CDL+ERL/H:3/RES,URBAN,257.0,23835875.0,5958968.0,1091.0,34545.0,29794840.0,11859.0,286.0,134.0,690.0
SYC,Seychelles,RES,CR-,CR/LFINF/CDL+ERL/H:4-7/RES,URBAN,1.0,345388.0,86347.0,23.0,501.0,431735.0,172.0,6.0,501.0,689.0
SYC,Seychelles,RES,OT,INF/LN/CDN+ERN/H:1/EWV/RES,URBAN,429.0,8471927.0,2117983.0,1636.0,25673.0,10589910.0,2799.0,429.0,60.0,330.0
SYC,Seychelles,RES,OT,INF/LN/CDN+ERN/H:1/EWV/RES,RURAL,2088.0,22547359.0,5636839.0,7966.0,125263.0,28184199.0,13655.0,2088.0,60.0,180.0
SYC,Seychelles,RES,OT,MATO/LN/CDN+ERN/H:1/RES,URBAN,429.0,8473535.0,2118385.0,1636.0,25677.0,10591922.0,11903.0,429.0,60.0,330.0
SYC,Seychelles,RES,OT,MATO/LN/CDN+ERN/H:1/RES,RURAL,294.0,3221289.0,805323.0,1122.0,17896.0,4026612.0,8296.0,294.0,61.0,180.0
SYC,Seychelles,COM,MR|MCF,MCF+CB/LWAL/CDL+ERL/H:1/COM,TOTAL,18.0,1079905.0,190573.0,0.0,1384.0,1270475.0,771.0,0.0,77.0,780.0
SYC,Seychelles,RES,MR|MCF,MCF+CB/LWAL/CDL+ERL/H:1/RES,URBAN,294.0,12355269.0,2180341.0,1122.0,17906.0,14535612.0,7041.0,294.0,61.0,690.0
SYC,Seychelles,RES,MR|MCF,MCF+CB/LWAL/CDL+ERL/H:2/RES,URBAN,286.0,19562439.0,3452196.0,1093.0,28351.0,23014635.0,11156.0,286.0,99.0,690.0
SYC,Seychelles,RES,MR|MCF,MCF+CL/LWAL/CDL+ERL/H:1/RES,URBAN,129.0,5182901.0,914627.0,492.0,7511.0,6097528.0,2575.0,129.0,58.0,690.0
SYC,Seychelles,RES,MR|MCF,MCF+CL/LWAL/CDL+ERL/H:2/RES,URBAN,116.0,8173868.0,1442447.0,445.0,11846.0,9616315.0,4064.0,116.0,102.0,690.0
SYC,Seychelles,RES,OT,ME+MEO/LWAL/CDN+ERM/H:1/RES,URBAN,1710.0,33891529.0,8472881.0,6524.0,102702.0,42364413.0,37859.0,1710.0,60.0,330.0
SYC,Seychelles,RES,OT,ME+MEO/LWAL/CDN+ERM/H:1/RES,RURAL,742.0,8051931.0,2012983.0,2829.0,44733.0,10064914.0,16490.0,742.0,60.0,180.0
SYC,Seychelles,COM,ADO|ST|E,MUR+ADO/LWAL/CDN+ERN/H:1/COM,TOTAL,241.0,14994933.0,3748728.0,0.0,31239.0,18743661.0,19441.0,0.0,130.0,480.0
SYC,Seychelles,RES,ADO|ST|E,MUR+ADO/LWAL/CDN+ERN/H:1/RES,RURAL,1346.0,27454746.0,4844956.0,5135.0,80749.0,32299701.0,37431.0,1346.0,60.0,340.0
SYC,Seychelles,RES,ADO|ST|E,MUR+ADO/LWAL/CDN+ERN/H:1/RES,URBAN,2338.0,81347469.0,14355436.0,8919.0,140254.0,95702903.0,65014.0,2338.0,60.0,580.0
SYC,Seychelles,COM,ADO|ST|E,MUR+ADO/LWAL/CDN+ERN/H:2/COM,TOTAL,124.0,14138598.0,3534649.0,0.0,29455.0,17673241.0,18342.0,0.0,238.0,480.0
SYC,Seychelles,RES,ADO|ST|E,MUR+ADO/LWAL/CDN+ERN/H:2/RES,RURAL,1314.0,44917699.0,7926654.0,5123.0,132111.0,52844354.0,61274.0,1343.0,101.0,340.0
SYC,Seychelles,RES,ADO|ST|E,MUR+ADO/LWAL/CDN+ERN/H:2/RES,URBAN,2281.0,133186159.0,23503441.0,8903.0,229631.0,156689601.0,106504.0,2334.0,101.0,580.0
SYC,Seychelles,RES,ADO|ST|E,MUR+ADO/LWAL/CDN+ERN/H:3/RES,URBAN,8.0,1933821.0,341263.0,154.0,3334.0,2275083.0,1547.0,41.0,417.0,580.0
SYC,Seychelles,COM,MUR,MUR+CB/LWAL/CDN+ERN/H:1/COM,TOTAL,192.0,15893921.0,3973482.0,0.0,24834.0,19867401.0,18176.0,0.0,129.0,640.0
SYC,Seychelles,IND,MUR,MUR+CB/LWAL/CDN+ERN/H:1/IND,TOTAL,131.0,13694108.0,4564704.0,0.0,25838.0,18258803.0,17725.0,0.0,197.0,530.0
SYC,Seychelles,RES,MUR,MUR+CB/LWAL/CDN+ERN/H:1/RES,RURAL,494.0,16360737.0,2887188.0,1883.0,29747.0,19247928.0,16475.0,494.0,60.0,550.0
SYC,Seychelles,RES,MUR,MUR+CB/LWAL/CDN+ERN/H:1/RES,URBAN,2519.0,98301573.0,17347337.0,9611.0,151233.0,115648908.0,83761.0,2519.0,60.0,650.0
SYC,Seychelles,COM,MUR,MUR+CB/LWAL/CDN+ERN/H:2/COM,TOTAL,80.0,13513559.0,3378390.0,0.0,21115.0,16891945.0,15463.0,0.0,264.0,640.0
SYC,Seychelles,IND,MUR,MUR+CB/LWAL/CDN+ERN/H:2/IND,TOTAL,9.0,1366996.0,455665.0,0.0,2579.0,1822660.0,1770.0,0.0,287.0,530.0
SYC,Seychelles,RES,MUR,MUR+CB/LWAL/CDN+ERN/H:2/RES,URBAN,2462.0,160942353.0,28401590.0,9636.0,247604.0,189343946.0,137209.0,2526.0,101.0,650.0
SYC,Seychelles,RES,MUR,MUR+CB/LWAL/CDN+ERN/H:2/RES,RURAL,475.0,25991237.0,4586688.0,1813.0,47257.0,30577922.0,26187.0,475.0,99.0,550.0
SYC,Seychelles,RES,MUR,MUR+CB/LWAL/CDN+ERN/H:3/RES,URBAN,23.0,5676464.0,1001728.0,377.0,8733.0,6678195.0,4842.0,100.0,380.0,650.0
SYC,Seychelles,COM,MUR,MUR+CL/LWAL/CDN+ERN/H:1/COM,TOTAL,104.0,7969220.0,1992307.0,0.0,12452.0,9961524.0,7749.0,0.0,120.0,640.0
SYC,Seychelles,IND,MUR,MUR+CL/LWAL/CDN+ERN/H:1/IND,TOTAL,81.0,5613255.0,1871086.0,0.0,10591.0,7484335.0,6157.0,0.0,131.0,530.0
SYC,Seychelles,RES,MUR,MUR+CL/LWAL/CDN+ERN/H:1/RES,URBAN,1058.0,41224017.0,7274826.0,4035.0,63422.0,48498846.0,29399.0,1058.0,60.0,650.0
SYC,Seychelles,RES,MUR,MUR+CL/LWAL/CDN+ERN/H:1/RES,RURAL,494.0,16360738.0,2887189.0,1883.0,29747.0,19247927.0,13789.0,494.0,60.0,550.0
SYC,Seychelles,COM,MUR,MUR+CL/LWAL/CDN+ERN/H:2/COM,TOTAL,34.0,3439602.0,859902.0,0.0,5374.0,4299508.0,3347.0,0.0,158.0,640.0
SYC,Seychelles,RES,MUR,MUR+CL/LWAL/CDN+ERN/H:2/RES,URBAN,1037.0,67405469.0,11895081.0,4005.0,103701.0,79300553.0,48097.0,1050.0,100.0,650.0
SYC,Seychelles,RES,MUR,MUR+CL/LWAL/CDN+ERN/H:2/RES,RURAL,475.0,25991238.0,4586689.0,1813.0,47257.0,30577923.0,21918.0,475.0,99.0,550.0
SYC,Seychelles,COM,ADO|ST|E,MUR+STDRE/LWAL/CDN+ERN/H:1/COM,TOTAL,50.0,5291503.0,1322876.0,0.0,5879.0,6614380.0,3659.0,0.0,118.0,900.0
SYC,Seychelles,IND,ADO|ST|E,MUR+STDRE/LWAL/CDN+ERN/H:1/IND,TOTAL,9.0,746060.0,248686.0,0.0,1130.0,994748.0,657.0,0.0,126.0,660.0
SYC,Seychelles,RES,ADO|ST|E,MUR+STDRE/LWAL/CDN+ERN/H:1/RES,URBAN,814.0,33174612.0,5854344.0,3105.0,48786.0,39028952.0,22615.0,814.0,60.0,680.0
SYC,Seychelles,COM,ADO|ST|E,MUR+STDRE/LWAL/CDN+ERN/H:2/COM,TOTAL,6.0,873304.0,218324.0,0.0,970.0,1091628.0,604.0,0.0,162.0,900.0
SYC,Seychelles,RES,ADO|ST|E,MUR+STDRE/LWAL/CDN+ERN/H:2/RES,URBAN,798.0,53840474.0,9501261.0,3053.0,79177.0,63341733.0,36723.0,800.0,99.0,680.0
SYC,Seychelles,COM,ADO|ST|E,MUR+STRUB/LWAL/CDN+ERN/H:1/COM,TOTAL,61.0,6248376.0,1562097.0,0.0,6943.0,7810468.0,4321.0,0.0,114.0,900.0
SYC,Seychelles,IND,ADO|ST|E,MUR+STRUB/LWAL/CDN+ERN/H:1/IND,TOTAL,69.0,8427029.0,2809009.0,0.0,12768.0,11236032.0,7422.0,0.0,185.0,660.0
SYC,Seychelles,RES,ADO|ST|E,MUR+STRUB/LWAL/CDN+ERN/H:1/RES,RURAL,778.0,36461308.0,6434350.0,2970.0,46745.0,42895659.0,21669.0,778.0,60.0,780.0
SYC,Seychelles,COM,ADO|ST|E,MUR+STRUB/LWAL/CDN+ERN/H:2/COM,TOTAL,18.0,2514586.0,628644.0,0.0,2794.0,3143230.0,1740.0,0.0,155.0,900.0
SYC,Seychelles,RES,ADO|ST|E,MUR+STRUB/LWAL/CDN+ERN/H:2/RES,RURAL,763.0,59179541.0,10443446.0,2917.0,75871.0,69622992.0,35190.0,765.0,99.0,780.0
SYC,Seychelles,IND,S,S+SL/LFM/CDL+ERL/H:1/IND,TOTAL,32.0,2979300.0,1276842.0,0.0,4256.0,4256148.0,1453.0,0.0,133.0,700.0
SYC,Seychelles,IND,S,S/LFM/CDL+ERL/H:1/IND,TOTAL,64.0,6986234.0,2994099.0,0.0,9980.0,9980340.0,3406.0,0.0,156.0,700.0
SYC,Seychelles,RES,W,W+WWD/LWAL/CDN+ERM/H:1/RES,RURAL,2742.0,90419716.0,22604928.0,10457.0,164399.0,113024640.0,17388.0,2742.0,60.0,550.0
SYC,Seychelles,RES,W,W+WWD/LWAL/CDN+ERM/H:1/RES,URBAN,1458.0,56952679.0,14238173.0,5561.0,87620.0,71190851.0,9267.0,1458.0,60.0,650.0
SYC,Seychelles,RES,W,W+WWD/LWAL/CDN+ERM/H:2/RES,RURAL,1146.0,63367910.0,15841978.0,4465.0,115214.0,79209893.0,12193.0,1171.0,101.0,550.0
SYC,Seychelles,RES,W,W+WWD/LWAL/CDN+ERM/H:2/RES,URBAN,598.0,38859235.0,9714809.0,2283.0,59783.0,48574044.0,6327.0,598.0,100.0,650.0
SYC,Seychelles,COM,W,W/LWAL/CDL+ERM/H:1/COM,TOTAL,225.0,21090683.0,7030228.0,0.0,28501.0,28120918.0,5441.0,0.0,127.0,740.0
SYC,Seychelles,RES,W,W/LWAL/CDL+ERM/H:1/RES,RURAL,527.0,17225144.0,4306285.0,2008.0,31318.0,21531425.0,3312.0,527.0,59.0,550.0
SYC,Seychelles,RES,W,W/LWAL/CDL+ERM/H:1/RES,URBAN,282.0,10847937.0,2711985.0,1076.0,16689.0,13559921.0,1765.0,282.0,59.0,650.0
SYC,Seychelles,COM,W,W/LWAL/CDL+ERM/H:2/COM,TOTAL,111.0,19111127.0,6370376.0,0.0,25826.0,25481503.0,4933.0,0.0,233.0,740.0
SYC,Seychelles,RES,W,W/LWAL/CDL+ERM/H:2/RES,RURAL,496.0,27359670.0,6839917.0,1891.0,49745.0,34199586.0,5265.0,496.0,100.0,550.0
SYC,Seychelles,RES,W,W/LWAL/CDL+ERM/H:2/RES,URBAN,259.0,17174671.0,4293668.0,986.0,26423.0,21468342.0,2796.0,259.0,102.0,650.0
SYC,Seychelles,COM,W,W/LWAL/CDL+ERM/H:3/COM,TOTAL,27.0,7477023.0,2492342.0,0.0,10104.0,9969362.0,1931.0,0.0,374.0,740.0
SYC,Seychelles,RES,W,W/LWAL/CDL+ERM/H:3/RES,RURAL,198.0,14175237.0,3543809.0,806.0,25773.0,17719044.0,2729.0,212.0,130.0,550.0
SYC,Seychelles,RES,W,W/LWAL/CDL+ERM/H:3/RES,URBAN,100.0,8193674.0,2048418.0,384.0,12606.0,10242097.0,1335.0,100.0,126.0,650.0
SLE,Sierra Leone,COM,CR-,CR/LFINF/CDL+ERL/H:1/COM,TOTAL,346.0,15752483.0,2779849.0,0.0,45007.0,18532335.0,22298.0,0.0,130.0,350.0
SLE,Sierra Leone,IND,CR-,CR/LFINF/CDL+ERL/H:1/IND,TOTAL,289.0,22256922.0,7418974.0,0.0,63591.0,29675895.0,31309.0,0.0,220.0,350.0
SLE,Sierra Leone,RES,CR-,CR/LFINF/CDL+ERL/H:1/RES,URBAN,4192.0,55342153.0,9766262.0,23695.0,251555.0,65108414.0,86229.0,4192.0,60.0,220.0
SLE,Sierra Leone,COM,CR-,CR/LFINF/CDL+ERL/H:2/COM,TOTAL,606.0,55143003.0,9731118.0,0.0,157551.0,64874123.0,78116.0,0.0,260.0,350.0
SLE,Sierra Leone,IND,CR-,CR/LFINF/CDL+ERL/H:2/IND,TOTAL,98.0,16180641.0,5393546.0,0.0,46230.0,21574184.0,22782.0,0.0,472.0,350.0
SLE,Sierra Leone,RES,CR-,CR/LFINF/CDL+ERL/H:2/RES,URBAN,14306.0,317180268.0,55972990.0,82938.0,1441728.0,373153259.0,494559.0,14674.0,101.0,220.0
SLE,Sierra Leone,COM,CR-,CR/LFINF/CDL+ERL/H:3/COM,TOTAL,401.0,63626092.0,11228134.0,0.0,181789.0,74854227.0,90203.0,0.0,453.0,350.0
SLE,Sierra Leone,RES,CR-,CR/LFINF/CDL+ERL/H:3/RES,URBAN,11436.0,370308165.0,65348499.0,82935.0,1683219.0,435656664.0,577814.0,14673.0,147.0,220.0
SLE,Sierra Leone,COM,CR-,CR/LFINF/CDL+ERL/H:4-7/COM,TOTAL,101.0,43629579.0,7699338.0,0.0,124656.0,51328916.0,61999.0,0.0,1234.0,350.0
SLE,Sierra Leone,RES,CR-,CR/LFINF/CDL+ERL/H:4-7/RES,URBAN,523.0,110684817.0,19532614.0,35543.0,503113.0,130217432.0,173081.0,6288.0,962.0,220.0
SLE,Sierra Leone,COM,CR-,CR/LFINF/CDL+ERL/H:>7/COM,TOTAL,15.0,17451752.0,3079721.0,0.0,49862.0,20531473.0,24838.0,0.0,3324.0,350.0
SLE,Sierra Leone,RES,CR-,CR/LFINF/CDL+ERL/H:>7/RES,URBAN,131.0,34589117.0,6103961.0,11840.0,157223.0,40693077.0,54166.0,2095.0,1200.0,220.0
SLE,Sierra Leone,RES,ADO|ST|E,E+ETO/LWAL/CDN+ERN/H:1/RES,URBAN,22276.0,106922306.0,18868643.0,125904.0,1336529.0,125790949.0,119413.0,22276.0,60.0,80.0
SLE,Sierra Leone,RES,ADO|ST|E,E+ETO/LWAL/CDN+ERN/H:1/RES,RURAL,60534.0,217923697.0,38457123.0,342141.0,3632062.0,256380820.0,324510.0,60534.0,60.0,60.0
SLE,Sierra Leone,RES,OT,INF/LN/CDN+ERN/H:1/EWV/RES,RURAL,335.0,1004094.0,177192.0,1893.0,20082.0,1181288.0,268.0,335.0,60.0,50.0
SLE,Sierra Leone,RES,OT,MATO/LN/CDN+ERN/H:1/RES,RURAL,4196.0,12587006.0,2221236.0,23713.0,251740.0,14808242.0,115664.0,4196.0,60.0,50.0
SLE,Sierra Leone,RES,OT,MATO/LN/CDN+ERN/H:1/RES,URBAN,4009.0,24045443.0,4243312.0,22660.0,240454.0,28288755.0,110479.0,4009.0,60.0,100.0
SLE,Sierra Leone,COM,MR|MCF,MCF+CB/LWAL/CDL+ERL/H:1/COM,TOTAL,625.0,28635018.0,7158755.0,0.0,81814.0,35793775.0,45574.0,0.0,131.0,350.0
SLE,Sierra Leone,IND,MR|MCF,MCF+CB/LWAL/CDL+ERL/H:1/IND,TOTAL,119.0,8990730.0,2996910.0,0.0,25688.0,11987640.0,14358.0,0.0,216.0,350.0
SLE,Sierra Leone,RES,MR|MCF,MCF+CB/LWAL/CDL+ERL/H:1/RES,URBAN,7622.0,100596274.0,17752283.0,43077.0,457256.0,118348559.0,179802.0,7622.0,60.0,220.0
SLE,Sierra Leone,COM,MR|MCF,MCF+CB/LWAL/CDL+ERL/H:2/COM,TOTAL,315.0,28638897.0,7159723.0,0.0,81825.0,35798620.0,45615.0,0.0,260.0,350.0
SLE,Sierra Leone,IND,MR|MCF,MCF+CB/LWAL/CDL+ERL/H:2/IND,TOTAL,36.0,6537955.0,2179318.0,0.0,18680.0,8717274.0,10450.0,0.0,519.0,350.0
SLE,Sierra Leone,RES,MR|MCF,MCF+CB/LWAL/CDL+ERL/H:2/RES,URBAN,7430.0,164726173.0,29069326.0,43077.0,748755.0,193795498.0,294629.0,7622.0,101.0,220.0
SLE,Sierra Leone,COM,MR|MCF,MCF+CB/LWAL/CDL+ERL/H:3-6/COM,TOTAL,25.0,7853518.0,1963379.0,0.0,22439.0,9816897.0,12528.0,0.0,898.0,350.0
SLE,Sierra Leone,RES,MR|MCF,MCF+CB/LWAL/CDL+ERL/H:3-6/RES,URBAN,213.0,31668978.0,5588643.0,9572.0,143950.0,37257622.0,56722.0,1694.0,676.0,220.0
SLE,Sierra Leone,COM,MR|MCF,MCF+CL/LWAL/CDL+ERL/H:1/COM,TOTAL,152.0,6806587.0,1701645.0,0.0,19447.0,8508232.0,9635.0,0.0,128.0,350.0
SLE,Sierra Leone,IND,MR|MCF,MCF+CL/LWAL/CDL+ERL/H:1/IND,TOTAL,30.0,2137314.0,712437.0,0.0,6107.0,2849750.0,3007.0,0.0,204.0,350.0
SLE,Sierra Leone,RES,MR|MCF,MCF+CL/LWAL/CDL+ERL/H:1/RES,URBAN,1812.0,23924404.0,4221952.0,10243.0,108747.0,28146356.0,37277.0,1812.0,60.0,220.0
SLE,Sierra Leone,COM,MR|MCF,MCF+CL/LWAL/CDL+ERL/H:2/COM,TOTAL,73.0,6809676.0,1702421.0,0.0,19456.0,8512096.0,9647.0,0.0,267.0,350.0
SLE,Sierra Leone,IND,MR|MCF,MCF+CL/LWAL/CDL+ERL/H:2/IND,TOTAL,15.0,1555008.0,518337.0,0.0,4443.0,2073345.0,2189.0,0.0,296.0,350.0
SLE,Sierra Leone,RES,MR|MCF,MCF+CL/LWAL/CDL+ERL/H:2/RES,URBAN,1768.0,39175325.0,6913291.0,10248.0,178070.0,46088616.0,61084.0,1813.0,101.0,220.0
SLE,Sierra Leone,COM,MR|MCF,MCF+CL/LWAL/CDL+ERL/H:3-6/COM,TOTAL,6.0,1780758.0,445190.0,0.0,5088.0,2225948.0,2527.0,0.0,848.0,350.0
SLE,Sierra Leone,RES,MR|MCF,MCF+CL/LWAL/CDL+ERL/H:3-6/RES,URBAN,51.0,7531623.0,1329108.0,2273.0,34235.0,8860731.0,11761.0,402.0,671.0,220.0
SLE,Sierra Leone,RES,OT,ME+MEO/LWAL/CDN+ERM/H:1/RES,RURAL,7051.0,21157091.0,3733604.0,39853.0,423142.0,24890694.0,16511.0,7051.0,60.0,50.0
SLE,Sierra Leone,RES,OT,ME+MEO/LWAL/CDN+ERM/H:1/RES,URBAN,21842.0,131047938.0,23126107.0,123452.0,1310479.0,154174047.0,51134.0,21842.0,60.0,100.0
SLE,Sierra Leone,COM,ADO|ST|E,MUR+ADO/LWAL/CDN+ERN/H:1/COM,TOTAL,22691.0,471922289.0,157307430.0,0.0,2949514.0,629229720.0,250298.0,0.0,130.0,160.0
SLE,Sierra Leone,RES,ADO|ST|E,MUR+ADO/LWAL/CDN+ERN/H:1/RES,URBAN,31743.0,152364213.0,26887801.0,179413.0,1904553.0,179252015.0,116982.0,31743.0,60.0,80.0
SLE,Sierra Leone,RES,ADO|ST|E,MUR+ADO/LWAL/CDN+ERN/H:1/RES,RURAL,123535.0,444722915.0,78480515.0,698222.0,7412049.0,523203430.0,455264.0,123535.0,60.0,60.0
SLE,Sierra Leone,COM,ADO|ST|E,MUR+ADO/LWAL/CDN+ERN/H:2/COM,TOTAL,11346.0,471925322.0,157308441.0,0.0,2949533.0,629233767.0,251026.0,0.0,260.0,160.0
SLE,Sierra Leone,RES,ADO|ST|E,MUR+ADO/LWAL/CDN+ERN/H:2/RES,RURAL,120445.0,728233688.0,128511827.0,698215.0,12137228.0,856745517.0,747465.0,123534.0,101.0,60.0
SLE,Sierra Leone,RES,ADO|ST|E,MUR+ADO/LWAL/CDN+ERN/H:2/RES,URBAN,30949.0,249496236.0,44028747.0,179412.0,3118703.0,293524985.0,192064.0,31743.0,101.0,80.0
SLE,Sierra Leone,COM,ADO|ST|E,MUR+ADO/LWAL/CDN+ERN/H:3/COM,TOTAL,478.0,68780281.0,22926761.0,0.0,429877.0,91707039.0,36691.0,0.0,899.0,160.0
SLE,Sierra Leone,RES,ADO|ST|E,MUR+ADO/LWAL/CDN+ERN/H:3/RES,RURAL,1628.0,66318371.0,11703240.0,73498.0,1105306.0,78021615.0,68249.0,13004.0,679.0,60.0
SLE,Sierra Leone,RES,ADO|ST|E,MUR+ADO/LWAL/CDN+ERN/H:3/RES,URBAN,417.0,22721007.0,4009588.0,18886.0,284013.0,26730597.0,17537.0,3341.0,681.0,80.0
SLE,Sierra Leone,COM,MUR,MUR+CB/LWAL/CDN+ERN/H:1/COM,TOTAL,12732.0,364131098.0,91032774.0,0.0,1655141.0,455163874.0,1395134.0,0.0,130.0,220.0
SLE,Sierra Leone,IND,MUR,MUR+CB/LWAL/CDN+ERN/H:1/IND,TOTAL,3249.0,150278078.0,50092692.0,0.0,715610.0,200370772.0,575636.0,0.0,220.0,210.0
SLE,Sierra Leone,RES,MUR,MUR+CB/LWAL/CDN+ERN/H:1/RES,URBAN,136753.0,1805140988.0,318554292.0,772928.0,8205186.0,2123695280.0,5321973.0,136753.0,60.0,220.0
SLE,Sierra Leone,RES,MUR,MUR+CB/LWAL/CDN+ERN/H:1/RES,RURAL,55931.0,469814038.0,82908360.0,316121.0,3355815.0,552722398.0,2176618.0,55931.0,60.0,140.0
SLE,Sierra Leone,COM,MUR,MUR+CB/LWAL/CDN+ERN/H:2/COM,TOTAL,6363.0,364132466.0,91033117.0,0.0,1655148.0,455165582.0,1395886.0,0.0,260.0,220.0
SLE,Sierra Leone,IND,MUR,MUR+CB/LWAL/CDN+ERN/H:2/IND,TOTAL,1084.0,109290100.0,36430035.0,0.0,520429.0,145720137.0,418871.0,0.0,480.0,210.0
SLE,Sierra Leone,RES,MUR,MUR+CB/LWAL/CDN+ERN/H:2/RES,URBAN,133333.0,2955917772.0,521632548.0,772935.0,13435990.0,3477550321.0,8719014.0,136754.0,101.0,220.0
SLE,Sierra Leone,RES,MUR,MUR+CB/LWAL/CDN+ERN/H:2/RES,RURAL,54532.0,769320041.0,135762359.0,316128.0,5495143.0,905082400.0,3565962.0,55932.0,101.0,140.0
SLE,Sierra Leone,COM,MUR,MUR+CB/LWAL/CDN+ERN/H:3/COM,TOTAL,269.0,53070768.0,13267690.0,0.0,241231.0,66338457.0,203553.0,0.0,897.0,220.0
SLE,Sierra Leone,RES,MUR,MUR+CB/LWAL/CDN+ERN/H:3/RES,RURAL,735.0,70043980.0,12360703.0,33267.0,500314.0,82404683.0,324828.0,5886.0,681.0,140.0
SLE,Sierra Leone,RES,MUR,MUR+CB/LWAL/CDN+ERN/H:3/RES,URBAN,1799.0,269187070.0,47503600.0,81344.0,1223578.0,316690670.0,794406.0,14392.0,680.0,220.0
SLE,Sierra Leone,COM,MUR,MUR+CL/LWAL/CDN+ERN/H:1/COM,TOTAL,4578.0,130906784.0,32726697.0,0.0,595031.0,163633481.0,370446.0,0.0,130.0,220.0
SLE,Sierra Leone,IND,MUR,MUR+CL/LWAL/CDN+ERN/H:1/IND,TOTAL,2386.0,110416148.0,36805384.0,0.0,525791.0,147221531.0,302967.0,0.0,220.0,210.0
SLE,Sierra Leone,RES,MUR,MUR+CL/LWAL/CDN+ERN/H:1/RES,RURAL,37272.0,313090476.0,55251260.0,210663.0,2236361.0,368341736.0,1027517.0,37272.0,60.0,140.0
SLE,Sierra Leone,RES,MUR,MUR+CL/LWAL/CDN+ERN/H:1/RES,URBAN,32523.0,429303883.0,75759509.0,183821.0,1951381.0,505063391.0,896581.0,32523.0,60.0,220.0
SLE,Sierra Leone,COM,MUR,MUR+CL/LWAL/CDN+ERN/H:2/COM,TOTAL,2287.0,130906947.0,32726737.0,0.0,595032.0,163633683.0,370656.0,0.0,260.0,220.0
SLE,Sierra Leone,IND,MUR,MUR+CL/LWAL/CDN+ERN/H:2/IND,TOTAL,795.0,80287356.0,26762452.0,0.0,382321.0,107049815.0,220431.0,0.0,481.0,210.0
SLE,Sierra Leone,RES,MUR,MUR+CL/LWAL/CDN+ERN/H:2/RES,RURAL,36339.0,512685735.0,90473952.0,210656.0,3662041.0,603159687.0,1683459.0,37271.0,101.0,140.0
SLE,Sierra Leone,RES,MUR,MUR+CL/LWAL/CDN+ERN/H:2/RES,URBAN,31712.0,702985591.0,124056282.0,183829.0,3195389.0,827041869.0,1468937.0,32524.0,101.0,220.0
SLE,Sierra Leone,COM,MUR,MUR+CL/LWAL/CDN+ERN/H:3/COM,TOTAL,95.0,18490415.0,4622605.0,0.0,84047.0,23113018.0,52384.0,0.0,885.0,220.0
SLE,Sierra Leone,RES,MUR,MUR+CL/LWAL/CDN+ERN/H:3/RES,RURAL,491.0,46688939.0,8239224.0,22167.0,333492.0,54928164.0,153390.0,3922.0,679.0,140.0
SLE,Sierra Leone,RES,MUR,MUR+CL/LWAL/CDN+ERN/H:3/RES,URBAN,429.0,64012898.0,11296393.0,19347.0,290968.0,75309291.0,133831.0,3423.0,678.0,220.0
SLE,Sierra Leone,IND,S,S+SL/LFM/CDL+ERL/H:1/IND,TOTAL,1222.0,93833000.0,31277665.0,0.0,268094.0,125110664.0,91497.0,0.0,219.0,350.0
SLE,Sierra Leone,IND,S,S+SL/LFM/CDL+ERL/H:2/IND,TOTAL,413.0,68249550.0,22749849.0,0.0,194999.0,90999396.0,66594.0,0.0,472.0,350.0
SLE,Sierra Leone,IND,S,S/LFM/CDL+ERL/H:1/IND,TOTAL,1023.0,79106121.0,26368710.0,0.0,226017.0,105474826.0,77136.0,0.0,221.0,350.0
SLE,Sierra Leone,IND,S,S/LFM/CDL+ERL/H:2/IND,TOTAL,339.0,57522268.0,19174086.0,0.0,164349.0,76696357.0,56127.0,0.0,485.0,350.0
SLE,Sierra Leone,RES,W,W+WWD/LWAL/CDN+ERM/H:1/RES,RURAL,254244.0,1525465770.0,381366442.0,1436991.0,15254658.0,1906832212.0,203669.0,254244.0,60.0,100.0
SLE,Sierra Leone,RES,W,W+WWD/LWAL/CDN+ERM/H:1/RES,URBAN,93557.0,1122683563.0,280670890.0,528789.0,5613418.0,1403354455.0,74946.0,93557.0,60.0,200.0
SLE,Sierra Leone,RES,W,W+WWD/LWAL/CDN+ERM/H:2/RES,RURAL,106238.0,1070549461.0,267637365.0,615855.0,10705495.0,1338186826.0,143017.0,108962.0,101.0,100.0
SLE,Sierra Leone,RES,W,W+WWD/LWAL/CDN+ERM/H:2/RES,URBAN,39093.0,787883306.0,196970827.0,226619.0,3939417.0,984854134.0,52628.0,40095.0,101.0,200.0
SLE,Sierra Leone,COM,W,W/LWAL/CDL+ERM/H:1/COM,TOTAL,25.0,830155.0,276719.0,0.0,3459.0,1106871.0,660.0,0.0,138.0,240.0
SLE,Sierra Leone,RES,W,W/LWAL/CDL+ERM/H:1/RES,RURAL,402.0,2410105.0,602526.0,2273.0,24101.0,3012630.0,2549.0,402.0,60.0,100.0
SLE,Sierra Leone,COM,W,W/LWAL/CDL+ERM/H:2/COM,TOTAL,15.0,873150.0,291050.0,0.0,3638.0,1164202.0,695.0,0.0,243.0,240.0
SLE,Sierra Leone,RES,W,W/LWAL/CDL+ERM/H:2/RES,RURAL,392.0,3947031.0,986758.0,2273.0,39470.0,4933785.0,4177.0,402.0,101.0,100.0
SLE,Sierra Leone,COM,W,W/LWAL/CDL+ERM/H:3/COM,TOTAL,4.0,403086.0,134362.0,0.0,1680.0,537447.0,321.0,0.0,420.0,240.0
SLE,Sierra Leone,RES,W,W/LWAL/CDL+ERM/H:3/RES,RURAL,157.0,2216916.0,554229.0,1070.0,22169.0,2771143.0,2348.0,189.0,141.0,100.0
SOM,Somalia,COM,CR-,CR/LFINF/CDL+ERL/H:1/COM,TOTAL,240.0,17170644.0,3030111.0,0.0,31219.0,20200762.0,15467.0,0.0,130.0,550.0
SOM,Somalia,IND,CR-,CR/LFINF/CDL+ERL/H:1/IND,TOTAL,151.0,9698296.0,3232766.0,0.0,31285.0,12931057.0,15403.0,0.0,207.0,310.0
SOM,Somalia,RES,CR-,CR/LFINF/CDL+ERL/H:1/RES,URBAN,10545.0,284716640.0,50244112.0,60861.0,632704.0,334960754.0,216881.0,10545.0,60.0,450.0
SOM,Somalia,COM,CR-,CR/LFINF/CDL+ERL/H:2/COM,TOTAL,429.0,61779457.0,10902259.0,0.0,112326.0,72681719.0,55693.0,0.0,262.0,550.0
SOM,Somalia,IND,CR-,CR/LFINF/CDL+ERL/H:2/IND,TOTAL,54.0,6168141.0,2056052.0,0.0,19897.0,8224189.0,9805.0,0.0,368.0,310.0
SOM,Somalia,RES,CR-,CR/LFINF/CDL+ERL/H:2/RES,URBAN,35982.0,1631786057.0,287962248.0,212995.0,3626191.0,1919748300.0,1243899.0,36906.0,101.0,450.0
SOM,Somalia,COM,CR-,CR/LFINF/CDL+ERL/H:3/COM,TOTAL,289.0,70775605.0,12489816.0,0.0,128683.0,83265418.0,63852.0,0.0,445.0,550.0
SOM,Somalia,RES,CR-,CR/LFINF/CDL+ERL/H:3/RES,URBAN,28754.0,1905133304.0,336199995.0,213015.0,4233630.0,2241333297.0,1453317.0,36909.0,147.0,450.0
SOM,Somalia,COM,CR-,CR/LFINF/CDL+ERL/H:4-7/COM,TOTAL,66.0,45053540.0,7950625.0,0.0,81916.0,53004163.0,40742.0,0.0,1241.0,550.0
SOM,Somalia,RES,CR-,CR/LFINF/CDL+ERL/H:4-7/RES,URBAN,1316.0,569435837.0,100488679.0,91282.0,1265413.0,669924515.0,435328.0,15817.0,962.0,450.0
SOM,Somalia,COM,CR-,CR/LFINF/CDL+ERL/H:>7/COM,TOTAL,7.0,8865002.0,1564413.0,0.0,16118.0,10429414.0,8029.0,0.0,2303.0,550.0
SOM,Somalia,RES,CR-,CR/LFINF/CDL+ERL/H:>7/RES,URBAN,326.0,177947695.0,31402534.0,30436.0,395439.0,209350226.0,136235.0,5274.0,1213.0,450.0
SOM,Somalia,RES,OT,INF/LN/CDN+ERN/H:1/EWV/RES,RURAL,612510.0,1837531696.0,324270298.0,3535019.0,36750634.0,2161801993.0,490667.0,612510.0,60.0,50.0
SOM,Somalia,RES,OT,INF/LN/CDN+ERN/H:1/EWV/RES,URBAN,85850.0,257552655.0,45450469.0,495469.0,5151053.0,303003125.0,68773.0,85850.0,60.0,50.0
SOM,Somalia,RES,OT,MATO/LN/CDN+ERN/H:1/RES,RURAL,169648.0,508937327.0,89812469.0,979100.0,10178747.0,598749797.0,4676723.0,169648.0,60.0,50.0
SOM,Somalia,RES,OT,MATO/LN/CDN+ERN/H:1/RES,URBAN,22675.0,68032757.0,12005781.0,130868.0,1360655.0,80038537.0,625166.0,22675.0,60.0,50.0
SOM,Somalia,RES,OT,ME+MEO/LWAL/CDN+ERM/H:1/RES,RURAL,241073.0,723226694.0,127628240.0,1391316.0,14464534.0,850854928.0,564395.0,241073.0,60.0,50.0
SOM,Somalia,RES,OT,ME+MEO/LWAL/CDN+ERM/H:1/RES,URBAN,291571.0,874707161.0,154360087.0,1682762.0,17494143.0,1029067248.0,682608.0,291571.0,60.0,50.0
SOM,Somalia,COM,ADO|ST|E,MUR+ADO/LWAL/CDN+ERN/H:1/COM,TOTAL,4192.0,27245796.0,9081930.0,0.0,544916.0,36327727.0,46242.0,0.0,130.0,50.0
SOM,Somalia,RES,ADO|ST|E,MUR+ADO/LWAL/CDN+ERN/H:1/RES,URBAN,100176.0,901604557.0,159106687.0,578154.0,6010697.0,1060711243.0,369190.0,100176.0,60.0,150.0
SOM,Somalia,RES,ADO|ST|E,MUR+ADO/LWAL/CDN+ERN/H:1/RES,RURAL,26719.0,64126122.0,11316375.0,154207.0,1603153.0,75442496.0,98469.0,26719.0,60.0,40.0
SOM,Somalia,COM,ADO|ST|E,MUR+ADO/LWAL/CDN+ERN/H:2/COM,TOTAL,2090.0,27245494.0,9081833.0,0.0,544910.0,36327327.0,46376.0,0.0,261.0,50.0
SOM,Somalia,RES,ADO|ST|E,MUR+ADO/LWAL/CDN+ERN/H:2/RES,RURAL,26050.0,105006282.0,18530522.0,154224.0,2625157.0,123536800.0,161669.0,26722.0,101.0,40.0
SOM,Somalia,RES,ADO|ST|E,MUR+ADO/LWAL/CDN+ERN/H:2/RES,URBAN,97675.0,1476377248.0,260537163.0,578154.0,9842515.0,1736914408.0,606146.0,100176.0,101.0,150.0
SOM,Somalia,COM,ADO|ST|E,MUR+ADO/LWAL/CDN+ERN/H:3/COM,TOTAL,76.0,3406392.0,1135464.0,0.0,68128.0,4541857.0,5815.0,0.0,896.0,50.0
SOM,Somalia,RES,ADO|ST|E,MUR+ADO/LWAL/CDN+ERN/H:3/RES,URBAN,1321.0,134449540.0,23726388.0,60861.0,896330.0,158175929.0,55346.0,10545.0,679.0,150.0
SOM,Somalia,RES,ADO|ST|E,MUR+ADO/LWAL/CDN+ERN/H:3/RES,RURAL,350.0,9562735.0,1687541.0,16248.0,239068.0,11250280.0,14762.0,2815.0,683.0,40.0
SOM,Somalia,COM,MUR,MUR+CB/LWAL/CDN+ERN/H:1/COM,TOTAL,4422.0,276310336.0,69077581.0,0.0,575647.0,345387920.0,485218.0,0.0,130.0,480.0
SOM,Somalia,IND,MUR,MUR+CB/LWAL/CDN+ERN/H:1/IND,TOTAL,665.0,41008336.0,13669443.0,0.0,146458.0,54677780.0,117811.0,0.0,220.0,280.0
SOM,Somalia,RES,MUR,MUR+CB/LWAL/CDN+ERN/H:1/RES,RURAL,17814.0,309942335.0,54695704.0,102809.0,1068767.0,364638042.0,693214.0,17814.0,60.0,290.0
SOM,Somalia,RES,MUR,MUR+CB/LWAL/CDN+ERN/H:1/RES,URBAN,125224.0,2855081572.0,503837925.0,722710.0,7513373.0,3358919495.0,4873255.0,125224.0,60.0,380.0
SOM,Somalia,COM,MUR,MUR+CB/LWAL/CDN+ERN/H:2/COM,TOTAL,2211.0,276311023.0,69077753.0,0.0,575648.0,345388778.0,485479.0,0.0,260.0,480.0
SOM,Somalia,IND,MUR,MUR+CB/LWAL/CDN+ERN/H:2/IND,TOTAL,225.0,29823386.0,9941135.0,0.0,106512.0,39764508.0,85727.0,0.0,473.0,280.0
SOM,Somalia,RES,MUR,MUR+CB/LWAL/CDN+ERN/H:2/RES,RURAL,17366.0,507531863.0,89564448.0,102806.0,1750110.0,597096309.0,1135699.0,17813.0,101.0,290.0
SOM,Somalia,RES,MUR,MUR+CB/LWAL/CDN+ERN/H:2/RES,URBAN,122096.0,4675194551.0,825034332.0,722712.0,12303144.0,5500228890.0,7983877.0,125224.0,101.0,380.0
SOM,Somalia,COM,MUR,MUR+CB/LWAL/CDN+ERN/H:3/COM,TOTAL,77.0,34197692.0,8549423.0,0.0,71245.0,42747117.0,60118.0,0.0,925.0,480.0
SOM,Somalia,RES,MUR,MUR+CB/LWAL/CDN+ERN/H:3/RES,URBAN,1651.0,425756908.0,75133575.0,76044.0,1120413.0,500890484.0,727427.0,13176.0,679.0,380.0
SOM,Somalia,RES,MUR,MUR+CB/LWAL/CDN+ERN/H:3/RES,RURAL,239.0,46219456.0,8156375.0,10815.0,159377.0,54375830.0,103476.0,1874.0,667.0,290.0
SOM,Somalia,COM,MUR,MUR+CL/LWAL/CDN+ERN/H:1/COM,TOTAL,4422.0,276310336.0,69077581.0,0.0,575647.0,345387920.0,358378.0,0.0,130.0,480.0
SOM,Somalia,IND,MUR,MUR+CL/LWAL/CDN+ERN/H:1/IND,TOTAL,665.0,41008336.0,13669443.0,0.0,146458.0,54677780.0,84391.0,0.0,220.0,280.0
SOM,Somalia,RES,MUR,MUR+CL/LWAL/CDN+ERN/H:1/RES,URBAN,125224.0,2855081572.0,503837925.0,722710.0,7513373.0,3358919495.0,3452092.0,125224.0,60.0,380.0
SOM,Somalia,RES,MUR,MUR+CL/LWAL/CDN+ERN/H:1/RES,RURAL,17814.0,309942335.0,54695704.0,102809.0,1068767.0,364638042.0,491055.0,17814.0,60.0,290.0
SOM,Somalia,COM,MUR,MUR+CL/LWAL/CDN+ERN/H:2/COM,TOTAL,2211.0,276311023.0,69077753.0,0.0,575648.0,345388778.0,358582.0,0.0,260.0,480.0
SOM,Somalia,IND,MUR,MUR+CL/LWAL/CDN+ERN/H:2/IND,TOTAL,225.0,29823386.0,9941135.0,0.0,106512.0,39764508.0,61411.0,0.0,473.0,280.0
SOM,Somalia,RES,MUR,MUR+CL/LWAL/CDN+ERN/H:2/RES,RURAL,17366.0,507531863.0,89564448.0,102806.0,1750110.0,597096309.0,804535.0,17813.0,101.0,290.0
SOM,Somalia,RES,MUR,MUR+CL/LWAL/CDN+ERN/H:2/RES,URBAN,122096.0,4675194551.0,825034332.0,722712.0,12303144.0,5500228890.0,5655819.0,125224.0,101.0,380.0
SOM,Somalia,COM,MUR,MUR+CL/LWAL/CDN+ERN/H:3/COM,TOTAL,77.0,34197692.0,8549423.0,0.0,71245.0,42747117.0,44405.0,0.0,925.0,480.0
SOM,Somalia,RES,MUR,MUR+CL/LWAL/CDN+ERN/H:3/RES,RURAL,239.0,46219456.0,8156375.0,10815.0,159377.0,54375830.0,73306.0,1874.0,667.0,290.0
SOM,Somalia,RES,MUR,MUR+CL/LWAL/CDN+ERN/H:3/RES,URBAN,1651.0,425756908.0,75133575.0,76044.0,1120413.0,500890484.0,515335.0,13176.0,679.0,380.0
SOM,Somalia,COM,ADO|ST|E,MUR+STDRE/LWAL/CDN+ERN/H:1/COM,TOTAL,1698.0,105781682.0,35260560.0,0.0,220379.0,141042244.0,67005.0,0.0,130.0,480.0
SOM,Somalia,IND,ADO|ST|E,MUR+STDRE/LWAL/CDN+ERN/H:1/IND,TOTAL,228.0,13489574.0,7263614.0,0.0,51883.0,20753189.0,15330.0,0.0,228.0,260.0
SOM,Somalia,RES,ADO|ST|E,MUR+STDRE/LWAL/CDN+ERN/H:1/RES,URBAN,100176.0,1682995174.0,296999148.0,578154.0,6010697.0,1979994323.0,1429114.0,100176.0,60.0,280.0
SOM,Somalia,COM,ADO|ST|E,MUR+STDRE/LWAL/CDN+ERN/H:2/COM,TOTAL,843.0,105778739.0,35259581.0,0.0,220372.0,141038319.0,67095.0,0.0,261.0,480.0
SOM,Somalia,IND,ADO|ST|E,MUR+STDRE/LWAL/CDN+ERN/H:2/IND,TOTAL,72.0,9518817.0,5125523.0,0.0,36611.0,14644337.0,10833.0,0.0,508.0,260.0
SOM,Somalia,RES,ADO|ST|E,MUR+STDRE/LWAL/CDN+ERN/H:2/RES,URBAN,97675.0,2755904197.0,486336036.0,578154.0,9842515.0,3242240234.0,2342873.0,100176.0,101.0,280.0
SOM,Somalia,COM,ADO|ST|E,MUR+STDRE/LWAL/CDN+ERN/H:3/COM,TOTAL,28.0,12876713.0,4292238.0,0.0,26826.0,17168953.0,8179.0,0.0,958.0,480.0
SOM,Somalia,RES,ADO|ST|E,MUR+STDRE/LWAL/CDN+ERN/H:3/RES,URBAN,1321.0,250972473.0,44289260.0,60861.0,896330.0,295261733.0,213605.0,10545.0,679.0,280.0
SOM,Somalia,COM,ADO|ST|E,MUR+STRUB/LWAL/CDN+ERN/H:1/COM,TOTAL,2494.0,155777985.0,51925996.0,0.0,324537.0,207703981.0,98674.0,0.0,130.0,480.0
SOM,Somalia,IND,ADO|ST|E,MUR+STRUB/LWAL/CDN+ERN/H:1/IND,TOTAL,474.0,27036961.0,14558362.0,0.0,103988.0,41595329.0,30725.0,0.0,219.0,260.0
SOM,Somalia,RES,ADO|ST|E,MUR+STRUB/LWAL/CDN+ERN/H:1/RES,RURAL,26719.0,352693673.0,62240061.0,154207.0,1603153.0,414933733.0,381169.0,26719.0,60.0,220.0
SOM,Somalia,COM,ADO|ST|E,MUR+STRUB/LWAL/CDN+ERN/H:2/COM,TOTAL,1247.0,155778046.0,51926016.0,0.0,324538.0,207704054.0,98809.0,0.0,260.0,480.0
SOM,Somalia,IND,ADO|ST|E,MUR+STRUB/LWAL/CDN+ERN/H:2/IND,TOTAL,158.0,19663238.0,10587894.0,0.0,75628.0,30251128.0,22377.0,0.0,479.0,260.0
SOM,Somalia,RES,ADO|ST|E,MUR+STRUB/LWAL/CDN+ERN/H:2/RES,RURAL,26050.0,577534543.0,101917863.0,154224.0,2625157.0,679452404.0,624882.0,26722.0,101.0,220.0
SOM,Somalia,COM,ADO|ST|E,MUR+STRUB/LWAL/CDN+ERN/H:3/COM,TOTAL,48.0,19824652.0,6608217.0,0.0,41301.0,26432874.0,12592.0,0.0,860.0,480.0
SOM,Somalia,RES,ADO|ST|E,MUR+STRUB/LWAL/CDN+ERN/H:3/RES,RURAL,350.0,52595059.0,9281483.0,16248.0,239068.0,61876541.0,56973.0,2815.0,683.0,220.0
SOM,Somalia,IND,S,S+SL/LFM/CDL+ERL/H:1/IND,TOTAL,431.0,29171980.0,9723994.0,0.0,94103.0,38895963.0,32116.0,0.0,218.0,310.0
SOM,Somalia,IND,S,S+SL/LFM/CDL+ERL/H:2/IND,TOTAL,135.0,19080966.0,6360317.0,0.0,61552.0,25441295.0,21021.0,0.0,456.0,310.0
SOM,Somalia,IND,S,S/LFM/CDL+ERL/H:1/IND,TOTAL,394.0,26512972.0,8837654.0,0.0,85526.0,35350631.0,29189.0,0.0,217.0,310.0
SOM,Somalia,IND,S,S/LFM/CDL+ERL/H:2/IND,TOTAL,112.0,16776368.0,5592125.0,0.0,54117.0,22368493.0,18482.0,0.0,483.0,310.0
SOM,Somalia,RES,W,W+WWD/LWAL/CDN+ERM/H:1/RES,URBAN,80504.0,676246144.0,169061535.0,464621.0,4830330.0,845307679.0,64491.0,80504.0,60.0,140.0
SOM,Somalia,RES,W,W+WWD/LWAL/CDN+ERM/H:1/RES,RURAL,370005.0,1332022841.0,333005710.0,2135430.0,22200381.0,1665028549.0,296403.0,370005.0,60.0,60.0
SOM,Somalia,RES,W,W+WWD/LWAL/CDN+ERM/H:2/RES,RURAL,154605.0,934794613.0,233698657.0,915171.0,15579910.0,1168493264.0,208136.0,158571.0,101.0,60.0
SOM,Somalia,RES,W,W+WWD/LWAL/CDN+ERM/H:2/RES,URBAN,33637.0,474580002.0,118645000.0,199126.0,3389857.0,593224994.0,45286.0,34502.0,101.0,140.0
SOM,Somalia,COM,W,W/LWAL/CDL+ERM/H:1/COM,TOTAL,2075.0,35058303.0,11686105.0,0.0,269679.0,46744412.0,51481.0,0.0,130.0,130.0
SOM,Somalia,RES,W,W/LWAL/CDL+ERM/H:1/RES,URBAN,20086.0,168721042.0,42180260.0,115922.0,1205150.0,210901302.0,127461.0,20086.0,60.0,140.0
SOM,Somalia,RES,W,W/LWAL/CDL+ERM/H:1/RES,RURAL,18572.0,66858224.0,16714555.0,107189.0,1114304.0,83572780.0,117853.0,18572.0,60.0,60.0
SOM,Somalia,COM,W,W/LWAL/CDL+ERM/H:2/COM,TOTAL,1045.0,35069404.0,11689802.0,0.0,269765.0,46759210.0,51522.0,0.0,258.0,130.0
SOM,Somalia,RES,W,W/LWAL/CDL+ERM/H:2/RES,RURAL,18109.0,109480460.0,27370115.0,107190.0,1824674.0,136850571.0,193105.0,18573.0,101.0,60.0
SOM,Somalia,RES,W,W/LWAL/CDL+ERM/H:2/RES,URBAN,19583.0,276281206.0,69070302.0,115920.0,1973437.0,345351509.0,208848.0,20086.0,101.0,140.0
SOM,Somalia,COM,W,W/LWAL/CDL+ERM/H:3/COM,TOTAL,335.0,19727240.0,6575749.0,0.0,151748.0,26302986.0,28996.0,0.0,453.0,130.0
SOM,Somalia,RES,W,W/LWAL/CDL+ERM/H:3/RES,RURAL,7241.0,63909997.0,15977498.0,53600.0,1065167.0,79887494.0,112797.0,9287.0,147.0,60.0
SOM,Somalia,RES,W,W/LWAL/CDL+ERM/H:3/RES,URBAN,7824.0,161281618.0,40320405.0,57958.0,1152012.0,201602024.0,121993.0,10042.0,147.0,140.0
ZAF,South Africa,COM,CR-,CR/LFINF/CDL+ERL/H:1/COM,TOTAL,9823.0,715044000.0,178761001.0,0.0,1276864.0,893805000.0,632588.0,0.0,130.0,560.0
ZAF,South Africa,IND,CR-,CR/LFINF/CDL+ERL/H:1/IND,TOTAL,14195.0,1468033429.0,489344473.0,0.0,3123475.0,1957377904.0,1537832.0,0.0,220.0,470.0
ZAF,South Africa,RES,CR-,CR/LFINF/CDL+ERL/H:1/RES,URBAN,145682.0,4108269753.0,1027067438.0,453559.0,8740999.0,5135337193.0,2996282.0,145682.0,60.0,470.0
ZAF,South Africa,COM,CR-,CR/LFINF/CDL+ERL/H:2/COM,TOTAL,4912.0,715042676.0,178760665.0,0.0,1276862.0,893803340.0,633081.0,0.0,260.0,560.0
ZAF,South Africa,IND,CR-,CR/LFINF/CDL+ERL/H:2/IND,TOTAL,4732.0,1067660682.0,355886895.0,0.0,2271618.0,1423547577.0,1119431.0,0.0,480.0,470.0
ZAF,South Africa,RES,CR-,CR/LFINF/CDL+ERL/H:2/RES,URBAN,142043.0,6727291199.0,1681822798.0,453565.0,14313386.0,8409113997.0,4909948.0,145684.0,101.0,470.0
ZAF,South Africa,COM,CR-,CR/LFINF/CDL+ERL/H:3/COM,TOTAL,4909.0,1237572171.0,309393044.0,0.0,2209950.0,1546965213.0,1096572.0,0.0,450.0,560.0
ZAF,South Africa,RES,CR-,CR/LFINF/CDL+ERL/H:3/RES,URBAN,170268.0,11781316681.0,2945329169.0,680349.0,25066631.0,14726645852.0,8604850.0,218527.0,147.0,470.0
ZAF,South Africa,COM,CR-,CR/LFINF/CDL+ERL/H:4-7/COM,TOTAL,9824.0,6600390040.0,1650097511.0,0.0,11786411.0,8250487553.0,5862090.0,0.0,1200.0,560.0
ZAF,South Africa,RES,CR-,CR/LFINF/CDL+ERL/H:4-7/RES,URBAN,60700.0,27388461287.0,6847115324.0,2267812.0,58273322.0,34235576610.0,20047217.0,728416.0,960.0,470.0
ZAF,South Africa,COM,CR-,CR/LFINF/CDL+ERL/H:>7/COM,TOTAL,1472.0,2640155840.0,660038962.0,0.0,4714564.0,3300194800.0,2348490.0,0.0,3203.0,560.0
ZAF,South Africa,RES,CR-,CR/LFINF/CDL+ERL/H:>7/RES,URBAN,13658.0,7703004947.0,1925751236.0,680346.0,16389372.0,9628756183.0,5646381.0,218526.0,1200.0,470.0
ZAF,South Africa,COM,CR+,CR/LFINF/CDM+ERM/H:1/COM,TOTAL,2470.0,179667699.0,44916922.0,0.0,320835.0,224584623.0,158949.0,0.0,130.0,560.0
ZAF,South Africa,IND,CR+,CR/LFINF/CDM+ERM/H:1/IND,TOTAL,3441.0,356106659.0,118702218.0,0.0,757674.0,474808876.0,373038.0,0.0,220.0,470.0
ZAF,South Africa,RES,CR+,CR/LFINF/CDM+ERM/H:1/RES,URBAN,31617.0,891629424.0,222907356.0,98441.0,1897084.0,1114536781.0,650292.0,31617.0,60.0,470.0
ZAF,South Africa,COM,CR+,CR/LFINF/CDM+ERM/H:2/COM,TOTAL,1231.0,179671094.0,44917771.0,0.0,320841.0,224588864.0,159076.0,0.0,261.0,560.0
ZAF,South Africa,IND,CR+,CR/LFINF/CDM+ERM/H:2/IND,TOTAL,1147.0,258985885.0,86328626.0,0.0,551034.0,345314511.0,271544.0,0.0,480.0,470.0
ZAF,South Africa,RES,CR+,CR/LFINF/CDM+ERM/H:2/RES,URBAN,30826.0,1460044905.0,365011229.0,98441.0,3106479.0,1825056132.0,1065621.0,31617.0,101.0,470.0
ZAF,South Africa,COM,CR+,CR/LFINF/CDM+ERM/H:3/COM,TOTAL,1236.0,310965024.0,77741254.0,0.0,555295.0,388706283.0,275536.0,0.0,449.0,560.0
ZAF,South Africa,RES,CR+,CR/LFINF/CDM+ERM/H:3/RES,URBAN,36957.0,2556934245.0,639233563.0,147671.0,5440286.0,3196167810.0,1867536.0,47429.0,147.0,470.0
ZAF,South Africa,COM,CR+,CR/LFINF/CDM+ERM/H:4-7/COM,TOTAL,2467.0,1658479236.0,414619810.0,0.0,2961570.0,2073099048.0,1472967.0,0.0,1200.0,560.0
ZAF,South Africa,RES,CR+,CR/LFINF/CDM+ERM/H:4-7/RES,URBAN,13174.0,5944200922.0,1486050232.0,492219.0,12647236.0,7430251152.0,4350908.0,158091.0,960.0,470.0
ZAF,South Africa,COM,CR+,CR/LFINF/CDM+ERM/H:>7/COM,TOTAL,371.0,663390889.0,165847722.0,0.0,1184627.0,829238610.0,590104.0,0.0,3193.0,560.0
ZAF,South Africa,RES,CR+,CR/LFINF/CDM+ERM/H:>7/RES,URBAN,2963.0,1671806402.0,417951600.0,147664.0,3557035.0,2089758002.0,1225451.0,47427.0,1200.0,470.0
ZAF,South Africa,COM,CR-,CR/LWAL/CDL+ERL/H:1/COM,TOTAL,780.0,56606634.0,14151656.0,0.0,101083.0,70758291.0,54896.0,0.0,130.0,560.0
ZAF,South Africa,IND,CR-,CR/LWAL/CDL+ERL/H:1/IND,TOTAL,1152.0,119331741.0,39777244.0,0.0,253897.0,159108989.0,132223.0,0.0,220.0,470.0
ZAF,South Africa,RES,CR-,CR/LWAL/CDL+ERL/H:1/RES,URBAN,13054.0,368142801.0,92035700.0,40710.0,783283.0,460178500.0,318894.0,13054.0,60.0,470.0
ZAF,South Africa,COM,CR-,CR/LWAL/CDL+ERL/H:2/COM,TOTAL,389.0,56328746.0,14082188.0,0.0,100587.0,70410935.0,54671.0,0.0,259.0,560.0
ZAF,South Africa,IND,CR-,CR/LWAL/CDL+ERL/H:2/IND,TOTAL,382.0,86108112.0,28702702.0,0.0,183209.0,114810818.0,95497.0,0.0,480.0,470.0
ZAF,South Africa,RES,CR-,CR/LWAL/CDL+ERL/H:2/RES,URBAN,12729.0,602832663.0,150708167.0,40710.0,1282623.0,753540831.0,522574.0,13054.0,101.0,470.0
ZAF,South Africa,COM,CR-,CR/LWAL/CDL+ERL/H:3/COM,TOTAL,386.0,97557305.0,24389325.0,0.0,174209.0,121946630.0,94762.0,0.0,451.0,560.0
ZAF,South Africa,RES,CR-,CR/LWAL/CDL+ERL/H:3/RES,URBAN,15260.0,1055726049.0,263931512.0,61073.0,2246226.0,1319657563.0,915849.0,19584.0,147.0,470.0
ZAF,South Africa,COM,CR-,CR/LWAL/CDL+ERL/H:4-7/COM,TOTAL,779.0,522395400.0,130598850.0,0.0,932849.0,652994250.0,508649.0,0.0,1197.0,560.0
ZAF,South Africa,RES,CR-,CR/LWAL/CDL+ERL/H:4-7/RES,URBAN,5439.0,2454282524.0,613570632.0,203556.0,5221878.0,3067853154.0,2133833.0,65274.0,960.0,470.0
ZAF,South Africa,COM,CR-,CR/LWAL/CDL+ERL/H:>7/COM,TOTAL,118.0,206368800.0,51592200.0,0.0,368516.0,257960999.0,201260.0,0.0,3123.0,560.0
ZAF,South Africa,RES,CR-,CR/LWAL/CDL+ERL/H:>7/RES,URBAN,1224.0,690267158.0,172566789.0,61066.0,1468654.0,862833946.0,601027.0,19582.0,1200.0,470.0
ZAF,South Africa,COM,CR+,CR/LWAL/CDM+ERM/H:1/COM,TOTAL,216.0,15822514.0,3955630.0,0.0,28254.0,19778144.0,15344.0,0.0,131.0,560.0
ZAF,South Africa,IND,CR+,CR/LWAL/CDM+ERM/H:1/IND,TOTAL,319.0,32836649.0,10945552.0,0.0,69865.0,43782195.0,36384.0,0.0,219.0,470.0
ZAF,South Africa,RES,CR+,CR/LWAL/CDM+ERM/H:1/RES,URBAN,3260.0,91932534.0,22983132.0,10166.0,195601.0,114915669.0,79634.0,3260.0,60.0,470.0
ZAF,South Africa,COM,CR+,CR/LWAL/CDM+ERM/H:2/COM,TOTAL,107.0,15659694.0,3914924.0,0.0,27964.0,19574620.0,15199.0,0.0,261.0,560.0
ZAF,South Africa,IND,CR+,CR/LWAL/CDM+ERM/H:2/IND,TOTAL,106.0,23396909.0,7798970.0,0.0,49781.0,31195879.0,25948.0,0.0,470.0,470.0
ZAF,South Africa,RES,CR+,CR/LWAL/CDM+ERM/H:2/RES,URBAN,3177.0,150476239.0,37619061.0,10152.0,320162.0,188095300.0,130443.0,3256.0,101.0,470.0
ZAF,South Africa,COM,CR+,CR/LWAL/CDM+ERM/H:3/COM,TOTAL,107.0,26789171.0,6697293.0,0.0,47838.0,33486464.0,26022.0,0.0,447.0,560.0
ZAF,South Africa,RES,CR+,CR/LWAL/CDM+ERM/H:3/RES,URBAN,3809.0,263450046.0,65862512.0,15226.0,560532.0,329312554.0,228545.0,4883.0,147.0,470.0
ZAF,South Africa,COM,CR+,CR/LWAL/CDM+ERM/H:4-7/COM,TOTAL,224.0,148596863.0,37149216.0,0.0,265352.0,185746080.0,144687.0,0.0,1185.0,560.0
ZAF,South Africa,RES,CR+,CR/LWAL/CDM+ERM/H:4-7/RES,URBAN,1359.0,612880327.0,153220083.0,50833.0,1304001.0,766100411.0,532858.0,16301.0,960.0,470.0
ZAF,South Africa,COM,CR+,CR/LWAL/CDM+ERM/H:>7/COM,TOTAL,32.0,56640896.0,14160224.0,0.0,101144.0,70801118.0,55239.0,0.0,3161.0,560.0
ZAF,South Africa,RES,CR+,CR/LWAL/CDM+ERM/H:>7/RES,URBAN,306.0,172372456.0,43093115.0,15242.0,366750.0,215465571.0,150088.0,4888.0,1199.0,470.0
ZAF,South Africa,RES,ADO|ST|E,E+ETO/LWAL/CDN+ERN/H:1/RES,URBAN,77270.0,834499179.0,147264560.0,241002.0,4636107.0,981763740.0,2149050.0,77270.0,60.0,180.0
ZAF,South Africa,RES,ADO|ST|E,E+ETO/LWAL/CDN+ERN/H:1/RES,RURAL,308909.0,2038800073.0,359788249.0,963329.0,18534546.0,2398588321.0,8591621.0,308909.0,60.0,110.0
ZAF,South Africa,RES,OT,INF/LN/CDN+ERN/H:1/EWV/RES,URBAN,43194.0,362827284.0,90706820.0,134485.0,2591623.0,453534106.0,282508.0,43194.0,60.0,140.0
ZAF,South Africa,RES,OT,INF/LN/CDN+ERN/H:1/EWV/RES,RURAL,3325.0,19943794.0,4985948.0,10340.0,199438.0,24929742.0,21740.0,3325.0,60.0,100.0
ZAF,South Africa,RES,OT,MATO/LN/CDN+ERN/H:1/RES,RURAL,37242.0,223450881.0,55862720.0,115949.0,2234509.0,279313602.0,1035798.0,37242.0,60.0,100.0
ZAF,South Africa,RES,OT,MATO/LN/CDN+ERN/H:1/RES,URBAN,65740.0,552225081.0,138056270.0,204885.0,3944465.0,690281350.0,1828442.0,65740.0,60.0,140.0
ZAF,South Africa,COM,MR|MCF,MCF/LWAL/CDL+ERL/H:1/COM,TOTAL,79504.0,5787961748.0,1021405014.0,0.0,10335646.0,6809366760.0,5120513.0,0.0,130.0,560.0
ZAF,South Africa,IND,MR|MCF,MCF/LWAL/CDL+ERL/H:1/IND,TOTAL,25585.0,2645608307.0,881869434.0,0.0,5628954.0,3527477743.0,2771395.0,0.0,220.0,470.0
ZAF,South Africa,RES,MR|MCF,MCF/LWAL/CDL+ERL/H:1/RES,URBAN,1190534.0,33573087133.0,5924662435.0,3707048.0,71432100.0,39497749571.0,24485838.0,1190534.0,60.0,470.0
ZAF,South Africa,COM,MR|MCF,MCF/LWAL/CDL+ERL/H:2/COM,TOTAL,39754.0,5787962627.0,1021405165.0,0.0,10335648.0,6809367794.0,5124519.0,0.0,260.0,560.0
ZAF,South Africa,IND,MR|MCF,MCF/LWAL/CDL+ERL/H:2/IND,TOTAL,8530.0,1924075468.0,641358488.0,0.0,4093778.0,2565433955.0,2017373.0,0.0,480.0,470.0
ZAF,South Africa,RES,MR|MCF,MCF/LWAL/CDL+ERL/H:2/RES,URBAN,1160770.0,54975929639.0,9701634642.0,3707052.0,116970063.0,64677564282.0,40124467.0,1190535.0,101.0,470.0
ZAF,South Africa,COM,MR|MCF,MCF/LWAL/CDL+ERL/H:3-6/COM,TOTAL,3532.0,1780909557.0,314278157.0,0.0,3180196.0,2095187715.0,1579238.0,0.0,900.0,560.0
ZAF,South Africa,RES,MR|MCF,MCF/LWAL/CDL+ERL/H:3-6/RES,URBAN,33070.0,10569303852.0,1865171270.0,823795.0,22487881.0,12434475122.0,7725177.0,264565.0,680.0,470.0
ZAF,South Africa,COM,MR|MCF,MCF/LWAL/CDM+ERM/H:1/COM,TOTAL,17385.0,1265662024.0,223352125.0,0.0,2260111.0,1489014148.0,1119710.0,0.0,130.0,560.0
ZAF,South Africa,IND,MR|MCF,MCF/LWAL/CDM+ERM/H:1/IND,TOTAL,5598.0,579061075.0,193020360.0,0.0,1232045.0,772081429.0,606593.0,0.0,220.0,470.0
ZAF,South Africa,RES,MR|MCF,MCF/LWAL/CDM+ERM/H:1/RES,URBAN,261586.0,7376716645.0,1301773526.0,814574.0,15695142.0,8678490171.0,5380056.0,261586.0,60.0,470.0
ZAF,South Africa,COM,MR|MCF,MCF/LWAL/CDM+ERM/H:2/COM,TOTAL,8691.0,1265662008.0,223352117.0,0.0,2260111.0,1489014126.0,1120586.0,0.0,260.0,560.0
ZAF,South Africa,IND,MR|MCF,MCF/LWAL/CDM+ERM/H:2/IND,TOTAL,1867.0,421136027.0,140378678.0,0.0,896034.0,561514700.0,441557.0,0.0,480.0,470.0
ZAF,South Africa,RES,MR|MCF,MCF/LWAL/CDM+ERM/H:2/RES,URBAN,255048.0,12079372837.0,2131654029.0,814571.0,25700793.0,14211026866.0,8816193.0,261585.0,101.0,470.0
ZAF,South Africa,COM,MR|MCF,MCF/LWAL/CDM+ERM/H:3-6/COM,TOTAL,772.0,389434546.0,68723744.0,0.0,695419.0,458158289.0,345335.0,0.0,901.0,560.0
ZAF,South Africa,RES,MR|MCF,MCF/LWAL/CDM+ERM/H:3-6/RES,URBAN,7267.0,2322299535.0,409817566.0,181016.0,4941063.0,2732117099.0,1697385.0,58130.0,680.0,470.0
ZAF,South Africa,RES,OT,ME+MEO/LWAL/CDN+ERM/H:1/RES,RURAL,498556.0,2991320465.0,747830116.0,1549643.0,29913205.0,3739150581.0,11026829.0,498556.0,60.0,100.0
ZAF,South Africa,RES,OT,ME+MEO/LWAL/CDN+ERM/H:1/RES,URBAN,1688534.0,14183690256.0,3545922563.0,5255111.0,101312073.0,17729612821.0,37346412.0,1688534.0,60.0,140.0
ZAF,South Africa,COM,ADO|ST|E,MUR+ADO/LWAL/CDN+ERN/H:1/COM,TOTAL,45028.0,1521943638.0,380485910.0,0.0,5853629.0,1902429547.0,3642789.0,0.0,130.0,260.0
ZAF,South Africa,RES,ADO|ST|E,MUR+ADO/LWAL/CDN+ERN/H:1/RES,RURAL,587093.0,3874817751.0,683791369.0,1827264.0,35225616.0,4558609118.0,16328705.0,587093.0,60.0,110.0
ZAF,South Africa,COM,ADO|ST|E,MUR+ADO/LWAL/CDN+ERN/H:2/COM,TOTAL,22515.0,1521945237.0,380486309.0,0.0,5853636.0,1902431542.0,3644943.0,0.0,260.0,260.0
ZAF,South Africa,RES,ADO|ST|E,MUR+ADO/LWAL/CDN+ERN/H:2/RES,RURAL,572416.0,6345014094.0,1119708368.0,1827257.0,57681946.0,7464722463.0,26753204.0,587091.0,101.0,110.0
ZAF,South Africa,COM,MUR,MUR+CB/LWAL/CDN+ERN/H:1/COM,TOTAL,91238.0,5337415451.0,1334353862.0,0.0,11860923.0,6671769319.0,8680800.0,0.0,130.0,450.0
ZAF,South Africa,IND,MUR,MUR+CB/LWAL/CDN+ERN/H:1/IND,TOTAL,28710.0,1958376988.0,652792330.0,0.0,6317345.0,2611169317.0,4333675.0,0.0,220.0,310.0
ZAF,South Africa,RES,MUR,MUR+CB/LWAL/CDN+ERN/H:1/RES,RURAL,521066.0,7816008179.0,1379295562.0,1624370.0,31264033.0,9195303742.0,17315751.0,521066.0,60.0,250.0
ZAF,South Africa,RES,MUR,MUR+CB/LWAL/CDN+ERN/H:1/RES,URBAN,929938.0,21760545989.0,3840096350.0,2899995.0,55796272.0,25600642339.0,30903063.0,929938.0,60.0,390.0
ZAF,South Africa,COM,MUR,MUR+CB/LWAL/CDN+ERN/H:2/COM,TOTAL,45619.0,5337413485.0,1334353368.0,0.0,11860919.0,6671766858.0,8685756.0,0.0,260.0,450.0
ZAF,South Africa,IND,MUR,MUR+CB/LWAL/CDN+ERN/H:2/IND,TOTAL,9570.0,1424273509.0,474757838.0,0.0,4594431.0,1899031343.0,3153672.0,0.0,480.0,310.0
ZAF,South Africa,RES,MUR,MUR+CB/LWAL/CDN+ERN/H:2/RES,RURAL,508040.0,12798713669.0,2258596527.0,1624366.0,51194855.0,15057310196.0,28369506.0,521065.0,101.0,250.0
ZAF,South Africa,RES,MUR,MUR+CB/LWAL/CDN+ERN/H:2/RES,URBAN,906687.0,35632895194.0,6288157976.0,2899994.0,91366398.0,41921053168.0,50630471.0,929938.0,101.0,390.0
ZAF,South Africa,COM,MUR,MUR+CB/LWAL/CDN+ERN/H:3/COM,TOTAL,3202.0,648128427.0,162032109.0,0.0,1440285.0,810160528.0,1055324.0,0.0,450.0,450.0
ZAF,South Africa,RES,MUR,MUR+CB/LWAL/CDN+ERN/H:3/RES,RURAL,42735.0,1572914752.0,277573188.0,170984.0,6291659.0,1850487944.0,3488347.0,54848.0,147.0,250.0
ZAF,South Africa,RES,MUR,MUR+CB/LWAL/CDN+ERN/H:3/RES,URBAN,76273.0,4379150923.0,772791338.0,305267.0,11228592.0,5151942262.0,6225579.0,97890.0,147.0,390.0
ZAF,South Africa,COM,MUR,MUR+CL/LWAL/CDN+ERN/H:1/COM,TOTAL,126631.0,7407740498.0,1851935122.0,0.0,16461646.0,9259675625.0,10244296.0,0.0,130.0,450.0
ZAF,South Africa,IND,MUR,MUR+CL/LWAL/CDN+ERN/H:1/IND,TOTAL,45791.0,3123150627.0,1041050207.0,0.0,10074679.0,4164200839.0,5856330.0,0.0,220.0,310.0
ZAF,South Africa,RES,MUR,MUR+CL/LWAL/CDN+ERN/H:1/RES,URBAN,1374384.0,32160584481.0,5675397261.0,4277393.0,82463037.0,37835981742.0,38225437.0,1374384.0,60.0,390.0
ZAF,South Africa,RES,MUR,MUR+CL/LWAL/CDN+ERN/H:1/RES,RURAL,478062.0,7170928581.0,1265457985.0,1487916.0,28683714.0,8436386568.0,13296230.0,478062.0,60.0,250.0
ZAF,South Africa,COM,MUR,MUR+CL/LWAL/CDN+ERN/H:2/COM,TOTAL,63312.0,7407742106.0,1851935528.0,0.0,16461649.0,9259677633.0,10250342.0,0.0,260.0,450.0
ZAF,South Africa,IND,MUR,MUR+CL/LWAL/CDN+ERN/H:2/IND,TOTAL,15265.0,2271379134.0,757126377.0,0.0,7327029.0,3028505513.0,4261857.0,0.0,480.0,310.0
ZAF,South Africa,RES,MUR,MUR+CL/LWAL/CDN+ERN/H:2/RES,RURAL,466111.0,11742396638.0,2072187642.0,1487919.0,46969587.0,13814584284.0,21784753.0,478063.0,101.0,250.0
ZAF,South Africa,RES,MUR,MUR+CL/LWAL/CDN+ERN/H:2/RES,URBAN,1340022.0,52662955897.0,9293462805.0,4277393.0,135033220.0,61956418703.0,62629150.0,1374384.0,101.0,390.0
ZAF,South Africa,COM,MUR,MUR+CL/LWAL/CDN+ERN/H:3/COM,TOTAL,4444.0,899723149.0,224930785.0,0.0,1999385.0,1124653929.0,1245711.0,0.0,450.0,450.0
ZAF,South Africa,RES,MUR,MUR+CL/LWAL/CDN+ERN/H:3/RES,RURAL,39209.0,1443096586.0,254664101.0,156628.0,5772386.0,1697760690.0,2678761.0,50324.0,147.0,250.0
ZAF,South Africa,RES,MUR,MUR+CL/LWAL/CDN+ERN/H:3/RES,URBAN,112725.0,6472081455.0,1142132020.0,450255.0,16595081.0,7614213478.0,7701191.0,144673.0,147.0,390.0
ZAF,South Africa,COM,MUR,MUR+CLBLH/LWAL/CDN+ERN/H:1/COM,TOTAL,14793.0,865541832.0,216385456.0,0.0,1923426.0,1081927292.0,1196973.0,0.0,130.0,450.0
ZAF,South Africa,IND,MUR,MUR+CLBLH/LWAL/CDN+ERN/H:1/IND,TOTAL,4614.0,314970537.0,104990181.0,0.0,1016034.0,419960714.0,590612.0,0.0,220.0,310.0
ZAF,South Africa,RES,MUR,MUR+CLBLH/LWAL/CDN+ERN/H:1/RES,RURAL,159350.0,2390237278.0,421806579.0,496952.0,9560949.0,2812043856.0,4431943.0,159350.0,60.0,250.0
ZAF,South Africa,RES,MUR,MUR+CLBLH/LWAL/CDN+ERN/H:1/RES,URBAN,39733.0,929759469.0,164075200.0,123926.0,2383999.0,1093834669.0,1105094.0,39733.0,60.0,390.0
ZAF,South Africa,COM,MUR,MUR+CLBLH/LWAL/CDN+ERN/H:2/COM,TOTAL,7398.0,865542805.0,216385704.0,0.0,1923428.0,1081928505.0,1197681.0,0.0,260.0,450.0
ZAF,South Africa,IND,MUR,MUR+CLBLH/LWAL/CDN+ERN/H:2/IND,TOTAL,1535.0,229069394.0,76356465.0,0.0,738934.0,305425858.0,429810.0,0.0,481.0,310.0
ZAF,South Africa,RES,MUR,MUR+CLBLH/LWAL/CDN+ERN/H:2/RES,URBAN,38740.0,1522481185.0,268673151.0,123930.0,3903798.0,1791154336.0,1810603.0,39734.0,101.0,390.0
ZAF,South Africa,RES,MUR,MUR+CLBLH/LWAL/CDN+ERN/H:2/RES,RURAL,155365.0,3914013668.0,690708295.0,496941.0,15656055.0,4604721961.0,7261364.0,159347.0,101.0,250.0
ZAF,South Africa,COM,MUR,MUR+CLBLH/LWAL/CDN+ERN/H:3/COM,TOTAL,519.0,104760621.0,26190156.0,0.0,232801.0,130950774.0,145046.0,0.0,449.0,450.0
ZAF,South Africa,RES,MUR,MUR+CLBLH/LWAL/CDN+ERN/H:3/RES,RURAL,13069.0,481018070.0,84885541.0,52306.0,1924072.0,565903610.0,892894.0,16772.0,147.0,250.0
ZAF,South Africa,RES,MUR,MUR+CLBLH/LWAL/CDN+ERN/H:3/RES,URBAN,3257.0,187106688.0,33018826.0,13042.0,479761.0,220125514.0,222640.0,4182.0,147.0,390.0
ZAF,South Africa,COM,ADO|ST|E,MUR+STDRE/LWAL/CDN+ERN/H:1/COM,TOTAL,80719.0,8289819058.0,2072454765.0,0.0,10493442.0,10362273826.0,6530205.0,0.0,130.0,790.0
ZAF,South Africa,IND,ADO|ST|E,MUR+STDRE/LWAL/CDN+ERN/H:1/IND,TOTAL,25573.0,3375425699.0,1125141901.0,0.0,5625709.0,4500567597.0,3270180.0,0.0,220.0,600.0
ZAF,South Africa,RES,ADO|ST|E,MUR+STDRE/LWAL/CDN+ERN/H:1/RES,URBAN,1374384.0,48653191907.0,8585857395.0,4277393.0,82463037.0,57239049301.0,38225437.0,1374384.0,60.0,590.0
ZAF,South Africa,COM,ADO|ST|E,MUR+STDRE/LWAL/CDN+ERN/H:2/COM,TOTAL,40359.0,8289822318.0,2072455582.0,0.0,10493446.0,10362277898.0,6534061.0,0.0,260.0,790.0
ZAF,South Africa,IND,ADO|ST|E,MUR+STDRE/LWAL/CDN+ERN/H:2/IND,TOTAL,8525.0,2454852468.0,818284154.0,0.0,4091421.0,3273136627.0,2379826.0,0.0,480.0,600.0
ZAF,South Africa,RES,ADO|ST|E,MUR+STDRE/LWAL/CDN+ERN/H:2/RES,URBAN,1340022.0,79669599947.0,14059341169.0,4277393.0,135033220.0,93728941116.0,62629150.0,1374384.0,101.0,590.0
ZAF,South Africa,COM,ADO|ST|E,MUR+STDRE/LWAL/CDN+ERN/H:3/COM,TOTAL,2833.0,1006859830.0,251714960.0,0.0,1274506.0,1258574789.0,794078.0,0.0,450.0,790.0
ZAF,South Africa,RES,ADO|ST|E,MUR+STDRE/LWAL/CDN+ERN/H:3/RES,URBAN,112725.0,9791097585.0,1727840751.0,450255.0,16595081.0,11518938335.0,7701191.0,144673.0,147.0,590.0
ZAF,South Africa,COM,ADO|ST|E,MUR+STRUB/LWAL/CDN+ERN/H:1/COM,TOTAL,45028.0,4624367207.0,1156091804.0,0.0,5853629.0,5780459009.0,3642789.0,0.0,130.0,790.0
ZAF,South Africa,IND,ADO|ST|E,MUR+STRUB/LWAL/CDN+ERN/H:1/IND,TOTAL,20776.0,2742753490.0,914251165.0,0.0,4571256.0,3657004653.0,2657234.0,0.0,220.0,600.0
ZAF,South Africa,RES,ADO|ST|E,MUR+STRUB/LWAL/CDN+ERN/H:1/RES,RURAL,587093.0,12681221729.0,2237862657.0,1827264.0,35225616.0,14919084386.0,16328705.0,587093.0,60.0,360.0
ZAF,South Africa,COM,ADO|ST|E,MUR+STRUB/LWAL/CDN+ERN/H:2/COM,TOTAL,22515.0,4624372058.0,1156093017.0,0.0,5853636.0,5780465073.0,3644943.0,0.0,260.0,790.0
ZAF,South Africa,IND,ADO|ST|E,MUR+STRUB/LWAL/CDN+ERN/H:2/IND,TOTAL,6926.0,1994731305.0,664910433.0,0.0,3324552.0,2659641734.0,1933767.0,0.0,480.0,600.0
ZAF,South Africa,RES,ADO|ST|E,MUR+STRUB/LWAL/CDN+ERN/H:2/RES,RURAL,572416.0,20765500669.0,3664500118.0,1827257.0,57681946.0,24430000786.0,26753204.0,587091.0,101.0,360.0
ZAF,South Africa,IND,S,S+SL/LFM/CDL+ERL/H:1/IND,TOTAL,20294.0,2097953150.0,899122778.0,0.0,4463730.0,2997075923.0,1523403.0,0.0,220.0,470.0
ZAF,South Africa,IND,S,S+SL/LFM/CDL+ERL/H:2/IND,TOTAL,6762.0,1525779426.0,653905461.0,0.0,3246339.0,2179684891.0,1108655.0,0.0,480.0,470.0
ZAF,South Africa,IND,S,S+SL/LFM/CDM+ERM/H:1/IND,TOTAL,4255.0,440349060.0,188721024.0,0.0,936913.0,629070079.0,319754.0,0.0,220.0,470.0
ZAF,South Africa,IND,S,S+SL/LFM/CDM+ERM/H:2/IND,TOTAL,1418.0,320257704.0,137253301.0,0.0,681399.0,457511014.0,232704.0,0.0,481.0,470.0
ZAF,South Africa,IND,S,S/LFM/CDL+ERL/H:1/IND,TOTAL,30998.0,3205265981.0,1373685425.0,0.0,6819715.0,4578951401.0,2327464.0,0.0,220.0,470.0
ZAF,South Africa,IND,S,S/LFM/CDL+ERL/H:2/IND,TOTAL,10331.0,2331099375.0,999042589.0,0.0,4959786.0,3330141965.0,1693813.0,0.0,480.0,470.0
ZAF,South Africa,IND,S,S/LFM/CDM+ERM/H:1/IND,TOTAL,6504.0,672774022.0,288331728.0,0.0,1431434.0,961105750.0,488527.0,0.0,220.0,470.0
ZAF,South Africa,IND,S,S/LFM/CDM+ERM/H:2/IND,TOTAL,2170.0,489287135.0,209694483.0,0.0,1041036.0,698981619.0,355524.0,0.0,480.0,470.0
ZAF,South Africa,RES,W,W+WWD/LWAL/CDN+ERM/H:1/RES,URBAN,12248.0,374823107.0,93705777.0,38202.0,734947.0,468528883.0,77731.0,12248.0,60.0,510.0
ZAF,South Africa,RES,W,W+WWD/LWAL/CDN+ERM/H:1/RES,RURAL,29926.0,574574252.0,143643562.0,93337.0,1795545.0,718217816.0,189903.0,29926.0,60.0,320.0
ZAF,South Africa,RES,W,W+WWD/LWAL/CDN+ERM/H:2/RES,URBAN,5117.0,263045652.0,65761413.0,16373.0,515776.0,328807065.0,54584.0,5249.0,101.0,510.0
ZAF,South Africa,RES,W,W+WWD/LWAL/CDN+ERM/H:2/RES,RURAL,12507.0,403228302.0,100807075.0,39993.0,1260088.0,504035379.0,133355.0,12823.0,101.0,320.0
ZAF,South Africa,COM,W,W/LWAL/CDL+ERM/H:1/COM,TOTAL,4645.0,410610258.0,136870085.0,0.0,603839.0,547480348.0,115271.0,0.0,130.0,680.0
ZAF,South Africa,RES,W,W/LWAL/CDL+ERM/H:1/RES,RURAL,5404.0,103723062.0,25930765.0,16854.0,324135.0,129653828.0,34282.0,5404.0,60.0,320.0
ZAF,South Africa,RES,W,W/LWAL/CDL+ERM/H:1/RES,URBAN,65230.0,1996030758.0,499007689.0,203401.0,3913786.0,2495038446.0,413936.0,65230.0,60.0,510.0
ZAF,South Africa,COM,W,W/LWAL/CDL+ERM/H:2/COM,TOTAL,2320.0,410612299.0,136870767.0,0.0,603842.0,547483062.0,115326.0,0.0,260.0,680.0
ZAF,South Africa,RES,W,W/LWAL/CDL+ERM/H:2/RES,RURAL,5265.0,169846697.0,42461674.0,16840.0,530771.0,212308374.0,56171.0,5399.0,101.0,320.0
ZAF,South Africa,RES,W,W/LWAL/CDL+ERM/H:2/RES,URBAN,63599.0,3268500581.0,817125145.0,203401.0,6408825.0,4085625726.0,678243.0,65229.0,101.0,510.0
ZAF,South Africa,COM,W,W/LWAL/CDM+ERM/H:1/COM,TOTAL,2988.0,264363821.0,88121275.0,0.0,388770.0,352485094.0,74215.0,0.0,130.0,680.0
ZAF,South Africa,RES,W,W/LWAL/CDM+ERM/H:1/RES,RURAL,3480.0,66789786.0,16697447.0,10853.0,208718.0,83487235.0,22075.0,3480.0,60.0,320.0
ZAF,South Africa,RES,W,W/LWAL/CDM+ERM/H:1/RES,URBAN,42005.0,1285295234.0,321323808.0,130981.0,2520187.0,1606619043.0,266544.0,42005.0,60.0,510.0
ZAF,South Africa,COM,W,W/LWAL/CDM+ERM/H:2/COM,TOTAL,1500.0,264399836.0,88133278.0,0.0,388823.0,352533117.0,74260.0,0.0,259.0,680.0
ZAF,South Africa,RES,W,W/LWAL/CDM+ERM/H:2/RES,RURAL,3391.0,109368305.0,27342075.0,10856.0,341776.0,136710384.0,36170.0,3481.0,101.0,320.0
ZAF,South Africa,RES,W,W/LWAL/CDM+ERM/H:2/RES,URBAN,40951.0,2104670848.0,526167713.0,130970.0,4126806.0,2630838562.0,436738.0,42001.0,101.0,510.0
SSD,South Sudan,COM,CR-,CR/LFINF/CDL+ERL/H:1/COM,TOTAL,111.0,7732079.0,1364486.0,0.0,14319.0,9096565.0,7094.0,0.0,129.0,540.0
SSD,South Sudan,IND,CR-,CR/LFINF/CDL+ERL/H:1/IND,TOTAL,383.0,50069068.0,16689690.0,0.0,83448.0,66758754.0,41086.0,0.0,218.0,600.0
SSD,South Sudan,RES,CR-,CR/LFINF/CDL+ERL/H:1/RES,URBAN,2094.0,56574950.0,9983816.0,11341.0,125722.0,66558765.0,43096.0,2094.0,60.0,450.0
SSD,South Sudan,COM,CR-,CR/LFINF/CDL+ERL/H:2/COM,TOTAL,201.0,28285711.0,4991596.0,0.0,52381.0,33277310.0,25971.0,0.0,261.0,540.0
SSD,South Sudan,IND,CR-,CR/LFINF/CDL+ERL/H:2/IND,TOTAL,130.0,36412705.0,12137568.0,0.0,60688.0,48550277.0,29906.0,0.0,467.0,600.0
SSD,South Sudan,RES,CR-,CR/LFINF/CDL+ERL/H:2/RES,URBAN,7151.0,324243071.0,57219365.0,39709.0,720540.0,381462433.0,247168.0,7331.0,101.0,450.0
SSD,South Sudan,COM,CR-,CR/LFINF/CDL+ERL/H:3/COM,TOTAL,129.0,30293207.0,5345859.0,0.0,56099.0,35639070.0,27836.0,0.0,435.0,540.0
SSD,South Sudan,RES,CR-,CR/LFINF/CDL+ERL/H:3/RES,URBAN,5714.0,378558284.0,66804402.0,39728.0,841241.0,445362687.0,288780.0,7334.0,147.0,450.0
SSD,South Sudan,COM,CR-,CR/LFINF/CDL+ERL/H:4-7/COM,TOTAL,32.0,20218506.0,3567972.0,0.0,37442.0,23786478.0,18622.0,0.0,1170.0,540.0
SSD,South Sudan,RES,CR-,CR/LFINF/CDL+ERL/H:4-7/RES,URBAN,261.0,113148540.0,19967389.0,17040.0,251441.0,133115927.0,86501.0,3145.0,963.0,450.0
SSD,South Sudan,COM,CR-,CR/LFINF/CDL+ERL/H:>7/COM,TOTAL,1.0,2320021.0,409415.0,0.0,4296.0,2729436.0,2140.0,0.0,4296.0,540.0
SSD,South Sudan,RES,CR-,CR/LFINF/CDL+ERL/H:>7/RES,URBAN,65.0,35358549.0,6239744.0,5683.0,78575.0,41598294.0,27070.0,1048.0,1209.0,450.0
SSD,South Sudan,RES,OT,INF/LN/CDN+ERN/H:1/EWV/RES,RURAL,248340.0,596014574.0,105179043.0,1345276.0,14900364.0,701193616.0,198939.0,248340.0,60.0,40.0
SSD,South Sudan,RES,OT,INF/LN/CDN+ERN/H:1/EWV/RES,URBAN,9525.0,57145784.0,10084550.0,51595.0,571458.0,67230333.0,7630.0,9525.0,60.0,100.0
SSD,South Sudan,RES,OT,MATO/LN/CDN+ERN/H:1/RES,RURAL,35477.0,85144945.0,15025577.0,192186.0,2128624.0,100170525.0,978017.0,35477.0,60.0,40.0
SSD,South Sudan,RES,OT,MATO/LN/CDN+ERN/H:1/RES,URBAN,9525.0,57145784.0,10084550.0,51595.0,571458.0,67230333.0,262562.0,9525.0,60.0,100.0
SSD,South Sudan,COM,MR|MCF,MCF+CB/LWAL/CDL+ERL/H:1/COM,TOTAL,367.0,25539893.0,6384978.0,0.0,47296.0,31924869.0,26346.0,0.0,129.0,540.0
SSD,South Sudan,IND,MR|MCF,MCF+CB/LWAL/CDL+ERL/H:1/IND,TOTAL,270.0,35273091.0,11757698.0,0.0,58788.0,47030787.0,32858.0,0.0,218.0,600.0
SSD,South Sudan,RES,MR|MCF,MCF+CB/LWAL/CDL+ERL/H:1/RES,URBAN,6643.0,179366072.0,31652835.0,35984.0,398591.0,211018907.0,156734.0,6643.0,60.0,450.0
SSD,South Sudan,COM,MR|MCF,MCF+CB/LWAL/CDL+ERL/H:2/COM,TOTAL,182.0,25627242.0,6406811.0,0.0,47458.0,32034055.0,26456.0,0.0,261.0,540.0
SSD,South Sudan,IND,MR|MCF,MCF+CB/LWAL/CDL+ERL/H:2/IND,TOTAL,87.0,25653588.0,8551199.0,0.0,42756.0,34204782.0,23918.0,0.0,491.0,600.0
SSD,South Sudan,RES,MR|MCF,MCF+CB/LWAL/CDL+ERL/H:2/RES,URBAN,6481.0,293711134.0,51831378.0,36004.0,652691.0,345542510.0,256829.0,6647.0,101.0,450.0
SSD,South Sudan,COM,MR|MCF,MCF+CB/LWAL/CDL+ERL/H:3-6/COM,TOTAL,11.0,4541318.0,1135329.0,0.0,8410.0,5676648.0,4695.0,0.0,765.0,540.0
SSD,South Sudan,RES,MR|MCF,MCF+CB/LWAL/CDL+ERL/H:3-6/RES,URBAN,181.0,56467067.0,9964774.0,7983.0,125482.0,66431845.0,49445.0,1475.0,693.0,450.0
SSD,South Sudan,COM,MR|MCF,MCF+CL/LWAL/CDL+ERL/H:1/COM,TOTAL,146.0,10431113.0,2607778.0,0.0,19317.0,13038889.0,9570.0,0.0,132.0,540.0
SSD,South Sudan,IND,MR|MCF,MCF+CL/LWAL/CDL+ERL/H:1/IND,TOTAL,123.0,14792508.0,4930833.0,0.0,24654.0,19723341.0,12138.0,0.0,200.0,600.0
SSD,South Sudan,RES,MR|MCF,MCF+CL/LWAL/CDL+ERL/H:1/RES,URBAN,2785.0,75218517.0,13273856.0,15088.0,167152.0,88492373.0,57297.0,2785.0,60.0,450.0
SSD,South Sudan,COM,MR|MCF,MCF+CL/LWAL/CDL+ERL/H:2/COM,TOTAL,73.0,9836018.0,2459009.0,0.0,18215.0,12295023.0,9031.0,0.0,250.0,540.0
SSD,South Sudan,IND,MR|MCF,MCF+CL/LWAL/CDL+ERL/H:2/IND,TOTAL,44.0,10019146.0,3339715.0,0.0,16699.0,13358864.0,8229.0,0.0,380.0,600.0
SSD,South Sudan,RES,MR|MCF,MCF+CL/LWAL/CDL+ERL/H:2/RES,URBAN,2716.0,123170256.0,21735925.0,15088.0,273712.0,144906183.0,93892.0,2785.0,101.0,450.0
SSD,South Sudan,COM,MR|MCF,MCF+CL/LWAL/CDL+ERL/H:3-6/COM,TOTAL,1.0,728402.0,182101.0,0.0,1349.0,910503.0,670.0,0.0,1349.0,540.0
SSD,South Sudan,RES,MR|MCF,MCF+CL/LWAL/CDL+ERL/H:3-6/RES,URBAN,81.0,23679745.0,4178778.0,3324.0,52622.0,27858523.0,18077.0,615.0,650.0,450.0
SSD,South Sudan,RES,OT,ME+MEO/LWAL/CDN+ERM/H:1/RES,RURAL,88693.0,212862258.0,37563928.0,480455.0,5321556.0,250426183.0,207643.0,88693.0,60.0,40.0
SSD,South Sudan,RES,OT,ME+MEO/LWAL/CDN+ERM/H:1/RES,URBAN,38097.0,228583294.0,40338228.0,206375.0,2285833.0,268921521.0,89191.0,38097.0,60.0,100.0
SSD,South Sudan,COM,ADO|ST|E,MUR+ADO/LWAL/CDN+ERN/H:1/COM,TOTAL,8033.0,167085762.0,55695249.0,0.0,1044286.0,222781014.0,88619.0,0.0,130.0,160.0
SSD,South Sudan,RES,ADO|ST|E,MUR+ADO/LWAL/CDN+ERN/H:1/RES,RURAL,160089.0,288162396.0,50852189.0,867214.0,9605413.0,339014582.0,589986.0,160089.0,60.0,30.0
SSD,South Sudan,RES,ADO|ST|E,MUR+ADO/LWAL/CDN+ERN/H:1/RES,URBAN,52025.0,280943267.0,49578222.0,281822.0,3121592.0,330521493.0,191735.0,52025.0,60.0,90.0
SSD,South Sudan,COM,ADO|ST|E,MUR+ADO/LWAL/CDN+ERN/H:2/COM,TOTAL,4017.0,167084328.0,55694777.0,0.0,1044277.0,222779110.0,88875.0,0.0,260.0,160.0
SSD,South Sudan,RES,ADO|ST|E,MUR+ADO/LWAL/CDN+ERN/H:2/RES,URBAN,50727.0,460044529.0,81184327.0,281852.0,5111606.0,541228856.0,314796.0,52029.0,101.0,90.0
SSD,South Sudan,RES,ADO|ST|E,MUR+ADO/LWAL/CDN+ERN/H:2/RES,RURAL,156089.0,471865914.0,83270456.0,867227.0,15728864.0,555136370.0,968654.0,160090.0,101.0,30.0
SSD,South Sudan,COM,ADO|ST|E,MUR+ADO/LWAL/CDN+ERN/H:3/COM,TOTAL,169.0,23492172.0,7830730.0,0.0,146826.0,31322898.0,12532.0,0.0,869.0,160.0
SSD,South Sudan,RES,ADO|ST|E,MUR+ADO/LWAL/CDN+ERN/H:3/RES,URBAN,687.0,41895154.0,7393265.0,29669.0,465502.0,49288417.0,28743.0,5477.0,678.0,90.0
SSD,South Sudan,RES,ADO|ST|E,MUR+ADO/LWAL/CDN+ERN/H:3/RES,RURAL,2111.0,42971597.0,7583223.0,91278.0,1432387.0,50554820.0,88445.0,16850.0,679.0,30.0
SSD,South Sudan,COM,MUR,MUR+CB/LWAL/CDN+ERN/H:1/COM,TOTAL,5403.0,357982507.0,89495628.0,0.0,701926.0,447478134.0,591661.0,0.0,130.0,510.0
SSD,South Sudan,IND,MUR,MUR+CB/LWAL/CDN+ERN/H:1/IND,TOTAL,6263.0,675253504.0,225084499.0,0.0,1378068.0,900338014.0,1108517.0,0.0,220.0,490.0
SSD,South Sudan,RES,MUR,MUR+CB/LWAL/CDN+ERN/H:1/RES,URBAN,56098.0,1110743396.0,196013540.0,303890.0,3365889.0,1306756936.0,2183152.0,56098.0,60.0,330.0
SSD,South Sudan,RES,MUR,MUR+CB/LWAL/CDN+ERN/H:1/RES,RURAL,58981.0,955485575.0,168615101.0,319504.0,3538835.0,1124100674.0,2295327.0,58981.0,60.0,270.0
SSD,South Sudan,COM,MUR,MUR+CB/LWAL/CDN+ERN/H:2/COM,TOTAL,2705.0,357980582.0,89495146.0,0.0,701923.0,447475726.0,591974.0,0.0,259.0,510.0
SSD,South Sudan,IND,MUR,MUR+CB/LWAL/CDN+ERN/H:2/IND,TOTAL,2090.0,491092752.0,163697585.0,0.0,1002230.0,654790347.0,806651.0,0.0,480.0,490.0
SSD,South Sudan,RES,MUR,MUR+CB/LWAL/CDN+ERN/H:2/RES,RURAL,57509.0,1564607018.0,276107121.0,319536.0,5794841.0,1840714137.0,3760445.0,58984.0,101.0,270.0
SSD,South Sudan,RES,MUR,MUR+CB/LWAL/CDN+ERN/H:2/RES,URBAN,54694.0,1818843325.0,320972350.0,303891.0,5511646.0,2139815673.0,3576672.0,56098.0,101.0,330.0
SSD,South Sudan,COM,MUR,MUR+CB/LWAL/CDN+ERN/H:3/COM,TOTAL,105.0,47437447.0,11859359.0,0.0,93015.0,59296805.0,78487.0,0.0,886.0,510.0
SSD,South Sudan,RES,MUR,MUR+CB/LWAL/CDN+ERN/H:3/RES,RURAL,772.0,142484847.0,25144385.0,33610.0,527722.0,167629230.0,342623.0,6206.0,684.0,270.0
SSD,South Sudan,RES,MUR,MUR+CB/LWAL/CDN+ERN/H:3/RES,URBAN,735.0,165637683.0,29230180.0,31972.0,501932.0,194867863.0,325879.0,5903.0,683.0,330.0
SSD,South Sudan,COM,MUR,MUR+CL/LWAL/CDN+ERN/H:1/COM,TOTAL,4004.0,265274107.0,66318526.0,0.0,520145.0,331592629.0,323825.0,0.0,130.0,510.0
SSD,South Sudan,IND,MUR,MUR+CL/LWAL/CDN+ERN/H:1/IND,TOTAL,5166.0,557135517.0,185711840.0,0.0,1137011.0,742847357.0,655159.0,0.0,220.0,490.0
SSD,South Sudan,RES,MUR,MUR+CL/LWAL/CDN+ERN/H:1/RES,RURAL,58981.0,955485575.0,168615101.0,319504.0,3538835.0,1124100674.0,1625952.0,58981.0,60.0,270.0
SSD,South Sudan,RES,MUR,MUR+CL/LWAL/CDN+ERN/H:1/RES,URBAN,23526.0,465795521.0,82199211.0,127438.0,1411502.0,547994732.0,648528.0,23526.0,60.0,330.0
SSD,South Sudan,COM,MUR,MUR+CL/LWAL/CDN+ERN/H:2/COM,TOTAL,2000.0,265271457.0,66317863.0,0.0,520140.0,331589319.0,324005.0,0.0,260.0,510.0
SSD,South Sudan,IND,MUR,MUR+CL/LWAL/CDN+ERN/H:2/IND,TOTAL,1720.0,405187764.0,135062586.0,0.0,826914.0,540250358.0,476767.0,0.0,481.0,490.0
SSD,South Sudan,RES,MUR,MUR+CL/LWAL/CDN+ERN/H:2/RES,URBAN,22936.0,762740228.0,134601218.0,127438.0,2311334.0,897341442.0,1062532.0,23526.0,101.0,330.0
SSD,South Sudan,RES,MUR,MUR+CL/LWAL/CDN+ERN/H:2/RES,RURAL,57509.0,1564607018.0,276107121.0,319536.0,5794841.0,1840714137.0,2663919.0,58984.0,101.0,270.0
SSD,South Sudan,COM,MUR,MUR+CL/LWAL/CDN+ERN/H:3/COM,TOTAL,79.0,34983815.0,8745953.0,0.0,68596.0,43729769.0,42754.0,0.0,868.0,510.0
SSD,South Sudan,RES,MUR,MUR+CL/LWAL/CDN+ERN/H:3/RES,URBAN,306.0,69460134.0,12257671.0,13408.0,210485.0,81717804.0,96813.0,2475.0,688.0,330.0
SSD,South Sudan,RES,MUR,MUR+CL/LWAL/CDN+ERN/H:3/RES,RURAL,772.0,142484847.0,25144385.0,33610.0,527722.0,167629230.0,242726.0,6206.0,684.0,270.0
SSD,South Sudan,COM,ADO|ST|E,MUR+STDRE/LWAL/CDN+ERN/H:1/COM,TOTAL,605.0,47017664.0,15672553.0,0.0,78363.0,62690219.0,23826.0,0.0,130.0,600.0
SSD,South Sudan,IND,ADO|ST|E,MUR+STDRE/LWAL/CDN+ERN/H:1/IND,TOTAL,544.0,59846622.0,32225099.0,0.0,119693.0,92071725.0,35365.0,0.0,220.0,500.0
SSD,South Sudan,RES,ADO|ST|E,MUR+STDRE/LWAL/CDN+ERN/H:1/RES,URBAN,18096.0,564600734.0,99635423.0,98023.0,1085771.0,664236156.0,258155.0,18096.0,60.0,520.0
SSD,South Sudan,COM,ADO|ST|E,MUR+STDRE/LWAL/CDN+ERN/H:2/COM,TOTAL,297.0,47019033.0,15673010.0,0.0,78365.0,62692044.0,23859.0,0.0,264.0,600.0
SSD,South Sudan,IND,ADO|ST|E,MUR+STDRE/LWAL/CDN+ERN/H:2/IND,TOTAL,178.0,43523421.0,23435689.0,0.0,87047.0,66959109.0,25756.0,0.0,489.0,500.0
SSD,South Sudan,RES,ADO|ST|E,MUR+STDRE/LWAL/CDN+ERN/H:2/RES,URBAN,17641.0,924533121.0,163152904.0,98023.0,1777948.0,1087686023.0,423216.0,18096.0,101.0,520.0
SSD,South Sudan,COM,ADO|ST|E,MUR+STDRE/LWAL/CDN+ERN/H:3/COM,TOTAL,12.0,5421557.0,1807185.0,0.0,9036.0,7228743.0,2755.0,0.0,753.0,600.0
SSD,South Sudan,RES,ADO|ST|E,MUR+STDRE/LWAL/CDN+ERN/H:3/RES,URBAN,240.0,84194949.0,14857934.0,10318.0,161913.0,99052881.0,38586.0,1904.0,675.0,520.0
SSD,South Sudan,COM,ADO|ST|E,MUR+STRUB/LWAL/CDN+ERN/H:1/COM,TOTAL,3647.0,284491599.0,94830533.0,0.0,474153.0,379322136.0,144163.0,0.0,130.0,600.0
SSD,South Sudan,IND,ADO|ST|E,MUR+STRUB/LWAL/CDN+ERN/H:1/IND,TOTAL,6146.0,676162246.0,364087363.0,0.0,1352324.0,1040249609.0,399564.0,0.0,220.0,500.0
SSD,South Sudan,RES,ADO|ST|E,MUR+STRUB/LWAL/CDN+ERN/H:1/RES,RURAL,92685.0,1946360015.0,343475295.0,502079.0,5561029.0,2289835310.0,1322200.0,92685.0,60.0,350.0
SSD,South Sudan,COM,ADO|ST|E,MUR+STRUB/LWAL/CDN+ERN/H:2/COM,TOTAL,1822.0,284492326.0,94830775.0,0.0,474154.0,379323106.0,144362.0,0.0,260.0,600.0
SSD,South Sudan,IND,ADO|ST|E,MUR+STRUB/LWAL/CDN+ERN/H:2/IND,TOTAL,2044.0,491753719.0,264790465.0,0.0,983507.0,756544184.0,291002.0,0.0,481.0,500.0
SSD,South Sudan,RES,ADO|ST|E,MUR+STRUB/LWAL/CDN+ERN/H:2/RES,RURAL,90365.0,3187163857.0,562440680.0,502058.0,9106182.0,3749604539.0,2167599.0,92681.0,101.0,350.0
SSD,South Sudan,COM,ADO|ST|E,MUR+STRUB/LWAL/CDN+ERN/H:3/COM,TOTAL,73.0,38827907.0,12942637.0,0.0,64713.0,51770546.0,19730.0,0.0,886.0,600.0
SSD,South Sudan,RES,ADO|ST|E,MUR+STRUB/LWAL/CDN+ERN/H:3/RES,RURAL,1223.0,290246043.0,51219890.0,52846.0,829274.0,341465933.0,197625.0,9756.0,678.0,350.0
SSD,South Sudan,IND,S,S+SL/LFM/CDL+ERL/H:1/IND,TOTAL,5016.0,662767961.0,220922657.0,0.0,1104613.0,883690617.0,376988.0,0.0,220.0,600.0
SSD,South Sudan,IND,S,S+SL/LFM/CDL+ERL/H:2/IND,TOTAL,1668.0,482017126.0,160672377.0,0.0,803362.0,642689499.0,274356.0,0.0,482.0,600.0
SSD,South Sudan,IND,S,S/LFM/CDL+ERL/H:1/IND,TOTAL,2378.0,313608645.0,104536211.0,0.0,522681.0,418144862.0,178383.0,0.0,220.0,600.0
SSD,South Sudan,IND,S,S/LFM/CDL+ERL/H:2/IND,TOTAL,792.0,228082367.0,76027458.0,0.0,380137.0,304109819.0,129821.0,0.0,480.0,600.0
SSD,South Sudan,RES,W,W+WWD/LWAL/CDN+ERM/H:1/RES,RURAL,325947.0,1564538098.0,391134524.0,1765686.0,19556726.0,1955672620.0,261107.0,325947.0,60.0,80.0
SSD,South Sudan,RES,W,W+WWD/LWAL/CDN+ERM/H:1/RES,URBAN,32501.0,585030791.0,146257699.0,176061.0,1950103.0,731288492.0,26036.0,32501.0,60.0,300.0
SSD,South Sudan,RES,W,W+WWD/LWAL/CDN+ERM/H:2/RES,RURAL,136197.0,1097970556.0,274492639.0,756723.0,13724632.0,1372463197.0,183351.0,139691.0,101.0,80.0
SSD,South Sudan,RES,W,W+WWD/LWAL/CDN+ERM/H:2/RES,URBAN,13582.0,410565666.0,102641416.0,75486.0,1368552.0,513207085.0,18283.0,13933.0,101.0,300.0
SSD,South Sudan,COM,W,W/LWAL/CDL+ERM/H:1/COM,TOTAL,10597.0,551075240.0,183691748.0,0.0,1377688.0,734766989.0,262996.0,0.0,130.0,400.0
SSD,South Sudan,RES,W,W/LWAL/CDL+ERM/H:1/RES,RURAL,62085.0,298007219.0,74501805.0,336315.0,3725090.0,372509024.0,393978.0,62085.0,60.0,80.0
SSD,South Sudan,RES,W,W/LWAL/CDL+ERM/H:1/RES,URBAN,6189.0,111434665.0,27858665.0,33522.0,371449.0,139293330.0,39286.0,6189.0,60.0,300.0
SSD,South Sudan,COM,W,W/LWAL/CDL+ERM/H:2/COM,TOTAL,5298.0,551076190.0,183692057.0,0.0,1377690.0,734768259.0,263120.0,0.0,260.0,400.0
SSD,South Sudan,RES,W,W/LWAL/CDL+ERM/H:2/RES,RURAL,60532.0,487986736.0,121996684.0,336331.0,6099834.0,609983420.0,645543.0,62086.0,101.0,80.0
SSD,South Sudan,RES,W,W/LWAL/CDL+ERM/H:2/RES,URBAN,6035.0,182474471.0,45618619.0,33548.0,608248.0,228093088.0,64371.0,6193.0,101.0,300.0
SSD,South Sudan,COM,W,W/LWAL/CDL+ERM/H:3/COM,TOTAL,1771.0,317791853.0,105930616.0,0.0,794480.0,423722469.0,151807.0,0.0,449.0,400.0
SSD,South Sudan,RES,W,W/LWAL/CDL+ERM/H:3/RES,RURAL,24183.0,284866095.0,71216524.0,168139.0,3560826.0,356082621.0,377076.0,31040.0,147.0,80.0
SSD,South Sudan,RES,W,W/LWAL/CDL+ERM/H:3/RES,URBAN,2415.0,106519630.0,26629908.0,16780.0,355065.0,133149541.0,37600.0,3097.0,147.0,300.0
SDN,Sudan,COM,CR-,CR/LFINF/CDL+ERL/H:1/COM,TOTAL,946.0,55267817.0,9753144.0,0.0,122817.0,65020960.0,60847.0,0.0,130.0,450.0
SDN,Sudan,IND,CR-,CR/LFINF/CDL+ERL/H:1/IND,TOTAL,1985.0,139360319.0,46453436.0,0.0,435501.0,185813764.0,214417.0,0.0,219.0,320.0
SDN,Sudan,RES,CR-,CR/LFINF/CDL+ERL/H:1/RES,URBAN,14924.0,268611855.0,47402091.0,83325.0,895373.0,316013946.0,306920.0,14924.0,60.0,300.0
SDN,Sudan,COM,CR-,CR/LFINF/CDL+ERL/H:2/COM,TOTAL,1649.0,193716351.0,34185239.0,0.0,430481.0,227901593.0,213437.0,0.0,261.0,450.0
SDN,Sudan,IND,CR-,CR/LFINF/CDL+ERL/H:2/IND,TOTAL,662.0,101352376.0,33784126.0,0.0,316726.0,135136503.0,156080.0,0.0,478.0,320.0
SDN,Sudan,RES,CR-,CR/LFINF/CDL+ERL/H:2/RES,URBAN,50923.0,1539490224.0,271674744.0,291625.0,5131634.0,1811164971.0,1760314.0,52231.0,101.0,300.0
SDN,Sudan,COM,CR-,CR/LFINF/CDL+ERL/H:3/COM,TOTAL,1105.0,223522386.0,39445127.0,0.0,496716.0,262967523.0,246470.0,0.0,450.0,450.0
SDN,Sudan,RES,CR-,CR/LFINF/CDL+ERL/H:3/RES,URBAN,40694.0,1797377896.0,317184333.0,291612.0,5991260.0,2114562234.0,2056674.0,52229.0,147.0,300.0
SDN,Sudan,COM,CR-,CR/LFINF/CDL+ERL/H:4-7/COM,TOTAL,283.0,151894179.0,26804855.0,0.0,337543.0,178699035.0,167880.0,0.0,1193.0,450.0
SDN,Sudan,RES,CR-,CR/LFINF/CDL+ERL/H:4-7/RES,URBAN,1865.0,537227214.0,94804803.0,124990.0,1790757.0,632032014.0,616057.0,22386.0,960.0,300.0
SDN,Sudan,COM,CR-,CR/LFINF/CDL+ERL/H:>7/COM,TOTAL,43.0,59503899.0,10500689.0,0.0,132231.0,70004586.0,65869.0,0.0,3075.0,450.0
SDN,Sudan,RES,CR-,CR/LFINF/CDL+ERL/H:>7/RES,URBAN,466.0,167882909.0,29626395.0,41634.0,559610.0,197509304.0,192794.0,7457.0,1201.0,300.0
SDN,Sudan,RES,OT,INF/LN/CDN+ERN/H:1/EWV/RES,RURAL,820581.0,5908199571.0,1042623454.0,4581593.0,49234996.0,6950823027.0,657349.0,820581.0,60.0,120.0
SDN,Sudan,RES,OT,INF/LN/CDN+ERN/H:1/EWV/RES,URBAN,67833.0,325591900.0,57457395.0,378736.0,4069899.0,383049292.0,54338.0,67833.0,60.0,80.0
SDN,Sudan,RES,OT,MATO/LN/CDN+ERN/H:1/RES,RURAL,117225.0,844028206.0,148946155.0,654506.0,7033568.0,992974355.0,3231641.0,117225.0,60.0,120.0
SDN,Sudan,RES,OT,MATO/LN/CDN+ERN/H:1/RES,URBAN,67833.0,325591900.0,57457395.0,378736.0,4069899.0,383049292.0,1869954.0,67833.0,60.0,80.0
SDN,Sudan,COM,MR|MCF,MCF+CB/LWAL/CDL+ERL/H:1/COM,TOTAL,2996.0,175481148.0,43870284.0,0.0,389958.0,219351436.0,217221.0,0.0,130.0,450.0
SDN,Sudan,IND,MR|MCF,MCF+CB/LWAL/CDL+ERL/H:1/IND,TOTAL,1398.0,98184155.0,32728051.0,0.0,306825.0,130912203.0,171492.0,0.0,219.0,320.0
SDN,Sudan,RES,MR|MCF,MCF+CB/LWAL/CDL+ERL/H:1/RES,URBAN,47310.0,851626898.0,150287101.0,264147.0,2838756.0,1001913998.0,1116256.0,47310.0,60.0,300.0
SDN,Sudan,COM,MR|MCF,MCF+CB/LWAL/CDL+ERL/H:2/COM,TOTAL,1508.0,175475653.0,43868913.0,0.0,389946.0,219344565.0,217381.0,0.0,259.0,450.0
SDN,Sudan,IND,MR|MCF,MCF+CB/LWAL/CDL+ERL/H:2/IND,TOTAL,469.0,71407237.0,23802416.0,0.0,223148.0,95209650.0,124832.0,0.0,476.0,320.0
SDN,Sudan,RES,MR|MCF,MCF+CB/LWAL/CDL+ERL/H:2/RES,URBAN,46129.0,1394538102.0,246094959.0,264176.0,4648460.0,1640633060.0,1829133.0,47315.0,101.0,300.0
SDN,Sudan,COM,MR|MCF,MCF+CB/LWAL/CDL+ERL/H:3-6/COM,TOTAL,122.0,49292849.0,12323213.0,0.0,109540.0,61616056.0,61158.0,0.0,898.0,450.0
SDN,Sudan,RES,MR|MCF,MCF+CB/LWAL/CDL+ERL/H:3-6/RES,URBAN,1318.0,268104250.0,47312512.0,58706.0,893681.0,315416763.0,352143.0,10515.0,678.0,300.0
SDN,Sudan,COM,MR|MCF,MCF+CL/LWAL/CDL+ERL/H:1/COM,TOTAL,1253.0,73520663.0,18380166.0,0.0,163379.0,91900827.0,80942.0,0.0,130.0,450.0
SDN,Sudan,IND,MR|MCF,MCF+CL/LWAL/CDL+ERL/H:1/IND,TOTAL,581.0,41175308.0,13725103.0,0.0,128673.0,54900415.0,63352.0,0.0,221.0,320.0
SDN,Sudan,RES,MR|MCF,MCF+CL/LWAL/CDL+ERL/H:1/RES,URBAN,19840.0,357134174.0,63023678.0,110776.0,1190447.0,420157848.0,408067.0,19840.0,60.0,300.0
SDN,Sudan,COM,MR|MCF,MCF+CL/LWAL/CDL+ERL/H:2/COM,TOTAL,625.0,73586822.0,18396705.0,0.0,163526.0,91983532.0,81078.0,0.0,262.0,450.0
SDN,Sudan,IND,MR|MCF,MCF+CL/LWAL/CDL+ERL/H:2/IND,TOTAL,197.0,29943922.0,9981308.0,0.0,93575.0,39925235.0,46113.0,0.0,475.0,320.0
SDN,Sudan,RES,MR|MCF,MCF+CL/LWAL/CDL+ERL/H:2/RES,URBAN,19344.0,584805297.0,103200934.0,110774.0,1949351.0,688006232.0,668690.0,19840.0,101.0,300.0
SDN,Sudan,COM,MR|MCF,MCF+CL/LWAL/CDL+ERL/H:3-6/COM,TOTAL,52.0,19037915.0,4759479.0,0.0,42306.0,23797395.0,21009.0,0.0,814.0,450.0
SDN,Sudan,RES,MR|MCF,MCF+CL/LWAL/CDL+ERL/H:3-6/RES,URBAN,553.0,112430588.0,19840692.0,24601.0,374769.0,132271282.0,128743.0,4406.0,678.0,300.0
SDN,Sudan,RES,OT,ME+MEO/LWAL/CDN+ERM/H:1/RES,RURAL,293065.0,2110071552.0,372365569.0,1636287.0,17583930.0,2482437122.0,686111.0,293065.0,60.0,120.0
SDN,Sudan,RES,OT,ME+MEO/LWAL/CDN+ERM/H:1/RES,URBAN,271328.0,1302367765.0,229829606.0,1514920.0,16279597.0,1532197368.0,635217.0,271328.0,60.0,80.0
SDN,Sudan,COM,ADO|ST|E,MUR+ADO/LWAL/CDN+ERN/H:1/COM,TOTAL,40543.0,316208596.0,105402864.0,0.0,5270143.0,421611453.0,447229.0,0.0,130.0,60.0
SDN,Sudan,RES,ADO|ST|E,MUR+ADO/LWAL/CDN+ERN/H:1/RES,RURAL,528986.0,952169716.0,168029950.0,2953514.0,31738991.0,1120199664.0,1949478.0,528986.0,60.0,30.0
SDN,Sudan,RES,ADO|ST|E,MUR+ADO/LWAL/CDN+ERN/H:1/RES,URBAN,370532.0,3334773793.0,588489494.0,2068813.0,22231825.0,3923263290.0,1365527.0,370532.0,60.0,150.0
SDN,Sudan,COM,ADO|ST|E,MUR+ADO/LWAL/CDN+ERN/H:2/COM,TOTAL,20267.0,316208481.0,105402819.0,0.0,5270141.0,421611302.0,448526.0,0.0,260.0,60.0
SDN,Sudan,RES,ADO|ST|E,MUR+ADO/LWAL/CDN+ERN/H:2/RES,URBAN,361267.0,5460691659.0,963651468.0,2068833.0,36404611.0,6424343128.0,2241958.0,370536.0,101.0,150.0
SDN,Sudan,RES,ADO|ST|E,MUR+ADO/LWAL/CDN+ERN/H:2/RES,RURAL,515757.0,1559177944.0,275149053.0,2953489.0,51972598.0,1834326995.0,3200704.0,528981.0,101.0,30.0
SDN,Sudan,COM,ADO|ST|E,MUR+ADO/LWAL/CDN+ERN/H:3/COM,TOTAL,856.0,45909444.0,15303148.0,0.0,765157.0,61212597.0,65309.0,0.0,894.0,60.0
SDN,Sudan,RES,ADO|ST|E,MUR+ADO/LWAL/CDN+ERN/H:3/RES,URBAN,4876.0,497290552.0,87757156.0,217791.0,3315270.0,585047702.0,204707.0,39007.0,680.0,150.0
SDN,Sudan,RES,ADO|ST|E,MUR+ADO/LWAL/CDN+ERN/H:3/RES,RURAL,6958.0,141990073.0,25057072.0,310869.0,4733002.0,167047146.0,292248.0,55678.0,680.0,30.0
SDN,Sudan,COM,MUR,MUR+CB/LWAL/CDN+ERN/H:1/COM,TOTAL,31999.0,1039797793.0,259949447.0,0.0,4159191.0,1299747240.0,3505821.0,0.0,130.0,250.0
SDN,Sudan,IND,MUR,MUR+CB/LWAL/CDN+ERN/H:1/IND,TOTAL,20637.0,726271917.0,242090637.0,0.0,4539199.0,968362550.0,3651327.0,0.0,220.0,160.0
SDN,Sudan,RES,MUR,MUR+CB/LWAL/CDN+ERN/H:1/RES,URBAN,399531.0,5992926726.0,1057575304.0,2230723.0,23971707.0,7050502028.0,15548310.0,399531.0,60.0,250.0
SDN,Sudan,RES,MUR,MUR+CB/LWAL/CDN+ERN/H:1/RES,RURAL,194887.0,1403197689.0,247623121.0,1088122.0,11693314.0,1650820809.0,7584411.0,194887.0,60.0,120.0
SDN,Sudan,COM,MUR,MUR+CB/LWAL/CDN+ERN/H:2/COM,TOTAL,15994.0,1039794057.0,259948517.0,0.0,4159176.0,1299742582.0,3507686.0,0.0,260.0,250.0
SDN,Sudan,IND,MUR,MUR+CB/LWAL/CDN+ERN/H:2/IND,TOTAL,6875.0,528197695.0,176065899.0,0.0,3301236.0,704263580.0,2657020.0,0.0,480.0,160.0
SDN,Sudan,RES,MUR,MUR+CB/LWAL/CDN+ERN/H:2/RES,RURAL,190018.0,2297735894.0,405482806.0,1088122.0,19147799.0,2703218700.0,12425578.0,194887.0,101.0,120.0
SDN,Sudan,RES,MUR,MUR+CB/LWAL/CDN+ERN/H:2/RES,URBAN,389543.0,9813417423.0,1731779546.0,2230715.0,39253670.0,11545196966.0,25472876.0,399530.0,101.0,250.0
SDN,Sudan,COM,MUR,MUR+CB/LWAL/CDN+ERN/H:3/COM,TOTAL,670.0,149617121.0,37404278.0,0.0,598468.0,187021398.0,504995.0,0.0,893.0,250.0
SDN,Sudan,RES,MUR,MUR+CB/LWAL/CDN+ERN/H:3/RES,RURAL,2560.0,209248971.0,36926288.0,114543.0,1743741.0,246175259.0,1132122.0,20515.0,681.0,120.0
SDN,Sudan,RES,MUR,MUR+CB/LWAL/CDN+ERN/H:3/RES,URBAN,5255.0,893682314.0,157708646.0,234787.0,3574729.0,1051390956.0,2320888.0,42051.0,680.0,250.0
SDN,Sudan,COM,MUR,MUR+CL/LWAL/CDN+ERN/H:1/COM,TOTAL,20207.0,656771511.0,164192873.0,0.0,2627086.0,820964381.0,1635535.0,0.0,130.0,250.0
SDN,Sudan,IND,MUR,MUR+CL/LWAL/CDN+ERN/H:1/IND,TOTAL,14861.0,523143983.0,174381328.0,0.0,3269650.0,697525301.0,1884010.0,0.0,220.0,160.0
SDN,Sudan,RES,MUR,MUR+CL/LWAL/CDN+ERN/H:1/RES,RURAL,194887.0,1403197689.0,247623121.0,1088122.0,11693314.0,1650820809.0,5372606.0,194887.0,60.0,120.0
SDN,Sudan,RES,MUR,MUR+CL/LWAL/CDN+ERN/H:1/RES,URBAN,167544.0,2513161932.0,443499163.0,935459.0,10052648.0,2956661093.0,4618786.0,167544.0,60.0,250.0
SDN,Sudan,COM,MUR,MUR+CL/LWAL/CDN+ERN/H:2/COM,TOTAL,10107.0,656769752.0,164192438.0,0.0,2627079.0,820962194.0,1636457.0,0.0,260.0,250.0
SDN,Sudan,IND,MUR,MUR+CL/LWAL/CDN+ERN/H:2/IND,TOTAL,4948.0,380469193.0,126823068.0,0.0,2377932.0,507292244.0,1371024.0,0.0,481.0,160.0
SDN,Sudan,RES,MUR,MUR+CL/LWAL/CDN+ERN/H:2/RES,URBAN,163359.0,4115303422.0,726230015.0,935475.0,16461214.0,4841533437.0,7567306.0,167547.0,101.0,250.0
SDN,Sudan,RES,MUR,MUR+CL/LWAL/CDN+ERN/H:2/RES,RURAL,190018.0,2297735894.0,405482806.0,1088122.0,19147799.0,2703218700.0,8802343.0,194887.0,101.0,120.0
SDN,Sudan,COM,MUR,MUR+CL/LWAL/CDN+ERN/H:3/COM,TOTAL,411.0,92620277.0,23155071.0,0.0,370481.0,115775348.0,230910.0,0.0,901.0,250.0
SDN,Sudan,RES,MUR,MUR+CL/LWAL/CDN+ERN/H:3/RES,URBAN,2199.0,374769781.0,66135846.0,98469.0,1499079.0,440905626.0,689503.0,17636.0,682.0,250.0
SDN,Sudan,RES,MUR,MUR+CL/LWAL/CDN+ERN/H:3/RES,RURAL,2560.0,209248971.0,36926288.0,114543.0,1743741.0,246175259.0,802035.0,20515.0,681.0,120.0
SDN,Sudan,COM,ADO|ST|E,MUR+STDRE/LWAL/CDN+ERN/H:1/COM,TOTAL,5251.0,347978890.0,115992965.0,0.0,682312.0,463971857.0,207453.0,0.0,130.0,510.0
SDN,Sudan,IND,ADO|ST|E,MUR+STDRE/LWAL/CDN+ERN/H:1/IND,TOTAL,2897.0,152661310.0,82202242.0,0.0,636089.0,234863540.0,187942.0,0.0,220.0,240.0
SDN,Sudan,RES,ADO|ST|E,MUR+STDRE/LWAL/CDN+ERN/H:1/RES,URBAN,128880.0,2938467141.0,518553023.0,719582.0,7732808.0,3457020167.0,1838567.0,128880.0,60.0,380.0
SDN,Sudan,COM,ADO|ST|E,MUR+STDRE/LWAL/CDN+ERN/H:2/COM,TOTAL,2625.0,347978412.0,115992803.0,0.0,682311.0,463971214.0,207737.0,0.0,260.0,510.0
SDN,Sudan,IND,ADO|ST|E,MUR+STDRE/LWAL/CDN+ERN/H:2/IND,TOTAL,965.0,111028068.0,59784340.0,0.0,462617.0,170812402.0,136880.0,0.0,479.0,240.0
SDN,Sudan,RES,ADO|ST|E,MUR+STDRE/LWAL/CDN+ERN/H:2/RES,URBAN,125662.0,4811739895.0,849130571.0,719591.0,12662473.0,5660870462.0,3014124.0,128882.0,101.0,380.0
SDN,Sudan,COM,ADO|ST|E,MUR+STDRE/LWAL/CDN+ERN/H:3/COM,TOTAL,109.0,47913773.0,15971256.0,0.0,93949.0,63885033.0,28643.0,0.0,862.0,510.0
SDN,Sudan,RES,ADO|ST|E,MUR+STDRE/LWAL/CDN+ERN/H:3/RES,URBAN,1699.0,438193756.0,77328311.0,75793.0,1153141.0,515522067.0,274805.0,13574.0,679.0,380.0
SDN,Sudan,COM,ADO|ST|E,MUR+STRUB/LWAL/CDN+ERN/H:1/COM,TOTAL,14734.0,976876917.0,325625638.0,0.0,1915445.0,1302502557.0,582380.0,0.0,130.0,510.0
SDN,Sudan,IND,ADO|ST|E,MUR+STRUB/LWAL/CDN+ERN/H:1/IND,TOTAL,15155.0,800253262.0,430905601.0,0.0,3334389.0,1231158859.0,985194.0,0.0,220.0,240.0
SDN,Sudan,RES,ADO|ST|E,MUR+STRUB/LWAL/CDN+ERN/H:1/RES,RURAL,306251.0,3675040882.0,648536628.0,1709907.0,18375204.0,4323577510.0,4368922.0,306251.0,60.0,200.0
SDN,Sudan,COM,ADO|ST|E,MUR+STRUB/LWAL/CDN+ERN/H:2/COM,TOTAL,7367.0,976878543.0,325626184.0,0.0,1915448.0,1302504724.0,583180.0,0.0,260.0,510.0
SDN,Sudan,IND,ADO|ST|E,MUR+STRUB/LWAL/CDN+ERN/H:2/IND,TOTAL,5052.0,582001820.0,313385597.0,0.0,2425008.0,895387412.0,717515.0,0.0,480.0,240.0
SDN,Sudan,RES,ADO|ST|E,MUR+STRUB/LWAL/CDN+ERN/H:2/RES,RURAL,298595.0,6017879032.0,1061978655.0,1709890.0,30089395.0,7079857686.0,7162359.0,306248.0,101.0,200.0
SDN,Sudan,COM,ADO|ST|E,MUR+STRUB/LWAL/CDN+ERN/H:3/COM,TOTAL,311.0,141027303.0,47009099.0,0.0,276524.0,188036405.0,84306.0,0.0,889.0,510.0
SDN,Sudan,RES,ADO|ST|E,MUR+STRUB/LWAL/CDN+ERN/H:3/RES,RURAL,4035.0,548031894.0,96711513.0,179983.0,2740159.0,644743406.0,653008.0,32236.0,679.0,200.0
SDN,Sudan,IND,S,S+SL/LFM/CDL+ERL/H:1/IND,TOTAL,12987.0,914780616.0,304926872.0,0.0,2858689.0,1219707489.0,975627.0,0.0,220.0,320.0
SDN,Sudan,IND,S,S+SL/LFM/CDL+ERL/H:2/IND,TOTAL,4334.0,665292704.0,221764236.0,0.0,2079040.0,887056934.0,710011.0,0.0,480.0,320.0
SDN,Sudan,IND,S,S/LFM/CDL+ERL/H:1/IND,TOTAL,9104.0,640439608.0,213479870.0,0.0,2001374.0,853919475.0,683039.0,0.0,220.0,320.0
SDN,Sudan,IND,S,S/LFM/CDL+ERL/H:2/IND,TOTAL,3032.0,465775662.0,155258551.0,0.0,1455549.0,621034226.0,497084.0,0.0,480.0,320.0
SDN,Sudan,RES,W,W+WWD/LWAL/CDN+ERM/H:1/RES,RURAL,1077017.0,6462093536.0,1615523384.0,6013363.0,64620935.0,8077616921.0,862770.0,1077017.0,60.0,100.0
SDN,Sudan,RES,W,W+WWD/LWAL/CDN+ERM/H:1/RES,URBAN,231475.0,7360920292.0,1840230075.0,1292409.0,13888529.0,9201150370.0,185429.0,231475.0,60.0,530.0
SDN,Sudan,RES,W,W+WWD/LWAL/CDN+ERM/H:2/RES,RURAL,450038.0,4535005172.0,1133751291.0,2577145.0,45350052.0,5668756461.0,605843.0,461577.0,101.0,100.0
SDN,Sudan,RES,W,W+WWD/LWAL/CDN+ERM/H:2/RES,URBAN,96725.0,5165789609.0,1291447401.0,553879.0,9746773.0,6457237010.0,130210.0,99202.0,101.0,530.0
SDN,Sudan,COM,W,W/LWAL/CDL+ERM/H:1/COM,TOTAL,46664.0,2123096958.0,707698989.0,0.0,6065991.0,2830795936.0,1157976.0,0.0,130.0,350.0
SDN,Sudan,RES,W,W/LWAL/CDL+ERM/H:1/RES,RURAL,205147.0,1230875028.0,307718757.0,1145406.0,12308750.0,1538593784.0,1301816.0,205147.0,60.0,100.0
SDN,Sudan,RES,W,W/LWAL/CDL+ERM/H:1/RES,URBAN,44093.0,1402080178.0,350520045.0,246188.0,2645434.0,1752600223.0,279790.0,44093.0,60.0,530.0
SDN,Sudan,COM,W,W/LWAL/CDL+ERM/H:2/COM,TOTAL,23333.0,2123092807.0,707697605.0,0.0,6065979.0,2830790415.0,1158521.0,0.0,260.0,350.0
SDN,Sudan,RES,W,W/LWAL/CDL+ERM/H:2/RES,RURAL,200015.0,2015557312.0,503889329.0,1145389.0,20155573.0,2519446638.0,2133055.0,205144.0,101.0,100.0
SDN,Sudan,RES,W,W/LWAL/CDL+ERM/H:2/RES,URBAN,42987.0,2295906482.0,573976620.0,246176.0,4331899.0,2869883100.0,458443.0,44091.0,101.0,530.0
SDN,Sudan,COM,W,W/LWAL/CDL+ERM/H:3/COM,TOTAL,7780.0,1224860873.0,408286955.0,0.0,3499602.0,1633147813.0,668693.0,0.0,450.0,350.0
SDN,Sudan,RES,W,W/LWAL/CDL+ERM/H:3/RES,RURAL,79919.0,1176597035.0,294149259.0,572703.0,11765970.0,1470746294.0,1245965.0,102574.0,147.0,100.0
SDN,Sudan,RES,W,W/LWAL/CDL+ERM/H:3/RES,URBAN,17178.0,1340250955.0,335062737.0,123087.0,2528775.0,1675313694.0,267786.0,22045.0,147.0,530.0
TZA,Tanzania,COM,CR-,CR/LFINF/CDL+ERL/H:1/COM,TOTAL,4254.0,243337507.0,42941909.0,0.0,553040.0,286279414.0,273989.0,0.0,130.0,440.0
TZA,Tanzania,IND,CR-,CR/LFINF/CDL+ERL/H:1/IND,TOTAL,4146.0,364302329.0,121434116.0,0.0,910756.0,485736441.0,448408.0,0.0,220.0,400.0
TZA,Tanzania,RES,CR-,CR/LFINF/CDL+ERL/H:1/RES,URBAN,91174.0,1750558357.0,308922063.0,415195.0,5470495.0,2059480420.0,1875203.0,91174.0,60.0,320.0
TZA,Tanzania,COM,CR-,CR/LFINF/CDL+ERL/H:2/COM,TOTAL,7440.0,851792881.0,150316392.0,0.0,1935893.0,1002109269.0,959836.0,0.0,260.0,440.0
TZA,Tanzania,IND,CR-,CR/LFINF/CDL+ERL/H:2/IND,TOTAL,1379.0,264940244.0,88313416.0,0.0,662351.0,353253658.0,326400.0,0.0,480.0,400.0
TZA,Tanzania,RES,CR-,CR/LFINF/CDL+ERL/H:2/RES,URBAN,311141.0,10032885141.0,1770509143.0,1453213.0,31352766.0,11803394286.0,10755000.0,319115.0,101.0,320.0
TZA,Tanzania,COM,CR-,CR/LFINF/CDL+ERL/H:3/COM,TOTAL,4965.0,982763960.0,173428932.0,0.0,2233554.0,1156192887.0,1108285.0,0.0,450.0,440.0
TZA,Tanzania,RES,CR-,CR/LFINF/CDL+ERL/H:3/RES,URBAN,248644.0,11713515263.0,2067090934.0,1453187.0,36604735.0,13780606193.0,12565640.0,319110.0,147.0,320.0
TZA,Tanzania,COM,CR-,CR/LFINF/CDL+ERL/H:4-7/COM,TOTAL,1272.0,673032750.0,118770484.0,0.0,1529620.0,791803232.0,760772.0,0.0,1203.0,440.0
TZA,Tanzania,RES,CR-,CR/LFINF/CDL+ERL/H:4-7/RES,URBAN,11395.0,3501100462.0,617841260.0,622767.0,10940939.0,4118941716.0,3763907.0,136755.0,960.0,320.0
TZA,Tanzania,COM,CR-,CR/LFINF/CDL+ERL/H:>7/COM,TOTAL,213.0,291601609.0,51459110.0,0.0,662731.0,343060720.0,330130.0,0.0,3111.0,440.0
TZA,Tanzania,RES,CR-,CR/LFINF/CDL+ERL/H:>7/RES,URBAN,2848.0,1094099453.0,193076373.0,207589.0,3419061.0,1287175829.0,1177917.0,45585.0,1201.0,320.0
TZA,Tanzania,COM,CR-,CR/LWAL/CDL+ERL/H:1/COM,TOTAL,725.0,41342035.0,7295652.0,0.0,93959.0,48637682.0,51027.0,0.0,130.0,440.0
TZA,Tanzania,IND,CR-,CR/LWAL/CDL+ERL/H:1/IND,TOTAL,715.0,62098210.0,20699402.0,0.0,155246.0,82797625.0,80848.0,0.0,217.0,400.0
TZA,Tanzania,RES,CR-,CR/LWAL/CDL+ERL/H:1/RES,URBAN,15575.0,299044175.0,52772504.0,70927.0,934513.0,351816680.0,380463.0,15575.0,60.0,320.0
TZA,Tanzania,COM,CR-,CR/LWAL/CDL+ERL/H:2/COM,TOTAL,1273.0,145405412.0,25659775.0,0.0,330467.0,171065190.0,179614.0,0.0,260.0,440.0
TZA,Tanzania,IND,CR-,CR/LWAL/CDL+ERL/H:2/IND,TOTAL,234.0,44634746.0,14878249.0,0.0,111587.0,59512996.0,58164.0,0.0,477.0,400.0
TZA,Tanzania,RES,CR-,CR/LWAL/CDL+ERL/H:2/RES,URBAN,53153.0,1713892191.0,302451562.0,248234.0,5355913.0,2016343749.0,2182140.0,54510.0,101.0,320.0
TZA,Tanzania,COM,CR-,CR/LWAL/CDL+ERL/H:3/COM,TOTAL,849.0,167485135.0,29556203.0,0.0,380648.0,197041340.0,207055.0,0.0,448.0,440.0
TZA,Tanzania,RES,CR-,CR/LWAL/CDL+ERL/H:3/RES,URBAN,42477.0,2000981277.0,353114344.0,248265.0,6253066.0,2354095621.0,2549551.0,54517.0,147.0,320.0
TZA,Tanzania,COM,CR-,CR/LWAL/CDL+ERL/H:4-7/COM,TOTAL,221.0,112045669.0,19772762.0,0.0,254649.0,131818435.0,138851.0,0.0,1152.0,440.0
TZA,Tanzania,RES,CR-,CR/LWAL/CDL+ERL/H:4-7/RES,URBAN,1945.0,598088546.0,105545039.0,106389.0,1869027.0,703633582.0,763747.0,23362.0,961.0,320.0
TZA,Tanzania,COM,CR-,CR/LWAL/CDL+ERL/H:>7/COM,TOTAL,33.0,42246085.0,7455191.0,0.0,96014.0,49701277.0,52437.0,0.0,2910.0,440.0
TZA,Tanzania,RES,CR-,CR/LWAL/CDL+ERL/H:>7/RES,URBAN,483.0,186872033.0,32977420.0,35473.0,583975.0,219849454.0,238984.0,7790.0,1209.0,320.0
TZA,Tanzania,RES,OT,INF/LN/CDN+ERN/H:1/EWV/RES,RURAL,209230.0,753229645.0,132922876.0,952809.0,12553827.0,886152524.0,167609.0,209230.0,60.0,60.0
TZA,Tanzania,RES,OT,INF/LN/CDN+ERN/H:1/EWV/RES,URBAN,17972.0,129394336.0,22834295.0,81843.0,1078286.0,152228628.0,14397.0,17972.0,60.0,120.0
TZA,Tanzania,RES,OT,MATO/LN/CDN+ERN/H:1/RES,URBAN,5991.0,43131678.0,7611473.0,27280.0,359431.0,50743151.0,165144.0,5991.0,60.0,120.0
TZA,Tanzania,RES,OT,MATO/LN/CDN+ERN/H:1/RES,RURAL,9510.0,34237492.0,6041911.0,43307.0,570625.0,40279401.0,262179.0,9510.0,60.0,60.0
TZA,Tanzania,COM,MR|MCF,MCF+CB/LWAL/CDL+ERL/H:1/COM,TOTAL,9820.0,561249347.0,140312339.0,0.0,1275567.0,701561680.0,710536.0,0.0,130.0,440.0
TZA,Tanzania,IND,MR|MCF,MCF+CB/LWAL/CDL+ERL/H:1/IND,TOTAL,2125.0,186695859.0,62231947.0,0.0,466740.0,248927815.0,260872.0,0.0,220.0,400.0
TZA,Tanzania,RES,MR|MCF,MCF+CB/LWAL/CDL+ERL/H:1/RES,URBAN,210267.0,4037095690.0,712428652.0,957531.0,12615924.0,4749524340.0,4960835.0,210267.0,60.0,320.0
TZA,Tanzania,COM,MR|MCF,MCF+CB/LWAL/CDL+ERL/H:2/COM,TOTAL,4900.0,561219245.0,140304808.0,0.0,1275498.0,701524058.0,711044.0,0.0,260.0,440.0
TZA,Tanzania,IND,MR|MCF,MCF+CB/LWAL/CDL+ERL/H:2/IND,TOTAL,715.0,135508937.0,45169648.0,0.0,338772.0,180678593.0,189514.0,0.0,474.0,400.0
TZA,Tanzania,RES,MR|MCF,MCF+CB/LWAL/CDL+ERL/H:2/RES,URBAN,205007.0,6610739649.0,1166601114.0,957513.0,20658561.0,7777340755.0,8128983.0,210263.0,101.0,320.0
TZA,Tanzania,COM,MR|MCF,MCF+CB/LWAL/CDL+ERL/H:3-6/COM,TOTAL,436.0,169598803.0,42399701.0,0.0,385452.0,211998513.0,215206.0,0.0,884.0,440.0
TZA,Tanzania,RES,MR|MCF,MCF+CB/LWAL/CDL+ERL/H:3-6/RES,URBAN,5843.0,1270890974.0,224274878.0,212804.0,3971534.0,1495165859.0,1564930.0,46730.0,680.0,320.0
TZA,Tanzania,COM,MR|MCF,MCF+CL/LWAL/CDL+ERL/H:1/COM,TOTAL,6068.0,346837572.0,86709394.0,0.0,788267.0,433546963.0,390526.0,0.0,130.0,440.0
TZA,Tanzania,IND,MR|MCF,MCF+CL/LWAL/CDL+ERL/H:1/IND,TOTAL,1315.0,115373972.0,38457994.0,0.0,288435.0,153831961.0,142010.0,0.0,219.0,400.0
TZA,Tanzania,RES,MR|MCF,MCF+CL/LWAL/CDL+ERL/H:1/RES,URBAN,129930.0,2494717560.0,440244273.0,591686.0,7795992.0,2934961837.0,2672348.0,129930.0,60.0,320.0
TZA,Tanzania,COM,MR|MCF,MCF+CL/LWAL/CDL+ERL/H:2/COM,TOTAL,3035.0,346817832.0,86704456.0,0.0,788222.0,433522290.0,390809.0,0.0,260.0,440.0
TZA,Tanzania,IND,MR|MCF,MCF+CL/LWAL/CDL+ERL/H:2/IND,TOTAL,440.0,83488992.0,27829665.0,0.0,208722.0,111318650.0,102857.0,0.0,474.0,400.0
TZA,Tanzania,RES,MR|MCF,MCF+CL/LWAL/CDL+ERL/H:2/RES,URBAN,126687.0,4085098881.0,720899806.0,591709.0,12765934.0,4805998681.0,4379123.0,129935.0,101.0,320.0
TZA,Tanzania,COM,MR|MCF,MCF+CL/LWAL/CDL+ERL/H:3-6/COM,TOTAL,259.0,100807547.0,25201889.0,0.0,229108.0,126009439.0,113772.0,0.0,885.0,440.0
TZA,Tanzania,RES,MR|MCF,MCF+CL/LWAL/CDL+ERL/H:3-6/RES,URBAN,3605.0,785354546.0,138591980.0,131484.0,2454233.0,923946522.0,843094.0,28873.0,681.0,320.0
TZA,Tanzania,RES,OT,ME+MEO/LWAL/CDN+ERM/H:1/RES,RURAL,14268.0,51356562.0,9062923.0,64972.0,855943.0,60419488.0,33398.0,14268.0,60.0,60.0
TZA,Tanzania,RES,OT,ME+MEO/LWAL/CDN+ERM/H:1/RES,URBAN,5991.0,43131678.0,7611473.0,27280.0,359431.0,50743153.0,14025.0,5991.0,60.0,120.0
TZA,Tanzania,COM,ADO|ST|E,MUR+ADO/LWAL/CDN+ERN/H:1/COM,TOTAL,98812.0,1798452296.0,599484096.0,0.0,12846088.0,2397936395.0,1090130.0,0.0,130.0,140.0
TZA,Tanzania,RES,ADO|ST|E,MUR+ADO/LWAL/CDN+ERN/H:1/RES,RURAL,1459144.0,5252920255.0,926985929.0,6644766.0,87548671.0,6179906181.0,5377431.0,1459144.0,60.0,60.0
TZA,Tanzania,RES,ADO|ST|E,MUR+ADO/LWAL/CDN+ERN/H:1/RES,URBAN,406897.0,1953131822.0,344670322.0,1852961.0,24414148.0,2297802142.0,1499570.0,406897.0,60.0,80.0
TZA,Tanzania,COM,ADO|ST|E,MUR+ADO/LWAL/CDN+ERN/H:2/COM,TOTAL,49408.0,1798445681.0,599481895.0,0.0,12846041.0,2397927584.0,1093289.0,0.0,260.0,140.0
TZA,Tanzania,RES,ADO|ST|E,MUR+ADO/LWAL/CDN+ERN/H:2/RES,RURAL,1422667.0,8601656366.0,1517939359.0,6644751.0,143360939.0,10119595723.0,8828806.0,1459140.0,101.0,60.0
TZA,Tanzania,RES,ADO|ST|E,MUR+ADO/LWAL/CDN+ERN/H:2/RES,URBAN,396730.0,3198253272.0,564397637.0,1852996.0,39978166.0,3762650910.0,2462034.0,406905.0,101.0,80.0
TZA,Tanzania,COM,ADO|ST|E,MUR+ADO/LWAL/CDN+ERN/H:3/COM,TOTAL,2073.0,261011285.0,87003761.0,0.0,1864366.0,348015051.0,159130.0,0.0,899.0,140.0
TZA,Tanzania,RES,ADO|ST|E,MUR+ADO/LWAL/CDN+ERN/H:3/RES,URBAN,5357.0,291253139.0,51397613.0,195040.0,3640664.0,342650746.0,224799.0,42829.0,680.0,80.0
TZA,Tanzania,RES,ADO|ST|E,MUR+ADO/LWAL/CDN+ERN/H:3/RES,RURAL,19202.0,783326342.0,138234060.0,699443.0,13055439.0,921560401.0,806131.0,153593.0,680.0,60.0
TZA,Tanzania,COM,MUR,MUR+CB/LWAL/CDN+ERN/H:1/COM,TOTAL,49344.0,1411240639.0,352810156.0,0.0,6414730.0,1764050792.0,5407036.0,0.0,130.0,220.0
TZA,Tanzania,IND,MUR,MUR+CB/LWAL/CDN+ERN/H:1/IND,TOTAL,12661.0,613002019.0,204334009.0,0.0,2786373.0,817336027.0,2241356.0,0.0,220.0,220.0
TZA,Tanzania,RES,MUR,MUR+CB/LWAL/CDN+ERN/H:1/RES,URBAN,887790.0,14382151947.0,2538026815.0,4042891.0,53267229.0,16920178764.0,34549706.0,887790.0,60.0,270.0
TZA,Tanzania,RES,MUR,MUR+CB/LWAL/CDN+ERN/H:1/RES,RURAL,203281.0,1951548487.0,344390909.0,925716.0,12197178.0,2295939398.0,7911223.0,203281.0,60.0,160.0
TZA,Tanzania,COM,MUR,MUR+CB/LWAL/CDN+ERN/H:2/COM,TOTAL,24673.0,1411222884.0,352805724.0,0.0,6414649.0,1764028590.0,5409863.0,0.0,260.0,220.0
TZA,Tanzania,IND,MUR,MUR+CB/LWAL/CDN+ERN/H:2/IND,TOTAL,4210.0,445811147.0,148603706.0,0.0,2026414.0,594414857.0,1630972.0,0.0,481.0,220.0
TZA,Tanzania,RES,MUR,MUR+CB/LWAL/CDN+ERN/H:2/RES,RURAL,198203.0,3195659941.0,563939987.0,925725.0,19972875.0,3759599932.0,12960994.0,203282.0,101.0,160.0
TZA,Tanzania,RES,MUR,MUR+CB/LWAL/CDN+ERN/H:2/RES,URBAN,865593.0,23550773408.0,4156018837.0,4042875.0,87225087.0,27706792244.0,56602959.0,887787.0,101.0,270.0
TZA,Tanzania,COM,MUR,MUR+CB/LWAL/CDN+ERN/H:3/COM,TOTAL,1035.0,203155454.0,50788867.0,0.0,923434.0,253944315.0,779205.0,0.0,892.0,220.0
TZA,Tanzania,RES,MUR,MUR+CB/LWAL/CDN+ERN/H:3/RES,RURAL,2678.0,291014847.0,51355564.0,97451.0,1818843.0,342370415.0,1180882.0,21400.0,679.0,160.0
TZA,Tanzania,RES,MUR,MUR+CB/LWAL/CDN+ERN/H:3/RES,URBAN,11673.0,2144702574.0,378476924.0,425550.0,7943343.0,2523179499.0,5157205.0,93448.0,680.0,270.0
TZA,Tanzania,COM,MUR,MUR+CL/LWAL/CDN+ERN/H:1/COM,TOTAL,98090.0,2805396653.0,701349162.0,0.0,12751803.0,3506745818.0,7938843.0,0.0,130.0,220.0
TZA,Tanzania,IND,MUR,MUR+CL/LWAL/CDN+ERN/H:1/IND,TOTAL,33408.0,1617069889.0,539023297.0,0.0,7350318.0,2156093188.0,4235339.0,0.0,220.0,220.0
TZA,Tanzania,RES,MUR,MUR+CL/LWAL/CDN+ERN/H:1/RES,URBAN,411456.0,6665573699.0,1176277714.0,1873722.0,24687310.0,7841851413.0,11342823.0,411456.0,60.0,270.0
TZA,Tanzania,RES,MUR,MUR+CL/LWAL/CDN+ERN/H:1/RES,RURAL,1237787.0,11882767185.0,2096958913.0,5636737.0,74267295.0,13979726102.0,34122826.0,1237787.0,60.0,160.0
TZA,Tanzania,COM,MUR,MUR+CL/LWAL/CDN+ERN/H:2/COM,TOTAL,49045.0,2805381947.0,701345487.0,0.0,12751736.0,3506727443.0,7943294.0,0.0,260.0,220.0
TZA,Tanzania,IND,MUR,MUR+CL/LWAL/CDN+ERN/H:2/IND,TOTAL,11145.0,1176028989.0,392009662.0,0.0,5345586.0,1568038650.0,3082058.0,0.0,480.0,220.0
TZA,Tanzania,RES,MUR,MUR+CL/LWAL/CDN+ERN/H:2/RES,URBAN,401168.0,10914878818.0,1926155089.0,1873725.0,40425477.0,12841033906.0,18583802.0,411457.0,101.0,270.0
TZA,Tanzania,RES,MUR,MUR+CL/LWAL/CDN+ERN/H:2/RES,RURAL,1206841.0,19458031648.0,3433770290.0,5636727.0,121612698.0,22891801941.0,55905990.0,1237785.0,101.0,160.0
TZA,Tanzania,COM,MUR,MUR+CL/LWAL/CDN+ERN/H:3/COM,TOTAL,2061.0,407021009.0,101755249.0,0.0,1850095.0,508776254.0,1153111.0,0.0,898.0,220.0
TZA,Tanzania,RES,MUR,MUR+CL/LWAL/CDN+ERN/H:3/RES,URBAN,5411.0,993966203.0,175405799.0,197232.0,3681356.0,1169372007.0,1693243.0,43311.0,680.0,270.0
TZA,Tanzania,RES,MUR,MUR+CL/LWAL/CDN+ERN/H:3/RES,RURAL,16288.0,1771979554.0,312702277.0,593337.0,11074872.0,2084681831.0,5093896.0,130293.0,680.0,160.0
TZA,Tanzania,COM,ADO|ST|E,MUR+STDRE/LWAL/CDN+ERN/H:1/COM,TOTAL,1519.0,90785753.0,30261916.0,0.0,197360.0,121047671.0,60006.0,0.0,130.0,460.0
TZA,Tanzania,IND,ADO|ST|E,MUR+STDRE/LWAL/CDN+ERN/H:1/IND,TOTAL,345.0,28634701.0,15418687.0,0.0,75354.0,44053399.0,22265.0,0.0,218.0,380.0
TZA,Tanzania,RES,ADO|ST|E,MUR+STDRE/LWAL/CDN+ERN/H:1/RES,URBAN,42680.0,819495487.0,144616846.0,194358.0,2560923.0,964112339.0,608890.0,42680.0,60.0,320.0
TZA,Tanzania,COM,ADO|ST|E,MUR+STDRE/LWAL/CDN+ERN/H:2/COM,TOTAL,763.0,90807154.0,30269050.0,0.0,197407.0,121076211.0,60103.0,0.0,259.0,460.0
TZA,Tanzania,IND,ADO|ST|E,MUR+STDRE/LWAL/CDN+ERN/H:2/IND,TOTAL,112.0,20258095.0,10908208.0,0.0,53311.0,31166301.0,15774.0,0.0,476.0,380.0
TZA,Tanzania,RES,ADO|ST|E,MUR+STDRE/LWAL/CDN+ERN/H:2/RES,URBAN,41610.0,1341918674.0,236809178.0,194345.0,4193496.0,1578727858.0,998203.0,42677.0,101.0,320.0
TZA,Tanzania,COM,ADO|ST|E,MUR+STDRE/LWAL/CDN+ERN/H:3/COM,TOTAL,26.0,10251660.0,3417220.0,0.0,22286.0,13668877.0,6795.0,0.0,857.0,460.0
TZA,Tanzania,RES,ADO|ST|E,MUR+STDRE/LWAL/CDN+ERN/H:3/RES,URBAN,566.0,122203360.0,21565299.0,20442.0,381886.0,143768663.0,91007.0,4489.0,675.0,320.0
TZA,Tanzania,COM,ADO|ST|E,MUR+STRUB/LWAL/CDN+ERN/H:1/COM,TOTAL,2087.0,124819769.0,41606585.0,0.0,271347.0,166426358.0,82502.0,0.0,130.0,460.0
TZA,Tanzania,IND,ADO|ST|E,MUR+STRUB/LWAL/CDN+ERN/H:1/IND,TOTAL,808.0,67394151.0,36289157.0,0.0,177353.0,103683303.0,52402.0,0.0,219.0,380.0
TZA,Tanzania,RES,ADO|ST|E,MUR+STRUB/LWAL/CDN+ERN/H:1/RES,RURAL,36139.0,390308728.0,68878012.0,164573.0,2168382.0,459186737.0,515559.0,36139.0,60.0,180.0
TZA,Tanzania,COM,ADO|ST|E,MUR+STRUB/LWAL/CDN+ERN/H:2/COM,TOTAL,1044.0,124813157.0,41604386.0,0.0,271333.0,166417543.0,82611.0,0.0,260.0,460.0
TZA,Tanzania,IND,ADO|ST|E,MUR+STRUB/LWAL/CDN+ERN/H:2/IND,TOTAL,262.0,48279045.0,25996413.0,0.0,127050.0,74275455.0,37592.0,0.0,485.0,380.0
TZA,Tanzania,RES,ADO|ST|E,MUR+STRUB/LWAL/CDN+ERN/H:2/RES,RURAL,35238.0,639128839.0,112787439.0,164599.0,3550716.0,751916277.0,845198.0,36145.0,101.0,180.0
TZA,Tanzania,COM,ADO|ST|E,MUR+STRUB/LWAL/CDN+ERN/H:3/COM,TOTAL,38.0,15045685.0,5015231.0,0.0,32708.0,20060913.0,9972.0,0.0,861.0,460.0
TZA,Tanzania,RES,ADO|ST|E,MUR+STRUB/LWAL/CDN+ERN/H:3/RES,RURAL,476.0,57982291.0,10232166.0,17269.0,322124.0,68214461.0,76766.0,3792.0,677.0,180.0
TZA,Tanzania,IND,S,S+SL/LFM/CDL+ERL/H:1/IND,TOTAL,11768.0,1035684697.0,345228228.0,0.0,2589212.0,1380912935.0,883659.0,0.0,220.0,400.0
TZA,Tanzania,IND,S,S+SL/LFM/CDL+ERL/H:2/IND,TOTAL,3931.0,752730608.0,250910204.0,0.0,1881827.0,1003640812.0,642662.0,0.0,479.0,400.0
TZA,Tanzania,IND,S,S/LFM/CDL+ERL/H:1/IND,TOTAL,8232.0,723260310.0,241086768.0,0.0,1808151.0,964347080.0,617095.0,0.0,220.0,400.0
TZA,Tanzania,IND,S,S/LFM/CDL+ERL/H:2/IND,TOTAL,2744.0,526008550.0,175336189.0,0.0,1315021.0,701344747.0,449092.0,0.0,479.0,400.0
TZA,Tanzania,COM,W,W+WLI/LWAL/CDL+ERM/H:1/COM,TOTAL,1554.0,66474576.0,22158186.0,0.0,201438.0,88632773.0,38454.0,0.0,130.0,330.0
TZA,Tanzania,RES,W,W+WLI/LWAL/CDL+ERM/H:1/RES,URBAN,4495.0,48521287.0,12130321.0,20469.0,269563.0,60651607.0,28510.0,4495.0,60.0,180.0
TZA,Tanzania,RES,W,W+WLI/LWAL/CDL+ERM/H:1/RES,RURAL,10700.0,102711410.0,25677846.0,48727.0,641946.0,128389262.0,67895.0,10700.0,60.0,160.0
TZA,Tanzania,COM,W,W+WLI/LWAL/CDL+ERM/H:2/COM,TOTAL,255.0,20983971.0,6994656.0,0.0,63588.0,27978624.0,12145.0,0.0,249.0,330.0
TZA,Tanzania,RES,W,W+WLI/LWAL/CDL+ERM/H:2/RES,RURAL,3473.0,56033284.0,14008317.0,16224.0,350208.0,70041603.0,37063.0,3563.0,101.0,160.0
TZA,Tanzania,RES,W,W+WLI/LWAL/CDL+ERM/H:2/RES,URBAN,1459.0,26428341.0,6607083.0,6805.0,146824.0,33035420.0,15538.0,1494.0,101.0,180.0
TZA,Tanzania,RES,W,W+WWD/LWAL/CDN+ERM/H:1/RES,RURAL,2103718.0,20195682551.0,5048920639.0,9580083.0,126223016.0,25244603191.0,1685235.0,2103718.0,60.0,160.0
TZA,Tanzania,RES,W,W+WWD/LWAL/CDN+ERM/H:1/RES,URBAN,301919.0,3260731522.0,815182882.0,1374904.0,18115175.0,4075914405.0,241860.0,301919.0,60.0,180.0
TZA,Tanzania,RES,W,W+WWD/LWAL/CDN+ERM/H:2/RES,RURAL,879053.0,14173035986.0,3543258999.0,4105745.0,88581475.0,17716294981.0,1183383.0,901593.0,101.0,160.0
TZA,Tanzania,RES,W,W+WWD/LWAL/CDN+ERM/H:2/RES,URBAN,126157.0,2288334301.0,572083574.0,589256.0,12712968.0,2860417872.0,169836.0,129396.0,101.0,180.0
TZA,Tanzania,COM,W,W/LWAL/CDL+ERM/H:1/COM,TOTAL,1788.0,76653565.0,25551186.0,0.0,232284.0,102204757.0,44343.0,0.0,130.0,330.0
TZA,Tanzania,RES,W,W/LWAL/CDL+ERM/H:1/RES,RURAL,26629.0,255641239.0,63910309.0,121264.0,1597758.0,319551551.0,168984.0,26629.0,60.0,160.0
TZA,Tanzania,RES,W,W/LWAL/CDL+ERM/H:1/RES,URBAN,7191.0,77635008.0,19408753.0,32745.0,431306.0,97043762.0,45616.0,7191.0,60.0,180.0
TZA,Tanzania,COM,W,W/LWAL/CDL+ERM/H:2/COM,TOTAL,897.0,76631320.0,25543771.0,0.0,232216.0,102175093.0,44351.0,0.0,259.0,330.0
TZA,Tanzania,RES,W,W/LWAL/CDL+ERM/H:2/RES,RURAL,25963.0,418611086.0,104652771.0,121279.0,2616319.0,523263853.0,276884.0,26632.0,101.0,160.0
TZA,Tanzania,RES,W,W/LWAL/CDL+ERM/H:2/RES,URBAN,7008.0,127113765.0,31778441.0,32720.0,706188.0,158892208.0,74736.0,7185.0,101.0,180.0
TZA,Tanzania,COM,W,W/LWAL/CDL+ERM/H:3/COM,TOTAL,287.0,42133235.0,14044411.0,0.0,127676.0,56177651.0,24396.0,0.0,445.0,330.0
TZA,Tanzania,RES,W,W/LWAL/CDL+ERM/H:3/RES,RURAL,10375.0,244303978.0,61075997.0,60598.0,1526900.0,305379977.0,161692.0,13307.0,147.0,160.0
TZA,Tanzania,RES,W,W/LWAL/CDL+ERM/H:3/RES,URBAN,2800.0,73959365.0,18489836.0,16278.0,410885.0,92449197.0,43511.0,3575.0,147.0,180.0
TGO,Togo,COM,CR-,CR/LFINF/CDL+ERL/H:1/COM,TOTAL,221.0,12420087.0,2191780.0,0.0,28884.0,14611864.0,14310.0,0.0,131.0,430.0
TGO,Togo,IND,CR-,CR/LFINF/CDL+ERL/H:1/IND,TOTAL,469.0,31001876.0,10333960.0,0.0,103340.0,41335835.0,50879.0,0.0,220.0,300.0
TGO,Togo,RES,CR-,CR/LFINF/CDL+ERL/H:1/RES,URBAN,3814.0,68643494.0,12113558.0,16954.0,228812.0,80757052.0,78433.0,3814.0,60.0,300.0
TGO,Togo,COM,CR-,CR/LFINF/CDL+ERL/H:2/COM,TOTAL,389.0,43471125.0,7671376.0,0.0,101096.0,51142500.0,50124.0,0.0,260.0,430.0
TGO,Togo,IND,CR-,CR/LFINF/CDL+ERL/H:2/IND,TOTAL,158.0,22546375.0,7515459.0,0.0,75155.0,30061825.0,37035.0,0.0,476.0,300.0
TGO,Togo,RES,CR-,CR/LFINF/CDL+ERL/H:2/RES,URBAN,13015.0,393412175.0,69425679.0,59330.0,1311374.0,462837853.0,449843.0,13347.0,101.0,300.0
TGO,Togo,COM,CR-,CR/LFINF/CDL+ERL/H:3/COM,TOTAL,255.0,50160141.0,8851789.0,0.0,116651.0,59011931.0,57882.0,0.0,457.0,430.0
TGO,Togo,RES,CR-,CR/LFINF/CDL+ERL/H:3/RES,URBAN,10398.0,459315234.0,81055630.0,59320.0,1531051.0,540370863.0,525578.0,13344.0,147.0,300.0
TGO,Togo,COM,CR-,CR/LFINF/CDL+ERL/H:4-7/COM,TOTAL,68.0,34395146.0,6069731.0,0.0,79989.0,40464877.0,39783.0,0.0,1176.0,430.0
TGO,Togo,RES,CR-,CR/LFINF/CDL+ERL/H:4-7/RES,URBAN,476.0,137286626.0,24227052.0,25428.0,457622.0,161513678.0,157431.0,5720.0,961.0,300.0
TGO,Togo,COM,CR-,CR/LFINF/CDL+ERL/H:>7/COM,TOTAL,11.0,13758336.0,2427942.0,0.0,31996.0,16186277.0,15938.0,0.0,2909.0,430.0
TGO,Togo,RES,CR-,CR/LFINF/CDL+ERL/H:>7/RES,URBAN,120.0,42902330.0,7570999.0,8474.0,143008.0,50473328.0,49268.0,1906.0,1192.0,300.0
TGO,Togo,RES,OT,INF/LN/CDN+ERN/H:1/EWV/RES,RURAL,66012.0,316860421.0,55916545.0,293442.0,3960755.0,372776966.0,52881.0,66012.0,60.0,80.0
TGO,Togo,RES,OT,INF/LN/CDN+ERN/H:1/EWV/RES,URBAN,17334.0,166408320.0,29366174.0,77055.0,1040052.0,195774494.0,13886.0,17334.0,60.0,160.0
TGO,Togo,RES,OT,MATO/LN/CDN+ERN/H:1/RES,RURAL,13202.0,63372066.0,11183306.0,58687.0,792151.0,74555371.0,363961.0,13202.0,60.0,80.0
TGO,Togo,RES,OT,MATO/LN/CDN+ERN/H:1/RES,URBAN,8668.0,83203875.0,14683036.0,38532.0,520024.0,97886911.0,238930.0,8668.0,60.0,160.0
TGO,Togo,COM,MR|MCF,MCF+CB/LWAL/CDL+ERL/H:1/COM,TOTAL,680.0,38108494.0,9527124.0,0.0,88624.0,47635616.0,49367.0,0.0,130.0,430.0
TGO,Togo,IND,MR|MCF,MCF+CB/LWAL/CDL+ERL/H:1/IND,TOTAL,320.0,21138479.0,7046158.0,0.0,70462.0,28184641.0,39383.0,0.0,220.0,300.0
TGO,Togo,RES,MR|MCF,MCF+CB/LWAL/CDL+ERL/H:1/RES,URBAN,11700.0,210610750.0,37166602.0,52009.0,702036.0,247777353.0,276055.0,11700.0,60.0,300.0
TGO,Togo,COM,MR|MCF,MCF+CB/LWAL/CDL+ERL/H:2/COM,TOTAL,342.0,38108484.0,9527121.0,0.0,88624.0,47635608.0,49405.0,0.0,259.0,430.0
TGO,Togo,IND,MR|MCF,MCF+CB/LWAL/CDL+ERL/H:2/IND,TOTAL,106.0,15372938.0,5124314.0,0.0,51243.0,20497252.0,28666.0,0.0,483.0,300.0
TGO,Togo,RES,MR|MCF,MCF+CB/LWAL/CDL+ERL/H:2/RES,URBAN,11408.0,344874181.0,60860149.0,52014.0,1149581.0,405734331.0,452351.0,11701.0,101.0,300.0
TGO,Togo,COM,MR|MCF,MCF+CB/LWAL/CDL+ERL/H:3-6/COM,TOTAL,28.0,10929833.0,2732458.0,0.0,25418.0,13662291.0,14192.0,0.0,908.0,430.0
TGO,Togo,RES,MR|MCF,MCF+CB/LWAL/CDL+ERL/H:3-6/RES,URBAN,323.0,66303545.0,11700624.0,11559.0,221012.0,78004169.0,87087.0,2600.0,684.0,300.0
TGO,Togo,COM,MR|MCF,MCF+CL/LWAL/CDL+ERL/H:1/COM,TOTAL,318.0,17784011.0,4446002.0,0.0,41358.0,22230009.0,20490.0,0.0,130.0,430.0
TGO,Togo,IND,MR|MCF,MCF+CL/LWAL/CDL+ERL/H:1/IND,TOTAL,147.0,9864029.0,3288010.0,0.0,32880.0,13152038.0,16188.0,0.0,224.0,300.0
TGO,Togo,RES,MR|MCF,MCF+CL/LWAL/CDL+ERL/H:1/RES,URBAN,5461.0,98284824.0,17344380.0,24276.0,327616.0,115629203.0,112302.0,5461.0,60.0,300.0
TGO,Togo,COM,MR|MCF,MCF+CL/LWAL/CDL+ERL/H:2/COM,TOTAL,162.0,17784793.0,4446198.0,0.0,41360.0,22230987.0,20507.0,0.0,255.0,430.0
TGO,Togo,IND,MR|MCF,MCF+CL/LWAL/CDL+ERL/H:2/IND,TOTAL,50.0,7173090.0,2391029.0,0.0,23910.0,9564120.0,11783.0,0.0,478.0,300.0
TGO,Togo,RES,MR|MCF,MCF+CL/LWAL/CDL+ERL/H:2/RES,URBAN,5323.0,160941659.0,28401472.0,24266.0,536472.0,189343129.0,184027.0,5459.0,101.0,300.0
TGO,Togo,COM,MR|MCF,MCF+CL/LWAL/CDL+ERL/H:3-6/COM,TOTAL,12.0,4877623.0,1219405.0,0.0,11343.0,6097030.0,5633.0,0.0,945.0,430.0
TGO,Togo,RES,MR|MCF,MCF+CL/LWAL/CDL+ERL/H:3-6/RES,URBAN,151.0,30941723.0,5460305.0,5395.0,103139.0,36402027.0,35431.0,1214.0,683.0,300.0
TGO,Togo,RES,OT,ME+MEO/LWAL/CDN+ERM/H:1/RES,RURAL,6600.0,31686131.0,5591669.0,29340.0,396077.0,37277800.0,15455.0,6600.0,60.0,80.0
TGO,Togo,RES,OT,ME+MEO/LWAL/CDN+ERM/H:1/RES,URBAN,43336.0,416020507.0,73415384.0,192641.0,2600128.0,489435891.0,101455.0,43336.0,60.0,160.0
TGO,Togo,COM,ADO|ST|E,MUR+ADO/LWAL/CDN+ERN/H:1/COM,TOTAL,19185.0,324220129.0,108073377.0,0.0,2494001.0,432293501.0,211643.0,0.0,130.0,130.0
TGO,Togo,RES,ADO|ST|E,MUR+ADO/LWAL/CDN+ERN/H:1/RES,RURAL,238306.0,1143866306.0,201858760.0,1059335.0,14298329.0,1345725067.0,878235.0,238306.0,60.0,80.0
TGO,Togo,RES,ADO|ST|E,MUR+ADO/LWAL/CDN+ERN/H:1/RES,URBAN,107039.0,899124800.0,158669083.0,475818.0,6422320.0,1057793883.0,394473.0,107039.0,60.0,140.0
TGO,Togo,COM,ADO|ST|E,MUR+ADO/LWAL/CDN+ERN/H:2/COM,TOTAL,9591.0,324219997.0,108073336.0,0.0,2494000.0,432293327.0,212257.0,0.0,260.0,130.0
TGO,Togo,RES,ADO|ST|E,MUR+ADO/LWAL/CDN+ERN/H:2/RES,URBAN,104363.0,1472316843.0,259820620.0,475823.0,10516549.0,1732137462.0,647656.0,107040.0,101.0,140.0
TGO,Togo,RES,ADO|ST|E,MUR+ADO/LWAL/CDN+ERN/H:2/RES,RURAL,232350.0,1873081188.0,330543738.0,1059346.0,23413515.0,2203624927.0,1441909.0,238308.0,101.0,80.0
TGO,Togo,COM,ADO|ST|E,MUR+ADO/LWAL/CDN+ERN/H:3/COM,TOTAL,405.0,47255002.0,15751667.0,0.0,363500.0,63006670.0,31026.0,0.0,898.0,130.0
TGO,Togo,RES,ADO|ST|E,MUR+ADO/LWAL/CDN+ERN/H:3/RES,URBAN,1407.0,134080014.0,23661179.0,50086.0,957714.0,157741194.0,59136.0,11267.0,681.0,140.0
TGO,Togo,RES,ADO|ST|E,MUR+ADO/LWAL/CDN+ERN/H:3/RES,RURAL,3136.0,170576580.0,30101749.0,111501.0,2132207.0,200678329.0,131657.0,25083.0,680.0,80.0
TGO,Togo,COM,MUR,MUR+CB/LWAL/CDN+ERN/H:1/COM,TOTAL,9638.0,375897993.0,93974498.0,0.0,1252993.0,469872490.0,1056160.0,0.0,130.0,300.0
TGO,Togo,IND,MUR,MUR+CB/LWAL/CDN+ERN/H:1/IND,TOTAL,7272.0,383876544.0,127958849.0,0.0,1599486.0,511835395.0,1286625.0,0.0,220.0,240.0
TGO,Togo,RES,MUR,MUR+CB/LWAL/CDN+ERN/H:1/RES,URBAN,98804.0,1067092987.0,188310527.0,439213.0,5928294.0,1255403514.0,3845156.0,98804.0,60.0,180.0
TGO,Togo,RES,MUR,MUR+CB/LWAL/CDN+ERN/H:1/RES,RURAL,68982.0,662238306.0,116865583.0,306646.0,4138989.0,779103890.0,2684594.0,68982.0,60.0,160.0
TGO,Togo,COM,MUR,MUR+CB/LWAL/CDN+ERN/H:2/COM,TOTAL,4817.0,375897153.0,93974288.0,0.0,1252991.0,469871443.0,1056723.0,0.0,260.0,300.0
TGO,Togo,IND,MUR,MUR+CB/LWAL/CDN+ERN/H:2/IND,TOTAL,2426.0,279183094.0,93061033.0,0.0,1163263.0,372244125.0,936259.0,0.0,479.0,240.0
TGO,Togo,RES,MUR,MUR+CB/LWAL/CDN+ERN/H:2/RES,RURAL,67259.0,1084415361.0,191367417.0,306646.0,6777596.0,1275782777.0,4398184.0,68982.0,101.0,160.0
TGO,Togo,RES,MUR,MUR+CB/LWAL/CDN+ERN/H:2/RES,URBAN,96335.0,1747365049.0,308358539.0,439213.0,9707584.0,2055723590.0,6299540.0,98804.0,101.0,180.0
TGO,Togo,COM,MUR,MUR+CB/LWAL/CDN+ERN/H:3/COM,TOTAL,204.0,54352228.0,13588057.0,0.0,181174.0,67940283.0,152877.0,0.0,888.0,300.0
TGO,Togo,RES,MUR,MUR+CB/LWAL/CDN+ERN/H:3/RES,RURAL,907.0,98754875.0,17427331.0,32285.0,617218.0,116182206.0,400728.0,7263.0,681.0,160.0
TGO,Togo,RES,MUR,MUR+CB/LWAL/CDN+ERN/H:3/RES,URBAN,1301.0,159127884.0,28081391.0,46237.0,884044.0,187209275.0,573964.0,10401.0,680.0,180.0
TGO,Togo,COM,MUR,MUR+CL/LWAL/CDN+ERN/H:1/COM,TOTAL,4043.0,157627140.0,39406784.0,0.0,525424.0,197033923.0,327111.0,0.0,130.0,300.0
TGO,Togo,IND,MUR,MUR+CL/LWAL/CDN+ERN/H:1/IND,TOTAL,2896.0,152882977.0,50960990.0,0.0,637012.0,203843975.0,367054.0,0.0,220.0,240.0
TGO,Togo,RES,MUR,MUR+CL/LWAL/CDN+ERN/H:1/RES,RURAL,25084.0,240813809.0,42496554.0,111507.0,1505086.0,283310363.0,691526.0,25084.0,60.0,160.0
TGO,Togo,RES,MUR,MUR+CL/LWAL/CDN+ERN/H:1/RES,URBAN,46110.0,497977013.0,87878297.0,204970.0,2766539.0,585855310.0,1271113.0,46110.0,60.0,180.0
TGO,Togo,COM,MUR,MUR+CL/LWAL/CDN+ERN/H:2/COM,TOTAL,2018.0,157626648.0,39406664.0,0.0,525422.0,197033315.0,327295.0,0.0,260.0,300.0
TGO,Togo,IND,MUR,MUR+CL/LWAL/CDN+ERN/H:2/IND,TOTAL,966.0,111186052.0,37062018.0,0.0,463275.0,148248068.0,267107.0,0.0,480.0,240.0
TGO,Togo,RES,MUR,MUR+CL/LWAL/CDN+ERN/H:2/RES,URBAN,44955.0,815437276.0,143900696.0,204965.0,4530207.0,959337971.0,2082560.0,46108.0,101.0,180.0
TGO,Togo,RES,MUR,MUR+CL/LWAL/CDN+ERN/H:2/RES,RURAL,24459.0,394333162.0,69588207.0,111512.0,2464582.0,463921366.0,1132981.0,25086.0,101.0,160.0
TGO,Togo,COM,MUR,MUR+CL/LWAL/CDN+ERN/H:3/COM,TOTAL,82.0,21662208.0,5415551.0,0.0,72207.0,27077760.0,45005.0,0.0,881.0,300.0
TGO,Togo,RES,MUR,MUR+CL/LWAL/CDN+ERN/H:3/RES,URBAN,608.0,74259735.0,13104659.0,21568.0,412554.0,87364394.0,189755.0,4852.0,679.0,180.0
TGO,Togo,RES,MUR,MUR+CL/LWAL/CDN+ERN/H:3/RES,RURAL,330.0,35910852.0,6337208.0,11732.0,224443.0,42248061.0,103233.0,2639.0,680.0,160.0
TGO,Togo,COM,ADO|ST|E,MUR+STDRE/LWAL/CDN+ERN/H:1/COM,TOTAL,1192.0,68257697.0,22752563.0,0.0,155131.0,91010265.0,47167.0,0.0,130.0,440.0
TGO,Togo,IND,ADO|ST|E,MUR+STDRE/LWAL/CDN+ERN/H:1/IND,TOTAL,586.0,49068572.0,26421538.0,0.0,129128.0,75490112.0,38153.0,0.0,220.0,380.0
TGO,Togo,RES,ADO|ST|E,MUR+STDRE/LWAL/CDN+ERN/H:1/RES,URBAN,24701.0,518725646.0,91539819.0,109805.0,1482073.0,610265465.0,352380.0,24701.0,60.0,350.0
TGO,Togo,COM,ADO|ST|E,MUR+STDRE/LWAL/CDN+ERN/H:2/COM,TOTAL,597.0,68259071.0,22753022.0,0.0,155134.0,91012093.0,47232.0,0.0,260.0,440.0
TGO,Togo,IND,ADO|ST|E,MUR+STDRE/LWAL/CDN+ERN/H:2/IND,TOTAL,195.0,35686405.0,19215758.0,0.0,93912.0,54902164.0,27787.0,0.0,482.0,380.0
TGO,Togo,RES,ADO|ST|E,MUR+STDRE/LWAL/CDN+ERN/H:2/RES,URBAN,24084.0,849413873.0,149896564.0,109805.0,2426897.0,999310436.0,577689.0,24701.0,101.0,350.0
TGO,Togo,COM,ADO|ST|E,MUR+STDRE/LWAL/CDN+ERN/H:3/COM,TOTAL,24.0,9325897.0,3108632.0,0.0,21195.0,12434530.0,6462.0,0.0,883.0,440.0
TGO,Togo,RES,ADO|ST|E,MUR+STDRE/LWAL/CDN+ERN/H:3/RES,URBAN,323.0,77354135.0,13650730.0,11559.0,221012.0,91004865.0,52669.0,2600.0,684.0,350.0
TGO,Togo,COM,ADO|ST|E,MUR+STRUB/LWAL/CDN+ERN/H:1/COM,TOTAL,183.0,10547563.0,3515855.0,0.0,23972.0,14063416.0,7289.0,0.0,131.0,440.0
TGO,Togo,IND,ADO|ST|E,MUR+STRUB/LWAL/CDN+ERN/H:1/IND,TOTAL,212.0,17628801.0,9492433.0,0.0,46392.0,27121234.0,13707.0,0.0,219.0,380.0
TGO,Togo,RES,ADO|ST|E,MUR+STRUB/LWAL/CDN+ERN/H:1/RES,RURAL,3134.0,30101746.0,5312073.0,13932.0,188136.0,35413819.0,44732.0,3134.0,60.0,160.0
TGO,Togo,COM,ADO|ST|E,MUR+STRUB/LWAL/CDN+ERN/H:2/COM,TOTAL,92.0,10546221.0,3515408.0,0.0,23969.0,14061621.0,7298.0,0.0,261.0,440.0
TGO,Togo,IND,ADO|ST|E,MUR+STRUB/LWAL/CDN+ERN/H:2/IND,TOTAL,69.0,12821690.0,6903987.0,0.0,33741.0,19725673.0,9983.0,0.0,489.0,380.0
TGO,Togo,RES,ADO|ST|E,MUR+STRUB/LWAL/CDN+ERN/H:2/RES,RURAL,3056.0,49291477.0,8698496.0,13932.0,308072.0,57989972.0,73332.0,3134.0,101.0,160.0
TGO,Togo,COM,ADO|ST|E,MUR+STRUB/LWAL/CDN+ERN/H:3/COM,TOTAL,2.0,850384.0,283461.0,0.0,1933.0,1133845.0,589.0,0.0,966.0,440.0
TGO,Togo,RES,ADO|ST|E,MUR+STRUB/LWAL/CDN+ERN/H:3/RES,RURAL,42.0,4488936.0,792165.0,1472.0,28056.0,5281100.0,6686.0,331.0,668.0,160.0
TGO,Togo,IND,S,S+SL/LFM/CDL+ERL/H:1/IND,TOTAL,2259.0,149039555.0,49679852.0,0.0,496799.0,198719409.0,169550.0,0.0,220.0,300.0
TGO,Togo,IND,S,S+SL/LFM/CDL+ERL/H:2/IND,TOTAL,751.0,108393319.0,36131106.0,0.0,361311.0,144524422.0,123391.0,0.0,481.0,300.0
TGO,Togo,IND,S,S/LFM/CDL+ERL/H:1/IND,TOTAL,1896.0,125333693.0,41777900.0,0.0,417779.0,167111596.0,142582.0,0.0,220.0,300.0
TGO,Togo,IND,S,S/LFM/CDL+ERL/H:2/IND,TOTAL,634.0,91152754.0,30384251.0,0.0,303843.0,121537007.0,103765.0,0.0,479.0,300.0
TGO,Togo,RES,W,W+WWD/LWAL/CDN+ERM/H:1/RES,RURAL,351186.0,2949971163.0,737492790.0,1561120.0,21071223.0,3687463953.0,281327.0,351186.0,60.0,140.0
TGO,Togo,RES,W,W+WWD/LWAL/CDN+ERM/H:1/RES,URBAN,91005.0,1255862586.0,313965647.0,404541.0,5460272.0,1569828234.0,72901.0,91005.0,60.0,230.0
TGO,Togo,RES,W,W+WWD/LWAL/CDN+ERM/H:2/RES,RURAL,146746.0,2070247557.0,517561889.0,669056.0,14787483.0,2587809445.0,197550.0,150510.0,101.0,140.0
TGO,Togo,RES,W,W+WWD/LWAL/CDN+ERM/H:2/RES,URBAN,38027.0,881346297.0,220336573.0,173372.0,3831940.0,1101682873.0,51192.0,39001.0,101.0,230.0
TGO,Togo,COM,W,W/LWAL/CDL+ERM/H:1/COM,TOTAL,786.0,26654361.0,8884787.0,0.0,102517.0,35539149.0,19570.0,0.0,130.0,260.0
TGO,Togo,RES,W,W/LWAL/CDL+ERM/H:1/RES,RURAL,10562.0,88720982.0,22180246.0,46949.0,633721.0,110901230.0,67025.0,10562.0,60.0,140.0
TGO,Togo,RES,W,W/LWAL/CDL+ERM/H:1/RES,URBAN,3466.0,47842325.0,11960582.0,15409.0,208010.0,59802907.0,22000.0,3466.0,60.0,230.0
TGO,Togo,COM,W,W/LWAL/CDL+ERM/H:2/COM,TOTAL,397.0,26654082.0,8884693.0,0.0,102516.0,35538780.0,19579.0,0.0,258.0,260.0
TGO,Togo,RES,W,W/LWAL/CDL+ERM/H:2/RES,RURAL,10296.0,145280509.0,36320127.0,46949.0,1037718.0,181600635.0,109821.0,10562.0,101.0,140.0
TGO,Togo,RES,W,W/LWAL/CDL+ERM/H:2/RES,URBAN,3380.0,78342076.0,19585518.0,15409.0,340618.0,97927593.0,36047.0,3466.0,101.0,230.0
TGO,Togo,COM,W,W/LWAL/CDL+ERM/H:3/COM,TOTAL,129.0,15149291.0,5049765.0,0.0,58267.0,20199061.0,11133.0,0.0,452.0,260.0
TGO,Togo,RES,W,W/LWAL/CDL+ERM/H:3/RES,RURAL,4112.0,84808523.0,21202133.0,23474.0,605775.0,106010656.0,64149.0,5281.0,147.0,140.0
TGO,Togo,RES,W,W/LWAL/CDL+ERM/H:3/RES,URBAN,1351.0,45732944.0,11433234.0,7699.0,198839.0,57166178.0,21056.0,1732.0,147.0,230.0
TUN,Tunisia,COM,CR-,CR/LDUAL/CDL+ERL/H:1/COM,TOTAL,1096.0,59816948.0,10555928.0,0.0,142421.0,70372882.0,73953.0,0.0,130.0,420.0
TUN,Tunisia,IND,CR-,CR/LDUAL/CDL+ERL/H:1/IND,TOTAL,3647.0,257013078.0,85671027.0,0.0,803166.0,342684107.0,406852.0,0.0,220.0,320.0
TUN,Tunisia,RES,CR-,CR/LDUAL/CDL+ERL/H:1/RES,URBAN,19883.0,441422019.0,77898002.0,75479.0,1193032.0,519320022.0,447333.0,19883.0,60.0,370.0
TUN,Tunisia,COM,CR-,CR/LDUAL/CDL+ERL/H:2/COM,TOTAL,1921.0,209453828.0,36962436.0,0.0,498700.0,246416265.0,259156.0,0.0,260.0,420.0
TUN,Tunisia,IND,CR-,CR/LDUAL/CDL+ERL/H:2/IND,TOTAL,1213.0,186917712.0,62305907.0,0.0,584118.0,249223610.0,296158.0,0.0,482.0,320.0
TUN,Tunisia,RES,CR-,CR/LDUAL/CDL+ERL/H:2/RES,URBAN,67851.0,2529895877.0,446452213.0,264181.0,6837556.0,2976348091.0,2565652.0,69591.0,101.0,370.0
TUN,Tunisia,COM,CR-,CR/LDUAL/CDL+ERL/H:3/COM,TOTAL,1283.0,241674905.0,42648517.0,0.0,575416.0,284323427.0,299260.0,0.0,448.0,420.0
TUN,Tunisia,RES,CR-,CR/LDUAL/CDL+ERL/H:3/RES,URBAN,54224.0,2953691426.0,521239663.0,264198.0,7982950.0,3474931089.0,2997628.0,69596.0,147.0,370.0
TUN,Tunisia,COM,CR-,CR/LDUAL/CDL+ERL/H:4-7/COM,TOTAL,328.0,164817105.0,29085372.0,0.0,392422.0,193902476.0,204574.0,0.0,1196.0,420.0
TUN,Tunisia,RES,CR-,CR/LDUAL/CDL+ERL/H:4-7/RES,URBAN,2486.0,882843073.0,155795837.0,113226.0,2386062.0,1038638907.0,897940.0,29826.0,960.0,370.0
TUN,Tunisia,COM,CR-,CR/LDUAL/CDL+ERL/H:>7/COM,TOTAL,51.0,65666815.0,11588264.0,0.0,156350.0,77255076.0,81636.0,0.0,3066.0,420.0
TUN,Tunisia,RES,CR-,CR/LDUAL/CDL+ERL/H:>7/RES,URBAN,618.0,275888412.0,48686192.0,37738.0,745644.0,324574603.0,281016.0,9941.0,1207.0,370.0
TUN,Tunisia,COM,CR-,CR/LFINF/CDL+ERL/H:1/COM,TOTAL,2738.0,149608900.0,26401571.0,0.0,356212.0,176010475.0,176476.0,0.0,130.0,420.0
TUN,Tunisia,IND,CR-,CR/LFINF/CDL+ERL/H:1/IND,TOTAL,9129.0,642528726.0,214176239.0,0.0,2007902.0,856704964.0,988583.0,0.0,220.0,320.0
TUN,Tunisia,RES,CR-,CR/LFINF/CDL+ERL/H:1/RES,URBAN,49710.0,1103552838.0,194744616.0,188707.0,2982575.0,1298297453.0,1022382.0,49710.0,60.0,370.0
TUN,Tunisia,COM,CR-,CR/LFINF/CDL+ERL/H:2/COM,TOTAL,4791.0,523631964.0,92405641.0,0.0,1246743.0,616037608.0,618148.0,0.0,260.0,420.0
TUN,Tunisia,IND,CR-,CR/LFINF/CDL+ERL/H:2/IND,TOTAL,3042.0,467294274.0,155764755.0,0.0,1460295.0,623059029.0,719619.0,0.0,480.0,320.0
TUN,Tunisia,RES,CR-,CR/LFINF/CDL+ERL/H:2/RES,URBAN,169635.0,6324740258.0,1116130632.0,660471.0,17093893.0,7440870891.0,5863751.0,173983.0,101.0,370.0
TUN,Tunisia,COM,CR-,CR/LFINF/CDL+ERL/H:3/COM,TOTAL,3196.0,604192360.0,106622185.0,0.0,1438553.0,710814543.0,713807.0,0.0,450.0,420.0
TUN,Tunisia,RES,CR-,CR/LFINF/CDL+ERL/H:3/RES,URBAN,135564.0,7384227408.0,1303098953.0,660472.0,19957371.0,8687326357.0,6850948.0,173983.0,147.0,370.0
TUN,Tunisia,COM,CR-,CR/LFINF/CDL+ERL/H:4-7/COM,TOTAL,818.0,414303955.0,73112465.0,0.0,986438.0,487416410.0,490615.0,0.0,1206.0,420.0
TUN,Tunisia,RES,CR-,CR/LFINF/CDL+ERL/H:4-7/RES,URBAN,6214.0,2207105809.0,389489262.0,283056.0,5965151.0,2596595071.0,2052134.0,74563.0,960.0,370.0
TUN,Tunisia,COM,CR-,CR/LFINF/CDL+ERL/H:>7/COM,TOTAL,133.0,177236888.0,31277095.0,0.0,421993.0,208513987.0,210209.0,0.0,3173.0,420.0
TUN,Tunisia,RES,CR-,CR/LFINF/CDL+ERL/H:>7/RES,URBAN,1556.0,689721648.0,121715585.0,94353.0,1864113.0,811437233.0,642214.0,24854.0,1198.0,370.0
TUN,Tunisia,COM,CR-,CR/LWAL/CDL+ERL/H:1/COM,TOTAL,545.0,29781332.0,5255530.0,0.0,70908.0,35036863.0,38509.0,0.0,130.0,420.0
TUN,Tunisia,IND,CR-,CR/LWAL/CDL+ERL/H:1/IND,TOTAL,1822.0,128505827.0,42835273.0,0.0,401581.0,171341100.0,209133.0,0.0,220.0,320.0
TUN,Tunisia,RES,CR-,CR/LWAL/CDL+ERL/H:1/RES,URBAN,9941.0,220709807.0,38948789.0,37738.0,596513.0,259658595.0,242855.0,9941.0,60.0,370.0
TUN,Tunisia,COM,CR-,CR/LWAL/CDL+ERL/H:2/COM,TOTAL,957.0,104725591.0,18480984.0,0.0,249347.0,123206577.0,135524.0,0.0,261.0,420.0
TUN,Tunisia,IND,CR-,CR/LWAL/CDL+ERL/H:2/IND,TOTAL,606.0,93456201.0,31152067.0,0.0,292051.0,124608261.0,152230.0,0.0,482.0,320.0
TUN,Tunisia,RES,CR-,CR/LWAL/CDL+ERL/H:2/RES,URBAN,33929.0,1264948776.0,223226254.0,132100.0,3418780.0,1488175031.0,1392901.0,34798.0,101.0,370.0
TUN,Tunisia,COM,CR-,CR/LWAL/CDL+ERL/H:3/COM,TOTAL,639.0,120839764.0,21324666.0,0.0,287714.0,142164419.0,156503.0,0.0,450.0,420.0
TUN,Tunisia,RES,CR-,CR/LWAL/CDL+ERL/H:3/RES,URBAN,27113.0,1476845027.0,260619712.0,132089.0,3991473.0,1737464740.0,1627436.0,34795.0,147.0,370.0
TUN,Tunisia,COM,CR-,CR/LWAL/CDL+ERL/H:4-7/COM,TOTAL,163.0,81069316.0,14306346.0,0.0,193022.0,95375662.0,105248.0,0.0,1184.0,420.0
TUN,Tunisia,RES,CR-,CR/LWAL/CDL+ERL/H:4-7/RES,URBAN,1242.0,441422019.0,77898002.0,56615.0,1193032.0,519320022.0,487513.0,14913.0,961.0,370.0
TUN,Tunisia,COM,CR-,CR/LWAL/CDL+ERL/H:>7/COM,TOTAL,24.0,30057454.0,5304256.0,0.0,71565.0,35361713.0,39085.0,0.0,2982.0,420.0
TUN,Tunisia,RES,CR-,CR/LWAL/CDL+ERL/H:>7/RES,URBAN,314.0,137944469.0,24343142.0,18877.0,372823.0,162287610.0,152573.0,4972.0,1187.0,370.0
TUN,Tunisia,RES,ADO|ST|E,E+ETO/LWAL/CDN+ERN/H:1/RES,RURAL,159886.0,1055256575.0,186221749.0,606955.0,9593242.0,1241478325.0,857117.0,159886.0,60.0,110.0
TUN,Tunisia,RES,ADO|ST|E,E+ETO/LWAL/CDN+ERN/H:1/RES,URBAN,105265.0,884246063.0,156043421.0,399607.0,6316043.0,1040289486.0,564313.0,105265.0,60.0,140.0
TUN,Tunisia,RES,OT,MATO/LN/CDN+ERN/H:1/RES,RURAL,18272.0,153491738.0,27086777.0,69366.0,1096370.0,180578517.0,503738.0,18272.0,60.0,140.0
TUN,Tunisia,RES,OT,MATO/LN/CDN+ERN/H:1/RES,URBAN,23393.0,336856187.0,59445211.0,88804.0,1403567.0,396301399.0,644883.0,23393.0,60.0,240.0
TUN,Tunisia,COM,MR|MCF,MCF/LWAL/CDL+ERL/H:1/COM,TOTAL,9864.0,538595213.0,134648807.0,0.0,1282370.0,673244022.0,635315.0,0.0,130.0,420.0
TUN,Tunisia,IND,MR|MCF,MCF/LWAL/CDL+ERL/H:1/IND,TOTAL,7297.0,514022188.0,171340729.0,0.0,1606319.0,685362923.0,790866.0,0.0,220.0,320.0
TUN,Tunisia,RES,MR|MCF,MCF/LWAL/CDL+ERL/H:1/RES,URBAN,178954.0,3972792810.0,701081086.0,679341.0,10737278.0,4673873894.0,3680576.0,178954.0,60.0,370.0
TUN,Tunisia,COM,MR|MCF,MCF/LWAL/CDL+ERL/H:2/COM,TOTAL,4938.0,538592750.0,134648196.0,0.0,1282364.0,673240943.0,635809.0,0.0,260.0,420.0
TUN,Tunisia,IND,MR|MCF,MCF/LWAL/CDL+ERL/H:2/IND,TOTAL,2433.0,373834969.0,124611651.0,0.0,1168234.0,498446623.0,575695.0,0.0,480.0,320.0
TUN,Tunisia,RES,MR|MCF,MCF/LWAL/CDL+ERL/H:2/RES,URBAN,174478.0,6505448485.0,1148020319.0,679355.0,17582293.0,7653468805.0,6031288.0,178958.0,101.0,370.0
TUN,Tunisia,COM,MR|MCF,MCF/LWAL/CDL+ERL/H:3-6/COM,TOTAL,441.0,164793196.0,41198302.0,0.0,392365.0,205991499.0,194843.0,0.0,890.0,420.0
TUN,Tunisia,RES,MR|MCF,MCF/LWAL/CDL+ERL/H:3-6/RES,URBAN,4971.0,1250693736.0,220710663.0,150964.0,3380253.0,1471404395.0,1161206.0,39767.0,680.0,370.0
TUN,Tunisia,RES,OT,ME+MEO/LWAL/CDN+ERM/H:1/RES,RURAL,13705.0,115119019.0,20315121.0,52027.0,822279.0,135434139.0,32085.0,13705.0,60.0,140.0
TUN,Tunisia,RES,OT,ME+MEO/LWAL/CDN+ERM/H:1/RES,URBAN,35087.0,505282955.0,89167579.0,133196.0,2105346.0,594450537.0,82149.0,35087.0,60.0,240.0
TUN,Tunisia,COM,ADO|ST|E,MUR+ADO/LWAL/CDN+ERN/H:1/COM,TOTAL,13441.0,471698136.0,157232708.0,0.0,1747030.0,628930850.0,148255.0,0.0,130.0,270.0
TUN,Tunisia,RES,ADO|ST|E,MUR+ADO/LWAL/CDN+ERN/H:1/RES,RURAL,75947.0,501246977.0,88455349.0,288308.0,4556791.0,589702324.0,279888.0,75947.0,60.0,110.0
TUN,Tunisia,RES,ADO|ST|E,MUR+ADO/LWAL/CDN+ERN/H:1/RES,URBAN,50001.0,420017146.0,74120672.0,189812.0,3000122.0,494137816.0,184274.0,50001.0,60.0,140.0
TUN,Tunisia,COM,ADO|ST|E,MUR+ADO/LWAL/CDN+ERN/H:2/COM,TOTAL,6722.0,471698126.0,157232710.0,0.0,1747030.0,628930823.0,148685.0,0.0,260.0,270.0
TUN,Tunisia,RES,ADO|ST|E,MUR+ADO/LWAL/CDN+ERN/H:2/RES,RURAL,74047.0,820791477.0,144845553.0,288296.0,7461741.0,965637029.0,459527.0,75943.0,101.0,110.0
TUN,Tunisia,RES,ADO|ST|E,MUR+ADO/LWAL/CDN+ERN/H:2/RES,URBAN,48747.0,687778147.0,121372610.0,189820.0,4912701.0,809150759.0,302546.0,50003.0,101.0,140.0
TUN,Tunisia,COM,ADO|ST|E,MUR+ADO/LWAL/CDN+ERN/H:3/COM,TOTAL,275.0,64695746.0,21565249.0,0.0,239614.0,86260989.0,20452.0,0.0,871.0,270.0
TUN,Tunisia,RES,ADO|ST|E,MUR+ADO/LWAL/CDN+ERN/H:3/RES,RURAL,1000.0,74747338.0,13190707.0,30346.0,679521.0,87938042.0,41958.0,7994.0,680.0,110.0
TUN,Tunisia,RES,ADO|ST|E,MUR+ADO/LWAL/CDN+ERN/H:3/RES,URBAN,656.0,62634175.0,11053090.0,19986.0,447387.0,73687263.0,27625.0,5265.0,682.0,140.0
TUN,Tunisia,COM,MUR,MUR+CB/LWAL/CDN+ERN/H:1/COM,TOTAL,14276.0,519815738.0,129953929.0,0.0,1856485.0,649769675.0,1564849.0,0.0,130.0,280.0
TUN,Tunisia,IND,MUR,MUR+CB/LWAL/CDN+ERN/H:1/IND,TOTAL,11571.0,610690168.0,203563393.0,0.0,2544542.0,814253553.0,2046827.0,0.0,220.0,240.0
TUN,Tunisia,RES,MUR,MUR+CB/LWAL/CDN+ERN/H:1/RES,RURAL,75947.0,956926046.0,168869301.0,288308.0,4556791.0,1125795348.0,2955584.0,75947.0,60.0,210.0
TUN,Tunisia,RES,MUR,MUR+CB/LWAL/CDN+ERN/H:1/RES,URBAN,188897.0,3400138079.0,600024367.0,717087.0,11333794.0,4000162448.0,7351222.0,188897.0,60.0,300.0
TUN,Tunisia,COM,MUR,MUR+CB/LWAL/CDN+ERN/H:2/COM,TOTAL,7144.0,519815777.0,129953947.0,0.0,1856485.0,649769719.0,1565687.0,0.0,260.0,280.0
TUN,Tunisia,IND,MUR,MUR+CB/LWAL/CDN+ERN/H:2/IND,TOTAL,3863.0,444138726.0,148046241.0,0.0,1850578.0,592184967.0,1489449.0,0.0,479.0,240.0
TUN,Tunisia,RES,MUR,MUR+CB/LWAL/CDN+ERN/H:2/RES,URBAN,184172.0,5567726119.0,982539905.0,717080.0,18559087.0,6550266023.0,12043545.0,188895.0,101.0,300.0
TUN,Tunisia,RES,MUR,MUR+CB/LWAL/CDN+ERN/H:2/RES,RURAL,74047.0,1566965543.0,276523329.0,288296.0,7461741.0,1843488871.0,4842146.0,75943.0,101.0,210.0
TUN,Tunisia,COM,MUR,MUR+CB/LWAL/CDN+ERN/H:3/COM,TOTAL,290.0,71388527.0,17847130.0,0.0,254959.0,89235661.0,215138.0,0.0,879.0,280.0
TUN,Tunisia,RES,MUR,MUR+CB/LWAL/CDN+ERN/H:3/RES,URBAN,2483.0,507038665.0,89477411.0,75492.0,1690129.0,596516074.0,1097314.0,19886.0,681.0,300.0
TUN,Tunisia,RES,MUR,MUR+CB/LWAL/CDN+ERN/H:3/RES,RURAL,1000.0,142699464.0,25182257.0,30346.0,679521.0,167881726.0,441178.0,7994.0,680.0,210.0
TUN,Tunisia,COM,MUR,MUR+CL/LWAL/CDN+ERN/H:1/COM,TOTAL,14276.0,519815738.0,129953929.0,0.0,1856485.0,649769675.0,1155785.0,0.0,130.0,280.0
TUN,Tunisia,IND,MUR,MUR+CL/LWAL/CDN+ERN/H:1/IND,TOTAL,11571.0,610690168.0,203563393.0,0.0,2544542.0,814253553.0,1466195.0,0.0,220.0,240.0
TUN,Tunisia,RES,MUR,MUR+CL/LWAL/CDN+ERN/H:1/RES,URBAN,188897.0,3400138079.0,600024367.0,717087.0,11333794.0,4000162448.0,5207421.0,188897.0,60.0,300.0
TUN,Tunisia,RES,MUR,MUR+CL/LWAL/CDN+ERN/H:1/RES,RURAL,75947.0,956926046.0,168869301.0,288308.0,4556791.0,1125795348.0,2093662.0,75947.0,60.0,210.0
TUN,Tunisia,COM,MUR,MUR+CL/LWAL/CDN+ERN/H:2/COM,TOTAL,7144.0,519815777.0,129953947.0,0.0,1856485.0,649769719.0,1156439.0,0.0,260.0,280.0
TUN,Tunisia,IND,MUR,MUR+CL/LWAL/CDN+ERN/H:2/IND,TOTAL,3863.0,444138726.0,148046241.0,0.0,1850578.0,592184967.0,1066972.0,0.0,479.0,240.0
TUN,Tunisia,RES,MUR,MUR+CL/LWAL/CDN+ERN/H:2/RES,RURAL,74047.0,1566965543.0,276523329.0,288296.0,7461741.0,1843488871.0,3430201.0,75943.0,101.0,210.0
TUN,Tunisia,RES,MUR,MUR+CL/LWAL/CDN+ERN/H:2/RES,URBAN,184172.0,5567726119.0,982539905.0,717080.0,18559087.0,6550266023.0,8531709.0,188895.0,101.0,300.0
TUN,Tunisia,COM,MUR,MUR+CL/LWAL/CDN+ERN/H:3/COM,TOTAL,290.0,71388527.0,17847130.0,0.0,254959.0,89235661.0,158909.0,0.0,879.0,280.0
TUN,Tunisia,RES,MUR,MUR+CL/LWAL/CDN+ERN/H:3/RES,RURAL,1000.0,142699464.0,25182257.0,30346.0,679521.0,167881726.0,312546.0,7994.0,680.0,210.0
TUN,Tunisia,RES,MUR,MUR+CL/LWAL/CDN+ERN/H:3/RES,URBAN,2483.0,507038665.0,89477411.0,75492.0,1690129.0,596516074.0,777376.0,19886.0,681.0,300.0
TUN,Tunisia,COM,ADO|ST|E,MUR+STDRE/LWAL/CDN+ERN/H:1/COM,TOTAL,1104.0,71472225.0,23824074.0,0.0,142944.0,95296299.0,43462.0,0.0,129.0,500.0
TUN,Tunisia,IND,ADO|ST|E,MUR+STDRE/LWAL/CDN+ERN/H:1/IND,TOTAL,799.0,64751483.0,34866182.0,0.0,175004.0,99617667.0,51708.0,0.0,219.0,370.0
TUN,Tunisia,RES,ADO|ST|E,MUR+STDRE/LWAL/CDN+ERN/H:1/RES,URBAN,22220.0,533354297.0,94121347.0,84353.0,1333386.0,627475643.0,317028.0,22220.0,60.0,400.0
TUN,Tunisia,COM,ADO|ST|E,MUR+STDRE/LWAL/CDN+ERN/H:2/COM,TOTAL,549.0,71472742.0,23824250.0,0.0,142945.0,95296986.0,43522.0,0.0,260.0,500.0
TUN,Tunisia,IND,ADO|ST|E,MUR+STDRE/LWAL/CDN+ERN/H:2/IND,TOTAL,265.0,47090042.0,25356175.0,0.0,127270.0,72446216.0,37657.0,0.0,480.0,370.0
TUN,Tunisia,RES,ADO|ST|E,MUR+STDRE/LWAL/CDN+ERN/H:2/RES,URBAN,21667.0,873369645.0,154124054.0,84382.0,2183424.0,1027493698.0,519734.0,22228.0,101.0,400.0
TUN,Tunisia,COM,ADO|ST|E,MUR+STDRE/LWAL/CDN+ERN/H:3/COM,TOTAL,20.0,8034145.0,2678046.0,0.0,16068.0,10712190.0,4899.0,0.0,803.0,500.0
TUN,Tunisia,RES,ADO|ST|E,MUR+STDRE/LWAL/CDN+ERN/H:3/RES,URBAN,299.0,79535943.0,14035752.0,8876.0,198840.0,93571692.0,47386.0,2338.0,665.0,400.0
TUN,Tunisia,COM,ADO|ST|E,MUR+STRUB/LWAL/CDN+ERN/H:1/COM,TOTAL,6065.0,394209107.0,131403037.0,0.0,788418.0,525612142.0,239714.0,0.0,130.0,500.0
TUN,Tunisia,IND,ADO|ST|E,MUR+STRUB/LWAL/CDN+ERN/H:1/IND,TOTAL,6292.0,512611800.0,276021735.0,0.0,1385437.0,788633542.0,409348.0,0.0,220.0,370.0
TUN,Tunisia,RES,ADO|ST|E,MUR+STRUB/LWAL/CDN+ERN/H:1/RES,RURAL,108494.0,1757618867.0,310168038.0,411866.0,6509700.0,2067786907.0,1547758.0,108494.0,60.0,270.0
TUN,Tunisia,COM,ADO|ST|E,MUR+STRUB/LWAL/CDN+ERN/H:2/COM,TOTAL,3030.0,394205017.0,131401674.0,0.0,788410.0,525606686.0,240041.0,0.0,260.0,500.0
TUN,Tunisia,IND,ADO|ST|E,MUR+STRUB/LWAL/CDN+ERN/H:2/IND,TOTAL,2100.0,372808030.0,200742784.0,0.0,1007589.0,573550828.0,298127.0,0.0,480.0,370.0
TUN,Tunisia,RES,ADO|ST|E,MUR+STRUB/LWAL/CDN+ERN/H:2/RES,RURAL,105782.0,2878101410.0,507900249.0,411859.0,10659635.0,3386001662.0,2537377.0,108493.0,101.0,270.0
TUN,Tunisia,COM,ADO|ST|E,MUR+STRUB/LWAL/CDN+ERN/H:3/COM,TOTAL,122.0,53183630.0,17727878.0,0.0,106367.0,70911512.0,32429.0,0.0,872.0,500.0
TUN,Tunisia,RES,ADO|ST|E,MUR+STRUB/LWAL/CDN+ERN/H:3/RES,RURAL,1424.0,262101421.0,46253194.0,43363.0,970746.0,308354614.0,231339.0,11423.0,682.0,270.0
TUN,Tunisia,IND,S,S+SL/LFM/CDL+ERL/H:1/IND,TOTAL,6841.0,481769978.0,160589991.0,0.0,1505531.0,642359964.0,513815.0,0.0,220.0,320.0
TUN,Tunisia,IND,S,S+SL/LFM/CDL+ERL/H:2/IND,TOTAL,2278.0,350375529.0,116791842.0,0.0,1094924.0,467167372.0,373927.0,0.0,481.0,320.0
TUN,Tunisia,IND,S,S/LFM/CDL+ERL/H:1/IND,TOTAL,11058.0,778090443.0,259363481.0,0.0,2431533.0,1037453928.0,829845.0,0.0,220.0,320.0
TUN,Tunisia,IND,S,S/LFM/CDL+ERL/H:2/IND,TOTAL,3685.0,565883453.0,188627815.0,0.0,1768386.0,754511275.0,603920.0,0.0,480.0,320.0
TUN,Tunisia,COM,W,W/LWAL/CDL+ERM/H:1/COM,TOTAL,2002.0,161256399.0,53752132.0,0.0,260091.0,215008524.0,49651.0,0.0,130.0,620.0
TUN,Tunisia,RES,W,W/LWAL/CDL+ERM/H:1/RES,RURAL,5482.0,92094967.0,23023744.0,20811.0,328911.0,115118711.0,34787.0,5482.0,60.0,280.0
TUN,Tunisia,RES,W,W/LWAL/CDL+ERM/H:1/RES,URBAN,14036.0,446335709.0,111583925.0,53285.0,842143.0,557919636.0,89068.0,14036.0,60.0,530.0
TUN,Tunisia,COM,W,W/LWAL/CDL+ERM/H:2/COM,TOTAL,1004.0,161343061.0,53781024.0,0.0,260231.0,215124090.0,49701.0,0.0,259.0,620.0
TUN,Tunisia,RES,W,W/LWAL/CDL+ERM/H:2/RES,RURAL,5343.0,150805478.0,37701368.0,20808.0,538591.0,188506847.0,56999.0,5481.0,101.0,280.0
TUN,Tunisia,RES,W,W/LWAL/CDL+ERM/H:2/RES,URBAN,13684.0,730870751.0,182717690.0,53260.0,1379001.0,913588445.0,145939.0,14030.0,101.0,530.0
TUN,Tunisia,COM,W,W/LWAL/CDL+ERM/H:3/COM,TOTAL,328.0,89251215.0,29750403.0,0.0,143954.0,119001628.0,27506.0,0.0,439.0,620.0
TUN,Tunisia,RES,W,W/LWAL/CDL+ERM/H:3/RES,RURAL,2135.0,87854159.0,21963540.0,10373.0,313765.0,109817700.0,33227.0,2731.0,147.0,280.0
TUN,Tunisia,RES,W,W/LWAL/CDL+ERM/H:3/RES,URBAN,5469.0,426650153.0,106662535.0,26636.0,805000.0,533312689.0,85246.0,7017.0,147.0,530.0
UGA,Uganda,COM,CR-,CR/LFINF/CDL+ERL/H:1/COM,TOTAL,1234.0,77075214.0,13601508.0,0.0,160573.0,90676724.0,79552.0,0.0,130.0,480.0
UGA,Uganda,IND,CR-,CR/LFINF/CDL+ERL/H:1/IND,TOTAL,1956.0,206677100.0,68892366.0,0.0,430577.0,275569468.0,211993.0,0.0,220.0,480.0
UGA,Uganda,RES,CR-,CR/LFINF/CDL+ERL/H:1/RES,URBAN,36165.0,954748376.0,168485007.0,152789.0,2169883.0,1123233384.0,743803.0,36165.0,60.0,440.0
UGA,Uganda,COM,CR-,CR/LFINF/CDL+ERL/H:2/COM,TOTAL,2163.0,269767740.0,47606072.0,0.0,562016.0,317373812.0,278653.0,0.0,260.0,480.0
UGA,Uganda,IND,CR-,CR/LFINF/CDL+ERL/H:2/IND,TOTAL,652.0,150310471.0,50103491.0,0.0,313147.0,200413966.0,154316.0,0.0,480.0,480.0
UGA,Uganda,RES,CR-,CR/LFINF/CDL+ERL/H:2/RES,URBAN,123411.0,5471899020.0,965629240.0,534762.0,12436134.0,6437528258.0,4265991.0,126576.0,101.0,440.0
UGA,Uganda,COM,CR-,CR/LFINF/CDL+ERL/H:3/COM,TOTAL,1442.0,311271765.0,54930311.0,0.0,648483.0,366202077.0,321776.0,0.0,450.0,480.0
UGA,Uganda,RES,CR-,CR/LFINF/CDL+ERL/H:3/RES,URBAN,98624.0,6388522915.0,1127386397.0,534757.0,14519370.0,7515909313.0,4984196.0,126575.0,147.0,440.0
UGA,Uganda,COM,CR-,CR/LFINF/CDL+ERL/H:4-7/COM,TOTAL,370.0,213442399.0,37666305.0,0.0,444672.0,251108704.0,221162.0,0.0,1202.0,480.0
UGA,Uganda,RES,CR-,CR/LFINF/CDL+ERL/H:4-7/RES,URBAN,4520.0,1909495683.0,336969827.0,229184.0,4339763.0,2246465510.0,1492967.0,54247.0,960.0,440.0
UGA,Uganda,COM,CR-,CR/LFINF/CDL+ERL/H:>7/COM,TOTAL,60.0,94862635.0,16740464.0,0.0,197630.0,111603100.0,98447.0,0.0,3294.0,480.0
UGA,Uganda,RES,CR-,CR/LFINF/CDL+ERL/H:>7/RES,URBAN,1130.0,596717145.0,105303026.0,76400.0,1356175.0,702020169.0,467222.0,18084.0,1200.0,440.0
UGA,Uganda,COM,CR+,CR/LFINF/CDM+ERM/H:1/COM,TOTAL,396.0,24828252.0,4381457.0,0.0,51726.0,29209705.0,25626.0,0.0,131.0,480.0
UGA,Uganda,IND,CR+,CR/LFINF/CDM+ERM/H:1/IND,TOTAL,559.0,58702352.0,19567450.0,0.0,122297.0,78269802.0,60212.0,0.0,219.0,480.0
UGA,Uganda,RES,CR+,CR/LFINF/CDM+ERM/H:1/RES,URBAN,9042.0,238686960.0,42121228.0,38200.0,542470.0,280808189.0,185951.0,9042.0,60.0,440.0
UGA,Uganda,COM,CR+,CR/LFINF/CDM+ERM/H:2/COM,TOTAL,697.0,86892430.0,15333959.0,0.0,181026.0,102226390.0,89755.0,0.0,260.0,480.0
UGA,Uganda,IND,CR+,CR/LFINF/CDM+ERM/H:2/IND,TOTAL,187.0,42691508.0,14230504.0,0.0,88941.0,56922009.0,43829.0,0.0,476.0,480.0
UGA,Uganda,RES,CR+,CR/LFINF/CDM+ERM/H:2/RES,URBAN,30852.0,1367974766.0,241407313.0,133694.0,3109034.0,1609382076.0,1066498.0,31645.0,101.0,440.0
UGA,Uganda,COM,CR+,CR/LFINF/CDM+ERM/H:3/COM,TOTAL,465.0,100258292.0,17692641.0,0.0,208871.0,117950932.0,103642.0,0.0,449.0,480.0
UGA,Uganda,RES,CR+,CR/LFINF/CDM+ERM/H:3/RES,URBAN,24656.0,1597130173.0,281846501.0,133689.0,3629841.0,1878976675.0,1246049.0,31644.0,147.0,440.0
UGA,Uganda,COM,CR+,CR/LFINF/CDM+ERM/H:4-7/COM,TOTAL,119.0,68748938.0,12132167.0,0.0,143227.0,80881102.0,71235.0,0.0,1204.0,480.0
UGA,Uganda,RES,CR+,CR/LFINF/CDM+ERM/H:4-7/RES,URBAN,1130.0,477373921.0,84242455.0,57295.0,1084941.0,561616377.0,373242.0,13561.0,960.0,440.0
UGA,Uganda,COM,CR+,CR/LFINF/CDM+ERM/H:>7/COM,TOTAL,20.0,27499621.0,4852874.0,0.0,57291.0,32352496.0,28539.0,0.0,2865.0,480.0
UGA,Uganda,RES,CR+,CR/LFINF/CDM+ERM/H:>7/RES,URBAN,283.0,149179430.0,26325782.0,19095.0,339044.0,175505212.0,116806.0,4520.0,1198.0,440.0
UGA,Uganda,COM,CR-,CR/LWAL/CDL+ERL/H:1/COM,TOTAL,45.0,2847884.0,502568.0,0.0,5933.0,3350451.0,3222.0,0.0,132.0,480.0
UGA,Uganda,IND,CR-,CR/LWAL/CDL+ERL/H:1/IND,TOTAL,52.0,5778458.0,1926153.0,0.0,12038.0,7704614.0,6269.0,0.0,232.0,480.0
UGA,Uganda,RES,CR-,CR/LWAL/CDL+ERL/H:1/RES,URBAN,1152.0,30410598.0,5366576.0,4866.0,69115.0,35777175.0,28138.0,1152.0,60.0,440.0
UGA,Uganda,COM,CR-,CR/LWAL/CDL+ERL/H:2/COM,TOTAL,83.0,10491056.0,1851361.0,0.0,21856.0,12342419.0,11879.0,0.0,263.0,480.0
UGA,Uganda,IND,CR-,CR/LWAL/CDL+ERL/H:2/IND,TOTAL,14.0,4202662.0,1400887.0,0.0,8756.0,5603550.0,4564.0,0.0,625.0,480.0
UGA,Uganda,RES,CR-,CR/LWAL/CDL+ERL/H:2/RES,URBAN,3931.0,174289755.0,30757016.0,17042.0,396113.0,205046772.0,161387.0,4034.0,101.0,440.0
UGA,Uganda,COM,CR-,CR/LWAL/CDL+ERL/H:3/COM,TOTAL,56.0,12105120.0,2136199.0,0.0,25219.0,14241319.0,13718.0,0.0,450.0,480.0
UGA,Uganda,RES,CR-,CR/LWAL/CDL+ERL/H:3/RES,URBAN,3144.0,203486615.0,35909402.0,17037.0,462470.0,239396017.0,188562.0,4033.0,147.0,440.0
UGA,Uganda,COM,CR-,CR/LWAL/CDL+ERL/H:4-7/COM,TOTAL,13.0,7469769.0,1318194.0,0.0,15562.0,8787963.0,8485.0,0.0,1197.0,480.0
UGA,Uganda,RES,CR-,CR/LWAL/CDL+ERL/H:4-7/RES,URBAN,144.0,60821154.0,10733145.0,7299.0,138230.0,71554298.0,56485.0,1728.0,960.0,440.0
UGA,Uganda,RES,CR-,CR/LWAL/CDL+ERL/H:>7/RES,URBAN,36.0,19007062.0,3354187.0,2428.0,43198.0,22361250.0,17678.0,575.0,1200.0,440.0
UGA,Uganda,COM,CR+,CR/LWAL/CDM+ERM/H:1/COM,TOTAL,17.0,853968.0,150701.0,0.0,1779.0,1004667.0,966.0,0.0,105.0,480.0
UGA,Uganda,IND,CR+,CR/LWAL/CDM+ERM/H:1/IND,TOTAL,16.0,1642463.0,547487.0,0.0,3422.0,2189951.0,1782.0,0.0,214.0,480.0
UGA,Uganda,RES,CR+,CR/LWAL/CDM+ERM/H:1/RES,URBAN,288.0,7602500.0,1341617.0,1217.0,17278.0,8944118.0,7034.0,288.0,60.0,440.0
UGA,Uganda,COM,CR+,CR/LWAL/CDM+ERM/H:2/COM,TOTAL,32.0,3376064.0,595776.0,0.0,7033.0,3971839.0,3823.0,0.0,220.0,480.0
UGA,Uganda,RES,CR+,CR/LWAL/CDM+ERM/H:2/RES,URBAN,981.0,43572024.0,7689181.0,4263.0,99027.0,51261204.0,40346.0,1009.0,101.0,440.0
UGA,Uganda,COM,CR+,CR/LWAL/CDM+ERM/H:3/COM,TOTAL,15.0,3120016.0,550591.0,0.0,6500.0,3670608.0,3536.0,0.0,433.0,480.0
UGA,Uganda,RES,CR+,CR/LWAL/CDM+ERM/H:3/RES,URBAN,787.0,50871008.0,8977235.0,4258.0,115616.0,59848242.0,47140.0,1008.0,147.0,440.0
UGA,Uganda,COM,CR+,CR/LWAL/CDM+ERM/H:4-7/COM,TOTAL,5.0,1778200.0,313801.0,0.0,3705.0,2092000.0,2020.0,0.0,741.0,480.0
UGA,Uganda,RES,CR+,CR/LWAL/CDM+ERM/H:4-7/RES,URBAN,36.0,15204999.0,2683235.0,1825.0,34557.0,17888236.0,14121.0,432.0,960.0,440.0
UGA,Uganda,RES,CR+,CR/LWAL/CDM+ERM/H:>7/RES,URBAN,10.0,4751787.0,838550.0,608.0,10800.0,5590338.0,4420.0,144.0,1080.0,440.0
UGA,Uganda,RES,OT,INF/LN/CDN+ERN/H:1/EWV/RES,RURAL,38781.0,116345139.0,20531495.0,163845.0,2326903.0,136876635.0,31067.0,38781.0,60.0,50.0
UGA,Uganda,COM,MR|MCF,MCF/LWAL/CDL+ERL/H:1/COM,TOTAL,4910.0,306384106.0,76596028.0,0.0,638300.0,382980132.0,316228.0,0.0,130.0,480.0
UGA,Uganda,IND,MR|MCF,MCF/LWAL/CDL+ERL/H:1/IND,TOTAL,1793.0,189338869.0,63112956.0,0.0,394456.0,252451827.0,194209.0,0.0,220.0,480.0
UGA,Uganda,RES,MR|MCF,MCF/LWAL/CDL+ERL/H:1/RES,URBAN,147189.0,3885823918.0,685733633.0,621847.0,8831418.0,4571557550.0,3027276.0,147189.0,60.0,440.0
UGA,Uganda,COM,MR|MCF,MCF/LWAL/CDL+ERL/H:2/COM,TOTAL,2455.0,306383224.0,76595806.0,0.0,638298.0,382979030.0,316475.0,0.0,260.0,480.0
UGA,Uganda,IND,MR|MCF,MCF/LWAL/CDL+ERL/H:2/IND,TOTAL,597.0,137701236.0,45900412.0,0.0,286878.0,183601645.0,141370.0,0.0,481.0,480.0
UGA,Uganda,RES,MR|MCF,MCF/LWAL/CDL+ERL/H:2/RES,URBAN,143510.0,6363036254.0,1122888751.0,621852.0,14461446.0,7485925004.0,4960738.0,147190.0,101.0,440.0
UGA,Uganda,COM,MR|MCF,MCF/LWAL/CDL+ERL/H:3-6/COM,TOTAL,218.0,94273138.0,23568283.0,0.0,196402.0,117841422.0,97531.0,0.0,901.0,480.0
UGA,Uganda,RES,MR|MCF,MCF/LWAL/CDL+ERL/H:3-6/RES,URBAN,4089.0,1223315359.0,215879181.0,138196.0,2780262.0,1439194542.0,955093.0,32710.0,680.0,440.0
UGA,Uganda,COM,MR|MCF,MCF/LWAL/CDM+ERM/H:1/COM,TOTAL,1228.0,76595702.0,19148926.0,0.0,159574.0,95744631.0,79057.0,0.0,130.0,480.0
UGA,Uganda,IND,MR|MCF,MCF/LWAL/CDM+ERM/H:1/IND,TOTAL,449.0,47334464.0,15778155.0,0.0,98613.0,63112619.0,48552.0,0.0,220.0,480.0
UGA,Uganda,RES,MR|MCF,MCF/LWAL/CDM+ERM/H:1/RES,URBAN,36798.0,971455840.0,171433384.0,155466.0,2207854.0,1142889224.0,756819.0,36798.0,60.0,440.0
UGA,Uganda,COM,MR|MCF,MCF/LWAL/CDM+ERM/H:2/COM,TOTAL,614.0,76595223.0,19148805.0,0.0,159573.0,95744026.0,79118.0,0.0,260.0,480.0
UGA,Uganda,IND,MR|MCF,MCF/LWAL/CDM+ERM/H:2/IND,TOTAL,149.0,34426249.0,11475416.0,0.0,71721.0,45901664.0,35344.0,0.0,481.0,480.0
UGA,Uganda,RES,MR|MCF,MCF/LWAL/CDM+ERM/H:2/RES,URBAN,35877.0,1590759324.0,280722234.0,155461.0,3615362.0,1871481558.0,1240185.0,36797.0,101.0,440.0
UGA,Uganda,COM,MR|MCF,MCF/LWAL/CDM+ERM/H:3-6/COM,TOTAL,55.0,23020855.0,5755213.0,0.0,47960.0,28776067.0,23816.0,0.0,872.0,480.0
UGA,Uganda,RES,MR|MCF,MCF/LWAL/CDM+ERM/H:3-6/RES,URBAN,1020.0,305827793.0,53969610.0,34550.0,695063.0,359797405.0,238772.0,8178.0,681.0,440.0
UGA,Uganda,RES,OT,ME+MEO/LWAL/CDN+ERM/H:1/RES,URBAN,57596.0,414688477.0,73180320.0,243331.0,3455737.0,487868795.0,134840.0,57596.0,60.0,120.0
UGA,Uganda,RES,OT,ME+MEO/LWAL/CDN+ERM/H:1/RES,RURAL,96954.0,290862781.0,51328727.0,409614.0,5817256.0,342191508.0,226985.0,96954.0,60.0,50.0
UGA,Uganda,COM,ADO|ST|E,MUR+ADO/LWAL/CDN+ERN/H:1/COM,TOTAL,90326.0,1643928572.0,547976191.0,0.0,11742347.0,2191904760.0,996465.0,0.0,130.0,140.0
UGA,Uganda,RES,ADO|ST|E,MUR+ADO/LWAL/CDN+ERN/H:1/RES,URBAN,453155.0,3262718343.0,575773825.0,1914503.0,27189320.0,3838492170.0,1670028.0,453155.0,60.0,120.0
UGA,Uganda,RES,ADO|ST|E,MUR+ADO/LWAL/CDN+ERN/H:1/RES,RURAL,2036392.0,6109176358.0,1078089946.0,8603403.0,122183527.0,7187266304.0,7504780.0,2036392.0,60.0,50.0
UGA,Uganda,COM,ADO|ST|E,MUR+ADO/LWAL/CDN+ERN/H:2/COM,TOTAL,45162.0,1643928577.0,547976190.0,0.0,11742347.0,2191904762.0,999356.0,0.0,260.0,140.0
UGA,Uganda,RES,ADO|ST|E,MUR+ADO/LWAL/CDN+ERN/H:2/RES,URBAN,441826.0,5342701279.0,942829638.0,1914498.0,44522511.0,6285530917.0,2741895.0,453154.0,101.0,120.0
UGA,Uganda,RES,ADO|ST|E,MUR+ADO/LWAL/CDN+ERN/H:2/RES,RURAL,1985481.0,10003776240.0,1765372278.0,8603398.0,200075525.0,11769148519.0,12321543.0,2036391.0,101.0,50.0
UGA,Uganda,COM,ADO|ST|E,MUR+ADO/LWAL/CDN+ERN/H:3/COM,TOTAL,1902.0,239600650.0,79866884.0,0.0,1711433.0,319467538.0,146076.0,0.0,900.0,140.0
UGA,Uganda,RES,ADO|ST|E,MUR+ADO/LWAL/CDN+ERN/H:3/RES,URBAN,5963.0,486545634.0,85860994.0,201527.0,4054547.0,572406626.0,250355.0,47701.0,680.0,120.0
UGA,Uganda,RES,ADO|ST|E,MUR+ADO/LWAL/CDN+ERN/H:3/RES,RURAL,26792.0,911017538.0,160767801.0,905629.0,18220351.0,1071785339.0,1125047.0,214359.0,680.0,50.0
UGA,Uganda,COM,MUR,MUR+CB/LWAL/CDN+ERN/H:1/COM,TOTAL,5287.0,302187954.0,75546987.0,0.0,686791.0,377734941.0,578902.0,0.0,130.0,440.0
UGA,Uganda,IND,MUR,MUR+CB/LWAL/CDN+ERN/H:1/IND,TOTAL,1398.0,67542871.0,22514288.0,0.0,307013.0,90057160.0,246961.0,0.0,220.0,220.0
UGA,Uganda,RES,MUR,MUR+CB/LWAL/CDN+ERN/H:1/RES,URBAN,41037.0,714041908.0,126007395.0,173374.0,2462213.0,840049303.0,1597019.0,41037.0,60.0,290.0
UGA,Uganda,RES,MUR,MUR+CB/LWAL/CDN+ERN/H:1/RES,RURAL,55263.0,530533766.0,93623606.0,233477.0,3315836.0,624157370.0,2150687.0,55263.0,60.0,160.0
UGA,Uganda,COM,MUR,MUR+CB/LWAL/CDN+ERN/H:2/COM,TOTAL,2644.0,302188313.0,75547080.0,0.0,686792.0,377735394.0,579213.0,0.0,260.0,440.0
UGA,Uganda,IND,MUR,MUR+CB/LWAL/CDN+ERN/H:2/IND,TOTAL,464.0,49122531.0,16374179.0,0.0,223284.0,65496711.0,179712.0,0.0,481.0,220.0
UGA,Uganda,RES,MUR,MUR+CB/LWAL/CDN+ERN/H:2/RES,RURAL,53883.0,868749075.0,153308661.0,233487.0,5429682.0,1022057735.0,3523482.0,55266.0,101.0,160.0
UGA,Uganda,RES,MUR,MUR+CB/LWAL/CDN+ERN/H:2/RES,URBAN,40010.0,1169243516.0,206337090.0,173364.0,4031874.0,1375580608.0,2616403.0,41035.0,101.0,290.0
UGA,Uganda,COM,MUR,MUR+CB/LWAL/CDN+ERN/H:3/COM,TOTAL,113.0,43433395.0,10858347.0,0.0,98712.0,54291742.0,83295.0,0.0,874.0,440.0
UGA,Uganda,RES,MUR,MUR+CB/LWAL/CDN+ERN/H:3/RES,URBAN,540.0,106480012.0,18790589.0,18243.0,367172.0,125270604.0,238386.0,4318.0,680.0,290.0
UGA,Uganda,RES,MUR,MUR+CB/LWAL/CDN+ERN/H:3/RES,RURAL,725.0,79114754.0,13961428.0,24579.0,494467.0,93076181.0,321032.0,5818.0,682.0,160.0
UGA,Uganda,COM,MUR,MUR+CL/LWAL/CDN+ERN/H:1/COM,TOTAL,35800.0,2047873338.0,511968333.0,0.0,4654258.0,2559841670.0,2897584.0,0.0,130.0,440.0
UGA,Uganda,IND,MUR,MUR+CL/LWAL/CDN+ERN/H:1/IND,TOTAL,32871.0,1590896991.0,530298997.0,0.0,7231350.0,2121195988.0,4166788.0,0.0,220.0,220.0
UGA,Uganda,RES,MUR,MUR+CL/LWAL/CDN+ERN/H:1/RES,URBAN,453155.0,7884902663.0,1391453412.0,1914503.0,27189320.0,9276356076.0,12492395.0,453155.0,60.0,290.0
UGA,Uganda,RES,MUR,MUR+CL/LWAL/CDN+ERN/H:1/RES,RURAL,509098.0,4887341085.0,862471956.0,2150850.0,30545882.0,5749813041.0,14034600.0,509098.0,60.0,160.0
UGA,Uganda,COM,MUR,MUR+CL/LWAL/CDN+ERN/H:2/COM,TOTAL,17900.0,2047874361.0,511968588.0,0.0,4654260.0,2559842948.0,2899225.0,0.0,260.0,440.0
UGA,Uganda,IND,MUR,MUR+CL/LWAL/CDN+ERN/H:2/IND,TOTAL,10957.0,1157015915.0,385671972.0,0.0,5259163.0,1542687889.0,3032229.0,0.0,480.0,220.0
UGA,Uganda,RES,MUR,MUR+CL/LWAL/CDN+ERN/H:2/RES,URBAN,441826.0,12911528092.0,2278504958.0,1914498.0,44522511.0,15190033049.0,20467230.0,453154.0,101.0,290.0
UGA,Uganda,RES,MUR,MUR+CL/LWAL/CDN+ERN/H:2/RES,RURAL,496370.0,8003020993.0,1412297821.0,2150849.0,50018881.0,9415318814.0,22993940.0,509098.0,101.0,160.0
UGA,Uganda,COM,MUR,MUR+CL/LWAL/CDN+ERN/H:3/COM,TOTAL,754.0,298475873.0,74618967.0,0.0,678354.0,373094837.0,422799.0,0.0,900.0,440.0
UGA,Uganda,RES,MUR,MUR+CL/LWAL/CDN+ERN/H:3/RES,RURAL,6697.0,728814033.0,128614241.0,226396.0,4555088.0,857428274.0,2095116.0,53587.0,680.0,160.0
UGA,Uganda,RES,MUR,MUR+CL/LWAL/CDN+ERN/H:3/RES,URBAN,5963.0,1175818613.0,207497404.0,201527.0,4054547.0,1383316016.0,1864892.0,47701.0,680.0,290.0
UGA,Uganda,COM,ADO|ST|E,MUR+STDRE/LWAL/CDN+ERN/H:1/COM,TOTAL,1055.0,82355420.0,27451807.0,0.0,137259.0,109807227.0,41733.0,0.0,130.0,600.0
UGA,Uganda,IND,ADO|ST|E,MUR+STDRE/LWAL/CDN+ERN/H:1/IND,TOTAL,300.0,32354755.0,17421790.0,0.0,66030.0,49776545.0,19510.0,0.0,220.0,490.0
UGA,Uganda,RES,ADO|ST|E,MUR+STDRE/LWAL/CDN+ERN/H:1/RES,URBAN,34197.0,861774630.0,152077877.0,144476.0,2051844.0,1013852507.0,487850.0,34197.0,60.0,420.0
UGA,Uganda,COM,ADO|ST|E,MUR+STDRE/LWAL/CDN+ERN/H:2/COM,TOTAL,529.0,82354832.0,27451611.0,0.0,137258.0,109806442.0,41790.0,0.0,259.0,600.0
UGA,Uganda,IND,ADO|ST|E,MUR+STDRE/LWAL/CDN+ERN/H:2/IND,TOTAL,100.0,23531186.0,12670640.0,0.0,48023.0,36201828.0,14209.0,0.0,480.0,490.0
UGA,Uganda,RES,ADO|ST|E,MUR+STDRE/LWAL/CDN+ERN/H:2/RES,URBAN,33343.0,1411155571.0,249027454.0,144481.0,3359894.0,1660183023.0,799776.0,34198.0,101.0,420.0
UGA,Uganda,COM,ADO|ST|E,MUR+STDRE/LWAL/CDN+ERN/H:3/COM,TOTAL,23.0,11150175.0,3716725.0,0.0,18584.0,14866899.0,5666.0,0.0,808.0,600.0
UGA,Uganda,RES,ADO|ST|E,MUR+STDRE/LWAL/CDN+ERN/H:3/RES,URBAN,451.0,128510517.0,22678325.0,15217.0,305977.0,151188845.0,72918.0,3602.0,678.0,420.0
UGA,Uganda,COM,ADO|ST|E,MUR+STRUB/LWAL/CDN+ERN/H:1/COM,TOTAL,3304.0,257702796.0,85900932.0,0.0,429505.0,343603732.0,130588.0,0.0,130.0,600.0
UGA,Uganda,IND,ADO|ST|E,MUR+STRUB/LWAL/CDN+ERN/H:1/IND,TOTAL,954.0,102823405.0,55366447.0,0.0,209844.0,158189855.0,62001.0,0.0,220.0,490.0
UGA,Uganda,RES,ADO|ST|E,MUR+STRUB/LWAL/CDN+ERN/H:1/RES,RURAL,55263.0,729483927.0,128732458.0,233477.0,3315836.0,858216384.0,788379.0,55263.0,60.0,220.0
UGA,Uganda,COM,ADO|ST|E,MUR+STRUB/LWAL/CDN+ERN/H:2/COM,TOTAL,1653.0,257702783.0,85900926.0,0.0,429505.0,343603712.0,130768.0,0.0,260.0,600.0
UGA,Uganda,IND,ADO|ST|E,MUR+STRUB/LWAL/CDN+ERN/H:2/IND,TOTAL,318.0,74781379.0,40266895.0,0.0,152615.0,115048277.0,45156.0,0.0,480.0,490.0
UGA,Uganda,RES,ADO|ST|E,MUR+STRUB/LWAL/CDN+ERN/H:2/RES,RURAL,53883.0,1194529978.0,210799408.0,233487.0,5429682.0,1405329387.0,1292460.0,55266.0,101.0,220.0
UGA,Uganda,COM,ADO|ST|E,MUR+STRUB/LWAL/CDN+ERN/H:3/COM,TOTAL,71.0,37560119.0,12520042.0,0.0,62600.0,50080160.0,19085.0,0.0,882.0,600.0
UGA,Uganda,RES,ADO|ST|E,MUR+STRUB/LWAL/CDN+ERN/H:3/RES,RURAL,725.0,108782786.0,19196960.0,24579.0,494467.0,127979749.0,117837.0,5818.0,682.0,220.0
UGA,Uganda,IND,S,S+SL/LFM/CDL+ERL/H:1/IND,TOTAL,7449.0,786202350.0,262067448.0,0.0,1637922.0,1048269806.0,558998.0,0.0,220.0,480.0
UGA,Uganda,IND,S,S+SL/LFM/CDL+ERL/H:2/IND,TOTAL,2484.0,571784495.0,190594832.0,0.0,1191218.0,762379323.0,406812.0,0.0,480.0,480.0
UGA,Uganda,IND,S,S+SL/LFM/CDM+ERM/H:1/IND,TOTAL,1861.0,196549109.0,65516371.0,0.0,409477.0,262065472.0,139748.0,0.0,220.0,480.0
UGA,Uganda,IND,S,S+SL/LFM/CDM+ERM/H:2/IND,TOTAL,625.0,142945762.0,47648589.0,0.0,297804.0,190594348.0,101703.0,0.0,476.0,480.0
UGA,Uganda,IND,S,S/LFM/CDL+ERL/H:1/IND,TOTAL,4012.0,423338602.0,141112864.0,0.0,881955.0,564451465.0,300998.0,0.0,220.0,480.0
UGA,Uganda,IND,S,S/LFM/CDL+ERL/H:2/IND,TOTAL,1339.0,307883518.0,102627837.0,0.0,641424.0,410511356.0,219052.0,0.0,479.0,480.0
UGA,Uganda,IND,S,S/LFM/CDM+ERM/H:1/IND,TOTAL,1004.0,105835670.0,35278555.0,0.0,220491.0,141114229.0,75250.0,0.0,220.0,480.0
UGA,Uganda,IND,S,S/LFM/CDM+ERM/H:2/IND,TOTAL,333.0,76970144.0,25656715.0,0.0,160354.0,102626855.0,54763.0,0.0,482.0,480.0
UGA,Uganda,RES,W,W+WWD/LWAL/CDN+ERM/H:1/RES,URBAN,234402.0,3094090285.0,773522571.0,990306.0,14064047.0,3867612855.0,187773.0,234402.0,60.0,220.0
UGA,Uganda,RES,W,W+WWD/LWAL/CDN+ERM/H:1/RES,RURAL,2147096.0,15459093215.0,3864773303.0,9071108.0,128825777.0,19323866519.0,1719985.0,2147096.0,60.0,120.0
UGA,Uganda,RES,W,W+WWD/LWAL/CDN+ERM/H:2/RES,URBAN,97945.0,2171388497.0,542847124.0,424416.0,9869948.0,2714235622.0,131855.0,100458.0,101.0,220.0
UGA,Uganda,RES,W,W+WWD/LWAL/CDN+ERM/H:2/RES,RURAL,897180.0,10848970441.0,2712242611.0,3887619.0,90408087.0,13561213051.0,1207785.0,920184.0,101.0,120.0
UGA,Uganda,COM,W,W/LWAL/CDL+ERM/H:1/COM,TOTAL,515.0,24017974.0,8005989.0,0.0,66717.0,32023968.0,12736.0,0.0,130.0,360.0
UGA,Uganda,RES,W,W/LWAL/CDL+ERM/H:1/RES,URBAN,4607.0,60820876.0,15205219.0,19465.0,276459.0,76026095.0,29239.0,4607.0,60.0,220.0
UGA,Uganda,RES,W,W/LWAL/CDL+ERM/H:1/RES,RURAL,6205.0,44676620.0,11169154.0,26217.0,372305.0,55845774.0,39376.0,6205.0,60.0,120.0
UGA,Uganda,COM,W,W/LWAL/CDL+ERM/H:2/COM,TOTAL,259.0,24018325.0,8006109.0,0.0,66718.0,32024432.0,12742.0,0.0,258.0,360.0
UGA,Uganda,RES,W,W/LWAL/CDL+ERM/H:2/RES,RURAL,6051.0,73157856.0,18289463.0,26217.0,609649.0,91447319.0,64519.0,6205.0,101.0,120.0
UGA,Uganda,RES,W,W/LWAL/CDL+ERM/H:2/RES,URBAN,4492.0,99594163.0,24898541.0,19465.0,452701.0,124492703.0,47909.0,4607.0,101.0,220.0
UGA,Uganda,COM,W,W/LWAL/CDL+ERM/H:3/COM,TOTAL,89.0,13695079.0,4565026.0,0.0,38042.0,18260105.0,7269.0,0.0,427.0,360.0
UGA,Uganda,RES,W,W/LWAL/CDL+ERM/H:3/RES,RURAL,2418.0,42706447.0,10676613.0,13113.0,355887.0,53383062.0,37687.0,3104.0,147.0,120.0
UGA,Uganda,RES,W,W/LWAL/CDL+ERM/H:3/RES,URBAN,1795.0,58138283.0,14534571.0,9732.0,264265.0,72672855.0,27985.0,2304.0,147.0,220.0
UGA,Uganda,COM,W,W/LWAL/CDM+ERM/H:1/COM,TOTAL,126.0,5921508.0,1973836.0,0.0,16449.0,7895345.0,3140.0,0.0,131.0,360.0
UGA,Uganda,RES,W,W/LWAL/CDM+ERM/H:1/RES,RURAL,1550.0,11169007.0,2792251.0,6549.0,93075.0,13961259.0,9844.0,1550.0,60.0,120.0
UGA,Uganda,RES,W,W/LWAL/CDM+ERM/H:1/RES,URBAN,1152.0,15205299.0,3801325.0,4866.0,69115.0,19006624.0,7310.0,1152.0,60.0,220.0
UGA,Uganda,COM,W,W/LWAL/CDM+ERM/H:2/COM,TOTAL,67.0,6004300.0,2001433.0,0.0,16679.0,8005734.0,3185.0,0.0,249.0,360.0
UGA,Uganda,RES,W,W/LWAL/CDM+ERM/H:2/RES,RURAL,1512.0,18289544.0,4572385.0,6549.0,152413.0,22861930.0,16130.0,1550.0,101.0,120.0
UGA,Uganda,RES,W,W/LWAL/CDM+ERM/H:2/RES,URBAN,1123.0,24898869.0,6224718.0,4866.0,113177.0,31123587.0,11977.0,1152.0,101.0,220.0
UGA,Uganda,COM,W,W/LWAL/CDM+ERM/H:3/COM,TOTAL,16.0,2771594.0,923865.0,0.0,7699.0,3695459.0,1471.0,0.0,481.0,360.0
UGA,Uganda,RES,W,W/LWAL/CDM+ERM/H:3/RES,RURAL,603.0,10676456.0,2669114.0,3275.0,88970.0,13345569.0,9422.0,775.0,148.0,120.0
UGA,Uganda,RES,W,W/LWAL/CDM+ERM/H:3/RES,URBAN,450.0,14534842.0,3633709.0,2433.0,66067.0,18168550.0,6996.0,576.0,147.0,220.0
ZMB,Zambia,COM,CR-,CR/LFINF/CDL+ERL/H:1/COM,TOTAL,521.0,30556964.0,5392405.0,0.0,67904.0,35949366.0,33641.0,0.0,130.0,450.0
ZMB,Zambia,IND,CR-,CR/LFINF/CDL+ERL/H:1/IND,TOTAL,558.0,52492937.0,17497646.0,0.0,122077.0,69990582.0,60104.0,0.0,219.0,430.0
ZMB,Zambia,RES,CR-,CR/LFINF/CDL+ERL/H:1/RES,URBAN,17365.0,333409657.0,58836999.0,86312.0,1041905.0,392246654.0,357149.0,17365.0,60.0,320.0
ZMB,Zambia,COM,CR-,CR/LFINF/CDL+ERL/H:2/COM,TOTAL,912.0,106950807.0,18873671.0,0.0,237668.0,125824474.0,117839.0,0.0,261.0,450.0
ZMB,Zambia,IND,CR-,CR/LFINF/CDL+ERL/H:2/IND,TOTAL,186.0,38175353.0,12725115.0,0.0,88780.0,50900470.0,43750.0,0.0,477.0,430.0
ZMB,Zambia,RES,CR-,CR/LFINF/CDL+ERL/H:2/RES,URBAN,59258.0,1910853309.0,337209406.0,302081.0,5971417.0,2248062716.0,2048387.0,60777.0,101.0,320.0
ZMB,Zambia,COM,CR-,CR/LFINF/CDL+ERL/H:3/COM,TOTAL,608.0,123403029.0,21777006.0,0.0,274229.0,145180035.0,136072.0,0.0,451.0,450.0
ZMB,Zambia,RES,CR-,CR/LFINF/CDL+ERL/H:3/RES,URBAN,47354.0,2230948872.0,393696858.0,302093.0,6971715.0,2624645734.0,2393244.0,60779.0,147.0,320.0
ZMB,Zambia,COM,CR-,CR/LFINF/CDL+ERL/H:4-7/COM,TOTAL,159.0,84619500.0,14932854.0,0.0,188043.0,99552352.0,93525.0,0.0,1183.0,450.0
ZMB,Zambia,RES,CR-,CR/LFINF/CDL+ERL/H:4-7/RES,URBAN,2172.0,666818871.0,117673919.0,129467.0,2083809.0,784492789.0,716873.0,26048.0,959.0,320.0
ZMB,Zambia,COM,CR-,CR/LFINF/CDL+ERL/H:>7/COM,TOTAL,22.0,33847845.0,5973149.0,0.0,75217.0,39820993.0,37468.0,0.0,3419.0,450.0
ZMB,Zambia,RES,CR-,CR/LFINF/CDL+ERL/H:>7/RES,URBAN,543.0,208381263.0,36773165.0,43150.0,651191.0,245154428.0,224345.0,8681.0,1199.0,320.0
ZMB,Zambia,COM,CR-,CR/LWAL/CDL+ERL/H:1/COM,TOTAL,35.0,1994959.0,352052.0,0.0,4433.0,2347012.0,2408.0,0.0,127.0,450.0
ZMB,Zambia,IND,CR-,CR/LWAL/CDL+ERL/H:1/IND,TOTAL,40.0,3801185.0,1267059.0,0.0,8840.0,5068244.0,4604.0,0.0,221.0,430.0
ZMB,Zambia,RES,CR-,CR/LWAL/CDL+ERL/H:1/RES,URBAN,1258.0,24150411.0,4261836.0,6252.0,75470.0,28412249.0,30726.0,1258.0,60.0,320.0
ZMB,Zambia,COM,CR-,CR/LWAL/CDL+ERL/H:2/COM,TOTAL,67.0,7746546.0,1367037.0,0.0,17215.0,9113587.0,9356.0,0.0,257.0,450.0
ZMB,Zambia,IND,CR-,CR/LWAL/CDL+ERL/H:2/IND,TOTAL,7.0,829451.0,276483.0,0.0,1929.0,1105934.0,1005.0,0.0,276.0,430.0
ZMB,Zambia,RES,CR-,CR/LWAL/CDL+ERL/H:2/RES,URBAN,4293.0,138411370.0,24425535.0,21880.0,432536.0,162836906.0,176226.0,4402.0,101.0,320.0
ZMB,Zambia,COM,CR-,CR/LWAL/CDL+ERL/H:3/COM,TOTAL,42.0,7682894.0,1355804.0,0.0,17073.0,9038697.0,9287.0,0.0,406.0,450.0
ZMB,Zambia,RES,CR-,CR/LWAL/CDL+ERL/H:3/RES,URBAN,3430.0,161599350.0,28517532.0,21890.0,504998.0,190116882.0,205902.0,4404.0,147.0,320.0
ZMB,Zambia,COM,CR-,CR/LWAL/CDL+ERL/H:4-7/COM,TOTAL,11.0,5180529.0,914211.0,0.0,11512.0,6094740.0,6277.0,0.0,1047.0,450.0
ZMB,Zambia,RES,CR-,CR/LWAL/CDL+ERL/H:4-7/RES,URBAN,158.0,48300737.0,8523660.0,9376.0,150940.0,56824397.0,61679.0,1886.0,955.0,320.0
ZMB,Zambia,RES,CR-,CR/LWAL/CDL+ERL/H:>7/RES,URBAN,40.0,15093259.0,2663516.0,3132.0,47166.0,17756776.0,19302.0,630.0,1179.0,320.0
ZMB,Zambia,RES,ADO|ST|E,E+ETO/LWAL/CDN+ERN/H:1/RES,URBAN,30909.0,185451323.0,32726703.0,153627.0,1854513.0,218178026.0,165693.0,30909.0,60.0,100.0
ZMB,Zambia,RES,ADO|ST|E,E+ETO/LWAL/CDN+ERN/H:1/RES,RURAL,382420.0,917808002.0,161966119.0,1900756.0,22945200.0,1079774119.0,2050061.0,382420.0,60.0,40.0
ZMB,Zambia,RES,OT,INF/LN/CDN+ERN/H:1/EWV/RES,RURAL,67318.0,282740534.0,49895388.0,334593.0,4039150.0,332635923.0,53928.0,67318.0,60.0,70.0
ZMB,Zambia,RES,OT,INF/LN/CDN+ERN/H:1/EWV/RES,URBAN,3478.0,16702963.0,2947581.0,17287.0,208787.0,19650546.0,2788.0,3478.0,60.0,80.0
ZMB,Zambia,RES,OT,MATO/LN/CDN+ERN/H:1/RES,URBAN,7469.0,35861970.0,6328584.0,37126.0,448275.0,42190552.0,205964.0,7469.0,60.0,80.0
ZMB,Zambia,RES,OT,MATO/LN/CDN+ERN/H:1/RES,RURAL,17952.0,75397563.0,13305452.0,89230.0,1077108.0,88703014.0,494888.0,17952.0,60.0,70.0
ZMB,Zambia,COM,MR|MCF,MCF+CB/LWAL/CDL+ERL/H:1/COM,TOTAL,1683.0,98445491.0,24611374.0,0.0,218768.0,123056866.0,121861.0,0.0,130.0,450.0
ZMB,Zambia,IND,MR|MCF,MCF+CB/LWAL/CDL+ERL/H:1/IND,TOTAL,396.0,37579441.0,12526484.0,0.0,87394.0,50105918.0,48847.0,0.0,221.0,430.0
ZMB,Zambia,RES,MR|MCF,MCF+CB/LWAL/CDL+ERL/H:1/RES,URBAN,55945.0,1074124660.0,189551409.0,278065.0,3356640.0,1263676071.0,1319898.0,55945.0,60.0,320.0
ZMB,Zambia,COM,MR|MCF,MCF+CB/LWAL/CDL+ERL/H:2/COM,TOTAL,845.0,98443543.0,24610887.0,0.0,218763.0,123054426.0,121953.0,0.0,259.0,450.0
ZMB,Zambia,IND,MR|MCF,MCF+CB/LWAL/CDL+ERL/H:2/IND,TOTAL,132.0,27332199.0,9110734.0,0.0,63563.0,36442934.0,35558.0,0.0,482.0,430.0
ZMB,Zambia,RES,MR|MCF,MCF+CB/LWAL/CDL+ERL/H:2/RES,URBAN,54548.0,1758878386.0,310390304.0,278077.0,5496495.0,2069268688.0,2162828.0,55947.0,101.0,320.0
ZMB,Zambia,COM,MR|MCF,MCF+CB/LWAL/CDL+ERL/H:3-6/COM,TOTAL,72.0,28414309.0,7103579.0,0.0,63143.0,35517886.0,35254.0,0.0,877.0,450.0
ZMB,Zambia,RES,MR|MCF,MCF+CB/LWAL/CDL+ERL/H:3-6/RES,URBAN,1557.0,338149793.0,59673492.0,61790.0,1056718.0,397823288.0,416386.0,12432.0,679.0,320.0
ZMB,Zambia,COM,MR|MCF,MCF+CL/LWAL/CDL+ERL/H:1/COM,TOTAL,513.0,29791882.0,7447971.0,0.0,66204.0,37239854.0,32799.0,0.0,129.0,450.0
ZMB,Zambia,IND,MR|MCF,MCF+CL/LWAL/CDL+ERL/H:1/IND,TOTAL,115.0,11373277.0,3791094.0,0.0,26449.0,15164366.0,13022.0,0.0,230.0,430.0
ZMB,Zambia,RES,MR|MCF,MCF+CL/LWAL/CDL+ERL/H:1/RES,URBAN,16931.0,325058068.0,57363188.0,84151.0,1015806.0,382421256.0,348203.0,16931.0,60.0,320.0
ZMB,Zambia,COM,MR|MCF,MCF+CL/LWAL/CDL+ERL/H:2/COM,TOTAL,252.0,29793181.0,7448294.0,0.0,66207.0,37241470.0,32826.0,0.0,263.0,450.0
ZMB,Zambia,IND,MR|MCF,MCF+CL/LWAL/CDL+ERL/H:2/IND,TOTAL,40.0,8271177.0,2757061.0,0.0,19235.0,11028238.0,9479.0,0.0,481.0,430.0
ZMB,Zambia,RES,MR|MCF,MCF+CL/LWAL/CDL+ERL/H:2/RES,URBAN,16507.0,532283679.0,93932413.0,84152.0,1663386.0,626216093.0,570595.0,16931.0,101.0,320.0
ZMB,Zambia,COM,MR|MCF,MCF+CL/LWAL/CDL+ERL/H:3-6/COM,TOTAL,19.0,7793037.0,1948260.0,0.0,17318.0,9741296.0,8600.0,0.0,911.0,450.0
ZMB,Zambia,RES,MR|MCF,MCF+CL/LWAL/CDL+ERL/H:3-6/RES,URBAN,474.0,102332506.0,18058677.0,18706.0,319789.0,120391181.0,109856.0,3763.0,675.0,320.0
ZMB,Zambia,RES,OT,ME+MEO/LWAL/CDN+ERM/H:1/RES,RURAL,1416.0,5952415.0,1050427.0,7037.0,85035.0,7002842.0,3318.0,1416.0,60.0,70.0
ZMB,Zambia,RES,OT,ME+MEO/LWAL/CDN+ERM/H:1/RES,URBAN,1843.0,8842830.0,1560499.0,9162.0,110535.0,10403327.0,4313.0,1843.0,60.0,80.0
ZMB,Zambia,COM,ADO|ST|E,MUR+ADO/LWAL/CDN+ERN/H:1/COM,TOTAL,20676.0,322526340.0,107508785.0,0.0,2687720.0,430035117.0,228082.0,0.0,130.0,120.0
ZMB,Zambia,RES,ADO|ST|E,MUR+ADO/LWAL/CDN+ERN/H:1/RES,RURAL,408738.0,980974665.0,173113175.0,2031563.0,24524367.0,1154087839.0,1506340.0,408738.0,60.0,40.0
ZMB,Zambia,RES,ADO|ST|E,MUR+ADO/LWAL/CDN+ERN/H:1/RES,URBAN,176665.0,1059989529.0,187056976.0,878083.0,10599895.0,1247046503.0,651069.0,176665.0,60.0,100.0
ZMB,Zambia,COM,ADO|ST|E,MUR+ADO/LWAL/CDN+ERN/H:2/COM,TOTAL,10340.0,322526090.0,107508696.0,0.0,2687717.0,430034779.0,228744.0,0.0,260.0,120.0
ZMB,Zambia,RES,ADO|ST|E,MUR+ADO/LWAL/CDN+ERN/H:2/RES,RURAL,398521.0,1606345876.0,283472803.0,2031573.0,40158647.0,1889818683.0,2473149.0,408740.0,101.0,40.0
ZMB,Zambia,RES,ADO|ST|E,MUR+ADO/LWAL/CDN+ERN/H:2/RES,URBAN,172247.0,1735732471.0,306305731.0,878089.0,17357325.0,2042038203.0,1068941.0,176666.0,101.0,100.0
ZMB,Zambia,COM,ADO|ST|E,MUR+ADO/LWAL/CDN+ERN/H:3/COM,TOTAL,441.0,46825659.0,15608549.0,0.0,390214.0,62434210.0,33306.0,0.0,885.0,120.0
ZMB,Zambia,RES,ADO|ST|E,MUR+ADO/LWAL/CDN+ERN/H:3/RES,RURAL,5376.0,146285644.0,25815113.0,213857.0,3657141.0,172100759.0,225817.0,43027.0,680.0,40.0
ZMB,Zambia,RES,ADO|ST|E,MUR+ADO/LWAL/CDN+ERN/H:3/RES,URBAN,2326.0,158068534.0,27894447.0,92442.0,1580685.0,185962984.0,97602.0,18599.0,680.0,100.0
ZMB,Zambia,COM,MUR,MUR+CB/LWAL/CDN+ERN/H:1/COM,TOTAL,14602.0,664168852.0,166042213.0,0.0,1897625.0,830211062.0,1599526.0,0.0,130.0,350.0
ZMB,Zambia,IND,MUR,MUR+CB/LWAL/CDN+ERN/H:1/IND,TOTAL,3660.0,169260764.0,56420254.0,0.0,806004.0,225681024.0,648349.0,0.0,220.0,210.0
ZMB,Zambia,RES,MUR,MUR+CB/LWAL/CDN+ERN/H:1/RES,URBAN,456748.0,7125258438.0,1257398549.0,2270188.0,27404840.0,8382656985.0,17775078.0,456748.0,60.0,260.0
ZMB,Zambia,RES,MUR,MUR+CB/LWAL/CDN+ERN/H:1/RES,RURAL,43869.0,421148564.0,74320333.0,218042.0,2632179.0,495468900.0,1707260.0,43869.0,60.0,160.0
ZMB,Zambia,COM,MUR,MUR+CB/LWAL/CDN+ERN/H:2/COM,TOTAL,7295.0,664168869.0,166042221.0,0.0,1897625.0,830211086.0,1600383.0,0.0,260.0,350.0
ZMB,Zambia,IND,MUR,MUR+CB/LWAL/CDN+ERN/H:2/IND,TOTAL,1220.0,123098680.0,41032894.0,0.0,586184.0,164131582.0,471794.0,0.0,480.0,210.0
ZMB,Zambia,RES,MUR,MUR+CB/LWAL/CDN+ERN/H:2/RES,URBAN,445330.0,11667609650.0,2058989939.0,2270193.0,44875422.0,13726599586.0,29120999.0,456749.0,101.0,260.0
ZMB,Zambia,RES,MUR,MUR+CB/LWAL/CDN+ERN/H:2/RES,RURAL,42773.0,689631042.0,121699596.0,218049.0,4310194.0,811330639.0,2797013.0,43870.0,101.0,160.0
ZMB,Zambia,COM,MUR,MUR+CB/LWAL/CDN+ERN/H:3/COM,TOTAL,301.0,95168766.0,23792195.0,0.0,271911.0,118960956.0,229442.0,0.0,903.0,350.0
ZMB,Zambia,RES,MUR,MUR+CB/LWAL/CDN+ERN/H:3/RES,URBAN,6010.0,1062537631.0,187506642.0,238976.0,4086683.0,1250044272.0,2653274.0,48080.0,680.0,260.0
ZMB,Zambia,RES,MUR,MUR+CB/LWAL/CDN+ERN/H:3/RES,RURAL,577.0,62802635.0,11082817.0,22957.0,392516.0,73885450.0,254841.0,4619.0,680.0,160.0
ZMB,Zambia,COM,MUR,MUR+CL/LWAL/CDN+ERN/H:1/COM,TOTAL,17673.0,803999057.0,200999765.0,0.0,2297140.0,1004998822.0,1430122.0,0.0,130.0,350.0
ZMB,Zambia,IND,MUR,MUR+CL/LWAL/CDN+ERN/H:1/IND,TOTAL,6314.0,291812145.0,97270713.0,0.0,1389582.0,389082871.0,800693.0,0.0,220.0,210.0
ZMB,Zambia,RES,MUR,MUR+CL/LWAL/CDN+ERN/H:1/RES,URBAN,142964.0,2230259778.0,393575254.0,710578.0,8577922.0,2623835033.0,3941209.0,142964.0,60.0,260.0
ZMB,Zambia,RES,MUR,MUR+CL/LWAL/CDN+ERN/H:1/RES,RURAL,327170.0,3140842423.0,554266311.0,1626143.0,19630265.0,3695108732.0,9019315.0,327170.0,60.0,160.0
ZMB,Zambia,COM,MUR,MUR+CL/LWAL/CDN+ERN/H:2/COM,TOTAL,8832.0,804002170.0,201000545.0,0.0,2297149.0,1005002711.0,1430937.0,0.0,260.0,350.0
ZMB,Zambia,IND,MUR,MUR+CL/LWAL/CDN+ERN/H:2/IND,TOTAL,2105.0,212228312.0,70742770.0,0.0,1010611.0,282971078.0,582679.0,0.0,480.0,210.0
ZMB,Zambia,RES,MUR,MUR+CL/LWAL/CDN+ERN/H:2/RES,URBAN,139392.0,3652049938.0,644479402.0,710578.0,14046346.0,4296529338.0,6457178.0,142964.0,101.0,260.0
ZMB,Zambia,RES,MUR,MUR+CL/LWAL/CDN+ERN/H:2/RES,RURAL,318992.0,5143129094.0,907611013.0,1626137.0,32144557.0,6050740106.0,14777020.0,327169.0,101.0,160.0
ZMB,Zambia,COM,MUR,MUR+CL/LWAL/CDN+ERN/H:3/COM,TOTAL,372.0,115768478.0,28942122.0,0.0,330767.0,144710595.0,206158.0,0.0,889.0,350.0
ZMB,Zambia,RES,MUR,MUR+CL/LWAL/CDN+ERN/H:3/RES,RURAL,4305.0,468371190.0,82653739.0,171185.0,2927320.0,551024927.0,1346423.0,34441.0,680.0,160.0
ZMB,Zambia,RES,MUR,MUR+CL/LWAL/CDN+ERN/H:3/RES,URBAN,1883.0,332583044.0,58691126.0,74799.0,1279166.0,391274171.0,588353.0,15049.0,679.0,260.0
ZMB,Zambia,COM,ADO|ST|E,MUR+STDRE/LWAL/CDN+ERN/H:1/COM,TOTAL,10.0,652027.0,217342.0,0.0,1164.0,869368.0,354.0,0.0,116.0,560.0
ZMB,Zambia,RES,ADO|ST|E,MUR+STDRE/LWAL/CDN+ERN/H:1/RES,URBAN,486.0,11959015.0,2110415.0,2417.0,29168.0,14069431.0,6935.0,486.0,60.0,410.0
ZMB,Zambia,RES,ADO|ST|E,MUR+STDRE/LWAL/CDN+ERN/H:2/RES,URBAN,476.0,19584209.0,3456036.0,2411.0,47766.0,23040245.0,11370.0,485.0,100.0,410.0
ZMB,Zambia,COM,ADO|ST|E,MUR+STRUB/LWAL/CDN+ERN/H:1/COM,TOTAL,1.0,36592.0,12197.0,0.0,65.0,48789.0,20.0,0.0,65.0,563.0
ZMB,Zambia,RES,ADO|ST|E,MUR+STRUB/LWAL/CDN+ERN/H:1/RES,RURAL,112.0,1211917.0,213868.0,558.0,6733.0,1425782.0,1601.0,112.0,60.0,180.0
ZMB,Zambia,RES,ADO|ST|E,MUR+STRUB/LWAL/CDN+ERN/H:2/RES,RURAL,105.0,1918658.0,338588.0,524.0,10659.0,2257244.0,2537.0,105.0,102.0,180.0
ZMB,Zambia,IND,S,S+SL/LFM/CDL+ERL/H:1/IND,TOTAL,2045.0,193866092.0,64622034.0,0.0,450851.0,258488125.0,153869.0,0.0,220.0,430.0
ZMB,Zambia,IND,S,S+SL/LFM/CDL+ERL/H:2/IND,TOTAL,682.0,140993998.0,46997991.0,0.0,327893.0,187991997.0,111979.0,0.0,481.0,430.0
ZMB,Zambia,IND,S,S/LFM/CDL+ERL/H:1/IND,TOTAL,1803.0,170267484.0,56755826.0,0.0,395971.0,227023308.0,135139.0,0.0,220.0,430.0
ZMB,Zambia,IND,S,S/LFM/CDL+ERL/H:2/IND,TOTAL,604.0,123830822.0,41276942.0,0.0,287979.0,165107753.0,98348.0,0.0,477.0,430.0
ZMB,Zambia,COM,W,W+WLI/LWAL/CDL+ERM/H:1/COM,TOTAL,224.0,12022784.0,4007591.0,0.0,28626.0,16030381.0,5465.0,0.0,128.0,420.0
ZMB,Zambia,RES,W,W+WLI/LWAL/CDL+ERM/H:1/RES,URBAN,537.0,6770323.0,1692579.0,2667.0,32240.0,8462904.0,3410.0,537.0,60.0,210.0
ZMB,Zambia,RES,W,W+WLI/LWAL/CDL+ERM/H:1/RES,RURAL,2482.0,14881169.0,3720293.0,12337.0,148812.0,18601461.0,15739.0,2482.0,60.0,100.0
ZMB,Zambia,COM,W,W+WLI/LWAL/CDL+ERM/H:2/COM,TOTAL,34.0,3419218.0,1139739.0,0.0,8141.0,4558959.0,1555.0,0.0,239.0,420.0
ZMB,Zambia,RES,W,W+WLI/LWAL/CDL+ERM/H:2/RES,RURAL,807.0,8122646.0,2030663.0,4119.0,81226.0,10153311.0,8596.0,829.0,101.0,100.0
ZMB,Zambia,RES,W,W+WLI/LWAL/CDL+ERM/H:2/RES,URBAN,172.0,3607831.0,901957.0,856.0,17180.0,4509791.0,1818.0,172.0,100.0,210.0
ZMB,Zambia,RES,W,W+WWD/LWAL/CDN+ERM/H:1/RES,RURAL,173449.0,1040682929.0,260170733.0,862098.0,10406829.0,1300853660.0,138944.0,173449.0,60.0,100.0
ZMB,Zambia,RES,W,W+WWD/LWAL/CDN+ERM/H:1/RES,URBAN,13182.0,166095730.0,41523933.0,65517.0,790932.0,207619664.0,10560.0,13182.0,60.0,210.0
ZMB,Zambia,RES,W,W+WWD/LWAL/CDN+ERM/H:2/RES,RURAL,72474.0,730336665.0,182584167.0,369461.0,7303367.0,912920835.0,97568.0,74333.0,101.0,100.0
ZMB,Zambia,RES,W,W+WWD/LWAL/CDN+ERM/H:2/RES,URBAN,5511.0,116563745.0,29140935.0,28089.0,555065.0,145704683.0,7415.0,5651.0,101.0,210.0
ZWE,Zimbabwe,COM,CR-,CR/LFINF/CDL+ERL/H:1/COM,TOTAL,235.0,14666794.0,2588256.0,0.0,31206.0,17255051.0,15460.0,0.0,133.0,470.0
ZWE,Zimbabwe,IND,CR-,CR/LFINF/CDL+ERL/H:1/IND,TOTAL,261.0,23819739.0,7939913.0,0.0,56714.0,31759655.0,27923.0,0.0,217.0,420.0
ZWE,Zimbabwe,RES,CR-,CR/LFINF/CDL+ERL/H:1/RES,URBAN,11313.0,257938032.0,45518476.0,41388.0,678784.0,303456508.0,232677.0,11313.0,60.0,380.0
ZWE,Zimbabwe,COM,CR-,CR/LFINF/CDL+ERL/H:2/COM,TOTAL,420.0,51758898.0,9133925.0,0.0,110125.0,60892815.0,54601.0,0.0,262.0,470.0
ZWE,Zimbabwe,IND,CR-,CR/LFINF/CDL+ERL/H:2/IND,TOTAL,84.0,17321475.0,5773827.0,0.0,41242.0,23095297.0,20324.0,0.0,491.0,420.0
ZWE,Zimbabwe,RES,CR-,CR/LFINF/CDL+ERL/H:2/RES,URBAN,38606.0,1478306722.0,260877658.0,144865.0,3890281.0,1739184379.0,1334491.0,39596.0,101.0,380.0
ZWE,Zimbabwe,COM,CR-,CR/LFINF/CDL+ERL/H:3/COM,TOTAL,281.0,59722051.0,10539187.0,0.0,127068.0,70261243.0,63051.0,0.0,452.0,470.0
ZWE,Zimbabwe,RES,CR-,CR/LFINF/CDL+ERL/H:3/RES,URBAN,30849.0,1725943956.0,304578345.0,144857.0,4541958.0,2030522303.0,1559159.0,39594.0,147.0,380.0
ZWE,Zimbabwe,COM,CR-,CR/LFINF/CDL+ERL/H:4-7/COM,TOTAL,73.0,39970479.0,7053614.0,0.0,85044.0,47024094.0,42297.0,0.0,1165.0,470.0
ZWE,Zimbabwe,RES,CR-,CR/LFINF/CDL+ERL/H:4-7/RES,URBAN,1414.0,515874972.0,91036761.0,62085.0,1357566.0,606911735.0,467030.0,16970.0,960.0,380.0
ZWE,Zimbabwe,COM,CR-,CR/LFINF/CDL+ERL/H:>7/COM,TOTAL,9.0,13714819.0,2420262.0,0.0,29180.0,16135080.0,14536.0,0.0,3242.0,470.0
ZWE,Zimbabwe,RES,CR-,CR/LFINF/CDL+ERL/H:>7/RES,URBAN,353.0,161211410.0,28449074.0,20696.0,424241.0,189660483.0,146157.0,5657.0,1202.0,380.0
ZWE,Zimbabwe,COM,CR-,CR/LWAL/CDL+ERL/H:1/COM,TOTAL,76.0,4409729.0,778188.0,0.0,9382.0,5187917.0,5095.0,0.0,123.0,470.0
ZWE,Zimbabwe,IND,CR-,CR/LWAL/CDL+ERL/H:1/IND,TOTAL,84.0,7474480.0,2491495.0,0.0,17796.0,9965974.0,9268.0,0.0,212.0,420.0
ZWE,Zimbabwe,RES,CR-,CR/LWAL/CDL+ERL/H:1/RES,URBAN,3551.0,80958921.0,14286868.0,12992.0,213050.0,95245788.0,86738.0,3551.0,60.0,380.0
ZWE,Zimbabwe,COM,CR-,CR/LWAL/CDL+ERL/H:2/COM,TOTAL,133.0,16245072.0,2866776.0,0.0,34564.0,19111848.0,18786.0,0.0,260.0,470.0
ZWE,Zimbabwe,IND,CR-,CR/LWAL/CDL+ERL/H:2/IND,TOTAL,24.0,4586494.0,1528827.0,0.0,10920.0,6115326.0,5692.0,0.0,455.0,420.0
ZWE,Zimbabwe,RES,CR-,CR/LWAL/CDL+ERL/H:2/RES,URBAN,12115.0,463993609.0,81881227.0,45465.0,1221036.0,545874837.0,497482.0,12427.0,101.0,380.0
ZWE,Zimbabwe,COM,CR-,CR/LWAL/CDL+ERL/H:3/COM,TOTAL,90.0,18133544.0,3200040.0,0.0,38582.0,21333587.0,20987.0,0.0,429.0,470.0
ZWE,Zimbabwe,RES,CR-,CR/LWAL/CDL+ERL/H:3/RES,URBAN,9683.0,541720092.0,95597664.0,45478.0,1425579.0,637317751.0,581249.0,12431.0,147.0,380.0
ZWE,Zimbabwe,COM,CR-,CR/LWAL/CDL+ERL/H:4-7/COM,TOTAL,22.0,11568667.0,2041529.0,0.0,24614.0,13610195.0,13421.0,0.0,1119.0,470.0
ZWE,Zimbabwe,RES,CR-,CR/LWAL/CDL+ERL/H:4-7/RES,URBAN,445.0,161916954.0,28573581.0,19481.0,426097.0,190490535.0,174118.0,5325.0,958.0,380.0
ZWE,Zimbabwe,RES,CR-,CR/LWAL/CDL+ERL/H:>7/RES,URBAN,110.0,50599357.0,8929298.0,6498.0,133156.0,59528655.0,54492.0,1776.0,1211.0,380.0
ZWE,Zimbabwe,RES,ADO|ST|E,E+ETO/LWAL/CDN+ERN/H:1/RES,URBAN,82578.0,594554888.0,104921451.0,302120.0,4954624.0,699476340.0,442676.0,82578.0,60.0,120.0
ZWE,Zimbabwe,RES,ADO|ST|E,E+ETO/LWAL/CDN+ERN/H:1/RES,RURAL,268347.0,966045366.0,170478594.0,981772.0,16100756.0,1136523958.0,1438538.0,268347.0,60.0,60.0
ZWE,Zimbabwe,RES,OT,INF/LN/CDN+ERN/H:1/EWV/RES,RURAL,357793.0,858706997.0,151536529.0,1309015.0,21467675.0,1010243526.0,286620.0,357793.0,60.0,40.0
ZWE,Zimbabwe,RES,OT,INF/LN/CDN+ERN/H:1/EWV/RES,URBAN,66059.0,594555678.0,104921590.0,241682.0,3963705.0,699477267.0,52920.0,66059.0,60.0,150.0
ZWE,Zimbabwe,RES,OT,MATO/LN/CDN+ERN/H:1/RES,RURAL,29815.0,71558917.0,12628046.0,109082.0,1788973.0,84186961.0,821961.0,29815.0,60.0,40.0
ZWE,Zimbabwe,RES,OT,MATO/LN/CDN+ERN/H:1/RES,URBAN,16515.0,148638504.0,26230323.0,60420.0,990923.0,174868829.0,455289.0,16515.0,60.0,150.0
ZWE,Zimbabwe,COM,MR|MCF,MCF+CB/LWAL/CDL+ERL/H:1/COM,TOTAL,1023.0,62660375.0,15665094.0,0.0,133320.0,78325471.0,74264.0,0.0,130.0,470.0
ZWE,Zimbabwe,IND,MR|MCF,MCF+CB/LWAL/CDL+ERL/H:1/IND,TOTAL,240.0,22425636.0,7475211.0,0.0,53394.0,29900848.0,29843.0,0.0,222.0,420.0
ZWE,Zimbabwe,RES,MR|MCF,MCF+CB/LWAL/CDL+ERL/H:1/RES,URBAN,47937.0,1092940677.0,192871884.0,175380.0,2876160.0,1285812563.0,1130964.0,47937.0,60.0,380.0
ZWE,Zimbabwe,COM,MR|MCF,MCF+CB/LWAL/CDL+ERL/H:2/COM,TOTAL,513.0,62662370.0,15665591.0,0.0,133324.0,78327961.0,74324.0,0.0,260.0,470.0
ZWE,Zimbabwe,IND,MR|MCF,MCF+CB/LWAL/CDL+ERL/H:2/IND,TOTAL,84.0,16310740.0,5436912.0,0.0,38835.0,21747655.0,21725.0,0.0,462.0,420.0
ZWE,Zimbabwe,RES,MR|MCF,MCF+CB/LWAL/CDL+ERL/H:2/RES,URBAN,46737.0,1789690326.0,315827705.0,175380.0,4709711.0,2105518033.0,1853235.0,47936.0,101.0,380.0
ZWE,Zimbabwe,COM,MR|MCF,MCF+CB/LWAL/CDL+ERL/H:3-6/COM,TOTAL,40.0,16639885.0,4159972.0,0.0,35404.0,20799857.0,19767.0,0.0,885.0,470.0
ZWE,Zimbabwe,RES,MR|MCF,MCF+CB/LWAL/CDL+ERL/H:3-6/RES,URBAN,1331.0,344073630.0,60718876.0,38976.0,905457.0,404792504.0,356783.0,10653.0,680.0,380.0
ZWE,Zimbabwe,COM,MR|MCF,MCF+CL/LWAL/CDL+ERL/H:1/COM,TOTAL,271.0,16435632.0,4108908.0,0.0,34969.0,20544540.0,17325.0,0.0,129.0,470.0
ZWE,Zimbabwe,IND,MR|MCF,MCF+CL/LWAL/CDL+ERL/H:1/IND,TOTAL,63.0,5911254.0,1970419.0,0.0,14074.0,7881675.0,6930.0,0.0,223.0,420.0
ZWE,Zimbabwe,RES,MR|MCF,MCF+CL/LWAL/CDL+ERL/H:1/RES,URBAN,12634.0,288061601.0,50834399.0,46222.0,758057.0,338896002.0,259850.0,12634.0,60.0,380.0
ZWE,Zimbabwe,COM,MR|MCF,MCF+CL/LWAL/CDL+ERL/H:2/COM,TOTAL,135.0,16516092.0,4129024.0,0.0,35141.0,20645118.0,17423.0,0.0,260.0,470.0
ZWE,Zimbabwe,IND,MR|MCF,MCF+CL/LWAL/CDL+ERL/H:2/IND,TOTAL,24.0,3625568.0,1208524.0,0.0,8632.0,4834090.0,4254.0,0.0,360.0,420.0
ZWE,Zimbabwe,RES,MR|MCF,MCF+CL/LWAL/CDL+ERL/H:2/RES,URBAN,12318.0,471700959.0,83241344.0,46222.0,1241318.0,554942307.0,425812.0,12634.0,101.0,380.0
ZWE,Zimbabwe,COM,MR|MCF,MCF+CL/LWAL/CDL+ERL/H:3-6/COM,TOTAL,9.0,3616893.0,904224.0,0.0,7696.0,4521117.0,3822.0,0.0,855.0,470.0
ZWE,Zimbabwe,RES,MR|MCF,MCF+CL/LWAL/CDL+ERL/H:3-6/RES,URBAN,352.0,90685529.0,16003329.0,10271.0,238646.0,106688855.0,81981.0,2808.0,678.0,380.0
ZWE,Zimbabwe,RES,OT,ME+MEO/LWAL/CDN+ERM/H:1/RES,RURAL,149081.0,357794580.0,63140221.0,545425.0,8944864.0,420934800.0,349022.0,149081.0,60.0,40.0
ZWE,Zimbabwe,RES,OT,ME+MEO/LWAL/CDN+ERM/H:1/RES,URBAN,82578.0,743193611.0,131151812.0,302120.0,4954624.0,874345425.0,193326.0,82578.0,60.0,150.0
ZWE,Zimbabwe,COM,ADO|ST|E,MUR+ADO/LWAL/CDN+ERN/H:1/COM,TOTAL,13343.0,208146119.0,69382038.0,0.0,1734551.0,277528157.0,147196.0,0.0,130.0,120.0
ZWE,Zimbabwe,RES,ADO|ST|E,MUR+ADO/LWAL/CDN+ERN/H:1/RES,URBAN,117672.0,847241204.0,149513154.0,430511.0,7060343.0,996754358.0,433662.0,117672.0,60.0,120.0
ZWE,Zimbabwe,RES,ADO|ST|E,MUR+ADO/LWAL/CDN+ERN/H:1/RES,RURAL,382392.0,1376614519.0,242931974.0,1399015.0,22943575.0,1619546495.0,1409245.0,382392.0,60.0,60.0
ZWE,Zimbabwe,COM,ADO|ST|E,MUR+ADO/LWAL/CDN+ERN/H:2/COM,TOTAL,6671.0,208146496.0,69382168.0,0.0,1734554.0,277528657.0,147623.0,0.0,260.0,120.0
ZWE,Zimbabwe,RES,ADO|ST|E,MUR+ADO/LWAL/CDN+ERN/H:2/RES,URBAN,114733.0,1387357279.0,244827756.0,430511.0,11561311.0,1632185032.0,711997.0,117672.0,101.0,120.0
ZWE,Zimbabwe,RES,ADO|ST|E,MUR+ADO/LWAL/CDN+ERN/H:2/RES,RURAL,372835.0,2254206389.0,397801127.0,1399029.0,37570106.0,2652007515.0,2313735.0,382396.0,101.0,60.0
ZWE,Zimbabwe,COM,ADO|ST|E,MUR+ADO/LWAL/CDN+ERN/H:3/COM,TOTAL,276.0,29849312.0,9949773.0,0.0,248744.0,39799086.0,21231.0,0.0,901.0,120.0
ZWE,Zimbabwe,RES,ADO|ST|E,MUR+ADO/LWAL/CDN+ERN/H:3/RES,RURAL,5035.0,205284791.0,36226727.0,147269.0,3421413.0,241511515.0,211261.0,40253.0,680.0,60.0
ZWE,Zimbabwe,RES,ADO|ST|E,MUR+ADO/LWAL/CDN+ERN/H:3/RES,URBAN,1549.0,126343020.0,22295828.0,45320.0,1052858.0,148638846.0,65011.0,12387.0,680.0,120.0
ZWE,Zimbabwe,COM,MUR,MUR+CB/LWAL/CDN+ERN/H:1/COM,TOTAL,9148.0,546854844.0,136713708.0,0.0,1188815.0,683568556.0,1002063.0,0.0,130.0,460.0
ZWE,Zimbabwe,IND,MUR,MUR+CB/LWAL/CDN+ERN/H:1/IND,TOTAL,2908.0,178862580.0,59620859.0,0.0,638795.0,238483431.0,513846.0,0.0,220.0,280.0
ZWE,Zimbabwe,RES,MUR,MUR+CB/LWAL/CDN+ERN/H:1/RES,RURAL,198276.0,1903467242.0,335905984.0,725412.0,11896670.0,2239373225.0,7716310.0,198276.0,60.0,160.0
ZWE,Zimbabwe,RES,MUR,MUR+CB/LWAL/CDN+ERN/H:1/RES,URBAN,236127.0,5950457381.0,1050080716.0,863893.0,14167756.0,7000538097.0,9189361.0,236127.0,60.0,420.0
ZWE,Zimbabwe,COM,MUR,MUR+CB/LWAL/CDN+ERN/H:2/COM,TOTAL,4576.0,546853844.0,136713463.0,0.0,1188813.0,683567306.0,1002598.0,0.0,260.0,460.0
ZWE,Zimbabwe,IND,MUR,MUR+CB/LWAL/CDN+ERN/H:2/IND,TOTAL,966.0,130083960.0,43361315.0,0.0,464586.0,173445272.0,373925.0,0.0,481.0,280.0
ZWE,Zimbabwe,RES,MUR,MUR+CB/LWAL/CDN+ERN/H:2/RES,URBAN,230226.0,9743874171.0,1719507208.0,863897.0,23199700.0,11463381378.0,15054977.0,236129.0,101.0,420.0
ZWE,Zimbabwe,RES,MUR,MUR+CB/LWAL/CDN+ERN/H:2/RES,RURAL,193322.0,3116927500.0,550046031.0,725412.0,19480797.0,3666973530.0,12641670.0,198277.0,101.0,160.0
ZWE,Zimbabwe,COM,MUR,MUR+CB/LWAL/CDN+ERN/H:3/COM,TOTAL,189.0,76094502.0,19023627.0,0.0,165423.0,95118129.0,139586.0,0.0,875.0,460.0
ZWE,Zimbabwe,RES,MUR,MUR+CB/LWAL/CDN+ERN/H:3/RES,URBAN,3106.0,887349009.0,156591002.0,90935.0,2112736.0,1043940007.0,1371691.0,24855.0,680.0,420.0
ZWE,Zimbabwe,RES,MUR,MUR+CB/LWAL/CDN+ERN/H:3/RES,RURAL,2610.0,283850298.0,50091228.0,76351.0,1774064.0,333941527.0,1151809.0,20869.0,680.0,160.0
ZWE,Zimbabwe,COM,MUR,MUR+CL/LWAL/CDN+ERN/H:1/COM,TOTAL,7281.0,435408777.0,108852194.0,0.0,946541.0,544260969.0,589285.0,0.0,130.0,460.0
ZWE,Zimbabwe,IND,MUR,MUR+CL/LWAL/CDN+ERN/H:1/IND,TOTAL,2564.0,157849542.0,52616515.0,0.0,563748.0,210466049.0,324838.0,0.0,220.0,280.0
ZWE,Zimbabwe,RES,MUR,MUR+CL/LWAL/CDN+ERN/H:1/RES,URBAN,100023.0,2520542950.0,444801697.0,365942.0,6001293.0,2965344646.0,2757352.0,100023.0,60.0,420.0
ZWE,Zimbabwe,RES,MUR,MUR+CL/LWAL/CDN+ERN/H:1/RES,RURAL,226602.0,2175390896.0,383892510.0,829044.0,13596193.0,2559283407.0,6246902.0,226602.0,60.0,160.0
ZWE,Zimbabwe,COM,MUR,MUR+CL/LWAL/CDN+ERN/H:2/COM,TOTAL,3640.0,435408900.0,108852222.0,0.0,946541.0,544261115.0,589618.0,0.0,260.0,460.0
ZWE,Zimbabwe,IND,MUR,MUR+CL/LWAL/CDN+ERN/H:2/IND,TOTAL,854.0,114799654.0,38266553.0,0.0,409999.0,153066198.0,236390.0,0.0,480.0,280.0
ZWE,Zimbabwe,RES,MUR,MUR+CL/LWAL/CDN+ERN/H:2/RES,RURAL,220937.0,3562202545.0,628623980.0,829039.0,22263766.0,4190826526.0,10234769.0,226601.0,101.0,160.0
ZWE,Zimbabwe,RES,MUR,MUR+CL/LWAL/CDN+ERN/H:2/RES,URBAN,97519.0,4127387827.0,728362556.0,365937.0,9827114.0,4855750382.0,4517575.0,100021.0,101.0,420.0
ZWE,Zimbabwe,COM,MUR,MUR+CL/LWAL/CDN+ERN/H:3/COM,TOTAL,146.0,60246353.0,15061589.0,0.0,130970.0,75307940.0,81630.0,0.0,897.0,460.0
ZWE,Zimbabwe,RES,MUR,MUR+CL/LWAL/CDN+ERN/H:3/RES,URBAN,1319.0,375870602.0,66330108.0,38513.0,894930.0,442200708.0,411624.0,10527.0,678.0,420.0
ZWE,Zimbabwe,RES,MUR,MUR+CL/LWAL/CDN+ERN/H:3/RES,RURAL,2982.0,324400392.0,57247128.0,87275.0,2027502.0,381647523.0,932551.0,23855.0,680.0,160.0
ZWE,Zimbabwe,COM,ADO|ST|E,MUR+STDRE/LWAL/CDN+ERN/H:1/COM,TOTAL,388.0,32271368.0,10757124.0,0.0,50424.0,43028492.0,15331.0,0.0,130.0,640.0
ZWE,Zimbabwe,IND,ADO|ST|E,MUR+STDRE/LWAL/CDN+ERN/H:1/IND,TOTAL,101.0,9076821.0,4887515.0,0.0,21611.0,13964339.0,6386.0,0.0,214.0,420.0
ZWE,Zimbabwe,RES,ADO|ST|E,MUR+STDRE/LWAL/CDN+ERN/H:1/RES,URBAN,23533.0,593069019.0,104659238.0,86096.0,1412069.0,697728259.0,335736.0,23533.0,60.0,420.0
ZWE,Zimbabwe,COM,ADO|ST|E,MUR+STDRE/LWAL/CDN+ERN/H:2/COM,TOTAL,194.0,32270678.0,10756891.0,0.0,50423.0,43027574.0,15352.0,0.0,260.0,640.0
ZWE,Zimbabwe,IND,ADO|ST|E,MUR+STDRE/LWAL/CDN+ERN/H:2/IND,TOTAL,31.0,6308647.0,3396962.0,0.0,15021.0,9705599.0,4444.0,0.0,485.0,420.0
ZWE,Zimbabwe,RES,ADO|ST|E,MUR+STDRE/LWAL/CDN+ERN/H:2/RES,URBAN,22945.0,971150482.0,171379497.0,86091.0,2312263.0,1142529976.0,550402.0,23531.0,101.0,420.0
ZWE,Zimbabwe,COM,ADO|ST|E,MUR+STDRE/LWAL/CDN+ERN/H:3/COM,TOTAL,7.0,3398022.0,1132674.0,0.0,5309.0,4530697.0,1619.0,0.0,758.0,640.0
ZWE,Zimbabwe,RES,ADO|ST|E,MUR+STDRE/LWAL/CDN+ERN/H:3/RES,URBAN,310.0,88439830.0,15607029.0,9065.0,210571.0,104046856.0,50181.0,2478.0,679.0,420.0
ZWE,Zimbabwe,COM,ADO|ST|E,MUR+STRUB/LWAL/CDN+ERN/H:1/COM,TOTAL,1495.0,124299178.0,41433059.0,0.0,194217.0,165732230.0,59051.0,0.0,130.0,640.0
ZWE,Zimbabwe,IND,ADO|ST|E,MUR+STRUB/LWAL/CDN+ERN/H:1/IND,TOTAL,619.0,57331808.0,30870974.0,0.0,136504.0,88202782.0,40332.0,0.0,221.0,420.0
ZWE,Zimbabwe,RES,ADO|ST|E,MUR+STRUB/LWAL/CDN+ERN/H:1/RES,RURAL,70813.0,1189667056.0,209941246.0,259077.0,4248811.0,1399608301.0,1010205.0,70813.0,60.0,280.0
ZWE,Zimbabwe,COM,ADO|ST|E,MUR+STRUB/LWAL/CDN+ERN/H:2/COM,TOTAL,748.0,124301793.0,41433929.0,0.0,194222.0,165735730.0,59133.0,0.0,260.0,640.0
ZWE,Zimbabwe,IND,ADO|ST|E,MUR+STRUB/LWAL/CDN+ERN/H:2/IND,TOTAL,205.0,41696668.0,22452052.0,0.0,99278.0,64148721.0,29375.0,0.0,484.0,420.0
ZWE,Zimbabwe,RES,ADO|ST|E,MUR+STRUB/LWAL/CDN+ERN/H:2/RES,RURAL,69043.0,1948078741.0,343778600.0,259086.0,6957424.0,2291857339.0,1656117.0,70816.0,101.0,280.0
ZWE,Zimbabwe,COM,ADO|ST|E,MUR+STRUB/LWAL/CDN+ERN/H:3/COM,TOTAL,25.0,15399627.0,5133208.0,0.0,24062.0,20532840.0,7336.0,0.0,962.0,640.0
ZWE,Zimbabwe,RES,ADO|ST|E,MUR+STRUB/LWAL/CDN+ERN/H:3/RES,RURAL,934.0,177406060.0,31306950.0,27276.0,633593.0,208713008.0,150992.0,7455.0,678.0,280.0
ZWE,Zimbabwe,IND,S,S+SL/LFM/CDL+ERL/H:1/IND,TOTAL,1487.0,137604505.0,45868169.0,0.0,327630.0,183472673.0,111815.0,0.0,220.0,420.0
ZWE,Zimbabwe,IND,S,S+SL/LFM/CDL+ERL/H:2/IND,TOTAL,501.0,100074605.0,33358206.0,0.0,238273.0,133432812.0,81373.0,0.0,476.0,420.0
ZWE,Zimbabwe,IND,S,S/LFM/CDL+ERL/H:1/IND,TOTAL,966.0,89162614.0,29720873.0,0.0,212292.0,118883486.0,72452.0,0.0,220.0,420.0
ZWE,Zimbabwe,IND,S,S/LFM/CDL+ERL/H:2/IND,TOTAL,325.0,64847113.0,21615707.0,0.0,154398.0,86462810.0,52728.0,0.0,475.0,420.0
ZWE,Zimbabwe,RES,W,W+WWD/LWAL/CDN+ERM/H:1/RES,RURAL,172188.0,1756324131.0,439081031.0,629966.0,10331318.0,2195405161.0,137936.0,172188.0,60.0,170.0
ZWE,Zimbabwe,RES,W,W+WWD/LWAL/CDN+ERM/H:1/RES,URBAN,60692.0,1019661862.0,254915464.0,222046.0,3641650.0,1274577326.0,48621.0,60692.0,60.0,280.0
ZWE,Zimbabwe,RES,W,W+WWD/LWAL/CDN+ERM/H:2/RES,RURAL,71951.0,1232563344.0,308140837.0,269987.0,7250373.0,1540704181.0,96860.0,73796.0,101.0,170.0
ZWE,Zimbabwe,RES,W,W+WWD/LWAL/CDN+ERM/H:2/RES,URBAN,25365.0,715584179.0,178896044.0,95174.0,2555658.0,894480223.0,34142.0,26014.0,101.0,280.0
ZWE,Zimbabwe,COM,W,W/LWAL/CDL+ERM/H:1/COM,TOTAL,3528.0,165202375.0,55067460.0,0.0,458895.0,220269832.0,87602.0,0.0,130.0,360.0
ZWE,Zimbabwe,RES,W,W/LWAL/CDL+ERM/H:1/RES,RURAL,32798.0,334538174.0,83634544.0,119993.0,1967872.0,418172717.0,208129.0,32798.0,60.0,170.0
ZWE,Zimbabwe,RES,W,W/LWAL/CDL+ERM/H:1/RES,URBAN,11561.0,194221403.0,48555352.0,42295.0,693648.0,242776752.0,73363.0,11561.0,60.0,280.0
ZWE,Zimbabwe,COM,W,W/LWAL/CDL+ERM/H:2/COM,TOTAL,1763.0,165202756.0,55067585.0,0.0,458897.0,220270346.0,87643.0,0.0,260.0,360.0
ZWE,Zimbabwe,RES,W,W/LWAL/CDL+ERM/H:2/RES,RURAL,31979.0,547805942.0,136951484.0,120002.0,3222388.0,684757423.0,341024.0,32800.0,101.0,170.0
ZWE,Zimbabwe,RES,W,W/LWAL/CDL+ERM/H:2/RES,URBAN,11270.0,318037527.0,79509382.0,42295.0,1135848.0,397546912.0,120206.0,11561.0,101.0,280.0
ZWE,Zimbabwe,COM,W,W/LWAL/CDL+ERM/H:3/COM,TOTAL,585.0,95309788.0,31769931.0,0.0,264749.0,127079723.0,50588.0,0.0,453.0,360.0
ZWE,Zimbabwe,RES,W,W/LWAL/CDL+ERM/H:3/RES,RURAL,12774.0,319785567.0,79946390.0,59994.0,1881092.0,399731958.0,199199.0,16398.0,147.0,170.0
ZWE,Zimbabwe,RES,W,W/LWAL/CDL+ERM/H:3/RES,URBAN,4506.0,185656202.0,46414050.0,21154.0,663058.0,232070255.0,70215.0,5782.0,147.0,280.0
