ID_0,NAME_0,OCCUPANCY,BUILDINGS,COST_CONTENTS_USD,COST_NONSTRUCTURAL_USD,COST_STRUCTURAL_USD,DWELLINGS,OCCUPANTS_PER_ASSET,TOTAL_AREA_SQM,TOTAL_REPL_COST_USD,AVG_BUILDING_AREA_SQM,AVG_TOT_COST_PER_AREA_USD
SSD,South Sudan,Com,44719.0,699257593.0,756274762.0,921759967.0,63907.0,0.0,8513885.0,2377292355.0,190.38630112480155,279.2253307391397
SSD,South Sudan,Ind,30200.0,672558588.0,507316911.0,803320604.0,30200.0,0.0,8605399.0,1983196097.0,284.9469867549669,230.4595169846279
SSD,South Sudan,Res,1768584.0,3695455506.0,6118485728.0,11096675684.0,1835283.0,11179624.0,136876032.0,20910616905.0,77.39300593016786,152.77047850861135
