ID_0,NAME_0,OCCUPANCY,BUILDINGS,COST_CONTENTS_USD,COST_NONSTRUCTURAL_USD,COST_STRUCTURAL_USD,DWELLINGS,OCCUPANTS_PER_ASSET,TOTAL_AREA_SQM,TOTAL_REPL_COST_USD,AVG_BUILDING_AREA_SQM,AVG_TOT_COST_PER_AREA_USD
BWA,Botswana,Com,15660.0,584427483.0,541277324.0,755802595.0,23266.0,0.0,3288520.0,1881507424.0,209.99489144316732,572.1441329230171
BWA,Botswana,Ind,5259.0,289953269.0,189371760.0,240181898.0,5259.0,0.0,1494714.0,719506921.0,284.22019395322303,481.3676201601109
BWA,Botswana,Res,599547.0,3774617582.0,6370564938.0,9541109682.0,681794.0,2351345.0,53496027.0,19686292190.0,89.22741169583036,367.99540627568473
