ID_0,NAME_0,ID_1,NAME_1,SETTLEMENT,OCCUPANCY,TAXONOMY,BUILDINGS,TOTAL_REPL_COST_USD,COST_STRUCTURAL_USD,COST_NONSTRUCTURAL_USD,COST_CONTENTS_USD,TOTAL_AREA_SQM,OCCUPANTS_PER_ASSET,OCCUPANTS_PER_ASSET_DAY,OCCUPANTS_PER_ASSET_NIGHT,OCCUPANTS_PER_ASSET_TRANSIT
IMN,Isle of Man,IMN,Isle_of_Man,Rural,Res,MUR+CL/LWAL+CDN/HBET:1-3/RES,2513.0424,850694940.14,255208482.04,425347470.06,170138988.02,628260.6,13487.775650314528,2719.5604360363945,12968.476056113945,7346.838603941101
IMN,Isle of Man,IMN,Isle_of_Man,Urban,Res,CR/LFINF+CDN/HBET:3-5/RES,53.2966,57429061.57,17228718.47,28714530.79,11485812.31,31977.96,1430.2444708693436,288.38233802809214,1375.1779133741677,779.0591691381795
IMN,Isle of Man,IMN,Isle_of_Man,Urban,Res,MUR+CL/LWAL+CDN/HBET:1-3/RES,13057.674799999999,4243372084.38,1273011625.31,2121686042.19,848674416.8799999,2611534.96,70081.97987881611,14130.734725935512,67383.71853051188,38173.89972692072
