ID_0,NAME_0,ID_1,NAME_1,SETTLEMENT,OCCUPANCY,TAXONOMY,BUILDINGS,TOTAL_REPL_COST_USD,COST_STRUCTURAL_USD,COST_NONSTRUCTURAL_USD,COST_CONTENTS_USD,TOTAL_AREA_SQM,OCCUPANTS_PER_ASSET,OCCUPANTS_PER_ASSET_DAY,OCCUPANTS_PER_ASSET_NIGHT,OCCUPANTS_PER_ASSET_TRANSIT
IMN,Isle of Man,IMN,Isle_of_Man,Total,Ind,CR+PC/LFM+CDN/H:1/IND,199.87,120250178.78,18037526.83,30062544.71,72150107.28,59961.0,0,3099.3230399999993,261.13428,502.10248
IMN,Isle of Man,IMN,Isle_of_Man,Total,Ind,CR/LFM+CDN/H:1/IND,99.935,60125089.41,9018763.41,15031272.34,36075053.62,29980.500000000004,0,1549.6615199999999,130.56714000000002,251.05124
IMN,Isle of Man,IMN,Isle_of_Man,Total,Ind,S+SL/LFM+CDN/H:1/IND,181.70000000000002,104109749.14,15616462.38,26027437.29,62465849.48,54510.0,0,2817.5663999999992,237.3948,456.4568
IMN,Isle of Man,IMN,Isle_of_Man,Total,Ind,S/LFBR+CDN/H:1/IND,63.595000000000006,36438412.18,5465761.84,9109603.04,21863047.310000002,19078.500000000004,0,986.14824,83.08818000000001,159.75988
IMN,Isle of Man,IMN,Isle_of_Man,Total,Ind,S/LFM+CDN/H:1/IND,363.40000000000003,208219498.30999997,31232924.75,52054874.58,124931698.94,109020.0,0,5635.1327999999985,474.7896,912.9136
