ID_0,NAME_0,ID_1,NAME_1,OCCUPANCY,BUILDINGS,COST_CONTENTS_USD,COST_NONSTRUCTURAL_USD,COST_STRUCTURAL_USD,DWELLINGS,OCCUPANTS_PER_ASSET,TOTAL_AREA_SQM,TOTAL_REPL_COST_USD,AVG_BUILDING_AREA_SQM,AVG_TOT_COST_PER_AREA_USD
IMN,Isle_of_Man,IMN,Isle_of_Man,Com,3376.3999999999996,1859499157.75,1115699494.65,743799663.11,0.0,0.0,1372497.602,3718998315.46,406.4973350313944,2709.657423110019
IMN,Isle_of_Man,IMN,Isle_of_Man,Ind,908.5,317485756.63,132285731.96,79371439.21,0.0,0.0,272550.0,529142927.82,300.0,1941.452679581728
IMN,Isle_of_Man,IMN,Isle_of_Man,Res,15624.013799999999,1030299217.2099999,2575748043.04,1545448825.8200002,31674.4004,84999.99999999999,3271773.52,5151496086.09,209.406722362214,1574.5271042141082
