ID_0,NAME_0,ID_1,NAME_1,SETTLEMENT,OCCUPANCY,TAXONOMY,BUILDINGS,TOTAL_REPL_COST_USD,COST_STRUCTURAL_USD,COST_NONSTRUCTURAL_USD,COST_CONTENTS_USD,TOTAL_AREA_SQM,OCCUPANTS_PER_ASSET,OCCUPANTS_PER_ASSET_DAY,OCCUPANTS_PER_ASSET_NIGHT,OCCUPANTS_PER_ASSET_TRANSIT
IMN,Isle of Man,IMN,Isle_of_Man,Total,Com,CR/LFINF+CDL/H:1/COM,201.126,234695270.05,46939054.010000005,70408581.02,117347635.03,87062.7,0,893.6443235158379,75.29423812414062,144.77388296872226
IMN,Isle of Man,IMN,Isle_of_Man,Total,Com,CR/LFINF+CDM/H:2/COM,378.20980000000003,302565845.35,60513169.080000006,90769753.6,151282922.68,96547.30120000002,0,990.9978402709064,83.49678434962306,160.54553425146224
IMN,Isle of Man,IMN,Isle_of_Man,Total,Com,CR/LFINF+CDM/HBET:3-5/COM,460.7532,1101313491.16,220262698.23000002,330394047.35,550656745.58,334978.2324,0,3438.3426643743996,289.698467848221,557.0249879058086
IMN,Isle of Man,IMN,Isle_of_Man,Total,Com,CR/LFINF+CDM/HBET:6-/COM,11.0508,38913461.97,7782692.4,11674038.600000001,19456730.979999997,11752.224000000002,0,120.6292507157094,10.163649327946874,19.54241141152536
IMN,Isle of Man,IMN,Isle_of_Man,Total,Com,MUR+CL/LWAL+CDN/H:1/COM,1066.2102,921776402.52,184355280.5,276532920.76,460888201.27,408179.2644,0,4189.705609956161,353.0047509561518,678.7487299900502
IMN,Isle of Man,IMN,Isle_of_Man,Total,Com,MUR+CL/LWAL+CDN/H:2/COM,1259.0499999999995,1119733844.41,223946768.89,335920153.32,559866922.21,433977.8799999999,0,4454.512311166979,375.3161093939163,721.6484534724306
