ID_0,NAME_0,OCCUPANCY,BUILDINGS,COST_CONTENTS_USD,COST_NONSTRUCTURAL_USD,COST_STRUCTURAL_USD,DWELLINGS,OCCUPANTS_PER_ASSET,TOTAL_AREA_SQM,TOTAL_REPL_COST_USD,AVG_BUILDING_AREA_SQM,AVG_TOT_COST_PER_AREA_USD
HRV,Croatia,Com,33961.130000000005,14026463259.26,8415877956.55,5610585303.4,0.0,0.0,20413345.58325649,28052926520.51,601.0796926738448,1374.2444326969937
HRV,Croatia,Ind,27000.000000000004,9266385959.53,3860994150.09,2316596489.81,0.0,0.0,17423209.490009997,15443976598.85,645.3040551855554,886.402508545005
HRV,Croatia,Res,1609059.4023457696,27216272166.08,68040680415.81,40824408249.21,2162144.0,4068000.0000000005,164299501.48881578,136081360831.65,102.10903416573156,828.2518181646055
