ID_0,NAME_0,OCCUPANCY,BUILDINGS,COST_CONTENTS_USD,COST_NONSTRUCTURAL_USD,COST_STRUCTURAL_USD,DWELLINGS,OCCUPANTS_PER_ASSET,TOTAL_AREA_SQM,TOTAL_REPL_COST_USD,AVG_BUILDING_AREA_SQM,AVG_TOT_COST_PER_AREA_USD
BGR,Bulgaria,Com,80749.9,26736816899.09,16042090139.46,10694726759.8,0.0,0.0,36592813.2778,53473633798.44,453.1623355298273,1461.3151875611925
BGR,Bulgaria,Ind,51807.00000000001,65143843356.97,27143268065.5,16285960839.35,0.0,0.0,106371889.75825001,108573072261.51,2053.233921250989,1020.6932725202362
BGR,Bulgaria,Res,2060744.0,33850268123.69,84625670308.23,50775402184.26,3887127.5412350004,6976000.0,283732312.627685,169251340615.36,137.68440554852276,596.5176791035868
