ID_0,NAME_0,OCCUPANCY,BUILDINGS,COST_CONTENTS_USD,COST_NONSTRUCTURAL_USD,COST_STRUCTURAL_USD,DWELLINGS,OCCUPANTS_PER_ASSET,TOTAL_AREA_SQM,TOTAL_REPL_COST_USD,AVG_BUILDING_AREA_SQM,AVG_TOT_COST_PER_AREA_USD
LCA,Saint Lucia,Com,1948.9721981229388,126433010.77373183,127657822.15880883,127318662.90772136,0.0,0.0,554039.470558459,381409495.84026206,284.2726392362375,688.4157467261495
LCA,Saint Lucia,Ind,1048.6212972071019,59266303.19887592,43172588.58219165,30315690.502079878,0.0,0.0,353644.261381561,132754582.28314744,337.24688056923617,375.3901781539534
LCA,Saint Lucia,Res,46113.0,733463603.2311966,985945605.6151338,1211805869.936483,48030.0,183629.49291866293,11608698.337718055,2931215078.782813,251.74459128050776,252.50161503972788
