ID_0,NAME_0,OCCUPANCY,BUILDINGS,COST_CONTENTS_USD,COST_NONSTRUCTURAL_USD,COST_STRUCTURAL_USD,DWELLINGS,OCCUPANTS_PER_ASSET,TOTAL_AREA_SQM,TOTAL_REPL_COST_USD,AVG_BUILDING_AREA_SQM,AVG_TOT_COST_PER_AREA_USD
GUY,Guyana,Com,7685.1,320206442.3076923,332529148.35164833,323222101.64835167,0.0,0.0,1180352.25,975957692.3076923,153.58970605457313,826.8359655413816
GUY,Guyana,Ind,5865.0,378363437.5,237980125.0,201562062.5,0.0,0.0,1352437.5,817905625.0,230.59462915601023,604.764083367993
GUY,Guyana,Res,115739.194000748,1515707918.154352,2204576302.1862073,1493719018.8633194,115739.194000748,786838.054567536,8421591.49474693,5214003239.187923,72.7635229142213,619.1232669549718
