ID_0,NAME_0,OCCUPANCY,BUILDINGS,COST_CONTENTS_USD,COST_NONSTRUCTURAL_USD,COST_STRUCTURAL_USD,DWELLINGS,OCCUPANTS_PER_ASSET,TOTAL_AREA_SQM,TOTAL_REPL_COST_USD,AVG_BUILDING_AREA_SQM,AVG_TOT_COST_PER_AREA_USD
VEN,Venezuela,Com,289909.799999744,22571819886.35607,23491221023.2817,19218856889.076332,0.0,0.0,67436965.12480064,65281897798.64624,232.61360990508146,968.0432338233761
VEN,Venezuela,Ind,190799.0,29691422436.13055,19656688152.654568,14258796348.77825,0.0,0.0,59500850.0,63606906937.6336,311.85095309723846,1069.0083744624421
VEN,Venezuela,Res,6636209.0,90824505882.31966,105071858231.77345,198544377306.95126,7355137.900003343,28700452.779444322,1496282837024.8904,394440741422.73834,225472.53063079997,0.263613757815346
