ID_0,NAME_0,OCCUPANCY,BUILDINGS,COST_CONTENTS_USD,COST_NONSTRUCTURAL_USD,COST_STRUCTURAL_USD,DWELLINGS,OCCUPANTS_PER_ASSET,TOTAL_AREA_SQM,TOTAL_REPL_COST_USD,AVG_BUILDING_AREA_SQM,AVG_TOT_COST_PER_AREA_USD
UZB,Uzbekistan,Com,573739,19238670591.0578,22603384289.99739,28015184525.04588,0.0,0.0,97944998.0005671,69857239398.5284,170.7135091053024,713.2292697389603
UZB,Uzbekistan,Ind,189651,9076239549.00875,6808765227.94762,8126962770.04318,0.0,0.0,38701798.9996148,24011967554.9491,204.06852059633115,620.4354364815986
UZB,Uzbekistan,Res,4150752,32243359378.987732,89263180604.34303,153007230817.88602,6589931.999940393,34558267.000050366,560144121.9984671,274513770807.80908,134.95003363209054,490.07703558221095
