ID_0,NAME_0,OCCUPANCY,BUILDINGS,COST_CONTENTS_USD,COST_NONSTRUCTURAL_USD,COST_STRUCTURAL_USD,DWELLINGS,OCCUPANTS_PER_ASSET,TOTAL_AREA_SQM,TOTAL_REPL_COST_USD,AVG_BUILDING_AREA_SQM,AVG_TOT_COST_PER_AREA_USD
UZB,Uzbekistan,Com,573739.0,19238670591.0,22603384290.0,28015184525.0,0.0,0.0,97944998.0,69857239399.0,170.71350910431397,713.2292697479048
UZB,Uzbekistan,Ind,189651.0,9076239549.0,6808765228.0,8126962770.0,0.0,0.0,38701799.0,24011967555.0,204.06852059836226,620.4354364767385
UZB,Uzbekistan,Res,4150752.0,32243359379.0,89263180604.0,153007230818.0,6589932.0,34558267.0,560144122.0,274513770805.0,134.95003363245985,490.0770355758549
