ID_0,NAME_0,OCCUPANCY,BUILDINGS,COST_CONTENTS_USD,COST_NONSTRUCTURAL_USD,COST_STRUCTURAL_USD,DWELLINGS,OCCUPANTS_PER_ASSET,TOTAL_AREA_SQM,TOTAL_REPL_COST_USD,AVG_BUILDING_AREA_SQM,AVG_TOT_COST_PER_AREA_USD
MDA,Moldova,Com,19204.2,1992979520.05,1195787712.21,797191808.05,0.0,0.0,4462581.0546,3985959039.9,232.37526450463963,893.195886221786
MDA,Moldova,Ind,3982.176328709,4096796227.11,1706998428.1299999,1024199056.93,0.0,0.0,9370540.944823392,6827993711.87,2353.120547994737,728.665906490918
MDA,Moldova,Res,789436.9864961237,7723351215.21,19308378037.86,11585026822.73,1236575.0,2658000.0,81027273.25469978,38616756075.78,102.63931718519454,476.5896040261991
