ID_0,NAME_0,OCCUPANCY,BUILDINGS,COST_CONTENTS_USD,COST_NONSTRUCTURAL_USD,COST_STRUCTURAL_USD,DWELLINGS,OCCUPANTS_PER_ASSET,TOTAL_AREA_SQM,TOTAL_REPL_COST_USD,AVG_BUILDING_AREA_SQM,AVG_TOT_COST_PER_AREA_USD
PRY,Paraguay,Com,57635.999999004,3087937860.066977,3205449912.80259,3110809430.952561,0.0,0.0,11038123.124770023,9404197203.807278,191.51438553960668,851.9742983029294
PRY,Paraguay,Ind,38702.0,4158964683.53343,2616795459.47366,2193369290.53526,0.0,0.0,10689255.0,8969129433.7414,276.1938659500801,839.0790035172142
PRY,Paraguay,Res,764696.44346,13822002313.35065,16932565206.1897,29528376833.0607,764696.44346,7254974.227073,92753379.56872565,60282944352.5775,121.2943781313368,649.9272008510573
