ID_0,NAME_0,OCCUPANCY,BUILDINGS,COST_CONTENTS_USD,COST_NONSTRUCTURAL_USD,COST_STRUCTURAL_USD,DWELLINGS,OCCUPANTS_PER_ASSET,TOTAL_AREA_SQM,TOTAL_REPL_COST_USD,AVG_BUILDING_AREA_SQM,AVG_TOT_COST_PER_AREA_USD
LBY,Libya,Com,44674.0,2098078200.0,2096291538.0,2300457355.0,0.0,0.0,9847760.0,6494827106.0,220.43604781304563,659.5232932159191
LBY,Libya,Ind,22788.0,1561371748.0,1015219233.0,1049489164.0,0.0,0.0,6483955.0,3626080114.0,284.5337458311392,559.238938888379
LBY,Libya,Res,1103255.0,8825108004.0,16804695372.0,18605419029.0,1247760.0,6846200.0,102793417.0,44235222394.0,93.17285396395212,430.3312768949008
