ID_0,NAME_0,OCCUPANCY,MACRO_TAXONOMY,TAXONOMY,SETTLEMENT,BUILDINGS,BLDG_REPL_COST_USD,COST_CONTENTS_USD,OCCUPANTS_TOTAL,TOTAL_AREA_SQM,TOTAL_REPL_COST_USD,CARBON_BUILDINGS_TON,DWELLINGS,AVG_BUILDING_AREA_SQM,AVG_BLDG_COST_PER_AREA_USD
CHL,Chile,COM,CR+,CR+PC/LWAL/CDH+ERH/H:1/COM:1,TOTAL,368.0,163053301.0,28774117.0,0.0,108702.0,191827417.0,58052.0,0.0,295.0,1500.0
CHL,Chile,COM,CR+,CR+PC/LWAL/CDH+ERH/H:1/COM:2,TOTAL,389.0,123830159.0,21852382.0,0.0,82553.0,145682543.0,44087.0,0.0,212.0,1500.0
CHL,Chile,COM,CR+,CR+PC/LWAL/CDH+ERH/H:1/COM:3,TOTAL,1602.0,314268954.0,55459223.0,0.0,209513.0,369728185.0,111889.0,0.0,131.0,1500.0
CHL,Chile,COM,CR+,CR+PC/LWAL/CDH+ERH/H:1/COM:3B,TOTAL,308.0,92937260.0,16400695.0,0.0,61958.0,109337961.0,33088.0,0.0,201.0,1500.0
CHL,Chile,COM,CR+,CR+PC/LWAL/CDH+ERH/H:1/COM:3C,TOTAL,39.0,51177561.0,9031333.0,0.0,34118.0,60208894.0,18221.0,0.0,875.0,1500.0
CHL,Chile,COM,CR+,CR+PC/LWAL/CDH+ERH/H:1/COM:5,TOTAL,36.0,9605354.0,1695061.0,0.0,6404.0,11300416.0,3420.0,0.0,178.0,1500.0
CHL,Chile,COM,CR+,CR+PC/LWAL/CDH+ERH/H:1/COM:5A,TOTAL,40.0,21716489.0,3832321.0,0.0,14478.0,25548811.0,7732.0,0.0,362.0,1500.0
CHL,Chile,COM,CR+,CR+PC/LWAL/CDH+ERH/H:1/COM:5B,TOTAL,13.0,3242601.0,572223.0,0.0,2162.0,3814825.0,1154.0,0.0,166.0,1500.0
CHL,Chile,IND,CR+,CR+PC/LWAL/CDH+ERH/H:1/IND:1,TOTAL,31.0,16403163.0,5467722.0,0.0,14912.0,21870883.0,7451.0,0.0,481.0,1100.0
CHL,Chile,IND,CR+,CR+PC/LWAL/CDH+ERH/H:1/IND:2,TOTAL,129.0,45479174.0,15159725.0,0.0,41345.0,60638900.0,20658.0,0.0,321.0,1100.0
CHL,Chile,IND,CR+,CR+PC/LWAL/CDH+ERH/H:1/IND:3,TOTAL,10.0,10599224.0,3533074.0,0.0,9636.0,14132299.0,4814.0,0.0,964.0,1100.0
CHL,Chile,IND,CR+,CR+PC/LWAL/CDH+ERH/H:1/IND:4,TOTAL,33.0,121686404.0,40562135.0,0.0,110624.0,162248538.0,55273.0,0.0,3352.0,1100.0
CHL,Chile,IND,CR+,CR+PC/LWAL/CDH+ERH/H:1/IND:6,TOTAL,83.0,40140691.0,13380232.0,0.0,36492.0,53520928.0,18233.0,0.0,440.0,1100.0
CHL,Chile,COM,CR+,CR+PC/LWAL/CDH+ERH/H:2/COM:1,TOTAL,53.0,70543141.0,12448792.0,0.0,47029.0,82991929.0,25137.0,0.0,887.0,1500.0
CHL,Chile,COM,CR+,CR+PC/LWAL/CDH+ERH/H:2/COM:2,TOTAL,103.0,105465657.0,18611587.0,0.0,70310.0,124077244.0,37581.0,0.0,683.0,1500.0
CHL,Chile,COM,CR+,CR+PC/LWAL/CDH+ERH/H:2/COM:3,TOTAL,142.0,52688647.0,9297993.0,0.0,35126.0,61986635.0,18775.0,0.0,247.0,1500.0
CHL,Chile,COM,CR+,CR+PC/LWAL/CDH+ERH/H:2/COM:3B,TOTAL,49.0,64617545.0,11403098.0,0.0,43078.0,76020646.0,23025.0,0.0,879.0,1500.0
CHL,Chile,COM,CR+,CR+PC/LWAL/CDH+ERH/H:2/COM:3C,TOTAL,3.0,582184.0,102738.0,0.0,388.0,684921.0,207.0,0.0,129.0,1500.0
CHL,Chile,COM,CR+,CR+PC/LWAL/CDH+ERH/H:2/COM:5,TOTAL,4.0,5245777.0,925726.0,0.0,3497.0,6171501.0,1869.0,0.0,874.0,1500.0
CHL,Chile,COM,CR+,CR+PC/LWAL/CDH+ERH/H:2/COM:5A,TOTAL,9.0,6897993.0,1217292.0,0.0,4599.0,8115287.0,2458.0,0.0,511.0,1500.0
CHL,Chile,COM,CR+,CR+PC/LWAL/CDH+ERH/H:2/COM:5B,TOTAL,4.0,1489163.0,262793.0,0.0,993.0,1751957.0,531.0,0.0,248.0,1500.0
CHL,Chile,IND,CR+,CR+PC/LWAL/CDH+ERH/H:2/IND:1,TOTAL,15.0,3037613.0,1012536.0,0.0,2761.0,4050153.0,1381.0,0.0,184.0,1100.0
CHL,Chile,IND,CR+,CR+PC/LWAL/CDH+ERH/H:2/IND:2,TOTAL,91.0,51823372.0,17274459.0,0.0,47112.0,69097832.0,23563.0,0.0,518.0,1100.0
CHL,Chile,IND,CR+,CR+PC/LWAL/CDH+ERH/H:2/IND:3,TOTAL,9.0,1729908.0,576637.0,0.0,1573.0,2306543.0,787.0,0.0,175.0,1100.0
CHL,Chile,IND,CR+,CR+PC/LWAL/CDH+ERH/H:2/IND:6,TOTAL,80.0,23870209.0,7956734.0,0.0,21700.0,31826944.0,10853.0,0.0,271.0,1100.0
CHL,Chile,COM,CR+,CR+PC/LWAL/CDH+ERH/H:3/COM:1,TOTAL,244.0,545220731.0,96215419.0,0.0,363480.0,641436152.0,194445.0,0.0,1490.0,1500.0
CHL,Chile,COM,CR+,CR+PC/LWAL/CDH+ERH/H:3/COM:2,TOTAL,644.0,616941994.0,108872115.0,0.0,411295.0,725814110.0,220023.0,0.0,639.0,1500.0
CHL,Chile,COM,CR+,CR+PC/LWAL/CDH+ERH/H:3/COM:3,TOTAL,360.0,363973427.0,64230607.0,0.0,242649.0,428204035.0,129806.0,0.0,674.0,1500.0
CHL,Chile,COM,CR+,CR+PC/LWAL/CDH+ERH/H:3/COM:3B,TOTAL,220.0,488016516.0,86120564.0,0.0,325344.0,574137075.0,174044.0,0.0,1479.0,1500.0
CHL,Chile,COM,CR+,CR+PC/LWAL/CDH+ERH/H:3/COM:3C,TOTAL,12.0,4141052.0,730774.0,0.0,2761.0,4871827.0,1477.0,0.0,230.0,1500.0
CHL,Chile,COM,CR+,CR+PC/LWAL/CDH+ERH/H:3/COM:5,TOTAL,28.0,52068480.0,9188554.0,0.0,34712.0,61257039.0,18569.0,0.0,1240.0,1500.0
CHL,Chile,COM,CR+,CR+PC/LWAL/CDH+ERH/H:3/COM:5A,TOTAL,39.0,59497616.0,10499579.0,0.0,39665.0,69997195.0,21219.0,0.0,1017.0,1500.0
CHL,Chile,COM,CR+,CR+PC/LWAL/CDH+ERH/H:3/COM:5B,TOTAL,12.0,24765366.0,4370359.0,0.0,16510.0,29135725.0,8832.0,0.0,1376.0,1500.0
CHL,Chile,COM,CR+,CR+PC/LWAL/CDH+ERH/H:4/COM:3,TOTAL,287.0,313055489.0,55245085.0,0.0,208704.0,368300578.0,111742.0,0.0,727.0,1500.0
CHL,Chile,COM,CR+,CR+PC/LWAL/CDH+ERH/H:4/COM:3C,TOTAL,14.0,8045123.0,1419727.0,0.0,5363.0,9464852.0,2872.0,0.0,383.0,1500.0
CHL,Chile,COM,CR+,CR+PC/LWAL/CDH+ERH/H:5/COM:3,TOTAL,140.0,159610876.0,28166625.0,0.0,106407.0,187777500.0,57020.0,0.0,760.0,1500.0
CHL,Chile,COM,CR+,CR+PC/LWAL/CDH+ERH/H:5/COM:3C,TOTAL,7.0,2437221.0,430098.0,0.0,1625.0,2867319.0,871.0,0.0,232.0,1500.0
CHL,Chile,COM,CR+,CR+PC/LWAL/CDH+ERH/H:6/COM:3,TOTAL,95.0,96056321.0,16951118.0,0.0,64038.0,113007435.0,34345.0,0.0,674.0,1500.0
CHL,Chile,COM,CR+,CR+PC/LWAL/CDH+ERH/H:6/COM:3C,TOTAL,4.0,1224023.0,216004.0,0.0,816.0,1440027.0,438.0,0.0,204.0,1500.0
CHL,Chile,COM,CR+,CR+PC/LWAL/CDH+ERH/H:7/COM:3,TOTAL,62.0,75818168.0,13379676.0,0.0,50545.0,89197845.0,27132.0,0.0,815.0,1500.0
CHL,Chile,COM,CR+,CR+PC/LWAL/CDH+ERH/H:7/COM:3C,TOTAL,8.0,2884294.0,508994.0,0.0,1923.0,3393288.0,1032.0,0.0,240.0,1500.0
CHL,Chile,COM,CR+,CR+PC/LWAL/CDH+ERH/H:8/COM:3,TOTAL,52.0,60920227.0,10750627.0,0.0,40613.0,71670854.0,21819.0,0.0,781.0,1500.0
CHL,Chile,COM,CR+,CR+PC/LWAL/CDH+ERH/H:8/COM:3C,TOTAL,5.0,2109322.0,372234.0,0.0,1406.0,2481556.0,755.0,0.0,281.0,1500.0
CHL,Chile,COM,CR+,CR+PC/LWAL/CDH+ERH/H:9/COM:3,TOTAL,47.0,70095039.0,12369710.0,0.0,46730.0,82464748.0,25126.0,0.0,994.0,1500.0
CHL,Chile,COM,CR+,CR+PC/LWAL/CDH+ERH/H:9/COM:3C,TOTAL,5.0,965006.0,170295.0,0.0,643.0,1135301.0,346.0,0.0,129.0,1501.0
CHL,Chile,IND,CR+,CR+PC/LWAL/CDH+ERH/H:>2/IND:1,TOTAL,203.0,87199789.0,29066596.0,0.0,79273.0,116266392.0,39686.0,0.0,391.0,1100.0
CHL,Chile,IND,CR+,CR+PC/LWAL/CDH+ERH/H:>2/IND:2,TOTAL,943.0,361844117.0,120614706.0,0.0,328949.0,482458827.0,164680.0,0.0,349.0,1100.0
CHL,Chile,IND,CR+,CR+PC/LWAL/CDH+ERH/H:>2/IND:3,TOTAL,96.0,37431910.0,12477305.0,0.0,34029.0,49909210.0,17036.0,0.0,354.0,1100.0
CHL,Chile,IND,CR+,CR+PC/LWAL/CDH+ERH/H:>2/IND:4,TOTAL,15.0,1616734.0,538911.0,0.0,1470.0,2155645.0,736.0,0.0,98.0,1100.0
CHL,Chile,IND,CR+,CR+PC/LWAL/CDH+ERH/H:>2/IND:6,TOTAL,666.0,322463536.0,107487845.0,0.0,293149.0,429951383.0,146757.0,0.0,440.0,1100.0
CHL,Chile,COM,CR+,CR+PC/LWAL/CDH+ERH/H:>9/COM:3,TOTAL,93.0,233386321.0,41185819.0,0.0,155591.0,274572141.0,83730.0,0.0,1673.0,1500.0
CHL,Chile,COM,CR+,CR+PC/LWAL/CDH+ERH/H:>9/COM:3C,TOTAL,12.0,6562072.0,1158013.0,0.0,4375.0,7720085.0,2354.0,0.0,365.0,1500.0
CHL,Chile,COM,CR-,CR+PC/LWAL/CDL+ERL/H:1/COM:1,TOTAL,47.0,11992937.0,2116400.0,0.0,7995.0,14109336.0,4270.0,0.0,170.0,1500.0
CHL,Chile,COM,CR-,CR+PC/LWAL/CDL+ERL/H:1/COM:2,TOTAL,58.0,17940945.0,3166047.0,0.0,11961.0,21106995.0,6388.0,0.0,206.0,1500.0
CHL,Chile,COM,CR-,CR+PC/LWAL/CDL+ERL/H:1/COM:3,TOTAL,72.0,27797883.0,4905508.0,0.0,18532.0,32703391.0,9897.0,0.0,257.0,1500.0
CHL,Chile,COM,CR-,CR+PC/LWAL/CDL+ERL/H:1/COM:3B,TOTAL,49.0,10080885.0,1778979.0,0.0,6721.0,11859865.0,3589.0,0.0,137.0,1500.0
CHL,Chile,COM,CR-,CR+PC/LWAL/CDL+ERL/H:1/COM:3C,TOTAL,2.0,375355.0,66239.0,0.0,250.0,441594.0,134.0,0.0,125.0,1501.0
CHL,Chile,COM,CR-,CR+PC/LWAL/CDL+ERL/H:1/COM:5,TOTAL,6.0,2279522.0,402269.0,0.0,1520.0,2681792.0,812.0,0.0,253.0,1500.0
CHL,Chile,COM,CR-,CR+PC/LWAL/CDL+ERL/H:1/COM:5B,TOTAL,1.0,724665.0,127882.0,0.0,483.0,852547.0,258.0,0.0,483.0,1500.0
CHL,Chile,IND,CR-,CR+PC/LWAL/CDL+ERL/H:1/IND:1,TOTAL,4.0,595462.0,198487.0,0.0,541.0,793948.0,270.0,0.0,135.0,1101.0
CHL,Chile,IND,CR-,CR+PC/LWAL/CDL+ERL/H:1/IND:2,TOTAL,27.0,31281702.0,10427234.0,0.0,28438.0,41708939.0,14209.0,0.0,1053.0,1100.0
CHL,Chile,IND,CR-,CR+PC/LWAL/CDL+ERL/H:1/IND:3,TOTAL,4.0,2338028.0,779342.0,0.0,2125.0,3117370.0,1062.0,0.0,531.0,1100.0
CHL,Chile,IND,CR-,CR+PC/LWAL/CDL+ERL/H:1/IND:4,TOTAL,1.0,108981.0,36327.0,0.0,99.0,145307.0,50.0,0.0,99.0,1101.0
CHL,Chile,IND,CR-,CR+PC/LWAL/CDL+ERL/H:1/IND:6,TOTAL,11.0,7608450.0,2536151.0,0.0,6917.0,10144599.0,3456.0,0.0,629.0,1100.0
CHL,Chile,COM,CR-,CR+PC/LWAL/CDL+ERL/H:2/COM:1,TOTAL,19.0,8216773.0,1450021.0,0.0,5478.0,9666791.0,2928.0,0.0,288.0,1500.0
CHL,Chile,COM,CR-,CR+PC/LWAL/CDL+ERL/H:2/COM:2,TOTAL,42.0,14187564.0,2503687.0,0.0,9458.0,16691248.0,5056.0,0.0,225.0,1500.0
CHL,Chile,COM,CR-,CR+PC/LWAL/CDL+ERL/H:2/COM:3,TOTAL,16.0,9337845.0,1647855.0,0.0,6225.0,10985699.0,3327.0,0.0,389.0,1500.0
CHL,Chile,COM,CR-,CR+PC/LWAL/CDL+ERL/H:2/COM:3B,TOTAL,32.0,9445315.0,1666821.0,0.0,6297.0,11112135.0,3366.0,0.0,197.0,1500.0
CHL,Chile,COM,CR-,CR+PC/LWAL/CDL+ERL/H:2/COM:5,TOTAL,4.0,2182500.0,385147.0,0.0,1455.0,2567646.0,778.0,0.0,364.0,1500.0
CHL,Chile,COM,CR-,CR+PC/LWAL/CDL+ERL/H:2/COM:5A,TOTAL,1.0,522433.0,92194.0,0.0,348.0,614627.0,186.0,0.0,348.0,1501.0
CHL,Chile,IND,CR-,CR+PC/LWAL/CDL+ERL/H:2/IND:2,TOTAL,19.0,9143635.0,3047878.0,0.0,8312.0,12191516.0,4157.0,0.0,437.0,1100.0
CHL,Chile,IND,CR-,CR+PC/LWAL/CDL+ERL/H:2/IND:3,TOTAL,1.0,125228.0,41743.0,0.0,114.0,166971.0,57.0,0.0,114.0,1098.0
CHL,Chile,IND,CR-,CR+PC/LWAL/CDL+ERL/H:2/IND:4,TOTAL,1.0,1394278.0,464759.0,0.0,1268.0,1859037.0,634.0,0.0,1268.0,1100.0
CHL,Chile,IND,CR-,CR+PC/LWAL/CDL+ERL/H:2/IND:6,TOTAL,6.0,4450905.0,1483636.0,0.0,4046.0,5934541.0,2024.0,0.0,674.0,1100.0
CHL,Chile,COM,CR-,CR+PC/LWAL/CDL+ERL/H:3/COM:1,TOTAL,85.0,80512868.0,14208152.0,0.0,53675.0,94721021.0,28714.0,0.0,631.0,1500.0
CHL,Chile,COM,CR-,CR+PC/LWAL/CDL+ERL/H:3/COM:2,TOTAL,315.0,112423355.0,19839412.0,0.0,74949.0,132262769.0,40094.0,0.0,238.0,1500.0
CHL,Chile,COM,CR-,CR+PC/LWAL/CDL+ERL/H:3/COM:3,TOTAL,55.0,56588905.0,9986281.0,0.0,37726.0,66575180.0,20182.0,0.0,686.0,1500.0
CHL,Chile,COM,CR-,CR+PC/LWAL/CDL+ERL/H:3/COM:3B,TOTAL,116.0,95682654.0,16885172.0,0.0,63788.0,112567830.0,34124.0,0.0,550.0,1500.0
CHL,Chile,COM,CR-,CR+PC/LWAL/CDL+ERL/H:3/COM:3C,TOTAL,3.0,893405.0,157660.0,0.0,596.0,1051064.0,319.0,0.0,199.0,1499.0
CHL,Chile,COM,CR-,CR+PC/LWAL/CDL+ERL/H:3/COM:5,TOTAL,6.0,7904090.0,1394839.0,0.0,5269.0,9298929.0,2819.0,0.0,878.0,1500.0
CHL,Chile,COM,CR-,CR+PC/LWAL/CDL+ERL/H:3/COM:5A,TOTAL,3.0,6402141.0,1129790.0,0.0,4268.0,7531930.0,2283.0,0.0,1423.0,1500.0
CHL,Chile,COM,CR-,CR+PC/LWAL/CDL+ERL/H:3/COM:5B,TOTAL,5.0,6436923.0,1135928.0,0.0,4291.0,7572850.0,2296.0,0.0,858.0,1500.0
CHL,Chile,COM,CR-,CR+PC/LWAL/CDL+ERL/H:4/COM:3,TOTAL,59.0,70993338.0,12528237.0,0.0,47329.0,83521574.0,25340.0,0.0,802.0,1500.0
CHL,Chile,COM,CR-,CR+PC/LWAL/CDL+ERL/H:5/COM:3,TOTAL,32.0,39363041.0,6946419.0,0.0,26242.0,46309460.0,14062.0,0.0,820.0,1500.0
CHL,Chile,COM,CR-,CR+PC/LWAL/CDL+ERL/H:5/COM:3C,TOTAL,1.0,773536.0,136506.0,0.0,516.0,910043.0,276.0,0.0,516.0,1499.0
CHL,Chile,COM,CR-,CR+PC/LWAL/CDL+ERL/H:6/COM:3,TOTAL,20.0,27909564.0,4925216.0,0.0,18606.0,32834782.0,9979.0,0.0,930.0,1500.0
CHL,Chile,COM,CR-,CR+PC/LWAL/CDL+ERL/H:6/COM:3C,TOTAL,1.0,35237.0,6218.0,0.0,23.0,41456.0,13.0,0.0,23.0,1532.0
CHL,Chile,COM,CR-,CR+PC/LWAL/CDL+ERL/H:7/COM:3,TOTAL,17.0,27396389.0,4834657.0,0.0,18264.0,32231046.0,9804.0,0.0,1074.0,1500.0
CHL,Chile,COM,CR-,CR+PC/LWAL/CDL+ERL/H:7/COM:3C,TOTAL,1.0,35237.0,6218.0,0.0,23.0,41456.0,13.0,0.0,23.0,1532.0
CHL,Chile,COM,CR-,CR+PC/LWAL/CDL+ERL/H:8/COM:3,TOTAL,12.0,15997828.0,2823147.0,0.0,10665.0,18820974.0,5730.0,0.0,889.0,1500.0
CHL,Chile,COM,CR-,CR+PC/LWAL/CDL+ERL/H:9/COM:3,TOTAL,11.0,15005077.0,2647955.0,0.0,10003.0,17653032.0,5379.0,0.0,909.0,1500.0
CHL,Chile,COM,CR-,CR+PC/LWAL/CDL+ERL/H:9/COM:3C,TOTAL,2.0,889949.0,157050.0,0.0,593.0,1047000.0,319.0,0.0,296.0,1501.0
CHL,Chile,IND,CR-,CR+PC/LWAL/CDL+ERL/H:>2/IND:1,TOTAL,82.0,34423449.0,11474484.0,0.0,31294.0,45897931.0,15667.0,0.0,382.0,1100.0
CHL,Chile,IND,CR-,CR+PC/LWAL/CDL+ERL/H:>2/IND:2,TOTAL,351.0,167355046.0,55785016.0,0.0,152141.0,223140062.0,76165.0,0.0,433.0,1100.0
CHL,Chile,IND,CR-,CR+PC/LWAL/CDL+ERL/H:>2/IND:3,TOTAL,29.0,12202238.0,4067412.0,0.0,11093.0,16269655.0,5553.0,0.0,383.0,1100.0
CHL,Chile,IND,CR-,CR+PC/LWAL/CDL+ERL/H:>2/IND:4,TOTAL,1.0,108981.0,36327.0,0.0,99.0,145307.0,50.0,0.0,99.0,1101.0
CHL,Chile,IND,CR-,CR+PC/LWAL/CDL+ERL/H:>2/IND:6,TOTAL,249.0,201940629.0,67313543.0,0.0,183582.0,269254174.0,91906.0,0.0,737.0,1100.0
CHL,Chile,COM,CR-,CR+PC/LWAL/CDL+ERL/H:>9/COM:3,TOTAL,26.0,76806208.0,13554038.0,0.0,51204.0,90360244.0,27555.0,0.0,1969.0,1500.0
CHL,Chile,COM,CR+,CR+PC/LWAL/CDM+ERM/H:1/COM:1,TOTAL,114.0,14924307.0,2633701.0,0.0,9950.0,17558011.0,5314.0,0.0,87.0,1500.0
CHL,Chile,COM,CR+,CR+PC/LWAL/CDM+ERM/H:1/COM:2,TOTAL,131.0,19758385.0,3486775.0,0.0,13172.0,23245164.0,7035.0,0.0,101.0,1500.0
CHL,Chile,COM,CR+,CR+PC/LWAL/CDM+ERM/H:1/COM:3,TOTAL,217.0,34463364.0,6081770.0,0.0,22976.0,40545134.0,12270.0,0.0,106.0,1500.0
CHL,Chile,COM,CR+,CR+PC/LWAL/CDM+ERM/H:1/COM:3B,TOTAL,129.0,24569369.0,4335774.0,0.0,16380.0,28905148.0,8748.0,0.0,127.0,1500.0
CHL,Chile,COM,CR+,CR+PC/LWAL/CDM+ERM/H:1/COM:3C,TOTAL,1.0,585247.0,103279.0,0.0,390.0,688526.0,208.0,0.0,390.0,1501.0
CHL,Chile,COM,CR+,CR+PC/LWAL/CDM+ERM/H:1/COM:5,TOTAL,3.0,246682.0,43532.0,0.0,164.0,290214.0,88.0,0.0,55.0,1504.0
CHL,Chile,COM,CR+,CR+PC/LWAL/CDM+ERM/H:1/COM:5A,TOTAL,4.0,1234840.0,217913.0,0.0,823.0,1452755.0,440.0,0.0,206.0,1500.0
CHL,Chile,COM,CR+,CR+PC/LWAL/CDM+ERM/H:1/COM:5B,TOTAL,2.0,1767985.0,311997.0,0.0,1179.0,2079982.0,629.0,0.0,590.0,1500.0
CHL,Chile,IND,CR+,CR+PC/LWAL/CDM+ERM/H:1/IND:1,TOTAL,4.0,3235222.0,1078408.0,0.0,2941.0,4313630.0,1470.0,0.0,735.0,1100.0
CHL,Chile,IND,CR+,CR+PC/LWAL/CDM+ERM/H:1/IND:2,TOTAL,27.0,12320811.0,4106936.0,0.0,11201.0,16427753.0,5597.0,0.0,415.0,1100.0
CHL,Chile,IND,CR+,CR+PC/LWAL/CDM+ERM/H:1/IND:3,TOTAL,3.0,1926821.0,642274.0,0.0,1752.0,2569096.0,875.0,0.0,584.0,1100.0
CHL,Chile,IND,CR+,CR+PC/LWAL/CDM+ERM/H:1/IND:6,TOTAL,20.0,12561858.0,4187286.0,0.0,11420.0,16749146.0,5706.0,0.0,571.0,1100.0
CHL,Chile,COM,CR+,CR+PC/LWAL/CDM+ERM/H:2/COM:1,TOTAL,37.0,10139692.0,1789355.0,0.0,6760.0,11929049.0,3613.0,0.0,183.0,1500.0
CHL,Chile,COM,CR+,CR+PC/LWAL/CDM+ERM/H:2/COM:2,TOTAL,60.0,11423868.0,2015977.0,0.0,7616.0,13439844.0,4071.0,0.0,127.0,1500.0
CHL,Chile,COM,CR+,CR+PC/LWAL/CDM+ERM/H:2/COM:3,TOTAL,26.0,8422337.0,1486297.0,0.0,5615.0,9908634.0,3001.0,0.0,216.0,1500.0
CHL,Chile,COM,CR+,CR+PC/LWAL/CDM+ERM/H:2/COM:3B,TOTAL,44.0,12904943.0,2277343.0,0.0,8603.0,15182285.0,4599.0,0.0,196.0,1500.0
CHL,Chile,IND,CR+,CR+PC/LWAL/CDM+ERM/H:2/IND:1,TOTAL,6.0,459918.0,153306.0,0.0,418.0,613224.0,209.0,0.0,70.0,1100.0
CHL,Chile,IND,CR+,CR+PC/LWAL/CDM+ERM/H:2/IND:2,TOTAL,17.0,8371663.0,2790555.0,0.0,7611.0,11162217.0,3806.0,0.0,448.0,1100.0
CHL,Chile,IND,CR+,CR+PC/LWAL/CDM+ERM/H:2/IND:6,TOTAL,10.0,1430117.0,476706.0,0.0,1300.0,1906825.0,650.0,0.0,130.0,1100.0
CHL,Chile,COM,CR+,CR+PC/LWAL/CDM+ERM/H:3/COM:1,TOTAL,104.0,72391441.0,12774959.0,0.0,48261.0,85166399.0,25817.0,0.0,464.0,1500.0
CHL,Chile,COM,CR+,CR+PC/LWAL/CDM+ERM/H:3/COM:2,TOTAL,396.0,103508679.0,18266236.0,0.0,69006.0,121774922.0,36915.0,0.0,174.0,1500.0
CHL,Chile,COM,CR+,CR+PC/LWAL/CDM+ERM/H:3/COM:3,TOTAL,80.0,59025550.0,10416275.0,0.0,39350.0,69441823.0,21051.0,0.0,492.0,1500.0
CHL,Chile,COM,CR+,CR+PC/LWAL/CDM+ERM/H:3/COM:3B,TOTAL,133.0,83504912.0,14736163.0,0.0,55670.0,98241075.0,29781.0,0.0,419.0,1500.0
CHL,Chile,COM,CR+,CR+PC/LWAL/CDM+ERM/H:3/COM:3C,TOTAL,2.0,1464650.0,258467.0,0.0,976.0,1723118.0,522.0,0.0,488.0,1501.0
CHL,Chile,COM,CR+,CR+PC/LWAL/CDM+ERM/H:3/COM:5,TOTAL,7.0,8885263.0,1567988.0,0.0,5924.0,10453251.0,3169.0,0.0,846.0,1500.0
CHL,Chile,COM,CR+,CR+PC/LWAL/CDM+ERM/H:3/COM:5A,TOTAL,5.0,6037081.0,1065368.0,0.0,4025.0,7102449.0,2153.0,0.0,805.0,1500.0
CHL,Chile,COM,CR+,CR+PC/LWAL/CDM+ERM/H:3/COM:5B,TOTAL,6.0,6200493.0,1094204.0,0.0,4134.0,7294698.0,2211.0,0.0,689.0,1500.0
CHL,Chile,COM,CR+,CR+PC/LWAL/CDM+ERM/H:4/COM:3,TOTAL,59.0,55407893.0,9777866.0,0.0,36939.0,65185753.0,19777.0,0.0,626.0,1500.0
CHL,Chile,COM,CR+,CR+PC/LWAL/CDM+ERM/H:4/COM:3C,TOTAL,2.0,1204864.0,212623.0,0.0,803.0,1417487.0,430.0,0.0,402.0,1500.0
CHL,Chile,COM,CR+,CR+PC/LWAL/CDM+ERM/H:5/COM:3,TOTAL,38.0,35290551.0,6227742.0,0.0,23527.0,41518292.0,12607.0,0.0,619.0,1500.0
CHL,Chile,COM,CR+,CR+PC/LWAL/CDM+ERM/H:5/COM:3C,TOTAL,2.0,2000969.0,353112.0,0.0,1334.0,2354081.0,715.0,0.0,667.0,1500.0
CHL,Chile,COM,CR+,CR+PC/LWAL/CDM+ERM/H:6/COM:3,TOTAL,30.0,33757316.0,5957173.0,0.0,22505.0,39714489.0,12070.0,0.0,750.0,1500.0
CHL,Chile,COM,CR+,CR+PC/LWAL/CDM+ERM/H:6/COM:3C,TOTAL,1.0,84247.0,14867.0,0.0,56.0,99114.0,30.0,0.0,56.0,1504.0
CHL,Chile,COM,CR+,CR+PC/LWAL/CDM+ERM/H:7/COM:3,TOTAL,18.0,23730618.0,4187756.0,0.0,15820.0,27918377.0,8492.0,0.0,879.0,1500.0
CHL,Chile,COM,CR+,CR+PC/LWAL/CDM+ERM/H:8/COM:3,TOTAL,14.0,17256258.0,3045221.0,0.0,11504.0,20301480.0,6180.0,0.0,822.0,1500.0
CHL,Chile,COM,CR+,CR+PC/LWAL/CDM+ERM/H:9/COM:3,TOTAL,10.0,15487768.0,2733136.0,0.0,10325.0,18220903.0,5552.0,0.0,1032.0,1500.0
CHL,Chile,IND,CR+,CR+PC/LWAL/CDM+ERM/H:>2/IND:1,TOTAL,63.0,25129874.0,8376625.0,0.0,22845.0,33506504.0,11437.0,0.0,363.0,1100.0
CHL,Chile,IND,CR+,CR+PC/LWAL/CDM+ERM/H:>2/IND:2,TOTAL,304.0,84438152.0,28146053.0,0.0,76762.0,112584207.0,38429.0,0.0,253.0,1100.0
CHL,Chile,IND,CR+,CR+PC/LWAL/CDM+ERM/H:>2/IND:3,TOTAL,16.0,2627012.0,875672.0,0.0,2388.0,3502684.0,1196.0,0.0,149.0,1100.0
CHL,Chile,IND,CR+,CR+PC/LWAL/CDM+ERM/H:>2/IND:6,TOTAL,204.0,64944922.0,21648308.0,0.0,59041.0,86593227.0,29557.0,0.0,289.0,1100.0
CHL,Chile,COM,CR+,CR+PC/LWAL/CDM+ERM/H:>9/COM:3,TOTAL,21.0,59366491.0,10476439.0,0.0,39578.0,69842932.0,21298.0,0.0,1885.0,1500.0
CHL,Chile,COM,CR+,CR+PC/LWAL/CDM+ERM/H:>9/COM:3C,TOTAL,3.0,1035467.0,182729.0,0.0,690.0,1218196.0,371.0,0.0,230.0,1501.0
CHL,Chile,COM,CR-,CR+PC/LWAL/CDN+ERL/H:1/COM:1,TOTAL,7.0,2258679.0,398591.0,0.0,1506.0,2657270.0,804.0,0.0,215.0,1500.0
CHL,Chile,COM,CR-,CR+PC/LWAL/CDN+ERL/H:1/COM:2,TOTAL,6.0,4154916.0,733220.0,0.0,2770.0,4888138.0,1479.0,0.0,462.0,1500.0
CHL,Chile,COM,CR-,CR+PC/LWAL/CDN+ERL/H:1/COM:3,TOTAL,3.0,610403.0,107718.0,0.0,407.0,718122.0,217.0,0.0,136.0,1500.0
CHL,Chile,COM,CR-,CR+PC/LWAL/CDN+ERL/H:1/COM:3B,TOTAL,7.0,2443146.0,431143.0,0.0,1629.0,2874290.0,870.0,0.0,233.0,1500.0
CHL,Chile,COM,CR-,CR+PC/LWAL/CDN+ERL/H:1/COM:5,TOTAL,1.0,46644.0,8231.0,0.0,31.0,54875.0,17.0,0.0,31.0,1505.0
CHL,Chile,IND,CR-,CR+PC/LWAL/CDN+ERL/H:1/IND:2,TOTAL,3.0,829013.0,276338.0,0.0,754.0,1105351.0,377.0,0.0,251.0,1099.0
CHL,Chile,IND,CR-,CR+PC/LWAL/CDN+ERL/H:1/IND:6,TOTAL,4.0,1743962.0,581321.0,0.0,1585.0,2325282.0,792.0,0.0,396.0,1100.0
CHL,Chile,COM,CR-,CR+PC/LWAL/CDN+ERL/H:2/COM:1,TOTAL,3.0,1006564.0,177629.0,0.0,671.0,1184193.0,359.0,0.0,224.0,1500.0
CHL,Chile,COM,CR-,CR+PC/LWAL/CDN+ERL/H:2/COM:2,TOTAL,2.0,755221.0,133274.0,0.0,503.0,888495.0,269.0,0.0,252.0,1501.0
CHL,Chile,COM,CR-,CR+PC/LWAL/CDN+ERL/H:2/COM:3,TOTAL,1.0,78460.0,13846.0,0.0,52.0,92306.0,28.0,0.0,52.0,1509.0
CHL,Chile,COM,CR-,CR+PC/LWAL/CDN+ERL/H:2/COM:3B,TOTAL,2.0,965111.0,170314.0,0.0,643.0,1135425.0,344.0,0.0,322.0,1501.0
CHL,Chile,COM,CR-,CR+PC/LWAL/CDN+ERL/H:3/COM:1,TOTAL,20.0,19221147.0,3391967.0,0.0,12814.0,22613115.0,6855.0,0.0,641.0,1500.0
CHL,Chile,COM,CR-,CR+PC/LWAL/CDN+ERL/H:3/COM:2,TOTAL,30.0,20240766.0,3571898.0,0.0,13494.0,23812666.0,7219.0,0.0,450.0,1500.0
CHL,Chile,COM,CR-,CR+PC/LWAL/CDN+ERL/H:3/COM:3,TOTAL,3.0,1496587.0,264104.0,0.0,998.0,1760691.0,534.0,0.0,333.0,1500.0
CHL,Chile,COM,CR-,CR+PC/LWAL/CDN+ERL/H:3/COM:3B,TOTAL,16.0,13991589.0,2469104.0,0.0,9328.0,16460693.0,4990.0,0.0,583.0,1500.0
CHL,Chile,COM,CR-,CR+PC/LWAL/CDN+ERL/H:3/COM:5,TOTAL,1.0,905267.0,159753.0,0.0,604.0,1065020.0,323.0,0.0,604.0,1499.0
CHL,Chile,COM,CR-,CR+PC/LWAL/CDN+ERL/H:3/COM:5B,TOTAL,1.0,409222.0,72216.0,0.0,273.0,481438.0,146.0,0.0,273.0,1499.0
CHL,Chile,COM,CR-,CR+PC/LWAL/CDN+ERL/H:4/COM:3,TOTAL,6.0,12733595.0,2247105.0,0.0,8489.0,14980701.0,4545.0,0.0,1415.0,1500.0
CHL,Chile,COM,CR-,CR+PC/LWAL/CDN+ERL/H:4/COM:3C,TOTAL,1.0,281899.0,49747.0,0.0,188.0,331646.0,101.0,0.0,188.0,1499.0
CHL,Chile,COM,CR-,CR+PC/LWAL/CDN+ERL/H:5/COM:3,TOTAL,3.0,6573047.0,1159950.0,0.0,4382.0,7732996.0,2348.0,0.0,1461.0,1500.0
CHL,Chile,COM,CR-,CR+PC/LWAL/CDN+ERL/H:6/COM:3,TOTAL,2.0,5179514.0,914032.0,0.0,3453.0,6093544.0,1852.0,0.0,1726.0,1500.0
CHL,Chile,COM,CR-,CR+PC/LWAL/CDN+ERL/H:7/COM:3,TOTAL,3.0,3501778.0,617961.0,0.0,2335.0,4119739.0,1253.0,0.0,778.0,1500.0
CHL,Chile,COM,CR-,CR+PC/LWAL/CDN+ERL/H:8/COM:3,TOTAL,3.0,4364295.0,770170.0,0.0,2910.0,5134465.0,1563.0,0.0,970.0,1500.0
CHL,Chile,COM,CR-,CR+PC/LWAL/CDN+ERL/H:9/COM:3,TOTAL,3.0,1625354.0,286827.0,0.0,1084.0,1912182.0,583.0,0.0,361.0,1499.0
CHL,Chile,COM,CR-,CR+PC/LWAL/CDN+ERL/H:9/COM:3C,TOTAL,1.0,631083.0,111368.0,0.0,421.0,742451.0,226.0,0.0,421.0,1499.0
CHL,Chile,IND,CR-,CR+PC/LWAL/CDN+ERL/H:>2/IND:1,TOTAL,3.0,1223165.0,407721.0,0.0,1112.0,1630888.0,557.0,0.0,371.0,1100.0
CHL,Chile,IND,CR-,CR+PC/LWAL/CDN+ERL/H:>2/IND:2,TOTAL,26.0,15464718.0,5154905.0,0.0,14059.0,20619626.0,7038.0,0.0,541.0,1100.0
CHL,Chile,IND,CR-,CR+PC/LWAL/CDN+ERL/H:>2/IND:3,TOTAL,4.0,1700657.0,566886.0,0.0,1546.0,2267542.0,774.0,0.0,386.0,1100.0
CHL,Chile,IND,CR-,CR+PC/LWAL/CDN+ERL/H:>2/IND:6,TOTAL,21.0,11538336.0,3846112.0,0.0,10489.0,15384446.0,5251.0,0.0,499.0,1100.0
CHL,Chile,COM,CR-,CR+PC/LWAL/CDN+ERL/H:>9/COM:3,TOTAL,2.0,12891900.0,2275041.0,0.0,8595.0,15166940.0,4625.0,0.0,4298.0,1500.0
CHL,Chile,COM,CR-,CR+PC/LWAL/CDN+ERL/H:>9/COM:3C,TOTAL,1.0,631083.0,111368.0,0.0,421.0,742451.0,226.0,0.0,421.0,1499.0
CHL,Chile,COM,CR-,CR/LFINF/CDL+ERL/H:1/COM:1,TOTAL,251.0,71277395.0,12578364.0,0.0,47518.0,83855752.0,23289.0,0.0,189.0,1500.0
CHL,Chile,COM,CR-,CR/LFINF/CDL+ERL/H:1/COM:2,TOTAL,378.0,132348344.0,23355592.0,0.0,88232.0,155703944.0,43244.0,0.0,233.0,1500.0
CHL,Chile,COM,CR-,CR/LFINF/CDL+ERL/H:1/COM:3,TOTAL,249.0,116082814.0,20485199.0,0.0,77389.0,136568013.0,37929.0,0.0,311.0,1500.0
CHL,Chile,COM,CR-,CR/LFINF/CDL+ERL/H:1/COM:3B,TOTAL,339.0,83983543.0,14820624.0,0.0,55989.0,98804164.0,27441.0,0.0,165.0,1500.0
CHL,Chile,COM,CR-,CR/LFINF/CDL+ERL/H:1/COM:3C,TOTAL,5.0,2840089.0,501193.0,0.0,1893.0,3341280.0,928.0,0.0,379.0,1500.0
CHL,Chile,COM,CR-,CR/LFINF/CDL+ERL/H:1/COM:5,TOTAL,18.0,21272962.0,3754053.0,0.0,14182.0,25027016.0,6951.0,0.0,788.0,1500.0
CHL,Chile,COM,CR-,CR/LFINF/CDL+ERL/H:1/COM:5A,TOTAL,7.0,22219642.0,3921113.0,0.0,14813.0,26140756.0,7260.0,0.0,2116.0,1500.0
CHL,Chile,COM,CR-,CR/LFINF/CDL+ERL/H:1/COM:5B,TOTAL,6.0,5915200.0,1043859.0,0.0,3943.0,6959057.0,1933.0,0.0,657.0,1500.0
CHL,Chile,IND,CR-,CR/LFINF/CDL+ERL/H:1/IND:1,TOTAL,52.0,31207028.0,10402342.0,0.0,28370.0,41609369.0,13420.0,0.0,546.0,1100.0
CHL,Chile,IND,CR-,CR/LFINF/CDL+ERL/H:1/IND:2,TOTAL,265.0,182184556.0,60728181.0,0.0,165622.0,242912733.0,78346.0,0.0,625.0,1100.0
CHL,Chile,IND,CR-,CR/LFINF/CDL+ERL/H:1/IND:3,TOTAL,21.0,11013364.0,3671122.0,0.0,10012.0,14684486.0,4736.0,0.0,477.0,1100.0
CHL,Chile,IND,CR-,CR/LFINF/CDL+ERL/H:1/IND:4,TOTAL,1.0,337053.0,112351.0,0.0,306.0,449405.0,145.0,0.0,306.0,1101.0
CHL,Chile,IND,CR-,CR/LFINF/CDL+ERL/H:1/IND:6,TOTAL,175.0,170236946.0,56745649.0,0.0,154761.0,226982589.0,73208.0,0.0,884.0,1100.0
CHL,Chile,COM,CR-,CR/LFINF/CDL+ERL/H:2/COM:1,TOTAL,169.0,71687131.0,12650672.0,0.0,47791.0,84337795.0,23442.0,0.0,283.0,1500.0
CHL,Chile,COM,CR-,CR/LFINF/CDL+ERL/H:2/COM:2,TOTAL,343.0,96621267.0,17050811.0,0.0,64414.0,113672089.0,31596.0,0.0,188.0,1500.0
CHL,Chile,COM,CR-,CR/LFINF/CDL+ERL/H:2/COM:3,TOTAL,94.0,52580905.0,9278984.0,0.0,35054.0,61859889.0,17195.0,0.0,373.0,1500.0
CHL,Chile,COM,CR-,CR/LFINF/CDL+ERL/H:2/COM:3B,TOTAL,192.0,75579467.0,13337552.0,0.0,50386.0,88917023.0,24715.0,0.0,262.0,1500.0
CHL,Chile,COM,CR-,CR/LFINF/CDL+ERL/H:2/COM:3C,TOTAL,2.0,70475.0,12437.0,0.0,47.0,82912.0,23.0,0.0,24.0,1499.0
CHL,Chile,COM,CR-,CR/LFINF/CDL+ERL/H:2/COM:5,TOTAL,14.0,23004956.0,4059698.0,0.0,15337.0,27064652.0,7523.0,0.0,1096.0,1500.0
CHL,Chile,COM,CR-,CR/LFINF/CDL+ERL/H:2/COM:5A,TOTAL,8.0,9105506.0,1606854.0,0.0,6070.0,10712361.0,2978.0,0.0,759.0,1500.0
CHL,Chile,COM,CR-,CR/LFINF/CDL+ERL/H:2/COM:5B,TOTAL,8.0,12459706.0,2198771.0,0.0,8306.0,14658479.0,4074.0,0.0,1038.0,1500.0
CHL,Chile,IND,CR-,CR/LFINF/CDL+ERL/H:2/IND:1,TOTAL,23.0,18055716.0,6018573.0,0.0,16414.0,24074288.0,7772.0,0.0,714.0,1100.0
CHL,Chile,IND,CR-,CR/LFINF/CDL+ERL/H:2/IND:2,TOTAL,154.0,82452727.0,27484243.0,0.0,74957.0,109936969.0,35492.0,0.0,487.0,1100.0
CHL,Chile,IND,CR-,CR/LFINF/CDL+ERL/H:2/IND:3,TOTAL,13.0,8043851.0,2681285.0,0.0,7313.0,10725134.0,3463.0,0.0,563.0,1100.0
CHL,Chile,IND,CR-,CR/LFINF/CDL+ERL/H:2/IND:4,TOTAL,1.0,548274.0,182758.0,0.0,498.0,731031.0,236.0,0.0,498.0,1101.0
CHL,Chile,IND,CR-,CR/LFINF/CDL+ERL/H:2/IND:6,TOTAL,84.0,62962917.0,20987638.0,0.0,57239.0,83950556.0,27102.0,0.0,681.0,1100.0
CHL,Chile,COM,CR-,CR/LFINF/CDL+ERL/H:3/COM:1,TOTAL,629.0,792811749.0,139907958.0,0.0,528541.0,932719694.0,259472.0,0.0,840.0,1500.0
CHL,Chile,COM,CR-,CR/LFINF/CDL+ERL/H:3/COM:2,TOTAL,2841.0,1085864883.0,191623217.0,0.0,723910.0,1277488095.0,355382.0,0.0,255.0,1500.0
CHL,Chile,COM,CR-,CR/LFINF/CDL+ERL/H:3/COM:3,TOTAL,353.0,460774401.0,81313131.0,0.0,307183.0,542087530.0,150803.0,0.0,870.0,1500.0
CHL,Chile,COM,CR-,CR/LFINF/CDL+ERL/H:3/COM:3B,TOTAL,743.0,930113640.0,164137704.0,0.0,620076.0,1094251336.0,304408.0,0.0,835.0,1500.0
CHL,Chile,COM,CR-,CR/LFINF/CDL+ERL/H:3/COM:3C,TOTAL,7.0,10708616.0,1889756.0,0.0,7139.0,12598373.0,3505.0,0.0,1020.0,1500.0
CHL,Chile,COM,CR-,CR/LFINF/CDL+ERL/H:3/COM:5,TOTAL,77.0,177120248.0,31256512.0,0.0,118080.0,208376766.0,57968.0,0.0,1534.0,1500.0
CHL,Chile,COM,CR-,CR/LFINF/CDL+ERL/H:3/COM:5A,TOTAL,30.0,35840027.0,6324710.0,0.0,23893.0,42164740.0,11730.0,0.0,796.0,1500.0
CHL,Chile,COM,CR-,CR/LFINF/CDL+ERL/H:3/COM:5B,TOTAL,30.0,33365172.0,5887972.0,0.0,22243.0,39253144.0,10920.0,0.0,741.0,1500.0
CHL,Chile,COM,CR-,CR/LFINF/CDL+ERL/H:4/COM:3,TOTAL,353.0,585105120.0,103253848.0,0.0,390070.0,688358956.0,191652.0,0.0,1105.0,1500.0
CHL,Chile,COM,CR-,CR/LFINF/CDL+ERL/H:4/COM:3C,TOTAL,12.0,15523281.0,2739402.0,0.0,10349.0,18262683.0,5085.0,0.0,862.0,1500.0
CHL,Chile,COM,CR-,CR/LFINF/CDL+ERL/H:5/COM:3,TOTAL,201.0,348438072.0,61489071.0,0.0,232292.0,409927144.0,114226.0,0.0,1156.0,1500.0
CHL,Chile,COM,CR-,CR/LFINF/CDL+ERL/H:5/COM:3C,TOTAL,2.0,808773.0,142724.0,0.0,539.0,951499.0,265.0,0.0,270.0,1501.0
CHL,Chile,COM,CR-,CR/LFINF/CDL+ERL/H:6/COM:3,TOTAL,139.0,277618429.0,48991486.0,0.0,185079.0,326609915.0,91085.0,0.0,1332.0,1500.0
CHL,Chile,COM,CR-,CR/LFINF/CDL+ERL/H:6/COM:3C,TOTAL,7.0,7825281.0,1380933.0,0.0,5217.0,9206214.0,2567.0,0.0,745.0,1500.0
CHL,Chile,COM,CR-,CR/LFINF/CDL+ERL/H:7/COM:3,TOTAL,94.0,211508235.0,37324983.0,0.0,141005.0,248833216.0,69452.0,0.0,1500.0,1500.0
CHL,Chile,COM,CR-,CR/LFINF/CDL+ERL/H:7/COM:3C,TOTAL,6.0,3899855.0,688209.0,0.0,2600.0,4588065.0,1281.0,0.0,433.0,1500.0
CHL,Chile,COM,CR-,CR/LFINF/CDL+ERL/H:8/COM:3,TOTAL,64.0,160899830.0,28394088.0,0.0,107267.0,189293919.0,52877.0,0.0,1676.0,1500.0
CHL,Chile,COM,CR-,CR/LFINF/CDL+ERL/H:9/COM:3,TOTAL,62.0,146872295.0,25918639.0,0.0,97915.0,172790934.0,48307.0,0.0,1579.0,1500.0
CHL,Chile,COM,CR-,CR/LFINF/CDL+ERL/H:9/COM:3C,TOTAL,2.0,1545541.0,272742.0,0.0,1030.0,1818283.0,508.0,0.0,515.0,1501.0
CHL,Chile,IND,CR-,CR/LFINF/CDL+ERL/H:>2/IND:1,TOTAL,554.0,241472562.0,80490852.0,0.0,219521.0,321963415.0,104042.0,0.0,396.0,1100.0
CHL,Chile,IND,CR-,CR/LFINF/CDL+ERL/H:>2/IND:2,TOTAL,2999.0,1461359831.0,487119949.0,0.0,1328509.0,1948479780.0,629648.0,0.0,443.0,1100.0
CHL,Chile,IND,CR-,CR/LFINF/CDL+ERL/H:>2/IND:3,TOTAL,328.0,156761799.0,52253930.0,0.0,142511.0,209015733.0,67543.0,0.0,434.0,1100.0
CHL,Chile,IND,CR-,CR/LFINF/CDL+ERL/H:>2/IND:4,TOTAL,5.0,306673.0,102225.0,0.0,279.0,408899.0,132.0,0.0,56.0,1099.0
CHL,Chile,IND,CR-,CR/LFINF/CDL+ERL/H:>2/IND:6,TOTAL,2124.0,1023931337.0,341310444.0,0.0,930847.0,1365241790.0,441176.0,0.0,438.0,1100.0
CHL,Chile,COM,CR-,CR/LFINF/CDL+ERL/H:>9/COM:3,TOTAL,193.0,736188587.0,129915634.0,0.0,490792.0,866104216.0,242336.0,0.0,2543.0,1500.0
CHL,Chile,COM,CR-,CR/LFINF/CDL+ERL/H:>9/COM:3C,TOTAL,5.0,3207495.0,566029.0,0.0,2138.0,3773524.0,1056.0,0.0,428.0,1500.0
CHL,Chile,COM,CR+,CR/LFINF/CDM+ERM/H:1/COM:1,TOTAL,123.0,23885667.0,4215117.0,0.0,15924.0,28100787.0,7804.0,0.0,129.0,1500.0
CHL,Chile,COM,CR+,CR/LFINF/CDM+ERM/H:1/COM:2,TOTAL,168.0,30920218.0,5456511.0,0.0,20613.0,36376727.0,10103.0,0.0,123.0,1500.0
CHL,Chile,COM,CR+,CR/LFINF/CDM+ERM/H:1/COM:3,TOTAL,126.0,27882080.0,4920366.0,0.0,18588.0,32802439.0,9110.0,0.0,148.0,1500.0
CHL,Chile,COM,CR+,CR/LFINF/CDM+ERM/H:1/COM:3B,TOTAL,165.0,23589416.0,4162840.0,0.0,15726.0,27752256.0,7708.0,0.0,95.0,1500.0
CHL,Chile,COM,CR+,CR/LFINF/CDM+ERM/H:1/COM:3C,TOTAL,1.0,896256.0,158163.0,0.0,598.0,1054419.0,293.0,0.0,598.0,1499.0
CHL,Chile,COM,CR+,CR/LFINF/CDM+ERM/H:1/COM:5,TOTAL,2.0,2020414.0,356543.0,0.0,1347.0,2376958.0,660.0,0.0,674.0,1500.0
CHL,Chile,COM,CR+,CR/LFINF/CDM+ERM/H:1/COM:5A,TOTAL,2.0,1127162.0,198911.0,0.0,751.0,1326074.0,368.0,0.0,376.0,1501.0
CHL,Chile,COM,CR+,CR/LFINF/CDM+ERM/H:1/COM:5B,TOTAL,4.0,6877423.0,1213662.0,0.0,4585.0,8091085.0,2247.0,0.0,1146.0,1500.0
CHL,Chile,IND,CR+,CR/LFINF/CDM+ERM/H:1/IND:1,TOTAL,22.0,10235401.0,3411799.0,0.0,9305.0,13647203.0,4402.0,0.0,423.0,1100.0
CHL,Chile,IND,CR+,CR/LFINF/CDM+ERM/H:1/IND:2,TOTAL,73.0,40706546.0,13568848.0,0.0,37006.0,54275392.0,17505.0,0.0,507.0,1100.0
CHL,Chile,IND,CR+,CR/LFINF/CDM+ERM/H:1/IND:3,TOTAL,4.0,1652690.0,550897.0,0.0,1502.0,2203587.0,711.0,0.0,376.0,1100.0
CHL,Chile,IND,CR+,CR/LFINF/CDM+ERM/H:1/IND:4,TOTAL,2.0,1122388.0,374129.0,0.0,1020.0,1496517.0,483.0,0.0,510.0,1100.0
CHL,Chile,IND,CR+,CR/LFINF/CDM+ERM/H:1/IND:6,TOTAL,44.0,34552473.0,11517493.0,0.0,31411.0,46069965.0,14859.0,0.0,714.0,1100.0
CHL,Chile,COM,CR+,CR/LFINF/CDM+ERM/H:2/COM:1,TOTAL,87.0,24785640.0,4373937.0,0.0,16524.0,29159576.0,8105.0,0.0,190.0,1500.0
CHL,Chile,COM,CR+,CR/LFINF/CDM+ERM/H:2/COM:2,TOTAL,198.0,32451264.0,5726694.0,0.0,21634.0,38177957.0,10612.0,0.0,109.0,1500.0
CHL,Chile,COM,CR+,CR/LFINF/CDM+ERM/H:2/COM:3,TOTAL,64.0,27316221.0,4820509.0,0.0,18211.0,32136729.0,8933.0,0.0,285.0,1500.0
CHL,Chile,COM,CR+,CR/LFINF/CDM+ERM/H:2/COM:3B,TOTAL,98.0,26175085.0,4619131.0,0.0,17450.0,30794222.0,8560.0,0.0,178.0,1500.0
CHL,Chile,COM,CR+,CR/LFINF/CDM+ERM/H:2/COM:3C,TOTAL,1.0,451958.0,79757.0,0.0,301.0,531715.0,148.0,0.0,301.0,1502.0
CHL,Chile,COM,CR+,CR/LFINF/CDM+ERM/H:2/COM:5,TOTAL,3.0,2779087.0,490427.0,0.0,1853.0,3269513.0,909.0,0.0,618.0,1500.0
CHL,Chile,COM,CR+,CR/LFINF/CDM+ERM/H:2/COM:5A,TOTAL,1.0,1113808.0,196554.0,0.0,743.0,1310363.0,364.0,0.0,743.0,1499.0
CHL,Chile,IND,CR+,CR/LFINF/CDM+ERM/H:2/IND:1,TOTAL,10.0,4704594.0,1568198.0,0.0,4277.0,6272792.0,2025.0,0.0,428.0,1100.0
CHL,Chile,IND,CR+,CR/LFINF/CDM+ERM/H:2/IND:2,TOTAL,42.0,19465405.0,6488470.0,0.0,17696.0,25953871.0,8379.0,0.0,421.0,1100.0
CHL,Chile,IND,CR+,CR/LFINF/CDM+ERM/H:2/IND:3,TOTAL,4.0,2413867.0,804622.0,0.0,2194.0,3218488.0,1039.0,0.0,548.0,1100.0
CHL,Chile,IND,CR+,CR/LFINF/CDM+ERM/H:2/IND:4,TOTAL,1.0,2076249.0,692083.0,0.0,1887.0,2768332.0,894.0,0.0,1887.0,1100.0
CHL,Chile,IND,CR+,CR/LFINF/CDM+ERM/H:2/IND:6,TOTAL,33.0,16694534.0,5564845.0,0.0,15177.0,22259381.0,7186.0,0.0,460.0,1100.0
CHL,Chile,COM,CR+,CR/LFINF/CDM+ERM/H:3/COM:1,TOTAL,288.0,228832960.0,40382286.0,0.0,152555.0,269215245.0,74893.0,0.0,530.0,1500.0
CHL,Chile,COM,CR+,CR/LFINF/CDM+ERM/H:3/COM:2,TOTAL,1056.0,311455495.0,54962726.0,0.0,207637.0,366418229.0,101933.0,0.0,197.0,1500.0
CHL,Chile,COM,CR+,CR/LFINF/CDM+ERM/H:3/COM:3,TOTAL,177.0,164251248.0,28985512.0,0.0,109501.0,193236763.0,53756.0,0.0,619.0,1500.0
CHL,Chile,COM,CR+,CR/LFINF/CDM+ERM/H:3/COM:3B,TOTAL,330.0,253756719.0,44780599.0,0.0,169171.0,298537314.0,83050.0,0.0,513.0,1500.0
CHL,Chile,COM,CR+,CR/LFINF/CDM+ERM/H:3/COM:3C,TOTAL,6.0,4826014.0,851649.0,0.0,3217.0,5677663.0,1579.0,0.0,536.0,1500.0
CHL,Chile,COM,CR+,CR/LFINF/CDM+ERM/H:3/COM:5,TOTAL,21.0,20259584.0,3575220.0,0.0,13506.0,23834804.0,6631.0,0.0,643.0,1500.0
CHL,Chile,COM,CR+,CR/LFINF/CDM+ERM/H:3/COM:5A,TOTAL,11.0,15397915.0,2717278.0,0.0,10265.0,18115196.0,5039.0,0.0,933.0,1500.0
CHL,Chile,COM,CR+,CR/LFINF/CDM+ERM/H:3/COM:5B,TOTAL,4.0,1126882.0,198861.0,0.0,751.0,1325744.0,369.0,0.0,188.0,1501.0
CHL,Chile,COM,CR+,CR/LFINF/CDM+ERM/H:4/COM:3,TOTAL,159.0,183423828.0,32368910.0,0.0,122283.0,215792734.0,60081.0,0.0,769.0,1500.0
CHL,Chile,COM,CR+,CR/LFINF/CDM+ERM/H:4/COM:3C,TOTAL,8.0,1254597.0,221399.0,0.0,836.0,1475997.0,411.0,0.0,104.0,1501.0
CHL,Chile,COM,CR+,CR/LFINF/CDM+ERM/H:5/COM:3,TOTAL,86.0,100253270.0,17691756.0,0.0,66836.0,117945022.0,32865.0,0.0,777.0,1500.0
CHL,Chile,COM,CR+,CR/LFINF/CDM+ERM/H:5/COM:3C,TOTAL,5.0,1455411.0,256837.0,0.0,970.0,1712248.0,477.0,0.0,194.0,1500.0
CHL,Chile,COM,CR+,CR/LFINF/CDM+ERM/H:6/COM:3,TOTAL,58.0,81921964.0,14456817.0,0.0,54615.0,96378781.0,26878.0,0.0,942.0,1500.0
CHL,Chile,COM,CR+,CR/LFINF/CDM+ERM/H:6/COM:3C,TOTAL,7.0,4610929.0,813692.0,0.0,3074.0,5424622.0,1513.0,0.0,439.0,1500.0
CHL,Chile,COM,CR+,CR/LFINF/CDM+ERM/H:7/COM:3,TOTAL,37.0,62297996.0,10993763.0,0.0,41532.0,73291758.0,20456.0,0.0,1122.0,1500.0
CHL,Chile,COM,CR+,CR/LFINF/CDM+ERM/H:7/COM:3C,TOTAL,2.0,168493.0,29734.0,0.0,112.0,198227.0,55.0,0.0,56.0,1504.0
CHL,Chile,COM,CR+,CR/LFINF/CDM+ERM/H:8/COM:3,TOTAL,29.0,54519348.0,9621060.0,0.0,36346.0,64140410.0,17917.0,0.0,1253.0,1500.0
CHL,Chile,COM,CR+,CR/LFINF/CDM+ERM/H:8/COM:3C,TOTAL,3.0,252740.0,44601.0,0.0,168.0,297341.0,83.0,0.0,56.0,1504.0
CHL,Chile,COM,CR+,CR/LFINF/CDM+ERM/H:9/COM:3,TOTAL,30.0,52825569.0,9322158.0,0.0,35217.0,62147727.0,17375.0,0.0,1174.0,1500.0
CHL,Chile,COM,CR+,CR/LFINF/CDM+ERM/H:9/COM:3C,TOTAL,4.0,729116.0,128667.0,0.0,486.0,857783.0,240.0,0.0,122.0,1500.0
CHL,Chile,IND,CR+,CR/LFINF/CDM+ERM/H:>2/IND:1,TOTAL,152.0,50720610.0,16906866.0,0.0,46110.0,67627478.0,21854.0,0.0,303.0,1100.0
CHL,Chile,IND,CR+,CR/LFINF/CDM+ERM/H:>2/IND:2,TOTAL,704.0,213921555.0,71307187.0,0.0,194474.0,285228734.0,92171.0,0.0,276.0,1100.0
CHL,Chile,IND,CR+,CR/LFINF/CDM+ERM/H:>2/IND:3,TOTAL,80.0,25782256.0,8594083.0,0.0,23438.0,34376348.0,11109.0,0.0,293.0,1100.0
CHL,Chile,IND,CR+,CR/LFINF/CDM+ERM/H:>2/IND:4,TOTAL,2.0,1486153.0,495385.0,0.0,1351.0,1981538.0,640.0,0.0,676.0,1100.0
CHL,Chile,IND,CR+,CR/LFINF/CDM+ERM/H:>2/IND:6,TOTAL,529.0,174369466.0,58123154.0,0.0,158518.0,232492621.0,75130.0,0.0,300.0,1100.0
CHL,Chile,COM,CR+,CR/LFINF/CDM+ERM/H:>9/COM:3,TOTAL,57.0,181443888.0,32019509.0,0.0,120963.0,213463399.0,59727.0,0.0,2122.0,1500.0
CHL,Chile,COM,CR+,CR/LFINF/CDM+ERM/H:>9/COM:3C,TOTAL,9.0,4921529.0,868505.0,0.0,3281.0,5790034.0,1620.0,0.0,365.0,1500.0
CHL,Chile,COM,CR-,CR/LFINF/CDN+ERL/H:1/COM:1,TOTAL,29.0,9299451.0,1641079.0,0.0,6200.0,10940530.0,3039.0,0.0,214.0,1500.0
CHL,Chile,COM,CR-,CR/LFINF/CDN+ERL/H:1/COM:2,TOTAL,43.0,15897208.0,2805390.0,0.0,10598.0,18702599.0,5194.0,0.0,246.0,1500.0
CHL,Chile,COM,CR-,CR/LFINF/CDN+ERL/H:1/COM:3,TOTAL,23.0,7482368.0,1320418.0,0.0,4988.0,8802784.0,2445.0,0.0,217.0,1500.0
CHL,Chile,COM,CR-,CR/LFINF/CDN+ERL/H:1/COM:3B,TOTAL,51.0,16627339.0,2934236.0,0.0,11085.0,19561576.0,5433.0,0.0,217.0,1500.0
CHL,Chile,COM,CR-,CR/LFINF/CDN+ERL/H:1/COM:5B,TOTAL,1.0,409222.0,72216.0,0.0,273.0,481438.0,134.0,0.0,273.0,1499.0
CHL,Chile,IND,CR-,CR/LFINF/CDN+ERL/H:1/IND:1,TOTAL,5.0,22500361.0,7500121.0,0.0,20455.0,30000480.0,9676.0,0.0,4091.0,1100.0
CHL,Chile,IND,CR-,CR/LFINF/CDN+ERL/H:1/IND:2,TOTAL,18.0,10544063.0,3514689.0,0.0,9586.0,14058752.0,4534.0,0.0,533.0,1100.0
CHL,Chile,IND,CR-,CR/LFINF/CDN+ERL/H:1/IND:3,TOTAL,2.0,871845.0,290615.0,0.0,793.0,1162460.0,375.0,0.0,396.0,1099.0
CHL,Chile,IND,CR-,CR/LFINF/CDN+ERL/H:1/IND:4,TOTAL,1.0,4139016.0,1379672.0,0.0,3763.0,5518688.0,1780.0,0.0,3763.0,1100.0
CHL,Chile,IND,CR-,CR/LFINF/CDN+ERL/H:1/IND:6,TOTAL,16.0,9790137.0,3263379.0,0.0,8900.0,13053516.0,4210.0,0.0,556.0,1100.0
CHL,Chile,COM,CR-,CR/LFINF/CDN+ERL/H:2/COM:1,TOTAL,27.0,11653827.0,2056557.0,0.0,7769.0,13710384.0,3811.0,0.0,288.0,1500.0
CHL,Chile,COM,CR-,CR/LFINF/CDN+ERL/H:2/COM:2,TOTAL,40.0,21229298.0,3746347.0,0.0,14153.0,24975645.0,6942.0,0.0,354.0,1500.0
CHL,Chile,COM,CR-,CR/LFINF/CDN+ERL/H:2/COM:3,TOTAL,15.0,9577221.0,1690099.0,0.0,6385.0,11267320.0,3132.0,0.0,426.0,1500.0
CHL,Chile,COM,CR-,CR/LFINF/CDN+ERL/H:2/COM:3B,TOTAL,25.0,18528993.0,3269822.0,0.0,12353.0,21798815.0,6059.0,0.0,494.0,1500.0
CHL,Chile,COM,CR-,CR/LFINF/CDN+ERL/H:2/COM:5,TOTAL,1.0,1335561.0,235687.0,0.0,890.0,1571248.0,437.0,0.0,890.0,1501.0
CHL,Chile,COM,CR-,CR/LFINF/CDN+ERL/H:2/COM:5B,TOTAL,1.0,1821765.0,321488.0,0.0,1215.0,2143253.0,596.0,0.0,1215.0,1499.0
CHL,Chile,IND,CR-,CR/LFINF/CDN+ERL/H:2/IND:1,TOTAL,3.0,2585052.0,861685.0,0.0,2350.0,3446735.0,1113.0,0.0,783.0,1100.0
CHL,Chile,IND,CR-,CR/LFINF/CDN+ERL/H:2/IND:2,TOTAL,14.0,21559256.0,7186418.0,0.0,19599.0,28745676.0,9280.0,0.0,1400.0,1100.0
CHL,Chile,IND,CR-,CR/LFINF/CDN+ERL/H:2/IND:3,TOTAL,1.0,384061.0,128020.0,0.0,349.0,512082.0,165.0,0.0,349.0,1100.0
CHL,Chile,IND,CR-,CR/LFINF/CDN+ERL/H:2/IND:4,TOTAL,2.0,8276909.0,2758970.0,0.0,7524.0,11035879.0,3563.0,0.0,3762.0,1100.0
CHL,Chile,IND,CR-,CR/LFINF/CDN+ERL/H:2/IND:6,TOTAL,9.0,4418405.0,1472802.0,0.0,4017.0,5891206.0,1902.0,0.0,446.0,1100.0
CHL,Chile,COM,CR-,CR/LFINF/CDN+ERL/H:3/COM:1,TOTAL,76.0,104940229.0,18518863.0,0.0,69960.0,123459097.0,34345.0,0.0,921.0,1500.0
CHL,Chile,COM,CR-,CR/LFINF/CDN+ERL/H:3/COM:2,TOTAL,276.0,172397058.0,30423014.0,0.0,114931.0,202820070.0,56422.0,0.0,416.0,1500.0
CHL,Chile,COM,CR-,CR/LFINF/CDN+ERL/H:3/COM:3,TOTAL,38.0,56501410.0,9970837.0,0.0,37668.0,66472246.0,18492.0,0.0,991.0,1500.0
CHL,Chile,COM,CR-,CR/LFINF/CDN+ERL/H:3/COM:3B,TOTAL,83.0,121453794.0,21433021.0,0.0,80969.0,142886816.0,39749.0,0.0,976.0,1500.0
CHL,Chile,COM,CR-,CR/LFINF/CDN+ERL/H:3/COM:3C,TOTAL,2.0,1086502.0,191736.0,0.0,724.0,1278238.0,356.0,0.0,362.0,1501.0
CHL,Chile,COM,CR-,CR/LFINF/CDN+ERL/H:3/COM:5,TOTAL,5.0,5124900.0,904394.0,0.0,3417.0,6029293.0,1677.0,0.0,683.0,1500.0
CHL,Chile,COM,CR-,CR/LFINF/CDN+ERL/H:3/COM:5A,TOTAL,1.0,494856.0,87327.0,0.0,330.0,582183.0,162.0,0.0,330.0,1500.0
CHL,Chile,COM,CR-,CR/LFINF/CDN+ERL/H:4/COM:3,TOTAL,34.0,74026354.0,13063472.0,0.0,49351.0,87089830.0,24247.0,0.0,1452.0,1500.0
CHL,Chile,COM,CR-,CR/LFINF/CDN+ERL/H:4/COM:3C,TOTAL,1.0,651126.0,114905.0,0.0,434.0,766031.0,213.0,0.0,434.0,1500.0
CHL,Chile,COM,CR-,CR/LFINF/CDN+ERL/H:5/COM:3,TOTAL,19.0,56824653.0,10027880.0,0.0,37883.0,66852534.0,18628.0,0.0,1994.0,1500.0
CHL,Chile,COM,CR-,CR/LFINF/CDN+ERL/H:5/COM:3C,TOTAL,1.0,631083.0,111368.0,0.0,421.0,742451.0,207.0,0.0,421.0,1499.0
CHL,Chile,COM,CR-,CR/LFINF/CDN+ERL/H:6/COM:3,TOTAL,14.0,57341364.0,10119064.0,0.0,38228.0,67460429.0,18813.0,0.0,2731.0,1500.0
CHL,Chile,COM,CR-,CR/LFINF/CDN+ERL/H:6/COM:3C,TOTAL,1.0,1009427.0,178134.0,0.0,673.0,1187561.0,331.0,0.0,673.0,1500.0
CHL,Chile,COM,CR-,CR/LFINF/CDN+ERL/H:7/COM:3,TOTAL,16.0,56921658.0,10044999.0,0.0,37948.0,66966654.0,18691.0,0.0,2372.0,1500.0
CHL,Chile,COM,CR-,CR/LFINF/CDN+ERL/H:8/COM:3,TOTAL,7.0,25711518.0,4537328.0,0.0,17141.0,30248843.0,8450.0,0.0,2449.0,1500.0
CHL,Chile,COM,CR-,CR/LFINF/CDN+ERL/H:9/COM:3,TOTAL,8.0,20264343.0,3576060.0,0.0,13510.0,23840403.0,6665.0,0.0,1689.0,1500.0
CHL,Chile,IND,CR-,CR/LFINF/CDN+ERL/H:>2/IND:1,TOTAL,64.0,31767395.0,10589131.0,0.0,28879.0,42356522.0,13688.0,0.0,451.0,1100.0
CHL,Chile,IND,CR-,CR/LFINF/CDN+ERL/H:>2/IND:2,TOTAL,268.0,162926642.0,54308881.0,0.0,148115.0,217235524.0,70199.0,0.0,553.0,1100.0
CHL,Chile,IND,CR-,CR/LFINF/CDN+ERL/H:>2/IND:3,TOTAL,38.0,20136699.0,6712232.0,0.0,18306.0,26848928.0,8676.0,0.0,482.0,1100.0
CHL,Chile,IND,CR-,CR/LFINF/CDN+ERL/H:>2/IND:6,TOTAL,239.0,127810229.0,42603409.0,0.0,116191.0,170413636.0,55069.0,0.0,486.0,1100.0
CHL,Chile,COM,CR-,CR/LFINF/CDN+ERL/H:>9/COM:3,TOTAL,16.0,116790299.0,20610054.0,0.0,77860.0,137400353.0,38445.0,0.0,4866.0,1500.0
CHL,Chile,COM,CR-,CR/LFINF/CDN+ERL/H:>9/COM:3C,TOTAL,1.0,631083.0,111368.0,0.0,421.0,742451.0,208.0,0.0,421.0,1499.0
CHL,Chile,COM,CR+,CR/LFM/CDH+ERH/H:1/COM:1,TOTAL,604.0,661031355.0,116652597.0,0.0,440688.0,777683956.0,215985.0,0.0,730.0,1500.0
CHL,Chile,COM,CR+,CR/LFM/CDH+ERH/H:1/COM:2,TOTAL,718.0,681917419.0,120338370.0,0.0,454612.0,802255792.0,222809.0,0.0,633.0,1500.0
CHL,Chile,COM,CR+,CR/LFM/CDH+ERH/H:1/COM:3,TOTAL,1930.0,453119728.0,79962302.0,0.0,302080.0,533082034.0,148052.0,0.0,157.0,1500.0
CHL,Chile,COM,CR+,CR/LFM/CDH+ERH/H:1/COM:3B,TOTAL,608.0,639405746.0,112836304.0,0.0,426270.0,752242052.0,208919.0,0.0,701.0,1500.0
CHL,Chile,COM,CR+,CR/LFM/CDH+ERH/H:1/COM:3C,TOTAL,25.0,46363760.0,8181838.0,0.0,30909.0,54545599.0,15149.0,0.0,1236.0,1500.0
CHL,Chile,COM,CR+,CR/LFM/CDH+ERH/H:1/COM:5,TOTAL,38.0,83732555.0,14776333.0,0.0,55822.0,98508886.0,27359.0,0.0,1469.0,1500.0
CHL,Chile,COM,CR+,CR/LFM/CDH+ERH/H:1/COM:5A,TOTAL,60.0,58482750.0,10320486.0,0.0,38989.0,68803233.0,19109.0,0.0,650.0,1500.0
CHL,Chile,COM,CR+,CR/LFM/CDH+ERH/H:1/COM:5B,TOTAL,15.0,22096171.0,3899323.0,0.0,14731.0,25995495.0,7220.0,0.0,982.0,1500.0
CHL,Chile,IND,CR+,CR/LFM/CDH+ERH/H:1/IND:1,TOTAL,84.0,79695403.0,26565134.0,0.0,72450.0,106260536.0,34272.0,0.0,862.0,1100.0
CHL,Chile,IND,CR+,CR/LFM/CDH+ERH/H:1/IND:2,TOTAL,444.0,469696386.0,156565460.0,0.0,426997.0,626261857.0,201985.0,0.0,962.0,1100.0
CHL,Chile,IND,CR+,CR/LFM/CDH+ERH/H:1/IND:3,TOTAL,29.0,13693077.0,4564358.0,0.0,12448.0,18257434.0,5889.0,0.0,429.0,1100.0
CHL,Chile,IND,CR+,CR/LFM/CDH+ERH/H:1/IND:4,TOTAL,6.0,24659953.0,8219984.0,0.0,22418.0,32879938.0,10605.0,0.0,3736.0,1100.0
CHL,Chile,IND,CR+,CR/LFM/CDH+ERH/H:1/IND:6,TOTAL,318.0,329881622.0,109960536.0,0.0,299892.0,439842167.0,141860.0,0.0,943.0,1100.0
CHL,Chile,COM,CR+,CR/LFM/CDH+ERH/H:2/COM:1,TOTAL,434.0,576604006.0,101753647.0,0.0,384403.0,678357654.0,188555.0,0.0,886.0,1500.0
CHL,Chile,COM,CR+,CR/LFM/CDH+ERH/H:2/COM:2,TOTAL,979.0,763095428.0,134663895.0,0.0,508730.0,897759327.0,249540.0,0.0,520.0,1500.0
CHL,Chile,COM,CR+,CR/LFM/CDH+ERH/H:2/COM:3,TOTAL,1040.0,467290685.0,82463067.0,0.0,311527.0,549753759.0,152809.0,0.0,300.0,1500.0
CHL,Chile,COM,CR+,CR/LFM/CDH+ERH/H:2/COM:3B,TOTAL,385.0,638526422.0,112681131.0,0.0,425684.0,751207558.0,208804.0,0.0,1106.0,1500.0
CHL,Chile,COM,CR+,CR/LFM/CDH+ERH/H:2/COM:3C,TOTAL,29.0,31293017.0,5522298.0,0.0,20862.0,36815314.0,10233.0,0.0,719.0,1500.0
CHL,Chile,COM,CR+,CR/LFM/CDH+ERH/H:2/COM:5,TOTAL,49.0,47950210.0,8461802.0,0.0,31967.0,56412015.0,15680.0,0.0,652.0,1500.0
CHL,Chile,COM,CR+,CR/LFM/CDH+ERH/H:2/COM:5A,TOTAL,47.0,87118098.0,15373783.0,0.0,58079.0,102491877.0,28488.0,0.0,1236.0,1500.0
CHL,Chile,COM,CR+,CR/LFM/CDH+ERH/H:2/COM:5B,TOTAL,24.0,19793541.0,3492977.0,0.0,13196.0,23286520.0,6473.0,0.0,550.0,1500.0
CHL,Chile,IND,CR+,CR/LFM/CDH+ERH/H:2/IND:1,TOTAL,78.0,65786648.0,21928881.0,0.0,59806.0,87715531.0,28318.0,0.0,767.0,1100.0
CHL,Chile,IND,CR+,CR/LFM/CDH+ERH/H:2/IND:2,TOTAL,395.0,299009002.0,99669668.0,0.0,271826.0,398678669.0,128708.0,0.0,688.0,1100.0
CHL,Chile,IND,CR+,CR/LFM/CDH+ERH/H:2/IND:3,TOTAL,35.0,35109806.0,11703269.0,0.0,31918.0,46813072.0,15113.0,0.0,912.0,1100.0
CHL,Chile,IND,CR+,CR/LFM/CDH+ERH/H:2/IND:4,TOTAL,3.0,353906.0,117969.0,0.0,322.0,471875.0,152.0,0.0,107.0,1099.0
CHL,Chile,IND,CR+,CR/LFM/CDH+ERH/H:2/IND:6,TOTAL,289.0,267194224.0,89064745.0,0.0,242904.0,356258960.0,115014.0,0.0,840.0,1100.0
CHL,Chile,COM,CR+,CR/LFM/CDH+ERH/H:3/COM:1,TOTAL,1304.0,4297143031.0,758319360.0,0.0,2864762.0,5055462391.0,1406370.0,0.0,2197.0,1500.0
CHL,Chile,COM,CR+,CR/LFM/CDH+ERH/H:3/COM:2,TOTAL,5113.0,5756424194.0,1015839563.0,0.0,3837616.0,6772263746.0,1883963.0,0.0,751.0,1500.0
CHL,Chile,COM,CR+,CR/LFM/CDH+ERH/H:3/COM:3,TOTAL,2397.0,3243795540.0,572434507.0,0.0,2162530.0,3816230047.0,1061630.0,0.0,902.0,1500.0
CHL,Chile,COM,CR+,CR/LFM/CDH+ERH/H:3/COM:3B,TOTAL,1155.0,4097397321.0,723070111.0,0.0,2731598.0,4820467443.0,1340997.0,0.0,2365.0,1500.0
CHL,Chile,COM,CR+,CR/LFM/CDH+ERH/H:3/COM:3C,TOTAL,103.0,88808112.0,15672017.0,0.0,59205.0,104480130.0,29065.0,0.0,575.0,1500.0
CHL,Chile,COM,CR+,CR/LFM/CDH+ERH/H:3/COM:5,TOTAL,234.0,347899485.0,61394025.0,0.0,231933.0,409293516.0,113861.0,0.0,991.0,1500.0
CHL,Chile,COM,CR+,CR/LFM/CDH+ERH/H:3/COM:5A,TOTAL,214.0,313475646.0,55319233.0,0.0,208984.0,368794873.0,102594.0,0.0,977.0,1500.0
CHL,Chile,COM,CR+,CR/LFM/CDH+ERH/H:3/COM:5B,TOTAL,84.0,90468877.0,15965098.0,0.0,60313.0,106433972.0,29609.0,0.0,718.0,1500.0
CHL,Chile,COM,CR+,CR/LFM/CDH+ERH/H:4/COM:3,TOTAL,1802.0,2816490768.0,497027785.0,0.0,1877661.0,3313518555.0,922544.0,0.0,1042.0,1500.0
CHL,Chile,COM,CR+,CR/LFM/CDH+ERH/H:4/COM:3C,TOTAL,181.0,133913038.0,23631714.0,0.0,89275.0,157544751.0,43863.0,0.0,493.0,1500.0
CHL,Chile,COM,CR+,CR/LFM/CDH+ERH/H:5/COM:3,TOTAL,842.0,1428121587.0,252021459.0,0.0,952081.0,1680143042.0,468170.0,0.0,1131.0,1500.0
CHL,Chile,COM,CR+,CR/LFM/CDH+ERH/H:5/COM:3C,TOTAL,77.0,46780566.0,8255393.0,0.0,31187.0,55035959.0,15336.0,0.0,405.0,1500.0
CHL,Chile,COM,CR+,CR/LFM/CDH+ERH/H:6/COM:3,TOTAL,486.0,919230507.0,162217150.0,0.0,612820.0,1081447654.0,301593.0,0.0,1261.0,1500.0
CHL,Chile,COM,CR+,CR/LFM/CDH+ERH/H:6/COM:3C,TOTAL,59.0,30753446.0,5427078.0,0.0,20502.0,36180525.0,10090.0,0.0,347.0,1500.0
CHL,Chile,COM,CR+,CR/LFM/CDH+ERH/H:7/COM:3,TOTAL,313.0,660358701.0,116533886.0,0.0,440239.0,776892589.0,216838.0,0.0,1407.0,1500.0
CHL,Chile,COM,CR+,CR/LFM/CDH+ERH/H:7/COM:3C,TOTAL,56.0,31890441.0,5627724.0,0.0,21260.0,37518165.0,10472.0,0.0,380.0,1500.0
CHL,Chile,COM,CR+,CR/LFM/CDH+ERH/H:8/COM:3,TOTAL,228.0,496268503.0,87576793.0,0.0,330846.0,583845302.0,163091.0,0.0,1451.0,1500.0
CHL,Chile,COM,CR+,CR/LFM/CDH+ERH/H:8/COM:3C,TOTAL,42.0,18248661.0,3220352.0,0.0,12166.0,21469013.0,5997.0,0.0,290.0,1500.0
CHL,Chile,COM,CR+,CR/LFM/CDH+ERH/H:9/COM:3,TOTAL,208.0,537766025.0,94899882.0,0.0,358511.0,632665904.0,176874.0,0.0,1724.0,1500.0
CHL,Chile,COM,CR+,CR/LFM/CDH+ERH/H:9/COM:3C,TOTAL,43.0,21677431.0,3825429.0,0.0,14452.0,25502859.0,7130.0,0.0,336.0,1500.0
CHL,Chile,IND,CR+,CR/LFM/CDH+ERH/H:>2/IND:1,TOTAL,1328.0,716331334.0,238777113.0,0.0,651210.0,955108439.0,308642.0,0.0,490.0,1100.0
CHL,Chile,IND,CR+,CR/LFM/CDH+ERH/H:>2/IND:2,TOTAL,6603.0,3525795263.0,1175265087.0,0.0,3205268.0,4701060359.0,1519140.0,0.0,485.0,1100.0
CHL,Chile,IND,CR+,CR/LFM/CDH+ERH/H:>2/IND:3,TOTAL,609.0,403251627.0,134417209.0,0.0,366592.0,537668838.0,173747.0,0.0,602.0,1100.0
CHL,Chile,IND,CR+,CR/LFM/CDH+ERH/H:>2/IND:4,TOTAL,10.0,13493474.0,4497825.0,0.0,12267.0,17991298.0,5814.0,0.0,1227.0,1100.0
CHL,Chile,IND,CR+,CR/LFM/CDH+ERH/H:>2/IND:6,TOTAL,4492.0,2572806571.0,857602187.0,0.0,2338915.0,3430408756.0,1108531.0,0.0,521.0,1100.0
CHL,Chile,COM,CR+,CR/LFM/CDH+ERH/H:>9/COM:3,TOTAL,506.0,2200763998.0,388370118.0,0.0,1467176.0,2589134117.0,724439.0,0.0,2900.0,1500.0
CHL,Chile,COM,CR+,CR/LFM/CDH+ERH/H:>9/COM:3C,TOTAL,126.0,58984258.0,10408986.0,0.0,39323.0,69393246.0,19416.0,0.0,312.0,1500.0
CHL,Chile,COM,CR+,CR/LFM/CDM+ERM/H:1/COM:1,TOTAL,260.0,44368360.0,7829710.0,0.0,29579.0,52198067.0,14497.0,0.0,114.0,1500.0
CHL,Chile,COM,CR+,CR/LFM/CDM+ERM/H:1/COM:2,TOTAL,293.0,58504044.0,10324247.0,0.0,39003.0,68828286.0,19116.0,0.0,133.0,1500.0
CHL,Chile,COM,CR+,CR/LFM/CDM+ERM/H:1/COM:3,TOTAL,265.0,55993408.0,9881192.0,0.0,37329.0,65874597.0,18295.0,0.0,141.0,1500.0
CHL,Chile,COM,CR+,CR/LFM/CDM+ERM/H:1/COM:3B,TOTAL,324.0,53572188.0,9453920.0,0.0,35715.0,63026107.0,17504.0,0.0,110.0,1500.0
CHL,Chile,COM,CR+,CR/LFM/CDM+ERM/H:1/COM:3C,TOTAL,2.0,1650030.0,291182.0,0.0,1100.0,1941212.0,539.0,0.0,550.0,1500.0
CHL,Chile,COM,CR+,CR/LFM/CDM+ERM/H:1/COM:5,TOTAL,12.0,12140877.0,2142507.0,0.0,8094.0,14283382.0,3967.0,0.0,674.0,1500.0
CHL,Chile,COM,CR+,CR/LFM/CDM+ERM/H:1/COM:5A,TOTAL,6.0,3853014.0,679944.0,0.0,2569.0,4532960.0,1259.0,0.0,428.0,1500.0
CHL,Chile,COM,CR+,CR/LFM/CDM+ERM/H:1/COM:5B,TOTAL,2.0,809387.0,142833.0,0.0,540.0,952220.0,264.0,0.0,270.0,1499.0
CHL,Chile,IND,CR+,CR/LFM/CDM+ERM/H:1/IND:1,TOTAL,20.0,13286984.0,4428995.0,0.0,12079.0,17715982.0,5714.0,0.0,604.0,1100.0
CHL,Chile,IND,CR+,CR/LFM/CDM+ERM/H:1/IND:2,TOTAL,103.0,83018170.0,27672722.0,0.0,75471.0,110690896.0,35701.0,0.0,733.0,1100.0
CHL,Chile,IND,CR+,CR/LFM/CDM+ERM/H:1/IND:3,TOTAL,7.0,6654836.0,2218279.0,0.0,6050.0,8873114.0,2862.0,0.0,864.0,1100.0
CHL,Chile,IND,CR+,CR/LFM/CDM+ERM/H:1/IND:6,TOTAL,73.0,62008292.0,20669430.0,0.0,56371.0,82677727.0,26666.0,0.0,772.0,1100.0
CHL,Chile,COM,CR+,CR/LFM/CDM+ERM/H:2/COM:1,TOTAL,178.0,61211419.0,10802013.0,0.0,40808.0,72013437.0,20017.0,0.0,229.0,1500.0
CHL,Chile,COM,CR+,CR/LFM/CDM+ERM/H:2/COM:2,TOTAL,378.0,79905028.0,14100885.0,0.0,53270.0,94005918.0,26130.0,0.0,141.0,1500.0
CHL,Chile,COM,CR+,CR/LFM/CDM+ERM/H:2/COM:3,TOTAL,138.0,52960660.0,9345998.0,0.0,35307.0,62306659.0,17319.0,0.0,256.0,1500.0
CHL,Chile,COM,CR+,CR/LFM/CDM+ERM/H:2/COM:3B,TOTAL,238.0,69712015.0,12302123.0,0.0,46475.0,82014135.0,22797.0,0.0,195.0,1500.0
CHL,Chile,COM,CR+,CR/LFM/CDM+ERM/H:2/COM:5,TOTAL,8.0,7353496.0,1297676.0,0.0,4902.0,8651171.0,2405.0,0.0,613.0,1500.0
CHL,Chile,COM,CR+,CR/LFM/CDM+ERM/H:2/COM:5A,TOTAL,6.0,5213220.0,919979.0,0.0,3475.0,6133199.0,1705.0,0.0,579.0,1500.0
CHL,Chile,COM,CR+,CR/LFM/CDM+ERM/H:2/COM:5B,TOTAL,3.0,4790176.0,845325.0,0.0,3193.0,5635500.0,1566.0,0.0,1064.0,1500.0
CHL,Chile,IND,CR+,CR/LFM/CDM+ERM/H:2/IND:1,TOTAL,13.0,4562501.0,1520833.0,0.0,4148.0,6083335.0,1964.0,0.0,319.0,1100.0
CHL,Chile,IND,CR+,CR/LFM/CDM+ERM/H:2/IND:2,TOTAL,81.0,77163587.0,25721193.0,0.0,70149.0,102884780.0,33215.0,0.0,866.0,1100.0
CHL,Chile,IND,CR+,CR/LFM/CDM+ERM/H:2/IND:3,TOTAL,14.0,6999786.0,2333261.0,0.0,6363.0,9333049.0,3013.0,0.0,454.0,1100.0
CHL,Chile,IND,CR+,CR/LFM/CDM+ERM/H:2/IND:6,TOTAL,42.0,21614645.0,7204882.0,0.0,19650.0,28819534.0,9304.0,0.0,468.0,1100.0
CHL,Chile,COM,CR+,CR/LFM/CDM+ERM/H:3/COM:1,TOTAL,512.0,478839931.0,84501163.0,0.0,319227.0,563341090.0,156715.0,0.0,623.0,1500.0
CHL,Chile,COM,CR+,CR/LFM/CDM+ERM/H:3/COM:2,TOTAL,2074.0,590114543.0,104137856.0,0.0,393410.0,694252405.0,193133.0,0.0,190.0,1500.0
CHL,Chile,COM,CR+,CR/LFM/CDM+ERM/H:3/COM:3,TOTAL,312.0,303453850.0,53550683.0,0.0,202303.0,357004528.0,99315.0,0.0,648.0,1500.0
CHL,Chile,COM,CR+,CR/LFM/CDM+ERM/H:3/COM:3B,TOTAL,606.0,520476946.0,91848873.0,0.0,346985.0,612325819.0,170342.0,0.0,573.0,1500.0
CHL,Chile,COM,CR+,CR/LFM/CDM+ERM/H:3/COM:3C,TOTAL,8.0,4245583.0,749219.0,0.0,2830.0,4994803.0,1390.0,0.0,354.0,1500.0
CHL,Chile,COM,CR+,CR/LFM/CDM+ERM/H:3/COM:5,TOTAL,34.0,45641114.0,8054313.0,0.0,30427.0,53695427.0,14937.0,0.0,895.0,1500.0
CHL,Chile,COM,CR+,CR/LFM/CDM+ERM/H:3/COM:5A,TOTAL,30.0,52387970.0,9244934.0,0.0,34925.0,61632905.0,17146.0,0.0,1164.0,1500.0
CHL,Chile,COM,CR+,CR/LFM/CDM+ERM/H:3/COM:5B,TOTAL,25.0,31863795.0,5623023.0,0.0,21243.0,37486816.0,10428.0,0.0,850.0,1500.0
CHL,Chile,COM,CR+,CR/LFM/CDM+ERM/H:4/COM:3,TOTAL,267.0,379112698.0,66902244.0,0.0,252742.0,446014934.0,124179.0,0.0,947.0,1500.0
CHL,Chile,COM,CR+,CR/LFM/CDM+ERM/H:4/COM:3C,TOTAL,18.0,12268860.0,2165093.0,0.0,8179.0,14433952.0,4019.0,0.0,454.0,1500.0
CHL,Chile,COM,CR+,CR/LFM/CDM+ERM/H:5/COM:3,TOTAL,140.0,218291640.0,38522051.0,0.0,145528.0,256813691.0,71561.0,0.0,1039.0,1500.0
CHL,Chile,COM,CR+,CR/LFM/CDM+ERM/H:5/COM:3C,TOTAL,12.0,5793824.0,1022439.0,0.0,3863.0,6816263.0,1899.0,0.0,322.0,1500.0
CHL,Chile,COM,CR+,CR/LFM/CDM+ERM/H:6/COM:3,TOTAL,94.0,167869843.0,29624091.0,0.0,111913.0,197493931.0,55077.0,0.0,1191.0,1500.0
CHL,Chile,COM,CR+,CR/LFM/CDM+ERM/H:6/COM:3C,TOTAL,5.0,2731264.0,481987.0,0.0,1821.0,3213251.0,896.0,0.0,364.0,1500.0
CHL,Chile,COM,CR+,CR/LFM/CDM+ERM/H:7/COM:3,TOTAL,76.0,143611094.0,25343132.0,0.0,95741.0,168954225.0,47157.0,0.0,1260.0,1500.0
CHL,Chile,COM,CR+,CR/LFM/CDM+ERM/H:7/COM:3C,TOTAL,8.0,3057562.0,539570.0,0.0,2038.0,3597132.0,1004.0,0.0,255.0,1500.0
CHL,Chile,COM,CR+,CR/LFM/CDM+ERM/H:8/COM:3,TOTAL,50.0,100352843.0,17709325.0,0.0,66902.0,118062167.0,32979.0,0.0,1338.0,1500.0
CHL,Chile,COM,CR+,CR/LFM/CDM+ERM/H:8/COM:3C,TOTAL,9.0,3028424.0,534427.0,0.0,2019.0,3562852.0,995.0,0.0,224.0,1500.0
CHL,Chile,COM,CR+,CR/LFM/CDM+ERM/H:9/COM:3,TOTAL,44.0,118750579.0,20955986.0,0.0,79167.0,139706564.0,39058.0,0.0,1799.0,1500.0
CHL,Chile,COM,CR+,CR/LFM/CDM+ERM/H:9/COM:3C,TOTAL,2.0,560623.0,98933.0,0.0,374.0,659556.0,184.0,0.0,187.0,1499.0
CHL,Chile,IND,CR+,CR/LFM/CDM+ERM/H:>2/IND:1,TOTAL,292.0,89406470.0,29802155.0,0.0,81279.0,119208625.0,38522.0,0.0,278.0,1100.0
CHL,Chile,IND,CR+,CR/LFM/CDM+ERM/H:>2/IND:2,TOTAL,1512.0,494912195.0,164970731.0,0.0,449920.0,659882928.0,213240.0,0.0,298.0,1100.0
CHL,Chile,IND,CR+,CR/LFM/CDM+ERM/H:>2/IND:3,TOTAL,145.0,43662753.0,14554249.0,0.0,39693.0,58217005.0,18813.0,0.0,274.0,1100.0
CHL,Chile,IND,CR+,CR/LFM/CDM+ERM/H:>2/IND:4,TOTAL,1.0,74137.0,24712.0,0.0,67.0,98849.0,32.0,0.0,67.0,1107.0
CHL,Chile,IND,CR+,CR/LFM/CDM+ERM/H:>2/IND:6,TOTAL,1028.0,321253831.0,107084604.0,0.0,292049.0,428338443.0,138417.0,0.0,284.0,1100.0
CHL,Chile,COM,CR+,CR/LFM/CDM+ERM/H:>9/COM:3,TOTAL,100.0,376607680.0,66460180.0,0.0,251072.0,443067857.0,123970.0,0.0,2511.0,1500.0
CHL,Chile,COM,CR+,CR/LFM/CDM+ERM/H:>9/COM:3C,TOTAL,13.0,8462946.0,1493461.0,0.0,5642.0,9956408.0,2786.0,0.0,434.0,1500.0
CHL,Chile,RES,CR-,CR/LWAL/CDL+ERH/H:1/RES,RURAL,23234.0,2811260041.0,496104713.0,50955.0,2555691.0,3307364761.0,1082660.0,23234.0,110.0,1100.0
CHL,Chile,RES,CR-,CR/LWAL/CDL+ERH/H:1/RES,URBAN,99471.0,13130893338.0,2317216477.0,245768.0,10942411.0,15448109797.0,4635499.0,99476.0,110.0,1200.0
CHL,Chile,RES,CR-,CR/LWAL/CDL+ERH/H:2/RES,URBAN,49454.0,13123626689.0,2315934124.0,255525.0,10936356.0,15439560818.0,4636462.0,99421.0,221.0,1200.0
CHL,Chile,RES,CR-,CR/LWAL/CDL+ERH/H:2/RES,RURAL,5065.0,1272281100.0,224520194.0,24193.0,1156619.0,1496801288.0,490349.0,10515.0,228.0,1100.0
CHL,Chile,RES,CR-,CR/LWAL/CDL+ERH/H:3/RES,RURAL,6639.0,2479239791.0,437512910.0,47474.0,2253854.0,2916752676.0,956248.0,20490.0,339.0,1100.0
CHL,Chile,RES,CR-,CR/LWAL/CDL+ERH/H:3/RES,URBAN,192278.0,76320537492.0,13468330148.0,1503824.0,63600448.0,89788867630.0,26983887.0,578186.0,331.0,1200.0
CHL,Chile,RES,CR-,CR/LWAL/CDL+ERH/H:4/RES,RURAL,17.0,19678558.0,3472687.0,443.0,17890.0,23151245.0,7596.0,163.0,1052.0,1100.0
CHL,Chile,RES,CR-,CR/LWAL/CDL+ERH/H:4/RES,URBAN,26679.0,28234895582.0,4982628629.0,503732.0,23529080.0,33217524217.0,9990320.0,213901.0,882.0,1200.0
CHL,Chile,RES,CR-,CR/LWAL/CDL+ERH/H:5/RES,RURAL,14.0,34631955.0,6111522.0,771.0,31484.0,40743475.0,13378.0,286.0,2249.0,1100.0
CHL,Chile,RES,CR-,CR/LWAL/CDL+ERH/H:5/RES,URBAN,6499.0,17581209425.0,3102566367.0,303027.0,14651008.0,20683775803.0,6225465.0,133191.0,2254.0,1200.0
CHL,Chile,RES,CR-,CR/LWAL/CDL+ERH/H:6/RES,RURAL,4.0,12553011.0,2215237.0,280.0,11412.0,14768249.0,4853.0,104.0,2853.0,1100.0
CHL,Chile,RES,CR-,CR/LWAL/CDL+ERH/H:6/RES,URBAN,3446.0,11329012819.0,1999237556.0,184078.0,9440844.0,13328250379.0,4014623.0,85826.0,2740.0,1200.0
CHL,Chile,RES,CR-,CR/LWAL/CDL+ERH/H:7/RES,URBAN,2170.0,8300943917.0,1464872452.0,130603.0,6917453.0,9765816378.0,2943808.0,62886.0,3188.0,1200.0
CHL,Chile,RES,CR-,CR/LWAL/CDL+ERH/H:8/RES,URBAN,1369.0,6006814751.0,1060026130.0,93004.0,5005679.0,7066840882.0,2131844.0,45506.0,3656.0,1200.0
CHL,Chile,RES,CR-,CR/LWAL/CDL+ERH/H:9/RES,URBAN,1039.0,5199657281.0,917586580.0,79040.0,4333048.0,6117243858.0,1846778.0,39391.0,4170.0,1200.0
CHL,Chile,RES,CR-,CR/LWAL/CDL+ERH/H:>9/RES,RURAL,2.0,11880665.0,2096588.0,295.0,10801.0,13977253.0,4607.0,98.0,5400.0,1100.0
CHL,Chile,RES,CR-,CR/LWAL/CDL+ERH/H:>9/RES,URBAN,3417.0,18448782326.0,3255667470.0,278336.0,15373985.0,21704449798.0,6557470.0,139764.0,4499.0,1200.0
CHL,Chile,RES,CR-,CR/LWAL/CDL+ERL/H:1/RES,URBAN,6459.0,852729369.0,150481663.0,15662.0,710608.0,1003211023.0,301033.0,6460.0,110.0,1200.0
CHL,Chile,RES,CR-,CR/LWAL/CDL+ERL/H:1/RES,RURAL,3817.0,461824022.0,81498345.0,7909.0,419840.0,543322376.0,177856.0,3817.0,110.0,1100.0
CHL,Chile,RES,CR-,CR/LWAL/CDL+ERL/H:2/RES,RURAL,686.0,170862051.0,30152118.0,3027.0,155329.0,201014171.0,65852.0,1412.0,226.0,1100.0
CHL,Chile,RES,CR-,CR/LWAL/CDL+ERL/H:2/RES,URBAN,3159.0,852464330.0,150434886.0,15978.0,710387.0,1002899214.0,301169.0,6458.0,225.0,1200.0
CHL,Chile,RES,CR-,CR/LWAL/CDL+ERL/H:3/RES,RURAL,936.0,348394697.0,61481415.0,6383.0,316722.0,409876090.0,134377.0,2879.0,338.0,1100.0
CHL,Chile,RES,CR-,CR/LWAL/CDL+ERL/H:3/RES,URBAN,13933.0,5569231957.0,982805644.0,113016.0,4641027.0,6552037598.0,1969058.0,42191.0,333.0,1200.0
CHL,Chile,RES,CR-,CR/LWAL/CDL+ERL/H:4/RES,URBAN,1897.0,2026622079.0,357639192.0,35830.0,1688852.0,2384261268.0,717077.0,15353.0,890.0,1200.0
CHL,Chile,RES,CR-,CR/LWAL/CDL+ERL/H:5/RES,URBAN,1039.0,2833597109.0,500046549.0,47439.0,2361331.0,3333643659.0,1003370.0,21467.0,2273.0,1200.0
CHL,Chile,RES,CR-,CR/LWAL/CDL+ERL/H:6/RES,URBAN,627.0,2045479588.0,360966985.0,32805.0,1704566.0,2406446572.0,724850.0,15496.0,2719.0,1200.0
CHL,Chile,RES,CR-,CR/LWAL/CDL+ERL/H:7/RES,URBAN,418.0,1604034874.0,283064977.0,25142.0,1336696.0,1887099850.0,568848.0,12152.0,3198.0,1200.0
CHL,Chile,RES,CR-,CR/LWAL/CDL+ERL/H:8/RES,URBAN,273.0,1220792816.0,215434024.0,18642.0,1017327.0,1436226841.0,433265.0,9248.0,3726.0,1200.0
CHL,Chile,RES,CR-,CR/LWAL/CDL+ERL/H:9/RES,URBAN,195.0,944554655.0,166686117.0,13859.0,787129.0,1111240773.0,335480.0,7156.0,4037.0,1200.0
CHL,Chile,RES,CR-,CR/LWAL/CDL+ERL/H:>9/RES,URBAN,504.0,2772520706.0,489268360.0,41175.0,2310434.0,3261789067.0,985470.0,21004.0,4584.0,1200.0
CHL,Chile,RES,CR-,CR/LWAL/CDL+ERM/H:1/RES,URBAN,10850.0,1432602414.0,252812198.0,26769.0,1193835.0,1685414606.0,505741.0,10853.0,110.0,1200.0
CHL,Chile,RES,CR-,CR/LWAL/CDL+ERM/H:1/RES,RURAL,5430.0,657003348.0,115941762.0,11282.0,597276.0,772945111.0,253023.0,5430.0,110.0,1100.0
CHL,Chile,RES,CR-,CR/LWAL/CDL+ERM/H:2/RES,RURAL,1124.0,277295748.0,48934542.0,4920.0,252087.0,326230278.0,106873.0,2292.0,224.0,1100.0
CHL,Chile,RES,CR-,CR/LWAL/CDL+ERM/H:2/RES,URBAN,5498.0,1466877287.0,258860704.0,28029.0,1222398.0,1725737988.0,518235.0,11113.0,222.0,1200.0
CHL,Chile,RES,CR-,CR/LWAL/CDL+ERM/H:3/RES,URBAN,25137.0,10000304049.0,1764759544.0,210761.0,8333587.0,11765063588.0,3535708.0,75760.0,332.0,1200.0
CHL,Chile,RES,CR-,CR/LWAL/CDL+ERM/H:3/RES,RURAL,1538.0,567754811.0,100192016.0,10493.0,516141.0,667946821.0,218985.0,4692.0,336.0,1100.0
CHL,Chile,RES,CR-,CR/LWAL/CDL+ERM/H:4/RES,RURAL,4.0,4054039.0,715419.0,96.0,3685.0,4769458.0,1565.0,34.0,921.0,1100.0
CHL,Chile,RES,CR-,CR/LWAL/CDL+ERM/H:4/RES,URBAN,2867.0,3043734569.0,537129629.0,58224.0,2536445.0,3580864200.0,1076961.0,23059.0,885.0,1200.0
CHL,Chile,RES,CR-,CR/LWAL/CDL+ERM/H:5/RES,URBAN,1209.0,3288942109.0,580401549.0,60893.0,2740785.0,3869343657.0,1164607.0,24916.0,2267.0,1200.0
CHL,Chile,RES,CR-,CR/LWAL/CDL+ERM/H:5/RES,RURAL,4.0,9006440.0,1589372.0,211.0,8188.0,10595812.0,3479.0,74.0,2047.0,1100.0
CHL,Chile,RES,CR-,CR/LWAL/CDL+ERM/H:6/RES,RURAL,2.0,3714912.0,655573.0,83.0,3377.0,4370485.0,1436.0,31.0,1688.0,1100.0
CHL,Chile,RES,CR-,CR/LWAL/CDL+ERM/H:6/RES,URBAN,596.0,1967714303.0,347243699.0,34503.0,1639762.0,2314958004.0,697292.0,14907.0,2751.0,1200.0
CHL,Chile,RES,CR-,CR/LWAL/CDL+ERM/H:7/RES,URBAN,374.0,1402961689.0,247581476.0,23833.0,1169135.0,1650543160.0,497540.0,10628.0,3126.0,1200.0
CHL,Chile,RES,CR-,CR/LWAL/CDL+ERM/H:8/RES,URBAN,247.0,1081278109.0,190813784.0,18211.0,901065.0,1272091892.0,383750.0,8192.0,3648.0,1200.0
CHL,Chile,RES,CR-,CR/LWAL/CDL+ERM/H:9/RES,URBAN,179.0,887653089.0,156644662.0,14826.0,739711.0,1044297750.0,315270.0,6725.0,4132.0,1200.0
CHL,Chile,RES,CR-,CR/LWAL/CDL+ERM/H:>9/RES,URBAN,525.0,2851659265.0,503233989.0,50364.0,2376383.0,3354893255.0,1013599.0,21603.0,4526.0,1200.0
CHL,Chile,RES,CR-,CR/LWAL/CDL+ERM/H:>9/RES,RURAL,1.0,3470756.0,612486.0,86.0,3155.0,4083242.0,1346.0,29.0,3155.0,1100.0
CHL,Chile,RES,OT,INF/LN/CDN+ERL/H:1/RES,URBAN,9689.0,218003107.0,54500773.0,25357.0,484451.0,272503878.0,50461.0,9689.0,50.0,450.0
CHL,Chile,RES,OT,INF/LN/CDN+ERL/H:1/RES,RURAL,2920.0,52566068.0,13141518.0,6863.0,146017.0,65707598.0,15210.0,2920.0,50.0,360.0
CHL,Chile,COM,MR|MCF,MCF/LWAL/CDH+ERH/H:1/COM:1,TOTAL,1829.0,299709687.0,52889946.0,0.0,230546.0,352599625.0,112993.0,0.0,126.0,1300.0
CHL,Chile,COM,MR|MCF,MCF/LWAL/CDH+ERH/H:1/COM:2,TOTAL,1742.0,265309914.0,46819400.0,0.0,204085.0,312129307.0,100024.0,0.0,117.0,1300.0
CHL,Chile,COM,MR|MCF,MCF/LWAL/CDH+ERH/H:1/COM:3,TOTAL,1819.0,282104342.0,49783111.0,0.0,217003.0,331887465.0,106356.0,0.0,119.0,1300.0
CHL,Chile,COM,MR|MCF,MCF/LWAL/CDH+ERH/H:1/COM:3B,TOTAL,2129.0,295561328.0,52157885.0,0.0,227355.0,347719204.0,111429.0,0.0,107.0,1300.0
CHL,Chile,COM,MR|MCF,MCF/LWAL/CDH+ERH/H:1/COM:3C,TOTAL,110.0,27862707.0,4916952.0,0.0,21433.0,32779656.0,10505.0,0.0,195.0,1300.0
CHL,Chile,COM,MR|MCF,MCF/LWAL/CDH+ERH/H:1/COM:5,TOTAL,114.0,28510366.0,5031240.0,0.0,21931.0,33541603.0,10749.0,0.0,192.0,1300.0
CHL,Chile,COM,MR|MCF,MCF/LWAL/CDH+ERH/H:1/COM:5A,TOTAL,87.0,22588821.0,3986263.0,0.0,17376.0,26575084.0,8516.0,0.0,200.0,1300.0
CHL,Chile,COM,MR|MCF,MCF/LWAL/CDH+ERH/H:1/COM:5B,TOTAL,48.0,11180340.0,1973001.0,0.0,8600.0,13153341.0,4215.0,0.0,179.0,1300.0
CHL,Chile,IND,MR|MCF,MCF/LWAL/CDH+ERH/H:1/IND:1,TOTAL,97.0,16620275.0,5540092.0,0.0,15829.0,22160372.0,7488.0,0.0,163.0,1050.0
CHL,Chile,IND,MR|MCF,MCF/LWAL/CDH+ERH/H:1/IND:2,TOTAL,491.0,81404937.0,27134977.0,0.0,77529.0,108539914.0,36674.0,0.0,158.0,1050.0
CHL,Chile,IND,MR|MCF,MCF/LWAL/CDH+ERH/H:1/IND:3,TOTAL,39.0,5181793.0,1727264.0,0.0,4935.0,6909057.0,2335.0,0.0,127.0,1050.0
CHL,Chile,IND,MR|MCF,MCF/LWAL/CDH+ERH/H:1/IND:4,TOTAL,2.0,551236.0,183745.0,0.0,525.0,734981.0,248.0,0.0,262.0,1050.0
CHL,Chile,IND,MR|MCF,MCF/LWAL/CDH+ERH/H:1/IND:6,TOTAL,294.0,41368528.0,13789507.0,0.0,39399.0,55158036.0,18637.0,0.0,134.0,1050.0
CHL,Chile,RES,MR|MCF,MCF/LWAL/CDH+ERH/H:1/RES,RURAL,87185.0,5231350809.0,923179549.0,193740.0,5231351.0,6154530365.0,1906509.0,87189.0,60.0,1000.0
CHL,Chile,RES,MR|MCF,MCF/LWAL/CDH+ERH/H:1/RES,URBAN,173555.0,11463796728.0,2023022953.0,424242.0,10421633.0,13486819680.0,3798051.0,173694.0,60.0,1100.0
CHL,Chile,COM,MR|MCF,MCF/LWAL/CDH+ERH/H:2/COM:1,TOTAL,846.0,198524660.0,35033763.0,0.0,152711.0,233558424.0,74908.0,0.0,181.0,1300.0
CHL,Chile,COM,MR|MCF,MCF/LWAL/CDH+ERH/H:2/COM:2,TOTAL,1290.0,171668837.0,30294499.0,0.0,132053.0,201963333.0,64774.0,0.0,102.0,1300.0
CHL,Chile,COM,MR|MCF,MCF/LWAL/CDH+ERH/H:2/COM:3,TOTAL,900.0,228568173.0,40335558.0,0.0,175822.0,268903739.0,86244.0,0.0,195.0,1300.0
CHL,Chile,COM,MR|MCF,MCF/LWAL/CDH+ERH/H:2/COM:3B,TOTAL,914.0,188077102.0,33190070.0,0.0,144675.0,221267173.0,70966.0,0.0,158.0,1300.0
CHL,Chile,COM,MR|MCF,MCF/LWAL/CDH+ERH/H:2/COM:3C,TOTAL,59.0,10557338.0,1863059.0,0.0,8121.0,12420400.0,3984.0,0.0,138.0,1300.0
CHL,Chile,COM,MR|MCF,MCF/LWAL/CDH+ERH/H:2/COM:5,TOTAL,80.0,16428581.0,2899165.0,0.0,12637.0,19327744.0,6199.0,0.0,158.0,1300.0
CHL,Chile,COM,MR|MCF,MCF/LWAL/CDH+ERH/H:2/COM:5A,TOTAL,57.0,18053541.0,3185919.0,0.0,13887.0,21239462.0,6812.0,0.0,244.0,1300.0
CHL,Chile,COM,MR|MCF,MCF/LWAL/CDH+ERH/H:2/COM:5B,TOTAL,33.0,7259642.0,1281110.0,0.0,5584.0,8540754.0,2739.0,0.0,169.0,1300.0
CHL,Chile,IND,MR|MCF,MCF/LWAL/CDH+ERH/H:2/IND:1,TOTAL,56.0,8204930.0,2734976.0,0.0,7814.0,10939905.0,3700.0,0.0,140.0,1050.0
CHL,Chile,IND,MR|MCF,MCF/LWAL/CDH+ERH/H:2/IND:2,TOTAL,309.0,57831966.0,19277320.0,0.0,55078.0,77109285.0,26079.0,0.0,178.0,1050.0
CHL,Chile,IND,MR|MCF,MCF/LWAL/CDH+ERH/H:2/IND:3,TOTAL,39.0,4808687.0,1602896.0,0.0,4580.0,6411581.0,2169.0,0.0,117.0,1050.0
CHL,Chile,IND,MR|MCF,MCF/LWAL/CDH+ERH/H:2/IND:6,TOTAL,199.0,31871213.0,10623735.0,0.0,30354.0,42494945.0,14372.0,0.0,153.0,1050.0
CHL,Chile,RES,MR|MCF,MCF/LWAL/CDH+ERH/H:2/RES,URBAN,73031.0,9713296332.0,1714111112.0,377953.0,8830269.0,11427407455.0,3220462.0,147171.0,121.0,1100.0
CHL,Chile,RES,MR|MCF,MCF/LWAL/CDH+ERH/H:2/RES,RURAL,14917.0,1815431027.0,320370177.0,69884.0,1815431.0,2135801188.0,662101.0,30257.0,122.0,1000.0
CHL,Chile,COM,MR|MCF,MCF/LWAL/CDH+ERH/H:3/COM:1,TOTAL,1601.0,805081444.0,142073197.0,0.0,619293.0,947154644.0,304024.0,0.0,387.0,1300.0
CHL,Chile,COM,MR|MCF,MCF/LWAL/CDH+ERH/H:3/COM:2,TOTAL,4795.0,781826996.0,137969474.0,0.0,601405.0,919796469.0,295243.0,0.0,125.0,1300.0
CHL,Chile,COM,MR|MCF,MCF/LWAL/CDH+ERH/H:3/COM:3,TOTAL,1904.0,1197102322.0,211253357.0,0.0,920848.0,1408355680.0,452063.0,0.0,484.0,1300.0
CHL,Chile,COM,MR|MCF,MCF/LWAL/CDH+ERH/H:3/COM:3B,TOTAL,1778.0,872052149.0,153891556.0,0.0,670809.0,1025943709.0,329314.0,0.0,377.0,1300.0
CHL,Chile,COM,MR|MCF,MCF/LWAL/CDH+ERH/H:3/COM:3C,TOTAL,156.0,38040079.0,6712957.0,0.0,29262.0,44753036.0,14365.0,0.0,188.0,1300.0
CHL,Chile,COM,MR|MCF,MCF/LWAL/CDH+ERH/H:3/COM:5,TOTAL,343.0,85516599.0,15091161.0,0.0,65782.0,100607761.0,32294.0,0.0,192.0,1300.0
CHL,Chile,COM,MR|MCF,MCF/LWAL/CDH+ERH/H:3/COM:5A,TOTAL,112.0,49763512.0,8781794.0,0.0,38280.0,58545312.0,18792.0,0.0,342.0,1300.0
CHL,Chile,COM,MR|MCF,MCF/LWAL/CDH+ERH/H:3/COM:5B,TOTAL,134.0,32428757.0,5722722.0,0.0,24945.0,38151480.0,12246.0,0.0,186.0,1300.0
CHL,Chile,RES,MR|MCF,MCF/LWAL/CDH+ERH/H:3/RES,URBAN,225027.0,44824248671.0,7910161532.0,1885057.0,40749317.0,52734410208.0,14872485.0,679155.0,181.0,1100.0
CHL,Chile,RES,MR|MCF,MCF/LWAL/CDH+ERH/H:3/RES,RURAL,18040.0,3306550464.0,583508896.0,127644.0,3306550.0,3890059375.0,1206809.0,55109.0,183.0,1000.0
CHL,Chile,RES,MR|MCF,MCF/LWAL/CDH+ERH/H:4/RES,RURAL,33.0,16246765.0,2867075.0,700.0,16247.0,19113840.0,5934.0,271.0,492.0,1000.0
CHL,Chile,RES,MR|MCF,MCF/LWAL/CDH+ERH/H:4/RES,URBAN,4470.0,2429812489.0,428790440.0,95042.0,2208920.0,2858602915.0,806793.0,36815.0,494.0,1100.0
CHL,Chile,IND,MR|MCF,MCF/LWAL/CDH+ERH/H:>2/IND:1,TOTAL,496.0,87015771.0,29005256.0,0.0,82872.0,116021025.0,39278.0,0.0,167.0,1050.0
CHL,Chile,IND,MR|MCF,MCF/LWAL/CDH+ERH/H:>2/IND:2,TOTAL,2510.0,442627589.0,147542529.0,0.0,421550.0,590170118.0,199795.0,0.0,168.0,1050.0
CHL,Chile,IND,MR|MCF,MCF/LWAL/CDH+ERH/H:>2/IND:3,TOTAL,226.0,45152420.0,15050807.0,0.0,43002.0,60203227.0,20381.0,0.0,190.0,1050.0
CHL,Chile,IND,MR|MCF,MCF/LWAL/CDH+ERH/H:>2/IND:4,TOTAL,11.0,941226.0,313742.0,0.0,896.0,1254968.0,425.0,0.0,81.0,1050.0
CHL,Chile,IND,MR|MCF,MCF/LWAL/CDH+ERH/H:>2/IND:6,TOTAL,1654.0,285085391.0,95028453.0,0.0,271510.0,380113861.0,128683.0,0.0,164.0,1050.0
CHL,Chile,COM,MR|MCF,MCF/LWAL/CDL+ERL/H:1/COM:1,TOTAL,432.0,69367192.0,12241274.0,0.0,53359.0,81608454.0,26152.0,0.0,124.0,1300.0
CHL,Chile,COM,MR|MCF,MCF/LWAL/CDL+ERL/H:1/COM:2,TOTAL,459.0,69764890.0,12311456.0,0.0,53665.0,82076342.0,26302.0,0.0,117.0,1300.0
CHL,Chile,COM,MR|MCF,MCF/LWAL/CDL+ERL/H:1/COM:3,TOTAL,587.0,135000467.0,23823611.0,0.0,103847.0,158824086.0,50896.0,0.0,177.0,1300.0
CHL,Chile,COM,MR|MCF,MCF/LWAL/CDL+ERL/H:1/COM:3B,TOTAL,515.0,69739317.0,12306939.0,0.0,53646.0,82046258.0,26293.0,0.0,104.0,1300.0
CHL,Chile,COM,MR|MCF,MCF/LWAL/CDL+ERL/H:1/COM:3C,TOTAL,7.0,2029588.0,358163.0,0.0,1561.0,2387751.0,765.0,0.0,223.0,1300.0
CHL,Chile,COM,MR|MCF,MCF/LWAL/CDL+ERL/H:1/COM:5,TOTAL,19.0,6492615.0,1145756.0,0.0,4994.0,7638370.0,2448.0,0.0,263.0,1300.0
CHL,Chile,COM,MR|MCF,MCF/LWAL/CDL+ERL/H:1/COM:5A,TOTAL,11.0,3718705.0,656241.0,0.0,2861.0,4374947.0,1402.0,0.0,260.0,1300.0
CHL,Chile,COM,MR|MCF,MCF/LWAL/CDL+ERL/H:1/COM:5B,TOTAL,7.0,1732458.0,305728.0,0.0,1333.0,2038186.0,653.0,0.0,190.0,1300.0
CHL,Chile,IND,MR|MCF,MCF/LWAL/CDL+ERL/H:1/IND:1,TOTAL,23.0,7686295.0,2562098.0,0.0,7320.0,10248398.0,3463.0,0.0,318.0,1050.0
CHL,Chile,IND,MR|MCF,MCF/LWAL/CDL+ERL/H:1/IND:2,TOTAL,147.0,30462718.0,10154242.0,0.0,29012.0,40616965.0,13724.0,0.0,197.0,1050.0
CHL,Chile,IND,MR|MCF,MCF/LWAL/CDL+ERL/H:1/IND:3,TOTAL,12.0,1812983.0,604327.0,0.0,1727.0,2417310.0,817.0,0.0,144.0,1050.0
CHL,Chile,IND,MR|MCF,MCF/LWAL/CDL+ERL/H:1/IND:4,TOTAL,3.0,178026.0,59342.0,0.0,170.0,237367.0,80.0,0.0,57.0,1047.0
CHL,Chile,IND,MR|MCF,MCF/LWAL/CDL+ERL/H:1/IND:6,TOTAL,119.0,28997038.0,9665683.0,0.0,27616.0,38662714.0,13064.0,0.0,232.0,1050.0
CHL,Chile,RES,MR|MCF,MCF/LWAL/CDL+ERL/H:1/RES,RURAL,10300.0,617999351.0,109058703.0,21262.0,617999.0,727058074.0,225224.0,10300.0,60.0,1000.0
CHL,Chile,RES,MR|MCF,MCF/LWAL/CDL+ERL/H:1/RES,URBAN,17410.0,1150868047.0,203094368.0,41812.0,1046244.0,1353962406.0,381293.0,17437.0,60.0,1100.0
CHL,Chile,COM,MR|MCF,MCF/LWAL/CDL+ERL/H:2/COM:1,TOTAL,214.0,48110601.0,8490113.0,0.0,37008.0,56600712.0,18153.0,0.0,173.0,1300.0
CHL,Chile,COM,MR|MCF,MCF/LWAL/CDL+ERL/H:2/COM:2,TOTAL,336.0,47446177.0,8372856.0,0.0,36497.0,55819028.0,17903.0,0.0,109.0,1300.0
CHL,Chile,COM,MR|MCF,MCF/LWAL/CDL+ERL/H:2/COM:3,TOTAL,280.0,99145147.0,17496196.0,0.0,76265.0,116641355.0,37410.0,0.0,272.0,1300.0
CHL,Chile,COM,MR|MCF,MCF/LWAL/CDL+ERL/H:2/COM:3B,TOTAL,274.0,60609797.0,10695849.0,0.0,46623.0,71305645.0,22870.0,0.0,170.0,1300.0
CHL,Chile,COM,MR|MCF,MCF/LWAL/CDL+ERL/H:2/COM:3C,TOTAL,5.0,1475284.0,260345.0,0.0,1135.0,1735628.0,557.0,0.0,227.0,1300.0
CHL,Chile,COM,MR|MCF,MCF/LWAL/CDL+ERL/H:2/COM:5,TOTAL,14.0,7116010.0,1255766.0,0.0,5474.0,8371777.0,2685.0,0.0,391.0,1300.0
CHL,Chile,COM,MR|MCF,MCF/LWAL/CDL+ERL/H:2/COM:5A,TOTAL,9.0,2482922.0,438161.0,0.0,1910.0,2921086.0,937.0,0.0,212.0,1300.0
CHL,Chile,COM,MR|MCF,MCF/LWAL/CDL+ERL/H:2/COM:5B,TOTAL,7.0,2206395.0,389364.0,0.0,1697.0,2595759.0,833.0,0.0,242.0,1300.0
CHL,Chile,IND,MR|MCF,MCF/LWAL/CDL+ERL/H:2/IND:1,TOTAL,24.0,4436732.0,1478911.0,0.0,4225.0,5915642.0,2001.0,0.0,176.0,1050.0
CHL,Chile,IND,MR|MCF,MCF/LWAL/CDL+ERL/H:2/IND:2,TOTAL,70.0,13785137.0,4595045.0,0.0,13129.0,18380183.0,6217.0,0.0,188.0,1050.0
CHL,Chile,IND,MR|MCF,MCF/LWAL/CDL+ERL/H:2/IND:3,TOTAL,9.0,2348212.0,782736.0,0.0,2236.0,3130950.0,1059.0,0.0,248.0,1050.0
CHL,Chile,IND,MR|MCF,MCF/LWAL/CDL+ERL/H:2/IND:6,TOTAL,64.0,18271406.0,6090468.0,0.0,17401.0,24361874.0,8240.0,0.0,272.0,1050.0
CHL,Chile,RES,MR|MCF,MCF/LWAL/CDL+ERL/H:2/RES,URBAN,8862.0,1187042365.0,209478069.0,44354.0,1079129.0,1396520445.0,393567.0,17985.0,122.0,1100.0
CHL,Chile,RES,MR|MCF,MCF/LWAL/CDL+ERL/H:2/RES,RURAL,1753.0,212648580.0,37526191.0,7680.0,212649.0,250174794.0,77555.0,3544.0,121.0,1000.0
CHL,Chile,COM,MR|MCF,MCF/LWAL/CDL+ERL/H:3/COM:1,TOTAL,623.0,398865524.0,70388035.0,0.0,306820.0,469253565.0,150624.0,0.0,492.0,1300.0
CHL,Chile,COM,MR|MCF,MCF/LWAL/CDL+ERL/H:3/COM:2,TOTAL,2113.0,399445347.0,70490360.0,0.0,307266.0,469935698.0,150843.0,0.0,145.0,1300.0
CHL,Chile,COM,MR|MCF,MCF/LWAL/CDL+ERL/H:3/COM:3,TOTAL,827.0,811417361.0,143191303.0,0.0,624167.0,954608660.0,306417.0,0.0,755.0,1300.0
CHL,Chile,COM,MR|MCF,MCF/LWAL/CDL+ERL/H:3/COM:3B,TOTAL,729.0,462971716.0,81700891.0,0.0,356132.0,544672597.0,174833.0,0.0,489.0,1300.0
CHL,Chile,COM,MR|MCF,MCF/LWAL/CDL+ERL/H:3/COM:3C,TOTAL,49.0,14797107.0,2611252.0,0.0,11382.0,17408358.0,5588.0,0.0,232.0,1300.0
CHL,Chile,COM,MR|MCF,MCF/LWAL/CDL+ERL/H:3/COM:5,TOTAL,97.0,36915523.0,6514503.0,0.0,28397.0,43430029.0,13941.0,0.0,293.0,1300.0
CHL,Chile,COM,MR|MCF,MCF/LWAL/CDL+ERL/H:3/COM:5A,TOTAL,20.0,8251402.0,1456131.0,0.0,6347.0,9707533.0,3116.0,0.0,317.0,1300.0
CHL,Chile,COM,MR|MCF,MCF/LWAL/CDL+ERL/H:3/COM:5B,TOTAL,36.0,18742645.0,3307525.0,0.0,14417.0,22050172.0,7078.0,0.0,400.0,1300.0
CHL,Chile,RES,MR|MCF,MCF/LWAL/CDL+ERL/H:3/RES,URBAN,49195.0,9933377011.0,1752948886.0,405159.0,9030343.0,11686325898.0,3295850.0,150506.0,184.0,1100.0
CHL,Chile,RES,MR|MCF,MCF/LWAL/CDL+ERL/H:3/RES,RURAL,2457.0,446566028.0,78805751.0,16802.0,446566.0,525371803.0,162986.0,7443.0,182.0,1000.0
CHL,Chile,RES,MR|MCF,MCF/LWAL/CDL+ERL/H:4/RES,RURAL,2.0,758549.0,133861.0,34.0,759.0,892412.0,277.0,13.0,380.0,999.0
CHL,Chile,RES,MR|MCF,MCF/LWAL/CDL+ERL/H:4/RES,URBAN,1346.0,717840954.0,126677807.0,26321.0,652583.0,844518769.0,238352.0,10876.0,485.0,1100.0
CHL,Chile,IND,MR|MCF,MCF/LWAL/CDL+ERL/H:>2/IND:1,TOTAL,273.0,44303762.0,14767922.0,0.0,42194.0,59071680.0,19998.0,0.0,155.0,1050.0
CHL,Chile,IND,MR|MCF,MCF/LWAL/CDL+ERL/H:>2/IND:2,TOTAL,1409.0,245010381.0,81670127.0,0.0,233343.0,326680506.0,110594.0,0.0,166.0,1050.0
CHL,Chile,IND,MR|MCF,MCF/LWAL/CDL+ERL/H:>2/IND:3,TOTAL,120.0,19745768.0,6581922.0,0.0,18805.0,26327690.0,8913.0,0.0,157.0,1050.0
CHL,Chile,IND,MR|MCF,MCF/LWAL/CDL+ERL/H:>2/IND:4,TOTAL,35.0,4153346.0,1384445.0,0.0,3956.0,5537795.0,1875.0,0.0,113.0,1050.0
CHL,Chile,IND,MR|MCF,MCF/LWAL/CDL+ERL/H:>2/IND:6,TOTAL,1047.0,174647753.0,58215915.0,0.0,166331.0,232863666.0,78833.0,0.0,159.0,1050.0
CHL,Chile,COM,MR|MCF,MCF/LWAL/CDM+ERM/H:1/COM:1,TOTAL,802.0,87515035.0,15443827.0,0.0,67319.0,102958869.0,32994.0,0.0,84.0,1300.0
CHL,Chile,COM,MR|MCF,MCF/LWAL/CDM+ERM/H:1/COM:2,TOTAL,791.0,83899493.0,14805793.0,0.0,64538.0,98705279.0,31631.0,0.0,82.0,1300.0
CHL,Chile,COM,MR|MCF,MCF/LWAL/CDM+ERM/H:1/COM:3,TOTAL,740.0,107874821.0,19036733.0,0.0,82981.0,126911546.0,40670.0,0.0,112.0,1300.0
CHL,Chile,COM,MR|MCF,MCF/LWAL/CDM+ERM/H:1/COM:3B,TOTAL,913.0,87915020.0,15514412.0,0.0,67627.0,103429440.0,33145.0,0.0,74.0,1300.0
CHL,Chile,COM,MR|MCF,MCF/LWAL/CDM+ERM/H:1/COM:3C,TOTAL,15.0,3831794.0,676198.0,0.0,2948.0,4507994.0,1445.0,0.0,197.0,1300.0
CHL,Chile,COM,MR|MCF,MCF/LWAL/CDM+ERM/H:1/COM:5,TOTAL,86.0,30595621.0,5399228.0,0.0,23535.0,35994850.0,11535.0,0.0,274.0,1300.0
CHL,Chile,COM,MR|MCF,MCF/LWAL/CDM+ERM/H:1/COM:5A,TOTAL,28.0,6045510.0,1066853.0,0.0,4650.0,7112364.0,2279.0,0.0,166.0,1300.0
CHL,Chile,COM,MR|MCF,MCF/LWAL/CDM+ERM/H:1/COM:5B,TOTAL,26.0,5724135.0,1010141.0,0.0,4403.0,6734272.0,2158.0,0.0,169.0,1300.0
CHL,Chile,IND,MR|MCF,MCF/LWAL/CDM+ERM/H:1/IND:1,TOTAL,55.0,10352662.0,3450885.0,0.0,9860.0,13803549.0,4664.0,0.0,179.0,1050.0
CHL,Chile,IND,MR|MCF,MCF/LWAL/CDM+ERM/H:1/IND:2,TOTAL,333.0,45982404.0,15327466.0,0.0,43793.0,61309864.0,20716.0,0.0,132.0,1050.0
CHL,Chile,IND,MR|MCF,MCF/LWAL/CDM+ERM/H:1/IND:3,TOTAL,30.0,3444171.0,1148058.0,0.0,3280.0,4592227.0,1552.0,0.0,109.0,1050.0
CHL,Chile,IND,MR|MCF,MCF/LWAL/CDM+ERM/H:1/IND:4,TOTAL,11.0,1546463.0,515487.0,0.0,1473.0,2061950.0,697.0,0.0,134.0,1050.0
CHL,Chile,IND,MR|MCF,MCF/LWAL/CDM+ERM/H:1/IND:6,TOTAL,233.0,33862482.0,11287493.0,0.0,32250.0,45149972.0,15256.0,0.0,138.0,1050.0
CHL,Chile,RES,MR|MCF,MCF/LWAL/CDM+ERM/H:1/RES,RURAL,23463.0,1407921121.0,248456664.0,50895.0,1407921.0,1656377784.0,513102.0,23465.0,60.0,1000.0
CHL,Chile,RES,MR|MCF,MCF/LWAL/CDM+ERM/H:1/RES,URBAN,52873.0,3494240360.0,616630653.0,133388.0,3176582.0,4110871007.0,1157671.0,52943.0,60.0,1100.0
CHL,Chile,COM,MR|MCF,MCF/LWAL/CDM+ERM/H:2/COM:1,TOTAL,377.0,65766437.0,11605841.0,0.0,50590.0,77372284.0,24815.0,0.0,134.0,1300.0
CHL,Chile,COM,MR|MCF,MCF/LWAL/CDM+ERM/H:2/COM:2,TOTAL,633.0,62077320.0,10954819.0,0.0,47752.0,73032140.0,23423.0,0.0,75.0,1300.0
CHL,Chile,COM,MR|MCF,MCF/LWAL/CDM+ERM/H:2/COM:3,TOTAL,357.0,94111633.0,16607938.0,0.0,72394.0,110719562.0,35510.0,0.0,203.0,1300.0
CHL,Chile,COM,MR|MCF,MCF/LWAL/CDM+ERM/H:2/COM:3B,TOTAL,448.0,74496685.0,13146476.0,0.0,57305.0,87643167.0,28109.0,0.0,128.0,1300.0
CHL,Chile,COM,MR|MCF,MCF/LWAL/CDM+ERM/H:2/COM:3C,TOTAL,16.0,4564619.0,805521.0,0.0,3511.0,5370142.0,1722.0,0.0,219.0,1300.0
CHL,Chile,COM,MR|MCF,MCF/LWAL/CDM+ERM/H:2/COM:5,TOTAL,46.0,13347457.0,2355433.0,0.0,10267.0,15702891.0,5036.0,0.0,223.0,1300.0
CHL,Chile,COM,MR|MCF,MCF/LWAL/CDM+ERM/H:2/COM:5A,TOTAL,22.0,5811027.0,1025476.0,0.0,4470.0,6836504.0,2193.0,0.0,203.0,1300.0
CHL,Chile,COM,MR|MCF,MCF/LWAL/CDM+ERM/H:2/COM:5B,TOTAL,19.0,4262496.0,752205.0,0.0,3279.0,5014699.0,1608.0,0.0,173.0,1300.0
CHL,Chile,IND,MR|MCF,MCF/LWAL/CDM+ERM/H:2/IND:1,TOTAL,19.0,2128199.0,709400.0,0.0,2027.0,2837599.0,960.0,0.0,107.0,1050.0
CHL,Chile,IND,MR|MCF,MCF/LWAL/CDM+ERM/H:2/IND:2,TOTAL,204.0,31949705.0,10649900.0,0.0,30428.0,42599600.0,14408.0,0.0,149.0,1050.0
CHL,Chile,IND,MR|MCF,MCF/LWAL/CDM+ERM/H:2/IND:3,TOTAL,25.0,3002275.0,1000757.0,0.0,2859.0,4003030.0,1354.0,0.0,114.0,1050.0
CHL,Chile,IND,MR|MCF,MCF/LWAL/CDM+ERM/H:2/IND:4,TOTAL,8.0,1883209.0,627736.0,0.0,1794.0,2510946.0,849.0,0.0,224.0,1050.0
CHL,Chile,IND,MR|MCF,MCF/LWAL/CDM+ERM/H:2/IND:6,TOTAL,133.0,21185946.0,7061983.0,0.0,20177.0,28247925.0,9554.0,0.0,152.0,1050.0
CHL,Chile,RES,MR|MCF,MCF/LWAL/CDM+ERM/H:2/RES,RURAL,4133.0,505148931.0,89143911.0,19177.0,505149.0,594292855.0,184232.0,8419.0,122.0,1000.0
CHL,Chile,RES,MR|MCF,MCF/LWAL/CDM+ERM/H:2/RES,URBAN,26014.0,3454884637.0,609685540.0,139185.0,3140804.0,4064570176.0,1145474.0,52347.0,121.0,1100.0
CHL,Chile,COM,MR|MCF,MCF/LWAL/CDM+ERM/H:3/COM:1,TOTAL,867.0,366477401.0,64672488.0,0.0,281906.0,431149875.0,138394.0,0.0,325.0,1300.0
CHL,Chile,COM,MR|MCF,MCF/LWAL/CDM+ERM/H:3/COM:2,TOTAL,3192.0,394522549.0,69621626.0,0.0,303479.0,464144169.0,148984.0,0.0,95.0,1300.0
CHL,Chile,COM,MR|MCF,MCF/LWAL/CDM+ERM/H:3/COM:3,TOTAL,895.0,636830616.0,112381877.0,0.0,489870.0,749212495.0,240487.0,0.0,547.0,1300.0
CHL,Chile,COM,MR|MCF,MCF/LWAL/CDM+ERM/H:3/COM:3B,TOTAL,1038.0,433119437.0,76432841.0,0.0,333169.0,509552282.0,163560.0,0.0,321.0,1300.0
CHL,Chile,COM,MR|MCF,MCF/LWAL/CDM+ERM/H:3/COM:3C,TOTAL,68.0,17885837.0,3156324.0,0.0,13758.0,21042164.0,6754.0,0.0,202.0,1300.0
CHL,Chile,COM,MR|MCF,MCF/LWAL/CDM+ERM/H:3/COM:5,TOTAL,241.0,57677067.0,10178304.0,0.0,44367.0,67855373.0,21781.0,0.0,184.0,1300.0
CHL,Chile,COM,MR|MCF,MCF/LWAL/CDM+ERM/H:3/COM:5A,TOTAL,35.0,12442450.0,2195725.0,0.0,9571.0,14638174.0,4699.0,0.0,273.0,1300.0
CHL,Chile,COM,MR|MCF,MCF/LWAL/CDM+ERM/H:3/COM:5B,TOTAL,85.0,21204821.0,3742026.0,0.0,16311.0,24946846.0,8008.0,0.0,192.0,1300.0
CHL,Chile,RES,MR|MCF,MCF/LWAL/CDM+ERM/H:3/RES,RURAL,5522.0,1006811305.0,177672563.0,39184.0,1006811.0,1184483884.0,367462.0,16780.0,182.0,1000.0
CHL,Chile,RES,MR|MCF,MCF/LWAL/CDM+ERM/H:3/RES,URBAN,127242.0,25364117302.0,4476020710.0,1102588.0,23058288.0,29840138011.0,8415701.0,384305.0,181.0,1100.0
CHL,Chile,RES,MR|MCF,MCF/LWAL/CDM+ERM/H:4/RES,RURAL,10.0,4249534.0,749918.0,193.0,4250.0,4999453.0,1552.0,71.0,425.0,1000.0
CHL,Chile,RES,MR|MCF,MCF/LWAL/CDM+ERM/H:4/RES,URBAN,2355.0,1251079794.0,220778787.0,51268.0,1137345.0,1471858575.0,415408.0,18956.0,483.0,1100.0
CHL,Chile,IND,MR|MCF,MCF/LWAL/CDM+ERM/H:>2/IND:1,TOTAL,402.0,50955699.0,16985231.0,0.0,48529.0,67940931.0,23001.0,0.0,121.0,1050.0
CHL,Chile,IND,MR|MCF,MCF/LWAL/CDM+ERM/H:>2/IND:2,TOTAL,2067.0,261047279.0,87015759.0,0.0,248616.0,348063046.0,117832.0,0.0,120.0,1050.0
CHL,Chile,IND,MR|MCF,MCF/LWAL/CDM+ERM/H:>2/IND:3,TOTAL,195.0,24294289.0,8098095.0,0.0,23137.0,32392379.0,10966.0,0.0,119.0,1050.0
CHL,Chile,IND,MR|MCF,MCF/LWAL/CDM+ERM/H:>2/IND:4,TOTAL,77.0,4516561.0,1505520.0,0.0,4301.0,6022081.0,2039.0,0.0,56.0,1050.0
CHL,Chile,IND,MR|MCF,MCF/LWAL/CDM+ERM/H:>2/IND:6,TOTAL,1364.0,174987199.0,58329061.0,0.0,166654.0,233316271.0,78986.0,0.0,122.0,1050.0
CHL,Chile,COM,MR|MCF,MCF/LWAL/CDN+ERL/H:1/COM:1,TOTAL,52.0,16148885.0,2849802.0,0.0,12422.0,18998688.0,6088.0,0.0,239.0,1300.0
CHL,Chile,COM,MR|MCF,MCF/LWAL/CDN+ERL/H:1/COM:2,TOTAL,69.0,19880274.0,3508283.0,0.0,15293.0,23388561.0,7495.0,0.0,222.0,1300.0
CHL,Chile,COM,MR|MCF,MCF/LWAL/CDN+ERL/H:1/COM:3,TOTAL,60.0,28433796.0,5017727.0,0.0,21872.0,33451525.0,10720.0,0.0,365.0,1300.0
CHL,Chile,COM,MR|MCF,MCF/LWAL/CDN+ERL/H:1/COM:3B,TOTAL,76.0,23011886.0,4060923.0,0.0,17701.0,27072806.0,8676.0,0.0,233.0,1300.0
CHL,Chile,COM,MR|MCF,MCF/LWAL/CDN+ERL/H:1/COM:5,TOTAL,2.0,581570.0,102630.0,0.0,447.0,684201.0,219.0,0.0,224.0,1301.0
CHL,Chile,COM,MR|MCF,MCF/LWAL/CDN+ERL/H:1/COM:5A,TOTAL,1.0,383730.0,67717.0,0.0,295.0,451447.0,145.0,0.0,295.0,1301.0
CHL,Chile,IND,MR|MCF,MCF/LWAL/CDN+ERL/H:1/IND:1,TOTAL,3.0,1640837.0,546946.0,0.0,1563.0,2187784.0,739.0,0.0,521.0,1050.0
CHL,Chile,IND,MR|MCF,MCF/LWAL/CDN+ERL/H:1/IND:2,TOTAL,16.0,5339221.0,1779740.0,0.0,5085.0,7118961.0,2405.0,0.0,318.0,1050.0
CHL,Chile,IND,MR|MCF,MCF/LWAL/CDN+ERL/H:1/IND:6,TOTAL,13.0,2341906.0,780636.0,0.0,2230.0,3122539.0,1055.0,0.0,172.0,1050.0
CHL,Chile,RES,MR|MCF,MCF/LWAL/CDN+ERL/H:1/RES,RURAL,1613.0,96778769.0,17078583.0,2990.0,96779.0,113857381.0,35271.0,1613.0,60.0,1000.0
CHL,Chile,RES,MR|MCF,MCF/LWAL/CDN+ERL/H:1/RES,URBAN,1102.0,72895655.0,12863955.0,2597.0,66269.0,85759607.0,24152.0,1104.0,60.0,1100.0
CHL,Chile,COM,MR|MCF,MCF/LWAL/CDN+ERL/H:2/COM:1,TOTAL,41.0,19352077.0,3415072.0,0.0,14886.0,22767152.0,7302.0,0.0,363.0,1300.0
CHL,Chile,COM,MR|MCF,MCF/LWAL/CDN+ERL/H:2/COM:2,TOTAL,67.0,19109472.0,3372259.0,0.0,14700.0,22481729.0,7210.0,0.0,219.0,1300.0
CHL,Chile,COM,MR|MCF,MCF/LWAL/CDN+ERL/H:2/COM:3,TOTAL,52.0,40064136.0,7070142.0,0.0,30819.0,47134274.0,15117.0,0.0,593.0,1300.0
CHL,Chile,COM,MR|MCF,MCF/LWAL/CDN+ERL/H:2/COM:3B,TOTAL,35.0,17253805.0,3044788.0,0.0,13272.0,20298597.0,6510.0,0.0,379.0,1300.0
CHL,Chile,COM,MR|MCF,MCF/LWAL/CDN+ERL/H:2/COM:3C,TOTAL,3.0,1226874.0,216508.0,0.0,944.0,1443382.0,463.0,0.0,315.0,1300.0
CHL,Chile,COM,MR|MCF,MCF/LWAL/CDN+ERL/H:2/COM:5,TOTAL,2.0,651943.0,115049.0,0.0,501.0,766992.0,246.0,0.0,250.0,1301.0
CHL,Chile,COM,MR|MCF,MCF/LWAL/CDN+ERL/H:2/COM:5A,TOTAL,1.0,383730.0,67717.0,0.0,295.0,451447.0,145.0,0.0,295.0,1301.0
CHL,Chile,IND,MR|MCF,MCF/LWAL/CDN+ERL/H:2/IND:1,TOTAL,1.0,194919.0,64973.0,0.0,186.0,259892.0,88.0,0.0,186.0,1048.0
CHL,Chile,IND,MR|MCF,MCF/LWAL/CDN+ERL/H:2/IND:2,TOTAL,11.0,2527712.0,842569.0,0.0,2407.0,3370282.0,1140.0,0.0,219.0,1050.0
CHL,Chile,IND,MR|MCF,MCF/LWAL/CDN+ERL/H:2/IND:6,TOTAL,9.0,1652173.0,550724.0,0.0,1573.0,2202897.0,745.0,0.0,175.0,1050.0
CHL,Chile,RES,MR|MCF,MCF/LWAL/CDN+ERL/H:2/RES,URBAN,504.0,67401710.0,11894424.0,2410.0,61274.0,79296132.0,22347.0,1021.0,122.0,1100.0
CHL,Chile,RES,MR|MCF,MCF/LWAL/CDN+ERL/H:2/RES,RURAL,205.0,22165246.0,3911508.0,785.0,22165.0,26076789.0,8084.0,369.0,108.0,1000.0
CHL,Chile,COM,MR|MCF,MCF/LWAL/CDN+ERL/H:3/COM:1,TOTAL,157.0,159023348.0,28062943.0,0.0,122326.0,187086292.0,60052.0,0.0,779.0,1300.0
CHL,Chile,COM,MR|MCF,MCF/LWAL/CDN+ERL/H:3/COM:2,TOTAL,484.0,151338277.0,26706756.0,0.0,116414.0,178045031.0,57150.0,0.0,241.0,1300.0
CHL,Chile,COM,MR|MCF,MCF/LWAL/CDN+ERL/H:3/COM:3,TOTAL,193.0,269895392.0,47628596.0,0.0,207612.0,317523986.0,101921.0,0.0,1076.0,1300.0
CHL,Chile,COM,MR|MCF,MCF/LWAL/CDN+ERL/H:3/COM:3B,TOTAL,188.0,177020001.0,31238821.0,0.0,136169.0,208258824.0,66848.0,0.0,724.0,1300.0
CHL,Chile,COM,MR|MCF,MCF/LWAL/CDN+ERL/H:3/COM:3C,TOTAL,11.0,5230564.0,923041.0,0.0,4024.0,6153605.0,1975.0,0.0,366.0,1300.0
CHL,Chile,COM,MR|MCF,MCF/LWAL/CDN+ERL/H:3/COM:5,TOTAL,12.0,4653883.0,821270.0,0.0,3580.0,5475156.0,1757.0,0.0,298.0,1300.0
CHL,Chile,COM,MR|MCF,MCF/LWAL/CDN+ERL/H:3/COM:5A,TOTAL,6.0,4617560.0,814862.0,0.0,3552.0,5432423.0,1744.0,0.0,592.0,1300.0
CHL,Chile,COM,MR|MCF,MCF/LWAL/CDN+ERL/H:3/COM:5B,TOTAL,8.0,4078490.0,719734.0,0.0,3137.0,4798224.0,1540.0,0.0,392.0,1300.0
CHL,Chile,RES,MR|MCF,MCF/LWAL/CDN+ERL/H:3/RES,URBAN,2614.0,571659970.0,100881179.0,18993.0,519691.0,672541144.0,189675.0,8662.0,199.0,1100.0
CHL,Chile,RES,MR|MCF,MCF/LWAL/CDN+ERL/H:3/RES,RURAL,252.0,43676991.0,7707698.0,1554.0,43677.0,51384728.0,15941.0,728.0,173.0,1000.0
CHL,Chile,RES,MR|MCF,MCF/LWAL/CDN+ERL/H:4/RES,URBAN,127.0,68901472.0,12159086.0,2123.0,62638.0,81060556.0,22878.0,1044.0,493.0,1100.0
CHL,Chile,IND,MR|MCF,MCF/LWAL/CDN+ERL/H:>2/IND:1,TOTAL,66.0,13716082.0,4572025.0,0.0,13063.0,18288108.0,6191.0,0.0,198.0,1050.0
CHL,Chile,IND,MR|MCF,MCF/LWAL/CDN+ERL/H:>2/IND:2,TOTAL,333.0,85101971.0,28367324.0,0.0,81049.0,113469294.0,38414.0,0.0,243.0,1050.0
CHL,Chile,IND,MR|MCF,MCF/LWAL/CDN+ERL/H:>2/IND:3,TOTAL,35.0,7787913.0,2595972.0,0.0,7417.0,10383885.0,3515.0,0.0,212.0,1050.0
CHL,Chile,IND,MR|MCF,MCF/LWAL/CDN+ERL/H:>2/IND:4,TOTAL,5.0,420363.0,140121.0,0.0,400.0,560484.0,190.0,0.0,80.0,1051.0
CHL,Chile,IND,MR|MCF,MCF/LWAL/CDN+ERL/H:>2/IND:6,TOTAL,234.0,61748200.0,20582733.0,0.0,58808.0,82330927.0,27872.0,0.0,251.0,1050.0
CHL,Chile,COM,MR|MCF,MR/LWAL/CDH+ERH/H:1/COM:1,TOTAL,1228.0,166222500.0,29333376.0,0.0,151111.0,195555874.0,91533.0,0.0,123.0,1100.0
CHL,Chile,COM,MR|MCF,MR/LWAL/CDH+ERH/H:1/COM:2,TOTAL,1212.0,155337057.0,27412418.0,0.0,141216.0,182749482.0,85538.0,0.0,117.0,1100.0
CHL,Chile,COM,MR|MCF,MR/LWAL/CDH+ERH/H:1/COM:3,TOTAL,1193.0,151276747.0,26695894.0,0.0,137524.0,177972638.0,83302.0,0.0,115.0,1100.0
CHL,Chile,COM,MR|MCF,MR/LWAL/CDH+ERH/H:1/COM:3B,TOTAL,1444.0,165472511.0,29201030.0,0.0,150430.0,194673544.0,91120.0,0.0,104.0,1100.0
CHL,Chile,COM,MR|MCF,MR/LWAL/CDH+ERH/H:1/COM:3C,TOTAL,56.0,10574091.0,1866015.0,0.0,9613.0,12440104.0,5823.0,0.0,172.0,1100.0
CHL,Chile,COM,MR|MCF,MR/LWAL/CDH+ERH/H:1/COM:5,TOTAL,84.0,16968487.0,2994440.0,0.0,15426.0,19962928.0,9344.0,0.0,184.0,1100.0
CHL,Chile,COM,MR|MCF,MR/LWAL/CDH+ERH/H:1/COM:5A,TOTAL,80.0,17364653.0,3064351.0,0.0,15786.0,20429004.0,9562.0,0.0,197.0,1100.0
CHL,Chile,COM,MR|MCF,MR/LWAL/CDH+ERH/H:1/COM:5B,TOTAL,28.0,4224727.0,745541.0,0.0,3841.0,4970267.0,2326.0,0.0,137.0,1100.0
CHL,Chile,IND,MR|MCF,MR/LWAL/CDH+ERH/H:1/IND:1,TOTAL,64.0,7958811.0,2652938.0,0.0,8378.0,10611751.0,4766.0,0.0,131.0,950.0
CHL,Chile,IND,MR|MCF,MR/LWAL/CDH+ERH/H:1/IND:2,TOTAL,296.0,44814557.0,14938187.0,0.0,47173.0,59752744.0,26834.0,0.0,159.0,950.0
CHL,Chile,IND,MR|MCF,MR/LWAL/CDH+ERH/H:1/IND:3,TOTAL,29.0,2947324.0,982441.0,0.0,3102.0,3929767.0,1765.0,0.0,107.0,950.0
CHL,Chile,IND,MR|MCF,MR/LWAL/CDH+ERH/H:1/IND:4,TOTAL,5.0,1090028.0,363342.0,0.0,1147.0,1453372.0,653.0,0.0,229.0,950.0
CHL,Chile,IND,MR|MCF,MR/LWAL/CDH+ERH/H:1/IND:6,TOTAL,195.0,24931227.0,8310408.0,0.0,26243.0,33241630.0,14928.0,0.0,135.0,950.0
CHL,Chile,RES,MR|MCF,MR/LWAL/CDH+ERH/H:1/RES,URBAN,173555.0,11463796728.0,2023022953.0,424242.0,10421633.0,13486819680.0,4752613.0,173694.0,60.0,1100.0
CHL,Chile,RES,MR|MCF,MR/LWAL/CDH+ERH/H:1/RES,RURAL,87185.0,5231350809.0,923179549.0,193740.0,5231351.0,6154530365.0,2385671.0,87189.0,60.0,1000.0
CHL,Chile,COM,MR|MCF,MR/LWAL/CDH+ERH/H:2/COM:1,TOTAL,578.0,112226449.0,19804673.0,0.0,102024.0,132031107.0,61837.0,0.0,177.0,1100.0
CHL,Chile,COM,MR|MCF,MR/LWAL/CDH+ERH/H:2/COM:2,TOTAL,877.0,106763101.0,18840546.0,0.0,97057.0,125603647.0,58826.0,0.0,111.0,1100.0
CHL,Chile,COM,MR|MCF,MR/LWAL/CDH+ERH/H:2/COM:3,TOTAL,617.0,120862838.0,21328741.0,0.0,109875.0,142191563.0,66595.0,0.0,178.0,1100.0
CHL,Chile,COM,MR|MCF,MR/LWAL/CDH+ERH/H:2/COM:3B,TOTAL,655.0,112888164.0,19921443.0,0.0,102626.0,132809612.0,62201.0,0.0,157.0,1100.0
CHL,Chile,COM,MR|MCF,MR/LWAL/CDH+ERH/H:2/COM:3C,TOTAL,26.0,5158155.0,910262.0,0.0,4689.0,6068417.0,2842.0,0.0,180.0,1100.0
CHL,Chile,COM,MR|MCF,MR/LWAL/CDH+ERH/H:2/COM:5,TOTAL,49.0,8113775.0,1431841.0,0.0,7376.0,9545617.0,4471.0,0.0,151.0,1100.0
CHL,Chile,COM,MR|MCF,MR/LWAL/CDH+ERH/H:2/COM:5A,TOTAL,31.0,9413106.0,1661135.0,0.0,8557.0,11074243.0,5187.0,0.0,276.0,1100.0
CHL,Chile,COM,MR|MCF,MR/LWAL/CDH+ERH/H:2/COM:5B,TOTAL,17.0,2759574.0,486984.0,0.0,2509.0,3246558.0,1521.0,0.0,148.0,1100.0
CHL,Chile,IND,MR|MCF,MR/LWAL/CDH+ERH/H:2/IND:1,TOTAL,42.0,5083681.0,1694560.0,0.0,5351.0,6778242.0,3046.0,0.0,127.0,950.0
CHL,Chile,IND,MR|MCF,MR/LWAL/CDH+ERH/H:2/IND:2,TOTAL,216.0,28367667.0,9455887.0,0.0,29861.0,37823556.0,16997.0,0.0,138.0,950.0
CHL,Chile,IND,MR|MCF,MR/LWAL/CDH+ERH/H:2/IND:3,TOTAL,16.0,2116167.0,705388.0,0.0,2228.0,2821559.0,1268.0,0.0,139.0,950.0
CHL,Chile,IND,MR|MCF,MR/LWAL/CDH+ERH/H:2/IND:4,TOTAL,2.0,492915.0,164305.0,0.0,519.0,657220.0,295.0,0.0,260.0,950.0
CHL,Chile,IND,MR|MCF,MR/LWAL/CDH+ERH/H:2/IND:6,TOTAL,136.0,23844491.0,7948163.0,0.0,25099.0,31792662.0,14287.0,0.0,185.0,950.0
CHL,Chile,RES,MR|MCF,MR/LWAL/CDH+ERH/H:2/RES,URBAN,52376.0,6978900487.0,1231570673.0,268888.0,6344455.0,8210471148.0,2894941.0,105741.0,121.0,1100.0
CHL,Chile,RES,MR|MCF,MR/LWAL/CDH+ERH/H:2/RES,RURAL,11663.0,1420739414.0,250718719.0,53970.0,1420739.0,1671458135.0,648276.0,23679.0,122.0,1000.0
CHL,Chile,COM,MR|MCF,MR/LWAL/CDH+ERH/H:3/COM:1,TOTAL,1223.0,466182516.0,82267502.0,0.0,423802.0,548450027.0,257021.0,0.0,347.0,1100.0
CHL,Chile,COM,MR|MCF,MR/LWAL/CDH+ERH/H:3/COM:2,TOTAL,3245.0,480284977.0,84756173.0,0.0,436623.0,565041150.0,264797.0,0.0,135.0,1100.0
CHL,Chile,COM,MR|MCF,MR/LWAL/CDH+ERH/H:3/COM:3,TOTAL,1401.0,682704072.0,120477184.0,0.0,620640.0,803181265.0,376396.0,0.0,443.0,1100.0
CHL,Chile,COM,MR|MCF,MR/LWAL/CDH+ERH/H:3/COM:3B,TOTAL,1297.0,511512682.0,90266950.0,0.0,465012.0,601779625.0,282013.0,0.0,359.0,1100.0
CHL,Chile,COM,MR|MCF,MR/LWAL/CDH+ERH/H:3/COM:3C,TOTAL,112.0,22906999.0,4042411.0,0.0,20825.0,26949404.0,12629.0,0.0,186.0,1100.0
CHL,Chile,COM,MR|MCF,MR/LWAL/CDH+ERH/H:3/COM:5,TOTAL,212.0,45805775.0,8083374.0,0.0,41642.0,53889152.0,25254.0,0.0,196.0,1100.0
CHL,Chile,COM,MR|MCF,MR/LWAL/CDH+ERH/H:3/COM:5A,TOTAL,73.0,27499229.0,4852805.0,0.0,24999.0,32352035.0,15161.0,0.0,342.0,1100.0
CHL,Chile,COM,MR|MCF,MR/LWAL/CDH+ERH/H:3/COM:5B,TOTAL,94.0,24828343.0,4381474.0,0.0,22571.0,29209812.0,13689.0,0.0,240.0,1100.0
CHL,Chile,RES,MR|MCF,MR/LWAL/CDH+ERH/H:3/RES,URBAN,156967.0,31315485639.0,5526262166.0,1307932.0,28468623.0,36841747807.0,12997515.0,474477.0,181.0,1100.0
CHL,Chile,RES,MR|MCF,MR/LWAL/CDH+ERH/H:3/RES,RURAL,14335.0,2627065904.0,463599864.0,100375.0,2627066.0,3090665773.0,1199403.0,43784.0,183.0,1000.0
CHL,Chile,RES,MR|MCF,MR/LWAL/CDH+ERH/H:4/RES,URBAN,3647.0,1990983312.0,351349996.0,76186.0,1809985.0,2342333304.0,826832.0,30166.0,496.0,1100.0
CHL,Chile,RES,MR|MCF,MR/LWAL/CDH+ERH/H:4/RES,RURAL,33.0,16246765.0,2867075.0,700.0,16247.0,19113840.0,7422.0,271.0,492.0,1000.0
CHL,Chile,IND,MR|MCF,MR/LWAL/CDH+ERH/H:>2/IND:1,TOTAL,330.0,53701424.0,17900477.0,0.0,56528.0,71601897.0,32197.0,0.0,171.0,950.0
CHL,Chile,IND,MR|MCF,MR/LWAL/CDH+ERH/H:>2/IND:2,TOTAL,1723.0,241560051.0,80520014.0,0.0,254274.0,322080073.0,144830.0,0.0,148.0,950.0
CHL,Chile,IND,MR|MCF,MR/LWAL/CDH+ERH/H:>2/IND:3,TOTAL,160.0,28250556.0,9416854.0,0.0,29737.0,37667411.0,16938.0,0.0,186.0,950.0
CHL,Chile,IND,MR|MCF,MR/LWAL/CDH+ERH/H:>2/IND:4,TOTAL,7.0,350651.0,116884.0,0.0,369.0,467535.0,210.0,0.0,53.0,950.0
CHL,Chile,IND,MR|MCF,MR/LWAL/CDH+ERH/H:>2/IND:6,TOTAL,1148.0,156296462.0,52098817.0,0.0,164523.0,208395290.0,93709.0,0.0,143.0,950.0
CHL,Chile,COM,MR|MCF,MR/LWAL/CDL+ERL/H:1/COM:1,TOTAL,515.0,70339087.0,12412774.0,0.0,63945.0,82751866.0,38733.0,0.0,124.0,1100.0
CHL,Chile,COM,MR|MCF,MR/LWAL/CDL+ERL/H:1/COM:2,TOTAL,610.0,82810277.0,14613577.0,0.0,75282.0,97423855.0,45601.0,0.0,123.0,1100.0
CHL,Chile,COM,MR|MCF,MR/LWAL/CDL+ERL/H:1/COM:3,TOTAL,725.0,140049976.0,24714700.0,0.0,127318.0,164764677.0,77120.0,0.0,176.0,1100.0
CHL,Chile,COM,MR|MCF,MR/LWAL/CDL+ERL/H:1/COM:3B,TOTAL,669.0,72837208.0,12853633.0,0.0,66216.0,85690840.0,40109.0,0.0,99.0,1100.0
CHL,Chile,COM,MR|MCF,MR/LWAL/CDL+ERL/H:1/COM:3C,TOTAL,13.0,3492497.0,616322.0,0.0,3175.0,4108819.0,1923.0,0.0,244.0,1100.0
CHL,Chile,COM,MR|MCF,MR/LWAL/CDL+ERL/H:1/COM:5,TOTAL,30.0,9571323.0,1689056.0,0.0,8701.0,11260381.0,5271.0,0.0,290.0,1100.0
CHL,Chile,COM,MR|MCF,MR/LWAL/CDL+ERL/H:1/COM:5A,TOTAL,17.0,5022791.0,886376.0,0.0,4566.0,5909165.0,2766.0,0.0,269.0,1100.0
CHL,Chile,COM,MR|MCF,MR/LWAL/CDL+ERL/H:1/COM:5B,TOTAL,18.0,5907454.0,1042492.0,0.0,5370.0,6949946.0,3253.0,0.0,298.0,1100.0
CHL,Chile,IND,MR|MCF,MR/LWAL/CDL+ERL/H:1/IND:1,TOTAL,40.0,7455790.0,2485263.0,0.0,7848.0,9941053.0,4464.0,0.0,196.0,950.0
CHL,Chile,IND,MR|MCF,MR/LWAL/CDL+ERL/H:1/IND:2,TOTAL,212.0,40428284.0,13476093.0,0.0,42556.0,53904386.0,24208.0,0.0,201.0,950.0
CHL,Chile,IND,MR|MCF,MR/LWAL/CDL+ERL/H:1/IND:3,TOTAL,16.0,3472212.0,1157405.0,0.0,3655.0,4629618.0,2079.0,0.0,228.0,950.0
CHL,Chile,IND,MR|MCF,MR/LWAL/CDL+ERL/H:1/IND:4,TOTAL,1.0,101882.0,33961.0,0.0,107.0,135843.0,61.0,0.0,107.0,952.0
CHL,Chile,IND,MR|MCF,MR/LWAL/CDL+ERL/H:1/IND:6,TOTAL,132.0,29720095.0,9906694.0,0.0,31284.0,39626790.0,17796.0,0.0,237.0,950.0
CHL,Chile,RES,MR|MCF,MR/LWAL/CDL+ERL/H:1/RES,URBAN,20770.0,1372541306.0,242213163.0,50341.0,1247765.0,1614754471.0,569023.0,20796.0,60.0,1100.0
CHL,Chile,RES,MR|MCF,MR/LWAL/CDL+ERL/H:1/RES,RURAL,10747.0,644812977.0,113790516.0,22338.0,644813.0,758603516.0,294057.0,10747.0,60.0,1000.0
CHL,Chile,COM,MR|MCF,MR/LWAL/CDL+ERL/H:2/COM:1,TOTAL,280.0,56553674.0,9980064.0,0.0,51412.0,66533738.0,31161.0,0.0,184.0,1100.0
CHL,Chile,COM,MR|MCF,MR/LWAL/CDL+ERL/H:2/COM:2,TOTAL,471.0,57298844.0,10111560.0,0.0,52090.0,67410401.0,31572.0,0.0,111.0,1100.0
CHL,Chile,COM,MR|MCF,MR/LWAL/CDL+ERL/H:2/COM:3,TOTAL,333.0,105342497.0,18589851.0,0.0,95766.0,123932351.0,58044.0,0.0,288.0,1100.0
CHL,Chile,COM,MR|MCF,MR/LWAL/CDL+ERL/H:2/COM:3B,TOTAL,328.0,63197566.0,11152514.0,0.0,57452.0,74350082.0,34822.0,0.0,175.0,1100.0
CHL,Chile,COM,MR|MCF,MR/LWAL/CDL+ERL/H:2/COM:3C,TOTAL,10.0,1586493.0,279969.0,0.0,1442.0,1866464.0,874.0,0.0,144.0,1100.0
CHL,Chile,COM,MR|MCF,MR/LWAL/CDL+ERL/H:2/COM:5,TOTAL,22.0,7099168.0,1252795.0,0.0,6454.0,8351961.0,3912.0,0.0,293.0,1100.0
CHL,Chile,COM,MR|MCF,MR/LWAL/CDL+ERL/H:2/COM:5A,TOTAL,11.0,2877221.0,507745.0,0.0,2616.0,3384966.0,1585.0,0.0,238.0,1100.0
CHL,Chile,COM,MR|MCF,MR/LWAL/CDL+ERL/H:2/COM:5B,TOTAL,11.0,3104089.0,547781.0,0.0,2822.0,3651868.0,1710.0,0.0,257.0,1100.0
CHL,Chile,IND,MR|MCF,MR/LWAL/CDL+ERL/H:2/IND:1,TOTAL,27.0,4574760.0,1524919.0,0.0,4816.0,6099683.0,2741.0,0.0,178.0,950.0
CHL,Chile,IND,MR|MCF,MR/LWAL/CDL+ERL/H:2/IND:2,TOTAL,110.0,19771496.0,6590496.0,0.0,20812.0,26361997.0,11847.0,0.0,189.0,950.0
CHL,Chile,IND,MR|MCF,MR/LWAL/CDL+ERL/H:2/IND:3,TOTAL,13.0,1573239.0,524413.0,0.0,1656.0,2097651.0,943.0,0.0,127.0,950.0
CHL,Chile,IND,MR|MCF,MR/LWAL/CDL+ERL/H:2/IND:4,TOTAL,1.0,189210.0,63070.0,0.0,199.0,252279.0,113.0,0.0,199.0,951.0
CHL,Chile,IND,MR|MCF,MR/LWAL/CDL+ERL/H:2/IND:6,TOTAL,57.0,11333419.0,3777806.0,0.0,11930.0,15111222.0,6791.0,0.0,209.0,950.0
CHL,Chile,RES,MR|MCF,MR/LWAL/CDL+ERL/H:2/RES,RURAL,1614.0,198617482.0,35050119.0,7245.0,198617.0,233667627.0,90629.0,3310.0,123.0,1000.0
CHL,Chile,RES,MR|MCF,MR/LWAL/CDL+ERL/H:2/RES,URBAN,10079.0,1346805029.0,237671481.0,50903.0,1224368.0,1584476511.0,558673.0,20406.0,121.0,1100.0
CHL,Chile,COM,MR|MCF,MR/LWAL/CDL+ERL/H:3/COM:1,TOTAL,757.0,422784595.0,74609048.0,0.0,384350.0,497393644.0,233095.0,0.0,508.0,1100.0
CHL,Chile,COM,MR|MCF,MR/LWAL/CDL+ERL/H:3/COM:2,TOTAL,2796.0,442469561.0,78082864.0,0.0,402245.0,520552418.0,243948.0,0.0,144.0,1100.0
CHL,Chile,COM,MR|MCF,MR/LWAL/CDL+ERL/H:3/COM:3,TOTAL,1027.0,882450447.0,155726549.0,0.0,802228.0,1038176997.0,486523.0,0.0,781.0,1100.0
CHL,Chile,COM,MR|MCF,MR/LWAL/CDL+ERL/H:3/COM:3B,TOTAL,889.0,497797460.0,87846604.0,0.0,452543.0,585644072.0,274452.0,0.0,509.0,1100.0
CHL,Chile,COM,MR|MCF,MR/LWAL/CDL+ERL/H:3/COM:3C,TOTAL,63.0,13533576.0,2388277.0,0.0,12303.0,15921857.0,7462.0,0.0,195.0,1100.0
CHL,Chile,COM,MR|MCF,MR/LWAL/CDL+ERL/H:3/COM:5,TOTAL,113.0,34878878.0,6155096.0,0.0,31708.0,41033979.0,19230.0,0.0,281.0,1100.0
CHL,Chile,COM,MR|MCF,MR/LWAL/CDL+ERL/H:3/COM:5A,TOTAL,34.0,14436278.0,2547579.0,0.0,13124.0,16983853.0,7959.0,0.0,386.0,1100.0
CHL,Chile,COM,MR|MCF,MR/LWAL/CDL+ERL/H:3/COM:5B,TOTAL,51.0,15241407.0,2689660.0,0.0,13856.0,17931071.0,8403.0,0.0,272.0,1100.0
CHL,Chile,RES,MR|MCF,MR/LWAL/CDL+ERL/H:3/RES,RURAL,2305.0,421725085.0,74422062.0,16005.0,421725.0,496147153.0,192542.0,7029.0,183.0,1000.0
CHL,Chile,RES,MR|MCF,MR/LWAL/CDL+ERL/H:3/RES,URBAN,58024.0,11719061457.0,2068069681.0,479635.0,10653692.0,13787131121.0,4864005.0,177562.0,184.0,1100.0
CHL,Chile,RES,MR|MCF,MR/LWAL/CDL+ERL/H:4/RES,URBAN,1534.0,817046299.0,144184642.0,30041.0,742769.0,961230942.0,339310.0,12379.0,484.0,1100.0
CHL,Chile,RES,MR|MCF,MR/LWAL/CDL+ERL/H:4/RES,RURAL,2.0,758549.0,133861.0,34.0,759.0,892412.0,347.0,13.0,380.0,999.0
CHL,Chile,IND,MR|MCF,MR/LWAL/CDL+ERL/H:>2/IND:1,TOTAL,368.0,59151583.0,19717192.0,0.0,62265.0,78868782.0,35465.0,0.0,169.0,950.0
CHL,Chile,IND,MR|MCF,MR/LWAL/CDL+ERL/H:>2/IND:2,TOTAL,1768.0,284370227.0,94790072.0,0.0,299337.0,379160310.0,170497.0,0.0,169.0,950.0
CHL,Chile,IND,MR|MCF,MR/LWAL/CDL+ERL/H:>2/IND:3,TOTAL,174.0,27770659.0,9256888.0,0.0,29232.0,37027541.0,16650.0,0.0,168.0,950.0
CHL,Chile,IND,MR|MCF,MR/LWAL/CDL+ERL/H:>2/IND:4,TOTAL,36.0,2864093.0,954698.0,0.0,3015.0,3818791.0,1717.0,0.0,84.0,950.0
CHL,Chile,IND,MR|MCF,MR/LWAL/CDL+ERL/H:>2/IND:6,TOTAL,1216.0,178266756.0,59422259.0,0.0,187649.0,237689006.0,106882.0,0.0,154.0,950.0
CHL,Chile,COM,MR|MCF,MR/LWAL/CDM+ERM/H:1/COM:1,TOTAL,804.0,76681150.0,13531970.0,0.0,69710.0,90213116.0,42226.0,0.0,87.0,1100.0
CHL,Chile,COM,MR|MCF,MR/LWAL/CDM+ERM/H:1/COM:2,TOTAL,889.0,79725360.0,14069183.0,0.0,72478.0,93794542.0,43902.0,0.0,82.0,1100.0
CHL,Chile,COM,MR|MCF,MR/LWAL/CDM+ERM/H:1/COM:3,TOTAL,818.0,109672877.0,19354036.0,0.0,99703.0,129026916.0,60393.0,0.0,122.0,1100.0
CHL,Chile,COM,MR|MCF,MR/LWAL/CDM+ERM/H:1/COM:3B,TOTAL,956.0,78855114.0,13915605.0,0.0,71686.0,92770722.0,43423.0,0.0,75.0,1100.0
CHL,Chile,COM,MR|MCF,MR/LWAL/CDM+ERM/H:1/COM:3C,TOTAL,16.0,4259231.0,751629.0,0.0,3872.0,5010863.0,2345.0,0.0,242.0,1100.0
CHL,Chile,COM,MR|MCF,MR/LWAL/CDM+ERM/H:1/COM:5,TOTAL,78.0,19436639.0,3429991.0,0.0,17670.0,22866632.0,10703.0,0.0,227.0,1100.0
CHL,Chile,COM,MR|MCF,MR/LWAL/CDM+ERM/H:1/COM:5A,TOTAL,15.0,2413892.0,425983.0,0.0,2194.0,2839877.0,1329.0,0.0,146.0,1100.0
CHL,Chile,COM,MR|MCF,MR/LWAL/CDM+ERM/H:1/COM:5B,TOTAL,28.0,6446987.0,1137706.0,0.0,5861.0,7584689.0,3550.0,0.0,209.0,1100.0
CHL,Chile,IND,MR|MCF,MR/LWAL/CDM+ERM/H:1/IND:1,TOTAL,65.0,8199036.0,2733017.0,0.0,8631.0,10932048.0,4909.0,0.0,133.0,950.0
CHL,Chile,IND,MR|MCF,MR/LWAL/CDM+ERM/H:1/IND:2,TOTAL,291.0,31768597.0,10589536.0,0.0,33441.0,42358131.0,19022.0,0.0,115.0,950.0
CHL,Chile,IND,MR|MCF,MR/LWAL/CDM+ERM/H:1/IND:3,TOTAL,21.0,3483518.0,1161174.0,0.0,3667.0,4644693.0,2086.0,0.0,175.0,950.0
CHL,Chile,IND,MR|MCF,MR/LWAL/CDM+ERM/H:1/IND:4,TOTAL,8.0,2620795.0,873598.0,0.0,2759.0,3494393.0,1569.0,0.0,345.0,950.0
CHL,Chile,IND,MR|MCF,MR/LWAL/CDM+ERM/H:1/IND:6,TOTAL,205.0,23920658.0,7973557.0,0.0,25180.0,31894204.0,14323.0,0.0,123.0,950.0
CHL,Chile,RES,MR|MCF,MR/LWAL/CDM+ERM/H:1/RES,URBAN,52873.0,3494240360.0,616630653.0,133388.0,3176582.0,4110871007.0,1448628.0,52943.0,60.0,1100.0
CHL,Chile,RES,MR|MCF,MR/LWAL/CDM+ERM/H:1/RES,RURAL,23463.0,1407921121.0,248456664.0,50895.0,1407921.0,1656377784.0,642060.0,23465.0,60.0,1000.0
CHL,Chile,COM,MR|MCF,MR/LWAL/CDM+ERM/H:2/COM:1,TOTAL,353.0,52928263.0,9340282.0,0.0,48117.0,62268542.0,29164.0,0.0,136.0,1100.0
CHL,Chile,COM,MR|MCF,MR/LWAL/CDM+ERM/H:2/COM:2,TOTAL,646.0,52754156.0,9309555.0,0.0,47958.0,62063704.0,29068.0,0.0,74.0,1100.0
CHL,Chile,COM,MR|MCF,MR/LWAL/CDM+ERM/H:2/COM:3,TOTAL,382.0,81287825.0,14344911.0,0.0,73898.0,95632742.0,44790.0,0.0,193.0,1100.0
CHL,Chile,COM,MR|MCF,MR/LWAL/CDM+ERM/H:2/COM:3B,TOTAL,418.0,58711505.0,10360849.0,0.0,53374.0,69072356.0,32350.0,0.0,128.0,1100.0
CHL,Chile,COM,MR|MCF,MR/LWAL/CDM+ERM/H:2/COM:3C,TOTAL,10.0,3714196.0,655447.0,0.0,3377.0,4369642.0,2047.0,0.0,338.0,1100.0
CHL,Chile,COM,MR|MCF,MR/LWAL/CDM+ERM/H:2/COM:5,TOTAL,39.0,8621819.0,1521497.0,0.0,7838.0,10143314.0,4751.0,0.0,201.0,1100.0
CHL,Chile,COM,MR|MCF,MR/LWAL/CDM+ERM/H:2/COM:5A,TOTAL,16.0,3213569.0,567100.0,0.0,2921.0,3780668.0,1771.0,0.0,183.0,1100.0
CHL,Chile,COM,MR|MCF,MR/LWAL/CDM+ERM/H:2/COM:5B,TOTAL,22.0,4835838.0,853382.0,0.0,4396.0,5689223.0,2665.0,0.0,200.0,1100.0
CHL,Chile,IND,MR|MCF,MR/LWAL/CDM+ERM/H:2/IND:1,TOTAL,30.0,3831086.0,1277028.0,0.0,4033.0,5108118.0,2296.0,0.0,134.0,950.0
CHL,Chile,IND,MR|MCF,MR/LWAL/CDM+ERM/H:2/IND:2,TOTAL,181.0,23856375.0,7952128.0,0.0,25112.0,31808499.0,14294.0,0.0,139.0,950.0
CHL,Chile,IND,MR|MCF,MR/LWAL/CDM+ERM/H:2/IND:3,TOTAL,17.0,1664274.0,554757.0,0.0,1752.0,2219034.0,997.0,0.0,103.0,950.0
CHL,Chile,IND,MR|MCF,MR/LWAL/CDM+ERM/H:2/IND:4,TOTAL,5.0,1791184.0,597061.0,0.0,1885.0,2388245.0,1073.0,0.0,377.0,950.0
CHL,Chile,IND,MR|MCF,MR/LWAL/CDM+ERM/H:2/IND:6,TOTAL,113.0,12980455.0,4326823.0,0.0,13664.0,17307273.0,7778.0,0.0,121.0,950.0
CHL,Chile,RES,MR|MCF,MR/LWAL/CDM+ERM/H:2/RES,URBAN,18595.0,2473645709.0,436525728.0,98789.0,2248769.0,2910171422.0,1026102.0,37479.0,121.0,1100.0
CHL,Chile,RES,MR|MCF,MR/LWAL/CDM+ERM/H:2/RES,RURAL,3303.0,401761471.0,70899071.0,15041.0,401761.0,472660544.0,183322.0,6696.0,122.0,1000.0
CHL,Chile,COM,MR|MCF,MR/LWAL/CDM+ERM/H:3/COM:1,TOTAL,864.0,307611169.0,54284321.0,0.0,279647.0,361895496.0,169596.0,0.0,324.0,1100.0
CHL,Chile,COM,MR|MCF,MR/LWAL/CDM+ERM/H:3/COM:2,TOTAL,3149.0,330884484.0,58391383.0,0.0,300804.0,389275858.0,182427.0,0.0,96.0,1100.0
CHL,Chile,COM,MR|MCF,MR/LWAL/CDM+ERM/H:3/COM:3,TOTAL,879.0,538702214.0,95065095.0,0.0,489729.0,633767317.0,297004.0,0.0,557.0,1100.0
CHL,Chile,COM,MR|MCF,MR/LWAL/CDM+ERM/H:3/COM:3B,TOTAL,1056.0,365960159.0,64581198.0,0.0,332691.0,430541366.0,201766.0,0.0,315.0,1100.0
CHL,Chile,COM,MR|MCF,MR/LWAL/CDM+ERM/H:3/COM:3C,TOTAL,70.0,17240412.0,3042422.0,0.0,15673.0,20282836.0,9505.0,0.0,224.0,1100.0
CHL,Chile,COM,MR|MCF,MR/LWAL/CDM+ERM/H:3/COM:5,TOTAL,209.0,49734458.0,8776672.0,0.0,45213.0,58511127.0,27420.0,0.0,216.0,1100.0
CHL,Chile,COM,MR|MCF,MR/LWAL/CDM+ERM/H:3/COM:5A,TOTAL,40.0,12444560.0,2196101.0,0.0,11313.0,14640661.0,6861.0,0.0,283.0,1100.0
CHL,Chile,COM,MR|MCF,MR/LWAL/CDM+ERM/H:3/COM:5B,TOTAL,82.0,18200492.0,3211852.0,0.0,16546.0,21412347.0,10035.0,0.0,202.0,1100.0
CHL,Chile,RES,MR|MCF,MR/LWAL/CDM+ERM/H:3/RES,URBAN,87541.0,17462954434.0,3081697845.0,756321.0,15875413.0,20544652274.0,7248012.0,264590.0,181.0,1100.0
CHL,Chile,RES,MR|MCF,MR/LWAL/CDM+ERM/H:3/RES,RURAL,4404.0,804578510.0,141984428.0,30986.0,804579.0,946562949.0,367336.0,13410.0,183.0,1000.0
CHL,Chile,RES,MR|MCF,MR/LWAL/CDM+ERM/H:4/RES,RURAL,10.0,4249534.0,749918.0,193.0,4250.0,4999453.0,1941.0,71.0,425.0,1000.0
CHL,Chile,RES,MR|MCF,MR/LWAL/CDM+ERM/H:4/RES,URBAN,1815.0,965212948.0,170331697.0,39143.0,877466.0,1135544645.0,400842.0,14624.0,483.0,1100.0
CHL,Chile,IND,MR|MCF,MR/LWAL/CDM+ERM/H:>2/IND:1,TOTAL,451.0,50560619.0,16853539.0,0.0,53222.0,67414161.0,30314.0,0.0,118.0,950.0
CHL,Chile,IND,MR|MCF,MR/LWAL/CDM+ERM/H:>2/IND:2,TOTAL,2044.0,237434218.0,79144741.0,0.0,249931.0,316578951.0,142356.0,0.0,122.0,950.0
CHL,Chile,IND,MR|MCF,MR/LWAL/CDM+ERM/H:>2/IND:3,TOTAL,214.0,24757629.0,8252542.0,0.0,26061.0,33010165.0,14844.0,0.0,122.0,950.0
CHL,Chile,IND,MR|MCF,MR/LWAL/CDM+ERM/H:>2/IND:4,TOTAL,76.0,3090968.0,1030323.0,0.0,3254.0,4121291.0,1853.0,0.0,43.0,950.0
CHL,Chile,IND,MR|MCF,MR/LWAL/CDM+ERM/H:>2/IND:6,TOTAL,1412.0,163884291.0,54628097.0,0.0,172510.0,218512394.0,98259.0,0.0,122.0,950.0
CHL,Chile,COM,MR|MCF,MR/LWAL/CDN+ERL/H:1/COM:1,TOTAL,91.0,23653208.0,4174093.0,0.0,21503.0,27827304.0,13025.0,0.0,236.0,1100.0
CHL,Chile,COM,MR|MCF,MR/LWAL/CDN+ERL/H:1/COM:2,TOTAL,89.0,18008960.0,3178049.0,0.0,16372.0,21187017.0,9917.0,0.0,184.0,1100.0
CHL,Chile,COM,MR|MCF,MR/LWAL/CDN+ERL/H:1/COM:3,TOTAL,73.0,26740004.0,4718827.0,0.0,24309.0,31458830.0,14725.0,0.0,333.0,1100.0
CHL,Chile,COM,MR|MCF,MR/LWAL/CDN+ERL/H:1/COM:3B,TOTAL,91.0,19362383.0,3416890.0,0.0,17602.0,22779277.0,10662.0,0.0,193.0,1100.0
CHL,Chile,COM,MR|MCF,MR/LWAL/CDN+ERL/H:1/COM:5,TOTAL,6.0,1984771.0,350253.0,0.0,1804.0,2335025.0,1093.0,0.0,301.0,1100.0
CHL,Chile,COM,MR|MCF,MR/LWAL/CDN+ERL/H:1/COM:5A,TOTAL,2.0,649390.0,114598.0,0.0,590.0,763988.0,358.0,0.0,295.0,1101.0
CHL,Chile,COM,MR|MCF,MR/LWAL/CDN+ERL/H:1/COM:5B,TOTAL,4.0,1577411.0,278366.0,0.0,1434.0,1855777.0,869.0,0.0,358.0,1100.0
CHL,Chile,IND,MR|MCF,MR/LWAL/CDN+ERL/H:1/IND:1,TOTAL,4.0,371521.0,123841.0,0.0,391.0,495362.0,222.0,0.0,98.0,950.0
CHL,Chile,IND,MR|MCF,MR/LWAL/CDN+ERL/H:1/IND:2,TOTAL,18.0,4060757.0,1353584.0,0.0,4274.0,5414341.0,2432.0,0.0,237.0,950.0
CHL,Chile,IND,MR|MCF,MR/LWAL/CDN+ERL/H:1/IND:3,TOTAL,4.0,1017850.0,339284.0,0.0,1071.0,1357134.0,609.0,0.0,268.0,950.0
CHL,Chile,IND,MR|MCF,MR/LWAL/CDN+ERL/H:1/IND:6,TOTAL,10.0,1609054.0,536351.0,0.0,1694.0,2145403.0,963.0,0.0,169.0,950.0
CHL,Chile,RES,MR|MCF,MR/LWAL/CDN+ERL/H:1/RES,RURAL,1619.0,97140156.0,17142357.0,3002.0,97140.0,114282542.0,44300.0,1619.0,60.0,1000.0
CHL,Chile,RES,MR|MCF,MR/LWAL/CDN+ERL/H:1/RES,URBAN,1199.0,79357994.0,14004368.0,2833.0,72144.0,93362360.0,32901.0,1202.0,60.0,1100.0
CHL,Chile,COM,MR|MCF,MR/LWAL/CDN+ERL/H:2/COM:1,TOTAL,53.0,21491784.0,3792669.0,0.0,19538.0,25284451.0,11842.0,0.0,369.0,1100.0
CHL,Chile,COM,MR|MCF,MR/LWAL/CDN+ERL/H:2/COM:2,TOTAL,93.0,24252192.0,4279800.0,0.0,22047.0,28531990.0,13363.0,0.0,237.0,1100.0
CHL,Chile,COM,MR|MCF,MR/LWAL/CDN+ERL/H:2/COM:3,TOTAL,52.0,32697399.0,5770132.0,0.0,29725.0,38467526.0,18016.0,0.0,572.0,1100.0
CHL,Chile,COM,MR|MCF,MR/LWAL/CDN+ERL/H:2/COM:3B,TOTAL,54.0,23044091.0,4066605.0,0.0,20949.0,27110698.0,12697.0,0.0,388.0,1100.0
CHL,Chile,COM,MR|MCF,MR/LWAL/CDN+ERL/H:2/COM:3C,TOTAL,6.0,1950413.0,344190.0,0.0,1773.0,2294604.0,1075.0,0.0,296.0,1100.0
CHL,Chile,COM,MR|MCF,MR/LWAL/CDN+ERL/H:2/COM:5A,TOTAL,5.0,3344693.0,590239.0,0.0,3041.0,3934933.0,1843.0,0.0,608.0,1100.0
CHL,Chile,IND,MR|MCF,MR/LWAL/CDN+ERL/H:2/IND:1,TOTAL,8.0,1919874.0,639958.0,0.0,2021.0,2559832.0,1150.0,0.0,253.0,950.0
CHL,Chile,IND,MR|MCF,MR/LWAL/CDN+ERL/H:2/IND:2,TOTAL,11.0,3383056.0,1127684.0,0.0,3561.0,4510741.0,2027.0,0.0,324.0,950.0
CHL,Chile,IND,MR|MCF,MR/LWAL/CDN+ERL/H:2/IND:3,TOTAL,1.0,29103.0,9701.0,0.0,31.0,38804.0,17.0,0.0,31.0,939.0
CHL,Chile,IND,MR|MCF,MR/LWAL/CDN+ERL/H:2/IND:6,TOTAL,12.0,1739224.0,579740.0,0.0,1831.0,2318966.0,1042.0,0.0,153.0,950.0
CHL,Chile,RES,MR|MCF,MR/LWAL/CDN+ERL/H:2/RES,RURAL,171.0,18760450.0,3310662.0,657.0,18760.0,22071142.0,8561.0,313.0,110.0,1000.0
CHL,Chile,RES,MR|MCF,MR/LWAL/CDN+ERL/H:2/RES,URBAN,509.0,69004579.0,12177288.0,2466.0,62731.0,81181861.0,28624.0,1046.0,123.0,1100.0
CHL,Chile,COM,MR|MCF,MR/LWAL/CDN+ERL/H:3/COM:1,TOTAL,191.0,169588002.0,29927292.0,0.0,154171.0,199515289.0,93499.0,0.0,807.0,1100.0
CHL,Chile,COM,MR|MCF,MR/LWAL/CDN+ERL/H:3/COM:2,TOTAL,625.0,175031309.0,30887877.0,0.0,159119.0,205919189.0,96500.0,0.0,255.0,1100.0
CHL,Chile,COM,MR|MCF,MR/LWAL/CDN+ERL/H:3/COM:3,TOTAL,226.0,269358013.0,47533765.0,0.0,244871.0,316891782.0,148506.0,0.0,1084.0,1100.0
CHL,Chile,COM,MR|MCF,MR/LWAL/CDN+ERL/H:3/COM:3B,TOTAL,214.0,189706271.0,33477583.0,0.0,172460.0,223183856.0,104591.0,0.0,806.0,1100.0
CHL,Chile,COM,MR|MCF,MR/LWAL/CDN+ERL/H:3/COM:3C,TOTAL,23.0,8440587.0,1489515.0,0.0,7673.0,9930103.0,4654.0,0.0,334.0,1100.0
CHL,Chile,COM,MR|MCF,MR/LWAL/CDN+ERL/H:3/COM:5,TOTAL,12.0,3373697.0,595359.0,0.0,3067.0,3969055.0,1860.0,0.0,256.0,1100.0
CHL,Chile,COM,MR|MCF,MR/LWAL/CDN+ERL/H:3/COM:5A,TOTAL,9.0,6675923.0,1178104.0,0.0,6069.0,7854025.0,3681.0,0.0,674.0,1100.0
CHL,Chile,COM,MR|MCF,MR/LWAL/CDN+ERL/H:3/COM:5B,TOTAL,2.0,634657.0,111999.0,0.0,577.0,746656.0,350.0,0.0,288.0,1100.0
CHL,Chile,RES,MR|MCF,MR/LWAL/CDN+ERL/H:3/RES,RURAL,222.0,38132946.0,6729334.0,1326.0,38133.0,44862315.0,17410.0,636.0,172.0,1000.0
CHL,Chile,RES,MR|MCF,MR/LWAL/CDN+ERL/H:3/RES,URBAN,2979.0,648960905.0,114522515.0,21371.0,589964.0,763483415.0,269352.0,9833.0,198.0,1100.0
CHL,Chile,RES,MR|MCF,MR/LWAL/CDN+ERL/H:4/RES,URBAN,142.0,77427827.0,13663737.0,2377.0,70389.0,91091562.0,32155.0,1173.0,496.0,1100.0
CHL,Chile,IND,MR|MCF,MR/LWAL/CDN+ERL/H:>2/IND:1,TOTAL,88.0,17481044.0,5827013.0,0.0,18401.0,23308060.0,10481.0,0.0,209.0,950.0
CHL,Chile,IND,MR|MCF,MR/LWAL/CDN+ERL/H:>2/IND:2,TOTAL,435.0,99678539.0,33226181.0,0.0,104925.0,132904720.0,59763.0,0.0,241.0,950.0
CHL,Chile,IND,MR|MCF,MR/LWAL/CDN+ERL/H:>2/IND:3,TOTAL,38.0,8525960.0,2841986.0,0.0,8975.0,11367946.0,5112.0,0.0,236.0,950.0
CHL,Chile,IND,MR|MCF,MR/LWAL/CDN+ERL/H:>2/IND:4,TOTAL,2.0,83430.0,27810.0,0.0,88.0,111239.0,50.0,0.0,44.0,948.0
CHL,Chile,IND,MR|MCF,MR/LWAL/CDN+ERL/H:>2/IND:6,TOTAL,301.0,61917080.0,20639026.0,0.0,65176.0,82556111.0,37123.0,0.0,217.0,950.0
CHL,Chile,COM,ADO|ST|E,MUR+ADO/LWAL/CDN+ERL/H:1/COM:1,TOTAL,4418.0,531197513.0,132799377.0,0.0,590219.0,663996896.0,357511.0,0.0,134.0,900.0
CHL,Chile,COM,ADO|ST|E,MUR+ADO/LWAL/CDN+ERL/H:1/COM:2,TOTAL,4913.0,532001704.0,133000431.0,0.0,591113.0,665002132.0,358052.0,0.0,120.0,900.0
CHL,Chile,COM,ADO|ST|E,MUR+ADO/LWAL/CDN+ERL/H:1/COM:3,TOTAL,2952.0,433248911.0,108312222.0,0.0,481388.0,541561132.0,291589.0,0.0,163.0,900.0
CHL,Chile,COM,ADO|ST|E,MUR+ADO/LWAL/CDN+ERL/H:1/COM:3B,TOTAL,5546.0,586956114.0,146739025.0,0.0,652173.0,733695144.0,395038.0,0.0,118.0,900.0
CHL,Chile,COM,ADO|ST|E,MUR+ADO/LWAL/CDN+ERL/H:1/COM:3C,TOTAL,97.0,27138267.0,6784566.0,0.0,30154.0,33922829.0,18265.0,0.0,311.0,900.0
CHL,Chile,COM,ADO|ST|E,MUR+ADO/LWAL/CDN+ERL/H:1/COM:5,TOTAL,96.0,61701687.0,15425426.0,0.0,68557.0,77127106.0,41527.0,0.0,714.0,900.0
CHL,Chile,COM,ADO|ST|E,MUR+ADO/LWAL/CDN+ERL/H:1/COM:5A,TOTAL,122.0,27659409.0,6914851.0,0.0,30733.0,34574260.0,18616.0,0.0,252.0,900.0
CHL,Chile,COM,ADO|ST|E,MUR+ADO/LWAL/CDN+ERL/H:1/COM:5B,TOTAL,42.0,8085235.0,2021309.0,0.0,8984.0,10106541.0,5442.0,0.0,214.0,900.0
CHL,Chile,IND,ADO|ST|E,MUR+ADO/LWAL/CDN+ERL/H:1/IND:1,TOTAL,82.0,10273980.0,6849321.0,0.0,13699.0,17123298.0,7792.0,0.0,167.0,750.0
CHL,Chile,IND,ADO|ST|E,MUR+ADO/LWAL/CDN+ERL/H:1/IND:2,TOTAL,421.0,49729319.0,33152882.0,0.0,66306.0,82882205.0,37717.0,0.0,157.0,750.0
CHL,Chile,IND,ADO|ST|E,MUR+ADO/LWAL/CDN+ERL/H:1/IND:3,TOTAL,37.0,3904007.0,2602670.0,0.0,5205.0,6506674.0,2961.0,0.0,141.0,750.0
CHL,Chile,IND,ADO|ST|E,MUR+ADO/LWAL/CDN+ERL/H:1/IND:4,TOTAL,9.0,6745830.0,4497220.0,0.0,8994.0,11243049.0,5116.0,0.0,999.0,750.0
CHL,Chile,IND,ADO|ST|E,MUR+ADO/LWAL/CDN+ERL/H:1/IND:6,TOTAL,313.0,41954506.0,27969666.0,0.0,55939.0,69924170.0,31820.0,0.0,179.0,750.0
CHL,Chile,IND,ADO|ST|E,MUR+ADO/LWAL/CDN+ERL/H:2/IND:1,TOTAL,30.0,3702347.0,2468231.0,0.0,4936.0,6170577.0,2810.0,0.0,165.0,750.0
CHL,Chile,IND,ADO|ST|E,MUR+ADO/LWAL/CDN+ERL/H:2/IND:2,TOTAL,156.0,21136757.0,14091172.0,0.0,28182.0,35227924.0,16042.0,0.0,181.0,750.0
CHL,Chile,IND,ADO|ST|E,MUR+ADO/LWAL/CDN+ERL/H:2/IND:3,TOTAL,15.0,2576301.0,1717532.0,0.0,3435.0,4293834.0,1955.0,0.0,229.0,750.0
CHL,Chile,IND,ADO|ST|E,MUR+ADO/LWAL/CDN+ERL/H:2/IND:4,TOTAL,1.0,65113.0,43408.0,0.0,87.0,108521.0,49.0,0.0,87.0,748.0
CHL,Chile,IND,ADO|ST|E,MUR+ADO/LWAL/CDN+ERL/H:2/IND:6,TOTAL,114.0,16221991.0,10814661.0,0.0,21629.0,27036653.0,12312.0,0.0,190.0,750.0
CHL,Chile,IND,ADO|ST|E,MUR+ADO/LWAL/CDN+ERL/H:>2/IND:1,TOTAL,240.0,33800455.0,22533636.0,0.0,45067.0,56334087.0,25670.0,0.0,188.0,750.0
CHL,Chile,IND,ADO|ST|E,MUR+ADO/LWAL/CDN+ERL/H:>2/IND:2,TOTAL,1260.0,148410209.0,98940140.0,0.0,197880.0,247350347.0,112709.0,0.0,157.0,750.0
CHL,Chile,IND,ADO|ST|E,MUR+ADO/LWAL/CDN+ERL/H:>2/IND:3,TOTAL,107.0,11008950.0,7339302.0,0.0,14679.0,18348248.0,8361.0,0.0,137.0,750.0
CHL,Chile,IND,ADO|ST|E,MUR+ADO/LWAL/CDN+ERL/H:>2/IND:4,TOTAL,5.0,2046827.0,1364552.0,0.0,2729.0,3411378.0,1554.0,0.0,546.0,750.0
CHL,Chile,IND,ADO|ST|E,MUR+ADO/LWAL/CDN+ERL/H:>2/IND:6,TOTAL,866.0,108501089.0,72334063.0,0.0,144668.0,180835153.0,82401.0,0.0,167.0,750.0
CHL,Chile,RES,ADO|ST|E,MUR+ADO/LWAL/CDN+ERN/H:1/RES,RURAL,28093.0,1771294241.0,312581323.0,64973.0,2530420.0,2083875575.0,1153957.0,28116.0,90.0,700.0
CHL,Chile,RES,ADO|ST|E,MUR+ADO/LWAL/CDN+ERN/H:1/RES,URBAN,74292.0,5857924883.0,1033751449.0,194621.0,7322406.0,6891676352.0,3339262.0,81360.0,99.0,800.0
CHL,Chile,COM,ADO|ST|E,MUR+STDRE/LWAL/CDN+ERN/H:1/COM:1,TOTAL,27.0,2914532.0,728634.0,0.0,3238.0,3643166.0,1962.0,0.0,120.0,900.0
CHL,Chile,COM,ADO|ST|E,MUR+STDRE/LWAL/CDN+ERN/H:1/COM:2,TOTAL,36.0,2888321.0,722083.0,0.0,3209.0,3610403.0,1944.0,0.0,89.0,900.0
CHL,Chile,COM,ADO|ST|E,MUR+STDRE/LWAL/CDN+ERN/H:1/COM:3,TOTAL,33.0,5395585.0,1348894.0,0.0,5995.0,6744482.0,3631.0,0.0,182.0,900.0
CHL,Chile,COM,ADO|ST|E,MUR+STDRE/LWAL/CDN+ERN/H:1/COM:3B,TOTAL,34.0,3142449.0,785613.0,0.0,3492.0,3928064.0,2115.0,0.0,103.0,900.0
CHL,Chile,COM,ADO|ST|E,MUR+STDRE/LWAL/CDN+ERN/H:1/COM:3C,TOTAL,1.0,194004.0,48501.0,0.0,216.0,242506.0,131.0,0.0,216.0,898.0
CHL,Chile,COM,ADO|ST|E,MUR+STDRE/LWAL/CDN+ERN/H:1/COM:5,TOTAL,1.0,524297.0,131074.0,0.0,583.0,655371.0,353.0,0.0,583.0,899.0
CHL,Chile,IND,ADO|ST|E,MUR+STDRE/LWAL/CDN+ERN/H:1/IND:1,TOTAL,3.0,117202.0,78135.0,0.0,156.0,195338.0,89.0,0.0,52.0,751.0
CHL,Chile,IND,ADO|ST|E,MUR+STDRE/LWAL/CDN+ERN/H:1/IND:2,TOTAL,7.0,588259.0,392171.0,0.0,784.0,980431.0,446.0,0.0,112.0,750.0
CHL,Chile,IND,ADO|ST|E,MUR+STDRE/LWAL/CDN+ERN/H:1/IND:6,TOTAL,2.0,131987.0,87991.0,0.0,176.0,219977.0,100.0,0.0,88.0,750.0
CHL,Chile,RES,ADO|ST|E,MUR+STDRE/LWAL/CDN+ERN/H:1/RES,RURAL,36.0,1529169.0,269851.0,56.0,2185.0,1799020.0,996.0,36.0,61.0,700.0
CHL,Chile,RES,ADO|ST|E,MUR+STDRE/LWAL/CDN+ERN/H:1/RES,URBAN,1.0,48185.0,8503.0,3.0,60.0,56688.0,27.0,1.0,60.0,803.0
CHL,Chile,COM,ADO|ST|E,MUR+STDRE/LWAL/CDN+ERN/H:2/COM:1,TOTAL,15.0,1695334.0,423833.0,0.0,1884.0,2119169.0,1142.0,0.0,126.0,900.0
CHL,Chile,COM,ADO|ST|E,MUR+STDRE/LWAL/CDN+ERN/H:2/COM:2,TOTAL,23.0,2098907.0,524728.0,0.0,2332.0,2623635.0,1414.0,0.0,101.0,900.0
CHL,Chile,COM,ADO|ST|E,MUR+STDRE/LWAL/CDN+ERN/H:2/COM:3,TOTAL,22.0,4659819.0,1164955.0,0.0,5178.0,5824773.0,3138.0,0.0,235.0,900.0
CHL,Chile,COM,ADO|ST|E,MUR+STDRE/LWAL/CDN+ERN/H:2/COM:3B,TOTAL,26.0,3119669.0,779919.0,0.0,3466.0,3899588.0,2101.0,0.0,133.0,900.0
CHL,Chile,COM,ADO|ST|E,MUR+STDRE/LWAL/CDN+ERN/H:2/COM:3C,TOTAL,2.0,238082.0,59520.0,0.0,265.0,297603.0,160.0,0.0,132.0,898.0
CHL,Chile,COM,ADO|ST|E,MUR+STDRE/LWAL/CDN+ERN/H:2/COM:5A,TOTAL,1.0,131451.0,32863.0,0.0,146.0,164314.0,89.0,0.0,146.0,900.0
CHL,Chile,IND,ADO|ST|E,MUR+STDRE/LWAL/CDN+ERN/H:2/IND:2,TOTAL,2.0,147078.0,98052.0,0.0,196.0,245130.0,112.0,0.0,98.0,750.0
CHL,Chile,IND,ADO|ST|E,MUR+STDRE/LWAL/CDN+ERN/H:2/IND:6,TOTAL,2.0,154738.0,103159.0,0.0,206.0,257897.0,117.0,0.0,103.0,751.0
CHL,Chile,RES,ADO|ST|E,MUR+STDRE/LWAL/CDN+ERN/H:2/RES,URBAN,2.0,96370.0,17006.0,5.0,120.0,113376.0,55.0,2.0,60.0,803.0
CHL,Chile,RES,ADO|ST|E,MUR+STDRE/LWAL/CDN+ERN/H:2/RES,RURAL,1.0,84324.0,14881.0,5.0,120.0,99204.0,55.0,2.0,120.0,703.0
CHL,Chile,COM,ADO|ST|E,MUR+STDRE/LWAL/CDN+ERN/H:3/COM:1,TOTAL,87.0,18914489.0,4728623.0,0.0,21016.0,23643116.0,12746.0,0.0,242.0,900.0
CHL,Chile,COM,ADO|ST|E,MUR+STDRE/LWAL/CDN+ERN/H:3/COM:2,TOTAL,193.0,25086491.0,6271626.0,0.0,27874.0,31358117.0,16905.0,0.0,144.0,900.0
CHL,Chile,COM,ADO|ST|E,MUR+STDRE/LWAL/CDN+ERN/H:3/COM:3,TOTAL,96.0,38803721.0,9700935.0,0.0,43115.0,48504651.0,26148.0,0.0,449.0,900.0
CHL,Chile,COM,ADO|ST|E,MUR+STDRE/LWAL/CDN+ERN/H:3/COM:3B,TOTAL,86.0,21412574.0,5353144.0,0.0,23792.0,26765718.0,14429.0,0.0,277.0,900.0
CHL,Chile,COM,ADO|ST|E,MUR+STDRE/LWAL/CDN+ERN/H:3/COM:3C,TOTAL,7.0,2009571.0,502393.0,0.0,2233.0,2511964.0,1354.0,0.0,319.0,900.0
CHL,Chile,COM,ADO|ST|E,MUR+STDRE/LWAL/CDN+ERN/H:3/COM:5,TOTAL,4.0,759268.0,189817.0,0.0,844.0,949086.0,512.0,0.0,211.0,900.0
CHL,Chile,COM,ADO|ST|E,MUR+STDRE/LWAL/CDN+ERN/H:3/COM:5A,TOTAL,4.0,1143341.0,285835.0,0.0,1270.0,1429177.0,770.0,0.0,318.0,900.0
CHL,Chile,COM,ADO|ST|E,MUR+STDRE/LWAL/CDN+ERN/H:3/COM:5B,TOTAL,2.0,112139.0,28035.0,0.0,125.0,140175.0,76.0,0.0,62.0,897.0
CHL,Chile,RES,ADO|ST|E,MUR+STDRE/LWAL/CDN+ERN/H:3/RES,URBAN,9.0,433665.0,76528.0,22.0,542.0,510193.0,248.0,9.0,60.0,800.0
CHL,Chile,RES,ADO|ST|E,MUR+STDRE/LWAL/CDN+ERN/H:3/RES,RURAL,7.0,513848.0,90678.0,32.0,734.0,604527.0,335.0,12.0,105.0,700.0
CHL,Chile,IND,ADO|ST|E,MUR+STDRE/LWAL/CDN+ERN/H:>2/IND:1,TOTAL,12.0,2025982.0,1350656.0,0.0,2701.0,3376638.0,1539.0,0.0,225.0,750.0
CHL,Chile,IND,ADO|ST|E,MUR+STDRE/LWAL/CDN+ERN/H:>2/IND:2,TOTAL,95.0,9091010.0,6060672.0,0.0,12121.0,15151686.0,6904.0,0.0,128.0,750.0
CHL,Chile,IND,ADO|ST|E,MUR+STDRE/LWAL/CDN+ERN/H:>2/IND:3,TOTAL,8.0,803488.0,535660.0,0.0,1071.0,1339147.0,610.0,0.0,134.0,750.0
CHL,Chile,IND,ADO|ST|E,MUR+STDRE/LWAL/CDN+ERN/H:>2/IND:4,TOTAL,4.0,109521.0,73013.0,0.0,146.0,182534.0,83.0,0.0,36.0,750.0
CHL,Chile,IND,ADO|ST|E,MUR+STDRE/LWAL/CDN+ERN/H:>2/IND:6,TOTAL,66.0,8078228.0,5385487.0,0.0,10771.0,13463714.0,6135.0,0.0,163.0,750.0
CHL,Chile,COM,MUR,MUR/LWAL/CDN+ERN/H:1/COM:1,TOTAL,253.0,36576756.0,9144184.0,0.0,33252.0,45720946.0,20142.0,0.0,131.0,1100.0
CHL,Chile,COM,MUR,MUR/LWAL/CDN+ERN/H:1/COM:2,TOTAL,277.0,40190163.0,10047546.0,0.0,36537.0,50237705.0,22131.0,0.0,132.0,1100.0
CHL,Chile,COM,MUR,MUR/LWAL/CDN+ERN/H:1/COM:3,TOTAL,298.0,60441933.0,15110482.0,0.0,54947.0,75552425.0,33283.0,0.0,184.0,1100.0
CHL,Chile,COM,MUR,MUR/LWAL/CDN+ERN/H:1/COM:3B,TOTAL,288.0,35953662.0,8988415.0,0.0,32685.0,44942071.0,19798.0,0.0,113.0,1100.0
CHL,Chile,COM,MUR,MUR/LWAL/CDN+ERN/H:1/COM:3C,TOTAL,8.0,1772901.0,443225.0,0.0,1612.0,2216127.0,976.0,0.0,202.0,1100.0
CHL,Chile,COM,MUR,MUR/LWAL/CDN+ERN/H:1/COM:5,TOTAL,19.0,9665598.0,2416400.0,0.0,8787.0,12081996.0,5322.0,0.0,462.0,1100.0
CHL,Chile,COM,MUR,MUR/LWAL/CDN+ERN/H:1/COM:5A,TOTAL,4.0,1114523.0,278631.0,0.0,1013.0,1393154.0,614.0,0.0,253.0,1100.0
CHL,Chile,COM,MUR,MUR/LWAL/CDN+ERN/H:1/COM:5B,TOTAL,8.0,4483120.0,1120780.0,0.0,4076.0,5603900.0,2469.0,0.0,510.0,1100.0
CHL,Chile,IND,MUR,MUR/LWAL/CDN+ERN/H:1/IND:1,TOTAL,16.0,3338297.0,1112766.0,0.0,3514.0,4451061.0,1999.0,0.0,220.0,950.0
CHL,Chile,IND,MUR,MUR/LWAL/CDN+ERN/H:1/IND:2,TOTAL,61.0,11657259.0,3885753.0,0.0,12271.0,15543013.0,6980.0,0.0,201.0,950.0
CHL,Chile,IND,MUR,MUR/LWAL/CDN+ERN/H:1/IND:3,TOTAL,5.0,843184.0,281061.0,0.0,888.0,1124247.0,505.0,0.0,178.0,950.0
CHL,Chile,IND,MUR,MUR/LWAL/CDN+ERN/H:1/IND:4,TOTAL,1.0,378419.0,126140.0,0.0,398.0,504559.0,227.0,0.0,398.0,951.0
CHL,Chile,IND,MUR,MUR/LWAL/CDN+ERN/H:1/IND:6,TOTAL,49.0,6830598.0,2276865.0,0.0,7190.0,9107464.0,4090.0,0.0,147.0,950.0
CHL,Chile,RES,MUR,MUR/LWAL/CDN+ERN/H:1/RES,URBAN,37337.0,2130663434.0,532665854.0,81620.0,2242804.0,2663329296.0,1022794.0,37380.0,60.0,950.0
CHL,Chile,RES,MUR,MUR/LWAL/CDN+ERN/H:1/RES,RURAL,48373.0,2612224102.0,653056015.0,98710.0,2902471.0,3265280122.0,1323624.0,48375.0,60.0,900.0
CHL,Chile,COM,MUR,MUR/LWAL/CDN+ERN/H:2/COM:1,TOTAL,140.0,29181452.0,7295362.0,0.0,26529.0,36476819.0,16079.0,0.0,189.0,1100.0
CHL,Chile,COM,MUR,MUR/LWAL/CDN+ERN/H:2/COM:2,TOTAL,213.0,26745078.0,6686272.0,0.0,24314.0,33431352.0,14737.0,0.0,114.0,1100.0
CHL,Chile,COM,MUR,MUR/LWAL/CDN+ERN/H:2/COM:3,TOTAL,173.0,51608071.0,12902014.0,0.0,46916.0,64510086.0,28436.0,0.0,271.0,1100.0
CHL,Chile,COM,MUR,MUR/LWAL/CDN+ERN/H:2/COM:3B,TOTAL,171.0,32692234.0,8173056.0,0.0,29720.0,40865296.0,18014.0,0.0,174.0,1100.0
CHL,Chile,COM,MUR,MUR/LWAL/CDN+ERN/H:2/COM:3C,TOTAL,4.0,880610.0,220152.0,0.0,801.0,1100762.0,485.0,0.0,200.0,1099.0
CHL,Chile,COM,MUR,MUR/LWAL/CDN+ERN/H:2/COM:5,TOTAL,8.0,2851260.0,712815.0,0.0,2592.0,3564076.0,1571.0,0.0,324.0,1100.0
CHL,Chile,COM,MUR,MUR/LWAL/CDN+ERN/H:2/COM:5A,TOTAL,4.0,818667.0,204667.0,0.0,744.0,1023334.0,451.0,0.0,186.0,1100.0
CHL,Chile,COM,MUR,MUR/LWAL/CDN+ERN/H:2/COM:5B,TOTAL,7.0,1017967.0,254491.0,0.0,925.0,1272459.0,561.0,0.0,132.0,1101.0
CHL,Chile,IND,MUR,MUR/LWAL/CDN+ERN/H:2/IND:1,TOTAL,11.0,1851312.0,617104.0,0.0,1949.0,2468415.0,1109.0,0.0,177.0,950.0
CHL,Chile,IND,MUR,MUR/LWAL/CDN+ERN/H:2/IND:2,TOTAL,35.0,4837742.0,1612582.0,0.0,5092.0,6450320.0,2899.0,0.0,145.0,950.0
CHL,Chile,IND,MUR,MUR/LWAL/CDN+ERN/H:2/IND:3,TOTAL,5.0,251860.0,83953.0,0.0,265.0,335814.0,151.0,0.0,53.0,950.0
CHL,Chile,IND,MUR,MUR/LWAL/CDN+ERN/H:2/IND:4,TOTAL,1.0,46575.0,15525.0,0.0,49.0,62100.0,28.0,0.0,49.0,951.0
CHL,Chile,IND,MUR,MUR/LWAL/CDN+ERN/H:2/IND:6,TOTAL,35.0,8369056.0,2789686.0,0.0,8810.0,11158745.0,5015.0,0.0,252.0,950.0
CHL,Chile,RES,MUR,MUR/LWAL/CDN+ERN/H:2/RES,RURAL,4877.0,396184005.0,99045987.0,15607.0,440204.0,495230000.0,200864.0,7337.0,90.0,900.0
CHL,Chile,RES,MUR,MUR/LWAL/CDN+ERN/H:2/RES,URBAN,6363.0,544973689.0,136243434.0,20515.0,573657.0,681217136.0,261757.0,9561.0,90.0,950.0
CHL,Chile,COM,MUR,MUR/LWAL/CDN+ERN/H:3/COM:1,TOTAL,454.0,239336758.0,59834190.0,0.0,217579.0,299170940.0,131954.0,0.0,479.0,1100.0
CHL,Chile,COM,MUR,MUR/LWAL/CDN+ERN/H:3/COM:2,TOTAL,1376.0,240011066.0,60002766.0,0.0,218192.0,300013828.0,132326.0,0.0,159.0,1100.0
CHL,Chile,COM,MUR,MUR/LWAL/CDN+ERN/H:3/COM:3,TOTAL,573.0,463575601.0,115893900.0,0.0,421432.0,579469499.0,255584.0,0.0,735.0,1100.0
CHL,Chile,COM,MUR,MUR/LWAL/CDN+ERN/H:3/COM:3B,TOTAL,492.0,276087211.0,69021802.0,0.0,250988.0,345109016.0,152216.0,0.0,510.0,1100.0
CHL,Chile,COM,MUR,MUR/LWAL/CDN+ERN/H:3/COM:3C,TOTAL,34.0,7803430.0,1950860.0,0.0,7094.0,9754291.0,4302.0,0.0,209.0,1100.0
CHL,Chile,COM,MUR,MUR/LWAL/CDN+ERN/H:3/COM:5,TOTAL,46.0,13875964.0,3468986.0,0.0,12615.0,17344950.0,7650.0,0.0,274.0,1100.0
CHL,Chile,COM,MUR,MUR/LWAL/CDN+ERN/H:3/COM:5A,TOTAL,27.0,8456400.0,2114101.0,0.0,7688.0,10570504.0,4662.0,0.0,285.0,1100.0
CHL,Chile,COM,MUR,MUR/LWAL/CDN+ERN/H:3/COM:5B,TOTAL,24.0,10158905.0,2539725.0,0.0,9235.0,12698629.0,5601.0,0.0,385.0,1100.0
CHL,Chile,RES,MUR,MUR/LWAL/CDN+ERN/H:3/RES,URBAN,10975.0,1804205408.0,451051356.0,77162.0,1899164.0,2255256773.0,867075.0,31653.0,173.0,950.0
CHL,Chile,RES,MUR,MUR/LWAL/CDN+ERN/H:3/RES,RURAL,5459.0,799017150.0,199754285.0,32703.0,887797.0,998771450.0,405330.0,14797.0,163.0,900.0
CHL,Chile,IND,MUR,MUR/LWAL/CDN+ERN/H:>2/IND:1,TOTAL,171.0,23255331.0,7751777.0,0.0,24479.0,31007099.0,13943.0,0.0,143.0,950.0
CHL,Chile,IND,MUR,MUR/LWAL/CDN+ERN/H:>2/IND:2,TOTAL,849.0,130546122.0,43515372.0,0.0,137417.0,174061493.0,78270.0,0.0,162.0,950.0
CHL,Chile,IND,MUR,MUR/LWAL/CDN+ERN/H:>2/IND:3,TOTAL,70.0,10305120.0,3435038.0,0.0,10847.0,13740162.0,6179.0,0.0,155.0,950.0
CHL,Chile,IND,MUR,MUR/LWAL/CDN+ERN/H:>2/IND:4,TOTAL,15.0,725675.0,241892.0,0.0,764.0,967569.0,435.0,0.0,51.0,950.0
CHL,Chile,IND,MUR,MUR/LWAL/CDN+ERN/H:>2/IND:6,TOTAL,566.0,81803956.0,27267983.0,0.0,86109.0,109071943.0,49047.0,0.0,152.0,950.0
CHL,Chile,COM,S,S+SR/LFBR/CDH+ERH/H:1/COM:1,TOTAL,1457.0,914013377.0,228503341.0,0.0,553948.0,1142516720.0,209040.0,0.0,380.0,1650.0
CHL,Chile,COM,S,S+SR/LFBR/CDH+ERH/H:1/COM:2,TOTAL,2240.0,1766294966.0,441573733.0,0.0,1070482.0,2207868706.0,403962.0,0.0,478.0,1650.0
CHL,Chile,COM,S,S+SR/LFBR/CDH+ERH/H:1/COM:3,TOTAL,1690.0,605366581.0,151341645.0,0.0,366889.0,756708227.0,138451.0,0.0,217.0,1650.0
CHL,Chile,COM,S,S+SR/LFBR/CDH+ERH/H:1/COM:3B,TOTAL,1653.0,990744942.0,247686241.0,0.0,600451.0,1238431189.0,226589.0,0.0,363.0,1650.0
CHL,Chile,COM,S,S+SR/LFBR/CDH+ERH/H:1/COM:3C,TOTAL,35.0,15162618.0,3790655.0,0.0,9189.0,18953277.0,3468.0,0.0,263.0,1650.0
CHL,Chile,COM,S,S+SR/LFBR/CDH+ERH/H:1/COM:5,TOTAL,299.0,315040454.0,78760110.0,0.0,190934.0,393800568.0,72052.0,0.0,639.0,1650.0
CHL,Chile,COM,S,S+SR/LFBR/CDH+ERH/H:1/COM:5A,TOTAL,54.0,38070931.0,9517732.0,0.0,23073.0,47588667.0,8707.0,0.0,427.0,1650.0
CHL,Chile,COM,S,S+SR/LFBR/CDH+ERH/H:1/COM:5B,TOTAL,112.0,121739431.0,30434857.0,0.0,73781.0,152174292.0,27843.0,0.0,659.0,1650.0
CHL,Chile,IND,S,S+SR/LFBR/CDH+ERH/H:1/IND:1,TOTAL,521.0,582725903.0,249739674.0,0.0,466181.0,832465571.0,155128.0,0.0,895.0,1250.0
CHL,Chile,IND,S,S+SR/LFBR/CDH+ERH/H:1/IND:2,TOTAL,2619.0,2745894453.0,1176811902.0,0.0,2196716.0,3922706365.0,730987.0,0.0,839.0,1250.0
CHL,Chile,IND,S,S+SR/LFBR/CDH+ERH/H:1/IND:3,TOTAL,274.0,302791865.0,129767939.0,0.0,242233.0,432559800.0,80607.0,0.0,884.0,1250.0
CHL,Chile,IND,S,S+SR/LFBR/CDH+ERH/H:1/IND:4,TOTAL,103.0,193475266.0,82917971.0,0.0,154780.0,276393239.0,51505.0,0.0,1503.0,1250.0
CHL,Chile,IND,S,S+SR/LFBR/CDH+ERH/H:1/IND:6,TOTAL,1813.0,1852965462.0,794128053.0,0.0,1482372.0,2647093511.0,493279.0,0.0,818.0,1250.0
CHL,Chile,COM,S,S+SR/LFBR/CDH+ERH/H:2/COM:1,TOTAL,684.0,585625719.0,146406434.0,0.0,354925.0,732032155.0,134007.0,0.0,519.0,1650.0
CHL,Chile,COM,S,S+SR/LFBR/CDH+ERH/H:2/COM:2,TOTAL,1627.0,1350520699.0,337630169.0,0.0,818497.0,1688150869.0,309035.0,0.0,503.0,1650.0
CHL,Chile,COM,S,S+SR/LFBR/CDH+ERH/H:2/COM:3,TOTAL,868.0,460835291.0,115208814.0,0.0,279294.0,576044105.0,105452.0,0.0,322.0,1650.0
CHL,Chile,COM,S,S+SR/LFBR/CDH+ERH/H:2/COM:3B,TOTAL,777.0,676710686.0,169177670.0,0.0,410128.0,845888360.0,154850.0,0.0,528.0,1650.0
CHL,Chile,COM,S,S+SR/LFBR/CDH+ERH/H:2/COM:3C,TOTAL,35.0,15983107.0,3995777.0,0.0,9687.0,19978885.0,3657.0,0.0,277.0,1650.0
CHL,Chile,COM,S,S+SR/LFBR/CDH+ERH/H:2/COM:5,TOTAL,158.0,144613907.0,36153478.0,0.0,87645.0,180767385.0,33092.0,0.0,555.0,1650.0
CHL,Chile,COM,S,S+SR/LFBR/CDH+ERH/H:2/COM:5A,TOTAL,26.0,8263706.0,2065928.0,0.0,5008.0,10329635.0,1891.0,0.0,193.0,1650.0
CHL,Chile,COM,S,S+SR/LFBR/CDH+ERH/H:2/COM:5B,TOTAL,77.0,72734251.0,18183566.0,0.0,44081.0,90917818.0,16644.0,0.0,572.0,1650.0
CHL,Chile,IND,S,S+SR/LFBR/CDH+ERH/H:2/IND:1,TOTAL,294.0,307163289.0,131641413.0,0.0,245731.0,438804708.0,81827.0,0.0,836.0,1250.0
CHL,Chile,IND,S,S+SR/LFBR/CDH+ERH/H:2/IND:2,TOTAL,1524.0,1552302782.0,665272620.0,0.0,1241842.0,2217575404.0,413525.0,0.0,815.0,1250.0
CHL,Chile,IND,S,S+SR/LFBR/CDH+ERH/H:2/IND:3,TOTAL,153.0,173644293.0,74418981.0,0.0,138915.0,248063276.0,46258.0,0.0,908.0,1250.0
CHL,Chile,IND,S,S+SR/LFBR/CDH+ERH/H:2/IND:4,TOTAL,20.0,37424406.0,16039032.0,0.0,29940.0,53463438.0,9970.0,0.0,1497.0,1250.0
CHL,Chile,IND,S,S+SR/LFBR/CDH+ERH/H:2/IND:6,TOTAL,1095.0,1138006686.0,487717154.0,0.0,910405.0,1625723828.0,303159.0,0.0,831.0,1250.0
CHL,Chile,COM,S,S+SR/LFBR/CDH+ERH/H:3/COM:1,TOTAL,1532.0,2954858109.0,738714525.0,0.0,1790823.0,3693572635.0,676508.0,0.0,1169.0,1650.0
CHL,Chile,COM,S,S+SR/LFBR/CDH+ERH/H:3/COM:2,TOTAL,6276.0,6743445699.0,1685861423.0,0.0,4086937.0,8429307119.0,1543897.0,0.0,651.0,1650.0
CHL,Chile,COM,S,S+SR/LFBR/CDH+ERH/H:3/COM:3,TOTAL,1815.0,1871953487.0,467988374.0,0.0,1134517.0,2339941860.0,428580.0,0.0,625.0,1650.0
CHL,Chile,COM,S,S+SR/LFBR/CDH+ERH/H:3/COM:3B,TOTAL,1686.0,3845907749.0,961476940.0,0.0,2330853.0,4807384695.0,880512.0,0.0,1382.0,1650.0
CHL,Chile,COM,S,S+SR/LFBR/CDH+ERH/H:3/COM:3C,TOTAL,49.0,16584437.0,4146106.0,0.0,10051.0,20730546.0,3797.0,0.0,205.0,1650.0
CHL,Chile,COM,S,S+SR/LFBR/CDH+ERH/H:3/COM:5,TOTAL,653.0,585662109.0,146415528.0,0.0,354947.0,732077628.0,134086.0,0.0,544.0,1650.0
CHL,Chile,COM,S,S+SR/LFBR/CDH+ERH/H:3/COM:5A,TOTAL,62.0,36028680.0,9007169.0,0.0,21836.0,45035851.0,8249.0,0.0,352.0,1650.0
CHL,Chile,COM,S,S+SR/LFBR/CDH+ERH/H:3/COM:5B,TOTAL,333.0,314349708.0,78587427.0,0.0,190515.0,392937137.0,71970.0,0.0,572.0,1650.0
CHL,Chile,COM,S,S+SR/LFBR/CDH+ERH/H:4/COM:3,TOTAL,1109.0,1229121352.0,307280339.0,0.0,744922.0,1536401691.0,281554.0,0.0,672.0,1650.0
CHL,Chile,COM,S,S+SR/LFBR/CDH+ERH/H:4/COM:3C,TOTAL,29.0,8925056.0,2231264.0,0.0,5409.0,11156323.0,2044.0,0.0,187.0,1650.0
CHL,Chile,COM,S,S+SR/LFBR/CDH+ERH/H:5/COM:3,TOTAL,486.0,438941062.0,109735269.0,0.0,266025.0,548676329.0,100601.0,0.0,547.0,1650.0
CHL,Chile,COM,S,S+SR/LFBR/CDH+ERH/H:5/COM:3C,TOTAL,7.0,1995353.0,498838.0,0.0,1209.0,2494192.0,457.0,0.0,173.0,1650.0
CHL,Chile,COM,S,S+SR/LFBR/CDH+ERH/H:6/COM:3,TOTAL,275.0,188192073.0,47048017.0,0.0,114056.0,235240097.0,43155.0,0.0,415.0,1650.0
CHL,Chile,COM,S,S+SR/LFBR/CDH+ERH/H:6/COM:3C,TOTAL,8.0,2322516.0,580630.0,0.0,1408.0,2903145.0,533.0,0.0,176.0,1650.0
CHL,Chile,COM,S,S+SR/LFBR/CDH+ERH/H:7/COM:3,TOTAL,219.0,130643141.0,32660783.0,0.0,79178.0,163303931.0,29974.0,0.0,362.0,1650.0
CHL,Chile,COM,S,S+SR/LFBR/CDH+ERH/H:7/COM:3C,TOTAL,1.0,724665.0,181166.0,0.0,439.0,905831.0,166.0,0.0,439.0,1651.0
CHL,Chile,COM,S,S+SR/LFBR/CDH+ERH/H:8/COM:3,TOTAL,149.0,90579171.0,22644793.0,0.0,54896.0,113223961.0,20793.0,0.0,368.0,1650.0
CHL,Chile,COM,S,S+SR/LFBR/CDH+ERH/H:8/COM:3C,TOTAL,3.0,2202644.0,550661.0,0.0,1335.0,2753306.0,506.0,0.0,445.0,1650.0
CHL,Chile,COM,S,S+SR/LFBR/CDH+ERH/H:9/COM:3,TOTAL,110.0,61940202.0,15485049.0,0.0,37540.0,77425256.0,14226.0,0.0,341.0,1650.0
CHL,Chile,IND,S,S+SR/LFBR/CDH+ERH/H:>2/IND:1,TOTAL,2438.0,2144872355.0,919231010.0,0.0,1715898.0,3064103360.0,571776.0,0.0,704.0,1250.0
CHL,Chile,IND,S,S+SR/LFBR/CDH+ERH/H:>2/IND:2,TOTAL,12130.0,10749783378.0,4607050023.0,0.0,8599827.0,15356833405.0,2865655.0,0.0,709.0,1250.0
CHL,Chile,IND,S,S+SR/LFBR/CDH+ERH/H:>2/IND:3,TOTAL,1197.0,1069428757.0,458326613.0,0.0,855543.0,1527755365.0,285086.0,0.0,715.0,1250.0
CHL,Chile,IND,S,S+SR/LFBR/CDH+ERH/H:>2/IND:4,TOTAL,59.0,82677524.0,35433225.0,0.0,66142.0,118110751.0,22040.0,0.0,1121.0,1250.0
CHL,Chile,IND,S,S+SR/LFBR/CDH+ERH/H:>2/IND:6,TOTAL,8447.0,7694581006.0,3297677575.0,0.0,6155665.0,10992258578.0,2051205.0,0.0,729.0,1250.0
CHL,Chile,COM,S,S+SR/LFBR/CDH+ERH/H:>9/COM:3,TOTAL,215.0,247827696.0,61956921.0,0.0,150199.0,309784625.0,56950.0,0.0,699.0,1650.0
CHL,Chile,COM,S,S+SR/LFBR/CDH+ERH/H:>9/COM:3C,TOTAL,5.0,1072911.0,268227.0,0.0,650.0,1341138.0,247.0,0.0,130.0,1651.0
CHL,Chile,COM,S,S+SR/LFBR/CDL+ERL/H:1/COM:1,TOTAL,58.0,22965972.0,5741494.0,0.0,13919.0,28707471.0,5253.0,0.0,240.0,1650.0
CHL,Chile,COM,S,S+SR/LFBR/CDL+ERL/H:1/COM:2,TOTAL,125.0,74663680.0,18665920.0,0.0,45251.0,93329597.0,17076.0,0.0,362.0,1650.0
CHL,Chile,COM,S,S+SR/LFBR/CDL+ERL/H:1/COM:3,TOTAL,50.0,30097020.0,7524255.0,0.0,18241.0,37621274.0,6883.0,0.0,365.0,1650.0
CHL,Chile,COM,S,S+SR/LFBR/CDL+ERL/H:1/COM:3B,TOTAL,92.0,35448152.0,8862036.0,0.0,21484.0,44310186.0,8107.0,0.0,234.0,1650.0
CHL,Chile,COM,S,S+SR/LFBR/CDL+ERL/H:1/COM:5,TOTAL,22.0,25705104.0,6426276.0,0.0,15579.0,32131379.0,5879.0,0.0,708.0,1650.0
CHL,Chile,COM,S,S+SR/LFBR/CDL+ERL/H:1/COM:5A,TOTAL,1.0,1310437.0,327609.0,0.0,794.0,1638046.0,300.0,0.0,794.0,1650.0
CHL,Chile,COM,S,S+SR/LFBR/CDL+ERL/H:1/COM:5B,TOTAL,5.0,7210363.0,1802590.0,0.0,4370.0,9012953.0,1649.0,0.0,874.0,1650.0
CHL,Chile,IND,S,S+SR/LFBR/CDL+ERL/H:1/IND:1,TOTAL,56.0,32834986.0,14072134.0,0.0,26268.0,46907121.0,8741.0,0.0,469.0,1250.0
CHL,Chile,IND,S,S+SR/LFBR/CDL+ERL/H:1/IND:2,TOTAL,218.0,155128488.0,66483636.0,0.0,124103.0,221612123.0,41297.0,0.0,569.0,1250.0
CHL,Chile,IND,S,S+SR/LFBR/CDL+ERL/H:1/IND:3,TOTAL,20.0,14206927.0,6088681.0,0.0,11366.0,20295608.0,3782.0,0.0,568.0,1250.0
CHL,Chile,IND,S,S+SR/LFBR/CDL+ERL/H:1/IND:4,TOTAL,6.0,12628014.0,5412006.0,0.0,10102.0,18040019.0,3362.0,0.0,1684.0,1250.0
CHL,Chile,IND,S,S+SR/LFBR/CDL+ERL/H:1/IND:6,TOTAL,172.0,142110128.0,60904340.0,0.0,113688.0,203014467.0,37831.0,0.0,661.0,1250.0
CHL,Chile,COM,S,S+SR/LFBR/CDL+ERL/H:2/COM:1,TOTAL,39.0,12505233.0,3126307.0,0.0,7579.0,15631541.0,2862.0,0.0,194.0,1650.0
CHL,Chile,COM,S,S+SR/LFBR/CDL+ERL/H:2/COM:2,TOTAL,95.0,111306954.0,27826740.0,0.0,67459.0,139133693.0,25470.0,0.0,710.0,1650.0
CHL,Chile,COM,S,S+SR/LFBR/CDL+ERL/H:2/COM:3,TOTAL,31.0,14486526.0,3621632.0,0.0,8780.0,18108158.0,3315.0,0.0,283.0,1650.0
CHL,Chile,COM,S,S+SR/LFBR/CDL+ERL/H:2/COM:3B,TOTAL,41.0,18179934.0,4544983.0,0.0,11018.0,22724920.0,4160.0,0.0,269.0,1650.0
CHL,Chile,COM,S,S+SR/LFBR/CDL+ERL/H:2/COM:5,TOTAL,16.0,13916124.0,3479032.0,0.0,8434.0,17395155.0,3184.0,0.0,527.0,1650.0
CHL,Chile,COM,S,S+SR/LFBR/CDL+ERL/H:2/COM:5A,TOTAL,1.0,1270691.0,317673.0,0.0,770.0,1588364.0,291.0,0.0,770.0,1650.0
CHL,Chile,COM,S,S+SR/LFBR/CDL+ERL/H:2/COM:5B,TOTAL,1.0,69774.0,17443.0,0.0,42.0,87217.0,16.0,0.0,42.0,1661.0
CHL,Chile,IND,S,S+SR/LFBR/CDL+ERL/H:2/IND:1,TOTAL,17.0,19463145.0,8341347.0,0.0,15571.0,27804496.0,5185.0,0.0,916.0,1250.0
CHL,Chile,IND,S,S+SR/LFBR/CDL+ERL/H:2/IND:2,TOTAL,176.0,161922322.0,69395283.0,0.0,129538.0,231317605.0,43135.0,0.0,736.0,1250.0
CHL,Chile,IND,S,S+SR/LFBR/CDL+ERL/H:2/IND:3,TOTAL,11.0,10515251.0,4506536.0,0.0,8412.0,15021787.0,2801.0,0.0,765.0,1250.0
CHL,Chile,IND,S,S+SR/LFBR/CDL+ERL/H:2/IND:4,TOTAL,2.0,317903.0,136244.0,0.0,254.0,454147.0,85.0,0.0,127.0,1252.0
CHL,Chile,IND,S,S+SR/LFBR/CDL+ERL/H:2/IND:6,TOTAL,86.0,92782709.0,39764017.0,0.0,74226.0,132546728.0,24717.0,0.0,863.0,1250.0
CHL,Chile,COM,S,S+SR/LFBR/CDL+ERL/H:3/COM:1,TOTAL,161.0,139286832.0,34821707.0,0.0,84416.0,174108537.0,31890.0,0.0,524.0,1650.0
CHL,Chile,COM,S,S+SR/LFBR/CDL+ERL/H:3/COM:2,TOTAL,627.0,409453996.0,102363502.0,0.0,248154.0,511817491.0,93744.0,0.0,396.0,1650.0
CHL,Chile,COM,S,S+SR/LFBR/CDL+ERL/H:3/COM:3,TOTAL,132.0,104252244.0,26063062.0,0.0,63183.0,130315304.0,23868.0,0.0,479.0,1650.0
CHL,Chile,COM,S,S+SR/LFBR/CDL+ERL/H:3/COM:3B,TOTAL,186.0,196334089.0,49083521.0,0.0,118990.0,245417607.0,44950.0,0.0,640.0,1650.0
CHL,Chile,COM,S,S+SR/LFBR/CDL+ERL/H:3/COM:5,TOTAL,56.0,59169561.0,14792389.0,0.0,35860.0,73961952.0,13547.0,0.0,640.0,1650.0
CHL,Chile,COM,S,S+SR/LFBR/CDL+ERL/H:3/COM:5A,TOTAL,2.0,134811.0,33702.0,0.0,82.0,168513.0,31.0,0.0,41.0,1644.0
CHL,Chile,COM,S,S+SR/LFBR/CDL+ERL/H:3/COM:5B,TOTAL,21.0,24154617.0,6038655.0,0.0,14639.0,30193274.0,5530.0,0.0,697.0,1650.0
CHL,Chile,COM,S,S+SR/LFBR/CDL+ERL/H:4/COM:3,TOTAL,96.0,79087980.0,19771997.0,0.0,47932.0,98859975.0,18117.0,0.0,499.0,1650.0
CHL,Chile,COM,S,S+SR/LFBR/CDL+ERL/H:5/COM:3,TOTAL,38.0,28236944.0,7059235.0,0.0,17113.0,35296179.0,6472.0,0.0,450.0,1650.0
CHL,Chile,COM,S,S+SR/LFBR/CDL+ERL/H:5/COM:3C,TOTAL,2.0,1326305.0,331576.0,0.0,804.0,1657881.0,304.0,0.0,402.0,1650.0
CHL,Chile,COM,S,S+SR/LFBR/CDL+ERL/H:6/COM:3,TOTAL,22.0,10175887.0,2543970.0,0.0,6167.0,12719857.0,2333.0,0.0,280.0,1650.0
CHL,Chile,COM,S,S+SR/LFBR/CDL+ERL/H:7/COM:3,TOTAL,16.0,10698050.0,2674513.0,0.0,6484.0,13372564.0,2455.0,0.0,405.0,1650.0
CHL,Chile,COM,S,S+SR/LFBR/CDL+ERL/H:8/COM:3,TOTAL,9.0,3158612.0,789654.0,0.0,1914.0,3948267.0,725.0,0.0,213.0,1650.0
CHL,Chile,COM,S,S+SR/LFBR/CDL+ERL/H:9/COM:3,TOTAL,12.0,6687250.0,1671814.0,0.0,4053.0,8359065.0,1536.0,0.0,338.0,1650.0
CHL,Chile,IND,S,S+SR/LFBR/CDL+ERL/H:>2/IND:1,TOTAL,358.0,292357883.0,125296237.0,0.0,233886.0,417654110.0,77936.0,0.0,653.0,1250.0
CHL,Chile,IND,S,S+SR/LFBR/CDL+ERL/H:>2/IND:2,TOTAL,1592.0,1310032320.0,561442421.0,0.0,1048026.0,1871474744.0,349226.0,0.0,658.0,1250.0
CHL,Chile,IND,S,S+SR/LFBR/CDL+ERL/H:>2/IND:3,TOTAL,153.0,136030414.0,58298749.0,0.0,108824.0,194329166.0,36263.0,0.0,711.0,1250.0
CHL,Chile,IND,S,S+SR/LFBR/CDL+ERL/H:>2/IND:4,TOTAL,8.0,4688107.0,2009188.0,0.0,3750.0,6697295.0,1250.0,0.0,469.0,1250.0
CHL,Chile,IND,S,S+SR/LFBR/CDL+ERL/H:>2/IND:6,TOTAL,1120.0,977024751.0,418724890.0,0.0,781620.0,1395749651.0,260453.0,0.0,698.0,1250.0
CHL,Chile,COM,S,S+SR/LFBR/CDL+ERL/H:>9/COM:3,TOTAL,22.0,22017806.0,5504449.0,0.0,13344.0,27522259.0,5060.0,0.0,607.0,1650.0
CHL,Chile,COM,S,S+SR/LFBR/CDM+ERM/H:1/COM:1,TOTAL,252.0,84804745.0,21201188.0,0.0,51397.0,106005929.0,19396.0,0.0,204.0,1650.0
CHL,Chile,COM,S,S+SR/LFBR/CDM+ERM/H:1/COM:2,TOTAL,429.0,254833450.0,63708362.0,0.0,154445.0,318541812.0,58282.0,0.0,360.0,1650.0
CHL,Chile,COM,S,S+SR/LFBR/CDM+ERM/H:1/COM:3,TOTAL,213.0,76954386.0,19238598.0,0.0,46639.0,96192982.0,17600.0,0.0,219.0,1650.0
CHL,Chile,COM,S,S+SR/LFBR/CDM+ERM/H:1/COM:3B,TOTAL,351.0,117600903.0,29400226.0,0.0,71273.0,147001122.0,26896.0,0.0,203.0,1650.0
CHL,Chile,COM,S,S+SR/LFBR/CDM+ERM/H:1/COM:3C,TOTAL,1.0,481986.0,120497.0,0.0,292.0,602483.0,110.0,0.0,292.0,1651.0
CHL,Chile,COM,S,S+SR/LFBR/CDM+ERM/H:1/COM:5,TOTAL,74.0,83814372.0,20953601.0,0.0,50797.0,104767970.0,19169.0,0.0,686.0,1650.0
CHL,Chile,COM,S,S+SR/LFBR/CDM+ERM/H:1/COM:5A,TOTAL,5.0,5162244.0,1290561.0,0.0,3129.0,6452805.0,1181.0,0.0,626.0,1650.0
CHL,Chile,COM,S,S+SR/LFBR/CDM+ERM/H:1/COM:5B,TOTAL,38.0,44923546.0,11230885.0,0.0,27226.0,56154438.0,10274.0,0.0,716.0,1650.0
CHL,Chile,IND,S,S+SR/LFBR/CDM+ERM/H:1/IND:1,TOTAL,115.0,90266290.0,38685555.0,0.0,72213.0,128951840.0,24030.0,0.0,628.0,1250.0
CHL,Chile,IND,S,S+SR/LFBR/CDM+ERM/H:1/IND:2,TOTAL,559.0,487135976.0,208772562.0,0.0,389709.0,695908545.0,129681.0,0.0,697.0,1250.0
CHL,Chile,IND,S,S+SR/LFBR/CDM+ERM/H:1/IND:3,TOTAL,45.0,40289037.0,17266731.0,0.0,32231.0,57555773.0,10725.0,0.0,716.0,1250.0
CHL,Chile,IND,S,S+SR/LFBR/CDM+ERM/H:1/IND:4,TOTAL,26.0,44396431.0,19027043.0,0.0,35517.0,63423475.0,11819.0,0.0,1366.0,1250.0
CHL,Chile,IND,S,S+SR/LFBR/CDM+ERM/H:1/IND:6,TOTAL,362.0,279606810.0,119831487.0,0.0,223685.0,399438295.0,74435.0,0.0,618.0,1250.0
CHL,Chile,COM,S,S+SR/LFBR/CDM+ERM/H:2/COM:1,TOTAL,154.0,72497896.0,18124473.0,0.0,43938.0,90622372.0,16590.0,0.0,285.0,1650.0
CHL,Chile,COM,S,S+SR/LFBR/CDM+ERM/H:2/COM:2,TOTAL,377.0,197069388.0,49267347.0,0.0,119436.0,246336735.0,45095.0,0.0,317.0,1650.0
CHL,Chile,COM,S,S+SR/LFBR/CDM+ERM/H:2/COM:3,TOTAL,135.0,58592682.0,14648175.0,0.0,35511.0,73240860.0,13408.0,0.0,263.0,1650.0
CHL,Chile,COM,S,S+SR/LFBR/CDM+ERM/H:2/COM:3B,TOTAL,205.0,108086416.0,27021604.0,0.0,65507.0,135108020.0,24733.0,0.0,320.0,1650.0
CHL,Chile,COM,S,S+SR/LFBR/CDM+ERM/H:2/COM:5,TOTAL,34.0,33838872.0,8459719.0,0.0,20508.0,42298591.0,7743.0,0.0,603.0,1650.0
CHL,Chile,COM,S,S+SR/LFBR/CDM+ERM/H:2/COM:5A,TOTAL,2.0,139877.0,34969.0,0.0,85.0,174847.0,32.0,0.0,42.0,1646.0
CHL,Chile,COM,S,S+SR/LFBR/CDM+ERM/H:2/COM:5B,TOTAL,19.0,21188382.0,5297093.0,0.0,12841.0,26485476.0,4849.0,0.0,676.0,1650.0
CHL,Chile,IND,S,S+SR/LFBR/CDM+ERM/H:2/IND:1,TOTAL,65.0,64239203.0,27531086.0,0.0,51391.0,91770288.0,17113.0,0.0,791.0,1250.0
CHL,Chile,IND,S,S+SR/LFBR/CDM+ERM/H:2/IND:2,TOTAL,364.0,309421993.0,132609428.0,0.0,247538.0,442031410.0,82429.0,0.0,680.0,1250.0
CHL,Chile,IND,S,S+SR/LFBR/CDM+ERM/H:2/IND:3,TOTAL,32.0,24730008.0,10598576.0,0.0,19784.0,35328586.0,6588.0,0.0,618.0,1250.0
CHL,Chile,IND,S,S+SR/LFBR/CDM+ERM/H:2/IND:4,TOTAL,9.0,10229480.0,4384063.0,0.0,8184.0,14613542.0,2725.0,0.0,909.0,1250.0
CHL,Chile,IND,S,S+SR/LFBR/CDM+ERM/H:2/IND:6,TOTAL,258.0,210744887.0,90319239.0,0.0,168596.0,301064119.0,56141.0,0.0,653.0,1250.0
CHL,Chile,COM,S,S+SR/LFBR/CDM+ERM/H:3/COM:1,TOTAL,619.0,528786590.0,132196650.0,0.0,320477.0,660983240.0,121065.0,0.0,518.0,1650.0
CHL,Chile,COM,S,S+SR/LFBR/CDM+ERM/H:3/COM:2,TOTAL,2733.0,1172402236.0,293100562.0,0.0,710547.0,1465502789.0,268419.0,0.0,260.0,1650.0
CHL,Chile,COM,S,S+SR/LFBR/CDM+ERM/H:3/COM:3,TOTAL,363.0,265045351.0,66261334.0,0.0,160634.0,331306677.0,60682.0,0.0,443.0,1650.0
CHL,Chile,COM,S,S+SR/LFBR/CDM+ERM/H:3/COM:3B,TOTAL,799.0,827729754.0,206932443.0,0.0,501654.0,1034662194.0,189507.0,0.0,628.0,1650.0
CHL,Chile,COM,S,S+SR/LFBR/CDM+ERM/H:3/COM:3C,TOTAL,4.0,2239709.0,559927.0,0.0,1357.0,2799636.0,513.0,0.0,339.0,1650.0
CHL,Chile,COM,S,S+SR/LFBR/CDM+ERM/H:3/COM:5,TOTAL,191.0,180381292.0,45095320.0,0.0,109322.0,225476611.0,41298.0,0.0,572.0,1650.0
CHL,Chile,COM,S,S+SR/LFBR/CDM+ERM/H:3/COM:5A,TOTAL,8.0,4447099.0,1111775.0,0.0,2695.0,5558874.0,1018.0,0.0,337.0,1650.0
CHL,Chile,COM,S,S+SR/LFBR/CDM+ERM/H:3/COM:5B,TOTAL,87.0,85222713.0,21305680.0,0.0,51650.0,106528390.0,19512.0,0.0,594.0,1650.0
CHL,Chile,COM,S,S+SR/LFBR/CDM+ERM/H:4/COM:3,TOTAL,254.0,202187036.0,50546760.0,0.0,122538.0,252733794.0,46315.0,0.0,482.0,1650.0
CHL,Chile,COM,S,S+SR/LFBR/CDM+ERM/H:4/COM:3C,TOTAL,2.0,911729.0,227932.0,0.0,553.0,1139662.0,209.0,0.0,276.0,1649.0
CHL,Chile,COM,S,S+SR/LFBR/CDM+ERM/H:5/COM:3,TOTAL,116.0,99057791.0,24764445.0,0.0,60035.0,123822238.0,22703.0,0.0,518.0,1650.0
CHL,Chile,COM,S,S+SR/LFBR/CDM+ERM/H:6/COM:3,TOTAL,63.0,45623198.0,11405799.0,0.0,27650.0,57028992.0,10462.0,0.0,439.0,1650.0
CHL,Chile,COM,S,S+SR/LFBR/CDM+ERM/H:6/COM:3C,TOTAL,1.0,448281.0,112070.0,0.0,272.0,560351.0,103.0,0.0,272.0,1648.0
CHL,Chile,COM,S,S+SR/LFBR/CDM+ERM/H:7/COM:3,TOTAL,45.0,24868889.0,6217223.0,0.0,15072.0,31086112.0,5706.0,0.0,335.0,1650.0
CHL,Chile,COM,S,S+SR/LFBR/CDM+ERM/H:8/COM:3,TOTAL,35.0,26211143.0,6552786.0,0.0,15886.0,32763933.0,6017.0,0.0,454.0,1650.0
CHL,Chile,COM,S,S+SR/LFBR/CDM+ERM/H:9/COM:3,TOTAL,30.0,14426074.0,3606518.0,0.0,8743.0,18032591.0,3313.0,0.0,291.0,1650.0
CHL,Chile,IND,S,S+SR/LFBR/CDM+ERM/H:>2/IND:1,TOTAL,893.0,554776711.0,237761449.0,0.0,443821.0,792538156.0,147892.0,0.0,497.0,1250.0
CHL,Chile,IND,S,S+SR/LFBR/CDM+ERM/H:>2/IND:2,TOTAL,4619.0,2935274777.0,1257974905.0,0.0,2348220.0,4193249685.0,782480.0,0.0,508.0,1250.0
CHL,Chile,IND,S,S+SR/LFBR/CDM+ERM/H:>2/IND:3,TOTAL,490.0,301284667.0,129122002.0,0.0,241028.0,430406668.0,80316.0,0.0,492.0,1250.0
CHL,Chile,IND,S,S+SR/LFBR/CDM+ERM/H:>2/IND:4,TOTAL,41.0,41655535.0,17852372.0,0.0,33324.0,59507906.0,11104.0,0.0,813.0,1250.0
CHL,Chile,IND,S,S+SR/LFBR/CDM+ERM/H:>2/IND:6,TOTAL,3287.0,2083364097.0,892870324.0,0.0,1666691.0,2976234418.0,555379.0,0.0,507.0,1250.0
CHL,Chile,COM,S,S+SR/LFBR/CDM+ERM/H:>9/COM:3,TOTAL,63.0,69253762.0,17313441.0,0.0,41972.0,86567204.0,15914.0,0.0,666.0,1650.0
CHL,Chile,COM,S,S+SR/LFBR/CDN+ERL/H:1/COM:1,TOTAL,26.0,7084439.0,1771110.0,0.0,4294.0,8855549.0,1620.0,0.0,165.0,1650.0
CHL,Chile,COM,S,S+SR/LFBR/CDN+ERL/H:1/COM:2,TOTAL,21.0,8485488.0,2121372.0,0.0,5143.0,10606861.0,1941.0,0.0,245.0,1650.0
CHL,Chile,COM,S,S+SR/LFBR/CDN+ERL/H:1/COM:3,TOTAL,2.0,606696.0,151674.0,0.0,368.0,758370.0,139.0,0.0,184.0,1649.0
CHL,Chile,COM,S,S+SR/LFBR/CDN+ERL/H:1/COM:3B,TOTAL,23.0,3650289.0,912572.0,0.0,2212.0,4562861.0,835.0,0.0,96.0,1650.0
CHL,Chile,IND,S,S+SR/LFBR/CDN+ERL/H:1/IND:1,TOTAL,1.0,2379802.0,1019915.0,0.0,1904.0,3399717.0,634.0,0.0,1904.0,1250.0
CHL,Chile,IND,S,S+SR/LFBR/CDN+ERL/H:1/IND:2,TOTAL,9.0,8131798.0,3485055.0,0.0,6505.0,11616853.0,2165.0,0.0,723.0,1250.0
CHL,Chile,IND,S,S+SR/LFBR/CDN+ERL/H:1/IND:3,TOTAL,1.0,375355.0,160866.0,0.0,300.0,536221.0,100.0,0.0,300.0,1251.0
CHL,Chile,IND,S,S+SR/LFBR/CDN+ERL/H:1/IND:4,TOTAL,9.0,42425325.0,18182282.0,0.0,33940.0,60607607.0,11294.0,0.0,3771.0,1250.0
CHL,Chile,IND,S,S+SR/LFBR/CDN+ERL/H:1/IND:6,TOTAL,4.0,10005635.0,4288130.0,0.0,8005.0,14293766.0,2664.0,0.0,2001.0,1250.0
CHL,Chile,COM,S,S+SR/LFBR/CDN+ERL/H:2/COM:1,TOTAL,13.0,1494823.0,373706.0,0.0,906.0,1868529.0,342.0,0.0,70.0,1650.0
CHL,Chile,COM,S,S+SR/LFBR/CDN+ERL/H:2/COM:2,TOTAL,15.0,930236.0,232558.0,0.0,564.0,1162795.0,213.0,0.0,38.0,1649.0
CHL,Chile,COM,S,S+SR/LFBR/CDN+ERL/H:2/COM:3,TOTAL,6.0,2000951.0,500238.0,0.0,1213.0,2501190.0,458.0,0.0,202.0,1650.0
CHL,Chile,COM,S,S+SR/LFBR/CDN+ERL/H:2/COM:3B,TOTAL,20.0,6164574.0,1541145.0,0.0,3736.0,7705718.0,1411.0,0.0,187.0,1650.0
CHL,Chile,COM,S,S+SR/LFBR/CDN+ERL/H:2/COM:5B,TOTAL,1.0,481986.0,120497.0,0.0,292.0,602483.0,110.0,0.0,292.0,1651.0
CHL,Chile,IND,S,S+SR/LFBR/CDN+ERL/H:2/IND:1,TOTAL,3.0,5878888.0,2519524.0,0.0,4703.0,8398412.0,1566.0,0.0,1568.0,1250.0
CHL,Chile,IND,S,S+SR/LFBR/CDN+ERL/H:2/IND:2,TOTAL,8.0,18354092.0,7866039.0,0.0,14683.0,26220131.0,4889.0,0.0,1835.0,1250.0
CHL,Chile,IND,S,S+SR/LFBR/CDN+ERL/H:2/IND:3,TOTAL,1.0,1372471.0,588202.0,0.0,1098.0,1960673.0,366.0,0.0,1098.0,1250.0
CHL,Chile,IND,S,S+SR/LFBR/CDN+ERL/H:2/IND:4,TOTAL,5.0,29272581.0,12545392.0,0.0,23418.0,41817972.0,7798.0,0.0,4684.0,1250.0
CHL,Chile,IND,S,S+SR/LFBR/CDN+ERL/H:2/IND:6,TOTAL,8.0,17699135.0,7585344.0,0.0,14159.0,25284480.0,4715.0,0.0,1770.0,1250.0
CHL,Chile,COM,S,S+SR/LFBR/CDN+ERL/H:3/COM:1,TOTAL,49.0,18460218.0,4615054.0,0.0,11188.0,23075271.0,4226.0,0.0,228.0,1650.0
CHL,Chile,COM,S,S+SR/LFBR/CDN+ERL/H:3/COM:2,TOTAL,173.0,31808274.0,7952068.0,0.0,19278.0,39760340.0,7282.0,0.0,111.0,1650.0
CHL,Chile,COM,S,S+SR/LFBR/CDN+ERL/H:3/COM:3,TOTAL,11.0,9942581.0,2485646.0,0.0,6026.0,12428225.0,2276.0,0.0,548.0,1650.0
CHL,Chile,COM,S,S+SR/LFBR/CDN+ERL/H:3/COM:3B,TOTAL,65.0,30560660.0,7640165.0,0.0,18522.0,38200826.0,6997.0,0.0,285.0,1650.0
CHL,Chile,COM,S,S+SR/LFBR/CDN+ERL/H:3/COM:5,TOTAL,3.0,3415599.0,853900.0,0.0,2070.0,4269499.0,782.0,0.0,690.0,1650.0
CHL,Chile,COM,S,S+SR/LFBR/CDN+ERL/H:3/COM:5B,TOTAL,1.0,1026328.0,256582.0,0.0,622.0,1282910.0,235.0,0.0,622.0,1650.0
CHL,Chile,COM,S,S+SR/LFBR/CDN+ERL/H:4/COM:3,TOTAL,9.0,20230237.0,5057559.0,0.0,12261.0,25287797.0,4634.0,0.0,1362.0,1650.0
CHL,Chile,COM,S,S+SR/LFBR/CDN+ERL/H:5/COM:3,TOTAL,1.0,539178.0,134794.0,0.0,327.0,673972.0,124.0,0.0,327.0,1649.0
CHL,Chile,COM,S,S+SR/LFBR/CDN+ERL/H:6/COM:3,TOTAL,3.0,4978270.0,1244568.0,0.0,3017.0,6222838.0,1142.0,0.0,1006.0,1650.0
CHL,Chile,COM,S,S+SR/LFBR/CDN+ERL/H:7/COM:3,TOTAL,4.0,8869423.0,2217355.0,0.0,5375.0,11086779.0,2035.0,0.0,1344.0,1650.0
CHL,Chile,COM,S,S+SR/LFBR/CDN+ERL/H:8/COM:3,TOTAL,1.0,2430155.0,607539.0,0.0,1473.0,3037694.0,558.0,0.0,1473.0,1650.0
CHL,Chile,COM,S,S+SR/LFBR/CDN+ERL/H:9/COM:3,TOTAL,1.0,2430155.0,607539.0,0.0,1473.0,3037694.0,558.0,0.0,1473.0,1650.0
CHL,Chile,IND,S,S+SR/LFBR/CDN+ERL/H:>2/IND:1,TOTAL,18.0,29395110.0,12597904.0,0.0,23516.0,41993015.0,7836.0,0.0,1306.0,1250.0
CHL,Chile,IND,S,S+SR/LFBR/CDN+ERL/H:>2/IND:2,TOTAL,82.0,95345119.0,40862191.0,0.0,76276.0,136207315.0,25417.0,0.0,930.0,1250.0
CHL,Chile,IND,S,S+SR/LFBR/CDN+ERL/H:>2/IND:3,TOTAL,11.0,8928959.0,3826697.0,0.0,7143.0,12755657.0,2380.0,0.0,649.0,1250.0
CHL,Chile,IND,S,S+SR/LFBR/CDN+ERL/H:>2/IND:6,TOTAL,56.0,65000168.0,27857216.0,0.0,52000.0,92857380.0,17328.0,0.0,929.0,1250.0
CHL,Chile,COM,S,S+SR/LFBR/CDN+ERL/H:>9/COM:3,TOTAL,1.0,3986546.0,996636.0,0.0,2416.0,4983182.0,916.0,0.0,2416.0,1650.0
CHL,Chile,COM,W,W+WLI/LFM/CDH+ERH/H:1/COM:1,TOTAL,8308.0,662964564.0,220988195.0,0.0,697857.0,883952736.0,121432.0,0.0,84.0,950.0
CHL,Chile,COM,W,W+WLI/LFM/CDH+ERH/H:1/COM:2,TOTAL,6908.0,471830038.0,157276679.0,0.0,496663.0,629106721.0,86423.0,0.0,72.0,950.0
CHL,Chile,COM,W,W+WLI/LFM/CDH+ERH/H:1/COM:3,TOTAL,7703.0,540432621.0,180144201.0,0.0,568876.0,720576839.0,98988.0,0.0,74.0,950.0
CHL,Chile,COM,W,W+WLI/LFM/CDH+ERH/H:1/COM:3B,TOTAL,6530.0,443654371.0,147884798.0,0.0,467005.0,591539165.0,81262.0,0.0,72.0,950.0
CHL,Chile,COM,W,W+WLI/LFM/CDH+ERH/H:1/COM:3C,TOTAL,1112.0,104976995.0,34992331.0,0.0,110502.0,139969348.0,19228.0,0.0,99.0,950.0
CHL,Chile,COM,W,W+WLI/LFM/CDH+ERH/H:1/COM:5,TOTAL,225.0,31397958.0,10465984.0,0.0,33050.0,41863944.0,5751.0,0.0,147.0,950.0
CHL,Chile,COM,W,W+WLI/LFM/CDH+ERH/H:1/COM:5A,TOTAL,1119.0,107273633.0,35757873.0,0.0,112920.0,143031527.0,19649.0,0.0,101.0,950.0
CHL,Chile,COM,W,W+WLI/LFM/CDH+ERH/H:1/COM:5B,TOTAL,109.0,16257916.0,5419307.0,0.0,17114.0,21677220.0,2978.0,0.0,157.0,950.0
CHL,Chile,IND,W,W+WLI/LFM/CDH+ERH/H:1/IND:1,TOTAL,507.0,34413447.0,18530320.0,0.0,43017.0,52943763.0,7131.0,0.0,85.0,800.0
CHL,Chile,IND,W,W+WLI/LFM/CDH+ERH/H:1/IND:2,TOTAL,2431.0,154353703.0,83113532.0,0.0,192942.0,237467229.0,31982.0,0.0,79.0,800.0
CHL,Chile,IND,W,W+WLI/LFM/CDH+ERH/H:1/IND:3,TOTAL,233.0,13437276.0,7235456.0,0.0,16797.0,20672728.0,2784.0,0.0,72.0,800.0
CHL,Chile,IND,W,W+WLI/LFM/CDH+ERH/H:1/IND:4,TOTAL,12.0,1376803.0,741355.0,0.0,1721.0,2118158.0,285.0,0.0,143.0,800.0
CHL,Chile,IND,W,W+WLI/LFM/CDH+ERH/H:1/IND:6,TOTAL,1536.0,98058375.0,52800668.0,0.0,122573.0,150859050.0,20318.0,0.0,80.0,800.0
CHL,Chile,RES,W,W+WLI/LFM/CDH+ERH/H:1/RES,URBAN,252622.0,13659496895.0,3414874225.0,579199.0,15177219.0,17074371133.0,1580864.0,252954.0,60.0,900.0
CHL,Chile,RES,W,W+WLI/LFM/CDH+ERH/H:1/RES,RURAL,238086.0,11429773488.0,2857443381.0,527833.0,14287217.0,14287216869.0,1488161.0,238120.0,60.0,800.0
CHL,Chile,COM,W,W+WLI/LFM/CDH+ERH/H:2/COM:1,TOTAL,2879.0,365496787.0,121832262.0,0.0,384733.0,487329058.0,66984.0,0.0,134.0,950.0
CHL,Chile,COM,W,W+WLI/LFM/CDH+ERH/H:2/COM:2,TOTAL,4958.0,301098113.0,100366048.0,0.0,316945.0,401464153.0,55182.0,0.0,64.0,950.0
CHL,Chile,COM,W,W+WLI/LFM/CDH+ERH/H:2/COM:3,TOTAL,3842.0,441370588.0,147123535.0,0.0,464601.0,588494128.0,80889.0,0.0,121.0,950.0
CHL,Chile,COM,W,W+WLI/LFM/CDH+ERH/H:2/COM:3B,TOTAL,2571.0,276700854.0,92233616.0,0.0,291264.0,368934479.0,50710.0,0.0,113.0,950.0
CHL,Chile,COM,W,W+WLI/LFM/CDH+ERH/H:2/COM:3C,TOTAL,500.0,49064286.0,16354766.0,0.0,51647.0,65419042.0,8992.0,0.0,103.0,950.0
CHL,Chile,COM,W,W+WLI/LFM/CDH+ERH/H:2/COM:5,TOTAL,154.0,28424172.0,9474724.0,0.0,29920.0,37898895.0,5209.0,0.0,194.0,950.0
CHL,Chile,COM,W,W+WLI/LFM/CDH+ERH/H:2/COM:5A,TOTAL,326.0,53487676.0,17829224.0,0.0,56303.0,71316903.0,9803.0,0.0,173.0,950.0
CHL,Chile,COM,W,W+WLI/LFM/CDH+ERH/H:2/COM:5B,TOTAL,74.0,12436060.0,4145353.0,0.0,13091.0,16581418.0,2279.0,0.0,177.0,950.0
CHL,Chile,IND,W,W+WLI/LFM/CDH+ERH/H:2/IND:1,TOTAL,188.0,12504022.0,6732935.0,0.0,15630.0,19236955.0,2593.0,0.0,83.0,800.0
CHL,Chile,IND,W,W+WLI/LFM/CDH+ERH/H:2/IND:2,TOTAL,986.0,56960231.0,30670896.0,0.0,71200.0,87631132.0,11813.0,0.0,72.0,800.0
CHL,Chile,IND,W,W+WLI/LFM/CDH+ERH/H:2/IND:3,TOTAL,93.0,5605097.0,3018133.0,0.0,7006.0,8623235.0,1163.0,0.0,75.0,800.0
CHL,Chile,IND,W,W+WLI/LFM/CDH+ERH/H:2/IND:4,TOTAL,1.0,24513.0,13199.0,0.0,31.0,37712.0,5.0,0.0,31.0,791.0
CHL,Chile,IND,W,W+WLI/LFM/CDH+ERH/H:2/IND:6,TOTAL,627.0,36680433.0,19751000.0,0.0,45851.0,56431437.0,7607.0,0.0,73.0,800.0
CHL,Chile,RES,W,W+WLI/LFM/CDH+ERH/H:2/RES,URBAN,82238.0,6716618092.0,1679154525.0,295572.0,7462909.0,8395772628.0,777895.0,124382.0,91.0,900.0
CHL,Chile,RES,W,W+WLI/LFM/CDH+ERH/H:2/RES,RURAL,41683.0,3030147666.0,757536916.0,145240.0,3787685.0,3787684568.0,394809.0,63128.0,91.0,800.0
CHL,Chile,RES,W,W+WLI/LFM/CDH+ERH/H:3/RES,RURAL,62451.0,6058776682.0,1514694173.0,292085.0,7573471.0,7573470851.0,789983.0,126225.0,121.0,800.0
CHL,Chile,RES,W,W+WLI/LFM/CDH+ERH/H:3/RES,URBAN,197357.0,21628354977.0,5407088745.0,1004585.0,24031506.0,27035443724.0,2506705.0,400525.0,122.0,900.0
CHL,Chile,IND,W,W+WLI/LFM/CDH+ERH/H:>2/IND:1,TOTAL,1024.0,67067120.0,36113071.0,0.0,83834.0,103180191.0,13920.0,0.0,82.0,800.0
CHL,Chile,IND,W,W+WLI/LFM/CDH+ERH/H:>2/IND:2,TOTAL,5184.0,303481831.0,163413298.0,0.0,379352.0,466895136.0,62988.0,0.0,73.0,800.0
CHL,Chile,IND,W,W+WLI/LFM/CDH+ERH/H:>2/IND:3,TOTAL,533.0,32544219.0,17523807.0,0.0,40680.0,50068031.0,6755.0,0.0,76.0,800.0
CHL,Chile,IND,W,W+WLI/LFM/CDH+ERH/H:>2/IND:4,TOTAL,16.0,553050.0,297796.0,0.0,691.0,850845.0,115.0,0.0,43.0,800.0
CHL,Chile,IND,W,W+WLI/LFM/CDH+ERH/H:>2/IND:6,TOTAL,3471.0,211275708.0,113763841.0,0.0,264095.0,325039558.0,43851.0,0.0,76.0,800.0
CHL,Chile,COM,W,W+WLI/LFM/CDL+ERL/H:1/COM:1,TOTAL,2350.0,203101278.0,67700422.0,0.0,213791.0,270801697.0,37201.0,0.0,91.0,950.0
CHL,Chile,COM,W,W+WLI/LFM/CDL+ERL/H:1/COM:2,TOTAL,3264.0,268320512.0,89440174.0,0.0,282443.0,357760684.0,49147.0,0.0,87.0,950.0
CHL,Chile,COM,W,W+WLI/LFM/CDL+ERL/H:1/COM:3,TOTAL,2433.0,283653462.0,94551151.0,0.0,298583.0,378204608.0,51956.0,0.0,123.0,950.0
CHL,Chile,COM,W,W+WLI/LFM/CDL+ERL/H:1/COM:3B,TOTAL,2782.0,207369758.0,69123256.0,0.0,218284.0,276493001.0,37983.0,0.0,78.0,950.0
CHL,Chile,COM,W,W+WLI/LFM/CDL+ERL/H:1/COM:3C,TOTAL,105.0,18258748.0,6086249.0,0.0,19220.0,24345001.0,3344.0,0.0,183.0,950.0
CHL,Chile,COM,W,W+WLI/LFM/CDL+ERL/H:1/COM:5,TOTAL,115.0,26048676.0,8682894.0,0.0,27420.0,34731569.0,4771.0,0.0,238.0,950.0
CHL,Chile,COM,W,W+WLI/LFM/CDL+ERL/H:1/COM:5A,TOTAL,92.0,13272006.0,4423997.0,0.0,13971.0,17696011.0,2431.0,0.0,152.0,950.0
CHL,Chile,COM,W,W+WLI/LFM/CDL+ERL/H:1/COM:5B,TOTAL,48.0,8858107.0,2952703.0,0.0,9324.0,11810808.0,1623.0,0.0,194.0,950.0
CHL,Chile,IND,W,W+WLI/LFM/CDL+ERL/H:1/IND:1,TOTAL,218.0,18712866.0,10076159.0,0.0,23391.0,28789030.0,3878.0,0.0,107.0,800.0
CHL,Chile,IND,W,W+WLI/LFM/CDL+ERL/H:1/IND:2,TOTAL,1200.0,101791540.0,54810827.0,0.0,127239.0,156602374.0,21091.0,0.0,106.0,800.0
CHL,Chile,IND,W,W+WLI/LFM/CDL+ERL/H:1/IND:3,TOTAL,121.0,10771620.0,5800106.0,0.0,13465.0,16571733.0,2232.0,0.0,111.0,800.0
CHL,Chile,IND,W,W+WLI/LFM/CDL+ERL/H:1/IND:4,TOTAL,35.0,3254666.0,1752511.0,0.0,4068.0,5007180.0,674.0,0.0,116.0,800.0
CHL,Chile,IND,W,W+WLI/LFM/CDL+ERL/H:1/IND:6,TOTAL,791.0,67362289.0,36271997.0,0.0,84203.0,103634290.0,13958.0,0.0,106.0,800.0
CHL,Chile,RES,W,W+WLI/LFM/CDL+ERL/H:1/RES,URBAN,56137.0,3039848399.0,759962097.0,131924.0,3377609.0,3799810501.0,351814.0,56293.0,60.0,900.0
CHL,Chile,RES,W,W+WLI/LFM/CDL+ERL/H:1/RES,RURAL,39802.0,1910760518.0,477690119.0,88488.0,2388451.0,2388450634.0,248783.0,39808.0,60.0,800.0
CHL,Chile,COM,W,W+WLI/LFM/CDL+ERL/H:2/COM:1,TOTAL,968.0,155500778.0,51833589.0,0.0,163685.0,207334374.0,28498.0,0.0,169.0,950.0
CHL,Chile,COM,W,W+WLI/LFM/CDL+ERL/H:2/COM:2,TOTAL,2340.0,195763806.0,65254603.0,0.0,206067.0,261018411.0,35877.0,0.0,88.0,950.0
CHL,Chile,COM,W,W+WLI/LFM/CDL+ERL/H:2/COM:3,TOTAL,1202.0,214694035.0,71564676.0,0.0,225994.0,286258720.0,39347.0,0.0,188.0,950.0
CHL,Chile,COM,W,W+WLI/LFM/CDL+ERL/H:2/COM:3B,TOTAL,1081.0,153865326.0,51288445.0,0.0,161964.0,205153767.0,28199.0,0.0,150.0,950.0
CHL,Chile,COM,W,W+WLI/LFM/CDL+ERL/H:2/COM:3C,TOTAL,81.0,13766882.0,4588959.0,0.0,14491.0,18355846.0,2523.0,0.0,179.0,950.0
CHL,Chile,COM,W,W+WLI/LFM/CDL+ERL/H:2/COM:5,TOTAL,107.0,19559675.0,6519893.0,0.0,20589.0,26079568.0,3585.0,0.0,192.0,950.0
CHL,Chile,COM,W,W+WLI/LFM/CDL+ERL/H:2/COM:5A,TOTAL,50.0,11625345.0,3875113.0,0.0,12237.0,15500460.0,2131.0,0.0,245.0,950.0
CHL,Chile,COM,W,W+WLI/LFM/CDL+ERL/H:2/COM:5B,TOTAL,52.0,8566577.0,2855528.0,0.0,9017.0,11422099.0,1570.0,0.0,173.0,950.0
CHL,Chile,IND,W,W+WLI/LFM/CDL+ERL/H:2/IND:1,TOTAL,75.0,6405814.0,3449289.0,0.0,8007.0,9855104.0,1329.0,0.0,107.0,800.0
CHL,Chile,IND,W,W+WLI/LFM/CDL+ERL/H:2/IND:2,TOTAL,450.0,43081292.0,23197618.0,0.0,53852.0,66278911.0,8934.0,0.0,120.0,800.0
CHL,Chile,IND,W,W+WLI/LFM/CDL+ERL/H:2/IND:3,TOTAL,46.0,3921840.0,2111758.0,0.0,4902.0,6033597.0,813.0,0.0,107.0,800.0
CHL,Chile,IND,W,W+WLI/LFM/CDL+ERL/H:2/IND:4,TOTAL,19.0,944399.0,508522.0,0.0,1180.0,1452921.0,196.0,0.0,62.0,800.0
CHL,Chile,IND,W,W+WLI/LFM/CDL+ERL/H:2/IND:6,TOTAL,323.0,28041853.0,15099458.0,0.0,35052.0,43141312.0,5815.0,0.0,109.0,800.0
CHL,Chile,RES,W,W+WLI/LFM/CDL+ERL/H:2/RES,RURAL,7344.0,533931270.0,133482802.0,25635.0,667414.0,667414063.0,69569.0,11124.0,91.0,800.0
CHL,Chile,RES,W,W+WLI/LFM/CDL+ERL/H:2/RES,URBAN,22698.0,1858688879.0,464672217.0,84157.0,2065210.0,2323361113.0,215267.0,34420.0,91.0,900.0
CHL,Chile,RES,W,W+WLI/LFM/CDL+ERL/H:3/RES,RURAL,12687.0,1234284191.0,308571045.0,60766.0,1542855.0,1542855207.0,160935.0,25714.0,122.0,800.0
CHL,Chile,RES,W,W+WLI/LFM/CDL+ERL/H:3/RES,URBAN,70327.0,7836693768.0,1959173446.0,384982.0,8707438.0,9795867220.0,908266.0,145124.0,124.0,900.0
CHL,Chile,IND,W,W+WLI/LFM/CDL+ERL/H:>2/IND:1,TOTAL,762.0,65258794.0,35139356.0,0.0,81573.0,100398138.0,13545.0,0.0,107.0,800.0
CHL,Chile,IND,W,W+WLI/LFM/CDL+ERL/H:>2/IND:2,TOTAL,3653.0,312702644.0,168378346.0,0.0,390878.0,481081003.0,64902.0,0.0,107.0,800.0
CHL,Chile,IND,W,W+WLI/LFM/CDL+ERL/H:>2/IND:3,TOTAL,314.0,26377990.0,14203535.0,0.0,32972.0,40581523.0,5475.0,0.0,105.0,800.0
CHL,Chile,IND,W,W+WLI/LFM/CDL+ERL/H:>2/IND:4,TOTAL,439.0,16394509.0,8827812.0,0.0,20493.0,25222322.0,3403.0,0.0,47.0,800.0
CHL,Chile,IND,W,W+WLI/LFM/CDL+ERL/H:>2/IND:6,TOTAL,2527.0,212291500.0,114310804.0,0.0,265364.0,326602308.0,44062.0,0.0,105.0,800.0
CHL,Chile,COM,W,W+WLI/LFM/CDM+ERM/H:1/COM:1,TOTAL,3402.0,230962292.0,76987434.0,0.0,243118.0,307949710.0,42305.0,0.0,71.0,950.0
CHL,Chile,COM,W,W+WLI/LFM/CDM+ERM/H:1/COM:2,TOTAL,4494.0,256087637.0,85362546.0,0.0,269566.0,341450182.0,46907.0,0.0,60.0,950.0
CHL,Chile,COM,W,W+WLI/LFM/CDM+ERM/H:1/COM:3,TOTAL,3903.0,266041824.0,88680609.0,0.0,280044.0,354722418.0,48730.0,0.0,72.0,950.0
CHL,Chile,COM,W,W+WLI/LFM/CDM+ERM/H:1/COM:3B,TOTAL,3608.0,191921510.0,63973842.0,0.0,202023.0,255895347.0,35154.0,0.0,56.0,950.0
CHL,Chile,COM,W,W+WLI/LFM/CDM+ERM/H:1/COM:3C,TOTAL,238.0,30699238.0,10233076.0,0.0,32315.0,40932316.0,5623.0,0.0,136.0,950.0
CHL,Chile,COM,W,W+WLI/LFM/CDM+ERM/H:1/COM:5,TOTAL,214.0,20352464.0,6784152.0,0.0,21424.0,27136613.0,3728.0,0.0,100.0,950.0
CHL,Chile,COM,W,W+WLI/LFM/CDM+ERM/H:1/COM:5A,TOTAL,232.0,24021038.0,8007011.0,0.0,25285.0,32028055.0,4400.0,0.0,109.0,950.0
CHL,Chile,COM,W,W+WLI/LFM/CDM+ERM/H:1/COM:5B,TOTAL,98.0,14578886.0,4859627.0,0.0,15346.0,19438515.0,2670.0,0.0,157.0,950.0
CHL,Chile,IND,W,W+WLI/LFM/CDM+ERM/H:1/IND:1,TOTAL,382.0,24559163.0,13224165.0,0.0,30699.0,37783335.0,5089.0,0.0,80.0,800.0
CHL,Chile,IND,W,W+WLI/LFM/CDM+ERM/H:1/IND:2,TOTAL,1770.0,120621816.0,64950208.0,0.0,150777.0,185572024.0,24993.0,0.0,85.0,800.0
CHL,Chile,IND,W,W+WLI/LFM/CDM+ERM/H:1/IND:3,TOTAL,173.0,12371577.0,6661617.0,0.0,15464.0,19033199.0,2564.0,0.0,89.0,800.0
CHL,Chile,IND,W,W+WLI/LFM/CDM+ERM/H:1/IND:4,TOTAL,33.0,2182609.0,1175251.0,0.0,2728.0,3357860.0,452.0,0.0,83.0,800.0
CHL,Chile,IND,W,W+WLI/LFM/CDM+ERM/H:1/IND:6,TOTAL,1188.0,79227491.0,42660956.0,0.0,99034.0,121888455.0,16416.0,0.0,83.0,800.0
CHL,Chile,RES,W,W+WLI/LFM/CDM+ERM/H:1/RES,URBAN,92483.0,5006440443.0,1251610113.0,218833.0,5562712.0,6258050550.0,579414.0,92712.0,60.0,900.0
CHL,Chile,RES,W,W+WLI/LFM/CDM+ERM/H:1/RES,RURAL,78580.0,3772484351.0,943121094.0,176940.0,4715605.0,4715605439.0,491180.0,78593.0,60.0,800.0
CHL,Chile,COM,W,W+WLI/LFM/CDM+ERM/H:2/COM:1,TOTAL,1422.0,158882012.0,52960670.0,0.0,167244.0,211842697.0,29118.0,0.0,118.0,950.0
CHL,Chile,COM,W,W+WLI/LFM/CDM+ERM/H:2/COM:2,TOTAL,3530.0,193480279.0,64493427.0,0.0,203663.0,257973706.0,35459.0,0.0,58.0,950.0
CHL,Chile,COM,W,W+WLI/LFM/CDM+ERM/H:2/COM:3,TOTAL,2066.0,246126288.0,82042097.0,0.0,259080.0,328168379.0,45107.0,0.0,125.0,950.0
CHL,Chile,COM,W,W+WLI/LFM/CDM+ERM/H:2/COM:3B,TOTAL,1600.0,148942073.0,49647348.0,0.0,156781.0,198589438.0,27297.0,0.0,98.0,950.0
CHL,Chile,COM,W,W+WLI/LFM/CDM+ERM/H:2/COM:3C,TOTAL,127.0,16128738.0,5376249.0,0.0,16978.0,21504983.0,2956.0,0.0,134.0,950.0
CHL,Chile,COM,W,W+WLI/LFM/CDM+ERM/H:2/COM:5,TOTAL,192.0,20241955.0,6747319.0,0.0,21307.0,26989274.0,3710.0,0.0,111.0,950.0
CHL,Chile,COM,W,W+WLI/LFM/CDM+ERM/H:2/COM:5A,TOTAL,93.0,15918119.0,5306040.0,0.0,16756.0,21224163.0,2917.0,0.0,180.0,950.0
CHL,Chile,COM,W,W+WLI/LFM/CDM+ERM/H:2/COM:5B,TOTAL,65.0,8566782.0,2855592.0,0.0,9018.0,11422377.0,1570.0,0.0,139.0,950.0
CHL,Chile,IND,W,W+WLI/LFM/CDM+ERM/H:2/IND:1,TOTAL,132.0,9774153.0,5263009.0,0.0,12218.0,15037154.0,2027.0,0.0,93.0,800.0
CHL,Chile,IND,W,W+WLI/LFM/CDM+ERM/H:2/IND:2,TOTAL,746.0,48332758.0,26025328.0,0.0,60416.0,74358087.0,10023.0,0.0,81.0,800.0
CHL,Chile,IND,W,W+WLI/LFM/CDM+ERM/H:2/IND:3,TOTAL,70.0,4110218.0,2213194.0,0.0,5138.0,6323415.0,852.0,0.0,73.0,800.0
CHL,Chile,IND,W,W+WLI/LFM/CDM+ERM/H:2/IND:4,TOTAL,36.0,1207255.0,650061.0,0.0,1509.0,1857317.0,250.0,0.0,42.0,800.0
CHL,Chile,IND,W,W+WLI/LFM/CDM+ERM/H:2/IND:6,TOTAL,552.0,37535864.0,20211624.0,0.0,46920.0,57747484.0,7784.0,0.0,85.0,800.0
CHL,Chile,RES,W,W+WLI/LFM/CDM+ERM/H:2/RES,RURAL,15434.0,1121637973.0,280409501.0,55252.0,1402047.0,1402047453.0,146143.0,23367.0,91.0,800.0
CHL,Chile,RES,W,W+WLI/LFM/CDM+ERM/H:2/RES,URBAN,36985.0,3027697625.0,756924409.0,136970.0,3364108.0,3784622033.0,350658.0,56068.0,91.0,900.0
CHL,Chile,RES,W,W+WLI/LFM/CDM+ERM/H:3/RES,URBAN,111122.0,12316766108.0,3079191525.0,605042.0,13685296.0,15395957631.0,1427502.0,228088.0,123.0,900.0
CHL,Chile,RES,W,W+WLI/LFM/CDM+ERM/H:3/RES,RURAL,24105.0,2338263320.0,584565817.0,116528.0,2922829.0,2922829126.0,304879.0,48714.0,121.0,800.0
CHL,Chile,IND,W,W+WLI/LFM/CDM+ERM/H:>2/IND:1,TOTAL,1128.0,66723450.0,35928016.0,0.0,83404.0,102651459.0,13849.0,0.0,74.0,800.0
CHL,Chile,IND,W,W+WLI/LFM/CDM+ERM/H:>2/IND:2,TOTAL,5461.0,328933846.0,177118229.0,0.0,411167.0,506052074.0,68271.0,0.0,75.0,800.0
CHL,Chile,IND,W,W+WLI/LFM/CDM+ERM/H:>2/IND:3,TOTAL,560.0,37206773.0,20034409.0,0.0,46508.0,57241177.0,7723.0,0.0,83.0,800.0
CHL,Chile,IND,W,W+WLI/LFM/CDM+ERM/H:>2/IND:4,TOTAL,1209.0,30814051.0,16592182.0,0.0,38518.0,47406231.0,6396.0,0.0,32.0,800.0
CHL,Chile,IND,W,W+WLI/LFM/CDM+ERM/H:>2/IND:6,TOTAL,3732.0,225972761.0,121677645.0,0.0,282466.0,347650400.0,46901.0,0.0,76.0,800.0
CHL,Chile,COM,W,W+WLI/LFM/CDN+ERL/H:1/COM:1,TOTAL,841.0,129415242.0,43138414.0,0.0,136227.0,172553656.0,23704.0,0.0,162.0,950.0
CHL,Chile,COM,W,W+WLI/LFM/CDN+ERL/H:1/COM:2,TOTAL,871.0,125885317.0,41961775.0,0.0,132511.0,167847087.0,23058.0,0.0,152.0,950.0
CHL,Chile,COM,W,W+WLI/LFM/CDN+ERL/H:1/COM:3,TOTAL,574.0,114995058.0,38331678.0,0.0,121047.0,153326749.0,21063.0,0.0,211.0,950.0
CHL,Chile,COM,W,W+WLI/LFM/CDN+ERL/H:1/COM:3B,TOTAL,896.0,119647848.0,39882618.0,0.0,125945.0,159530462.0,21915.0,0.0,141.0,950.0
CHL,Chile,COM,W,W+WLI/LFM/CDN+ERL/H:1/COM:3C,TOTAL,34.0,8155883.0,2718627.0,0.0,8585.0,10874510.0,1494.0,0.0,252.0,950.0
CHL,Chile,COM,W,W+WLI/LFM/CDN+ERL/H:1/COM:5,TOTAL,19.0,4343545.0,1447849.0,0.0,4572.0,5791390.0,796.0,0.0,241.0,950.0
CHL,Chile,COM,W,W+WLI/LFM/CDN+ERL/H:1/COM:5A,TOTAL,29.0,8316658.0,2772220.0,0.0,8754.0,11088880.0,1523.0,0.0,302.0,950.0
CHL,Chile,COM,W,W+WLI/LFM/CDN+ERL/H:1/COM:5B,TOTAL,8.0,1685157.0,561720.0,0.0,1774.0,2246876.0,309.0,0.0,222.0,950.0
CHL,Chile,IND,W,W+WLI/LFM/CDN+ERL/H:1/IND:1,TOTAL,34.0,6341579.0,3414694.0,0.0,7927.0,9756274.0,1314.0,0.0,233.0,800.0
CHL,Chile,IND,W,W+WLI/LFM/CDN+ERL/H:1/IND:2,TOTAL,161.0,24198675.0,13030052.0,0.0,30248.0,37228724.0,5014.0,0.0,188.0,800.0
CHL,Chile,IND,W,W+WLI/LFM/CDN+ERL/H:1/IND:3,TOTAL,10.0,1148658.0,618508.0,0.0,1436.0,1767165.0,238.0,0.0,144.0,800.0
CHL,Chile,IND,W,W+WLI/LFM/CDN+ERL/H:1/IND:4,TOTAL,3.0,137939.0,74275.0,0.0,172.0,212214.0,29.0,0.0,57.0,802.0
CHL,Chile,IND,W,W+WLI/LFM/CDN+ERL/H:1/IND:6,TOTAL,91.0,20005023.0,10771933.0,0.0,25006.0,30776953.0,4145.0,0.0,275.0,800.0
CHL,Chile,RES,W,W+WLI/LFM/CDN+ERL/H:1/RES,URBAN,7391.0,401836800.0,100459187.0,18561.0,446485.0,502296005.0,46507.0,7441.0,60.0,900.0
CHL,Chile,RES,W,W+WLI/LFM/CDN+ERL/H:1/RES,RURAL,5779.0,277440105.0,69359997.0,13372.0,346800.0,346800090.0,36124.0,5780.0,60.0,800.0
CHL,Chile,COM,W,W+WLI/LFM/CDN+ERL/H:2/COM:1,TOTAL,573.0,167099645.0,55699882.0,0.0,175894.0,222799528.0,30624.0,0.0,307.0,950.0
CHL,Chile,COM,W,W+WLI/LFM/CDN+ERL/H:2/COM:2,TOTAL,1056.0,156899969.0,52299986.0,0.0,165158.0,209199954.0,28755.0,0.0,156.0,950.0
CHL,Chile,COM,W,W+WLI/LFM/CDN+ERL/H:2/COM:3,TOTAL,476.0,166034515.0,55344839.0,0.0,174773.0,221379346.0,30429.0,0.0,367.0,950.0
CHL,Chile,COM,W,W+WLI/LFM/CDN+ERL/H:2/COM:3B,TOTAL,638.0,169274669.0,56424894.0,0.0,178184.0,225699558.0,31022.0,0.0,279.0,950.0
CHL,Chile,COM,W,W+WLI/LFM/CDN+ERL/H:2/COM:3C,TOTAL,45.0,10157500.0,3385834.0,0.0,10692.0,13543333.0,1862.0,0.0,238.0,950.0
CHL,Chile,COM,W,W+WLI/LFM/CDN+ERL/H:2/COM:5,TOTAL,22.0,5610437.0,1870148.0,0.0,5906.0,7480583.0,1028.0,0.0,268.0,950.0
CHL,Chile,COM,W,W+WLI/LFM/CDN+ERL/H:2/COM:5A,TOTAL,26.0,7990003.0,2663336.0,0.0,8411.0,10653336.0,1464.0,0.0,324.0,950.0
CHL,Chile,COM,W,W+WLI/LFM/CDN+ERL/H:2/COM:5B,TOTAL,8.0,2318357.0,772787.0,0.0,2440.0,3091138.0,425.0,0.0,305.0,950.0
CHL,Chile,IND,W,W+WLI/LFM/CDN+ERL/H:2/IND:1,TOTAL,15.0,6948770.0,3741646.0,0.0,8686.0,10690416.0,1441.0,0.0,579.0,800.0
CHL,Chile,IND,W,W+WLI/LFM/CDN+ERL/H:2/IND:2,TOTAL,75.0,17619924.0,9487654.0,0.0,22025.0,27107578.0,3654.0,0.0,294.0,800.0
CHL,Chile,IND,W,W+WLI/LFM/CDN+ERL/H:2/IND:3,TOTAL,9.0,1018626.0,548491.0,0.0,1273.0,1567120.0,211.0,0.0,141.0,800.0
CHL,Chile,IND,W,W+WLI/LFM/CDN+ERL/H:2/IND:4,TOTAL,4.0,339102.0,182593.0,0.0,424.0,521695.0,70.0,0.0,106.0,800.0
CHL,Chile,IND,W,W+WLI/LFM/CDN+ERL/H:2/IND:6,TOTAL,53.0,8935404.0,4811374.0,0.0,11169.0,13746774.0,1853.0,0.0,211.0,800.0
CHL,Chile,RES,W,W+WLI/LFM/CDN+ERL/H:2/RES,RURAL,1083.0,69855099.0,17463753.0,3490.0,87319.0,87318846.0,9102.0,1455.0,81.0,800.0
CHL,Chile,RES,W,W+WLI/LFM/CDN+ERL/H:2/RES,URBAN,5357.0,383779137.0,95944785.0,18086.0,426421.0,479723934.0,44448.0,7107.0,80.0,900.0
CHL,Chile,RES,W,W+WLI/LFM/CDN+ERL/H:3/RES,RURAL,2976.0,214116860.0,53529198.0,11496.0,267646.0,267646055.0,27918.0,4461.0,90.0,800.0
CHL,Chile,RES,W,W+WLI/LFM/CDN+ERL/H:3/RES,URBAN,16965.0,1436530732.0,359132676.0,68453.0,1596145.0,1795663422.0,166493.0,26602.0,94.0,900.0
CHL,Chile,IND,W,W+WLI/LFM/CDN+ERL/H:>2/IND:1,TOTAL,164.0,32198508.0,17337655.0,0.0,40248.0,49536163.0,6683.0,0.0,245.0,800.0
CHL,Chile,IND,W,W+WLI/LFM/CDN+ERL/H:>2/IND:2,TOTAL,760.0,148221904.0,79811799.0,0.0,185277.0,228033711.0,30764.0,0.0,244.0,800.0
CHL,Chile,IND,W,W+WLI/LFM/CDN+ERL/H:>2/IND:3,TOTAL,64.0,12244159.0,6593009.0,0.0,15305.0,18837164.0,2541.0,0.0,239.0,800.0
CHL,Chile,IND,W,W+WLI/LFM/CDN+ERL/H:>2/IND:4,TOTAL,21.0,3054398.0,1644677.0,0.0,3818.0,4699073.0,634.0,0.0,182.0,800.0
CHL,Chile,IND,W,W+WLI/LFM/CDN+ERL/H:>2/IND:6,TOTAL,503.0,89831960.0,48371055.0,0.0,112290.0,138203018.0,18645.0,0.0,223.0,800.0
