ID_0,NAME_0,OCCUPANCY,BUILDINGS,COST_CONTENTS_USD,COST_NONSTRUCTURAL_USD,COST_STRUCTURAL_USD,DWELLINGS,OCCUPANTS_PER_ASSET,TOTAL_AREA_SQM,TOTAL_REPL_COST_USD,AVG_BUILDING_AREA_SQM,AVG_TOT_COST_PER_AREA_USD
BEN,Benin,Com,85554.0,1023114867.0,1058722326.0,1920273709.0,0.0,0.0,16001596.0,4002110907.0,187.03504219557237,250.10698351589429
BEN,Benin,Ind,33931.0,764359216.0,572788999.0,897457352.0,0.0,0.0,9670817.0,2234605573.0,285.0142052989891,231.06688638612437
BEN,Benin,Res,2267657.0,4671873100.0,8003138455.0,15441529705.0,2374609.0,12098495.0,181520215.0,28116541258.0,80.04747411094358,154.89482126274476
