ID_0,NAME_0,OCCUPANCY,BUILDINGS,COST_CONTENTS_USD,COST_NONSTRUCTURAL_USD,COST_STRUCTURAL_USD,DWELLINGS,OCCUPANTS_PER_ASSET,TOTAL_AREA_SQM,TOTAL_REPL_COST_USD,AVG_BUILDING_AREA_SQM,AVG_TOT_COST_PER_AREA_USD
GRC,Greece,Com,249708.0,55125962250.26,33075577349.5,22050384899.58,0.0,0.0,56833439.787360005,110251924502.65,227.59959547695712,1939.912926529752
GRC,Greece,Ind,51229.0,43374463744.92,18072693227.69,10843615936.64,0.0,0.0,62247430.37897798,72290772909.26,1215.0818946100446,1161.3454960170345
GRC,Greece,Res,3051157.8920203694,102364819266.57,255912048168.18,153547228901.29,6017090.626899566,10716000.0,489164247.47184193,511824096335.8,160.32085679706813,1046.3235998564314
