ID_0,NAME_0,OCCUPANCY,BUILDINGS,COST_CONTENTS_USD,COST_NONSTRUCTURAL_USD,COST_STRUCTURAL_USD,DWELLINGS,OCCUPANTS_PER_ASSET,TOTAL_AREA_SQM,TOTAL_REPL_COST_USD,AVG_BUILDING_AREA_SQM,AVG_TOT_COST_PER_AREA_USD
LTU,Lithuania,Com,69890.01000000001,24493583749.54,14696150249.63,9797433499.82,0.0,0.0,32461728.31607,48987167499.21,464.4687891169281,1509.074533008126
LTU,Lithuania,Ind,21800.0,34259239379.7,14274683074.87,8564809845.16,0.0,0.0,49311263.64000001,57098732298.89,2261.984570642202,1157.9247434367712
LTU,Lithuania,Res,507533.3076,15464147691.65,38660369229.72,23196221537.28,1331551.972,2786999.9999807943,75574312.1234,77320738456.87,148.90512798218566,1023.1087294664142
