ID_0,NAME_0,OCCUPANCY,BUILDINGS,COST_CONTENTS_USD,COST_NONSTRUCTURAL_USD,COST_STRUCTURAL_USD,OCCUPANTS_PER_ASSET,TOTAL_AREA_SQM,TOTAL_REPL_COST_USD,AVG_BUILDING_AREA_SQM,AVG_TOT_COST_PER_AREA_USD
ECU,Ecuador,Com,335152.799998946,21608729565.239235,23101317035.051376,18719393308.848644,0.0,134750474.99937686,63429439909.27267,402.0568379551077,470.7177463349646
ECU,Ecuador,Ind,104378.0,16868265905.43096,10465159617.687191,9077886750.6165,0.0,32595212.5,36411312273.9132,312.28048535131927,1117.0754684883002
ECU,Ecuador,Res,3776600.0,120753743523.15764,185883737160.72165,201738263575.52344,18051489.0,491221024.588448,508375744258.0296,130.06964586888947,1034.9226087868574
