ID_0,NAME_0,OCCUPANCY,BUILDINGS,COST_CONTENTS_USD,COST_NONSTRUCTURAL_USD,COST_STRUCTURAL_USD,DWELLINGS,OCCUPANTS_PER_ASSET,TOTAL_AREA_SQM,TOTAL_REPL_COST_USD,AVG_BUILDING_AREA_SQM,AVG_TOT_COST_PER_AREA_USD
PAN,Panama,Com,41331.35328461956,7618233402.738489,6102541268.575506,4981899993.805994,0.0,0.0,19426943.345603958,18702674660.713875,470.02921031461153,962.7183406053441
PAN,Panama,Ind,8888.499426018447,7132978266.352365,3640168508.6598277,3409115092.698553,0.0,0.0,11698355.65428766,14182261867.710745,1316.1226764603475,1212.3295176542772
PAN,Panama,Res,947231.0,26139126273.710285,27780099541.608887,38290015764.44561,1154475.0,4314782.0,124004970.5570643,92209241579.76477,130.91312526412702,743.5931089337436
