ID_0,NAME_0,OCCUPANCY,BUILDINGS,COST_CONTENTS_USD,COST_NONSTRUCTURAL_USD,COST_STRUCTURAL_USD,DWELLINGS,OCCUPANTS_PER_ASSET,TOTAL_AREA_SQM,TOTAL_REPL_COST_USD,AVG_BUILDING_AREA_SQM,AVG_TOT_COST_PER_AREA_USD
SWZ,Eswatini,Com,6744.0,174369837.0,149302200.0,251675503.0,9392.0,0.0,1247574.0,575347542.0,184.99021352313167,461.17307831038477
SWZ,Eswatini,Ind,2630.0,115401355.0,75533567.0,104433552.0,2630.0,0.0,748757.0,295368477.0,284.6984790874525,394.4784182318162
SWZ,Eswatini,Res,271886.0,1108531460.0,1828438455.0,3168913083.0,285899.0,1158278.0,22139681.0,6105883016.0,81.43001478560868,275.7891143960024
