ID_0,NAME_0,OCCUPANCY,BUILDINGS,COST_CONTENTS_USD,COST_NONSTRUCTURAL_USD,COST_STRUCTURAL_USD,DWELLINGS,OCCUPANTS_PER_ASSET,TOTAL_AREA_SQM,TOTAL_REPL_COST_USD,AVG_BUILDING_AREA_SQM,AVG_TOT_COST_PER_AREA_USD
SYC,Seychelles,Com,1259.0,32456763.0,29415049.0,34677894.0,1560.0,0.0,202152.0,96549682.0,160.56552819698175,477.6093335707784
SYC,Seychelles,Ind,386.0,9818248.0,6335503.0,9667360.0,386.0,0.0,65678.0,25821139.0,170.15025906735752,393.1474618593745
SYC,Seychelles,Res,23460.0,105382111.0,145010382.0,238995619.0,23704.0,89477.0,1793994.0,489388131.0,76.47033248081841,272.7925126839889
