ID_0,NAME_0,ID_1,NAME_1,OCCUPANCY,BUILDINGS,COST_CONTENTS_USD,COST_NONSTRUCTURAL_USD,COST_STRUCTURAL_USD,DWELLINGS,OCCUPANTS_PER_ASSET,TOTAL_AREA_SQM,TOTAL_REPL_COST_USD,AVG_BUILDING_AREA_SQM,AVG_TOT_COST_PER_AREA_USD
NIU,Niue,NIU,Niue,Com,83,13405383.513768472,13566433.826208258,10607340.072918339,0.0,0.0,18609.097,37579157.41289507,224.20598795180726,2019.39714822783
NIU,Niue,NIU,Niue,Ind,9,1546996.2753578126,1139990.1107008965,1232445.7120871558,0.0,0.0,3376.8,3919432.098145865,375.20000000000005,1160.6941773708436
NIU,Niue,NIU,Niue,Res,919,59245011.17080805,70667097.73241581,69927471.12113373,477.0,1611.0,107245.32,199839580.0243576,116.69784548422199,1863.3874189042242
