ID_0,NAME_0,OCCUPANCY,BUILDINGS,COST_CONTENTS_USD,COST_NONSTRUCTURAL_USD,COST_STRUCTURAL_USD,DWELLINGS,OCCUPANTS_PER_ASSET,TOTAL_AREA_SQM,TOTAL_REPL_COST_USD,AVG_BUILDING_AREA_SQM,AVG_TOT_COST_PER_AREA_USD
ITA,Italy,Com,546326.78,285442737878.97,171265642724.68,114177095151.02,0.0,0.0,211865934.62985113,570885475760.65,387.80074926923976,2694.560013897649
ITA,Italy,Ind,287039.00000000006,618985176740.26,257910490310.2,154746294188.74,0.0,0.0,500000000.00000006,1031641961231.46,1741.9235713613828,2063.2839224629197
ITA,Italy,Res,11354381.262771798,879716833049.65,2199292082824.83,1319575249602.62,31208160.998513486,60296999.99986313,3101724057.6639686,4398584165579.98,273.17420349744225,1418.1094397200275
