ID_0,NAME_0,OCCUPANCY,BUILDINGS,COST_CONTENTS_USD,COST_NONSTRUCTURAL_USD,COST_STRUCTURAL_USD,DWELLINGS,OCCUPANTS_PER_ASSET,TOTAL_AREA_SQM,TOTAL_REPL_COST_USD,AVG_BUILDING_AREA_SQM,AVG_TOT_COST_PER_AREA_USD
EST,Estonia,Com,12890.2,5870497165.639999,3522298299.39,2348198866.23,0.0,0.0,6705926.9572,11740994331.43,520.2345159268281,1750.8383861568852
EST,Estonia,Ind,9900.0,12268752763.87,5111980318.15,3067188190.92,0.0,0.0,17659110.74,20447921273.23,1783.7485595959595,1157.9247434534182
EST,Estonia,Res,212146.04020000002,8135442440.09,20338606100.48,12203163660.22,640350.9984,1327000.0,39087195.1982,40677212200.75,184.24664048101332,1040.6787182986006
