ID_0,NAME_0,OCCUPANCY,BUILDINGS,COST_CONTENTS_USD,COST_NONSTRUCTURAL_USD,COST_STRUCTURAL_USD,DWELLINGS,OCCUPANTS_PER_ASSET,TOTAL_AREA_SQM,TOTAL_REPL_COST_USD,AVG_BUILDING_AREA_SQM,AVG_TOT_COST_PER_AREA_USD
TKM,Turkmenistan,Com,54368,2126981512.0005,2498976229.97697,3097291958.01543,0.0,0.0,9281624.9998555,7723249705.98096,170.71852927927273,832.1010282252514
TKM,Turkmenistan,Ind,6673,306838056.99629,226013062.00045002,257779059.9983,0.0,0.0,1060066.0000245,790630172.9963,158.85898396890454,745.8310831382453
TKM,Turkmenistan,Res,476864,7152149909.995883,19324001484.06273,23072796666.92098,1020672.000005344,6124051.000013082,81654002.0011762,49548948062.18762,171.23121477229608,606.8159165238942
