ID_0,NAME_0,OCCUPANCY,BUILDINGS,COST_CONTENTS_USD,COST_NONSTRUCTURAL_USD,COST_STRUCTURAL_USD,DWELLINGS,OCCUPANTS_PER_ASSET,TOTAL_AREA_SQM,TOTAL_REPL_COST_USD,AVG_BUILDING_AREA_SQM,AVG_TOT_COST_PER_AREA_USD
TKM,Turkmenistan,Com,54368.0,2126981512.0,2498976230.0,3097291958.0,0.0,0.0,9281625.0,7723249706.0,170.71852928193056,832.1010282143483
TKM,Turkmenistan,Ind,6673.0,306838057.0,226013062.0,257779060.0,0.0,0.0,1060066.0,790630173.0,158.85898396523302,745.8310831589731
TKM,Turkmenistan,Res,476864.0,7152149910.0,19324001484.0,23072796667.0,1020672.0,6124051.0,81654002.0,49548948062.0,171.23121476982956,606.8159165303374
