ID_0,NAME_0,OCCUPANCY,BUILDINGS,COST_CONTENTS_USD,COST_NONSTRUCTURAL_USD,COST_STRUCTURAL_USD,DWELLINGS,OCCUPANTS_PER_ASSET,TOTAL_AREA_SQM,TOTAL_REPL_COST_USD,AVG_BUILDING_AREA_SQM,AVG_TOT_COST_PER_AREA_USD
ETH,Ethiopia,Com,409896.0,7698755567.0,8496717139.0,8254141830.0,594967.0,0.0,79377495.0,24449614525.0,193.65276801920487,308.01695776617794
ETH,Ethiopia,Ind,145188.0,3254616310.0,2468019693.0,3922586766.0,145188.0,0.0,41371931.0,9645222751.0,284.9542042042042,233.13445898863168
ETH,Ethiopia,Res,25253241.0,53283113771.0,72838035537.0,137548903127.0,25581486.0,114551158.0,1788317700.0,263670052469.0,70.81537375737237,147.44027443725463
