ID_0,NAME_0,OCCUPANCY,BUILDINGS,COST_CONTENTS_USD,COST_NONSTRUCTURAL_USD,COST_STRUCTURAL_USD,DWELLINGS,OCCUPANTS_PER_ASSET,TOTAL_AREA_SQM,TOTAL_REPL_COST_USD,AVG_BUILDING_AREA_SQM,AVG_TOT_COST_PER_AREA_USD
BRN,Brunei,Com,2412.0,268529435.8974359,229310150.64102563,179255349.35897437,3539.0,0.0,654840.0,677094935.8974359,271.4925373134328,1033.985303123566
BRN,Brunei,Ind,1397.0,88929424.24242425,44506951.515151516,37397048.484848484,1397.0,0.0,202190.0,170833424.24242425,144.73156764495346,844.9152986914498
BRN,Brunei,Res,59073.0,1411230844.537815,2350351784.8739495,2386316715.1260505,65393.0,393371.8,6472477.5,6147899344.537815,109.5674419785689,949.8525633403616
