ID_0,NAME_0,OCCUPANCY,BUILDINGS,COST_CONTENTS_USD,COST_NONSTRUCTURAL_USD,COST_STRUCTURAL_USD,DWELLINGS,OCCUPANTS_PER_ASSET,TOTAL_AREA_SQM,TOTAL_REPL_COST_USD,AVG_BUILDING_AREA_SQM,AVG_TOT_COST_PER_AREA_USD
DZA,Algeria,Com,306780.0,12839250034.0,12708364902.0,14343117476.0,476206.0,0.0,66803361.0,39890732548.0,217.7565714844514,597.1366103570747
DZA,Algeria,Ind,199404.0,12330041748.0,8024398720.0,8489220801.0,199404.0,0.0,56806058.0,28843661264.0,284.879230105715,507.7567829825474
DZA,Algeria,Res,6633261.0,47113325418.0,88752630273.0,101193453185.0,7450039.0,43770499.0,609293685.0,237059408942.0,91.85432097425384,389.07248635278404
