ID_0,NAME_0,OCCUPANCY,BUILDINGS,COST_CONTENTS_USD,COST_NONSTRUCTURAL_USD,COST_STRUCTURAL_USD,DWELLINGS,OCCUPANTS_PER_ASSET,TOTAL_AREA_SQM,TOTAL_REPL_COST_USD,AVG_BUILDING_AREA_SQM,AVG_TOT_COST_PER_AREA_USD
DJI,Djibouti,Com,5044.0,73577056.0,78520518.0,106623186.0,6471.0,0.0,848217.0,258720756.0,168.16356066613798,305.01717838713444
DJI,Djibouti,Ind,983.0,24358280.0,18280072.0,30087557.0,983.0,0.0,265991.0,72725921.0,270.5910478128179,273.4149689275201
DJI,Djibouti,Res,155848.0,317291046.0,502305383.0,823363545.0,159096.0,983496.0,10853855.0,1642959980.0,69.64385170165802,151.371100866927
