ID_0,NAME_0,OCCUPANCY,BUILDINGS,COST_CONTENTS_USD,COST_NONSTRUCTURAL_USD,COST_STRUCTURAL_USD,DWELLINGS,OCCUPANTS_PER_ASSET,TOTAL_AREA_SQM,TOTAL_REPL_COST_USD,AVG_BUILDING_AREA_SQM,AVG_TOT_COST_PER_AREA_USD
MOZ,Mozambique,Com,141665.0,2174044628.0,2349493009.0,3238732731.0,188951.0,0.0,25127821.0,7762270339.0,177.37494088165744,308.91139900272293
MOZ,Mozambique,Ind,54628.0,1519531213.0,1137327070.0,1756944291.0,54628.0,0.0,15573570.0,4413802572.0,285.0840228454272,283.4162348132124
MOZ,Mozambique,Res,6591076.0,17546806975.0,29935292564.0,50942041637.0,6901903.0,31216605.0,518661043.0,98424141182.0,78.69140683554552,189.7658258902626
