ID_0,NAME_0,OCCUPANCY,BUILDINGS,COST_CONTENTS_USD,COST_NONSTRUCTURAL_USD,COST_STRUCTURAL_USD,DWELLINGS,OCCUPANTS_PER_ASSET,TOTAL_AREA_SQM,TOTAL_REPL_COST_USD,AVG_BUILDING_AREA_SQM,AVG_TOT_COST_PER_AREA_USD
LSO,Lesotho,Com,8461.0,91490696.0,93536004.0,178009216.0,11724.0,0.0,1552312.0,363035903.0,183.46672970098098,233.86787127845434
LSO,Lesotho,Ind,2430.0,45905841.0,34630479.0,54457241.0,2430.0,0.0,674337.0,134993565.0,277.50493827160494,200.18709487985979
LSO,Lesotho,Res,538282.0,812277308.0,2141666261.0,4009827432.0,573369.0,2141867.0,45534648.0,6963771010.0,84.59255185943428,152.93345432251942
