ID_0,NAME_0,OCCUPANCY,BUILDINGS,COST_CONTENTS_USD,COST_NONSTRUCTURAL_USD,COST_STRUCTURAL_USD,DWELLINGS,OCCUPANTS_PER_ASSET,TOTAL_AREA_SQM,TOTAL_REPL_COST_USD,AVG_BUILDING_AREA_SQM,AVG_TOT_COST_PER_AREA_USD
ZAF,South Africa,Com,751869.0,32667573603.0,30728825443.0,41352418382.0,0.0,0.0,153319730.0,104748817470.0,203.91814265517,683.2050739327548
ZAF,South Africa,Ind,291042.0,18794011521.0,12328362445.0,15276516385.0,0.0,0.0,82954243.0,46398890358.0,285.0249895204129,559.3311285837423
ZAF,South Africa,Res,17357224.0,120947891191.0,208278407304.0,298976234596.0,19011949.0,59297598.0,1482696639.0,628202533080.0,85.4224522884535,423.68918668601634
