ID_0,NAME_0,OCCUPANCY,AREA_SQM,BUILDINGS,COST_CONTENTS_USD,COST_NONSTRUCTURAL_USD,COST_STRUCTURAL_USD,DWELLINGS,OCCUPANTS_PER_ASSET,TOTAL_REPL_COST_USD,ID_1,NAME_1,AVG_BUILDING_AREA_SQM,AVG_TOT_COST_PER_AREA_USD
AIA,Anguilla,Com,148632.0,563.0,62840158.92,47014034.76,55104199.92,0.0,0.0,164958393.6,,,264.0,1109.844404973357
AIA,Anguilla,Ind,19039.118,86.0,7551633.6,4128642.0,3498692.4,0.0,0.0,15178968.0,,,221.3850930232558,797.2516373920263
AIA,Anguilla,Res,1061222.8725,3012.0,54074424.978,96244699.383,64212198.939,3106.0,14762.0,214531323.3,,,352.33163097609565,202.15482426854686
AIA,Anguilla,Com,148632.0,563.0,62840158.92,47014034.76,55104199.92,0.0,0.0,164958393.6,AIA,Anguilla,264.0,1109.844404973357
AIA,Anguilla,Ind,19039.118,86.0,7551633.6,4128642.0,3498692.4,0.0,0.0,15178968.0,AIA,Anguilla,221.3850930232558,797.2516373920263
AIA,Anguilla,Res,1061222.8725,3012.0,54074424.978,96244699.383,64212198.939,3106.0,14762.0,214531323.3,AIA,Anguilla,352.33163097609565,202.15482426854686
