ID_0,NAME_0,ID_1,NAME_1,SETTLEMENT,OCCUPANCY,TAXONOMY,BUILDINGS,TOTAL_REPL_COST_USD,COST_STRUCTURAL_USD,COST_NONSTRUCTURAL_USD,COST_CONTENTS_USD,TOTAL_AREA_SQM,OCCUPANTS_PER_ASSET,OCCUPANTS_PER_ASSET_DAY,OCCUPANTS_PER_ASSET_NIGHT,OCCUPANTS_PER_ASSET_TRANSIT
AIA,Anguilla,AIA,Anguilla,Total,Res,CR/LFINF+CDL+DUL/HEX:1/RES,2498.0,169932267.54,50979680.262,76469520.39299999,42483066.885,842917.99375,13462,3215.2782151,12805.3461720225,7089.248219874999
AIA,Anguilla,AIA,Anguilla,Total,Res,CR/LFINF+CDL+DUL/HEX:2/RES,471.0,41655094.74,12496528.422,18744792.633,10413773.685,206622.49375,1196,285.6538958,1137.661121805,629.8277277499999
AIA,Anguilla,AIA,Anguilla,Total,Res,UNK/UNK+DNO/HEX:1/RES,5.0,372661.38,93165.345,130431.483,149064.552,1478.815,30,7.1652315,28.5366502125,15.798354374999995
AIA,Anguilla,AIA,Anguilla,Total,Res,W+WLI/LWAL+CDL+DUL/HEX:1/RES,38.0,2571299.64,642824.91,899954.874,1028519.856,10203.570000000002,74,17.6742377,70.3904038575,38.96927412499999
