ID_0,NAME_0,OCCUPANCY,BUILDINGS,COST_CONTENTS_USD,COST_NONSTRUCTURAL_USD,COST_STRUCTURAL_USD,DWELLINGS,OCCUPANTS_PER_ASSET,TOTAL_AREA_SQM,TOTAL_REPL_COST_USD,AVG_BUILDING_AREA_SQM,AVG_TOT_COST_PER_AREA_USD
AIA,Anguilla,Com,563.0,62840158.92,47014034.76,55104199.92,0.0,0.0,148632.0,164958393.6,264.0,1109.844404973357
AIA,Anguilla,Ind,86.0,7551633.600000001,4128642.0,3498692.4000000004,0.0,0.0,19039.11801242236,15178968.0,221.38509316770188,797.2516368718474
AIA,Anguilla,Res,3012.0,54074424.978,96244699.38299999,64212198.939,3106.0,14762.0,1061222.8725,214531323.29999998,352.33163097609565,202.15482426854683
