ID_0,NAME_0,OCCUPANCY,BUILDINGS,COST_CONTENTS_USD,COST_NONSTRUCTURAL_USD,COST_STRUCTURAL_USD,DWELLINGS,OCCUPANTS_PER_ASSET,TOTAL_AREA_SQM,TOTAL_REPL_COST_USD,AVG_BUILDING_AREA_SQM,AVG_TOT_COST_PER_AREA_USD
CPV,Cape Verde,Com,6596.0,100307961.0,103524161.0,190900966.0,9030.0,0.0,1191303.0,394733092.0,180.60991510006065,331.34567108451836
CPV,Cape Verde,Ind,2410.0,67400696.0,50325295.0,79506795.0,2410.0,0.0,649222.0,197232783.0,269.3867219917012,303.7986744133748
CPV,Cape Verde,Res,127168.0,342345784.0,613461178.0,1163597591.0,133172.0,552554.0,10225187.0,2119404518.0,80.40691840714645,207.27293476393146
