ID_0,NAME_0,OCCUPANCY,BUILDINGS,COST_CONTENTS_USD,COST_NONSTRUCTURAL_USD,COST_STRUCTURAL_USD,DWELLINGS,OCCUPANTS_PER_ASSET,TOTAL_AREA_SQM,TOTAL_REPL_COST_USD,AVG_BUILDING_AREA_SQM,AVG_TOT_COST_PER_AREA_USD
TUR,Turkey,Com,732175.0,85819684790.0,72929780280.0,57543745620.0,0.0,0.0,346003949.0,216293210690.0,472.5700126335917,625.1177517340994
TUR,Turkey,Ind,208109.0,71237319420.0,32854416230.0,26894676590.0,0.0,0.0,238896491.0,130986412240.0,1147.9392577927913,548.2977656628702
TUR,Turkey,Res,8382198.0,249202114274.29764,450513960807.5785,336727896909.54034,28621495.119686447,82500166.09339757,2725237043.9637995,1036443971991.4165,325.12200785090016,380.3133288119153
