ID_0,NAME_0,OCCUPANCY,BUILDINGS,COST_CONTENTS_USD,COST_NONSTRUCTURAL_USD,COST_STRUCTURAL_USD,DWELLINGS,OCCUPANTS_PER_ASSET,TOTAL_AREA_SQM,TOTAL_REPL_COST_USD,AVG_BUILDING_AREA_SQM,AVG_TOT_COST_PER_AREA_USD
NIC,Nicaragua,Com,111737.19815002178,3672729509.743562,3408887513.3667927,2585631819.7172627,0.0,0.0,14271611.143720787,9667248834.436134,127.72479872422866,677.3761376401796
NIC,Nicaragua,Ind,32240.488916049395,2951554953.432575,2011190812.0885584,1699596124.4544816,0.0,0.0,11596217.872045565,6662341891.047888,359.67872268441124,574.5271401901192
NIC,Nicaragua,Res,1259821.0,18871155711.830914,27533726988.84196,31464215341.903736,1341053.0,6412798.93182217,97709245.39641526,77869098042.57661,77.55803832164669,796.9470824040717
