ID_0,NAME_0,OCCUPANCY,BUILDINGS,COST_CONTENTS_USD,COST_NONSTRUCTURAL_USD,COST_STRUCTURAL_USD,DWELLINGS,OCCUPANTS_PER_ASSET,TOTAL_AREA_SQM,TOTAL_REPL_COST_USD,AVG_BUILDING_AREA_SQM,AVG_TOT_COST_PER_AREA_USD
TUN,Tunisia,Com,105092.0,3241158396.0,3190710273.0,3659162006.0,0.0,0.0,22662362.0,10091030710.0,215.64307463936362,445.27709468236367
TUN,Tunisia,Ind,87608.0,4027337538.0,2622434278.0,2812650300.0,0.0,0.0,24966173.0,9462422112.0,284.97594968496026,379.0097149450979
TUN,Tunisia,Res,2698739.0,14238196459.0,26707019913.0,30804599173.0,3023148.0,11772520.0,246564190.0,71749815551.0,91.3627401538274,290.9985247695539
