ID_0,NAME_0,OCCUPANCY,BUILDINGS,COST_CONTENTS_USD,COST_NONSTRUCTURAL_USD,COST_STRUCTURAL_USD,DWELLINGS,OCCUPANTS_PER_ASSET,TOTAL_AREA_SQM,TOTAL_REPL_COST_USD,AVG_BUILDING_AREA_SQM,AVG_TOT_COST_PER_AREA_USD
ZWE,Zimbabwe,Com,51870.0,1276638234.0,1345990180.0,2173580595.0,0.0,0.0,9787548.0,4796209015.0,188.69381145170618,490.03172347149666
ZWE,Zimbabwe,Ind,11212.0,473926480.0,355433458.0,552841150.0,0.0,0.0,3188358.0,1382201099.0,284.3701391366393,433.5150252888791
ZWE,Zimbabwe,Res,3559945.0,12862694205.0,24682430885.0,45278504019.0,3738016.0,14861293.0,280908169.0,82823629112.0,78.90800812933908,294.84236576971887
