ID_0,NAME_0,OCCUPANCY,BUILDINGS,COST_CONTENTS_USD,COST_NONSTRUCTURAL_USD,COST_STRUCTURAL_USD,DWELLINGS,OCCUPANTS_PER_ASSET,TOTAL_AREA_SQM,TOTAL_REPL_COST_USD,AVG_BUILDING_AREA_SQM,AVG_TOT_COST_PER_AREA_USD
HND,Honduras,Com,103800.16582286381,7583947674.321649,7667520828.781922,6369811790.260462,0.0,0.0,37432200.11471353,21621280297.8665,360.6179221196237,577.6117949681454
HND,Honduras,Ind,24129.09920099549,6416009169.349897,4394067368.732595,3421210498.6573167,0.0,0.0,23443671.672085628,14231286984.099718,971.5933229334321,607.0417289218782
HND,Honduras,Res,1989075.0,28729210248.08168,49620714406.985344,59443860290.17529,2277643.0,9759507.80488184,221797583.7005239,137793784945.2423,111.50790377463088,621.2591798623675
