ID_0,NAME_0,OCCUPANCY,BUILDINGS,COST_CONTENTS_USD,COST_NONSTRUCTURAL_USD,COST_STRUCTURAL_USD,DWELLINGS,OCCUPANTS_PER_ASSET,TOTAL_AREA_SQM,TOTAL_REPL_COST_USD,AVG_BUILDING_AREA_SQM,AVG_TOT_COST_PER_AREA_USD
COL,Colombia,Com,338147.099996445,39639400695.12476,43075026357.251144,33546428981.692978,0.0,0.0,113014202.06121942,116260856033.7184,334.21609134724963,1028.7278405128257
COL,Colombia,Ind,261573.0,32936722058.57932,21148016488.36991,15760363806.78615,0.0,0.0,74905412.5,69845102353.7505,286.3652307386466,932.4439986729998
COL,Colombia,Res,6532631.285597215,161953313502.58737,236740830541.08884,330100577892.8712,15548695.304213632,45025033.04934887,3194211041225.4004,728794721938.109,488962.3953318505,0.22816110536594986
