ID_0,NAME_0,OCCUPANCY,BUILDINGS,COST_CONTENTS_USD,COST_NONSTRUCTURAL_USD,COST_STRUCTURAL_USD,DWELLINGS,OCCUPANTS_PER_ASSET,TOTAL_AREA_SQM,TOTAL_REPL_COST_USD,AVG_BUILDING_AREA_SQM,AVG_TOT_COST_PER_AREA_USD
SYR,Syria,Com,186095,11267343780.99763,12081295697.03203,11338430323.01674,0.0,0.0,48384010.9998803,34687069805.80787,259.9962975892974,716.9118287008839
SYR,Syria,Ind,50836,6549183573.02542,4296804923.97709,3165182764.01578,0.0,0.0,21096950.9999313,14011171252.053,415.00021638073997,664.1325209552142
SYR,Syria,Res,3215299,36313058710.8003,74420786794.83772,74859181197.02547,3746588.999998429,18279031.999996327,406895210.9998999,185593026681.5129,126.54972710155414,456.11995831909303
