ID_0,NAME_0,OCCUPANCY,BUILDINGS,COST_CONTENTS_USD,COST_NONSTRUCTURAL_USD,COST_STRUCTURAL_USD,DWELLINGS,OCCUPANTS_PER_ASSET,TOTAL_AREA_SQM,TOTAL_REPL_COST_USD,AVG_BUILDING_AREA_SQM,AVG_TOT_COST_PER_AREA_USD
SYR,Syria,Com,186095.0,11267343781.0,12081295697.0,11338430323.0,0.0,0.0,48384011.0,34687069806.0,259.99629758994064,716.9118287030813
SYR,Syria,Ind,50836.0,6549183573.0,4296804924.0,3165182764.0,0.0,0.0,21096951.0,14011171252.0,415.0002163820914,664.1325209505393
SYR,Syria,Res,3215299.0,36313058711.0,74420786795.0,74859181197.0,3746589.0,18279032.0,406895211.0,185593026682.0,126.54972710158526,456.11995832017794
