ID_0,NAME_0,OCCUPANCY,BUILDINGS,COST_CONTENTS_USD,COST_NONSTRUCTURAL_USD,COST_STRUCTURAL_USD,DWELLINGS,OCCUPANTS_PER_ASSET,TOTAL_AREA_SQM,TOTAL_REPL_COST_USD,AVG_BUILDING_AREA_SQM,AVG_TOT_COST_PER_AREA_USD
THA,Thailand,Com,1196999.0,56704653687.64569,47971424827.214455,38791619672.785545,1796146.0,0.0,157489410.0,143467698187.6457,131.57021016725994,910.96727194321
THA,Thailand,Ind,456759.0,61455060505.05051,30646924689.89899,24626271810.10101,456759.0,0.0,112352790.0,116728257005.0505,245.97827300611482,1038.9439995664595
THA,Thailand,Res,16697004.0,273221970894.11765,386267071895.79834,402733254504.2017,20246746.0,66433649.2,1635640288.5,1062222297294.1177,97.9601064059157,649.4229230977503
