ID_0,NAME_0,OCCUPANCY,BUILDINGS,COST_CONTENTS_USD,COST_NONSTRUCTURAL_USD,COST_STRUCTURAL_USD,DWELLINGS,OCCUPANTS_PER_ASSET,TOTAL_AREA_SQM,TOTAL_REPL_COST_USD,AVG_BUILDING_AREA_SQM,AVG_TOT_COST_PER_AREA_USD
MLT,Malta,Com,13030.00000052,3030044264.36,1818026558.61,1212017705.75,0.0,0.0,2264451.290818663,6060088528.7,173.78751271897877,2676.1840951364015
MLT,Malta,Ind,9872.0,4966336106.97,2069306711.4,1241584026.79,0.0,0.0,4732927.75416,8277226844.86,479.4294726661264,1748.859749144648
MLT,Malta,Res,94354.727960199,4030319792.67,10075799481.68,6045479689.04,223850.0,502999.99999999994,23818211.454576157,20151598963.41,252.43262282122447,846.0584457334769
