ID_0,NAME_0,OCCUPANCY,BUILDINGS,COST_CONTENTS_USD,COST_NONSTRUCTURAL_USD,COST_STRUCTURAL_USD,DWELLINGS,OCCUPANTS_PER_ASSET,TOTAL_AREA_SQM,TOTAL_REPL_COST_USD,AVG_BUILDING_AREA_SQM,AVG_TOT_COST_PER_AREA_USD
MMR,Myanmar,Com,58517.0,3493421809.523809,3861985509.5238094,2595502990.4761906,74842.0,0.0,9624850.0,9950910309.52381,164.47955295042468,1033.87692374674
MMR,Myanmar,Ind,50991.0,1827148636.3636363,1209680597.7272727,875170902.2727273,50991.0,0.0,13242200.0,3912000136.363636,259.69680924084645,295.4192004624334
MMR,Myanmar,Res,12097225.0,28413575543.49853,42279760176.836334,46398784510.81405,12364081.0,54823766.798160166,663389884.0398645,117092120230.81361,54.838186777534894,176.5057367437597
