ID_0,NAME_0,OCCUPANCY,BUILDINGS,COST_CONTENTS_USD,COST_NONSTRUCTURAL_USD,COST_STRUCTURAL_USD,DWELLINGS,OCCUPANTS_PER_ASSET,TOTAL_AREA_SQM,TOTAL_REPL_COST_USD,AVG_BUILDING_AREA_SQM,AVG_TOT_COST_PER_AREA_USD
STP,Sao Tome and Principe,Com,1049.0,15909018.0,16645239.0,27535422.0,1461.0,0.0,193625.0,60089670.0,184.58055290753097,310.3404519044545
STP,Sao Tome and Principe,Ind,264.0,7539892.0,5630277.0,8564158.0,264.0,0.0,73721.0,21734329.0,279.2462121212121,294.8186948088062
STP,Sao Tome and Principe,Res,51046.0,153621474.0,258909690.0,437041558.0,53621.0,214684.0,4130540.0,849572731.0,80.91799553344043,205.68079016302954
