ID_0,NAME_0,OCCUPANCY,MACRO_TAXONOMY,TAXONOMY,SETTLEMENT,BUILDINGS,BLDG_REPL_COST_USD,COST_CONTENTS_USD,OCCUPANTS_TOTAL,TOTAL_AREA_SQM,TOTAL_REPL_COST_USD,CARBON_BUILDINGS_TON,DWELLINGS,AVG_BUILDING_AREA_SQM,AVG_BLDG_COST_PER_AREA_USD
PER,Peru,COM,CR+,CR+PC/LFM/CDH+ERH/H:1/COM:1,TOTAL,4.0,516628.0,91170.0,0.0,795.0,607799.0,390.0,0.0,199.0,650.0
PER,Peru,COM,CR+,CR+PC/LFM/CDH+ERH/H:1/COM:2,TOTAL,957.0,71006271.0,12530532.0,0.0,109240.0,83536787.0,53541.0,0.0,114.0,650.0
PER,Peru,COM,CR+,CR+PC/LFM/CDH+ERH/H:1/COM:3,TOTAL,181.0,5788270.0,1021460.0,0.0,8905.0,6809718.0,4365.0,0.0,49.0,650.0
PER,Peru,COM,CR+,CR+PC/LFM/CDH+ERH/H:1/COM:3B,TOTAL,8.0,404931.0,71458.0,0.0,623.0,476389.0,305.0,0.0,78.0,650.0
PER,Peru,IND,CR+,CR+PC/LFM/CDH+ERH/H:1/IND:1,TOTAL,21.0,3078822.0,1026271.0,0.0,5131.0,4105092.0,2427.0,0.0,244.0,600.0
PER,Peru,IND,CR+,CR+PC/LFM/CDH+ERH/H:1/IND:2,TOTAL,426.0,63412533.0,21137507.0,0.0,105688.0,84550053.0,49995.0,0.0,248.0,600.0
PER,Peru,IND,CR+,CR+PC/LFM/CDH+ERH/H:1/IND:4,TOTAL,2.0,313677.0,104559.0,0.0,523.0,418236.0,247.0,0.0,262.0,600.0
PER,Peru,IND,CR+,CR+PC/LFM/CDH+ERH/H:1/IND:6,TOTAL,35.0,8376044.0,2792016.0,0.0,13960.0,11168060.0,6604.0,0.0,399.0,600.0
PER,Peru,COM,CR+,CR+PC/LFM/CDH+ERH/H:2/COM:1,TOTAL,1.0,864520.0,152562.0,0.0,1330.0,1017082.0,652.0,0.0,1330.0,650.0
PER,Peru,COM,CR+,CR+PC/LFM/CDH+ERH/H:2/COM:2,TOTAL,641.0,88750026.0,15661761.0,0.0,136538.0,104411796.0,66975.0,0.0,213.0,650.0
PER,Peru,COM,CR+,CR+PC/LFM/CDH+ERH/H:2/COM:3,TOTAL,40.0,2079344.0,366943.0,0.0,3199.0,2446292.0,1569.0,0.0,80.0,650.0
PER,Peru,COM,CR+,CR+PC/LFM/CDH+ERH/H:2/COM:3B,TOTAL,1.0,113206.0,19978.0,0.0,174.0,133184.0,85.0,0.0,174.0,651.0
PER,Peru,IND,CR+,CR+PC/LFM/CDH+ERH/H:2/IND:1,TOTAL,12.0,1829803.0,609933.0,0.0,3050.0,2439736.0,1444.0,0.0,254.0,600.0
PER,Peru,IND,CR+,CR+PC/LFM/CDH+ERH/H:2/IND:2,TOTAL,195.0,28904264.0,9634752.0,0.0,48174.0,38539017.0,22810.0,0.0,247.0,600.0
PER,Peru,IND,CR+,CR+PC/LFM/CDH+ERH/H:2/IND:6,TOTAL,10.0,2610417.0,870138.0,0.0,4351.0,3480558.0,2060.0,0.0,435.0,600.0
PER,Peru,COM,CR+,CR+PC/LFM/CDH+ERH/H:3/COM:1,TOTAL,1.0,167459.0,29552.0,0.0,258.0,197010.0,126.0,0.0,258.0,649.0
PER,Peru,COM,CR+,CR+PC/LFM/CDH+ERH/H:3/COM:2,TOTAL,633.0,120344862.0,21237337.0,0.0,185146.0,141582198.0,90893.0,0.0,292.0,650.0
PER,Peru,COM,CR+,CR+PC/LFM/CDH+ERH/H:3/COM:3,TOTAL,74.0,6377780.0,1125488.0,0.0,9812.0,7503270.0,4817.0,0.0,133.0,650.0
PER,Peru,COM,CR+,CR+PC/LFM/CDH+ERH/H:3/COM:3B,TOTAL,2.0,279326.0,49293.0,0.0,430.0,328618.0,211.0,0.0,215.0,650.0
PER,Peru,COM,CR+,CR+PC/LFM/CDH+ERH/H:4/COM:1,TOTAL,4.0,544445.0,96078.0,0.0,838.0,640523.0,412.0,0.0,210.0,650.0
PER,Peru,COM,CR+,CR+PC/LFM/CDH+ERH/H:4/COM:2,TOTAL,1782.0,488484568.0,86203154.0,0.0,751515.0,574687729.0,369241.0,0.0,422.0,650.0
PER,Peru,COM,CR+,CR+PC/LFM/CDH+ERH/H:4/COM:3,TOTAL,175.0,19528594.0,3446228.0,0.0,30044.0,22974824.0,14762.0,0.0,172.0,650.0
PER,Peru,COM,CR+,CR+PC/LFM/CDH+ERH/H:4/COM:3B,TOTAL,8.0,2852217.0,503333.0,0.0,4388.0,3355549.0,2156.0,0.0,548.0,650.0
PER,Peru,COM,CR+,CR+PC/LFM/CDH+ERH/H:5-7/COM:1,TOTAL,1.0,2572518.0,453974.0,0.0,3958.0,3026492.0,1948.0,0.0,3958.0,650.0
PER,Peru,COM,CR+,CR+PC/LFM/CDH+ERH/H:5-7/COM:2,TOTAL,1197.0,482529692.0,85152297.0,0.0,742353.0,567681983.0,365342.0,0.0,620.0,650.0
PER,Peru,COM,CR+,CR+PC/LFM/CDH+ERH/H:5-7/COM:3,TOTAL,68.0,11070440.0,1953604.0,0.0,17031.0,13024050.0,8382.0,0.0,250.0,650.0
PER,Peru,IND,CR+,CR+PC/LFM/CDH+ERH/H:>2/IND:1,TOTAL,153.0,31829886.0,10609962.0,0.0,53050.0,42439841.0,25143.0,0.0,347.0,600.0
PER,Peru,IND,CR+,CR+PC/LFM/CDH+ERH/H:>2/IND:2,TOTAL,2616.0,471198938.0,157066313.0,0.0,785332.0,628265264.0,372211.0,0.0,300.0,600.0
PER,Peru,IND,CR+,CR+PC/LFM/CDH+ERH/H:>2/IND:4,TOTAL,3.0,1623015.0,541005.0,0.0,2705.0,2164020.0,1282.0,0.0,902.0,600.0
PER,Peru,IND,CR+,CR+PC/LFM/CDH+ERH/H:>2/IND:6,TOTAL,178.0,47252186.0,15750725.0,0.0,78754.0,63002912.0,37326.0,0.0,442.0,600.0
PER,Peru,COM,CR+,CR+PC/LFM/CDH+ERH/H:>7/COM:2,TOTAL,91.0,53072660.0,9365768.0,0.0,81650.0,62438432.0,40250.0,0.0,897.0,650.0
PER,Peru,COM,CR+,CR+PC/LFM/CDH+ERH/H:>7/COM:3,TOTAL,2.0,423904.0,74806.0,0.0,652.0,498711.0,321.0,0.0,326.0,650.0
PER,Peru,COM,CR+,CR+PC/LFM/CDH+ERM/H:1/COM:2,TOTAL,31.0,1689097.0,298077.0,0.0,2599.0,1987173.0,1274.0,0.0,84.0,650.0
PER,Peru,COM,CR+,CR+PC/LFM/CDH+ERM/H:1/COM:3,TOTAL,11.0,348736.0,61541.0,0.0,537.0,410275.0,263.0,0.0,49.0,649.0
PER,Peru,IND,CR+,CR+PC/LFM/CDH+ERM/H:1/IND:2,TOTAL,2.0,182236.0,60746.0,0.0,304.0,242980.0,144.0,0.0,152.0,599.0
PER,Peru,COM,CR+,CR+PC/LFM/CDH+ERM/H:2/COM:2,TOTAL,6.0,835176.0,147384.0,0.0,1285.0,982557.0,630.0,0.0,214.0,650.0
PER,Peru,IND,CR+,CR+PC/LFM/CDH+ERM/H:2/IND:2,TOTAL,2.0,832581.0,277527.0,0.0,1388.0,1110108.0,657.0,0.0,694.0,600.0
PER,Peru,COM,CR+,CR+PC/LFM/CDH+ERM/H:3/COM:2,TOTAL,5.0,1083030.0,191121.0,0.0,1666.0,1274151.0,818.0,0.0,333.0,650.0
PER,Peru,COM,CR+,CR+PC/LFM/CDH+ERM/H:3/COM:3,TOTAL,1.0,78969.0,13936.0,0.0,121.0,92904.0,60.0,0.0,121.0,653.0
PER,Peru,COM,CR+,CR+PC/LFM/CDH+ERM/H:4/COM:2,TOTAL,30.0,7618634.0,1344466.0,0.0,11721.0,8963099.0,5759.0,0.0,391.0,650.0
PER,Peru,COM,CR+,CR+PC/LFM/CDH+ERM/H:4/COM:3,TOTAL,1.0,104359.0,18416.0,0.0,161.0,122775.0,79.0,0.0,161.0,648.0
PER,Peru,COM,CR+,CR+PC/LFM/CDH+ERM/H:5-7/COM:2,TOTAL,11.0,4185162.0,738560.0,0.0,6439.0,4923721.0,3169.0,0.0,585.0,650.0
PER,Peru,IND,CR+,CR+PC/LFM/CDH+ERM/H:>2/IND:2,TOTAL,23.0,3151214.0,1050406.0,0.0,5252.0,4201619.0,2489.0,0.0,228.0,600.0
PER,Peru,IND,CR+,CR+PC/LFM/CDH+ERM/H:>2/IND:6,TOTAL,1.0,607452.0,202484.0,0.0,1012.0,809936.0,480.0,0.0,1012.0,600.0
PER,Peru,COM,CR-,CR+PC/LFM/CDL+ERL/H:1/COM:1,TOTAL,1.0,65517.0,11562.0,0.0,101.0,77079.0,49.0,0.0,101.0,649.0
PER,Peru,COM,CR-,CR+PC/LFM/CDL+ERL/H:1/COM:2,TOTAL,121.0,8041459.0,1419086.0,0.0,12371.0,9460547.0,6064.0,0.0,102.0,650.0
PER,Peru,COM,CR-,CR+PC/LFM/CDL+ERL/H:1/COM:3,TOTAL,20.0,743925.0,131282.0,0.0,1144.0,875204.0,561.0,0.0,57.0,650.0
PER,Peru,COM,CR-,CR+PC/LFM/CDL+ERL/H:1/COM:3B,TOTAL,1.0,26933.0,4753.0,0.0,41.0,31686.0,20.0,0.0,41.0,657.0
PER,Peru,IND,CR-,CR+PC/LFM/CDL+ERL/H:1/IND:1,TOTAL,2.0,303210.0,101070.0,0.0,505.0,404280.0,239.0,0.0,252.0,600.0
PER,Peru,IND,CR-,CR+PC/LFM/CDL+ERL/H:1/IND:2,TOTAL,50.0,7886993.0,2629001.0,0.0,13145.0,10515987.0,6218.0,0.0,263.0,600.0
PER,Peru,IND,CR-,CR+PC/LFM/CDL+ERL/H:1/IND:4,TOTAL,2.0,1674423.0,558141.0,0.0,2791.0,2232564.0,1320.0,0.0,1396.0,600.0
PER,Peru,IND,CR-,CR+PC/LFM/CDL+ERL/H:1/IND:6,TOTAL,4.0,1297532.0,432511.0,0.0,2163.0,1730043.0,1023.0,0.0,541.0,600.0
PER,Peru,COM,CR-,CR+PC/LFM/CDL+ERL/H:2/COM:2,TOTAL,61.0,8880915.0,1567216.0,0.0,13663.0,10448138.0,6702.0,0.0,224.0,650.0
PER,Peru,COM,CR-,CR+PC/LFM/CDL+ERL/H:2/COM:3,TOTAL,5.0,262500.0,46322.0,0.0,404.0,308822.0,198.0,0.0,81.0,650.0
PER,Peru,IND,CR-,CR+PC/LFM/CDL+ERL/H:2/IND:2,TOTAL,10.0,1551241.0,517080.0,0.0,2585.0,2068321.0,1224.0,0.0,258.0,600.0
PER,Peru,IND,CR-,CR+PC/LFM/CDL+ERL/H:2/IND:6,TOTAL,1.0,92204.0,30735.0,0.0,154.0,122939.0,73.0,0.0,154.0,599.0
PER,Peru,COM,CR-,CR+PC/LFM/CDL+ERL/H:3/COM:2,TOTAL,52.0,9627044.0,1698893.0,0.0,14811.0,11325937.0,7271.0,0.0,285.0,650.0
PER,Peru,COM,CR-,CR+PC/LFM/CDL+ERL/H:3/COM:3,TOTAL,5.0,401127.0,70786.0,0.0,617.0,471914.0,303.0,0.0,123.0,650.0
PER,Peru,COM,CR-,CR+PC/LFM/CDL+ERL/H:4/COM:2,TOTAL,197.0,58244695.0,10278470.0,0.0,89607.0,68523162.0,44027.0,0.0,455.0,650.0
PER,Peru,COM,CR-,CR+PC/LFM/CDL+ERL/H:4/COM:3,TOTAL,16.0,2060757.0,363663.0,0.0,3170.0,2424418.0,1558.0,0.0,198.0,650.0
PER,Peru,COM,CR-,CR+PC/LFM/CDL+ERL/H:4/COM:3B,TOTAL,1.0,263848.0,46561.0,0.0,406.0,310409.0,199.0,0.0,406.0,650.0
PER,Peru,COM,CR-,CR+PC/LFM/CDL+ERL/H:5-7/COM:2,TOTAL,128.0,51420534.0,9074211.0,0.0,79109.0,60494750.0,38933.0,0.0,618.0,650.0
PER,Peru,COM,CR-,CR+PC/LFM/CDL+ERL/H:5-7/COM:3,TOTAL,7.0,1111226.0,196099.0,0.0,1710.0,1307326.0,841.0,0.0,244.0,650.0
PER,Peru,IND,CR-,CR+PC/LFM/CDL+ERL/H:>2/IND:1,TOTAL,20.0,4427990.0,1475996.0,0.0,7380.0,5903986.0,3498.0,0.0,369.0,600.0
PER,Peru,IND,CR-,CR+PC/LFM/CDL+ERL/H:>2/IND:2,TOTAL,266.0,52767409.0,17589137.0,0.0,87946.0,70356544.0,41682.0,0.0,331.0,600.0
PER,Peru,IND,CR-,CR+PC/LFM/CDL+ERL/H:>2/IND:4,TOTAL,1.0,153855.0,51285.0,0.0,256.0,205140.0,122.0,0.0,256.0,601.0
PER,Peru,IND,CR-,CR+PC/LFM/CDL+ERL/H:>2/IND:6,TOTAL,18.0,5959398.0,1986466.0,0.0,9932.0,7945864.0,4707.0,0.0,552.0,600.0
PER,Peru,COM,CR-,CR+PC/LFM/CDL+ERL/H:>7/COM:2,TOTAL,11.0,4919631.0,868171.0,0.0,7569.0,5787802.0,3731.0,0.0,688.0,650.0
PER,Peru,COM,CR-,CR+PC/LFM/CDM+ERL/H:1/COM:1,TOTAL,1.0,65172.0,11501.0,0.0,100.0,76672.0,49.0,0.0,100.0,652.0
PER,Peru,COM,CR-,CR+PC/LFM/CDM+ERL/H:1/COM:2,TOTAL,472.0,34001481.0,6000254.0,0.0,52310.0,40001737.0,25638.0,0.0,111.0,650.0
PER,Peru,COM,CR-,CR+PC/LFM/CDM+ERL/H:1/COM:3,TOTAL,84.0,2837626.0,500760.0,0.0,4366.0,3338384.0,2140.0,0.0,52.0,650.0
PER,Peru,IND,CR-,CR+PC/LFM/CDM+ERL/H:1/IND:1,TOTAL,9.0,2741124.0,913707.0,0.0,4569.0,3654832.0,2161.0,0.0,508.0,600.0
PER,Peru,IND,CR-,CR+PC/LFM/CDM+ERL/H:1/IND:2,TOTAL,182.0,25499722.0,8499908.0,0.0,42500.0,33999635.0,20104.0,0.0,234.0,600.0
PER,Peru,IND,CR-,CR+PC/LFM/CDM+ERL/H:1/IND:4,TOTAL,1.0,151194.0,50398.0,0.0,252.0,201592.0,119.0,0.0,252.0,600.0
PER,Peru,IND,CR-,CR+PC/LFM/CDM+ERL/H:1/IND:6,TOTAL,24.0,7970470.0,2656824.0,0.0,13284.0,10627294.0,6284.0,0.0,554.0,600.0
PER,Peru,COM,CR-,CR+PC/LFM/CDM+ERL/H:2/COM:1,TOTAL,1.0,54803.0,9671.0,0.0,84.0,64474.0,41.0,0.0,84.0,652.0
PER,Peru,COM,CR-,CR+PC/LFM/CDM+ERL/H:2/COM:2,TOTAL,255.0,38672698.0,6824591.0,0.0,59496.0,45497292.0,29184.0,0.0,233.0,650.0
PER,Peru,COM,CR-,CR+PC/LFM/CDM+ERL/H:2/COM:3,TOTAL,16.0,908461.0,160317.0,0.0,1398.0,1068781.0,686.0,0.0,87.0,650.0
PER,Peru,IND,CR-,CR+PC/LFM/CDM+ERL/H:2/IND:1,TOTAL,3.0,456067.0,152021.0,0.0,760.0,608088.0,360.0,0.0,253.0,600.0
PER,Peru,IND,CR-,CR+PC/LFM/CDM+ERL/H:2/IND:2,TOTAL,95.0,18725774.0,6241922.0,0.0,31210.0,24967703.0,14778.0,0.0,329.0,600.0
PER,Peru,IND,CR-,CR+PC/LFM/CDM+ERL/H:2/IND:6,TOTAL,10.0,2824958.0,941653.0,0.0,4708.0,3766611.0,2229.0,0.0,471.0,600.0
PER,Peru,COM,CR-,CR+PC/LFM/CDM+ERL/H:3/COM:1,TOTAL,1.0,79154.0,13968.0,0.0,122.0,93123.0,60.0,0.0,122.0,649.0
PER,Peru,COM,CR-,CR+PC/LFM/CDM+ERL/H:3/COM:2,TOTAL,280.0,53043998.0,9360711.0,0.0,81606.0,62404706.0,40063.0,0.0,291.0,650.0
PER,Peru,COM,CR-,CR+PC/LFM/CDM+ERL/H:3/COM:3,TOTAL,34.0,2714581.0,479042.0,0.0,4176.0,3193625.0,2050.0,0.0,123.0,650.0
PER,Peru,COM,CR-,CR+PC/LFM/CDM+ERL/H:4/COM:1,TOTAL,2.0,488119.0,86138.0,0.0,751.0,574257.0,369.0,0.0,376.0,650.0
PER,Peru,COM,CR-,CR+PC/LFM/CDM+ERL/H:4/COM:2,TOTAL,852.0,232283022.0,40991118.0,0.0,357359.0,273274146.0,175581.0,0.0,419.0,650.0
PER,Peru,COM,CR-,CR+PC/LFM/CDM+ERL/H:4/COM:3,TOTAL,83.0,9190691.0,1621891.0,0.0,14140.0,10812583.0,6947.0,0.0,170.0,650.0
PER,Peru,COM,CR-,CR+PC/LFM/CDM+ERL/H:4/COM:3B,TOTAL,2.0,330818.0,58379.0,0.0,509.0,389197.0,250.0,0.0,254.0,650.0
PER,Peru,COM,CR-,CR+PC/LFM/CDM+ERL/H:5-7/COM:2,TOTAL,490.0,209559743.0,36981138.0,0.0,322400.0,246540878.0,158666.0,0.0,658.0,650.0
PER,Peru,COM,CR-,CR+PC/LFM/CDM+ERL/H:5-7/COM:3,TOTAL,28.0,4875867.0,860448.0,0.0,7501.0,5736316.0,3692.0,0.0,268.0,650.0
PER,Peru,COM,CR-,CR+PC/LFM/CDM+ERL/H:5-7/COM:3B,TOTAL,2.0,496010.0,87531.0,0.0,763.0,583541.0,376.0,0.0,382.0,650.0
PER,Peru,IND,CR-,CR+PC/LFM/CDM+ERL/H:>2/IND:1,TOTAL,65.0,10954115.0,3651374.0,0.0,18257.0,14605486.0,8653.0,0.0,281.0,600.0
PER,Peru,IND,CR-,CR+PC/LFM/CDM+ERL/H:>2/IND:2,TOTAL,1250.0,213796348.0,71265454.0,0.0,356327.0,285061783.0,168883.0,0.0,285.0,600.0
PER,Peru,IND,CR-,CR+PC/LFM/CDM+ERL/H:>2/IND:4,TOTAL,2.0,892359.0,297453.0,0.0,1487.0,1189812.0,705.0,0.0,744.0,600.0
PER,Peru,IND,CR-,CR+PC/LFM/CDM+ERL/H:>2/IND:6,TOTAL,83.0,23415066.0,7805022.0,0.0,39025.0,31220087.0,18496.0,0.0,470.0,600.0
PER,Peru,COM,CR-,CR+PC/LFM/CDM+ERL/H:>7/COM:2,TOTAL,52.0,25451600.0,4491455.0,0.0,39156.0,29943060.0,19302.0,0.0,753.0,650.0
PER,Peru,COM,CR-,CR+PC/LFM/CDM+ERL/H:>7/COM:3,TOTAL,1.0,209308.0,36937.0,0.0,322.0,246245.0,159.0,0.0,322.0,650.0
PER,Peru,COM,CR-,CR+PC/LFM/CDN+ERL/H:1/COM:1,TOTAL,27.0,2653105.0,468194.0,0.0,4082.0,3121300.0,2001.0,0.0,151.0,650.0
PER,Peru,COM,CR-,CR+PC/LFM/CDN+ERL/H:1/COM:2,TOTAL,3972.0,283011677.0,49943244.0,0.0,435403.0,332954931.0,213397.0,0.0,110.0,650.0
PER,Peru,COM,CR-,CR+PC/LFM/CDN+ERL/H:1/COM:3,TOTAL,674.0,24511642.0,4325583.0,0.0,37710.0,28837227.0,18483.0,0.0,56.0,650.0
PER,Peru,COM,CR-,CR+PC/LFM/CDN+ERL/H:1/COM:3B,TOTAL,19.0,1227911.0,216691.0,0.0,1889.0,1444599.0,926.0,0.0,99.0,650.0
PER,Peru,IND,CR-,CR+PC/LFM/CDN+ERL/H:1/IND:1,TOTAL,107.0,25304405.0,8434797.0,0.0,42174.0,33739209.0,19950.0,0.0,394.0,600.0
PER,Peru,IND,CR-,CR+PC/LFM/CDN+ERL/H:1/IND:2,TOTAL,1932.0,293390306.0,97796758.0,0.0,488984.0,391187088.0,231310.0,0.0,253.0,600.0
PER,Peru,IND,CR-,CR+PC/LFM/CDN+ERL/H:1/IND:4,TOTAL,8.0,2360359.0,786785.0,0.0,3934.0,3147145.0,1861.0,0.0,492.0,600.0
PER,Peru,IND,CR-,CR+PC/LFM/CDN+ERL/H:1/IND:6,TOTAL,152.0,39708461.0,13236153.0,0.0,66181.0,52944618.0,31306.0,0.0,435.0,600.0
PER,Peru,COM,CR-,CR+PC/LFM/CDN+ERL/H:2/COM:1,TOTAL,1.0,52770.0,9312.0,0.0,81.0,62082.0,40.0,0.0,81.0,651.0
PER,Peru,COM,CR-,CR+PC/LFM/CDN+ERL/H:2/COM:2,TOTAL,2160.0,309695141.0,54652068.0,0.0,476454.0,364347199.0,233709.0,0.0,221.0,650.0
PER,Peru,COM,CR-,CR+PC/LFM/CDN+ERL/H:2/COM:3,TOTAL,141.0,7573377.0,1336472.0,0.0,11651.0,8909857.0,5715.0,0.0,83.0,650.0
PER,Peru,IND,CR-,CR+PC/LFM/CDN+ERL/H:2/IND:1,TOTAL,48.0,7791992.0,2597326.0,0.0,12987.0,10389322.0,6149.0,0.0,271.0,600.0
PER,Peru,IND,CR-,CR+PC/LFM/CDN+ERL/H:2/IND:2,TOTAL,733.0,116644314.0,38881429.0,0.0,194407.0,155525746.0,92052.0,0.0,265.0,600.0
PER,Peru,IND,CR-,CR+PC/LFM/CDN+ERL/H:2/IND:4,TOTAL,2.0,304132.0,101378.0,0.0,507.0,405510.0,240.0,0.0,254.0,600.0
PER,Peru,IND,CR-,CR+PC/LFM/CDN+ERL/H:2/IND:6,TOTAL,62.0,13661791.0,4553929.0,0.0,22770.0,18215724.0,10781.0,0.0,367.0,600.0
PER,Peru,COM,CR-,CR+PC/LFM/CDN+ERL/H:3/COM:1,TOTAL,2.0,157958.0,27875.0,0.0,243.0,185834.0,119.0,0.0,122.0,650.0
PER,Peru,COM,CR-,CR+PC/LFM/CDN+ERL/H:3/COM:2,TOTAL,2661.0,515072662.0,90895169.0,0.0,792420.0,605967854.0,389016.0,0.0,298.0,650.0
PER,Peru,COM,CR-,CR+PC/LFM/CDN+ERL/H:3/COM:3,TOTAL,286.0,24415739.0,4308660.0,0.0,37563.0,28724398.0,18441.0,0.0,131.0,650.0
PER,Peru,COM,CR-,CR+PC/LFM/CDN+ERL/H:3/COM:3B,TOTAL,9.0,2219526.0,391682.0,0.0,3415.0,2611208.0,1676.0,0.0,379.0,650.0
PER,Peru,COM,CR-,CR+PC/LFM/CDN+ERL/H:4/COM:1,TOTAL,28.0,8023865.0,1415976.0,0.0,12344.0,9439842.0,6065.0,0.0,441.0,650.0
PER,Peru,COM,CR-,CR+PC/LFM/CDN+ERL/H:4/COM:2,TOTAL,8162.0,2241364657.0,395534940.0,0.0,3448253.0,2636899593.0,1694221.0,0.0,422.0,650.0
PER,Peru,COM,CR-,CR+PC/LFM/CDN+ERL/H:4/COM:3,TOTAL,727.0,85009494.0,15001668.0,0.0,130784.0,100011156.0,64258.0,0.0,180.0,650.0
PER,Peru,COM,CR-,CR+PC/LFM/CDN+ERL/H:4/COM:3B,TOTAL,37.0,10280129.0,1814141.0,0.0,15816.0,12094270.0,7771.0,0.0,427.0,650.0
PER,Peru,COM,CR-,CR+PC/LFM/CDN+ERL/H:5-7/COM:1,TOTAL,5.0,1210123.0,213552.0,0.0,1862.0,1423675.0,916.0,0.0,372.0,650.0
PER,Peru,COM,CR-,CR+PC/LFM/CDN+ERL/H:5-7/COM:2,TOTAL,5008.0,1948140888.0,343789554.0,0.0,2997140.0,2291930468.0,1475011.0,0.0,598.0,650.0
PER,Peru,COM,CR-,CR+PC/LFM/CDN+ERL/H:5-7/COM:3,TOTAL,271.0,44834516.0,7911968.0,0.0,68976.0,52746489.0,33946.0,0.0,255.0,650.0
PER,Peru,COM,CR-,CR+PC/LFM/CDN+ERL/H:5-7/COM:3B,TOTAL,15.0,10671207.0,1883156.0,0.0,16417.0,12554362.0,8080.0,0.0,1094.0,650.0
PER,Peru,IND,CR-,CR+PC/LFM/CDN+ERL/H:>2/IND:1,TOTAL,596.0,104250282.0,34750089.0,0.0,173750.0,139000377.0,82350.0,0.0,292.0,600.0
PER,Peru,IND,CR-,CR+PC/LFM/CDN+ERL/H:>2/IND:2,TOTAL,13268.0,2385169307.0,795056439.0,0.0,3975282.0,3180225740.0,1884091.0,0.0,300.0,600.0
PER,Peru,IND,CR-,CR+PC/LFM/CDN+ERL/H:>2/IND:4,TOTAL,16.0,4787933.0,1595977.0,0.0,7980.0,6383911.0,3782.0,0.0,499.0,600.0
PER,Peru,IND,CR-,CR+PC/LFM/CDN+ERL/H:>2/IND:6,TOTAL,776.0,215986319.0,71995446.0,0.0,359977.0,287981750.0,170613.0,0.0,464.0,600.0
PER,Peru,COM,CR-,CR+PC/LFM/CDN+ERL/H:>7/COM:2,TOTAL,496.0,240190548.0,42386572.0,0.0,369524.0,282577120.0,182158.0,0.0,745.0,650.0
PER,Peru,COM,CR-,CR+PC/LFM/CDN+ERL/H:>7/COM:3,TOTAL,13.0,2741555.0,483803.0,0.0,4218.0,3225367.0,2079.0,0.0,324.0,650.0
PER,Peru,RES,CR-,CR/LDUAL/CDL+ERH/H:>9/RES,RURAL,22.0,35596800.0,6281788.0,2506.0,59328.0,41878588.0,23535.0,824.0,2697.0,600.0
PER,Peru,RES,CR-,CR/LDUAL/CDL+ERH/H:>9/RES,URBAN,124.0,260712000.0,46008001.0,15374.0,347616.0,306720001.0,137896.0,4828.0,2803.0,750.0
PER,Peru,RES,CR-,CR/LDUAL/CDL+ERL/H:>9/RES,URBAN,856.0,1845450000.0,325667644.0,107986.0,2460600.0,2171117644.0,976098.0,34175.0,2875.0,750.0
PER,Peru,RES,CR-,CR/LDUAL/CDL+ERL/H:>9/RES,RURAL,108.0,184248000.0,32514356.0,13051.0,307080.0,216762356.0,121816.0,4265.0,2843.0,600.0
PER,Peru,COM,CR+,CR/LFINF/CDH+ERH/H:1/COM,TOTAL,2471.0,488241750.0,86160314.0,0.0,751141.0,574402025.0,368143.0,0.0,304.0,650.0
PER,Peru,COM,CR+,CR/LFINF/CDH+ERH/H:1/COM:1,TOTAL,1300.0,195156793.0,34439426.0,0.0,300241.0,229596203.0,147152.0,0.0,231.0,650.0
PER,Peru,COM,CR+,CR/LFINF/CDH+ERH/H:1/COM:2,TOTAL,2105.0,150207745.0,26507250.0,0.0,231089.0,176714989.0,113261.0,0.0,110.0,650.0
PER,Peru,COM,CR+,CR/LFINF/CDH+ERH/H:1/COM:3,TOTAL,688.0,32212630.0,5684575.0,0.0,49558.0,37897196.0,24290.0,0.0,72.0,650.0
PER,Peru,COM,CR+,CR/LFINF/CDH+ERH/H:1/COM:3A,TOTAL,35.0,3497886.0,617275.0,0.0,5381.0,4115153.0,2638.0,0.0,154.0,650.0
PER,Peru,COM,CR+,CR/LFINF/CDH+ERH/H:1/COM:3B,TOTAL,50.0,3033420.0,535312.0,0.0,4667.0,3568723.0,2287.0,0.0,93.0,650.0
PER,Peru,COM,CR+,CR/LFINF/CDH+ERH/H:1/COM:3C,TOTAL,275.0,17171892.0,3030327.0,0.0,26418.0,20202221.0,12948.0,0.0,96.0,650.0
PER,Peru,COM,CR+,CR/LFINF/CDH+ERH/H:1/COM:5,TOTAL,1790.0,69295333.0,12228583.0,0.0,106608.0,81523926.0,52252.0,0.0,60.0,650.0
PER,Peru,COM,CR+,CR/LFINF/CDH+ERH/H:1/COM:5B,TOTAL,19.0,579330.0,102235.0,0.0,891.0,681562.0,437.0,0.0,47.0,650.0
PER,Peru,IND,CR+,CR/LFINF/CDH+ERH/H:1/IND:1,TOTAL,87.0,15442327.0,5147437.0,0.0,25737.0,20589764.0,12175.0,0.0,296.0,600.0
PER,Peru,IND,CR+,CR/LFINF/CDH+ERH/H:1/IND:2,TOTAL,583.0,84277784.0,28092595.0,0.0,140463.0,112370382.0,66445.0,0.0,241.0,600.0
PER,Peru,IND,CR+,CR/LFINF/CDH+ERH/H:1/IND:4,TOTAL,17.0,4327811.0,1442604.0,0.0,7213.0,5770417.0,3412.0,0.0,424.0,600.0
PER,Peru,IND,CR+,CR/LFINF/CDH+ERH/H:1/IND:6,TOTAL,90.0,23068270.0,7689424.0,0.0,38447.0,30757697.0,18187.0,0.0,427.0,600.0
PER,Peru,RES,CR+,CR/LFINF/CDH+ERH/H:1/RES,URBAN,3387.0,304830000.0,53793491.0,9272.0,406440.0,358623491.0,148124.0,3387.0,120.0,750.0
PER,Peru,COM,CR+,CR/LFINF/CDH+ERH/H:2/COM,TOTAL,1257.0,611403950.0,107894820.0,0.0,940621.0,719298761.0,461390.0,0.0,748.0,650.0
PER,Peru,COM,CR+,CR/LFINF/CDH+ERH/H:2/COM:1,TOTAL,313.0,90739026.0,16012766.0,0.0,139598.0,106751796.0,68475.0,0.0,446.0,650.0
PER,Peru,COM,CR+,CR/LFINF/CDH+ERH/H:2/COM:2,TOTAL,1343.0,196056626.0,34598204.0,0.0,301626.0,230654862.0,147953.0,0.0,225.0,650.0
PER,Peru,COM,CR+,CR/LFINF/CDH+ERH/H:2/COM:3,TOTAL,180.0,11018384.0,1944412.0,0.0,16951.0,12962808.0,8315.0,0.0,94.0,650.0
PER,Peru,COM,CR+,CR/LFINF/CDH+ERH/H:2/COM:3A,TOTAL,2.0,106609.0,18813.0,0.0,164.0,125424.0,80.0,0.0,82.0,650.0
PER,Peru,COM,CR+,CR/LFINF/CDH+ERH/H:2/COM:3B,TOTAL,7.0,1184618.0,209050.0,0.0,1822.0,1393670.0,894.0,0.0,260.0,650.0
PER,Peru,COM,CR+,CR/LFINF/CDH+ERH/H:2/COM:3C,TOTAL,130.0,15740303.0,2777695.0,0.0,24216.0,18518002.0,11878.0,0.0,186.0,650.0
PER,Peru,COM,CR+,CR/LFINF/CDH+ERH/H:2/COM:5,TOTAL,1041.0,76562899.0,13511091.0,0.0,117789.0,90074005.0,57779.0,0.0,113.0,650.0
PER,Peru,COM,CR+,CR/LFINF/CDH+ERH/H:2/COM:5B,TOTAL,19.0,1093394.0,192951.0,0.0,1682.0,1286348.0,825.0,0.0,89.0,650.0
PER,Peru,IND,CR+,CR/LFINF/CDH+ERH/H:2/IND:1,TOTAL,39.0,7154691.0,2384897.0,0.0,11924.0,9539588.0,5646.0,0.0,306.0,600.0
PER,Peru,IND,CR+,CR/LFINF/CDH+ERH/H:2/IND:2,TOTAL,298.0,48658877.0,16219625.0,0.0,81098.0,64878492.0,38400.0,0.0,272.0,600.0
PER,Peru,IND,CR+,CR/LFINF/CDH+ERH/H:2/IND:4,TOTAL,3.0,2239401.0,746467.0,0.0,3732.0,2985869.0,1767.0,0.0,1244.0,600.0
PER,Peru,IND,CR+,CR/LFINF/CDH+ERH/H:2/IND:6,TOTAL,34.0,10021225.0,3340408.0,0.0,16702.0,13361634.0,7908.0,0.0,491.0,600.0
PER,Peru,RES,CR+,CR/LFINF/CDH+ERH/H:2/RES,URBAN,1862.0,332460000.0,58669407.0,10388.0,443280.0,391129407.0,161668.0,3694.0,238.0,750.0
PER,Peru,COM,CR+,CR/LFINF/CDH+ERH/H:3/COM,TOTAL,1168.0,718703086.0,126829958.0,0.0,1105697.0,845533040.0,542811.0,0.0,947.0,650.0
PER,Peru,COM,CR+,CR/LFINF/CDH+ERH/H:3/COM:1,TOTAL,566.0,251941495.0,44460268.0,0.0,387602.0,296401759.0,190283.0,0.0,685.0,650.0
PER,Peru,COM,CR+,CR/LFINF/CDH+ERH/H:3/COM:2,TOTAL,1427.0,276346096.0,48766953.0,0.0,425148.0,325113055.0,208715.0,0.0,298.0,650.0
PER,Peru,COM,CR+,CR/LFINF/CDH+ERH/H:3/COM:3,TOTAL,282.0,28735798.0,5071028.0,0.0,44209.0,33806823.0,21703.0,0.0,157.0,650.0
PER,Peru,COM,CR+,CR/LFINF/CDH+ERH/H:3/COM:3A,TOTAL,9.0,4710391.0,831246.0,0.0,7247.0,5541636.0,3558.0,0.0,805.0,650.0
PER,Peru,COM,CR+,CR/LFINF/CDH+ERH/H:3/COM:3B,TOTAL,16.0,1364473.0,240791.0,0.0,2099.0,1605263.0,1031.0,0.0,131.0,650.0
PER,Peru,COM,CR+,CR/LFINF/CDH+ERH/H:3/COM:3C,TOTAL,320.0,60398796.0,10658614.0,0.0,92921.0,71057414.0,45617.0,0.0,290.0,650.0
PER,Peru,COM,CR+,CR/LFINF/CDH+ERH/H:3/COM:5,TOTAL,2381.0,276228634.0,48746217.0,0.0,424967.0,324974840.0,208627.0,0.0,178.0,650.0
PER,Peru,COM,CR+,CR/LFINF/CDH+ERH/H:3/COM:5B,TOTAL,38.0,3333834.0,588322.0,0.0,5129.0,3922155.0,2518.0,0.0,135.0,650.0
PER,Peru,RES,CR+,CR/LFINF/CDH+ERH/H:3/RES,URBAN,17687.0,4769370000.0,841653545.0,153652.0,6359160.0,5611023545.0,2320936.0,52993.0,360.0,750.0
PER,Peru,COM,CR+,CR/LFINF/CDH+ERH/H:4/COM,TOTAL,2012.0,1542309962.0,272172344.0,0.0,2372785.0,1814482311.0,1165814.0,0.0,1179.0,650.0
PER,Peru,COM,CR+,CR/LFINF/CDH+ERH/H:4/COM:1,TOTAL,1296.0,621952341.0,109756294.0,0.0,956850.0,731708635.0,470127.0,0.0,738.0,650.0
PER,Peru,COM,CR+,CR/LFINF/CDH+ERH/H:4/COM:2,TOTAL,4023.0,1121416664.0,197897068.0,0.0,1725256.0,1319313732.0,847666.0,0.0,429.0,650.0
PER,Peru,COM,CR+,CR/LFINF/CDH+ERH/H:4/COM:3,TOTAL,672.0,89714710.0,15832011.0,0.0,138023.0,105546716.0,67815.0,0.0,205.0,650.0
PER,Peru,COM,CR+,CR/LFINF/CDH+ERH/H:4/COM:3A,TOTAL,23.0,6684519.0,1179621.0,0.0,10284.0,7864140.0,5053.0,0.0,447.0,650.0
PER,Peru,COM,CR+,CR/LFINF/CDH+ERH/H:4/COM:3B,TOTAL,53.0,7945300.0,1402117.0,0.0,12224.0,9347418.0,6006.0,0.0,231.0,650.0
PER,Peru,COM,CR+,CR/LFINF/CDH+ERH/H:4/COM:3C,TOTAL,747.0,208701286.0,36829655.0,0.0,321079.0,245530933.0,157756.0,0.0,430.0,650.0
PER,Peru,COM,CR+,CR/LFINF/CDH+ERH/H:4/COM:5,TOTAL,6579.0,1037278891.0,183049224.0,0.0,1595814.0,1220328141.0,784070.0,0.0,243.0,650.0
PER,Peru,COM,CR+,CR/LFINF/CDH+ERH/H:4/COM:5B,TOTAL,88.0,10499148.0,1852792.0,0.0,16153.0,12351950.0,7936.0,0.0,184.0,650.0
PER,Peru,RES,CR+,CR/LFINF/CDH+ERH/H:4/RES,RURAL,8396.0,3361680000.0,593237698.0,166566.0,5602800.0,3954917698.0,2046386.0,66700.0,667.0,600.0
PER,Peru,RES,CR+,CR/LFINF/CDH+ERH/H:4/RES,URBAN,6795.0,3424491000.0,604321944.0,168832.0,4565988.0,4028812944.0,1667696.0,54357.0,672.0,750.0
PER,Peru,COM,CR+,CR/LFINF/CDH+ERH/H:5-7/COM,TOTAL,1175.0,1467872804.0,259036375.0,0.0,2258266.0,1726909166.0,1111382.0,0.0,1922.0,650.0
PER,Peru,COM,CR+,CR/LFINF/CDH+ERH/H:5-7/COM:1,TOTAL,554.0,487452688.0,86021070.0,0.0,749927.0,573473754.0,369069.0,0.0,1354.0,650.0
PER,Peru,COM,CR+,CR/LFINF/CDH+ERH/H:5-7/COM:2,TOTAL,2647.0,1082037086.0,190947696.0,0.0,1664672.0,1272984807.0,819252.0,0.0,629.0,650.0
PER,Peru,COM,CR+,CR/LFINF/CDH+ERH/H:5-7/COM:3,TOTAL,283.0,61787081.0,10903604.0,0.0,95057.0,72690700.0,46782.0,0.0,336.0,650.0
PER,Peru,COM,CR+,CR/LFINF/CDH+ERH/H:5-7/COM:3A,TOTAL,5.0,1690782.0,298373.0,0.0,2601.0,1989154.0,1280.0,0.0,520.0,650.0
PER,Peru,COM,CR+,CR/LFINF/CDH+ERH/H:5-7/COM:3B,TOTAL,15.0,5009547.0,884037.0,0.0,7707.0,5893584.0,3793.0,0.0,514.0,650.0
PER,Peru,COM,CR+,CR/LFINF/CDH+ERH/H:5-7/COM:3C,TOTAL,533.0,221432170.0,39076256.0,0.0,340665.0,260508445.0,167655.0,0.0,639.0,650.0
PER,Peru,COM,CR+,CR/LFINF/CDH+ERH/H:5-7/COM:5,TOTAL,4372.0,1016629074.0,179405107.0,0.0,1564045.0,1196034229.0,769731.0,0.0,358.0,650.0
PER,Peru,COM,CR+,CR/LFINF/CDH+ERH/H:5-7/COM:5B,TOTAL,46.0,8050946.0,1420754.0,0.0,12386.0,9471704.0,6096.0,0.0,269.0,650.0
PER,Peru,RES,CR+,CR/LFINF/CDH+ERH/H:5/RES,RURAL,1014.0,999684000.0,176414820.0,49647.0,1666140.0,1176098820.0,608993.0,19835.0,1643.0,600.0
PER,Peru,RES,CR+,CR/LFINF/CDH+ERH/H:5/RES,URBAN,1122.0,1404333000.0,247823470.0,68983.0,1872444.0,1652156470.0,684399.0,22291.0,1669.0,750.0
PER,Peru,RES,CR+,CR/LFINF/CDH+ERH/H:6/RES,RURAL,354.0,413229600.0,72922880.0,20248.0,688716.0,486152480.0,251918.0,8199.0,1946.0,600.0
PER,Peru,RES,CR+,CR/LFINF/CDH+ERH/H:6/RES,URBAN,457.0,680400000.0,120070588.0,33313.0,907200.0,800470588.0,331835.0,10800.0,1985.0,750.0
PER,Peru,RES,CR+,CR/LFINF/CDH+ERH/H:7/RES,RURAL,100.0,128721600.0,22715578.0,6590.0,214536.0,151437178.0,78530.0,2554.0,2145.0,600.0
PER,Peru,RES,CR+,CR/LFINF/CDH+ERH/H:7/RES,URBAN,214.0,377685000.0,66650293.0,18592.0,503580.0,444335293.0,184334.0,5995.0,2353.0,750.0
PER,Peru,RES,CR+,CR/LFINF/CDH+ERH/H:8/RES,RURAL,30.0,47779200.0,8431625.0,2220.0,79632.0,56210825.0,29170.0,948.0,2654.0,600.0
PER,Peru,RES,CR+,CR/LFINF/CDH+ERH/H:8/RES,URBAN,133.0,267561000.0,47216649.0,13361.0,356748.0,314777649.0,130682.0,4247.0,2682.0,750.0
PER,Peru,RES,CR+,CR/LFINF/CDH+ERH/H:9/RES,RURAL,15.0,24897600.0,4393692.0,1513.0,41496.0,29291292.0,15212.0,494.0,2766.0,600.0
PER,Peru,RES,CR+,CR/LFINF/CDH+ERH/H:9/RES,URBAN,76.0,176652000.0,31173883.0,8769.0,235536.0,207825883.0,86344.0,2804.0,3099.0,750.0
PER,Peru,IND,CR+,CR/LFINF/CDH+ERH/H:>2/IND:1,TOTAL,457.0,91525883.0,30508633.0,0.0,152543.0,122034519.0,72299.0,0.0,334.0,600.0
PER,Peru,IND,CR+,CR/LFINF/CDH+ERH/H:>2/IND:2,TOTAL,3980.0,752472421.0,250824135.0,0.0,1254121.0,1003296531.0,594394.0,0.0,315.0,600.0
PER,Peru,IND,CR+,CR/LFINF/CDH+ERH/H:>2/IND:4,TOTAL,51.0,15767050.0,5255684.0,0.0,26278.0,21022731.0,12455.0,0.0,515.0,600.0
PER,Peru,IND,CR+,CR/LFINF/CDH+ERH/H:>2/IND:6,TOTAL,506.0,136982849.0,45660952.0,0.0,228305.0,182643800.0,108206.0,0.0,451.0,600.0
PER,Peru,COM,CR+,CR/LFINF/CDH+ERH/H:>7/COM,TOTAL,49.0,74613393.0,13167069.0,0.0,114790.0,87780466.0,56586.0,0.0,2343.0,650.0
PER,Peru,COM,CR+,CR/LFINF/CDH+ERH/H:>7/COM:1,TOTAL,28.0,66381596.0,11714398.0,0.0,102126.0,78095995.0,50343.0,0.0,3647.0,650.0
PER,Peru,COM,CR+,CR/LFINF/CDH+ERH/H:>7/COM:2,TOTAL,223.0,113200905.0,19976630.0,0.0,174155.0,133177536.0,85850.0,0.0,781.0,650.0
PER,Peru,COM,CR+,CR/LFINF/CDH+ERH/H:>7/COM:3,TOTAL,11.0,2321617.0,409695.0,0.0,3572.0,2731315.0,1761.0,0.0,325.0,650.0
PER,Peru,COM,CR+,CR/LFINF/CDH+ERH/H:>7/COM:3C,TOTAL,55.0,19965463.0,3523318.0,0.0,30716.0,23488779.0,15142.0,0.0,558.0,650.0
PER,Peru,COM,CR+,CR/LFINF/CDH+ERH/H:>7/COM:5,TOTAL,405.0,126148666.0,22261533.0,0.0,194075.0,148410202.0,95670.0,0.0,479.0,650.0
PER,Peru,COM,CR+,CR/LFINF/CDH+ERH/H:>7/COM:5B,TOTAL,6.0,1267383.0,223655.0,0.0,1950.0,1491041.0,961.0,0.0,325.0,650.0
PER,Peru,COM,CR+,CR/LFINF/CDH+ERM/H:1/COM,TOTAL,75.0,16092020.0,2839769.0,0.0,24757.0,18931789.0,12134.0,0.0,330.0,650.0
PER,Peru,COM,CR+,CR/LFINF/CDH+ERM/H:1/COM:1,TOTAL,34.0,4901421.0,864958.0,0.0,7541.0,5766380.0,3696.0,0.0,222.0,650.0
PER,Peru,COM,CR+,CR/LFINF/CDH+ERM/H:1/COM:2,TOTAL,85.0,5523130.0,974670.0,0.0,8497.0,6497799.0,4165.0,0.0,100.0,650.0
PER,Peru,COM,CR+,CR/LFINF/CDH+ERM/H:1/COM:3,TOTAL,22.0,1039507.0,183442.0,0.0,1599.0,1222950.0,784.0,0.0,73.0,650.0
PER,Peru,COM,CR+,CR/LFINF/CDH+ERM/H:1/COM:3C,TOTAL,8.0,345356.0,60945.0,0.0,531.0,406300.0,260.0,0.0,66.0,650.0
PER,Peru,COM,CR+,CR/LFINF/CDH+ERM/H:1/COM:5,TOTAL,54.0,1724238.0,304278.0,0.0,2653.0,2028513.0,1300.0,0.0,49.0,650.0
PER,Peru,COM,CR+,CR/LFINF/CDH+ERM/H:1/COM:5B,TOTAL,4.0,105292.0,18581.0,0.0,162.0,123873.0,79.0,0.0,40.0,650.0
PER,Peru,IND,CR+,CR/LFINF/CDH+ERM/H:1/IND:1,TOTAL,2.0,329294.0,109766.0,0.0,549.0,439060.0,260.0,0.0,274.0,600.0
PER,Peru,IND,CR+,CR/LFINF/CDH+ERM/H:1/IND:2,TOTAL,3.0,926796.0,308933.0,0.0,1545.0,1235727.0,731.0,0.0,515.0,600.0
PER,Peru,IND,CR+,CR/LFINF/CDH+ERM/H:1/IND:6,TOTAL,1.0,90842.0,30280.0,0.0,151.0,121122.0,72.0,0.0,151.0,602.0
PER,Peru,RES,CR+,CR/LFINF/CDH+ERM/H:1/RES,URBAN,64.0,5760000.0,1016469.0,227.0,7680.0,6776469.0,2799.0,64.0,120.0,750.0
PER,Peru,COM,CR+,CR/LFINF/CDH+ERM/H:2/COM,TOTAL,5.0,2826926.0,498870.0,0.0,4349.0,3325797.0,2133.0,0.0,870.0,650.0
PER,Peru,COM,CR+,CR/LFINF/CDH+ERM/H:2/COM:1,TOTAL,1.0,855495.0,150970.0,0.0,1316.0,1006465.0,646.0,0.0,1316.0,650.0
PER,Peru,COM,CR+,CR/LFINF/CDH+ERM/H:2/COM:2,TOTAL,12.0,1671505.0,294971.0,0.0,2572.0,1966477.0,1261.0,0.0,214.0,650.0
PER,Peru,COM,CR+,CR/LFINF/CDH+ERM/H:2/COM:5,TOTAL,6.0,434328.0,76645.0,0.0,668.0,510975.0,328.0,0.0,111.0,650.0
PER,Peru,IND,CR+,CR/LFINF/CDH+ERM/H:2/IND:1,TOTAL,1.0,151863.0,50621.0,0.0,253.0,202484.0,120.0,0.0,253.0,600.0
PER,Peru,IND,CR+,CR/LFINF/CDH+ERM/H:2/IND:2,TOTAL,3.0,274919.0,91640.0,0.0,458.0,366557.0,217.0,0.0,153.0,600.0
PER,Peru,RES,CR+,CR/LFINF/CDH+ERM/H:2/RES,URBAN,35.0,5940000.0,1048235.0,233.0,7920.0,6988235.0,2889.0,66.0,226.0,750.0
PER,Peru,COM,CR+,CR/LFINF/CDH+ERM/H:3/COM,TOTAL,4.0,3058290.0,539699.0,0.0,4705.0,3597989.0,2310.0,0.0,1176.0,650.0
PER,Peru,COM,CR+,CR/LFINF/CDH+ERM/H:3/COM:1,TOTAL,3.0,542911.0,95808.0,0.0,835.0,638718.0,410.0,0.0,278.0,650.0
PER,Peru,COM,CR+,CR/LFINF/CDH+ERM/H:3/COM:2,TOTAL,9.0,2006715.0,354126.0,0.0,3087.0,2360841.0,1516.0,0.0,343.0,650.0
PER,Peru,COM,CR+,CR/LFINF/CDH+ERM/H:3/COM:3,TOTAL,2.0,157938.0,27872.0,0.0,243.0,185808.0,119.0,0.0,122.0,650.0
PER,Peru,COM,CR+,CR/LFINF/CDH+ERM/H:3/COM:3C,TOTAL,2.0,345065.0,60894.0,0.0,531.0,405958.0,261.0,0.0,266.0,650.0
PER,Peru,COM,CR+,CR/LFINF/CDH+ERM/H:3/COM:5,TOTAL,13.0,1092146.0,192732.0,0.0,1680.0,1284875.0,825.0,0.0,129.0,650.0
PER,Peru,RES,CR+,CR/LFINF/CDH+ERM/H:3/RES,URBAN,220.0,59760000.0,10545881.0,2379.0,79680.0,70305881.0,29081.0,664.0,362.0,750.0
PER,Peru,COM,CR+,CR/LFINF/CDH+ERM/H:4/COM,TOTAL,24.0,18857001.0,3327703.0,0.0,29011.0,22184707.0,14254.0,0.0,1209.0,650.0
PER,Peru,COM,CR+,CR/LFINF/CDH+ERM/H:4/COM:1,TOTAL,12.0,8194677.0,1446119.0,0.0,12607.0,9640796.0,6194.0,0.0,1051.0,650.0
PER,Peru,COM,CR+,CR/LFINF/CDH+ERM/H:4/COM:2,TOTAL,52.0,12785495.0,2256262.0,0.0,19670.0,15041760.0,9664.0,0.0,378.0,650.0
PER,Peru,COM,CR+,CR/LFINF/CDH+ERM/H:4/COM:3,TOTAL,5.0,527334.0,93059.0,0.0,811.0,620393.0,399.0,0.0,162.0,650.0
PER,Peru,COM,CR+,CR/LFINF/CDH+ERM/H:4/COM:3C,TOTAL,8.0,1972890.0,348158.0,0.0,3035.0,2321048.0,1491.0,0.0,379.0,650.0
PER,Peru,COM,CR+,CR/LFINF/CDH+ERM/H:4/COM:5,TOTAL,76.0,10903798.0,1924198.0,0.0,16775.0,12828004.0,8242.0,0.0,221.0,650.0
PER,Peru,COM,CR+,CR/LFINF/CDH+ERM/H:4/COM:5B,TOTAL,1.0,105292.0,18581.0,0.0,162.0,123873.0,80.0,0.0,162.0,650.0
PER,Peru,RES,CR+,CR/LFINF/CDH+ERM/H:4/RES,RURAL,200.0,80186400.0,14150542.0,5748.0,133644.0,94336942.0,48813.0,1591.0,668.0,600.0
PER,Peru,COM,CR+,CR/LFINF/CDH+ERM/H:5-7/COM,TOTAL,7.0,11765946.0,2076342.0,0.0,18101.0,13842289.0,8908.0,0.0,2586.0,650.0
PER,Peru,COM,CR+,CR/LFINF/CDH+ERM/H:5-7/COM:1,TOTAL,2.0,314476.0,55495.0,0.0,484.0,369972.0,238.0,0.0,242.0,650.0
PER,Peru,COM,CR+,CR/LFINF/CDH+ERM/H:5-7/COM:2,TOTAL,20.0,7199683.0,1270534.0,0.0,11076.0,8470217.0,5451.0,0.0,554.0,650.0
PER,Peru,COM,CR+,CR/LFINF/CDH+ERM/H:5-7/COM:3,TOTAL,2.0,315875.0,55743.0,0.0,486.0,371618.0,239.0,0.0,243.0,650.0
PER,Peru,COM,CR+,CR/LFINF/CDH+ERM/H:5-7/COM:3C,TOTAL,4.0,4814378.0,849597.0,0.0,7407.0,5663975.0,3645.0,0.0,1852.0,650.0
PER,Peru,COM,CR+,CR/LFINF/CDH+ERM/H:5-7/COM:5,TOTAL,35.0,5933058.0,1047010.0,0.0,9128.0,6980070.0,4492.0,0.0,261.0,650.0
PER,Peru,RES,CR+,CR/LFINF/CDH+ERM/H:5/RES,RURAL,21.0,20260800.0,3575436.0,1481.0,33768.0,23836236.0,12343.0,402.0,1608.0,600.0
PER,Peru,RES,CR+,CR/LFINF/CDH+ERM/H:6/RES,URBAN,1.0,819000.0,144529.0,51.0,1092.0,963529.0,399.0,13.0,1092.0,750.0
PER,Peru,RES,CR+,CR/LFINF/CDH+ERM/H:6/RES,RURAL,1.0,1512000.0,266824.0,100.0,2520.0,1778824.0,922.0,30.0,2520.0,600.0
PER,Peru,IND,CR+,CR/LFINF/CDH+ERM/H:>2/IND:1,TOTAL,4.0,607452.0,202484.0,0.0,1012.0,809936.0,480.0,0.0,253.0,600.0
PER,Peru,IND,CR+,CR/LFINF/CDH+ERM/H:>2/IND:2,TOTAL,24.0,4308065.0,1436024.0,0.0,7180.0,5744084.0,3403.0,0.0,299.0,600.0
PER,Peru,IND,CR+,CR/LFINF/CDH+ERM/H:>2/IND:6,TOTAL,4.0,880806.0,293602.0,0.0,1468.0,1174407.0,696.0,0.0,367.0,600.0
PER,Peru,COM,CR-,CR/LFINF/CDL+ERL/H:1/COM,TOTAL,330.0,68779478.0,12137556.0,0.0,105815.0,80917026.0,51861.0,0.0,321.0,650.0
PER,Peru,COM,CR-,CR/LFINF/CDL+ERL/H:1/COM:1,TOTAL,172.0,28100333.0,4958884.0,0.0,43231.0,33059218.0,21188.0,0.0,251.0,650.0
PER,Peru,COM,CR-,CR/LFINF/CDL+ERL/H:1/COM:2,TOTAL,257.0,17723024.0,3127598.0,0.0,27266.0,20850612.0,13364.0,0.0,106.0,650.0
PER,Peru,COM,CR-,CR/LFINF/CDL+ERL/H:1/COM:3,TOTAL,95.0,5473332.0,965881.0,0.0,8421.0,6439211.0,4127.0,0.0,89.0,650.0
PER,Peru,COM,CR-,CR/LFINF/CDL+ERL/H:1/COM:3A,TOTAL,3.0,552185.0,97445.0,0.0,850.0,649629.0,416.0,0.0,283.0,650.0
PER,Peru,COM,CR-,CR/LFINF/CDL+ERL/H:1/COM:3B,TOTAL,6.0,186655.0,32939.0,0.0,287.0,219593.0,141.0,0.0,48.0,650.0
PER,Peru,COM,CR-,CR/LFINF/CDL+ERL/H:1/COM:3C,TOTAL,30.0,1794305.0,316642.0,0.0,2760.0,2110947.0,1353.0,0.0,92.0,650.0
PER,Peru,COM,CR-,CR/LFINF/CDL+ERL/H:1/COM:5,TOTAL,226.0,9036866.0,1594736.0,0.0,13903.0,10631603.0,6814.0,0.0,62.0,650.0
PER,Peru,COM,CR-,CR/LFINF/CDL+ERL/H:1/COM:5B,TOTAL,3.0,91789.0,16198.0,0.0,141.0,107987.0,69.0,0.0,47.0,651.0
PER,Peru,IND,CR-,CR/LFINF/CDL+ERL/H:1/IND:1,TOTAL,9.0,1936971.0,645656.0,0.0,3228.0,2582628.0,1527.0,0.0,359.0,600.0
PER,Peru,IND,CR-,CR/LFINF/CDL+ERL/H:1/IND:2,TOTAL,75.0,12073272.0,4024424.0,0.0,20122.0,16097696.0,9519.0,0.0,268.0,600.0
PER,Peru,IND,CR-,CR/LFINF/CDL+ERL/H:1/IND:6,TOTAL,10.0,1436444.0,478815.0,0.0,2394.0,1915259.0,1133.0,0.0,239.0,600.0
PER,Peru,RES,CR-,CR/LFINF/CDL+ERL/H:1/RES,URBAN,316.0,28440000.0,5018782.0,917.0,37920.0,33458782.0,13820.0,316.0,120.0,750.0
PER,Peru,COM,CR-,CR/LFINF/CDL+ERL/H:2/COM,TOTAL,120.0,52923027.0,9339359.0,0.0,81420.0,62262389.0,39938.0,0.0,678.0,650.0
PER,Peru,COM,CR-,CR/LFINF/CDL+ERL/H:2/COM:1,TOTAL,20.0,9304446.0,1641962.0,0.0,14315.0,10946410.0,7022.0,0.0,716.0,650.0
PER,Peru,COM,CR-,CR/LFINF/CDL+ERL/H:2/COM:2,TOTAL,123.0,16369478.0,2888726.0,0.0,25184.0,19258210.0,12353.0,0.0,205.0,650.0
PER,Peru,COM,CR-,CR/LFINF/CDL+ERL/H:2/COM:3,TOTAL,10.0,533967.0,94229.0,0.0,821.0,628199.0,403.0,0.0,82.0,650.0
PER,Peru,COM,CR-,CR/LFINF/CDL+ERL/H:2/COM:3C,TOTAL,18.0,3177247.0,560689.0,0.0,4888.0,3737935.0,2398.0,0.0,272.0,650.0
PER,Peru,COM,CR-,CR/LFINF/CDL+ERL/H:2/COM:5,TOTAL,102.0,7976962.0,1407694.0,0.0,12272.0,9384663.0,6020.0,0.0,120.0,650.0
PER,Peru,COM,CR-,CR/LFINF/CDL+ERL/H:2/COM:5B,TOTAL,1.0,52770.0,9312.0,0.0,81.0,62082.0,40.0,0.0,81.0,651.0
PER,Peru,IND,CR-,CR/LFINF/CDL+ERL/H:2/IND:1,TOTAL,4.0,615445.0,205149.0,0.0,1026.0,820596.0,486.0,0.0,256.0,600.0
PER,Peru,IND,CR-,CR/LFINF/CDL+ERL/H:2/IND:2,TOTAL,23.0,3932564.0,1310855.0,0.0,6554.0,5243418.0,3103.0,0.0,285.0,600.0
PER,Peru,IND,CR-,CR/LFINF/CDL+ERL/H:2/IND:6,TOTAL,5.0,1397674.0,465891.0,0.0,2329.0,1863565.0,1103.0,0.0,466.0,600.0
PER,Peru,RES,CR-,CR/LFINF/CDL+ERL/H:2/RES,URBAN,115.0,20070000.0,3541773.0,668.0,26760.0,23611773.0,9760.0,223.0,233.0,750.0
PER,Peru,COM,CR-,CR/LFINF/CDL+ERL/H:3/COM,TOTAL,87.0,49521656.0,8739121.0,0.0,76187.0,58260773.0,37402.0,0.0,876.0,650.0
PER,Peru,COM,CR-,CR/LFINF/CDL+ERL/H:3/COM:1,TOTAL,68.0,36575756.0,6454552.0,0.0,56270.0,43030307.0,27624.0,0.0,828.0,650.0
PER,Peru,COM,CR-,CR/LFINF/CDL+ERL/H:3/COM:2,TOTAL,151.0,29923701.0,5280658.0,0.0,46036.0,35204352.0,22601.0,0.0,305.0,650.0
PER,Peru,COM,CR-,CR/LFINF/CDL+ERL/H:3/COM:3,TOTAL,24.0,3707173.0,654207.0,0.0,5703.0,4361380.0,2800.0,0.0,238.0,650.0
PER,Peru,COM,CR-,CR/LFINF/CDL+ERL/H:3/COM:3A,TOTAL,1.0,198838.0,35089.0,0.0,306.0,233927.0,150.0,0.0,306.0,650.0
PER,Peru,COM,CR-,CR/LFINF/CDL+ERL/H:3/COM:3B,TOTAL,5.0,488110.0,86137.0,0.0,751.0,574248.0,369.0,0.0,150.0,650.0
PER,Peru,COM,CR-,CR/LFINF/CDL+ERL/H:3/COM:3C,TOTAL,31.0,5982413.0,1055720.0,0.0,9204.0,7038131.0,4518.0,0.0,297.0,650.0
PER,Peru,COM,CR-,CR/LFINF/CDL+ERL/H:3/COM:5,TOTAL,274.0,30501499.0,5382603.0,0.0,46925.0,35884110.0,23037.0,0.0,171.0,650.0
PER,Peru,COM,CR-,CR/LFINF/CDL+ERL/H:3/COM:5B,TOTAL,5.0,402006.0,70942.0,0.0,618.0,472949.0,304.0,0.0,124.0,650.0
PER,Peru,RES,CR-,CR/LFINF/CDL+ERL/H:3/RES,URBAN,1509.0,401760000.0,70898844.0,13321.0,535680.0,472658844.0,195511.0,4464.0,355.0,750.0
PER,Peru,COM,CR-,CR/LFINF/CDL+ERL/H:4/COM,TOTAL,215.0,166198413.0,29329124.0,0.0,255690.0,195527532.0,125628.0,0.0,1189.0,650.0
PER,Peru,COM,CR-,CR/LFINF/CDL+ERL/H:4/COM:1,TOTAL,117.0,62171439.0,10971435.0,0.0,95648.0,73142867.0,46995.0,0.0,818.0,650.0
PER,Peru,COM,CR-,CR/LFINF/CDL+ERL/H:4/COM:2,TOTAL,391.0,110639423.0,19524600.0,0.0,170214.0,130164025.0,83632.0,0.0,435.0,650.0
PER,Peru,COM,CR-,CR/LFINF/CDL+ERL/H:4/COM:3,TOTAL,70.0,14584520.0,2573744.0,0.0,22438.0,17158267.0,11024.0,0.0,321.0,650.0
PER,Peru,COM,CR-,CR/LFINF/CDL+ERL/H:4/COM:3A,TOTAL,1.0,1701543.0,300272.0,0.0,2618.0,2001815.0,1286.0,0.0,2618.0,650.0
PER,Peru,COM,CR-,CR/LFINF/CDL+ERL/H:4/COM:3B,TOTAL,3.0,729253.0,128691.0,0.0,1122.0,857944.0,551.0,0.0,374.0,650.0
PER,Peru,COM,CR-,CR/LFINF/CDL+ERL/H:4/COM:3C,TOTAL,79.0,21930616.0,3870111.0,0.0,33739.0,25800727.0,16577.0,0.0,427.0,650.0
PER,Peru,COM,CR-,CR/LFINF/CDL+ERL/H:4/COM:5,TOTAL,719.0,110196877.0,19446506.0,0.0,169534.0,129643403.0,83298.0,0.0,236.0,650.0
PER,Peru,COM,CR-,CR/LFINF/CDL+ERL/H:4/COM:5B,TOTAL,8.0,955813.0,168673.0,0.0,1470.0,1124485.0,723.0,0.0,184.0,650.0
PER,Peru,RES,CR-,CR/LFINF/CDL+ERL/H:4/RES,RURAL,577.0,225187200.0,39738941.0,12022.0,375312.0,264926141.0,137081.0,4468.0,650.0,600.0
PER,Peru,RES,CR-,CR/LFINF/CDL+ERL/H:4/RES,URBAN,719.0,360612000.0,63637414.0,17470.0,480816.0,424249414.0,175615.0,5724.0,669.0,750.0
PER,Peru,COM,CR-,CR/LFINF/CDL+ERL/H:5-7/COM,TOTAL,121.0,164778677.0,29078592.0,0.0,253506.0,193857268.0,124760.0,0.0,2095.0,650.0
PER,Peru,COM,CR-,CR/LFINF/CDL+ERL/H:5-7/COM:1,TOTAL,63.0,61544801.0,10860850.0,0.0,94684.0,72405649.0,46598.0,0.0,1503.0,650.0
PER,Peru,COM,CR-,CR/LFINF/CDL+ERL/H:5-7/COM:2,TOTAL,241.0,93433221.0,16488213.0,0.0,143743.0,109921435.0,70742.0,0.0,596.0,650.0
PER,Peru,COM,CR-,CR/LFINF/CDL+ERL/H:5-7/COM:3,TOTAL,24.0,6758448.0,1192665.0,0.0,10398.0,7951117.0,5117.0,0.0,433.0,650.0
PER,Peru,COM,CR-,CR/LFINF/CDL+ERL/H:5-7/COM:3A,TOTAL,1.0,159619.0,28168.0,0.0,246.0,187787.0,121.0,0.0,246.0,649.0
PER,Peru,COM,CR-,CR/LFINF/CDL+ERL/H:5-7/COM:3B,TOTAL,2.0,315935.0,55753.0,0.0,486.0,371688.0,239.0,0.0,243.0,650.0
PER,Peru,COM,CR-,CR/LFINF/CDL+ERL/H:5-7/COM:3C,TOTAL,55.0,18266165.0,3223439.0,0.0,28102.0,21489611.0,13830.0,0.0,511.0,650.0
PER,Peru,COM,CR-,CR/LFINF/CDL+ERL/H:5-7/COM:5,TOTAL,482.0,118611508.0,20931441.0,0.0,182479.0,139542950.0,89806.0,0.0,379.0,650.0
PER,Peru,COM,CR-,CR/LFINF/CDL+ERL/H:5-7/COM:5B,TOTAL,5.0,872074.0,153895.0,0.0,1342.0,1025970.0,660.0,0.0,268.0,650.0
PER,Peru,RES,CR-,CR/LFINF/CDL+ERL/H:5/RES,URBAN,110.0,132741000.0,23424881.0,6296.0,176988.0,156165881.0,64691.0,2107.0,1609.0,750.0
PER,Peru,RES,CR-,CR/LFINF/CDL+ERL/H:5/RES,RURAL,70.0,63050400.0,11126538.0,3561.0,105084.0,74176938.0,38409.0,1251.0,1501.0,600.0
PER,Peru,RES,CR-,CR/LFINF/CDL+ERL/H:6/RES,URBAN,44.0,60165000.0,10617350.0,2822.0,80220.0,70782350.0,29343.0,955.0,1823.0,750.0
PER,Peru,RES,CR-,CR/LFINF/CDL+ERL/H:6/RES,RURAL,19.0,20664000.0,3646588.0,1192.0,34440.0,24310588.0,12597.0,410.0,1813.0,600.0
PER,Peru,RES,CR-,CR/LFINF/CDL+ERL/H:7/RES,RURAL,7.0,7056000.0,1245176.0,414.0,11760.0,8301176.0,4305.0,140.0,1680.0,600.0
PER,Peru,RES,CR-,CR/LFINF/CDL+ERL/H:7/RES,URBAN,18.0,27594000.0,4869530.0,1371.0,36792.0,32463530.0,13468.0,438.0,2044.0,750.0
PER,Peru,RES,CR-,CR/LFINF/CDL+ERL/H:8/RES,RURAL,1.0,1108800.0,195671.0,71.0,1848.0,1304471.0,677.0,22.0,1848.0,600.0
PER,Peru,RES,CR-,CR/LFINF/CDL+ERL/H:8/RES,URBAN,8.0,14238000.0,2512589.0,732.0,18984.0,16750589.0,6954.0,226.0,2373.0,750.0
PER,Peru,RES,CR-,CR/LFINF/CDL+ERL/H:9/RES,URBAN,5.0,9261000.0,1634294.0,468.0,12348.0,10895294.0,4527.0,147.0,2470.0,750.0
PER,Peru,IND,CR-,CR/LFINF/CDL+ERL/H:>2/IND:1,TOTAL,41.0,7265543.0,2421846.0,0.0,12109.0,9687389.0,5739.0,0.0,295.0,600.0
PER,Peru,IND,CR-,CR/LFINF/CDL+ERL/H:>2/IND:2,TOTAL,393.0,67418051.0,22472681.0,0.0,112363.0,89890728.0,53255.0,0.0,286.0,600.0
PER,Peru,IND,CR-,CR/LFINF/CDL+ERL/H:>2/IND:4,TOTAL,5.0,2514588.0,838196.0,0.0,4191.0,3352784.0,1986.0,0.0,838.0,600.0
PER,Peru,IND,CR-,CR/LFINF/CDL+ERL/H:>2/IND:6,TOTAL,39.0,10793052.0,3597684.0,0.0,17988.0,14390734.0,8526.0,0.0,461.0,600.0
PER,Peru,COM,CR-,CR/LFINF/CDL+ERL/H:>7/COM,TOTAL,1.0,3415220.0,602686.0,0.0,5254.0,4017905.0,2590.0,0.0,5254.0,650.0
PER,Peru,COM,CR-,CR/LFINF/CDL+ERL/H:>7/COM:1,TOTAL,2.0,3876630.0,684111.0,0.0,5964.0,4560740.0,2940.0,0.0,2982.0,650.0
PER,Peru,COM,CR-,CR/LFINF/CDL+ERL/H:>7/COM:2,TOTAL,26.0,14230774.0,2511313.0,0.0,21893.0,16742085.0,10792.0,0.0,842.0,650.0
PER,Peru,COM,CR-,CR/LFINF/CDL+ERL/H:>7/COM:3B,TOTAL,1.0,209200.0,36918.0,0.0,322.0,246118.0,159.0,0.0,322.0,650.0
PER,Peru,COM,CR-,CR/LFINF/CDL+ERL/H:>7/COM:3C,TOTAL,8.0,7995494.0,1410969.0,0.0,12301.0,9406463.0,6064.0,0.0,1538.0,650.0
PER,Peru,COM,CR-,CR/LFINF/CDL+ERL/H:>7/COM:5,TOTAL,55.0,22263951.0,3928932.0,0.0,34252.0,26192890.0,16885.0,0.0,623.0,650.0
PER,Peru,COM,CR-,CR/LFINF/CDL+ERL/H:>7/COM:5B,TOTAL,1.0,209200.0,36918.0,0.0,322.0,246118.0,159.0,0.0,322.0,650.0
PER,Peru,COM,CR-,CR/LFINF/CDM+ERL/H:1/COM,TOTAL,1219.0,247015986.0,43591057.0,0.0,380025.0,290607033.0,186255.0,0.0,312.0,650.0
PER,Peru,COM,CR-,CR/LFINF/CDM+ERL/H:1/COM:1,TOTAL,596.0,89816098.0,15849902.0,0.0,138179.0,105665987.0,67723.0,0.0,232.0,650.0
PER,Peru,COM,CR-,CR/LFINF/CDM+ERL/H:1/COM:2,TOTAL,980.0,69009047.0,12178077.0,0.0,106168.0,81187105.0,52035.0,0.0,108.0,650.0
PER,Peru,COM,CR-,CR/LFINF/CDM+ERL/H:1/COM:3,TOTAL,320.0,13849842.0,2444087.0,0.0,21307.0,16293926.0,10444.0,0.0,67.0,650.0
PER,Peru,COM,CR-,CR/LFINF/CDM+ERL/H:1/COM:3A,TOTAL,20.0,2192257.0,386869.0,0.0,3373.0,2579125.0,1653.0,0.0,169.0,650.0
PER,Peru,COM,CR-,CR/LFINF/CDM+ERL/H:1/COM:3B,TOTAL,28.0,1050409.0,185369.0,0.0,1616.0,1235773.0,792.0,0.0,58.0,650.0
PER,Peru,COM,CR-,CR/LFINF/CDM+ERL/H:1/COM:3C,TOTAL,133.0,8664092.0,1528949.0,0.0,13329.0,10193051.0,6533.0,0.0,100.0,650.0
PER,Peru,COM,CR-,CR/LFINF/CDM+ERL/H:1/COM:5,TOTAL,860.0,33548917.0,5920393.0,0.0,51614.0,39469310.0,25298.0,0.0,60.0,650.0
PER,Peru,COM,CR-,CR/LFINF/CDM+ERL/H:1/COM:5B,TOTAL,11.0,306728.0,54129.0,0.0,472.0,360856.0,231.0,0.0,43.0,650.0
PER,Peru,IND,CR-,CR/LFINF/CDM+ERL/H:1/IND:1,TOTAL,32.0,5316649.0,1772214.0,0.0,8861.0,7088862.0,4192.0,0.0,277.0,600.0
PER,Peru,IND,CR-,CR/LFINF/CDM+ERL/H:1/IND:2,TOTAL,274.0,44953708.0,14984567.0,0.0,74923.0,59938284.0,35442.0,0.0,273.0,600.0
PER,Peru,IND,CR-,CR/LFINF/CDM+ERL/H:1/IND:4,TOTAL,5.0,1341406.0,447135.0,0.0,2236.0,1788542.0,1058.0,0.0,447.0,600.0
PER,Peru,IND,CR-,CR/LFINF/CDM+ERL/H:1/IND:6,TOTAL,44.0,12947028.0,4315676.0,0.0,21578.0,17262706.0,10207.0,0.0,490.0,600.0
PER,Peru,RES,CR-,CR/LFINF/CDM+ERL/H:1/RES,URBAN,2174.0,195660000.0,34528180.0,6215.0,260880.0,230188180.0,95076.0,2174.0,120.0,750.0
PER,Peru,COM,CR-,CR/LFINF/CDM+ERL/H:2/COM,TOTAL,535.0,262210158.0,46272383.0,0.0,403400.0,308482542.0,197874.0,0.0,754.0,650.0
PER,Peru,COM,CR-,CR/LFINF/CDM+ERL/H:2/COM:1,TOTAL,143.0,40108844.0,7078033.0,0.0,61706.0,47186884.0,30268.0,0.0,432.0,650.0
PER,Peru,COM,CR-,CR/LFINF/CDM+ERL/H:2/COM:2,TOTAL,524.0,75797860.0,13376083.0,0.0,116612.0,89173948.0,57201.0,0.0,223.0,650.0
PER,Peru,COM,CR-,CR/LFINF/CDM+ERL/H:2/COM:3,TOTAL,55.0,4134483.0,729609.0,0.0,6361.0,4864103.0,3120.0,0.0,116.0,650.0
PER,Peru,COM,CR-,CR/LFINF/CDM+ERL/H:2/COM:3A,TOTAL,2.0,185479.0,32731.0,0.0,285.0,218210.0,140.0,0.0,142.0,651.0
PER,Peru,COM,CR-,CR/LFINF/CDM+ERL/H:2/COM:3B,TOTAL,3.0,158131.0,27905.0,0.0,243.0,186037.0,119.0,0.0,81.0,651.0
PER,Peru,COM,CR-,CR/LFINF/CDM+ERL/H:2/COM:3C,TOTAL,62.0,8695717.0,1534534.0,0.0,13378.0,10230256.0,6562.0,0.0,216.0,650.0
PER,Peru,COM,CR-,CR/LFINF/CDM+ERL/H:2/COM:5,TOTAL,443.0,36179470.0,6384597.0,0.0,55661.0,42564088.0,27303.0,0.0,126.0,650.0
PER,Peru,COM,CR-,CR/LFINF/CDM+ERL/H:2/COM:5B,TOTAL,9.0,532822.0,94028.0,0.0,820.0,626851.0,402.0,0.0,91.0,650.0
PER,Peru,IND,CR-,CR/LFINF/CDM+ERL/H:2/IND:1,TOTAL,11.0,1684658.0,561552.0,0.0,2808.0,2246210.0,1329.0,0.0,255.0,600.0
PER,Peru,IND,CR-,CR/LFINF/CDM+ERL/H:2/IND:2,TOTAL,120.0,25353459.0,8451152.0,0.0,42256.0,33804614.0,20008.0,0.0,352.0,600.0
PER,Peru,IND,CR-,CR/LFINF/CDM+ERL/H:2/IND:4,TOTAL,3.0,1104884.0,368295.0,0.0,1841.0,1473179.0,872.0,0.0,614.0,600.0
PER,Peru,IND,CR-,CR/LFINF/CDM+ERL/H:2/IND:6,TOTAL,19.0,4971076.0,1657024.0,0.0,8285.0,6628103.0,3923.0,0.0,436.0,600.0
PER,Peru,RES,CR-,CR/LFINF/CDM+ERL/H:2/RES,URBAN,1080.0,192060000.0,33892944.0,6230.0,256080.0,225952944.0,93395.0,2134.0,237.0,750.0
PER,Peru,COM,CR-,CR/LFINF/CDM+ERL/H:3/COM,TOTAL,499.0,291643210.0,51466457.0,0.0,448682.0,343109659.0,220268.0,0.0,899.0,650.0
PER,Peru,COM,CR-,CR/LFINF/CDM+ERL/H:3/COM:1,TOTAL,242.0,102362909.0,18064047.0,0.0,157481.0,120426954.0,77311.0,0.0,651.0,650.0
PER,Peru,COM,CR-,CR/LFINF/CDM+ERL/H:3/COM:2,TOTAL,614.0,117820582.0,20791876.0,0.0,181262.0,138612449.0,88986.0,0.0,295.0,650.0
PER,Peru,COM,CR-,CR/LFINF/CDM+ERL/H:3/COM:3,TOTAL,135.0,13143818.0,2319499.0,0.0,20221.0,15463313.0,9927.0,0.0,150.0,650.0
PER,Peru,COM,CR-,CR/LFINF/CDM+ERL/H:3/COM:3A,TOTAL,3.0,1454864.0,256740.0,0.0,2238.0,1711605.0,1099.0,0.0,746.0,650.0
PER,Peru,COM,CR-,CR/LFINF/CDM+ERL/H:3/COM:3B,TOTAL,12.0,1227005.0,216529.0,0.0,1888.0,1443537.0,927.0,0.0,157.0,650.0
PER,Peru,COM,CR-,CR/LFINF/CDM+ERL/H:3/COM:3C,TOTAL,158.0,33654446.0,5939025.0,0.0,51776.0,39593465.0,25418.0,0.0,328.0,650.0
PER,Peru,COM,CR-,CR/LFINF/CDM+ERL/H:3/COM:5,TOTAL,1150.0,145092807.0,25604609.0,0.0,223220.0,170697413.0,109585.0,0.0,194.0,650.0
PER,Peru,COM,CR-,CR/LFINF/CDM+ERL/H:3/COM:5B,TOTAL,21.0,2039393.0,359891.0,0.0,3138.0,2399286.0,1540.0,0.0,149.0,650.0
PER,Peru,RES,CR-,CR/LFINF/CDM+ERL/H:3/RES,URBAN,10825.0,2915910000.0,514572355.0,96365.0,3887880.0,3430482355.0,1418981.0,32399.0,359.0,750.0
PER,Peru,COM,CR-,CR/LFINF/CDM+ERL/H:4/COM,TOTAL,1009.0,772947030.0,136402401.0,0.0,1189149.0,909349426.0,584262.0,0.0,1179.0,650.0
PER,Peru,COM,CR-,CR/LFINF/CDM+ERL/H:4/COM:1,TOTAL,547.0,284795029.0,50257931.0,0.0,438146.0,335052969.0,215274.0,0.0,801.0,650.0
PER,Peru,COM,CR-,CR/LFINF/CDM+ERL/H:4/COM:2,TOTAL,1678.0,454562641.0,80216936.0,0.0,699327.0,534779573.0,343599.0,0.0,417.0,650.0
PER,Peru,COM,CR-,CR/LFINF/CDM+ERL/H:4/COM:3,TOTAL,322.0,47781684.0,8432061.0,0.0,73510.0,56213760.0,36118.0,0.0,228.0,650.0
PER,Peru,COM,CR-,CR/LFINF/CDM+ERL/H:4/COM:3A,TOTAL,12.0,5337390.0,941893.0,0.0,8211.0,6279283.0,4034.0,0.0,684.0,650.0
PER,Peru,COM,CR-,CR/LFINF/CDM+ERL/H:4/COM:3B,TOTAL,18.0,2795850.0,493386.0,0.0,4301.0,3289235.0,2113.0,0.0,239.0,650.0
PER,Peru,COM,CR-,CR/LFINF/CDM+ERL/H:4/COM:3C,TOTAL,350.0,96688026.0,17062599.0,0.0,148751.0,113750615.0,73086.0,0.0,425.0,650.0
PER,Peru,COM,CR-,CR/LFINF/CDM+ERL/H:4/COM:5,TOTAL,3213.0,504750198.0,89073560.0,0.0,776539.0,593823777.0,381537.0,0.0,242.0,650.0
PER,Peru,COM,CR-,CR/LFINF/CDM+ERL/H:4/COM:5B,TOTAL,61.0,8353796.0,1474201.0,0.0,12852.0,9828004.0,6315.0,0.0,211.0,650.0
PER,Peru,RES,CR-,CR/LFINF/CDM+ERL/H:4/RES,RURAL,5207.0,2076530400.0,366446611.0,108174.0,3460884.0,2442977011.0,1264066.0,41201.0,665.0,600.0
PER,Peru,RES,CR-,CR/LFINF/CDM+ERL/H:4/RES,URBAN,4556.0,2295531000.0,405093704.0,112172.0,3060708.0,2700624704.0,1117903.0,36437.0,672.0,750.0
PER,Peru,COM,CR-,CR/LFINF/CDM+ERL/H:5-7/COM,TOTAL,502.0,623457030.0,110021839.0,0.0,959165.0,733478852.0,472043.0,0.0,1911.0,650.0
PER,Peru,COM,CR-,CR/LFINF/CDM+ERL/H:5-7/COM:1,TOTAL,253.0,243672163.0,43000969.0,0.0,374880.0,286673136.0,184494.0,0.0,1482.0,650.0
PER,Peru,COM,CR-,CR/LFINF/CDM+ERL/H:5-7/COM:2,TOTAL,1056.0,427941922.0,75519157.0,0.0,658372.0,503461099.0,324012.0,0.0,623.0,650.0
PER,Peru,COM,CR-,CR/LFINF/CDM+ERL/H:5-7/COM:3,TOTAL,110.0,23496506.0,4146445.0,0.0,36148.0,27642949.0,17790.0,0.0,329.0,650.0
PER,Peru,COM,CR-,CR/LFINF/CDM+ERL/H:5-7/COM:3A,TOTAL,5.0,975389.0,172127.0,0.0,1501.0,1147516.0,739.0,0.0,300.0,650.0
PER,Peru,COM,CR-,CR/LFINF/CDM+ERL/H:5-7/COM:3B,TOTAL,2.0,317913.0,56102.0,0.0,489.0,374015.0,241.0,0.0,244.0,650.0
PER,Peru,COM,CR-,CR/LFINF/CDM+ERL/H:5-7/COM:3C,TOTAL,239.0,82732739.0,14599890.0,0.0,127281.0,97332631.0,62640.0,0.0,533.0,650.0
PER,Peru,COM,CR-,CR/LFINF/CDM+ERL/H:5-7/COM:5,TOTAL,1949.0,445754745.0,78662600.0,0.0,685777.0,524417333.0,337500.0,0.0,352.0,650.0
PER,Peru,COM,CR-,CR/LFINF/CDM+ERL/H:5-7/COM:5B,TOTAL,33.0,7866695.0,1388241.0,0.0,12103.0,9254936.0,5956.0,0.0,367.0,650.0
PER,Peru,RES,CR-,CR/LFINF/CDM+ERL/H:5/RES,URBAN,737.0,926226000.0,163451645.0,45620.0,1234968.0,1089677645.0,451395.0,14702.0,1676.0,750.0
PER,Peru,RES,CR-,CR/LFINF/CDM+ERL/H:5/RES,RURAL,647.0,633679200.0,111825738.0,32726.0,1056132.0,745504938.0,386029.0,12573.0,1632.0,600.0
PER,Peru,RES,CR-,CR/LFINF/CDM+ERL/H:6/RES,RURAL,220.0,252403200.0,44541749.0,13298.0,420672.0,296944949.0,153873.0,5008.0,1912.0,600.0
PER,Peru,RES,CR-,CR/LFINF/CDM+ERL/H:6/RES,URBAN,295.0,443016000.0,78179294.0,21536.0,590688.0,521195294.0,216061.0,7032.0,2002.0,750.0
PER,Peru,RES,CR-,CR/LFINF/CDM+ERL/H:7/RES,RURAL,59.0,73584000.0,12985412.0,4096.0,122640.0,86569412.0,44892.0,1460.0,2079.0,600.0
PER,Peru,RES,CR-,CR/LFINF/CDM+ERL/H:7/RES,URBAN,153.0,260379000.0,45949236.0,12636.0,347172.0,306328236.0,127081.0,4133.0,2269.0,750.0
PER,Peru,RES,CR-,CR/LFINF/CDM+ERL/H:8/RES,RURAL,23.0,31298400.0,5523247.0,1839.0,52164.0,36821647.0,19108.0,621.0,2268.0,600.0
PER,Peru,RES,CR-,CR/LFINF/CDM+ERL/H:8/RES,URBAN,88.0,184086000.0,32485765.0,9116.0,245448.0,216571765.0,89911.0,2922.0,2789.0,750.0
PER,Peru,RES,CR-,CR/LFINF/CDM+ERL/H:9/RES,URBAN,58.0,124866000.0,22035177.0,6189.0,166488.0,146901177.0,61032.0,1982.0,2870.0,750.0
PER,Peru,RES,CR-,CR/LFINF/CDM+ERL/H:9/RES,RURAL,8.0,13608000.0,2401412.0,894.0,22680.0,16009412.0,8314.0,270.0,2835.0,600.0
PER,Peru,IND,CR-,CR/LFINF/CDM+ERL/H:>2/IND:1,TOTAL,194.0,34514034.0,11504672.0,0.0,57523.0,46018712.0,27264.0,0.0,297.0,600.0
PER,Peru,IND,CR-,CR/LFINF/CDM+ERL/H:>2/IND:2,TOTAL,1865.0,344200540.0,114733514.0,0.0,573668.0,458934060.0,271892.0,0.0,308.0,600.0
PER,Peru,IND,CR-,CR/LFINF/CDM+ERL/H:>2/IND:4,TOTAL,19.0,9734040.0,3244679.0,0.0,16223.0,12978719.0,7689.0,0.0,854.0,600.0
PER,Peru,IND,CR-,CR/LFINF/CDM+ERL/H:>2/IND:6,TOTAL,227.0,63437683.0,21145892.0,0.0,105729.0,84583573.0,50111.0,0.0,466.0,600.0
PER,Peru,COM,CR-,CR/LFINF/CDM+ERL/H:>7/COM,TOTAL,25.0,35298058.0,6229064.0,0.0,54305.0,41527126.0,26770.0,0.0,2172.0,650.0
PER,Peru,COM,CR-,CR/LFINF/CDM+ERL/H:>7/COM:1,TOTAL,12.0,17176268.0,3031106.0,0.0,26425.0,20207377.0,13026.0,0.0,2202.0,650.0
PER,Peru,COM,CR-,CR/LFINF/CDM+ERL/H:>7/COM:2,TOTAL,84.0,44469463.0,7847551.0,0.0,68415.0,52317020.0,33725.0,0.0,814.0,650.0
PER,Peru,COM,CR-,CR/LFINF/CDM+ERL/H:>7/COM:3,TOTAL,1.0,214369.0,37830.0,0.0,330.0,252199.0,163.0,0.0,330.0,650.0
PER,Peru,COM,CR-,CR/LFINF/CDM+ERL/H:>7/COM:3B,TOTAL,1.0,209200.0,36918.0,0.0,322.0,246118.0,159.0,0.0,322.0,650.0
PER,Peru,COM,CR-,CR/LFINF/CDM+ERL/H:>7/COM:3C,TOTAL,21.0,18858819.0,3328025.0,0.0,29014.0,22186843.0,14302.0,0.0,1382.0,650.0
PER,Peru,COM,CR-,CR/LFINF/CDM+ERL/H:>7/COM:5,TOTAL,204.0,63094099.0,11134249.0,0.0,97068.0,74228362.0,47850.0,0.0,476.0,650.0
PER,Peru,COM,CR-,CR/LFINF/CDM+ERL/H:>7/COM:5B,TOTAL,6.0,1264956.0,223227.0,0.0,1946.0,1488185.0,959.0,0.0,324.0,650.0
PER,Peru,COM,CR-,CR/LFINF/CDN+ERL/H:1/COM,TOTAL,9836.0,1987072543.0,350659857.0,0.0,3057035.0,2337732405.0,1498282.0,0.0,311.0,650.0
PER,Peru,COM,CR-,CR/LFINF/CDN+ERL/H:1/COM:1,TOTAL,5343.0,815739746.0,143954077.0,0.0,1254984.0,959693816.0,615081.0,0.0,235.0,650.0
PER,Peru,COM,CR-,CR/LFINF/CDN+ERL/H:1/COM:2,TOTAL,8332.0,591746238.0,104425818.0,0.0,910379.0,696172039.0,446188.0,0.0,109.0,650.0
PER,Peru,COM,CR-,CR/LFINF/CDN+ERL/H:1/COM:3,TOTAL,2739.0,116684547.0,20591388.0,0.0,179515.0,137275937.0,87984.0,0.0,66.0,650.0
PER,Peru,COM,CR-,CR/LFINF/CDN+ERL/H:1/COM:3A,TOTAL,140.0,20972932.0,3701102.0,0.0,32266.0,24674027.0,15814.0,0.0,230.0,650.0
PER,Peru,COM,CR-,CR/LFINF/CDN+ERL/H:1/COM:3B,TOTAL,224.0,11949010.0,2108648.0,0.0,18383.0,14057650.0,9010.0,0.0,82.0,650.0
PER,Peru,COM,CR-,CR/LFINF/CDN+ERL/H:1/COM:3C,TOTAL,1155.0,74684109.0,13179544.0,0.0,114899.0,87863658.0,56314.0,0.0,99.0,650.0
PER,Peru,COM,CR-,CR/LFINF/CDN+ERL/H:1/COM:5,TOTAL,7184.0,276798311.0,48846739.0,0.0,425844.0,325645059.0,208714.0,0.0,59.0,650.0
PER,Peru,COM,CR-,CR/LFINF/CDN+ERL/H:1/COM:5B,TOTAL,85.0,2579788.0,455254.0,0.0,3969.0,3035045.0,1945.0,0.0,47.0,650.0
PER,Peru,IND,CR-,CR/LFINF/CDN+ERL/H:1/IND:1,TOTAL,389.0,90497831.0,30165940.0,0.0,150830.0,120663774.0,71349.0,0.0,388.0,600.0
PER,Peru,IND,CR-,CR/LFINF/CDN+ERL/H:1/IND:2,TOTAL,2776.0,441452045.0,147150686.0,0.0,735753.0,588602746.0,348041.0,0.0,265.0,600.0
PER,Peru,IND,CR-,CR/LFINF/CDN+ERL/H:1/IND:4,TOTAL,45.0,12496543.0,4165513.0,0.0,20828.0,16662058.0,9852.0,0.0,463.0,600.0
PER,Peru,IND,CR-,CR/LFINF/CDN+ERL/H:1/IND:6,TOTAL,405.0,106915626.0,35638542.0,0.0,178193.0,142554183.0,84293.0,0.0,440.0,600.0
PER,Peru,RES,CR-,CR/LFINF/CDN+ERL/H:1/RES,URBAN,14179.0,1276110000.0,225195864.0,40258.0,1701480.0,1501305864.0,620088.0,14179.0,120.0,750.0
PER,Peru,COM,CR-,CR/LFINF/CDN+ERL/H:2/COM,TOTAL,4433.0,2122505270.0,374559765.0,0.0,3265393.0,2497065021.0,1601724.0,0.0,737.0,650.0
PER,Peru,COM,CR-,CR/LFINF/CDN+ERL/H:2/COM:1,TOTAL,1001.0,311283750.0,54932426.0,0.0,478898.0,366216177.0,234907.0,0.0,478.0,650.0
PER,Peru,COM,CR-,CR/LFINF/CDN+ERL/H:2/COM:2,TOTAL,4522.0,649478699.0,114613866.0,0.0,999198.0,764092597.0,490124.0,0.0,221.0,650.0
PER,Peru,COM,CR-,CR/LFINF/CDN+ERL/H:2/COM:3,TOTAL,536.0,34912900.0,6161094.0,0.0,53712.0,41074010.0,26347.0,0.0,100.0,650.0
PER,Peru,COM,CR-,CR/LFINF/CDN+ERL/H:2/COM:3A,TOTAL,5.0,1999203.0,352801.0,0.0,3076.0,2352004.0,1509.0,0.0,615.0,650.0
PER,Peru,COM,CR-,CR/LFINF/CDN+ERL/H:2/COM:3B,TOTAL,30.0,1677854.0,296089.0,0.0,2581.0,1973954.0,1266.0,0.0,86.0,650.0
PER,Peru,COM,CR-,CR/LFINF/CDN+ERL/H:2/COM:3C,TOTAL,490.0,58813588.0,10378852.0,0.0,90482.0,69192467.0,44384.0,0.0,185.0,650.0
PER,Peru,COM,CR-,CR/LFINF/CDN+ERL/H:2/COM:5,TOTAL,3916.0,304931845.0,53811491.0,0.0,469126.0,358743387.0,230116.0,0.0,120.0,650.0
PER,Peru,COM,CR-,CR/LFINF/CDN+ERL/H:2/COM:5B,TOTAL,40.0,2930330.0,517111.0,0.0,4508.0,3447445.0,2211.0,0.0,113.0,650.0
PER,Peru,IND,CR-,CR/LFINF/CDN+ERL/H:2/IND:1,TOTAL,133.0,24425236.0,8141743.0,0.0,40709.0,32566984.0,19276.0,0.0,306.0,600.0
PER,Peru,IND,CR-,CR/LFINF/CDN+ERL/H:2/IND:2,TOTAL,1064.0,189921274.0,63307087.0,0.0,316535.0,253228368.0,149879.0,0.0,297.0,600.0
PER,Peru,IND,CR-,CR/LFINF/CDN+ERL/H:2/IND:4,TOTAL,17.0,4640193.0,1546733.0,0.0,7734.0,6186925.0,3662.0,0.0,455.0,600.0
PER,Peru,IND,CR-,CR/LFINF/CDN+ERL/H:2/IND:6,TOTAL,139.0,35673978.0,11891324.0,0.0,59457.0,47565303.0,28153.0,0.0,428.0,600.0
PER,Peru,RES,CR-,CR/LFINF/CDN+ERL/H:2/RES,URBAN,8361.0,1503810000.0,265378237.0,48992.0,2005080.0,1769188237.0,731268.0,16709.0,240.0,750.0
PER,Peru,COM,CR-,CR/LFINF/CDN+ERL/H:3/COM,TOTAL,5009.0,3106977624.0,548290165.0,0.0,4779966.0,3655267761.0,2346585.0,0.0,954.0,650.0
PER,Peru,COM,CR-,CR/LFINF/CDN+ERL/H:3/COM:1,TOTAL,2755.0,1215125466.0,214433908.0,0.0,1869424.0,1429559387.0,917740.0,0.0,679.0,650.0
PER,Peru,COM,CR-,CR/LFINF/CDN+ERL/H:3/COM:2,TOTAL,5675.0,1141155120.0,201380311.0,0.0,1755623.0,1342535442.0,861873.0,0.0,309.0,650.0
PER,Peru,COM,CR-,CR/LFINF/CDN+ERL/H:3/COM:3,TOTAL,1275.0,140134936.0,24729704.0,0.0,215592.0,164864624.0,105840.0,0.0,169.0,650.0
PER,Peru,COM,CR-,CR/LFINF/CDN+ERL/H:3/COM:3A,TOTAL,19.0,7634430.0,1347251.0,0.0,11745.0,8981681.0,5766.0,0.0,618.0,650.0
PER,Peru,COM,CR-,CR/LFINF/CDN+ERL/H:3/COM:3B,TOTAL,84.0,12721177.0,2244911.0,0.0,19571.0,14966093.0,9608.0,0.0,233.0,650.0
PER,Peru,COM,CR-,CR/LFINF/CDN+ERL/H:3/COM:3C,TOTAL,1222.0,238757512.0,42133691.0,0.0,367319.0,280891204.0,180326.0,0.0,301.0,650.0
PER,Peru,COM,CR-,CR/LFINF/CDN+ERL/H:3/COM:5,TOTAL,10713.0,1237432594.0,218370458.0,0.0,1903742.0,1455803005.0,934591.0,0.0,178.0,650.0
PER,Peru,COM,CR-,CR/LFINF/CDN+ERL/H:3/COM:5B,TOTAL,186.0,17733334.0,3129408.0,0.0,27282.0,20862740.0,13394.0,0.0,147.0,650.0
PER,Peru,RES,CR-,CR/LFINF/CDN+ERL/H:3/RES,URBAN,91973.0,24833790000.0,4382433525.0,831590.0,33111720.0,29216223525.0,12084953.0,275931.0,360.0,750.0
PER,Peru,COM,CR-,CR/LFINF/CDN+ERL/H:4/COM,TOTAL,9862.0,7521424927.0,1327310278.0,0.0,11571423.0,8848735195.0,5685349.0,0.0,1173.0,650.0
PER,Peru,COM,CR-,CR/LFINF/CDN+ERL/H:4/COM:1,TOTAL,6194.0,3118927052.0,550398889.0,0.0,4798349.0,3669325940.0,2357558.0,0.0,775.0,650.0
PER,Peru,COM,CR-,CR/LFINF/CDN+ERL/H:4/COM:2,TOTAL,17141.0,4693364019.0,828240714.0,0.0,7220560.0,5521604757.0,3547656.0,0.0,421.0,650.0
PER,Peru,COM,CR-,CR/LFINF/CDN+ERL/H:4/COM:3,TOTAL,3272.0,471002722.0,83118119.0,0.0,724620.0,554120836.0,356026.0,0.0,221.0,650.0
PER,Peru,COM,CR-,CR/LFINF/CDN+ERL/H:4/COM:3A,TOTAL,90.0,27341541.0,4824975.0,0.0,42064.0,32166516.0,20667.0,0.0,467.0,650.0
PER,Peru,COM,CR-,CR/LFINF/CDN+ERL/H:4/COM:3B,TOTAL,240.0,39037653.0,6888992.0,0.0,60058.0,45926651.0,29508.0,0.0,250.0,650.0
PER,Peru,COM,CR-,CR/LFINF/CDN+ERL/H:4/COM:3C,TOTAL,3097.0,857635955.0,151347539.0,0.0,1319440.0,1008983496.0,648279.0,0.0,426.0,650.0
PER,Peru,COM,CR-,CR/LFINF/CDN+ERL/H:4/COM:5,TOTAL,29780.0,4589234442.0,809864918.0,0.0,7060361.0,5399099390.0,3468950.0,0.0,237.0,650.0
PER,Peru,COM,CR-,CR/LFINF/CDN+ERL/H:4/COM:5B,TOTAL,512.0,63006656.0,11118824.0,0.0,96933.0,74125493.0,47626.0,0.0,189.0,650.0
PER,Peru,RES,CR-,CR/LFINF/CDN+ERL/H:4/RES,URBAN,48180.0,24282468000.0,4285141414.0,1181000.0,32376624.0,28567609414.0,11825337.0,385436.0,672.0,750.0
PER,Peru,RES,CR-,CR/LFINF/CDN+ERL/H:4/RES,RURAL,34906.0,14065178400.0,2482090327.0,733055.0,23441964.0,16547268727.0,8562019.0,279071.0,672.0,600.0
PER,Peru,COM,CR-,CR/LFINF/CDN+ERL/H:5-7/COM,TOTAL,5167.0,6755434429.0,1192135492.0,0.0,10392976.0,7947569920.0,5114790.0,0.0,2011.0,650.0
PER,Peru,COM,CR-,CR/LFINF/CDN+ERL/H:5-7/COM:1,TOTAL,2715.0,2478851474.0,437444368.0,0.0,3813618.0,2916295843.0,1876831.0,0.0,1405.0,650.0
PER,Peru,COM,CR-,CR/LFINF/CDN+ERL/H:5-7/COM:2,TOTAL,10699.0,4357881393.0,769037896.0,0.0,6704433.0,5126919298.0,3299515.0,0.0,627.0,650.0
PER,Peru,COM,CR-,CR/LFINF/CDN+ERL/H:5-7/COM:3,TOTAL,1221.0,260126103.0,45904606.0,0.0,400194.0,306030716.0,196952.0,0.0,328.0,650.0
PER,Peru,COM,CR-,CR/LFINF/CDN+ERL/H:5-7/COM:3A,TOTAL,18.0,9837890.0,1736098.0,0.0,15135.0,11573987.0,7449.0,0.0,841.0,650.0
PER,Peru,COM,CR-,CR/LFINF/CDN+ERL/H:5-7/COM:3B,TOTAL,91.0,26007416.0,4589549.0,0.0,40011.0,30596962.0,19691.0,0.0,440.0,650.0
PER,Peru,COM,CR-,CR/LFINF/CDN+ERL/H:5-7/COM:3C,TOTAL,2135.0,808450313.0,142667702.0,0.0,1243770.0,951118044.0,612110.0,0.0,583.0,650.0
PER,Peru,COM,CR-,CR/LFINF/CDN+ERL/H:5-7/COM:5,TOTAL,18640.0,4349919655.0,767632847.0,0.0,6692184.0,5117552553.0,3293491.0,0.0,359.0,650.0
PER,Peru,COM,CR-,CR/LFINF/CDN+ERL/H:5-7/COM:5B,TOTAL,296.0,55250023.0,9750000.0,0.0,85000.0,65000028.0,41832.0,0.0,287.0,650.0
PER,Peru,RES,CR-,CR/LFINF/CDN+ERL/H:5/RES,URBAN,6680.0,8417241000.0,1485395473.0,407169.0,11222988.0,9902636473.0,4102126.0,133607.0,1680.0,750.0
PER,Peru,RES,CR-,CR/LFINF/CDN+ERL/H:5/RES,RURAL,5446.0,5440528800.0,960093313.0,285007.0,9067548.0,6400622113.0,3314291.0,107947.0,1665.0,600.0
PER,Peru,RES,CR-,CR/LFINF/CDN+ERL/H:6/RES,URBAN,3008.0,4550175000.0,802972061.0,222402.0,6066900.0,5353147061.0,2219145.0,72225.0,2017.0,750.0
PER,Peru,RES,CR-,CR/LFINF/CDN+ERL/H:6/RES,RURAL,1945.0,2291486400.0,404379961.0,116351.0,3819144.0,2695866361.0,1396964.0,45466.0,1964.0,600.0
PER,Peru,RES,CR-,CR/LFINF/CDN+ERL/H:7/RES,URBAN,1624.0,2861586000.0,504985766.0,140724.0,3815448.0,3366571766.0,1396634.0,45422.0,2349.0,750.0
PER,Peru,RES,CR-,CR/LFINF/CDN+ERL/H:7/RES,RURAL,642.0,882352800.0,155709319.0,47572.0,1470588.0,1038062119.0,538305.0,17507.0,2291.0,600.0
PER,Peru,RES,CR-,CR/LFINF/CDN+ERL/H:8/RES,URBAN,1070.0,2150946000.0,379578710.0,106614.0,2867928.0,2530524710.0,1050565.0,34142.0,2680.0,750.0
PER,Peru,RES,CR-,CR/LFINF/CDN+ERL/H:8/RES,RURAL,262.0,410004000.0,72353643.0,22417.0,683340.0,482357643.0,250318.0,8135.0,2608.0,600.0
PER,Peru,RES,CR-,CR/LFINF/CDN+ERL/H:9/RES,URBAN,668.0,1519308000.0,268113176.0,75156.0,2025744.0,1787421176.0,742604.0,24116.0,3033.0,750.0
PER,Peru,RES,CR-,CR/LFINF/CDN+ERL/H:9/RES,RURAL,109.0,191721600.0,33833222.0,11594.0,319536.0,225554822.0,117137.0,3804.0,2932.0,600.0
PER,Peru,IND,CR-,CR/LFINF/CDN+ERL/H:>2/IND:1,TOTAL,1868.0,368144971.0,122714983.0,0.0,613575.0,490859973.0,290806.0,0.0,328.0,600.0
PER,Peru,IND,CR-,CR/LFINF/CDN+ERL/H:>2/IND:2,TOTAL,19628.0,3646422125.0,1215474035.0,0.0,6077370.0,4861896181.0,2880378.0,0.0,310.0,600.0
PER,Peru,IND,CR-,CR/LFINF/CDN+ERL/H:>2/IND:4,TOTAL,157.0,48254086.0,16084692.0,0.0,80423.0,64338777.0,38117.0,0.0,512.0,600.0
PER,Peru,IND,CR-,CR/LFINF/CDN+ERL/H:>2/IND:6,TOTAL,2026.0,544279375.0,181426460.0,0.0,907132.0,725705830.0,429938.0,0.0,448.0,600.0
PER,Peru,COM,CR-,CR/LFINF/CDN+ERL/H:>7/COM,TOTAL,238.0,376934184.0,66517794.0,0.0,579899.0,443451984.0,285862.0,0.0,2437.0,650.0
PER,Peru,COM,CR-,CR/LFINF/CDN+ERL/H:>7/COM:1,TOTAL,144.0,269977829.0,47643140.0,0.0,415351.0,317620975.0,204748.0,0.0,2884.0,650.0
PER,Peru,COM,CR-,CR/LFINF/CDN+ERL/H:>7/COM:2,TOTAL,1138.0,569555747.0,100509851.0,0.0,876240.0,670065598.0,431944.0,0.0,770.0,650.0
PER,Peru,COM,CR-,CR/LFINF/CDN+ERL/H:>7/COM:3,TOTAL,54.0,12074615.0,2130809.0,0.0,18576.0,14205442.0,9157.0,0.0,344.0,650.0
PER,Peru,COM,CR-,CR/LFINF/CDN+ERL/H:>7/COM:3A,TOTAL,1.0,527696.0,93123.0,0.0,812.0,620819.0,400.0,0.0,812.0,650.0
PER,Peru,COM,CR-,CR/LFINF/CDN+ERL/H:>7/COM:3C,TOTAL,244.0,149820266.0,26438869.0,0.0,230493.0,176259133.0,113622.0,0.0,945.0,650.0
PER,Peru,COM,CR-,CR/LFINF/CDN+ERL/H:>7/COM:5,TOTAL,2051.0,634712569.0,112008114.0,0.0,976481.0,746720669.0,481359.0,0.0,476.0,650.0
PER,Peru,COM,CR-,CR/LFINF/CDN+ERL/H:>7/COM:5B,TOTAL,37.0,8719801.0,1538786.0,0.0,13415.0,10258594.0,6613.0,0.0,363.0,650.0
PER,Peru,COM,CR+,CR/LWAL/CDH+ERH/H:1/COM,TOTAL,254.0,47266591.0,8341162.0,0.0,72718.0,55607742.0,38835.0,0.0,286.0,650.0
PER,Peru,COM,CR+,CR/LWAL/CDH+ERH/H:1/COM:1,TOTAL,143.0,20183527.0,3561800.0,0.0,31052.0,23745326.0,16583.0,0.0,217.0,650.0
PER,Peru,COM,CR+,CR/LWAL/CDH+ERH/H:1/COM:2,TOTAL,8.0,449217.0,79274.0,0.0,691.0,528491.0,369.0,0.0,86.0,650.0
PER,Peru,COM,CR+,CR/LWAL/CDH+ERH/H:1/COM:3,TOTAL,42.0,2854782.0,503785.0,0.0,4392.0,3358567.0,2346.0,0.0,105.0,650.0
PER,Peru,COM,CR+,CR/LWAL/CDH+ERH/H:1/COM:3A,TOTAL,4.0,187083.0,33015.0,0.0,288.0,220098.0,154.0,0.0,72.0,650.0
PER,Peru,COM,CR+,CR/LWAL/CDH+ERH/H:1/COM:3B,TOTAL,3.0,149135.0,26319.0,0.0,229.0,175452.0,123.0,0.0,76.0,651.0
PER,Peru,COM,CR+,CR/LWAL/CDH+ERH/H:1/COM:5,TOTAL,25.0,668911.0,118045.0,0.0,1029.0,786953.0,550.0,0.0,41.0,650.0
PER,Peru,COM,CR+,CR/LWAL/CDH+ERH/H:1/COM:5B,TOTAL,2.0,66999.0,11823.0,0.0,103.0,78822.0,55.0,0.0,52.0,650.0
PER,Peru,COM,CR+,CR/LWAL/CDH+ERH/H:2/COM,TOTAL,148.0,72874327.0,12860176.0,0.0,112114.0,85734498.0,59925.0,0.0,758.0,650.0
PER,Peru,COM,CR+,CR/LWAL/CDH+ERH/H:2/COM:1,TOTAL,30.0,11283459.0,1991198.0,0.0,17359.0,13274660.0,9278.0,0.0,579.0,650.0
PER,Peru,COM,CR+,CR/LWAL/CDH+ERH/H:2/COM:2,TOTAL,4.0,454338.0,80177.0,0.0,699.0,534515.0,374.0,0.0,175.0,650.0
PER,Peru,COM,CR+,CR/LWAL/CDH+ERH/H:2/COM:3,TOTAL,8.0,1359591.0,239929.0,0.0,2092.0,1599521.0,1118.0,0.0,262.0,650.0
PER,Peru,COM,CR+,CR/LWAL/CDH+ERH/H:2/COM:3B,TOTAL,1.0,52698.0,9300.0,0.0,81.0,61998.0,43.0,0.0,81.0,651.0
PER,Peru,COM,CR+,CR/LWAL/CDH+ERH/H:2/COM:5,TOTAL,27.0,1398527.0,246794.0,0.0,2152.0,1645327.0,1150.0,0.0,80.0,650.0
PER,Peru,COM,CR+,CR/LWAL/CDH+ERH/H:2/COM:5B,TOTAL,3.0,213418.0,37662.0,0.0,328.0,251079.0,176.0,0.0,109.0,651.0
PER,Peru,COM,CR+,CR/LWAL/CDH+ERH/H:3/COM,TOTAL,137.0,91926649.0,16222353.0,0.0,141426.0,108149004.0,75656.0,0.0,1032.0,650.0
PER,Peru,COM,CR+,CR/LWAL/CDH+ERH/H:3/COM:1,TOTAL,80.0,34101015.0,6017830.0,0.0,52463.0,40118835.0,28065.0,0.0,656.0,650.0
PER,Peru,COM,CR+,CR/LWAL/CDH+ERH/H:3/COM:2,TOTAL,3.0,502129.0,88611.0,0.0,773.0,590741.0,413.0,0.0,258.0,650.0
PER,Peru,COM,CR+,CR/LWAL/CDH+ERH/H:3/COM:3,TOTAL,14.0,1332588.0,235163.0,0.0,2050.0,1567750.0,1097.0,0.0,146.0,650.0
PER,Peru,COM,CR+,CR/LWAL/CDH+ERH/H:3/COM:3A,TOTAL,1.0,79154.0,13968.0,0.0,122.0,93123.0,65.0,0.0,122.0,649.0
PER,Peru,COM,CR+,CR/LWAL/CDH+ERH/H:3/COM:3B,TOTAL,3.0,238562.0,42099.0,0.0,367.0,280662.0,196.0,0.0,122.0,650.0
PER,Peru,COM,CR+,CR/LWAL/CDH+ERH/H:3/COM:5,TOTAL,36.0,3077776.0,543138.0,0.0,4735.0,3620911.0,2533.0,0.0,132.0,650.0
PER,Peru,COM,CR+,CR/LWAL/CDH+ERH/H:3/COM:5B,TOTAL,2.0,160363.0,28300.0,0.0,247.0,188663.0,132.0,0.0,124.0,649.0
PER,Peru,COM,CR+,CR/LWAL/CDH+ERH/H:4/COM,TOTAL,226.0,167509178.0,29560443.0,0.0,257706.0,197069615.0,137979.0,0.0,1140.0,650.0
PER,Peru,COM,CR+,CR/LWAL/CDH+ERH/H:4/COM:1,TOTAL,130.0,79761443.0,14075549.0,0.0,122710.0,93836985.0,65700.0,0.0,944.0,650.0
PER,Peru,COM,CR+,CR/LWAL/CDH+ERH/H:4/COM:2,TOTAL,14.0,4155761.0,733369.0,0.0,6393.0,4889130.0,3423.0,0.0,457.0,650.0
PER,Peru,COM,CR+,CR/LWAL/CDH+ERH/H:4/COM:3,TOTAL,29.0,3798233.0,670276.0,0.0,5843.0,4468516.0,3129.0,0.0,201.0,650.0
PER,Peru,COM,CR+,CR/LWAL/CDH+ERH/H:4/COM:3B,TOTAL,2.0,331644.0,58526.0,0.0,510.0,390170.0,273.0,0.0,255.0,650.0
PER,Peru,COM,CR+,CR/LWAL/CDH+ERH/H:4/COM:5,TOTAL,113.0,12244507.0,2160799.0,0.0,18838.0,14405308.0,10086.0,0.0,167.0,650.0
PER,Peru,COM,CR+,CR/LWAL/CDH+ERH/H:4/COM:5B,TOTAL,17.0,2207149.0,389498.0,0.0,3396.0,2596649.0,1818.0,0.0,200.0,650.0
PER,Peru,COM,CR+,CR/LWAL/CDH+ERH/H:5-7/COM,TOTAL,123.0,165716183.0,29244033.0,0.0,254948.0,194960215.0,136734.0,0.0,2073.0,650.0
PER,Peru,COM,CR+,CR/LWAL/CDH+ERH/H:5-7/COM:1,TOTAL,69.0,70095228.0,12369750.0,0.0,107839.0,82464976.0,57836.0,0.0,1563.0,650.0
PER,Peru,COM,CR+,CR/LWAL/CDH+ERH/H:5-7/COM:2,TOTAL,7.0,2361315.0,416703.0,0.0,3633.0,2778017.0,1948.0,0.0,519.0,650.0
PER,Peru,COM,CR+,CR/LWAL/CDH+ERH/H:5-7/COM:3,TOTAL,20.0,6999376.0,1235185.0,0.0,10768.0,8234558.0,5775.0,0.0,538.0,650.0
PER,Peru,COM,CR+,CR/LWAL/CDH+ERH/H:5-7/COM:3A,TOTAL,1.0,336545.0,59390.0,0.0,518.0,395936.0,278.0,0.0,518.0,650.0
PER,Peru,COM,CR+,CR/LWAL/CDH+ERH/H:5-7/COM:5,TOTAL,82.0,13936310.0,2459350.0,0.0,21440.0,16395666.0,11499.0,0.0,261.0,650.0
PER,Peru,COM,CR+,CR/LWAL/CDH+ERH/H:5-7/COM:5B,TOTAL,5.0,799238.0,141043.0,0.0,1230.0,940280.0,659.0,0.0,246.0,650.0
PER,Peru,COM,CR+,CR/LWAL/CDH+ERH/H:>7/COM,TOTAL,7.0,12086178.0,2132855.0,0.0,18594.0,14219033.0,9989.0,0.0,2656.0,650.0
PER,Peru,COM,CR+,CR/LWAL/CDH+ERH/H:>7/COM:1,TOTAL,7.0,11803749.0,2083014.0,0.0,18160.0,13886765.0,9756.0,0.0,2594.0,650.0
PER,Peru,COM,CR+,CR/LWAL/CDH+ERH/H:>7/COM:2,TOTAL,1.0,452542.0,79860.0,0.0,696.0,532402.0,374.0,0.0,696.0,650.0
PER,Peru,COM,CR+,CR/LWAL/CDH+ERH/H:>7/COM:5,TOTAL,14.0,3162388.0,558068.0,0.0,4865.0,3720462.0,2614.0,0.0,348.0,650.0
PER,Peru,COM,CR+,CR/LWAL/CDH+ERM/H:1/COM,TOTAL,9.0,2030687.0,358357.0,0.0,3124.0,2389044.0,1668.0,0.0,347.0,650.0
PER,Peru,COM,CR+,CR/LWAL/CDH+ERM/H:1/COM:1,TOTAL,4.0,980528.0,173035.0,0.0,1509.0,1153563.0,806.0,0.0,377.0,650.0
PER,Peru,COM,CR+,CR/LWAL/CDH+ERM/H:1/COM:3,TOTAL,1.0,26323.0,4645.0,0.0,40.0,30968.0,22.0,0.0,40.0,658.0
PER,Peru,COM,CR+,CR/LWAL/CDH+ERM/H:1/COM:5,TOTAL,2.0,58964.0,10406.0,0.0,91.0,69369.0,48.0,0.0,46.0,648.0
PER,Peru,COM,CR+,CR/LWAL/CDH+ERM/H:2/COM,TOTAL,1.0,855495.0,150970.0,0.0,1316.0,1006465.0,703.0,0.0,1316.0,650.0
PER,Peru,COM,CR+,CR/LWAL/CDH+ERM/H:4/COM,TOTAL,2.0,654574.0,115513.0,0.0,1007.0,770087.0,539.0,0.0,504.0,650.0
PER,Peru,COM,CR+,CR/LWAL/CDH+ERM/H:4/COM:5,TOTAL,1.0,105292.0,18581.0,0.0,162.0,123873.0,87.0,0.0,162.0,650.0
PER,Peru,COM,CR-,CR/LWAL/CDL+ERL/H:1/COM,TOTAL,1134.0,221568706.0,39100364.0,0.0,340875.0,260669060.0,182043.0,0.0,301.0,650.0
PER,Peru,COM,CR-,CR/LWAL/CDL+ERL/H:1/COM:1,TOTAL,667.0,98459477.0,17375199.0,0.0,151476.0,115834676.0,80895.0,0.0,227.0,650.0
PER,Peru,COM,CR-,CR/LWAL/CDL+ERL/H:1/COM:2,TOTAL,31.0,2312628.0,408114.0,0.0,3558.0,2720741.0,1900.0,0.0,115.0,650.0
PER,Peru,COM,CR-,CR/LWAL/CDL+ERL/H:1/COM:3,TOTAL,141.0,8459884.0,1492923.0,0.0,13015.0,9952802.0,6951.0,0.0,92.0,650.0
PER,Peru,COM,CR-,CR/LWAL/CDL+ERL/H:1/COM:3A,TOTAL,10.0,993572.0,175335.0,0.0,1529.0,1168909.0,816.0,0.0,153.0,650.0
PER,Peru,COM,CR-,CR/LWAL/CDL+ERL/H:1/COM:3B,TOTAL,22.0,719956.0,127052.0,0.0,1108.0,847006.0,592.0,0.0,50.0,650.0
PER,Peru,COM,CR-,CR/LWAL/CDL+ERL/H:1/COM:5,TOTAL,152.0,4114043.0,726010.0,0.0,6329.0,4840045.0,3380.0,0.0,42.0,650.0
PER,Peru,COM,CR-,CR/LWAL/CDL+ERL/H:1/COM:5B,TOTAL,12.0,355805.0,62789.0,0.0,547.0,418595.0,292.0,0.0,46.0,650.0
PER,Peru,COM,CR-,CR/LWAL/CDL+ERL/H:2/COM,TOTAL,561.0,256643658.0,45290066.0,0.0,394836.0,301933718.0,211040.0,0.0,704.0,650.0
PER,Peru,COM,CR-,CR/LWAL/CDL+ERL/H:2/COM:1,TOTAL,109.0,27211320.0,4801999.0,0.0,41864.0,32013325.0,22376.0,0.0,384.0,650.0
PER,Peru,COM,CR-,CR/LWAL/CDL+ERL/H:2/COM:2,TOTAL,17.0,2586594.0,456458.0,0.0,3979.0,3043052.0,2127.0,0.0,234.0,650.0
PER,Peru,COM,CR-,CR/LWAL/CDL+ERL/H:2/COM:3,TOTAL,27.0,2720727.0,480126.0,0.0,4186.0,3200857.0,2237.0,0.0,155.0,650.0
PER,Peru,COM,CR-,CR/LWAL/CDL+ERL/H:2/COM:3B,TOTAL,1.0,53273.0,9401.0,0.0,82.0,62675.0,44.0,0.0,82.0,650.0
PER,Peru,COM,CR-,CR/LWAL/CDL+ERL/H:2/COM:5,TOTAL,73.0,3921346.0,691998.0,0.0,6033.0,4613354.0,3225.0,0.0,83.0,650.0
PER,Peru,COM,CR-,CR/LWAL/CDL+ERL/H:2/COM:5B,TOTAL,9.0,480504.0,84794.0,0.0,739.0,565298.0,395.0,0.0,82.0,650.0
PER,Peru,COM,CR-,CR/LWAL/CDL+ERL/H:3/COM,TOTAL,545.0,344934157.0,60870738.0,0.0,530668.0,405804904.0,283883.0,0.0,974.0,650.0
PER,Peru,COM,CR-,CR/LWAL/CDL+ERL/H:3/COM:1,TOTAL,267.0,119761060.0,21134310.0,0.0,184248.0,140895365.0,98564.0,0.0,690.0,650.0
PER,Peru,COM,CR-,CR/LWAL/CDL+ERL/H:3/COM:2,TOTAL,8.0,1838215.0,324391.0,0.0,2828.0,2162606.0,1513.0,0.0,354.0,650.0
PER,Peru,COM,CR-,CR/LWAL/CDL+ERL/H:3/COM:3,TOTAL,71.0,7445154.0,1313849.0,0.0,11454.0,8759009.0,6128.0,0.0,161.0,650.0
PER,Peru,COM,CR-,CR/LWAL/CDL+ERL/H:3/COM:3A,TOTAL,2.0,1516846.0,267679.0,0.0,2334.0,1784525.0,1248.0,0.0,1167.0,650.0
PER,Peru,COM,CR-,CR/LWAL/CDL+ERL/H:3/COM:3B,TOTAL,5.0,396902.0,70041.0,0.0,611.0,466943.0,327.0,0.0,122.0,650.0
PER,Peru,COM,CR-,CR/LWAL/CDL+ERL/H:3/COM:5,TOTAL,203.0,16762340.0,2958053.0,0.0,25788.0,19720394.0,13796.0,0.0,127.0,650.0
PER,Peru,COM,CR-,CR/LWAL/CDL+ERL/H:3/COM:5B,TOTAL,19.0,1549609.0,273459.0,0.0,2384.0,1823073.0,1275.0,0.0,125.0,650.0
PER,Peru,COM,CR-,CR/LWAL/CDL+ERL/H:4/COM,TOTAL,1129.0,853038651.0,150536214.0,0.0,1312367.0,1003574875.0,702653.0,0.0,1162.0,650.0
PER,Peru,COM,CR-,CR/LWAL/CDL+ERL/H:4/COM:1,TOTAL,700.0,394603704.0,69635938.0,0.0,607083.0,464239649.0,325038.0,0.0,867.0,650.0
PER,Peru,COM,CR-,CR/LWAL/CDL+ERL/H:4/COM:2,TOTAL,65.0,17336848.0,3059438.0,0.0,26672.0,20396286.0,14281.0,0.0,410.0,650.0
PER,Peru,COM,CR-,CR/LWAL/CDL+ERL/H:4/COM:3,TOTAL,186.0,26281860.0,4637979.0,0.0,40434.0,30919829.0,21649.0,0.0,217.0,650.0
PER,Peru,COM,CR-,CR/LWAL/CDL+ERL/H:4/COM:3A,TOTAL,7.0,4486126.0,791669.0,0.0,6902.0,5277795.0,3695.0,0.0,986.0,650.0
PER,Peru,COM,CR-,CR/LWAL/CDL+ERL/H:4/COM:3B,TOTAL,32.0,3754763.0,662608.0,0.0,5777.0,4417374.0,3093.0,0.0,181.0,650.0
PER,Peru,COM,CR-,CR/LWAL/CDL+ERL/H:4/COM:5,TOTAL,561.0,61877362.0,10919543.0,0.0,95196.0,72796901.0,50970.0,0.0,170.0,650.0
PER,Peru,COM,CR-,CR/LWAL/CDL+ERL/H:4/COM:5B,TOTAL,46.0,5557581.0,980751.0,0.0,8550.0,6538338.0,4578.0,0.0,186.0,650.0
PER,Peru,COM,CR-,CR/LWAL/CDL+ERL/H:5-7/COM,TOTAL,625.0,741554930.0,130862640.0,0.0,1140854.0,872417565.0,611863.0,0.0,1825.0,650.0
PER,Peru,COM,CR-,CR/LWAL/CDL+ERL/H:5-7/COM:1,TOTAL,290.0,286460296.0,50551824.0,0.0,440708.0,337012112.0,236361.0,0.0,1520.0,650.0
PER,Peru,COM,CR-,CR/LWAL/CDL+ERL/H:5-7/COM:2,TOTAL,41.0,15948208.0,2814392.0,0.0,24536.0,18762602.0,13159.0,0.0,598.0,650.0
PER,Peru,COM,CR-,CR/LWAL/CDL+ERL/H:5-7/COM:3,TOTAL,62.0,15279304.0,2696353.0,0.0,23507.0,17975652.0,12607.0,0.0,379.0,650.0
PER,Peru,COM,CR-,CR/LWAL/CDL+ERL/H:5-7/COM:3B,TOTAL,8.0,1266256.0,223457.0,0.0,1948.0,1489714.0,1045.0,0.0,244.0,650.0
PER,Peru,COM,CR-,CR/LWAL/CDL+ERL/H:5-7/COM:5,TOTAL,354.0,58793266.0,10375280.0,0.0,90451.0,69168557.0,48511.0,0.0,256.0,650.0
PER,Peru,COM,CR-,CR/LWAL/CDL+ERL/H:5-7/COM:5B,TOTAL,31.0,5443732.0,960658.0,0.0,8375.0,6404388.0,4492.0,0.0,270.0,650.0
PER,Peru,COM,CR-,CR/LWAL/CDL+ERL/H:>7/COM,TOTAL,27.0,44891523.0,7922031.0,0.0,69064.0,52813557.0,37103.0,0.0,2558.0,650.0
PER,Peru,COM,CR-,CR/LWAL/CDL+ERL/H:>7/COM:1,TOTAL,19.0,26199445.0,4623432.0,0.0,40307.0,30822879.0,21654.0,0.0,2121.0,650.0
PER,Peru,COM,CR-,CR/LWAL/CDL+ERL/H:>7/COM:2,TOTAL,5.0,2242098.0,395665.0,0.0,3449.0,2637762.0,1853.0,0.0,690.0,650.0
PER,Peru,COM,CR-,CR/LWAL/CDL+ERL/H:>7/COM:3,TOTAL,2.0,422156.0,74498.0,0.0,649.0,496656.0,349.0,0.0,324.0,650.0
PER,Peru,COM,CR-,CR/LWAL/CDL+ERL/H:>7/COM:5,TOTAL,39.0,8323499.0,1468850.0,0.0,12805.0,9792362.0,6880.0,0.0,328.0,650.0
PER,Peru,COM,CR-,CR/LWAL/CDL+ERL/H:>7/COM:5B,TOTAL,4.0,841631.0,148523.0,0.0,1295.0,990157.0,696.0,0.0,324.0,650.0
PER,Peru,COM,CR-,CR/LWAL/CDM+ERL/H:1/COM,TOTAL,131.0,27496696.0,4852359.0,0.0,42303.0,32349055.0,22592.0,0.0,323.0,650.0
PER,Peru,COM,CR-,CR/LWAL/CDM+ERL/H:1/COM:1,TOTAL,79.0,14823450.0,2615905.0,0.0,22805.0,17439351.0,12179.0,0.0,289.0,650.0
PER,Peru,COM,CR-,CR/LWAL/CDM+ERL/H:1/COM:2,TOTAL,4.0,222370.0,39242.0,0.0,342.0,261610.0,183.0,0.0,86.0,650.0
PER,Peru,COM,CR-,CR/LWAL/CDM+ERL/H:1/COM:3,TOTAL,22.0,830062.0,146483.0,0.0,1277.0,976540.0,682.0,0.0,58.0,650.0
PER,Peru,COM,CR-,CR/LWAL/CDM+ERL/H:1/COM:3A,TOTAL,1.0,98505.0,17383.0,0.0,152.0,115889.0,81.0,0.0,152.0,648.0
PER,Peru,COM,CR-,CR/LWAL/CDM+ERL/H:1/COM:3B,TOTAL,3.0,79897.0,14100.0,0.0,123.0,93996.0,66.0,0.0,41.0,650.0
PER,Peru,COM,CR-,CR/LWAL/CDM+ERL/H:1/COM:5,TOTAL,12.0,322293.0,56877.0,0.0,496.0,379169.0,265.0,0.0,41.0,650.0
PER,Peru,COM,CR-,CR/LWAL/CDM+ERL/H:1/COM:5B,TOTAL,1.0,26384.0,4656.0,0.0,41.0,31039.0,22.0,0.0,41.0,644.0
PER,Peru,COM,CR-,CR/LWAL/CDM+ERL/H:2/COM,TOTAL,67.0,33971410.0,5994956.0,0.0,52264.0,39966364.0,27935.0,0.0,780.0,650.0
PER,Peru,COM,CR-,CR/LWAL/CDM+ERL/H:2/COM:1,TOTAL,15.0,4586220.0,809332.0,0.0,7056.0,5395554.0,3771.0,0.0,470.0,650.0
PER,Peru,COM,CR-,CR/LWAL/CDM+ERL/H:2/COM:2,TOTAL,2.0,390205.0,68860.0,0.0,600.0,459066.0,321.0,0.0,300.0,650.0
PER,Peru,COM,CR-,CR/LWAL/CDM+ERL/H:2/COM:3,TOTAL,2.0,990690.0,174828.0,0.0,1524.0,1165518.0,815.0,0.0,762.0,650.0
PER,Peru,COM,CR-,CR/LWAL/CDM+ERL/H:2/COM:5,TOTAL,9.0,480082.0,84719.0,0.0,739.0,564800.0,395.0,0.0,82.0,650.0
PER,Peru,COM,CR-,CR/LWAL/CDM+ERL/H:3/COM,TOTAL,64.0,43288980.0,7639232.0,0.0,66598.0,50928213.0,35627.0,0.0,1041.0,650.0
PER,Peru,COM,CR-,CR/LWAL/CDM+ERL/H:3/COM:1,TOTAL,21.0,5298851.0,935091.0,0.0,8152.0,6233942.0,4361.0,0.0,388.0,650.0
PER,Peru,COM,CR-,CR/LWAL/CDM+ERL/H:3/COM:2,TOTAL,1.0,167477.0,29555.0,0.0,258.0,197032.0,138.0,0.0,258.0,649.0
PER,Peru,COM,CR-,CR/LWAL/CDM+ERL/H:3/COM:3,TOTAL,5.0,483407.0,85306.0,0.0,744.0,568716.0,398.0,0.0,149.0,650.0
PER,Peru,COM,CR-,CR/LWAL/CDM+ERL/H:3/COM:3B,TOTAL,2.0,159214.0,28097.0,0.0,245.0,187310.0,131.0,0.0,122.0,650.0
PER,Peru,COM,CR-,CR/LWAL/CDM+ERL/H:3/COM:5,TOTAL,21.0,1703680.0,300648.0,0.0,2621.0,2004329.0,1402.0,0.0,125.0,650.0
PER,Peru,COM,CR-,CR/LWAL/CDM+ERL/H:3/COM:5B,TOTAL,2.0,158070.0,27895.0,0.0,243.0,185964.0,130.0,0.0,122.0,650.0
PER,Peru,COM,CR-,CR/LWAL/CDM+ERL/H:4/COM,TOTAL,105.0,73909341.0,13042824.0,0.0,113707.0,86952161.0,60880.0,0.0,1083.0,650.0
PER,Peru,COM,CR-,CR/LWAL/CDM+ERL/H:4/COM:1,TOTAL,69.0,35796528.0,6317035.0,0.0,55072.0,42113566.0,29486.0,0.0,798.0,650.0
PER,Peru,COM,CR-,CR/LWAL/CDM+ERL/H:4/COM:2,TOTAL,10.0,3263803.0,575965.0,0.0,5021.0,3839769.0,2688.0,0.0,502.0,650.0
PER,Peru,COM,CR-,CR/LWAL/CDM+ERL/H:4/COM:3,TOTAL,17.0,4136977.0,730059.0,0.0,6365.0,4867033.0,3408.0,0.0,374.0,650.0
PER,Peru,COM,CR-,CR/LWAL/CDM+ERL/H:4/COM:3B,TOTAL,5.0,527839.0,93147.0,0.0,812.0,620987.0,435.0,0.0,162.0,650.0
PER,Peru,COM,CR-,CR/LWAL/CDM+ERL/H:4/COM:5,TOTAL,55.0,5881079.0,1037840.0,0.0,9048.0,6918918.0,4844.0,0.0,165.0,650.0
PER,Peru,COM,CR-,CR/LWAL/CDM+ERL/H:4/COM:5B,TOTAL,6.0,633546.0,111804.0,0.0,975.0,745349.0,522.0,0.0,162.0,650.0
PER,Peru,COM,CR-,CR/LWAL/CDM+ERL/H:5-7/COM,TOTAL,64.0,73915817.0,13043970.0,0.0,113717.0,86959783.0,60989.0,0.0,1777.0,650.0
PER,Peru,COM,CR-,CR/LWAL/CDM+ERL/H:5-7/COM:1,TOTAL,40.0,33757491.0,5957201.0,0.0,51935.0,39714692.0,27854.0,0.0,1298.0,650.0
PER,Peru,COM,CR-,CR/LWAL/CDM+ERL/H:5-7/COM:2,TOTAL,3.0,1014894.0,179098.0,0.0,1561.0,1193993.0,837.0,0.0,520.0,650.0
PER,Peru,COM,CR-,CR/LWAL/CDM+ERL/H:5-7/COM:3,TOTAL,7.0,3504722.0,618481.0,0.0,5392.0,4123203.0,2892.0,0.0,770.0,650.0
PER,Peru,COM,CR-,CR/LWAL/CDM+ERL/H:5-7/COM:3A,TOTAL,1.0,2572518.0,453974.0,0.0,3958.0,3026492.0,2123.0,0.0,3958.0,650.0
PER,Peru,COM,CR-,CR/LWAL/CDM+ERL/H:5-7/COM:5,TOTAL,35.0,5541730.0,977953.0,0.0,8526.0,6519685.0,4573.0,0.0,244.0,650.0
PER,Peru,COM,CR-,CR/LWAL/CDM+ERL/H:5-7/COM:5B,TOTAL,6.0,1307076.0,230660.0,0.0,2011.0,1537736.0,1078.0,0.0,335.0,650.0
PER,Peru,COM,CR-,CR/LWAL/CDM+ERL/H:>7/COM,TOTAL,3.0,866576.0,152925.0,0.0,1333.0,1019501.0,716.0,0.0,444.0,650.0
PER,Peru,COM,CR-,CR/LWAL/CDM+ERL/H:>7/COM:5,TOTAL,1.0,209691.0,37004.0,0.0,323.0,246695.0,173.0,0.0,323.0,649.0
PER,Peru,COM,MR|MCF,MCF/LWAL/CDH+ERH/H:1/COM,TOTAL,7021.0,1185877478.0,209272479.0,0.0,2156141.0,1395149947.0,1056746.0,0.0,307.0,550.0
PER,Peru,COM,MR|MCF,MCF/LWAL/CDH+ERH/H:1/COM:1,TOTAL,4003.0,470668056.0,83059095.0,0.0,855760.0,553727112.0,419418.0,0.0,214.0,550.0
PER,Peru,COM,MR|MCF,MCF/LWAL/CDH+ERH/H:1/COM:2,TOTAL,4270.0,253354184.0,44709548.0,0.0,460644.0,298063739.0,225768.0,0.0,108.0,550.0
PER,Peru,COM,MR|MCF,MCF/LWAL/CDH+ERH/H:1/COM:3,TOTAL,1803.0,64980743.0,11467184.0,0.0,118147.0,76447911.0,57906.0,0.0,66.0,550.0
PER,Peru,COM,MR|MCF,MCF/LWAL/CDH+ERH/H:1/COM:3A,TOTAL,120.0,11035372.0,1947421.0,0.0,20064.0,12982784.0,9834.0,0.0,167.0,550.0
PER,Peru,COM,MR|MCF,MCF/LWAL/CDH+ERH/H:1/COM:3B,TOTAL,146.0,4177641.0,737232.0,0.0,7596.0,4914871.0,3723.0,0.0,52.0,550.0
PER,Peru,COM,MR|MCF,MCF/LWAL/CDH+ERH/H:1/COM:3C,TOTAL,401.0,23397951.0,4129044.0,0.0,42542.0,27527002.0,20851.0,0.0,106.0,550.0
PER,Peru,COM,MR|MCF,MCF/LWAL/CDH+ERH/H:1/COM:5,TOTAL,3322.0,105939477.0,18695185.0,0.0,192617.0,124634684.0,94406.0,0.0,58.0,550.0
PER,Peru,COM,MR|MCF,MCF/LWAL/CDH+ERH/H:1/COM:5B,TOTAL,60.0,1572586.0,277514.0,0.0,2859.0,1850098.0,1401.0,0.0,48.0,550.0
PER,Peru,IND,MR|MCF,MCF/LWAL/CDH+ERH/H:1/IND:1,TOTAL,118.0,26066870.0,8688954.0,0.0,48272.0,34755818.0,22835.0,0.0,409.0,540.0
PER,Peru,IND,MR|MCF,MCF/LWAL/CDH+ERH/H:1/IND:2,TOTAL,851.0,115944106.0,38648044.0,0.0,214711.0,154592146.0,101568.0,0.0,252.0,540.0
PER,Peru,IND,MR|MCF,MCF/LWAL/CDH+ERH/H:1/IND:4,TOTAL,16.0,7818709.0,2606235.0,0.0,14479.0,10424944.0,6849.0,0.0,905.0,540.0
PER,Peru,IND,MR|MCF,MCF/LWAL/CDH+ERH/H:1/IND:6,TOTAL,51.0,14191492.0,4730494.0,0.0,26281.0,18921994.0,12432.0,0.0,515.0,540.0
PER,Peru,RES,MR|MCF,MCF/LWAL/CDH+ERH/H:1/RES,URBAN,14174.0,1148094000.0,202604823.0,43665.0,1700880.0,1350698823.0,619868.0,14174.0,120.0,675.0
PER,Peru,RES,MR|MCF,MCF/LWAL/CDH+ERH/H:1/RES,RURAL,113687.0,7366917600.0,1300044275.0,268752.0,13642440.0,8666961875.0,4971843.0,113687.0,120.0,540.0
PER,Peru,COM,MR|MCF,MCF/LWAL/CDH+ERH/H:2/COM,TOTAL,4024.0,1597274873.0,281872046.0,0.0,2904136.0,1879146911.0,1424522.0,0.0,722.0,550.0
PER,Peru,COM,MR|MCF,MCF/LWAL/CDH+ERH/H:2/COM:1,TOTAL,1196.0,275405931.0,48601056.0,0.0,500738.0,324006996.0,245620.0,0.0,419.0,550.0
PER,Peru,COM,MR|MCF,MCF/LWAL/CDH+ERH/H:2/COM:2,TOTAL,3006.0,359493547.0,63440037.0,0.0,653625.0,422933582.0,320614.0,0.0,217.0,550.0
PER,Peru,COM,MR|MCF,MCF/LWAL/CDH+ERH/H:2/COM:3,TOTAL,530.0,30949783.0,5461735.0,0.0,56272.0,36411504.0,27603.0,0.0,106.0,550.0
PER,Peru,COM,MR|MCF,MCF/LWAL/CDH+ERH/H:2/COM:3A,TOTAL,16.0,3568241.0,629689.0,0.0,6488.0,4197929.0,3182.0,0.0,406.0,550.0
PER,Peru,COM,MR|MCF,MCF/LWAL/CDH+ERH/H:2/COM:3B,TOTAL,37.0,1774514.0,313152.0,0.0,3226.0,2087658.0,1583.0,0.0,87.0,550.0
PER,Peru,COM,MR|MCF,MCF/LWAL/CDH+ERH/H:2/COM:3C,TOTAL,261.0,28347046.0,5002413.0,0.0,51540.0,33349464.0,25282.0,0.0,197.0,550.0
PER,Peru,COM,MR|MCF,MCF/LWAL/CDH+ERH/H:2/COM:5,TOTAL,2102.0,133467429.0,23553089.0,0.0,242668.0,157020491.0,119034.0,0.0,115.0,550.0
PER,Peru,COM,MR|MCF,MCF/LWAL/CDH+ERH/H:2/COM:5B,TOTAL,49.0,2315635.0,408646.0,0.0,4210.0,2724279.0,2065.0,0.0,86.0,550.0
PER,Peru,IND,MR|MCF,MCF/LWAL/CDH+ERH/H:2/IND:1,TOTAL,47.0,15091136.0,5030383.0,0.0,27947.0,20121509.0,13233.0,0.0,595.0,540.0
PER,Peru,IND,MR|MCF,MCF/LWAL/CDH+ERH/H:2/IND:2,TOTAL,419.0,64860009.0,21620005.0,0.0,120111.0,86479992.0,56873.0,0.0,287.0,540.0
PER,Peru,IND,MR|MCF,MCF/LWAL/CDH+ERH/H:2/IND:4,TOTAL,1.0,136064.0,45355.0,0.0,252.0,181418.0,119.0,0.0,252.0,540.0
PER,Peru,IND,MR|MCF,MCF/LWAL/CDH+ERH/H:2/IND:6,TOTAL,29.0,8221386.0,2740462.0,0.0,15225.0,10961850.0,7209.0,0.0,525.0,540.0
PER,Peru,RES,MR|MCF,MCF/LWAL/CDH+ERH/H:2/RES,URBAN,17165.0,2779191000.0,490445464.0,106191.0,4117320.0,3269636464.0,1501616.0,34311.0,240.0,675.0
PER,Peru,RES,MR|MCF,MCF/LWAL/CDH+ERH/H:2/RES,RURAL,29683.0,3842445600.0,678078667.0,153314.0,7115640.0,4520524267.0,2595127.0,59297.0,240.0,540.0
PER,Peru,COM,MR|MCF,MCF/LWAL/CDH+ERH/H:3/COM,TOTAL,4222.0,2143386866.0,378244719.0,0.0,3897067.0,2521631612.0,1913152.0,0.0,923.0,550.0
PER,Peru,COM,MR|MCF,MCF/LWAL/CDH+ERH/H:3/COM:1,TOTAL,2628.0,900701933.0,158947398.0,0.0,1637640.0,1059649318.0,803952.0,0.0,623.0,550.0
PER,Peru,COM,MR|MCF,MCF/LWAL/CDH+ERH/H:3/COM:2,TOTAL,3702.0,633472513.0,111789263.0,0.0,1151768.0,745261764.0,565428.0,0.0,311.0,550.0
PER,Peru,COM,MR|MCF,MCF/LWAL/CDH+ERH/H:3/COM:3,TOTAL,1167.0,121397408.0,21423073.0,0.0,220723.0,142820460.0,108358.0,0.0,189.0,550.0
PER,Peru,COM,MR|MCF,MCF/LWAL/CDH+ERH/H:3/COM:3A,TOTAL,45.0,13921824.0,2456792.0,0.0,25312.0,16378622.0,12426.0,0.0,562.0,550.0
PER,Peru,COM,MR|MCF,MCF/LWAL/CDH+ERH/H:3/COM:3B,TOTAL,73.0,7824204.0,1380739.0,0.0,14226.0,9204939.0,6984.0,0.0,195.0,550.0
PER,Peru,COM,MR|MCF,MCF/LWAL/CDH+ERH/H:3/COM:3C,TOTAL,571.0,92839982.0,16383523.0,0.0,168800.0,109223515.0,82868.0,0.0,296.0,550.0
PER,Peru,COM,MR|MCF,MCF/LWAL/CDH+ERH/H:3/COM:5,TOTAL,5620.0,550495642.0,97146287.0,0.0,1000901.0,647641898.0,491366.0,0.0,178.0,550.0
PER,Peru,COM,MR|MCF,MCF/LWAL/CDH+ERH/H:3/COM:5B,TOTAL,124.0,9698269.0,1711455.0,0.0,17633.0,11409718.0,8657.0,0.0,142.0,550.0
PER,Peru,RES,MR|MCF,MCF/LWAL/CDH+ERH/H:3/RES,RURAL,54764.0,5319221400.0,938686093.0,303462.0,9850410.0,6257907493.0,3595157.0,109449.0,180.0,540.0
PER,Peru,RES,MR|MCF,MCF/LWAL/CDH+ERH/H:3/RES,URBAN,61184.0,7433552250.0,1311803337.0,412525.0,11012670.0,8745355587.0,4019350.0,122363.0,180.0,675.0
PER,Peru,RES,MR|MCF,MCF/LWAL/CDH+ERH/H:4/RES,URBAN,3160.0,1530535500.0,270094511.0,74653.0,2267460.0,1800630011.0,828175.0,25194.0,718.0,675.0
PER,Peru,RES,MR|MCF,MCF/LWAL/CDH+ERH/H:5/RES,URBAN,397.0,236013750.0,41649492.0,11571.0,349650.0,277663242.0,127801.0,3885.0,881.0,675.0
PER,Peru,IND,MR|MCF,MCF/LWAL/CDH+ERH/H:>2/IND:1,TOTAL,560.0,120818951.0,40272995.0,0.0,223739.0,161091935.0,106042.0,0.0,400.0,540.0
PER,Peru,IND,MR|MCF,MCF/LWAL/CDH+ERH/H:>2/IND:2,TOTAL,5846.0,959415180.0,319805066.0,0.0,1776695.0,1279220246.0,842069.0,0.0,304.0,540.0
PER,Peru,IND,MR|MCF,MCF/LWAL/CDH+ERH/H:>2/IND:4,TOTAL,41.0,10245414.0,3415142.0,0.0,18973.0,13660553.0,8992.0,0.0,463.0,540.0
PER,Peru,IND,MR|MCF,MCF/LWAL/CDH+ERH/H:>2/IND:6,TOTAL,309.0,80453540.0,26817853.0,0.0,148988.0,107271383.0,70614.0,0.0,482.0,540.0
PER,Peru,COM,MR|MCF,MCF/LWAL/CDH+ERM/H:1/COM,TOTAL,174.0,27199226.0,4799861.0,0.0,49453.0,31999089.0,24237.0,0.0,284.0,550.0
PER,Peru,COM,MR|MCF,MCF/LWAL/CDH+ERM/H:1/COM:1,TOTAL,61.0,7716775.0,1361783.0,0.0,14031.0,9078561.0,6877.0,0.0,230.0,550.0
PER,Peru,COM,MR|MCF,MCF/LWAL/CDH+ERM/H:1/COM:2,TOTAL,136.0,8826049.0,1557535.0,0.0,16047.0,10383581.0,7865.0,0.0,118.0,550.0
PER,Peru,COM,MR|MCF,MCF/LWAL/CDH+ERM/H:1/COM:3,TOTAL,28.0,785487.0,138615.0,0.0,1428.0,924104.0,700.0,0.0,51.0,550.0
PER,Peru,COM,MR|MCF,MCF/LWAL/CDH+ERM/H:1/COM:3C,TOTAL,7.0,319116.0,56315.0,0.0,580.0,375431.0,284.0,0.0,83.0,550.0
PER,Peru,COM,MR|MCF,MCF/LWAL/CDH+ERM/H:1/COM:5,TOTAL,92.0,2491807.0,439733.0,0.0,4531.0,2931538.0,2221.0,0.0,49.0,550.0
PER,Peru,COM,MR|MCF,MCF/LWAL/CDH+ERM/H:1/COM:5B,TOTAL,4.0,111366.0,19653.0,0.0,202.0,131020.0,99.0,0.0,50.0,551.0
PER,Peru,IND,MR|MCF,MCF/LWAL/CDH+ERM/H:1/IND:2,TOTAL,17.0,2207509.0,735836.0,0.0,4088.0,2943346.0,1934.0,0.0,240.0,540.0
PER,Peru,RES,MR|MCF,MCF/LWAL/CDH+ERM/H:1/RES,RURAL,2052.0,132969600.0,23465223.0,6835.0,246240.0,156434823.0,89740.0,2052.0,120.0,540.0
PER,Peru,RES,MR|MCF,MCF/LWAL/CDH+ERM/H:1/RES,URBAN,212.0,17172000.0,3030353.0,807.0,25440.0,20202353.0,9271.0,212.0,120.0,675.0
PER,Peru,COM,MR|MCF,MCF/LWAL/CDH+ERM/H:2/COM,TOTAL,13.0,5775633.0,1019232.0,0.0,10501.0,6794865.0,5151.0,0.0,808.0,550.0
PER,Peru,COM,MR|MCF,MCF/LWAL/CDH+ERM/H:2/COM:1,TOTAL,3.0,133639.0,23583.0,0.0,243.0,157223.0,119.0,0.0,81.0,550.0
PER,Peru,COM,MR|MCF,MCF/LWAL/CDH+ERM/H:2/COM:2,TOTAL,22.0,2783464.0,491201.0,0.0,5061.0,3274663.0,2482.0,0.0,230.0,550.0
PER,Peru,COM,MR|MCF,MCF/LWAL/CDH+ERM/H:2/COM:3,TOTAL,4.0,178185.0,31444.0,0.0,324.0,209631.0,159.0,0.0,81.0,550.0
PER,Peru,COM,MR|MCF,MCF/LWAL/CDH+ERM/H:2/COM:3C,TOTAL,2.0,121818.0,21497.0,0.0,221.0,143315.0,109.0,0.0,110.0,551.0
PER,Peru,COM,MR|MCF,MCF/LWAL/CDH+ERM/H:2/COM:5,TOTAL,13.0,929214.0,163979.0,0.0,1689.0,1093193.0,829.0,0.0,130.0,550.0
PER,Peru,IND,MR|MCF,MCF/LWAL/CDH+ERM/H:2/IND:2,TOTAL,4.0,330842.0,110280.0,0.0,613.0,441120.0,290.0,0.0,153.0,540.0
PER,Peru,RES,MR|MCF,MCF/LWAL/CDH+ERM/H:2/RES,RURAL,589.0,76269600.0,13459340.0,3897.0,141240.0,89728940.0,51511.0,1177.0,240.0,540.0
PER,Peru,RES,MR|MCF,MCF/LWAL/CDH+ERM/H:2/RES,URBAN,230.0,37260000.0,6575295.0,1698.0,55200.0,43835295.0,20132.0,460.0,240.0,675.0
PER,Peru,COM,MR|MCF,MCF/LWAL/CDH+ERM/H:3/COM,TOTAL,21.0,13475386.0,2378007.0,0.0,24501.0,15853399.0,12028.0,0.0,1167.0,550.0
PER,Peru,COM,MR|MCF,MCF/LWAL/CDH+ERM/H:3/COM:1,TOTAL,3.0,1479485.0,261085.0,0.0,2690.0,1740570.0,1321.0,0.0,897.0,550.0
PER,Peru,COM,MR|MCF,MCF/LWAL/CDH+ERM/H:3/COM:2,TOTAL,19.0,2693669.0,475352.0,0.0,4898.0,3169019.0,2404.0,0.0,258.0,550.0
PER,Peru,COM,MR|MCF,MCF/LWAL/CDH+ERM/H:3/COM:3,TOTAL,6.0,412371.0,72771.0,0.0,750.0,485143.0,368.0,0.0,125.0,550.0
PER,Peru,COM,MR|MCF,MCF/LWAL/CDH+ERM/H:3/COM:3C,TOTAL,6.0,2142760.0,378134.0,0.0,3896.0,2520894.0,1913.0,0.0,649.0,550.0
PER,Peru,COM,MR|MCF,MCF/LWAL/CDH+ERM/H:3/COM:5,TOTAL,38.0,3149891.0,555862.0,0.0,5727.0,3705760.0,2812.0,0.0,151.0,550.0
PER,Peru,COM,MR|MCF,MCF/LWAL/CDH+ERM/H:3/COM:5B,TOTAL,1.0,66820.0,11792.0,0.0,121.0,78611.0,60.0,0.0,121.0,552.0
PER,Peru,RES,MR|MCF,MCF/LWAL/CDH+ERM/H:3/RES,RURAL,2288.0,222442200.0,39254504.0,17003.0,411930.0,261696704.0,150344.0,4577.0,180.0,540.0
PER,Peru,RES,MR|MCF,MCF/LWAL/CDH+ERM/H:3/RES,URBAN,5.0,546750.0,96486.0,22.0,810.0,643236.0,296.0,9.0,162.0,675.0
PER,Peru,RES,MR|MCF,MCF/LWAL/CDH+ERM/H:4/RES,URBAN,40.0,19014750.0,3355544.0,1167.0,28170.0,22370294.0,10289.0,313.0,704.0,675.0
PER,Peru,RES,MR|MCF,MCF/LWAL/CDH+ERM/H:5/RES,URBAN,3.0,2187000.0,385940.0,139.0,3240.0,2572940.0,1184.0,36.0,1080.0,675.0
PER,Peru,IND,MR|MCF,MCF/LWAL/CDH+ERM/H:>2/IND:1,TOTAL,3.0,407609.0,135869.0,0.0,755.0,543478.0,358.0,0.0,252.0,540.0
PER,Peru,IND,MR|MCF,MCF/LWAL/CDH+ERM/H:>2/IND:2,TOTAL,55.0,7283032.0,2427677.0,0.0,13487.0,9710716.0,6392.0,0.0,245.0,540.0
PER,Peru,IND,MR|MCF,MCF/LWAL/CDH+ERM/H:>2/IND:6,TOTAL,5.0,597503.0,199166.0,0.0,1106.0,796669.0,524.0,0.0,221.0,540.0
PER,Peru,COM,MR|MCF,MCF/LWAL/CDL+ERL/H:1/COM,TOTAL,833.0,140258837.0,24751568.0,0.0,255016.0,165010386.0,124987.0,0.0,306.0,550.0
PER,Peru,COM,MR|MCF,MCF/LWAL/CDL+ERL/H:1/COM:1,TOTAL,439.0,56061978.0,9893290.0,0.0,101931.0,65955267.0,49958.0,0.0,232.0,550.0
PER,Peru,COM,MR|MCF,MCF/LWAL/CDL+ERL/H:1/COM:2,TOTAL,480.0,26807252.0,4730689.0,0.0,48740.0,31537928.0,23889.0,0.0,102.0,550.0
PER,Peru,COM,MR|MCF,MCF/LWAL/CDL+ERL/H:1/COM:3,TOTAL,216.0,8255173.0,1456794.0,0.0,15009.0,9711971.0,7357.0,0.0,69.0,550.0
PER,Peru,COM,MR|MCF,MCF/LWAL/CDL+ERL/H:1/COM:3A,TOTAL,11.0,1453909.0,256572.0,0.0,2643.0,1710482.0,1296.0,0.0,240.0,550.0
PER,Peru,COM,MR|MCF,MCF/LWAL/CDL+ERL/H:1/COM:3B,TOTAL,15.0,336334.0,59354.0,0.0,612.0,395689.0,300.0,0.0,41.0,550.0
PER,Peru,COM,MR|MCF,MCF/LWAL/CDL+ERL/H:1/COM:3C,TOTAL,57.0,3169888.0,559395.0,0.0,5763.0,3729282.0,2825.0,0.0,101.0,550.0
PER,Peru,COM,MR|MCF,MCF/LWAL/CDL+ERL/H:1/COM:5,TOTAL,406.0,13057401.0,2304244.0,0.0,23741.0,15361647.0,11636.0,0.0,58.0,550.0
PER,Peru,COM,MR|MCF,MCF/LWAL/CDL+ERL/H:1/COM:5B,TOTAL,6.0,145542.0,25685.0,0.0,265.0,171227.0,130.0,0.0,44.0,549.0
PER,Peru,IND,MR|MCF,MCF/LWAL/CDL+ERL/H:1/IND:1,TOTAL,16.0,4991236.0,1663745.0,0.0,9243.0,6654981.0,4372.0,0.0,578.0,540.0
PER,Peru,IND,MR|MCF,MCF/LWAL/CDL+ERL/H:1/IND:2,TOTAL,109.0,13759238.0,4586415.0,0.0,25480.0,18345656.0,12053.0,0.0,234.0,540.0
PER,Peru,IND,MR|MCF,MCF/LWAL/CDL+ERL/H:1/IND:6,TOTAL,8.0,1804800.0,601601.0,0.0,3342.0,2406401.0,1581.0,0.0,418.0,540.0
PER,Peru,RES,MR|MCF,MCF/LWAL/CDL+ERL/H:1/RES,URBAN,3204.0,259524000.0,45798326.0,9661.0,384480.0,305322326.0,140120.0,3204.0,120.0,675.0
PER,Peru,RES,MR|MCF,MCF/LWAL/CDL+ERL/H:1/RES,RURAL,10636.0,689212800.0,121625767.0,25148.0,1276320.0,810838567.0,465145.0,10636.0,120.0,540.0
PER,Peru,COM,MR|MCF,MCF/LWAL/CDL+ERL/H:2/COM,TOTAL,361.0,137675636.0,24295707.0,0.0,250319.0,161971350.0,122786.0,0.0,693.0,550.0
PER,Peru,COM,MR|MCF,MCF/LWAL/CDL+ERL/H:2/COM:1,TOTAL,106.0,23108351.0,4077948.0,0.0,42015.0,27186291.0,20609.0,0.0,396.0,550.0
PER,Peru,COM,MR|MCF,MCF/LWAL/CDL+ERL/H:2/COM:2,TOTAL,281.0,31354164.0,5533086.0,0.0,57008.0,36887239.0,27964.0,0.0,203.0,550.0
PER,Peru,COM,MR|MCF,MCF/LWAL/CDL+ERL/H:2/COM:3,TOTAL,52.0,2607720.0,460191.0,0.0,4741.0,3067908.0,2326.0,0.0,91.0,550.0
PER,Peru,COM,MR|MCF,MCF/LWAL/CDL+ERL/H:2/COM:3B,TOTAL,4.0,909571.0,160513.0,0.0,1654.0,1070083.0,811.0,0.0,414.0,550.0
PER,Peru,COM,MR|MCF,MCF/LWAL/CDL+ERL/H:2/COM:3C,TOTAL,29.0,2393654.0,422409.0,0.0,4352.0,2816066.0,2135.0,0.0,150.0,550.0
PER,Peru,COM,MR|MCF,MCF/LWAL/CDL+ERL/H:2/COM:5,TOTAL,214.0,13601131.0,2400204.0,0.0,24729.0,16001326.0,12131.0,0.0,116.0,550.0
PER,Peru,COM,MR|MCF,MCF/LWAL/CDL+ERL/H:2/COM:5B,TOTAL,5.0,325638.0,57467.0,0.0,592.0,383104.0,290.0,0.0,118.0,550.0
PER,Peru,IND,MR|MCF,MCF/LWAL/CDL+ERL/H:2/IND:1,TOTAL,8.0,1611377.0,537127.0,0.0,2984.0,2148503.0,1413.0,0.0,373.0,540.0
PER,Peru,IND,MR|MCF,MCF/LWAL/CDL+ERL/H:2/IND:2,TOTAL,44.0,6307496.0,2102499.0,0.0,11681.0,8409989.0,5531.0,0.0,265.0,540.0
PER,Peru,IND,MR|MCF,MCF/LWAL/CDL+ERL/H:2/IND:6,TOTAL,1.0,84289.0,28096.0,0.0,156.0,112385.0,74.0,0.0,156.0,540.0
PER,Peru,RES,MR|MCF,MCF/LWAL/CDL+ERL/H:2/RES,RURAL,1556.0,200232000.0,35335093.0,8084.0,370800.0,235567093.0,135234.0,3090.0,238.0,540.0
PER,Peru,RES,MR|MCF,MCF/LWAL/CDL+ERL/H:2/RES,URBAN,2545.0,409293000.0,72228159.0,15160.0,606360.0,481521159.0,221145.0,5053.0,238.0,675.0
PER,Peru,COM,MR|MCF,MCF/LWAL/CDL+ERL/H:3/COM,TOTAL,425.0,238497172.0,42087745.0,0.0,433631.0,280584910.0,212879.0,0.0,1020.0,550.0
PER,Peru,COM,MR|MCF,MCF/LWAL/CDL+ERL/H:3/COM:1,TOTAL,255.0,74624006.0,13168939.0,0.0,135680.0,87792937.0,66609.0,0.0,532.0,550.0
PER,Peru,COM,MR|MCF,MCF/LWAL/CDL+ERL/H:3/COM:2,TOTAL,399.0,72099006.0,12723343.0,0.0,131089.0,84822354.0,64355.0,0.0,329.0,550.0
PER,Peru,COM,MR|MCF,MCF/LWAL/CDL+ERL/H:3/COM:3,TOTAL,129.0,12816557.0,2261740.0,0.0,23303.0,15078289.0,11440.0,0.0,181.0,550.0
PER,Peru,COM,MR|MCF,MCF/LWAL/CDL+ERL/H:3/COM:3A,TOTAL,3.0,1308967.0,230994.0,0.0,2380.0,1539962.0,1168.0,0.0,793.0,550.0
PER,Peru,COM,MR|MCF,MCF/LWAL/CDL+ERL/H:3/COM:3B,TOTAL,9.0,608207.0,107329.0,0.0,1106.0,715537.0,543.0,0.0,123.0,550.0
PER,Peru,COM,MR|MCF,MCF/LWAL/CDL+ERL/H:3/COM:3C,TOTAL,54.0,10855841.0,1915740.0,0.0,19738.0,12771582.0,9690.0,0.0,366.0,550.0
PER,Peru,COM,MR|MCF,MCF/LWAL/CDL+ERL/H:3/COM:5,TOTAL,604.0,58280397.0,10284782.0,0.0,105964.0,68565182.0,52021.0,0.0,175.0,550.0
PER,Peru,COM,MR|MCF,MCF/LWAL/CDL+ERL/H:3/COM:5B,TOTAL,8.0,718174.0,126735.0,0.0,1306.0,844909.0,641.0,0.0,163.0,550.0
PER,Peru,RES,MR|MCF,MCF/LWAL/CDL+ERL/H:3/RES,RURAL,3669.0,355557600.0,62745449.0,21075.0,658440.0,418303049.0,240315.0,7316.0,179.0,540.0
PER,Peru,RES,MR|MCF,MCF/LWAL/CDL+ERL/H:3/RES,URBAN,6648.0,807003000.0,142412297.0,44088.0,1195560.0,949415297.0,436350.0,13284.0,180.0,675.0
PER,Peru,RES,MR|MCF,MCF/LWAL/CDL+ERL/H:4/RES,URBAN,265.0,124780500.0,22020100.0,6281.0,184860.0,146800600.0,67519.0,2054.0,698.0,675.0
PER,Peru,RES,MR|MCF,MCF/LWAL/CDL+ERL/H:5/RES,URBAN,16.0,8505000.0,1500881.0,411.0,12600.0,10005881.0,4605.0,140.0,788.0,675.0
PER,Peru,IND,MR|MCF,MCF/LWAL/CDL+ERL/H:>2/IND:1,TOTAL,45.0,9018005.0,3006005.0,0.0,16700.0,12024007.0,7915.0,0.0,371.0,540.0
PER,Peru,IND,MR|MCF,MCF/LWAL/CDL+ERL/H:>2/IND:2,TOTAL,623.0,102218943.0,34072989.0,0.0,189294.0,136291911.0,89717.0,0.0,304.0,540.0
PER,Peru,IND,MR|MCF,MCF/LWAL/CDL+ERL/H:>2/IND:4,TOTAL,4.0,1079726.0,359907.0,0.0,1999.0,1439633.0,948.0,0.0,500.0,540.0
PER,Peru,IND,MR|MCF,MCF/LWAL/CDL+ERL/H:>2/IND:6,TOTAL,32.0,8761187.0,2920399.0,0.0,16224.0,11681581.0,7690.0,0.0,507.0,540.0
PER,Peru,COM,MR|MCF,MCF/LWAL/CDM+ERL/H:1/COM,TOTAL,3226.0,540239276.0,95336344.0,0.0,982253.0,635575639.0,481413.0,0.0,304.0,550.0
PER,Peru,COM,MR|MCF,MCF/LWAL/CDM+ERL/H:1/COM:1,TOTAL,1888.0,228565498.0,40335093.0,0.0,415574.0,268900572.0,203678.0,0.0,220.0,550.0
PER,Peru,COM,MR|MCF,MCF/LWAL/CDM+ERL/H:1/COM:2,TOTAL,2017.0,120287098.0,21227126.0,0.0,218704.0,141514234.0,107191.0,0.0,108.0,550.0
PER,Peru,COM,MR|MCF,MCF/LWAL/CDM+ERL/H:1/COM:3,TOTAL,804.0,31332225.0,5529214.0,0.0,56968.0,36861436.0,27921.0,0.0,71.0,550.0
PER,Peru,COM,MR|MCF,MCF/LWAL/CDM+ERL/H:1/COM:3A,TOTAL,53.0,6378908.0,1125689.0,0.0,11598.0,7504597.0,5684.0,0.0,219.0,550.0
PER,Peru,COM,MR|MCF,MCF/LWAL/CDM+ERL/H:1/COM:3B,TOTAL,65.0,1766546.0,311745.0,0.0,3212.0,2078286.0,1574.0,0.0,49.0,550.0
PER,Peru,COM,MR|MCF,MCF/LWAL/CDM+ERL/H:1/COM:3C,TOTAL,215.0,12812847.0,2261074.0,0.0,23296.0,15073937.0,11418.0,0.0,108.0,550.0
PER,Peru,COM,MR|MCF,MCF/LWAL/CDM+ERL/H:1/COM:5,TOTAL,1506.0,48973708.0,8642413.0,0.0,89043.0,57616116.0,43643.0,0.0,59.0,550.0
PER,Peru,COM,MR|MCF,MCF/LWAL/CDM+ERL/H:1/COM:5B,TOTAL,22.0,560862.0,98975.0,0.0,1020.0,659837.0,500.0,0.0,46.0,550.0
PER,Peru,IND,MR|MCF,MCF/LWAL/CDM+ERL/H:1/IND:1,TOTAL,57.0,11140949.0,3713652.0,0.0,20631.0,14854596.0,9760.0,0.0,362.0,540.0
PER,Peru,IND,MR|MCF,MCF/LWAL/CDM+ERL/H:1/IND:2,TOTAL,430.0,56980279.0,18993430.0,0.0,105519.0,75973720.0,49915.0,0.0,245.0,540.0
PER,Peru,IND,MR|MCF,MCF/LWAL/CDM+ERL/H:1/IND:4,TOTAL,5.0,1199836.0,399946.0,0.0,2222.0,1599780.0,1051.0,0.0,444.0,540.0
PER,Peru,IND,MR|MCF,MCF/LWAL/CDM+ERL/H:1/IND:6,TOTAL,35.0,8478294.0,2826097.0,0.0,15701.0,11304396.0,7427.0,0.0,449.0,540.0
PER,Peru,RES,MR|MCF,MCF/LWAL/CDM+ERL/H:1/RES,URBAN,9397.0,761157000.0,134321816.0,28670.0,1127640.0,895478816.0,410957.0,9397.0,120.0,675.0
PER,Peru,RES,MR|MCF,MCF/LWAL/CDM+ERL/H:1/RES,RURAL,77065.0,4993812000.0,881260939.0,188185.0,9247800.0,5875072939.0,3370264.0,77065.0,120.0,540.0
PER,Peru,COM,MR|MCF,MCF/LWAL/CDM+ERL/H:2/COM,TOTAL,1699.0,672281883.0,118637985.0,0.0,1222331.0,790919879.0,599572.0,0.0,719.0,550.0
PER,Peru,COM,MR|MCF,MCF/LWAL/CDM+ERL/H:2/COM:1,TOTAL,506.0,121366773.0,21417679.0,0.0,220667.0,142784443.0,108241.0,0.0,436.0,550.0
PER,Peru,COM,MR|MCF,MCF/LWAL/CDM+ERL/H:2/COM:2,TOTAL,1230.0,149780014.0,26431765.0,0.0,272327.0,176211771.0,133582.0,0.0,221.0,550.0
PER,Peru,COM,MR|MCF,MCF/LWAL/CDM+ERL/H:2/COM:3,TOTAL,237.0,13254599.0,2339053.0,0.0,24099.0,15593645.0,11821.0,0.0,102.0,550.0
PER,Peru,COM,MR|MCF,MCF/LWAL/CDM+ERL/H:2/COM:3A,TOTAL,9.0,2119825.0,374087.0,0.0,3854.0,2493910.0,1891.0,0.0,428.0,550.0
PER,Peru,COM,MR|MCF,MCF/LWAL/CDM+ERL/H:2/COM:3B,TOTAL,15.0,726068.0,128133.0,0.0,1320.0,854197.0,648.0,0.0,88.0,550.0
PER,Peru,COM,MR|MCF,MCF/LWAL/CDM+ERL/H:2/COM:3C,TOTAL,104.0,11978925.0,2113924.0,0.0,21780.0,14092853.0,10684.0,0.0,209.0,550.0
PER,Peru,COM,MR|MCF,MCF/LWAL/CDM+ERL/H:2/COM:5,TOTAL,979.0,63519733.0,11209382.0,0.0,115490.0,74729087.0,56651.0,0.0,118.0,550.0
PER,Peru,COM,MR|MCF,MCF/LWAL/CDM+ERL/H:2/COM:5B,TOTAL,28.0,1654340.0,291946.0,0.0,3008.0,1946282.0,1475.0,0.0,107.0,550.0
PER,Peru,IND,MR|MCF,MCF/LWAL/CDM+ERL/H:2/IND:1,TOTAL,19.0,3132190.0,1044063.0,0.0,5800.0,4176252.0,2746.0,0.0,305.0,540.0
PER,Peru,IND,MR|MCF,MCF/LWAL/CDM+ERL/H:2/IND:2,TOTAL,163.0,22862563.0,7620858.0,0.0,42338.0,30483409.0,20047.0,0.0,260.0,540.0
PER,Peru,IND,MR|MCF,MCF/LWAL/CDM+ERL/H:2/IND:4,TOTAL,4.0,2822030.0,940676.0,0.0,5226.0,3762706.0,2474.0,0.0,1306.0,540.0
PER,Peru,IND,MR|MCF,MCF/LWAL/CDM+ERL/H:2/IND:6,TOTAL,10.0,1489990.0,496663.0,0.0,2759.0,1986653.0,1307.0,0.0,276.0,540.0
PER,Peru,RES,MR|MCF,MCF/LWAL/CDM+ERL/H:2/RES,URBAN,11116.0,1800225000.0,317686762.0,69169.0,2667000.0,2117911762.0,972674.0,22225.0,240.0,675.0
PER,Peru,RES,MR|MCF,MCF/LWAL/CDM+ERL/H:2/RES,RURAL,17577.0,2273184000.0,401150180.0,93784.0,4209600.0,2674334180.0,1535274.0,35080.0,239.0,540.0
PER,Peru,COM,MR|MCF,MCF/LWAL/CDM+ERL/H:3/COM,TOTAL,2079.0,1033030486.0,182299485.0,0.0,1878237.0,1215329983.0,922067.0,0.0,903.0,550.0
PER,Peru,COM,MR|MCF,MCF/LWAL/CDM+ERL/H:3/COM:1,TOTAL,1132.0,393873236.0,69507052.0,0.0,716133.0,463380276.0,351565.0,0.0,633.0,550.0
PER,Peru,COM,MR|MCF,MCF/LWAL/CDM+ERL/H:3/COM:2,TOTAL,1814.0,304312085.0,53702128.0,0.0,553295.0,358014211.0,271625.0,0.0,305.0,550.0
PER,Peru,COM,MR|MCF,MCF/LWAL/CDM+ERL/H:3/COM:3,TOTAL,532.0,53206458.0,9389379.0,0.0,96739.0,62595827.0,47492.0,0.0,182.0,550.0
PER,Peru,COM,MR|MCF,MCF/LWAL/CDM+ERL/H:3/COM:3A,TOTAL,25.0,6357262.0,1121865.0,0.0,11559.0,7479128.0,5674.0,0.0,462.0,550.0
PER,Peru,COM,MR|MCF,MCF/LWAL/CDM+ERL/H:3/COM:3B,TOTAL,42.0,3165369.0,558590.0,0.0,5755.0,3723954.0,2825.0,0.0,137.0,550.0
PER,Peru,COM,MR|MCF,MCF/LWAL/CDM+ERL/H:3/COM:3C,TOTAL,252.0,40565217.0,7158571.0,0.0,73755.0,47723798.0,36208.0,0.0,293.0,550.0
PER,Peru,COM,MR|MCF,MCF/LWAL/CDM+ERL/H:3/COM:5,TOTAL,2674.0,259035046.0,45712058.0,0.0,470973.0,304747072.0,231213.0,0.0,176.0,550.0
PER,Peru,COM,MR|MCF,MCF/LWAL/CDM+ERL/H:3/COM:5B,TOTAL,74.0,6391850.0,1127969.0,0.0,11622.0,7519814.0,5705.0,0.0,157.0,550.0
PER,Peru,RES,MR|MCF,MCF/LWAL/CDM+ERL/H:3/RES,RURAL,31438.0,3051108000.0,538430775.0,180743.0,5650200.0,3589538775.0,2062185.0,62780.0,180.0,540.0
PER,Peru,RES,MR|MCF,MCF/LWAL/CDM+ERL/H:3/RES,URBAN,41333.0,5021655750.0,886174539.0,278107.0,7439490.0,5907830289.0,2715229.0,82661.0,180.0,675.0
PER,Peru,RES,MR|MCF,MCF/LWAL/CDM+ERL/H:4/RES,URBAN,1987.0,961368750.0,169653318.0,47912.0,1424250.0,1131022068.0,520198.0,15825.0,717.0,675.0
PER,Peru,RES,MR|MCF,MCF/LWAL/CDM+ERL/H:5/RES,URBAN,244.0,145982250.0,25761576.0,7204.0,216270.0,171743826.0,79049.0,2403.0,886.0,675.0
PER,Peru,IND,MR|MCF,MCF/LWAL/CDM+ERL/H:>2/IND:1,TOTAL,260.0,59629868.0,19876639.0,0.0,110426.0,79506495.0,52337.0,0.0,425.0,540.0
PER,Peru,IND,MR|MCF,MCF/LWAL/CDM+ERL/H:>2/IND:2,TOTAL,2741.0,444825116.0,148275043.0,0.0,823750.0,593100178.0,390419.0,0.0,301.0,540.0
PER,Peru,IND,MR|MCF,MCF/LWAL/CDM+ERL/H:>2/IND:4,TOTAL,19.0,6743043.0,2247682.0,0.0,12487.0,8990726.0,5918.0,0.0,657.0,540.0
PER,Peru,IND,MR|MCF,MCF/LWAL/CDM+ERL/H:>2/IND:6,TOTAL,131.0,27451382.0,9150464.0,0.0,50836.0,36601832.0,24094.0,0.0,388.0,540.0
PER,Peru,COM,MR|MCF,MCF/LWAL/CDN+ERL/H:1/COM,TOTAL,28937.0,4798190528.0,846739512.0,0.0,8723983.0,5644930095.0,4275701.0,0.0,301.0,550.0
PER,Peru,COM,MR|MCF,MCF/LWAL/CDN+ERL/H:1/COM:1,TOTAL,16625.0,1969928173.0,347634388.0,0.0,3581688.0,2317562584.0,1755419.0,0.0,215.0,550.0
PER,Peru,COM,MR|MCF,MCF/LWAL/CDN+ERL/H:1/COM:2,TOTAL,17282.0,1045707928.0,184536672.0,0.0,1901287.0,1230244629.0,931842.0,0.0,110.0,550.0
PER,Peru,COM,MR|MCF,MCF/LWAL/CDN+ERL/H:1/COM:3,TOTAL,7230.0,271652202.0,47938623.0,0.0,493913.0,319590822.0,242074.0,0.0,68.0,550.0
PER,Peru,COM,MR|MCF,MCF/LWAL/CDN+ERL/H:1/COM:3A,TOTAL,370.0,39506332.0,6971709.0,0.0,71830.0,46478037.0,35205.0,0.0,194.0,550.0
PER,Peru,COM,MR|MCF,MCF/LWAL/CDN+ERL/H:1/COM:3B,TOTAL,531.0,17705690.0,3124536.0,0.0,32192.0,20830209.0,15778.0,0.0,61.0,550.0
PER,Peru,COM,MR|MCF,MCF/LWAL/CDN+ERL/H:1/COM:3C,TOTAL,1670.0,89757426.0,15839522.0,0.0,163195.0,105596949.0,79985.0,0.0,98.0,550.0
PER,Peru,COM,MR|MCF,MCF/LWAL/CDN+ERL/H:1/COM:5,TOTAL,13329.0,427580263.0,75455319.0,0.0,777419.0,503035579.0,381026.0,0.0,58.0,550.0
PER,Peru,COM,MR|MCF,MCF/LWAL/CDN+ERL/H:1/COM:5B,TOTAL,255.0,6465616.0,1140997.0,0.0,11756.0,7606613.0,5762.0,0.0,46.0,550.0
PER,Peru,IND,MR|MCF,MCF/LWAL/CDN+ERL/H:1/IND:1,TOTAL,680.0,166258456.0,55419500.0,0.0,307886.0,221677911.0,145643.0,0.0,453.0,540.0
PER,Peru,IND,MR|MCF,MCF/LWAL/CDN+ERL/H:1/IND:2,TOTAL,4088.0,597513529.0,199171185.0,0.0,1106507.0,796684700.0,523422.0,0.0,271.0,540.0
PER,Peru,IND,MR|MCF,MCF/LWAL/CDN+ERL/H:1/IND:4,TOTAL,33.0,10623578.0,3541194.0,0.0,19673.0,14164772.0,9306.0,0.0,596.0,540.0
PER,Peru,IND,MR|MCF,MCF/LWAL/CDN+ERL/H:1/IND:6,TOTAL,312.0,78205732.0,26068583.0,0.0,144825.0,104274325.0,68508.0,0.0,464.0,540.0
PER,Peru,RES,MR|MCF,MCF/LWAL/CDN+ERL/H:1/RES,RURAL,510516.0,33081436800.0,5837900618.0,1252922.0,61261920.0,38919337418.0,22326240.0,510516.0,120.0,540.0
PER,Peru,RES,MR|MCF,MCF/LWAL/CDN+ERL/H:1/RES,URBAN,46785.0,3789585000.0,668750294.0,147378.0,5614200.0,4458335294.0,2046034.0,46785.0,120.0,675.0
PER,Peru,COM,MR|MCF,MCF/LWAL/CDN+ERL/H:2/COM,TOTAL,15421.0,6102728967.0,1076952176.0,0.0,11095871.0,7179681115.0,5442685.0,0.0,720.0,550.0
PER,Peru,COM,MR|MCF,MCF/LWAL/CDN+ERL/H:2/COM:1,TOTAL,4621.0,1114655784.0,196703962.0,0.0,2026647.0,1311359750.0,994101.0,0.0,439.0,550.0
PER,Peru,COM,MR|MCF,MCF/LWAL/CDN+ERL/H:2/COM:2,TOTAL,10712.0,1270213942.0,224155405.0,0.0,2309480.0,1494369339.0,1132837.0,0.0,216.0,550.0
PER,Peru,COM,MR|MCF,MCF/LWAL/CDN+ERL/H:2/COM:3,TOTAL,2003.0,122698467.0,21652674.0,0.0,223088.0,144351115.0,109429.0,0.0,111.0,550.0
PER,Peru,COM,MR|MCF,MCF/LWAL/CDN+ERL/H:2/COM:3A,TOTAL,44.0,4843241.0,854689.0,0.0,8806.0,5697930.0,4320.0,0.0,200.0,550.0
PER,Peru,COM,MR|MCF,MCF/LWAL/CDN+ERL/H:2/COM:3B,TOTAL,120.0,6580243.0,1161222.0,0.0,11964.0,7741463.0,5869.0,0.0,100.0,550.0
PER,Peru,COM,MR|MCF,MCF/LWAL/CDN+ERL/H:2/COM:3C,TOTAL,852.0,88824647.0,15674931.0,0.0,161499.0,104499600.0,79219.0,0.0,190.0,550.0
PER,Peru,COM,MR|MCF,MCF/LWAL/CDN+ERL/H:2/COM:5,TOTAL,7995.0,521841872.0,92089747.0,0.0,948803.0,613931554.0,465406.0,0.0,119.0,550.0
PER,Peru,COM,MR|MCF,MCF/LWAL/CDN+ERL/H:2/COM:5B,TOTAL,196.0,10440112.0,1842373.0,0.0,18982.0,12282473.0,9311.0,0.0,97.0,550.0
PER,Peru,IND,MR|MCF,MCF/LWAL/CDN+ERL/H:2/IND:1,TOTAL,198.0,45219966.0,15073330.0,0.0,83741.0,60293276.0,39651.0,0.0,423.0,540.0
PER,Peru,IND,MR|MCF,MCF/LWAL/CDN+ERL/H:2/IND:2,TOTAL,1652.0,252750268.0,84250112.0,0.0,468056.0,337000356.0,221624.0,0.0,283.0,540.0
PER,Peru,IND,MR|MCF,MCF/LWAL/CDN+ERL/H:2/IND:4,TOTAL,11.0,3638158.0,1212720.0,0.0,6737.0,4850875.0,3190.0,0.0,612.0,540.0
PER,Peru,IND,MR|MCF,MCF/LWAL/CDN+ERL/H:2/IND:6,TOTAL,64.0,13600450.0,4533482.0,0.0,25186.0,18133935.0,11926.0,0.0,394.0,540.0
PER,Peru,RES,MR|MCF,MCF/LWAL/CDN+ERL/H:2/RES,RURAL,142396.0,18452059200.0,3256245745.0,773986.0,34170480.0,21708304945.0,12462219.0,284754.0,240.0,540.0
PER,Peru,RES,MR|MCF,MCF/LWAL/CDN+ERL/H:2/RES,URBAN,63991.0,10366623000.0,1829404056.0,405333.0,15357960.0,12196027056.0,5601156.0,127983.0,240.0,675.0
PER,Peru,COM,MR|MCF,MCF/LWAL/CDN+ERL/H:3/COM,TOTAL,20892.0,10691355834.0,1886709858.0,0.0,19438829.0,12578065726.0,9542918.0,0.0,930.0,550.0
PER,Peru,COM,MR|MCF,MCF/LWAL/CDN+ERL/H:3/COM:1,TOTAL,12931.0,4638167694.0,818500185.0,0.0,8433032.0,5456667897.0,4139949.0,0.0,652.0,550.0
PER,Peru,COM,MR|MCF,MCF/LWAL/CDN+ERL/H:3/COM:2,TOTAL,17441.0,3023694605.0,533593137.0,0.0,5497627.0,3557287766.0,2698900.0,0.0,315.0,550.0
PER,Peru,COM,MR|MCF,MCF/LWAL/CDN+ERL/H:3/COM:3,TOTAL,5738.0,600880813.0,106037801.0,0.0,1092511.0,706918590.0,536337.0,0.0,190.0,550.0
PER,Peru,COM,MR|MCF,MCF/LWAL/CDN+ERL/H:3/COM:3A,TOTAL,213.0,63348273.0,11179105.0,0.0,115179.0,74527373.0,56544.0,0.0,541.0,550.0
PER,Peru,COM,MR|MCF,MCF/LWAL/CDN+ERL/H:3/COM:3B,TOTAL,404.0,37765290.0,6664460.0,0.0,68664.0,44429745.0,33709.0,0.0,170.0,550.0
PER,Peru,COM,MR|MCF,MCF/LWAL/CDN+ERL/H:3/COM:3C,TOTAL,2438.0,410634642.0,72464929.0,0.0,746608.0,483099592.0,366527.0,0.0,306.0,550.0
PER,Peru,COM,MR|MCF,MCF/LWAL/CDN+ERL/H:3/COM:5,TOTAL,26609.0,2548382950.0,449714632.0,0.0,4633424.0,2998097580.0,2274648.0,0.0,174.0,550.0
PER,Peru,COM,MR|MCF,MCF/LWAL/CDN+ERL/H:3/COM:5B,TOTAL,691.0,52138210.0,9200849.0,0.0,94797.0,61339054.0,46538.0,0.0,137.0,550.0
PER,Peru,RES,MR|MCF,MCF/LWAL/CDN+ERL/H:3/RES,URBAN,386234.0,46927856250.0,8281386392.0,2618605.0,69522750.0,55209242642.0,25374069.0,772475.0,180.0,675.0
PER,Peru,RES,MR|MCF,MCF/LWAL/CDN+ERL/H:3/RES,RURAL,232258.0,22573387800.0,3983539031.0,1349797.0,41802570.0,26556926831.0,15256899.0,464473.0,180.0,540.0
PER,Peru,RES,MR|MCF,MCF/LWAL/CDN+ERL/H:4/RES,URBAN,18033.0,8758145250.0,1545555055.0,435410.0,12975030.0,10303700305.0,4739041.0,144167.0,720.0,675.0
PER,Peru,RES,MR|MCF,MCF/LWAL/CDN+ERL/H:5/RES,URBAN,2300.0,1391661000.0,245587241.0,69026.0,2061720.0,1637248241.0,753582.0,22908.0,896.0,675.0
PER,Peru,IND,MR|MCF,MCF/LWAL/CDN+ERL/H:>2/IND:1,TOTAL,2245.0,434392523.0,144797533.0,0.0,804431.0,579190033.0,381262.0,0.0,358.0,540.0
PER,Peru,IND,MR|MCF,MCF/LWAL/CDN+ERL/H:>2/IND:2,TOTAL,29613.0,4809691302.0,1603230427.0,0.0,8906836.0,6412921783.0,4221407.0,0.0,301.0,540.0
PER,Peru,IND,MR|MCF,MCF/LWAL/CDN+ERL/H:>2/IND:4,TOTAL,93.0,28591444.0,9530486.0,0.0,52947.0,38121923.0,25094.0,0.0,569.0,540.0
PER,Peru,IND,MR|MCF,MCF/LWAL/CDN+ERL/H:>2/IND:6,TOTAL,1245.0,306564777.0,102188258.0,0.0,567713.0,408753017.0,269069.0,0.0,456.0,540.0
PER,Peru,RES,ADO|ST|E,MUR+ADO/LWAL/CDN+ERN/H:1/RES,RURAL,1604480.0,36100800000.0,6370729400.0,3938371.0,120336000.0,42471529400.0,54877228.0,1604480.0,75.0,300.0
PER,Peru,RES,ADO|ST|E,MUR+ADO/LWAL/CDN+ERN/H:1/RES,URBAN,46594.0,1292983500.0,228173559.0,145728.0,3494550.0,1521157059.0,1593632.0,46594.0,75.0,370.0
PER,Peru,RES,ADO|ST|E,MUR+ADO/LWAL/CDN+ERN/H:2/RES,RURAL,296178.0,7497286500.0,1323050554.0,1235387.0,24990955.0,8820337054.0,11403240.0,444284.0,84.0,300.0
PER,Peru,RES,ADO|ST|E,MUR+ADO/LWAL/CDN+ERN/H:2/RES,URBAN,103587.0,3233801850.0,570670920.0,507933.0,8740005.0,3804472770.0,3988017.0,155378.0,84.0,370.0
PER,Peru,RES,ADO|ST|E,MUR+ST/LWAL/CDN+ERN/H:1/RES,RURAL,62778.0,1412505000.0,249265643.0,123628.0,4708350.0,1661770643.0,2147168.0,62778.0,75.0,300.0
PER,Peru,RES,ADO|ST|E,MUR+ST/LWAL/CDN+ERN/H:1/RES,URBAN,19721.0,547257750.0,96574881.0,55016.0,1479075.0,643832631.0,674509.0,19721.0,75.0,370.0
PER,Peru,RES,ADO|ST|E,MUR+ST/LWAL/CDN+ERN/H:2/RES,URBAN,35214.0,732887860.0,129333143.0,107282.0,1980778.0,862221003.0,903819.0,35214.0,56.0,370.0
PER,Peru,RES,ADO|ST|E,MUR+ST/LWAL/CDN+ERN/H:2/RES,RURAL,9806.0,165459900.0,29198813.0,19545.0,551533.0,194658713.0,251663.0,9806.0,56.0,300.0
PER,Peru,COM,MUR,MUR/LWAL/CDN+ERN/H:1/COM,TOTAL,30833.0,4582898369.0,1145724582.0,0.0,9547705.0,5728622947.0,5783290.0,0.0,310.0,480.0
PER,Peru,COM,MUR,MUR/LWAL/CDN+ERN/H:1/COM:1,TOTAL,18173.0,1914515552.0,478628925.0,0.0,3988574.0,2393144481.0,2415984.0,0.0,219.0,480.0
PER,Peru,COM,MUR,MUR/LWAL/CDN+ERN/H:1/COM:2,TOTAL,1535.0,88814848.0,22203715.0,0.0,185031.0,111018567.0,112079.0,0.0,121.0,480.0
PER,Peru,COM,MUR,MUR/LWAL/CDN+ERN/H:1/COM:3,TOTAL,4783.0,181856653.0,45464170.0,0.0,378868.0,227320817.0,229492.0,0.0,79.0,480.0
PER,Peru,COM,MUR,MUR/LWAL/CDN+ERN/H:1/COM:3A,TOTAL,382.0,34370603.0,8592657.0,0.0,71605.0,42963254.0,43374.0,0.0,187.0,480.0
PER,Peru,COM,MUR,MUR/LWAL/CDN+ERN/H:1/COM:3B,TOTAL,509.0,11419339.0,2854836.0,0.0,23790.0,14274173.0,14411.0,0.0,47.0,480.0
PER,Peru,COM,MUR,MUR/LWAL/CDN+ERN/H:1/COM:3C,TOTAL,1463.0,76050512.0,19012632.0,0.0,158439.0,95063144.0,95972.0,0.0,108.0,480.0
PER,Peru,COM,MUR,MUR/LWAL/CDN+ERN/H:1/COM:5,TOTAL,13044.0,358879031.0,89719770.0,0.0,747665.0,448598803.0,452885.0,0.0,57.0,480.0
PER,Peru,COM,MUR,MUR/LWAL/CDN+ERN/H:1/COM:5B,TOTAL,304.0,6618850.0,1654711.0,0.0,13789.0,8273558.0,8353.0,0.0,45.0,480.0
PER,Peru,RES,MUR,MUR/LWAL/CDN+ERN/H:1/RES,URBAN,56289.0,2533005000.0,633251250.0,177302.0,4221675.0,3166256250.0,1925225.0,56289.0,75.0,600.0
PER,Peru,RES,MUR,MUR/LWAL/CDN+ERN/H:1/RES,RURAL,879648.0,31667328000.0,7916832000.0,2098405.0,65973600.0,39584160000.0,30086164.0,879648.0,75.0,480.0
PER,Peru,COM,MUR,MUR/LWAL/CDN+ERN/H:2/COM,TOTAL,21382.0,7326131097.0,1831532774.0,0.0,15262773.0,9157663890.0,9250686.0,0.0,714.0,480.0
PER,Peru,COM,MUR,MUR/LWAL/CDN+ERN/H:2/COM:1,TOTAL,6827.0,1417308215.0,354327066.0,0.0,2952725.0,1771635270.0,1789632.0,0.0,433.0,480.0
PER,Peru,COM,MUR,MUR/LWAL/CDN+ERN/H:2/COM:2,TOTAL,1142.0,128357877.0,32089466.0,0.0,267412.0,160447351.0,162078.0,0.0,234.0,480.0
PER,Peru,COM,MUR,MUR/LWAL/CDN+ERN/H:2/COM:3,TOTAL,1800.0,107125226.0,26781295.0,0.0,223178.0,133906515.0,135268.0,0.0,124.0,480.0
PER,Peru,COM,MUR,MUR/LWAL/CDN+ERN/H:2/COM:3A,TOTAL,73.0,11081937.0,2770486.0,0.0,23087.0,13852421.0,13993.0,0.0,316.0,480.0
PER,Peru,COM,MUR,MUR/LWAL/CDN+ERN/H:2/COM:3B,TOTAL,161.0,7104723.0,1776178.0,0.0,14802.0,8880905.0,8971.0,0.0,92.0,480.0
PER,Peru,COM,MUR,MUR/LWAL/CDN+ERN/H:2/COM:3C,TOTAL,931.0,88187161.0,22046798.0,0.0,183723.0,110233958.0,111355.0,0.0,197.0,480.0
PER,Peru,COM,MUR,MUR/LWAL/CDN+ERN/H:2/COM:5,TOTAL,9822.0,541350228.0,135337560.0,0.0,1127813.0,676687768.0,683566.0,0.0,115.0,480.0
PER,Peru,COM,MUR,MUR/LWAL/CDN+ERN/H:2/COM:5B,TOTAL,280.0,13495565.0,3373889.0,0.0,28116.0,16869462.0,17041.0,0.0,100.0,480.0
PER,Peru,RES,MUR,MUR/LWAL/CDN+ERN/H:2/RES,URBAN,139347.0,4702962600.0,1175740650.0,448066.0,7838271.0,5878703250.0,3576560.0,139347.0,56.0,600.0
PER,Peru,RES,MUR,MUR/LWAL/CDN+ERN/H:2/RES,RURAL,275201.0,7430409600.0,1857602400.0,777011.0,15480020.0,9288012000.0,7063453.0,275201.0,56.0,480.0
PER,Peru,RES,MUR,MUR/LWAL/CDN+ERN/H:3/RES,RURAL,304835.0,16460707680.0,4115176920.0,1819937.0,34293141.0,20575884600.0,15656736.0,609656.0,112.0,480.0
PER,Peru,RES,MUR,MUR/LWAL/CDN+ERN/H:3/RES,URBAN,430459.0,29056183200.0,7264045800.0,2947486.0,48426972.0,36320229000.0,22109613.0,860924.0,113.0,600.0
PER,Peru,COM,S,S+SL/LFM/CDH+ERH/H:1/COM:1,TOTAL,2.0,552420.0,138105.0,0.0,773.0,690525.0,269.0,0.0,386.0,715.0
PER,Peru,COM,S,S+SL/LFM/CDH+ERH/H:1/COM:2,TOTAL,38.0,3725220.0,931306.0,0.0,5210.0,4656525.0,1812.0,0.0,137.0,715.0
PER,Peru,COM,S,S+SL/LFM/CDH+ERH/H:1/COM:3B,TOTAL,9.0,1516205.0,379050.0,0.0,2121.0,1895255.0,738.0,0.0,236.0,715.0
PER,Peru,COM,S,S+SL/LFM/CDH+ERH/H:1/COM:3C,TOTAL,58.0,3469538.0,867385.0,0.0,4852.0,4336922.0,1688.0,0.0,84.0,715.0
PER,Peru,COM,S,S+SL/LFM/CDH+ERH/H:1/COM:5,TOTAL,292.0,15079392.0,3769854.0,0.0,21090.0,18849251.0,7337.0,0.0,72.0,715.0
PER,Peru,IND,S,S+SL/LFM/CDH+ERH/H:1/IND:1,TOTAL,34.0,5540546.0,2374520.0,0.0,8395.0,7915067.0,2660.0,0.0,247.0,660.0
PER,Peru,IND,S,S+SL/LFM/CDH+ERH/H:1/IND:2,TOTAL,225.0,48828361.0,20926439.0,0.0,73982.0,69754811.0,23446.0,0.0,329.0,660.0
PER,Peru,IND,S,S+SL/LFM/CDH+ERH/H:1/IND:4,TOTAL,8.0,3299197.0,1413942.0,0.0,4999.0,4713140.0,1584.0,0.0,625.0,660.0
PER,Peru,COM,S,S+SL/LFM/CDH+ERH/H:2/COM:1,TOTAL,1.0,58601.0,14650.0,0.0,82.0,73251.0,29.0,0.0,82.0,715.0
PER,Peru,COM,S,S+SL/LFM/CDH+ERH/H:2/COM:2,TOTAL,31.0,8064812.0,2016204.0,0.0,11279.0,10081015.0,3926.0,0.0,364.0,715.0
PER,Peru,COM,S,S+SL/LFM/CDH+ERH/H:2/COM:3,TOTAL,1.0,61031.0,15258.0,0.0,85.0,76288.0,30.0,0.0,85.0,718.0
PER,Peru,COM,S,S+SL/LFM/CDH+ERH/H:2/COM:3B,TOTAL,1.0,59536.0,14884.0,0.0,83.0,74420.0,29.0,0.0,83.0,717.0
PER,Peru,COM,S,S+SL/LFM/CDH+ERH/H:2/COM:3C,TOTAL,19.0,4888272.0,1222066.0,0.0,6837.0,6110342.0,2380.0,0.0,360.0,715.0
PER,Peru,COM,S,S+SL/LFM/CDH+ERH/H:2/COM:5,TOTAL,204.0,18566838.0,4641709.0,0.0,25968.0,23208537.0,9038.0,0.0,127.0,715.0
PER,Peru,IND,S,S+SL/LFM/CDH+ERH/H:2/IND:1,TOTAL,8.0,1359375.0,582588.0,0.0,2060.0,1941963.0,653.0,0.0,258.0,660.0
PER,Peru,IND,S,S+SL/LFM/CDH+ERH/H:2/IND:2,TOTAL,130.0,22779877.0,9762806.0,0.0,34515.0,32542679.0,10946.0,0.0,266.0,660.0
PER,Peru,IND,S,S+SL/LFM/CDH+ERH/H:2/IND:4,TOTAL,1.0,178731.0,76599.0,0.0,271.0,255330.0,86.0,0.0,271.0,660.0
PER,Peru,COM,S,S+SL/LFM/CDH+ERH/H:3/COM:2,TOTAL,10.0,6449612.0,1612404.0,0.0,9020.0,8062017.0,3141.0,0.0,902.0,715.0
PER,Peru,COM,S,S+SL/LFM/CDH+ERH/H:3/COM:3B,TOTAL,3.0,1731202.0,432800.0,0.0,2421.0,2164001.0,843.0,0.0,807.0,715.0
PER,Peru,COM,S,S+SL/LFM/CDH+ERH/H:3/COM:3C,TOTAL,51.0,9537567.0,2384391.0,0.0,13339.0,11921959.0,4645.0,0.0,262.0,715.0
PER,Peru,COM,S,S+SL/LFM/CDH+ERH/H:3/COM:5,TOTAL,407.0,61365286.0,15341310.0,0.0,85826.0,76706605.0,29889.0,0.0,211.0,715.0
PER,Peru,COM,S,S+SL/LFM/CDH+ERH/H:4/COM:1,TOTAL,3.0,611531.0,152882.0,0.0,855.0,764413.0,298.0,0.0,285.0,715.0
PER,Peru,COM,S,S+SL/LFM/CDH+ERH/H:4/COM:2,TOTAL,52.0,33266963.0,8316735.0,0.0,46527.0,41583696.0,16212.0,0.0,895.0,715.0
PER,Peru,COM,S,S+SL/LFM/CDH+ERH/H:4/COM:3B,TOTAL,6.0,3199133.0,799782.0,0.0,4474.0,3998914.0,1559.0,0.0,746.0,715.0
PER,Peru,COM,S,S+SL/LFM/CDH+ERH/H:4/COM:3C,TOTAL,158.0,34226093.0,8556524.0,0.0,47869.0,42782612.0,16679.0,0.0,303.0,715.0
PER,Peru,COM,S,S+SL/LFM/CDH+ERH/H:4/COM:5,TOTAL,1181.0,211440329.0,52860094.0,0.0,295721.0,264300413.0,103041.0,0.0,250.0,715.0
PER,Peru,COM,S,S+SL/LFM/CDH+ERH/H:5-7/COM:2,TOTAL,35.0,27010622.0,6752656.0,0.0,37777.0,33763277.0,13178.0,0.0,1079.0,715.0
PER,Peru,COM,S,S+SL/LFM/CDH+ERH/H:5-7/COM:3B,TOTAL,3.0,3655556.0,913888.0,0.0,5113.0,4569445.0,1783.0,0.0,1704.0,715.0
PER,Peru,COM,S,S+SL/LFM/CDH+ERH/H:5-7/COM:3C,TOTAL,86.0,34142148.0,8535530.0,0.0,47751.0,42677692.0,16657.0,0.0,555.0,715.0
PER,Peru,COM,S,S+SL/LFM/CDH+ERH/H:5-7/COM:5,TOTAL,692.0,175975240.0,43993820.0,0.0,246119.0,219969059.0,85853.0,0.0,356.0,715.0
PER,Peru,IND,S,S+SL/LFM/CDH+ERH/H:>2/IND:1,TOTAL,178.0,42514804.0,18220638.0,0.0,64416.0,60735443.0,20444.0,0.0,362.0,660.0
PER,Peru,IND,S,S+SL/LFM/CDH+ERH/H:>2/IND:2,TOTAL,1950.0,445725755.0,191025334.0,0.0,675342.0,636751054.0,214329.0,0.0,346.0,660.0
PER,Peru,IND,S,S+SL/LFM/CDH+ERH/H:>2/IND:4,TOTAL,13.0,6899589.0,2956968.0,0.0,10454.0,9856556.0,3318.0,0.0,804.0,660.0
PER,Peru,COM,S,S+SL/LFM/CDH+ERH/H:>7/COM:2,TOTAL,1.0,489005.0,122251.0,0.0,684.0,611257.0,239.0,0.0,684.0,715.0
PER,Peru,COM,S,S+SL/LFM/CDH+ERH/H:>7/COM:3C,TOTAL,9.0,4038450.0,1009614.0,0.0,5648.0,5048064.0,1972.0,0.0,628.0,715.0
PER,Peru,COM,S,S+SL/LFM/CDH+ERH/H:>7/COM:5,TOTAL,78.0,28931903.0,7232977.0,0.0,40464.0,36164881.0,14131.0,0.0,519.0,715.0
PER,Peru,COM,S,S+SL/LFM/CDH+ERM/H:1/COM:3C,TOTAL,1.0,39813.0,9953.0,0.0,56.0,49767.0,19.0,0.0,56.0,711.0
PER,Peru,COM,S,S+SL/LFM/CDH+ERM/H:1/COM:5,TOTAL,4.0,126552.0,31638.0,0.0,177.0,158190.0,62.0,0.0,44.0,715.0
PER,Peru,IND,S,S+SL/LFM/CDH+ERM/H:1/IND:2,TOTAL,5.0,752198.0,322371.0,0.0,1140.0,1074566.0,361.0,0.0,228.0,660.0
PER,Peru,COM,S,S+SL/LFM/CDH+ERM/H:2/COM:3C,TOTAL,1.0,79627.0,19907.0,0.0,111.0,99534.0,39.0,0.0,111.0,717.0
PER,Peru,IND,S,S+SL/LFM/CDH+ERM/H:2/IND:2,TOTAL,1.0,101951.0,43693.0,0.0,154.0,145645.0,49.0,0.0,154.0,662.0
PER,Peru,COM,S,S+SL/LFM/CDH+ERM/H:3/COM:5,TOTAL,3.0,271455.0,67864.0,0.0,380.0,339319.0,132.0,0.0,127.0,714.0
PER,Peru,COM,S,S+SL/LFM/CDH+ERM/H:4/COM:2,TOTAL,1.0,246119.0,61530.0,0.0,344.0,307649.0,120.0,0.0,344.0,715.0
PER,Peru,COM,S,S+SL/LFM/CDH+ERM/H:4/COM:3C,TOTAL,1.0,159254.0,39813.0,0.0,223.0,199067.0,78.0,0.0,223.0,714.0
PER,Peru,COM,S,S+SL/LFM/CDH+ERM/H:4/COM:5,TOTAL,11.0,2262438.0,565609.0,0.0,3164.0,2828048.0,1103.0,0.0,288.0,715.0
PER,Peru,COM,S,S+SL/LFM/CDH+ERM/H:5-7/COM:3C,TOTAL,1.0,238880.0,59720.0,0.0,334.0,298601.0,117.0,0.0,334.0,715.0
PER,Peru,COM,S,S+SL/LFM/CDH+ERM/H:5-7/COM:5,TOTAL,4.0,3634846.0,908712.0,0.0,5084.0,4543558.0,1773.0,0.0,1271.0,715.0
PER,Peru,IND,S,S+SL/LFM/CDH+ERM/H:>2/IND:1,TOTAL,1.0,801837.0,343644.0,0.0,1215.0,1145481.0,386.0,0.0,1215.0,660.0
PER,Peru,IND,S,S+SL/LFM/CDH+ERM/H:>2/IND:2,TOTAL,15.0,4304251.0,1844678.0,0.0,6522.0,6148925.0,2070.0,0.0,435.0,660.0
PER,Peru,COM,S,S+SL/LFM/CDL+ERL/H:1/COM:2,TOTAL,10.0,2230290.0,557573.0,0.0,3119.0,2787863.0,1085.0,0.0,312.0,715.0
PER,Peru,COM,S,S+SL/LFM/CDL+ERL/H:1/COM:3B,TOTAL,1.0,71988.0,17997.0,0.0,101.0,89985.0,35.0,0.0,101.0,713.0
PER,Peru,COM,S,S+SL/LFM/CDL+ERL/H:1/COM:3C,TOTAL,7.0,279365.0,69842.0,0.0,391.0,349207.0,136.0,0.0,56.0,714.0
PER,Peru,COM,S,S+SL/LFM/CDL+ERL/H:1/COM:5,TOTAL,39.0,1814946.0,453735.0,0.0,2538.0,2268680.0,883.0,0.0,65.0,715.0
PER,Peru,IND,S,S+SL/LFM/CDL+ERL/H:1/IND:1,TOTAL,3.0,497191.0,213082.0,0.0,753.0,710274.0,239.0,0.0,251.0,660.0
PER,Peru,IND,S,S+SL/LFM/CDL+ERL/H:1/IND:2,TOTAL,37.0,7376731.0,3161458.0,0.0,11177.0,10538188.0,3542.0,0.0,302.0,660.0
PER,Peru,IND,S,S+SL/LFM/CDL+ERL/H:1/IND:4,TOTAL,1.0,166300.0,71272.0,0.0,252.0,237572.0,80.0,0.0,252.0,660.0
PER,Peru,COM,S,S+SL/LFM/CDL+ERL/H:2/COM:2,TOTAL,2.0,243874.0,60968.0,0.0,341.0,304843.0,119.0,0.0,170.0,715.0
PER,Peru,COM,S,S+SL/LFM/CDL+ERL/H:2/COM:3C,TOTAL,4.0,321251.0,80313.0,0.0,449.0,401564.0,156.0,0.0,112.0,715.0
PER,Peru,COM,S,S+SL/LFM/CDL+ERL/H:2/COM:5,TOTAL,19.0,2073851.0,518464.0,0.0,2900.0,2592316.0,1010.0,0.0,153.0,715.0
PER,Peru,IND,S,S+SL/LFM/CDL+ERL/H:2/IND:1,TOTAL,1.0,173895.0,74526.0,0.0,263.0,248422.0,84.0,0.0,263.0,661.0
PER,Peru,IND,S,S+SL/LFM/CDL+ERL/H:2/IND:2,TOTAL,5.0,1209914.0,518535.0,0.0,1833.0,1728448.0,581.0,0.0,367.0,660.0
PER,Peru,COM,S,S+SL/LFM/CDL+ERL/H:3/COM:2,TOTAL,2.0,370288.0,92572.0,0.0,518.0,462859.0,180.0,0.0,259.0,715.0
PER,Peru,COM,S,S+SL/LFM/CDL+ERL/H:3/COM:3C,TOTAL,10.0,1794558.0,448639.0,0.0,2510.0,2243199.0,874.0,0.0,251.0,715.0
PER,Peru,COM,S,S+SL/LFM/CDL+ERL/H:3/COM:5,TOTAL,46.0,5142591.0,1285644.0,0.0,7192.0,6428237.0,2505.0,0.0,156.0,715.0
PER,Peru,COM,S,S+SL/LFM/CDL+ERL/H:4/COM:2,TOTAL,5.0,1963444.0,490860.0,0.0,2746.0,2454304.0,957.0,0.0,549.0,715.0
PER,Peru,COM,S,S+SL/LFM/CDL+ERL/H:4/COM:3B,TOTAL,2.0,536931.0,134232.0,0.0,751.0,671163.0,262.0,0.0,376.0,715.0
PER,Peru,COM,S,S+SL/LFM/CDL+ERL/H:4/COM:3C,TOTAL,26.0,6981971.0,1745493.0,0.0,9765.0,8727461.0,3403.0,0.0,376.0,715.0
PER,Peru,COM,S,S+SL/LFM/CDL+ERL/H:4/COM:5,TOTAL,134.0,28976740.0,7244182.0,0.0,40527.0,36220918.0,14121.0,0.0,302.0,715.0
PER,Peru,COM,S,S+SL/LFM/CDL+ERL/H:5-7/COM:2,TOTAL,6.0,3331187.0,832795.0,0.0,4659.0,4163984.0,1625.0,0.0,776.0,715.0
PER,Peru,COM,S,S+SL/LFM/CDL+ERL/H:5-7/COM:3B,TOTAL,1.0,176010.0,44003.0,0.0,246.0,220013.0,86.0,0.0,246.0,715.0
PER,Peru,COM,S,S+SL/LFM/CDL+ERL/H:5-7/COM:3C,TOTAL,10.0,7390804.0,1847701.0,0.0,10337.0,9238506.0,3606.0,0.0,1034.0,715.0
PER,Peru,COM,S,S+SL/LFM/CDL+ERL/H:5-7/COM:5,TOTAL,95.0,25075455.0,6268867.0,0.0,35071.0,31344328.0,12234.0,0.0,369.0,715.0
PER,Peru,IND,S,S+SL/LFM/CDL+ERL/H:>2/IND:1,TOTAL,19.0,3831705.0,1642160.0,0.0,5806.0,5473863.0,1843.0,0.0,306.0,660.0
PER,Peru,IND,S,S+SL/LFM/CDL+ERL/H:>2/IND:2,TOTAL,160.0,36783456.0,15764348.0,0.0,55733.0,52547804.0,17688.0,0.0,348.0,660.0
PER,Peru,IND,S,S+SL/LFM/CDL+ERL/H:>2/IND:4,TOTAL,2.0,1871136.0,801915.0,0.0,2835.0,2673051.0,900.0,0.0,1418.0,660.0
PER,Peru,COM,S,S+SL/LFM/CDL+ERL/H:>7/COM:5,TOTAL,10.0,4577820.0,1144456.0,0.0,6403.0,5722274.0,2236.0,0.0,640.0,715.0
PER,Peru,COM,S,S+SL/LFM/CDM+ERL/H:1/COM:1,TOTAL,6.0,700124.0,175032.0,0.0,979.0,875155.0,341.0,0.0,163.0,715.0
PER,Peru,COM,S,S+SL/LFM/CDM+ERL/H:1/COM:2,TOTAL,18.0,2898540.0,724637.0,0.0,4054.0,3623176.0,1410.0,0.0,225.0,715.0
PER,Peru,COM,S,S+SL/LFM/CDM+ERL/H:1/COM:3,TOTAL,1.0,60935.0,15234.0,0.0,85.0,76169.0,30.0,0.0,85.0,717.0
PER,Peru,COM,S,S+SL/LFM/CDM+ERL/H:1/COM:3B,TOTAL,5.0,679343.0,169835.0,0.0,950.0,849178.0,331.0,0.0,190.0,715.0
PER,Peru,COM,S,S+SL/LFM/CDM+ERL/H:1/COM:3C,TOTAL,27.0,3576281.0,894066.0,0.0,5002.0,4470349.0,1740.0,0.0,185.0,715.0
PER,Peru,COM,S,S+SL/LFM/CDM+ERL/H:1/COM:5,TOTAL,137.0,7227754.0,1806941.0,0.0,10109.0,9034695.0,3517.0,0.0,74.0,715.0
PER,Peru,IND,S,S+SL/LFM/CDM+ERL/H:1/IND:1,TOTAL,22.0,4209141.0,1803919.0,0.0,6377.0,6013061.0,2021.0,0.0,290.0,660.0
PER,Peru,IND,S,S+SL/LFM/CDM+ERL/H:1/IND:2,TOTAL,119.0,23350204.0,10007234.0,0.0,35379.0,33357433.0,11212.0,0.0,297.0,660.0
PER,Peru,IND,S,S+SL/LFM/CDM+ERL/H:1/IND:4,TOTAL,2.0,1595975.0,683989.0,0.0,2418.0,2279964.0,766.0,0.0,1209.0,660.0
PER,Peru,COM,S,S+SL/LFM/CDM+ERL/H:2/COM:1,TOTAL,1.0,58521.0,14630.0,0.0,82.0,73152.0,28.0,0.0,82.0,714.0
PER,Peru,COM,S,S+SL/LFM/CDM+ERL/H:2/COM:2,TOTAL,14.0,2277828.0,569457.0,0.0,3186.0,2847286.0,1109.0,0.0,228.0,715.0
PER,Peru,COM,S,S+SL/LFM/CDM+ERL/H:2/COM:3C,TOTAL,18.0,1727870.0,431970.0,0.0,2417.0,2159836.0,841.0,0.0,134.0,715.0
PER,Peru,COM,S,S+SL/LFM/CDM+ERL/H:2/COM:5,TOTAL,70.0,7184251.0,1796065.0,0.0,10048.0,8980311.0,3497.0,0.0,144.0,715.0
PER,Peru,IND,S,S+SL/LFM/CDM+ERL/H:2/IND:1,TOTAL,3.0,500285.0,214408.0,0.0,758.0,714693.0,240.0,0.0,253.0,660.0
PER,Peru,IND,S,S+SL/LFM/CDM+ERL/H:2/IND:2,TOTAL,56.0,11171034.0,4787591.0,0.0,16926.0,15958623.0,5368.0,0.0,302.0,660.0
PER,Peru,IND,S,S+SL/LFM/CDM+ERL/H:2/IND:4,TOTAL,1.0,169240.0,72532.0,0.0,256.0,241772.0,81.0,0.0,256.0,661.0
PER,Peru,COM,S,S+SL/LFM/CDM+ERL/H:3/COM:2,TOTAL,5.0,932249.0,233063.0,0.0,1304.0,1165312.0,454.0,0.0,261.0,715.0
PER,Peru,COM,S,S+SL/LFM/CDM+ERL/H:3/COM:3B,TOTAL,1.0,88880.0,22220.0,0.0,124.0,111100.0,43.0,0.0,124.0,717.0
PER,Peru,COM,S,S+SL/LFM/CDM+ERL/H:3/COM:3C,TOTAL,24.0,3173920.0,793480.0,0.0,4439.0,3967399.0,1546.0,0.0,185.0,715.0
PER,Peru,COM,S,S+SL/LFM/CDM+ERL/H:3/COM:5,TOTAL,182.0,19435790.0,4858932.0,0.0,27183.0,24294719.0,9467.0,0.0,149.0,715.0
PER,Peru,COM,S,S+SL/LFM/CDM+ERL/H:4/COM:1,TOTAL,3.0,2119946.0,529986.0,0.0,2965.0,2649933.0,1033.0,0.0,988.0,715.0
PER,Peru,COM,S,S+SL/LFM/CDM+ERL/H:4/COM:2,TOTAL,23.0,7499864.0,1874963.0,0.0,10489.0,9374826.0,3655.0,0.0,456.0,715.0
PER,Peru,COM,S,S+SL/LFM/CDM+ERL/H:4/COM:3B,TOTAL,3.0,481863.0,120466.0,0.0,674.0,602329.0,235.0,0.0,225.0,715.0
PER,Peru,COM,S,S+SL/LFM/CDM+ERL/H:4/COM:3C,TOTAL,80.0,22699659.0,5674916.0,0.0,31748.0,28374576.0,11062.0,0.0,397.0,715.0
PER,Peru,COM,S,S+SL/LFM/CDM+ERL/H:4/COM:5,TOTAL,552.0,100004402.0,25001096.0,0.0,139866.0,125005481.0,48735.0,0.0,253.0,715.0
PER,Peru,COM,S,S+SL/LFM/CDM+ERL/H:5-7/COM:2,TOTAL,12.0,13825339.0,3456334.0,0.0,19336.0,17281674.0,6745.0,0.0,1611.0,715.0
PER,Peru,COM,S,S+SL/LFM/CDM+ERL/H:5-7/COM:3B,TOTAL,3.0,982856.0,245714.0,0.0,1375.0,1228570.0,480.0,0.0,458.0,715.0
PER,Peru,COM,S,S+SL/LFM/CDM+ERL/H:5-7/COM:3C,TOTAL,37.0,11843505.0,2960876.0,0.0,16564.0,14804384.0,5778.0,0.0,448.0,715.0
PER,Peru,COM,S,S+SL/LFM/CDM+ERL/H:5-7/COM:5,TOTAL,322.0,88090309.0,22022578.0,0.0,123203.0,110112882.0,42977.0,0.0,383.0,715.0
PER,Peru,IND,S,S+SL/LFM/CDM+ERL/H:>2/IND:1,TOTAL,83.0,20750390.0,8893025.0,0.0,31440.0,29643418.0,9978.0,0.0,379.0,660.0
PER,Peru,IND,S,S+SL/LFM/CDM+ERL/H:>2/IND:2,TOTAL,876.0,204986374.0,87851320.0,0.0,310585.0,292837678.0,98569.0,0.0,355.0,660.0
PER,Peru,IND,S,S+SL/LFM/CDM+ERL/H:>2/IND:4,TOTAL,7.0,1887010.0,808719.0,0.0,2859.0,2695729.0,907.0,0.0,408.0,660.0
PER,Peru,COM,S,S+SL/LFM/CDM+ERL/H:>7/COM:2,TOTAL,1.0,1218978.0,304744.0,0.0,1705.0,1523722.0,595.0,0.0,1705.0,715.0
PER,Peru,COM,S,S+SL/LFM/CDM+ERL/H:>7/COM:3C,TOTAL,3.0,1784387.0,446097.0,0.0,2496.0,2230484.0,872.0,0.0,832.0,715.0
PER,Peru,COM,S,S+SL/LFM/CDM+ERL/H:>7/COM:5,TOTAL,34.0,10987040.0,2746760.0,0.0,15366.0,13733803.0,5366.0,0.0,452.0,715.0
PER,Peru,COM,S,S+SL/LFM/CDN+ERL/H:1/COM:1,TOTAL,15.0,1574962.0,393740.0,0.0,2203.0,1968703.0,766.0,0.0,147.0,715.0
PER,Peru,COM,S,S+SL/LFM/CDN+ERL/H:1/COM:2,TOTAL,143.0,17322764.0,4330695.0,0.0,24228.0,21653451.0,8428.0,0.0,169.0,715.0
PER,Peru,COM,S,S+SL/LFM/CDN+ERL/H:1/COM:3,TOTAL,6.0,403140.0,100785.0,0.0,564.0,503925.0,196.0,0.0,94.0,715.0
PER,Peru,COM,S,S+SL/LFM/CDN+ERL/H:1/COM:3B,TOTAL,43.0,6696961.0,1674242.0,0.0,9366.0,8371201.0,3258.0,0.0,218.0,715.0
PER,Peru,COM,S,S+SL/LFM/CDN+ERL/H:1/COM:3C,TOTAL,202.0,15196872.0,3799221.0,0.0,21254.0,18996097.0,7394.0,0.0,105.0,715.0
PER,Peru,COM,S,S+SL/LFM/CDN+ERL/H:1/COM:5,TOTAL,1146.0,52402606.0,13100669.0,0.0,73290.0,65503277.0,25496.0,0.0,64.0,715.0
PER,Peru,IND,S,S+SL/LFM/CDN+ERL/H:1/IND:1,TOTAL,146.0,33767965.0,14471991.0,0.0,51164.0,48239955.0,16214.0,0.0,350.0,660.0
PER,Peru,IND,S,S+SL/LFM/CDN+ERL/H:1/IND:2,TOTAL,1264.0,243461131.0,104340485.0,0.0,368881.0,347801628.0,116903.0,0.0,292.0,660.0
PER,Peru,IND,S,S+SL/LFM/CDN+ERL/H:1/IND:4,TOTAL,30.0,11611931.0,4976542.0,0.0,17594.0,16588471.0,5576.0,0.0,586.0,660.0
PER,Peru,COM,S,S+SL/LFM/CDN+ERL/H:2/COM:2,TOTAL,71.0,25382545.0,6345632.0,0.0,35500.0,31728176.0,12356.0,0.0,500.0,715.0
PER,Peru,COM,S,S+SL/LFM/CDN+ERL/H:2/COM:3B,TOTAL,1.0,219476.0,54869.0,0.0,307.0,274346.0,107.0,0.0,307.0,715.0
PER,Peru,COM,S,S+SL/LFM/CDN+ERL/H:2/COM:3C,TOTAL,114.0,16532973.0,4133247.0,0.0,23123.0,20666220.0,8048.0,0.0,203.0,715.0
PER,Peru,COM,S,S+SL/LFM/CDN+ERL/H:2/COM:5,TOTAL,635.0,55158656.0,13789664.0,0.0,77145.0,68948299.0,26851.0,0.0,121.0,715.0
PER,Peru,IND,S,S+SL/LFM/CDN+ERL/H:2/IND:1,TOTAL,65.0,11429748.0,4898466.0,0.0,17318.0,16328218.0,5492.0,0.0,266.0,660.0
PER,Peru,IND,S,S+SL/LFM/CDN+ERL/H:2/IND:2,TOTAL,516.0,119455407.0,51195191.0,0.0,180993.0,170650593.0,57400.0,0.0,351.0,660.0
PER,Peru,IND,S,S+SL/LFM/CDN+ERL/H:2/IND:4,TOTAL,7.0,4405538.0,1888087.0,0.0,6675.0,6293626.0,2117.0,0.0,954.0,660.0
PER,Peru,COM,S,S+SL/LFM/CDN+ERL/H:3/COM:1,TOTAL,5.0,566676.0,141669.0,0.0,793.0,708343.0,276.0,0.0,159.0,715.0
PER,Peru,COM,S,S+SL/LFM/CDN+ERL/H:3/COM:2,TOTAL,54.0,14233228.0,3558309.0,0.0,19907.0,17791537.0,6932.0,0.0,369.0,715.0
PER,Peru,COM,S,S+SL/LFM/CDN+ERL/H:3/COM:3B,TOTAL,7.0,2407872.0,601968.0,0.0,3368.0,3009840.0,1173.0,0.0,481.0,715.0
PER,Peru,COM,S,S+SL/LFM/CDN+ERL/H:3/COM:3C,TOTAL,256.0,53980761.0,13495189.0,0.0,75498.0,67475946.0,26292.0,0.0,295.0,715.0
PER,Peru,COM,S,S+SL/LFM/CDN+ERL/H:3/COM:5,TOTAL,1754.0,232149670.0,58037394.0,0.0,324685.0,290187060.0,113071.0,0.0,185.0,715.0
PER,Peru,COM,S,S+SL/LFM/CDN+ERL/H:4/COM:1,TOTAL,28.0,8550337.0,2137583.0,0.0,11959.0,10687916.0,4167.0,0.0,427.0,715.0
PER,Peru,COM,S,S+SL/LFM/CDN+ERL/H:4/COM:2,TOTAL,254.0,126119040.0,31529753.0,0.0,176390.0,157648782.0,61461.0,0.0,694.0,715.0
PER,Peru,COM,S,S+SL/LFM/CDN+ERL/H:4/COM:3,TOTAL,1.0,116093.0,29023.0,0.0,162.0,145116.0,57.0,0.0,162.0,717.0
PER,Peru,COM,S,S+SL/LFM/CDN+ERL/H:4/COM:3B,TOTAL,41.0,12288697.0,3072170.0,0.0,17187.0,15360865.0,5989.0,0.0,419.0,715.0
PER,Peru,COM,S,S+SL/LFM/CDN+ERL/H:4/COM:3C,TOTAL,641.0,201511092.0,50377777.0,0.0,281834.0,251888872.0,98202.0,0.0,440.0,715.0
PER,Peru,COM,S,S+SL/LFM/CDN+ERL/H:4/COM:5,TOTAL,4931.0,879903521.0,219975856.0,0.0,1230634.0,1099879355.0,428799.0,0.0,250.0,715.0
PER,Peru,COM,S,S+SL/LFM/CDN+ERL/H:5-7/COM:1,TOTAL,8.0,1792542.0,448136.0,0.0,2507.0,2240678.0,875.0,0.0,313.0,715.0
PER,Peru,COM,S,S+SL/LFM/CDN+ERL/H:5-7/COM:2,TOTAL,132.0,106696166.0,26674038.0,0.0,149225.0,133370206.0,52053.0,0.0,1130.0,715.0
PER,Peru,COM,S,S+SL/LFM/CDN+ERL/H:5-7/COM:3B,TOTAL,13.0,11103635.0,2775908.0,0.0,15530.0,13879544.0,5417.0,0.0,1195.0,715.0
PER,Peru,COM,S,S+SL/LFM/CDN+ERL/H:5-7/COM:3C,TOTAL,432.0,188088582.0,47022148.0,0.0,263061.0,235110749.0,91762.0,0.0,609.0,715.0
PER,Peru,COM,S,S+SL/LFM/CDN+ERL/H:5-7/COM:5,TOTAL,3190.0,873373113.0,218343293.0,0.0,1221501.0,1091716374.0,426089.0,0.0,383.0,715.0
PER,Peru,IND,S,S+SL/LFM/CDN+ERL/H:>2/IND:1,TOTAL,862.0,178637903.0,76559105.0,0.0,270663.0,255197012.0,85899.0,0.0,314.0,660.0
PER,Peru,IND,S,S+SL/LFM/CDN+ERL/H:>2/IND:2,TOTAL,9481.0,2092812704.0,896919728.0,0.0,3170928.0,2989732421.0,1006330.0,0.0,334.0,660.0
PER,Peru,IND,S,S+SL/LFM/CDN+ERL/H:>2/IND:4,TOTAL,52.0,19442435.0,8332476.0,0.0,29458.0,27774909.0,9349.0,0.0,566.0,660.0
PER,Peru,COM,S,S+SL/LFM/CDN+ERL/H:>7/COM:2,TOTAL,9.0,6595551.0,1648888.0,0.0,9225.0,8244440.0,3221.0,0.0,1025.0,715.0
PER,Peru,COM,S,S+SL/LFM/CDN+ERL/H:>7/COM:3C,TOTAL,51.0,25490428.0,6372606.0,0.0,35651.0,31863034.0,12450.0,0.0,699.0,715.0
PER,Peru,COM,S,S+SL/LFM/CDN+ERL/H:>7/COM:5,TOTAL,399.0,133823430.0,33455864.0,0.0,187166.0,167279300.0,65361.0,0.0,469.0,715.0
PER,Peru,COM,S,S+SR/LFM/CDH+ERH/H:1/COM:1,TOTAL,7.0,833233.0,208309.0,0.0,1165.0,1041542.0,405.0,0.0,166.0,715.0
PER,Peru,COM,S,S+SR/LFM/CDH+ERH/H:1/COM:2,TOTAL,492.0,37406507.0,9351622.0,0.0,52317.0,46758117.0,18199.0,0.0,106.0,715.0
PER,Peru,COM,S,S+SR/LFM/CDH+ERH/H:1/COM:3,TOTAL,78.0,2832639.0,708166.0,0.0,3962.0,3540802.0,1378.0,0.0,51.0,715.0
PER,Peru,COM,S,S+SR/LFM/CDH+ERH/H:1/COM:3B,TOTAL,3.0,280491.0,70123.0,0.0,392.0,350613.0,136.0,0.0,131.0,716.0
PER,Peru,IND,S,S+SR/LFM/CDH+ERH/H:1/IND:1,TOTAL,27.0,5005717.0,2145307.0,0.0,7584.0,7151023.0,2404.0,0.0,281.0,660.0
PER,Peru,IND,S,S+SR/LFM/CDH+ERH/H:1/IND:2,TOTAL,323.0,54114868.0,23192100.0,0.0,81992.0,77306957.0,25985.0,0.0,254.0,660.0
PER,Peru,IND,S,S+SR/LFM/CDH+ERH/H:1/IND:4,TOTAL,6.0,1644405.0,704745.0,0.0,2492.0,2349150.0,790.0,0.0,415.0,660.0
PER,Peru,IND,S,S+SR/LFM/CDH+ERH/H:1/IND:6,TOTAL,47.0,12299415.0,5271177.0,0.0,18635.0,17570592.0,5906.0,0.0,396.0,660.0
PER,Peru,COM,S,S+SR/LFM/CDH+ERH/H:2/COM:2,TOTAL,303.0,49067097.0,12266767.0,0.0,68625.0,61333860.0,23885.0,0.0,226.0,715.0
PER,Peru,COM,S,S+SR/LFM/CDH+ERH/H:2/COM:3,TOTAL,15.0,878029.0,219506.0,0.0,1228.0,1097538.0,427.0,0.0,82.0,715.0
PER,Peru,IND,S,S+SR/LFM/CDH+ERH/H:2/IND:1,TOTAL,13.0,2205960.0,945413.0,0.0,3342.0,3151374.0,1060.0,0.0,257.0,660.0
PER,Peru,IND,S,S+SR/LFM/CDH+ERH/H:2/IND:2,TOTAL,161.0,28030316.0,12013001.0,0.0,42470.0,40043308.0,13469.0,0.0,264.0,660.0
PER,Peru,IND,S,S+SR/LFM/CDH+ERH/H:2/IND:6,TOTAL,29.0,10019665.0,4294140.0,0.0,15181.0,14313803.0,4815.0,0.0,523.0,660.0
PER,Peru,COM,S,S+SR/LFM/CDH+ERH/H:3/COM:1,TOTAL,2.0,306149.0,76538.0,0.0,428.0,382687.0,149.0,0.0,214.0,715.0
PER,Peru,COM,S,S+SR/LFM/CDH+ERH/H:3/COM:2,TOTAL,311.0,62152669.0,15538169.0,0.0,86927.0,77690835.0,30272.0,0.0,280.0,715.0
PER,Peru,COM,S,S+SR/LFM/CDH+ERH/H:3/COM:3,TOTAL,18.0,1670304.0,417573.0,0.0,2336.0,2087877.0,814.0,0.0,130.0,715.0
PER,Peru,COM,S,S+SR/LFM/CDH+ERH/H:3/COM:3B,TOTAL,1.0,87791.0,21948.0,0.0,123.0,109738.0,43.0,0.0,123.0,714.0
PER,Peru,COM,S,S+SR/LFM/CDH+ERH/H:4/COM:1,TOTAL,9.0,2950526.0,737631.0,0.0,4127.0,3688156.0,1438.0,0.0,459.0,715.0
PER,Peru,COM,S,S+SR/LFM/CDH+ERH/H:4/COM:2,TOTAL,935.0,263918113.0,65979520.0,0.0,369116.0,329897626.0,128614.0,0.0,395.0,715.0
PER,Peru,COM,S,S+SR/LFM/CDH+ERH/H:4/COM:3,TOTAL,67.0,8322547.0,2080637.0,0.0,11640.0,10403179.0,4056.0,0.0,174.0,715.0
PER,Peru,COM,S,S+SR/LFM/CDH+ERH/H:4/COM:3B,TOTAL,4.0,640571.0,160142.0,0.0,896.0,800712.0,312.0,0.0,224.0,715.0
PER,Peru,COM,S,S+SR/LFM/CDH+ERH/H:5-7/COM:1,TOTAL,2.0,347528.0,86882.0,0.0,486.0,434410.0,170.0,0.0,243.0,715.0
PER,Peru,COM,S,S+SR/LFM/CDH+ERH/H:5-7/COM:2,TOTAL,583.0,248029394.0,62007351.0,0.0,346894.0,310036725.0,121005.0,0.0,595.0,715.0
PER,Peru,COM,S,S+SR/LFM/CDH+ERH/H:5-7/COM:3,TOTAL,25.0,4829911.0,1207480.0,0.0,6755.0,6037390.0,2356.0,0.0,270.0,715.0
PER,Peru,IND,S,S+SR/LFM/CDH+ERH/H:>2/IND:1,TOTAL,208.0,44038786.0,18873767.0,0.0,66725.0,62912556.0,21176.0,0.0,321.0,660.0
PER,Peru,IND,S,S+SR/LFM/CDH+ERH/H:>2/IND:2,TOTAL,2427.0,479936996.0,205687295.0,0.0,727177.0,685624272.0,230779.0,0.0,300.0,660.0
PER,Peru,IND,S,S+SR/LFM/CDH+ERH/H:>2/IND:4,TOTAL,19.0,5805109.0,2487904.0,0.0,8796.0,8293013.0,2791.0,0.0,463.0,660.0
PER,Peru,IND,S,S+SR/LFM/CDH+ERH/H:>2/IND:6,TOTAL,218.0,61326733.0,26282895.0,0.0,92919.0,87609626.0,29489.0,0.0,426.0,660.0
PER,Peru,COM,S,S+SR/LFM/CDH+ERH/H:>7/COM:2,TOTAL,44.0,23767859.0,5941968.0,0.0,33242.0,29709830.0,11608.0,0.0,756.0,715.0
PER,Peru,COM,S,S+SR/LFM/CDH+ERM/H:1/COM:2,TOTAL,11.0,856090.0,214022.0,0.0,1197.0,1070111.0,417.0,0.0,109.0,715.0
PER,Peru,COM,S,S+SR/LFM/CDH+ERM/H:1/COM:3,TOTAL,8.0,311267.0,77819.0,0.0,435.0,389086.0,151.0,0.0,54.0,716.0
PER,Peru,IND,S,S+SR/LFM/CDH+ERM/H:1/IND:1,TOTAL,1.0,167049.0,71593.0,0.0,253.0,238642.0,80.0,0.0,253.0,660.0
PER,Peru,IND,S,S+SR/LFM/CDH+ERM/H:1/IND:2,TOTAL,2.0,198898.0,85242.0,0.0,301.0,284140.0,96.0,0.0,150.0,661.0
PER,Peru,COM,S,S+SR/LFM/CDH+ERM/H:2/COM:2,TOTAL,2.0,246119.0,61530.0,0.0,344.0,307649.0,120.0,0.0,172.0,715.0
PER,Peru,IND,S,S+SR/LFM/CDH+ERM/H:2/IND:2,TOTAL,3.0,304132.0,130342.0,0.0,461.0,434475.0,146.0,0.0,154.0,660.0
PER,Peru,COM,S,S+SR/LFM/CDH+ERM/H:3/COM:2,TOTAL,1.0,184589.0,46147.0,0.0,258.0,230737.0,90.0,0.0,258.0,715.0
PER,Peru,COM,S,S+SR/LFM/CDH+ERM/H:4/COM:2,TOTAL,14.0,4184279.0,1046070.0,0.0,5852.0,5230350.0,2039.0,0.0,418.0,715.0
PER,Peru,COM,S,S+SR/LFM/CDH+ERM/H:5-7/COM:2,TOTAL,1.0,375520.0,93880.0,0.0,525.0,469400.0,183.0,0.0,525.0,715.0
PER,Peru,IND,S,S+SR/LFM/CDH+ERM/H:>2/IND:1,TOTAL,1.0,167049.0,71593.0,0.0,253.0,238642.0,80.0,0.0,253.0,660.0
PER,Peru,IND,S,S+SR/LFM/CDH+ERM/H:>2/IND:2,TOTAL,9.0,2303506.0,987218.0,0.0,3490.0,3290719.0,1108.0,0.0,388.0,660.0
PER,Peru,IND,S,S+SR/LFM/CDH+ERM/H:>2/IND:6,TOTAL,2.0,1336394.0,572740.0,0.0,2025.0,1909134.0,643.0,0.0,1012.0,660.0
PER,Peru,COM,S,S+SR/LFM/CDL+ERL/H:1/COM:2,TOTAL,66.0,4655345.0,1163839.0,0.0,6511.0,5819181.0,2265.0,0.0,99.0,715.0
PER,Peru,COM,S,S+SR/LFM/CDL+ERL/H:1/COM:3,TOTAL,15.0,470477.0,117621.0,0.0,658.0,588098.0,229.0,0.0,44.0,715.0
PER,Peru,COM,S,S+SR/LFM/CDL+ERL/H:1/COM:3B,TOTAL,2.0,57672.0,14418.0,0.0,81.0,72090.0,28.0,0.0,40.0,712.0
PER,Peru,IND,S,S+SR/LFM/CDL+ERL/H:1/IND:1,TOTAL,5.0,849168.0,363929.0,0.0,1287.0,1213097.0,408.0,0.0,257.0,660.0
PER,Peru,IND,S,S+SR/LFM/CDL+ERL/H:1/IND:2,TOTAL,51.0,8843668.0,3790143.0,0.0,13399.0,12633815.0,4247.0,0.0,263.0,660.0
PER,Peru,IND,S,S+SR/LFM/CDL+ERL/H:1/IND:4,TOTAL,1.0,166313.0,71277.0,0.0,252.0,237591.0,80.0,0.0,252.0,660.0
PER,Peru,IND,S,S+SR/LFM/CDL+ERL/H:1/IND:6,TOTAL,11.0,2179660.0,934139.0,0.0,3303.0,3113802.0,1047.0,0.0,300.0,660.0
PER,Peru,COM,S,S+SR/LFM/CDL+ERL/H:2/COM:2,TOTAL,41.0,8421946.0,2105484.0,0.0,11779.0,10527429.0,4100.0,0.0,287.0,715.0
PER,Peru,IND,S,S+SR/LFM/CDL+ERL/H:2/IND:1,TOTAL,1.0,170924.0,73253.0,0.0,259.0,244176.0,82.0,0.0,259.0,660.0
PER,Peru,IND,S,S+SR/LFM/CDL+ERL/H:2/IND:2,TOTAL,18.0,2517925.0,1079110.0,0.0,3815.0,3597038.0,1210.0,0.0,212.0,660.0
PER,Peru,COM,S,S+SR/LFM/CDL+ERL/H:3/COM:2,TOTAL,32.0,6590129.0,1647532.0,0.0,9217.0,8237661.0,3210.0,0.0,288.0,715.0
PER,Peru,COM,S,S+SR/LFM/CDL+ERL/H:3/COM:3,TOTAL,3.0,263504.0,65876.0,0.0,369.0,329382.0,128.0,0.0,123.0,714.0
PER,Peru,COM,S,S+SR/LFM/CDL+ERL/H:4/COM:2,TOTAL,113.0,32178220.0,8044547.0,0.0,45004.0,40222763.0,15681.0,0.0,398.0,715.0
PER,Peru,COM,S,S+SR/LFM/CDL+ERL/H:4/COM:3,TOTAL,6.0,700508.0,175126.0,0.0,980.0,875633.0,341.0,0.0,163.0,715.0
PER,Peru,COM,S,S+SR/LFM/CDL+ERL/H:5-7/COM:2,TOTAL,59.0,26465966.0,6616492.0,0.0,37015.0,33082460.0,12912.0,0.0,627.0,715.0
PER,Peru,COM,S,S+SR/LFM/CDL+ERL/H:5-7/COM:3,TOTAL,4.0,703555.0,175889.0,0.0,984.0,879444.0,343.0,0.0,246.0,715.0
PER,Peru,IND,S,S+SR/LFM/CDL+ERL/H:>2/IND:1,TOTAL,20.0,4014887.0,1720665.0,0.0,6083.0,5735554.0,1931.0,0.0,304.0,660.0
PER,Peru,IND,S,S+SR/LFM/CDL+ERL/H:>2/IND:2,TOTAL,264.0,56874639.0,24374859.0,0.0,86174.0,81249480.0,27349.0,0.0,326.0,660.0
PER,Peru,IND,S,S+SR/LFM/CDL+ERL/H:>2/IND:6,TOTAL,30.0,7511349.0,3219156.0,0.0,11381.0,10730506.0,3612.0,0.0,379.0,660.0
PER,Peru,COM,S,S+SR/LFM/CDL+ERL/H:>7/COM:2,TOTAL,5.0,2458081.0,614521.0,0.0,3438.0,3072603.0,1201.0,0.0,688.0,715.0
PER,Peru,COM,S,S+SR/LFM/CDM+ERL/H:1/COM:1,TOTAL,1.0,466386.0,116596.0,0.0,652.0,582982.0,227.0,0.0,652.0,715.0
PER,Peru,COM,S,S+SR/LFM/CDM+ERL/H:1/COM:2,TOTAL,211.0,16624709.0,4156182.0,0.0,23251.0,20780889.0,8089.0,0.0,110.0,715.0
PER,Peru,COM,S,S+SR/LFM/CDM+ERL/H:1/COM:3,TOTAL,39.0,1701112.0,425280.0,0.0,2379.0,2126389.0,828.0,0.0,61.0,715.0
PER,Peru,COM,S,S+SR/LFM/CDM+ERL/H:1/COM:3B,TOTAL,5.0,775699.0,193925.0,0.0,1085.0,969623.0,377.0,0.0,217.0,715.0
PER,Peru,IND,S,S+SR/LFM/CDM+ERL/H:1/IND:1,TOTAL,19.0,4494652.0,1926279.0,0.0,6810.0,6420933.0,2158.0,0.0,358.0,660.0
PER,Peru,IND,S,S+SR/LFM/CDM+ERL/H:1/IND:2,TOTAL,172.0,25683265.0,11007118.0,0.0,38914.0,36690386.0,12333.0,0.0,226.0,660.0
PER,Peru,IND,S,S+SR/LFM/CDM+ERL/H:1/IND:4,TOTAL,4.0,1298673.0,556573.0,0.0,1968.0,1855248.0,624.0,0.0,492.0,660.0
PER,Peru,IND,S,S+SR/LFM/CDM+ERL/H:1/IND:6,TOTAL,17.0,5470226.0,2344382.0,0.0,8288.0,7814604.0,2627.0,0.0,488.0,660.0
PER,Peru,COM,S,S+SR/LFM/CDM+ERL/H:2/COM:2,TOTAL,101.0,15522013.0,3880497.0,0.0,21709.0,19402509.0,7556.0,0.0,215.0,715.0
PER,Peru,COM,S,S+SR/LFM/CDM+ERL/H:2/COM:3,TOTAL,5.0,295030.0,73759.0,0.0,413.0,368787.0,144.0,0.0,83.0,714.0
PER,Peru,IND,S,S+SR/LFM/CDM+ERL/H:2/IND:1,TOTAL,8.0,1970364.0,844441.0,0.0,2985.0,2814807.0,947.0,0.0,373.0,660.0
PER,Peru,IND,S,S+SR/LFM/CDM+ERL/H:2/IND:2,TOTAL,76.0,12894033.0,5526018.0,0.0,19536.0,18420055.0,6196.0,0.0,257.0,660.0
PER,Peru,IND,S,S+SR/LFM/CDM+ERL/H:2/IND:4,TOTAL,2.0,347666.0,149000.0,0.0,527.0,496666.0,167.0,0.0,264.0,660.0
PER,Peru,IND,S,S+SR/LFM/CDM+ERL/H:2/IND:6,TOTAL,8.0,2422547.0,1038233.0,0.0,3671.0,3460781.0,1164.0,0.0,459.0,660.0
PER,Peru,COM,S,S+SR/LFM/CDM+ERL/H:3/COM:2,TOTAL,127.0,27205640.0,6801408.0,0.0,38050.0,34007052.0,13251.0,0.0,300.0,715.0
PER,Peru,COM,S,S+SR/LFM/CDM+ERL/H:3/COM:3,TOTAL,12.0,1157391.0,289347.0,0.0,1619.0,1446737.0,564.0,0.0,135.0,715.0
PER,Peru,COM,S,S+SR/LFM/CDM+ERL/H:4/COM:1,TOTAL,2.0,233147.0,58287.0,0.0,326.0,291434.0,114.0,0.0,163.0,715.0
PER,Peru,COM,S,S+SR/LFM/CDM+ERL/H:4/COM:2,TOTAL,464.0,140921179.0,35230284.0,0.0,197093.0,176151464.0,68674.0,0.0,425.0,715.0
PER,Peru,COM,S,S+SR/LFM/CDM+ERL/H:4/COM:3,TOTAL,23.0,2673554.0,668388.0,0.0,3739.0,3341941.0,1303.0,0.0,163.0,715.0
PER,Peru,COM,S,S+SR/LFM/CDM+ERL/H:4/COM:3B,TOTAL,3.0,525237.0,131309.0,0.0,735.0,656546.0,256.0,0.0,245.0,715.0
PER,Peru,COM,S,S+SR/LFM/CDM+ERL/H:5-7/COM:1,TOTAL,1.0,174140.0,43535.0,0.0,244.0,217675.0,85.0,0.0,244.0,714.0
PER,Peru,COM,S,S+SR/LFM/CDM+ERL/H:5-7/COM:2,TOTAL,275.0,116204331.0,29051077.0,0.0,162524.0,145255413.0,56692.0,0.0,591.0,715.0
PER,Peru,COM,S,S+SR/LFM/CDM+ERL/H:5-7/COM:3,TOTAL,11.0,1920232.0,480057.0,0.0,2686.0,2400289.0,937.0,0.0,244.0,715.0
PER,Peru,COM,S,S+SR/LFM/CDM+ERL/H:5-7/COM:3B,TOTAL,3.0,721353.0,180338.0,0.0,1009.0,901692.0,352.0,0.0,336.0,715.0
PER,Peru,IND,S,S+SR/LFM/CDM+ERL/H:>2/IND:1,TOTAL,96.0,23140964.0,9917558.0,0.0,35062.0,33058522.0,11128.0,0.0,365.0,660.0
PER,Peru,IND,S,S+SR/LFM/CDM+ERL/H:>2/IND:2,TOTAL,1018.0,201220940.0,86237553.0,0.0,304880.0,287458475.0,96758.0,0.0,299.0,660.0
PER,Peru,IND,S,S+SR/LFM/CDM+ERL/H:>2/IND:4,TOTAL,10.0,1677226.0,718813.0,0.0,2541.0,2396037.0,807.0,0.0,254.0,660.0
PER,Peru,IND,S,S+SR/LFM/CDM+ERL/H:>2/IND:6,TOTAL,115.0,30223586.0,12952973.0,0.0,45793.0,43176562.0,14533.0,0.0,398.0,660.0
PER,Peru,COM,S,S+SR/LFM/CDM+ERL/H:>7/COM:2,TOTAL,18.0,8867797.0,2216950.0,0.0,12403.0,11084747.0,4331.0,0.0,689.0,715.0
PER,Peru,COM,S,S+SR/LFM/CDN+ERL/H:1/COM:1,TOTAL,20.0,2441999.0,610500.0,0.0,3415.0,3052498.0,1188.0,0.0,171.0,715.0
PER,Peru,COM,S,S+SR/LFM/CDN+ERL/H:1/COM:2,TOTAL,1973.0,152014447.0,38003636.0,0.0,212608.0,190018080.0,73958.0,0.0,108.0,715.0
PER,Peru,COM,S,S+SR/LFM/CDN+ERL/H:1/COM:3,TOTAL,333.0,12734979.0,3183740.0,0.0,17811.0,15918712.0,6196.0,0.0,53.0,715.0
PER,Peru,COM,S,S+SR/LFM/CDN+ERL/H:1/COM:3B,TOTAL,37.0,3399132.0,849785.0,0.0,4754.0,4248917.0,1654.0,0.0,128.0,715.0
PER,Peru,IND,S,S+SR/LFM/CDN+ERL/H:1/IND:1,TOTAL,144.0,28369996.0,12158574.0,0.0,42985.0,40528563.0,13623.0,0.0,299.0,660.0
PER,Peru,IND,S,S+SR/LFM/CDN+ERL/H:1/IND:2,TOTAL,1635.0,283395047.0,121455025.0,0.0,429386.0,404850065.0,136078.0,0.0,263.0,660.0
PER,Peru,IND,S,S+SR/LFM/CDN+ERL/H:1/IND:4,TOTAL,19.0,8259886.0,3539951.0,0.0,12515.0,11799841.0,3966.0,0.0,659.0,660.0
PER,Peru,IND,S,S+SR/LFM/CDN+ERL/H:1/IND:6,TOTAL,215.0,58518296.0,25079270.0,0.0,88664.0,83597570.0,28099.0,0.0,412.0,660.0
PER,Peru,COM,S,S+SR/LFM/CDN+ERL/H:2/COM:1,TOTAL,2.0,205202.0,51301.0,0.0,287.0,256503.0,100.0,0.0,144.0,715.0
PER,Peru,COM,S,S+SR/LFM/CDN+ERL/H:2/COM:2,TOTAL,983.0,163853757.0,40963420.0,0.0,229166.0,204817189.0,79762.0,0.0,233.0,715.0
PER,Peru,COM,S,S+SR/LFM/CDN+ERL/H:2/COM:3,TOTAL,46.0,2699055.0,674765.0,0.0,3775.0,3373814.0,1314.0,0.0,82.0,715.0
PER,Peru,COM,S,S+SR/LFM/CDN+ERL/H:2/COM:3B,TOTAL,2.0,115843.0,28961.0,0.0,162.0,144803.0,56.0,0.0,81.0,715.0
PER,Peru,IND,S,S+SR/LFM/CDN+ERL/H:2/IND:1,TOTAL,36.0,9647769.0,4134759.0,0.0,14618.0,13782527.0,4636.0,0.0,406.0,660.0
PER,Peru,IND,S,S+SR/LFM/CDN+ERL/H:2/IND:2,TOTAL,679.0,113810535.0,48775959.0,0.0,172440.0,162586484.0,54688.0,0.0,254.0,660.0
PER,Peru,IND,S,S+SR/LFM/CDN+ERL/H:2/IND:4,TOTAL,3.0,1129707.0,484161.0,0.0,1712.0,1613868.0,543.0,0.0,571.0,660.0
PER,Peru,IND,S,S+SR/LFM/CDN+ERL/H:2/IND:6,TOTAL,64.0,20057239.0,8595959.0,0.0,30390.0,28653194.0,9638.0,0.0,475.0,660.0
PER,Peru,COM,S,S+SR/LFM/CDN+ERL/H:3/COM:1,TOTAL,5.0,3103404.0,775850.0,0.0,4340.0,3879254.0,1512.0,0.0,868.0,715.0
PER,Peru,COM,S,S+SR/LFM/CDN+ERL/H:3/COM:2,TOTAL,1244.0,261315608.0,65328901.0,0.0,365476.0,326644522.0,127275.0,0.0,294.0,715.0
PER,Peru,COM,S,S+SR/LFM/CDN+ERL/H:3/COM:3,TOTAL,136.0,12486347.0,3121579.0,0.0,17463.0,15607932.0,6082.0,0.0,128.0,715.0
PER,Peru,COM,S,S+SR/LFM/CDN+ERL/H:3/COM:3B,TOTAL,6.0,3189023.0,797255.0,0.0,4460.0,3986278.0,1553.0,0.0,743.0,715.0
PER,Peru,COM,S,S+SR/LFM/CDN+ERL/H:4/COM:1,TOTAL,18.0,8619914.0,2154975.0,0.0,12056.0,10774890.0,4201.0,0.0,670.0,715.0
PER,Peru,COM,S,S+SR/LFM/CDN+ERL/H:4/COM:2,TOTAL,3921.0,1155958601.0,288989644.0,0.0,1616725.0,1444948273.0,563325.0,0.0,412.0,715.0
PER,Peru,COM,S,S+SR/LFM/CDN+ERL/H:4/COM:3,TOTAL,339.0,41987075.0,10496762.0,0.0,58723.0,52483825.0,20462.0,0.0,173.0,715.0
PER,Peru,COM,S,S+SR/LFM/CDN+ERL/H:4/COM:3B,TOTAL,39.0,13575086.0,3393771.0,0.0,18986.0,16968855.0,6615.0,0.0,487.0,715.0
PER,Peru,COM,S,S+SR/LFM/CDN+ERL/H:5-7/COM:1,TOTAL,2.0,544187.0,136047.0,0.0,761.0,680234.0,265.0,0.0,380.0,715.0
PER,Peru,COM,S,S+SR/LFM/CDN+ERL/H:5-7/COM:2,TOTAL,2443.0,1070799858.0,267699968.0,0.0,1497622.0,1338499822.0,522405.0,0.0,613.0,715.0
PER,Peru,COM,S,S+SR/LFM/CDN+ERL/H:5-7/COM:3,TOTAL,104.0,18415043.0,4603767.0,0.0,25755.0,23018808.0,8984.0,0.0,248.0,715.0
PER,Peru,COM,S,S+SR/LFM/CDN+ERL/H:5-7/COM:3B,TOTAL,8.0,4727533.0,1181883.0,0.0,6612.0,5909416.0,2306.0,0.0,826.0,715.0
PER,Peru,IND,S,S+SR/LFM/CDN+ERL/H:>2/IND:1,TOTAL,839.0,169864303.0,72798986.0,0.0,257370.0,242663304.0,81680.0,0.0,307.0,660.0
PER,Peru,IND,S,S+SR/LFM/CDN+ERL/H:>2/IND:2,TOTAL,11527.0,2348710811.0,1006590359.0,0.0,3558653.0,3355301179.0,1129379.0,0.0,309.0,660.0
PER,Peru,IND,S,S+SR/LFM/CDN+ERL/H:>2/IND:4,TOTAL,58.0,20133413.0,8628608.0,0.0,30505.0,28762021.0,9681.0,0.0,526.0,660.0
PER,Peru,IND,S,S+SR/LFM/CDN+ERL/H:>2/IND:6,TOTAL,1036.0,309056387.0,132452738.0,0.0,468267.0,441509112.0,148611.0,0.0,452.0,660.0
PER,Peru,COM,S,S+SR/LFM/CDN+ERL/H:>7/COM:2,TOTAL,205.0,116275622.0,29068909.0,0.0,162623.0,145344520.0,56790.0,0.0,793.0,715.0
PER,Peru,COM,S,S+SR/LFM/CDN+ERL/H:>7/COM:3,TOTAL,2.0,462306.0,115577.0,0.0,647.0,577883.0,226.0,0.0,324.0,715.0
PER,Peru,RES,W,W+WBB/LWAL/CDN+ERM/H:1/RES,RURAL,89194.0,2006865000.0,501716250.0,239481.0,6689550.0,2508581250.0,442039.0,89194.0,75.0,300.0
PER,Peru,RES,W,W+WBB/LWAL/CDN+ERM/H:1/RES,URBAN,49383.0,1370378250.0,342594564.0,151913.0,3703725.0,1712972814.0,244739.0,49383.0,75.0,370.0
PER,Peru,RES,W,W+WBB/LWAL/CDN+ERM/H:2/RES,RURAL,38992.0,986356500.0,246589125.0,158943.0,3287855.0,1232945625.0,217373.0,58451.0,84.0,300.0
PER,Peru,RES,W,W+WBB/LWAL/CDN+ERM/H:2/RES,URBAN,62994.0,1966357230.0,491589294.0,310560.0,5314479.0,2457946524.0,351361.0,94480.0,84.0,370.0
PER,Peru,RES,W,W+WO/LN/CDN+ERM/H:1/RES,RURAL,417797.0,9400432500.0,2350108125.0,1308401.0,31334775.0,11750540625.0,3263841.0,417797.0,75.0,300.0
PER,Peru,RES,W,W+WO/LN/CDN+ERM/H:1/RES,URBAN,69087.0,1917164250.0,479291078.0,221166.0,5181525.0,2396455328.0,539710.0,69087.0,75.0,370.0
PER,Peru,RES,W,W+WO/LN/CDN+ERM/H:2/RES,RURAL,136365.0,3451222200.0,862805550.0,653803.0,11504074.0,4314027750.0,1199125.0,204517.0,84.0,300.0
PER,Peru,RES,W,W+WO/LN/CDN+ERM/H:2/RES,URBAN,150591.0,4701019830.0,1175254947.0,737133.0,12705459.0,5876274777.0,1324350.0,225875.0,84.0,370.0
PER,Peru,RES,W,W+WWD/LWAL/CDN+ERL/H:1/RES,RURAL,243785.0,5485162500.0,1371290625.0,665591.0,18283875.0,6856453125.0,1842021.0,243785.0,75.0,300.0
PER,Peru,RES,W,W+WWD/LWAL/CDN+ERL/H:1/RES,URBAN,49267.0,1367159250.0,341789808.0,143537.0,3695025.0,1708949058.0,372258.0,49267.0,75.0,370.0
PER,Peru,RES,W,W+WWD/LWAL/CDN+ERL/H:2/RES,RURAL,8901.0,225238800.0,56309700.0,33945.0,750796.0,281548500.0,75693.0,13348.0,84.0,300.0
PER,Peru,RES,W,W+WWD/LWAL/CDN+ERL/H:2/RES,URBAN,2804.0,87343680.0,21835909.0,12254.0,236064.0,109179589.0,23799.0,4197.0,84.0,370.0
