ID_0,NAME_0,OCCUPANCY,BUILDINGS,COST_CONTENTS_USD,COST_NONSTRUCTURAL_USD,COST_STRUCTURAL_USD,DWELLINGS,OCCUPANTS_PER_ASSET,TOTAL_AREA_SQM,TOTAL_REPL_COST_USD,AVG_BUILDING_AREA_SQM,AVG_TOT_COST_PER_AREA_USD
SVN,Slovenia,Com,27460.38,10327246093.65,6196347656.49,4130898437.52,0.0,0.0,9363575.1611112,20654492189.13,340.9849084794602,2205.83397193331
SVN,Slovenia,Ind,21600.0,11436659311.31,4765274713.11,2859164827.88,0.0,0.0,13047089.711720003,19061098851.78,604.0319310981483,1460.946408198428
SVN,Slovenia,Res,463029.0,11224905130.86,28062262826.93,16837357695.98,870294.6301000001,2087999.9999999998,64976508.4348,56124525653.31,140.32924165613818,863.7664135127785
