ID_0,NAME_0,OCCUPANCY,BUILDINGS,COST_CONTENTS_USD,COST_NONSTRUCTURAL_USD,COST_STRUCTURAL_USD,DWELLINGS,OCCUPANTS_PER_ASSET,TOTAL_AREA_SQM,TOTAL_REPL_COST_USD,AVG_BUILDING_AREA_SQM,AVG_TOT_COST_PER_AREA_USD
TTO,Trinidad and Tobago,Com,6885.375650884739,1615254026.5330684,1238813106.6799624,1278406005.2087607,0.0,0.0,2584916.9059510157,4132473138.4217916,375.4213331292775,1598.6870328047992
TTO,Trinidad and Tobago,Ind,20042.0,2999846848.2482643,1604038347.7129219,1640831469.158252,0.0,0.0,5921751.000002709,6244716665.119438,295.4670691549102,1054.5388796517418
TTO,Trinidad and Tobago,Res,366375.0,12656739121.590103,12910894307.959541,18498235700.875473,415329.0,1399499.4822229054,41804792.83767714,44065869130.42512,114.10383579031632,1054.0865326501546
