ID_0,NAME_0,OCCUPANCY,BUILDINGS,COST_CONTENTS_USD,COST_NONSTRUCTURAL_USD,COST_STRUCTURAL_USD,DWELLINGS,OCCUPANTS_PER_ASSET,TOTAL_AREA_SQM,TOTAL_REPL_COST_USD,AVG_BUILDING_AREA_SQM,AVG_TOT_COST_PER_AREA_USD
MUS,Mauritius,Com,12507.0,416436750.0,388469254.0,478114534.0,0.0,0.0,2558703.0,1283020539.0,204.58167426241306,501.4339448540921
MUS,Mauritius,Ind,5215.0,244064525.0,159523270.0,207613879.0,0.0,0.0,1476861.0,611201685.0,283.1948226270374,413.851868930116
MUS,Mauritius,Res,327434.0,1729061711.0,2772477187.0,3664981166.0,361794.0,1269916.0,27512032.0,8166520079.0,84.02313748724934,296.83449332277604
