ID_0,NAME_0,OCCUPANCY,BUILDINGS,COST_CONTENTS_USD,COST_NONSTRUCTURAL_USD,COST_STRUCTURAL_USD,DWELLINGS,OCCUPANTS_PER_ASSET,TOTAL_AREA_SQM,TOTAL_REPL_COST_USD,AVG_BUILDING_AREA_SQM,AVG_TOT_COST_PER_AREA_USD
AND,Andorra,Com,4252.182036,2433102064.92,1459861239.02,973240826.06,0.0,0.0,1777392.5235496322,4866204129.93,417.9953982453709,2737.833126591362
AND,Andorra,Ind,1206.0,860627664.23,358594860.11,215156916.06,0.0,0.0,824615.3846153845,1434379440.4,683.7606837606837,1739.4526795895526
AND,Andorra,Res,12616.075716666666,639728140.61,1599320351.61,959592210.99,27244.986,77000.0,2150235.6720000003,3198640703.2799997,170.4361736795379,1487.5768014325824
