ID_0,NAME_0,OCCUPANCY,BUILDINGS,COST_CONTENTS_USD,COST_NONSTRUCTURAL_USD,COST_STRUCTURAL_USD,DWELLINGS,OCCUPANTS_PER_ASSET,TOTAL_AREA_SQM,TOTAL_REPL_COST_USD,AVG_BUILDING_AREA_SQM,AVG_TOT_COST_PER_AREA_USD
TON,Tonga,Com,2333,235926021.76928085,246346312.9831905,198231573.49940497,0.0,0.0,466161.8228692,680503908.2518764,199.81218297008147,1459.8018860991506
TON,Tonga,Ind,233,34314223.8694046,25092429.10659569,21547250.759865705,0.0,0.0,44601.394486,80953903.735866,191.42229393133047,1815.0531988697517
TON,Tonga,Res,30156,855137005.4534031,1093982669.5992854,947640555.2437745,18198.0,100651.0,2753918.2132712,2896760230.296463,91.32239730969626,1051.8686489442218
