ID_0,NAME_0,OCCUPANCY,BUILDINGS,COST_CONTENTS_USD,COST_NONSTRUCTURAL_USD,COST_STRUCTURAL_USD,DWELLINGS,OCCUPANTS_PER_ASSET,TOTAL_AREA_SQM,TOTAL_REPL_COST_USD,AVG_BUILDING_AREA_SQM,AVG_TOT_COST_PER_AREA_USD
BOL,Bolivia,Com,127422.0,7473763833.379121,7410971173.351649,9252540864.148354,0.0,0.0,28296529.875,24137275870.879124,222.0694218816217,853.0118702719241
BOL,Bolivia,Ind,13002.0,1256351642.8263404,778275745.0501167,705039097.4498835,0.0,0.0,4177175.0,2739666485.3263407,321.2717274265498,655.8658627724097
BOL,Bolivia,Res,3019047.0,31611590097.4673,35068575651.54634,70742708723.4476,3196168.92,11829161.541126978,235425554.595,137422874472.87659,77.98008927817288,583.7211457748657
