ID_0,NAME_0,OCCUPANCY,BUILDINGS,COST_CONTENTS_USD,COST_NONSTRUCTURAL_USD,COST_STRUCTURAL_USD,DWELLINGS,OCCUPANTS_PER_ASSET,TOTAL_AREA_SQM,TOTAL_REPL_COST_USD,AVG_BUILDING_AREA_SQM,AVG_TOT_COST_PER_AREA_USD
IRL,Ireland,Com,46390.01,95633467064.6,57380080238.67,38253386825.94,0.0,0.0,58779462.84628,191266934129.48,1267.071570932621,3253.975536143995
IRL,Ireland,Ind,28100.000000000004,31246433055.83,13019347106.59,7811608263.96,0.0,0.0,22388171.396700013,52077388425.78,796.7320781743776,2326.1117445909913
IRL,Ireland,Res,1854313.521,67311350626.01,168278376565.03,100967025939.01,2089815.37615,4941000.0,184276467.6485,336556753129.89,99.37719029796149,1826.368594018519
