ID_0,NAME_0,OCCUPANCY,BUILDINGS,COST_CONTENTS_USD,COST_NONSTRUCTURAL_USD,COST_STRUCTURAL_USD,DWELLINGS,OCCUPANTS_PER_ASSET,TOTAL_AREA_SQM,TOTAL_REPL_COST_USD,AVG_BUILDING_AREA_SQM,AVG_TOT_COST_PER_AREA_USD
PRT,Portugal,Com,173608.18,69221118625.72,41532671177.8,27688447454.26,0.0,0.0,61805535.183410004,138442237257.67,356.0058931751373,2239.96502654395
PRT,Portugal,Ind,101820.048806203,55478543617.71,23116059840.78,13869635904.39,0.0,0.0,59709254.04670344,92464239362.42,586.4194207994318,1548.5746864312896
PRT,Portugal,Res,3353762.0,114954186163.04,287385465531.27,172431279276.19,5636794.0,10025138.0,569879873.4,574770931078.87,169.92257452973703,1008.5826117172539
