ID_0,NAME_0,OCCUPANCY,BUILDINGS,COST_CONTENTS_USD,COST_NONSTRUCTURAL_USD,COST_STRUCTURAL_USD,DWELLINGS,OCCUPANTS_PER_ASSET,TOTAL_AREA_SQM,TOTAL_REPL_COST_USD,AVG_BUILDING_AREA_SQM,AVG_TOT_COST_PER_AREA_USD
IRQ,Iraq,Com,407918.0,27359857614.0,28804737479.0,29044012401.0,0.0,0.0,119598663.0,85208607478.0,293.19290396599314,712.4545152983859
IRQ,Iraq,Ind,58855.0,8849458025.0,5824507911.0,4457031210.0,0.0,0.0,24427284.0,19130997128.0,415.0417806473537,783.1815083494341
IRQ,Iraq,Res,6138620.0,70929944570.0,162326602847.0,161011476969.0,6938911.0,40950270.0,784324894.0,394268024384.0,127.76892754397568,502.68457293668405
