ID_0,NAME_0,OCCUPANCY,BUILDINGS,COST_CONTENTS_USD,COST_NONSTRUCTURAL_USD,COST_STRUCTURAL_USD,DWELLINGS,OCCUPANTS_PER_ASSET,TOTAL_AREA_SQM,TOTAL_REPL_COST_USD,AVG_BUILDING_AREA_SQM,AVG_TOT_COST_PER_AREA_USD
KNA,Saint Kitts and Nevis,Com,883.0,92211336.7539267,68927734.08376963,80980408.7434555,0.0,0.0,232650.0,242119479.5811518,263.4767836919592,1040.7026846385206
KNA,Saint Kitts and Nevis,Ind,321.0,51770654.18848167,29611117.539267015,22461086.910994764,0.0,0.0,200202.53086419753,103842858.63874346,623.683896773201,518.6890404956105
KNA,Saint Kitts and Nevis,Res,14132.0,288783732.10209423,319194490.4141361,375950952.55183244,15054.0,54699.0,4895751.460416666,983929175.0680628,346.43019108524385,200.97612859299903
