ID_0,NAME_0,OCCUPANCY,BUILDINGS,COST_CONTENTS_USD,COST_NONSTRUCTURAL_USD,COST_STRUCTURAL_USD,DWELLINGS,OCCUPANTS_PER_ASSET,TOTAL_AREA_SQM,TOTAL_REPL_COST_USD,AVG_BUILDING_AREA_SQM,AVG_TOT_COST_PER_AREA_USD
ISR,Israel,Com,141520.0,60532352971.0,52679775461.0,38754383768.0,0.0,0.0,72892873.0,151966512218.0,515.0711772187676,2084.792462741865
ISR,Israel,Ind,63516.0,24240350482.0,11941176202.0,9409310421.0,0.0,0.0,26358629.0,45590837110.0,414.99195478304676,1729.636132061345
ISR,Israel,Res,993843.0,126425298632.0,227658926498.0,155892966574.0,2725049.0,8838007.0,306851639.0,509977191699.0,308.7526289363612,1661.966653855807
