ID_0,NAME_0,OCCUPANCY,BUILDINGS,COST_CONTENTS_USD,COST_NONSTRUCTURAL_USD,COST_STRUCTURAL_USD,DWELLINGS,OCCUPANTS_PER_ASSET,TOTAL_AREA_SQM,TOTAL_REPL_COST_USD,AVG_BUILDING_AREA_SQM,AVG_TOT_COST_PER_AREA_USD
MWI,Malawi,Com,45906.0,605166845.0,611549821.0,1187261596.0,0.0,0.0,8466282.0,2403978266.0,184.42648019866684,283.9473414658288
MWI,Malawi,Ind,12863.0,324164426.0,243363466.0,393118130.0,0.0,0.0,3663961.0,960646011.0,284.844981730545,262.18783742512545
MWI,Malawi,Res,4050770.0,9360218039.0,16526656666.0,33590033110.0,4249725.0,19074242.0,325553083.0,59476907809.0,80.36819740444409,182.69496102114934
