ID_0,NAME_0,OCCUPANCY,BUILDINGS,COST_CONTENTS_USD,COST_NONSTRUCTURAL_USD,COST_STRUCTURAL_USD,DWELLINGS,OCCUPANTS_PER_ASSET,TOTAL_AREA_SQM,TOTAL_REPL_COST_USD,AVG_BUILDING_AREA_SQM,AVG_TOT_COST_PER_AREA_USD
VCT,Saint Vincent and the Grenadines,Com,1465.0,183971288.79581153,189553370.4712042,178140630.7853403,0.0,0.0,794242.0,551665290.052356,542.1447098976109,694.580858293009
VCT,Saint Vincent and the Grenadines,Ind,374.0,22803731.308900524,16716870.942408375,11363120.261780106,0.0,0.0,140053.21183975984,50883722.513089,374.4738284485557,363.31706959571187
VCT,Saint Vincent and the Grenadines,Res,27319.0,397183157.00837696,549790823.3340313,492968245.9612565,28693.0,106022.0,8011543.935454546,1439942226.303665,293.2590481150315,179.73342440666124
