ID_0,NAME_0,OCCUPANCY,BUILDINGS,COST_CONTENTS_USD,COST_NONSTRUCTURAL_USD,COST_STRUCTURAL_USD,DWELLINGS,OCCUPANTS_PER_ASSET,TOTAL_AREA_SQM,TOTAL_REPL_COST_USD,AVG_BUILDING_AREA_SQM,AVG_TOT_COST_PER_AREA_USD
ARM,Armenia,Com,52054.0,5117444221.0,5579566796.0,4743859211.0,0.0,0.0,18219955.0,15440870194.0,350.02026741460793,847.4702705906793
ARM,Armenia,Ind,6979.0,1084520752.0,711641254.0,523799562.0,0.0,0.0,2892562.0,2319961592.0,414.46654248459663,802.0438600797494
ARM,Armenia,Res,593900.0,5489664246.0,17193839613.0,17419808248.0,822873.0,2962322.0,87352442.0,40103312065.0,147.0827445697929,459.09777845706935
