ID_0,NAME_0,OCCUPANCY,BUILDINGS,COST_CONTENTS_USD,COST_NONSTRUCTURAL_USD,COST_STRUCTURAL_USD,DWELLINGS,OCCUPANTS_PER_ASSET,TOTAL_AREA_SQM,TOTAL_REPL_COST_USD,AVG_BUILDING_AREA_SQM,AVG_TOT_COST_PER_AREA_USD
AZE,Azerbaijan,Com,110369.0,10500760634.0,11444454261.0,9756574042.0,0.0,0.0,38226247.0,31701788970.0,346.3494912520726,829.3199426561546
AZE,Azerbaijan,Ind,51436.0,8038559180.0,5275489111.0,3879766396.0,0.0,0.0,21258251.0,17193814694.0,413.2951823625476,808.8066461347173
AZE,Azerbaijan,Res,1379346.0,17378240108.0,48872809842.0,42048037562.0,2205110.0,10070038.0,201840630.0,108299087510.0,146.33067410207445,536.5574191380596
