ID_0,NAME_0,OCCUPANCY,BUILDINGS,COST_CONTENTS_USD,COST_NONSTRUCTURAL_USD,COST_STRUCTURAL_USD,DWELLINGS,OCCUPANTS_PER_ASSET,TOTAL_AREA_SQM,TOTAL_REPL_COST_USD,AVG_BUILDING_AREA_SQM,AVG_TOT_COST_PER_AREA_USD
LKA,Sri_Lanka,Com,56152.0,2009713161.172161,2532402364.468865,2403470635.5311356,69697.0,0.0,7869680.0,6945586161.172161,140.14959395925345,882.5754238002258
LKA,Sri_Lanka,Ind,25812.0,1617109538.095238,1173729247.6190476,1105251452.3809524,25812.0,0.0,6439070.0,3896090238.095238,249.4603285293662,605.0703343953767
LKA,Sri_Lanka,Res,4873192.0,10030397005.975725,27742104663.305325,46619857936.69468,5035722.0,20405950.0,333364933.0,84392359605.97572,68.40792092739215,253.15308015908116
