ID_0,NAME_0,ID_1,NAME_1,SETTLEMENT,OCCUPANCY,TAXONOMY,BUILDINGS,TOTAL_REPL_COST_USD,COST_STRUCTURAL_USD,COST_NONSTRUCTURAL_USD,COST_CONTENTS_USD,TOTAL_AREA_SQM,OCCUPANTS_PER_ASSET,OCCUPANTS_PER_ASSET_DAY,OCCUPANTS_PER_ASSET_NIGHT,OCCUPANTS_PER_ASSET_TRANSIT
MCO,Monaco,MCO,Monaco,RURAL,Res,CR/LFINF+CDN/HBET:1-3/RES,225.53679999999997,298214683.66999996,89464405.1,149107341.82999998,59642936.730000004,128555.976,1385.5505278419096,335.20360665479024,1315.9569490611102,696.6579177610627
MCO,Monaco,MCO,Monaco,RURAL,Res,CR/LFINF+CDN/HBET:4-7/RES,66.07737142857144,150215790.59,45064737.18,75107895.28999999,30043158.12,64755.824,1894.3683950271868,458.3009465089768,1799.2178584787116,952.4926843393952
MCO,Monaco,MCO,Monaco,RURAL,Res,MUR+CL/LWAL+CDN/H:1/RES,1549.3297523543772,652573476.53,195772042.95,326286738.27,130514695.31,310934.988,4548.049742347171,1100.3010328715404,4319.6098177952845,2286.769626736293
MCO,Monaco,MCO,Monaco,URBAN,Res,CR/LFINF+CDN/HBET:1-3/RES,898.1181999999999,875023146.81,262506944.04,437511573.40999997,175004629.37,377209.644,5517.44946392491,1235.1513548057612,5220.258891843165,2872.0936767904695
MCO,Monaco,MCO,Monaco,URBAN,Res,CR/LFINF+CDN/HBET:4-7/RES,263.12905714285705,598179656.52,179453896.96,299089828.26,119635931.30000001,257866.47600000002,7543.631637905539,1688.7380480122215,7137.303276096078,3926.8174305764505
MCO,Monaco,MCO,Monaco,URBAN,Res,MUR+CL/LWAL+CDN/H:1/RES,6169.6412975235435,2041785530.06,612535659.02,1020892765.02,408357106.01,972859.888,18110.950232953288,4054.366943152561,17135.426361666832,9427.6070827352
