ID_0,NAME_0,OCCUPANCY,AREA_SQM,BUILDINGS,COST_CONTENTS_USD,COST_NONSTRUCTURAL_USD,COST_STRUCTURAL_USD,DWELLINGS,OCCUPANTS_PER_ASSET,TOTAL_REPL_COST_USD,ID_1,NAME_1,AVG_BUILDING_AREA_SQM,AVG_TOT_COST_PER_AREA_USD
MCO,Monaco,Com,308460.533,790.0,1430706360.26,858423816.17,572282544.11,0.0,15600.0,2861412720.52,,,390.45637088607594,9276.430578300271
MCO,Monaco,Ind,45675.2251,167.0,204688886.94,85287036.23,51172221.73,0.0,15600.0,341148144.9,,,273.5043419161677,7468.9975616562415
MCO,Monaco,Res,1689741.8823,9171.8325,923198456.84,2307996142.08,1384797685.25,19045.0,39000.0,4615992284.18,,,184.23165515724364,2731.7736114210065
MCO,Monaco,Com,308460.533,790.0,1430706360.26,858423816.17,572282544.11,0.0,15600.0,2861412720.52,MCO,Monaco,390.45637088607594,9276.430578300271
MCO,Monaco,Ind,45675.2251,167.0,204688886.94,85287036.23,51172221.73,0.0,15600.0,341148144.9,MCO,Monaco,273.5043419161677,7468.9975616562415
MCO,Monaco,Res,1689741.8823,9171.8325,923198456.84,2307996142.08,1384797685.25,19045.0,39000.0,4615992284.18,MCO,Monaco,184.23165515724364,2731.7736114210065
