ID_0,NAME_0,ID_1,NAME_1,OCCUPANCY,BUILDINGS,COST_CONTENTS_USD,COST_NONSTRUCTURAL_USD,COST_STRUCTURAL_USD,DWELLINGS,OCCUPANTS_PER_ASSET,TOTAL_AREA_SQM,TOTAL_REPL_COST_USD,AVG_BUILDING_AREA_SQM,AVG_TOT_COST_PER_AREA_USD
MCO,Monaco,MCO,Monaco,Com,790.0,1430706360.26,858423816.17,572282544.11,0.0,0.0,616920.932,2861412720.52,780.9125721518988,4638.216296606385
MCO,Monaco,MCO,Monaco,Ind,167.0,204688886.94,85287036.23,51172221.730000004,0.0,0.0,114188.03418803419,341148144.9,683.7606837606837,2987.5997719535926
MCO,Monaco,MCO,Monaco,Res,9171.832478449349,923198456.84,2307996142.08,1384797685.25,19045.0,39000.0,2112182.796,4615992284.18,230.29016294866955,2185.413257281355
