ID_0,NAME_0,OCCUPANCY,MACRO_TAXONOMY,TAXONOMY,SETTLEMENT,BUILDINGS,BLDG_REPL_COST_USD,COST_CONTENTS_USD,OCCUPANTS_TOTAL,TOTAL_AREA_SQM,TOTAL_REPL_COST_USD,CARBON_BUILDINGS_TON,DWELLINGS,AVG_BUILDING_AREA_SQM,AVG_BLDG_COST_PER_AREA_USD
ESP,Spain,IND,CR-,CR+PC/LFM/CDL+ERH/H:2/IND,TOTAL,9868.0,11923253871.0,3974417968.0,0.0,14027357.0,15897671811.0,5660056.0,0.0,1421.0,850.0
ESP,Spain,IND,CR-,CR+PC/LFM/CDL+ERL/H:1/IND,TOTAL,43418.0,52462316992.0,17487439002.0,0.0,61720373.0,69949755961.0,24875455.0,0.0,1422.0,850.0
ESP,Spain,IND,CR-,CR+PC/LFM/CDL+ERM/H:2/IND,TOTAL,9868.0,11923253871.0,3974417968.0,0.0,14027357.0,15897671811.0,5660056.0,0.0,1421.0,850.0
ESP,Spain,RES,CR+,CR/LDUAL/CDH+ERH+LFC:13.0/H:10-15/RES,RURAL,138.0,684856799.0,120857082.0,13506.0,622597.0,805713882.0,215539.0,8301.0,4512.0,1100.0
ESP,Spain,RES,CR+,CR/LDUAL/CDH+ERH+LFC:13.0/H:10-15/RES,URBAN,425.0,2483840912.0,438324868.0,42155.0,1910647.0,2922165779.0,661452.0,25475.0,4496.0,1300.0
ESP,Spain,RES,CR+,CR/LDUAL/CDH+ERH+LFC:13.0/H:6/RES,RURAL,143.0,264448376.0,46667361.0,5022.0,240408.0,311115737.0,82784.0,3005.0,1681.0,1100.0
ESP,Spain,RES,CR+,CR/LDUAL/CDH+ERH+LFC:13.0/H:6/RES,URBAN,409.0,893234695.0,157629651.0,14457.0,687104.0,1050864347.0,236603.0,8589.0,1680.0,1300.0
ESP,Spain,RES,CR+,CR/LDUAL/CDH+ERH+LFC:13.0/H:7/RES,RURAL,172.0,446015887.0,78708686.0,8550.0,405469.0,524724572.0,139747.0,5068.0,2357.0,1100.0
ESP,Spain,RES,CR+,CR/LDUAL/CDH+ERH+LFC:13.0/H:7/RES,URBAN,479.0,1465549434.0,258626370.0,23875.0,1127346.0,1724175804.0,388546.0,14092.0,2354.0,1300.0
ESP,Spain,RES,CR+,CR/LDUAL/CDH+ERH+LFC:13.0/H:8/RES,RURAL,121.0,424370939.0,74888989.0,8169.0,385792.0,499259929.0,133084.0,4822.0,3188.0,1100.0
ESP,Spain,RES,CR+,CR/LDUAL/CDH+ERH+LFC:13.0/H:8/RES,URBAN,402.0,1671372847.0,294948150.0,27757.0,1285671.0,1966320996.0,443509.0,16071.0,3198.0,1300.0
ESP,Spain,RES,CR+,CR/LDUAL/CDH+ERH+LFC:13.0/H:9/RES,URBAN,212.0,952994220.0,168175450.0,15593.0,733072.0,1121169670.0,253108.0,9520.0,3458.0,1300.0
ESP,Spain,RES,CR+,CR/LDUAL/CDH+ERH+LFC:13.0/H:9/RES,RURAL,74.0,282554438.0,49862548.0,5422.0,256868.0,332416986.0,88689.0,3336.0,3471.0,1100.0
ESP,Spain,RES,CR+,CR/LDUAL/CDH+ERH+LFC:14.0/H:10-15/RES,RURAL,6.0,30420898.0,5368394.0,582.0,27655.0,35789292.0,9574.0,369.0,4609.0,1100.0
ESP,Spain,RES,CR+,CR/LDUAL/CDH+ERH+LFC:14.0/H:10-15/RES,URBAN,5.0,30740480.0,5424791.0,497.0,23647.0,36165270.0,8186.0,315.0,4729.0,1300.0
ESP,Spain,RES,CR+,CR/LDUAL/CDH+ERH+LFC:14.0/H:6/RES,RURAL,23.0,42807665.0,7554294.0,767.0,38916.0,50361958.0,13401.0,486.0,1692.0,1100.0
ESP,Spain,RES,CR+,CR/LDUAL/CDH+ERH+LFC:14.0/H:6/RES,URBAN,20.0,43257372.0,7633654.0,656.0,33275.0,50891025.0,11458.0,416.0,1664.0,1300.0
ESP,Spain,RES,CR+,CR/LDUAL/CDH+ERH+LFC:14.0/H:7/RES,RURAL,32.0,82353792.0,14533022.0,1476.0,74867.0,96886814.0,25803.0,936.0,2340.0,1100.0
ESP,Spain,RES,CR+,CR/LDUAL/CDH+ERH+LFC:14.0/H:7/RES,URBAN,27.0,83218945.0,14685696.0,1262.0,64015.0,97904641.0,22063.0,800.0,2371.0,1300.0
ESP,Spain,RES,CR+,CR/LDUAL/CDH+ERH+LFC:14.0/H:8/RES,RURAL,20.0,69890063.0,12333541.0,1253.0,63536.0,82223604.0,21918.0,794.0,3177.0,1100.0
ESP,Spain,RES,CR+,CR/LDUAL/CDH+ERH+LFC:14.0/H:8/RES,URBAN,17.0,70522864.0,12445211.0,1070.0,54248.0,82968075.0,18714.0,678.0,3191.0,1300.0
ESP,Spain,RES,CR+,CR/LDUAL/CDH+ERH+LFC:14.0/H:9/RES,RURAL,1.0,2402471.0,423965.0,45.0,2184.0,2826436.0,754.0,28.0,2184.0,1100.0
ESP,Spain,RES,CR+,CR/LDUAL/CDH+ERH+LFC:14.0/H:9/RES,URBAN,1.0,2427710.0,428419.0,38.0,1867.0,2856129.0,645.0,24.0,1867.0,1300.0
ESP,Spain,RES,CR+,CR/LDUAL/CDH+ERH+LFC:2.0/H:10-15/RES,URBAN,378.0,2211324458.0,390233726.0,32307.0,1701019.0,2601558186.0,588880.0,22680.0,4500.0,1300.0
ESP,Spain,RES,CR+,CR/LDUAL/CDH+ERH+LFC:2.0/H:10-15/RES,BIG_CITY,171.0,1154039038.0,203653948.0,30016.0,769359.0,1357692986.0,266347.0,10258.0,4499.0,1500.0
ESP,Spain,RES,CR+,CR/LDUAL/CDH+ERH+LFC:2.0/H:10-15/RES,RURAL,540.0,2670999678.0,471352882.0,43137.0,2428182.0,3142352560.0,840619.0,32376.0,4497.0,1100.0
ESP,Spain,RES,CR+,CR/LDUAL/CDH+ERH+LFC:2.0/H:6/RES,BIG_CITY,518.0,1304209282.0,230154579.0,31801.0,869473.0,1534363861.0,299402.0,10868.0,1679.0,1500.0
ESP,Spain,RES,CR+,CR/LDUAL/CDH+ERH+LFC:2.0/H:6/RES,RURAL,1162.0,2147487469.0,378968376.0,32004.0,1952261.0,2526455846.0,672258.0,24403.0,1680.0,1100.0
ESP,Spain,RES,CR+,CR/LDUAL/CDH+ERH+LFC:2.0/H:6/RES,URBAN,742.0,1619990174.0,285880619.0,21807.0,1246146.0,1905870788.0,429109.0,15577.0,1679.0,1300.0
ESP,Spain,RES,CR+,CR/LDUAL/CDH+ERH+LFC:2.0/H:7/RES,BIG_CITY,755.0,2663086610.0,469956460.0,64936.0,1775391.0,3133043071.0,611899.0,22192.0,2352.0,1500.0
ESP,Spain,RES,CR+,CR/LDUAL/CDH+ERH+LFC:2.0/H:7/RES,RURAL,1468.0,3798340740.0,670295425.0,56391.0,3453037.0,4468636159.0,1190109.0,43163.0,2352.0,1100.0
ESP,Spain,RES,CR+,CR/LDUAL/CDH+ERH+LFC:2.0/H:7/RES,URBAN,946.0,2893956320.0,510698172.0,38578.0,2226120.0,3404654495.0,767245.0,27827.0,2353.0,1300.0
ESP,Spain,RES,CR+,CR/LDUAL/CDH+ERH+LFC:2.0/H:8/RES,BIG_CITY,398.0,1909688635.0,337003877.0,46565.0,1273126.0,2246692511.0,439182.0,15914.0,3199.0,1500.0
ESP,Spain,RES,CR+,CR/LDUAL/CDH+ERH+LFC:2.0/H:8/RES,RURAL,725.0,2552274695.0,450401418.0,38372.0,2320250.0,3002676113.0,800401.0,29003.0,3200.0,1100.0
ESP,Spain,RES,CR+,CR/LDUAL/CDH+ERH+LFC:2.0/H:8/RES,URBAN,483.0,2009290943.0,354580754.0,27191.0,1545608.0,2363871698.0,533178.0,19320.0,3200.0,1300.0
ESP,Spain,RES,CR+,CR/LDUAL/CDH+ERH+LFC:2.0/H:9/RES,URBAN,292.0,1316273565.0,232283572.0,18653.0,1012518.0,1548557132.0,349593.0,13150.0,3468.0,1300.0
ESP,Spain,RES,CR+,CR/LDUAL/CDH+ERH+LFC:2.0/H:9/RES,BIG_CITY,130.0,676237842.0,119336090.0,17132.0,450825.0,795573932.0,155657.0,5855.0,3468.0,1500.0
ESP,Spain,RES,CR+,CR/LDUAL/CDH+ERH+LFC:2.0/H:9/RES,RURAL,408.0,1556962294.0,274758052.0,25297.0,1415420.0,1831720347.0,488703.0,18382.0,3469.0,1100.0
ESP,Spain,RES,CR+,CR/LDUAL/CDH+ERH+LFC:5.0/H:10-15/RES,BIG_CITY,118.0,793855785.0,140092197.0,15253.0,529237.0,933947982.0,183218.0,7056.0,4485.0,1500.0
ESP,Spain,RES,CR+,CR/LDUAL/CDH+ERH+LFC:5.0/H:10-15/RES,RURAL,188.0,931818464.0,164438552.0,17649.0,847108.0,1096257017.0,293263.0,11295.0,4506.0,1100.0
ESP,Spain,RES,CR+,CR/LDUAL/CDH+ERH+LFC:5.0/H:10-15/RES,URBAN,259.0,1517027623.0,267710757.0,27863.0,1166944.0,1784738380.0,403988.0,15559.0,4506.0,1300.0
ESP,Spain,RES,CR+,CR/LDUAL/CDH+ERH+LFC:5.0/H:6/RES,BIG_CITY,321.0,808897266.0,142746576.0,14570.0,539265.0,951643842.0,185695.0,6741.0,1680.0,1500.0
ESP,Spain,RES,CR+,CR/LDUAL/CDH+ERH+LFC:5.0/H:6/RES,RURAL,476.0,879616818.0,155226499.0,16292.0,799652.0,1034843315.0,275359.0,9996.0,1680.0,1100.0
ESP,Spain,RES,CR+,CR/LDUAL/CDH+ERH+LFC:5.0/H:6/RES,URBAN,503.0,1098473458.0,193848256.0,20224.0,844980.0,1292321713.0,290967.0,10562.0,1680.0,1300.0
ESP,Spain,RES,CR+,CR/LDUAL/CDH+ERH+LFC:5.0/H:7/RES,RURAL,579.0,1496851884.0,264150332.0,26502.0,1360774.0,1761002217.0,468999.0,17010.0,2350.0,1100.0
ESP,Spain,RES,CR+,CR/LDUAL/CDH+ERH+LFC:5.0/H:7/RES,BIG_CITY,409.0,1441307853.0,254348445.0,25961.0,960872.0,1695656298.0,331170.0,12011.0,2349.0,1500.0
ESP,Spain,RES,CR+,CR/LDUAL/CDH+ERH+LFC:5.0/H:7/RES,URBAN,616.0,1884130629.0,332493641.0,34019.0,1449331.0,2216624269.0,499521.0,18117.0,2353.0,1300.0
ESP,Spain,RES,CR+,CR/LDUAL/CDH+ERH+LFC:5.0/H:8/RES,BIG_CITY,146.0,701758789.0,123839786.0,12640.0,467839.0,825598575.0,161387.0,5848.0,3204.0,1500.0
ESP,Spain,RES,CR+,CR/LDUAL/CDH+ERH+LFC:5.0/H:8/RES,RURAL,341.0,1198954567.0,211580219.0,21600.0,1089959.0,1410534785.0,375996.0,13624.0,3196.0,1100.0
ESP,Spain,RES,CR+,CR/LDUAL/CDH+ERH+LFC:5.0/H:8/RES,URBAN,410.0,1704777194.0,300843037.0,31287.0,1311367.0,2005620227.0,452373.0,16392.0,3198.0,1300.0
ESP,Spain,RES,CR+,CR/LDUAL/CDH+ERH+LFC:5.0/H:9/RES,URBAN,149.0,672406397.0,118659952.0,12685.0,517236.0,791066351.0,178586.0,6717.0,3471.0,1300.0
ESP,Spain,RES,CR+,CR/LDUAL/CDH+ERH+LFC:5.0/H:9/RES,BIG_CITY,70.0,361552564.0,63803394.0,6766.0,241035.0,425355957.0,83222.0,3130.0,3443.0,1500.0
ESP,Spain,RES,CR+,CR/LDUAL/CDH+ERH+LFC:5.0/H:9/RES,RURAL,103.0,391877128.0,69154788.0,7329.0,356252.0,461031915.0,123003.0,4627.0,3459.0,1100.0
ESP,Spain,RES,CR+,CR/LDUAL/CDH+ERH+LFC:9.0/H:10-15/RES,URBAN,34.0,201487736.0,35556659.0,4217.0,154991.0,237044396.0,53657.0,2067.0,4559.0,1300.0
ESP,Spain,RES,CR+,CR/LDUAL/CDH+ERH+LFC:9.0/H:10-15/RES,RURAL,19.0,95263491.0,16811204.0,2277.0,86603.0,112074696.0,29981.0,1155.0,4558.0,1100.0
ESP,Spain,RES,CR+,CR/LDUAL/CDH+ERH+LFC:9.0/H:6/RES,RURAL,72.0,133659097.0,23586900.0,2955.0,121508.0,157245996.0,41841.0,1519.0,1688.0,1100.0
ESP,Spain,RES,CR+,CR/LDUAL/CDH+ERH+LFC:9.0/H:6/RES,URBAN,126.0,274913110.0,48514078.0,5354.0,211472.0,323427190.0,72820.0,2643.0,1678.0,1300.0
ESP,Spain,RES,CR+,CR/LDUAL/CDH+ERH+LFC:9.0/H:7/RES,RURAL,111.0,288178295.0,50854993.0,6575.0,261980.0,339033290.0,90293.0,3275.0,2360.0,1100.0
ESP,Spain,RES,CR+,CR/LDUAL/CDH+ERH+LFC:9.0/H:7/RES,URBAN,217.0,664306212.0,117230508.0,13180.0,511005.0,781536721.0,176121.0,6388.0,2355.0,1300.0
ESP,Spain,RES,CR+,CR/LDUAL/CDH+ERH+LFC:9.0/H:8/RES,RURAL,46.0,162875199.0,28742682.0,3706.0,148068.0,191617881.0,51078.0,1851.0,3219.0,1100.0
ESP,Spain,RES,CR+,CR/LDUAL/CDH+ERH+LFC:9.0/H:8/RES,URBAN,89.0,368305236.0,64995041.0,7294.0,283312.0,433300277.0,97732.0,3541.0,3183.0,1300.0
ESP,Spain,RES,CR+,CR/LDUAL/CDH+ERH+LFC:9.0/H:9/RES,RURAL,9.0,34373376.0,6065889.0,780.0,31249.0,40439266.0,10789.0,406.0,3472.0,1100.0
ESP,Spain,RES,CR+,CR/LDUAL/CDH+ERH+LFC:9.0/H:9/RES,URBAN,14.0,62031750.0,10946780.0,1238.0,47717.0,72978530.0,16475.0,620.0,3408.0,1300.0
ESP,Spain,RES,CR-,CR/LDUAL/CDL+ERL+LFC:0.0/H:10-15/RES,URBAN,548.0,3206114259.0,565784869.0,51882.0,2466242.0,3771899127.0,853795.0,32883.0,4500.0,1300.0
ESP,Spain,RES,CR-,CR/LDUAL/CDL+ERL+LFC:0.0/H:10-15/RES,RURAL,664.0,3288753623.0,580368287.0,59361.0,2989776.0,3869121910.0,1035039.0,39864.0,4503.0,1100.0
ESP,Spain,RES,CR-,CR/LDUAL/CDL+ERL+LFC:0.0/H:10-15/RES,BIG_CITY,703.0,4743834096.0,837147193.0,117475.0,3162556.0,5580981289.0,1094854.0,42167.0,4499.0,1500.0
ESP,Spain,COM,CR-,CR/LDUAL/CDL+ERL+LFC:0.0/H:10/COM,TOTAL,173.0,592338321.0,148084579.0,0.0,423099.0,740422897.0,192367.0,0.0,2446.0,1400.0
ESP,Spain,RES,CR-,CR/LDUAL/CDL+ERL+LFC:10.0/H:10-15/RES,RURAL,11.0,54828488.0,9675615.0,1048.0,49844.0,64504103.0,17256.0,665.0,4531.0,1100.0
ESP,Spain,RES,CR-,CR/LDUAL/CDL+ERL+LFC:10.0/H:10-15/RES,URBAN,9.0,55404479.0,9777261.0,896.0,42619.0,65181740.0,14754.0,568.0,4735.0,1300.0
ESP,Spain,RES,CR-,CR/LDUAL/CDL+ERL+LFC:14.0/H:10-15/RES,RURAL,114.0,565638096.0,99818488.0,10592.0,514216.0,665456583.0,178018.0,6856.0,4511.0,1100.0
ESP,Spain,RES,CR-,CR/LDUAL/CDL+ERL+LFC:14.0/H:10-15/RES,URBAN,236.0,1378261576.0,243222631.0,22546.0,1060201.0,1621484207.0,367034.0,14136.0,4492.0,1300.0
ESP,Spain,RES,CR-,CR/LDUAL/CDL+ERL+LFC:2.0/H:10-15/RES,RURAL,1109.0,5489093618.0,968663580.0,86930.0,4990085.0,6457757198.0,1727531.0,66534.0,4500.0,1100.0
ESP,Spain,RES,CR-,CR/LDUAL/CDL+ERL+LFC:2.0/H:10-15/RES,BIG_CITY,1380.0,9313729718.0,1643599362.0,242244.0,6209153.0,10957329080.0,2149564.0,82789.0,4499.0,1500.0
ESP,Spain,RES,CR-,CR/LDUAL/CDL+ERL+LFC:2.0/H:10-15/RES,URBAN,906.0,5299722015.0,935245059.0,75551.0,4076709.0,6234967075.0,1411327.0,54356.0,4500.0,1300.0
ESP,Spain,RES,CR-,CR/LDUAL/CDL+ERL+LFC:20.0/H:10-15/RES,RURAL,72.0,358645844.0,63290443.0,7036.0,326042.0,421936288.0,112873.0,4347.0,4528.0,1100.0
ESP,Spain,RES,CR-,CR/LDUAL/CDL+ERL+LFC:20.0/H:10-15/RES,URBAN,187.0,1095223338.0,193274706.0,19993.0,842479.0,1288498045.0,291660.0,11233.0,4505.0,1300.0
ESP,Spain,RES,CR-,CR/LDUAL/CDL+ERL+LFC:4.0/H:10-15/RES,RURAL,998.0,4942300964.0,872170759.0,110845.0,4493001.0,5814471728.0,1555444.0,59907.0,4502.0,1100.0
ESP,Spain,RES,CR-,CR/LDUAL/CDL+ERL+LFC:4.0/H:10-15/RES,BIG_CITY,1176.0,7936506655.0,1400559998.0,152486.0,5291004.0,9337066652.0,1831707.0,70547.0,4499.0,1500.0
ESP,Spain,RES,CR-,CR/LDUAL/CDL+ERL+LFC:4.0/H:10-15/RES,URBAN,1350.0,7900090299.0,1394133583.0,162632.0,6076993.0,9294223875.0,2103811.0,81027.0,4501.0,1300.0
ESP,Spain,COM,CR-,CR/LDUAL/CDL+ERL+LFC:4.0/H:10/COM,TOTAL,53.0,180808178.0,45202043.0,0.0,129149.0,226010223.0,58719.0,0.0,2437.0,1400.0
ESP,Spain,RES,CR-,CR/LDUAL/CDL+ERL+LFC:8.0/H:10-15/RES,URBAN,261.0,1529294901.0,269875572.0,30922.0,1176381.0,1799170473.0,407254.0,15685.0,4507.0,1300.0
ESP,Spain,RES,CR-,CR/LDUAL/CDL+ERL+LFC:8.0/H:10-15/RES,RURAL,132.0,651107615.0,114901344.0,13577.0,591916.0,766008959.0,204917.0,7892.0,4484.0,1100.0
ESP,Spain,COM,CR-,CR/LDUAL/CDL+ERL+LFC:8.0/H:10/COM,TOTAL,8.0,27460109.0,6865028.0,0.0,19614.0,34325136.0,8918.0,0.0,2452.0,1400.0
ESP,Spain,RES,CR+,CR/LDUAL/CDM+ERM+LFC:1.0/H:10-15/RES,RURAL,248.0,1228094298.0,216722521.0,21223.0,1116449.0,1444816822.0,386507.0,14886.0,4502.0,1100.0
ESP,Spain,RES,CR+,CR/LDUAL/CDM+ERM+LFC:1.0/H:10-15/RES,URBAN,165.0,966083503.0,170485325.0,14617.0,743141.0,1136568829.0,257270.0,9909.0,4504.0,1300.0
ESP,Spain,RES,CR+,CR/LDUAL/CDM+ERM+LFC:1.0/H:10-15/RES,BIG_CITY,110.0,743955975.0,131286349.0,19350.0,495971.0,875242324.0,171701.0,6613.0,4509.0,1500.0
ESP,Spain,RES,CR+,CR/LDUAL/CDM+ERM+LFC:12.0/H:10-15/RES,RURAL,9.0,46986013.0,8291649.0,969.0,42715.0,55277662.0,14787.0,570.0,4746.0,1100.0
ESP,Spain,RES,CR+,CR/LDUAL/CDM+ERM+LFC:12.0/H:10-15/RES,URBAN,40.0,232188883.0,40974508.0,4207.0,178607.0,273163391.0,61832.0,2381.0,4465.0,1300.0
ESP,Spain,RES,CR+,CR/LDUAL/CDM+ERM+LFC:5.0/H:10-15/RES,URBAN,117.0,683674239.0,120648395.0,12251.0,525903.0,804322635.0,182064.0,7012.0,4495.0,1300.0
ESP,Spain,RES,CR+,CR/LDUAL/CDM+ERM+LFC:5.0/H:10-15/RES,RURAL,81.0,400912263.0,70749223.0,8171.0,364466.0,471661483.0,126175.0,4860.0,4500.0,1100.0
ESP,Spain,RES,CR+,CR/LDUAL/CDM+ERM+LFC:5.0/H:10-15/RES,BIG_CITY,90.0,604842505.0,106736912.0,11621.0,403228.0,711579418.0,139595.0,5376.0,4480.0,1500.0
ESP,Spain,RES,CR+,CR/LFINF/CDH+ERH+LFC:13.0/H:10-15/RES,URBAN,283.0,1655893943.0,292216578.0,28103.0,1273765.0,1948110520.0,409932.0,16984.0,4501.0,1300.0
ESP,Spain,RES,CR+,CR/LFINF/CDH+ERH+LFC:13.0/H:10-15/RES,RURAL,92.0,456555296.0,80568582.0,9004.0,415050.0,537123878.0,133574.0,5534.0,4511.0,1100.0
ESP,Spain,RES,CR+,CR/LFINF/CDH+ERH+LFC:13.0/H:2/RES,RURAL,16032.0,3527125312.0,622433878.0,56019.0,3206478.0,4149559191.0,1022950.0,32065.0,200.0,1100.0
ESP,Spain,RES,CR+,CR/LFINF/CDH+ERH+LFC:13.0/H:2/RES,URBAN,58399.0,15183634146.0,2679464849.0,207790.0,11679719.0,17863098995.0,3726136.0,116797.0,200.0,1300.0
ESP,Spain,COM,CR+,CR/LFINF/CDH+ERH+LFC:13.0/H:3/COM,TOTAL,784.0,256898338.0,64224584.0,0.0,183499.0,321122922.0,79581.0,0.0,234.0,1400.0
ESP,Spain,RES,CR+,CR/LFINF/CDH+ERH+LFC:13.0/H:3/RES,RURAL,3545.0,584947998.0,103226117.0,9191.0,531771.0,688174114.0,169798.0,5318.0,150.0,1100.0
ESP,Spain,RES,CR+,CR/LFINF/CDH+ERH+LFC:13.0/H:3/RES,URBAN,12446.0,2426882058.0,428273304.0,32879.0,1866832.0,2855155364.0,596091.0,18668.0,150.0,1300.0
ESP,Spain,COM,CR+,CR/LFINF/CDH+ERH+LFC:13.0/H:4/COM,TOTAL,472.0,190217191.0,47554298.0,0.0,135869.0,237771489.0,58981.0,0.0,288.0,1400.0
ESP,Spain,RES,CR+,CR/LFINF/CDH+ERH+LFC:13.0/H:4/RES,URBAN,6084.0,1423760879.0,251251920.0,21336.0,1095201.0,1675012798.0,350011.0,12169.0,180.0,1300.0
ESP,Spain,RES,CR+,CR/LFINF/CDH+ERH+LFC:13.0/H:4/RES,RURAL,1560.0,308866263.0,54505811.0,5316.0,280788.0,363372073.0,89736.0,3120.0,180.0,1100.0
ESP,Spain,COM,CR+,CR/LFINF/CDH+ERH+LFC:13.0/H:5/COM,TOTAL,225.0,114191000.0,28547750.0,0.0,81565.0,142738751.0,35442.0,0.0,363.0,1400.0
ESP,Spain,RES,CR+,CR/LFINF/CDH+ERH+LFC:13.0/H:5/RES,URBAN,3398.0,1833288419.0,323521486.0,28799.0,1410222.0,2156809905.0,451083.0,16991.0,415.0,1300.0
ESP,Spain,RES,CR+,CR/LFINF/CDH+ERH+LFC:13.0/H:5/RES,RURAL,1077.0,491553480.0,86744731.0,8970.0,446867.0,578298213.0,142938.0,5384.0,415.0,1100.0
ESP,Spain,COM,CR+,CR/LFINF/CDH+ERH+LFC:13.0/H:6/COM,TOTAL,78.0,56762304.0,14190577.0,0.0,40545.0,70952881.0,17634.0,0.0,520.0,1400.0
ESP,Spain,RES,CR+,CR/LFINF/CDH+ERH+LFC:13.0/H:6/RES,RURAL,429.0,793345133.0,140002082.0,15066.0,721223.0,933347215.0,230897.0,9015.0,1681.0,1100.0
ESP,Spain,RES,CR+,CR/LFINF/CDH+ERH+LFC:13.0/H:6/RES,URBAN,1227.0,2680252629.0,472985758.0,43379.0,2061733.0,3153238387.0,660056.0,25772.0,1680.0,1300.0
ESP,Spain,RES,CR+,CR/LFINF/CDH+ERH+LFC:13.0/H:7/RES,RURAL,259.0,669192429.0,118092782.0,12829.0,608357.0,787285211.0,194934.0,7604.0,2349.0,1100.0
ESP,Spain,RES,CR+,CR/LFINF/CDH+ERH+LFC:13.0/H:7/RES,URBAN,719.0,2198324167.0,387939559.0,35812.0,1691019.0,2586263726.0,541847.0,21138.0,2352.0,1300.0
ESP,Spain,RES,CR+,CR/LFINF/CDH+ERH+LFC:13.0/H:8/RES,URBAN,603.0,2507059263.0,442422223.0,41636.0,1928507.0,2949481487.0,618485.0,24106.0,3198.0,1300.0
ESP,Spain,RES,CR+,CR/LFINF/CDH+ERH+LFC:13.0/H:8/RES,RURAL,181.0,637046502.0,112419971.0,12264.0,579133.0,749466473.0,185732.0,7239.0,3200.0,1100.0
ESP,Spain,RES,CR+,CR/LFINF/CDH+ERH+LFC:13.0/H:9/RES,RURAL,111.0,423831656.0,74793822.0,8133.0,385302.0,498625478.0,123677.0,5004.0,3471.0,1100.0
ESP,Spain,RES,CR+,CR/LFINF/CDH+ERH+LFC:13.0/H:9/RES,URBAN,317.0,1429640390.0,252289480.0,23392.0,1099723.0,1681929870.0,352997.0,14282.0,3469.0,1300.0
ESP,Spain,RES,CR+,CR/LFINF/CDH+ERH+LFC:14.0/H:10-15/RES,URBAN,4.0,20493653.0,3616527.0,332.0,15764.0,24110180.0,5073.0,210.0,3941.0,1300.0
ESP,Spain,RES,CR+,CR/LFINF/CDH+ERH+LFC:14.0/H:10-15/RES,RURAL,4.0,20280599.0,3578929.0,388.0,18437.0,23859528.0,5933.0,246.0,4609.0,1100.0
ESP,Spain,RES,CR+,CR/LFINF/CDH+ERH+LFC:14.0/H:2/RES,RURAL,11538.0,2538454945.0,447962637.0,36399.0,2307686.0,2986417582.0,736212.0,23077.0,200.0,1100.0
ESP,Spain,RES,CR+,CR/LFINF/CDH+ERH+LFC:14.0/H:2/RES,URBAN,9866.0,2565122233.0,452668629.0,31123.0,1973171.0,3017790863.0,629493.0,19732.0,200.0,1300.0
ESP,Spain,RES,CR+,CR/LFINF/CDH+ERH+LFC:14.0/H:3/RES,RURAL,3034.0,500540779.0,88330726.0,7177.0,455037.0,588871505.0,145296.0,4550.0,150.0,1100.0
ESP,Spain,RES,CR+,CR/LFINF/CDH+ERH+LFC:14.0/H:3/RES,URBAN,2594.0,505799119.0,89258668.0,6137.0,389076.0,595057787.0,124234.0,3891.0,150.0,1300.0
ESP,Spain,RES,CR+,CR/LFINF/CDH+ERH+LFC:14.0/H:4/RES,RURAL,626.0,123930058.0,21870010.0,1974.0,112664.0,145800068.0,36006.0,1252.0,180.0,1100.0
ESP,Spain,RES,CR+,CR/LFINF/CDH+ERH+LFC:14.0/H:4/RES,URBAN,535.0,125231980.0,22099761.0,1688.0,96332.0,147331741.0,30786.0,1070.0,180.0,1300.0
ESP,Spain,RES,CR+,CR/LFINF/CDH+ERH+LFC:14.0/H:5/RES,RURAL,174.0,79632550.0,14052803.0,1376.0,72393.0,93685353.0,23156.0,872.0,416.0,1100.0
ESP,Spain,RES,CR+,CR/LFINF/CDH+ERH+LFC:14.0/H:5/RES,URBAN,149.0,80469119.0,14200433.0,1176.0,61899.0,94669551.0,19800.0,746.0,415.0,1300.0
ESP,Spain,RES,CR+,CR/LFINF/CDH+ERH+LFC:14.0/H:6/RES,RURAL,69.0,128422991.0,22662881.0,2302.0,116748.0,151085872.0,37377.0,1459.0,1692.0,1100.0
ESP,Spain,RES,CR+,CR/LFINF/CDH+ERH+LFC:14.0/H:6/RES,URBAN,59.0,129772115.0,22900962.0,1968.0,99825.0,152673077.0,31959.0,1248.0,1692.0,1300.0
ESP,Spain,RES,CR+,CR/LFINF/CDH+ERH+LFC:14.0/H:7/RES,URBAN,41.0,124828416.0,22028544.0,1893.0,96022.0,146856960.0,30768.0,1200.0,2342.0,1300.0
ESP,Spain,RES,CR+,CR/LFINF/CDH+ERH+LFC:14.0/H:7/RES,RURAL,48.0,123530688.0,21799533.0,2214.0,112301.0,145330221.0,35984.0,1404.0,2340.0,1100.0
ESP,Spain,RES,CR+,CR/LFINF/CDH+ERH+LFC:14.0/H:8/RES,URBAN,25.0,105936423.0,18694663.0,1607.0,81490.0,124631086.0,26134.0,1019.0,3260.0,1300.0
ESP,Spain,RES,CR+,CR/LFINF/CDH+ERH+LFC:14.0/H:8/RES,RURAL,30.0,104835095.0,18500311.0,1879.0,95305.0,123335406.0,30565.0,1191.0,3177.0,1100.0
ESP,Spain,RES,CR+,CR/LFINF/CDH+ERH+LFC:14.0/H:9/RES,URBAN,1.0,3641565.0,642629.0,57.0,2801.0,4284194.0,899.0,36.0,2801.0,1300.0
ESP,Spain,RES,CR+,CR/LFINF/CDH+ERH+LFC:14.0/H:9/RES,RURAL,1.0,3603706.0,635948.0,67.0,3276.0,4239655.0,1052.0,43.0,3276.0,1100.0
ESP,Spain,RES,CR+,CR/LFINF/CDH+ERH+LFC:2.0/H:10-15/RES,BIG_CITY,114.0,768973089.0,135701134.0,20000.0,512649.0,904674223.0,164984.0,6835.0,4497.0,1500.0
ESP,Spain,RES,CR+,CR/LFINF/CDH+ERH+LFC:2.0/H:10-15/RES,RURAL,360.0,1780748109.0,314249667.0,28760.0,1618862.0,2094997772.0,520993.0,21585.0,4497.0,1100.0
ESP,Spain,RES,CR+,CR/LFINF/CDH+ERH+LFC:2.0/H:10-15/RES,URBAN,252.0,1473250615.0,259985403.0,21529.0,1133270.0,1733236015.0,364717.0,15110.0,4497.0,1300.0
ESP,Spain,RES,CR+,CR/LFINF/CDH+ERH+LFC:2.0/H:2/RES,URBAN,79812.0,20751005438.0,3661942138.0,213042.0,15962312.0,24412947575.0,5092395.0,159623.0,200.0,1300.0
ESP,Spain,RES,CR+,CR/LFINF/CDH+ERH+LFC:2.0/H:2/RES,BIG_CITY,25241.0,7572423490.0,1336310028.0,147715.0,5048282.0,8908733518.0,1610534.0,50483.0,200.0,1500.0
ESP,Spain,RES,CR+,CR/LFINF/CDH+ERH+LFC:2.0/H:2/RES,RURAL,186997.0,41139404846.0,7259894972.0,451986.0,37399459.0,48399299818.0,11931405.0,373995.0,200.0,1100.0
ESP,Spain,COM,CR+,CR/LFINF/CDH+ERH+LFC:2.0/H:3/COM,TOTAL,11726.0,3843614089.0,960903521.0,0.0,2745439.0,4804517612.0,1190658.0,0.0,234.0,1400.0
ESP,Spain,RES,CR+,CR/LFINF/CDH+ERH+LFC:2.0/H:3/RES,RURAL,45889.0,7571632331.0,1336170411.0,85132.0,6883302.0,8907802743.0,2197881.0,68833.0,150.0,1100.0
ESP,Spain,RES,CR+,CR/LFINF/CDH+ERH+LFC:2.0/H:3/RES,URBAN,20317.0,3961859732.0,699151719.0,40751.0,3047584.0,4661011451.0,973113.0,30476.0,150.0,1300.0
ESP,Spain,RES,CR+,CR/LFINF/CDH+ERH+LFC:2.0/H:3/RES,BIG_CITY,16687.0,3754618825.0,662579793.0,73241.0,2503079.0,4417198617.0,799249.0,25031.0,150.0,1500.0
ESP,Spain,COM,CR+,CR/LFINF/CDH+ERH+LFC:2.0/H:4/COM,TOTAL,7061.0,2846187431.0,711546858.0,0.0,2032991.0,3557734289.0,882528.0,0.0,288.0,1400.0
ESP,Spain,RES,CR+,CR/LFINF/CDH+ERH+LFC:2.0/H:4/RES,BIG_CITY,4128.0,1114627497.0,196698970.0,24159.0,743085.0,1311326467.0,237480.0,8257.0,180.0,1500.0
ESP,Spain,RES,CR+,CR/LFINF/CDH+ERH+LFC:2.0/H:4/RES,RURAL,11908.0,2357767782.0,416076666.0,30493.0,2143425.0,2773844448.0,685009.0,23816.0,180.0,1100.0
ESP,Spain,RES,CR+,CR/LFINF/CDH+ERH+LFC:2.0/H:4/RES,URBAN,6344.0,1484531230.0,261976100.0,17432.0,1141947.0,1746507333.0,364951.0,12688.0,180.0,1300.0
ESP,Spain,COM,CR+,CR/LFINF/CDH+ERH+LFC:2.0/H:5/COM,TOTAL,3373.0,1708620349.0,427155088.0,0.0,1220443.0,2135775438.0,530308.0,0.0,362.0,1400.0
ESP,Spain,RES,CR+,CR/LFINF/CDH+ERH+LFC:2.0/H:5/RES,BIG_CITY,3381.0,2104463973.0,371375995.0,49460.0,1402976.0,2475839969.0,448765.0,16903.0,415.0,1500.0
ESP,Spain,RES,CR+,CR/LFINF/CDH+ERH+LFC:2.0/H:5/RES,RURAL,7372.0,3365162121.0,593852141.0,47711.0,3059238.0,3959014260.0,978548.0,36858.0,415.0,1100.0
ESP,Spain,RES,CR+,CR/LFINF/CDH+ERH+LFC:2.0/H:5/RES,URBAN,4498.0,2426886635.0,428274110.0,31051.0,1866836.0,2855160747.0,597138.0,22492.0,415.0,1300.0
ESP,Spain,COM,CR+,CR/LFINF/CDH+ERH+LFC:2.0/H:6/COM,TOTAL,1166.0,849324649.0,212331162.0,0.0,606660.0,1061655811.0,263860.0,0.0,520.0,1400.0
ESP,Spain,RES,CR+,CR/LFINF/CDH+ERH+LFC:2.0/H:6/RES,BIG_CITY,1553.0,3912627819.0,690463733.0,95404.0,2608419.0,4603091552.0,835076.0,32605.0,1680.0,1500.0
ESP,Spain,RES,CR+,CR/LFINF/CDH+ERH+LFC:2.0/H:6/RES,RURAL,3486.0,6442315929.0,1136879279.0,96011.0,5856651.0,7579195211.0,1874986.0,73208.0,1680.0,1100.0
ESP,Spain,RES,CR+,CR/LFINF/CDH+ERH+LFC:2.0/H:6/RES,URBAN,2225.0,4859859144.0,857622202.0,65420.0,3738353.0,5717481345.0,1196821.0,46729.0,1680.0,1300.0
ESP,Spain,RES,CR+,CR/LFINF/CDH+ERH+LFC:2.0/H:7/RES,URBAN,1420.0,4341286857.0,766109445.0,57871.0,3339451.0,5107396301.0,1070049.0,41743.0,2352.0,1300.0
ESP,Spain,RES,CR+,CR/LFINF/CDH+ERH+LFC:2.0/H:7/RES,RURAL,2202.0,5697104108.0,1005371311.0,84580.0,5179186.0,6702475420.0,1659548.0,64740.0,2352.0,1100.0
ESP,Spain,RES,CR+,CR/LFINF/CDH+ERH+LFC:2.0/H:7/RES,BIG_CITY,1132.0,3994629924.0,704934693.0,97404.0,2663087.0,4699564617.0,853324.0,33289.0,2353.0,1500.0
ESP,Spain,RES,CR+,CR/LFINF/CDH+ERH+LFC:2.0/H:8/RES,BIG_CITY,597.0,2864389406.0,505480484.0,69845.0,1909593.0,3369869890.0,612419.0,23870.0,3199.0,1500.0
ESP,Spain,RES,CR+,CR/LFINF/CDH+ERH+LFC:2.0/H:8/RES,RURAL,1088.0,3828148976.0,675555701.0,57555.0,3480135.0,4503704675.0,1116102.0,43502.0,3199.0,1100.0
ESP,Spain,RES,CR+,CR/LFINF/CDH+ERH+LFC:2.0/H:8/RES,URBAN,724.0,3013614064.0,531814248.0,40784.0,2318165.0,3545428308.0,743451.0,28977.0,3202.0,1300.0
ESP,Spain,RES,CR+,CR/LFINF/CDH+ERH+LFC:2.0/H:9/RES,BIG_CITY,195.0,1014356759.0,179004134.0,25697.0,676238.0,1193360893.0,217063.0,8782.0,3468.0,1500.0
ESP,Spain,RES,CR+,CR/LFINF/CDH+ERH+LFC:2.0/H:9/RES,RURAL,613.0,2336258187.0,412280856.0,37956.0,2123871.0,2748539040.0,681734.0,27583.0,3465.0,1100.0
ESP,Spain,RES,CR+,CR/LFINF/CDH+ERH+LFC:2.0/H:9/RES,URBAN,438.0,1974525565.0,348445686.0,27982.0,1518866.0,2322971258.0,487536.0,19726.0,3468.0,1300.0
ESP,Spain,RES,CR+,CR/LFINF/CDH+ERH+LFC:5.0/H:10-15/RES,BIG_CITY,78.0,529237188.0,93394798.0,10168.0,352825.0,622631987.0,113549.0,4704.0,4523.0,1500.0
ESP,Spain,RES,CR+,CR/LFINF/CDH+ERH+LFC:5.0/H:10-15/RES,RURAL,126.0,621638697.0,109700948.0,11775.0,565126.0,731339643.0,181873.0,7535.0,4485.0,1100.0
ESP,Spain,RES,CR+,CR/LFINF/CDH+ERH+LFC:5.0/H:10-15/RES,URBAN,173.0,1011351746.0,178473837.0,18575.0,777963.0,1189825584.0,250369.0,10373.0,4497.0,1300.0
ESP,Spain,RES,CR+,CR/LFINF/CDH+ERH+LFC:5.0/H:2/RES,BIG_CITY,24303.0,7290828085.0,1286616721.0,105060.0,4860552.0,8577444805.0,1550643.0,48605.0,200.0,1500.0
ESP,Spain,RES,CR+,CR/LFINF/CDH+ERH+LFC:5.0/H:2/RES,RURAL,74033.0,16287245567.0,2874219805.0,236510.0,14806587.0,19161465373.0,4723688.0,148066.0,200.0,1100.0
ESP,Spain,RES,CR+,CR/LFINF/CDH+ERH+LFC:5.0/H:2/RES,URBAN,94335.0,24527167285.0,4328323638.0,358139.0,18867052.0,28855490923.0,6019083.0,188671.0,200.0,1300.0
ESP,Spain,COM,CR+,CR/LFINF/CDH+ERH+LFC:5.0/H:3/COM,TOTAL,8263.0,2708358479.0,677089620.0,0.0,1934542.0,3385448100.0,838984.0,0.0,234.0,1400.0
ESP,Spain,RES,CR+,CR/LFINF/CDH+ERH+LFC:5.0/H:3/RES,URBAN,22000.0,4289956068.0,757051071.0,60702.0,3299966.0,5047007139.0,1053700.0,33000.0,150.0,1300.0
ESP,Spain,RES,CR+,CR/LFINF/CDH+ERH+LFC:5.0/H:3/RES,BIG_CITY,13779.0,3100215774.0,547096901.0,44674.0,2066811.0,3647312676.0,659945.0,20668.0,150.0,1500.0
ESP,Spain,RES,CR+,CR/LFINF/CDH+ERH+LFC:5.0/H:3/RES,RURAL,20221.0,3336516999.0,588797116.0,49629.0,3033197.0,3925314117.0,968519.0,30332.0,150.0,1100.0
ESP,Spain,COM,CR+,CR/LFINF/CDH+ERH+LFC:5.0/H:4/COM,TOTAL,4976.0,2005249376.0,501312342.0,0.0,1432321.0,2506561719.0,621775.0,0.0,288.0,1400.0
ESP,Spain,RES,CR+,CR/LFINF/CDH+ERH+LFC:5.0/H:4/RES,BIG_CITY,4206.0,1135750959.0,200426640.0,18185.0,757167.0,1336177600.0,241980.0,8413.0,180.0,1500.0
ESP,Spain,RES,CR+,CR/LFINF/CDH+ERH+LFC:5.0/H:4/RES,RURAL,5526.0,1094189163.0,193092204.0,18221.0,994717.0,1287281368.0,317898.0,11052.0,180.0,1100.0
ESP,Spain,RES,CR+,CR/LFINF/CDH+ERH+LFC:5.0/H:4/RES,URBAN,6239.0,1459853898.0,257621277.0,23979.0,1122965.0,1717475173.0,358884.0,12477.0,180.0,1300.0
ESP,Spain,COM,CR+,CR/LFINF/CDH+ERH+LFC:5.0/H:5/COM,TOTAL,2377.0,1203939836.0,300984959.0,0.0,859957.0,1504924794.0,373669.0,0.0,362.0,1400.0
ESP,Spain,RES,CR+,CR/LFINF/CDH+ERH+LFC:5.0/H:5/RES,BIG_CITY,2576.0,1603489229.0,282968687.0,27839.0,1068993.0,1886457917.0,341935.0,12879.0,415.0,1500.0
ESP,Spain,RES,CR+,CR/LFINF/CDH+ERH+LFC:5.0/H:5/RES,RURAL,3392.0,1548304164.0,273230148.0,27404.0,1407549.0,1821534310.0,450228.0,16958.0,415.0,1100.0
ESP,Spain,RES,CR+,CR/LFINF/CDH+ERH+LFC:5.0/H:5/RES,URBAN,3504.0,1890502407.0,333618071.0,33499.0,1454233.0,2224120477.0,465160.0,17521.0,415.0,1300.0
ESP,Spain,COM,CR+,CR/LFINF/CDH+ERH+LFC:5.0/H:6/COM,TOTAL,822.0,598436147.0,149609037.0,0.0,427454.0,748045184.0,185916.0,0.0,520.0,1400.0
ESP,Spain,RES,CR+,CR/LFINF/CDH+ERH+LFC:5.0/H:6/RES,BIG_CITY,963.0,2426691803.0,428239730.0,43711.0,1617795.0,2854931533.0,517931.0,20222.0,1680.0,1500.0
ESP,Spain,RES,CR+,CR/LFINF/CDH+ERH+LFC:5.0/H:6/RES,RURAL,1428.0,2638902058.0,465688598.0,48876.0,2399002.0,3104590655.0,768032.0,29988.0,1680.0,1100.0
ESP,Spain,RES,CR+,CR/LFINF/CDH+ERH+LFC:5.0/H:6/RES,URBAN,1509.0,3295864667.0,581623175.0,60679.0,2535281.0,3877487843.0,811661.0,31691.0,1680.0,1300.0
ESP,Spain,RES,CR+,CR/LFINF/CDH+ERH+LFC:5.0/H:7/RES,URBAN,924.0,2826195937.0,498740460.0,51028.0,2173997.0,3324936397.0,696606.0,27175.0,2353.0,1300.0
ESP,Spain,RES,CR+,CR/LFINF/CDH+ERH+LFC:5.0/H:7/RES,BIG_CITY,613.0,2161961775.0,381522666.0,38942.0,1441308.0,2543484441.0,461833.0,18016.0,2351.0,1500.0
ESP,Spain,RES,CR+,CR/LFINF/CDH+ERH+LFC:5.0/H:7/RES,RURAL,868.0,2245174850.0,396207328.0,39751.0,2041068.0,2641382178.0,654012.0,25513.0,2351.0,1100.0
ESP,Spain,RES,CR+,CR/LFINF/CDH+ERH+LFC:5.0/H:8/RES,URBAN,615.0,2557165807.0,451264554.0,46930.0,1967051.0,3008430362.0,630846.0,24588.0,3198.0,1300.0
ESP,Spain,RES,CR+,CR/LFINF/CDH+ERH+LFC:5.0/H:8/RES,RURAL,511.0,1798494838.0,317381444.0,32402.0,1634995.0,2115876279.0,524354.0,20437.0,3200.0,1100.0
ESP,Spain,RES,CR+,CR/LFINF/CDH+ERH+LFC:5.0/H:8/RES,BIG_CITY,219.0,1052638185.0,185759680.0,18961.0,701759.0,1238397865.0,225059.0,8772.0,3204.0,1500.0
ESP,Spain,RES,CR+,CR/LFINF/CDH+ERH+LFC:5.0/H:9/RES,BIG_CITY,104.0,542328844.0,95705090.0,10149.0,361553.0,638033934.0,116054.0,4695.0,3476.0,1500.0
ESP,Spain,RES,CR+,CR/LFINF/CDH+ERH+LFC:5.0/H:9/RES,RURAL,154.0,587815696.0,103732181.0,10994.0,534378.0,691547877.0,171528.0,6940.0,3470.0,1100.0
ESP,Spain,RES,CR+,CR/LFINF/CDH+ERH+LFC:5.0/H:9/RES,URBAN,224.0,1008609601.0,177989930.0,19027.0,775854.0,1186599530.0,249039.0,10076.0,3464.0,1300.0
ESP,Spain,RES,CR+,CR/LFINF/CDH+ERH+LFC:9.0/H:10-15/RES,RURAL,13.0,63508994.0,11207469.0,1518.0,57735.0,74716464.0,18581.0,770.0,4441.0,1100.0
ESP,Spain,RES,CR+,CR/LFINF/CDH+ERH+LFC:9.0/H:10-15/RES,URBAN,23.0,133867042.0,23623596.0,2801.0,102975.0,157490638.0,33140.0,1373.0,4477.0,1300.0
ESP,Spain,RES,CR+,CR/LFINF/CDH+ERH+LFC:9.0/H:2/RES,RURAL,17326.0,3811661885.0,672646215.0,65731.0,3465147.0,4484308100.0,1105473.0,34651.0,200.0,1100.0
ESP,Spain,RES,CR+,CR/LFINF/CDH+ERH+LFC:9.0/H:2/RES,URBAN,24053.0,6253895289.0,1103628580.0,94782.0,4810689.0,7357523870.0,1534735.0,48107.0,200.0,1300.0
ESP,Spain,COM,CR+,CR/LFINF/CDH+ERH+LFC:9.0/H:3/COM,TOTAL,3654.0,1197715828.0,299428957.0,0.0,855511.0,1497144785.0,371023.0,0.0,234.0,1400.0
ESP,Spain,RES,CR+,CR/LFINF/CDH+ERH+LFC:9.0/H:3/RES,RURAL,5027.0,829526478.0,146387025.0,14085.0,754115.0,975913503.0,240794.0,7541.0,150.0,1100.0
ESP,Spain,RES,CR+,CR/LFINF/CDH+ERH+LFC:9.0/H:3/RES,URBAN,7154.0,1394970260.0,246171223.0,20994.0,1073054.0,1641141482.0,342633.0,10731.0,150.0,1300.0
ESP,Spain,COM,CR+,CR/LFINF/CDH+ERH+LFC:9.0/H:4/COM,TOTAL,2200.0,886833886.0,221708472.0,0.0,633453.0,1108542357.0,274984.0,0.0,288.0,1400.0
ESP,Spain,RES,CR+,CR/LFINF/CDH+ERH+LFC:9.0/H:4/RES,URBAN,2091.0,489381945.0,86361519.0,8297.0,376448.0,575743464.0,120308.0,4183.0,180.0,1300.0
ESP,Spain,RES,CR+,CR/LFINF/CDH+ERH+LFC:9.0/H:4/RES,RURAL,1363.0,269961456.0,47640257.0,5166.0,245420.0,317601712.0,78433.0,2727.0,180.0,1100.0
ESP,Spain,COM,CR+,CR/LFINF/CDH+ERH+LFC:9.0/H:5/COM,TOTAL,1051.0,532383230.0,133095807.0,0.0,380274.0,665479038.0,165237.0,0.0,362.0,1400.0
ESP,Spain,RES,CR+,CR/LFINF/CDH+ERH+LFC:9.0/H:5/RES,URBAN,1014.0,546819160.0,96497499.0,10008.0,420630.0,643316659.0,134545.0,5068.0,415.0,1300.0
ESP,Spain,RES,CR+,CR/LFINF/CDH+ERH+LFC:9.0/H:5/RES,RURAL,678.0,309378710.0,54596243.0,6390.0,281253.0,363974954.0,89964.0,3389.0,415.0,1100.0
ESP,Spain,COM,CR+,CR/LFINF/CDH+ERH+LFC:9.0/H:6/COM,TOTAL,363.0,264638214.0,66159554.0,0.0,189027.0,330797768.0,82215.0,0.0,521.0,1400.0
ESP,Spain,RES,CR+,CR/LFINF/CDH+ERH+LFC:9.0/H:6/RES,RURAL,217.0,400937657.0,70753704.0,8864.0,364489.0,471691361.0,116690.0,4556.0,1680.0,1100.0
ESP,Spain,RES,CR+,CR/LFINF/CDH+ERH+LFC:9.0/H:6/RES,URBAN,378.0,824739338.0,145542236.0,16062.0,634415.0,970281575.0,203106.0,7930.0,1678.0,1300.0
ESP,Spain,RES,CR+,CR/LFINF/CDH+ERH+LFC:9.0/H:7/RES,URBAN,326.0,996459318.0,175845762.0,19770.0,766507.0,1172305080.0,245609.0,9581.0,2351.0,1300.0
ESP,Spain,RES,CR+,CR/LFINF/CDH+ERH+LFC:9.0/H:7/RES,RURAL,167.0,432627637.0,76346054.0,9871.0,393298.0,508973692.0,126023.0,4916.0,2355.0,1100.0
ESP,Spain,RES,CR+,CR/LFINF/CDH+ERH+LFC:9.0/H:8/RES,URBAN,133.0,552457848.0,97492561.0,10942.0,424968.0,649950409.0,136290.0,5312.0,3195.0,1300.0
ESP,Spain,RES,CR+,CR/LFINF/CDH+ERH+LFC:9.0/H:8/RES,RURAL,69.0,244312797.0,43114022.0,5559.0,222103.0,287426821.0,71230.0,2776.0,3219.0,1100.0
ESP,Spain,RES,CR+,CR/LFINF/CDH+ERH+LFC:9.0/H:9/RES,RURAL,14.0,51560064.0,9098835.0,1170.0,46873.0,60658899.0,15046.0,609.0,3348.0,1100.0
ESP,Spain,RES,CR+,CR/LFINF/CDH+ERH+LFC:9.0/H:9/RES,URBAN,21.0,93047628.0,16420169.0,1858.0,71575.0,109467797.0,22975.0,930.0,3408.0,1300.0
ESP,Spain,RES,CR-,CR/LFINF/CDL+ERL+LFC:0.0/H:10-15/RES,BIG_CITY,4075.0,27505176048.0,4853854596.0,620047.0,18336784.0,32359030645.0,5901270.0,244490.0,4500.0,1500.0
ESP,Spain,RES,CR-,CR/LFINF/CDL+ERL+LFC:0.0/H:10-15/RES,RURAL,3008.0,14888163767.0,2627323020.0,270829.0,13534694.0,17515486787.0,4355829.0,180463.0,4500.0,1100.0
ESP,Spain,RES,CR-,CR/LFINF/CDL+ERL+LFC:0.0/H:10-15/RES,URBAN,2737.0,16012547426.0,2825743661.0,267466.0,12317344.0,18838291094.0,3964053.0,164231.0,4500.0,1300.0
ESP,Spain,COM,CR-,CR/LFINF/CDL+ERL+LFC:0.0/H:10/COM,TOTAL,173.0,592345847.0,148086461.0,0.0,423104.0,740432307.0,184730.0,0.0,2446.0,1400.0
ESP,Spain,COM,CR-,CR/LFINF/CDL+ERL+LFC:0.0/H:3/COM,TOTAL,863.0,888978442.0,222244607.0,0.0,634985.0,1111223054.0,275384.0,0.0,736.0,1400.0
ESP,Spain,RES,CR-,CR/LFINF/CDL+ERL+LFC:0.0/H:3/RES,BIG_CITY,4997.0,1124345001.0,198413824.0,19080.0,749563.0,1322758826.0,239340.0,7496.0,150.0,1500.0
ESP,Spain,RES,CR-,CR/LFINF/CDL+ERL+LFC:0.0/H:3/RES,RURAL,7256.0,1197302277.0,211288638.0,14733.0,1088457.0,1408590912.0,347551.0,10885.0,150.0,1100.0
ESP,Spain,RES,CR-,CR/LFINF/CDL+ERL+LFC:0.0/H:3/RES,URBAN,4887.0,952918831.0,168162146.0,11643.0,733014.0,1121080976.0,234056.0,7330.0,150.0,1300.0
ESP,Spain,COM,CR-,CR/LFINF/CDL+ERL+LFC:0.0/H:4/COM,TOTAL,345.0,473397975.0,118349492.0,0.0,338141.0,591747471.0,146788.0,0.0,980.0,1400.0
ESP,Spain,RES,CR-,CR/LFINF/CDL+ERL+LFC:0.0/H:4/RES,URBAN,1498.0,350598614.0,61870344.0,4810.0,269691.0,412468959.0,86190.0,2997.0,180.0,1300.0
ESP,Spain,RES,CR-,CR/LFINF/CDL+ERL+LFC:0.0/H:4/RES,BIG_CITY,1130.0,305054330.0,53833117.0,5806.0,203370.0,358887447.0,64994.0,2260.0,180.0,1500.0
ESP,Spain,RES,CR-,CR/LFINF/CDL+ERL+LFC:0.0/H:4/RES,RURAL,1889.0,373990594.0,65998341.0,5240.0,339991.0,439988937.0,108657.0,3778.0,180.0,1100.0
ESP,Spain,COM,CR-,CR/LFINF/CDL+ERL+LFC:0.0/H:5/COM,TOTAL,173.0,296155415.0,74038854.0,0.0,211540.0,370194268.0,91918.0,0.0,1223.0,1400.0
ESP,Spain,RES,CR-,CR/LFINF/CDL+ERL+LFC:0.0/H:5/RES,URBAN,879.0,474401562.0,83717920.0,6943.0,364924.0,558119485.0,116727.0,4397.0,415.0,1300.0
ESP,Spain,RES,CR-,CR/LFINF/CDL+ERL+LFC:0.0/H:5/RES,BIG_CITY,675.0,419927307.0,74104819.0,8547.0,279952.0,494032125.0,89547.0,3373.0,415.0,1500.0
ESP,Spain,RES,CR-,CR/LFINF/CDL+ERL+LFC:0.0/H:5/RES,RURAL,989.0,451364113.0,79652488.0,7026.0,410331.0,531016601.0,131251.0,4944.0,415.0,1100.0
ESP,Spain,COM,CR-,CR/LFINF/CDL+ERL+LFC:0.0/H:6/COM,TOTAL,173.0,355349156.0,88837289.0,0.0,253821.0,444186445.0,110396.0,0.0,1467.0,1400.0
ESP,Spain,RES,CR-,CR/LFINF/CDL+ERL+LFC:0.0/H:6/RES,URBAN,559.0,1220874038.0,215448361.0,18267.0,939134.0,1436322395.0,300660.0,11739.0,1680.0,1300.0
ESP,Spain,RES,CR-,CR/LFINF/CDL+ERL+LFC:0.0/H:6/RES,BIG_CITY,293.0,737528320.0,130152057.0,15068.0,491686.0,867680377.0,157411.0,6146.0,1678.0,1500.0
ESP,Spain,RES,CR-,CR/LFINF/CDL+ERL+LFC:0.0/H:6/RES,RURAL,603.0,1114496667.0,196675884.0,17961.0,1013179.0,1311172546.0,324366.0,12665.0,1680.0,1100.0
ESP,Spain,COM,CR-,CR/LFINF/CDL+ERL+LFC:0.0/H:7/COM,TOTAL,173.0,414649994.0,103662498.0,0.0,296179.0,518312491.0,128943.0,0.0,1712.0,1400.0
ESP,Spain,RES,CR-,CR/LFINF/CDL+ERL+LFC:0.0/H:7/RES,BIG_CITY,2255.0,7954674677.0,1403766119.0,164246.0,5303116.0,9358440797.0,1699259.0,66289.0,2352.0,1500.0
ESP,Spain,RES,CR-,CR/LFINF/CDL+ERL+LFC:0.0/H:7/RES,URBAN,2253.0,6889162468.0,1215734556.0,105984.0,5299356.0,8104897021.0,1698054.0,66242.0,2352.0,1300.0
ESP,Spain,RES,CR-,CR/LFINF/CDL+ERL+LFC:0.0/H:7/RES,RURAL,2483.0,6424931066.0,1133811365.0,107833.0,5840846.0,7558742433.0,1871562.0,73011.0,2352.0,1100.0
ESP,Spain,COM,CR-,CR/LFINF/CDL+ERL+LFC:0.0/H:8/COM,TOTAL,173.0,473843732.0,118460932.0,0.0,338460.0,592304664.0,147492.0,0.0,1956.0,1400.0
ESP,Spain,RES,CR-,CR/LFINF/CDL+ERL+LFC:0.0/H:8/RES,URBAN,2192.0,9118323609.0,1609115934.0,140323.0,7014095.0,10727439543.0,2249467.0,87676.0,3200.0,1300.0
ESP,Spain,RES,CR-,CR/LFINF/CDL+ERL+LFC:0.0/H:8/RES,RURAL,2332.0,8207684025.0,1448414832.0,139477.0,7461531.0,9656098855.0,2392962.0,93269.0,3200.0,1100.0
ESP,Spain,RES,CR-,CR/LFINF/CDL+ERL+LFC:0.0/H:8/RES,BIG_CITY,2175.0,10441765074.0,1842664424.0,224706.0,6961177.0,12284429499.0,2232495.0,87015.0,3201.0,1500.0
ESP,Spain,COM,CR-,CR/LFINF/CDL+ERL+LFC:0.0/H:9/COM,TOTAL,173.0,533144576.0,133286145.0,0.0,380818.0,666430722.0,166109.0,0.0,2201.0,1400.0
ESP,Spain,RES,CR-,CR/LFINF/CDL+ERL+LFC:0.0/H:9/RES,BIG_CITY,1196.0,6213602614.0,1096518108.0,133704.0,4142402.0,7310120722.0,1329656.0,53797.0,3464.0,1500.0
ESP,Spain,RES,CR-,CR/LFINF/CDL+ERL+LFC:0.0/H:9/RES,URBAN,999.0,4502235680.0,794512180.0,72080.0,3463258.0,5296747860.0,1111660.0,44977.0,3467.0,1300.0
ESP,Spain,RES,CR-,CR/LFINF/CDL+ERL+LFC:0.0/H:9/RES,RURAL,1198.0,4565963321.0,805758233.0,81003.0,4150876.0,5371721550.0,1332376.0,53907.0,3465.0,1100.0
ESP,Spain,RES,CR-,CR/LFINF/CDL+ERL+LFC:10.0/H:10-15/RES,URBAN,36.0,209455956.0,36962816.0,3388.0,161120.0,246418772.0,51853.0,2148.0,4476.0,1300.0
ESP,Spain,RES,CR-,CR/LFINF/CDL+ERL+LFC:10.0/H:10-15/RES,RURAL,42.0,207278429.0,36578546.0,3963.0,188435.0,243856975.0,60643.0,2512.0,4487.0,1100.0
ESP,Spain,RES,CR-,CR/LFINF/CDL+ERL+LFC:10.0/H:3/RES,URBAN,372.0,72498789.0,12793904.0,880.0,55768.0,85292693.0,17807.0,558.0,150.0,1300.0
ESP,Spain,RES,CR-,CR/LFINF/CDL+ERL+LFC:10.0/H:3/RES,RURAL,435.0,71745085.0,12660897.0,1029.0,65223.0,84405982.0,20826.0,652.0,150.0,1100.0
ESP,Spain,RES,CR-,CR/LFINF/CDL+ERL+LFC:10.0/H:4/RES,RURAL,78.0,15469655.0,2729939.0,246.0,14063.0,18199594.0,4494.0,156.0,180.0,1100.0
ESP,Spain,RES,CR-,CR/LFINF/CDL+ERL+LFC:10.0/H:4/RES,URBAN,67.0,15632172.0,2758619.0,211.0,12025.0,18390790.0,3843.0,134.0,179.0,1300.0
ESP,Spain,RES,CR-,CR/LFINF/CDL+ERL+LFC:10.0/H:5/RES,RURAL,28.0,12653346.0,2232943.0,219.0,11503.0,14886289.0,3679.0,139.0,411.0,1100.0
ESP,Spain,RES,CR-,CR/LFINF/CDL+ERL+LFC:10.0/H:5/RES,URBAN,24.0,12786272.0,2256401.0,187.0,9836.0,15042673.0,3146.0,119.0,410.0,1300.0
ESP,Spain,RES,CR-,CR/LFINF/CDL+ERL+LFC:10.0/H:6/RES,RURAL,21.0,38774853.0,6842621.0,695.0,35250.0,45617474.0,11285.0,441.0,1679.0,1100.0
ESP,Spain,RES,CR-,CR/LFINF/CDL+ERL+LFC:10.0/H:6/RES,URBAN,18.0,39080763.0,6896605.0,593.0,30062.0,45977368.0,9624.0,376.0,1670.0,1300.0
ESP,Spain,RES,CR-,CR/LFINF/CDL+ERL+LFC:10.0/H:7/RES,RURAL,80.0,206802432.0,36494547.0,3707.0,188002.0,243296979.0,60241.0,2350.0,2350.0,1100.0
ESP,Spain,RES,CR-,CR/LFINF/CDL+ERL+LFC:10.0/H:7/RES,URBAN,68.0,209063168.0,36893500.0,3171.0,160818.0,245956668.0,51530.0,2010.0,2365.0,1300.0
ESP,Spain,RES,CR-,CR/LFINF/CDL+ERL+LFC:10.0/H:8/RES,URBAN,44.0,182579529.0,32219917.0,2769.0,140446.0,214799446.0,45042.0,1756.0,3192.0,1300.0
ESP,Spain,RES,CR-,CR/LFINF/CDL+ERL+LFC:10.0/H:8/RES,RURAL,51.0,180681412.0,31884955.0,3239.0,164256.0,212566367.0,52678.0,2053.0,3221.0,1100.0
ESP,Spain,RES,CR-,CR/LFINF/CDL+ERL+LFC:10.0/H:9/RES,RURAL,11.0,40158524.0,7086798.0,748.0,36508.0,47245322.0,11719.0,474.0,3319.0,1100.0
ESP,Spain,RES,CR-,CR/LFINF/CDL+ERL+LFC:10.0/H:9/RES,URBAN,9.0,40580402.0,7161247.0,639.0,31216.0,47741649.0,10020.0,405.0,3468.0,1300.0
ESP,Spain,RES,CR-,CR/LFINF/CDL+ERL+LFC:14.0/H:10-15/RES,URBAN,236.0,1378261576.0,243222631.0,22546.0,1060201.0,1621484207.0,341201.0,14136.0,4492.0,1300.0
ESP,Spain,RES,CR-,CR/LFINF/CDL+ERL+LFC:14.0/H:10-15/RES,RURAL,114.0,565638096.0,99818488.0,10592.0,514216.0,665456583.0,165489.0,6856.0,4511.0,1100.0
ESP,Spain,RES,CR-,CR/LFINF/CDL+ERL+LFC:14.0/H:3/RES,URBAN,490.0,95500087.0,16852957.0,1166.0,73462.0,112353044.0,23457.0,735.0,150.0,1300.0
ESP,Spain,RES,CR-,CR/LFINF/CDL+ERL+LFC:14.0/H:3/RES,RURAL,298.0,49088230.0,8662629.0,673.0,44626.0,57750858.0,14249.0,446.0,150.0,1100.0
ESP,Spain,RES,CR-,CR/LFINF/CDL+ERL+LFC:14.0/H:4/RES,URBAN,416.0,97279515.0,17166973.0,1328.0,74830.0,114446489.0,23915.0,831.0,180.0,1300.0
ESP,Spain,RES,CR-,CR/LFINF/CDL+ERL+LFC:14.0/H:4/RES,RURAL,191.0,37818337.0,6673824.0,594.0,34380.0,44492162.0,10987.0,382.0,180.0,1100.0
ESP,Spain,RES,CR-,CR/LFINF/CDL+ERL+LFC:14.0/H:5/RES,RURAL,132.0,60473785.0,10671844.0,1042.0,54976.0,71145630.0,17585.0,662.0,416.0,1100.0
ESP,Spain,RES,CR-,CR/LFINF/CDL+ERL+LFC:14.0/H:5/RES,URBAN,315.0,169673215.0,29942332.0,2515.0,130518.0,199615548.0,41748.0,1573.0,414.0,1300.0
ESP,Spain,RES,CR-,CR/LFINF/CDL+ERL+LFC:14.0/H:6/RES,URBAN,207.0,451528944.0,79681578.0,6947.0,347330.0,531210522.0,111196.0,4342.0,1678.0,1300.0
ESP,Spain,RES,CR-,CR/LFINF/CDL+ERL+LFC:14.0/H:6/RES,RURAL,84.0,155562844.0,27452267.0,2793.0,141421.0,183015110.0,45275.0,1768.0,1684.0,1100.0
ESP,Spain,RES,CR-,CR/LFINF/CDL+ERL+LFC:14.0/H:7/RES,URBAN,327.0,999377308.0,176360701.0,15335.0,768752.0,1175738009.0,246328.0,9609.0,2351.0,1300.0
ESP,Spain,RES,CR-,CR/LFINF/CDL+ERL+LFC:14.0/H:7/RES,RURAL,154.0,399292527.0,70463387.0,7032.0,362993.0,469755914.0,116313.0,4537.0,2357.0,1100.0
ESP,Spain,RES,CR-,CR/LFINF/CDL+ERL+LFC:14.0/H:8/RES,URBAN,290.0,1205086622.0,212662345.0,18508.0,926990.0,1417748967.0,297292.0,11587.0,3197.0,1300.0
ESP,Spain,RES,CR-,CR/LFINF/CDL+ERL+LFC:14.0/H:8/RES,RURAL,130.0,458757024.0,80957122.0,8128.0,417052.0,539714146.0,133751.0,5213.0,3208.0,1100.0
ESP,Spain,RES,CR-,CR/LFINF/CDL+ERL+LFC:14.0/H:9/RES,RURAL,50.0,190330011.0,33587649.0,3536.0,173027.0,223917660.0,55539.0,2247.0,3461.0,1100.0
ESP,Spain,RES,CR-,CR/LFINF/CDL+ERL+LFC:14.0/H:9/RES,URBAN,119.0,535855395.0,94562717.0,8561.0,412196.0,630418112.0,132310.0,5353.0,3464.0,1300.0
ESP,Spain,RES,CR-,CR/LFINF/CDL+ERL+LFC:2.0/H:10-15/RES,URBAN,906.0,5299722012.0,935245060.0,75551.0,4076709.0,6234967071.0,1311995.0,54356.0,4500.0,1300.0
ESP,Spain,RES,CR-,CR/LFINF/CDL+ERL+LFC:2.0/H:10-15/RES,BIG_CITY,1380.0,9314122126.0,1643668611.0,242254.0,6209415.0,10957790735.0,1998357.0,82792.0,4500.0,1500.0
ESP,Spain,RES,CR-,CR/LFINF/CDL+ERL+LFC:2.0/H:10-15/RES,RURAL,1109.0,5489093618.0,968663580.0,86930.0,4990085.0,6457757198.0,1605944.0,66534.0,4500.0,1100.0
ESP,Spain,RES,CR-,CR/LFINF/CDL+ERL+LFC:2.0/H:3/RES,RURAL,4875.0,804377781.0,141949020.0,8804.0,731253.0,946326803.0,233494.0,7313.0,150.0,1100.0
ESP,Spain,RES,CR-,CR/LFINF/CDL+ERL+LFC:2.0/H:3/RES,URBAN,2890.0,563495193.0,99440328.0,5985.0,433458.0,662935519.0,138406.0,4335.0,150.0,1300.0
ESP,Spain,RES,CR-,CR/LFINF/CDL+ERL+LFC:2.0/H:3/RES,BIG_CITY,1507.0,339061071.0,59834306.0,6614.0,226041.0,398895377.0,72176.0,2260.0,150.0,1500.0
ESP,Spain,RES,CR-,CR/LFINF/CDL+ERL+LFC:2.0/H:4/RES,BIG_CITY,1151.0,310844862.0,54854975.0,6737.0,207230.0,365699838.0,66228.0,2303.0,180.0,1500.0
ESP,Spain,RES,CR-,CR/LFINF/CDL+ERL+LFC:2.0/H:4/RES,RURAL,1906.0,377414814.0,66602617.0,4690.0,343104.0,444017432.0,109652.0,3812.0,180.0,1100.0
ESP,Spain,RES,CR-,CR/LFINF/CDL+ERL+LFC:2.0/H:4/RES,URBAN,1246.0,291480434.0,51437726.0,3453.0,224216.0,342918157.0,71656.0,2491.0,180.0,1300.0
ESP,Spain,RES,CR-,CR/LFINF/CDL+ERL+LFC:2.0/H:5/RES,BIG_CITY,1265.0,787476598.0,138966458.0,18508.0,524984.0,926443056.0,167925.0,6325.0,415.0,1500.0
ESP,Spain,RES,CR-,CR/LFINF/CDL+ERL+LFC:2.0/H:5/RES,URBAN,950.0,512535494.0,90447440.0,6696.0,394258.0,602982932.0,126110.0,4750.0,415.0,1300.0
ESP,Spain,RES,CR-,CR/LFINF/CDL+ERL+LFC:2.0/H:5/RES,RURAL,1206.0,550497102.0,97146549.0,7684.0,500452.0,647643653.0,160078.0,6030.0,415.0,1100.0
ESP,Spain,RES,CR-,CR/LFINF/CDL+ERL+LFC:2.0/H:6/RES,URBAN,677.0,1477931783.0,260811491.0,20201.0,1136871.0,1738743277.0,363965.0,14211.0,1679.0,1300.0
ESP,Spain,RES,CR-,CR/LFINF/CDL+ERL+LFC:2.0/H:6/RES,BIG_CITY,249.0,627423603.0,110721812.0,15299.0,418282.0,738145416.0,133912.0,5229.0,1680.0,1500.0
ESP,Spain,RES,CR-,CR/LFINF/CDL+ERL+LFC:2.0/H:6/RES,RURAL,746.0,1378861632.0,243328523.0,20642.0,1253511.0,1622190154.0,401307.0,15669.0,1680.0,1100.0
ESP,Spain,RES,CR-,CR/LFINF/CDL+ERL+LFC:2.0/H:7/RES,URBAN,1177.0,3598098188.0,634958507.0,48567.0,2767768.0,4233056693.0,886866.0,34597.0,2352.0,1300.0
ESP,Spain,RES,CR-,CR/LFINF/CDL+ERL+LFC:2.0/H:7/RES,RURAL,1428.0,3694330077.0,651940603.0,54714.0,3358482.0,4346270678.0,1076147.0,41981.0,2352.0,1100.0
ESP,Spain,RES,CR-,CR/LFINF/CDL+ERL+LFC:2.0/H:7/RES,BIG_CITY,711.0,2509189560.0,442798158.0,61183.0,1672793.0,2951987718.0,536007.0,20910.0,2353.0,1500.0
ESP,Spain,RES,CR-,CR/LFINF/CDL+ERL+LFC:2.0/H:8/RES,RURAL,1612.0,5674245638.0,1001337465.0,87878.0,5158405.0,6675583104.0,1654335.0,64480.0,3200.0,1100.0
ESP,Spain,RES,CR-,CR/LFINF/CDL+ERL+LFC:2.0/H:8/RES,BIG_CITY,1065.0,5111178529.0,901972682.0,124630.0,3407452.0,6013151211.0,1092792.0,42593.0,3199.0,1500.0
ESP,Spain,RES,CR-,CR/LFINF/CDL+ERL+LFC:2.0/H:8/RES,URBAN,1558.0,6479620151.0,1143462381.0,90509.0,4984323.0,7623082533.0,1598505.0,62304.0,3199.0,1300.0
ESP,Spain,RES,CR-,CR/LFINF/CDL+ERL+LFC:2.0/H:9/RES,RURAL,605.0,2306439129.0,407018668.0,35009.0,2096763.0,2713457800.0,673033.0,27231.0,3466.0,1100.0
ESP,Spain,RES,CR-,CR/LFINF/CDL+ERL+LFC:2.0/H:9/RES,BIG_CITY,363.0,1887335265.0,333059164.0,47813.0,1258224.0,2220394429.0,403873.0,16341.0,3466.0,1500.0
ESP,Spain,RES,CR-,CR/LFINF/CDL+ERL+LFC:2.0/H:9/RES,URBAN,494.0,2224006111.0,392471667.0,30422.0,1710774.0,2616477775.0,549136.0,22218.0,3463.0,1300.0
ESP,Spain,RES,CR-,CR/LFINF/CDL+ERL+LFC:20.0/H:10-15/RES,RURAL,72.0,358645844.0,63290443.0,7036.0,326042.0,421936288.0,104929.0,4347.0,4528.0,1100.0
ESP,Spain,RES,CR-,CR/LFINF/CDL+ERL+LFC:20.0/H:10-15/RES,URBAN,187.0,1095223338.0,193274706.0,19993.0,842479.0,1288498045.0,271133.0,11233.0,4505.0,1300.0
ESP,Spain,RES,CR-,CR/LFINF/CDL+ERL+LFC:20.0/H:3/RES,RURAL,388.0,63971539.0,11289095.0,938.0,58156.0,75260634.0,18570.0,582.0,150.0,1100.0
ESP,Spain,RES,CR-,CR/LFINF/CDL+ERL+LFC:20.0/H:3/RES,URBAN,898.0,175097535.0,30899565.0,2382.0,134690.0,205997100.0,43007.0,1347.0,150.0,1300.0
ESP,Spain,RES,CR-,CR/LFINF/CDL+ERL+LFC:20.0/H:4/RES,RURAL,119.0,23494657.0,4146116.0,388.0,21359.0,27640773.0,6826.0,237.0,179.0,1100.0
ESP,Spain,RES,CR-,CR/LFINF/CDL+ERL+LFC:20.0/H:4/RES,URBAN,392.0,91748252.0,16190868.0,1413.0,70576.0,107939120.0,22555.0,784.0,180.0,1300.0
ESP,Spain,RES,CR-,CR/LFINF/CDL+ERL+LFC:20.0/H:5/RES,URBAN,179.0,96320955.0,16997815.0,1610.0,74093.0,113318770.0,23700.0,893.0,414.0,1300.0
ESP,Spain,RES,CR-,CR/LFINF/CDL+ERL+LFC:20.0/H:5/RES,RURAL,53.0,24159656.0,4263469.0,433.0,21963.0,28423125.0,7025.0,265.0,414.0,1100.0
ESP,Spain,RES,CR-,CR/LFINF/CDL+ERL+LFC:20.0/H:6/RES,RURAL,39.0,72451533.0,12785565.0,1325.0,65865.0,85237097.0,21086.0,823.0,1689.0,1100.0
ESP,Spain,RES,CR-,CR/LFINF/CDL+ERL+LFC:20.0/H:6/RES,URBAN,87.0,189934806.0,33517907.0,3220.0,146104.0,223452713.0,46775.0,1826.0,1679.0,1300.0
ESP,Spain,RES,CR-,CR/LFINF/CDL+ERL+LFC:20.0/H:7/RES,URBAN,181.0,552814156.0,97555439.0,9248.0,425242.0,650369595.0,136259.0,5316.0,2349.0,1300.0
ESP,Spain,RES,CR-,CR/LFINF/CDL+ERL+LFC:20.0/H:7/RES,RURAL,98.0,253283370.0,44697065.0,4608.0,230258.0,297980436.0,73781.0,2878.0,2350.0,1100.0
ESP,Spain,RES,CR-,CR/LFINF/CDL+ERL+LFC:20.0/H:8/RES,RURAL,54.0,190565949.0,33629285.0,3548.0,173242.0,224195234.0,55560.0,2166.0,3208.0,1100.0
ESP,Spain,RES,CR-,CR/LFINF/CDL+ERL+LFC:20.0/H:8/RES,URBAN,185.0,769574627.0,135807287.0,13351.0,591980.0,905381914.0,189852.0,7400.0,3200.0,1300.0
ESP,Spain,RES,CR-,CR/LFINF/CDL+ERL+LFC:20.0/H:9/RES,RURAL,25.0,93530172.0,16505325.0,1789.0,85027.0,110035497.0,27293.0,1104.0,3401.0,1100.0
ESP,Spain,RES,CR-,CR/LFINF/CDL+ERL+LFC:20.0/H:9/RES,URBAN,65.0,293664582.0,51823161.0,5230.0,225896.0,345487744.0,72510.0,2934.0,3475.0,1300.0
ESP,Spain,RES,CR-,CR/LFINF/CDL+ERL+LFC:4.0/H:10-15/RES,URBAN,1553.0,9085877076.0,1603390072.0,182061.0,6989136.0,10689267147.0,2249292.0,93188.0,4500.0,1300.0
ESP,Spain,RES,CR-,CR/LFINF/CDL+ERL+LFC:4.0/H:10-15/RES,RURAL,1130.0,5595831263.0,987499636.0,123498.0,5087119.0,6583330902.0,1637172.0,67828.0,4502.0,1100.0
ESP,Spain,RES,CR-,CR/LFINF/CDL+ERL+LFC:4.0/H:10-15/RES,BIG_CITY,1176.0,7936506655.0,1400559998.0,152486.0,5291004.0,9337066653.0,1702788.0,70547.0,4499.0,1500.0
ESP,Spain,COM,CR-,CR/LFINF/CDL+ERL+LFC:4.0/H:10/COM,TOTAL,53.0,180808178.0,45202043.0,0.0,129149.0,226010223.0,56387.0,0.0,2437.0,1400.0
ESP,Spain,COM,CR-,CR/LFINF/CDL+ERL+LFC:4.0/H:3/COM,TOTAL,263.0,271349550.0,67837389.0,0.0,193821.0,339186939.0,84058.0,0.0,737.0,1400.0
ESP,Spain,RES,CR-,CR/LFINF/CDL+ERL+LFC:4.0/H:3/RES,BIG_CITY,2016.0,453591991.0,80045646.0,6536.0,302395.0,533637637.0,96557.0,3024.0,150.0,1500.0
ESP,Spain,RES,CR-,CR/LFINF/CDL+ERL+LFC:4.0/H:3/RES,RURAL,3012.0,496991317.0,87704349.0,8116.0,451810.0,584695670.0,144266.0,4518.0,150.0,1100.0
ESP,Spain,RES,CR-,CR/LFINF/CDL+ERL+LFC:4.0/H:3/RES,URBAN,3797.0,740319228.0,130644572.0,10894.0,569476.0,870963800.0,181837.0,5695.0,150.0,1300.0
ESP,Spain,COM,CR-,CR/LFINF/CDL+ERL+LFC:4.0/H:4/COM,TOTAL,105.0,144398134.0,36099535.0,0.0,103142.0,180497669.0,44774.0,0.0,982.0,1400.0
ESP,Spain,RES,CR-,CR/LFINF/CDL+ERL+LFC:4.0/H:4/RES,BIG_CITY,1058.0,285551869.0,50391506.0,4572.0,190368.0,335943375.0,60839.0,2115.0,180.0,1500.0
ESP,Spain,RES,CR-,CR/LFINF/CDL+ERL+LFC:4.0/H:4/RES,RURAL,1415.0,280213771.0,49449487.0,5203.0,254740.0,329663260.0,81411.0,2830.0,180.0,1100.0
ESP,Spain,RES,CR-,CR/LFINF/CDL+ERL+LFC:4.0/H:4/RES,URBAN,1966.0,460099400.0,81194010.0,7790.0,353923.0,541293410.0,113109.0,3932.0,180.0,1300.0
ESP,Spain,COM,CR-,CR/LFINF/CDL+ERL+LFC:4.0/H:5/COM,TOTAL,53.0,90399892.0,22599973.0,0.0,64571.0,112999864.0,28058.0,0.0,1218.0,1400.0
ESP,Spain,RES,CR-,CR/LFINF/CDL+ERL+LFC:4.0/H:5/RES,URBAN,1139.0,614648126.0,108467317.0,11333.0,472806.0,723115445.0,151235.0,5696.0,415.0,1300.0
ESP,Spain,RES,CR-,CR/LFINF/CDL+ERL+LFC:4.0/H:5/RES,RURAL,850.0,388248730.0,68514483.0,7772.0,352953.0,456763213.0,112898.0,4252.0,415.0,1100.0
ESP,Spain,RES,CR-,CR/LFINF/CDL+ERL+LFC:4.0/H:5/RES,BIG_CITY,1031.0,641882757.0,113273428.0,11144.0,427922.0,755156184.0,136878.0,5156.0,415.0,1500.0
ESP,Spain,COM,CR-,CR/LFINF/CDL+ERL+LFC:4.0/H:6/COM,TOTAL,53.0,108468471.0,27117118.0,0.0,77477.0,135585589.0,33698.0,0.0,1462.0,1400.0
ESP,Spain,RES,CR-,CR/LFINF/CDL+ERL+LFC:4.0/H:6/RES,RURAL,417.0,770052355.0,135891593.0,15960.0,700048.0,905943946.0,224118.0,8751.0,1679.0,1100.0
ESP,Spain,RES,CR-,CR/LFINF/CDL+ERL+LFC:4.0/H:6/RES,BIG_CITY,659.0,1661077689.0,293131357.0,29920.0,1107385.0,1954209047.0,354525.0,13842.0,1680.0,1500.0
ESP,Spain,RES,CR-,CR/LFINF/CDL+ERL+LFC:4.0/H:6/RES,URBAN,538.0,1174649660.0,207291115.0,22098.0,903577.0,1381940777.0,289277.0,11295.0,1680.0,1300.0
ESP,Spain,COM,CR-,CR/LFINF/CDL+ERL+LFC:4.0/H:7/COM,TOTAL,53.0,126569743.0,31642436.0,0.0,90407.0,158212181.0,39359.0,0.0,1706.0,1400.0
ESP,Spain,RES,CR-,CR/LFINF/CDL+ERL+LFC:4.0/H:7/RES,BIG_CITY,1313.0,4630860281.0,817210638.0,83413.0,3087240.0,5448070919.0,989234.0,38591.0,2351.0,1500.0
ESP,Spain,RES,CR-,CR/LFINF/CDL+ERL+LFC:4.0/H:7/RES,RURAL,1043.0,2698277429.0,476166606.0,54859.0,2452979.0,3174444038.0,786000.0,30662.0,2352.0,1100.0
ESP,Spain,RES,CR-,CR/LFINF/CDL+ERL+LFC:4.0/H:7/RES,URBAN,1307.0,3995933640.0,705164757.0,73315.0,3073795.0,4701098400.0,984926.0,38422.0,2352.0,1300.0
ESP,Spain,COM,CR-,CR/LFINF/CDL+ERL+LFC:4.0/H:8/COM,TOTAL,53.0,144638323.0,36159582.0,0.0,103313.0,180797904.0,45021.0,0.0,1949.0,1400.0
ESP,Spain,RES,CR-,CR/LFINF/CDL+ERL+LFC:4.0/H:8/RES,RURAL,1114.0,3921002601.0,691941636.0,78593.0,3564548.0,4612944235.0,1143174.0,44557.0,3200.0,1100.0
ESP,Spain,RES,CR-,CR/LFINF/CDL+ERL+LFC:4.0/H:8/RES,BIG_CITY,1036.0,4974957529.0,877933682.0,89611.0,3316638.0,5852891210.0,1063668.0,41458.0,3201.0,1500.0
ESP,Spain,RES,CR-,CR/LFINF/CDL+ERL+LFC:4.0/H:8/RES,URBAN,1290.0,5368303392.0,947347657.0,98054.0,4129464.0,6315651051.0,1324346.0,51618.0,3201.0,1300.0
ESP,Spain,COM,CR-,CR/LFINF/CDL+ERL+LFC:4.0/H:9/COM,TOTAL,53.0,162739595.0,40684898.0,0.0,116243.0,203424492.0,50704.0,0.0,2193.0,1400.0
ESP,Spain,RES,CR-,CR/LFINF/CDL+ERL+LFC:4.0/H:9/RES,URBAN,671.0,3022980388.0,533467128.0,57728.0,2325370.0,3556447517.0,746413.0,30200.0,3466.0,1300.0
ESP,Spain,RES,CR-,CR/LFINF/CDL+ERL+LFC:4.0/H:9/RES,RURAL,560.0,2133209157.0,376448674.0,45009.0,1939281.0,2509657828.0,622483.0,25185.0,3463.0,1100.0
ESP,Spain,RES,CR-,CR/LFINF/CDL+ERL+LFC:4.0/H:9/RES,BIG_CITY,752.0,3909964314.0,689993703.0,73172.0,2606643.0,4599958017.0,836698.0,33853.0,3466.0,1500.0
ESP,Spain,RES,CR-,CR/LFINF/CDL+ERL+LFC:8.0/H:10-15/RES,RURAL,286.0,1415810068.0,249848835.0,32365.0,1287100.0,1665658903.0,414223.0,17161.0,4500.0,1100.0
ESP,Spain,RES,CR-,CR/LFINF/CDL+ERL+LFC:8.0/H:10-15/RES,URBAN,858.0,5017508757.0,885442723.0,103857.0,3859622.0,5902951480.0,1242130.0,51462.0,4498.0,1300.0
ESP,Spain,COM,CR-,CR/LFINF/CDL+ERL+LFC:8.0/H:10/COM,TOTAL,8.0,27460109.0,6865028.0,0.0,19614.0,34325136.0,8564.0,0.0,2452.0,1400.0
ESP,Spain,COM,CR-,CR/LFINF/CDL+ERL+LFC:8.0/H:3/COM,TOTAL,40.0,41208893.0,10302223.0,0.0,29435.0,51511117.0,12766.0,0.0,736.0,1400.0
ESP,Spain,RES,CR-,CR/LFINF/CDL+ERL+LFC:8.0/H:3/RES,URBAN,2641.0,514947668.0,90873117.0,7386.0,396114.0,605820786.0,126482.0,3961.0,150.0,1300.0
ESP,Spain,RES,CR-,CR/LFINF/CDL+ERL+LFC:8.0/H:3/RES,RURAL,1434.0,236586148.0,41750497.0,3443.0,215078.0,278336643.0,68676.0,2151.0,150.0,1100.0
ESP,Spain,COM,CR-,CR/LFINF/CDL+ERL+LFC:8.0/H:4/COM,TOTAL,16.0,21960598.0,5490149.0,0.0,15686.0,27450748.0,6809.0,0.0,980.0,1400.0
ESP,Spain,RES,CR-,CR/LFINF/CDL+ERL+LFC:8.0/H:4/RES,URBAN,674.0,157781313.0,27843761.0,2533.0,121370.0,185625074.0,38788.0,1349.0,180.0,1300.0
ESP,Spain,RES,CR-,CR/LFINF/CDL+ERL+LFC:8.0/H:4/RES,RURAL,360.0,71377971.0,12596112.0,1156.0,64889.0,83974083.0,20738.0,721.0,180.0,1100.0
ESP,Spain,COM,CR-,CR/LFINF/CDL+ERL+LFC:8.0/H:5/COM,TOTAL,8.0,13729416.0,3432355.0,0.0,9807.0,17161771.0,4261.0,0.0,1226.0,1400.0
ESP,Spain,RES,CR-,CR/LFINF/CDL+ERL+LFC:8.0/H:5/RES,RURAL,190.0,86518157.0,15267911.0,1536.0,78653.0,101786068.0,25158.0,948.0,414.0,1100.0
ESP,Spain,RES,CR-,CR/LFINF/CDL+ERL+LFC:8.0/H:5/RES,URBAN,338.0,182174871.0,32148508.0,3223.0,140135.0,214323377.0,44824.0,1688.0,415.0,1300.0
ESP,Spain,COM,CR-,CR/LFINF/CDL+ERL+LFC:8.0/H:6/COM,TOTAL,8.0,16473569.0,4118392.0,0.0,11767.0,20591961.0,5118.0,0.0,1471.0,1400.0
ESP,Spain,RES,CR-,CR/LFINF/CDL+ERL+LFC:8.0/H:6/RES,RURAL,82.0,151177096.0,26678311.0,2869.0,137434.0,177855408.0,43999.0,1718.0,1676.0,1100.0
ESP,Spain,RES,CR-,CR/LFINF/CDL+ERL+LFC:8.0/H:6/RES,URBAN,164.0,357675597.0,63119222.0,6718.0,275135.0,420794819.0,88084.0,3439.0,1678.0,1300.0
ESP,Spain,COM,CR-,CR/LFINF/CDL+ERL+LFC:8.0/H:7/COM,TOTAL,8.0,19222687.0,4805672.0,0.0,13730.0,24028359.0,5978.0,0.0,1716.0,1400.0
ESP,Spain,RES,CR-,CR/LFINF/CDL+ERL+LFC:8.0/H:7/RES,RURAL,217.0,561286398.0,99050541.0,11266.0,510260.0,660336939.0,163501.0,6378.0,2351.0,1100.0
ESP,Spain,RES,CR-,CR/LFINF/CDL+ERL+LFC:8.0/H:7/RES,URBAN,468.0,1430119127.0,252373965.0,27797.0,1100092.0,1682493090.0,352499.0,13751.0,2351.0,1300.0
ESP,Spain,COM,CR-,CR/LFINF/CDL+ERL+LFC:8.0/H:8/COM,TOTAL,8.0,21966839.0,5491710.0,0.0,15691.0,27458548.0,6838.0,0.0,1961.0,1400.0
ESP,Spain,RES,CR-,CR/LFINF/CDL+ERL+LFC:8.0/H:8/RES,RURAL,301.0,1058649346.0,186820472.0,20240.0,962408.0,1245469820.0,308651.0,12030.0,3197.0,1100.0
ESP,Spain,RES,CR-,CR/LFINF/CDL+ERL+LFC:8.0/H:8/RES,URBAN,541.0,2249833699.0,397029476.0,42561.0,1730641.0,2646863176.0,555028.0,21633.0,3199.0,1300.0
ESP,Spain,COM,CR-,CR/LFINF/CDL+ERL+LFC:8.0/H:9/COM,TOTAL,8.0,24715957.0,6178988.0,0.0,17654.0,30894946.0,7701.0,0.0,2207.0,1400.0
ESP,Spain,RES,CR-,CR/LFINF/CDL+ERL+LFC:8.0/H:9/RES,RURAL,84.0,321486856.0,56732974.0,6941.0,292261.0,378219831.0,93812.0,3796.0,3479.0,1100.0
ESP,Spain,RES,CR-,CR/LFINF/CDL+ERL+LFC:8.0/H:9/RES,URBAN,243.0,1096507151.0,193501262.0,22671.0,843467.0,1290008414.0,270742.0,10954.0,3471.0,1300.0
ESP,Spain,COM,CR+,CR/LFINF/CDM+ERM+LFC:1.0/H:1/COM,TOTAL,17413.0,5558168306.0,1389542077.0,0.0,3970120.0,6947710381.0,1718472.0,0.0,228.0,1400.0
ESP,Spain,RES,CR+,CR/LFINF/CDM+ERM+LFC:1.0/H:10-15/RES,BIG_CITY,165.0,1115933967.0,196929524.0,29025.0,743956.0,1312863491.0,239425.0,9919.0,4509.0,1500.0
ESP,Spain,RES,CR+,CR/LFINF/CDM+ERM+LFC:1.0/H:10-15/RES,RURAL,372.0,1842535383.0,325153306.0,31839.0,1675032.0,2167688685.0,539070.0,22334.0,4503.0,1100.0
ESP,Spain,RES,CR+,CR/LFINF/CDM+ERM+LFC:1.0/H:10-15/RES,URBAN,248.0,1449125259.0,255727987.0,21926.0,1114712.0,1704853247.0,358744.0,14863.0,4495.0,1300.0
ESP,Spain,COM,CR+,CR/LFINF/CDM+ERM+LFC:1.0/H:2/COM,TOTAL,16009.0,10760545845.0,2690136461.0,0.0,7686104.0,13450682307.0,3330148.0,0.0,480.0,1400.0
ESP,Spain,RES,CR+,CR/LFINF/CDM+ERM+LFC:1.0/H:2/RES,URBAN,56456.0,14678576785.0,2590337077.0,156928.0,11291213.0,17268913865.0,3602192.0,112912.0,200.0,1300.0
ESP,Spain,RES,CR+,CR/LFINF/CDM+ERM+LFC:1.0/H:2/RES,BIG_CITY,34557.0,10367157627.0,1829498405.0,202232.0,6911438.0,12196656032.0,2204930.0,69114.0,200.0,1500.0
ESP,Spain,RES,CR+,CR/LFINF/CDM+ERM+LFC:1.0/H:2/RES,RURAL,133658.0,29404830391.0,5189087715.0,337459.0,26731664.0,34593918111.0,8528100.0,267317.0,200.0,1100.0
ESP,Spain,COM,CR+,CR/LFINF/CDM+ERM+LFC:1.0/H:3/COM,TOTAL,8887.0,4089241560.0,1022310389.0,0.0,2920887.0,5111551953.0,1266748.0,0.0,329.0,1400.0
ESP,Spain,RES,CR+,CR/LFINF/CDM+ERM+LFC:1.0/H:3/RES,URBAN,16071.0,3133814518.0,553026091.0,34812.0,2410627.0,3686840606.0,769728.0,24106.0,150.0,1300.0
ESP,Spain,RES,CR+,CR/LFINF/CDM+ERM+LFC:1.0/H:3/RES,RURAL,36045.0,5947371395.0,1049536127.0,70365.0,5406701.0,6996907523.0,1726393.0,54067.0,150.0,1100.0
ESP,Spain,RES,CR+,CR/LFINF/CDM+ERM+LFC:1.0/H:3/RES,BIG_CITY,17412.0,3917744775.0,691366725.0,76423.0,2611830.0,4609111500.0,833974.0,26118.0,150.0,1500.0
ESP,Spain,COM,CR+,CR/LFINF/CDM+ERM+LFC:1.0/H:4/COM,TOTAL,5073.0,2430906149.0,607726538.0,0.0,1736362.0,3038632685.0,753760.0,0.0,342.0,1400.0
ESP,Spain,RES,CR+,CR/LFINF/CDM+ERM+LFC:1.0/H:4/RES,RURAL,8314.0,1646161908.0,290499159.0,22552.0,1496511.0,1936661067.0,478264.0,16628.0,180.0,1100.0
ESP,Spain,RES,CR+,CR/LFINF/CDM+ERM+LFC:1.0/H:4/RES,BIG_CITY,3893.0,1051046495.0,185478793.0,22781.0,700698.0,1236525288.0,223933.0,7786.0,180.0,1500.0
ESP,Spain,RES,CR+,CR/LFINF/CDM+ERM+LFC:1.0/H:4/RES,URBAN,4638.0,1085211673.0,191507942.0,14038.0,834778.0,1276719617.0,266784.0,9275.0,180.0,1300.0
ESP,Spain,COM,CR+,CR/LFINF/CDM+ERM+LFC:1.0/H:5/COM,TOTAL,2577.0,1538717337.0,384679335.0,0.0,1099084.0,1923396673.0,477575.0,0.0,426.0,1400.0
ESP,Spain,RES,CR+,CR/LFINF/CDM+ERM+LFC:1.0/H:5/RES,RURAL,4774.0,2179516544.0,384620565.0,32797.0,1981379.0,2564137107.0,633776.0,23872.0,415.0,1100.0
ESP,Spain,RES,CR+,CR/LFINF/CDM+ERM+LFC:1.0/H:5/RES,URBAN,3000.0,1618235330.0,285570942.0,22405.0,1244796.0,1903806274.0,398169.0,14998.0,415.0,1300.0
ESP,Spain,RES,CR+,CR/LFINF/CDM+ERM+LFC:1.0/H:5/RES,BIG_CITY,2739.0,1704856787.0,300857080.0,40068.0,1136571.0,2005713867.0,363551.0,13694.0,415.0,1500.0
ESP,Spain,COM,CR+,CR/LFINF/CDM+ERM+LFC:1.0/H:6/COM,TOTAL,1289.0,923503676.0,230875919.0,0.0,659645.0,1154379593.0,286905.0,0.0,512.0,1400.0
ESP,Spain,RES,CR+,CR/LFINF/CDM+ERM+LFC:1.0/H:6/RES,BIG_CITY,1239.0,3121566730.0,550864717.0,76115.0,2081044.0,3672431447.0,666239.0,26013.0,1680.0,1500.0
ESP,Spain,RES,CR+,CR/LFINF/CDM+ERM+LFC:1.0/H:6/RES,RURAL,2736.0,5056019486.0,892238736.0,78173.0,4596381.0,5948258220.0,1471515.0,57455.0,1680.0,1100.0
ESP,Spain,RES,CR+,CR/LFINF/CDM+ERM+LFC:1.0/H:6/RES,URBAN,1890.0,4127581610.0,728396752.0,57967.0,3175063.0,4855978362.0,1016485.0,39688.0,1680.0,1300.0
ESP,Spain,COM,CR+,CR/LFINF/CDM+ERM+LFC:1.0/H:7/COM,TOTAL,146.0,351835607.0,87958902.0,0.0,251311.0,439794509.0,109410.0,0.0,1721.0,1400.0
ESP,Spain,RES,CR+,CR/LFINF/CDM+ERM+LFC:1.0/H:7/RES,URBAN,1320.0,4037255115.0,712456784.0,57342.0,3105581.0,4749711902.0,995111.0,38820.0,2353.0,1300.0
ESP,Spain,RES,CR+,CR/LFINF/CDM+ERM+LFC:1.0/H:7/RES,BIG_CITY,866.0,3055721155.0,539244909.0,74510.0,2037147.0,3594966065.0,652756.0,25464.0,2352.0,1500.0
ESP,Spain,RES,CR+,CR/LFINF/CDM+ERM+LFC:1.0/H:7/RES,RURAL,1937.0,5010650223.0,884232392.0,77497.0,4555137.0,5894882614.0,1459587.0,56939.0,2352.0,1100.0
ESP,Spain,RES,CR+,CR/LFINF/CDM+ERM+LFC:1.0/H:8/RES,BIG_CITY,692.0,3321019281.0,586062226.0,80979.0,2214013.0,3907081507.0,710049.0,27675.0,3199.0,1500.0
ESP,Spain,RES,CR+,CR/LFINF/CDM+ERM+LFC:1.0/H:8/RES,URBAN,595.0,2476904987.0,437100879.0,33448.0,1905312.0,2914005863.0,611046.0,23816.0,3202.0,1300.0
ESP,Spain,RES,CR+,CR/LFINF/CDM+ERM+LFC:1.0/H:8/RES,RURAL,948.0,3338433323.0,589135290.0,51047.0,3034939.0,3927568616.0,973325.0,37937.0,3201.0,1100.0
ESP,Spain,RES,CR+,CR/LFINF/CDM+ERM+LFC:1.0/H:9/RES,URBAN,322.0,1452119819.0,256256435.0,20379.0,1117015.0,1708376253.0,358547.0,14507.0,3469.0,1300.0
ESP,Spain,RES,CR+,CR/LFINF/CDM+ERM+LFC:1.0/H:9/RES,RURAL,506.0,1929200562.0,340447156.0,31845.0,1753819.0,2269647716.0,562953.0,22777.0,3466.0,1100.0
ESP,Spain,RES,CR+,CR/LFINF/CDM+ERM+LFC:1.0/H:9/RES,BIG_CITY,185.0,959866521.0,169388209.0,24317.0,639911.0,1129254732.0,205403.0,8311.0,3459.0,1500.0
ESP,Spain,COM,CR+,CR/LFINF/CDM+ERM+LFC:12.0/H:1/COM,TOTAL,1124.0,358880242.0,89720060.0,0.0,256343.0,448600302.0,110958.0,0.0,228.0,1400.0
ESP,Spain,RES,CR+,CR/LFINF/CDM+ERM+LFC:12.0/H:10-15/RES,RURAL,14.0,70479019.0,12437475.0,1453.0,64072.0,82916494.0,20620.0,854.0,4577.0,1100.0
ESP,Spain,RES,CR+,CR/LFINF/CDM+ERM+LFC:12.0/H:10-15/RES,URBAN,60.0,348283324.0,61461763.0,6311.0,267910.0,409745086.0,86221.0,3572.0,4465.0,1300.0
ESP,Spain,COM,CR+,CR/LFINF/CDM+ERM+LFC:12.0/H:2/COM,TOTAL,1034.0,694800043.0,173700011.0,0.0,496286.0,868500053.0,215025.0,0.0,480.0,1400.0
ESP,Spain,RES,CR+,CR/LFINF/CDM+ERM+LFC:12.0/H:2/RES,RURAL,20692.0,4552138835.0,803318618.0,68452.0,4138308.0,5355457452.0,1320228.0,41383.0,200.0,1100.0
ESP,Spain,RES,CR+,CR/LFINF/CDM+ERM+LFC:12.0/H:2/RES,URBAN,46291.0,12035568226.0,2123923804.0,160290.0,9258129.0,14159492032.0,2953585.0,92581.0,200.0,1300.0
ESP,Spain,COM,CR+,CR/LFINF/CDM+ERM+LFC:12.0/H:3/COM,TOTAL,574.0,264033930.0,66008482.0,0.0,188596.0,330042412.0,81791.0,0.0,329.0,1400.0
ESP,Spain,RES,CR+,CR/LFINF/CDM+ERM+LFC:12.0/H:3/RES,RURAL,4183.0,690191501.0,121798500.0,10352.0,627447.0,811990000.0,200348.0,6274.0,150.0,1100.0
ESP,Spain,RES,CR+,CR/LFINF/CDM+ERM+LFC:12.0/H:3/RES,URBAN,9014.0,1757640391.0,310171833.0,23367.0,1352031.0,2067812225.0,431712.0,13520.0,150.0,1300.0
ESP,Spain,COM,CR+,CR/LFINF/CDM+ERM+LFC:12.0/H:4/COM,TOTAL,328.0,156958634.0,39239658.0,0.0,112113.0,196198292.0,48669.0,0.0,342.0,1400.0
ESP,Spain,RES,CR+,CR/LFINF/CDM+ERM+LFC:12.0/H:4/RES,URBAN,2182.0,510566545.0,90099979.0,7644.0,392743.0,600666525.0,125515.0,4364.0,180.0,1300.0
ESP,Spain,RES,CR+,CR/LFINF/CDM+ERM+LFC:12.0/H:4/RES,RURAL,728.0,144050195.0,25420622.0,2427.0,130955.0,169470816.0,41851.0,1455.0,180.0,1100.0
ESP,Spain,COM,CR+,CR/LFINF/CDM+ERM+LFC:12.0/H:5/COM,TOTAL,166.0,99354092.0,24838523.0,0.0,70967.0,124192615.0,30837.0,0.0,428.0,1400.0
ESP,Spain,RES,CR+,CR/LFINF/CDM+ERM+LFC:12.0/H:5/RES,RURAL,296.0,135263033.0,23869947.0,2483.0,122966.0,159132980.0,39333.0,1482.0,415.0,1100.0
ESP,Spain,RES,CR+,CR/LFINF/CDM+ERM+LFC:12.0/H:5/RES,URBAN,1026.0,553374075.0,97654247.0,8955.0,425672.0,651028323.0,136158.0,5129.0,415.0,1300.0
ESP,Spain,COM,CR+,CR/LFINF/CDM+ERM+LFC:12.0/H:6/COM,TOTAL,83.0,59631058.0,14907765.0,0.0,42594.0,74538823.0,18526.0,0.0,513.0,1400.0
ESP,Spain,RES,CR+,CR/LFINF/CDM+ERM+LFC:12.0/H:6/RES,RURAL,160.0,295490073.0,52145307.0,5614.0,268627.0,347635379.0,86000.0,3358.0,1679.0,1100.0
ESP,Spain,RES,CR+,CR/LFINF/CDM+ERM+LFC:12.0/H:6/RES,URBAN,520.0,1135085725.0,200309246.0,18932.0,873143.0,1335394971.0,279534.0,10914.0,1679.0,1300.0
ESP,Spain,COM,CR+,CR/LFINF/CDM+ERM+LFC:12.0/H:7/COM,TOTAL,9.0,22717300.0,5679325.0,0.0,16227.0,28396626.0,7064.0,0.0,1803.0,1400.0
ESP,Spain,RES,CR+,CR/LFINF/CDM+ERM+LFC:12.0/H:7/RES,RURAL,92.0,238645859.0,42113975.0,4526.0,216951.0,280759834.0,69517.0,2712.0,2358.0,1100.0
ESP,Spain,RES,CR+,CR/LFINF/CDM+ERM+LFC:12.0/H:7/RES,URBAN,205.0,626952606.0,110638695.0,10235.0,482271.0,737591302.0,154533.0,6028.0,2353.0,1300.0
ESP,Spain,RES,CR+,CR/LFINF/CDM+ERM+LFC:12.0/H:8/RES,RURAL,49.0,172184642.0,30385525.0,3361.0,156531.0,202570166.0,50201.0,1957.0,3195.0,1100.0
ESP,Spain,RES,CR+,CR/LFINF/CDM+ERM+LFC:12.0/H:8/RES,URBAN,206.0,857337221.0,151294804.0,14770.0,659490.0,1008632024.0,211503.0,8244.0,3201.0,1300.0
ESP,Spain,RES,CR+,CR/LFINF/CDM+ERM+LFC:12.0/H:9/RES,RURAL,10.0,39522841.0,6974618.0,796.0,35930.0,46497459.0,11533.0,467.0,3593.0,1100.0
ESP,Spain,RES,CR+,CR/LFINF/CDM+ERM+LFC:12.0/H:9/RES,URBAN,38.0,172142132.0,30378023.0,3049.0,132417.0,202520156.0,42504.0,1720.0,3485.0,1300.0
ESP,Spain,COM,CR+,CR/LFINF/CDM+ERM+LFC:5.0/H:1/COM,TOTAL,16506.0,5268615221.0,1317153806.0,0.0,3763297.0,6585769027.0,1628948.0,0.0,228.0,1400.0
ESP,Spain,RES,CR+,CR/LFINF/CDM+ERM+LFC:5.0/H:10-15/RES,BIG_CITY,134.0,907263756.0,160105368.0,17431.0,604843.0,1067369124.0,194655.0,8065.0,4514.0,1500.0
ESP,Spain,RES,CR+,CR/LFINF/CDM+ERM+LFC:5.0/H:10-15/RES,RURAL,122.0,601654416.0,106174310.0,12262.0,546959.0,707828724.0,176026.0,7293.0,4483.0,1100.0
ESP,Spain,RES,CR+,CR/LFINF/CDM+ERM+LFC:5.0/H:10-15/RES,URBAN,175.0,1025029587.0,180887575.0,18361.0,788484.0,1205917160.0,253755.0,10513.0,4506.0,1300.0
ESP,Spain,COM,CR+,CR/LFINF/CDM+ERM+LFC:5.0/H:2/COM,TOTAL,15175.0,10200049191.0,2550012297.0,0.0,7285749.0,12750061491.0,3156687.0,0.0,480.0,1400.0
ESP,Spain,RES,CR+,CR/LFINF/CDM+ERM+LFC:5.0/H:2/RES,BIG_CITY,26070.0,7821038030.0,1380183182.0,112701.0,5214025.0,9201221213.0,1663410.0,52140.0,200.0,1500.0
ESP,Spain,RES,CR+,CR/LFINF/CDM+ERM+LFC:5.0/H:2/RES,RURAL,54708.0,12035830670.0,2123970117.0,201857.0,10941664.0,14159800787.0,3490677.0,109417.0,200.0,1100.0
ESP,Spain,RES,CR+,CR/LFINF/CDM+ERM+LFC:5.0/H:2/RES,URBAN,93611.0,24338868131.0,4295094376.0,367302.0,18722206.0,28633962509.0,5972873.0,187222.0,200.0,1300.0
ESP,Spain,COM,CR+,CR/LFINF/CDM+ERM+LFC:5.0/H:3/COM,TOTAL,8424.0,3876203066.0,969050765.0,0.0,2768716.0,4845253830.0,1200754.0,0.0,329.0,1400.0
ESP,Spain,RES,CR+,CR/LFINF/CDM+ERM+LFC:5.0/H:3/RES,RURAL,14638.0,2415318930.0,426232751.0,38399.0,2195744.0,2841551683.0,701115.0,21957.0,150.0,1100.0
ESP,Spain,RES,CR+,CR/LFINF/CDM+ERM+LFC:5.0/H:3/RES,BIG_CITY,16589.0,3732614406.0,658696659.0,53787.0,2488410.0,4391311066.0,794565.0,24884.0,150.0,1500.0
ESP,Spain,RES,CR+,CR/LFINF/CDM+ERM+LFC:5.0/H:3/RES,URBAN,21731.0,4237450744.0,747785425.0,61183.0,3259577.0,4985236171.0,1040803.0,32596.0,150.0,1300.0
ESP,Spain,COM,CR+,CR/LFINF/CDM+ERM+LFC:5.0/H:4/COM,TOTAL,4809.0,2304094255.0,576023564.0,0.0,1645782.0,2880117819.0,714439.0,0.0,342.0,1400.0
ESP,Spain,RES,CR+,CR/LFINF/CDM+ERM+LFC:5.0/H:4/RES,BIG_CITY,4432.0,1196692846.0,211181090.0,19160.0,797795.0,1407873936.0,254964.0,8864.0,180.0,1500.0
ESP,Spain,RES,CR+,CR/LFINF/CDM+ERM+LFC:5.0/H:4/RES,URBAN,4878.0,1141489747.0,201439367.0,18849.0,878069.0,1342929112.0,280619.0,9756.0,180.0,1300.0
ESP,Spain,RES,CR+,CR/LFINF/CDM+ERM+LFC:5.0/H:4/RES,RURAL,3176.0,628847497.0,110973087.0,11320.0,571680.0,739820582.0,182701.0,6352.0,180.0,1100.0
ESP,Spain,COM,CR+,CR/LFINF/CDM+ERM+LFC:5.0/H:5/COM,TOTAL,2443.0,1458274160.0,364568541.0,0.0,1041624.0,1822842700.0,452607.0,0.0,426.0,1400.0
ESP,Spain,RES,CR+,CR/LFINF/CDM+ERM+LFC:5.0/H:5/RES,BIG_CITY,2572.0,1601012136.0,282531553.0,27796.0,1067341.0,1883543690.0,341407.0,12860.0,415.0,1500.0
ESP,Spain,RES,CR+,CR/LFINF/CDM+ERM+LFC:5.0/H:5/RES,RURAL,1597.0,728938199.0,128636153.0,14083.0,662671.0,857574353.0,211966.0,7984.0,415.0,1100.0
ESP,Spain,RES,CR+,CR/LFINF/CDM+ERM+LFC:5.0/H:5/RES,URBAN,2392.0,1290426826.0,227722382.0,22609.0,992636.0,1518149208.0,317511.0,11959.0,415.0,1300.0
ESP,Spain,COM,CR+,CR/LFINF/CDM+ERM+LFC:5.0/H:6/COM,TOTAL,1222.0,875425706.0,218856428.0,0.0,625304.0,1094282134.0,271968.0,0.0,512.0,1400.0
ESP,Spain,RES,CR+,CR/LFINF/CDM+ERM+LFC:5.0/H:6/RES,BIG_CITY,1251.0,3152025297.0,556239758.0,56776.0,2101350.0,3708265056.0,672740.0,26267.0,1680.0,1500.0
ESP,Spain,RES,CR+,CR/LFINF/CDM+ERM+LFC:5.0/H:6/RES,URBAN,1281.0,2797787357.0,493727181.0,48925.0,2152144.0,3291514539.0,689001.0,26902.0,1680.0,1300.0
ESP,Spain,RES,CR+,CR/LFINF/CDM+ERM+LFC:5.0/H:6/RES,RURAL,855.0,1580270511.0,278871266.0,30999.0,1436610.0,1859141778.0,459925.0,17958.0,1680.0,1100.0
ESP,Spain,COM,CR+,CR/LFINF/CDM+ERM+LFC:5.0/H:7/COM,TOTAL,139.0,333505977.0,83376493.0,0.0,238219.0,416882469.0,103710.0,0.0,1714.0,1400.0
ESP,Spain,RES,CR+,CR/LFINF/CDM+ERM+LFC:5.0/H:7/RES,BIG_CITY,721.0,2542566884.0,448688274.0,45798.0,1695045.0,2991255158.0,543137.0,21188.0,2351.0,1500.0
ESP,Spain,RES,CR+,CR/LFINF/CDM+ERM+LFC:5.0/H:7/RES,URBAN,909.0,2779448700.0,490490946.0,49299.0,2138037.0,3269939645.0,685084.0,26725.0,2352.0,1300.0
ESP,Spain,RES,CR+,CR/LFINF/CDM+ERM+LFC:5.0/H:7/RES,RURAL,593.0,1533510887.0,270619569.0,30527.0,1394101.0,1804130457.0,446707.0,17426.0,2351.0,1100.0
ESP,Spain,RES,CR+,CR/LFINF/CDM+ERM+LFC:5.0/H:8/RES,BIG_CITY,242.0,1162995399.0,205234482.0,20948.0,775330.0,1368229882.0,248654.0,9692.0,3204.0,1500.0
ESP,Spain,RES,CR+,CR/LFINF/CDM+ERM+LFC:5.0/H:8/RES,RURAL,357.0,1256352392.0,221709246.0,24907.0,1142139.0,1478061636.0,366291.0,14277.0,3199.0,1100.0
ESP,Spain,RES,CR+,CR/LFINF/CDM+ERM+LFC:5.0/H:8/RES,URBAN,585.0,2432171687.0,429206768.0,43400.0,1870901.0,2861378454.0,600010.0,23386.0,3198.0,1300.0
ESP,Spain,RES,CR+,CR/LFINF/CDM+ERM+LFC:5.0/H:9/RES,BIG_CITY,81.0,422832662.0,74617528.0,7913.0,281888.0,497450190.0,90482.0,3661.0,3480.0,1500.0
ESP,Spain,RES,CR+,CR/LFINF/CDM+ERM+LFC:5.0/H:9/RES,RURAL,78.0,295662179.0,52175679.0,6009.0,268784.0,347837859.0,86276.0,3491.0,3446.0,1100.0
ESP,Spain,RES,CR+,CR/LFINF/CDM+ERM+LFC:5.0/H:9/RES,URBAN,122.0,548296024.0,96758122.0,10137.0,421766.0,645054147.0,135381.0,5477.0,3457.0,1300.0
ESP,Spain,RES,CR-,CR/LFINF/CDN+ERL/H:10-15/RES,URBAN,674.0,3944258990.0,696045704.0,70433.0,3034045.0,4640304696.0,976438.0,40454.0,4502.0,1300.0
ESP,Spain,RES,CR-,CR/LFINF/CDN+ERL/H:10-15/RES,BIG_CITY,1159.0,7826403669.0,1381130060.0,169763.0,5217602.0,9207533730.0,1679165.0,69568.0,4502.0,1500.0
ESP,Spain,RES,CR-,CR/LFINF/CDN+ERL/H:10-15/RES,RURAL,582.0,2879210863.0,508096036.0,56554.0,2617464.0,3387306894.0,842371.0,34900.0,4497.0,1100.0
ESP,Spain,COM,CR-,CR/LFINF/CDN+ERL/H:10/COM,TOTAL,233.0,800606608.0,200151650.0,0.0,571862.0,1000758257.0,249679.0,0.0,2454.0,1400.0
ESP,Spain,COM,CR-,CR/LFINF/CDN+ERL/H:7/COM,TOTAL,233.0,560442424.0,140110606.0,0.0,400316.0,700553031.0,174280.0,0.0,1718.0,1400.0
ESP,Spain,RES,CR-,CR/LFINF/CDN+ERL/H:7/RES,BIG_CITY,3819.0,13473815942.0,2377732225.0,274613.0,8982544.0,15851548167.0,2878245.0,112282.0,2352.0,1500.0
ESP,Spain,RES,CR-,CR/LFINF/CDN+ERL/H:7/RES,RURAL,1410.0,3646729643.0,643540524.0,68614.0,3315209.0,4290270168.0,1062281.0,41440.0,2351.0,1100.0
ESP,Spain,RES,CR-,CR/LFINF/CDN+ERL/H:7/RES,URBAN,1499.0,4584739498.0,809071675.0,78638.0,3526723.0,5393811179.0,1130056.0,44084.0,2353.0,1300.0
ESP,Spain,COM,CR-,CR/LFINF/CDN+ERL/H:8/COM,TOTAL,233.0,640448894.0,160112224.0,0.0,457463.0,800561116.0,199350.0,0.0,1963.0,1400.0
ESP,Spain,RES,CR-,CR/LFINF/CDN+ERL/H:8/RES,BIG_CITY,2187.0,10498043633.0,1852595936.0,216391.0,6998696.0,12350639568.0,2244528.0,87484.0,3200.0,1500.0
ESP,Spain,RES,CR-,CR/LFINF/CDN+ERL/H:8/RES,URBAN,1028.0,4274791868.0,754375034.0,71553.0,3288301.0,5029166909.0,1054580.0,41104.0,3199.0,1300.0
ESP,Spain,RES,CR-,CR/LFINF/CDN+ERL/H:8/RES,RURAL,913.0,3215434612.0,567429639.0,60188.0,2923122.0,3782864242.0,937465.0,36539.0,3202.0,1100.0
ESP,Spain,RES,CR-,CR/LFINF/CDN+ERL/H:9/RES,BIG_CITY,777.0,4039237834.0,712806677.0,84052.0,2692825.0,4752044512.0,864361.0,34972.0,3466.0,1500.0
ESP,Spain,RES,CR-,CR/LFINF/CDN+ERL/H:9/RES,URBAN,270.0,1216858335.0,214739709.0,21272.0,936045.0,1431598044.0,300458.0,12156.0,3467.0,1300.0
ESP,Spain,RES,CR-,CR/LFINF/CDN+ERL/H:9/RES,RURAL,268.0,1020886441.0,180156431.0,19671.0,928079.0,1201042874.0,297901.0,12053.0,3463.0,1100.0
ESP,Spain,COM,CR-,CR/LFLS/CDL+ERL+LFC:0.0/H:1/COM,TOTAL,3899.0,1244596024.0,311149008.0,0.0,888997.0,1555745030.0,382680.0,0.0,228.0,1400.0
ESP,Spain,COM,CR-,CR/LFLS/CDL+ERL+LFC:0.0/H:2/COM,TOTAL,3648.0,2446720233.0,611680060.0,0.0,1747657.0,3058400294.0,753028.0,0.0,479.0,1400.0
ESP,Spain,RES,CR-,CR/LFLS/CDL+ERL+LFC:0.0/H:2/RES,URBAN,28133.0,7314546819.0,1290802379.0,91284.0,5626574.0,8605349201.0,1685473.0,56266.0,200.0,1300.0
ESP,Spain,RES,CR-,CR/LFLS/CDL+ERL+LFC:0.0/H:2/RES,BIG_CITY,12798.0,3839305689.0,677524533.0,64940.0,2559537.0,4516830222.0,766724.0,25595.0,200.0,1500.0
ESP,Spain,RES,CR-,CR/LFLS/CDL+ERL+LFC:0.0/H:2/RES,RURAL,23438.0,5156395641.0,909952174.0,63858.0,4687632.0,6066347816.0,1404207.0,46876.0,200.0,1100.0
ESP,Spain,COM,CR-,CR/LFLS/CDL+ERL+LFC:0.0/H:3/COM,TOTAL,863.0,888965948.0,222241484.0,0.0,634976.0,1111207435.0,273861.0,0.0,736.0,1400.0
ESP,Spain,RES,CR-,CR/LFLS/CDL+ERL+LFC:0.0/H:3/RES,RURAL,7256.0,1197304802.0,211289084.0,14733.0,1088459.0,1408593889.0,326336.0,10885.0,150.0,1100.0
ESP,Spain,RES,CR-,CR/LFLS/CDL+ERL+LFC:0.0/H:3/RES,URBAN,7118.0,1388055703.0,244951005.0,16983.0,1067735.0,1633006711.0,320123.0,10677.0,150.0,1300.0
ESP,Spain,RES,CR-,CR/LFLS/CDL+ERL+LFC:0.0/H:3/RES,BIG_CITY,6115.0,1375857099.0,242798311.0,23153.0,917238.0,1618655412.0,275002.0,9172.0,150.0,1500.0
ESP,Spain,COM,CR-,CR/LFLS/CDL+ERL+LFC:0.0/H:4/COM,TOTAL,345.0,473397976.0,118349492.0,0.0,338141.0,591747471.0,145979.0,0.0,980.0,1400.0
ESP,Spain,RES,CR-,CR/LFLS/CDL+ERL+LFC:0.0/H:4/RES,URBAN,2710.0,634231303.0,111923173.0,8883.0,487870.0,746154480.0,146397.0,5421.0,180.0,1300.0
ESP,Spain,RES,CR-,CR/LFLS/CDL+ERL+LFC:0.0/H:4/RES,RURAL,1889.0,373990592.0,65998340.0,5240.0,339991.0,439988936.0,102023.0,3778.0,180.0,1100.0
ESP,Spain,RES,CR-,CR/LFLS/CDL+ERL+LFC:0.0/H:4/RES,BIG_CITY,2074.0,559884400.0,98803130.0,10615.0,373256.0,658687530.0,112005.0,4147.0,180.0,1500.0
ESP,Spain,COM,CR-,CR/LFLS/CDL+ERL+LFC:0.0/H:5/COM,TOTAL,173.0,296155415.0,74038854.0,0.0,211540.0,370194268.0,91411.0,0.0,1223.0,1400.0
ESP,Spain,RES,CR-,CR/LFLS/CDL+ERL+LFC:0.0/H:5/RES,URBAN,2256.0,1217059054.0,214775128.0,18385.0,936199.0,1431834180.0,281172.0,11280.0,415.0,1300.0
ESP,Spain,RES,CR-,CR/LFLS/CDL+ERL+LFC:0.0/H:5/RES,BIG_CITY,1977.0,1230785826.0,217197499.0,25601.0,820524.0,1447983324.0,246431.0,9886.0,415.0,1500.0
ESP,Spain,RES,CR-,CR/LFLS/CDL+ERL+LFC:0.0/H:5/RES,RURAL,989.0,451436968.0,79665344.0,7026.0,410397.0,531102310.0,123256.0,4945.0,415.0,1100.0
ESP,Spain,COM,CR-,CR/LFLS/CDL+ERL+LFC:0.0/H:6/COM,TOTAL,173.0,355349156.0,88837289.0,0.0,253821.0,444186445.0,109788.0,0.0,1467.0,1400.0
ESP,Spain,RES,CR-,CR/LFLS/CDL+ERL+LFC:0.0/H:6/RES,BIG_CITY,850.0,2142309257.0,378054574.0,43578.0,1428206.0,2520363831.0,429308.0,17853.0,1680.0,1500.0
ESP,Spain,RES,CR-,CR/LFLS/CDL+ERL+LFC:0.0/H:6/RES,RURAL,603.0,1114493685.0,196675358.0,17960.0,1013176.0,1311169040.0,304553.0,12665.0,1680.0,1100.0
ESP,Spain,RES,CR-,CR/LFLS/CDL+ERL+LFC:0.0/H:6/RES,URBAN,1487.0,3247922192.0,573162741.0,49459.0,2498402.0,3821084927.0,751001.0,31230.0,1680.0,1300.0
ESP,Spain,COM,CR-,CR/LFLS/CDL+ERL+LFC:0.0/H:7/COM,TOTAL,173.0,414649994.0,103662498.0,0.0,296179.0,518312491.0,128232.0,0.0,1712.0,1400.0
ESP,Spain,RES,CR-,CR/LFLS/CDL+ERL+LFC:0.0/H:7/RES,BIG_CITY,2255.0,7954674676.0,1403766119.0,164246.0,5303116.0,9358440795.0,1595452.0,66289.0,2352.0,1500.0
ESP,Spain,RES,CR-,CR/LFLS/CDL+ERL+LFC:0.0/H:7/RES,RURAL,2483.0,6424931067.0,1133811364.0,107833.0,5840846.0,7558742430.0,1757229.0,73011.0,2352.0,1100.0
ESP,Spain,RES,CR-,CR/LFLS/CDL+ERL+LFC:0.0/H:7/RES,URBAN,2253.0,6889048534.0,1215714450.0,105982.0,5299268.0,8104762980.0,1594294.0,66241.0,2352.0,1300.0
ESP,Spain,COM,CR-,CR/LFLS/CDL+ERL+LFC:0.0/H:8/COM,TOTAL,173.0,473843732.0,118460932.0,0.0,338460.0,592304664.0,146678.0,0.0,1956.0,1400.0
ESP,Spain,RES,CR-,CR/LFLS/CDL+ERL+LFC:0.0/H:8/RES,BIG_CITY,2175.0,10441765072.0,1842664424.0,224706.0,6961177.0,12284429497.0,2096087.0,87015.0,3201.0,1500.0
ESP,Spain,RES,CR-,CR/LFLS/CDL+ERL+LFC:0.0/H:8/RES,RURAL,2332.0,8207684027.0,1448414831.0,139477.0,7461531.0,9656098857.0,2246749.0,93269.0,3200.0,1100.0
ESP,Spain,RES,CR-,CR/LFLS/CDL+ERL+LFC:0.0/H:8/RES,URBAN,2192.0,9118659644.0,1609175234.0,140326.0,7014354.0,10727834879.0,2112099.0,87679.0,3200.0,1300.0
ESP,Spain,COM,CR-,CR/LFLS/CDL+ERL+LFC:0.0/H:9/COM,TOTAL,173.0,533144576.0,133286145.0,0.0,380818.0,666430723.0,165193.0,0.0,2201.0,1400.0
ESP,Spain,RES,CR-,CR/LFLS/CDL+ERL+LFC:0.0/H:9/RES,BIG_CITY,1196.0,6213602614.0,1096518108.0,133704.0,4142402.0,7310120722.0,1248396.0,53797.0,3464.0,1500.0
ESP,Spain,RES,CR-,CR/LFLS/CDL+ERL+LFC:0.0/H:9/RES,RURAL,1198.0,4565884175.0,805744267.0,81001.0,4150804.0,5371628440.0,1250929.0,53907.0,3465.0,1100.0
ESP,Spain,RES,CR-,CR/LFLS/CDL+ERL+LFC:0.0/H:9/RES,URBAN,999.0,4502235678.0,794512180.0,72080.0,3463258.0,5296747859.0,1043723.0,44977.0,3467.0,1300.0
ESP,Spain,RES,CR-,CR/LFLS/CDL+ERL+LFC:10.0/H:2/RES,RURAL,1609.0,354028575.0,62475631.0,5076.0,321844.0,416504206.0,96410.0,3218.0,200.0,1100.0
ESP,Spain,RES,CR-,CR/LFLS/CDL+ERL+LFC:10.0/H:2/RES,URBAN,2207.0,573888294.0,101274405.0,6963.0,441453.0,675162698.0,132240.0,4415.0,200.0,1300.0
ESP,Spain,RES,CR-,CR/LFLS/CDL+ERL+LFC:10.0/H:3/RES,RURAL,435.0,71745085.0,12660897.0,1029.0,65223.0,84405982.0,19555.0,652.0,150.0,1100.0
ESP,Spain,RES,CR-,CR/LFLS/CDL+ERL+LFC:10.0/H:3/RES,URBAN,498.0,97092976.0,17134055.0,1178.0,74687.0,114227031.0,22392.0,747.0,150.0,1300.0
ESP,Spain,RES,CR-,CR/LFLS/CDL+ERL+LFC:10.0/H:4/RES,URBAN,94.0,21902338.0,3865118.0,295.0,16848.0,25767456.0,5056.0,187.0,179.0,1300.0
ESP,Spain,RES,CR-,CR/LFLS/CDL+ERL+LFC:10.0/H:4/RES,RURAL,78.0,15469655.0,2729939.0,246.0,14063.0,18199594.0,4220.0,156.0,180.0,1100.0
ESP,Spain,RES,CR-,CR/LFLS/CDL+ERL+LFC:10.0/H:5/RES,RURAL,28.0,12653346.0,2232943.0,219.0,11503.0,14886289.0,3455.0,139.0,411.0,1100.0
ESP,Spain,RES,CR-,CR/LFLS/CDL+ERL+LFC:10.0/H:5/RES,URBAN,44.0,23528735.0,4152130.0,344.0,18099.0,27680864.0,5436.0,218.0,411.0,1300.0
ESP,Spain,RES,CR-,CR/LFLS/CDL+ERL+LFC:10.0/H:6/RES,URBAN,31.0,66946628.0,11814111.0,1015.0,51497.0,78760739.0,15480.0,644.0,1661.0,1300.0
ESP,Spain,RES,CR-,CR/LFLS/CDL+ERL+LFC:10.0/H:6/RES,RURAL,21.0,38791823.0,6845616.0,695.0,35265.0,45637439.0,10600.0,441.0,1679.0,1100.0
ESP,Spain,RES,CR-,CR/LFLS/CDL+ERL+LFC:10.0/H:7/RES,RURAL,80.0,206889725.0,36509951.0,3708.0,188082.0,243399676.0,56585.0,2351.0,2351.0,1100.0
ESP,Spain,RES,CR-,CR/LFLS/CDL+ERL+LFC:10.0/H:7/RES,URBAN,68.0,209063169.0,36893500.0,3171.0,160818.0,245956669.0,48382.0,2010.0,2365.0,1300.0
ESP,Spain,RES,CR-,CR/LFLS/CDL+ERL+LFC:10.0/H:8/RES,RURAL,51.0,180681412.0,31884955.0,3239.0,164256.0,212566367.0,49459.0,2053.0,3221.0,1100.0
ESP,Spain,RES,CR-,CR/LFLS/CDL+ERL+LFC:10.0/H:8/RES,URBAN,44.0,182579529.0,32219917.0,2769.0,140446.0,214799446.0,42290.0,1756.0,3192.0,1300.0
ESP,Spain,RES,CR-,CR/LFLS/CDL+ERL+LFC:10.0/H:9/RES,RURAL,11.0,40158524.0,7086798.0,748.0,36508.0,47245322.0,11002.0,474.0,3319.0,1100.0
ESP,Spain,RES,CR-,CR/LFLS/CDL+ERL+LFC:10.0/H:9/RES,URBAN,9.0,40580402.0,7161247.0,639.0,31216.0,47741649.0,9407.0,405.0,3468.0,1300.0
ESP,Spain,RES,CR-,CR/LFLS/CDL+ERL+LFC:14.0/H:2/RES,RURAL,919.0,202073006.0,35659942.0,2842.0,183703.0,237732949.0,55029.0,1837.0,200.0,1100.0
ESP,Spain,RES,CR-,CR/LFLS/CDL+ERL+LFC:14.0/H:2/RES,URBAN,1919.0,498812033.0,88025653.0,6121.0,383702.0,586837685.0,114940.0,3837.0,200.0,1300.0
ESP,Spain,RES,CR-,CR/LFLS/CDL+ERL+LFC:14.0/H:3/RES,RURAL,298.0,49088230.0,8662629.0,673.0,44626.0,57750858.0,13379.0,446.0,150.0,1100.0
ESP,Spain,RES,CR-,CR/LFLS/CDL+ERL+LFC:14.0/H:3/RES,URBAN,490.0,95500088.0,16852957.0,1166.0,73462.0,112353045.0,22025.0,735.0,150.0,1300.0
ESP,Spain,RES,CR-,CR/LFLS/CDL+ERL+LFC:14.0/H:4/RES,RURAL,191.0,37818337.0,6673824.0,594.0,34380.0,44492162.0,10317.0,382.0,180.0,1100.0
ESP,Spain,RES,CR-,CR/LFLS/CDL+ERL+LFC:14.0/H:4/RES,URBAN,416.0,97279515.0,17166973.0,1328.0,74830.0,114446489.0,22455.0,831.0,180.0,1300.0
ESP,Spain,RES,CR-,CR/LFLS/CDL+ERL+LFC:14.0/H:5/RES,RURAL,132.0,60473786.0,10671845.0,1042.0,54976.0,71145630.0,16511.0,662.0,416.0,1100.0
ESP,Spain,RES,CR-,CR/LFLS/CDL+ERL+LFC:14.0/H:5/RES,URBAN,315.0,169673215.0,29942332.0,2515.0,130518.0,199615547.0,39199.0,1573.0,414.0,1300.0
ESP,Spain,RES,CR-,CR/LFLS/CDL+ERL+LFC:14.0/H:6/RES,URBAN,207.0,451528945.0,79681578.0,6947.0,347330.0,531210523.0,104405.0,4342.0,1678.0,1300.0
ESP,Spain,RES,CR-,CR/LFLS/CDL+ERL+LFC:14.0/H:6/RES,RURAL,84.0,155562843.0,27452266.0,2793.0,141421.0,183015110.0,42510.0,1768.0,1684.0,1100.0
ESP,Spain,RES,CR-,CR/LFLS/CDL+ERL+LFC:14.0/H:7/RES,RURAL,154.0,399292527.0,70463387.0,7032.0,362993.0,469755915.0,109207.0,4537.0,2357.0,1100.0
ESP,Spain,RES,CR-,CR/LFLS/CDL+ERL+LFC:14.0/H:7/RES,URBAN,327.0,999377309.0,176360701.0,15335.0,768752.0,1175738010.0,231280.0,9609.0,2351.0,1300.0
ESP,Spain,RES,CR-,CR/LFLS/CDL+ERL+LFC:14.0/H:8/RES,RURAL,130.0,458757023.0,80957122.0,8128.0,417052.0,539714145.0,125579.0,5213.0,3208.0,1100.0
ESP,Spain,RES,CR-,CR/LFLS/CDL+ERL+LFC:14.0/H:8/RES,URBAN,290.0,1205086621.0,212662345.0,18508.0,926990.0,1417748966.0,279127.0,11587.0,3197.0,1300.0
ESP,Spain,RES,CR-,CR/LFLS/CDL+ERL+LFC:14.0/H:9/RES,RURAL,50.0,190330010.0,33587649.0,3536.0,173027.0,223917660.0,52145.0,2247.0,3461.0,1100.0
ESP,Spain,RES,CR-,CR/LFLS/CDL+ERL+LFC:14.0/H:9/RES,URBAN,119.0,535855396.0,94562717.0,8561.0,412196.0,630418113.0,124224.0,5353.0,3464.0,1300.0
ESP,Spain,RES,CR-,CR/LFLS/CDL+ERL+LFC:2.0/H:2/RES,BIG_CITY,3697.0,1109175027.0,195736770.0,21637.0,739450.0,1304911797.0,221506.0,7394.0,200.0,1500.0
ESP,Spain,RES,CR-,CR/LFLS/CDL+ERL+LFC:2.0/H:2/RES,RURAL,16250.0,3575111953.0,630902111.0,38740.0,3250102.0,4206014062.0,973587.0,32501.0,200.0,1100.0
ESP,Spain,RES,CR-,CR/LFLS/CDL+ERL+LFC:2.0/H:2/RES,URBAN,8967.0,2331510166.0,411442970.0,24589.0,1793469.0,2742953136.0,537244.0,17935.0,200.0,1300.0
ESP,Spain,RES,CR-,CR/LFLS/CDL+ERL+LFC:2.0/H:3/RES,BIG_CITY,1507.0,339061071.0,59834306.0,6614.0,226041.0,398895379.0,67770.0,2260.0,150.0,1500.0
ESP,Spain,RES,CR-,CR/LFLS/CDL+ERL+LFC:2.0/H:3/RES,RURAL,4875.0,804377784.0,141949018.0,8804.0,731253.0,946326805.0,219240.0,7313.0,150.0,1100.0
ESP,Spain,RES,CR-,CR/LFLS/CDL+ERL+LFC:2.0/H:3/RES,URBAN,2890.0,563495191.0,99440327.0,5985.0,433458.0,662935521.0,129957.0,4335.0,150.0,1300.0
ESP,Spain,RES,CR-,CR/LFLS/CDL+ERL+LFC:2.0/H:4/RES,BIG_CITY,1151.0,310844863.0,54854976.0,6737.0,207230.0,365699838.0,62184.0,2303.0,180.0,1500.0
ESP,Spain,RES,CR-,CR/LFLS/CDL+ERL+LFC:2.0/H:4/RES,RURAL,1906.0,377433043.0,66605835.0,4691.0,343121.0,444038877.0,102962.0,3812.0,180.0,1100.0
ESP,Spain,RES,CR-,CR/LFLS/CDL+ERL+LFC:2.0/H:4/RES,URBAN,1246.0,291480431.0,51437725.0,3453.0,224216.0,342918153.0,67281.0,2491.0,180.0,1300.0
ESP,Spain,RES,CR-,CR/LFLS/CDL+ERL+LFC:2.0/H:5/RES,BIG_CITY,1265.0,787476597.0,138966458.0,18508.0,524984.0,926443055.0,157670.0,6325.0,415.0,1500.0
ESP,Spain,RES,CR-,CR/LFLS/CDL+ERL+LFC:2.0/H:5/RES,URBAN,950.0,512520493.0,90444793.0,6696.0,394247.0,602965282.0,118405.0,4750.0,415.0,1300.0
ESP,Spain,RES,CR-,CR/LFLS/CDL+ERL+LFC:2.0/H:5/RES,RURAL,1206.0,550497104.0,97146549.0,7684.0,500452.0,647643652.0,150302.0,6030.0,415.0,1100.0
ESP,Spain,RES,CR-,CR/LFLS/CDL+ERL+LFC:2.0/H:6/RES,BIG_CITY,249.0,627423602.0,110721812.0,15299.0,418282.0,738145415.0,125733.0,5229.0,1680.0,1500.0
ESP,Spain,RES,CR-,CR/LFLS/CDL+ERL+LFC:2.0/H:6/RES,URBAN,677.0,1477931783.0,260811490.0,20201.0,1136871.0,1738743276.0,341735.0,14211.0,1679.0,1300.0
ESP,Spain,RES,CR-,CR/LFLS/CDL+ERL+LFC:2.0/H:6/RES,RURAL,746.0,1378884583.0,243332573.0,20642.0,1253531.0,1622217156.0,376802.0,15669.0,1680.0,1100.0
ESP,Spain,RES,CR-,CR/LFLS/CDL+ERL+LFC:2.0/H:7/RES,BIG_CITY,711.0,2509189560.0,442798158.0,61183.0,1672793.0,2951987718.0,503263.0,20910.0,2353.0,1500.0
ESP,Spain,RES,CR-,CR/LFLS/CDL+ERL+LFC:2.0/H:7/RES,RURAL,1428.0,3694455580.0,651962751.0,54716.0,3358596.0,4346418330.0,1010440.0,41982.0,2352.0,1100.0
ESP,Spain,RES,CR-,CR/LFLS/CDL+ERL+LFC:2.0/H:7/RES,URBAN,1177.0,3597913608.0,634925935.0,48565.0,2767626.0,4232839538.0,832645.0,34595.0,2351.0,1300.0
ESP,Spain,RES,CR-,CR/LFLS/CDL+ERL+LFC:2.0/H:8/RES,BIG_CITY,1065.0,5111178531.0,901972682.0,124630.0,3407452.0,6013151213.0,1026021.0,42593.0,3199.0,1500.0
ESP,Spain,RES,CR-,CR/LFLS/CDL+ERL+LFC:2.0/H:8/RES,RURAL,1612.0,5674235412.0,1001335661.0,87877.0,5158396.0,6675571073.0,1553250.0,64480.0,3200.0,1100.0
ESP,Spain,RES,CR-,CR/LFLS/CDL+ERL+LFC:2.0/H:8/RES,URBAN,1558.0,6479792383.0,1143492775.0,90511.0,4984456.0,7623285159.0,1500874.0,62306.0,3199.0,1300.0
ESP,Spain,RES,CR-,CR/LFLS/CDL+ERL+LFC:2.0/H:9/RES,BIG_CITY,363.0,1887335265.0,333059164.0,47813.0,1258224.0,2220394430.0,379191.0,16341.0,3466.0,1500.0
ESP,Spain,RES,CR-,CR/LFLS/CDL+ERL+LFC:2.0/H:9/RES,RURAL,605.0,2306535420.0,407035660.0,35010.0,2096850.0,2713571082.0,631928.0,27232.0,3466.0,1100.0
ESP,Spain,RES,CR-,CR/LFLS/CDL+ERL+LFC:2.0/H:9/RES,URBAN,494.0,2223735236.0,392423865.0,30419.0,1710566.0,2616159097.0,515514.0,22215.0,3463.0,1300.0
ESP,Spain,RES,CR-,CR/LFLS/CDL+ERL+LFC:20.0/H:2/RES,URBAN,3437.0,893544532.0,157684329.0,12166.0,687342.0,1051228861.0,205897.0,6873.0,200.0,1300.0
ESP,Spain,RES,CR-,CR/LFLS/CDL+ERL+LFC:20.0/H:2/RES,RURAL,1460.0,321276850.0,56695915.0,4711.0,292070.0,377972765.0,87491.0,2921.0,200.0,1100.0
ESP,Spain,RES,CR-,CR/LFLS/CDL+ERL+LFC:20.0/H:3/RES,RURAL,388.0,63971539.0,11289095.0,938.0,58156.0,75260634.0,17436.0,582.0,150.0,1100.0
ESP,Spain,RES,CR-,CR/LFLS/CDL+ERL+LFC:20.0/H:3/RES,URBAN,898.0,175097533.0,30899565.0,2382.0,134690.0,205997097.0,40382.0,1347.0,150.0,1300.0
ESP,Spain,RES,CR-,CR/LFLS/CDL+ERL+LFC:20.0/H:4/RES,URBAN,392.0,91748252.0,16190868.0,1413.0,70576.0,107939120.0,21178.0,784.0,180.0,1300.0
ESP,Spain,RES,CR-,CR/LFLS/CDL+ERL+LFC:20.0/H:4/RES,RURAL,119.0,23494657.0,4146116.0,388.0,21359.0,27640773.0,6409.0,237.0,179.0,1100.0
ESP,Spain,RES,CR-,CR/LFLS/CDL+ERL+LFC:20.0/H:5/RES,RURAL,53.0,24159656.0,4263469.0,433.0,21963.0,28423125.0,6596.0,265.0,414.0,1100.0
ESP,Spain,RES,CR-,CR/LFLS/CDL+ERL+LFC:20.0/H:5/RES,URBAN,178.0,96276348.0,16989944.0,1609.0,74059.0,113266293.0,22242.0,892.0,416.0,1300.0
ESP,Spain,RES,CR-,CR/LFLS/CDL+ERL+LFC:20.0/H:6/RES,URBAN,87.0,189934806.0,33517907.0,3220.0,146104.0,223452713.0,43918.0,1826.0,1679.0,1300.0
ESP,Spain,RES,CR-,CR/LFLS/CDL+ERL+LFC:20.0/H:6/RES,RURAL,39.0,72451533.0,12785565.0,1325.0,65865.0,85237097.0,19799.0,823.0,1689.0,1100.0
ESP,Spain,RES,CR-,CR/LFLS/CDL+ERL+LFC:20.0/H:7/RES,URBAN,181.0,552814156.0,97555439.0,9248.0,425242.0,650369596.0,127935.0,5316.0,2349.0,1300.0
ESP,Spain,RES,CR-,CR/LFLS/CDL+ERL+LFC:20.0/H:7/RES,RURAL,98.0,253283370.0,44697065.0,4608.0,230258.0,297980436.0,69273.0,2878.0,2350.0,1100.0
ESP,Spain,RES,CR-,CR/LFLS/CDL+ERL+LFC:20.0/H:8/RES,RURAL,54.0,190565949.0,33629285.0,3548.0,173242.0,224195234.0,52165.0,2166.0,3208.0,1100.0
ESP,Spain,RES,CR-,CR/LFLS/CDL+ERL+LFC:20.0/H:8/RES,URBAN,185.0,769574627.0,135807287.0,13351.0,591980.0,905381914.0,178252.0,7400.0,3200.0,1300.0
ESP,Spain,RES,CR-,CR/LFLS/CDL+ERL+LFC:20.0/H:9/RES,RURAL,25.0,93530172.0,16505325.0,1789.0,85027.0,110035497.0,25625.0,1104.0,3401.0,1100.0
ESP,Spain,RES,CR-,CR/LFLS/CDL+ERL+LFC:20.0/H:9/RES,URBAN,65.0,293664581.0,51823161.0,5230.0,225896.0,345487743.0,68078.0,2934.0,3475.0,1300.0
ESP,Spain,COM,CR-,CR/LFLS/CDL+ERL+LFC:4.0/H:1/COM,TOTAL,1190.0,379906300.0,94976574.0,0.0,271362.0,474882875.0,116811.0,0.0,228.0,1400.0
ESP,Spain,COM,CR-,CR/LFLS/CDL+ERL+LFC:4.0/H:2/COM,TOTAL,1114.0,746833491.0,186708374.0,0.0,533452.0,933541865.0,229853.0,0.0,479.0,1400.0
ESP,Spain,RES,CR-,CR/LFLS/CDL+ERL+LFC:4.0/H:2/RES,RURAL,10897.0,2397265225.0,423046806.0,39745.0,2179332.0,2820312031.0,652831.0,21793.0,200.0,1100.0
ESP,Spain,RES,CR-,CR/LFLS/CDL+ERL+LFC:4.0/H:2/RES,URBAN,18017.0,4684387456.0,826656610.0,68635.0,3603375.0,5511044067.0,1079412.0,36034.0,200.0,1300.0
ESP,Spain,RES,CR-,CR/LFLS/CDL+ERL+LFC:4.0/H:2/RES,BIG_CITY,4399.0,1319698858.0,232888033.0,19017.0,879799.0,1552586892.0,263549.0,8798.0,200.0,1500.0
ESP,Spain,COM,CR-,CR/LFLS/CDL+ERL+LFC:4.0/H:3/COM,TOTAL,263.0,271262383.0,67815597.0,0.0,193759.0,339077979.0,83567.0,0.0,737.0,1400.0
ESP,Spain,RES,CR-,CR/LFLS/CDL+ERL+LFC:4.0/H:3/RES,BIG_CITY,2016.0,453591990.0,80045646.0,6536.0,302395.0,533637636.0,90662.0,3024.0,150.0,1500.0
ESP,Spain,RES,CR-,CR/LFLS/CDL+ERL+LFC:4.0/H:3/RES,RURAL,3012.0,496991317.0,87704348.0,8116.0,451810.0,584695668.0,135460.0,4518.0,150.0,1100.0
ESP,Spain,RES,CR-,CR/LFLS/CDL+ERL+LFC:4.0/H:3/RES,URBAN,4106.0,800611732.0,141284425.0,11667.0,615855.0,941896156.0,184643.0,6159.0,150.0,1300.0
ESP,Spain,COM,CR-,CR/LFLS/CDL+ERL+LFC:4.0/H:4/COM,TOTAL,105.0,144398135.0,36099535.0,0.0,103142.0,180497669.0,44527.0,0.0,982.0,1400.0
ESP,Spain,RES,CR-,CR/LFLS/CDL+ERL+LFC:4.0/H:4/RES,BIG_CITY,1058.0,285551868.0,50391506.0,4572.0,190368.0,335943375.0,57124.0,2115.0,180.0,1500.0
ESP,Spain,RES,CR-,CR/LFLS/CDL+ERL+LFC:4.0/H:4/RES,RURAL,1415.0,280213771.0,49449487.0,5203.0,254740.0,329663261.0,76441.0,2830.0,180.0,1100.0
ESP,Spain,RES,CR-,CR/LFLS/CDL+ERL+LFC:4.0/H:4/RES,URBAN,2102.0,491927500.0,86810735.0,8251.0,378406.0,578738232.0,113550.0,4205.0,180.0,1300.0
ESP,Spain,COM,CR-,CR/LFLS/CDL+ERL+LFC:4.0/H:5/COM,TOTAL,53.0,90399892.0,22599973.0,0.0,64571.0,112999864.0,27903.0,0.0,1218.0,1400.0
ESP,Spain,RES,CR-,CR/LFLS/CDL+ERL+LFC:4.0/H:5/RES,RURAL,850.0,388248732.0,68514484.0,7772.0,352953.0,456763217.0,106004.0,4252.0,415.0,1100.0
ESP,Spain,RES,CR-,CR/LFLS/CDL+ERL+LFC:4.0/H:5/RES,BIG_CITY,1031.0,641882757.0,113273428.0,11144.0,427922.0,755156185.0,128519.0,5156.0,415.0,1500.0
ESP,Spain,RES,CR-,CR/LFLS/CDL+ERL+LFC:4.0/H:5/RES,URBAN,1258.0,678867878.0,119800215.0,12346.0,522206.0,798668092.0,156836.0,6292.0,415.0,1300.0
ESP,Spain,COM,CR-,CR/LFLS/CDL+ERL+LFC:4.0/H:6/COM,TOTAL,53.0,108468471.0,27117118.0,0.0,77477.0,135585589.0,33512.0,0.0,1462.0,1400.0
ESP,Spain,RES,CR-,CR/LFLS/CDL+ERL+LFC:4.0/H:6/RES,RURAL,417.0,770184973.0,135914996.0,15963.0,700168.0,906099967.0,210465.0,8752.0,1679.0,1100.0
ESP,Spain,RES,CR-,CR/LFLS/CDL+ERL+LFC:4.0/H:6/RES,BIG_CITY,659.0,1661077689.0,293131357.0,29920.0,1107385.0,1954209046.0,332872.0,13842.0,1680.0,1500.0
ESP,Spain,RES,CR-,CR/LFLS/CDL+ERL+LFC:4.0/H:6/RES,URBAN,572.0,1249385425.0,220479779.0,23287.0,961066.0,1469865205.0,288889.0,12013.0,1680.0,1300.0
ESP,Spain,COM,CR-,CR/LFLS/CDL+ERL+LFC:4.0/H:7/COM,TOTAL,53.0,126569743.0,31642436.0,0.0,90407.0,158212181.0,39142.0,0.0,1706.0,1400.0
ESP,Spain,RES,CR-,CR/LFLS/CDL+ERL+LFC:4.0/H:7/RES,BIG_CITY,1313.0,4630860282.0,817210638.0,83413.0,3087240.0,5448070920.0,928802.0,38591.0,2351.0,1500.0
ESP,Spain,RES,CR-,CR/LFLS/CDL+ERL+LFC:4.0/H:7/RES,RURAL,1043.0,2698277430.0,476166606.0,54859.0,2452979.0,3174444037.0,737983.0,30662.0,2352.0,1100.0
ESP,Spain,RES,CR-,CR/LFLS/CDL+ERL+LFC:4.0/H:7/RES,URBAN,1307.0,3995933638.0,705164757.0,73315.0,3073795.0,4701098400.0,924757.0,38422.0,2352.0,1300.0
ESP,Spain,COM,CR-,CR/LFLS/CDL+ERL+LFC:4.0/H:8/COM,TOTAL,53.0,144638323.0,36159582.0,0.0,103313.0,180797904.0,44773.0,0.0,1949.0,1400.0
ESP,Spain,RES,CR-,CR/LFLS/CDL+ERL+LFC:4.0/H:8/RES,BIG_CITY,1036.0,4974957529.0,877933682.0,89611.0,3316638.0,5852891210.0,998676.0,41458.0,3201.0,1500.0
ESP,Spain,RES,CR-,CR/LFLS/CDL+ERL+LFC:4.0/H:8/RES,RURAL,1114.0,3921002599.0,691941637.0,78593.0,3564548.0,4612944236.0,1073325.0,44557.0,3200.0,1100.0
ESP,Spain,RES,CR-,CR/LFLS/CDL+ERL+LFC:4.0/H:8/RES,URBAN,1290.0,5368258963.0,947339817.0,98053.0,4129430.0,6315598781.0,1243417.0,51618.0,3201.0,1300.0
ESP,Spain,COM,CR-,CR/LFLS/CDL+ERL+LFC:4.0/H:9/COM,TOTAL,53.0,162739595.0,40684898.0,0.0,116243.0,203424492.0,50424.0,0.0,2193.0,1400.0
ESP,Spain,RES,CR-,CR/LFLS/CDL+ERL+LFC:4.0/H:9/RES,BIG_CITY,752.0,3909964314.0,689993703.0,73172.0,2606643.0,4599958017.0,785565.0,33853.0,3466.0,1500.0
ESP,Spain,RES,CR-,CR/LFLS/CDL+ERL+LFC:4.0/H:9/RES,RURAL,560.0,2133209157.0,376448674.0,45009.0,1939281.0,2509657830.0,584442.0,25185.0,3463.0,1100.0
ESP,Spain,RES,CR-,CR/LFLS/CDL+ERL+LFC:4.0/H:9/RES,URBAN,671.0,3023257792.0,533516082.0,57733.0,2325583.0,3556773874.0,700861.0,30202.0,3466.0,1300.0
ESP,Spain,COM,CR-,CR/LFLS/CDL+ERL+LFC:8.0/H:1/COM,TOTAL,181.0,57697969.0,14424493.0,0.0,41213.0,72122461.0,17741.0,0.0,228.0,1400.0
ESP,Spain,COM,CR-,CR/LFLS/CDL+ERL+LFC:8.0/H:2/COM,TOTAL,169.0,113409163.0,28352291.0,0.0,81007.0,141761454.0,34904.0,0.0,479.0,1400.0
ESP,Spain,RES,CR-,CR/LFLS/CDL+ERL+LFC:8.0/H:2/RES,RURAL,4028.0,886169807.0,156382907.0,13658.0,805609.0,1042552714.0,241325.0,8056.0,200.0,1100.0
ESP,Spain,RES,CR-,CR/LFLS/CDL+ERL+LFC:8.0/H:2/RES,URBAN,14359.0,3733433377.0,658841183.0,55593.0,2871872.0,4392274561.0,860286.0,28719.0,200.0,1300.0
ESP,Spain,COM,CR-,CR/LFLS/CDL+ERL+LFC:8.0/H:3/COM,TOTAL,40.0,41208893.0,10302223.0,0.0,29435.0,51511116.0,12695.0,0.0,736.0,1400.0
ESP,Spain,RES,CR-,CR/LFLS/CDL+ERL+LFC:8.0/H:3/RES,URBAN,3301.0,643763468.0,113605318.0,9260.0,495203.0,757368786.0,148469.0,4952.0,150.0,1300.0
ESP,Spain,RES,CR-,CR/LFLS/CDL+ERL+LFC:8.0/H:3/RES,RURAL,1434.0,236594577.0,41751985.0,3443.0,215086.0,278346560.0,64486.0,2151.0,150.0,1100.0
ESP,Spain,COM,CR-,CR/LFLS/CDL+ERL+LFC:8.0/H:4/COM,TOTAL,16.0,21960598.0,5490149.0,0.0,15686.0,27450748.0,6772.0,0.0,980.0,1400.0
ESP,Spain,RES,CR-,CR/LFLS/CDL+ERL+LFC:8.0/H:4/RES,URBAN,984.0,230293754.0,40640074.0,3766.0,177149.0,270933828.0,53158.0,1968.0,180.0,1300.0
ESP,Spain,RES,CR-,CR/LFLS/CDL+ERL+LFC:8.0/H:4/RES,RURAL,360.0,71377971.0,12596112.0,1156.0,64889.0,83974083.0,19472.0,721.0,180.0,1100.0
ESP,Spain,COM,CR-,CR/LFLS/CDL+ERL+LFC:8.0/H:5/COM,TOTAL,8.0,13729416.0,3432355.0,0.0,9807.0,17161771.0,4238.0,0.0,1226.0,1400.0
ESP,Spain,RES,CR-,CR/LFLS/CDL+ERL+LFC:8.0/H:5/RES,URBAN,598.0,322359501.0,56886972.0,5901.0,247969.0,379246471.0,74473.0,2988.0,415.0,1300.0
ESP,Spain,RES,CR-,CR/LFLS/CDL+ERL+LFC:8.0/H:5/RES,RURAL,190.0,86518157.0,15267911.0,1536.0,78653.0,101786068.0,23622.0,948.0,414.0,1100.0
ESP,Spain,COM,CR-,CR/LFLS/CDL+ERL+LFC:8.0/H:6/COM,TOTAL,8.0,16473569.0,4118392.0,0.0,11767.0,20591961.0,5090.0,0.0,1471.0,1400.0
ESP,Spain,RES,CR-,CR/LFLS/CDL+ERL+LFC:8.0/H:6/RES,RURAL,82.0,151177096.0,26678311.0,2869.0,137434.0,177855409.0,41312.0,1718.0,1676.0,1100.0
ESP,Spain,RES,CR-,CR/LFLS/CDL+ERL+LFC:8.0/H:6/RES,URBAN,224.0,489604065.0,86400718.0,9254.0,376619.0,576004780.0,113209.0,4708.0,1681.0,1300.0
ESP,Spain,COM,CR-,CR/LFLS/CDL+ERL+LFC:8.0/H:7/COM,TOTAL,8.0,19222687.0,4805672.0,0.0,13730.0,24028359.0,5945.0,0.0,1716.0,1400.0
ESP,Spain,RES,CR-,CR/LFLS/CDL+ERL+LFC:8.0/H:7/RES,RURAL,217.0,561286398.0,99050541.0,11266.0,510260.0,660336939.0,153513.0,6378.0,2351.0,1100.0
ESP,Spain,RES,CR-,CR/LFLS/CDL+ERL+LFC:8.0/H:7/RES,URBAN,468.0,1430119127.0,252373965.0,27797.0,1100092.0,1682493090.0,330965.0,13751.0,2351.0,1300.0
ESP,Spain,COM,CR-,CR/LFLS/CDL+ERL+LFC:8.0/H:8/COM,TOTAL,8.0,21966839.0,5491710.0,0.0,15691.0,27458548.0,6800.0,0.0,1961.0,1400.0
ESP,Spain,RES,CR-,CR/LFLS/CDL+ERL+LFC:8.0/H:8/RES,URBAN,541.0,2249833700.0,397029476.0,42561.0,1730641.0,2646863176.0,521115.0,21633.0,3199.0,1300.0
ESP,Spain,RES,CR-,CR/LFLS/CDL+ERL+LFC:8.0/H:8/RES,RURAL,301.0,1058649347.0,186820474.0,20240.0,962408.0,1245469821.0,289792.0,12030.0,3197.0,1100.0
ESP,Spain,COM,CR-,CR/LFLS/CDL+ERL+LFC:8.0/H:9/COM,TOTAL,8.0,24715957.0,6178988.0,0.0,17654.0,30894946.0,7658.0,0.0,2207.0,1400.0
ESP,Spain,RES,CR-,CR/LFLS/CDL+ERL+LFC:8.0/H:9/RES,URBAN,243.0,1096507151.0,193501262.0,22671.0,843467.0,1290008415.0,254196.0,10954.0,3471.0,1300.0
ESP,Spain,RES,CR-,CR/LFLS/CDL+ERL+LFC:8.0/H:9/RES,RURAL,84.0,321486856.0,56732974.0,6941.0,292261.0,378219831.0,88079.0,3796.0,3479.0,1100.0
ESP,Spain,COM,CR+,CR/LFLS/CDM+ERM+LFC:1.0/H:3/COM,TOTAL,439.0,452584804.0,113146202.0,0.0,323275.0,565731004.0,139426.0,0.0,736.0,1400.0
ESP,Spain,RES,CR+,CR/LFLS/CDM+ERM+LFC:1.0/H:3/RES,URBAN,5357.0,1044604862.0,184342034.0,11604.0,803542.0,1228946894.0,240914.0,8035.0,150.0,1300.0
ESP,Spain,RES,CR+,CR/LFLS/CDM+ERM+LFC:1.0/H:3/RES,RURAL,12015.0,1982457145.0,349845377.0,23455.0,1802234.0,2332302521.0,540337.0,18022.0,150.0,1100.0
ESP,Spain,RES,CR+,CR/LFLS/CDM+ERM+LFC:1.0/H:3/RES,BIG_CITY,5804.0,1305914911.0,230455573.0,25474.0,870610.0,1536370484.0,261022.0,8706.0,150.0,1500.0
ESP,Spain,COM,CR+,CR/LFLS/CDM+ERM+LFC:1.0/H:4/COM,TOTAL,146.0,200974005.0,50243500.0,0.0,143553.0,251217505.0,61973.0,0.0,983.0,1400.0
ESP,Spain,RES,CR+,CR/LFLS/CDM+ERM+LFC:1.0/H:4/RES,BIG_CITY,1298.0,350348854.0,61826269.0,7594.0,233566.0,412175123.0,70087.0,2595.0,180.0,1500.0
ESP,Spain,RES,CR+,CR/LFLS/CDM+ERM+LFC:1.0/H:4/RES,RURAL,2771.0,548720638.0,96833053.0,7517.0,498837.0,645553696.0,149688.0,5543.0,180.0,1100.0
ESP,Spain,RES,CR+,CR/LFLS/CDM+ERM+LFC:1.0/H:4/RES,URBAN,1546.0,361743136.0,63837025.0,4679.0,278264.0,425580159.0,83500.0,3092.0,180.0,1300.0
ESP,Spain,RES,CR+,CR/LFLS/CDM+ERM+LFC:1.0/H:5/RES,BIG_CITY,913.0,568285590.0,100285693.0,13356.0,378857.0,668571283.0,113783.0,4565.0,415.0,1500.0
ESP,Spain,RES,CR+,CR/LFLS/CDM+ERM+LFC:1.0/H:5/RES,RURAL,1591.0,726501489.0,128206142.0,10932.0,660456.0,854707634.0,198357.0,7957.0,415.0,1100.0
ESP,Spain,RES,CR+,CR/LFLS/CDM+ERM+LFC:1.0/H:5/RES,URBAN,1000.0,539283790.0,95167728.0,7467.0,414834.0,634451517.0,124588.0,4998.0,415.0,1300.0
ESP,Spain,RES,CR+,CR/LFLS/CDM+ERM+LFC:1.0/H:6/RES,RURAL,912.0,1685330705.0,297411301.0,26058.0,1532119.0,1982742004.0,460544.0,19151.0,1680.0,1100.0
ESP,Spain,RES,CR+,CR/LFLS/CDM+ERM+LFC:1.0/H:6/RES,BIG_CITY,413.0,1040522250.0,183621574.0,25372.0,693682.0,1224143824.0,208516.0,8671.0,1680.0,1500.0
ESP,Spain,RES,CR+,CR/LFLS/CDM+ERM+LFC:1.0/H:6/RES,URBAN,630.0,1375594209.0,242751921.0,19319.0,1058149.0,1618346127.0,318072.0,13227.0,1680.0,1300.0
ESP,Spain,RES,CR+,CR/LFLS/CDM+ERM+LFC:1.0/H:7/RES,BIG_CITY,577.0,2037147441.0,359496607.0,49673.0,1358098.0,2396644048.0,408586.0,16976.0,2354.0,1500.0
ESP,Spain,RES,CR+,CR/LFLS/CDM+ERM+LFC:1.0/H:7/RES,RURAL,1291.0,3340715496.0,589538026.0,51668.0,3037014.0,3930253517.0,913691.0,37963.0,2352.0,1100.0
ESP,Spain,RES,CR+,CR/LFLS/CDM+ERM+LFC:1.0/H:7/RES,URBAN,880.0,2690861110.0,474857845.0,38220.0,2069893.0,3165718955.0,622731.0,25874.0,2352.0,1300.0
ESP,Spain,RES,CR+,CR/LFLS/CDM+ERM+LFC:1.0/H:8/RES,URBAN,397.0,1651445309.0,291431525.0,22302.0,1270343.0,1942876831.0,382514.0,15879.0,3200.0,1300.0
ESP,Spain,RES,CR+,CR/LFLS/CDM+ERM+LFC:1.0/H:8/RES,RURAL,632.0,2225622220.0,392756862.0,34031.0,2023293.0,2618379080.0,609236.0,25291.0,3201.0,1100.0
ESP,Spain,RES,CR+,CR/LFLS/CDM+ERM+LFC:1.0/H:8/RES,BIG_CITY,461.0,2214206561.0,390742334.0,53991.0,1476138.0,2604948895.0,444481.0,18452.0,3202.0,1500.0
ESP,Spain,RES,CR+,CR/LFLS/CDM+ERM+LFC:1.0/H:9/RES,BIG_CITY,123.0,639911015.0,112925473.0,16211.0,426607.0,752836488.0,128567.0,5540.0,3468.0,1500.0
ESP,Spain,RES,CR+,CR/LFLS/CDM+ERM+LFC:1.0/H:9/RES,RURAL,337.0,1286329345.0,226999296.0,21233.0,1169390.0,1513328643.0,352419.0,15187.0,3470.0,1100.0
ESP,Spain,RES,CR+,CR/LFLS/CDM+ERM+LFC:1.0/H:9/RES,URBAN,215.0,967970244.0,170818279.0,13584.0,744592.0,1138788520.0,224398.0,9670.0,3463.0,1300.0
ESP,Spain,COM,CR+,CR/LFLS/CDM+ERM+LFC:12.0/H:3/COM,TOTAL,28.0,29222468.0,7305617.0,0.0,20873.0,36528085.0,9002.0,0.0,745.0,1400.0
ESP,Spain,RES,CR+,CR/LFLS/CDM+ERM+LFC:12.0/H:3/RES,RURAL,1394.0,230063837.0,40599501.0,3451.0,209149.0,270663337.0,62706.0,2091.0,150.0,1100.0
ESP,Spain,RES,CR+,CR/LFLS/CDM+ERM+LFC:12.0/H:3/RES,URBAN,3005.0,585880128.0,103390611.0,7789.0,450677.0,689270740.0,135120.0,4507.0,150.0,1300.0
ESP,Spain,COM,CR+,CR/LFLS/CDM+ERM+LFC:12.0/H:4/COM,TOTAL,9.0,12976477.0,3244119.0,0.0,9269.0,16220597.0,4001.0,0.0,1030.0,1400.0
ESP,Spain,RES,CR+,CR/LFLS/CDM+ERM+LFC:12.0/H:4/RES,RURAL,243.0,48016729.0,8473540.0,809.0,43652.0,56490269.0,13099.0,485.0,180.0,1100.0
ESP,Spain,RES,CR+,CR/LFLS/CDM+ERM+LFC:12.0/H:4/RES,URBAN,727.0,170171556.0,30030275.0,2548.0,130901.0,200201831.0,39280.0,1454.0,180.0,1300.0
ESP,Spain,RES,CR+,CR/LFLS/CDM+ERM+LFC:12.0/H:5/RES,RURAL,99.0,45087678.0,7956649.0,828.0,40989.0,53044327.0,12310.0,494.0,414.0,1100.0
ESP,Spain,RES,CR+,CR/LFLS/CDM+ERM+LFC:12.0/H:5/RES,URBAN,342.0,184458024.0,32551415.0,2985.0,141891.0,217009440.0,42615.0,1710.0,415.0,1300.0
ESP,Spain,RES,CR+,CR/LFLS/CDM+ERM+LFC:12.0/H:6/RES,RURAL,53.0,98350215.0,17355921.0,1869.0,89409.0,115706136.0,26876.0,1118.0,1687.0,1100.0
ESP,Spain,RES,CR+,CR/LFLS/CDM+ERM+LFC:12.0/H:6/RES,URBAN,173.0,378361914.0,66769749.0,6311.0,291048.0,445131663.0,87487.0,3638.0,1682.0,1300.0
ESP,Spain,RES,CR+,CR/LFLS/CDM+ERM+LFC:12.0/H:7/RES,URBAN,137.0,417966336.0,73758765.0,6823.0,321513.0,491725102.0,96728.0,4019.0,2347.0,1300.0
ESP,Spain,RES,CR+,CR/LFLS/CDM+ERM+LFC:12.0/H:7/RES,RURAL,61.0,158917174.0,28044207.0,3014.0,144470.0,186961382.0,43464.0,1806.0,2368.0,1100.0
ESP,Spain,RES,CR+,CR/LFLS/CDM+ERM+LFC:12.0/H:8/RES,RURAL,33.0,114789763.0,20257017.0,2241.0,104354.0,135046778.0,31422.0,1304.0,3162.0,1100.0
ESP,Spain,RES,CR+,CR/LFLS/CDM+ERM+LFC:12.0/H:8/RES,URBAN,137.0,571652353.0,100879827.0,9848.0,439733.0,672532180.0,132408.0,5497.0,3210.0,1300.0
ESP,Spain,RES,CR+,CR/LFLS/CDM+ERM+LFC:12.0/H:9/RES,RURAL,7.0,26436415.0,4665249.0,532.0,24033.0,31101665.0,7243.0,312.0,3433.0,1100.0
ESP,Spain,RES,CR+,CR/LFLS/CDM+ERM+LFC:12.0/H:9/RES,URBAN,25.0,114761421.0,20252016.0,2033.0,88278.0,135013437.0,26604.0,1146.0,3531.0,1300.0
ESP,Spain,COM,CR+,CR/LFLS/CDM+ERM+LFC:5.0/H:3/COM,TOTAL,417.0,429006437.0,107251608.0,0.0,306433.0,536258048.0,132163.0,0.0,735.0,1400.0
ESP,Spain,RES,CR+,CR/LFLS/CDM+ERM+LFC:5.0/H:3/RES,BIG_CITY,5530.0,1244204826.0,219565557.0,17929.0,829470.0,1463770383.0,248687.0,8295.0,150.0,1500.0
ESP,Spain,RES,CR+,CR/LFLS/CDM+ERM+LFC:5.0/H:3/RES,RURAL,4879.0,805106309.0,142077582.0,12800.0,731915.0,947183892.0,219439.0,7319.0,150.0,1100.0
ESP,Spain,RES,CR+,CR/LFLS/CDM+ERM+LFC:5.0/H:3/RES,URBAN,7243.0,1412482594.0,249261634.0,20394.0,1086525.0,1661744227.0,325756.0,10865.0,150.0,1300.0
ESP,Spain,COM,CR+,CR/LFLS/CDM+ERM+LFC:5.0/H:4/COM,TOTAL,139.0,190503833.0,47625958.0,0.0,136074.0,238129791.0,58744.0,0.0,979.0,1400.0
ESP,Spain,RES,CR+,CR/LFLS/CDM+ERM+LFC:5.0/H:4/RES,BIG_CITY,1477.0,398897625.0,70393699.0,6387.0,265932.0,469291323.0,79799.0,2955.0,180.0,1500.0
ESP,Spain,RES,CR+,CR/LFLS/CDM+ERM+LFC:5.0/H:4/RES,RURAL,1059.0,209611274.0,36990224.0,3773.0,190556.0,246601498.0,57181.0,2117.0,180.0,1100.0
ESP,Spain,RES,CR+,CR/LFLS/CDM+ERM+LFC:5.0/H:4/RES,URBAN,1626.0,380481627.0,67143815.0,6283.0,292678.0,447625444.0,87825.0,3252.0,180.0,1300.0
ESP,Spain,RES,CR+,CR/LFLS/CDM+ERM+LFC:5.0/H:5/RES,URBAN,797.0,430157402.0,75910130.0,7537.0,330890.0,506067528.0,99377.0,3987.0,415.0,1300.0
ESP,Spain,RES,CR+,CR/LFLS/CDM+ERM+LFC:5.0/H:5/RES,RURAL,532.0,242989507.0,42880502.0,4695.0,220900.0,285870006.0,66344.0,2661.0,415.0,1100.0
ESP,Spain,RES,CR+,CR/LFLS/CDM+ERM+LFC:5.0/H:5/RES,BIG_CITY,857.0,533670700.0,94177183.0,9265.0,355780.0,627847882.0,106853.0,4287.0,415.0,1500.0
ESP,Spain,RES,CR+,CR/LFLS/CDM+ERM+LFC:5.0/H:6/RES,RURAL,285.0,526756838.0,92957088.0,10333.0,478870.0,619713927.0,143945.0,5986.0,1680.0,1100.0
ESP,Spain,RES,CR+,CR/LFLS/CDM+ERM+LFC:5.0/H:6/RES,URBAN,427.0,932595794.0,164575728.0,16308.0,717381.0,1097171524.0,215640.0,8967.0,1680.0,1300.0
ESP,Spain,RES,CR+,CR/LFLS/CDM+ERM+LFC:5.0/H:6/RES,BIG_CITY,417.0,1050675100.0,185413253.0,18925.0,700450.0,1236088353.0,210550.0,8756.0,1680.0,1500.0
ESP,Spain,RES,CR+,CR/LFLS/CDM+ERM+LFC:5.0/H:7/RES,BIG_CITY,480.0,1695044584.0,299125515.0,30532.0,1130030.0,1994170099.0,339971.0,14125.0,2354.0,1500.0
ESP,Spain,RES,CR+,CR/LFLS/CDM+ERM+LFC:5.0/H:7/RES,RURAL,395.0,1022267015.0,180400061.0,20350.0,929334.0,1202667076.0,279592.0,11617.0,2353.0,1100.0
ESP,Spain,RES,CR+,CR/LFLS/CDM+ERM+LFC:5.0/H:7/RES,URBAN,606.0,1852690904.0,326945454.0,32861.0,1425147.0,2179636357.0,428758.0,17814.0,2352.0,1300.0
ESP,Spain,RES,CR+,CR/LFLS/CDM+ERM+LFC:5.0/H:8/RES,BIG_CITY,162.0,775330271.0,136822989.0,13966.0,516887.0,912153260.0,155640.0,6461.0,3191.0,1500.0
ESP,Spain,RES,CR+,CR/LFLS/CDM+ERM+LFC:5.0/H:8/RES,RURAL,238.0,837639986.0,147818821.0,16606.0,761491.0,985458807.0,229293.0,9519.0,3200.0,1100.0
ESP,Spain,RES,CR+,CR/LFLS/CDM+ERM+LFC:5.0/H:8/RES,URBAN,390.0,1621366902.0,286123570.0,28932.0,1247205.0,1907490471.0,375547.0,15590.0,3198.0,1300.0
ESP,Spain,RES,CR+,CR/LFLS/CDM+ERM+LFC:5.0/H:9/RES,URBAN,81.0,365867477.0,64564848.0,6768.0,281437.0,430432327.0,84817.0,3655.0,3475.0,1300.0
ESP,Spain,RES,CR+,CR/LFLS/CDM+ERM+LFC:5.0/H:9/RES,RURAL,52.0,196845739.0,34737484.0,4000.0,178951.0,231583224.0,53930.0,2324.0,3441.0,1100.0
ESP,Spain,RES,CR+,CR/LFLS/CDM+ERM+LFC:5.0/H:9/RES,BIG_CITY,54.0,281888443.0,49745019.0,5275.0,187926.0,331633463.0,56635.0,2441.0,3480.0,1500.0
ESP,Spain,COM,CR-,CR/LFLS/CDN+ERL/H:1/COM,TOTAL,4161.0,1328064655.0,332016167.0,0.0,948618.0,1660080820.0,408345.0,0.0,228.0,1400.0
ESP,Spain,COM,CR-,CR/LFLS/CDN+ERL/H:2/COM,TOTAL,3487.0,2328504411.0,582126096.0,0.0,1663217.0,2910630508.0,716644.0,0.0,477.0,1400.0
ESP,Spain,RES,CR-,CR/LFLS/CDN+ERL/H:2/RES,BIG_CITY,7601.0,2280245165.0,402396206.0,36179.0,1520163.0,2682641370.0,455374.0,15202.0,200.0,1500.0
ESP,Spain,RES,CR-,CR/LFLS/CDN+ERL/H:2/RES,URBAN,57013.0,14823282730.0,2615873421.0,183283.0,11402525.0,17439156150.0,3415692.0,114025.0,200.0,1300.0
ESP,Spain,COM,CR-,CR/LFLS/CDN+ERL/H:3/COM,TOTAL,466.0,480234995.0,120058753.0,0.0,343025.0,600293746.0,147945.0,0.0,736.0,1400.0
ESP,Spain,RES,CR-,CR/LFLS/CDN+ERL/H:3/RES,BIG_CITY,2534.0,570220311.0,100627114.0,8810.0,380147.0,670847425.0,113974.0,3801.0,150.0,1500.0
ESP,Spain,RES,CR-,CR/LFLS/CDN+ERL/H:3/RES,URBAN,11624.0,2266597601.0,399987810.0,28626.0,1743537.0,2666585416.0,522738.0,17435.0,150.0,1300.0
ESP,Spain,COM,CR-,CR/LFLS/CDN+ERL/H:4/COM,TOTAL,233.0,320133489.0,80033373.0,0.0,228667.0,400166859.0,98718.0,0.0,981.0,1400.0
ESP,Spain,RES,CR-,CR/LFLS/CDN+ERL/H:4/RES,BIG_CITY,1176.0,317563603.0,56040636.0,5750.0,211709.0,373604239.0,63528.0,2352.0,180.0,1500.0
ESP,Spain,RES,CR-,CR/LFLS/CDN+ERL/H:4/RES,URBAN,2735.0,639920016.0,112927060.0,9471.0,492246.0,752847077.0,147710.0,5469.0,180.0,1300.0
ESP,Spain,COM,CR-,CR/LFLS/CDN+ERL/H:5/COM,TOTAL,233.0,400284723.0,100071182.0,0.0,285918.0,500355904.0,123552.0,0.0,1227.0,1400.0
ESP,Spain,RES,CR-,CR/LFLS/CDN+ERL/H:5/RES,URBAN,1425.0,768792242.0,135669217.0,12386.0,591379.0,904461465.0,177611.0,7125.0,415.0,1300.0
ESP,Spain,RES,CR-,CR/LFLS/CDN+ERL/H:5/RES,BIG_CITY,1166.0,725601408.0,128047307.0,14826.0,483734.0,853648714.0,145282.0,5828.0,415.0,1500.0
ESP,Spain,RES,CR-,CR/LFLS/CDN+ERL/H:6/RES,URBAN,710.0,1549981727.0,273526186.0,25705.0,1192294.0,1823507909.0,358395.0,14904.0,1679.0,1300.0
ESP,Spain,RES,CR-,CR/LFLS/CDN+ERL/H:6/RES,BIG_CITY,696.0,1754075135.0,309542671.0,35425.0,1169383.0,2063617806.0,351508.0,14617.0,1680.0,1500.0
ESP,Spain,COM,CR-,CR/LFLS/CDN+ERL/H:7/COM,TOTAL,233.0,560442424.0,140110606.0,0.0,400316.0,700553031.0,173319.0,0.0,1718.0,1400.0
ESP,Spain,RES,CR-,CR/LFLS/CDN+ERL/H:7/RES,BIG_CITY,3819.0,13473815941.0,2377732224.0,274613.0,8982544.0,15851548166.0,2702414.0,112282.0,2352.0,1500.0
ESP,Spain,RES,CR-,CR/LFLS/CDN+ERL/H:7/RES,RURAL,1410.0,3646661036.0,643528416.0,68613.0,3315146.0,4290189454.0,997368.0,41439.0,2351.0,1100.0
ESP,Spain,RES,CR-,CR/LFLS/CDN+ERL/H:7/RES,URBAN,1499.0,4584252658.0,808985762.0,78632.0,3526348.0,5393238424.0,1060908.0,44079.0,2352.0,1300.0
ESP,Spain,COM,CR-,CR/LFLS/CDN+ERL/H:8/COM,TOTAL,233.0,640448894.0,160112224.0,0.0,457463.0,800561116.0,198251.0,0.0,1963.0,1400.0
ESP,Spain,RES,CR-,CR/LFLS/CDN+ERL/H:8/RES,RURAL,913.0,3215434612.0,567429639.0,60188.0,2923122.0,3782864242.0,880184.0,36539.0,3202.0,1100.0
ESP,Spain,RES,CR-,CR/LFLS/CDN+ERL/H:8/RES,URBAN,1028.0,4274791867.0,754375033.0,71553.0,3288301.0,5029166907.0,990144.0,41104.0,3199.0,1300.0
ESP,Spain,RES,CR-,CR/LFLS/CDN+ERL/H:8/RES,BIG_CITY,2187.0,10498043634.0,1852595935.0,216391.0,6998696.0,12350639568.0,2107384.0,87484.0,3200.0,1500.0
ESP,Spain,RES,CR-,CR/LFLS/CDN+ERL/H:9/RES,RURAL,268.0,1020886440.0,180156430.0,19671.0,928079.0,1201042873.0,279695.0,12053.0,3463.0,1100.0
ESP,Spain,RES,CR-,CR/LFLS/CDN+ERL/H:9/RES,URBAN,270.0,1216858335.0,214739709.0,21272.0,936045.0,1431598045.0,282096.0,12156.0,3467.0,1300.0
ESP,Spain,RES,CR-,CR/LFLS/CDN+ERL/H:9/RES,BIG_CITY,777.0,4039237835.0,712806677.0,84052.0,2692825.0,4752044512.0,811537.0,34972.0,3466.0,1500.0
ESP,Spain,IND,CR-,CR/LFM/CDL+ERL/H:2/IND,TOTAL,9868.0,11923253871.0,3974417968.0,0.0,14027357.0,15897671811.0,5660056.0,0.0,1421.0,850.0
ESP,Spain,IND,CR+,CR/LFM/CDM+ERM/H:2/IND,TOTAL,3035.0,3666672527.0,1222224169.0,0.0,4313732.0,4888896678.0,1740599.0,0.0,1421.0,850.0
ESP,Spain,COM,MR|MCF,MCF/LWAL/CDL+ERL/H:1/COM,TOTAL,17276.0,5333448804.0,941196848.0,0.0,3809606.0,6274645653.0,1648993.0,0.0,221.0,1400.0
ESP,Spain,IND,MR|MCF,MCF/LWAL/CDL+ERL/H:1/IND,TOTAL,8939.0,10801297872.0,3600432620.0,0.0,12707409.0,14401730498.0,5121530.0,0.0,1422.0,850.0
ESP,Spain,RES,MR|MCF,MCF/LWAL/CDL+ERL/H:1/RES,URBAN,294424.0,38275096299.0,6754428752.0,513002.0,29442382.0,45029525054.0,9384644.0,294424.0,100.0,1300.0
ESP,Spain,RES,MR|MCF,MCF/LWAL/CDL+ERL/H:1/RES,RURAL,275310.0,30284116978.0,5344255938.0,391285.0,27531015.0,35628372915.0,8775403.0,275310.0,100.0,1100.0
ESP,Spain,RES,MR|MCF,MCF/LWAL/CDL+ERL/H:1/RES,BIG_CITY,67194.0,10079103019.0,1778665238.0,171505.0,6719402.0,11857768257.0,2141783.0,67194.0,100.0,1500.0
ESP,Spain,COM,MR|MCF,MCF/LWAL/CDL+ERL/H:2/COM,TOTAL,7583.0,5129846791.0,905267080.0,0.0,3664176.0,6035113873.0,1587573.0,0.0,483.0,1400.0
ESP,Spain,RES,MR|MCF,MCF/LWAL/CDL+ERL/H:2/RES,RURAL,448740.0,98722882978.0,17421685234.0,1283114.0,89748075.0,116144568212.0,28631982.0,897481.0,200.0,1100.0
ESP,Spain,RES,MR|MCF,MCF/LWAL/CDL+ERL/H:2/RES,BIG_CITY,110398.0,33119388915.0,5844598045.0,572479.0,22079593.0,38963986958.0,7043967.0,220796.0,200.0,1500.0
ESP,Spain,RES,MR|MCF,MCF/LWAL/CDL+ERL/H:2/RES,URBAN,419654.0,109109975788.0,19254701608.0,1452014.0,83930751.0,128364677398.0,26776104.0,839308.0,200.0,1300.0
ESP,Spain,COM,MR|MCF,MCF/LWAL/CDL+ERL/H:3/COM,TOTAL,1093.0,1125256612.0,198574695.0,0.0,803755.0,1323831308.0,348577.0,0.0,735.0,1400.0
ESP,Spain,RES,MR|MCF,MCF/LWAL/CDL+ERL/H:3/RES,RURAL,72799.0,12011852357.0,2119738651.0,157560.0,10919866.0,14131591007.0,3486781.0,109199.0,150.0,1100.0
ESP,Spain,RES,MR|MCF,MCF/LWAL/CDL+ERL/H:3/RES,URBAN,63173.0,12318701911.0,2173888578.0,160429.0,9475925.0,14492590487.0,3025722.0,94759.0,150.0,1300.0
ESP,Spain,RES,MR|MCF,MCF/LWAL/CDL+ERL/H:3/RES,BIG_CITY,39656.0,8922682312.0,1574590996.0,153226.0,5948455.0,10497273308.0,1899379.0,59485.0,150.0,1500.0
ESP,Spain,COM,MR|MCF,MCF/LWAL/CDL+ERL/H:4/COM,TOTAL,486.0,630324186.0,111233681.0,0.0,450232.0,741557868.0,195447.0,0.0,926.0,1400.0
ESP,Spain,RES,MR|MCF,MCF/LWAL/CDL+ERL/H:4/RES,URBAN,18413.0,4308623977.0,760345414.0,63682.0,3314326.0,5068969380.0,1059213.0,36826.0,180.0,1300.0
ESP,Spain,RES,MR|MCF,MCF/LWAL/CDL+ERL/H:4/RES,BIG_CITY,10138.0,2737131185.0,483023150.0,51500.0,1824754.0,3220154334.0,583166.0,20275.0,180.0,1500.0
ESP,Spain,RES,MR|MCF,MCF/LWAL/CDL+ERL/H:4/RES,RURAL,18060.0,3575884647.0,631038466.0,53470.0,3250804.0,4206923114.0,1038913.0,36120.0,180.0,1100.0
ESP,Spain,COM,MR|MCF,MCF/LWAL/CDL+ERL/H:5/COM,TOTAL,28.0,94033206.0,16594096.0,0.0,67167.0,110627299.0,29185.0,0.0,2399.0,1400.0
ESP,Spain,RES,MR|MCF,MCF/LWAL/CDL+ERL/H:5/RES,BIG_CITY,6826.0,4249249836.0,749867618.0,88254.0,2832833.0,4999117453.0,906128.0,34131.0,415.0,1500.0
ESP,Spain,RES,MR|MCF,MCF/LWAL/CDL+ERL/H:5/RES,RURAL,10550.0,4815997550.0,849881924.0,77529.0,4378180.0,5665879470.0,1400433.0,52749.0,415.0,1100.0
ESP,Spain,RES,MR|MCF,MCF/LWAL/CDL+ERL/H:5/RES,URBAN,10599.0,5717955027.0,1009050885.0,89097.0,4398427.0,6727005910.0,1406909.0,52993.0,415.0,1300.0
ESP,Spain,RES,MR|MCF,MCF/LWAL/CDL+ERL/H:6/RES,URBAN,6109.0,13342214508.0,2354508443.0,211801.0,10263242.0,15696722943.0,3285741.0,128291.0,1680.0,1300.0
ESP,Spain,RES,MR|MCF,MCF/LWAL/CDL+ERL/H:6/RES,BIG_CITY,3498.0,8815134357.0,1555611944.0,190969.0,5876756.0,10370746302.0,1881423.0,73459.0,1680.0,1500.0
ESP,Spain,RES,MR|MCF,MCF/LWAL/CDL+ERL/H:6/RES,RURAL,6149.0,11363929716.0,2005399359.0,188536.0,10330845.0,13369329077.0,3307384.0,129136.0,1680.0,1100.0
ESP,Spain,COM,MR|MCF,MCF/LWAL/CDN+ERL/H:1/COM,TOTAL,49503.0,15282557372.0,2696921887.0,0.0,10916112.0,17979479265.0,4725054.0,0.0,221.0,1400.0
ESP,Spain,COM,MR|MCF,MCF/LWAL/CDN+ERL/H:2/COM,TOTAL,21729.0,14699166784.0,2593970606.0,0.0,10499405.0,17293137393.0,4549063.0,0.0,483.0,1400.0
ESP,Spain,COM,MR|MCF,MCF/LWAL/CDN+ERL/H:3/COM,TOTAL,3131.0,3224786854.0,569080032.0,0.0,2303419.0,3793866887.0,998961.0,0.0,736.0,1400.0
ESP,Spain,COM,MR|MCF,MCF/LWAL/CDN+ERL/H:4/COM,TOTAL,1392.0,1806062489.0,318716907.0,0.0,1290045.0,2124779393.0,560013.0,0.0,927.0,1400.0
ESP,Spain,COM,MR|MCF,MCF/LWAL/CDN+ERL/H:5/COM,TOTAL,81.0,268964223.0,47464276.0,0.0,192117.0,316428497.0,83479.0,0.0,2372.0,1400.0
ESP,Spain,COM,MUR,MUR+CL/LWAL/CDN+ERN/H:1/COM,TOTAL,114104.0,34423374881.0,8605843721.0,0.0,27538700.0,43029218601.0,14223705.0,0.0,241.0,1250.0
ESP,Spain,RES,MUR,MUR+CL/LWAL/CDN+ERN/H:1/RES,BIG_CITY,123617.0,18542610360.0,3272225358.0,308186.0,12361740.0,21814835717.0,4660846.0,123617.0,100.0,1500.0
ESP,Spain,RES,MUR,MUR+CL/LWAL/CDN+ERN/H:1/RES,RURAL,567812.0,62459334409.0,11022235487.0,806011.0,56781213.0,73481569890.0,21408677.0,567812.0,100.0,1100.0
ESP,Spain,RES,MUR,MUR+CL/LWAL/CDN+ERN/H:1/RES,URBAN,543128.0,70606657588.0,12459998396.0,931550.0,54312814.0,83066655984.0,20477996.0,543128.0,100.0,1300.0
ESP,Spain,COM,MUR,MUR+CL/LWAL/CDN+ERN/H:2/COM,TOTAL,38360.0,32121365361.0,8030341344.0,0.0,25697092.0,40151706701.0,13282075.0,0.0,670.0,1250.0
ESP,Spain,RES,MUR,MUR+CL/LWAL/CDN+ERN/H:2/RES,BIG_CITY,169985.0,50995547050.0,8999214186.0,839688.0,33997031.0,59994761235.0,12827119.0,339970.0,200.0,1500.0
ESP,Spain,RES,MUR,MUR+CL/LWAL/CDN+ERN/H:2/RES,RURAL,863942.0,190067227322.0,33541275408.0,2390168.0,172788388.0,223608502728.0,65193256.0,1727884.0,200.0,1100.0
ESP,Spain,RES,MUR,MUR+CL/LWAL/CDN+ERN/H:2/RES,URBAN,668688.0,173858833186.0,30680970562.0,2238018.0,133737564.0,204539803748.0,50459335.0,1337376.0,200.0,1300.0
ESP,Spain,COM,MUR,MUR+CL/LWAL/CDN+ERN/H:3/COM,TOTAL,3615.0,6393247051.0,1598311761.0,0.0,5114598.0,7991558814.0,2645488.0,0.0,1415.0,1250.0
ESP,Spain,RES,MUR,MUR+CL/LWAL/CDN+ERN/H:3/RES,BIG_CITY,50413.0,11342985805.0,2001703377.0,183464.0,7561991.0,13344689182.0,2855137.0,75620.0,150.0,1500.0
ESP,Spain,RES,MUR,MUR+CL/LWAL/CDN+ERN/H:3/RES,URBAN,117074.0,22829426512.0,4028722321.0,291443.0,17561097.0,26858148831.0,6630443.0,175611.0,150.0,1300.0
ESP,Spain,RES,MUR,MUR+CL/LWAL/CDN+ERN/H:3/RES,RURAL,160569.0,26493850534.0,4675385384.0,344370.0,24085319.0,31169235924.0,9093755.0,240853.0,150.0,1100.0
ESP,Spain,COM,MUR,MUR+CL/LWAL/CDN+ERN/H:4/COM,TOTAL,2479.0,5843330892.0,1460832725.0,0.0,4674665.0,7304163614.0,2419675.0,0.0,1886.0,1250.0
ESP,Spain,RES,MUR,MUR+CL/LWAL/CDN+ERN/H:4/RES,RURAL,42756.0,8465701394.0,1493947305.0,127659.0,7696092.0,9959648694.0,2907794.0,85512.0,180.0,1100.0
ESP,Spain,RES,MUR,MUR+CL/LWAL/CDN+ERN/H:4/RES,URBAN,38702.0,9056367908.0,1598182571.0,133753.0,6966437.0,10654550480.0,2632111.0,77405.0,180.0,1300.0
ESP,Spain,RES,MUR,MUR+CL/LWAL/CDN+ERN/H:4/RES,BIG_CITY,24906.0,6724674443.0,1186707255.0,125179.0,4483116.0,7911381698.0,1693844.0,49812.0,180.0,1500.0
ESP,Spain,RES,MUR,MUR+CL/LWAL/CDN+ERN/H:5/RES,RURAL,27612.0,12604866160.0,2224388146.0,210749.0,11458969.0,14829254302.0,4332527.0,138060.0,415.0,1100.0
ESP,Spain,RES,MUR,MUR+CL/LWAL/CDN+ERN/H:5/RES,BIG_CITY,26496.0,16493441735.0,2910607365.0,341281.0,10995628.0,19404049100.0,4157342.0,132477.0,415.0,1500.0
ESP,Spain,RES,MUR,MUR+CL/LWAL/CDN+ERN/H:5/RES,URBAN,26141.0,14103214029.0,2488802478.0,224598.0,10848626.0,16592016507.0,4101762.0,130706.0,415.0,1300.0
ESP,Spain,RES,MUR,MUR+CL/LWAL/CDN+ERN/H:6/RES,BIG_CITY,12689.0,31976020212.0,5642827096.0,643692.0,21317347.0,37618847308.0,8065494.0,266467.0,1680.0,1500.0
ESP,Spain,RES,MUR,MUR+CL/LWAL/CDN+ERN/H:6/RES,URBAN,14694.0,32092765879.0,5663429274.0,512349.0,24686743.0,37756195149.0,9340318.0,308584.0,1680.0,1300.0
ESP,Spain,RES,MUR,MUR+CL/LWAL/CDN+ERN/H:6/RES,RURAL,14914.0,27560443726.0,4863607716.0,478663.0,25054949.0,32424051443.0,9479630.0,313187.0,1680.0,1100.0
ESP,Spain,COM,ADO|ST|E,MUR+ST/LWAL/CDN+ERN/H:1/COM,TOTAL,75548.0,23678291348.0,5919572837.0,0.0,18942633.0,29597864182.0,9783847.0,0.0,251.0,1250.0
ESP,Spain,RES,ADO|ST|E,MUR+ST/LWAL/CDN+ERN/H:1/RES,BIG_CITY,82394.0,12359159968.0,2181028230.0,205416.0,8239440.0,14540188198.0,3106582.0,82394.0,100.0,1500.0
ESP,Spain,RES,ADO|ST|E,MUR+ST/LWAL/CDN+ERN/H:1/RES,RURAL,378428.0,41627109707.0,7345960539.0,537184.0,37842827.0,48973070240.0,14268185.0,378428.0,100.0,1100.0
ESP,Spain,RES,ADO|ST|E,MUR+ST/LWAL/CDN+ERN/H:1/RES,URBAN,361991.0,47058872885.0,8304506977.0,620875.0,36199133.0,55363379870.0,13648450.0,361991.0,100.0,1300.0
ESP,Spain,COM,ADO|ST|E,MUR+ST/LWAL/CDN+ERN/H:2/COM,TOTAL,28394.0,23859515905.0,5964878978.0,0.0,19087613.0,29824394884.0,9865828.0,0.0,672.0,1250.0
ESP,Spain,RES,ADO|ST|E,MUR+ST/LWAL/CDN+ERN/H:2/RES,RURAL,614742.0,135243181029.0,23866443712.0,1705084.0,122948346.0,159109624741.0,46388551.0,1229483.0,200.0,1100.0
ESP,Spain,RES,ADO|ST|E,MUR+ST/LWAL/CDN+ERN/H:2/RES,URBAN,534811.0,139050773646.0,24538371818.0,1789956.0,106962134.0,163589145469.0,40356935.0,1069621.0,200.0,1300.0
ESP,Spain,RES,ADO|ST|E,MUR+ST/LWAL/CDN+ERN/H:2/RES,BIG_CITY,132256.0,39676919979.0,7001809409.0,653999.0,26451280.0,46678729389.0,9980098.0,264513.0,200.0,1500.0
ESP,Spain,COM,ADO|ST|E,MUR+ST/LWAL/CDN+ERN/H:3/COM,TOTAL,2685.0,4748508268.0,1187127068.0,0.0,3798807.0,5935635336.0,1964905.0,0.0,1415.0,1250.0
ESP,Spain,RES,ADO|ST|E,MUR+ST/LWAL/CDN+ERN/H:3/RES,URBAN,91510.0,17844518030.0,3149032593.0,227729.0,13726552.0,20993550623.0,5182656.0,137266.0,150.0,1300.0
ESP,Spain,RES,ADO|ST|E,MUR+ST/LWAL/CDN+ERN/H:3/RES,RURAL,110934.0,18304184533.0,3230150210.0,237874.0,16640168.0,21534334740.0,6282733.0,166402.0,150.0,1100.0
ESP,Spain,RES,ADO|ST|E,MUR+ST/LWAL/CDN+ERN/H:3/RES,BIG_CITY,37921.0,8532112528.0,1505666916.0,138001.0,5688075.0,10037779445.0,2147614.0,56881.0,150.0,1500.0
ESP,Spain,COM,ADO|ST|E,MUR+ST/LWAL/CDN+ERN/H:4/COM,TOTAL,1859.0,4381849040.0,1095462260.0,0.0,3505479.0,5477311300.0,1814487.0,0.0,1886.0,1250.0
ESP,Spain,RES,ADO|ST|E,MUR+ST/LWAL/CDN+ERN/H:4/RES,RURAL,29816.0,5903616745.0,1041814718.0,88965.0,5366924.0,6945431463.0,2027771.0,59632.0,180.0,1100.0
ESP,Spain,RES,ADO|ST|E,MUR+ST/LWAL/CDN+ERN/H:4/RES,URBAN,30122.0,7048490442.0,1243851256.0,104112.0,5421916.0,8292341695.0,2048548.0,60243.0,180.0,1300.0
ESP,Spain,RES,ADO|ST|E,MUR+ST/LWAL/CDN+ERN/H:4/RES,BIG_CITY,18752.0,5062904973.0,893453818.0,94257.0,3375270.0,5956358791.0,1275269.0,37503.0,180.0,1500.0
ESP,Spain,RES,ADO|ST|E,MUR+ST/LWAL/CDN+ERN/H:5/RES,BIG_CITY,19961.0,12425784824.0,2192785557.0,257159.0,8283857.0,14618570381.0,3132047.0,99806.0,415.0,1500.0
ESP,Spain,RES,ADO|ST|E,MUR+ST/LWAL/CDN+ERN/H:5/RES,RURAL,19167.0,8749835301.0,1544088586.0,146162.0,7954396.0,10293923888.0,3007481.0,95836.0,415.0,1100.0
ESP,Spain,RES,ADO|ST|E,MUR+ST/LWAL/CDN+ERN/H:5/RES,URBAN,20399.0,11005477344.0,1942143064.0,175312.0,8465752.0,12947620406.0,3200820.0,101997.0,415.0,1300.0
ESP,Spain,RES,ADO|ST|E,MUR+ST/LWAL/CDN+ERN/H:6/RES,RURAL,10382.0,19185107528.0,3385607213.0,332832.0,17441007.0,22570714735.0,6598867.0,218013.0,1680.0,1100.0
ESP,Spain,RES,ADO|ST|E,MUR+ST/LWAL/CDN+ERN/H:6/RES,URBAN,11454.0,25015146291.0,4414437581.0,399406.0,19242420.0,29429583872.0,7280439.0,240530.0,1680.0,1300.0
ESP,Spain,RES,ADO|ST|E,MUR+ST/LWAL/CDN+ERN/H:6/RES,BIG_CITY,9558.0,24085151983.0,4250320938.0,484941.0,16056768.0,28335472922.0,6075136.0,200710.0,1680.0,1500.0
ESP,Spain,IND,MUR,MUR/LWAL/CDN+ERN/H:1/IND,TOTAL,7875.0,8955680666.0,2985226892.0,0.0,11194601.0,11940907594.0,5315012.0,0.0,1422.0,800.0
ESP,Spain,IND,S,S+SL/LFM/CDH+ERH/H:1/IND,TOTAL,7504.0,9067321470.0,4882403871.0,0.0,10667437.0,13949725327.0,2773087.0,0.0,1422.0,850.0
ESP,Spain,IND,S,S+SL/LFM/CDL+ERL/H:1/IND,TOTAL,15008.0,18134642920.0,9764807730.0,0.0,21334874.0,27899450646.0,5546169.0,0.0,1422.0,850.0
ESP,Spain,IND,S,S/LFBR/CDH+ERH/H:1/IND,TOTAL,12507.0,15112202431.0,8137339780.0,0.0,17779062.0,23249542211.0,4789839.0,0.0,1422.0,850.0
ESP,Spain,IND,S,S/LFM/CDH+ERH/H:1/IND,TOTAL,12507.0,15112202431.0,8137339780.0,0.0,17779062.0,23249542211.0,4621807.0,0.0,1422.0,850.0
ESP,Spain,IND,S,S/LFM/CDL+ERL/H:1/IND,TOTAL,75042.0,90673214597.0,48824038633.0,0.0,106674370.0,139497253238.0,27730834.0,0.0,1422.0,850.0
ESP,Spain,IND,S,S/LFM/CDM+ERM/H:1/IND,TOTAL,12507.0,15112202431.0,8137339780.0,0.0,17779062.0,23249542211.0,4621807.0,0.0,1422.0,850.0
