ID_0,NAME_0,OCCUPANCY,MACRO_TAXONOMY,TAXONOMY,SETTLEMENT,BUILDINGS,BLDG_REPL_COST_USD,COST_CONTENTS_USD,OCCUPANTS_TOTAL,TOTAL_AREA_SQM,TOTAL_REPL_COST_USD,CARBON_BUILDINGS_TON,DWELLINGS,AVG_BUILDING_AREA_SQM,AVG_BLDG_COST_PER_AREA_USD
CHN,China,COM,CR-,CR/LDUAL/CDL+ERL/H:10-15/COM,TOTAL,30120.0,82402962350.0,20600740609.0,0.0,126773788.0,103003702933.0,78974041.0,0.0,4209.0,650.0
CHN,China,RES,CR-,CR/LDUAL/CDL+ERL/H:10-15/RES,URBAN,109940.0,280232921201.0,49452868433.0,13484217.0,538909464.0,329685789650.0,237412438.0,6203918.0,4902.0,520.0
CHN,China,RES,CR-,CR/LDUAL/CDL+ERL/H:10-15/RES,TOTAL,54249.0,125786313210.0,22197584673.0,4711641.0,241896756.0,147983897972.0,106565806.0,2573596.0,4459.0,520.0
CHN,China,RES,CR-,CR/LDUAL/CDL+ERL/H:10-15/RES,RURAL,14339.0,732916198.0,129338350.0,85513.0,2443054.0,862253790.0,1076307.0,30993.0,170.0,300.0
CHN,China,COM,CR-,CR/LDUAL/CDL+ERL/H:7-9/COM,TOTAL,36717.0,80201560882.0,20050390221.0,0.0,123387017.0,100251951125.0,76664257.0,0.0,3360.0,650.0
CHN,China,RES,CR-,CR/LDUAL/CDL+ERL/H:7-9/RES,TOTAL,51252.0,92113103956.0,16255253721.0,4442248.0,177140585.0,108368357504.0,77849797.0,1759217.0,3456.0,520.0
CHN,China,RES,CR-,CR/LDUAL/CDL+ERL/H:7-9/RES,RURAL,14734.0,399930334.0,70576071.0,69013.0,1333101.0,470505799.0,585911.0,21170.0,90.0,300.0
CHN,China,RES,CR-,CR/LDUAL/CDL+ERL/H:7-9/RES,URBAN,142616.0,250952608646.0,44285754493.0,14619583.0,482601170.0,295238363081.0,212093593.0,5392270.0,3384.0,520.0
CHN,China,COM,CR-,CR/LFINF/CDL+ERL/H:1/COM,TOTAL,10985986.0,1007133396306.0,251783349099.0,0.0,1549435994.0,1258916745414.0,913052642.0,0.0,141.0,650.0
CHN,China,IND,CR-,CR/LFINF/CDL+ERL/H:1/IND,TOTAL,6128493.0,604540595837.0,201513531928.0,0.0,2015135319.0,806054127783.0,1187546555.0,0.0,329.0,300.0
CHN,China,RES,CR-,CR/LFINF/CDL+ERL/H:1/RES,RURAL,11361713.0,338262846895.0,59693443628.0,37807504.0,1127542823.0,397956290564.0,449088112.0,11375498.0,99.0,300.0
CHN,China,RES,CR-,CR/LFINF/CDL+ERL/H:1/RES,URBAN,12124701.0,551138754634.0,97259780196.0,30962474.0,1059882220.0,648398534860.0,422139598.0,12130709.0,87.0,520.0
CHN,China,RES,CR-,CR/LFINF/CDL+ERL/H:1/RES,TOTAL,29441569.0,1507696828338.0,266064146173.0,83104950.0,2899416978.0,1773760974596.0,1154806351.0,29485752.0,98.0,520.0
CHN,China,COM,CR-,CR/LFINF/CDL+ERL/H:2-3/COM,TOTAL,1761627.0,392923248804.0,98230812161.0,0.0,604497306.0,491154061030.0,356448545.0,0.0,343.0,650.0
CHN,China,IND,CR-,CR/LFINF/CDL+ERL/H:2-3/IND,TOTAL,983356.0,275257059469.0,91752353185.0,0.0,917523531.0,367009412596.0,541114960.0,0.0,933.0,300.0
CHN,China,RES,CR-,CR/LFINF/CDL+ERL/H:2-3/RES,URBAN,4173050.0,777748127361.0,137249669525.0,40796287.0,1495669476.0,914997796968.0,596065295.0,15786048.0,358.0,520.0
CHN,China,RES,CR-,CR/LFINF/CDL+ERL/H:2-3/RES,RURAL,345841.0,45537165496.0,8035970413.0,3615368.0,151790552.0,53573135856.0,60492709.0,1335887.0,439.0,300.0
CHN,China,RES,CR-,CR/LFINF/CDL+ERL/H:2-3/RES,TOTAL,3914989.0,846099683396.0,149311708832.0,36795212.0,1627114776.0,995411392049.0,648449879.0,15060252.0,416.0,520.0
CHN,China,COM,CR-,CR/LFINF/CDL+ERL/H:4-6/COM,TOTAL,637799.0,634644550178.0,158661137555.0,0.0,976376231.0,793305687713.0,576845436.0,0.0,1531.0,650.0
CHN,China,IND,CR-,CR/LFINF/CDL+ERL/H:4-6/IND,TOTAL,344734.0,423690724006.0,141230241347.0,0.0,1412302413.0,564920965342.0,834788116.0,0.0,4097.0,300.0
CHN,China,RES,CR-,CR/LFINF/CDL+ERL/H:4-6/RES,URBAN,2648789.0,2375625701648.0,419228064987.0,127431757.0,4568510965.0,2794853766700.0,1823942390.0,49981576.0,1725.0,520.0
CHN,China,RES,CR-,CR/LFINF/CDL+ERL/H:4-6/RES,TOTAL,835731.0,858077828994.0,151425499277.0,33811754.0,1650149671.0,1009503328160.0,658809415.0,15883102.0,1974.0,520.0
CHN,China,RES,CR-,CR/LFINF/CDL+ERL/H:4-6/RES,RURAL,10786.0,6801899192.0,1200335185.0,553591.0,22672997.0,8002234339.0,9052023.0,206078.0,2102.0,300.0
CHN,China,COM,CR-,CR/LFINF/CDL+ERL/H:7-9/COM,TOTAL,110849.0,238523433242.0,59630858284.0,0.0,366959128.0,298154291497.0,217219170.0,0.0,3310.0,650.0
CHN,China,RES,CR-,CR/LFINF/CDL+ERL/H:7-9/RES,RURAL,15459.0,1206130667.0,212846584.0,141541.0,4020436.0,1418977027.0,1608043.0,44257.0,260.0,300.0
CHN,China,RES,CR-,CR/LFINF/CDL+ERL/H:7-9/RES,TOTAL,140934.0,276348860315.0,48767445944.0,13322329.0,531440116.0,325116306247.0,212553241.0,5276887.0,3771.0,520.0
CHN,China,RES,CR-,CR/LFINF/CDL+ERL/H:7-9/RES,URBAN,427669.0,752863033343.0,132858182351.0,43859243.0,1447813526.0,885721215680.0,579063168.0,16177019.0,3385.0,520.0
CHN,China,COM,CR+,CR/LFINF/CDM+ERM/H:10-15/COM,TOTAL,40807.0,113719923419.0,28429980866.0,0.0,174953728.0,142149904274.0,103829014.0,0.0,4287.0,650.0
CHN,China,RES,CR+,CR/LFINF/CDM+ERM/H:10-15/RES,RURAL,14339.0,732916198.0,129338350.0,85513.0,2443054.0,862253790.0,979484.0,30993.0,170.0,300.0
CHN,China,RES,CR+,CR/LFINF/CDM+ERM/H:10-15/RES,TOTAL,54249.0,125786313210.0,22197584673.0,4711641.0,241896756.0,147983897972.0,96978893.0,2573596.0,4459.0,520.0
CHN,China,RES,CR+,CR/LFINF/CDM+ERM/H:10-15/RES,URBAN,109940.0,280232921201.0,49452868433.0,13484217.0,538909464.0,329685789650.0,216054243.0,6203918.0,4902.0,520.0
CHN,China,COM,CR-,CR/LFM/CDL+ERL/H:1/COM,TOTAL,3732964.0,337244156510.0,84311039115.0,0.0,518837164.0,421555195651.0,305740712.0,0.0,139.0,650.0
CHN,China,IND,CR-,CR/LFM/CDL+ERL/H:1/IND,TOTAL,2008890.0,197057920414.0,65685973479.0,0.0,656859735.0,262743893899.0,387096352.0,0.0,327.0,300.0
CHN,China,RES,CR-,CR/LFM/CDL+ERL/H:1/RES,URBAN,4041609.0,183711261700.0,32419634432.0,10320924.0,353290888.0,216130896087.0,140711944.0,4043613.0,87.0,520.0
CHN,China,RES,CR-,CR/LFM/CDL+ERL/H:1/RES,TOTAL,9813891.0,502562077968.0,88687425519.0,27701743.0,966465534.0,591249503419.0,384932783.0,9828624.0,98.0,520.0
CHN,China,RES,CR-,CR/LFM/CDL+ERL/H:1/RES,RURAL,3787393.0,112751766010.0,19897370560.0,12602994.0,375839220.0,132649136409.0,149692730.0,3791982.0,99.0,300.0
CHN,China,COM,CR-,CR/LFM/CDL+ERL/H:10-15/COM,TOTAL,11438.0,29957781286.0,7489445291.0,0.0,46088894.0,37447226608.0,27352177.0,0.0,4029.0,650.0
CHN,China,RES,CR-,CR/LFM/CDL+ERL/H:10-15/RES,URBAN,48351.0,114672618193.0,20236344377.0,5951596.0,220524266.0,134908962541.0,88410416.0,2682942.0,4561.0,520.0
CHN,China,RES,CR-,CR/LFM/CDL+ERL/H:10-15/RES,TOTAL,28956.0,43865976729.0,7741054737.0,1848729.0,84357648.0,51607031361.0,33819878.0,900210.0,2913.0,520.0
CHN,China,RES,CR-,CR/LFM/CDL+ERL/H:10-15/RES,RURAL,6879.0,96732336.0,17070769.0,29019.0,322441.0,113802708.0,129289.0,8331.0,47.0,300.0
CHN,China,COM,CR-,CR/LFM/CDL+ERL/H:2-3/COM,TOTAL,1214435.0,270364700129.0,67591174990.0,0.0,415945692.0,337955875126.0,245266998.0,0.0,343.0,650.0
CHN,China,IND,CR-,CR/LFM/CDL+ERL/H:2-3/IND,TOTAL,651898.0,186163485240.0,62054495072.0,0.0,620544951.0,248217980331.0,365970078.0,0.0,952.0,300.0
CHN,China,RES,CR-,CR/LFM/CDL+ERL/H:2-3/RES,TOTAL,2623185.0,549364025303.0,96946592687.0,28172101.0,1056469280.0,646310618088.0,421032010.0,9963169.0,403.0,520.0
CHN,China,RES,CR-,CR/LFM/CDL+ERL/H:2-3/RES,RURAL,118737.0,16377380076.0,2890125854.0,1820789.0,54591267.0,19267505965.0,21756130.0,457545.0,460.0,300.0
CHN,China,RES,CR-,CR/LFM/CDL+ERL/H:2-3/RES,URBAN,3426925.0,591712162917.0,104419793474.0,34860710.0,1137908006.0,696131956352.0,453487544.0,12878205.0,332.0,520.0
CHN,China,COM,CR-,CR/LFM/CDL+ERL/H:4-6/COM,TOTAL,236270.0,249783246564.0,62445811633.0,0.0,384281918.0,312229058206.0,227034696.0,0.0,1626.0,650.0
CHN,China,IND,CR-,CR/LFM/CDL+ERL/H:4-6/IND,TOTAL,127481.0,173898293086.0,57966097713.0,0.0,579660977.0,231864390785.0,342627824.0,0.0,4547.0,300.0
CHN,China,RES,CR-,CR/LFM/CDL+ERL/H:4-6/RES,TOTAL,361263.0,349907061178.0,61748304952.0,18101581.0,672898195.0,411655366051.0,268649405.0,6809054.0,1863.0,520.0
CHN,China,RES,CR-,CR/LFM/CDL+ERL/H:4-6/RES,URBAN,901638.0,761882778635.0,134449902101.0,45889906.0,1465159190.0,896332680727.0,584953399.0,16971886.0,1625.0,520.0
CHN,China,RES,CR-,CR/LFM/CDL+ERL/H:4-6/RES,RURAL,10002.0,4197455278.0,740727349.0,499182.0,13991518.0,4938182681.0,5586025.0,127588.0,1399.0,300.0
CHN,China,COM,CR-,CR/LFM/CDL+ERL/H:7-9/COM,TOTAL,73858.0,147073552731.0,36768388187.0,0.0,226267004.0,183841940941.0,133937348.0,0.0,3064.0,650.0
CHN,China,RES,CR-,CR/LFM/CDL+ERL/H:7-9/RES,RURAL,11799.0,588189541.0,103798157.0,84939.0,1960632.0,691987480.0,784200.0,26198.0,166.0,300.0
CHN,China,RES,CR-,CR/LFM/CDL+ERL/H:7-9/RES,TOTAL,99237.0,185340431150.0,32707134861.0,9073284.0,356423906.0,218047566052.0,142554283.0,3588687.0,3592.0,520.0
CHN,China,RES,CR-,CR/LFM/CDL+ERL/H:7-9/RES,URBAN,294335.0,474054231487.0,83656629063.0,27657653.0,911642753.0,557710860575.0,364617917.0,11085988.0,3097.0,520.0
CHN,China,COM,CR-,CR/LWAL/CDL+ERL/H:10-15/COM,TOTAL,33633.0,89105454571.0,22276363648.0,0.0,137085315.0,111381818227.0,89439836.0,0.0,4076.0,650.0
CHN,China,RES,CR-,CR/LWAL/CDL+ERL/H:10-15/RES,RURAL,10541.0,294641877.0,51995788.0,57092.0,982141.0,346637705.0,471627.0,16999.0,93.0,300.0
CHN,China,RES,CR-,CR/LWAL/CDL+ERL/H:10-15/RES,TOTAL,56735.0,131607294758.0,23224816651.0,5535115.0,253090951.0,154832111490.0,121527821.0,2698207.0,4461.0,520.0
CHN,China,RES,CR-,CR/LWAL/CDL+ERL/H:10-15/RES,URBAN,143212.0,344023121944.0,60709962681.0,17854731.0,661582927.0,404733084642.0,317675143.0,8048829.0,4620.0,520.0
CHN,China,COM,CR-,CR/LWAL/CDL+ERL/H:4-6/COM,TOTAL,236867.0,250287410157.0,62571852543.0,0.0,385057554.0,312859262694.0,250067704.0,0.0,1626.0,650.0
CHN,China,IND,CR-,CR/LWAL/CDL+ERL/H:4-6/IND,TOTAL,123352.0,172051378887.0,57350459629.0,0.0,573504596.0,229401838510.0,359454397.0,0.0,4649.0,300.0
CHN,China,RES,CR-,CR/LWAL/CDL+ERL/H:4-6/RES,TOTAL,361263.0,349907061178.0,61748304952.0,18101581.0,672898195.0,411655366051.0,321728939.0,6809054.0,1863.0,520.0
CHN,China,RES,CR-,CR/LWAL/CDL+ERL/H:4-6/RES,RURAL,10002.0,4197455278.0,740727349.0,499182.0,13991518.0,4938182681.0,6689703.0,127588.0,1399.0,300.0
CHN,China,RES,CR-,CR/LWAL/CDL+ERL/H:4-6/RES,URBAN,901638.0,761882778635.0,134449902101.0,45889906.0,1465159190.0,896332680727.0,700528039.0,16971886.0,1625.0,520.0
CHN,China,COM,CR-,CR/LWAL/CDL+ERL/H:7-9/COM,TOTAL,72338.0,142440503653.0,35610125907.0,0.0,219139236.0,178050629587.0,142598138.0,0.0,3029.0,650.0
CHN,China,RES,CR-,CR/LWAL/CDL+ERL/H:7-9/RES,TOTAL,99237.0,185340431150.0,32707134861.0,9073284.0,356423906.0,218047566052.0,170728097.0,3588687.0,3592.0,520.0
CHN,China,RES,CR-,CR/LWAL/CDL+ERL/H:7-9/RES,URBAN,294335.0,474054231487.0,83656629063.0,27657653.0,911642753.0,557710860575.0,436679450.0,11085988.0,3097.0,520.0
CHN,China,RES,CR-,CR/LWAL/CDL+ERL/H:7-9/RES,RURAL,11799.0,588189541.0,103798157.0,84939.0,1960632.0,691987480.0,939180.0,26198.0,166.0,300.0
CHN,China,COM,OT,MATO/LO/CDN+ERN/H:1/COM,TOTAL,869298.0,35056525789.0,8764131478.0,0.0,116855086.0,43820657268.0,25803720.0,0.0,134.0,300.0
CHN,China,IND,OT,MATO/LO/CDN+ERN/H:1/IND,TOTAL,469722.0,35449189053.0,15192509592.0,0.0,141796756.0,50641698584.0,30430926.0,0.0,302.0,250.0
CHN,China,RES,OT,MATO/LO/CDN+ERN/H:1/RES,RURAL,1861016.0,26716906992.0,6679226810.0,6601844.0,178112713.0,33396133718.0,21996058.0,1864227.0,96.0,150.0
CHN,China,RES,OT,MATO/LO/CDN+ERN/H:1/RES,TOTAL,3303058.0,99858613230.0,24964653225.0,10808022.0,332862044.0,124823266492.0,41106809.0,3306782.0,101.0,300.0
CHN,China,RES,OT,MATO/LO/CDN+ERN/H:1/RES,URBAN,1245843.0,27726482806.0,6931620663.0,4075175.0,110905931.0,34658103491.0,13696334.0,1248684.0,89.0,250.0
CHN,China,COM,OT,MATO/LO/CDN+ERN/H:2-3/COM,TOTAL,421754.0,70472280143.0,17618070003.0,0.0,234907601.0,88090350202.0,51893749.0,0.0,557.0,300.0
CHN,China,IND,OT,MATO/LO/CDN+ERN/H:2-3/IND,TOTAL,235652.0,71210489413.0,30518781155.0,0.0,284841958.0,101729270567.0,61169683.0,0.0,1209.0,250.0
CHN,China,RES,OT,MATO/LO/CDN+ERN/H:2-3/RES,URBAN,656841.0,55454202978.0,13863550759.0,8150111.0,221816812.0,69317753706.0,27408778.0,2497272.0,338.0,250.0
CHN,China,RES,OT,MATO/LO/CDN+ERN/H:2-3/RES,TOTAL,1709469.0,199720238547.0,49930059652.0,21616120.0,665734128.0,249650298205.0,82261383.0,6613669.0,389.0,300.0
CHN,China,RES,OT,MATO/LO/CDN+ERN/H:2-3/RES,RURAL,957501.0,53435751302.0,13358937837.0,13202574.0,356238342.0,66794689190.0,44018583.0,3728060.0,372.0,150.0
CHN,China,COM,MR|MCF,MCF/LWAL/CDL+ERL/H:1/COM,TOTAL,3766241.0,336480126475.0,84120031596.0,0.0,517661733.0,420600158035.0,305048053.0,0.0,137.0,650.0
CHN,China,IND,MR|MCF,MCF/LWAL/CDL+ERL/H:1/IND,TOTAL,2008890.0,197057920414.0,65685973479.0,0.0,656859735.0,262743893899.0,387096352.0,0.0,327.0,300.0
CHN,China,RES,MR|MCF,MCF/LWAL/CDL+ERL/H:1/RES,URBAN,4041609.0,183711261700.0,32419634431.0,10320924.0,353290888.0,216130896087.0,140711944.0,4043613.0,87.0,520.0
CHN,China,RES,MR|MCF,MCF/LWAL/CDL+ERL/H:1/RES,TOTAL,9813891.0,502562077968.0,88687425519.0,27701743.0,966465534.0,591249503419.0,384932783.0,9828624.0,98.0,520.0
CHN,China,RES,MR|MCF,MCF/LWAL/CDL+ERL/H:1/RES,RURAL,3787393.0,112751766010.0,19897370557.0,12602994.0,375839220.0,132649136407.0,149692730.0,3791982.0,99.0,300.0
CHN,China,COM,MR|MCF,MCF/LWAL/CDL+ERL/H:2-3/COM,TOTAL,587208.0,130973888412.0,32743472063.0,0.0,201498290.0,163717360517.0,118815712.0,0.0,343.0,650.0
CHN,China,IND,MR|MCF,MCF/LWAL/CDL+ERL/H:2-3/IND,TOTAL,316415.0,85631220186.0,28543740073.0,0.0,285437401.0,114174960227.0,168338410.0,0.0,902.0,300.0
CHN,China,RES,MR|MCF,MCF/LWAL/CDL+ERL/H:2-3/RES,TOTAL,1305272.0,282030088866.0,49770015689.0,12265118.0,542365555.0,331800104471.0,216147587.0,5020103.0,416.0,520.0
CHN,China,RES,MR|MCF,MCF/LWAL/CDL+ERL/H:2-3/RES,RURAL,115590.0,15178363714.0,2678534762.0,1205488.0,50594546.0,17856898434.0,20163327.0,445410.0,438.0,300.0
CHN,China,RES,MR|MCF,MCF/LWAL/CDL+ERL/H:2-3/RES,URBAN,1390988.0,259247753236.0,45749603480.0,13598771.0,498553372.0,304997356703.0,198687201.0,5262036.0,358.0,520.0
CHN,China,COM,MR|MCF,MCF/LWAL/CDL+ERL/H:4-6/COM,TOTAL,655280.0,1030822824017.0,257705706037.0,0.0,1585881268.0,1288528530077.0,936942490.0,0.0,2420.0,650.0
CHN,China,IND,MR|MCF,MCF/LWAL/CDL+ERL/H:4-6/IND,TOTAL,349327.0,618378847927.0,206126282639.0,0.0,2061262826.0,824505130577.0,1218377665.0,0.0,5901.0,300.0
CHN,China,RES,MR|MCF,MCF/LWAL/CDL+ERL/H:4-6/RES,URBAN,1406560.0,1199806362863.0,211730534595.0,65610918.0,2307319929.0,1411536897472.0,921179506.0,26577647.0,1640.0,520.0
CHN,China,RES,MR|MCF,MCF/LWAL/CDL+ERL/H:4-6/RES,RURAL,504377.0,266071693063.0,46953828147.0,29072633.0,886905643.0,313025521239.0,354090212.0,9614968.0,1758.0,300.0
CHN,China,RES,MR|MCF,MCF/LWAL/CDL+ERL/H:4-6/RES,TOTAL,1416589.0,1311564598360.0,231452576145.0,70312746.0,2522239612.0,1543017174610.0,1006984548.0,27231369.0,1781.0,520.0
CHN,China,COM,MUR,MUR/LWAL/CDN+ERN/H:1/COM,TOTAL,5586297.0,220896116415.0,55224029138.0,0.0,736320388.0,276120145549.0,548523691.0,0.0,132.0,300.0
CHN,China,IND,MUR,MUR/LWAL/CDN+ERN/H:1/IND,TOTAL,3129020.0,233922564704.0,77974188242.0,0.0,935690259.0,311896752931.0,649999384.0,0.0,299.0,250.0
CHN,China,RES,MUR,MUR/LWAL/CDN+ERN/H:1/RES,RURAL,6948259.0,135598782931.0,33899695766.0,23189316.0,677993915.0,169498478641.0,378144221.0,6972406.0,98.0,200.0
CHN,China,RES,MUR,MUR/LWAL/CDN+ERN/H:1/RES,TOTAL,16437312.0,852501045409.0,213125261384.0,46749550.0,1639425087.0,1065626306742.0,914372623.0,16470052.0,100.0,520.0
CHN,China,RES,MUR,MUR/LWAL/CDN+ERN/H:1/RES,URBAN,9369268.0,247646561032.0,61911640321.0,23122286.0,825488537.0,309558201244.0,460407805.0,9375392.0,88.0,300.0
CHN,China,COM,MUR,MUR/LWAL/CDN+ERN/H:2-3/COM,TOTAL,773497.0,113103814215.0,28275953522.0,0.0,377012714.0,141379767755.0,280995727.0,0.0,487.0,300.0
CHN,China,IND,MUR,MUR/LWAL/CDN+ERN/H:2-3/IND,TOTAL,447413.0,124461070210.0,41487023393.0,0.0,497844281.0,165948093618.0,346025509.0,0.0,1113.0,250.0
CHN,China,RES,MUR,MUR/LWAL/CDN+ERN/H:2-3/RES,RURAL,764207.0,66442865346.0,16610716373.0,10890388.0,332214327.0,83053581766.0,185375800.0,2972385.0,435.0,200.0
CHN,China,RES,MUR,MUR/LWAL/CDN+ERN/H:2-3/RES,TOTAL,2595047.0,565260439477.0,141315109913.0,28606156.0,1087039307.0,706575549380.0,606568551.0,9994875.0,419.0,520.0
CHN,China,RES,MUR,MUR/LWAL/CDN+ERN/H:2-3/RES,URBAN,1263165.0,129951875196.0,32487968783.0,12125436.0,433172917.0,162439843970.0,241710734.0,4771940.0,343.0,300.0
CHN,China,COM,W,W/LFM/CDL+ERM/H:1/COM,TOTAL,2875234.0,222574253279.0,55643563327.0,0.0,342421928.0,278217816587.0,75612926.0,0.0,119.0,650.0
CHN,China,IND,W,W/LFM/CDL+ERM/H:1/IND,TOTAL,1533653.0,132453970214.0,71321368580.0,0.0,441513234.0,203775338837.0,94752896.0,0.0,288.0,300.0
CHN,China,RES,W,W/LFM/CDL+ERM/H:1/RES,URBAN,7546930.0,344541309027.0,86135327266.0,18643166.0,662579440.0,430676636266.0,81825180.0,7550645.0,88.0,520.0
CHN,China,RES,W,W/LFM/CDL+ERM/H:1/RES,TOTAL,9855707.0,491698513428.0,122924628401.0,26697855.0,983397027.0,614623141831.0,121444540.0,9870089.0,100.0,500.0
CHN,China,RES,W,W/LFM/CDL+ERM/H:1/RES,RURAL,3037007.0,92503765315.0,23125941383.0,10040553.0,308345884.0,115629706641.0,38079186.0,3041520.0,102.0,300.0
CHN,China,COM,W,W/LFM/CDL+ERM/H:2-3/COM,TOTAL,616083.0,193515023067.0,48378755765.0,0.0,297715420.0,241893778870.0,65768698.0,0.0,483.0,650.0
CHN,China,IND,W,W/LFM/CDL+ERM/H:2-3/IND,TOTAL,341240.0,119833634688.0,64525803309.0,0.0,399445449.0,184359437999.0,85780726.0,0.0,1171.0,300.0
CHN,China,RES,W,W/LFM/CDL+ERM/H:2-3/RES,RURAL,764207.0,99664298125.0,24916074610.0,10890388.0,332214327.0,124580372603.0,41050040.0,2972385.0,435.0,300.0
CHN,China,RES,W,W/LFM/CDL+ERM/H:2-3/RES,TOTAL,2595047.0,543519653366.0,135879913429.0,28606156.0,1087039307.0,679399566635.0,134319883.0,9994875.0,419.0,500.0
CHN,China,RES,W,W/LFM/CDL+ERM/H:2-3/RES,URBAN,1263165.0,225249916935.0,56312479261.0,12125436.0,433172917.0,281562396225.0,53524960.0,4771940.0,343.0,520.0
HKG,Hong Kong,COM,CR-,CR/LDUAL/CDL+ERL/H:11-20/COM,TOTAL,325.0,10621956099.0,2655489017.0,0.0,4425815.0,13277445111.0,2764246.0,0.0,13618.0,2400.0
HKG,Hong Kong,IND,CR-,CR/LDUAL/CDL+ERL/H:11-20/IND,TOTAL,79.0,282509512.0,94169840.0,0.0,148689.0,376679350.0,91288.0,0.0,1882.0,1900.0
HKG,Hong Kong,RES,CR-,CR/LDUAL/CDL+ERL/H:11-20/RES,URBAN,2125.0,67282666290.0,11873411924.0,609399.0,32039365.0,79156078027.0,14148736.0,267221.0,15077.0,2100.0
HKG,Hong Kong,COM,CR-,CR/LDUAL/CDL+ERL/H:21-30/COM,TOTAL,478.0,20649806010.0,5162451506.0,0.0,8604086.0,25812257552.0,5408747.0,0.0,18000.0,2400.0
HKG,Hong Kong,IND,CR-,CR/LDUAL/CDL+ERL/H:21-30/IND,TOTAL,104.0,419083806.0,139694602.0,0.0,220570.0,558778411.0,136426.0,0.0,2121.0,1900.0
HKG,Hong Kong,RES,CR-,CR/LDUAL/CDL+ERL/H:21-30/RES,URBAN,3073.0,98830439890.0,17440665751.0,1713473.0,47062114.0,116271105482.0,20907837.0,770832.0,15315.0,2100.0
HKG,Hong Kong,COM,CR-,CR/LDUAL/CDL+ERL/H:31-40/COM,TOTAL,195.0,9672216164.0,2418054035.0,0.0,4030090.0,12090270209.0,2549747.0,0.0,20667.0,2400.0
HKG,Hong Kong,IND,CR-,CR/LDUAL/CDL+ERL/H:31-40/IND,TOTAL,37.0,206769498.0,68923164.0,0.0,108826.0,275692664.0,67807.0,0.0,2941.0,1900.0
HKG,Hong Kong,RES,CR-,CR/LDUAL/CDL+ERL/H:31-40/RES,URBAN,1254.0,46845541173.0,8266860150.0,1006772.0,22307401.0,55112401244.0,9969538.0,453834.0,17789.0,2100.0
HKG,Hong Kong,COM,CR-,CR/LDUAL/CDL+ERL/H:7-10/COM,TOTAL,80.0,2524892327.0,631223081.0,0.0,1052038.0,3156115406.0,653665.0,0.0,13150.0,2400.0
HKG,Hong Kong,IND,CR-,CR/LDUAL/CDL+ERL/H:7-10/IND,TOTAL,18.0,46730110.0,15576703.0,0.0,24595.0,62306812.0,15010.0,0.0,1366.0,1900.0
HKG,Hong Kong,RES,CR-,CR/LDUAL/CDL+ERL/H:7-10/RES,URBAN,548.0,17464913418.0,3082043515.0,88041.0,8316625.0,20546956901.0,3654992.0,32006.0,15176.0,2100.0
HKG,Hong Kong,COM,CR-,CR/LDUAL/CDL+ERL/H:>40/COM,TOTAL,75.0,3751679646.0,937919909.0,0.0,1563200.0,4689599557.0,992168.0,0.0,20843.0,2400.0
HKG,Hong Kong,IND,CR-,CR/LDUAL/CDL+ERL/H:>40/IND,TOTAL,9.0,26673743.0,8891247.0,0.0,14039.0,35564989.0,8779.0,0.0,1560.0,1900.0
HKG,Hong Kong,RES,CR-,CR/LDUAL/CDL+ERL/H:>40/RES,URBAN,436.0,23077702991.0,4072535811.0,640831.0,10989382.0,27150238771.0,4925924.0,340406.0,25205.0,2100.0
HKG,Hong Kong,COM,CR+,CR/LDUAL/CDM+ERM/H:11-20/COM,TOTAL,8.0,401079386.0,100269847.0,0.0,167116.0,501349233.0,104376.0,0.0,20890.0,2400.0
HKG,Hong Kong,IND,CR+,CR/LDUAL/CDM+ERM/H:11-20/IND,TOTAL,1.0,1233287.0,411096.0,0.0,649.0,1644383.0,399.0,0.0,649.0,1900.0
HKG,Hong Kong,RES,CR+,CR/LDUAL/CDM+ERM/H:11-20/RES,URBAN,192.0,21386169312.0,3774029879.0,106555.0,10183890.0,25160199197.0,4497253.0,24681.0,53041.0,2100.0
HKG,Hong Kong,COM,CR+,CR/LDUAL/CDM+ERM/H:21-30/COM,TOTAL,19.0,1370311905.0,342577976.0,0.0,570963.0,1712889881.0,358922.0,0.0,30051.0,2400.0
HKG,Hong Kong,IND,CR+,CR/LDUAL/CDM+ERM/H:21-30/IND,TOTAL,2.0,8279465.0,2759822.0,0.0,4358.0,11039286.0,2695.0,0.0,2179.0,1900.0
HKG,Hong Kong,RES,CR+,CR/LDUAL/CDM+ERM/H:21-30/RES,URBAN,294.0,28884175679.0,5097207465.0,311003.0,13754369.0,33981383178.0,6110521.0,74784.0,46784.0,2100.0
HKG,Hong Kong,COM,CR+,CR/LDUAL/CDM+ERM/H:31-40/COM,TOTAL,13.0,1053956142.0,263489035.0,0.0,439148.0,1317445178.0,277839.0,0.0,33781.0,2400.0
HKG,Hong Kong,IND,CR+,CR/LDUAL/CDM+ERM/H:31-40/IND,TOTAL,2.0,16923434.0,5641144.0,0.0,8907.0,22564580.0,5550.0,0.0,4454.0,1900.0
HKG,Hong Kong,RES,CR+,CR/LDUAL/CDM+ERM/H:31-40/RES,URBAN,122.0,9525739443.0,1681012837.0,213093.0,4536066.0,11206752294.0,2027241.0,44503.0,37181.0,2100.0
HKG,Hong Kong,COM,CR+,CR/LDUAL/CDM+ERM/H:7-10/COM,TOTAL,1.0,50958678.0,12739669.0,0.0,21233.0,63698347.0,13193.0,0.0,21233.0,2400.0
HKG,Hong Kong,RES,CR+,CR/LDUAL/CDM+ERM/H:7-10/RES,URBAN,50.0,3545876307.0,625742875.0,11800.0,1688513.0,4171619179.0,742068.0,2892.0,33770.0,2100.0
HKG,Hong Kong,COM,CR+,CR/LDUAL/CDM+ERM/H:>40/COM,TOTAL,2.0,27076950.0,6769237.0,0.0,11282.0,33846187.0,7161.0,0.0,5641.0,2400.0
HKG,Hong Kong,IND,CR+,CR/LDUAL/CDM+ERM/H:>40/IND,TOTAL,1.0,9633339.0,3211113.0,0.0,5070.0,12844453.0,3171.0,0.0,5070.0,1900.0
HKG,Hong Kong,RES,CR+,CR/LDUAL/CDM+ERM/H:>40/RES,URBAN,42.0,5023130644.0,886434822.0,100919.0,2391967.0,5909565463.0,1072185.0,33680.0,56952.0,2100.0
HKG,Hong Kong,COM,CR-,CR/LFINF/CDL+ERL/H:1/COM,TOTAL,93.0,2075015309.0,518753825.0,0.0,864590.0,2593769135.0,509486.0,0.0,9297.0,2400.0
HKG,Hong Kong,IND,CR-,CR/LFINF/CDL+ERL/H:1/IND,TOTAL,24.0,74325909.0,24775303.0,0.0,39119.0,99101213.0,23053.0,0.0,1630.0,1900.0
HKG,Hong Kong,RES,CR-,CR/LFINF/CDL+ERL/H:1/RES,URBAN,810.0,10600727081.0,1870716500.0,2065.0,5047965.0,12471443513.0,2010552.0,812.0,6232.0,2100.0
HKG,Hong Kong,COM,CR-,CR/LFINF/CDL+ERL/H:2-3/COM,TOTAL,1643.0,37505014012.0,9376253416.0,0.0,15627089.0,46881267374.0,9214691.0,0.0,9511.0,2400.0
HKG,Hong Kong,IND,CR-,CR/LFINF/CDL+ERL/H:2-3/IND,TOTAL,299.0,981984576.0,327328187.0,0.0,516834.0,1309312766.0,304807.0,0.0,1729.0,1900.0
HKG,Hong Kong,RES,CR-,CR/LFINF/CDL+ERL/H:2-3/RES,URBAN,11712.0,277009776585.0,48884077818.0,228147.0,131909417.0,325893854394.0,52569551.0,83311.0,11263.0,2100.0
HKG,Hong Kong,COM,CR-,CR/LFINF/CDL+ERL/H:4-6/COM,TOTAL,314.0,7973513083.0,1993378272.0,0.0,3322297.0,9966891360.0,1962822.0,0.0,10581.0,2400.0
HKG,Hong Kong,IND,CR-,CR/LFINF/CDL+ERL/H:4-6/IND,TOTAL,72.0,275667297.0,91889103.0,0.0,145088.0,367556398.0,85759.0,0.0,2015.0,1900.0
HKG,Hong Kong,RES,CR-,CR/LFINF/CDL+ERL/H:4-6/RES,URBAN,1987.0,49388043010.0,8715537038.0,172223.0,23518116.0,58103580355.0,9389430.0,46463.0,11836.0,2100.0
HKG,Hong Kong,COM,CR-,CR/LFINF/CDL+ERL/H:7-10/COM,TOTAL,68.0,2409191743.0,602297936.0,0.0,1003830.0,3011489681.0,594211.0,0.0,14762.0,2400.0
HKG,Hong Kong,IND,CR-,CR/LFINF/CDL+ERL/H:7-10/IND,TOTAL,12.0,46845076.0,15615026.0,0.0,24655.0,62460102.0,14606.0,0.0,2055.0,1900.0
HKG,Hong Kong,RES,CR-,CR/LFINF/CDL+ERL/H:7-10/RES,URBAN,474.0,15755392159.0,2780363296.0,67889.0,7502568.0,18535755434.0,3000706.0,27691.0,15828.0,2100.0
HKG,Hong Kong,COM,CR+,CR/LFINF/CDM+ERM/H:1/COM,TOTAL,9.0,520198968.0,130049740.0,0.0,216750.0,650248708.0,127726.0,0.0,24083.0,2400.0
HKG,Hong Kong,IND,CR+,CR/LFINF/CDM+ERM/H:1/IND,TOTAL,3.0,31981796.0,10660598.0,0.0,16833.0,42642395.0,9920.0,0.0,5611.0,1900.0
HKG,Hong Kong,RES,CR+,CR/LFINF/CDM+ERM/H:1/RES,URBAN,74.0,1994915331.0,352043882.0,361.0,949960.0,2346959206.0,378359.0,74.0,12837.0,2100.0
HKG,Hong Kong,COM,CR+,CR/LFINF/CDM+ERM/H:2-3/COM,TOTAL,94.0,3633744603.0,908436142.0,0.0,1514060.0,4542180739.0,892783.0,0.0,16107.0,2400.0
HKG,Hong Kong,IND,CR+,CR/LFINF/CDM+ERM/H:2-3/IND,TOTAL,8.0,35862229.0,11954077.0,0.0,18875.0,47816303.0,11132.0,0.0,2359.0,1900.0
HKG,Hong Kong,RES,CR+,CR/LFINF/CDM+ERM/H:2-3/RES,URBAN,1122.0,67662991357.0,11940527815.0,66731.0,32220472.0,79603519251.0,12840744.0,7949.0,28717.0,2100.0
HKG,Hong Kong,COM,CR+,CR/LFINF/CDM+ERM/H:4-6/COM,TOTAL,13.0,783587316.0,195896830.0,0.0,326495.0,979484146.0,192894.0,0.0,25115.0,2400.0
HKG,Hong Kong,IND,CR+,CR/LFINF/CDM+ERM/H:4-6/IND,TOTAL,5.0,22095152.0,7365051.0,0.0,11629.0,29460202.0,6874.0,0.0,2326.0,1900.0
HKG,Hong Kong,RES,CR+,CR/LFINF/CDM+ERM/H:4-6/RES,URBAN,205.0,12987294028.0,2291875419.0,18712.0,6184426.0,15279169452.0,2469084.0,4804.0,30168.0,2100.0
HKG,Hong Kong,COM,CR+,CR/LFINF/CDM+ERM/H:7-10/COM,TOTAL,3.0,363426661.0,90856666.0,0.0,151428.0,454283326.0,89637.0,0.0,50476.0,2400.0
HKG,Hong Kong,RES,CR+,CR/LFINF/CDM+ERM/H:7-10/RES,URBAN,55.0,3862950067.0,681697071.0,12163.0,1839500.0,4544647136.0,735721.0,3078.0,33445.0,2100.0
HKG,Hong Kong,COM,CR-,CR/LWAL/CDL+ERL/H:11-20/COM,TOTAL,320.0,9467009530.0,2366752369.0,0.0,3944587.0,11833761907.0,2580388.0,0.0,12327.0,2400.0
HKG,Hong Kong,IND,CR-,CR/LWAL/CDL+ERL/H:11-20/IND,TOTAL,74.0,217852233.0,72617410.0,0.0,114659.0,290469646.0,72459.0,0.0,1549.0,1900.0
HKG,Hong Kong,RES,CR-,CR/LWAL/CDL+ERL/H:11-20/RES,URBAN,2172.0,74959291164.0,13228110411.0,645742.0,35694901.0,88187401369.0,17181597.0,274053.0,16434.0,2100.0
HKG,Hong Kong,COM,CR-,CR/LWAL/CDL+ERL/H:4-6/COM,TOTAL,338.0,9650320077.0,2412580030.0,0.0,4020967.0,12062900101.0,2611335.0,0.0,11896.0,2400.0
HKG,Hong Kong,IND,CR-,CR/LWAL/CDL+ERL/H:4-6/IND,TOTAL,88.0,277584467.0,92528156.0,0.0,146097.0,370112623.0,91569.0,0.0,1660.0,1900.0
HKG,Hong Kong,RES,CR-,CR/LWAL/CDL+ERL/H:4-6/RES,URBAN,2739.0,68636435014.0,12112312130.0,174505.0,32684017.0,80748747577.0,15627026.0,64008.0,11933.0,2100.0
HKG,Hong Kong,COM,CR-,CR/LWAL/CDL+ERL/H:7-10/COM,TOTAL,229.0,8489824646.0,2122456161.0,0.0,3537427.0,10612280806.0,2301873.0,0.0,15447.0,2400.0
HKG,Hong Kong,IND,CR-,CR/LWAL/CDL+ERL/H:7-10/IND,TOTAL,45.0,101644229.0,33881407.0,0.0,53497.0,135525639.0,33606.0,0.0,1189.0,1900.0
HKG,Hong Kong,RES,CR-,CR/LWAL/CDL+ERL/H:7-10/RES,URBAN,1499.0,46331997169.0,8176234699.0,213580.0,22062856.0,54508231769.0,10568174.0,86763.0,14718.0,2100.0
HKG,Hong Kong,COM,CR+,CR/LWAL/CDM+ERM/H:11-20/COM,TOTAL,13.0,938055439.0,234513858.0,0.0,390856.0,1172569295.0,255682.0,0.0,30066.0,2400.0
HKG,Hong Kong,IND,CR+,CR/LWAL/CDM+ERM/H:11-20/IND,TOTAL,3.0,10556934.0,3518978.0,0.0,5556.0,14075912.0,3511.0,0.0,1852.0,1900.0
HKG,Hong Kong,RES,CR+,CR/LWAL/CDM+ERM/H:11-20/RES,URBAN,227.0,21504824060.0,3794968962.0,145796.0,10240392.0,25299793018.0,4929171.0,28308.0,45112.0,2100.0
HKG,Hong Kong,COM,CR+,CR/LWAL/CDM+ERM/H:4-6/COM,TOTAL,21.0,1001630100.0,250407527.0,0.0,417346.0,1252037626.0,271037.0,0.0,19874.0,2400.0
HKG,Hong Kong,IND,CR+,CR/LWAL/CDM+ERM/H:4-6/IND,TOTAL,7.0,8664800.0,2888267.0,0.0,4560.0,11553065.0,2858.0,0.0,651.0,1900.0
HKG,Hong Kong,RES,CR+,CR/LWAL/CDM+ERM/H:4-6/RES,URBAN,269.0,19962577825.0,3522807853.0,44750.0,9505989.0,23485385662.0,4545044.0,6382.0,35338.0,2100.0
HKG,Hong Kong,COM,CR+,CR/LWAL/CDM+ERM/H:7-10/COM,TOTAL,11.0,912074767.0,228018692.0,0.0,380031.0,1140093461.0,247294.0,0.0,34548.0,2400.0
HKG,Hong Kong,IND,CR+,CR/LWAL/CDM+ERM/H:7-10/IND,TOTAL,2.0,17855525.0,5951841.0,0.0,9398.0,23807367.0,5903.0,0.0,4699.0,1900.0
HKG,Hong Kong,RES,CR+,CR/LWAL/CDM+ERM/H:7-10/RES,URBAN,153.0,11226797689.0,1981199588.0,31300.0,5346094.0,13207997273.0,2560794.0,8920.0,34942.0,2100.0
HKG,Hong Kong,COM,MR|MCF,MR/LWAL/CDL+ERL/H:1/COM,TOTAL,42.0,598191402.0,149547847.0,0.0,249246.0,747739246.0,185677.0,0.0,5934.0,2400.0
HKG,Hong Kong,IND,MR|MCF,MR/LWAL/CDL+ERL/H:1/IND,TOTAL,9.0,2880544.0,960180.0,0.0,1516.0,3840727.0,1053.0,0.0,168.0,1900.0
HKG,Hong Kong,RES,MR|MCF,MR/LWAL/CDL+ERL/H:1/RES,URBAN,113.0,1330541812.0,234801496.0,14116.0,633591.0,1565343310.0,353379.0,114.0,5607.0,2100.0
HKG,Hong Kong,COM,MR|MCF,MR/LWAL/CDL+ERL/H:2-3/COM,TOTAL,572.0,8773609483.0,2193402329.0,0.0,3655671.0,10967011800.0,2724652.0,0.0,6391.0,2400.0
HKG,Hong Kong,IND,MR|MCF,MR/LWAL/CDL+ERL/H:2-3/IND,TOTAL,97.0,259819888.0,86606634.0,0.0,136747.0,346426511.0,95046.0,0.0,1410.0,1900.0
HKG,Hong Kong,RES,MR|MCF,MR/LWAL/CDL+ERL/H:2-3/RES,URBAN,2308.0,47356465407.0,8357023273.0,77175.0,22550698.0,55713488630.0,12583308.0,15971.0,9771.0,2100.0
HKG,Hong Kong,COM,MR|MCF,MR/LWAL/CDL+ERL/H:4-6/COM,TOTAL,213.0,5017074574.0,1254268641.0,0.0,2090448.0,6271343210.0,1560371.0,0.0,9814.0,2400.0
HKG,Hong Kong,IND,MR|MCF,MR/LWAL/CDL+ERL/H:4-6/IND,TOTAL,45.0,47904308.0,15968102.0,0.0,25213.0,63872411.0,17553.0,0.0,560.0,1900.0
HKG,Hong Kong,RES,MR|MCF,MR/LWAL/CDL+ERL/H:4-6/RES,URBAN,945.0,22571663793.0,3983234799.0,52222.0,10748411.0,26554898700.0,6006030.0,21812.0,11374.0,2100.0
HKG,Hong Kong,RES,MR|MCF,MR/LWAL/CDM+ERM/H:1/RES,URBAN,7.0,64410370.0,11366538.0,21.0,30672.0,75776906.0,17107.0,7.0,4382.0,2100.0
HKG,Hong Kong,COM,MR|MCF,MR/LWAL/CDM+ERM/H:2-3/COM,TOTAL,12.0,832110714.0,208027676.0,0.0,346713.0,1040138388.0,258413.0,0.0,28893.0,2400.0
HKG,Hong Kong,IND,MR|MCF,MR/LWAL/CDM+ERM/H:2-3/IND,TOTAL,2.0,3524241.0,1174747.0,0.0,1855.0,4698986.0,1289.0,0.0,928.0,1900.0
HKG,Hong Kong,RES,MR|MCF,MR/LWAL/CDM+ERM/H:2-3/RES,URBAN,150.0,7267153057.0,1282438769.0,4501.0,3460549.0,8549591828.0,1930989.0,1050.0,23070.0,2100.0
HKG,Hong Kong,COM,MR|MCF,MR/LWAL/CDM+ERM/H:4-6/COM,TOTAL,5.0,121256873.0,30314220.0,0.0,50524.0,151571092.0,37712.0,0.0,10105.0,2400.0
HKG,Hong Kong,IND,MR|MCF,MR/LWAL/CDM+ERM/H:4-6/IND,TOTAL,1.0,249946.0,83315.0,0.0,132.0,333262.0,92.0,0.0,132.0,1894.0
HKG,Hong Kong,RES,MR|MCF,MR/LWAL/CDM+ERM/H:4-6/RES,URBAN,53.0,2427487527.0,428380154.0,3526.0,1155946.0,2855867673.0,645923.0,1254.0,21810.0,2100.0
HKG,Hong Kong,COM,S,S/LDUAL/CDL+ERL/H:31-40/COM,TOTAL,15.0,426834460.0,106708615.0,0.0,177848.0,533543076.0,84001.0,0.0,11857.0,2400.0
HKG,Hong Kong,RES,S,S/LDUAL/CDL+ERL/H:31-40/RES,URBAN,76.0,2099988962.0,524997248.0,88164.0,999995.0,2624986211.0,380183.0,28303.0,13158.0,2100.0
HKG,Hong Kong,IND,S,S/LDUAL/CDL+ERL/H:>40/IND,TOTAL,3.0,82588876.0,35395232.0,0.0,43468.0,117984108.0,18476.0,0.0,14489.0,1900.0
HKG,Hong Kong,RES,S,S/LDUAL/CDL+ERL/H:>40/RES,URBAN,28.0,1080900935.0,270225236.0,38752.0,514715.0,1351126170.0,196163.0,21831.0,18383.0,2100.0
HKG,Hong Kong,COM,S,S/LDUAL/CDM+ERM/H:31-40/COM,TOTAL,1.0,293128234.0,73282058.0,0.0,122137.0,366410292.0,57688.0,0.0,122137.0,2400.0
HKG,Hong Kong,RES,S,S/LDUAL/CDM+ERM/H:31-40/RES,URBAN,8.0,549399885.0,137349973.0,7966.0,261619.0,686749859.0,99464.0,2930.0,32702.0,2100.0
HKG,Hong Kong,RES,S,S/LDUAL/CDM+ERM/H:>40/RES,URBAN,4.0,386366936.0,96591734.0,12845.0,183984.0,482958671.0,70118.0,3015.0,45996.0,2100.0
HKG,Hong Kong,COM,S,SRC/LDUAL/CDM+ERM/H:31-40/COM,TOTAL,11.0,1368728666.0,342182166.0,0.0,570304.0,1710910832.0,360818.0,0.0,51846.0,2400.0
HKG,Hong Kong,IND,S,SRC/LDUAL/CDM+ERM/H:31-40/IND,TOTAL,2.0,6035699.0,2586728.0,0.0,3177.0,8622428.0,1979.0,0.0,1588.0,1900.0
HKG,Hong Kong,RES,S,SRC/LDUAL/CDM+ERM/H:31-40/RES,URBAN,77.0,4166326544.0,1041581642.0,64445.0,1983965.0,5207908186.0,886666.0,28070.0,25766.0,2100.0
HKG,Hong Kong,COM,S,SRC/LDUAL/CDM+ERM/H:>40/COM,TOTAL,1.0,11501665.0,2875416.0,0.0,4792.0,14377081.0,3042.0,0.0,4792.0,2400.0
HKG,Hong Kong,RES,S,SRC/LDUAL/CDM+ERM/H:>40/RES,URBAN,31.0,2304168158.0,576042039.0,56517.0,1097223.0,2880210196.0,491824.0,24496.0,35394.0,2100.0
JPN,Japan,COM,CR+,CR/LDUAL/CDH+ERH/H:1/COM,TOTAL,12901.0,38789088144.0,9697272010.0,0.0,15823177.0,48486360165.0,9786561.0,0.0,1227.0,2451.0
JPN,Japan,IND,CR+,CR/LDUAL/CDH+ERH/H:1/IND,TOTAL,3486.0,14386539159.0,4795513050.0,0.0,5936659.0,19182052236.0,3604143.0,0.0,1703.0,2423.0
JPN,Japan,COM,CR+,CR/LDUAL/CDH+ERH/H:10-15/COM,TOTAL,246.0,5366599266.0,1341649813.0,0.0,2026921.0,6708249082.0,1262676.0,0.0,8240.0,2648.0
JPN,Japan,RES,CR+,CR/LDUAL/CDH+ERH/H:11-14/RES,URBAN,8712.0,95221097483.0,16803723077.0,1124474.0,38337939.0,112024820501.0,16889495.0,645263.0,4401.0,2484.0
JPN,Japan,COM,CR+,CR/LDUAL/CDH+ERH/H:2/COM,TOTAL,34837.0,114355536470.0,28588884110.0,0.0,46206348.0,142944420593.0,28597128.0,0.0,1326.0,2475.0
JPN,Japan,IND,CR+,CR/LDUAL/CDH+ERH/H:2/IND,TOTAL,21507.0,66572165992.0,22190721990.0,0.0,27457997.0,88762888006.0,16682269.0,0.0,1277.0,2425.0
JPN,Japan,RES,CR+,CR/LDUAL/CDH+ERH/H:2/RES,RURAL,4.0,2527414.0,446014.0,42.0,1068.0,2973425.0,468.0,20.0,267.0,2366.0
JPN,Japan,RES,CR+,CR/LDUAL/CDH+ERH/H:2/RES,URBAN,189.0,128684065.0,22708955.0,1497.0,49085.0,151393020.0,21494.0,793.0,260.0,2622.0
JPN,Japan,RES,CR+,CR/LDUAL/CDH+ERH/H:3-5/RES,URBAN,254.0,472049957.0,83302938.0,7071.0,192417.0,555352887.0,84360.0,3786.0,758.0,2453.0
JPN,Japan,RES,CR+,CR/LDUAL/CDH+ERH/H:3-5/RES,RURAL,105.0,242473645.0,42789461.0,3133.0,103959.0,285263116.0,45578.0,1515.0,990.0,2332.0
JPN,Japan,COM,CR+,CR/LDUAL/CDH+ERH/H:3/COM,TOTAL,29076.0,139070583376.0,34767645865.0,0.0,56155283.0,173838229217.0,34777281.0,0.0,1931.0,2477.0
JPN,Japan,IND,CR+,CR/LDUAL/CDH+ERH/H:3/IND,TOTAL,20585.0,147783858494.0,49261286161.0,0.0,60952562.0,197045144647.0,37059918.0,0.0,2961.0,2425.0
JPN,Japan,RES,CR+,CR/LDUAL/CDH+ERH/H:3/RES,URBAN,1.0,251858.0,44445.0,4.0,99.0,296303.0,43.0,2.0,99.0,2544.0
JPN,Japan,COM,CR+,CR/LDUAL/CDH+ERH/H:4-5/COM,TOTAL,31288.0,204610988237.0,51152747053.0,0.0,82696239.0,255763735302.0,51247751.0,0.0,2643.0,2474.0
JPN,Japan,IND,CR+,CR/LDUAL/CDH+ERH/H:4-5/IND,TOTAL,13386.0,123567493192.0,41189164385.0,0.0,50974222.0,164756657592.0,31016238.0,0.0,3808.0,2424.0
JPN,Japan,RES,CR+,CR/LDUAL/CDH+ERH/H:4/RES,URBAN,56.0,97966493.0,17288208.0,1494.0,39330.0,115254701.0,17243.0,825.0,702.0,2491.0
JPN,Japan,RES,CR+,CR/LDUAL/CDH+ERH/H:5/RES,URBAN,34.0,91304824.0,16112616.0,1516.0,36954.0,107417440.0,16211.0,836.0,1087.0,2471.0
JPN,Japan,RES,CR+,CR/LDUAL/CDH+ERH/H:6-10/RES,URBAN,9345.0,62729981324.0,11069996696.0,794877.0,25621109.0,73799978034.0,11259977.0,417546.0,2742.0,2448.0
JPN,Japan,RES,CR+,CR/LDUAL/CDH+ERH/H:6-7/RES,URBAN,9305.0,44206047120.0,7801067159.0,513296.0,17619757.0,52007114345.0,7734180.0,301741.0,1894.0,2509.0
JPN,Japan,RES,CR+,CR/LDUAL/CDH+ERH/H:6-7/RES,RURAL,611.0,2747194090.0,484798949.0,39945.0,1185873.0,3231993043.0,520541.0,19302.0,1941.0,2317.0
JPN,Japan,COM,CR+,CR/LDUAL/CDH+ERH/H:6-9/COM,TOTAL,10539.0,107866014760.0,26966503680.0,0.0,43276034.0,134832518446.0,26888769.0,0.0,4106.0,2493.0
JPN,Japan,IND,CR+,CR/LDUAL/CDH+ERH/H:6-9/IND,TOTAL,3027.0,49924809123.0,16641603024.0,0.0,20599508.0,66566412183.0,12571788.0,0.0,6805.0,2424.0
JPN,Japan,RES,CR+,CR/LDUAL/CDH+ERH/H:8-10/RES,URBAN,8120.0,53063860509.0,9364210679.0,606974.0,21236635.0,62428071153.0,9338724.0,363535.0,2615.0,2499.0
JPN,Japan,RES,CR+,CR/LDUAL/CDH+ERM/H:11-14/RES,URBAN,25.0,309412350.0,54602172.0,2402.0,122366.0,364014525.0,53908.0,1432.0,4895.0,2529.0
JPN,Japan,RES,CR+,CR/LDUAL/CDH+ERM/H:3-5/RES,URBAN,0.0,215697.0,38064.0,2.0,94.0,253762.0,41.0,1.0,inf,2295.0
JPN,Japan,RES,CR+,CR/LDUAL/CDH+ERM/H:3-5/RES,RURAL,0.0,431523.0,76151.0,5.0,188.0,507675.0,82.0,2.0,inf,2295.0
JPN,Japan,RES,CR+,CR/LDUAL/CDH+ERM/H:6-10/RES,URBAN,26.0,238005508.0,42000971.0,2040.0,97836.0,280006483.0,42997.0,1080.0,3763.0,2433.0
JPN,Japan,RES,CR+,CR/LDUAL/CDH+ERM/H:6-7/RES,RURAL,0.0,1592810.0,281085.0,15.0,693.0,1873895.0,304.0,7.0,inf,2298.0
JPN,Japan,RES,CR+,CR/LDUAL/CDH+ERM/H:6-7/RES,URBAN,42.0,251917222.0,44455993.0,1986.0,99616.0,296373193.0,43727.0,1184.0,2372.0,2529.0
JPN,Japan,RES,CR+,CR/LDUAL/CDH+ERM/H:8-10/RES,URBAN,26.0,217035043.0,38300302.0,1608.0,84874.0,255335344.0,37324.0,1003.0,3264.0,2557.0
JPN,Japan,COM,CR-,CR/LDUAL/CDL+ERM/H:1/COM,TOTAL,3539.0,10962937612.0,2740734401.0,0.0,4468614.0,13703672037.0,2763818.0,0.0,1263.0,2453.0
JPN,Japan,IND,CR-,CR/LDUAL/CDL+ERM/H:1/IND,TOTAL,1755.0,8021516470.0,2673838818.0,0.0,3301271.0,10695355285.0,2004201.0,0.0,1881.0,2430.0
JPN,Japan,COM,CR-,CR/LDUAL/CDL+ERM/H:10-15/COM,TOTAL,23.0,493762820.0,123440705.0,0.0,180698.0,617203526.0,112566.0,0.0,7856.0,2733.0
JPN,Japan,RES,CR-,CR/LDUAL/CDL+ERM/H:11-14/RES,URBAN,263.0,2798748428.0,493896775.0,33181.0,1080638.0,3292645204.0,476068.0,19017.0,4109.0,2590.0
JPN,Japan,COM,CR-,CR/LDUAL/CDL+ERM/H:2/COM,TOTAL,13417.0,40839759404.0,10209939857.0,0.0,16522136.0,51049699259.0,10225559.0,0.0,1231.0,2472.0
JPN,Japan,IND,CR-,CR/LDUAL/CDL+ERM/H:2/IND,TOTAL,12769.0,41308627121.0,13769542373.0,0.0,17003492.0,55078169493.0,10330574.0,0.0,1332.0,2429.0
JPN,Japan,COM,CR-,CR/LDUAL/CDL+ERM/H:3/COM,TOTAL,11136.0,47992028930.0,11998007219.0,0.0,19397267.0,59990036136.0,12012838.0,0.0,1742.0,2474.0
JPN,Japan,IND,CR-,CR/LDUAL/CDL+ERM/H:3/IND,TOTAL,12197.0,91700970990.0,30566990346.0,0.0,37747540.0,122267961334.0,22950976.0,0.0,3095.0,2429.0
JPN,Japan,COM,CR-,CR/LDUAL/CDL+ERM/H:4-5/COM,TOTAL,11952.0,68809651716.0,17202412935.0,0.0,27833708.0,86012064627.0,17248851.0,0.0,2329.0,2472.0
JPN,Japan,IND,CR-,CR/LDUAL/CDL+ERM/H:4-5/IND,TOTAL,7754.0,75560514102.0,25186838008.0,0.0,31126342.0,100747352140.0,18939418.0,0.0,4014.0,2428.0
JPN,Japan,RES,CR-,CR/LDUAL/CDL+ERM/H:6-10/RES,URBAN,339.0,2219583846.0,391691267.0,28202.0,896377.0,2611275111.0,393941.0,14938.0,2644.0,2476.0
JPN,Japan,RES,CR-,CR/LDUAL/CDL+ERM/H:6-7/RES,URBAN,221.0,1037049511.0,183008736.0,11029.0,395189.0,1220058246.0,173468.0,6987.0,1788.0,2624.0
JPN,Japan,RES,CR-,CR/LDUAL/CDL+ERM/H:6-7/RES,RURAL,6.0,22165567.0,3911570.0,349.0,9598.0,26077134.0,4213.0,167.0,1600.0,2309.0
JPN,Japan,COM,CR-,CR/LDUAL/CDL+ERM/H:6-9/COM,TOTAL,3872.0,32257072533.0,8064268131.0,0.0,12911651.0,40321340648.0,8022419.0,0.0,3335.0,2498.0
JPN,Japan,IND,CR-,CR/LDUAL/CDL+ERM/H:6-9/IND,TOTAL,1517.0,27688467707.0,9229489233.0,0.0,11394524.0,36917956941.0,6954027.0,0.0,7511.0,2430.0
JPN,Japan,RES,CR-,CR/LDUAL/CDL+ERM/H:8-10/RES,URBAN,151.0,986172268.0,174030397.0,10343.0,369816.0,1160202667.0,162625.0,6689.0,2449.0,2667.0
JPN,Japan,RES,CR+,CR/LDUAL/CDM+ERM/H:11-14/RES,URBAN,1442.0,15696063965.0,2769893642.0,184102.0,6220058.0,18465957614.0,2740201.0,106462.0,4313.0,2523.0
JPN,Japan,RES,CR+,CR/LDUAL/CDM+ERM/H:3-5/RES,URBAN,129.0,222608978.0,39283936.0,3719.0,92457.0,261892913.0,40535.0,1951.0,717.0,2408.0
JPN,Japan,RES,CR+,CR/LDUAL/CDM+ERM/H:3-5/RES,RURAL,67.0,162750941.0,28720751.0,1911.0,70792.0,191471691.0,31037.0,990.0,1057.0,2299.0
JPN,Japan,RES,CR+,CR/LDUAL/CDM+ERM/H:4/RES,URBAN,7.0,11000452.0,1941257.0,200.0,4646.0,12941709.0,2037.0,102.0,664.0,2368.0
JPN,Japan,RES,CR+,CR/LDUAL/CDM+ERM/H:5/RES,URBAN,20.0,53623822.0,9463027.0,932.0,22957.0,63086847.0,10071.0,475.0,1148.0,2336.0
JPN,Japan,RES,CR+,CR/LDUAL/CDM+ERM/H:6-10/RES,URBAN,1323.0,8847839873.0,1561383502.0,111828.0,3620958.0,10409223371.0,1591341.0,59081.0,2737.0,2444.0
JPN,Japan,RES,CR+,CR/LDUAL/CDM+ERM/H:6-7/RES,URBAN,1178.0,5588734694.0,986247305.0,63476.0,2235067.0,6574981995.0,981082.0,38128.0,1897.0,2500.0
JPN,Japan,RES,CR+,CR/LDUAL/CDM+ERM/H:6-7/RES,RURAL,59.0,252070468.0,44483025.0,3719.0,108907.0,296553495.0,47805.0,1794.0,1846.0,2315.0
JPN,Japan,RES,CR+,CR/LDUAL/CDM+ERM/H:8-10/RES,URBAN,933.0,6179076702.0,1090425302.0,68639.0,2416555.0,7269502000.0,1062671.0,41753.0,2590.0,2557.0
JPN,Japan,RES,CR+,CR/LWAL/CDH+ERH/H:1/RES,URBAN,116889.0,29967554366.0,5288391937.0,258023.0,12226056.0,35255946328.0,5831263.0,131938.0,105.0,2451.0
JPN,Japan,RES,CR+,CR/LWAL/CDH+ERH/H:1/RES,RURAL,27573.0,6911060910.0,1219599003.0,64374.0,2919117.0,8130659928.0,1392286.0,30325.0,106.0,2368.0
JPN,Japan,RES,CR+,CR/LWAL/CDH+ERH/H:2/RES,RURAL,167321.0,60560240671.0,10687101300.0,632716.0,25078397.0,71247341960.0,11968562.0,307166.0,150.0,2415.0
JPN,Japan,RES,CR+,CR/LWAL/CDH+ERH/H:2/RES,URBAN,1278222.0,477582540374.0,84279271851.0,4813953.0,193065206.0,561861812207.0,92139525.0,2514086.0,151.0,2474.0
JPN,Japan,RES,CR+,CR/LWAL/CDH+ERH/H:3-5/RES,URBAN,267887.0,622337311161.0,109824231405.0,7871498.0,253184511.0,732161542562.0,120979499.0,4111588.0,945.0,2458.0
JPN,Japan,RES,CR+,CR/LWAL/CDH+ERH/H:3-5/RES,RURAL,16214.0,38074227850.0,6718981364.0,506241.0,15660081.0,44793209197.0,7482886.0,248330.0,966.0,2431.0
JPN,Japan,RES,CR+,CR/LWAL/CDH+ERH/H:3/RES,URBAN,208266.0,219839669581.0,38795235799.0,2485031.0,86122201.0,258634905355.0,41126669.0,1446355.0,414.0,2553.0
JPN,Japan,RES,CR+,CR/LWAL/CDH+ERH/H:4/RES,URBAN,70421.0,158449830602.0,27961734836.0,1849852.0,63385591.0,186411565438.0,30287629.0,1080826.0,900.0,2500.0
JPN,Japan,RES,CR+,CR/LWAL/CDH+ERH/H:5/RES,URBAN,42594.0,154322127162.0,27233316551.0,1802747.0,61370193.0,181555443711.0,29342582.0,1052591.0,1441.0,2515.0
JPN,Japan,RES,CR+,CR/LWAL/CDH+ERM/H:1/RES,RURAL,1090.0,270748483.0,47779144.0,2451.0,117768.0,318527620.0,56170.0,1095.0,108.0,2299.0
JPN,Japan,RES,CR+,CR/LWAL/CDH+ERM/H:1/RES,URBAN,3573.0,897064212.0,158305440.0,7434.0,383768.0,1055369640.0,183040.0,3585.0,107.0,2338.0
JPN,Japan,RES,CR+,CR/LWAL/CDH+ERM/H:2/RES,RURAL,2744.0,743656356.0,131233468.0,6345.0,319068.0,874889829.0,152276.0,2963.0,116.0,2331.0
JPN,Japan,RES,CR+,CR/LWAL/CDH+ERM/H:2/RES,URBAN,16948.0,5295764549.0,934546724.0,41252.0,2183104.0,6230311195.0,1041887.0,21144.0,129.0,2426.0
JPN,Japan,RES,CR+,CR/LWAL/CDH+ERM/H:3-5/RES,URBAN,1141.0,4029282399.0,711049865.0,33120.0,1658273.0,4740332191.0,792382.0,17123.0,1453.0,2430.0
JPN,Japan,RES,CR+,CR/LWAL/CDH+ERM/H:3-5/RES,RURAL,57.0,192791377.0,34022012.0,1702.0,83113.0,226813374.0,39715.0,802.0,1458.0,2320.0
JPN,Japan,RES,CR+,CR/LWAL/CDH+ERM/H:3/RES,URBAN,1711.0,1640919753.0,289574072.0,12770.0,640990.0,1930493855.0,306099.0,7483.0,375.0,2560.0
JPN,Japan,RES,CR+,CR/LWAL/CDH+ERM/H:4/RES,URBAN,362.0,1192697171.0,210475985.0,9356.0,476013.0,1403173136.0,227456.0,5483.0,1315.0,2506.0
JPN,Japan,RES,CR+,CR/LWAL/CDH+ERM/H:5/RES,URBAN,225.0,1186685538.0,209415096.0,9397.0,471609.0,1396100625.0,225489.0,5524.0,2096.0,2516.0
JPN,Japan,RES,CR-,CR/LWAL/CDL+ERM/H:1/RES,RURAL,3108.0,1051112708.0,185490476.0,8986.0,389203.0,1236603179.0,185632.0,4453.0,125.0,2701.0
JPN,Japan,RES,CR-,CR/LWAL/CDL+ERM/H:1/RES,URBAN,17169.0,4542165572.0,801558634.0,40111.0,1864198.0,5343724190.0,889137.0,20993.0,109.0,2437.0
JPN,Japan,RES,CR-,CR/LWAL/CDL+ERM/H:2/RES,RURAL,11727.0,3630599764.0,640694076.0,33109.0,1485862.0,4271293830.0,709122.0,16289.0,127.0,2443.0
JPN,Japan,RES,CR-,CR/LWAL/CDL+ERM/H:2/RES,URBAN,100886.0,30720974470.0,5421348436.0,276195.0,12529949.0,36142322931.0,5979866.0,146146.0,124.0,2452.0
JPN,Japan,RES,CR-,CR/LWAL/CDL+ERM/H:3-5/RES,RURAL,320.0,702581114.0,123984904.0,9938.0,302729.0,826566013.0,144654.0,4830.0,946.0,2321.0
JPN,Japan,RES,CR-,CR/LWAL/CDL+ERM/H:3-5/RES,URBAN,10886.0,25282025741.0,4461533966.0,319288.0,10156549.0,29743559701.0,4853121.0,166921.0,933.0,2489.0
JPN,Japan,RES,CR-,CR/LWAL/CDL+ERM/H:3/RES,URBAN,9526.0,5868043442.0,1035537071.0,62093.0,2302528.0,6903580522.0,1099547.0,36615.0,242.0,2549.0
JPN,Japan,RES,CR-,CR/LWAL/CDL+ERM/H:4/RES,URBAN,4013.0,9081857394.0,1602680712.0,107979.0,3631231.0,10684538101.0,1735118.0,61516.0,905.0,2501.0
JPN,Japan,RES,CR-,CR/LWAL/CDL+ERM/H:5/RES,URBAN,6055.0,22078411580.0,3896190285.0,265371.0,8910025.0,25974601870.0,4260100.0,149645.0,1472.0,2478.0
JPN,Japan,RES,CR-,CR/LWAL/CDL+ERM/H:6-7/RES,RURAL,0.0,1020264.0,180047.0,14.0,444.0,1200310.0,212.0,8.0,inf,2298.0
JPN,Japan,RES,CR+,CR/LWAL/CDM+ERM/H:1/RES,URBAN,37141.0,9603499087.0,1694735124.0,85846.0,3971139.0,11298234198.0,1894049.0,44906.0,107.0,2418.0
JPN,Japan,RES,CR+,CR/LWAL/CDM+ERM/H:1/RES,RURAL,8073.0,2145834389.0,378676645.0,23213.0,927166.0,2524511059.0,442215.0,11126.0,115.0,2314.0
JPN,Japan,RES,CR+,CR/LWAL/CDM+ERM/H:2/RES,URBAN,248128.0,83526813916.0,14740025990.0,801318.0,34124412.0,98266839914.0,16285728.0,422117.0,138.0,2448.0
JPN,Japan,RES,CR+,CR/LWAL/CDM+ERM/H:2/RES,RURAL,32535.0,9857805361.0,1739612721.0,100086.0,4217716.0,11597418079.0,2012888.0,48934.0,130.0,2337.0
JPN,Japan,RES,CR+,CR/LWAL/CDM+ERM/H:3-5/RES,URBAN,39747.0,91994378844.0,16234302150.0,1161221.0,37645380.0,108228680975.0,17988144.0,609864.0,947.0,2444.0
JPN,Japan,RES,CR+,CR/LWAL/CDM+ERM/H:3-5/RES,RURAL,2199.0,4824742209.0,851425094.0,67972.0,2075578.0,5676167293.0,991778.0,33585.0,944.0,2325.0
JPN,Japan,RES,CR+,CR/LWAL/CDM+ERM/H:3/RES,URBAN,25382.0,21721294335.0,3833169591.0,239240.0,8476090.0,25554463927.0,4047661.0,140266.0,334.0,2563.0
JPN,Japan,RES,CR+,CR/LWAL/CDM+ERM/H:4/RES,URBAN,10331.0,23345367716.0,4119770779.0,275800.0,9401844.0,27465138459.0,4492497.0,158557.0,910.0,2483.0
JPN,Japan,RES,CR+,CR/LWAL/CDM+ERM/H:5/RES,URBAN,15290.0,55337871073.0,9765506652.0,670307.0,22668201.0,65103377747.0,10838217.0,377823.0,1483.0,2441.0
JPN,Japan,RES,OT,MATO/LO/CDN+ERN/H:1/RES,RURAL,284.0,74472204.0,18618044.0,1017.0,40540.0,93090257.0,5007.0,502.0,143.0,1837.0
JPN,Japan,RES,OT,MATO/LO/CDN+ERN/H:1/RES,URBAN,4332.0,1061232199.0,265308049.0,13275.0,577699.0,1326540231.0,71346.0,6836.0,133.0,1837.0
JPN,Japan,COM,MR|MCF,MR+CB/LWAL/CDH+ERH/H:1-3/COM,TOTAL,644.0,1130443205.0,282610801.0,0.0,553872.0,1413054008.0,436994.0,0.0,860.0,2041.0
JPN,Japan,IND,MR|MCF,MR+CB/LWAL/CDH+ERH/H:1-3/IND,TOTAL,403.0,1378561066.0,459520359.0,0.0,675433.0,1838081413.0,495350.0,0.0,1676.0,2041.0
JPN,Japan,RES,MR|MCF,MR+CB/LWAL/CDH+ERH/H:1/RES,URBAN,4619.0,1108887275.0,195685984.0,11247.0,543306.0,1304573266.0,322279.0,5646.0,118.0,2041.0
JPN,Japan,RES,MR|MCF,MR+CB/LWAL/CDH+ERH/H:1/RES,RURAL,261.0,64917815.0,11456088.0,816.0,31807.0,76373909.0,18867.0,385.0,122.0,2041.0
JPN,Japan,RES,MR|MCF,MR+CB/LWAL/CDH+ERH/H:2/RES,URBAN,37793.0,10034312850.0,1770761102.0,91579.0,4916371.0,11805073950.0,2917736.0,48175.0,130.0,2041.0
JPN,Japan,RES,MR|MCF,MR+CB/LWAL/CDH+ERH/H:2/RES,RURAL,1851.0,562832786.0,99323431.0,5853.0,275763.0,662156205.0,163659.0,2831.0,149.0,2041.0
JPN,Japan,RES,MR|MCF,MR+CB/LWAL/CDH+ERH/H:3/RES,URBAN,1896.0,538488193.0,95027341.0,5320.0,263835.0,633515525.0,156657.0,3000.0,139.0,2041.0
JPN,Japan,RES,MR|MCF,MR+CB/LWAL/CDH+ERM/H:1/RES,RURAL,5.0,957635.0,168995.0,13.0,469.0,1126630.0,278.0,5.0,94.0,2042.0
JPN,Japan,RES,MR|MCF,MR+CB/LWAL/CDH+ERM/H:1/RES,URBAN,109.0,21946082.0,3872843.0,236.0,10753.0,25818925.0,6378.0,112.0,99.0,2041.0
JPN,Japan,RES,MR|MCF,MR+CB/LWAL/CDH+ERM/H:2/RES,RURAL,22.0,4773963.0,842467.0,50.0,2339.0,5616425.0,1388.0,22.0,106.0,2041.0
JPN,Japan,RES,MR|MCF,MR+CB/LWAL/CDH+ERM/H:2/RES,URBAN,461.0,114162621.0,20146356.0,889.0,55935.0,134308978.0,33197.0,462.0,121.0,2041.0
JPN,Japan,RES,MR|MCF,MR+CB/LWAL/CDH+ERM/H:3/RES,URBAN,16.0,3868614.0,682695.0,29.0,1895.0,4551312.0,1125.0,16.0,118.0,2041.0
JPN,Japan,COM,MR|MCF,MR+CB/LWAL/CDL+ERM/H:1-3/COM,TOTAL,958.0,1650077689.0,412519421.0,0.0,808468.0,2062597116.0,637865.0,0.0,844.0,2041.0
JPN,Japan,IND,MR|MCF,MR+CB/LWAL/CDL+ERM/H:1-3/IND,TOTAL,1226.0,3879431094.0,1293143704.0,0.0,1900746.0,5172574807.0,1393973.0,0.0,1550.0,2041.0
JPN,Japan,RES,MR|MCF,MR+CB/LWAL/CDL+ERM/H:1/RES,RURAL,489.0,152903626.0,26982988.0,1787.0,74916.0,179886623.0,44439.0,901.0,153.0,2041.0
JPN,Japan,RES,MR|MCF,MR+CB/LWAL/CDL+ERM/H:1/RES,URBAN,5939.0,1777551125.0,313685494.0,21008.0,870922.0,2091236613.0,516614.0,10985.0,147.0,2041.0
JPN,Japan,RES,MR|MCF,MR+CB/LWAL/CDL+ERM/H:2/RES,URBAN,26241.0,6559875748.0,1157625146.0,54370.0,3214050.0,7717500889.0,1907452.0,28982.0,122.0,2041.0
JPN,Japan,RES,MR|MCF,MR+CB/LWAL/CDL+ERM/H:2/RES,RURAL,2709.0,747674266.0,131942521.0,6802.0,366327.0,879616792.0,217406.0,3415.0,135.0,2041.0
JPN,Japan,RES,MR|MCF,MR+CB/LWAL/CDL+ERM/H:3/RES,URBAN,958.0,233081666.0,41132062.0,1804.0,114200.0,274213726.0,67808.0,1034.0,119.0,2041.0
JPN,Japan,RES,MR|MCF,MR+CB/LWAL/CDM+ERM/H:2/RES,RURAL,65.0,37712323.0,6655119.0,556.0,18477.0,44367436.0,10966.0,276.0,284.0,2041.0
JPN,Japan,RES,MR|MCF,MR+CB/LWAL/CDM+ERM/H:2/RES,URBAN,970.0,525048335.0,92655596.0,7432.0,257251.0,617703920.0,152672.0,3991.0,265.0,2041.0
JPN,Japan,COM,S,S/LFBR/CDH+ERH/H:1/COM,TOTAL,178926.0,401805413660.0,100451353415.0,0.0,183028405.0,502256767059.0,81027605.0,0.0,1023.0,2195.0
JPN,Japan,IND,S,S/LFBR/CDH+ERH/H:1/IND,TOTAL,85515.0,198611201784.0,85119086502.0,0.0,91679705.0,283730288274.0,37097401.0,0.0,1072.0,2166.0
JPN,Japan,RES,S,S/LFBR/CDH+ERH/H:1/RES,RURAL,6950.0,1748837424.0,437209368.0,16628.0,811697.0,2186046760.0,294447.0,8144.0,117.0,2155.0
JPN,Japan,RES,S,S/LFBR/CDH+ERH/H:1/RES,URBAN,76772.0,17804947704.0,4451236912.0,160380.0,8198614.0,22256184665.0,2974056.0,83637.0,107.0,2172.0
JPN,Japan,COM,S,S/LFBR/CDH+ERH/H:10-15/COM,TOTAL,203.0,6018991528.0,1504747883.0,0.0,2562732.0,7523739408.0,1139978.0,0.0,12624.0,2349.0
JPN,Japan,RES,S,S/LFBR/CDH+ERH/H:11-14/RES,URBAN,18.0,138878999.0,34719750.0,2264.0,57304.0,173598749.0,20889.0,1338.0,3184.0,2424.0
JPN,Japan,COM,S,S/LFBR/CDH+ERH/H:2/COM,TOTAL,174198.0,404255085908.0,101063771480.0,0.0,182827431.0,505318857363.0,80973937.0,0.0,1050.0,2211.0
JPN,Japan,IND,S,S/LFBR/CDH+ERH/H:2/IND,TOTAL,77548.0,211327115103.0,90568763624.0,0.0,97549435.0,301895878710.0,39494956.0,0.0,1258.0,2166.0
JPN,Japan,RES,S,S/LFBR/CDH+ERH/H:2/RES,RURAL,102149.0,31080584828.0,7770146218.0,368162.0,14431720.0,38850731025.0,5237443.0,178334.0,141.0,2154.0
JPN,Japan,RES,S,S/LFBR/CDH+ERH/H:2/RES,URBAN,1744063.0,531154804684.0,132788701149.0,6473254.0,242408859.0,663943505875.0,87972926.0,3368645.0,139.0,2191.0
JPN,Japan,COM,S,S/LFBR/CDH+ERH/H:21-30/COM,TOTAL,2.0,369664144.0,92416036.0,0.0,141525.0,462080180.0,63337.0,0.0,70762.0,2612.0
JPN,Japan,RES,S,S/LFBR/CDH+ERH/H:3-5/RES,URBAN,40352.0,66994251696.0,16748562888.0,1185997.0,30545366.0,83742814582.0,11095150.0,618476.0,757.0,2193.0
JPN,Japan,RES,S,S/LFBR/CDH+ERH/H:3-5/RES,RURAL,5610.0,10304256809.0,2576064167.0,172906.0,4767684.0,12880320966.0,1731796.0,85520.0,850.0,2161.0
JPN,Japan,COM,S,S/LFBR/CDH+ERH/H:3/COM,TOTAL,44924.0,132648897202.0,33162224297.0,0.0,59838914.0,165811121514.0,26514104.0,0.0,1332.0,2217.0
JPN,Japan,IND,S,S/LFBR/CDH+ERH/H:3/IND,TOTAL,13530.0,37424948749.0,16039263752.0,0.0,17275150.0,53464212488.0,6998184.0,0.0,1277.0,2166.0
JPN,Japan,RES,S,S/LFBR/CDH+ERH/H:3/RES,URBAN,125543.0,48910490262.0,12227622573.0,619428.0,20922015.0,61138112847.0,7596226.0,360952.0,167.0,2338.0
JPN,Japan,COM,S,S/LFBR/CDH+ERH/H:4-5/COM,TOTAL,18057.0,122632394686.0,30658098670.0,0.0,55427765.0,153290493379.0,24570265.0,0.0,3070.0,2212.0
JPN,Japan,IND,S,S/LFBR/CDH+ERH/H:4-5/IND,TOTAL,12931.0,46195559598.0,19798096974.0,0.0,21323487.0,65993656557.0,8643070.0,0.0,1649.0,2166.0
JPN,Japan,RES,S,S/LFBR/CDH+ERH/H:4/RES,URBAN,10873.0,18471027140.0,4617756795.0,282369.0,7838453.0,23088783923.0,2847207.0,166260.0,721.0,2356.0
JPN,Japan,RES,S,S/LFBR/CDH+ERH/H:5/RES,URBAN,6901.0,18763381240.0,4690845290.0,288891.0,7931766.0,23454226542.0,2882381.0,170429.0,1149.0,2366.0
JPN,Japan,RES,S,S/LFBR/CDH+ERH/H:6-10/RES,URBAN,658.0,3109209071.0,777302274.0,54563.0,1392310.0,3886511337.0,506638.0,29146.0,2116.0,2233.0
JPN,Japan,RES,S,S/LFBR/CDH+ERH/H:6-7/RES,RURAL,817.0,2998720483.0,749680130.0,54270.0,1389815.0,3748400581.0,505282.0,25987.0,1701.0,2158.0
JPN,Japan,RES,S,S/LFBR/CDH+ERH/H:6-7/RES,URBAN,603.0,2028646191.0,507161562.0,30842.0,875104.0,2535807769.0,318153.0,19234.0,1451.0,2318.0
JPN,Japan,COM,S,S/LFBR/CDH+ERH/H:6-9/COM,TOTAL,4476.0,45307969771.0,11326992436.0,0.0,20286318.0,56634962207.0,9008279.0,0.0,4532.0,2233.0
JPN,Japan,IND,S,S/LFBR/CDH+ERH/H:6-9/IND,TOTAL,39.0,575595623.0,246683837.0,0.0,267731.0,822279462.0,108766.0,0.0,6865.0,2150.0
JPN,Japan,RES,S,S/LFBR/CDH+ERH/H:8-10/RES,URBAN,599.0,2789315047.0,697328757.0,42283.0,1220582.0,3486643795.0,444346.0,26641.0,2038.0,2285.0
JPN,Japan,RES,S,S/LFBR/CDH+ERH/H:>14/RES,URBAN,2.0,26528655.0,6632163.0,367.0,10797.0,33160819.0,3941.0,259.0,5398.0,2457.0
JPN,Japan,RES,S,S/LFBR/CDH+ERM/H:1/RES,RURAL,31.0,7886433.0,1971611.0,70.0,3426.0,9858043.0,1243.0,31.0,111.0,2302.0
JPN,Japan,RES,S,S/LFBR/CDH+ERM/H:1/RES,URBAN,781.0,187220481.0,46805111.0,1495.0,85571.0,234025594.0,31042.0,782.0,110.0,2188.0
JPN,Japan,RES,S,S/LFBR/CDH+ERM/H:2/RES,URBAN,19750.0,4631732421.0,1157933128.0,39534.0,2124222.0,5789665552.0,770914.0,20339.0,108.0,2180.0
JPN,Japan,RES,S,S/LFBR/CDH+ERM/H:2/RES,RURAL,969.0,226569518.0,56642377.0,2076.0,104897.0,283211916.0,38070.0,970.0,108.0,2160.0
JPN,Japan,RES,S,S/LFBR/CDH+ERM/H:3-5/RES,RURAL,1.0,3277212.0,819303.0,31.0,1365.0,4096514.0,496.0,13.0,1365.0,2401.0
JPN,Japan,RES,S,S/LFBR/CDH+ERM/H:3-5/RES,URBAN,16.0,40081082.0,10020282.0,370.0,17197.0,50101358.0,6247.0,198.0,1075.0,2331.0
JPN,Japan,RES,S,S/LFBR/CDH+ERM/H:3/RES,URBAN,1553.0,344780913.0,86195237.0,2865.0,150112.0,430976148.0,54503.0,1704.0,97.0,2297.0
JPN,Japan,RES,S,S/LFBR/CDH+ERM/H:4/RES,URBAN,9.0,21454459.0,5363614.0,174.0,8413.0,26818073.0,3056.0,107.0,935.0,2550.0
JPN,Japan,RES,S,S/LFBR/CDH+ERM/H:5/RES,URBAN,3.0,12087120.0,3021780.0,99.0,4628.0,15108899.0,1682.0,60.0,1543.0,2612.0
JPN,Japan,RES,S,S/LFBR/CDH+ERM/H:6-10/RES,URBAN,0.0,2047684.0,511921.0,17.0,857.0,2559605.0,312.0,8.0,inf,2389.0
JPN,Japan,RES,S,S/LFBR/CDL+ERL/H:1/RES,RURAL,159.0,44128583.0,11032148.0,426.0,20405.0,55160731.0,7402.0,211.0,128.0,2163.0
JPN,Japan,RES,S,S/LFBR/CDL+ERL/H:1/RES,URBAN,3308.0,770610049.0,192652505.0,7093.0,354316.0,963262536.0,128530.0,3766.0,107.0,2175.0
JPN,Japan,RES,S,S/LFBR/CDL+ERL/H:11-14/RES,URBAN,0.0,1161444.0,290361.0,22.0,544.0,1451806.0,198.0,13.0,inf,2135.0
JPN,Japan,RES,S,S/LFBR/CDL+ERL/H:2/RES,RURAL,3043.0,780477450.0,195119358.0,7655.0,363096.0,975596836.0,131772.0,3740.0,119.0,2150.0
JPN,Japan,RES,S,S/LFBR/CDL+ERL/H:2/RES,URBAN,53255.0,13411957879.0,3352989470.0,135334.0,6112848.0,16764947349.0,2218424.0,71548.0,115.0,2194.0
JPN,Japan,RES,S,S/LFBR/CDL+ERL/H:3-5/RES,RURAL,49.0,85614923.0,21403729.0,1508.0,39994.0,107018649.0,14528.0,727.0,816.0,2141.0
JPN,Japan,RES,S,S/LFBR/CDL+ERL/H:3-5/RES,URBAN,466.0,746619880.0,186654964.0,13028.0,338637.0,933274842.0,123006.0,6962.0,727.0,2205.0
JPN,Japan,RES,S,S/LFBR/CDL+ERL/H:3/RES,URBAN,4818.0,1154381378.0,288595344.0,10995.0,492691.0,1442976716.0,178884.0,6715.0,102.0,2343.0
JPN,Japan,RES,S,S/LFBR/CDL+ERL/H:4/RES,URBAN,213.0,353256836.0,88314204.0,5158.0,146229.0,441571048.0,53116.0,3189.0,687.0,2416.0
JPN,Japan,RES,S,S/LFBR/CDL+ERL/H:5/RES,URBAN,241.0,649402719.0,162350677.0,9484.0,267199.0,811753395.0,97100.0,5933.0,1109.0,2430.0
JPN,Japan,RES,S,S/LFBR/CDL+ERL/H:6-10/RES,URBAN,7.0,29250801.0,7312698.0,552.0,13017.0,36563502.0,4737.0,297.0,1860.0,2247.0
JPN,Japan,RES,S,S/LFBR/CDL+ERL/H:6-7/RES,RURAL,5.0,13742560.0,3435639.0,301.0,6416.0,17178203.0,2333.0,138.0,1283.0,2142.0
JPN,Japan,RES,S,S/LFBR/CDL+ERL/H:6-7/RES,URBAN,21.0,71913699.0,17978425.0,1043.0,29391.0,89892125.0,10686.0,648.0,1400.0,2447.0
JPN,Japan,RES,S,S/LFBR/CDL+ERL/H:8-10/RES,URBAN,14.0,66019423.0,16504857.0,964.0,26584.0,82524281.0,9678.0,603.0,1899.0,2483.0
JPN,Japan,COM,S,S/LFBR/CDL+ERM/H:1/COM,TOTAL,29225.0,68433920233.0,17108480060.0,0.0,31167357.0,85542400278.0,13797951.0,0.0,1066.0,2196.0
JPN,Japan,IND,S,S/LFBR/CDL+ERM/H:1/IND,TOTAL,21711.0,53139221557.0,22773952093.0,0.0,24545790.0,75913173644.0,9932245.0,0.0,1131.0,2165.0
JPN,Japan,COM,S,S/LFBR/CDL+ERM/H:2/COM,TOTAL,32549.0,75080505615.0,18770126397.0,0.0,33918724.0,93850632021.0,15022545.0,0.0,1042.0,2214.0
JPN,Japan,IND,S,S/LFBR/CDL+ERM/H:2/IND,TOTAL,19489.0,56418386795.0,24179308628.0,0.0,26060912.0,80597695460.0,10551315.0,0.0,1337.0,2165.0
JPN,Japan,COM,S,S/LFBR/CDL+ERM/H:3/COM,TOTAL,7472.0,20538610176.0,5134652546.0,0.0,9225548.0,25673262716.0,4087763.0,0.0,1235.0,2226.0
JPN,Japan,IND,S,S/LFBR/CDL+ERM/H:3/IND,TOTAL,2502.0,8512059830.0,3648025636.0,0.0,3932922.0,12160085481.0,1593233.0,0.0,1572.0,2164.0
JPN,Japan,COM,S,S/LFBR/CDL+ERM/H:4-5/COM,TOTAL,2308.0,13808115307.0,3452028830.0,0.0,6197783.0,17260144138.0,2747382.0,0.0,2685.0,2228.0
JPN,Japan,IND,S,S/LFBR/CDL+ERM/H:4-5/IND,TOTAL,2377.0,10365930878.0,4442541807.0,0.0,4789533.0,14808472668.0,1941347.0,0.0,2015.0,2164.0
JPN,Japan,COM,S,S/LFBR/CDL+ERM/H:6-9/COM,TOTAL,375.0,3599051539.0,899762884.0,0.0,1570405.0,4498814425.0,697349.0,0.0,4188.0,2292.0
JPN,Japan,RES,S,S/LFBR/CDM+ERM/H:1/RES,URBAN,12875.0,2892838755.0,723209690.0,25277.0,1331901.0,3616048434.0,483149.0,13357.0,103.0,2172.0
JPN,Japan,RES,S,S/LFBR/CDM+ERM/H:1/RES,RURAL,979.0,254678245.0,63669566.0,2440.0,118183.0,318347824.0,42871.0,1225.0,121.0,2155.0
JPN,Japan,RES,S,S/LFBR/CDM+ERM/H:11-14/RES,URBAN,16.0,136217029.0,34054256.0,1889.0,52219.0,170271287.0,19035.0,1159.0,3264.0,2609.0
JPN,Japan,RES,S,S/LFBR/CDM+ERM/H:2/RES,URBAN,212278.0,53012090206.0,13253022552.0,536507.0,24213880.0,66265112762.0,8787493.0,280937.0,114.0,2189.0
JPN,Japan,RES,S,S/LFBR/CDM+ERM/H:2/RES,RURAL,12559.0,3335803258.0,833950820.0,34944.0,1544296.0,4169754090.0,560444.0,17193.0,123.0,2160.0
JPN,Japan,RES,S,S/LFBR/CDM+ERM/H:3-5/RES,RURAL,410.0,751077703.0,187769419.0,12377.0,347802.0,938847124.0,126335.0,6232.0,848.0,2159.0
JPN,Japan,RES,S,S/LFBR/CDM+ERM/H:3-5/RES,URBAN,1706.0,2813718018.0,703429504.0,49065.0,1269734.0,3517147524.0,461214.0,25997.0,744.0,2216.0
JPN,Japan,RES,S,S/LFBR/CDM+ERM/H:3/RES,URBAN,13475.0,3640111920.0,910027984.0,37740.0,1546672.0,4550139912.0,561556.0,22729.0,115.0,2354.0
JPN,Japan,RES,S,S/LFBR/CDM+ERM/H:4/RES,URBAN,688.0,1166250841.0,291562701.0,17253.0,489262.0,1457813545.0,177718.0,10490.0,711.0,2384.0
JPN,Japan,RES,S,S/LFBR/CDM+ERM/H:5/RES,URBAN,795.0,2142788954.0,535697241.0,32478.0,909957.0,2678486202.0,330676.0,19635.0,1145.0,2355.0
JPN,Japan,RES,S,S/LFBR/CDM+ERM/H:6-10/RES,URBAN,27.0,115595107.0,28898776.0,2134.0,51507.0,144493881.0,18743.0,1155.0,1908.0,2244.0
JPN,Japan,RES,S,S/LFBR/CDM+ERM/H:6-7/RES,URBAN,95.0,322546634.0,80636659.0,4804.0,136023.0,403183298.0,49452.0,2993.0,1432.0,2371.0
JPN,Japan,RES,S,S/LFBR/CDM+ERM/H:6-7/RES,RURAL,40.0,140043175.0,35010793.0,2560.0,64711.0,175053965.0,23526.0,1247.0,1618.0,2164.0
JPN,Japan,RES,S,S/LFBR/CDM+ERM/H:8-10/RES,URBAN,78.0,370857420.0,92714356.0,5553.0,154555.0,463571777.0,56265.0,3459.0,1981.0,2400.0
JPN,Japan,RES,S,S/LFBR/CDM+ERM/H:>14/RES,URBAN,0.0,3668797.0,917199.0,57.0,1405.0,4585997.0,513.0,35.0,inf,2611.0
JPN,Japan,COM,S,SRC/LDUAL/CDH+ERH/H:1/COM,TOTAL,8677.0,27091646894.0,6772911730.0,0.0,12295051.0,33864558655.0,7604432.0,0.0,1417.0,2203.0
JPN,Japan,IND,S,SRC/LDUAL/CDH+ERH/H:1/IND,TOTAL,3680.0,15054163077.0,6451784180.0,0.0,6946309.0,21505947259.0,4217101.0,0.0,1888.0,2167.0
JPN,Japan,COM,S,SRC/LDUAL/CDH+ERH/H:10-15/COM,TOTAL,4245.0,90070703425.0,22517675848.0,0.0,40199424.0,112588379255.0,25042329.0,0.0,9470.0,2241.0
JPN,Japan,IND,S,SRC/LDUAL/CDH+ERH/H:10-15/IND,TOTAL,1708.0,27890360564.0,11953011655.0,0.0,12873415.0,39843372224.0,7880101.0,0.0,7537.0,2167.0
JPN,Japan,RES,S,SRC/LDUAL/CDH+ERH/H:11-14/RES,URBAN,35064.0,352104686192.0,88026171546.0,4554807.0,155542601.0,440130857730.0,68523110.0,2609760.0,4436.0,2264.0
JPN,Japan,COM,S,SRC/LDUAL/CDH+ERH/H:16-20/COM,TOTAL,22.0,1882584615.0,470646154.0,0.0,763519.0,2353230770.0,477492.0,0.0,34705.0,2466.0
JPN,Japan,IND,S,SRC/LDUAL/CDH+ERH/H:16-20/IND,TOTAL,31.0,106291836.0,45553644.0,0.0,49413.0,151845485.0,30382.0,0.0,1594.0,2151.0
JPN,Japan,COM,S,SRC/LDUAL/CDH+ERH/H:2/COM,TOTAL,20041.0,61278386620.0,15319596657.0,0.0,27666861.0,76597983269.0,17123032.0,0.0,1381.0,2215.0
JPN,Japan,IND,S,SRC/LDUAL/CDH+ERH/H:2/IND,TOTAL,3192.0,14372000241.0,6159428661.0,0.0,6631807.0,20531428900.0,4029195.0,0.0,2078.0,2167.0
JPN,Japan,COM,S,SRC/LDUAL/CDH+ERH/H:21-30/COM,TOTAL,20.0,2925437213.0,731359302.0,0.0,1185453.0,3656796518.0,745206.0,0.0,59273.0,2468.0
JPN,Japan,COM,S,SRC/LDUAL/CDH+ERH/H:3/COM,TOTAL,10341.0,40151666155.0,10037916554.0,0.0,18060671.0,50189582714.0,11185076.0,0.0,1747.0,2223.0
JPN,Japan,IND,S,SRC/LDUAL/CDH+ERH/H:3/IND,TOTAL,5250.0,17322438070.0,7423902040.0,0.0,7993026.0,24746340079.0,4859862.0,0.0,1522.0,2167.0
JPN,Japan,COM,S,SRC/LDUAL/CDH+ERH/H:4-5/COM,TOTAL,10703.0,89691658725.0,22422914681.0,0.0,40346605.0,112114573405.0,25003227.0,0.0,3770.0,2223.0
JPN,Japan,IND,S,SRC/LDUAL/CDH+ERH/H:4-5/IND,TOTAL,3680.0,26428419601.0,11326465550.0,0.0,12194665.0,37754885153.0,7420078.0,0.0,3314.0,2167.0
JPN,Japan,RES,S,SRC/LDUAL/CDH+ERH/H:6-10/RES,URBAN,37622.0,229115452349.0,57278863056.0,3210112.0,103746531.0,286394315397.0,45594543.0,1685560.0,2758.0,2208.0
JPN,Japan,RES,S,SRC/LDUAL/CDH+ERH/H:6-7/RES,URBAN,37261.0,164687889317.0,41171972332.0,2058339.0,70666449.0,205859861626.0,31018968.0,1209617.0,1897.0,2330.0
JPN,Japan,RES,S,SRC/LDUAL/CDH+ERH/H:6-7/RES,RURAL,2455.0,10822134243.0,2705533535.0,163868.0,4923586.0,13527667790.0,2161207.0,79300.0,2006.0,2198.0
JPN,Japan,COM,S,SRC/LDUAL/CDH+ERH/H:6-9/COM,TOTAL,15803.0,193649077156.0,48412269277.0,0.0,86519481.0,242061346453.0,53757287.0,0.0,5475.0,2238.0
JPN,Japan,IND,S,SRC/LDUAL/CDH+ERH/H:6-9/IND,TOTAL,1273.0,31303162105.0,13415640909.0,0.0,14447110.0,44718803017.0,8817007.0,0.0,11349.0,2167.0
JPN,Japan,RES,S,SRC/LDUAL/CDH+ERH/H:8-10/RES,URBAN,32565.0,196408453848.0,49102113442.0,2438051.0,85311703.0,245510567237.0,37515454.0,1459393.0,2620.0,2302.0
JPN,Japan,RES,S,SRC/LDUAL/CDH+ERH/H:>14/RES,URBAN,7505.0,127723049916.0,31930762467.0,1524070.0,55051835.0,159653812380.0,24296529.0,948262.0,7335.0,2320.0
JPN,Japan,COM,S,SRC/LDUAL/CDH+ERH/H:>30/COM,TOTAL,1.0,48621232.0,12155308.0,0.0,22762.0,60776540.0,14355.0,0.0,22762.0,2136.0
JPN,Japan,RES,S,SRC/LDUAL/CDH+ERM/H:11-14/RES,URBAN,137.0,1924376453.0,481094115.0,16537.0,842490.0,2405470572.0,371155.0,9609.0,6150.0,2284.0
JPN,Japan,RES,S,SRC/LDUAL/CDH+ERM/H:6-10/RES,URBAN,149.0,1328418532.0,332104622.0,12323.0,595987.0,1660523160.0,261926.0,6447.0,4000.0,2229.0
JPN,Japan,RES,S,SRC/LDUAL/CDH+ERM/H:6-7/RES,RURAL,6.0,37207687.0,9301921.0,350.0,16480.0,46509601.0,7234.0,167.0,2747.0,2258.0
JPN,Japan,RES,S,SRC/LDUAL/CDH+ERM/H:6-7/RES,URBAN,178.0,1131145704.0,282786416.0,9578.0,484858.0,1413932117.0,212830.0,5675.0,2724.0,2333.0
JPN,Japan,RES,S,SRC/LDUAL/CDH+ERM/H:8-10/RES,URBAN,134.0,1172427700.0,293106933.0,9666.0,508152.0,1465534625.0,223459.0,5880.0,3792.0,2307.0
JPN,Japan,RES,S,SRC/LDUAL/CDH+ERM/H:>14/RES,URBAN,19.0,406347572.0,101586899.0,3233.0,173035.0,507934466.0,76368.0,2073.0,9107.0,2348.0
JPN,Japan,COM,S,SRC/LDUAL/CDM+ERM/H:1/COM,TOTAL,976.0,2745570840.0,686392707.0,0.0,1244319.0,3431963557.0,769606.0,0.0,1275.0,2206.0
JPN,Japan,IND,S,SRC/LDUAL/CDM+ERM/H:1/IND,TOTAL,718.0,3599449030.0,1542621009.0,0.0,1663906.0,5142070034.0,1010157.0,0.0,2317.0,2163.0
JPN,Japan,COM,S,SRC/LDUAL/CDM+ERM/H:10-15/COM,TOTAL,604.0,11936551693.0,2984137926.0,0.0,5231671.0,14920689615.0,3259083.0,0.0,8662.0,2282.0
JPN,Japan,IND,S,SRC/LDUAL/CDM+ERM/H:10-15/IND,TOTAL,245.0,4866071063.0,2085459031.0,0.0,2255838.0,6951530089.0,1380848.0,0.0,9208.0,2157.0
JPN,Japan,RES,S,SRC/LDUAL/CDM+ERM/H:11-14/RES,URBAN,6929.0,69453774256.0,17363443544.0,894141.0,30174522.0,86817217793.0,13293157.0,514824.0,4355.0,2302.0
JPN,Japan,COM,S,SRC/LDUAL/CDM+ERM/H:2/COM,TOTAL,3760.0,10423999517.0,2605999871.0,0.0,4687382.0,13029999389.0,2901024.0,0.0,1247.0,2224.0
JPN,Japan,IND,S,SRC/LDUAL/CDM+ERM/H:2/IND,TOTAL,592.0,3281990341.0,1406567295.0,0.0,1516906.0,4688557620.0,921606.0,0.0,2562.0,2164.0
JPN,Japan,COM,S,SRC/LDUAL/CDM+ERM/H:3/COM,TOTAL,1788.0,6029595728.0,1507398922.0,0.0,2683472.0,7536994650.0,1661891.0,0.0,1501.0,2247.0
JPN,Japan,IND,S,SRC/LDUAL/CDM+ERM/H:3/IND,TOTAL,1124.0,4572481790.0,1959635052.0,0.0,2113601.0,6532116855.0,1285097.0,0.0,1880.0,2163.0
JPN,Japan,COM,S,SRC/LDUAL/CDM+ERM/H:4-5/COM,TOTAL,1780.0,12671753707.0,3167938416.0,0.0,5633572.0,15839692124.0,3491186.0,0.0,3165.0,2249.0
JPN,Japan,IND,S,SRC/LDUAL/CDM+ERM/H:4-5/IND,TOTAL,718.0,6319032733.0,2708156882.0,0.0,2921064.0,9027189610.0,1777378.0,0.0,4068.0,2163.0
JPN,Japan,RES,S,SRC/LDUAL/CDM+ERM/H:6-10/RES,URBAN,6791.0,41367639069.0,10341909749.0,575955.0,18695920.0,51709548805.0,8216489.0,304036.0,2753.0,2213.0
JPN,Japan,RES,S,SRC/LDUAL/CDM+ERM/H:6-7/RES,RURAL,262.0,1128596710.0,282149174.0,17177.0,518012.0,1410745903.0,227382.0,8326.0,1977.0,2179.0
JPN,Japan,RES,S,SRC/LDUAL/CDM+ERM/H:6-7/RES,URBAN,5610.0,24704126223.0,6176031560.0,300834.0,10632943.0,30880157784.0,4667321.0,181962.0,1895.0,2323.0
JPN,Japan,COM,S,SRC/LDUAL/CDM+ERM/H:6-9/COM,TOTAL,3437.0,38043588255.0,9510897051.0,0.0,16860337.0,47554485313.0,10475862.0,0.0,4906.0,2256.0
JPN,Japan,IND,S,SRC/LDUAL/CDM+ERM/H:6-9/IND,TOTAL,163.0,4893764324.0,2097327571.0,0.0,2267302.0,6991091903.0,1383725.0,0.0,13910.0,2158.0
JPN,Japan,RES,S,SRC/LDUAL/CDM+ERM/H:8-10/RES,URBAN,4399.0,26799318009.0,6699829501.0,322026.0,11384240.0,33499147499.0,5006172.0,197055.0,2588.0,2354.0
JPN,Japan,RES,S,SRC/LDUAL/CDM+ERM/H:>14/RES,URBAN,187.0,3064419522.0,766104880.0,37891.0,1331959.0,3830524402.0,587846.0,22873.0,7123.0,2301.0
JPN,Japan,COM,W,W+WHE/LPB/CDH+ERH/H:1-3/COM,TOTAL,51854.0,57931244790.0,14482811204.0,0.0,37997937.0,72414055995.0,8394176.0,0.0,733.0,1525.0
JPN,Japan,IND,W,W+WHE/LPB/CDH+ERH/H:1-3/IND,TOTAL,36600.0,44485342271.0,23953645846.0,0.0,29237767.0,68438988116.0,6278801.0,0.0,799.0,1522.0
JPN,Japan,RES,W,W+WHE/LPB/CDH+ERH/H:1/RES,URBAN,1818252.0,342750288464.0,85687572091.0,3569835.0,224939837.0,428437860525.0,27778932.0,1867386.0,124.0,1524.0
JPN,Japan,RES,W,W+WHE/LPB/CDH+ERH/H:1/RES,RURAL,284970.0,54863178746.0,13715794684.0,590529.0,35978817.0,68578973444.0,4443208.0,294305.0,126.0,1525.0
JPN,Japan,RES,W,W+WHE/LPB/CDH+ERH/H:2/RES,RURAL,1373101.0,279731239029.0,69932809761.0,3073940.0,182292905.0,349664048816.0,22525002.0,1485995.0,133.0,1535.0
JPN,Japan,RES,W,W+WHE/LPB/CDH+ERH/H:2/RES,URBAN,14399797.0,2861285045279.0,715321261290.0,31351489.0,1872117693.0,3576606306574.0,231327929.0,16169973.0,130.0,1528.0
JPN,Japan,RES,W,W+WHE/LPB/CDH+ERH/H:3-5/RES,URBAN,2844.0,4398635957.0,1099658962.0,81220.0,2872900.0,5498294994.0,355403.0,42553.0,1010.0,1531.0
JPN,Japan,RES,W,W+WHE/LPB/CDH+ERH/H:3-5/RES,RURAL,106.0,153715903.0,38428972.0,2892.0,100611.0,192144877.0,12447.0,1462.0,949.0,1528.0
JPN,Japan,RES,W,W+WHE/LPB/CDH+ERH/H:3/RES,URBAN,368705.0,66068187856.0,16517046969.0,723878.0,43176739.0,82585234852.0,5338156.0,419952.0,117.0,1530.0
JPN,Japan,RES,W,W+WHE/LPB/CDH+ERH/H:4/RES,URBAN,26.0,34682175.0,8670545.0,631.0,21759.0,43352715.0,2692.0,376.0,837.0,1594.0
JPN,Japan,RES,W,W+WHE/LPB/CDH+ERH/H:5/RES,URBAN,6.0,18007306.0,4501825.0,271.0,12144.0,22509133.0,1503.0,156.0,2024.0,1483.0
JPN,Japan,RES,W,W+WHE/LPB/CDH+ERM/H:1/RES,URBAN,39268.0,7572699269.0,1893174823.0,75368.0,4979617.0,9465874014.0,614971.0,39332.0,127.0,1521.0
JPN,Japan,RES,W,W+WHE/LPB/CDH+ERM/H:1/RES,RURAL,6413.0,1249391568.0,312347903.0,12985.0,825293.0,1561739454.0,101925.0,6414.0,129.0,1514.0
JPN,Japan,RES,W,W+WHE/LPB/CDH+ERM/H:2/RES,URBAN,298569.0,58364284442.0,14591071117.0,585946.0,38176424.0,72955355574.0,4717280.0,300192.0,128.0,1529.0
JPN,Japan,RES,W,W+WHE/LPB/CDH+ERM/H:2/RES,RURAL,29291.0,5881933699.0,1470483429.0,61233.0,3854035.0,7352417118.0,476231.0,29307.0,132.0,1526.0
JPN,Japan,RES,W,W+WHE/LPB/CDH+ERM/H:3-5/RES,URBAN,0.0,451846.0,112962.0,7.0,300.0,564808.0,37.0,3.0,inf,1506.0
JPN,Japan,RES,W,W+WHE/LPB/CDH+ERM/H:3-5/RES,RURAL,0.0,142605.0,35651.0,2.0,97.0,178256.0,12.0,1.0,inf,1470.0
JPN,Japan,RES,W,W+WHE/LPB/CDH+ERM/H:3/RES,URBAN,7633.0,1314930516.0,328732639.0,13108.0,861374.0,1643663151.0,106498.0,7674.0,113.0,1527.0
JPN,Japan,RES,W,W+WHE/LPB/CDL+ERL/H:1/RES,RURAL,49874.0,9745526672.0,2436381681.0,106326.0,6461228.0,12181908335.0,797930.0,53685.0,130.0,1508.0
JPN,Japan,RES,W,W+WHE/LPB/CDL+ERL/H:1/RES,URBAN,318108.0,61765788402.0,15441447107.0,643738.0,40510062.0,77207235512.0,5002788.0,343230.0,127.0,1525.0
JPN,Japan,RES,W,W+WHE/LPB/CDL+ERL/H:2/RES,URBAN,1733552.0,344947997841.0,86236999460.0,3573546.0,224999976.0,431184997268.0,27802088.0,1865634.0,130.0,1533.0
JPN,Japan,RES,W,W+WHE/LPB/CDL+ERL/H:2/RES,RURAL,194114.0,38842472264.0,9710618067.0,406405.0,25444371.0,48553090316.0,3144031.0,198131.0,131.0,1527.0
JPN,Japan,RES,W,W+WHE/LPB/CDL+ERL/H:3-5/RES,RURAL,10.0,15144286.0,3786070.0,278.0,10198.0,18930354.0,1262.0,138.0,1020.0,1485.0
JPN,Japan,RES,W,W+WHE/LPB/CDL+ERL/H:3-5/RES,URBAN,267.0,413741880.0,103435474.0,7185.0,274766.0,517177364.0,33991.0,3932.0,1029.0,1506.0
JPN,Japan,RES,W,W+WHE/LPB/CDL+ERL/H:3/RES,URBAN,17996.0,3170701831.0,792675460.0,33663.0,2081153.0,3963377288.0,257304.0,20564.0,116.0,1524.0
JPN,Japan,COM,W,W+WHE/LPB/CDL+ERM/H:1-3/COM,TOTAL,27088.0,28822871125.0,7205717790.0,0.0,18848451.0,36028588897.0,4163839.0,0.0,696.0,1529.0
JPN,Japan,IND,W,W+WHE/LPB/CDL+ERM/H:1-3/IND,TOTAL,31676.0,38705733023.0,20841548559.0,0.0,25302459.0,59547281580.0,5433695.0,0.0,799.0,1530.0
JPN,Japan,RES,W,W+WHE/LPB/CDM+ERM/H:1/RES,URBAN,584872.0,112690932747.0,28172733184.0,1168102.0,73733194.0,140863665967.0,9105675.0,615641.0,126.0,1528.0
JPN,Japan,RES,W,W+WHE/LPB/CDM+ERM/H:1/RES,RURAL,92602.0,18152433772.0,4538108459.0,197785.0,11939290.0,22690542212.0,1474443.0,98779.0,129.0,1520.0
JPN,Japan,RES,W,W+WHE/LPB/CDM+ERM/H:2/RES,RURAL,418324.0,83014024046.0,20753506012.0,881894.0,54186783.0,103767530040.0,6695583.0,428240.0,130.0,1532.0
JPN,Japan,RES,W,W+WHE/LPB/CDM+ERM/H:2/RES,URBAN,4002856.0,784902891777.0,196225722939.0,8230599.0,512261640.0,981128614732.0,63297528.0,4266621.0,128.0,1532.0
JPN,Japan,RES,W,W+WHE/LPB/CDM+ERM/H:3-5/RES,RURAL,13.0,18740589.0,4685148.0,336.0,12199.0,23425745.0,1509.0,175.0,938.0,1536.0
JPN,Japan,RES,W,W+WHE/LPB/CDM+ERM/H:3-5/RES,URBAN,585.0,910813433.0,227703363.0,16375.0,599543.0,1138516798.0,74169.0,8809.0,1025.0,1519.0
JPN,Japan,RES,W,W+WHE/LPB/CDM+ERM/H:3/RES,URBAN,37163.0,6938161156.0,1734540287.0,76175.0,4515222.0,8672701456.0,558240.0,44681.0,121.0,1537.0
JPN,Japan,RES,W,W+WHE/LPB/CDM+ERM/H:4/RES,URBAN,28.0,38626653.0,9656662.0,788.0,25168.0,48283314.0,3114.0,414.0,899.0,1535.0
JPN,Japan,RES,W,W+WHE/LPB/CDN+ERN/H:1/RES,RURAL,28820.0,5457452248.0,1364363064.0,58083.0,3617212.0,6821815317.0,446709.0,29358.0,126.0,1509.0
JPN,Japan,RES,W,W+WHE/LPB/CDN+ERN/H:1/RES,URBAN,188994.0,35765129038.0,8941282251.0,361470.0,23409428.0,44706411266.0,2890948.0,192922.0,124.0,1528.0
JPN,Japan,RES,W,W+WHE/LPB/CDN+ERN/H:2/RES,URBAN,942395.0,185920110939.0,46480027735.0,1855626.0,120866952.0,232400138647.0,14934908.0,961993.0,128.0,1538.0
JPN,Japan,RES,W,W+WHE/LPB/CDN+ERN/H:2/RES,RURAL,112437.0,22419259942.0,5604814979.0,231856.0,14679099.0,28024074922.0,1813822.0,112936.0,131.0,1527.0
JPN,Japan,RES,W,W+WHE/LPB/CDN+ERN/H:3-5/RES,URBAN,37.0,49991267.0,12497819.0,909.0,33359.0,62489067.0,4127.0,500.0,902.0,1499.0
JPN,Japan,RES,W,W+WHE/LPB/CDN+ERN/H:3-5/RES,RURAL,1.0,1547877.0,386970.0,31.0,1044.0,1934844.0,129.0,15.0,1044.0,1483.0
JPN,Japan,RES,W,W+WHE/LPB/CDN+ERN/H:3/RES,URBAN,6933.0,1163482041.0,290870516.0,11866.0,771460.0,1454352548.0,95380.0,7250.0,111.0,1508.0
JPN,Japan,RES,W,W+WLI/LWAL/CDH+ERH/H:1/RES,RURAL,46833.0,9504253973.0,2376063484.0,106022.0,6211359.0,11880317469.0,740521.0,52842.0,133.0,1530.0
JPN,Japan,RES,W,W+WLI/LWAL/CDH+ERH/H:1/RES,URBAN,306552.0,60334976639.0,15083744224.0,653227.0,39611586.0,75418720807.0,4722474.0,340843.0,129.0,1523.0
JPN,Japan,RES,W,W+WLI/LWAL/CDH+ERH/H:2/RES,RURAL,235312.0,54569915540.0,13642478897.0,658709.0,35561802.0,68212394472.0,4241985.0,319267.0,151.0,1535.0
JPN,Japan,RES,W,W+WLI/LWAL/CDH+ERH/H:2/RES,URBAN,2628360.0,596803754524.0,149200938597.0,7337779.0,390721130.0,746004693120.0,46607039.0,3810496.0,149.0,1527.0
JPN,Japan,RES,W,W+WLI/LWAL/CDH+ERH/H:3-5/RES,RURAL,263.0,421105668.0,105276418.0,7570.0,275387.0,526382101.0,32888.0,3825.0,1047.0,1529.0
JPN,Japan,RES,W,W+WLI/LWAL/CDH+ERH/H:3-5/RES,URBAN,5985.0,9530719793.0,2382679940.0,172922.0,6241544.0,11913399796.0,745352.0,90655.0,1043.0,1527.0
JPN,Japan,RES,W,W+WLI/LWAL/CDH+ERH/H:3/RES,URBAN,85154.0,25100317527.0,6275079395.0,349543.0,16285393.0,31375396945.0,1943673.0,201896.0,191.0,1541.0
JPN,Japan,RES,W,W+WLI/LWAL/CDH+ERH/H:4/RES,URBAN,47.0,63787821.0,15946958.0,1211.0,40641.0,79734773.0,4853.0,688.0,865.0,1570.0
JPN,Japan,RES,W,W+WLI/LWAL/CDH+ERH/H:5/RES,URBAN,24.0,63933901.0,15983476.0,1012.0,42941.0,79917371.0,5131.0,597.0,1789.0,1489.0
JPN,Japan,RES,W,W+WLI/LWAL/CDH+ERM/H:1/RES,RURAL,519.0,99610312.0,24902588.0,1052.0,66252.0,124512911.0,7900.0,520.0,128.0,1504.0
JPN,Japan,RES,W,W+WLI/LWAL/CDH+ERM/H:1/RES,URBAN,4570.0,880392956.0,220098228.0,8783.0,579913.0,1100491157.0,69143.0,4577.0,127.0,1518.0
JPN,Japan,RES,W,W+WLI/LWAL/CDH+ERM/H:2/RES,RURAL,3550.0,713318063.0,178329492.0,7452.0,467411.0,891647589.0,55761.0,3553.0,132.0,1526.0
JPN,Japan,RES,W,W+WLI/LWAL/CDH+ERM/H:2/RES,URBAN,39546.0,7780016060.0,1945003966.0,78288.0,5089828.0,9725020027.0,607152.0,40177.0,129.0,1529.0
JPN,Japan,RES,W,W+WLI/LWAL/CDH+ERM/H:3-5/RES,URBAN,0.0,350205.0,87552.0,4.0,223.0,437757.0,27.0,2.0,inf,1570.0
JPN,Japan,RES,W,W+WLI/LWAL/CDH+ERM/H:3-5/RES,RURAL,0.0,142605.0,35651.0,2.0,97.0,178256.0,12.0,1.0,inf,1470.0
JPN,Japan,RES,W,W+WLI/LWAL/CDH+ERM/H:3/RES,URBAN,1212.0,215235147.0,53808781.0,2158.0,140840.0,269043928.0,16811.0,1267.0,116.0,1528.0
JPN,Japan,COM,W,W/LFM/CDH+ERH/H:1/COM,TOTAL,2461.0,3153773280.0,788443321.0,0.0,2064371.0,3942216615.0,455852.0,0.0,839.0,1528.0
JPN,Japan,IND,W,W/LFM/CDH+ERH/H:1/IND,TOTAL,489.0,1917399607.0,1032445935.0,0.0,1253904.0,2949845539.0,269100.0,0.0,2564.0,1529.0
JPN,Japan,COM,W,W/LFM/CDL+ERM/H:1/COM,TOTAL,722.0,900308976.0,225077235.0,0.0,586485.0,1125386194.0,129507.0,0.0,812.0,1535.0
JPN,Japan,IND,W,W/LFM/CDL+ERM/H:1/IND,TOTAL,248.0,1033051586.0,556258543.0,0.0,673694.0,1589310121.0,144582.0,0.0,2717.0,1533.0
MAC,Macao,COM,CR+,CR/LDUAL/CDH+ERH/H:>29/COM,TOTAL,55.0,6198858469.0,1549714619.0,0.0,3646387.0,7748573081.0,2298121.0,0.0,66298.0,1700.0
MAC,Macao,RES,CR+,CR/LDUAL/CDH+ERH/H:>29/RES,TOTAL,217.0,33398201381.0,5893800244.0,147449.0,22265468.0,39292001624.0,9915316.0,39139.0,102606.0,1500.0
MAC,Macao,COM,CR-,CR/LDUAL/CDL+ERL/H:16-29/COM,TOTAL,92.0,4670447910.0,1167611977.0,0.0,2747322.0,5838059887.0,1722583.0,0.0,29862.0,1700.0
MAC,Macao,RES,CR-,CR/LDUAL/CDL+ERL/H:16-29/RES,TOTAL,278.0,19209208149.0,3389860263.0,111069.0,12806139.0,22599068409.0,5675655.0,27791.0,46065.0,1500.0
MAC,Macao,COM,CR-,CR/LDUAL/CDL+ERL/H:8-15/COM,TOTAL,277.0,5306547197.0,1326636798.0,0.0,3121498.0,6633183991.0,1944545.0,0.0,11269.0,1700.0
MAC,Macao,RES,CR-,CR/LDUAL/CDL+ERL/H:8-15/RES,TOTAL,716.0,18566706796.0,3276477671.0,119854.0,12377805.0,21843184466.0,5452947.0,30085.0,17287.0,1500.0
MAC,Macao,IND,CR-,CR/LFINF/CDL+ERL/H:2-3/IND,TOTAL,217.0,149987092.0,49995697.0,0.0,124989.0,199982786.0,73713.0,0.0,576.0,1200.0
MAC,Macao,RES,CR-,CR/LFINF/CDL+ERL/H:2-3/RES,TOTAL,288.0,259174195.0,45736621.0,5729.0,172783.0,304910820.0,68859.0,1728.0,600.0,1500.0
MAC,Macao,COM,CR-,CR/LFINF/CDL+ERL/H:4-7/COM,TOTAL,288.0,2098015196.0,524503797.0,0.0,1234127.0,2622518994.0,729595.0,0.0,4285.0,1700.0
MAC,Macao,RES,CR-,CR/LFINF/CDL+ERL/H:4-7/RES,TOTAL,359.0,1940469620.0,342435814.0,65961.0,1293646.0,2282905434.0,516787.0,20123.0,3603.0,1500.0
MAC,Macao,RES,CR-,CR/LWAL/CDL+ERL/H:16-29/RES,TOTAL,111.0,7705657039.0,1359821827.0,36723.0,5137105.0,9065478867.0,2481751.0,11148.0,46280.0,1500.0
MAC,Macao,RES,CR-,CR/LWAL/CDL+ERL/H:8-15/RES,TOTAL,290.0,7522656471.0,1327527613.0,40140.0,5015104.0,8850184083.0,2408124.0,12189.0,17293.0,1500.0
MAC,Macao,IND,MR|MCF,MCF/LWAL/CDL+ERL/H:1/IND,TOTAL,174.0,30082490.0,10027497.0,0.0,25069.0,40109982.0,14773.0,0.0,144.0,1200.0
MAC,Macao,RES,MR|MCF,MCF/LWAL/CDL+ERL/H:1/RES,TOTAL,84.0,18858551.0,3327981.0,301.0,12572.0,22186530.0,5007.0,84.0,150.0,1500.0
MAC,Macao,IND,MR|MCF,MCF/LWAL/CDL+ERL/H:2-3/IND,TOTAL,217.0,149987092.0,49995697.0,0.0,124989.0,199982786.0,73713.0,0.0,576.0,1200.0
MAC,Macao,RES,MR|MCF,MCF/LWAL/CDL+ERL/H:2-3/RES,TOTAL,453.0,408097527.0,72017209.0,7595.0,272065.0,480114738.0,108425.0,2721.0,601.0,1500.0
MAC,Macao,COM,MR|MCF,MCF/LWAL/CDL+ERL/H:4-7/COM,TOTAL,217.0,1578435576.0,394608895.0,0.0,928492.0,1973044468.0,548908.0,0.0,4279.0,1700.0
MAC,Macao,RES,MR|MCF,MCF/LWAL/CDL+ERL/H:4-7/RES,TOTAL,566.0,3054487749.0,539027250.0,88802.0,2036325.0,3593514999.0,813472.0,31676.0,3598.0,1500.0
MAC,Macao,RES,MUR,MUR/LWAL/CDN+ERN/H:1/RES,TOTAL,114.0,17032809.0,4258203.0,315.0,17033.0,21291012.0,9500.0,114.0,149.0,1000.0
MAC,Macao,RES,S,SRC/LDUAL/CDM+ERM/H:>29/RES,TOTAL,21.0,3245133191.0,811283297.0,14713.0,2163422.0,4056416489.0,963421.0,3803.0,103020.0,1500.0
PRK,North Korea,IND,CR-,CR+PC/LWAL/CDL+ERL/H:1/IND,TOTAL,1590.0,489210367.0,163070122.0,0.0,1747180.0,652280491.0,1091786.0,0.0,1099.0,280.0
PRK,North Korea,IND,CR-,CR+PC/LWAL/CDL+ERL/H:2/IND,TOTAL,530.0,326046547.0,108682182.0,0.0,1164452.0,434728730.0,728197.0,0.0,2197.0,280.0
PRK,North Korea,RES,CR-,CR/LDUAL/CDL+ERL/H:11-20/RES,URBAN,5609.0,10727386027.0,1893068122.0,1817266.0,42909544.0,12620454150.0,18949052.0,504818.0,7650.0,250.0
PRK,North Korea,RES,CR-,CR/LDUAL/CDL+ERL/H:11-20/RES,RURAL,851.0,1042094593.0,183899046.0,275837.0,6513091.0,1225993638.0,2876211.0,76625.0,7653.0,160.0
PRK,North Korea,RES,CR-,CR/LDUAL/CDL+ERL/H:20-30/RES,URBAN,388.0,1072738711.0,189306831.0,181728.0,4290955.0,1262045543.0,1905161.0,50482.0,11059.0,250.0
PRK,North Korea,RES,CR-,CR/LDUAL/CDL+ERL/H:20-30/RES,RURAL,59.0,104209407.0,18389895.0,27584.0,651309.0,122599302.0,289178.0,7663.0,11039.0,160.0
PRK,North Korea,RES,CR-,CR/LDUAL/CDL+ERL/H:>30/RES,URBAN,38.0,119193160.0,21034087.0,20192.0,476773.0,140227247.0,212444.0,5609.0,12547.0,250.0
PRK,North Korea,RES,CR-,CR/LDUAL/CDL+ERL/H:>30/RES,RURAL,5.0,11578745.0,2043308.0,3064.0,72367.0,13622053.0,32246.0,851.0,14473.0,160.0
PRK,North Korea,COM,CR-,CR/LFINF/CDL+ERL/H:1/COM,TOTAL,13410.0,442601961.0,78106228.0,0.0,1475340.0,520708187.0,869389.0,0.0,110.0,300.0
PRK,North Korea,RES,CR-,CR/LFINF/CDL+ERL/H:1/RES,URBAN,1037043.0,21962958593.0,3875816221.0,4329225.0,87851834.0,25838774813.0,34990432.0,1115926.0,85.0,250.0
PRK,North Korea,RES,CR-,CR/LFINF/CDL+ERL/H:1/RES,RURAL,683072.0,9248383046.0,1632067594.0,2897193.0,57802394.0,10880450642.0,23022066.0,733836.0,85.0,160.0
PRK,North Korea,COM,CR-,CR/LFINF/CDL+ERL/H:2/COM,TOTAL,6709.0,442601966.0,78106230.0,0.0,1475340.0,520708192.0,869951.0,0.0,220.0,300.0
PRK,North Korea,RES,CR-,CR/LFINF/CDL+ERL/H:2/RES,URBAN,46560.0,11639109554.0,2053960508.0,2772224.0,46556438.0,13693070061.0,18554017.0,724194.0,1000.0,250.0
PRK,North Korea,RES,CR-,CR/LFINF/CDL+ERL/H:2/RES,RURAL,30340.0,4817067652.0,850070762.0,1810583.0,30106673.0,5667138411.0,11998334.0,466782.0,992.0,160.0
PRK,North Korea,COM,CR-,CR/LFINF/CDL+ERL/H:3/COM,TOTAL,6858.0,925478600.0,163319753.0,0.0,3084929.0,1088798353.0,1820236.0,0.0,450.0,300.0
PRK,North Korea,RES,CR-,CR/LFINF/CDL+ERL/H:3/RES,URBAN,7760.0,2909774183.0,513489562.0,693058.0,11639097.0,3423263745.0,4641272.0,181049.0,1500.0,250.0
PRK,North Korea,RES,CR-,CR/LFINF/CDL+ERL/H:3/RES,RURAL,5054.0,1204251794.0,212515023.0,452644.0,7526574.0,1416766813.0,3001339.0,116695.0,1489.0,160.0
PRK,North Korea,COM,CR-,CR/LFINF/CDL+ERL/H:4-7/COM,TOTAL,5019.0,1807329965.0,318940584.0,0.0,6024433.0,2126270546.0,3561542.0,0.0,1200.0,300.0
PRK,North Korea,RES,CR-,CR/LFINF/CDL+ERL/H:4-7/RES,URBAN,7763.0,4075052636.0,719126936.0,895877.0,16300211.0,4794179572.0,6511616.0,232861.0,2100.0,250.0
PRK,North Korea,RES,CR-,CR/LFINF/CDL+ERL/H:4-7/RES,RURAL,5248.0,1763659498.0,311234029.0,612055.0,11022872.0,2074893526.0,4403422.0,157470.0,2100.0,160.0
PRK,North Korea,COM,CR-,CR/LFINF/CDL+ERL/H:8-10/COM,TOTAL,373.0,313555267.0,55333282.0,0.0,1045184.0,368888549.0,619088.0,0.0,2802.0,300.0
PRK,North Korea,RES,CR-,CR/LFINF/CDL+ERL/H:8-10/RES,URBAN,3639.0,2037524147.0,359563085.0,447933.0,8150097.0,2397087235.0,3261630.0,116429.0,2240.0,250.0
PRK,North Korea,RES,CR-,CR/LFINF/CDL+ERL/H:8-10/RES,RURAL,2461.0,881831087.0,155617251.0,306030.0,5511444.0,1037448339.0,2205654.0,78736.0,2240.0,160.0
PRK,North Korea,IND,CR-,CR/LWAL/CDL+ERL/H:1/IND,TOTAL,793.0,244604883.0,81534962.0,0.0,873589.0,326139841.0,545892.0,0.0,1102.0,280.0
PRK,North Korea,IND,CR-,CR/LWAL/CDL+ERL/H:2/IND,TOTAL,264.0,162997278.0,54332424.0,0.0,582133.0,217329705.0,364040.0,0.0,2205.0,280.0
PRK,North Korea,COM,MUR,MUR+CB/LWAL/CDN+ERN/H:1/COM,TOTAL,15022.0,297484140.0,52497200.0,0.0,1652690.0,349981342.0,1108772.0,0.0,110.0,180.0
PRK,North Korea,IND,MUR,MUR+CB/LWAL/CDN+ERN/H:1/IND,TOTAL,749.0,140350123.0,46783376.0,0.0,825589.0,187133499.0,515126.0,0.0,1102.0,170.0
PRK,North Korea,RES,MUR,MUR+CB/LWAL/CDN+ERN/H:1/RES,URBAN,80934.0,1165448584.0,205667396.0,314720.0,6474714.0,1371115980.0,3268408.0,80934.0,80.0,180.0
PRK,North Korea,RES,MUR,MUR+CB/LWAL/CDN+ERN/H:1/RES,RURAL,62492.0,799896992.0,141158292.0,247352.0,4999356.0,941055282.0,2523654.0,62492.0,80.0,160.0
PRK,North Korea,COM,MUR,MUR+CB/LWAL/CDN+ERN/H:2/COM,TOTAL,5007.0,198321722.0,34997952.0,0.0,1101787.0,233319673.0,739677.0,0.0,220.0,180.0
PRK,North Korea,IND,MUR,MUR+CB/LWAL/CDN+ERN/H:2/IND,TOTAL,249.0,93566417.0,31188805.0,0.0,550391.0,124755220.0,343670.0,0.0,2210.0,170.0
PRK,North Korea,RES,MUR,MUR+CB/LWAL/CDN+ERN/H:2/RES,RURAL,41662.0,533264705.0,94105538.0,164905.0,3332904.0,627370240.0,1683505.0,41662.0,80.0,160.0
PRK,North Korea,RES,MUR,MUR+CB/LWAL/CDN+ERN/H:2/RES,URBAN,53959.0,776965988.0,137111643.0,209825.0,4316478.0,914077637.0,2180324.0,53959.0,80.0,180.0
PRK,North Korea,COM,MUR,MUR+CLBRS/LWAL/CDN+ERN/H:1/COM,TOTAL,7515.0,148741811.0,26248555.0,0.0,826343.0,174990364.0,609993.0,0.0,110.0,180.0
PRK,North Korea,RES,MUR,MUR+CLBRS/LWAL/CDN+ERN/H:1/RES,URBAN,68844.0,3647540537.0,643683625.0,1240654.0,20264114.0,4291224163.0,11089827.0,324246.0,294.0,180.0
PRK,North Korea,RES,MUR,MUR+CLBRS/LWAL/CDN+ERN/H:1/RES,RURAL,48914.0,2096285993.0,369932821.0,808591.0,13101787.0,2466218816.0,7170141.0,207947.0,268.0,160.0
PRK,North Korea,COM,MUR,MUR+CLBRS/LWAL/CDN+ERN/H:2/COM,TOTAL,3756.0,148741955.0,26248578.0,0.0,826344.0,174990536.0,610286.0,0.0,220.0,180.0
PRK,North Korea,RES,MUR,MUR+CLBRS/LWAL/CDN+ERN/H:2/RES,URBAN,54656.0,3647540193.0,643683564.0,1240654.0,20264112.0,4291223762.0,11094834.0,324246.0,371.0,180.0
PRK,North Korea,RES,MUR,MUR+CLBRS/LWAL/CDN+ERN/H:2/RES,RURAL,40081.0,2096286286.0,369932875.0,808591.0,13101789.0,2466219162.0,7173380.0,207947.0,327.0,160.0
PRK,North Korea,COM,MUR,MUR+CLBRS/LWAL/CDN+ERN/H:3/COM,TOTAL,2504.0,202830005.0,35793531.0,0.0,1126833.0,238623534.0,832608.0,0.0,450.0,180.0
PRK,North Korea,RES,MUR,MUR+CLBRS/LWAL/CDN+ERN/H:3/RES,RURAL,37135.0,2096286166.0,369932856.0,808591.0,13101789.0,2466219022.0,7176617.0,207947.0,353.0,160.0
PRK,North Korea,RES,MUR,MUR+CLBRS/LWAL/CDN+ERN/H:3/RES,URBAN,49925.0,3647540033.0,643683534.0,1240654.0,20264111.0,4291223564.0,11099841.0,324246.0,406.0,180.0
PRK,North Korea,COM,MUR,MUR+CLBRS/LWAL/CDN+ERN/H:4/COM,TOTAL,502.0,81127290.0,14316579.0,0.0,450707.0,95443871.0,333184.0,0.0,898.0,180.0
PRK,North Korea,RES,MUR,MUR+CLBRS/LWAL/CDN+ERN/H:4/RES,RURAL,11887.0,698748280.0,123308519.0,269521.0,4367177.0,822056801.0,2393238.0,69313.0,367.0,160.0
PRK,North Korea,RES,MUR,MUR+CLBRS/LWAL/CDN+ERN/H:4/RES,URBAN,15854.0,1215829192.0,214558092.0,413545.0,6754607.0,1430387283.0,3701563.0,108080.0,426.0,180.0
PRK,North Korea,IND,S,S+SL/LFM/CDL+ERL/H:1/IND,TOTAL,3970.0,1223025675.0,407675224.0,0.0,4367949.0,1630700901.0,1694518.0,0.0,1100.0,280.0
PRK,North Korea,IND,S,S+SL/LFM/CDL+ERL/H:2/IND,TOTAL,1324.0,815350835.0,271783612.0,0.0,2911967.0,1087134450.0,1130339.0,0.0,2199.0,280.0
PRK,North Korea,IND,S,S+SR/LFM/CDL+ERL/H:1/IND,TOTAL,793.0,244604880.0,81534960.0,0.0,873589.0,326139843.0,338903.0,0.0,1102.0,280.0
PRK,North Korea,IND,S,S+SR/LFM/CDL+ERL/H:2/IND,TOTAL,264.0,162997277.0,54332425.0,0.0,582133.0,217329705.0,225967.0,0.0,2205.0,280.0
PRK,North Korea,RES,W,W+WLI/LFM/CDL+ERL/H:1/RES,RURAL,77929.0,748114511.0,187028627.0,308754.0,6234288.0,935143138.0,769903.0,77929.0,80.0,120.0
PRK,North Korea,RES,W,W+WLI/LFM/CDL+ERL/H:1/RES,URBAN,50248.0,763726038.0,190931508.0,195608.0,4019611.0,954657545.0,496401.0,50248.0,80.0,190.0
PRK,North Korea,RES,W,W+WLI/LFM/CDL+ERL/H:2/RES,RURAL,77929.0,748114511.0,187028628.0,308754.0,6234288.0,935143138.0,770339.0,77929.0,80.0,120.0
PRK,North Korea,RES,W,W+WLI/LFM/CDL+ERL/H:2/RES,URBAN,50248.0,763726036.0,190931508.0,195608.0,4019611.0,954657544.0,496683.0,50248.0,80.0,190.0
PRK,North Korea,RES,W,W+WLI/LFM/CDL+ERL/H:3/RES,RURAL,38965.0,374056426.0,93514108.0,154379.0,3117137.0,467570531.0,385387.0,38965.0,80.0,120.0
PRK,North Korea,RES,W,W+WLI/LFM/CDL+ERL/H:3/RES,URBAN,25123.0,381863007.0,95465750.0,97800.0,2009805.0,477328759.0,248482.0,25123.0,80.0,190.0
KOR,South Korea,IND,CR-,CR+PC/LWAL/CDL+ERL/H:1/IND,TOTAL,25158.0,12315584489.0,4105194831.0,0.0,13837735.0,16420779318.0,8646990.0,0.0,550.0,890.0
KOR,South Korea,IND,CR-,CR+PC/LWAL/CDL+ERL/H:2/IND,TOTAL,8386.0,8210389329.0,2736796442.0,0.0,9225157.0,10947185770.0,5769004.0,0.0,1100.0,890.0
KOR,South Korea,IND,CR-,CR+PC/LWAL/CDL+ERM/H:1/IND,TOTAL,51389.0,25155217459.0,8385072486.0,0.0,28264289.0,33540289944.0,17661924.0,0.0,550.0,890.0
KOR,South Korea,IND,CR-,CR+PC/LWAL/CDL+ERM/H:2/IND,TOTAL,17131.0,16770139901.0,5590046633.0,0.0,18842854.0,22360186536.0,11783485.0,0.0,1100.0,890.0
KOR,South Korea,IND,CR-,CR+PC/LWAL/CDM+ERL/H:1/IND,TOTAL,32081.0,15703889080.0,5234629692.0,0.0,17644819.0,20938518776.0,11025979.0,0.0,550.0,890.0
KOR,South Korea,IND,CR-,CR+PC/LWAL/CDM+ERL/H:2/IND,TOTAL,10691.0,10469263795.0,3489754599.0,0.0,11763218.0,13959018395.0,7356194.0,0.0,1100.0,890.0
KOR,South Korea,IND,CR+,CR+PC/LWAL/CDM+ERM/H:1/IND,TOTAL,21056.0,10307699849.0,3435899949.0,0.0,11581685.0,13743599803.0,7237219.0,0.0,550.0,890.0
KOR,South Korea,IND,CR+,CR+PC/LWAL/CDM+ERM/H:2/IND,TOTAL,7018.0,6871798861.0,2290599620.0,0.0,7721122.0,9162398483.0,4828447.0,0.0,1100.0,890.0
KOR,South Korea,COM,CR-,CR/LDUAL/CDL+ERL/H:11-20/COM,TOTAL,1081.0,7990948171.0,1997737041.0,0.0,5399289.0,9988685223.0,3372252.0,0.0,4995.0,1480.0
KOR,South Korea,RES,CR-,CR/LDUAL/CDL+ERL/H:11-20/RES,URBAN,311.0,3080228821.0,543569793.0,56773.0,2369407.0,3623798611.0,1046341.0,27876.0,7619.0,1300.0
KOR,South Korea,COM,CR-,CR/LDUAL/CDL+ERL/H:20-30/COM,TOTAL,54.0,546449252.0,136612311.0,0.0,369222.0,683061566.0,231953.0,0.0,6837.0,1480.0
KOR,South Korea,RES,CR-,CR/LDUAL/CDL+ERL/H:20-30/RES,URBAN,21.0,301720169.0,53244736.0,5549.0,232092.0,354964908.0,103048.0,2730.0,11052.0,1300.0
KOR,South Korea,COM,CR-,CR/LDUAL/CDL+ERL/H:>30/COM,TOTAL,1.0,9592957.0,2398239.0,0.0,6482.0,11991196.0,4088.0,0.0,6482.0,1480.0
KOR,South Korea,RES,CR-,CR/LDUAL/CDL+ERL/H:>30/RES,URBAN,1.0,13058200.0,2304388.0,267.0,10045.0,15362589.0,4476.0,119.0,10045.0,1300.0
KOR,South Korea,COM,CR-,CR/LDUAL/CDL+ERM/H:11-20/COM,TOTAL,2206.0,16326941659.0,4081735413.0,0.0,11031717.0,20408677076.0,6890115.0,0.0,5001.0,1480.0
KOR,South Korea,RES,CR-,CR/LDUAL/CDL+ERM/H:11-20/RES,URBAN,1430.0,14213983740.0,2508350073.0,261984.0,10933834.0,16722333810.0,4828431.0,128635.0,7646.0,1300.0
KOR,South Korea,COM,CR-,CR/LDUAL/CDL+ERM/H:20-30/COM,TOTAL,122.0,1342352762.0,335588192.0,0.0,906995.0,1677940952.0,569793.0,0.0,7434.0,1480.0
KOR,South Korea,RES,CR-,CR/LDUAL/CDL+ERM/H:20-30/RES,URBAN,100.0,1421397827.0,250834911.0,26198.0,1093383.0,1672232738.0,485456.0,12864.0,10934.0,1300.0
KOR,South Korea,COM,CR-,CR/LDUAL/CDL+ERM/H:>30/COM,TOTAL,2.0,28085278.0,7021320.0,0.0,18977.0,35106597.0,11968.0,0.0,9488.0,1480.0
KOR,South Korea,RES,CR-,CR/LDUAL/CDL+ERM/H:>30/RES,URBAN,10.0,154702155.0,27300381.0,2848.0,119002.0,182002535.0,53026.0,1401.0,11900.0,1300.0
KOR,South Korea,COM,CR-,CR/LDUAL/CDM+ERL/H:11-20/COM,TOTAL,1378.0,10189457477.0,2547364371.0,0.0,6884769.0,12736821851.0,4300042.0,0.0,4996.0,1480.0
KOR,South Korea,RES,CR-,CR/LDUAL/CDM+ERL/H:11-20/RES,URBAN,898.0,8928020625.0,1575533051.0,164554.0,6867708.0,10503553679.0,3032811.0,80796.0,7648.0,1300.0
KOR,South Korea,COM,CR-,CR/LDUAL/CDM+ERL/H:20-30/COM,TOTAL,72.0,745868298.0,186467073.0,0.0,503965.0,932335372.0,316601.0,0.0,7000.0,1480.0
KOR,South Korea,RES,CR-,CR/LDUAL/CDM+ERL/H:20-30/RES,URBAN,62.0,892801930.0,157553283.0,16455.0,686771.0,1050355212.0,304923.0,8079.0,11077.0,1300.0
KOR,South Korea,COM,CR-,CR/LDUAL/CDM+ERL/H:>30/COM,TOTAL,1.0,12230941.0,3057735.0,0.0,8264.0,15288676.0,5212.0,0.0,8264.0,1480.0
KOR,South Korea,RES,CR-,CR/LDUAL/CDM+ERL/H:>30/RES,URBAN,5.0,76596055.0,13516951.0,1474.0,58920.0,90113006.0,26254.0,693.0,11784.0,1300.0
KOR,South Korea,COM,CR+,CR/LDUAL/CDM+ERM/H:11-20/COM,TOTAL,901.0,6680020606.0,1670005149.0,0.0,4513527.0,8350025758.0,2819029.0,0.0,5009.0,1480.0
KOR,South Korea,RES,CR+,CR/LDUAL/CDM+ERM/H:11-20/RES,URBAN,590.0,5863471475.0,1034730259.0,108072.0,4510363.0,6898201734.0,1991797.0,53064.0,7645.0,1300.0
KOR,South Korea,COM,CR+,CR/LDUAL/CDM+ERM/H:20-30/COM,TOTAL,44.0,423186825.0,105796707.0,0.0,285937.0,528983534.0,179631.0,0.0,6499.0,1480.0
KOR,South Korea,RES,CR+,CR/LDUAL/CDM+ERM/H:20-30/RES,URBAN,41.0,586346460.0,103472905.0,10807.0,451036.0,689819364.0,200258.0,5306.0,11001.0,1300.0
KOR,South Korea,RES,CR+,CR/LDUAL/CDM+ERM/H:>30/RES,URBAN,3.0,34857150.0,6151262.0,676.0,26813.0,41008413.0,11948.0,315.0,8938.0,1300.0
KOR,South Korea,COM,CR-,CR/LFINF/CDL+ERL/H:1/COM,TOTAL,46562.0,7579817494.0,1894954380.0,0.0,5121498.0,9474771870.0,3018000.0,0.0,110.0,1480.0
KOR,South Korea,IND,CR-,CR/LFINF/CDL+ERL/H:1/IND,TOTAL,10830.0,5300903259.0,1766967754.0,0.0,5956071.0,7067871014.0,3509993.0,0.0,550.0,890.0
KOR,South Korea,RES,CR-,CR/LFINF/CDL+ERL/H:1/RES,SEMI-URBAN,103196.0,14200592092.0,2505986837.0,348491.0,11833827.0,16706578930.0,4713285.0,137457.0,115.0,1200.0
KOR,South Korea,RES,CR-,CR/LFINF/CDL+ERL/H:1/RES,URBAN,41731.0,7632216648.0,1346861761.0,151297.0,5870936.0,8979078412.0,2338330.0,73000.0,141.0,1300.0
KOR,South Korea,COM,CR-,CR/LFINF/CDL+ERL/H:2/COM,TOTAL,67497.0,21976719218.0,5494179814.0,0.0,14849135.0,27470899033.0,8755957.0,0.0,220.0,1480.0
KOR,South Korea,IND,CR-,CR/LFINF/CDL+ERL/H:2/IND,TOTAL,3608.0,3533933367.0,1177977791.0,0.0,3970712.0,4711911160.0,2341751.0,0.0,1101.0,890.0
KOR,South Korea,RES,CR-,CR/LFINF/CDL+ERL/H:2/RES,URBAN,106176.0,20843173051.0,3678207008.0,416039.0,16033210.0,24521380061.0,6389674.0,200416.0,151.0,1300.0
KOR,South Korea,RES,CR-,CR/LFINF/CDL+ERL/H:2/RES,SEMI-URBAN,288234.0,39881374009.0,7037889532.0,977759.0,33234478.0,46919263540.0,13244851.0,385697.0,115.0,1200.0
KOR,South Korea,COM,CR-,CR/LFINF/CDL+ERL/H:3/COM,TOTAL,17083.0,11375782673.0,2843945670.0,0.0,7686340.0,14219728336.0,4535260.0,0.0,450.0,1480.0
KOR,South Korea,RES,CR-,CR/LFINF/CDL+ERL/H:3/RES,URBAN,35002.0,9685702989.0,1709241706.0,189144.0,7450541.0,11394944692.0,2971020.0,91584.0,213.0,1300.0
KOR,South Korea,RES,CR-,CR/LFINF/CDL+ERL/H:3/RES,SEMI-URBAN,96174.0,16920999355.0,2986058707.0,416193.0,14100833.0,19907058062.0,5622928.0,164127.0,147.0,1200.0
KOR,South Korea,COM,CR-,CR/LFINF/CDL+ERL/H:4-7/COM,TOTAL,13651.0,24258855703.0,6064713922.0,0.0,16391119.0,30323569626.0,9690149.0,0.0,1201.0,1480.0
KOR,South Korea,RES,CR-,CR/LFINF/CDL+ERL/H:4-7/RES,URBAN,10163.0,35935990021.0,6341645299.0,662344.0,27643069.0,42277635318.0,11042866.0,325212.0,2720.0,1300.0
KOR,South Korea,RES,CR-,CR/LFINF/CDL+ERL/H:4-7/RES,SEMI-URBAN,14587.0,47607089384.0,8401251068.0,1184825.0,39672574.0,56008340450.0,15848419.0,466736.0,2720.0,1200.0
KOR,South Korea,COM,CR-,CR/LFINF/CDL+ERL/H:8-10/COM,TOTAL,2932.0,12129426296.0,3032356574.0,0.0,8195558.0,15161782872.0,4854428.0,0.0,2795.0,1480.0
KOR,South Korea,RES,CR-,CR/LFINF/CDL+ERL/H:8-10/RES,URBAN,1857.0,10267424938.0,1811898520.0,189242.0,7898019.0,12079323459.0,3160750.0,92918.0,4253.0,1300.0
KOR,South Korea,RES,CR-,CR/LFINF/CDL+ERL/H:8-10/RES,SEMI-URBAN,2667.0,13602025010.0,2400357356.0,338524.0,11335021.0,16002382365.0,4536222.0,133354.0,4250.0,1200.0
KOR,South Korea,COM,CR-,CR/LFINF/CDL+ERM/H:1/COM,TOTAL,95097.0,15482160364.0,3870540090.0,0.0,10460919.0,19352700454.0,6164418.0,0.0,110.0,1480.0
KOR,South Korea,IND,CR-,CR/LFINF/CDL+ERM/H:1/IND,TOTAL,22120.0,10827367242.0,3609122414.0,0.0,12165581.0,14436489653.0,7169342.0,0.0,550.0,890.0
KOR,South Korea,RES,CR-,CR/LFINF/CDL+ERM/H:1/RES,SEMI-URBAN,85547.0,15117865520.0,2667858623.0,389967.0,12598221.0,17785724144.0,5017735.0,153446.0,147.0,1200.0
KOR,South Korea,RES,CR-,CR/LFINF/CDL+ERM/H:1/RES,URBAN,63440.0,11785871052.0,2079859598.0,248049.0,9066055.0,13865730651.0,3610911.0,118630.0,143.0,1300.0
KOR,South Korea,COM,CR-,CR/LFINF/CDL+ERM/H:2/COM,TOTAL,137864.0,44889205627.0,11222301406.0,0.0,30330544.0,56111507038.0,17884742.0,0.0,220.0,1480.0
KOR,South Korea,IND,CR-,CR/LFINF/CDL+ERM/H:2/IND,TOTAL,7374.0,7218248281.0,2406082761.0,0.0,8110391.0,9624331043.0,4783152.0,0.0,1100.0,890.0
KOR,South Korea,RES,CR-,CR/LFINF/CDL+ERM/H:2/RES,URBAN,164437.0,25881631717.0,4567346774.0,569489.0,19908947.0,30448978495.0,7934261.0,270133.0,121.0,1300.0
KOR,South Korea,RES,CR-,CR/LFINF/CDL+ERM/H:2/RES,SEMI-URBAN,222632.0,32800049298.0,5788243995.0,857484.0,27333374.0,38588293290.0,10893099.0,337266.0,123.0,1200.0
KOR,South Korea,COM,CR-,CR/LFINF/CDL+ERM/H:3/COM,TOTAL,34884.0,23235620471.0,5808905119.0,0.0,15699744.0,29044525593.0,9263501.0,0.0,450.0,1480.0
KOR,South Korea,RES,CR-,CR/LFINF/CDL+ERM/H:3/RES,SEMI-URBAN,81830.0,27671419127.0,4883191612.0,702399.0,23059516.0,32554610739.0,9195343.0,276522.0,282.0,1200.0
KOR,South Korea,RES,CR-,CR/LFINF/CDL+ERM/H:3/RES,URBAN,59879.0,21261860679.0,3752093063.0,422704.0,16355277.0,25013953739.0,6521923.0,204386.0,273.0,1300.0
KOR,South Korea,COM,CR-,CR/LFINF/CDL+ERM/H:4-7/COM,TOTAL,27898.0,49549953331.0,12387488337.0,0.0,33479698.0,61937441665.0,19792624.0,0.0,1200.0,1480.0
KOR,South Korea,RES,CR-,CR/LFINF/CDL+ERM/H:4-7/RES,SEMI-URBAN,67306.0,219687146350.0,38768319944.0,5467477.0,183072622.0,258455466293.0,73133936.0,2153796.0,2720.0,1200.0
KOR,South Korea,RES,CR-,CR/LFINF/CDL+ERM/H:4-7/RES,URBAN,46900.0,165829821204.0,29264086094.0,3056448.0,127561401.0,195093907298.0,50958288.0,1500722.0,2720.0,1300.0
KOR,South Korea,COM,CR-,CR/LFINF/CDL+ERM/H:8-10/COM,TOTAL,5981.0,24774974948.0,6193743736.0,0.0,16739848.0,30968718684.0,9915417.0,0.0,2799.0,1480.0
KOR,South Korea,RES,CR-,CR/LFINF/CDL+ERM/H:8-10/RES,SEMI-URBAN,12307.0,62767756657.0,11076662941.0,1562133.0,52306464.0,73844419598.0,20932799.0,615369.0,4250.0,1200.0
KOR,South Korea,RES,CR-,CR/LFINF/CDL+ERM/H:8-10/RES,URBAN,8574.0,47379947972.0,8361167291.0,873270.0,36446114.0,55741115260.0,14585562.0,428777.0,4251.0,1300.0
KOR,South Korea,COM,CR-,CR/LFINF/CDM+ERL/H:1/COM,TOTAL,59372.0,9665193079.0,2416298265.0,0.0,6530536.0,12081491351.0,3848319.0,0.0,110.0,1480.0
KOR,South Korea,IND,CR-,CR/LFINF/CDM+ERL/H:1/IND,TOTAL,13809.0,6759307222.0,2253102407.0,0.0,7594727.0,9012409628.0,4475676.0,0.0,550.0,890.0
KOR,South Korea,RES,CR-,CR/LFINF/CDM+ERL/H:1/RES,SEMI-URBAN,49853.0,8849616436.0,1561697017.0,232690.0,7374680.0,10411313455.0,2937255.0,91484.0,148.0,1200.0
KOR,South Korea,RES,CR-,CR/LFINF/CDM+ERL/H:1/RES,URBAN,43798.0,7592080382.0,1339778891.0,163658.0,5840062.0,8931859270.0,2326033.0,77960.0,133.0,1300.0
KOR,South Korea,COM,CR-,CR/LFINF/CDM+ERL/H:2/COM,TOTAL,86072.0,28023024587.0,7005756142.0,0.0,18934476.0,35028780727.0,11164924.0,0.0,220.0,1480.0
KOR,South Korea,IND,CR-,CR/LFINF/CDM+ERL/H:2/IND,TOTAL,4603.0,4506203550.0,1502067851.0,0.0,5063150.0,6008271404.0,2986023.0,0.0,1100.0,890.0
KOR,South Korea,RES,CR-,CR/LFINF/CDM+ERL/H:2/RES,SEMI-URBAN,129524.0,18663767209.0,3293605979.0,501811.0,15553139.0,21957373187.0,6198352.0,197139.0,120.0,1200.0
KOR,South Korea,RES,CR-,CR/LFINF/CDM+ERL/H:2/RES,URBAN,116404.0,16824226459.0,2968981140.0,381271.0,12941713.0,19793207601.0,5157627.0,180015.0,111.0,1300.0
KOR,South Korea,COM,CR-,CR/LFINF/CDM+ERL/H:3/COM,TOTAL,21786.0,14505520318.0,3626380080.0,0.0,9801027.0,18131900398.0,5783013.0,0.0,450.0,1480.0
KOR,South Korea,RES,CR-,CR/LFINF/CDM+ERL/H:3/RES,URBAN,42124.0,13544095043.0,2390134418.0,273363.0,10418535.0,15934229462.0,4154554.0,131825.0,247.0,1300.0
KOR,South Korea,RES,CR-,CR/LFINF/CDM+ERL/H:3/RES,SEMI-URBAN,48106.0,16734696002.0,2953181645.0,428929.0,13945580.0,19687877649.0,5561019.0,168788.0,290.0,1200.0
KOR,South Korea,COM,CR-,CR/LFINF/CDM+ERL/H:4-7/COM,TOTAL,17417.0,30933037508.0,7733259379.0,0.0,20900701.0,38666296896.0,12356136.0,0.0,1200.0,1480.0
KOR,South Korea,RES,CR-,CR/LFINF/CDM+ERL/H:4-7/RES,SEMI-URBAN,42276.0,137988860717.0,24350975421.0,3434204.0,114990717.0,162339836136.0,45936545.0,1352831.0,2720.0,1200.0
KOR,South Korea,RES,CR-,CR/LFINF/CDM+ERL/H:4-7/RES,URBAN,29457.0,104160248781.0,18381220374.0,1919801.0,80123268.0,122541469153.0,32007681.0,942626.0,2720.0,1300.0
KOR,South Korea,COM,CR-,CR/LFINF/CDM+ERL/H:8-10/COM,TOTAL,3733.0,15466515530.0,3866628887.0,0.0,10450348.0,19333144413.0,6189994.0,0.0,2799.0,1480.0
KOR,South Korea,RES,CR-,CR/LFINF/CDM+ERL/H:8-10/RES,SEMI-URBAN,7732.0,39425386445.0,6957421137.0,981203.0,32854489.0,46382807582.0,13148211.0,386524.0,4249.0,1200.0
KOR,South Korea,RES,CR-,CR/LFINF/CDM+ERL/H:8-10/RES,URBAN,5386.0,29760072043.0,5251777420.0,548516.0,22892363.0,35011849464.0,9161415.0,269322.0,4250.0,1300.0
KOR,South Korea,COM,CR+,CR/LFINF/CDM+ERM/H:1/COM,TOTAL,38957.0,6343875742.0,1585968929.0,0.0,4286403.0,7929844659.0,2525894.0,0.0,110.0,1480.0
KOR,South Korea,IND,CR+,CR/LFINF/CDM+ERM/H:1/IND,TOTAL,9063.0,4436662047.0,1478887348.0,0.0,4985014.0,5915549397.0,2937736.0,0.0,550.0,890.0
KOR,South Korea,RES,CR+,CR/LFINF/CDM+ERM/H:1/RES,URBAN,28763.0,4986093802.0,879898906.0,107481.0,3835457.0,5865992708.0,1527621.0,51199.0,133.0,1300.0
KOR,South Korea,RES,CR+,CR/LFINF/CDM+ERM/H:1/RES,SEMI-URBAN,32736.0,5811976367.0,1025642888.0,152814.0,4843314.0,6837619257.0,1929039.0,60080.0,148.0,1200.0
KOR,South Korea,COM,CR+,CR/LFINF/CDM+ERM/H:2/COM,TOTAL,56497.0,18393719248.0,4598429807.0,0.0,12428189.0,22992149048.0,7328420.0,0.0,220.0,1480.0
KOR,South Korea,IND,CR+,CR/LFINF/CDM+ERM/H:2/IND,TOTAL,3022.0,2957775707.0,985925237.0,0.0,3323343.0,3943700942.0,1959962.0,0.0,1100.0,890.0
KOR,South Korea,RES,CR+,CR/LFINF/CDM+ERM/H:2/RES,URBAN,76450.0,11049298684.0,1949876238.0,250403.0,8499461.0,12999174922.0,3387268.0,118226.0,111.0,1300.0
KOR,South Korea,RES,CR+,CR/LFINF/CDM+ERM/H:2/RES,SEMI-URBAN,85066.0,12257412232.0,2163072746.0,329566.0,10214510.0,14420484979.0,4070762.0,129472.0,120.0,1200.0
KOR,South Korea,COM,CR+,CR/LFINF/CDM+ERM/H:3/COM,TOTAL,14281.0,9520461942.0,2380115490.0,0.0,6432745.0,11900577428.0,3795587.0,0.0,450.0,1480.0
KOR,South Korea,RES,CR+,CR/LFINF/CDM+ERM/H:3/RES,URBAN,27662.0,8895073897.0,1569718922.0,179530.0,6842365.0,10464792818.0,2728500.0,86575.0,247.0,1300.0
KOR,South Korea,RES,CR+,CR/LFINF/CDM+ERM/H:3/RES,SEMI-URBAN,31589.0,10990496957.0,1939499463.0,281692.0,9158747.0,12929996421.0,3652194.0,110848.0,290.0,1200.0
KOR,South Korea,COM,CR+,CR/LFINF/CDM+ERM/H:4-7/COM,TOTAL,11434.0,20303780137.0,5075945033.0,0.0,13718770.0,25379725178.0,8110302.0,0.0,1200.0,1480.0
KOR,South Korea,RES,CR+,CR/LFINF/CDM+ERM/H:4-7/RES,SEMI-URBAN,27765.0,90624082576.0,15992485161.0,2255414.0,75520069.0,106616567737.0,30168792.0,888472.0,2720.0,1200.0
KOR,South Korea,RES,CR+,CR/LFINF/CDM+ERM/H:4-7/RES,URBAN,19345.0,68407164640.0,12071852584.0,1260829.0,52620896.0,80479017224.0,21021020.0,619070.0,2720.0,1300.0
KOR,South Korea,COM,CR+,CR/LFINF/CDM+ERM/H:8-10/COM,TOTAL,2449.0,10151884105.0,2537971031.0,0.0,6859381.0,12689855132.0,4062978.0,0.0,2801.0,1480.0
KOR,South Korea,RES,CR+,CR/LFINF/CDM+ERM/H:8-10/RES,SEMI-URBAN,5077.0,25892592843.0,4569281090.0,644405.0,21577161.0,30461873934.0,8635077.0,253850.0,4250.0,1200.0
KOR,South Korea,RES,CR+,CR/LFINF/CDM+ERM/H:8-10/RES,URBAN,3539.0,19544905708.0,3449101007.0,360240.0,15034543.0,22994006716.0,6016753.0,176878.0,4248.0,1300.0
KOR,South Korea,IND,CR-,CR/LWAL/CDL+ERL/H:1/IND,TOTAL,1751.0,856887828.0,285629274.0,0.0,962795.0,1142517103.0,601636.0,0.0,550.0,890.0
KOR,South Korea,COM,CR-,CR/LWAL/CDL+ERL/H:11-20/COM,TOTAL,1081.0,7990948171.0,1997737041.0,0.0,5399289.0,9988685223.0,3531994.0,0.0,4995.0,1480.0
KOR,South Korea,RES,CR-,CR/LWAL/CDL+ERL/H:11-20/RES,URBAN,619.0,6160454961.0,1087139111.0,113542.0,4738812.0,7247594071.0,2281007.0,55749.0,7656.0,1300.0
KOR,South Korea,IND,CR-,CR/LWAL/CDL+ERL/H:2/IND,TOTAL,584.0,571261776.0,190420592.0,0.0,641867.0,761682369.0,401395.0,0.0,1099.0,890.0
KOR,South Korea,COM,CR-,CR/LWAL/CDL+ERL/H:20-30/COM,TOTAL,54.0,546449252.0,136612311.0,0.0,369222.0,683061566.0,242959.0,0.0,6837.0,1480.0
KOR,South Korea,RES,CR-,CR/LWAL/CDL+ERL/H:20-30/RES,URBAN,42.0,616044456.0,108713729.0,11353.0,473880.0,724758181.0,229349.0,5575.0,11283.0,1300.0
KOR,South Korea,COM,CR-,CR/LWAL/CDL+ERL/H:>30/COM,TOTAL,1.0,9592957.0,2398239.0,0.0,6482.0,11991196.0,4282.0,0.0,6482.0,1480.0
KOR,South Korea,RES,CR-,CR/LWAL/CDL+ERL/H:>30/RES,URBAN,4.0,44842832.0,7913441.0,861.0,34494.0,52756273.0,16755.0,406.0,8624.0,1300.0
KOR,South Korea,IND,CR-,CR/LWAL/CDL+ERM/H:1/IND,TOTAL,3576.0,1750240560.0,583413520.0,0.0,1966562.0,2333654079.0,1228875.0,0.0,550.0,890.0
KOR,South Korea,COM,CR-,CR/LWAL/CDL+ERM/H:11-20/COM,TOTAL,2206.0,16326941659.0,4081735413.0,0.0,11031717.0,20408677076.0,7216498.0,0.0,5001.0,1480.0
KOR,South Korea,RES,CR-,CR/LWAL/CDL+ERM/H:11-20/RES,URBAN,2858.0,28427970107.0,5016700607.0,523961.0,21867669.0,33444670715.0,10525911.0,257266.0,7651.0,1300.0
KOR,South Korea,IND,CR-,CR/LWAL/CDL+ERM/H:2/IND,TOTAL,1191.0,1166827388.0,388942463.0,0.0,1311042.0,1555769852.0,819868.0,0.0,1101.0,890.0
KOR,South Korea,COM,CR-,CR/LWAL/CDL+ERM/H:20-30/COM,TOTAL,122.0,1342352762.0,335588192.0,0.0,906995.0,1677940952.0,596829.0,0.0,7434.0,1480.0
KOR,South Korea,RES,CR-,CR/LWAL/CDL+ERM/H:20-30/RES,URBAN,198.0,2842798344.0,501670296.0,52396.0,2186768.0,3344468640.0,1058356.0,25726.0,11044.0,1300.0
KOR,South Korea,COM,CR-,CR/LWAL/CDL+ERM/H:>30/COM,TOTAL,2.0,28085278.0,7021320.0,0.0,18977.0,35106597.0,12536.0,0.0,9488.0,1480.0
KOR,South Korea,RES,CR-,CR/LWAL/CDL+ERM/H:>30/RES,URBAN,18.0,309404319.0,54600761.0,5690.0,238003.0,364005081.0,115608.0,2800.0,13222.0,1300.0
KOR,South Korea,IND,CR-,CR/LWAL/CDM+ERL/H:1/IND,TOTAL,2232.0,1092637673.0,364212558.0,0.0,1227683.0,1456850230.0,767160.0,0.0,550.0,890.0
KOR,South Korea,COM,CR-,CR/LWAL/CDM+ERL/H:11-20/COM,TOTAL,1378.0,10189457477.0,2547364371.0,0.0,6884769.0,12736821851.0,4503734.0,0.0,4996.0,1480.0
KOR,South Korea,RES,CR-,CR/LWAL/CDM+ERL/H:11-20/RES,URBAN,1796.0,17856044024.0,3151066593.0,329106.0,13735418.0,21007110618.0,6611486.0,161592.0,7648.0,1300.0
KOR,South Korea,IND,CR-,CR/LWAL/CDM+ERL/H:2/IND,TOTAL,745.0,728424540.0,242808181.0,0.0,818455.0,971232722.0,511825.0,0.0,1099.0,890.0
KOR,South Korea,COM,CR-,CR/LWAL/CDM+ERL/H:20-30/COM,TOTAL,72.0,745868298.0,186467073.0,0.0,503965.0,932335372.0,331624.0,0.0,7000.0,1480.0
KOR,South Korea,RES,CR-,CR/LWAL/CDM+ERL/H:20-30/RES,URBAN,125.0,1785603868.0,315106565.0,32907.0,1373541.0,2100710431.0,664769.0,16158.0,10988.0,1300.0
KOR,South Korea,COM,CR-,CR/LWAL/CDM+ERL/H:>30/COM,TOTAL,1.0,12230941.0,3057735.0,0.0,8264.0,15288676.0,5459.0,0.0,8264.0,1480.0
KOR,South Korea,RES,CR-,CR/LWAL/CDM+ERL/H:>30/RES,URBAN,12.0,194340007.0,34295295.0,3576.0,149492.0,228635302.0,72614.0,1759.0,12458.0,1300.0
KOR,South Korea,IND,CR+,CR/LWAL/CDM+ERM/H:1/IND,TOTAL,1464.0,717183496.0,239061166.0,0.0,805824.0,956244658.0,503547.0,0.0,550.0,890.0
KOR,South Korea,COM,CR+,CR/LWAL/CDM+ERM/H:11-20/COM,TOTAL,901.0,6680020606.0,1670005149.0,0.0,4513527.0,8350025758.0,2952565.0,0.0,5009.0,1480.0
KOR,South Korea,RES,CR+,CR/LWAL/CDM+ERM/H:11-20/RES,URBAN,1179.0,11726941548.0,2069460272.0,216144.0,9020724.0,13796401821.0,4342088.0,106127.0,7651.0,1300.0
KOR,South Korea,IND,CR+,CR/LWAL/CDM+ERM/H:2/IND,TOTAL,490.0,478125180.0,159375060.0,0.0,537219.0,637500241.0,335953.0,0.0,1096.0,890.0
KOR,South Korea,COM,CR+,CR/LWAL/CDM+ERM/H:20-30/COM,TOTAL,44.0,423186825.0,105796707.0,0.0,285937.0,528983534.0,188155.0,0.0,6499.0,1480.0
KOR,South Korea,RES,CR+,CR/LWAL/CDM+ERM/H:20-30/RES,URBAN,81.0,1172694315.0,206946056.0,21617.0,902073.0,1379640370.0,436587.0,10614.0,11137.0,1300.0
KOR,South Korea,RES,CR+,CR/LWAL/CDM+ERM/H:>30/RES,URBAN,8.0,120572162.0,21277440.0,2202.0,92748.0,141849604.0,45051.0,1091.0,11594.0,1300.0
KOR,South Korea,RES,MR|MCF,MCF/LWAL/CDL+ERL/H:1/RES,URBAN,1032.0,684495003.0,120793235.0,12613.0,526535.0,805288241.0,209713.0,6193.0,510.0,1300.0
KOR,South Korea,RES,MR|MCF,MCF/LWAL/CDL+ERL/H:1/RES,SEMI-URBAN,1235.0,755666028.0,133352828.0,18804.0,629722.0,889018855.0,250811.0,7408.0,510.0,1200.0
KOR,South Korea,RES,MR|MCF,MCF/LWAL/CDL+ERL/H:2/RES,URBAN,516.0,684495003.0,120793235.0,12613.0,526535.0,805288241.0,209838.0,6193.0,1020.0,1300.0
KOR,South Korea,RES,MR|MCF,MCF/LWAL/CDL+ERL/H:2/RES,SEMI-URBAN,618.0,755666028.0,133352828.0,18804.0,629722.0,889018855.0,250961.0,7408.0,1019.0,1200.0
KOR,South Korea,RES,MR|MCF,MCF/LWAL/CDL+ERL/H:3/RES,SEMI-URBAN,823.0,1511335832.0,266706323.0,37611.0,1259447.0,1778042155.0,502224.0,14816.0,1530.0,1200.0
KOR,South Korea,RES,MR|MCF,MCF/LWAL/CDL+ERL/H:3/RES,URBAN,688.0,1368990008.0,241586472.0,25231.0,1053069.0,1610576481.0,419928.0,12388.0,1531.0,1300.0
KOR,South Korea,RES,MR|MCF,MCF/LWAL/CDL+ERL/H:4-6/RES,SEMI-URBAN,1481.0,4534007487.0,800118968.0,112842.0,3778340.0,5334126455.0,1508473.0,44451.0,2551.0,1200.0
KOR,South Korea,RES,MR|MCF,MCF/LWAL/CDL+ERL/H:4-6/RES,URBAN,1239.0,4106969939.0,724759402.0,75698.0,3159208.0,4831729340.0,1261289.0,37168.0,2550.0,1300.0
KOR,South Korea,RES,MR|MCF,MCF/LWAL/CDL+ERM/H:1/RES,SEMI-URBAN,5699.0,3487100453.0,615370669.0,86784.0,2905917.0,4102471119.0,1157395.0,34187.0,510.0,1200.0
KOR,South Korea,RES,MR|MCF,MCF/LWAL/CDL+ERM/H:1/RES,URBAN,4765.0,3158663654.0,557411233.0,58219.0,2429741.0,3716074887.0,967740.0,28586.0,510.0,1300.0
KOR,South Korea,RES,MR|MCF,MCF/LWAL/CDL+ERM/H:2/RES,SEMI-URBAN,2849.0,3487100453.0,615370669.0,86784.0,2905917.0,4102471119.0,1158088.0,34187.0,1020.0,1200.0
KOR,South Korea,RES,MR|MCF,MCF/LWAL/CDL+ERM/H:2/RES,URBAN,2381.0,3158663654.0,557411233.0,58219.0,2429741.0,3716074887.0,968319.0,28586.0,1020.0,1300.0
KOR,South Korea,RES,MR|MCF,MCF/LWAL/CDL+ERM/H:3/RES,SEMI-URBAN,3798.0,6974194633.0,1230740229.0,173572.0,5811829.0,8204934862.0,2317558.0,68375.0,1530.0,1200.0
KOR,South Korea,RES,MR|MCF,MCF/LWAL/CDL+ERM/H:3/RES,URBAN,3176.0,6317327287.0,1114822462.0,116436.0,4859483.0,7432149750.0,1937795.0,57170.0,1530.0,1300.0
KOR,South Korea,RES,MR|MCF,MCF/LWAL/CDL+ERM/H:4-6/RES,SEMI-URBAN,6838.0,20922587666.0,3692221353.0,520712.0,17435490.0,24614809021.0,6960983.0,205123.0,2550.0,1200.0
KOR,South Korea,RES,MR|MCF,MCF/LWAL/CDL+ERM/H:4-6/RES,URBAN,5717.0,18951980480.0,3344467143.0,349310.0,14578447.0,22296447624.0,5820331.0,171512.0,2550.0,1300.0
KOR,South Korea,RES,MR|MCF,MCF/LWAL/CDM+ERL/H:1/RES,SEMI-URBAN,3578.0,2190300137.0,386523553.0,54511.0,1825250.0,2576823690.0,726977.0,21473.0,510.0,1200.0
KOR,South Korea,RES,MR|MCF,MCF/LWAL/CDM+ERL/H:1/RES,URBAN,2991.0,1984005813.0,350118671.0,36565.0,1526158.0,2334124486.0,607852.0,17954.0,510.0,1300.0
KOR,South Korea,RES,MR|MCF,MCF/LWAL/CDM+ERL/H:2/RES,SEMI-URBAN,1789.0,2190300137.0,386523553.0,54511.0,1825250.0,2576823690.0,727412.0,21473.0,1020.0,1200.0
KOR,South Korea,RES,MR|MCF,MCF/LWAL/CDM+ERL/H:2/RES,URBAN,1496.0,1984005813.0,350118671.0,36565.0,1526158.0,2334124486.0,608216.0,17954.0,1020.0,1300.0
KOR,South Korea,RES,MR|MCF,MCF/LWAL/CDM+ERL/H:3/RES,SEMI-URBAN,2385.0,4380597812.0,773046674.0,109022.0,3650498.0,5153644486.0,1455693.0,42947.0,1531.0,1200.0
KOR,South Korea,RES,MR|MCF,MCF/LWAL/CDM+ERL/H:3/RES,URBAN,1995.0,3968010195.0,700237094.0,73139.0,3052316.0,4668247288.0,1217159.0,35911.0,1530.0,1300.0
KOR,South Korea,RES,MR|MCF,MCF/LWAL/CDM+ERL/H:4-6/RES,URBAN,3592.0,11904028017.0,2100710827.0,219406.0,9156945.0,14004738844.0,3655839.0,107729.0,2549.0,1300.0
KOR,South Korea,RES,MR|MCF,MCF/LWAL/CDM+ERL/H:4-6/RES,SEMI-URBAN,4295.0,13141794651.0,2319140233.0,327071.0,10951496.0,15460934885.0,4372299.0,128843.0,2550.0,1200.0
KOR,South Korea,RES,MR|MCF,MCF/LWAL/CDM+ERM/H:1/RES,SEMI-URBAN,2350.0,1438477228.0,253848922.0,35803.0,1198731.0,1692326151.0,477442.0,14104.0,510.0,1200.0
KOR,South Korea,RES,MR|MCF,MCF/LWAL/CDM+ERM/H:1/RES,URBAN,1964.0,1302994214.0,229940156.0,24018.0,1002303.0,1532934370.0,399207.0,11793.0,510.0,1300.0
KOR,South Korea,RES,MR|MCF,MCF/LWAL/CDM+ERM/H:2/RES,URBAN,982.0,1302994214.0,229940156.0,24018.0,1002303.0,1532934370.0,399445.0,11793.0,1021.0,1300.0
KOR,South Korea,RES,MR|MCF,MCF/LWAL/CDM+ERM/H:2/RES,SEMI-URBAN,1175.0,1438477228.0,253848922.0,35803.0,1198731.0,1692326151.0,477727.0,14104.0,1020.0,1200.0
KOR,South Korea,RES,MR|MCF,MCF/LWAL/CDM+ERM/H:3/RES,URBAN,1311.0,2605987201.0,459880095.0,48030.0,2004606.0,3065867297.0,799368.0,23583.0,1529.0,1300.0
KOR,South Korea,RES,MR|MCF,MCF/LWAL/CDM+ERM/H:3/RES,SEMI-URBAN,1568.0,2876955720.0,507698069.0,71599.0,2397463.0,3384653786.0,956026.0,28205.0,1529.0,1200.0
KOR,South Korea,RES,MR|MCF,MCF/LWAL/CDM+ERM/H:4-6/RES,SEMI-URBAN,2821.0,8630864679.0,1523093767.0,214801.0,7192387.0,10153958447.0,2871505.0,84616.0,2550.0,1200.0
KOR,South Korea,RES,MR|MCF,MCF/LWAL/CDM+ERM/H:4-6/RES,URBAN,2359.0,7817961524.0,1379640270.0,144094.0,6013817.0,9197601794.0,2400969.0,70750.0,2549.0,1300.0
KOR,South Korea,COM,MUR,MUR+CB/LWAL/CDN+ERN/H:1/COM,TOTAL,301359.0,30498046309.0,7624511578.0,0.0,33150050.0,38122557891.0,26140780.0,0.0,110.0,920.0
KOR,South Korea,IND,MUR,MUR+CB/LWAL/CDN+ERN/H:1/IND,TOTAL,9024.0,3771780580.0,1257260193.0,0.0,4962869.0,5029040775.0,3637592.0,0.0,550.0,760.0
KOR,South Korea,RES,MUR,MUR+CB/LWAL/CDN+ERN/H:1/RES,URBAN,38974.0,3367328666.0,841832167.0,77014.0,3507634.0,4209160833.0,2080651.0,38974.0,90.0,960.0
KOR,South Korea,RES,MUR,MUR+CB/LWAL/CDN+ERN/H:1/RES,SEMI-URBAN,233074.0,17620482754.0,4405120690.0,590094.0,20976765.0,22025603443.0,12442956.0,233074.0,90.0,840.0
KOR,South Korea,COM,MUR,MUR+CB/LWAL/CDN+ERN/H:2/COM,TOTAL,100450.0,20332028893.0,5083007228.0,0.0,22100031.0,25415036114.0,17436474.0,0.0,220.0,920.0
KOR,South Korea,IND,MUR,MUR+CB/LWAL/CDN+ERN/H:2/IND,TOTAL,3006.0,2514518155.0,838172720.0,0.0,3308577.0,3352690869.0,2426449.0,0.0,1101.0,760.0
KOR,South Korea,RES,MUR,MUR+CB/LWAL/CDN+ERN/H:2/RES,URBAN,25982.0,2244884772.0,561221193.0,51343.0,2338422.0,2806105966.0,1387788.0,25982.0,90.0,960.0
KOR,South Korea,RES,MUR,MUR+CB/LWAL/CDN+ERN/H:2/RES,SEMI-URBAN,155384.0,11746989391.0,2936747347.0,393398.0,13984511.0,14683736738.0,8299416.0,155384.0,90.0,840.0
KOR,South Korea,COM,MUR,MUR+CLBRS/LWAL/CDN+ERN/H:1/COM,TOTAL,150684.0,15249020058.0,3812255012.0,0.0,16575022.0,19061275071.0,12347603.0,0.0,110.0,920.0
KOR,South Korea,RES,MUR,MUR+CLBRS/LWAL/CDN+ERN/H:1/RES,SEMI-URBAN,456839.0,40039613622.0,10009903407.0,1516627.0,47666207.0,50049517024.0,26585339.0,598088.0,104.0,840.0
KOR,South Korea,RES,MUR,MUR+CLBRS/LWAL/CDN+ERN/H:1/RES,URBAN,305288.0,31516526897.0,7879131723.0,942790.0,32829716.0,39395658618.0,18310438.0,448202.0,108.0,960.0
KOR,South Korea,COM,MUR,MUR+CLBRS/LWAL/CDN+ERN/H:2/COM,TOTAL,75347.0,15249020058.0,3812255012.0,0.0,16575022.0,19061275071.0,12353722.0,0.0,220.0,920.0
KOR,South Korea,RES,MUR,MUR+CLBRS/LWAL/CDN+ERN/H:2/RES,URBAN,292422.0,31516526897.0,7879131723.0,942790.0,32829716.0,39395658618.0,18318998.0,448202.0,112.0,960.0
KOR,South Korea,RES,MUR,MUR+CLBRS/LWAL/CDN+ERN/H:2/RES,SEMI-URBAN,446221.0,40039613622.0,10009903407.0,1516627.0,47666207.0,50049517024.0,26597768.0,598088.0,107.0,840.0
KOR,South Korea,COM,MUR,MUR+CLBRS/LWAL/CDN+ERN/H:3/COM,TOTAL,50225.0,20794123695.0,5198530925.0,0.0,22602308.0,25992654615.0,16854332.0,0.0,450.0,920.0
KOR,South Korea,RES,MUR,MUR+CLBRS/LWAL/CDN+ERN/H:3/RES,URBAN,288134.0,31516526897.0,7879131723.0,942790.0,32829716.0,39395658618.0,18327559.0,448202.0,114.0,960.0
KOR,South Korea,RES,MUR,MUR+CLBRS/LWAL/CDN+ERN/H:3/RES,SEMI-URBAN,442680.0,40039613622.0,10009903407.0,1516627.0,47666207.0,50049517024.0,26610197.0,598088.0,108.0,840.0
KOR,South Korea,COM,MUR,MUR+CLBRS/LWAL/CDN+ERN/H:4/COM,TOTAL,10043.0,8316097661.0,2079024418.0,0.0,9039237.0,10395122078.0,6743812.0,0.0,900.0,920.0
KOR,South Korea,RES,MUR,MUR+CLBRS/LWAL/CDN+ERN/H:4/RES,SEMI-URBAN,146970.0,13346538190.0,3336634549.0,505532.0,15888736.0,16683172734.0,8874209.0,199359.0,108.0,840.0
KOR,South Korea,RES,MUR,MUR+CLBRS/LWAL/CDN+ERN/H:4/RES,URBAN,95329.0,10505509967.0,2626377490.0,314261.0,10943240.0,13131887454.0,6112040.0,149400.0,115.0,960.0
KOR,South Korea,COM,S,S+SL/LFM/CDL+ERL/H:1/COM,TOTAL,11054.0,1799653418.0,449913352.0,0.0,1215982.0,2249566771.0,500543.0,0.0,110.0,1480.0
KOR,South Korea,IND,S,S+SL/LFM/CDL+ERL/H:1/IND,TOTAL,8753.0,4284442207.0,1836189517.0,0.0,4813980.0,6120631727.0,1867553.0,0.0,550.0,890.0
KOR,South Korea,RES,S,S+SL/LFM/CDL+ERL/H:1/RES,SEMI-URBAN,33342.0,3601010967.0,900252741.0,84415.0,3000842.0,4501263708.0,1000366.0,33342.0,90.0,1200.0
KOR,South Korea,RES,S,S+SL/LFM/CDL+ERL/H:1/RES,URBAN,16199.0,2977565571.0,744391392.0,53382.0,2290435.0,3721956961.0,763544.0,26292.0,141.0,1300.0
KOR,South Korea,COM,S,S+SL/LFM/CDL+ERL/H:2/COM,TOTAL,5529.0,1799653418.0,449913352.0,0.0,1215982.0,2249566771.0,500770.0,0.0,220.0,1480.0
KOR,South Korea,IND,S,S+SL/LFM/CDL+ERL/H:2/IND,TOTAL,2918.0,2856297372.0,1224127446.0,0.0,3209323.0,4080424818.0,1245763.0,0.0,1100.0,890.0
KOR,South Korea,RES,S,S+SL/LFM/CDL+ERL/H:2/RES,SEMI-URBAN,33342.0,3601010967.0,900252741.0,84415.0,3000842.0,4501263708.0,1000837.0,33342.0,90.0,1200.0
KOR,South Korea,RES,S,S+SL/LFM/CDL+ERL/H:2/RES,URBAN,13675.0,2977565571.0,744391392.0,53382.0,2290435.0,3721956961.0,763903.0,26292.0,167.0,1300.0
KOR,South Korea,COM,S,S+SL/LFM/CDL+ERM/H:1/COM,TOTAL,22579.0,3675878097.0,918969525.0,0.0,2483701.0,4594847619.0,1022382.0,0.0,110.0,1480.0
KOR,South Korea,IND,S,S+SL/LFM/CDL+ERM/H:1/IND,TOTAL,17879.0,8751196143.0,3750512635.0,0.0,9832805.0,12501708777.0,3814573.0,0.0,550.0,890.0
KOR,South Korea,RES,S,S+SL/LFM/CDL+ERM/H:1/RES,URBAN,8575.0,1576098957.0,394024740.0,28258.0,1212384.0,1970123697.0,404163.0,13917.0,141.0,1300.0
KOR,South Korea,RES,S,S+SL/LFM/CDL+ERM/H:1/RES,SEMI-URBAN,17649.0,1906105835.0,476526460.0,44683.0,1588422.0,2382632295.0,529519.0,17649.0,90.0,1200.0
KOR,South Korea,COM,S,S+SL/LFM/CDL+ERM/H:2/COM,TOTAL,11292.0,3675878097.0,918969525.0,0.0,2483701.0,4594847619.0,1022846.0,0.0,220.0,1480.0
KOR,South Korea,IND,S,S+SL/LFM/CDL+ERM/H:2/IND,TOTAL,5960.0,5834128234.0,2500340672.0,0.0,6555200.0,8334468906.0,2544532.0,0.0,1100.0,890.0
KOR,South Korea,RES,S,S+SL/LFM/CDL+ERM/H:2/RES,SEMI-URBAN,17649.0,1906105835.0,476526460.0,44683.0,1588422.0,2382632295.0,529768.0,17649.0,90.0,1200.0
KOR,South Korea,RES,S,S+SL/LFM/CDL+ERM/H:2/RES,URBAN,7237.0,1576098957.0,394024740.0,28258.0,1212384.0,1970123697.0,404353.0,13917.0,168.0,1300.0
KOR,South Korea,COM,S,S+SL/LFM/CDM+ERL/H:1/COM,TOTAL,14094.0,2294777550.0,573694393.0,0.0,1550525.0,2868471939.0,638253.0,0.0,110.0,1480.0
KOR,South Korea,IND,S,S+SL/LFM/CDM+ERL/H:1/IND,TOTAL,11161.0,5463194410.0,2341369033.0,0.0,6138421.0,7804563445.0,2381361.0,0.0,550.0,890.0
KOR,South Korea,RES,S,S+SL/LFM/CDM+ERL/H:1/RES,SEMI-URBAN,8300.0,896418422.0,224104606.0,21013.0,747015.0,1120523027.0,249026.0,8300.0,90.0,1200.0
KOR,South Korea,RES,S,S+SL/LFM/CDM+ERL/H:1/RES,URBAN,4031.0,741220318.0,185305079.0,13286.0,570169.0,926525400.0,190073.0,6544.0,141.0,1300.0
KOR,South Korea,COM,S,S+SL/LFM/CDM+ERL/H:2/COM,TOTAL,7043.0,2294777550.0,573694393.0,0.0,1550525.0,2868471939.0,638542.0,0.0,220.0,1480.0
KOR,South Korea,IND,S,S+SL/LFM/CDM+ERL/H:2/IND,TOTAL,3721.0,3642128326.0,1560912141.0,0.0,4092279.0,5203040467.0,1588500.0,0.0,1100.0,890.0
KOR,South Korea,RES,S,S+SL/LFM/CDM+ERL/H:2/RES,SEMI-URBAN,8300.0,896418422.0,224104606.0,21013.0,747015.0,1120523027.0,249144.0,8300.0,90.0,1200.0
KOR,South Korea,RES,S,S+SL/LFM/CDM+ERL/H:2/RES,URBAN,3405.0,741220318.0,185305079.0,13286.0,570169.0,926525400.0,190162.0,6544.0,167.0,1300.0
KOR,South Korea,COM,S,S+SL/LFM/CDM+ERM/H:1/COM,TOTAL,9252.0,1506244655.0,376561165.0,0.0,1017733.0,1882805816.0,418936.0,0.0,110.0,1480.0
KOR,South Korea,IND,S,S+SL/LFM/CDM+ERM/H:1/IND,TOTAL,7326.0,3585921459.0,1536823482.0,0.0,4029125.0,5122744941.0,1563073.0,0.0,550.0,890.0
KOR,South Korea,RES,S,S+SL/LFM/CDM+ERM/H:1/RES,SEMI-URBAN,5452.0,588720697.0,147180176.0,13802.0,490601.0,735900875.0,163548.0,5452.0,90.0,1200.0
KOR,South Korea,RES,S,S+SL/LFM/CDM+ERM/H:1/RES,URBAN,2647.0,486795173.0,121698794.0,8728.0,374458.0,608493965.0,124830.0,4299.0,141.0,1300.0
KOR,South Korea,COM,S,S+SL/LFM/CDM+ERM/H:2/COM,TOTAL,4627.0,1506244655.0,376561165.0,0.0,1017733.0,1882805816.0,419126.0,0.0,220.0,1480.0
KOR,South Korea,IND,S,S+SL/LFM/CDM+ERM/H:2/IND,TOTAL,2443.0,2390619400.0,1024551170.0,0.0,2686089.0,3415170569.0,1042659.0,0.0,1100.0,890.0
KOR,South Korea,RES,S,S+SL/LFM/CDM+ERM/H:2/RES,SEMI-URBAN,5452.0,588720697.0,147180176.0,13802.0,490601.0,735900875.0,163624.0,5452.0,90.0,1200.0
KOR,South Korea,RES,S,S+SL/LFM/CDM+ERM/H:2/RES,URBAN,2236.0,486795173.0,121698794.0,8728.0,374458.0,608493965.0,124889.0,4299.0,167.0,1300.0
KOR,South Korea,COM,S,S+SR/LFM/CDL+ERL/H:1/COM,TOTAL,3109.0,506260178.0,126565051.0,0.0,342068.0,632825221.0,140808.0,0.0,110.0,1480.0
KOR,South Korea,IND,S,S+SR/LFM/CDL+ERL/H:1/IND,TOTAL,23408.0,11458692685.0,4910868295.0,0.0,12874936.0,16369560983.0,4994749.0,0.0,550.0,890.0
KOR,South Korea,RES,S,S+SR/LFM/CDL+ERL/H:1/RES,URBAN,1620.0,297756891.0,74439221.0,5336.0,229044.0,372196114.0,76354.0,2628.0,141.0,1300.0
KOR,South Korea,COM,S,S+SR/LFM/CDL+ERL/H:2/COM,TOTAL,1553.0,505205115.0,126301286.0,0.0,341355.0,631506395.0,140578.0,0.0,220.0,1480.0
KOR,South Korea,IND,S,S+SR/LFM/CDL+ERL/H:2/IND,TOTAL,7801.0,7639133271.0,3273914260.0,0.0,8583296.0,10913047528.0,3331778.0,0.0,1100.0,890.0
KOR,South Korea,RES,S,S+SR/LFM/CDL+ERL/H:2/RES,URBAN,1368.0,297756891.0,74439221.0,5336.0,229044.0,372196114.0,76390.0,2628.0,167.0,1300.0
KOR,South Korea,COM,S,S+SR/LFM/CDL+ERL/H:3/COM,TOTAL,2079.0,1380340150.0,345085037.0,0.0,932662.0,1725425193.0,384267.0,0.0,449.0,1480.0
KOR,South Korea,RES,S,S+SR/LFM/CDL+ERL/H:3/RES,URBAN,2566.0,595513590.0,148878398.0,10677.0,458087.0,744391988.0,152853.0,5258.0,179.0,1300.0
KOR,South Korea,COM,S,S+SR/LFM/CDL+ERL/H:4-6/COM,TOTAL,3109.0,5062529645.0,1265632410.0,0.0,3420628.0,6328162052.0,1410612.0,0.0,1100.0,1480.0
KOR,South Korea,RES,S,S+SR/LFM/CDL+ERL/H:4-6/RES,URBAN,7295.0,1786536941.0,446634235.0,32028.0,1374259.0,2233171179.0,458988.0,15774.0,188.0,1300.0
KOR,South Korea,COM,S,S+SR/LFM/CDL+ERM/H:1/COM,TOTAL,6358.0,1034402078.0,258600522.0,0.0,698920.0,1293002602.0,287701.0,0.0,110.0,1480.0
KOR,South Korea,IND,S,S+SR/LFM/CDL+ERM/H:1/IND,TOTAL,47811.0,23404978819.0,10030705210.0,0.0,26297729.0,33435684028.0,10202035.0,0.0,550.0,890.0
KOR,South Korea,RES,S,S+SR/LFM/CDL+ERM/H:1/RES,URBAN,857.0,157614189.0,39403548.0,2825.0,121242.0,197017738.0,40417.0,1391.0,141.0,1300.0
KOR,South Korea,COM,S,S+SR/LFM/CDL+ERM/H:2/COM,TOTAL,3174.0,1034039066.0,258509770.0,0.0,698675.0,1292548838.0,287731.0,0.0,220.0,1480.0
KOR,South Korea,IND,S,S+SR/LFM/CDL+ERM/H:2/IND,TOTAL,15937.0,15603317343.0,6687136004.0,0.0,17531817.0,22290453349.0,6805326.0,0.0,1100.0,890.0
KOR,South Korea,RES,S,S+SR/LFM/CDL+ERM/H:2/RES,URBAN,722.0,157374168.0,39343543.0,2820.0,121057.0,196717711.0,40375.0,1389.0,168.0,1300.0
KOR,South Korea,COM,S,S+SR/LFM/CDL+ERM/H:3/COM,TOTAL,4235.0,2821108447.0,705277107.0,0.0,1906154.0,3526385558.0,785355.0,0.0,450.0,1480.0
KOR,South Korea,RES,S,S+SR/LFM/CDL+ERM/H:3/RES,URBAN,1359.0,314742993.0,78685747.0,5641.0,242110.0,393428741.0,80786.0,2778.0,178.0,1300.0
KOR,South Korea,COM,S,S+SR/LFM/CDL+ERM/H:4-6/COM,TOTAL,6358.0,10344113059.0,2586028267.0,0.0,6989266.0,12930141325.0,2882260.0,0.0,1099.0,1480.0
KOR,South Korea,RES,S,S+SR/LFM/CDL+ERM/H:4-6/RES,URBAN,3861.0,945660933.0,236415234.0,16954.0,727431.0,1182076165.0,242954.0,8350.0,188.0,1300.0
KOR,South Korea,COM,S,S+SR/LFM/CDM+ERL/H:1/COM,TOTAL,3965.0,645770868.0,161442715.0,0.0,436332.0,807213580.0,179610.0,0.0,110.0,1480.0
KOR,South Korea,IND,S,S+SR/LFM/CDM+ERL/H:1/IND,TOTAL,29848.0,14611251222.0,6261964813.0,0.0,16417136.0,20873216032.0,6368923.0,0.0,550.0,890.0
KOR,South Korea,RES,S,S+SR/LFM/CDM+ERL/H:1/RES,URBAN,401.0,74010175.0,18502544.0,1323.0,56931.0,92512718.0,18979.0,651.0,142.0,1300.0
KOR,South Korea,COM,S,S+SR/LFM/CDM+ERL/H:2/COM,TOTAL,1983.0,645380588.0,161345144.0,0.0,436068.0,806725730.0,179583.0,0.0,220.0,1480.0
KOR,South Korea,IND,S,S+SR/LFM/CDM+ERL/H:2/IND,TOTAL,9949.0,9740835483.0,4174643779.0,0.0,10944759.0,13915479268.0,4248428.0,0.0,1100.0,890.0
KOR,South Korea,RES,S,S+SR/LFM/CDM+ERL/H:2/RES,URBAN,338.0,74010175.0,18502544.0,1323.0,56931.0,92512718.0,18988.0,651.0,168.0,1300.0
KOR,South Korea,COM,S,S+SR/LFM/CDM+ERL/H:3/COM,TOTAL,2651.0,1760548875.0,440137212.0,0.0,1189560.0,2200686090.0,490111.0,0.0,449.0,1480.0
KOR,South Korea,RES,S,S+SR/LFM/CDM+ERL/H:3/RES,URBAN,639.0,148019009.0,37004753.0,2654.0,113861.0,185023760.0,37993.0,1308.0,178.0,1300.0
KOR,South Korea,COM,S,S+SR/LFM/CDM+ERL/H:4-6/COM,TOTAL,3965.0,6457629041.0,1614407263.0,0.0,4363263.0,8072036302.0,1799339.0,0.0,1100.0,1480.0
KOR,South Korea,RES,S,S+SR/LFM/CDM+ERL/H:4-6/RES,URBAN,1815.0,444055596.0,111013900.0,7959.0,341581.0,555069495.0,114085.0,3920.0,188.0,1300.0
KOR,South Korea,COM,S,S+SR/LFM/CDM+ERM/H:1/COM,TOTAL,2605.0,423716741.0,105929192.0,0.0,286295.0,529645943.0,117850.0,0.0,110.0,1480.0
KOR,South Korea,IND,S,S+SR/LFM/CDM+ERM/H:1/IND,TOTAL,19589.0,9590513380.0,4110220023.0,0.0,10775858.0,13700733399.0,4180425.0,0.0,550.0,890.0
KOR,South Korea,RES,S,S+SR/LFM/CDM+ERM/H:1/RES,URBAN,266.0,48605539.0,12151386.0,873.0,37389.0,60756928.0,12464.0,430.0,141.0,1300.0
KOR,South Korea,COM,S,S+SR/LFM/CDM+ERM/H:2/COM,TOTAL,1301.0,422069658.0,105517422.0,0.0,285182.0,527587089.0,117445.0,0.0,219.0,1480.0
KOR,South Korea,IND,S,S+SR/LFM/CDM+ERM/H:2/IND,TOTAL,6532.0,6393677454.0,2740147481.0,0.0,7183907.0,9133824935.0,2788578.0,0.0,1100.0,890.0
KOR,South Korea,RES,S,S+SR/LFM/CDM+ERM/H:2/RES,URBAN,223.0,48605539.0,12151386.0,873.0,37389.0,60756928.0,12470.0,430.0,168.0,1300.0
KOR,South Korea,COM,S,S+SR/LFM/CDM+ERM/H:3/COM,TOTAL,1743.0,1154659265.0,288664812.0,0.0,780175.0,1443324080.0,321440.0,0.0,448.0,1480.0
KOR,South Korea,RES,S,S+SR/LFM/CDM+ERM/H:3/RES,URBAN,419.0,97211021.0,24302755.0,1741.0,74778.0,121513775.0,24952.0,858.0,178.0,1300.0
KOR,South Korea,COM,S,S+SR/LFM/CDM+ERM/H:4-6/COM,TOTAL,2605.0,4237149465.0,1059287358.0,0.0,2862939.0,5296436828.0,1180630.0,0.0,1099.0,1480.0
KOR,South Korea,RES,S,S+SR/LFM/CDM+ERM/H:4-6/RES,URBAN,1192.0,291635876.0,72908969.0,5229.0,224335.0,364544845.0,74926.0,2576.0,188.0,1300.0
KOR,South Korea,RES,W,W+WLI/LFM/CDL+ERL/H:1/RES,URBAN,27649.0,3826262604.0,956565650.0,73410.0,2620728.0,4782828256.0,323646.0,35026.0,95.0,1460.0
KOR,South Korea,RES,W,W+WLI/LFM/CDL+ERL/H:1/RES,SEMI-URBAN,117116.0,13748248928.0,3437062230.0,302197.0,10415340.0,17185311158.0,1286241.0,119200.0,89.0,1320.0
KOR,South Korea,RES,W,W+WLI/LFM/CDL+ERL/H:2/RES,SEMI-URBAN,117116.0,13748248928.0,3437062230.0,302197.0,10415340.0,17185311158.0,1286970.0,119200.0,89.0,1320.0
KOR,South Korea,RES,W,W+WLI/LFM/CDL+ERL/H:2/RES,URBAN,26639.0,3826262604.0,956565650.0,73410.0,2620728.0,4782828256.0,323830.0,35026.0,98.0,1460.0
KOR,South Korea,RES,W,W+WLI/LFM/CDL+ERL/H:3/RES,SEMI-URBAN,58558.0,6874121673.0,1718530419.0,151099.0,5207668.0,8592652091.0,643849.0,59600.0,89.0,1320.0
KOR,South Korea,RES,W,W+WLI/LFM/CDL+ERL/H:3/RES,URBAN,13150.0,1913128323.0,478282081.0,36706.0,1310362.0,2391410405.0,162006.0,17513.0,100.0,1460.0
KOR,South Korea,RES,W,W+WLI/LFM/CDL+ERM/H:1/RES,SEMI-URBAN,83834.0,9526078574.0,2381519642.0,227166.0,7216726.0,11907598218.0,891229.0,89303.0,86.0,1320.0
KOR,South Korea,RES,W,W+WLI/LFM/CDL+ERM/H:1/RES,URBAN,49658.0,6013867475.0,1503466871.0,129508.0,4119087.0,7517334344.0,508686.0,60568.0,83.0,1460.0
KOR,South Korea,RES,W,W+WLI/LFM/CDL+ERM/H:2/RES,SEMI-URBAN,83834.0,9526078574.0,2381519642.0,227166.0,7216726.0,11907598218.0,891734.0,89303.0,86.0,1320.0
KOR,South Korea,RES,W,W+WLI/LFM/CDL+ERM/H:2/RES,URBAN,49123.0,6013867475.0,1503466871.0,129508.0,4119087.0,7517334344.0,508974.0,60568.0,84.0,1460.0
KOR,South Korea,RES,W,W+WLI/LFM/CDL+ERM/H:3/RES,URBAN,24473.0,3006397636.0,751599409.0,64746.0,2059176.0,3757997044.0,254586.0,30280.0,84.0,1460.0
KOR,South Korea,RES,W,W+WLI/LFM/CDL+ERM/H:3/RES,SEMI-URBAN,41914.0,4763037898.0,1190759474.0,113583.0,3608362.0,5953797370.0,446119.0,44651.0,86.0,1320.0
KOR,South Korea,RES,W,W+WLI/LFM/CDM+ERL/H:1/RES,URBAN,36189.0,4289982449.0,1072495611.0,94131.0,2938344.0,5362478063.0,362870.0,43889.0,81.0,1460.0
KOR,South Korea,RES,W,W+WLI/LFM/CDM+ERL/H:1/RES,SEMI-URBAN,47430.0,5304139233.0,1326034811.0,131473.0,4018287.0,6630174040.0,496238.0,51606.0,85.0,1320.0
KOR,South Korea,RES,W,W+WLI/LFM/CDM+ERL/H:2/RES,SEMI-URBAN,47430.0,5304139233.0,1326034811.0,131473.0,4018287.0,6630174040.0,496519.0,51606.0,85.0,1320.0
KOR,South Korea,RES,W,W+WLI/LFM/CDM+ERL/H:2/RES,URBAN,35938.0,4289982449.0,1072495611.0,94131.0,2938344.0,5362478063.0,363076.0,43889.0,82.0,1460.0
KOR,South Korea,RES,W,W+WLI/LFM/CDM+ERL/H:3/RES,SEMI-URBAN,23714.0,2652069633.0,663017407.0,65733.0,2009144.0,3315087042.0,248400.0,25802.0,85.0,1320.0
KOR,South Korea,RES,W,W+WLI/LFM/CDM+ERL/H:3/RES,URBAN,17928.0,2144737568.0,536184392.0,47063.0,1468998.0,2680921959.0,181619.0,21944.0,82.0,1460.0
KOR,South Korea,RES,W,W+WLI/LFM/CDM+ERM/H:1/RES,SEMI-URBAN,31147.0,3483489557.0,870872389.0,86341.0,2639007.0,4354361946.0,325904.0,33891.0,85.0,1320.0
KOR,South Korea,RES,W,W+WLI/LFM/CDM+ERM/H:1/RES,URBAN,23767.0,2817446459.0,704361615.0,61817.0,1929758.0,3521808074.0,238315.0,28822.0,81.0,1460.0
KOR,South Korea,RES,W,W+WLI/LFM/CDM+ERM/H:2/RES,SEMI-URBAN,31147.0,3483489557.0,870872389.0,86341.0,2639007.0,4354361946.0,326089.0,33891.0,85.0,1320.0
KOR,South Korea,RES,W,W+WLI/LFM/CDM+ERM/H:2/RES,URBAN,23601.0,2817113470.0,704278368.0,61813.0,1929530.0,3521391838.0,238422.0,28820.0,82.0,1460.0
KOR,South Korea,RES,W,W+WLI/LFM/CDM+ERM/H:3/RES,SEMI-URBAN,15577.0,1741744063.0,435436015.0,43175.0,1319503.0,2177180079.0,163137.0,16947.0,85.0,1320.0
KOR,South Korea,RES,W,W+WLI/LFM/CDM+ERM/H:3/RES,URBAN,11775.0,1408557574.0,352139393.0,30906.0,964765.0,1760696968.0,119279.0,14410.0,82.0,1460.0
TWN,Taiwan,RES,CR+,CR/LDUAL/CDH+ERH/H:6-12/RES,TOTAL,27520.0,120803060646.0,21318187168.0,1668171.0,53100246.0,142121247806.0,23350600.0,707243.0,1930.0,2275.0
TWN,Taiwan,RES,CR+,CR/LDUAL/CDH+ERH/H:>12/RES,TOTAL,11429.0,108440333199.0,19136529393.0,1753924.0,47666081.0,127576862593.0,21011584.0,754168.0,4171.0,2275.0
TWN,Taiwan,RES,CR-,CR/LDUAL/CDL+ERL/H:>12/RES,TOTAL,1.0,4455568.0,786277.0,110.0,3127.0,5241845.0,1378.0,39.0,3127.0,1425.0
TWN,Taiwan,RES,CR-,CR/LDUAL/CDL+ERM/H:>12/RES,TOTAL,999.0,6190412978.0,1092425822.0,146307.0,4344149.0,7282838800.0,1914935.0,61492.0,4348.0,1425.0
TWN,Taiwan,RES,CR+,CR/LDUAL/CDM+ERM/H:6-12/RES,TOTAL,25268.0,91866744264.0,16211778402.0,1514542.0,49657700.0,108078522664.0,21836755.0,637535.0,1965.0,1850.0
TWN,Taiwan,RES,CR+,CR/LDUAL/CDM+ERM/H:>12/RES,TOTAL,4095.0,32486314675.0,5732879055.0,613916.0,17560170.0,38219193730.0,7740662.0,261110.0,4288.0,1850.0
TWN,Taiwan,RES,CR+,CR/LFINF/CDH+ERH/H:1/RES,TOTAL,43.0,7830117.0,1381785.0,126.0,3442.0,9211902.0,1371.0,43.0,80.0,2275.0
TWN,Taiwan,RES,CR+,CR/LFINF/CDH+ERH/H:2-5/RES,TOTAL,306776.0,157161725579.0,27734422176.0,1908150.0,69082077.0,184896147755.0,27564023.0,778095.0,225.0,2275.0
TWN,Taiwan,RES,CR-,CR/LFINF/CDL+ERL/H:1/RES,TOTAL,5156.0,1035759803.0,182781142.0,12707.0,726849.0,1218540944.0,289496.0,5156.0,141.0,1425.0
TWN,Taiwan,RES,CR-,CR/LFINF/CDL+ERL/H:2-5/RES,TOTAL,378999.0,136590050753.0,24104126613.0,2288102.0,95852667.0,160694177345.0,38245593.0,904123.0,253.0,1425.0
TWN,Taiwan,RES,CR-,CR/LFINF/CDL+ERL/H:6-12/RES,TOTAL,1537.0,4287383924.0,756597162.0,100212.0,3008690.0,5043981088.0,1204064.0,38108.0,1958.0,1425.0
TWN,Taiwan,RES,CR-,CR/LFINF/CDL+ERM/H:1/RES,TOTAL,79.0,8865083.0,1564426.0,180.0,6221.0,10429510.0,2478.0,79.0,79.0,1425.0
TWN,Taiwan,RES,CR-,CR/LFINF/CDL+ERM/H:2-5/RES,TOTAL,423119.0,149722312849.0,26421584594.0,2365842.0,105068290.0,176143897427.0,41922664.0,995381.0,248.0,1425.0
TWN,Taiwan,RES,CR-,CR/LFINF/CDL+ERM/H:6-12/RES,TOTAL,12794.0,35828824304.0,6322733700.0,780002.0,25143035.0,42151558002.0,10062124.0,320991.0,1965.0,1425.0
TWN,Taiwan,COM,CR+,CR/LFINF/CDM+ERM/H:1/COM:1,RURAL,1.0,415821.0,103955.0,0.0,378.0,519776.0,223.0,0.0,378.0,1100.0
TWN,Taiwan,COM,CR+,CR/LFINF/CDM+ERM/H:1/COM:1,URBAN,10953.0,4044129090.0,1011032263.0,0.0,3423044.0,5055161354.0,2017135.0,0.0,313.0,1181.0
TWN,Taiwan,COM,CR+,CR/LFINF/CDM+ERM/H:1/COM:2,RURAL,14.0,5887174.0,1471793.0,0.0,7179.0,7358968.0,4231.0,0.0,513.0,820.0
TWN,Taiwan,COM,CR+,CR/LFINF/CDM+ERM/H:1/COM:2,URBAN,19126.0,8303009912.0,2075752477.0,0.0,9555711.0,10378762377.0,5630996.0,0.0,500.0,869.0
TWN,Taiwan,COM,CR+,CR/LFINF/CDM+ERM/H:1/COM:3C,RURAL,8.0,2729205.0,682302.0,0.0,3173.0,3411506.0,1870.0,0.0,397.0,860.0
TWN,Taiwan,COM,CR+,CR/LFINF/CDM+ERM/H:1/COM:3C,URBAN,942.0,323976060.0,80994018.0,0.0,376716.0,404970072.0,221992.0,0.0,400.0,860.0
TWN,Taiwan,COM,CR+,CR/LFINF/CDM+ERM/H:1/COM:4,RURAL,5.0,1456179.0,364045.0,0.0,1324.0,1820223.0,780.0,0.0,265.0,1100.0
TWN,Taiwan,COM,CR+,CR/LFINF/CDM+ERM/H:1/COM:4,URBAN,2465.0,2894422911.0,723605726.0,0.0,2433990.0,3618028637.0,1434304.0,0.0,987.0,1189.0
TWN,Taiwan,COM,CR+,CR/LFINF/CDM+ERM/H:1/COM:5,URBAN,12384.0,4338945658.0,1084736418.0,0.0,3708508.0,5423682087.0,2185352.0,0.0,299.0,1170.0
TWN,Taiwan,COM,CR+,CR/LFINF/CDM+ERM/H:1/COM:5,RURAL,11.0,4052250.0,1013062.0,0.0,3684.0,5065313.0,2171.0,0.0,335.0,1100.0
TWN,Taiwan,IND,CR+,CR/LFINF/CDM+ERM/H:1/IND:1,RURAL,2019.0,1522045969.0,507348654.0,0.0,1506976.0,2029394623.0,888082.0,0.0,746.0,1010.0
TWN,Taiwan,IND,CR+,CR/LFINF/CDM+ERM/H:1/IND:1,URBAN,9853.0,7866356091.0,2622118697.0,0.0,7377275.0,10488474778.0,4347529.0,0.0,749.0,1066.0
TWN,Taiwan,IND,CR+,CR/LFINF/CDM+ERM/H:1/IND:2,URBAN,11074.0,4797950824.0,1599316939.0,0.0,5522874.0,6397267772.0,3254705.0,0.0,499.0,869.0
TWN,Taiwan,IND,CR+,CR/LFINF/CDM+ERM/H:1/IND:2,RURAL,2764.0,1124752525.0,374917514.0,0.0,1371649.0,1499670034.0,808332.0,0.0,496.0,820.0
TWN,Taiwan,IND,CR+,CR/LFINF/CDM+ERM/H:1/IND:5,URBAN,1535.0,1095454248.0,365151420.0,0.0,1118962.0,1460605668.0,659420.0,0.0,729.0,979.0
TWN,Taiwan,IND,CR+,CR/LFINF/CDM+ERM/H:1/IND:5,RURAL,167.0,80119954.0,26706654.0,0.0,87087.0,106826609.0,51322.0,0.0,521.0,920.0
TWN,Taiwan,RES,CR+,CR/LFINF/CDM+ERM/H:1/RES,TOTAL,97.0,14244325.0,2513704.0,256.0,7700.0,16758030.0,3067.0,97.0,79.0,1850.0
TWN,Taiwan,COM,CR+,CR/LFINF/CDM+ERM/H:2-5/COM:1,URBAN,4249.0,6252622711.0,1563155679.0,0.0,5284932.0,7815778394.0,3120341.0,0.0,1244.0,1183.0
TWN,Taiwan,COM,CR+,CR/LFINF/CDM+ERM/H:2-5/COM:2,RURAL,5.0,3252831.0,813208.0,0.0,3967.0,4066040.0,2342.0,0.0,793.0,820.0
TWN,Taiwan,COM,CR+,CR/LFINF/CDM+ERM/H:2-5/COM:2,URBAN,3383.0,4399054088.0,1099763526.0,0.0,5062872.0,5498817620.0,2989231.0,0.0,1497.0,869.0
TWN,Taiwan,COM,CR+,CR/LFINF/CDM+ERM/H:2-5/COM:3C,URBAN,1892.0,2440075420.0,610018857.0,0.0,2837297.0,3050094275.0,1675203.0,0.0,1500.0,860.0
TWN,Taiwan,COM,CR+,CR/LFINF/CDM+ERM/H:2-5/COM:3C,RURAL,16.0,20471391.0,5117848.0,0.0,23804.0,25589240.0,14054.0,0.0,1488.0,860.0
TWN,Taiwan,COM,CR+,CR/LFINF/CDM+ERM/H:2-5/COM:4,URBAN,7932.0,23519302259.0,5879825563.0,0.0,19777881.0,29399127808.0,11677296.0,0.0,2493.0,1189.0
TWN,Taiwan,COM,CR+,CR/LFINF/CDM+ERM/H:2-5/COM:4,RURAL,6.0,10909722.0,2727430.0,0.0,9918.0,13637155.0,5856.0,0.0,1653.0,1100.0
TWN,Taiwan,COM,CR+,CR/LFINF/CDM+ERM/H:2-5/COM:5,URBAN,4143.0,4821123618.0,1205280909.0,0.0,4120623.0,6026404524.0,2432907.0,0.0,995.0,1170.0
TWN,Taiwan,COM,CR+,CR/LFINF/CDM+ERM/H:2-5/COM:5,RURAL,6.0,4572424.0,1143106.0,0.0,4157.0,5715531.0,2454.0,0.0,693.0,1100.0
TWN,Taiwan,IND,CR+,CR/LFINF/CDM+ERM/H:2-5/IND:2,URBAN,2794.0,3598276475.0,1199425494.0,0.0,4141836.0,4797701978.0,2446338.0,0.0,1482.0,869.0
TWN,Taiwan,IND,CR+,CR/LFINF/CDM+ERM/H:2-5/IND:2,RURAL,715.0,841404501.0,280468170.0,0.0,1026103.0,1121872668.0,606059.0,0.0,1435.0,820.0
TWN,Taiwan,IND,CR+,CR/LFINF/CDM+ERM/H:2-5/IND:5,RURAL,90.0,87399469.0,29133158.0,0.0,94999.0,116532619.0,56111.0,0.0,1056.0,920.0
TWN,Taiwan,IND,CR+,CR/LFINF/CDM+ERM/H:2-5/IND:5,URBAN,715.0,1254076321.0,418025446.0,0.0,1280907.0,1672101755.0,756556.0,0.0,1791.0,979.0
TWN,Taiwan,RES,CR+,CR/LFINF/CDM+ERM/H:2-5/RES,TOTAL,493041.0,219189970437.0,38680583033.0,2838623.0,118481065.0,257870553493.0,47274414.0,1188778.0,240.0,1850.0
TWN,Taiwan,COM,CR+,CR/LFINF/CDM+ERM/H:6-12/COM:3C,RURAL,1.0,9762660.0,2440665.0,0.0,11352.0,12203324.0,6724.0,0.0,11352.0,860.0
TWN,Taiwan,COM,CR+,CR/LFINF/CDM+ERM/H:6-12/COM:4,RURAL,3.0,9370118.0,2342529.0,0.0,7557.0,11712647.0,4476.0,0.0,2519.0,1240.0
TWN,Taiwan,COM,CR+,CR/LFINF/CDM+ERM/H:>12/COM:3C,URBAN,9.0,154525242.0,38631310.0,0.0,179681.0,193156552.0,106703.0,0.0,19965.0,860.0
TWN,Taiwan,COM,CR+,CR/LFINF/CDM+ERM/H:>12/COM:4,URBAN,302.0,5240187530.0,1310046887.0,0.0,3927500.0,6550234416.0,2332330.0,0.0,13005.0,1334.0
TWN,Taiwan,COM,CR+,CR/LWAL/CDM+ERM/H:6-12/COM:3C,URBAN,265.0,2275765492.0,568941373.0,0.0,2646239.0,2844706863.0,1723097.0,0.0,9986.0,860.0
TWN,Taiwan,COM,CR+,CR/LWAL/CDM+ERM/H:6-12/COM:4,URBAN,1612.0,21142946709.0,5285736678.0,0.0,15835096.0,26428683382.0,10311011.0,0.0,9823.0,1335.0
TWN,Taiwan,RES,HYB,HYB(S;CR)/LDUAL/CDM+ERH/H:2-5/RES,TOTAL,384.0,131182130.0,32795528.0,2758.0,59628.0,163977674.0,26142.0,1155.0,155.0,2200.0
TWN,Taiwan,RES,HYB,HYB(S;CR)/LDUAL/CDM+ERH/H:6-12/RES,TOTAL,46.0,137072188.0,34268046.0,2689.0,62306.0,171340234.0,27399.0,1145.0,1354.0,2200.0
TWN,Taiwan,RES,HYB,HYB(S;CR)/LDUAL/CDM+ERH/H:>12/RES,TOTAL,1049.0,8454202437.0,2113550610.0,168885.0,3842819.0,10567753045.0,1693945.0,69920.0,3663.0,2200.0
TWN,Taiwan,RES,HYB,HYB(S;CR)/LDUAL/CDM+ERM/H:>12/RES,TOTAL,4.0,19107421.0,4776855.0,577.0,13409.0,23884276.0,5911.0,244.0,3352.0,1425.0
TWN,Taiwan,COM,MR|MCF,MCF/LWAL/CDM+ERM/H:1/COM:1,URBAN,6649.0,1576114338.0,394028585.0,0.0,1329624.0,1970142917.0,783522.0,0.0,200.0,1185.0
TWN,Taiwan,COM,MR|MCF,MCF/LWAL/CDM+ERM/H:1/COM:2,RURAL,22.0,9330668.0,2332667.0,0.0,11379.0,11663334.0,6705.0,0.0,517.0,820.0
TWN,Taiwan,COM,MR|MCF,MCF/LWAL/CDM+ERM/H:1/COM:2,URBAN,30018.0,13038324892.0,3259581224.0,0.0,15005580.0,16297906107.0,8842498.0,0.0,500.0,869.0
TWN,Taiwan,COM,MR|MCF,MCF/LWAL/CDM+ERM/H:2-5/COM:1,URBAN,2955.0,3501933064.0,875483276.0,0.0,2954204.0,4377416336.0,1744228.0,0.0,1000.0,1185.0
TWN,Taiwan,COM,MR|MCF,MCF/LWAL/CDM+ERM/H:2-5/COM:2,URBAN,5317.0,6923831209.0,1730957801.0,0.0,7968689.0,8654789009.0,4704890.0,0.0,1499.0,869.0
TWN,Taiwan,COM,MR|MCF,MCF/LWAL/CDM+ERM/H:2-5/COM:2,RURAL,5.0,5248540.0,1312134.0,0.0,6401.0,6560674.0,3779.0,0.0,1280.0,820.0
TWN,Taiwan,RES,MR|MCF,MR/LWAL/CDH+ERH/H:1/RES,TOTAL,24.0,2827616.0,498991.0,85.0,1842.0,3326607.0,1027.0,24.0,77.0,1535.0
TWN,Taiwan,RES,MR|MCF,MR/LWAL/CDH+ERH/H:2-5/RES,TOTAL,16371.0,5798954464.0,1023344896.0,96006.0,3777820.0,6822299352.0,2109997.0,40300.0,231.0,1535.0
TWN,Taiwan,RES,MR|MCF,MR/LWAL/CDL+ERM/H:1/RES,TOTAL,2581.0,528791626.0,93316169.0,7453.0,503611.0,622107797.0,280884.0,2581.0,195.0,1050.0
TWN,Taiwan,RES,MR|MCF,MR/LWAL/CDL+ERM/H:2-5/RES,TOTAL,146590.0,43754450044.0,7721373534.0,775451.0,41670905.0,51475823596.0,23274121.0,309642.0,284.0,1050.0
TWN,Taiwan,COM,MR|MCF,MR/LWAL/CDM+ERM/H:1/COM:1,URBAN,6649.0,1576114338.0,394028585.0,0.0,1329624.0,1970142917.0,990507.0,0.0,200.0,1185.0
TWN,Taiwan,RES,MR|MCF,MR/LWAL/CDM+ERM/H:1/RES,TOTAL,1325.0,327997547.0,57881918.0,3843.0,254262.0,385879465.0,141812.0,1325.0,192.0,1290.0
TWN,Taiwan,COM,MR|MCF,MR/LWAL/CDM+ERM/H:2-5/COM:1,URBAN,764.0,873423057.0,218355759.0,0.0,736864.0,1091778814.0,549745.0,0.0,964.0,1185.0
TWN,Taiwan,RES,MR|MCF,MR/LWAL/CDM+ERM/H:2-5/RES,TOTAL,92422.0,32708855038.0,5772150878.0,497730.0,25355702.0,38481005926.0,14161721.0,200316.0,274.0,1290.0
TWN,Taiwan,RES,MR|MCF,MR/LWAL/CDN+ERL/H:1/RES,TOTAL,263675.0,57645207398.0,10172683657.0,644758.0,54900198.0,67817891051.0,30620024.0,263675.0,208.0,1050.0
TWN,Taiwan,RES,MR|MCF,MR/LWAL/CDN+ERL/H:2-5/RES,TOTAL,650054.0,175688560070.0,31003863532.0,2330220.0,167322438.0,206692423618.0,93453271.0,985798.0,257.0,1050.0
TWN,Taiwan,COM,MUR,MUR/LWAL/CDN+ERN/H:1/COM:1,RURAL,2575.0,566200731.0,141550182.0,0.0,514728.0,707750906.0,383448.0,0.0,200.0,1100.0
TWN,Taiwan,RES,MUR,MUR/LWAL/CDN+ERN/H:1/RES,TOTAL,411698.0,73913114058.0,18478278514.0,991174.0,101250841.0,92391392567.0,56471622.0,411698.0,246.0,730.0
TWN,Taiwan,COM,MUR,MUR/LWAL/CDN+ERN/H:2-5/COM:1,RURAL,860.0,944341093.0,236085282.0,0.0,858492.0,1180426384.0,640487.0,0.0,998.0,1100.0
TWN,Taiwan,RES,MUR,MUR/LWAL/CDN+ERN/H:2-5/RES,TOTAL,65825.0,11522081148.0,2880520288.0,187809.0,15783673.0,14402601434.0,8815530.0,87691.0,240.0,730.0
TWN,Taiwan,RES,S,S+SL/LFM/CDN+ERN/H:1/RES,TOTAL,158497.0,51511069127.0,12877767282.0,415984.0,34107349.0,64388836416.0,11370089.0,158497.0,215.0,1510.0
TWN,Taiwan,RES,S,S+SL/LFM/CDN+ERN/H:2-5/RES,TOTAL,95924.0,35929075920.0,8982268970.0,331142.0,23688198.0,44911344856.0,7907892.0,144134.0,247.0,1517.0
TWN,Taiwan,RES,S,S/LFBR/CDL+ERM/H:>12/RES,TOTAL,2.0,9486139.0,2371535.0,216.0,6282.0,11857674.0,2291.0,115.0,3141.0,1510.0
TWN,Taiwan,RES,S,S/LFBR/CDM+ERH/H:2-5/RES,TOTAL,2711.0,1036131436.0,259032864.0,20903.0,480453.0,1295164306.0,174518.0,8730.0,177.0,2157.0
TWN,Taiwan,RES,S,S/LFBR/CDM+ERH/H:6-12/RES,TOTAL,263.0,720065378.0,180016350.0,16429.0,327697.0,900081728.0,119296.0,6013.0,1246.0,2197.0
TWN,Taiwan,RES,S,S/LFBR/CDM+ERH/H:>12/RES,TOTAL,825.0,6191699398.0,1547924851.0,125430.0,2851163.0,7739624247.0,1039790.0,51924.0,3456.0,2172.0
TWN,Taiwan,RES,S,S/LFM/CDL+ERM/H:2-5/RES,TOTAL,24.0,7117082.0,1779270.0,123.0,4713.0,8896354.0,1573.0,63.0,196.0,1510.0
TWN,Taiwan,COM,S,S/LFM/CDM+ERM/H:1/COM:2,URBAN,11997.0,5213328642.0,1303332159.0,0.0,5999940.0,6516660787.0,2469794.0,0.0,500.0,869.0
TWN,Taiwan,COM,S,S/LFM/CDM+ERM/H:1/COM:2,RURAL,10.0,3790141.0,947534.0,0.0,4622.0,4737675.0,1903.0,0.0,462.0,820.0
TWN,Taiwan,IND,S,S/LFM/CDM+ERM/H:1/IND:1,RURAL,2859.0,2156718695.0,924308012.0,0.0,2135365.0,3081026706.0,828402.0,0.0,747.0,1010.0
TWN,Taiwan,IND,S,S/LFM/CDM+ERM/H:1/IND:1,URBAN,13949.0,11144285077.0,4776122174.0,0.0,10451388.0,15920407247.0,4054549.0,0.0,749.0,1066.0
TWN,Taiwan,IND,S,S/LFM/CDM+ERM/H:1/IND:2,RURAL,889.0,354059364.0,151739717.0,0.0,431780.0,505799094.0,167507.0,0.0,486.0,820.0
TWN,Taiwan,IND,S,S/LFM/CDM+ERM/H:1/IND:2,URBAN,3507.0,1511562406.0,647812460.0,0.0,1739917.0,2159374868.0,674990.0,0.0,496.0,869.0
TWN,Taiwan,IND,S,S/LFM/CDM+ERM/H:1/IND:5,RURAL,74.0,24022350.0,10295294.0,0.0,26111.0,34317649.0,10130.0,0.0,353.0,920.0
TWN,Taiwan,IND,S,S/LFM/CDM+ERM/H:1/IND:5,URBAN,545.0,343917422.0,147393184.0,0.0,351246.0,491310617.0,136264.0,0.0,644.0,979.0
TWN,Taiwan,COM,S,S/LFM/CDM+ERM/H:2-5/COM:2,URBAN,2124.0,2759443064.0,689860765.0,0.0,3175710.0,3449303826.0,1309018.0,0.0,1495.0,869.0
TWN,Taiwan,COM,S,S/LFM/CDM+ERM/H:2-5/COM:2,RURAL,3.0,2187124.0,546781.0,0.0,2667.0,2733905.0,1099.0,0.0,889.0,820.0
TWN,Taiwan,IND,S,S/LFM/CDM+ERM/H:2-5/IND:2,URBAN,916.0,1131143760.0,484775888.0,0.0,1302051.0,1615919658.0,506008.0,0.0,1421.0,869.0
TWN,Taiwan,IND,S,S/LFM/CDM+ERM/H:2-5/IND:2,RURAL,263.0,265794862.0,113912078.0,0.0,324140.0,379706942.0,125969.0,0.0,1232.0,820.0
TWN,Taiwan,IND,S,S/LFM/CDM+ERM/H:2-5/IND:5,URBAN,276.0,396073493.0,169745779.0,0.0,404552.0,565819284.0,157219.0,0.0,1466.0,979.0
TWN,Taiwan,IND,S,S/LFM/CDM+ERM/H:2-5/IND:5,RURAL,37.0,24922478.0,10681060.0,0.0,27090.0,35603535.0,10528.0,0.0,732.0,920.0
TWN,Taiwan,COM,S,SRC/LDUAL/CDM+ERM/H:>12/COM:4,URBAN,130.0,1176983980.0,294245993.0,0.0,879284.0,1471229971.0,548109.0,0.0,6764.0,1339.0
TWN,Taiwan,RES,W,W/LFM/CDN+ERL/H:1/RES,TOTAL,174966.0,19715617213.0,4928904301.0,421235.0,43304282.0,24644521526.0,5347858.0,174966.0,248.0,455.0
TWN,Taiwan,RES,W,W/LFM/CDN+ERL/H:2-5/RES,TOTAL,28241.0,3106453136.0,776613285.0,80522.0,6761008.0,3883066422.0,836370.0,37601.0,239.0,459.0
