ID_0,NAME_0,OCCUPANCY,BUILDINGS,COST_CONTENTS_USD,COST_NONSTRUCTURAL_USD,COST_STRUCTURAL_USD,DWELLINGS,OCCUPANTS_PER_ASSET,TOTAL_AREA_SQM,TOTAL_REPL_COST_USD,AVG_BUILDING_AREA_SQM,AVG_TOT_COST_PER_AREA_USD
ARG,Argentina,Com,522908.999996204,53943748597.80731,57285979845.96025,49184399689.75728,0.0,0.0,145156090.49893546,160414128132.86838,277.5934063096814,1105.1146912367747
ARG,Argentina,Ind,198699.0,35814159584.4831,23192122666.0748,19271706419.66669,0.0,0.0,65314900.0,78277988670.2003,328.71277661186014,1198.4706195707304
ARG,Argentina,Res,11147575.0,242971384175.25183,304924048034.6841,509643861965.3159,13685742.920121742,45374179.99507617,1075649651.006128,1057539294175.2518,96.4918066042281,983.163331281764
