ID_0,NAME_0,OCCUPANCY,BUILDINGS,COST_CONTENTS_USD,COST_NONSTRUCTURAL_USD,COST_STRUCTURAL_USD,DWELLINGS,OCCUPANTS_PER_ASSET,TOTAL_AREA_SQM,TOTAL_REPL_COST_USD,AVG_BUILDING_AREA_SQM,AVG_TOT_COST_PER_AREA_USD
CUB,Cuba,Com,113672.0,9830555902.0,10587538797.0,7933041230.0,0.0,0.0,37191782.0,28351135963.0,327.1850763600535,762.2957126119959
CUB,Cuba,Ind,70216.0,11743990464.0,7505120542.0,5947731916.0,0.0,0.0,37052822.0,25196842961.0,527.6977042269568,680.0249373988303
CUB,Cuba,Res,3160517.0,37171439950.988,55212328939.532,66255021714.581,3772076.0,11167328.0,331764694.8302434,158638790602.74,104.97165331818921,478.1665833488157
