ID_0,NAME_0,OCCUPANCY,MACRO_TAXONOMY,TAXONOMY,SETTLEMENT,BUILDINGS,BLDG_REPL_COST_USD,COST_CONTENTS_USD,OCCUPANTS_TOTAL,TOTAL_AREA_SQM,TOTAL_REPL_COST_USD,CARBON_BUILDINGS_TON,DWELLINGS,AVG_BUILDING_AREA_SQM,AVG_BLDG_COST_PER_AREA_USD,TAXONOMY_HAZUS,COST_NONSTRUCTURAL_USD,COST_STRUCTURAL_USD
AIA,Anguilla,COM,CR+,CR+PCPS/LFM/CDM+ERM/H:1/COM,TOTAL,15.0,3396992.0,599472.0,0.0,2633.0,3996465.0,1291.0,0.0,176.0,1290.0,,,
AIA,Anguilla,IND,CR+,CR+PCPS/LFM/CDM+ERM/H:1/IND,TOTAL,2.0,3569427.0,1189809.0,0.0,3642.0,4759235.0,1723.0,0.0,1821.0,980.0,,,
AIA,Anguilla,COM,CR-,CR/LFINF/CDL+ERL/H:1/COM,TOTAL,261.0,60675789.0,10707493.0,0.0,47035.0,71383282.0,23052.0,0.0,180.0,1290.0,,,
AIA,Anguilla,RES,CR-,CR/LFINF/CDL+ERL/H:1/RES,TOTAL,3333.0,910973615.0,160760050.0,11882.0,1124659.0,1071733668.0,409870.0,3333.0,337.0,810.0,,,
AIA,Anguilla,RES,CR-,CR/LFINF/CDL+ERL/H:2/RES,TOTAL,628.0,223304807.0,39406731.0,2688.0,275685.0,262711537.0,100544.0,754.0,439.0,810.0,,,
AIA,Anguilla,COM,CR+,CR/LFINF/CDM+ERM/H:2/COM,TOTAL,15.0,58428295.0,10310875.0,0.0,45293.0,68739170.0,22217.0,0.0,3020.0,1290.0,,,
AIA,Anguilla,COM,CR+,CR/LFINF/CDM+ERM/H:4/COM,TOTAL,27.0,35706178.0,6301091.0,0.0,27679.0,42007269.0,13600.0,0.0,1025.0,1290.0,,,
AIA,Anguilla,IND,CR-,CR/LFM/CDL+ERL/H:1/IND,TOTAL,52.0,1575529.0,525177.0,0.0,1608.0,2100706.0,761.0,0.0,31.0,980.0,,,
AIA,Anguilla,RES,OT,INF/LN/CDN+ERN/H:1/RES,TOTAL,5.0,901664.0,225417.0,18.0,1528.0,1127081.0,159.0,5.0,306.0,590.0,,,
AIA,Anguilla,IND,MR|MCF,MCF/LWAL/CDL+ERL/H:1/IND,TOTAL,26.0,550187.0,183395.0,0.0,561.0,733579.0,266.0,0.0,22.0,981.0,,,
AIA,Anguilla,IND,MR|MCF,MCF/LWAL/CDM+ERM/H:1/IND,TOTAL,14.0,7066204.0,2355402.0,0.0,7210.0,9421606.0,3411.0,0.0,515.0,980.0,,,
AIA,Anguilla,COM,S,S+SL/LFM/CDL+ERL/H:1/COM,TOTAL,291.0,24736028.0,6184007.0,0.0,19175.0,30920035.0,6670.0,0.0,66.0,1290.0,,,
AIA,Anguilla,IND,S,S+SL/LFM/CDL+ERL/H:1/IND,TOTAL,26.0,875292.0,375124.0,0.0,893.0,1250421.0,283.0,0.0,34.0,980.0,,,
AIA,Anguilla,COM,S,S+SR/LFINF/CDM+ERM/H:1/COM,TOTAL,19.0,4005173.0,1001293.0,0.0,3105.0,5006466.0,1080.0,0.0,163.0,1290.0,,,
AIA,Anguilla,IND,S,S+SR/LFINF/CDM+ERM/H:1/IND,TOTAL,6.0,3880248.0,1662965.0,0.0,3959.0,5543212.0,1255.0,0.0,660.0,980.0,,,
AIA,Anguilla,COM,S,S+SR/LFM/CDM+ERM/H:1/COM,TOTAL,29.0,6220598.0,1555151.0,0.0,4822.0,7775748.0,1677.0,0.0,166.0,1290.0,,,
AIA,Anguilla,IND,S,S+SR/LFM/CDM+ERM/H:1/IND,TOTAL,6.0,11809449.0,5061190.0,0.0,12050.0,16870646.0,3819.0,0.0,2008.0,980.0,,,
AIA,Anguilla,RES,W,W+WLI/LWAL/CDL+ERL/H:1/RES,TOTAL,39.0,11177297.0,2794322.0,140.0,10545.0,13971619.0,1062.0,39.0,270.0,1060.0,,,
AIA,Anguilla,COM,W,W+WLI/LWAL/CDM+ERM/H:2/COM,TOTAL,205.0,79048358.0,26349453.0,0.0,79847.0,105397809.0,13768.0,0.0,389.0,990.0,,,
ATG,Antigua and Barbuda,COM,CR+,CR+PCPS/LFM/CDM+ERM/H:1/COM,TOTAL,61.0,11881526.0,2096740.0,0.0,11001.0,13978265.0,5392.0,0.0,180.0,1080.0,,,
ATG,Antigua and Barbuda,IND,CR+,CR+PCPS/LFM/CDM+ERM/H:1/IND,TOTAL,11.0,35237376.0,11745792.0,0.0,35957.0,46983168.0,17009.0,0.0,3269.0,980.0,,,
ATG,Antigua and Barbuda,COM,CR-,CR/LFINF/CDL+ERL/H:1/COM,TOTAL,1023.0,198860728.0,35093070.0,0.0,184130.0,233953796.0,90244.0,0.0,180.0,1080.0,,,
ATG,Antigua and Barbuda,RES,CR-,CR/LFINF/CDL+ERL/H:2/RES,TOTAL,8743.0,3836598199.0,677046741.0,29619.0,3836598.0,4513644940.0,1399234.0,10491.0,439.0,1000.0,,,
ATG,Antigua and Barbuda,COM,CR+,CR/LFINF/CDM+ERM/H:2/COM,TOTAL,45.0,151152551.0,26673980.0,0.0,139956.0,177826530.0,68650.0,0.0,3110.0,1080.0,,,
ATG,Antigua and Barbuda,COM,CR+,CR/LFINF/CDM+ERM/H:4/COM,TOTAL,149.0,165604230.0,29224276.0,0.0,153337.0,194828506.0,75339.0,0.0,1029.0,1080.0,,,
ATG,Antigua and Barbuda,IND,CR-,CR/LFM/CDL+ERL/H:1/IND,TOTAL,310.0,19627650.0,6542551.0,0.0,20028.0,26170199.0,9474.0,0.0,65.0,980.0,,,
ATG,Antigua and Barbuda,RES,OT,INF/LN/CDN+ERN/H:1/RES,TOTAL,4039.0,654132205.0,163533051.0,11434.0,1090220.0,817665256.0,113558.0,4039.0,270.0,600.0,,,
ATG,Antigua and Barbuda,IND,MR|MCF,MCF/LWAL/CDL+ERL/H:1/IND,TOTAL,151.0,6707322.0,2235774.0,0.0,6844.0,8943094.0,3238.0,0.0,45.0,980.0,,,
ATG,Antigua and Barbuda,IND,MR|MCF,MCF/LWAL/CDM+ERM/H:1/IND,TOTAL,62.0,52542854.0,17514285.0,0.0,53615.0,70057139.0,25362.0,0.0,865.0,980.0,,,
ATG,Antigua and Barbuda,COM,S,S+SL/LFM/CDL+ERL/H:1/COM,TOTAL,372.0,26485448.0,6621362.0,0.0,24524.0,33106811.0,8531.0,0.0,66.0,1080.0,,,
ATG,Antigua and Barbuda,IND,S,S+SL/LFM/CDL+ERL/H:1/IND,TOTAL,147.0,10331011.0,4427576.0,0.0,10542.0,14758587.0,3341.0,0.0,72.0,980.0,,,
ATG,Antigua and Barbuda,COM,S,S+SR/LFINF/CDM+ERM/H:1/COM,TOTAL,386.0,68706031.0,17176508.0,0.0,63617.0,85882539.0,22129.0,0.0,165.0,1080.0,,,
ATG,Antigua and Barbuda,IND,S,S+SR/LFINF/CDM+ERM/H:1/IND,TOTAL,31.0,37777422.0,16190323.0,0.0,38548.0,53967747.0,12216.0,0.0,1243.0,980.0,,,
ATG,Antigua and Barbuda,COM,S,S+SR/LFM/CDM+ERM/H:1/COM,TOTAL,309.0,54981995.0,13745500.0,0.0,50909.0,68727494.0,17709.0,0.0,165.0,1080.0,,,
ATG,Antigua and Barbuda,IND,S,S+SR/LFM/CDM+ERM/H:1/IND,TOTAL,43.0,158752393.0,68036739.0,0.0,161992.0,226789133.0,51337.0,0.0,3767.0,980.0,,,
ATG,Antigua and Barbuda,RES,W,W+WLI/LWAL/CDL+ERL/H:2/RES,TOTAL,15149.0,2944816722.0,736204180.0,52165.0,4090023.0,3681020903.0,412337.0,18181.0,270.0,720.0,,,
ATG,Antigua and Barbuda,RES,W,W+WLI/LWAL/CDM+ERM/H:1/RES,TOTAL,345.0,66927647.0,16731912.0,991.0,92955.0,83659558.0,9365.0,345.0,269.0,720.0,,,
ATG,Antigua and Barbuda,COM,W,W+WLI/LWAL/CDM+ERM/H:2/COM,TOTAL,669.0,253185784.0,84395262.0,0.0,261016.0,337581047.0,45005.0,0.0,390.0,970.0,,,
ABW,Aruba,COM,CR+,CR+PCPS/LFM/CDM+ERM/H:1/COM,TOTAL,18.0,4587463.0,809553.0,0.0,3277.0,5397016.0,1606.0,0.0,182.0,1400.0,,,
ABW,Aruba,IND,CR+,CR+PCPS/LFM/CDM+ERM/H:1/IND,TOTAL,43.0,550954696.0,183651566.0,0.0,562199.0,734606263.0,265940.0,0.0,13074.0,980.0,,,
ABW,Aruba,COM,CR-,CR/LFINF/CDL+ERL/H:1/COM,TOTAL,302.0,76215083.0,13449722.0,0.0,54439.0,89664804.0,26681.0,0.0,180.0,1400.0,,,
ABW,Aruba,RES,CR-,CR/LFINF/CDL+ERL/H:1/RES,TOTAL,710.0,513816050.0,90673421.0,2584.0,446797.0,604489470.0,162830.0,710.0,629.0,1150.0,,,
ABW,Aruba,COM,CR+,CR/LFINF/CDM+ERM/H:2/COM,TOTAL,106.0,461286854.0,81403561.0,0.0,329491.0,542690415.0,161620.0,0.0,3108.0,1400.0,,,
ABW,Aruba,COM,CR+,CR/LFINF/CDM+ERM/H:4/COM,TOTAL,141.0,204341982.0,36060350.0,0.0,145959.0,240402332.0,71713.0,0.0,1035.0,1400.0,,,
ABW,Aruba,IND,CR-,CR/LFM/CDL+ERL/H:1/IND,TOTAL,150.0,2418874.0,806293.0,0.0,2468.0,3225163.0,1168.0,0.0,16.0,980.0,,,
ABW,Aruba,RES,CR+,CR/LFM/CDM+ERM/H:4/RES,TOTAL,292.0,150940940.0,26636636.0,10642.0,131253.0,177577576.0,47939.0,2924.0,449.0,1150.0,,,
ABW,Aruba,RES,CR+,CR/LFM/CDM+ERM/H:5/RES,TOTAL,6.0,4100396.0,723598.0,295.0,3566.0,4823993.0,1303.0,81.0,594.0,1150.0,,,
ABW,Aruba,IND,MR|MCF,MCF/LWAL/CDL+ERL/H:1/IND,TOTAL,150.0,1732265.0,577422.0,0.0,1768.0,2309688.0,836.0,0.0,12.0,980.0,,,
ABW,Aruba,IND,MR|MCF,MCF/LWAL/CDM+ERM/H:1/IND,TOTAL,38.0,125503217.0,41834406.0,0.0,128065.0,167337621.0,60579.0,0.0,3370.0,980.0,,,
ABW,Aruba,RES,MR|MCF,MR/LWAL/CDL+ERL/H:1/RES,TOTAL,2032.0,1374623198.0,242580563.0,7398.0,1195325.0,1617203762.0,545108.0,2032.0,588.0,1150.0,,,
ABW,Aruba,COM,S,S+SL/LFM/CDL+ERL/H:1/COM,TOTAL,151.0,13972764.0,3493192.0,0.0,9981.0,17465956.0,3472.0,0.0,66.0,1400.0,,,
ABW,Aruba,IND,S,S+SL/LFM/CDL+ERL/H:1/IND,TOTAL,299.0,5375270.0,2303688.0,0.0,5485.0,7678958.0,1738.0,0.0,18.0,980.0,,,
ABW,Aruba,COM,S,S+SR/LFINF/CDM+ERM/H:1/COM,TOTAL,76.0,17465956.0,4366489.0,0.0,12476.0,21832447.0,4340.0,0.0,164.0,1400.0,,,
ABW,Aruba,IND,S,S+SR/LFINF/CDM+ERM/H:1/IND,TOTAL,38.0,46482673.0,19921145.0,0.0,47431.0,66403819.0,15031.0,0.0,1248.0,980.0,,,
ABW,Aruba,COM,S,S+SR/LFM/CDM+ERM/H:1/COM,TOTAL,151.0,34931913.0,8732979.0,0.0,24951.0,43664892.0,8679.0,0.0,165.0,1400.0,,,
ABW,Aruba,IND,S,S+SR/LFM/CDM+ERM/H:1/IND,TOTAL,38.0,540889278.0,231809691.0,0.0,551928.0,772698971.0,174910.0,0.0,14524.0,980.0,,,
ABW,Aruba,RES,W,W+WLI/LWAL/CDL+ERL/H:1/RES,TOTAL,1015.0,537615604.0,134403900.0,3697.0,512015.0,672019505.0,51583.0,1015.0,504.0,1050.0,,,
ABW,Aruba,RES,W,W+WLI/LWAL/CDL+ERL/H:2/RES,TOTAL,19122.0,10119163531.0,2529790883.0,83530.0,9637299.0,12648954411.0,971588.0,22946.0,504.0,1050.0,,,
ABW,Aruba,COM,W,W+WLI/LWAL/CDM+ERM/H:2/COM,TOTAL,514.0,210519103.0,70173034.0,0.0,200494.0,280692137.0,34570.0,0.0,390.0,1050.0,,,
BHS,Bahamas,COM,CR+,CR+PCPS/LFM/CDM+ERM/H:1/COM,TOTAL,1126.0,474127508.0,83669560.0,0.0,303928.0,557797065.0,148957.0,0.0,270.0,1560.0,,,
BHS,Bahamas,IND,CR+,CR+PCPS/LFM/CDM+ERM/H:1/IND,TOTAL,72.0,1111980598.0,370660199.0,0.0,942356.0,1482640797.0,445769.0,0.0,13088.0,1180.0,,,
BHS,Bahamas,COM,CR-,CR/LFINF/CDL+ERL/H:1/COM,TOTAL,507.0,213686696.0,37709419.0,0.0,136979.0,251396113.0,67134.0,0.0,270.0,1560.0,,,
BHS,Bahamas,COM,CR+,CR/LFINF/CDM+ERM/H:2/COM,TOTAL,447.0,4515235866.0,796806330.0,0.0,2894382.0,5312042196.0,1419735.0,0.0,6475.0,1560.0,,,
BHS,Bahamas,COM,CR+,CR/LFINF/CDM+ERM/H:4/COM,TOTAL,860.0,2897248703.0,511279183.0,0.0,1857211.0,3408527889.0,912497.0,0.0,2160.0,1560.0,,,
BHS,Bahamas,IND,CR-,CR/LFM/CDL+ERL/H:1/IND,TOTAL,64.0,1246208.0,415403.0,0.0,1056.0,1661612.0,500.0,0.0,16.0,1180.0,,,
BHS,Bahamas,RES,OT,INF/LN/CDN+ERN/H:1/RES,TOTAL,12814.0,3718092616.0,929523152.0,43687.0,5996924.0,4647615768.0,624641.0,12814.0,468.0,620.0,,,
BHS,Bahamas,IND,MR|MCF,MCF/LWAL/CDL+ERL/H:1/IND,TOTAL,198.0,2761981.0,920660.0,0.0,2341.0,3682640.0,1107.0,0.0,12.0,1180.0,,,
BHS,Bahamas,IND,MR|MCF,MCF/LWAL/CDM+ERM/H:1/IND,TOTAL,193.0,769068276.0,256356091.0,0.0,651753.0,1025424367.0,308303.0,0.0,3377.0,1180.0,,,
BHS,Bahamas,RES,MR|MCF,MR/LWAL/CDL+ERL/H:1/RES,TOTAL,43047.0,32434713694.0,5723773003.0,134420.0,23503416.0,38158486701.0,10718340.0,43047.0,546.0,1380.0,,,
BHS,Bahamas,COM,S,S+SL/LFM/CDL+ERL/H:1/COM,TOTAL,350.0,36062036.0,9015509.0,0.0,23117.0,45077542.0,8041.0,0.0,66.0,1560.0,,,
BHS,Bahamas,IND,S,S+SL/LFM/CDL+ERL/H:1/IND,TOTAL,210.0,4537005.0,1944431.0,0.0,3845.0,6481433.0,1219.0,0.0,18.0,1180.0,,,
BHS,Bahamas,COM,S,S+SR/LFINF/CDM+ERM/H:1/COM,TOTAL,502.0,193812238.0,48453057.0,0.0,124239.0,242265295.0,43217.0,0.0,247.0,1560.0,,,
BHS,Bahamas,IND,S,S+SR/LFINF/CDM+ERM/H:1/IND,TOTAL,397.0,585233859.0,250814511.0,0.0,495961.0,836048369.0,157174.0,0.0,1249.0,1180.0,,,
BHS,Bahamas,COM,S,S+SR/LFM/CDM+ERM/H:1/COM,TOTAL,509.0,196701031.0,49175258.0,0.0,126090.0,245876290.0,43861.0,0.0,248.0,1560.0,,,
BHS,Bahamas,IND,S,S+SR/LFM/CDM+ERM/H:1/IND,TOTAL,199.0,3407382836.0,1460306930.0,0.0,2887613.0,4867689767.0,915108.0,0.0,14511.0,1180.0,,,
BHS,Bahamas,RES,W,W+WLI/LWAL/CDL+ERL/H:1/RES,TOTAL,51709.0,30009262273.0,7502315569.0,176684.0,24201018.0,37511577843.0,2438142.0,51709.0,468.0,1240.0,,,
BHS,Bahamas,COM,W,W+WLI/LWAL/CDM+ERM/H:2/COM,TOTAL,888.0,664682846.0,221560948.0,0.0,519283.0,886243795.0,89537.0,0.0,585.0,1280.0,,,
BRB,Barbados,COM,CR+,CR/LDUAL/CDH+ERH/H:12-24/COM,TOTAL,2.0,509716120.0,89949903.0,0.0,377567.0,599666023.0,196109.0,0.0,188784.0,1350.0,,,
BRB,Barbados,COM,CR+,CR/LDUAL/CDH+ERH/H:7/COM,TOTAL,16.0,585991635.0,103410288.0,0.0,434068.0,689401922.0,223397.0,0.0,27129.0,1350.0,,,
BRB,Barbados,RES,CR-,CR/LFINF/CDL+ERL/H:2/RES,TOTAL,1248.0,184313695.0,32525946.0,3685.0,191993.0,216839640.0,70021.0,1504.0,154.0,960.0,,,
BRB,Barbados,RES,CR-,CR/LFINF/CDL+ERL/H:3/RES,TOTAL,372.0,61312886.0,10819923.0,1781.0,63868.0,72132807.0,23310.0,744.0,172.0,960.0,,,
BRB,Barbados,RES,CR-,CR/LFINF/CDL+ERL/H:4/RES,TOTAL,33.0,27160125.0,4792962.0,750.0,28292.0,31953087.0,10333.0,331.0,857.0,960.0,,,
BRB,Barbados,RES,CR-,CR/LFINF/CDL+ERL/H:5/RES,TOTAL,29.0,29926124.0,5281081.0,827.0,31173.0,35207204.0,11394.0,360.0,1075.0,960.0,,,
BRB,Barbados,COM,CR-,CR/LFM/CDL+ERL/H:1/COM,TOTAL,135.0,19737845.0,3483150.0,0.0,14621.0,23220993.0,7166.0,0.0,108.0,1350.0,,,
BRB,Barbados,IND,CR-,CR/LFM/CDL+ERL/H:1/IND,TOTAL,508.0,118210228.0,39403411.0,0.0,102792.0,157613635.0,48624.0,0.0,202.0,1150.0,,,
BRB,Barbados,RES,CR-,CR/LFM/CDL+ERL/H:1/RES,TOTAL,2710.0,222462663.0,39258116.0,6495.0,231732.0,261720777.0,84452.0,2710.0,86.0,960.0,,,
BRB,Barbados,COM,CR-,CR/LFM/CDL+ERL/H:2/COM,TOTAL,36.0,20728338.0,3657942.0,0.0,15354.0,24386280.0,7532.0,0.0,426.0,1350.0,,,
BRB,Barbados,RES,CR-,CR/LFM/CDL+ERL/H:2/RES,TOTAL,2262.0,334232690.0,58982240.0,6499.0,348159.0,393214928.0,126976.0,2712.0,154.0,960.0,,,
BRB,Barbados,RES,OT,INF/LN/CDN+ERN/H:1/RES,TOTAL,281.0,14240352.0,3560088.0,768.0,19244.0,17800438.0,2004.0,281.0,68.0,740.0,,,
BRB,Barbados,COM,MR|MCF,MCF/LWAL/CDL+ERL/H:1/COM,TOTAL,1742.0,275168425.0,48559136.0,0.0,203828.0,323727561.0,99898.0,0.0,117.0,1350.0,,,
BRB,Barbados,IND,MR|MCF,MCF/LWAL/CDL+ERL/H:1/IND,TOTAL,540.0,460904691.0,153634898.0,0.0,400787.0,614539588.0,189587.0,0.0,742.0,1150.0,,,
BRB,Barbados,RES,MR|MCF,MCF/LWAL/CDL+ERL/H:1/RES,TOTAL,9953.0,1524979448.0,269114021.0,23869.0,1588520.0,1794093468.0,578919.0,9953.0,160.0,960.0,,,
BRB,Barbados,COM,MR|MCF,MCF/LWAL/CDL+ERL/H:2/COM,TOTAL,775.0,489870050.0,86447655.0,0.0,362867.0,576317706.0,177991.0,0.0,468.0,1350.0,,,
BRB,Barbados,RES,MR|MCF,MCF/LWAL/CDL+ERL/H:2/RES,TOTAL,9257.0,2552871695.0,450506770.0,26548.0,2659241.0,3003378463.0,969844.0,11111.0,287.0,960.0,,,
BRB,Barbados,COM,MR|MCF,MCF/LWAL/CDL+ERL/H:3/COM,TOTAL,516.0,732942973.0,129342878.0,0.0,542921.0,862285850.0,266531.0,0.0,1052.0,1350.0,,,
BRB,Barbados,RES,MR|MCF,MCF/LWAL/CDL+ERL/H:3/RES,TOTAL,575.0,177110056.0,31254715.0,2678.0,184490.0,208364771.0,67334.0,1155.0,321.0,960.0,,,
BRB,Barbados,RES,MR|MCF,MR/LWAL/CDL+ERL/H:1/RES,TOTAL,11435.0,1751973350.0,309171767.0,27213.0,1824972.0,2061145119.0,832248.0,11435.0,160.0,960.0,,,
BRB,Barbados,RES,MR|MCF,MR/LWAL/CDL+ERL/H:2/RES,TOTAL,10496.0,2894710879.0,510831331.0,29902.0,3015324.0,3405542210.0,1375876.0,12596.0,287.0,960.0,,,
BRB,Barbados,RES,MR|MCF,MR/LWAL/CDL+ERL/H:3/RES,TOTAL,575.0,177110056.0,31254715.0,2678.0,184490.0,208364771.0,84230.0,1155.0,321.0,960.0,,,
BRB,Barbados,RES,ADO|ST|E,MUR+ST/LWAL/CDN+ERN/H:1/RES,TOTAL,1787.0,249343869.0,44001860.0,4619.0,207787.0,293345730.0,94758.0,1787.0,116.0,1200.0,,,
BRB,Barbados,RES,ADO|ST|E,MUR+ST/LWAL/CDN+ERN/H:2/RES,TOTAL,152.0,26517580.0,4679574.0,472.0,22098.0,31197151.0,10083.0,183.0,145.0,1200.0,,,
BRB,Barbados,RES,MUR,MUR/LWAL/CDN+ERN/H:1/RES,TOTAL,11455.0,1109974952.0,277493737.0,28257.0,1109975.0,1387468691.0,506186.0,11455.0,97.0,1000.0,,,
BRB,Barbados,RES,MUR,MUR/LWAL/CDN+ERN/H:2/RES,TOTAL,11455.0,1664962427.0,416240607.0,33910.0,1664962.0,2081203034.0,759713.0,13746.0,145.0,1000.0,,,
BRB,Barbados,COM,S,S+SL/LFM/CDL+ERL/H:1/COM,TOTAL,365.0,48769637.0,12192409.0,0.0,36126.0,60962047.0,12566.0,0.0,99.0,1350.0,,,
BRB,Barbados,IND,S,S+SL/LFM/CDL+ERL/H:1/IND,TOTAL,464.0,119965135.0,51413629.0,0.0,104318.0,171378762.0,33059.0,0.0,225.0,1150.0,,,
BRB,Barbados,COM,S,S+SR/LFM/CDM+ERM/H:1/COM,TOTAL,280.0,187349700.0,46837424.0,0.0,138778.0,234187125.0,48274.0,0.0,496.0,1350.0,,,
BRB,Barbados,RES,W,W+WLI/LWAL/CDL+ERL/H:1/RES,TOTAL,6301.0,383564149.0,95891038.0,15762.0,430971.0,479455186.0,43418.0,6301.0,68.0,890.0,,,
BRB,Barbados,COM,W,W+WLI/LWAL/CDL+ERL/H:2/COM,TOTAL,289.0,139498036.0,46499344.0,0.0,135435.0,185997381.0,23352.0,0.0,469.0,1030.0,,,
BRB,Barbados,RES,W,W+WLI/LWAL/CDL+ERL/H:2/IRI(SOS)/RES,TOTAL,6014.0,549157177.0,137289295.0,18140.0,617031.0,686446470.0,62206.0,7218.0,103.0,890.0,,,
BRB,Barbados,RES,W,W+WLI/LWAL/CDL+ERL/H:2/RES,TOTAL,6301.0,575346225.0,143836556.0,18915.0,646456.0,719182778.0,65173.0,7562.0,103.0,890.0,,,
BRB,Barbados,RES,W,W+WS/LPB/CDN+ERM/H:1/RES,TOTAL,11499.0,700013792.0,175003448.0,28855.0,786532.0,875017240.0,81925.0,11499.0,68.0,890.0,,,
BLZ,Belize,COM,CR+,CR+PCPS/LFM/CDM+ERM/H:1/COM,TOTAL,32.0,5231620.0,923227.0,0.0,6540.0,6154847.0,3205.0,0.0,204.0,800.0,,,
BLZ,Belize,IND,CR+,CR+PCPS/LFM/CDM+ERM/H:1/IND,TOTAL,151.0,41416087.0,13805362.0,0.0,67895.0,55221449.0,32117.0,0.0,450.0,610.0,,,
BLZ,Belize,COM,CR+,CR+PCPS/LFM/CDM+ERM/H:2/COM,TOTAL,288.0,68969658.0,12171116.0,0.0,86212.0,81140777.0,42288.0,0.0,299.0,800.0,,,
BLZ,Belize,COM,CR+,CR/LDUAL/CDH+ERH/H:12-24/COM,TOTAL,3.0,175724896.0,31010276.0,0.0,219656.0,206735172.0,114090.0,0.0,73219.0,800.0,,,
BLZ,Belize,COM,CR+,CR/LDUAL/CDH+ERH/H:7/COM,TOTAL,15.0,119177878.0,21031390.0,0.0,148972.0,140209268.0,76670.0,0.0,9931.0,800.0,,,
BLZ,Belize,RES,CR-,CR/LFINF/CDL+ERL/H:2/RES,TOTAL,1360.0,127722405.0,22539248.0,9891.0,187827.0,150261653.0,68502.0,1631.0,138.0,680.0,,,
BLZ,Belize,RES,CR-,CR/LFINF/CDL+ERL/H:3/RES,TOTAL,812.0,85254511.0,15044912.0,9898.0,125374.0,100299423.0,45759.0,1633.0,154.0,680.0,,,
BLZ,Belize,RES,CR-,CR/LFINF/CDL+ERL/H:4/RES,TOTAL,160.0,83987330.0,14821294.0,9751.0,123511.0,98808624.0,45111.0,1608.0,772.0,680.0,,,
BLZ,Belize,RES,CR-,CR/LFINF/CDL+ERL/H:5/RES,TOTAL,128.0,83519333.0,14738705.0,9685.0,122823.0,98258040.0,44893.0,1597.0,960.0,680.0,,,
BLZ,Belize,COM,CR-,CR/LFM/CDL+ERL/H:1/COM,TOTAL,543.0,15535685.0,2741590.0,0.0,19420.0,18277277.0,9518.0,0.0,36.0,800.0,,,
BLZ,Belize,IND,CR-,CR/LFM/CDL+ERL/H:1/IND,TOTAL,24.0,875300.0,291767.0,0.0,1435.0,1167066.0,679.0,0.0,60.0,610.0,,,
BLZ,Belize,RES,CR-,CR/LFM/CDL+ERL/H:1/RES,TOTAL,1511.0,78922373.0,13927478.0,9241.0,116062.0,92849851.0,42298.0,1511.0,77.0,680.0,,,
BLZ,Belize,COM,CR-,CR/LFM/CDL+ERL/H:2/COM,TOTAL,240.0,27440359.0,4842417.0,0.0,34300.0,32282775.0,16825.0,0.0,143.0,800.0,,,
BLZ,Belize,RES,CR-,CR/LFM/CDL+ERL/H:2/RES,TOTAL,1268.0,119196435.0,21034666.0,9301.0,175289.0,140231102.0,63929.0,1521.0,138.0,680.0,,,
BLZ,Belize,RES,OT,INF/LN/CDN+ERN/H:1/RES,TOTAL,2331.0,48002192.0,12000549.0,15542.0,145461.0,60002741.0,15151.0,2331.0,62.0,330.0,,,
BLZ,Belize,COM,MR|MCF,MCF/LWAL/CDL+ERL/H:1/COM,TOTAL,1377.0,42424775.0,7486726.0,0.0,53031.0,49911499.0,25991.0,0.0,39.0,800.0,,,
BLZ,Belize,IND,MR|MCF,MCF/LWAL/CDL+ERL/H:1/IND,TOTAL,662.0,60596859.0,20198953.0,0.0,99339.0,80795812.0,46991.0,0.0,150.0,610.0,,,
BLZ,Belize,RES,MR|MCF,MCF/LWAL/CDL+ERL/H:1/RES,TOTAL,3871.0,426411692.0,75249121.0,23452.0,627076.0,501660812.0,228531.0,3871.0,162.0,680.0,,,
BLZ,Belize,COM,MR|MCF,MCF/LWAL/CDL+ERL/H:2/COM,TOTAL,1085.0,133642493.0,23583971.0,0.0,167053.0,157226463.0,81942.0,0.0,154.0,800.0,,,
BLZ,Belize,RES,MR|MCF,MCF/LWAL/CDL+ERL/H:2/RES,TOTAL,4572.0,906759220.0,160016333.0,33261.0,1333469.0,1066775553.0,486326.0,5487.0,292.0,680.0,,,
BLZ,Belize,COM,MR|MCF,MCF/LWAL/CDL+ERL/H:3/COM,TOTAL,453.0,125563002.0,22158178.0,0.0,156954.0,147721179.0,77052.0,0.0,346.0,800.0,,,
BLZ,Belize,RES,MR|MCF,MCF/LWAL/CDL+ERL/H:3/RES,TOTAL,1369.0,303336940.0,53530049.0,16695.0,446084.0,356866987.0,162809.0,2755.0,326.0,680.0,,,
BLZ,Belize,RES,MR|MCF,MR/LWAL/CDL+ERL/H:1/RES,TOTAL,3871.0,426411692.0,75249121.0,23452.0,627076.0,501660812.0,285968.0,3871.0,162.0,680.0,,,
BLZ,Belize,RES,MR|MCF,MR/LWAL/CDL+ERL/H:2/RES,TOTAL,4572.0,906759220.0,160016333.0,33261.0,1333469.0,1066775553.0,608455.0,5487.0,292.0,680.0,,,
BLZ,Belize,RES,MR|MCF,MR/LWAL/CDL+ERL/H:3/RES,TOTAL,1369.0,303336940.0,53530049.0,16695.0,446084.0,356866987.0,203662.0,2755.0,326.0,680.0,,,
BLZ,Belize,RES,MUR,MUR/LWAL/CDN+ERN/H:1/RES,TOTAL,11108.0,499072569.0,124768142.0,67384.0,959755.0,623840711.0,437680.0,11108.0,86.0,520.0,,,
BLZ,Belize,RES,MUR,MUR/LWAL/CDN+ERN/H:2/RES,TOTAL,10959.0,738566190.0,184641548.0,79718.0,1420320.0,923207739.0,648084.0,13151.0,130.0,520.0,,,
BLZ,Belize,COM,S,S+SL/LFM/CDL+ERL/H:1/COM,TOTAL,1891.0,49923118.0,12480780.0,0.0,62404.0,62403898.0,21707.0,0.0,33.0,800.0,,,
BLZ,Belize,IND,S,S+SL/LFM/CDL+ERL/H:1/IND,TOTAL,136.0,5469184.0,2343936.0,0.0,8966.0,7813119.0,2841.0,0.0,66.0,610.0,,,
BLZ,Belize,COM,S,S+SR/LFBR/CDH+ERH/H:12-24/COM,TOTAL,3.0,132917253.0,33229314.0,0.0,166147.0,166146566.0,63262.0,0.0,55382.0,800.0,,,
BLZ,Belize,COM,S,S+SR/LFBR/CDH+ERH/H:7/COM,TOTAL,12.0,90397822.0,22599455.0,0.0,112997.0,112997277.0,42777.0,0.0,9416.0,800.0,,,
BLZ,Belize,COM,S,S+SR/LFINF/CDM+ERM/H:1/COM,TOTAL,506.0,76507939.0,19126984.0,0.0,95635.0,95634923.0,33267.0,0.0,189.0,800.0,,,
BLZ,Belize,IND,S,S+SR/LFINF/CDM+ERM/H:1/IND,TOTAL,265.0,80151397.0,34350600.0,0.0,131396.0,114501995.0,41640.0,0.0,496.0,610.0,,,
BLZ,Belize,COM,S,S+SR/LFM/CDM+ERM/H:1/COM,TOTAL,26.0,4000721.0,1000181.0,0.0,5001.0,5000900.0,1740.0,0.0,192.0,800.0,,,
BLZ,Belize,IND,S,S+SR/LFM/CDM+ERM/H:1/IND,TOTAL,313.0,94526751.0,40511464.0,0.0,154962.0,135038216.0,49109.0,0.0,495.0,610.0,,,
BLZ,Belize,COM,W,W+WLI/LWAL/CDL+ERL/H:2/COM,TOTAL,291.0,26916531.0,8972178.0,0.0,44861.0,35888706.0,7735.0,0.0,154.0,600.0,,,
BLZ,Belize,RES,W,W+WS/LPB/CDN+ERM/H:1/RES,TOTAL,8776.0,257371594.0,64342897.0,55697.0,547599.0,321714491.0,57038.0,8776.0,62.0,470.0,,,
VGB,British Virgin Islands,COM,CR+,CR+PCPS/LFM/CDM+ERM/H:1/COM,TOTAL,48.0,27393588.0,4834162.0,0.0,13045.0,32227751.0,6393.0,0.0,272.0,2100.0,,,
VGB,British Virgin Islands,IND,CR+,CR+PCPS/LFM/CDM+ERM/H:1/IND,TOTAL,50.0,634181610.0,211393870.0,0.0,368710.0,845575481.0,174413.0,0.0,7374.0,1720.0,,,
VGB,British Virgin Islands,COM,CR-,CR/LFINF/CDL+ERL/H:1/COM,TOTAL,105.0,59768087.0,10547309.0,0.0,28461.0,70315396.0,13949.0,0.0,271.0,2100.0,,,
VGB,British Virgin Islands,RES,CR-,CR/LFINF/CDL+ERL/H:2/RES,TOTAL,990.0,1381322275.0,243762754.0,4854.0,746661.0,1625085030.0,272312.0,1186.0,754.0,1850.0,,,
VGB,British Virgin Islands,COM,CR+,CR/LFINF/CDM+ERM/H:2/COM,TOTAL,20.0,267087493.0,47133087.0,0.0,127185.0,314220580.0,62386.0,0.0,6359.0,2100.0,,,
VGB,British Virgin Islands,RES,CR+,CR/LFINF/CDM+ERM/H:3/RES,TOTAL,318.0,687603807.0,121341849.0,2611.0,371678.0,808945656.0,135653.0,638.0,1169.0,1850.0,,,
VGB,British Virgin Islands,COM,CR+,CR/LFINF/CDM+ERM/H:4/COM,TOTAL,146.0,664294534.0,117228447.0,0.0,316331.0,781522981.0,155422.0,0.0,2167.0,2100.0,,,
VGB,British Virgin Islands,IND,CR-,CR/LFM/CDL+ERL/H:1/IND,TOTAL,14.0,721840.0,240613.0,0.0,420.0,962454.0,199.0,0.0,30.0,1719.0,,,
VGB,British Virgin Islands,RES,OT,INF/LN/CDN+ERN/H:1/RES,TOTAL,54.0,23475964.0,5868990.0,220.0,24712.0,29344953.0,2574.0,54.0,458.0,950.0,,,
VGB,British Virgin Islands,IND,MR|MCF,MCF/LWAL/CDL+ERL/H:1/IND,TOTAL,14.0,524072.0,174691.0,0.0,305.0,698762.0,144.0,0.0,22.0,1718.0,,,
VGB,British Virgin Islands,IND,MR|MCF,MCF/LWAL/CDM+ERM/H:1/IND,TOTAL,58.0,189399384.0,63133128.0,0.0,110116.0,252532512.0,52089.0,0.0,1899.0,1720.0,,,
VGB,British Virgin Islands,RES,MR|MCF,MR/LWAL/CDL+ERL/H:1/RES,TOTAL,3665.0,3664139901.0,646612925.0,15001.0,1980616.0,4310752826.0,903227.0,3665.0,540.0,1850.0,,,
VGB,British Virgin Islands,COM,S,S+SL/LFM/CDL+ERL/H:1/COM,TOTAL,163.0,22610678.0,5652669.0,0.0,10767.0,28263348.0,3745.0,0.0,66.0,2100.0,,,
VGB,British Virgin Islands,IND,S,S+SL/LFM/CDL+ERL/H:1/IND,TOTAL,14.0,802045.0,343734.0,0.0,466.0,1145778.0,148.0,0.0,33.0,1721.0,,,
VGB,British Virgin Islands,COM,S,S+SR/LFINF/CDM+ERM/H:1/COM,TOTAL,40.0,20871396.0,5217849.0,0.0,9939.0,26089244.0,3457.0,0.0,248.0,2100.0,,,
VGB,British Virgin Islands,IND,S,S+SR/LFINF/CDM+ERM/H:1/IND,TOTAL,86.0,185807114.0,79631620.0,0.0,108027.0,265438734.0,34235.0,0.0,1256.0,1720.0,,,
VGB,British Virgin Islands,COM,S,S+SR/LFM/CDM+ERM/H:1/COM,TOTAL,40.0,20871395.0,5217849.0,0.0,9939.0,26089243.0,3457.0,0.0,248.0,2100.0,,,
VGB,British Virgin Islands,IND,S,S+SR/LFM/CDM+ERM/H:1/IND,TOTAL,58.0,805164157.0,345070353.0,0.0,468119.0,1150234509.0,148351.0,0.0,8071.0,1720.0,,,
VGB,British Virgin Islands,RES,W,W+WLI/LWAL/CDL+ERL/H:1/RES,TOTAL,19.0,14874522.0,3718631.0,77.0,8264.0,18593153.0,833.0,19.0,435.0,1800.0,,,
VGB,British Virgin Islands,RES,W,W+WLI/LWAL/CDM+ERM/H:1/RES,TOTAL,4145.0,3456710844.0,864177711.0,16968.0,1920395.0,4320888556.0,193471.0,4145.0,463.0,1800.0,,,
VGB,British Virgin Islands,COM,W,W+WLI/LWAL/CDM+ERM/H:2/COM,TOTAL,233.0,265550733.0,88516911.0,0.0,136180.0,354067645.0,23481.0,0.0,584.0,1950.0,,,
CYM,Cayman Islands,COM,CR+,CR+PCPS/LFM/CDM+ERM/H:1/COM,TOTAL,70.0,36818066.0,6497307.0,0.0,18785.0,43315374.0,9207.0,0.0,268.0,1960.0,,,
CYM,Cayman Islands,IND,CR+,CR+PCPS/LFM/CDM+ERM/H:1/IND,TOTAL,27.0,166333524.0,55444508.0,0.0,126972.0,221778031.0,60062.0,0.0,4703.0,1310.0,,,
CYM,Cayman Islands,COM,CR-,CR/LFINF/CDL+ERL/H:1/COM,TOTAL,175.0,92549041.0,16332184.0,0.0,47219.0,108881226.0,23142.0,0.0,270.0,1960.0,,,
CYM,Cayman Islands,RES,CR-,CR/LFINF/CDL+ERL/H:1/RES,TOTAL,8553.0,15807195402.0,2789505070.0,25442.0,8981361.0,18596700474.0,3273159.0,8553.0,1050.0,1760.0,,,
CYM,Cayman Islands,COM,CR+,CR/LFINF/CDM+ERM/H:2/COM,TOTAL,144.0,2440726679.0,430716473.0,0.0,1245269.0,2871443150.0,610822.0,0.0,8648.0,1960.0,,,
CYM,Cayman Islands,RES,CR+,CR/LFINF/CDM+ERM/H:3/RES,TOTAL,132.0,484151218.0,85438450.0,857.0,275086.0,569589670.0,100400.0,264.0,2084.0,1760.0,,,
CYM,Cayman Islands,COM,CR+,CR/LFINF/CDM+ERM/H:4/COM,TOTAL,316.0,1782466512.0,314552914.0,0.0,909422.0,2097019427.0,446823.0,0.0,2878.0,1960.0,,,
CYM,Cayman Islands,IND,CR-,CR/LFM/CDL+ERL/H:1/IND,TOTAL,13.0,200572.0,66857.0,0.0,153.0,267430.0,72.0,0.0,12.0,1311.0,,,
CYM,Cayman Islands,RES,CR+,CR/LFM/CDM+ERM/H:4/RES,TOTAL,963.0,2066234139.0,364629553.0,31100.0,1173997.0,2430863694.0,428794.0,9627.0,1219.0,1760.0,,,
CYM,Cayman Islands,RES,CR+,CR/LFM/CDM+ERM/H:5/RES,TOTAL,1.0,2246532.0,396447.0,31.0,1276.0,2642979.0,467.0,12.0,1276.0,1761.0,,,
CYM,Cayman Islands,RES,OT,INF/LN/CDN+ERN/H:1/RES,TOTAL,2647.0,2557692640.0,639423160.0,6383.0,2224081.0,3197115797.0,231661.0,2647.0,840.0,1150.0,,,
CYM,Cayman Islands,IND,MR|MCF,MCF/LWAL/CDL+ERL/H:1/IND,TOTAL,13.0,139011.0,46337.0,0.0,106.0,185350.0,50.0,0.0,8.0,1311.0,,,
CYM,Cayman Islands,IND,MR|MCF,MCF/LWAL/CDM+ERM/H:1/IND,TOTAL,28.0,52341191.0,17447063.0,0.0,39955.0,69788255.0,18900.0,0.0,1427.0,1310.0,,,
CYM,Cayman Islands,RES,MR|MCF,MR/LWAL/CDL+ERL/H:3/RES,TOTAL,2011.0,6986041902.0,1232830924.0,12009.0,3969342.0,8218872826.0,1812226.0,4041.0,1974.0,1760.0,,,
CYM,Cayman Islands,COM,S,S+SL/LFM/CDL+ERL/H:1/COM,TOTAL,231.0,29932282.0,7483071.0,0.0,15272.0,37415352.0,5312.0,0.0,66.0,1960.0,,,
CYM,Cayman Islands,IND,S,S+SL/LFM/CDL+ERL/H:1/IND,TOTAL,25.0,423292.0,181411.0,0.0,323.0,604703.0,102.0,0.0,13.0,1311.0,,,
CYM,Cayman Islands,COM,S,S+SR/LFINF/CDM+ERM/H:1/COM,TOTAL,59.0,28542129.0,7135532.0,0.0,14562.0,35677663.0,5066.0,0.0,247.0,1960.0,,,
CYM,Cayman Islands,IND,S,S+SR/LFINF/CDM+ERM/H:1/IND,TOTAL,88.0,74842503.0,32075358.0,0.0,57132.0,106917863.0,18106.0,0.0,649.0,1310.0,,,
CYM,Cayman Islands,COM,S,S+SR/LFM/CDM+ERM/H:1/COM,TOTAL,51.0,24958302.0,6239575.0,0.0,12734.0,31197877.0,4430.0,0.0,250.0,1960.0,,,
CYM,Cayman Islands,IND,S,S+SR/LFM/CDM+ERM/H:1/IND,TOTAL,85.0,586877594.0,251518969.0,0.0,447998.0,838396564.0,141974.0,0.0,5271.0,1310.0,,,
CYM,Cayman Islands,RES,W,W+WLI/LWAL/CDL+ERL/H:1/RES,TOTAL,12.0,15859771.0,3964943.0,23.0,9440.0,19824714.0,951.0,12.0,787.0,1680.0,,,
CYM,Cayman Islands,COM,W,W+WLI/LWAL/CDM+ERM/H:2/COM,TOTAL,147.0,144489699.0,48163234.0,0.0,86006.0,192652933.0,14829.0,0.0,585.0,1680.0,,,
CRI,Costa Rica,RES,CR-,CR+PC/LWAL/CDL+ERL/H:1/RES,TOTAL,67419.0,3236914187.0,571220149.0,219181.0,5057678.0,3808134345.0,2142569.0,67419.0,75.0,640.0,,,
CRI,Costa Rica,RES,CR+,CR+PC/LWAL/CDM+ERM/H:1/RES,TOTAL,139867.0,7916115126.0,1396961490.0,455558.0,12368930.0,9313076628.0,5239811.0,139867.0,88.0,640.0,,,
CRI,Costa Rica,IND,CR+,CR+PCPS/LFM/CDH+ERH/H:1/IND,TOTAL,2351.0,1262704750.0,420901589.0,0.0,2295827.0,1683606337.0,1086010.0,0.0,977.0,550.0,,,
CRI,Costa Rica,IND,CR+,CR+PCPS/LFM/CDH+ERH/H:2/IND,TOTAL,92.0,84111726.0,28037240.0,0.0,152930.0,112148966.0,72412.0,0.0,1662.0,550.0,,,
CRI,Costa Rica,IND,CR-,CR+PCPS/LFM/CDL+ERL/H:1/IND,TOTAL,1625.0,872827569.0,290942525.0,0.0,1586959.0,1163770093.0,750690.0,0.0,977.0,550.0,,,
CRI,Costa Rica,IND,CR-,CR+PCPS/LFM/CDL+ERL/H:2/IND,TOTAL,63.0,52979918.0,17659973.0,0.0,96327.0,70639892.0,45610.0,0.0,1529.0,550.0,,,
CRI,Costa Rica,IND,CR+,CR+PCPS/LFM/CDM+ERM/H:1/IND,TOTAL,2284.0,1226205363.0,408735130.0,0.0,2229464.0,1634940477.0,1054618.0,0.0,976.0,550.0,,,
CRI,Costa Rica,IND,CR+,CR+PCPS/LFM/CDM+ERM/H:2/IND,TOTAL,90.0,81245229.0,27081743.0,0.0,147719.0,108326977.0,69944.0,0.0,1641.0,550.0,,,
CRI,Costa Rica,COM,CR+,CR/LDUAL/CDH+ERH/H:12-24/COM,TOTAL,6.0,23538825.0,4153910.0,0.0,29424.0,27692735.0,15283.0,0.0,4904.0,800.0,,,
CRI,Costa Rica,COM,CR+,CR/LDUAL/CDH+ERH/H:2/COM,TOTAL,36.0,23040337.0,4065943.0,0.0,28800.0,27106277.0,14760.0,0.0,800.0,800.0,,,
CRI,Costa Rica,COM,CR+,CR/LDUAL/CDH+ERH/H:3/COM,TOTAL,11.0,11318825.0,1997440.0,0.0,14149.0,13316267.0,7257.0,0.0,1286.0,800.0,,,
CRI,Costa Rica,COM,CR+,CR/LDUAL/CDH+ERH/H:7/COM,TOTAL,82.0,171552711.0,30274006.0,0.0,214441.0,201826715.0,110364.0,0.0,2615.0,800.0,,,
CRI,Costa Rica,COM,CR-,CR/LDUAL/CDL+ERL/H:12-24/COM,TOTAL,5.0,16644326.0,2937234.0,0.0,20805.0,19581561.0,10806.0,0.0,4161.0,800.0,,,
CRI,Costa Rica,COM,CR-,CR/LDUAL/CDL+ERL/H:2/COM,TOTAL,17.0,11961731.0,2110894.0,0.0,14952.0,14072625.0,7663.0,0.0,880.0,800.0,,,
CRI,Costa Rica,COM,CR-,CR/LDUAL/CDL+ERL/H:3/COM,TOTAL,6.0,6093398.0,1075306.0,0.0,7617.0,7168705.0,3907.0,0.0,1270.0,800.0,,,
CRI,Costa Rica,COM,CR-,CR/LDUAL/CDL+ERL/H:7/COM,TOTAL,55.0,107617181.0,18991267.0,0.0,134521.0,126608448.0,69233.0,0.0,2446.0,800.0,,,
CRI,Costa Rica,COM,CR+,CR/LDUAL/CDM+ERM/H:12-24/COM,TOTAL,5.0,22903963.0,4041877.0,0.0,28630.0,26945838.0,14870.0,0.0,5726.0,800.0,,,
CRI,Costa Rica,COM,CR+,CR/LDUAL/CDM+ERM/H:2/COM,TOTAL,34.0,22010165.0,3884148.0,0.0,27513.0,25894311.0,14100.0,0.0,809.0,800.0,,,
CRI,Costa Rica,COM,CR+,CR/LDUAL/CDM+ERM/H:3/COM,TOTAL,11.0,11012651.0,1943410.0,0.0,13766.0,12956061.0,7061.0,0.0,1251.0,800.0,,,
CRI,Costa Rica,COM,CR+,CR/LDUAL/CDM+ERM/H:7/COM,TOTAL,80.0,166916039.0,29455770.0,0.0,208645.0,196371815.0,107381.0,0.0,2608.0,800.0,,,
CRI,Costa Rica,COM,CR+,CR/LFM/CDH+ERH/H:1/COM,TOTAL,315.0,129100575.0,22782455.0,0.0,161376.0,151883032.0,79092.0,0.0,512.0,800.0,,,
CRI,Costa Rica,IND,CR+,CR/LFM/CDH+ERH/H:1/IND,TOTAL,1768.0,980371510.0,326790504.0,0.0,1782494.0,1307162019.0,843185.0,0.0,1008.0,550.0,,,
CRI,Costa Rica,COM,CR+,CR/LFM/CDH+ERH/H:2/COM,TOTAL,994.0,827628162.0,146052028.0,0.0,1034535.0,973680193.0,507454.0,0.0,1041.0,800.0,,,
CRI,Costa Rica,IND,CR+,CR/LFM/CDH+ERH/H:2/IND,TOTAL,168.0,155380131.0,51793379.0,0.0,282509.0,207173511.0,133767.0,0.0,1682.0,550.0,,,
CRI,Costa Rica,COM,CR+,CR/LFM/CDH+ERH/H:3/COM,TOTAL,141.0,173551662.0,30626762.0,0.0,216940.0,204178422.0,106500.0,0.0,1539.0,800.0,,,
CRI,Costa Rica,COM,CR-,CR/LFM/CDL+ERL/H:1/COM,TOTAL,215.0,86756639.0,15309994.0,0.0,108446.0,102066631.0,53150.0,0.0,504.0,800.0,,,
CRI,Costa Rica,IND,CR-,CR/LFM/CDL+ERL/H:1/IND,TOTAL,1232.0,677261587.0,225753859.0,0.0,1231385.0,903015452.0,582490.0,0.0,1000.0,550.0,,,
CRI,Costa Rica,COM,CR-,CR/LFM/CDL+ERL/H:2/COM,TOTAL,678.0,562880223.0,99331805.0,0.0,703600.0,662212030.0,345126.0,0.0,1038.0,800.0,,,
CRI,Costa Rica,IND,CR-,CR/LFM/CDL+ERL/H:2/IND,TOTAL,109.0,101032618.0,33677537.0,0.0,183696.0,134710157.0,86979.0,0.0,1685.0,550.0,,,
CRI,Costa Rica,COM,CR-,CR/LFM/CDL+ERL/H:3/COM,TOTAL,93.0,113106669.0,19960001.0,0.0,141383.0,133066670.0,69408.0,0.0,1520.0,800.0,,,
CRI,Costa Rica,COM,CR+,CR/LFM/CDM+ERM/H:1/COM,TOTAL,303.0,125133837.0,22082445.0,0.0,156417.0,147216281.0,76662.0,0.0,516.0,800.0,,,
CRI,Costa Rica,IND,CR+,CR/LFM/CDM+ERM/H:1/IND,TOTAL,1713.0,952157044.0,317385674.0,0.0,1731195.0,1269542714.0,818918.0,0.0,1011.0,550.0,,,
CRI,Costa Rica,COM,CR+,CR/LFM/CDM+ERM/H:2/COM,TOTAL,964.0,803392475.0,141775138.0,0.0,1004241.0,945167618.0,492594.0,0.0,1042.0,800.0,,,
CRI,Costa Rica,IND,CR+,CR/LFM/CDM+ERM/H:2/IND,TOTAL,160.0,149425536.0,49808515.0,0.0,271683.0,199234049.0,128640.0,0.0,1698.0,550.0,,,
CRI,Costa Rica,COM,CR+,CR/LFM/CDM+ERM/H:3/COM,TOTAL,135.0,165834197.0,29264859.0,0.0,207293.0,195099055.0,101764.0,0.0,1536.0,800.0,,,
CRI,Costa Rica,RES,OT,INF/LN/CDN+ERN/H:1/RES,TOTAL,45305.0,894079124.0,223519775.0,150173.0,2235198.0,1117598912.0,232820.0,45305.0,49.0,400.0,,,
CRI,Costa Rica,COM,MR|MCF,MCF/LWAL/CDH+ERH/H:1/COM,TOTAL,1668.0,643746350.0,113602289.0,0.0,804683.0,757348631.0,394382.0,0.0,482.0,800.0,,,
CRI,Costa Rica,IND,MR|MCF,MCF/LWAL/CDH+ERH/H:1/IND,TOTAL,647.0,320778220.0,106926077.0,0.0,583233.0,427704298.0,275891.0,0.0,901.0,550.0,,,
CRI,Costa Rica,COM,MR|MCF,MCF/LWAL/CDH+ERH/H:2/COM,TOTAL,5213.0,4091478545.0,722025621.0,0.0,5114348.0,4813504184.0,2508661.0,0.0,981.0,800.0,,,
CRI,Costa Rica,IND,MR|MCF,MCF/LWAL/CDH+ERH/H:2/IND,TOTAL,216.0,183582305.0,61194102.0,0.0,333786.0,244776407.0,158046.0,0.0,1545.0,550.0,,,
CRI,Costa Rica,COM,MR|MCF,MCF/LWAL/CDH+ERH/H:3/COM,TOTAL,790.0,901097559.0,159017218.0,0.0,1126372.0,1060114780.0,552959.0,0.0,1426.0,800.0,,,
CRI,Costa Rica,COM,MR|MCF,MCF/LWAL/CDL+ERL/H:1/COM,TOTAL,1181.0,453777961.0,80078474.0,0.0,567222.0,533856425.0,278001.0,0.0,480.0,800.0,,,
CRI,Costa Rica,IND,MR|MCF,MCF/LWAL/CDL+ERL/H:1/IND,TOTAL,467.0,231508359.0,77169453.0,0.0,420924.0,308677813.0,199113.0,0.0,901.0,550.0,,,
CRI,Costa Rica,RES,MR|MCF,MCF/LWAL/CDL+ERL/H:1/RES,TOTAL,115583.0,4946412760.0,872896370.0,384220.0,7728770.0,5819309129.0,2816667.0,115583.0,67.0,640.0,,,
CRI,Costa Rica,COM,MR|MCF,MCF/LWAL/CDL+ERL/H:2/COM,TOTAL,3757.0,2951885270.0,520920930.0,0.0,3689857.0,3472806195.0,1809928.0,0.0,982.0,800.0,,,
CRI,Costa Rica,IND,MR|MCF,MCF/LWAL/CDL+ERL/H:2/IND,TOTAL,140.0,122894213.0,40964737.0,0.0,223444.0,163858949.0,105799.0,0.0,1596.0,550.0,,,
CRI,Costa Rica,COM,MR|MCF,MCF/LWAL/CDL+ERL/H:3/COM,TOTAL,553.0,619587147.0,109338916.0,0.0,774484.0,728926058.0,380210.0,0.0,1401.0,800.0,,,
CRI,Costa Rica,COM,MR|MCF,MCF/LWAL/CDM+ERM/H:1/COM,TOTAL,1619.0,624946132.0,110284605.0,0.0,781183.0,735230742.0,382865.0,0.0,483.0,800.0,,,
CRI,Costa Rica,IND,MR|MCF,MCF/LWAL/CDM+ERM/H:1/IND,TOTAL,627.0,311725063.0,103908357.0,0.0,566773.0,415633411.0,268104.0,0.0,904.0,550.0,,,
CRI,Costa Rica,RES,MR|MCF,MCF/LWAL/CDM+ERM/H:1/RES,TOTAL,424450.0,26768260572.0,4723810693.0,1394440.0,41825407.0,31492071262.0,15242812.0,424450.0,99.0,640.0,,,
CRI,Costa Rica,COM,MR|MCF,MCF/LWAL/CDM+ERM/H:2/COM,TOTAL,5071.0,3976383162.0,701714677.0,0.0,4970479.0,4678097818.0,2438091.0,0.0,980.0,800.0,,,
CRI,Costa Rica,IND,MR|MCF,MCF/LWAL/CDM+ERM/H:2/IND,TOTAL,203.0,175518525.0,58506173.0,0.0,319125.0,234024701.0,151104.0,0.0,1572.0,550.0,,,
CRI,Costa Rica,RES,MR|MCF,MCF/LWAL/CDM+ERM/H:2/RES,TOTAL,174413.0,38640974694.0,6818995527.0,691523.0,60376523.0,45459970223.0,22019744.0,209307.0,346.0,640.0,,,
CRI,Costa Rica,COM,MR|MCF,MCF/LWAL/CDM+ERM/H:3/COM,TOTAL,766.0,874299784.0,154288197.0,0.0,1092875.0,1028587985.0,536515.0,0.0,1427.0,800.0,,,
CRI,Costa Rica,RES,MR|MCF,MR/LWAL/CDH+ERH/H:1/RES,TOTAL,183519.0,2335809312.0,412201634.0,596444.0,3649702.0,2748010936.0,1664388.0,183519.0,20.0,640.0,,,
CRI,Costa Rica,COM,S,S+SL/LFM/CDH+ERH/H:1/COM,TOTAL,745.0,312792882.0,78198223.0,0.0,390991.0,390991104.0,136008.0,0.0,525.0,800.0,,,
CRI,Costa Rica,IND,S,S+SL/LFM/CDH+ERH/H:1/IND,TOTAL,293.0,143186274.0,61365545.0,0.0,260339.0,204551808.0,82504.0,0.0,889.0,550.0,,,
CRI,Costa Rica,COM,S,S+SL/LFM/CDL+ERL/H:1/COM,TOTAL,544.0,226248519.0,56562131.0,0.0,282811.0,282810646.0,98377.0,0.0,520.0,800.0,,,
CRI,Costa Rica,IND,S,S+SL/LFM/CDL+ERL/H:1/IND,TOTAL,213.0,100729699.0,43169873.0,0.0,183145.0,143899568.0,58040.0,0.0,860.0,550.0,,,
CRI,Costa Rica,COM,S,S+SL/LFM/CDM+ERM/H:1/COM,TOTAL,723.0,304344198.0,76086052.0,0.0,380430.0,380430249.0,132334.0,0.0,526.0,800.0,,,
CRI,Costa Rica,IND,S,S+SL/LFM/CDM+ERM/H:1/IND,TOTAL,287.0,139317173.0,59707361.0,0.0,253304.0,199024535.0,80274.0,0.0,883.0,550.0,,,
CRI,Costa Rica,COM,S,S+SR/LFBR/CDH+ERH/H:1/COM,TOTAL,94.0,31162352.0,7790591.0,0.0,38953.0,38952939.0,14700.0,0.0,414.0,800.0,,,
CRI,Costa Rica,IND,S,S+SR/LFBR/CDH+ERH/H:1/IND,TOTAL,882.0,561006806.0,240431485.0,0.0,1020012.0,801438294.0,339423.0,0.0,1156.0,550.0,,,
CRI,Costa Rica,COM,S,S+SR/LFBR/CDH+ERH/H:2/COM,TOTAL,3.0,1358088.0,339522.0,0.0,1698.0,1697609.0,641.0,0.0,566.0,800.0,,,
CRI,Costa Rica,IND,S,S+SR/LFBR/CDH+ERH/H:2/IND,TOTAL,27.0,27450198.0,11764373.0,0.0,49909.0,39214566.0,16620.0,0.0,1848.0,550.0,,,
CRI,Costa Rica,COM,S,S+SR/LFBR/CDL+ERL/H:1/COM,TOTAL,52.0,17758285.0,4439573.0,0.0,22198.0,22197858.0,8377.0,0.0,427.0,800.0,,,
CRI,Costa Rica,IND,S,S+SR/LFBR/CDL+ERL/H:1/IND,TOTAL,629.0,402496390.0,172498452.0,0.0,731812.0,574994842.0,243520.0,0.0,1163.0,550.0,,,
CRI,Costa Rica,IND,S,S+SR/LFBR/CDL+ERL/H:2/IND,TOTAL,18.0,16974140.0,7274629.0,0.0,30862.0,24248773.0,10277.0,0.0,1715.0,550.0,,,
CRI,Costa Rica,COM,S,S+SR/LFBR/CDM+ERM/H:1/COM,TOTAL,91.0,29866190.0,7466546.0,0.0,37333.0,37332740.0,14088.0,0.0,410.0,800.0,,,
CRI,Costa Rica,IND,S,S+SR/LFBR/CDM+ERM/H:1/IND,TOTAL,853.0,543665430.0,232999476.0,0.0,988483.0,776664911.0,328931.0,0.0,1159.0,550.0,,,
CRI,Costa Rica,COM,S,S+SR/LFBR/CDM+ERM/H:2/COM,TOTAL,2.0,917998.0,229500.0,0.0,1147.0,1147498.0,433.0,0.0,574.0,800.0,,,
CRI,Costa Rica,IND,S,S+SR/LFBR/CDM+ERM/H:2/IND,TOTAL,26.0,26130228.0,11198670.0,0.0,47510.0,37328898.0,15820.0,0.0,1827.0,550.0,,,
CRI,Costa Rica,COM,S,S+SR/LFM/CDH+ERH/H:1/COM,TOTAL,2248.0,951300874.0,237825219.0,0.0,1189126.0,1189126099.0,413642.0,0.0,529.0,800.0,,,
CRI,Costa Rica,IND,S,S+SR/LFM/CDH+ERH/H:1/IND,TOTAL,1715.0,863831161.0,370213356.0,0.0,1570602.0,1234044532.0,497737.0,0.0,916.0,550.0,,,
CRI,Costa Rica,COM,S,S+SR/LFM/CDH+ERH/H:2/COM,TOTAL,248.0,204024173.0,51006039.0,0.0,255030.0,255030210.0,88763.0,0.0,1028.0,800.0,,,
CRI,Costa Rica,IND,S,S+SR/LFM/CDH+ERH/H:2/IND,TOTAL,69.0,59568366.0,25529302.0,0.0,108306.0,85097662.0,34348.0,0.0,1570.0,550.0,,,
CRI,Costa Rica,COM,S,S+SR/LFM/CDL+ERL/H:1/COM,TOTAL,1635.0,693019047.0,173254762.0,0.0,866274.0,866273812.0,301337.0,0.0,530.0,800.0,,,
CRI,Costa Rica,IND,S,S+SR/LFM/CDL+ERL/H:1/IND,TOTAL,1241.0,623751266.0,267321968.0,0.0,1134093.0,891073241.0,359404.0,0.0,914.0,550.0,,,
CRI,Costa Rica,COM,S,S+SR/LFM/CDL+ERL/H:2/COM,TOTAL,177.0,144032126.0,36008031.0,0.0,180040.0,180040165.0,62663.0,0.0,1017.0,800.0,,,
CRI,Costa Rica,IND,S,S+SR/LFM/CDL+ERL/H:2/IND,TOTAL,49.0,38949383.0,16692594.0,0.0,70817.0,55641976.0,22459.0,0.0,1445.0,550.0,,,
CRI,Costa Rica,COM,S,S+SR/LFM/CDM+ERM/H:1/COM,TOTAL,2188.0,925114935.0,231278732.0,0.0,1156394.0,1156393668.0,402256.0,0.0,529.0,800.0,,,
CRI,Costa Rica,IND,S,S+SR/LFM/CDM+ERM/H:1/IND,TOTAL,1670.0,840480814.0,360206061.0,0.0,1528147.0,1200686873.0,484283.0,0.0,915.0,550.0,,,
CRI,Costa Rica,COM,S,S+SR/LFM/CDM+ERM/H:2/COM,TOTAL,239.0,197796532.0,49449134.0,0.0,247246.0,247245663.0,86053.0,0.0,1035.0,800.0,,,
CRI,Costa Rica,IND,S,S+SR/LFM/CDM+ERM/H:2/IND,TOTAL,68.0,57957884.0,24839096.0,0.0,105378.0,82796978.0,33419.0,0.0,1550.0,550.0,,,
CRI,Costa Rica,RES,W,W+WBB/LPB/CDN+ERM/H:1/RES,TOTAL,249701.0,7950042668.0,1987510659.0,858294.0,14454623.0,9937553329.0,955145.0,249701.0,58.0,550.0,,,
CRI,Costa Rica,COM,W,W+WLI/LWAL/CDH+ERH/H:1/COM,TOTAL,63.0,17533627.0,5844541.0,0.0,29223.0,23378169.0,5036.0,0.0,464.0,600.0,,,
CRI,Costa Rica,COM,W,W+WLI/LWAL/CDH+ERH/H:2/COM,TOTAL,214.0,118781122.0,39593709.0,0.0,197969.0,158374833.0,34135.0,0.0,925.0,600.0,,,
CRI,Costa Rica,COM,W,W+WLI/LWAL/CDH+ERH/H:3/COM,TOTAL,30.0,22213850.0,7404619.0,0.0,37023.0,29618468.0,6387.0,0.0,1234.0,600.0,,,
CRI,Costa Rica,COM,W,W+WLI/LWAL/CDL+ERL/H:1/COM,TOTAL,45.0,11795744.0,3931914.0,0.0,19660.0,15727658.0,3388.0,0.0,437.0,600.0,,,
CRI,Costa Rica,RES,W,W+WLI/LWAL/CDL+ERL/H:1/RES,TOTAL,115206.0,6358854827.0,1589713724.0,395069.0,11561554.0,7948568538.0,1164775.0,115206.0,100.0,550.0,,,
CRI,Costa Rica,COM,W,W+WLI/LWAL/CDL+ERL/H:2/COM,TOTAL,153.0,84469613.0,28156537.0,0.0,140783.0,112626150.0,24274.0,0.0,920.0,600.0,,,
CRI,Costa Rica,COM,W,W+WLI/LWAL/CDL+ERL/H:3/COM,TOTAL,17.0,12893516.0,4297840.0,0.0,21489.0,17191355.0,3707.0,0.0,1264.0,600.0,,,
CRI,Costa Rica,COM,W,W+WLI/LWAL/CDM+ERM/H:1/COM,TOTAL,62.0,17060162.0,5686720.0,0.0,28434.0,22746882.0,4900.0,0.0,459.0,600.0,,,
CRI,Costa Rica,COM,W,W+WLI/LWAL/CDM+ERM/H:2/COM,TOTAL,210.0,115569777.0,38523258.0,0.0,192616.0,154093032.0,33212.0,0.0,917.0,600.0,,,
CRI,Costa Rica,COM,W,W+WLI/LWAL/CDM+ERM/H:3/COM,TOTAL,29.0,21615682.0,7205227.0,0.0,36026.0,28820910.0,6215.0,0.0,1242.0,600.0,,,
CUB,Cuba,COM,CR-,CR+PCPS/LFM/CDL+ERL/H:1/COM,TOTAL,6470.0,416100645.0,73429523.0,0.0,1155835.0,489530171.0,566484.0,0.0,179.0,360.0,,,
CUB,Cuba,IND,CR-,CR+PCPS/LFM/CDL+ERL/H:1/IND,TOTAL,9482.0,1861189736.0,620396578.0,0.0,4772281.0,2481586321.0,2257462.0,0.0,503.0,390.0,,,
CUB,Cuba,COM,CR-,CR+PCPS/LFM/CDL+ERL/H:2/COM,TOTAL,2155.0,277230822.0,48923086.0,0.0,770086.0,326153912.0,377738.0,0.0,357.0,360.0,,,
CUB,Cuba,IND,CR-,CR+PCPS/LFM/CDL+ERL/H:2/IND,TOTAL,1674.0,427593192.0,142531066.0,0.0,1096393.0,570124260.0,519135.0,0.0,655.0,390.0,,,
CUB,Cuba,COM,CR+,CR+PCPS/LFM/CDM+ERM/H:1/COM,TOTAL,5702.0,366496279.0,64675816.0,0.0,1018045.0,431172095.0,498952.0,0.0,179.0,360.0,,,
CUB,Cuba,IND,CR+,CR+PCPS/LFM/CDM+ERM/H:1/IND,TOTAL,8293.0,1626196193.0,542065398.0,0.0,4169734.0,2168261590.0,1972435.0,0.0,503.0,390.0,,,
CUB,Cuba,COM,CR+,CR+PCPS/LFM/CDM+ERM/H:2/COM,TOTAL,1897.0,244182414.0,43091014.0,0.0,678284.0,287273426.0,332708.0,0.0,358.0,360.0,,,
CUB,Cuba,IND,CR+,CR+PCPS/LFM/CDM+ERM/H:2/IND,TOTAL,1462.0,373665302.0,124555100.0,0.0,958116.0,498220401.0,453662.0,0.0,655.0,390.0,,,
CUB,Cuba,RES,CR+,CR/LDUAL/CDH+ERH/H:12/RES,TOTAL,335.0,540992922.0,95469337.0,47977.0,2163972.0,636462264.0,859706.0,16101.0,6460.0,250.0,,,
CUB,Cuba,RES,CR+,CR/LDUAL/CDH+ERH/H:7/RES,TOTAL,499.0,536043100.0,94595841.0,47489.0,2144172.0,630638943.0,848674.0,15954.0,4297.0,250.0,,,
CUB,Cuba,COM,CR-,CR/LDUAL/CDL+ERL/H:12-24/COM,TOTAL,229.0,324226188.0,57216388.0,0.0,900628.0,381442579.0,467787.0,0.0,3933.0,360.0,,,
CUB,Cuba,COM,CR-,CR/LDUAL/CDL+ERL/H:7/COM,TOTAL,2681.0,1771093479.0,312545910.0,0.0,4919704.0,2083639387.0,2531976.0,0.0,1835.0,360.0,,,
CUB,Cuba,COM,CR+,CR/LDUAL/CDM+ERM/H:12-24/COM,TOTAL,197.0,283447125.0,50020082.0,0.0,787353.0,333467210.0,408952.0,0.0,3997.0,360.0,,,
CUB,Cuba,COM,CR+,CR/LDUAL/CDM+ERM/H:7/COM,TOTAL,2359.0,1560467425.0,275376605.0,0.0,4334632.0,1835844031.0,2230862.0,0.0,1837.0,360.0,,,
CUB,Cuba,RES,CR-,CR/LFINF/CDL+ERL/H:2/RES,TOTAL,47482.0,1128163855.0,199087732.0,161182.0,4512655.0,1327251594.0,1645798.0,56995.0,95.0,250.0,,,
CUB,Cuba,RES,CR-,CR/LFINF/CDL+ERL/H:3/RES,TOTAL,30987.0,822145594.0,145084520.0,176944.0,3288582.0,967230112.0,1200251.0,62289.0,106.0,250.0,,,
CUB,Cuba,RES,CR-,CR/LFINF/CDL+ERL/H:4/RES,TOTAL,1064.0,140501325.0,24794351.0,31648.0,562005.0,165295677.0,205269.0,10644.0,528.0,250.0,,,
CUB,Cuba,RES,CR-,CR/LFINF/CDL+ERL/H:5/RES,TOTAL,851.0,140469036.0,24788653.0,31630.0,561876.0,165257686.0,205372.0,10640.0,660.0,250.0,,,
CUB,Cuba,RES,CR+,CR/LFINF/CDM+ERM/H:2/RES,TOTAL,66260.0,3148651739.0,555644428.0,225392.0,12594607.0,3704296165.0,4593342.0,79518.0,190.0,250.0,,,
CUB,Cuba,RES,CR+,CR/LFINF/CDM+ERM/H:3/RES,TOTAL,39547.0,2098500495.0,370323615.0,225304.0,8394002.0,2468824108.0,3063602.0,79486.0,212.0,250.0,,,
CUB,Cuba,RES,CR+,CR/LFINF/CDM+ERM/H:4/RES,TOTAL,1597.0,421498092.0,74382015.0,47539.0,1685992.0,495880107.0,615797.0,15966.0,1056.0,250.0,,,
CUB,Cuba,RES,CR+,CR/LFINF/CDM+ERM/H:5/RES,TOTAL,2126.0,701489892.0,123792334.0,79116.0,2805960.0,825282229.0,1025609.0,26572.0,1320.0,250.0,,,
CUB,Cuba,RES,CR+,CR/LFINF/CDM+ERM/H:6/RES,TOTAL,1064.0,421503972.0,74383053.0,47472.0,1686016.0,495887027.0,616709.0,15966.0,1585.0,250.0,,,
CUB,Cuba,COM,CR-,CR/LFM/CDL+ERL/H:1/COM,TOTAL,10464.0,660321248.0,116527278.0,0.0,1834226.0,776848533.0,898968.0,0.0,175.0,360.0,,,
CUB,Cuba,IND,CR-,CR/LFM/CDL+ERL/H:1/IND,TOTAL,9482.0,1861189736.0,620396578.0,0.0,4772281.0,2481586321.0,2257462.0,0.0,503.0,390.0,,,
CUB,Cuba,RES,CR-,CR/LFM/CDL+ERL/H:1/RES,TOTAL,53335.0,704025342.0,124239775.0,150538.0,2816101.0,828265112.0,1026298.0,53335.0,53.0,250.0,,,
CUB,Cuba,COM,CR-,CR/LFM/CDL+ERL/H:2/COM,TOTAL,2815.0,355406053.0,62718715.0,0.0,987239.0,418124762.0,484255.0,0.0,351.0,360.0,,,
CUB,Cuba,IND,CR-,CR/LFM/CDL+ERL/H:2/IND,TOTAL,1674.0,427593192.0,142531066.0,0.0,1096393.0,570124260.0,519135.0,0.0,655.0,390.0,,,
CUB,Cuba,RES,CR-,CR/LFM/CDL+ERL/H:2/RES,TOTAL,44465.0,1056477010.0,186437119.0,150605.0,4225908.0,1242914121.0,1541219.0,53359.0,95.0,250.0,,,
CUB,Cuba,COM,CR+,CR/LFM/CDM+ERM/H:1/COM,TOTAL,9224.0,581973706.0,102701243.0,0.0,1616594.0,684674948.0,792305.0,0.0,175.0,360.0,,,
CUB,Cuba,IND,CR+,CR/LFM/CDM+ERM/H:1/IND,TOTAL,8293.0,1626196193.0,542065398.0,0.0,4169734.0,2168261590.0,1972435.0,0.0,503.0,390.0,,,
CUB,Cuba,COM,CR+,CR/LFM/CDM+ERM/H:2/COM,TOTAL,2481.0,313180649.0,55267176.0,0.0,869946.0,368447823.0,426721.0,0.0,351.0,360.0,,,
CUB,Cuba,IND,CR+,CR/LFM/CDM+ERM/H:2/IND,TOTAL,1462.0,373665302.0,124555100.0,0.0,958116.0,498220401.0,453662.0,0.0,655.0,390.0,,,
CUB,Cuba,RES,OT,INF/LN/CDN+ERN/H:1/RES,TOTAL,48986.0,252182500.0,63045623.0,136950.0,2101521.0,315228118.0,218895.0,48986.0,43.0,120.0,,,
CUB,Cuba,COM,MR|MCF,MCF/LWAL/CDL+ERL/H:1/COM,TOTAL,7491.0,467521314.0,82503760.0,0.0,1298670.0,550025077.0,636488.0,0.0,173.0,360.0,,,
CUB,Cuba,IND,MR|MCF,MCF/LWAL/CDL+ERL/H:1/IND,TOTAL,2369.0,376517888.0,125505963.0,0.0,965430.0,502023853.0,456684.0,0.0,408.0,390.0,,,
CUB,Cuba,RES,MR|MCF,MCF/LWAL/CDL+ERL/H:1/RES,TOTAL,214583.0,5310940934.0,937224871.0,605336.0,21243764.0,6248165807.0,7742057.0,214583.0,99.0,250.0,,,
CUB,Cuba,COM,MR|MCF,MCF/LWAL/CDL+ERL/H:2/COM,TOTAL,11238.0,1402563377.0,247511185.0,0.0,3896009.0,1650074561.0,1911047.0,0.0,347.0,360.0,,,
CUB,Cuba,IND,MR|MCF,MCF/LWAL/CDL+ERL/H:2/IND,TOTAL,7111.0,1540887282.0,513629092.0,0.0,3950993.0,2054516376.0,1870770.0,0.0,556.0,390.0,,,
CUB,Cuba,RES,MR|MCF,MCF/LWAL/CDL+ERL/H:2/RES,TOTAL,195894.0,8727063788.0,1540070083.0,669948.0,34908255.0,10267133869.0,12731287.0,235069.0,178.0,250.0,,,
CUB,Cuba,COM,MR|MCF,MCF/LWAL/CDL+ERL/H:3/COM,TOTAL,2498.0,666595037.0,117634418.0,0.0,1851653.0,784229449.0,909014.0,0.0,741.0,360.0,,,
CUB,Cuba,IND,MR|MCF,MCF/LWAL/CDL+ERL/H:3/IND,TOTAL,1187.0,300746399.0,100248799.0,0.0,771145.0,400995198.0,365485.0,0.0,650.0,390.0,,,
CUB,Cuba,RES,MR|MCF,MCF/LWAL/CDL+ERL/H:3/RES,TOTAL,56053.0,2788505500.0,492089204.0,321302.0,11154022.0,3280594706.0,4070940.0,112668.0,199.0,250.0,,,
CUB,Cuba,COM,MR|MCF,MCF/LWAL/CDM+ERM/H:1/COM,TOTAL,6125.0,382460070.0,67492954.0,0.0,1062389.0,449953019.0,520685.0,0.0,173.0,360.0,,,
CUB,Cuba,IND,MR|MCF,MCF/LWAL/CDM+ERM/H:1/IND,TOTAL,1937.0,308059406.0,102686470.0,0.0,789896.0,410745875.0,373649.0,0.0,408.0,390.0,,,
CUB,Cuba,RES,MR|MCF,MCF/LWAL/CDM+ERM/H:1/RES,TOTAL,53335.0,1320047530.0,232949563.0,150538.0,5280190.0,1552997105.0,1924308.0,53335.0,99.0,250.0,,,
CUB,Cuba,COM,MR|MCF,MCF/LWAL/CDM+ERM/H:2/COM,TOTAL,9191.0,1147550522.0,202508913.0,0.0,3187640.0,1350059437.0,1563582.0,0.0,347.0,360.0,,,
CUB,Cuba,IND,MR|MCF,MCF/LWAL/CDM+ERM/H:2/IND,TOTAL,5814.0,1260726653.0,420242217.0,0.0,3232632.0,1680968870.0,1530631.0,0.0,556.0,390.0,,,
CUB,Cuba,RES,MR|MCF,MCF/LWAL/CDM+ERM/H:2/RES,TOTAL,86280.0,3843777890.0,678313748.0,292771.0,15375112.0,4522091640.0,5607412.0,103538.0,178.0,250.0,,,
CUB,Cuba,COM,MR|MCF,MCF/LWAL/CDM+ERM/H:3/COM,TOTAL,2042.0,545395195.0,96246207.0,0.0,1514987.0,641641402.0,743738.0,0.0,742.0,360.0,,,
CUB,Cuba,IND,MR|MCF,MCF/LWAL/CDM+ERM/H:3/IND,TOTAL,968.0,246065044.0,82021679.0,0.0,630936.0,328086730.0,299033.0,0.0,652.0,390.0,,,
CUB,Cuba,RES,MR|MCF,MCF/LWAL/CDM+ERM/H:3/RES,TOTAL,30987.0,1541522974.0,272033462.0,176944.0,6166092.0,1813556437.0,2250470.0,62289.0,199.0,250.0,,,
CUB,Cuba,RES,MR|MCF,MR/LWAL/CDL+ERL/H:1/RES,TOTAL,214583.0,5310940935.0,937224871.0,605336.0,21243764.0,6248165807.0,9687864.0,214583.0,99.0,250.0,,,
CUB,Cuba,RES,MR|MCF,MR/LWAL/CDL+ERL/H:2/RES,TOTAL,187029.0,8332134068.0,1470376604.0,638286.0,33328536.0,9802510671.0,15207629.0,224432.0,178.0,250.0,,,
CUB,Cuba,RES,MR|MCF,MR/LWAL/CDL+ERL/H:3/RES,TOTAL,56053.0,2788505500.0,492089204.0,321302.0,11154022.0,3280594706.0,5092433.0,112668.0,199.0,250.0,,,
CUB,Cuba,RES,MR|MCF,MR/LWAL/CDM+ERM/H:1/RES,TOTAL,53335.0,1320047530.0,232949563.0,150538.0,5280190.0,1552997105.0,2407943.0,53335.0,99.0,250.0,,,
CUB,Cuba,RES,MR|MCF,MR/LWAL/CDM+ERM/H:2/RES,TOTAL,86280.0,3843777890.0,678313748.0,292771.0,15375112.0,4522091640.0,7015580.0,103538.0,178.0,250.0,,,
CUB,Cuba,RES,MR|MCF,MR/LWAL/CDM+ERM/H:3/RES,TOTAL,30987.0,1541522974.0,272033462.0,176944.0,6166092.0,1813556437.0,2815165.0,62289.0,199.0,250.0,,,
CUB,Cuba,RES,ADO|ST|E,MUR+ADO/LWAL/CDN+ERN/H:1/RES,TOTAL,44117.0,366874918.0,64742638.0,124569.0,2620535.0,431617547.0,1195052.0,44117.0,59.0,140.0,,,
CUB,Cuba,RES,ADO|ST|E,MUR+ADO/LWAL/CDN+ERN/H:2/RES,TOTAL,16121.0,201098725.0,35488000.0,55660.0,1436419.0,236586737.0,655431.0,19350.0,89.0,140.0,,,
CUB,Cuba,RES,MUR,MUR/LWAL/CDN+ERN/H:1/RES,TOTAL,470626.0,6988796665.0,1747199163.0,1326373.0,27955187.0,8735995828.0,12748497.0,470626.0,59.0,250.0,,,
CUB,Cuba,RES,MUR,MUR/LWAL/CDN+ERN/H:2/RES,TOTAL,413305.0,9206372037.0,2301593015.0,1402358.0,36825488.0,11507965055.0,16803269.0,495964.0,89.0,250.0,,,
CUB,Cuba,COM,S,S+SL/LFM/CDL+ERL/H:1/COM,TOTAL,13383.0,838370395.0,209592598.0,0.0,2328807.0,1047962995.0,810083.0,0.0,174.0,360.0,,,
CUB,Cuba,IND,S,S+SL/LFM/CDL+ERL/H:1/IND,TOTAL,4269.0,782731609.0,335456405.0,0.0,2007004.0,1118188013.0,636036.0,0.0,470.0,390.0,,,
CUB,Cuba,COM,S,S+SL/LFM/CDM+ERM/H:1/COM,TOTAL,10950.0,685939113.0,171484775.0,0.0,1905386.0,857423887.0,662795.0,0.0,174.0,360.0,,,
CUB,Cuba,IND,S,S+SL/LFM/CDM+ERM/H:1/IND,TOTAL,3491.0,640416181.0,274464076.0,0.0,1642093.0,914880258.0,520392.0,0.0,470.0,390.0,,,
CUB,Cuba,COM,W,W+WLI/LWAL/CDL+ERL/H:1/COM,TOTAL,3580.0,186591352.0,62197117.0,0.0,621971.0,248788471.0,107184.0,0.0,174.0,300.0,,,
CUB,Cuba,IND,W,W+WLI/LWAL/CDL+ERL/H:1/IND,TOTAL,1202.0,146841113.0,79068290.0,0.0,564774.0,225909403.0,85476.0,0.0,470.0,260.0,,,
CUB,Cuba,RES,W,W+WLI/LWAL/CDL+ERL/H:1/RES,TOTAL,198977.0,1365779700.0,341444929.0,562942.0,8536123.0,1707224630.0,859976.0,198977.0,43.0,160.0,,,
CUB,Cuba,COM,W,W+WLI/LWAL/CDL+ERL/H:2/COM,TOTAL,4178.0,435379029.0,145126344.0,0.0,1451263.0,580505373.0,250233.0,0.0,347.0,300.0,,,
CUB,Cuba,IND,W,W+WLI/LWAL/CDL+ERL/H:2/IND,TOTAL,2802.0,452391447.0,243595396.0,0.0,1739967.0,695986844.0,263553.0,0.0,621.0,260.0,,,
CUB,Cuba,RES,W,W+WLI/LWAL/CDL+ERL/H:2/IRI(SOS)/RES,TOTAL,83600.0,860743218.0,215185802.0,287194.0,5379645.0,1075929022.0,542352.0,100321.0,64.0,160.0,,,
CUB,Cuba,RES,W,W+WLI/LWAL/CDL+ERL/H:2/RES,TOTAL,139334.0,1434585074.0,358646269.0,476274.0,8966157.0,1793231361.0,903927.0,167205.0,64.0,160.0,,,
CUB,Cuba,COM,W,W+WLI/LWAL/CDM+ERM/H:1/COM,TOTAL,2931.0,152602460.0,50867484.0,0.0,508675.0,203469947.0,87660.0,0.0,174.0,300.0,,,
CUB,Cuba,IND,W,W+WLI/LWAL/CDM+ERM/H:1/IND,TOTAL,980.0,120141679.0,64691673.0,0.0,462083.0,184833353.0,69935.0,0.0,472.0,260.0,,,
CUB,Cuba,COM,W,W+WLI/LWAL/CDM+ERM/H:2/COM,TOTAL,3418.0,356218131.0,118739381.0,0.0,1187394.0,474957498.0,204735.0,0.0,347.0,300.0,,,
CUB,Cuba,IND,W,W+WLI/LWAL/CDM+ERM/H:2/IND,TOTAL,2294.0,370138054.0,199305107.0,0.0,1423608.0,569443158.0,215634.0,0.0,621.0,260.0,,,
CUB,Cuba,RES,W,W+WS/LPB/CDN+ERM/H:1/RES,TOTAL,238278.0,1635543309.0,408885830.0,673590.0,10222146.0,2044429138.0,1064742.0,238278.0,43.0,160.0,,,
CUB,Cuba,RES,W,W+WWD/LWAL/CDN+ERL/H:1/RES,TOTAL,23532.0,161520693.0,40380172.0,66443.0,1009504.0,201900871.0,101703.0,23532.0,43.0,160.0,,,
DMA,Dominica,COM,CR+,CR+PCPS/LFM/CDM+ERM/H:1/COM,TOTAL,36.0,6712565.0,1184572.0,0.0,6517.0,7897134.0,3194.0,0.0,181.0,1030.0,,,
DMA,Dominica,IND,CR+,CR+PCPS/LFM/CDM+ERM/H:1/IND,TOTAL,17.0,19361560.0,6453852.0,0.0,23903.0,25815414.0,11307.0,0.0,1406.0,810.0,,,
DMA,Dominica,COM,CR-,CR/LFINF/CDL+ERL/H:1/COM,TOTAL,142.0,26400251.0,4658868.0,0.0,25631.0,31059118.0,12562.0,0.0,180.0,1030.0,,,
DMA,Dominica,RES,CR-,CR/LFINF/CDL+ERL/H:1/RES,TOTAL,6.0,1027037.0,181242.0,17.0,1284.0,1208279.0,468.0,6.0,214.0,800.0,,,
DMA,Dominica,RES,CR-,CR/LFINF/CDL+ERL/H:2/RES,TOTAL,1510.0,400107698.0,70607240.0,6001.0,500135.0,470714938.0,182403.0,1813.0,331.0,800.0,,,
DMA,Dominica,COM,CR+,CR/LFINF/CDM+ERM/H:2/COM,TOTAL,15.0,47906189.0,8454033.0,0.0,46511.0,56360223.0,22814.0,0.0,3101.0,1030.0,,,
DMA,Dominica,RES,CR+,CR/LFINF/CDM+ERM/H:3/RES,TOTAL,328.0,135066912.0,23835337.0,2038.0,168834.0,158902247.0,61620.0,657.0,515.0,800.0,,,
DMA,Dominica,COM,CR+,CR/LFINF/CDM+ERM/H:4/COM,TOTAL,8.0,8528126.0,1504964.0,0.0,8280.0,10033090.0,4068.0,0.0,1035.0,1030.0,,,
DMA,Dominica,IND,CR-,CR/LFM/CDL+ERL/H:1/IND,TOTAL,454.0,11923225.0,3974408.0,0.0,14720.0,15897632.0,6963.0,0.0,32.0,810.0,,,
DMA,Dominica,IND,MR|MCF,MCF/LWAL/CDL+ERL/H:1/IND,TOTAL,240.0,4628008.0,1542671.0,0.0,5714.0,6170675.0,2703.0,0.0,24.0,810.0,,,
DMA,Dominica,IND,MR|MCF,MCF/LWAL/CDM+ERM/H:1/IND,TOTAL,124.0,41303923.0,13767973.0,0.0,50992.0,55071896.0,24121.0,0.0,411.0,810.0,,,
DMA,Dominica,RES,MR|MCF,MR/LWAL/CDL+ERL/H:1/RES,TOTAL,16218.0,3088171805.0,544971494.0,53718.0,3860215.0,3633143298.0,1760387.0,16218.0,238.0,800.0,,,
DMA,Dominica,COM,S,S+SL/LFM/CDL+ERL/H:1/COM,TOTAL,85.0,5749085.0,1437271.0,0.0,5582.0,7186357.0,1942.0,0.0,66.0,1030.0,,,
DMA,Dominica,IND,S,S+SL/LFM/CDL+ERL/H:1/IND,TOTAL,316.0,9203340.0,3944288.0,0.0,11362.0,13147625.0,3601.0,0.0,36.0,810.0,,,
DMA,Dominica,COM,S,S+SR/LFINF/CDM+ERM/H:1/COM,TOTAL,224.0,38028159.0,9507040.0,0.0,36921.0,47535199.0,12843.0,0.0,165.0,1030.0,,,
DMA,Dominica,IND,S,S+SR/LFINF/CDM+ERM/H:1/IND,TOTAL,21.0,9246869.0,3962945.0,0.0,11416.0,13209814.0,3618.0,0.0,544.0,810.0,,,
DMA,Dominica,COM,S,S+SR/LFM/CDM+ERM/H:1/COM,TOTAL,147.0,25042063.0,6260516.0,0.0,24313.0,31302581.0,8457.0,0.0,165.0,1030.0,,,
DMA,Dominica,IND,S,S+SR/LFM/CDM+ERM/H:1/IND,TOTAL,22.0,27194124.0,11654626.0,0.0,33573.0,38848746.0,10640.0,0.0,1526.0,810.0,,,
DMA,Dominica,RES,W,W+WLI/LWAL/CDL+ERL/H:1/RES,TOTAL,30.0,3897829.0,974457.0,100.0,5732.0,4872287.0,578.0,30.0,191.0,680.0,,,
DMA,Dominica,RES,W,W+WLI/LWAL/CDM+ERM/H:1/RES,TOTAL,1219.0,169115418.0,42278854.0,3997.0,248699.0,211394273.0,25055.0,1219.0,204.0,680.0,,,
DMA,Dominica,COM,W,W+WLI/LWAL/CDM+ERM/H:2/COM,TOTAL,208.0,82926860.0,27642286.0,0.0,81301.0,110569147.0,14018.0,0.0,391.0,1020.0,,,
DOM,Dominican Republic,IND,CR-,CR+PCPS/LFM/CDL+ERL/H:1/IND,TOTAL,1500.0,377730912.0,125910304.0,0.0,821154.0,503641238.0,388437.0,0.0,547.0,460.0,,,
DOM,Dominican Republic,IND,CR-,CR+PCPS/LFM/CDL+ERL/H:2/IND,TOTAL,123.0,67506664.0,22502224.0,0.0,146754.0,90008879.0,69487.0,0.0,1193.0,460.0,,,
DOM,Dominican Republic,IND,CR+,CR+PCPS/LFM/CDM+ERM/H:1/IND,TOTAL,508.0,124940894.0,41646963.0,0.0,271611.0,166587861.0,128482.0,0.0,535.0,460.0,,,
DOM,Dominican Republic,IND,CR+,CR+PCPS/LFM/CDM+ERM/H:2/IND,TOTAL,29.0,16027388.0,5342461.0,0.0,34842.0,21369849.0,16498.0,0.0,1201.0,460.0,,,
DOM,Dominican Republic,COM,CR-,CR/LDUAL/CDL+ERL/H:12-24/COM,TOTAL,34.0,93390600.0,16480696.0,0.0,133415.0,109871291.0,69296.0,0.0,3924.0,700.0,,,
DOM,Dominican Republic,COM,CR+,CR/LDUAL/CDM+ERM/H:12-24/COM,TOTAL,7.0,20717593.0,3656045.0,0.0,29597.0,24373640.0,15372.0,0.0,4228.0,700.0,,,
DOM,Dominican Republic,COM,CR-,CR/LFM/CDL+ERL/H:1/COM,TOTAL,6632.0,1355326132.0,239175190.0,0.0,1936180.0,1594501318.0,948938.0,0.0,292.0,700.0,,,
DOM,Dominican Republic,IND,CR-,CR/LFM/CDL+ERL/H:1/IND,TOTAL,4733.0,1206645431.0,402215140.0,0.0,2623142.0,1608860575.0,1240843.0,0.0,554.0,460.0,,,
DOM,Dominican Republic,COM,CR-,CR/LFM/CDL+ERL/H:2/COM,TOTAL,878.0,350423537.0,61839451.0,0.0,500605.0,412262982.0,245554.0,0.0,570.0,700.0,,,
DOM,Dominican Republic,IND,CR-,CR/LFM/CDL+ERL/H:2/IND,TOTAL,453.0,268339433.0,89446479.0,0.0,583347.0,357785915.0,276211.0,0.0,1288.0,460.0,,,
DOM,Dominican Republic,COM,CR-,CR/LFM/CDL+ERL/H:3/COM,TOTAL,254.0,147735914.0,26071044.0,0.0,211051.0,173806955.0,103610.0,0.0,831.0,700.0,,,
DOM,Dominican Republic,RES,CR-,CR/LFM/CDL+ERL/H:3/RES,Urban,836.0,426075121.0,75189727.0,9369.0,329780.0,501264849.0,120361.0,2926.0,394.0,1292.0,,,
DOM,Dominican Republic,RES,CR-,CR/LFM/CDL+ERL/H:4/RES,Urban,1417.0,1128683804.0,199179494.0,21974.0,873594.0,1327863299.0,319074.0,7784.0,617.0,1292.0,,,
DOM,Dominican Republic,COM,CR+,CR/LFM/CDM+ERM/H:1/COM,TOTAL,2427.0,489826624.0,86439992.0,0.0,699752.0,576266611.0,342955.0,0.0,288.0,700.0,,,
DOM,Dominican Republic,IND,CR+,CR/LFM/CDM+ERM/H:1/IND,TOTAL,1694.0,425756838.0,141918941.0,0.0,925558.0,567675771.0,437823.0,0.0,546.0,460.0,,,
DOM,Dominican Republic,COM,CR+,CR/LFM/CDM+ERM/H:2/COM,TOTAL,283.0,109419282.0,19309286.0,0.0,156313.0,128728566.0,76674.0,0.0,552.0,700.0,,,
DOM,Dominican Republic,IND,CR+,CR/LFM/CDM+ERM/H:2/IND,TOTAL,136.0,74073515.0,24691171.0,0.0,161029.0,98764683.0,76247.0,0.0,1184.0,460.0,,,
DOM,Dominican Republic,COM,CR+,CR/LFM/CDM+ERM/H:3/COM,TOTAL,71.0,39516605.0,6973518.0,0.0,56452.0,46490125.0,27714.0,0.0,795.0,700.0,,,
DOM,Dominican Republic,RES,CR+,CR/LFM/CDM+ERM/H:3/RES,Urban,21967.0,11111101776.0,1960782667.0,226184.0,8599924.0,13071884441.0,3138758.0,76697.0,391.0,1292.0,,,
DOM,Dominican Republic,RES,CR+,CR/LFM/CDM+ERM/H:4/RES,Urban,44606.0,35548214394.0,6273214304.0,642646.0,27514098.0,41821428709.0,10049333.0,244959.0,617.0,1292.0,,,
DOM,Dominican Republic,RES,CR-,CR/LFM/CDN+ERL/H:4/RES,Urban,83.0,66459113.0,11728079.0,1460.0,51439.0,78187191.0,18788.0,456.0,620.0,1292.0,,,
DOM,Dominican Republic,RES,CR-,CR/LWAL/CDL+ERL/H:>4/RES,Urban,14795.0,25771397631.0,4547893700.0,478835.0,19946902.0,30319291330.0,8475782.0,177509.0,1348.0,1292.0,,,
DOM,Dominican Republic,RES,CR+,CR/LWAL/CDM+ERM/H:>4/RES,Urban,10133.0,17541179531.0,3095502267.0,306416.0,13576764.0,20636681805.0,5769001.0,121054.0,1340.0,1292.0,,,
DOM,Dominican Republic,RES,OT,MATO/LPB/CDN+ERN/H:1/RES,Rural,40982.0,1280367676.0,320091920.0,135127.0,3169227.0,1600459596.0,330108.0,42201.0,77.0,404.0,,,
DOM,Dominican Republic,RES,OT,MATO/LPB/CDN+ERN/H:1/RES,Urban,48495.0,1618338881.0,404584723.0,154638.0,4005789.0,2022923606.0,417245.0,52827.0,83.0,404.0,,,
DOM,Dominican Republic,RES,OT,MATO/LPB/CDN+ERN/H:2/RES,Urban,20640.0,638570289.0,159642568.0,57779.0,1580620.0,798212855.0,164755.0,20890.0,77.0,404.0,,,
DOM,Dominican Republic,RES,OT,MATO/LPB/CDN+ERN/H:2/RES,Rural,3130.0,95014676.0,23753671.0,13851.0,235185.0,118768345.0,24515.0,3133.0,75.0,404.0,,,
DOM,Dominican Republic,RES,OT,MATO/LPB/CDN+ERN/H:3/RES,Urban,3757.0,115419751.0,28854938.0,9169.0,285692.0,144274687.0,29800.0,3774.0,76.0,404.0,,,
DOM,Dominican Republic,RES,OT,MATO/LPB/CDN+ERN/H:3/RES,Rural,19.0,580333.0,145082.0,55.0,1436.0,725416.0,150.0,19.0,76.0,404.0,,,
DOM,Dominican Republic,COM,MR|MCF,MCF/LWAL/CDL+ERL/H:1/COM,TOTAL,13575.0,2779922165.0,490574502.0,0.0,3971317.0,3270496667.0,1946375.0,0.0,293.0,700.0,,,
DOM,Dominican Republic,IND,MR|MCF,MCF/LWAL/CDL+ERL/H:1/IND,TOTAL,6343.0,1620151621.0,540050534.0,0.0,3522069.0,2160202161.0,1666068.0,0.0,555.0,460.0,,,
DOM,Dominican Republic,COM,MR|MCF,MCF/LWAL/CDL+ERL/H:2/COM,TOTAL,13576.0,5560120470.0,981197737.0,0.0,7943029.0,6541318227.0,3896169.0,0.0,585.0,700.0,,,
DOM,Dominican Republic,IND,MR|MCF,MCF/LWAL/CDL+ERL/H:2/IND,TOTAL,4214.0,2565221127.0,855073700.0,0.0,5576568.0,3420294843.0,2640470.0,0.0,1323.0,460.0,,,
DOM,Dominican Republic,COM,MR|MCF,MCF/LWAL/CDL+ERL/H:3/COM,TOTAL,1405.0,846301767.0,149347372.0,0.0,1209003.0,995649149.0,593525.0,0.0,861.0,700.0,,,
DOM,Dominican Republic,COM,MR|MCF,MCF/LWAL/CDM+ERM/H:1/COM,TOTAL,4449.0,903398737.0,159423303.0,0.0,1290570.0,1062822045.0,632520.0,0.0,290.0,700.0,,,
DOM,Dominican Republic,IND,MR|MCF,MCF/LWAL/CDM+ERM/H:1/IND,TOTAL,2046.0,516074205.0,172024738.0,0.0,1121900.0,688098947.0,530701.0,0.0,548.0,460.0,,,
DOM,Dominican Republic,COM,MR|MCF,MCF/LWAL/CDM+ERM/H:2/COM,TOTAL,4454.0,1808721931.0,319186218.0,0.0,2583888.0,2127908162.0,1267435.0,0.0,580.0,700.0,,,
DOM,Dominican Republic,IND,MR|MCF,MCF/LWAL/CDM+ERM/H:2/IND,TOTAL,1334.0,798537326.0,266179109.0,0.0,1735951.0,1064716425.0,821962.0,0.0,1301.0,460.0,,,
DOM,Dominican Republic,COM,MR|MCF,MCF/LWAL/CDM+ERM/H:3/COM,TOTAL,419.0,246273426.0,43460006.0,0.0,351819.0,289733433.0,172716.0,0.0,840.0,700.0,,,
DOM,Dominican Republic,RES,MR|MCF,MR+CBH/LWAL/CDL+ERL/H:1/RES,Urban,172540.0,15645700592.0,2761005989.0,442484.0,19363491.0,18406706569.0,10630952.0,172540.0,112.0,808.0,,,
DOM,Dominican Republic,RES,MR|MCF,MR+CBH/LWAL/CDL+ERL/H:2/RES,Urban,162995.0,15219234893.0,2685747332.0,432719.0,18835687.0,17904982225.0,10346725.0,167861.0,116.0,808.0,,,
DOM,Dominican Republic,RES,MR|MCF,MR+CBH/LWAL/CDL+ERL/H:3/RES,Urban,116541.0,18469872860.0,3259389327.0,342541.0,14295567.0,21729262188.0,7856979.0,127296.0,123.0,1292.0,,,
DOM,Dominican Republic,RES,MR|MCF,MR+CBH/LWAL/CDM+ERM/H:1/RES,Urban,658910.0,62739178667.0,11071619758.0,2052841.0,77647498.0,73810798422.0,42630063.0,692065.0,118.0,808.0,,,
DOM,Dominican Republic,RES,MR|MCF,MR+CBH/LWAL/CDM+ERM/H:2/RES,Urban,191224.0,20687024870.0,3650651445.0,676791.0,25602754.0,24337676319.0,14063976.0,227995.0,134.0,808.0,,,
DOM,Dominican Republic,RES,MR|MCF,MR+CBH/LWAL/CDM+ERM/H:3/RES,Urban,62972.0,10346961342.0,1825934356.0,229833.0,8008484.0,12172895695.0,4401539.0,71244.0,127.0,1292.0,,,
DOM,Dominican Republic,RES,ADO|ST|E,MUR+ADO/LWAL/CDN+ERN/H:1/RES,Urban,196.0,8628653.0,1522701.0,628.0,21358.0,10151357.0,9740.0,205.0,109.0,404.0,,,
DOM,Dominican Republic,RES,ADO|ST|E,MUR+ADO/LWAL/CDN+ERN/H:1/RES,Rural,1132.0,47132442.0,8317484.0,3996.0,116664.0,55449930.0,53203.0,1158.0,103.0,404.0,,,
DOM,Dominican Republic,RES,ADO|ST|E,MUR+ADO/LWAL/CDN+ERN/H:2/RES,Urban,67.0,2831414.0,499661.0,192.0,7008.0,3331073.0,3198.0,67.0,105.0,404.0,,,
DOM,Dominican Republic,RES,MUR,MUR/LWAL/CDN+ERN/H:1/RES,Urban,52052.0,3580840433.0,895210111.0,224371.0,8863466.0,4476050542.0,4042037.0,80086.0,170.0,404.0,,,
DOM,Dominican Republic,RES,MUR,MUR/LWAL/CDN+ERN/H:1/RES,Rural,530613.0,24736386329.0,6184096592.0,1726216.0,61228679.0,30920482907.0,27922318.0,545917.0,115.0,404.0,,,
DOM,Dominican Republic,RES,MUR,MUR/LWAL/CDN+ERN/H:2/RES,Urban,296983.0,14762443396.0,3690610849.0,855028.0,36540701.0,18453054244.0,16673322.0,320385.0,123.0,404.0,,,
DOM,Dominican Republic,RES,MUR,MUR/LWAL/CDN+ERN/H:2/RES,Rural,55942.0,3094654100.0,773663526.0,232237.0,7660035.0,3868317626.0,3495233.0,68326.0,137.0,404.0,,,
DOM,Dominican Republic,RES,MUR,MUR/LWAL/CDN+ERN/H:3/RES,Urban,176335.0,8004898533.0,2001224632.0,457565.0,19814105.0,10006123165.0,9046244.0,176335.0,112.0,404.0,,,
DOM,Dominican Republic,RES,MUR,MUR/LWAL/CDN+ERN/H:3/RES,Rural,3373.0,455880785.0,113970203.0,37774.0,1128418.0,569850982.0,515186.0,10036.0,335.0,404.0,,,
DOM,Dominican Republic,COM,S,S+SL/LFM/CDL+ERL/H:1/COM,TOTAL,8035.0,1642996171.0,410749057.0,0.0,2347137.0,2053745216.0,816461.0,0.0,292.0,700.0,,,
DOM,Dominican Republic,IND,S,S+SL/LFM/CDL+ERL/H:1/IND,TOTAL,1499.0,377573985.0,161817421.0,0.0,820813.0,539391422.0,260123.0,0.0,548.0,460.0,,,
DOM,Dominican Republic,IND,S,S+SL/LFM/CDL+ERL/H:2/IND,TOTAL,123.0,67001363.0,28714868.0,0.0,145655.0,95716230.0,46192.0,0.0,1184.0,460.0,,,
DOM,Dominican Republic,COM,S,S+SL/LFM/CDM+ERM/H:1/COM,TOTAL,2606.0,531288510.0,132822124.0,0.0,758984.0,664110630.0,264016.0,0.0,291.0,700.0,,,
DOM,Dominican Republic,IND,S,S+SL/LFM/CDM+ERM/H:1/IND,TOTAL,452.0,111665577.0,47856670.0,0.0,242751.0,159522252.0,76930.0,0.0,537.0,460.0,,,
DOM,Dominican Republic,IND,S,S+SL/LFM/CDM+ERM/H:2/IND,TOTAL,27.0,14969631.0,6415554.0,0.0,32543.0,21385187.0,10320.0,0.0,1205.0,460.0,,,
DOM,Dominican Republic,COM,S,S+SR/LFBR/CDL+ERL/H:12-24/COM,TOTAL,630.0,1806312485.0,451578121.0,0.0,2580446.0,2257890603.0,982536.0,0.0,4096.0,700.0,,,
DOM,Dominican Republic,COM,S,S+SR/LFBR/CDL+ERL/H:7/COM,TOTAL,373.0,492125873.0,123031473.0,0.0,703037.0,615157343.0,266144.0,0.0,1885.0,700.0,,,
DOM,Dominican Republic,COM,S,S+SR/LFBR/CDM+ERM/H:12-24/COM,TOTAL,202.0,560070274.0,140017567.0,0.0,800100.0,700087841.0,304648.0,0.0,3961.0,700.0,,,
DOM,Dominican Republic,COM,S,S+SR/LFBR/CDM+ERM/H:7/COM,TOTAL,115.0,145913664.0,36478420.0,0.0,208448.0,182392082.0,78911.0,0.0,1813.0,700.0,,,
DOM,Dominican Republic,COM,S,S+SR/LFINF/CDL+ERL/H:1/COM,TOTAL,7410.0,1524471644.0,381117911.0,0.0,2177817.0,1905589556.0,757561.0,0.0,294.0,700.0,,,
DOM,Dominican Republic,IND,S,S+SR/LFINF/CDL+ERL/H:1/IND,TOTAL,1499.0,377405025.0,161745006.0,0.0,820446.0,539150052.0,260007.0,0.0,547.0,460.0,,,
DOM,Dominican Republic,COM,S,S+SR/LFINF/CDL+ERL/H:2/COM,TOTAL,920.0,378146286.0,94536570.0,0.0,540209.0,472682859.0,188018.0,0.0,587.0,700.0,,,
DOM,Dominican Republic,IND,S,S+SR/LFINF/CDL+ERL/H:2/IND,TOTAL,123.0,67507436.0,28931759.0,0.0,146755.0,96439187.0,46541.0,0.0,1193.0,460.0,,,
DOM,Dominican Republic,COM,S,S+SR/LFINF/CDM+ERM/H:1/COM,TOTAL,2464.0,507006628.0,126751656.0,0.0,724295.0,633758286.0,251949.0,0.0,294.0,700.0,,,
DOM,Dominican Republic,IND,S,S+SR/LFINF/CDM+ERM/H:1/IND,TOTAL,453.0,111946501.0,47977067.0,0.0,243362.0,159923561.0,77124.0,0.0,537.0,460.0,,,
DOM,Dominican Republic,COM,S,S+SR/LFINF/CDM+ERM/H:2/COM,TOTAL,303.0,121963555.0,30490893.0,0.0,174234.0,152454443.0,60642.0,0.0,575.0,700.0,,,
DOM,Dominican Republic,IND,S,S+SR/LFINF/CDM+ERM/H:2/IND,TOTAL,27.0,14984040.0,6421731.0,0.0,32574.0,21405774.0,10330.0,0.0,1206.0,460.0,,,
DOM,Dominican Republic,COM,S,S+SR/LFM/CDL+ERL/H:1/COM,TOTAL,15166.0,3111333858.0,777833457.0,0.0,4444763.0,3889167312.0,1546127.0,0.0,293.0,700.0,,,
DOM,Dominican Republic,IND,S,S+SR/LFM/CDL+ERL/H:1/IND,TOTAL,12804.0,3273983837.0,1403135934.0,0.0,7117356.0,4677119784.0,2255549.0,0.0,556.0,460.0,,,
DOM,Dominican Republic,COM,S,S+SR/LFM/CDL+ERL/H:2/COM,TOTAL,2102.0,855888161.0,213972035.0,0.0,1222697.0,1069860207.0,425557.0,0.0,582.0,700.0,,,
DOM,Dominican Republic,IND,S,S+SR/LFM/CDL+ERL/H:2/IND,TOTAL,1334.0,798769516.0,342329781.0,0.0,1736455.0,1141099297.0,550690.0,0.0,1302.0,460.0,,,
DOM,Dominican Republic,COM,S,S+SR/LFM/CDL+ERL/H:3/COM,TOTAL,324.0,194617389.0,48654347.0,0.0,278025.0,243271734.0,96820.0,0.0,858.0,700.0,,,
DOM,Dominican Republic,COM,S,S+SR/LFM/CDL+ERL/H:7/COM,TOTAL,184.0,238811319.0,59702832.0,0.0,341159.0,298514146.0,119070.0,0.0,1854.0,700.0,,,
DOM,Dominican Republic,COM,S,S+SR/LFM/CDM+ERM/H:1/COM,TOTAL,4976.0,1018806400.0,254701596.0,0.0,1455438.0,1273507999.0,506280.0,0.0,292.0,700.0,,,
DOM,Dominican Republic,IND,S,S+SR/LFM/CDM+ERM/H:1/IND,TOTAL,4214.0,1069921865.0,458537941.0,0.0,2325917.0,1528459819.0,737103.0,0.0,552.0,460.0,,,
DOM,Dominican Republic,COM,S,S+SR/LFM/CDM+ERM/H:2/COM,TOTAL,667.0,270406895.0,67601726.0,0.0,386296.0,338008617.0,134449.0,0.0,579.0,700.0,,,
DOM,Dominican Republic,IND,S,S+SR/LFM/CDM+ERM/H:2/IND,TOTAL,396.0,232750151.0,99750063.0,0.0,505979.0,332500214.0,160464.0,0.0,1278.0,460.0,,,
DOM,Dominican Republic,COM,S,S+SR/LFM/CDM+ERM/H:3/COM,TOTAL,98.0,54266858.0,13566717.0,0.0,77524.0,67833575.0,26997.0,0.0,791.0,700.0,,,
DOM,Dominican Republic,COM,S,S+SR/LFM/CDM+ERM/H:7/COM,TOTAL,48.0,60420560.0,15105138.0,0.0,86315.0,75525702.0,30125.0,0.0,1798.0,700.0,,,
DOM,Dominican Republic,COM,W,W+WLI/LWAL/CDL+ERL/H:1/COM,TOTAL,29.0,3468005.0,1156002.0,0.0,7707.0,4624006.0,1328.0,0.0,266.0,450.0,,,
DOM,Dominican Republic,COM,W,W+WLI/LWAL/CDL+ERL/H:2/COM,TOTAL,12.0,2932217.0,977405.0,0.0,6516.0,3909624.0,1124.0,0.0,543.0,450.0,,,
DOM,Dominican Republic,COM,W,W+WLI/LWAL/CDM+ERM/H:1/COM,TOTAL,6.0,829997.0,276666.0,0.0,1844.0,1106663.0,318.0,0.0,307.0,450.0,,,
DOM,Dominican Republic,COM,W,W+WLI/LWAL/CDM+ERM/H:2/COM,TOTAL,4.0,829901.0,276634.0,0.0,1844.0,1106536.0,318.0,0.0,461.0,450.0,,,
DOM,Dominican Republic,RES,W,W/LPB/CDN+ERL/H:1/RES,Rural,297104.0,13674798436.0,3418699611.0,937087.0,33848511.0,17093498054.0,3525671.0,301927.0,114.0,404.0,,,
DOM,Dominican Republic,RES,W,W/LPB/CDN+ERL/H:1/RES,Urban,182645.0,8581015134.0,2145253787.0,563125.0,21240136.0,10726268922.0,2212379.0,192873.0,116.0,404.0,,,
DOM,Dominican Republic,RES,W,W/LPB/CDN+ERL/H:2/RES,Rural,7070.0,335148240.0,83787059.0,23491.0,829575.0,418935298.0,86471.0,7394.0,117.0,404.0,,,
DOM,Dominican Republic,RES,W,W/LPB/CDN+ERL/H:2/RES,Urban,75968.0,3515308759.0,878827186.0,224058.0,8701259.0,4394135945.0,906973.0,78771.0,115.0,404.0,,,
SLV,El Salvador,COM,CR-,CR/LDUAL/CDL+ERL/H:5-8/COM,TOTAL,1062.0,2219722999.0,391715821.0,0.0,3033917.0,2611438821.0,1560129.0,0.0,2857.0,732.0,,,
SLV,El Salvador,RES,CR-,CR/LDUAL/CDL+ERL/H:5-8/RES,TOTAL,5468.0,5345427377.0,943310697.0,194903.0,7721494.0,6288738084.0,3053928.0,92948.0,1412.0,692.0,,,
SLV,El Salvador,COM,CR-,CR/LDUAL/CDL+ERL/H:8-20/COM,TOTAL,57.0,589037804.0,103947846.0,0.0,654486.0,692985652.0,338813.0,0.0,11482.0,900.0,,,
SLV,El Salvador,RES,CR-,CR/LDUAL/CDL+ERL/H:8-20/RES,TOTAL,72.0,529097161.0,93370087.0,2785.0,589636.0,622467250.0,234600.0,1226.0,8189.0,897.0,,,
SLV,El Salvador,COM,CR+,CR/LDUAL/CDM+ERM/H:5-8/COM,TOTAL,738.0,1549385721.0,273421002.0,0.0,2307828.0,1822806734.0,1186753.0,0.0,3127.0,671.0,,,
SLV,El Salvador,RES,CR+,CR/LDUAL/CDM+ERM/H:5-8/RES,TOTAL,7956.0,5246836644.0,925912347.0,268071.0,8299694.0,6172748983.0,3282611.0,135257.0,1043.0,632.0,,,
SLV,El Salvador,COM,CR+,CR/LDUAL/CDM+ERM/H:8-20/COM,TOTAL,3.0,40636138.0,7171084.0,0.0,54182.0,47807221.0,28049.0,0.0,18061.0,750.0,,,
SLV,El Salvador,RES,CR+,CR/LDUAL/CDM+ERM/H:8-20/RES,TOTAL,28.0,113702697.0,20065181.0,1157.0,151604.0,133767878.0,60319.0,483.0,5414.0,750.0,,,
SLV,El Salvador,COM,CR-,CR/LFINF/CDL+ERL/H:3/COM,TOTAL,6123.0,1842052712.0,325068117.0,0.0,3070088.0,2167120837.0,1507169.0,0.0,501.0,600.0,,,
SLV,El Salvador,RES,CR-,CR/LFINF/CDL+ERL/H:3/RES,TOTAL,37875.0,3602403400.0,635718232.0,115165.0,6004006.0,4238121636.0,2191314.0,52695.0,159.0,600.0,,,
SLV,El Salvador,COM,CR-,CR/LFINF/CDL+ERL/H:4/COM,TOTAL,3619.0,2518109863.0,444372327.0,0.0,4499030.0,2962482209.0,2210493.0,0.0,1243.0,560.0,,,
SLV,El Salvador,RES,CR-,CR/LFINF/CDL+ERL/H:4/RES,TOTAL,21114.0,5738791423.0,1012727908.0,158718.0,9564652.0,6751519312.0,3493425.0,73900.0,453.0,600.0,,,
SLV,El Salvador,RES,CR-,CR/LFINF/CDN+ERL/H:4/RES,TOTAL,791.0,13512060.0,2384480.0,6537.0,90080.0,15896542.0,32902.0,2769.0,114.0,150.0,,,
SLV,El Salvador,COM,CR+,CR/LFM/CDM+ERM/H:3/COM,TOTAL,3504.0,992797732.0,175199599.0,0.0,1654663.0,1167997336.0,812308.0,0.0,472.0,600.0,,,
SLV,El Salvador,RES,CR+,CR/LFM/CDM+ERM/H:3/RES,TOTAL,49048.0,4263760251.0,752428277.0,144766.0,7106267.0,5016188528.0,2593611.0,68239.0,145.0,600.0,,,
SLV,El Salvador,COM,CR+,CR/LFM/CDM+ERM/H:4/COM,TOTAL,2092.0,1527839147.0,269618680.0,0.0,2735353.0,1797457820.0,1343952.0,0.0,1308.0,559.0,,,
SLV,El Salvador,RES,CR+,CR/LFM/CDM+ERM/H:4/RES,TOTAL,27892.0,6589533816.0,1162858904.0,201597.0,10982556.0,7752392727.0,4011303.0,97623.0,394.0,600.0,,,
SLV,El Salvador,COM,CR+,CR/LWAL/CDM+ERM/HAPP:25/COM,TOTAL,5.0,73309043.0,12936890.0,0.0,90435.0,86245933.0,48337.0,0.0,18087.0,811.0,,,
SLV,El Salvador,RES,CR+,CR/LWAL/CDM+ERM/HAPP:25/RES,TOTAL,4.0,70026034.0,12357536.0,448.0,77807.0,82383571.0,32986.0,203.0,19452.0,900.0,,,
SLV,El Salvador,RES,OT,MATO/LN/CDN+ERN/H:1/RES,TOTAL,37255.0,219687953.0,54921990.0,102616.0,1464586.0,274609930.0,667902.0,37255.0,39.0,150.0,,,
SLV,El Salvador,COM,MR|MCF,MCF+CLBRS/LWAL/CDL+ERL/H:1/COM,TOTAL,10598.0,485090120.0,85604126.0,0.0,872299.0,570694261.0,427522.0,0.0,82.0,556.0,,,
SLV,El Salvador,RES,MR|MCF,MCF+CLBRS/LWAL/CDL+ERL/H:1/RES,TOTAL,106763.0,5326872045.0,940036234.0,237232.0,8979769.0,6266908282.0,3272580.0,106763.0,84.0,593.0,,,
SLV,El Salvador,COM,MR|MCF,MCF+CLBRS/LWAL/CDL+ERL/H:2/COM,TOTAL,37534.0,3241912898.0,572102288.0,0.0,6785295.0,3814015185.0,3328283.0,0.0,181.0,478.0,,,
SLV,El Salvador,RES,MR|MCF,MCF+CLBRS/LWAL/CDL+ERL/H:2/RES,TOTAL,278114.0,18360806123.0,3240142261.0,727642.0,32026654.0,21600948383.0,11680348.0,319951.0,115.0,573.0,,,
SLV,El Salvador,COM,MR|MCF,MCF+CLBRS/LWAL/CDL+ERL/H:3/COM,TOTAL,4409.0,758139369.0,133789304.0,0.0,1719456.0,891928663.0,844117.0,0.0,390.0,441.0,,,
SLV,El Salvador,RES,MR|MCF,MCF+CLBRS/LWAL/CDL+ERL/H:3/RES,TOTAL,28562.0,2375507579.0,419207224.0,88809.0,4205876.0,2794714804.0,1535042.0,39738.0,147.0,565.0,,,
SLV,El Salvador,COM,MR|MCF,MCF+CLBRS/LWAL/CDM+ERM/H:1/COM,TOTAL,5564.0,289259130.0,51045728.0,0.0,482099.0,340304853.0,236281.0,0.0,87.0,600.0,,,
SLV,El Salvador,RES,MR|MCF,MCF+CLBRS/LWAL/CDM+ERM/H:1/RES,TOTAL,98058.0,5113282076.0,902343903.0,212057.0,8522137.0,6015625974.0,3105800.0,98058.0,87.0,600.0,,,
SLV,El Salvador,COM,MR|MCF,MCF+CLBRS/LWAL/CDM+ERM/H:2/COM,TOTAL,9426.0,878986272.0,155115224.0,0.0,1464977.0,1034101488.0,718592.0,0.0,155.0,600.0,,,
SLV,El Salvador,RES,MR|MCF,MCF+CLBRS/LWAL/CDM+ERM/H:2/RES,TOTAL,150308.0,9923793467.0,1751257672.0,382002.0,16539656.0,11675051151.0,6032130.0,172919.0,110.0,600.0,,,
SLV,El Salvador,COM,MR|MCF,MCF+CLBRS/LWAL/CDM+ERM/H:3/COM,TOTAL,1004.0,171111856.0,30196208.0,0.0,285186.0,201308075.0,140004.0,0.0,284.0,600.0,,,
SLV,El Salvador,RES,MR|MCF,MCF+CLBRS/LWAL/CDM+ERM/H:3/RES,TOTAL,12836.0,958564335.0,169158411.0,38859.0,1597607.0,1127722732.0,583088.0,17859.0,124.0,600.0,,,
SLV,El Salvador,COM,MR|MCF,MR+CBH/LWAL/CDL+ERL/H:1/COM,TOTAL,6133.0,295962324.0,52228640.0,0.0,493271.0,348190964.0,354025.0,0.0,80.0,600.0,,,
SLV,El Salvador,RES,MR|MCF,MR+CBH/LWAL/CDL+ERL/H:1/RES,TOTAL,69822.0,3544188801.0,625445069.0,154296.0,5906981.0,4169633871.0,3243055.0,69822.0,85.0,600.0,,,
SLV,El Salvador,COM,MR|MCF,MR+CBH/LWAL/CDL+ERL/H:2/COM,TOTAL,18730.0,1893825943.0,334204582.0,0.0,3156377.0,2228030524.0,2266682.0,0.0,169.0,600.0,,,
SLV,El Salvador,RES,MR|MCF,MR+CBH/LWAL/CDL+ERL/H:2/RES,TOTAL,174876.0,11934152103.0,2106026838.0,452235.0,19890253.0,14040178931.0,10926016.0,201183.0,114.0,600.0,,,
SLV,El Salvador,COM,MR|MCF,MR+CBH/LWAL/CDL+ERL/H:3/COM,TOTAL,2060.0,439731256.0,77599629.0,0.0,732885.0,517330895.0,526614.0,0.0,356.0,600.0,,,
SLV,El Salvador,RES,MR|MCF,MR+CBH/LWAL/CDL+ERL/H:3/RES,TOTAL,17730.0,1518586062.0,267985769.0,54330.0,2530977.0,1786571831.0,1391051.0,24667.0,143.0,600.0,,,
SLV,El Salvador,COM,MR|MCF,MR+CBH/LWAL/CDM+ERM/H:1/COM,TOTAL,22372.0,1160486541.0,204791743.0,0.0,1934144.0,1365278289.0,1388149.0,0.0,86.0,600.0,,,
SLV,El Salvador,RES,MR|MCF,MR+CBH/LWAL/CDM+ERM/H:1/RES,TOTAL,391963.0,20435256486.0,3606221730.0,847327.0,34058761.0,24041478219.0,18698956.0,391963.0,87.0,600.0,,,
SLV,El Salvador,COM,MR|MCF,MR+CBH/LWAL/CDM+ERM/H:2/COM,TOTAL,38247.0,3607378613.0,636596223.0,0.0,6012298.0,4243974840.0,4317596.0,0.0,157.0,600.0,,,
SLV,El Salvador,RES,MR|MCF,MR+CBH/LWAL/CDM+ERM/H:2/RES,TOTAL,599426.0,39507809859.0,6971966448.0,1523619.0,65846350.0,46479776289.0,36170386.0,689600.0,110.0,600.0,,,
SLV,El Salvador,COM,MR|MCF,MR+CBH/LWAL/CDM+ERM/H:3/COM,TOTAL,3826.0,684933568.0,120870626.0,0.0,1141556.0,805804201.0,820264.0,0.0,298.0,600.0,,,
SLV,El Salvador,RES,MR|MCF,MR+CBH/LWAL/CDM+ERM/H:3/RES,TOTAL,51449.0,3900627601.0,688346039.0,155296.0,6501046.0,4588973646.0,3573037.0,71580.0,126.0,600.0,,,
SLV,El Salvador,RES,MR|MCF,MR+CBH/LWAL/CDN+ERL/H:2/RES,TOTAL,14739.0,93643780.0,16525373.0,46512.0,624292.0,110169149.0,342935.0,16956.0,42.0,150.0,,,
SLV,El Salvador,RES,MR|MCF,MR+CBH/LWAL/CDN+ERL/H:3/RES,TOTAL,4825.0,30374757.0,5360245.0,16985.0,202498.0,35735003.0,111297.0,6713.0,42.0,150.0,,,
SLV,El Salvador,RES,ADO|ST|E,MUR+ADO/LWAL/CDN+ERN/H:1/RES,TOTAL,81686.0,1726959688.0,304757573.0,172839.0,6907839.0,2031717270.0,3150207.0,81686.0,85.0,250.0,,,
SLV,El Salvador,COM,S,S/LFM/CDL+ERL/H:1/COM,TOTAL,5708.0,248738807.0,62184710.0,0.0,348567.0,310923512.0,121251.0,0.0,61.0,714.0,,,
SLV,El Salvador,IND,S,S/LFM/CDL+ERL/H:1/IND,TOTAL,75.0,103509196.0,44361086.0,0.0,135050.0,147870281.0,42798.0,0.0,1801.0,766.0,,,
SLV,El Salvador,COM,S,S/LFM/CDL+ERL/H:2/COM,TOTAL,13489.0,988662170.0,247165537.0,0.0,1451745.0,1235827722.0,505276.0,0.0,108.0,681.0,,,
SLV,El Salvador,IND,S,S/LFM/CDL+ERL/H:2/IND,TOTAL,490.0,380201557.0,162943523.0,0.0,545521.0,543145075.0,173004.0,0.0,1113.0,697.0,,,
SLV,El Salvador,COM,S,S/LFM/CDL+ERL/H:3/COM,TOTAL,2292.0,330739685.0,82684915.0,0.0,473608.0,413424599.0,164930.0,0.0,207.0,698.0,,,
SLV,El Salvador,IND,S,S/LFM/CDL+ERL/H:3/IND,TOTAL,442.0,536127193.0,229768793.0,0.0,746332.0,765895987.0,236856.0,0.0,1689.0,718.0,,,
SLV,El Salvador,COM,S,S/LFM/CDL+ERL/H:4/COM,TOTAL,533.0,164873457.0,41218373.0,0.0,299770.0,206091826.0,104450.0,0.0,562.0,550.0,,,
SLV,El Salvador,IND,S,S/LFM/CDL+ERL/H:4/IND,TOTAL,186.0,710207851.0,304374793.0,0.0,946944.0,1014582645.0,300737.0,0.0,5091.0,750.0,,,
SLV,El Salvador,COM,S,S/LFM/CDL+ERL/H:5-8/COM,TOTAL,210.0,129629152.0,32407291.0,0.0,172839.0,162036442.0,60290.0,0.0,823.0,750.0,,,
SLV,El Salvador,IND,S,S/LFM/CDL+ERL/H:5-8/IND,TOTAL,84.0,729893483.0,312811491.0,0.0,973191.0,1042704975.0,309513.0,0.0,11586.0,750.0,,,
SLV,El Salvador,COM,S,S/LFM/CDL+ERL/H:8-20/COM,TOTAL,4.0,5333286.0,1333322.0,0.0,7111.0,6666607.0,2492.0,0.0,1778.0,750.0,,,
SLV,El Salvador,IND,S,S/LFM/CDL+ERL/H:8-20/IND,TOTAL,1.0,23538386.0,10087880.0,0.0,31385.0,33626265.0,10038.0,0.0,31385.0,750.0,,,
SLV,El Salvador,COM,S,S/LFM/CDM+ERM/H:3/COM,TOTAL,412.0,63320978.0,15830247.0,0.0,84428.0,79151227.0,29401.0,0.0,205.0,750.0,,,
SLV,El Salvador,IND,S,S/LFM/CDM+ERM/H:3/IND,TOTAL,188.0,255233001.0,109385574.0,0.0,340311.0,364618571.0,108001.0,0.0,1810.0,750.0,,,
SLV,El Salvador,COM,S,S/LFM/CDM+ERM/H:4/COM,TOTAL,301.0,84802923.0,21200733.0,0.0,154187.0,106003655.0,53724.0,0.0,512.0,550.0,,,
SLV,El Salvador,IND,S,S/LFM/CDM+ERM/H:4/IND,TOTAL,150.0,538181825.0,230649353.0,0.0,717576.0,768831180.0,227893.0,0.0,4784.0,750.0,,,
SLV,El Salvador,COM,S,S/LFM/CDM+ERM/H:5-8/COM,TOTAL,110.0,66688239.0,16672057.0,0.0,86734.0,83360297.0,30255.0,0.0,788.0,769.0,,,
SLV,El Salvador,IND,S,S/LFM/CDM+ERM/H:5-8/IND,TOTAL,83.0,892105832.0,382331073.0,0.0,1155630.0,1274436904.0,367536.0,0.0,13923.0,772.0,,,
SLV,El Salvador,IND,S,S/LFM/CDM+ERM/H:8-20/IND,TOTAL,1.0,6762132.0,2898057.0,0.0,8453.0,9660189.0,2704.0,0.0,8453.0,800.0,,,
SLV,El Salvador,RES,W,W+WLI/LFM/CDL+ERM/H:1/RES,TOTAL,3277.0,38772540.0,9693146.0,7318.0,172322.0,48465684.0,17950.0,3277.0,53.0,225.0,,,
SLV,El Salvador,RES,W,W+WLI/LFM/CDL+ERM/H:2/RES,TOTAL,2038.0,25152905.0,6288229.0,5232.0,111791.0,31441119.0,11653.0,2344.0,55.0,225.0,,,
SLV,El Salvador,RES,W,W+WWD/LWAL/CDN+ERM/H:1/RES,TOTAL,17191.0,313007841.0,78251968.0,46152.0,1252031.0,391259785.0,126139.0,17191.0,73.0,250.0,,,
GRD,Grenada,COM,CR+,CR+PCPS/LFM/CDM+ERM/H:1/COM,TOTAL,19.0,3524827.0,622029.0,0.0,3422.0,4146855.0,1677.0,0.0,180.0,1030.0,,,
GRD,Grenada,IND,CR+,CR+PCPS/LFM/CDM+ERM/H:1/IND,TOTAL,29.0,143236973.0,47745657.0,0.0,168514.0,190982632.0,79713.0,0.0,5811.0,850.0,,,
GRD,Grenada,COM,CR-,CR/LFINF/CDL+ERL/H:1/COM,TOTAL,848.0,157257946.0,27751402.0,0.0,152678.0,185009348.0,74828.0,0.0,180.0,1030.0,,,
GRD,Grenada,RES,CR-,CR/LFINF/CDL+ERL/H:2/RES,TOTAL,3297.0,983904378.0,173630185.0,11884.0,1446918.0,1157534562.0,527701.0,3955.0,439.0,680.0,,,
GRD,Grenada,COM,CR+,CR/LFINF/CDM+ERM/H:2/COM,TOTAL,49.0,157001530.0,27706152.0,0.0,152429.0,184707682.0,74768.0,0.0,3111.0,1030.0,,,
GRD,Grenada,RES,CR+,CR/LFINF/CDM+ERM/H:3/RES,TOTAL,1577.0,726693367.0,128240005.0,9312.0,1068667.0,854933372.0,390037.0,3170.0,678.0,680.0,,,
GRD,Grenada,COM,CR+,CR/LFINF/CDM+ERM/H:4/COM,TOTAL,58.0,61634529.0,10876681.0,0.0,59839.0,72511210.0,29401.0,0.0,1032.0,1030.0,,,
GRD,Grenada,IND,CR-,CR/LFM/CDL+ERL/H:1/IND,TOTAL,460.0,11941935.0,3980645.0,0.0,14049.0,15922581.0,6646.0,0.0,31.0,850.0,,,
GRD,Grenada,RES,OT,INF/LN/CDN+ERN/H:1/RES,TOTAL,68.0,5841888.0,1460472.0,192.0,18256.0,7302359.0,1902.0,68.0,268.0,320.0,,,
GRD,Grenada,IND,MR|MCF,MCF/LWAL/CDL+ERL/H:1/IND,TOTAL,199.0,3548781.0,1182927.0,0.0,4175.0,4731707.0,1975.0,0.0,21.0,850.0,,,
GRD,Grenada,IND,MR|MCF,MCF/LWAL/CDM+ERM/H:1/IND,TOTAL,126.0,130082489.0,43360830.0,0.0,153038.0,173443320.0,72393.0,0.0,1215.0,850.0,,,
GRD,Grenada,RES,MR|MCF,MR/LWAL/CDL+ERL/H:1/RES,TOTAL,29135.0,6240947007.0,1101343591.0,87537.0,9177863.0,7342290598.0,4185411.0,29135.0,315.0,680.0,,,
GRD,Grenada,COM,S,S+SL/LFM/CDL+ERL/H:1/COM,TOTAL,409.0,27779632.0,6944908.0,0.0,26971.0,34724539.0,9382.0,0.0,66.0,1030.0,,,
GRD,Grenada,IND,S,S+SL/LFM/CDL+ERL/H:1/IND,TOTAL,257.0,7429637.0,3184129.0,0.0,8741.0,10613766.0,2770.0,0.0,34.0,850.0,,,
GRD,Grenada,COM,S,S+SR/LFINF/CDM+ERM/H:1/COM,TOTAL,366.0,62273636.0,15568407.0,0.0,60460.0,77842043.0,21031.0,0.0,165.0,1030.0,,,
GRD,Grenada,IND,S,S+SR/LFINF/CDM+ERM/H:1/IND,TOTAL,76.0,64495559.0,27640954.0,0.0,75877.0,92136513.0,24046.0,0.0,998.0,850.0,,,
GRD,Grenada,COM,S,S+SR/LFM/CDM+ERM/H:1/COM,TOTAL,317.0,53937603.0,13484401.0,0.0,52367.0,67422004.0,18216.0,0.0,165.0,1030.0,,,
GRD,Grenada,IND,S,S+SR/LFM/CDM+ERM/H:1/IND,TOTAL,58.0,323605212.0,138687948.0,0.0,380712.0,462293161.0,120651.0,0.0,6564.0,850.0,,,
GRD,Grenada,RES,W,W+WLI/LWAL/CDL+ERL/H:1/RES,TOTAL,114.0,24427925.0,6106982.0,325.0,30535.0,30534907.0,3076.0,114.0,268.0,800.0,,,
GRD,Grenada,RES,W,W+WLI/LWAL/CDM+ERM/H:1/RES,TOTAL,2803.0,605811519.0,151452879.0,8052.0,757264.0,757264398.0,76291.0,2803.0,270.0,800.0,,,
GRD,Grenada,COM,W,W+WLI/LWAL/CDM+ERM/H:2/COM,TOTAL,613.0,200829808.0,66943270.0,0.0,239083.0,267773079.0,41224.0,0.0,390.0,840.0,,,
GLP,Guadeloupe,COM,CR+,CR+PCPS/LFM/CDM+ERM/H:1/COM,TOTAL,146.0,35903798.0,6335969.0,0.0,22300.0,42239769.0,10930.0,0.0,153.0,1610.0,,,
GLP,Guadeloupe,IND,CR+,CR+PCPS/LFM/CDM+ERM/H:1/IND,TOTAL,28.0,182232821.0,60744274.0,0.0,123968.0,242977093.0,58641.0,0.0,4427.0,1470.0,,,
GLP,Guadeloupe,COM,CR-,CR/LFINF/CDL+ERL/H:1/COM,TOTAL,424.0,104472440.0,18436316.0,0.0,64890.0,122908757.0,31803.0,0.0,153.0,1610.0,,,
GLP,Guadeloupe,RES,CR-,CR/LFINF/CDL+ERL/H:1/RES,TOTAL,282.0,113254281.0,19986048.0,676.0,72136.0,133240329.0,26289.0,282.0,256.0,1570.0,,,
GLP,Guadeloupe,RES,CR-,CR/LFINF/CDL+ERL/H:2/RES,TOTAL,37237.0,19379702876.0,3419947565.0,107143.0,12343760.0,22799650441.0,4501856.0,44684.0,331.0,1570.0,,,
GLP,Guadeloupe,COM,CR+,CR/LFINF/CDM+ERM/H:2/COM,TOTAL,51.0,216525842.0,38210441.0,0.0,134488.0,254736283.0,65968.0,0.0,2637.0,1610.0,,,
GLP,Guadeloupe,RES,CR+,CR/LFINF/CDM+ERM/H:3/RES,TOTAL,940.0,754510696.0,133148946.0,4523.0,480580.0,887659644.0,175400.0,1882.0,511.0,1570.0,,,
GLP,Guadeloupe,COM,CR+,CR/LFINF/CDM+ERM/H:4/COM,TOTAL,788.0,1112588036.0,196339066.0,0.0,691048.0,1308927098.0,339530.0,0.0,877.0,1610.0,,,
GLP,Guadeloupe,IND,CR-,CR/LFM/CDL+ERL/H:1/IND,TOTAL,970.0,57678264.0,19226088.0,0.0,39237.0,76904352.0,18561.0,0.0,40.0,1470.0,,,
GLP,Guadeloupe,IND,MR|MCF,MCF/LWAL/CDL+ERL/H:1/IND,TOTAL,499.0,20541749.0,6847250.0,0.0,13974.0,27388998.0,6610.0,0.0,28.0,1470.0,,,
GLP,Guadeloupe,IND,MR|MCF,MCF/LWAL/CDM+ERM/H:1/IND,TOTAL,248.0,334996505.0,111665502.0,0.0,227889.0,446662008.0,107800.0,0.0,919.0,1470.0,,,
GLP,Guadeloupe,RES,MR|MCF,MR/LWAL/CDL+ERL/H:1/RES,TOTAL,95118.0,35542023046.0,6272121714.0,228069.0,22638231.0,41814144763.0,10323787.0,95118.0,238.0,1570.0,,,
GLP,Guadeloupe,COM,S,S+SL/LFM/CDL+ERL/H:1/COM,TOTAL,213.0,19227758.0,4806941.0,0.0,11943.0,24034699.0,4154.0,0.0,56.0,1610.0,,,
GLP,Guadeloupe,IND,S,S+SL/LFM/CDL+ERL/H:1/IND,TOTAL,501.0,33071704.0,14173587.0,0.0,22498.0,47245293.0,7130.0,0.0,45.0,1470.0,,,
GLP,Guadeloupe,COM,S,S+SR/LFINF/CDM+ERM/H:1/COM,TOTAL,428.0,96542381.0,24135596.0,0.0,59964.0,120677975.0,20859.0,0.0,140.0,1610.0,,,
GLP,Guadeloupe,IND,S,S+SR/LFINF/CDM+ERM/H:1/IND,TOTAL,125.0,183025359.0,78439438.0,0.0,124507.0,261464796.0,39457.0,0.0,996.0,1470.0,,,
GLP,Guadeloupe,COM,S,S+SR/LFM/CDM+ERM/H:1/COM,TOTAL,1061.0,239524617.0,59881152.0,0.0,148773.0,299405770.0,51751.0,0.0,140.0,1610.0,,,
GLP,Guadeloupe,IND,S,S+SR/LFM/CDM+ERM/H:1/IND,TOTAL,125.0,903137327.0,387058860.0,0.0,614379.0,1290196188.0,194702.0,0.0,4915.0,1470.0,,,
GLP,Guadeloupe,RES,W,W+WLI/LWAL/CDL+ERL/H:1/RES,TOTAL,57.0,14686383.0,3671593.0,138.0,12239.0,18357975.0,1233.0,57.0,215.0,1200.0,,,
GLP,Guadeloupe,RES,W,W+WLI/LWAL/CDM+ERM/H:1/RES,TOTAL,13842.0,3388322522.0,847080629.0,33242.0,2823602.0,4235403153.0,284465.0,13842.0,204.0,1200.0,,,
GLP,Guadeloupe,COM,W,W+WLI/LWAL/CDM+ERM/H:2/COM,TOTAL,1097.0,556244086.0,185414699.0,0.0,363558.0,741658785.0,62686.0,0.0,331.0,1530.0,,,
GTM,Guatemala,COM,CR+,CR+PCPS/LFM/CDH+ERH/H:1/COM,TOTAL,132.0,16692352.0,2945708.0,0.0,24914.0,19638058.0,12211.0,0.0,189.0,670.0,,,
GTM,Guatemala,IND,CR+,CR+PCPS/LFM/CDH+ERH/H:1/IND,TOTAL,2.0,19876258.0,6625419.0,0.0,43209.0,26501677.0,20440.0,0.0,21604.0,460.0,,,
GTM,Guatemala,COM,CR+,CR+PCPS/LFM/CDH+ERH/H:2/COM,TOTAL,29.0,5557706.0,980771.0,0.0,8295.0,6538478.0,4069.0,0.0,286.0,670.0,,,
GTM,Guatemala,IND,CR+,CR+PCPS/LFM/CDH+ERH/H:2/IND,TOTAL,1.0,6073470.0,2024490.0,0.0,13203.0,8097961.0,6252.0,0.0,13203.0,460.0,,,
GTM,Guatemala,COM,CR-,CR+PCPS/LFM/CDL+ERL/H:1/COM,TOTAL,819.0,104956345.0,18521707.0,0.0,156651.0,123478051.0,76776.0,0.0,191.0,670.0,,,
GTM,Guatemala,IND,CR-,CR+PCPS/LFM/CDL+ERL/H:1/IND,TOTAL,36.0,249817684.0,83272561.0,0.0,543082.0,333090242.0,256897.0,0.0,15086.0,460.0,,,
GTM,Guatemala,COM,CR-,CR+PCPS/LFM/CDL+ERL/H:2/COM,TOTAL,171.0,42923328.0,7574703.0,0.0,64065.0,50498033.0,31425.0,0.0,375.0,670.0,,,
GTM,Guatemala,IND,CR-,CR+PCPS/LFM/CDL+ERL/H:2/IND,TOTAL,4.0,44248916.0,14749638.0,0.0,96193.0,58998555.0,45547.0,0.0,24048.0,460.0,,,
GTM,Guatemala,COM,CR+,CR+PCPS/LFM/CDM+ERM/H:1/COM,TOTAL,402.0,50623682.0,8933590.0,0.0,75558.0,59557274.0,37032.0,0.0,188.0,670.0,,,
GTM,Guatemala,IND,CR+,CR+PCPS/LFM/CDM+ERM/H:1/IND,TOTAL,10.0,78112183.0,26037394.0,0.0,169809.0,104149578.0,80326.0,0.0,16981.0,460.0,,,
GTM,Guatemala,COM,CR+,CR+PCPS/LFM/CDM+ERM/H:2/COM,TOTAL,85.0,21162058.0,3734480.0,0.0,31585.0,24896540.0,15493.0,0.0,372.0,670.0,,,
GTM,Guatemala,IND,CR+,CR+PCPS/LFM/CDM+ERM/H:2/IND,TOTAL,2.0,18219903.0,6073301.0,0.0,39608.0,24293204.0,18754.0,0.0,19804.0,460.0,,,
GTM,Guatemala,RES,CR+,CR/LDUAL/CDH+ERH/H:>3/RES,Urban,11031.0,1491727673.0,263246038.0,44911.0,1308533.0,1754973815.0,516771.0,12829.0,119.0,1140.0,,,
GTM,Guatemala,COM,CR-,CR/LDUAL/CDL+ERL/H:7/COM,TOTAL,1.0,1775891.0,313392.0,0.0,2651.0,2089283.0,1364.0,0.0,2651.0,670.0,,,
GTM,Guatemala,RES,CR-,CR/LDUAL/CDL+ERL/H:>3/RES,Urban,55869.0,8652043121.0,1526831136.0,246517.0,7589512.0,10178874414.0,2997260.0,72222.0,136.0,1140.0,,,
GTM,Guatemala,RES,CR-,CR/LDUAL/CDL+ERL/H:>3/RES,Rural,7522.0,740250068.0,130632405.0,28249.0,649342.0,870882506.0,256447.0,7558.0,86.0,1140.0,,,
GTM,Guatemala,RES,CR+,CR/LDUAL/CDM+ERM/H:>3/RES,Urban,32165.0,4374315046.0,771937955.0,127748.0,3837119.0,5146253205.0,1515370.0,36713.0,119.0,1140.0,,,
GTM,Guatemala,COM,CR+,CR/LFM/CDH+ERH/H:1/COM,TOTAL,148.0,18630886.0,3287802.0,0.0,27807.0,21918693.0,13629.0,0.0,188.0,670.0,,,
GTM,Guatemala,IND,CR+,CR/LFM/CDH+ERH/H:1/IND,TOTAL,4.0,9645382.0,3215128.0,0.0,20968.0,12860510.0,9919.0,0.0,5242.0,460.0,,,
GTM,Guatemala,RES,CR+,CR/LFM/CDH+ERH/H:1/RES,Urban,2003.0,145536963.0,25682988.0,7512.0,214973.0,171219955.0,78345.0,2003.0,107.0,677.0,,,
GTM,Guatemala,COM,CR+,CR/LFM/CDH+ERH/H:2/COM,TOTAL,12.0,2564227.0,452510.0,0.0,3827.0,3016738.0,1877.0,0.0,319.0,670.0,,,
GTM,Guatemala,IND,CR+,CR/LFM/CDH+ERH/H:2/IND,TOTAL,1.0,783198.0,261066.0,0.0,1703.0,1044264.0,806.0,0.0,1703.0,460.0,,,
GTM,Guatemala,RES,CR+,CR/LFM/CDH+ERH/H:2/RES,Urban,4285.0,304118546.0,53667975.0,16402.0,449215.0,357786549.0,163834.0,4285.0,105.0,677.0,,,
GTM,Guatemala,RES,CR+,CR/LFM/CDH+ERH/H:3/RES,Urban,2560.0,177843647.0,31384169.0,9708.0,262694.0,209227817.0,95878.0,2560.0,103.0,677.0,,,
GTM,Guatemala,RES,CR+,CR/LFM/CDH+ERH/H:>3/RES,Urban,6955.0,754930810.0,133223104.0,26265.0,662220.0,888153932.0,241878.0,7150.0,95.0,1140.0,,,
GTM,Guatemala,COM,CR-,CR/LFM/CDL+ERL/H:1/COM,TOTAL,927.0,116699727.0,20594070.0,0.0,174179.0,137293800.0,85366.0,0.0,188.0,670.0,,,
GTM,Guatemala,IND,CR-,CR/LFM/CDL+ERL/H:1/IND,TOTAL,43.0,76677304.0,25559101.0,0.0,166690.0,102236403.0,78850.0,0.0,3877.0,460.0,,,
GTM,Guatemala,RES,CR-,CR/LFM/CDL+ERL/H:1/RES,Rural,10092.0,699018535.0,123356234.0,38494.0,1032524.0,822374772.0,376299.0,10092.0,102.0,677.0,,,
GTM,Guatemala,RES,CR-,CR/LFM/CDL+ERL/H:1/RES,Urban,1082.0,81177038.0,14325356.0,4046.0,119907.0,95502393.0,43699.0,1082.0,111.0,677.0,,,
GTM,Guatemala,COM,CR-,CR/LFM/CDL+ERL/H:2/COM,TOTAL,110.0,27541805.0,4860316.0,0.0,41107.0,32402125.0,20164.0,0.0,374.0,670.0,,,
GTM,Guatemala,IND,CR-,CR/LFM/CDL+ERL/H:2/IND,TOTAL,7.0,19061041.0,6353680.0,0.0,41437.0,25414721.0,19620.0,0.0,5920.0,460.0,,,
GTM,Guatemala,RES,CR-,CR/LFM/CDL+ERL/H:2/RES,Rural,20780.0,1337781505.0,236079107.0,78541.0,1976044.0,1573860715.0,720696.0,20780.0,95.0,677.0,,,
GTM,Guatemala,RES,CR-,CR/LFM/CDL+ERL/H:2/RES,Urban,2063.0,144450171.0,25491201.0,7774.0,213368.0,169941364.0,77818.0,2063.0,103.0,677.0,,,
GTM,Guatemala,RES,CR-,CR/LFM/CDL+ERL/H:3/RES,Rural,9155.0,540087921.0,95309642.0,34652.0,797767.0,635397568.0,291175.0,9155.0,87.0,677.0,,,
GTM,Guatemala,RES,CR-,CR/LFM/CDL+ERL/H:3/RES,Urban,1229.0,81549093.0,14391007.0,4580.0,120457.0,95940113.0,43965.0,1229.0,98.0,677.0,,,
GTM,Guatemala,RES,CR-,CR/LFM/CDL+ERL/H:>3/RES,Rural,14355.0,1309941437.0,231166187.0,54690.0,1149072.0,1541107674.0,419709.0,14368.0,80.0,1140.0,,,
GTM,Guatemala,RES,CR-,CR/LFM/CDL+ERL/H:>3/RES,Urban,3960.0,431733368.0,76188263.0,14333.0,378713.0,507921636.0,138327.0,4027.0,96.0,1140.0,,,
GTM,Guatemala,COM,CR+,CR/LFM/CDM+ERM/H:1/COM,TOTAL,453.0,56734080.0,10011897.0,0.0,84678.0,66745971.0,41501.0,0.0,187.0,670.0,,,
GTM,Guatemala,IND,CR+,CR/LFM/CDM+ERM/H:1/IND,TOTAL,13.0,29525580.0,9841860.0,0.0,64186.0,39367440.0,30362.0,0.0,4937.0,460.0,,,
GTM,Guatemala,RES,CR+,CR/LFM/CDM+ERM/H:1/RES,Urban,5906.0,438426297.0,77369351.0,22060.0,647602.0,515795647.0,236014.0,5906.0,110.0,677.0,,,
GTM,Guatemala,COM,CR+,CR/LFM/CDM+ERM/H:2/COM,TOTAL,57.0,13544446.0,2390196.0,0.0,20216.0,15934639.0,9916.0,0.0,355.0,670.0,,,
GTM,Guatemala,IND,CR+,CR/LFM/CDM+ERM/H:2/IND,TOTAL,4.0,9530519.0,3176840.0,0.0,20719.0,12707361.0,9810.0,0.0,5180.0,460.0,,,
GTM,Guatemala,RES,CR+,CR/LFM/CDM+ERM/H:2/RES,Urban,9149.0,647417344.0,114250111.0,34721.0,956303.0,761667493.0,348776.0,9149.0,105.0,677.0,,,
GTM,Guatemala,RES,CR+,CR/LFM/CDM+ERM/H:3/RES,Urban,5067.0,333101302.0,58782577.0,18874.0,492026.0,391883904.0,179581.0,5067.0,97.0,677.0,,,
GTM,Guatemala,RES,CR+,CR/LFM/CDM+ERM/H:>3/RES,Urban,14819.0,1616262870.0,285222910.0,54454.0,1417774.0,1901485799.0,517848.0,15248.0,96.0,1140.0,,,
GTM,Guatemala,RES,CR-,CR/LFM/CDN+ERL/H:1/RES,Rural,3637.0,240503310.0,42441769.0,14199.0,355249.0,282945088.0,129470.0,3637.0,98.0,677.0,,,
GTM,Guatemala,RES,CR-,CR/LFM/CDN+ERL/H:1/RES,Urban,2185.0,159288056.0,28109660.0,8168.0,235285.0,187397721.0,85748.0,2185.0,108.0,677.0,,,
GTM,Guatemala,RES,CR-,CR/LFM/CDN+ERL/H:2/RES,Rural,8954.0,565523081.0,99798199.0,34667.0,835337.0,665321244.0,304663.0,8954.0,93.0,677.0,,,
GTM,Guatemala,RES,CR-,CR/LFM/CDN+ERL/H:2/RES,Urban,4214.0,293034272.0,51711915.0,16126.0,432842.0,344746210.0,157863.0,4214.0,103.0,677.0,,,
GTM,Guatemala,RES,CR-,CR/LFM/CDN+ERL/H:3/RES,Urban,2525.0,166674296.0,29413106.0,9463.0,246195.0,196087399.0,89857.0,2525.0,98.0,677.0,,,
GTM,Guatemala,RES,CR-,CR/LFM/CDN+ERL/H:3/RES,Rural,3687.0,218061582.0,38481472.0,14412.0,322100.0,256543041.0,117563.0,3687.0,87.0,677.0,,,
GTM,Guatemala,RES,CR-,CR/LFM/CDN+ERL/H:>3/RES,Urban,15269.0,1706305985.0,301112844.0,55610.0,1496760.0,2007418844.0,546694.0,15730.0,98.0,1140.0,,,
GTM,Guatemala,RES,CR-,CR/LFM/CDN+ERL/H:>3/RES,Rural,6476.0,604957088.0,106757142.0,25046.0,530664.0,711714236.0,193830.0,6486.0,82.0,1140.0,,,
GTM,Guatemala,RES,OT,MATO/LPB/CDN+ERN/H:1/RES,Rural,85597.0,1966415894.0,491603779.0,339130.0,6468472.0,2458019093.0,673859.0,85628.0,76.0,304.0,,,
GTM,Guatemala,RES,OT,MATO/LPB/CDN+ERN/H:1/RES,Urban,164548.0,3856899669.0,964224653.0,595903.0,12687169.0,4821124475.0,1321599.0,165747.0,77.0,304.0,,,
GTM,Guatemala,RES,OT,MATO/LPB/CDN+ERN/H:2/RES,Rural,86.0,1484086.0,371019.0,299.0,4882.0,1855122.0,509.0,86.0,57.0,304.0,,,
GTM,Guatemala,RES,OT,MATO/LPB/CDN+ERN/H:2/RES,Urban,814.0,15830029.0,3957491.0,3024.0,52073.0,19787624.0,5429.0,868.0,64.0,304.0,,,
GTM,Guatemala,COM,MR|MCF,MCF/LWAL/CDH+ERH/H:1/COM,TOTAL,3181.0,382212341.0,67449237.0,0.0,570466.0,449661585.0,279591.0,0.0,179.0,670.0,,,
GTM,Guatemala,IND,MR|MCF,MCF/LWAL/CDH+ERH/H:1/IND,TOTAL,2149.0,468504049.0,156168014.0,0.0,1018487.0,624672060.0,481782.0,0.0,474.0,460.0,,,
GTM,Guatemala,COM,MR|MCF,MCF/LWAL/CDH+ERH/H:2/COM,TOTAL,4759.0,1149646335.0,202878760.0,0.0,1715890.0,1352525104.0,841669.0,0.0,361.0,670.0,,,
GTM,Guatemala,IND,MR|MCF,MCF/LWAL/CDH+ERH/H:2/IND,TOTAL,1437.0,573515326.0,191171775.0,0.0,1246772.0,764687103.0,590339.0,0.0,868.0,460.0,,,
GTM,Guatemala,COM,MR|MCF,MCF/LWAL/CDH+ERH/H:3/COM,TOTAL,1039.0,371494899.0,65557924.0,0.0,554470.0,437052831.0,272201.0,0.0,534.0,670.0,,,
GTM,Guatemala,COM,MR|MCF,MCF/LWAL/CDL+ERL/H:1/COM,TOTAL,19176.0,2316095864.0,408722795.0,0.0,3456859.0,2724818663.0,1694234.0,0.0,180.0,670.0,,,
GTM,Guatemala,IND,MR|MCF,MCF/LWAL/CDL+ERL/H:1/IND,TOTAL,12938.0,2823359637.0,941119878.0,0.0,6137738.0,3764479511.0,2903373.0,0.0,474.0,460.0,,,
GTM,Guatemala,COM,MR|MCF,MCF/LWAL/CDL+ERL/H:2/COM,TOTAL,28762.0,6957607335.0,1227813055.0,0.0,10384489.0,8185420382.0,5093737.0,0.0,361.0,670.0,,,
GTM,Guatemala,IND,MR|MCF,MCF/LWAL/CDL+ERL/H:2/IND,TOTAL,8619.0,3451903907.0,1150634634.0,0.0,7504139.0,4602538537.0,3553161.0,0.0,871.0,460.0,,,
GTM,Guatemala,COM,MR|MCF,MCF/LWAL/CDL+ERL/H:3/COM,TOTAL,6365.0,2303425131.0,406486788.0,0.0,3437948.0,2709911918.0,1687759.0,0.0,540.0,670.0,,,
GTM,Guatemala,COM,MR|MCF,MCF/LWAL/CDM+ERM/H:1/COM,TOTAL,9558.0,1153917707.0,203632529.0,0.0,1722265.0,1357550246.0,844096.0,0.0,180.0,670.0,,,
GTM,Guatemala,IND,MR|MCF,MCF/LWAL/CDM+ERM/H:1/IND,TOTAL,6466.0,1408945043.0,469648352.0,0.0,3062924.0,1878593400.0,1448874.0,0.0,474.0,460.0,,,
GTM,Guatemala,COM,MR|MCF,MCF/LWAL/CDM+ERM/H:2/COM,TOTAL,14359.0,3468824075.0,612145426.0,0.0,5177349.0,4080969502.0,2539563.0,0.0,361.0,670.0,,,
GTM,Guatemala,IND,MR|MCF,MCF/LWAL/CDM+ERM/H:2/IND,TOTAL,4311.0,1724501413.0,574833803.0,0.0,3748916.0,2299335213.0,1775088.0,0.0,870.0,460.0,,,
GTM,Guatemala,COM,MR|MCF,MCF/LWAL/CDM+ERM/H:3/COM,TOTAL,3181.0,1146623025.0,202345233.0,0.0,1711378.0,1348968267.0,840150.0,0.0,538.0,670.0,,,
GTM,Guatemala,RES,MR|MCF,MR+CBH/LWAL/CDH+ERH/H:1/RES,Urban,166574.0,10882876104.0,1920507521.0,612796.0,17219741.0,12803383749.0,9454021.0,166707.0,103.0,632.0,,,
GTM,Guatemala,RES,MR|MCF,MR+CBH/LWAL/CDH+ERH/H:2/RES,Urban,78331.0,4768386798.0,841480006.0,293698.0,7544916.0,5609866842.0,4144561.0,79030.0,96.0,632.0,,,
GTM,Guatemala,RES,MR|MCF,MR+CBH/LWAL/CDH+ERH/H:3/RES,Urban,26774.0,1663344152.0,293531323.0,99808.0,2456934.0,1956875472.0,1350366.0,27500.0,92.0,677.0,,,
GTM,Guatemala,RES,MR|MCF,MR+CBH/LWAL/CDH+ERH/H:>3/RES,Urban,46290.0,5276434524.0,931135448.0,181776.0,4628451.0,6207570290.0,2545225.0,52380.0,100.0,1140.0,,,
GTM,Guatemala,RES,MR|MCF,MR+CBH/LWAL/CDL+ERL/H:1/RES,Rural,411936.0,25377606167.0,4478401179.0,1534019.0,40154440.0,29856006419.0,22045870.0,411960.0,97.0,632.0,,,
GTM,Guatemala,RES,MR|MCF,MR+CBH/LWAL/CDL+ERL/H:1/RES,Urban,66030.0,4365519635.0,770385794.0,237759.0,6907468.0,5135905465.0,3792364.0,66073.0,105.0,632.0,,,
GTM,Guatemala,RES,MR|MCF,MR+CBH/LWAL/CDL+ERL/H:2/RES,Rural,185349.0,10097356698.0,1781886544.0,708703.0,15976831.0,11879243231.0,8776449.0,185762.0,86.0,632.0,,,
GTM,Guatemala,RES,MR|MCF,MR+CBH/LWAL/CDL+ERL/H:2/RES,Urban,48321.0,3081430572.0,543781856.0,178644.0,4875681.0,3625212543.0,2678305.0,48506.0,101.0,632.0,,,
GTM,Guatemala,RES,MR|MCF,MR+CBH/LWAL/CDL+ERL/H:3/RES,Rural,39251.0,1947953987.0,343756720.0,149048.0,2877332.0,2291710433.0,1581442.0,39614.0,73.0,677.0,,,
GTM,Guatemala,RES,MR|MCF,MR+CBH/LWAL/CDL+ERL/H:3/RES,Urban,23866.0,1594966078.0,281464624.0,86387.0,2355932.0,1876430671.0,1294854.0,24075.0,99.0,677.0,,,
GTM,Guatemala,RES,MR|MCF,MR+CBH/LWAL/CDL+ERL/H:>3/RES,Rural,22941.0,1624857376.0,286739634.0,86972.0,1425313.0,1911597020.0,783805.0,23287.0,62.0,1140.0,,,
GTM,Guatemala,RES,MR|MCF,MR+CBH/LWAL/CDL+ERL/H:>3/RES,Urban,49930.0,5738078040.0,1012601943.0,190768.0,5033402.0,6750680298.0,2767909.0,54902.0,101.0,1140.0,,,
GTM,Guatemala,RES,MR|MCF,MR+CBH/LWAL/CDM+ERM/H:1/RES,Urban,262449.0,17075493479.0,3013322283.0,959097.0,27018186.0,20088815633.0,14833612.0,262705.0,103.0,632.0,,,
GTM,Guatemala,RES,MR|MCF,MR+CBH/LWAL/CDM+ERM/H:2/RES,Urban,140612.0,8723552943.0,1539450385.0,521790.0,13803090.0,10263003497.0,7582306.0,141595.0,98.0,632.0,,,
GTM,Guatemala,RES,MR|MCF,MR+CBH/LWAL/CDM+ERM/H:3/RES,Urban,63034.0,4115418961.0,726250441.0,229916.0,6078906.0,4841669352.0,3341056.0,64347.0,96.0,677.0,,,
GTM,Guatemala,RES,MR|MCF,MR+CBH/LWAL/CDM+ERM/H:>3/RES,Urban,133227.0,15480671289.0,2731882940.0,511692.0,13579537.0,18212555315.0,7467503.0,147735.0,102.0,1140.0,,,
GTM,Guatemala,RES,MR|MCF,MR+CLBRS/LWAL/CDH+ERH/H:1/RES,Urban,9701.0,641488886.0,113203942.0,35341.0,1015014.0,754692801.0,462889.0,9761.0,105.0,632.0,,,
GTM,Guatemala,RES,MR|MCF,MR+CLBRS/LWAL/CDH+ERH/H:2/RES,Urban,3301.0,252085114.0,44485600.0,11391.0,398869.0,296570688.0,182004.0,3332.0,121.0,632.0,,,
GTM,Guatemala,RES,MR|MCF,MR+CLBRS/LWAL/CDH+ERH/H:3/RES,Urban,1103.0,80604237.0,14224288.0,4461.0,119061.0,94828515.0,54358.0,1369.0,108.0,677.0,,,
GTM,Guatemala,RES,MR|MCF,MR+CLBRS/LWAL/CDL+ERL/H:1/RES,Urban,4577.0,307126800.0,54198843.0,16093.0,485960.0,361325658.0,221619.0,4592.0,106.0,632.0,,,
GTM,Guatemala,RES,MR|MCF,MR+CLBRS/LWAL/CDL+ERL/H:1/RES,Rural,8607.0,505056718.0,89127681.0,31322.0,799140.0,594184402.0,364450.0,8607.0,93.0,632.0,,,
GTM,Guatemala,RES,MR|MCF,MR+CLBRS/LWAL/CDL+ERL/H:2/RES,Urban,4061.0,301859620.0,53269353.0,14195.0,477626.0,355128935.0,217941.0,4112.0,118.0,632.0,,,
GTM,Guatemala,RES,MR|MCF,MR+CLBRS/LWAL/CDL+ERL/H:2/RES,Rural,344.0,21893452.0,3863562.0,1256.0,34642.0,25757024.0,15807.0,344.0,101.0,632.0,,,
GTM,Guatemala,RES,MR|MCF,MR+CLBRS/LWAL/CDL+ERL/H:3/RES,Rural,11.0,523687.0,92415.0,38.0,774.0,616103.0,353.0,11.0,70.0,677.0,,,
GTM,Guatemala,RES,MR|MCF,MR+CLBRS/LWAL/CDL+ERL/H:3/RES,Urban,1080.0,82866982.0,14623605.0,4491.0,122403.0,97490567.0,55884.0,1372.0,113.0,677.0,,,
GTM,Guatemala,RES,MR|MCF,MR+CLBRS/LWAL/CDM+ERM/H:1/RES,Urban,15524.0,1037001077.0,183000191.0,55807.0,1640824.0,1220001296.0,748288.0,15570.0,106.0,632.0,,,
GTM,Guatemala,RES,MR|MCF,MR+CLBRS/LWAL/CDM+ERM/H:2/RES,Urban,11133.0,825903852.0,145747710.0,38735.0,1306810.0,971651517.0,596298.0,11246.0,117.0,632.0,,,
GTM,Guatemala,RES,MR|MCF,MR+CLBRS/LWAL/CDM+ERM/H:3/RES,Urban,3072.0,229243708.0,40454811.0,12455.0,338617.0,269698482.0,154599.0,3790.0,110.0,677.0,,,
GTM,Guatemala,RES,ADO|ST|E,MUR+ADO/LWAL/CDN+ERN/H:1/RES,Rural,526922.0,13418359547.0,2367945673.0,2013177.0,44139337.0,15786305653.0,20129338.0,526956.0,84.0,304.0,,,
GTM,Guatemala,RES,ADO|ST|E,MUR+ADO/LWAL/CDN+ERN/H:1/RES,Urban,230651.0,6243555598.0,1101804415.0,873288.0,20538013.0,7345359501.0,9366133.0,230925.0,89.0,304.0,,,
GTM,Guatemala,RES,ADO|ST|E,MUR+ADO/LWAL/CDN+ERN/H:2/RES,Rural,9542.0,190881100.0,33684913.0,39309.0,627898.0,224565834.0,286512.0,9549.0,66.0,304.0,,,
GTM,Guatemala,RES,ADO|ST|E,MUR+ADO/LWAL/CDN+ERN/H:2/RES,Urban,26379.0,699364404.0,123417381.0,100709.0,2300541.0,822781696.0,1049735.0,27592.0,87.0,304.0,,,
GTM,Guatemala,RES,MUR,MUR/LWAL/CDN+ERN/H:1/RES,Urban,218822.0,6789817806.0,1697454476.0,797906.0,22334927.0,8487272363.0,10185546.0,219040.0,102.0,304.0,,,
GTM,Guatemala,RES,MUR,MUR/LWAL/CDN+ERN/H:1/RES,Rural,190469.0,5515919686.0,1378979970.0,723520.0,18144472.0,6894899003.0,8274633.0,190491.0,95.0,304.0,,,
GTM,Guatemala,RES,MUR,MUR/LWAL/CDN+ERN/H:2/RES,Rural,79575.0,2155740054.0,538934902.0,302383.0,7091250.0,2694674920.0,3235741.0,79664.0,89.0,304.0,,,
GTM,Guatemala,RES,MUR,MUR/LWAL/CDN+ERN/H:2/RES,Urban,159774.0,5113248115.0,1278311925.0,584351.0,16819895.0,6391560156.0,7674866.0,160585.0,105.0,304.0,,,
GTM,Guatemala,RES,MUR,MUR/LWAL/CDN+ERN/H:3/RES,Urban,91056.0,2906431329.0,726607810.0,333349.0,9560629.0,3633039152.0,4364978.0,94941.0,105.0,304.0,,,
GTM,Guatemala,RES,MUR,MUR/LWAL/CDN+ERN/H:3/RES,Rural,17815.0,407490684.0,101872627.0,66544.0,1340430.0,509363320.0,611990.0,17885.0,75.0,304.0,,,
GTM,Guatemala,RES,MUR,MUR/LWAL/CDN+ERN/H:>3/RES,Urban,264514.0,8915798526.0,2228949494.0,1028091.0,29328285.0,11144748142.0,13397694.0,301675.0,111.0,304.0,,,
GTM,Guatemala,RES,MUR,MUR/LWAL/CDN+ERN/H:>3/RES,Rural,11578.0,221473763.0,55368417.0,43563.0,728532.0,276842226.0,332812.0,11716.0,63.0,304.0,,,
GTM,Guatemala,COM,S,S+SL/LFM/CDH+ERH/H:1/COM,TOTAL,650.0,78706668.0,19676665.0,0.0,117473.0,98383329.0,40863.0,0.0,181.0,670.0,,,
GTM,Guatemala,IND,S,S+SL/LFM/CDH+ERH/H:1/IND,TOTAL,180.0,33583873.0,14393086.0,0.0,73008.0,47976961.0,23137.0,0.0,406.0,460.0,,,
GTM,Guatemala,COM,S,S+SL/LFM/CDL+ERL/H:1/COM,TOTAL,3908.0,475747629.0,118936909.0,0.0,710071.0,594684535.0,247001.0,0.0,182.0,670.0,,,
GTM,Guatemala,IND,S,S+SL/LFM/CDL+ERL/H:1/IND,TOTAL,1134.0,243616218.0,104406943.0,0.0,529600.0,348023166.0,167835.0,0.0,467.0,460.0,,,
GTM,Guatemala,COM,S,S+SL/LFM/CDM+ERM/H:1/COM,TOTAL,1943.0,236296824.0,59074207.0,0.0,352682.0,295371033.0,122682.0,0.0,182.0,670.0,,,
GTM,Guatemala,IND,S,S+SL/LFM/CDM+ERM/H:1/IND,TOTAL,554.0,111617089.0,47835897.0,0.0,242646.0,159452985.0,76897.0,0.0,438.0,460.0,,,
GTM,Guatemala,COM,S,S+SR/LFINF/CDH+ERH/H:1/COM,TOTAL,1.0,375313.0,93828.0,0.0,560.0,469142.0,195.0,0.0,560.0,670.0,,,
GTM,Guatemala,IND,S,S+SR/LFINF/CDH+ERH/H:1/IND,TOTAL,9.0,25915676.0,11106718.0,0.0,56338.0,37022395.0,17854.0,0.0,6260.0,460.0,,,
GTM,Guatemala,COM,S,S+SR/LFINF/CDH+ERH/H:2/COM,TOTAL,3.0,1684098.0,421025.0,0.0,2514.0,2105123.0,875.0,0.0,838.0,670.0,,,
GTM,Guatemala,IND,S,S+SR/LFINF/CDH+ERH/H:2/IND,TOTAL,3.0,8377831.0,3590500.0,0.0,18213.0,11968330.0,5776.0,0.0,6071.0,460.0,,,
GTM,Guatemala,COM,S,S+SR/LFINF/CDL+ERL/H:1/COM,TOTAL,17.0,4318394.0,1079598.0,0.0,6445.0,5397993.0,2242.0,0.0,379.0,670.0,,,
GTM,Guatemala,IND,S,S+SR/LFINF/CDL+ERL/H:1/IND,TOTAL,125.0,322235612.0,138100977.0,0.0,700512.0,460336585.0,221998.0,0.0,5604.0,460.0,,,
GTM,Guatemala,COM,S,S+SR/LFINF/CDL+ERL/H:2/COM,TOTAL,34.0,16871669.0,4217918.0,0.0,25182.0,21089586.0,8764.0,0.0,741.0,670.0,,,
GTM,Guatemala,IND,S,S+SR/LFINF/CDL+ERL/H:2/IND,TOTAL,15.0,58976353.0,25275580.0,0.0,128209.0,84251934.0,40660.0,0.0,8547.0,460.0,,,
GTM,Guatemala,COM,S,S+SR/LFINF/CDL+ERL/H:3/COM,TOTAL,4.0,3368196.0,842049.0,0.0,5027.0,4210246.0,1751.0,0.0,1257.0,670.0,,,
GTM,Guatemala,COM,S,S+SR/LFINF/CDM+ERM/H:1/COM,TOTAL,6.0,1684098.0,421025.0,0.0,2514.0,2105123.0,874.0,0.0,419.0,670.0,,,
GTM,Guatemala,IND,S,S+SR/LFINF/CDM+ERM/H:1/IND,TOTAL,47.0,106517849.0,45650507.0,0.0,231561.0,152168356.0,73383.0,0.0,4927.0,460.0,,,
GTM,Guatemala,COM,S,S+SR/LFINF/CDM+ERM/H:2/COM,TOTAL,11.0,5984335.0,1496084.0,0.0,8932.0,7480418.0,3109.0,0.0,812.0,670.0,,,
GTM,Guatemala,IND,S,S+SR/LFINF/CDM+ERM/H:2/IND,TOTAL,8.0,25134003.0,10771716.0,0.0,54639.0,35905718.0,17328.0,0.0,6830.0,460.0,,,
GTM,Guatemala,COM,S,S+SR/LFINF/CDM+ERM/H:3/COM,TOTAL,1.0,1125200.0,281300.0,0.0,1679.0,1406500.0,585.0,0.0,1679.0,670.0,,,
GTM,Guatemala,COM,S,S+SR/LFM/CDH+ERH/H:1/COM,TOTAL,40.0,4469164.0,1117290.0,0.0,6670.0,5586455.0,2320.0,0.0,167.0,670.0,,,
GTM,Guatemala,IND,S,S+SR/LFM/CDH+ERH/H:1/IND,TOTAL,6.0,22896221.0,9812666.0,0.0,49774.0,32708887.0,15774.0,0.0,8296.0,460.0,,,
GTM,Guatemala,COM,S,S+SR/LFM/CDH+ERH/H:2/COM,TOTAL,58.0,14402411.0,3600605.0,0.0,21496.0,18003014.0,7482.0,0.0,371.0,670.0,,,
GTM,Guatemala,IND,S,S+SR/LFM/CDH+ERH/H:2/IND,TOTAL,2.0,6856668.0,2938572.0,0.0,14906.0,9795240.0,4727.0,0.0,7453.0,460.0,,,
GTM,Guatemala,COM,S,S+SR/LFM/CDH+ERH/H:3/COM,TOTAL,7.0,2262396.0,565599.0,0.0,3377.0,2827996.0,1176.0,0.0,482.0,670.0,,,
GTM,Guatemala,COM,S,S+SR/LFM/CDL+ERL/H:1/COM,TOTAL,228.0,29218501.0,7304625.0,0.0,43610.0,36523127.0,15170.0,0.0,191.0,670.0,,,
GTM,Guatemala,IND,S,S+SR/LFM/CDL+ERL/H:1/IND,TOTAL,73.0,278223350.0,119238578.0,0.0,604833.0,397461926.0,191677.0,0.0,8285.0,460.0,,,
GTM,Guatemala,COM,S,S+SR/LFM/CDL+ERL/H:2/COM,TOTAL,342.0,88643930.0,22160981.0,0.0,132304.0,110804908.0,46048.0,0.0,387.0,670.0,,,
GTM,Guatemala,IND,S,S+SR/LFM/CDL+ERL/H:2/IND,TOTAL,10.0,51163016.0,21927007.0,0.0,111224.0,73090023.0,35273.0,0.0,11122.0,460.0,,,
GTM,Guatemala,COM,S,S+SR/LFM/CDL+ERL/H:3/COM,TOTAL,75.0,28812097.0,7203024.0,0.0,43003.0,36015122.0,14976.0,0.0,573.0,670.0,,,
GTM,Guatemala,COM,S,S+SR/LFM/CDM+ERM/H:1/COM,TOTAL,112.0,14402411.0,3600605.0,0.0,21496.0,18003014.0,7478.0,0.0,192.0,670.0,,,
GTM,Guatemala,IND,S,S+SR/LFM/CDM+ERM/H:1/IND,TOTAL,21.0,87761505.0,37612074.0,0.0,190786.0,125373580.0,60462.0,0.0,9085.0,460.0,,,
GTM,Guatemala,COM,S,S+SR/LFM/CDM+ERM/H:2/COM,TOTAL,172.0,43820526.0,10955134.0,0.0,65404.0,54775661.0,22764.0,0.0,380.0,670.0,,,
GTM,Guatemala,IND,S,S+SR/LFM/CDM+ERM/H:2/IND,TOTAL,6.0,21676952.0,9290123.0,0.0,47124.0,30967075.0,14945.0,0.0,7854.0,460.0,,,
GTM,Guatemala,COM,S,S+SR/LFM/CDM+ERM/H:3/COM,TOTAL,40.0,13405686.0,3351423.0,0.0,20008.0,16757108.0,6968.0,0.0,500.0,670.0,,,
GTM,Guatemala,COM,W,W+WLI/LWAL/CDH+ERH/H:1/COM,TOTAL,799.0,64075649.0,21358551.0,0.0,142390.0,85434195.0,24538.0,0.0,178.0,450.0,,,
GTM,Guatemala,COM,W,W+WLI/LWAL/CDH+ERH/H:2/COM,TOTAL,933.0,149941783.0,49980597.0,0.0,333204.0,199922379.0,57453.0,0.0,357.0,450.0,,,
GTM,Guatemala,COM,W,W+WLI/LWAL/CDL+ERL/H:1/COM,TOTAL,4838.0,391814808.0,130604934.0,0.0,870700.0,522419749.0,150048.0,0.0,180.0,450.0,,,
GTM,Guatemala,COM,W,W+WLI/LWAL/CDL+ERL/H:2/COM,TOTAL,5653.0,914442216.0,304814072.0,0.0,2032094.0,1219256289.0,350382.0,0.0,359.0,450.0,,,
GTM,Guatemala,COM,W,W+WLI/LWAL/CDM+ERM/H:1/COM,TOTAL,2423.0,195371054.0,65123686.0,0.0,434158.0,260494741.0,74819.0,0.0,179.0,450.0,,,
GTM,Guatemala,COM,W,W+WLI/LWAL/CDM+ERM/H:2/COM,TOTAL,2820.0,456232255.0,152077422.0,0.0,1013849.0,608309667.0,174812.0,0.0,360.0,450.0,,,
GTM,Guatemala,RES,W,W+WWD/LWAL/CDN+ERL/H:1/RES,Rural,45683.0,1104784613.0,276195893.0,184359.0,3634159.0,1380980502.0,366166.0,45687.0,80.0,304.0,,,
GTM,Guatemala,RES,W,W+WWD/LWAL/CDN+ERL/H:1/RES,Urban,13731.0,335663845.0,83915957.0,50002.0,1104158.0,419580155.0,111252.0,13736.0,80.0,304.0,,,
GTM,Guatemala,RES,W,W+WWD/LWAL/CDN+ERL/H:2/RES,Urban,6.0,113845.0,28461.0,21.0,374.0,142307.0,38.0,6.0,62.0,304.0,,,
GTM,Guatemala,RES,W,W/LFM/CDL+ERL/H:1/RES,Rural,342950.0,8215376528.0,2053843831.0,1456222.0,27024264.0,10269219535.0,2815101.0,343019.0,79.0,304.0,,,
GTM,Guatemala,RES,W,W/LFM/CDL+ERL/H:1/RES,Urban,118208.0,2925974073.0,731493612.0,476542.0,9624914.0,3657467481.0,1002605.0,118678.0,81.0,304.0,,,
GTM,Guatemala,RES,W,W/LFM/CDL+ERL/H:2/RES,Rural,10.0,242619.0,60655.0,34.0,798.0,303275.0,83.0,10.0,80.0,304.0,,,
GTM,Guatemala,RES,W,W/LFM/CDL+ERL/H:2/RES,Urban,1201.0,33583550.0,8395862.0,4200.0,110472.0,41979459.0,11516.0,1275.0,92.0,304.0,,,
GTM,Guatemala,RES,W,W/LFM/CDN+ERL/H:1/RES,Urban,33579.0,839715182.0,209928863.0,133148.0,2762221.0,1049643909.0,287733.0,33844.0,82.0,304.0,,,
GTM,Guatemala,RES,W,W/LFM/CDN+ERL/H:1/RES,Rural,80387.0,1909884599.0,477471094.0,335672.0,6282515.0,2387355506.0,654446.0,80407.0,78.0,304.0,,,
GTM,Guatemala,RES,W,W/LFM/CDN+ERL/H:2/RES,Rural,14.0,372890.0,93223.0,47.0,1227.0,466113.0,128.0,14.0,88.0,304.0,,,
GTM,Guatemala,RES,W,W/LFM/CDN+ERL/H:2/RES,Urban,1958.0,58993813.0,14748445.0,7240.0,194059.0,73742262.0,20228.0,2216.0,99.0,304.0,,,
GTM,Guatemala,RES,W,W/LPB/CDN+ERL/H:1/RES,Rural,9052.0,210977864.0,52744446.0,38460.0,694006.0,263722232.0,72299.0,9052.0,77.0,304.0,,,
GTM,Guatemala,RES,W,W/LPB/CDN+ERL/H:1/RES,Urban,4119.0,99003621.0,24750910.0,16589.0,325670.0,123754515.0,33926.0,4126.0,79.0,304.0,,,
GTM,Guatemala,RES,W,W/LPB/CDN+ERL/H:2/RES,Urban,64.0,1692757.0,423189.0,214.0,5568.0,2115950.0,580.0,65.0,87.0,304.0,,,
GTM,Guatemala,RES,W,W/LPB/CDN+ERM/H:1/RES,Rural,46530.0,1091213499.0,272803202.0,205745.0,3589517.0,1364016573.0,373936.0,46532.0,77.0,304.0,,,
GTM,Guatemala,RES,W,W/LPB/CDN+ERM/H:1/RES,Urban,15736.0,372340571.0,93085166.0,66490.0,1224805.0,465425777.0,127589.0,15748.0,78.0,304.0,,,
GTM,Guatemala,RES,W,W/LPB/CDN+ERM/H:2/RES,Rural,2.0,45538.0,11384.0,9.0,150.0,56923.0,16.0,2.0,75.0,304.0,,,
GTM,Guatemala,RES,W,W/LPB/CDN+ERM/H:2/RES,Urban,35.0,951884.0,237968.0,117.0,3131.0,1189857.0,326.0,35.0,89.0,304.0,,,
HTI,Haiti,RES,CR-,CR/LFINF/CDL+ERL/H:2/RES,URBAN,32640.0,1567640329.0,276642410.0,203839.0,3005076.0,1844282740.0,1095973.0,39167.0,92.0,522.0,,,
HTI,Haiti,RES,CR-,CR/LFINF/CDL+ERL/H:3/RES,URBAN,27589.0,2072034357.0,365653125.0,290796.0,3971970.0,2437687475.0,1449670.0,55168.0,144.0,522.0,,,
HTI,Haiti,RES,CR-,CR/LFINF/CDL+ERL/H:4/RES,URBAN,2553.0,958934106.0,169223667.0,136849.0,1838221.0,1128157772.0,671398.0,25532.0,720.0,522.0,,,
HTI,Haiti,COM,CR-,CR/LFM/CDL+ERL/H:1/COM,TOTAL,6513.0,193990320.0,34233584.0,0.0,492361.0,228223903.0,241310.0,0.0,76.0,394.0,,,
HTI,Haiti,COM,CR-,CR/LFM/CDL+ERL/H:1/COM:1,TOTAL,13770.0,420490347.0,74204180.0,0.0,1067234.0,494694525.0,523060.0,0.0,78.0,394.0,,,
HTI,Haiti,COM,CR-,CR/LFM/CDL+ERL/H:1/COM:2,TOTAL,2193.0,284338107.0,50177313.0,0.0,721670.0,334515420.0,353696.0,0.0,329.0,394.0,,,
HTI,Haiti,COM,CR-,CR/LFM/CDL+ERL/H:1/COM:3,TOTAL,18498.0,557585097.0,98397374.0,0.0,1415191.0,655982465.0,693596.0,0.0,77.0,394.0,,,
HTI,Haiti,COM,CR-,CR/LFM/CDL+ERL/H:1/COM:5,TOTAL,536.0,15966988.0,2817703.0,0.0,40525.0,18784694.0,19862.0,0.0,76.0,394.0,,,
HTI,Haiti,COM,CR-,CR/LFM/CDL+ERL/H:1/COM:5A,TOTAL,782.0,51311964.0,9055052.0,0.0,130233.0,60367015.0,63828.0,0.0,167.0,394.0,,,
HTI,Haiti,IND,CR-,CR/LFM/CDL+ERL/H:1/IND:1,TOTAL,201.0,23162520.0,7720841.0,0.0,78384.0,30883357.0,37079.0,0.0,390.0,296.0,,,
HTI,Haiti,IND,CR-,CR/LFM/CDL+ERL/H:1/IND:2,TOTAL,17516.0,589920455.0,196640151.0,0.0,1996347.0,786560606.0,944344.0,0.0,114.0,295.0,,,
HTI,Haiti,IND,CR-,CR/LFM/CDL+ERL/H:1/IND:4,TOTAL,974.0,22533285.0,7511096.0,0.0,76255.0,30044378.0,36071.0,0.0,78.0,295.0,,,
HTI,Haiti,IND,CR-,CR/LFM/CDL+ERL/H:1/IND:6,TOTAL,3856.0,180816982.0,60272328.0,0.0,611902.0,241089310.0,289452.0,0.0,159.0,295.0,,,
HTI,Haiti,RES,CR-,CR/LFM/CDL+ERL/H:1/RES,URBAN,19899.0,747562623.0,131922813.0,98386.0,1433034.0,879485436.0,522254.0,19899.0,72.0,522.0,,,
HTI,Haiti,COM,CR-,CR/LFM/CDL+ERL/H:2/COM,TOTAL,1033.0,129036908.0,22771218.0,0.0,327505.0,151808126.0,160646.0,0.0,317.0,394.0,,,
HTI,Haiti,COM,CR-,CR/LFM/CDL+ERL/H:2/COM:1,TOTAL,3612.0,229367596.0,40476635.0,0.0,582151.0,269844225.0,285553.0,0.0,161.0,394.0,,,
HTI,Haiti,COM,CR-,CR/LFM/CDL+ERL/H:2/COM:2,TOTAL,1428.0,155102720.0,27371070.0,0.0,393662.0,182473791.0,193097.0,0.0,276.0,394.0,,,
HTI,Haiti,COM,CR-,CR/LFM/CDL+ERL/H:2/COM:3,TOTAL,5556.0,395918416.0,69867958.0,0.0,1004869.0,465786369.0,492903.0,0.0,181.0,394.0,,,
HTI,Haiti,COM,CR-,CR/LFM/CDL+ERL/H:2/COM:5,TOTAL,114.0,13364636.0,2358468.0,0.0,33920.0,15723100.0,16638.0,0.0,298.0,394.0,,,
HTI,Haiti,COM,CR-,CR/LFM/CDL+ERL/H:2/COM:5A,TOTAL,571.0,45872004.0,8095057.0,0.0,116426.0,53967063.0,57109.0,0.0,204.0,394.0,,,
HTI,Haiti,RES,CR-,CR/LFM/CDL+ERL/H:2/RES,URBAN,7948.0,377457009.0,66610062.0,49872.0,723563.0,444067065.0,263889.0,9533.0,91.0,522.0,,,
HTI,Haiti,RES,OT,INF/LN/CDN+ERN/H:1/RES,URBAN,181411.0,3559013317.0,889753332.0,899356.0,10612659.0,4448766660.0,369677.0,181409.0,59.0,335.0,,,
HTI,Haiti,RES,OT,INF/LN/CDN+ERN/H:1/RES,RURAL,470564.0,9231692155.0,2307923052.0,1925805.0,27528079.0,11539615191.0,958905.0,470564.0,59.0,335.0,,,
HTI,Haiti,COM,MR|MCF,MCF/LWAL/CDL+ERL/H:1/COM,TOTAL,9050.0,267860318.0,66965078.0,0.0,679849.0,334825402.0,333199.0,0.0,75.0,394.0,,,
HTI,Haiti,COM,MR|MCF,MCF/LWAL/CDL+ERL/H:1/COM:1,TOTAL,17210.0,525612935.0,131403233.0,0.0,1334043.0,657016166.0,653825.0,0.0,78.0,394.0,,,
HTI,Haiti,COM,MR|MCF,MCF/LWAL/CDL+ERL/H:1/COM:2,TOTAL,3538.0,419112305.0,104778074.0,0.0,1063737.0,523890380.0,521346.0,0.0,301.0,394.0,,,
HTI,Haiti,COM,MR|MCF,MCF/LWAL/CDL+ERL/H:1/COM:3,TOTAL,22203.0,662338498.0,165584629.0,0.0,1681062.0,827923126.0,823902.0,0.0,76.0,394.0,,,
HTI,Haiti,COM,MR|MCF,MCF/LWAL/CDL+ERL/H:1/COM:5,TOTAL,946.0,28537685.0,7134421.0,0.0,72431.0,35672106.0,35499.0,0.0,77.0,394.0,,,
HTI,Haiti,COM,MR|MCF,MCF/LWAL/CDL+ERL/H:1/COM:5A,TOTAL,782.0,51311964.0,12827991.0,0.0,130233.0,64139956.0,63828.0,0.0,167.0,394.0,,,
HTI,Haiti,IND,MR|MCF,MCF/LWAL/CDL+ERL/H:1/IND:1,TOTAL,169.0,18980400.0,6326802.0,0.0,64231.0,25307200.0,30384.0,0.0,380.0,296.0,,,
HTI,Haiti,IND,MR|MCF,MCF/LWAL/CDL+ERL/H:1/IND:2,TOTAL,17353.0,577052388.0,192350795.0,0.0,1952800.0,769403184.0,923745.0,0.0,113.0,295.0,,,
HTI,Haiti,IND,MR|MCF,MCF/LWAL/CDL+ERL/H:1/IND:4,TOTAL,974.0,22533285.0,7511096.0,0.0,76255.0,30044378.0,36071.0,0.0,78.0,295.0,,,
HTI,Haiti,IND,MR|MCF,MCF/LWAL/CDL+ERL/H:1/IND:6,TOTAL,3807.0,175568354.0,58522784.0,0.0,594140.0,234091140.0,281050.0,0.0,156.0,295.0,,,
HTI,Haiti,RES,MR|MCF,MCF/LWAL/CDL+ERL/H:1/RES,URBAN,28957.0,717554646.0,126627289.0,143159.0,1375511.0,844181928.0,501290.0,28956.0,48.0,522.0,,,
HTI,Haiti,COM,MR|MCF,MCF/LWAL/CDL+ERL/H:2/COM,TOTAL,1691.0,208778815.0,52194702.0,0.0,529895.0,260973520.0,259921.0,0.0,313.0,394.0,,,
HTI,Haiti,COM,MR|MCF,MCF/LWAL/CDL+ERL/H:2/COM:1,TOTAL,5168.0,315367758.0,78841939.0,0.0,800426.0,394209695.0,392620.0,0.0,155.0,394.0,,,
HTI,Haiti,COM,MR|MCF,MCF/LWAL/CDL+ERL/H:2/COM:2,TOTAL,2129.0,238925176.0,59731294.0,0.0,606409.0,298656464.0,297452.0,0.0,285.0,394.0,,,
HTI,Haiti,COM,MR|MCF,MCF/LWAL/CDL+ERL/H:2/COM:3,TOTAL,5479.0,371998340.0,92999580.0,0.0,944158.0,464997917.0,463123.0,0.0,172.0,394.0,,,
HTI,Haiti,COM,MR|MCF,MCF/LWAL/CDL+ERL/H:2/COM:5,TOTAL,111.0,12570696.0,3142673.0,0.0,31905.0,15713369.0,15650.0,0.0,287.0,394.0,,,
HTI,Haiti,COM,MR|MCF,MCF/LWAL/CDL+ERL/H:2/COM:5A,TOTAL,547.0,38873590.0,9718402.0,0.0,98664.0,48591990.0,48396.0,0.0,180.0,394.0,,,
HTI,Haiti,RES,MR|MCF,MCF/LWAL/CDL+ERL/H:2/RES,URBAN,3181.0,94521368.0,16680239.0,19970.0,181192.0,111201608.0,66082.0,3815.0,57.0,522.0,,,
HTI,Haiti,COM,MR|MCF,MCF/LWAL/CDL+ERL/H:3/COM,TOTAL,34.0,7901697.0,1975427.0,0.0,20055.0,9877122.0,9845.0,0.0,590.0,394.0,,,
HTI,Haiti,COM,MR|MCF,MCF/LWAL/CDL+ERL/H:3/COM:1,TOTAL,170.0,38244842.0,9561211.0,0.0,97068.0,47806052.0,47653.0,0.0,571.0,394.0,,,
HTI,Haiti,COM,MR|MCF,MCF/LWAL/CDL+ERL/H:3/COM:3,TOTAL,134.0,60006389.0,15001594.0,0.0,152300.0,75007989.0,74768.0,0.0,1137.0,394.0,,,
HTI,Haiti,COM,MR|MCF,MCF/LWAL/CDL+ERL/H:3/COM:5,TOTAL,11.0,793937.0,198487.0,0.0,2015.0,992423.0,989.0,0.0,183.0,394.0,,,
HTI,Haiti,COM,MR|MCF,MCF/LWAL/CDL+ERL/H:3/COM:5A,TOTAL,39.0,6998418.0,1749604.0,0.0,17762.0,8748020.0,8720.0,0.0,455.0,394.0,,,
HTI,Haiti,RES,MR|MCF,MCF/LWAL/CDL+ERL/H:3/RES,URBAN,2861.0,141782052.0,25020360.0,29931.0,271788.0,166802416.0,99196.0,5719.0,95.0,522.0,,,
HTI,Haiti,RES,MR|MCF,MR/LWAL/CDL+ERL/H:1/RES,URBAN,12666.0,313872241.0,55389211.0,62643.0,601675.0,369261456.0,274384.0,12665.0,48.0,522.0,,,
HTI,Haiti,RES,MR|MCF,MR/LWAL/CDL+ERL/H:2/RES,URBAN,7948.0,236303416.0,41700599.0,49872.0,452980.0,278004027.0,206693.0,9533.0,57.0,522.0,,,
HTI,Haiti,RES,MR|MCF,MR/LWAL/CDL+ERL/H:3/RES,URBAN,4769.0,236303416.0,41700599.0,49872.0,452980.0,278004027.0,206811.0,9533.0,95.0,522.0,,,
HTI,Haiti,RES,ADO|ST|E,MUR+ADO/LWAL/CDN+ERN/H:1/RES,URBAN,110747.0,2971180381.0,742795091.0,569465.0,8859794.0,3713975467.0,533796.0,110747.0,80.0,335.0,,,
HTI,Haiti,RES,ADO|ST|E,MUR+ADO/LWAL/CDN+ERN/H:1/RES,RURAL,250822.0,6729344672.0,1682336178.0,1026507.0,20066303.0,8411680829.0,1208981.0,250822.0,80.0,335.0,,,
HTI,Haiti,RES,ADO|ST|E,MUR+ADO/LWAL/CDN+ERN/H:2/RES,URBAN,9659.0,310906652.0,77726664.0,58447.0,927096.0,388633315.0,56008.0,11586.0,96.0,335.0,,,
HTI,Haiti,RES,ADO|ST|E,MUR+ADO/LWAL/CDN+ERN/H:2/RES,RURAL,2850.0,91833364.0,22958346.0,14033.0,273839.0,114791713.0,16545.0,3428.0,96.0,335.0,,,
HTI,Haiti,RES,ADO|ST|E,MUR+ST/LWAL/CDN+ERN/H:1/RES,URBAN,57917.0,971126577.0,242781643.0,286344.0,2895812.0,1213908222.0,561941.0,57917.0,50.0,335.0,,,
HTI,Haiti,RES,ADO|ST|E,MUR+ST/LWAL/CDN+ERN/H:1/RES,RURAL,250822.0,4205840417.0,1051460100.0,1026507.0,12541439.0,5257300520.0,2433705.0,250822.0,50.0,335.0,,,
HTI,Haiti,RES,MUR,MUR/LWAL/CDN+ERN/H:1/RES,RURAL,484350.0,12994420648.0,3248605154.0,1982208.0,38748198.0,16243025803.0,17740423.0,484350.0,80.0,335.0,,,
HTI,Haiti,RES,MUR,MUR/LWAL/CDN+ERN/H:1/RES,URBAN,196622.0,3132085807.0,783021456.0,928044.0,9339599.0,3915107254.0,4276029.0,196622.0,48.0,335.0,,,
HTI,Haiti,RES,MUR,MUR/LWAL/CDN+ERN/H:2/RES,RURAL,19953.0,642833531.0,160708386.0,98105.0,1916872.0,803541917.0,878094.0,23972.0,96.0,335.0,,,
HTI,Haiti,RES,MUR,MUR/LWAL/CDN+ERN/H:2/RES,URBAN,17608.0,336510164.0,84127546.0,108361.0,1003443.0,420637705.0,459664.0,21127.0,57.0,335.0,,,
HTI,Haiti,COM,S,S+SL/LFM/CDL+ERL/H:1/COM:2,TOTAL,850.0,270717197.0,67679305.0,0.0,411437.0,338396496.0,143120.0,0.0,484.0,658.0,,,
HTI,Haiti,IND,S,S+SL/LFM/CDL+ERL/H:1/IND:1,TOTAL,38.0,5372582.0,2302535.0,0.0,10887.0,7675115.0,3450.0,0.0,286.0,493.0,,,
HTI,Haiti,IND,S,S+SL/LFM/CDL+ERL/H:1/IND:2,TOTAL,1239.0,74275938.0,31832545.0,0.0,150508.0,106108482.0,47697.0,0.0,121.0,494.0,,,
HTI,Haiti,IND,S,S+SL/LFM/CDL+ERL/H:1/IND:4,TOTAL,140.0,2508787.0,1075190.0,0.0,5084.0,3583979.0,1611.0,0.0,36.0,493.0,,,
HTI,Haiti,IND,S,S+SL/LFM/CDL+ERL/H:1/IND:6,TOTAL,287.0,23637761.0,10130471.0,0.0,47898.0,33768231.0,15179.0,0.0,167.0,494.0,,,
HTI,Haiti,COM,S,S+SR/LFINF/CDM+ERM/H:1/COM:2,TOTAL,790.0,194877607.0,48719402.0,0.0,296176.0,243597011.0,103026.0,0.0,375.0,658.0,,,
HTI,Haiti,IND,S,S+SR/LFINF/CDM+ERM/H:1/IND:1,TOTAL,41.0,6017290.0,2578839.0,0.0,12193.0,8596126.0,3864.0,0.0,297.0,494.0,,,
HTI,Haiti,IND,S,S+SR/LFINF/CDM+ERM/H:1/IND:2,TOTAL,2011.0,117793846.0,50483076.0,0.0,238691.0,168276925.0,75643.0,0.0,119.0,493.0,,,
HTI,Haiti,IND,S,S+SR/LFINF/CDM+ERM/H:1/IND:4,TOTAL,223.0,4181298.0,1791986.0,0.0,8473.0,5973284.0,2685.0,0.0,38.0,493.0,,,
HTI,Haiti,IND,S,S+SR/LFINF/CDM+ERM/H:1/IND:6,TOTAL,454.0,36246112.0,15534048.0,0.0,73447.0,51780165.0,23276.0,0.0,162.0,494.0,,,
HTI,Haiti,COM,S,S+SR/LFM/CDM+ERM/H:1/COM:2,TOTAL,740.0,160929012.0,40232255.0,0.0,244580.0,201161261.0,85078.0,0.0,331.0,658.0,,,
HTI,Haiti,IND,S,S+SR/LFM/CDM+ERM/H:1/IND:1,TOTAL,33.0,4190613.0,1795977.0,0.0,8492.0,5986589.0,2691.0,0.0,257.0,493.0,,,
HTI,Haiti,IND,S,S+SR/LFM/CDM+ERM/H:1/IND:2,TOTAL,824.0,48353232.0,20722814.0,0.0,97980.0,69076045.0,31051.0,0.0,119.0,494.0,,,
HTI,Haiti,IND,S,S+SR/LFM/CDM+ERM/H:1/IND:4,TOTAL,101.0,1672517.0,716794.0,0.0,3389.0,2389314.0,1074.0,0.0,34.0,494.0,,,
HTI,Haiti,IND,S,S+SR/LFM/CDM+ERM/H:1/IND:6,TOTAL,197.0,15986840.0,6851502.0,0.0,32395.0,22838341.0,10266.0,0.0,164.0,493.0,,,
HTI,Haiti,COM,W,W+WLI/LWAL/CDL+ERL/H:1/COM:1,TOTAL,12803.0,363123084.0,121041026.0,0.0,921632.0,484164112.0,158825.0,0.0,72.0,394.0,,,
HTI,Haiti,COM,W,W+WLI/LWAL/CDL+ERL/H:1/COM:2,TOTAL,1942.0,152855238.0,50951746.0,0.0,387957.0,203806980.0,66857.0,0.0,200.0,394.0,,,
HTI,Haiti,COM,W,W+WLI/LWAL/CDL+ERL/H:1/COM:3,TOTAL,7204.0,207238543.0,69079517.0,0.0,525986.0,276318055.0,90643.0,0.0,73.0,394.0,,,
HTI,Haiti,COM,W,W+WLI/LWAL/CDL+ERL/H:1/COM:5,TOTAL,267.0,7586523.0,2528840.0,0.0,19255.0,10115366.0,3318.0,0.0,72.0,394.0,,,
HTI,Haiti,RES,W,W+WLI/LWAL/CDL+ERL/H:1/RES,RURAL,17300.0,290167922.0,72541977.0,70802.0,865255.0,362709895.0,87172.0,17301.0,50.0,335.0,,,
HTI,Haiti,RES,W,W+WLI/LWAL/CDL+ERL/H:1/RES,URBAN,8331.0,90795083.0,22698773.0,43165.0,270743.0,113493853.0,27276.0,8331.0,32.0,335.0,,,
HTI,Haiti,COM,W,W+WLI/LWAL/CDL+ERL/H:2/COM:1,TOTAL,6568.0,210245174.0,70081727.0,0.0,533617.0,280326898.0,92008.0,0.0,81.0,394.0,,,
HTI,Haiti,COM,W,W+WLI/LWAL/CDL+ERL/H:2/COM:2,TOTAL,651.0,50951744.0,16983913.0,0.0,129319.0,67935661.0,22298.0,0.0,199.0,394.0,,,
HTI,Haiti,COM,W,W+WLI/LWAL/CDL+ERL/H:2/COM:3,TOTAL,4030.0,128673485.0,42891161.0,0.0,326582.0,171564643.0,56311.0,0.0,81.0,394.0,,,
HTI,Haiti,COM,W,W+WLI/LWAL/CDL+ERL/H:2/COM:5,TOTAL,139.0,4984169.0,1661391.0,0.0,12650.0,6645561.0,2181.0,0.0,91.0,394.0,,,
HTI,Haiti,RES,W,W+WLI/LWAL/CDL+ERL/H:2/RES,RURAL,5698.0,114791707.0,28697917.0,28048.0,342299.0,143489621.0,34510.0,6852.0,60.0,335.0,,,
HTI,Haiti,RES,W,W+WWD/LWAL/CDN+ERL/H:1/RES,RURAL,393546.0,6598928508.0,1649732140.0,1610637.0,19677413.0,8248660653.0,205081.0,393550.0,50.0,335.0,,,
HTI,Haiti,RES,W,W+WWD/LWAL/CDN+ERL/H:1/RES,URBAN,20981.0,228631532.0,57157885.0,95073.0,681759.0,285789416.0,7106.0,20980.0,32.0,335.0,,,
HND,Honduras,IND,CR+,CR+PCPS/LFM/CDH+ERH/H:1/IND,TOTAL,328.0,151497688.0,50499226.0,0.0,360709.0,201996919.0,170628.0,0.0,1100.0,420.0,,,
HND,Honduras,IND,CR+,CR+PCPS/LFM/CDH+ERH/H:2/IND,TOTAL,10.0,5561022.0,1853673.0,0.0,13241.0,7414697.0,6269.0,0.0,1324.0,420.0,,,
HND,Honduras,COM,CR-,CR+PCPS/LFM/CDL+ERL/H:1/COM,TOTAL,5379.0,1023205033.0,180565596.0,0.0,1764147.0,1203770629.0,864622.0,0.0,328.0,580.0,,,
HND,Honduras,IND,CR-,CR+PCPS/LFM/CDL+ERL/H:1/IND,TOTAL,2255.0,1091913133.0,363971045.0,0.0,2599793.0,1455884176.0,1229796.0,0.0,1153.0,420.0,,,
HND,Honduras,COM,CR-,CR+PCPS/LFM/CDL+ERL/H:2/COM,TOTAL,295.0,87937717.0,15518420.0,0.0,151617.0,103456139.0,74370.0,0.0,514.0,580.0,,,
HND,Honduras,IND,CR-,CR+PCPS/LFM/CDL+ERL/H:2/IND,TOTAL,119.0,90355640.0,30118547.0,0.0,215132.0,120474183.0,101864.0,0.0,1808.0,420.0,,,
HND,Honduras,COM,CR+,CR+PCPS/LFM/CDM+ERM/H:1/COM,TOTAL,1597.0,302850249.0,53444161.0,0.0,522156.0,356294410.0,255913.0,0.0,327.0,580.0,,,
HND,Honduras,IND,CR+,CR+PCPS/LFM/CDM+ERM/H:1/IND,TOTAL,328.0,151497688.0,50499226.0,0.0,360709.0,201996919.0,170628.0,0.0,1100.0,420.0,,,
HND,Honduras,COM,CR+,CR+PCPS/LFM/CDM+ERM/H:2/COM,TOTAL,91.0,25470256.0,4494753.0,0.0,43914.0,29965007.0,21541.0,0.0,483.0,580.0,,,
HND,Honduras,IND,CR+,CR+PCPS/LFM/CDM+ERM/H:2/IND,TOTAL,10.0,5561022.0,1853673.0,0.0,13241.0,7414697.0,6269.0,0.0,1324.0,420.0,,,
HND,Honduras,COM,CR-,CR/LDUAL/CDL+ERL/H:12-24/COM,TOTAL,14.0,77457826.0,13669028.0,0.0,133548.0,91126854.0,69365.0,0.0,9539.0,580.0,,,
HND,Honduras,COM,CR-,CR/LDUAL/CDL+ERL/H:3/COM,TOTAL,8.0,11813018.0,2084650.0,0.0,20367.0,13897668.0,10447.0,0.0,2546.0,580.0,,,
HND,Honduras,COM,CR-,CR/LDUAL/CDL+ERL/H:7/COM,TOTAL,28.0,68924443.0,12163137.0,0.0,118835.0,81087580.0,61160.0,0.0,4244.0,580.0,,,
HND,Honduras,COM,CR+,CR/LDUAL/CDM+ERM/H:12-24/COM,TOTAL,4.0,20792165.0,3669205.0,0.0,35849.0,24461371.0,18620.0,0.0,8962.0,580.0,,,
HND,Honduras,COM,CR+,CR/LDUAL/CDM+ERM/H:3/COM,TOTAL,1.0,2381165.0,420206.0,0.0,4105.0,2801371.0,2106.0,0.0,4105.0,580.0,,,
HND,Honduras,COM,CR+,CR/LDUAL/CDM+ERM/H:7/COM,TOTAL,7.0,18501608.0,3264990.0,0.0,31899.0,21766598.0,16417.0,0.0,4557.0,580.0,,,
HND,Honduras,RES,CR-,CR/LFINF/CDL+ERL/H:2/RES,TOTAL,20616.0,1196633365.0,211170594.0,93974.0,2492986.0,1407803959.0,909210.0,24739.0,121.0,480.0,,,
HND,Honduras,RES,CR-,CR/LFINF/CDL+ERL/H:3/RES,TOTAL,16762.0,1087128846.0,191846266.0,129795.0,2264852.0,1278975110.0,826615.0,33687.0,135.0,480.0,,,
HND,Honduras,RES,CR-,CR/LFINF/CDL+ERL/H:4/RES,TOTAL,2716.0,877662750.0,154881656.0,108376.0,1828464.0,1032544413.0,667834.0,27209.0,673.0,480.0,,,
HND,Honduras,RES,CR-,CR/LFINF/CDL+ERL/H:5/RES,TOTAL,2168.0,877157658.0,154792526.0,107773.0,1827412.0,1031950184.0,667940.0,27166.0,843.0,480.0,,,
HND,Honduras,RES,CR+,CR/LFINF/CDM+ERM/H:2/RES,TOTAL,14588.0,1633551191.0,288273740.0,69582.0,3403232.0,1921824945.0,1241183.0,17508.0,233.0,480.0,,,
HND,Honduras,RES,CR+,CR/LFINF/CDM+ERM/H:3/RES,TOTAL,11383.0,1423047800.0,251126084.0,90676.0,2964683.0,1674173895.0,1082036.0,22852.0,260.0,480.0,,,
HND,Honduras,RES,CR+,CR/LFINF/CDM+ERM/H:4/RES,TOTAL,2278.0,1422120172.0,250962386.0,90853.0,2962750.0,1673082551.0,1082124.0,22861.0,1301.0,480.0,,,
HND,Honduras,RES,CR+,CR/LFINF/CDM+ERM/H:5/RES,TOTAL,1829.0,1426314578.0,251702572.0,90717.0,2971489.0,1678017147.0,1086112.0,22906.0,1625.0,480.0,,,
HND,Honduras,RES,CR+,CR/LFINF/CDM+ERM/H:6/RES,TOTAL,1515.0,1424454099.0,251374257.0,90557.0,2967613.0,1675828356.0,1085491.0,22898.0,1959.0,480.0,,,
HND,Honduras,IND,CR+,CR/LFM/CDH+ERH/H:1/IND,TOTAL,312.0,143524493.0,47841497.0,0.0,341725.0,191365993.0,161648.0,0.0,1095.0,420.0,,,
HND,Honduras,IND,CR+,CR/LFM/CDH+ERH/H:2/IND,TOTAL,29.0,14895419.0,4965139.0,0.0,35465.0,19860558.0,16793.0,0.0,1223.0,420.0,,,
HND,Honduras,COM,CR-,CR/LFM/CDL+ERL/H:1/COM,TOTAL,15663.0,2779957379.0,490580717.0,0.0,4793030.0,3270538089.0,2349101.0,0.0,306.0,580.0,,,
HND,Honduras,IND,CR-,CR/LFM/CDL+ERL/H:1/IND,TOTAL,2132.0,1024476950.0,341492317.0,0.0,2439231.0,1365969268.0,1153845.0,0.0,1144.0,420.0,,,
HND,Honduras,RES,CR-,CR/LFM/CDL+ERL/H:1/RES,TOTAL,11892.0,383594348.0,67693116.0,39596.0,799155.0,451287467.0,291244.0,11892.0,67.0,480.0,,,
HND,Honduras,COM,CR-,CR/LFM/CDL+ERL/H:2/COM,TOTAL,1957.0,538489065.0,95027478.0,0.0,928429.0,633516545.0,455408.0,0.0,474.0,580.0,,,
HND,Honduras,IND,CR-,CR/LFM/CDL+ERL/H:2/IND,TOTAL,237.0,181143127.0,60381040.0,0.0,431293.0,241524171.0,204215.0,0.0,1820.0,420.0,,,
HND,Honduras,RES,CR-,CR/LFM/CDL+ERL/H:2/RES,TOTAL,9975.0,578514813.0,102090845.0,39907.0,1205239.0,680605654.0,439560.0,11974.0,121.0,480.0,,,
HND,Honduras,COM,CR+,CR/LFM/CDM+ERM/H:1/COM,TOTAL,4675.0,826895686.0,145922767.0,0.0,1425682.0,972818448.0,698738.0,0.0,305.0,580.0,,,
HND,Honduras,IND,CR+,CR/LFM/CDM+ERM/H:1/IND,TOTAL,312.0,143524493.0,47841497.0,0.0,341725.0,191365993.0,161648.0,0.0,1095.0,420.0,,,
HND,Honduras,COM,CR+,CR/LFM/CDM+ERM/H:2/COM,TOTAL,579.0,159713257.0,28184690.0,0.0,275368.0,187897952.0,135072.0,0.0,476.0,580.0,,,
HND,Honduras,IND,CR+,CR/LFM/CDM+ERM/H:2/IND,TOTAL,29.0,14895419.0,4965139.0,0.0,35465.0,19860558.0,16793.0,0.0,1223.0,420.0,,,
HND,Honduras,RES,OT,INF/LN/CDN+ERN/H:1/RES,TOTAL,27167.0,237329900.0,59332474.0,99599.0,1483312.0,296662373.0,51670.0,27167.0,55.0,160.0,,,
HND,Honduras,IND,MR|MCF,MCF/LWAL/CDH+ERH/H:1/IND,TOTAL,863.0,222522857.0,74174284.0,0.0,529816.0,296697144.0,250622.0,0.0,614.0,420.0,,,
HND,Honduras,IND,MR|MCF,MCF/LWAL/CDH+ERH/H:2/IND,TOTAL,287.0,148194833.0,49398280.0,0.0,352845.0,197593111.0,167070.0,0.0,1229.0,420.0,,,
HND,Honduras,COM,MR|MCF,MCF/LWAL/CDL+ERL/H:1/COM,TOTAL,13616.0,2343681367.0,585920341.0,0.0,4040830.0,2929601708.0,1980442.0,0.0,297.0,580.0,,,
HND,Honduras,IND,MR|MCF,MCF/LWAL/CDL+ERL/H:1/IND,TOTAL,6904.0,1780183438.0,593394479.0,0.0,4238532.0,2373577922.0,2004979.0,0.0,614.0,420.0,,,
HND,Honduras,RES,MR|MCF,MCF/LWAL/CDL+ERL/H:1/RES,TOTAL,162582.0,9481774384.0,1673254306.0,630238.0,19753697.0,11155028687.0,7199019.0,162582.0,121.0,480.0,,,
HND,Honduras,COM,MR|MCF,MCF/LWAL/CDL+ERL/H:2/COM,TOTAL,20435.0,5456895457.0,1364223870.0,0.0,9408440.0,6821119327.0,4614971.0,0.0,460.0,580.0,,,
HND,Honduras,IND,MR|MCF,MCF/LWAL/CDL+ERL/H:2/IND,TOTAL,2297.0,1186788128.0,395596043.0,0.0,2825686.0,1582384168.0,1337944.0,0.0,1230.0,420.0,,,
HND,Honduras,RES,MR|MCF,MCF/LWAL/CDL+ERL/H:2/RES,TOTAL,133537.0,14017893122.0,2473745848.0,621950.0,29203944.0,16491638975.0,10650885.0,160242.0,219.0,480.0,,,
HND,Honduras,COM,MR|MCF,MCF/LWAL/CDL+ERL/H:3/COM,TOTAL,4540.0,1975822944.0,493955737.0,0.0,3406591.0,2469778678.0,1672364.0,0.0,750.0,580.0,,,
HND,Honduras,RES,MR|MCF,MCF/LWAL/CDL+ERL/H:3/RES,TOTAL,33572.0,3935733478.0,694541200.0,274234.0,8199445.0,4630274681.0,2992593.0,67472.0,244.0,480.0,,,
HND,Honduras,COM,MR|MCF,MCF/LWAL/CDM+ERM/H:1/COM,TOTAL,3404.0,585486201.0,146371548.0,0.0,1009459.0,731857749.0,494744.0,0.0,297.0,580.0,,,
HND,Honduras,IND,MR|MCF,MCF/LWAL/CDM+ERM/H:1/IND,TOTAL,863.0,222522857.0,74174284.0,0.0,529816.0,296697144.0,250622.0,0.0,614.0,420.0,,,
HND,Honduras,RES,MR|MCF,MCF/LWAL/CDM+ERM/H:1/RES,TOTAL,71759.0,4184991732.0,738527950.0,287546.0,8718733.0,4923519684.0,3177447.0,71759.0,122.0,480.0,,,
HND,Honduras,COM,MR|MCF,MCF/LWAL/CDM+ERM/H:2/COM,TOTAL,5105.0,1361990592.0,340497647.0,0.0,2348260.0,1702488238.0,1151854.0,0.0,460.0,580.0,,,
HND,Honduras,IND,MR|MCF,MCF/LWAL/CDM+ERM/H:2/IND,TOTAL,287.0,148194833.0,49398280.0,0.0,352845.0,197593111.0,167070.0,0.0,1229.0,420.0,,,
HND,Honduras,RES,MR|MCF,MCF/LWAL/CDM+ERM/H:2/RES,TOTAL,59897.0,6287062153.0,1109481560.0,287892.0,13098046.0,7396543717.0,4776950.0,71855.0,219.0,480.0,,,
HND,Honduras,COM,MR|MCF,MCF/LWAL/CDM+ERM/H:3/COM,TOTAL,1133.0,493175465.0,123293867.0,0.0,850303.0,616469328.0,417431.0,0.0,750.0,580.0,,,
HND,Honduras,RES,MR|MCF,MCF/LWAL/CDM+ERM/H:3/RES,TOTAL,19289.0,2261271073.0,399047838.0,156963.0,4710981.0,2660318907.0,1719391.0,38763.0,244.0,480.0,,,
HND,Honduras,RES,MR|MCF,MR/LWAL/CDL+ERL/H:1/RES,TOTAL,48511.0,2829133940.0,499258933.0,182789.0,5894029.0,3328392874.0,2687874.0,48511.0,121.0,480.0,,,
HND,Honduras,RES,MR|MCF,MR/LWAL/CDL+ERL/H:2/RES,TOTAL,40495.0,4250361298.0,750063760.0,183075.0,8854919.0,5000425060.0,4040452.0,48590.0,219.0,480.0,,,
HND,Honduras,RES,MR|MCF,MR/LWAL/CDL+ERL/H:3/RES,TOTAL,7571.0,886782832.0,156491088.0,60237.0,1847464.0,1043273913.0,843471.0,15185.0,244.0,480.0,,,
HND,Honduras,RES,MR|MCF,MR/LWAL/CDM+ERM/H:1/RES,TOTAL,24634.0,1436632979.0,253523471.0,93568.0,2992985.0,1690156447.0,1364902.0,24634.0,121.0,480.0,,,
HND,Honduras,RES,MR|MCF,MR/LWAL/CDM+ERM/H:2/RES,TOTAL,20616.0,2163555864.0,381803972.0,93974.0,4507408.0,2545359832.0,2056706.0,24739.0,219.0,480.0,,,
HND,Honduras,RES,MR|MCF,MR/LWAL/CDM+ERM/H:3/RES,TOTAL,7571.0,886782832.0,156491088.0,60237.0,1847464.0,1043273913.0,843471.0,15185.0,244.0,480.0,,,
HND,Honduras,RES,ADO|ST|E,MUR+ADO/LWAL/CDN+ERN/H:1/RES,TOTAL,627719.0,5694667676.0,1423666920.0,2646565.0,47455564.0,7118334593.0,2859160.0,627719.0,76.0,120.0,,,
HND,Honduras,RES,ADO|ST|E,MUR+ADO/LWAL/CDN+ERN/H:2/RES,TOTAL,156927.0,2135541168.0,533885295.0,794036.0,17796176.0,2669426468.0,1075104.0,188326.0,113.0,120.0,,,
HND,Honduras,RES,ADO|ST|E,MUR+ST/LWAL/CDN+ERN/H:1/RES,TOTAL,13919.0,846018554.0,211504645.0,54978.0,1262714.0,1057523206.0,245034.0,13919.0,91.0,670.0,,,
HND,Honduras,RES,MUR,MUR/LWAL/CDN+ERN/H:1/RES,TOTAL,240126.0,6898327908.0,1724581979.0,935746.0,18153494.0,8622909883.0,8311371.0,240126.0,76.0,380.0,,,
HND,Honduras,RES,MUR,MUR/LWAL/CDN+ERN/H:2/RES,TOTAL,176831.0,7619597206.0,1904899293.0,823416.0,20051572.0,9524496504.0,9185349.0,212188.0,113.0,380.0,,,
HND,Honduras,IND,S,S+SL/LFM/CDH+ERH/H:1/IND,TOTAL,576.0,148290546.0,63553092.0,0.0,353073.0,211843634.0,111892.0,0.0,613.0,420.0,,,
HND,Honduras,COM,S,S+SL/LFM/CDL+ERL/H:1/COM,TOTAL,7713.0,1231684688.0,307921172.0,0.0,2123594.0,1539605863.0,738700.0,0.0,275.0,580.0,,,
HND,Honduras,IND,S,S+SL/LFM/CDL+ERL/H:1/IND,TOTAL,4601.0,1186788128.0,508623484.0,0.0,2825686.0,1695411610.0,895483.0,0.0,614.0,420.0,,,
HND,Honduras,COM,S,S+SL/LFM/CDM+ERM/H:1/COM,TOTAL,1927.0,307922082.0,76980517.0,0.0,530900.0,384902600.0,184675.0,0.0,276.0,580.0,,,
HND,Honduras,IND,S,S+SL/LFM/CDM+ERM/H:1/IND,TOTAL,576.0,148290546.0,63553092.0,0.0,353073.0,211843634.0,111892.0,0.0,613.0,420.0,,,
HND,Honduras,IND,S,S+SR/LFBR/CDH+ERH/H:1/IND,TOTAL,4.0,30404845.0,13030648.0,0.0,72392.0,43435492.0,24090.0,0.0,18098.0,420.0,,,
HND,Honduras,IND,S,S+SR/LFBR/CDL+ERL/H:1/IND,TOTAL,35.0,258833625.0,110928697.0,0.0,616271.0,369762323.0,205072.0,0.0,17608.0,420.0,,,
HND,Honduras,IND,S,S+SR/LFBR/CDL+ERL/H:2/IND,TOTAL,1.0,11127103.0,4768759.0,0.0,26493.0,15895862.0,8822.0,0.0,26493.0,420.0,,,
HND,Honduras,IND,S,S+SR/LFBR/CDM+ERM/H:1/IND,TOTAL,4.0,30404845.0,13030648.0,0.0,72392.0,43435492.0,24090.0,0.0,18098.0,420.0,,,
HND,Honduras,IND,S,S+SR/LFINF/CDH+ERH/H:1/IND,TOTAL,283.0,151276927.0,64832970.0,0.0,360183.0,216109899.0,114145.0,0.0,1273.0,420.0,,,
HND,Honduras,IND,S,S+SR/LFINF/CDH+ERH/H:2/IND,TOTAL,9.0,4879239.0,2091103.0,0.0,11617.0,6970341.0,3684.0,0.0,1291.0,420.0,,,
HND,Honduras,COM,S,S+SR/LFINF/CDL+ERL/H:1/COM,TOTAL,1890.0,195211019.0,48802755.0,0.0,336571.0,244013777.0,117077.0,0.0,178.0,580.0,,,
HND,Honduras,IND,S,S+SR/LFINF/CDL+ERL/H:1/IND,TOTAL,2271.0,1223960312.0,524554418.0,0.0,2914191.0,1748514735.0,923531.0,0.0,1283.0,420.0,,,
HND,Honduras,COM,S,S+SR/LFINF/CDL+ERL/H:2/COM,TOTAL,101.0,22638589.0,5659648.0,0.0,39032.0,28298239.0,13585.0,0.0,386.0,580.0,,,
HND,Honduras,IND,S,S+SR/LFINF/CDL+ERL/H:2/IND,TOTAL,119.0,98179460.0,42076912.0,0.0,233761.0,140256369.0,74134.0,0.0,1964.0,420.0,,,
HND,Honduras,COM,S,S+SR/LFINF/CDM+ERM/H:1/COM,TOTAL,468.0,47976251.0,11994064.0,0.0,82718.0,59970313.0,28774.0,0.0,177.0,580.0,,,
HND,Honduras,IND,S,S+SR/LFINF/CDM+ERM/H:1/IND,TOTAL,283.0,151276927.0,64832970.0,0.0,360183.0,216109899.0,114145.0,0.0,1273.0,420.0,,,
HND,Honduras,COM,S,S+SR/LFINF/CDM+ERM/H:2/COM,TOTAL,27.0,4981852.0,1245463.0,0.0,8589.0,6227316.0,2990.0,0.0,318.0,580.0,,,
HND,Honduras,IND,S,S+SR/LFINF/CDM+ERM/H:2/IND,TOTAL,9.0,4879239.0,2091103.0,0.0,11617.0,6970341.0,3684.0,0.0,1291.0,420.0,,,
HND,Honduras,IND,S,S+SR/LFM/CDH+ERH/H:1/IND,TOTAL,283.0,151276927.0,64832970.0,0.0,360183.0,216109899.0,114145.0,0.0,1273.0,420.0,,,
HND,Honduras,IND,S,S+SR/LFM/CDH+ERH/H:2/IND,TOTAL,9.0,4879239.0,2091103.0,0.0,11617.0,6970341.0,3684.0,0.0,1291.0,420.0,,,
HND,Honduras,COM,S,S+SR/LFM/CDL+ERL/H:1/COM,TOTAL,21187.0,3982914308.0,995728578.0,0.0,6867094.0,4978642889.0,2388742.0,0.0,324.0,580.0,,,
HND,Honduras,IND,S,S+SR/LFM/CDL+ERL/H:1/IND,TOTAL,2271.0,1223960312.0,524554418.0,0.0,2914191.0,1748514735.0,923531.0,0.0,1283.0,420.0,,,
HND,Honduras,COM,S,S+SR/LFM/CDL+ERL/H:2/COM,TOTAL,1179.0,338214555.0,84553637.0,0.0,583129.0,422768193.0,202956.0,0.0,495.0,580.0,,,
HND,Honduras,IND,S,S+SR/LFM/CDL+ERL/H:2/IND,TOTAL,119.0,98179460.0,42076912.0,0.0,233761.0,140256369.0,74134.0,0.0,1964.0,420.0,,,
HND,Honduras,COM,S,S+SR/LFM/CDM+ERM/H:1/COM,TOTAL,5296.0,995191597.0,248797898.0,0.0,1715848.0,1243989495.0,596863.0,0.0,324.0,580.0,,,
HND,Honduras,IND,S,S+SR/LFM/CDM+ERM/H:1/IND,TOTAL,283.0,151276927.0,64832970.0,0.0,360183.0,216109899.0,114145.0,0.0,1273.0,420.0,,,
HND,Honduras,COM,S,S+SR/LFM/CDM+ERM/H:2/COM,TOTAL,291.0,84312421.0,21078104.0,0.0,145366.0,105390528.0,50594.0,0.0,500.0,580.0,,,
HND,Honduras,IND,S,S+SR/LFM/CDM+ERM/H:2/IND,TOTAL,9.0,4879239.0,2091103.0,0.0,11617.0,6970341.0,3684.0,0.0,1291.0,420.0,,,
HND,Honduras,COM,W,W+WLI/LWAL/CDL+ERL/H:1/COM,TOTAL,7072.0,884138681.0,294712893.0,0.0,1768277.0,1178851572.0,304727.0,0.0,250.0,500.0,,,
HND,Honduras,RES,W,W+WLI/LWAL/CDL+ERL/H:1/RES,TOTAL,52818.0,720960893.0,180240214.0,214022.0,2883844.0,901201115.0,290535.0,52818.0,55.0,250.0,,,
HND,Honduras,COM,W,W+WLI/LWAL/CDL+ERL/H:2/COM,TOTAL,391.0,79016788.0,26338931.0,0.0,158034.0,105355720.0,27249.0,0.0,404.0,500.0,,,
HND,Honduras,RES,W,W+WLI/LWAL/CDL+ERL/H:2/RES,TOTAL,19324.0,395506455.0,98876616.0,97200.0,1582026.0,494383071.0,159493.0,23162.0,82.0,250.0,,,
HND,Honduras,COM,W,W+WLI/LWAL/CDM+ERM/H:1/COM,TOTAL,1767.0,221034018.0,73678006.0,0.0,442068.0,294712021.0,76182.0,0.0,250.0,500.0,,,
HND,Honduras,COM,W,W+WLI/LWAL/CDM+ERM/H:2/COM,TOTAL,100.0,19687504.0,6562499.0,0.0,39375.0,26250002.0,6789.0,0.0,394.0,500.0,,,
HND,Honduras,RES,W,W+WS/LPB/CDN+ERM/H:1/RES,TOTAL,200719.0,2739810357.0,684952586.0,805291.0,10959241.0,3424762943.0,1141518.0,200719.0,55.0,250.0,,,
HND,Honduras,RES,W,W+WWD/LWAL/CDN+ERL/H:1/RES,TOTAL,125923.0,1718850619.0,429712651.0,511742.0,6875402.0,2148563267.0,71656.0,125923.0,55.0,250.0,,,
JAM,Jamaica,COM,CR-,CR/LDUAL/CDL+ERL/H:12-24/COM,TOTAL,37.0,76514307.0,13502525.0,0.0,85016.0,90016832.0,44157.0,0.0,2298.0,900.0,,,
JAM,Jamaica,COM,CR-,CR/LDUAL/CDL+ERL/H:3/COM,TOTAL,77.0,37341250.0,6589634.0,0.0,41490.0,43930884.0,21282.0,0.0,539.0,900.0,,,
JAM,Jamaica,COM,CR-,CR/LDUAL/CDL+ERL/H:7/COM,TOTAL,127.0,121012761.0,21355194.0,0.0,134459.0,142367956.0,69201.0,0.0,1059.0,900.0,,,
JAM,Jamaica,RES,CR-,CR/LFINF/CDL+ERL/H:2/RES,TOTAL,4608.0,303789075.0,53609835.0,15270.0,410526.0,357398912.0,149722.0,5531.0,89.0,740.0,,,
JAM,Jamaica,RES,CR-,CR/LFINF/CDL+ERL/H:3/RES,TOTAL,2748.0,202369828.0,35712323.0,15250.0,273473.0,238082152.0,99811.0,5524.0,100.0,740.0,,,
JAM,Jamaica,RES,CR-,CR/LFINF/CDL+ERL/H:4/RES,TOTAL,368.0,134957248.0,23815985.0,10171.0,182375.0,158773234.0,66611.0,3684.0,496.0,740.0,,,
JAM,Jamaica,RES,CR-,CR/LFINF/CDL+ERL/H:5/RES,TOTAL,295.0,135710496.0,23948911.0,10225.0,183393.0,159659407.0,67032.0,3704.0,622.0,740.0,,,
JAM,Jamaica,IND,CR-,CR/LFM/CDL+ERL/H:1/IND,TOTAL,2757.0,1223667248.0,407889081.0,0.0,1653604.0,1631556325.0,782215.0,0.0,600.0,740.0,,,
JAM,Jamaica,RES,CR-,CR/LFM/CDL+ERL/H:1/RES,TOTAL,25447.0,932109349.0,164489885.0,68898.0,1259607.0,1096599236.0,459050.0,25447.0,49.0,740.0,,,
JAM,Jamaica,COM,CR-,CR/LFM/CDL+ERL/H:2/COM,TOTAL,1130.0,230054620.0,40597872.0,0.0,255616.0,270652492.0,125384.0,0.0,226.0,900.0,,,
JAM,Jamaica,IND,CR-,CR/LFM/CDL+ERL/H:2/IND,TOTAL,299.0,266954463.0,88984820.0,0.0,360749.0,355939287.0,170813.0,0.0,1207.0,740.0,,,
JAM,Jamaica,RES,CR-,CR/LFM/CDL+ERL/H:2/RES,TOTAL,31171.0,2055244308.0,362690173.0,101457.0,2777357.0,2417934480.0,1012922.0,37405.0,89.0,740.0,,,
JAM,Jamaica,COM,CR-,CR/LFM/CDL+ERL/H:3/COM,TOTAL,3397.0,1039599601.0,183458756.0,0.0,1155111.0,1223058349.0,567067.0,0.0,340.0,900.0,,,
JAM,Jamaica,COM,CR-,CR/LFM/CDL+ERL/H:7/COM,TOTAL,1130.0,766402376.0,135247480.0,0.0,851558.0,901649854.0,419431.0,0.0,754.0,900.0,,,
JAM,Jamaica,RES,OT,INF/LN/CDN+ERN/H:1/RES,TOTAL,13358.0,148110082.0,37027520.0,35891.0,528965.0,185137603.0,55097.0,13358.0,40.0,280.0,,,
JAM,Jamaica,COM,MR|MCF,MCF/LWAL/CDL+ERL/H:1/COM,TOTAL,3978.0,428395182.0,75599147.0,0.0,475995.0,503994331.0,233289.0,0.0,120.0,900.0,,,
JAM,Jamaica,IND,MR|MCF,MCF/LWAL/CDL+ERL/H:1/IND,TOTAL,5642.0,2504095178.0,834698396.0,0.0,3383912.0,3338793574.0,1600713.0,0.0,600.0,740.0,,,
JAM,Jamaica,RES,MR|MCF,MCF/LWAL/CDL+ERL/H:1/RES,TOTAL,86123.0,7227088680.0,1275368591.0,231682.0,9766336.0,8502457269.0,3559234.0,86123.0,113.0,740.0,,,
JAM,Jamaica,COM,MR|MCF,MCF/LWAL/CDL+ERL/H:2/COM,TOTAL,23896.0,5145519210.0,908032802.0,0.0,5717244.0,6053552022.0,2804388.0,0.0,239.0,900.0,,,
JAM,Jamaica,IND,MR|MCF,MCF/LWAL/CDL+ERL/H:2/IND,TOTAL,627.0,554457611.0,184819206.0,0.0,749267.0,739276815.0,354773.0,0.0,1195.0,740.0,,,
JAM,Jamaica,RES,MR|MCF,MCF/LWAL/CDL+ERL/H:2/RES,TOTAL,69528.0,10502373577.0,1853360046.0,225501.0,14192397.0,12355733622.0,5176067.0,83438.0,204.0,740.0,,,
JAM,Jamaica,COM,MR|MCF,MCF/LWAL/CDL+ERL/H:3/COM,TOTAL,5970.0,1928728738.0,340363897.0,0.0,2143032.0,2269092631.0,1052058.0,0.0,359.0,900.0,,,
JAM,Jamaica,RES,MR|MCF,MCF/LWAL/CDL+ERL/H:3/RES,TOTAL,14733.0,2485248945.0,438573345.0,81355.0,3358445.0,2923822289.0,1225748.0,29615.0,228.0,740.0,,,
JAM,Jamaica,RES,MR|MCF,MR/LWAL/CDL+ERL/H:1/RES,TOTAL,87958.0,7381060645.0,1302540113.0,236491.0,9974406.0,8683600758.0,4548661.0,87958.0,113.0,740.0,,,
JAM,Jamaica,RES,MR|MCF,MR/LWAL/CDL+ERL/H:2/RES,TOTAL,74883.0,11310945757.0,1996049253.0,242516.0,15285062.0,13306995008.0,6974490.0,89860.0,204.0,740.0,,,
JAM,Jamaica,RES,MR|MCF,MR/LWAL/CDL+ERL/H:3/RES,TOTAL,14733.0,2485248945.0,438573345.0,81355.0,3358445.0,2923822289.0,1533317.0,29615.0,228.0,740.0,,,
JAM,Jamaica,RES,ADO|ST|E,MUR+ST/LWAL/CDN+ERN/H:1/RES,TOTAL,2323.0,120412214.0,21249214.0,6275.0,156379.0,141661428.0,71314.0,2323.0,67.0,770.0,,,
JAM,Jamaica,RES,MUR,MUR/LWAL/CDN+ERN/H:1/RES,TOTAL,153595.0,6204008117.0,1551002028.0,411708.0,8616678.0,7755010146.0,3929492.0,153595.0,56.0,720.0,,,
JAM,Jamaica,RES,MUR,MUR/LWAL/CDN+ERN/H:2/RES,TOTAL,141110.0,8549572940.0,2137393236.0,453794.0,11874407.0,10686966178.0,5418227.0,169332.0,84.0,720.0,,,
JAM,Jamaica,COM,S,S+SR/LFINF/CDL+ERL/H:1/COM,TOTAL,3601.0,312117773.0,78029443.0,0.0,346798.0,390147214.0,120635.0,0.0,96.0,900.0,,,
JAM,Jamaica,IND,S,S+SR/LFINF/CDL+ERL/H:1/IND,TOTAL,2628.0,1166900845.0,500100363.0,0.0,1576893.0,1667001203.0,499730.0,0.0,600.0,740.0,,,
JAM,Jamaica,COM,S,S+SR/LFINF/CDL+ERL/H:2/COM,TOTAL,398.0,68207156.0,17051791.0,0.0,75786.0,85258944.0,26377.0,0.0,190.0,900.0,,,
JAM,Jamaica,IND,S,S+SR/LFINF/CDL+ERL/H:2/IND,TOTAL,286.0,256342889.0,109861236.0,0.0,346409.0,366204129.0,109858.0,0.0,1211.0,740.0,,,
JAM,Jamaica,COM,S,S+SR/LFM/CDL+ERL/H:1/COM,TOTAL,3601.0,312117773.0,78029443.0,0.0,346798.0,390147214.0,120635.0,0.0,96.0,900.0,,,
JAM,Jamaica,IND,S,S+SR/LFM/CDL+ERL/H:1/IND,TOTAL,2757.0,1223667248.0,524428822.0,0.0,1653604.0,1748096064.0,524041.0,0.0,600.0,740.0,,,
JAM,Jamaica,COM,S,S+SR/LFM/CDL+ERL/H:2/COM,TOTAL,398.0,68207156.0,17051791.0,0.0,75786.0,85258944.0,26377.0,0.0,190.0,900.0,,,
JAM,Jamaica,IND,S,S+SR/LFM/CDL+ERL/H:2/IND,TOTAL,299.0,266954463.0,114409054.0,0.0,360749.0,381363521.0,114406.0,0.0,1207.0,740.0,,,
JAM,Jamaica,COM,W,W+WLI/LWAL/CDL+ERL/H:1/COM,TOTAL,5763.0,629202755.0,209734250.0,0.0,806670.0,838937005.0,139014.0,0.0,140.0,780.0,,,
JAM,Jamaica,RES,W,W+WLI/LWAL/CDL+ERL/H:1/RES,TOTAL,66018.0,1307147127.0,326786780.0,171861.0,2614294.0,1633933907.0,263378.0,66018.0,40.0,500.0,,,
JAM,Jamaica,COM,W,W+WLI/LWAL/CDL+ERL/H:2/COM,TOTAL,8646.0,1887601900.0,629200633.0,0.0,2420002.0,2516802531.0,417266.0,0.0,280.0,780.0,,,
JAM,Jamaica,RES,W,W+WLI/LWAL/CDL+ERL/H:2/IRI(SOS)/RES,TOTAL,38658.0,1148182593.0,287045647.0,121895.0,2296365.0,1435228239.0,231509.0,46391.0,59.0,500.0,,,
JAM,Jamaica,RES,W,W+WLI/LWAL/CDL+ERL/H:2/RES,TOTAL,42730.0,1269065515.0,317266381.0,134353.0,2538131.0,1586331895.0,255883.0,51277.0,59.0,500.0,,,
JAM,Jamaica,RES,W,W+WS/LPB/CDN+ERM/H:1/RES,TOTAL,69828.0,1382604289.0,345651072.0,181130.0,2765209.0,1728255361.0,288025.0,69828.0,40.0,500.0,,,
MTQ,Martinique,COM,CR+,CR+PCPS/LFM/CDM+ERM/H:1/COM,TOTAL,113.0,36458991.0,6433939.0,0.0,20255.0,42892930.0,9927.0,0.0,179.0,1800.0,,,
MTQ,Martinique,IND,CR+,CR+PCPS/LFM/CDM+ERM/H:1/IND,TOTAL,17.0,112270983.0,37423662.0,0.0,79064.0,149694644.0,37400.0,0.0,4651.0,1420.0,,,
MTQ,Martinique,COM,CR-,CR/LFINF/CDL+ERL/H:1/COM,TOTAL,645.0,208917282.0,36867755.0,0.0,116065.0,245785038.0,56884.0,0.0,180.0,1800.0,,,
MTQ,Martinique,RES,CR-,CR/LFINF/CDL+ERL/H:1/RES,TOTAL,6832.0,2752818101.0,485791429.0,20787.0,1742290.0,3238609531.0,634958.0,6832.0,255.0,1580.0,,,
MTQ,Martinique,RES,CR-,CR/LFINF/CDL+ERL/H:2/RES,TOTAL,21546.0,11284885083.0,1991450309.0,78998.0,7142332.0,13276335392.0,2604859.0,25857.0,331.0,1580.0,,,
MTQ,Martinique,COM,CR+,CR/LFINF/CDM+ERM/H:2/COM,TOTAL,224.0,1249728802.0,220540377.0,0.0,694294.0,1470269180.0,340561.0,0.0,3100.0,1800.0,,,
MTQ,Martinique,RES,CR+,CR/LFINF/CDM+ERM/H:3/RES,TOTAL,981.0,794452165.0,140197440.0,5965.0,502818.0,934649605.0,183516.0,1971.0,513.0,1580.0,,,
MTQ,Martinique,COM,CR+,CR/LFINF/CDM+ERM/H:4/COM,TOTAL,1344.0,2496673937.0,440589519.0,0.0,1387041.0,2937263457.0,681490.0,0.0,1032.0,1800.0,,,
MTQ,Martinique,IND,CR-,CR/LFM/CDL+ERL/H:1/IND,TOTAL,533.0,30616162.0,10205387.0,0.0,21561.0,40821549.0,10199.0,0.0,40.0,1420.0,,,
MTQ,Martinique,IND,MR|MCF,MCF/LWAL/CDL+ERL/H:1/IND,TOTAL,274.0,10234984.0,3411662.0,0.0,7208.0,13646646.0,3410.0,0.0,26.0,1420.0,,,
MTQ,Martinique,IND,MR|MCF,MCF/LWAL/CDM+ERM/H:1/IND,TOTAL,140.0,182777846.0,60925949.0,0.0,128717.0,243703794.0,60888.0,0.0,919.0,1420.0,,,
MTQ,Martinique,RES,MR|MCF,MR/LWAL/CDL+ERL/H:1/RES,TOTAL,60632.0,22799893235.0,4023510572.0,185234.0,14430312.0,26823403805.0,6580703.0,60632.0,238.0,1580.0,,,
MTQ,Martinique,COM,S,S+SL/LFM/CDL+ERL/H:1/COM,TOTAL,344.0,40834254.0,10208564.0,0.0,22686.0,51042818.0,7891.0,0.0,66.0,1800.0,,,
MTQ,Martinique,IND,S,S+SL/LFM/CDL+ERL/H:1/IND,TOTAL,274.0,17504874.0,7502088.0,0.0,12327.0,25006963.0,3907.0,0.0,45.0,1420.0,,,
MTQ,Martinique,COM,S,S+SR/LFINF/CDM+ERM/H:1/COM,TOTAL,492.0,146020575.0,36505144.0,0.0,81123.0,182525719.0,28219.0,0.0,165.0,1800.0,,,
MTQ,Martinique,IND,S,S+SR/LFINF/CDM+ERM/H:1/IND,TOTAL,69.0,97364629.0,41727697.0,0.0,68567.0,139092328.0,21729.0,0.0,994.0,1420.0,,,
MTQ,Martinique,COM,S,S+SR/LFM/CDM+ERM/H:1/COM,TOTAL,640.0,189993555.0,47498389.0,0.0,105552.0,237491944.0,36717.0,0.0,165.0,1800.0,,,
MTQ,Martinique,IND,S,S+SR/LFM/CDM+ERM/H:1/IND,TOTAL,68.0,505109289.0,216475409.0,0.0,355711.0,721584701.0,112728.0,0.0,5231.0,1420.0,,,
MTQ,Martinique,RES,W,W+WLI/LWAL/CDL+ERL/H:1/RES,TOTAL,369.0,101461966.0,25365491.0,1127.0,75157.0,126827457.0,7572.0,369.0,204.0,1350.0,,,
MTQ,Martinique,RES,W,W+WLI/LWAL/CDM+ERM/H:1/RES,TOTAL,15788.0,4348370405.0,1087092602.0,48329.0,3221015.0,5435463007.0,324503.0,15788.0,204.0,1350.0,,,
MTQ,Martinique,COM,W,W+WLI/LWAL/CDM+ERM/H:2/COM,TOTAL,1168.0,683330509.0,227776836.0,0.0,455554.0,911107345.0,78548.0,0.0,390.0,1500.0,,,
MSR,Montserrat,COM,CR+,CR+PCPS/LFM/CDM+ERM/H:1/COM,TOTAL,13.0,1814505.0,320207.0,0.0,1578.0,2134712.0,773.0,0.0,121.0,1150.0,,,
MSR,Montserrat,COM,CR-,CR/LFINF/CDL+ERL/H:1/COM,TOTAL,462.0,62123047.0,10962891.0,0.0,54020.0,73085938.0,26476.0,0.0,117.0,1150.0,,,
MSR,Montserrat,RES,CR-,CR/LFINF/CDL+ERL/H:2/RES,TOTAL,1733.0,440547571.0,77743689.0,906.0,611872.0,518291260.0,223154.0,2085.0,353.0,720.0,,,
MSR,Montserrat,COM,CR+,CR/LFINF/CDM+ERM/H:2/COM,TOTAL,20.0,58466223.0,10317569.0,0.0,50840.0,68783792.0,24938.0,0.0,2542.0,1150.0,,,
MSR,Montserrat,RES,CR+,CR/LFINF/CDM+ERM/H:3/RES,TOTAL,81.0,33208174.0,5860265.0,60.0,46122.0,39068440.0,16834.0,162.0,569.0,720.0,,,
MSR,Montserrat,COM,CR+,CR/LFINF/CDM+ERM/H:4/COM,TOTAL,72.0,68520715.0,12091892.0,0.0,59583.0,80612606.0,29275.0,0.0,828.0,1150.0,,,
MSR,Montserrat,IND,CR-,CR/LFM/CDL+ERL/H:1/IND,TOTAL,28.0,1129315.0,376438.0,0.0,1255.0,1505756.0,594.0,0.0,45.0,900.0,,,
MSR,Montserrat,RES,OT,INF/LN/CDN+ERN/H:1/RES,TOTAL,15.0,1283669.0,320917.0,15.0,3291.0,1604586.0,343.0,15.0,219.0,390.0,,,
MSR,Montserrat,IND,MR|MCF,MCF/LWAL/CDL+ERL/H:1/IND,TOTAL,15.0,387660.0,129220.0,0.0,431.0,516880.0,204.0,0.0,29.0,899.0,,,
MSR,Montserrat,IND,MR|MCF,MCF/LWAL/CDM+ERM/H:1/IND,TOTAL,6.0,5808225.0,1936075.0,0.0,6454.0,7744300.0,3053.0,0.0,1076.0,900.0,,,
MSR,Montserrat,RES,MR|MCF,MR/LWAL/CDL+ERL/H:1/RES,TOTAL,4802.0,881378742.0,155537425.0,2088.0,1224137.0,1036916167.0,558247.0,4802.0,255.0,720.0,,,
MSR,Montserrat,COM,S,S+SL/LFM/CDL+ERL/H:1/COM,TOTAL,141.0,11714808.0,2928702.0,0.0,10187.0,14643511.0,3544.0,0.0,72.0,1150.0,,,
MSR,Montserrat,IND,S,S+SL/LFM/CDL+ERL/H:1/IND,TOTAL,15.0,668903.0,286672.0,0.0,743.0,955576.0,236.0,0.0,50.0,900.0,,,
MSR,Montserrat,COM,S,S+SR/LFINF/CDM+ERM/H:1/COM,TOTAL,109.0,13481974.0,3370493.0,0.0,11723.0,16852467.0,4078.0,0.0,108.0,1150.0,,,
MSR,Montserrat,IND,S,S+SR/LFINF/CDM+ERM/H:1/IND,TOTAL,4.0,4253179.0,1822791.0,0.0,4726.0,6075969.0,1498.0,0.0,1182.0,900.0,,,
MSR,Montserrat,COM,S,S+SR/LFM/CDM+ERM/H:1/COM,TOTAL,103.0,12805934.0,3201483.0,0.0,11136.0,16007418.0,3874.0,0.0,108.0,1150.0,,,
MSR,Montserrat,IND,S,S+SR/LFM/CDM+ERM/H:1/IND,TOTAL,4.0,22271190.0,9544796.0,0.0,24746.0,31815986.0,7842.0,0.0,6186.0,900.0,,,
MSR,Montserrat,RES,W,W+WLI/LWAL/CDL+ERL/H:1/RES,TOTAL,12.0,1905713.0,476428.0,15.0,2647.0,2382141.0,267.0,12.0,221.0,720.0,,,
MSR,Montserrat,RES,W,W+WLI/LWAL/CDM+ERM/H:1/RES,TOTAL,1122.0,178661732.0,44665433.0,1276.0,248141.0,223327165.0,24999.0,1122.0,221.0,720.0,,,
MSR,Montserrat,COM,W,W+WLI/LWAL/CDM+ERM/H:2/COM,TOTAL,111.0,24002589.0,8000863.0,0.0,27910.0,32003453.0,4812.0,0.0,251.0,860.0,,,
NIC,Nicaragua,RES,CR-,CR+PC/LWAL/CDL+ERL/H:1/RES,TOTAL,17662.0,407013121.0,71825850.0,81424.0,1017533.0,478838970.0,431054.0,17662.0,58.0,400.0,,,
NIC,Nicaragua,IND,CR-,CR+PCPS/LFM/CDL+ERL/H:1/IND,TOTAL,5429.0,736358191.0,245452732.0,0.0,1795996.0,981810916.0,849571.0,0.0,331.0,410.0,,,
NIC,Nicaragua,IND,CR-,CR+PCPS/LFM/CDL+ERL/H:2/IND,TOTAL,598.0,157107469.0,52369157.0,0.0,383189.0,209476625.0,181438.0,0.0,641.0,410.0,,,
NIC,Nicaragua,IND,CR+,CR+PCPS/LFM/CDM+ERM/H:1/IND,TOTAL,1554.0,203431747.0,67810584.0,0.0,496175.0,271242325.0,234709.0,0.0,319.0,410.0,,,
NIC,Nicaragua,IND,CR+,CR+PCPS/LFM/CDM+ERM/H:2/IND,TOTAL,169.0,43987056.0,14662350.0,0.0,107286.0,58649411.0,50799.0,0.0,635.0,410.0,,,
NIC,Nicaragua,COM,CR-,CR/LDUAL/CDL+ERL/H:12-24/COM,TOTAL,1.0,1216989.0,214763.0,0.0,2340.0,1431751.0,1216.0,0.0,2340.0,520.0,,,
NIC,Nicaragua,COM,CR-,CR/LDUAL/CDL+ERL/H:7/COM,TOTAL,12.0,3804552.0,671392.0,0.0,7316.0,4475944.0,3766.0,0.0,610.0,520.0,,,
NIC,Nicaragua,COM,CR+,CR/LDUAL/CDM+ERM/H:7/COM,TOTAL,1.0,447253.0,78927.0,0.0,860.0,526180.0,443.0,0.0,860.0,520.0,,,
NIC,Nicaragua,RES,CR-,CR/LFINF/CDL+ERL/H:2/RES,TOTAL,4734.0,196293308.0,34639993.0,24972.0,490733.0,230933298.0,178974.0,5667.0,104.0,400.0,,,
NIC,Nicaragua,RES,CR-,CR/LFINF/CDL+ERL/H:3/RES,TOTAL,2189.0,101660127.0,17940018.0,19393.0,254150.0,119600149.0,92759.0,4383.0,116.0,400.0,,,
NIC,Nicaragua,RES,CR-,CR/LFINF/CDL+ERL/H:4/RES,TOTAL,328.0,78094314.0,13781354.0,14641.0,195236.0,91875666.0,71309.0,3281.0,595.0,400.0,,,
NIC,Nicaragua,RES,CR-,CR/LFINF/CDL+ERL/H:5/RES,TOTAL,264.0,78170357.0,13794768.0,14685.0,195426.0,91965127.0,71430.0,3288.0,740.0,400.0,,,
NIC,Nicaragua,RES,CR+,CR/LFINF/CDM+ERM/H:2/RES,TOTAL,1259.0,104429815.0,18428792.0,6729.0,261075.0,122858605.0,95216.0,1501.0,207.0,400.0,,,
NIC,Nicaragua,RES,CR+,CR/LFINF/CDM+ERM/H:3/RES,TOTAL,781.0,72898394.0,12864421.0,7037.0,182246.0,85762814.0,66515.0,1568.0,233.0,400.0,,,
NIC,Nicaragua,RES,CR+,CR/LFINF/CDM+ERM/H:4/RES,TOTAL,139.0,66916864.0,11808856.0,6306.0,167292.0,78725719.0,61102.0,1389.0,1204.0,400.0,,,
NIC,Nicaragua,RES,CR+,CR/LFINF/CDM+ERM/H:5/RES,TOTAL,96.0,59217900.0,10450217.0,5368.0,148045.0,69668117.0,54112.0,1197.0,1542.0,400.0,,,
NIC,Nicaragua,COM,CR-,CR/LFM/CDL+ERL/H:1/COM,TOTAL,10.0,526009.0,92825.0,0.0,1012.0,618835.0,496.0,0.0,101.0,520.0,,,
NIC,Nicaragua,IND,CR-,CR/LFM/CDL+ERL/H:1/IND,TOTAL,6.0,24454537.0,8151511.0,0.0,59645.0,32606051.0,28214.0,0.0,9941.0,410.0,,,
NIC,Nicaragua,RES,CR-,CR/LFM/CDL+ERL/H:1/RES,TOTAL,43592.0,1004394753.0,177246134.0,200065.0,2510987.0,1181640890.0,915102.0,43592.0,58.0,400.0,,,
NIC,Nicaragua,RES,CR-,CR/LFM/CDL+ERL/H:2/RES,TOTAL,20573.0,852930170.0,150517094.0,114303.0,2132325.0,1003447260.0,777674.0,24680.0,104.0,400.0,,,
NIC,Nicaragua,RES,OT,INF/LN/CDN+ERN/H:1/RES,TOTAL,58914.0,303286470.0,75821618.0,271391.0,2757150.0,379108092.0,96042.0,58914.0,47.0,110.0,,,
NIC,Nicaragua,COM,MR|MCF,MCF/LWAL/CDL+ERL/H:1/COM,TOTAL,10156.0,544458320.0,136114575.0,0.0,1047035.0,680572893.0,513160.0,0.0,103.0,520.0,,,
NIC,Nicaragua,IND,MR|MCF,MCF/LWAL/CDL+ERL/H:1/IND,TOTAL,10862.0,1448778618.0,482926204.0,0.0,3533606.0,1931704825.0,1671524.0,0.0,325.0,410.0,,,
NIC,Nicaragua,RES,MR|MCF,MCF/LWAL/CDL+ERL/H:1/RES,TOTAL,57320.0,2476178406.0,436972660.0,255082.0,6190446.0,2913151064.0,2256041.0,57320.0,108.0,400.0,,,
NIC,Nicaragua,COM,MR|MCF,MCF/LWAL/CDL+ERL/H:2/COM,TOTAL,15247.0,1634014262.0,408503562.0,0.0,3142335.0,2042517818.0,1541359.0,0.0,206.0,520.0,,,
NIC,Nicaragua,IND,MR|MCF,MCF/LWAL/CDL+ERL/H:2/IND,TOTAL,1204.0,315682675.0,105227557.0,0.0,769958.0,420910228.0,364570.0,0.0,640.0,410.0,,,
NIC,Nicaragua,RES,MR|MCF,MCF/LWAL/CDL+ERL/H:2/RES,TOTAL,59836.0,4652334313.0,821000172.0,320576.0,11630836.0,5473334485.0,4241848.0,71799.0,194.0,400.0,,,
NIC,Nicaragua,COM,MR|MCF,MCF/LWAL/CDL+ERL/H:3/COM,TOTAL,3382.0,543813345.0,135953332.0,0.0,1045795.0,679766679.0,513402.0,0.0,309.0,520.0,,,
NIC,Nicaragua,RES,MR|MCF,MCF/LWAL/CDL+ERL/H:3/RES,TOTAL,14056.0,1220671811.0,215412673.0,125840.0,3051680.0,1436084480.0,1113787.0,28246.0,217.0,400.0,,,
NIC,Nicaragua,COM,MR|MCF,MCF/LWAL/CDM+ERM/H:1/COM,TOTAL,2528.0,135515304.0,33878828.0,0.0,260606.0,169394136.0,127725.0,0.0,103.0,520.0,,,
NIC,Nicaragua,IND,MR|MCF,MCF/LWAL/CDM+ERM/H:1/IND,TOTAL,2717.0,355941379.0,118647126.0,0.0,868150.0,474588508.0,410666.0,0.0,320.0,410.0,,,
NIC,Nicaragua,RES,MR|MCF,MCF/LWAL/CDM+ERM/H:1/RES,TOTAL,10537.0,454836783.0,80265311.0,47326.0,1137092.0,535102100.0,414401.0,10537.0,108.0,400.0,,,
NIC,Nicaragua,COM,MR|MCF,MCF/LWAL/CDM+ERM/H:2/COM,TOTAL,3806.0,407807816.0,101951952.0,0.0,784246.0,509759766.0,384684.0,0.0,206.0,520.0,,,
NIC,Nicaragua,IND,MR|MCF,MCF/LWAL/CDM+ERM/H:2/IND,TOTAL,299.0,78224817.0,26074939.0,0.0,190792.0,104299752.0,90339.0,0.0,638.0,410.0,,,
NIC,Nicaragua,RES,MR|MCF,MCF/LWAL/CDM+ERM/H:2/RES,TOTAL,9266.0,720059319.0,127069291.0,49776.0,1800148.0,847128609.0,656527.0,11108.0,194.0,400.0,,,
NIC,Nicaragua,COM,MR|MCF,MCF/LWAL/CDM+ERM/H:3/COM,TOTAL,834.0,134429021.0,33607249.0,0.0,258517.0,168036274.0,126912.0,0.0,310.0,520.0,,,
NIC,Nicaragua,RES,MR|MCF,MCF/LWAL/CDM+ERM/H:3/RES,TOTAL,4146.0,360943678.0,63695946.0,37357.0,902359.0,424639627.0,329339.0,8330.0,218.0,400.0,,,
NIC,Nicaragua,RES,MR|MCF,MR/LWAL/CDL+ERL/H:1/RES,TOTAL,36562.0,1579517448.0,278738379.0,165179.0,3948794.0,1858255820.0,1800782.0,36562.0,108.0,400.0,,,
NIC,Nicaragua,RES,MR|MCF,MR/LWAL/CDL+ERL/H:2/RES,TOTAL,28606.0,2224582810.0,392573433.0,155244.0,5561457.0,2617156254.0,2537663.0,34326.0,194.0,400.0,,,
NIC,Nicaragua,RES,MR|MCF,MR/LWAL/CDL+ERL/H:3/RES,TOTAL,7340.0,637749901.0,112544108.0,66856.0,1594375.0,750294007.0,727921.0,14742.0,217.0,400.0,,,
NIC,Nicaragua,RES,MR|MCF,MR/LWAL/CDM+ERM/H:1/RES,TOTAL,5924.0,256136190.0,45200501.0,26869.0,640340.0,301336697.0,292017.0,5924.0,108.0,400.0,,,
NIC,Nicaragua,RES,MR|MCF,MR/LWAL/CDM+ERM/H:2/RES,TOTAL,7456.0,579322563.0,102233394.0,40574.0,1448306.0,681555951.0,660855.0,8944.0,194.0,400.0,,,
NIC,Nicaragua,RES,MR|MCF,MR/LWAL/CDM+ERM/H:3/RES,TOTAL,2907.0,252972764.0,44642258.0,26455.0,632432.0,297615021.0,288741.0,5829.0,218.0,400.0,,,
NIC,Nicaragua,RES,ADO|ST|E,MUR+ADO/LWAL/CDN+ERN/H:1/RES,TOTAL,78523.0,457984633.0,114496160.0,373541.0,5088718.0,572480790.0,306591.0,78523.0,65.0,90.0,,,
NIC,Nicaragua,RES,ADO|ST|E,MUR+ADO/LWAL/CDN+ERN/H:2/RES,TOTAL,7665.0,67070957.0,16767739.0,41646.0,745233.0,83838695.0,45021.0,9188.0,97.0,90.0,,,
NIC,Nicaragua,RES,ADO|ST|E,MUR+ST/LWAL/CDN+ERN/H:1/RES,TOTAL,53896.0,1760277401.0,440069346.0,249969.0,4191137.0,2200346741.0,813302.0,53896.0,78.0,420.0,,,
NIC,Nicaragua,RES,ADO|ST|E,MUR+ST/LWAL/CDN+ERN/H:2/RES,TOTAL,18021.0,735943382.0,183985842.0,100629.0,1752246.0,919929223.0,340510.0,21617.0,97.0,420.0,,,
NIC,Nicaragua,RES,MUR,MUR/LWAL/CDN+ERN/H:1/RES,TOTAL,189172.0,4167630889.0,1041907716.0,835237.0,12257738.0,5209538603.0,5612066.0,189172.0,65.0,340.0,,,
NIC,Nicaragua,RES,MUR,MUR/LWAL/CDN+ERN/H:2/RES,TOTAL,66719.0,2204894095.0,551223523.0,357039.0,6484983.0,2756117615.0,2970681.0,80056.0,97.0,340.0,,,
NIC,Nicaragua,COM,S,S+SL/LFM/CDL+ERL/H:1/COM,TOTAL,13611.0,709734713.0,177433676.0,0.0,1364874.0,887168390.0,474776.0,0.0,100.0,520.0,,,
NIC,Nicaragua,COM,S,S+SL/LFM/CDM+ERM/H:1/COM,TOTAL,3398.0,177217102.0,44304277.0,0.0,340802.0,221521374.0,118549.0,0.0,100.0,520.0,,,
NIC,Nicaragua,COM,S,S+SR/LFINF/CDL+ERL/H:1/COM,TOTAL,16041.0,792488616.0,198122154.0,0.0,1524017.0,990610772.0,530134.0,0.0,95.0,520.0,,,
NIC,Nicaragua,IND,S,S+SR/LFINF/CDL+ERL/H:1/IND,TOTAL,5429.0,736380945.0,315591832.0,0.0,1796051.0,1051972779.0,569183.0,0.0,331.0,410.0,,,
NIC,Nicaragua,COM,S,S+SR/LFINF/CDL+ERL/H:2/COM,TOTAL,2003.0,197858695.0,49464674.0,0.0,380497.0,247323370.0,132431.0,0.0,190.0,520.0,,,
NIC,Nicaragua,IND,S,S+SR/LFINF/CDL+ERL/H:2/IND,TOTAL,598.0,157055670.0,67309574.0,0.0,383063.0,224365243.0,121482.0,0.0,641.0,410.0,,,
NIC,Nicaragua,COM,S,S+SR/LFINF/CDM+ERM/H:1/COM,TOTAL,4005.0,197980532.0,49495132.0,0.0,380732.0,247475664.0,132439.0,0.0,95.0,520.0,,,
NIC,Nicaragua,IND,S,S+SR/LFINF/CDM+ERM/H:1/IND,TOTAL,1358.0,177736748.0,76172890.0,0.0,433504.0,253909642.0,137381.0,0.0,319.0,410.0,,,
NIC,Nicaragua,COM,S,S+SR/LFINF/CDM+ERM/H:2/COM,TOTAL,498.0,49462842.0,12365711.0,0.0,95121.0,61828556.0,33107.0,0.0,191.0,520.0,,,
NIC,Nicaragua,IND,S,S+SR/LFINF/CDM+ERM/H:2/IND,TOTAL,148.0,38695206.0,16583658.0,0.0,94379.0,55278867.0,29931.0,0.0,638.0,410.0,,,
NIC,Nicaragua,COM,S,S+SR/LFM/CDL+ERL/H:1/COM,TOTAL,16031.0,791958060.0,197989516.0,0.0,1522996.0,989947576.0,529779.0,0.0,95.0,520.0,,,
NIC,Nicaragua,IND,S,S+SR/LFM/CDL+ERL/H:1/IND,TOTAL,5428.0,736280830.0,315548930.0,0.0,1795807.0,1051829762.0,569106.0,0.0,331.0,410.0,,,
NIC,Nicaragua,COM,S,S+SR/LFM/CDL+ERL/H:2/COM,TOTAL,2004.0,197961222.0,49490305.0,0.0,380695.0,247451526.0,132500.0,0.0,190.0,520.0,,,
NIC,Nicaragua,IND,S,S+SR/LFM/CDL+ERL/H:2/IND,TOTAL,598.0,157078419.0,67319323.0,0.0,383118.0,224397742.0,121500.0,0.0,641.0,410.0,,,
NIC,Nicaragua,COM,S,S+SR/LFM/CDM+ERM/H:1/COM,TOTAL,4005.0,197979356.0,49494838.0,0.0,380730.0,247474196.0,132438.0,0.0,95.0,520.0,,,
NIC,Nicaragua,IND,S,S+SR/LFM/CDM+ERM/H:1/IND,TOTAL,1358.0,177739314.0,76173993.0,0.0,433511.0,253913309.0,137383.0,0.0,319.0,410.0,,,
NIC,Nicaragua,COM,S,S+SR/LFM/CDM+ERM/H:2/COM,TOTAL,498.0,49471883.0,12367968.0,0.0,95138.0,61839851.0,33113.0,0.0,191.0,520.0,,,
NIC,Nicaragua,IND,S,S+SR/LFM/CDM+ERM/H:2/IND,TOTAL,148.0,38527030.0,16511584.0,0.0,93968.0,55038618.0,29801.0,0.0,635.0,410.0,,,
NIC,Nicaragua,RES,W,W+WBB/LPB/CDN+ERM/H:1/RES,TOTAL,46097.0,647037396.0,161759350.0,217645.0,2488605.0,808796739.0,32690.0,46097.0,54.0,260.0,,,
NIC,Nicaragua,COM,W,W+WLI/LWAL/CDL+ERL/H:1/COM,TOTAL,21968.0,1084800398.0,361600136.0,0.0,2260001.0,1446400530.0,389466.0,0.0,103.0,480.0,,,
NIC,Nicaragua,RES,W,W+WLI/LWAL/CDL+ERL/H:1/RES,TOTAL,39291.0,478090994.0,119522748.0,184934.0,1838812.0,597613738.0,185252.0,39291.0,47.0,260.0,,,
NIC,Nicaragua,COM,W,W+WLI/LWAL/CDL+ERL/H:2/COM,TOTAL,2738.0,270712367.0,90237461.0,0.0,563984.0,360949822.0,97245.0,0.0,206.0,480.0,,,
NIC,Nicaragua,RES,W,W+WLI/LWAL/CDL+ERL/H:2/RES,TOTAL,17489.0,319294247.0,79823566.0,100589.0,1228055.0,399117820.0,123807.0,20987.0,70.0,260.0,,,
NIC,Nicaragua,COM,W,W+WLI/LWAL/CDM+ERM/H:1/COM,TOTAL,5490.0,271003978.0,90334656.0,0.0,564592.0,361338638.0,97296.0,0.0,103.0,480.0,,,
NIC,Nicaragua,COM,W,W+WLI/LWAL/CDM+ERM/H:2/COM,TOTAL,682.0,67262583.0,22420861.0,0.0,140130.0,89683437.0,24162.0,0.0,205.0,480.0,,,
NIC,Nicaragua,RES,W,W+WS/LPB/CDN+ERM/H:1/RES,TOTAL,418801.0,5095908397.0,1273977091.0,1970080.0,19599648.0,6369885497.0,2041505.0,418801.0,47.0,260.0,,,
NIC,Nicaragua,RES,W,W+WWD/LWAL/CDN+ERL/H:1/RES,TOTAL,36960.0,449701354.0,112425340.0,175069.0,1729621.0,562126696.0,18026.0,36960.0,47.0,260.0,,,
PAN,Panama,COM,CR-,CR+PCPS/LFM/CDL+ERL/H:1/COM,TOTAL,670.0,105725823.0,18657498.0,0.0,120143.0,124383321.0,58883.0,0.0,179.0,880.0,,,
PAN,Panama,IND,CR-,CR+PCPS/LFM/CDL+ERL/H:1/IND,TOTAL,899.0,701417939.0,233805979.0,0.0,1079105.0,935223918.0,510456.0,0.0,1200.0,650.0,,,
PAN,Panama,COM,CR-,CR+PCPS/LFM/CDL+ERL/H:2/COM,TOTAL,74.0,23496764.0,4146487.0,0.0,26701.0,27643252.0,13097.0,0.0,361.0,880.0,,,
PAN,Panama,IND,CR-,CR+PCPS/LFM/CDL+ERL/H:2/IND,TOTAL,99.0,151997063.0,50665686.0,0.0,233842.0,202662748.0,110723.0,0.0,2362.0,650.0,,,
PAN,Panama,RES,CR+,CR/LDUAL/CDH+ERH/H:6-9/RES,Urban,1886.0,2535889843.0,447509973.0,64225.0,2540972.0,2983399816.0,1006480.0,21753.0,1347.0,998.0,,,
PAN,Panama,COM,CR-,CR/LDUAL/CDL+ERL/H:12-24/COM,TOTAL,402.0,1149359074.0,202828073.0,0.0,1306090.0,1352187147.0,678385.0,0.0,3249.0,880.0,,,
PAN,Panama,COM,CR-,CR/LDUAL/CDL+ERL/H:3/COM,TOTAL,812.0,385193566.0,67975340.0,0.0,437720.0,453168907.0,224523.0,0.0,539.0,880.0,,,
PAN,Panama,RES,CR-,CR/LDUAL/CDL+ERL/H:6-9/RES,Urban,1183.0,1583357790.0,279416081.0,43538.0,1586531.0,1862773871.0,628425.0,13841.0,1341.0,998.0,,,
PAN,Panama,COM,CR-,CR/LDUAL/CDL+ERL/H:7/COM,TOTAL,1362.0,1073890611.0,189510106.0,0.0,1220330.0,1263400725.0,628055.0,0.0,896.0,880.0,,,
PAN,Panama,RES,CR+,CR/LDUAL/CDM+ERM/H:6-9/RES,Urban,3471.0,4755438670.0,839195061.0,117357.0,4764969.0,5594633730.0,1887406.0,41270.0,1373.0,998.0,,,
PAN,Panama,RES,CR+,CR/LDUAL/CDM+ERM/H:6-9/RES,Rural,16.0,3745145.0,660908.0,371.0,3753.0,4406053.0,1486.0,35.0,235.0,998.0,,,
PAN,Panama,IND,CR-,CR/LFM/CDL+ERL/H:1/IND,TOTAL,1805.0,1406467876.0,468822626.0,0.0,2163797.0,1875290494.0,1023554.0,0.0,1199.0,650.0,,,
PAN,Panama,COM,CR-,CR/LFM/CDL+ERL/H:2/COM,TOTAL,1585.0,500837516.0,88383091.0,0.0,569134.0,589220601.0,279168.0,0.0,359.0,880.0,,,
PAN,Panama,IND,CR-,CR/LFM/CDL+ERL/H:2/IND,TOTAL,200.0,309376922.0,103125639.0,0.0,475964.0,412502565.0,225366.0,0.0,2380.0,650.0,,,
PAN,Panama,COM,CR-,CR/LFM/CDL+ERL/H:3/COM,TOTAL,4768.0,2264581439.0,399632021.0,0.0,2573388.0,2664213457.0,1263328.0,0.0,540.0,880.0,,,
PAN,Panama,COM,CR-,CR/LFM/CDL+ERL/H:7/COM,TOTAL,1585.0,1252130365.0,220964178.0,0.0,1422875.0,1473094543.0,700830.0,0.0,898.0,880.0,,,
PAN,Panama,RES,CR+,CR/LWAL/CDH+ERH/H:10-40/RES,Urban,18.0,32891606.0,5804402.0,795.0,23680.0,38696006.0,10215.0,212.0,1316.0,1389.0,,,
PAN,Panama,RES,CR-,CR/LWAL/CDL+ERL/H:10-40/RES,Urban,26.0,51905967.0,9159878.0,1017.0,37369.0,61065845.0,16120.0,329.0,1437.0,1389.0,,,
PAN,Panama,RES,CR+,CR/LWAL/CDM+ERM/H:10-40/RES,Urban,194.0,586947828.0,103579028.0,10101.0,422569.0,690526857.0,182283.0,3673.0,2178.0,1389.0,,,
PAN,Panama,RES,OT,MATO/LPB/CDN+ERN/H:1/RES,Rural,22682.0,812604657.0,203151160.0,87178.0,1593342.0,1015755825.0,165965.0,22682.0,70.0,510.0,,,
PAN,Panama,RES,OT,MATO/LPB/CDN+ERN/H:1/RES,Urban,10827.0,397623725.0,99405928.0,34311.0,779654.0,497029658.0,81209.0,10827.0,72.0,510.0,,,
PAN,Panama,RES,OT,MATO/LPB/CDN+ERN/H:2/RES,Urban,218.0,7991689.0,1997923.0,699.0,15670.0,9989611.0,1633.0,218.0,72.0,510.0,,,
PAN,Panama,RES,MR|MCF,MCF/LWAL/CDH+ERH/H:1/RES,Urban,49680.0,4896134894.0,864023807.0,168487.0,5726474.0,5760158701.0,2086951.0,49680.0,115.0,855.0,,,
PAN,Panama,RES,MR|MCF,MCF/LWAL/CDH+ERH/H:2/RES,Urban,49072.0,4810866228.0,848976393.0,167202.0,5626744.0,5659842621.0,2052113.0,49072.0,115.0,855.0,,,
PAN,Panama,RES,MR|MCF,MCF/LWAL/CDH+ERH/H:3/RES,Urban,13561.0,1540329600.0,271822871.0,45374.0,1543416.0,1812152471.0,563309.0,13561.0,114.0,998.0,,,
PAN,Panama,RES,MR|MCF,MCF/LWAL/CDH+ERH/H:4/RES,Urban,929.0,313232546.0,55276330.0,8490.0,313860.0,368508878.0,114635.0,2741.0,338.0,998.0,,,
PAN,Panama,RES,MR|MCF,MCF/LWAL/CDH+ERH/H:5/RES,Urban,286.0,127498326.0,22499706.0,3522.0,127754.0,149998031.0,46695.0,1116.0,447.0,998.0,,,
PAN,Panama,COM,MR|MCF,MCF/LWAL/CDL+ERL/H:1/COM,TOTAL,2193.0,346596400.0,61164071.0,0.0,393860.0,407760472.0,193034.0,0.0,180.0,880.0,,,
PAN,Panama,IND,MR|MCF,MCF/LWAL/CDL+ERL/H:1/IND,TOTAL,2709.0,2110185641.0,703395216.0,0.0,3246439.0,2813580855.0,1535684.0,0.0,1198.0,650.0,,,
PAN,Panama,RES,MR|MCF,MCF/LWAL/CDL+ERL/H:1/RES,Urban,83196.0,8301625273.0,1464992698.0,274850.0,9709503.0,9766617963.0,3538523.0,83196.0,117.0,855.0,,,
PAN,Panama,COM,MR|MCF,MCF/LWAL/CDL+ERL/H:2/COM,TOTAL,13155.0,4167599438.0,735458725.0,0.0,4735908.0,4903058163.0,2323029.0,0.0,360.0,880.0,,,
PAN,Panama,IND,MR|MCF,MCF/LWAL/CDL+ERL/H:2/IND,TOTAL,300.0,465362144.0,155120714.0,0.0,715942.0,620482859.0,338994.0,0.0,2386.0,650.0,,,
PAN,Panama,RES,MR|MCF,MCF/LWAL/CDL+ERL/H:2/RES,Urban,87430.0,8593532671.0,1516505759.0,277179.0,10050915.0,10110038443.0,3665640.0,87430.0,115.0,855.0,,,
PAN,Panama,COM,MR|MCF,MCF/LWAL/CDL+ERL/H:3/COM,TOTAL,3283.0,1560905956.0,275453993.0,0.0,1773757.0,1836359945.0,870773.0,0.0,540.0,880.0,,,
PAN,Panama,RES,MR|MCF,MCF/LWAL/CDL+ERL/H:3/RES,Rural,22.0,2233437.0,394136.0,72.0,2238.0,2627574.0,817.0,22.0,102.0,998.0,,,
PAN,Panama,RES,MR|MCF,MCF/LWAL/CDL+ERL/H:3/RES,Urban,56995.0,6503124403.0,1147610185.0,186914.0,6516157.0,7650734589.0,2378235.0,56995.0,114.0,998.0,,,
PAN,Panama,RES,MR|MCF,MCF/LWAL/CDL+ERL/H:4/RES,Urban,17817.0,6072926159.0,1071692850.0,182538.0,6085096.0,7144619015.0,2222540.0,53237.0,342.0,998.0,,,
PAN,Panama,RES,MR|MCF,MCF/LWAL/CDL+ERL/H:4/RES,Rural,6.0,741616.0,130873.0,25.0,743.0,872489.0,271.0,8.0,124.0,998.0,,,
PAN,Panama,RES,MR|MCF,MCF/LWAL/CDL+ERL/H:5/RES,Urban,8183.0,3687583166.0,650749970.0,95018.0,3694973.0,4338333139.0,1350554.0,32579.0,452.0,998.0,,,
PAN,Panama,RES,MR|MCF,MCF/LWAL/CDL+ERL/H:5/RES,Rural,1.0,287335.0,50706.0,63.0,288.0,338041.0,105.0,3.0,288.0,998.0,,,
PAN,Panama,RES,MR|MCF,MCF/LWAL/CDM+ERM/H:1/RES,Urban,47957.0,4787682994.0,844885236.0,166060.0,5599629.0,5632568231.0,2040724.0,47957.0,117.0,855.0,,,
PAN,Panama,RES,MR|MCF,MCF/LWAL/CDM+ERM/H:2/RES,Urban,32272.0,3188978586.0,562760926.0,100156.0,3729800.0,3751739515.0,1360284.0,32272.0,116.0,855.0,,,
PAN,Panama,RES,MR|MCF,MCF/LWAL/CDM+ERM/H:3/RES,Urban,28103.0,3251917480.0,573867791.0,92619.0,3258434.0,3825785269.0,1189247.0,28103.0,116.0,998.0,,,
PAN,Panama,RES,MR|MCF,MCF/LWAL/CDM+ERM/H:3/RES,Rural,1020.0,98601815.0,17400320.0,4080.0,98799.0,116002138.0,36059.0,1020.0,97.0,998.0,,,
PAN,Panama,RES,MR|MCF,MCF/LWAL/CDM+ERM/H:4/RES,Urban,2888.0,1002362258.0,176887458.0,23448.0,1004371.0,1179249717.0,366840.0,8621.0,348.0,998.0,,,
PAN,Panama,RES,MR|MCF,MCF/LWAL/CDM+ERM/H:4/RES,Rural,150.0,35917040.0,6338303.0,1908.0,35989.0,42255340.0,13145.0,366.0,240.0,998.0,,,
PAN,Panama,RES,MR|MCF,MCF/LWAL/CDM+ERM/H:5/RES,Urban,135.0,60564897.0,10687922.0,2557.0,60686.0,71252821.0,22182.0,513.0,450.0,998.0,,,
PAN,Panama,RES,MR|MCF,MCF/LWAL/CDM+ERM/H:5/RES,Rural,48.0,11340365.0,2001241.0,797.0,11363.0,13341603.0,4153.0,116.0,237.0,998.0,,,
PAN,Panama,RES,MR|MCF,MR/LWAL/CDL+ERL/H:1/RES,Rural,128914.0,10838928160.0,1912752007.0,434187.0,12677109.0,12751680176.0,5781189.0,128914.0,98.0,855.0,,,
PAN,Panama,RES,MR|MCF,MR/LWAL/CDL+ERL/H:2/RES,Rural,7118.0,598994337.0,105704880.0,25211.0,700578.0,704699212.0,319670.0,7118.0,98.0,855.0,,,
PAN,Panama,RES,MR|MCF,MR/LWAL/CDM+ERM/H:1/RES,Rural,53882.0,4521379303.0,797890464.0,186136.0,5288163.0,5319269771.0,2411580.0,53882.0,98.0,855.0,,,
PAN,Panama,RES,MR|MCF,MR/LWAL/CDM+ERM/H:2/RES,Rural,250.0,22448590.0,3961518.0,908.0,26256.0,26410112.0,11980.0,250.0,105.0,855.0,,,
PAN,Panama,RES,ADO|ST|E,MUR+ADO/LWAL/CDN+ERN/H:1/RES,Rural,7919.0,281899882.0,49747047.0,31483.0,552745.0,331646912.0,252071.0,7919.0,70.0,510.0,,,
PAN,Panama,RES,ADO|ST|E,MUR+ADO/LWAL/CDN+ERN/H:1/RES,Urban,837.0,31955676.0,5639238.0,2594.0,62658.0,37594910.0,28574.0,837.0,75.0,510.0,,,
PAN,Panama,RES,ADO|ST|E,MUR+ADO/LWAL/CDN+ERN/H:2/RES,Urban,4.0,160560.0,28334.0,15.0,315.0,188894.0,144.0,4.0,79.0,510.0,,,
PAN,Panama,RES,MUR,MUR/LWAL/CDN+ERN/H:1/RES,Urban,11819.0,638966914.0,159741733.0,30940.0,1252876.0,798708638.0,571354.0,11819.0,106.0,510.0,,,
PAN,Panama,RES,MUR,MUR/LWAL/CDN+ERN/H:1/RES,Rural,95903.0,4730550749.0,1182637689.0,299650.0,9275590.0,5913188432.0,4229981.0,95903.0,97.0,510.0,,,
PAN,Panama,RES,MUR,MUR/LWAL/CDN+ERN/H:2/RES,Urban,28043.0,1646377724.0,411594432.0,97555.0,3228192.0,2057972156.0,1473006.0,28043.0,115.0,510.0,,,
PAN,Panama,RES,MUR,MUR/LWAL/CDN+ERN/H:2/RES,Rural,2289.0,114926376.0,28731591.0,7877.0,225346.0,143657971.0,102824.0,2289.0,98.0,510.0,,,
PAN,Panama,RES,MUR,MUR/LWAL/CDN+ERN/H:3/RES,Urban,62889.0,3683972252.0,920993066.0,191911.0,7223475.0,4604965320.0,3297919.0,62889.0,115.0,510.0,,,
PAN,Panama,RES,MUR,MUR/LWAL/CDN+ERN/H:4/RES,Urban,38747.0,6835801541.0,1708950387.0,341703.0,13403532.0,8544751923.0,6122962.0,116119.0,346.0,510.0,,,
PAN,Panama,RES,MUR,MUR/LWAL/CDN+ERN/H:5/RES,Urban,16436.0,3888307113.0,972076776.0,188467.0,7624132.0,4860383889.0,3484825.0,65603.0,464.0,510.0,,,
PAN,Panama,IND,S,S+SR/LFBR/CDL+ERL/H:1/IND,TOTAL,16.0,12523716.0,5367306.0,0.0,19267.0,17891023.0,6411.0,0.0,1204.0,650.0,,,
PAN,Panama,COM,S,S+SR/LFBR/CDL+ERL/H:12-24/COM,TOTAL,1237.0,3523089092.0,880772274.0,0.0,4003510.0,4403861367.0,1524385.0,0.0,3236.0,880.0,,,
PAN,Panama,IND,S,S+SR/LFBR/CDL+ERL/H:2/IND,TOTAL,1.0,1271124.0,544767.0,0.0,1956.0,1815891.0,651.0,0.0,1956.0,650.0,,,
PAN,Panama,COM,S,S+SR/LFINF/CDL+ERL/H:1/COM,TOTAL,6.0,968464.0,242116.0,0.0,1101.0,1210580.0,383.0,0.0,184.0,880.0,,,
PAN,Panama,IND,S,S+SR/LFINF/CDL+ERL/H:1/IND,TOTAL,1838.0,1432136063.0,613772600.0,0.0,2203286.0,2045908658.0,698239.0,0.0,1199.0,650.0,,,
PAN,Panama,IND,S,S+SR/LFINF/CDL+ERL/H:2/IND,TOTAL,203.0,313292761.0,134268326.0,0.0,481989.0,447561087.0,152855.0,0.0,2374.0,650.0,,,
PAN,Panama,COM,S,S+SR/LFM/CDL+ERL/H:1/COM,TOTAL,9372.0,1484250620.0,371062654.0,0.0,1686648.0,1855313276.0,586706.0,0.0,180.0,880.0,,,
PAN,Panama,IND,S,S+SR/LFM/CDL+ERL/H:1/IND,TOTAL,1838.0,1432177181.0,613790222.0,0.0,2203350.0,2045967395.0,698259.0,0.0,1199.0,650.0,,,
PAN,Panama,COM,S,S+SR/LFM/CDL+ERL/H:2/COM,TOTAL,1040.0,329198553.0,82299638.0,0.0,374089.0,411498191.0,130201.0,0.0,360.0,880.0,,,
PAN,Panama,IND,S,S+SR/LFM/CDL+ERL/H:2/IND,TOTAL,203.0,313278620.0,134262265.0,0.0,481967.0,447540886.0,152848.0,0.0,2374.0,650.0,,,
PAN,Panama,COM,W,W+WLI/LWAL/CDL+ERL/H:1/COM,TOTAL,2172.0,234788379.0,78262793.0,0.0,391314.0,313051170.0,67435.0,0.0,180.0,600.0,,,
PAN,Panama,COM,W,W+WLI/LWAL/CDL+ERL/H:2/COM,TOTAL,3260.0,704391141.0,234797046.0,0.0,1173985.0,939188187.0,202423.0,0.0,360.0,600.0,,,
PAN,Panama,RES,W,W/LFM/CDL+ERL/H:1/RES,Rural,5422.0,296766693.0,74191676.0,23401.0,581895.0,370958369.0,60612.0,5422.0,107.0,510.0,,,
PAN,Panama,RES,W,W/LFM/CDL+ERL/H:1/RES,Urban,259.0,14723787.0,3680946.0,1058.0,28870.0,18404734.0,3007.0,259.0,111.0,510.0,,,
PAN,Panama,RES,W,W/LFM/CDN+ERL/H:1/RES,Rural,18651.0,1021331493.0,255332871.0,67679.0,2002611.0,1276664367.0,208594.0,18651.0,107.0,510.0,,,
PAN,Panama,RES,W,W/LFM/CDN+ERL/H:1/RES,Urban,5242.0,289095429.0,72273850.0,19837.0,566854.0,361369277.0,59044.0,5242.0,108.0,510.0,,,
PAN,Panama,RES,W,W/LFM/CDN+ERL/H:2/RES,Urban,459.0,25703239.0,6425808.0,1214.0,50399.0,32129049.0,5253.0,459.0,110.0,510.0,,,
PAN,Panama,RES,W,W/LPB/CDN+ERL/H:1/RES,Rural,61999.0,2939049744.0,734762437.0,288928.0,5762843.0,3673812180.0,600262.0,61999.0,93.0,510.0,,,
PAN,Panama,RES,W,W/LPB/CDN+ERL/H:1/RES,Urban,6034.0,293427320.0,73356826.0,23614.0,575348.0,366784145.0,59929.0,6034.0,95.0,510.0,,,
PAN,Panama,RES,W,W/LPB/CDN+ERL/H:2/RES,Rural,22.0,1131071.0,282768.0,85.0,2218.0,1413839.0,231.0,22.0,101.0,510.0,,,
PAN,Panama,RES,W,W/LPB/CDN+ERL/H:2/RES,Urban,922.0,47055745.0,11763937.0,2579.0,92266.0,58819682.0,9617.0,922.0,100.0,510.0,,,
PAN,Panama,RES,W,W/LPB/CDN+ERM/H:1/RES,Rural,13674.0,711321389.0,177830334.0,69970.0,1394748.0,889151720.0,145279.0,13674.0,102.0,510.0,,,
PAN,Panama,RES,W,W/LPB/CDN+ERM/H:1/RES,Urban,1288.0,67720566.0,16930143.0,4903.0,132785.0,84650708.0,13831.0,1288.0,103.0,510.0,,,
PAN,Panama,RES,W,W/LPB/CDN+ERM/H:2/RES,Rural,66.0,3428014.0,857003.0,295.0,6722.0,4285018.0,701.0,66.0,102.0,510.0,,,
PAN,Panama,RES,W,W/LPB/CDN+ERM/H:2/RES,Urban,3.0,154530.0,38632.0,11.0,303.0,193162.0,32.0,3.0,101.0,510.0,,,
PRI,Puerto Rico,RES,CR+,CR+PC/LDUAL/CDM+ERM/H:1-3/RES:4,TOTAL,44.0,146419272.0,73206768.0,634.0,65116.0,219626040.0,25677.0,0.0,1480.0,2249.0,PC2L/MC/RES5,118892446.0,27526822.0
PRI,Puerto Rico,RES,CR+,CR+PC/LDUAL/CDM+ERM/H:4-7/RES:2,TOTAL,24.0,22336980.0,11168348.0,316.0,18903.0,33505328.0,7476.0,135.0,788.0,1182.0,PC2M/MC/RES3B,19254477.0,3082503.0
PRI,Puerto Rico,RES,CR+,CR+PC/LDUAL/CDM+ERM/H:4-7/RES:2,TOTAL,54.0,153348079.0,76673590.0,907.0,61361.0,230021669.0,24269.0,391.0,1136.0,2499.0,PC2M/MC/RES3C,132186043.0,21162034.0
PRI,Puerto Rico,RES,CR+,CR+PC/LDUAL/CDM+ERM/H:4-7/RES:2,TOTAL,24.0,141465086.0,70732019.0,856.0,60863.0,212197105.0,24072.0,377.0,2536.0,2324.0,PC2M/MC/RES3D,121942902.0,19522181.0
PRI,Puerto Rico,RES,CR+,CR+PC/LDUAL/CDM+ERM/H:4-7/RES:2,TOTAL,12.0,173373277.0,86684951.0,732.0,79967.0,260058228.0,31628.0,320.0,6664.0,2168.0,PC2M/MC/RES3E,149447763.0,23925512.0
PRI,Puerto Rico,RES,CR+,CR+PC/LDUAL/CDM+ERM/H:4-7/RES:2,TOTAL,8.0,278405951.0,139202477.0,907.0,140178.0,417608428.0,55442.0,468.0,17522.0,1986.0,PC2M/MC/RES3F,239985921.0,38420019.0
PRI,Puerto Rico,IND,CR-,CR+PC/LDUAL/CDN+ERL/H:1-3/IND:2,TOTAL,17.0,65463576.0,98200874.0,126.0,48382.0,163664450.0,23553.0,0.0,2846.0,1353.0,PC2L/PC/IND2,55185795.0,10277782.0
PRI,Puerto Rico,IND,CR-,CR+PC/LDUAL/CDN+ERL/H:1-3/IND:6,TOTAL,36.0,87313333.0,87313333.0,231.0,64531.0,174626667.0,31415.0,0.0,1793.0,1353.0,PC2L/PC/IND6,73605140.0,13708194.0
PRI,Puerto Rico,RES,CR-,CR+PC/LDUAL/CDN+ERL/H:1-3/RES:4,TOTAL,114.0,438263089.0,219120757.0,1574.0,194906.0,657383846.0,76857.0,0.0,1710.0,2249.0,PC2L/PC/RES5,355869620.0,82393458.0
PRI,Puerto Rico,RES,CR-,CR+PC/LDUAL/CDN+ERL/H:1-3/RES:4,TOTAL,1.0,569270.0,284490.0,4.0,218.0,853760.0,86.0,0.0,218.0,2611.0,PC2L/PC/RES6,464524.0,104746.0
PRI,Puerto Rico,COM,CR-,CR+PC/LDUAL/CDN+ERL/H:4-7/COM:2,TOTAL,11.0,36565401.0,36565401.0,18.0,27022.0,73130801.0,13896.0,0.0,2457.0,1353.0,PC2M/PC/COM2,24718211.0,11847190.0
PRI,Puerto Rico,COM,CR-,CR+PC/LDUAL/CDN+ERL/H:4-7/COM:3,TOTAL,22.0,323786622.0,323786622.0,128.0,158562.0,647573244.0,81537.0,0.0,7207.0,2042.0,PC2M/PC/COM4,261619609.0,62167032.0
PRI,Puerto Rico,RES,CR-,CR+PC/LDUAL/CDN+ERL/H:4-7/RES:2,TOTAL,193.0,515794164.0,257895202.0,2455.0,206392.0,773689366.0,81630.0,1141.0,1069.0,2499.0,PC2M/PC/RES3C,444614565.0,71179593.0
PRI,Puerto Rico,RES,CR-,CR+PC/LDUAL/CDN+ERL/H:4-7/RES:2,TOTAL,47.0,488428989.0,244212731.0,1655.0,225283.0,732641720.0,89102.0,851.0,4793.0,2168.0,PC2M/PC/RES3E,421025785.0,67403199.0
PRI,Puerto Rico,RES,CR-,CR+PC/LDUAL/CDN+ERL/H:4-7/RES:2,TOTAL,45.0,2113926968.0,1056960322.0,4784.0,1064366.0,3170887289.0,420967.0,2341.0,23653.0,1986.0,PC2M/PC/RES3F,1822205046.0,291721916.0
PRI,Puerto Rico,RES,CR-,CR+PC/LDUAL/CDN+ERL/H:4-7/RES:2,TOTAL,142.0,130147087.0,65072302.0,1045.0,110139.0,195219389.0,43561.0,497.0,776.0,1182.0,PC2M/PC/RES3B,112186787.0,17960297.0
PRI,Puerto Rico,RES,CR-,CR+PC/LDUAL/CDN+ERL/H:4-7/RES:2,TOTAL,186.0,998740169.0,499365757.0,3767.0,429695.0,1498105926.0,169949.0,1807.0,2310.0,2324.0,PC2M/PC/RES3D,860914011.0,137826140.0
PRI,Puerto Rico,RES,CR-,CR+PC/LDUAL/CDN+ERL/H:>8/RES:2,TOTAL,1.0,844874.0,422437.0,9.0,715.0,1267312.0,283.0,5.0,715.0,1182.0,PC2H/PC/RES3B,728282.0,116593.0
PRI,Puerto Rico,RES,CR-,CR+PC/LDUAL/CDN+ERL/H:>8/RES:2,TOTAL,2.0,7567429.0,3783698.0,30.0,3028.0,11351128.0,1200.0,16.0,1514.0,2499.0,PC2H/PC/RES3C,6523124.0,1044305.0
PRI,Puerto Rico,RES,CR-,CR+PC/LDUAL/CDN+ERL/H:>8/RES:2,TOTAL,7.0,37825124.0,18912420.0,218.0,16274.0,56737544.0,6451.0,113.0,2325.0,2324.0,PC2H/PC/RES3D,32605257.0,5219867.0
PRI,Puerto Rico,RES,CR-,CR+PC/LDUAL/CDN+ERL/H:>8/RES:2,TOTAL,11.0,117043818.0,58521774.0,594.0,53985.0,175565592.0,21399.0,306.0,4908.0,2168.0,PC2H/PC/RES3E,100891771.0,16152047.0
PRI,Puerto Rico,RES,CR-,CR+PC/LDUAL/CDN+ERL/H:>8/RES:2,TOTAL,14.0,536643056.0,268320942.0,1937.0,270201.0,804963998.0,107106.0,976.0,19300.0,1986.0,PC2H/PC/RES3F,462586307.0,74056740.0
PRI,Puerto Rico,COM,CR+,CR+PC/LWAL/CDM+ERM/H:1/COM:1,TOTAL,13.0,10750184.0,10750184.0,6.0,8057.0,21500368.0,4303.0,0.0,620.0,1334.0,PC1/MC/COM1,7589629.0,3160554.0
PRI,Puerto Rico,COM,CR+,CR+PC/LWAL/CDM+ERM/H:1/COM:3,TOTAL,11.0,32744268.0,32744268.0,12.0,16037.0,65488535.0,8564.0,0.0,1458.0,2042.0,PC1/MC/COM4,26457369.0,6286900.0
PRI,Puerto Rico,RES,CR+,CR+PC/LWAL/CDM+ERM/H:1/RES:4,TOTAL,57.0,137635158.0,68810338.0,614.0,61211.0,206445496.0,25931.0,0.0,1074.0,2249.0,PC1/MC/RES5,111759745.0,25875409.0
PRI,Puerto Rico,COM,CR-,CR+PC/LWAL/CDN+ERL/H:1/COM:1,TOTAL,200.0,250965277.0,250965277.0,127.0,188069.0,501930554.0,100437.0,0.0,940.0,1334.0,PC1/PC/COM1,177181478.0,73783791.0
PRI,Puerto Rico,COM,CR-,CR+PC/LWAL/CDN+ERL/H:1/COM:2,TOTAL,129.0,202732954.0,202732954.0,101.0,149832.0,405465908.0,80017.0,0.0,1161.0,1353.0,PC1/PC/COM2,137047476.0,65685477.0
PRI,Puerto Rico,COM,CR-,CR+PC/LWAL/CDN+ERL/H:1/COM:3,TOTAL,233.0,1060007383.0,1060007383.0,397.0,519111.0,2120014767.0,277227.0,0.0,2228.0,2042.0,PC1/PC/COM4,856485986.0,203521419.0
PRI,Puerto Rico,COM,CR-,CR+PC/LWAL/CDN+ERL/H:1/COM:3B,TOTAL,95.0,180233942.0,180233942.0,78.0,110995.0,360467885.0,59276.0,0.0,1168.0,1624.0,PC1/PC/COM3,151036043.0,29197899.0
PRI,Puerto Rico,COM,CR-,CR+PC/LWAL/CDN+ERL/H:1/COM:5,TOTAL,61.0,341639816.0,341639816.0,103.0,131816.0,683279633.0,70395.0,0.0,2161.0,2592.0,PC1/PC/COM8,307475825.0,34163982.0
PRI,Puerto Rico,IND,CR-,CR+PC/LWAL/CDN+ERL/H:1/IND:1,TOTAL,11.0,12138460.0,18209622.0,21.0,7474.0,30348082.0,3734.0,0.0,679.0,1624.0,PC1/PC/IND1,10232722.0,1905738.0
PRI,Puerto Rico,IND,CR-,CR+PC/LWAL/CDN+ERL/H:1/IND:2,TOTAL,18.0,75319116.0,112981005.0,140.0,55664.0,188300120.0,27813.0,0.0,3092.0,1353.0,PC1/PC/IND2,63494014.0,11825101.0
PRI,Puerto Rico,IND,CR-,CR+PC/LWAL/CDN+ERL/H:1/IND:6,TOTAL,36.0,129194933.0,129194933.0,326.0,95481.0,258389865.0,47707.0,0.0,2652.0,1353.0,PC1/PC/IND6,108911327.0,20283605.0
PRI,Puerto Rico,RES,CR-,CR+PC/LWAL/CDN+ERL/H:1/RES:4,TOTAL,151.0,563433410.0,281703144.0,2082.0,250569.0,845136554.0,106148.0,0.0,1659.0,2249.0,PC1/PC/RES5,457507917.0,105925477.0
PRI,Puerto Rico,RES,CR-,CR+PC/LWAL/CDN+ERL/H:1/RES:4,TOTAL,1.0,569270.0,284490.0,4.0,218.0,853760.0,92.0,0.0,218.0,2611.0,PC1/PC/RES6,464524.0,104746.0
PRI,Puerto Rico,RES,CR+,CR/LFINF/CDM+ERM/H:1-3/RES:4,TOTAL,25.0,228925455.0,114461423.0,812.0,101805.0,343386878.0,37129.0,0.0,4072.0,2249.0,C3L/LC/RES5,185887464.0,43037985.0
PRI,Puerto Rico,RES,CR-,CR/LFINF/CDN+ERL/H:1-3/RES:4,TOTAL,1.0,569270.0,284490.0,4.0,218.0,853760.0,80.0,0.0,218.0,2611.0,C3L/PC/RES6,464524.0,104746.0
PRI,Puerto Rico,RES,CR-,CR/LFINF/CDN+ERL/H:1-3/RES:4,TOTAL,53.0,281099847.0,140543833.0,1367.0,125010.0,421643681.0,45592.0,0.0,2359.0,2249.0,C3L/PC/RES5,228253073.0,52846769.0
PRI,Puerto Rico,COM,CR+,CR/LFM/CDM+ERM/H:1-3/COM:1,TOTAL,13.0,13006801.0,13006801.0,6.0,9748.0,26013603.0,4782.0,0.0,750.0,1334.0,C1L/MC/COM1,9182801.0,3824000.0
PRI,Puerto Rico,COM,CR+,CR/LFM/CDM+ERM/H:1-3/COM:2,TOTAL,10.0,26573553.0,26573553.0,10.0,19639.0,53147106.0,9633.0,0.0,1964.0,1353.0,C1L/MC/COM2,17963722.0,8609831.0
PRI,Puerto Rico,COM,CR+,CR/LFM/CDM+ERM/H:1-3/COM:3,TOTAL,15.0,40517531.0,40517531.0,14.0,19844.0,81035063.0,9734.0,0.0,1323.0,2042.0,C1L/MC/COM4,32738167.0,7779366.0
PRI,Puerto Rico,RES,CR+,CR/LFM/CDM+ERM/H:1-3/RES:4,TOTAL,160.0,439741319.0,219857142.0,2105.0,195564.0,659598461.0,71324.0,0.0,1222.0,2249.0,C1L/MC/RES5,357069942.0,82671366.0
PRI,Puerto Rico,RES,CR+,CR/LFM/CDM+ERM/H:4-7/RES:2,TOTAL,18.0,18914281.0,9457038.0,218.0,16006.0,28371319.0,5855.0,92.0,889.0,1182.0,C1M/MC/RES3B,16304110.0,2610171.0
PRI,Puerto Rico,RES,CR+,CR/LFM/CDM+ERM/H:4-7/RES:2,TOTAL,20.0,64760308.0,32379928.0,466.0,25913.0,97140237.0,9479.0,202.0,1296.0,2499.0,C1M/MC/RES3C,55823385.0,8936922.0
PRI,Puerto Rico,RES,CR+,CR/LFM/CDM+ERM/H:4-7/RES:2,TOTAL,12.0,57807020.0,28903291.0,433.0,24871.0,86710311.0,9097.0,185.0,2073.0,2324.0,C1M/MC/RES3D,49829650.0,7977369.0
PRI,Puerto Rico,RES,CR+,CR/LFM/CDM+ERM/H:4-7/RES:2,TOTAL,3.0,26292603.0,13146170.0,147.0,12127.0,39438773.0,4436.0,68.0,4042.0,2168.0,C1M/MC/RES3E,22664222.0,3628379.0
PRI,Puerto Rico,RES,CR+,CR/LFM/CDM+ERM/H:4-7/RES:2,TOTAL,5.0,129224059.0,64611597.0,567.0,65065.0,193835656.0,23799.0,232.0,13013.0,1986.0,C1M/MC/RES3F,111391135.0,17832920.0
PRI,Puerto Rico,COM,CR-,CR/LFM/CDN+ERL/H:1-3/COM:1,TOTAL,308.0,351290123.0,351290123.0,175.0,263251.0,702580245.0,129129.0,0.0,855.0,1334.0,C1L/PC/COM1,248010817.0,103279296.0
PRI,Puerto Rico,COM,CR-,CR/LFM/CDN+ERL/H:1-3/COM:2,TOTAL,194.0,408927069.0,408927069.0,188.0,302219.0,817854139.0,148243.0,0.0,1558.0,1353.0,C1L/PC/COM2,276434699.0,132492370.0
PRI,Puerto Rico,COM,CR-,CR/LFM/CDN+ERL/H:1-3/COM:3,TOTAL,312.0,1179128991.0,1179128991.0,426.0,577451.0,2358257983.0,283248.0,0.0,1851.0,2042.0,C1L/PC/COM4,952736261.0,226392769.0
PRI,Puerto Rico,COM,CR-,CR/LFM/CDN+ERL/H:1-3/COM:3A,TOTAL,18.0,37527792.0,37527792.0,9.0,12365.0,75055585.0,6065.0,0.0,687.0,3035.0,C1L/PC/COM5,32348957.0,5178835.0
PRI,Puerto Rico,COM,CR-,CR/LFM/CDN+ERL/H:1-3/COM:3B,TOTAL,140.0,315607075.0,315607075.0,139.0,194359.0,631214151.0,95336.0,0.0,1388.0,1624.0,C1L/PC/COM3,264478730.0,51128346.0
PRI,Puerto Rico,COM,CR-,CR/LFM/CDN+ERL/H:1-3/COM:5,TOTAL,89.0,501779360.0,501779360.0,154.0,193601.0,1003558719.0,94964.0,0.0,2175.0,2592.0,C1L/PC/COM8,451601413.0,50177936.0
PRI,Puerto Rico,IND,CR-,CR/LFM/CDN+ERL/H:1-3/IND:1,TOTAL,23.0,59451975.0,89177300.0,90.0,36596.0,148629275.0,17328.0,0.0,1591.0,1625.0,C1L/PC/IND1,50118015.0,9333960.0
PRI,Puerto Rico,IND,CR-,CR/LFM/CDN+ERL/H:1-3/IND:2,TOTAL,44.0,119001287.0,178507281.0,199.0,87951.0,297508568.0,41644.0,0.0,1999.0,1353.0,C1L/PC/IND2,100318085.0,18683202.0
PRI,Puerto Rico,IND,CR-,CR/LFM/CDN+ERL/H:1-3/IND:3,TOTAL,16.0,98162274.0,147243686.0,92.0,42648.0,245405961.0,20194.0,0.0,2666.0,2302.0,C1L/PC/IND3,82750797.0,15411477.0
PRI,Puerto Rico,IND,CR-,CR/LFM/CDN+ERL/H:1-3/IND:6,TOTAL,91.0,240712147.0,240712147.0,622.0,177900.0,481424293.0,84235.0,0.0,1955.0,1353.0,C1L/PC/IND6,202920337.0,37791808.0
PRI,Puerto Rico,RES,CR-,CR/LFM/CDN+ERL/H:1-3/RES:4,TOTAL,284.0,1167550924.0,583754397.0,4239.0,519227.0,1751305321.0,189366.0,0.0,1828.0,2249.0,C1L/PC/RES5,948051323.0,219499566.0
PRI,Puerto Rico,RES,CR-,CR/LFM/CDN+ERL/H:1-3/RES:4,TOTAL,4.0,15267630.0,7633090.0,56.0,5847.0,22900720.0,2132.0,0.0,1462.0,2611.0,C1L/PC/RES6,12458386.0,2809244.0
PRI,Puerto Rico,COM,CR-,CR/LFM/CDN+ERL/H:4-7/COM:3,TOTAL,20.0,138594013.0,138594013.0,52.0,67872.0,277188025.0,33402.0,0.0,3394.0,2042.0,C1M/PC/COM4,111983966.0,26610051.0
PRI,Puerto Rico,RES,CR-,CR/LFM/CDN+ERL/H:4-7/RES:2,TOTAL,19.0,572465795.0,286231851.0,1442.0,288238.0,858697647.0,105432.0,722.0,15170.0,1986.0,C1M/PC/RES3F,493465505.0,79000277.0
PRI,Puerto Rico,RES,CR-,CR/LFM/CDN+ERL/H:4-7/RES:2,TOTAL,34.0,327834801.0,163915294.0,1120.0,151211.0,491750095.0,55310.0,526.0,4447.0,2168.0,C1M/PC/RES3E,282593592.0,45241201.0
PRI,Puerto Rico,RES,CR-,CR/LFM/CDN+ERL/H:4-7/RES:2,TOTAL,66.0,308914837.0,154456564.0,1332.0,132906.0,463371402.0,48614.0,632.0,2014.0,2324.0,C1M/PC/RES3D,266284584.0,42630247.0
PRI,Puerto Rico,RES,CR-,CR/LFM/CDN+ERL/H:4-7/RES:2,TOTAL,85.0,227372511.0,113685417.0,1169.0,90982.0,341057929.0,33279.0,545.0,1070.0,2499.0,C1M/PC/RES3C,195995102.0,31377406.0
PRI,Puerto Rico,RES,CR-,CR/LFM/CDN+ERL/H:4-7/RES:2,TOTAL,55.0,49268866.0,24633667.0,469.0,41694.0,73902533.0,15251.0,215.0,758.0,1182.0,C1M/PC/RES3B,42469761.0,6799103.0
PRI,Puerto Rico,RES,CR-,CR/LFM/CDN+ERL/H:4-7/RES:4,TOTAL,11.0,59796868.0,29898091.0,228.0,26592.0,89694959.0,9727.0,0.0,2417.0,2249.0,C1M/PC/RES5,48555055.0,11241811.0
PRI,Puerto Rico,COM,CR-,CR/LFM/CDN+ERL/H:>8/COM:3,TOTAL,19.0,164171482.0,164171482.0,61.0,80397.0,328342964.0,39664.0,0.0,4231.0,2042.0,C1H/PC/COM4,132650561.0,31520925.0
PRI,Puerto Rico,RES,CR-,CR/LFM/CDN+ERL/H:>8/RES:2,TOTAL,11.0,9067051.0,4533502.0,89.0,7673.0,13600553.0,2813.0,48.0,698.0,1182.0,C1H/PC/RES3B,7815798.0,1251253.0
PRI,Puerto Rico,RES,CR-,CR/LFM/CDN+ERL/H:>8/RES:2,TOTAL,26.0,146920113.0,73459340.0,530.0,63210.0,220379453.0,23172.0,296.0,2431.0,2324.0,C1H/PC/RES3D,126645135.0,20274975.0
PRI,Puerto Rico,RES,CR-,CR/LFM/CDN+ERL/H:>8/RES:2,TOTAL,20.0,209840292.0,104919193.0,834.0,96786.0,314759485.0,35480.0,462.0,4839.0,2168.0,C1H/PC/RES3E,180882333.0,28957960.0
PRI,Puerto Rico,RES,CR-,CR/LFM/CDN+ERL/H:>8/RES:2,TOTAL,60.0,1879303946.0,939649372.0,6787.0,946234.0,2818953318.0,346873.0,3434.0,15771.0,1986.0,C1H/PC/RES3F,1619959983.0,259343938.0
PRI,Puerto Rico,RES,CR-,CR/LFM/CDN+ERL/H:>8/RES:2,TOTAL,11.0,35239778.0,17619718.0,160.0,14101.0,52859496.0,5169.0,90.0,1282.0,2499.0,C1H/PC/RES3C,30376688.0,4863089.0
PRI,Puerto Rico,COM,CR-,CR/LWAL/CDL+ERL/H:1-3/COM:1,TOTAL,202.0,205731644.0,205731644.0,104.0,154172.0,411463289.0,82405.0,0.0,763.0,1334.0,C2L/PC/COM1,145246536.0,60485104.0
PRI,Puerto Rico,COM,CR-,CR/LWAL/CDL+ERL/H:1-3/COM:2,TOTAL,134.0,236554482.0,236554482.0,110.0,174827.0,473108963.0,93445.0,0.0,1305.0,1353.0,C2L/PC/COM2,159910831.0,76643653.0
PRI,Puerto Rico,COM,CR-,CR/LWAL/CDL+ERL/H:1-3/COM:3,TOTAL,159.0,584849389.0,584849389.0,212.0,286416.0,1169698778.0,153088.0,0.0,1801.0,2042.0,C2L/PC/COM4,472558322.0,112291084.0
PRI,Puerto Rico,COM,CR-,CR/LWAL/CDL+ERL/H:1-3/COM:3B,TOTAL,93.0,172234217.0,172234217.0,74.0,106068.0,344468434.0,56693.0,0.0,1141.0,1624.0,C2L/PC/COM3,144332274.0,27901943.0
PRI,Puerto Rico,COM,CR-,CR/LWAL/CDL+ERL/H:1-3/COM:5,TOTAL,58.0,359011320.0,359011320.0,109.0,138517.0,718022640.0,74037.0,0.0,2388.0,2592.0,C2L/PC/COM8,323110180.0,35901133.0
PRI,Puerto Rico,IND,CR-,CR/LWAL/CDL+ERL/H:1-3/IND:1,TOTAL,10.0,45861470.0,68794090.0,72.0,28231.0,114655560.0,14119.0,0.0,2823.0,1625.0,C2L/PC/IND1,38661219.0,7200251.0
PRI,Puerto Rico,IND,CR-,CR/LWAL/CDL+ERL/H:1-3/IND:2,TOTAL,26.0,108352039.0,162530628.0,190.0,80077.0,270882667.0,40049.0,0.0,3080.0,1353.0,C2L/PC/IND2,91340770.0,17011270.0
PRI,Puerto Rico,IND,CR-,CR/LWAL/CDL+ERL/H:1-3/IND:6,TOTAL,35.0,110247622.0,110247622.0,300.0,81478.0,220495243.0,40750.0,0.0,2328.0,1353.0,C2L/PC/IND6,92938745.0,17308877.0
PRI,Puerto Rico,RES,CR-,CR/LWAL/CDL+ERL/H:1-3/RES:4,TOTAL,103.0,520229161.0,260108957.0,1522.0,231353.0,780338118.0,98082.0,0.0,2246.0,2249.0,C2L/PC/RES5,422426072.0,97803079.0
PRI,Puerto Rico,RES,CR-,CR/LWAL/CDL+ERL/H:1-3/RES:4,TOTAL,1.0,5171280.0,2585640.0,7.0,1980.0,7756920.0,840.0,0.0,1980.0,2612.0,C2L/PC/RES6,4219765.0,951515.0
PRI,Puerto Rico,RES,CR-,CR/LWAL/CDL+ERL/H:4-7/RES:2,TOTAL,27.0,19147473.0,9573382.0,148.0,16204.0,28720855.0,6891.0,71.0,600.0,1182.0,C2M/PC/RES3B,16505122.0,2642351.0
PRI,Puerto Rico,RES,CR-,CR/LWAL/CDL+ERL/H:4-7/RES:2,TOTAL,39.0,104318149.0,52158728.0,478.0,41742.0,156476877.0,17751.0,226.0,1070.0,2499.0,C2M/PC/RES3C,89922243.0,14395904.0
PRI,Puerto Rico,RES,CR-,CR/LWAL/CDL+ERL/H:4-7/RES:2,TOTAL,41.0,176815627.0,88406737.0,751.0,76073.0,265222364.0,32349.0,349.0,1855.0,2324.0,C2M/PC/RES3D,152415067.0,24400556.0
PRI,Puerto Rico,RES,CR-,CR/LWAL/CDL+ERL/H:4-7/RES:2,TOTAL,14.0,119431490.0,59714846.0,665.0,55087.0,179146336.0,23425.0,306.0,3935.0,2168.0,C2M/PC/RES3E,102949943.0,16481545.0
PRI,Puerto Rico,RES,CR-,CR/LWAL/CDL+ERL/H:4-7/RES:2,TOTAL,4.0,353059821.0,176529801.0,202.0,177766.0,529589622.0,75593.0,98.0,44442.0,1986.0,C2M/PC/RES3F,304337557.0,48722254.0
PRI,Puerto Rico,RES,CR-,CR/LWAL/CDL+ERL/H:>8/RES:2,TOTAL,43.0,1489958717.0,744977100.0,5138.0,750196.0,2234935818.0,319740.0,2711.0,17446.0,1986.0,C2H/PC/RES3F,1284344389.0,205614296.0
PRI,Puerto Rico,RES,CR-,CR/LWAL/CDL+ERL/H:>8/RES:2,TOTAL,3.0,8938398.0,4469148.0,60.0,3577.0,13407547.0,1524.0,36.0,1192.0,2499.0,C2H/PC/RES3C,7704899.0,1233499.0
PRI,Puerto Rico,RES,CR-,CR/LWAL/CDL+ERL/H:>8/RES:2,TOTAL,9.0,46890992.0,23445262.0,200.0,20174.0,70336253.0,8598.0,114.0,2242.0,2324.0,C2H/PC/RES3D,40420034.0,6470957.0
PRI,Puerto Rico,RES,CR-,CR/LWAL/CDL+ERL/H:>8/RES:2,TOTAL,19.0,209453016.0,104725695.0,946.0,96608.0,314178711.0,41175.0,515.0,5085.0,2168.0,C2H/PC/RES3E,180548499.0,28904516.0
PRI,Puerto Rico,RES,CR-,CR/LWAL/CDL+ERL/H:>8/RES:2,TOTAL,3.0,3451639.0,1725787.0,31.0,2921.0,5177426.0,1245.0,15.0,974.0,1182.0,C2H/PC/RES3B,2975313.0,476326.0
PRI,Puerto Rico,COM,CR+,CR/LWAL/CDM+ERM/H:1-3/COM:1,TOTAL,11.0,17928031.0,17928031.0,9.0,13435.0,35856063.0,7181.0,0.0,1221.0,1334.0,C2L/MC/COM1,12657190.0,5270841.0
PRI,Puerto Rico,RES,CR+,CR/LWAL/CDM+ERM/H:1-3/RES:4,TOTAL,53.0,106385539.0,53187963.0,481.0,47313.0,159573502.0,20058.0,0.0,893.0,2249.0,C2L/MC/RES5,86385056.0,20000481.0
PRI,Puerto Rico,RES,CR+,CR/LWAL/CDM+ERM/H:4-7/RES:2,TOTAL,2.0,66371453.0,33185581.0,238.0,33418.0,99557034.0,14211.0,99.0,16709.0,1986.0,C2M/MC/RES3F,57212190.0,9159260.0
PRI,Puerto Rico,RES,CR+,CR/LWAL/CDM+ERM/H:4-7/RES:2,TOTAL,3.0,24814103.0,12406232.0,85.0,11446.0,37220334.0,4867.0,34.0,3815.0,2168.0,C2M/MC/RES3E,21389756.0,3424346.0
PRI,Puerto Rico,RES,CR+,CR/LWAL/CDM+ERM/H:4-7/RES:2,TOTAL,3.0,12522791.0,6261355.0,123.0,5388.0,18784145.0,2291.0,53.0,1796.0,2324.0,C2M/MC/RES3D,10794646.0,1728145.0
PRI,Puerto Rico,RES,CR+,CR/LWAL/CDM+ERM/H:4-7/RES:2,TOTAL,15.0,33938155.0,16968828.0,162.0,13580.0,50906983.0,5775.0,66.0,905.0,2499.0,C2M/MC/RES3C,29254690.0,4683465.0
PRI,Puerto Rico,RES,CR+,CR/LWAL/CDM+ERM/H:4-7/RES:2,TOTAL,9.0,9324920.0,4662454.0,113.0,7891.0,13987374.0,3356.0,48.0,877.0,1182.0,C2M/MC/RES3B,8038081.0,1286839.0
PRI,Puerto Rico,RES,OT,MOB/LO/CDM+ERM/H:1/RES,TOTAL,1914.0,52711374.0,26341512.0,600.0,75474.0,79052885.0,7862.0,252.0,39.0,698.0,MH/MC/RES2,39849798.0,12861575.0
PRI,Puerto Rico,RES,OT,MOB/LO/CDN+ERL/H:1/RES,TOTAL,1473.0,50506586.0,25223968.0,805.0,72361.0,75730554.0,7538.0,347.0,49.0,698.0,MH/PC/RES2,38182978.0,12323607.0
PRI,Puerto Rico,RES,MR|MCF,MR/LWAL/CDM+ERM/H:1-3/FC:3/RES:4,TOTAL,118.0,350625910.0,175301221.0,1608.0,155931.0,525927131.0,68293.0,0.0,1321.0,2249.0,RM2L/MC/RES5,284708233.0,65917669.0
PRI,Puerto Rico,RES,MR|MCF,MR/LWAL/CDM+ERM/H:1-3/FW:4/RES:1,TOTAL,399314.0,89067121732.0,44533501408.0,656868.0,55542878.0,133600623139.0,21344634.0,260693.0,139.0,1604.0,RM1L/MC/RES1,68225412789.0,20841706245.0
PRI,Puerto Rico,RES,MR|MCF,MR/LWAL/CDM+ERM/H:1-3/FW:4/RES:4,TOTAL,112.0,340867006.0,170422417.0,1547.0,151594.0,511289423.0,58257.0,0.0,1354.0,2249.0,RM1L/MC/RES5,276784004.0,64082995.0
PRI,Puerto Rico,RES,MR|MCF,MR/LWAL/CDM+ERM/H:4-7/FC:3/RES:2,TOTAL,53.0,263815175.0,131906377.0,1543.0,113503.0,395721552.0,49822.0,670.0,2142.0,2324.0,RM2M/MC/RES3D,227408677.0,36406493.0
PRI,Puerto Rico,RES,MR|MCF,MR/LWAL/CDM+ERM/H:4-7/FC:3/RES:2,TOTAL,9.0,308726414.0,154362824.0,1245.0,155444.0,463089237.0,68232.0,516.0,17272.0,1986.0,RM2M/MC/RES3F,266122164.0,42604244.0
PRI,Puerto Rico,RES,MR|MCF,MR/LWAL/CDM+ERM/H:4-7/FC:3/RES:2,TOTAL,44.0,35263314.0,17631383.0,491.0,29842.0,52894697.0,13099.0,211.0,678.0,1182.0,RM2M/MC/RES3B,30396976.0,4866337.0
PRI,Puerto Rico,RES,MR|MCF,MR/LWAL/CDM+ERM/H:4-7/FC:3/RES:2,TOTAL,8.0,82117897.0,41058037.0,474.0,37876.0,123175934.0,16625.0,221.0,4734.0,2168.0,RM2M/MC/RES3E,70785626.0,11332270.0
PRI,Puerto Rico,RES,MR|MCF,MR/LWAL/CDM+ERM/H:4-7/FC:3/RES:2,TOTAL,68.0,192627331.0,96312815.0,1245.0,77078.0,288940145.0,33833.0,536.0,1134.0,2499.0,RM2M/MC/RES3C,166044756.0,26582571.0
PRI,Puerto Rico,RES,MR|MCF,MR/LWAL/CDM+ERM/H:>4/FW:4/RES:1,TOTAL,102.0,28128825.0,14064377.0,226.0,15954.0,42193202.0,6140.0,94.0,156.0,1763.0,RM1M/MC/RES1,21546679.0,6582145.0
PRI,Puerto Rico,RES,MR|MCF,MR/LWAL/CDN+ERL/H:>8/FC:3/RES:2,TOTAL,35.0,365328697.0,182662438.0,1417.0,168504.0,547991136.0,74088.0,784.0,4814.0,2168.0,RM2H/PC/RES3E,314913331.0,50415359.0
PRI,Puerto Rico,RES,MR|MCF,MR/LWAL/CDN+ERL/H:>8/FC:3/RES:2,TOTAL,76.0,2659601923.0,1329797387.0,9235.0,1339114.0,3989399310.0,588784.0,4957.0,17620.0,1986.0,RM2H/PC/RES3F,2292576803.0,367025055.0
PRI,Puerto Rico,RES,MR|MCF,MR/LWAL/CDN+ERL/H:>8/FC:3/RES:2,TOTAL,14.0,14959083.0,7479393.0,79.0,12659.0,22438476.0,5566.0,44.0,904.0,1182.0,RM2H/PC/RES3B,12894729.0,2064353.0
PRI,Puerto Rico,RES,MR|MCF,MR/LWAL/CDN+ERL/H:>8/FC:3/RES:2,TOTAL,23.0,107757193.0,53878263.0,333.0,43118.0,161635456.0,18958.0,174.0,1875.0,2499.0,RM2H/PC/RES3C,92886701.0,14870492.0
PRI,Puerto Rico,RES,MR|MCF,MR/LWAL/CDN+ERL/H:>8/FC:3/RES:2,TOTAL,28.0,168411100.0,84205089.0,656.0,72456.0,252616189.0,31858.0,356.0,2588.0,2324.0,RM2H/PC/RES3D,145170368.0,23240731.0
PRI,Puerto Rico,COM,MUR,MUR/LWAL/CDN+ERL/H:1-2/COM:1,TOTAL,245.0,322582602.0,322582602.0,157.0,241724.0,645165205.0,146508.0,0.0,987.0,1335.0,URML/PC/COM1,227743308.0,94839285.0
PRI,Puerto Rico,COM,MUR,MUR/LWAL/CDN+ERL/H:1-2/COM:2,TOTAL,1.0,6605910.0,6605910.0,4.0,4882.0,13211820.0,2959.0,0.0,4882.0,1353.0,URML/MC/COM2,4465595.0,2140315.0
PRI,Puerto Rico,COM,MUR,MUR/LWAL/CDN+ERL/H:1-2/COM:2,TOTAL,150.0,268747524.0,268747524.0,123.0,198620.0,537495047.0,120383.0,0.0,1324.0,1353.0,URML/PC/COM2,181673325.0,87074198.0
PRI,Puerto Rico,COM,MUR,MUR/LWAL/CDN+ERL/H:1-2/COM:3,TOTAL,240.0,827217398.0,827217398.0,291.0,405111.0,1654434797.0,245536.0,0.0,1688.0,2042.0,URML/PC/COM4,668391685.0,158825742.0
PRI,Puerto Rico,COM,MUR,MUR/LWAL/CDN+ERL/H:1-2/COM:3A,TOTAL,14.0,36213344.0,36213344.0,8.0,11932.0,72426688.0,7232.0,0.0,852.0,3035.0,URML/PC/COM5,31215902.0,4997441.0
PRI,Puerto Rico,COM,MUR,MUR/LWAL/CDN+ERL/H:1-2/COM:3B,TOTAL,114.0,194795251.0,194795251.0,79.0,119965.0,389590501.0,72710.0,0.0,1052.0,1624.0,URML/PC/COM3,163238419.0,31556831.0
PRI,Puerto Rico,COM,MUR,MUR/LWAL/CDN+ERL/H:1-2/COM:5,TOTAL,2.0,33018240.0,33018240.0,10.0,12739.0,66036480.0,7721.0,0.0,6370.0,2592.0,URML/MC/COM8,29716415.0,3301824.0
PRI,Puerto Rico,COM,MUR,MUR/LWAL/CDN+ERL/H:1-2/COM:5,TOTAL,74.0,338298746.0,338298746.0,105.0,130527.0,676597492.0,79112.0,0.0,1764.0,2592.0,URML/PC/COM8,304468865.0,33829875.0
PRI,Puerto Rico,IND,MUR,MUR/LWAL/CDN+ERL/H:1-2/IND:1,TOTAL,23.0,24252677.0,36383400.0,41.0,14932.0,60636077.0,8499.0,0.0,649.0,1624.0,URML/PC/IND1,20445006.0,3807670.0
PRI,Puerto Rico,IND,MUR,MUR/LWAL/CDN+ERL/H:1-2/IND:2,TOTAL,1.0,18066855.0,27100500.0,26.0,13352.0,45167355.0,7600.0,0.0,13352.0,1353.0,URML/MC/IND2,15230358.0,2836496.0
PRI,Puerto Rico,IND,MUR,MUR/LWAL/CDN+ERL/H:1-2/IND:2,TOTAL,41.0,264698922.0,397055067.0,399.0,195619.0,661753988.0,111348.0,0.0,4771.0,1353.0,URML/PC/IND2,223141190.0,41557731.0
PRI,Puerto Rico,IND,MUR,MUR/LWAL/CDN+ERL/H:1-2/IND:3,TOTAL,16.0,35420165.0,53132814.0,36.0,15391.0,88552979.0,8761.0,0.0,962.0,2301.0,URML/PC/IND3,29859199.0,5560966.0
PRI,Puerto Rico,IND,MUR,MUR/LWAL/CDN+ERL/H:1-2/IND:6,TOTAL,1.0,10199880.0,10199880.0,27.0,7538.0,20399760.0,4291.0,0.0,7538.0,1353.0,URML/MC/IND6,8598499.0,1601381.0
PRI,Puerto Rico,IND,MUR,MUR/LWAL/CDN+ERL/H:1-2/IND:6,TOTAL,69.0,207196286.0,207196286.0,549.0,153128.0,414392573.0,87162.0,0.0,2219.0,1353.0,URML/PC/IND6,174666466.0,32529818.0
PRI,Puerto Rico,RES,MUR,MUR/LWAL/CDN+ERL/H:1-2/RES:1,TOTAL,588925.0,138247630529.0,69123663812.0,977415.0,87108833.0,207371294341.0,39747287.0,408828.0,148.0,1587.0,URML/PC/RES1,105897681274.0,32349945169.0
PRI,Puerto Rico,RES,MUR,MUR/LWAL/CDN+ERL/H:1-2/RES:3,TOTAL,12.0,73208411.0,36601886.0,217.0,35827.0,109810297.0,16348.0,0.0,2986.0,2043.0,URML/PC/RES4,63252069.0,9956344.0
PRI,Puerto Rico,RES,MUR,MUR/LWAL/CDN+ERL/H:1-2/RES:4,TOTAL,566.0,2288247004.0,1144078519.0,8388.0,1017621.0,3432325524.0,464335.0,0.0,1798.0,2249.0,URML/PC/RES5,1858056509.0,430190425.0
PRI,Puerto Rico,RES,MUR,MUR/LWAL/CDN+ERL/H:1-2/RES:4,TOTAL,4.0,8658240.0,4327960.0,23.0,3316.0,12986200.0,1513.0,0.0,829.0,2611.0,URML/PC/RES6,7065124.0,1593116.0
PRI,Puerto Rico,COM,MUR,MUR/LWAL/CDN+ERL/H:>3/COM:3,TOTAL,13.0,85366419.0,85366419.0,32.0,41805.0,170732837.0,25369.0,0.0,3216.0,2042.0,URMM/PC/COM4,68976069.0,16390352.0
PRI,Puerto Rico,IND,MUR,MUR/LWAL/CDN+ERL/H:>3/IND:6,TOTAL,12.0,62707284.0,62707284.0,157.0,46343.0,125414568.0,26414.0,0.0,3862.0,1353.0,URMM/PC/IND6,52862239.0,9845044.0
PRI,Puerto Rico,RES,MUR,MUR/LWAL/CDN+ERL/H:>3/RES:1,TOTAL,578.0,161233472.0,80616099.0,952.0,98154.0,241849571.0,44838.0,464.0,170.0,1643.0,URMM/PC/RES1,123504835.0,37728632.0
PRI,Puerto Rico,RES,MUR,MUR/LWAL/CDN+ERL/H:>3/RES:2,TOTAL,184.0,166506656.0,83251320.0,1304.0,140908.0,249757975.0,64370.0,632.0,766.0,1182.0,URMM/PC/RES3B,143528734.0,22977918.0
PRI,Puerto Rico,RES,MUR,MUR/LWAL/CDN+ERL/H:>3/RES:2,TOTAL,203.0,523573724.0,261784862.0,2432.0,209505.0,785358586.0,95706.0,1136.0,1032.0,2499.0,URMM/PC/RES3C,451320544.0,72253172.0
PRI,Puerto Rico,RES,MUR,MUR/LWAL/CDN+ERL/H:>3/RES:2,TOTAL,214.0,1009261603.0,504625695.0,4562.0,434222.0,1513887299.0,198360.0,2206.0,2029.0,2324.0,URMM/PC/RES3D,869983490.0,139278097.0
PRI,Puerto Rico,RES,MUR,MUR/LWAL/CDN+ERL/H:>3/RES:2,TOTAL,59.0,2315877631.0,1157934828.0,5813.0,1166050.0,3473812459.0,532671.0,2865.0,19764.0,1986.0,URMM/PC/RES3F,1996286475.0,319591106.0
PRI,Puerto Rico,RES,MUR,MUR/LWAL/CDN+ERL/H:>3/RES:2,TOTAL,72.0,670569059.0,335278553.0,2589.0,309294.0,1005847611.0,141291.0,1337.0,4296.0,2168.0,URMM/PC/RES3E,578030522.0,92538528.0
PRI,Puerto Rico,RES,MUR,MUR/LWAL/CDN+ERL/H:>3/RES:4,TOTAL,1.0,3286280.0,1642560.0,8.0,1258.0,4928840.0,575.0,0.0,1258.0,2612.0,URMM/PC/RES6,2681605.0,604675.0
PRI,Puerto Rico,RES,MUR,MUR/LWAL/CDN+ERL/H:>3/RES:4,TOTAL,20.0,387081883.0,193536408.0,1387.0,172138.0,580618291.0,78635.0,0.0,8607.0,2249.0,URMM/PC/RES5,314310477.0,72771391.0
PRI,Puerto Rico,RES,S,S/LFBR/CDM+ERM/H:1-3/RES:2,TOTAL,7348.0,4125267217.0,2062584635.0,34332.0,3068992.0,6187851852.0,1053907.0,13724.0,418.0,1344.0,S2L/MC/RES3A,3555980282.0,569286861.0
PRI,Puerto Rico,RES,S,S/LFBR/CDM+ERM/H:1-3/RES:2,TOTAL,12776.0,9338709151.0,4669267136.0,82311.0,7903008.0,14007976288.0,2713931.0,32868.0,619.0,1182.0,S2L/MC/RES3B,8049967172.0,1288741835.0
PRI,Puerto Rico,RES,S,S/LFBR/CDM+ERM/H:1-3/RES:2,TOTAL,5655.0,14651186239.0,7325503840.0,61798.0,5862596.0,21976690079.0,2013244.0,24876.0,1037.0,2499.0,S2L/MC/RES3C,12629322386.0,2021863652.0
PRI,Puerto Rico,RES,S,S/LFBR/CDM+ERM/H:1-3/RES:2,TOTAL,2300.0,10944968830.0,5472407617.0,50274.0,4708960.0,16417376447.0,1617080.0,20318.0,2047.0,2324.0,S2L/MC/RES3D,9434562990.0,1510405663.0
PRI,Puerto Rico,RES,S,S/LFBR/CDM+ERM/H:1-3/RES:2,TOTAL,448.0,4293701490.0,2146805931.0,19034.0,1980446.0,6440507421.0,680095.0,7755.0,4421.0,2168.0,S2L/MC/RES3E,3701170639.0,592530791.0
PRI,Puerto Rico,RES,S,S/LFBR/CDM+ERM/H:1-3/RES:2,TOTAL,277.0,10378939503.0,5189440517.0,43365.0,5225831.0,15568380020.0,1794575.0,17571.0,18866.0,1986.0,S2L/MC/RES3F,8946645738.0,1432293613.0
PRI,Puerto Rico,RES,S,S/LFBR/CDM+ERM/H:4-7/RES:2,TOTAL,50.0,28819368.0,14408724.0,262.0,21440.0,43228092.0,7379.0,108.0,429.0,1344.0,S2M/MC/RES3A,24842295.0,3977073.0
PRI,Puerto Rico,COM,S,S/LFBR/CDN+ERL/H:1-3/COM:1,TOTAL,50.0,59631008.0,59631008.0,29.0,44685.0,119262016.0,16872.0,0.0,894.0,1334.0,S2L/PC/COM1,42099490.0,17531516.0
PRI,Puerto Rico,COM,S,S/LFBR/CDN+ERL/H:1-3/COM:2,TOTAL,31.0,40075612.0,40075612.0,20.0,29618.0,80151223.0,11183.0,0.0,955.0,1353.0,S2L/PC/COM2,27091113.0,12984498.0
PRI,Puerto Rico,COM,S,S/LFBR/CDN+ERL/H:1-3/COM:3,TOTAL,48.0,178228419.0,178228419.0,65.0,87284.0,356456838.0,32955.0,0.0,1818.0,2042.0,S2L/PC/COM4,144008568.0,34219857.0
PRI,Puerto Rico,COM,S,S/LFBR/CDN+ERL/H:1-3/COM:3B,TOTAL,17.0,24098505.0,24098505.0,10.0,14841.0,48197011.0,5604.0,0.0,873.0,1624.0,S2L/PC/COM3,20194548.0,3903958.0
PRI,Puerto Rico,COM,S,S/LFBR/CDN+ERL/H:1-3/COM:5,TOTAL,14.0,43177938.0,43177938.0,13.0,16660.0,86355875.0,6290.0,0.0,1190.0,2592.0,S2L/PC/COM8,38860142.0,4317794.0
PRI,Puerto Rico,IND,S,S/LFBR/CDN+ERL/H:1-3/IND:6,TOTAL,17.0,37582210.0,37582210.0,97.0,27776.0,75164420.0,9249.0,0.0,1634.0,1353.0,S2L/PC/IND6,31681803.0,5900407.0
PRI,Puerto Rico,RES,S,S/LFBR/CDN+ERL/H:1-3/RES:2,TOTAL,953.0,31124175238.0,15562014343.0,94219.0,15671103.0,46686189581.0,5381530.0,42324.0,16444.0,1986.0,S2L/PC/RES3F,26829038789.0,4295136077.0
PRI,Puerto Rico,RES,S,S/LFBR/CDN+ERL/H:1-3/RES:2,TOTAL,1175.0,11750953333.0,5875386244.0,43079.0,5420030.0,17626339577.0,1861265.0,19331.0,4613.0,2168.0,S2L/PC/RES3E,10129321646.0,1621631518.0
PRI,Puerto Rico,RES,S,S/LFBR/CDN+ERL/H:1-3/RES:2,TOTAL,10976.0,28216764391.0,14108227975.0,109102.0,11290777.0,42324992366.0,3877307.0,48146.0,1029.0,2499.0,S2L/PC/RES3C,24322850576.0,3893913390.0
PRI,Puerto Rico,RES,S,S/LFBR/CDN+ERL/H:1-3/RES:2,TOTAL,20774.0,15949960497.0,7974819627.0,132503.0,13497875.0,23924780124.0,4635235.0,57520.0,650.0,1182.0,S2L/PC/RES3B,13748865772.0,2201094491.0
PRI,Puerto Rico,RES,S,S/LFBR/CDN+ERL/H:1-3/RES:2,TOTAL,15468.0,8603133643.0,4301428037.0,72199.0,6400376.0,12904561680.0,2197921.0,30939.0,414.0,1344.0,S2L/PC/RES3A,7415901083.0,1187232414.0
PRI,Puerto Rico,RES,S,S/LFBR/CDN+ERL/H:1-3/RES:2,TOTAL,5136.0,24959676201.0,12479695300.0,96466.0,10738602.0,37439371502.0,3687688.0,42855.0,2091.0,2324.0,S2L/PC/RES3D,21515240582.0,3444435228.0
PRI,Puerto Rico,RES,S,S/LFBR/CDN+ERL/H:4-7/RES:2,TOTAL,160.0,95380170.0,47688574.0,839.0,70959.0,143068744.0,24420.0,389.0,443.0,1344.0,S2M/PC/RES3A,82217705.0,13162463.0
PRI,Puerto Rico,RES,S,S/LFBR/CDN+ERL/H:>8/RES:2,TOTAL,13.0,9285397.0,4642616.0,88.0,6908.0,13928013.0,2381.0,47.0,531.0,1344.0,S2H/PC/RES3A,8004012.0,1281385.0
PRI,Puerto Rico,COM,S,S/LFINF/CDN+ERL/H:1-3/COM:1,TOTAL,42.0,44590092.0,44590092.0,23.0,33414.0,89180184.0,11630.0,0.0,796.0,1334.0,S5L/PC/COM1,31480604.0,13109487.0
PRI,Puerto Rico,COM,S,S/LFINF/CDN+ERL/H:1-3/COM:2,TOTAL,24.0,37020040.0,37020040.0,19.0,27360.0,74040080.0,9523.0,0.0,1140.0,1353.0,S5L/PC/COM2,25025547.0,11994493.0
PRI,Puerto Rico,COM,S,S/LFINF/CDN+ERL/H:1-3/COM:3,TOTAL,44.0,210751240.0,210751240.0,76.0,103210.0,421502481.0,35922.0,0.0,2346.0,2042.0,S5L/PC/COM4,170287009.0,40464238.0
PRI,Puerto Rico,COM,S,S/LFINF/CDN+ERL/H:1-3/COM:3B,TOTAL,13.0,20604992.0,20604992.0,9.0,12689.0,41209983.0,4416.0,0.0,976.0,1624.0,S5L/PC/COM3,17266983.0,3338009.0
PRI,Puerto Rico,COM,S,S/LFINF/CDN+ERL/H:1-3/COM:5,TOTAL,14.0,59902764.0,59902764.0,17.0,23113.0,119805528.0,8045.0,0.0,1651.0,2592.0,S5L/PC/COM8,53912486.0,5990277.0
PRI,Puerto Rico,IND,S,S/LFINF/CDN+ERL/H:1-3/IND:6,TOTAL,16.0,34988038.0,34988038.0,91.0,25859.0,69976077.0,8201.0,0.0,1616.0,1353.0,S5L/PC/IND6,29494916.0,5493122.0
PRI,Puerto Rico,COM,S,S/LFM/CDN+ERL/H:1-3/COM:1,TOTAL,64.0,66590577.0,66590577.0,33.0,49902.0,133181155.0,17368.0,0.0,780.0,1334.0,S1L/PC/COM1,47012946.0,19577630.0
PRI,Puerto Rico,COM,S,S/LFM/CDN+ERL/H:1-3/COM:2,TOTAL,42.0,67612391.0,67612391.0,35.0,49971.0,135224782.0,17392.0,0.0,1190.0,1353.0,S1L/PC/COM2,45705976.0,21906415.0
PRI,Puerto Rico,COM,S,S/LFM/CDN+ERL/H:1-3/COM:3,TOTAL,59.0,221665156.0,221665156.0,78.0,108555.0,443330312.0,37782.0,0.0,1840.0,2042.0,S1L/PC/COM4,179105452.0,42559711.0
PRI,Puerto Rico,COM,S,S/LFM/CDN+ERL/H:1-3/COM:3B,TOTAL,24.0,57874450.0,57874450.0,26.0,35640.0,115748900.0,12404.0,0.0,1485.0,1624.0,S1L/PC/COM3,48498788.0,9375661.0
PRI,Puerto Rico,COM,S,S/LFM/CDN+ERL/H:1-3/COM:5,TOTAL,20.0,64889453.0,64889453.0,19.0,25037.0,129778906.0,8714.0,0.0,1252.0,2592.0,S1L/PC/COM8,58400505.0,6488945.0
PRI,Puerto Rico,IND,S,S/LFM/CDN+ERL/H:1-3/IND:2,TOTAL,16.0,46078964.0,69121007.0,84.0,34055.0,115199971.0,10800.0,0.0,2128.0,1353.0,S1L/PC/IND2,38844567.0,7234398.0
PRI,Puerto Rico,IND,S,S/LFM/CDN+ERL/H:1-3/IND:6,TOTAL,25.0,70822960.0,70822960.0,192.0,52342.0,141645920.0,16600.0,0.0,2094.0,1353.0,S1L/PC/IND6,59703755.0,11119205.0
PRI,Puerto Rico,COM,S,S/LFM/CDN+ERL/H:1/COM:1,TOTAL,22.0,25556385.0,25556385.0,12.0,19150.0,51112770.0,6662.0,0.0,870.0,1335.0,S3/PC/COM1,18042807.0,7513577.0
PRI,Puerto Rico,COM,S,S/LFM/CDN+ERL/H:1/COM:2,TOTAL,15.0,14002079.0,14002079.0,7.0,10349.0,28004158.0,3600.0,0.0,690.0,1353.0,S3/PC/COM2,9465405.0,4536673.0
PRI,Puerto Rico,COM,S,S/LFM/CDN+ERL/H:1/COM:3,TOTAL,26.0,83916047.0,83916047.0,30.0,41096.0,167832094.0,14295.0,0.0,1581.0,2042.0,S3/PC/COM4,67804168.0,16111881.0
PRI,Puerto Rico,COM,S,S/LFM/CDN+ERL/H:1/COM:3B,TOTAL,33.0,78534018.0,78534018.0,35.0,48361.0,157068037.0,16823.0,0.0,1465.0,1624.0,S3/PC/COM3,65811507.0,12722511.0
PRI,Puerto Rico,IND,S,S/LFM/CDN+ERL/H:1/IND:2,TOTAL,11.0,60222078.0,90335377.0,97.0,44506.0,150557455.0,14104.0,0.0,4046.0,1353.0,S3/PC/IND2,50767213.0,9454867.0
PRI,Puerto Rico,RES,W,W/LFM/CDM+ERM/H:1-2/RES:1,TOTAL,140594.0,31361006925.0,15680480478.0,230201.0,19610985.0,47041487403.0,2044147.0,91766.0,139.0,1599.0,W1/MC/RES1,24022530458.0,7338475543.0
PRI,Puerto Rico,RES,W,W/LFM/CDM+ERM/H:1-2/RES:2,TOTAL,2.0,8496698.0,4248106.0,47.0,3919.0,12744804.0,409.0,18.0,1960.0,2168.0,W1/MC/RES3E,7324154.0,1172544.0
PRI,Puerto Rico,RES,W,W/LFM/CDM+ERM/H:1-2/RES:2,TOTAL,94.0,66220777.0,33109609.0,612.0,56041.0,99330386.0,5842.0,254.0,596.0,1182.0,W1/MC/RES3B,57082309.0,9138467.0
PRI,Puerto Rico,RES,W,W/LFM/CDM+ERM/H:1-2/RES:2,TOTAL,38.0,78358520.0,39178726.0,346.0,31355.0,117537246.0,3268.0,142.0,825.0,2499.0,W1/MC/RES3C,67545044.0,10813475.0
PRI,Puerto Rico,RES,W,W/LFM/CDM+ERM/H:1-2/RES:2,TOTAL,296.0,155882643.0,77939731.0,1346.0,115969.0,233822373.0,12088.0,544.0,392.0,1344.0,W1/MC/RES3A,134370836.0,21511804.0
PRI,Puerto Rico,RES,W,W/LFM/CDM+ERM/H:1-2/RES:2,TOTAL,7.0,28489241.0,14244353.0,132.0,12257.0,42733594.0,1278.0,56.0,1751.0,2324.0,W1/MC/RES3D,24557725.0,3931515.0
PRI,Puerto Rico,RES,W,W/LFM/CDM+ERM/H:1-2/RES:2,TOTAL,1.0,259840.0,129920.0,2.0,131.0,389760.0,14.0,1.0,131.0,1984.0,W1/MC/RES3F,223982.0,35858.0
PRI,Puerto Rico,RES,W,W/LFM/CDM+ERM/H:1-2/RES:4,TOTAL,36.0,84708808.0,42351952.0,388.0,37672.0,127060760.0,3927.0,0.0,1046.0,2249.0,W1/MC/RES5,68783550.0,15925255.0
PRI,Puerto Rico,RES,W,W/LFM/CDM+ERM/H:2/RES:2,TOTAL,119.0,75854589.0,37926365.0,580.0,56432.0,113780954.0,5882.0,233.0,474.0,1344.0,W2/MC/RES3A,65386655.0,10467933.0
PRI,Puerto Rico,RES,W,W/LFM/CDM+ERM/H:2/RES:2,TOTAL,21.0,213922815.0,106959238.0,1044.0,98670.0,320882054.0,10285.0,422.0,4699.0,2168.0,W2/MC/RES3E,184401467.0,29521348.0
PRI,Puerto Rico,RES,W,W/LFM/CDM+ERM/H:2/RES:2,TOTAL,677.0,504266013.0,252128285.0,4401.0,426742.0,756394298.0,44482.0,1753.0,630.0,1182.0,W2/MC/RES3B,434677296.0,69588708.0
PRI,Puerto Rico,RES,W,W/LFM/CDM+ERM/H:2/RES:2,TOTAL,250.0,690784861.0,345389028.0,2876.0,276414.0,1036173889.0,28812.0,1153.0,1106.0,2499.0,W2/MC/RES3C,595456543.0,95328309.0
PRI,Puerto Rico,RES,W,W/LFM/CDM+ERM/H:2/RES:2,TOTAL,122.0,568177783.0,284085480.0,2716.0,244452.0,852263263.0,25481.0,1107.0,2004.0,2324.0,W2/MC/RES3D,489769241.0,78408532.0
PRI,Puerto Rico,RES,W,W/LFM/CDM+ERM/H:2/RES:2,TOTAL,14.0,397664371.0,198830809.0,1918.0,200226.0,596495181.0,20871.0,806.0,14302.0,1986.0,W2/MC/RES3F,342786682.0,54877682.0
PRI,Puerto Rico,RES,W,W/LFM/CDM+ERM/H:2/RES:4,TOTAL,27.0,101597141.0,50794773.0,440.0,45183.0,152391914.0,4710.0,0.0,1673.0,2249.0,W2/MC/RES5,82496876.0,19100262.0
PRI,Puerto Rico,COM,W,W/LFM/CDN+ERL/H:1-2/COM:1,TOTAL,56.0,51674218.0,51674218.0,25.0,38725.0,103348435.0,6742.0,0.0,692.0,1334.0,W1/PC/COM1,36481996.0,15192220.0
PRI,Puerto Rico,COM,W,W/LFM/CDN+ERL/H:1-2/COM:2,TOTAL,12.0,11944021.0,11944021.0,6.0,8829.0,23888043.0,1537.0,0.0,736.0,1353.0,W1/PC/COM2,8074158.0,3869863.0
PRI,Puerto Rico,COM,W,W/LFM/CDN+ERL/H:1-2/COM:3,TOTAL,16.0,27363199.0,27363199.0,10.0,13401.0,54726398.0,2333.0,0.0,838.0,2042.0,W1/PC/COM4,22109466.0,5253734.0
PRI,Puerto Rico,COM,W,W/LFM/CDN+ERL/H:1-2/COM:3B,TOTAL,20.0,29408517.0,29408517.0,13.0,18112.0,58817035.0,3153.0,0.0,906.0,1624.0,W1/PC/COM3,24644338.0,4764180.0
PRI,Puerto Rico,RES,W,W/LFM/CDN+ERL/H:1-2/RES:1,TOTAL,172128.0,40549039442.0,20274476024.0,286822.0,25525758.0,60823515467.0,2660672.0,120045.0,148.0,1589.0,W1/PC/RES1,31060563058.0,9488475112.0
PRI,Puerto Rico,RES,W,W/LFM/CDN+ERL/H:1-2/RES:2,TOTAL,268.0,191151095.0,95573215.0,1797.0,161765.0,286724311.0,16862.0,801.0,604.0,1182.0,W1/PC/RES3B,164772242.0,26378850.0
PRI,Puerto Rico,RES,W,W/LFM/CDN+ERL/H:1-2/RES:2,TOTAL,161.0,346748920.0,173372464.0,1600.0,138750.0,520121384.0,14463.0,716.0,862.0,2499.0,W1/PC/RES3C,298897563.0,47851350.0
PRI,Puerto Rico,RES,W,W/LFM/CDN+ERL/H:1-2/RES:2,TOTAL,34.0,113153220.0,56575420.0,495.0,48683.0,169728641.0,5075.0,229.0,1432.0,2324.0,W1/PC/RES3D,97538076.0,15615144.0
PRI,Puerto Rico,RES,W,W/LFM/CDN+ERL/H:1-2/RES:2,TOTAL,632.0,323127650.0,161558610.0,2767.0,240394.0,484686260.0,25058.0,1175.0,380.0,1344.0,W1/PC/RES3A,278536031.0,44591614.0
PRI,Puerto Rico,RES,W,W/LFM/CDN+ERL/H:1-2/RES:2,TOTAL,1.0,44875484.0,22437742.0,57.0,22595.0,67313225.0,2355.0,34.0,22595.0,1986.0,W1/PC/RES3F,38682665.0,6192816.0
PRI,Puerto Rico,RES,W,W/LFM/CDN+ERL/H:1-2/RES:2,TOTAL,3.0,7057417.0,3528418.0,38.0,3255.0,10585835.0,339.0,17.0,1085.0,2168.0,W1/PC/RES3E,6083493.0,973924.0
PRI,Puerto Rico,RES,W,W/LFM/CDN+ERL/H:1-2/RES:4,TOTAL,27.0,47169092.0,23581918.0,219.0,20978.0,70751010.0,2187.0,0.0,777.0,2249.0,W1/PC/RES5,38301301.0,8867789.0
PRI,Puerto Rico,RES,W,W/LFM/CDN+ERL/H:1-2/RES:4,TOTAL,1.0,853760.0,426880.0,3.0,327.0,1280640.0,34.0,0.0,327.0,2611.0,W1/PC/RES6,696668.0,157092.0
PRI,Puerto Rico,COM,W,W/LFM/CDN+ERL/H:2/COM:1,TOTAL,35.0,58238125.0,58238125.0,26.0,43640.0,116476251.0,7598.0,0.0,1247.0,1335.0,W2/PC/COM1,41116115.0,17122009.0
PRI,Puerto Rico,COM,W,W/LFM/CDN+ERL/H:2/COM:2,TOTAL,20.0,39380724.0,39380724.0,19.0,29104.0,78761449.0,5067.0,0.0,1455.0,1353.0,W2/PC/COM2,26621370.0,12759355.0
PRI,Puerto Rico,COM,W,W/LFM/CDN+ERL/H:2/COM:3,TOTAL,41.0,175331395.0,175331395.0,65.0,85864.0,350662790.0,14949.0,0.0,2094.0,2042.0,W2/PC/COM4,141667773.0,33663629.0
PRI,Puerto Rico,COM,W,W/LFM/CDN+ERL/H:2/COM:3B,TOTAL,27.0,87894671.0,87894671.0,39.0,54125.0,175789342.0,9423.0,0.0,2005.0,1624.0,W2/PC/COM3,73655735.0,14238937.0
PRI,Puerto Rico,COM,W,W/LFM/CDN+ERL/H:2/COM:5,TOTAL,16.0,82738688.0,82738688.0,24.0,31924.0,165477377.0,5558.0,0.0,1995.0,2592.0,W2/PC/COM8,74464817.0,8273869.0
PRI,Puerto Rico,IND,W,W/LFM/CDN+ERL/H:2/IND:6,TOTAL,13.0,32679346.0,32679346.0,87.0,24152.0,65358692.0,4007.0,0.0,1858.0,1353.0,W2/PC/IND6,27548689.0,5130658.0
PRI,Puerto Rico,RES,W,W/LFM/CDN+ERL/H:2/RES:2,TOTAL,144.0,94330766.0,47163907.0,738.0,70178.0,141494673.0,7315.0,320.0,487.0,1344.0,W2/PC/RES3A,81313119.0,13017645.0
PRI,Puerto Rico,RES,W,W/LFM/CDN+ERL/H:2/RES:2,TOTAL,891.0,708362347.0,354175389.0,5578.0,599460.0,1062537736.0,62486.0,2406.0,673.0,1182.0,W2/PC/RES3B,610608337.0,97754001.0
PRI,Puerto Rico,RES,W,W/LFM/CDN+ERL/H:2/RES:2,TOTAL,427.0,1092089015.0,546038612.0,4157.0,436993.0,1638127627.0,45551.0,1833.0,1023.0,2499.0,W2/PC/RES3C,941380720.0,150708280.0
PRI,Puerto Rico,RES,W,W/LFM/CDN+ERL/H:2/RES:2,TOTAL,228.0,1150372692.0,575180472.0,4209.0,494933.0,1725553164.0,51590.0,1877.0,2171.0,2324.0,W2/PC/RES3D,991621247.0,158751427.0
PRI,Puerto Rico,RES,W,W/LFM/CDN+ERL/H:2/RES:2,TOTAL,50.0,452897583.0,226442499.0,1635.0,208897.0,679340081.0,21774.0,727.0,4178.0,2168.0,W2/PC/RES3E,390397711.0,62499865.0
PRI,Puerto Rico,RES,W,W/LFM/CDN+ERL/H:2/RES:2,TOTAL,49.0,1595389992.0,797691384.0,4846.0,803282.0,2393081376.0,83730.0,2148.0,16394.0,1986.0,W2/PC/RES3F,1375226154.0,220163813.0
PRI,Puerto Rico,RES,W,W/LFM/CDN+ERL/H:2/RES:4,TOTAL,74.0,338097725.0,169042925.0,1130.0,150357.0,507140650.0,15673.0,0.0,2032.0,2249.0,W2/PC/RES5,274535347.0,63562370.0
KNA,Saint Kitts and Nevis,COM,CR+,CR+PCPS/LFM/CDM+ERM/H:1/COM,TOTAL,23.0,4305006.0,759706.0,0.0,4061.0,5064714.0,1991.0,0.0,177.0,1060.0,,,
KNA,Saint Kitts and Nevis,IND,CR+,CR+PCPS/LFM/CDM+ERM/H:1/IND,TOTAL,3.0,16561586.0,5520529.0,0.0,20446.0,22082114.0,9672.0,0.0,6815.0,810.0,,,
KNA,Saint Kitts and Nevis,COM,CR-,CR/LFINF/CDL+ERL/H:1/COM,TOTAL,343.0,65407863.0,11542562.0,0.0,61706.0,76950428.0,30242.0,0.0,180.0,1060.0,,,
KNA,Saint Kitts and Nevis,RES,CR-,CR/LFINF/CDL+ERL/H:2/RES,TOTAL,4134.0,1632311231.0,288054923.0,13056.0,1813679.0,1920366155.0,661462.0,4961.0,439.0,900.0,,,
KNA,Saint Kitts and Nevis,COM,CR+,CR/LFINF/CDM+ERM/H:2/COM,TOTAL,15.0,48001405.0,8470836.0,0.0,45284.0,56472240.0,22213.0,0.0,3019.0,1060.0,,,
KNA,Saint Kitts and Nevis,RES,CR+,CR/LFINF/CDM+ERM/H:3/RES,TOTAL,305.0,183370814.0,32359555.0,1597.0,203745.0,215730369.0,74362.0,609.0,668.0,900.0,,,
KNA,Saint Kitts and Nevis,COM,CR+,CR/LFINF/CDM+ERM/H:4/COM,TOTAL,35.0,38013025.0,6708182.0,0.0,35861.0,44721207.0,17620.0,0.0,1025.0,1060.0,,,
KNA,Saint Kitts and Nevis,IND,CR-,CR/LFM/CDL+ERL/H:1/IND,TOTAL,126.0,3110765.0,1036921.0,0.0,3840.0,4147689.0,1817.0,0.0,30.0,810.0,,,
KNA,Saint Kitts and Nevis,RES,OT,INF/LN/CDN+ERN/H:1/RES,TOTAL,26.0,3071250.0,767813.0,76.0,6825.0,3839063.0,711.0,26.0,262.0,450.0,,,
KNA,Saint Kitts and Nevis,IND,MR|MCF,MCF/LWAL/CDL+ERL/H:1/IND,TOTAL,84.0,1430963.0,476989.0,0.0,1767.0,1907953.0,836.0,0.0,21.0,810.0,,,
KNA,Saint Kitts and Nevis,IND,MR|MCF,MCF/LWAL/CDM+ERM/H:1/IND,TOTAL,43.0,41836773.0,13945590.0,0.0,51650.0,55782366.0,24433.0,0.0,1201.0,810.0,,,
KNA,Saint Kitts and Nevis,RES,MR|MCF,MR/LWAL/CDL+ERL/H:1/RES,TOTAL,10558.0,2993629066.0,528287482.0,27779.0,3326255.0,3521916548.0,1516883.0,10558.0,315.0,900.0,,,
KNA,Saint Kitts and Nevis,COM,S,S+SL/LFM/CDL+ERL/H:1/COM,TOTAL,387.0,27077487.0,6769372.0,0.0,25545.0,33846859.0,8886.0,0.0,66.0,1060.0,,,
KNA,Saint Kitts and Nevis,IND,S,S+SL/LFM/CDL+ERL/H:1/IND,TOTAL,102.0,2815940.0,1206832.0,0.0,3476.0,4022770.0,1102.0,0.0,34.0,810.0,,,
KNA,Saint Kitts and Nevis,COM,S,S+SR/LFINF/CDM+ERM/H:1/COM,TOTAL,24.0,4235244.0,1058811.0,0.0,3996.0,5294054.0,1390.0,0.0,166.0,1060.0,,,
KNA,Saint Kitts and Nevis,IND,S,S+SR/LFINF/CDM+ERM/H:1/IND,TOTAL,44.0,35548711.0,15235163.0,0.0,43887.0,50783873.0,13908.0,0.0,997.0,810.0,,,
KNA,Saint Kitts and Nevis,COM,S,S+SR/LFM/CDM+ERM/H:1/COM,TOTAL,37.0,6487269.0,1621818.0,0.0,6120.0,8109086.0,2129.0,0.0,165.0,1060.0,,,
KNA,Saint Kitts and Nevis,IND,S,S+SR/LFM/CDM+ERM/H:1/IND,TOTAL,24.0,129753227.0,55608526.0,0.0,160189.0,185361750.0,50765.0,0.0,6675.0,810.0,,,
KNA,Saint Kitts and Nevis,RES,W,W+WLI/LWAL/CDM+ERM/H:1/RES,TOTAL,1492.0,354625789.0,88656448.0,4415.0,402984.0,443282237.0,40599.0,1492.0,270.0,880.0,,,
KNA,Saint Kitts and Nevis,COM,W,W+WLI/LWAL/CDM+ERM/H:2/COM,TOTAL,311.0,101926543.0,33975514.0,0.0,121341.0,135902058.0,20922.0,0.0,390.0,840.0,,,
LCA,Saint Lucia,COM,CR+,CR+PCPS/LFM/CDM+ERM/H:1/COM,TOTAL,40.0,9203397.0,1624131.0,0.0,7799.0,10827526.0,3823.0,0.0,195.0,1180.0,,,
LCA,Saint Lucia,IND,CR+,CR+PCPS/LFM/CDM+ERM/H:1/IND,TOTAL,19.0,47098878.0,15699626.0,0.0,56746.0,62798504.0,26843.0,0.0,2987.0,830.0,,,
LCA,Saint Lucia,COM,CR-,CR/LFINF/CDL+ERL/H:1/COM,TOTAL,823.0,189413277.0,33425873.0,0.0,160520.0,222839152.0,78672.0,0.0,195.0,1180.0,,,
LCA,Saint Lucia,RES,CR-,CR/LFINF/CDL+ERL/H:2/RES,TOTAL,4192.0,1171374201.0,206713094.0,16001.0,1394493.0,1378087293.0,508581.0,5032.0,333.0,840.0,,,
LCA,Saint Lucia,COM,CR+,CR/LFINF/CDM+ERM/H:2/COM,TOTAL,41.0,160845671.0,28384531.0,0.0,136310.0,189230202.0,66862.0,0.0,3325.0,1180.0,,,
LCA,Saint Lucia,RES,CR+,CR/LFINF/CDM+ERM/H:3/RES,TOTAL,1649.0,713099969.0,125841170.0,10462.0,848929.0,838941140.0,309838.0,3315.0,515.0,840.0,,,
LCA,Saint Lucia,COM,CR+,CR/LFINF/CDM+ERM/H:4/COM,TOTAL,89.0,117625360.0,20757417.0,0.0,99683.0,138382777.0,48977.0,0.0,1120.0,1180.0,,,
LCA,Saint Lucia,IND,CR-,CR/LFM/CDL+ERL/H:1/IND,TOTAL,586.0,12160474.0,4053490.0,0.0,14651.0,16213966.0,6931.0,0.0,25.0,830.0,,,
LCA,Saint Lucia,RES,OT,INF/LN/CDN+ERN/H:1/RES,TOTAL,38.0,3724904.0,931226.0,118.0,7925.0,4656129.0,826.0,38.0,209.0,470.0,,,
LCA,Saint Lucia,IND,MR|MCF,MCF/LWAL/CDL+ERL/H:1/IND,TOTAL,291.0,4138450.0,1379484.0,0.0,4986.0,5517933.0,2359.0,0.0,17.0,830.0,,,
LCA,Saint Lucia,IND,MR|MCF,MCF/LWAL/CDM+ERM/H:1/IND,TOTAL,148.0,106025574.0,35341858.0,0.0,127742.0,141367434.0,60426.0,0.0,863.0,830.0,,,
LCA,Saint Lucia,RES,MR|MCF,MR/LWAL/CDL+ERL/H:1/RES,TOTAL,44892.0,9050602119.0,1597165079.0,142761.0,10774526.0,10647767199.0,4913543.0,44892.0,240.0,840.0,,,
LCA,Saint Lucia,COM,S,S+SL/LFM/CDL+ERL/H:1/COM,TOTAL,898.0,76305255.0,19076312.0,0.0,64665.0,95381567.0,22494.0,0.0,72.0,1180.0,,,
LCA,Saint Lucia,IND,S,S+SL/LFM/CDL+ERL/H:1/IND,TOTAL,299.0,6828068.0,2926315.0,0.0,8227.0,9754384.0,2607.0,0.0,28.0,830.0,,,
LCA,Saint Lucia,COM,S,S+SR/LFINF/CDM+ERM/H:1/COM,TOTAL,59.0,12562271.0,3140568.0,0.0,10646.0,15702839.0,3703.0,0.0,180.0,1180.0,,,
LCA,Saint Lucia,IND,S,S+SR/LFINF/CDM+ERM/H:1/IND,TOTAL,73.0,46702249.0,20015249.0,0.0,56268.0,66717495.0,17832.0,0.0,771.0,830.0,,,
LCA,Saint Lucia,COM,S,S+SR/LFM/CDM+ERM/H:1/COM,TOTAL,99.0,20949449.0,5237363.0,0.0,17754.0,26186812.0,6176.0,0.0,179.0,1180.0,,,
LCA,Saint Lucia,IND,S,S+SR/LFM/CDM+ERM/H:1/IND,TOTAL,75.0,200064300.0,85741845.0,0.0,241041.0,285806144.0,76388.0,0.0,3214.0,830.0,,,
LCA,Saint Lucia,RES,W,W+WLI/LWAL/CDL+ERL/H:1/RES,TOTAL,246.0,33323420.0,8330857.0,656.0,51267.0,41654274.0,5165.0,246.0,208.0,650.0,,,
LCA,Saint Lucia,RES,W,W+WLI/LWAL/CDM+ERM/H:1/RES,TOTAL,3394.0,459018408.0,114754602.0,10150.0,706182.0,573773010.0,71145.0,3394.0,208.0,650.0,,,
LCA,Saint Lucia,COM,W,W+WLI/LWAL/CDM+ERM/H:2/COM,TOTAL,703.0,248115921.0,82705307.0,0.0,295376.0,330821225.0,50930.0,0.0,420.0,840.0,,,
VCT,Saint Vincent and the Grenadines,COM,CR+,CR+PCPS/LFM/CDM+ERM/H:1/COM,TOTAL,21.0,7572188.0,1336269.0,0.0,7572.0,8908457.0,3711.0,0.0,361.0,1000.0,,,
VCT,Saint Vincent and the Grenadines,IND,CR+,CR+PCPS/LFM/CDM+ERM/H:1/IND,TOTAL,5.0,12667496.0,4222499.0,0.0,17842.0,16889995.0,8440.0,0.0,3568.0,710.0,,,
VCT,Saint Vincent and the Grenadines,COM,CR-,CR/LFINF/CDL+ERL/H:1/COM,TOTAL,295.0,105454003.0,18609530.0,0.0,105454.0,124063534.0,51684.0,0.0,357.0,1000.0,,,
VCT,Saint Vincent and the Grenadines,RES,CR-,CR/LFINF/CDL+ERL/H:2/RES,TOTAL,5194.0,1334409724.0,235484070.0,20087.0,2052938.0,1569893793.0,748721.0,6233.0,395.0,650.0,,,
VCT,Saint Vincent and the Grenadines,COM,CR+,CR/LFINF/CDM+ERM/H:2/COM,TOTAL,21.0,215308584.0,37995633.0,0.0,215309.0,253304216.0,105612.0,0.0,10253.0,1000.0,,,
VCT,Saint Vincent and the Grenadines,RES,CR+,CR/LFINF/CDM+ERM/H:3/RES,TOTAL,778.0,309323252.0,54586457.0,4845.0,475882.0,363909709.0,173685.0,1566.0,612.0,650.0,,,
VCT,Saint Vincent and the Grenadines,COM,CR+,CR/LFINF/CDM+ERM/H:4/COM,TOTAL,39.0,132387240.0,23362453.0,0.0,132387.0,155749695.0,65045.0,0.0,3395.0,1000.0,,,
VCT,Saint Vincent and the Grenadines,IND,CR-,CR/LFM/CDL+ERL/H:1/IND,TOTAL,166.0,2279561.0,759853.0,0.0,3211.0,3039415.0,1519.0,0.0,19.0,710.0,,,
VCT,Saint Vincent and the Grenadines,RES,OT,INF/LN/CDN+ERN/H:1/RES,TOTAL,3148.0,233244013.0,58311004.0,7910.0,777480.0,291555017.0,80983.0,3148.0,247.0,300.0,,,
VCT,Saint Vincent and the Grenadines,IND,MR|MCF,MCF/LWAL/CDL+ERL/H:1/IND,TOTAL,84.0,775121.0,258373.0,0.0,1092.0,1033496.0,516.0,0.0,13.0,710.0,,,
VCT,Saint Vincent and the Grenadines,IND,MR|MCF,MCF/LWAL/CDM+ERM/H:1/IND,TOTAL,43.0,25409086.0,8469696.0,0.0,35787.0,33878782.0,16929.0,0.0,832.0,710.0,,,
VCT,Saint Vincent and the Grenadines,RES,MR|MCF,MR/LWAL/CDL+ERL/H:1/RES,TOTAL,14617.0,2708066781.0,477894138.0,47092.0,4166257.0,3185960919.0,1899952.0,14617.0,285.0,650.0,,,
VCT,Saint Vincent and the Grenadines,COM,S,S+SL/LFM/CDL+ERL/H:1/COM,TOTAL,704.0,50702402.0,12675601.0,0.0,50702.0,63378003.0,17637.0,0.0,72.0,1000.0,,,
VCT,Saint Vincent and the Grenadines,IND,S,S+SL/LFM/CDL+ERL/H:1/IND,TOTAL,86.0,1299554.0,556951.0,0.0,1830.0,1856506.0,580.0,0.0,21.0,710.0,,,
VCT,Saint Vincent and the Grenadines,COM,S,S+SR/LFINF/CDM+ERM/H:1/COM,TOTAL,35.0,11481770.0,2870442.0,0.0,11482.0,14352213.0,3994.0,0.0,328.0,1000.0,,,
VCT,Saint Vincent and the Grenadines,IND,S,S+SR/LFINF/CDM+ERM/H:1/IND,TOTAL,23.0,11499582.0,4928392.0,0.0,16197.0,16427975.0,5133.0,0.0,704.0,710.0,,,
VCT,Saint Vincent and the Grenadines,COM,S,S+SR/LFM/CDM+ERM/H:1/COM,TOTAL,52.0,17115744.0,4278935.0,0.0,17116.0,21394679.0,5954.0,0.0,329.0,1000.0,,,
VCT,Saint Vincent and the Grenadines,IND,S,S+SR/LFM/CDM+ERM/H:1/IND,TOTAL,21.0,58609035.0,25118157.0,0.0,82548.0,83727193.0,26160.0,0.0,3931.0,710.0,,,
VCT,Saint Vincent and the Grenadines,RES,W,W+WLI/LWAL/CDL+ERL/H:1/RES,TOTAL,181.0,32150441.0,8037609.0,457.0,44653.0,40188052.0,4499.0,181.0,247.0,720.0,,,
VCT,Saint Vincent and the Grenadines,RES,W,W+WLI/LWAL/CDM+ERM/H:1/RES,TOTAL,7748.0,1377875593.0,344468897.0,19532.0,1913716.0,1722344491.0,192798.0,7748.0,247.0,720.0,,,
VCT,Saint Vincent and the Grenadines,COM,W,W+WLI/LWAL/CDM+ERM/H:2/COM,TOTAL,507.0,296938750.0,98979583.0,0.0,390709.0,395918332.0,67368.0,0.0,771.0,760.0,,,
TTO,Trinidad and Tobago,COM,CR+,CR/LDUAL/CDH+ERH/H:7/COM,TOTAL,14.0,341291323.0,60227882.0,0.0,359254.0,401519204.0,184894.0,0.0,25661.0,950.0,,,
TTO,Trinidad and Tobago,RES,CR-,CR/LFINF/CDL+ERL/H:2/RES,TOTAL,13730.0,1214411381.0,214307891.0,52940.0,1556938.0,1428719271.0,567826.0,16477.0,113.0,780.0,,,
TTO,Trinidad and Tobago,RES,CR-,CR/LFINF/CDL+ERL/H:3/RES,TOTAL,2216.0,218613142.0,38578790.0,13901.0,280273.0,257191930.0,102293.0,4447.0,126.0,780.0,,,
TTO,Trinidad and Tobago,RES,CR-,CR/LFINF/CDL+ERL/H:4/RES,TOTAL,443.0,217959773.0,38463489.0,13876.0,279436.0,256423260.0,102062.0,4435.0,631.0,780.0,,,
TTO,Trinidad and Tobago,RES,CR-,CR/LFINF/CDL+ERL/H:5/RES,TOTAL,356.0,218024277.0,38474872.0,13883.0,279518.0,256499150.0,102167.0,4438.0,785.0,780.0,,,
TTO,Trinidad and Tobago,COM,CR-,CR/LFM/CDL+ERL/H:1/COM,TOTAL,1283.0,131637621.0,23230169.0,0.0,138566.0,154867789.0,67912.0,0.0,108.0,950.0,,,
TTO,Trinidad and Tobago,IND,CR-,CR/LFM/CDL+ERL/H:1/IND,TOTAL,8699.0,338218071.0,112739357.0,0.0,469747.0,450957427.0,222208.0,0.0,54.0,720.0,,,
TTO,Trinidad and Tobago,RES,CR-,CR/LFM/CDL+ERL/H:1/RES,TOTAL,24244.0,1191371637.0,210242055.0,79239.0,1527400.0,1401613694.0,556644.0,24244.0,63.0,780.0,,,
TTO,Trinidad and Tobago,COM,CR-,CR/LFM/CDL+ERL/H:2/COM,TOTAL,244.0,100057760.0,17657252.0,0.0,105324.0,117715012.0,51663.0,0.0,432.0,950.0,,,
TTO,Trinidad and Tobago,RES,CR-,CR/LFM/CDL+ERL/H:2/RES,TOTAL,12822.0,1134031464.0,200123198.0,50130.0,1453886.0,1334154662.0,530243.0,15385.0,113.0,780.0,,,
TTO,Trinidad and Tobago,RES,OT,INF/LN/CDN+ERN/H:1/RES,TOTAL,1626.0,31150103.0,7787526.0,5409.0,81974.0,38937628.0,8538.0,1626.0,50.0,380.0,,,
TTO,Trinidad and Tobago,COM,MR|MCF,MCF/LWAL/CDL+ERL/H:1/COM,TOTAL,2834.0,314946353.0,55578767.0,0.0,331522.0,370525122.0,162482.0,0.0,117.0,950.0,,,
TTO,Trinidad and Tobago,IND,MR|MCF,MCF/LWAL/CDL+ERL/H:1/IND,TOTAL,5328.0,1772396974.0,590798992.0,0.0,2461662.0,2363195963.0,1164456.0,0.0,462.0,720.0,,,
TTO,Trinidad and Tobago,RES,MR|MCF,MCF/LWAL/CDL+ERL/H:1/RES,TOTAL,25924.0,2717630204.0,479581799.0,84874.0,3484141.0,3197212005.0,1269757.0,25924.0,134.0,780.0,,,
TTO,Trinidad and Tobago,COM,MR|MCF,MCF/LWAL/CDL+ERL/H:2/COM,TOTAL,968.0,430202802.0,75918142.0,0.0,452845.0,506120942.0,222127.0,0.0,468.0,950.0,,,
TTO,Trinidad and Tobago,RES,MR|MCF,MCF/LWAL/CDL+ERL/H:2/RES,TOTAL,31556.0,5954714327.0,1050831938.0,122318.0,7634249.0,7005546271.0,2784264.0,37872.0,242.0,780.0,,,
TTO,Trinidad and Tobago,COM,MR|MCF,MCF/LWAL/CDL+ERL/H:3/COM,TOTAL,515.0,515350160.0,90944145.0,0.0,542474.0,606294308.0,266311.0,0.0,1053.0,950.0,,,
TTO,Trinidad and Tobago,RES,MR|MCF,MCF/LWAL/CDL+ERL/H:3/RES,TOTAL,3589.0,756065818.0,133423380.0,22499.0,969315.0,889489200.0,353776.0,7212.0,270.0,780.0,,,
TTO,Trinidad and Tobago,RES,MR|MCF,MR/LWAL/CDL+ERL/H:1/RES,TOTAL,25924.0,2717630204.0,479581799.0,84874.0,3484141.0,3197212005.0,1588885.0,25924.0,134.0,780.0,,,
TTO,Trinidad and Tobago,RES,MR|MCF,MR/LWAL/CDL+ERL/H:2/RES,TOTAL,31556.0,5954714327.0,1050831938.0,122318.0,7634249.0,7005546271.0,3483466.0,37872.0,242.0,780.0,,,
TTO,Trinidad and Tobago,RES,MR|MCF,MR/LWAL/CDL+ERL/H:3/RES,TOTAL,3589.0,756065818.0,133423380.0,22499.0,969315.0,889489200.0,442546.0,7212.0,270.0,780.0,,,
TTO,Trinidad and Tobago,RES,ADO|ST|E,MUR+ADO/LWAL/CDN+ERN/H:1/RES,TOTAL,1948.0,62593148.0,11045850.0,6350.0,139096.0,73638997.0,63432.0,1948.0,71.0,450.0,,,
TTO,Trinidad and Tobago,RES,MUR,MUR/LWAL/CDN+ERN/H:1/RES,TOTAL,61991.0,2832718854.0,708179711.0,203340.0,4426123.0,3540898567.0,2018460.0,61991.0,71.0,640.0,,,
TTO,Trinidad and Tobago,RES,MUR,MUR/LWAL/CDN+ERN/H:2/RES,TOTAL,58745.0,4026514800.0,1006628699.0,230375.0,6291429.0,5033143500.0,2870745.0,70491.0,107.0,640.0,,,
TTO,Trinidad and Tobago,COM,S,S+SL/LFM/CDL+ERL/H:1/COM,TOTAL,913.0,85884661.0,21471164.0,0.0,90405.0,107355827.0,31448.0,0.0,99.0,950.0,,,
TTO,Trinidad and Tobago,IND,S,S+SL/LFM/CDL+ERL/H:1/IND,TOTAL,6312.0,272682535.0,116863943.0,0.0,378726.0,389546479.0,120021.0,0.0,60.0,720.0,,,
TTO,Trinidad and Tobago,IND,S,S+SR/LFBR/CDH+ERH/H:1/IND,TOTAL,243.0,511640654.0,219274567.0,0.0,710612.0,730915222.0,236465.0,0.0,2924.0,720.0,,,
TTO,Trinidad and Tobago,COM,S,S+SR/LFBR/CDH+ERH/H:7/COM,TOTAL,19.0,435279897.0,108819974.0,0.0,458189.0,544099871.0,173454.0,0.0,24115.0,950.0,,,
TTO,Trinidad and Tobago,COM,S,S+SR/LFINF/CDM+ERM/H:1/COM,TOTAL,62.0,28987131.0,7246782.0,0.0,30513.0,36233913.0,10614.0,0.0,492.0,950.0,,,
TTO,Trinidad and Tobago,IND,S,S+SR/LFINF/CDM+ERM/H:1/IND,TOTAL,541.0,1138393036.0,487882729.0,0.0,1581101.0,1626275762.0,501064.0,0.0,2923.0,720.0,,,
TTO,Trinidad and Tobago,IND,S,S+SR/LFM/CDM+ERM/H:1/IND,TOTAL,243.0,511640654.0,219274567.0,0.0,710612.0,730915222.0,225199.0,0.0,2924.0,720.0,,,
TTO,Trinidad and Tobago,RES,W,W+WLI/LWAL/CDL+ERL/H:1/RES,TOTAL,28115.0,793519278.0,198379820.0,91956.0,1416999.0,991899096.0,142756.0,28115.0,50.0,560.0,,,
TTO,Trinidad and Tobago,COM,W,W+WLI/LWAL/CDL+ERL/H:2/COM,TOTAL,492.0,170283845.0,56761282.0,0.0,230113.0,227045127.0,39677.0,0.0,468.0,740.0,,,
TTO,Trinidad and Tobago,RES,W,W+WLI/LWAL/CDL+ERL/H:2/IRI(SOS)/RES,TOTAL,20466.0,866384810.0,216596204.0,79589.0,1547116.0,1082981013.0,155973.0,24558.0,76.0,560.0,,,
TTO,Trinidad and Tobago,RES,W,W+WLI/LWAL/CDL+ERL/H:2/RES,TOTAL,24762.0,1048285832.0,262071459.0,96404.0,1871939.0,1310357293.0,188720.0,29710.0,76.0,560.0,,,
TTO,Trinidad and Tobago,RES,W,W+WS/LPB/CDN+ERM/H:1/RES,TOTAL,34956.0,986593890.0,246648473.0,114380.0,1761775.0,1233242364.0,183507.0,34956.0,50.0,560.0,,,
TCA,Turks and Caicos Islands,COM,CR+,CR+PCPS/LFM/CDM+ERM/H:1/COM,TOTAL,183.0,57968580.0,10229750.0,0.0,32937.0,68198328.0,16143.0,0.0,180.0,1760.0,,,
TCA,Turks and Caicos Islands,IND,CR+,CR+PCPS/LFM/CDM+ERM/H:1/IND,TOTAL,58.0,274177913.0,91392637.0,0.0,221111.0,365570549.0,104594.0,0.0,3812.0,1240.0,,,
TCA,Turks and Caicos Islands,COM,CR-,CR/LFINF/CDL+ERL/H:1/COM,TOTAL,2484.0,786905299.0,138865641.0,0.0,447105.0,925770941.0,219130.0,0.0,180.0,1760.0,,,
TCA,Turks and Caicos Islands,RES,CR-,CR/LFINF/CDL+ERL/H:2/RES,TOTAL,13638.0,8733739652.0,1541248176.0,11082.0,5982013.0,10274987828.0,2181682.0,16369.0,439.0,1460.0,,,
TCA,Turks and Caicos Islands,COM,CR+,CR/LFINF/CDM+ERM/H:2/COM,TOTAL,183.0,996220579.0,175803632.0,0.0,566034.0,1172024212.0,277648.0,0.0,3093.0,1760.0,,,
TCA,Turks and Caicos Islands,RES,CR+,CR/LFINF/CDM+ERM/H:3/RES,TOTAL,3229.0,3210799055.0,566611599.0,4383.0,2199177.0,3777410654.0,802645.0,6473.0,681.0,1460.0,,,
TCA,Turks and Caicos Islands,COM,CR+,CR/LFINF/CDM+ERM/H:4/COM,TOTAL,366.0,664455834.0,117256912.0,0.0,377532.0,781712746.0,185491.0,0.0,1032.0,1760.0,,,
TCA,Turks and Caicos Islands,IND,CR-,CR/LFM/CDL+ERL/H:1/IND,TOTAL,1055.0,19186144.0,6395382.0,0.0,15473.0,25581525.0,7319.0,0.0,15.0,1240.0,,,
TCA,Turks and Caicos Islands,RES,OT,INF/LN/CDN+ERN/H:1/RES,TOTAL,2269.0,466063118.0,116515781.0,1536.0,613241.0,582578898.0,63875.0,2269.0,270.0,760.0,,,
TCA,Turks and Caicos Islands,IND,MR|MCF,MCF/LWAL/CDL+ERL/H:1/IND,TOTAL,538.0,6722069.0,2240689.0,0.0,5421.0,8962759.0,2564.0,0.0,10.0,1240.0,,,
TCA,Turks and Caicos Islands,IND,MR|MCF,MCF/LWAL/CDM+ERM/H:1/IND,TOTAL,274.0,378238898.0,126079632.0,0.0,305031.0,504318532.0,144291.0,0.0,1113.0,1240.0,,,
TCA,Turks and Caicos Islands,RES,MR|MCF,MR/LWAL/CDL+ERL/H:1/RES,TOTAL,38362.0,17645578161.0,3113925559.0,25972.0,12086012.0,20759503718.0,5511624.0,38362.0,315.0,1460.0,,,
TCA,Turks and Caicos Islands,COM,S,S+SL/LFM/CDL+ERL/H:1/COM,TOTAL,2769.0,321642167.0,80410543.0,0.0,182751.0,402052708.0,63571.0,0.0,66.0,1760.0,,,
TCA,Turks and Caicos Islands,IND,S,S+SL/LFM/CDL+ERL/H:1/IND,TOTAL,538.0,10863896.0,4655956.0,0.0,8761.0,15519853.0,2777.0,0.0,16.0,1240.0,,,
TCA,Turks and Caicos Islands,COM,S,S+SR/LFINF/CDM+ERM/H:1/COM,TOTAL,190.0,55124305.0,13781075.0,0.0,31321.0,68905380.0,10895.0,0.0,165.0,1760.0,,,
TCA,Turks and Caicos Islands,IND,S,S+SR/LFINF/CDM+ERM/H:1/IND,TOTAL,132.0,106236953.0,45530123.0,0.0,85675.0,151767075.0,27151.0,0.0,649.0,1240.0,,,
TCA,Turks and Caicos Islands,COM,S,S+SR/LFM/CDM+ERM/H:1/COM,TOTAL,271.0,78828651.0,19707162.0,0.0,44789.0,98535815.0,15580.0,0.0,165.0,1760.0,,,
TCA,Turks and Caicos Islands,IND,S,S+SR/LFM/CDM+ERM/H:1/IND,TOTAL,132.0,695598280.0,298113549.0,0.0,560966.0,993711829.0,177775.0,0.0,4250.0,1240.0,,,
TCA,Turks and Caicos Islands,RES,W,W+WLI/LWAL/CDL+ERL/H:1/RES,TOTAL,129.0,50149754.0,12537439.0,87.0,34826.0,62687193.0,3509.0,129.0,270.0,1440.0,,,
TCA,Turks and Caicos Islands,RES,W,W+WLI/LWAL/CDM+ERM/H:1/RES,TOTAL,5605.0,2178989367.0,544747342.0,3795.0,1513187.0,2723736709.0,152447.0,5605.0,270.0,1440.0,,,
TCA,Turks and Caicos Islands,COM,W,W+WLI/LWAL/CDM+ERM/H:2/COM,TOTAL,521.0,300977348.0,100325782.0,0.0,203363.0,401303132.0,35065.0,0.0,390.0,1480.0,,,
VIR,U.S. Virgin Islands,RES,CR+,CR/LFM/CDM+ERM/H:1-3/RES:3,TOTAL,26.0,34873292.0,17436580.0,114.0,19503.0,52309872.0,7113.0,0.0,750.0,1788.0,C1L/MC/RES4,30130525.0,4742768.0
VIR,U.S. Virgin Islands,RES,CR+,CR/LWAL/CDM+ERM/H:1-3/RES:3,TOTAL,12.0,16316246.0,8158071.0,53.0,9125.0,24474317.0,3869.0,0.0,760.0,1788.0,C2L/MC/RES4,14097236.0,2219010.0
VIR,U.S. Virgin Islands,RES,OT,MOB/LO/CDH+ERH/H:1/RES,TOTAL,78.0,3313099.0,1654914.0,43.0,4745.0,4968013.0,494.0,29.0,61.0,698.0,MH/HC/RES2,2504703.0,808396.0
VIR,U.S. Virgin Islands,RES,OT,MOB/LO/CDM+ERM/H:1/RES,TOTAL,253.0,14228305.0,7110139.0,200.0,20369.0,21338443.0,2122.0,122.0,81.0,699.0,MH/MC/RES2,10756598.0,3471706.0
VIR,U.S. Virgin Islands,RES,OT,MOB/LO/CDM+ERM/H:1/RES:3,TOTAL,11.0,11225161.0,5612513.0,33.0,6278.0,16837675.0,654.0,0.0,571.0,1788.0,MH/MC/RES4,9698540.0,1526622.0
VIR,U.S. Virgin Islands,RES,OT,MOB/LO/CDN+ERL/H:1/RES,TOTAL,63.0,2991756.0,1493987.0,37.0,4285.0,4485743.0,446.0,28.0,68.0,698.0,MH/PC/RES2,2261767.0,729988.0
VIR,U.S. Virgin Islands,COM,MR|MCF,MR/LWAL/CDH+ERH/H:1-3/FC:3/COM:1,TOTAL,13.0,17986267.0,17986267.0,3.0,13477.0,35972534.0,7946.0,0.0,1037.0,1335.0,RM2L/HC/COM1,12698304.0,5287963.0
VIR,U.S. Virgin Islands,COM,MR|MCF,MR/LWAL/CDH+ERH/H:1-3/FC:3/COM:3,TOTAL,12.0,13250821.0,13250821.0,3.0,6489.0,26501641.0,3826.0,0.0,541.0,2042.0,RM2L/HC/COM4,10706663.0,2544158.0
VIR,U.S. Virgin Islands,COM,MR|MCF,MR/LWAL/CDH+ERH/H:1-3/FC:3/COM:5,TOTAL,22.0,20762076.0,20762076.0,5.0,8010.0,41524151.0,4723.0,0.0,364.0,2592.0,RM2L/HC/COM8,18685868.0,2076208.0
VIR,U.S. Virgin Islands,RES,MR|MCF,MR/LWAL/CDH+ERH/H:1-3/FC:3/RES:3,TOTAL,25.0,36076569.0,18038173.0,103.0,20176.0,54114742.0,8837.0,0.0,807.0,1788.0,RM2L/HC/RES4,31170158.0,4906414.0
VIR,U.S. Virgin Islands,COM,MR|MCF,MR/LWAL/CDH+ERH/H:1-3/FW:4/COM:1,TOTAL,16.0,30426533.0,30426533.0,5.0,22798.0,60853065.0,12176.0,0.0,1425.0,1335.0,RM1L/HC/COM1,21481131.0,8945401.0
VIR,U.S. Virgin Islands,COM,MR|MCF,MR/LWAL/CDH+ERH/H:1-3/FW:4/COM:5,TOTAL,14.0,13572900.0,13572900.0,5.0,5237.0,27145800.0,2797.0,0.0,374.0,2592.0,RM1L/HC/COM8,12215610.0,1357290.0
VIR,U.S. Virgin Islands,IND,MR|MCF,MR/LWAL/CDH+ERH/H:1-3/FW:4/IND:1,TOTAL,11.0,15089040.0,22634333.0,10.0,9288.0,37723373.0,4612.0,0.0,844.0,1625.0,RM1L/HC/IND1,12720061.0,2368979.0
VIR,U.S. Virgin Islands,RES,MR|MCF,MR/LWAL/CDH+ERH/H:1-3/FW:4/RES:1,TOTAL,3588.0,1132687578.0,566342958.0,4999.0,719061.0,1699030536.0,276329.0,4152.0,200.0,1575.0,RM1L/HC/RES1,867638648.0,265048892.0
VIR,U.S. Virgin Islands,RES,MR|MCF,MR/LWAL/CDH+ERH/H:1-3/FW:4/RES:3,TOTAL,29.0,43523238.0,21761557.0,123.0,24341.0,65284796.0,9354.0,0.0,839.0,1788.0,RM1L/HC/RES4,37604079.0,5919161.0
VIR,U.S. Virgin Islands,COM,MR|MCF,MR/LWAL/CDM+ERM/H:1-3/FC:3/COM:1,TOTAL,85.0,161213218.0,161213218.0,24.0,120795.0,322426435.0,71221.0,0.0,1421.0,1335.0,RM2L/MC/COM1,113816527.0,47396686.0
VIR,U.S. Virgin Islands,COM,MR|MCF,MR/LWAL/CDM+ERM/H:1-3/FC:3/COM:2,TOTAL,26.0,45092740.0,45092740.0,5.0,33325.0,90185479.0,19648.0,0.0,1282.0,1353.0,RM2L/MC/COM2,30482692.0,14610048.0
VIR,U.S. Virgin Islands,COM,MR|MCF,MR/LWAL/CDM+ERM/H:1-3/FC:3/COM:3,TOTAL,76.0,112471633.0,112471633.0,12.0,55079.0,224943265.0,32475.0,0.0,725.0,2042.0,RM2L/MC/COM4,90877083.0,21594554.0
VIR,U.S. Virgin Islands,COM,MR|MCF,MR/LWAL/CDM+ERM/H:1-3/FC:3/COM:3B,TOTAL,47.0,25220230.0,25220230.0,4.0,15531.0,50440461.0,9157.0,0.0,330.0,1624.0,RM2L/MC/COM3,21134553.0,4085677.0
VIR,U.S. Virgin Islands,COM,MR|MCF,MR/LWAL/CDM+ERM/H:1-3/FC:3/COM:5,TOTAL,78.0,87231206.0,87231206.0,14.0,33656.0,174462411.0,19843.0,0.0,431.0,2592.0,RM2L/MC/COM8,78508084.0,8723121.0
VIR,U.S. Virgin Islands,IND,MR|MCF,MR/LWAL/CDM+ERM/H:1-3/FC:3/IND:1,TOTAL,158.0,235057473.0,352587804.0,12.0,144679.0,587645278.0,79875.0,0.0,916.0,1625.0,RM2L/MC/IND1,198153447.0,36904024.0
VIR,U.S. Virgin Islands,IND,MR|MCF,MR/LWAL/CDM+ERM/H:1-3/FC:3/IND:2,TOTAL,35.0,18886202.0,28328891.0,5.0,13958.0,47215093.0,7706.0,0.0,399.0,1353.0,RM2L/MC/IND2,15921068.0,2965134.0
VIR,U.S. Virgin Islands,IND,MR|MCF,MR/LWAL/CDM+ERM/H:1-3/FC:3/IND:3,TOTAL,20.0,33268863.0,49903735.0,2.0,14454.0,83172598.0,7980.0,0.0,723.0,2302.0,RM2L/MC/IND3,28045651.0,5223212.0
VIR,U.S. Virgin Islands,IND,MR|MCF,MR/LWAL/CDM+ERM/H:1-3/FC:3/IND:6,TOTAL,16.0,5305559.0,5305559.0,2.0,3921.0,10611118.0,2165.0,0.0,245.0,1353.0,RM2L/MC/IND6,4472586.0,832973.0
VIR,U.S. Virgin Islands,RES,MR|MCF,MR/LWAL/CDM+ERM/H:1-3/FC:3/RES:3,TOTAL,188.0,215231098.0,107615021.0,714.0,120370.0,322846119.0,52718.0,0.0,640.0,1788.0,RM2L/MC/RES4,185959674.0,29271431.0
VIR,U.S. Virgin Islands,COM,MR|MCF,MR/LWAL/CDM+ERM/H:1-3/FW:4/COM:1,TOTAL,93.0,177986650.0,177986650.0,25.0,133363.0,355973300.0,71224.0,0.0,1434.0,1335.0,RM1L/MC/COM1,125658568.0,52328076.0
VIR,U.S. Virgin Islands,COM,MR|MCF,MR/LWAL/CDM+ERM/H:1-3/FW:4/COM:2,TOTAL,39.0,52164087.0,52164087.0,9.0,38551.0,104328174.0,20589.0,0.0,988.0,1353.0,RM1L/MC/COM2,35262924.0,16901164.0
VIR,U.S. Virgin Islands,COM,MR|MCF,MR/LWAL/CDM+ERM/H:1-3/FW:4/COM:3,TOTAL,93.0,140787958.0,140787958.0,12.0,68946.0,281575917.0,36822.0,0.0,741.0,2042.0,RM1L/MC/COM4,113756673.0,27031288.0
VIR,U.S. Virgin Islands,COM,MR|MCF,MR/LWAL/CDM+ERM/H:1-3/FW:4/COM:3B,TOTAL,57.0,29758273.0,29758273.0,5.0,18325.0,59516546.0,9787.0,0.0,321.0,1624.0,RM1L/MC/COM3,24937433.0,4820840.0
VIR,U.S. Virgin Islands,COM,MR|MCF,MR/LWAL/CDM+ERM/H:1-3/FW:4/COM:5,TOTAL,97.0,104335863.0,104335863.0,20.0,40255.0,208671725.0,21499.0,0.0,415.0,2592.0,RM1L/MC/COM8,93902275.0,10433586.0
VIR,U.S. Virgin Islands,IND,MR|MCF,MR/LWAL/CDM+ERM/H:1-3/FW:4/IND:1,TOTAL,150.0,220962908.0,331446332.0,21.0,136005.0,552409240.0,67525.0,0.0,907.0,1625.0,RM1L/MC/IND1,186271725.0,34691178.0
VIR,U.S. Virgin Islands,IND,MR|MCF,MR/LWAL/CDM+ERM/H:1-3/FW:4/IND:2,TOTAL,31.0,14294676.0,21441750.0,5.0,10564.0,35736426.0,5245.0,0.0,341.0,1353.0,RM1L/MC/IND2,12050412.0,2244264.0
VIR,U.S. Virgin Islands,IND,MR|MCF,MR/LWAL/CDM+ERM/H:1-3/FW:4/IND:3,TOTAL,31.0,42148528.0,63222556.0,1.0,18312.0,105371083.0,9091.0,0.0,591.0,2302.0,RM1L/MC/IND3,35531208.0,6617319.0
VIR,U.S. Virgin Islands,IND,MR|MCF,MR/LWAL/CDM+ERM/H:1-3/FW:4/IND:6,TOTAL,18.0,8743154.0,8743154.0,4.0,6462.0,17486309.0,3208.0,0.0,359.0,1353.0,RM1L/MC/IND6,7370479.0,1372675.0
VIR,U.S. Virgin Islands,RES,MR|MCF,MR/LWAL/CDM+ERM/H:1-3/FW:4/RES:1,TOTAL,10923.0,3389865951.0,1694930284.0,16204.0,2190171.0,5084796235.0,841663.0,12656.0,201.0,1548.0,RM1L/MC/RES1,2596637217.0,793228627.0
VIR,U.S. Virgin Islands,RES,MR|MCF,MR/LWAL/CDM+ERM/H:1-3/FW:4/RES:3,TOTAL,220.0,251929716.0,125964287.0,842.0,140894.0,377894002.0,54144.0,0.0,640.0,1788.0,RM1L/MC/RES4,217667281.0,34262443.0
VIR,U.S. Virgin Islands,COM,MUR,MUR/LWAL/CDN+ERL/H:1-2/COM:1,TOTAL,543.0,676650627.0,676650627.0,69.0,507003.0,1353301254.0,307292.0,0.0,934.0,1335.0,URML/PC/COM1,477715319.0,198935286.0
VIR,U.S. Virgin Islands,COM,MUR,MUR/LWAL/CDN+ERL/H:1-2/COM:2,TOTAL,48.0,54502488.0,54502488.0,6.0,40279.0,109004975.0,24413.0,0.0,839.0,1353.0,URML/PC/COM2,36843682.0,17658806.0
VIR,U.S. Virgin Islands,COM,MUR,MUR/LWAL/CDN+ERL/H:1-2/COM:3,TOTAL,177.0,335188948.0,335188948.0,19.0,164146.0,670377895.0,99488.0,0.0,927.0,2042.0,URML/PC/COM4,270832674.0,64356278.0
VIR,U.S. Virgin Islands,COM,MUR,MUR/LWAL/CDN+ERL/H:1-2/COM:3A,TOTAL,10.0,34903020.0,34903020.0,2.0,11499.0,69806039.0,6970.0,0.0,1150.0,3035.0,URML/PC/COM5,30086402.0,4816617.0
VIR,U.S. Virgin Islands,COM,MUR,MUR/LWAL/CDN+ERL/H:1-2/COM:3B,TOTAL,101.0,66573879.0,66573879.0,5.0,40996.0,133147758.0,24847.0,0.0,406.0,1624.0,URML/PC/COM3,55788911.0,10784968.0
VIR,U.S. Virgin Islands,COM,MUR,MUR/LWAL/CDN+ERL/H:1-2/COM:5,TOTAL,146.0,178010429.0,178010429.0,13.0,68680.0,356020859.0,41627.0,0.0,470.0,2592.0,URML/PC/COM8,160209380.0,17801043.0
VIR,U.S. Virgin Islands,IND,MUR,MUR/LWAL/CDN+ERL/H:1-2/IND:1,TOTAL,70.0,94391154.0,141589659.0,22.0,58100.0,235980813.0,33071.0,0.0,830.0,1625.0,URML/PC/IND1,79571742.0,14819412.0
VIR,U.S. Virgin Islands,IND,MUR,MUR/LWAL/CDN+ERL/H:1-2/IND:2,TOTAL,40.0,23679109.0,35518928.0,28.0,17501.0,59198037.0,9962.0,0.0,438.0,1353.0,URML/PC/IND2,19961489.0,3717620.0
VIR,U.S. Virgin Islands,IND,MUR,MUR/LWAL/CDN+ERL/H:1-2/IND:3,TOTAL,21.0,33771143.0,50656575.0,4.0,14672.0,84427718.0,8352.0,0.0,699.0,2302.0,URML/PC/IND3,28469073.0,5302070.0
VIR,U.S. Virgin Islands,IND,MUR,MUR/LWAL/CDN+ERL/H:1-2/IND:6,TOTAL,18.0,7511000.0,7511000.0,17.0,5552.0,15022000.0,3160.0,0.0,308.0,1353.0,URML/PC/IND6,6331773.0,1179227.0
VIR,U.S. Virgin Islands,RES,MUR,MUR/LWAL/CDN+ERL/H:1-2/RES:1,TOTAL,9537.0,2729658399.0,1364826416.0,14822.0,1824004.0,4094484815.0,832283.0,11287.0,191.0,1497.0,URML/PC/RES1,2090918262.0,638740053.0
VIR,U.S. Virgin Islands,RES,MUR,MUR/LWAL/CDN+ERL/H:1-2/RES:3,TOTAL,132.0,169352671.0,84675556.0,877.0,94713.0,254028227.0,43217.0,0.0,718.0,1788.0,URML/PC/RES4,146320713.0,23031965.0
VIR,U.S. Virgin Islands,IND,S,S/LDUAL/CDM+ERM/H:1-3/IND:1,TOTAL,19.0,27916618.0,41875253.0,1.0,17183.0,69791871.0,5799.0,0.0,904.0,1625.0,S4L/MC/IND1,23533709.0,4382909.0
VIR,U.S. Virgin Islands,RES,S,S/LFBR/CDH+ERH/H:1-3/RES:2,TOTAL,1.0,19318640.0,9659320.0,67.0,11117.0,28977960.0,3818.0,56.0,11117.0,1738.0,S2L/HC/RES3F,16652668.0,2665972.0
VIR,U.S. Virgin Islands,RES,S,S/LFBR/CDH+ERH/H:1-3/RES:2,TOTAL,1.0,4880120.0,2440060.0,18.0,2573.0,7320180.0,883.0,24.0,2573.0,1897.0,S2L/HC/RES3E,4206663.0,673457.0
VIR,U.S. Virgin Islands,RES,S,S/LFBR/CDH+ERH/H:1-3/RES:2,TOTAL,2.0,4251388.0,2125677.0,14.0,2090.0,6377065.0,718.0,11.0,1045.0,2034.0,S2L/HC/RES3D,3664697.0,586692.0
VIR,U.S. Virgin Islands,RES,S,S/LFBR/CDH+ERH/H:1-3/RES:2,TOTAL,35.0,78440628.0,39219854.0,279.0,35872.0,117660482.0,12319.0,205.0,1025.0,2187.0,S2L/HC/RES3C,67615822.0,10824806.0
VIR,U.S. Virgin Islands,RES,S,S/LFBR/CDH+ERH/H:1-3/RES:2,TOTAL,230.0,102750035.0,51373826.0,725.0,99376.0,154123861.0,34126.0,625.0,432.0,1034.0,S2L/HC/RES3B,88570527.0,14179504.0
VIR,U.S. Virgin Islands,RES,S,S/LFBR/CDH+ERH/H:1-3/RES:2,TOTAL,745.0,270242380.0,135119805.0,1574.0,229764.0,405362186.0,78902.0,1375.0,308.0,1176.0,S2L/HC/RES3A,232948928.0,37293447.0
VIR,U.S. Virgin Islands,COM,S,S/LFBR/CDM+ERM/H:1-3/COM:1,TOTAL,10.0,16205151.0,16205151.0,3.0,12142.0,32410302.0,4585.0,0.0,1214.0,1335.0,S2L/MC/COM1,11440836.0,4764314.0
VIR,U.S. Virgin Islands,IND,S,S/LFBR/CDM+ERM/H:1-3/IND:1,TOTAL,16.0,21705119.0,32558366.0,2.0,13360.0,54263484.0,4449.0,0.0,835.0,1625.0,S2L/MC/IND1,18297416.0,3407704.0
VIR,U.S. Virgin Islands,RES,S,S/LFBR/CDM+ERM/H:1-3/RES:2,TOTAL,19.0,67026005.0,33510730.0,305.0,35333.0,100536736.0,12134.0,216.0,1860.0,1897.0,S2L/MC/RES3E,57776416.0,9249589.0
VIR,U.S. Virgin Islands,RES,S,S/LFBR/CDM+ERM/H:1-3/RES:2,TOTAL,5.0,67646560.0,33822120.0,286.0,38927.0,101468680.0,13368.0,257.0,7785.0,1738.0,S2L/MC/RES3F,58311334.0,9335225.0
VIR,U.S. Virgin Islands,RES,S,S/LFBR/CDM+ERM/H:1-3/RES:2,TOTAL,123.0,262873171.0,131432092.0,995.0,129257.0,394305263.0,44387.0,857.0,1051.0,2034.0,S2L/MC/RES3D,226596672.0,36276497.0
VIR,U.S. Virgin Islands,RES,S,S/LFBR/CDM+ERM/H:1-3/RES:2,TOTAL,151.0,347788670.0,173891452.0,1004.0,159047.0,521680122.0,54617.0,946.0,1053.0,2187.0,S2L/MC/RES3C,299793833.0,47994836.0
VIR,U.S. Virgin Islands,RES,S,S/LFBR/CDM+ERM/H:1-3/RES:2,TOTAL,547.0,235925202.0,117959575.0,1836.0,228181.0,353884777.0,78358.0,1511.0,417.0,1034.0,S2L/MC/RES3B,203367521.0,32557677.0
VIR,U.S. Virgin Islands,RES,S,S/LFBR/CDM+ERM/H:1-3/RES:2,TOTAL,1687.0,610116527.0,305055201.0,3876.0,518732.0,915171728.0,178135.0,3187.0,307.0,1176.0,S2L/MC/RES3A,525920444.0,84196079.0
VIR,U.S. Virgin Islands,COM,S,S/LFBR/CDN+ERL/H:1-3/COM:1,TOTAL,22.0,32616435.0,32616435.0,3.0,24439.0,65232869.0,9227.0,0.0,1111.0,1335.0,S2L/PC/COM1,23027202.0,9589232.0
VIR,U.S. Virgin Islands,RES,S,S/LFBR/CDN+ERL/H:1-3/RES:2,TOTAL,512.0,206262021.0,103127770.0,1829.0,199490.0,309389790.0,68506.0,1484.0,390.0,1034.0,S2L/PC/RES3B,177797858.0,28464158.0
VIR,U.S. Virgin Islands,RES,S,S/LFBR/CDN+ERL/H:1-3/RES:2,TOTAL,1481.0,502137067.0,251064788.0,3577.0,426927.0,753201855.0,146609.0,2858.0,288.0,1176.0,S2L/PC/RES3A,432842150.0,69294914.0
VIR,U.S. Virgin Islands,RES,S,S/LFBR/CDN+ERL/H:1-3/RES:2,TOTAL,18.0,62309980.0,31153540.0,275.0,32846.0,93463520.0,11279.0,226.0,1825.0,1897.0,S2L/PC/RES3E,53711203.0,8598777.0
VIR,U.S. Virgin Islands,RES,S,S/LFBR/CDN+ERL/H:1-3/RES:2,TOTAL,217.0,372231412.0,186112873.0,1797.0,183027.0,558344285.0,62852.0,1442.0,843.0,2034.0,S2L/PC/RES3D,320863476.0,51367934.0
VIR,U.S. Virgin Islands,RES,S,S/LFBR/CDN+ERL/H:1-3/RES:2,TOTAL,165.0,221920549.0,110956676.0,852.0,101487.0,332877225.0,34851.0,725.0,615.0,2187.0,S2L/PC/RES3C,191295508.0,30625035.0
VIR,U.S. Virgin Islands,COM,S,S/LFINF/CDN+ERL/H:1-3/COM:1,TOTAL,23.0,29380986.0,29380986.0,4.0,22015.0,58761973.0,7662.0,0.0,957.0,1335.0,S5L/PC/COM1,20742975.0,8638010.0
VIR,U.S. Virgin Islands,IND,S,S/LFM/CDM+ERM/H:1-3/IND:1,TOTAL,17.0,27204431.0,40806675.0,1.0,16744.0,68011106.0,5310.0,0.0,985.0,1625.0,S1L/MC/IND1,22933336.0,4271096.0
VIR,U.S. Virgin Islands,IND,S,S/LFM/CDM+ERM/H:1/IND:1,TOTAL,17.0,24339453.0,36509323.0,5.0,14981.0,60848776.0,4748.0,0.0,881.0,1625.0,S3/MC/IND1,20518159.0,3821294.0
VIR,U.S. Virgin Islands,COM,S,S/LFM/CDN+ERL/H:1-3/COM:1,TOTAL,29.0,40575482.0,40575482.0,4.0,30402.0,81150964.0,10581.0,0.0,1048.0,1335.0,S1L/PC/COM1,28646289.0,11929192.0
VIR,U.S. Virgin Islands,COM,W,W/LFM/CDH+ERH/H:1-2/COM:3,TOTAL,13.0,9793958.0,9793958.0,3.0,4797.0,19587916.0,835.0,0.0,369.0,2042.0,W1/HC/COM4,7913519.0,1880440.0
VIR,U.S. Virgin Islands,COM,W,W/LFM/CDH+ERH/H:1-2/COM:5,TOTAL,18.0,15223692.0,15223692.0,7.0,5874.0,30447384.0,1023.0,0.0,326.0,2592.0,W1/HC/COM8,13701322.0,1522369.0
VIR,U.S. Virgin Islands,RES,W,W/LFM/CDH+ERH/H:1-2/RES:1,TOTAL,961.0,298299683.0,149149621.0,1336.0,190539.0,447449304.0,19861.0,1116.0,198.0,1566.0,W1/HC/RES1,228497547.0,69802125.0
VIR,U.S. Virgin Islands,RES,W,W/LFM/CDH+ERH/H:1-2/RES:2,TOTAL,1.0,2695046.0,1347523.0,7.0,1232.0,4042568.0,128.0,6.0,1232.0,2188.0,W1/HC/RES3C,2323129.0,371916.0
VIR,U.S. Virgin Islands,RES,W,W/LFM/CDH+ERH/H:1-2/RES:2,TOTAL,5.0,2000483.0,1000205.0,12.0,1935.0,3000688.0,202.0,10.0,387.0,1034.0,W1/HC/RES3B,1724416.0,276067.0
VIR,U.S. Virgin Islands,RES,W,W/LFM/CDH+ERH/H:1-2/RES:2,TOTAL,34.0,12102709.0,6051299.0,69.0,10290.0,18154008.0,1073.0,61.0,303.0,1176.0,W1/HC/RES3A,10432535.0,1670174.0
VIR,U.S. Virgin Islands,RES,W,W/LFM/CDH+ERH/H:2/RES:1,TOTAL,101.0,39057833.0,19528903.0,136.0,23130.0,58586735.0,2411.0,130.0,229.0,1689.0,W2/HC/RES1,29918299.0,9139533.0
VIR,U.S. Virgin Islands,RES,W,W/LFM/CDH+ERH/H:2/RES:2,TOTAL,2.0,6476268.0,3238036.0,20.0,3184.0,9714304.0,332.0,26.0,1592.0,2034.0,W2/HC/RES3D,5582543.0,893725.0
VIR,U.S. Virgin Islands,RES,W,W/LFM/CDH+ERH/H:2/RES:2,TOTAL,5.0,10728671.0,5363680.0,39.0,4906.0,16092352.0,511.0,28.0,981.0,2187.0,W2/HC/RES3C,9248115.0,1480557.0
VIR,U.S. Virgin Islands,RES,W,W/LFM/CDH+ERH/H:2/RES:2,TOTAL,6.0,2704184.0,1352078.0,19.0,2615.0,4056262.0,273.0,15.0,436.0,1034.0,W2/HC/RES3B,2331007.0,373177.0
VIR,U.S. Virgin Islands,RES,W,W/LFM/CDH+ERH/H:2/RES:2,TOTAL,13.0,4834642.0,2417291.0,31.0,4110.0,7251934.0,428.0,27.0,316.0,1176.0,W2/HC/RES3A,4167462.0,667181.0
VIR,U.S. Virgin Islands,RES,W,W/LFM/CDH+ERH/H:2/RES:3,TOTAL,12.0,14493208.0,7246601.0,39.0,8105.0,21739809.0,845.0,0.0,675.0,1788.0,W2/HC/RES4,12522132.0,1971076.0
VIR,U.S. Virgin Islands,COM,W,W/LFM/CDM+ERM/H:1-2/COM:1,TOTAL,162.0,210136222.0,210136222.0,28.0,157452.0,420272444.0,27413.0,0.0,972.0,1335.0,W1/MC/COM1,148356165.0,61780049.0
VIR,U.S. Virgin Islands,COM,W,W/LFM/CDM+ERM/H:1-2/COM:2,TOTAL,80.0,77558473.0,77558473.0,19.0,57319.0,155116946.0,9979.0,0.0,716.0,1353.0,W1/MC/COM2,52429529.0,25128945.0
VIR,U.S. Virgin Islands,COM,W,W/LFM/CDM+ERM/H:1-2/COM:3,TOTAL,132.0,179875664.0,179875664.0,16.0,88088.0,359751329.0,15336.0,0.0,667.0,2042.0,W1/MC/COM4,145339541.0,34536128.0
VIR,U.S. Virgin Islands,COM,W,W/LFM/CDM+ERM/H:1-2/COM:3B,TOTAL,125.0,71552983.0,71552983.0,9.0,44062.0,143105967.0,7671.0,0.0,352.0,1624.0,W1/MC/COM3,59961400.0,11591583.0
VIR,U.S. Virgin Islands,COM,W,W/LFM/CDM+ERM/H:1-2/COM:5,TOTAL,189.0,200307565.0,200307565.0,30.0,77283.0,400615130.0,13455.0,0.0,409.0,2592.0,W1/MC/COM8,180276803.0,20030757.0
VIR,U.S. Virgin Islands,RES,W,W/LFM/CDM+ERM/H:1-2/RES:1,TOTAL,5797.0,1718784980.0,859390944.0,8734.0,1129027.0,2578175923.0,117684.0,6737.0,195.0,1522.0,W1/MC/RES1,1316589244.0,402195678.0
VIR,U.S. Virgin Islands,RES,W,W/LFM/CDM+ERM/H:1-2/RES:2,TOTAL,2.0,3883088.0,1941509.0,16.0,1909.0,5824598.0,199.0,15.0,954.0,2034.0,W1/MC/RES3D,3347222.0,535866.0
VIR,U.S. Virgin Islands,RES,W,W/LFM/CDM+ERM/H:1-2/RES:2,TOTAL,166.0,58040064.0,29019670.0,376.0,49347.0,87059734.0,5144.0,317.0,297.0,1176.0,W1/MC/RES3A,50030535.0,8009529.0
VIR,U.S. Virgin Islands,RES,W,W/LFM/CDM+ERM/H:1-2/RES:2,TOTAL,47.0,19613682.0,9806344.0,162.0,18970.0,29420026.0,1977.0,130.0,404.0,1034.0,W1/MC/RES3B,16906994.0,2706688.0
VIR,U.S. Virgin Islands,RES,W,W/LFM/CDM+ERM/H:1-2/RES:2,TOTAL,3.0,3302037.0,1650980.0,13.0,1510.0,4953018.0,157.0,10.0,503.0,2187.0,W1/MC/RES3C,2846356.0,455681.0
VIR,U.S. Virgin Islands,RES,W,W/LFM/CDM+ERM/H:1-2/RES:3,TOTAL,152.0,159231303.0,79615048.0,586.0,89052.0,238846351.0,9282.0,0.0,586.0,1788.0,W1/MC/RES4,137575849.0,21655458.0
VIR,U.S. Virgin Islands,COM,W,W/LFM/CDM+ERM/H:2/COM:1,TOTAL,21.0,70382549.0,70382549.0,8.0,52736.0,140765099.0,9182.0,0.0,2511.0,1335.0,W2/MC/COM1,49690078.0,20692469.0
VIR,U.S. Virgin Islands,COM,W,W/LFM/CDM+ERM/H:2/COM:2,TOTAL,29.0,39243560.0,39243560.0,6.0,29002.0,78487120.0,5049.0,0.0,1000.0,1353.0,W2/MC/COM2,26528646.0,12714914.0
VIR,U.S. Virgin Islands,COM,W,W/LFM/CDM+ERM/H:2/COM:3,TOTAL,21.0,36197207.0,36197207.0,3.0,17726.0,72394415.0,3086.0,0.0,844.0,2042.0,W2/MC/COM4,29247344.0,6949864.0
VIR,U.S. Virgin Islands,COM,W,W/LFM/CDM+ERM/H:2/COM:3B,TOTAL,11.0,6511990.0,6511990.0,1.0,4010.0,13023979.0,698.0,0.0,365.0,1624.0,W2/MC/COM3,5457047.0,1054942.0
VIR,U.S. Virgin Islands,COM,W,W/LFM/CDM+ERM/H:2/COM:5,TOTAL,32.0,37188794.0,37188794.0,6.0,14348.0,74377589.0,2498.0,0.0,448.0,2592.0,W2/MC/COM8,33469913.0,3718879.0
VIR,U.S. Virgin Islands,RES,W,W/LFM/CDM+ERM/H:2/RES:1,TOTAL,215.0,79295439.0,39647682.0,333.0,48520.0,118943121.0,5057.0,280.0,226.0,1634.0,W2/MC/RES1,60740305.0,18555133.0
VIR,U.S. Virgin Islands,RES,W,W/LFM/CDM+ERM/H:2/RES:2,TOTAL,15.0,6368379.0,3184147.0,50.0,6159.0,9552525.0,642.0,41.0,411.0,1034.0,W2/MC/RES3B,5489542.0,878836.0
VIR,U.S. Virgin Islands,RES,W,W/LFM/CDM+ERM/H:2/RES:2,TOTAL,19.0,6923599.0,3461763.0,44.0,5887.0,10385362.0,614.0,38.0,310.0,1176.0,W2/MC/RES3A,5968142.0,955457.0
VIR,U.S. Virgin Islands,RES,W,W/LFM/CDM+ERM/H:2/RES:2,TOTAL,4.0,9305415.0,4652690.0,35.0,4576.0,13958106.0,477.0,35.0,1144.0,2034.0,W2/MC/RES3D,8021268.0,1284147.0
VIR,U.S. Virgin Islands,RES,W,W/LFM/CDM+ERM/H:2/RES:2,TOTAL,6.0,21659410.0,10829618.0,54.0,9905.0,32489028.0,1032.0,56.0,1651.0,2187.0,W2/MC/RES3C,18670411.0,2988999.0
VIR,U.S. Virgin Islands,RES,W,W/LFM/CDM+ERM/H:2/RES:2,TOTAL,2.0,8275394.0,4137650.0,36.0,4362.0,12413044.0,455.0,35.0,2181.0,1897.0,W2/MC/RES3E,7133389.0,1142004.0
VIR,U.S. Virgin Islands,RES,W,W/LFM/CDM+ERM/H:2/RES:3,TOTAL,56.0,88474702.0,44237129.0,301.0,49480.0,132711831.0,5158.0,0.0,884.0,1788.0,W2/MC/RES4,76442146.0,12032560.0
VIR,U.S. Virgin Islands,COM,W,W/LFM/CDN+ERL/H:2/COM:1,TOTAL,56.0,93017131.0,93017131.0,8.0,69696.0,186034261.0,12134.0,0.0,1245.0,1335.0,W2/PC/COM1,65670091.0,27347036.0
VIR,U.S. Virgin Islands,COM,W,W/LFM/CDN+ERL/H:2/COM:2,TOTAL,14.0,16456164.0,16456164.0,2.0,12161.0,32912328.0,2117.0,0.0,869.0,1353.0,W2/PC/COM2,11124367.0,5331797.0
VIR,U.S. Virgin Islands,COM,W,W/LFM/CDN+ERL/H:2/COM:3,TOTAL,36.0,81108939.0,81108939.0,4.0,39720.0,162217879.0,6915.0,0.0,1103.0,2042.0,W2/PC/COM4,65536025.0,15572916.0
VIR,U.S. Virgin Islands,COM,W,W/LFM/CDN+ERL/H:2/COM:3B,TOTAL,19.0,16655196.0,16655196.0,1.0,10256.0,33310393.0,1786.0,0.0,540.0,1624.0,W2/PC/COM3,13957055.0,2698142.0
VIR,U.S. Virgin Islands,COM,W,W/LFM/CDN+ERL/H:2/COM:5,TOTAL,18.0,21811478.0,21811478.0,2.0,8415.0,43622956.0,1465.0,0.0,468.0,2592.0,W2/PC/COM8,19630329.0,2181148.0
VIR,U.S. Virgin Islands,RES,W,W/LFM/CDN+ERL/H:2/RES:1,TOTAL,94.0,31858653.0,15929307.0,168.0,20378.0,47787960.0,2124.0,133.0,217.0,1563.0,W2/PC/RES1,24403727.0,7454925.0
VIR,U.S. Virgin Islands,RES,W,W/LFM/CDN+ERL/H:2/RES:2,TOTAL,3.0,14375300.0,7186780.0,75.0,7578.0,21562080.0,790.0,52.0,2526.0,1897.0,W2/PC/RES3E,12391509.0,1983791.0
VIR,U.S. Virgin Islands,RES,W,W/LFM/CDN+ERL/H:2/RES:2,TOTAL,13.0,4915845.0,2457908.0,33.0,4180.0,7373752.0,436.0,30.0,322.0,1176.0,W2/PC/RES3A,4237458.0,678387.0
VIR,U.S. Virgin Islands,RES,W,W/LFM/CDN+ERL/H:2/RES:2,TOTAL,11.0,4647452.0,2323655.0,39.0,4495.0,6971107.0,469.0,35.0,409.0,1034.0,W2/PC/RES3B,4006103.0,641348.0
VIR,U.S. Virgin Islands,RES,W,W/LFM/CDN+ERL/H:2/RES:2,TOTAL,12.0,18350586.0,9174897.0,65.0,8392.0,27525483.0,875.0,53.0,699.0,2187.0,W2/PC/RES3C,15818205.0,2532381.0
VIR,U.S. Virgin Islands,RES,W,W/LFM/CDN+ERL/H:2/RES:2,TOTAL,8.0,16313857.0,8156882.0,73.0,8022.0,24470739.0,836.0,64.0,1003.0,2034.0,W2/PC/RES3D,14062544.0,2251312.0
VIR,U.S. Virgin Islands,RES,W,W/LFM/CDN+ERL/H:2/RES:3,TOTAL,21.0,36402317.0,18200458.0,207.0,20359.0,54602775.0,2122.0,0.0,969.0,1788.0,W2/PC/RES4,31451603.0,4950715.0
