ID_0,NAME_0,OCCUPANCY,BUILDINGS,COST_CONTENTS_USD,COST_NONSTRUCTURAL_USD,COST_STRUCTURAL_USD,DWELLINGS,OCCUPANTS_PER_ASSET,TOTAL_AREA_SQM,TOTAL_REPL_COST_USD,AVG_BUILDING_AREA_SQM,AVG_TOT_COST_PER_AREA_USD
BIH,Bosnia_and_Herzegovina,Com,14208.77,4321210046.76,2592726027.95,1728484018.5,0.0,0.0,9001325.915895034,8642420093.72,633.504935043289,960.1274494970503
BIH,Bosnia_and_Herzegovina,Ind,6587.0,4642298697.37,1934291124.25,1160574674.57,0.0,0.0,10566670.710349998,7737164496.69,1604.1704433505386,732.2234891933831
BIH,Bosnia_and_Herzegovina,Res,1078156.0,11086799154.71,27716997886.98,16630198732.32,1607994.303728,3301000.0,119540736.63296,55433995773.88,110.87517635013857,463.7247296215475
