ID_0,NAME_0,ID_1,NAME_1,OCCUPANCY,BUILDINGS,COST_CONTENTS_USD,COST_NONSTRUCTURAL_USD,COST_STRUCTURAL_USD,DWELLINGS,OCCUPANTS_PER_ASSET,TOTAL_AREA_SQM,TOTAL_REPL_COST_USD,AVG_BUILDING_AREA_SQM,AVG_TOT_COST_PER_AREA_USD
BIH,Bosnia_and_Herzegovina,1,Brcko,Com,142.09,42254753.79,25352852.279999997,16901901.49,0.0,0.0,89046.703345996,84509507.48,626.6922608628053,949.0470090917745
BIH,Bosnia_and_Herzegovina,1,Brcko,Ind,184.56721373299865,130076838.6,54198682.67,32519209.59,0.0,0.0,296077.2690820381,216794731.07,1604.1704433505388,732.2234893011316
BIH,Bosnia_and_Herzegovina,1,Brcko,Res,27841.000000000004,393865151.19,984662877.96,590797726.76,51004.26139200001,40670.39290676522,3744102.5534400004,1969325755.92,134.4816117754391,525.9807197617026
BIH,Bosnia_and_Herzegovina,2,Federacija Bosna i Hercegovina,Com,8687.57,2649347554.54,1589608532.66,1059739021.71,0.0,0.0,5511279.347977391,5298695108.97,634.3867557875668,961.4274244535602
BIH,Bosnia_and_Herzegovina,2,Federacija Bosna i Hercegovina,Ind,4170.101962075833,2938949279.75,1224562200.24,734737320.28,0.0,0.0,6689554.313320139,4898248800.38,1604.1704433505383,732.2234891832302
BIH,Bosnia_and_Herzegovina,2,Federacija Bosna i Hercegovina,Res,624761.0,7009147703.18,17522869258.14,10513721554.95,967047.503008,2098647.8793347944,71696398.07056001,35045738516.42,114.75812041814392,488.80751975754396
BIH,Bosnia_and_Herzegovina,3,Repuplika Srpska,Com,5379.110000000001,1629607738.43,977764643.01,651843095.3,0.0,0.0,3400999.8645716473,3259215477.27,632.2607019695911,958.3109694361882
BIH,Bosnia_and_Herzegovina,3,Repuplika Srpska,Ind,2232.330824191168,1573272579.02,655530241.34,393318144.7,0.0,0.0,3581039.12794782,2622120965.2400002,1604.1704433505388,732.223489203441
BIH,Bosnia_and_Herzegovina,3,Repuplika Srpska,Res,425554.0,3683786300.34,9209465750.88,5525679450.61,589942.539328,1161681.7277584404,44100236.00896,18418931501.54,103.63017621491045,417.6606106551847
