ID_0,NAME_0,OCCUPANCY,BUILDINGS,COST_CONTENTS_USD,COST_NONSTRUCTURAL_USD,COST_STRUCTURAL_USD,DWELLINGS,OCCUPANTS_PER_ASSET,TOTAL_AREA_SQM,TOTAL_REPL_COST_USD,AVG_BUILDING_AREA_SQM,AVG_TOT_COST_PER_AREA_USD
PRK,North_Korea,Com,59825.0,4310906369.0,3271851840.0,3194507748.0,0.0,0.0,16931396.0,10777265775.0,283.0153949017969,636.5255277828243
PRK,North_Korea,Ind,9423.0,2164453706.0,888783473.0,977775323.0,0.0,0.0,12962876.0,4031013236.0,1375.6633768438926,310.96596434309794
PRK,North_Korea,Res,2382878.0,28568969976.0,45754628974.0,39317475414.0,6019866.0,23325308.0,430563635.0,113641074349.0,180.69059137731767,263.93560698408726
