ID_0,NAME_0,OCCUPANCY,BUILDINGS,COST_CONTENTS_USD,COST_NONSTRUCTURAL_USD,COST_STRUCTURAL_USD,DWELLINGS,OCCUPANTS_PER_ASSET,TOTAL_AREA_SQM,TOTAL_REPL_COST_USD,AVG_BUILDING_AREA_SQM,AVG_TOT_COST_PER_AREA_USD
PRK,North Korea,Com,59825.0,4310906338.0,3271851797.0,3194507714.0,0.0,0.0,16931352.0,10777265853.0,283.014659423318,636.5271865471818
PRK,North Korea,Ind,9423.0,2164454222.0,888783727.0,977775223.0,0.0,0.0,12962214.0,4031013162.0,1375.593123209169,310.98184013934656
PRK,North Korea,Res,2382878.0,28568969542.0,45754629905.0,39317475733.0,6019701.0,23321108.0,430562575.0,113641075162.0,180.69014653708666,263.9362586541573
