ID_0,NAME_0,OCCUPANCY,BUILDINGS,COST_CONTENTS_USD,COST_NONSTRUCTURAL_USD,COST_STRUCTURAL_USD,DWELLINGS,OCCUPANTS_PER_ASSET,TOTAL_AREA_SQM,TOTAL_REPL_COST_USD,AVG_BUILDING_AREA_SQM,AVG_TOT_COST_PER_AREA_USD
SDN,Sudan,Com,225413.0,3706869486.0,4005896734.0,5095700595.0,0.0,0.0,43101453.0,12808466838.0,191.21103485601984,297.1701867684136
SDN,Sudan,Ind,92090.0,2219956461.0,1671084347.0,2615431608.0,0.0,0.0,26241027.0,6506472439.0,284.94979910956675,247.95037324568128
SDN,Sudan,Res,7067411.0,15750563062.0,27143959910.0,48939070233.0,7362793.0,43708094.0,553040710.0,91833593221.0,78.25223550745811,166.0521396715985
