ID_0,NAME_0,OCCUPANCY,BUILDINGS,COST_CONTENTS_USD,COST_NONSTRUCTURAL_USD,COST_STRUCTURAL_USD,DWELLINGS,OCCUPANTS_PER_ASSET,TOTAL_AREA_SQM,TOTAL_REPL_COST_USD,AVG_BUILDING_AREA_SQM,AVG_TOT_COST_PER_AREA_USD
CRI,Costa Rica,Com,32439.940440668503,9131880113.771276,6921858548.0409565,8107062507.272956,0.0,0.0,27313681.07685609,24160801103.32608,841.976918139287,884.5677386120773
CRI,Costa Rica,Ind,20591.89635016241,11193705505.603333,5607008508.702297,4632689124.458548,0.0,0.0,21111646.76160461,21433403160.038067,1025.2405316442894,1015.2407058561926
CRI,Costa Rica,Res,1442232.0,43272098371.21902,37696237929.87139,62019723262.69377,1475764.0,5087134.87524631,152218046.6389864,142988059563.78418,105.54338458652035,939.363385097873
