ID_0,NAME_0,OCCUPANCY,BUILDINGS,COST_CONTENTS_USD,COST_NONSTRUCTURAL_USD,COST_STRUCTURAL_USD,DWELLINGS,OCCUPANTS_PER_ASSET,TOTAL_AREA_SQM,TOTAL_REPL_COST_USD,AVG_BUILDING_AREA_SQM,AVG_TOT_COST_PER_AREA_USD
DEU,Germany,Com,623809.3,1459442933962.08,875665760377.3,583777173584.76,0.0,0.0,889503086.9867,2918885867924.73,1425.921490729138,3281.4791883553894
DEU,Germany,Ind,388400.0,626570993761.1,261071247400.33,156642748440.44,0.0,0.0,449822168.90013754,1044284989601.21,1158.1415265194066,2321.550741161994
DEU,Germany,Res,18922618.0,1636513234206.21,4091283085497.88,2454769851309.45,40543846.750656,83133000.0,3575491461.008957,8182566171005.39,188.9533182463947,2288.515092327021
