ID_0,NAME_0,OCCUPANCY,BUILDINGS,COST_CONTENTS_USD,COST_NONSTRUCTURAL_USD,COST_STRUCTURAL_USD,DWELLINGS,OCCUPANTS_PER_ASSET,TOTAL_AREA_SQM,TOTAL_REPL_COST_USD,AVG_BUILDING_AREA_SQM,AVG_TOT_COST_PER_AREA_USD
PHL,Philippines,Com,510200.0,7459132483.516483,7718873021.978022,7926100978.021978,726228.0,0.0,38614020.0,23104106483.516483,75.68408467267739,598.3346588497257
PHL,Philippines,Ind,119337.0,3015766209.79021,1920279888.8111887,2485478111.1888113,119337.0,0.0,10862740.0,7421524209.79021,91.02575060542833,683.2092280391696
PHL,Philippines,Res,26458339.0,76128443095.31435,96252465540.0912,139852830594.45114,26685764.0,112509012.52923657,1319463915.7578979,312233739229.8567,49.869491647147534,236.6368155286082
