ID_0,NAME_0,OCCUPANCY,BUILDINGS,COST_CONTENTS_USD,COST_NONSTRUCTURAL_USD,COST_STRUCTURAL_USD,DWELLINGS,OCCUPANTS_PER_ASSET,TOTAL_AREA_SQM,TOTAL_REPL_COST_USD,AVG_BUILDING_AREA_SQM,AVG_TOT_COST_PER_AREA_USD
BHS,Bahamas,Com,4377.0,5907578222.368421,5060112045.394736,3853473376.9736843,0.0,0.0,4790511.0,14821163644.736841,1094.4736120630569,3093.8585977021744
BHS,Bahamas,Ind,1127.0,1215734053.528708,700842030.5023923,507102743.7200957,0.0,0.0,4191417.0332623105,2423678827.751196,3719.0923099044458,578.2480742234259
BHS,Bahamas,Res,97256.0,6701179903.044374,5782656880.56164,5886623666.048672,97256.0,391462.0,48189053.747777775,18370460449.654686,495.48669231489856,381.21645936037567
