ID_0,NAME_0,OCCUPANCY,BUILDINGS,COST_CONTENTS_USD,COST_NONSTRUCTURAL_USD,COST_STRUCTURAL_USD,DWELLINGS,OCCUPANTS_PER_ASSET,TOTAL_AREA_SQM,TOTAL_REPL_COST_USD,AVG_BUILDING_AREA_SQM,AVG_TOT_COST_PER_AREA_USD
KHM,Cambodia,Com,58209.0,1226277828.5714285,1346182028.5714285,937112571.4285715,63541.0,0.0,7199710.0,3509572428.5714283,123.68723049700218,487.46024889494555
KHM,Cambodia,Ind,6499.0,574890294.4055943,382232574.96503496,277375525.03496504,6499.0,0.0,1683830.0,1234498394.4055943,259.0906293275889,733.1490675457703
KHM,Cambodia,Res,3136776.0,12791790092.307692,18914805876.923077,23463202123.076923,3389682.0,15626441.9,242931860.0,55169798092.30769,77.4463525607184,227.09988756644637
