ID_0,NAME_0,OCCUPANCY,MACRO_TAXONOMY,TAXONOMY,TAXONOMY_HAZUS,SETTLEMENT,BUILDINGS,BLDG_REPL_COST_USD,COST_CONTENTS_USD,COST_NONSTRUCTURAL_USD,COST_STRUCTURAL_USD,OCCUPANTS_TOTAL,TOTAL_AREA_SQM,TOTAL_REPL_COST_USD,CARBON_BUILDINGS_TON,DWELLINGS,AVG_BUILDING_AREA_SQM,AVG_BLDG_COST_PER_AREA_USD
USA,United States,COM,CR+,CR+PC/LDUAL/CDH+ERH/H:1-3/COM:1,PC2L/HC/COM1,TOTAL,1763.0,3478663508.0,3478663508.0,2455936337.0,1022727071.0,450.0,1858837.0,6957327015.0,851840.0,0.0,1054.0,1871.0
USA,United States,COM,CR+,CR+PC/LDUAL/CDH+ERH/H:1-3/COM:2,PC2L/HC/COM2,TOTAL,792.0,2037111056.0,2037111056.0,1377087068.0,660023988.0,230.0,1080760.0,4074222112.0,495274.0,0.0,1365.0,1885.0
USA,United States,COM,CR+,CR+PC/LDUAL/CDH+ERH/H:1-3/COM:3,PC2L/HC/COM4,TOTAL,2035.0,3935602130.0,3935602130.0,3179966629.0,755635614.0,360.0,1381936.0,7871204260.0,633294.0,0.0,679.0,2848.0
USA,United States,COM,CR+,CR+PC/LDUAL/CDH+ERH/H:1-3/COM:3A,PC2L/HC/COM5,TOTAL,177.0,443366782.0,443366782.0,382182161.0,61184614.0,29.0,104974.0,886733563.0,48106.0,0.0,593.0,4224.0
USA,United States,COM,CR+,CR+PC/LDUAL/CDH+ERH/H:1-3/COM:3B,PC2L/HC/COM3,TOTAL,1243.0,1668279672.0,1668279672.0,1398018365.0,270261308.0,196.0,733347.0,3336559344.0,336069.0,0.0,590.0,2275.0
USA,United States,COM,CR+,CR+PC/LDUAL/CDH+ERH/H:1-3/COM:4,PC2L/HC/COM10,TOTAL,285.0,452990279.0,226464055.0,177119200.0,275871094.0,85.0,351998.0,679454334.0,161308.0,0.0,1235.0,1287.0
USA,United States,COM,CR+,CR+PC/LDUAL/CDH+ERH/H:1-3/COM:5,PC2L/HC/COM8,TOTAL,244.0,632969052.0,632969052.0,569672131.0,63296906.0,45.0,173830.0,1265938103.0,79660.0,0.0,712.0,3641.0
USA,United States,IND,CR+,CR+PC/LDUAL/CDH+ERH/H:1-3/IND:1,PC2L/HC/IND1,TOTAL,197.0,939561999.0,1409354944.0,792050762.0,147511238.0,370.0,411801.0,2348916944.0,186680.0,0.0,2090.0,2282.0
USA,United States,IND,CR+,CR+PC/LDUAL/CDH+ERH/H:1-3/IND:2,PC2L/HC/IND2,TOTAL,1001.0,2568595337.0,3852924644.0,2165325860.0,403269481.0,1451.0,1363799.0,6421519982.0,618246.0,0.0,1362.0,1883.0
USA,United States,IND,CR+,CR+PC/LDUAL/CDH+ERH/H:1-3/IND:3,PC2L/HC/IND3,TOTAL,149.0,960091982.0,1440152753.0,809357536.0,150734446.0,252.0,293020.0,2400244735.0,132834.0,0.0,1967.0,3277.0
USA,United States,IND,CR+,CR+PC/LDUAL/CDH+ERH/H:1-3/IND:4,PC2L/HC/IND4,TOTAL,65.0,329376762.0,494070906.0,277664609.0,51712154.0,68.0,103996.0,823447668.0,47144.0,0.0,1600.0,3167.0
USA,United States,IND,CR+,CR+PC/LDUAL/CDH+ERH/H:1-3/IND:5,PC2L/HC/IND5,TOTAL,72.0,154102316.0,231154888.0,129908252.0,24194064.0,49.0,52740.0,385257204.0,23908.0,0.0,732.0,2922.0
USA,United States,IND,CR+,CR+PC/LDUAL/CDH+ERH/H:1-3/IND:6,PC2L/HC/IND6,TOTAL,1475.0,1727582012.0,1727582012.0,1456351624.0,271230385.0,1317.0,909051.0,3455164024.0,412099.0,0.0,616.0,1900.0
USA,United States,RES,CR+,CR+PC/LDUAL/CDH+ERH/H:1-3/RES:2,PC2L/HC/RES3F,TOTAL,22.0,323454194.0,161724891.0,278817512.0,44636678.0,2242.0,116513.0,485179085.0,34973.0,1249.0,5296.0,2776.0
USA,United States,RES,CR+,CR+PC/LDUAL/CDH+ERH/H:1-3/RES:2,PC2L/HC/RES3E,TOTAL,55.0,296181934.0,148089011.0,255308823.0,40873106.0,1948.0,94970.0,444270946.0,28507.0,906.0,1727.0,3119.0
USA,United States,RES,CR+,CR+PC/LDUAL/CDH+ERH/H:1-3/RES:2,PC2L/HC/RES3D,TOTAL,142.0,370963383.0,185478255.0,319770433.0,51192946.0,2131.0,110071.0,556441638.0,33040.0,941.0,775.0,3370.0
USA,United States,RES,CR+,CR+PC/LDUAL/CDH+ERH/H:1-3/RES:2,PC2L/HC/RES3C,TOTAL,543.0,905717614.0,452853627.0,780728574.0,124989028.0,4963.0,251074.0,1358571240.0,75364.0,1970.0,462.0,3607.0
USA,United States,RES,CR+,CR+PC/LDUAL/CDH+ERH/H:1-3/RES:2,PC2L/HC/RES3B,TOTAL,576.0,307916276.0,153953525.0,265423827.0,42492445.0,3425.0,181447.0,461869801.0,54465.0,1301.0,315.0,1697.0
USA,United States,RES,CR+,CR+PC/LDUAL/CDH+ERH/H:1-3/RES:2,PC2L/HC/RES3A,TOTAL,1393.0,564258701.0,282124217.0,486390993.0,77867699.0,4502.0,289996.0,846382917.0,87048.0,1883.0,208.0,1946.0
USA,United States,COM,CR+,CR+PC/LDUAL/CDH+ERH/H:4-7/COM:1,PC2M/HC/COM1,TOTAL,254.0,442969080.0,442969080.0,312736156.0,130232909.0,111.0,237057.0,885938160.0,109003.0,0.0,933.0,1869.0
USA,United States,COM,CR+,CR+PC/LDUAL/CDH+ERH/H:4-7/COM:2,PC2M/HC/COM2,TOTAL,376.0,1188114874.0,1188114874.0,803165657.0,384949218.0,180.0,634837.0,2376229747.0,291908.0,0.0,1688.0,1872.0
USA,United States,COM,CR+,CR+PC/LDUAL/CDH+ERH/H:4-7/COM:3,PC2M/HC/COM4,TOTAL,329.0,870404321.0,870404321.0,703286719.0,167117631.0,106.0,305072.0,1740808643.0,140277.0,0.0,927.0,2853.0
USA,United States,COM,CR+,CR+PC/LDUAL/CDH+ERH/H:4-7/COM:3A,PC2M/HC/COM5,TOTAL,33.0,123235324.0,123235324.0,106228847.0,17006474.0,8.0,28916.0,246470647.0,13296.0,0.0,876.0,4262.0
USA,United States,COM,CR+,CR+PC/LDUAL/CDH+ERH/H:4-7/COM:3B,PC2M/HC/COM3,TOTAL,360.0,479866370.0,479866370.0,402128019.0,77738352.0,85.0,210603.0,959732741.0,96839.0,0.0,585.0,2279.0
USA,United States,COM,CR+,CR+PC/LDUAL/CDH+ERH/H:4-7/COM:4,PC2M/HC/COM10,TOTAL,118.0,66874923.0,33433380.0,26148095.0,40726830.0,19.0,52939.0,100308303.0,24342.0,0.0,449.0,1263.0
USA,United States,RES,CR+,CR+PC/LDUAL/CDH+ERH/H:4-7/RES:2,PC2M/HC/RES3F,TOTAL,52.0,748053106.0,374023661.0,644821767.0,103231326.0,5571.0,265800.0,1122076767.0,80043.0,3503.0,5112.0,2814.0
USA,United States,RES,CR+,CR+PC/LDUAL/CDH+ERH/H:4-7/RES:2,PC2M/HC/RES3E,TOTAL,114.0,666338525.0,333164512.0,574383798.0,91954714.0,5010.0,215897.0,999503036.0,65016.0,2416.0,1894.0,3086.0
USA,United States,RES,CR+,CR+PC/LDUAL/CDH+ERH/H:4-7/RES:2,PC2M/HC/RES3D,TOTAL,142.0,426580082.0,213287059.0,367712026.0,58868050.0,2673.0,128038.0,639867142.0,38558.0,1255.0,902.0,3332.0
USA,United States,RES,CR+,CR+PC/LDUAL/CDH+ERH/H:4-7/RES:2,PC2M/HC/RES3C,TOTAL,219.0,360286025.0,180141107.0,310566549.0,49719470.0,2205.0,101061.0,540427132.0,30434.0,967.0,461.0,3565.0
USA,United States,RES,CR+,CR+PC/LDUAL/CDH+ERH/H:4-7/RES:2,PC2M/HC/RES3B,TOTAL,102.0,50218569.0,25108462.0,43288406.0,6930162.0,533.0,28550.0,75327032.0,8598.0,244.0,280.0,1759.0
USA,United States,RES,CR+,CR+PC/LDUAL/CDH+ERH/H:4-7/RES:3,PC2M/HC/RES4,TOTAL,15.0,98840937.0,49419405.0,85398572.0,13442368.0,657.0,33789.0,148260342.0,10175.0,0.0,2253.0,2925.0
USA,United States,COM,CR+,CR+PC/LDUAL/CDH+ERH/H:>8/COM:3,PC2H/HC/COM4,TOTAL,207.0,867215827.0,867215827.0,700710417.0,166505440.0,192.0,301668.0,1734431653.0,139063.0,0.0,1457.0,2875.0
USA,United States,COM,CR+,CR+PC/LDUAL/CDH+ERH/H:>8/COM:3A,PC2H/HC/COM5,TOTAL,46.0,183315927.0,183315927.0,158018326.0,25297597.0,21.0,44161.0,366631854.0,20357.0,0.0,960.0,4151.0
USA,United States,RES,CR+,CR+PC/LDUAL/CDH+ERH/H:>8/RES:2,PC2H/HC/RES3C,TOTAL,14.0,66348118.0,33173933.0,57192075.0,9156040.0,110.0,19993.0,99522051.0,6036.0,66.0,1428.0,3319.0
USA,United States,RES,CR+,CR+PC/LDUAL/CDH+ERH/H:>8/RES:2,PC2H/HC/RES3D,TOTAL,4.0,9020584.0,4510215.0,7775744.0,1244841.0,64.0,2606.0,13530799.0,787.0,44.0,652.0,3461.0
USA,United States,RES,CR+,CR+PC/LDUAL/CDH+ERH/H:>8/RES:2,PC2H/HC/RES3E,TOTAL,18.0,118779432.0,59388257.0,102387869.0,16391561.0,687.0,37994.0,178167690.0,11469.0,523.0,2111.0,3126.0
USA,United States,RES,CR+,CR+PC/LDUAL/CDH+ERH/H:>8/RES:2,PC2H/HC/RES3F,TOTAL,38.0,654702958.0,327349378.0,564353943.0,90349005.0,4426.0,227576.0,982052336.0,68700.0,3804.0,5989.0,2877.0
USA,United States,RES,CR+,CR+PC/LDUAL/CDH+ERH/H:>8/RES:2,PC2H/HC/RES3B,TOTAL,5.0,1922342.0,960968.0,1657059.0,265283.0,19.0,1209.0,2883310.0,365.0,18.0,242.0,1590.0
USA,United States,RES,CR+,CR+PC/LDUAL/CDH+ERH/H:>8/RES:3,PC2H/HC/RES4,TOTAL,46.0,326734655.0,163366333.0,282298751.0,44435915.0,1551.0,113011.0,490100989.0,34115.0,0.0,2457.0,2891.0
USA,United States,COM,CR+,CR+PC/LDUAL/CDH+ERS/H:1-3/COM:1,PC2L/VC/COM1,TOTAL,119.0,279853204.0,279853204.0,197576354.0,82276842.0,33.0,145564.0,559706407.0,66707.0,0.0,1223.0,1923.0
USA,United States,COM,CR+,CR+PC/LDUAL/CDH+ERS/H:1-3/COM:1,PC2L/SC/COM1,TOTAL,3.0,5551002.0,5551002.0,3919007.0,1631995.0,1.0,3351.0,11102003.0,1536.0,0.0,1117.0,1657.0
USA,United States,COM,CR+,CR+PC/LDUAL/CDH+ERS/H:1-3/COM:2,PC2L/SC/COM2,TOTAL,3.0,10226602.0,10226602.0,6913183.0,3313419.0,2.0,5537.0,20453204.0,2537.0,0.0,1846.0,1847.0
USA,United States,COM,CR+,CR+PC/LDUAL/CDH+ERS/H:1-3/COM:2,PC2L/VC/COM2,TOTAL,40.0,115093375.0,115093375.0,77803122.0,37290254.0,12.0,61667.0,230186749.0,28260.0,0.0,1542.0,1866.0
USA,United States,COM,CR+,CR+PC/LDUAL/CDH+ERS/H:1-3/COM:3,PC2L/VC/COM4,TOTAL,104.0,239966876.0,239966876.0,193893242.0,46073641.0,19.0,83075.0,479933751.0,38070.0,0.0,799.0,2889.0
USA,United States,COM,CR+,CR+PC/LDUAL/CDH+ERS/H:1-3/COM:3,PC2L/SC/COM4,TOTAL,3.0,3771821.0,3771821.0,3047631.0,724190.0,0.0,1572.0,7543642.0,720.0,0.0,524.0,2399.0
USA,United States,COM,CR+,CR+PC/LDUAL/CDH+ERS/H:1-3/COM:3B,PC2L/VC/COM3,TOTAL,74.0,91607589.0,91607589.0,76767159.0,14840430.0,10.0,39497.0,183215178.0,18100.0,0.0,534.0,2319.0
USA,United States,COM,CR+,CR+PC/LDUAL/CDH+ERS/H:1-3/COM:3B,PC2L/SC/COM3,TOTAL,3.0,4065910.0,4065910.0,3407233.0,658677.0,0.0,1848.0,8131820.0,847.0,0.0,616.0,2200.0
USA,United States,COM,CR+,CR+PC/LDUAL/CDH+ERS/H:1-3/COM:4,PC2L/VC/COM10,TOTAL,15.0,56822634.0,28410255.0,22217650.0,34604985.0,14.0,40787.0,85232889.0,18691.0,0.0,2719.0,1393.0
USA,United States,IND,CR+,CR+PC/LDUAL/CDH+ERS/H:1-3/IND:2,PC2L/SC/IND2,TOTAL,19.0,66105014.0,99158188.0,55726526.0,10378487.0,37.0,34582.0,165263201.0,15677.0,0.0,1820.0,1912.0
USA,United States,IND,CR+,CR+PC/LDUAL/CDH+ERS/H:1-3/IND:2,PC2L/VC/IND2,TOTAL,102.0,285863673.0,428797540.0,240983074.0,44880598.0,145.0,151366.0,714661212.0,68618.0,0.0,1484.0,1889.0
USA,United States,IND,CR+,CR+PC/LDUAL/CDH+ERS/H:1-3/IND:3,PC2L/VC/IND3,TOTAL,10.0,62601553.0,93902859.0,52773109.0,9828444.0,18.0,18911.0,156504412.0,8573.0,0.0,1891.0,3310.0
USA,United States,IND,CR+,CR+PC/LDUAL/CDH+ERS/H:1-3/IND:6,PC2L/SC/IND6,TOTAL,38.0,40869596.0,40869596.0,34453069.0,6416527.0,47.0,21672.0,81739193.0,9824.0,0.0,570.0,1886.0
USA,United States,IND,CR+,CR+PC/LDUAL/CDH+ERS/H:1-3/IND:6,PC2L/VC/IND6,TOTAL,88.0,109119967.0,109119967.0,91988132.0,17131835.0,71.0,56694.0,218239934.0,25701.0,0.0,644.0,1925.0
USA,United States,RES,CR+,CR+PC/LDUAL/CDH+ERS/H:1-3/RES:2,PC2L/VC/RES3E,TOTAL,8.0,49251372.0,24625302.0,42454682.0,6796689.0,262.0,15187.0,73876674.0,4559.0,131.0,1898.0,3243.0
USA,United States,RES,CR+,CR+PC/LDUAL/CDH+ERS/H:1-3/RES:2,PC2L/SC/RES3A,TOTAL,1.0,199543.0,99772.0,172006.0,27537.0,2.0,105.0,299315.0,32.0,1.0,105.0,1900.0
USA,United States,RES,CR+,CR+PC/LDUAL/CDH+ERS/H:1-3/RES:2,PC2L/SC/RES3C,TOTAL,1.0,1133540.0,566764.0,977112.0,156429.0,5.0,321.0,1700305.0,96.0,3.0,321.0,3531.0
USA,United States,RES,CR+,CR+PC/LDUAL/CDH+ERS/H:1-3/RES:2,PC2L/VC/RES3A,TOTAL,57.0,28683185.0,14341287.0,24724905.0,3958279.0,227.0,14659.0,43024472.0,4400.0,93.0,257.0,1957.0
USA,United States,RES,CR+,CR+PC/LDUAL/CDH+ERS/H:1-3/RES:2,PC2L/VC/RES3B,TOTAL,18.0,8986961.0,4493427.0,7746761.0,1240201.0,96.0,5114.0,13480388.0,1535.0,35.0,284.0,1757.0
USA,United States,RES,CR+,CR+PC/LDUAL/CDH+ERS/H:1-3/RES:2,PC2L/VC/RES3C,TOTAL,24.0,40507985.0,20253605.0,34917883.0,5590102.0,244.0,10928.0,60761590.0,3280.0,99.0,455.0,3707.0
USA,United States,RES,CR+,CR+PC/LDUAL/CDH+ERS/H:1-3/RES:2,PC2L/VC/RES3D,TOTAL,5.0,15312890.0,7656431.0,13199711.0,2113179.0,78.0,4505.0,22969321.0,1352.0,34.0,901.0,3399.0
USA,United States,RES,CR+,CR+PC/LDUAL/CDH+ERS/H:1-3/RES:2,PC2L/VC/RES3F,TOTAL,4.0,45069132.0,22533870.0,38849592.0,6219540.0,259.0,14952.0,67603002.0,4488.0,114.0,3738.0,3014.0
USA,United States,COM,CR+,CR+PC/LDUAL/CDH+ERS/H:4-7/COM:1,PC2M/SC/COM1,TOTAL,27.0,43651627.0,43651627.0,30818048.0,12833579.0,9.0,23230.0,87303255.0,10682.0,0.0,860.0,1879.0
USA,United States,COM,CR+,CR+PC/LDUAL/CDH+ERS/H:4-7/COM:1,PC2M/VC/COM1,TOTAL,29.0,36505362.0,36505362.0,25772784.0,10732576.0,5.0,19218.0,73010724.0,8837.0,0.0,663.0,1900.0
USA,United States,COM,CR+,CR+PC/LDUAL/CDH+ERS/H:4-7/COM:2,PC2M/SC/COM2,TOTAL,35.0,84417088.0,84417088.0,57065951.0,27351137.0,14.0,43785.0,168834176.0,20133.0,0.0,1251.0,1928.0
USA,United States,COM,CR+,CR+PC/LDUAL/CDH+ERS/H:4-7/COM:2,PC2M/VC/COM2,TOTAL,36.0,92092236.0,92092236.0,62254351.0,29837884.0,13.0,46801.0,184184472.0,21520.0,0.0,1300.0,1968.0
USA,United States,COM,CR+,CR+PC/LDUAL/CDH+ERS/H:4-7/COM:3,PC2M/SC/COM4,TOTAL,50.0,105305221.0,105305221.0,85086622.0,20218602.0,11.0,36615.0,210610442.0,16836.0,0.0,732.0,2876.0
USA,United States,COM,CR+,CR+PC/LDUAL/CDH+ERS/H:4-7/COM:3,PC2M/VC/COM4,TOTAL,30.0,76255647.0,76255647.0,61614565.0,14641084.0,7.0,25643.0,152511294.0,11791.0,0.0,855.0,2974.0
USA,United States,COM,CR+,CR+PC/LDUAL/CDH+ERS/H:4-7/COM:3B,PC2M/SC/COM3,TOTAL,34.0,52212054.0,52212054.0,43753701.0,8458353.0,7.0,23077.0,104424109.0,10611.0,0.0,679.0,2263.0
USA,United States,COM,CR+,CR+PC/LDUAL/CDH+ERS/H:4-7/COM:3B,PC2M/VC/COM3,TOTAL,33.0,65148195.0,65148195.0,54594187.0,10554008.0,8.0,28911.0,130296390.0,13294.0,0.0,876.0,2253.0
USA,United States,RES,CR+,CR+PC/LDUAL/CDH+ERS/H:4-7/RES:2,PC2M/VC/RES3F,TOTAL,5.0,70574798.0,35287377.0,60835476.0,9739322.0,643.0,24729.0,105862175.0,7447.0,273.0,4946.0,2854.0
USA,United States,RES,CR+,CR+PC/LDUAL/CDH+ERS/H:4-7/RES:2,PC2M/VC/RES3C,TOTAL,21.0,43511959.0,21755785.0,37507308.0,6004650.0,267.0,11640.0,65267744.0,3505.0,100.0,554.0,3738.0
USA,United States,RES,CR+,CR+PC/LDUAL/CDH+ERS/H:4-7/RES:2,PC2M/VC/RES3B,TOTAL,23.0,10875144.0,5437225.0,9374374.0,1500770.0,115.0,6066.0,16312370.0,1827.0,57.0,264.0,1793.0
USA,United States,RES,CR+,CR+PC/LDUAL/CDH+ERS/H:4-7/RES:2,PC2M/SC/RES3F,TOTAL,9.0,161799153.0,80899083.0,139470871.0,22328283.0,1179.0,54318.0,242698236.0,16357.0,692.0,6035.0,2979.0
USA,United States,RES,CR+,CR+PC/LDUAL/CDH+ERS/H:4-7/RES:2,PC2M/SC/RES3E,TOTAL,8.0,47842012.0,23920281.0,41239813.0,6602197.0,346.0,15503.0,71762294.0,4669.0,142.0,1938.0,3086.0
USA,United States,RES,CR+,CR+PC/LDUAL/CDH+ERS/H:4-7/RES:2,PC2M/VC/RES3E,TOTAL,11.0,63948792.0,31974208.0,55123858.0,8824933.0,498.0,20747.0,95923000.0,6248.0,218.0,1886.0,3082.0
USA,United States,RES,CR+,CR+PC/LDUAL/CDH+ERS/H:4-7/RES:2,PC2M/SC/RES3C,TOTAL,21.0,35618202.0,17809011.0,30702890.0,4915312.0,200.0,9891.0,53427213.0,2979.0,86.0,471.0,3601.0
USA,United States,RES,CR+,CR+PC/LDUAL/CDH+ERS/H:4-7/RES:2,PC2M/SC/RES3B,TOTAL,15.0,6487658.0,3243691.0,5592361.0,895297.0,69.0,3733.0,9731349.0,1124.0,33.0,249.0,1738.0
USA,United States,RES,CR+,CR+PC/LDUAL/CDH+ERS/H:4-7/RES:2,PC2M/VC/RES3D,TOTAL,12.0,39736811.0,19868311.0,34253130.0,5483680.0,266.0,11361.0,59605122.0,3421.0,108.0,947.0,3498.0
USA,United States,RES,CR+,CR+PC/LDUAL/CDH+ERS/H:4-7/RES:2,PC2M/SC/RES3D,TOTAL,21.0,77598460.0,38798865.0,66889872.0,10708587.0,432.0,22657.0,116397325.0,6823.0,233.0,1079.0,3425.0
USA,United States,COM,CR+,CR+PC/LDUAL/CDH+ERS/H:>8/COM:3,PC2H/VC/COM4,TOTAL,20.0,86348662.0,86348662.0,69769721.0,16578943.0,15.0,30142.0,172697323.0,13895.0,0.0,1507.0,2865.0
USA,United States,COM,CR+,CR+PC/LDUAL/CDH+ERS/H:>8/COM:3,PC2H/SC/COM4,TOTAL,20.0,64410896.0,64410896.0,52044005.0,12366892.0,14.0,22214.0,128821791.0,10240.0,0.0,1111.0,2900.0
USA,United States,COM,CR-,CR+PC/LDUAL/CDL+ERL/H:1-3/COM:1,PC2L/LC/COM1,TOTAL,2491.0,3591927181.0,3591927181.0,2535900485.0,1056026592.0,673.0,2355997.0,7183854361.0,1079671.0,0.0,946.0,1525.0
USA,United States,COM,CR-,CR+PC/LDUAL/CDL+ERL/H:1-3/COM:2,PC2L/LC/COM2,TOTAL,3659.0,7696240299.0,7696240299.0,5202658433.0,2493581864.0,1045.0,5057059.0,15392480597.0,2317470.0,0.0,1382.0,1522.0
USA,United States,COM,CR-,CR+PC/LDUAL/CDL+ERL/H:1-3/COM:3,PC2L/LC/COM4,TOTAL,3500.0,4474443388.0,4474443388.0,3615350383.0,859093136.0,511.0,1916945.0,8948886777.0,878470.0,0.0,548.0,2334.0
USA,United States,COM,CR-,CR+PC/LDUAL/CDL+ERL/H:1-3/COM:3A,PC2L/LC/COM5,TOTAL,1003.0,1572451500.0,1572451500.0,1355453173.0,216998301.0,116.0,448756.0,3144903000.0,205651.0,0.0,447.0,3504.0
USA,United States,COM,CR-,CR+PC/LDUAL/CDL+ERL/H:1-3/COM:3B,PC2L/LC/COM3,TOTAL,2174.0,2035688394.0,2035688394.0,1705906874.0,329781521.0,301.0,1098950.0,4071376787.0,503612.0,0.0,505.0,1852.0
USA,United States,COM,CR-,CR+PC/LDUAL/CDL+ERL/H:1-3/COM:4,PC2L/LC/COM10,TOTAL,1565.0,1685843968.0,842771899.0,659164994.0,1026679021.0,408.0,1541338.0,2528615866.0,706341.0,0.0,985.0,1094.0
USA,United States,COM,CR-,CR+PC/LDUAL/CDL+ERL/H:1-3/COM:5,PC2L/LC/COM8,TOTAL,409.0,727252230.0,727252230.0,654526989.0,72725224.0,74.0,245031.0,1454504461.0,112290.0,0.0,599.0,2968.0
USA,United States,COM,CR-,CR+PC/LDUAL/CDL+ERL/H:1-3/COM:5A,PC2L/LC/COM9,TOTAL,187.0,854434950.0,854434950.0,750193901.0,104241065.0,60.0,349212.0,1708869901.0,160031.0,0.0,1867.0,2447.0
USA,United States,IND,CR-,CR+PC/LDUAL/CDL+ERL/H:1-3/IND:1,PC2L/LC/IND1,TOTAL,1307.0,6128088765.0,9192236228.0,5165978789.0,962109968.0,2908.0,3317044.0,15320324993.0,1503703.0,0.0,2538.0,1847.0
USA,United States,IND,CR-,CR+PC/LDUAL/CDL+ERL/H:1-3/IND:2,PC2L/LC/IND2,TOTAL,4835.0,12927687943.0,19391642883.0,10898040872.0,2029647078.0,5820.0,8275760.0,32319330826.0,3751620.0,0.0,1712.0,1562.0
USA,United States,IND,CR-,CR+PC/LDUAL/CDL+ERL/H:1-3/IND:3,PC2L/LC/IND3,TOTAL,377.0,2425663033.0,3638529783.0,2044833925.0,380829110.0,809.0,935946.0,6064192816.0,424289.0,0.0,2483.0,2592.0
USA,United States,IND,CR-,CR+PC/LDUAL/CDL+ERL/H:1-3/IND:4,PC2L/LC/IND4,TOTAL,279.0,1448535081.0,2172825669.0,1221115059.0,227420015.0,470.0,559499.0,3621360750.0,253636.0,0.0,2005.0,2589.0
USA,United States,IND,CR-,CR+PC/LDUAL/CDL+ERL/H:1-3/IND:5,PC2L/LC/IND5,TOTAL,1391.0,4222599290.0,6334007537.0,3559651176.0,662948112.0,1381.0,1595721.0,10556606828.0,723384.0,0.0,1147.0,2646.0
USA,United States,IND,CR-,CR+PC/LDUAL/CDL+ERL/H:1-3/IND:6,PC2L/LC/IND6,TOTAL,3451.0,2861034469.0,2861034469.0,2411852041.0,449182427.0,2267.0,1832865.0,5722068939.0,830892.0,0.0,531.0,1561.0
USA,United States,RES,CR-,CR+PC/LDUAL/CDL+ERL/H:1-3/RES:2,PC2L/LC/RES3A,TOTAL,3750.0,1600785508.0,800381897.0,1379877088.0,220908394.0,12633.0,1051762.0,2401167404.0,315706.0,5017.0,280.0,1522.0
USA,United States,RES,CR-,CR+PC/LDUAL/CDL+ERL/H:1-3/RES:2,PC2L/LC/RES3C,TOTAL,721.0,865064230.0,432522792.0,745685357.0,119378861.0,5274.0,304047.0,1297587022.0,91265.0,2337.0,422.0,2845.0
USA,United States,RES,CR-,CR+PC/LDUAL/CDL+ERL/H:1-3/RES:2,PC2L/LC/RES3D,TOTAL,253.0,458976266.0,229478757.0,395637538.0,63338723.0,2994.0,175305.0,688455024.0,52621.0,1383.0,693.0,2618.0
USA,United States,RES,CR-,CR+PC/LDUAL/CDL+ERL/H:1-3/RES:2,PC2L/LC/RES3E,TOTAL,74.0,287569662.0,143781213.0,247885046.0,39684612.0,1908.0,117671.0,431350875.0,35321.0,918.0,1590.0,2444.0
USA,United States,RES,CR-,CR+PC/LDUAL/CDL+ERL/H:1-3/RES:2,PC2L/LC/RES3F,TOTAL,69.0,1443437895.0,721714934.0,1244243453.0,199194422.0,4095.0,684500.0,2165152829.0,205462.0,1550.0,9920.0,2109.0
USA,United States,RES,CR-,CR+PC/LDUAL/CDL+ERL/H:1-3/RES:2,PC2L/LC/RES3B,TOTAL,728.0,326652195.0,163318183.0,281574188.0,45078002.0,3667.0,236456.0,489970378.0,70977.0,1485.0,325.0,1381.0
USA,United States,RES,CR-,CR+PC/LDUAL/CDL+ERL/H:1-3/RES:3,PC2L/LC/RES4,TOTAL,389.0,1495713415.0,747829646.0,1292296424.0,203417036.0,7536.0,622152.0,2243543060.0,186748.0,0.0,1599.0,2404.0
USA,United States,RES,CR-,CR+PC/LDUAL/CDL+ERL/H:1-3/RES:4,PC2L/LC/RES6,TOTAL,430.0,2776635587.0,1388272029.0,2265734598.0,510900948.0,14089.0,875369.0,4164907616.0,262755.0,0.0,2036.0,3172.0
USA,United States,RES,CR-,CR+PC/LDUAL/CDL+ERL/H:1-3/RES:4,PC2L/LC/RES5,TOTAL,896.0,9010915031.0,4505394152.0,7316862778.0,1694051973.0,36658.0,3390251.0,13516309183.0,1017632.0,0.0,3784.0,2658.0
USA,United States,COM,CR-,CR+PC/LDUAL/CDL+ERL/H:4-7/COM:1,PC2M/LC/COM1,TOTAL,455.0,910236134.0,910236134.0,642626683.0,267609424.0,225.0,555367.0,1820472267.0,255367.0,0.0,1221.0,1639.0
USA,United States,COM,CR-,CR+PC/LDUAL/CDL+ERL/H:4-7/COM:2,PC2M/LC/COM2,TOTAL,502.0,1759965686.0,1759965686.0,1189736800.0,570228882.0,334.0,1134437.0,3519931372.0,521631.0,0.0,2260.0,1551.0
USA,United States,COM,CR-,CR+PC/LDUAL/CDL+ERL/H:4-7/COM:3,PC2M/LC/COM4,TOTAL,1019.0,2333600141.0,2333600141.0,1885548978.0,448051232.0,414.0,971726.0,4667200283.0,446816.0,0.0,954.0,2402.0
USA,United States,COM,CR-,CR+PC/LDUAL/CDL+ERL/H:4-7/COM:3A,PC2M/LC/COM5,TOTAL,103.0,285334384.0,285334384.0,245958235.0,39376144.0,30.0,80871.0,570668768.0,37186.0,0.0,785.0,3528.0
USA,United States,COM,CR-,CR+PC/LDUAL/CDL+ERL/H:4-7/COM:3B,PC2M/LC/COM3,TOTAL,504.0,646361190.0,646361190.0,541650678.0,104710513.0,150.0,335299.0,1292722380.0,154176.0,0.0,665.0,1928.0
USA,United States,COM,CR-,CR+PC/LDUAL/CDL+ERL/H:4-7/COM:4,PC2M/LC/COM10,TOTAL,453.0,229468540.0,114719821.0,89722199.0,139746346.0,67.0,198119.0,344188360.0,91098.0,0.0,437.0,1158.0
USA,United States,COM,CR-,CR+PC/LDUAL/CDL+ERL/H:4-7/COM:5,PC2M/LC/COM8,TOTAL,273.0,692335067.0,692335067.0,623101547.0,69233508.0,100.0,231969.0,1384670135.0,106663.0,0.0,850.0,2985.0
USA,United States,IND,CR-,CR+PC/LDUAL/CDL+ERL/H:4-7/IND:2,PC2M/LC/IND2,TOTAL,226.0,963623460.0,1445442553.0,812334572.0,151288888.0,541.0,585257.0,2409066013.0,266366.0,0.0,2590.0,1646.0
USA,United States,IND,CR-,CR+PC/LDUAL/CDL+ERL/H:4-7/IND:3,PC2M/LC/IND3,TOTAL,33.0,185227544.0,277843240.0,156146820.0,29080725.0,85.0,69238.0,463070784.0,31512.0,0.0,2098.0,2675.0
USA,United States,IND,CR-,CR+PC/LDUAL/CDL+ERL/H:4-7/IND:5,PC2M/LC/IND5,TOTAL,78.0,274349252.0,411531292.0,231276418.0,43072834.0,151.0,98444.0,685880544.0,44805.0,0.0,1262.0,2787.0
USA,United States,RES,CR-,CR+PC/LDUAL/CDL+ERL/H:4-7/RES:2,PC2M/LC/RES3F,TOTAL,218.0,3437358112.0,1718668119.0,2963002667.0,474355406.0,23795.0,1343045.0,5156026231.0,404447.0,14504.0,6161.0,2559.0
USA,United States,RES,CR-,CR+PC/LDUAL/CDL+ERL/H:4-7/RES:2,PC2M/LC/RES3B,TOTAL,1092.0,595680169.0,297835692.0,513476298.0,82203861.0,8274.0,328806.0,893515861.0,99019.0,3391.0,301.0,1812.0
USA,United States,RES,CR-,CR+PC/LDUAL/CDL+ERL/H:4-7/RES:2,PC2M/LC/RES3C,TOTAL,541.0,791965177.0,395976769.0,682673975.0,109291192.0,5917.0,235029.0,1187941946.0,70778.0,2719.0,434.0,3370.0
USA,United States,RES,CR-,CR+PC/LDUAL/CDL+ERL/H:4-7/RES:2,PC2M/LC/RES3D,TOTAL,427.0,1000451924.0,500215950.0,862389548.0,138062362.0,7961.0,339495.0,1500667874.0,102237.0,3821.0,795.0,2947.0
USA,United States,RES,CR-,CR+PC/LDUAL/CDL+ERL/H:4-7/RES:2,PC2M/LC/RES3E,TOTAL,294.0,1370994126.0,685484422.0,1181796920.0,189197185.0,11763.0,490195.0,2056478547.0,147619.0,5826.0,1667.0,2797.0
USA,United States,RES,CR-,CR+PC/LDUAL/CDL+ERL/H:4-7/RES:3,PC2M/LC/RES4,TOTAL,135.0,774932215.0,387459734.0,669541450.0,105390788.0,4350.0,316553.0,1162391949.0,95328.0,0.0,2345.0,2448.0
USA,United States,RES,CR-,CR+PC/LDUAL/CDL+ERL/H:4-7/RES:4,PC2M/LC/RES5,TOTAL,62.0,600476782.0,300232393.0,487587132.0,112889631.0,3920.0,215531.0,900709174.0,64905.0,0.0,3476.0,2786.0
USA,United States,COM,CR-,CR+PC/LDUAL/CDL+ERL/H:>8/COM:3,PC2H/LC/COM4,TOTAL,501.0,3746557609.0,3746557609.0,3027218661.0,719339057.0,1155.0,1484116.0,7493115219.0,684145.0,0.0,2962.0,2524.0
USA,United States,COM,CR-,CR+PC/LDUAL/CDL+ERL/H:>8/COM:3A,PC2H/LC/COM5,TOTAL,94.0,211158986.0,211158986.0,182019044.0,29139939.0,36.0,59010.0,422317973.0,27203.0,0.0,628.0,3578.0
USA,United States,COM,CR-,CR+PC/LDUAL/CDL+ERL/H:>8/COM:4,PC2H/LC/COM10,TOTAL,692.0,133763037.0,66869176.0,52301348.0,81461693.0,37.0,102911.0,200632213.0,47440.0,0.0,149.0,1300.0
USA,United States,RES,CR-,CR+PC/LDUAL/CDL+ERL/H:>8/RES:2,PC2H/LC/RES3B,TOTAL,11.0,5450648.0,2724957.0,4698458.0,752189.0,16.0,3884.0,8175605.0,1173.0,99.0,353.0,1403.0
USA,United States,RES,CR-,CR+PC/LDUAL/CDL+ERL/H:>8/RES:2,PC2H/LC/RES3C,TOTAL,16.0,21016185.0,10507480.0,18115952.0,2900234.0,156.0,6569.0,31523666.0,1983.0,96.0,411.0,3199.0
USA,United States,RES,CR-,CR+PC/LDUAL/CDL+ERL/H:>8/RES:2,PC2H/LC/RES3D,TOTAL,6.0,13424784.0,6712346.0,11572164.0,1852620.0,111.0,4077.0,20137130.0,1231.0,106.0,680.0,3293.0
USA,United States,RES,CR-,CR+PC/LDUAL/CDL+ERL/H:>8/RES:2,PC2H/LC/RES3E,TOTAL,46.0,247615232.0,123805931.0,213444326.0,34170901.0,1756.0,84121.0,371421163.0,25394.0,1053.0,1829.0,2944.0
USA,United States,RES,CR-,CR+PC/LDUAL/CDL+ERL/H:>8/RES:2,PC2H/LC/RES3F,TOTAL,99.0,1920237173.0,960115126.0,1655244411.0,264992724.0,12637.0,747612.0,2880352299.0,225686.0,10423.0,7552.0,2568.0
USA,United States,RES,CR-,CR+PC/LDUAL/CDL+ERL/H:>8/RES:3,PC2H/LC/RES4,TOTAL,448.0,1517236290.0,758611009.0,1310892191.0,206344147.0,6486.0,590714.0,2275847298.0,178322.0,0.0,1319.0,2568.0
USA,United States,RES,CR-,CR+PC/LDUAL/CDL+ERL/H:>8/RES:4,PC2H/LC/RES5,TOTAL,39.0,587645911.0,293821044.0,477168465.0,110477428.0,3520.0,176654.0,881466955.0,53327.0,0.0,4530.0,3327.0
USA,United States,COM,CR+,CR+PC/LDUAL/CDM+ERM/H:1-3/COM:1,PC2L/MC/COM1,TOTAL,2965.0,4849089475.0,4849089475.0,3423457024.0,1425632305.0,674.0,2671924.0,9698178950.0,1224450.0,0.0,901.0,1815.0
USA,United States,COM,CR+,CR+PC/LDUAL/CDM+ERM/H:1-3/COM:2,PC2L/MC/COM2,TOTAL,1336.0,3143286639.0,3143286639.0,2124861764.0,1018424874.0,376.0,1759674.0,6286573277.0,806396.0,0.0,1317.0,1786.0
USA,United States,COM,CR+,CR+PC/LDUAL/CDM+ERM/H:1-3/COM:3,PC2L/MC/COM4,TOTAL,2517.0,4058967937.0,4058967937.0,3279646204.0,779321851.0,366.0,1527397.0,8117935875.0,699954.0,0.0,607.0,2657.0
USA,United States,COM,CR+,CR+PC/LDUAL/CDM+ERM/H:1-3/COM:3A,PC2L/MC/COM5,TOTAL,252.0,463591659.0,463591659.0,399616006.0,63975647.0,32.0,116090.0,927183319.0,53200.0,0.0,461.0,3993.0
USA,United States,COM,CR+,CR+PC/LDUAL/CDM+ERM/H:1-3/COM:3B,PC2L/MC/COM3,TOTAL,2299.0,2549817271.0,2549817271.0,2136746874.0,413070399.0,297.0,1161757.0,5099634543.0,532395.0,0.0,505.0,2195.0
USA,United States,COM,CR+,CR+PC/LDUAL/CDM+ERM/H:1-3/COM:4,PC2L/MC/COM10,TOTAL,387.0,438750254.0,219325136.0,171551350.0,267198916.0,83.0,350628.0,658075390.0,160680.0,0.0,906.0,1251.0
USA,United States,COM,CR+,CR+PC/LDUAL/CDM+ERM/H:1-3/COM:5,PC2L/MC/COM8,TOTAL,279.0,601415089.0,601415089.0,541273566.0,60141510.0,44.0,175792.0,1202830178.0,80560.0,0.0,630.0,3421.0
USA,United States,IND,CR+,CR+PC/LDUAL/CDM+ERM/H:1-3/IND:1,PC2L/MC/IND1,TOTAL,203.0,918645945.0,1377981355.0,774418525.0,144227418.0,367.0,431193.0,2296627300.0,195471.0,0.0,2124.0,2130.0
USA,United States,IND,CR+,CR+PC/LDUAL/CDM+ERM/H:1-3/IND:2,PC2L/MC/IND2,TOTAL,1842.0,4484625151.0,6726973921.0,3780538981.0,704086173.0,2058.0,2442520.0,11211599073.0,1107259.0,0.0,1326.0,1836.0
USA,United States,IND,CR+,CR+PC/LDUAL/CDM+ERM/H:1-3/IND:3,PC2L/MC/IND3,TOTAL,180.0,1403546904.0,2105335794.0,1183190035.0,220356870.0,376.0,456857.0,3508882698.0,207105.0,0.0,2538.0,3072.0
USA,United States,IND,CR+,CR+PC/LDUAL/CDM+ERM/H:1-3/IND:4,PC2L/MC/IND4,TOTAL,77.0,372586561.0,558881825.0,314090471.0,58496092.0,69.0,123024.0,931468386.0,55770.0,0.0,1598.0,3029.0
USA,United States,IND,CR+,CR+PC/LDUAL/CDM+ERM/H:1-3/IND:5,PC2L/MC/IND5,TOTAL,552.0,1352323537.0,2028520661.0,1140008736.0,212314803.0,421.0,444572.0,3380844198.0,201537.0,0.0,805.0,3042.0
USA,United States,IND,CR+,CR+PC/LDUAL/CDM+ERM/H:1-3/IND:6,PC2L/MC/IND6,TOTAL,1570.0,1583219560.0,1583219560.0,1334654078.0,248565479.0,1062.0,877531.0,3166439120.0,397810.0,0.0,559.0,1804.0
USA,United States,RES,CR+,CR+PC/LDUAL/CDM+ERM/H:1-3/RES:2,PC2L/MC/RES3A,TOTAL,2163.0,1089303158.0,544643270.0,938979310.0,150323832.0,9251.0,606498.0,1633946428.0,182052.0,3484.0,280.0,1796.0
USA,United States,RES,CR+,CR+PC/LDUAL/CDM+ERM/H:1-3/RES:2,PC2L/MC/RES3E,TOTAL,75.0,368653763.0,184321232.0,317779540.0,50874218.0,2274.0,125383.0,552974996.0,37636.0,1055.0,1672.0,2940.0
USA,United States,RES,CR+,CR+PC/LDUAL/CDM+ERM/H:1-3/RES:2,PC2L/MC/RES3F,TOTAL,22.0,313343567.0,156670155.0,270102150.0,43241411.0,2054.0,116238.0,470013722.0,34890.0,987.0,5284.0,2696.0
USA,United States,RES,CR+,CR+PC/LDUAL/CDM+ERM/H:1-3/RES:2,PC2L/MC/RES3B,TOTAL,915.0,462611657.0,231297258.0,398771243.0,63840407.0,5181.0,286747.0,693908915.0,86073.0,2081.0,313.0,1613.0
USA,United States,RES,CR+,CR+PC/LDUAL/CDM+ERM/H:1-3/RES:2,PC2L/MC/RES3C,TOTAL,850.0,1289697488.0,644840848.0,1111719221.0,177978249.0,7226.0,377264.0,1934538336.0,113243.0,3050.0,444.0,3419.0
USA,United States,RES,CR+,CR+PC/LDUAL/CDM+ERM/H:1-3/RES:2,PC2L/MC/RES3D,TOTAL,283.0,706866986.0,353427488.0,609319333.0,97547642.0,4352.0,227183.0,1060294475.0,68193.0,1879.0,803.0,3111.0
USA,United States,COM,CR+,CR+PC/LDUAL/CDM+ERM/H:4-7/COM:1,PC2M/MC/COM1,TOTAL,144.0,307892750.0,307892750.0,217372271.0,90520469.0,85.0,170996.0,615785501.0,78627.0,0.0,1187.0,1801.0
USA,United States,COM,CR+,CR+PC/LDUAL/CDM+ERM/H:4-7/COM:2,PC2M/MC/COM2,TOTAL,241.0,688131055.0,688131055.0,465176595.0,222954462.0,124.0,382031.0,1376262110.0,175664.0,0.0,1585.0,1801.0
USA,United States,COM,CR+,CR+PC/LDUAL/CDM+ERM/H:4-7/COM:3,PC2M/MC/COM4,TOTAL,244.0,516971863.0,516971863.0,417713279.0,99258598.0,75.0,187294.0,1033943726.0,86121.0,0.0,768.0,2760.0
USA,United States,COM,CR+,CR+PC/LDUAL/CDM+ERM/H:4-7/COM:3A,PC2M/MC/COM5,TOTAL,23.0,48557550.0,48557550.0,41856608.0,6700942.0,5.0,11507.0,97115099.0,5291.0,0.0,500.0,4220.0
USA,United States,COM,CR+,CR+PC/LDUAL/CDM+ERM/H:4-7/COM:3B,PC2M/MC/COM3,TOTAL,167.0,194121201.0,194121201.0,162673566.0,31447635.0,43.0,88978.0,388242402.0,40914.0,0.0,533.0,2182.0
USA,United States,COM,CR+,CR+PC/LDUAL/CDM+ERM/H:4-7/COM:4,PC2M/MC/COM10,TOTAL,212.0,80954601.0,40472553.0,31653249.0,49301354.0,25.0,65417.0,121427153.0,30080.0,0.0,309.0,1238.0
USA,United States,IND,CR+,CR+PC/LDUAL/CDM+ERM/H:4-7/IND:5,PC2M/MC/IND5,TOTAL,12.0,21969568.0,32955230.0,18520346.0,3449222.0,16.0,7227.0,54924798.0,3289.0,0.0,602.0,3040.0
USA,United States,RES,CR+,CR+PC/LDUAL/CDM+ERM/H:4-7/RES:2,PC2M/MC/RES3F,TOTAL,27.0,364204415.0,182099256.0,313944203.0,50260208.0,2796.0,133740.0,546303671.0,40275.0,1568.0,4953.0,2723.0
USA,United States,RES,CR+,CR+PC/LDUAL/CDM+ERM/H:4-7/RES:2,PC2M/MC/RES3D,TOTAL,55.0,148096548.0,74047304.0,127659223.0,20437323.0,800.0,46172.0,222143852.0,13904.0,443.0,839.0,3207.0
USA,United States,RES,CR+,CR+PC/LDUAL/CDM+ERM/H:4-7/RES:2,PC2M/MC/RES3C,TOTAL,101.0,149650187.0,74824448.0,128998460.0,20651725.0,857.0,42039.0,224474636.0,12660.0,403.0,416.0,3560.0
USA,United States,RES,CR+,CR+PC/LDUAL/CDM+ERM/H:4-7/RES:2,PC2M/MC/RES3E,TOTAL,53.0,285822051.0,142908830.0,246378606.0,39443442.0,2014.0,94104.0,428730881.0,28339.0,1110.0,1776.0,3037.0
USA,United States,RES,CR+,CR+PC/LDUAL/CDM+ERM/H:4-7/RES:2,PC2M/MC/RES3B,TOTAL,44.0,20910972.0,10455132.0,18025257.0,2885714.0,208.0,12140.0,31366104.0,3656.0,90.0,276.0,1722.0
USA,United States,COM,CR+,CR+PC/LDUAL/CDM+ERM/H:>8/COM:3,PC2H/MC/COM4,TOTAL,230.0,689543511.0,689543511.0,557151176.0,132392355.0,166.0,247626.0,1379087022.0,114150.0,0.0,1077.0,2785.0
USA,United States,COM,CR+,CR+PC/LDUAL/CDM+ERM/H:>8/COM:3A,PC2H/MC/COM5,TOTAL,39.0,77610604.0,77610604.0,66900340.0,10710263.0,13.0,18890.0,155221207.0,8708.0,0.0,484.0,4109.0
USA,United States,RES,CR+,CR+PC/LDUAL/CDM+ERM/H:>8/RES:2,PC2H/MC/RES3F,TOTAL,31.0,470797936.0,235396930.0,405827814.0,64970114.0,3629.0,165248.0,706194866.0,49884.0,2421.0,5331.0,2849.0
USA,United States,RES,CR+,CR+PC/LDUAL/CDM+ERM/H:>8/RES:2,PC2H/MC/RES3C,TOTAL,17.0,31920337.0,15960035.0,27515330.0,4405006.0,197.0,9256.0,47880372.0,2794.0,73.0,544.0,3449.0
USA,United States,RES,CR+,CR+PC/LDUAL/CDM+ERM/H:>8/RES:2,PC2H/MC/RES3D,TOTAL,6.0,23364954.0,11682384.0,20140590.0,3224364.0,88.0,7469.0,35047338.0,2255.0,80.0,1245.0,3128.0
USA,United States,RES,CR+,CR+PC/LDUAL/CDM+ERM/H:>8/RES:2,PC2H/MC/RES3E,TOTAL,24.0,159156343.0,79576914.0,137192770.0,21963575.0,840.0,49768.0,238733257.0,15024.0,653.0,2074.0,3198.0
USA,United States,RES,CR+,CR+PC/LDUAL/CDM+ERM/H:>8/RES:2,PC2H/MC/RES3B,TOTAL,3.0,1477977.0,738914.0,1274016.0,203961.0,14.0,850.0,2216891.0,256.0,10.0,283.0,1739.0
USA,United States,RES,CR+,CR+PC/LDUAL/CDM+ERM/H:>8/RES:3,PC2H/MC/RES4,TOTAL,36.0,473201717.0,236599662.0,408846297.0,64355437.0,1617.0,165700.0,709801378.0,50021.0,0.0,4603.0,2856.0
USA,United States,COM,CR-,CR+PC/LDUAL/CDN+ERL/H:1-3/COM:1,PC2L/PC/COM1,TOTAL,875.0,1083234948.0,1083234948.0,764763842.0,318471075.0,194.0,688763.0,2166469895.0,315636.0,0.0,787.0,1573.0
USA,United States,COM,CR-,CR+PC/LDUAL/CDN+ERL/H:1-3/COM:2,PC2L/PC/COM2,TOTAL,4548.0,9443250804.0,9443250804.0,6383637539.0,3059613273.0,1291.0,6133744.0,18886501608.0,2810878.0,0.0,1349.0,1540.0
USA,United States,COM,CR-,CR+PC/LDUAL/CDN+ERL/H:1-3/COM:3,PC2L/PC/COM4,TOTAL,765.0,977753579.0,977753579.0,790024920.0,187728689.0,109.0,410752.0,1955507158.0,188234.0,0.0,537.0,2380.0
USA,United States,COM,CR-,CR+PC/LDUAL/CDN+ERL/H:1-3/COM:3A,PC2L/PC/COM5,TOTAL,709.0,1001337713.0,1001337713.0,863153096.0,138184601.0,80.0,278141.0,2002675426.0,127463.0,0.0,392.0,3600.0
USA,United States,COM,CR-,CR+PC/LDUAL/CDN+ERL/H:1-3/COM:3B,PC2L/PC/COM3,TOTAL,853.0,827950249.0,827950249.0,693822309.0,134127941.0,119.0,431783.0,1655900498.0,197872.0,0.0,506.0,1918.0
USA,United States,COM,CR-,CR+PC/LDUAL/CDN+ERL/H:1-3/COM:4,PC2L/PC/COM10,TOTAL,2848.0,4046123439.0,2022839865.0,1582034274.0,2464089282.0,831.0,3437272.0,6068963304.0,1575179.0,0.0,1207.0,1177.0
USA,United States,COM,CR-,CR+PC/LDUAL/CDN+ERL/H:1-3/COM:5,PC2L/PC/COM8,TOTAL,94.0,158030697.0,158030697.0,142227623.0,15803070.0,14.0,51783.0,316061394.0,23731.0,0.0,551.0,3052.0
USA,United States,COM,CR-,CR+PC/LDUAL/CDN+ERL/H:1-3/COM:5A,PC2L/PC/COM9,TOTAL,323.0,923896943.0,923896943.0,811181536.0,112715428.0,90.0,371404.0,1847793887.0,170201.0,0.0,1150.0,2488.0
USA,United States,IND,CR-,CR+PC/LDUAL/CDN+ERL/H:1-3/IND:1,PC2L/PC/IND1,TOTAL,1782.0,8270194876.0,12405411759.0,6971774242.0,1298420638.0,3715.0,4376842.0,20675606636.0,1984137.0,0.0,2456.0,1890.0
USA,United States,IND,CR-,CR+PC/LDUAL/CDN+ERL/H:1-3/IND:2,PC2L/PC/IND2,TOTAL,6664.0,17478862588.0,26218439369.0,14734681073.0,2744181516.0,6789.0,10693149.0,43697301957.0,4847487.0,0.0,1605.0,1635.0
USA,United States,IND,CR-,CR+PC/LDUAL/CDN+ERL/H:1-3/IND:3,PC2L/PC/IND3,TOTAL,377.0,2605299887.0,3907996946.0,2196267796.0,409032096.0,946.0,981144.0,6513296832.0,444778.0,0.0,2603.0,2655.0
USA,United States,IND,CR-,CR+PC/LDUAL/CDN+ERL/H:1-3/IND:4,PC2L/PC/IND4,TOTAL,268.0,1244627386.0,1866970428.0,1049220882.0,195406505.0,488.0,484976.0,3111597814.0,219853.0,0.0,1810.0,2566.0
USA,United States,IND,CR-,CR+PC/LDUAL/CDN+ERL/H:1-3/IND:5,PC2L/PC/IND5,TOTAL,1684.0,4471714341.0,6707699649.0,3769655167.0,702059176.0,1469.0,1667041.0,11179413990.0,755716.0,0.0,990.0,2682.0
USA,United States,IND,CR-,CR+PC/LDUAL/CDN+ERL/H:1-3/IND:6,PC2L/PC/IND6,TOTAL,2296.0,1816537863.0,1816537863.0,1531341408.0,285196454.0,1310.0,1122869.0,3633075726.0,509030.0,0.0,489.0,1618.0
USA,United States,RES,CR-,CR+PC/LDUAL/CDN+ERL/H:1-3/RES:2,PC2L/PC/RES3A,TOTAL,588.0,276677707.0,138337191.0,238496180.0,38181523.0,2428.0,178703.0,415014897.0,53641.0,953.0,304.0,1548.0
USA,United States,RES,CR-,CR+PC/LDUAL/CDN+ERL/H:1-3/RES:2,PC2L/PC/RES3B,TOTAL,162.0,69393363.0,34694875.0,59817078.0,9576284.0,880.0,49951.0,104088238.0,14994.0,350.0,308.0,1389.0
USA,United States,RES,CR-,CR+PC/LDUAL/CDN+ERL/H:1-3/RES:2,PC2L/PC/RES3C,TOTAL,128.0,156943367.0,78469556.0,135285180.0,21658184.0,999.0,53127.0,235412922.0,15947.0,421.0,415.0,2954.0
USA,United States,RES,CR-,CR+PC/LDUAL/CDN+ERL/H:1-3/RES:2,PC2L/PC/RES3D,TOTAL,31.0,66803590.0,33400263.0,57584693.0,9218895.0,447.0,24171.0,100203853.0,7255.0,209.0,780.0,2764.0
USA,United States,RES,CR-,CR+PC/LDUAL/CDN+ERL/H:1-3/RES:2,PC2L/PC/RES3E,TOTAL,18.0,76360636.0,38179252.0,65822867.0,10537767.0,388.0,31599.0,114539888.0,9485.0,176.0,1756.0,2417.0
USA,United States,RES,CR-,CR+PC/LDUAL/CDN+ERL/H:1-3/RES:2,PC2L/PC/RES3F,TOTAL,7.0,90377621.0,45188547.0,77905508.0,12472111.0,394.0,42067.0,135566168.0,12627.0,218.0,6010.0,2148.0
USA,United States,RES,CR-,CR+PC/LDUAL/CDN+ERL/H:1-3/RES:3,PC2L/PC/RES4,TOTAL,559.0,1489748197.0,744845553.0,1287142471.0,202605767.0,8218.0,624678.0,2234593750.0,187506.0,0.0,1117.0,2385.0
USA,United States,RES,CR-,CR+PC/LDUAL/CDN+ERL/H:1-3/RES:4,PC2L/PC/RES5,TOTAL,1221.0,12667614651.0,6333701009.0,10286102808.0,2381511466.0,60540.0,4770799.0,19001315659.0,1432022.0,0.0,3907.0,2655.0
USA,United States,RES,CR-,CR+PC/LDUAL/CDN+ERL/H:1-3/RES:4,PC2L/PC/RES6,TOTAL,623.0,3247787467.0,1623827779.0,2650194518.0,597592894.0,18686.0,1042349.0,4871615245.0,312877.0,0.0,1673.0,3116.0
USA,United States,COM,CR-,CR+PC/LDUAL/CDN+ERL/H:4-7/COM:1,PC2M/PC/COM1,TOTAL,970.0,1157914556.0,1157914556.0,817487643.0,340426879.0,253.0,680788.0,2315829112.0,313038.0,0.0,702.0,1701.0
USA,United States,COM,CR-,CR+PC/LDUAL/CDN+ERL/H:4-7/COM:2,PC2M/PC/COM2,TOTAL,603.0,1497746686.0,1497746686.0,1012476755.0,485269927.0,314.0,940416.0,2995493371.0,432418.0,0.0,1560.0,1593.0
USA,United States,COM,CR-,CR+PC/LDUAL/CDN+ERL/H:4-7/COM:3,PC2M/PC/COM4,TOTAL,2109.0,3942004149.0,3942004149.0,3185139459.0,756864803.0,716.0,1557679.0,7884008298.0,716247.0,0.0,739.0,2531.0
USA,United States,COM,CR-,CR+PC/LDUAL/CDN+ERL/H:4-7/COM:3A,PC2M/PC/COM5,TOTAL,156.0,266415158.0,266415158.0,229649864.0,36765291.0,30.0,72881.0,532830316.0,33512.0,0.0,467.0,3655.0
USA,United States,COM,CR-,CR+PC/LDUAL/CDN+ERL/H:4-7/COM:3B,PC2M/PC/COM3,TOTAL,890.0,1049283158.0,1049283158.0,879299287.0,169983872.0,222.0,517181.0,2098566316.0,237809.0,0.0,581.0,2029.0
USA,United States,COM,CR-,CR+PC/LDUAL/CDN+ERL/H:4-7/COM:4,PC2M/PC/COM10,TOTAL,317.0,198017781.0,98989375.0,77424953.0,120592834.0,69.0,166953.0,297007155.0,76768.0,0.0,527.0,1186.0
USA,United States,COM,CR-,CR+PC/LDUAL/CDN+ERL/H:4-7/COM:5,PC2M/PC/COM8,TOTAL,632.0,1486671435.0,1486671435.0,1338004262.0,148667146.0,224.0,471379.0,2973342870.0,216748.0,0.0,746.0,3154.0
USA,United States,IND,CR-,CR+PC/LDUAL/CDN+ERL/H:4-7/IND:2,PC2M/PC/IND2,TOTAL,616.0,1401702318.0,2102562271.0,1181635045.0,220067272.0,752.0,824903.0,3504264589.0,375436.0,0.0,1339.0,1699.0
USA,United States,IND,CR-,CR+PC/LDUAL/CDN+ERL/H:4-7/IND:3,PC2M/PC/IND3,TOTAL,49.0,362161035.0,543251116.0,305301751.0,56859284.0,150.0,138640.0,905412151.0,63099.0,0.0,2829.0,2612.0
USA,United States,IND,CR-,CR+PC/LDUAL/CDN+ERL/H:4-7/IND:5,PC2M/PC/IND5,TOTAL,90.0,280932608.0,421405296.0,236826188.0,44106421.0,127.0,99267.0,702337905.0,45179.0,0.0,1103.0,2830.0
USA,United States,RES,CR-,CR+PC/LDUAL/CDN+ERL/H:4-7/RES:2,PC2M/PC/RES3D,TOTAL,999.0,2493474903.0,1246714974.0,2149375337.0,344099528.0,19840.0,762260.0,3740189877.0,229550.0,9495.0,763.0,3271.0
USA,United States,RES,CR-,CR+PC/LDUAL/CDN+ERL/H:4-7/RES:2,PC2M/PC/RES3E,TOTAL,928.0,5301960111.0,2650949001.0,4570289551.0,731670478.0,48600.0,1694373.0,7952909112.0,510248.0,22320.0,1826.0,3129.0
USA,United States,RES,CR-,CR+PC/LDUAL/CDN+ERL/H:4-7/RES:2,PC2M/PC/RES3F,TOTAL,530.0,7790906180.0,3895429256.0,6715761052.0,1075145030.0,73025.0,2694028.0,11686335436.0,811285.0,34333.0,5083.0,2892.0
USA,United States,RES,CR-,CR+PC/LDUAL/CDN+ERL/H:4-7/RES:2,PC2M/PC/RES3B,TOTAL,5199.0,2710331744.0,1355144347.0,2336305933.0,374025771.0,37379.0,1485406.0,4065476091.0,447322.0,15613.0,286.0,1825.0
USA,United States,RES,CR-,CR+PC/LDUAL/CDN+ERL/H:4-7/RES:2,PC2M/PC/RES3C,TOTAL,2393.0,3652489412.0,1826223636.0,3148445832.0,504043526.0,25855.0,987233.0,5478713048.0,297300.0,11351.0,413.0,3700.0
USA,United States,RES,CR-,CR+PC/LDUAL/CDN+ERL/H:4-7/RES:3,PC2M/PC/RES4,TOTAL,414.0,1145372020.0,572668454.0,989601446.0,155770603.0,7071.0,449160.0,1718040474.0,135261.0,0.0,1085.0,2550.0
USA,United States,RES,CR-,CR+PC/LDUAL/CDN+ERL/H:4-7/RES:4,PC2M/PC/RES5,TOTAL,116.0,1297540955.0,648760037.0,1053603224.0,243937691.0,8204.0,423890.0,1946300992.0,127651.0,0.0,3654.0,3061.0
USA,United States,COM,CR-,CR+PC/LDUAL/CDN+ERL/H:>8/COM:3,PC2H/PC/COM4,TOTAL,208.0,819691076.0,819691076.0,662310403.0,157380688.0,224.0,317274.0,1639382153.0,146257.0,0.0,1525.0,2584.0
USA,United States,COM,CR-,CR+PC/LDUAL/CDN+ERL/H:>8/COM:3A,PC2H/PC/COM5,TOTAL,35.0,74191820.0,74191820.0,63953349.0,10238471.0,12.0,20700.0,148383641.0,9542.0,0.0,591.0,3584.0
USA,United States,COM,CR-,CR+PC/LDUAL/CDN+ERL/H:>8/COM:4,PC2H/PC/COM10,TOTAL,126.0,28273000.0,14131903.0,11054743.0,17218258.0,9.0,21417.0,42404903.0,9873.0,0.0,170.0,1320.0
USA,United States,RES,CR-,CR+PC/LDUAL/CDN+ERL/H:>8/RES:2,PC2H/PC/RES3B,TOTAL,5.0,2532117.0,1266007.0,2182685.0,349432.0,20.0,1472.0,3798124.0,444.0,11.0,294.0,1720.0
USA,United States,RES,CR-,CR+PC/LDUAL/CDN+ERL/H:>8/RES:2,PC2H/PC/RES3C,TOTAL,14.0,23293978.0,11646417.0,20079409.0,3214569.0,126.0,6609.0,34940395.0,1995.0,89.0,472.0,3525.0
USA,United States,RES,CR-,CR+PC/LDUAL/CDN+ERL/H:>8/RES:2,PC2H/PC/RES3D,TOTAL,14.0,42402771.0,21201070.0,36551189.0,5851582.0,236.0,11905.0,63603842.0,3594.0,138.0,850.0,3562.0
USA,United States,RES,CR-,CR+PC/LDUAL/CDN+ERL/H:>8/RES:2,PC2H/PC/RES3E,TOTAL,28.0,154673684.0,77335974.0,133328714.0,21344968.0,1077.0,47770.0,232009658.0,14421.0,625.0,1706.0,3238.0
USA,United States,RES,CR-,CR+PC/LDUAL/CDN+ERL/H:>8/RES:2,PC2H/PC/RES3F,TOTAL,51.0,788429948.0,394213499.0,679626608.0,108803330.0,8753.0,287287.0,1182643447.0,86725.0,4770.0,5633.0,2744.0
USA,United States,RES,CR-,CR+PC/LDUAL/CDN+ERL/H:>8/RES:3,PC2H/PC/RES4,TOTAL,74.0,502824372.0,251410463.0,434440267.0,68384118.0,1936.0,204898.0,754234836.0,61854.0,0.0,2769.0,2454.0
USA,United States,RES,CR-,CR+PC/LDUAL/CDN+ERL/H:>8/RES:4,PC2H/PC/RES5,TOTAL,10.0,128493184.0,64246123.0,104336463.0,24156718.0,707.0,40101.0,192739308.0,12105.0,0.0,4010.0,3204.0
USA,United States,COM,CR+,CR+PC/LWAL/CDH+ERH/H:1/COM:1,PC1/HC/COM1,TOTAL,5203.0,10146249347.0,10146249347.0,7163251743.0,2982997306.0,1330.0,5437617.0,20292498693.0,2609055.0,0.0,1045.0,1866.0
USA,United States,COM,CR+,CR+PC/LWAL/CDH+ERH/H:1/COM:2,PC1/HC/COM2,TOTAL,10737.0,27907123699.0,27907123699.0,18865215621.0,9041908102.0,3113.0,14929268.0,55814247399.0,7163290.0,0.0,1390.0,1869.0
USA,United States,COM,CR+,CR+PC/LWAL/CDH+ERH/H:1/COM:3,PC1/HC/COM4,TOTAL,5316.0,10567438898.0,10567438898.0,8538490915.0,2028948286.0,969.0,3724465.0,21134877797.0,1787060.0,0.0,701.0,2837.0
USA,United States,COM,CR+,CR+PC/LWAL/CDH+ERH/H:1/COM:3A,PC1/HC/COM5,TOTAL,496.0,1036726784.0,1036726784.0,893658477.0,143068293.0,66.0,242260.0,2073453568.0,116241.0,0.0,488.0,4279.0
USA,United States,COM,CR+,CR+PC/LWAL/CDH+ERH/H:1/COM:3B,PC1/HC/COM3,TOTAL,5038.0,6327424488.0,6327424488.0,5302381720.0,1025042771.0,722.0,2781953.0,12654848976.0,1334829.0,0.0,552.0,2274.0
USA,United States,COM,CR+,CR+PC/LWAL/CDH+ERH/H:1/COM:4,PC1/HC/COM10,TOTAL,68.0,91975236.0,45980535.0,35962317.0,56012922.0,13.0,70207.0,137955772.0,33687.0,0.0,1032.0,1310.0
USA,United States,COM,CR+,CR+PC/LWAL/CDH+ERH/H:1/COM:5,PC1/HC/COM8,TOTAL,903.0,2252513876.0,2252513876.0,2027262431.0,225251391.0,161.0,624075.0,4505027752.0,299442.0,0.0,691.0,3609.0
USA,United States,COM,CR+,CR+PC/LWAL/CDH+ERH/H:1/COM:5A,PC1/HC/COM9,TOTAL,19.0,83904923.0,83904923.0,73668525.0,10236401.0,12.0,28145.0,167809846.0,13505.0,0.0,1481.0,2981.0
USA,United States,IND,CR+,CR+PC/LWAL/CDH+ERH/H:1/IND:1,PC1/HC/IND1,TOTAL,633.0,3152114017.0,4728215129.0,2657232101.0,494881916.0,1321.0,1403351.0,7880329146.0,653784.0,0.0,2217.0,2246.0
USA,United States,IND,CR+,CR+PC/LWAL/CDH+ERH/H:1/IND:2,PC1/HC/IND2,TOTAL,9723.0,25499363632.0,38249236732.0,21495963354.0,4003400220.0,11918.0,13675663.0,63748600365.0,6371122.0,0.0,1407.0,1865.0
USA,United States,IND,CR+,CR+PC/LWAL/CDH+ERH/H:1/IND:3,PC1/HC/IND3,TOTAL,613.0,4749568106.0,7124403995.0,4003885905.0,745682220.0,1372.0,1470372.0,11873972101.0,685007.0,0.0,2399.0,3230.0
USA,United States,IND,CR+,CR+PC/LWAL/CDH+ERH/H:1/IND:4,PC1/HC/IND4,TOTAL,171.0,996459401.0,1494698498.0,840015266.0,156444130.0,223.0,310562.0,2491157900.0,144683.0,0.0,1816.0,3209.0
USA,United States,IND,CR+,CR+PC/LWAL/CDH+ERH/H:1/IND:5,PC1/HC/IND5,TOTAL,252.0,752196237.0,1128301875.0,634101421.0,118094813.0,241.0,253004.0,1880498112.0,117868.0,0.0,1004.0,2973.0
USA,United States,IND,CR+,CR+PC/LWAL/CDH+ERH/H:1/IND:6,PC1/HC/IND6,TOTAL,3082.0,3574149693.0,3574149693.0,3013008170.0,561141520.0,2521.0,1887171.0,7148299385.0,879187.0,0.0,612.0,1894.0
USA,United States,RES,CR+,CR+PC/LWAL/CDH+ERH/H:1/RES:4,PC1/HC/RES6,TOTAL,187.0,1003994546.0,501982070.0,819259536.0,184734996.0,5052.0,269742.0,1505976615.0,88898.0,0.0,1442.0,3722.0
USA,United States,COM,CR+,CR+PC/LWAL/CDH+ERS/H:1/COM:1,PC1/SC/COM1,TOTAL,7.0,10921224.0,10921224.0,7710384.0,3210840.0,2.0,6270.0,21842449.0,3008.0,0.0,896.0,1742.0
USA,United States,COM,CR+,CR+PC/LWAL/CDH+ERS/H:1/COM:1,PC1/VC/COM1,TOTAL,340.0,760446028.0,760446028.0,536874874.0,223571131.0,100.0,408199.0,1520892057.0,195861.0,0.0,1201.0,1863.0
USA,United States,COM,CR+,CR+PC/LWAL/CDH+ERS/H:1/COM:2,PC1/SC/COM2,TOTAL,13.0,31131018.0,31131018.0,21044568.0,10086450.0,5.0,17202.0,62262036.0,8254.0,0.0,1323.0,1810.0
USA,United States,COM,CR+,CR+PC/LWAL/CDH+ERS/H:1/COM:2,PC1/VC/COM2,TOTAL,608.0,1780806435.0,1780806435.0,1203825145.0,576981285.0,192.0,949409.0,3561612870.0,455541.0,0.0,1562.0,1876.0
USA,United States,COM,CR+,CR+PC/LWAL/CDH+ERS/H:1/COM:3,PC1/SC/COM4,TOTAL,10.0,20002928.0,20002928.0,16162366.0,3840562.0,2.0,7377.0,40005855.0,3540.0,0.0,738.0,2712.0
USA,United States,COM,CR+,CR+PC/LWAL/CDH+ERS/H:1/COM:3,PC1/VC/COM4,TOTAL,322.0,703845122.0,703845122.0,568706878.0,135138265.0,62.0,250607.0,1407690245.0,120245.0,0.0,778.0,2809.0
USA,United States,COM,CR+,CR+PC/LWAL/CDH+ERS/H:1/COM:3A,PC1/VC/COM5,TOTAL,43.0,67734560.0,67734560.0,58387190.0,9347369.0,5.0,15693.0,135469120.0,7530.0,0.0,365.0,4316.0
USA,United States,COM,CR+,CR+PC/LWAL/CDH+ERS/H:1/COM:3A,PC1/SC/COM5,TOTAL,1.0,5490692.0,5490692.0,4732976.0,757715.0,0.0,1335.0,10981384.0,641.0,0.0,1335.0,4113.0
USA,United States,COM,CR+,CR+PC/LWAL/CDH+ERS/H:1/COM:3B,PC1/VC/COM3,TOTAL,255.0,363420391.0,363420391.0,304546286.0,58874104.0,40.0,161519.0,726840781.0,77500.0,0.0,633.0,2250.0
USA,United States,COM,CR+,CR+PC/LWAL/CDH+ERS/H:1/COM:3B,PC1/SC/COM3,TOTAL,8.0,12757959.0,12757959.0,10691170.0,2066789.0,1.0,5750.0,25515918.0,2759.0,0.0,719.0,2219.0
USA,United States,COM,CR+,CR+PC/LWAL/CDH+ERS/H:1/COM:5,PC1/VC/COM8,TOTAL,48.0,127277730.0,127277730.0,114549954.0,12727773.0,11.0,36642.0,254555460.0,17581.0,0.0,763.0,3474.0
USA,United States,COM,CR+,CR+PC/LWAL/CDH+ERS/H:1/COM:5,PC1/SC/COM8,TOTAL,1.0,1802724.0,1802724.0,1622451.0,180272.0,0.0,592.0,3605447.0,284.0,0.0,592.0,3045.0
USA,United States,IND,CR+,CR+PC/LWAL/CDH+ERS/H:1/IND:1,PC1/SC/IND1,TOTAL,1.0,5045768.0,7568536.0,4253582.0,792186.0,2.0,2292.0,12614304.0,1068.0,0.0,2292.0,2201.0
USA,United States,IND,CR+,CR+PC/LWAL/CDH+ERS/H:1/IND:1,PC1/VC/IND1,TOTAL,25.0,109704477.0,164560206.0,92480873.0,17223603.0,49.0,49923.0,274264683.0,23258.0,0.0,1997.0,2197.0
USA,United States,IND,CR+,CR+PC/LWAL/CDH+ERS/H:1/IND:2,PC1/VC/IND2,TOTAL,696.0,2136751530.0,3205140519.0,1801281522.0,335470001.0,913.0,1146600.0,5341892049.0,534170.0,0.0,1647.0,1864.0
USA,United States,IND,CR+,CR+PC/LWAL/CDH+ERS/H:1/IND:2,PC1/SC/IND2,TOTAL,19.0,53706016.0,80559308.0,45274172.0,8431845.0,29.0,30271.0,134265323.0,14103.0,0.0,1593.0,1774.0
USA,United States,IND,CR+,CR+PC/LWAL/CDH+ERS/H:1/IND:3,PC1/VC/IND3,TOTAL,35.0,201760217.0,302641923.0,170083864.0,31676355.0,61.0,61879.0,504402140.0,28828.0,0.0,1768.0,3261.0
USA,United States,IND,CR+,CR+PC/LWAL/CDH+ERS/H:1/IND:3,PC1/SC/IND3,TOTAL,1.0,32990400.0,49486760.0,27810907.0,5179493.0,9.0,10578.0,82477160.0,4928.0,0.0,10578.0,3119.0
USA,United States,IND,CR+,CR+PC/LWAL/CDH+ERS/H:1/IND:6,PC1/SC/IND6,TOTAL,5.0,10581573.0,10581573.0,8920266.0,1661307.0,3.0,5698.0,21163146.0,2655.0,0.0,1140.0,1857.0
USA,United States,IND,CR+,CR+PC/LWAL/CDH+ERS/H:1/IND:6,PC1/VC/IND6,TOTAL,201.0,258185212.0,258185212.0,217650132.0,40535080.0,180.0,137860.0,516370424.0,64225.0,0.0,686.0,1873.0
USA,United States,COM,CR-,CR+PC/LWAL/CDL+ERL/H:1/COM:1,PC1/LC/COM1,TOTAL,20147.0,33822912726.0,33822912726.0,23878975365.0,9943936340.0,5864.0,22514101.0,67645825451.0,10802626.0,0.0,1117.0,1502.0
USA,United States,COM,CR-,CR+PC/LWAL/CDL+ERL/H:1/COM:2,PC1/LC/COM2,TOTAL,32174.0,72262534576.0,72262534576.0,48849473331.0,23413061296.0,9788.0,47452482.0,144525069153.0,22768427.0,0.0,1475.0,1523.0
USA,United States,COM,CR-,CR+PC/LWAL/CDL+ERL/H:1/COM:3,PC1/LC/COM4,TOTAL,40862.0,65610922429.0,65610922429.0,53013627152.0,12597297202.0,6797.0,28546465.0,131221844858.0,13697062.0,0.0,699.0,2298.0
USA,United States,COM,CR-,CR+PC/LWAL/CDL+ERL/H:1/COM:3A,PC1/LC/COM5,TOTAL,3714.0,6639355185.0,6639355185.0,5723124094.0,916230992.0,528.0,1948145.0,13278710371.0,934758.0,0.0,525.0,3408.0
USA,United States,COM,CR-,CR+PC/LWAL/CDL+ERL/H:1/COM:3B,PC1/LC/COM3,TOTAL,16899.0,17260363331.0,17260363331.0,14464184468.0,2796178869.0,2427.0,9438478.0,34520726663.0,4528747.0,0.0,559.0,1829.0
USA,United States,COM,CR-,CR+PC/LWAL/CDL+ERL/H:1/COM:4,PC1/LC/COM10,TOTAL,3049.0,4169678197.0,2084573552.0,1630344185.0,2539334133.0,850.0,3810819.0,6254251749.0,1828491.0,0.0,1250.0,1094.0
USA,United States,COM,CR-,CR+PC/LWAL/CDL+ERL/H:1/COM:5,PC1/LC/COM8,TOTAL,9289.0,18540633336.0,18540633336.0,16686569559.0,1854063367.0,1825.0,6375934.0,37081266672.0,3059285.0,0.0,686.0,2908.0
USA,United States,COM,CR-,CR+PC/LWAL/CDL+ERL/H:1/COM:5A,PC1/LC/COM9,TOTAL,740.0,2537751109.0,2537751109.0,2228145534.0,309605638.0,252.0,1063458.0,5075502218.0,510264.0,0.0,1437.0,2386.0
USA,United States,IND,CR-,CR+PC/LWAL/CDL+ERL/H:1/IND:1,PC1/LC/IND1,TOTAL,4300.0,22509247840.0,33764177161.0,18975295826.0,3533952032.0,10633.0,12318308.0,56273425000.0,5738771.0,0.0,2865.0,1827.0
USA,United States,IND,CR-,CR+PC/LWAL/CDL+ERL/H:1/IND:2,PC1/LC/IND2,TOTAL,25360.0,67560978285.0,101342030519.0,56953904379.0,10607073949.0,29912.0,43993829.0,168903008804.0,20495541.0,0.0,1735.0,1536.0
USA,United States,IND,CR-,CR+PC/LWAL/CDL+ERL/H:1/IND:3,PC1/LC/IND3,TOTAL,1487.0,9947899452.0,14922028380.0,8386079202.0,1561820263.0,3506.0,3850219.0,24869927832.0,1793714.0,0.0,2589.0,2584.0
USA,United States,IND,CR-,CR+PC/LWAL/CDL+ERL/H:1/IND:4,PC1/LC/IND4,TOTAL,1072.0,6641702673.0,9962683934.0,5598955310.0,1042747354.0,2320.0,2595956.0,16604386607.0,1209387.0,0.0,2422.0,2558.0
USA,United States,IND,CR-,CR+PC/LWAL/CDL+ERL/H:1/IND:5,PC1/LC/IND5,TOTAL,4135.0,13054237141.0,19581710898.0,11004721839.0,2049515300.0,4576.0,5023136.0,32635948038.0,2340148.0,0.0,1215.0,2599.0
USA,United States,IND,CR-,CR+PC/LWAL/CDL+ERL/H:1/IND:6,PC1/LC/IND6,TOTAL,9456.0,8719737173.0,8719737173.0,7350738384.0,1368998782.0,6391.0,5709343.0,17439474346.0,2659844.0,0.0,604.0,1527.0
USA,United States,RES,CR-,CR+PC/LWAL/CDL+ERL/H:1/RES:1,PC1/LC/RES1,TOTAL,9900.0,3224177866.0,1612086318.0,2469720159.0,754457612.0,19255.0,1609367.0,4836264184.0,530394.0,8056.0,163.0,2003.0
USA,United States,RES,CR-,CR+PC/LWAL/CDL+ERL/H:1/RES:2,PC1/LC/RES3F,TOTAL,76.0,753757802.0,376870259.0,649739214.0,104018574.0,5649.0,329821.0,1130628061.0,108698.0,4456.0,4340.0,2285.0
USA,United States,RES,CR-,CR+PC/LWAL/CDL+ERL/H:1/RES:2,PC1/LC/RES3E,TOTAL,93.0,354262255.0,177128065.0,305374059.0,48888190.0,2562.0,142885.0,531390320.0,47090.0,2020.0,1536.0,2479.0
USA,United States,RES,CR-,CR+PC/LWAL/CDL+ERL/H:1/RES:2,PC1/LC/RES3A,TOTAL,688.0,295406101.0,147699200.0,254640057.0,40766041.0,2965.0,206507.0,443105301.0,68058.0,1273.0,300.0,1430.0
USA,United States,RES,CR-,CR+PC/LWAL/CDL+ERL/H:1/RES:2,PC1/LC/RES3D,TOTAL,45.0,73963044.0,36979420.0,63756142.0,10206900.0,488.0,29180.0,110942464.0,9617.0,264.0,648.0,2535.0
USA,United States,RES,CR-,CR+PC/LWAL/CDL+ERL/H:1/RES:2,PC1/LC/RES3C,TOTAL,194.0,239710279.0,119853276.0,206630258.0,33080018.0,1646.0,90941.0,359563555.0,29971.0,666.0,469.0,2636.0
USA,United States,RES,CR-,CR+PC/LWAL/CDL+ERL/H:1/RES:2,PC1/LC/RES3B,TOTAL,159.0,70930626.0,35463614.0,61142199.0,9788426.0,825.0,57353.0,106394240.0,18902.0,360.0,361.0,1237.0
USA,United States,RES,CR-,CR+PC/LWAL/CDL+ERL/H:1/RES:3,PC1/LC/RES4,TOTAL,727.0,3093656113.0,1546788092.0,2672918948.0,420737254.0,15806.0,1302742.0,4640444205.0,429341.0,0.0,1792.0,2375.0
USA,United States,RES,CR-,CR+PC/LWAL/CDL+ERL/H:1/RES:4,PC1/LC/RES6,TOTAL,786.0,4387141041.0,2193486046.0,3579907016.0,807233952.0,21660.0,1436727.0,6580627087.0,473499.0,0.0,1828.0,3054.0
USA,United States,RES,CR-,CR+PC/LWAL/CDL+ERL/H:1/RES:4,PC1/LC/RES5,TOTAL,2242.0,20872796639.0,10436250162.0,16948710352.0,3924085633.0,78657.0,8089283.0,31309046801.0,2665958.0,0.0,3608.0,2580.0
USA,United States,COM,CR+,CR+PC/LWAL/CDM+ERM/H:1/COM:1,PC1/MC/COM1,TOTAL,10496.0,17329114916.0,17329114916.0,12234354623.0,5094759782.0,2416.0,9661825.0,34658229832.0,4635898.0,0.0,921.0,1794.0
USA,United States,COM,CR+,CR+PC/LWAL/CDM+ERM/H:1/COM:2,PC1/MC/COM2,TOTAL,18058.0,43045494002.0,43045494002.0,29098753878.0,13946740104.0,4844.0,24026322.0,86090988004.0,11528195.0,0.0,1331.0,1792.0
USA,United States,COM,CR+,CR+PC/LWAL/CDM+ERM/H:1/COM:3,PC1/MC/COM4,TOTAL,10598.0,18285634582.0,18285634582.0,14774793215.0,3510841874.0,1624.0,6891028.0,36571269164.0,3306430.0,0.0,650.0,2654.0
USA,United States,COM,CR+,CR+PC/LWAL/CDM+ERM/H:1/COM:3A,PC1/MC/COM5,TOTAL,971.0,1828727715.0,1828727715.0,1576363269.0,252364419.0,125.0,450725.0,3657455431.0,216267.0,0.0,464.0,4057.0
USA,United States,COM,CR+,CR+PC/LWAL/CDM+ERM/H:1/COM:3B,PC1/MC/COM3,TOTAL,10524.0,11775879516.0,11775879516.0,9868187027.0,1907692487.0,1387.0,5362858.0,23551759033.0,2573192.0,0.0,510.0,2196.0
USA,United States,COM,CR+,CR+PC/LWAL/CDM+ERM/H:1/COM:4,PC1/MC/COM10,TOTAL,94.0,152547312.0,76265930.0,59645999.0,92901317.0,51.0,126868.0,228813242.0,60874.0,0.0,1350.0,1202.0
USA,United States,COM,CR+,CR+PC/LWAL/CDM+ERM/H:1/COM:5,PC1/MC/COM8,TOTAL,1417.0,3352560273.0,3352560273.0,3017304170.0,335256033.0,285.0,995128.0,6705120547.0,477480.0,0.0,702.0,3369.0
USA,United States,COM,CR+,CR+PC/LWAL/CDM+ERM/H:1/COM:5A,PC1/MC/COM9,TOTAL,51.0,192991063.0,192991063.0,169446159.0,23544910.0,20.0,71144.0,385982127.0,34136.0,0.0,1395.0,2713.0
USA,United States,IND,CR+,CR+PC/LWAL/CDM+ERM/H:1/IND:1,PC1/MC/IND1,TOTAL,787.0,4335994791.0,6504053863.0,3655243592.0,680751205.0,1716.0,2068185.0,10840048654.0,963512.0,0.0,2628.0,2097.0
USA,United States,IND,CR+,CR+PC/LWAL/CDM+ERM/H:1/IND:2,PC1/MC/IND2,TOTAL,13985.0,35413438049.0,53120487751.0,29853528114.0,5559909965.0,15343.0,19613135.0,88533925801.0,9137232.0,0.0,1402.0,1806.0
USA,United States,IND,CR+,CR+PC/LWAL/CDM+ERM/H:1/IND:3,PC1/MC/IND3,TOTAL,1092.0,8679589062.0,13019484697.0,7316893523.0,1362695528.0,2441.0,2752338.0,21699073760.0,1282241.0,0.0,2520.0,3154.0
USA,United States,IND,CR+,CR+PC/LWAL/CDM+ERM/H:1/IND:4,PC1/MC/IND4,TOTAL,273.0,1603270065.0,2404930853.0,1351556639.0,251713410.0,366.0,555991.0,4008200918.0,259021.0,0.0,2037.0,2884.0
USA,United States,IND,CR+,CR+PC/LWAL/CDM+ERM/H:1/IND:5,PC1/MC/IND5,TOTAL,3232.0,9105721173.0,13658782387.0,7676122892.0,1429598273.0,3180.0,2950298.0,22764503560.0,1374467.0,0.0,913.0,3086.0
USA,United States,IND,CR+,CR+PC/LWAL/CDM+ERM/H:1/IND:6,PC1/MC/IND6,TOTAL,5756.0,5679235583.0,5679235583.0,4787595566.0,891640015.0,4080.0,3107509.0,11358471166.0,1447713.0,0.0,540.0,1828.0
USA,United States,RES,CR+,CR+PC/LWAL/CDM+ERM/H:1/RES:2,PC1/MC/RES3F,TOTAL,10.0,69160346.0,34579994.0,59616218.0,9544127.0,362.0,31210.0,103740339.0,10286.0,616.0,3121.0,2216.0
USA,United States,RES,CR+,CR+PC/LWAL/CDM+ERM/H:1/RES:2,PC1/MC/RES3E,TOTAL,9.0,27284800.0,13642296.0,23519497.0,3765302.0,178.0,11187.0,40927096.0,3687.0,186.0,1243.0,2439.0
USA,United States,RES,CR+,CR+PC/LWAL/CDM+ERM/H:1/RES:2,PC1/MC/RES3D,TOTAL,1.0,3720398.0,1860199.0,3206983.0,513415.0,22.0,1123.0,5580598.0,370.0,8.0,1123.0,3313.0
USA,United States,RES,CR+,CR+PC/LWAL/CDM+ERM/H:1/RES:2,PC1/MC/RES3C,TOTAL,9.0,12823778.0,6411877.0,11054097.0,1769681.0,82.0,4746.0,19235655.0,1564.0,48.0,527.0,2702.0
USA,United States,RES,CR+,CR+PC/LWAL/CDM+ERM/H:1/RES:2,PC1/MC/RES3B,TOTAL,3.0,1422852.0,711351.0,1226499.0,196354.0,14.0,972.0,2134203.0,320.0,5.0,324.0,1464.0
USA,United States,RES,CR+,CR+PC/LWAL/CDM+ERM/H:1/RES:2,PC1/MC/RES3A,TOTAL,5.0,2649071.0,1324498.0,2283499.0,365572.0,21.0,1579.0,3973570.0,520.0,9.0,316.0,1678.0
USA,United States,RES,CR+,CR+PC/LWAL/CDM+ERM/H:1/RES:3,PC1/MC/RES4,TOTAL,31.0,161857682.0,80927394.0,139845041.0,22012646.0,811.0,67583.0,242785076.0,22273.0,0.0,2180.0,2395.0
USA,United States,RES,CR+,CR+PC/LWAL/CDM+ERM/H:1/RES:4,PC1/MC/RES5,TOTAL,27.0,185679884.0,92837523.0,150772062.0,34907816.0,910.0,73011.0,278517406.0,24062.0,0.0,2704.0,2543.0
USA,United States,RES,CR+,CR+PC/LWAL/CDM+ERM/H:1/RES:4,PC1/MC/RES6,TOTAL,214.0,995119047.0,497538429.0,812017128.0,183101905.0,4888.0,288074.0,1492657476.0,94940.0,0.0,1346.0,3454.0
USA,United States,COM,CR-,CR+PC/LWAL/CDN+ERL/H:1/COM:1,PC1/PC/COM1,TOTAL,25427.0,34506978597.0,34506978597.0,24361925872.0,10145051692.0,5692.0,22600616.0,69013957195.0,10844147.0,0.0,889.0,1527.0
USA,United States,COM,CR-,CR+PC/LWAL/CDN+ERL/H:1/COM:2,PC1/PC/COM2,TOTAL,34508.0,73427379776.0,73427379776.0,49636908650.0,23790471097.0,9976.0,47613343.0,146854759551.0,22845620.0,0.0,1380.0,1542.0
USA,United States,COM,CR-,CR+PC/LWAL/CDN+ERL/H:1/COM:3,PC1/PC/COM4,TOTAL,59487.0,84941070493.0,84941070493.0,68632387339.0,16308685680.0,8157.0,36103400.0,169882140986.0,17323006.0,0.0,607.0,2353.0
USA,United States,COM,CR-,CR+PC/LWAL/CDN+ERL/H:1/COM:3A,PC1/PC/COM5,TOTAL,4324.0,7643782476.0,7643782476.0,6588940416.0,1054841956.0,565.0,2223666.0,15287564952.0,1066958.0,0.0,514.0,3437.0
USA,United States,COM,CR-,CR+PC/LWAL/CDN+ERL/H:1/COM:3B,PC1/PC/COM3,TOTAL,20597.0,20978836562.0,20978836562.0,17580265028.0,3398571532.0,2787.0,11183724.0,41957673124.0,5366152.0,0.0,543.0,1876.0
USA,United States,COM,CR-,CR+PC/LWAL/CDN+ERL/H:1/COM:4,PC1/PC/COM10,TOTAL,9407.0,13749141031.0,6873969614.0,5375914179.0,8373227263.0,1879.0,11454799.0,20623110645.0,5496190.0,0.0,1218.0,1200.0
USA,United States,COM,CR-,CR+PC/LWAL/CDN+ERL/H:1/COM:5,PC1/PC/COM8,TOTAL,11863.0,21724218804.0,21724218804.0,19551796417.0,2172421916.0,2006.0,7346954.0,43448437608.0,3525200.0,0.0,619.0,2957.0
USA,United States,COM,CR-,CR+PC/LWAL/CDN+ERL/H:1/COM:5A,PC1/PC/COM9,TOTAL,1240.0,3200508006.0,3200508006.0,2810046096.0,390461982.0,291.0,1329045.0,6401016011.0,637698.0,0.0,1072.0,2408.0
USA,United States,IND,CR-,CR+PC/LWAL/CDN+ERL/H:1/IND:1,PC1/PC/IND1,TOTAL,6329.0,31344755364.0,47017566986.0,26423628581.0,4921126757.0,14899.0,16749075.0,78362322350.0,7802947.0,0.0,2646.0,1871.0
USA,United States,IND,CR-,CR+PC/LWAL/CDN+ERL/H:1/IND:2,PC1/PC/IND2,TOTAL,31128.0,81935329139.0,122903693498.0,69071482073.0,12863847123.0,31685.0,50428013.0,204839022637.0,23493061.0,0.0,1620.0,1625.0
USA,United States,IND,CR-,CR+PC/LWAL/CDN+ERL/H:1/IND:3,PC1/PC/IND3,TOTAL,1892.0,12563427450.0,18845380315.0,10590969283.0,1972458175.0,4821.0,4747551.0,31408807766.0,2211758.0,0.0,2509.0,2646.0
USA,United States,IND,CR-,CR+PC/LWAL/CDN+ERL/H:1/IND:4,PC1/PC/IND4,TOTAL,1299.0,7852473068.0,11778877952.0,6619634771.0,1232838314.0,2742.0,3041634.0,19631351021.0,1417017.0,0.0,2342.0,2582.0
USA,United States,IND,CR-,CR+PC/LWAL/CDN+ERL/H:1/IND:5,PC1/PC/IND5,TOTAL,4091.0,11427989263.0,17142345753.0,9633794890.0,1794194377.0,3953.0,4276224.0,28570335016.0,1992184.0,0.0,1045.0,2672.0
USA,United States,IND,CR-,CR+PC/LWAL/CDN+ERL/H:1/IND:6,PC1/PC/IND6,TOTAL,10649.0,9797666028.0,9797666028.0,8259432417.0,1538233618.0,7391.0,6340695.0,19595332057.0,2953978.0,0.0,595.0,1545.0
USA,United States,RES,CR-,CR+PC/LWAL/CDN+ERL/H:1/RES:1,PC1/PC/RES1,TOTAL,6164.0,1707585178.0,853790752.0,1308010197.0,399574926.0,12068.0,950478.0,2561375930.0,313247.0,4857.0,154.0,1797.0
USA,United States,RES,CR-,CR+PC/LWAL/CDN+ERL/H:1/RES:2,PC1/PC/RES3C,TOTAL,112.0,177150063.0,88573192.0,152703350.0,24446708.0,1151.0,68778.0,265723254.0,22667.0,456.0,614.0,2576.0
USA,United States,RES,CR-,CR+PC/LWAL/CDN+ERL/H:1/RES:2,PC1/PC/RES3D,TOTAL,64.0,102698518.0,51347075.0,88526122.0,14172395.0,820.0,41720.0,154045594.0,13750.0,352.0,652.0,2462.0
USA,United States,RES,CR-,CR+PC/LWAL/CDN+ERL/H:1/RES:2,PC1/PC/RES3E,TOTAL,25.0,94816663.0,47406312.0,81731962.0,13084699.0,771.0,39446.0,142222975.0,13000.0,380.0,1578.0,2404.0
USA,United States,RES,CR-,CR+PC/LWAL/CDN+ERL/H:1/RES:2,PC1/PC/RES3F,TOTAL,33.0,369635876.0,184814705.0,318626123.0,51009750.0,3199.0,167216.0,554450582.0,55109.0,1718.0,5067.0,2211.0
USA,United States,RES,CR-,CR+PC/LWAL/CDN+ERL/H:1/RES:2,PC1/PC/RES3B,TOTAL,123.0,49623351.0,24809085.0,42775328.0,6848022.0,694.0,39397.0,74432436.0,12984.0,335.0,320.0,1260.0
USA,United States,RES,CR-,CR+PC/LWAL/CDN+ERL/H:1/RES:2,PC1/PC/RES3A,TOTAL,355.0,156055040.0,78025853.0,134519442.0,21535595.0,1811.0,110628.0,234080893.0,36460.0,825.0,312.0,1411.0
USA,United States,RES,CR-,CR+PC/LWAL/CDN+ERL/H:1/RES:3,PC1/PC/RES4,TOTAL,612.0,2627341523.0,1313625066.0,2270023144.0,357318468.0,15080.0,1145244.0,3940966588.0,377435.0,0.0,1871.0,2294.0
USA,United States,RES,CR-,CR+PC/LWAL/CDN+ERL/H:1/RES:4,PC1/PC/RES6,TOTAL,719.0,3745130423.0,1872487320.0,3056026360.0,689103999.0,19915.0,1212653.0,5617617743.0,399651.0,0.0,1687.0,3088.0
USA,United States,RES,CR-,CR+PC/LWAL/CDN+ERL/H:1/RES:4,PC1/PC/RES5,TOTAL,3279.0,31971008055.0,15985199693.0,25960457816.0,6010549297.0,143930.0,12331772.0,47956207748.0,4064142.0,0.0,3761.0,2593.0
USA,United States,COM,CR-,CR/LFINF/CDL+ERL/H:1-3/COM:2,C3L/LC/COM2,TOTAL,2261.0,5242903554.0,5242903554.0,3544202799.0,1698700757.0,659.0,3490619.0,10485807109.0,1522957.0,0.0,1544.0,1502.0
USA,United States,COM,CR-,CR/LFINF/CDL+ERL/H:1-3/COM:4,C3L/LC/COM10,TOTAL,746.0,988800514.0,494334244.0,386621005.0,602179539.0,242.0,898966.0,1483134759.0,392219.0,0.0,1205.0,1100.0
USA,United States,COM,CR-,CR/LFINF/CDL+ERL/H:1-3/COM:5A,C3L/LC/COM9,TOTAL,82.0,476848210.0,476848210.0,418672738.0,58175483.0,28.0,194824.0,953696420.0,85002.0,0.0,2376.0,2448.0
USA,United States,IND,CR-,CR/LFINF/CDL+ERL/H:1-3/IND:1,C3L/LC/IND1,TOTAL,483.0,2782255959.0,4173415080.0,2345441758.0,436814199.0,1342.0,1540507.0,6955671039.0,678307.0,0.0,3189.0,1806.0
USA,United States,IND,CR-,CR/LFINF/CDL+ERL/H:1-3/IND:2,C3L/LC/IND2,TOTAL,1725.0,5637514921.0,8456321625.0,4752425052.0,885089870.0,2024.0,3680023.0,14093836546.0,1620367.0,0.0,2133.0,1532.0
USA,United States,IND,CR-,CR/LFINF/CDL+ERL/H:1-3/IND:3,C3L/LC/IND3,TOTAL,92.0,574069945.0,861118100.0,483940963.0,90128984.0,211.0,226724.0,1435188045.0,99830.0,0.0,2464.0,2532.0
USA,United States,IND,CR-,CR/LFINF/CDL+ERL/H:1-3/IND:4,C3L/LC/IND4,TOTAL,151.0,943636770.0,1415465208.0,795485794.0,148150978.0,339.0,373374.0,2359101978.0,164402.0,0.0,2473.0,2527.0
USA,United States,IND,CR-,CR/LFINF/CDL+ERL/H:1-3/IND:5,C3L/LC/IND5,TOTAL,313.0,915995684.0,1374010727.0,772184359.0,143811327.0,258.0,365577.0,2290006411.0,160969.0,0.0,1168.0,2506.0
USA,United States,RES,CR-,CR/LFINF/CDL+ERL/H:1-3/RES:3,C3L/LC/RES4,TOTAL,11.0,28178146.0,14088133.0,24345919.0,3832228.0,178.0,12300.0,42266280.0,3327.0,0.0,1118.0,2291.0
USA,United States,RES,CR-,CR/LFINF/CDL+ERL/H:1-3/RES:4,C3L/LC/RES6,TOTAL,301.0,1888575450.0,944257294.0,1541077535.0,347497884.0,8504.0,601319.0,2832832745.0,162651.0,0.0,1998.0,3141.0
USA,United States,RES,CR-,CR/LFINF/CDL+ERL/H:1-3/RES:4,C3L/LC/RES5,TOTAL,467.0,4642305765.0,2321115347.0,3769552160.0,872753455.0,19252.0,1756859.0,6963421112.0,475212.0,0.0,3762.0,2642.0
USA,United States,COM,CR-,CR/LFINF/CDL+ERL/H:4-7/COM:1,C3M/LC/COM1,TOTAL,29.0,64615611.0,64615611.0,45618619.0,18996990.0,13.0,44550.0,129231222.0,19502.0,0.0,1536.0,1450.0
USA,United States,COM,CR-,CR/LFINF/CDL+ERL/H:4-7/COM:2,C3M/LC/COM2,TOTAL,30.0,138582539.0,138582539.0,93681797.0,44900743.0,18.0,92739.0,277165078.0,40597.0,0.0,3091.0,1494.0
USA,United States,COM,CR-,CR/LFINF/CDL+ERL/H:4-7/COM:3,C3M/LC/COM4,TOTAL,79.0,187762364.0,187762364.0,151711995.0,36050374.0,21.0,80688.0,375524728.0,35322.0,0.0,1021.0,2327.0
USA,United States,COM,CR-,CR/LFINF/CDL+ERL/H:4-7/COM:3A,C3M/LC/COM5,TOTAL,10.0,35460506.0,35460506.0,30566956.0,4893550.0,5.0,10868.0,70921012.0,4757.0,0.0,1087.0,3263.0
USA,United States,COM,CR-,CR/LFINF/CDL+ERL/H:4-7/COM:3B,C3M/LC/COM3,TOTAL,23.0,34479735.0,34479735.0,28894018.0,5585717.0,6.0,18854.0,68959470.0,8253.0,0.0,820.0,1829.0
USA,United States,COM,CR-,CR/LFINF/CDL+ERL/H:4-7/COM:4,C3M/LC/COM10,TOTAL,149.0,97116147.0,48550509.0,37972414.0,59143736.0,25.0,84393.0,145666656.0,36943.0,0.0,566.0,1151.0
USA,United States,COM,CR-,CR/LFINF/CDL+ERL/H:4-7/COM:5,C3M/LC/COM8,TOTAL,17.0,61499757.0,61499757.0,55349780.0,6149976.0,4.0,21870.0,122999515.0,9574.0,0.0,1286.0,2812.0
USA,United States,IND,CR-,CR/LFINF/CDL+ERL/H:4-7/IND:2,C3M/LC/IND2,TOTAL,74.0,198704737.0,298059037.0,167508093.0,31196645.0,133.0,123797.0,496763774.0,54726.0,0.0,1673.0,1605.0
USA,United States,RES,CR-,CR/LFINF/CDL+ERL/H:4-7/RES:3,C3M/LC/RES4,TOTAL,46.0,238932264.0,119461425.0,206437480.0,32494790.0,1671.0,96866.0,358393689.0,26286.0,0.0,2106.0,2467.0
USA,United States,RES,CR-,CR/LFINF/CDL+ERL/H:4-7/RES:4,C3M/LC/RES5,TOTAL,13.0,123376554.0,61686662.0,100181758.0,23194791.0,965.0,41625.0,185063216.0,11295.0,0.0,3202.0,2964.0
USA,United States,COM,CR+,CR/LFINF/CDM+ERM/H:1-3/COM:2,C3L/LC/COM2,TOTAL,44.0,117060345.0,117060345.0,79132792.0,37927552.0,13.0,81744.0,234120690.0,35665.0,0.0,1858.0,1432.0
USA,United States,IND,CR+,CR/LFINF/CDM+ERM/H:1-3/IND:1,C3L/LC/IND1,TOTAL,12.0,35806925.0,53711501.0,30185238.0,5621687.0,22.0,20029.0,89518426.0,8819.0,0.0,1669.0,1788.0
USA,United States,IND,CR+,CR/LFINF/CDM+ERM/H:1-3/IND:2,C3L/LC/IND2,TOTAL,15.0,43386237.0,65079118.0,36574597.0,6811639.0,22.0,30979.0,108465355.0,13641.0,0.0,2065.0,1401.0
USA,United States,COM,CR-,CR/LFINF/CDN+ERL/H:1-3/COM:1,C3L/PC/COM1,TOTAL,2137.0,2523568320.0,2523568320.0,1781639159.0,741929085.0,464.0,1562180.0,5047136640.0,681581.0,0.0,731.0,1615.0
USA,United States,COM,CR-,CR/LFINF/CDN+ERL/H:1-3/COM:2,C3L/PC/COM2,TOTAL,4332.0,9278866565.0,9278866565.0,6272513796.0,3006352775.0,1235.0,6000318.0,18557733129.0,2617940.0,0.0,1385.0,1546.0
USA,United States,COM,CR-,CR/LFINF/CDN+ERL/H:1-3/COM:3,C3L/PC/COM4,TOTAL,2918.0,3571740412.0,3571740412.0,2885966350.0,685774166.0,403.0,1482371.0,7143480823.0,646761.0,0.0,508.0,2409.0
USA,United States,COM,CR-,CR/LFINF/CDN+ERL/H:1-3/COM:3A,C3L/PC/COM5,TOTAL,253.0,363455144.0,363455144.0,313298330.0,50156809.0,32.0,100938.0,726910289.0,44040.0,0.0,399.0,3601.0
USA,United States,COM,CR-,CR/LFINF/CDN+ERL/H:1-3/COM:3B,C3L/PC/COM3,TOTAL,911.0,816324789.0,816324789.0,684080175.0,132244616.0,123.0,422534.0,1632649578.0,184353.0,0.0,464.0,1932.0
USA,United States,COM,CR-,CR/LFINF/CDN+ERL/H:1-3/COM:4,C3L/PC/COM10,TOTAL,1684.0,2422428193.0,1211078055.0,947169426.0,1475258831.0,424.0,2055522.0,3633506249.0,896825.0,0.0,1221.0,1178.0
USA,United States,COM,CR-,CR/LFINF/CDN+ERL/H:1-3/COM:5,C3L/PC/COM8,TOTAL,1500.0,2534684335.0,2534684335.0,2281215842.0,253468438.0,247.0,803834.0,5069368670.0,350715.0,0.0,536.0,3153.0
USA,United States,COM,CR-,CR/LFINF/CDN+ERL/H:1-3/COM:5A,C3L/PC/COM9,TOTAL,178.0,548932883.0,548932883.0,481963080.0,66969813.0,47.0,219145.0,1097865765.0,95613.0,0.0,1231.0,2505.0
USA,United States,IND,CR-,CR/LFINF/CDN+ERL/H:1-3/IND:1,C3L/PC/IND1,TOTAL,1203.0,5753582073.0,8630467634.0,4850269663.0,903312413.0,2572.0,3045422.0,14384049708.0,1340943.0,0.0,2532.0,1889.0
USA,United States,IND,CR-,CR/LFINF/CDN+ERL/H:1-3/IND:2,C3L/PC/IND2,TOTAL,5049.0,12824586034.0,19236980219.0,10811125969.0,2013460074.0,5009.0,7897959.0,32061566254.0,3477586.0,0.0,1564.0,1624.0
USA,United States,IND,CR-,CR/LFINF/CDN+ERL/H:1-3/IND:3,C3L/PC/IND3,TOTAL,216.0,1547142715.0,2320744228.0,1304241296.0,242901414.0,513.0,584422.0,3867886944.0,257329.0,0.0,2706.0,2647.0
USA,United States,IND,CR-,CR/LFINF/CDN+ERL/H:1-3/IND:4,C3L/PC/IND4,TOTAL,227.0,1894349298.0,2841553511.0,1596936450.0,297412850.0,883.0,744214.0,4735902808.0,327688.0,0.0,3278.0,2545.0
USA,United States,IND,CR-,CR/LFINF/CDN+ERL/H:1-3/IND:5,C3L/PC/IND5,TOTAL,724.0,1902729755.0,2854158146.0,1604001174.0,298728582.0,633.0,738418.0,4756887900.0,325137.0,0.0,1020.0,2577.0
USA,United States,IND,CR-,CR/LFINF/CDN+ERL/H:1-3/IND:6,C3L/PC/IND6,TOTAL,1436.0,1157417706.0,1157417706.0,975703121.0,181714586.0,818.0,645968.0,2314835411.0,284432.0,0.0,450.0,1792.0
USA,United States,RES,CR-,CR/LFINF/CDN+ERL/H:1-3/RES:2,C3L/PC/RES3A,TOTAL,6291.0,2408370095.0,1204163758.0,2076014994.0,332355065.0,24215.0,1428351.0,3612533853.0,386362.0,9545.0,227.0,1686.0
USA,United States,RES,CR-,CR/LFINF/CDN+ERL/H:1-3/RES:2,C3L/PC/RES3B,TOTAL,2036.0,853048087.0,426506250.0,735327442.0,117720633.0,11114.0,554693.0,1279554337.0,150042.0,4545.0,272.0,1538.0
USA,United States,RES,CR-,CR/LFINF/CDN+ERL/H:1-3/RES:2,C3L/PC/RES3C,TOTAL,923.0,1180613531.0,590295292.0,1017688849.0,162924663.0,7609.0,370568.0,1770908822.0,100237.0,3268.0,401.0,3186.0
USA,United States,RES,CR-,CR/LFINF/CDN+ERL/H:1-3/RES:2,C3L/PC/RES3D,TOTAL,299.0,688617930.0,344300438.0,593588648.0,95029272.0,4672.0,231813.0,1032918367.0,62704.0,2205.0,775.0,2971.0
USA,United States,RES,CR-,CR/LFINF/CDN+ERL/H:1-3/RES:2,C3L/PC/RES3E,TOTAL,113.0,498383102.0,249181151.0,429606228.0,68776866.0,3391.0,185299.0,747564252.0,50122.0,1729.0,1640.0,2690.0
USA,United States,RES,CR-,CR/LFINF/CDN+ERL/H:1-3/RES:2,C3L/PC/RES3F,TOTAL,28.0,272454054.0,136223913.0,234855394.0,37598658.0,1978.0,114546.0,408677967.0,30984.0,1068.0,4091.0,2379.0
USA,United States,RES,CR-,CR/LFINF/CDN+ERL/H:1-3/RES:3,C3L/PC/RES4,TOTAL,229.0,530967786.0,265470946.0,458756180.0,72211623.0,3078.0,220167.0,796438732.0,59553.0,0.0,961.0,2412.0
USA,United States,RES,CR-,CR/LFINF/CDN+ERL/H:1-3/RES:4,C3L/PC/RES6,TOTAL,434.0,2415027417.0,1207466728.0,1970662334.0,444365045.0,14356.0,765542.0,3622494145.0,207072.0,0.0,1764.0,3155.0
USA,United States,RES,CR-,CR/LFINF/CDN+ERL/H:1-3/RES:4,C3L/PC/RES5,TOTAL,897.0,9369561423.0,4684709130.0,7608083670.0,1761477487.0,43416.0,3508567.0,14054270553.0,949030.0,0.0,3911.0,2670.0
USA,United States,COM,CR-,CR/LFINF/CDN+ERL/H:4-7/COM:1,C3M/PC/COM1,TOTAL,667.0,780072243.0,780072243.0,550730982.0,229341240.0,201.0,432452.0,1560144485.0,189307.0,0.0,648.0,1804.0
USA,United States,COM,CR-,CR/LFINF/CDN+ERL/H:4-7/COM:2,C3M/PC/COM2,TOTAL,592.0,1100810982.0,1100810982.0,744148223.0,356662759.0,278.0,633211.0,2201621964.0,277190.0,0.0,1070.0,1738.0
USA,United States,COM,CR-,CR/LFINF/CDN+ERL/H:4-7/COM:3,C3M/PC/COM4,TOTAL,690.0,1263092404.0,1263092404.0,1020578699.0,242513744.0,225.0,464634.0,2526184807.0,203395.0,0.0,673.0,2718.0
USA,United States,COM,CR-,CR/LFINF/CDN+ERL/H:4-7/COM:3A,C3M/PC/COM5,TOTAL,58.0,104769929.0,104769929.0,90311678.0,14458250.0,13.0,27417.0,209539859.0,12002.0,0.0,473.0,3821.0
USA,United States,COM,CR-,CR/LFINF/CDN+ERL/H:4-7/COM:3B,C3M/PC/COM3,TOTAL,561.0,636739591.0,636739591.0,533587778.0,103151814.0,144.0,295614.0,1273479182.0,129406.0,0.0,527.0,2154.0
USA,United States,COM,CR-,CR/LFINF/CDN+ERL/H:4-7/COM:4,C3M/PC/COM10,TOTAL,162.0,142226137.0,71104295.0,55610419.0,86615721.0,51.0,121116.0,213330431.0,53019.0,0.0,748.0,1174.0
USA,United States,COM,CR-,CR/LFINF/CDN+ERL/H:4-7/COM:5,C3M/PC/COM8,TOTAL,174.0,415523383.0,415523383.0,373971036.0,41552339.0,69.0,131035.0,831046767.0,57361.0,0.0,753.0,3171.0
USA,United States,IND,CR-,CR/LFINF/CDN+ERL/H:4-7/IND:2,C3M/PC/IND2,TOTAL,717.0,1324101814.0,1986164241.0,1116217825.0,207883993.0,1002.0,755833.0,3310266056.0,334123.0,0.0,1054.0,1752.0
USA,United States,IND,CR-,CR/LFINF/CDN+ERL/H:4-7/IND:3,C3M/PC/IND3,TOTAL,41.0,275267587.0,412906503.0,232050575.0,43217013.0,268.0,97596.0,688174090.0,43143.0,0.0,2380.0,2820.0
USA,United States,IND,CR-,CR/LFINF/CDN+ERL/H:4-7/IND:4,C3M/PC/IND4,TOTAL,14.0,69510163.0,104265018.0,58597068.0,10913096.0,12.0,21988.0,173775182.0,9720.0,0.0,1571.0,3161.0
USA,United States,IND,CR-,CR/LFINF/CDN+ERL/H:4-7/IND:5,C3M/PC/IND5,TOTAL,24.0,48614003.0,72923814.0,40981604.0,7632399.0,23.0,17601.0,121537818.0,7781.0,0.0,733.0,2762.0
USA,United States,IND,CR-,CR/LFINF/CDN+ERL/H:4-7/IND:6,C3M/PC/IND6,TOTAL,216.0,201256371.0,201256371.0,169659120.0,31597251.0,186.0,104481.0,402512741.0,46187.0,0.0,484.0,1926.0
USA,United States,RES,CR-,CR/LFINF/CDN+ERL/H:4-7/RES:2,C3M/PC/RES3C,TOTAL,724.0,1209554234.0,604770923.0,1042635734.0,166918481.0,6279.0,314919.0,1814325157.0,85456.0,3095.0,435.0,3841.0
USA,United States,RES,CR-,CR/LFINF/CDN+ERL/H:4-7/RES:2,C3M/PC/RES3D,TOTAL,353.0,1097580630.0,548783634.0,946114492.0,151466123.0,5970.0,309926.0,1646364264.0,84101.0,3235.0,878.0,3541.0
USA,United States,RES,CR-,CR/LFINF/CDN+ERL/H:4-7/RES:2,C3M/PC/RES3F,TOTAL,47.0,565673705.0,282834593.0,487610732.0,78062969.0,4619.0,204402.0,848508298.0,55466.0,3035.0,4349.0,2767.0
USA,United States,RES,CR-,CR/LFINF/CDN+ERL/H:4-7/RES:2,C3M/PC/RES3E,TOTAL,198.0,1095409427.0,547697860.0,944242913.0,151166498.0,8578.0,348672.0,1643107287.0,94615.0,4653.0,1761.0,3142.0
USA,United States,RES,CR-,CR/LFINF/CDN+ERL/H:4-7/RES:2,C3M/PC/RES3B,TOTAL,1154.0,568635619.0,284313599.0,490163898.0,78471714.0,6258.0,312605.0,852949218.0,84829.0,2875.0,271.0,1819.0
USA,United States,RES,CR-,CR/LFINF/CDN+ERL/H:4-7/RES:3,C3M/PC/RES4,TOTAL,137.0,523409602.0,261697411.0,452225910.0,71183710.0,3652.0,196289.0,785107013.0,53265.0,0.0,1433.0,2667.0
USA,United States,RES,CR-,CR/LFINF/CDN+ERL/H:4-7/RES:4,C3M/PC/RES6,TOTAL,17.0,103288325.0,51643049.0,84283271.0,19005052.0,655.0,28841.0,154931375.0,7826.0,0.0,1697.0,3581.0
USA,United States,RES,CR-,CR/LFINF/CDN+ERL/H:4-7/RES:4,C3M/PC/RES5,TOTAL,40.0,448624113.0,224309398.0,364282769.0,84341330.0,2925.0,147152.0,672933511.0,39931.0,0.0,3679.0,3049.0
USA,United States,COM,CR-,CR/LFINF/CDN+ERL/H:>8/COM:3,C3H/PC/COM4,TOTAL,192.0,547334108.0,547334108.0,442245974.0,105088149.0,131.0,201686.0,1094668216.0,88508.0,0.0,1050.0,2714.0
USA,United States,COM,CR-,CR/LFINF/CDN+ERL/H:>8/COM:3A,C3H/PC/COM5,TOTAL,27.0,64298237.0,64298237.0,55425080.0,8873156.0,10.0,17299.0,128596474.0,7592.0,0.0,641.0,3717.0
USA,United States,COM,CR-,CR/LFINF/CDN+ERL/H:>8/COM:4,C3H/PC/COM10,TOTAL,17.0,68079020.0,34036959.0,26618897.0,41460126.0,38.0,59506.0,102115979.0,26114.0,0.0,3500.0,1144.0
USA,United States,RES,CR-,CR/LFINF/CDN+ERL/H:>8/RES:2,C3H/PC/RES3F,TOTAL,33.0,494927450.0,247461532.0,426627457.0,68299986.0,4300.0,180069.0,742388982.0,48980.0,2833.0,5457.0,2749.0
USA,United States,RES,CR-,CR/LFINF/CDN+ERL/H:>8/RES:2,C3H/PC/RES3E,TOTAL,21.0,116874216.0,58436741.0,100745572.0,16128642.0,739.0,36998.0,175310957.0,10064.0,487.0,1762.0,3159.0
USA,United States,RES,CR-,CR/LFINF/CDN+ERL/H:>8/RES:2,C3H/PC/RES3D,TOTAL,20.0,56177138.0,28087909.0,48424692.0,7752445.0,258.0,16256.0,84265047.0,4422.0,177.0,813.0,3456.0
USA,United States,RES,CR-,CR/LFINF/CDN+ERL/H:>8/RES:2,C3H/PC/RES3C,TOTAL,13.0,21953583.0,10976544.0,18923989.0,3029594.0,97.0,5801.0,32930127.0,1578.0,67.0,446.0,3784.0
USA,United States,RES,CR-,CR/LFINF/CDN+ERL/H:>8/RES:2,C3H/PC/RES3B,TOTAL,3.0,3323597.0,1661384.0,2864940.0,458656.0,28.0,1870.0,4984980.0,509.0,23.0,623.0,1777.0
USA,United States,RES,CR-,CR/LFINF/CDN+ERL/H:>8/RES:3,C3H/PC/RES4,TOTAL,47.0,182807586.0,91402067.0,157945759.0,24861833.0,1043.0,67431.0,274209652.0,18342.0,0.0,1435.0,2711.0
USA,United States,RES,CR-,CR/LFINF/CDN+ERL/H:>8/RES:4,C3H/PC/RES5,TOTAL,11.0,83993702.0,41996326.0,68202883.0,15790815.0,564.0,26607.0,125990028.0,7237.0,0.0,2419.0,3157.0
USA,United States,COM,CR+,CR/LFM/CDH+ERH/H:1-3/COM:1,C1L/HC/COM1,TOTAL,2114.0,4077824450.0,4077824450.0,2878943941.0,1198880388.0,534.0,2175332.0,8155648900.0,949098.0,0.0,1029.0,1875.0
USA,United States,COM,CR+,CR/LFM/CDH+ERH/H:1-3/COM:2,C1L/HC/COM2,TOTAL,521.0,1380974873.0,1380974873.0,933539014.0,447435859.0,148.0,744589.0,2761949746.0,324864.0,0.0,1429.0,1855.0
USA,United States,COM,CR+,CR/LFM/CDH+ERH/H:1-3/COM:3,C1L/HC/COM4,TOTAL,2683.0,5191739838.0,5191739838.0,4194925938.0,996814058.0,464.0,1827319.0,10383479676.0,797261.0,0.0,681.0,2841.0
USA,United States,COM,CR+,CR/LFM/CDH+ERH/H:1-3/COM:3A,C1L/HC/COM5,TOTAL,254.0,509567645.0,509567645.0,439247306.0,70320333.0,32.0,119026.0,1019135290.0,51932.0,0.0,469.0,4281.0
USA,United States,COM,CR+,CR/LFM/CDH+ERH/H:1-3/COM:3B,C1L/HC/COM3,TOTAL,777.0,1023712793.0,1023712793.0,857871319.0,165841473.0,125.0,450476.0,2047425587.0,196544.0,0.0,580.0,2273.0
USA,United States,COM,CR+,CR/LFM/CDH+ERH/H:1-3/COM:4,C1L/HC/COM10,TOTAL,69.0,87199317.0,43591408.0,34094934.0,53104387.0,14.0,70252.0,130790726.0,30651.0,0.0,1018.0,1241.0
USA,United States,COM,CR+,CR/LFM/CDH+ERH/H:1-3/COM:5,C1L/HC/COM8,TOTAL,464.0,1279510234.0,1279510234.0,1151559184.0,127951025.0,97.0,353960.0,2559020468.0,154433.0,0.0,763.0,3615.0
USA,United States,IND,CR+,CR/LFM/CDH+ERH/H:1-3/IND:1,C1L/HC/IND1,TOTAL,95.0,517734392.0,776610260.0,436450088.0,81284303.0,342.0,229433.0,1294344653.0,101023.0,0.0,2415.0,2257.0
USA,United States,IND,CR+,CR/LFM/CDH+ERH/H:1-3/IND:4,C1L/HC/IND4,TOTAL,22.0,105197280.0,157800909.0,88681307.0,16515974.0,29.0,33014.0,262998189.0,14536.0,0.0,1501.0,3186.0
USA,United States,RES,CR+,CR/LFM/CDH+ERH/H:1-3/RES:3,C1L/HC/RES4,TOTAL,178.0,544456682.0,272220582.0,470410587.0,74046113.0,2528.0,185190.0,816677264.0,50092.0,0.0,1040.0,2940.0
USA,United States,RES,CR+,CR/LFM/CDH+ERH/H:1-3/RES:4,C1L/HC/RES5,TOTAL,99.0,1259214108.0,629602060.0,1022481825.0,236732245.0,3786.0,389114.0,1888816169.0,105251.0,0.0,3930.0,3236.0
USA,United States,COM,CR+,CR/LFM/CDH+ERH/H:4-7/COM:1,C1M/HC/COM1,TOTAL,487.0,941177702.0,941177702.0,664471428.0,276706244.0,176.0,505242.0,1882355404.0,221171.0,0.0,1037.0,1863.0
USA,United States,COM,CR+,CR/LFM/CDH+ERH/H:4-7/COM:2,C1M/HC/COM2,TOTAL,643.0,1876093486.0,1876093486.0,1268239196.0,607854292.0,302.0,1005464.0,3752186972.0,440144.0,0.0,1564.0,1866.0
USA,United States,COM,CR+,CR/LFM/CDH+ERH/H:4-7/COM:3,C1M/HC/COM4,TOTAL,973.0,2419350699.0,2419350699.0,1954835430.0,464515336.0,314.0,847553.0,4838701398.0,371019.0,0.0,871.0,2855.0
USA,United States,COM,CR+,CR/LFM/CDH+ERH/H:4-7/COM:3A,C1M/HC/COM5,TOTAL,89.0,366831698.0,366831698.0,316208915.0,50622774.0,28.0,86700.0,733663395.0,37953.0,0.0,974.0,4231.0
USA,United States,COM,CR+,CR/LFM/CDH+ERH/H:4-7/COM:3B,C1M/HC/COM3,TOTAL,319.0,415337024.0,415337024.0,348052427.0,67284598.0,72.0,182148.0,830674048.0,79736.0,0.0,571.0,2280.0
USA,United States,COM,CR+,CR/LFM/CDH+ERH/H:4-7/COM:4,C1M/HC/COM10,TOTAL,122.0,64783140.0,32389603.0,25330208.0,39452934.0,25.0,50827.0,97172743.0,22250.0,0.0,417.0,1275.0
USA,United States,COM,CR+,CR/LFM/CDH+ERH/H:4-7/COM:5,C1M/HC/COM8,TOTAL,514.0,1583553706.0,1583553706.0,1425198302.0,158355373.0,183.0,437062.0,3167107411.0,191325.0,0.0,850.0,3623.0
USA,United States,IND,CR+,CR/LFM/CDH+ERH/H:4-7/IND:3,C1M/HC/IND3,TOTAL,65.0,629859267.0,944798484.0,530971356.0,98887908.0,224.0,194208.0,1574657751.0,85851.0,0.0,2988.0,3243.0
USA,United States,IND,CR+,CR/LFM/CDH+ERH/H:4-7/IND:4,C1M/HC/IND4,TOTAL,115.0,752916838.0,1129380779.0,634708885.0,118207948.0,147.0,237651.0,1882297617.0,105055.0,0.0,2067.0,3168.0
USA,United States,IND,CR+,CR/LFM/CDH+ERH/H:4-7/IND:5,C1M/HC/IND5,TOTAL,12.0,30393389.0,45591665.0,25621627.0,4771762.0,37.0,9882.0,75985054.0,4369.0,0.0,824.0,3076.0
USA,United States,RES,CR+,CR/LFM/CDH+ERH/H:4-7/RES:2,C1M/HC/RES3C,TOTAL,282.0,461195765.0,230594653.0,397550744.0,63645014.0,2742.0,129318.0,691790417.0,35092.0,1234.0,459.0,3566.0
USA,United States,RES,CR+,CR/LFM/CDH+ERH/H:4-7/RES:2,C1M/HC/RES3E,TOTAL,156.0,914859469.0,457423166.0,788608851.0,126250604.0,6884.0,297009.0,1372282635.0,80596.0,3323.0,1904.0,3080.0
USA,United States,RES,CR+,CR/LFM/CDH+ERH/H:4-7/RES:2,C1M/HC/RES3D,TOTAL,224.0,665781519.0,332886717.0,573903662.0,91877847.0,4285.0,200692.0,998668236.0,54460.0,2002.0,896.0,3317.0
USA,United States,RES,CR+,CR/LFM/CDH+ERH/H:4-7/RES:2,C1M/HC/RES3B,TOTAL,178.0,88564074.0,44280734.0,76342230.0,12221842.0,951.0,50465.0,132844808.0,13695.0,444.0,284.0,1755.0
USA,United States,RES,CR+,CR/LFM/CDH+ERH/H:4-7/RES:2,C1M/HC/RES3F,TOTAL,89.0,1502920826.0,751453048.0,1295517730.0,207403069.0,10053.0,528537.0,2254373874.0,143423.0,6592.0,5939.0,2844.0
USA,United States,RES,CR+,CR/LFM/CDH+ERH/H:4-7/RES:3,C1M/HC/RES4,TOTAL,68.0,422681644.0,211336176.0,365196947.0,57484707.0,2347.0,146883.0,634017820.0,39858.0,0.0,2160.0,2878.0
USA,United States,RES,CR+,CR/LFM/CDH+ERH/H:4-7/RES:4,C1M/HC/RES6,TOTAL,35.0,142754131.0,71371738.0,116487368.0,26266760.0,708.0,37511.0,214125869.0,10179.0,0.0,1072.0,3806.0
USA,United States,RES,CR+,CR/LFM/CDH+ERH/H:4-7/RES:4,C1M/HC/RES5,TOTAL,14.0,87563271.0,43780142.0,71101374.0,16461894.0,355.0,27774.0,131343413.0,7537.0,0.0,1984.0,3153.0
USA,United States,COM,CR+,CR/LFM/CDH+ERH/H:>8/COM:3,C1H/HC/COM4,TOTAL,210.0,794738307.0,794738307.0,642148576.0,152589756.0,166.0,275901.0,1589476614.0,121077.0,0.0,1314.0,2881.0
USA,United States,COM,CR+,CR/LFM/CDH+ERH/H:>8/COM:3A,C1H/HC/COM5,TOTAL,59.0,211835830.0,211835830.0,182602482.0,29233344.0,24.0,48277.0,423671660.0,21186.0,0.0,818.0,4388.0
USA,United States,RES,CR+,CR/LFM/CDH+ERH/H:>8/RES:2,C1H/HC/RES3F,TOTAL,39.0,749414485.0,374705654.0,645995274.0,103419197.0,5013.0,257259.0,1124120139.0,69977.0,3788.0,6596.0,2913.0
USA,United States,RES,CR+,CR/LFM/CDH+ERH/H:>8/RES:2,C1H/HC/RES3E,TOTAL,15.0,83282951.0,41640926.0,71789902.0,11493047.0,560.0,26111.0,124923877.0,7102.0,413.0,1741.0,3190.0
USA,United States,RES,CR+,CR/LFM/CDH+ERH/H:>8/RES:2,C1H/HC/RES3D,TOTAL,3.0,25216776.0,12608040.0,21736859.0,3479915.0,226.0,8258.0,37824816.0,2246.0,161.0,2753.0,3054.0
USA,United States,RES,CR+,CR/LFM/CDH+ERH/H:>8/RES:2,C1H/HC/RES3C,TOTAL,25.0,131089127.0,65544404.0,112998825.0,18090299.0,172.0,39821.0,196633531.0,10832.0,126.0,1593.0,3292.0
USA,United States,RES,CR+,CR/LFM/CDH+ERH/H:>8/RES:2,C1H/HC/RES3B,TOTAL,3.0,1132965.0,566288.0,976616.0,156349.0,10.0,784.0,1699253.0,213.0,15.0,261.0,1445.0
USA,United States,RES,CR+,CR/LFM/CDH+ERH/H:>8/RES:3,C1H/HC/RES4,TOTAL,36.0,304917383.0,152456862.0,263448624.0,41468766.0,1643.0,103962.0,457374245.0,28279.0,0.0,2888.0,2933.0
USA,United States,RES,CR+,CR/LFM/CDH+ERH/H:>8/RES:4,C1H/HC/RES5,TOTAL,21.0,207920618.0,103957561.0,168831539.0,39089075.0,484.0,67147.0,311878179.0,18265.0,0.0,3197.0,3096.0
USA,United States,COM,CR+,CR/LFM/CDH+ERS/H:1-3/COM:1,C1L/SC/COM1,TOTAL,2.0,2228685.0,2228685.0,1573451.0,655233.0,0.0,1232.0,4457370.0,538.0,0.0,616.0,1809.0
USA,United States,COM,CR+,CR/LFM/CDH+ERS/H:1-3/COM:1,C1L/VC/COM1,TOTAL,136.0,359395583.0,359395583.0,253733271.0,105662301.0,43.0,190131.0,718791165.0,82954.0,0.0,1398.0,1890.0
USA,United States,COM,CR+,CR/LFM/CDH+ERS/H:1-3/COM:2,C1L/SC/COM2,TOTAL,1.0,1207541.0,1207541.0,816298.0,391243.0,0.0,659.0,2415083.0,287.0,0.0,659.0,1832.0
USA,United States,COM,CR+,CR/LFM/CDH+ERS/H:1-3/COM:2,C1L/VC/COM2,TOTAL,28.0,73076963.0,73076963.0,49400027.0,23676936.0,7.0,38835.0,146153926.0,16944.0,0.0,1387.0,1882.0
USA,United States,COM,CR+,CR/LFM/CDH+ERS/H:1-3/COM:3,C1L/SC/COM4,TOTAL,5.0,8687064.0,8687064.0,7019148.0,1667916.0,1.0,3255.0,17374129.0,1420.0,0.0,651.0,2669.0
USA,United States,COM,CR+,CR/LFM/CDH+ERS/H:1-3/COM:3,C1L/VC/COM4,TOTAL,144.0,275929438.0,275929438.0,222950993.0,52978453.0,24.0,96735.0,551858875.0,42206.0,0.0,672.0,2852.0
USA,United States,COM,CR+,CR/LFM/CDH+ERS/H:1-3/COM:3A,C1L/VC/COM5,TOTAL,14.0,25375312.0,25375312.0,21873519.0,3501793.0,1.0,6009.0,50750624.0,2622.0,0.0,429.0,4223.0
USA,United States,COM,CR+,CR/LFM/CDH+ERS/H:1-3/COM:3B,C1L/VC/COM3,TOTAL,52.0,64798234.0,64798234.0,54300920.0,10497314.0,7.0,28152.0,129596468.0,12283.0,0.0,541.0,2302.0
USA,United States,COM,CR+,CR/LFM/CDH+ERS/H:1-3/COM:5,C1L/SC/COM8,TOTAL,1.0,5131121.0,5131121.0,4618008.0,513112.0,0.0,1431.0,10262241.0,624.0,0.0,1431.0,3586.0
USA,United States,COM,CR+,CR/LFM/CDH+ERS/H:1-3/COM:5,C1L/VC/COM8,TOTAL,25.0,69120690.0,69120690.0,62208620.0,6912069.0,6.0,18908.0,138241380.0,8249.0,0.0,756.0,3656.0
USA,United States,COM,CR+,CR/LFM/CDH+ERS/H:4-7/COM:1,C1M/SC/COM1,TOTAL,72.0,126266122.0,126266122.0,89143878.0,37122240.0,23.0,66849.0,252532243.0,29263.0,0.0,928.0,1889.0
USA,United States,COM,CR+,CR/LFM/CDH+ERS/H:4-7/COM:1,C1M/VC/COM1,TOTAL,66.0,101726417.0,101726417.0,71818848.0,29907567.0,14.0,52702.0,203452833.0,23071.0,0.0,799.0,1930.0
USA,United States,COM,CR+,CR/LFM/CDH+ERS/H:4-7/COM:2,C1M/VC/COM2,TOTAL,59.0,175085980.0,175085980.0,118358124.0,56727858.0,24.0,91136.0,350171960.0,39895.0,0.0,1545.0,1921.0
USA,United States,COM,CR+,CR/LFM/CDH+ERS/H:4-7/COM:2,C1M/SC/COM2,TOTAL,66.0,201722538.0,201722538.0,136364435.0,65358103.0,33.0,106446.0,403445077.0,46597.0,0.0,1613.0,1895.0
USA,United States,COM,CR+,CR/LFM/CDH+ERS/H:4-7/COM:3,C1M/SC/COM4,TOTAL,119.0,320140674.0,320140674.0,258673673.0,61467010.0,30.0,110112.0,640281347.0,48202.0,0.0,925.0,2907.0
USA,United States,COM,CR+,CR/LFM/CDH+ERS/H:4-7/COM:3,C1M/VC/COM4,TOTAL,106.0,369464539.0,369464539.0,298527359.0,70937192.0,36.0,125718.0,738929079.0,55033.0,0.0,1186.0,2939.0
USA,United States,COM,CR+,CR/LFM/CDH+ERS/H:4-7/COM:3A,C1M/SC/COM5,TOTAL,9.0,15672176.0,15672176.0,13509416.0,2162760.0,2.0,3694.0,31344353.0,1617.0,0.0,410.0,4243.0
USA,United States,COM,CR+,CR/LFM/CDH+ERS/H:4-7/COM:3A,C1M/VC/COM5,TOTAL,17.0,56628498.0,56628498.0,48813764.0,7814732.0,3.0,13530.0,113256996.0,5923.0,0.0,796.0,4185.0
USA,United States,COM,CR+,CR/LFM/CDH+ERS/H:4-7/COM:3B,C1M/SC/COM3,TOTAL,36.0,44757265.0,44757265.0,37506588.0,7250677.0,8.0,19621.0,89514530.0,8589.0,0.0,545.0,2281.0
USA,United States,COM,CR+,CR/LFM/CDH+ERS/H:4-7/COM:3B,C1M/VC/COM3,TOTAL,18.0,30928238.0,30928238.0,25917864.0,5010375.0,5.0,13564.0,61856477.0,5938.0,0.0,754.0,2280.0
USA,United States,COM,CR+,CR/LFM/CDH+ERS/H:4-7/COM:5,C1M/SC/COM8,TOTAL,87.0,228738807.0,228738807.0,205864921.0,22873881.0,26.0,63285.0,457477614.0,27703.0,0.0,727.0,3614.0
USA,United States,COM,CR+,CR/LFM/CDH+ERS/H:4-7/COM:5,C1M/VC/COM8,TOTAL,56.0,152213346.0,152213346.0,136992009.0,15221335.0,15.0,41560.0,304426693.0,18193.0,0.0,742.0,3662.0
USA,United States,RES,CR+,CR/LFM/CDH+ERS/H:4-7/RES:2,C1M/SC/RES3E,TOTAL,19.0,125360946.0,62679441.0,108061134.0,17299810.0,782.0,40326.0,188040387.0,10943.0,408.0,2122.0,3109.0
USA,United States,RES,CR+,CR/LFM/CDH+ERS/H:4-7/RES:2,C1M/SC/RES3F,TOTAL,17.0,283617539.0,141807777.0,244478318.0,39139220.0,2525.0,99326.0,425425316.0,26953.0,1450.0,5843.0,2855.0
USA,United States,RES,CR+,CR/LFM/CDH+ERS/H:4-7/RES:2,C1M/VC/RES3B,TOTAL,23.0,11455676.0,5727642.0,9874792.0,1580883.0,128.0,6372.0,17183318.0,1729.0,66.0,277.0,1798.0
USA,United States,RES,CR+,CR/LFM/CDH+ERS/H:4-7/RES:2,C1M/VC/RES3C,TOTAL,24.0,42522686.0,21261104.0,36654554.0,5868130.0,254.0,11455.0,63783789.0,3108.0,111.0,477.0,3712.0
USA,United States,RES,CR+,CR/LFM/CDH+ERS/H:4-7/RES:2,C1M/VC/RES3D,TOTAL,11.0,33475390.0,16737436.0,28855786.0,4619604.0,215.0,9825.0,50212826.0,2666.0,107.0,893.0,3407.0
USA,United States,RES,CR+,CR/LFM/CDH+ERS/H:4-7/RES:2,C1M/VC/RES3E,TOTAL,15.0,79698998.0,39848957.0,68700534.0,10998461.0,736.0,25641.0,119547955.0,6958.0,428.0,1709.0,3108.0
USA,United States,RES,CR+,CR/LFM/CDH+ERS/H:4-7/RES:2,C1M/VC/RES3F,TOTAL,13.0,197810356.0,98904412.0,170512527.0,27297829.0,1959.0,66630.0,296714768.0,18081.0,943.0,5125.0,2969.0
USA,United States,RES,CR+,CR/LFM/CDH+ERS/H:4-7/RES:2,C1M/SC/RES3C,TOTAL,38.0,72269199.0,36134169.0,62296049.0,9973149.0,362.0,19758.0,108403368.0,5362.0,181.0,520.0,3658.0
USA,United States,RES,CR+,CR/LFM/CDH+ERS/H:4-7/RES:2,C1M/SC/RES3B,TOTAL,32.0,14353247.0,7176365.0,12372499.0,1980748.0,166.0,8076.0,21529612.0,2192.0,71.0,252.0,1777.0
USA,United States,RES,CR+,CR/LFM/CDH+ERS/H:4-7/RES:2,C1M/SC/RES3D,TOTAL,41.0,155885105.0,77940967.0,134372959.0,21512144.0,889.0,46558.0,233826072.0,12634.0,433.0,1136.0,3348.0
USA,United States,RES,CR+,CR/LFM/CDH+ERS/H:4-7/RES:3,C1M/VC/RES4,TOTAL,8.0,81565372.0,40782063.0,70472483.0,11092891.0,366.0,28023.0,122347435.0,7604.0,0.0,3503.0,2911.0
USA,United States,RES,CR+,CR/LFM/CDH+ERS/H:4-7/RES:3,C1M/SC/RES4,TOTAL,7.0,86505669.0,43251979.0,74740901.0,11764772.0,336.0,27425.0,129757648.0,7442.0,0.0,3918.0,3154.0
USA,United States,COM,CR+,CR/LFM/CDH+ERS/H:>8/COM:3,C1H/VC/COM4,TOTAL,18.0,78500609.0,78500609.0,63428494.0,15072117.0,14.0,26805.0,157001218.0,11763.0,0.0,1489.0,2929.0
USA,United States,COM,CR+,CR/LFM/CDH+ERS/H:>8/COM:3,C1H/SC/COM4,TOTAL,8.0,30734369.0,30734369.0,24833371.0,5900999.0,4.0,10664.0,61468738.0,4680.0,0.0,1333.0,2882.0
USA,United States,RES,CR+,CR/LFM/CDH+ERS/H:>8/RES:2,C1H/SC/RES3B,TOTAL,1.0,533728.0,266864.0,460073.0,73654.0,8.0,320.0,800591.0,87.0,4.0,320.0,1668.0
USA,United States,RES,CR+,CR/LFM/CDH+ERS/H:>8/RES:2,C1H/VC/RES3F,TOTAL,1.0,29398152.0,14699012.0,25341206.0,4056945.0,159.0,10489.0,44097164.0,2853.0,205.0,10489.0,2803.0
USA,United States,RES,CR+,CR/LFM/CDH+ERS/H:>8/RES:2,C1H/VC/RES3E,TOTAL,2.0,9361122.0,4680503.0,8069287.0,1291835.0,58.0,3059.0,14041624.0,832.0,36.0,1530.0,3060.0
USA,United States,RES,CR+,CR/LFM/CDH+ERS/H:>8/RES:2,C1H/VC/RES3D,TOTAL,2.0,6500501.0,3250188.0,5603432.0,897069.0,47.0,1982.0,9750689.0,539.0,33.0,991.0,3280.0
USA,United States,RES,CR+,CR/LFM/CDH+ERS/H:>8/RES:2,C1H/VC/RES3C,TOTAL,1.0,1147982.0,573991.0,989561.0,158422.0,5.0,293.0,1721974.0,80.0,4.0,293.0,3918.0
USA,United States,RES,CR+,CR/LFM/CDH+ERS/H:>8/RES:2,C1H/SC/RES3C,TOTAL,2.0,3698654.0,1849284.0,3188240.0,510414.0,18.0,954.0,5547939.0,259.0,8.0,477.0,3877.0
USA,United States,RES,CR+,CR/LFM/CDH+ERS/H:>8/RES:2,C1H/SC/RES3E,TOTAL,1.0,5530694.0,2765347.0,4767458.0,763236.0,28.0,1871.0,8296041.0,509.0,33.0,1871.0,2956.0
USA,United States,RES,CR+,CR/LFM/CDH+ERS/H:>8/RES:2,C1H/SC/RES3F,TOTAL,2.0,29606831.0,14803270.0,25521088.0,4085742.0,181.0,10563.0,44410101.0,2873.0,136.0,5282.0,2803.0
USA,United States,RES,CR+,CR/LFM/CDH+ERS/H:>8/RES:2,C1H/VC/RES3B,TOTAL,1.0,302048.0,151013.0,260365.0,41683.0,3.0,163.0,453060.0,44.0,2.0,163.0,1853.0
USA,United States,RES,CR+,CR/LFM/CDH+ERS/H:>8/RES:3,C1H/SC/RES4,TOTAL,22.0,37511703.0,18755738.0,32410112.0,5101592.0,128.0,13092.0,56267441.0,3561.0,0.0,595.0,2865.0
USA,United States,COM,CR-,CR/LFM/CDL+ERL/H:1-3/COM:1,C1L/LC/COM1,TOTAL,7616.0,12153285059.0,12153285059.0,8580218898.0,3573065807.0,2139.0,7935798.0,24306570117.0,3462392.0,0.0,1042.0,1531.0
USA,United States,COM,CR-,CR/LFM/CDL+ERL/H:1-3/COM:2,C1L/LC/COM2,TOTAL,6389.0,14004163409.0,14004163409.0,9466814445.0,4537348963.0,1898.0,9128063.0,28008326817.0,3982574.0,0.0,1429.0,1534.0
USA,United States,COM,CR-,CR/LFM/CDL+ERL/H:1-3/COM:3,C1L/LC/COM4,TOTAL,17072.0,24426416257.0,24426416257.0,19736545023.0,4689871950.0,2721.0,10301806.0,48852832514.0,4494689.0,0.0,603.0,2371.0
USA,United States,COM,CR-,CR/LFM/CDL+ERL/H:1-3/COM:3A,C1L/LC/COM5,TOTAL,1975.0,3181192715.0,3181192715.0,2742188082.0,439004583.0,252.0,907083.0,6362385430.0,395764.0,0.0,459.0,3507.0
USA,United States,COM,CR-,CR/LFM/CDL+ERL/H:1-3/COM:3B,C1L/LC/COM3,TOTAL,4888.0,4816959179.0,4816959179.0,4036611790.0,780347390.0,675.0,2573994.0,9633918359.0,1123040.0,0.0,527.0,1871.0
USA,United States,COM,CR-,CR/LFM/CDL+ERL/H:1-3/COM:4,C1L/LC/COM10,TOTAL,1958.0,2601393406.0,1300487654.0,1017144826.0,1584248652.0,709.0,2319742.0,3901881060.0,1012104.0,0.0,1185.0,1121.0
USA,United States,COM,CR-,CR/LFM/CDL+ERL/H:1-3/COM:5,C1L/LC/COM8,TOTAL,4072.0,8061164464.0,8061164464.0,7255047840.0,806116460.0,777.0,2710897.0,16122328927.0,1182769.0,0.0,666.0,2974.0
USA,United States,COM,CR-,CR/LFM/CDL+ERL/H:1-3/COM:5A,C1L/LC/COM9,TOTAL,201.0,946915692.0,946915692.0,831391999.0,115523716.0,97.0,393067.0,1893831383.0,171495.0,0.0,1956.0,2409.0
USA,United States,IND,CR-,CR/LFM/CDL+ERL/H:1-3/IND:1,C1L/LC/IND1,TOTAL,1737.0,8994236156.0,13491495070.0,7582141036.0,1412095121.0,4279.0,4819674.0,22485731226.0,2122171.0,0.0,2775.0,1866.0
USA,United States,IND,CR-,CR/LFM/CDL+ERL/H:1-3/IND:2,C1L/LC/IND2,TOTAL,5366.0,15554607477.0,23332038763.0,13112534030.0,2442073458.0,6251.0,9781988.0,38886646240.0,4307150.0,0.0,1823.0,1590.0
USA,United States,IND,CR-,CR/LFM/CDL+ERL/H:1-3/IND:3,C1L/LC/IND3,TOTAL,226.0,1827750022.0,2741663585.0,1540793252.0,286956764.0,662.0,684797.0,4569413606.0,301526.0,0.0,3030.0,2669.0
USA,United States,IND,CR-,CR/LFM/CDL+ERL/H:1-3/IND:4,C1L/LC/IND4,TOTAL,281.0,1485883262.0,2228855556.0,1252599584.0,233283680.0,555.0,573176.0,3714738818.0,252378.0,0.0,2040.0,2592.0
USA,United States,IND,CR-,CR/LFM/CDL+ERL/H:1-3/IND:5,C1L/LC/IND5,TOTAL,1594.0,4610386798.0,6915694278.0,3886556049.0,723830751.0,1565.0,1739493.0,11526081076.0,765925.0,0.0,1091.0,2650.0
USA,United States,IND,CR-,CR/LFM/CDL+ERL/H:1-3/IND:6,C1L/LC/IND6,TOTAL,3688.0,3132916021.0,3132916021.0,2641048186.0,491867832.0,2336.0,1993294.0,6265832041.0,877682.0,0.0,540.0,1572.0
USA,United States,RES,CR-,CR/LFM/CDL+ERL/H:1-3/RES:3,C1L/LC/RES4,TOTAL,1197.0,4579951758.0,2289883840.0,3957078425.0,622873474.0,23238.0,1907856.0,6869835598.0,516056.0,0.0,1594.0,2401.0
USA,United States,RES,CR-,CR/LFM/CDL+ERL/H:1-3/RES:4,C1L/LC/RES6,TOTAL,947.0,5482173961.0,2741000559.0,4473453872.0,1008720009.0,25895.0,1725724.0,8223174520.0,466791.0,0.0,1822.0,3177.0
USA,United States,RES,CR-,CR/LFM/CDL+ERL/H:1-3/RES:4,C1L/LC/RES5,TOTAL,1920.0,20773552556.0,10386650207.0,16868124170.0,3905427744.0,79564.0,7663188.0,31160202763.0,2072810.0,0.0,3991.0,2711.0
USA,United States,COM,CR-,CR/LFM/CDL+ERL/H:4-7/COM:1,C1M/LC/COM1,TOTAL,579.0,1201837524.0,1201837524.0,848497258.0,353340232.0,316.0,748039.0,2403675048.0,327456.0,0.0,1292.0,1607.0
USA,United States,COM,CR-,CR/LFM/CDL+ERL/H:4-7/COM:2,C1M/LC/COM2,TOTAL,607.0,2057091225.0,2057091225.0,1390593663.0,666497553.0,378.0,1334973.0,4114182450.0,584387.0,0.0,2199.0,1541.0
USA,United States,COM,CR-,CR/LFM/CDL+ERL/H:4-7/COM:3,C1M/LC/COM4,TOTAL,1170.0,2811219205.0,2811219205.0,2271465192.0,539754093.0,520.0,1176494.0,5622438410.0,515014.0,0.0,1006.0,2389.0
USA,United States,COM,CR-,CR/LFM/CDL+ERL/H:4-7/COM:3A,C1M/LC/COM5,TOTAL,143.0,333056441.0,333056441.0,287094648.0,45961788.0,35.0,94492.0,666112882.0,41364.0,0.0,661.0,3525.0
USA,United States,COM,CR-,CR/LFM/CDL+ERL/H:4-7/COM:3B,C1M/LC/COM3,TOTAL,427.0,530164009.0,530164009.0,444277439.0,85886570.0,125.0,280643.0,1060328019.0,122853.0,0.0,657.0,1889.0
USA,United States,COM,CR-,CR/LFM/CDL+ERL/H:4-7/COM:4,C1M/LC/COM10,TOTAL,1226.0,658926151.0,329424914.0,257640126.0,401286047.0,170.0,541845.0,988351065.0,237194.0,0.0,442.0,1216.0
USA,United States,COM,CR-,CR/LFM/CDL+ERL/H:4-7/COM:5,C1M/LC/COM8,TOTAL,573.0,1527787901.0,1527787901.0,1375009074.0,152778793.0,249.0,503018.0,3055575801.0,220198.0,0.0,878.0,3037.0
USA,United States,IND,CR-,CR/LFM/CDL+ERL/H:4-7/IND:2,C1M/LC/IND2,TOTAL,314.0,1094662351.0,1642004797.0,922800360.0,171861995.0,522.0,672075.0,2736667148.0,297097.0,0.0,2140.0,1629.0
USA,United States,IND,CR-,CR/LFM/CDL+ERL/H:4-7/IND:3,C1M/LC/IND3,TOTAL,47.0,363183130.0,544780185.0,306163377.0,57019753.0,170.0,135996.0,907963315.0,60118.0,0.0,2894.0,2671.0
USA,United States,IND,CR-,CR/LFM/CDL+ERL/H:4-7/IND:4,C1M/LC/IND4,TOTAL,59.0,301853420.0,452784966.0,254462429.0,47390987.0,256.0,114052.0,754638385.0,50417.0,0.0,1933.0,2647.0
USA,United States,IND,CR-,CR/LFM/CDL+ERL/H:4-7/IND:5,C1M/LC/IND5,TOTAL,164.0,745701714.0,1118561249.0,628626539.0,117075173.0,431.0,283272.0,1864262963.0,125223.0,0.0,1727.0,2632.0
USA,United States,RES,CR-,CR/LFM/CDL+ERL/H:4-7/RES:2,C1M/LC/RES3C,TOTAL,271.0,368269472.0,184131223.0,317448281.0,50821186.0,2609.0,111736.0,552400695.0,30321.0,1243.0,412.0,3296.0
USA,United States,RES,CR-,CR/LFM/CDL+ERL/H:4-7/RES:2,C1M/LC/RES3B,TOTAL,509.0,282095297.0,141045471.0,243166143.0,38929150.0,3761.0,161088.0,423140768.0,43714.0,1570.0,316.0,1751.0
USA,United States,RES,CR-,CR/LFM/CDL+ERL/H:4-7/RES:2,C1M/LC/RES3E,TOTAL,171.0,773508039.0,386746683.0,666763917.0,106744107.0,6800.0,280239.0,1160254722.0,76045.0,4297.0,1639.0,2760.0
USA,United States,RES,CR-,CR/LFM/CDL+ERL/H:4-7/RES:2,C1M/LC/RES3F,TOTAL,104.0,1594521516.0,797255444.0,1374477524.0,220043963.0,11046.0,647730.0,2391776960.0,175767.0,6888.0,6228.0,2462.0
USA,United States,RES,CR-,CR/LFM/CDL+ERL/H:4-7/RES:2,C1M/LC/RES3D,TOTAL,260.0,566327161.0,283159160.0,488174007.0,78153146.0,4179.0,196338.0,849486322.0,53279.0,2060.0,755.0,2884.0
USA,United States,RES,CR-,CR/LFM/CDL+ERL/H:4-7/RES:3,C1M/LC/RES4,TOTAL,286.0,1553327353.0,776649782.0,1342074867.0,211252532.0,8317.0,646231.0,2329977135.0,175360.0,0.0,2260.0,2404.0
USA,United States,RES,CR-,CR/LFM/CDL+ERL/H:4-7/RES:4,C1M/LC/RES5,TOTAL,134.0,1312396013.0,656185225.0,1065665529.0,246730442.0,7364.0,476048.0,1968581238.0,129180.0,0.0,3553.0,2757.0
USA,United States,RES,CR-,CR/LFM/CDL+ERL/H:4-7/RES:4,C1M/LC/RES6,TOTAL,15.0,81103487.0,40550837.0,66180444.0,14923042.0,403.0,26703.0,121654324.0,7246.0,0.0,1780.0,3037.0
USA,United States,COM,CR-,CR/LFM/CDL+ERL/H:>8/COM:3,C1H/LC/COM4,TOTAL,571.0,3495321250.0,3495321250.0,2824219698.0,671101687.0,1052.0,1391724.0,6990642501.0,610745.0,0.0,2437.0,2512.0
USA,United States,COM,CR-,CR/LFM/CDL+ERL/H:>8/COM:3A,C1H/LC/COM5,TOTAL,103.0,213863422.0,213863422.0,184350267.0,29513151.0,37.0,60450.0,427726844.0,26528.0,0.0,587.0,3538.0
USA,United States,COM,CR-,CR/LFM/CDL+ERL/H:>8/COM:4,C1H/LC/COM10,TOTAL,949.0,316560368.0,158265503.0,123775105.0,192785274.0,127.0,266131.0,474825871.0,116789.0,0.0,280.0,1189.0
USA,United States,RES,CR-,CR/LFM/CDL+ERL/H:>8/RES:2,C1H/LC/RES3E,TOTAL,52.0,274771788.0,137383071.0,236853279.0,37918506.0,2098.0,95834.0,412154859.0,26068.0,1308.0,1843.0,2867.0
USA,United States,RES,CR-,CR/LFM/CDL+ERL/H:>8/RES:2,C1H/LC/RES3B,TOTAL,18.0,9139776.0,4568828.0,7878487.0,1261289.0,79.0,5744.0,13708604.0,1563.0,76.0,319.0,1591.0
USA,United States,RES,CR-,CR/LFM/CDL+ERL/H:>8/RES:2,C1H/LC/RES3C,TOTAL,34.0,59795654.0,29897096.0,51543853.0,8251800.0,304.0,18127.0,89692750.0,4931.0,159.0,533.0,3299.0
USA,United States,RES,CR-,CR/LFM/CDL+ERL/H:>8/RES:2,C1H/LC/RES3D,TOTAL,12.0,33346140.0,16672671.0,28744373.0,4601767.0,228.0,10626.0,50018812.0,2890.0,139.0,886.0,3138.0
USA,United States,RES,CR-,CR/LFM/CDL+ERL/H:>8/RES:2,C1H/LC/RES3F,TOTAL,125.0,2538771416.0,1269380128.0,2188420935.0,350350448.0,17134.0,1002589.0,3808151545.0,272713.0,12926.0,8021.0,2532.0
USA,United States,RES,CR-,CR/LFM/CDL+ERL/H:>8/RES:3,C1H/LC/RES4,TOTAL,258.0,1166151858.0,583068050.0,1007555228.0,158596661.0,5371.0,459739.0,1749219908.0,125053.0,0.0,1782.0,2537.0
USA,United States,RES,CR-,CR/LFM/CDL+ERL/H:>8/RES:4,C1H/LC/RES5,TOTAL,73.0,856245361.0,428118824.0,695271211.0,160974122.0,3913.0,295156.0,1284364185.0,80285.0,0.0,4043.0,2901.0
USA,United States,COM,CR+,CR/LFM/CDM+ERM/H:1-3/COM:1,C1L/MC/COM1,TOTAL,2451.0,4180723555.0,4180723555.0,2951590709.0,1229132724.0,620.0,2356275.0,8361447110.0,1028044.0,0.0,961.0,1774.0
USA,United States,COM,CR+,CR/LFM/CDM+ERM/H:1-3/COM:2,C1L/MC/COM2,TOTAL,787.0,1738591080.0,1738591080.0,1175287567.0,563303511.0,205.0,994036.0,3477182161.0,433698.0,0.0,1263.0,1749.0
USA,United States,COM,CR+,CR/LFM/CDM+ERM/H:1-3/COM:3,C1L/MC/COM4,TOTAL,3446.0,5576235828.0,5576235828.0,4505598698.0,1070637289.0,496.0,2102624.0,11152471656.0,917378.0,0.0,610.0,2652.0
USA,United States,COM,CR+,CR/LFM/CDM+ERM/H:1-3/COM:3A,C1L/MC/COM5,TOTAL,306.0,536896850.0,536896850.0,462805078.0,74091764.0,35.0,133444.0,1073793700.0,58222.0,0.0,436.0,4023.0
USA,United States,COM,CR+,CR/LFM/CDM+ERM/H:1-3/COM:3B,C1L/MC/COM3,TOTAL,1013.0,1088717364.0,1088717364.0,912345152.0,176372214.0,133.0,503781.0,2177434728.0,219801.0,0.0,497.0,2161.0
USA,United States,COM,CR+,CR/LFM/CDM+ERM/H:1-3/COM:4,C1L/MC/COM10,TOTAL,66.0,68543568.0,34264794.0,26800536.0,41743035.0,14.0,56015.0,102808362.0,24440.0,0.0,849.0,1224.0
USA,United States,COM,CR+,CR/LFM/CDM+ERM/H:1-3/COM:5,C1L/MC/COM8,TOTAL,541.0,1173699330.0,1173699330.0,1056329369.0,117369935.0,91.0,338888.0,2347398659.0,147858.0,0.0,626.0,3463.0
USA,United States,IND,CR+,CR/LFM/CDM+ERM/H:1-3/IND:1,C1L/MC/IND1,TOTAL,479.0,2305318988.0,3458008725.0,1943383896.0,361935096.0,783.0,1023649.0,5763327713.0,450727.0,0.0,2137.0,2252.0
USA,United States,IND,CR+,CR/LFM/CDM+ERM/H:1-3/IND:2,C1L/MC/IND2,TOTAL,30.0,141252372.0,211879021.0,119075750.0,22176623.0,53.0,97793.0,353131393.0,43060.0,0.0,3260.0,1444.0
USA,United States,IND,CR+,CR/LFM/CDM+ERM/H:1-3/IND:3,C1L/MC/IND3,TOTAL,81.0,592275196.0,888418938.0,499287986.0,92987209.0,143.0,186862.0,1480694133.0,82278.0,0.0,2307.0,3170.0
USA,United States,IND,CR+,CR/LFM/CDM+ERM/H:1-3/IND:4,C1L/MC/IND4,TOTAL,115.0,840730793.0,1261108117.0,708736055.0,131994739.0,140.0,262629.0,2101838910.0,115639.0,0.0,2284.0,3201.0
USA,United States,IND,CR+,CR/LFM/CDM+ERM/H:1-3/IND:5,C1L/MC/IND5,TOTAL,179.0,447071007.0,670614356.0,376880856.0,70190150.0,150.0,137091.0,1117685364.0,60363.0,0.0,766.0,3261.0
USA,United States,IND,CR+,CR/LFM/CDM+ERM/H:1-3/IND:6,C1L/MC/IND6,TOTAL,13.0,16855174.0,16855174.0,14208911.0,2646262.0,7.0,11724.0,33710347.0,5162.0,0.0,902.0,1438.0
USA,United States,RES,CR+,CR/LFM/CDM+ERM/H:1-3/RES:3,C1L/MC/RES4,TOTAL,219.0,797408607.0,398696331.0,688961053.0,108447577.0,3400.0,297200.0,1196104937.0,80390.0,0.0,1357.0,2683.0
USA,United States,RES,CR+,CR/LFM/CDM+ERM/H:1-3/RES:4,C1L/MC/RES5,TOTAL,135.0,1450749493.0,725360636.0,1178008553.0,272740895.0,6612.0,474978.0,2176110128.0,128477.0,0.0,3518.0,3054.0
USA,United States,RES,CR+,CR/LFM/CDM+ERM/H:1-3/RES:4,C1L/MC/RES6,TOTAL,2.0,15779915.0,7889740.0,12876411.0,2903504.0,79.0,5369.0,23669655.0,1452.0,0.0,2684.0,2939.0
USA,United States,COM,CR+,CR/LFM/CDM+ERM/H:4-7/COM:1,C1M/MC/COM1,TOTAL,308.0,620941746.0,620941746.0,438384855.0,182556873.0,142.0,338412.0,1241883491.0,148141.0,0.0,1099.0,1835.0
USA,United States,COM,CR+,CR/LFM/CDM+ERM/H:4-7/COM:2,C1M/MC/COM2,TOTAL,344.0,957867787.0,957867787.0,647518622.0,310349162.0,144.0,528428.0,1915735574.0,231321.0,0.0,1536.0,1813.0
USA,United States,COM,CR+,CR/LFM/CDM+ERM/H:4-7/COM:3,C1M/MC/COM4,TOTAL,839.0,1812767331.0,1812767331.0,1464716057.0,348051330.0,273.0,643766.0,3625534662.0,281811.0,0.0,767.0,2816.0
USA,United States,COM,CR+,CR/LFM/CDM+ERM/H:4-7/COM:3A,C1M/MC/COM5,TOTAL,77.0,195518244.0,195518244.0,168536723.0,26981517.0,19.0,47444.0,391036488.0,20769.0,0.0,616.0,4121.0
USA,United States,COM,CR+,CR/LFM/CDM+ERM/H:4-7/COM:3B,C1M/MC/COM3,TOTAL,154.0,205279644.0,205279644.0,172024342.0,33255302.0,46.0,94920.0,410559289.0,41552.0,0.0,616.0,2163.0
USA,United States,COM,CR+,CR/LFM/CDM+ERM/H:4-7/COM:4,C1M/MC/COM10,TOTAL,215.0,56299328.0,28147528.0,22013037.0,34286292.0,18.0,47454.0,84446855.0,20773.0,0.0,221.0,1186.0
USA,United States,COM,CR+,CR/LFM/CDM+ERM/H:4-7/COM:5,C1M/MC/COM8,TOTAL,287.0,1017290874.0,1017290874.0,915561767.0,101729090.0,149.0,291400.0,2034581748.0,127561.0,0.0,1015.0,3491.0
USA,United States,IND,CR+,CR/LFM/CDM+ERM/H:4-7/IND:3,C1M/MC/IND3,TOTAL,62.0,578359473.0,867548000.0,487557026.0,90802441.0,217.0,181216.0,1445907472.0,80108.0,0.0,2923.0,3192.0
USA,United States,IND,CR+,CR/LFM/CDM+ERM/H:4-7/IND:4,C1M/MC/IND4,TOTAL,115.0,892594039.0,1338897420.0,752456770.0,140137269.0,186.0,280189.0,2231491459.0,123860.0,0.0,2436.0,3186.0
USA,United States,IND,CR+,CR/LFM/CDM+ERM/H:4-7/IND:5,C1M/MC/IND5,TOTAL,24.0,56834345.0,85252703.0,47911353.0,8922992.0,41.0,18895.0,142087048.0,8353.0,0.0,787.0,3008.0
USA,United States,RES,CR+,CR/LFM/CDM+ERM/H:4-7/RES:2,C1M/MC/RES3E,TOTAL,95.0,570871633.0,285432292.0,492091341.0,78780283.0,3581.0,184550.0,856303925.0,50079.0,1962.0,1943.0,3093.0
USA,United States,RES,CR+,CR/LFM/CDM+ERM/H:4-7/RES:2,C1M/MC/RES3C,TOTAL,203.0,324672763.0,162334897.0,279867918.0,44804840.0,1836.0,90030.0,487007660.0,24431.0,849.0,443.0,3606.0
USA,United States,RES,CR+,CR/LFM/CDM+ERM/H:4-7/RES:2,C1M/MC/RES3B,TOTAL,266.0,134920033.0,67458729.0,116301067.0,18618964.0,1461.0,74562.0,202378762.0,20233.0,660.0,280.0,1810.0
USA,United States,RES,CR+,CR/LFM/CDM+ERM/H:4-7/RES:2,C1M/MC/RES3F,TOTAL,47.0,548766968.0,274380816.0,473037120.0,75729840.0,4372.0,200242.0,823147784.0,54337.0,2636.0,4260.0,2741.0
USA,United States,RES,CR+,CR/LFM/CDM+ERM/H:4-7/RES:2,C1M/MC/RES3D,TOTAL,99.0,284091262.0,142043648.0,244886665.0,39204593.0,1716.0,86134.0,426134910.0,23373.0,904.0,870.0,3298.0
USA,United States,RES,CR+,CR/LFM/CDM+ERM/H:4-7/RES:3,C1M/MC/RES4,TOTAL,46.0,465752377.0,232874049.0,402410066.0,63342327.0,2420.0,164877.0,698626426.0,44741.0,0.0,3584.0,2825.0
USA,United States,RES,CR+,CR/LFM/CDM+ERM/H:4-7/RES:4,C1M/MC/RES5,TOTAL,11.0,150821640.0,75409296.0,122467167.0,28354468.0,601.0,47467.0,226230937.0,12881.0,0.0,4315.0,3177.0
USA,United States,RES,CR+,CR/LFM/CDM+ERM/H:4-7/RES:4,C1M/MC/RES6,TOTAL,45.0,275799585.0,137892974.0,225052456.0,50747124.0,1660.0,74694.0,413692559.0,20269.0,0.0,1660.0,3692.0
USA,United States,COM,CR+,CR/LFM/CDM+ERM/H:>8/COM:3,C1H/MC/COM4,TOTAL,229.0,686042042.0,686042042.0,554321985.0,131720072.0,168.0,244514.0,1372084083.0,107303.0,0.0,1068.0,2806.0
USA,United States,COM,CR+,CR/LFM/CDM+ERM/H:>8/COM:3A,C1H/MC/COM5,TOTAL,42.0,100200423.0,100200423.0,86372764.0,13827658.0,15.0,24849.0,200400846.0,10905.0,0.0,592.0,4032.0
USA,United States,RES,CR+,CR/LFM/CDM+ERM/H:>8/RES:2,C1H/MC/RES3E,TOTAL,29.0,182233037.0,91116075.0,157084876.0,25148159.0,1009.0,57343.0,273349112.0,15598.0,719.0,1977.0,3178.0
USA,United States,RES,CR+,CR/LFM/CDM+ERM/H:>8/RES:2,C1H/MC/RES3D,TOTAL,13.0,32911114.0,16455255.0,28369380.0,4541734.0,209.0,9852.0,49366369.0,2680.0,119.0,758.0,3341.0
USA,United States,RES,CR+,CR/LFM/CDM+ERM/H:>8/RES:2,C1H/MC/RES3F,TOTAL,41.0,590042382.0,295019474.0,508616532.0,81425846.0,4670.0,212693.0,885061856.0,57855.0,3380.0,5188.0,2774.0
USA,United States,RES,CR+,CR/LFM/CDM+ERM/H:>8/RES:2,C1H/MC/RES3B,TOTAL,3.0,955318.0,477603.0,823484.0,131834.0,6.0,605.0,1432921.0,165.0,5.0,202.0,1579.0
USA,United States,RES,CR+,CR/LFM/CDM+ERM/H:>8/RES:2,C1H/MC/RES3C,TOTAL,19.0,29203917.0,14601470.0,25173776.0,4030140.0,147.0,8326.0,43805387.0,2265.0,74.0,438.0,3508.0
USA,United States,RES,CR+,CR/LFM/CDM+ERM/H:>8/RES:3,C1H/MC/RES4,TOTAL,28.0,319146463.0,159572565.0,275742552.0,43403921.0,871.0,117310.0,478719028.0,31909.0,0.0,4190.0,2721.0
USA,United States,RES,CR+,CR/LFM/CDM+ERM/H:>8/RES:4,C1H/MC/RES5,TOTAL,16.0,72475116.0,36235659.0,58849792.0,13625321.0,514.0,22708.0,108710775.0,6177.0,0.0,1419.0,3192.0
USA,United States,COM,CR-,CR/LFM/CDN+ERL/H:1-3/COM:1,C1L/PC/COM1,TOTAL,6262.0,8357720507.0,8357720507.0,5900550434.0,2457169828.0,1471.0,5283854.0,16715441014.0,2305351.0,0.0,844.0,1582.0
USA,United States,COM,CR-,CR/LFM/CDN+ERL/H:1-3/COM:2,C1L/PC/COM2,TOTAL,7464.0,14913929418.0,14913929418.0,10081816281.0,4832113146.0,2098.0,9519725.0,29827858836.0,4153459.0,0.0,1275.0,1567.0
USA,United States,COM,CR-,CR/LFM/CDN+ERL/H:1-3/COM:3,C1L/PC/COM4,TOTAL,17831.0,24527664093.0,24527664093.0,19818353270.0,4709311549.0,2555.0,9871396.0,49055328185.0,4306903.0,0.0,554.0,2485.0
USA,United States,COM,CR-,CR/LFM/CDN+ERL/H:1-3/COM:3A,C1L/PC/COM5,TOTAL,1619.0,2422469428.0,2422469428.0,2088168618.0,334300773.0,185.0,672494.0,4844938856.0,293412.0,0.0,415.0,3602.0
USA,United States,COM,CR-,CR/LFM/CDN+ERL/H:1-3/COM:3B,C1L/PC/COM3,TOTAL,5274.0,5108846136.0,5108846136.0,4281213058.0,827633077.0,709.0,2619438.0,10217692273.0,1142869.0,0.0,497.0,1950.0
USA,United States,COM,CR-,CR/LFM/CDN+ERL/H:1-3/COM:4,C1L/PC/COM10,TOTAL,4060.0,5903206728.0,2951236973.0,2308153847.0,3595053059.0,1284.0,4980596.0,8854443702.0,2173034.0,0.0,1227.0,1185.0
USA,United States,COM,CR-,CR/LFM/CDN+ERL/H:1-3/COM:5,C1L/PC/COM8,TOTAL,3782.0,6600758301.0,6600758301.0,5940682311.0,660075842.0,627.0,2124939.0,13201516603.0,927116.0,0.0,562.0,3106.0
USA,United States,COM,CR-,CR/LFM/CDN+ERL/H:1-3/COM:5A,C1L/PC/COM9,TOTAL,429.0,1170762723.0,1170762723.0,1027929697.0,142833054.0,117.0,466067.0,2341525446.0,203345.0,0.0,1086.0,2512.0
USA,United States,IND,CR-,CR/LFM/CDN+ERL/H:1-3/IND:1,C1L/PC/IND1,TOTAL,2614.0,12086681656.0,18130233393.0,10189072577.0,1897609083.0,5390.0,6310484.0,30216915050.0,2778597.0,0.0,2414.0,1915.0
USA,United States,IND,CR-,CR/LFM/CDN+ERL/H:1-3/IND:2,C1L/PC/IND2,TOTAL,8608.0,22729010050.0,34093718460.0,19160555361.0,3568454695.0,8507.0,13762902.0,56822728510.0,6060005.0,0.0,1599.0,1651.0
USA,United States,IND,CR-,CR/LFM/CDN+ERL/H:1-3/IND:3,C1L/PC/IND3,TOTAL,456.0,2832059790.0,4248170100.0,2387426389.0,444633401.0,1087.0,1055309.0,7080229889.0,464668.0,0.0,2314.0,2684.0
USA,United States,IND,CR-,CR/LFM/CDN+ERL/H:1-3/IND:4,C1L/PC/IND4,TOTAL,579.0,2940100994.0,4410206236.0,2478505119.0,461595869.0,883.0,1104550.0,7350307229.0,486350.0,0.0,1908.0,2662.0
USA,United States,IND,CR-,CR/LFM/CDN+ERL/H:1-3/IND:5,C1L/PC/IND5,TOTAL,2498.0,6702236582.0,10053535717.0,5649985403.0,1052251178.0,1999.0,2445464.0,16755772298.0,1076776.0,0.0,979.0,2741.0
USA,United States,IND,CR-,CR/LFM/CDN+ERL/H:1-3/IND:6,C1L/PC/IND6,TOTAL,4106.0,3302917515.0,3302917515.0,2784359450.0,518558067.0,2452.0,2020542.0,6605835030.0,889681.0,0.0,492.0,1635.0
USA,United States,RES,CR-,CR/LFM/CDN+ERL/H:1-3/RES:3,C1L/PC/RES4,TOTAL,1192.0,3475136800.0,1737481981.0,3002518273.0,472618631.0,18919.0,1478104.0,5212618781.0,399813.0,0.0,1240.0,2351.0
USA,United States,RES,CR-,CR/LFM/CDN+ERL/H:1-3/RES:4,C1L/PC/RES5,TOTAL,2368.0,26388870929.0,13194232841.0,21427762601.0,4961107570.0,120507.0,9735207.0,39583103769.0,2633268.0,0.0,4111.0,2711.0
USA,United States,RES,CR-,CR/LFM/CDN+ERL/H:1-3/RES:4,C1L/PC/RES6,TOTAL,1289.0,6538476505.0,3269105058.0,5335396728.0,1203079681.0,36259.0,2077318.0,9807581563.0,561894.0,0.0,1612.0,3148.0
USA,United States,COM,CR-,CR/LFM/CDN+ERL/H:4-7/COM:1,C1M/PC/COM1,TOTAL,1167.0,1500563334.0,1500563334.0,1059397671.0,441165619.0,319.0,891590.0,3001126669.0,390296.0,0.0,764.0,1683.0
USA,United States,COM,CR-,CR/LFM/CDN+ERL/H:4-7/COM:2,C1M/PC/COM2,TOTAL,729.0,1684369251.0,1684369251.0,1138633609.0,545735638.0,358.0,1052340.0,3368738503.0,460664.0,0.0,1444.0,1601.0
USA,United States,COM,CR-,CR/LFM/CDN+ERL/H:4-7/COM:3,C1M/PC/COM4,TOTAL,2164.0,4486583317.0,4486583317.0,3625159436.0,861424004.0,844.0,1789630.0,8973166634.0,783417.0,0.0,827.0,2507.0
USA,United States,COM,CR-,CR/LFM/CDN+ERL/H:4-7/COM:3A,C1M/PC/COM5,TOTAL,208.0,364616009.0,364616009.0,314298995.0,50317008.0,48.0,102806.0,729232017.0,45004.0,0.0,494.0,3547.0
USA,United States,COM,CR-,CR/LFM/CDN+ERL/H:4-7/COM:3B,C1M/PC/COM3,TOTAL,712.0,896469159.0,896469159.0,751241155.0,145228004.0,201.0,453423.0,1792938318.0,198488.0,0.0,637.0,1977.0
USA,United States,COM,CR-,CR/LFM/CDN+ERL/H:4-7/COM:4,C1M/PC/COM10,TOTAL,1102.0,566946285.0,283423325.0,221675999.0,345270301.0,204.0,466328.0,850369610.0,204136.0,0.0,423.0,1216.0
USA,United States,COM,CR-,CR/LFM/CDN+ERL/H:4-7/COM:5,C1M/PC/COM8,TOTAL,712.0,1746742582.0,1746742582.0,1572068282.0,174674261.0,222.0,550475.0,3493485163.0,240973.0,0.0,773.0,3173.0
USA,United States,IND,CR-,CR/LFM/CDN+ERL/H:4-7/IND:2,C1M/PC/IND2,TOTAL,967.0,2121806567.0,3182733915.0,1788682923.0,333123643.0,1071.0,1233699.0,5304540483.0,545368.0,0.0,1276.0,1720.0
USA,United States,IND,CR-,CR/LFM/CDN+ERL/H:4-7/IND:3,C1M/PC/IND3,TOTAL,58.0,450255334.0,675396715.0,379565242.0,70690090.0,731.0,167903.0,1125652049.0,74223.0,0.0,2895.0,2682.0
USA,United States,IND,CR-,CR/LFM/CDN+ERL/H:4-7/IND:4,C1M/PC/IND4,TOTAL,18.0,299062218.0,448596941.0,252109449.0,46952771.0,219.0,102277.0,747659160.0,45212.0,0.0,5682.0,2924.0
USA,United States,IND,CR-,CR/LFM/CDN+ERL/H:4-7/IND:5,C1M/PC/IND5,TOTAL,131.0,438848320.0,658280281.0,369949132.0,68899188.0,144.0,141991.0,1097128601.0,62769.0,0.0,1084.0,3091.0
USA,United States,RES,CR-,CR/LFM/CDN+ERL/H:4-7/RES:2,C1M/PC/RES3D,TOTAL,488.0,1235376150.0,617674564.0,1064894227.0,170481905.0,9872.0,383087.0,1853050714.0,103955.0,4779.0,785.0,3225.0
USA,United States,RES,CR-,CR/LFM/CDN+ERL/H:4-7/RES:2,C1M/PC/RES3C,TOTAL,1206.0,1805805638.0,902889753.0,1556604437.0,249201172.0,12672.0,493554.0,2708695391.0,133932.0,5667.0,409.0,3659.0
USA,United States,RES,CR-,CR/LFM/CDN+ERL/H:4-7/RES:2,C1M/PC/RES3B,TOTAL,2284.0,1171870854.0,585927031.0,1010152663.0,161718174.0,16127.0,645964.0,1757797885.0,175291.0,6733.0,283.0,1814.0
USA,United States,RES,CR-,CR/LFM/CDN+ERL/H:4-7/RES:2,C1M/PC/RES3E,TOTAL,394.0,2171021890.0,1085496726.0,1871420846.0,299601013.0,20472.0,698417.0,3256518616.0,189522.0,9481.0,1773.0,3108.0
USA,United States,RES,CR-,CR/LFM/CDN+ERL/H:4-7/RES:2,C1M/PC/RES3F,TOTAL,226.0,3040548248.0,1520262649.0,2620952565.0,419595649.0,30696.0,1054708.0,4560810897.0,286203.0,14765.0,4667.0,2883.0
USA,United States,RES,CR-,CR/LFM/CDN+ERL/H:4-7/RES:3,C1M/PC/RES4,TOTAL,669.0,1826005112.0,912977823.0,1577668466.0,248336708.0,11303.0,705330.0,2738982935.0,191397.0,0.0,1054.0,2589.0
USA,United States,RES,CR-,CR/LFM/CDN+ERL/H:4-7/RES:4,C1M/PC/RES5,TOTAL,234.0,2416053918.0,1208003197.0,1961835722.0,454218122.0,15897.0,801999.0,3624057115.0,217629.0,0.0,3427.0,3013.0
USA,United States,RES,CR-,CR/LFM/CDN+ERL/H:4-7/RES:4,C1M/PC/RES6,TOTAL,5.0,26706584.0,13352842.0,21792572.0,4914011.0,153.0,7830.0,40059425.0,2125.0,0.0,1566.0,3411.0
USA,United States,COM,CR-,CR/LFM/CDN+ERL/H:>8/COM:3,C1H/PC/COM4,TOTAL,1104.0,4742605570.0,4742605570.0,3832025412.0,910580275.0,1310.0,1825043.0,9485211139.0,800904.0,0.0,1653.0,2599.0
USA,United States,COM,CR-,CR/LFM/CDN+ERL/H:>8/COM:3A,C1H/PC/COM5,TOTAL,197.0,529650100.0,529650100.0,456558377.0,73091712.0,76.0,136259.0,1059300200.0,59796.0,0.0,692.0,3887.0
USA,United States,COM,CR-,CR/LFM/CDN+ERL/H:>8/COM:4,C1H/PC/COM10,TOTAL,666.0,378844556.0,189401798.0,148128223.0,230716346.0,153.0,316374.0,568246354.0,138838.0,0.0,475.0,1197.0
USA,United States,RES,CR-,CR/LFM/CDN+ERL/H:>8/RES:2,C1H/PC/RES3C,TOTAL,100.0,157751809.0,78873731.0,135982057.0,21769749.0,912.0,42870.0,236625539.0,11661.0,540.0,429.0,3680.0
USA,United States,RES,CR-,CR/LFM/CDN+ERL/H:>8/RES:2,C1H/PC/RES3D,TOTAL,98.0,291591018.0,145792039.0,251351454.0,40239560.0,1839.0,83932.0,437383058.0,22830.0,1030.0,856.0,3474.0
USA,United States,RES,CR-,CR/LFM/CDN+ERL/H:>8/RES:2,C1H/PC/RES3E,TOTAL,164.0,915100742.0,457546395.0,788816831.0,126283899.0,7295.0,292618.0,1372647137.0,79595.0,3917.0,1784.0,3127.0
USA,United States,RES,CR-,CR/LFM/CDN+ERL/H:>8/RES:2,C1H/PC/RES3B,TOTAL,53.0,23887056.0,11943043.0,20590642.0,3296414.0,277.0,14800.0,35830099.0,4026.0,165.0,279.0,1614.0
USA,United States,RES,CR-,CR/LFM/CDN+ERL/H:>8/RES:2,C1H/PC/RES3F,TOTAL,322.0,5675415518.0,2837696861.0,4892208126.0,783207322.0,50401.0,2030055.0,8513112379.0,552194.0,28950.0,6305.0,2796.0
USA,United States,RES,CR-,CR/LFM/CDN+ERL/H:>8/RES:3,C1H/PC/RES4,TOTAL,414.0,2304385071.0,1152181501.0,1990988759.0,313396385.0,8699.0,918988.0,3456566572.0,249974.0,0.0,2220.0,2508.0
USA,United States,RES,CR-,CR/LFM/CDN+ERL/H:>8/RES:4,C1H/PC/RES5,TOTAL,78.0,978360917.0,489174607.0,794429043.0,183931846.0,6453.0,296774.0,1467535525.0,80725.0,0.0,3805.0,3297.0
USA,United States,COM,CR+,CR/LWAL/CDH+ERH/H:1-3/COM:1,C2L/HC/COM1,TOTAL,3453.0,6610348239.0,6610348239.0,4666905659.0,1943442382.0,882.0,3534242.0,13220696477.0,1697245.0,0.0,1024.0,1870.0
USA,United States,COM,CR+,CR/LWAL/CDH+ERH/H:1-3/COM:2,C2L/HC/COM2,TOTAL,3116.0,8014125031.0,8014125031.0,5417548518.0,2596576519.0,897.0,4291466.0,16028250062.0,2060883.0,0.0,1377.0,1867.0
USA,United States,COM,CR+,CR/LWAL/CDH+ERH/H:1-3/COM:3,C2L/HC/COM4,TOTAL,9783.0,19248409570.0,19248409570.0,15552715487.0,3695694671.0,1746.0,6762953.0,38496819139.0,3247764.0,0.0,691.0,2846.0
USA,United States,COM,CR+,CR/LWAL/CDH+ERH/H:1-3/COM:3A,C2L/HC/COM5,TOTAL,929.0,2163689876.0,2163689876.0,1865100644.0,298589195.0,125.0,510494.0,4327379753.0,245155.0,0.0,550.0,4238.0
USA,United States,COM,CR+,CR/LWAL/CDH+ERH/H:1-3/COM:3B,C2L/HC/COM3,TOTAL,3326.0,4106984509.0,4106984509.0,3441653020.0,665331492.0,472.0,1802819.0,8213969018.0,865769.0,0.0,542.0,2278.0
USA,United States,COM,CR+,CR/LWAL/CDH+ERH/H:1-3/COM:4,C2L/HC/COM10,TOTAL,1019.0,1626928449.0,813336437.0,636129027.0,990799472.0,273.0,1271160.0,2440264886.0,610447.0,0.0,1247.0,1280.0
USA,United States,COM,CR+,CR/LWAL/CDH+ERH/H:1-3/COM:5,C2L/HC/COM8,TOTAL,3330.0,8614637376.0,8614637376.0,7753173433.0,861463755.0,689.0,2374549.0,17229274752.0,1140328.0,0.0,713.0,3628.0
USA,United States,COM,CR+,CR/LWAL/CDH+ERH/H:1-3/COM:5A,C2L/HC/COM9,TOTAL,49.0,234281233.0,234281233.0,205698928.0,28582311.0,19.0,78227.0,468562465.0,37567.0,0.0,1596.0,2995.0
USA,United States,IND,CR+,CR/LWAL/CDH+ERH/H:1-3/IND:1,C2L/HC/IND1,TOTAL,533.0,2626148267.0,3939261428.0,2213842976.0,412305290.0,1107.0,1151990.0,6565409696.0,537217.0,0.0,2161.0,2280.0
USA,United States,IND,CR+,CR/LWAL/CDH+ERH/H:1-3/IND:2,C2L/HC/IND2,TOTAL,2632.0,7083937796.0,10625961568.0,5971759525.0,1112178271.0,3384.0,3772173.0,17709899364.0,1759107.0,0.0,1433.0,1878.0
USA,United States,IND,CR+,CR/LWAL/CDH+ERH/H:1-3/IND:3,C2L/HC/IND3,TOTAL,260.0,2054356634.0,3081561529.0,1731822639.0,322534003.0,684.0,638646.0,5135918163.0,297825.0,0.0,2456.0,3217.0
USA,United States,IND,CR+,CR/LWAL/CDH+ERH/H:1-3/IND:4,C2L/HC/IND4,TOTAL,152.0,862738086.0,1294117522.0,727288193.0,135449884.0,181.0,271184.0,2156855607.0,126464.0,0.0,1784.0,3181.0
USA,United States,IND,CR+,CR/LWAL/CDH+ERH/H:1-3/IND:5,C2L/HC/IND5,TOTAL,84.0,199922612.0,299885213.0,168534762.0,31387852.0,57.0,68791.0,499807825.0,32080.0,0.0,819.0,2906.0
USA,United States,IND,CR+,CR/LWAL/CDH+ERH/H:1-3/IND:6,C2L/HC/IND6,TOTAL,1850.0,2097934304.0,2097934304.0,1768558607.0,329375696.0,1583.0,1106241.0,4195868609.0,515885.0,0.0,598.0,1896.0
USA,United States,RES,CR+,CR/LWAL/CDH+ERH/H:1-3/RES:1,C2L/HC/RES1,TOTAL,819.0,309945373.0,154972562.0,237418147.0,72527217.0,1489.0,125906.0,464917935.0,41529.0,1238.0,154.0,2462.0
USA,United States,RES,CR+,CR/LWAL/CDH+ERH/H:1-3/RES:2,C2L/HC/RES3F,TOTAL,74.0,1116491986.0,558240297.0,962416084.0,154075890.0,6878.0,386268.0,1674732283.0,127406.0,3949.0,5220.0,2890.0
USA,United States,RES,CR+,CR/LWAL/CDH+ERH/H:1-3/RES:2,C2L/HC/RES3E,TOTAL,206.0,1177397795.0,588687362.0,1014916886.0,162480891.0,7492.0,374479.0,1766085157.0,123518.0,3333.0,1818.0,3144.0
USA,United States,RES,CR+,CR/LWAL/CDH+ERH/H:1-3/RES:2,C2L/HC/RES3D,TOTAL,766.0,1985793964.0,992879215.0,1711754373.0,274039561.0,11774.0,590452.0,2978673179.0,194755.0,4779.0,771.0,3363.0
USA,United States,RES,CR+,CR/LWAL/CDH+ERH/H:1-3/RES:2,C2L/HC/RES3C,TOTAL,2218.0,3701243840.0,1850599618.0,3190472148.0,510771637.0,20565.0,1026478.0,5551843458.0,338575.0,8153.0,463.0,3606.0
USA,United States,RES,CR+,CR/LWAL/CDH+ERH/H:1-3/RES:2,C2L/HC/RES3B,TOTAL,2574.0,1363552722.0,681755258.0,1175382432.0,188170271.0,15200.0,802177.0,2045307980.0,264592.0,5817.0,312.0,1700.0
USA,United States,RES,CR+,CR/LWAL/CDH+ERH/H:1-3/RES:2,C2L/HC/RES3A,TOTAL,4679.0,2302459330.0,1151209037.0,1984719917.0,317739379.0,19473.0,1183469.0,3453668367.0,390358.0,7365.0,253.0,1946.0
USA,United States,RES,CR+,CR/LWAL/CDH+ERH/H:1-3/RES:3,C2L/HC/RES4,TOTAL,568.0,2066793853.0,1033370885.0,1785709941.0,281083981.0,9837.0,701263.0,3100164739.0,231304.0,0.0,1235.0,2947.0
USA,United States,RES,CR+,CR/LWAL/CDH+ERH/H:1-3/RES:4,C2L/HC/RES5,TOTAL,506.0,6039248603.0,3019595586.0,4903869750.0,1135378691.0,20464.0,1883428.0,9058844189.0,621226.0,0.0,3722.0,3207.0
USA,United States,RES,CR+,CR/LWAL/CDH+ERH/H:1-3/RES:4,C2L/HC/RES6,TOTAL,178.0,963210406.0,481586864.0,785979672.0,177230715.0,4626.0,260032.0,1444797270.0,85769.0,0.0,1461.0,3704.0
USA,United States,COM,CR+,CR/LWAL/CDH+ERH/H:4-7/COM:1,C2M/HC/COM1,TOTAL,684.0,1265096387.0,1265096387.0,893158012.0,371938338.0,237.0,681334.0,2530192775.0,328321.0,0.0,996.0,1857.0
USA,United States,COM,CR+,CR/LWAL/CDH+ERH/H:4-7/COM:2,C2M/HC/COM2,TOTAL,487.0,1411855408.0,1411855408.0,954414255.0,457441151.0,208.0,766102.0,2823710816.0,369168.0,0.0,1573.0,1843.0
USA,United States,COM,CR+,CR/LWAL/CDH+ERH/H:4-7/COM:3,C2M/HC/COM4,TOTAL,1618.0,3955247177.0,3955247177.0,3195839822.0,759407466.0,510.0,1387259.0,7910494354.0,668491.0,0.0,857.0,2851.0
USA,United States,COM,CR+,CR/LWAL/CDH+ERH/H:4-7/COM:3A,C2M/HC/COM5,TOTAL,131.0,393633622.0,393633622.0,339312177.0,54321438.0,34.0,93406.0,787267243.0,45011.0,0.0,713.0,4214.0
USA,United States,COM,CR+,CR/LWAL/CDH+ERH/H:4-7/COM:3B,C2M/HC/COM3,TOTAL,473.0,626579227.0,626579227.0,525073393.0,101505835.0,110.0,275332.0,1253158455.0,132677.0,0.0,582.0,2276.0
USA,United States,COM,CR+,CR/LWAL/CDH+ERH/H:4-7/COM:4,C2M/HC/COM10,TOTAL,370.0,254213355.0,127078770.0,99397423.0,154815940.0,71.0,202138.0,381292126.0,97406.0,0.0,546.0,1258.0
USA,United States,IND,CR+,CR/LWAL/CDH+ERH/H:4-7/IND:3,C2M/HC/IND3,TOTAL,18.0,155121435.0,232683998.0,130767368.0,24354066.0,62.0,47437.0,387805433.0,22210.0,0.0,2635.0,3270.0
USA,United States,RES,CR+,CR/LWAL/CDH+ERH/H:4-7/RES:2,C2M/HC/RES3F,TOTAL,249.0,3587229148.0,1793594300.0,3092191482.0,495037611.0,27342.0,1270970.0,5380823448.0,420596.0,16598.0,5104.0,2822.0
USA,United States,RES,CR+,CR/LWAL/CDH+ERH/H:4-7/RES:2,C2M/HC/RES3E,TOTAL,429.0,2613548147.0,1306756385.0,2252878468.0,360669635.0,19440.0,844552.0,3920304531.0,279485.0,9129.0,1969.0,3095.0
USA,United States,RES,CR+,CR/LWAL/CDH+ERH/H:4-7/RES:2,C2M/HC/RES3D,TOTAL,602.0,1760795811.0,880386501.0,1517805972.0,242989816.0,12133.0,531870.0,2641182312.0,176010.0,5439.0,884.0,3311.0
USA,United States,RES,CR+,CR/LWAL/CDH+ERH/H:4-7/RES:2,C2M/HC/RES3B,TOTAL,480.0,236244825.0,118118464.0,203643037.0,32601785.0,2607.0,134866.0,354363289.0,44631.0,1196.0,281.0,1752.0
USA,United States,RES,CR+,CR/LWAL/CDH+ERH/H:4-7/RES:2,C2M/HC/RES3C,TOTAL,806.0,1319218947.0,659602092.0,1137166716.0,182052211.0,7748.0,370895.0,1978821039.0,122740.0,3548.0,460.0,3557.0
USA,United States,RES,CR+,CR/LWAL/CDH+ERH/H:4-7/RES:3,C2M/HC/RES4,TOTAL,102.0,713395772.0,356689005.0,616373959.0,97021830.0,4193.0,245735.0,1070084777.0,81320.0,0.0,2409.0,2903.0
USA,United States,RES,CR+,CR/LWAL/CDH+ERH/H:4-7/RES:4,C2M/HC/RES5,TOTAL,32.0,283284240.0,141640771.0,230026798.0,53257435.0,1050.0,88889.0,424925011.0,29416.0,0.0,2778.0,3187.0
USA,United States,RES,CR+,CR/LWAL/CDH+ERH/H:4-7/RES:4,C2M/HC/RES6,TOTAL,108.0,846857775.0,423417173.0,691035929.0,155821831.0,4798.0,226291.0,1270274948.0,74886.0,0.0,2095.0,3742.0
USA,United States,COM,CR+,CR/LWAL/CDH+ERH/H:>8/COM:3,C2H/HC/COM4,TOTAL,212.0,967650742.0,967650742.0,781861835.0,185788943.0,208.0,332392.0,1935301484.0,160584.0,0.0,1568.0,2911.0
USA,United States,COM,CR+,CR/LWAL/CDH+ERH/H:>8/COM:3A,C2H/HC/COM5,TOTAL,49.0,166699266.0,166699266.0,143694765.0,23004498.0,20.0,39524.0,333398532.0,19095.0,0.0,807.0,4218.0
USA,United States,RES,CR+,CR/LWAL/CDH+ERH/H:>8/RES:2,C2H/HC/RES3F,TOTAL,30.0,632007509.0,316002511.0,544790467.0,87217034.0,4173.0,218959.0,948010019.0,72638.0,3220.0,7299.0,2886.0
USA,United States,RES,CR+,CR/LWAL/CDH+ERH/H:>8/RES:2,C2H/HC/RES3D,TOTAL,11.0,29862091.0,14930748.0,25741122.0,4120968.0,278.0,9052.0,44792839.0,3003.0,130.0,823.0,3299.0
USA,United States,RES,CR+,CR/LWAL/CDH+ERH/H:>8/RES:2,C2H/HC/RES3C,TOTAL,18.0,85487698.0,42743744.0,73690393.0,11797303.0,130.0,25668.0,128231442.0,8515.0,93.0,1426.0,3331.0
USA,United States,RES,CR+,CR/LWAL/CDH+ERH/H:>8/RES:2,C2H/HC/RES3E,TOTAL,12.0,74915952.0,37457510.0,64577549.0,10338401.0,526.0,23512.0,112373462.0,7800.0,346.0,1959.0,3186.0
USA,United States,RES,CR+,CR/LWAL/CDH+ERH/H:>8/RES:2,C2H/HC/RES3B,TOTAL,2.0,696591.0,348197.0,600462.0,96130.0,9.0,453.0,1044788.0,150.0,7.0,226.0,1538.0
USA,United States,RES,CR+,CR/LWAL/CDH+ERH/H:>8/RES:3,C2H/HC/RES4,TOTAL,39.0,372966475.0,186481920.0,322243045.0,50723443.0,1973.0,127641.0,559448395.0,42344.0,0.0,3273.0,2922.0
USA,United States,COM,CR+,CR/LWAL/CDH+ERS/H:1-3/COM:1,C2L/VC/COM1,TOTAL,203.0,476579569.0,476579569.0,336465159.0,140114394.0,53.0,251127.0,953159137.0,120598.0,0.0,1237.0,1898.0
USA,United States,COM,CR+,CR/LWAL/CDH+ERS/H:1-3/COM:1,C2L/SC/COM1,TOTAL,3.0,3400963.0,3400963.0,2401080.0,999883.0,0.0,1778.0,6801927.0,854.0,0.0,593.0,1913.0
USA,United States,COM,CR+,CR/LWAL/CDH+ERS/H:1-3/COM:2,C2L/VC/COM2,TOTAL,194.0,498514602.0,498514602.0,336995872.0,161518732.0,57.0,263044.0,997029205.0,126321.0,0.0,1356.0,1895.0
USA,United States,COM,CR+,CR/LWAL/CDH+ERS/H:1-3/COM:2,C2L/SC/COM2,TOTAL,1.0,1207541.0,1207541.0,816298.0,391243.0,0.0,659.0,2415083.0,316.0,0.0,659.0,1832.0
USA,United States,COM,CR+,CR/LWAL/CDH+ERS/H:1-3/COM:3,C2L/VC/COM4,TOTAL,614.0,1241712544.0,1241712544.0,1003303773.0,238408811.0,107.0,430415.0,2483425088.0,206698.0,0.0,701.0,2885.0
USA,United States,COM,CR+,CR/LWAL/CDH+ERS/H:1-3/COM:3,C2L/SC/COM4,TOTAL,26.0,41810046.0,41810046.0,33782518.0,8027529.0,4.0,16049.0,83620091.0,7707.0,0.0,617.0,2605.0
USA,United States,COM,CR+,CR/LWAL/CDH+ERS/H:1-3/COM:3A,C2L/VC/COM5,TOTAL,62.0,122752844.0,122752844.0,105812950.0,16939892.0,8.0,28769.0,245505689.0,13816.0,0.0,464.0,4267.0
USA,United States,COM,CR+,CR/LWAL/CDH+ERS/H:1-3/COM:3A,C2L/SC/COM5,TOTAL,3.0,4073456.0,4073456.0,3511319.0,562137.0,0.0,1145.0,8146912.0,550.0,0.0,382.0,3558.0
USA,United States,COM,CR+,CR/LWAL/CDH+ERS/H:1-3/COM:3B,C2L/SC/COM3,TOTAL,3.0,2383327.0,2383327.0,1997228.0,386099.0,0.0,1121.0,4766653.0,538.0,0.0,374.0,2126.0
USA,United States,COM,CR+,CR/LWAL/CDH+ERS/H:1-3/COM:3B,C2L/VC/COM3,TOTAL,212.0,320335851.0,320335851.0,268441443.0,51894408.0,34.0,139371.0,640671702.0,66930.0,0.0,657.0,2298.0
USA,United States,COM,CR+,CR/LWAL/CDH+ERS/H:1-3/COM:4,C2L/SC/COM10,TOTAL,2.0,1403345.0,700895.0,548708.0,854637.0,0.0,1082.0,2104240.0,520.0,0.0,541.0,1297.0
USA,United States,COM,CR+,CR/LWAL/CDH+ERS/H:1-3/COM:4,C2L/VC/COM10,TOTAL,60.0,123268136.0,61626797.0,48197841.0,75070298.0,33.0,95487.0,184894932.0,45856.0,0.0,1591.0,1291.0
USA,United States,COM,CR+,CR/LWAL/CDH+ERS/H:1-3/COM:5,C2L/VC/COM8,TOTAL,227.0,655685457.0,655685457.0,590116895.0,65568547.0,46.0,179014.0,1311370914.0,85968.0,0.0,789.0,3663.0
USA,United States,COM,CR+,CR/LWAL/CDH+ERS/H:1-3/COM:5,C2L/SC/COM8,TOTAL,14.0,52180230.0,52180230.0,46962205.0,5218023.0,3.0,14853.0,104360460.0,7133.0,0.0,1061.0,3513.0
USA,United States,IND,CR+,CR/LWAL/CDH+ERS/H:1-3/IND:1,C2L/VC/IND1,TOTAL,20.0,161106298.0,241662032.0,135812606.0,25293690.0,116.0,71906.0,402768330.0,33532.0,0.0,3595.0,2241.0
USA,United States,IND,CR+,CR/LWAL/CDH+ERS/H:1-3/IND:1,C2L/SC/IND1,TOTAL,4.0,22615209.0,33922478.0,19064621.0,3550588.0,14.0,9683.0,56537687.0,4516.0,0.0,2421.0,2336.0
USA,United States,IND,CR+,CR/LWAL/CDH+ERS/H:1-3/IND:2,C2L/SC/IND2,TOTAL,37.0,103818201.0,155728490.0,87518742.0,16299458.0,78.0,55049.0,259546691.0,25672.0,0.0,1488.0,1886.0
USA,United States,IND,CR+,CR/LWAL/CDH+ERS/H:1-3/IND:2,C2L/VC/IND2,TOTAL,184.0,592139501.0,888212060.0,499173599.0,92965905.0,262.0,306087.0,1480351561.0,142740.0,0.0,1664.0,1935.0
USA,United States,IND,CR+,CR/LWAL/CDH+ERS/H:1-3/IND:3,C2L/VC/IND3,TOTAL,12.0,99983888.0,149976877.0,84286418.0,15697471.0,24.0,29812.0,249960765.0,13902.0,0.0,2484.0,3354.0
USA,United States,IND,CR+,CR/LWAL/CDH+ERS/H:1-3/IND:6,C2L/SC/IND6,TOTAL,37.0,36611048.0,36611048.0,30863113.0,5747935.0,43.0,19236.0,73222097.0,8971.0,0.0,520.0,1903.0
USA,United States,IND,CR+,CR/LWAL/CDH+ERS/H:1-3/IND:6,C2L/VC/IND6,TOTAL,121.0,160346448.0,160346448.0,135172055.0,25174393.0,98.0,84663.0,320692896.0,39482.0,0.0,700.0,1894.0
USA,United States,RES,CR+,CR/LWAL/CDH+ERS/H:1-3/RES:1,C2L/VC/RES1,TOTAL,14.0,3511929.0,1755912.0,2690137.0,821791.0,35.0,1642.0,5267841.0,541.0,19.0,117.0,2139.0
USA,United States,RES,CR+,CR/LWAL/CDH+ERS/H:1-3/RES:2,C2L/VC/RES3A,TOTAL,240.0,112466897.0,56232382.0,96946464.0,15520431.0,918.0,57292.0,168699280.0,18898.0,398.0,239.0,1963.0
USA,United States,RES,CR+,CR/LWAL/CDH+ERS/H:1-3/RES:2,C2L/VC/RES3D,TOTAL,46.0,155696988.0,77847627.0,134210803.0,21486184.0,854.0,45201.0,233544615.0,14909.0,399.0,983.0,3445.0
USA,United States,RES,CR+,CR/LWAL/CDH+ERS/H:1-3/RES:2,C2L/SC/RES3C,TOTAL,2.0,2103486.0,1051731.0,1813205.0,290281.0,15.0,655.0,3155217.0,216.0,8.0,328.0,3211.0
USA,United States,RES,CR+,CR/LWAL/CDH+ERS/H:1-3/RES:2,C2L/VC/RES3F,TOTAL,5.0,66472601.0,33236204.0,57299383.0,9173219.0,551.0,23360.0,99708806.0,7705.0,352.0,4672.0,2846.0
USA,United States,RES,CR+,CR/LWAL/CDH+ERS/H:1-3/RES:2,C2L/SC/RES3B,TOTAL,1.0,354480.0,177240.0,305562.0,48918.0,3.0,195.0,531720.0,64.0,1.0,195.0,1818.0
USA,United States,RES,CR+,CR/LWAL/CDH+ERS/H:1-3/RES:2,C2L/SC/RES3A,TOTAL,2.0,732991.0,366496.0,631838.0,101153.0,12.0,386.0,1099487.0,127.0,4.0,193.0,1899.0
USA,United States,RES,CR+,CR/LWAL/CDH+ERS/H:1-3/RES:2,C2L/VC/RES3E,TOTAL,21.0,101894203.0,50945370.0,87832802.0,14061400.0,638.0,31762.0,152839573.0,10476.0,306.0,1512.0,3208.0
USA,United States,RES,CR+,CR/LWAL/CDH+ERS/H:1-3/RES:2,C2L/VC/RES3B,TOTAL,110.0,56101157.0,28049098.0,48359197.0,7741960.0,626.0,32003.0,84150255.0,10556.0,237.0,291.0,1753.0
USA,United States,RES,CR+,CR/LWAL/CDH+ERS/H:1-3/RES:2,C2L/SC/RES3E,TOTAL,2.0,9655994.0,4827971.0,8323467.0,1332527.0,48.0,3168.0,14483965.0,1045.0,29.0,1584.0,3048.0
USA,United States,RES,CR+,CR/LWAL/CDH+ERS/H:1-3/RES:2,C2L/VC/RES3C,TOTAL,93.0,174695520.0,87346865.0,150587535.0,24107981.0,920.0,47883.0,262042385.0,15794.0,370.0,515.0,3648.0
USA,United States,RES,CR+,CR/LWAL/CDH+ERS/H:1-3/RES:3,C2L/VC/RES4,TOTAL,34.0,140565443.0,70280337.0,121448546.0,19116901.0,729.0,50248.0,210845780.0,16574.0,0.0,1478.0,2797.0
USA,United States,RES,CR+,CR/LWAL/CDH+ERS/H:1-3/RES:4,C2L/SC/RES5,TOTAL,4.0,35680510.0,17840255.0,28972573.0,6707936.0,222.0,13583.0,53520765.0,4480.0,0.0,3396.0,2627.0
USA,United States,RES,CR+,CR/LWAL/CDH+ERS/H:1-3/RES:4,C2L/VC/RES5,TOTAL,23.0,293469435.0,146732326.0,238297176.0,55172252.0,1043.0,91575.0,440201761.0,30205.0,0.0,3982.0,3205.0
USA,United States,RES,CR+,CR/LWAL/CDH+ERS/H:1-3/RES:4,C2L/VC/RES6,TOTAL,10.0,64847805.0,32423528.0,52915809.0,11931996.0,298.0,16728.0,97271333.0,5518.0,0.0,1673.0,3877.0
USA,United States,COM,CR+,CR/LWAL/CDH+ERS/H:4-7/COM:1,C2M/SC/COM1,TOTAL,72.0,114530627.0,114530627.0,80858619.0,33672005.0,21.0,61194.0,229061254.0,29488.0,0.0,850.0,1872.0
USA,United States,COM,CR+,CR/LWAL/CDH+ERS/H:4-7/COM:1,C2M/VC/COM1,TOTAL,89.0,127404014.0,127404014.0,89947230.0,37456780.0,21.0,67054.0,254808028.0,32312.0,0.0,753.0,1900.0
USA,United States,COM,CR+,CR/LWAL/CDH+ERS/H:4-7/COM:2,C2M/SC/COM2,TOTAL,54.0,94707038.0,94707038.0,64021957.0,30685080.0,17.0,49141.0,189414076.0,23680.0,0.0,910.0,1927.0
USA,United States,COM,CR+,CR/LWAL/CDH+ERS/H:4-7/COM:2,C2M/VC/COM2,TOTAL,45.0,155920978.0,155920978.0,105402582.0,50518397.0,19.0,81299.0,311841956.0,39176.0,0.0,1807.0,1918.0
USA,United States,COM,CR+,CR/LWAL/CDH+ERS/H:4-7/COM:3,C2M/VC/COM4,TOTAL,190.0,626290895.0,626290895.0,506043061.0,120247852.0,67.0,213690.0,1252581791.0,102973.0,0.0,1125.0,2931.0
USA,United States,COM,CR+,CR/LWAL/CDH+ERS/H:4-7/COM:3,C2M/SC/COM4,TOTAL,206.0,427335572.0,427335572.0,345287155.0,82048431.0,49.0,147716.0,854671143.0,71181.0,0.0,717.0,2893.0
USA,United States,COM,CR+,CR/LWAL/CDH+ERS/H:4-7/COM:3A,C2M/SC/COM5,TOTAL,26.0,48704054.0,48704054.0,41982894.0,6721159.0,3.0,11330.0,97408108.0,5460.0,0.0,436.0,4299.0
USA,United States,COM,CR+,CR/LWAL/CDH+ERS/H:4-7/COM:3A,C2M/VC/COM5,TOTAL,19.0,46447682.0,46447682.0,40037902.0,6409780.0,5.0,10903.0,92895363.0,5254.0,0.0,574.0,4260.0
USA,United States,COM,CR+,CR/LWAL/CDH+ERS/H:4-7/COM:3B,C2M/VC/COM3,TOTAL,41.0,54194046.0,54194046.0,45414610.0,8779435.0,7.0,23319.0,108388092.0,11237.0,0.0,569.0,2324.0
USA,United States,COM,CR+,CR/LWAL/CDH+ERS/H:4-7/COM:3B,C2M/SC/COM3,TOTAL,64.0,95242619.0,95242619.0,79813315.0,15429304.0,14.0,41965.0,190485238.0,20222.0,0.0,656.0,2270.0
USA,United States,COM,CR+,CR/LWAL/CDH+ERS/H:4-7/COM:4,C2M/VC/COM10,TOTAL,14.0,25380849.0,12689584.0,9923912.0,15456937.0,6.0,20041.0,38070433.0,9657.0,0.0,1432.0,1266.0
USA,United States,COM,CR+,CR/LWAL/CDH+ERS/H:4-7/COM:4,C2M/SC/COM10,TOTAL,15.0,51588190.0,25792293.0,20170983.0,31417209.0,15.0,38261.0,77380483.0,18437.0,0.0,2551.0,1348.0
USA,United States,RES,CR+,CR/LWAL/CDH+ERS/H:4-7/RES:2,C2M/SC/RES3B,TOTAL,58.0,30329681.0,15164052.0,26144184.0,4185496.0,314.0,17544.0,45493733.0,5806.0,144.0,302.0,1729.0
USA,United States,RES,CR+,CR/LWAL/CDH+ERS/H:4-7/RES:2,C2M/VC/RES3F,TOTAL,35.0,528527663.0,264259391.0,455590843.0,72936816.0,4176.0,181210.0,792787054.0,59967.0,2548.0,5177.0,2917.0
USA,United States,RES,CR+,CR/LWAL/CDH+ERS/H:4-7/RES:2,C2M/SC/RES3D,TOTAL,76.0,250160987.0,125079281.0,215638769.0,34522216.0,1497.0,74620.0,375240269.0,24694.0,706.0,982.0,3352.0
USA,United States,RES,CR+,CR/LWAL/CDH+ERS/H:4-7/RES:2,C2M/SC/RES3E,TOTAL,47.0,326834890.0,163415643.0,281731673.0,45103214.0,2071.0,103460.0,490250533.0,34238.0,1067.0,2201.0,3159.0
USA,United States,RES,CR+,CR/LWAL/CDH+ERS/H:4-7/RES:2,C2M/SC/RES3F,TOTAL,34.0,454300355.0,227148522.0,391606906.0,62693447.0,3761.0,158262.0,681448878.0,52373.0,2121.0,4655.0,2871.0
USA,United States,RES,CR+,CR/LWAL/CDH+ERS/H:4-7/RES:2,C2M/VC/RES3B,TOTAL,84.0,39657923.0,19828072.0,34185129.0,5472793.0,474.0,22186.0,59485995.0,7342.0,218.0,264.0,1788.0
USA,United States,RES,CR+,CR/LWAL/CDH+ERS/H:4-7/RES:2,C2M/VC/RES3C,TOTAL,46.0,81527638.0,40763444.0,70276823.0,11250814.0,478.0,22064.0,122291082.0,7302.0,200.0,480.0,3695.0
USA,United States,RES,CR+,CR/LWAL/CDH+ERS/H:4-7/RES:2,C2M/VC/RES3D,TOTAL,51.0,158374125.0,79186317.0,136518493.0,21855629.0,1103.0,46616.0,237560442.0,15426.0,507.0,914.0,3397.0
USA,United States,RES,CR+,CR/LWAL/CDH+ERS/H:4-7/RES:2,C2M/VC/RES3E,TOTAL,43.0,249636198.0,124816786.0,215186400.0,34449794.0,1870.0,78692.0,374452985.0,26041.0,1070.0,1830.0,3172.0
USA,United States,RES,CR+,CR/LWAL/CDH+ERS/H:4-7/RES:2,C2M/SC/RES3C,TOTAL,94.0,166092260.0,83045489.0,143171526.0,22920731.0,951.0,46010.0,249137748.0,15226.0,435.0,489.0,3610.0
USA,United States,RES,CR+,CR/LWAL/CDH+ERS/H:4-7/RES:3,C2M/VC/RES4,TOTAL,8.0,91113144.0,45554773.0,78721759.0,12391388.0,559.0,29637.0,136667918.0,9808.0,0.0,3705.0,3074.0
USA,United States,RES,CR+,CR/LWAL/CDH+ERS/H:4-7/RES:3,C2M/SC/RES4,TOTAL,20.0,240211131.0,120104888.0,207542423.0,32668715.0,1159.0,78920.0,360316018.0,26117.0,0.0,3946.0,3044.0
USA,United States,RES,CR+,CR/LWAL/CDH+ERS/H:4-7/RES:4,C2M/SC/RES6,TOTAL,7.0,34722713.0,17361087.0,28333733.0,6388979.0,213.0,9361.0,52083800.0,3098.0,0.0,1337.0,3709.0
USA,United States,RES,CR+,CR/LWAL/CDH+ERS/H:4-7/RES:4,C2M/VC/RES6,TOTAL,7.0,52200557.0,26099072.0,42595654.0,9604902.0,255.0,13801.0,78299630.0,4567.0,0.0,1972.0,3782.0
USA,United States,RES,CR+,CR/LWAL/CDH+ERS/H:4-7/RES:4,C2M/VC/RES5,TOTAL,4.0,40076736.0,20038064.0,32542308.0,7534426.0,117.0,12077.0,60114800.0,3997.0,0.0,3019.0,3318.0
USA,United States,COM,CR+,CR/LWAL/CDH+ERS/H:>8/COM:3,C2H/VC/COM4,TOTAL,9.0,18737921.0,18737921.0,15140241.0,3597681.0,3.0,6402.0,37475843.0,3093.0,0.0,711.0,2927.0
USA,United States,COM,CR+,CR/LWAL/CDH+ERS/H:>8/COM:3,C2H/SC/COM4,TOTAL,14.0,34419793.0,34419793.0,27811193.0,6608600.0,5.0,11677.0,68839585.0,5641.0,0.0,834.0,2948.0
USA,United States,COM,CR-,CR/LWAL/CDL+ERL/H:1-3/COM:1,C2L/LC/COM1,TOTAL,16318.0,25728712338.0,25728712338.0,18164470146.0,7564241425.0,4375.0,17132931.0,51457424677.0,8227728.0,0.0,1050.0,1502.0
USA,United States,COM,CR-,CR/LWAL/CDL+ERL/H:1-3/COM:1,C2L/PC/COM1,TOTAL,32416.0,39588652330.0,39588652330.0,27949587379.0,11639063776.0,6405.0,25124501.0,79177304659.0,12065517.0,0.0,775.0,1576.0
USA,United States,COM,CR-,CR/LWAL/CDL+ERL/H:1-3/COM:2,C2L/LC/COM2,TOTAL,16286.0,34297556654.0,34297556654.0,23185148257.0,11112408387.0,4632.0,22475639.0,68595113307.0,10793439.0,0.0,1380.0,1526.0
USA,United States,COM,CR-,CR/LWAL/CDL+ERL/H:1-3/COM:2,C2L/PC/COM2,TOTAL,27570.0,51411872099.0,51411872099.0,34754425467.0,16657446606.0,7076.0,32508458.0,102823744199.0,15611486.0,0.0,1179.0,1581.0
USA,United States,COM,CR-,CR/LWAL/CDL+ERL/H:1-3/COM:3,C2L/PC/COM4,TOTAL,78582.0,105195537139.0,105195537139.0,84997997003.0,20197543309.0,10223.0,43987182.0,210391074278.0,21123917.0,0.0,560.0,2392.0
USA,United States,COM,CR-,CR/LWAL/CDL+ERL/H:1-3/COM:3,C2L/LC/COM4,TOTAL,45074.0,64578981917.0,64578981917.0,52179819212.0,12399164636.0,6522.0,28073399.0,129157963835.0,13481660.0,0.0,623.0,2300.0
USA,United States,COM,CR-,CR/LWAL/CDL+ERL/H:1-3/COM:3A,C2L/PC/COM5,TOTAL,5793.0,9238860953.0,9238860953.0,7963898043.0,1274962780.0,671.0,2602278.0,18477721906.0,1249698.0,0.0,449.0,3550.0
USA,United States,COM,CR-,CR/LWAL/CDL+ERL/H:1-3/COM:3A,C2L/LC/COM5,TOTAL,4438.0,7671414630.0,7671414630.0,6612759318.0,1058655193.0,575.0,2233217.0,15342829260.0,1072462.0,0.0,503.0,3435.0
USA,United States,COM,CR-,CR/LWAL/CDL+ERL/H:1-3/COM:3B,C2L/LC/COM3,TOTAL,13569.0,13805628714.0,13805628714.0,11569116859.0,2236511859.0,1897.0,7535472.0,27611257427.0,3618763.0,0.0,555.0,1832.0
USA,United States,COM,CR-,CR/LWAL/CDL+ERL/H:1-3/COM:3B,C2L/PC/COM3,TOTAL,27632.0,27516874795.0,27516874795.0,23059141074.0,4457733729.0,3688.0,14317163.0,55033749590.0,6875535.0,0.0,518.0,1922.0
USA,United States,COM,CR-,CR/LWAL/CDL+ERL/H:1-3/COM:4,C2L/LC/COM10,TOTAL,3214.0,3908260375.0,1953838044.0,1528129816.0,2380130674.0,803.0,3600896.0,5862098419.0,1729253.0,0.0,1120.0,1085.0
USA,United States,COM,CR-,CR/LWAL/CDL+ERL/H:1-3/COM:4,C2L/PC/COM10,TOTAL,7299.0,10161519248.0,5080212478.0,3973154050.0,6188365502.0,1582.0,8519779.0,15241731726.0,4091439.0,0.0,1167.0,1193.0
USA,United States,COM,CR-,CR/LWAL/CDL+ERL/H:1-3/COM:5,C2L/PC/COM8,TOTAL,17119.0,30468013709.0,30468013709.0,27421211629.0,3046801421.0,2758.0,9995247.0,60936027418.0,4800021.0,0.0,584.0,3048.0
USA,United States,COM,CR-,CR/LWAL/CDL+ERL/H:1-3/COM:5,C2L/LC/COM8,TOTAL,12892.0,24244681852.0,24244681852.0,21820213106.0,2424468227.0,2341.0,8266196.0,48489363703.0,3969675.0,0.0,641.0,2933.0
USA,United States,COM,CR-,CR/LWAL/CDL+ERL/H:1-3/COM:5A,C2L/LC/COM9,TOTAL,490.0,1872836919.0,1872836919.0,1644350854.0,228486107.0,177.0,769848.0,3745673838.0,369703.0,0.0,1571.0,2433.0
USA,United States,COM,CR-,CR/LWAL/CDL+ERL/H:1-3/COM:5A,C2L/PC/COM9,TOTAL,881.0,2224423551.0,2224423551.0,1953043923.0,271379677.0,204.0,899155.0,4448847102.0,431801.0,0.0,1021.0,2474.0
USA,United States,IND,CR-,CR/LWAL/CDL+ERL/H:1-3/IND:1,C2L/LC/IND1,TOTAL,2668.0,12385601075.0,18578601543.0,10441061643.0,1944539435.0,5903.0,6737601.0,30964202618.0,3141999.0,0.0,2525.0,1838.0
USA,United States,IND,CR-,CR/LWAL/CDL+ERL/H:1-3/IND:1,C2L/PC/IND1,TOTAL,4760.0,22243510130.0,33365589772.0,18751278916.0,3492231206.0,10028.0,11719322.0,55609099902.0,5465165.0,0.0,2462.0,1898.0
USA,United States,IND,CR-,CR/LWAL/CDL+ERL/H:1-3/IND:2,C2L/PC/IND2,TOTAL,24631.0,63305122832.0,94958299079.0,53366218220.0,9938904621.0,24115.0,38566707.0,158263421912.0,17985119.0,0.0,1566.0,1641.0
USA,United States,IND,CR-,CR/LWAL/CDL+ERL/H:1-3/IND:2,C2L/LC/IND2,TOTAL,12854.0,35496702202.0,53245348005.0,29923719766.0,5572982431.0,14454.0,22834754.0,88742050207.0,10648712.0,0.0,1776.0,1555.0
USA,United States,IND,CR-,CR/LWAL/CDL+ERL/H:1-3/IND:3,C2L/LC/IND3,TOTAL,785.0,5196998505.0,7795613067.0,4381069723.0,815928792.0,1862.0,2001824.0,12992611572.0,933526.0,0.0,2550.0,2596.0
USA,United States,IND,CR-,CR/LWAL/CDL+ERL/H:1-3/IND:3,C2L/PC/IND3,TOTAL,1790.0,11019663854.0,16529707728.0,9289576572.0,1730087282.0,4185.0,4060241.0,27549371582.0,1893445.0,0.0,2268.0,2714.0
USA,United States,IND,CR-,CR/LWAL/CDL+ERL/H:1-3/IND:4,C2L/LC/IND4,TOTAL,722.0,3948481882.0,5922790984.0,3328570200.0,619911677.0,1441.0,1548218.0,9871272866.0,721993.0,0.0,2144.0,2550.0
USA,United States,IND,CR-,CR/LWAL/CDL+ERL/H:1-3/IND:4,C2L/PC/IND4,TOTAL,1073.0,5886189851.0,8829410807.0,4962058011.0,924131838.0,1946.0,2243973.0,14715600657.0,1046450.0,0.0,2091.0,2623.0
USA,United States,IND,CR-,CR/LWAL/CDL+ERL/H:1-3/IND:5,C2L/PC/IND5,TOTAL,3622.0,9631301526.0,14447287554.0,8119187131.0,1512114391.0,3206.0,3584999.0,24078589080.0,1671826.0,0.0,990.0,2687.0
USA,United States,IND,CR-,CR/LWAL/CDL+ERL/H:1-3/IND:5,C2L/LC/IND5,TOTAL,2312.0,7039824763.0,10559925815.0,5934572238.0,1105252523.0,2657.0,2719467.0,17599750579.0,1268193.0,0.0,1176.0,2589.0
USA,United States,IND,CR-,CR/LWAL/CDL+ERL/H:1-3/IND:6,C2L/LC/IND6,TOTAL,7598.0,6729634726.0,6729634726.0,5673082041.0,1056552687.0,5016.0,4392037.0,13459269452.0,2048186.0,0.0,578.0,1532.0
USA,United States,IND,CR-,CR/LWAL/CDL+ERL/H:1-3/IND:6,C2L/PC/IND6,TOTAL,13321.0,11670518175.0,11670518175.0,9838246761.0,1832271414.0,8812.0,7364808.0,23341036350.0,3434511.0,0.0,553.0,1585.0
USA,United States,RES,CR-,CR/LWAL/CDL+ERL/H:1-3/RES:1,C2L/LC/RES1,TOTAL,199135.0,78482624733.0,39241265393.0,60117688570.0,18364933978.0,429696.0,38535122.0,117723890126.0,12710363.0,210003.0,194.0,2037.0
USA,United States,RES,CR-,CR/LWAL/CDL+ERL/H:1-3/RES:1,C2L/PC/RES1,TOTAL,251873.0,79420430754.0,39710139920.0,60836047912.0,18584380591.0,622593.0,40338400.0,119130570674.0,13305163.0,269206.0,160.0,1969.0
USA,United States,RES,CR-,CR/LWAL/CDL+ERL/H:1-3/RES:2,C2L/PC/RES3F,TOTAL,57.0,767887875.0,383938725.0,661919339.0,105968523.0,3512.0,342291.0,1151826600.0,112901.0,1862.0,6005.0,2243.0
USA,United States,RES,CR-,CR/LWAL/CDL+ERL/H:1-3/RES:2,C2L/PC/RES3C,TOTAL,1835.0,2315811879.0,1157877744.0,1996229814.0,319582032.0,15066.0,751104.0,3473689623.0,247746.0,6418.0,409.0,3083.0
USA,United States,RES,CR-,CR/LWAL/CDL+ERL/H:1-3/RES:2,C2L/PC/RES3B,TOTAL,3569.0,1520275991.0,760104101.0,1310477886.0,209798081.0,19642.0,1033641.0,2280380092.0,340940.0,7924.0,290.0,1471.0
USA,United States,RES,CR-,CR/LWAL/CDL+ERL/H:1-3/RES:2,C2L/PC/RES3A,TOTAL,11523.0,4782360358.0,2391142017.0,4122394566.0,659965712.0,45623.0,2960821.0,7173502375.0,976603.0,18129.0,257.0,1615.0
USA,United States,RES,CR-,CR/LWAL/CDL+ERL/H:1-3/RES:2,C2L/LC/RES3F,TOTAL,307.0,6368522194.0,3184247535.0,5489666093.0,878856040.0,13997.0,3052666.0,9552769729.0,1006885.0,6526.0,9944.0,2086.0
USA,United States,RES,CR-,CR/LWAL/CDL+ERL/H:1-3/RES:2,C2L/PC/RES3D,TOTAL,662.0,1375186437.0,687570527.0,1185410691.0,189775723.0,9515.0,482275.0,2062756964.0,159074.0,4269.0,729.0,2851.0
USA,United States,RES,CR-,CR/LWAL/CDL+ERL/H:1-3/RES:2,C2L/LC/RES3E,TOTAL,385.0,1566838436.0,783400618.0,1350614716.0,216223699.0,9998.0,632755.0,2350239054.0,208708.0,4983.0,1644.0,2476.0
USA,United States,RES,CR-,CR/LWAL/CDL+ERL/H:1-3/RES:2,C2L/LC/RES3B,TOTAL,3358.0,1469067072.0,734496495.0,1266335799.0,202731251.0,16544.0,1074288.0,2203563567.0,354345.0,6726.0,320.0,1367.0
USA,United States,RES,CR-,CR/LWAL/CDL+ERL/H:1-3/RES:2,C2L/LC/RES3A,TOTAL,16258.0,6932035103.0,3465969375.0,5975414181.0,956620821.0,55682.0,4554914.0,10398004477.0,1502393.0,21987.0,280.0,1522.0
USA,United States,RES,CR-,CR/LWAL/CDL+ERL/H:1-3/RES:2,C2L/LC/RES3C,TOTAL,3133.0,3770214158.0,1885071244.0,3249924559.0,520289541.0,23811.0,1322725.0,5655285402.0,436289.0,10319.0,422.0,2850.0
USA,United States,RES,CR-,CR/LWAL/CDL+ERL/H:1-3/RES:2,C2L/LC/RES3D,TOTAL,1035.0,2103824699.0,1051885574.0,1813496865.0,290327801.0,13883.0,793573.0,3155710273.0,261752.0,6341.0,767.0,2651.0
USA,United States,RES,CR-,CR/LWAL/CDL+ERL/H:1-3/RES:2,C2L/PC/RES3E,TOTAL,270.0,1279797737.0,639883315.0,1103185635.0,176612083.0,8794.0,492380.0,1919681052.0,162406.0,4287.0,1824.0,2599.0
USA,United States,RES,CR-,CR/LWAL/CDL+ERL/H:1-3/RES:3,C2L/PC/RES4,TOTAL,1852.0,4674029414.0,2336905299.0,4038361518.0,635668034.0,25653.0,1953367.0,7010934713.0,644298.0,0.0,1055.0,2393.0
USA,United States,RES,CR-,CR/LWAL/CDL+ERL/H:1-3/RES:3,C2L/LC/RES4,TOTAL,1438.0,5228125566.0,2613976667.0,4517100604.0,711025116.0,25768.0,2208592.0,7842102233.0,728481.0,0.0,1536.0,2367.0
USA,United States,RES,CR-,CR/LWAL/CDL+ERL/H:1-3/RES:4,C2L/PC/RES6,TOTAL,983.0,4628600062.0,2314205156.0,3776937576.0,851662414.0,26990.0,1476430.0,6942805217.0,486985.0,0.0,1502.0,3135.0
USA,United States,RES,CR-,CR/LWAL/CDL+ERL/H:1-3/RES:4,C2L/PC/RES5,TOTAL,2735.0,26862879002.0,13431180943.0,21812657117.0,5050221079.0,124858.0,10216631.0,40294059945.0,3369839.0,0.0,3736.0,2629.0
USA,United States,RES,CR-,CR/LWAL/CDL+ERL/H:1-3/RES:4,C2L/LC/RES6,TOTAL,761.0,3981696774.0,1990777642.0,3249064507.0,732632210.0,19550.0,1285853.0,5972474417.0,424125.0,0.0,1690.0,3097.0
USA,United States,RES,CR-,CR/LWAL/CDL+ERL/H:1-3/RES:4,C2L/LC/RES5,TOTAL,2238.0,21778316298.0,10889004735.0,17683992325.0,4094323331.0,83161.0,8460953.0,32667321033.0,2790747.0,0.0,3781.0,2574.0
USA,United States,COM,CR-,CR/LWAL/CDL+ERL/H:4-7/COM:1,C2M/LC/COM1,TOTAL,679.0,1420088979.0,1420088979.0,1002582775.0,417506159.0,366.0,902314.0,2840177958.0,434806.0,0.0,1329.0,1574.0
USA,United States,COM,CR-,CR/LWAL/CDL+ERL/H:4-7/COM:1,C2M/PC/COM1,TOTAL,1639.0,2200303861.0,2200303861.0,1553414460.0,646889334.0,482.0,1310992.0,4400607721.0,631741.0,0.0,800.0,1678.0
USA,United States,COM,CR-,CR/LWAL/CDL+ERL/H:4-7/COM:2,C2M/LC/COM2,TOTAL,673.0,2713933406.0,2713933406.0,1834618978.0,879314426.0,431.0,1768358.0,5427866812.0,852133.0,0.0,2628.0,1535.0
USA,United States,COM,CR-,CR/LWAL/CDL+ERL/H:4-7/COM:2,C2M/PC/COM2,TOTAL,1407.0,3744424182.0,3744424182.0,2531230745.0,1213193440.0,695.0,2322859.0,7488848363.0,1119336.0,0.0,1651.0,1612.0
USA,United States,COM,CR-,CR/LWAL/CDL+ERL/H:4-7/COM:3,C2M/PC/COM4,TOTAL,3161.0,5949555307.0,5949555307.0,4807240868.0,1142314629.0,1022.0,2359769.0,11899110614.0,1137126.0,0.0,747.0,2521.0
USA,United States,COM,CR-,CR/LWAL/CDL+ERL/H:4-7/COM:3,C2M/LC/COM4,TOTAL,1373.0,3429597981.0,3429597981.0,2771115260.0,658482818.0,590.0,1452607.0,6859195961.0,699981.0,0.0,1058.0,2361.0
USA,United States,COM,CR-,CR/LWAL/CDL+ERL/H:4-7/COM:3A,C2M/PC/COM5,TOTAL,304.0,861565624.0,861565624.0,742669555.0,118896054.0,86.0,230812.0,1723131248.0,111224.0,0.0,759.0,3733.0
USA,United States,COM,CR-,CR/LWAL/CDL+ERL/H:4-7/COM:3A,C2M/LC/COM5,TOTAL,160.0,521708371.0,521708371.0,449712611.0,71995753.0,51.0,150836.0,1043416742.0,72685.0,0.0,943.0,3459.0
USA,United States,COM,CR-,CR/LWAL/CDL+ERL/H:4-7/COM:3B,C2M/PC/COM3,TOTAL,1205.0,1527912472.0,1527912472.0,1280390650.0,247521821.0,323.0,762756.0,3055824944.0,367558.0,0.0,633.0,2003.0
USA,United States,COM,CR-,CR/LWAL/CDL+ERL/H:4-7/COM:3B,C2M/LC/COM3,TOTAL,535.0,785301802.0,785301802.0,658082909.0,127218892.0,182.0,420680.0,1570603604.0,202718.0,0.0,786.0,1867.0
USA,United States,COM,CR-,CR/LWAL/CDL+ERL/H:4-7/COM:4,C2M/PC/COM10,TOTAL,938.0,648328267.0,324127708.0,253496354.0,394831932.0,211.0,546536.0,972455976.0,263364.0,0.0,583.0,1186.0
USA,United States,COM,CR-,CR/LWAL/CDL+ERL/H:4-7/COM:4,C2M/LC/COM10,TOTAL,1024.0,511112058.0,255524707.0,199844816.0,311267257.0,167.0,445334.0,766636765.0,214597.0,0.0,435.0,1148.0
USA,United States,COM,CR-,CR/LWAL/CDL+ERL/H:4-7/COM:5,C2M/PC/COM8,TOTAL,1262.0,3071984056.0,3071984056.0,2764785579.0,307198411.0,433.0,949195.0,6143968112.0,457398.0,0.0,752.0,3236.0
USA,United States,COM,CR-,CR/LWAL/CDL+ERL/H:4-7/COM:5,C2M/LC/COM8,TOTAL,314.0,875602690.0,875602690.0,788042402.0,87560270.0,129.0,294946.0,1751205379.0,142128.0,0.0,939.0,2969.0
USA,United States,IND,CR-,CR/LWAL/CDL+ERL/H:4-7/IND:2,C2M/LC/IND2,TOTAL,356.0,1534074608.0,2301122094.0,1293224886.0,240849721.0,931.0,952759.0,3835196702.0,446078.0,0.0,2676.0,1610.0
USA,United States,IND,CR-,CR/LWAL/CDL+ERL/H:4-7/IND:2,C2M/PC/IND2,TOTAL,1330.0,3898699071.0,5848080883.0,3286603303.0,612095777.0,1869.0,2293178.0,9746779954.0,1073657.0,0.0,1724.0,1700.0
USA,United States,IND,CR-,CR/LWAL/CDL+ERL/H:4-7/IND:3,C2M/PC/IND3,TOTAL,96.0,747625443.0,1121448570.0,630248247.0,117377199.0,382.0,266827.0,1869074013.0,124927.0,0.0,2779.0,2802.0
USA,United States,IND,CR-,CR/LWAL/CDL+ERL/H:4-7/IND:3,C2M/LC/IND3,TOTAL,43.0,505272671.0,757914927.0,425944857.0,79327812.0,186.0,198528.0,1263187598.0,92950.0,0.0,4617.0,2545.0
USA,United States,IND,CR-,CR/LWAL/CDL+ERL/H:4-7/IND:5,C2M/LC/IND5,TOTAL,107.0,328972585.0,493468893.0,277323887.0,51648698.0,211.0,123459.0,822441478.0,57803.0,0.0,1154.0,2665.0
USA,United States,IND,CR-,CR/LWAL/CDL+ERL/H:4-7/IND:5,C2M/PC/IND5,TOTAL,217.0,690605594.0,1035920180.0,582180512.0,108425082.0,301.0,235101.0,1726525774.0,110074.0,0.0,1083.0,2937.0
USA,United States,IND,CR-,CR/LWAL/CDL+ERL/H:4-7/IND:6,C2M/PC/IND6,TOTAL,57.0,49170416.0,49170416.0,41450660.0,7719756.0,47.0,25985.0,98340832.0,12166.0,0.0,456.0,1892.0
USA,United States,RES,CR-,CR/LWAL/CDL+ERL/H:4-7/RES:2,C2M/LC/RES3B,TOTAL,335.0,165124244.0,82560116.0,142337097.0,22787145.0,2302.0,97402.0,247684360.0,32234.0,973.0,291.0,1695.0
USA,United States,RES,CR-,CR/LWAL/CDL+ERL/H:4-7/RES:2,C2M/LC/RES3C,TOTAL,283.0,351535415.0,175765332.0,303023524.0,48511886.0,2465.0,116048.0,527300747.0,38404.0,1178.0,410.0,3029.0
USA,United States,RES,CR-,CR/LWAL/CDL+ERL/H:4-7/RES:2,C2M/LC/RES3D,TOTAL,247.0,505294110.0,252643155.0,435563517.0,69730586.0,3715.0,178861.0,757937265.0,59190.0,1880.0,724.0,2825.0
USA,United States,RES,CR-,CR/LWAL/CDL+ERL/H:4-7/RES:2,C2M/LC/RES3E,TOTAL,156.0,683672213.0,341829587.0,589325442.0,94346763.0,5463.0,250269.0,1025501800.0,82821.0,2924.0,1604.0,2732.0
USA,United States,RES,CR-,CR/LWAL/CDL+ERL/H:4-7/RES:2,C2M/LC/RES3F,TOTAL,81.0,967022126.0,483503693.0,833573066.0,133449050.0,7986.0,397834.0,1450525820.0,131653.0,5423.0,4912.0,2431.0
USA,United States,RES,CR-,CR/LWAL/CDL+ERL/H:4-7/RES:2,C2M/PC/RES3B,TOTAL,2084.0,1024493091.0,512237188.0,883113033.0,141380043.0,12957.0,570312.0,1536730280.0,188734.0,5668.0,274.0,1796.0
USA,United States,RES,CR-,CR/LWAL/CDL+ERL/H:4-7/RES:2,C2M/PC/RES3C,TOTAL,1190.0,1874875220.0,937426925.0,1616142414.0,258732773.0,11396.0,504943.0,2812302144.0,167101.0,5382.0,424.0,3713.0
USA,United States,RES,CR-,CR/LWAL/CDL+ERL/H:4-7/RES:2,C2M/PC/RES3D,TOTAL,553.0,1492302618.0,746140292.0,1286364839.0,205937756.0,10222.0,450423.0,2238442910.0,149057.0,5133.0,815.0,3313.0
USA,United States,RES,CR-,CR/LWAL/CDL+ERL/H:4-7/RES:2,C2M/PC/RES3E,TOTAL,424.0,2283266494.0,1141618491.0,1968175691.0,315090768.0,19656.0,758686.0,3424884985.0,251069.0,9770.0,1789.0,3010.0
USA,United States,RES,CR-,CR/LWAL/CDL+ERL/H:4-7/RES:2,C2M/PC/RES3F,TOTAL,176.0,2279476585.0,1139726095.0,1964908793.0,314567760.0,19934.0,788235.0,3419202680.0,260847.0,10355.0,4479.0,2892.0
USA,United States,RES,CR-,CR/LWAL/CDL+ERL/H:4-7/RES:3,C2M/PC/RES4,TOTAL,396.0,1270863261.0,635413708.0,1098025888.0,172837413.0,7387.0,494346.0,1906276969.0,163592.0,0.0,1248.0,2571.0
USA,United States,RES,CR-,CR/LWAL/CDL+ERL/H:4-7/RES:3,C2M/LC/RES4,TOTAL,190.0,1237296388.0,618636882.0,1069024106.0,168272318.0,6570.0,512388.0,1855933270.0,169562.0,0.0,2697.0,2415.0
USA,United States,RES,CR-,CR/LWAL/CDL+ERL/H:4-7/RES:4,C2M/LC/RES5,TOTAL,136.0,1172357782.0,586171619.0,951954492.0,220403256.0,7954.0,442530.0,1758529401.0,146444.0,0.0,3254.0,2649.0
USA,United States,RES,CR-,CR/LWAL/CDL+ERL/H:4-7/RES:4,C2M/LC/RES6,TOTAL,39.0,206207060.0,103098848.0,168264957.0,37942099.0,1122.0,68532.0,309305908.0,22679.0,0.0,1757.0,3009.0
USA,United States,RES,CR-,CR/LWAL/CDL+ERL/H:4-7/RES:4,C2M/PC/RES5,TOTAL,302.0,2920679298.0,1460313770.0,2371591515.0,549087687.0,20224.0,1031618.0,4380993068.0,341389.0,0.0,3416.0,2831.0
USA,United States,RES,CR-,CR/LWAL/CDL+ERL/H:4-7/RES:4,C2M/PC/RES6,TOTAL,48.0,250280421.0,125134425.0,204228819.0,46051598.0,1551.0,70641.0,375414846.0,23377.0,0.0,1472.0,3543.0
USA,United States,COM,CR-,CR/LWAL/CDL+ERL/H:>8/COM:3,C2H/PC/COM4,TOTAL,1287.0,4605923807.0,4605923807.0,3721586563.0,884337381.0,1174.0,1783487.0,9211847614.0,861632.0,0.0,1386.0,2583.0
USA,United States,COM,CR-,CR/LWAL/CDL+ERL/H:>8/COM:3,C2H/LC/COM4,TOTAL,495.0,2942278439.0,2942278439.0,2377361071.0,564917464.0,857.0,1170176.0,5884556877.0,565331.0,0.0,2364.0,2514.0
USA,United States,COM,CR-,CR/LWAL/CDL+ERL/H:>8/COM:3A,C2H/LC/COM5,TOTAL,111.0,262764516.0,262764516.0,226503010.0,36261502.0,50.0,74405.0,525529031.0,35947.0,0.0,670.0,3532.0
USA,United States,COM,CR-,CR/LWAL/CDL+ERL/H:>8/COM:3A,C2H/PC/COM5,TOTAL,216.0,541683146.0,541683146.0,466930868.0,74752273.0,82.0,147724.0,1083366293.0,71368.0,0.0,684.0,3667.0
USA,United States,COM,CR-,CR/LWAL/CDL+ERL/H:>8/COM:4,C2H/PC/COM10,TOTAL,966.0,375024737.0,187491071.0,146634674.0,228390077.0,181.0,327622.0,562515808.0,158280.0,0.0,339.0,1145.0
USA,United States,COM,CR-,CR/LWAL/CDL+ERL/H:>8/COM:4,C2H/LC/COM10,TOTAL,1180.0,347012196.0,173491570.0,135681769.0,211330434.0,148.0,289774.0,520503766.0,139994.0,0.0,246.0,1198.0
USA,United States,RES,CR-,CR/LWAL/CDL+ERL/H:>8/RES:2,C2H/PC/RES3F,TOTAL,209.0,3487119702.0,1743550436.0,3005897139.0,481222506.0,30623.0,1255034.0,5230670138.0,416346.0,17723.0,6005.0,2779.0
USA,United States,RES,CR-,CR/LWAL/CDL+ERL/H:>8/RES:2,C2H/PC/RES3E,TOTAL,113.0,596668702.0,298331176.0,514328417.0,82340278.0,4233.0,192243.0,894999879.0,63775.0,2697.0,1701.0,3104.0
USA,United States,RES,CR-,CR/LWAL/CDL+ERL/H:>8/RES:2,C2H/PC/RES3D,TOTAL,63.0,179960751.0,89979626.0,155126165.0,24834583.0,1076.0,50486.0,269940376.0,16748.0,702.0,801.0,3565.0
USA,United States,RES,CR-,CR/LWAL/CDL+ERL/H:>8/RES:2,C2H/PC/RES3B,TOTAL,50.0,16178657.0,8088744.0,13946002.0,2232655.0,262.0,9925.0,24267401.0,3293.0,181.0,198.0,1630.0
USA,United States,RES,CR-,CR/LWAL/CDL+ERL/H:>8/RES:2,C2H/LC/RES3F,TOTAL,124.0,2087099551.0,1043545540.0,1799079798.0,288019730.0,15548.0,823564.0,3130645091.0,273210.0,10527.0,6642.0,2534.0
USA,United States,RES,CR-,CR/LWAL/CDL+ERL/H:>8/RES:2,C2H/LC/RES3E,TOTAL,46.0,295270748.0,147634093.0,254523381.0,40747362.0,2099.0,104514.0,442904841.0,34672.0,1372.0,2272.0,2825.0
USA,United States,RES,CR-,CR/LWAL/CDL+ERL/H:>8/RES:2,C2H/LC/RES3D,TOTAL,12.0,32235860.0,16116806.0,27787312.0,4448549.0,173.0,10418.0,48352666.0,3456.0,143.0,868.0,3094.0
USA,United States,RES,CR-,CR/LWAL/CDL+ERL/H:>8/RES:2,C2H/LC/RES3C,TOTAL,16.0,21844445.0,10921598.0,18829912.0,3014533.0,111.0,6790.0,32766043.0,2253.0,102.0,424.0,3217.0
USA,United States,RES,CR-,CR/LWAL/CDL+ERL/H:>8/RES:2,C2H/PC/RES3C,TOTAL,45.0,68001069.0,34000102.0,58616922.0,9384147.0,406.0,19361.0,102001171.0,6423.0,217.0,430.0,3512.0
USA,United States,RES,CR-,CR/LWAL/CDL+ERL/H:>8/RES:2,C2H/LC/RES3B,TOTAL,8.0,4377181.0,2188335.0,3773130.0,604051.0,49.0,2567.0,6565515.0,852.0,44.0,321.0,1705.0
USA,United States,RES,CR-,CR/LWAL/CDL+ERL/H:>8/RES:3,C2H/LC/RES4,TOTAL,243.0,1445205173.0,722596351.0,1248657301.0,196547913.0,5051.0,587342.0,2167801524.0,194845.0,0.0,2417.0,2461.0
USA,United States,RES,CR-,CR/LWAL/CDL+ERL/H:>8/RES:3,C2H/PC/RES4,TOTAL,315.0,1362290666.0,681138738.0,1177019163.0,185271541.0,5734.0,544438.0,2043429403.0,180613.0,0.0,1728.0,2502.0
USA,United States,RES,CR-,CR/LWAL/CDL+ERL/H:>8/RES:4,C2H/LC/RES5,TOTAL,53.0,771053396.0,385524054.0,626095346.0,144958033.0,4640.0,240454.0,1156577450.0,79769.0,0.0,4537.0,3207.0
USA,United States,RES,CR-,CR/LWAL/CDL+ERL/H:>8/RES:4,C2H/PC/RES5,TOTAL,98.0,965568954.0,482777545.0,784041967.0,181526957.0,6558.0,308665.0,1448346499.0,102397.0,0.0,3150.0,3128.0
USA,United States,COM,CR+,CR/LWAL/CDM+ERM/H:1-3/COM:1,C2L/MC/COM1,TOTAL,11747.0,17144206619.0,17144206619.0,12103809372.0,5040396751.0,2446.0,9356748.0,34288413237.0,4493379.0,0.0,797.0,1832.0
USA,United States,COM,CR+,CR/LWAL/CDM+ERM/H:1-3/COM:2,C2L/MC/COM2,TOTAL,9779.0,19895642552.0,19895642552.0,13449454359.0,6446188208.0,2316.0,10764505.0,39791285103.0,5169420.0,0.0,1101.0,1848.0
USA,United States,COM,CR+,CR/LWAL/CDM+ERM/H:1-3/COM:3,C2L/MC/COM4,TOTAL,26310.0,41346400716.0,41346400716.0,33407892969.0,7938509004.0,3788.0,14992169.0,82692801431.0,7199668.0,0.0,570.0,2758.0
USA,United States,COM,CR+,CR/LWAL/CDM+ERM/H:1-3/COM:3A,C2L/MC/COM5,TOTAL,2351.0,4485961076.0,4485961076.0,3866898390.0,619062613.0,312.0,1090633.0,8971922152.0,523757.0,0.0,464.0,4113.0
USA,United States,COM,CR+,CR/LWAL/CDM+ERM/H:1-3/COM:3B,C2L/MC/COM3,TOTAL,12496.0,13834652207.0,13834652207.0,11593438546.0,2241213665.0,1646.0,6160898.0,27669304415.0,2958646.0,0.0,493.0,2246.0
USA,United States,COM,CR+,CR/LWAL/CDM+ERM/H:1-3/COM:4,C2L/MC/COM10,TOTAL,1955.0,2254853941.0,1127177926.0,881647897.0,1373206110.0,451.0,1741902.0,3382031867.0,836512.0,0.0,891.0,1294.0
USA,United States,COM,CR+,CR/LWAL/CDM+ERM/H:1-3/COM:5,C2L/MC/COM8,TOTAL,8473.0,18169768220.0,18169768220.0,16352790946.0,1816976853.0,1405.0,5122523.0,36339536439.0,2459987.0,0.0,605.0,3547.0
USA,United States,COM,CR+,CR/LWAL/CDM+ERM/H:1-3/COM:5A,C2L/MC/COM9,TOTAL,123.0,436240357.0,436240357.0,383019042.0,53221324.0,40.0,162010.0,872480713.0,77802.0,0.0,1317.0,2693.0
USA,United States,IND,CR+,CR/LWAL/CDM+ERM/H:1-3/IND:1,C2L/MC/IND1,TOTAL,1511.0,7213583706.0,10820476371.0,6081051022.0,1132532681.0,2657.0,3228109.0,18034060077.0,1505390.0,0.0,2136.0,2235.0
USA,United States,IND,CR+,CR/LWAL/CDM+ERM/H:1-3/IND:2,C2L/MC/IND2,TOTAL,5818.0,14439151463.0,21658900943.0,12172204590.0,2266946854.0,6393.0,7841598.0,36098052406.0,3656835.0,0.0,1348.0,1841.0
USA,United States,IND,CR+,CR/LWAL/CDM+ERM/H:1-3/IND:3,C2L/MC/IND3,TOTAL,641.0,4091916533.0,6137923256.0,3449485611.0,642430916.0,1066.0,1279620.0,10229839790.0,596736.0,0.0,1996.0,3198.0
USA,United States,IND,CR+,CR/LWAL/CDM+ERM/H:1-3/IND:4,C2L/MC/IND4,TOTAL,270.0,1422376004.0,2133597570.0,1199062961.0,223313040.0,309.0,468456.0,3555973574.0,218459.0,0.0,1735.0,3036.0
USA,United States,IND,CR+,CR/LWAL/CDM+ERM/H:1-3/IND:5,C2L/MC/IND5,TOTAL,1753.0,4747948063.0,7122027763.0,4002520200.0,745427872.0,1504.0,1510361.0,11869975826.0,704340.0,0.0,862.0,3144.0
USA,United States,IND,CR+,CR/LWAL/CDM+ERM/H:1-3/IND:6,C2L/MC/IND6,TOTAL,6726.0,6489538425.0,6489538425.0,5470680866.0,1018857566.0,4919.0,3454317.0,12979076850.0,1610887.0,0.0,514.0,1879.0
USA,United States,RES,CR+,CR/LWAL/CDM+ERM/H:1-3/RES:1,C2L/MC/RES1,TOTAL,5344.0,1923664535.0,961830571.0,1473526987.0,450137500.0,12225.0,820669.0,2885495106.0,270689.0,6085.0,154.0,2344.0
USA,United States,RES,CR+,CR/LWAL/CDM+ERM/H:1-3/RES:2,C2L/MC/RES3C,TOTAL,7043.0,10856343473.0,5428098903.0,9358167948.0,1498175360.0,64889.0,3078294.0,16284442376.0,1015347.0,25966.0,437.0,3527.0
USA,United States,RES,CR+,CR/LWAL/CDM+ERM/H:1-3/RES:2,C2L/MC/RES3A,TOTAL,19470.0,8569497647.0,4284674721.0,7386906880.0,1182590645.0,80556.0,4589186.0,12854172368.0,1513703.0,29187.0,236.0,1867.0
USA,United States,RES,CR+,CR/LWAL/CDM+ERM/H:1-3/RES:2,C2L/MC/RES3B,TOTAL,9259.0,4395415854.0,2197639844.0,3788848413.0,606567372.0,55038.0,2619918.0,6593055698.0,864159.0,20794.0,283.0,1678.0
USA,United States,RES,CR+,CR/LWAL/CDM+ERM/H:1-3/RES:2,C2L/MC/RES3D,TOTAL,2147.0,5510957755.0,2755424500.0,4750445522.0,760512150.0,36128.0,1687720.0,8266382256.0,556678.0,14929.0,786.0,3265.0
USA,United States,RES,CR+,CR/LWAL/CDM+ERM/H:1-3/RES:2,C2L/MC/RES3F,TOTAL,139.0,1678572939.0,839270573.0,1446929859.0,231643060.0,11377.0,611853.0,2517843512.0,201813.0,5444.0,4402.0,2743.0
USA,United States,RES,CR+,CR/LWAL/CDM+ERM/H:1-3/RES:2,C2L/MC/RES3E,TOTAL,589.0,3095197269.0,1547561103.0,2668060012.0,427137212.0,21192.0,1015340.0,4642758372.0,334899.0,9375.0,1724.0,3048.0
USA,United States,RES,CR+,CR/LWAL/CDM+ERM/H:1-3/RES:3,C2L/MC/RES4,TOTAL,1384.0,4484802755.0,2242322456.0,3874869681.0,609933207.0,22254.0,1598333.0,6727125211.0,527193.0,0.0,1155.0,2806.0
USA,United States,RES,CR+,CR/LWAL/CDM+ERM/H:1-3/RES:4,C2L/MC/RES5,TOTAL,868.0,10841497830.0,5420668549.0,8803295970.0,2038201517.0,50083.0,3445939.0,16262166379.0,1136603.0,0.0,3970.0,3146.0
USA,United States,RES,CR+,CR/LWAL/CDM+ERM/H:1-3/RES:4,C2L/MC/RES6,TOTAL,685.0,3172342447.0,1586111367.0,2588631387.0,583711011.0,17054.0,860270.0,4758453815.0,283751.0,0.0,1256.0,3688.0
USA,United States,COM,CR+,CR/LWAL/CDM+ERM/H:4-7/COM:1,C2M/MC/COM1,TOTAL,941.0,1647183474.0,1647183474.0,1162911485.0,484271941.0,311.0,888981.0,3294366949.0,428382.0,0.0,945.0,1853.0
USA,United States,COM,CR+,CR/LWAL/CDM+ERM/H:4-7/COM:2,C2M/MC/COM2,TOTAL,808.0,1965909194.0,1965909194.0,1328954618.0,636954581.0,280.0,1052292.0,3931818389.0,507078.0,0.0,1302.0,1868.0
USA,United States,COM,CR+,CR/LWAL/CDM+ERM/H:4-7/COM:3,C2M/MC/COM4,TOTAL,1573.0,3072075403.0,3072075403.0,2482237009.0,589838482.0,446.0,1090137.0,6144150806.0,525315.0,0.0,693.0,2818.0
USA,United States,COM,CR+,CR/LWAL/CDM+ERM/H:4-7/COM:3A,C2M/MC/COM5,TOTAL,153.0,386481425.0,386481425.0,333146984.0,53334435.0,39.0,91890.0,772962850.0,44280.0,0.0,601.0,4206.0
USA,United States,COM,CR+,CR/LWAL/CDM+ERM/H:4-7/COM:3B,C2M/MC/COM3,TOTAL,892.0,1017460513.0,1017460513.0,852631909.0,164828604.0,195.0,445295.0,2034921027.0,214580.0,0.0,499.0,2285.0
USA,United States,COM,CR+,CR/LWAL/CDM+ERM/H:4-7/COM:4,C2M/MC/COM10,TOTAL,583.0,303680704.0,151824994.0,118739156.0,184941558.0,97.0,246146.0,455505697.0,118613.0,0.0,422.0,1234.0
USA,United States,COM,CR+,CR/LWAL/CDM+ERM/H:4-7/COM:5,C2M/MC/COM8,TOTAL,271.0,788056916.0,788056916.0,709251207.0,78805693.0,86.0,214827.0,1576113832.0,103521.0,0.0,793.0,3668.0
USA,United States,IND,CR+,CR/LWAL/CDM+ERM/H:4-7/IND:1,C2M/MC/IND1,TOTAL,85.0,464383002.0,696578594.0,391474868.0,72908133.0,138.0,204395.0,1160961595.0,95697.0,0.0,2405.0,2272.0
USA,United States,IND,CR+,CR/LWAL/CDM+ERM/H:4-7/IND:2,C2M/MC/IND2,TOTAL,317.0,884358699.0,1326544663.0,745514375.0,138844319.0,472.0,464198.0,2210903362.0,217336.0,0.0,1464.0,1905.0
USA,United States,IND,CR+,CR/LWAL/CDM+ERM/H:4-7/IND:3,C2M/MC/IND3,TOTAL,25.0,519454741.0,779185108.0,437900344.0,81554398.0,154.0,161623.0,1298639850.0,75671.0,0.0,6465.0,3214.0
USA,United States,IND,CR+,CR/LWAL/CDM+ERM/H:4-7/IND:4,C2M/MC/IND4,TOTAL,21.0,136929722.0,205394887.0,115431755.0,21497967.0,16.0,42992.0,342324609.0,20128.0,0.0,2047.0,3185.0
USA,United States,IND,CR+,CR/LWAL/CDM+ERM/H:4-7/IND:5,C2M/MC/IND5,TOTAL,143.0,370454539.0,555695671.0,312293174.0,58161365.0,183.0,115198.0,926150210.0,53936.0,0.0,806.0,3216.0
USA,United States,IND,CR+,CR/LWAL/CDM+ERM/H:4-7/IND:6,C2M/MC/IND6,TOTAL,39.0,41605680.0,41605680.0,35073588.0,6532092.0,36.0,20961.0,83211360.0,9814.0,0.0,537.0,1985.0
USA,United States,RES,CR+,CR/LWAL/CDM+ERM/H:4-7/RES:2,C2M/MC/RES3B,TOTAL,1029.0,510813209.0,255401926.0,440320980.0,70492221.0,5836.0,285875.0,766215135.0,94604.0,2565.0,278.0,1787.0
USA,United States,RES,CR+,CR/LWAL/CDM+ERM/H:4-7/RES:2,C2M/MC/RES3C,TOTAL,1038.0,1685126597.0,842554975.0,1452579109.0,232547464.0,9501.0,456101.0,2527681573.0,150937.0,4181.0,439.0,3695.0
USA,United States,RES,CR+,CR/LWAL/CDM+ERM/H:4-7/RES:2,C2M/MC/RES3D,TOTAL,610.0,1811397660.0,905687571.0,1561424763.0,249972871.0,10945.0,542350.0,2717085231.0,179479.0,5381.0,889.0,3340.0
USA,United States,RES,CR+,CR/LWAL/CDM+ERM/H:4-7/RES:2,C2M/MC/RES3E,TOTAL,588.0,3526972753.0,1763467194.0,3040250463.0,486722227.0,23879.0,1140404.0,5290439947.0,377389.0,12602.0,1939.0,3093.0
USA,United States,RES,CR+,CR/LWAL/CDM+ERM/H:4-7/RES:2,C2M/MC/RES3F,TOTAL,186.0,2324973357.0,1162471569.0,2004127004.0,320846314.0,19130.0,836509.0,3487444926.0,276822.0,10762.0,4497.0,2779.0
USA,United States,RES,CR+,CR/LWAL/CDM+ERM/H:4-7/RES:3,C2M/MC/RES4,TOTAL,104.0,666306961.0,333138492.0,575689229.0,90617752.0,3814.0,238311.0,999445452.0,78863.0,0.0,2291.0,2796.0
USA,United States,RES,CR+,CR/LWAL/CDM+ERM/H:4-7/RES:4,C2M/MC/RES6,TOTAL,164.0,976087481.0,488025030.0,796487367.0,179600096.0,5387.0,259020.0,1464112511.0,85717.0,0.0,1579.0,3768.0
USA,United States,RES,CR+,CR/LWAL/CDM+ERM/H:4-7/RES:4,C2M/MC/RES5,TOTAL,39.0,332409270.0,166200332.0,269916320.0,62492940.0,1750.0,107356.0,498609602.0,35527.0,0.0,2753.0,3096.0
USA,United States,COM,CR+,CR/LWAL/CDM+ERM/H:>8/COM:3,C2H/MC/COM4,TOTAL,205.0,637527107.0,637527107.0,515121918.0,122405205.0,156.0,228946.0,1275054213.0,110608.0,0.0,1117.0,2785.0
USA,United States,COM,CR+,CR/LWAL/CDM+ERM/H:>8/COM:3A,C2H/MC/COM5,TOTAL,49.0,104772001.0,104772001.0,90313464.0,14458536.0,18.0,25211.0,209544003.0,12180.0,0.0,515.0,4156.0
USA,United States,RES,CR+,CR/LWAL/CDM+ERM/H:>8/RES:2,C2H/MC/RES3B,TOTAL,7.0,3681147.0,1839905.0,3173149.0,507998.0,43.0,2265.0,5521051.0,751.0,25.0,324.0,1625.0
USA,United States,RES,CR+,CR/LWAL/CDM+ERM/H:>8/RES:2,C2H/MC/RES3E,TOTAL,27.0,157557197.0,78778146.0,135814300.0,21742893.0,931.0,49672.0,236335342.0,16478.0,699.0,1840.0,3172.0
USA,United States,RES,CR+,CR/LWAL/CDM+ERM/H:>8/RES:2,C2H/MC/RES3F,TOTAL,40.0,637802873.0,318899315.0,549786069.0,88016794.0,5983.0,225866.0,956702188.0,74929.0,3677.0,5647.0,2824.0
USA,United States,RES,CR+,CR/LWAL/CDM+ERM/H:>8/RES:2,C2H/MC/RES3C,TOTAL,18.0,25309286.0,12654492.0,21816604.0,3492681.0,101.0,7353.0,37963778.0,2439.0,65.0,408.0,3442.0
USA,United States,RES,CR+,CR/LWAL/CDM+ERM/H:>8/RES:2,C2H/MC/RES3D,TOTAL,11.0,30215452.0,15107365.0,26045719.0,4169732.0,205.0,9322.0,45322817.0,3092.0,99.0,847.0,3241.0
USA,United States,RES,CR+,CR/LWAL/CDM+ERM/H:>8/RES:3,C2H/MC/RES4,TOTAL,28.0,283815908.0,141907268.0,245216949.0,38598966.0,907.0,103087.0,425723176.0,34198.0,0.0,3682.0,2753.0
USA,United States,IND,OT,MOB/LO/CDH+ERH/H:1/IND:1,MH/HC/IND1,TOTAL,13.0,50921981.0,76384074.0,42927230.0,7994751.0,25.0,22333.0,127306055.0,3833.0,0.0,1718.0,2280.0
USA,United States,IND,OT,MOB/LO/CDH+ERH/H:1/IND:6,MH/HC/IND6,TOTAL,169.0,178846025.0,178846025.0,150767198.0,28078827.0,127.0,94615.0,357692051.0,16238.0,0.0,560.0,1890.0
USA,United States,RES,OT,MOB/LO/CDH+ERH/H:1/RES,MH/HC/RES2,TOTAL,201176.0,27642609891.0,13820750988.0,20897812580.0,6744796881.0,450126.0,29970568.0,41463360880.0,2986538.0,161159.0,149.0,922.0
USA,United States,RES,OT,MOB/LO/CDH+ERH/H:1/RES:2,MH/HC/RES3E,TOTAL,46.0,397118741.0,198553053.0,342316350.0,54802385.0,2464.0,133671.0,595671794.0,13320.0,884.0,2906.0,2971.0
USA,United States,RES,OT,MOB/LO/CDH+ERH/H:1/RES:2,MH/HC/RES3D,TOTAL,48.0,127516487.0,63755544.0,109919210.0,17597275.0,778.0,40779.0,191272031.0,4064.0,275.0,850.0,3127.0
USA,United States,RES,OT,MOB/LO/CDH+ERH/H:1/RES:2,MH/HC/RES3C,TOTAL,100.0,188665187.0,94328458.0,162629390.0,26035795.0,1080.0,55371.0,282993645.0,5518.0,381.0,554.0,3407.0
USA,United States,RES,OT,MOB/LO/CDH+ERH/H:1/RES:2,MH/HC/RES3B,TOTAL,141.0,85082277.0,42538169.0,73340922.0,11741354.0,929.0,51862.0,127620446.0,5168.0,319.0,368.0,1641.0
USA,United States,RES,OT,MOB/LO/CDH+ERH/H:1/RES:2,MH/HC/RES3A,TOTAL,2640.0,1305510606.0,652749660.0,1125350131.0,180160458.0,11500.0,692618.0,1958260265.0,69019.0,3891.0,262.0,1885.0
USA,United States,RES,OT,MOB/LO/CDH+ERH/H:1/RES:2,MH/HC/RES3F,TOTAL,10.0,185045149.0,92521032.0,159508917.0,25536230.0,1369.0,67674.0,277566180.0,6744.0,507.0,6767.0,2734.0
USA,United States,IND,OT,MOB/LO/CDH+ERS/H:1/IND:6,MH/VC/IND6,TOTAL,11.0,11083296.0,11083296.0,9343218.0,1740077.0,7.0,6012.0,22166591.0,1032.0,0.0,547.0,1844.0
USA,United States,RES,OT,MOB/LO/CDH+ERS/H:1/RES,MH/SC/RES2,TOTAL,322.0,35857859.0,17926965.0,27108540.0,8749318.0,709.0,43036.0,53784824.0,4289.0,282.0,134.0,833.0
USA,United States,RES,OT,MOB/LO/CDH+ERS/H:1/RES,MH/VC/RES2,TOTAL,11410.0,1565935535.0,782921077.0,1183847235.0,382088273.0,27687.0,1700881.0,2348856612.0,169492.0,9335.0,149.0,921.0
USA,United States,RES,OT,MOB/LO/CDH+ERS/H:1/RES:2,MH/VC/RES3F,TOTAL,0.0,2214115.0,1107058.0,1908567.0,305548.0,26.0,818.0,3321173.0,81.0,7.0,inf,2707.0
USA,United States,RES,OT,MOB/LO/CDH+ERS/H:1/RES:2,MH/VC/RES3C,TOTAL,4.0,11263793.0,5631896.0,9709389.0,1554403.0,79.0,3205.0,16895689.0,319.0,21.0,801.0,3514.0
USA,United States,RES,OT,MOB/LO/CDH+ERS/H:1/RES:2,MH/VC/RES3A,TOTAL,121.0,60963992.0,30481858.0,52550959.0,8413031.0,558.0,32316.0,91445850.0,3220.0,198.0,267.0,1886.0
USA,United States,RES,OT,MOB/LO/CDH+ERS/H:1/RES:2,MH/SC/RES3E,TOTAL,2.0,7590913.0,3795068.0,6543366.0,1047546.0,17.0,2490.0,11385980.0,248.0,7.0,1245.0,3049.0
USA,United States,RES,OT,MOB/LO/CDH+ERS/H:1/RES:2,MH/VC/RES3B,TOTAL,15.0,8180530.0,4090157.0,7051617.0,1128913.0,94.0,4945.0,12270687.0,493.0,33.0,330.0,1654.0
USA,United States,IND,OT,MOB/LO/CDL+ERL/H:1/IND:6,MH/LC/IND6,TOTAL,200.0,151692443.0,151692443.0,127876729.0,23815714.0,110.0,96796.0,303384887.0,16613.0,0.0,484.0,1567.0
USA,United States,RES,OT,MOB/LO/CDL+ERL/H:1/RES,MH/LC/RES2,TOTAL,3405904.0,359417138501.0,179702608281.0,271719350472.0,87697782813.0,6092014.0,479066285.0,539119746781.0,47738425.0,2448060.0,141.0,750.0
USA,United States,RES,OT,MOB/LO/CDL+ERL/H:1/RES:2,MH/LC/RES3D,TOTAL,96.0,192269188.0,96131091.0,165736039.0,26533147.0,1297.0,73780.0,288400279.0,7352.0,600.0,769.0,2606.0
USA,United States,RES,OT,MOB/LO/CDL+ERL/H:1/RES:2,MH/LC/RES3A,TOTAL,1544.0,650099768.0,325045653.0,560385992.0,89713766.0,5279.0,427160.0,975145421.0,42568.0,2075.0,277.0,1522.0
USA,United States,RES,OT,MOB/LO/CDL+ERL/H:1/RES:2,MH/LC/RES3B,TOTAL,293.0,135159361.0,67577188.0,116507367.0,18651991.0,1548.0,97915.0,202736548.0,9758.0,624.0,334.0,1380.0
USA,United States,RES,OT,MOB/LO/CDL+ERL/H:1/RES:2,MH/LC/RES3C,TOTAL,290.0,357323504.0,178658408.0,308012856.0,49310642.0,2195.0,127089.0,535981913.0,12665.0,954.0,438.0,2812.0
USA,United States,RES,OT,MOB/LO/CDL+ERL/H:1/RES:2,MH/LC/RES3E,TOTAL,32.0,166016370.0,83007593.0,143106111.0,22910259.0,964.0,64995.0,249023963.0,6477.0,431.0,2031.0,2554.0
USA,United States,RES,OT,MOB/LO/CDL+ERL/H:1/RES:2,MH/LC/RES3F,TOTAL,22.0,507193533.0,253596597.0,437200817.0,69992707.0,516.0,247144.0,760790130.0,24628.0,167.0,11234.0,2052.0
USA,United States,RES,OT,MOB/LO/CDL+ERL/H:1/RES:4,MH/LC/RES5,TOTAL,9.0,59392568.0,29695339.0,48226764.0,11165802.0,190.0,23277.0,89087907.0,2320.0,0.0,2586.0,2552.0
USA,United States,RES,OT,MOB/LO/CDL+ERL/H:1/RES:4,MH/LC/RES6,TOTAL,2.0,9867668.0,4933712.0,8052017.0,1815651.0,38.0,2903.0,14801380.0,289.0,0.0,1452.0,3399.0
USA,United States,IND,OT,MOB/LO/CDM+ERM/H:1/IND:1,MH/MC/IND1,TOTAL,11.0,40921876.0,61384799.0,34497141.0,6424735.0,14.0,18874.0,102306675.0,3239.0,0.0,1716.0,2168.0
USA,United States,IND,OT,MOB/LO/CDM+ERM/H:1/IND:5,MH/MC/IND5,TOTAL,27.0,72068341.0,108104193.0,60753611.0,11314730.0,19.0,22226.0,180172534.0,3815.0,0.0,823.0,3243.0
USA,United States,IND,OT,MOB/LO/CDM+ERM/H:1/IND:6,MH/MC/IND6,TOTAL,297.0,282896838.0,282896838.0,238482032.0,44414805.0,197.0,151984.0,565793676.0,26085.0,0.0,512.0,1861.0
USA,United States,RES,OT,MOB/LO/CDM+ERM/H:1/RES,MH/MC/RES2,TOTAL,468783.0,61745959787.0,30871920414.0,46679944534.0,15066014354.0,928026.0,67900324.0,92617880201.0,6766197.0,355058.0,145.0,909.0
USA,United States,RES,OT,MOB/LO/CDM+ERM/H:1/RES:2,MH/MC/RES3A,TOTAL,2725.0,1357651450.0,678819770.0,1170295540.0,187355894.0,11074.0,732513.0,2036471220.0,72995.0,3478.0,269.0,1853.0
USA,United States,RES,OT,MOB/LO/CDM+ERM/H:1/RES:2,MH/MC/RES3B,TOTAL,379.0,205634496.0,102812849.0,177256934.0,28377560.0,2284.0,130205.0,308447346.0,12975.0,849.0,344.0,1579.0
USA,United States,RES,OT,MOB/LO/CDM+ERM/H:1/RES:2,MH/MC/RES3C,TOTAL,253.0,411600999.0,205797643.0,354800055.0,56800936.0,2176.0,124423.0,617398641.0,12399.0,912.0,492.0,3308.0
USA,United States,RES,OT,MOB/LO/CDM+ERM/H:1/RES:2,MH/MC/RES3D,TOTAL,95.0,253196629.0,126596026.0,218255492.0,34941134.0,1545.0,81194.0,379792655.0,8091.0,587.0,855.0,3118.0
USA,United States,RES,OT,MOB/LO/CDM+ERM/H:1/RES:2,MH/MC/RES3E,TOTAL,46.0,328553065.0,164273616.0,283212739.0,45340322.0,1953.0,113054.0,492826680.0,11266.0,801.0,2458.0,2906.0
USA,United States,RES,OT,MOB/LO/CDM+ERM/H:1/RES:2,MH/MC/RES3F,TOTAL,12.0,218349086.0,109172321.0,188216909.0,30132173.0,1729.0,80594.0,327521407.0,8031.0,684.0,6716.0,2709.0
USA,United States,IND,OT,MOB/LO/CDN+ERL/H:1/IND:3,MH/PC/IND3,TOTAL,12.0,68667244.0,103002676.0,57886486.0,10780758.0,31.0,25308.0,171669920.0,4344.0,0.0,2109.0,2713.0
USA,United States,IND,OT,MOB/LO/CDN+ERL/H:1/IND:5,MH/PC/IND5,TOTAL,11.0,32367132.0,48553482.0,27285492.0,5081640.0,9.0,11885.0,80920614.0,2040.0,0.0,1080.0,2723.0
USA,United States,IND,OT,MOB/LO/CDN+ERL/H:1/IND:6,MH/PC/IND6,TOTAL,186.0,144910685.0,144910685.0,122159707.0,22750978.0,109.0,86944.0,289821371.0,14922.0,0.0,467.0,1667.0
USA,United States,RES,OT,MOB/LO/CDN+ERL/H:1/RES,MH/PC/RES2,TOTAL,2249380.0,230490334284.0,115239941637.0,174250688572.0,56239642197.0,4116907.0,312752758.0,345730275921.0,31165504.0,1641711.0,139.0,737.0
USA,United States,RES,OT,MOB/LO/CDN+ERL/H:1/RES:2,MH/PC/RES3A,TOTAL,922.0,399791955.0,199893269.0,344620660.0,55171288.0,3680.0,254702.0,599685225.0,25382.0,1483.0,276.0,1570.0
USA,United States,RES,OT,MOB/LO/CDN+ERL/H:1/RES:2,MH/PC/RES3B,TOTAL,286.0,119249146.0,59620964.0,102792762.0,16456382.0,1554.0,85153.0,178870110.0,8486.0,635.0,298.0,1400.0
USA,United States,RES,OT,MOB/LO/CDN+ERL/H:1/RES:2,MH/PC/RES3C,TOTAL,162.0,203904616.0,101949652.0,175765777.0,28138836.0,1263.0,67549.0,305854268.0,6732.0,571.0,417.0,3019.0
USA,United States,RES,OT,MOB/LO/CDN+ERL/H:1/RES:2,MH/PC/RES3D,TOTAL,54.0,126870301.0,63432674.0,109362197.0,17508101.0,833.0,44231.0,190302975.0,4408.0,393.0,819.0,2868.0
USA,United States,RES,OT,MOB/LO/CDN+ERL/H:1/RES:2,MH/PC/RES3E,TOTAL,26.0,103844453.0,51919385.0,89513918.0,14330534.0,763.0,40876.0,155763837.0,4073.0,365.0,1572.0,2540.0
USA,United States,RES,OT,MOB/LO/CDN+ERL/H:1/RES:2,MH/PC/RES3F,TOTAL,6.0,47045424.0,23522016.0,40553157.0,6492269.0,347.0,18486.0,70567441.0,1842.0,175.0,3081.0,2545.0
USA,United States,COM,MR|MCF,MR/LWAL/CDH+ERH/H:1-3/FC:3/COM:1,RM2L/HC/COM1,TOTAL,8093.0,17452948258.0,17452948258.0,12321780956.0,5131166787.0,2181.0,9473012.0,34905896516.0,5452950.0,0.0,1171.0,1842.0
USA,United States,COM,MR|MCF,MR/LWAL/CDH+ERH/H:1-3/FC:3/COM:2,RM2L/HC/COM2,TOTAL,6133.0,22145131105.0,22145131105.0,14970108592.0,7175022530.0,2075.0,11935360.0,44290262209.0,6870346.0,0.0,1946.0,1855.0
USA,United States,COM,MR|MCF,MR/LWAL/CDH+ERH/H:1-3/FC:3/COM:3,RM2L/HC/COM4,TOTAL,13568.0,33059227556.0,33059227556.0,26711856784.0,6347371743.0,2563.0,11718897.0,66118455112.0,6745749.0,0.0,864.0,2821.0
USA,United States,COM,MR|MCF,MR/LWAL/CDH+ERH/H:1-3/FC:3/COM:3A,RM2L/HC/COM5,TOTAL,1259.0,2991895763.0,2991895763.0,2579014114.0,412881604.0,176.0,712357.0,5983791525.0,410056.0,0.0,566.0,4200.0
USA,United States,COM,MR|MCF,MR/LWAL/CDH+ERH/H:1-3/FC:3/COM:3B,RM2L/HC/COM3,TOTAL,6931.0,9138433278.0,9138433278.0,7658007089.0,1480426194.0,990.0,4062752.0,18276866556.0,2338647.0,0.0,586.0,2249.0
USA,United States,COM,MR|MCF,MR/LWAL/CDH+ERH/H:1-3/FC:3/COM:4,RM2L/HC/COM10,TOTAL,158.0,232216469.0,116088958.0,90796640.0,141419836.0,35.0,178548.0,348305427.0,102778.0,0.0,1130.0,1301.0
USA,United States,COM,MR|MCF,MR/LWAL/CDH+ERH/H:1-3/FC:3/COM:5,RM2L/HC/COM8,TOTAL,5733.0,14783794692.0,14783794692.0,13305414862.0,1478379495.0,1117.0,4103881.0,29567589384.0,2362321.0,0.0,716.0,3602.0
USA,United States,COM,MR|MCF,MR/LWAL/CDH+ERH/H:1-3/FC:3/COM:5A,RM2L/HC/COM9,TOTAL,80.0,381153294.0,381153294.0,334652601.0,46500702.0,36.0,130026.0,762306589.0,74847.0,0.0,1625.0,2931.0
USA,United States,IND,MR|MCF,MR/LWAL/CDH+ERH/H:1-3/FC:3/IND:1,RM2L/HC/IND1,TOTAL,1355.0,7182328117.0,10773548010.0,6054702572.0,1127625551.0,3000.0,3207636.0,17955876127.0,1686434.0,0.0,2367.0,2239.0
USA,United States,IND,MR|MCF,MR/LWAL/CDH+ERH/H:1-3/FC:3/IND:4,RM2L/HC/IND4,TOTAL,154.0,947674874.0,1421524195.0,798889909.0,148784960.0,254.0,299709.0,2369199069.0,157574.0,0.0,1946.0,3162.0
USA,United States,IND,MR|MCF,MR/LWAL/CDH+ERH/H:1-3/FC:3/IND:5,RM2L/HC/IND5,TOTAL,68.0,139788223.0,209685304.0,117841471.0,21946752.0,52.0,47655.0,349473527.0,25055.0,0.0,701.0,2933.0
USA,United States,RES,MR|MCF,MR/LWAL/CDH+ERH/H:1-3/FC:3/RES:3,RM2L/HC/RES4,TOTAL,548.0,2301971078.0,1150958727.0,1988903065.0,313068083.0,11151.0,790025.0,3452929804.0,331286.0,0.0,1442.0,2914.0
USA,United States,RES,MR|MCF,MR/LWAL/CDH+ERH/H:1-3/FC:3/RES:4,RM2L/HC/RES5,TOTAL,241.0,3025019826.0,1512493829.0,2456316019.0,568703708.0,11377.0,946045.0,4537513655.0,396710.0,0.0,3925.0,3198.0
USA,United States,COM,MR|MCF,MR/LWAL/CDH+ERH/H:1-3/FW:4/COM:1,RM1L/HC/COM1,TOTAL,8051.0,17333220380.0,17333220380.0,12237253079.0,5095966787.0,2135.0,9411803.0,34666440759.0,4879747.0,0.0,1169.0,1842.0
USA,United States,COM,MR|MCF,MR/LWAL/CDH+ERH/H:1-3/FW:4/COM:2,RM1L/HC/COM2,TOTAL,6106.0,22518019452.0,22518019452.0,15222181128.0,7295838308.0,2019.0,12152973.0,45036038905.0,6300957.0,0.0,1990.0,1853.0
USA,United States,COM,MR|MCF,MR/LWAL/CDH+ERH/H:1-3/FW:4/COM:3,RM1L/HC/COM4,TOTAL,13795.0,33434520230.0,33434520230.0,27015093268.0,6419427950.0,2631.0,11853750.0,66869040459.0,6145825.0,0.0,859.0,2821.0
USA,United States,COM,MR|MCF,MR/LWAL/CDH+ERH/H:1-3/FW:4/COM:3A,RM1L/HC/COM5,TOTAL,1252.0,3354523851.0,3354523851.0,2891599521.0,462924279.0,182.0,799551.0,6709047703.0,414546.0,0.0,639.0,4196.0
USA,United States,COM,MR|MCF,MR/LWAL/CDH+ERH/H:1-3/FW:4/COM:3B,RM1L/HC/COM3,TOTAL,7088.0,9282158007.0,9282158007.0,7778448407.0,1503709599.0,1003.0,4127931.0,18564316014.0,2140218.0,0.0,582.0,2249.0
USA,United States,COM,MR|MCF,MR/LWAL/CDH+ERH/H:1-3/FW:4/COM:4,RM1L/HC/COM10,TOTAL,184.0,319718713.0,159835811.0,125010018.0,194708705.0,55.0,245123.0,479554524.0,127089.0,0.0,1332.0,1304.0
USA,United States,COM,MR|MCF,MR/LWAL/CDH+ERH/H:1-3/FW:4/COM:5,RM1L/HC/COM8,TOTAL,5758.0,14612224562.0,14612224562.0,13151001764.0,1461222481.0,1077.0,4051153.0,29224449124.0,2100410.0,0.0,704.0,3607.0
USA,United States,COM,MR|MCF,MR/LWAL/CDH+ERH/H:1-3/FW:4/COM:5A,RM1L/HC/COM9,TOTAL,73.0,605194169.0,605194169.0,531360492.0,73833690.0,47.0,211480.0,1210388338.0,109646.0,0.0,2897.0,2862.0
USA,United States,IND,MR|MCF,MR/LWAL/CDH+ERH/H:1-3/FW:4/IND:1,RM1L/HC/IND1,TOTAL,1335.0,6808176542.0,10212309065.0,5739292798.0,1068883753.0,2938.0,3036004.0,17020485607.0,1418899.0,0.0,2274.0,2242.0
USA,United States,IND,MR|MCF,MR/LWAL/CDH+ERH/H:1-3/FW:4/IND:2,RM1L/HC/IND2,TOTAL,11750.0,32971781961.0,49457822254.0,27795212055.0,5176569958.0,15879.0,17784784.0,82429604216.0,8311845.0,0.0,1514.0,1854.0
USA,United States,IND,MR|MCF,MR/LWAL/CDH+ERH/H:1-3/FW:4/IND:3,RM1L/HC/IND3,TOTAL,810.0,8225259720.0,12337959426.0,6933893939.0,1291365815.0,3195.0,2544663.0,20563219147.0,1189267.0,0.0,3142.0,3232.0
USA,United States,IND,MR|MCF,MR/LWAL/CDH+ERH/H:1-3/FW:4/IND:4,RM1L/HC/IND4,TOTAL,162.0,997136761.0,1495721439.0,840586281.0,156550477.0,270.0,315889.0,2492858199.0,147633.0,0.0,1950.0,3157.0
USA,United States,IND,MR|MCF,MR/LWAL/CDH+ERH/H:1-3/FW:4/IND:5,RM1L/HC/IND5,TOTAL,78.0,205670503.0,308510951.0,173380231.0,32290270.0,68.0,68554.0,514181454.0,32040.0,0.0,879.0,3000.0
USA,United States,IND,MR|MCF,MR/LWAL/CDH+ERH/H:1-3/FW:4/IND:6,RM1L/HC/IND6,TOTAL,6114.0,8799251481.0,8799251481.0,7417768945.0,1381482526.0,5704.0,4696416.0,17598502961.0,2194909.0,0.0,768.0,1874.0
USA,United States,RES,MR|MCF,MR/LWAL/CDH+ERH/H:1-3/FW:4/RES:1,RM1L/HC/RES1,TOTAL,48474.0,21066747389.0,10533348618.0,16137127935.0,4929618825.0,110918.0,8057785.0,31600096007.0,2934049.0,60115.0,166.0,2614.0
USA,United States,RES,MR|MCF,MR/LWAL/CDH+ERH/H:1-3/FW:4/RES:2,RM1L/HC/RES3A,TOTAL,7287.0,3613529759.0,1806731367.0,3114862607.0,498667093.0,30980.0,1868387.0,5420261126.0,680333.0,11482.0,256.0,1934.0
USA,United States,RES,MR|MCF,MR/LWAL/CDH+ERH/H:1-3/FW:4/RES:2,RM1L/HC/RES3B,TOTAL,3639.0,1930073371.0,965006766.0,1663723227.0,266350119.0,21347.0,1137578.0,2895080137.0,414225.0,8053.0,313.0,1697.0
USA,United States,RES,MR|MCF,MR/LWAL/CDH+ERH/H:1-3/FW:4/RES:2,RM1L/HC/RES3C,TOTAL,3362.0,5537378674.0,2768656120.0,4773220343.0,764158237.0,30250.0,1541599.0,8306034794.0,561339.0,11906.0,459.0,3592.0
USA,United States,RES,MR|MCF,MR/LWAL/CDH+ERH/H:1-3/FW:4/RES:2,RM1L/HC/RES3D,TOTAL,1069.0,2723020380.0,1361485802.0,2347243539.0,375776802.0,16283.0,810955.0,4084506182.0,295291.0,6527.0,759.0,3358.0
USA,United States,RES,MR|MCF,MR/LWAL/CDH+ERH/H:1-3/FW:4/RES:2,RM1L/HC/RES3F,TOTAL,127.0,1663078644.0,831526490.0,1433573770.0,229504846.0,11508.0,577856.0,2494605134.0,210412.0,6054.0,4550.0,2878.0
USA,United States,RES,MR|MCF,MR/LWAL/CDH+ERH/H:1-3/FW:4/RES:2,RM1L/HC/RES3E,TOTAL,389.0,2125035476.0,1062493959.0,1831780555.0,293254889.0,13429.0,678229.0,3187529435.0,246961.0,6177.0,1744.0,3133.0
USA,United States,RES,MR|MCF,MR/LWAL/CDH+ERH/H:1-3/FW:4/RES:3,RM1L/HC/RES4,TOTAL,463.0,1750231173.0,875085808.0,1512199772.0,238031453.0,8932.0,602770.0,2625316981.0,219485.0,0.0,1302.0,2904.0
USA,United States,RES,MR|MCF,MR/LWAL/CDH+ERH/H:1-3/FW:4/RES:4,RM1L/HC/RES5,TOTAL,268.0,3060326972.0,1530143588.0,2484985421.0,575341452.0,10842.0,960385.0,4590470560.0,349701.0,0.0,3584.0,3187.0
USA,United States,RES,MR|MCF,MR/LWAL/CDH+ERH/H:1-3/FW:4/RES:4,RM1L/HC/RES6,TOTAL,665.0,3875048558.0,1937458728.0,3162039568.0,713008935.0,18780.0,1044021.0,5812507286.0,380156.0,0.0,1570.0,3712.0
USA,United States,COM,MR|MCF,MR/LWAL/CDH+ERH/H:4-7/FC:3/COM:1,RM2M/HC/COM1,TOTAL,699.0,1725281922.0,1725281922.0,1218048987.0,507232884.0,272.0,930855.0,3450563843.0,537148.0,0.0,1332.0,1853.0
USA,United States,COM,MR|MCF,MR/LWAL/CDH+ERH/H:4-7/FC:3/COM:2,RM2M/HC/COM2,TOTAL,511.0,2215620563.0,2215620563.0,1497759497.0,717861063.0,255.0,1182215.0,4431241127.0,682193.0,0.0,2314.0,1874.0
USA,United States,COM,MR|MCF,MR/LWAL/CDH+ERH/H:4-7/FC:3/COM:3,RM2M/HC/COM4,TOTAL,1534.0,4486237807.0,4486237807.0,3624880269.0,861357666.0,471.0,1569072.0,8972475614.0,905429.0,0.0,1023.0,2859.0
USA,United States,COM,MR|MCF,MR/LWAL/CDH+ERH/H:4-7/FC:3/COM:3A,RM2M/HC/COM5,TOTAL,145.0,545540298.0,545540298.0,470255731.0,75284559.0,52.0,127776.0,1091080595.0,73733.0,0.0,881.0,4270.0
USA,United States,COM,MR|MCF,MR/LWAL/CDH+ERH/H:4-7/FC:3/COM:3B,RM2M/HC/COM3,TOTAL,494.0,654567994.0,654567994.0,548527979.0,106040015.0,105.0,289393.0,1309135988.0,166994.0,0.0,586.0,2262.0
USA,United States,COM,MR|MCF,MR/LWAL/CDH+ERH/H:4-7/FC:3/COM:4,RM2M/HC/COM10,TOTAL,44.0,51075717.0,25536082.0,19970606.0,31105113.0,16.0,38183.0,76611799.0,22033.0,0.0,868.0,1338.0
USA,United States,IND,MR|MCF,MR/LWAL/CDH+ERH/H:4-7/FC:3/IND:3,RM2M/HC/IND3,TOTAL,40.0,425652762.0,638483921.0,358825275.0,66827486.0,116.0,132983.0,1064136683.0,70108.0,0.0,3325.0,3201.0
USA,United States,RES,MR|MCF,MR/LWAL/CDH+ERH/H:4-7/FC:3/RES:2,RM2M/HC/RES3F,TOTAL,230.0,3493833211.0,1746901573.0,3011684192.0,482148970.0,25829.0,1239719.0,5240734784.0,521082.0,15973.0,5390.0,2818.0
USA,United States,RES,MR|MCF,MR/LWAL/CDH+ERH/H:4-7/FC:3/RES:2,RM2M/HC/RES3B,TOTAL,430.0,208452946.0,104222534.0,179686437.0,28766506.0,2275.0,118906.0,312675480.0,49980.0,1040.0,277.0,1753.0
USA,United States,RES,MR|MCF,MR/LWAL/CDH+ERH/H:4-7/FC:3/RES:2,RM2M/HC/RES3C,TOTAL,775.0,1264766881.0,632376517.0,1090229039.0,174537825.0,7580.0,355746.0,1897143398.0,149529.0,3407.0,459.0,3555.0
USA,United States,RES,MR|MCF,MR/LWAL/CDH+ERH/H:4-7/FC:3/RES:2,RM2M/HC/RES3D,TOTAL,549.0,1607389908.0,803682776.0,1385570078.0,221819802.0,10739.0,483831.0,2411072684.0,203366.0,4820.0,881.0,3322.0
USA,United States,RES,MR|MCF,MR/LWAL/CDH+ERH/H:4-7/FC:3/RES:2,RM2M/HC/RES3E,TOTAL,425.0,2546569795.0,1273266631.0,2195143136.0,351426624.0,18562.0,823228.0,3819836426.0,346022.0,9113.0,1937.0,3093.0
USA,United States,RES,MR|MCF,MR/LWAL/CDH+ERH/H:4-7/FC:3/RES:3,RM2M/HC/RES4,TOTAL,124.0,831210871.0,415595496.0,718166209.0,113044684.0,4126.0,290407.0,1246806367.0,122065.0,0.0,2342.0,2862.0
USA,United States,RES,MR|MCF,MR/LWAL/CDH+ERH/H:4-7/FC:3/RES:4,RM2M/HC/RES5,TOTAL,18.0,142262683.0,71129474.0,115517296.0,26745384.0,496.0,44408.0,213392157.0,18666.0,0.0,2467.0,3204.0
USA,United States,COM,MR|MCF,MR/LWAL/CDH+ERH/H:>4/FW:4/COM:1,RM1M/HC/COM1,TOTAL,732.0,1746732311.0,1746732311.0,1233192966.0,513539298.0,289.0,943133.0,3493464623.0,489798.0,0.0,1288.0,1852.0
USA,United States,COM,MR|MCF,MR/LWAL/CDH+ERH/H:>4/FW:4/COM:2,RM1M/HC/COM2,TOTAL,524.0,2275539730.0,2275539730.0,1538264845.0,737274872.0,235.0,1216181.0,4551079460.0,631600.0,0.0,2321.0,1871.0
USA,United States,COM,MR|MCF,MR/LWAL/CDH+ERH/H:>4/FW:4/COM:3,RM1M/HC/COM4,TOTAL,1627.0,4735617555.0,4735617555.0,3826379113.0,909238575.0,513.0,1656662.0,9471235111.0,860356.0,0.0,1018.0,2859.0
USA,United States,COM,MR|MCF,MR/LWAL/CDH+ERH/H:>4/FW:4/COM:3A,RM1M/HC/COM5,TOTAL,134.0,495227390.0,495227390.0,426886004.0,68341378.0,46.0,117610.0,990454780.0,61079.0,0.0,878.0,4211.0
USA,United States,COM,MR|MCF,MR/LWAL/CDH+ERH/H:>4/FW:4/COM:3B,RM1M/HC/COM3,TOTAL,515.0,710787617.0,710787617.0,595640024.0,115147594.0,111.0,314160.0,1421575234.0,163154.0,0.0,610.0,2263.0
USA,United States,COM,MR|MCF,MR/LWAL/CDH+ERH/H:>4/FW:4/COM:4,RM1M/HC/COM10,TOTAL,42.0,39377167.0,19685113.0,15396472.0,23980696.0,12.0,30295.0,59062279.0,15733.0,0.0,721.0,1300.0
USA,United States,COM,MR|MCF,MR/LWAL/CDH+ERH/H:>4/FW:4/COM:5,RM1M/HC/COM8,TOTAL,1087.0,3746380682.0,3746380682.0,3371742539.0,374638075.0,448.0,1035066.0,7492761364.0,537542.0,0.0,952.0,3619.0
USA,United States,COM,MR|MCF,MR/LWAL/CDH+ERH/H:>4/FW:4/COM:5A,RM1M/HC/COM9,TOTAL,16.0,99446811.0,99446811.0,87314302.0,12132511.0,13.0,33784.0,198893622.0,17545.0,0.0,2112.0,2944.0
USA,United States,IND,MR|MCF,MR/LWAL/CDH+ERH/H:>4/FW:4/IND:3,RM1M/HC/IND3,TOTAL,33.0,386417134.0,579627570.0,325749641.0,60667492.0,116.0,119733.0,966044704.0,56063.0,0.0,3628.0,3227.0
USA,United States,IND,MR|MCF,MR/LWAL/CDH+ERH/H:>4/FW:4/IND:4,RM1M/HC/IND4,TOTAL,71.0,518974827.0,778464834.0,437495771.0,81479051.0,99.0,163408.0,1297439661.0,76513.0,0.0,2302.0,3176.0
USA,United States,RES,MR|MCF,MR/LWAL/CDH+ERH/H:>4/FW:4/RES:2,RM1M/HC/RES3E,TOTAL,392.0,2282696536.0,1141329186.0,1967684394.0,315012115.0,16608.0,740134.0,3424025722.0,269933.0,7976.0,1888.0,3084.0
USA,United States,RES,MR|MCF,MR/LWAL/CDH+ERH/H:>4/FW:4/RES:2,RM1M/HC/RES3D,TOTAL,491.0,1445598273.0,722789031.0,1246105697.0,199492556.0,9795.0,436726.0,2168387304.0,159278.0,4339.0,889.0,3310.0
USA,United States,RES,MR|MCF,MR/LWAL/CDH+ERH/H:>4/FW:4/RES:2,RM1M/HC/RES3B,TOTAL,439.0,217245500.0,108618644.0,187265619.0,29979878.0,2391.0,124160.0,325864144.0,45283.0,1081.0,283.0,1750.0
USA,United States,RES,MR|MCF,MR/LWAL/CDH+ERH/H:>4/FW:4/RES:2,RM1M/HC/RES3C,TOTAL,717.0,1171650230.0,585818772.0,1009962487.0,161687728.0,6840.0,328160.0,1757469002.0,119683.0,3089.0,458.0,3570.0
USA,United States,RES,MR|MCF,MR/LWAL/CDH+ERH/H:>4/FW:4/RES:2,RM1M/HC/RES3F,TOTAL,265.0,3841272670.0,1920615633.0,3311176992.0,530095616.0,29068.0,1356465.0,5761888303.0,494712.0,17703.0,5119.0,2832.0
USA,United States,RES,MR|MCF,MR/LWAL/CDH+ERH/H:>4/FW:4/RES:3,RM1M/HC/RES4,TOTAL,131.0,901406466.0,450694937.0,778815208.0,122591286.0,5042.0,306638.0,1352101402.0,111833.0,0.0,2341.0,2940.0
USA,United States,RES,MR|MCF,MR/LWAL/CDH+ERH/H:>4/FW:4/RES:4,RM1M/HC/RES6,TOTAL,227.0,1322753108.0,661348749.0,1079366517.0,243386571.0,7264.0,357422.0,1984101857.0,130355.0,0.0,1575.0,3701.0
USA,United States,RES,MR|MCF,MR/LWAL/CDH+ERH/H:>4/FW:4/RES:4,RM1M/HC/RES5,TOTAL,24.0,237280225.0,118637463.0,192671537.0,44608681.0,700.0,72456.0,355917688.0,26425.0,0.0,3019.0,3275.0
USA,United States,COM,MR|MCF,MR/LWAL/CDH+ERH/H:>8/FC:3/COM:3,RM2H/HC/COM4,TOTAL,580.0,2268636783.0,2268636783.0,1833058594.0,435578267.0,465.0,781170.0,4537273565.0,451602.0,0.0,1347.0,2904.0
USA,United States,COM,MR|MCF,MR/LWAL/CDH+ERH/H:>8/FC:3/COM:3A,RM2H/HC/COM5,TOTAL,147.0,415655882.0,415655882.0,358295365.0,57360510.0,57.0,96637.0,831311765.0,55867.0,0.0,657.0,4301.0
USA,United States,RES,MR|MCF,MR/LWAL/CDH+ERH/H:>8/FC:3/RES:2,RM2H/HC/RES3E,TOTAL,39.0,228355213.0,114176749.0,196842193.0,31513018.0,1387.0,72347.0,342531962.0,30463.0,1171.0,1855.0,3156.0
USA,United States,RES,MR|MCF,MR/LWAL/CDH+ERH/H:>8/FC:3/RES:2,RM2H/HC/RES3F,TOTAL,96.0,1739730666.0,869860877.0,1499647821.0,240082826.0,11482.0,605822.0,2609591544.0,255089.0,8876.0,6311.0,2872.0
USA,United States,RES,MR|MCF,MR/LWAL/CDH+ERH/H:>8/FC:3/RES:2,RM2H/HC/RES3D,TOTAL,14.0,41367923.0,20683498.0,35659149.0,5708773.0,392.0,12340.0,62051421.0,5196.0,149.0,881.0,3352.0
USA,United States,RES,MR|MCF,MR/LWAL/CDH+ERH/H:>8/FC:3/RES:2,RM2H/HC/RES3C,TOTAL,73.0,317162831.0,158581007.0,273394353.0,43768469.0,473.0,96232.0,475743837.0,40520.0,384.0,1318.0,3296.0
USA,United States,RES,MR|MCF,MR/LWAL/CDH+ERH/H:>8/FC:3/RES:2,RM2H/HC/RES3B,TOTAL,9.0,4671699.0,2335549.0,4027005.0,644694.0,43.0,2901.0,7007248.0,1222.0,35.0,322.0,1610.0
USA,United States,RES,MR|MCF,MR/LWAL/CDH+ERH/H:>8/FC:3/RES:3,RM2H/HC/RES4,TOTAL,150.0,1797425235.0,898708027.0,1552975436.0,244449846.0,7367.0,617429.0,2696133262.0,259977.0,0.0,4116.0,2911.0
USA,United States,RES,MR|MCF,MR/LWAL/CDH+ERH/H:>8/FC:3/RES:4,RM2H/HC/RES5,TOTAL,21.0,171485788.0,85741895.0,139246457.0,32239327.0,614.0,53418.0,257227683.0,22492.0,0.0,2544.0,3210.0
USA,United States,COM,MR|MCF,MR/LWAL/CDH+ERS/H:1-3/FC:3/COM:1,RM2L/VC/COM1,TOTAL,526.0,1195748512.0,1195748512.0,844198415.0,351550061.0,150.0,646879.0,2391497024.0,372363.0,0.0,1230.0,1848.0
USA,United States,COM,MR|MCF,MR/LWAL/CDH+ERS/H:1-3/FC:3/COM:1,RM2L/SC/COM1,TOTAL,6.0,7974032.0,7974032.0,5629666.0,2344365.0,2.0,4362.0,15948063.0,2511.0,0.0,727.0,1828.0
USA,United States,COM,MR|MCF,MR/LWAL/CDH+ERS/H:1-3/FC:3/COM:2,RM2L/SC/COM2,TOTAL,6.0,9881374.0,9881374.0,6679809.0,3201565.0,1.0,5513.0,19762748.0,3173.0,0.0,919.0,1792.0
USA,United States,COM,MR|MCF,MR/LWAL/CDH+ERS/H:1-3/FC:3/COM:2,RM2L/VC/COM2,TOTAL,406.0,1499446530.0,1499446530.0,1013625854.0,485820675.0,129.0,810978.0,2998893061.0,466823.0,0.0,1997.0,1849.0
USA,United States,COM,MR|MCF,MR/LWAL/CDH+ERS/H:1-3/FC:3/COM:3,RM2L/SC/COM4,TOTAL,24.0,42703764.0,42703764.0,34504643.0,8199123.0,4.0,16374.0,85407528.0,9425.0,0.0,682.0,2608.0
USA,United States,COM,MR|MCF,MR/LWAL/CDH+ERS/H:1-3/FC:3/COM:3,RM2L/VC/COM4,TOTAL,1122.0,2669413715.0,2669413715.0,2156886347.0,512527439.0,186.0,944613.0,5338827431.0,543748.0,0.0,842.0,2826.0
USA,United States,COM,MR|MCF,MR/LWAL/CDH+ERS/H:1-3/FC:3/COM:3A,RM2L/VC/COM5,TOTAL,84.0,159218488.0,159218488.0,137246334.0,21972151.0,10.0,37780.0,318436975.0,21747.0,0.0,450.0,4214.0
USA,United States,COM,MR|MCF,MR/LWAL/CDH+ERS/H:1-3/FC:3/COM:3A,RM2L/SC/COM5,TOTAL,3.0,3827304.0,3827304.0,3299136.0,528168.0,0.0,968.0,7654608.0,557.0,0.0,323.0,3954.0
USA,United States,COM,MR|MCF,MR/LWAL/CDH+ERS/H:1-3/FC:3/COM:3B,RM2L/VC/COM3,TOTAL,410.0,557544037.0,557544037.0,467221902.0,90322134.0,59.0,246742.0,1115088073.0,142033.0,0.0,602.0,2260.0
USA,United States,COM,MR|MCF,MR/LWAL/CDH+ERS/H:1-3/FC:3/COM:3B,RM2L/SC/COM3,TOTAL,7.0,10587658.0,10587658.0,8872457.0,1715201.0,1.0,4788.0,21175315.0,2756.0,0.0,684.0,2211.0
USA,United States,COM,MR|MCF,MR/LWAL/CDH+ERS/H:1-3/FC:3/COM:5,RM2L/SC/COM8,TOTAL,15.0,30781464.0,30781464.0,27703317.0,3078146.0,2.0,8926.0,61562928.0,5138.0,0.0,595.0,3449.0
USA,United States,COM,MR|MCF,MR/LWAL/CDH+ERS/H:1-3/FC:3/COM:5,RM2L/VC/COM8,TOTAL,364.0,1067860872.0,1067860872.0,961074762.0,106786089.0,78.0,295357.0,2135721744.0,170017.0,0.0,811.0,3615.0
USA,United States,COM,MR|MCF,MR/LWAL/CDH+ERS/H:1-3/FC:3/COM:5A,RM2L/SC/COM9,TOTAL,1.0,705280.0,705280.0,619236.0,86044.0,0.0,244.0,1410560.0,141.0,0.0,244.0,2890.0
USA,United States,COM,MR|MCF,MR/LWAL/CDH+ERS/H:1-3/FC:3/COM:5A,RM2L/VC/COM9,TOTAL,10.0,33737730.0,33737730.0,29621728.0,4116003.0,2.0,11059.0,67475461.0,6366.0,0.0,1106.0,3051.0
USA,United States,IND,MR|MCF,MR/LWAL/CDH+ERS/H:1-3/FC:3/IND:1,RM2L/SC/IND1,TOTAL,9.0,54613806.0,81922009.0,46039438.0,8574368.0,17.0,24241.0,136535815.0,12745.0,0.0,2693.0,2253.0
USA,United States,IND,MR|MCF,MR/LWAL/CDH+ERS/H:1-3/FC:3/IND:1,RM2L/VC/IND1,TOTAL,69.0,378015504.0,567029408.0,318667067.0,59348436.0,155.0,168954.0,945044912.0,88828.0,0.0,2449.0,2237.0
USA,United States,RES,MR|MCF,MR/LWAL/CDH+ERS/H:1-3/FC:3/RES:3,RM2L/VC/RES4,TOTAL,21.0,67503383.0,33750781.0,58322924.0,9180461.0,402.0,22472.0,101254163.0,9423.0,0.0,1070.0,3004.0
USA,United States,RES,MR|MCF,MR/LWAL/CDH+ERS/H:1-3/FC:3/RES:4,RM2L/VC/RES5,TOTAL,13.0,170151482.0,85074022.0,138163000.0,31988477.0,527.0,53657.0,255225505.0,22500.0,0.0,4127.0,3171.0
USA,United States,COM,MR|MCF,MR/LWAL/CDH+ERS/H:1-3/FW:4/COM:1,RM1L/SC/COM1,TOTAL,11.0,18347401.0,18347401.0,12953264.0,5394136.0,2.0,10047.0,36694801.0,5209.0,0.0,913.0,1826.0
USA,United States,COM,MR|MCF,MR/LWAL/CDH+ERS/H:1-3/FW:4/COM:1,RM1L/VC/COM1,TOTAL,518.0,1186846989.0,1186846989.0,837913936.0,348933015.0,147.0,642839.0,2373693978.0,333293.0,0.0,1241.0,1846.0
USA,United States,COM,MR|MCF,MR/LWAL/CDH+ERS/H:1-3/FW:4/COM:2,RM1L/VC/COM2,TOTAL,420.0,1551063247.0,1551063247.0,1048518752.0,502544493.0,130.0,835604.0,3102126494.0,433236.0,0.0,1990.0,1856.0
USA,United States,COM,MR|MCF,MR/LWAL/CDH+ERS/H:1-3/FW:4/COM:2,RM1L/SC/COM2,TOTAL,6.0,17079334.0,17079334.0,11545630.0,5533704.0,2.0,9395.0,34158668.0,4871.0,0.0,1566.0,1818.0
USA,United States,COM,MR|MCF,MR/LWAL/CDH+ERS/H:1-3/FW:4/COM:3,RM1L/VC/COM4,TOTAL,1090.0,2637977837.0,2637977837.0,2131486148.0,506491748.0,177.0,935266.0,5275955674.0,484909.0,0.0,858.0,2821.0
USA,United States,COM,MR|MCF,MR/LWAL/CDH+ERS/H:1-3/FW:4/COM:3,RM1L/SC/COM4,TOTAL,31.0,58514384.0,58514384.0,47279624.0,11234762.0,5.0,22219.0,117028768.0,11520.0,0.0,717.0,2634.0
USA,United States,COM,MR|MCF,MR/LWAL/CDH+ERS/H:1-3/FW:4/COM:3A,RM1L/SC/COM5,TOTAL,2.0,3280429.0,3280429.0,2827730.0,452699.0,0.0,787.0,6560859.0,408.0,0.0,394.0,4168.0
USA,United States,COM,MR|MCF,MR/LWAL/CDH+ERS/H:1-3/FW:4/COM:3A,RM1L/VC/COM5,TOTAL,93.0,168008478.0,168008478.0,144823306.0,23185169.0,10.0,39703.0,336016957.0,20585.0,0.0,427.0,4232.0
USA,United States,COM,MR|MCF,MR/LWAL/CDH+ERS/H:1-3/FW:4/COM:3B,RM1L/SC/COM3,TOTAL,15.0,21096311.0,21096311.0,17678709.0,3417602.0,3.0,9546.0,42192622.0,4949.0,0.0,636.0,2210.0
USA,United States,COM,MR|MCF,MR/LWAL/CDH+ERS/H:1-3/FW:4/COM:3B,RM1L/VC/COM3,TOTAL,375.0,599965790.0,599965790.0,502771332.0,97194458.0,60.0,265817.0,1199931581.0,137819.0,0.0,709.0,2257.0
USA,United States,COM,MR|MCF,MR/LWAL/CDH+ERS/H:1-3/FW:4/COM:4,RM1L/SC/COM10,TOTAL,1.0,75400.0,37120.0,29481.0,45919.0,0.0,58.0,112520.0,30.0,0.0,58.0,1300.0
USA,United States,COM,MR|MCF,MR/LWAL/CDH+ERS/H:1-3/FW:4/COM:4,RM1L/VC/COM10,TOTAL,11.0,32920243.0,16457993.0,12871815.0,20048429.0,7.0,25504.0,49378236.0,13223.0,0.0,2319.0,1291.0
USA,United States,COM,MR|MCF,MR/LWAL/CDH+ERS/H:1-3/FW:4/COM:5,RM1L/SC/COM8,TOTAL,17.0,56015892.0,56015892.0,50414301.0,5601589.0,4.0,15841.0,112031783.0,8213.0,0.0,932.0,3536.0
USA,United States,COM,MR|MCF,MR/LWAL/CDH+ERS/H:1-3/FW:4/COM:5,RM1L/VC/COM8,TOTAL,364.0,1014426332.0,1014426332.0,912983677.0,101442635.0,72.0,278706.0,2028852664.0,144501.0,0.0,766.0,3640.0
USA,United States,COM,MR|MCF,MR/LWAL/CDH+ERS/H:1-3/FW:4/COM:5A,RM1L/VC/COM9,TOTAL,11.0,81322114.0,81322114.0,71400818.0,9921298.0,7.0,26997.0,162644227.0,13997.0,0.0,2454.0,3012.0
USA,United States,IND,MR|MCF,MR/LWAL/CDH+ERS/H:1-3/FW:4/IND:1,RM1L/SC/IND1,TOTAL,6.0,37224811.0,55837144.0,31380516.0,5844296.0,14.0,16687.0,93061955.0,7799.0,0.0,2781.0,2231.0
USA,United States,IND,MR|MCF,MR/LWAL/CDH+ERS/H:1-3/FW:4/IND:1,RM1L/VC/IND1,TOTAL,71.0,363625002.0,545438946.0,306535878.0,57089127.0,135.0,161821.0,909063949.0,75628.0,0.0,2279.0,2247.0
USA,United States,IND,MR|MCF,MR/LWAL/CDH+ERS/H:1-3/FW:4/IND:2,RM1L/VC/IND2,TOTAL,1037.0,3070819691.0,4606240228.0,2588701000.0,482118706.0,1229.0,1644232.0,7677059919.0,768444.0,0.0,1586.0,1868.0
USA,United States,IND,MR|MCF,MR/LWAL/CDH+ERS/H:1-3/FW:4/IND:2,RM1L/SC/IND2,TOTAL,103.0,477345184.0,716021022.0,402401990.0,74943197.0,198.0,255964.0,1193366205.0,119627.0,0.0,2485.0,1865.0
USA,United States,IND,MR|MCF,MR/LWAL/CDH+ERS/H:1-3/FW:4/IND:3,RM1L/SC/IND3,TOTAL,1.0,3390680.0,5086600.0,2858343.0,532337.0,2.0,1065.0,8477280.0,498.0,0.0,1065.0,3184.0
USA,United States,IND,MR|MCF,MR/LWAL/CDH+ERS/H:1-3/FW:4/IND:3,RM1L/VC/IND3,TOTAL,42.0,424761337.0,637148412.0,358073803.0,66687532.0,88.0,132454.0,1061909750.0,61903.0,0.0,3154.0,3207.0
USA,United States,IND,MR|MCF,MR/LWAL/CDH+ERS/H:1-3/FW:4/IND:6,RM1L/SC/IND6,TOTAL,49.0,65289478.0,65289478.0,55039030.0,10250448.0,52.0,34482.0,130578956.0,16116.0,0.0,704.0,1893.0
USA,United States,IND,MR|MCF,MR/LWAL/CDH+ERS/H:1-3/FW:4/IND:6,RM1L/VC/IND6,TOTAL,475.0,811296933.0,811296933.0,683923307.0,127373622.0,472.0,434177.0,1622593867.0,202916.0,0.0,914.0,1869.0
USA,United States,RES,MR|MCF,MR/LWAL/CDH+ERS/H:1-3/FW:4/RES:1,RM1L/VC/RES1,TOTAL,5276.0,2206838767.0,1103416001.0,1690438431.0,516400265.0,12091.0,869075.0,3310254768.0,316453.0,6857.0,165.0,2539.0
USA,United States,RES,MR|MCF,MR/LWAL/CDH+ERS/H:1-3/FW:4/RES:1,RM1L/SC/RES1,TOTAL,69.0,19623861.0,9811912.0,15031877.0,4591983.0,156.0,9583.0,29435773.0,3490.0,62.0,139.0,2048.0
USA,United States,RES,MR|MCF,MR/LWAL/CDH+ERS/H:1-3/FW:4/RES:2,RM1L/VC/RES3C,TOTAL,167.0,291141176.0,145568601.0,250963691.0,40177481.0,1609.0,79536.0,436709777.0,28961.0,622.0,476.0,3660.0
USA,United States,RES,MR|MCF,MR/LWAL/CDH+ERS/H:1-3/FW:4/RES:2,RM1L/SC/RES3A,TOTAL,9.0,3486828.0,1743319.0,3005646.0,481182.0,29.0,1808.0,5230147.0,658.0,12.0,201.0,1929.0
USA,United States,RES,MR|MCF,MR/LWAL/CDH+ERS/H:1-3/FW:4/RES:2,RM1L/SC/RES3B,TOTAL,4.0,1724722.0,862352.0,1486710.0,238012.0,15.0,1016.0,2587074.0,370.0,6.0,254.0,1698.0
USA,United States,RES,MR|MCF,MR/LWAL/CDH+ERS/H:1-3/FW:4/RES:2,RM1L/SC/RES3C,TOTAL,3.0,4092642.0,2046315.0,3527858.0,564785.0,16.0,1224.0,6138958.0,446.0,9.0,408.0,3344.0
USA,United States,RES,MR|MCF,MR/LWAL/CDH+ERS/H:1-3/FW:4/RES:2,RM1L/SC/RES3E,TOTAL,1.0,3744576.0,1872206.0,3227825.0,516752.0,25.0,1230.0,5616782.0,448.0,10.0,1230.0,3044.0
USA,United States,RES,MR|MCF,MR/LWAL/CDH+ERS/H:1-3/FW:4/RES:2,RM1L/VC/RES3A,TOTAL,493.0,264347354.0,132170876.0,227867415.0,36479934.0,2478.0,137694.0,396518230.0,50138.0,906.0,279.0,1920.0
USA,United States,RES,MR|MCF,MR/LWAL/CDH+ERS/H:1-3/FW:4/RES:2,RM1L/VC/RES3B,TOTAL,134.0,66376990.0,33187487.0,57216965.0,9160024.0,718.0,38009.0,99564477.0,13840.0,284.0,284.0,1746.0
USA,United States,RES,MR|MCF,MR/LWAL/CDH+ERS/H:1-3/FW:4/RES:2,RM1L/VC/RES3D,TOTAL,73.0,223585040.0,111790921.0,192730299.0,30854735.0,1351.0,67163.0,335375961.0,24456.0,537.0,920.0,3329.0
USA,United States,RES,MR|MCF,MR/LWAL/CDH+ERS/H:1-3/FW:4/RES:2,RM1L/VC/RES3E,TOTAL,42.0,226637801.0,113316176.0,195361783.0,31276016.0,1313.0,71631.0,339953977.0,26083.0,652.0,1706.0,3164.0
USA,United States,RES,MR|MCF,MR/LWAL/CDH+ERS/H:1-3/FW:4/RES:2,RM1L/VC/RES3F,TOTAL,11.0,136477619.0,68237681.0,117643705.0,18833911.0,866.0,46453.0,204715300.0,16915.0,465.0,4223.0,2938.0
USA,United States,RES,MR|MCF,MR/LWAL/CDH+ERS/H:1-3/FW:4/RES:3,RM1L/VC/RES4,TOTAL,27.0,84776104.0,42385357.0,73246555.0,11529551.0,431.0,28519.0,127161461.0,10385.0,0.0,1056.0,2973.0
USA,United States,RES,MR|MCF,MR/LWAL/CDH+ERS/H:1-3/FW:4/RES:4,RM1L/SC/RES5,TOTAL,5.0,62354989.0,31177494.0,50632251.0,11722738.0,353.0,25498.0,93532483.0,9285.0,0.0,5100.0,2445.0
USA,United States,RES,MR|MCF,MR/LWAL/CDH+ERS/H:1-3/FW:4/RES:4,RM1L/VC/RES5,TOTAL,13.0,168627893.0,84312643.0,136925845.0,31702042.0,203.0,52581.0,252940536.0,19146.0,0.0,4045.0,3207.0
USA,United States,RES,MR|MCF,MR/LWAL/CDH+ERS/H:1-3/FW:4/RES:4,RM1L/VC/RES6,TOTAL,29.0,156412369.0,78202744.0,127632491.0,28779876.0,630.0,42004.0,234615113.0,15295.0,0.0,1448.0,3724.0
USA,United States,COM,MR|MCF,MR/LWAL/CDH+ERS/H:4-7/FC:3/COM:1,RM2M/SC/COM1,TOTAL,144.0,331849916.0,331849916.0,234286032.0,97563876.0,47.0,178578.0,663699833.0,103048.0,0.0,1240.0,1858.0
USA,United States,COM,MR|MCF,MR/LWAL/CDH+ERS/H:4-7/FC:3/COM:1,RM2M/VC/COM1,TOTAL,134.0,379242310.0,379242310.0,267745058.0,111497239.0,37.0,205236.0,758484620.0,118431.0,0.0,1532.0,1848.0
USA,United States,COM,MR|MCF,MR/LWAL/CDH+ERS/H:4-7/FC:3/COM:2,RM2M/SC/COM2,TOTAL,67.0,369892444.0,369892444.0,250047286.0,119845152.0,27.0,198708.0,739784889.0,114664.0,0.0,2966.0,1861.0
USA,United States,COM,MR|MCF,MR/LWAL/CDH+ERS/H:4-7/FC:3/COM:2,RM2M/VC/COM2,TOTAL,87.0,671586635.0,671586635.0,453992554.0,217594070.0,47.0,362860.0,1343173270.0,209387.0,0.0,4171.0,1851.0
USA,United States,COM,MR|MCF,MR/LWAL/CDH+ERS/H:4-7/FC:3/COM:3,RM2M/VC/COM4,TOTAL,188.0,973830241.0,973830241.0,786854859.0,186975405.0,66.0,339924.0,1947660482.0,196152.0,0.0,1808.0,2865.0
USA,United States,COM,MR|MCF,MR/LWAL/CDH+ERS/H:4-7/FC:3/COM:3,RM2M/SC/COM4,TOTAL,202.0,549831793.0,549831793.0,444264103.0,105567705.0,56.0,191641.0,1099663586.0,110586.0,0.0,949.0,2869.0
USA,United States,COM,MR|MCF,MR/LWAL/CDH+ERS/H:4-7/FC:3/COM:3A,RM2M/SC/COM5,TOTAL,21.0,51408172.0,51408172.0,44313843.0,7094327.0,4.0,12135.0,102816344.0,7002.0,0.0,578.0,4236.0
USA,United States,COM,MR|MCF,MR/LWAL/CDH+ERS/H:4-7/FC:3/COM:3A,RM2M/VC/COM5,TOTAL,20.0,47510406.0,47510406.0,40953970.0,6556436.0,3.0,10750.0,95020813.0,6203.0,0.0,538.0,4420.0
USA,United States,COM,MR|MCF,MR/LWAL/CDH+ERS/H:4-7/FC:3/COM:3B,RM2M/VC/COM3,TOTAL,59.0,77151987.0,77151987.0,64653366.0,12498622.0,12.0,33309.0,154303975.0,19221.0,0.0,565.0,2316.0
USA,United States,COM,MR|MCF,MR/LWAL/CDH+ERS/H:4-7/FC:3/COM:3B,RM2M/SC/COM3,TOTAL,73.0,126590833.0,126590833.0,106083118.0,20507715.0,17.0,55465.0,253181666.0,32006.0,0.0,760.0,2282.0
USA,United States,COM,MR|MCF,MR/LWAL/CDH+ERS/H:4-7/FC:3/COM:4,RM2M/SC/COM10,TOTAL,10.0,26999719.0,13498746.0,10556890.0,16442830.0,8.0,20697.0,40498465.0,11943.0,0.0,2070.0,1305.0
USA,United States,IND,MR|MCF,MR/LWAL/CDH+ERS/H:4-7/FC:3/IND:3,RM2M/SC/IND3,TOTAL,8.0,72162651.0,108245096.0,60833114.0,11329537.0,20.0,20303.0,180407747.0,10703.0,0.0,2538.0,3554.0
USA,United States,IND,MR|MCF,MR/LWAL/CDH+ERS/H:4-7/FC:3/IND:3,RM2M/VC/IND3,TOTAL,6.0,58188570.0,87283520.0,49052964.0,9135606.0,20.0,17588.0,145472090.0,9272.0,0.0,2931.0,3308.0
USA,United States,RES,MR|MCF,MR/LWAL/CDH+ERS/H:4-7/FC:3/RES:2,RM2M/SC/RES3B,TOTAL,52.0,26511020.0,13254791.0,22852500.0,3658521.0,262.0,15096.0,39765812.0,6345.0,124.0,290.0,1756.0
USA,United States,RES,MR|MCF,MR/LWAL/CDH+ERS/H:4-7/FC:3/RES:2,RM2M/VC/RES3F,TOTAL,30.0,440397110.0,220196820.0,379622312.0,60774801.0,4758.0,151445.0,660593931.0,63656.0,2231.0,5048.0,2908.0
USA,United States,RES,MR|MCF,MR/LWAL/CDH+ERS/H:4-7/FC:3/RES:2,RM2M/SC/RES3C,TOTAL,95.0,163268164.0,81633238.0,140737157.0,22531006.0,872.0,45421.0,244901402.0,19092.0,424.0,478.0,3595.0
USA,United States,RES,MR|MCF,MR/LWAL/CDH+ERS/H:4-7/FC:3/RES:2,RM2M/SC/RES3D,TOTAL,68.0,243538359.0,121768192.0,209930063.0,33608293.0,1471.0,72253.0,365306551.0,30370.0,706.0,1063.0,3371.0
USA,United States,RES,MR|MCF,MR/LWAL/CDH+ERS/H:4-7/FC:3/RES:2,RM2M/VC/RES3E,TOTAL,40.0,238389077.0,119193488.0,205491382.0,32897692.0,1770.0,74170.0,357582565.0,31176.0,979.0,1854.0,3214.0
USA,United States,RES,MR|MCF,MR/LWAL/CDH+ERS/H:4-7/FC:3/RES:2,RM2M/SC/RES3F,TOTAL,41.0,631062102.0,315527390.0,543975521.0,87086568.0,4817.0,220196.0,946589492.0,92554.0,2893.0,5371.0,2866.0
USA,United States,RES,MR|MCF,MR/LWAL/CDH+ERS/H:4-7/FC:3/RES:2,RM2M/VC/RES3B,TOTAL,69.0,34016511.0,17007861.0,29322232.0,4694278.0,407.0,19005.0,51024372.0,7988.0,177.0,275.0,1790.0
USA,United States,RES,MR|MCF,MR/LWAL/CDH+ERS/H:4-7/FC:3/RES:2,RM2M/VC/RES3C,TOTAL,51.0,96010529.0,48004246.0,82761075.0,13249453.0,628.0,26130.0,144014775.0,10983.0,310.0,512.0,3674.0
USA,United States,RES,MR|MCF,MR/LWAL/CDH+ERS/H:4-7/FC:3/RES:2,RM2M/SC/RES3E,TOTAL,48.0,302590202.0,151291536.0,260832752.0,41757447.0,2054.0,96392.0,453881738.0,40516.0,1037.0,2008.0,3139.0
USA,United States,RES,MR|MCF,MR/LWAL/CDH+ERS/H:4-7/FC:3/RES:2,RM2M/VC/RES3D,TOTAL,37.0,115622989.0,57810717.0,99667016.0,15955972.0,748.0,34374.0,173433707.0,14448.0,356.0,929.0,3364.0
USA,United States,RES,MR|MCF,MR/LWAL/CDH+ERS/H:4-7/FC:3/RES:3,RM2M/SC/RES4,TOTAL,22.0,125635713.0,62816185.0,108549260.0,17086458.0,743.0,41859.0,188451898.0,17594.0,0.0,1903.0,3001.0
USA,United States,RES,MR|MCF,MR/LWAL/CDH+ERS/H:4-7/FC:3/RES:3,RM2M/VC/RES4,TOTAL,10.0,95524271.0,47760808.0,82532973.0,12991302.0,705.0,35474.0,143285079.0,14911.0,0.0,3547.0,2693.0
USA,United States,COM,MR|MCF,MR/LWAL/CDH+ERS/H:>4/FW:4/COM:1,RM1M/SC/COM1,TOTAL,140.0,335638841.0,335638841.0,236961013.0,98677819.0,49.0,180833.0,671277682.0,93912.0,0.0,1292.0,1856.0
USA,United States,COM,MR|MCF,MR/LWAL/CDH+ERS/H:>4/FW:4/COM:1,RM1M/VC/COM1,TOTAL,124.0,340544511.0,340544511.0,240424415.0,100120086.0,41.0,183640.0,681089021.0,95370.0,0.0,1481.0,1854.0
USA,United States,COM,MR|MCF,MR/LWAL/CDH+ERS/H:>4/FW:4/COM:2,RM1M/VC/COM2,TOTAL,90.0,559455847.0,559455847.0,378192160.0,181263696.0,45.0,301573.0,1118911694.0,156616.0,0.0,3351.0,1855.0
USA,United States,COM,MR|MCF,MR/LWAL/CDH+ERS/H:>4/FW:4/COM:2,RM1M/SC/COM2,TOTAL,65.0,485717631.0,485717631.0,328345115.0,157372511.0,33.0,262596.0,971435263.0,136374.0,0.0,4040.0,1850.0
USA,United States,COM,MR|MCF,MR/LWAL/CDH+ERS/H:>4/FW:4/COM:3,RM1M/VC/COM4,TOTAL,167.0,793706825.0,793706825.0,641315128.0,152391713.0,56.0,276398.0,1587413651.0,143542.0,0.0,1655.0,2872.0
USA,United States,COM,MR|MCF,MR/LWAL/CDH+ERS/H:>4/FW:4/COM:3,RM1M/SC/COM4,TOTAL,249.0,752242555.0,752242555.0,607812007.0,144430572.0,68.0,261407.0,1504485111.0,135757.0,0.0,1050.0,2878.0
USA,United States,COM,MR|MCF,MR/LWAL/CDH+ERS/H:>4/FW:4/COM:3A,RM1M/VC/COM5,TOTAL,15.0,31528341.0,31528341.0,27177429.0,4350911.0,2.0,7413.0,63056681.0,3850.0,0.0,494.0,4253.0
USA,United States,COM,MR|MCF,MR/LWAL/CDH+ERS/H:>4/FW:4/COM:3A,RM1M/SC/COM5,TOTAL,25.0,63427712.0,63427712.0,54674686.0,8753024.0,5.0,14755.0,126855423.0,7663.0,0.0,590.0,4299.0
USA,United States,COM,MR|MCF,MR/LWAL/CDH+ERS/H:>4/FW:4/COM:3B,RM1M/VC/COM3,TOTAL,43.0,67688232.0,67688232.0,56722739.0,10965494.0,8.0,29245.0,135376464.0,15188.0,0.0,680.0,2315.0
USA,United States,COM,MR|MCF,MR/LWAL/CDH+ERS/H:>4/FW:4/COM:3B,RM1M/SC/COM3,TOTAL,63.0,108531718.0,108531718.0,90949578.0,17582138.0,14.0,47500.0,217063435.0,24668.0,0.0,754.0,2285.0
USA,United States,COM,MR|MCF,MR/LWAL/CDH+ERS/H:>4/FW:4/COM:5,RM1M/SC/COM8,TOTAL,186.0,600631040.0,600631040.0,540567922.0,60063105.0,60.0,165393.0,1201262080.0,85894.0,0.0,889.0,3632.0
USA,United States,COM,MR|MCF,MR/LWAL/CDH+ERS/H:>4/FW:4/COM:5,RM1M/VC/COM8,TOTAL,113.0,331002969.0,331002969.0,297902664.0,33100298.0,28.0,89967.0,662005938.0,46723.0,0.0,796.0,3679.0
USA,United States,RES,MR|MCF,MR/LWAL/CDH+ERS/H:>4/FW:4/RES:2,RM1M/VC/RES3D,TOTAL,36.0,98381953.0,49189996.0,84805243.0,13576709.0,709.0,29951.0,147571949.0,10924.0,388.0,832.0,3285.0
USA,United States,RES,MR|MCF,MR/LWAL/CDH+ERS/H:>4/FW:4/RES:2,RM1M/VC/RES3F,TOTAL,34.0,494146455.0,247069708.0,425954237.0,68192209.0,4014.0,166755.0,741216163.0,60817.0,2158.0,4905.0,2963.0
USA,United States,RES,MR|MCF,MR/LWAL/CDH+ERS/H:>4/FW:4/RES:2,RM1M/VC/RES3C,TOTAL,48.0,84830968.0,42415121.0,73124294.0,11706673.0,507.0,23090.0,127246088.0,8421.0,220.0,481.0,3674.0
USA,United States,RES,MR|MCF,MR/LWAL/CDH+ERS/H:>4/FW:4/RES:2,RM1M/SC/RES3F,TOTAL,40.0,588660786.0,294326543.0,507425591.0,81235187.0,4199.0,205971.0,882987329.0,75119.0,2518.0,5149.0,2858.0
USA,United States,RES,MR|MCF,MR/LWAL/CDH+ERS/H:>4/FW:4/RES:2,RM1M/VC/RES3B,TOTAL,76.0,36244597.0,18121653.0,31242843.0,5001754.0,442.0,20387.0,54366251.0,7435.0,199.0,268.0,1778.0
USA,United States,RES,MR|MCF,MR/LWAL/CDH+ERS/H:>4/FW:4/RES:2,RM1M/SC/RES3D,TOTAL,80.0,279286794.0,139641992.0,240745214.0,38541577.0,1711.0,83269.0,418928786.0,30369.0,811.0,1041.0,3354.0
USA,United States,RES,MR|MCF,MR/LWAL/CDH+ERS/H:>4/FW:4/RES:2,RM1M/SC/RES3C,TOTAL,92.0,162255475.0,81127128.0,139864218.0,22391255.0,863.0,44907.0,243382603.0,16378.0,411.0,488.0,3613.0
USA,United States,RES,MR|MCF,MR/LWAL/CDH+ERS/H:>4/FW:4/RES:2,RM1M/SC/RES3B,TOTAL,58.0,27887646.0,13943144.0,24039151.0,3848495.0,281.0,16009.0,41830790.0,5839.0,134.0,276.0,1742.0
USA,United States,RES,MR|MCF,MR/LWAL/CDH+ERS/H:>4/FW:4/RES:2,RM1M/SC/RES3E,TOTAL,46.0,304610780.0,152303139.0,262574488.0,42036287.0,1925.0,97700.0,456913919.0,35632.0,1078.0,2124.0,3118.0
USA,United States,RES,MR|MCF,MR/LWAL/CDH+ERS/H:>4/FW:4/RES:2,RM1M/VC/RES3E,TOTAL,51.0,291000342.0,145499175.0,250842292.0,40158046.0,2405.0,90822.0,436499517.0,33124.0,1150.0,1781.0,3204.0
USA,United States,RES,MR|MCF,MR/LWAL/CDH+ERS/H:>4/FW:4/RES:3,RM1M/VC/RES4,TOTAL,9.0,70594926.0,35296690.0,60994018.0,9600911.0,417.0,23940.0,105891616.0,8731.0,0.0,2660.0,2949.0
USA,United States,RES,MR|MCF,MR/LWAL/CDH+ERS/H:>4/FW:4/RES:3,RM1M/SC/RES4,TOTAL,22.0,132239327.0,66117134.0,114254781.0,17984549.0,835.0,43355.0,198356462.0,15812.0,0.0,1971.0,3050.0
USA,United States,RES,MR|MCF,MR/LWAL/CDH+ERS/H:>4/FW:4/RES:4,RM1M/VC/RES6,TOTAL,19.0,132238314.0,66116886.0,107906462.0,24331850.0,721.0,34660.0,198355199.0,12641.0,0.0,1824.0,3815.0
USA,United States,RES,MR|MCF,MR/LWAL/CDH+ERS/H:>4/FW:4/RES:4,RM1M/SC/RES6,TOTAL,27.0,211173925.0,105583321.0,172317918.0,38856002.0,1161.0,57655.0,316757245.0,21027.0,0.0,2135.0,3663.0
USA,United States,RES,MR|MCF,MR/LWAL/CDH+ERS/H:>4/FW:4/RES:4,RM1M/SC/RES5,TOTAL,5.0,35916592.0,17958006.0,29164272.0,6752319.0,146.0,10988.0,53874598.0,4007.0,0.0,2198.0,3269.0
USA,United States,COM,MR|MCF,MR/LWAL/CDH+ERS/H:>8/FC:3/COM:3,RM2H/SC/COM4,TOTAL,57.0,192825239.0,192825239.0,155802798.0,37022446.0,28.0,67757.0,385650477.0,39171.0,0.0,1189.0,2846.0
USA,United States,COM,MR|MCF,MR/LWAL/CDH+ERS/H:>8/FC:3/COM:3,RM2H/VC/COM4,TOTAL,50.0,207973512.0,207973512.0,168042604.0,39930914.0,32.0,72812.0,415947024.0,42093.0,0.0,1456.0,2856.0
USA,United States,COM,MR|MCF,MR/LWAL/CDH+ERS/H:>8/FC:3/COM:3A,RM2H/SC/COM5,TOTAL,10.0,22254235.0,22254235.0,19183151.0,3071084.0,2.0,5263.0,44508471.0,3043.0,0.0,526.0,4228.0
USA,United States,COM,MR|MCF,MR/LWAL/CDH+ERS/H:>8/FC:3/COM:3A,RM2H/VC/COM5,TOTAL,5.0,10135731.0,10135731.0,8737000.0,1398731.0,1.0,2336.0,20271462.0,1351.0,0.0,467.0,4339.0
USA,United States,RES,MR|MCF,MR/LWAL/CDH+ERS/H:>8/FC:3/RES:2,RM2H/SC/RES3E,TOTAL,3.0,13314757.0,6657379.0,11477321.0,1837437.0,78.0,4503.0,19972136.0,1896.0,79.0,1501.0,2957.0
USA,United States,RES,MR|MCF,MR/LWAL/CDH+ERS/H:>8/FC:3/RES:2,RM2H/SC/RES3D,TOTAL,2.0,4984739.0,2492370.0,4296845.0,687894.0,34.0,1520.0,7477109.0,640.0,16.0,760.0,3279.0
USA,United States,RES,MR|MCF,MR/LWAL/CDH+ERS/H:>8/FC:3/RES:2,RM2H/SC/RES3C,TOTAL,6.0,7796419.0,3898138.0,6720513.0,1075906.0,37.0,2033.0,11694557.0,856.0,21.0,339.0,3835.0
USA,United States,RES,MR|MCF,MR/LWAL/CDH+ERS/H:>8/FC:3/RES:2,RM2H/VC/RES3B,TOTAL,1.0,431497.0,215732.0,371950.0,59547.0,4.0,233.0,647229.0,98.0,3.0,233.0,1852.0
USA,United States,RES,MR|MCF,MR/LWAL/CDH+ERS/H:>8/FC:3/RES:2,RM2H/SC/RES3F,TOTAL,22.0,320273171.0,160136152.0,276075470.0,44197697.0,2200.0,112739.0,480409323.0,47470.0,1645.0,5124.0,2841.0
USA,United States,RES,MR|MCF,MR/LWAL/CDH+ERS/H:>8/FC:3/RES:2,RM2H/VC/RES3C,TOTAL,1.0,1742989.0,871494.0,1502456.0,240532.0,6.0,504.0,2614483.0,212.0,5.0,504.0,3458.0
USA,United States,RES,MR|MCF,MR/LWAL/CDH+ERS/H:>8/FC:3/RES:2,RM2H/VC/RES3D,TOTAL,1.0,3298083.0,1648998.0,2842948.0,455135.0,21.0,894.0,4947081.0,376.0,13.0,894.0,3689.0
USA,United States,RES,MR|MCF,MR/LWAL/CDH+ERS/H:>8/FC:3/RES:2,RM2H/VC/RES3E,TOTAL,4.0,27512276.0,13756030.0,23715582.0,3796694.0,183.0,8392.0,41268306.0,3534.0,120.0,2098.0,3278.0
USA,United States,RES,MR|MCF,MR/LWAL/CDH+ERS/H:>8/FC:3/RES:2,RM2H/VC/RES3F,TOTAL,12.0,183160493.0,91579841.0,157884342.0,25276147.0,1231.0,61961.0,274740334.0,26089.0,1014.0,5163.0,2956.0
USA,United States,RES,MR|MCF,MR/LWAL/CDH+ERS/H:>8/FC:3/RES:3,RM2H/SC/RES4,TOTAL,25.0,52777497.0,26388413.0,45599759.0,7177740.0,229.0,17475.0,79165910.0,7358.0,0.0,699.0,3020.0
USA,United States,RES,MR|MCF,MR/LWAL/CDH+ERS/H:>8/FC:3/RES:3,RM2H/VC/RES4,TOTAL,5.0,41143150.0,20571285.0,35547682.0,5595469.0,205.0,13972.0,61714434.0,5883.0,0.0,2794.0,2945.0
USA,United States,COM,MR|MCF,MR/LWAL/CDL+ERL/H:1-3/FC:3/COM:1,RM2L/LC/COM1,TOTAL,8074.0,12559231361.0,12559231361.0,8866816961.0,3692414015.0,2481.0,8089282.0,25118462723.0,4656435.0,0.0,1002.0,1553.0
USA,United States,COM,MR|MCF,MR/LWAL/CDL+ERL/H:1-3/FC:3/COM:2,RM2L/LC/COM2,TOTAL,5861.0,9938632490.0,9938632490.0,6718515560.0,3220116938.0,1608.0,6312520.0,19877264980.0,3633677.0,0.0,1077.0,1574.0
USA,United States,COM,MR|MCF,MR/LWAL/CDL+ERL/H:1-3/FC:3/COM:3,RM2L/LC/COM4,TOTAL,18635.0,23632342282.0,23632342282.0,19094933246.0,4537409761.0,2792.0,10015705.0,47264684563.0,5765344.0,0.0,537.0,2360.0
USA,United States,COM,MR|MCF,MR/LWAL/CDL+ERL/H:1-3/FC:3/COM:3A,RM2L/LC/COM5,TOTAL,2109.0,3001389444.0,3001389444.0,2587197666.0,414191733.0,259.0,854592.0,6002778887.0,491932.0,0.0,405.0,3512.0
USA,United States,COM,MR|MCF,MR/LWAL/CDL+ERL/H:1-3/FC:3/COM:3B,RM2L/LC/COM3,TOTAL,9479.0,9003869771.0,9003869771.0,7545242875.0,1458626908.0,1388.0,4807622.0,18007739541.0,2767417.0,0.0,507.0,1873.0
USA,United States,COM,MR|MCF,MR/LWAL/CDL+ERL/H:1-3/FC:3/COM:4,RM2L/LC/COM10,TOTAL,145.0,164291492.0,82130523.0,64237974.0,100053523.0,44.0,149968.0,246422015.0,86326.0,0.0,1034.0,1096.0
USA,United States,COM,MR|MCF,MR/LWAL/CDL+ERL/H:1-3/FC:3/COM:5,RM2L/LC/COM8,TOTAL,9254.0,17818471549.0,17818471549.0,16036623961.0,1781847184.0,1884.0,5922881.0,35636943098.0,3409393.0,0.0,640.0,3008.0
USA,United States,COM,MR|MCF,MR/LWAL/CDL+ERL/H:1-3/FC:3/COM:5A,RM2L/LC/COM9,TOTAL,104.0,451135739.0,451135739.0,396097189.0,55038561.0,56.0,182232.0,902271478.0,104899.0,0.0,1752.0,2476.0
USA,United States,IND,MR|MCF,MR/LWAL/CDL+ERL/H:1-3/FC:3/IND:1,RM2L/LC/IND1,TOTAL,786.0,2501765297.0,3752701934.0,2108988130.0,392777165.0,1367.0,1307932.0,6254467231.0,687654.0,0.0,1664.0,1913.0
USA,United States,IND,MR|MCF,MR/LWAL/CDL+ERL/H:1-3/FC:3/IND:4,RM2L/LC/IND4,TOTAL,262.0,1080238903.0,1620389201.0,910641388.0,169597514.0,347.0,416753.0,2700628104.0,219111.0,0.0,1591.0,2592.0
USA,United States,IND,MR|MCF,MR/LWAL/CDL+ERL/H:1-3/FC:3/IND:5,RM2L/LC/IND5,TOTAL,570.0,1744969299.0,2617506045.0,1471009108.0,273960188.0,684.0,662489.0,4362475344.0,348308.0,0.0,1162.0,2634.0
USA,United States,IND,MR|MCF,MR/LWAL/CDL+ERL/H:1-3/FC:3/IND:6,RM2L/LC/IND6,TOTAL,403.0,331492208.0,331492208.0,279447929.0,52044278.0,351.0,203857.0,662984415.0,107180.0,0.0,506.0,1626.0
USA,United States,RES,MR|MCF,MR/LWAL/CDL+ERL/H:1-3/FC:3/RES:3,RM2L/LC/RES4,TOTAL,1140.0,3274557309.0,1637227554.0,2829217584.0,445339817.0,16877.0,1388604.0,4911784863.0,582292.0,0.0,1218.0,2358.0
USA,United States,RES,MR|MCF,MR/LWAL/CDL+ERL/H:1-3/FC:3/RES:4,RM2L/LC/RES6,TOTAL,125.0,798928074.0,399450088.0,651925295.0,147002765.0,4564.0,240908.0,1198378162.0,101021.0,0.0,1927.0,3316.0
USA,United States,RES,MR|MCF,MR/LWAL/CDL+ERL/H:1-3/FC:3/RES:4,RM2L/LC/RES5,TOTAL,454.0,4790038256.0,2394991921.0,3889510965.0,900527160.0,18559.0,1879027.0,7185030178.0,787942.0,0.0,4139.0,2549.0
USA,United States,COM,MR|MCF,MR/LWAL/CDL+ERL/H:1-3/FW:4/COM:1,RM1L/LC/COM1,TOTAL,8282.0,12628322609.0,12628322609.0,8915595392.0,3712726843.0,2480.0,8163475.0,25256645218.0,4232526.0,0.0,986.0,1547.0
USA,United States,COM,MR|MCF,MR/LWAL/CDL+ERL/H:1-3/FW:4/COM:2,RM1L/LC/COM2,TOTAL,5814.0,10239326986.0,10239326986.0,6921785032.0,3317541948.0,1615.0,6460223.0,20478653973.0,3349439.0,0.0,1111.0,1585.0
USA,United States,COM,MR|MCF,MR/LWAL/CDL+ERL/H:1-3/FW:4/COM:3,RM1L/LC/COM4,TOTAL,18578.0,23655186485.0,23655186485.0,19113391333.0,4541795847.0,2803.0,10025598.0,47310372969.0,5197984.0,0.0,540.0,2359.0
USA,United States,COM,MR|MCF,MR/LWAL/CDL+ERL/H:1-3/FW:4/COM:3A,RM1L/LC/COM5,TOTAL,2148.0,3179546679.0,3179546679.0,2740769199.0,438777430.0,280.0,904717.0,6359093358.0,469073.0,0.0,421.0,3514.0
USA,United States,COM,MR|MCF,MR/LWAL/CDL+ERL/H:1-3/FW:4/COM:3B,RM1L/LC/COM3,TOTAL,9690.0,9169029178.0,9169029178.0,7683646429.0,1485382731.0,1408.0,4906032.0,18338058355.0,2543641.0,0.0,506.0,1869.0
USA,United States,COM,MR|MCF,MR/LWAL/CDL+ERL/H:1-3/FW:4/COM:4,RM1L/LC/COM10,TOTAL,169.0,199747764.0,99854302.0,78101377.0,121646394.0,49.0,182889.0,299602066.0,94823.0,0.0,1082.0,1092.0
USA,United States,COM,MR|MCF,MR/LWAL/CDL+ERL/H:1-3/FW:4/COM:5,RM1L/LC/COM8,TOTAL,9223.0,17929388574.0,17929388574.0,16136449290.0,1792938886.0,1913.0,5944644.0,35858777147.0,3082130.0,0.0,645.0,3016.0
USA,United States,COM,MR|MCF,MR/LWAL/CDL+ERL/H:1-3/FW:4/COM:5A,RM1L/LC/COM9,TOTAL,139.0,599824405.0,599824405.0,526645840.0,73178578.0,84.0,245788.0,1199648809.0,127434.0,0.0,1768.0,2440.0
USA,United States,IND,MR|MCF,MR/LWAL/CDL+ERL/H:1-3/FW:4/IND:1,RM1L/LC/IND1,TOTAL,775.0,2659130708.0,3988760068.0,2241647176.0,417483536.0,1410.0,1403263.0,6647890776.0,655826.0,0.0,1811.0,1895.0
USA,United States,IND,MR|MCF,MR/LWAL/CDL+ERL/H:1-3/FW:4/IND:2,RM1L/LC/IND2,TOTAL,5725.0,10944163106.0,16416373440.0,9225929444.0,1718233664.0,6180.0,6937068.0,27360536546.0,3242091.0,0.0,1212.0,1578.0
USA,United States,IND,MR|MCF,MR/LWAL/CDL+ERL/H:1-3/FW:4/IND:3,RM1L/LC/IND3,TOTAL,689.0,3297614742.0,4946495878.0,2779889224.0,517725530.0,1097.0,1235849.0,8244110620.0,577584.0,0.0,1794.0,2668.0
USA,United States,IND,MR|MCF,MR/LWAL/CDL+ERL/H:1-3/FW:4/IND:4,RM1L/LC/IND4,TOTAL,252.0,1320486899.0,1980748863.0,1113170446.0,207316450.0,445.0,508980.0,3301235762.0,237876.0,0.0,2020.0,2594.0
USA,United States,IND,MR|MCF,MR/LWAL/CDL+ERL/H:1-3/FW:4/IND:5,RM1L/LC/IND5,TOTAL,637.0,1947590861.0,2921438858.0,1641819089.0,305771776.0,785.0,736788.0,4869029719.0,344344.0,0.0,1157.0,2643.0
USA,United States,IND,MR|MCF,MR/LWAL/CDL+ERL/H:1-3/FW:4/IND:6,RM1L/LC/IND6,TOTAL,7379.0,5720129948.0,5720129948.0,4822069517.0,898060434.0,4797.0,3638573.0,11440259897.0,1700522.0,0.0,493.0,1572.0
USA,United States,RES,MR|MCF,MR/LWAL/CDL+ERL/H:1-3/FW:4/RES:1,RM1L/LC/RES1,TOTAL,575311.0,219967594985.0,109983646624.0,168495171667.0,51472416659.0,1420968.0,109763390.0,329951241609.0,39967636.0,581592.0,191.0,2004.0
USA,United States,RES,MR|MCF,MR/LWAL/CDL+ERL/H:1-3/FW:4/RES:2,RM1L/LC/RES3A,TOTAL,29582.0,12499054757.0,6249428533.0,10774185061.0,1724869513.0,106441.0,8219689.0,18748483289.0,2993008.0,42821.0,278.0,1521.0
USA,United States,RES,MR|MCF,MR/LWAL/CDL+ERL/H:1-3/FW:4/RES:2,RM1L/LC/RES3B,TOTAL,8059.0,3721917550.0,1860872281.0,3208292887.0,513624609.0,45107.0,2617363.0,5582789831.0,953054.0,17909.0,325.0,1422.0
USA,United States,RES,MR|MCF,MR/LWAL/CDL+ERL/H:1-3/FW:4/RES:2,RM1L/LC/RES3C,TOTAL,7950.0,10305628395.0,5152728545.0,8883451576.0,1422176684.0,65148.0,3471279.0,15458356940.0,1263986.0,27692.0,437.0,2969.0
USA,United States,RES,MR|MCF,MR/LWAL/CDL+ERL/H:1-3/FW:4/RES:2,RM1L/LC/RES3D,TOTAL,3119.0,6089353625.0,3044594206.0,5249022757.0,840330779.0,40981.0,2226121.0,9133947831.0,810590.0,18146.0,714.0,2735.0
USA,United States,RES,MR|MCF,MR/LWAL/CDL+ERL/H:1-3/FW:4/RES:2,RM1L/LC/RES3E,TOTAL,992.0,4111340925.0,2055616938.0,3543975829.0,567365033.0,30082.0,1594449.0,6166957863.0,580581.0,13656.0,1607.0,2579.0
USA,United States,RES,MR|MCF,MR/LWAL/CDL+ERL/H:1-3/FW:4/RES:2,RM1L/LC/RES3F,TOTAL,480.0,8498608916.0,4249275591.0,7325800671.0,1172807997.0,28068.0,3939754.0,12747884506.0,1434564.0,12099.0,8208.0,2157.0
USA,United States,RES,MR|MCF,MR/LWAL/CDL+ERL/H:1-3/FW:4/RES:3,RM1L/LC/RES4,TOTAL,1112.0,3440852789.0,1720369852.0,2972896892.0,467956005.0,16807.0,1442152.0,5161222641.0,525126.0,0.0,1297.0,2386.0
USA,United States,RES,MR|MCF,MR/LWAL/CDL+ERL/H:1-3/FW:4/RES:4,RM1L/LC/RES6,TOTAL,1754.0,7559958767.0,3779831072.0,6168926241.0,1391032414.0,40199.0,2513126.0,11339789839.0,915096.0,0.0,1433.0,3008.0
USA,United States,RES,MR|MCF,MR/LWAL/CDL+ERL/H:1-3/FW:4/RES:4,RM1L/LC/RES5,TOTAL,428.0,4541704593.0,2270829360.0,3687864009.0,853840436.0,16875.0,1777441.0,6812533953.0,647212.0,0.0,4153.0,2555.0
USA,United States,COM,MR|MCF,MR/LWAL/CDL+ERL/H:4-7/FC:3/COM:1,RM2M/LC/COM1,TOTAL,773.0,1505976330.0,1505976330.0,1063219244.0,442757040.0,338.0,949655.0,3011952660.0,547997.0,0.0,1229.0,1586.0
USA,United States,COM,MR|MCF,MR/LWAL/CDL+ERL/H:4-7/FC:3/COM:2,RM2M/LC/COM2,TOTAL,518.0,1486437766.0,1486437766.0,1004831925.0,481605838.0,281.0,941844.0,2972875532.0,543489.0,0.0,1818.0,1578.0
USA,United States,COM,MR|MCF,MR/LWAL/CDL+ERL/H:4-7/FC:3/COM:3,RM2M/LC/COM4,TOTAL,2449.0,5694097013.0,5694097013.0,4600830546.0,1093266635.0,1014.0,2359463.0,11388194025.0,1361523.0,0.0,963.0,2413.0
USA,United States,COM,MR|MCF,MR/LWAL/CDL+ERL/H:4-7/FC:3/COM:3A,RM2M/LC/COM5,TOTAL,239.0,476870871.0,476870871.0,411062683.0,65808179.0,55.0,136147.0,953741742.0,78564.0,0.0,570.0,3503.0
USA,United States,COM,MR|MCF,MR/LWAL/CDL+ERL/H:4-7/FC:3/COM:3B,RM2M/LC/COM3,TOTAL,908.0,1134424043.0,1134424043.0,950647348.0,183776696.0,224.0,583746.0,2268848087.0,336850.0,0.0,643.0,1943.0
USA,United States,COM,MR|MCF,MR/LWAL/CDL+ERL/H:4-7/FC:3/COM:4,RM2M/LC/COM10,TOTAL,13.0,25075405.0,12536424.0,9804484.0,15270922.0,8.0,21066.0,37611829.0,12156.0,0.0,1620.0,1190.0
USA,United States,COM,MR|MCF,MR/LWAL/CDL+ERL/H:4-7/FC:3/COM:5,RM2M/LC/COM8,TOTAL,502.0,1265716189.0,1265716189.0,1139144540.0,126571621.0,165.0,414068.0,2531432377.0,238938.0,0.0,825.0,3057.0
USA,United States,IND,MR|MCF,MR/LWAL/CDL+ERL/H:4-7/FC:3/IND:2,RM2M/LC/IND2,TOTAL,238.0,731937285.0,1097914836.0,617023125.0,114914158.0,401.0,446676.0,1829852121.0,235486.0,0.0,1877.0,1639.0
USA,United States,IND,MR|MCF,MR/LWAL/CDL+ERL/H:4-7/FC:3/IND:3,RM2M/LC/IND3,TOTAL,25.0,167978304.0,251972887.0,141605711.0,26372595.0,145.0,63133.0,419951191.0,33283.0,0.0,2525.0,2661.0
USA,United States,IND,MR|MCF,MR/LWAL/CDL+ERL/H:4-7/FC:3/IND:5,RM2M/LC/IND5,TOTAL,45.0,142226380.0,213343766.0,119896837.0,22329542.0,78.0,51865.0,355570145.0,27343.0,0.0,1153.0,2742.0
USA,United States,RES,MR|MCF,MR/LWAL/CDL+ERL/H:4-7/FC:3/RES:2,RM2M/LC/RES3B,TOTAL,2953.0,1581656591.0,790812575.0,1363387963.0,218268604.0,21641.0,886917.0,2372469166.0,372794.0,9285.0,300.0,1783.0
USA,United States,RES,MR|MCF,MR/LWAL/CDL+ERL/H:4-7/FC:3/RES:2,RM2M/LC/RES3F,TOTAL,535.0,7841561658.0,3920740399.0,6759426076.0,1082135483.0,61768.0,3073461.0,11762302057.0,1291845.0,37911.0,5745.0,2551.0
USA,United States,RES,MR|MCF,MR/LWAL/CDL+ERL/H:4-7/FC:3/RES:2,RM2M/LC/RES3E,TOTAL,962.0,4388497647.0,2194215548.0,3782884925.0,605612660.0,36908.0,1587952.0,6582713195.0,667454.0,18826.0,1651.0,2764.0
USA,United States,RES,MR|MCF,MR/LWAL/CDL+ERL/H:4-7/FC:3/RES:2,RM2M/LC/RES3D,TOTAL,1473.0,3171071192.0,1585505795.0,2733463335.0,437607813.0,22935.0,1107602.0,4756576988.0,465552.0,12006.0,752.0,2863.0
USA,United States,RES,MR|MCF,MR/LWAL/CDL+ERL/H:4-7/FC:3/RES:2,RM2M/LC/RES3C,TOTAL,1813.0,2572550531.0,1286249709.0,2217538526.0,355011964.0,18440.0,793465.0,3858800241.0,333514.0,8579.0,438.0,3242.0
USA,United States,RES,MR|MCF,MR/LWAL/CDL+ERL/H:4-7/FC:3/RES:3,RM2M/LC/RES4,TOTAL,330.0,1654914973.0,827438531.0,1429846571.0,225068448.0,11762.0,695450.0,2482353504.0,292314.0,0.0,2107.0,2380.0
USA,United States,RES,MR|MCF,MR/LWAL/CDL+ERL/H:4-7/FC:3/RES:4,RM2M/LC/RES5,TOTAL,58.0,523882965.0,261937692.0,425392950.0,98489994.0,3950.0,191248.0,785820657.0,80386.0,0.0,3297.0,2739.0
USA,United States,COM,MR|MCF,MR/LWAL/CDL+ERL/H:>4/FW:4/COM:1,RM1M/LC/COM1,TOTAL,274.0,599483535.0,599483535.0,423235361.0,176248159.0,164.0,373352.0,1198967070.0,193893.0,0.0,1363.0,1606.0
USA,United States,COM,MR|MCF,MR/LWAL/CDL+ERL/H:>4/FW:4/COM:2,RM1M/LC/COM2,TOTAL,138.0,433986731.0,433986731.0,293375033.0,140611702.0,85.0,275579.0,867973463.0,143117.0,0.0,1997.0,1575.0
USA,United States,COM,MR|MCF,MR/LWAL/CDL+ERL/H:>4/FW:4/COM:3,RM1M/LC/COM4,TOTAL,628.0,1372384391.0,1372384391.0,1108886626.0,263497805.0,258.0,567959.0,2744768782.0,294959.0,0.0,904.0,2416.0
USA,United States,COM,MR|MCF,MR/LWAL/CDL+ERL/H:>4/FW:4/COM:3A,RM1M/LC/COM5,TOTAL,77.0,146694443.0,146694443.0,126450608.0,20243833.0,18.0,41402.0,293388885.0,21502.0,0.0,538.0,3543.0
USA,United States,COM,MR|MCF,MR/LWAL/CDL+ERL/H:>4/FW:4/COM:3B,RM1M/LC/COM3,TOTAL,244.0,308230115.0,308230115.0,258296835.0,49933279.0,78.0,158787.0,616460229.0,82463.0,0.0,651.0,1941.0
USA,United States,COM,MR|MCF,MR/LWAL/CDL+ERL/H:>4/FW:4/COM:4,RM1M/LC/COM10,TOTAL,36.0,25465016.0,12730435.0,9956821.0,15508195.0,10.0,23362.0,38195451.0,12133.0,0.0,649.0,1090.0
USA,United States,COM,MR|MCF,MR/LWAL/CDL+ERL/H:>4/FW:4/COM:5,RM1M/LC/COM8,TOTAL,464.0,2383291363.0,2383291363.0,2144962188.0,238329140.0,425.0,735389.0,4766582726.0,381910.0,0.0,1585.0,3241.0
USA,United States,IND,MR|MCF,MR/LWAL/CDL+ERL/H:>4/FW:4/IND:3,RM1M/LC/IND3,TOTAL,19.0,91340682.0,137015418.0,77000195.0,14340488.0,36.0,33190.0,228356100.0,15540.0,0.0,1747.0,2752.0
USA,United States,IND,MR|MCF,MR/LWAL/CDL+ERL/H:>4/FW:4/IND:4,RM1M/LC/IND4,TOTAL,19.0,112180080.0,168270779.0,94567807.0,17612273.0,92.0,42768.0,280450859.0,20025.0,0.0,2251.0,2623.0
USA,United States,IND,MR|MCF,MR/LWAL/CDL+ERL/H:>4/FW:4/IND:5,RM1M/LC/IND5,TOTAL,24.0,49793779.0,74694594.0,41976155.0,7817624.0,22.0,19303.0,124488373.0,9038.0,0.0,804.0,2580.0
USA,United States,RES,MR|MCF,MR/LWAL/CDL+ERL/H:>4/FW:4/RES:2,RM1M/LC/RES3E,TOTAL,219.0,858757497.0,429373173.0,740248949.0,118508532.0,6895.0,329118.0,1288130671.0,120032.0,3644.0,1503.0,2609.0
USA,United States,RES,MR|MCF,MR/LWAL/CDL+ERL/H:>4/FW:4/RES:2,RM1M/LC/RES3F,TOTAL,94.0,1273444424.0,636714352.0,1097709088.0,175735326.0,10894.0,528693.0,1910158776.0,192818.0,6354.0,5624.0,2409.0
USA,United States,RES,MR|MCF,MR/LWAL/CDL+ERL/H:>4/FW:4/RES:2,RM1M/LC/RES3B,TOTAL,187.0,79431747.0,39713487.0,68470165.0,10961581.0,1098.0,59275.0,119145234.0,21618.0,498.0,317.0,1340.0
USA,United States,RES,MR|MCF,MR/LWAL/CDL+ERL/H:>4/FW:4/RES:2,RM1M/LC/RES3C,TOTAL,325.0,379860767.0,189927818.0,327439978.0,52420785.0,2587.0,133764.0,569788586.0,48785.0,1254.0,412.0,2840.0
USA,United States,RES,MR|MCF,MR/LWAL/CDL+ERL/H:>4/FW:4/RES:2,RM1M/LC/RES3D,TOTAL,313.0,592825045.0,296407421.0,511015184.0,81809853.0,4354.0,220084.0,889232466.0,80266.0,2174.0,703.0,2694.0
USA,United States,RES,MR|MCF,MR/LWAL/CDL+ERL/H:>4/FW:4/RES:3,RM1M/LC/RES4,TOTAL,160.0,1002367154.0,501173384.0,866045244.0,136321941.0,5528.0,426472.0,1503540538.0,155537.0,0.0,2665.0,2350.0
USA,United States,RES,MR|MCF,MR/LWAL/CDL+ERL/H:>4/FW:4/RES:4,RM1M/LC/RES6,TOTAL,99.0,565563673.0,282771117.0,461499950.0,104063716.0,3256.0,190233.0,848334790.0,69379.0,0.0,1922.0,2973.0
USA,United States,RES,MR|MCF,MR/LWAL/CDL+ERL/H:>4/FW:4/RES:4,RM1M/LC/RES5,TOTAL,22.0,225884404.0,112940284.0,183418131.0,42466266.0,1417.0,79514.0,338824688.0,28999.0,0.0,3614.0,2841.0
USA,United States,COM,MR|MCF,MR/LWAL/CDL+ERL/H:>8/FC:3/COM:3,RM2H/LC/COM4,TOTAL,3732.0,33009833257.0,33009833257.0,26671946511.0,6337888061.0,9978.0,12942381.0,66019666515.0,7482106.0,0.0,3468.0,2551.0
USA,United States,COM,MR|MCF,MR/LWAL/CDL+ERL/H:>8/FC:3/COM:3A,RM2H/LC/COM5,TOTAL,671.0,1849014764.0,1849014764.0,1593850710.0,255164031.0,292.0,500693.0,3698029529.0,289456.0,0.0,746.0,3693.0
USA,United States,COM,MR|MCF,MR/LWAL/CDL+ERL/H:>8/FC:3/COM:4,RM2H/LC/COM10,TOTAL,130.0,80806951.0,40400914.0,31595517.0,49211435.0,30.0,67218.0,121207865.0,38860.0,0.0,517.0,1202.0
USA,United States,RES,MR|MCF,MR/LWAL/CDL+ERL/H:>8/FC:3/RES:2,RM2H/LC/RES3C,TOTAL,421.0,654281516.0,327130422.0,563990660.0,90290847.0,3994.0,198345.0,981411938.0,83516.0,2643.0,471.0,3299.0
USA,United States,RES,MR|MCF,MR/LWAL/CDL+ERL/H:>8/FC:3/RES:2,RM2H/LC/RES3B,TOTAL,361.0,194089301.0,97036691.0,167304976.0,26784323.0,1885.0,121427.0,291125991.0,51129.0,1757.0,336.0,1598.0
USA,United States,RES,MR|MCF,MR/LWAL/CDL+ERL/H:>8/FC:3/RES:2,RM2H/LC/RES3F,TOTAL,2400.0,45704728143.0,22852265898.0,39397475114.0,6307252346.0,314211.0,17419061.0,68556994041.0,7334518.0,245413.0,7258.0,2624.0
USA,United States,RES,MR|MCF,MR/LWAL/CDL+ERL/H:>8/FC:3/RES:2,RM2H/LC/RES3D,TOTAL,429.0,1242055415.0,621010673.0,1070651756.0,171403643.0,8099.0,387889.0,1863066089.0,163326.0,5679.0,904.0,3202.0
USA,United States,RES,MR|MCF,MR/LWAL/CDL+ERL/H:>8/FC:3/RES:2,RM2H/LC/RES3E,TOTAL,921.0,4942116058.0,2471025655.0,4260103986.0,682012001.0,36802.0,1690033.0,7413141713.0,711611.0,26182.0,1835.0,2924.0
USA,United States,RES,MR|MCF,MR/LWAL/CDL+ERL/H:>8/FC:3/RES:3,RM2H/LC/RES4,TOTAL,943.0,6395131145.0,3197534077.0,5525393452.0,869737887.0,30785.0,2568918.0,9592665222.0,1081676.0,0.0,2724.0,2489.0
USA,United States,RES,MR|MCF,MR/LWAL/CDL+ERL/H:>8/FC:3/RES:4,RM2H/LC/RES5,TOTAL,130.0,1637953449.0,818964604.0,1330018150.0,307935239.0,8685.0,531850.0,2456918054.0,223942.0,0.0,4091.0,3080.0
USA,United States,COM,MR|MCF,MR/LWAL/CDM+ERM/H:1-3/FC:3/COM:1,RM2L/MC/COM1,TOTAL,12730.0,20524176386.0,20524176386.0,14490067929.0,6034107854.0,3010.0,11409933.0,41048352772.0,6567904.0,0.0,896.0,1799.0
USA,United States,COM,MR|MCF,MR/LWAL/CDM+ERM/H:1-3/FC:3/COM:2,RM2L/MC/COM2,TOTAL,8395.0,19328411024.0,19328411024.0,13066005849.0,6262405188.0,2294.0,10589356.0,38656822048.0,6095552.0,0.0,1261.0,1825.0
USA,United States,COM,MR|MCF,MR/LWAL/CDM+ERM/H:1-3/FC:3/COM:3,RM2L/MC/COM4,TOTAL,21188.0,35150405312.0,35150405312.0,28401528506.0,6748877880.0,3306.0,12863218.0,70300810623.0,7404462.0,0.0,607.0,2733.0
USA,United States,COM,MR|MCF,MR/LWAL/CDM+ERM/H:1-3/FC:3/COM:3A,RM2L/MC/COM5,TOTAL,2405.0,4551725318.0,4551725318.0,3923587174.0,628138078.0,310.0,1112626.0,9103450637.0,640465.0,0.0,463.0,4091.0
USA,United States,COM,MR|MCF,MR/LWAL/CDM+ERM/H:1-3/FC:3/COM:3B,RM2L/MC/COM3,TOTAL,13414.0,15253361495.0,15253361495.0,12782316925.0,2471044571.0,1856.0,6915262.0,30506722990.0,3980642.0,0.0,516.0,2206.0
USA,United States,COM,MR|MCF,MR/LWAL/CDM+ERM/H:1-3/FC:3/COM:4,RM2L/MC/COM10,TOTAL,259.0,411204946.0,205566650.0,160781136.0,250423825.0,89.0,319740.0,616771597.0,184052.0,0.0,1235.0,1286.0
USA,United States,COM,MR|MCF,MR/LWAL/CDM+ERM/H:1-3/FC:3/COM:5,RM2L/MC/COM8,TOTAL,11424.0,24505698146.0,24505698146.0,22055127742.0,2450569855.0,1947.0,6969492.0,49011396293.0,4011857.0,0.0,610.0,3516.0
USA,United States,COM,MR|MCF,MR/LWAL/CDM+ERM/H:1-3/FC:3/COM:5A,RM2L/MC/COM9,TOTAL,87.0,445768802.0,445768802.0,391385016.0,54383794.0,44.0,164502.0,891537604.0,94693.0,0.0,1891.0,2710.0
USA,United States,IND,MR|MCF,MR/LWAL/CDM+ERM/H:1-3/FC:3/IND:1,RM2L/MC/IND1,TOTAL,1668.0,7851873519.0,11777909984.0,6619129336.0,1232744185.0,2926.0,3539448.0,19629783503.0,1860887.0,0.0,2122.0,2218.0
USA,United States,IND,MR|MCF,MR/LWAL/CDM+ERM/H:1-3/FC:3/IND:2,RM2L/MC/IND2,TOTAL,10.0,31354998.0,47032308.0,26432264.0,4922735.0,20.0,21809.0,78387306.0,11466.0,0.0,2181.0,1438.0
USA,United States,IND,MR|MCF,MR/LWAL/CDM+ERM/H:1-3/FC:3/IND:3,RM2L/MC/IND3,TOTAL,244.0,2037336293.0,3056025754.0,1717474481.0,319861808.0,588.0,630773.0,5093362047.0,331633.0,0.0,2585.0,3230.0
USA,United States,IND,MR|MCF,MR/LWAL/CDM+ERM/H:1-3/FC:3/IND:4,RM2L/MC/IND4,TOTAL,292.0,1679345772.0,2519043169.0,1415688471.0,263657295.0,344.0,539643.0,4198388941.0,283721.0,0.0,1848.0,3112.0
USA,United States,IND,MR|MCF,MR/LWAL/CDM+ERM/H:1-3/FC:3/IND:5,RM2L/MC/IND5,TOTAL,948.0,2612045540.0,3918134306.0,2201954378.0,410091163.0,827.0,840153.0,6530179845.0,441717.0,0.0,886.0,3109.0
USA,United States,IND,MR|MCF,MR/LWAL/CDM+ERM/H:1-3/FC:3/IND:6,RM2L/MC/IND6,TOTAL,1842.0,1970017579.0,1970017579.0,1660724807.0,309292770.0,1439.0,1038555.0,3940035157.0,546030.0,0.0,564.0,1897.0
USA,United States,RES,MR|MCF,MR/LWAL/CDM+ERM/H:1-3/FC:3/RES:3,RM2L/MC/RES4,TOTAL,1195.0,3821872465.0,1910861588.0,3302097898.0,519774683.0,20085.0,1401431.0,5732734053.0,587671.0,0.0,1173.0,2727.0
USA,United States,RES,MR|MCF,MR/LWAL/CDM+ERM/H:1-3/FC:3/RES:4,RM2L/MC/RES5,TOTAL,376.0,4815878646.0,2407904059.0,3910493359.0,905385154.0,21088.0,1552831.0,7223782705.0,651157.0,0.0,4130.0,3101.0
USA,United States,RES,MR|MCF,MR/LWAL/CDM+ERM/H:1-3/FC:3/RES:4,RM2L/MC/RES6,TOTAL,1.0,4691501.0,2345607.0,3828265.0,863236.0,36.0,1466.0,7037108.0,615.0,0.0,1466.0,3200.0
USA,United States,COM,MR|MCF,MR/LWAL/CDM+ERM/H:1-3/FW:4/COM:1,RM1L/MC/COM1,TOTAL,16691.0,25327100359.0,25327100359.0,17880932117.0,7446167500.0,3709.0,14323387.0,50654200719.0,7426264.0,0.0,858.0,1768.0
USA,United States,COM,MR|MCF,MR/LWAL/CDM+ERM/H:1-3/FW:4/COM:2,RM1L/MC/COM2,TOTAL,9209.0,20926654552.0,20926654552.0,14146418465.0,6780236101.0,2517.0,11735851.0,41853309105.0,6084698.0,0.0,1274.0,1783.0
USA,United States,COM,MR|MCF,MR/LWAL/CDM+ERM/H:1-3/FW:4/COM:3,RM1L/MC/COM4,TOTAL,27012.0,44576916430.0,44576916430.0,36018149725.0,8558768027.0,4118.0,16576996.0,89153832861.0,8594697.0,0.0,614.0,2689.0
USA,United States,COM,MR|MCF,MR/LWAL/CDM+ERM/H:1-3/FW:4/COM:3A,RM1L/MC/COM5,TOTAL,2813.0,5198233824.0,5198233824.0,4480877491.0,717356249.0,358.0,1303953.0,10396467648.0,676067.0,0.0,464.0,3987.0
USA,United States,COM,MR|MCF,MR/LWAL/CDM+ERM/H:1-3/FW:4/COM:3B,RM1L/MC/COM3,TOTAL,16824.0,18892021138.0,18892021138.0,15831513690.0,3060507435.0,2273.0,8657130.0,37784042276.0,4488481.0,0.0,515.0,2182.0
USA,United States,COM,MR|MCF,MR/LWAL/CDM+ERM/H:1-3/FW:4/COM:4,RM1L/MC/COM10,TOTAL,253.0,391277546.0,195602362.0,152989522.0,238288037.0,74.0,306560.0,586879907.0,158943.0,0.0,1212.0,1276.0
USA,United States,COM,MR|MCF,MR/LWAL/CDM+ERM/H:1-3/FW:4/COM:5,RM1L/MC/COM8,TOTAL,12274.0,26019587861.0,26019587861.0,23417628446.0,2601958831.0,2106.0,7510556.0,52039175722.0,3894014.0,0.0,612.0,3464.0
USA,United States,COM,MR|MCF,MR/LWAL/CDM+ERM/H:1-3/FW:4/COM:5A,RM1L/MC/COM9,TOTAL,237.0,781278896.0,781278896.0,685962888.0,95316026.0,77.0,279516.0,1562557792.0,144921.0,0.0,1179.0,2795.0
USA,United States,IND,MR|MCF,MR/LWAL/CDM+ERM/H:1-3/FW:4/IND:1,RM1L/MC/IND1,TOTAL,1714.0,8177593010.0,12266491551.0,6893710863.0,1283882147.0,3207.0,3708349.0,20444084561.0,1733125.0,0.0,2164.0,2205.0
USA,United States,IND,MR|MCF,MR/LWAL/CDM+ERM/H:1-3/FW:4/IND:2,RM1L/MC/IND2,TOTAL,13852.0,35477051640.0,53215831421.0,29907154374.0,5569897308.0,15241.0,19641491.0,88692883061.0,9179593.0,0.0,1418.0,1806.0
USA,United States,IND,MR|MCF,MR/LWAL/CDM+ERM/H:1-3/FW:4/IND:3,RM1L/MC/IND3,TOTAL,863.0,6347212563.0,9520923930.0,5350700142.0,996512403.0,1702.0,2037077.0,15868136493.0,952044.0,0.0,2360.0,3116.0
USA,United States,IND,MR|MCF,MR/LWAL/CDM+ERM/H:1-3/FW:4/IND:4,RM1L/MC/IND4,TOTAL,277.0,1489359056.0,2234072017.0,1255529671.0,233829379.0,321.0,479641.0,3723431074.0,224164.0,0.0,1732.0,3105.0
USA,United States,IND,MR|MCF,MR/LWAL/CDM+ERM/H:1-3/FW:4/IND:5,RM1L/MC/IND5,TOTAL,1203.0,3436474799.0,5154794751.0,2896948238.0,539526562.0,1218.0,1115023.0,8591269549.0,521116.0,0.0,927.0,3082.0
USA,United States,IND,MR|MCF,MR/LWAL/CDM+ERM/H:1-3/FW:4/IND:6,RM1L/MC/IND6,TOTAL,7977.0,8528569394.0,8528569394.0,7189583944.0,1338985441.0,5777.0,4695040.0,17057138788.0,2194272.0,0.0,589.0,1817.0
USA,United States,RES,MR|MCF,MR/LWAL/CDM+ERM/H:1-3/FW:4/RES:1,RM1L/MC/RES1,TOTAL,222544.0,85335904754.0,42667881290.0,65367300647.0,19968601497.0,586114.0,39051896.0,128003786044.0,14219800.0,243613.0,175.0,2185.0
USA,United States,RES,MR|MCF,MR/LWAL/CDM+ERM/H:1-3/FW:4/RES:2,RM1L/MC/RES3E,TOTAL,946.0,4908956551.0,2454416149.0,4231520486.0,677435986.0,34313.0,1621176.0,7363372700.0,590313.0,14564.0,1714.0,3028.0
USA,United States,RES,MR|MCF,MR/LWAL/CDM+ERM/H:1-3/FW:4/RES:2,RM1L/MC/RES3A,TOTAL,31046.0,13635864354.0,6817811273.0,11754114914.0,1881749234.0,130502.0,7502439.0,20453675627.0,2731847.0,47154.0,242.0,1818.0
USA,United States,RES,MR|MCF,MR/LWAL/CDM+ERM/H:1-3/FW:4/RES:2,RM1L/MC/RES3D,TOTAL,3283.0,8664463638.0,4332147052.0,7468767542.0,1195695950.0,57013.0,2657448.0,12996610690.0,967649.0,23068.0,809.0,3260.0
USA,United States,RES,MR|MCF,MR/LWAL/CDM+ERM/H:1-3/FW:4/RES:2,RM1L/MC/RES3C,TOTAL,9830.0,15477760483.0,7738778553.0,13341829363.0,2135930894.0,94636.0,4418334.0,23216539037.0,1608837.0,37013.0,449.0,3503.0
USA,United States,RES,MR|MCF,MR/LWAL/CDM+ERM/H:1-3/FW:4/RES:2,RM1L/MC/RES3B,TOTAL,12965.0,6296862674.0,3148326172.0,5427895558.0,868967027.0,78739.0,3799761.0,9445188845.0,1383602.0,29485.0,293.0,1657.0
USA,United States,RES,MR|MCF,MR/LWAL/CDM+ERM/H:1-3/FW:4/RES:2,RM1L/MC/RES3F,TOTAL,201.0,2426866504.0,1213410586.0,2091958895.0,334907569.0,17589.0,879792.0,3640277091.0,320355.0,8689.0,4377.0,2758.0
USA,United States,RES,MR|MCF,MR/LWAL/CDM+ERM/H:1-3/FW:4/RES:3,RM1L/MC/RES4,TOTAL,1397.0,4499783124.0,2249803979.0,3887812722.0,611970540.0,23446.0,1643172.0,6749587103.0,598323.0,0.0,1176.0,2738.0
USA,United States,RES,MR|MCF,MR/LWAL/CDM+ERM/H:1-3/FW:4/RES:4,RM1L/MC/RES5,TOTAL,469.0,5760321620.0,2880107053.0,4677381020.0,1082940428.0,29417.0,1890900.0,8640428673.0,688525.0,0.0,4032.0,3046.0
USA,United States,RES,MR|MCF,MR/LWAL/CDM+ERM/H:1-3/FW:4/RES:4,RM1L/MC/RES6,TOTAL,1812.0,8570768037.0,4285206232.0,6993746577.0,1577021321.0,46804.0,2397923.0,12855974269.0,873148.0,0.0,1323.0,3574.0
USA,United States,COM,MR|MCF,MR/LWAL/CDM+ERM/H:4-7/FC:3/COM:1,RM2M/MC/COM1,TOTAL,719.0,1479899941.0,1479899941.0,1044809317.0,435090581.0,275.0,812938.0,2959799882.0,469104.0,0.0,1131.0,1820.0
USA,United States,COM,MR|MCF,MR/LWAL/CDM+ERM/H:4-7/FC:3/COM:2,RM2M/MC/COM2,TOTAL,393.0,1193178091.0,1193178091.0,806588389.0,386589703.0,179.0,649937.0,2386356181.0,375044.0,0.0,1654.0,1836.0
USA,United States,COM,MR|MCF,MR/LWAL/CDM+ERM/H:4-7/FC:3/COM:3,RM2M/MC/COM4,TOTAL,1382.0,2918668231.0,2918668231.0,2358284016.0,560384307.0,414.0,1059604.0,5837336462.0,611443.0,0.0,767.0,2754.0
USA,United States,COM,MR|MCF,MR/LWAL/CDM+ERM/H:4-7/FC:3/COM:3A,RM2M/MC/COM5,TOTAL,119.0,406843589.0,406843589.0,350699169.0,56144414.0,33.0,99073.0,813687177.0,57170.0,0.0,833.0,4107.0
USA,United States,COM,MR|MCF,MR/LWAL/CDM+ERM/H:4-7/FC:3/COM:3B,RM2M/MC/COM3,TOTAL,551.0,708347772.0,708347772.0,593595429.0,114752339.0,133.0,317251.0,1416695544.0,183070.0,0.0,576.0,2233.0
USA,United States,COM,MR|MCF,MR/LWAL/CDM+ERM/H:4-7/FC:3/COM:4,RM2M/MC/COM10,TOTAL,70.0,19707025.0,9852263.0,7705447.0,12001579.0,13.0,15595.0,29559288.0,8999.0,0.0,223.0,1264.0
USA,United States,COM,MR|MCF,MR/LWAL/CDM+ERM/H:4-7/FC:3/COM:5,RM2M/MC/COM8,TOTAL,260.0,723885284.0,723885284.0,651496737.0,72388530.0,90.0,204479.0,1447770568.0,117995.0,0.0,786.0,3540.0
USA,United States,IND,MR|MCF,MR/LWAL/CDM+ERM/H:4-7/FC:3/IND:1,RM2M/MC/IND1,TOTAL,51.0,310837886.0,466258751.0,262036336.0,48801550.0,86.0,137696.0,777096636.0,72593.0,0.0,2700.0,2257.0
USA,United States,IND,MR|MCF,MR/LWAL/CDM+ERM/H:4-7/FC:3/IND:2,RM2M/MC/IND2,TOTAL,107.0,398554910.0,597834746.0,335981786.0,62573123.0,166.0,212768.0,996389655.0,112170.0,0.0,1988.0,1873.0
USA,United States,IND,MR|MCF,MR/LWAL/CDM+ERM/H:4-7/FC:3/IND:3,RM2M/MC/IND3,TOTAL,30.0,295835988.0,443757047.0,249389737.0,46446252.0,74.0,92892.0,739593035.0,48972.0,0.0,3096.0,3185.0
USA,United States,IND,MR|MCF,MR/LWAL/CDM+ERM/H:4-7/FC:3/IND:4,RM2M/MC/IND4,TOTAL,28.0,194862372.0,292293555.0,164268976.0,30593394.0,20.0,61237.0,487155927.0,32284.0,0.0,2187.0,3182.0
USA,United States,IND,MR|MCF,MR/LWAL/CDM+ERM/H:4-7/FC:3/IND:5,RM2M/MC/IND5,TOTAL,24.0,66287273.0,99434646.0,55880171.0,10407102.0,27.0,21783.0,165721919.0,11484.0,0.0,908.0,3043.0
USA,United States,RES,MR|MCF,MR/LWAL/CDM+ERM/H:4-7/FC:3/RES:2,RM2M/MC/RES3D,TOTAL,537.0,1456211778.0,728091766.0,1255254538.0,200957220.0,8457.0,452007.0,2184303544.0,189990.0,4270.0,842.0,3222.0
USA,United States,RES,MR|MCF,MR/LWAL/CDM+ERM/H:4-7/FC:3/RES:2,RM2M/MC/RES3C,TOTAL,680.0,1093916092.0,546952973.0,942955659.0,150960417.0,6086.0,310771.0,1640869066.0,130625.0,2767.0,457.0,3520.0
USA,United States,RES,MR|MCF,MR/LWAL/CDM+ERM/H:4-7/FC:3/RES:2,RM2M/MC/RES3F,TOTAL,169.0,2012947378.0,1006460060.0,1735160619.0,277786730.0,14812.0,750470.0,3019407438.0,315440.0,9284.0,4441.0,2682.0
USA,United States,RES,MR|MCF,MR/LWAL/CDM+ERM/H:4-7/FC:3/RES:2,RM2M/MC/RES3E,TOTAL,487.0,2740726094.0,1370346504.0,2362505857.0,378220192.0,18024.0,903694.0,4111072598.0,379843.0,10065.0,1856.0,3033.0
USA,United States,RES,MR|MCF,MR/LWAL/CDM+ERM/H:4-7/FC:3/RES:2,RM2M/MC/RES3B,TOTAL,543.0,259773518.0,129883254.0,223924769.0,35848744.0,2939.0,151711.0,389656772.0,63768.0,1335.0,279.0,1712.0
USA,United States,RES,MR|MCF,MR/LWAL/CDM+ERM/H:4-7/FC:3/RES:3,RM2M/MC/RES4,TOTAL,165.0,1083041416.0,541509399.0,935747803.0,147293641.0,6183.0,411580.0,1624550814.0,172997.0,0.0,2494.0,2631.0
USA,United States,RES,MR|MCF,MR/LWAL/CDM+ERM/H:4-7/FC:3/RES:4,RM2M/MC/RES5,TOTAL,19.0,155631248.0,77813791.0,126372568.0,29258674.0,614.0,50651.0,233445039.0,21290.0,0.0,2666.0,3073.0
USA,United States,RES,MR|MCF,MR/LWAL/CDM+ERM/H:4-7/FC:3/RES:4,RM2M/MC/RES6,TOTAL,72.0,492992110.0,246490558.0,402281557.0,90710548.0,2670.0,129918.0,739482667.0,54608.0,0.0,1804.0,3795.0
USA,United States,COM,MR|MCF,MR/LWAL/CDM+ERM/H:>4/FW:4/COM:1,RM1M/MC/COM1,TOTAL,650.0,1270809072.0,1270809072.0,897191173.0,373617867.0,245.0,690620.0,2541618145.0,358661.0,0.0,1062.0,1840.0
USA,United States,COM,MR|MCF,MR/LWAL/CDM+ERM/H:>4/FW:4/COM:2,RM1M/MC/COM2,TOTAL,426.0,1347103010.0,1347103010.0,910641628.0,436461376.0,177.0,724129.0,2694206020.0,376062.0,0.0,1700.0,1860.0
USA,United States,COM,MR|MCF,MR/LWAL/CDM+ERM/H:>4/FW:4/COM:3,RM1M/MC/COM4,TOTAL,1486.0,3082804882.0,3082804882.0,2490906426.0,591898543.0,422.0,1096551.0,6165609765.0,569474.0,0.0,738.0,2811.0
USA,United States,COM,MR|MCF,MR/LWAL/CDM+ERM/H:>4/FW:4/COM:3A,RM1M/MC/COM5,TOTAL,133.0,369813266.0,369813266.0,318779032.0,51034230.0,33.0,88311.0,739626533.0,45863.0,0.0,664.0,4188.0
USA,United States,COM,MR|MCF,MR/LWAL/CDM+ERM/H:>4/FW:4/COM:3B,RM1M/MC/COM3,TOTAL,645.0,798552852.0,798552852.0,669187290.0,129365562.0,146.0,355100.0,1597105705.0,184415.0,0.0,551.0,2249.0
USA,United States,COM,MR|MCF,MR/LWAL/CDM+ERM/H:>4/FW:4/COM:4,RM1M/MC/COM10,TOTAL,73.0,60660543.0,30329371.0,23718273.0,36942272.0,14.0,48258.0,90989914.0,25062.0,0.0,661.0,1257.0
USA,United States,COM,MR|MCF,MR/LWAL/CDM+ERM/H:>4/FW:4/COM:5,RM1M/MC/COM8,TOTAL,954.0,3849670163.0,3849670163.0,3464703030.0,384967026.0,518.0,1096804.0,7699340326.0,569604.0,0.0,1150.0,3510.0
USA,United States,COM,MR|MCF,MR/LWAL/CDM+ERM/H:>4/FW:4/COM:5A,RM1M/MC/COM9,TOTAL,23.0,191552379.0,191552379.0,168182993.0,23369390.0,29.0,67262.0,383104758.0,34931.0,0.0,2924.0,2848.0
USA,United States,IND,MR|MCF,MR/LWAL/CDM+ERM/H:>4/FW:4/IND:1,RM1M/MC/IND1,TOTAL,38.0,239396044.0,359095840.0,201810865.0,37585180.0,69.0,105876.0,598491884.0,49574.0,0.0,2786.0,2261.0
USA,United States,IND,MR|MCF,MR/LWAL/CDM+ERM/H:>4/FW:4/IND:2,RM1M/MC/IND2,TOTAL,162.0,463983652.0,695977111.0,391138214.0,72845435.0,202.0,246060.0,1159960764.0,115213.0,0.0,1519.0,1886.0
USA,United States,IND,MR|MCF,MR/LWAL/CDM+ERM/H:>4/FW:4/IND:3,RM1M/MC/IND3,TOTAL,44.0,603409386.0,905120977.0,508674111.0,94735277.0,232.0,190279.0,1508530363.0,89094.0,0.0,4325.0,3171.0
USA,United States,IND,MR|MCF,MR/LWAL/CDM+ERM/H:>4/FW:4/IND:4,RM1M/MC/IND4,TOTAL,54.0,425821433.0,638734476.0,358967460.0,66853968.0,52.0,136483.0,1064555909.0,63906.0,0.0,2527.0,3120.0
USA,United States,IND,MR|MCF,MR/LWAL/CDM+ERM/H:>4/FW:4/IND:5,RM1M/MC/IND5,TOTAL,36.0,97480579.0,146223860.0,82176128.0,15304452.0,40.0,30640.0,243704439.0,14347.0,0.0,851.0,3181.0
USA,United States,IND,MR|MCF,MR/LWAL/CDM+ERM/H:>4/FW:4/IND:6,RM1M/MC/IND6,TOTAL,40.0,56652882.0,56652882.0,47758379.0,8894503.0,41.0,29220.0,113305764.0,13682.0,0.0,730.0,1939.0
USA,United States,RES,MR|MCF,MR/LWAL/CDM+ERM/H:>4/FW:4/RES:2,RM1M/MC/RES3B,TOTAL,1042.0,515373147.0,257680414.0,444251645.0,71121493.0,5592.0,287973.0,773053561.0,105027.0,2599.0,276.0,1790.0
USA,United States,RES,MR|MCF,MR/LWAL/CDM+ERM/H:>4/FW:4/RES:2,RM1M/MC/RES3E,TOTAL,456.0,2672169823.0,1336068603.0,2303410351.0,368759426.0,18431.0,872823.0,4008238426.0,318325.0,9700.0,1914.0,3062.0
USA,United States,RES,MR|MCF,MR/LWAL/CDM+ERM/H:>4/FW:4/RES:2,RM1M/MC/RES3F,TOTAL,146.0,1727598331.0,863790171.0,1489189741.0,238408563.0,14010.0,622904.0,2591388502.0,227178.0,8000.0,4266.0,2773.0
USA,United States,RES,MR|MCF,MR/LWAL/CDM+ERM/H:>4/FW:4/RES:2,RM1M/MC/RES3D,TOTAL,472.0,1370806613.0,685392673.0,1181635283.0,189171307.0,8034.0,410361.0,2056199285.0,149662.0,4106.0,869.0,3340.0
USA,United States,RES,MR|MCF,MR/LWAL/CDM+ERM/H:>4/FW:4/RES:2,RM1M/MC/RES3C,TOTAL,901.0,1455520142.0,727753722.0,1254658348.0,200861775.0,7966.0,395371.0,2183273865.0,144196.0,3672.0,439.0,3681.0
USA,United States,RES,MR|MCF,MR/LWAL/CDM+ERM/H:>4/FW:4/RES:3,RM1M/MC/RES4,TOTAL,132.0,818752351.0,409367330.0,707402049.0,111350327.0,4820.0,293399.0,1228119680.0,107005.0,0.0,2223.0,2791.0
USA,United States,RES,MR|MCF,MR/LWAL/CDM+ERM/H:>4/FW:4/RES:4,RM1M/MC/RES5,TOTAL,23.0,230169319.0,115081404.0,186897483.0,43271830.0,1344.0,73731.0,345250724.0,26890.0,0.0,3206.0,3122.0
USA,United States,RES,MR|MCF,MR/LWAL/CDM+ERM/H:>4/FW:4/RES:4,RM1M/MC/RES6,TOTAL,276.0,1590133340.0,795035008.0,1297548783.0,292584534.0,8936.0,437759.0,2385168349.0,159654.0,0.0,1586.0,3632.0
USA,United States,COM,MR|MCF,MR/LWAL/CDM+ERM/H:>8/FC:3/COM:3,RM2H/MC/COM4,TOTAL,505.0,1681262985.0,1681262985.0,1358460539.0,322802494.0,390.0,603388.0,3362525969.0,348824.0,0.0,1195.0,2786.0
USA,United States,COM,MR|MCF,MR/LWAL/CDM+ERM/H:>8/FC:3/COM:3A,RM2H/MC/COM5,TOTAL,124.0,301707949.0,301707949.0,260072246.0,41635696.0,49.0,72132.0,603415899.0,41700.0,0.0,582.0,4183.0
USA,United States,RES,MR|MCF,MR/LWAL/CDM+ERM/H:>8/FC:3/RES:2,RM2H/MC/RES3D,TOTAL,47.0,126630710.0,63314045.0,109155671.0,17475037.0,759.0,38869.0,189944755.0,16366.0,485.0,827.0,3258.0
USA,United States,RES,MR|MCF,MR/LWAL/CDM+ERM/H:>8/FC:3/RES:2,RM2H/MC/RES3F,TOTAL,100.0,1267246694.0,633616870.0,1092366634.0,174880040.0,9515.0,459403.0,1900863564.0,193438.0,6783.0,4594.0,2758.0
USA,United States,RES,MR|MCF,MR/LWAL/CDM+ERM/H:>8/FC:3/RES:2,RM2H/MC/RES3C,TOTAL,43.0,65256014.0,32627099.0,56250683.0,9005330.0,387.0,18717.0,97883113.0,7881.0,184.0,435.0,3486.0
USA,United States,RES,MR|MCF,MR/LWAL/CDM+ERM/H:>8/FC:3/RES:2,RM2H/MC/RES3E,TOTAL,47.0,257637050.0,128817610.0,222083134.0,35553912.0,1742.0,85702.0,386454660.0,36086.0,1261.0,1823.0,3006.0
USA,United States,RES,MR|MCF,MR/LWAL/CDM+ERM/H:>8/FC:3/RES:2,RM2H/MC/RES3B,TOTAL,12.0,4890514.0,2444861.0,4215623.0,674891.0,54.0,3025.0,7335375.0,1274.0,40.0,252.0,1617.0
USA,United States,RES,MR|MCF,MR/LWAL/CDM+ERM/H:>8/FC:3/RES:3,RM2H/MC/RES4,TOTAL,122.0,1490063359.0,745025005.0,1287414779.0,202648628.0,4939.0,547450.0,2235088364.0,230511.0,0.0,4487.0,2722.0
USA,United States,RES,MR|MCF,MR/LWAL/CDM+ERM/H:>8/FC:3/RES:4,RM2H/MC/RES5,TOTAL,13.0,159263756.0,79629760.0,129322166.0,29941585.0,784.0,51096.0,238893516.0,21515.0,0.0,3930.0,3117.0
USA,United States,COM,MR|MCF,MR/LWAL/CDN+ERL/H:1-3/FC:3/COM:1,RM2L/PC/COM1,TOTAL,1913.0,2434464465.0,2434464465.0,1718731838.0,715732551.0,439.0,1557784.0,4868928930.0,896709.0,0.0,814.0,1563.0
USA,United States,COM,MR|MCF,MR/LWAL/CDN+ERL/H:1-3/FC:3/COM:2,RM2L/PC/COM2,TOTAL,1276.0,2177014129.0,2177014129.0,1471661547.0,705352579.0,313.0,1371631.0,4354028259.0,789553.0,0.0,1075.0,1587.0
USA,United States,COM,MR|MCF,MR/LWAL/CDN+ERL/H:1-3/FC:3/COM:3,RM2L/PC/COM4,TOTAL,4093.0,5054569821.0,5054569821.0,4084092550.0,970477416.0,538.0,2126210.0,10109139642.0,1223913.0,0.0,519.0,2377.0
USA,United States,COM,MR|MCF,MR/LWAL/CDN+ERL/H:1-3/FC:3/COM:3A,RM2L/PC/COM5,TOTAL,484.0,686336961.0,686336961.0,591622451.0,94714498.0,53.0,191869.0,1372673923.0,110446.0,0.0,396.0,3577.0
USA,United States,COM,MR|MCF,MR/LWAL/CDN+ERL/H:1-3/FC:3/COM:3B,RM2L/PC/COM3,TOTAL,2138.0,2014591571.0,2014591571.0,1688227735.0,326363836.0,290.0,1058111.0,4029183143.0,609083.0,0.0,495.0,1904.0
USA,United States,COM,MR|MCF,MR/LWAL/CDN+ERL/H:1-3/FC:3/COM:4,RM2L/PC/COM10,TOTAL,38.0,54534857.0,27262730.0,21323129.0,33211729.0,12.0,48905.0,81797587.0,28151.0,0.0,1287.0,1115.0
USA,United States,COM,MR|MCF,MR/LWAL/CDN+ERL/H:1-3/FC:3/COM:5,RM2L/PC/COM8,TOTAL,5997.0,10714194758.0,10714194758.0,9642775041.0,1071419493.0,1060.0,3475593.0,21428389516.0,2000660.0,0.0,580.0,3083.0
USA,United States,COM,MR|MCF,MR/LWAL/CDN+ERL/H:1-3/FC:3/COM:5A,RM2L/PC/COM9,TOTAL,22.0,42489364.0,42489364.0,37305663.0,5183703.0,5.0,16814.0,84978728.0,9679.0,0.0,764.0,2527.0
USA,United States,IND,MR|MCF,MR/LWAL/CDN+ERL/H:1-3/FC:3/IND:1,RM2L/PC/IND1,TOTAL,431.0,1516278951.0,2274452840.0,1278223143.0,238055804.0,671.0,782771.0,3790731791.0,411547.0,0.0,1816.0,1937.0
USA,United States,IND,MR|MCF,MR/LWAL/CDN+ERL/H:1-3/FC:3/IND:3,RM2L/PC/IND3,TOTAL,143.0,629911673.0,944888468.0,531015538.0,98896136.0,180.0,233062.0,1574800141.0,122534.0,0.0,1630.0,2703.0
USA,United States,IND,MR|MCF,MR/LWAL/CDN+ERL/H:1-3/FC:3/IND:4,RM2L/PC/IND4,TOTAL,143.0,512553825.0,768847973.0,432082873.0,80470953.0,140.0,197382.0,1281401797.0,103775.0,0.0,1380.0,2597.0
USA,United States,IND,MR|MCF,MR/LWAL/CDN+ERL/H:1-3/FC:3/IND:5,RM2L/PC/IND5,TOTAL,369.0,998456830.0,1497717080.0,841699098.0,156757727.0,1065.0,363464.0,2496173910.0,191094.0,0.0,985.0,2747.0
USA,United States,IND,MR|MCF,MR/LWAL/CDN+ERL/H:1-3/FC:3/IND:6,RM2L/PC/IND6,TOTAL,1898.0,1187579295.0,1187579295.0,1001129339.0,186449956.0,966.0,746243.0,2375158590.0,392345.0,0.0,393.0,1591.0
USA,United States,RES,MR|MCF,MR/LWAL/CDN+ERL/H:1-3/FC:3/RES:3,RM2L/PC/RES4,TOTAL,273.0,739301677.0,369635641.0,638756664.0,100545034.0,4012.0,316779.0,1108937318.0,132837.0,0.0,1160.0,2334.0
USA,United States,RES,MR|MCF,MR/LWAL/CDN+ERL/H:1-3/FC:3/RES:4,RM2L/PC/RES5,TOTAL,86.0,947021682.0,473498411.0,768981579.0,178040071.0,4960.0,375451.0,1420520093.0,157440.0,0.0,4366.0,2522.0
USA,United States,COM,MR|MCF,MR/LWAL/CDN+ERL/H:1-3/FW:4/COM:1,RM1L/PC/COM1,TOTAL,1892.0,2465908491.0,2465908491.0,1740931322.0,724977095.0,442.0,1574630.0,4931816983.0,816402.0,0.0,832.0,1566.0
USA,United States,COM,MR|MCF,MR/LWAL/CDN+ERL/H:1-3/FW:4/COM:2,RM1L/PC/COM2,TOTAL,1301.0,2173853058.0,2173853058.0,1469524669.0,704328392.0,323.0,1372786.0,4347706115.0,711751.0,0.0,1055.0,1584.0
USA,United States,COM,MR|MCF,MR/LWAL/CDN+ERL/H:1-3/FW:4/COM:3,RM1L/PC/COM4,TOTAL,4026.0,5017344470.0,5017344470.0,4054014473.0,963330147.0,542.0,2110188.0,10034688939.0,1094075.0,0.0,524.0,2378.0
USA,United States,COM,MR|MCF,MR/LWAL/CDN+ERL/H:1-3/FW:4/COM:3A,RM1L/PC/COM5,TOTAL,481.0,723643709.0,723643709.0,623780867.0,99862830.0,59.0,203938.0,1447287417.0,105737.0,0.0,424.0,3548.0
USA,United States,COM,MR|MCF,MR/LWAL/CDN+ERL/H:1-3/FW:4/COM:3B,RM1L/PC/COM3,TOTAL,2209.0,2069294565.0,2069294565.0,1734068843.0,335225720.0,290.0,1086719.0,4138589129.0,563435.0,0.0,492.0,1904.0
USA,United States,COM,MR|MCF,MR/LWAL/CDN+ERL/H:1-3/FW:4/COM:4,RM1L/PC/COM10,TOTAL,33.0,38813934.0,19400303.0,15176249.0,23637687.0,10.0,33154.0,58214237.0,17190.0,0.0,1005.0,1171.0
USA,United States,COM,MR|MCF,MR/LWAL/CDN+ERL/H:1-3/FW:4/COM:5,RM1L/PC/COM8,TOTAL,5865.0,10296263989.0,10296263989.0,9266637354.0,1029626416.0,1020.0,3339755.0,20592527978.0,1731571.0,0.0,569.0,3083.0
USA,United States,COM,MR|MCF,MR/LWAL/CDN+ERL/H:1-3/FW:4/COM:5A,RM1L/PC/COM9,TOTAL,107.0,280691833.0,280691833.0,246447435.0,34244404.0,31.0,115312.0,561383666.0,59786.0,0.0,1078.0,2434.0
USA,United States,IND,MR|MCF,MR/LWAL/CDN+ERL/H:1-3/FW:4/IND:1,RM1L/PC/IND1,TOTAL,496.0,1736589662.0,2604923170.0,1463945069.0,272644587.0,747.0,888203.0,4341512832.0,415109.0,0.0,1791.0,1955.0
USA,United States,IND,MR|MCF,MR/LWAL/CDN+ERL/H:1-3/FW:4/IND:2,RM1L/PC/IND2,TOTAL,4092.0,7519284903.0,11279037332.0,6338757122.0,1180527767.0,3513.0,4761549.0,18798322235.0,2225346.0,0.0,1164.0,1579.0
USA,United States,IND,MR|MCF,MR/LWAL/CDN+ERL/H:1-3/FW:4/IND:3,RM1L/PC/IND3,TOTAL,331.0,1668061378.0,2502130094.0,1406175731.0,261885646.0,545.0,608412.0,4170191472.0,284346.0,0.0,1838.0,2742.0
USA,United States,IND,MR|MCF,MR/LWAL/CDN+ERL/H:1-3/FW:4/IND:4,RM1L/PC/IND4,TOTAL,160.0,599774756.0,899677627.0,505610118.0,94164640.0,204.0,229910.0,1499452383.0,107451.0,0.0,1437.0,2609.0
USA,United States,IND,MR|MCF,MR/LWAL/CDN+ERL/H:1-3/FW:4/IND:5,RM1L/PC/IND5,TOTAL,377.0,1004631189.0,1506980441.0,846904085.0,157727102.0,919.0,363022.0,2511611631.0,169662.0,0.0,963.0,2767.0
USA,United States,IND,MR|MCF,MR/LWAL/CDN+ERL/H:1-3/FW:4/IND:6,RM1L/PC/IND6,TOTAL,3570.0,2466874828.0,2466874828.0,2079575466.0,387299361.0,2013.0,1554699.0,4933749656.0,726605.0,0.0,435.0,1587.0
USA,United States,RES,MR|MCF,MR/LWAL/CDN+ERL/H:1-3/FW:4/RES:1,RM1L/PC/RES1,TOTAL,30.0,5211847.0,2605901.0,3992275.0,1219572.0,32.0,2654.0,7817749.0,966.0,24.0,88.0,1964.0
USA,United States,RES,MR|MCF,MR/LWAL/CDN+ERL/H:1-3/FW:4/RES:2,RM1L/PC/RES3D,TOTAL,853.0,1505948658.0,752950399.0,1298127723.0,207820910.0,12695.0,569544.0,2258899057.0,207386.0,5427.0,668.0,2644.0
USA,United States,RES,MR|MCF,MR/LWAL/CDN+ERL/H:1-3/FW:4/RES:2,RM1L/PC/RES3B,TOTAL,2533.0,1027729988.0,513838031.0,885903238.0,141826735.0,14867.0,760754.0,1541568019.0,277013.0,5879.0,300.0,1351.0
USA,United States,RES,MR|MCF,MR/LWAL/CDN+ERL/H:1-3/FW:4/RES:2,RM1L/PC/RES3A,TOTAL,10800.0,4697517084.0,2348722865.0,4049259687.0,648257342.0,49075.0,3069658.0,7046239949.0,1117746.0,19536.0,284.0,1530.0
USA,United States,RES,MR|MCF,MR/LWAL/CDN+ERL/H:1-3/FW:4/RES:2,RM1L/PC/RES3C,TOTAL,2054.0,2332600191.0,1166274599.0,2010701342.0,321898818.0,17064.0,821172.0,3498874790.0,299012.0,7278.0,400.0,2841.0
USA,United States,RES,MR|MCF,MR/LWAL/CDN+ERL/H:1-3/FW:4/RES:2,RM1L/PC/RES3E,TOTAL,373.0,1495304219.0,747634277.0,1288952217.0,206351977.0,12645.0,606982.0,2242938496.0,221018.0,5701.0,1627.0,2464.0
USA,United States,RES,MR|MCF,MR/LWAL/CDN+ERL/H:1-3/FW:4/RES:2,RM1L/PC/RES3F,TOTAL,112.0,1106927657.0,553451712.0,954171632.0,152756015.0,7750.0,503129.0,1660379369.0,183202.0,3633.0,4492.0,2200.0
USA,United States,RES,MR|MCF,MR/LWAL/CDN+ERL/H:1-3/FW:4/RES:3,RM1L/PC/RES4,TOTAL,287.0,652415583.0,326193491.0,563687081.0,88728524.0,3630.0,278496.0,978609074.0,101408.0,0.0,970.0,2343.0
USA,United States,RES,MR|MCF,MR/LWAL/CDN+ERL/H:1-3/FW:4/RES:4,RM1L/PC/RES6,TOTAL,957.0,3448436192.0,1724138777.0,2813923877.0,634512260.0,20780.0,1147100.0,5172574969.0,417690.0,0.0,1199.0,3006.0
USA,United States,RES,MR|MCF,MR/LWAL/CDN+ERL/H:1-3/FW:4/RES:4,RM1L/PC/RES5,TOTAL,80.0,844360301.0,422169325.0,685620544.0,158739732.0,3959.0,327417.0,1266529626.0,119221.0,0.0,4093.0,2579.0
USA,United States,COM,MR|MCF,MR/LWAL/CDN+ERL/H:4-7/FC:3/COM:1,RM2M/PC/COM1,TOTAL,253.0,353282977.0,353282977.0,249417773.0,103865195.0,108.0,191237.0,706565954.0,110353.0,0.0,756.0,1847.0
USA,United States,COM,MR|MCF,MR/LWAL/CDN+ERL/H:4-7/FC:3/COM:2,RM2M/PC/COM2,TOTAL,50.0,128970673.0,128970673.0,87184175.0,41786498.0,28.0,76461.0,257941345.0,44122.0,0.0,1529.0,1687.0
USA,United States,COM,MR|MCF,MR/LWAL/CDN+ERL/H:4-7/FC:3/COM:3,RM2M/PC/COM4,TOTAL,254.0,524970093.0,524970093.0,424175847.0,100794259.0,89.0,213657.0,1049940185.0,123291.0,0.0,841.0,2457.0
USA,United States,COM,MR|MCF,MR/LWAL/CDN+ERL/H:4-7/FC:3/COM:3A,RM2M/PC/COM5,TOTAL,19.0,32515799.0,32515799.0,28028619.0,4487180.0,5.0,9208.0,65031599.0,5313.0,0.0,485.0,3531.0
USA,United States,COM,MR|MCF,MR/LWAL/CDN+ERL/H:4-7/FC:3/COM:3B,RM2M/PC/COM3,TOTAL,90.0,113073024.0,113073024.0,94755194.0,18317830.0,31.0,57268.0,226146048.0,33047.0,0.0,636.0,1974.0
USA,United States,COM,MR|MCF,MR/LWAL/CDN+ERL/H:4-7/FC:3/COM:5,RM2M/PC/COM8,TOTAL,64.0,171646238.0,171646238.0,154481611.0,17164624.0,29.0,54671.0,343292477.0,31548.0,0.0,854.0,3140.0
USA,United States,IND,MR|MCF,MR/LWAL/CDN+ERL/H:4-7/FC:3/IND:2,RM2M/PC/IND2,TOTAL,20.0,49410721.0,74117835.0,41653237.0,7757484.0,17.0,29685.0,123528556.0,15650.0,0.0,1484.0,1665.0
USA,United States,RES,MR|MCF,MR/LWAL/CDN+ERL/H:4-7/FC:3/RES:2,RM2M/PC/RES3B,TOTAL,27.0,10549970.0,5274730.0,9094074.0,1455896.0,144.0,7466.0,15824701.0,3138.0,77.0,277.0,1413.0
USA,United States,RES,MR|MCF,MR/LWAL/CDN+ERL/H:4-7/FC:3/RES:2,RM2M/PC/RES3C,TOTAL,41.0,48317387.0,24158368.0,41649586.0,6667799.0,291.0,16200.0,72475755.0,6809.0,158.0,395.0,2983.0
USA,United States,RES,MR|MCF,MR/LWAL/CDN+ERL/H:4-7/FC:3/RES:2,RM2M/PC/RES3D,TOTAL,25.0,54498237.0,27248411.0,46977479.0,7520756.0,340.0,19785.0,81746648.0,8316.0,230.0,791.0,2755.0
USA,United States,RES,MR|MCF,MR/LWAL/CDN+ERL/H:4-7/FC:3/RES:2,RM2M/PC/RES3E,TOTAL,62.0,272473421.0,136234822.0,234872085.0,37601331.0,2056.0,107201.0,408708243.0,45059.0,1099.0,1729.0,2542.0
USA,United States,RES,MR|MCF,MR/LWAL/CDN+ERL/H:4-7/FC:3/RES:2,RM2M/PC/RES3F,TOTAL,19.0,170541964.0,85267906.0,147007171.0,23534790.0,1509.0,70956.0,255809869.0,29824.0,895.0,3735.0,2403.0
USA,United States,RES,MR|MCF,MR/LWAL/CDN+ERL/H:4-7/FC:3/RES:3,RM2M/PC/RES4,TOTAL,21.0,104787137.0,52392932.0,90536089.0,14251051.0,617.0,43177.0,157180069.0,18148.0,0.0,2056.0,2427.0
USA,United States,RES,MR|MCF,MR/LWAL/CDN+ERL/H:4-7/FC:3/RES:4,RM2M/PC/RES5,TOTAL,6.0,59741892.0,29870486.0,48510414.0,11231475.0,435.0,23886.0,89612377.0,10040.0,0.0,3981.0,2501.0
USA,United States,RES,MR|MCF,MR/LWAL/CDN+ERL/H:4-7/FC:3/RES:4,RM2M/PC/RES6,TOTAL,21.0,125620742.0,62808487.0,102506523.0,23114217.0,682.0,39597.0,188429229.0,16643.0,0.0,1886.0,3172.0
USA,United States,COM,MR|MCF,MR/LWAL/CDN+ERL/H:>4/FW:4/COM:1,RM1M/PC/COM1,TOTAL,252.0,359762442.0,359762442.0,253992274.0,105770157.0,109.0,197295.0,719524885.0,102462.0,0.0,783.0,1823.0
USA,United States,COM,MR|MCF,MR/LWAL/CDN+ERL/H:>4/FW:4/COM:2,RM1M/PC/COM2,TOTAL,167.0,316662663.0,316662663.0,214063958.0,102598704.0,91.0,169320.0,633325325.0,87933.0,0.0,1014.0,1870.0
USA,United States,COM,MR|MCF,MR/LWAL/CDN+ERL/H:>4/FW:4/COM:3,RM1M/PC/COM4,TOTAL,251.0,494766800.0,494766800.0,399771585.0,94995227.0,92.0,200343.0,989533599.0,104045.0,0.0,798.0,2470.0
USA,United States,COM,MR|MCF,MR/LWAL/CDN+ERL/H:>4/FW:4/COM:3A,RM1M/PC/COM5,TOTAL,29.0,43332665.0,43332665.0,37352757.0,5979908.0,6.0,11820.0,86665329.0,6138.0,0.0,408.0,3666.0
USA,United States,COM,MR|MCF,MR/LWAL/CDN+ERL/H:>4/FW:4/COM:3B,RM1M/PC/COM3,TOTAL,249.0,293090375.0,293090375.0,245609733.0,47480641.0,75.0,134440.0,586180750.0,69819.0,0.0,540.0,2180.0
USA,United States,COM,MR|MCF,MR/LWAL/CDN+ERL/H:>4/FW:4/COM:4,RM1M/PC/COM10,TOTAL,13.0,14550639.0,7274685.0,5689300.0,8861340.0,5.0,12754.0,21825324.0,6623.0,0.0,981.0,1141.0
USA,United States,COM,MR|MCF,MR/LWAL/CDN+ERL/H:>4/FW:4/COM:5,RM1M/PC/COM8,TOTAL,338.0,833291343.0,833291343.0,749962189.0,83329135.0,144.0,239419.0,1666582686.0,124338.0,0.0,708.0,3480.0
USA,United States,COM,MR|MCF,MR/LWAL/CDN+ERL/H:>4/FW:4/COM:5A,RM1M/PC/COM9,TOTAL,11.0,28898091.0,28898091.0,25372525.0,3525567.0,5.0,10355.0,57796183.0,5378.0,0.0,941.0,2791.0
USA,United States,IND,MR|MCF,MR/LWAL/CDN+ERL/H:>4/FW:4/IND:2,RM1M/PC/IND2,TOTAL,86.0,184210430.0,276315445.0,155289394.0,28921038.0,156.0,100978.0,460525875.0,47281.0,0.0,1174.0,1824.0
USA,United States,IND,MR|MCF,MR/LWAL/CDN+ERL/H:>4/FW:4/IND:3,RM1M/PC/IND3,TOTAL,11.0,24178179.0,36268497.0,20382205.0,3795974.0,13.0,7785.0,60446676.0,3645.0,0.0,708.0,3106.0
USA,United States,IND,MR|MCF,MR/LWAL/CDN+ERL/H:>4/FW:4/IND:5,RM1M/PC/IND5,TOTAL,42.0,128027511.0,192045926.0,107927191.0,20100320.0,61.0,43342.0,320073438.0,20294.0,0.0,1032.0,2954.0
USA,United States,IND,MR|MCF,MR/LWAL/CDN+ERL/H:>4/FW:4/IND:6,RM1M/PC/IND6,TOTAL,255.0,254608707.0,254608707.0,214635139.0,39973568.0,228.0,131533.0,509217414.0,61588.0,0.0,516.0,1936.0
USA,United States,RES,MR|MCF,MR/LWAL/CDN+ERL/H:>4/FW:4/RES:2,RM1M/PC/RES3C,TOTAL,35.0,46304534.0,23151928.0,39914508.0,6390025.0,321.0,15409.0,69456462.0,5620.0,152.0,440.0,3005.0
USA,United States,RES,MR|MCF,MR/LWAL/CDN+ERL/H:>4/FW:4/RES:2,RM1M/PC/RES3B,TOTAL,28.0,10620080.0,5309630.0,9154509.0,1465571.0,143.0,7446.0,15929710.0,2716.0,75.0,266.0,1426.0
USA,United States,RES,MR|MCF,MR/LWAL/CDN+ERL/H:>4/FW:4/RES:2,RM1M/PC/RES3D,TOTAL,24.0,58607322.0,29303186.0,50519511.0,8087810.0,371.0,20537.0,87910508.0,7490.0,206.0,856.0,2854.0
USA,United States,RES,MR|MCF,MR/LWAL/CDN+ERL/H:>4/FW:4/RES:2,RM1M/PC/RES3E,TOTAL,75.0,323561814.0,161777803.0,278910278.0,44651529.0,2677.0,128087.0,485339617.0,46714.0,1499.0,1708.0,2526.0
USA,United States,RES,MR|MCF,MR/LWAL/CDN+ERL/H:>4/FW:4/RES:2,RM1M/PC/RES3F,TOTAL,22.0,199929577.0,99962475.0,172339292.0,27590281.0,1676.0,84951.0,299892053.0,30982.0,1122.0,3861.0,2353.0
USA,United States,RES,MR|MCF,MR/LWAL/CDN+ERL/H:>4/FW:4/RES:3,RM1M/PC/RES4,TOTAL,19.0,102098155.0,51048800.0,88212809.0,13885350.0,512.0,41393.0,153146955.0,15096.0,0.0,2179.0,2467.0
USA,United States,RES,MR|MCF,MR/LWAL/CDN+ERL/H:>4/FW:4/RES:4,RM1M/PC/RES5,TOTAL,7.0,73082169.0,36540341.0,59342720.0,13739448.0,489.0,28612.0,109622510.0,10435.0,0.0,4087.0,2554.0
USA,United States,RES,MR|MCF,MR/LWAL/CDN+ERL/H:>4/FW:4/RES:4,RM1M/PC/RES6,TOTAL,39.0,207465085.0,103727947.0,169291504.0,38173576.0,1263.0,63767.0,311193032.0,23256.0,0.0,1635.0,3253.0
USA,United States,COM,MR|MCF,MR/LWAL/CDN+ERL/H:>8/FC:3/COM:3,RM2H/PC/COM4,TOTAL,9532.0,36468120757.0,36468120757.0,29466242618.0,7001879220.0,9421.0,13981625.0,72936241514.0,8082905.0,0.0,1467.0,2608.0
USA,United States,COM,MR|MCF,MR/LWAL/CDN+ERL/H:>8/FC:3/COM:3A,RM2H/PC/COM5,TOTAL,1224.0,3066739524.0,3066739524.0,2643529436.0,423210044.0,450.0,819639.0,6133479048.0,473842.0,0.0,670.0,3742.0
USA,United States,COM,MR|MCF,MR/LWAL/CDN+ERL/H:>8/FC:3/COM:4,RM2H/PC/COM10,TOTAL,80.0,102624964.0,51305439.0,40126361.0,62498606.0,46.0,89346.0,153930403.0,51652.0,0.0,1117.0,1149.0
USA,United States,RES,MR|MCF,MR/LWAL/CDN+ERL/H:>8/FC:3/RES:2,RM2H/PC/RES3F,TOTAL,5811.0,96649813197.0,48324691710.0,83312137646.0,13337673911.0,836483.0,34164495.0,144974504906.0,14385395.0,517667.0,5879.0,2829.0
USA,United States,RES,MR|MCF,MR/LWAL/CDN+ERL/H:>8/FC:3/RES:2,RM2H/PC/RES3D,TOTAL,1610.0,4581696992.0,2290809780.0,3949422750.0,632274167.0,29639.0,1301548.0,6872506773.0,548035.0,19991.0,808.0,3520.0
USA,United States,RES,MR|MCF,MR/LWAL/CDN+ERL/H:>8/FC:3/RES:2,RM2H/PC/RES3B,TOTAL,956.0,443964359.0,221965020.0,382697273.0,61267080.0,5500.0,259239.0,665929379.0,109157.0,3886.0,271.0,1713.0
USA,United States,RES,MR|MCF,MR/LWAL/CDN+ERL/H:>8/FC:3/RES:2,RM2H/PC/RES3E,TOTAL,3209.0,19549178649.0,9774510296.0,16851391774.0,2697786585.0,144231.0,6151829.0,29323688945.0,2590307.0,90311.0,1917.0,3178.0
USA,United States,RES,MR|MCF,MR/LWAL/CDN+ERL/H:>8/FC:3/RES:2,RM2H/PC/RES3C,TOTAL,1089.0,1763223764.0,881582616.0,1519898866.0,243324874.0,10615.0,477175.0,2644806381.0,200922.0,6660.0,438.0,3695.0
USA,United States,RES,MR|MCF,MR/LWAL/CDN+ERL/H:>8/FC:3/RES:3,RM2H/PC/RES4,TOTAL,1712.0,12433210364.0,6216545192.0,10742294022.0,1690916705.0,57197.0,4941049.0,18649755556.0,2080492.0,0.0,2886.0,2516.0
USA,United States,RES,MR|MCF,MR/LWAL/CDN+ERL/H:>8/FC:3/RES:4,RM2H/PC/RES5,TOTAL,195.0,2271401545.0,1135682201.0,1844377998.0,427023475.0,13978.0,708351.0,3407083746.0,298260.0,0.0,3633.0,3207.0
USA,United States,COM,MUR,MUR/LWAL/CDN+ERL/H:1-2/COM:1,URML/PC/COM1,TOTAL,270548.0,324709839216.0,324709839216.0,229245136835.0,95464692675.0,53582.0,210349388.0,649419678432.0,124340225.0,0.0,777.0,1544.0
USA,United States,COM,MUR,MUR/LWAL/CDN+ERL/H:1-2/COM:1,URML/LC/COM1,TOTAL,128901.0,202474564977.0,202474564977.0,142947036743.0,59527522041.0,34327.0,134159522.0,404949129954.0,79303419.0,0.0,1041.0,1509.0
USA,United States,COM,MUR,MUR/LWAL/CDN+ERL/H:1-2/COM:2,URML/PC/COM2,TOTAL,142261.0,261939615863.0,261939615863.0,177071180006.0,84868435777.0,37371.0,166976552.0,523879231725.0,98701987.0,0.0,1174.0,1569.0
USA,United States,COM,MUR,MUR/LWAL/CDN+ERL/H:1-2/COM:2,URML/LC/COM2,TOTAL,78538.0,162202211986.0,162202211986.0,109648695130.0,52553516844.0,22718.0,105417530.0,324404423971.0,62313657.0,0.0,1342.0,1539.0
USA,United States,COM,MUR,MUR/LWAL/CDN+ERL/H:1-2/COM:3,URML/PC/COM4,TOTAL,614105.0,817677035024.0,817677035024.0,660683067056.0,156993992073.0,81515.0,343419927.0,1635354070049.0,202999859.0,0.0,559.0,2381.0
USA,United States,COM,MUR,MUR/LWAL/CDN+ERL/H:1-2/COM:3,URML/LC/COM4,TOTAL,300934.0,438122528926.0,438122528926.0,354003015963.0,84119526257.0,44491.0,189180465.0,876245057852.0,111826988.0,0.0,629.0,2316.0
USA,United States,COM,MUR,MUR/LWAL/CDN+ERL/H:1-2/COM:3A,URML/LC/COM5,TOTAL,34031.0,56795528720.0,56795528720.0,48957745102.0,7837782765.0,4250.0,16562100.0,113591057440.0,9790110.0,0.0,487.0,3429.0
USA,United States,COM,MUR,MUR/LWAL/CDN+ERL/H:1-2/COM:3A,URML/PC/COM5,TOTAL,48114.0,78317458997.0,78317458997.0,67509648756.0,10807809071.0,5704.0,22389461.0,156634917993.0,13234755.0,0.0,465.0,3498.0
USA,United States,COM,MUR,MUR/LWAL/CDN+ERL/H:1-2/COM:3B,URML/LC/COM3,TOTAL,109310.0,113500533919.0,113500533919.0,95113447427.0,18387086545.0,15299.0,61344605.0,227001067837.0,36261635.0,0.0,561.0,1850.0
USA,United States,COM,MUR,MUR/LWAL/CDN+ERL/H:1-2/COM:3B,URML/PC/COM3,TOTAL,244892.0,242631864186.0,242631864186.0,203325502050.0,39306362112.0,32831.0,127736892.0,485263728372.0,75506979.0,0.0,522.0,1899.0
USA,United States,COM,MUR,MUR/LWAL/CDN+ERL/H:1-2/COM:4,URML/LC/COM10,TOTAL,1251.0,1628425604.0,814019786.0,636714414.0,991711237.0,387.0,1470401.0,2442445390.0,869175.0,0.0,1175.0,1107.0
USA,United States,COM,MUR,MUR/LWAL/CDN+ERL/H:1-2/COM:4,URML/PC/COM10,TOTAL,3818.0,5182585737.0,2590746043.0,2026391038.0,3156194856.0,1215.0,4482157.0,7773331781.0,2649465.0,0.0,1174.0,1156.0
USA,United States,COM,MUR,MUR/LWAL/CDN+ERL/H:1-2/COM:5,URML/LC/COM8,TOTAL,79467.0,153517966600.0,153517966600.0,138166166393.0,15351796925.0,14094.0,52370537.0,307035933200.0,30956939.0,0.0,659.0,2931.0
USA,United States,COM,MUR,MUR/LWAL/CDN+ERL/H:1-2/COM:5,URML/PC/COM8,TOTAL,141173.0,248469041703.0,248469041703.0,223622131772.0,24846904597.0,22594.0,82474359.0,496938083405.0,48751715.0,0.0,584.0,3013.0
USA,United States,COM,MUR,MUR/LWAL/CDN+ERL/H:1-2/COM:5A,URML/LC/COM9,TOTAL,1333.0,5307801347.0,5307801347.0,4660249682.0,647551771.0,562.0,2189745.0,10615602693.0,1294388.0,0.0,1643.0,2424.0
USA,United States,COM,MUR,MUR/LWAL/CDN+ERL/H:1-2/COM:5A,URML/PC/COM9,TOTAL,2685.0,7261255225.0,7261255225.0,6375382236.0,885873146.0,756.0,2946390.0,14522510450.0,1741652.0,0.0,1097.0,2464.0
USA,United States,IND,MUR,MUR/LWAL/CDN+ERL/H:1-2/IND:1,URML/PC/IND1,TOTAL,16296.0,69076205009.0,103615763743.0,58231240469.0,10844964551.0,33498.0,36288190.0,172691968752.0,19675170.0,0.0,2227.0,1904.0
USA,United States,IND,MUR,MUR/LWAL/CDN+ERL/H:1-2/IND:1,URML/LC/IND1,TOTAL,8023.0,37227251669.0,55841608863.0,31382572953.0,5844678705.0,19124.0,20060949.0,93068860531.0,10876888.0,0.0,2500.0,1856.0
USA,United States,IND,MUR,MUR/LWAL/CDN+ERL/H:1-2/IND:2,URML/PC/IND2,TOTAL,122624.0,311969207657.0,467956995877.0,262990040382.0,48979167230.0,120464.0,191473784.0,779926203534.0,103815502.0,0.0,1561.0,1629.0
USA,United States,IND,MUR,MUR/LWAL/CDN+ERL/H:1-2/IND:2,URML/LC/IND2,TOTAL,54694.0,159344738920.0,239018580975.0,134327614074.0,25017124857.0,67066.0,101134642.0,398363319895.0,54834371.0,0.0,1849.0,1576.0
USA,United States,IND,MUR,MUR/LWAL/CDN+ERL/H:1-2/IND:3,URML/PC/IND3,TOTAL,5877.0,38210288573.0,57316439865.0,32211273050.0,5999015503.0,14904.0,14342228.0,95526728437.0,7776245.0,0.0,2440.0,2664.0
USA,United States,IND,MUR,MUR/LWAL/CDN+ERL/H:1-2/IND:3,URML/LC/IND3,TOTAL,2594.0,18574033350.0,27861497322.0,15657910055.0,2916123345.0,7588.0,7102284.0,46435530672.0,3850803.0,0.0,2738.0,2615.0
USA,United States,IND,MUR,MUR/LWAL/CDN+ERL/H:1-2/IND:4,URML/LC/IND4,TOTAL,1621.0,8483627586.0,12725657729.0,7151698019.0,1331929574.0,2957.0,3245323.0,21209285316.0,1759590.0,0.0,2002.0,2614.0
USA,United States,IND,MUR,MUR/LWAL/CDN+ERL/H:1-2/IND:4,URML/PC/IND4,TOTAL,3534.0,18731085565.0,28097074929.0,15790305023.0,2940780536.0,5733.0,6949472.0,46828160494.0,3767950.0,0.0,1966.0,2695.0
USA,United States,IND,MUR,MUR/LWAL/CDN+ERL/H:1-2/IND:5,URML/LC/IND5,TOTAL,7420.0,22543034538.0,33815202407.0,19003777984.0,3539256535.0,7939.0,8557156.0,56358236946.0,4639629.0,0.0,1153.0,2634.0
USA,United States,IND,MUR,MUR/LWAL/CDN+ERL/H:1-2/IND:5,URML/PC/IND5,TOTAL,12964.0,35117076219.0,52676839042.0,29603695071.0,5513381154.0,11940.0,13174563.0,87793915261.0,7143156.0,0.0,1016.0,2666.0
USA,United States,IND,MUR,MUR/LWAL/CDN+ERL/H:1-2/IND:6,URML/LC/IND6,TOTAL,56545.0,45205170546.0,45205170546.0,38107958529.0,7097212014.0,33397.0,29558280.0,90410341092.0,16026310.0,0.0,523.0,1529.0
USA,United States,IND,MUR,MUR/LWAL/CDN+ERL/H:1-2/IND:6,URML/PC/IND6,TOTAL,104806.0,85651962042.0,85651962042.0,72204603567.0,13447358489.0,63604.0,54561376.0,171303924083.0,29582813.0,0.0,521.0,1570.0
USA,United States,RES,MUR,MUR/LWAL/CDN+ERL/H:1-2/RES:1,URML/PC/RES1,TOTAL,12336115.0,4239256045324.0,2119624492436.0,3247270015049.0,991985903312.0,32054490.0,2025403251.0,6358880537760.0,884566109.0,13430404.0,164.0,2093.0
USA,United States,RES,MUR,MUR/LWAL/CDN+ERL/H:1-2/RES:1,URML/LC/RES1,TOTAL,5933526.0,2446596499983.0,1223296866890.0,1874092852395.0,572503574563.0,14319865.0,1156281868.0,3669893366873.0,504989718.0,6436987.0,195.0,2116.0
USA,United States,RES,MUR,MUR/LWAL/CDN+ERL/H:1-2/RES:2,URML/PC/RES3F,TOTAL,172.0,1659726364.0,829842672.0,1430684106.0,229042232.0,14983.0,697642.0,2489569036.0,304686.0,8034.0,4056.0,2379.0
USA,United States,RES,MUR,MUR/LWAL/CDN+ERL/H:1-2/RES:2,URML/PC/RES3E,TOTAL,1071.0,4557569999.0,2278722818.0,3928625278.0,628944643.0,37387.0,1765579.0,6836292817.0,771093.0,17970.0,1649.0,2581.0
USA,United States,RES,MUR,MUR/LWAL/CDN+ERL/H:1-2/RES:2,URML/PC/RES3D,TOTAL,2660.0,5185094240.0,2592456320.0,4469551176.0,715542987.0,41421.0,1859706.0,7777550560.0,812203.0,19816.0,699.0,2788.0
USA,United States,RES,MUR,MUR/LWAL/CDN+ERL/H:1-2/RES:2,URML/PC/RES3C,TOTAL,7003.0,8043617686.0,4021695603.0,6933598363.0,1110019213.0,60666.0,2705831.0,12065313290.0,1181740.0,26060.0,386.0,2973.0
USA,United States,RES,MUR,MUR/LWAL/CDN+ERL/H:1-2/RES:2,URML/PC/RES3B,TOTAL,13910.0,5237904423.0,2618830502.0,4515073553.0,722830791.0,79625.0,3676624.0,7856734925.0,1605723.0,32285.0,264.0,1425.0
USA,United States,RES,MUR,MUR/LWAL/CDN+ERL/H:1-2/RES:2,URML/PC/RES3A,TOTAL,36389.0,13634410478.0,6817054312.0,11752861683.0,1881548597.0,158098.0,8509494.0,20451464791.0,3716418.0,61077.0,234.0,1602.0
USA,United States,RES,MUR,MUR/LWAL/CDN+ERL/H:1-2/RES:3,URML/PC/RES4,TOTAL,26524.0,64002906210.0,31999511881.0,55298512389.0,8704395726.0,385573.0,27554033.0,96002418091.0,12033866.0,0.0,1039.0,2323.0
USA,United States,RES,MUR,MUR/LWAL/CDN+ERL/H:1-2/RES:3,URML/LC/RES4,TOTAL,13631.0,41403178119.0,20700552154.0,35772346849.0,5630832531.0,235061.0,17875930.0,62103730272.0,7807077.0,0.0,1311.0,2316.0
USA,United States,RES,MUR,MUR/LWAL/CDN+ERL/H:1-2/RES:4,URML/PC/RES5,TOTAL,10970.0,110945322878.0,55471616011.0,90087599676.0,20857719974.0,539130.0,42132957.0,166416938889.0,18400982.0,0.0,3841.0,2633.0
USA,United States,RES,MUR,MUR/LWAL/CDN+ERL/H:1-2/RES:4,URML/LC/RES6,TOTAL,7813.0,47275089032.0,23636811394.0,38576471917.0,8698616398.0,231372.0,15408082.0,70911900426.0,6729274.0,0.0,1972.0,3068.0
USA,United States,RES,MUR,MUR/LWAL/CDN+ERL/H:1-2/RES:4,URML/LC/RES5,TOTAL,6491.0,64397143409.0,32198068539.0,52290478986.0,12106662517.0,262946.0,24436615.0,96595211948.0,10672350.0,0.0,3765.0,2635.0
USA,United States,RES,MUR,MUR/LWAL/CDN+ERL/H:1-2/RES:4,URML/PC/RES6,TOTAL,12472.0,63750882845.0,31874097026.0,52020719461.0,11730162464.0,356637.0,20715618.0,95624979871.0,9047275.0,0.0,1661.0,3077.0
USA,United States,COM,MUR,MUR/LWAL/CDN+ERL/H:>3/COM:1,URMM/LC/COM1,TOTAL,3713.0,7118656398.0,7118656398.0,5025771215.0,2092884983.0,1808.0,4406108.0,14237312797.0,2607789.0,0.0,1187.0,1616.0
USA,United States,COM,MUR,MUR/LWAL/CDN+ERL/H:>3/COM:1,URMM/PC/COM1,TOTAL,15766.0,18739243201.0,18739243201.0,13229905142.0,5509337501.0,4072.0,11142091.0,37478486403.0,6594533.0,0.0,707.0,1682.0
USA,United States,COM,MUR,MUR/LWAL/CDN+ERL/H:>3/COM:2,URMM/PC/COM2,TOTAL,7458.0,15063623010.0,15063623010.0,10183009134.0,4880613866.0,3138.0,9232776.0,30127246019.0,5464487.0,0.0,1238.0,1632.0
USA,United States,COM,MUR,MUR/LWAL/CDN+ERL/H:>3/COM:2,URMM/LC/COM2,TOTAL,2388.0,6855276255.0,6855276255.0,4634166740.0,2221109514.0,1356.0,4300814.0,13710552510.0,2545469.0,0.0,1801.0,1594.0
USA,United States,COM,MUR,MUR/LWAL/CDN+ERL/H:>3/COM:3,URMM/PC/COM4,TOTAL,33522.0,59043517475.0,59043517475.0,47707163782.0,11336355451.0,10097.0,23250420.0,118087034950.0,13760934.0,0.0,694.0,2539.0
USA,United States,COM,MUR,MUR/LWAL/CDN+ERL/H:>3/COM:3,URMM/LC/COM4,TOTAL,9531.0,22968372034.0,22968372034.0,18558445239.0,4409927477.0,4254.0,9477261.0,45936744068.0,5609190.0,0.0,994.0,2424.0
USA,United States,COM,MUR,MUR/LWAL/CDN+ERL/H:>3/COM:3A,URMM/PC/COM5,TOTAL,2270.0,4721832680.0,4721832680.0,4070219720.0,651612893.0,505.0,1273674.0,9443665360.0,753836.0,0.0,561.0,3707.0
USA,United States,COM,MUR,MUR/LWAL/CDN+ERL/H:>3/COM:3A,URMM/LC/COM5,TOTAL,872.0,2226310283.0,2226310283.0,1919079437.0,307230813.0,218.0,627676.0,4452620565.0,371496.0,0.0,720.0,3547.0
USA,United States,COM,MUR,MUR/LWAL/CDN+ERL/H:>3/COM:3B,URMM/PC/COM3,TOTAL,15816.0,17816408820.0,17816408820.0,14930150580.0,2886258235.0,3584.0,8768196.0,35632817641.0,5189530.0,0.0,554.0,2032.0
USA,United States,COM,MUR,MUR/LWAL/CDN+ERL/H:>3/COM:3B,URMM/LC/COM3,TOTAL,4285.0,5625261075.0,5625261075.0,4713968775.0,911292297.0,1202.0,2865997.0,11250522150.0,1696265.0,0.0,669.0,1963.0
USA,United States,COM,MUR,MUR/LWAL/CDN+ERL/H:>3/COM:4,URMM/LC/COM10,TOTAL,212.0,200836247.0,100402910.0,78526973.0,122309281.0,57.0,169591.0,301239157.0,100374.0,0.0,800.0,1184.0
USA,United States,COM,MUR,MUR/LWAL/CDN+ERL/H:>3/COM:4,URMM/PC/COM10,TOTAL,301.0,258335578.0,129141663.0,101009212.0,157326373.0,78.0,221774.0,387477241.0,131259.0,0.0,737.0,1165.0
USA,United States,COM,MUR,MUR/LWAL/CDN+ERL/H:>3/COM:5,URMM/PC/COM8,TOTAL,10577.0,23312816195.0,23312816195.0,20981534066.0,2331281657.0,3251.0,7260317.0,46625632390.0,4297076.0,0.0,686.0,3211.0
USA,United States,COM,MUR,MUR/LWAL/CDN+ERL/H:>3/COM:5,URMM/LC/COM8,TOTAL,2857.0,7873772739.0,7873772739.0,7086395286.0,787377288.0,1096.0,2534288.0,15747545478.0,1499939.0,0.0,887.0,3107.0
USA,United States,IND,MUR,MUR/LWAL/CDN+ERL/H:>3/IND:2,URMM/PC/IND2,TOTAL,6960.0,15786913007.0,23680542114.0,13308367580.0,2478545425.0,8573.0,9200329.0,39467455121.0,4995322.0,0.0,1322.0,1716.0
USA,United States,IND,MUR,MUR/LWAL/CDN+ERL/H:>3/IND:2,URMM/LC/IND2,TOTAL,1717.0,5613062607.0,8419646131.0,4731811743.0,881250857.0,3693.0,3413453.0,14032708738.0,1853336.0,0.0,1988.0,1644.0
USA,United States,IND,MUR,MUR/LWAL/CDN+ERL/H:>3/IND:3,URMM/LC/IND3,TOTAL,130.0,1015654031.0,1523495793.0,856196347.0,159457687.0,776.0,360633.0,2539149824.0,195806.0,0.0,2774.0,2816.0
USA,United States,IND,MUR,MUR/LWAL/CDN+ERL/H:>3/IND:3,URMM/PC/IND3,TOTAL,427.0,3191218619.0,4786875966.0,2690197274.0,501021340.0,2572.0,1156647.0,7978094585.0,628002.0,0.0,2709.0,2759.0
USA,United States,IND,MUR,MUR/LWAL/CDN+ERL/H:>3/IND:4,URMM/PC/IND4,TOTAL,13.0,86156732.0,129235504.0,72630123.0,13526607.0,29.0,27935.0,215392236.0,15167.0,0.0,2149.0,3084.0
USA,United States,IND,MUR,MUR/LWAL/CDN+ERL/H:>3/IND:5,URMM/PC/IND5,TOTAL,561.0,1739176504.0,2608817298.0,1466125780.0,273050721.0,872.0,608537.0,4347993802.0,330406.0,0.0,1085.0,2858.0
USA,United States,IND,MUR,MUR/LWAL/CDN+ERL/H:>3/IND:5,URMM/LC/IND5,TOTAL,264.0,1031969254.0,1547980989.0,869950074.0,162019179.0,710.0,372232.0,2579950244.0,202104.0,0.0,1410.0,2772.0
USA,United States,RES,MUR,MUR/LWAL/CDN+ERL/H:>3/RES:2,URMM/PC/RES3E,TOTAL,17502.0,94941157329.0,47469963021.0,81839276504.0,13101879386.0,825294.0,30755421.0,142411120350.0,13448197.0,404648.0,1757.0,3087.0
USA,United States,RES,MUR,MUR/LWAL/CDN+ERL/H:>3/RES:2,URMM/PC/RES3D,TOTAL,24163.0,54339169316.0,27169055542.0,46840363375.0,7498805175.0,438164.0,17429097.0,81508224858.0,7621100.0,217935.0,721.0,3118.0
USA,United States,RES,MUR,MUR/LWAL/CDN+ERL/H:>3/RES:2,URMM/PC/RES3C,TOTAL,48813.0,68276369641.0,34137713989.0,58854229800.0,9422138768.0,480180.0,19341022.0,102414083630.0,8457115.0,222055.0,396.0,3530.0
USA,United States,RES,MUR,MUR/LWAL/CDN+ERL/H:>3/RES:2,URMM/PC/RES3B,TOTAL,86430.0,41731408512.0,20865314364.0,35972473679.0,5758934234.0,572323.0,23553139.0,62596722876.0,10298916.0,246210.0,273.0,1772.0
USA,United States,RES,MUR,MUR/LWAL/CDN+ERL/H:>3/RES:2,URMM/LC/RES3B,TOTAL,13499.0,7112702054.0,3556277561.0,6131149074.0,981552859.0,97892.0,4024475.0,10668979616.0,1759758.0,41747.0,298.0,1767.0
USA,United States,RES,MUR,MUR/LWAL/CDN+ERL/H:>3/RES:2,URMM/LC/RES3F,TOTAL,2681.0,37207823224.0,18603730383.0,32073143276.0,5134679474.0,276837.0,14753249.0,55811553607.0,6451043.0,181371.0,5503.0,2522.0
USA,United States,RES,MUR,MUR/LWAL/CDN+ERL/H:>3/RES:2,URMM/LC/RES3E,TOTAL,4796.0,21389525586.0,10694582859.0,18437770811.0,2951754455.0,177761.0,7844016.0,32084108444.0,3429898.0,96400.0,1636.0,2727.0
USA,United States,RES,MUR,MUR/LWAL/CDN+ERL/H:>3/RES:2,URMM/LC/RES3D,TOTAL,7674.0,16093435381.0,8046559895.0,13872541131.0,2220894031.0,117613.0,5686330.0,24139995277.0,2486424.0,63237.0,741.0,2830.0
USA,United States,RES,MUR,MUR/LWAL/CDN+ERL/H:>3/RES:2,URMM/LC/RES3C,TOTAL,9005.0,12364348947.0,6182065579.0,10658068652.0,1706280113.0,89997.0,3887663.0,18546414526.0,1699935.0,43504.0,432.0,3180.0
USA,United States,RES,MUR,MUR/LWAL/CDN+ERL/H:>3/RES:2,URMM/PC/RES3F,TOTAL,9332.0,126581327846.0,63290167179.0,109113103267.0,17468222800.0,1165634.0,44159143.0,189871495025.0,19309134.0,576233.0,4732.0,2866.0
USA,United States,RES,MUR,MUR/LWAL/CDN+ERL/H:>3/RES:3,URMM/LC/RES4,TOTAL,1616.0,8658949942.0,4329377058.0,7481332968.0,1177617256.0,51911.0,3661547.0,12988327000.0,1601059.0,0.0,2266.0,2365.0
USA,United States,RES,MUR,MUR/LWAL/CDN+ERL/H:>3/RES:3,URMM/PC/RES4,TOTAL,3598.0,13494632665.0,6747136806.0,11659362921.0,1835270138.0,83525.0,5354888.0,20241769470.0,2341494.0,0.0,1488.0,2520.0
USA,United States,RES,MUR,MUR/LWAL/CDN+ERL/H:>3/RES:4,URMM/PC/RES6,TOTAL,65.0,303082492.0,151534031.0,247315306.0,55767178.0,1926.0,82300.0,454616523.0,35987.0,0.0,1266.0,3683.0
USA,United States,RES,MUR,MUR/LWAL/CDN+ERL/H:>3/RES:4,URMM/PC/RES5,TOTAL,596.0,5579525321.0,2789705091.0,4530574418.0,1048950724.0,35703.0,1905997.0,8369230412.0,833421.0,0.0,3198.0,2927.0
USA,United States,RES,MUR,MUR/LWAL/CDN+ERL/H:>3/RES:4,URMM/LC/RES5,TOTAL,282.0,2317763574.0,1158857752.0,1882023961.0,435739536.0,14259.0,839520.0,3476621326.0,367091.0,0.0,2977.0,2761.0
USA,United States,COM,S,S/LDUAL/CDH+ERH/H:1-3/COM:1,S4L/HC/COM1,TOTAL,1305.0,2679132761.0,2679132761.0,1891467651.0,787665031.0,355.0,1442007.0,5358265522.0,557321.0,0.0,1105.0,1858.0
USA,United States,COM,S,S/LDUAL/CDH+ERH/H:1-3/COM:2,S4L/HC/COM2,TOTAL,1078.0,3138971910.0,3138971910.0,2121945017.0,1017026902.0,329.0,1692603.0,6277943821.0,654173.0,0.0,1570.0,1855.0
USA,United States,COM,S,S/LDUAL/CDH+ERH/H:1-3/COM:3,S4L/HC/COM4,TOTAL,1756.0,3652145085.0,3652145085.0,2950933336.0,701211862.0,334.0,1297253.0,7304290170.0,501376.0,0.0,739.0,2815.0
USA,United States,COM,S,S/LDUAL/CDH+ERH/H:1-3/COM:3A,S4L/HC/COM5,TOTAL,170.0,401508656.0,401508656.0,346100457.0,55408193.0,24.0,94675.0,803017312.0,36591.0,0.0,557.0,4241.0
USA,United States,COM,S,S/LDUAL/CDH+ERH/H:1-3/COM:3B,S4L/HC/COM3,TOTAL,774.0,1012992945.0,1012992945.0,848888087.0,164104857.0,111.0,447911.0,2025985890.0,173114.0,0.0,579.0,2262.0
USA,United States,COM,S,S/LDUAL/CDH+ERH/H:1-3/COM:4,S4L/HC/COM10,TOTAL,161.0,226872440.0,113416555.0,88707124.0,138165322.0,34.0,173079.0,340288995.0,66893.0,0.0,1075.0,1311.0
USA,United States,COM,S,S/LDUAL/CDH+ERH/H:1-3/COM:5,S4L/HC/COM8,TOTAL,1978.0,4966453653.0,4966453653.0,4469808167.0,496645374.0,371.0,1367895.0,9932907307.0,528679.0,0.0,692.0,3631.0
USA,United States,IND,S,S/LDUAL/CDH+ERH/H:1-3/IND:1,S4L/HC/IND1,TOTAL,834.0,4280958707.0,6421501076.0,3608848156.0,672110539.0,1893.0,1891490.0,10702459783.0,649073.0,0.0,2268.0,2263.0
USA,United States,IND,S,S/LDUAL/CDH+ERH/H:1-3/IND:2,S4L/HC/IND2,TOTAL,2053.0,5290756899.0,7936174402.0,4460108032.0,830648861.0,2571.0,2801580.0,13226931301.0,961374.0,0.0,1365.0,1888.0
USA,United States,IND,S,S/LDUAL/CDH+ERH/H:1-3/IND:3,S4L/HC/IND3,TOTAL,189.0,1344846440.0,2017288988.0,1133705545.0,211140898.0,391.0,415599.0,3362135428.0,142615.0,0.0,2199.0,3236.0
USA,United States,IND,S,S/LDUAL/CDH+ERH/H:1-3/IND:4,S4L/HC/IND4,TOTAL,168.0,1013503800.0,1520270977.0,854383703.0,159120102.0,289.0,318687.0,2533774776.0,109359.0,0.0,1897.0,3180.0
USA,United States,IND,S,S/LDUAL/CDH+ERH/H:1-3/IND:5,S4L/HC/IND5,TOTAL,43.0,74838906.0,112258710.0,63089197.0,11749709.0,23.0,24986.0,187097616.0,8574.0,0.0,581.0,2995.0
USA,United States,RES,S,S/LDUAL/CDH+ERH/H:1-3/RES:2,S4L/HC/RES3F,TOTAL,11.0,153874396.0,76936364.0,132639729.0,21234666.0,1137.0,54283.0,230810760.0,15624.0,658.0,4935.0,2835.0
USA,United States,RES,S,S/LDUAL/CDH+ERH/H:1-3/RES:2,S4L/HC/RES3A,TOTAL,1981.0,937157120.0,468570911.0,807829427.0,129327679.0,8459.0,478298.0,1405728031.0,137671.0,3247.0,241.0,1959.0
USA,United States,RES,S,S/LDUAL/CDH+ERH/H:1-3/RES:2,S4L/HC/RES3B,TOTAL,944.0,500434440.0,250209215.0,431374482.0,69059951.0,5504.0,291608.0,750643655.0,83935.0,2093.0,309.0,1716.0
USA,United States,RES,S,S/LDUAL/CDH+ERH/H:1-3/RES:2,S4L/HC/RES3C,TOTAL,821.0,1380814373.0,690398081.0,1190261972.0,190552379.0,7629.0,380097.0,2071212455.0,109405.0,2996.0,463.0,3633.0
USA,United States,RES,S,S/LDUAL/CDH+ERH/H:1-3/RES:2,S4L/HC/RES3D,TOTAL,263.0,721995980.0,360991227.0,622360526.0,99635443.0,4218.0,210826.0,1082987207.0,60683.0,1772.0,802.0,3425.0
USA,United States,RES,S,S/LDUAL/CDH+ERH/H:1-3/RES:2,S4L/HC/RES3E,TOTAL,82.0,476270493.0,238131182.0,410545163.0,65725326.0,3024.0,149638.0,714401675.0,43070.0,1224.0,1825.0,3183.0
USA,United States,RES,S,S/LDUAL/CDH+ERH/H:1-3/RES:3,S4L/HC/RES4,TOTAL,110.0,495412213.0,247701070.0,428036159.0,67376065.0,2454.0,169646.0,743113283.0,48829.0,0.0,1542.0,2920.0
USA,United States,RES,S,S/LDUAL/CDH+ERH/H:1-3/RES:4,S4L/HC/RES6,TOTAL,5.0,32228373.0,16113316.0,26298352.0,5930021.0,163.0,8789.0,48341689.0,2530.0,0.0,1758.0,3667.0
USA,United States,RES,S,S/LDUAL/CDH+ERH/H:1-3/RES:4,S4L/HC/RES5,TOTAL,103.0,1256083831.0,628035726.0,1019940051.0,236143750.0,4044.0,383321.0,1884119557.0,110331.0,0.0,3722.0,3277.0
USA,United States,COM,S,S/LDUAL/CDH+ERH/H:4-7/COM:1,S4M/HC/COM1,TOTAL,216.0,414414469.0,414414469.0,292576603.0,121837854.0,106.0,219346.0,828828938.0,84977.0,0.0,1015.0,1889.0
USA,United States,COM,S,S/LDUAL/CDH+ERH/H:4-7/COM:3,S4M/HC/COM4,TOTAL,387.0,943204720.0,943204720.0,762109442.0,181095308.0,132.0,328391.0,1886409441.0,127222.0,0.0,849.0,2872.0
USA,United States,COM,S,S/LDUAL/CDH+ERH/H:4-7/COM:3A,S4M/HC/COM5,TOTAL,37.0,128864763.0,128864763.0,111081424.0,17783337.0,9.0,30366.0,257729525.0,11764.0,0.0,821.0,4244.0
USA,United States,COM,S,S/LDUAL/CDH+ERH/H:4-7/COM:3B,S4M/HC/COM3,TOTAL,155.0,211404468.0,211404468.0,177156944.0,34247524.0,40.0,91924.0,422808935.0,35612.0,0.0,593.0,2300.0
USA,United States,COM,S,S/LDUAL/CDH+ERH/H:4-7/COM:4,S4M/HC/COM10,TOTAL,63.0,56985053.0,28489823.0,22281156.0,34703899.0,13.0,44232.0,85474876.0,17136.0,0.0,702.0,1288.0
USA,United States,IND,S,S/LDUAL/CDH+ERH/H:4-7/IND:3,S4M/HC/IND3,TOTAL,25.0,221392556.0,332090980.0,186633920.0,34758632.0,70.0,68517.0,553483536.0,23581.0,0.0,2741.0,3231.0
USA,United States,RES,S,S/LDUAL/CDH+ERH/H:4-7/RES:2,S4M/HC/RES3E,TOTAL,154.0,895620488.0,447804474.0,772024853.0,123595624.0,6454.0,291031.0,1343424962.0,83966.0,3328.0,1890.0,3077.0
USA,United States,RES,S,S/LDUAL/CDH+ERH/H:4-7/RES:2,S4M/HC/RES3D,TOTAL,186.0,547771431.0,273882641.0,472178968.0,75592455.0,3617.0,165638.0,821654072.0,47789.0,1635.0,891.0,3307.0
USA,United States,RES,S,S/LDUAL/CDH+ERH/H:4-7/RES:2,S4M/HC/RES3C,TOTAL,264.0,437325393.0,218660169.0,376974484.0,60350903.0,2693.0,123279.0,655985562.0,35568.0,1189.0,467.0,3547.0
USA,United States,RES,S,S/LDUAL/CDH+ERH/H:4-7/RES:2,S4M/HC/RES3B,TOTAL,164.0,80616773.0,40307070.0,69491657.0,11125114.0,870.0,46090.0,120923843.0,13298.0,399.0,281.0,1749.0
USA,United States,RES,S,S/LDUAL/CDH+ERH/H:4-7/RES:2,S4M/HC/RES3F,TOTAL,116.0,1634711986.0,817350881.0,1409121717.0,225590249.0,13023.0,589015.0,2452062867.0,169938.0,8026.0,5078.0,2775.0
USA,United States,RES,S,S/LDUAL/CDH+ERH/H:4-7/RES:3,S4M/HC/RES4,TOTAL,27.0,179549396.0,89773318.0,155130682.0,24418719.0,958.0,62159.0,269322714.0,17934.0,0.0,2302.0,2889.0
USA,United States,RES,S,S/LDUAL/CDH+ERH/H:4-7/RES:4,S4M/HC/RES5,TOTAL,7.0,83928892.0,41963770.0,68150259.0,15778631.0,610.0,27810.0,125892662.0,8023.0,0.0,3973.0,3018.0
USA,United States,RES,S,S/LDUAL/CDH+ERH/H:4-7/RES:4,S4M/HC/RES6,TOTAL,4.0,22628422.0,11313585.0,18464792.0,4163630.0,131.0,5916.0,33942006.0,1707.0,0.0,1479.0,3825.0
USA,United States,COM,S,S/LDUAL/CDH+ERH/H:>8/COM:3,S4H/HC/COM4,TOTAL,188.0,888944186.0,888944186.0,718266923.0,170677285.0,210.0,293663.0,1777888373.0,113970.0,0.0,1562.0,3027.0
USA,United States,COM,S,S/LDUAL/CDH+ERH/H:>8/COM:3A,S4H/HC/COM5,TOTAL,27.0,99250916.0,99250916.0,85554289.0,13696626.0,13.0,22090.0,198501833.0,8573.0,0.0,818.0,4493.0
USA,United States,RES,S,S/LDUAL/CDH+ERH/H:>8/RES:2,S4H/HC/RES3B,TOTAL,1.0,1605107.0,802264.0,1383602.0,221505.0,25.0,1055.0,2407371.0,305.0,19.0,1055.0,1521.0
USA,United States,RES,S,S/LDUAL/CDH+ERH/H:>8/RES:2,S4H/HC/RES3C,TOTAL,31.0,159961051.0,79980243.0,137886428.0,22074624.0,176.0,48278.0,239941295.0,13953.0,172.0,1557.0,3313.0
USA,United States,RES,S,S/LDUAL/CDH+ERH/H:>8/RES:2,S4H/HC/RES3D,TOTAL,3.0,7415618.0,3707757.0,6392262.0,1023355.0,43.0,2177.0,11123375.0,629.0,22.0,726.0,3406.0
USA,United States,RES,S,S/LDUAL/CDH+ERH/H:>8/RES:2,S4H/HC/RES3E,TOTAL,8.0,56630094.0,28314715.0,48815140.0,7814953.0,266.0,18470.0,84944808.0,5338.0,216.0,2309.0,3066.0
USA,United States,RES,S,S/LDUAL/CDH+ERH/H:>8/RES:2,S4H/HC/RES3F,TOTAL,29.0,503923151.0,251959380.0,434381750.0,69541393.0,3460.0,180069.0,755882531.0,52044.0,2482.0,6209.0,2799.0
USA,United States,RES,S,S/LDUAL/CDH+ERH/H:>8/RES:3,S4H/HC/RES4,TOTAL,12.0,102128717.0,51064226.0,88239213.0,13889506.0,353.0,32018.0,153192942.0,9254.0,0.0,2668.0,3190.0
USA,United States,COM,S,S/LDUAL/CDH+ERS/H:1-3/COM:1,S4L/VC/COM1,TOTAL,66.0,148714888.0,148714888.0,104992707.0,43722177.0,17.0,78652.0,297429777.0,30398.0,0.0,1192.0,1891.0
USA,United States,COM,S,S/LDUAL/CDH+ERS/H:1-3/COM:1,S4L/SC/COM1,TOTAL,3.0,2622593.0,2622593.0,1851551.0,771042.0,0.0,1558.0,5245186.0,602.0,0.0,519.0,1683.0
USA,United States,COM,S,S/LDUAL/CDH+ERS/H:1-3/COM:2,S4L/VC/COM2,TOTAL,52.0,153601093.0,153601093.0,103834339.0,49766754.0,15.0,80069.0,307202185.0,30946.0,0.0,1540.0,1918.0
USA,United States,COM,S,S/LDUAL/CDH+ERS/H:1-3/COM:2,S4L/SC/COM2,TOTAL,3.0,7485787.0,7485787.0,5060392.0,2425395.0,1.0,4037.0,14971574.0,1560.0,0.0,1346.0,1854.0
USA,United States,COM,S,S/LDUAL/CDH+ERS/H:1-3/COM:3,S4L/SC/COM4,TOTAL,2.0,5172589.0,5172589.0,4179452.0,993137.0,0.0,1955.0,10345178.0,755.0,0.0,978.0,2646.0
USA,United States,COM,S,S/LDUAL/CDH+ERS/H:1-3/COM:3,S4L/VC/COM4,TOTAL,104.0,213282975.0,213282975.0,172332651.0,40950332.0,19.0,74492.0,426565951.0,28790.0,0.0,716.0,2863.0
USA,United States,COM,S,S/LDUAL/CDH+ERS/H:1-3/COM:3B,S4L/SC/COM3,TOTAL,1.0,2437450.0,2437450.0,2042583.0,394867.0,0.0,1085.0,4874900.0,419.0,0.0,1085.0,2246.0
USA,United States,COM,S,S/LDUAL/CDH+ERS/H:1-3/COM:3B,S4L/VC/COM3,TOTAL,43.0,54953636.0,54953636.0,46051147.0,8902489.0,6.0,24262.0,109907271.0,9377.0,0.0,564.0,2265.0
USA,United States,COM,S,S/LDUAL/CDH+ERS/H:1-3/COM:5,S4L/SC/COM8,TOTAL,5.0,8112390.0,8112390.0,7301151.0,811239.0,1.0,2455.0,16224781.0,949.0,0.0,491.0,3304.0
USA,United States,COM,S,S/LDUAL/CDH+ERS/H:1-3/COM:5,S4L/VC/COM8,TOTAL,152.0,438927779.0,438927779.0,395034991.0,43892778.0,31.0,120927.0,877855557.0,46737.0,0.0,796.0,3630.0
USA,United States,IND,S,S/LDUAL/CDH+ERS/H:1-3/IND:1,S4L/SC/IND1,TOTAL,5.0,23365246.0,35048410.0,19696902.0,3668344.0,7.0,10320.0,58413656.0,3541.0,0.0,2064.0,2264.0
USA,United States,IND,S,S/LDUAL/CDH+ERS/H:1-3/IND:1,S4L/VC/IND1,TOTAL,49.0,233222282.0,349835445.0,196606384.0,36615899.0,104.0,101243.0,583057727.0,34742.0,0.0,2066.0,2304.0
USA,United States,IND,S,S/LDUAL/CDH+ERS/H:1-3/IND:2,S4L/VC/IND2,TOTAL,137.0,393756285.0,590636224.0,331936545.0,61819739.0,188.0,209444.0,984392509.0,71872.0,0.0,1529.0,1880.0
USA,United States,IND,S,S/LDUAL/CDH+ERS/H:1-3/IND:2,S4L/SC/IND2,TOTAL,17.0,67863988.0,101796377.0,57209341.0,10654647.0,24.0,34520.0,169660365.0,11846.0,0.0,2031.0,1966.0
USA,United States,IND,S,S/LDUAL/CDH+ERS/H:1-3/IND:3,S4L/VC/IND3,TOTAL,10.0,66168491.0,99253020.0,55780038.0,10388453.0,12.0,19750.0,165421511.0,6777.0,0.0,1975.0,3350.0
USA,United States,RES,S,S/LDUAL/CDH+ERS/H:1-3/RES:2,S4L/SC/RES3F,TOTAL,1.0,10581549.0,5290679.0,9121295.0,1460254.0,32.0,3775.0,15872228.0,1087.0,27.0,3775.0,2803.0
USA,United States,RES,S,S/LDUAL/CDH+ERS/H:1-3/RES:2,S4L/SC/RES3A,TOTAL,3.0,1124956.0,562471.0,969712.0,155244.0,16.0,594.0,1687427.0,171.0,6.0,198.0,1894.0
USA,United States,RES,S,S/LDUAL/CDH+ERS/H:1-3/RES:2,S4L/VC/RES3A,TOTAL,104.0,52217229.0,26108060.0,45011251.0,7205977.0,418.0,26275.0,78325289.0,7563.0,164.0,253.0,1987.0
USA,United States,RES,S,S/LDUAL/CDH+ERS/H:1-3/RES:2,S4L/SC/RES3B,TOTAL,1.0,556707.0,278354.0,479882.0,76826.0,6.0,336.0,835061.0,97.0,2.0,336.0,1657.0
USA,United States,RES,S,S/LDUAL/CDH+ERS/H:1-3/RES:2,S4L/VC/RES3B,TOTAL,49.0,26669159.0,13334223.0,22988814.0,3680344.0,298.0,15357.0,40003382.0,4420.0,115.0,313.0,1737.0
USA,United States,RES,S,S/LDUAL/CDH+ERS/H:1-3/RES:2,S4L/VC/RES3C,TOTAL,55.0,103302696.0,51650838.0,89046923.0,14255772.0,532.0,27968.0,154953534.0,8050.0,214.0,509.0,3694.0
USA,United States,RES,S,S/LDUAL/CDH+ERS/H:1-3/RES:2,S4L/VC/RES3D,TOTAL,13.0,43412559.0,21706129.0,37421625.0,5990933.0,211.0,12468.0,65118688.0,3589.0,96.0,959.0,3482.0
USA,United States,RES,S,S/LDUAL/CDH+ERS/H:1-3/RES:2,S4L/VC/RES3E,TOTAL,9.0,47139361.0,23569570.0,40634129.0,6505232.0,304.0,14523.0,70708931.0,4180.0,151.0,1614.0,3246.0
USA,United States,RES,S,S/LDUAL/CDH+ERS/H:1-3/RES:2,S4L/VC/RES3F,TOTAL,3.0,84609222.0,42304028.0,72933148.0,11676072.0,446.0,28280.0,126913250.0,8140.0,367.0,9427.0,2992.0
USA,United States,COM,S,S/LDUAL/CDH+ERS/H:4-7/COM:1,S4M/VC/COM1,TOTAL,19.0,89172383.0,89172383.0,62955699.0,26216681.0,7.0,48209.0,178344766.0,18677.0,0.0,2537.0,1850.0
USA,United States,COM,S,S/LDUAL/CDH+ERS/H:4-7/COM:1,S4M/SC/COM1,TOTAL,35.0,60959360.0,60959360.0,43037306.0,17922052.0,10.0,31985.0,121918720.0,12391.0,0.0,914.0,1906.0
USA,United States,COM,S,S/LDUAL/CDH+ERS/H:4-7/COM:3,S4M/VC/COM4,TOTAL,37.0,164415575.0,164415575.0,132847790.0,31567790.0,11.0,57826.0,328831149.0,22402.0,0.0,1563.0,2843.0
USA,United States,COM,S,S/LDUAL/CDH+ERS/H:4-7/COM:3,S4M/SC/COM4,TOTAL,48.0,110224387.0,110224387.0,89061308.0,21163083.0,14.0,38012.0,220448775.0,14726.0,0.0,792.0,2900.0
USA,United States,COM,S,S/LDUAL/CDH+ERS/H:4-7/COM:3A,S4M/VC/COM5,TOTAL,9.0,29536185.0,29536185.0,25460191.0,4075993.0,2.0,6833.0,59072370.0,2647.0,0.0,759.0,4323.0
USA,United States,COM,S,S/LDUAL/CDH+ERS/H:4-7/COM:3A,S4M/SC/COM5,TOTAL,5.0,12736631.0,12736631.0,10978975.0,1757655.0,1.0,3061.0,25473261.0,1186.0,0.0,612.0,4161.0
USA,United States,COM,S,S/LDUAL/CDH+ERS/H:4-7/COM:3B,S4M/VC/COM3,TOTAL,12.0,16392186.0,16392186.0,13736651.0,2655534.0,2.0,7274.0,32784371.0,2818.0,0.0,606.0,2254.0
USA,United States,COM,S,S/LDUAL/CDH+ERS/H:4-7/COM:3B,S4M/SC/COM3,TOTAL,19.0,41957326.0,41957326.0,35160240.0,6797087.0,4.0,18701.0,83914652.0,7245.0,0.0,984.0,2244.0
USA,United States,RES,S,S/LDUAL/CDH+ERS/H:4-7/RES:2,S4M/VC/RES3C,TOTAL,22.0,35336419.0,17667958.0,30459993.0,4876426.0,210.0,9783.0,53004377.0,2823.0,87.0,445.0,3612.0
USA,United States,RES,S,S/LDUAL/CDH+ERS/H:4-7/RES:2,S4M/SC/RES3B,TOTAL,28.0,14356864.0,7178095.0,12375616.0,1981247.0,150.0,8223.0,21534958.0,2373.0,70.0,294.0,1746.0
USA,United States,RES,S,S/LDUAL/CDH+ERS/H:4-7/RES:2,S4M/SC/RES3C,TOTAL,34.0,62275345.0,31137455.0,53681348.0,8593997.0,318.0,17279.0,93412800.0,4985.0,142.0,508.0,3604.0
USA,United States,RES,S,S/LDUAL/CDH+ERS/H:4-7/RES:2,S4M/SC/RES3D,TOTAL,23.0,87959561.0,43979328.0,75821141.0,12138419.0,544.0,25754.0,131938889.0,7431.0,228.0,1120.0,3415.0
USA,United States,RES,S,S/LDUAL/CDH+ERS/H:4-7/RES:2,S4M/SC/RES3E,TOTAL,15.0,122964048.0,61481351.0,105995008.0,16969038.0,757.0,38114.0,184445398.0,10996.0,401.0,2541.0,3226.0
USA,United States,RES,S,S/LDUAL/CDH+ERS/H:4-7/RES:2,S4M/SC/RES3F,TOTAL,11.0,176687321.0,88342480.0,152304470.0,24382850.0,1771.0,61703.0,265029801.0,17802.0,897.0,5609.0,2864.0
USA,United States,RES,S,S/LDUAL/CDH+ERS/H:4-7/RES:2,S4M/VC/RES3B,TOTAL,33.0,15931387.0,7965423.0,13732855.0,2198531.0,186.0,8880.0,23896811.0,2562.0,85.0,269.0,1794.0
USA,United States,RES,S,S/LDUAL/CDH+ERS/H:4-7/RES:2,S4M/VC/RES3D,TOTAL,18.0,50009865.0,25004584.0,43108502.0,6901361.0,309.0,14830.0,75014448.0,4279.0,173.0,824.0,3372.0
USA,United States,RES,S,S/LDUAL/CDH+ERS/H:4-7/RES:2,S4M/VC/RES3E,TOTAL,19.0,113252021.0,56625497.0,97623242.0,15628779.0,848.0,35293.0,169877519.0,10183.0,480.0,1858.0,3209.0
USA,United States,RES,S,S/LDUAL/CDH+ERS/H:4-7/RES:2,S4M/VC/RES3F,TOTAL,10.0,137785200.0,68892131.0,118770840.0,19014357.0,1060.0,47411.0,206677331.0,13679.0,634.0,4741.0,2906.0
USA,United States,COM,S,S/LDUAL/CDH+ERS/H:>8/COM:3,S4H/SC/COM4,TOTAL,15.0,51244384.0,51244384.0,41405463.0,9838922.0,11.0,18202.0,102488767.0,7064.0,0.0,1213.0,2815.0
USA,United States,COM,S,S/LDUAL/CDH+ERS/H:>8/COM:3,S4H/VC/COM4,TOTAL,6.0,15907973.0,15907973.0,12853643.0,3054331.0,2.0,5613.0,31815946.0,2178.0,0.0,936.0,2834.0
USA,United States,RES,S,S/LDUAL/CDH+ERS/H:>8/RES:2,S4H/SC/RES3C,TOTAL,3.0,4326146.0,2163017.0,3729138.0,597008.0,20.0,1103.0,6489163.0,319.0,9.0,368.0,3922.0
USA,United States,RES,S,S/LDUAL/CDH+ERS/H:>8/RES:2,S4H/SC/RES3F,TOTAL,2.0,46588787.0,23294339.0,40159534.0,6429252.0,381.0,17094.0,69883126.0,4941.0,256.0,8547.0,2725.0
USA,United States,RES,S,S/LDUAL/CDH+ERS/H:>8/RES:2,S4H/VC/RES3C,TOTAL,1.0,1170942.0,585471.0,1009352.0,161590.0,5.0,299.0,1756413.0,86.0,4.0,299.0,3916.0
USA,United States,RES,S,S/LDUAL/CDH+ERS/H:>8/RES:2,S4H/VC/RES3F,TOTAL,4.0,97013890.0,48506878.0,83625972.0,13387916.0,636.0,32770.0,145520769.0,9471.0,489.0,8192.0,2960.0
USA,United States,RES,S,S/LDUAL/CDH+ERS/H:>8/RES:2,S4H/VC/RES3E,TOTAL,1.0,5227693.0,2613847.0,4506272.0,721422.0,40.0,1709.0,7841540.0,494.0,28.0,1709.0,3059.0
USA,United States,COM,S,S/LDUAL/CDL+ERL/H:1-3/COM:1,S4L/LC/COM1,TOTAL,13706.0,19540156697.0,19540156697.0,13795350057.0,5744806063.0,3090.0,13231563.0,39080313393.0,5113864.0,0.0,965.0,1477.0
USA,United States,COM,S,S/LDUAL/CDL+ERL/H:1-3/COM:2,S4L/LC/COM2,TOTAL,12110.0,23758862000.0,23758862000.0,16060990701.0,7697871308.0,3038.0,15892955.0,47517724000.0,6142456.0,0.0,1312.0,1495.0
USA,United States,COM,S,S/LDUAL/CDL+ERL/H:1-3/COM:3,S4L/LC/COM4,TOTAL,32021.0,46278845899.0,46278845899.0,37393308789.0,8885538492.0,4101.0,20531802.0,92557691799.0,7935333.0,0.0,641.0,2254.0
USA,United States,COM,S,S/LDUAL/CDL+ERL/H:1-3/COM:3A,S4L/LC/COM5,TOTAL,2264.0,3816043268.0,3816043268.0,3289429254.0,526613957.0,280.0,1130621.0,7632086535.0,436977.0,0.0,499.0,3375.0
USA,United States,COM,S,S/LDUAL/CDL+ERL/H:1-3/COM:3B,S4L/LC/COM3,TOTAL,6762.0,7108270987.0,7108270987.0,5956731083.0,1151539903.0,913.0,3934974.0,14216541973.0,1520835.0,0.0,582.0,1806.0
USA,United States,COM,S,S/LDUAL/CDL+ERL/H:1-3/COM:4,S4L/LC/COM10,TOTAL,673.0,789386994.0,394629301.0,308650317.0,480736701.0,153.0,742203.0,1184016295.0,286854.0,0.0,1103.0,1064.0
USA,United States,COM,S,S/LDUAL/CDL+ERL/H:1-3/COM:5,S4L/LC/COM8,TOTAL,9145.0,17294671275.0,17294671275.0,15565203742.0,1729467157.0,1573.0,5953060.0,34589342550.0,2300804.0,0.0,651.0,2905.0
USA,United States,COM,S,S/LDUAL/CDL+ERL/H:1-3/COM:5A,S4L/LC/COM9,TOTAL,306.0,1059135092.0,1059135092.0,929920628.0,129214483.0,111.0,434853.0,2118270183.0,168066.0,0.0,1421.0,2436.0
USA,United States,IND,S,S/LDUAL/CDL+ERL/H:1-3/IND:1,S4L/LC/IND1,TOTAL,4744.0,24453744565.0,36680956461.0,20614506585.0,3839238019.0,11967.0,13429893.0,61134701026.0,4608523.0,0.0,2831.0,1821.0
USA,United States,IND,S,S/LDUAL/CDL+ERL/H:1-3/IND:2,S4L/LC/IND2,TOTAL,6740.0,17216989665.0,25825639306.0,14513922189.0,2703067465.0,7262.0,11163366.0,43042628971.0,3830758.0,0.0,1656.0,1542.0
USA,United States,IND,S,S/LDUAL/CDL+ERL/H:1-3/IND:3,S4L/LC/IND3,TOTAL,536.0,3191262626.0,4786972622.0,2690234391.0,501028248.0,1103.0,1243794.0,7978235248.0,426813.0,0.0,2321.0,2566.0
USA,United States,IND,S,S/LDUAL/CDL+ERL/H:1-3/IND:4,S4L/LC/IND4,TOTAL,1136.0,5840917018.0,8761483045.0,4923893009.0,917024002.0,2141.0,2315552.0,14602400063.0,794592.0,0.0,2038.0,2522.0
USA,United States,IND,S,S/LDUAL/CDL+ERL/H:1-3/IND:5,S4L/LC/IND5,TOTAL,1515.0,4657703452.0,6986679199.0,3926443982.0,731259466.0,1681.0,1797345.0,11644382651.0,616768.0,0.0,1186.0,2591.0
USA,United States,IND,S,S/LDUAL/CDL+ERL/H:1-3/IND:6,S4L/LC/IND6,TOTAL,5437.0,4791178887.0,4791178887.0,4038963774.0,752215111.0,3628.0,3145787.0,9582357775.0,1079500.0,0.0,579.0,1523.0
USA,United States,RES,S,S/LDUAL/CDL+ERL/H:1-3/RES:2,S4L/LC/RES3D,TOTAL,2.0,7404275.0,3702083.0,6382485.0,1021790.0,30.0,2195.0,11106359.0,632.0,14.0,1098.0,3373.0
USA,United States,RES,S,S/LDUAL/CDL+ERL/H:1-3/RES:2,S4L/LC/RES3C,TOTAL,5.0,8724125.0,4361942.0,7520196.0,1203929.0,43.0,2397.0,13086067.0,690.0,17.0,479.0,3640.0
USA,United States,RES,S,S/LDUAL/CDL+ERL/H:1-3/RES:2,S4L/LC/RES3A,TOTAL,9.0,3816993.0,1908484.0,3290248.0,526745.0,29.0,1953.0,5725477.0,562.0,12.0,217.0,1954.0
USA,United States,RES,S,S/LDUAL/CDL+ERL/H:1-3/RES:2,S4L/LC/RES3B,TOTAL,6.0,3023621.0,1511698.0,2606361.0,417260.0,29.0,1766.0,4535319.0,508.0,11.0,294.0,1712.0
USA,United States,RES,S,S/LDUAL/CDL+ERL/H:1-3/RES:3,S4L/LC/RES4,TOTAL,335.0,959523554.0,479740627.0,829028374.0,130495210.0,5264.0,415085.0,1439264181.0,119474.0,0.0,1239.0,2312.0
USA,United States,RES,S,S/LDUAL/CDL+ERL/H:1-3/RES:4,S4L/LC/RES6,TOTAL,63.0,345666391.0,172827084.0,282063769.0,63602616.0,1925.0,120935.0,518493475.0,34809.0,0.0,1920.0,2858.0
USA,United States,RES,S,S/LDUAL/CDL+ERL/H:1-3/RES:4,S4L/LC/RES5,TOTAL,163.0,1577663690.0,788819898.0,1281062881.0,296600766.0,6214.0,616882.0,2366483588.0,177557.0,0.0,3785.0,2557.0
USA,United States,COM,S,S/LDUAL/CDL+ERL/H:4-7/COM:1,S4M/LC/COM1,TOTAL,978.0,1939425256.0,1939425256.0,1369234176.0,570191025.0,494.0,1192512.0,3878850512.0,461990.0,0.0,1219.0,1626.0
USA,United States,COM,S,S/LDUAL/CDL+ERL/H:4-7/COM:2,S4M/LC/COM2,TOTAL,553.0,1635066643.0,1635066643.0,1105305049.0,529761596.0,347.0,1052043.0,3270133287.0,407571.0,0.0,1902.0,1554.0
USA,United States,COM,S,S/LDUAL/CDL+ERL/H:4-7/COM:3,S4M/LC/COM4,TOTAL,1368.0,3184945530.0,3184945530.0,2573436079.0,611509548.0,482.0,1352131.0,6369891061.0,523828.0,0.0,988.0,2356.0
USA,United States,COM,S,S/LDUAL/CDL+ERL/H:4-7/COM:3A,S4M/LC/COM5,TOTAL,150.0,1617916847.0,1617916847.0,1394644332.0,223272526.0,48.0,485202.0,3235833693.0,187971.0,0.0,3235.0,3335.0
USA,United States,COM,S,S/LDUAL/CDL+ERL/H:4-7/COM:3B,S4M/LC/COM3,TOTAL,284.0,438452669.0,438452669.0,367423336.0,71029333.0,97.0,236966.0,876905338.0,91803.0,0.0,834.0,1850.0
USA,United States,COM,S,S/LDUAL/CDL+ERL/H:4-7/COM:4,S4M/LC/COM10,TOTAL,238.0,80603028.0,40297893.0,31515784.0,49087246.0,44.0,71315.0,120900921.0,27628.0,0.0,300.0,1130.0
USA,United States,COM,S,S/LDUAL/CDL+ERL/H:4-7/COM:5,S4M/LC/COM8,TOTAL,727.0,2117614417.0,2117614417.0,1905852924.0,211761445.0,332.0,684768.0,4235228833.0,265286.0,0.0,942.0,3092.0
USA,United States,IND,S,S/LDUAL/CDL+ERL/H:4-7/IND:2,S4M/LC/IND2,TOTAL,456.0,1545929375.0,2318904598.0,1303218459.0,242710919.0,1125.0,953803.0,3864833973.0,328258.0,0.0,2092.0,1621.0
USA,United States,IND,S,S/LDUAL/CDL+ERL/H:4-7/IND:3,S4M/LC/IND3,TOTAL,56.0,465092143.0,697645106.0,392072678.0,73019469.0,280.0,174312.0,1162737249.0,59991.0,0.0,3113.0,2668.0
USA,United States,IND,S,S/LDUAL/CDL+ERL/H:4-7/IND:5,S4M/LC/IND5,TOTAL,96.0,315465645.0,473208809.0,265937536.0,49528107.0,181.0,112217.0,788674454.0,38620.0,0.0,1169.0,2811.0
USA,United States,RES,S,S/LDUAL/CDL+ERL/H:4-7/RES:2,S4M/LC/RES3D,TOTAL,84.0,182362782.0,91179444.0,157196716.0,25166063.0,1173.0,67546.0,273542226.0,19488.0,576.0,804.0,2700.0
USA,United States,RES,S,S/LDUAL/CDL+ERL/H:4-7/RES:2,S4M/LC/RES3F,TOTAL,29.0,352747607.0,176372273.0,304068432.0,48679169.0,2836.0,148477.0,529119880.0,42837.0,1994.0,5120.0,2376.0
USA,United States,RES,S,S/LDUAL/CDL+ERL/H:4-7/RES:2,S4M/LC/RES3C,TOTAL,118.0,138731112.0,69364773.0,119586217.0,19144893.0,885.0,49096.0,208095885.0,14165.0,465.0,416.0,2826.0
USA,United States,RES,S,S/LDUAL/CDL+ERL/H:4-7/RES:2,S4M/LC/RES3E,TOTAL,52.0,238281957.0,119139338.0,205399045.0,32882909.0,1704.0,87848.0,357421294.0,25345.0,919.0,1689.0,2712.0
USA,United States,RES,S,S/LDUAL/CDL+ERL/H:4-7/RES:2,S4M/LC/RES3B,TOTAL,60.0,22208750.0,11103488.0,19143942.0,3064807.0,293.0,16680.0,33312237.0,4813.0,157.0,278.0,1331.0
USA,United States,RES,S,S/LDUAL/CDL+ERL/H:4-7/RES:3,S4M/LC/RES4,TOTAL,18.0,95770085.0,47883945.0,82745355.0,13024732.0,522.0,41131.0,143654029.0,11867.0,0.0,2285.0,2328.0
USA,United States,COM,S,S/LDUAL/CDL+ERL/H:>8/COM:3,S4H/LC/COM4,TOTAL,781.0,6183924950.0,6183924950.0,4996611521.0,1187313602.0,1861.0,2434144.0,12367849900.0,944686.0,0.0,3117.0,2540.0
USA,United States,COM,S,S/LDUAL/CDL+ERL/H:>8/COM:3A,S4H/LC/COM5,TOTAL,160.0,543986011.0,543986011.0,468915936.0,75070067.0,80.0,149123.0,1087972022.0,57875.0,0.0,932.0,3648.0
USA,United States,COM,S,S/LDUAL/CDL+ERL/H:>8/COM:4,S4H/LC/COM10,TOTAL,180.0,38667315.0,19330695.0,15118920.0,23548396.0,13.0,29781.0,57998010.0,11558.0,0.0,165.0,1298.0
USA,United States,RES,S,S/LDUAL/CDL+ERL/H:>8/RES:2,S4H/LC/RES3F,TOTAL,119.0,2141961529.0,1070976809.0,1846370815.0,295590683.0,16574.0,791373.0,3212938337.0,228725.0,11424.0,6650.0,2707.0
USA,United States,RES,S,S/LDUAL/CDL+ERL/H:>8/RES:2,S4H/LC/RES3B,TOTAL,9.0,4827429.0,2413404.0,4161243.0,666185.0,58.0,3026.0,7240832.0,875.0,42.0,336.0,1595.0
USA,United States,RES,S,S/LDUAL/CDL+ERL/H:>8/RES:2,S4H/LC/RES3C,TOTAL,13.0,23049453.0,11524405.0,19868628.0,3180824.0,246.0,6908.0,34573858.0,1997.0,164.0,531.0,3337.0
USA,United States,RES,S,S/LDUAL/CDL+ERL/H:>8/RES:2,S4H/LC/RES3D,TOTAL,15.0,55904879.0,27951690.0,48190005.0,7714873.0,293.0,18744.0,83856569.0,5418.0,333.0,1250.0,2983.0
USA,United States,RES,S,S/LDUAL/CDL+ERL/H:>8/RES:2,S4H/LC/RES3E,TOTAL,35.0,200464839.0,100231376.0,172800687.0,27664147.0,1520.0,66996.0,300696214.0,19363.0,828.0,1914.0,2992.0
USA,United States,RES,S,S/LDUAL/CDL+ERL/H:>8/RES:3,S4H/LC/RES4,TOTAL,108.0,925298643.0,462645990.0,799458047.0,125840622.0,4004.0,340804.0,1387944632.0,98501.0,0.0,3156.0,2715.0
USA,United States,COM,S,S/LDUAL/CDM+ERM/H:1-3/COM:1,S4L/MC/COM1,TOTAL,3118.0,4673150553.0,4673150553.0,3299244148.0,1373906262.0,658.0,2672869.0,9346301106.0,1033038.0,0.0,857.0,1748.0
USA,United States,COM,S,S/LDUAL/CDM+ERM/H:1-3/COM:2,S4L/MC/COM2,TOTAL,2851.0,5955705898.0,5955705898.0,4026057178.0,1929648721.0,660.0,3468892.0,11911411796.0,1340690.0,0.0,1217.0,1717.0
USA,United States,COM,S,S/LDUAL/CDM+ERM/H:1-3/COM:3,S4L/MC/COM4,TOTAL,4403.0,7127790969.0,7127790969.0,5759255299.0,1368535877.0,640.0,2766620.0,14255581939.0,1069273.0,0.0,628.0,2576.0
USA,United States,COM,S,S/LDUAL/CDM+ERM/H:1-3/COM:3A,S4L/MC/COM5,TOTAL,393.0,826044189.0,826044189.0,712050080.0,113994095.0,52.0,208997.0,1652088378.0,80776.0,0.0,532.0,3952.0
USA,United States,COM,S,S/LDUAL/CDM+ERM/H:1-3/COM:3B,S4L/MC/COM3,TOTAL,1621.0,1768328162.0,1768328162.0,1481858999.0,286469163.0,212.0,812863.0,3536656323.0,314165.0,0.0,501.0,2175.0
USA,United States,COM,S,S/LDUAL/CDM+ERM/H:1-3/COM:4,S4L/MC/COM10,TOTAL,298.0,379438740.0,189681344.0,148360549.0,231078204.0,79.0,300831.0,569120084.0,116268.0,0.0,1010.0,1261.0
USA,United States,COM,S,S/LDUAL/CDM+ERM/H:1-3/COM:5,S4L/MC/COM8,TOTAL,4285.0,9068650680.0,9068650680.0,8161785401.0,906865084.0,717.0,2592537.0,18137301360.0,1001992.0,0.0,605.0,3498.0
USA,United States,IND,S,S/LDUAL/CDM+ERM/H:1-3/IND:1,S4L/MC/IND1,TOTAL,1001.0,4785632480.0,7178517584.0,4034288150.0,751344325.0,1967.0,2260312.0,11964150065.0,775636.0,0.0,2258.0,2117.0
USA,United States,IND,S,S/LDUAL/CDM+ERM/H:1-3/IND:2,S4L/MC/IND2,TOTAL,3149.0,7772500530.0,11658828426.0,6552217913.0,1220282625.0,3344.0,4247890.0,19431328956.0,1457682.0,0.0,1349.0,1830.0
USA,United States,IND,S,S/LDUAL/CDM+ERM/H:1-3/IND:3,S4L/MC/IND3,TOTAL,375.0,2737200112.0,4105835723.0,2307459691.0,429740430.0,826.0,876452.0,6843035835.0,300758.0,0.0,2337.0,3123.0
USA,United States,IND,S,S/LDUAL/CDM+ERM/H:1-3/IND:4,S4L/MC/IND4,TOTAL,236.0,1269669154.0,1904529659.0,1070331090.0,199338065.0,331.0,436693.0,3174198813.0,149853.0,0.0,1850.0,2907.0
USA,United States,IND,S,S/LDUAL/CDM+ERM/H:1-3/IND:5,S4L/MC/IND5,TOTAL,657.0,1934528644.0,2901833078.0,1630807641.0,303721007.0,567.0,632935.0,4836361722.0,217195.0,0.0,963.0,3056.0
USA,United States,IND,S,S/LDUAL/CDM+ERM/H:1-3/IND:6,S4L/MC/IND6,TOTAL,128.0,108139260.0,108139260.0,91161396.0,16977864.0,72.0,73995.0,216278520.0,25392.0,0.0,578.0,1461.0
USA,United States,RES,S,S/LDUAL/CDM+ERM/H:1-3/RES:2,S4L/MC/RES3E,TOTAL,47.0,281666503.0,140828653.0,242796522.0,38869977.0,1990.0,88790.0,422495157.0,25556.0,763.0,1889.0,3172.0
USA,United States,RES,S,S/LDUAL/CDM+ERM/H:1-3/RES:2,S4L/MC/RES3C,TOTAL,727.0,1128589390.0,564286721.0,972844043.0,155745332.0,6453.0,309914.0,1692876112.0,89204.0,2491.0,426.0,3642.0
USA,United States,RES,S,S/LDUAL/CDM+ERM/H:1-3/RES:2,S4L/MC/RES3B,TOTAL,861.0,426529422.0,213258979.0,367668356.0,58861059.0,4984.0,248651.0,639788401.0,71571.0,1893.0,289.0,1715.0
USA,United States,RES,S,S/LDUAL/CDM+ERM/H:1-3/RES:2,S4L/MC/RES3A,TOTAL,1831.0,883385124.0,441684799.0,761477968.0,121907144.0,7665.0,452145.0,1325069923.0,130144.0,2779.0,247.0,1954.0
USA,United States,RES,S,S/LDUAL/CDM+ERM/H:1-3/RES:2,S4L/MC/RES3F,TOTAL,11.0,218416035.0,109206401.0,188274623.0,30141412.0,1176.0,73815.0,327622436.0,21246.0,519.0,6710.0,2959.0
USA,United States,RES,S,S/LDUAL/CDM+ERM/H:1-3/RES:2,S4L/MC/RES3D,TOTAL,207.0,551688316.0,275839404.0,475555323.0,76132986.0,3395.0,161640.0,827527720.0,46525.0,1371.0,781.0,3413.0
USA,United States,RES,S,S/LDUAL/CDM+ERM/H:1-3/RES:3,S4L/MC/RES4,TOTAL,245.0,770512264.0,385240814.0,665722616.0,104789674.0,3827.0,278460.0,1155753078.0,80150.0,0.0,1137.0,2767.0
USA,United States,RES,S,S/LDUAL/CDM+ERM/H:1-3/RES:4,S4L/MC/RES5,TOTAL,174.0,2107484329.0,1053726087.0,1711277221.0,396207040.0,12007.0,669160.0,3161210415.0,192604.0,0.0,3846.0,3149.0
USA,United States,RES,S,S/LDUAL/CDM+ERM/H:1-3/RES:4,S4L/MC/RES6,TOTAL,7.0,6624087.0,3311846.0,5405255.0,1218832.0,22.0,2051.0,9935934.0,590.0,0.0,293.0,3230.0
USA,United States,COM,S,S/LDUAL/CDM+ERM/H:4-7/COM:1,S4M/MC/COM1,TOTAL,261.0,438477423.0,438477423.0,309565048.0,128912362.0,109.0,239059.0,876954847.0,92614.0,0.0,916.0,1834.0
USA,United States,COM,S,S/LDUAL/CDM+ERM/H:4-7/COM:2,S4M/MC/COM2,TOTAL,12.0,46553871.0,46553871.0,31470417.0,15083454.0,7.0,29715.0,93107741.0,11512.0,0.0,2476.0,1567.0
USA,United States,COM,S,S/LDUAL/CDM+ERM/H:4-7/COM:3,S4M/MC/COM4,TOTAL,324.0,637569906.0,637569906.0,515156503.0,122413423.0,84.0,234681.0,1275139812.0,90918.0,0.0,724.0,2717.0
USA,United States,COM,S,S/LDUAL/CDM+ERM/H:4-7/COM:3A,S4M/MC/COM5,TOTAL,39.0,79674690.0,79674690.0,68679582.0,10995107.0,7.0,19177.0,159349381.0,7429.0,0.0,492.0,4155.0
USA,United States,COM,S,S/LDUAL/CDM+ERM/H:4-7/COM:3B,S4M/MC/COM3,TOTAL,100.0,129751887.0,129751887.0,108732081.0,21019806.0,32.0,60154.0,259503774.0,23305.0,0.0,602.0,2157.0
USA,United States,COM,S,S/LDUAL/CDM+ERM/H:4-7/COM:4,S4M/MC/COM10,TOTAL,108.0,45921364.0,22956657.0,17955254.0,27966112.0,17.0,35894.0,68878021.0,13906.0,0.0,332.0,1279.0
USA,United States,COM,S,S/LDUAL/CDM+ERM/H:4-7/COM:5,S4M/MC/COM8,TOTAL,289.0,732635716.0,732635716.0,659372127.0,73263573.0,98.0,202568.0,1465271431.0,78477.0,0.0,701.0,3617.0
USA,United States,IND,S,S/LDUAL/CDM+ERM/H:4-7/IND:1,S4M/MC/IND1,TOTAL,106.0,617389498.0,926091021.0,520459347.0,96930155.0,187.0,269910.0,1543480519.0,92891.0,0.0,2546.0,2287.0
USA,United States,IND,S,S/LDUAL/CDM+ERM/H:4-7/IND:2,S4M/MC/IND2,TOTAL,157.0,384551720.0,576834899.0,324177098.0,60374622.0,230.0,201810.0,961386619.0,69454.0,0.0,1285.0,1906.0
USA,United States,IND,S,S/LDUAL/CDM+ERM/H:4-7/IND:3,S4M/MC/IND3,TOTAL,20.0,186332415.0,279498761.0,157078226.0,29254190.0,60.0,56904.0,465831176.0,19584.0,0.0,2845.0,3275.0
USA,United States,IND,S,S/LDUAL/CDM+ERM/H:4-7/IND:4,S4M/MC/IND4,TOTAL,66.0,455711286.0,683567281.0,384164603.0,71546674.0,43.0,143333.0,1139278567.0,49329.0,0.0,2172.0,3179.0
USA,United States,IND,S,S/LDUAL/CDM+ERM/H:4-7/IND:5,S4M/MC/IND5,TOTAL,32.0,60964868.0,91448864.0,51393384.0,9571485.0,41.0,18751.0,152413732.0,6453.0,0.0,586.0,3251.0
USA,United States,RES,S,S/LDUAL/CDM+ERM/H:4-7/RES:2,S4M/MC/RES3E,TOTAL,175.0,1037223127.0,518606903.0,894086323.0,143136788.0,6837.0,341693.0,1555830031.0,98583.0,3831.0,1953.0,3036.0
USA,United States,RES,S,S/LDUAL/CDM+ERM/H:4-7/RES:2,S4M/MC/RES3D,TOTAL,204.0,609611219.0,304801080.0,525484864.0,84126346.0,3533.0,185554.0,914412299.0,53535.0,1846.0,910.0,3285.0
USA,United States,RES,S,S/LDUAL/CDM+ERM/H:4-7/RES:2,S4M/MC/RES3C,TOTAL,320.0,518164725.0,259080261.0,446657987.0,71506730.0,2958.0,143140.0,777244987.0,41298.0,1343.0,447.0,3620.0
USA,United States,RES,S,S/LDUAL/CDM+ERM/H:4-7/RES:2,S4M/MC/RES3B,TOTAL,276.0,134402663.0,67199998.0,115855094.0,18547567.0,1441.0,75587.0,201602660.0,21808.0,672.0,274.0,1778.0
USA,United States,RES,S,S/LDUAL/CDM+ERM/H:4-7/RES:2,S4M/MC/RES3F,TOTAL,64.0,722920894.0,361455368.0,623157802.0,99763081.0,5438.0,262093.0,1084376262.0,75617.0,3720.0,4095.0,2758.0
USA,United States,RES,S,S/LDUAL/CDM+ERM/H:4-7/RES:3,S4M/MC/RES4,TOTAL,34.0,280278982.0,140138102.0,242161048.0,38117943.0,1400.0,100653.0,420417083.0,29040.0,0.0,2960.0,2785.0
USA,United States,RES,S,S/LDUAL/CDM+ERM/H:4-7/RES:4,S4M/MC/RES6,TOTAL,11.0,48247288.0,24122386.0,39369786.0,8877501.0,242.0,12177.0,72369674.0,3513.0,0.0,1107.0,3962.0
USA,United States,RES,S,S/LDUAL/CDM+ERM/H:4-7/RES:4,S4M/MC/RES5,TOTAL,9.0,150311639.0,75154300.0,122053048.0,28258587.0,808.0,49030.0,225465938.0,14146.0,0.0,5448.0,3066.0
USA,United States,COM,S,S/LDUAL/CDM+ERM/H:>8/COM:3,S4H/MC/COM4,TOTAL,263.0,883123193.0,883123193.0,713563575.0,169559654.0,206.0,307504.0,1766246386.0,119342.0,0.0,1169.0,2872.0
USA,United States,COM,S,S/LDUAL/CDM+ERM/H:>8/COM:3A,S4H/MC/COM5,TOTAL,60.0,168551190.0,168551190.0,145291124.0,23260063.0,28.0,40199.0,337102380.0,15601.0,0.0,670.0,4193.0
USA,United States,RES,S,S/LDUAL/CDM+ERM/H:>8/RES:2,S4H/MC/RES3E,TOTAL,23.0,139240674.0,69620126.0,120025459.0,19215212.0,872.0,45601.0,208860800.0,13180.0,706.0,1983.0,3053.0
USA,United States,RES,S,S/LDUAL/CDM+ERM/H:>8/RES:2,S4H/MC/RES3F,TOTAL,43.0,603832645.0,301914621.0,520503737.0,83328903.0,4441.0,218266.0,905747266.0,63084.0,3161.0,5076.0,2766.0
USA,United States,RES,S,S/LDUAL/CDM+ERM/H:>8/RES:2,S4H/MC/RES3D,TOTAL,14.0,41773567.0,20886445.0,36008814.0,5764752.0,192.0,12776.0,62660012.0,3693.0,162.0,913.0,3270.0
USA,United States,RES,S,S/LDUAL/CDM+ERM/H:>8/RES:2,S4H/MC/RES3B,TOTAL,24.0,9206626.0,4602784.0,7936112.0,1270514.0,97.0,5231.0,13809410.0,1512.0,62.0,218.0,1760.0
USA,United States,RES,S,S/LDUAL/CDM+ERM/H:>8/RES:2,S4H/MC/RES3C,TOTAL,19.0,30281979.0,15140074.0,26103066.0,4178913.0,134.0,8777.0,45422053.0,2537.0,81.0,462.0,3450.0
USA,United States,RES,S,S/LDUAL/CDM+ERM/H:>8/RES:3,S4H/MC/RES4,TOTAL,44.0,445927779.0,222963040.0,385281611.0,60646182.0,1732.0,159127.0,668890819.0,45992.0,0.0,3617.0,2802.0
USA,United States,COM,S,S/LDUAL/CDN+ERL/H:1-3/COM:1,S4L/PC/COM1,TOTAL,20753.0,25629530496.0,25629530496.0,18094447773.0,7535081957.0,3794.0,16779049.0,51259060992.0,6484936.0,0.0,809.0,1527.0
USA,United States,COM,S,S/LDUAL/CDN+ERL/H:1-3/COM:2,S4L/PC/COM2,TOTAL,13828.0,27523288332.0,27523288332.0,18605742895.0,8917545450.0,3546.0,17971045.0,55046576663.0,6945617.0,0.0,1300.0,1532.0
USA,United States,COM,S,S/LDUAL/CDN+ERL/H:1-3/COM:3,S4L/PC/COM4,TOTAL,55160.0,75580483290.0,75580483290.0,61069032623.0,14511452923.0,6654.0,32574712.0,151160966581.0,12589786.0,0.0,591.0,2320.0
USA,United States,COM,S,S/LDUAL/CDN+ERL/H:1-3/COM:3A,S4L/PC/COM5,TOTAL,3653.0,6114856906.0,6114856906.0,5271006582.0,843850232.0,413.0,1780537.0,12229713811.0,688165.0,0.0,487.0,3434.0
USA,United States,COM,S,S/LDUAL/CDN+ERL/H:1-3/COM:3B,S4L/PC/COM3,TOTAL,13404.0,13826887809.0,13826887809.0,11586931980.0,2239955831.0,1706.0,7448988.0,27653775618.0,2878970.0,0.0,556.0,1856.0
USA,United States,COM,S,S/LDUAL/CDN+ERL/H:1-3/COM:4,S4L/PC/COM10,TOTAL,1759.0,2550682069.0,1275221228.0,997316694.0,1553365450.0,331.0,2120693.0,3825903297.0,819625.0,0.0,1206.0,1203.0
USA,United States,COM,S,S/LDUAL/CDN+ERL/H:1-3/COM:5,S4L/PC/COM8,TOTAL,11239.0,20172159141.0,20172159141.0,18154942752.0,2017215947.0,1644.0,6803066.0,40344318281.0,2629327.0,0.0,605.0,2965.0
USA,United States,COM,S,S/LDUAL/CDN+ERL/H:1-3/COM:5A,S4L/PC/COM9,TOTAL,570.0,1575323030.0,1575323030.0,1383133652.0,192189411.0,151.0,619090.0,3150646060.0,239272.0,0.0,1086.0,2545.0
USA,United States,IND,S,S/LDUAL/CDN+ERL/H:1-3/IND:1,S4L/PC/IND1,TOTAL,7183.0,35426323215.0,53139984050.0,29864390299.0,5561932934.0,16977.0,18954381.0,88566307265.0,6504274.0,0.0,2639.0,1869.0
USA,United States,IND,S,S/LDUAL/CDN+ERL/H:1-3/IND:2,S4L/PC/IND2,TOTAL,10422.0,28043985435.0,42066209254.0,23641079589.0,4402905859.0,10170.0,17238036.0,70110194689.0,5915306.0,0.0,1654.0,1627.0
USA,United States,IND,S,S/LDUAL/CDN+ERL/H:1-3/IND:3,S4L/PC/IND3,TOTAL,694.0,4410074233.0,6615216909.0,3717692555.0,692381678.0,1992.0,1684733.0,11025291142.0,578124.0,0.0,2428.0,2618.0
USA,United States,IND,S,S/LDUAL/CDN+ERL/H:1-3/IND:4,S4L/PC/IND4,TOTAL,1462.0,8828105567.0,13242352705.0,7442092942.0,1386012621.0,3409.0,3449280.0,22070458272.0,1183635.0,0.0,2359.0,2559.0
USA,United States,IND,S,S/LDUAL/CDN+ERL/H:1-3/IND:5,S4L/PC/IND5,TOTAL,1948.0,5391772545.0,8087806786.0,4545264221.0,846508318.0,1821.0,2039604.0,13479579331.0,699902.0,0.0,1047.0,2644.0
USA,United States,IND,S,S/LDUAL/CDN+ERL/H:1-3/IND:6,S4L/PC/IND6,TOTAL,10211.0,9043083425.0,9043083425.0,7623319282.0,1419764144.0,7183.0,5792079.0,18086166851.0,1987594.0,0.0,567.0,1561.0
USA,United States,RES,S,S/LDUAL/CDN+ERL/H:1-3/RES:3,S4L/PC/RES4,TOTAL,270.0,572274832.0,286121870.0,494445468.0,77829381.0,3234.0,245982.0,858396703.0,70801.0,0.0,911.0,2326.0
USA,United States,RES,S,S/LDUAL/CDN+ERL/H:1-3/RES:4,S4L/PC/RES5,TOTAL,86.0,794294490.0,397139411.0,644967106.0,149327359.0,4195.0,298682.0,1191433901.0,85970.0,0.0,3473.0,2659.0
USA,United States,RES,S,S/LDUAL/CDN+ERL/H:1-3/RES:4,S4L/PC/RES6,TOTAL,72.0,297532254.0,148758938.0,242786314.0,54745935.0,1527.0,105709.0,446291192.0,30426.0,0.0,1468.0,2815.0
USA,United States,COM,S,S/LDUAL/CDN+ERL/H:4-7/COM:1,S4M/PC/COM1,TOTAL,2619.0,3179017931.0,3179017931.0,2244386563.0,934631270.0,697.0,1863337.0,6358035861.0,721875.0,0.0,711.0,1706.0
USA,United States,COM,S,S/LDUAL/CDN+ERL/H:4-7/COM:2,S4M/PC/COM2,TOTAL,1311.0,3065274370.0,3065274370.0,2072125471.0,993148901.0,715.0,1924621.0,6130548739.0,745615.0,0.0,1468.0,1593.0
USA,United States,COM,S,S/LDUAL/CDN+ERL/H:4-7/COM:3,S4M/PC/COM4,TOTAL,3259.0,6522368866.0,6522368866.0,5270074215.0,1252294832.0,1111.0,2682926.0,13044737731.0,1039391.0,0.0,823.0,2431.0
USA,United States,COM,S,S/LDUAL/CDN+ERL/H:4-7/COM:3A,S4M/PC/COM5,TOTAL,255.0,515052008.0,515052008.0,443974824.0,71077175.0,65.0,146069.0,1030104017.0,56589.0,0.0,573.0,3526.0
USA,United States,COM,S,S/LDUAL/CDN+ERL/H:4-7/COM:3B,S4M/PC/COM3,TOTAL,914.0,1244089801.0,1244089801.0,1042547250.0,201542548.0,268.0,648617.0,2488179602.0,251281.0,0.0,710.0,1918.0
USA,United States,COM,S,S/LDUAL/CDN+ERL/H:4-7/COM:4,S4M/PC/COM10,TOTAL,145.0,122808312.0,61398108.0,48018050.0,74790265.0,43.0,107807.0,184206420.0,41766.0,0.0,743.0,1139.0
USA,United States,COM,S,S/LDUAL/CDN+ERL/H:4-7/COM:5,S4M/PC/COM8,TOTAL,2136.0,5213992107.0,5213992107.0,4692592788.0,521399220.0,777.0,1616768.0,10427984214.0,626352.0,0.0,757.0,3225.0
USA,United States,IND,S,S/LDUAL/CDN+ERL/H:4-7/IND:1,S4M/PC/IND1,TOTAL,19.0,83407928.0,125112892.0,70312883.0,13095045.0,38.0,42609.0,208520820.0,14664.0,0.0,2243.0,1958.0
USA,United States,IND,S,S/LDUAL/CDN+ERL/H:4-7/IND:2,S4M/PC/IND2,TOTAL,1614.0,3359787055.0,5039713061.0,2832300474.0,527486583.0,2138.0,1956306.0,8399500116.0,673276.0,0.0,1212.0,1717.0
USA,United States,IND,S,S/LDUAL/CDN+ERL/H:4-7/IND:3,S4M/PC/IND3,TOTAL,111.0,1001046755.0,1501583216.0,843882419.0,157164346.0,759.0,380127.0,2502629971.0,130823.0,0.0,3425.0,2633.0
USA,United States,IND,S,S/LDUAL/CDN+ERL/H:4-7/IND:4,S4M/PC/IND4,TOTAL,23.0,117720437.0,176581293.0,99238327.0,18482109.0,71.0,44441.0,294301731.0,15295.0,0.0,1932.0,2649.0
USA,United States,IND,S,S/LDUAL/CDN+ERL/H:4-7/IND:5,S4M/PC/IND5,TOTAL,151.0,546600452.0,819915462.0,460784180.0,85816274.0,260.0,190429.0,1366515913.0,65538.0,0.0,1261.0,2870.0
USA,United States,RES,S,S/LDUAL/CDN+ERL/H:4-7/RES:2,S4M/PC/RES3C,TOTAL,250.0,403916296.0,201955459.0,348175844.0,55740448.0,2231.0,107987.0,605871755.0,31156.0,1091.0,432.0,3740.0
USA,United States,RES,S,S/LDUAL/CDN+ERL/H:4-7/RES:2,S4M/PC/RES3D,TOTAL,86.0,259632020.0,129814059.0,223802798.0,35829218.0,1396.0,75033.0,389446078.0,21648.0,749.0,872.0,3460.0
USA,United States,RES,S,S/LDUAL/CDN+ERL/H:4-7/RES:2,S4M/PC/RES3E,TOTAL,67.0,354208138.0,177102061.0,305327413.0,48880722.0,2619.0,119805.0,531310199.0,34565.0,1552.0,1788.0,2957.0
USA,United States,RES,S,S/LDUAL/CDN+ERL/H:4-7/RES:2,S4M/PC/RES3F,TOTAL,23.0,242452155.0,121223754.0,208993754.0,33458396.0,1923.0,97290.0,363675910.0,28069.0,1262.0,4230.0,2492.0
USA,United States,RES,S,S/LDUAL/CDN+ERL/H:4-7/RES:2,S4M/PC/RES3B,TOTAL,273.0,132081735.0,66039280.0,113854454.0,18227279.0,1459.0,73647.0,198121015.0,21248.0,684.0,270.0,1793.0
USA,United States,RES,S,S/LDUAL/CDN+ERL/H:4-7/RES:3,S4M/PC/RES4,TOTAL,25.0,161969886.0,80982500.0,139941986.0,22027906.0,1034.0,61615.0,242952385.0,17777.0,0.0,2465.0,2629.0
USA,United States,COM,S,S/LDUAL/CDN+ERL/H:>8/COM:3,S4H/PC/COM4,TOTAL,1734.0,8162832973.0,8162832973.0,6595569283.0,1567263935.0,2250.0,3157846.0,16325665947.0,1225553.0,0.0,1821.0,2585.0
USA,United States,COM,S,S/LDUAL/CDN+ERL/H:>8/COM:3A,S4H/PC/COM5,TOTAL,306.0,679636672.0,679636672.0,585846804.0,93789858.0,104.0,181660.0,1359273343.0,70503.0,0.0,594.0,3741.0
USA,United States,COM,S,S/LDUAL/CDN+ERL/H:>8/COM:4,S4H/PC/COM10,TOTAL,187.0,55888726.0,27941137.0,21852492.0,34036236.0,27.0,49925.0,83829863.0,19376.0,0.0,267.0,1119.0
USA,United States,RES,S,S/LDUAL/CDN+ERL/H:>8/RES:2,S4H/PC/RES3F,TOTAL,88.0,1534885308.0,767440027.0,1323071124.0,211814167.0,12487.0,566889.0,2302325335.0,163844.0,7027.0,6442.0,2708.0
USA,United States,RES,S,S/LDUAL/CDN+ERL/H:>8/RES:2,S4H/PC/RES3E,TOTAL,56.0,337525939.0,168761944.0,290947357.0,46578579.0,2698.0,106997.0,506287882.0,30925.0,1665.0,1911.0,3155.0
USA,United States,RES,S,S/LDUAL/CDN+ERL/H:>8/RES:2,S4H/PC/RES3D,TOTAL,85.0,146652843.0,73325120.0,126414750.0,20238092.0,824.0,49988.0,219977964.0,14448.0,484.0,588.0,2934.0
USA,United States,RES,S,S/LDUAL/CDN+ERL/H:>8/RES:2,S4H/PC/RES3B,TOTAL,12.0,6913249.0,3456455.0,5959221.0,954028.0,105.0,3827.0,10369704.0,1106.0,51.0,319.0,1806.0
USA,United States,RES,S,S/LDUAL/CDN+ERL/H:>8/RES:2,S4H/PC/RES3C,TOTAL,23.0,35295152.0,17646864.0,30424420.0,4870731.0,202.0,9982.0,52942016.0,2885.0,127.0,434.0,3536.0
USA,United States,RES,S,S/LDUAL/CDN+ERL/H:>8/RES:3,S4H/PC/RES4,TOTAL,139.0,684819566.0,342407421.0,591684120.0,93135466.0,2553.0,271492.0,1027226987.0,78468.0,0.0,1953.0,2522.0
USA,United States,RES,S,S/LDUAL/CDN+ERL/H:>8/RES:4,S4H/PC/RES5,TOTAL,20.0,264279345.0,132138615.0,214594826.0,49684516.0,1593.0,85829.0,396417960.0,24807.0,0.0,4291.0,3079.0
USA,United States,COM,S,S/LFBR/CDH+ERH/H:1-3/COM:1,S2L/HC/COM1,TOTAL,1279.0,2522977996.0,2522977996.0,1781222392.0,741755531.0,334.0,1360341.0,5045955992.0,509767.0,0.0,1064.0,1855.0
USA,United States,COM,S,S/LFBR/CDH+ERH/H:1-3/COM:2,S2L/HC/COM2,TOTAL,1037.0,2723655117.0,2723655117.0,1841190859.0,882464262.0,289.0,1470225.0,5447310234.0,550943.0,0.0,1418.0,1853.0
USA,United States,COM,S,S/LFBR/CDH+ERH/H:1-3/COM:3,S2L/HC/COM4,TOTAL,1831.0,4006120605.0,4006120605.0,3236945562.0,769175160.0,361.0,1430979.0,8012241209.0,536238.0,0.0,782.0,2800.0
USA,United States,COM,S,S/LFBR/CDH+ERH/H:1-3/COM:3A,S2L/HC/COM5,TOTAL,178.0,387663621.0,387663621.0,334166037.0,53497578.0,26.0,90820.0,775327243.0,34034.0,0.0,510.0,4268.0
USA,United States,COM,S,S/LFBR/CDH+ERH/H:1-3/COM:3B,S2L/HC/COM3,TOTAL,769.0,1017736976.0,1017736976.0,852863583.0,164873390.0,123.0,449452.0,2035473951.0,168426.0,0.0,584.0,2264.0
USA,United States,COM,S,S/LFBR/CDH+ERH/H:1-3/COM:4,S2L/HC/COM10,TOTAL,153.0,254562380.0,127264796.0,99533891.0,155028498.0,46.0,194511.0,381827177.0,72890.0,0.0,1271.0,1309.0
USA,United States,COM,S,S/LFBR/CDH+ERH/H:1-3/COM:5,S2L/HC/COM8,TOTAL,2045.0,5639567224.0,5639567224.0,5075610384.0,563956732.0,410.0,1552493.0,11279134448.0,581774.0,0.0,759.0,3633.0
USA,United States,COM,S,S/LFBR/CDH+ERH/H:1-3/COM:5A,S2L/HC/COM9,TOTAL,78.0,348861068.0,348861068.0,306300024.0,42561051.0,33.0,116311.0,697722136.0,43586.0,0.0,1491.0,2999.0
USA,United States,IND,S,S/LFBR/CDH+ERH/H:1-3/IND:1,S2L/HC/IND1,TOTAL,800.0,3850969090.0,5776511375.0,3246366929.0,604602167.0,1613.0,1693898.0,9627480465.0,572803.0,0.0,2117.0,2273.0
USA,United States,IND,S,S/LFBR/CDH+ERH/H:1-3/IND:2,S2L/HC/IND2,TOTAL,2083.0,5093335283.0,7640045959.0,4293681621.0,799653665.0,2536.0,2703244.0,12733381242.0,914120.0,0.0,1298.0,1884.0
USA,United States,IND,S,S/LFBR/CDH+ERH/H:1-3/IND:3,S2L/HC/IND3,TOTAL,191.0,1308129587.0,1962209723.0,1102753236.0,205376352.0,387.0,404097.0,3270339310.0,136648.0,0.0,2116.0,3237.0
USA,United States,IND,S,S/LFBR/CDH+ERH/H:1-3/IND:4,S2L/HC/IND4,TOTAL,206.0,1188022240.0,1782046550.0,1001502742.0,186519498.0,302.0,372764.0,2970068791.0,126052.0,0.0,1810.0,3187.0
USA,United States,IND,S,S/LFBR/CDH+ERH/H:1-3/IND:5,S2L/HC/IND5,TOTAL,36.0,77756286.0,116636567.0,65548549.0,12207737.0,26.0,25539.0,194392853.0,8636.0,0.0,709.0,3045.0
USA,United States,IND,S,S/LFBR/CDH+ERH/H:1-3/IND:6,S2L/HC/IND6,TOTAL,1759.0,1987479926.0,1987479926.0,1675445569.0,312034358.0,1453.0,1047638.0,3974959852.0,354268.0,0.0,596.0,1897.0
USA,United States,RES,S,S/LFBR/CDH+ERH/H:1-3/RES:1,S2L/HC/RES1,TOTAL,400.0,104705344.0,52352486.0,80204290.0,24501050.0,694.0,43032.0,157057830.0,12217.0,540.0,108.0,2433.0
USA,United States,RES,S,S/LFBR/CDH+ERH/H:1-3/RES:2,S2L/HC/RES3B,TOTAL,326.0,185139681.0,92566844.0,159590403.0,25549275.0,1745.0,122282.0,277706525.0,34718.0,748.0,375.0,1514.0
USA,United States,RES,S,S/LFBR/CDH+ERH/H:1-3/RES:2,S2L/HC/RES3F,TOTAL,16.0,162931121.0,81464583.0,140446624.0,22484494.0,1187.0,62241.0,244395704.0,17671.0,650.0,3890.0,2618.0
USA,United States,RES,S,S/LFBR/CDH+ERH/H:1-3/RES:2,S2L/HC/RES3E,TOTAL,62.0,282902871.0,141449151.0,243862273.0,39040595.0,1593.0,103141.0,424352022.0,29283.0,935.0,1664.0,2743.0
USA,United States,RES,S,S/LFBR/CDH+ERH/H:1-3/RES:2,S2L/HC/RES3D,TOTAL,83.0,199871665.0,99934182.0,172289372.0,27582289.0,1138.0,67110.0,299805847.0,19054.0,579.0,809.0,2978.0
USA,United States,RES,S,S/LFBR/CDH+ERH/H:1-3/RES:2,S2L/HC/RES3C,TOTAL,227.0,342917592.0,171455899.0,295594958.0,47322626.0,1679.0,105322.0,514373490.0,29903.0,776.0,464.0,3256.0
USA,United States,RES,S,S/LFBR/CDH+ERH/H:1-3/RES:2,S2L/HC/RES3A,TOTAL,886.0,464026586.0,232011383.0,399990912.0,64035667.0,3352.0,288941.0,696037969.0,82035.0,1361.0,326.0,1606.0
USA,United States,RES,S,S/LFBR/CDH+ERH/H:1-3/RES:4,S2L/HC/RES5,TOTAL,96.0,1274388387.0,637190736.0,1034803337.0,239585010.0,4924.0,396915.0,1911579123.0,112689.0,0.0,4135.0,3211.0
USA,United States,RES,S,S/LFBR/CDH+ERH/H:1-3/RES:4,S2L/HC/RES6,TOTAL,4.0,22693915.0,11346610.0,18518235.0,4175680.0,125.0,6415.0,34040525.0,1821.0,0.0,1604.0,3538.0
USA,United States,COM,S,S/LFBR/CDH+ERH/H:4-7/COM:1,S2M/HC/COM1,TOTAL,237.0,458389506.0,458389506.0,323622978.0,134766515.0,88.0,245805.0,916779013.0,92299.0,0.0,1037.0,1865.0
USA,United States,COM,S,S/LFBR/CDH+ERH/H:4-7/COM:2,S2M/HC/COM2,TOTAL,229.0,605231895.0,605231895.0,409136761.0,196095135.0,105.0,315229.0,1210463790.0,118368.0,0.0,1377.0,1920.0
USA,United States,COM,S,S/LFBR/CDH+ERH/H:4-7/COM:3,S2M/HC/COM4,TOTAL,383.0,965141975.0,965141975.0,779834742.0,185307261.0,140.0,341154.0,1930283951.0,128103.0,0.0,891.0,2829.0
USA,United States,COM,S,S/LFBR/CDH+ERH/H:4-7/COM:3A,S2M/HC/COM5,TOTAL,31.0,210752876.0,210752876.0,181668977.0,29083896.0,15.0,49958.0,421505753.0,18759.0,0.0,1612.0,4219.0
USA,United States,COM,S,S/LFBR/CDH+ERH/H:4-7/COM:3B,S2M/HC/COM3,TOTAL,126.0,185484433.0,185484433.0,155435955.0,30048478.0,35.0,79540.0,370968866.0,29867.0,0.0,631.0,2332.0
USA,United States,COM,S,S/LFBR/CDH+ERH/H:4-7/COM:4,S2M/HC/COM10,TOTAL,47.0,23675438.0,11836619.0,9257096.0,14418342.0,6.0,17575.0,35512056.0,6600.0,0.0,374.0,1347.0
USA,United States,COM,S,S/LFBR/CDH+ERH/H:4-7/COM:5,S2M/HC/COM8,TOTAL,929.0,2975363825.0,2975363825.0,2677827372.0,297536388.0,375.0,816821.0,5950727650.0,306714.0,0.0,879.0,3643.0
USA,United States,COM,S,S/LFBR/CDH+ERH/H:4-7/COM:5A,S2M/HC/COM9,TOTAL,29.0,177796066.0,177796066.0,156104952.0,21691121.0,29.0,61438.0,355592132.0,23070.0,0.0,2119.0,2894.0
USA,United States,IND,S,S/LFBR/CDH+ERH/H:4-7/IND:3,S2M/HC/IND3,TOTAL,22.0,301956430.0,452934375.0,254549265.0,47407161.0,191.0,92300.0,754890804.0,31297.0,0.0,4195.0,3271.0
USA,United States,RES,S,S/LFBR/CDH+ERH/H:4-7/RES:2,S2M/HC/RES3D,TOTAL,196.0,567666840.0,283829602.0,489328809.0,78338022.0,3724.0,171718.0,851496441.0,48855.0,1735.0,876.0,3306.0
USA,United States,RES,S,S/LFBR/CDH+ERH/H:4-7/RES:2,S2M/HC/RES3C,TOTAL,298.0,484544696.0,242268445.0,417677521.0,66867166.0,2929.0,138118.0,726813140.0,39295.0,1338.0,463.0,3508.0
USA,United States,RES,S,S/LFBR/CDH+ERH/H:4-7/RES:2,S2M/HC/RES3B,TOTAL,163.0,80562016.0,40279179.0,69444456.0,11117558.0,877.0,46501.0,120841195.0,13230.0,402.0,285.0,1732.0
USA,United States,RES,S,S/LFBR/CDH+ERH/H:4-7/RES:2,S2M/HC/RES3F,TOTAL,118.0,1800876531.0,900429261.0,1552355557.0,248520955.0,12831.0,642251.0,2701305792.0,182722.0,8091.0,5443.0,2804.0
USA,United States,RES,S,S/LFBR/CDH+ERH/H:4-7/RES:2,S2M/HC/RES3E,TOTAL,150.0,890682199.0,445334001.0,767768047.0,122914141.0,6516.0,289087.0,1336016200.0,82246.0,3125.0,1927.0,3081.0
USA,United States,RES,S,S/LFBR/CDH+ERH/H:4-7/RES:3,S2M/HC/RES4,TOTAL,38.0,212456903.0,106226199.0,183562768.0,28894141.0,1325.0,72960.0,318683101.0,20757.0,0.0,1920.0,2912.0
USA,United States,RES,S,S/LFBR/CDH+ERH/H:4-7/RES:4,S2M/HC/RES5,TOTAL,15.0,125313284.0,62655442.0,101754384.0,23558897.0,669.0,43407.0,187968726.0,12350.0,0.0,2894.0,2887.0
USA,United States,RES,S,S/LFBR/CDH+ERH/H:4-7/RES:4,S2M/HC/RES6,TOTAL,3.0,17190481.0,8595241.0,14027432.0,3163049.0,106.0,4639.0,25785722.0,1320.0,0.0,1546.0,3706.0
USA,United States,COM,S,S/LFBR/CDH+ERH/H:>8/COM:3,S2H/HC/COM4,TOTAL,206.0,947147642.0,947147642.0,765295323.0,181852348.0,208.0,310348.0,1894295283.0,116712.0,0.0,1507.0,3052.0
USA,United States,COM,S,S/LFBR/CDH+ERH/H:>8/COM:3A,S2H/HC/COM5,TOTAL,31.0,103972851.0,103972851.0,89624598.0,14348253.0,17.0,23443.0,207945703.0,8816.0,0.0,756.0,4435.0
USA,United States,RES,S,S/LFBR/CDH+ERH/H:>8/RES:2,S2H/HC/RES3F,TOTAL,30.0,519829678.0,259913251.0,448093177.0,71736494.0,3182.0,185180.0,779742930.0,52766.0,2851.0,6173.0,2807.0
USA,United States,RES,S,S/LFBR/CDH+ERH/H:>8/RES:2,S2H/HC/RES3E,TOTAL,19.0,112235654.0,56117152.0,96747133.0,15488520.0,663.0,37168.0,168352806.0,10591.0,475.0,1956.0,3020.0
USA,United States,RES,S,S/LFBR/CDH+ERH/H:>8/RES:2,S2H/HC/RES3D,TOTAL,3.0,14113452.0,7056514.0,12165796.0,1947656.0,123.0,4401.0,21169967.0,1254.0,82.0,1467.0,3207.0
USA,United States,RES,S,S/LFBR/CDH+ERH/H:>8/RES:2,S2H/HC/RES3C,TOTAL,29.0,172614120.0,86306786.0,148793374.0,23820748.0,162.0,51850.0,258920906.0,14774.0,159.0,1788.0,3329.0
USA,United States,RES,S,S/LFBR/CDH+ERH/H:>8/RES:2,S2H/HC/RES3B,TOTAL,1.0,622737.0,311356.0,536800.0,85938.0,3.0,479.0,934093.0,136.0,5.0,479.0,1300.0
USA,United States,RES,S,S/LFBR/CDH+ERH/H:>8/RES:3,S2H/HC/RES4,TOTAL,25.0,244486315.0,122242834.0,211236182.0,33250141.0,1255.0,82928.0,366729149.0,23630.0,0.0,3317.0,2948.0
USA,United States,COM,S,S/LFBR/CDH+ERS/H:1-3/COM:1,S2L/SC/COM1,TOTAL,3.0,3262240.0,3262240.0,2303141.0,959099.0,0.0,2046.0,6524480.0,767.0,0.0,682.0,1594.0
USA,United States,COM,S,S/LFBR/CDH+ERS/H:1-3/COM:1,S2L/VC/COM1,TOTAL,69.0,128248230.0,128248230.0,90543247.0,37704979.0,18.0,70070.0,256496461.0,26258.0,0.0,1016.0,1830.0
USA,United States,COM,S,S/LFBR/CDH+ERS/H:1-3/COM:2,S2L/SC/COM2,TOTAL,1.0,1446540.0,1446540.0,977861.0,468679.0,0.0,744.0,2893080.0,279.0,0.0,744.0,1944.0
USA,United States,COM,S,S/LFBR/CDH+ERS/H:1-3/COM:2,S2L/VC/COM2,TOTAL,49.0,167753504.0,167753504.0,113401368.0,54352135.0,16.0,89233.0,335507008.0,33439.0,0.0,1821.0,1880.0
USA,United States,COM,S,S/LFBR/CDH+ERS/H:1-3/COM:3,S2L/SC/COM4,TOTAL,3.0,3497775.0,3497775.0,2826202.0,671573.0,0.0,1533.0,6995549.0,574.0,0.0,511.0,2282.0
USA,United States,COM,S,S/LFBR/CDH+ERS/H:1-3/COM:3,S2L/VC/COM4,TOTAL,109.0,226735171.0,226735171.0,183202026.0,43533153.0,25.0,79784.0,453470343.0,29898.0,0.0,732.0,2842.0
USA,United States,COM,S,S/LFBR/CDH+ERS/H:1-3/COM:3A,S2L/VC/COM5,TOTAL,13.0,30363170.0,30363170.0,26173052.0,4190117.0,2.0,6968.0,60726340.0,2611.0,0.0,536.0,4358.0
USA,United States,COM,S,S/LFBR/CDH+ERS/H:1-3/COM:3B,S2L/SC/COM3,TOTAL,1.0,1314234.0,1314234.0,1101328.0,212906.0,0.0,597.0,2628467.0,224.0,0.0,597.0,2201.0
USA,United States,COM,S,S/LFBR/CDH+ERS/H:1-3/COM:3B,S2L/VC/COM3,TOTAL,39.0,46515883.0,46515883.0,38980310.0,7535573.0,5.0,20642.0,93031767.0,7735.0,0.0,529.0,2253.0
USA,United States,COM,S,S/LFBR/CDH+ERS/H:1-3/COM:4,S2L/VC/COM10,TOTAL,10.0,8648776.0,4323215.0,3381671.0,5267105.0,1.0,6528.0,12971991.0,2446.0,0.0,653.0,1325.0
USA,United States,COM,S,S/LFBR/CDH+ERS/H:1-3/COM:5,S2L/VC/COM8,TOTAL,113.0,359540340.0,359540340.0,323586298.0,35954035.0,27.0,98322.0,719080680.0,36845.0,0.0,870.0,3657.0
USA,United States,COM,S,S/LFBR/CDH+ERS/H:1-3/COM:5,S2L/SC/COM8,TOTAL,4.0,11720955.0,11720955.0,10548859.0,1172096.0,1.0,3268.0,23441910.0,1225.0,0.0,817.0,3587.0
USA,United States,COM,S,S/LFBR/CDH+ERS/H:1-3/COM:5A,S2L/VC/COM9,TOTAL,14.0,46056309.0,46056309.0,40437440.0,5618870.0,4.0,14682.0,92112618.0,5502.0,0.0,1049.0,3137.0
USA,United States,IND,S,S/LFBR/CDH+ERS/H:1-3/IND:1,S2L/SC/IND1,TOTAL,9.0,30187064.0,45282203.0,25447695.0,4739369.0,11.0,13111.0,75469267.0,4433.0,0.0,1457.0,2302.0
USA,United States,IND,S,S/LFBR/CDH+ERS/H:1-3/IND:1,S2L/VC/IND1,TOTAL,39.0,210159923.0,315240216.0,177164815.0,32995109.0,91.0,91810.0,525400139.0,31046.0,0.0,2354.0,2289.0
USA,United States,IND,S,S/LFBR/CDH+ERS/H:1-3/IND:2,S2L/SC/IND2,TOTAL,16.0,43820985.0,65732002.0,36941091.0,6879895.0,29.0,22860.0,109552987.0,7730.0,0.0,1429.0,1917.0
USA,United States,IND,S,S/LFBR/CDH+ERS/H:1-3/IND:2,S2L/VC/IND2,TOTAL,139.0,421980125.0,632974259.0,355729245.0,66250882.0,186.0,219922.0,1054954384.0,74368.0,0.0,1582.0,1919.0
USA,United States,IND,S,S/LFBR/CDH+ERS/H:1-3/IND:4,S2L/VC/IND4,TOTAL,12.0,65382433.0,98076164.0,55117391.0,10265042.0,19.0,19827.0,163458597.0,6705.0,0.0,1652.0,3298.0
USA,United States,IND,S,S/LFBR/CDH+ERS/H:1-3/IND:6,S2L/VC/IND6,TOTAL,136.0,182734444.0,182734444.0,154045136.0,28689309.0,109.0,96568.0,365468888.0,32655.0,0.0,710.0,1892.0
USA,United States,IND,S,S/LFBR/CDH+ERS/H:1-3/IND:6,S2L/SC/IND6,TOTAL,35.0,37783523.0,37783523.0,31851510.0,5932013.0,33.0,19955.0,75567046.0,6748.0,0.0,570.0,1893.0
USA,United States,RES,S,S/LFBR/CDH+ERS/H:1-3/RES:1,S2L/VC/RES1,TOTAL,371.0,91632987.0,45816203.0,70190865.0,21442118.0,527.0,43642.0,137449190.0,12391.0,426.0,118.0,2100.0
USA,United States,RES,S,S/LFBR/CDH+ERS/H:1-3/RES:2,S2L/VC/RES3D,TOTAL,2.0,5156861.0,2578239.0,4445214.0,711647.0,36.0,1964.0,7735100.0,558.0,15.0,982.0,2626.0
USA,United States,RES,S,S/LFBR/CDH+ERS/H:1-3/RES:2,S2L/VC/RES3C,TOTAL,4.0,4405848.0,2202828.0,3797841.0,608007.0,23.0,1573.0,6608675.0,447.0,13.0,393.0,2801.0
USA,United States,RES,S,S/LFBR/CDH+ERS/H:1-3/RES:2,S2L/VC/RES3B,TOTAL,3.0,966968.0,483398.0,833527.0,133442.0,14.0,773.0,1450366.0,219.0,5.0,258.0,1251.0
USA,United States,RES,S,S/LFBR/CDH+ERS/H:1-3/RES:2,S2L/VC/RES3A,TOTAL,15.0,5091470.0,2545665.0,4388847.0,702623.0,37.0,3283.0,7637135.0,932.0,16.0,219.0,1551.0
USA,United States,RES,S,S/LFBR/CDH+ERS/H:1-3/RES:2,S2L/SC/RES3A,TOTAL,1.0,377754.0,188877.0,325624.0,52130.0,6.0,268.0,566631.0,76.0,2.0,268.0,1410.0
USA,United States,COM,S,S/LFBR/CDH+ERS/H:4-7/COM:1,S2M/SC/COM1,TOTAL,31.0,84117427.0,84117427.0,59386900.0,24730524.0,13.0,45180.0,168234854.0,16965.0,0.0,1457.0,1862.0
USA,United States,COM,S,S/LFBR/CDH+ERS/H:4-7/COM:1,S2M/VC/COM1,TOTAL,20.0,44767048.0,44767048.0,31605535.0,13161512.0,7.0,22481.0,89534096.0,8442.0,0.0,1124.0,1991.0
USA,United States,COM,S,S/LFBR/CDH+ERS/H:4-7/COM:2,S2M/VC/COM2,TOTAL,19.0,90756901.0,90756901.0,61351665.0,29405236.0,10.0,45945.0,181513802.0,17252.0,0.0,2418.0,1975.0
USA,United States,COM,S,S/LFBR/CDH+ERS/H:4-7/COM:2,S2M/SC/COM2,TOTAL,23.0,83949980.0,83949980.0,56750187.0,27199794.0,9.0,44818.0,167899960.0,16829.0,0.0,1949.0,1873.0
USA,United States,COM,S,S/LFBR/CDH+ERS/H:4-7/COM:3,S2M/SC/COM4,TOTAL,50.0,97340465.0,97340465.0,78651098.0,18689370.0,12.0,34136.0,194680930.0,12818.0,0.0,683.0,2852.0
USA,United States,COM,S,S/LFBR/CDH+ERS/H:4-7/COM:3,S2M/VC/COM4,TOTAL,37.0,126289826.0,126289826.0,102042183.0,24247647.0,12.0,42319.0,252579652.0,15891.0,0.0,1144.0,2984.0
USA,United States,COM,S,S/LFBR/CDH+ERS/H:4-7/COM:3A,S2M/SC/COM5,TOTAL,7.0,16452083.0,16452083.0,14181695.0,2270387.0,1.0,3682.0,32904165.0,1383.0,0.0,526.0,4468.0
USA,United States,COM,S,S/LFBR/CDH+ERS/H:4-7/COM:3A,S2M/VC/COM5,TOTAL,7.0,72707769.0,72707769.0,62674096.0,10033672.0,2.0,17271.0,145415538.0,6485.0,0.0,2467.0,4210.0
USA,United States,COM,S,S/LFBR/CDH+ERS/H:4-7/COM:3B,S2M/SC/COM3,TOTAL,14.0,18170600.0,18170600.0,15226963.0,2943637.0,3.0,8080.0,36341200.0,3034.0,0.0,577.0,2249.0
USA,United States,COM,S,S/LFBR/CDH+ERS/H:4-7/COM:3B,S2M/VC/COM3,TOTAL,13.0,27472019.0,27472019.0,23021552.0,4450467.0,2.0,12183.0,54944038.0,4575.0,0.0,937.0,2255.0
USA,United States,COM,S,S/LFBR/CDH+ERS/H:4-7/COM:5,S2M/VC/COM8,TOTAL,101.0,256019115.0,256019115.0,230417197.0,25601912.0,27.0,69215.0,512038229.0,25990.0,0.0,685.0,3699.0
USA,United States,COM,S,S/LFBR/CDH+ERS/H:4-7/COM:5,S2M/SC/COM8,TOTAL,123.0,359323243.0,359323243.0,323390908.0,35932325.0,43.0,99829.0,718646486.0,37486.0,0.0,812.0,3599.0
USA,United States,RES,S,S/LFBR/CDH+ERS/H:4-7/RES:2,S2M/VC/RES3E,TOTAL,21.0,132638816.0,66318685.0,114334658.0,18304156.0,1028.0,42252.0,198957501.0,12021.0,508.0,2012.0,3139.0
USA,United States,RES,S,S/LFBR/CDH+ERS/H:4-7/RES:2,S2M/SC/RES3B,TOTAL,28.0,13524479.0,6761949.0,11658101.0,1866378.0,129.0,7864.0,20286428.0,2237.0,69.0,281.0,1720.0
USA,United States,RES,S,S/LFBR/CDH+ERS/H:4-7/RES:2,S2M/SC/RES3D,TOTAL,23.0,87398252.0,43698373.0,75337293.0,12060959.0,528.0,25877.0,131096625.0,7362.0,254.0,1125.0,3377.0
USA,United States,RES,S,S/LFBR/CDH+ERS/H:4-7/RES:2,S2M/SC/RES3E,TOTAL,16.0,94382813.0,47190645.0,81357983.0,13024828.0,626.0,30909.0,141573458.0,8794.0,321.0,1932.0,3054.0
USA,United States,RES,S,S/LFBR/CDH+ERS/H:4-7/RES:2,S2M/SC/RES3F,TOTAL,21.0,425263293.0,212627607.0,366576957.0,58686333.0,3006.0,145187.0,637890900.0,41306.0,1734.0,6914.0,2929.0
USA,United States,RES,S,S/LFBR/CDH+ERS/H:4-7/RES:2,S2M/VC/RES3B,TOTAL,35.0,15670794.0,7835188.0,13508224.0,2162570.0,196.0,8972.0,23505982.0,2553.0,89.0,256.0,1747.0
USA,United States,RES,S,S/LFBR/CDH+ERS/H:4-7/RES:2,S2M/VC/RES3C,TOTAL,25.0,40856104.0,20427912.0,35217961.0,5638142.0,261.0,11392.0,61284016.0,3241.0,112.0,456.0,3586.0
USA,United States,RES,S,S/LFBR/CDH+ERS/H:4-7/RES:2,S2M/VC/RES3D,TOTAL,12.0,36647620.0,18323440.0,31590248.0,5057372.0,235.0,10510.0,54971060.0,2990.0,113.0,876.0,3487.0
USA,United States,RES,S,S/LFBR/CDH+ERS/H:4-7/RES:2,S2M/VC/RES3F,TOTAL,12.0,187369323.0,93684296.0,161512354.0,25856966.0,1862.0,63392.0,281053620.0,18035.0,890.0,5283.0,2956.0
USA,United States,RES,S,S/LFBR/CDH+ERS/H:4-7/RES:2,S2M/SC/RES3C,TOTAL,40.0,82738038.0,41368654.0,71320188.0,11417849.0,422.0,22913.0,124106693.0,6519.0,192.0,573.0,3611.0
USA,United States,RES,S,S/LFBR/CDH+ERS/H:4-7/RES:3,S2M/VC/RES4,TOTAL,4.0,15322956.0,7661188.0,13239034.0,2083922.0,102.0,5314.0,22984144.0,1512.0,0.0,1328.0,2884.0
USA,United States,RES,S,S/LFBR/CDH+ERS/H:4-7/RES:3,S2M/SC/RES4,TOTAL,22.0,66218934.0,33109426.0,57213159.0,9005776.0,233.0,21052.0,99328360.0,5989.0,0.0,957.0,3145.0
USA,United States,COM,S,S/LFBR/CDH+ERS/H:>8/COM:3,S2H/SC/COM4,TOTAL,11.0,35768959.0,35768959.0,28901319.0,6867640.0,8.0,12245.0,71537917.0,4605.0,0.0,1113.0,2921.0
USA,United States,COM,S,S/LFBR/CDH+ERS/H:>8/COM:3,S2H/VC/COM4,TOTAL,7.0,46830666.0,46830666.0,37839179.0,8991488.0,7.0,16025.0,93661332.0,6027.0,0.0,2289.0,2922.0
USA,United States,RES,S,S/LFBR/CDH+ERS/H:>8/RES:2,S2H/VC/RES3C,TOTAL,1.0,606082.0,303041.0,522443.0,83639.0,1.0,213.0,909124.0,61.0,2.0,213.0,2845.0
USA,United States,RES,S,S/LFBR/CDH+ERS/H:>8/RES:2,S2H/VC/RES3D,TOTAL,1.0,3300942.0,1650471.0,2845412.0,455530.0,13.0,1006.0,4951413.0,287.0,6.0,1006.0,3281.0
USA,United States,RES,S,S/LFBR/CDH+ERS/H:>8/RES:2,S2H/VC/RES3E,TOTAL,1.0,5227693.0,2613847.0,4506272.0,721422.0,40.0,1709.0,7841540.0,487.0,28.0,1709.0,3059.0
USA,United States,RES,S,S/LFBR/CDH+ERS/H:>8/RES:2,S2H/VC/RES3F,TOTAL,3.0,43897966.0,21948971.0,37840046.0,6057919.0,204.0,15677.0,65846937.0,4467.0,314.0,5226.0,2800.0
USA,United States,RES,S,S/LFBR/CDH+ERS/H:>8/RES:2,S2H/SC/RES3B,TOTAL,1.0,363201.0,181591.0,313079.0,50122.0,3.0,218.0,544792.0,62.0,1.0,218.0,1666.0
USA,United States,RES,S,S/LFBR/CDH+ERS/H:>8/RES:2,S2H/SC/RES3F,TOTAL,6.0,90927144.0,45463326.0,78379197.0,12547946.0,573.0,33033.0,136390470.0,9412.0,423.0,5506.0,2753.0
USA,United States,RES,S,S/LFBR/CDH+ERS/H:>8/RES:2,S2H/SC/RES3E,TOTAL,1.0,7544191.0,3772095.0,6503093.0,1041098.0,34.0,2497.0,11316286.0,712.0,28.0,2497.0,3021.0
USA,United States,RES,S,S/LFBR/CDH+ERS/H:>8/RES:3,S2H/SC/RES4,TOTAL,22.0,36655082.0,18327442.0,31669992.0,4985091.0,138.0,13056.0,54982524.0,3720.0,0.0,593.0,2808.0
USA,United States,COM,S,S/LFBR/CDL+ERL/H:1-3/COM:1,S2L/LC/COM1,TOTAL,30121.0,46526735697.0,46526735697.0,32847874031.0,13678860283.0,7608.0,30321437.0,93053471393.0,11362479.0,0.0,1007.0,1534.0
USA,United States,COM,S,S/LFBR/CDL+ERL/H:1-3/COM:2,S2L/LC/COM2,TOTAL,24437.0,50294042255.0,50294042255.0,33998772519.0,16295269731.0,6744.0,32537919.0,100588084509.0,12193057.0,0.0,1332.0,1546.0
USA,United States,COM,S,S/LFBR/CDL+ERL/H:1-3/COM:3,S2L/LC/COM4,TOTAL,47963.0,70492706465.0,70492706465.0,56958108814.0,13534599757.0,6793.0,30336677.0,140985412931.0,11368205.0,0.0,633.0,2324.0
USA,United States,COM,S,S/LFBR/CDL+ERL/H:1-3/COM:3A,S2L/LC/COM5,TOTAL,4159.0,7176472471.0,7176472471.0,6186119185.0,990353176.0,522.0,2068809.0,14352944942.0,775261.0,0.0,497.0,3469.0
USA,United States,COM,S,S/LFBR/CDL+ERL/H:1-3/COM:3B,S2L/LC/COM3,TOTAL,9522.0,10007266847.0,10007266847.0,8386089608.0,1621177234.0,1301.0,5377277.0,20014533694.0,2015063.0,0.0,565.0,1861.0
USA,United States,COM,S,S/LFBR/CDL+ERL/H:1-3/COM:4,S2L/LC/COM10,TOTAL,954.0,1272514574.0,636151343.0,497553203.0,774961409.0,277.0,1148857.0,1908665916.0,430516.0,0.0,1204.0,1108.0
USA,United States,COM,S,S/LFBR/CDL+ERL/H:1-3/COM:5,S2L/LC/COM8,TOTAL,19169.0,36143128669.0,36143128669.0,32528814943.0,3614312930.0,3229.0,12066357.0,72286257337.0,4521692.0,0.0,629.0,2995.0
USA,United States,COM,S,S/LFBR/CDL+ERL/H:1-3/COM:5A,S2L/LC/COM9,TOTAL,510.0,1726869809.0,1726869809.0,1516191731.0,210678119.0,176.0,701617.0,3453739618.0,262920.0,0.0,1376.0,2461.0
USA,United States,IND,S,S/LFBR/CDL+ERL/H:1-3/IND:1,S2L/LC/IND1,TOTAL,6712.0,32731398229.0,49097603094.0,27592568524.0,5138829692.0,16042.0,17756388.0,81829001323.0,6004436.0,0.0,2645.0,1843.0
USA,United States,IND,S,S/LFBR/CDL+ERL/H:1-3/IND:2,S2L/LC/IND2,TOTAL,10901.0,29143778050.0,43715930633.0,24568204738.0,4575573307.0,11873.0,18312418.0,72859708683.0,6192465.0,0.0,1680.0,1591.0
USA,United States,IND,S,S/LFBR/CDL+ERL/H:1-3/IND:3,S2L/LC/IND3,TOTAL,1176.0,7992444672.0,11988833041.0,6737630819.0,1254813855.0,2981.0,3013359.0,19981277713.0,1018987.0,0.0,2562.0,2652.0
USA,United States,IND,S,S/LFBR/CDL+ERL/H:1-3/IND:4,S2L/LC/IND4,TOTAL,1725.0,8947410095.0,13421302289.0,7542666661.0,1404743433.0,2946.0,3443517.0,22368712384.0,1164448.0,0.0,1996.0,2598.0
USA,United States,IND,S,S/LFBR/CDL+ERL/H:1-3/IND:5,S2L/LC/IND5,TOTAL,3994.0,11661426037.0,17492454988.0,9830582086.0,1830843950.0,3805.0,4342712.0,29153881026.0,1468520.0,0.0,1087.0,2685.0
USA,United States,IND,S,S/LFBR/CDL+ERL/H:1-3/IND:6,S2L/LC/IND6,TOTAL,13507.0,11567081054.0,11567081054.0,9751049263.0,1816031786.0,8510.0,7376414.0,23134162107.0,2494403.0,0.0,546.0,1568.0
USA,United States,RES,S,S/LFBR/CDL+ERL/H:1-3/RES:1,S2L/LC/RES1,TOTAL,18.0,8039148.0,4018681.0,6157987.0,1881161.0,79.0,3826.0,12057829.0,1086.0,54.0,213.0,2101.0
USA,United States,RES,S,S/LFBR/CDL+ERL/H:1-3/RES:2,S2L/LC/RES3C,TOTAL,82828.0,104752009285.0,52374607194.0,90296230761.0,14455776918.0,612337.0,36548095.0,157126616478.0,10376503.0,290267.0,441.0,2866.0
USA,United States,RES,S,S/LFBR/CDL+ERL/H:1-3/RES:2,S2L/LC/RES3F,TOTAL,4934.0,47995010954.0,23996981056.0,41371698934.0,6623311347.0,328567.0,20698510.0,71991992010.0,5876570.0,225606.0,4195.0,2319.0
USA,United States,RES,S,S/LFBR/CDL+ERL/H:1-3/RES:2,S2L/LC/RES3E,TOTAL,18116.0,69950590984.0,34974387746.0,60297408617.0,9653181313.0,477559.0,27767074.0,104924978730.0,7883434.0,253002.0,1533.0,2519.0
USA,United States,RES,S,S/LFBR/CDL+ERL/H:1-3/RES:2,S2L/LC/RES3D,TOTAL,48626.0,93324314769.0,46660959955.0,80445558365.0,12878755116.0,592420.0,35128763.0,139985274724.0,9973521.0,302888.0,722.0,2657.0
USA,United States,RES,S,S/LFBR/CDL+ERL/H:1-3/RES:2,S2L/LC/RES3B,TOTAL,96689.0,42952709935.0,21475020416.0,37025235434.0,5927473826.0,486170.0,31263743.0,64427730350.0,8876217.0,211261.0,323.0,1374.0
USA,United States,RES,S,S/LFBR/CDL+ERL/H:1-3/RES:2,S2L/LC/RES3A,TOTAL,311508.0,142499171465.0,71247951067.0,122834284200.0,19664885175.0,1214292.0,94079187.0,213747122532.0,26710327.0,510397.0,302.0,1515.0
USA,United States,RES,S,S/LFBR/CDL+ERL/H:1-3/RES:3,S2L/LC/RES4,TOTAL,791.0,2265761904.0,1132832521.0,1957618329.0,308143636.0,11063.0,949939.0,3398594425.0,269701.0,0.0,1201.0,2385.0
USA,United States,RES,S,S/LFBR/CDL+ERL/H:1-3/RES:4,S2L/LC/RES6,TOTAL,1069.0,6532465029.0,3266119779.0,5330491372.0,1201973569.0,31943.0,2056289.0,9798584808.0,583808.0,0.0,1924.0,3177.0
USA,United States,RES,S,S/LFBR/CDL+ERL/H:1-3/RES:4,S2L/LC/RES5,TOTAL,681.0,7580482503.0,3790195628.0,6155351617.0,1425130663.0,29787.0,2792324.0,11370678131.0,792776.0,0.0,4100.0,2715.0
USA,United States,COM,S,S/LFBR/CDL+ERL/H:4-7/COM:1,S2M/LC/COM1,TOTAL,2628.0,5040354892.0,5040354892.0,3558490412.0,1481864338.0,1218.0,3130985.0,10080709784.0,1175676.0,0.0,1191.0,1610.0
USA,United States,COM,S,S/LFBR/CDL+ERL/H:4-7/COM:2,S2M/LC/COM2,TOTAL,1967.0,6238379457.0,6238379457.0,4217144514.0,2021234954.0,1103.0,3984409.0,12476758915.0,1496132.0,0.0,2026.0,1566.0
USA,United States,COM,S,S/LFBR/CDL+ERL/H:4-7/COM:3,S2M/LC/COM4,TOTAL,4121.0,10355409161.0,10355409161.0,8367170885.0,1988238572.0,1973.0,4283993.0,20710818322.0,1608628.0,0.0,1040.0,2417.0
USA,United States,COM,S,S/LFBR/CDL+ERL/H:4-7/COM:3A,S2M/LC/COM5,TOTAL,484.0,1062654356.0,1062654356.0,916008038.0,146646297.0,104.0,302637.0,2125308712.0,113640.0,0.0,625.0,3511.0
USA,United States,COM,S,S/LFBR/CDL+ERL/H:4-7/COM:3B,S2M/LC/COM3,TOTAL,1459.0,1872300073.0,1872300073.0,1568987457.0,303312613.0,392.0,971639.0,3744600145.0,364849.0,0.0,666.0,1927.0
USA,United States,COM,S,S/LFBR/CDL+ERL/H:4-7/COM:4,S2M/LC/COM10,TOTAL,426.0,197283421.0,98629551.0,77137818.0,120145610.0,61.0,166754.0,295912972.0,62616.0,0.0,391.0,1183.0
USA,United States,COM,S,S/LFBR/CDL+ERL/H:4-7/COM:5,S2M/LC/COM8,TOTAL,2157.0,5970729895.0,5970729895.0,5373656770.0,597073000.0,852.0,1932559.0,11941459790.0,725671.0,0.0,896.0,3090.0
USA,United States,IND,S,S/LFBR/CDL+ERL/H:4-7/IND:2,S2M/LC/IND2,TOTAL,1224.0,4029164302.0,6043776313.0,3396585478.0,632578816.0,2308.0,2482302.0,10072940615.0,841707.0,0.0,2028.0,1623.0
USA,United States,IND,S,S/LFBR/CDL+ERL/H:4-7/IND:3,S2M/LC/IND3,TOTAL,121.0,984235113.0,1476381683.0,829710196.0,154524917.0,628.0,365458.0,2460616797.0,123921.0,0.0,3020.0,2693.0
USA,United States,IND,S,S/LFBR/CDL+ERL/H:4-7/IND:5,S2M/LC/IND5,TOTAL,332.0,1293475171.0,1940231588.0,1090399568.0,203075608.0,714.0,455994.0,3233706759.0,154620.0,0.0,1373.0,2837.0
USA,United States,RES,S,S/LFBR/CDL+ERL/H:4-7/RES:2,S2M/LC/RES3C,TOTAL,454.0,634855800.0,317422829.0,547245692.0,87610098.0,4605.0,193467.0,952278629.0,55043.0,2109.0,426.0,3281.0
USA,United States,RES,S,S/LFBR/CDL+ERL/H:4-7/RES:2,S2M/LC/RES3D,TOTAL,424.0,923071043.0,461525430.0,795687227.0,127383801.0,6937.0,312901.0,1384596473.0,89022.0,3448.0,738.0,2950.0
USA,United States,RES,S,S/LFBR/CDL+ERL/H:4-7/RES:2,S2M/LC/RES3B,TOTAL,870.0,464596577.0,232292811.0,400482244.0,64114326.0,6280.0,261039.0,696889389.0,74268.0,2624.0,300.0,1780.0
USA,United States,RES,S,S/LFBR/CDL+ERL/H:4-7/RES:2,S2M/LC/RES3F,TOTAL,154.0,2335702774.0,1167842076.0,2013375775.0,322326977.0,16815.0,916449.0,3503544850.0,260731.0,10183.0,5951.0,2549.0
USA,United States,RES,S,S/LFBR/CDL+ERL/H:4-7/RES:2,S2M/LC/RES3E,TOTAL,256.0,1104263000.0,552123467.0,951874693.0,152388290.0,9469.0,399823.0,1656386468.0,113751.0,4691.0,1562.0,2762.0
USA,United States,RES,S,S/LFBR/CDL+ERL/H:4-7/RES:3,S2M/LC/RES4,TOTAL,207.0,1242867207.0,621421224.0,1073837296.0,169029950.0,6097.0,518287.0,1864288432.0,147454.0,0.0,2504.0,2398.0
USA,United States,RES,S,S/LFBR/CDL+ERL/H:4-7/RES:4,S2M/LC/RES6,TOTAL,3.0,13017520.0,6507600.0,10622296.0,2395224.0,66.0,3453.0,19525120.0,982.0,0.0,1151.0,3770.0
USA,United States,RES,S,S/LFBR/CDL+ERL/H:4-7/RES:4,S2M/LC/RES5,TOTAL,55.0,507345288.0,253668059.0,411964365.0,95380911.0,2763.0,180146.0,761013346.0,51252.0,0.0,3275.0,2816.0
USA,United States,COM,S,S/LFBR/CDL+ERL/H:>8/COM:3,S2H/LC/COM4,TOTAL,1934.0,16999642853.0,16999642853.0,13735711802.0,3263931456.0,5157.0,6707366.0,33999285706.0,2522428.0,0.0,3468.0,2534.0
USA,United States,COM,S,S/LFBR/CDL+ERL/H:>8/COM:3A,S2H/LC/COM5,TOTAL,352.0,879436808.0,879436808.0,758074520.0,121362277.0,139.0,244259.0,1758873615.0,91859.0,0.0,694.0,3600.0
USA,United States,COM,S,S/LFBR/CDL+ERL/H:>8/COM:4,S2H/LC/COM10,TOTAL,488.0,132886223.0,66436636.0,51958513.0,80927713.0,55.0,113332.0,199322859.0,42621.0,0.0,232.0,1173.0
USA,United States,RES,S,S/LFBR/CDL+ERL/H:>8/RES:2,S2H/LC/RES3F,TOTAL,178.0,2928003292.0,1463993911.0,2523938808.0,404064443.0,26627.0,1106960.0,4391997203.0,315421.0,18287.0,6219.0,2645.0
USA,United States,RES,S,S/LFBR/CDL+ERL/H:>8/RES:2,S2H/LC/RES3E,TOTAL,72.0,429963320.0,214978556.0,370628378.0,59334937.0,2945.0,143584.0,644941876.0,40913.0,1934.0,1994.0,2995.0
USA,United States,RES,S,S/LFBR/CDL+ERL/H:>8/RES:2,S2H/LC/RES3D,TOTAL,43.0,106787300.0,53392217.0,92050651.0,14736647.0,620.0,34053.0,160179517.0,9703.0,585.0,792.0,3136.0
USA,United States,RES,S,S/LFBR/CDL+ERL/H:>8/RES:2,S2H/LC/RES3C,TOTAL,35.0,41524879.0,20761791.0,35794445.0,5730433.0,289.0,12447.0,62286670.0,3547.0,163.0,356.0,3336.0
USA,United States,RES,S,S/LFBR/CDL+ERL/H:>8/RES:2,S2H/LC/RES3B,TOTAL,17.0,10190236.0,5095006.0,8783984.0,1406253.0,110.0,6474.0,15285242.0,1845.0,84.0,381.0,1574.0
USA,United States,RES,S,S/LFBR/CDL+ERL/H:>8/RES:3,S2H/LC/RES4,TOTAL,468.0,1755580541.0,877779768.0,1516821616.0,238758968.0,7724.0,691461.0,2633360308.0,197027.0,0.0,1477.0,2539.0
USA,United States,RES,S,S/LFBR/CDL+ERL/H:>8/RES:4,S2H/LC/RES5,TOTAL,35.0,453317309.0,226655696.0,368093643.0,85223651.0,4853.0,139119.0,679973005.0,39641.0,0.0,3975.0,3258.0
USA,United States,COM,S,S/LFBR/CDM+ERM/H:1-3/COM:1,S2L/MC/COM1,TOTAL,3109.0,4693194288.0,4693194288.0,3313395020.0,1379799121.0,677.0,2718600.0,9386388576.0,1018754.0,0.0,874.0,1726.0
USA,United States,COM,S,S/LFBR/CDM+ERM/H:1-3/COM:2,S2L/MC/COM2,TOTAL,2730.0,5855335149.0,5855335149.0,3958206554.0,1897128597.0,664.0,3458244.0,11710670299.0,1295922.0,0.0,1267.0,1693.0
USA,United States,COM,S,S/LFBR/CDM+ERM/H:1-3/COM:3,S2L/MC/COM4,TOTAL,4905.0,8027983264.0,8027983264.0,6486610704.0,1541372798.0,723.0,3110512.0,16055966528.0,1165619.0,0.0,634.0,2581.0
USA,United States,COM,S,S/LFBR/CDM+ERM/H:1-3/COM:3A,S2L/MC/COM5,TOTAL,417.0,740519411.0,740519411.0,638327723.0,102191676.0,53.0,189661.0,1481038823.0,71073.0,0.0,455.0,3904.0
USA,United States,COM,S,S/LFBR/CDM+ERM/H:1-3/COM:3B,S2L/MC/COM3,TOTAL,1935.0,2118134073.0,2118134073.0,1774996354.0,343137721.0,257.0,967428.0,4236268147.0,362531.0,0.0,500.0,2189.0
USA,United States,COM,S,S/LFBR/CDM+ERM/H:1-3/COM:4,S2L/MC/COM10,TOTAL,284.0,298204577.0,149065985.0,116597990.0,181606595.0,57.0,238430.0,447270562.0,89348.0,0.0,840.0,1251.0
USA,United States,COM,S,S/LFBR/CDM+ERM/H:1-3/COM:5,S2L/MC/COM8,TOTAL,4394.0,9331377251.0,9331377251.0,8398239316.0,933137741.0,727.0,2669823.0,18662754503.0,1000478.0,0.0,608.0,3495.0
USA,United States,COM,S,S/LFBR/CDM+ERM/H:1-3/COM:5A,S2L/MC/COM9,TOTAL,182.0,540993175.0,540993175.0,474992020.0,66001168.0,51.0,192555.0,1081986350.0,72157.0,0.0,1058.0,2810.0
USA,United States,IND,S,S/LFBR/CDM+ERM/H:1-3/IND:1,S2L/MC/IND1,TOTAL,1815.0,8825722969.0,13238712940.0,7440084416.0,1385638553.0,3325.0,4012798.0,22064435909.0,1356953.0,0.0,2211.0,2199.0
USA,United States,IND,S,S/LFBR/CDM+ERM/H:1-3/IND:2,S2L/MC/IND2,TOTAL,3219.0,8257554744.0,12386419847.0,6961118616.0,1296436140.0,3635.0,4544006.0,20643974591.0,1536586.0,0.0,1412.0,1817.0
USA,United States,IND,S,S/LFBR/CDM+ERM/H:1-3/IND:3,S2L/MC/IND3,TOTAL,364.0,2546854465.0,3820325913.0,2146998306.0,399856163.0,689.0,813090.0,6367180378.0,274952.0,0.0,2234.0,3132.0
USA,United States,IND,S,S/LFBR/CDM+ERM/H:1-3/IND:4,S2L/MC/IND4,TOTAL,386.0,2205425212.0,3308183863.0,1859173439.0,346251769.0,480.0,740194.0,5513609075.0,250301.0,0.0,1918.0,2980.0
USA,United States,IND,S,S/LFBR/CDM+ERM/H:1-3/IND:5,S2L/MC/IND5,TOTAL,687.0,1981346641.0,2972055018.0,1670275208.0,311071432.0,788.0,644972.0,4953401660.0,218102.0,0.0,939.0,3072.0
USA,United States,IND,S,S/LFBR/CDM+ERM/H:1-3/IND:6,S2L/MC/IND6,TOTAL,4631.0,4427622258.0,4427622258.0,3732485537.0,695136718.0,3426.0,2384251.0,8855244515.0,806257.0,0.0,515.0,1857.0
USA,United States,RES,S,S/LFBR/CDM+ERM/H:1-3/RES:1,S2L/MC/RES1,TOTAL,1637.0,540192295.0,270094697.0,413787283.0,126404994.0,3095.0,227992.0,810286992.0,64730.0,2326.0,139.0,2369.0
USA,United States,RES,S,S/LFBR/CDM+ERM/H:1-3/RES:2,S2L/MC/RES3F,TOTAL,102.0,1045849169.0,522910133.0,901521973.0,144327181.0,6971.0,420128.0,1568759302.0,119280.0,3774.0,4119.0,2489.0
USA,United States,RES,S,S/LFBR/CDM+ERM/H:1-3/RES:2,S2L/MC/RES3E,TOTAL,503.0,2162339165.0,1081141669.0,1863936339.0,298402797.0,14929.0,829759.0,3243480834.0,235580.0,7229.0,1650.0,2606.0
USA,United States,RES,S,S/LFBR/CDM+ERM/H:1-3/RES:2,S2L/MC/RES3D,TOTAL,1453.0,3024453067.0,1512194881.0,2607078506.0,417374513.0,19165.0,1056398.0,4536647949.0,299927.0,8853.0,727.0,2863.0
USA,United States,RES,S,S/LFBR/CDM+ERM/H:1-3/RES:2,S2L/MC/RES3C,TOTAL,3461.0,4743309961.0,2371614801.0,4088733139.0,654576760.0,27936.0,1498612.0,7114924762.0,425479.0,12081.0,433.0,3165.0
USA,United States,RES,S,S/LFBR/CDM+ERM/H:1-3/RES:2,S2L/MC/RES3B,TOTAL,4300.0,1957679663.0,978799004.0,1687519849.0,270159787.0,23618.0,1299923.0,2936478667.0,369069.0,9464.0,302.0,1506.0
USA,United States,RES,S,S/LFBR/CDM+ERM/H:1-3/RES:2,S2L/MC/RES3A,TOTAL,12102.0,5675569009.0,2837735528.0,4892340417.0,783228503.0,51192.0,3461724.0,8513304537.0,982836.0,19663.0,286.0,1640.0
USA,United States,RES,S,S/LFBR/CDM+ERM/H:1-3/RES:3,S2L/MC/RES4,TOTAL,96.0,295292581.0,147641046.0,255132796.0,40159794.0,1599.0,102396.0,442933627.0,29072.0,0.0,1067.0,2884.0
USA,United States,RES,S,S/LFBR/CDM+ERM/H:1-3/RES:4,S2L/MC/RES5,TOTAL,147.0,1894008018.0,946989040.0,1537934460.0,356073494.0,10784.0,604202.0,2840997058.0,171541.0,0.0,4110.0,3135.0
USA,United States,RES,S,S/LFBR/CDM+ERM/H:1-3/RES:4,S2L/MC/RES6,TOTAL,18.0,91269971.0,45632784.0,74476294.0,16793675.0,397.0,28993.0,136902755.0,8232.0,0.0,1611.0,3148.0
USA,United States,COM,S,S/LFBR/CDM+ERM/H:4-7/COM:1,S2M/MC/COM1,TOTAL,301.0,476866028.0,476866028.0,336667403.0,140198612.0,115.0,260221.0,953732055.0,97713.0,0.0,865.0,1833.0
USA,United States,COM,S,S/LFBR/CDM+ERM/H:4-7/COM:2,S2M/MC/COM2,TOTAL,253.0,540427365.0,540427365.0,365328899.0,175098467.0,107.0,296094.0,1080854730.0,111183.0,0.0,1170.0,1825.0
USA,United States,COM,S,S/LFBR/CDM+ERM/H:4-7/COM:3,S2M/MC/COM4,TOTAL,363.0,771971702.0,771971702.0,623753159.0,148218567.0,110.0,290229.0,1543943403.0,108981.0,0.0,800.0,2660.0
USA,United States,COM,S,S/LFBR/CDM+ERM/H:4-7/COM:3A,S2M/MC/COM5,TOTAL,45.0,122397368.0,122397368.0,105506531.0,16890836.0,11.0,28947.0,244794737.0,10869.0,0.0,643.0,4228.0
USA,United States,COM,S,S/LFBR/CDM+ERM/H:4-7/COM:3B,S2M/MC/COM3,TOTAL,242.0,280504633.0,280504633.0,235062881.0,45441751.0,66.0,125100.0,561009266.0,46975.0,0.0,517.0,2242.0
USA,United States,COM,S,S/LFBR/CDM+ERM/H:4-7/COM:4,S2M/MC/COM10,TOTAL,125.0,66488966.0,33239653.0,25997186.0,40491782.0,20.0,52224.0,99728619.0,19610.0,0.0,418.0,1273.0
USA,United States,COM,S,S/LFBR/CDM+ERM/H:4-7/COM:5,S2M/MC/COM8,TOTAL,540.0,2318864609.0,2318864609.0,2086978083.0,231886463.0,339.0,667031.0,4637729218.0,250468.0,0.0,1235.0,3476.0
USA,United States,COM,S,S/LFBR/CDM+ERM/H:4-7/COM:5A,S2M/MC/COM9,TOTAL,11.0,100204168.0,100204168.0,87979260.0,12224909.0,16.0,35586.0,200408336.0,13362.0,0.0,3235.0,2816.0
USA,United States,IND,S,S/LFBR/CDM+ERM/H:4-7/IND:1,S2M/MC/IND1,TOTAL,80.0,441941638.0,662915920.0,372556803.0,69384840.0,138.0,193928.0,1104857559.0,65758.0,0.0,2424.0,2279.0
USA,United States,IND,S,S/LFBR/CDM+ERM/H:4-7/IND:2,S2M/MC/IND2,TOTAL,120.0,289185341.0,433779613.0,243783241.0,45402100.0,258.0,154697.0,722964953.0,52455.0,0.0,1289.0,1869.0
USA,United States,IND,S,S/LFBR/CDM+ERM/H:4-7/IND:3,S2M/MC/IND3,TOTAL,27.0,281237700.0,421857492.0,237083378.0,44154321.0,85.0,86630.0,703095192.0,29375.0,0.0,3209.0,3246.0
USA,United States,IND,S,S/LFBR/CDM+ERM/H:4-7/IND:4,S2M/MC/IND4,TOTAL,65.0,467023212.0,700535209.0,393700564.0,73322647.0,47.0,146900.0,1167558421.0,49811.0,0.0,2260.0,3179.0
USA,United States,IND,S,S/LFBR/CDM+ERM/H:4-7/IND:5,S2M/MC/IND5,TOTAL,40.0,151087567.0,226634392.0,127366815.0,23720749.0,52.0,51686.0,377721959.0,17526.0,0.0,1292.0,2923.0
USA,United States,RES,S,S/LFBR/CDM+ERM/H:4-7/RES:2,S2M/MC/RES3C,TOTAL,323.0,517273599.0,258633965.0,445889837.0,71383755.0,2883.0,143338.0,775907564.0,40780.0,1319.0,444.0,3609.0
USA,United States,RES,S,S/LFBR/CDM+ERM/H:4-7/RES:2,S2M/MC/RES3B,TOTAL,279.0,137201850.0,68598495.0,118267993.0,18933855.0,1528.0,77709.0,205800345.0,22109.0,682.0,279.0,1766.0
USA,United States,RES,S,S/LFBR/CDM+ERM/H:4-7/RES:2,S2M/MC/RES3D,TOTAL,184.0,544277572.0,272135334.0,469167260.0,75110303.0,3191.0,164503.0,816412906.0,46802.0,1640.0,894.0,3309.0
USA,United States,RES,S,S/LFBR/CDM+ERM/H:4-7/RES:2,S2M/MC/RES3F,TOTAL,67.0,896365556.0,448178824.0,772667096.0,123698444.0,7381.0,331296.0,1344544381.0,94254.0,4315.0,4945.0,2706.0
USA,United States,RES,S,S/LFBR/CDM+ERM/H:4-7/RES:2,S2M/MC/RES3E,TOTAL,179.0,1030031830.0,515009742.0,887887424.0,142144389.0,6745.0,340711.0,1545041572.0,96933.0,3837.0,1903.0,3023.0
USA,United States,RES,S,S/LFBR/CDM+ERM/H:4-7/RES:3,S2M/MC/RES4,TOTAL,34.0,229507863.0,114751899.0,198294799.0,31213071.0,1022.0,85537.0,344259762.0,24336.0,0.0,2516.0,2683.0
USA,United States,RES,S,S/LFBR/CDM+ERM/H:4-7/RES:4,S2M/MC/RES5,TOTAL,10.0,95998365.0,47998925.0,77950670.0,18047692.0,389.0,31041.0,143997290.0,8831.0,0.0,3104.0,3093.0
USA,United States,RES,S,S/LFBR/CDM+ERM/H:4-7/RES:4,S2M/MC/RES6,TOTAL,9.0,59965973.0,29981514.0,48932233.0,11033739.0,145.0,16385.0,89947487.0,4661.0,0.0,1821.0,3660.0
USA,United States,COM,S,S/LFBR/CDM+ERM/H:>8/COM:3,S2H/MC/COM4,TOTAL,273.0,866288865.0,866288865.0,699961431.0,166327463.0,209.0,304000.0,1732577729.0,114325.0,0.0,1114.0,2850.0
USA,United States,COM,S,S/LFBR/CDM+ERM/H:>8/COM:3A,S2H/MC/COM5,TOTAL,53.0,147111751.0,147111751.0,126810328.0,20301421.0,25.0,35187.0,294223503.0,13233.0,0.0,664.0,4181.0
USA,United States,RES,S,S/LFBR/CDM+ERM/H:>8/RES:2,S2H/MC/RES3F,TOTAL,62.0,1101231199.0,550612895.0,949261281.0,151969902.0,8899.0,394605.0,1651844094.0,112440.0,5907.0,6365.0,2791.0
USA,United States,RES,S,S/LFBR/CDM+ERM/H:>8/RES:2,S2H/MC/RES3C,TOTAL,29.0,34414945.0,17207109.0,29665682.0,4749262.0,124.0,9966.0,51622055.0,2840.0,146.0,344.0,3453.0
USA,United States,RES,S,S/LFBR/CDM+ERM/H:>8/RES:2,S2H/MC/RES3D,TOTAL,11.0,26497055.0,13247977.0,22840461.0,3656593.0,210.0,7943.0,39745032.0,2263.0,110.0,722.0,3336.0
USA,United States,RES,S,S/LFBR/CDM+ERM/H:>8/RES:2,S2H/MC/RES3B,TOTAL,13.0,6159277.0,3079195.0,5309297.0,849980.0,49.0,3707.0,9238472.0,1056.0,47.0,285.0,1662.0
USA,United States,RES,S,S/LFBR/CDM+ERM/H:>8/RES:2,S2H/MC/RES3E,TOTAL,28.0,170289393.0,85144180.0,146789455.0,23499936.0,943.0,55638.0,255433573.0,15854.0,750.0,1987.0,3061.0
USA,United States,RES,S,S/LFBR/CDM+ERM/H:>8/RES:3,S2H/MC/RES4,TOTAL,39.0,541942699.0,270970472.0,468238504.0,73704211.0,2074.0,192072.0,812913171.0,54730.0,0.0,4925.0,2822.0
USA,United States,COM,S,S/LFBR/CDN+ERL/H:1-3/COM:1,S2L/PC/COM1,TOTAL,40342.0,52426489958.0,52426489958.0,37013100383.0,15413388029.0,8684.0,33310225.0,104852979916.0,12482489.0,0.0,826.0,1574.0
USA,United States,COM,S,S/LFBR/CDN+ERL/H:1-3/COM:2,S2L/PC/COM2,TOTAL,26649.0,51062284975.0,51062284975.0,34518104591.0,16544180382.0,7058.0,32409172.0,102124569951.0,12144818.0,0.0,1216.0,1576.0
USA,United States,COM,S,S/LFBR/CDN+ERL/H:1-3/COM:3,S2L/PC/COM4,TOTAL,72269.0,99084915629.0,99084915629.0,80060614633.0,19024303965.0,9338.0,41321061.0,198169831259.0,15484433.0,0.0,572.0,2398.0
USA,United States,COM,S,S/LFBR/CDN+ERL/H:1-3/COM:3A,S2L/PC/COM5,TOTAL,5256.0,8481504748.0,8481504748.0,7311056994.0,1170447625.0,608.0,2410668.0,16963009495.0,903369.0,0.0,459.0,3518.0
USA,United States,COM,S,S/LFBR/CDN+ERL/H:1-3/COM:3B,S2L/PC/COM3,TOTAL,16441.0,16559254278.0,16559254278.0,13876655073.0,2682599201.0,2102.0,8653364.0,33118508555.0,3242734.0,0.0,526.0,1914.0
USA,United States,COM,S,S/LFBR/CDN+ERL/H:1-3/COM:4,S2L/PC/COM10,TOTAL,1846.0,2577455175.0,1288582053.0,1007784978.0,1569670266.0,467.0,2169549.0,3866037228.0,813004.0,0.0,1175.0,1188.0
USA,United States,COM,S,S/LFBR/CDN+ERL/H:1-3/COM:5,S2L/PC/COM8,TOTAL,23788.0,42550489658.0,42550489658.0,38295439691.0,4255049039.0,3888.0,13823905.0,85100979316.0,5180312.0,0.0,581.0,3078.0
USA,United States,COM,S,S/LFBR/CDN+ERL/H:1-3/COM:5A,S2L/PC/COM9,TOTAL,683.0,1990447239.0,1990447239.0,1747612720.0,242834565.0,207.0,775564.0,3980894479.0,290631.0,0.0,1136.0,2566.0
USA,United States,IND,S,S/LFBR/CDN+ERL/H:1-3/IND:1,S2L/PC/IND1,TOTAL,10051.0,47250858633.0,70877026531.0,39832473575.0,7418385049.0,22191.0,24913956.0,118127885163.0,8424814.0,0.0,2479.0,1897.0
USA,United States,IND,S,S/LFBR/CDN+ERL/H:1-3/IND:2,S2L/PC/IND2,TOTAL,16045.0,41894218356.0,62841739494.0,35316825866.0,6577392497.0,15873.0,25289632.0,104735957849.0,8551857.0,0.0,1576.0,1657.0
USA,United States,IND,S,S/LFBR/CDN+ERL/H:1-3/IND:3,S2L/PC/IND3,TOTAL,1509.0,9195800658.0,13793928945.0,7752059929.0,1443740750.0,3478.0,3419122.0,22989729604.0,1156199.0,0.0,2266.0,2690.0
USA,United States,IND,S,S/LFBR/CDN+ERL/H:1-3/IND:4,S2L/PC/IND4,TOTAL,2841.0,15753397507.0,23630380825.0,13280114009.0,2473283488.0,4655.0,5880572.0,39383778332.0,1988554.0,0.0,2070.0,2679.0
USA,United States,IND,S,S/LFBR/CDN+ERL/H:1-3/IND:5,S2L/PC/IND5,TOTAL,5730.0,15818828356.0,23728686764.0,13335272217.0,2483556138.0,5552.0,5744039.0,39547515120.0,1942390.0,0.0,1002.0,2754.0
USA,United States,IND,S,S/LFBR/CDN+ERL/H:1-3/IND:6,S2L/PC/IND6,TOTAL,16708.0,14119942064.0,14119942064.0,11903111082.0,2216830977.0,10659.0,8798063.0,28239884127.0,2975148.0,0.0,527.0,1605.0
USA,United States,RES,S,S/LFBR/CDN+ERL/H:1-3/RES:2,S2L/PC/RES3F,TOTAL,7074.0,65723727355.0,32861126361.0,56653852068.0,9069874168.0,502106.0,27204043.0,98584853717.0,7723574.0,262939.0,3846.0,2416.0
USA,United States,RES,S,S/LFBR/CDN+ERL/H:1-3/RES:2,S2L/PC/RES3E,TOTAL,31299.0,123421792828.0,61709227353.0,106389583962.0,17032206986.0,994891.0,47315861.0,185131020181.0,13433587.0,471708.0,1512.0,2608.0
USA,United States,RES,S,S/LFBR/CDN+ERL/H:1-3/RES:2,S2L/PC/RES3D,TOTAL,83606.0,154200685956.0,77097986341.0,132920989499.0,21279694131.0,1185366.0,56290121.0,231298672297.0,15981513.0,549382.0,673.0,2739.0
USA,United States,RES,S,S/LFBR/CDN+ERL/H:1-3/RES:2,S2L/PC/RES3C,TOTAL,187991.0,223033648122.0,111513859225.0,192255002106.0,30778642676.0,1486200.0,73684743.0,334547507347.0,20920088.0,656801.0,392.0,3027.0
USA,United States,RES,S,S/LFBR/CDN+ERL/H:1-3/RES:2,S2L/PC/RES3B,TOTAL,339197.0,137032750508.0,68513428601.0,118122229420.0,18910519095.0,1779576.0,91111013.0,205546179109.0,25867632.0,741322.0,269.0,1504.0
USA,United States,RES,S,S/LFBR/CDN+ERL/H:1-3/RES:2,S2L/PC/RES3A,TOTAL,691414.0,275180054176.0,137586569466.0,237205203477.0,37974846513.0,2676751.0,174706594.0,412766623642.0,49601483.0,1093284.0,253.0,1575.0
USA,United States,RES,S,S/LFBR/CDN+ERL/H:1-3/RES:3,S2L/PC/RES4,TOTAL,767.0,2026904690.0,1013402596.0,1751245701.0,275659053.0,11272.0,864434.0,3040307285.0,245425.0,0.0,1127.0,2345.0
USA,United States,RES,S,S/LFBR/CDN+ERL/H:1-3/RES:4,S2L/PC/RES5,TOTAL,729.0,8451286334.0,4225578523.0,6862444295.0,1588841771.0,39484.0,3073132.0,12676864857.0,872501.0,0.0,4216.0,2750.0
USA,United States,RES,S,S/LFBR/CDN+ERL/H:1-3/RES:4,S2L/PC/RES6,TOTAL,1446.0,7364599583.0,3682153236.0,6009513145.0,1355086325.0,40727.0,2353891.0,11046752819.0,668302.0,0.0,1628.0,3129.0
USA,United States,COM,S,S/LFBR/CDN+ERL/H:4-7/COM:1,S2M/PC/COM1,TOTAL,8856.0,10303630289.0,10303630289.0,7274362677.0,3029267306.0,2089.0,6004914.0,20607260577.0,2254829.0,0.0,678.0,1716.0
USA,United States,COM,S,S/LFBR/CDN+ERL/H:4-7/COM:2,S2M/PC/COM2,TOTAL,4295.0,9249301207.0,9249301207.0,6252527607.0,2996773603.0,1849.0,5783670.0,18498602413.0,2171750.0,0.0,1347.0,1599.0
USA,United States,COM,S,S/LFBR/CDN+ERL/H:4-7/COM:3,S2M/PC/COM4,TOTAL,10085.0,19021795643.0,19021795643.0,15369611387.0,3652184794.0,3322.0,7614674.0,38043591285.0,2859290.0,0.0,755.0,2498.0
USA,United States,COM,S,S/LFBR/CDN+ERL/H:4-7/COM:3A,S2M/PC/COM5,TOTAL,861.0,1804759893.0,1804759893.0,1555703008.0,249056859.0,186.0,495183.0,3609519787.0,185941.0,0.0,575.0,3645.0
USA,United States,COM,S,S/LFBR/CDN+ERL/H:4-7/COM:3B,S2M/PC/COM3,TOTAL,4111.0,4646228886.0,4646228886.0,3893539801.0,752689082.0,912.0,2336040.0,9292457773.0,877180.0,0.0,568.0,1989.0
USA,United States,COM,S,S/LFBR/CDN+ERL/H:4-7/COM:4,S2M/PC/COM10,TOTAL,686.0,426791236.0,213367702.0,166875375.0,259915876.0,148.0,363335.0,640158938.0,136432.0,0.0,530.0,1175.0
USA,United States,COM,S,S/LFBR/CDN+ERL/H:4-7/COM:5,S2M/PC/COM8,TOTAL,4679.0,10235009494.0,10235009494.0,9211508309.0,1023500968.0,1368.0,3213294.0,20470018987.0,1206585.0,0.0,687.0,3185.0
USA,United States,IND,S,S/LFBR/CDN+ERL/H:4-7/IND:1,S2M/PC/IND1,TOTAL,10.0,50948061.0,76422064.0,42949215.0,7998846.0,31.0,25524.0,127370125.0,8655.0,0.0,2552.0,1996.0
USA,United States,IND,S,S/LFBR/CDN+ERL/H:4-7/IND:2,S2M/PC/IND2,TOTAL,3997.0,9202471124.0,13803809054.0,7757683102.0,1444788014.0,4836.0,5462752.0,23006280177.0,1852328.0,0.0,1367.0,1685.0
USA,United States,IND,S,S/LFBR/CDN+ERL/H:4-7/IND:3,S2M/PC/IND3,TOTAL,297.0,2404575006.0,3606896911.0,2027056727.0,377518292.0,2189.0,910841.0,6011471917.0,308851.0,0.0,3067.0,2640.0
USA,United States,IND,S,S/LFBR/CDN+ERL/H:4-7/IND:4,S2M/PC/IND4,TOTAL,15.0,72828332.0,109244360.0,61394283.0,11434048.0,36.0,26381.0,182072692.0,8945.0,0.0,1759.0,2761.0
USA,United States,IND,S,S/LFBR/CDN+ERL/H:4-7/IND:5,S2M/PC/IND5,TOTAL,572.0,2004926288.0,3007440138.0,1690152854.0,314773438.0,872.0,683705.0,5012366426.0,231834.0,0.0,1195.0,2932.0
USA,United States,RES,S,S/LFBR/CDN+ERL/H:4-7/RES:2,S2M/PC/RES3E,TOTAL,684.0,3842639076.0,1921296592.0,3312354843.0,530284179.0,35318.0,1225441.0,5763935668.0,348641.0,16445.0,1792.0,3136.0
USA,United States,RES,S,S/LFBR/CDN+ERL/H:4-7/RES:2,S2M/PC/RES3D,TOTAL,860.0,2157924758.0,1078941891.0,1860131115.0,297793609.0,17201.0,664896.0,3236866649.0,189166.0,8134.0,773.0,3246.0
USA,United States,RES,S,S/LFBR/CDN+ERL/H:4-7/RES:2,S2M/PC/RES3C,TOTAL,1939.0,2943974698.0,1471969277.0,2537706156.0,406268499.0,20605.0,804882.0,4415943975.0,228993.0,9193.0,415.0,3658.0
USA,United States,RES,S,S/LFBR/CDN+ERL/H:4-7/RES:2,S2M/PC/RES3B,TOTAL,3892.0,1986472640.0,993220706.0,1712339392.0,274133217.0,27222.0,1095930.0,2979693345.0,311798.0,11361.0,282.0,1813.0
USA,United States,RES,S,S/LFBR/CDN+ERL/H:4-7/RES:2,S2M/PC/RES3F,TOTAL,398.0,5395490988.0,2697728087.0,4650913155.0,744577736.0,53576.0,1809678.0,8093219075.0,514856.0,24867.0,4547.0,2981.0
USA,United States,RES,S,S/LFBR/CDN+ERL/H:4-7/RES:3,S2M/PC/RES4,TOTAL,574.0,1951682479.0,975814846.0,1686253714.0,265428831.0,11063.0,759111.0,2927497326.0,215969.0,0.0,1322.0,2571.0
USA,United States,RES,S,S/LFBR/CDN+ERL/H:4-7/RES:4,S2M/PC/RES5,TOTAL,84.0,1069395519.0,534686902.0,868349129.0,201046351.0,6928.0,336456.0,1604082420.0,95722.0,0.0,4005.0,3178.0
USA,United States,RES,S,S/LFBR/CDN+ERL/H:4-7/RES:4,S2M/PC/RES6,TOTAL,5.0,30409389.0,15204166.0,24814060.0,5595328.0,180.0,9611.0,45613555.0,2734.0,0.0,1922.0,3164.0
USA,United States,COM,S,S/LFBR/CDN+ERL/H:>8/COM:3,S2H/PC/COM4,TOTAL,4606.0,18307657478.0,18307657478.0,14792587695.0,3515070287.0,4814.0,7111426.0,36615314955.0,2674384.0,0.0,1544.0,2574.0
USA,United States,COM,S,S/LFBR/CDN+ERL/H:>8/COM:3A,S2H/PC/COM5,TOTAL,810.0,2061509678.0,2061509678.0,1777021317.0,284488328.0,305.0,551599.0,4123019355.0,207440.0,0.0,681.0,3737.0
USA,United States,COM,S,S/LFBR/CDN+ERL/H:>8/COM:4,S2H/PC/COM10,TOTAL,531.0,176305350.0,88141986.0,68935392.0,107369964.0,86.0,152035.0,264447336.0,57176.0,0.0,286.0,1160.0
USA,United States,RES,S,S/LFBR/CDN+ERL/H:>8/RES:2,S2H/PC/RES3B,TOTAL,42.0,20952918.0,10474931.0,18061415.0,2891503.0,225.0,12232.0,31427849.0,3486.0,141.0,291.0,1713.0
USA,United States,RES,S,S/LFBR/CDN+ERL/H:>8/RES:2,S2H/PC/RES3F,TOTAL,250.0,4543615994.0,2271799206.0,3916596957.0,627018992.0,36266.0,1632264.0,6815415200.0,465103.0,20896.0,6529.0,2784.0
USA,United States,RES,S,S/LFBR/CDN+ERL/H:>8/RES:2,S2H/PC/RES3C,TOTAL,67.0,112392092.0,56194077.0,96881982.0,15510108.0,628.0,30580.0,168586169.0,8714.0,385.0,456.0,3675.0
USA,United States,RES,S,S/LFBR/CDN+ERL/H:>8/RES:2,S2H/PC/RES3D,TOTAL,68.0,205841574.0,102917812.0,177435434.0,28406136.0,1184.0,59823.0,308759386.0,17046.0,861.0,880.0,3441.0
USA,United States,RES,S,S/LFBR/CDN+ERL/H:>8/RES:2,S2H/PC/RES3E,TOTAL,124.0,828878786.0,414436450.0,714493505.0,114385270.0,5992.0,263513.0,1243315236.0,75086.0,3508.0,2125.0,3145.0
USA,United States,RES,S,S/LFBR/CDN+ERL/H:>8/RES:3,S2H/PC/RES4,TOTAL,417.0,1799184406.0,899581868.0,1554495363.0,244689092.0,6498.0,709999.0,2698766275.0,202310.0,0.0,1703.0,2534.0
USA,United States,RES,S,S/LFBR/CDN+ERL/H:>8/RES:4,S2H/PC/RES5,TOTAL,37.0,484405649.0,242199128.0,393337374.0,91068260.0,3538.0,156152.0,726604777.0,44494.0,0.0,4220.0,3102.0
USA,United States,COM,S,S/LFINF/CDL+ERL/H:1-3/COM:1,S5L/LC/COM1,TOTAL,35675.0,54166116382.0,54166116382.0,38241276545.0,15924838195.0,8754.0,35488651.0,108332232763.0,12302161.0,0.0,995.0,1526.0
USA,United States,COM,S,S/LFINF/CDL+ERL/H:1-3/COM:2,S5L/LC/COM2,TOTAL,28504.0,60236441347.0,60236441347.0,40719834260.0,19516607048.0,7977.0,39240530.0,120472882693.0,13602735.0,0.0,1377.0,1535.0
USA,United States,COM,S,S/LFINF/CDL+ERL/H:1-3/COM:3,S5L/LC/COM4,TOTAL,62526.0,92500578382.0,92500578382.0,74740469943.0,17760111202.0,8621.0,40108943.0,185001156765.0,13903796.0,0.0,641.0,2306.0
USA,United States,COM,S,S/LFINF/CDL+ERL/H:1-3/COM:3A,S5L/LC/COM5,TOTAL,5126.0,8884448929.0,8884448929.0,7658394875.0,1226053921.0,653.0,2575984.0,17768897857.0,892975.0,0.0,503.0,3449.0
USA,United States,COM,S,S/LFINF/CDL+ERL/H:1-3/COM:3B,S5L/LC/COM3,TOTAL,11264.0,11913154342.0,11913154342.0,9983223333.0,1929931008.0,1513.0,6455404.0,23826308685.0,2237784.0,0.0,573.0,1845.0
USA,United States,COM,S,S/LFINF/CDL+ERL/H:1-3/COM:4,S5L/LC/COM10,TOTAL,993.0,1582491218.0,791130569.0,618754069.0,963737194.0,375.0,1419867.0,2373621787.0,492198.0,0.0,1430.0,1115.0
USA,United States,COM,S,S/LFINF/CDL+ERL/H:1-3/COM:5,S5L/LC/COM8,TOTAL,20514.0,38952821045.0,38952821045.0,35057538037.0,3895282170.0,3445.0,13081304.0,77905642090.0,4534658.0,0.0,638.0,2978.0
USA,United States,COM,S,S/LFINF/CDL+ERL/H:1-3/COM:5A,S5L/LC/COM9,TOTAL,554.0,2397498385.0,2397498385.0,2105003630.0,292494808.0,234.0,971553.0,4794996771.0,336789.0,0.0,1754.0,2468.0
USA,United States,IND,S,S/LFINF/CDL+ERL/H:1-3/IND:1,S5L/LC/IND1,TOTAL,7654.0,39264693558.0,58897640617.0,33100136508.0,6164557093.0,19085.0,21492889.0,98162334174.0,6943580.0,0.0,2808.0,1827.0
USA,United States,IND,S,S/LFINF/CDL+ERL/H:1-3/IND:2,S5L/LC/IND2,TOTAL,11480.0,33881361968.0,50822337230.0,28561987952.0,5319374004.0,13074.0,21273521.0,84703699198.0,6872714.0,0.0,1853.0,1593.0
USA,United States,IND,S,S/LFINF/CDL+ERL/H:1-3/IND:3,S5L/LC/IND3,TOTAL,1028.0,8331698534.0,12497709553.0,7023621802.0,1308076710.0,3528.0,3131440.0,20829408087.0,1011656.0,0.0,3046.0,2661.0
USA,United States,IND,S,S/LFINF/CDL+ERL/H:1-3/IND:4,S5L/LC/IND4,TOTAL,1857.0,10922979735.0,16384691873.0,9208071852.0,1714907875.0,3892.0,4190125.0,27307671608.0,1353680.0,0.0,2256.0,2607.0
USA,United States,IND,S,S/LFINF/CDL+ERL/H:1-3/IND:5,S5L/LC/IND5,TOTAL,4647.0,13465612226.0,20198766320.0,11351511029.0,2114101189.0,4286.0,5038169.0,33664378546.0,1627657.0,0.0,1084.0,2673.0
USA,United States,IND,S,S/LFINF/CDL+ERL/H:1-3/IND:6,S5L/LC/IND6,TOTAL,14387.0,12441146874.0,12441146874.0,10487886750.0,1953260124.0,9213.0,7962635.0,24882293748.0,2572463.0,0.0,553.0,1562.0
USA,United States,RES,S,S/LFINF/CDL+ERL/H:1-3/RES:3,S5L/LC/RES4,TOTAL,831.0,2251528042.0,1125710641.0,1945320275.0,306207830.0,11523.0,945386.0,3377238683.0,243295.0,0.0,1138.0,2382.0
USA,United States,RES,S,S/LFINF/CDL+ERL/H:1-3/RES:4,S5L/LC/RES5,TOTAL,572.0,6422241281.0,3211078125.0,5214859763.0,1207381319.0,24776.0,2345210.0,9633319406.0,603535.0,0.0,4100.0,2738.0
USA,United States,RES,S,S/LFINF/CDL+ERL/H:1-3/RES:4,S5L/LC/RES6,TOTAL,1104.0,6811093087.0,3405436913.0,5557851841.0,1253241133.0,31941.0,2132299.0,10216530001.0,548745.0,0.0,1931.0,3194.0
USA,United States,COM,S,S/LFINF/CDL+ERL/H:4-7/COM:1,S5M/LC/COM1,TOTAL,1045.0,1897153301.0,1897153301.0,1339390181.0,557763072.0,503.0,1169216.0,3794306602.0,406173.0,0.0,1119.0,1623.0
USA,United States,COM,S,S/LFINF/CDL+ERL/H:4-7/COM:2,S5M/LC/COM2,TOTAL,489.0,1367156871.0,1367156871.0,924198047.0,442958828.0,274.0,846736.0,2734313742.0,294146.0,0.0,1732.0,1615.0
USA,United States,COM,S,S/LFINF/CDL+ERL/H:4-7/COM:3,S5M/LC/COM4,TOTAL,1096.0,2914692675.0,2914692675.0,2355071753.0,559620999.0,535.0,1211497.0,5829385349.0,420861.0,0.0,1105.0,2406.0
USA,United States,COM,S,S/LFINF/CDL+ERL/H:4-7/COM:3A,S5M/LC/COM5,TOTAL,122.0,293993016.0,293993016.0,253421977.0,40571035.0,32.0,85258.0,587986032.0,29618.0,0.0,699.0,3448.0
USA,United States,COM,S,S/LFINF/CDL+ERL/H:4-7/COM:3B,S5M/LC/COM3,TOTAL,527.0,735981073.0,735981073.0,616752137.0,119228934.0,152.0,371879.0,1471962145.0,129187.0,0.0,706.0,1979.0
USA,United States,COM,S,S/LFINF/CDL+ERL/H:4-7/COM:4,S5M/LC/COM10,TOTAL,72.0,94860468.0,47428016.0,37090443.0,57770027.0,27.0,79199.0,142288484.0,27513.0,0.0,1100.0,1198.0
USA,United States,COM,S,S/LFINF/CDL+ERL/H:4-7/COM:5,S5M/LC/COM8,TOTAL,742.0,1900021028.0,1900021028.0,1710018879.0,190002106.0,294.0,615096.0,3800042056.0,213678.0,0.0,829.0,3089.0
USA,United States,IND,S,S/LFINF/CDL+ERL/H:4-7/IND:2,S5M/LC/IND2,TOTAL,391.0,1088359827.0,1632546215.0,917487327.0,170872500.0,805.0,650182.0,2720906042.0,210644.0,0.0,1663.0,1674.0
USA,United States,IND,S,S/LFINF/CDL+ERL/H:4-7/IND:3,S5M/LC/IND3,TOTAL,35.0,246778300.0,370173666.0,208034105.0,38744194.0,135.0,91499.0,616951966.0,29644.0,0.0,2614.0,2697.0
USA,United States,IND,S,S/LFINF/CDL+ERL/H:4-7/IND:5,S5M/LC/IND5,TOTAL,99.0,375632871.0,563456625.0,316658508.0,58974362.0,172.0,124426.0,939089496.0,40311.0,0.0,1257.0,3019.0
USA,United States,RES,S,S/LFINF/CDL+ERL/H:4-7/RES:3,S5M/LC/RES4,TOTAL,29.0,204807757.0,102400462.0,176953906.0,27853857.0,1298.0,80754.0,307208219.0,20828.0,0.0,2785.0,2536.0
USA,United States,RES,S,S/LFINF/CDL+ERL/H:4-7/RES:4,S5M/LC/RES5,TOTAL,14.0,106617125.0,53306713.0,86573105.0,20044019.0,474.0,40035.0,159923839.0,10326.0,0.0,2860.0,2663.0
USA,United States,COM,S,S/LFINF/CDN+ERL/H:1-3/COM:1,S5L/PC/COM1,TOTAL,54657.0,70038032225.0,70038032225.0,49446848672.0,20591181462.0,11309.0,44589996.0,140076064451.0,15457160.0,0.0,816.0,1571.0
USA,United States,COM,S,S/LFINF/CDN+ERL/H:1-3/COM:2,S5L/PC/COM2,TOTAL,34930.0,66611366436.0,66611366436.0,45029283635.0,21582082784.0,9168.0,42419917.0,133222732872.0,14704880.0,0.0,1214.0,1570.0
USA,United States,COM,S,S/LFINF/CDN+ERL/H:1-3/COM:3,S5L/PC/COM4,TOTAL,105519.0,143794474386.0,143794474386.0,116185939348.0,27608539331.0,13367.0,60332054.0,287588948772.0,20914151.0,0.0,572.0,2383.0
USA,United States,COM,S,S/LFINF/CDN+ERL/H:1-3/COM:3A,S5L/PC/COM5,TOTAL,7416.0,12416074141.0,12416074141.0,10702655768.0,1713418188.0,872.0,3537201.0,24832148281.0,1226186.0,0.0,477.0,3510.0
USA,United States,COM,S,S/LFINF/CDN+ERL/H:1-3/COM:3B,S5L/PC/COM3,TOTAL,23803.0,24216931873.0,24216931873.0,20293788890.0,3923142976.0,3039.0,12715331.0,48433863745.0,4407805.0,0.0,534.0,1905.0
USA,United States,COM,S,S/LFINF/CDN+ERL/H:1-3/COM:4,S5L/PC/COM10,TOTAL,2615.0,3897322255.0,1948445659.0,1523853010.0,2373469353.0,641.0,3283785.0,5845767914.0,1138326.0,0.0,1256.0,1187.0
USA,United States,COM,S,S/LFINF/CDN+ERL/H:1-3/COM:5,S5L/PC/COM8,TOTAL,31124.0,55757622945.0,55757622945.0,50181859320.0,5575762393.0,5121.0,18131394.0,111515245889.0,6285285.0,0.0,583.0,3075.0
USA,United States,COM,S,S/LFINF/CDN+ERL/H:1-3/COM:5A,S5L/PC/COM9,TOTAL,921.0,2535497099.0,2535497099.0,2226166503.0,309330649.0,228.0,998174.0,5070994198.0,346019.0,0.0,1084.0,2540.0
USA,United States,IND,S,S/LFINF/CDN+ERL/H:1-3/IND:1,S5L/PC/IND1,TOTAL,12652.0,59854248916.0,89782357095.0,50457131499.0,9397117390.0,27982.0,31835661.0,149636606011.0,10284960.0,0.0,2516.0,1880.0
USA,United States,IND,S,S/LFINF/CDN+ERL/H:1-3/IND:2,S5L/PC/IND2,TOTAL,21650.0,57656907695.0,86485902340.0,48604772866.0,9052134809.0,21001.0,34856437.0,144142810036.0,11260869.0,0.0,1610.0,1654.0
USA,United States,IND,S,S/LFINF/CDN+ERL/H:1-3/IND:3,S5L/PC/IND3,TOTAL,1778.0,11484902109.0,17227604203.0,9681772423.0,1803129693.0,4338.0,4245663.0,28712506312.0,1371623.0,0.0,2388.0,2705.0
USA,United States,IND,S,S/LFINF/CDN+ERL/H:1-3/IND:4,S5L/PC/IND4,TOTAL,3228.0,18519475767.0,27779584238.0,15611917996.0,2907557789.0,5804.0,6948008.0,46299060005.0,2244653.0,0.0,2152.0,2665.0
USA,United States,IND,S,S/LFINF/CDN+ERL/H:1-3/IND:5,S5L/PC/IND5,TOTAL,6739.0,18217471227.0,27326713835.0,15357328121.0,2860143080.0,5495.0,6617239.0,45544185062.0,2137800.0,0.0,982.0,2753.0
USA,United States,IND,S,S/LFINF/CDN+ERL/H:1-3/IND:6,S5L/PC/IND6,TOTAL,22265.0,19249520446.0,19249520446.0,16227345636.0,3022174809.0,13885.0,11975987.0,38499040892.0,3869047.0,0.0,538.0,1607.0
USA,United States,RES,S,S/LFINF/CDN+ERL/H:1-3/RES:1,S5L/PC/RES1,TOTAL,1858.0,605439338.0,302719070.0,463766516.0,141672804.0,2687.0,221401.0,908158407.0,56977.0,2289.0,119.0,2735.0
USA,United States,RES,S,S/LFINF/CDN+ERL/H:1-3/RES:2,S5L/PC/RES3E,TOTAL,9.0,43402731.0,21700262.0,37413154.0,5989577.0,309.0,13223.0,65102994.0,3403.0,154.0,1469.0,3282.0
USA,United States,RES,S,S/LFINF/CDN+ERL/H:1-3/RES:2,S5L/PC/RES3D,TOTAL,33.0,84777990.0,42385764.0,73078626.0,11699362.0,652.0,24674.0,127163754.0,6350.0,243.0,748.0,3436.0
USA,United States,RES,S,S/LFINF/CDN+ERL/H:1-3/RES:2,S5L/PC/RES3C,TOTAL,170.0,251758890.0,125877334.0,217016161.0,34742726.0,1589.0,67560.0,377636224.0,17387.0,646.0,397.0,3726.0
USA,United States,RES,S,S/LFINF/CDN+ERL/H:1-3/RES:2,S5L/PC/RES3B,TOTAL,760.0,325677911.0,162834573.0,280734355.0,44943551.0,4518.0,185798.0,488512484.0,47816.0,1723.0,244.0,1753.0
USA,United States,RES,S,S/LFINF/CDN+ERL/H:1-3/RES:2,S5L/PC/RES3A,TOTAL,2089.0,700117826.0,350053210.0,603501559.0,96616258.0,8236.0,355826.0,1050171036.0,91575.0,2997.0,170.0,1968.0
USA,United States,RES,S,S/LFINF/CDN+ERL/H:1-3/RES:2,S5L/PC/RES3F,TOTAL,3.0,19198754.0,9599006.0,16549325.0,2649428.0,140.0,6637.0,28797760.0,1708.0,70.0,2212.0,2893.0
USA,United States,RES,S,S/LFINF/CDN+ERL/H:1-3/RES:3,S5L/PC/RES4,TOTAL,1043.0,2602566322.0,1301217586.0,2248617363.0,353949040.0,14720.0,1074919.0,3903783908.0,276630.0,0.0,1031.0,2421.0
USA,United States,RES,S,S/LFINF/CDN+ERL/H:1-3/RES:4,S5L/PC/RES5,TOTAL,755.0,8510704812.0,4255287129.0,6910692110.0,1600012448.0,39995.0,3103040.0,12765991941.0,798562.0,0.0,4110.0,2743.0
USA,United States,RES,S,S/LFINF/CDN+ERL/H:1-3/RES:4,S5L/PC/RES6,TOTAL,1454.0,7358770652.0,3679222023.0,6004756741.0,1354013802.0,41711.0,2328291.0,11037992675.0,599184.0,0.0,1601.0,3161.0
USA,United States,COM,S,S/LFINF/CDN+ERL/H:4-7/COM:1,S5M/PC/COM1,TOTAL,3250.0,3777809824.0,3777809824.0,2667133622.0,1110676087.0,782.0,2184531.0,7555619648.0,758883.0,0.0,672.0,1729.0
USA,United States,COM,S,S/LFINF/CDN+ERL/H:4-7/COM:2,S5M/PC/COM2,TOTAL,1149.0,2072342779.0,2072342779.0,1400903714.0,671439063.0,439.0,1256126.0,4144685558.0,436364.0,0.0,1093.0,1650.0
USA,United States,COM,S,S/LFINF/CDN+ERL/H:4-7/COM:3,S5M/PC/COM4,TOTAL,2725.0,4838276806.0,4838276806.0,3909327797.0,928949153.0,774.0,1940019.0,9676553613.0,673943.0,0.0,712.0,2494.0
USA,United States,COM,S,S/LFINF/CDN+ERL/H:4-7/COM:3A,S5M/PC/COM5,TOTAL,261.0,584011463.0,584011463.0,503417876.0,80593580.0,60.0,163975.0,1168022926.0,56963.0,0.0,628.0,3562.0
USA,United States,COM,S,S/LFINF/CDN+ERL/H:4-7/COM:3B,S5M/PC/COM3,TOTAL,1465.0,1724139389.0,1724139389.0,1444828808.0,279310582.0,349.0,856203.0,3448278778.0,297437.0,0.0,584.0,2014.0
USA,United States,COM,S,S/LFINF/CDN+ERL/H:4-7/COM:4,S5M/PC/COM10,TOTAL,72.0,80394279.0,40190244.0,31434163.0,48960118.0,31.0,69613.0,120584523.0,24183.0,0.0,967.0,1155.0
USA,United States,COM,S,S/LFINF/CDN+ERL/H:4-7/COM:5,S5M/PC/COM8,TOTAL,1756.0,4082579322.0,4082579322.0,3674321300.0,408257941.0,562.0,1270591.0,8165158644.0,441390.0,0.0,724.0,3213.0
USA,United States,IND,S,S/LFINF/CDN+ERL/H:4-7/IND:2,S5M/PC/IND2,TOTAL,1040.0,1687681882.0,2531548182.0,1422715814.0,264966066.0,1046.0,953749.0,4219230064.0,308994.0,0.0,917.0,1770.0
USA,United States,IND,S,S/LFINF/CDN+ERL/H:4-7/IND:3,S5M/PC/IND3,TOTAL,53.0,408330714.0,612503766.0,344222794.0,64107925.0,255.0,141068.0,1020834480.0,45703.0,0.0,2662.0,2895.0
USA,United States,IND,S,S/LFINF/CDN+ERL/H:4-7/IND:5,S5M/PC/IND5,TOTAL,134.0,524569705.0,786869678.0,442212260.0,82357446.0,158.0,163764.0,1311439383.0,53056.0,0.0,1222.0,3203.0
USA,United States,RES,S,S/LFINF/CDN+ERL/H:4-7/RES:3,S5M/PC/RES4,TOTAL,216.0,479932285.0,239960707.0,414661503.0,65270794.0,2910.0,186000.0,719892992.0,47973.0,0.0,861.0,2580.0
USA,United States,RES,S,S/LFINF/CDN+ERL/H:4-7/RES:4,S5M/PC/RES5,TOTAL,22.0,407036330.0,203515521.0,330513491.0,76522827.0,3155.0,142234.0,610551851.0,36685.0,0.0,6465.0,2862.0
USA,United States,COM,S,S/LFM/CDH+ERH/H:1-3/COM:1,S1L/HC/COM1,TOTAL,1275.0,2555802461.0,2555802461.0,1804396460.0,751405923.0,329.0,1374199.0,5111604923.0,476367.0,0.0,1078.0,1860.0
USA,United States,COM,S,S/LFM/CDH+ERH/H:1-3/COM:2,S1L/HC/COM2,TOTAL,1058.0,2971177261.0,2971177261.0,2008515819.0,962661436.0,313.0,1607102.0,5942354521.0,557102.0,0.0,1519.0,1849.0
USA,United States,COM,S,S/LFM/CDH+ERH/H:1-3/COM:3,S1L/HC/COM4,TOTAL,1834.0,3887834884.0,3887834884.0,3141370699.0,746464305.0,354.0,1388133.0,7775669769.0,481199.0,0.0,757.0,2801.0
USA,United States,COM,S,S/LFM/CDH+ERH/H:1-3/COM:3A,S1L/HC/COM5,TOTAL,162.0,328449873.0,328449873.0,283123788.0,45326081.0,23.0,77307.0,656899746.0,26799.0,0.0,477.0,4249.0
USA,United States,COM,S,S/LFM/CDH+ERH/H:1-3/COM:3B,S1L/HC/COM3,TOTAL,839.0,1177210837.0,1177210837.0,986502681.0,190708156.0,137.0,522219.0,2354421675.0,181029.0,0.0,622.0,2254.0
USA,United States,COM,S,S/LFM/CDH+ERH/H:1-3/COM:4,S1L/HC/COM10,TOTAL,157.0,219678926.0,109820049.0,85894461.0,133784472.0,40.0,166004.0,329498975.0,57545.0,0.0,1057.0,1323.0
USA,United States,COM,S,S/LFM/CDH+ERH/H:1-3/COM:5,S1L/HC/COM8,TOTAL,1989.0,4819653520.0,4819653520.0,4337688052.0,481965360.0,363.0,1327507.0,9639307040.0,460183.0,0.0,667.0,3631.0
USA,United States,COM,S,S/LFM/CDH+ERH/H:1-3/COM:5A,S1L/HC/COM9,TOTAL,89.0,430809489.0,430809489.0,378250739.0,52558758.0,37.0,146228.0,861618978.0,50690.0,0.0,1643.0,2946.0
USA,United States,IND,S,S/LFM/CDH+ERH/H:1-3/IND:1,S1L/HC/IND1,TOTAL,811.0,4078437715.0,6117701917.0,3438122973.0,640314744.0,1694.0,1800040.0,10196139632.0,581528.0,0.0,2220.0,2266.0
USA,United States,IND,S,S/LFM/CDH+ERH/H:1-3/IND:2,S1L/HC/IND2,TOTAL,2076.0,5348608519.0,8022958231.0,4508876946.0,839731566.0,2587.0,2842157.0,13371566750.0,918199.0,0.0,1369.0,1882.0
USA,United States,IND,S,S/LFM/CDH+ERH/H:1-3/IND:3,S1L/HC/IND3,TOTAL,188.0,1327381135.0,1991089438.0,1118982291.0,208398845.0,307.0,411530.0,3318470574.0,132951.0,0.0,2189.0,3225.0
USA,United States,IND,S,S/LFM/CDH+ERH/H:1-3/IND:4,S1L/HC/IND4,TOTAL,179.0,1039891595.0,1559849467.0,876628611.0,163262986.0,243.0,328918.0,2599741061.0,106262.0,0.0,1838.0,3162.0
USA,United States,IND,S,S/LFM/CDH+ERH/H:1-3/IND:5,S1L/HC/IND5,TOTAL,34.0,55732714.0,83598727.0,46982677.0,8750036.0,19.0,18794.0,139331441.0,6072.0,0.0,553.0,2965.0
USA,United States,IND,S,S/LFM/CDH+ERH/H:1-3/IND:6,S1L/HC/IND6,TOTAL,1808.0,2131026286.0,2131026286.0,1796455150.0,334571138.0,1517.0,1124955.0,4262052572.0,363435.0,0.0,622.0,1894.0
USA,United States,RES,S,S/LFM/CDH+ERH/H:1-3/RES:3,S1L/HC/RES4,TOTAL,125.0,508553651.0,254268407.0,439390368.0,69163300.0,2289.0,176102.0,762822058.0,45320.0,0.0,1409.0,2888.0
USA,United States,RES,S,S/LFM/CDH+ERH/H:1-3/RES:4,S1L/HC/RES5,TOTAL,85.0,1062190447.0,531089839.0,862498623.0,199691797.0,4107.0,334490.0,1593280286.0,86080.0,0.0,3935.0,3176.0
USA,United States,RES,S,S/LFM/CDH+ERH/H:1-3/RES:4,S1L/HC/RES6,TOTAL,8.0,69663829.0,34831337.0,56845682.0,12818145.0,297.0,19085.0,104495166.0,4911.0,0.0,2386.0,3650.0
USA,United States,COM,S,S/LFM/CDH+ERH/H:1/COM:1,S3/HC/COM1,TOTAL,2014.0,3745637874.0,3745637874.0,2644420225.0,1101217534.0,515.0,2022138.0,7491275749.0,700603.0,0.0,1004.0,1852.0
USA,United States,COM,S,S/LFM/CDH+ERH/H:1/COM:2,S3/HC/COM2,TOTAL,1460.0,4136802565.0,4136802565.0,2796478516.0,1340324037.0,440.0,2223436.0,8273605129.0,770345.0,0.0,1523.0,1861.0
USA,United States,COM,S,S/LFM/CDH+ERH/H:1/COM:3,S3/HC/COM4,TOTAL,2758.0,6442004548.0,6442004548.0,5205139860.0,1236864883.0,563.0,2291888.0,12884009096.0,794062.0,0.0,831.0,2811.0
USA,United States,COM,S,S/LFM/CDH+ERH/H:1/COM:3A,S3/HC/COM5,TOTAL,395.0,890826857.0,890826857.0,767892742.0,122934103.0,69.0,212124.0,1781653714.0,73494.0,0.0,537.0,4200.0
USA,United States,COM,S,S/LFM/CDH+ERH/H:1/COM:3B,S3/HC/COM3,TOTAL,1336.0,1678344155.0,1678344155.0,1406452400.0,271891754.0,188.0,756728.0,3356688310.0,262182.0,0.0,566.0,2218.0
USA,United States,COM,S,S/LFM/CDH+ERH/H:1/COM:4,S3/HC/COM10,TOTAL,23.0,42026206.0,21010995.0,16432247.0,25593961.0,9.0,31606.0,63037202.0,10950.0,0.0,1374.0,1330.0
USA,United States,COM,S,S/LFM/CDH+ERH/H:1/COM:5,S3/HC/COM8,TOTAL,2131.0,5404917947.0,5404917947.0,4864426024.0,540491804.0,420.0,1490208.0,10809835895.0,516308.0,0.0,699.0,3627.0
USA,United States,IND,S,S/LFM/CDH+ERH/H:1/IND:1,S3/HC/IND1,TOTAL,842.0,4278607425.0,6417972024.0,3606866044.0,671741389.0,1843.0,1886480.0,10696579449.0,609023.0,0.0,2240.0,2268.0
USA,United States,IND,S,S/LFM/CDH+ERH/H:1/IND:2,S3/HC/IND2,TOTAL,2450.0,6226501853.0,9339796098.0,5248941027.0,977560824.0,2793.0,3368678.0,15566297951.0,1087530.0,0.0,1375.0,1848.0
USA,United States,IND,S,S/LFM/CDH+ERH/H:1/IND:3,S3/HC/IND3,TOTAL,198.0,2117111639.0,3175683675.0,1784725083.0,332386536.0,821.0,655190.0,5292795313.0,211519.0,0.0,3309.0,3231.0
USA,United States,IND,S,S/LFM/CDH+ERH/H:1/IND:4,S3/HC/IND4,TOTAL,171.0,923094765.0,1384661907.0,778168881.0,144925882.0,229.0,291364.0,2307756672.0,94063.0,0.0,1704.0,3168.0
USA,United States,IND,S,S/LFM/CDH+ERH/H:1/IND:5,S3/HC/IND5,TOTAL,66.0,149852262.0,224781352.0,126325457.0,23526806.0,52.0,48778.0,374633614.0,15747.0,0.0,739.0,3072.0
USA,United States,IND,S,S/LFM/CDH+ERH/H:1/IND:6,S3/HC/IND6,TOTAL,1587.0,1916756783.0,1916756783.0,1615825961.0,300930826.0,1327.0,1016415.0,3833513566.0,328137.0,0.0,640.0,1886.0
USA,United States,RES,S,S/LFM/CDH+ERH/H:1/RES,S3/HC/RES2,TOTAL,2016.0,302046903.0,151020504.0,228347453.0,73699445.0,6458.0,327260.0,453067407.0,84173.0,1972.0,162.0,923.0
USA,United States,RES,S,S/LFM/CDH+ERH/H:1/RES:1,S3/HC/RES1,TOTAL,40.0,14349178.0,7174587.0,10991470.0,3357708.0,65.0,5887.0,21523765.0,1514.0,54.0,147.0,2437.0
USA,United States,RES,S,S/LFM/CDH+ERH/H:1/RES:2,S3/HC/RES3B,TOTAL,1073.0,565185168.0,282581727.0,487189607.0,77995551.0,6535.0,330916.0,847766895.0,85115.0,2371.0,308.0,1708.0
USA,United States,RES,S,S/LFM/CDH+ERH/H:1/RES:2,S3/HC/RES3C,TOTAL,832.0,1413151847.0,706566609.0,1218136874.0,195014950.0,7562.0,389683.0,2119718455.0,100230.0,2923.0,468.0,3626.0
USA,United States,RES,S,S/LFM/CDH+ERH/H:1/RES:2,S3/HC/RES3D,TOTAL,283.0,759190812.0,379587791.0,654422472.0,104768330.0,4403.0,224427.0,1138778603.0,57724.0,1797.0,793.0,3383.0
USA,United States,RES,S,S/LFM/CDH+ERH/H:1/RES:2,S3/HC/RES3F,TOTAL,26.0,458038355.0,229016332.0,394829061.0,63209291.0,2925.0,157687.0,687054687.0,40558.0,1422.0,6065.0,2905.0
USA,United States,RES,S,S/LFM/CDH+ERH/H:1/RES:2,S3/HC/RES3E,TOTAL,120.0,701024834.0,350505102.0,604283400.0,96741424.0,4108.0,223912.0,1051529936.0,57592.0,1664.0,1866.0,3131.0
USA,United States,RES,S,S/LFM/CDH+ERH/H:1/RES:2,S3/HC/RES3A,TOTAL,2090.0,1068126666.0,534055338.0,920725174.0,147401476.0,9369.0,548844.0,1602182003.0,141168.0,3393.0,263.0,1946.0
USA,United States,RES,S,S/LFM/CDH+ERH/H:1/RES:3,S3/HC/RES4,TOTAL,205.0,811108989.0,405547373.0,700798185.0,110310829.0,3145.0,282629.0,1216656362.0,72694.0,0.0,1379.0,2870.0
USA,United States,RES,S,S/LFM/CDH+ERH/H:1/RES:4,S3/HC/RES5,TOTAL,4.0,50332266.0,25165359.0,40869800.0,9462466.0,400.0,15354.0,75497625.0,3949.0,0.0,3838.0,3278.0
USA,United States,RES,S,S/LFM/CDH+ERH/H:1/RES:4,S3/HC/RES6,TOTAL,9.0,46488532.0,23243987.0,37934642.0,8553890.0,204.0,12969.0,69732520.0,3336.0,0.0,1441.0,3585.0
USA,United States,COM,S,S/LFM/CDH+ERH/H:4-7/COM:1,S1M/HC/COM1,TOTAL,216.0,441389530.0,441389530.0,311620996.0,129768522.0,89.0,235957.0,882779061.0,81969.0,0.0,1092.0,1871.0
USA,United States,COM,S,S/LFM/CDH+ERH/H:4-7/COM:2,S1M/HC/COM2,TOTAL,231.0,609764447.0,609764447.0,412200766.0,197563682.0,119.0,316447.0,1219528895.0,109930.0,0.0,1370.0,1927.0
USA,United States,COM,S,S/LFM/CDH+ERH/H:4-7/COM:3,S1M/HC/COM4,TOTAL,408.0,1100134621.0,1100134621.0,888908805.0,211225848.0,152.0,386048.0,2200269242.0,134109.0,0.0,946.0,2850.0
USA,United States,COM,S,S/LFM/CDH+ERH/H:4-7/COM:3A,S1M/HC/COM5,TOTAL,35.0,158343943.0,158343943.0,136492478.0,21851464.0,13.0,37456.0,316687886.0,13012.0,0.0,1070.0,4227.0
USA,United States,COM,S,S/LFM/CDH+ERH/H:4-7/COM:3B,S1M/HC/COM3,TOTAL,152.0,187654668.0,187654668.0,157254612.0,30400056.0,36.0,81702.0,375309336.0,28382.0,0.0,538.0,2297.0
USA,United States,COM,S,S/LFM/CDH+ERH/H:4-7/COM:4,S1M/HC/COM10,TOTAL,63.0,35606276.0,17800280.0,13922054.0,21684223.0,11.0,27313.0,53406557.0,9488.0,0.0,434.0,1304.0
USA,United States,IND,S,S/LFM/CDH+ERH/H:4-7/IND:3,S1M/HC/IND3,TOTAL,19.0,163973506.0,245959884.0,138229662.0,25743841.0,73.0,51001.0,409933390.0,16523.0,0.0,2684.0,3215.0
USA,United States,IND,S,S/LFM/CDH+ERH/H:4-7/IND:4,S1M/HC/IND4,TOTAL,155.0,871255944.0,1306890999.0,734468758.0,136787190.0,159.0,274357.0,2178146943.0,88885.0,0.0,1770.0,3176.0
USA,United States,RES,S,S/LFM/CDH+ERH/H:4-7/RES:2,S1M/HC/RES3B,TOTAL,161.0,77580738.0,38789377.0,66874595.0,10706142.0,853.0,44357.0,116370115.0,11441.0,403.0,276.0,1749.0
USA,United States,RES,S,S/LFM/CDH+ERH/H:4-7/RES:2,S1M/HC/RES3C,TOTAL,292.0,463652669.0,231823568.0,399668595.0,63984067.0,2683.0,131118.0,695476238.0,33818.0,1248.0,449.0,3536.0
USA,United States,RES,S,S/LFM/CDH+ERH/H:4-7/RES:2,S1M/HC/RES3D,TOTAL,208.0,598505034.0,299248862.0,515911332.0,82593693.0,4105.0,181235.0,897753896.0,46744.0,1831.0,871.0,3302.0
USA,United States,RES,S,S/LFM/CDH+ERH/H:4-7/RES:2,S1M/HC/RES3E,TOTAL,129.0,763464342.0,381726850.0,658106253.0,105358077.0,5517.0,247122.0,1145191192.0,63737.0,2696.0,1916.0,3089.0
USA,United States,RES,S,S/LFM/CDH+ERH/H:4-7/RES:2,S1M/HC/RES3F,TOTAL,87.0,1178035676.0,589012181.0,1015466742.0,162568919.0,8940.0,428547.0,1767047858.0,110530.0,5859.0,4926.0,2749.0
USA,United States,RES,S,S/LFM/CDH+ERH/H:4-7/RES:3,S1M/HC/RES4,TOTAL,28.0,172648974.0,86321980.0,149168719.0,23480262.0,1086.0,59968.0,258970955.0,15467.0,0.0,2142.0,2879.0
USA,United States,RES,S,S/LFM/CDH+ERH/H:4-7/RES:4,S1M/HC/RES5,TOTAL,10.0,90017298.0,45007234.0,73094043.0,16923251.0,529.0,29362.0,135024532.0,7573.0,0.0,2936.0,3066.0
USA,United States,RES,S,S/LFM/CDH+ERH/H:4-7/RES:4,S1M/HC/RES6,TOTAL,4.0,7807032.0,3902843.0,6370538.0,1436494.0,43.0,2042.0,11709875.0,527.0,0.0,510.0,3823.0
USA,United States,COM,S,S/LFM/CDH+ERH/H:>8/COM:3,S1H/HC/COM4,TOTAL,201.0,976551471.0,976551471.0,789053611.0,187497883.0,234.0,323086.0,1953102942.0,112415.0,0.0,1607.0,3023.0
USA,United States,COM,S,S/LFM/CDH+ERH/H:>8/COM:3A,S1H/HC/COM5,TOTAL,26.0,102538401.0,102538401.0,88388101.0,14150299.0,12.0,23058.0,205076802.0,8023.0,0.0,887.0,4447.0
USA,United States,RES,S,S/LFM/CDH+ERH/H:>8/RES:2,S1H/HC/RES3F,TOTAL,26.0,479837722.0,239917737.0,413620113.0,66217604.0,3092.0,165539.0,719755459.0,42766.0,2492.0,6367.0,2899.0
USA,United States,RES,S,S/LFM/CDH+ERH/H:>8/RES:2,S1H/HC/RES3E,TOTAL,14.0,83309280.0,41653890.0,71812598.0,11496681.0,445.0,28120.0,124963170.0,7265.0,355.0,2009.0,2963.0
USA,United States,RES,S,S/LFM/CDH+ERH/H:>8/RES:2,S1H/HC/RES3B,TOTAL,4.0,2589278.0,1294349.0,2231957.0,357320.0,31.0,1774.0,3883627.0,458.0,27.0,444.0,1460.0
USA,United States,RES,S,S/LFM/CDH+ERH/H:>8/RES:2,S1H/HC/RES3D,TOTAL,3.0,9355556.0,4677740.0,8064489.0,1291067.0,102.0,2831.0,14033297.0,731.0,39.0,944.0,3305.0
USA,United States,RES,S,S/LFM/CDH+ERH/H:>8/RES:2,S1H/HC/RES3C,TOTAL,34.0,165265421.0,82631837.0,142458794.0,22806627.0,215.0,49759.0,247897258.0,12855.0,207.0,1464.0,3321.0
USA,United States,RES,S,S/LFM/CDH+ERH/H:>8/RES:3,S1H/HC/RES4,TOTAL,30.0,543140296.0,271568213.0,469273233.0,73867085.0,2606.0,184363.0,814708508.0,47629.0,0.0,6145.0,2946.0
USA,United States,COM,S,S/LFM/CDH+ERS/H:1-3/COM:1,S1L/VC/COM1,TOTAL,72.0,149007800.0,149007800.0,105199502.0,43808293.0,21.0,80845.0,298015599.0,28025.0,0.0,1123.0,1843.0
USA,United States,COM,S,S/LFM/CDH+ERS/H:1-3/COM:1,S1L/SC/COM1,TOTAL,2.0,2794185.0,2794185.0,1972694.0,821490.0,0.0,1711.0,5588370.0,593.0,0.0,856.0,1633.0
USA,United States,COM,S,S/LFM/CDH+ERS/H:1-3/COM:2,S1L/VC/COM2,TOTAL,55.0,145136229.0,145136229.0,98112090.0,47024138.0,15.0,75969.0,290272458.0,26335.0,0.0,1381.0,1910.0
USA,United States,COM,S,S/LFM/CDH+ERS/H:1-3/COM:2,S1L/SC/COM2,TOTAL,1.0,1189696.0,1189696.0,804234.0,385462.0,0.0,649.0,2379392.0,225.0,0.0,649.0,1833.0
USA,United States,COM,S,S/LFM/CDH+ERS/H:1-3/COM:3,S1L/VC/COM4,TOTAL,135.0,288071119.0,288071119.0,232761472.0,55309655.0,24.0,102830.0,576142237.0,35646.0,0.0,762.0,2801.0
USA,United States,COM,S,S/LFM/CDH+ERS/H:1-3/COM:3,S1L/SC/COM4,TOTAL,8.0,14645121.0,14645121.0,11833258.0,2811863.0,2.0,5474.0,29290242.0,1897.0,0.0,684.0,2675.0
USA,United States,COM,S,S/LFM/CDH+ERS/H:1-3/COM:3B,S1L/VC/COM3,TOTAL,37.0,42889738.0,42889738.0,35941600.0,6948137.0,5.0,19158.0,85779476.0,6641.0,0.0,518.0,2239.0
USA,United States,COM,S,S/LFM/CDH+ERS/H:1-3/COM:5,S1L/SC/COM8,TOTAL,3.0,9506150.0,9506150.0,8555535.0,950615.0,1.0,2658.0,19012300.0,921.0,0.0,886.0,3576.0
USA,United States,COM,S,S/LFM/CDH+ERS/H:1-3/COM:5,S1L/VC/COM8,TOTAL,136.0,424916615.0,424916615.0,382424943.0,42491662.0,30.0,114972.0,849833229.0,39855.0,0.0,845.0,3696.0
USA,United States,IND,S,S/LFM/CDH+ERS/H:1-3/IND:1,S1L/VC/IND1,TOTAL,41.0,213471986.0,320209443.0,179956884.0,33515103.0,108.0,92661.0,533681429.0,29936.0,0.0,2260.0,2304.0
USA,United States,IND,S,S/LFM/CDH+ERS/H:1-3/IND:1,S1L/SC/IND1,TOTAL,4.0,21341690.0,32012488.0,17991045.0,3350645.0,7.0,9458.0,53354178.0,3056.0,0.0,2364.0,2256.0
USA,United States,IND,S,S/LFM/CDH+ERS/H:1-3/IND:2,S1L/SC/IND2,TOTAL,17.0,35526115.0,53289293.0,29948515.0,5577600.0,32.0,19019.0,88815408.0,6144.0,0.0,1119.0,1868.0
USA,United States,IND,S,S/LFM/CDH+ERS/H:1-3/IND:2,S1L/VC/IND2,TOTAL,133.0,396475032.0,594714618.0,334228452.0,62246582.0,210.0,206756.0,991189650.0,66795.0,0.0,1555.0,1918.0
USA,United States,IND,S,S/LFM/CDH+ERS/H:1-3/IND:3,S1L/VC/IND3,TOTAL,12.0,62264862.0,93396680.0,52489279.0,9775584.0,15.0,19008.0,155661541.0,6141.0,0.0,1584.0,3276.0
USA,United States,IND,S,S/LFM/CDH+ERS/H:1-3/IND:6,S1L/SC/IND6,TOTAL,33.0,41280591.0,41280591.0,34799538.0,6481053.0,29.0,21930.0,82561182.0,7085.0,0.0,665.0,1882.0
USA,United States,IND,S,S/LFM/CDH+ERS/H:1-3/IND:6,S1L/VC/IND6,TOTAL,98.0,113553144.0,113553144.0,95725299.0,17827844.0,79.0,58863.0,227106287.0,19017.0,0.0,601.0,1929.0
USA,United States,COM,S,S/LFM/CDH+ERS/H:1/COM:1,S3/VC/COM1,TOTAL,103.0,185281035.0,185281035.0,130808406.0,54472624.0,26.0,100153.0,370562071.0,34700.0,0.0,972.0,1850.0
USA,United States,COM,S,S/LFM/CDH+ERS/H:1/COM:1,S3/SC/COM1,TOTAL,13.0,10625996.0,10625996.0,7501953.0,3124043.0,2.0,6093.0,21251992.0,2111.0,0.0,469.0,1744.0
USA,United States,COM,S,S/LFM/CDH+ERS/H:1/COM:2,S3/SC/COM2,TOTAL,3.0,5761312.0,5761312.0,3894647.0,1866665.0,1.0,3077.0,11522623.0,1066.0,0.0,1026.0,1872.0
USA,United States,COM,S,S/LFM/CDH+ERS/H:1/COM:2,S3/VC/COM2,TOTAL,79.0,210338533.0,210338533.0,142188848.0,68149685.0,19.0,111955.0,420677066.0,38789.0,0.0,1417.0,1879.0
USA,United States,COM,S,S/LFM/CDH+ERS/H:1/COM:3,S3/VC/COM4,TOTAL,177.0,332242201.0,332242201.0,268451706.0,63790503.0,29.0,118042.0,664484403.0,40898.0,0.0,667.0,2815.0
USA,United States,COM,S,S/LFM/CDH+ERS/H:1/COM:3,S3/SC/COM4,TOTAL,38.0,47800210.0,47800210.0,38622571.0,9177640.0,6.0,17229.0,95600419.0,5969.0,0.0,453.0,2774.0
USA,United States,COM,S,S/LFM/CDH+ERS/H:1/COM:3A,S3/VC/COM5,TOTAL,24.0,43224036.0,43224036.0,37259118.0,5964917.0,3.0,10151.0,86448072.0,3517.0,0.0,423.0,4258.0
USA,United States,COM,S,S/LFM/CDH+ERS/H:1/COM:3A,S3/SC/COM5,TOTAL,1.0,976219.0,976219.0,841501.0,134718.0,0.0,234.0,1952439.0,81.0,0.0,234.0,4172.0
USA,United States,COM,S,S/LFM/CDH+ERS/H:1/COM:3B,S3/VC/COM3,TOTAL,73.0,95352550.0,95352550.0,79905436.0,15447113.0,11.0,42632.0,190705099.0,14771.0,0.0,584.0,2237.0
USA,United States,COM,S,S/LFM/CDH+ERS/H:1/COM:3B,S3/SC/COM3,TOTAL,4.0,5179524.0,5179524.0,4340441.0,839083.0,1.0,2303.0,10359048.0,798.0,0.0,576.0,2249.0
USA,United States,COM,S,S/LFM/CDH+ERS/H:1/COM:5,S3/VC/COM8,TOTAL,121.0,390802848.0,390802848.0,351722555.0,39080285.0,27.0,107054.0,781605696.0,37091.0,0.0,885.0,3651.0
USA,United States,COM,S,S/LFM/CDH+ERS/H:1/COM:5,S3/SC/COM8,TOTAL,11.0,30474305.0,30474305.0,27426874.0,3047431.0,3.0,8616.0,60948609.0,2985.0,0.0,783.0,3537.0
USA,United States,IND,S,S/LFM/CDH+ERS/H:1/IND:1,S3/VC/IND1,TOTAL,36.0,155664665.0,233497999.0,131225313.0,24439353.0,75.0,68007.0,389162665.0,21955.0,0.0,1889.0,2289.0
USA,United States,IND,S,S/LFM/CDH+ERS/H:1/IND:1,S3/SC/IND1,TOTAL,4.0,17152838.0,25729116.0,14459842.0,2692996.0,7.0,8057.0,42881954.0,2601.0,0.0,2014.0,2129.0
USA,United States,IND,S,S/LFM/CDH+ERS/H:1/IND:2,S3/VC/IND2,TOTAL,125.0,390668701.0,586005772.0,329333711.0,61334988.0,162.0,206402.0,976674473.0,66634.0,0.0,1651.0,1893.0
USA,United States,IND,S,S/LFM/CDH+ERS/H:1/IND:2,S3/SC/IND2,TOTAL,4.0,6549685.0,9824586.0,5521385.0,1028301.0,4.0,4121.0,16374271.0,1331.0,0.0,1030.0,1589.0
USA,United States,IND,S,S/LFM/CDH+ERS/H:1/IND:3,S3/VC/IND3,TOTAL,17.0,122899599.0,184349279.0,103604359.0,19295238.0,32.0,37023.0,307248877.0,11952.0,0.0,2178.0,3320.0
USA,United States,IND,S,S/LFM/CDH+ERS/H:1/IND:6,S3/VC/IND6,TOTAL,84.0,90819179.0,90819179.0,76560567.0,14258612.0,64.0,47482.0,181638359.0,15329.0,0.0,565.0,1913.0
USA,United States,IND,S,S/LFM/CDH+ERS/H:1/IND:6,S3/SC/IND6,TOTAL,2.0,4038853.0,4038853.0,3404753.0,634100.0,2.0,2184.0,8077706.0,705.0,0.0,1092.0,1849.0
USA,United States,RES,S,S/LFM/CDH+ERS/H:1/RES,S3/VC/RES2,TOTAL,132.0,21114356.0,10556993.0,15962452.0,5151903.0,361.0,22877.0,31671349.0,5884.0,162.0,173.0,923.0
USA,United States,RES,S,S/LFM/CDH+ERS/H:1/RES:1,S3/VC/RES1,TOTAL,4.0,993946.0,496967.0,761363.0,232583.0,12.0,453.0,1490913.0,116.0,5.0,113.0,2194.0
USA,United States,RES,S,S/LFM/CDH+ERS/H:1/RES:1,S3/SC/RES1,TOTAL,7.0,1645228.0,822614.0,1260245.0,384983.0,18.0,890.0,2467842.0,229.0,5.0,127.0,1849.0
USA,United States,RES,S,S/LFM/CDH+ERS/H:1/RES:2,S3/VC/RES3B,TOTAL,43.0,24201011.0,12100228.0,20861272.0,3339739.0,271.0,13922.0,36301240.0,3581.0,103.0,324.0,1738.0
USA,United States,RES,S,S/LFM/CDH+ERS/H:1/RES:2,S3/VC/RES3E,TOTAL,8.0,48790027.0,24394715.0,42057002.0,6733024.0,292.0,15264.0,73184742.0,3926.0,136.0,1908.0,3196.0
USA,United States,RES,S,S/LFM/CDH+ERS/H:1/RES:2,S3/VC/RES3A,TOTAL,89.0,44531846.0,22265458.0,38386450.0,6145395.0,379.0,22678.0,66797304.0,5833.0,149.0,255.0,1964.0
USA,United States,RES,S,S/LFM/CDH+ERS/H:1/RES:2,S3/SC/RES3E,TOTAL,2.0,11601175.0,5800561.0,10000213.0,1600962.0,82.0,3804.0,17401736.0,978.0,36.0,1902.0,3050.0
USA,United States,RES,S,S/LFM/CDH+ERS/H:1/RES:2,S3/SC/RES3B,TOTAL,1.0,361044.0,180522.0,311220.0,49824.0,3.0,199.0,541566.0,51.0,1.0,199.0,1814.0
USA,United States,RES,S,S/LFM/CDH+ERS/H:1/RES:2,S3/SC/RES3A,TOTAL,1.0,656676.0,328338.0,566055.0,90621.0,2.0,311.0,985014.0,80.0,1.0,311.0,2111.0
USA,United States,RES,S,S/LFM/CDH+ERS/H:1/RES:2,S3/VC/RES3C,TOTAL,30.0,59517700.0,29758532.0,51304256.0,8213442.0,321.0,16163.0,89276232.0,4157.0,127.0,539.0,3682.0
USA,United States,RES,S,S/LFM/CDH+ERS/H:1/RES:2,S3/VC/RES3F,TOTAL,3.0,49371666.0,24685654.0,42558376.0,6813290.0,340.0,16285.0,74057320.0,4189.0,172.0,5428.0,3032.0
USA,United States,RES,S,S/LFM/CDH+ERS/H:1/RES:2,S3/VC/RES3D,TOTAL,17.0,46914489.0,23456992.0,40440289.0,6474199.0,248.0,13927.0,70371481.0,3582.0,111.0,819.0,3369.0
USA,United States,COM,S,S/LFM/CDH+ERS/H:4-7/COM:1,S1M/SC/COM1,TOTAL,23.0,39775123.0,39775123.0,28081236.0,11693886.0,8.0,21388.0,79550247.0,7430.0,0.0,930.0,1860.0
USA,United States,COM,S,S/LFM/CDH+ERS/H:4-7/COM:1,S1M/VC/COM1,TOTAL,29.0,122985799.0,122985799.0,86827972.0,36157825.0,13.0,64789.0,245971598.0,22507.0,0.0,2234.0,1898.0
USA,United States,COM,S,S/LFM/CDH+ERS/H:4-7/COM:2,S1M/VC/COM2,TOTAL,20.0,95922646.0,95922646.0,64843709.0,31078938.0,8.0,50532.0,191845293.0,17554.0,0.0,2527.0,1898.0
USA,United States,COM,S,S/LFM/CDH+ERS/H:4-7/COM:2,S1M/SC/COM2,TOTAL,15.0,33434399.0,33434399.0,22601653.0,10832745.0,7.0,17301.0,66868797.0,6010.0,0.0,1153.0,1933.0
USA,United States,COM,S,S/LFM/CDH+ERS/H:4-7/COM:3,S1M/VC/COM4,TOTAL,30.0,105801680.0,105801680.0,85487760.0,20313923.0,9.0,35064.0,211603360.0,12181.0,0.0,1169.0,3017.0
USA,United States,COM,S,S/LFM/CDH+ERS/H:4-7/COM:3,S1M/SC/COM4,TOTAL,50.0,105526075.0,105526075.0,85265072.0,20261007.0,12.0,37165.0,211052149.0,12911.0,0.0,743.0,2839.0
USA,United States,COM,S,S/LFM/CDH+ERS/H:4-7/COM:3B,S1M/VC/COM3,TOTAL,7.0,15084963.0,15084963.0,12641199.0,2443764.0,2.0,6364.0,30169927.0,2211.0,0.0,909.0,2370.0
USA,United States,COM,S,S/LFM/CDH+ERS/H:4-7/COM:3B,S1M/SC/COM3,TOTAL,12.0,29156159.0,29156159.0,24432861.0,4723298.0,3.0,12839.0,58312317.0,4460.0,0.0,1070.0,2271.0
USA,United States,RES,S,S/LFM/CDH+ERS/H:4-7/RES:2,S1M/SC/RES3F,TOTAL,12.0,181402305.0,90700392.0,156368785.0,25033518.0,1631.0,62917.0,272102696.0,16227.0,753.0,5243.0,2883.0
USA,United States,RES,S,S/LFM/CDH+ERS/H:4-7/RES:2,S1M/SC/RES3E,TOTAL,22.0,135021462.0,67509738.0,116388499.0,18632961.0,882.0,43063.0,202531200.0,11107.0,529.0,1957.0,3135.0
USA,United States,RES,S,S/LFM/CDH+ERS/H:4-7/RES:2,S1M/VC/RES3C,TOTAL,25.0,41088325.0,20544003.0,35418136.0,5670189.0,243.0,11386.0,61632328.0,2937.0,106.0,455.0,3609.0
USA,United States,RES,S,S/LFM/CDH+ERS/H:4-7/RES:2,S1M/SC/RES3C,TOTAL,30.0,55691485.0,27845426.0,48006059.0,7685425.0,308.0,15365.0,83536911.0,3963.0,133.0,512.0,3625.0
USA,United States,RES,S,S/LFM/CDH+ERS/H:4-7/RES:2,S1M/SC/RES3B,TOTAL,15.0,6847697.0,3423726.0,5902714.0,944982.0,72.0,4009.0,10271423.0,1034.0,33.0,267.0,1708.0
USA,United States,RES,S,S/LFM/CDH+ERS/H:4-7/RES:2,S1M/SC/RES3D,TOTAL,28.0,109416082.0,54707627.0,94316662.0,15099419.0,617.0,31970.0,164123709.0,8246.0,292.0,1142.0,3422.0
USA,United States,RES,S,S/LFM/CDH+ERS/H:4-7/RES:2,S1M/VC/RES3D,TOTAL,15.0,43369561.0,21684357.0,37384561.0,5984999.0,257.0,12998.0,65053918.0,3353.0,143.0,867.0,3337.0
USA,United States,RES,S,S/LFM/CDH+ERS/H:4-7/RES:2,S1M/VC/RES3B,TOTAL,28.0,13711921.0,6855757.0,11819675.0,1892245.0,161.0,7713.0,20567678.0,1989.0,82.0,275.0,1778.0
USA,United States,RES,S,S/LFM/CDH+ERS/H:4-7/RES:2,S1M/VC/RES3E,TOTAL,17.0,87013920.0,43506021.0,75005998.0,12007921.0,631.0,27473.0,130519942.0,7086.0,336.0,1616.0,3167.0
USA,United States,RES,S,S/LFM/CDH+ERS/H:4-7/RES:2,S1M/VC/RES3F,TOTAL,16.0,272959932.0,136479263.0,235291461.0,37668470.0,2684.0,93977.0,409439195.0,24238.0,1245.0,5874.0,2905.0
USA,United States,COM,S,S/LFM/CDH+ERS/H:>8/COM:3,S1H/VC/COM4,TOTAL,2.0,7850578.0,7850578.0,6343267.0,1507311.0,1.0,2526.0,15701156.0,879.0,0.0,1263.0,3108.0
USA,United States,COM,S,S/LFM/CDH+ERS/H:>8/COM:3,S1H/SC/COM4,TOTAL,12.0,38665400.0,38665400.0,31241645.0,7423757.0,6.0,13745.0,77330799.0,4782.0,0.0,1145.0,2813.0
USA,United States,RES,S,S/LFM/CDH+ERS/H:>8/RES:2,S1H/VC/RES3F,TOTAL,3.0,41089832.0,20544825.0,35419434.0,5670397.0,185.0,14660.0,61634657.0,3787.0,175.0,4887.0,2803.0
USA,United States,RES,S,S/LFM/CDH+ERS/H:>8/RES:2,S1H/VC/RES3E,TOTAL,2.0,14588815.0,7294349.0,12575559.0,2013256.0,99.0,4768.0,21883165.0,1232.0,65.0,2384.0,3060.0
USA,United States,RES,S,S/LFM/CDH+ERS/H:>8/RES:2,S1H/SC/RES3B,TOTAL,1.0,457620.0,228810.0,394468.0,63152.0,5.0,274.0,686430.0,71.0,2.0,274.0,1670.0
USA,United States,RES,S,S/LFM/CDH+ERS/H:>8/RES:2,S1H/SC/RES3C,TOTAL,2.0,2539260.0,1269597.0,2188842.0,350418.0,12.0,648.0,3808856.0,167.0,5.0,324.0,3919.0
USA,United States,RES,S,S/LFM/CDH+ERS/H:>8/RES:2,S1H/VC/RES3B,TOTAL,3.0,1082326.0,541163.0,932965.0,149361.0,6.0,599.0,1623490.0,155.0,8.0,200.0,1807.0
USA,United States,RES,S,S/LFM/CDH+ERS/H:>8/RES:2,S1H/VC/RES3C,TOTAL,1.0,606082.0,303041.0,522443.0,83639.0,1.0,213.0,909124.0,55.0,2.0,213.0,2845.0
USA,United States,RES,S,S/LFM/CDH+ERS/H:>8/RES:2,S1H/VC/RES3D,TOTAL,1.0,3335145.0,1667541.0,2874895.0,460250.0,24.0,1017.0,5002686.0,263.0,17.0,1017.0,3279.0
USA,United States,RES,S,S/LFM/CDH+ERS/H:>8/RES:2,S1H/SC/RES3F,TOTAL,2.0,29529267.0,14764563.0,25454227.0,4075039.0,205.0,10795.0,44293829.0,2789.0,189.0,5398.0,2735.0
USA,United States,RES,S,S/LFM/CDH+ERS/H:>8/RES:3,S1H/SC/RES4,TOTAL,42.0,38046130.0,19022924.0,32871857.0,5174274.0,162.0,13555.0,57069054.0,3502.0,0.0,323.0,2807.0
USA,United States,RES,S,S/LFM/CDH+ERS/H:>8/RES:3,S1H/VC/RES4,TOTAL,1.0,21115249.0,10557624.0,18243576.0,2871674.0,185.0,7322.0,31672873.0,1892.0,0.0,7322.0,2884.0
USA,United States,COM,S,S/LFM/CDL+ERL/H:1-3/COM:1,S1L/LC/COM1,TOTAL,33140.0,51837039246.0,51837039246.0,36596948202.0,15240089527.0,8532.0,33477295.0,103674078492.0,11604920.0,0.0,1010.0,1548.0
USA,United States,COM,S,S/LFM/CDL+ERL/H:1-3/COM:2,S1L/LC/COM2,TOTAL,27842.0,58245979137.0,58245979137.0,39374281802.0,18871697279.0,8014.0,37390717.0,116491958275.0,12961495.0,0.0,1343.0,1558.0
USA,United States,COM,S,S/LFM/CDL+ERL/H:1-3/COM:3,S1L/LC/COM4,TOTAL,48445.0,71578082205.0,71578082205.0,57835092426.0,13742991900.0,7131.0,30400523.0,143156164410.0,10538372.0,0.0,628.0,2355.0
USA,United States,COM,S,S/LFM/CDL+ERL/H:1-3/COM:3A,S1L/LC/COM5,TOTAL,4726.0,8271529199.0,8271529199.0,7130058064.0,1141471001.0,604.0,2359521.0,16543058397.0,817937.0,0.0,499.0,3506.0
USA,United States,COM,S,S/LFM/CDL+ERL/H:1-3/COM:3B,S1L/LC/COM3,TOTAL,9548.0,9965310072.0,9965310072.0,8350929834.0,1614380237.0,1315.0,5285795.0,19930620144.0,1832337.0,0.0,554.0,1885.0
USA,United States,COM,S,S/LFM/CDL+ERL/H:1-3/COM:4,S1L/LC/COM10,TOTAL,878.0,1429327507.0,714560916.0,558867058.0,870460491.0,332.0,1289524.0,2143888423.0,447014.0,0.0,1469.0,1108.0
USA,United States,COM,S,S/LFM/CDL+ERL/H:1-3/COM:5,S1L/LC/COM8,TOTAL,22614.0,42644491278.0,42644491278.0,38380041153.0,4264449203.0,3847.0,14138740.0,85288982555.0,4901217.0,0.0,625.0,3016.0
USA,United States,COM,S,S/LFM/CDL+ERL/H:1-3/COM:5A,S1L/LC/COM9,TOTAL,461.0,1812065587.0,1812065587.0,1590993624.0,221072004.0,173.0,712046.0,3624131175.0,246831.0,0.0,1545.0,2545.0
USA,United States,IND,S,S/LFM/CDL+ERL/H:1-3/IND:1,S1L/LC/IND1,TOTAL,6874.0,32937311293.0,49406498252.0,27766153255.0,5171158044.0,15887.0,17794970.0,82343809545.0,5748917.0,0.0,2589.0,1851.0
USA,United States,IND,S,S/LFM/CDL+ERL/H:1-3/IND:2,S1L/LC/IND2,TOTAL,12998.0,34409757126.0,51614965583.0,29007425062.0,5402332049.0,14763.0,21383047.0,86024722709.0,6908098.0,0.0,1645.0,1609.0
USA,United States,IND,S,S/LFM/CDL+ERL/H:1-3/IND:3,S1L/LC/IND3,TOTAL,1290.0,9418497183.0,14127972806.0,7939793095.0,1478704109.0,3798.0,3493481.0,23546469989.0,1128619.0,0.0,2708.0,2696.0
USA,United States,IND,S,S/LFM/CDL+ERL/H:1-3/IND:4,S1L/LC/IND4,TOTAL,1706.0,9260579064.0,13891079366.0,7806668107.0,1453910966.0,2952.0,3483674.0,23151658430.0,1125451.0,0.0,2042.0,2658.0
USA,United States,IND,S,S/LFM/CDL+ERL/H:1-3/IND:5,S1L/LC/IND5,TOTAL,5283.0,15170030685.0,22755440694.0,12788335798.0,2381694895.0,5022.0,5621961.0,37925471379.0,1816259.0,0.0,1064.0,2698.0
USA,United States,IND,S,S/LFM/CDL+ERL/H:1-3/IND:6,S1L/LC/IND6,TOTAL,16597.0,14292450036.0,14292450036.0,12048535308.0,2243914732.0,10512.0,9031345.0,28584900071.0,2917726.0,0.0,544.0,1583.0
USA,United States,RES,S,S/LFM/CDL+ERL/H:1-3/RES:3,S1L/LC/RES4,TOTAL,1053.0,3122254462.0,1561059912.0,2697627932.0,424626629.0,15527.0,1307592.0,4683314374.0,336508.0,0.0,1242.0,2388.0
USA,United States,RES,S,S/LFM/CDL+ERL/H:1-3/RES:4,S1L/LC/RES6,TOTAL,1418.0,8595811393.0,4297761185.0,7014181967.0,1581629301.0,40818.0,2712618.0,12893572579.0,698089.0,0.0,1913.0,3169.0
USA,United States,RES,S,S/LFM/CDL+ERL/H:1-3/RES:4,S1L/LC/RES5,TOTAL,752.0,8488676837.0,4244287362.0,6892805383.0,1595871188.0,33977.0,3140569.0,12732964198.0,808219.0,0.0,4176.0,2703.0
USA,United States,COM,S,S/LFM/CDL+ERL/H:1/COM:1,S3/LC/COM1,TOTAL,30212.0,44288262975.0,44288262975.0,31267512349.0,13020749314.0,7008.0,29636495.0,88576525949.0,10268042.0,0.0,981.0,1494.0
USA,United States,COM,S,S/LFM/CDL+ERL/H:1/COM:2,S3/LC/COM2,TOTAL,27600.0,55820414720.0,55820414720.0,37734600318.0,18085814415.0,7248.0,36932825.0,111640829440.0,12795955.0,0.0,1338.0,1511.0
USA,United States,COM,S,S/LFM/CDL+ERL/H:1/COM:3,S3/LC/COM4,TOTAL,68604.0,100593086264.0,100593086264.0,81279216527.0,19313872727.0,9126.0,44218959.0,201186172527.0,15320369.0,0.0,645.0,2275.0
USA,United States,COM,S,S/LFM/CDL+ERL/H:1/COM:3A,S3/LC/COM5,TOTAL,7694.0,13250292269.0,13250292269.0,11421751791.0,1828540289.0,964.0,3859681.0,26500584538.0,1337261.0,0.0,502.0,3433.0
USA,United States,COM,S,S/LFM/CDL+ERL/H:1/COM:3B,S3/LC/COM3,TOTAL,55693.0,56622291982.0,56622291982.0,47449480655.0,9172811334.0,6907.0,31370169.0,113244583964.0,10868713.0,0.0,563.0,1805.0
USA,United States,COM,S,S/LFM/CDL+ERL/H:1/COM:4,S3/LC/COM10,TOTAL,884.0,1133871865.0,566844734.0,443343903.0,690527999.0,209.0,1069205.0,1700716599.0,370443.0,0.0,1210.0,1060.0
USA,United States,COM,S,S/LFM/CDL+ERL/H:1/COM:5,S3/LC/COM8,TOTAL,19613.0,37799459831.0,37799459831.0,34019512977.0,3779946049.0,3367.0,12897694.0,75598919663.0,4468630.0,0.0,658.0,2931.0
USA,United States,COM,S,S/LFM/CDL+ERL/H:1/COM:5A,S3/LC/COM9,TOTAL,586.0,1961363529.0,1961363529.0,1722077220.0,239286353.0,173.0,807551.0,3922727059.0,279789.0,0.0,1378.0,2429.0
USA,United States,IND,S,S/LFM/CDL+ERL/H:1/IND:1,S3/LC/IND1,TOTAL,7857.0,39875268006.0,59813472574.0,33614850726.0,6260417291.0,18828.0,22022597.0,99688740579.0,7109680.0,0.0,2803.0,1811.0
USA,United States,IND,S,S/LFM/CDL+ERL/H:1/IND:2,S3/LC/IND2,TOTAL,59726.0,149875694056.0,224814899340.0,126345209284.0,23530484741.0,66346.0,98449892.0,374690593396.0,31783116.0,0.0,1648.0,1522.0
USA,United States,IND,S,S/LFM/CDL+ERL/H:1/IND:3,S3/LC/IND3,TOTAL,938.0,6976865191.0,10465424954.0,5881497322.0,1095367872.0,2801.0,2730316.0,17442290145.0,881444.0,0.0,2911.0,2555.0
USA,United States,IND,S,S/LFM/CDL+ERL/H:1/IND:4,S3/LC/IND4,TOTAL,2029.0,10271077262.0,15406850002.0,8658518072.0,1612559183.0,3634.0,4058048.0,25677927265.0,1310084.0,0.0,2000.0,2531.0
USA,United States,IND,S,S/LFM/CDL+ERL/H:1/IND:5,S3/LC/IND5,TOTAL,2379.0,7070175260.0,10605470445.0,5960157703.0,1110017552.0,2303.0,2735559.0,17675645705.0,883139.0,0.0,1150.0,2585.0
USA,United States,IND,S,S/LFM/CDL+ERL/H:1/IND:6,S3/LC/IND6,TOTAL,27991.0,25464279121.0,25464279121.0,21466387177.0,3997891955.0,17746.0,16857769.0,50928558242.0,5442320.0,0.0,602.0,1511.0
USA,United States,RES,S,S/LFM/CDL+ERL/H:1/RES:2,S3/LC/RES3B,TOTAL,3.0,1237884.0,618942.0,1067056.0,170828.0,13.0,720.0,1856825.0,185.0,5.0,240.0,1719.0
USA,United States,RES,S,S/LFM/CDL+ERL/H:1/RES:2,S3/LC/RES3C,TOTAL,4.0,5511461.0,2755690.0,4750880.0,760582.0,26.0,1510.0,8267152.0,388.0,8.0,378.0,3650.0
USA,United States,RES,S,S/LFM/CDL+ERL/H:1/RES:2,S3/LC/RES3D,TOTAL,1.0,1864027.0,932014.0,1606791.0,257236.0,8.0,553.0,2796041.0,142.0,3.0,553.0,3371.0
USA,United States,RES,S,S/LFM/CDL+ERL/H:1/RES:2,S3/LC/RES3A,TOTAL,9.0,3767072.0,1883516.0,3247216.0,519856.0,36.0,1929.0,5650588.0,496.0,14.0,214.0,1953.0
USA,United States,RES,S,S/LFM/CDL+ERL/H:1/RES:3,S3/LC/RES4,TOTAL,413.0,1241347062.0,620645879.0,1072523892.0,168823209.0,6816.0,548737.0,1861992940.0,141139.0,0.0,1329.0,2262.0
USA,United States,RES,S,S/LFM/CDL+ERL/H:1/RES:4,S3/LC/RES5,TOTAL,53.0,579516470.0,289754686.0,470567355.0,108949093.0,3328.0,238066.0,869271156.0,61232.0,0.0,4492.0,2434.0
USA,United States,RES,S,S/LFM/CDL+ERL/H:1/RES:4,S3/LC/RES6,TOTAL,98.0,619364350.0,309669724.0,505401298.0,113963040.0,3077.0,223718.0,929034073.0,57542.0,0.0,2283.0,2769.0
USA,United States,COM,S,S/LFM/CDL+ERL/H:4-7/COM:1,S1M/LC/COM1,TOTAL,2080.0,3809888916.0,3809888916.0,2689781454.0,1120107340.0,975.0,2315848.0,7619777833.0,804500.0,0.0,1113.0,1645.0
USA,United States,COM,S,S/LFM/CDL+ERL/H:4-7/COM:2,S1M/LC/COM2,TOTAL,1183.0,3381220078.0,3381220078.0,2285704776.0,1095515312.0,632.0,2117309.0,6762440156.0,735529.0,0.0,1790.0,1597.0
USA,United States,COM,S,S/LFM/CDL+ERL/H:4-7/COM:3,S1M/LC/COM4,TOTAL,2360.0,6359658548.0,6359658548.0,5138604306.0,1221054455.0,1241.0,2600096.0,12719317096.0,903244.0,0.0,1102.0,2446.0
USA,United States,COM,S,S/LFM/CDL+ERL/H:4-7/COM:3A,S1M/LC/COM5,TOTAL,315.0,720804769.0,720804769.0,621333702.0,99471056.0,78.0,204628.0,1441609538.0,71086.0,0.0,650.0,3523.0
USA,United States,COM,S,S/LFM/CDL+ERL/H:4-7/COM:3B,S1M/LC/COM3,TOTAL,1119.0,1376309541.0,1376309541.0,1153347395.0,222962146.0,299.0,706418.0,2752619082.0,245403.0,0.0,631.0,1948.0
USA,United States,COM,S,S/LFM/CDL+ERL/H:4-7/COM:4,S1M/LC/COM10,TOTAL,248.0,138018435.0,68998939.0,53965209.0,84053232.0,36.0,118009.0,207017375.0,40995.0,0.0,476.0,1170.0
USA,United States,COM,S,S/LFM/CDL+ERL/H:4-7/COM:5,S1M/LC/COM8,TOTAL,1306.0,3317176700.0,3317176700.0,2985458945.0,331717677.0,493.0,1059832.0,6634353400.0,368174.0,0.0,812.0,3130.0
USA,United States,IND,S,S/LFM/CDL+ERL/H:4-7/IND:2,S1M/LC/IND2,TOTAL,708.0,1877414411.0,2816145430.0,1582660341.0,294754072.0,1100.0,1126136.0,4693559841.0,364843.0,0.0,1591.0,1667.0
USA,United States,IND,S,S/LFM/CDL+ERL/H:4-7/IND:3,S1M/LC/IND3,TOTAL,70.0,557841435.0,836771126.0,470260329.0,87581109.0,418.0,205937.0,1394612561.0,66719.0,0.0,2942.0,2709.0
USA,United States,IND,S,S/LFM/CDL+ERL/H:4-7/IND:4,S1M/LC/IND4,TOTAL,60.0,297259853.0,445894871.0,250590053.0,46669798.0,208.0,114554.0,743154724.0,37113.0,0.0,1909.0,2595.0
USA,United States,IND,S,S/LFM/CDL+ERL/H:4-7/IND:5,S1M/LC/IND5,TOTAL,222.0,692887664.0,1039348489.0,584104299.0,108783366.0,340.0,239727.0,1732236154.0,77666.0,0.0,1080.0,2890.0
USA,United States,RES,S,S/LFM/CDL+ERL/H:4-7/RES:2,S1M/LC/RES3E,TOTAL,224.0,997513028.0,498748745.0,859856218.0,137656794.0,8282.0,362779.0,1496261773.0,93568.0,4400.0,1620.0,2750.0
USA,United States,RES,S,S/LFM/CDL+ERL/H:4-7/RES:2,S1M/LC/RES3D,TOTAL,343.0,748530785.0,374259054.0,645233528.0,103297246.0,5787.0,256801.0,1122789840.0,66234.0,2893.0,749.0,2915.0
USA,United States,RES,S,S/LFM/CDL+ERL/H:4-7/RES:2,S1M/LC/RES3C,TOTAL,369.0,527361727.0,263676212.0,454585805.0,72775917.0,3806.0,163638.0,791037939.0,42206.0,1753.0,443.0,3223.0
USA,United States,RES,S,S/LFM/CDL+ERL/H:4-7/RES:2,S1M/LC/RES3B,TOTAL,671.0,354791908.0,177392745.0,305830620.0,48961282.0,4934.0,201397.0,532184653.0,51945.0,2026.0,300.0,1762.0
USA,United States,RES,S,S/LFM/CDL+ERL/H:4-7/RES:2,S1M/LC/RES3F,TOTAL,105.0,1786300124.0,893141053.0,1539790702.0,246509413.0,12967.0,683540.0,2679441177.0,176297.0,6420.0,6510.0,2613.0
USA,United States,RES,S,S/LFM/CDL+ERL/H:4-7/RES:3,S1M/LC/RES4,TOTAL,193.0,920175056.0,460073682.0,795031271.0,125143815.0,5297.0,384643.0,1380248737.0,99207.0,0.0,1993.0,2392.0
USA,United States,RES,S,S/LFM/CDL+ERL/H:4-7/RES:4,S1M/LC/RES6,TOTAL,2.0,8915354.0,4457404.0,7274929.0,1640425.0,77.0,3001.0,13372758.0,774.0,0.0,1500.0,2971.0
USA,United States,RES,S,S/LFM/CDL+ERL/H:4-7/RES:4,S1M/LC/RES5,TOTAL,43.0,421906382.0,210948768.0,342587972.0,79318396.0,2136.0,146092.0,632855150.0,37680.0,0.0,3397.0,2888.0
USA,United States,COM,S,S/LFM/CDL+ERL/H:>8/COM:3,S1H/LC/COM4,TOTAL,740.0,7443182445.0,7443182445.0,6014091631.0,1429091048.0,2287.0,2930400.0,14886364890.0,1019607.0,0.0,3960.0,2540.0
USA,United States,COM,S,S/LFM/CDL+ERL/H:>8/COM:3A,S1H/LC/COM5,TOTAL,142.0,351862442.0,351862442.0,303305421.0,48557016.0,59.0,97957.0,703724884.0,34084.0,0.0,690.0,3592.0
USA,United States,COM,S,S/LFM/CDL+ERL/H:>8/COM:4,S1H/LC/COM10,TOTAL,108.0,58327787.0,29161499.0,22806165.0,35521624.0,20.0,46479.0,87489286.0,16172.0,0.0,430.0,1255.0
USA,United States,RES,S,S/LFM/CDL+ERL/H:>8/RES:2,S1H/LC/RES3B,TOTAL,7.0,2714329.0,1356987.0,2339752.0,374577.0,35.0,1881.0,4071316.0,486.0,21.0,269.0,1443.0
USA,United States,RES,S,S/LFM/CDL+ERL/H:>8/RES:2,S1H/LC/RES3C,TOTAL,17.0,24649790.0,12324601.0,21248119.0,3401671.0,109.0,7738.0,36974391.0,1999.0,64.0,455.0,3186.0
USA,United States,RES,S,S/LFM/CDL+ERL/H:>8/RES:2,S1H/LC/RES3D,TOTAL,14.0,51255775.0,25627306.0,44182477.0,7073297.0,273.0,15978.0,76883081.0,4128.0,186.0,1141.0,3208.0
USA,United States,RES,S,S/LFM/CDL+ERL/H:>8/RES:2,S1H/LC/RES3E,TOTAL,48.0,289599742.0,144797641.0,249634975.0,39964764.0,1822.0,98380.0,434397384.0,25416.0,1311.0,2050.0,2944.0
USA,United States,RES,S,S/LFM/CDL+ERL/H:>8/RES:2,S1H/LC/RES3F,TOTAL,116.0,2402877558.0,1201433722.0,2071280437.0,331597094.0,15972.0,891609.0,3604311280.0,230343.0,11740.0,7686.0,2695.0
USA,United States,RES,S,S/LFM/CDL+ERL/H:>8/RES:3,S1H/LC/RES4,TOTAL,91.0,767998391.0,383994490.0,663550635.0,104447786.0,3643.0,295911.0,1151992881.0,76447.0,0.0,3252.0,2595.0
USA,United States,RES,S,S/LFM/CDL+ERL/H:>8/RES:4,S1H/LC/RES5,TOTAL,10.0,101758887.0,50878391.0,82628214.0,19130670.0,447.0,33560.0,152637278.0,8670.0,0.0,3356.0,3032.0
USA,United States,COM,S,S/LFM/CDM+ERM/H:1-3/COM:1,S1L/MC/COM1,TOTAL,3258.0,5090899173.0,5090899173.0,3594174664.0,1496724356.0,725.0,2943429.0,10181798346.0,1020344.0,0.0,903.0,1730.0
USA,United States,COM,S,S/LFM/CDM+ERM/H:1-3/COM:2,S1L/MC/COM2,TOTAL,2702.0,5463930156.0,5463930156.0,3693616783.0,1770313377.0,622.0,3190662.0,10927860313.0,1106045.0,0.0,1181.0,1712.0
USA,United States,COM,S,S/LFM/CDM+ERM/H:1-3/COM:3,S1L/MC/COM4,TOTAL,4769.0,7595720469.0,7595720469.0,6137342360.0,1458378346.0,673.0,2938316.0,15191440938.0,1018573.0,0.0,616.0,2585.0
USA,United States,COM,S,S/LFM/CDM+ERM/H:1-3/COM:3A,S1L/MC/COM5,TOTAL,407.0,770314154.0,770314154.0,664010794.0,106303350.0,48.0,200627.0,1540628308.0,69548.0,0.0,493.0,3840.0
USA,United States,COM,S,S/LFM/CDM+ERM/H:1-3/COM:3B,S1L/MC/COM3,TOTAL,1942.0,2189154165.0,2189154165.0,1834511190.0,354642975.0,255.0,1006856.0,4378308331.0,349030.0,0.0,518.0,2174.0
USA,United States,COM,S,S/LFM/CDM+ERM/H:1-3/COM:4,S1L/MC/COM10,TOTAL,309.0,479615120.0,239765562.0,187529513.0,292085622.0,97.0,379409.0,719380683.0,131523.0,0.0,1228.0,1264.0
USA,United States,COM,S,S/LFM/CDM+ERM/H:1-3/COM:5,S1L/MC/COM8,TOTAL,4323.0,9179456386.0,9179456386.0,8261510531.0,917945655.0,699.0,2627734.0,18358912772.0,910910.0,0.0,608.0,3493.0
USA,United States,COM,S,S/LFM/CDM+ERM/H:1-3/COM:5A,S1L/MC/COM9,TOTAL,178.0,566135518.0,566135518.0,497066999.0,69068534.0,47.0,202095.0,1132271035.0,70056.0,0.0,1135.0,2801.0
USA,United States,IND,S,S/LFM/CDM+ERM/H:1-3/IND:1,S1L/MC/IND1,TOTAL,1770.0,8818084756.0,13227246744.0,7433645401.0,1384439352.0,3184.0,4024809.0,22045331501.0,1300271.0,0.0,2274.0,2191.0
USA,United States,IND,S,S/LFM/CDM+ERM/H:1-3/IND:2,S1L/MC/IND2,TOTAL,3261.0,7965941075.0,11948999725.0,6715288295.0,1250652791.0,3598.0,4374311.0,19914940800.0,1413184.0,0.0,1341.0,1821.0
USA,United States,IND,S,S/LFM/CDM+ERM/H:1-3/IND:3,S1L/MC/IND3,TOTAL,373.0,2546024899.0,3819066374.0,2146298983.0,399725923.0,690.0,816956.0,6365091273.0,263929.0,0.0,2190.0,3116.0
USA,United States,IND,S,S/LFM/CDM+ERM/H:1-3/IND:4,S1L/MC/IND4,TOTAL,411.0,2163093687.0,3244679624.0,1823487964.0,339605721.0,493.0,716530.0,5407773311.0,231485.0,0.0,1743.0,3019.0
USA,United States,IND,S,S/LFM/CDM+ERM/H:1-3/IND:5,S1L/MC/IND5,TOTAL,686.0,1907393446.0,2861132178.0,1607932661.0,299460781.0,622.0,616849.0,4768525624.0,199283.0,0.0,899.0,3092.0
USA,United States,IND,S,S/LFM/CDM+ERM/H:1-3/IND:6,S1L/MC/IND6,TOTAL,2288.0,2286434161.0,2286434161.0,1927463986.0,358970176.0,1532.0,1263935.0,4572868321.0,408336.0,0.0,552.0,1809.0
USA,United States,RES,S,S/LFM/CDM+ERM/H:1-3/RES:2,S1L/MC/RES3C,TOTAL,696.0,1080233898.0,540109980.0,931161608.0,149072274.0,7290.0,295560.0,1620343878.0,76063.0,2686.0,425.0,3655.0
USA,United States,RES,S,S/LFM/CDM+ERM/H:1-3/RES:2,S1L/MC/RES3D,TOTAL,200.0,544777780.0,272381734.0,469598440.0,75179332.0,4017.0,160099.0,817159514.0,41202.0,1486.0,800.0,3403.0
USA,United States,RES,S,S/LFM/CDM+ERM/H:1-3/RES:2,S1L/MC/RES3E,TOTAL,61.0,315066128.0,157528512.0,271586998.0,43479125.0,2361.0,98188.0,472594640.0,25269.0,979.0,1610.0,3209.0
USA,United States,RES,S,S/LFM/CDM+ERM/H:1-3/RES:2,S1L/MC/RES3A,TOTAL,2147.0,806393943.0,403189857.0,695111569.0,111282361.0,8673.0,412485.0,1209583799.0,106156.0,3210.0,192.0,1955.0
USA,United States,RES,S,S/LFM/CDM+ERM/H:1-3/RES:2,S1L/MC/RES3F,TOTAL,9.0,86715221.0,43357065.0,74748520.0,11966700.0,660.0,29196.0,130072286.0,7514.0,301.0,3244.0,2970.0
USA,United States,RES,S,S/LFM/CDM+ERM/H:1-3/RES:2,S1L/MC/RES3B,TOTAL,1106.0,508161174.0,254073209.0,438034925.0,70126240.0,6950.0,293829.0,762234383.0,75619.0,2486.0,266.0,1729.0
USA,United States,RES,S,S/LFM/CDM+ERM/H:1-3/RES:3,S1L/MC/RES4,TOTAL,262.0,838705626.0,419338637.0,724641682.0,114063971.0,4588.0,304750.0,1258044263.0,78427.0,0.0,1163.0,2752.0
USA,United States,RES,S,S/LFM/CDM+ERM/H:1-3/RES:4,S1L/MC/RES6,TOTAL,8.0,42026093.0,21011985.0,34293291.0,7732801.0,163.0,12804.0,63038078.0,3295.0,0.0,1600.0,3282.0
USA,United States,RES,S,S/LFM/CDM+ERM/H:1-3/RES:4,S1L/MC/RES5,TOTAL,148.0,2006745206.0,1003357415.0,1629477066.0,377268086.0,9131.0,636778.0,3010102621.0,163874.0,0.0,4303.0,3151.0
USA,United States,COM,S,S/LFM/CDM+ERM/H:1/COM:1,S3/MC/COM1,TOTAL,4539.0,6754151057.0,6754151057.0,4768430448.0,1985720411.0,960.0,3817841.0,13508302113.0,1322755.0,0.0,841.0,1769.0
USA,United States,COM,S,S/LFM/CDM+ERM/H:1/COM:2,S3/MC/COM2,TOTAL,3237.0,7458637020.0,7458637020.0,5042038620.0,2416598408.0,818.0,4281859.0,14917274040.0,1483518.0,0.0,1323.0,1742.0
USA,United States,COM,S,S/LFM/CDM+ERM/H:1/COM:3,S3/MC/COM4,TOTAL,5387.0,8937356359.0,8937356359.0,7221384199.0,1715972437.0,799.0,3425759.0,17874712719.0,1186913.0,0.0,636.0,2609.0
USA,United States,COM,S,S/LFM/CDM+ERM/H:1/COM:3A,S3/MC/COM5,TOTAL,580.0,1065367330.0,1065367330.0,918346625.0,147020688.0,73.0,265330.0,2130734661.0,91929.0,0.0,457.0,4015.0
USA,United States,COM,S,S/LFM/CDM+ERM/H:1/COM:3B,S3/MC/COM3,TOTAL,5325.0,6050166307.0,6050166307.0,5070039353.0,980126944.0,683.0,2936172.0,12100332614.0,1017288.0,0.0,551.0,2061.0
USA,United States,COM,S,S/LFM/CDM+ERM/H:1/COM:4,S3/MC/COM10,TOTAL,49.0,102790606.0,51386385.0,40191127.0,62599481.0,19.0,80358.0,154176991.0,27841.0,0.0,1640.0,1279.0
USA,United States,COM,S,S/LFM/CDM+ERM/H:1/COM:5,S3/MC/COM8,TOTAL,4642.0,9926313476.0,9926313476.0,8933681896.0,992631365.0,778.0,2835059.0,19852626953.0,982256.0,0.0,611.0,3501.0
USA,United States,IND,S,S/LFM/CDM+ERM/H:1/IND:1,S3/MC/IND1,TOTAL,2255.0,10961040436.0,16441699818.0,9240157029.0,1720883408.0,3934.0,4957452.0,27402740254.0,1600443.0,0.0,2198.0,2211.0
USA,United States,IND,S,S/LFM/CDM+ERM/H:1/IND:2,S3/MC/IND2,TOTAL,6160.0,14511411028.0,21767235777.0,12233119387.0,2278291607.0,6236.0,8246861.0,36278646805.0,2662381.0,0.0,1339.0,1760.0
USA,United States,IND,S,S/LFM/CDM+ERM/H:1/IND:3,S3/MC/IND3,TOTAL,406.0,3107244792.0,4660903472.0,2619407339.0,487837446.0,883.0,980197.0,7768148264.0,316443.0,0.0,2414.0,3170.0
USA,United States,IND,S,S/LFM/CDM+ERM/H:1/IND:4,S3/MC/IND4,TOTAL,536.0,2990643251.0,4486024015.0,2521112236.0,469531002.0,627.0,970834.0,7476667266.0,313420.0,0.0,1811.0,3080.0
USA,United States,IND,S,S/LFM/CDM+ERM/H:1/IND:5,S3/MC/IND5,TOTAL,730.0,1904854899.0,2857329062.0,1605792667.0,299062229.0,608.0,612266.0,4762183961.0,197663.0,0.0,839.0,3111.0
USA,United States,IND,S,S/LFM/CDM+ERM/H:1/IND:6,S3/MC/IND6,TOTAL,4637.0,4698085000.0,4698085000.0,3960485624.0,737599369.0,3327.0,2626546.0,9396170000.0,847949.0,0.0,566.0,1789.0
USA,United States,RES,S,S/LFM/CDM+ERM/H:1/RES,S3/MC/RES2,TOTAL,899.0,139016784.0,69505314.0,105096687.0,33920096.0,2571.0,150625.0,208522098.0,38742.0,982.0,168.0,923.0
USA,United States,RES,S,S/LFM/CDM+ERM/H:1/RES:1,S3/MC/RES1,TOTAL,35.0,12888492.0,6444231.0,9872585.0,3015907.0,59.0,5452.0,19332723.0,1402.0,53.0,156.0,2364.0
USA,United States,RES,S,S/LFM/CDM+ERM/H:1/RES:2,S3/MC/RES3A,TOTAL,4226.0,1762755879.0,881363002.0,1519495547.0,243260305.0,17271.0,903316.0,2644118881.0,232343.0,6322.0,214.0,1951.0
USA,United States,RES,S,S/LFM/CDM+ERM/H:1/RES:2,S3/MC/RES3C,TOTAL,1367.0,2132823933.0,1066399663.0,1838494208.0,294329695.0,13395.0,586001.0,3199223596.0,150725.0,5059.0,429.0,3640.0
USA,United States,RES,S,S/LFM/CDM+ERM/H:1/RES:2,S3/MC/RES3D,TOTAL,418.0,1127218886.0,563596293.0,971662667.0,155556203.0,7672.0,332240.0,1690815180.0,85455.0,2949.0,795.0,3393.0
USA,United States,RES,S,S/LFM/CDM+ERM/H:1/RES:2,S3/MC/RES3E,TOTAL,107.0,625310043.0,312648375.0,539017252.0,86292784.0,4396.0,198019.0,937958418.0,50932.0,1728.0,1851.0,3158.0
USA,United States,RES,S,S/LFM/CDM+ERM/H:1/RES:2,S3/MC/RES3F,TOTAL,25.0,319939229.0,159967356.0,275787614.0,44151613.0,2353.0,110449.0,479906586.0,28408.0,990.0,4418.0,2897.0
USA,United States,RES,S,S/LFM/CDM+ERM/H:1/RES:2,S3/MC/RES3B,TOTAL,2133.0,1016277090.0,508123227.0,876030840.0,140246235.0,13231.0,590571.0,1524400317.0,151902.0,4745.0,277.0,1721.0
USA,United States,RES,S,S/LFM/CDM+ERM/H:1/RES:3,S3/MC/RES4,TOTAL,371.0,1016794403.0,508375937.0,878510388.0,138284047.0,5018.0,364299.0,1525170340.0,93700.0,0.0,982.0,2791.0
USA,United States,RES,S,S/LFM/CDM+ERM/H:1/RES:4,S3/MC/RES6,TOTAL,13.0,59776842.0,29887505.0,48777902.0,10998939.0,449.0,19427.0,89664347.0,4997.0,0.0,1494.0,3077.0
USA,United States,RES,S,S/LFM/CDM+ERM/H:1/RES:4,S3/MC/RES5,TOTAL,1.0,461680.0,230840.0,374884.0,86796.0,4.0,189.0,692520.0,49.0,0.0,189.0,2443.0
USA,United States,COM,S,S/LFM/CDM+ERM/H:4-7/COM:1,S1M/MC/COM1,TOTAL,239.0,437279114.0,437279114.0,308719042.0,128560059.0,100.0,235949.0,874558228.0,81966.0,0.0,987.0,1853.0
USA,United States,COM,S,S/LFM/CDM+ERM/H:4-7/COM:2,S1M/MC/COM2,TOTAL,307.0,599974051.0,599974051.0,405582459.0,194391594.0,128.0,321977.0,1199948101.0,111851.0,0.0,1049.0,1863.0
USA,United States,COM,S,S/LFM/CDM+ERM/H:4-7/COM:3,S1M/MC/COM4,TOTAL,336.0,691956435.0,691956435.0,559100818.0,132855637.0,101.0,252611.0,1383912869.0,87754.0,0.0,752.0,2739.0
USA,United States,COM,S,S/LFM/CDM+ERM/H:4-7/COM:3A,S1M/MC/COM5,TOTAL,34.0,72847726.0,72847726.0,62794739.0,10052986.0,7.0,17721.0,145695453.0,6156.0,0.0,521.0,4111.0
USA,United States,COM,S,S/LFM/CDM+ERM/H:4-7/COM:3B,S1M/MC/COM3,TOTAL,275.0,331400694.0,331400694.0,277713781.0,53686913.0,75.0,146341.0,662801388.0,50838.0,0.0,532.0,2265.0
USA,United States,COM,S,S/LFM/CDM+ERM/H:4-7/COM:4,S1M/MC/COM10,TOTAL,103.0,83986017.0,41989367.0,32838533.0,51147487.0,33.0,63377.0,125975385.0,22016.0,0.0,615.0,1325.0
USA,United States,COM,S,S/LFM/CDM+ERM/H:4-7/COM:5,S1M/MC/COM8,TOTAL,292.0,781083102.0,781083102.0,702974775.0,78108312.0,90.0,215220.0,1562166204.0,74765.0,0.0,737.0,3629.0
USA,United States,IND,S,S/LFM/CDM+ERM/H:4-7/IND:3,S1M/MC/IND3,TOTAL,27.0,223212394.0,334822048.0,188168047.0,35044347.0,57.0,69612.0,558034442.0,22553.0,0.0,2578.0,3207.0
USA,United States,IND,S,S/LFM/CDM+ERM/H:4-7/IND:4,S1M/MC/IND4,TOTAL,99.0,718860392.0,1078294380.0,605999300.0,112861084.0,111.0,232935.0,1797154772.0,75466.0,0.0,2353.0,3086.0
USA,United States,IND,S,S/LFM/CDM+ERM/H:4-7/IND:5,S1M/MC/IND5,TOTAL,49.0,156113235.0,234174899.0,131603455.0,24509779.0,122.0,48777.0,390288134.0,15803.0,0.0,995.0,3201.0
USA,United States,IND,S,S/LFM/CDM+ERM/H:4-7/IND:6,S1M/MC/IND6,TOTAL,34.0,33694983.0,33694983.0,28404870.0,5290112.0,34.0,16699.0,67389965.0,5410.0,0.0,491.0,2018.0
USA,United States,RES,S,S/LFM/CDM+ERM/H:4-7/RES:2,S1M/MC/RES3E,TOTAL,176.0,1020460947.0,510224214.0,879637324.0,140823607.0,7107.0,338185.0,1530685161.0,87224.0,3824.0,1922.0,3017.0
USA,United States,RES,S,S/LFM/CDM+ERM/H:4-7/RES:2,S1M/MC/RES3D,TOTAL,195.0,556878268.0,278435292.0,480029060.0,76849199.0,3336.0,170528.0,835313560.0,43983.0,1763.0,875.0,3266.0
USA,United States,RES,S,S/LFM/CDM+ERM/H:4-7/RES:2,S1M/MC/RES3F,TOTAL,85.0,1026642181.0,513314698.0,884965545.0,141676617.0,7154.0,373678.0,1539956879.0,96378.0,4403.0,4396.0,2747.0
USA,United States,RES,S,S/LFM/CDM+ERM/H:4-7/RES:2,S1M/MC/RES3B,TOTAL,277.0,136451932.0,68223913.0,117621564.0,18830366.0,1554.0,77279.0,204675846.0,19932.0,666.0,279.0,1766.0
USA,United States,RES,S,S/LFM/CDM+ERM/H:4-7/RES:2,S1M/MC/RES3C,TOTAL,302.0,483149242.0,241572539.0,416474641.0,66674594.0,2622.0,134304.0,724721781.0,34640.0,1182.0,445.0,3597.0
USA,United States,RES,S,S/LFM/CDM+ERM/H:4-7/RES:3,S1M/MC/RES4,TOTAL,31.0,180393545.0,90193010.0,155860026.0,24533523.0,1069.0,64270.0,270586555.0,16577.0,0.0,2073.0,2807.0
USA,United States,RES,S,S/LFM/CDM+ERM/H:4-7/RES:4,S1M/MC/RES6,TOTAL,12.0,49830202.0,24913024.0,40661444.0,9168757.0,261.0,13352.0,74743226.0,3444.0,0.0,1113.0,3732.0
USA,United States,RES,S,S/LFM/CDM+ERM/H:4-7/RES:4,S1M/MC/RES5,TOTAL,11.0,180608907.0,90304080.0,146654428.0,33954473.0,912.0,55879.0,270912986.0,14412.0,0.0,5080.0,3232.0
USA,United States,COM,S,S/LFM/CDM+ERM/H:>8/COM:3,S1H/MC/COM4,TOTAL,278.0,830967049.0,830967049.0,671421403.0,159545676.0,198.0,291246.0,1661934099.0,101337.0,0.0,1048.0,2853.0
USA,United States,COM,S,S/LFM/CDM+ERM/H:>8/COM:3A,S1H/MC/COM5,TOTAL,83.0,259554855.0,259554855.0,223736281.0,35818569.0,37.0,63407.0,519109711.0,22062.0,0.0,764.0,4093.0
USA,United States,RES,S,S/LFM/CDM+ERM/H:>8/RES:2,S1H/MC/RES3F,TOTAL,58.0,958866493.0,479431001.0,826542903.0,132323572.0,7089.0,342596.0,1438297494.0,88508.0,5178.0,5907.0,2799.0
USA,United States,RES,S,S/LFM/CDM+ERM/H:>8/RES:2,S1H/MC/RES3E,TOTAL,30.0,177956631.0,88977662.0,153398614.0,24558015.0,1084.0,58803.0,266934293.0,15192.0,804.0,1960.0,3026.0
USA,United States,RES,S,S/LFM/CDM+ERM/H:>8/RES:2,S1H/MC/RES3D,TOTAL,19.0,44960367.0,22479927.0,38755835.0,6204531.0,288.0,14215.0,67440294.0,3673.0,195.0,748.0,3163.0
USA,United States,RES,S,S/LFM/CDM+ERM/H:>8/RES:2,S1H/MC/RES3C,TOTAL,19.0,34289150.0,17144296.0,29557247.0,4731902.0,151.0,9634.0,51433446.0,2489.0,86.0,507.0,3559.0
USA,United States,RES,S,S/LFM/CDM+ERM/H:>8/RES:2,S1H/MC/RES3B,TOTAL,9.0,4236283.0,2117787.0,3651676.0,584607.0,39.0,2459.0,6354070.0,635.0,32.0,273.0,1723.0
USA,United States,RES,S,S/LFM/CDM+ERM/H:>8/RES:3,S1H/MC/RES4,TOTAL,49.0,573369413.0,286683505.0,495391186.0,77978244.0,2205.0,206512.0,860052918.0,53351.0,0.0,4215.0,2776.0
USA,United States,COM,S,S/LFM/CDN+ERL/H:1-3/COM:1,S1L/PC/COM1,TOTAL,44214.0,57697413852.0,57697413852.0,40734372478.0,16963039653.0,9774.0,36316688.0,115394827703.0,12589207.0,0.0,821.0,1589.0
USA,United States,COM,S,S/LFM/CDN+ERL/H:1-3/COM:2,S1L/PC/COM2,TOTAL,29354.0,55605052492.0,55605052492.0,37589015430.0,18016037063.0,7766.0,35005248.0,111210104983.0,12134580.0,0.0,1193.0,1588.0
USA,United States,COM,S,S/LFM/CDN+ERL/H:1-3/COM:3,S1L/PC/COM4,TOTAL,67640.0,91775840985.0,91775840985.0,74154882124.0,17620961621.0,8877.0,37656971.0,183551681969.0,13053832.0,0.0,557.0,2437.0
USA,United States,COM,S,S/LFM/CDN+ERL/H:1-3/COM:3A,S1L/PC/COM5,TOTAL,5214.0,8327964945.0,8327964945.0,7178705690.0,1149259132.0,628.0,2329713.0,16655929889.0,807606.0,0.0,447.0,3575.0
USA,United States,COM,S,S/LFM/CDN+ERL/H:1-3/COM:3B,S1L/PC/COM3,TOTAL,14737.0,14770373806.0,14770373806.0,12377573233.0,2392800564.0,1910.0,7592994.0,29540747611.0,2632136.0,0.0,515.0,1945.0
USA,United States,COM,S,S/LFM/CDN+ERL/H:1-3/COM:4,S1L/PC/COM10,TOTAL,1543.0,2384569847.0,1192131218.0,932366814.0,1452203101.0,498.0,2049362.0,3576701066.0,710413.0,0.0,1328.0,1164.0
USA,United States,COM,S,S/LFM/CDN+ERL/H:1-3/COM:5,S1L/PC/COM8,TOTAL,30752.0,55126074596.0,55126074596.0,49613465837.0,5512607559.0,5158.0,17668091.0,110252149192.0,6124675.0,0.0,575.0,3120.0
USA,United States,COM,S,S/LFM/CDN+ERL/H:1-3/COM:5A,S1L/PC/COM9,TOTAL,575.0,1811402968.0,1811402968.0,1590411842.0,220991165.0,192.0,689575.0,3622805937.0,239042.0,0.0,1199.0,2627.0
USA,United States,IND,S,S/LFM/CDN+ERL/H:1-3/IND:1,S1L/PC/IND1,TOTAL,9417.0,42218011492.0,63327798603.0,35589783452.0,6628228032.0,18804.0,22076976.0,105545810095.0,7132281.0,0.0,2344.0,1912.0
USA,United States,IND,S,S/LFM/CDN+ERL/H:1-3/IND:2,S1L/PC/IND2,TOTAL,17725.0,46122153336.0,69183690443.0,38880975045.0,7241178318.0,17491.0,27544123.0,115305843779.0,8898523.0,0.0,1554.0,1674.0
USA,United States,IND,S,S/LFM/CDN+ERL/H:1-3/IND:3,S1L/PC/IND3,TOTAL,1709.0,9821785773.0,14732931925.0,8279765370.0,1542020420.0,3618.0,3619692.0,24554717697.0,1169394.0,0.0,2118.0,2713.0
USA,United States,IND,S,S/LFM/CDN+ERL/H:1-3/IND:4,S1L/PC/IND4,TOTAL,2807.0,16153262831.0,24230168695.0,13617200514.0,2536062354.0,4592.0,5917415.0,40383431525.0,1911705.0,0.0,2108.0,2730.0
USA,United States,IND,S,S/LFM/CDN+ERL/H:1-3/IND:5,S1L/PC/IND5,TOTAL,7306.0,19492063513.0,29238643747.0,16431809431.0,3060254079.0,5895.0,6988977.0,48730707260.0,2257895.0,0.0,957.0,2789.0
USA,United States,IND,S,S/LFM/CDN+ERL/H:1-3/IND:6,S1L/PC/IND6,TOTAL,18913.0,16051223069.0,16051223069.0,13531180960.0,2520042106.0,11516.0,9874049.0,32102446138.0,3189978.0,0.0,522.0,1626.0
USA,United States,RES,S,S/LFM/CDN+ERL/H:1-3/RES:2,S1L/PC/RES3F,TOTAL,1.0,6953609.0,3476804.0,5994011.0,959598.0,54.0,2490.0,10430413.0,641.0,34.0,2490.0,2793.0
USA,United States,RES,S,S/LFM/CDN+ERL/H:1-3/RES:2,S1L/PC/RES3A,TOTAL,328.0,109460070.0,54729061.0,94354579.0,15105489.0,1276.0,55573.0,164189132.0,14303.0,469.0,169.0,1970.0
USA,United States,RES,S,S/LFM/CDN+ERL/H:1-3/RES:2,S1L/PC/RES3B,TOTAL,140.0,60391444.0,30194638.0,52057424.0,8334019.0,817.0,34356.0,90586083.0,8842.0,314.0,245.0,1758.0
USA,United States,RES,S,S/LFM/CDN+ERL/H:1-3/RES:2,S1L/PC/RES3C,TOTAL,31.0,41997631.0,20998415.0,36201958.0,5795673.0,326.0,11408.0,62996047.0,2936.0,119.0,368.0,3681.0
USA,United States,RES,S,S/LFM/CDN+ERL/H:1-3/RES:2,S1L/PC/RES3D,TOTAL,5.0,12642527.0,6321263.0,10897858.0,1744669.0,89.0,3643.0,18963790.0,938.0,36.0,729.0,3470.0
USA,United States,RES,S,S/LFM/CDN+ERL/H:1-3/RES:3,S1L/PC/RES4,TOTAL,911.0,2915800405.0,1457831076.0,2519251612.0,396548876.0,15499.0,1226704.0,4373631481.0,315692.0,0.0,1347.0,2377.0
USA,United States,RES,S,S/LFM/CDN+ERL/H:1-3/RES:4,S1L/PC/RES5,TOTAL,878.0,10705873477.0,5352868121.0,8693169002.0,2012704144.0,49362.0,3852837.0,16058741598.0,991520.0,0.0,4388.0,2779.0
USA,United States,RES,S,S/LFM/CDN+ERL/H:1-3/RES:4,S1L/PC/RES6,TOTAL,1818.0,9581412139.0,4790517949.0,7818432152.0,1762979837.0,52726.0,3049475.0,14371930088.0,784780.0,0.0,1677.0,3142.0
USA,United States,COM,S,S/LFM/CDN+ERL/H:1/COM:1,S3/PC/COM1,TOTAL,47125.0,58623517205.0,58623517205.0,41388201420.0,17235314047.0,8963.0,38082670.0,117247034411.0,13194362.0,0.0,808.0,1539.0
USA,United States,COM,S,S/LFM/CDN+ERL/H:1/COM:2,S3/PC/COM2,TOTAL,32669.0,63611315006.0,63611315006.0,43001248854.0,20610066128.0,8432.0,41161778.0,127222630011.0,14261148.0,0.0,1260.0,1545.0
USA,United States,COM,S,S/LFM/CDN+ERL/H:1/COM:3,S3/PC/COM4,TOTAL,116282.0,159738422994.0,159738422994.0,129068650221.0,30669777496.0,14344.0,68173445.0,319476845988.0,23619771.0,0.0,586.0,2343.0
USA,United States,COM,S,S/LFM/CDN+ERL/H:1/COM:3A,S3/PC/COM5,TOTAL,10394.0,17694834955.0,17694834955.0,15252947537.0,2441887164.0,1212.0,5041170.0,35389669910.0,1746610.0,0.0,485.0,3510.0
USA,United States,COM,S,S/LFM/CDN+ERL/H:1/COM:3B,S3/PC/COM3,TOTAL,70133.0,70581136560.0,70581136560.0,59146992386.0,11434144161.0,8875.0,38083995.0,141162273120.0,13194838.0,0.0,543.0,1853.0
USA,United States,COM,S,S/LFM/CDN+ERL/H:1/COM:4,S3/PC/COM10,TOTAL,2828.0,4167140825.0,2083394804.0,1629352071.0,2537788879.0,503.0,3475783.0,6250535629.0,1204240.0,0.0,1229.0,1199.0
USA,United States,COM,S,S/LFM/CDN+ERL/H:1/COM:5,S3/PC/COM8,TOTAL,26047.0,46777903546.0,46777903546.0,42100112091.0,4677790435.0,3927.0,15595190.0,93555807093.0,5403227.0,0.0,599.0,3000.0
USA,United States,COM,S,S/LFM/CDN+ERL/H:1/COM:5A,S3/PC/COM9,TOTAL,990.0,2444317411.0,2444317411.0,2146110736.0,298206727.0,219.0,1001142.0,4888634821.0,346863.0,0.0,1011.0,2442.0
USA,United States,IND,S,S/LFM/CDN+ERL/H:1/IND:1,S3/PC/IND1,TOTAL,12733.0,62082446231.0,93124563221.0,52335501879.0,9746944380.0,28442.0,33265349.0,155207009452.0,10739240.0,0.0,2613.0,1866.0
USA,United States,IND,S,S/LFM/CDN+ERL/H:1/IND:2,S3/PC/IND2,TOTAL,68972.0,162745645640.0,244119983402.0,137194578425.0,25551067216.0,70824.0,103309028.0,406865629043.0,33351827.0,0.0,1498.0,1575.0
USA,United States,IND,S,S/LFM/CDN+ERL/H:1/IND:3,S3/PC/IND3,TOTAL,1430.0,9251604421.0,13877613860.0,7799102492.0,1452501945.0,3496.0,3514126.0,23129218281.0,1134486.0,0.0,2457.0,2633.0
USA,United States,IND,S,S/LFM/CDN+ERL/H:1/IND:4,S3/PC/IND4,TOTAL,2767.0,15191122077.0,22787032153.0,12806115841.0,2385006249.0,5400.0,5854264.0,37978154230.0,1889967.0,0.0,2116.0,2595.0
USA,United States,IND,S,S/LFM/CDN+ERL/H:1/IND:5,S3/PC/IND5,TOTAL,3346.0,9072231202.0,13608647023.0,7647890842.0,1424340347.0,3010.0,3453350.0,22680878224.0,1114869.0,0.0,1032.0,2627.0
USA,United States,IND,S,S/LFM/CDN+ERL/H:1/IND:6,S3/PC/IND6,TOTAL,34799.0,31477669859.0,31477669859.0,26535675533.0,4941994334.0,22998.0,20436763.0,62955339717.0,6597757.0,0.0,587.0,1540.0
USA,United States,RES,S,S/LFM/CDN+ERL/H:1/RES:1,S3/PC/RES1,TOTAL,286.0,92712076.0,46355920.0,71017448.0,21694626.0,438.0,32435.0,139067996.0,8342.0,302.0,113.0,2858.0
USA,United States,RES,S,S/LFM/CDN+ERL/H:1/RES:2,S3/PC/RES3A,TOTAL,359.0,121031022.0,60514364.0,104328740.0,16702281.0,1390.0,61426.0,181545387.0,15800.0,507.0,171.0,1970.0
USA,United States,RES,S,S/LFM/CDN+ERL/H:1/RES:2,S3/PC/RES3C,TOTAL,30.0,40240435.0,20119787.0,34687255.0,5553180.0,295.0,10888.0,60360223.0,2801.0,106.0,363.0,3696.0
USA,United States,RES,S,S/LFM/CDN+ERL/H:1/RES:2,S3/PC/RES3D,TOTAL,8.0,18759101.0,9379392.0,16170345.0,2588756.0,117.0,5369.0,28138493.0,1381.0,54.0,671.0,3494.0
USA,United States,RES,S,S/LFM/CDN+ERL/H:1/RES:2,S3/PC/RES3E,TOTAL,4.0,22589498.0,11294189.0,19472147.0,3117351.0,223.0,7177.0,33883687.0,1846.0,78.0,1794.0,3147.0
USA,United States,RES,S,S/LFM/CDN+ERL/H:1/RES:2,S3/PC/RES3F,TOTAL,2.0,23656381.0,11828190.0,20391800.0,3264580.0,135.0,8189.0,35484571.0,2106.0,112.0,4094.0,2889.0
USA,United States,RES,S,S/LFM/CDN+ERL/H:1/RES:2,S3/PC/RES3B,TOTAL,140.0,59414925.0,29706664.0,51215665.0,8199259.0,782.0,33784.0,89121588.0,8690.0,311.0,241.0,1759.0
USA,United States,RES,S,S/LFM/CDN+ERL/H:1/RES:3,S3/PC/RES4,TOTAL,370.0,884630199.0,442287395.0,764320512.0,120309714.0,5225.0,384991.0,1326917595.0,99022.0,0.0,1041.0,2298.0
USA,United States,RES,S,S/LFM/CDN+ERL/H:1/RES:4,S3/PC/RES6,TOTAL,125.0,570666112.0,285320573.0,465663540.0,105002565.0,3115.0,196783.0,855986684.0,50614.0,0.0,1574.0,2900.0
USA,United States,RES,S,S/LFM/CDN+ERL/H:1/RES:4,S3/PC/RES5,TOTAL,44.0,302383499.0,151182168.0,245535393.0,56848095.0,1692.0,116386.0,453565667.0,29935.0,0.0,2645.0,2598.0
USA,United States,COM,S,S/LFM/CDN+ERL/H:4-7/COM:1,S1M/PC/COM1,TOTAL,6523.0,7427245096.0,7427245096.0,5243634823.0,2183610056.0,1540.0,4272050.0,14854490193.0,1484063.0,0.0,655.0,1739.0
USA,United States,COM,S,S/LFM/CDN+ERL/H:4-7/COM:2,S1M/PC/COM2,TOTAL,2984.0,5516192421.0,5516192421.0,3728946065.0,1787246352.0,1131.0,3317672.0,11032384842.0,1152521.0,0.0,1112.0,1663.0
USA,United States,COM,S,S/LFM/CDN+ERL/H:4-7/COM:3,S1M/PC/COM4,TOTAL,5987.0,10795439745.0,10795439745.0,8722715625.0,2072724447.0,1934.0,4220292.0,21590879490.0,1466084.0,0.0,705.0,2558.0
USA,United States,COM,S,S/LFM/CDN+ERL/H:4-7/COM:3A,S1M/PC/COM5,TOTAL,476.0,850004700.0,850004700.0,732704041.0,117300646.0,91.0,230831.0,1700009400.0,80189.0,0.0,485.0,3682.0
USA,United States,COM,S,S/LFM/CDN+ERL/H:4-7/COM:3B,S1M/PC/COM3,TOTAL,3187.0,3534138981.0,3534138981.0,2961608463.0,572530516.0,748.0,1735402.0,7068277962.0,602862.0,0.0,545.0,2036.0
USA,United States,COM,S,S/LFM/CDN+ERL/H:4-7/COM:4,S1M/PC/COM10,TOTAL,279.0,147488821.0,73729416.0,57668130.0,89820696.0,49.0,124237.0,221218237.0,43159.0,0.0,445.0,1187.0
USA,United States,COM,S,S/LFM/CDN+ERL/H:4-7/COM:5,S1M/PC/COM8,TOTAL,3670.0,7861635343.0,7861635343.0,7075471621.0,786163547.0,1117.0,2406897.0,15723270685.0,836131.0,0.0,656.0,3266.0
USA,United States,COM,S,S/LFM/CDN+ERL/H:4-7/COM:5A,S1M/PC/COM9,TOTAL,18.0,76491422.0,76491422.0,67159470.0,9331954.0,10.0,26966.0,152982845.0,9368.0,0.0,1498.0,2837.0
USA,United States,IND,S,S/LFM/CDN+ERL/H:4-7/IND:2,S1M/PC/IND2,TOTAL,2043.0,3783565103.0,5675394709.0,3189545360.0,594019742.0,2143.0,2176123.0,9458959811.0,705016.0,0.0,1065.0,1739.0
USA,United States,IND,S,S/LFM/CDN+ERL/H:4-7/IND:3,S1M/PC/IND3,TOTAL,145.0,723794702.0,1085715096.0,610158934.0,113635772.0,347.0,252574.0,1809509798.0,81828.0,0.0,1742.0,2866.0
USA,United States,IND,S,S/LFM/CDN+ERL/H:4-7/IND:4,S1M/PC/IND4,TOTAL,65.0,311333924.0,467003378.0,262454496.0,48879427.0,183.0,111112.0,778337302.0,35998.0,0.0,1709.0,2802.0
USA,United States,IND,S,S/LFM/CDN+ERL/H:4-7/IND:5,S1M/PC/IND5,TOTAL,350.0,1398176907.0,2097304419.0,1178663122.0,219513782.0,915.0,456236.0,3495481327.0,147811.0,0.0,1304.0,3065.0
USA,United States,IND,S,S/LFM/CDN+ERL/H:4-7/IND:6,S1M/PC/IND6,TOTAL,280.0,256279501.0,256279501.0,216043619.0,40235883.0,254.0,135894.0,512559001.0,44027.0,0.0,485.0,1886.0
USA,United States,RES,S,S/LFM/CDN+ERL/H:4-7/RES:2,S1M/PC/RES3F,TOTAL,325.0,4311017296.0,2155492002.0,3716096845.0,594920372.0,42125.0,1490291.0,6466509298.0,384373.0,20847.0,4586.0,2893.0
USA,United States,RES,S,S/LFM/CDN+ERL/H:4-7/RES:2,S1M/PC/RES3E,TOTAL,685.0,3879638497.0,1939794747.0,3344248339.0,535390099.0,33831.0,1241132.0,5819433244.0,320111.0,16566.0,1812.0,3126.0
USA,United States,RES,S,S/LFM/CDN+ERL/H:4-7/RES:2,S1M/PC/RES3B,TOTAL,3530.0,1792963202.0,896468496.0,1545534262.0,247428916.0,23608.0,986435.0,2689431698.0,254423.0,10033.0,279.0,1818.0
USA,United States,RES,S,S/LFM/CDN+ERL/H:4-7/RES:2,S1M/PC/RES3D,TOTAL,877.0,2368943538.0,1184452862.0,2042029303.0,326914199.0,17006.0,705874.0,3553396400.0,182059.0,8515.0,805.0,3356.0
USA,United States,RES,S,S/LFM/CDN+ERL/H:4-7/RES:2,S1M/PC/RES3C,TOTAL,1825.0,2852596004.0,1426279951.0,2458937724.0,393658239.0,18956.0,768638.0,4278875955.0,198248.0,8477.0,421.0,3711.0
USA,United States,RES,S,S/LFM/CDN+ERL/H:4-7/RES:3,S1M/PC/RES4,TOTAL,456.0,1507474413.0,753716752.0,1302457925.0,205016532.0,9872.0,584604.0,2261191165.0,150780.0,0.0,1282.0,2579.0
USA,United States,RES,S,S/LFM/CDN+ERL/H:4-7/RES:4,S1M/PC/RES6,TOTAL,17.0,62193632.0,31094230.0,50750002.0,11443628.0,300.0,17637.0,93287862.0,4549.0,0.0,1037.0,3526.0
USA,United States,RES,S,S/LFM/CDN+ERL/H:4-7/RES:4,S1M/PC/RES5,TOTAL,58.0,621479578.0,310735622.0,504641399.0,116838156.0,3984.0,198727.0,932215200.0,51255.0,0.0,3426.0,3127.0
USA,United States,COM,S,S/LFM/CDN+ERL/H:>8/COM:3,S1H/PC/COM4,TOTAL,2192.0,8351458389.0,8351458389.0,6747978640.0,1603480022.0,2216.0,3153134.0,16702916778.0,1097106.0,0.0,1438.0,2649.0
USA,United States,COM,S,S/LFM/CDN+ERL/H:>8/COM:3A,S1H/PC/COM5,TOTAL,373.0,864790384.0,864790384.0,745449300.0,119341070.0,137.0,219472.0,1729580768.0,76364.0,0.0,588.0,3940.0
USA,United States,COM,S,S/LFM/CDN+ERL/H:>8/COM:4,S1H/PC/COM10,TOTAL,86.0,58782726.0,29388346.0,22984046.0,35798682.0,24.0,54629.0,88171072.0,19008.0,0.0,635.0,1076.0
USA,United States,RES,S,S/LFM/CDN+ERL/H:>8/RES:2,S1H/PC/RES3C,TOTAL,90.0,113995739.0,56996314.0,98264326.0,15731412.0,491.0,31829.0,170992053.0,8223.0,483.0,354.0,3582.0
USA,United States,RES,S,S/LFM/CDN+ERL/H:>8/RES:2,S1H/PC/RES3B,TOTAL,165.0,52426814.0,26211899.0,45191912.0,7234900.0,921.0,30472.0,78638713.0,7872.0,656.0,185.0,1720.0
USA,United States,RES,S,S/LFM/CDN+ERL/H:>8/RES:2,S1H/PC/RES3D,TOTAL,63.0,194676774.0,97336010.0,167811377.0,26865394.0,1104.0,58510.0,292012784.0,15116.0,744.0,929.0,3327.0
USA,United States,RES,S,S/LFM/CDN+ERL/H:>8/RES:2,S1H/PC/RES3E,TOTAL,145.0,893636585.0,446815567.0,770314730.0,123321846.0,4848.0,303611.0,1340452152.0,78437.0,3769.0,2094.0,2943.0
USA,United States,RES,S,S/LFM/CDN+ERL/H:>8/RES:2,S1H/PC/RES3F,TOTAL,172.0,2473849598.0,1236917536.0,2132458324.0,341391236.0,23823.0,893074.0,3710767134.0,230721.0,14547.0,5192.0,2770.0
USA,United States,RES,S,S/LFM/CDN+ERL/H:>8/RES:3,S1H/PC/RES4,TOTAL,248.0,1769928503.0,884957469.0,1529218265.0,240710290.0,7768.0,659751.0,2654885972.0,170444.0,0.0,2660.0,2683.0
USA,United States,RES,S,S/LFM/CDN+ERL/H:>8/RES:4,S1H/PC/RES5,TOTAL,23.0,304463580.0,152229815.0,247224417.0,57239151.0,1782.0,90229.0,456693395.0,23310.0,0.0,3923.0,3374.0
USA,United States,COM,W,W/LFM/CDH+ERH/H:1-2/COM:1,W1/HC/COM1,TOTAL,11923.0,18532145013.0,18532145013.0,13083693827.0,5448450631.0,2486.0,10077687.0,37064290025.0,1882295.0,0.0,845.0,1839.0
USA,United States,COM,W,W/LFM/CDH+ERH/H:1-2/COM:2,W1/HC/COM2,TOTAL,5328.0,8978217512.0,8978217512.0,6069275032.0,2908942479.0,993.0,4848580.0,17956435024.0,905611.0,0.0,910.0,1852.0
USA,United States,COM,W,W/LFM/CDH+ERH/H:1-2/COM:3,W1/HC/COM4,TOTAL,33517.0,51866407891.0,51866407891.0,41908059079.0,9958350384.0,4650.0,18438013.0,103732815782.0,3443818.0,0.0,550.0,2813.0
USA,United States,COM,W,W/LFM/CDH+ERH/H:1-2/COM:3A,W1/HC/COM5,TOTAL,3001.0,5392127304.0,5392127304.0,4648013658.0,744113549.0,332.0,1284725.0,10784254608.0,239963.0,0.0,428.0,4197.0
USA,United States,COM,W,W/LFM/CDH+ERH/H:1-2/COM:3B,W1/HC/COM3,TOTAL,7821.0,7768417206.0,7768417206.0,6509933611.0,1258483590.0,895.0,3488494.0,15536834412.0,651581.0,0.0,446.0,2227.0
USA,United States,COM,W,W/LFM/CDH+ERH/H:1-2/COM:4,W1/HC/COM10,TOTAL,56.0,25109602.0,12548235.0,9817855.0,15291749.0,5.0,21654.0,37657838.0,4045.0,0.0,387.0,1160.0
USA,United States,COM,W,W/LFM/CDH+ERH/H:1-2/COM:5,W1/HC/COM8,TOTAL,5080.0,10779286110.0,10779286110.0,9701357243.0,1077928628.0,834.0,3062251.0,21558572220.0,571966.0,0.0,603.0,3520.0
USA,United States,COM,W,W/LFM/CDH+ERH/H:1-2/COM:5A,W1/HC/COM9,TOTAL,20.0,37748163.0,37748163.0,33142888.0,4605276.0,4.0,12366.0,75496326.0,2310.0,0.0,618.0,3053.0
USA,United States,IND,W,W/LFM/CDH+ERH/H:1-2/IND:1,W1/HC/IND1,TOTAL,531.0,1425806100.0,2138783658.0,1201954538.0,223851565.0,686.0,630601.0,3564589758.0,108315.0,0.0,1188.0,2261.0
USA,United States,IND,W,W/LFM/CDH+ERH/H:1-2/IND:2,W1/HC/IND2,TOTAL,1218.0,2156643827.0,3235048500.0,1818050736.0,338593092.0,1308.0,1160816.0,5391692327.0,199388.0,0.0,953.0,1858.0
USA,United States,IND,W,W/LFM/CDH+ERH/H:1-2/IND:3,W1/HC/IND3,TOTAL,97.0,270227301.0,405364117.0,227801613.0,42425688.0,114.0,84881.0,675591418.0,14580.0,0.0,875.0,3184.0
USA,United States,IND,W,W/LFM/CDH+ERH/H:1-2/IND:4,W1/HC/IND4,TOTAL,44.0,85072605.0,127619611.0,71716205.0,13356400.0,40.0,26883.0,212692216.0,4618.0,0.0,611.0,3165.0
USA,United States,IND,W,W/LFM/CDH+ERH/H:1-2/IND:5,W1/HC/IND5,TOTAL,3604.0,9016441829.0,13524923046.0,7600860403.0,1415581416.0,3601.0,2758492.0,22541364875.0,473811.0,0.0,765.0,3269.0
USA,United States,IND,W,W/LFM/CDH+ERH/H:1-2/IND:6,W1/HC/IND6,TOTAL,9429.0,8017201099.0,8017201099.0,6758500482.0,1258700615.0,7699.0,4286705.0,16034402198.0,736309.0,0.0,455.0,1870.0
USA,United States,RES,W,W/LFM/CDH+ERH/H:1-2/RES:1,W1/HC/RES1,TOTAL,2756686.0,1311043797223.0,655521191404.0,1004259512426.0,306784244986.0,7819814.0,517477183.0,1966564988627.0,51601252.0,2875814.0,188.0,2534.0
USA,United States,RES,W,W/LFM/CDH+ERH/H:1-2/RES:2,W1/HC/RES3C,TOTAL,32974.0,47597404102.0,23798381246.0,41028961763.0,6568441600.0,298417.0,13468241.0,71395785348.0,1343023.0,113811.0,408.0,3534.0
USA,United States,RES,W,W/LFM/CDH+ERH/H:1-2/RES:2,W1/HC/RES3B,TOTAL,51053.0,24347433350.0,12173304208.0,20987487239.0,3359945717.0,307230.0,14489828.0,36520737558.0,1444896.0,111749.0,284.0,1680.0
USA,United States,RES,W,W/LFM/CDH+ERH/H:1-2/RES:2,W1/HC/RES3A,TOTAL,97853.0,44575380927.0,22287252059.0,38423977843.0,6151402405.0,398556.0,23197908.0,66862632986.0,2313240.0,145726.0,237.0,1922.0
USA,United States,RES,W,W/LFM/CDH+ERH/H:1-2/RES:2,W1/HC/RES3D,TOTAL,5536.0,11320274240.0,5659992537.0,9758076269.0,1562197804.0,73986.0,3421350.0,16980266777.0,341171.0,30075.0,618.0,3309.0
USA,United States,RES,W,W/LFM/CDH+ERH/H:1-2/RES:3,W1/HC/RES4,TOTAL,1823.0,4287212276.0,2143505805.0,3704151502.0,583060901.0,21319.0,1472809.0,6430718081.0,146866.0,0.0,808.0,2911.0
USA,United States,RES,W,W/LFM/CDH+ERH/H:1-2/RES:4,W1/HC/RES5,TOTAL,58.0,118465965.0,59219145.0,96194361.0,22271601.0,609.0,36196.0,177685111.0,3610.0,0.0,624.0,3273.0
USA,United States,RES,W,W/LFM/CDH+ERH/H:1-2/RES:4,W1/HC/RES6,TOTAL,1441.0,3842260863.0,1920976853.0,3135284807.0,706975999.0,18769.0,1045764.0,5763237716.0,104283.0,0.0,726.0,3674.0
USA,United States,COM,W,W/LFM/CDH+ERH/H:2/COM:1,W2/HC/COM1,TOTAL,6293.0,13847322638.0,13847322638.0,9776209382.0,4071112852.0,1773.0,7512745.0,27694645276.0,1403217.0,0.0,1194.0,1843.0
USA,United States,COM,W,W/LFM/CDH+ERH/H:2/COM:2,W2/HC/COM2,TOTAL,2065.0,5784385048.0,5784385048.0,3910244294.0,1874140763.0,645.0,3111665.0,11568770095.0,581192.0,0.0,1507.0,1859.0
USA,United States,COM,W,W/LFM/CDH+ERH/H:2/COM:3,W2/HC/COM4,TOTAL,14457.0,32989300239.0,32989300239.0,26655355505.0,6333945703.0,2818.0,11675186.0,65978600477.0,2180670.0,0.0,808.0,2826.0
USA,United States,COM,W,W/LFM/CDH+ERH/H:2/COM:3A,W2/HC/COM5,TOTAL,1084.0,3183708381.0,3183708381.0,2744356579.0,439351744.0,190.0,757137.0,6367416761.0,141418.0,0.0,698.0,4205.0
USA,United States,COM,W,W/LFM/CDH+ERH/H:2/COM:3B,W2/HC/COM3,TOTAL,2583.0,3589193351.0,3589193351.0,3007744027.0,581449324.0,387.0,1616804.0,7178386702.0,301987.0,0.0,626.0,2220.0
USA,United States,COM,W,W/LFM/CDH+ERH/H:2/COM:4,W2/HC/COM10,TOTAL,23.0,44402739.0,22199859.0,17361471.0,27041269.0,6.0,40248.0,66602598.0,7518.0,0.0,1750.0,1103.0
USA,United States,COM,W,W/LFM/CDH+ERH/H:2/COM:5,W2/HC/COM8,TOTAL,3110.0,8547109188.0,8547109188.0,7692398078.0,854710933.0,657.0,2439636.0,17094218376.0,455673.0,0.0,784.0,3503.0
USA,United States,COM,W,W/LFM/CDH+ERH/H:2/COM:5A,W2/HC/COM9,TOTAL,33.0,279892410.0,279892410.0,245745540.0,34146874.0,25.0,94649.0,559784820.0,17678.0,0.0,2868.0,2957.0
USA,United States,IND,W,W/LFM/CDH+ERH/H:2/IND:1,W2/HC/IND1,TOTAL,555.0,3310843371.0,4966301005.0,2791040957.0,519802425.0,1456.0,1479195.0,8277144376.0,254072.0,0.0,2665.0,2238.0
USA,United States,IND,W,W/LFM/CDH+ERH/H:2/IND:2,W2/HC/IND2,TOTAL,1141.0,3080253347.0,4620408477.0,2596653561.0,483599791.0,1463.0,1655721.0,7700661824.0,284393.0,0.0,1451.0,1860.0
USA,United States,IND,W,W/LFM/CDH+ERH/H:2/IND:3,W2/HC/IND3,TOTAL,92.0,652749919.0,979135796.0,550268178.0,102481741.0,213.0,203144.0,1631885715.0,34893.0,0.0,2208.0,3213.0
USA,United States,IND,W,W/LFM/CDH+ERH/H:2/IND:4,W2/HC/IND4,TOTAL,58.0,430878163.0,646322387.0,363230288.0,67647874.0,116.0,137338.0,1077200550.0,23590.0,0.0,2368.0,3137.0
USA,United States,IND,W,W/LFM/CDH+ERH/H:2/IND:5,W2/HC/IND5,TOTAL,3076.0,18640313177.0,27960648760.0,15713783844.0,2926529266.0,7473.0,5605015.0,46600961937.0,962737.0,0.0,1822.0,3326.0
USA,United States,IND,W,W/LFM/CDH+ERH/H:2/IND:6,W2/HC/IND6,TOTAL,3285.0,4654111009.0,4654111009.0,3923415554.0,730695452.0,3834.0,2467651.0,9308222017.0,423857.0,0.0,751.0,1886.0
USA,United States,RES,W,W/LFM/CDH+ERH/H:2/RES:1,W2/HC/RES1,TOTAL,58352.0,45521658306.0,22760807652.0,34869589056.0,10652067918.0,156295.0,17021208.0,68282465958.0,1697307.0,62648.0,292.0,2674.0
USA,United States,RES,W,W/LFM/CDH+ERH/H:2/RES:2,W2/HC/RES3E,TOTAL,6523.0,36103594417.0,18051402173.0,31121298014.0,4982295909.0,253188.0,11742640.0,54154996590.0,1170946.0,106234.0,1800.0,3075.0
USA,United States,RES,W,W/LFM/CDH+ERH/H:2/RES:2,W2/HC/RES3F,TOTAL,1956.0,27095945598.0,13547774223.0,23356704843.0,3739240397.0,192714.0,9554188.0,40643719822.0,952717.0,98122.0,4885.0,2836.0
USA,United States,RES,W,W/LFM/CDH+ERH/H:2/RES:2,W2/HC/RES3D,TOTAL,15712.0,46550854992.0,23275079737.0,40126836442.0,6424017817.0,299369.0,14158585.0,69825934729.0,1411859.0,118719.0,901.0,3288.0
USA,United States,RES,W,W/LFM/CDH+ERH/H:2/RES:2,W2/HC/RES3C,TOTAL,23839.0,46485292889.0,23242389373.0,40070321980.0,6414970245.0,267382.0,13101884.0,69727682262.0,1306490.0,103471.0,550.0,3548.0
USA,United States,RES,W,W/LFM/CDH+ERH/H:2/RES:2,W2/HC/RES3A,TOTAL,7986.0,5017178044.0,2508522545.0,4324807425.0,692370555.0,43484.0,2655805.0,7525700589.0,264834.0,16300.0,333.0,1889.0
USA,United States,RES,W,W/LFM/CDH+ERH/H:2/RES:2,W2/HC/RES3B,TOTAL,7236.0,4882097383.0,2440969524.0,4208367883.0,673729423.0,49584.0,2911998.0,7323066907.0,290381.0,19457.0,402.0,1677.0
USA,United States,RES,W,W/LFM/CDH+ERH/H:2/RES:3,W2/HC/RES4,TOTAL,2034.0,10604564441.0,5302132625.0,9162343936.0,1442220843.0,53623.0,3672854.0,15906697066.0,366249.0,0.0,1806.0,2887.0
USA,United States,RES,W,W/LFM/CDH+ERH/H:2/RES:4,W2/HC/RES5,TOTAL,849.0,10515175287.0,5257529959.0,8538322074.0,1976852893.0,38134.0,3281588.0,15772705246.0,327231.0,0.0,3865.0,3204.0
USA,United States,RES,W,W/LFM/CDH+ERH/H:2/RES:4,W2/HC/RES6,TOTAL,1739.0,12288875805.0,6144277877.0,10027722476.0,2261153151.0,61362.0,3344762.0,18433153682.0,333532.0,0.0,1923.0,3674.0
USA,United States,COM,W,W/LFM/CDH+ERS/H:1-2/COM:1,W1/VC/COM1,TOTAL,693.0,1158207485.0,1158207485.0,817694451.0,340513000.0,159.0,631830.0,2316414969.0,118013.0,0.0,912.0,1833.0
USA,United States,COM,W,W/LFM/CDH+ERS/H:1-2/COM:1,W1/SC/COM1,TOTAL,17.0,20003500.0,20003500.0,14122471.0,5881029.0,3.0,10956.0,40007000.0,2046.0,0.0,644.0,1826.0
USA,United States,COM,W,W/LFM/CDH+ERS/H:1-2/COM:2,W1/VC/COM2,TOTAL,255.0,511942182.0,511942182.0,346072917.0,165869267.0,61.0,281828.0,1023884364.0,52640.0,0.0,1105.0,1817.0
USA,United States,COM,W,W/LFM/CDH+ERS/H:1-2/COM:3,W1/VC/COM4,TOTAL,2187.0,3544223711.0,3544223711.0,2863732864.0,680490957.0,335.0,1261399.0,7088447422.0,235603.0,0.0,577.0,2810.0
USA,United States,COM,W,W/LFM/CDH+ERS/H:1-2/COM:3,W1/SC/COM4,TOTAL,51.0,64801426.0,64801426.0,52359554.0,12441874.0,6.0,24038.0,129602853.0,4490.0,0.0,471.0,2696.0
USA,United States,COM,W,W/LFM/CDH+ERS/H:1-2/COM:3A,W1/VC/COM5,TOTAL,219.0,360402055.0,360402055.0,310666568.0,49735482.0,23.0,85523.0,720804111.0,15974.0,0.0,391.0,4214.0
USA,United States,COM,W,W/LFM/CDH+ERS/H:1-2/COM:3A,W1/SC/COM5,TOTAL,3.0,3161297.0,3161297.0,2725038.0,436259.0,0.0,799.0,6322594.0,149.0,0.0,266.0,3957.0
USA,United States,COM,W,W/LFM/CDH+ERS/H:1-2/COM:3B,W1/VC/COM3,TOTAL,422.0,499106479.0,499106479.0,418251228.0,80855250.0,55.0,226108.0,998212957.0,42233.0,0.0,536.0,2207.0
USA,United States,COM,W,W/LFM/CDH+ERS/H:1-2/COM:3B,W1/SC/COM3,TOTAL,6.0,8381477.0,8381477.0,7023677.0,1357799.0,1.0,3836.0,16762953.0,717.0,0.0,639.0,2185.0
USA,United States,COM,W,W/LFM/CDH+ERS/H:1-2/COM:5,W1/VC/COM8,TOTAL,404.0,927345766.0,927345766.0,834611168.0,92734578.0,72.0,265235.0,1854691532.0,49541.0,0.0,657.0,3496.0
USA,United States,COM,W,W/LFM/CDH+ERS/H:1-2/COM:5,W1/SC/COM8,TOTAL,8.0,15300630.0,15300630.0,13770567.0,1530063.0,1.0,4493.0,30601261.0,839.0,0.0,562.0,3405.0
USA,United States,IND,W,W/LFM/CDH+ERS/H:1-2/IND:1,W1/VC/IND1,TOTAL,21.0,74145316.0,111221332.0,62504501.0,11640815.0,34.0,33956.0,185366648.0,5832.0,0.0,1617.0,2184.0
USA,United States,IND,W,W/LFM/CDH+ERS/H:1-2/IND:2,W1/VC/IND2,TOTAL,64.0,109788960.0,164689129.0,92552093.0,17236867.0,55.0,59405.0,274478089.0,10204.0,0.0,928.0,1848.0
USA,United States,IND,W,W/LFM/CDH+ERS/H:1-2/IND:5,W1/SC/IND5,TOTAL,16.0,47256973.0,70885379.0,39837628.0,7419345.0,16.0,14218.0,118142352.0,2442.0,0.0,889.0,3324.0
USA,United States,IND,W,W/LFM/CDH+ERS/H:1-2/IND:5,W1/VC/IND5,TOTAL,270.0,998291003.0,1497453689.0,841559320.0,156731693.0,457.0,303769.0,2495744693.0,52177.0,0.0,1125.0,3286.0
USA,United States,IND,W,W/LFM/CDH+ERS/H:1-2/IND:6,W1/SC/IND6,TOTAL,6.0,4087320.0,4087320.0,3445611.0,641709.0,3.0,2180.0,8174640.0,374.0,0.0,363.0,1875.0
USA,United States,IND,W,W/LFM/CDH+ERS/H:1-2/IND:6,W1/VC/IND6,TOTAL,590.0,542680035.0,542680035.0,457479264.0,85200768.0,452.0,291617.0,1085360069.0,50090.0,0.0,494.0,1861.0
USA,United States,RES,W,W/LFM/CDH+ERS/H:1-2/RES:1,W1/SC/RES1,TOTAL,6972.0,3215197092.0,1607596657.0,2462840890.0,752356112.0,17595.0,1293838.0,4822793750.0,129018.0,7603.0,186.0,2485.0
USA,United States,RES,W,W/LFM/CDH+ERS/H:1-2/RES:1,W1/VC/RES1,TOTAL,216187.0,110820066236.0,55409979204.0,84888167653.0,25931895188.0,598291.0,43482597.0,166230045440.0,4335956.0,226096.0,201.0,2549.0
USA,United States,RES,W,W/LFM/CDH+ERS/H:1-2/RES:2,W1/VC/RES3D,TOTAL,312.0,751712822.0,375849471.0,647976448.0,103736367.0,4943.0,223531.0,1127562292.0,22290.0,2241.0,716.0,3363.0
USA,United States,RES,W,W/LFM/CDH+ERS/H:1-2/RES:2,W1/VC/RES3C,TOTAL,1359.0,2021612151.0,1010786202.0,1742629654.0,278982469.0,12268.0,565790.0,3032398353.0,56420.0,4854.0,416.0,3573.0
USA,United States,RES,W,W/LFM/CDH+ERS/H:1-2/RES:2,W1/VC/RES3B,TOTAL,2683.0,1149048835.0,574504562.0,990480083.0,158568735.0,16117.0,681058.0,1723553397.0,67915.0,5914.0,254.0,1687.0
USA,United States,RES,W,W/LFM/CDH+ERS/H:1-2/RES:2,W1/VC/RES3A,TOTAL,4647.0,1997130085.0,998538343.0,1721526110.0,275603945.0,18559.0,1032840.0,2995668428.0,102995.0,6801.0,222.0,1934.0
USA,United States,RES,W,W/LFM/CDH+ERS/H:1-2/RES:2,W1/SC/RES3B,TOTAL,69.0,27561577.0,13779887.0,23758079.0,3803497.0,321.0,16352.0,41341464.0,1631.0,133.0,237.0,1686.0
USA,United States,RES,W,W/LFM/CDH+ERS/H:1-2/RES:2,W1/SC/RES3D,TOTAL,4.0,9115807.0,4557863.0,7857826.0,1257981.0,70.0,2838.0,13673670.0,283.0,30.0,710.0,3212.0
USA,United States,RES,W,W/LFM/CDH+ERS/H:1-2/RES:2,W1/SC/RES3C,TOTAL,34.0,45135376.0,22567219.0,38906693.0,6228682.0,310.0,13069.0,67702595.0,1303.0,129.0,384.0,3454.0
USA,United States,RES,W,W/LFM/CDH+ERS/H:1-2/RES:2,W1/SC/RES3A,TOTAL,135.0,50669161.0,25334087.0,43676816.0,6992344.0,523.0,27362.0,76003248.0,2729.0,192.0,203.0,1852.0
USA,United States,RES,W,W/LFM/CDH+ERS/H:1-2/RES:3,W1/VC/RES4,TOTAL,137.0,341422633.0,170706450.0,294989164.0,46433481.0,1742.0,120342.0,512129083.0,12000.0,0.0,878.0,2837.0
USA,United States,RES,W,W/LFM/CDH+ERS/H:1-2/RES:3,W1/SC/RES4,TOTAL,1.0,807360.0,403680.0,697559.0,109801.0,2.0,280.0,1211040.0,28.0,0.0,280.0,2883.0
USA,United States,RES,W,W/LFM/CDH+ERS/H:1-2/RES:4,W1/VC/RES5,TOTAL,2.0,7481107.0,3739974.0,6074659.0,1406448.0,3.0,2362.0,11221081.0,236.0,0.0,1181.0,3167.0
USA,United States,RES,W,W/LFM/CDH+ERS/H:1-2/RES:4,W1/VC/RES6,TOTAL,81.0,250148717.0,125065493.0,204121350.0,46027363.0,1134.0,65521.0,375214210.0,6534.0,0.0,809.0,3818.0
USA,United States,COM,W,W/LFM/CDH+ERS/H:2/COM:1,W2/VC/COM1,TOTAL,413.0,1009476006.0,1009476006.0,712690032.0,296785946.0,127.0,544825.0,2018952011.0,101762.0,0.0,1319.0,1853.0
USA,United States,COM,W,W/LFM/CDH+ERS/H:2/COM:1,W2/SC/COM1,TOTAL,21.0,32089327.0,32089327.0,22655064.0,9434262.0,5.0,18414.0,64178653.0,3439.0,0.0,877.0,1743.0
USA,United States,COM,W,W/LFM/CDH+ERS/H:2/COM:2,W2/SC/COM2,TOTAL,3.0,6880236.0,6880236.0,4651039.0,2229196.0,1.0,3747.0,13760471.0,700.0,0.0,1249.0,1836.0
USA,United States,COM,W,W/LFM/CDH+ERS/H:2/COM:2,W2/VC/COM2,TOTAL,98.0,271594501.0,271594501.0,183597882.0,87996618.0,35.0,148143.0,543189001.0,27670.0,0.0,1512.0,1833.0
USA,United States,COM,W,W/LFM/CDH+ERS/H:2/COM:3,W2/VC/COM4,TOTAL,973.0,2231936884.0,2231936884.0,1803405072.0,428531886.0,200.0,789221.0,4463873767.0,147410.0,0.0,811.0,2828.0
USA,United States,COM,W,W/LFM/CDH+ERS/H:2/COM:3,W2/SC/COM4,TOTAL,31.0,59929392.0,59929392.0,48422951.0,11506444.0,6.0,21739.0,119858785.0,4060.0,0.0,701.0,2757.0
USA,United States,COM,W,W/LFM/CDH+ERS/H:2/COM:3A,W2/SC/COM5,TOTAL,2.0,3221923.0,3221923.0,2777298.0,444625.0,0.0,767.0,6443846.0,143.0,0.0,384.0,4201.0
USA,United States,COM,W,W/LFM/CDH+ERS/H:2/COM:3A,W2/VC/COM5,TOTAL,77.0,221266353.0,221266353.0,190731594.0,30534756.0,14.0,52167.0,442532707.0,9744.0,0.0,677.0,4242.0
USA,United States,COM,W,W/LFM/CDH+ERS/H:2/COM:3B,W2/SC/COM3,TOTAL,5.0,5262523.0,5262523.0,4409994.0,852529.0,1.0,2471.0,10525046.0,462.0,0.0,494.0,2130.0
USA,United States,COM,W,W/LFM/CDH+ERS/H:2/COM:3B,W2/VC/COM3,TOTAL,160.0,256157798.0,256157798.0,214660236.0,41497564.0,29.0,116420.0,512315597.0,21745.0,0.0,728.0,2200.0
USA,United States,COM,W,W/LFM/CDH+ERS/H:2/COM:5,W2/SC/COM8,TOTAL,2.0,7956627.0,7956627.0,7160964.0,795663.0,1.0,2218.0,15913254.0,414.0,0.0,1109.0,3587.0
USA,United States,COM,W,W/LFM/CDH+ERS/H:2/COM:5,W2/VC/COM8,TOTAL,286.0,820195197.0,820195197.0,738175661.0,82019521.0,63.0,232164.0,1640390394.0,43364.0,0.0,812.0,3533.0
USA,United States,IND,W,W/LFM/CDH+ERS/H:2/IND:1,W2/VC/IND1,TOTAL,24.0,141898595.0,212851542.0,119620515.0,22278080.0,70.0,62537.0,354750137.0,10742.0,0.0,2606.0,2269.0
USA,United States,IND,W,W/LFM/CDH+ERS/H:2/IND:2,W2/VC/IND2,TOTAL,43.0,121349006.0,182023925.0,102297211.0,19051794.0,57.0,64711.0,303372931.0,11115.0,0.0,1505.0,1875.0
USA,United States,IND,W,W/LFM/CDH+ERS/H:2/IND:5,W2/SC/IND5,TOTAL,20.0,159905822.0,239863198.0,134800608.0,25105215.0,35.0,48533.0,399769020.0,8336.0,0.0,2427.0,3295.0
USA,United States,IND,W,W/LFM/CDH+ERS/H:2/IND:5,W2/VC/IND5,TOTAL,243.0,1577272664.0,2365922266.0,1329640849.0,247631817.0,523.0,473693.0,3943194930.0,81363.0,0.0,1949.0,3330.0
USA,United States,IND,W,W/LFM/CDH+ERS/H:2/IND:6,W2/SC/IND6,TOTAL,8.0,10173514.0,10173514.0,8576272.0,1597242.0,6.0,5587.0,20347028.0,960.0,0.0,698.0,1821.0
USA,United States,IND,W,W/LFM/CDH+ERS/H:2/IND:6,W2/VC/IND6,TOTAL,203.0,295190395.0,295190395.0,248845501.0,46344893.0,183.0,155602.0,590380791.0,26727.0,0.0,767.0,1897.0
USA,United States,RES,W,W/LFM/CDH+ERS/H:2/RES:1,W2/VC/RES1,TOTAL,10618.0,8551874607.0,4275933845.0,6550735732.0,2001138640.0,27910.0,2949667.0,12827808452.0,294133.0,11037.0,278.0,2899.0
USA,United States,RES,W,W/LFM/CDH+ERS/H:2/RES:1,W2/SC/RES1,TOTAL,323.0,324481982.0,162240370.0,248553188.0,75928782.0,915.0,107818.0,486722353.0,10751.0,315.0,334.0,3010.0
USA,United States,RES,W,W/LFM/CDH+ERS/H:2/RES:2,W2/VC/RES3F,TOTAL,142.0,2114803606.0,1057389905.0,1822960683.0,291842891.0,15764.0,751367.0,3172193511.0,74924.0,7877.0,5291.0,2815.0
USA,United States,RES,W,W/LFM/CDH+ERS/H:2/RES:2,W2/VC/RES3D,TOTAL,841.0,2574828896.0,1287393160.0,2219502482.0,355326380.0,15040.0,779446.0,3862222056.0,77725.0,6271.0,927.0,3303.0
USA,United States,RES,W,W/LFM/CDH+ERS/H:2/RES:2,W2/VC/RES3C,TOTAL,1231.0,2412305264.0,1206137737.0,2079407112.0,332898120.0,12223.0,667716.0,3618443001.0,66584.0,4990.0,542.0,3613.0
USA,United States,RES,W,W/LFM/CDH+ERS/H:2/RES:2,W2/VC/RES3B,TOTAL,401.0,209850575.0,104920093.0,180891192.0,28959378.0,2147.0,125010.0,314770667.0,12466.0,948.0,312.0,1679.0
USA,United States,RES,W,W/LFM/CDH+ERS/H:2/RES:2,W2/VC/RES3A,TOTAL,442.0,261492439.0,130741993.0,225406480.0,36085956.0,1945.0,134264.0,392234432.0,13389.0,790.0,304.0,1948.0
USA,United States,RES,W,W/LFM/CDH+ERS/H:2/RES:2,W2/SC/RES3F,TOTAL,12.0,153797796.0,76898011.0,132573697.0,21224095.0,1205.0,54912.0,230695807.0,5476.0,620.0,4576.0,2801.0
USA,United States,RES,W,W/LFM/CDH+ERS/H:2/RES:2,W2/SC/RES3E,TOTAL,21.0,118682604.0,59340212.0,102304404.0,16378199.0,725.0,38854.0,178022816.0,3874.0,370.0,1850.0,3055.0
USA,United States,RES,W,W/LFM/CDH+ERS/H:2/RES:2,W2/VC/RES3E,TOTAL,445.0,2488623619.0,1244287063.0,2145193541.0,343430050.0,16696.0,795142.0,3732910682.0,79290.0,7314.0,1787.0,3130.0
USA,United States,RES,W,W/LFM/CDH+ERS/H:2/RES:2,W2/SC/RES3D,TOTAL,29.0,80631040.0,40313730.0,69503956.0,11127083.0,552.0,24783.0,120944770.0,2471.0,222.0,855.0,3253.0
USA,United States,RES,W,W/LFM/CDH+ERS/H:2/RES:2,W2/SC/RES3A,TOTAL,3.0,1284702.0,642340.0,1107413.0,177289.0,11.0,682.0,1927043.0,68.0,4.0,227.0,1884.0
USA,United States,RES,W,W/LFM/CDH+ERS/H:2/RES:2,W2/SC/RES3B,TOTAL,9.0,4088961.0,2044301.0,3524684.0,564277.0,38.0,2452.0,6133263.0,245.0,15.0,272.0,1668.0
USA,United States,RES,W,W/LFM/CDH+ERS/H:2/RES:2,W2/SC/RES3C,TOTAL,31.0,48271113.0,24135009.0,41609699.0,6661413.0,267.0,13687.0,72406122.0,1365.0,110.0,442.0,3527.0
USA,United States,RES,W,W/LFM/CDH+ERS/H:2/RES:3,W2/VC/RES4,TOTAL,101.0,571844968.0,285914529.0,494074065.0,77770920.0,2748.0,192251.0,857759497.0,19171.0,0.0,1903.0,2974.0
USA,United States,RES,W,W/LFM/CDH+ERS/H:2/RES:3,W2/SC/RES4,TOTAL,7.0,39334919.0,19666942.0,33985371.0,5349549.0,158.0,13640.0,59001860.0,1360.0,0.0,1949.0,2884.0
USA,United States,RES,W,W/LFM/CDH+ERS/H:2/RES:4,W2/SC/RES6,TOTAL,2.0,14501902.0,7250464.0,11833552.0,2668350.0,56.0,3945.0,21752366.0,393.0,0.0,1972.0,3676.0
USA,United States,RES,W,W/LFM/CDH+ERS/H:2/RES:4,W2/VC/RES6,TOTAL,83.0,571057362.0,285519411.0,465982801.0,105074554.0,2632.0,151894.0,856576773.0,15147.0,0.0,1830.0,3760.0
USA,United States,RES,W,W/LFM/CDH+ERS/H:2/RES:4,W2/VC/RES5,TOTAL,69.0,1078965404.0,539478708.0,876119882.0,202845490.0,3728.0,337055.0,1618444113.0,33610.0,0.0,4885.0,3201.0
USA,United States,RES,W,W/LFM/CDH+ERS/H:2/RES:4,W2/SC/RES5,TOTAL,2.0,24662436.0,12331218.0,20025898.0,4636538.0,160.0,9071.0,36993654.0,905.0,0.0,4536.0,2719.0
USA,United States,COM,W,W/LFM/CDL+ERL/H:1-2/COM:1,W1/LC/COM1,TOTAL,239524.0,277954968228.0,277954968228.0,196236199309.0,81718760598.0,48139.0,182848431.0,555909936457.0,34152068.0,0.0,763.0,1520.0
USA,United States,COM,W,W/LFM/CDL+ERL/H:1-2/COM:2,W1/LC/COM2,TOTAL,114919.0,159977653341.0,159977653341.0,108144893490.0,51832759845.0,24753.0,103329401.0,319955306682.0,19299686.0,0.0,899.0,1548.0
USA,United States,COM,W,W/LFM/CDL+ERL/H:1-2/COM:3,W1/LC/COM4,TOTAL,759558.0,923157247864.0,923157247864.0,745911082375.0,177246193094.0,98437.0,393828925.0,1846314495728.0,73558429.0,0.0,518.0,2344.0
USA,United States,COM,W,W/LFM/CDL+ERL/H:1-2/COM:3A,W1/LC/COM5,TOTAL,53565.0,72384564335.0,72384564335.0,62395493631.0,9989069626.0,5782.0,21107146.0,144769128670.0,3942414.0,0.0,394.0,3429.0
USA,United States,COM,W,W/LFM/CDL+ERL/H:1-2/COM:3B,W1/LC/COM3,TOTAL,242676.0,215326053210.0,215326053210.0,180443232480.0,34882820727.0,30493.0,115683556.0,430652106420.0,21607209.0,0.0,477.0,1861.0
USA,United States,COM,W,W/LFM/CDL+ERL/H:1-2/COM:4,W1/LC/COM10,TOTAL,3964.0,2304733655.0,1151653817.0,901150867.0,1403582860.0,562.0,2092038.0,3456387473.0,390754.0,0.0,528.0,1102.0
USA,United States,COM,W,W/LFM/CDL+ERL/H:1-2/COM:5,W1/LC/COM8,TOTAL,157020.0,246476969296.0,246476969296.0,221829266666.0,24647697348.0,23316.0,83450627.0,492953938591.0,15586807.0,0.0,531.0,2954.0
USA,United States,COM,W,W/LFM/CDL+ERL/H:1-2/COM:5A,W1/LC/COM9,TOTAL,675.0,843586105.0,843586105.0,740668617.0,102917506.0,82.0,357894.0,1687172210.0,66848.0,0.0,530.0,2357.0
USA,United States,IND,W,W/LFM/CDL+ERL/H:1-2/IND:1,W1/LC/IND1,TOTAL,9213.0,21401379720.0,32103213773.0,18041363000.0,3360016732.0,11556.0,11507165.0,53504593493.0,1976527.0,0.0,1249.0,1860.0
USA,United States,IND,W,W/LFM/CDL+ERL/H:1-2/IND:2,W1/LC/IND2,TOTAL,35336.0,64990876052.0,97487989091.0,54787308183.0,10203567881.0,34439.0,40957009.0,162478865143.0,7034957.0,0.0,1159.0,1587.0
USA,United States,IND,W,W/LFM/CDL+ERL/H:1-2/IND:3,W1/LC/IND3,TOTAL,2269.0,5236967941.0,7855891253.0,4414763933.0,822203992.0,2283.0,2013904.0,13092859194.0,345920.0,0.0,888.0,2600.0
USA,United States,IND,W,W/LFM/CDL+ERL/H:1-2/IND:4,W1/LC/IND4,TOTAL,1671.0,3004792803.0,4507467303.0,2533040313.0,471752486.0,1094.0,1146405.0,7512260106.0,196914.0,0.0,686.0,2621.0
USA,United States,IND,W,W/LFM/CDL+ERL/H:1-2/IND:5,W1/LC/IND5,TOTAL,6369.0,10209344603.0,15314797999.0,8606477445.0,1602867156.0,4279.0,3854384.0,25524142602.0,662055.0,0.0,605.0,2649.0
USA,United States,IND,W,W/LFM/CDL+ERL/H:1-2/IND:6,W1/LC/IND6,TOTAL,181225.0,113990329608.0,113990329608.0,96093847305.0,17896482346.0,88233.0,73665348.0,227980659216.0,12653124.0,0.0,406.0,1547.0
USA,United States,RES,W,W/LFM/CDL+ERL/H:1-2/RES:1,W1/LC/RES1,TOTAL,61390954.0,22730445632017.0,11365207460095.0,17411520734180.0,5318924218533.0,148441667.0,10859414677.0,34095653092112.0,1082867548.0,63240692.0,177.0,2093.0
USA,United States,RES,W,W/LFM/CDL+ERL/H:1-2/RES:2,W1/LC/RES3A,TOTAL,2722470.0,1088576835377.0,544275817435.0,938353219670.0,150223599510.0,10051666.0,698692047.0,1632852652812.0,69671599.0,4165406.0,257.0,1558.0
USA,United States,RES,W,W/LFM/CDL+ERL/H:1-2/RES:2,W1/LC/RES3B,TOTAL,1242094.0,493780608986.0,246879981802.0,425638879168.0,68141722350.0,6364149.0,330309799.0,740660590787.0,32937625.0,2683528.0,266.0,1495.0
USA,United States,RES,W,W/LFM/CDL+ERL/H:1-2/RES:2,W1/LC/RES3C,TOTAL,513433.0,553088639108.0,276535796627.0,476762400407.0,76326230291.0,3564286.0,184963522.0,829624435735.0,18444130.0,1602053.0,360.0,2990.0
USA,United States,RES,W,W/LFM/CDL+ERL/H:1-2/RES:2,W1/LC/RES3E,TOTAL,56.0,139912960.0,69955430.0,120604970.0,19307988.0,10.0,54528.0,209868390.0,5437.0,221.0,974.0,2566.0
USA,United States,RES,W,W/LFM/CDL+ERL/H:1-2/RES:2,W1/LC/RES3D,TOTAL,151140.0,236802029321.0,118396145075.0,204123346595.0,32678679223.0,1686206.0,86619462.0,355198174395.0,8637515.0,807787.0,573.0,2734.0
USA,United States,RES,W,W/LFM/CDL+ERL/H:1-2/RES:2,W1/LC/RES3F,TOTAL,98.0,163367227.0,81683168.0,140822547.0,22544676.0,8.0,69346.0,245050395.0,6915.0,306.0,708.0,2356.0
USA,United States,RES,W,W/LFM/CDL+ERL/H:1-2/RES:3,W1/LC/RES4,TOTAL,34200.0,60094553568.0,30044955384.0,51921695692.0,8172859727.0,311136.0,25687931.0,90139508952.0,2561565.0,0.0,751.0,2339.0
USA,United States,RES,W,W/LFM/CDL+ERL/H:1-2/RES:4,W1/LC/RES6,TOTAL,21262.0,61776567290.0,30886243325.0,50409677973.0,11366888405.0,314360.0,20743587.0,92662810615.0,2068522.0,0.0,976.0,2978.0
USA,United States,RES,W,W/LFM/CDL+ERL/H:1-2/RES:4,W1/LC/RES5,TOTAL,1205.0,2903901192.0,1451703401.0,2357967708.0,545933405.0,16130.0,1101981.0,4355604593.0,109889.0,0.0,915.0,2635.0
USA,United States,COM,W,W/LFM/CDL+ERL/H:2/COM:1,W2/LC/COM1,TOTAL,53195.0,92699731115.0,92699731115.0,65446007419.0,27253720921.0,15828.0,61524302.0,185399462230.0,11491403.0,0.0,1157.0,1507.0
USA,United States,COM,W,W/LFM/CDL+ERL/H:2/COM:2,W2/LC/COM2,TOTAL,23710.0,53989116258.0,53989116258.0,36496642522.0,17492473706.0,7650.0,35127142.0,107978232515.0,6560985.0,0.0,1482.0,1537.0
USA,United States,COM,W,W/LFM/CDL+ERL/H:2/COM:3,W2/LC/COM4,TOTAL,123486.0,203024509459.0,203024509459.0,164043809455.0,38980706138.0,20550.0,87592213.0,406049018918.0,16360320.0,0.0,709.0,2318.0
USA,United States,COM,W,W/LFM/CDL+ERL/H:2/COM:3A,W2/LC/COM5,TOTAL,8532.0,19914507287.0,19914507287.0,17166305033.0,2748201935.0,1375.0,5853434.0,39829014575.0,1093307.0,0.0,686.0,3402.0
USA,United States,COM,W,W/LFM/CDL+ERL/H:2/COM:3B,W2/LC/COM3,TOTAL,33922.0,39801107891.0,39801107891.0,33353328408.0,6447779498.0,5267.0,21585708.0,79602215783.0,4031774.0,0.0,636.0,1844.0
USA,United States,COM,W,W/LFM/CDL+ERL/H:2/COM:4,W2/LC/COM10,TOTAL,694.0,1163856125.0,581805594.0,455067748.0,708788412.0,284.0,1069688.0,1745661719.0,199795.0,0.0,1541.0,1088.0
USA,United States,COM,W,W/LFM/CDL+ERL/H:2/COM:5,W2/LC/COM8,TOTAL,37170.0,81527866515.0,81527866515.0,73375077944.0,8152786795.0,7723.0,27896400.0,163055733031.0,5210462.0,0.0,751.0,2923.0
USA,United States,COM,W,W/LFM/CDL+ERL/H:2/COM:5A,W2/LC/COM9,TOTAL,414.0,1794668101.0,1794668101.0,1575718629.0,218949511.0,208.0,747676.0,3589336202.0,139650.0,0.0,1806.0,2400.0
USA,United States,IND,W,W/LFM/CDL+ERL/H:2/IND:1,W2/LC/IND1,TOTAL,3572.0,18439180054.0,27659097624.0,15544228687.0,2894951362.0,9854.0,10063447.0,46098277678.0,1728536.0,0.0,2817.0,1832.0
USA,United States,IND,W,W/LFM/CDL+ERL/H:2/IND:2,W2/LC/IND2,TOTAL,18408.0,52814629536.0,79222432974.0,44522732424.0,8291897112.0,23773.0,33900862.0,132037062511.0,5822941.0,0.0,1842.0,1558.0
USA,United States,IND,W,W/LFM/CDL+ERL/H:2/IND:3,W2/LC/IND3,TOTAL,1123.0,8548941671.0,12823604765.0,7206757762.0,1342183887.0,3529.0,3289547.0,21372546436.0,565025.0,0.0,2929.0,2599.0
USA,United States,IND,W,W/LFM/CDL+ERL/H:2/IND:4,W2/LC/IND4,TOTAL,777.0,4978965251.0,7468561816.0,4197267697.0,781697570.0,1639.0,1901457.0,12447527067.0,326602.0,0.0,2447.0,2619.0
USA,United States,IND,W,W/LFM/CDL+ERL/H:2/IND:5,W2/LC/IND5,TOTAL,2613.0,10624221707.0,15936570067.0,8956218838.0,1668002865.0,3652.0,4019845.0,26560791774.0,690466.0,0.0,1538.0,2643.0
USA,United States,IND,W,W/LFM/CDL+ERL/H:2/IND:6,W2/LC/IND6,TOTAL,25608.0,24509264976.0,24509264976.0,20661310239.0,3847954728.0,16285.0,16040631.0,49018529951.0,2755232.0,0.0,626.0,1528.0
USA,United States,RES,W,W/LFM/CDL+ERL/H:2/RES:1,W2/LC/RES1,TOTAL,568309.0,349810051230.0,174904874046.0,267954489803.0,81855551060.0,1431798.0,159889769.0,524714925277.0,15943768.0,624394.0,281.0,2188.0
USA,United States,RES,W,W/LFM/CDL+ERL/H:2/RES:2,W2/LC/RES3E,TOTAL,46945.0,183873193571.0,91934194864.0,158498690721.0,25374500081.0,1210605.0,72944113.0,275807388435.0,7273801.0,624089.0,1554.0,2521.0
USA,United States,RES,W,W/LFM/CDL+ERL/H:2/RES:2,W2/LC/RES3F,TOTAL,13302.0,155925258070.0,77961312960.0,134407571307.0,21517685039.0,799063.0,69077118.0,233886571030.0,6888177.0,471136.0,5193.0,2257.0
USA,United States,RES,W,W/LFM/CDL+ERL/H:2/RES:2,W2/LC/RES3D,TOTAL,68139.0,150714953816.0,75355923091.0,129916288505.0,20798663102.0,898798.0,56368697.0,226070876908.0,5620951.0,446821.0,827.0,2674.0
USA,United States,RES,W,W/LFM/CDL+ERL/H:2/RES:2,W2/LC/RES3A,TOTAL,118332.0,75382585290.0,37690741122.0,64979787696.0,10402796505.0,578620.0,48907641.0,113073326412.0,4876968.0,239084.0,413.0,1541.0
USA,United States,RES,W,W/LFM/CDL+ERL/H:2/RES:2,W2/LC/RES3B,TOTAL,35819.0,26162793783.0,13080857616.0,22552327930.0,3610465452.0,255880.0,19075125.0,39243651398.0,1902139.0,113356.0,533.0,1372.0
USA,United States,RES,W,W/LFM/CDL+ERL/H:2/RES:2,W2/LC/RES3C,TOTAL,74343.0,121941780669.0,60969785502.0,105113813506.0,16827965307.0,654136.0,42013223.0,182911566170.0,4189471.0,306111.0,565.0,2902.0
USA,United States,RES,W,W/LFM/CDL+ERL/H:2/RES:3,W2/LC/RES4,TOTAL,18144.0,72811640037.0,36404529506.0,62909258565.0,9902383570.0,386967.0,31076773.0,109216169544.0,3098907.0,0.0,1713.0,2343.0
USA,United States,RES,W,W/LFM/CDL+ERL/H:2/RES:4,W2/LC/RES5,TOTAL,4966.0,51766412301.0,25882812131.0,42034325567.0,9732085184.0,212186.0,19991146.0,77649224432.0,1993462.0,0.0,4026.0,2589.0
USA,United States,RES,W,W/LFM/CDL+ERL/H:2/RES:4,W2/LC/RES6,TOTAL,15977.0,108824735606.0,54410869716.0,88800982541.0,20023751370.0,516711.0,36790665.0,163235605321.0,3668677.0,0.0,2303.0,2958.0
USA,United States,COM,W,W/LFM/CDM+ERM/H:1-2/COM:1,W1/MC/COM1,TOTAL,35827.0,42770995561.0,42770995561.0,30196321607.0,12574672690.0,6591.0,24130059.0,85541991122.0,4506971.0,0.0,674.0,1773.0
USA,United States,COM,W,W/LFM/CDM+ERM/H:1-2/COM:2,W1/MC/COM2,TOTAL,13281.0,18538147872.0,18538147872.0,12531787936.0,6006359928.0,2470.0,10521037.0,37076295745.0,1965107.0,0.0,792.0,1762.0
USA,United States,COM,W,W/LFM/CDM+ERM/H:1-2/COM:3,W1/MC/COM4,TOTAL,95303.0,126419520644.0,126419520644.0,102146976217.0,24272548147.0,12507.0,47228944.0,252839041289.0,8821322.0,0.0,496.0,2677.0
USA,United States,COM,W,W/LFM/CDM+ERM/H:1-2/COM:3A,W1/MC/COM5,TOTAL,7349.0,10850489303.0,10850489303.0,9353121650.0,1497367485.0,804.0,2730348.0,21700978606.0,509979.0,0.0,372.0,3974.0
USA,United States,COM,W,W/LFM/CDM+ERM/H:1-2/COM:3B,W1/MC/COM3,TOTAL,25123.0,23495105374.0,23495105374.0,19688898279.0,3806207081.0,3014.0,11032793.0,46990210748.0,2060698.0,0.0,439.0,2130.0
USA,United States,COM,W,W/LFM/CDM+ERM/H:1-2/COM:4,W1/MC/COM10,TOTAL,350.0,304563418.0,152242635.0,119084296.0,185479131.0,73.0,261155.0,456806053.0,48778.0,0.0,746.0,1166.0
USA,United States,COM,W,W/LFM/CDM+ERM/H:1-2/COM:5,W1/MC/COM8,TOTAL,13971.0,24023383746.0,24023383746.0,21621044808.0,2402338417.0,2140.0,7131081.0,48046767491.0,1331939.0,0.0,510.0,3369.0
USA,United States,COM,W,W/LFM/CDM+ERM/H:1-2/COM:5A,W1/MC/COM9,TOTAL,92.0,85676984.0,85676984.0,75224393.0,10452592.0,10.0,30556.0,171353967.0,5707.0,0.0,332.0,2804.0
USA,United States,IND,W,W/LFM/CDM+ERM/H:1-2/IND:1,W1/MC/IND1,TOTAL,1570.0,4075861694.0,6113968148.0,3435951387.0,639910307.0,1753.0,1890906.0,10189829842.0,324791.0,0.0,1204.0,2156.0
USA,United States,IND,W,W/LFM/CDM+ERM/H:1-2/IND:2,W1/MC/IND2,TOTAL,3827.0,6291807623.0,9437938650.0,5303993790.0,987813829.0,3280.0,3528188.0,15729746273.0,606019.0,0.0,922.0,1783.0
USA,United States,IND,W,W/LFM/CDM+ERM/H:1-2/IND:3,W1/MC/IND3,TOTAL,295.0,678382748.0,1017642440.0,571876652.0,106506095.0,232.0,228291.0,1696025188.0,39213.0,0.0,774.0,2972.0
USA,United States,IND,W,W/LFM/CDM+ERM/H:1-2/IND:4,W1/MC/IND4,TOTAL,120.0,217935782.0,326924179.0,183719864.0,34215919.0,65.0,72537.0,544859961.0,12459.0,0.0,604.0,3004.0
USA,United States,IND,W,W/LFM/CDM+ERM/H:1-2/IND:5,W1/MC/IND5,TOTAL,2865.0,6808447351.0,10212897429.0,5739521089.0,1068926270.0,2587.0,2109746.0,17021344780.0,362380.0,0.0,736.0,3227.0
USA,United States,IND,W,W/LFM/CDM+ERM/H:1-2/IND:6,W1/MC/IND6,TOTAL,26894.0,19496044788.0,19496044788.0,16435165641.0,3060879131.0,16040.0,10785541.0,38992089575.0,1852583.0,0.0,401.0,1808.0
USA,United States,RES,W,W/LFM/CDM+ERM/H:1-2/RES:1,W1/MC/RES1,TOTAL,9718879.0,3860220828656.0,1930107638667.0,2956929050246.0,903291663738.0,27323877.0,1630763801.0,5790328467323.0,162614780.0,10251802.0,168.0,2367.0
USA,United States,RES,W,W/LFM/CDM+ERM/H:1-2/RES:2,W1/MC/RES3A,TOTAL,631413.0,230116316669.0,115055866144.0,198360262396.0,31756050892.0,2540654.0,124973961.0,345172182813.0,12462054.0,910515.0,198.0,1841.0
USA,United States,RES,W,W/LFM/CDM+ERM/H:1-2/RES:2,W1/MC/RES3B,TOTAL,276503.0,118710488805.0,59353325715.0,102328439984.0,16382047041.0,1654179.0,71536363.0,178063814520.0,7133415.0,610652.0,259.0,1659.0
USA,United States,RES,W,W/LFM/CDM+ERM/H:1-2/RES:2,W1/MC/RES3C,TOTAL,116918.0,159406568871.0,79701945692.0,137408460546.0,21998105940.0,1054796.0,46023501.0,239108514563.0,4589347.0,411255.0,394.0,3464.0
USA,United States,RES,W,W/LFM/CDM+ERM/H:1-2/RES:2,W1/MC/RES3D,TOTAL,18041.0,35922081141.0,17960478479.0,30964833539.0,4957247075.0,262939.0,11420900.0,53882559620.0,1138871.0,106860.0,633.0,3145.0
USA,United States,RES,W,W/LFM/CDM+ERM/H:1-2/RES:2,W1/MC/RES3E,TOTAL,1.0,5844004.0,2921905.0,5037531.0,806472.0,35.0,1920.0,8765909.0,191.0,12.0,1920.0,3044.0
USA,United States,RES,W,W/LFM/CDM+ERM/H:1-2/RES:3,W1/MC/RES4,TOTAL,6083.0,13203174619.0,6601188456.0,11407543165.0,1795631841.0,65269.0,4748689.0,19804363075.0,473532.0,0.0,781.0,2780.0
USA,United States,RES,W,W/LFM/CDM+ERM/H:1-2/RES:4,W1/MC/RES5,TOTAL,257.0,707611445.0,353759753.0,574580474.0,133030948.0,4114.0,233476.0,1061371198.0,23282.0,0.0,908.0,3031.0
USA,United States,RES,W,W/LFM/CDM+ERM/H:1-2/RES:4,W1/MC/RES6,TOTAL,5003.0,13735050798.0,6867014955.0,11207801249.0,2527249352.0,73319.0,3855638.0,20602065754.0,384481.0,0.0,771.0,3562.0
USA,United States,COM,W,W/LFM/CDM+ERM/H:2/COM:1,W2/MC/COM1,TOTAL,12210.0,20794884611.0,20794884611.0,14681187936.0,6113696071.0,2928.0,11724153.0,41589769222.0,2189820.0,0.0,960.0,1774.0
USA,United States,COM,W,W/LFM/CDM+ERM/H:2/COM:2,W2/MC/COM2,TOTAL,4171.0,10753197640.0,10753197640.0,7269161614.0,3484036053.0,1233.0,6092937.0,21506395279.0,1138029.0,0.0,1461.0,1765.0
USA,United States,COM,W,W/LFM/CDM+ERM/H:2/COM:3,W2/MC/COM4,TOTAL,25938.0,47942540593.0,47942540593.0,38737574150.0,9204967867.0,4255.0,17844015.0,95885081186.0,3332876.0,0.0,688.0,2687.0
USA,United States,COM,W,W/LFM/CDM+ERM/H:2/COM:3A,W2/MC/COM5,TOTAL,1895.0,4930106546.0,4930106546.0,4249751794.0,680354687.0,330.0,1221573.0,9860213092.0,228166.0,0.0,645.0,4036.0
USA,United States,COM,W,W/LFM/CDM+ERM/H:2/COM:3B,W2/MC/COM3,TOTAL,5743.0,7255813697.0,7255813697.0,6080371876.0,1175441823.0,864.0,3385042.0,14511627394.0,632259.0,0.0,589.0,2143.0
USA,United States,COM,W,W/LFM/CDM+ERM/H:2/COM:4,W2/MC/COM10,TOTAL,125.0,251388340.0,125676797.0,98292842.0,153095507.0,53.0,219219.0,377065137.0,40945.0,0.0,1754.0,1147.0
USA,United States,COM,W,W/LFM/CDM+ERM/H:2/COM:5,W2/MC/COM8,TOTAL,4743.0,11254969826.0,11254969826.0,10129472580.0,1125497002.0,952.0,3375975.0,22509939652.0,630563.0,0.0,712.0,3334.0
USA,United States,COM,W,W/LFM/CDM+ERM/H:2/COM:5A,W2/MC/COM9,TOTAL,46.0,176314108.0,176314108.0,154803790.0,21510322.0,21.0,64976.0,352628216.0,12136.0,0.0,1413.0,2714.0
USA,United States,IND,W,W/LFM/CDM+ERM/H:2/IND:1,W2/MC/IND1,TOTAL,1456.0,8154748299.0,12232225852.0,6874452785.0,1280295526.0,2876.0,3729344.0,20386974151.0,640566.0,0.0,2561.0,2187.0
USA,United States,IND,W,W/LFM/CDM+ERM/H:2/IND:2,W2/MC/IND2,TOTAL,3457.0,8277043528.0,12415655884.0,6977547657.0,1299495878.0,3547.0,4660144.0,20692699411.0,800445.0,0.0,1348.0,1776.0
USA,United States,IND,W,W/LFM/CDM+ERM/H:2/IND:3,W2/MC/IND3,TOTAL,226.0,1911246136.0,2866908108.0,1611180481.0,300065653.0,561.0,623780.0,4778154245.0,107143.0,0.0,2760.0,3064.0
USA,United States,IND,W,W/LFM/CDM+ERM/H:2/IND:4,W2/MC/IND4,TOTAL,123.0,803158513.0,1204763906.0,677062624.0,126095890.0,182.0,258495.0,2007922419.0,44400.0,0.0,2102.0,3107.0
USA,United States,IND,W,W/LFM/CDM+ERM/H:2/IND:5,W2/MC/IND5,TOTAL,2079.0,8908744758.0,13363227973.0,7510071795.0,1398672974.0,2876.0,2766819.0,22271972732.0,475239.0,0.0,1331.0,3220.0
USA,United States,IND,W,W/LFM/CDM+ERM/H:2/IND:6,W2/MC/IND6,TOTAL,7106.0,8589973906.0,8589973906.0,7241347960.0,1348625948.0,5225.0,4699760.0,17179947813.0,807257.0,0.0,661.0,1828.0
USA,United States,RES,W,W/LFM/CDM+ERM/H:2/RES:1,W2/MC/RES1,TOTAL,65654.0,39427707784.0,19713833050.0,30201623070.0,9226083528.0,178172.0,16842984.0,59141540834.0,1679538.0,70305.0,257.0,2341.0
USA,United States,RES,W,W/LFM/CDM+ERM/H:2/RES:2,W2/MC/RES3F,TOTAL,2468.0,30429245146.0,15214334035.0,26230009003.0,4199235724.0,223480.0,11120157.0,45643579181.0,1108872.0,106639.0,4506.0,2736.0
USA,United States,RES,W,W/LFM/CDM+ERM/H:2/RES:2,W2/MC/RES3E,TOTAL,12741.0,67273570420.0,33635972364.0,57989816962.0,9283752486.0,487875.0,22312193.0,100909542784.0,2224915.0,207000.0,1751.0,3015.0
USA,United States,RES,W,W/LFM/CDM+ERM/H:2/RES:2,W2/MC/RES3D,TOTAL,30949.0,86919755558.0,43459145877.0,74924828244.0,11994925960.0,590835.0,26833181.0,130378901436.0,2675737.0,245614.0,867.0,3239.0
USA,United States,RES,W,W/LFM/CDM+ERM/H:2/RES:2,W2/MC/RES3C,TOTAL,44431.0,77493806560.0,38746470951.0,66799660298.0,10694145029.0,462513.0,22280503.0,116240277511.0,2221761.0,188548.0,501.0,3478.0
USA,United States,RES,W,W/LFM/CDM+ERM/H:2/RES:2,W2/MC/RES3B,TOTAL,12049.0,7734684916.0,3867227692.0,6667298316.0,1067386493.0,83171.0,4861513.0,11601912608.0,484784.0,33818.0,403.0,1591.0
USA,United States,RES,W,W/LFM/CDM+ERM/H:2/RES:2,W2/MC/RES3A,TOTAL,21070.0,13051980564.0,6525872543.0,11250807091.0,1801173272.0,108816.0,7512685.0,19577853108.0,749153.0,40301.0,357.0,1737.0
USA,United States,RES,W,W/LFM/CDM+ERM/H:2/RES:3,W2/MC/RES4,TOTAL,4446.0,17874468904.0,8936947513.0,15443541529.0,2430927896.0,94957.0,6509518.0,26811416417.0,649116.0,0.0,1464.0,2746.0
USA,United States,RES,W,W/LFM/CDM+ERM/H:2/RES:4,W2/MC/RES5,TOTAL,1430.0,19600378100.0,9800036680.0,15915506536.0,3684870964.0,90852.0,6329898.0,29400414781.0,631200.0,0.0,4427.0,3096.0
USA,United States,RES,W,W/LFM/CDM+ERM/H:2/RES:4,W2/MC/RES6,TOTAL,4559.0,29463223427.0,14731212806.0,24041989863.0,5421233122.0,160604.0,8408320.0,44194436233.0,838459.0,0.0,1844.0,3504.0
USA,United States,COM,W,W/LFM/CDN+ERL/H:2/COM:1,W2/PC/COM1,TOTAL,78111.0,109102802606.0,109102802606.0,77026575454.0,32076223944.0,17858.0,70863516.0,218205605211.0,13235778.0,0.0,907.0,1540.0
USA,United States,COM,W,W/LFM/CDN+ERL/H:2/COM:2,W2/PC/COM2,TOTAL,34843.0,71578042685.0,71578042685.0,48386756777.0,23191285876.0,10121.0,46032323.0,143156085371.0,8597836.0,0.0,1321.0,1555.0
USA,United States,COM,W,W/LFM/CDN+ERL/H:2/COM:3,W2/PC/COM4,TOTAL,191706.0,288648439966.0,288648439966.0,233227947647.0,55420500961.0,28317.0,121740274.0,577296879932.0,22738430.0,0.0,635.0,2371.0
USA,United States,COM,W,W/LFM/CDN+ERL/H:2/COM:3A,W2/PC/COM5,TOTAL,10025.0,22543817970.0,22543817970.0,19432770836.0,3111046799.0,1554.0,6511873.0,45087635940.0,1216291.0,0.0,650.0,3462.0
USA,United States,COM,W,W/LFM/CDN+ERL/H:2/COM:3B,W2/PC/COM3,TOTAL,56465.0,64332714844.0,64332714844.0,53910815027.0,10421899837.0,8377.0,34097263.0,128665429689.0,6368672.0,0.0,604.0,1887.0
USA,United States,COM,W,W/LFM/CDN+ERL/H:2/COM:4,W2/PC/COM10,TOTAL,1267.0,2503249548.0,1251405654.0,978770581.0,1524479043.0,604.0,2273766.0,3754655202.0,424691.0,0.0,1795.0,1101.0
USA,United States,COM,W,W/LFM/CDN+ERL/H:2/COM:5,W2/PC/COM8,TOTAL,46510.0,96191806104.0,96191806104.0,86572623186.0,9619180778.0,8973.0,32240235.0,192383612209.0,6021806.0,0.0,693.0,2984.0
USA,United States,COM,W,W/LFM/CDN+ERL/H:2/COM:5A,W2/PC/COM9,TOTAL,579.0,2078348516.0,2078348516.0,1824790044.0,253558522.0,249.0,863766.0,4156697032.0,161333.0,0.0,1492.0,2406.0
USA,United States,IND,W,W/LFM/CDN+ERL/H:2/IND:1,W2/PC/IND1,TOTAL,5952.0,28450292748.0,42675985392.0,23983596655.0,4466696112.0,13148.0,15136049.0,71126278140.0,2599826.0,0.0,2543.0,1880.0
USA,United States,IND,W,W/LFM/CDN+ERL/H:2/IND:2,W2/PC/IND2,TOTAL,32034.0,84180658975.0,126271843902.0,70964295125.0,13216363908.0,35318.0,52422636.0,210452502877.0,9004313.0,0.0,1636.0,1606.0
USA,United States,IND,W,W/LFM/CDN+ERL/H:2/IND:3,W2/PC/IND3,TOTAL,2006.0,14469902062.0,21705148963.0,12198127382.0,2271774701.0,5783.0,5451155.0,36175051025.0,936312.0,0.0,2717.0,2654.0
USA,United States,IND,W,W/LFM/CDN+ERL/H:2/IND:4,W2/PC/IND4,TOTAL,1105.0,6729569897.0,10094522061.0,5673027381.0,1056542508.0,2241.0,2562441.0,16824091958.0,440135.0,0.0,2319.0,2626.0
USA,United States,IND,W,W/LFM/CDN+ERL/H:2/IND:5,W2/PC/IND5,TOTAL,2816.0,10918216264.0,16377602881.0,9204056256.0,1714160013.0,4222.0,4190850.0,27295819145.0,719838.0,0.0,1488.0,2605.0
USA,United States,IND,W,W/LFM/CDN+ERL/H:2/IND:6,W2/PC/IND6,TOTAL,44114.0,42468101025.0,42468101025.0,35800608967.0,6667492084.0,28398.0,27050428.0,84936202051.0,4646335.0,0.0,613.0,1570.0
USA,United States,RES,W,W/LFM/CDN+ERL/H:2/RES:1,W2/PC/RES1,TOTAL,547728.0,316525018841.0,158262354932.0,242458156254.0,74066853638.0,1388219.0,154496725.0,474787373774.0,15405985.0,571314.0,282.0,2049.0
USA,United States,RES,W,W/LFM/CDN+ERL/H:2/RES:2,W2/PC/RES3A,TOTAL,130201.0,80036587157.0,40017677575.0,68991537342.0,11045048762.0,601345.0,52814805.0,120054264732.0,5266590.0,247351.0,406.0,1515.0
USA,United States,RES,W,W/LFM/CDN+ERL/H:2/RES:2,W2/PC/RES3B,TOTAL,43142.0,28099367375.0,14049141629.0,24221654371.0,3877712599.0,308659.0,19895463.0,42148509004.0,1983951.0,128782.0,461.0,1412.0
USA,United States,RES,W,W/LFM/CDN+ERL/H:2/RES:2,W2/PC/RES3C,TOTAL,81673.0,128389560776.0,64193429673.0,110671799879.0,17717758953.0,753980.0,43325366.0,192582990449.0,4320331.0,340211.0,530.0,2963.0
USA,United States,RES,W,W/LFM/CDN+ERL/H:2/RES:2,W2/PC/RES3D,TOTAL,75299.0,170518637845.0,85257282224.0,146987063799.0,23531571427.0,1158291.0,61503011.0,255775920069.0,6132942.0,542871.0,817.0,2773.0
USA,United States,RES,W,W/LFM/CDN+ERL/H:2/RES:2,W2/PC/RES3E,TOTAL,63359.0,250939234560.0,125465882762.0,216309617494.0,34629613516.0,1905573.0,96465876.0,376405117322.0,9619336.0,920630.0,1523.0,2601.0
USA,United States,RES,W,W/LFM/CDN+ERL/H:2/RES:2,W2/PC/RES3F,TOTAL,14331.0,134891197979.0,67444052576.0,116276211243.0,18614984871.0,984528.0,56106396.0,202335250555.0,5594780.0,504864.0,3915.0,2404.0
USA,United States,RES,W,W/LFM/CDN+ERL/H:2/RES:3,W2/PC/RES4,TOTAL,23514.0,75489180197.0,37743015611.0,65222653393.0,10266529072.0,418465.0,32254588.0,113232195807.0,3216361.0,0.0,1372.0,2340.0
USA,United States,RES,W,W/LFM/CDN+ERL/H:2/RES:4,W2/PC/RES5,TOTAL,6791.0,76392957282.0,38195810688.0,62031079567.0,14361875481.0,372579.0,28883742.0,114588767971.0,2880209.0,0.0,4253.0,2645.0
USA,United States,RES,W,W/LFM/CDN+ERL/H:2/RES:4,W2/PC/RES6,TOTAL,20456.0,133148858930.0,66572379404.0,108649466793.0,24499390090.0,688267.0,44414848.0,199721238334.0,4428945.0,0.0,2171.0,2998.0
