ID_0,NAME_0,OCCUPANCY,BUILDINGS,COST_CONTENTS_USD,COST_NONSTRUCTURAL_USD,COST_STRUCTURAL_USD,DWELLINGS,OCCUPANTS_PER_ASSET,TOTAL_AREA_SQM,TOTAL_REPL_COST_USD,AVG_BUILDING_AREA_SQM,AVG_TOT_COST_PER_AREA_USD
NOR,Norway,Com,121237.40000000001,97631920867.92,58579152520.9,39052768347.08,0.0,0.0,46799059.503404,195263841735.73,386.0117381550907,4172.388159243397
NOR,Norway,Ind,105235.00000000001,68742987019.26,28642911258.21,17185746754.54,0.0,0.0,39052190.168182045,114571645032.67,371.0950745301662,2933.808437868813
NOR,Norway,Res,1534879.5637065638,138429244130.49,346073110326.52,207643866195.78,2513544.0,5348000.0,322426840.3,692146220652.42,210.06654067461488,2146.676808941889
