ID_0,NAME_0,OCCUPANCY,BUILDINGS,COST_CONTENTS_USD,COST_NONSTRUCTURAL_USD,COST_STRUCTURAL_USD,DWELLINGS,OCCUPANTS_PER_ASSET,TOTAL_AREA_SQM,TOTAL_REPL_COST_USD,AVG_BUILDING_AREA_SQM,AVG_TOT_COST_PER_AREA_USD
COG,Congo,Com,34485.0,532940529.0,559703245.0,911665048.0,48610.0,0.0,6478247.0,2004308835.0,187.85695229810062,309.39061678259566
COG,Congo,Ind,15508.0,447606629.0,334358263.0,508068709.0,15508.0,0.0,4403837.0,1290033581.0,283.9719499613103,292.9339984654291
COG,Congo,Res,1218775.0,3661832827.0,6091939676.0,10282035200.0,1279682.0,5502623.0,98486792.0,20035807694.0,80.80801788681258,203.4364942458477
