ID_0,NAME_0,OCCUPANCY,BUILDINGS,COST_CONTENTS_USD,COST_NONSTRUCTURAL_USD,COST_STRUCTURAL_USD,DWELLINGS,OCCUPANTS_PER_ASSET,TOTAL_AREA_SQM,TOTAL_REPL_COST_USD,AVG_BUILDING_AREA_SQM,AVG_TOT_COST_PER_AREA_USD
PNG,Papua New Guinea,Com,58413.087500964,880664731.67231,923950557.65455,880077856.28856,44850.0,44850.0,6333590.0565157,2684693145.5885,108.42758579421394,423.88173557690453
PNG,Papua New Guinea,Ind,19353.555904895,413288439.062846,294608502.10465,269874213.12824,0.0,0.0,2098904.06590276,977771154.29737,108.45056465163046,465.8484254623713
PNG,Papua New Guinea,Res,1938490.47782083,10406220194.279839,10916089064.325218,19149315187.10319,1955834.0,9118799.6124046,118011212.1065,40471624446.35714,60.87789104807122,342.94728207547985
