ID_0,NAME_0,OCCUPANCY,BUILDINGS,COST_CONTENTS_USD,COST_NONSTRUCTURAL_USD,COST_STRUCTURAL_USD,DWELLINGS,OCCUPANTS_PER_ASSET,TOTAL_AREA_SQM,TOTAL_REPL_COST_USD,AVG_BUILDING_AREA_SQM,AVG_TOT_COST_PER_AREA_USD
PNG,Papua_New_Guinea,Com,58489.055536202,881857445.2250812,925210313.4102736,881245906.9810147,0.0,0.0,6342017.801100698,2688313665.605662,108.4308464713588,423.88932827326465
PNG,Papua_New_Guinea,Ind,19353.555904997,413288439.0671497,294608502.1049087,269874213.1293064,0.0,0.0,2098904.065930561,977771154.3010377,108.4505646524954,465.84842545794834
PNG,Papua_New_Guinea,Res,1917489.477816396,10301150650.036106,10809872260.12437,18944552097.81055,1934737.999996802,9120020.512393782,116748926.10558963,40055575008.56715,60.886345117544685,343.09159274270525
