REGION,ID_0,NAME_0,ID_1,NAME_1,BUILDINGS,BLDG_REPL_COST_USD,COST_CONTENTS_USD,COST_NONSTRUCTURAL_USD,COST_STRUCTURAL_USD,OCCUPANTS_TOTAL,TOTAL_AREA_SQM,TOTAL_REPL_COST_USD,CARBON_BUILDINGS_TON
Africa,AGO,Angola,AO-BGO,Bengo,237881.0,3074595545.0,676218626.0,0.0,0.0,857981.0,20040412.0,3750814181.0,5619223.0
Africa,AGO,Angola,AO-BGU,Benguela,700602.0,12511296361.0,2496477202.0,0.0,0.0,3373207.0,59757345.0,15007773555.0,19660486.0
Africa,AGO,Angola,AO-BIE,Bié,459979.0,8585506941.0,1732332841.0,0.0,0.0,2195411.0,39795854.0,10317839794.0,13392097.0
Africa,AGO,Angola,AO-CAB,Cabinda,275808.0,5764430432.0,1224955445.0,0.0,0.0,1089975.0,25076644.0,6989385877.0,8773365.0
Africa,AGO,Angola,AO-CNN,Cunene,315821.0,5887963819.0,1201374842.0,0.0,0.0,1501044.0,27435514.0,7089338657.0,9158340.0
Africa,AGO,Angola,AO-CNO,Cuanza-Norte,138961.0,2534538066.0,500756926.0,0.0,0.0,672749.0,11843845.0,3035294991.0,3950098.0
Africa,AGO,Angola,AO-CUA,Cuando,24368.0,343330346.0,71016586.0,0.0,0.0,115567.0,2015305.0,414346936.0,596304.0
Africa,AGO,Angola,AO-CUB,Cubango,144388.0,2713233279.0,540376589.0,0.0,0.0,695009.0,12433929.0,3253609869.0,4197675.0
Africa,AGO,Angola,AO-CUS,Cuanza-Sul,597281.0,11123183591.0,2257708219.0,0.0,0.0,2844882.0,51773681.0,13380891808.0,17337142.0
Africa,AGO,Angola,AO-HUA,Huambo,634858.0,11629118606.0,2336300628.0,0.0,0.0,3041735.0,54597791.0,13965419228.0,18187765.0
Africa,AGO,Angola,AO-HUI,Huíla,802871.0,15616811170.0,3229029298.0,0.0,0.0,3776429.0,70837908.0,18845840461.0,24103649.0
Africa,AGO,Angola,AO-IEB,Icolo e Bengo,740260.0,12279181431.0,2657445972.0,0.0,0.0,2456502.0,64587603.0,14936627390.0,20280267.0
Africa,AGO,Angola,AO-LNO,Lunda-Norte,278486.0,5297746720.0,1080832667.0,0.0,0.0,1320749.0,24300370.0,6378579378.0,8219461.0
Africa,AGO,Angola,AO-LSU,Lunda-Sul,171554.0,3255557788.0,664669292.0,0.0,0.0,813169.0,14969724.0,3920227057.0,5060056.0
Africa,AGO,Angola,AO-LUA,Luanda,2388796.0,52338326752.0,10908796442.0,0.0,0.0,7739413.0,217120458.0,63247123204.0,77789515.0
Africa,AGO,Angola,AO-MAL,Malange,317455.0,6098599020.0,1247215229.0,0.0,0.0,1502257.0,27799801.0,7345814256.0,9449982.0
Africa,AGO,Angola,AO-MOL,Moxico Leste,74117.0,1543490762.0,333160339.0,0.0,0.0,335600.0,6792264.0,1876651115.0,2365514.0
Africa,AGO,Angola,AO-MOX,Moxico,178450.0,4004104255.0,858412659.0,0.0,0.0,811306.0,16598739.0,4862516910.0,6015642.0
Africa,AGO,Angola,AO-NAM,Namibe,156808.0,2913336761.0,594469907.0,0.0,0.0,745538.0,13610909.0,3507806667.0,4533852.0
Africa,AGO,Angola,AO-UIG,Uíge,466340.0,8345571369.0,1655570835.0,0.0,0.0,2249539.0,39707921.0,10001142187.0,13132982.0
Africa,AGO,Angola,AO-ZAI,Zaire,192635.0,3809086641.0,792057230.0,0.0,0.0,901926.0,17103971.0,4601143855.0,5861313.0
Africa,BDI,Burundi,BI-BB,Bubanza,116374.0,521177340.0,106917332.0,0.0,0.0,577441.0,9398259.0,628094676.0,710292.0
Africa,BDI,Burundi,BI-BL,Bujumbura Rural,200826.0,1151121287.0,221592617.0,0.0,0.0,1008044.0,16713940.0,1372713898.0,1889735.0
Africa,BDI,Burundi,BI-BM,Bujumbura Mairie,227047.0,1388889618.0,257354785.0,0.0,0.0,1139312.0,19060875.0,1646244399.0,3644209.0
Africa,BDI,Burundi,BI-BR,Bururi,130581.0,821587416.0,160245025.0,0.0,0.0,648989.0,10603250.0,981832438.0,1868890.0
Africa,BDI,Burundi,BI-CA,Cankuzo,85037.0,390414926.0,80518711.0,0.0,0.0,421166.0,6851694.0,470933630.0,569592.0
Africa,BDI,Burundi,BI-CI,Cibitoke,170537.0,883638691.0,173619952.0,0.0,0.0,850581.0,13976881.0,1057258640.0,1531238.0
Africa,BDI,Burundi,BI-GI,Gitega,219368.0,992137024.0,188402736.0,0.0,0.0,1103218.0,18524111.0,1180539766.0,1579322.0
Africa,BDI,Burundi,BI-KI,Kirundo,226744.0,1000188669.0,212799600.0,0.0,0.0,1115395.0,17592295.0,1212988256.0,1330154.0
Africa,BDI,Burundi,BI-KR,Karuzi,145859.0,625719598.0,125326308.0,0.0,0.0,725938.0,11814895.0,751045902.0,907691.0
Africa,BDI,Burundi,BI-KY,Kayanza,182384.0,820656450.0,160114281.0,0.0,0.0,912599.0,15384550.0,980770732.0,1254681.0
Africa,BDI,Burundi,BI-MA,Makamba,175934.0,1296186489.0,242696154.0,0.0,0.0,883251.0,14551282.0,1538882644.0,3234063.0
Africa,BDI,Burundi,BI-MU,Muramvya,87972.0,408439997.0,79532032.0,0.0,0.0,440263.0,7407988.0,487972029.0,642755.0
Africa,BDI,Burundi,BI-MW,Mwaro,83638.0,371864453.0,74460892.0,0.0,0.0,416856.0,6844877.0,446325342.0,529649.0
Africa,BDI,Burundi,BI-MY,Muyinga,243018.0,1091909185.0,228892609.0,0.0,0.0,1196340.0,18982410.0,1320801813.0,1671000.0
Africa,BDI,Burundi,BI-NG,Ngozi,211777.0,961291873.0,192408277.0,0.0,0.0,1054206.0,17172087.0,1153700147.0,1448511.0
Africa,BDI,Burundi,BI-RM,Rumonge,93107.0,602876358.0,117006114.0,0.0,0.0,465054.0,7604712.0,719882467.0,1162120.0
Africa,BDI,Burundi,BI-RT,Rutana,131723.0,673973911.0,130689963.0,0.0,0.0,658152.0,10857021.0,804663882.0,1224303.0
Africa,BDI,Burundi,BI-RY,Ruyigi,155068.0,725732606.0,142954256.0,0.0,0.0,773145.0,12762423.0,868686868.0,1204475.0
Africa,BEN,Benin,BJ-AK,Atacora,211547.0,3140552480.0,680806917.0,0.0,0.0,1067362.0,18495263.0,3821359404.0,4629582.0
Africa,BEN,Benin,BJ-AL,Alibori,250960.0,3769760382.0,820660138.0,0.0,0.0,1261393.0,22066065.0,4590420524.0,5599430.0
Africa,BEN,Benin,BJ-AQ,Atlantique,530180.0,7503168808.0,1580978573.0,0.0,0.0,2724094.0,45104355.0,9084147395.0,10810377.0
Africa,BEN,Benin,BJ-BO,Borgou,394914.0,5873883178.0,1270601757.0,0.0,0.0,1993517.0,34516498.0,7144484930.0,8689684.0
Africa,BEN,Benin,BJ-CO,Collines,166602.0,2431280556.0,523954850.0,0.0,0.0,844903.0,14447304.0,2955235400.0,3543292.0
Africa,BEN,Benin,BJ-DO,Donga,147342.0,2145165817.0,461076047.0,0.0,0.0,748221.0,12752726.0,2606241867.0,3126280.0
Africa,BEN,Benin,BJ-KO,Couffo,145264.0,2121131200.0,457817253.0,0.0,0.0,530344.0,12607830.0,2578948453.0,3088844.0
Africa,BEN,Benin,BJ-LI,Littoral,230495.0,3253169558.0,687063180.0,0.0,0.0,1183817.0,19611008.0,3940232727.0,4665158.0
Africa,BEN,Benin,BJ-MO,Mono,135702.0,1987531192.0,429518558.0,0.0,0.0,655643.0,11795897.0,2417049759.0,2899734.0
Africa,BEN,Benin,BJ-OU,Ouémé,376503.0,5291526903.0,1113562234.0,0.0,0.0,1937372.0,31944800.0,6405089130.0,7578334.0
Africa,BEN,Benin,BJ-PL,Plateau,148558.0,2317687937.0,513400525.0,0.0,0.0,645748.0,13335381.0,2831088464.0,3509829.0
Africa,BEN,Benin,BJ-ZO,Zou,240929.0,3528750433.0,758846292.0,0.0,0.0,1222037.0,20898631.0,4287596723.0,5170585.0
Africa,BFA,Burkina Faso,BF-01,Boucle du Mouhoun,222723.0,2479611208.0,535410785.0,0.0,0.0,1256385.0,18008486.0,3015021983.0,4120290.0
Africa,BFA,Burkina Faso,BF-02,Cascades,187724.0,2139200587.0,479513569.0,0.0,0.0,964469.0,15454943.0,2618714156.0,3533191.0
Africa,BFA,Burkina Faso,BF-03,Centre,681746.0,7522018545.0,1660820700.0,0.0,0.0,3530563.0,55308373.0,9182839232.0,12294335.0
Africa,BFA,Burkina Faso,BF-04,Centre-Est,326103.0,3518351534.0,765207099.0,0.0,0.0,1841568.0,26168420.0,4283558629.0,5746503.0
Africa,BFA,Burkina Faso,BF-05,Centre-Nord,388876.0,4180852330.0,905752833.0,0.0,0.0,2198382.0,31158176.0,5086605162.0,6856749.0
Africa,BFA,Burkina Faso,BF-06,Centre-Ouest,343182.0,3746819023.0,819523693.0,0.0,0.0,1931748.0,27693911.0,4566342722.0,6153228.0
Africa,BFA,Burkina Faso,BF-07,Centre-Sud,167068.0,1809826714.0,398165774.0,0.0,0.0,936775.0,13478039.0,2207992479.0,2949701.0
Africa,BFA,Burkina Faso,BF-08,Est,141821.0,1832084900.0,406548653.0,0.0,0.0,793050.0,11984996.0,2238633565.0,3268286.0
Africa,BFA,Burkina Faso,BF-09,Hauts-Bassins,465792.0,4988313826.0,1082081358.0,0.0,0.0,2634646.0,37277903.0,6070395183.0,8118547.0
Africa,BFA,Burkina Faso,BF-10,Nord,356666.0,3815039753.0,824617515.0,0.0,0.0,2018761.0,28516362.0,4639657273.0,6244664.0
Africa,BFA,Burkina Faso,BF-11,Plateau-Central,206272.0,2184106555.0,471283528.0,0.0,0.0,1166143.0,16459932.0,2655390082.0,3544669.0
Africa,BFA,Burkina Faso,BF-12,Sahel,168923.0,2030414790.0,464967582.0,0.0,0.0,881839.0,14190632.0,2495382372.0,3425704.0
Africa,BFA,Burkina Faso,BF-13,Sud-Ouest,183609.0,2002787872.0,438072270.0,0.0,0.0,1033856.0,14816059.0,2440860157.0,3285299.0
Africa,BFA,Burkina Faso,BF-14,Sirba,152925.0,1521758474.0,331292600.0,0.0,0.0,862418.0,12091756.0,1853051076.0,2369636.0
Africa,BFA,Burkina Faso,BF-15,Soum,76055.0,782181628.0,165762753.0,0.0,0.0,405035.0,6032113.0,947944377.0,1235216.0
Africa,BFA,Burkina Faso,BF-16,Sourou,178399.0,1931701113.0,432224139.0,0.0,0.0,997388.0,14471678.0,2363925256.0,3146902.0
Africa,BFA,Burkina Faso,BF-17,Tapoa,109868.0,1071558451.0,230659678.0,0.0,0.0,621505.0,8600019.0,1302218137.0,1633964.0
Africa,BWA,Botswana,BW-CE,Central,188569.0,5161247994.0,1026479866.0,0.0,0.0,712485.0,17758938.0,6187727858.0,8227668.0
Africa,BWA,Botswana,BW-CH,Chobe,8249.0,223810710.0,44211110.0,0.0,0.0,31256.0,770321.0,268021824.0,356390.0
Africa,BWA,Botswana,BW-FR,Francistown,27791.0,873217456.0,175555275.0,0.0,0.0,108390.0,2723472.0,1048772722.0,1243596.0
Africa,BWA,Botswana,BW-GA,Gaborone,63724.0,1825345514.0,363383449.0,0.0,0.0,244965.0,6061863.0,2188728963.0,2786932.0
Africa,BWA,Botswana,BW-GH,Ghanzi,16203.0,440965641.0,87237002.0,0.0,0.0,61490.0,1516552.0,528202653.0,700902.0
Africa,BWA,Botswana,BW-JW,Jwaneng,7906.0,230032934.0,47200071.0,0.0,0.0,29901.0,770448.0,277233016.0,356477.0
Africa,BWA,Botswana,BW-KG,Kgalagadi,16833.0,456822284.0,90256206.0,0.0,0.0,63937.0,1572953.0,547078505.0,726607.0
Africa,BWA,Botswana,BW-KL,Kgatleng,37424.0,1017299762.0,201041773.0,0.0,0.0,142318.0,3500447.0,1218341539.0,1615778.0
Africa,BWA,Botswana,BW-KW,Kweneng,114758.0,3145960074.0,625049216.0,0.0,0.0,431865.0,10798876.0,3771009274.0,4999663.0
Africa,BWA,Botswana,BW-LO,Lobatse,7087.0,203912740.0,40287872.0,0.0,0.0,27250.0,677135.0,244200613.0,312973.0
Africa,BWA,Botswana,BW-NE,North East,21684.0,479400598.0,92686935.0,0.0,0.0,79195.0,1922468.0,572087539.0,905205.0
Africa,BWA,Botswana,BW-NW,North West,56539.0,1529810881.0,301660749.0,0.0,0.0,215315.0,5272764.0,1831471618.0,2431297.0
Africa,BWA,Botswana,BW-SE,South East,34389.0,826948077.0,160650622.0,0.0,0.0,127898.0,3094339.0,987598706.0,1438016.0
Africa,BWA,Botswana,BW-SO,Southern,61339.0,1692988671.0,337223070.0,0.0,0.0,231014.0,5797461.0,2030211724.0,2692859.0
Africa,BWA,Botswana,BW-SP,Selibe Phikwe,13707.0,418830490.0,84382955.0,0.0,0.0,52655.0,1335672.0,503213439.0,616834.0
Africa,BWA,Botswana,BW-ST,Sowa,637.0,10887647.0,2150701.0,0.0,0.0,2159.0,53884.0,13038344.0,25913.0
Africa,CAF,Central African Republic,CF-AC,Ouham,54429.0,635669433.0,132842467.0,0.0,0.0,273906.0,4503866.0,768511904.0,859530.0
Africa,CAF,Central African Republic,CF-BB,Bamingui-Bangoran,14517.0,166558541.0,34204359.0,0.0,0.0,73386.0,1185259.0,200762895.0,224943.0
Africa,CAF,Central African Republic,CF-BGF,Bangui,270191.0,3337920927.0,692760882.0,0.0,0.0,1277179.0,22387411.0,4030681805.0,4450328.0
Africa,CAF,Central African Republic,CF-BK,Basse-Kotto,68153.0,809627106.0,168599930.0,0.0,0.0,343763.0,5634290.0,978227030.0,1090264.0
Africa,CAF,Central African Republic,CF-HK,Haute-Kotto,23137.0,271842396.0,56621809.0,0.0,0.0,116526.0,1910001.0,328464204.0,366723.0
Africa,CAF,Central African Republic,CF-HM,Haut-Mbomou,14068.0,166000314.0,34674368.0,0.0,0.0,47357.0,1162681.0,200674680.0,224823.0
Africa,CAF,Central African Republic,CF-HS,Mambéré-Kadéï,51837.0,625405056.0,131780302.0,0.0,0.0,259730.0,4301345.0,757185332.0,847311.0
Africa,CAF,Central African Republic,CF-KB,Nana-Grébizi,37543.0,434847065.0,90107659.0,0.0,0.0,189692.0,3085797.0,524954720.0,589717.0
Africa,CAF,Central African Republic,CF-KG,Kémo,33172.0,388257054.0,80648363.0,0.0,0.0,167410.0,2735246.0,468905411.0,524979.0
Africa,CAF,Central African Republic,CF-LB,Lobaye,62558.0,748188944.0,156747765.0,0.0,0.0,314483.0,5191484.0,904936694.0,1010144.0
Africa,CAF,Central African Republic,CF-LP,Lim-Pendé,75332.0,799299981.0,169029271.0,0.0,0.0,378662.0,6207401.0,968329240.0,1116788.0
Africa,CAF,Central African Republic,CF-MB,Mbomou,47212.0,562769454.0,118180013.0,0.0,0.0,236734.0,3919075.0,680949466.0,765992.0
Africa,CAF,Central African Republic,CF-MM,Mambéré,44932.0,533254601.0,111029447.0,0.0,0.0,226867.0,3731680.0,644284050.0,717809.0
Africa,CAF,Central African Republic,CF-MP,Ombella-M'Poko,51348.0,468977804.0,99337229.0,0.0,0.0,259351.0,4166571.0,568315032.0,689855.0
Africa,CAF,Central African Republic,CF-NM,Nana-Mambéré,60112.0,720322526.0,151091216.0,0.0,0.0,301921.0,4993376.0,871413755.0,974586.0
Africa,CAF,Central African Republic,CF-OF,Ouham-Fafa,40229.0,494269138.0,103430510.0,0.0,0.0,202548.0,3341912.0,597699648.0,662473.0
Africa,CAF,Central African Republic,CF-OP,Ouham-Pendé,47823.0,671061779.0,138307784.0,0.0,0.0,241598.0,3995051.0,809369548.0,867169.0
Africa,CAF,Central African Republic,CF-SE,Sangha-Mbaéré,24861.0,297434556.0,62419229.0,0.0,0.0,124655.0,2064490.0,359853798.0,402762.0
Africa,CAF,Central African Republic,CF-UK,Ouaka,80015.0,947705134.0,197305468.0,0.0,0.0,403671.0,6608540.0,1145010591.0,1276933.0
Africa,CAF,Central African Republic,CF-VK,Vakaga,14668.0,171152639.0,35509631.0,0.0,0.0,73809.0,1205667.0,206662273.0,231775.0
Africa,CIV,Côte d'Ivoire,CI-AB,Abidjan,1362478.0,21732384712.0,4433838909.0,0.0,0.0,7049283.0,113980380.0,26166223616.0,26443238.0
Africa,CIV,Côte d'Ivoire,CI-BS,Bas-Sassandra,582516.0,9595744191.0,1992551606.0,0.0,0.0,2978694.0,49604542.0,11588295805.0,11943677.0
Africa,CIV,Côte d'Ivoire,CI-CM,Comoé,322594.0,5229019311.0,1075479733.0,0.0,0.0,1659727.0,27220076.0,6304499058.0,6444828.0
Africa,CIV,Côte d'Ivoire,CI-DN,Denguélé,93527.0,1476834079.0,299376928.0,0.0,0.0,485475.0,7778431.0,1776210993.0,1787533.0
Africa,CIV,Côte d'Ivoire,CI-GD,Gôh-Djiboua,451212.0,7257087492.0,1487718289.0,0.0,0.0,2327388.0,37920209.0,8744805782.0,8881479.0
Africa,CIV,Côte d'Ivoire,CI-LC,Lacs,321985.0,5189122666.0,1066216397.0,0.0,0.0,1658952.0,27099213.0,6255339062.0,6349762.0
Africa,CIV,Côte d'Ivoire,CI-LG,Lagunes,442932.0,7218859958.0,1486672905.0,0.0,0.0,2275531.0,37468672.0,8705532863.0,8952659.0
Africa,CIV,Côte d'Ivoire,CI-MG,Montagnes,654121.0,10583347698.0,2177215651.0,0.0,0.0,3366538.0,55156899.0,12760563342.0,13002534.0
Africa,CIV,Côte d'Ivoire,CI-SM,Sassandra-Marahoué,588090.0,9465854074.0,1944416454.0,0.0,0.0,3031265.0,49467904.0,11410270532.0,11563650.0
Africa,CIV,Côte d'Ivoire,CI-SV,Savanes,467974.0,7593773121.0,1563434506.0,0.0,0.0,2406553.0,39515207.0,9157207636.0,9359747.0
Africa,CIV,Côte d'Ivoire,CI-VB,Vallée du Bandama,422635.0,6712929103.0,1365684425.0,0.0,0.0,2190119.0,35269846.0,8078613532.0,8150195.0
Africa,CIV,Côte d'Ivoire,CI-WR,Woroba,254887.0,4054941552.0,826227133.0,0.0,0.0,1319821.0,21293294.0,4881168691.0,4924192.0
Africa,CIV,Côte d'Ivoire,CI-YM,Yamoussoukro,91316.0,1470570899.0,302031945.0,0.0,0.0,470559.0,7680957.0,1772602837.0,1799909.0
Africa,CIV,Côte d'Ivoire,CI-ZZ,Zanzan,288041.0,4586299613.0,933588305.0,0.0,0.0,1491647.0,24064114.0,5519887930.0,5584803.0
Africa,CMR,Cameroon,CM-AD,Adamaoua,315398.0,6571861760.0,1333737775.0,0.0,0.0,1566007.0,29162849.0,7905599536.0,9112801.0
Africa,CMR,Cameroon,CM-CE,Centre,1194571.0,23039540276.0,4764056459.0,0.0,0.0,5963276.0,110256345.0,27803596736.0,33037189.0
Africa,CMR,Cameroon,CM-EN,Far North,1122498.0,19306838503.0,4048011384.0,0.0,0.0,5513964.0,98176706.0,23354849890.0,23348517.0
Africa,CMR,Cameroon,CM-ES,East,265191.0,5119679688.0,1085820925.0,0.0,0.0,1305299.0,24275916.0,6205500606.0,6440595.0
Africa,CMR,Cameroon,CM-LT,Littoral,848890.0,18459663008.0,3994796658.0,0.0,0.0,4274553.0,84611563.0,22454459654.0,26898428.0
Africa,CMR,Cameroon,CM-NO,North,733067.0,12349705862.0,2586473050.0,0.0,0.0,3601497.0,63477812.0,14936178912.0,14835693.0
Africa,CMR,Cameroon,CM-NW,North-West,502692.0,11429288932.0,2311703110.0,0.0,0.0,2505102.0,48717142.0,13740992029.0,16920091.0
Africa,CMR,Cameroon,CM-OU,West,426285.0,9499183627.0,1905393383.0,0.0,0.0,2147498.0,41106903.0,11404577009.0,14507111.0
Africa,CMR,Cameroon,CM-SU,South,191336.0,3766735125.0,827027893.0,0.0,0.0,743543.0,18284720.0,4593763014.0,5030848.0
Africa,CMR,Cameroon,CM-SW,South-West,444292.0,9402323090.0,2021619609.0,0.0,0.0,2258601.0,43616193.0,11423942709.0,13375004.0
Africa,COD,Democratic Republic of the Congo,CD-BC,Kongo Central,1371660.0,12315748664.0,2526519987.0,0.0,0.0,7312635.0,112060827.0,14842268644.0,21876226.0
Africa,COD,Democratic Republic of the Congo,CD-BU,Bas-Uélé,377074.0,3440889536.0,715210524.0,0.0,0.0,1999007.0,31077856.0,4156100036.0,6125818.0
Africa,COD,Democratic Republic of the Congo,CD-EQ,Équateur,457945.0,4396031391.0,935327138.0,0.0,0.0,2398564.0,38490622.0,5331358520.0,7874840.0
Africa,COD,Democratic Republic of the Congo,CD-HK,Haut-Katanga,1616886.0,16210941486.0,3513715004.0,0.0,0.0,5085962.0,138263297.0,19724656507.0,29176123.0
Africa,COD,Democratic Republic of the Congo,CD-HL,Haut-Lomami,1198898.0,11482065999.0,2451310296.0,0.0,0.0,3269890.0,100928612.0,13933376302.0,20553451.0
Africa,COD,Democratic Republic of the Congo,CD-HU,Haut-Uélé,625834.0,5969219655.0,1258716747.0,0.0,0.0,3290637.0,52288275.0,7227936419.0,10686448.0
Africa,COD,Democratic Republic of the Congo,CD-IT,Ituri,1237789.0,11689890192.0,2469574377.0,0.0,0.0,6508638.0,103392064.0,14159464574.0,20892605.0
Africa,COD,Democratic Republic of the Congo,CD-KC,Kasaï Central,1071105.0,10137135957.0,2155413429.0,0.0,0.0,4742822.0,89812303.0,12292549391.0,18120106.0
Africa,COD,Democratic Republic of the Congo,CD-KE,Kasaï Oriental,847697.0,8046861322.0,1712730979.0,0.0,0.0,3941335.0,71152078.0,9759592302.0,14389013.0
Africa,COD,Democratic Republic of the Congo,CD-KG,Kwango,586179.0,5367959906.0,1117030964.0,0.0,0.0,3105560.0,48364222.0,6484990895.0,9559029.0
Africa,COD,Democratic Republic of the Congo,CD-KL,Kwilu,1505855.0,13566786944.0,2795020798.0,0.0,0.0,8014636.0,123345963.0,16361807767.0,24107048.0
Africa,COD,Democratic Republic of the Congo,CD-KN,Kinshasa,1835595.0,16836292870.0,3508779647.0,0.0,0.0,9719290.0,151610042.0,20345072523.0,29981379.0
Africa,COD,Democratic Republic of the Congo,CD-KS,Kasaï,954391.0,9118943482.0,1945298975.0,0.0,0.0,4095586.0,80281524.0,11064242463.0,16319172.0
Africa,COD,Democratic Republic of the Congo,CD-LO,Lomami,622363.0,5891838027.0,1252966450.0,0.0,0.0,3076004.0,52192042.0,7144804468.0,10532725.0
Africa,COD,Democratic Republic of the Congo,CD-LU,Lualaba,618861.0,6300602404.0,1372702898.0,0.0,0.0,2857930.0,53210182.0,7673305292.0,11362982.0
Africa,COD,Democratic Republic of the Congo,CD-MA,Maniema,598473.0,5635347056.0,1189722694.0,0.0,0.0,3148380.0,49950143.0,6825069754.0,10068828.0
Africa,COD,Democratic Republic of the Congo,CD-MN,Mai-Ndombe,498918.0,4554650877.0,944685856.0,0.0,0.0,2647059.0,41076145.0,5499336702.0,8110188.0
Africa,COD,Democratic Republic of the Congo,CD-MO,Mongala,502733.0,4660774623.0,976517359.0,0.0,0.0,2654895.0,41698942.0,5637291991.0,8312580.0
Africa,COD,Democratic Republic of the Congo,CD-NK,Nord-Kivu,1694894.0,15951126791.0,3371323325.0,0.0,0.0,8912740.0,141540631.0,19322450139.0,28494419.0
Africa,COD,Democratic Republic of the Congo,CD-NU,Nord-Ubangi,361600.0,3307798492.0,688892089.0,0.0,0.0,1915347.0,29842941.0,3996690610.0,5890540.0
Africa,COD,Democratic Republic of the Congo,CD-SA,Sankuru,495204.0,4291602113.0,862298897.0,0.0,0.0,2661748.0,39860649.0,5153901003.0,7598279.0
Africa,COD,Democratic Republic of the Congo,CD-SK,Sud-Kivu,1469096.0,13658317693.0,2861175714.0,0.0,0.0,7757529.0,121890750.0,16519493404.0,24364261.0
Africa,COD,Democratic Republic of the Congo,CD-SU,Sud-Ubangi,715247.0,6557457992.0,1366441307.0,0.0,0.0,3787435.0,59068080.0,7923899290.0,11677703.0
Africa,COD,Democratic Republic of the Congo,CD-TA,Tanganyika,819868.0,7942503145.0,1702282540.0,0.0,0.0,3352209.0,69288564.0,9644785692.0,14237600.0
Africa,COD,Democratic Republic of the Congo,CD-TO,Tshopo,779256.0,7175714899.0,1498970490.0,0.0,0.0,4121548.0,64474306.0,8674685388.0,12785379.0
Africa,COD,Democratic Republic of the Congo,CD-TU,Tshuapa,463488.0,4257606976.0,886026807.0,0.0,0.0,2455111.0,38257753.0,5143633795.0,7585416.0
Africa,COG,Congo,CG-11,Bouenza,91511.0,1540425052.0,339198638.0,0.0,0.0,387885.0,8175649.0,1879623697.0,2044472.0
Africa,COG,Congo,CG-12,Pool,52692.0,719229102.0,142397559.0,0.0,0.0,234919.0,4235630.0,861626667.0,909261.0
Africa,COG,Congo,CG-13,Sangha,50208.0,753306182.0,157341118.0,0.0,0.0,219982.0,4255108.0,910647293.0,976744.0
Africa,COG,Congo,CG-14,Plateaux,67601.0,988364799.0,203206754.0,0.0,0.0,298841.0,5653957.0,1191571549.0,1271998.0
Africa,COG,Congo,CG-15,Cuvette-Ouest,54486.0,868201656.0,187429502.0,0.0,0.0,124194.0,4761810.0,1055631169.0,1141232.0
Africa,COG,Congo,CG-16,Pointe-Noire,218058.0,3091756452.0,621610211.0,0.0,0.0,974909.0,17907048.0,3713366685.0,3938485.0
Africa,COG,Congo,CG-2,Lékoumou,50584.0,789467396.0,169000477.0,0.0,0.0,107263.0,4383493.0,958467877.0,1033276.0
Africa,COG,Congo,CG-5,Kouilou,145886.0,2289576002.0,488924410.0,0.0,0.0,631544.0,12620187.0,2778500442.0,2994332.0
Africa,COG,Congo,CG-7,Likouala,365805.0,6371112579.0,1419456516.0,0.0,0.0,371466.0,33192311.0,7790569089.0,8502652.0
Africa,COG,Congo,CG-8,Cuvette,77604.0,1260045300.0,272599255.0,0.0,0.0,332892.0,6800644.0,1532644551.0,1659925.0
Africa,COG,Congo,CG-9,Niari,81111.0,1252218521.0,264502313.0,0.0,0.0,353187.0,6941463.0,1516720833.0,1631005.0
Africa,COG,Congo,CG-BZV,Brazzaville,561910.0,8666742612.0,1832146075.0,0.0,0.0,2447343.0,48182210.0,10498888700.0,11281585.0
Africa,COM,Comoros,KM-A,Anjouan,67571.0,1517000023.0,304655961.0,0.0,0.0,380993.0,5299347.0,1821655986.0,1053979.0
Africa,COM,Comoros,KM-G,Grande Comore,80694.0,1927968373.0,409864434.0,0.0,0.0,442061.0,6575714.0,2337832791.0,1378544.0
Africa,COM,Comoros,KM-M,Mohéli,62463.0,1492116130.0,317198171.0,0.0,0.0,59791.0,5089297.0,1809314284.0,1066981.0
Africa,CPV,Cabo Verde,CV-BR,Brava,1753.0,48141626.0,10190043.0,0.0,0.0,5972.0,145080.0,58331660.0,58923.0
Africa,CPV,Cabo Verde,CV-BV,Boa Vista,5698.0,169431120.0,37013288.0,0.0,0.0,15270.0,499383.0,206444413.0,208273.0
Africa,CPV,Cabo Verde,CV-CA,Santa Catarina,11601.0,352816500.0,77747829.0,0.0,0.0,37579.0,1031721.0,430564329.0,432045.0
Africa,CPV,Cabo Verde,CV-CF,Santa Catarina do Fogo,7047.0,207768016.0,45235197.0,0.0,0.0,4778.0,614102.0,253003213.0,254642.0
Africa,CPV,Cabo Verde,CV-CR,Santa Cruz,2361.0,68289128.0,14756101.0,0.0,0.0,26769.0,203338.0,83045227.0,84539.0
Africa,CPV,Cabo Verde,CV-MA,Maio,1786.0,51139440.0,11009782.0,0.0,0.0,6468.0,152552.0,62149225.0,63186.0
Africa,CPV,Cabo Verde,CV-MO,Mosteiros,2091.0,59739211.0,12905315.0,0.0,0.0,7828.0,178233.0,72644520.0,74021.0
Africa,CPV,Cabo Verde,CV-PA,Paul,6152.0,180196814.0,39054869.0,0.0,0.0,5333.0,533692.0,219251683.0,221015.0
Africa,CPV,Cabo Verde,CV-PN,Porto Novo,1523.0,43419011.0,9324908.0,0.0,0.0,15937.0,129743.0,52743925.0,53857.0
Africa,CPV,Cabo Verde,CV-PR,Praia,4039.0,120699287.0,26426245.0,0.0,0.0,165030.0,355034.0,147125536.0,148805.0
Africa,CPV,Cabo Verde,CV-RB,Ribeira Brava,2153.0,61391620.0,13240278.0,0.0,0.0,7204.0,183412.0,74631897.0,75991.0
Africa,CPV,Cabo Verde,CV-RG,Ribeira Grande,7878.0,233739000.0,50976350.0,0.0,0.0,13909.0,689564.0,284715341.0,286275.0
Africa,CPV,Cabo Verde,CV-RS,Ribeira Grande de Santiago,2522.0,72687439.0,15691349.0,0.0,0.0,8036.0,216552.0,88378794.0,89920.0
Africa,CPV,Cabo Verde,CV-SD,São Domingos,3962.0,116252463.0,25370609.0,0.0,0.0,15519.0,343687.0,141623081.0,143186.0
Africa,CPV,Cabo Verde,CV-SF,São Filipe,2236.0,63505903.0,13672556.0,0.0,0.0,22233.0,189972.0,77178461.0,78499.0
Africa,CPV,Cabo Verde,CV-SL,Sal,6022.0,182445540.0,40174552.0,0.0,0.0,39671.0,534537.0,222620098.0,224741.0
Africa,CPV,Cabo Verde,CV-SM,São Miguel,1794.0,51075352.0,10997594.0,0.0,0.0,12573.0,152484.0,62072948.0,63136.0
Africa,CPV,Cabo Verde,CV-SO,São Lourenço dos Órgãos,39637.0,1190467784.0,260668186.0,0.0,0.0,5993.0,3497225.0,1451135974.0,1451969.0
Africa,CPV,Cabo Verde,CV-SS,São Salvador do Mundo,8483.0,251029096.0,54679562.0,0.0,0.0,6927.0,741316.0,305708658.0,307289.0
Africa,CPV,Cabo Verde,CV-SV,São Vicente,22037.0,686691712.0,152742052.0,0.0,0.0,81134.0,1990313.0,839433760.0,841311.0
Africa,CPV,Cabo Verde,CV-TA,Tarrafal,11829.0,361171049.0,79728448.0,0.0,0.0,17249.0,1055191.0,440899511.0,442654.0
Africa,CPV,Cabo Verde,CV-TS,Tarrafal de São Nicolau,1313.0,36737626.0,7837106.0,0.0,0.0,5906.0,109966.0,44574743.0,45238.0
Africa,DJI,Djibouti,DJ-AR,Arta,9772.0,206891624.0,43153427.0,0.0,0.0,59369.0,710237.0,250045048.0,152660.0
Africa,DJI,Djibouti,DJ-AS,Ali Sabieh,21389.0,474040147.0,100948418.0,0.0,0.0,126495.0,1592252.0,574988572.0,352840.0
Africa,DJI,Djibouti,DJ-DI,Dikhil,20943.0,453242235.0,95112172.0,0.0,0.0,127461.0,1539197.0,548354430.0,335606.0
Africa,DJI,Djibouti,DJ-DJ,Djibouti,112699.0,2422038183.0,506129034.0,0.0,0.0,690195.0,8269053.0,2928167232.0,1775080.0
Africa,DJI,Djibouti,DJ-OB,Obock,9644.0,212066583.0,45051378.0,0.0,0.0,54953.0,714386.0,257117969.0,157636.0
Africa,DJI,Djibouti,DJ-TA,Tadjourah,23245.0,506124324.0,107062544.0,0.0,0.0,125615.0,1717252.0,613186869.0,372528.0
Africa,DZA,Algeria,DZ-01,Adrar,63676.0,2760041379.0,625117689.0,0.0,0.0,384185.0,6691875.0,3385159068.0,2995457.0
Africa,DZA,Algeria,DZ-02,Al-Chlef,225405.0,9335100057.0,2057871343.0,0.0,0.0,1391482.0,22936317.0,11392971395.0,10200887.0
Africa,DZA,Algeria,DZ-03,Al-Aghouat,120509.0,5087285781.0,1131272745.0,0.0,0.0,633486.0,12431194.0,6218558529.0,5558862.0
Africa,DZA,Algeria,DZ-04,Oum Al-Bouaghi,140788.0,5878652412.0,1300471889.0,0.0,0.0,865652.0,14409438.0,7179124281.0,6421445.0
Africa,DZA,Algeria,DZ-05,Batna,253981.0,10653074578.0,2361858117.0,0.0,0.0,1557770.0,26078774.0,13014932702.0,11639720.0
Africa,DZA,Algeria,DZ-06,Béjaïa,204645.0,8386586879.0,1839687564.0,0.0,0.0,1270325.0,20668963.0,10226274455.0,9163884.0
Africa,DZA,Algeria,DZ-07,Biskra,124949.0,5319287029.0,1193839209.0,0.0,0.0,758106.0,13001647.0,6513126244.0,5831979.0
Africa,DZA,Algeria,DZ-08,Béchar,52821.0,2289683542.0,510795476.0,0.0,0.0,325818.0,5499789.0,2800479017.0,2432230.0
Africa,DZA,Algeria,DZ-09,Al-Blida,227676.0,9614999041.0,2137764576.0,0.0,0.0,1391864.0,23491764.0,11752763617.0,10502681.0
Africa,DZA,Algeria,DZ-10,Bouïra,156548.0,6482562437.0,1428384391.0,0.0,0.0,966755.0,15927037.0,7910946825.0,7079063.0
Africa,DZA,Algeria,DZ-11,Tamanrasset,26868.0,1138217663.0,252011072.0,0.0,0.0,164598.0,2757566.0,1390228751.0,1224143.0
Africa,DZA,Algeria,DZ-12,Tébessa,147195.0,6171304515.0,1367002726.0,0.0,0.0,903674.0,15108009.0,7538307253.0,6736303.0
Africa,DZA,Algeria,DZ-13,Tlemcen,213613.0,8815237414.0,1940112858.0,0.0,0.0,1321003.0,21680858.0,10755350253.0,9632475.0
Africa,DZA,Algeria,DZ-14,Tiaret,193044.0,8162983024.0,1815583696.0,0.0,0.0,1179469.0,19935238.0,9978566721.0,8913362.0
Africa,DZA,Algeria,DZ-15,Tizi Ouzou,251777.0,10239774891.0,2238497630.0,0.0,0.0,1568475.0,25292518.0,12478272546.0,11191036.0
Africa,DZA,Algeria,DZ-16,Algiers,711576.0,30030371343.0,6675899120.0,0.0,0.0,4149264.0,73387490.0,36706270458.0,32813126.0
Africa,DZA,Algeria,DZ-17,Djelfa,273287.0,11606428373.0,2586295797.0,0.0,0.0,1518196.0,28311031.0,14192724153.0,12673766.0
Africa,DZA,Algeria,DZ-18,Jijel,143342.0,5911436878.0,1300462946.0,0.0,0.0,886904.0,14542333.0,7211899817.0,6458223.0
Africa,DZA,Algeria,DZ-19,Sétif,338261.0,14214016203.0,3149997554.0,0.0,0.0,2075363.0,34771846.0,17364013752.0,15505004.0
Africa,DZA,Algeria,DZ-20,Saïda,74826.0,3107812224.0,686246243.0,0.0,0.0,460851.0,7629092.0,3794058479.0,3396568.0
Africa,DZA,Algeria,DZ-21,Skikda,202202.0,8334303686.0,1833632810.0,0.0,0.0,1251083.0,20506671.0,10167936508.0,9110206.0
Africa,DZA,Algeria,DZ-22,Sidi Bel Abbès,136825.0,5704001464.0,1260597396.0,0.0,0.0,842182.0,13987288.0,6964598855.0,6228105.0
Africa,DZA,Algeria,DZ-23,Annaba,138421.0,5805234385.0,1287558864.0,0.0,0.0,848583.0,14212815.0,7092793237.0,6346331.0
Africa,DZA,Algeria,DZ-24,Guelma,108891.0,4517580774.0,996315502.0,0.0,0.0,671685.0,11093083.0,5513896293.0,4933401.0
Africa,DZA,Algeria,DZ-25,Constantine,213336.0,8967814492.0,1989879397.0,0.0,0.0,1307198.0,21939255.0,10957693893.0,9796353.0
Africa,DZA,Algeria,DZ-26,Al-Médéa,183881.0,7539905179.0,1654198978.0,0.0,0.0,1141038.0,18578350.0,9194104160.0,8236700.0
Africa,DZA,Algeria,DZ-27,Mostaganem,166674.0,6941131666.0,1533458326.0,0.0,0.0,1026331.0,17026106.0,8474589988.0,7580517.0
Africa,DZA,Algeria,DZ-28,Al-M'sila,224985.0,9436033307.0,2091651164.0,0.0,0.0,1380323.0,23100431.0,11527684474.0,10308505.0
Africa,DZA,Algeria,DZ-29,Mascara,176894.0,7324911172.0,1614676780.0,0.0,0.0,1092005.0,17997977.0,8939587950.0,8003954.0
Africa,DZA,Algeria,DZ-30,Ouargla,76205.0,3266695967.0,744137843.0,0.0,0.0,457761.0,8032647.0,4010833828.0,3625589.0
Africa,DZA,Algeria,DZ-31,Oran,356808.0,15213432327.0,3394793964.0,0.0,0.0,2024507.0,37065448.0,18608226282.0,16604626.0
Africa,DZA,Algeria,DZ-32,Al-Bayadh,54634.0,2297414557.0,510380443.0,0.0,0.0,317661.0,5620821.0,2807795003.0,2512300.0
Africa,DZA,Algeria,DZ-33,Illizi,10639.0,456297509.0,102887172.0,0.0,0.0,53628.0,1109353.0,559184687.0,496997.0
Africa,DZA,Algeria,DZ-34,Bordj Bou Arréridj,142082.0,5911922120.0,1305464775.0,0.0,0.0,875315.0,14504708.0,7217386892.0,6455542.0
Africa,DZA,Algeria,DZ-35,Boumerdès,184342.0,7797338937.0,1733819957.0,0.0,0.0,1126739.0,19040360.0,9531158886.0,8510302.0
Africa,DZA,Algeria,DZ-36,Al-Tarf,92533.0,3850997097.0,850655243.0,0.0,0.0,569639.0,9446964.0,4701652359.0,4205487.0
Africa,DZA,Algeria,DZ-37,Tindouf,16295.0,680882111.0,150906239.0,0.0,0.0,68504.0,1669300.0,831788335.0,745985.0
Africa,DZA,Algeria,DZ-38,Tissemsilt,106208.0,4483984648.0,997217795.0,0.0,0.0,410183.0,10956979.0,5481202439.0,4899831.0
Africa,DZA,Algeria,DZ-39,El Oued,114952.0,4943339880.0,1114944055.0,0.0,0.0,696030.0,12069653.0,6058283938.0,5413939.0
Africa,DZA,Algeria,DZ-40,Khenchela,87594.0,3651575948.0,807355228.0,0.0,0.0,538650.0,8953671.0,4458931176.0,3988588.0
Africa,DZA,Algeria,DZ-41,Souk Ahras,99137.0,4124102932.0,911308259.0,0.0,0.0,610253.0,10120349.0,5035411197.0,4508193.0
Africa,DZA,Algeria,DZ-42,Tipaza,133044.0,5499128356.0,1211373859.0,0.0,0.0,821924.0,13519388.0,6710502226.0,6009913.0
Africa,DZA,Algeria,DZ-43,Mila,173157.0,7185237971.0,1584769393.0,0.0,0.0,1068355.0,17643763.0,8770007374.0,7847574.0
Africa,DZA,Algeria,DZ-44,Aïn Defla,173148.0,7190134735.0,1586662787.0,0.0,0.0,1067626.0,17652143.0,8776797516.0,7854367.0
Africa,DZA,Algeria,DZ-45,Naama,57617.0,2427977043.0,539811307.0,0.0,0.0,268579.0,5936373.0,2967788341.0,2654404.0
Africa,DZA,Algeria,DZ-46,Aïn Témouchent,83917.0,3488957277.0,770191447.0,0.0,0.0,517111.0,8562100.0,4259148703.0,3810189.0
Africa,DZA,Algeria,DZ-47,Ghardaïa,66655.0,2816698965.0,626229835.0,0.0,0.0,408925.0,6876571.0,3442928804.0,3064408.0
Africa,DZA,Algeria,DZ-48,Relizane,163837.0,6774638005.0,1492178040.0,0.0,0.0,1012302.0,16652523.0,8266816058.0,7401467.0
Africa,DZA,Algeria,DZ-49,Timimoun,21657.0,830463754.0,174762547.0,0.0,0.0,136071.0,2106770.0,1005226293.0,945267.0
Africa,DZA,Algeria,DZ-50,Bordj Badji Mokhtar,5605.0,239539799.0,51022484.0,0.0,0.0,35972.0,566204.0,290562286.0,244434.0
Africa,DZA,Algeria,DZ-51,Ouled Djellal,39844.0,1657006168.0,359030516.0,0.0,0.0,247793.0,4030709.0,2016036682.0,1788241.0
Africa,DZA,Algeria,DZ-52,Béni Abbès,8338.0,252015512.0,50722017.0,0.0,0.0,50603.0,739362.0,302737531.0,346305.0
Africa,DZA,Algeria,DZ-53,Aïn Salah,11076.0,449047923.0,99400998.0,0.0,0.0,67345.0,1120376.0,548448914.0,504825.0
Africa,DZA,Algeria,DZ-54,Aïn Guezzam,2117.0,88632540.0,20185248.0,0.0,0.0,13402.0,227503.0,108817782.0,104036.0
Africa,DZA,Algeria,DZ-55,Touggourt,50521.0,2087840124.0,446857652.0,0.0,0.0,316556.0,5048098.0,2534697786.0,2224228.0
Africa,DZA,Algeria,DZ-56,Djanet,3692.0,142966498.0,30056616.0,0.0,0.0,19261.0,358813.0,173023105.0,159499.0
Africa,DZA,Algeria,DZ-57,Al-M'Ghair,32615.0,1319256105.0,279859103.0,0.0,0.0,204192.0,3209057.0,1599115210.0,1422126.0
Africa,DZA,Algeria,DZ-58,Al-Meniaa,15571.0,615578647.0,133204852.0,0.0,0.0,96413.0,1537096.0,748783502.0,685946.0
Africa,EGY,Egypt,EG-ALX,Alexandria,1550623.0,40865561431.0,8402412125.0,0.0,0.0,6477592.0,155813480.0,49267973568.0,57908755.0
Africa,EGY,Egypt,EG-ASN,Aswan,441658.0,11388781612.0,2326480816.0,0.0,0.0,1859631.0,43809500.0,13715262438.0,16138204.0
Africa,EGY,Egypt,EG-AST,Asyut,1197651.0,32471172180.0,6748091793.0,0.0,0.0,4944750.0,122501006.0,39219263977.0,46033864.0
Africa,EGY,Egypt,EG-BA,Al-Bahr Al-Ahmar,108052.0,2836625755.0,581250371.0,0.0,0.0,452287.0,10825070.0,3417876124.0,4019764.0
Africa,EGY,Egypt,EG-BH,Al-Buhayrah,1788330.0,47294494963.0,9722444565.0,0.0,0.0,7464457.0,180006441.0,57016939528.0,67006257.0
Africa,EGY,Egypt,EG-BNS,Beni Suef,985443.0,27186661541.0,5648029535.0,0.0,0.0,4049770.0,101696636.0,32834691060.0,38511508.0
Africa,EGY,Egypt,EG-C,Cairo,2387143.0,61833431883.0,12602473363.0,0.0,0.0,10049058.0,237164057.0,74435905217.0,87568167.0
Africa,EGY,Egypt,EG-DK,Al-Dakahlia,2068948.0,55474924049.0,11455306785.0,0.0,0.0,8589603.0,210005625.0,66930230817.0,78603383.0
Africa,EGY,Egypt,EG-DT,Damietta,478277.0,12331966425.0,2512842572.0,0.0,0.0,2015782.0,47404619.0,14844808983.0,17467979.0
Africa,EGY,Egypt,EG-FYM,Al-Fayium,1083939.0,28833385934.0,5922914637.0,0.0,0.0,4518692.0,109402126.0,34756300561.0,40835711.0
Africa,EGY,Egypt,EG-GH,Al-Gharbia,1429663.0,36685472094.0,7487009779.0,0.0,0.0,6029010.0,141425374.0,44172481881.0,51987250.0
Africa,EGY,Egypt,EG-GZ,Giza,2548487.0,68633093009.0,14298146549.0,0.0,0.0,10530674.0,259967126.0,82931239551.0,97365069.0
Africa,EGY,Egypt,EG-IS,Al-Ismailia,331053.0,8649008681.0,1766614817.0,0.0,0.0,1389411.0,33052870.0,10415623483.0,12249296.0
Africa,EGY,Egypt,EG-JS,South Sinai,43188.0,1151393147.0,239929656.0,0.0,0.0,129814.0,4381797.0,1391322788.0,1635962.0
Africa,EGY,Egypt,EG-KB,Al-Qalyubia,2030212.0,51710341137.0,10459167116.0,0.0,0.0,8605507.0,199566166.0,62169508261.0,73201497.0
Africa,EGY,Egypt,EG-KFS,Kafr El-Sheikh,1148775.0,30603261511.0,6308007668.0,0.0,0.0,4780838.0,116155124.0,36911269195.0,43362803.0
Africa,EGY,Egypt,EG-KN,Qena,789264.0,19602990377.0,3885172900.0,0.0,0.0,3389094.0,76179236.0,23488163285.0,27696913.0
Africa,EGY,Egypt,EG-LX,Luxor,1005396.0,26371849133.0,5461724803.0,0.0,0.0,1978466.0,101004988.0,31833573941.0,37420849.0
Africa,EGY,Egypt,EG-MN,Al-Minya,1669142.0,44945023583.0,9279919180.0,0.0,0.0,6922234.0,169786599.0,54224942783.0,63671366.0
Africa,EGY,Egypt,EG-MNF,Al-Monufia,1214801.0,32660518673.0,6750238652.0,0.0,0.0,5038064.0,123510589.0,39410757336.0,46278863.0
Africa,EGY,Egypt,EG-MT,Matruh,171335.0,4509867906.0,926235790.0,0.0,0.0,716016.0,17198243.0,5436103687.0,6391614.0
Africa,EGY,Egypt,EG-PTS,Port Said,225390.0,5816083774.0,1184514733.0,0.0,0.0,949838.0,22344378.0,7000598511.0,8237976.0
Africa,EGY,Egypt,EG-SHG,Sohag,1282242.0,32832543285.0,6674219772.0,0.0,0.0,5418107.0,126559594.0,39506763062.0,46503124.0
Africa,EGY,Egypt,EG-SHR,Al-Sharqia,1973333.0,51596221146.0,10558320287.0,0.0,0.0,8275067.0,197214384.0,62154541422.0,73085203.0
Africa,EGY,Egypt,EG-SIN,North Sinai,130872.0,3355891509.0,682533279.0,0.0,0.0,552481.0,12927225.0,4038424805.0,4754600.0
Africa,EGY,Egypt,EG-SUZ,Suez,210634.0,5526279868.0,1129217794.0,0.0,0.0,882723.0,21075627.0,6655497657.0,7826629.0
Africa,EGY,Egypt,EG-WAD,Al-Wadi Al-Gedid,550976.0,13856773194.0,2753714908.0,0.0,0.0,2357004.0,53546074.0,16610488103.0,19574750.0
Africa,ERI,Eritrea,ER-AN,Anseba,101488.0,2477973454.0,508444264.0,0.0,0.0,532986.0,8417821.0,2986417739.0,2832951.0
Africa,ERI,Eritrea,ER-DK,Debubawi Keih Bahri,20617.0,496874123.0,100999001.0,0.0,0.0,86057.0,1698035.0,597873107.0,570005.0
Africa,ERI,Eritrea,ER-DU,Debub,203918.0,4966841223.0,1014131856.0,0.0,0.0,753514.0,16911046.0,5980973096.0,5716743.0
Africa,ERI,Eritrea,ER-GB,Gash-Barka,194753.0,4720217592.0,961311699.0,0.0,0.0,747811.0,16107806.0,5681529281.0,5423007.0
Africa,ERI,Eritrea,ER-MA,Maekel,113692.0,2832221466.0,566027027.0,0.0,0.0,548751.0,9692412.0,3398248495.0,3199575.0
Africa,ERI,Eritrea,ER-SK,Semienawi Keih Bahri,215074.0,5227592341.0,1068146678.0,0.0,0.0,937889.0,17806507.0,6295739005.0,5988843.0
Africa,ETH,Ethiopia,ET-AA,Addis Ababa,892672.0,6029363121.0,1427836832.0,0.0,0.0,4551263.0,66707865.0,7457199945.0,8798704.0
Africa,ETH,Ethiopia,ET-AF,Afar,560634.0,3694781643.0,923819467.0,0.0,0.0,2165997.0,42895364.0,4618601120.0,3971687.0
Africa,ETH,Ethiopia,ET-AM,Amara,7226613.0,47706517919.0,12367902232.0,0.0,0.0,26548822.0,533090925.0,60074420168.0,38904562.0
Africa,ETH,Ethiopia,ET-BE,Benshangul-Gumaz,365865.0,2217249722.0,578229965.0,0.0,0.0,2070049.0,26185352.0,2795479685.0,1541973.0
Africa,ETH,Ethiopia,ET-CE,Central Ethiopia,2214983.0,13016048772.0,3373790707.0,0.0,0.0,8726429.0,162106585.0,16389839468.0,9346264.0
Africa,ETH,Ethiopia,ET-DD,Dire Dawa,120938.0,1071125661.0,244024808.0,0.0,0.0,763198.0,9527116.0,1315150469.0,1392624.0
Africa,ETH,Ethiopia,ET-GA,Gambela Peoples,164727.0,1004521597.0,256050717.0,0.0,0.0,641569.0,12152926.0,1260572293.0,813710.0
Africa,ETH,Ethiopia,ET-HA,Harari People,73674.0,558242032.0,147442508.0,0.0,0.0,677550.0,5576771.0,705684545.0,523743.0
Africa,ETH,Ethiopia,ET-OR,Oromia,12487049.0,73458046558.0,19078220180.0,0.0,0.0,54994561.0,909191133.0,92536266743.0,51827388.0
Africa,ETH,Ethiopia,ET-SE,South Ethiopia,2238116.0,14045672993.0,3739975588.0,0.0,0.0,8792180.0,165159320.0,17785648579.0,10272293.0
Africa,ETH,Ethiopia,ET-SI,Sidama,1346336.0,8629553735.0,2261603241.0,0.0,0.0,5293854.0,99077554.0,10891156978.0,6198390.0
Africa,ETH,Ethiopia,ET-SO,Somali,1906446.0,11801156449.0,2980476335.0,0.0,0.0,7467713.0,143316189.0,14781632773.0,12822622.0
Africa,ETH,Ethiopia,ET-SW,Southwest Ethiopia Peoples,1250777.0,7831413297.0,2157045205.0,0.0,0.0,4905622.0,92977367.0,9988458496.0,5935662.0
Africa,ETH,Ethiopia,ET-TI,Tigray,1782955.0,20527299998.0,4313586558.0,0.0,0.0,7873122.0,148636548.0,24840886566.0,30427454.0
Africa,GAB,Gabon,GA-1,Estuaire,306006.0,6917721447.0,1466157967.0,0.0,0.0,1260201.0,25727351.0,8383879408.0,10011965.0
Africa,GAB,Gabon,GA-2,Haut-Ogooué,146177.0,3371183873.0,722054450.0,0.0,0.0,367011.0,12469992.0,4093238338.0,4912147.0
Africa,GAB,Gabon,GA-3,Moyen-Ogooué,24803.0,569839393.0,121621646.0,0.0,0.0,101115.0,2104707.0,691461018.0,827783.0
Africa,GAB,Gabon,GA-4,Ngounié,39582.0,900031515.0,191334646.0,0.0,0.0,162316.0,3338998.0,1091366165.0,1304817.0
Africa,GAB,Gabon,GA-5,Nyanga,15958.0,370905925.0,79728726.0,0.0,0.0,64453.0,1363685.0,450634647.0,541305.0
Africa,GAB,Gabon,GA-6,Ogooué-Ivindo,22266.0,508154949.0,108163858.0,0.0,0.0,91058.0,1883878.0,616318808.0,738676.0
Africa,GAB,Gabon,GA-7,Ogooué-Lolo,22408.0,542180268.0,118179880.0,0.0,0.0,89318.0,1959366.0,660360128.0,790419.0
Africa,GAB,Gabon,GA-8,Ogooué-Maritime,53791.0,1210473067.0,256131578.0,0.0,0.0,221658.0,4510748.0,1466604655.0,1752725.0
Africa,GAB,Gabon,GA-9,Woleu-Ntem,59215.0,1371738595.0,294355260.0,0.0,0.0,235992.0,5063076.0,1666093851.0,1999433.0
Africa,GHA,Ghana,GH-AA,Greater Accra,1486898.0,24683501858.0,4896119276.0,0.0,0.0,5744596.0,138195444.0,29579621147.0,70899315.0
Africa,GHA,Ghana,GH-AF,Ahafo,158059.0,1946031870.0,406401444.0,0.0,0.0,588159.0,13460015.0,2352433308.0,4955462.0
Africa,GHA,Ghana,GH-AH,Ashanti,1679686.0,25343327031.0,5079386829.0,0.0,0.0,6240248.0,151446351.0,30422713874.0,72442804.0
Africa,GHA,Ghana,GH-BE,Bono East,344316.0,4316361335.0,885207051.0,0.0,0.0,1293369.0,29228393.0,5201568384.0,10377240.0
Africa,GHA,Ghana,GH-BO,Bono,398349.0,5078662570.0,1046750124.0,0.0,0.0,1496093.0,34043729.0,6125412684.0,12163712.0
Africa,GHA,Ghana,GH-CP,Central,855761.0,11401822189.0,2311098899.0,0.0,0.0,3232994.0,74217395.0,13712921082.0,30239566.0
Africa,GHA,Ghana,GH-EP,Eastern,999959.0,13406953845.0,2762129647.0,0.0,0.0,3741696.0,87570297.0,16169083497.0,36906093.0
Africa,GHA,Ghana,GH-NE,North East,192633.0,1724445597.0,368485480.0,0.0,0.0,712830.0,15065963.0,2092931084.0,2993376.0
Africa,GHA,Ghana,GH-NP,Northern,730165.0,7434795720.0,1623092906.0,0.0,0.0,2689494.0,58379932.0,9057888626.0,11994578.0
Africa,GHA,Ghana,GH-OT,Oti,177600.0,2074755069.0,430750544.0,0.0,0.0,660602.0,14894753.0,2505505622.0,5184899.0
Africa,GHA,Ghana,GH-SV,Savannah,203285.0,2028363155.0,468531368.0,0.0,0.0,739343.0,16641470.0,2496894530.0,3742361.0
Africa,GHA,Ghana,GH-TV,Volta,563921.0,7116256602.0,1486543586.0,0.0,0.0,2102118.0,48074925.0,8602800168.0,16977052.0
Africa,GHA,Ghana,GH-UE,Upper East,399142.0,3705862438.0,822988771.0,0.0,0.0,1467586.0,31483330.0,4528851210.0,5629567.0
Africa,GHA,Ghana,GH-UW,Upper West,275423.0,2757046490.0,608020056.0,0.0,0.0,1011523.0,22122967.0,3365066541.0,4682822.0
Africa,GHA,Ghana,GH-WN,Western North,250876.0,2956986276.0,601463168.0,0.0,0.0,940897.0,21118467.0,3558449444.0,7895712.0
Africa,GHA,Ghana,GH-WP,Western,642280.0,8734259700.0,1823107931.0,0.0,0.0,2402699.0,55853081.0,10557367630.0,20793481.0
Africa,GIN,Guinea,GN-B,Boké,254127.0,2774815186.0,573158681.0,0.0,0.0,1576449.0,19909010.0,3347973888.0,3101482.0
Africa,GIN,Guinea,GN-C,Conakry,329636.0,6104402008.0,1229736524.0,0.0,0.0,2070802.0,27070855.0,7334138534.0,6900081.0
Africa,GIN,Guinea,GN-D,Kindia,428143.0,4642569481.0,960429067.0,0.0,0.0,2655257.0,33546101.0,5602998539.0,5169189.0
Africa,GIN,Guinea,GN-F,Faranah,206338.0,2250970760.0,467205158.0,0.0,0.0,1277300.0,16210114.0,2718175918.0,2508865.0
Africa,GIN,Guinea,GN-K,Kankan,477747.0,5195957316.0,1077250419.0,0.0,0.0,2959755.0,37493046.0,6273207740.0,5785907.0
Africa,GIN,Guinea,GN-L,Labé,212522.0,2284512567.0,471154027.0,0.0,0.0,1320001.0,16606802.0,2755666579.0,2539278.0
Africa,GIN,Guinea,GN-M,Mamou,159860.0,1706932430.0,350797814.0,0.0,0.0,994650.0,12457791.0,2057730257.0,1895539.0
Africa,GIN,Guinea,GN-N,Nzérékoré,361843.0,3926287585.0,811020120.0,0.0,0.0,2245516.0,28328804.0,4737307709.0,4376211.0
Africa,GMB,Gambia,GM-BJ,Banjul,1519.0,28093445.0,5626234.0,0.0,0.0,12282.0,129071.0,33719682.0,43336.0
Africa,GMB,Gambia,GM-BR,Brikama,170372.0,3448314096.0,710494727.0,0.0,0.0,1391793.0,15459585.0,4158808838.0,5308319.0
Africa,GMB,Gambia,GM-BS,Basse,43566.0,872475225.0,179297509.0,0.0,0.0,356853.0,3934898.0,1051772727.0,1342588.0
Africa,GMB,Gambia,GM-JA,Janjanbureh,25804.0,520000888.0,107186480.0,0.0,0.0,210882.0,2339464.0,627187371.0,801198.0
Africa,GMB,Gambia,GM-KA,Kanifing,50003.0,1032066229.0,215373470.0,0.0,0.0,290713.0,4606562.0,1247439701.0,1592714.0
Africa,GMB,Gambia,GM-KE,Kerewan,46443.0,918997986.0,187382293.0,0.0,0.0,383026.0,4156764.0,1106380270.0,1411954.0
Africa,GMB,Gambia,GM-KU,Kuntaur,12442.0,246748615.0,50562510.0,0.0,0.0,102161.0,1118153.0,297311124.0,379949.0
Africa,GMB,Gambia,GM-MA,Mansakonko,11144.0,228549174.0,47611649.0,0.0,0.0,74381.0,1022674.0,276160812.0,353060.0
Africa,GNB,Guinea-Bissau,GW-BA,Bafatá,38064.0,626959645.0,132779974.0,0.0,0.0,314229.0,3223047.0,759739624.0,731191.0
Africa,GNB,Guinea-Bissau,GW-BL,Bolama,6578.0,103719809.0,21562724.0,0.0,0.0,54355.0,544906.0,125282524.0,120866.0
Africa,GNB,Guinea-Bissau,GW-BM,Biombo,18517.0,313775155.0,67228619.0,0.0,0.0,151244.0,1588473.0,381003773.0,371860.0
Africa,GNB,Guinea-Bissau,GW-BS,Bissau,68805.0,1169656653.0,251501701.0,0.0,0.0,562215.0,5919702.0,1421158357.0,1380772.0
Africa,GNB,Guinea-Bissau,GW-CA,Cacheu,34688.0,569104008.0,120153607.0,0.0,0.0,286903.0,2930140.0,689257609.0,663114.0
Africa,GNB,Guinea-Bissau,GW-GA,Gabú,38617.0,642025720.0,136568038.0,0.0,0.0,317928.0,3285761.0,778593758.0,751224.0
Africa,GNB,Guinea-Bissau,GW-OI,Oio,40452.0,667470232.0,141419398.0,0.0,0.0,333819.0,3427246.0,808889616.0,778673.0
Africa,GNB,Guinea-Bissau,GW-QU,Quinara,10618.0,173431163.0,36589918.0,0.0,0.0,87525.0,895809.0,210021082.0,202916.0
Africa,GNB,Guinea-Bissau,GW-TO,Tombali,17092.0,279387644.0,58826092.0,0.0,0.0,141301.0,1441414.0,338213739.0,326221.0
Africa,GNQ,Equatorial Guinea,GQ-AN,Annobón,1389.0,30904981.0,6401127.0,0.0,0.0,8554.0,115313.0,37306103.0,50750.0
Africa,GNQ,Equatorial Guinea,GQ-BN,Bioko Norte,76704.0,2014181468.0,447273194.0,0.0,0.0,475622.0,7071306.0,2461454655.0,3182518.0
Africa,GNQ,Equatorial Guinea,GQ-BS,Bioko Sur,8724.0,218696117.0,47816150.0,0.0,0.0,54402.0,784562.0,266512269.0,350642.0
Africa,GNQ,Equatorial Guinea,GQ-CS,Centro Sur,38125.0,1042935388.0,235538231.0,0.0,0.0,233372.0,3581883.0,1278473625.0,1626830.0
Africa,GNQ,Equatorial Guinea,GQ-DJ,Djibloho,1300.0,29956441.0,7663673.0,0.0,0.0,7492.0,127709.0,37620116.0,57650.0
Africa,GNQ,Equatorial Guinea,GQ-KN,Kié-Ntem,46035.0,1200349397.0,265689492.0,0.0,0.0,286039.0,4226729.0,1466038883.0,1899114.0
Africa,GNQ,Equatorial Guinea,GQ-LI,Litoral,94346.0,2489913069.0,553395808.0,0.0,0.0,584848.0,8709694.0,3043308873.0,3922273.0
Africa,GNQ,Equatorial Guinea,GQ-WN,Wele-Nzas,47163.0,1296278597.0,293412822.0,0.0,0.0,288071.0,4447087.0,1589691425.0,2023851.0
Africa,KEN,Kenya,KE-01,Baringo,292025.0,3714921869.0,737908278.0,0.0,0.0,765213.0,23015446.0,4452830149.0,4595109.0
Africa,KEN,Kenya,KE-02,Bomet,336800.0,4280088011.0,851231457.0,0.0,0.0,1020727.0,26539203.0,5131319475.0,5279029.0
Africa,KEN,Kenya,KE-03,Bungoma,599792.0,7608471248.0,1510465440.0,0.0,0.0,1945417.0,47218416.0,9118936679.0,9385903.0
Africa,KEN,Kenya,KE-04,Busia,314096.0,3991368860.0,793398999.0,0.0,0.0,1036234.0,24747606.0,4784767854.0,4925825.0
Africa,KEN,Kenya,KE-05,Elgeyo-Marakwet,187274.0,2374099299.0,471157686.0,0.0,0.0,517880.0,14737811.0,2845256993.0,2929278.0
Africa,KEN,Kenya,KE-06,Embu,222104.0,2824039056.0,561078794.0,0.0,0.0,690493.0,17502661.0,3385117847.0,3490217.0
Africa,KEN,Kenya,KE-07,Garissa,431816.0,5496642978.0,1095683287.0,0.0,0.0,1141293.0,34060836.0,6592326267.0,6770967.0
Africa,KEN,Kenya,KE-08,Homa Bay,422446.0,5350376643.0,1060849780.0,0.0,0.0,1267882.0,33230468.0,6411226441.0,6600408.0
Africa,KEN,Kenya,KE-09,Isiolo,59839.0,757045283.0,150246643.0,0.0,0.0,411016.0,4705126.0,907291929.0,932329.0
Africa,KEN,Kenya,KE-10,Kajiado,297703.0,3842302565.0,770105946.0,0.0,0.0,1572169.0,23625060.0,4612408491.0,4769810.0
Africa,KEN,Kenya,KE-11,Kakamega,736496.0,9323779984.0,1849324418.0,0.0,0.0,2069192.0,57928365.0,11173104407.0,11490988.0
Africa,KEN,Kenya,KE-12,Kericho,389684.0,4948460444.0,982429865.0,0.0,0.0,1028758.0,30690462.0,5930890306.0,6111618.0
Africa,KEN,Kenya,KE-13,Kiambu,556105.0,7121755706.0,1423372604.0,0.0,0.0,3209333.0,43982721.0,8545128310.0,8799143.0
Africa,KEN,Kenya,KE-14,Kilifi,478400.0,6107859040.0,1217549525.0,0.0,0.0,1773195.0,37778855.0,7325408561.0,7546788.0
Africa,KEN,Kenya,KE-15,Kirinyaga,189698.0,2409128985.0,479239614.0,0.0,0.0,955704.0,14944766.0,2888368586.0,2968901.0
Africa,KEN,Kenya,KE-16,Kisii,440856.0,5632349954.0,1123102745.0,0.0,0.0,1395973.0,34823141.0,6755452701.0,6961983.0
Africa,KEN,Kenya,KE-17,Kisumu,379012.0,4825010735.0,960500801.0,0.0,0.0,1358775.0,29890014.0,5785511527.0,5954954.0
Africa,KEN,Kenya,KE-18,Kitui,425291.0,5032471112.0,1007172050.0,0.0,0.0,1258036.0,33544834.0,6039643170.0,6698449.0
Africa,KEN,Kenya,KE-19,Kwale,268914.0,3450495159.0,689221462.0,0.0,0.0,1065920.0,21282359.0,4139716633.0,4276837.0
Africa,KEN,Kenya,KE-20,Laikipia,209309.0,2652282922.0,526012940.0,0.0,0.0,634076.0,16467907.0,3178295878.0,3273659.0
Africa,KEN,Kenya,KE-21,Lamu,45086.0,567547026.0,112121123.0,0.0,0.0,181185.0,3537178.0,679668156.0,698944.0
Africa,KEN,Kenya,KE-22,Machakos,470729.0,5999933152.0,1193279027.0,0.0,0.0,1766533.0,37136079.0,7193212155.0,7422345.0
Africa,KEN,Kenya,KE-23,Makueni,406894.0,5156244638.0,1022052654.0,0.0,0.0,1098056.0,32012925.0,6178297292.0,6366865.0
Africa,KEN,Kenya,KE-24,Mandera,787150.0,10012685319.0,1993732732.0,0.0,0.0,1036151.0,62061143.0,12006418051.0,12341581.0
Africa,KEN,Kenya,KE-25,Marsabit,108578.0,1394371105.0,278902978.0,0.0,0.0,622389.0,8595936.0,1673274078.0,1728474.0
Africa,KEN,Kenya,KE-26,Meru,527610.0,6729251326.0,1340582827.0,0.0,0.0,1730653.0,41643719.0,8069834145.0,8312441.0
Africa,KEN,Kenya,KE-27,Migori,369477.0,4686751560.0,930903341.0,0.0,0.0,1337909.0,29088513.0,5617654886.0,5778587.0
Africa,KEN,Kenya,KE-28,Mombasa,345580.0,4434817359.0,887932655.0,0.0,0.0,1492603.0,27361410.0,5322750007.0,5479283.0
Africa,KEN,Kenya,KE-29,Murang'a,346623.0,4435797567.0,885105417.0,0.0,0.0,1152326.0,27400231.0,5320902982.0,5488366.0
Africa,KEN,Kenya,KE-30,Nairobi City,1260364.0,16090555198.0,3214453193.0,0.0,0.0,5714431.0,99557361.0,19305008401.0,19826972.0
Africa,KEN,Kenya,KE-31,Nakuru,745878.0,9508272768.0,1893421141.0,0.0,0.0,2675362.0,58856744.0,11401693921.0,11744889.0
Africa,KEN,Kenya,KE-32,Nandi,406574.0,5134872830.0,1016224680.0,0.0,0.0,1015294.0,31939379.0,6151097498.0,6330346.0
Africa,KEN,Kenya,KE-33,Narok,430028.0,5561386544.0,1113588479.0,0.0,0.0,1465243.0,34148311.0,6674975022.0,6925204.0
Africa,KEN,Kenya,KE-34,Nyamira,243870.0,3087911967.0,613018828.0,0.0,0.0,624070.0,19185382.0,3700930792.0,3802930.0
Africa,KEN,Kenya,KE-35,Nyandarua,253993.0,3221718011.0,639208253.0,0.0,0.0,684707.0,19992211.0,3860926256.0,3978698.0
Africa,KEN,Kenya,KE-36,Nyeri,257788.0,3273804624.0,650963008.0,0.0,0.0,818930.0,20307706.0,3924767662.0,4036491.0
Africa,KEN,Kenya,KE-37,Samburu,102804.0,1308377791.0,260438882.0,0.0,0.0,400590.0,8104941.0,1568816655.0,1616263.0
Africa,KEN,Kenya,KE-38,Siaya,360496.0,4560011320.0,903957783.0,0.0,0.0,1148506.0,28341869.0,5463969106.0,5619795.0
Africa,KEN,Kenya,KE-39,Taita-Taveta,127939.0,1625413195.0,323043349.0,0.0,0.0,398194.0,10078143.0,1948456528.0,2006883.0
Africa,KEN,Kenya,KE-40,Tana River,124403.0,1576415291.0,313085822.0,0.0,0.0,729173.0,9789687.0,1889501126.0,1942351.0
Africa,KEN,Kenya,KE-41,Tharaka-Nithi,153054.0,1953088215.0,388712084.0,0.0,0.0,413942.0,12079106.0,2341800301.0,2418657.0
Africa,KEN,Kenya,KE-42,Trans Nzoia,401161.0,5145975767.0,1026976433.0,0.0,0.0,1149895.0,31741232.0,6172952200.0,6381277.0
Africa,KEN,Kenya,KE-43,Turkana,384967.0,4884056965.0,970518973.0,0.0,0.0,1076871.0,30312429.0,5854575942.0,6019272.0
Africa,KEN,Kenya,KE-44,Uasin Gishu,440596.0,5621936473.0,1119267429.0,0.0,0.0,1404259.0,34777823.0,6741203916.0,6953912.0
Africa,KEN,Kenya,KE-45,Vihiga,225843.0,2861197428.0,568232958.0,0.0,0.0,622851.0,17772130.0,3429430375.0,3523941.0
Africa,KEN,Kenya,KE-46,Wajir,541067.0,6955675178.0,1390404769.0,0.0,0.0,916214.0,42857671.0,8346079927.0,8625752.0
Africa,KEN,Kenya,KE-47,West Pokot,276709.0,3491465134.0,690681052.0,0.0,0.0,738884.0,21727834.0,4182146203.0,4303176.0
Africa,LBR,Liberia,LR-BG,Bong,99508.0,2081120759.0,473516396.0,0.0,0.0,507731.0,8143257.0,2554637160.0,1361546.0
Africa,LBR,Liberia,LR-BM,Bomi,28645.0,638282309.0,144469287.0,0.0,0.0,145569.0,2321288.0,782751580.0,461937.0
Africa,LBR,Liberia,LR-CM,Grand Cape Mount,39195.0,965210783.0,221329725.0,0.0,0.0,192860.0,3324189.0,1186540492.0,826359.0
Africa,LBR,Liberia,LR-GB,Grand Bassa,63134.0,1525961537.0,336147145.0,0.0,0.0,316246.0,5234947.0,1862108678.0,1480416.0
Africa,LBR,Liberia,LR-GG,Grand Gedeh,48337.0,999963076.0,246963203.0,0.0,0.0,242990.0,3802207.0,1246926267.0,424988.0
Africa,LBR,Liberia,LR-GK,Grand Kru,24364.0,442710336.0,110028725.0,0.0,0.0,124062.0,1859884.0,552739052.0,120230.0
Africa,LBR,Liberia,LR-GP,Gbarpolu,24225.0,504771851.0,125608180.0,0.0,0.0,100057.0,1920499.0,630380039.0,201279.0
Africa,LBR,Liberia,LR-LO,Lofa,77564.0,1419745234.0,338996958.0,0.0,0.0,394396.0,6386023.0,1758742184.0,664888.0
Africa,LBR,Liberia,LR-MG,Margibi,65170.0,1602470603.0,334463633.0,0.0,0.0,334637.0,5423834.0,1936934243.0,1510233.0
Africa,LBR,Liberia,LR-MO,Montserrado,413491.0,9912029000.0,2072205663.0,0.0,0.0,2117389.0,34015200.0,11984234659.0,10164250.0
Africa,LBR,Liberia,LR-MY,Maryland,41918.0,934304573.0,225158668.0,0.0,0.0,183537.0,3371258.0,1159463224.0,546450.0
Africa,LBR,Liberia,LR-NI,Nimba,131129.0,2672949215.0,597377179.0,0.0,0.0,670594.0,11073135.0,3270326400.0,1915596.0
Africa,LBR,Liberia,LR-RG,River Gee,28258.0,578190403.0,146084325.0,0.0,0.0,141313.0,2225207.0,724274735.0,204630.0
Africa,LBR,Liberia,LR-RI,Rivercess,21748.0,404365092.0,97098948.0,0.0,0.0,95530.0,1678867.0,501464046.0,221360.0
Africa,LBR,Liberia,LR-SI,Sinoe,32930.0,740353523.0,173117186.0,0.0,0.0,164286.0,2663022.0,913470713.0,525971.0
Africa,LBY,Libya,LY-BA,Benghazi,147253.0,3246266770.0,724001989.0,0.0,0.0,862198.0,14979207.0,3970268753.0,6575303.0
Africa,LBY,Libya,LY-BU,Butnan,35767.0,784865174.0,174790057.0,0.0,0.0,209680.0,3627781.0,959655240.0,1590725.0
Africa,LBY,Libya,LY-DR,Derna,36953.0,806611707.0,179352633.0,0.0,0.0,216916.0,3736433.0,985964351.0,1636941.0
Africa,LBY,Libya,LY-GT,Ghat,5032.0,107574339.0,23739427.0,0.0,0.0,29533.0,501960.0,131313758.0,219438.0
Africa,LBY,Libya,LY-JA,Jabal al Akhdar,45723.0,1001786379.0,223022820.0,0.0,0.0,268209.0,4634785.0,1224809205.0,2032151.0
Africa,LBY,Libya,LY-JG,Jabal al Gharbi,69318.0,1528562356.0,340906672.0,0.0,0.0,405814.0,7050657.0,1869469047.0,3094473.0
Africa,LBY,Libya,LY-JI,Jafara,100636.0,2242773963.0,501817916.0,0.0,0.0,586986.0,10294842.0,2744591880.0,4526180.0
Africa,LBY,Libya,LY-JU,Jufra,11069.0,244587619.0,54659593.0,0.0,0.0,64507.0,1127068.0,299247205.0,495517.0
Africa,LBY,Libya,LY-KF,Kufra,10034.0,219246338.0,48833610.0,0.0,0.0,58479.0,1015777.0,268079960.0,445945.0
Africa,LBY,Libya,LY-MB,Murqub,93508.0,2087158070.0,467133683.0,0.0,0.0,545287.0,9573107.0,2554291762.0,4209118.0
Africa,LBY,Libya,LY-MI,Misrata,128988.0,2975484930.0,672658777.0,0.0,0.0,743151.0,13451404.0,3648143707.0,5948979.0
Africa,LBY,Libya,LY-MJ,Marj,55577.0,1172755905.0,257257430.0,0.0,0.0,331062.0,5507109.0,1430013323.0,2391406.0
Africa,LBY,Libya,LY-MQ,Murzuq,17134.0,374792660.0,83423467.0,0.0,0.0,100434.0,1735528.0,458216130.0,761163.0
Africa,LBY,Libya,LY-NL,Nalut,20972.0,467047615.0,104537255.0,0.0,0.0,122175.0,2144816.0,571584872.0,943235.0
Africa,LBY,Libya,LY-NQ,Nuqat al Khams,64950.0,1454568576.0,325978246.0,0.0,0.0,378180.0,6662603.0,1780546828.0,2931647.0
Africa,LBY,Libya,LY-SB,Sabha,27771.0,616982616.0,138057392.0,0.0,0.0,161882.0,2837646.0,755040017.0,1248255.0
Africa,LBY,Libya,LY-SR,Sirte,31339.0,690427884.0,153974303.0,0.0,0.0,183385.0,3185796.0,844402193.0,1398365.0
Africa,LBY,Libya,LY-TB,Tripoli,237583.0,5272380926.0,1178102479.0,0.0,0.0,1388039.0,24250590.0,6450483397.0,10654788.0
Africa,LBY,Libya,LY-WA,Al Wahat,39061.0,866031568.0,193586867.0,0.0,0.0,228021.0,3985469.0,1059618453.0,1751552.0
Africa,LBY,Libya,LY-WD,Wadi al Hayaa,16791.0,369061402.0,82283069.0,0.0,0.0,98218.0,1705073.0,451344467.0,748435.0
Africa,LBY,Libya,LY-WS,Wadi ash Shati,17455.0,382584512.0,85198288.0,0.0,0.0,102259.0,1769696.0,467782801.0,776260.0
Africa,LBY,Libya,LY-ZA,Zawiya,64107.0,1425165424.0,318709341.0,0.0,0.0,374133.0,6550580.0,1743874761.0,2879663.0
Africa,LSO,Lesotho,LS-A,Maseru,156682.0,2865013636.0,541339077.0,0.0,0.0,612042.0,13607800.0,3406352702.0,5711060.0
Africa,LSO,Lesotho,LS-B,Butha-Buthe,35465.0,649868107.0,123120907.0,0.0,0.0,138242.0,3082920.0,772989004.0,1296526.0
Africa,LSO,Lesotho,LS-C,Leribe,101891.0,1856144542.0,349399094.0,0.0,0.0,398467.0,8832261.0,2205543633.0,3704449.0
Africa,LSO,Lesotho,LS-D,Berea,82385.0,1517899784.0,289003080.0,0.0,0.0,309308.0,7182029.0,1806902853.0,3020276.0
Africa,LSO,Lesotho,LS-E,Mafeteng,54351.0,998959047.0,189552205.0,0.0,0.0,211746.0,4733319.0,1188511257.0,1992210.0
Africa,LSO,Lesotho,LS-F,Mohale's Hoek,49065.0,903639086.0,171802871.0,0.0,0.0,190999.0,4277426.0,1075441953.0,1801399.0
Africa,LSO,Lesotho,LS-G,Quthing,34974.0,647031486.0,123485350.0,0.0,0.0,135904.0,3056134.0,770516834.0,1289760.0
Africa,LSO,Lesotho,LS-H,Qacha's Nek,22677.0,421422979.0,80649698.0,0.0,0.0,87838.0,1987411.0,502072673.0,843580.0
Africa,LSO,Lesotho,LS-J,Mokhotlong,34463.0,642303916.0,123258461.0,0.0,0.0,122698.0,3023725.0,765562373.0,1280818.0
Africa,LSO,Lesotho,LS-K,Thaba-Tseka,40134.0,740553250.0,140897921.0,0.0,0.0,156075.0,3502669.0,881451165.0,1478170.0
Africa,MAR,Morocco,MA-01,Tangier-Tetouan-Al-Hoceïma,894687.0,27033725488.0,5171096868.0,0.0,0.0,2973565.0,85726290.0,32204822356.0,35497661.0
Africa,MAR,Morocco,MA-02,Al-Sharq,564565.0,17592901644.0,3362275975.0,0.0,0.0,2506724.0,53804599.0,20955177623.0,22421044.0
Africa,MAR,Morocco,MA-03,Fez-Meknes,1033006.0,31074302138.0,5950958461.0,0.0,0.0,4557323.0,97997411.0,37025260601.0,38751941.0
Africa,MAR,Morocco,MA-04,Al-Rabat-Salé-Al-Kénitra,1234169.0,36799805604.0,6973887317.0,0.0,0.0,5489406.0,117533852.0,43773692911.0,50859057.0
Africa,MAR,Morocco,MA-05,Béni Mellal-Khénifra,635536.0,19969902866.0,3810839386.0,0.0,0.0,2828553.0,60996753.0,23780742256.0,25697131.0
Africa,MAR,Morocco,MA-06,Casablanca-Settat,2025150.0,63998431855.0,12132601397.0,0.0,0.0,9071799.0,194703728.0,76131033237.0,83118586.0
Africa,MAR,Morocco,MA-07,Marrakech-Safi,1129494.0,34380415585.0,6636672421.0,0.0,0.0,4879565.0,106595269.0,41017088021.0,39961228.0
Africa,MAR,Morocco,MA-08,Drâa-Tafilalet,473994.0,12561981216.0,2384468260.0,0.0,0.0,2091767.0,42970356.0,14946449472.0,14819500.0
Africa,MAR,Morocco,MA-09,Souss-Massa,719278.0,21780147609.0,4153438802.0,0.0,0.0,3195751.0,68897644.0,25933586437.0,28672767.0
Africa,MAR,Morocco,MA-10,Guelmim-Wadi Noun,75055.0,2286913936.0,440619338.0,0.0,0.0,242349.0,7122346.0,2727533256.0,2745472.0
Africa,MAR,Morocco,MA-11,Al-Uyun-Al-Sakia Al-Hamra,51769.0,1440434338.0,260737057.0,0.0,0.0,235145.0,4643220.0,1701171410.0,1953888.0
Africa,MAR,Morocco,MA-12,Al-Dakhla-Wadi Al-Dahab,79691.0,2465459560.0,484813127.0,0.0,0.0,358829.0,7602745.0,2950272689.0,2974879.0
Africa,MDG,Madagascar,MG-AA,Atsimo-Atsinanana,308939.0,3782338546.0,847231342.0,0.0,0.0,1298721.0,26457533.0,4629569880.0,6262336.0
Africa,MDG,Madagascar,MG-AB,Ambatosoa,163402.0,2026735614.0,438448287.0,0.0,0.0,722128.0,13836518.0,2465183890.0,3356714.0
Africa,MDG,Madagascar,MG-AD,Androy,275219.0,3313951769.0,737078945.0,0.0,0.0,1206812.0,23403020.0,4051030711.0,5503608.0
Africa,MDG,Madagascar,MG-AF,Atsimo-Andrefana,505845.0,5871656897.0,1277421115.0,0.0,0.0,2236751.0,42416799.0,7149078004.0,9817035.0
Africa,MDG,Madagascar,MG-AG,Analamanga,1094845.0,13377582750.0,2977607612.0,0.0,0.0,4597931.0,93365468.0,16355190353.0,22183083.0
Africa,MDG,Madagascar,MG-AI,Atsinanana,423400.0,4887521141.0,1055554551.0,0.0,0.0,1877704.0,35381018.0,5943075690.0,8184843.0
Africa,MDG,Madagascar,MG-AJ,Analanjirofo,165489.0,1827599414.0,407997313.0,0.0,0.0,727776.0,13869741.0,2235596705.0,3070148.0
Africa,MDG,Madagascar,MG-AL,Alaotra-Mangoro,354381.0,4081179310.0,884768206.0,0.0,0.0,1569790.0,29633064.0,4965947523.0,6826021.0
Africa,MDG,Madagascar,MG-AM,Amoron'i Mania,244574.0,2744977968.0,586223954.0,0.0,0.0,1089697.0,20262631.0,3331201925.0,4610769.0
Africa,MDG,Madagascar,MG-AY,Anosy,232340.0,2703598362.0,588031816.0,0.0,0.0,1027548.0,19485709.0,3291630179.0,4518827.0
Africa,MDG,Madagascar,MG-BE,Betsiboka,117710.0,1343423933.0,288911340.0,0.0,0.0,522564.0,9799327.0,1632335279.0,2249167.0
Africa,MDG,Madagascar,MG-BG,Bongolava,189445.0,2229897519.0,485505020.0,0.0,0.0,837412.0,15920232.0,2715402541.0,3718024.0
Africa,MDG,Madagascar,MG-BO,Boeny,277988.0,3372277093.0,753861109.0,0.0,0.0,1159295.0,23712476.0,4126138210.0,5593704.0
Africa,MDG,Madagascar,MG-DI,Diana,252830.0,3001474998.0,662741102.0,0.0,0.0,1111907.0,21386608.0,3664216097.0,4994302.0
Africa,MDG,Madagascar,MG-FT,Fitovinany,235335.0,3194956388.0,701491329.0,0.0,0.0,1020243.0,20354574.0,3896447726.0,5279580.0
Africa,MDG,Madagascar,MG-IH,Ihorombe,131227.0,1617029897.0,363462372.0,0.0,0.0,540598.0,11252413.0,1980492259.0,2684006.0
Africa,MDG,Madagascar,MG-IT,Itasy,251103.0,2658762170.0,572324732.0,0.0,0.0,1118636.0,20672182.0,3231086901.0,4495423.0
Africa,MDG,Madagascar,MG-MA,Matsiatra Ambony,405433.0,4590394241.0,984740829.0,0.0,0.0,1803507.0,33685892.0,5575135073.0,7697367.0
Africa,MDG,Madagascar,MG-ML,Melaky,116373.0,1405921741.0,310512644.0,0.0,0.0,412157.0,9890397.0,1716434376.0,2330181.0
Africa,MDG,Madagascar,MG-MN,Menabe,216817.0,2662920326.0,600603308.0,0.0,0.0,860610.0,18585065.0,3263523630.0,4418047.0
Africa,MDG,Madagascar,MG-SF,Sofia,448563.0,5242135359.0,1147420625.0,0.0,0.0,1979321.0,37731293.0,6389555971.0,8743863.0
Africa,MDG,Madagascar,MG-SV,Sava,337351.0,3889114665.0,842434298.0,0.0,0.0,1494785.0,28207980.0,4731548968.0,6506836.0
Africa,MDG,Madagascar,MG-VK,Vakinankaratra,594377.0,6823223266.0,1473251828.0,0.0,0.0,2636575.0,49616765.0,8296475081.0,11424695.0
Africa,MDG,Madagascar,MG-VT,Vatovavy,204447.0,2270553883.0,529247046.0,0.0,0.0,888132.0,17412952.0,2799800922.0,3793993.0
Africa,MLI,Mali,ML-01,Kayes,374239.0,3794287787.0,733423698.0,0.0,0.0,2315490.0,31688896.0,4527711483.0,5118909.0
Africa,MLI,Mali,ML-02,Koulikoro,283190.0,2779338195.0,558753818.0,0.0,0.0,1680553.0,24537967.0,3338092021.0,3903576.0
Africa,MLI,Mali,ML-03,Sikasso,299429.0,3146414069.0,604434623.0,0.0,0.0,1854745.0,25511507.0,3750848692.0,4234061.0
Africa,MLI,Mali,ML-04,Ségou,481555.0,4762776919.0,921696052.0,0.0,0.0,2975107.0,41334309.0,5684472955.0,5907393.0
Africa,MLI,Mali,ML-05,Mopti,212364.0,1824207326.0,370656314.0,0.0,0.0,1144947.0,18082371.0,2194863655.0,1870401.0
Africa,MLI,Mali,ML-06,Tombouctou,194295.0,1485486817.0,298619907.0,0.0,0.0,1189381.0,15620492.0,1784106713.0,1334184.0
Africa,MLI,Mali,ML-07,Gao,156330.0,1209307938.0,247363995.0,0.0,0.0,950626.0,12151152.0,1456671933.0,1094265.0
Africa,MLI,Mali,ML-08,Kidal,19768.0,146956395.0,30436901.0,0.0,0.0,93724.0,1404651.0,177393294.0,318698.0
Africa,MLI,Mali,ML-09,Ménaka,37547.0,290788116.0,59906990.0,0.0,0.0,227617.0,2916563.0,350695102.0,266718.0
Africa,MLI,Mali,ML-10,Taoudénit,2938.0,20611153.0,4076762.0,0.0,0.0,17869.0,230828.0,24687917.0,19009.0
Africa,MLI,Mali,ML-11,Nioro,113682.0,1014612588.0,191056191.0,0.0,0.0,706418.0,9544048.0,1205668775.0,1298465.0
Africa,MLI,Mali,ML-12,Kita,91966.0,839756737.0,158032676.0,0.0,0.0,571013.0,7712295.0,997789397.0,1094386.0
Africa,MLI,Mali,ML-13,Dioïla,125190.0,1108137529.0,212679523.0,0.0,0.0,749601.0,10709100.0,1320817052.0,1496714.0
Africa,MLI,Mali,ML-14,Nara,43252.0,379855198.0,72837830.0,0.0,0.0,257146.0,3671717.0,452693026.0,510363.0
Africa,MLI,Mali,ML-15,Bougouni,292222.0,2735972324.0,520121886.0,0.0,0.0,1812569.0,24824105.0,3256094207.0,3447008.0
Africa,MLI,Mali,ML-16,Koutiala,211857.0,2081508738.0,396251855.0,0.0,0.0,1313370.0,17972709.0,2477760588.0,2680811.0
Africa,MLI,Mali,ML-17,San,116458.0,1033009032.0,194218640.0,0.0,0.0,724164.0,9909257.0,1227227663.0,1179024.0
Africa,MLI,Mali,ML-18,Douentza,94280.0,769872591.0,155161627.0,0.0,0.0,508002.0,7955607.0,925034229.0,787737.0
Africa,MLI,Mali,ML-19,Bandiagara,96809.0,756291666.0,147041079.0,0.0,0.0,524767.0,8105873.0,903332754.0,755593.0
Africa,MLI,Mali,ML-BKO,Bamako,903290.0,13587101956.0,2529435925.0,0.0,0.0,5581685.0,76634727.0,16116537881.0,22727622.0
Africa,MOZ,Mozambique,MZ-A,Niassa,493679.0,7222402302.0,1506136114.0,0.0,0.0,2266156.0,40837379.0,8728538406.0,10003679.0
Africa,MOZ,Mozambique,MZ-B,Manica,536983.0,7763990357.0,1614797912.0,0.0,0.0,2468794.0,44279448.0,9378788265.0,10745043.0
Africa,MOZ,Mozambique,MZ-G,Gaza,399961.0,5677447053.0,1169362687.0,0.0,0.0,1847401.0,32749378.0,6846809744.0,7859249.0
Africa,MOZ,Mozambique,MZ-I,Inhambane,417854.0,6003902036.0,1244833841.0,0.0,0.0,1923629.0,34382203.0,7248735879.0,8315039.0
Africa,MOZ,Mozambique,MZ-L,Maputo Province,714184.0,9386879583.0,1954426832.0,0.0,0.0,3286336.0,58011871.0,11341306398.0,12937950.0
Africa,MOZ,Mozambique,MZ-MPM,Maputo City,148319.0,2992238669.0,606463898.0,0.0,0.0,689020.0,12874185.0,3598702579.0,4201807.0
Africa,MOZ,Mozambique,MZ-N,Nampula,1573722.0,22772034220.0,4727753948.0,0.0,0.0,7239856.0,129718806.0,27499788160.0,31546659.0
Africa,MOZ,Mozambique,MZ-P,Cabo Delgado,654098.0,9637391971.0,2010972099.0,0.0,0.0,3000372.0,54214351.0,11648364072.0,13372783.0
Africa,MOZ,Mozambique,MZ-Q,Zambézia,1437652.0,20460357042.0,4229118976.0,0.0,0.0,6630088.0,117950264.0,24689476020.0,28311325.0
Africa,MOZ,Mozambique,MZ-S,Sofala,629328.0,9043484710.0,1865902586.0,0.0,0.0,2903903.0,51681515.0,10909387298.0,12529750.0
Africa,MOZ,Mozambique,MZ-T,Tete,776919.0,11518268203.0,2421653248.0,0.0,0.0,3376096.0,64656287.0,13939921444.0,15958757.0
Africa,MRT,Mauritania,MR-01,Al-Hodh Al-Chargi,177629.0,4147366243.0,825381621.0,0.0,0.0,717096.0,15402224.0,4972747858.0,6500880.0
Africa,MRT,Mauritania,MR-02,Al-Hodh Al-Gharbi,92528.0,2160353485.0,431160922.0,0.0,0.0,365780.0,8034084.0,2591514405.0,3386233.0
Africa,MRT,Mauritania,MR-03,Al-Assaba,131479.0,3021971877.0,594549132.0,0.0,0.0,535087.0,11268192.0,3616521002.0,4722446.0
Africa,MRT,Mauritania,MR-04,Gorgol,112289.0,2608417191.0,518022202.0,0.0,0.0,454236.0,9706978.0,3126439388.0,4083565.0
Africa,MRT,Mauritania,MR-05,Al-Brakna,97750.0,2342451268.0,468988394.0,0.0,0.0,380712.0,8567854.0,2811439656.0,3662479.0
Africa,MRT,Mauritania,MR-06,Al-Trarza,104962.0,2244984432.0,437247176.0,0.0,0.0,430056.0,8777489.0,2682231592.0,3556411.0
Africa,MRT,Mauritania,MR-07,Adrar,21870.0,496363132.0,97028062.0,0.0,0.0,89182.0,1860332.0,593391192.0,777334.0
Africa,MRT,Mauritania,MR-08,Dakhlet Nouadhibou,39391.0,912537387.0,180827596.0,0.0,0.0,158764.0,3396972.0,1093364989.0,1430430.0
Africa,MRT,Mauritania,MR-09,Tagant,42568.0,963165234.0,187547811.0,0.0,0.0,174134.0,3612274.0,1150713054.0,1507557.0
Africa,MRT,Mauritania,MR-10,Guidimaka,87551.0,2065486218.0,414050775.0,0.0,0.0,326242.0,7648268.0,2479537004.0,3242581.0
Africa,MRT,Mauritania,MR-11,Tiris Zemmour,19044.0,435555917.0,85602011.0,0.0,0.0,77422.0,1628961.0,521157921.0,682232.0
Africa,MRT,Mauritania,MR-12,Inchiri,7003.0,161834840.0,32404305.0,0.0,0.0,20012.0,607214.0,194239130.0,256030.0
Africa,MRT,Mauritania,MR-13,Nouakchott-Ouest,62767.0,1926093772.0,383195576.0,0.0,0.0,252628.0,5853128.0,2309289355.0,2885741.0
Africa,MRT,Mauritania,MR-14,Nouakchott-Nord,180451.0,3893856919.0,772125983.0,0.0,0.0,729423.0,15325802.0,4665982909.0,6195405.0
Africa,MRT,Mauritania,MR-15,Nouakchott-Sud,150662.0,3522269599.0,709169469.0,0.0,0.0,604260.0,13197964.0,4231439062.0,5536836.0
Africa,MUS,Mauritius,MU-BL,Black River,25675.0,925973501.0,203037502.0,0.0,0.0,116900.0,2342206.0,1129010985.0,1027545.0
Africa,MUS,Mauritius,MU-FL,Flacq,40720.0,1463564757.0,320205092.0,0.0,0.0,158836.0,3705114.0,1783769853.0,1622727.0
Africa,MUS,Mauritius,MU-GP,Grand Port,32344.0,1167255738.0,255894792.0,0.0,0.0,113275.0,2951866.0,1423150520.0,1295037.0
Africa,MUS,Mauritius,MU-MO,Moka,24525.0,885736590.0,194277653.0,0.0,0.0,88143.0,2239779.0,1080014263.0,982991.0
Africa,MUS,Mauritius,MU-PA,Pamplemousses,40614.0,1466483949.0,321612588.0,0.0,0.0,160857.0,3707871.0,1788096550.0,1626687.0
Africa,MUS,Mauritius,MU-PL,Port Louis,29216.0,1055664885.0,231655638.0,0.0,0.0,64825.0,2668918.0,1287320520.0,1171539.0
Africa,MUS,Mauritius,MU-PW,Plaines Wilhems,99150.0,3597296160.0,790163035.0,0.0,0.0,355952.0,9082760.0,4387459177.0,3990919.0
Africa,MUS,Mauritius,MU-RO,Rodrigues Island,12095.0,434653947.0,95160071.0,0.0,0.0,43248.0,1100780.0,529814008.0,482951.0
Africa,MUS,Mauritius,MU-RR,Rivière du Rempart,30938.0,1115420434.0,244482326.0,0.0,0.0,99661.0,2821786.0,1359902764.0,1237443.0
Africa,MUS,Mauritius,MU-SA,Savanne,19485.0,707831848.0,155573671.0,0.0,0.0,66535.0,1786695.0,863405513.0,786204.0
Africa,MWI,Malawi,MW-BA,Balaka,206279.0,1315282813.0,251447145.0,0.0,0.0,957619.0,16562494.0,1566729952.0,3705034.0
Africa,MWI,Malawi,MW-BL,Blantyre,228440.0,2251607273.0,427983212.0,0.0,0.0,1071025.0,19287398.0,2679590491.0,4538061.0
Africa,MWI,Malawi,MW-CK,Chikwawa,203858.0,1450964087.0,286908226.0,0.0,0.0,941500.0,16688623.0,1737872306.0,3810895.0
Africa,MWI,Malawi,MW-CR,Chiradzulu,59869.0,511421412.0,96222053.0,0.0,0.0,278517.0,4919868.0,607643468.0,1124135.0
Africa,MWI,Malawi,MW-CT,Chitipa,64127.0,444709947.0,87383248.0,0.0,0.0,298854.0,5254965.0,532093193.0,1196182.0
Africa,MWI,Malawi,MW-DE,Dedza,207705.0,1582314527.0,302392841.0,0.0,0.0,964269.0,16978333.0,1884707377.0,3852889.0
Africa,MWI,Malawi,MW-DO,Dowa,246916.0,1751353992.0,337700041.0,0.0,0.0,1144567.0,20092617.0,2089054035.0,4565979.0
Africa,MWI,Malawi,MW-KR,Karonga,65035.0,628583138.0,118748949.0,0.0,0.0,303045.0,5425398.0,747332087.0,1254472.0
Africa,MWI,Malawi,MW-KS,Kasungu,353134.0,2209613925.0,431604397.0,0.0,0.0,1642052.0,28533663.0,2641218333.0,6408446.0
Africa,MWI,Malawi,MW-LI,Lilongwe,493817.0,4764051645.0,918849230.0,0.0,0.0,2300060.0,41673813.0,5682900881.0,9798699.0
Africa,MWI,Malawi,MW-LK,Likoma,4112.0,36465033.0,6832646.0,0.0,0.0,19102.0,339598.0,43297671.0,77099.0
Africa,MWI,Malawi,MW-MC,Mchinji,208893.0,1414093928.0,273454688.0,0.0,0.0,968427.0,16963232.0,1687548621.0,3852775.0
Africa,MWI,Malawi,MW-MG,Mangochi,467190.0,3241208386.0,633887917.0,0.0,0.0,2166586.0,38159926.0,3875096312.0,8687938.0
Africa,MWI,Malawi,MW-MH,Machinga,210319.0,1436608766.0,271247842.0,0.0,0.0,979902.0,16973839.0,1707856611.0,3789249.0
Africa,MWI,Malawi,MW-MU,Mulanje,129102.0,1079551460.0,208400142.0,0.0,0.0,600328.0,10676105.0,1287951606.0,2462716.0
Africa,MWI,Malawi,MW-MW,Mwanza,53002.0,347804272.0,66934958.0,0.0,0.0,246317.0,4275501.0,414739229.0,958935.0
Africa,MWI,Malawi,MW-MZ,Mzimba,354694.0,2596717201.0,502354899.0,0.0,0.0,1646155.0,28999293.0,3099072105.0,6617804.0
Africa,MWI,Malawi,MW-NB,Nkhata Bay,71925.0,538555994.0,103069185.0,0.0,0.0,335213.0,5892601.0,641625181.0,1337647.0
Africa,MWI,Malawi,MW-NE,Neno,83988.0,536562307.0,107859815.0,0.0,0.0,388274.0,6832057.0,644422118.0,1562796.0
Africa,MWI,Malawi,MW-NI,Ntchisi,119544.0,771116294.0,147637926.0,0.0,0.0,554749.0,9634470.0,918754226.0,2157746.0
Africa,MWI,Malawi,MW-NK,Nkhotakota,103579.0,751624555.0,144783958.0,0.0,0.0,481880.0,8445741.0,896408507.0,1914753.0
Africa,MWI,Malawi,MW-NS,Nsanje,79487.0,597637697.0,115702412.0,0.0,0.0,369306.0,6533213.0,713340118.0,1495456.0
Africa,MWI,Malawi,MW-NU,Ntcheu,196480.0,1374988343.0,265322786.0,0.0,0.0,911383.0,15988346.0,1640311130.0,3609439.0
Africa,MWI,Malawi,MW-PH,Phalombe,82147.0,653175809.0,122576533.0,0.0,0.0,384026.0,6728850.0,775752339.0,1519855.0
Africa,MWI,Malawi,MW-RU,Rumphi,60099.0,436683159.0,84947339.0,0.0,0.0,279368.0,4923970.0,521630498.0,1118313.0
Africa,MWI,Malawi,MW-SA,Salima,125180.0,955456331.0,188576042.0,0.0,0.0,580383.0,10327360.0,1144032368.0,2382013.0
Africa,MWI,Malawi,MW-TH,Thyolo,98604.0,890920870.0,169734800.0,0.0,0.0,461048.0,8223832.0,1060655662.0,1897334.0
Africa,MWI,Malawi,MW-ZO,Zomba,202226.0,1558491219.0,298535138.0,0.0,0.0,942146.0,16581948.0,1857026350.0,3785049.0
Africa,NAM,Namibia,NA-CA,Zambezi,29655.0,764934133.0,161893159.0,0.0,0.0,126924.0,2507384.0,926827283.0,680985.0
Africa,NAM,Namibia,NA-ER,Erongo,62612.0,1577490468.0,330907996.0,0.0,0.0,269860.0,5230265.0,1908398464.0,1393039.0
Africa,NAM,Namibia,NA-HA,Hardap,29952.0,747557572.0,155869963.0,0.0,0.0,129385.0,2489489.0,903427530.0,660234.0
Africa,NAM,Namibia,NA-KA,Kharas,24702.0,625235793.0,131622071.0,0.0,0.0,106167.0,2067386.0,756857856.0,552986.0
Africa,NAM,Namibia,NA-KE,Kavango East,52835.0,1357310554.0,286110050.0,0.0,0.0,226677.0,4459588.0,1643420596.0,1207691.0
Africa,NAM,Namibia,NA-KH,Khomas,138752.0,3507992270.0,735577119.0,0.0,0.0,597911.0,11613404.0,4243569397.0,3103398.0
Africa,NAM,Namibia,NA-KU,Kunene,31973.0,806325843.0,169147355.0,0.0,0.0,137672.0,2671402.0,975473186.0,713147.0
Africa,NAM,Namibia,NA-KW,Kavango West,18837.0,487265869.0,103381092.0,0.0,0.0,80344.0,1593952.0,590646959.0,434694.0
Africa,NAM,Namibia,NA-OD,Otjozondjupa,46131.0,1197582014.0,253485712.0,0.0,0.0,197314.0,3914769.0,1451067721.0,1068432.0
Africa,NAM,Namibia,NA-OH,Omaheke,22037.0,564571338.0,119263980.0,0.0,0.0,94448.0,1856406.0,683835333.0,501651.0
Africa,NAM,Namibia,NA-ON,Oshana,55105.0,1404240146.0,296161239.0,0.0,0.0,236802.0,4630987.0,1700401382.0,1243069.0
Africa,NAM,Namibia,NA-OS,Omusati,73524.0,1917003642.0,406880377.0,0.0,0.0,314062.0,6253818.0,2323884038.0,1711256.0
Africa,NAM,Namibia,NA-OT,Oshikoto,60438.0,1668530912.0,358809923.0,0.0,0.0,254326.0,5302687.0,2027340823.0,1521284.0
Africa,NAM,Namibia,NA-OW,Ohangwena,74718.0,1906498496.0,402161891.0,0.0,0.0,320937.0,6282976.0,2308660386.0,1688806.0
Africa,NER,Niger,NE-1,Agadez,116836.0,963617785.0,207547264.0,0.0,0.0,788048.0,9539032.0,1171165059.0,1678507.0
Africa,NER,Niger,NE-2,Diffa,176382.0,1431845628.0,305913298.0,0.0,0.0,921971.0,14320666.0,1737758936.0,2480075.0
Africa,NER,Niger,NE-3,Dosso,494085.0,4137234716.0,895036943.0,0.0,0.0,3276049.0,40521215.0,5032271659.0,7270185.0
Africa,NER,Niger,NE-4,Maradi,894625.0,7311487109.0,1566473551.0,0.0,0.0,5599059.0,72798618.0,8877960664.0,12693097.0
Africa,NER,Niger,NE-5,Tahoua,941536.0,7855258741.0,1697319444.0,0.0,0.0,5411013.0,77138235.0,9552578183.0,13766708.0
Africa,NER,Niger,NE-6,Tillabéri,747977.0,6164077869.0,1324239968.0,0.0,0.0,4540179.0,61015435.0,7488317845.0,10756680.0
Africa,NER,Niger,NE-7,Zinder,1031977.0,8346180515.0,1780008731.0,0.0,0.0,5843314.0,83685785.0,10126189253.0,14422179.0
Africa,NER,Niger,NE-8,Niamey,225920.0,1862584131.0,400983263.0,0.0,0.0,1538190.0,18442930.0,2263567411.0,3242022.0
Africa,NGA,Nigeria,NG-AB,Abia,921966.0,19787748632.0,3688221355.0,0.0,0.0,4455612.0,80534165.0,23475970008.0,27350678.0
Africa,NGA,Nigeria,NG-AD,Adamawa,1159971.0,13743081546.0,2972542748.0,0.0,0.0,5368501.0,89141450.0,16715624272.0,12408821.0
Africa,NGA,Nigeria,NG-AK,Akwa Ibom,1370659.0,25385869832.0,4903880126.0,0.0,0.0,6535416.0,115589089.0,30289749941.0,32155487.0
Africa,NGA,Nigeria,NG-AN,Anambra,1430964.0,27484923353.0,5223805825.0,0.0,0.0,6865564.0,121243723.0,32708729191.0,35937975.0
Africa,NGA,Nigeria,NG-BA,Bauchi,1667151.0,19226837505.0,4272998314.0,0.0,0.0,7698244.0,128186072.0,23499835835.0,16460636.0
Africa,NGA,Nigeria,NG-BE,Benue,1429074.0,19237033555.0,3994041560.0,0.0,0.0,6671864.0,112252117.0,23231075114.0,19563338.0
Africa,NGA,Nigeria,NG-BO,Borno,1653400.0,20200067365.0,4319659324.0,0.0,0.0,7693819.0,127356256.0,24519726683.0,19497622.0
Africa,NGA,Nigeria,NG-BY,Bayelsa,597096.0,9745514043.0,1952727851.0,0.0,0.0,2814577.0,48930796.0,11698241892.0,11639506.0
Africa,NGA,Nigeria,NG-CR,Cross River,933154.0,15368854848.0,3033267146.0,0.0,0.0,4419607.0,76327306.0,18402121983.0,18381369.0
Africa,NGA,Nigeria,NG-DE,Delta,1424488.0,26027399442.0,5050841726.0,0.0,0.0,6780201.0,119754951.0,31078241173.0,32873816.0
Africa,NGA,Nigeria,NG-EB,Ebonyi,775736.0,10525036178.0,2192870639.0,0.0,0.0,3609215.0,61132749.0,12717906783.0,10772743.0
Africa,NGA,Nigeria,NG-ED,Edo,1085816.0,22007185005.0,4225035217.0,0.0,0.0,5165992.0,94047097.0,26232220206.0,28937266.0
Africa,NGA,Nigeria,NG-EK,Ekiti,860542.0,17946468793.0,3391258141.0,0.0,0.0,4138797.0,74837028.0,21337726932.0,23978981.0
Africa,NGA,Nigeria,NG-EN,Enugu,1068967.0,19599227313.0,3779435423.0,0.0,0.0,5092517.0,89767528.0,23378662728.0,24921104.0
Africa,NGA,Nigeria,NG-FC,Abuja,1089793.0,22113688955.0,4203155879.0,0.0,0.0,5218650.0,94126566.0,26316844835.0,29248307.0
Africa,NGA,Nigeria,NG-GO,Gombe,803113.0,9539625118.0,2073085785.0,0.0,0.0,3717398.0,61819473.0,11612710908.0,8614193.0
Africa,NGA,Nigeria,NG-IM,Imo,1343832.0,27127259597.0,5129237861.0,0.0,0.0,6451477.0,115567034.0,32256497467.0,36366063.0
Africa,NGA,Nigeria,NG-JI,Jigawa,1451620.0,15318414993.0,3493214126.0,0.0,0.0,6667789.0,110018805.0,18811629133.0,11671490.0
Africa,NGA,Nigeria,NG-KD,Kaduna,2146183.0,30412337929.0,6213695865.0,0.0,0.0,10056585.0,170002905.0,36626033799.0,32855786.0
Africa,NGA,Nigeria,NG-KE,Kebbi,1112729.0,11959536016.0,2674780602.0,0.0,0.0,5130139.0,84215644.0,14634316607.0,9449733.0
Africa,NGA,Nigeria,NG-KN,Kano,3382960.0,42766316561.0,9109551786.0,0.0,0.0,15740335.0,263148832.0,51875868355.0,40898164.0
Africa,NGA,Nigeria,NG-KO,Kogi,1155892.0,21078214143.0,4052066724.0,0.0,0.0,5518490.0,96716170.0,25130280871.0,26712895.0
Africa,NGA,Nigeria,NG-KT,Katsina,2021641.0,23585124875.0,5151877550.0,0.0,0.0,9347671.0,155183412.0,28737002428.0,20649254.0
Africa,NGA,Nigeria,NG-KW,Kwara,821115.0,15724365449.0,3020378338.0,0.0,0.0,3923006.0,69812657.0,18744743792.0,20221362.0
Africa,NGA,Nigeria,NG-LA,Lagos,2642637.0,63399186388.0,11698230643.0,0.0,0.0,12884810.0,239616088.0,75097417050.0,89851315.0
Africa,NGA,Nigeria,NG-NA,Nasarawa,787873.0,11725294031.0,2357455745.0,0.0,0.0,3703880.0,62800943.0,14082749775.0,13194677.0
Africa,NGA,Nigeria,NG-NI,Niger,1445103.0,21571187552.0,4390383359.0,0.0,0.0,6762680.0,116074556.0,25961570897.0,24061641.0
Africa,NGA,Nigeria,NG-OG,Ogun,2272621.0,48556067297.0,9023252922.0,0.0,0.0,11072076.0,197590931.0,57579320222.0,65517319.0
Africa,NGA,Nigeria,NG-ON,Ondo,1137263.0,21347960631.0,4156156540.0,0.0,0.0,5418157.0,96609110.0,25504117180.0,26994210.0
Africa,NGA,Nigeria,NG-OS,Osun,1141490.0,22846774213.0,4336439619.0,0.0,0.0,5482990.0,98126661.0,27183213830.0,30098158.0
Africa,NGA,Nigeria,NG-OY,Oyo,2048536.0,40445722369.0,7742025185.0,0.0,0.0,9804349.0,175762695.0,48187747573.0,52553488.0
Africa,NGA,Nigeria,NG-PL,Plateau,1074476.0,15114191254.0,3101321405.0,0.0,0.0,5024508.0,85152079.0,18215512661.0,16032375.0
Africa,NGA,Nigeria,NG-RI,Rivers,1937798.0,38431315550.0,7279973940.0,0.0,0.0,9313779.0,165628128.0,45711289499.0,51221546.0
Africa,NGA,Nigeria,NG-SO,Sokoto,1270293.0,14665964344.0,3227283390.0,0.0,0.0,5870491.0,97510053.0,17893247724.0,12026601.0
Africa,NGA,Nigeria,NG-TA,Taraba,759873.0,9782022836.0,2080715973.0,0.0,0.0,3524248.0,59421470.0,11862738818.0,9586519.0
Africa,NGA,Nigeria,NG-YO,Yobe,936962.0,10383706420.0,2344224548.0,0.0,0.0,4312396.0,71585674.0,12727930962.0,8758463.0
Africa,NGA,Nigeria,NG-ZA,Zamfara,1145746.0,11847377632.0,2697453242.0,0.0,0.0,5271966.0,86307153.0,14544830881.0,8593400.0
Africa,RWA,Rwanda,RW-01,Kigali City,424031.0,3302691425.0,755110245.0,0.0,0.0,1932886.0,34026535.0,4057801669.0,3855183.0
Africa,RWA,Rwanda,RW-02,Eastern Province,1095121.0,8365406161.0,1881468900.0,0.0,0.0,3905727.0,88239428.0,10246875056.0,10116954.0
Africa,RWA,Rwanda,RW-03,Northern Province,529046.0,3920882714.0,850081248.0,0.0,0.0,2245438.0,43023482.0,4770963958.0,5514149.0
Africa,RWA,Rwanda,RW-04,Western Province,795193.0,5697006402.0,1200260079.0,0.0,0.0,3183172.0,66559510.0,6897266464.0,9599632.0
Africa,RWA,Rwanda,RW-05,Southern Province,848902.0,6343806406.0,1413980300.0,0.0,0.0,3302116.0,68381708.0,7757786702.0,7915555.0
Africa,SDN,Sudan,SD-DC,Central Darfur,148850.0,2140320091.0,461802519.0,0.0,0.0,887358.0,12395270.0,2602122620.0,2811220.0
Africa,SDN,Sudan,SD-DE,East Darfur,398995.0,6073359728.0,1358473167.0,0.0,0.0,1623957.0,34288623.0,7431832890.0,8112295.0
Africa,SDN,Sudan,SD-DN,North Darfur,589793.0,8813096427.0,1956663337.0,0.0,0.0,2493038.0,50197882.0,10769759748.0,11644155.0
Africa,SDN,Sudan,SD-DS,South Darfur,823254.0,12245972250.0,2711104869.0,0.0,0.0,4850848.0,69893139.0,14957077119.0,16155871.0
Africa,SDN,Sudan,SD-DW,West Darfur,219135.0,3044864362.0,645014790.0,0.0,0.0,1320624.0,17927993.0,3689879150.0,3924342.0
Africa,SDN,Sudan,SD-GD,Gedaref,437389.0,6096053094.0,1290980576.0,0.0,0.0,2634265.0,35829278.0,7387033675.0,7886122.0
Africa,SDN,Sudan,SD-GK,West Kordofan,399230.0,5749848754.0,1245757782.0,0.0,0.0,2378558.0,33292546.0,6995606522.0,7516004.0
Africa,SDN,Sudan,SD-GZ,Gezira,1000960.0,14301143498.0,3087116702.0,0.0,0.0,5978788.0,83131515.0,17388260186.0,18601710.0
Africa,SDN,Sudan,SD-KA,Kassala,576351.0,8252640877.0,1784860866.0,0.0,0.0,3439917.0,47928145.0,10037501717.0,10736204.0
Africa,SDN,Sudan,SD-KH,Khartoum,1812746.0,25897326809.0,5581737227.0,0.0,0.0,10830030.0,150509933.0,31479064025.0,33748091.0
Africa,SDN,Sudan,SD-KN,North Kordofan,492868.0,7762461962.0,1759278948.0,0.0,0.0,2220706.0,43125318.0,9521740909.0,10570764.0
Africa,SDN,Sudan,SD-KS,South Kordofan,246644.0,3492933431.0,747448020.0,0.0,0.0,1477916.0,20377291.0,4240381444.0,4547140.0
Africa,SDN,Sudan,SD-NB,Blue Nile,211371.0,3092002186.0,678813648.0,0.0,0.0,1252190.0,17786235.0,3770815840.0,4046546.0
Africa,SDN,Sudan,SD-NO,Northern,193172.0,2796865297.0,608677723.0,0.0,0.0,1148768.0,16158489.0,3405543030.0,3657784.0
Africa,SDN,Sudan,SD-NR,River Nile,283177.0,4160352858.0,913378682.0,0.0,0.0,1675788.0,23875629.0,5073731540.0,5471443.0
Africa,SDN,Sudan,SD-NW,White Nile,534737.0,7748821407.0,1685008182.0,0.0,0.0,3179534.0,44739751.0,9433829587.0,10154062.0
Africa,SDN,Sudan,SD-RS,Red Sea,433045.0,6477583228.0,1438755313.0,0.0,0.0,1593932.0,36877417.0,7916338534.0,8563808.0
Africa,SDN,Sudan,SD-SI,Sennar,445906.0,6279023029.0,1342577651.0,0.0,0.0,2675944.0,36744609.0,7621600671.0,8124739.0
Africa,SEN,Senegal,SN-DB,Diourbel,246699.0,5392766730.0,1025580590.0,0.0,0.0,2225195.0,22520920.0,6418347305.0,11051131.0
Africa,SEN,Senegal,SN-DK,Dakar,450938.0,9953804061.0,1903554499.0,0.0,0.0,4050075.0,41397541.0,11857358553.0,20376708.0
Africa,SEN,Senegal,SN-FK,Fatick,104162.0,2311941625.0,443257644.0,0.0,0.0,933430.0,9589242.0,2755199275.0,4729483.0
Africa,SEN,Senegal,SN-KA,Kaffrine,93853.0,2027715163.0,383685749.0,0.0,0.0,849949.0,8517245.0,2411400903.0,4165301.0
Africa,SEN,Senegal,SN-KD,Kolda,106822.0,2312039881.0,437969055.0,0.0,0.0,966478.0,9703515.0,2750008944.0,4748394.0
Africa,SEN,Senegal,SN-KE,Kédougou,29044.0,617197683.0,115857931.0,0.0,0.0,264072.0,2609829.0,733055626.0,1272130.0
Africa,SEN,Senegal,SN-KL,Kaolack,155510.0,3396868430.0,645919686.0,0.0,0.0,1402790.0,14191701.0,4042788123.0,6963558.0
Africa,SEN,Senegal,SN-LG,Louga,133718.0,2951268641.0,564167887.0,0.0,0.0,1201177.0,12271876.0,3515436538.0,6041473.0
Africa,SEN,Senegal,SN-MT,Matam,98066.0,2099786650.0,395485775.0,0.0,0.0,891088.0,8856414.0,2495272420.0,4318802.0
Africa,SEN,Senegal,SN-SE,Sédhiou,68470.0,1483152966.0,281249446.0,0.0,0.0,619134.0,6224901.0,1764402407.0,3047341.0
Africa,SEN,Senegal,SN-SL,Saint-Louis,138860.0,3006833826.0,569878363.0,0.0,0.0,1256030.0,12619786.0,3576712202.0,6175762.0
Africa,SEN,Senegal,SN-TC,Tambacounda,115480.0,2469733013.0,465026101.0,0.0,0.0,1049574.0,10424507.0,2934759109.0,5081384.0
Africa,SEN,Senegal,SN-TH,Thiès,287854.0,6285750365.0,1195029291.0,0.0,0.0,2597180.0,26265756.0,7480779653.0,12884497.0
Africa,SEN,Senegal,SN-ZG,Ziguinchor,75118.0,1644109255.0,313570450.0,0.0,0.0,625793.0,6867818.0,1957679700.0,3373312.0
Africa,SLE,Sierra Leone,SL-E,Eastern Province,397064.0,4922302204.0,1041281182.0,0.0,0.0,2336402.0,33676948.0,5963583386.0,9542364.0
Africa,SLE,Sierra Leone,SL-N,Northern Province,267006.0,3327583302.0,705350726.0,0.0,0.0,1561454.0,22828552.0,4032934029.0,6414069.0
Africa,SLE,Sierra Leone,SL-NW,North Western Province,238922.0,3081280206.0,665969544.0,0.0,0.0,1389022.0,20616139.0,3747249747.0,6043780.0
Africa,SLE,Sierra Leone,SL-S,Southern Province,374593.0,4571030342.0,963531372.0,0.0,0.0,2213665.0,31562246.0,5534561721.0,8786171.0
Africa,SLE,Sierra Leone,SL-W,Western Area,291445.0,3614564126.0,769686610.0,0.0,0.0,1319241.0,24799304.0,4384250743.0,6950208.0
Africa,SOM,Somalia,SO-AW,Awdal,111356.0,1390279257.0,265555258.0,0.0,0.0,669295.0,8258326.0,1655834529.0,1610693.0
Africa,SOM,Somalia,SO-BK,Bakool,109083.0,1370917468.0,262725966.0,0.0,0.0,567547.0,8107785.0,1633643438.0,1590145.0
Africa,SOM,Somalia,SO-BN,Banaadir,326341.0,4098873928.0,784918894.0,0.0,0.0,1959446.0,24250285.0,4883792818.0,4752431.0
Africa,SOM,Somalia,SO-BR,Bari,216123.0,2663788513.0,504180831.0,0.0,0.0,1303031.0,15944043.0,3167969344.0,3081422.0
Africa,SOM,Somalia,SO-BY,Bay,220085.0,2750203072.0,525811769.0,0.0,0.0,1322328.0,16329580.0,3276014835.0,3185403.0
Africa,SOM,Somalia,SO-GA,Galguduud,142978.0,1779760736.0,339017129.0,0.0,0.0,860101.0,10588010.0,2118777862.0,2061625.0
Africa,SOM,Somalia,SO-GE,Gedo,152377.0,1878602721.0,356209003.0,0.0,0.0,918285.0,11248820.0,2234811702.0,2172092.0
Africa,SOM,Somalia,SO-HI,Hiiraan,115604.0,1445633548.0,276510067.0,0.0,0.0,556090.0,8579947.0,1722143615.0,1674992.0
Africa,SOM,Somalia,SO-JD,Jubbada Dhexe,84840.0,1109643775.0,215812452.0,0.0,0.0,455277.0,6382110.0,1325456230.0,1297921.0
Africa,SOM,Somalia,SO-JH,Jubbada Hoose,202176.0,2481912567.0,469251037.0,0.0,0.0,1219559.0,14899852.0,2951163615.0,2868036.0
Africa,SOM,Somalia,SO-MU,Mudug,257861.0,3152632419.0,593544403.0,0.0,0.0,1557488.0,18964396.0,3746176824.0,3642769.0
Africa,SOM,Somalia,SO-NU,Nugaal,110759.0,1346783555.0,252655814.0,0.0,0.0,669476.0,8126540.0,1599439379.0,1555322.0
Africa,SOM,Somalia,SO-SA,Sanaag,95482.0,1191640329.0,227747435.0,0.0,0.0,453248.0,7081612.0,1419387770.0,1380093.0
Africa,SOM,Somalia,SO-SD,Shabeellaha Dhexe,181760.0,2284860125.0,437833503.0,0.0,0.0,1054310.0,13510333.0,2722693630.0,2649678.0
Africa,SOM,Somalia,SO-SH,Shabeellaha Hoose,510864.0,6266013212.0,1182849365.0,0.0,0.0,3082954.0,37626047.0,7448862556.0,7240379.0
Africa,SOM,Somalia,SO-SO,Sool,96220.0,1171402504.0,220303809.0,0.0,0.0,581363.0,7068508.0,1391706311.0,1352096.0
Africa,SOM,Somalia,SO-TO,Togdheer,151748.0,1927787037.0,370687021.0,0.0,0.0,909416.0,11313069.0,2298474051.0,2241756.0
Africa,SOM,Somalia,SO-WO,Woqooyi Galbeed,252713.0,3195357730.0,613498124.0,0.0,0.0,1515530.0,18816257.0,3808855838.0,3710180.0
Africa,SSD,South Sudan,SS-BN,Northern Bahr el Ghazal,112366.0,1707760281.0,386559146.0,0.0,0.0,918395.0,9247996.0,2094319429.0,1877069.0
Africa,SSD,South Sudan,SS-BW,Western Bahr el Ghazal,59540.0,939973943.0,218276092.0,0.0,0.0,658753.0,4956296.0,1158250023.0,1023531.0
Africa,SSD,South Sudan,SS-EC,Central Equatoria,221515.0,3615077423.0,852817165.0,0.0,0.0,1539052.0,18627706.0,4467894595.0,3914452.0
Africa,SSD,South Sudan,SS-EE,Eastern Equatoria,785929.0,12271093680.0,2836273724.0,0.0,0.0,1103332.0,65249232.0,15107367415.0,13366386.0
Africa,SSD,South Sudan,SS-EW,Western Equatoria,122364.0,1895026126.0,436396845.0,0.0,0.0,944993.0,10134514.0,2331422975.0,2066696.0
Africa,SSD,South Sudan,SS-JG,Jonglei,290389.0,4629789130.0,1074691562.0,0.0,0.0,1967158.0,24234214.0,5704480701.0,5047233.0
Africa,SSD,South Sudan,SS-LK,Lakes,138492.0,2339266581.0,553304929.0,0.0,0.0,1228104.0,11744461.0,2892571515.0,2543103.0
Africa,SSD,South Sudan,SS-NU,Upper Nile,203686.0,3270024550.0,762307523.0,0.0,0.0,1461609.0,17034602.0,4032332074.0,3558932.0
Africa,SSD,South Sudan,SS-UY,Unity,146850.0,2332759020.0,539131161.0,0.0,0.0,1085974.0,12237307.0,2871890176.0,2549212.0
Africa,SSD,South Sudan,SS-WR,Warrap,174066.0,2564383566.0,572409877.0,0.0,0.0,1281417.0,14205308.0,3136793451.0,2827425.0
Africa,STP,São Tomé and Príncipe,ST-01,Água Grande,26641.0,782884733.0,153433085.0,0.0,0.0,110315.0,2277941.0,936317818.0,587489.0
Africa,STP,São Tomé and Príncipe,ST-02,Cantagalo,4291.0,90210998.0,18652251.0,0.0,0.0,17311.0,354523.0,108863248.0,68405.0
Africa,STP,São Tomé and Príncipe,ST-03,Caué,1538.0,25631408.0,5409691.0,0.0,0.0,6261.0,125342.0,31041102.0,18644.0
Africa,STP,São Tomé and Príncipe,ST-04,Lembá,2780.0,68808189.0,13399171.0,0.0,0.0,11386.0,226931.0,82207355.0,52118.0
Africa,STP,São Tomé and Príncipe,ST-05,Lobata,6133.0,110478661.0,23182239.0,0.0,0.0,24828.0,502954.0,133660902.0,81968.0
Africa,STP,São Tomé and Príncipe,ST-06,Mé-Zóchi,14607.0,363990841.0,71203081.0,0.0,0.0,60018.0,1202969.0,435193928.0,270104.0
Africa,STP,São Tomé and Príncipe,ST-P,Príncipe,2475.0,60660105.0,11779103.0,0.0,0.0,10136.0,201297.0,72439200.0,44783.0
Africa,SWZ,Eswatini,SZ-HH,Hhohho,101484.0,2015702678.0,408163194.0,0.0,0.0,368337.0,8662654.0,2423865877.0,3642884.0
Africa,SWZ,Eswatini,SZ-LU,Lubombo,72215.0,1424894481.0,287533991.0,0.0,0.0,245763.0,6140520.0,1712428473.0,2573590.0
Africa,SWZ,Eswatini,SZ-MA,Manzini,112464.0,2239919632.0,454256421.0,0.0,0.0,409348.0,9615871.0,2694176054.0,4049357.0
Africa,SWZ,Eswatini,SZ-SH,Shiselweni,64169.0,1276066414.0,258580679.0,0.0,0.0,232721.0,5480834.0,1534647112.0,2308478.0
Africa,SYC,Seychelles,SC-01,Anse aux Pins,1435.0,63917771.0,13413508.0,0.0,0.0,5219.0,114418.0,77331285.0,43673.0
Africa,SYC,Seychelles,SC-02,Anse Boileau,1770.0,77951911.0,16292301.0,0.0,0.0,6478.0,140159.0,94244214.0,53247.0
Africa,SYC,Seychelles,SC-03,Anse Étoile,1964.0,88596445.0,18433659.0,0.0,0.0,7200.0,157068.0,107030110.0,60990.0
Africa,SYC,Seychelles,SC-04,Au Cap,1926.0,90599660.0,19428646.0,0.0,0.0,7027.0,160887.0,110028307.0,62857.0
Africa,SYC,Seychelles,SC-05,Anse Royale,1934.0,90306968.0,18884890.0,0.0,0.0,7040.0,157149.0,109191855.0,62791.0
Africa,SYC,Seychelles,SC-06,Baie Lazare,1863.0,85454029.0,18051113.0,0.0,0.0,6765.0,151329.0,103505141.0,58841.0
Africa,SYC,Seychelles,SC-07,Baie Sainte-Anne,1647.0,79342655.0,17260602.0,0.0,0.0,5920.0,140220.0,96603251.0,55323.0
Africa,SYC,Seychelles,SC-08,Beau Vallon,2490.0,107733533.0,23046402.0,0.0,0.0,9105.0,198929.0,130779935.0,72246.0
Africa,SYC,Seychelles,SC-09,Bel Air,1223.0,54641240.0,11343288.0,0.0,0.0,4443.0,96811.0,65984533.0,37554.0
Africa,SYC,Seychelles,SC-10,Bel Ombre,1404.0,65831125.0,13535649.0,0.0,0.0,5112.0,112644.0,79366767.0,45695.0
Africa,SYC,Seychelles,SC-11,Cascade,2264.0,103498572.0,21854240.0,0.0,0.0,8324.0,184597.0,125352805.0,71199.0
Africa,SYC,Seychelles,SC-12,Glacis,1458.0,65547398.0,13821811.0,0.0,0.0,5296.0,117259.0,79369209.0,44999.0
Africa,SYC,Seychelles,SC-13,Grand'Anse Mahé,1407.0,63149414.0,13309407.0,0.0,0.0,5080.0,112519.0,76458824.0,43455.0
Africa,SYC,Seychelles,SC-14,Grand'Anse Praslin,1417.0,64017211.0,13614762.0,0.0,0.0,5104.0,114331.0,77631971.0,44032.0
Africa,SYC,Seychelles,SC-15,La Digue,1541.0,69021550.0,14563276.0,0.0,0.0,5529.0,123641.0,83584825.0,47555.0
Africa,SYC,Seychelles,SC-16,La Rivière Anglaise,1603.0,73140245.0,15524082.0,0.0,0.0,5824.0,130347.0,88664328.0,50316.0
Africa,SYC,Seychelles,SC-17,Mont Buxton,647.0,31622246.0,6327209.0,0.0,0.0,2376.0,52134.0,37949456.0,22621.0
Africa,SYC,Seychelles,SC-18,Mont Fleuri,1937.0,89635350.0,18537037.0,0.0,0.0,7071.0,155497.0,108172383.0,61381.0
Africa,SYC,Seychelles,SC-19,Plaisance,687.0,24970268.0,5504220.0,0.0,0.0,2541.0,52090.0,30474488.0,16231.0
Africa,SYC,Seychelles,SC-20,Pointe La Rue,1343.0,60234122.0,12680680.0,0.0,0.0,4887.0,107724.0,72914797.0,41228.0
Africa,SYC,Seychelles,SC-21,Port Glaud,1475.0,61697072.0,12913402.0,0.0,0.0,5257.0,114575.0,74610474.0,41552.0
Africa,SYC,Seychelles,SC-22,Saint-Louis,346.0,12944681.0,2826867.0,0.0,0.0,1266.0,26285.0,15771548.0,8249.0
Africa,SYC,Seychelles,SC-23,Takamaka,609.0,23619851.0,5167494.0,0.0,0.0,2223.0,47250.0,28787349.0,15207.0
Africa,SYC,Seychelles,SC-24,Les Mamelles,821.0,39680414.0,8431291.0,0.0,0.0,3339.0,67809.0,48111698.0,27579.0
Africa,SYC,Seychelles,SC-25,Roche Caïman,905.0,40215222.0,8544128.0,0.0,0.0,4359.0,72792.0,48759350.0,28224.0
Africa,TCD,Chad,TD-BA,Batha,148461.0,1217989259.0,229721577.0,0.0,0.0,880496.0,11197077.0,1447710847.0,1651486.0
Africa,TCD,Chad,TD-BG,Bahr el Ghazal,80729.0,674653523.0,128834981.0,0.0,0.0,476525.0,6127813.0,803488511.0,912704.0
Africa,TCD,Chad,TD-BO,Borkou,40655.0,336694303.0,64173367.0,0.0,0.0,180878.0,3080581.0,400867658.0,454469.0
Africa,TCD,Chad,TD-CB,Chari-Baguirmi,200599.0,1668292264.0,316220220.0,0.0,0.0,1187508.0,15183100.0,1984512498.0,2266382.0
Africa,TCD,Chad,TD-EE,Ennedi-Est,37749.0,316046700.0,60566633.0,0.0,0.0,172224.0,2870550.0,376613336.0,427066.0
Africa,TCD,Chad,TD-EO,Ennedi-Ouest,22342.0,185806195.0,35523499.0,0.0,0.0,113697.0,1695360.0,221329703.0,251305.0
Africa,TCD,Chad,TD-GR,Guéra,135445.0,1169188867.0,227371039.0,0.0,0.0,794822.0,10391257.0,1396559903.0,1579012.0
Africa,TCD,Chad,TD-HL,Hadjer Lamis,192581.0,1587126266.0,299022427.0,0.0,0.0,1142253.0,14530782.0,1886148689.0,2158629.0
Africa,TCD,Chad,TD-KA,Kanem,109979.0,914061538.0,173775899.0,0.0,0.0,650385.0,8331789.0,1087837438.0,1237679.0
Africa,TCD,Chad,TD-LC,Lac,120995.0,1014466673.0,193825889.0,0.0,0.0,714449.0,9192955.0,1208292551.0,1373142.0
Africa,TCD,Chad,TD-LO,Logone-Occidental,241395.0,1970675003.0,369125731.0,0.0,0.0,1434688.0,18157753.0,2339800727.0,2681715.0
Africa,TCD,Chad,TD-LR,Logone-Oriental,236399.0,1990469893.0,380969162.0,0.0,0.0,1395562.0,17976207.0,2371439063.0,2695945.0
Africa,TCD,Chad,TD-MA,Mandoul,201729.0,1658582613.0,312716174.0,0.0,0.0,1196638.0,15217526.0,1971298783.0,2251928.0
Africa,TCD,Chad,TD-MC,Moyen-Chari,195072.0,1594985614.0,299682702.0,0.0,0.0,1158490.0,14688938.0,1894668307.0,2166518.0
Africa,TCD,Chad,TD-ME,Mayo-Kebbi-Est,246342.0,2009532340.0,377470000.0,0.0,0.0,1463472.0,18538715.0,2387002334.0,2727616.0
Africa,TCD,Chad,TD-MO,Mayo-Kebbi-Ouest,183300.0,1513167073.0,285712533.0,0.0,0.0,1086550.0,13842036.0,1798879608.0,2055789.0
Africa,TCD,Chad,TD-ND,N'Djamena,326844.0,2697323727.0,506238279.0,0.0,0.0,1945108.0,24704157.0,3203562000.0,4054016.0
Africa,TCD,Chad,TD-OD,Ouaddaï,232686.0,1938538556.0,369297631.0,0.0,0.0,1376188.0,17638910.0,2307836195.0,2624112.0
Africa,TCD,Chad,TD-SA,Salamat,97029.0,796332367.0,149948148.0,0.0,0.0,575344.0,7315071.0,946280512.0,1081587.0
Africa,TCD,Chad,TD-SI,Sila,122454.0,1034671900.0,198378520.0,0.0,0.0,722018.0,9325237.0,1233050432.0,1400984.0
Africa,TCD,Chad,TD-TA,Tandjilé,217004.0,1810882398.0,343257673.0,0.0,0.0,1284346.0,16435772.0,2154140084.0,2463602.0
Africa,TCD,Chad,TD-TI,Tibesti,10934.0,89813188.0,17051158.0,0.0,0.0,49011.0,826447.0,106864344.0,121280.0
Africa,TCD,Chad,TD-WF,Wadi Fira,183624.0,1612179098.0,316065731.0,0.0,0.0,1003033.0,14161997.0,1928244824.0,2176847.0
Africa,TGO,Togo,TG-C,Centrale,215200.0,2849380901.0,608893121.0,0.0,0.0,963985.0,18123559.0,3458274026.0,3955036.0
Africa,TGO,Togo,TG-K,Kara,255594.0,3423166894.0,733851371.0,0.0,0.0,1141846.0,21618636.0,4157018262.0,4785036.0
Africa,TGO,Togo,TG-M,Maritime,957842.0,12695334738.0,2716222564.0,0.0,0.0,4288218.0,80735986.0,15411557284.0,17624360.0
Africa,TGO,Togo,TG-P,Plateaux,429840.0,5719303478.0,1225862404.0,0.0,0.0,1922086.0,36297322.0,6945165887.0,7957135.0
Africa,TGO,Togo,TG-S,Savanes,313357.0,4132336046.0,881225207.0,0.0,0.0,1405478.0,26337640.0,5013561253.0,5723703.0
Africa,TUN,Tunisia,TN-11,Tunis,274810.0,8326178599.0,1653771921.0,0.0,0.0,1125577.0,27736261.0,9979950511.0,10686862.0
Africa,TUN,Tunisia,TN-12,Ariana,196759.0,6062674581.0,1219311981.0,0.0,0.0,700790.0,20145531.0,7281986547.0,7817319.0
Africa,TUN,Tunisia,TN-13,Ben Arous,183390.0,5573156239.0,1109521522.0,0.0,0.0,749770.0,18556971.0,6682677766.0,7159442.0
Africa,TUN,Tunisia,TN-14,Manouba,117958.0,3638483932.0,732326079.0,0.0,0.0,443970.0,12087572.0,4370809996.0,4693627.0
Africa,TUN,Tunisia,TN-21,Nabeul,222923.0,6818862280.0,1363135606.0,0.0,0.0,908223.0,22680592.0,8181997898.0,8775355.0
Africa,TUN,Tunisia,TN-22,Zaghouan,49172.0,1516643755.0,305156843.0,0.0,0.0,199289.0,5039216.0,1821800597.0,1957116.0
Africa,TUN,Tunisia,TN-23,Banzart,153680.0,4705294700.0,941889227.0,0.0,0.0,625657.0,15649376.0,5647183933.0,6056344.0
Africa,TUN,Tunisia,TN-31,Béja,79383.0,2436023273.0,488201077.0,0.0,0.0,322699.0,8098680.0,2924224333.0,3138446.0
Africa,TUN,Tunisia,TN-32,Jendouba,103822.0,3167775633.0,632506963.0,0.0,0.0,423496.0,10541774.0,3800282599.0,4074397.0
Africa,TUN,Tunisia,TN-33,Kef,63409.0,1930737319.0,384960928.0,0.0,0.0,258851.0,6427479.0,2315698240.0,2482677.0
Africa,TUN,Tunisia,TN-34,Siliana,58777.0,1794701030.0,358386849.0,0.0,0.0,239539.0,5971376.0,2153087882.0,2309683.0
Africa,TUN,Tunisia,TN-41,Kairouan,143795.0,4508331734.0,914632883.0,0.0,0.0,505962.0,14934088.0,5422964631.0,5840684.0
Africa,TUN,Tunisia,TN-42,Kasserine,112778.0,3477150223.0,699626755.0,0.0,0.0,455989.0,11553023.0,4176776989.0,4484977.0
Africa,TUN,Tunisia,TN-43,Sidi Bouzid,111752.0,3432300353.0,689233809.0,0.0,0.0,427293.0,11411978.0,4121534185.0,4422375.0
Africa,TUN,Tunisia,TN-51,Sousse,194401.0,6000086578.0,1207747691.0,0.0,0.0,785099.0,19931580.0,7207834286.0,7740183.0
Africa,TUN,Tunisia,TN-52,Monastir,171283.0,5188999768.0,1030011411.0,0.0,0.0,701612.0,17284137.0,6219011177.0,6660339.0
Africa,TUN,Tunisia,TN-53,Mahdia,146115.0,4386090963.0,860880473.0,0.0,0.0,602378.0,14622066.0,5246971427.0,5616921.0
Africa,TUN,Tunisia,TN-61,Sfax,262867.0,8044285995.0,1609628301.0,0.0,0.0,1070420.0,26756444.0,9653914279.0,10353360.0
Africa,TUN,Tunisia,TN-71,Gafsa,105304.0,3172662357.0,626527204.0,0.0,0.0,432771.0,10575489.0,3799189569.0,4066908.0
Africa,TUN,Tunisia,TN-72,Tozeur,28421.0,871839193.0,175128919.0,0.0,0.0,106757.0,2899960.0,1046968112.0,1123826.0
Africa,TUN,Tunisia,TN-73,Kebili,48268.0,1454592914.0,287769074.0,0.0,0.0,198110.0,4849496.0,1742361996.0,1865475.0
Africa,TUN,Tunisia,TN-81,Gabis,113321.0,3438342224.0,682731276.0,0.0,0.0,463875.0,11449388.0,4121073506.0,4415925.0
Africa,TUN,Tunisia,TN-82,Mdenine,128638.0,3956063730.0,794298923.0,0.0,0.0,522347.0,13148454.0,4750362642.0,5098629.0
Africa,TUN,Tunisia,TN-83,Tataouine,38133.0,1181794391.0,238466301.0,0.0,0.0,78086.0,3923664.0,1420260693.0,1527074.0
Africa,TZA,Tanzania,TZ-01,Arusha,563900.0,9074407611.0,1816957977.0,0.0,0.0,2691782.0,49582947.0,10891365595.0,14351026.0
Africa,TZA,Tanzania,TZ-02,Dar es Salaam,1487336.0,24666133780.0,4960108548.0,0.0,0.0,5908670.0,132252473.0,29626242314.0,39168629.0
Africa,TZA,Tanzania,TZ-03,Dodoma,750712.0,11964988861.0,2386505692.0,0.0,0.0,3593309.0,65687319.0,14351494557.0,18881445.0
Africa,TZA,Tanzania,TZ-04,Iringa,282852.0,4541031098.0,909719124.0,0.0,0.0,1349692.0,24858773.0,5450750225.0,7187063.0
Africa,TZA,Tanzania,TZ-05,Kagera,697207.0,11316038630.0,2284772315.0,0.0,0.0,3307319.0,61759322.0,13600810958.0,17973985.0
Africa,TZA,Tanzania,TZ-06,Pemba North,58794.0,931208142.0,186643975.0,0.0,0.0,280916.0,5160669.0,1117852126.0,1471614.0
Africa,TZA,Tanzania,TZ-07,Zanzibar North,60958.0,953102405.0,189456351.0,0.0,0.0,292000.0,5286616.0,1142558761.0,1503165.0
Africa,TZA,Tanzania,TZ-08,Kigoma,577359.0,9464671805.0,1919471623.0,0.0,0.0,2667377.0,51427318.0,11384143439.0,15077990.0
Africa,TZA,Tanzania,TZ-09,Kilimanjaro,423959.0,6878459757.0,1395866128.0,0.0,0.0,2005547.0,37633521.0,8274325874.0,10942033.0
Africa,TZA,Tanzania,TZ-10,Pemba South,66663.0,1055993947.0,209417944.0,0.0,0.0,319804.0,5795463.0,1265411864.0,1664053.0
Africa,TZA,Tanzania,TZ-11,Zanzibar South,51151.0,781613547.0,153957311.0,0.0,0.0,246877.0,4392233.0,935570869.0,1226379.0
Africa,TZA,Tanzania,TZ-12,Lindi,278071.0,4399804781.0,876971348.0,0.0,0.0,1332624.0,24271734.0,5276776134.0,6937873.0
Africa,TZA,Tanzania,TZ-13,Mara,570086.0,9224598893.0,1856187646.0,0.0,0.0,2710995.0,50340389.0,11080786538.0,14632332.0
Africa,TZA,Tanzania,TZ-14,Mbeya,557397.0,9488130577.0,1888726999.0,0.0,0.0,2666455.0,49576266.0,11376857579.0,15034271.0
Africa,TZA,Tanzania,TZ-15,Zanzibar West,216055.0,3473653563.0,696483230.0,0.0,0.0,1031171.0,19016373.0,4170136782.0,5490731.0
Africa,TZA,Tanzania,TZ-16,Morogoro,762142.0,12131889140.0,2421887638.0,0.0,0.0,3647589.0,66699938.0,14553776793.0,19140949.0
Africa,TZA,Tanzania,TZ-17,Mtwara,388821.0,6545239149.0,1334959196.0,0.0,0.0,1825433.0,35007597.0,7880198346.0,10494006.0
Africa,TZA,Tanzania,TZ-18,Mwanza,892690.0,14258672586.0,2855584416.0,0.0,0.0,4262608.0,78340605.0,17114257002.0,22534754.0
Africa,TZA,Tanzania,TZ-19,Pwani,560854.0,8293942609.0,1666246281.0,0.0,0.0,2624018.0,48266822.0,9960188897.0,13044506.0
Africa,TZA,Tanzania,TZ-20,Rukwa,378147.0,6006744166.0,1200886453.0,0.0,0.0,1807440.0,33099170.0,7207630623.0,9489011.0
Africa,TZA,Tanzania,TZ-21,Ruvuma,433233.0,6920453361.0,1386047297.0,0.0,0.0,2068416.0,38017246.0,8306500663.0,10937926.0
Africa,TZA,Tanzania,TZ-22,Shinyanga,546592.0,8802211729.0,1765096513.0,0.0,0.0,2605617.0,48105241.0,10567308249.0,13939618.0
Africa,TZA,Tanzania,TZ-23,Singida,499331.0,8134621292.0,1632212309.0,0.0,0.0,2377064.0,44114014.0,9766833603.0,12909342.0
Africa,TZA,Tanzania,TZ-24,Tabora,821821.0,13100934547.0,2621611154.0,0.0,0.0,3926850.0,72037512.0,15722545717.0,20693905.0
Africa,TZA,Tanzania,TZ-25,Tanga,604698.0,9807432974.0,1974197219.0,0.0,0.0,2874762.0,53448072.0,11781630210.0,15553915.0
Africa,TZA,Tanzania,TZ-26,Manyara,436380.0,7078730011.0,1436677086.0,0.0,0.0,2062352.0,38783621.0,8515407099.0,11278642.0
Africa,TZA,Tanzania,TZ-27,Geita,766279.0,12366392430.0,2479004232.0,0.0,0.0,3653093.0,67462569.0,14845396673.0,19588976.0
Africa,TZA,Tanzania,TZ-28,Katavi,305112.0,4825551874.0,956777987.0,0.0,0.0,1466279.0,26537707.0,5782329847.0,7597748.0
Africa,TZA,Tanzania,TZ-29,Njombe,207442.0,3292495162.0,659216277.0,0.0,0.0,990917.0,18175353.0,3951711440.0,5202595.0
Africa,TZA,Tanzania,TZ-30,Simiyu,508804.0,8360295258.0,1693732991.0,0.0,0.0,2405141.0,45322905.0,10054028238.0,13321076.0
Africa,TZA,Tanzania,TZ-31,Songwe,325340.0,4682858485.0,952960739.0,0.0,0.0,1543651.0,28047941.0,5635819228.0,7382558.0
Africa,UGA,Uganda,UG-C,Central,3069969.0,40419540144.0,8355666539.0,0.0,0.0,14611746.0,261831166.0,48775206676.0,43692472.0
Africa,UGA,Uganda,UG-E,Eastern,3128114.0,40793812223.0,8390789421.0,0.0,0.0,13221178.0,265792981.0,49184601672.0,44010930.0
Africa,UGA,Uganda,UG-N,Northern,2474252.0,32547258867.0,6714817136.0,0.0,0.0,10488436.0,210779344.0,39262075994.0,35172373.0
Africa,UGA,Uganda,UG-W,Western,3167628.0,40983493617.0,8399628930.0,0.0,0.0,13063543.0,268408092.0,49383122552.0,44145551.0
Africa,ZAF,South Africa,ZA-EC,Eastern Cape,2333097.0,85257657600.0,17412466203.0,0.0,0.0,7548118.0,219167015.0,102670123796.0,102033345.0
Africa,ZAF,South Africa,ZA-FS,Free State,962188.0,35227690884.0,7199807935.0,0.0,0.0,3094093.0,88673237.0,42427498823.0,39005584.0
Africa,ZAF,South Africa,ZA-GP,Gauteng,4928381.0,179681910721.0,37084164272.0,0.0,0.0,15756752.0,453762378.0,216766074979.0,198692543.0
Africa,ZAF,South Africa,ZA-KZN,KwaZulu-Natal,3984942.0,146501014165.0,29595938622.0,0.0,0.0,12969629.0,376595468.0,176096952798.0,179669128.0
Africa,ZAF,South Africa,ZA-LP,Limpopo,2108306.0,83163959580.0,16738073362.0,0.0,0.0,6865992.0,201576794.0,99902032935.0,90835103.0
Africa,ZAF,South Africa,ZA-MP,Mpumalanga,1664155.0,64429781427.0,13098655855.0,0.0,0.0,5370365.0,157171843.0,77528437285.0,69376574.0
Africa,ZAF,South Africa,ZA-NC,Northern Cape,442140.0,16291760982.0,3339533452.0,0.0,0.0,1416069.0,41013210.0,19631294435.0,18054142.0
Africa,ZAF,South Africa,ZA-NW,North West,1279216.0,48713996349.0,10050447058.0,0.0,0.0,3972397.0,120500634.0,58764443411.0,53369321.0
Africa,ZAF,South Africa,ZA-WC,Western Cape,2412329.0,89506197559.0,18431844732.0,0.0,0.0,7753909.0,224490762.0,107938042309.0,99216604.0
Africa,ZMB,Zambia,ZM-01,Western,294903.0,4172155075.0,780846334.0,0.0,0.0,1523102.0,24932649.0,4953001411.0,8310178.0
Africa,ZMB,Zambia,ZM-02,Central,547635.0,7849613414.0,1479912011.0,0.0,0.0,2817769.0,46553296.0,9329525423.0,15604783.0
Africa,ZMB,Zambia,ZM-03,Eastern,499809.0,7180025374.0,1356044214.0,0.0,0.0,2569208.0,42544878.0,8536069572.0,14270440.0
Africa,ZMB,Zambia,ZM-04,Luapula,326751.0,4738941187.0,900837613.0,0.0,0.0,1673596.0,27953622.0,5639778816.0,9408013.0
Africa,ZMB,Zambia,ZM-05,Northern,352665.0,5067405695.0,957364579.0,0.0,0.0,1812441.0,30026707.0,6024770267.0,10071609.0
Africa,ZMB,Zambia,ZM-06,North-Western,278516.0,4035140509.0,764320094.0,0.0,0.0,1429678.0,23759759.0,4799460611.0,8007736.0
Africa,ZMB,Zambia,ZM-07,Southern,517288.0,7403216260.0,1394976937.0,0.0,0.0,2662365.0,43956430.0,8798193199.0,14721546.0
Africa,ZMB,Zambia,ZM-08,Copperbelt,596857.0,8603576999.0,1627294457.0,0.0,0.0,3065850.0,50862798.0,10230871453.0,17089693.0
Africa,ZMB,Zambia,ZM-09,Lusaka,619573.0,8970143438.0,1702997460.0,0.0,0.0,3175703.0,52951634.0,10673140882.0,17810892.0
Africa,ZMB,Zambia,ZM-10,Muchinga,230781.0,3337851558.0,632557710.0,0.0,0.0,1184184.0,19695171.0,3970409257.0,6627504.0
Africa,ZWE,Zimbabwe,ZW-BU,Bulawayo,170364.0,2732016340.0,524615191.0,0.0,0.0,745139.0,13817254.0,3256631527.0,3904453.0
Africa,ZWE,Zimbabwe,ZW-HA,Harare,617336.0,9886943759.0,1897234043.0,0.0,0.0,2708981.0,50045083.0,11784177801.0,14127335.0
Africa,ZWE,Zimbabwe,ZW-MA,Manicaland,612571.0,9749375957.0,1861316063.0,0.0,0.0,2274002.0,49499937.0,11610692016.0,13943761.0
Africa,ZWE,Zimbabwe,ZW-MC,Mashonaland Central,428484.0,6790572761.0,1293319340.0,0.0,0.0,1546143.0,34563083.0,8083892096.0,9713737.0
Africa,ZWE,Zimbabwe,ZW-ME,Mashonaland East,516761.0,8237617020.0,1573788998.0,0.0,0.0,1935842.0,41779798.0,9811406015.0,11781937.0
Africa,ZWE,Zimbabwe,ZW-MI,Midlands,562434.0,8995477326.0,1721328578.0,0.0,0.0,2023853.0,45529674.0,10716805877.0,12865839.0
Africa,ZWE,Zimbabwe,ZW-MN,Matabeleland North,251757.0,4032508323.0,772314202.0,0.0,0.0,923311.0,20390364.0,4804822538.0,5768490.0
Africa,ZWE,Zimbabwe,ZW-MS,Matabeleland South,222709.0,3559501056.0,681226902.0,0.0,0.0,848367.0,18024183.0,4240727941.0,5091200.0
Africa,ZWE,Zimbabwe,ZW-MV,Masvingo,544995.0,8671872458.0,1654705309.0,0.0,0.0,1830549.0,44026409.0,10326577758.0,12404978.0
Africa,ZWE,Zimbabwe,ZW-MW,Mashonaland West,554739.0,8858097757.0,1693778342.0,0.0,0.0,2114600.0,44880726.0,10551876104.0,12669175.0
Caribbean_Central_America,ABW,Aruba,AW-NR,Noord,6919.0,4049713321.0,1001959780.0,0.0,0.0,29158.0,3784927.0,5051673102.0,700853.0
Caribbean_Central_America,ABW,Aruba,AW-OE,Oranjestad East,3013.0,1807388267.0,454389248.0,0.0,0.0,12727.0,1689565.0,2261777511.0,332096.0
Caribbean_Central_America,ABW,Aruba,AW-OW,Oranjestad West,2808.0,1828990552.0,473677328.0,0.0,0.0,11523.0,1711375.0,2302667879.0,366840.0
Caribbean_Central_America,ABW,Aruba,AW-PD,Paradera,2801.0,1574901766.0,381107528.0,0.0,0.0,12400.0,1468065.0,1956009294.0,248049.0
Caribbean_Central_America,ABW,Aruba,AW-SC,Santa Cruz,3903.0,2234796780.0,550119538.0,0.0,0.0,16684.0,2093251.0,2784916315.0,364093.0
Caribbean_Central_America,ABW,Aruba,AW-SN,San Nicolas North,2628.0,1530377828.0,369098754.0,0.0,0.0,11257.0,1419246.0,1899476585.0,261503.0
Caribbean_Central_America,ABW,Aruba,AW-SS,San Nicolas South,946.0,528065063.0,129271062.0,0.0,0.0,4134.0,491988.0,657336123.0,87509.0
Caribbean_Central_America,ABW,Aruba,AW-SV,Savaneta,2379.0,1442703533.0,364578854.0,0.0,0.0,10261.0,1348250.0,1807282390.0,252292.0
Caribbean_Central_America,AIA,Anguilla,AI-BP,Blowing Point,256.0,78106335.0,15000563.0,0.0,0.0,764.0,89004.0,93106897.0,32565.0
Caribbean_Central_America,AIA,Anguilla,AI-EE,East End,224.0,60835299.0,11397569.0,0.0,0.0,684.0,72197.0,72232868.0,25825.0
Caribbean_Central_America,AIA,Anguilla,AI-GH,George Hill,643.0,189093997.0,36302725.0,0.0,0.0,1822.0,214978.0,225396723.0,78359.0
Caribbean_Central_America,AIA,Anguilla,AI-IH,Island Harbour,246.0,67215084.0,12528074.0,0.0,0.0,793.0,81236.0,79743160.0,29436.0
Caribbean_Central_America,AIA,Anguilla,AI-NH,North Hill,45.0,13121467.0,2315553.0,0.0,0.0,168.0,16199.0,15437020.0,5905.0
Caribbean_Central_America,AIA,Anguilla,AI-NS,North Side,478.0,137025059.0,26325519.0,0.0,0.0,1442.0,160192.0,163350578.0,57858.0
Caribbean_Central_America,AIA,Anguilla,AI-SG,Sandy Ground,119.0,34888360.0,6841228.0,0.0,0.0,312.0,38820.0,41729589.0,14222.0
Caribbean_Central_America,AIA,Anguilla,AI-SH,Sandy Hill,153.0,46224678.0,8801160.0,0.0,0.0,491.0,53884.0,55025841.0,19804.0
Caribbean_Central_America,AIA,Anguilla,AI-SO,South Hill,594.0,166151639.0,32072779.0,0.0,0.0,1713.0,192865.0,198224417.0,69211.0
Caribbean_Central_America,AIA,Anguilla,AI-ST,Stoney Ground,480.0,131893727.0,25115979.0,0.0,0.0,1463.0,156615.0,157009706.0,55526.0
Caribbean_Central_America,AIA,Anguilla,AI-TF,The Farrington,335.0,99936539.0,18522429.0,0.0,0.0,1071.0,116004.0,118458970.0,42710.0
Caribbean_Central_America,AIA,Anguilla,AI-TQ,The Quarter,230.0,73809990.0,14470606.0,0.0,0.0,672.0,82808.0,88280598.0,30632.0
Caribbean_Central_America,AIA,Anguilla,AI-TV,The Valley,684.0,199815300.0,40134933.0,0.0,0.0,1826.0,225678.0,239950231.0,80741.0
Caribbean_Central_America,AIA,Anguilla,AI-WE,West End,508.0,149783656.0,27719300.0,0.0,0.0,1509.0,171446.0,177502956.0,63719.0
Caribbean_Central_America,ATG,Antigua and Barbuda,AG-03,Saint George,2880.0,802900801.0,173679051.0,0.0,0.0,8697.0,943611.0,976579850.0,219284.0
Caribbean_Central_America,ATG,Antigua and Barbuda,AG-04,Saint John,7541.0,2005938342.0,440031147.0,0.0,0.0,56872.0,2405359.0,2445969489.0,523887.0
Caribbean_Central_America,ATG,Antigua and Barbuda,AG-05,Saint Mary,8303.0,2346373284.0,531641772.0,0.0,0.0,8251.0,2681443.0,2878015055.0,685866.0
Caribbean_Central_America,ATG,Antigua and Barbuda,AG-06,Saint Paul,4782.0,1316731269.0,288575308.0,0.0,0.0,9156.0,1555763.0,1605306577.0,360148.0
Caribbean_Central_America,ATG,Antigua and Barbuda,AG-07,Saint Peter,3413.0,895733168.0,197275299.0,0.0,0.0,5722.0,1078310.0,1093008467.0,231312.0
Caribbean_Central_America,ATG,Antigua and Barbuda,AG-08,Saint Philip,4398.0,1201667003.0,262831611.0,0.0,0.0,3758.0,1432674.0,1464498615.0,320711.0
Caribbean_Central_America,ATG,Antigua and Barbuda,AG-10,Barbuda,721.0,184965227.0,41201434.0,0.0,0.0,1752.0,228657.0,226166659.0,48258.0
Caribbean_Central_America,BHS,Bahamas,BS-AK,Acklins,236.0,169032338.0,33253339.0,0.0,0.0,690.0,128774.0,202285677.0,44821.0
Caribbean_Central_America,BHS,Bahamas,BS-BI,Bimini,686.0,503150373.0,107563536.0,0.0,0.0,2269.0,391585.0,610713907.0,131905.0
Caribbean_Central_America,BHS,Bahamas,BS-BP,Black Point,1204.0,874390574.0,187764392.0,0.0,0.0,990.0,682172.0,1062154969.0,221500.0
Caribbean_Central_America,BHS,Bahamas,BS-BY,Berry Islands,292.0,222591317.0,43510405.0,0.0,0.0,1049.0,167889.0,266101722.0,59853.0
Caribbean_Central_America,BHS,Bahamas,BS-CI,Cat Island,853.0,615996625.0,124449999.0,0.0,0.0,1505.0,472696.0,740446625.0,155705.0
Caribbean_Central_America,BHS,Bahamas,BS-CK,Crooked Island and Long Cay,220.0,158854411.0,32231741.0,0.0,0.0,306.0,121744.0,191086152.0,41485.0
Caribbean_Central_America,BHS,Bahamas,BS-CO,Central Abaco,3152.0,2273534899.0,477177862.0,0.0,0.0,10914.0,1756442.0,2750712760.0,591945.0
Caribbean_Central_America,BHS,Bahamas,BS-CS,Central Andros,123.0,80269732.0,16403343.0,0.0,0.0,602.0,62545.0,96673076.0,20379.0
Caribbean_Central_America,BHS,Bahamas,BS-EG,East Grand Bahama,4402.0,3179167435.0,652515326.0,0.0,0.0,596.0,2449615.0,3831682759.0,825403.0
Caribbean_Central_America,BHS,Bahamas,BS-FP,City of Freeport,13771.0,9543816737.0,2135341979.0,0.0,0.0,8237.0,7640967.0,11679158718.0,2073220.0
Caribbean_Central_America,BHS,Bahamas,BS-GC,Grand Cay,7.0,4675803.0,932063.0,0.0,0.0,55.0,3508.0,5607866.0,1183.0
Caribbean_Central_America,BHS,Bahamas,BS-HI,Harbour Island,14.0,9831063.0,1980330.0,0.0,0.0,1037.0,7323.0,11811394.0,2481.0
Caribbean_Central_America,BHS,Bahamas,BS-IN,Inagua,580.0,387329705.0,77874772.0,0.0,0.0,791.0,299715.0,465204476.0,99046.0
Caribbean_Central_America,BHS,Bahamas,BS-LI,Long Island,2555.0,2165383398.0,441750678.0,0.0,0.0,2593.0,1604677.0,2607134074.0,619100.0
Caribbean_Central_America,BHS,Bahamas,BS-MC,Mangrove Cay,47.0,35212629.0,7115590.0,0.0,0.0,517.0,27010.0,42328219.0,8870.0
Caribbean_Central_America,BHS,Bahamas,BS-MG,Mayaguana,220.0,165851668.0,32085714.0,0.0,0.0,165.0,124340.0,197937382.0,46133.0
Caribbean_Central_America,BHS,Bahamas,BS-MI,Moore's Island,8.0,5914500.0,1167883.0,0.0,0.0,175.0,4424.0,7082383.0,1534.0
Caribbean_Central_America,BHS,Bahamas,BS-NE,North Eleuthera,1287.0,941675908.0,205760408.0,0.0,0.0,6581.0,734776.0,1147436317.0,239942.0
Caribbean_Central_America,BHS,Bahamas,BS-NO,North Abaco,1823.0,1320024639.0,299550848.0,0.0,0.0,1601.0,1054646.0,1619575487.0,298720.0
Caribbean_Central_America,BHS,Bahamas,BS-NP,New Providence,78047.0,55312749413.0,12702985534.0,0.0,0.0,306294.0,44416670.0,68015734941.0,12013240.0
Caribbean_Central_America,BHS,Bahamas,BS-NS,North Andros,3662.0,2648332002.0,548385972.0,0.0,0.0,5171.0,2043555.0,3196717975.0,689260.0
Caribbean_Central_America,BHS,Bahamas,BS-RC,Rum Cay,24.0,16151694.0,3021587.0,0.0,0.0,79.0,11895.0,19173281.0,4757.0
Caribbean_Central_America,BHS,Bahamas,BS-RI,Ragged Island,13.0,9611826.0,1911543.0,0.0,0.0,31.0,7205.0,11523369.0,2447.0
Caribbean_Central_America,BHS,Bahamas,BS-SA,South Andros,102.0,71425670.0,14832531.0,0.0,0.0,1241.0,55541.0,86258201.0,17812.0
Caribbean_Central_America,BHS,Bahamas,BS-SO,South Abaco,244.0,182403276.0,36247931.0,0.0,0.0,575.0,138632.0,218651209.0,47415.0
Caribbean_Central_America,BHS,Bahamas,BS-SS,San Salvador,486.0,330460471.0,67290920.0,0.0,0.0,729.0,257167.0,397751391.0,83100.0
Caribbean_Central_America,BHS,Bahamas,BS-SW,Spanish Wells,11.0,7998164.0,1592987.0,0.0,0.0,2.0,5998.0,9591152.0,2028.0
Caribbean_Central_America,BLZ,Belize,BZ-BZ,Belize,23612.0,2487438307.0,507154326.0,0.0,0.0,130473.0,3853442.0,2994592636.0,1558946.0
Caribbean_Central_America,BLZ,Belize,BZ-CY,Cayo,14180.0,1480055303.0,307747731.0,0.0,0.0,98267.0,2310283.0,1787803030.0,933876.0
Caribbean_Central_America,BLZ,Belize,BZ-CZL,Corozal,8562.0,906853563.0,183659127.0,0.0,0.0,49587.0,1416663.0,1090512692.0,581286.0
Caribbean_Central_America,BLZ,Belize,BZ-OW,Orange Walk,7707.0,753539854.0,159462633.0,0.0,0.0,60052.0,1193844.0,913002481.0,472990.0
Caribbean_Central_America,BLZ,Belize,BZ-SC,Stann Creek,6791.0,703426275.0,146279186.0,0.0,0.0,43048.0,1088040.0,849705460.0,433501.0
Caribbean_Central_America,BLZ,Belize,BZ-TOL,Toledo,5495.0,440726662.0,96007307.0,0.0,0.0,41499.0,718191.0,536733964.0,255044.0
Caribbean_Central_America,BRB,Barbados,BB-01,Christ Church,18919.0,3394362665.0,691053966.0,0.0,0.0,46258.0,3337188.0,4085416635.0,1317632.0
Caribbean_Central_America,BRB,Barbados,BB-02,Saint Andrew,4023.0,681197770.0,139898272.0,0.0,0.0,5678.0,679135.0,821096036.0,261216.0
Caribbean_Central_America,BRB,Barbados,BB-03,Saint George,9203.0,1608032363.0,325125710.0,0.0,0.0,19291.0,1602503.0,1933158069.0,618679.0
Caribbean_Central_America,BRB,Barbados,BB-04,Saint James,9426.0,1797920542.0,366768326.0,0.0,0.0,38218.0,1747274.0,2164688869.0,700871.0
Caribbean_Central_America,BRB,Barbados,BB-05,Saint John,6661.0,1137177485.0,225983311.0,0.0,0.0,9987.0,1135365.0,1363160795.0,437447.0
Caribbean_Central_America,BRB,Barbados,BB-06,Saint Joseph,5050.0,827438770.0,166168996.0,0.0,0.0,7580.0,844053.0,993607761.0,325257.0
Caribbean_Central_America,BRB,Barbados,BB-07,Saint Lucy,5906.0,1004844105.0,202237899.0,0.0,0.0,12294.0,1006107.0,1207082000.0,387463.0
Caribbean_Central_America,BRB,Barbados,BB-08,Saint Michael,26628.0,4134953798.0,876563480.0,0.0,0.0,85992.0,4078932.0,5011517274.0,1471841.0
Caribbean_Central_America,BRB,Barbados,BB-09,Saint Peter,5295.0,954921073.0,194288185.0,0.0,0.0,11515.0,933772.0,1149209255.0,361110.0
Caribbean_Central_America,BRB,Barbados,BB-10,Saint Philip,12708.0,2333287396.0,467288926.0,0.0,0.0,29459.0,2320634.0,2800576322.0,913838.0
Caribbean_Central_America,BRB,Barbados,BB-11,Saint Thomas,6036.0,1046001036.0,211244786.0,0.0,0.0,16360.0,1041802.0,1257245820.0,399131.0
Caribbean_Central_America,CRI,Costa Rica,CR-A,Alajuela,326779.0,28884828496.0,5991176040.0,0.0,0.0,1058220.0,45141928.0,34876004564.0,15854282.0
Caribbean_Central_America,CRI,Costa Rica,CR-C,Cartago,170085.0,15186792610.0,3019855725.0,0.0,0.0,558891.0,23771099.0,18206648322.0,8550471.0
Caribbean_Central_America,CRI,Costa Rica,CR-G,Guanacaste,133374.0,8812691732.0,1779778512.0,0.0,0.0,421029.0,13987944.0,10592470271.0,4746835.0
Caribbean_Central_America,CRI,Costa Rica,CR-H,Heredia,173085.0,18742632185.0,3877256137.0,0.0,0.0,488799.0,28958539.0,22619888273.0,10744393.0
Caribbean_Central_America,CRI,Costa Rica,CR-L,Limón,135172.0,8084027740.0,1674586244.0,0.0,0.0,479572.0,12977378.0,9758613999.0,4084201.0
Caribbean_Central_America,CRI,Costa Rica,CR-P,Puntarenas,156772.0,10218069589.0,2135915065.0,0.0,0.0,502703.0,16321497.0,12353984640.0,5300284.0
Caribbean_Central_America,CRI,Costa Rica,CR-SJ,San José,476789.0,44686491589.0,9124677145.0,0.0,0.0,1635688.0,69774074.0,53811168738.0,25013621.0
Caribbean_Central_America,CUB,Cuba,CU-01,Pinar del Río,260778.0,7804067448.0,1662186133.0,0.0,0.0,704827.0,29851134.0,9466253580.0,11783103.0
Caribbean_Central_America,CUB,Cuba,CU-03,La Habana,542717.0,22733034947.0,5072781281.0,0.0,0.0,2092211.0,84891299.0,27805816244.0,32836456.0
Caribbean_Central_America,CUB,Cuba,CU-04,Matanzas,222236.0,6906124286.0,1518124683.0,0.0,0.0,693148.0,26339982.0,8424248978.0,10325141.0
Caribbean_Central_America,CUB,Cuba,CU-05,Villa Clara,262921.0,7876669787.0,1697837568.0,0.0,0.0,757069.0,30316328.0,9574507384.0,11861034.0
Caribbean_Central_America,CUB,Cuba,CU-06,Cienfuegos,125674.0,4200487123.0,937800568.0,0.0,0.0,395857.0,15588901.0,5138287697.0,6167265.0
Caribbean_Central_America,CUB,Cuba,CU-07,Sancti Spíritus,153595.0,4783221791.0,1040605941.0,0.0,0.0,449904.0,18112070.0,5823827732.0,7142840.0
Caribbean_Central_America,CUB,Cuba,CU-08,Ciego de Ávila,139993.0,4320600824.0,945931562.0,0.0,0.0,423636.0,16423759.0,5266532395.0,6448474.0
Caribbean_Central_America,CUB,Cuba,CU-09,Camagüey,250757.0,7623171246.0,1644558844.0,0.0,0.0,747012.0,29193933.0,9267730103.0,11447790.0
Caribbean_Central_America,CUB,Cuba,CU-10,Las Tunas,168213.0,4968434649.0,1075740289.0,0.0,0.0,519861.0,19089555.0,6044174935.0,7505806.0
Caribbean_Central_America,CUB,Cuba,CU-11,Holguín,316729.0,9056139627.0,1930954607.0,0.0,0.0,987096.0,35217165.0,10987094231.0,13760782.0
Caribbean_Central_America,CUB,Cuba,CU-12,Granma,252054.0,7263416177.0,1552906718.0,0.0,0.0,797727.0,28091344.0,8816322893.0,11032516.0
Caribbean_Central_America,CUB,Cuba,CU-13,Santiago de Cuba,316235.0,9234448271.0,1991796717.0,0.0,0.0,1029491.0,35751843.0,11226244973.0,13987646.0
Caribbean_Central_America,CUB,Cuba,CU-14,Guantánamo,158802.0,4964237901.0,1086400124.0,0.0,0.0,488600.0,18667568.0,6050638042.0,7391244.0
Caribbean_Central_America,CUB,Cuba,CU-15,Artemisa,116828.0,4406170771.0,1008684422.0,0.0,0.0,391931.0,15645780.0,5414855201.0,6317535.0
Caribbean_Central_America,CUB,Cuba,CU-16,Mayabeque,115545.0,3417744687.0,747812456.0,0.0,0.0,376418.0,13212030.0,4165557147.0,5163996.0
Caribbean_Central_America,CUB,Cuba,CU-99,Isla de la Juventud,28774.0,989040820.0,225590107.0,0.0,0.0,82427.0,3638059.0,1214630915.0,1440578.0
Caribbean_Central_America,CYM,Cayman Islands,KY-BT,Bodden Town,1080.0,2250670717.0,414846597.0,0.0,0.0,7794.0,1314234.0,2665517316.0,488819.0
Caribbean_Central_America,CYM,Cayman Islands,KY-EE,East End,2865.0,5945193502.0,1161305344.0,0.0,0.0,2121.0,3563431.0,7106498849.0,1270135.0
Caribbean_Central_America,CYM,Cayman Islands,KY-GT,George Town,3834.0,7997338734.0,1462571350.0,0.0,0.0,28534.0,4653667.0,9459910092.0,1730514.0
Caribbean_Central_America,CYM,Cayman Islands,KY-NS,North Side,4934.0,10061761418.0,1944321153.0,0.0,0.0,17182.0,6018394.0,12006082566.0,2139682.0
Caribbean_Central_America,CYM,Cayman Islands,KY-SI,Sister Islands,682.0,2014293308.0,393485964.0,0.0,0.0,1910.0,1141320.0,2407779272.0,463419.0
Caribbean_Central_America,CYM,Cayman Islands,KY-WB,West Bay,2392.0,5111804322.0,933558932.0,0.0,0.0,18306.0,2965446.0,6045363257.0,1113979.0
Caribbean_Central_America,DMA,Dominica,DM-02,Saint Andrew,3183.0,622291076.0,119051783.0,0.0,0.0,8688.0,771864.0,741342858.0,325274.0
Caribbean_Central_America,DMA,Dominica,DM-03,Saint David,1991.0,381370389.0,71451143.0,0.0,0.0,5776.0,476111.0,452821529.0,201355.0
Caribbean_Central_America,DMA,Dominica,DM-04,Saint George,5973.0,1149159281.0,216982676.0,0.0,0.0,19499.0,1430247.0,1366141955.0,601728.0
Caribbean_Central_America,DMA,Dominica,DM-05,Saint John,1571.0,306008875.0,58059423.0,0.0,0.0,6016.0,379927.0,364068302.0,160931.0
Caribbean_Central_America,DMA,Dominica,DM-06,Saint Joseph,1557.0,308284337.0,60813638.0,0.0,0.0,5216.0,374552.0,369097973.0,155557.0
Caribbean_Central_America,DMA,Dominica,DM-07,Saint Luke,781.0,151029554.0,28389314.0,0.0,0.0,1498.0,188132.0,179418866.0,80479.0
Caribbean_Central_America,DMA,Dominica,DM-08,Saint Mark,704.0,142984672.0,27228424.0,0.0,0.0,1677.0,177632.0,170213097.0,75779.0
Caribbean_Central_America,DMA,Dominica,DM-09,Saint Patrick,2938.0,577117150.0,109618626.0,0.0,0.0,7145.0,720949.0,686735772.0,297157.0
Caribbean_Central_America,DMA,Dominica,DM-10,Saint Paul,1622.0,317195535.0,59780362.0,0.0,0.0,9037.0,393327.0,376975895.0,166463.0
Caribbean_Central_America,DMA,Dominica,DM-11,Saint Peter,1038.0,206100177.0,37423548.0,0.0,0.0,1314.0,258899.0,243523726.0,108645.0
Caribbean_Central_America,DOM,Dominican Republic,DO-01,Distrito Nacional,252784.0,53330589385.0,11197357958.0,0.0,0.0,1099905.0,67755339.0,64527947343.0,29435450.0
Caribbean_Central_America,DOM,Dominican Republic,DO-02,Azua,74181.0,5864073989.0,1189929161.0,0.0,0.0,252809.0,8959004.0,7054003144.0,3992736.0
Caribbean_Central_America,DOM,Dominican Republic,DO-03,Baoruco,33184.0,2487933142.0,501213805.0,0.0,0.0,115452.0,3883763.0,2989146952.0,1598175.0
Caribbean_Central_America,DOM,Dominican Republic,DO-04,Barahona,62118.0,5042898494.0,1017480488.0,0.0,0.0,213990.0,7546803.0,6060378980.0,2858196.0
Caribbean_Central_America,DOM,Dominican Republic,DO-05,Dajabón,25842.0,1874245902.0,398198170.0,0.0,0.0,80045.0,3230654.0,2272444083.0,1125755.0
Caribbean_Central_America,DOM,Dominican Republic,DO-06,Duarte,108951.0,10497641769.0,2144969227.0,0.0,0.0,330048.0,15558464.0,12642611000.0,6664528.0
Caribbean_Central_America,DOM,Dominican Republic,DO-07,Elías Piña,19410.0,1271633395.0,264958305.0,0.0,0.0,69331.0,2225727.0,1536591698.0,812145.0
Caribbean_Central_America,DOM,Dominican Republic,DO-08,El Seibo,33883.0,2286091624.0,480047916.0,0.0,0.0,106200.0,3953588.0,2766139549.0,1449718.0
Caribbean_Central_America,DOM,Dominican Republic,DO-09,Espaillat,81533.0,6608526695.0,1429294161.0,0.0,0.0,250430.0,11151058.0,8037820855.0,4569219.0
Caribbean_Central_America,DOM,Dominican Republic,DO-10,Independencia,18314.0,1454359236.0,288554851.0,0.0,0.0,64107.0,2190514.0,1742914088.0,866662.0
Caribbean_Central_America,DOM,Dominican Republic,DO-11,La Altagracia,142919.0,16073784323.0,3198164939.0,0.0,0.0,477497.0,22864951.0,19271949256.0,9906766.0
Caribbean_Central_America,DOM,Dominican Republic,DO-12,La Romana,81365.0,9787531383.0,1932823665.0,0.0,0.0,307990.0,12729133.0,11720355035.0,5483517.0
Caribbean_Central_America,DOM,Dominican Republic,DO-13,La Vega,156861.0,13069463363.0,2806522487.0,0.0,0.0,474807.0,21626006.0,15875985876.0,9169900.0
Caribbean_Central_America,DOM,Dominican Republic,DO-14,María Trinidad Sánchez,57393.0,4639545260.0,963171315.0,0.0,0.0,167836.0,7425654.0,5602716591.0,3039836.0
Caribbean_Central_America,DOM,Dominican Republic,DO-15,Monte Cristi,45210.0,3160249823.0,695460832.0,0.0,0.0,132795.0,5765156.0,3855710655.0,1923905.0
Caribbean_Central_America,DOM,Dominican Republic,DO-16,Pedernales,10289.0,778503067.0,152954071.0,0.0,0.0,37648.0,1162824.0,931457138.0,478549.0
Caribbean_Central_America,DOM,Dominican Republic,DO-17,Peravia,72753.0,6150689638.0,1258545712.0,0.0,0.0,225168.0,9292207.0,7409235364.0,4011705.0
Caribbean_Central_America,DOM,Dominican Republic,DO-18,Puerto Plata,122600.0,11219741264.0,2336575180.0,0.0,0.0,362531.0,17394170.0,13556316429.0,7115817.0
Caribbean_Central_America,DOM,Dominican Republic,DO-19,Hermanas Mirabal,34736.0,2462580737.0,551332839.0,0.0,0.0,103190.0,4581751.0,3013913575.0,1843658.0
Caribbean_Central_America,DOM,Dominican Republic,DO-20,Samaná,41947.0,3169309111.0,679109605.0,0.0,0.0,119749.0,5428283.0,3848418717.0,2230816.0
Caribbean_Central_America,DOM,Dominican Republic,DO-21,San Cristóbal,216555.0,18434407357.0,3791912376.0,0.0,0.0,736598.0,28571435.0,22226319723.0,11442670.0
Caribbean_Central_America,DOM,Dominican Republic,DO-22,San Juan,81180.0,6289619652.0,1284155810.0,0.0,0.0,262386.0,10050808.0,7573775476.0,4231287.0
Caribbean_Central_America,DOM,Dominican Republic,DO-23,San Pedro de Macorís,110758.0,9719538347.0,2036072092.0,0.0,0.0,360647.0,15228303.0,11755610440.0,6169736.0
Caribbean_Central_America,DOM,Dominican Republic,DO-24,Sánchez Ramírez,58129.0,4637871949.0,961205744.0,0.0,0.0,173803.0,7458733.0,5599077685.0,3063982.0
Caribbean_Central_America,DOM,Dominican Republic,DO-25,Santiago,350427.0,39176877031.0,8146539088.0,0.0,0.0,1150955.0,56275482.0,47323416147.0,24007474.0
Caribbean_Central_America,DOM,Dominican Republic,DO-26,Santiago Rodríguez,23624.0,1666476838.0,355535310.0,0.0,0.0,69393.0,2917704.0,2022012148.0,1017944.0
Caribbean_Central_America,DOM,Dominican Republic,DO-27,Valverde,66285.0,5576463458.0,1176686107.0,0.0,0.0,196328.0,8932108.0,6753149559.0,3166235.0
Caribbean_Central_America,DOM,Dominican Republic,DO-28,Monseñor Nouel,67556.0,6095874500.0,1238626263.0,0.0,0.0,209722.0,9100400.0,7334500776.0,4073602.0
Caribbean_Central_America,DOM,Dominican Republic,DO-29,Monte Plata,73696.0,4838229137.0,1034181982.0,0.0,0.0,219834.0,8727511.0,5872411126.0,2814182.0
Caribbean_Central_America,DOM,Dominican Republic,DO-30,Hato Mayor,36212.0,2980132522.0,592372019.0,0.0,0.0,108040.0,4506946.0,3572504552.0,1861149.0
Caribbean_Central_America,DOM,Dominican Republic,DO-31,San José de Ocoa,25052.0,1857569172.0,383566739.0,0.0,0.0,73643.0,3016776.0,2241135905.0,1175394.0
Caribbean_Central_America,DOM,Dominican Republic,DO-32,Santo Domingo,810969.0,99600377005.0,19528244798.0,0.0,0.0,2967600.0,126504959.0,119128621804.0,55662039.0
Caribbean_Central_America,GLP,Guadeloupe,GP-BT,Basse-Terre,76008.0,31167921563.0,5858381409.0,0.0,0.0,177737.0,20197443.0,37026302977.0,8051845.0
Caribbean_Central_America,GLP,Guadeloupe,GP-PP,Pointe-à-Pitre,78171.0,32120290928.0,6049290265.0,0.0,0.0,196053.0,20836522.0,38169581192.0,8281768.0
Caribbean_Central_America,GRD,Grenada,GD-01,Saint Andrew,9723.0,2331432240.0,459346695.0,0.0,0.0,30502.0,3312968.0,2790778939.0,1332672.0
Caribbean_Central_America,GRD,Grenada,GD-02,Saint David,4120.0,988899577.0,191062641.0,0.0,0.0,16018.0,1407085.0,1179962218.0,580370.0
Caribbean_Central_America,GRD,Grenada,GD-03,Saint George,8118.0,1921123278.0,364520535.0,0.0,0.0,39883.0,2742610.0,2285643810.0,1147293.0
Caribbean_Central_America,GRD,Grenada,GD-04,Saint John,4261.0,1003420263.0,191199896.0,0.0,0.0,9907.0,1439563.0,1194620159.0,591897.0
Caribbean_Central_America,GRD,Grenada,GD-05,Saint Mark,4240.0,1248314447.0,303101335.0,0.0,0.0,4636.0,1588863.0,1551415784.0,659637.0
Caribbean_Central_America,GRD,Grenada,GD-06,Saint Patrick,5531.0,1319922166.0,258636988.0,0.0,0.0,9984.0,1883306.0,1578559154.0,764685.0
Caribbean_Central_America,GRD,Grenada,GD-10,Southern Grenadine Islands,4884.0,1183094210.0,230046364.0,0.0,0.0,6376.0,1677458.0,1413140572.0,686586.0
Caribbean_Central_America,GTM,Guatemala,GT-01,Guatemala,1115634.0,86560583587.0,17723096900.0,0.0,0.0,3873762.0,142444018.0,104283683125.0,64192910.0
Caribbean_Central_America,GTM,Guatemala,GT-02,El Progreso,75087.0,3896755207.0,768871746.0,0.0,0.0,214208.0,7640842.0,4665626502.0,3532653.0
Caribbean_Central_America,GTM,Guatemala,GT-03,Sacatepéquez,120258.0,6875372340.0,1415518433.0,0.0,0.0,431040.0,13158117.0,8290890673.0,5913196.0
Caribbean_Central_America,GTM,Guatemala,GT-04,Chimaltenango,203184.0,10108796172.0,2024611722.0,0.0,0.0,813168.0,20284382.0,12133407843.0,9342093.0
Caribbean_Central_America,GTM,Guatemala,GT-05,Escuintla,245733.0,13426479281.0,2601127685.0,0.0,0.0,862521.0,23711458.0,16027607253.0,10808815.0
Caribbean_Central_America,GTM,Guatemala,GT-06,Santa Rosa,146845.0,7311448221.0,1429067022.0,0.0,0.0,489319.0,14426136.0,8740514196.0,6644861.0
Caribbean_Central_America,GTM,Guatemala,GT-07,Sololá,126616.0,6185531688.0,1223153861.0,0.0,0.0,516610.0,12768636.0,7408685342.0,5841119.0
Caribbean_Central_America,GTM,Guatemala,GT-08,Totonicapán,135593.0,5307724541.0,1032378468.0,0.0,0.0,501517.0,12566982.0,6340103472.0,5833317.0
Caribbean_Central_America,GTM,Guatemala,GT-09,Quetzaltenango,276494.0,14673976705.0,2969871169.0,0.0,0.0,1004187.0,29004231.0,17643847729.0,13214577.0
Caribbean_Central_America,GTM,Guatemala,GT-10,Suchitepéquez,175734.0,9166916010.0,1800907203.0,0.0,0.0,679586.0,16815190.0,10967822727.0,7172254.0
Caribbean_Central_America,GTM,Guatemala,GT-11,Retalhuleu,114805.0,5705120575.0,1125076973.0,0.0,0.0,421185.0,10807097.0,6830197475.0,4545858.0
Caribbean_Central_America,GTM,Guatemala,GT-12,San Marcos,338820.0,14412170743.0,2827958873.0,0.0,0.0,1282294.0,30456392.0,17240128330.0,12980182.0
Caribbean_Central_America,GTM,Guatemala,GT-13,Huehuetenango,430270.0,16403595834.0,3180539698.0,0.0,0.0,1544991.0,38398209.0,19584136200.0,16836549.0
Caribbean_Central_America,GTM,Guatemala,GT-14,Quiché,282959.0,10545000370.0,2083246622.0,0.0,0.0,1202279.0,26142071.0,12628246426.0,10549324.0
Caribbean_Central_America,GTM,Guatemala,GT-15,Baja Verapaz,101541.0,4214113194.0,832670829.0,0.0,0.0,357338.0,9812999.0,5046783176.0,4203225.0
Caribbean_Central_America,GTM,Guatemala,GT-16,Alta Verapaz,313173.0,12187238877.0,2655559216.0,0.0,0.0,1478528.0,29039858.0,14842796529.0,7998741.0
Caribbean_Central_America,GTM,Guatemala,GT-17,Petén,188537.0,8424804990.0,1757497354.0,0.0,0.0,682552.0,18166979.0,10182302832.0,6249333.0
Caribbean_Central_America,GTM,Guatemala,GT-18,Izabal,135766.0,6626769753.0,1340335842.0,0.0,0.0,491992.0,13008741.0,7967106126.0,4934724.0
Caribbean_Central_America,GTM,Guatemala,GT-19,Zacapa,93090.0,4401254347.0,880309360.0,0.0,0.0,297192.0,8947772.0,5281564587.0,3880142.0
Caribbean_Central_America,GTM,Guatemala,GT-20,Chiquimula,128802.0,5538188008.0,1107669960.0,0.0,0.0,487969.0,12303793.0,6645859268.0,5067116.0
Caribbean_Central_America,GTM,Guatemala,GT-21,Jalapa,114107.0,4829259755.0,929060909.0,0.0,0.0,439507.0,11232511.0,5758320748.0,5150474.0
Caribbean_Central_America,GTM,Guatemala,GT-22,Jutiapa,179868.0,8557786329.0,1669135649.0,0.0,0.0,608604.0,17874532.0,10226920859.0,8424490.0
Caribbean_Central_America,HND,Honduras,HN-AT,Atlántida,120012.0,8845687428.0,1932618186.0,0.0,0.0,546751.0,19521258.0,10778305607.0,7322510.0
Caribbean_Central_America,HND,Honduras,HN-CH,Choluteca,124062.0,5659389885.0,1301929730.0,0.0,0.0,557922.0,15535067.0,6961319615.0,4510106.0
Caribbean_Central_America,HND,Honduras,HN-CL,Colón,162836.0,9082520095.0,1829463631.0,0.0,0.0,416120.0,21142506.0,10911983729.0,7593463.0
Caribbean_Central_America,HND,Honduras,HN-CM,Comayagua,143409.0,6176103075.0,1396825352.0,0.0,0.0,620341.0,17383682.0,7572928426.0,4774796.0
Caribbean_Central_America,HND,Honduras,HN-CP,Copán,112325.0,4467100304.0,1012891376.0,0.0,0.0,491887.0,13035856.0,5479991684.0,3435075.0
Caribbean_Central_America,HND,Honduras,HN-CR,Cortés,444184.0,38360660456.0,8594714368.0,0.0,0.0,2101193.0,83245189.0,46955374814.0,31997631.0
Caribbean_Central_America,HND,Honduras,HN-EP,El Paraíso,126539.0,3837194712.0,888898428.0,0.0,0.0,580990.0,13450851.0,4726093122.0,2903871.0
Caribbean_Central_America,HND,Honduras,HN-FM,Francisco Morazán,429805.0,25414581136.0,5772038333.0,0.0,0.0,1963331.0,61767147.0,31186619477.0,21008361.0
Caribbean_Central_America,HND,Honduras,HN-GD,Gracias a Dios,25275.0,454230049.0,106586697.0,0.0,0.0,123673.0,1615269.0,560816743.0,238070.0
Caribbean_Central_America,HND,Honduras,HN-IB,Islas de la Bahía,22486.0,667992881.0,140148724.0,0.0,0.0,88399.0,1904966.0,808141607.0,471137.0
Caribbean_Central_America,HND,Honduras,HN-IN,Intibucá,63871.0,1580143404.0,369117264.0,0.0,0.0,311757.0,6298318.0,1949260659.0,1099659.0
Caribbean_Central_America,HND,Honduras,HN-LE,Lempira,86539.0,1792888422.0,428465248.0,0.0,0.0,417085.0,8237524.0,2221353670.0,1239917.0
Caribbean_Central_America,HND,Honduras,HN-LP,La Paz,54434.0,1621833578.0,377716531.0,0.0,0.0,255725.0,5632732.0,1999550099.0,1149043.0
Caribbean_Central_America,HND,Honduras,HN-OC,Ocotepeque,51095.0,1693518350.0,394983873.0,0.0,0.0,184656.0,5611170.0,2088502233.0,1291065.0
Caribbean_Central_America,HND,Honduras,HN-OL,Olancho,143276.0,4656380856.0,1030477947.0,0.0,0.0,698421.0,15113778.0,5686858853.0,3480373.0
Caribbean_Central_America,HND,Honduras,HN-SB,Santa Bárbara,214843.0,8103803016.0,1743008588.0,0.0,0.0,541599.0,23493486.0,9846811623.0,6284528.0
Caribbean_Central_America,HND,Honduras,HN-VA,Valle,50029.0,2195730317.0,502287165.0,0.0,0.0,220889.0,5942678.0,2698017481.0,1710028.0
Caribbean_Central_America,HND,Honduras,HN-YO,Yoro,149477.0,7735670211.0,1619818302.0,0.0,0.0,746353.0,19162030.0,9355488516.0,6145028.0
Caribbean_Central_America,HTI,Haiti,HT-AR,Artibonite,467203.0,10223756937.0,2523974935.0,0.0,0.0,1887394.0,29724198.0,12747731884.0,6479578.0
Caribbean_Central_America,HTI,Haiti,HT-CE,Centre,204643.0,4516565316.0,1131352603.0,0.0,0.0,814254.0,13391626.0,5647917921.0,2713761.0
Caribbean_Central_America,HTI,Haiti,HT-GA,Grande’Anse,124742.0,2728028104.0,682840320.0,0.0,0.0,507724.0,8105954.0,3410868414.0,1613761.0
Caribbean_Central_America,HTI,Haiti,HT-ND,Nord,293972.0,6653161623.0,1649085017.0,0.0,0.0,1165833.0,19219409.0,8302246633.0,4426824.0
Caribbean_Central_America,HTI,Haiti,HT-NE,Nord-Est,112385.0,2630925233.0,657304627.0,0.0,0.0,429020.0,7601196.0,3288229862.0,1799694.0
Caribbean_Central_America,HTI,Haiti,HT-NI,Nippes,92322.0,1991351338.0,497462358.0,0.0,0.0,373372.0,5927448.0,2488813686.0,1156122.0
Caribbean_Central_America,HTI,Haiti,HT-NO,Nord-Ouest,195152.0,4221333857.0,1055645473.0,0.0,0.0,795110.0,12576860.0,5276979317.0,2447771.0
Caribbean_Central_America,HTI,Haiti,HT-OU,Ouest,989045.0,27995460118.0,6594061718.0,0.0,0.0,4399305.0,73815936.0,34589521832.0,20218714.0
Caribbean_Central_America,HTI,Haiti,HT-SD,Sud,211936.0,4780261944.0,1199542631.0,0.0,0.0,845189.0,14099690.0,5979804567.0,2980092.0
Caribbean_Central_America,HTI,Haiti,HT-SE,Sud-Est,169019.0,3673788257.0,919082236.0,0.0,0.0,688898.0,10932967.0,4592870454.0,2148631.0
Caribbean_Central_America,JAM,Jamaica,JM-01,Kingston,29854.0,2589393490.0,561523953.0,0.0,0.0,80543.0,3546579.0,3150917447.0,1366254.0
Caribbean_Central_America,JAM,Jamaica,JM-02,Saint Andrew,206358.0,19175404553.0,4044012244.0,0.0,0.0,612210.0,25988281.0,23219416798.0,10341963.0
Caribbean_Central_America,JAM,Jamaica,JM-03,Saint Thomas,38294.0,2846809686.0,625541328.0,0.0,0.0,95461.0,3965732.0,3472351010.0,1490699.0
Caribbean_Central_America,JAM,Jamaica,JM-04,Portland,32095.0,2431643766.0,541140875.0,0.0,0.0,81480.0,3372098.0,2972784637.0,1270886.0
Caribbean_Central_America,JAM,Jamaica,JM-05,Saint Mary,43691.0,3107083951.0,695638890.0,0.0,0.0,112998.0,4364388.0,3802722841.0,1593384.0
Caribbean_Central_America,JAM,Jamaica,JM-06,Saint Ann,63547.0,5441600216.0,1178150095.0,0.0,0.0,178469.0,7375157.0,6619750302.0,2962649.0
Caribbean_Central_America,JAM,Jamaica,JM-07,Trelawny,31074.0,2428743169.0,540076163.0,0.0,0.0,76677.0,3341813.0,2968819333.0,1279279.0
Caribbean_Central_America,JAM,Jamaica,JM-08,Saint James,67772.0,5614752991.0,1212546980.0,0.0,0.0,198772.0,7722204.0,6827299974.0,2944096.0
Caribbean_Central_America,JAM,Jamaica,JM-09,Hanover,28869.0,1809643536.0,415034207.0,0.0,0.0,73275.0,2601911.0,2224677751.0,882907.0
Caribbean_Central_America,JAM,Jamaica,JM-10,Westmoreland,62707.0,3567927343.0,826296785.0,0.0,0.0,150034.0,5273703.0,4394224130.0,1659337.0
Caribbean_Central_America,JAM,Jamaica,JM-11,Saint Elizabeth,60337.0,5014468726.0,1084885422.0,0.0,0.0,155460.0,6818495.0,6099354142.0,2752134.0
Caribbean_Central_America,JAM,Jamaica,JM-12,Manchester,69351.0,6262605487.0,1336401656.0,0.0,0.0,201616.0,8433119.0,7599007140.0,3456089.0
Caribbean_Central_America,JAM,Jamaica,JM-13,Clarendon,94590.0,8144685200.0,1756708659.0,0.0,0.0,252173.0,11058419.0,9901393845.0,4429601.0
Caribbean_Central_America,JAM,Jamaica,JM-14,Saint Catherine,189117.0,17364550119.0,3693232062.0,0.0,0.0,567901.0,23566892.0,21057782184.0,9299423.0
Caribbean_Central_America,KNA,Saint Kitts and Nevis,KN-01,Christ Church Nichola Town,1573.0,492119525.0,91396655.0,0.0,0.0,1737.0,547129.0,583516180.0,219184.0
Caribbean_Central_America,KNA,Saint Kitts and Nevis,KN-02,Saint Anne Sandy Point,1115.0,348193067.0,66609779.0,0.0,0.0,2966.0,388051.0,414802847.0,152546.0
Caribbean_Central_America,KNA,Saint Kitts and Nevis,KN-03,Saint George Basseterre,2081.0,652764926.0,126599379.0,0.0,0.0,16020.0,727909.0,779364304.0,280626.0
Caribbean_Central_America,KNA,Saint Kitts and Nevis,KN-04,Saint George Gingerland,688.0,210094662.0,39707072.0,0.0,0.0,2422.0,234000.0,249801736.0,92339.0
Caribbean_Central_America,KNA,Saint Kitts and Nevis,KN-05,Saint James Windward,1316.0,401904361.0,75224167.0,0.0,0.0,2463.0,446143.0,477128529.0,176320.0
Caribbean_Central_America,KNA,Saint Kitts and Nevis,KN-06,Saint John Capisterre,1791.0,542594798.0,101985608.0,0.0,0.0,2667.0,602847.0,644580407.0,235848.0
Caribbean_Central_America,KNA,Saint Kitts and Nevis,KN-07,Saint John Figtree,936.0,314272350.0,62199323.0,0.0,0.0,2705.0,348713.0,376471668.0,139071.0
Caribbean_Central_America,KNA,Saint Kitts and Nevis,KN-08,Saint Mary Cayon,1153.0,363473550.0,71741497.0,0.0,0.0,4215.0,406327.0,435215047.0,160395.0
Caribbean_Central_America,KNA,Saint Kitts and Nevis,KN-09,Saint Paul Capisterre,1340.0,427770290.0,88476951.0,0.0,0.0,1318.0,477743.0,516247243.0,186240.0
Caribbean_Central_America,KNA,Saint Kitts and Nevis,KN-10,Saint Paul Charlestown,117.0,37368136.0,7130367.0,0.0,0.0,1623.0,41709.0,44498505.0,16472.0
Caribbean_Central_America,KNA,Saint Kitts and Nevis,KN-11,Saint Peter Basseterre,1768.0,552638344.0,103572410.0,0.0,0.0,2509.0,612882.0,656210756.0,247113.0
Caribbean_Central_America,KNA,Saint Kitts and Nevis,KN-12,Saint Thomas Lowland,715.0,239919171.0,51680685.0,0.0,0.0,2513.0,269711.0,291599857.0,105434.0
Caribbean_Central_America,KNA,Saint Kitts and Nevis,KN-13,Saint Thomas Middle Island,2183.0,683498664.0,131719536.0,0.0,0.0,2587.0,762808.0,815218199.0,301798.0
Caribbean_Central_America,KNA,Saint Kitts and Nevis,KN-15,Trinity Palmetto Point,1335.0,426908113.0,84020143.0,0.0,0.0,1174.0,476689.0,510928255.0,188550.0
Caribbean_Central_America,LCA,Saint Lucia,LC-01,Anse la Raye,3084.0,661615239.0,126428867.0,0.0,0.0,7201.0,790312.0,788044105.0,323610.0
Caribbean_Central_America,LCA,Saint Lucia,LC-02,Castries,16504.0,3525294558.0,649606907.0,0.0,0.0,69197.0,4210202.0,4174901462.0,1784086.0
Caribbean_Central_America,LCA,Saint Lucia,LC-03,Choiseul,2090.0,444603232.0,83063523.0,0.0,0.0,6918.0,533005.0,527666754.0,219656.0
Caribbean_Central_America,LCA,Saint Lucia,LC-05,Dennery,7126.0,1542898966.0,293960118.0,0.0,0.0,13541.0,1828984.0,1836859086.0,762302.0
Caribbean_Central_America,LCA,Saint Lucia,LC-06,Gros Islet,8454.0,1842675910.0,356304860.0,0.0,0.0,28975.0,2194221.0,2198980772.0,912826.0
Caribbean_Central_America,LCA,Saint Lucia,LC-07,Laborie,2482.0,533878269.0,99774697.0,0.0,0.0,7427.0,633544.0,633652964.0,262083.0
Caribbean_Central_America,LCA,Saint Lucia,LC-08,Micoud,8123.0,1775699642.0,348074764.0,0.0,0.0,18506.0,2088298.0,2123774403.0,854192.0
Caribbean_Central_America,LCA,Saint Lucia,LC-10,Soufrière,3869.0,826254614.0,157153807.0,0.0,0.0,9933.0,986570.0,983408420.0,408917.0
Caribbean_Central_America,LCA,Saint Lucia,LC-11,Vieux Fort,5437.0,1224453655.0,238542822.0,0.0,0.0,17425.0,1443349.0,1462996478.0,605635.0
Caribbean_Central_America,LCA,Saint Lucia,LC-12,Canaries,1474.0,311807530.0,60335032.0,0.0,0.0,1026.0,377245.0,372142561.0,150817.0
Caribbean_Central_America,MSR,Montserrat,MS-C,Central Region,832.0,200629633.0,42376136.0,0.0,0.0,25.0,244149.0,243005773.0,89131.0
Caribbean_Central_America,MSR,Montserrat,MS-N,Northern Region,1045.0,193597186.0,43211805.0,0.0,0.0,3803.0,251018.0,236808990.0,83294.0
Caribbean_Central_America,MSR,Montserrat,MS-S,South of Nantes River,6989.0,1430207049.0,264306308.0,0.0,0.0,530.0,1906375.0,1694513360.0,762616.0
Caribbean_Central_America,MTQ,Martinique,MQ-FF,Fort-de-France,21630.0,9239978469.0,1765249220.0,0.0,0.0,141844.0,5896835.0,11005227691.0,2270089.0
Caribbean_Central_America,MTQ,Martinique,MQ-LM,Le Marin,44145.0,18791896298.0,3572942387.0,0.0,0.0,107359.0,11991440.0,22364838686.0,4619451.0
Caribbean_Central_America,MTQ,Martinique,MQ-LT,La Trinité,29299.0,12356008986.0,2347761362.0,0.0,0.0,70238.0,7893777.0,14703770347.0,3031901.0
Caribbean_Central_America,MTQ,Martinique,MQ-SP,Saint-Pierre,17422.0,7701833874.0,1471547251.0,0.0,0.0,21000.0,4887596.0,9173381129.0,1905166.0
Caribbean_Central_America,NIC,Nicaragua,NI-AN,Costa Caribe Norte,109680.0,1955943092.0,483012248.0,0.0,0.0,540982.0,6491420.0,2438955325.0,1103949.0
Caribbean_Central_America,NIC,Nicaragua,NI-AS,Costa Caribe Sur,106686.0,2336058585.0,549098218.0,0.0,0.0,505761.0,7149003.0,2885156816.0,1683489.0
Caribbean_Central_America,NIC,Nicaragua,NI-BO,Boaco,42896.0,1114504258.0,268656749.0,0.0,0.0,200789.0,3292887.0,1383161005.0,854786.0
Caribbean_Central_America,NIC,Nicaragua,NI-CA,Carazo,47565.0,1696192176.0,447455285.0,0.0,0.0,195131.0,4208596.0,2143647455.0,1048451.0
Caribbean_Central_America,NIC,Nicaragua,NI-CI,Chinandega,110606.0,3849135280.0,905176096.0,0.0,0.0,459226.0,10577514.0,4754311383.0,3661459.0
Caribbean_Central_America,NIC,Nicaragua,NI-CO,Chontales,46338.0,1556516620.0,379555820.0,0.0,0.0,192713.0,4201070.0,1936072445.0,1292613.0
Caribbean_Central_America,NIC,Nicaragua,NI-ES,Estelí,58127.0,2240645671.0,564488573.0,0.0,0.0,243958.0,6030817.0,2805134237.0,2100952.0
Caribbean_Central_America,NIC,Nicaragua,NI-GR,Granada,25258.0,969772169.0,255266967.0,0.0,0.0,89999.0,2451953.0,1225039131.0,795191.0
Caribbean_Central_America,NIC,Nicaragua,NI-JI,Jinotega,108604.0,2348780890.0,558055199.0,0.0,0.0,554701.0,7537149.0,2906836092.0,1808079.0
Caribbean_Central_America,NIC,Nicaragua,NI-LE,León,110792.0,4244919941.0,1002166098.0,0.0,0.0,441642.0,11317110.0,5247086045.0,4123618.0
Caribbean_Central_America,NIC,Nicaragua,NI-MD,Madriz,37469.0,767541840.0,193957489.0,0.0,0.0,176831.0,2963815.0,961499327.0,602053.0
Caribbean_Central_America,NIC,Nicaragua,NI-MN,Managua,355955.0,14937237262.0,3419371573.0,0.0,0.0,1591593.0,38076269.0,18356608840.0,13914153.0
Caribbean_Central_America,NIC,Nicaragua,NI-MS,Masaya,87373.0,3289973694.0,832065536.0,0.0,0.0,398310.0,8451381.0,4122039233.0,2661165.0
Caribbean_Central_America,NIC,Nicaragua,NI-MT,Matagalpa,126186.0,3739343505.0,911042298.0,0.0,0.0,564449.0,10603487.0,4650385804.0,3271289.0
Caribbean_Central_America,NIC,Nicaragua,NI-NS,Nueva Segovia,63138.0,1375486830.0,368363494.0,0.0,0.0,278279.0,5229504.0,1743850316.0,1068623.0
Caribbean_Central_America,NIC,Nicaragua,NI-RI,Rivas,65835.0,2178651422.0,479596991.0,0.0,0.0,119007.0,5981571.0,2658248414.0,2054079.0
Caribbean_Central_America,NIC,Nicaragua,NI-SJ,Río San Juan,31453.0,569127958.0,136819742.0,0.0,0.0,136452.0,1854270.0,705947692.0,344918.0
Caribbean_Central_America,PAN,Panama,PA-1,Bocas del Toro,39150.0,3227265574.0,680941979.0,0.0,0.0,170478.0,4585546.0,3908207555.0,1298357.0
Caribbean_Central_America,PAN,Panama,PA-10,Panamá Oeste,198383.0,21062626578.0,3917878429.0,0.0,0.0,708280.0,25734936.0,24980505018.0,9721059.0
Caribbean_Central_America,PAN,Panama,PA-2,Coclé,89499.0,8542824108.0,1721911837.0,0.0,0.0,301204.0,11057415.0,10264735950.0,4410958.0
Caribbean_Central_America,PAN,Panama,PA-3,Colón,74048.0,8891999717.0,1778186545.0,0.0,0.0,310562.0,11378369.0,10670186253.0,4447130.0
Caribbean_Central_America,PAN,Panama,PA-4,Chiriquí,163752.0,16704870407.0,3423551123.0,0.0,0.0,521536.0,21675215.0,20128421537.0,8616064.0
Caribbean_Central_America,PAN,Panama,PA-5,Darién,16849.0,1021951502.0,227408934.0,0.0,0.0,61101.0,1693018.0,1249360438.0,422565.0
Caribbean_Central_America,PAN,Panama,PA-6,Herrera,47262.0,5163872747.0,1110617272.0,0.0,0.0,136637.0,6868902.0,6274490017.0,2794305.0
Caribbean_Central_America,PAN,Panama,PA-7,Los Santos,42653.0,4106034130.0,894728393.0,0.0,0.0,106826.0,5668013.0,5000762492.0,2352349.0
Caribbean_Central_America,PAN,Panama,PA-8,Panamá,332877.0,59388337524.0,12801598256.0,0.0,0.0,1621480.0,78646393.0,72189935755.0,32297959.0
Caribbean_Central_America,PAN,Panama,PA-9,Veraguas,88437.0,8297956587.0,1663761309.0,0.0,0.0,273299.0,10719439.0,9961717916.0,4186190.0
Caribbean_Central_America,PAN,Panama,PA-EM,Emberá,3567.0,488350258.0,115270917.0,0.0,0.0,13961.0,691553.0,603621174.0,216700.0
Caribbean_Central_America,PAN,Panama,PA-KY,Guna Yala,5675.0,297842704.0,68706380.0,0.0,0.0,34783.0,522088.0,366549087.0,91516.0
Caribbean_Central_America,PAN,Panama,PA-NB,Ngäbe-Buglé,43151.0,2101820051.0,496376918.0,0.0,0.0,237398.0,3863614.0,2598196980.0,617218.0
Caribbean_Central_America,PAN,Panama,PA-NT,Naso Tjër Di,1147.0,62194570.0,15225374.0,0.0,0.0,5607.0,117521.0,77419938.0,15013.0
Caribbean_Central_America,PRI,Puerto Rico,PR-AB,Aguas Buenas,10233.0,3367232937.0,1692549053.0,2657743419.0,709489463.0,23234.0,2117965.0,5059781989.0,728411.0
Caribbean_Central_America,PRI,Puerto Rico,PR-AC,Arecibo,43199.0,13370849548.0,6831128616.0,10611429346.0,2759419842.0,84306.0,7988279.0,20201978163.0,2796783.0
Caribbean_Central_America,PRI,Puerto Rico,PR-AD,Aguada,19612.0,5848573944.0,2966103869.0,4635063161.0,1213510638.0,36597.0,3746828.0,8814677809.0,1276312.0
Caribbean_Central_America,PRI,Puerto Rico,PR-AI,Aibonito,11756.0,3540485886.0,1795138275.0,2815669888.0,724815922.0,23641.0,1997465.0,5335624159.0,681967.0
Caribbean_Central_America,PRI,Puerto Rico,PR-AJ,Adjuntas,10054.0,2116040119.0,1084768815.0,1668081116.0,447958949.0,17308.0,1374720.0,3200808938.0,464164.0
Caribbean_Central_America,PRI,Puerto Rico,PR-AL,Aguadilla,27881.0,11346929510.0,5688704696.0,9178318554.0,2168610664.0,52849.0,6888692.0,17035634213.0,2370671.0
Caribbean_Central_America,PRI,Puerto Rico,PR-AN,Añasco,13066.0,3642016040.0,1826664760.0,2865349844.0,776666123.0,24545.0,2183080.0,5468680800.0,749221.0
Caribbean_Central_America,PRI,Puerto Rico,PR-AR,Arroyo,8638.0,2349799857.0,1178956151.0,1879611624.0,470188176.0,15190.0,1394972.0,3528756005.0,488926.0
Caribbean_Central_America,PRI,Puerto Rico,PR-BC,Barceloneta,11191.0,7823399678.0,3934939249.0,6426232951.0,1397166575.0,21747.0,4550391.0,11758338936.0,1556333.0
Caribbean_Central_America,PRI,Puerto Rico,PR-BQ,Barranquitas,12854.0,3502351150.0,1756108002.0,2755187908.0,747163150.0,27792.0,2114365.0,5258459153.0,713878.0
Caribbean_Central_America,PRI,Puerto Rico,PR-BY,Bayamón,65084.0,31927812808.0,16384686446.0,25859922693.0,6067889415.0,177844.0,17868292.0,48312499263.0,6372184.0
Caribbean_Central_America,PRI,Puerto Rico,PR-CA,Camuy,17191.0,4132040321.0,2091413559.0,3227493092.0,904547148.0,31500.0,2537614.0,6223453887.0,874377.0
Caribbean_Central_America,PRI,Puerto Rico,PR-CB,Ceiba,6835.0,2516393792.0,1262400161.0,2034903835.0,481489877.0,10842.0,1441443.0,3778793950.0,507054.0
Caribbean_Central_America,PRI,Puerto Rico,PR-CD,Cidra,18514.0,6689796843.0,3360863671.0,5373743157.0,1316053501.0,38337.0,4173125.0,10050660512.0,1421224.0
Caribbean_Central_America,PRI,Puerto Rico,PR-CG,Caguas,46840.0,23301547201.0,11789217595.0,18791732327.0,4509814341.0,122026.0,13366125.0,35090764792.0,4670344.0
Caribbean_Central_America,PRI,Puerto Rico,PR-CL,Ciales,9097.0,2243230331.0,1129551441.0,1763022415.0,480207860.0,16290.0,1366365.0,3372781777.0,464401.0
Caribbean_Central_America,PRI,Puerto Rico,PR-CM,Comerío,8175.0,2328307629.0,1169403850.0,1849480514.0,478827039.0,18109.0,1525908.0,3497711478.0,531011.0
Caribbean_Central_America,PRI,Puerto Rico,PR-CN,Carolina,48298.0,26559632460.0,13731748480.0,21598603844.0,4961028082.0,148943.0,14543438.0,40291380940.0,5284021.0
Caribbean_Central_America,PRI,Puerto Rico,PR-CO,Coamo,17422.0,4802234061.0,2441718805.0,3804764941.0,997469006.0,33271.0,2832643.0,7243952865.0,963900.0
Caribbean_Central_America,PRI,Puerto Rico,PR-CR,Cabo Rojo,30536.0,7336071487.0,3696962344.0,5789167906.0,1546903387.0,45238.0,4711509.0,11033033824.0,1591894.0
Caribbean_Central_America,PRI,Puerto Rico,PR-CT,Cataño,8291.0,5463640340.0,2808536054.0,4527715483.0,935924774.0,22276.0,2976031.0,8272176393.0,1037435.0
Caribbean_Central_America,PRI,Puerto Rico,PR-CU,Culebra,1296.0,333226245.0,166610803.0,260695059.0,72531167.0,1718.0,204536.0,499837048.0,65592.0
Caribbean_Central_America,PRI,Puerto Rico,PR-CV,Canóvanas,17752.0,5162958158.0,2598623878.0,4066673072.0,1096284921.0,40613.0,3066841.0,7761582039.0,1054007.0
Caribbean_Central_America,PRI,Puerto Rico,PR-CY,Cayey,17251.0,5734047017.0,2877337079.0,4629256159.0,1104790749.0,39949.0,3463277.0,8611384095.0,1170456.0
Caribbean_Central_America,PRI,Puerto Rico,PR-CZ,Corozal,15681.0,4356482125.0,2193438216.0,3429289611.0,927192381.0,33160.0,2895842.0,6549920341.0,1006357.0
Caribbean_Central_America,PRI,Puerto Rico,PR-DO,Dorado,15554.0,5914199720.0,2972026729.0,4732711444.0,1181488145.0,34417.0,3380983.0,8886226452.0,1159301.0
Caribbean_Central_America,PRI,Puerto Rico,PR-FJ,Fajardo,14742.0,5768022322.0,2986048250.0,4640697987.0,1127324186.0,30882.0,3289270.0,8754070570.0,1160871.0
Caribbean_Central_America,PRI,Puerto Rico,PR-FL,Florida,5604.0,1488448207.0,749762518.0,1162268221.0,326179952.0,11212.0,888194.0,2238210728.0,304846.0
Caribbean_Central_America,PRI,Puerto Rico,PR-GB,Guaynabo,26502.0,19784863632.0,10172923978.0,16406436389.0,3378426851.0,86266.0,10710788.0,29957787600.0,3793077.0
Caribbean_Central_America,PRI,Puerto Rico,PR-GC,Guánica,8385.0,2183345038.0,1110287033.0,1741988451.0,441356529.0,13242.0,1398919.0,3293632072.0,494121.0
Caribbean_Central_America,PRI,Puerto Rico,PR-GL,Guayanilla,8224.0,2101570798.0,1139074770.0,1662552205.0,439018528.0,17164.0,1298891.0,3240645569.0,469563.0
Caribbean_Central_America,PRI,Puerto Rico,PR-GM,Guayama,20101.0,6974592195.0,3506935188.0,5646198494.0,1328393536.0,35131.0,4100879.0,10481527377.0,1425234.0
Caribbean_Central_America,PRI,Puerto Rico,PR-GR,Gurabo,16618.0,5426027559.0,2722873773.0,4277879189.0,1148148221.0,38955.0,3084486.0,8148901336.0,1033086.0
Caribbean_Central_America,PRI,Puerto Rico,PR-HA,Hatillo,19455.0,5727943039.0,2864676814.0,4549059479.0,1178883411.0,36904.0,3409530.0,8592619856.0,1152665.0
Caribbean_Central_America,PRI,Puerto Rico,PR-HO,Hormigueros,6745.0,2279436363.0,1144226728.0,1823426949.0,456009362.0,15013.0,1358185.0,3423663094.0,479944.0
Caribbean_Central_America,PRI,Puerto Rico,PR-HU,Humacao,25382.0,9801575477.0,4945624054.0,7880728293.0,1920846978.0,48838.0,5546505.0,14747199535.0,1914946.0
Caribbean_Central_America,PRI,Puerto Rico,PR-IS,Isabela,24451.0,5968781872.0,3004272528.0,4683848411.0,1284933314.0,41194.0,3815605.0,8973054395.0,1325475.0
Caribbean_Central_America,PRI,Puerto Rico,PR-JC,Juncos,16146.0,5181582692.0,2611487827.0,4148533584.0,1033048997.0,35510.0,3038905.0,7793070521.0,1037633.0
Caribbean_Central_America,PRI,Puerto Rico,PR-JD,Juana Díaz,21537.0,5918427872.0,2970439838.0,4696683855.0,1221743846.0,44631.0,3496630.0,8888867709.0,1201957.0
Caribbean_Central_America,PRI,Puerto Rico,PR-JY,Jayuya,7369.0,1822955069.0,914693638.0,1448253615.0,374701404.0,14172.0,1128902.0,2737648707.0,381082.0
Caribbean_Central_America,PRI,Puerto Rico,PR-LJ,Lajas,11929.0,2617740730.0,1316855279.0,2061459090.0,556281563.0,22385.0,1732322.0,3934596005.0,593879.0
Caribbean_Central_America,PRI,Puerto Rico,PR-LM,Las Marías,5094.0,949142151.0,474565268.0,744351236.0,204790889.0,8511.0,669878.0,1423707421.0,224798.0
Caribbean_Central_America,PRI,Puerto Rico,PR-LP,Las Piedras,17172.0,5839104700.0,2924942319.0,4667333474.0,1171771105.0,33737.0,3453863.0,8764047017.0,1167218.0
Caribbean_Central_America,PRI,Puerto Rico,PR-LQ,Luquillo,8549.0,2874279876.0,1443673932.0,2295094625.0,579185173.0,17056.0,1676586.0,4317953805.0,576937.0
Caribbean_Central_America,PRI,Puerto Rico,PR-LR,Lares,13743.0,3293175045.0,1669093848.0,2580342617.0,712832356.0,26982.0,2132581.0,4962268894.0,733869.0
Caribbean_Central_America,PRI,Puerto Rico,PR-LZ,Loíza,10780.0,2944536949.0,1475301838.0,2306605606.0,637931260.0,22721.0,1880659.0,4419838784.0,645514.0
Caribbean_Central_America,PRI,Puerto Rico,PR-MB,Maunabo,5691.0,1316907402.0,667796919.0,1023982759.0,292924600.0,10165.0,808286.0,1984704318.0,279811.0
Caribbean_Central_America,PRI,Puerto Rico,PR-MC,Moca,19005.0,4724293695.0,2365069470.0,3706438983.0,1017854591.0,35929.0,3029276.0,7089363167.0,1018620.0
Caribbean_Central_America,PRI,Puerto Rico,PR-MG,Mayagüez,31650.0,13880864793.0,7160525416.0,11330508420.0,2550356095.0,70332.0,7907064.0,21041390204.0,2804237.0
Caribbean_Central_America,PRI,Puerto Rico,PR-MR,Maricao,2925.0,689586378.0,344789120.0,546184911.0,143401449.0,4559.0,422764.0,1034375497.0,143630.0
Caribbean_Central_America,PRI,Puerto Rico,PR-MT,Manatí,17838.0,7430345214.0,3744889493.0,6016655934.0,1413689108.0,37894.0,4266012.0,11175234710.0,1464579.0
Caribbean_Central_America,PRI,Puerto Rico,PR-MV,Morovis,13746.0,3598773937.0,1803586938.0,2822832138.0,775941716.0,27546.0,2080041.0,5402360877.0,712884.0
Caribbean_Central_America,PRI,Puerto Rico,PR-NG,Naguabo,12035.0,3498097166.0,1766118563.0,2764075447.0,734021625.0,22442.0,2126458.0,5264215730.0,740830.0
Caribbean_Central_America,PRI,Puerto Rico,PR-NR,Naranjito,12131.0,3423342105.0,1716165471.0,2690567906.0,732774137.0,28040.0,2119921.0,5139507577.0,729483.0
Caribbean_Central_America,PRI,Puerto Rico,PR-OR,Orocovis,11227.0,2367571606.0,1186285600.0,1851608435.0,515963103.0,20554.0,1529163.0,3553857205.0,511754.0
Caribbean_Central_America,PRI,Puerto Rico,PR-PN,Peñuelas,10785.0,3017307327.0,1510014920.0,2412806456.0,604500783.0,19561.0,1728750.0,4527322248.0,593100.0
Caribbean_Central_America,PRI,Puerto Rico,PR-PO,Ponce,55619.0,24020039097.0,12242248162.0,19570944741.0,4449093804.0,132045.0,13584798.0,36262287260.0,4761893.0
Caribbean_Central_America,PRI,Puerto Rico,PR-PT,Patillas,9330.0,2350799436.0,1184141739.0,1863327050.0,487472333.0,15338.0,1446586.0,3534941174.0,485546.0
Caribbean_Central_America,PRI,Puerto Rico,PR-QB,Quebradillas,12303.0,3196805165.0,1618617028.0,2509271347.0,687533746.0,22682.0,1961101.0,4815422192.0,684055.0
Caribbean_Central_America,PRI,Puerto Rico,PR-RC,Rincón,7395.0,2487733704.0,1243857568.0,1987826373.0,499907270.0,14563.0,1588817.0,3731591267.0,540419.0
Caribbean_Central_America,PRI,Puerto Rico,PR-RG,Río Grande,20699.0,7263010553.0,3658774567.0,5806050853.0,1456959468.0,45138.0,4121204.0,10921785123.0,1407671.0
Caribbean_Central_America,PRI,Puerto Rico,PR-SA,Salinas,16811.0,4509089603.0,2288088662.0,3584757468.0,924332007.0,24765.0,2669579.0,6797178260.0,926629.0
Caribbean_Central_America,PRI,Puerto Rico,PR-SB,Sabana Grande,11145.0,2694430552.0,1372797353.0,2124078450.0,570352029.0,21817.0,1650401.0,4067227908.0,571848.0
Caribbean_Central_America,PRI,Puerto Rico,PR-SG,San Germán,15665.0,4518785794.0,2286524717.0,3604374259.0,914411455.0,30594.0,2747095.0,6805310524.0,935373.0
Caribbean_Central_America,PRI,Puerto Rico,PR-SI,Santa Isabel,10539.0,2869387875.0,1452627652.0,2276780988.0,592606818.0,19457.0,1663682.0,4322015527.0,575914.0
Caribbean_Central_America,PRI,Puerto Rico,PR-SJ,San Juan,86044.0,68522052195.0,38257195364.0,56747260380.0,11774790607.0,331187.0,37111663.0,106779247560.0,13975211.0
Caribbean_Central_America,PRI,Puerto Rico,PR-SL,San Lorenzo,18429.0,4564714823.0,2286075802.0,3584180110.0,980534543.0,36142.0,2763866.0,6850790624.0,943319.0
Caribbean_Central_America,PRI,Puerto Rico,PR-SS,San Sebastián,21143.0,5459342738.0,2753103361.0,4295784904.0,1163557718.0,37753.0,3504034.0,8212446099.0,1185255.0
Caribbean_Central_America,PRI,Puerto Rico,PR-TA,Toa Alta,25925.0,7888281902.0,3954256708.0,6195203604.0,1693078069.0,64108.0,4677073.0,11842538617.0,1598512.0
Caribbean_Central_America,PRI,Puerto Rico,PR-TB,Toa Baja,28574.0,10039007138.0,5059920291.0,8055078608.0,1983928286.0,72068.0,5797959.0,15098927432.0,2035680.0
Caribbean_Central_America,PRI,Puerto Rico,PR-TJ,Trujillo Alto,21402.0,9549823307.0,4822992626.0,7724128490.0,1825694571.0,64878.0,5296669.0,14372815934.0,1838861.0
Caribbean_Central_America,PRI,Puerto Rico,PR-UT,Utuado,16090.0,3846296718.0,1936152537.0,3035272960.0,811023658.0,27139.0,2530964.0,5782449253.0,858224.0
Caribbean_Central_America,PRI,Puerto Rico,PR-VA,Vega Alta,16236.0,4960015014.0,2486647925.0,3968772631.0,991242265.0,33945.0,2983986.0,7446662944.0,1019575.0
Caribbean_Central_America,PRI,Puerto Rico,PR-VB,Vega Baja,25301.0,7138060016.0,3594546543.0,5641380357.0,1496679494.0,52193.0,4368396.0,10732606557.0,1536163.0
Caribbean_Central_America,PRI,Puerto Rico,PR-VL,Villalba,10279.0,2559665261.0,1285875073.0,2018741378.0,540923818.0,21188.0,1518520.0,3845540335.0,519815.0
Caribbean_Central_America,PRI,Puerto Rico,PR-VQ,Vieques,5860.0,1264470409.0,634571874.0,995945743.0,268524634.0,7910.0,810646.0,1899042282.0,267496.0
Caribbean_Central_America,PRI,Puerto Rico,PR-YB,Yabucoa,15806.0,3891300841.0,1960098739.0,3047540268.0,843760451.0,29184.0,2383263.0,5851399575.0,824704.0
Caribbean_Central_America,PRI,Puerto Rico,PR-YU,Yauco,14103.0,3503692981.0,1804441469.0,2760715206.0,742977681.0,32819.0,2266153.0,5308134448.0,790288.0
Caribbean_Central_America,SLV,El Salvador,SV-AH,Ahuachapán,155805.0,9398347990.0,1683701441.0,0.0,0.0,356754.0,16338753.0,11082049404.0,7854179.0
Caribbean_Central_America,SLV,El Salvador,SV-CA,Cabañas,70565.0,5836809985.0,1031715996.0,0.0,0.0,153687.0,9839098.0,6868525968.0,4761269.0
Caribbean_Central_America,SLV,El Salvador,SV-CH,Chalatenango,100467.0,7478331966.0,1320543955.0,0.0,0.0,178559.0,12839097.0,8798875936.0,6250101.0
Caribbean_Central_America,SLV,El Salvador,SV-CU,Cuscatlán,111680.0,6535735990.0,1165048841.0,0.0,0.0,270437.0,11150210.0,7700784818.0,5321737.0
Caribbean_Central_America,SLV,El Salvador,SV-LI,La Libertad,295335.0,26074611580.0,4852279761.0,0.0,0.0,812720.0,43957371.0,30926891361.0,20975960.0
Caribbean_Central_America,SLV,El Salvador,SV-MO,Morazán,84188.0,6102982444.0,1078563003.0,0.0,0.0,198318.0,10355423.0,7181545453.0,5013630.0
Caribbean_Central_America,SLV,El Salvador,SV-PA,La Paz,142868.0,10251450587.0,1837085976.0,0.0,0.0,367161.0,17241223.0,12088536552.0,7989287.0
Caribbean_Central_America,SLV,El Salvador,SV-SA,Santa Ana,274671.0,18880387324.0,3413200915.0,0.0,0.0,557177.0,33023751.0,22293588237.0,15660440.0
Caribbean_Central_America,SLV,El Salvador,SV-SM,San Miguel,223967.0,18039121660.0,3216110728.0,0.0,0.0,471363.0,30074096.0,21255232404.0,13791391.0
Caribbean_Central_America,SLV,El Salvador,SV-SO,Sonsonate,207276.0,13914313590.0,2535810121.0,0.0,0.0,517379.0,23388025.0,16450123738.0,11160528.0
Caribbean_Central_America,SLV,El Salvador,SV-SS,San Salvador,463970.0,39265216816.0,7628835485.0,0.0,0.0,1731149.0,66258727.0,46894052279.0,30453459.0
Caribbean_Central_America,SLV,El Salvador,SV-SV,San Vicente,85026.0,5518874166.0,975306124.0,0.0,0.0,174338.0,9314573.0,6494180297.0,4366078.0
Caribbean_Central_America,SLV,El Salvador,SV-UN,La Unión,122681.0,9463502732.0,1672556606.0,0.0,0.0,224359.0,15958146.0,11136059320.0,7735413.0
Caribbean_Central_America,SLV,El Salvador,SV-US,Usulután,154516.0,11618708236.0,2082215314.0,0.0,0.0,352098.0,20049950.0,13700923557.0,9548379.0
Caribbean_Central_America,TCA,Turks and Caicos Islands,TC-GT,Grand Turk,11201.0,5814562774.0,1123938610.0,0.0,0.0,7290.0,4004410.0,6938501385.0,1565395.0
Caribbean_Central_America,TCA,Turks and Caicos Islands,TC-MC,Middle Caicos,1180.0,579933226.0,115503641.0,0.0,0.0,755.0,405446.0,695436864.0,156697.0
Caribbean_Central_America,TCA,Turks and Caicos Islands,TC-NC,North Caicos,4904.0,2424824232.0,451338562.0,0.0,0.0,3366.0,1680078.0,2876162793.0,657377.0
Caribbean_Central_America,TCA,Turks and Caicos Islands,TC-PR,Providenciales,50294.0,25514978106.0,4917558703.0,0.0,0.0,31962.0,17563371.0,30432536810.0,6898746.0
Caribbean_Central_America,TCA,Turks and Caicos Islands,TC-SC,South Caicos,4833.0,2425860307.0,464699292.0,0.0,0.0,3100.0,1669502.0,2890559601.0,652456.0
Caribbean_Central_America,TCA,Turks and Caicos Islands,TC-SY,Salt Cay,514.0,278307378.0,53335553.0,0.0,0.0,381.0,193922.0,331642931.0,75104.0
Caribbean_Central_America,TTO,Trinidad and Tobago,TT-ARI,Arima,13056.0,1293894789.0,281755093.0,0.0,0.0,47328.0,1764381.0,1575649891.0,698052.0
Caribbean_Central_America,TTO,Trinidad and Tobago,TT-CHA,Chaguanas,27297.0,2675045628.0,568999154.0,0.0,0.0,98560.0,3633750.0,3244044782.0,1430661.0
Caribbean_Central_America,TTO,Trinidad and Tobago,TT-CTT,Couva-Tabaquite-Talparo,53179.0,4539331524.0,1009528285.0,0.0,0.0,198217.0,6327294.0,5548859813.0,2328900.0
Caribbean_Central_America,TTO,Trinidad and Tobago,TT-DMN,Diego Martin,31198.0,3282797811.0,698049037.0,0.0,0.0,113452.0,4420245.0,3980846843.0,1755335.0
Caribbean_Central_America,TTO,Trinidad and Tobago,TT-MRC,Mayaro-Rio Claro,11260.0,787306028.0,187802926.0,0.0,0.0,39732.0,1145884.0,975108955.0,370338.0
Caribbean_Central_America,TTO,Trinidad and Tobago,TT-PED,Penal-Debe,29379.0,2338841034.0,527669416.0,0.0,0.0,106373.0,3309681.0,2866510453.0,1159268.0
Caribbean_Central_America,TTO,Trinidad and Tobago,TT-POS,Port of Spain,26481.0,3337025002.0,789414284.0,0.0,0.0,53968.0,4440641.0,4126439280.0,1744223.0
Caribbean_Central_America,TTO,Trinidad and Tobago,TT-PRT,Princes Town,29143.0,2174580723.0,490946319.0,0.0,0.0,89589.0,3114840.0,2665527045.0,1044300.0
Caribbean_Central_America,TTO,Trinidad and Tobago,TT-PTF,Point Fortin,8397.0,735422238.0,159644950.0,0.0,0.0,27480.0,1025049.0,895067189.0,360670.0
Caribbean_Central_America,TTO,Trinidad and Tobago,TT-SFO,San Fernando,24959.0,2631451464.0,569584921.0,0.0,0.0,80440.0,3560654.0,3201036387.0,1378534.0
Caribbean_Central_America,TTO,Trinidad and Tobago,TT-SGE,Sangre Grande,23899.0,1839838209.0,415574803.0,0.0,0.0,83662.0,2617267.0,2255413011.0,940733.0
Caribbean_Central_America,TTO,Trinidad and Tobago,TT-SIP,Siparia,27038.0,2018619389.0,464658689.0,0.0,0.0,89833.0,2898636.0,2483278071.0,999953.0
Caribbean_Central_America,TTO,Trinidad and Tobago,TT-SJL,San Juan-Laventille,44216.0,4795020518.0,1007040921.0,0.0,0.0,166558.0,6452877.0,5802061440.0,2533997.0
Caribbean_Central_America,TTO,Trinidad and Tobago,TT-TOB,Tobago,21500.0,1987601742.0,473028249.0,0.0,0.0,68854.0,2752907.0,2460629996.0,1040188.0
Caribbean_Central_America,TTO,Trinidad and Tobago,TT-TUP,Tunapuna-Piarco,66254.0,6361110465.0,1346194938.0,0.0,0.0,247105.0,8676867.0,7707305411.0,3410914.0
Caribbean_Central_America,VCT,Saint Vincent and the Grenadines,VC-01,Charlotte,11634.0,2385085820.0,493934157.0,0.0,0.0,26597.0,3609928.0,2879019977.0,1172691.0
Caribbean_Central_America,VCT,Saint Vincent and the Grenadines,VC-02,Saint Andrew,2545.0,528062630.0,108966064.0,0.0,0.0,13179.0,802847.0,637028701.0,276205.0
Caribbean_Central_America,VCT,Saint Vincent and the Grenadines,VC-03,Saint David,7087.0,1473106413.0,305642535.0,0.0,0.0,6264.0,2224928.0,1778748946.0,710658.0
Caribbean_Central_America,VCT,Saint Vincent and the Grenadines,VC-04,Saint George,3571.0,769300365.0,152453096.0,0.0,0.0,38333.0,1140637.0,921753461.0,417792.0
Caribbean_Central_America,VCT,Saint Vincent and the Grenadines,VC-05,Saint Patrick,3830.0,742588081.0,154297427.0,0.0,0.0,6276.0,1145379.0,896885510.0,355503.0
Caribbean_Central_America,VCT,Saint Vincent and the Grenadines,VC-06,Grenadines,5098.0,1046426611.0,207911263.0,0.0,0.0,9275.0,1596444.0,1254337877.0,548068.0
Caribbean_Central_America,VGB,British Virgin Islands,VG-AN,Anegada,122.0,116231823.0,24193677.0,0.0,0.0,510.0,64018.0,140425501.0,18263.0
Caribbean_Central_America,VGB,British Virgin Islands,VG-JV,Jost Van Dyke,100.0,107032323.0,23952885.0,0.0,0.0,414.0,59220.0,130985209.0,17978.0
Caribbean_Central_America,VGB,British Virgin Islands,VG-TO,Tortola,8363.0,10119645546.0,2361100821.0,0.0,0.0,32221.0,5525220.0,12480746366.0,1789725.0
Caribbean_Central_America,VGB,British Virgin Islands,VG-VG,Virgin Gorda,1694.0,2050265747.0,460571769.0,0.0,0.0,6586.0,1111873.0,2510837516.0,363975.0
Caribbean_Central_America,VIR,U.S. Virgin Islands,VI-SC,Saint Croix,22883.0,9042113875.0,6115841584.0,7145518159.0,1896595544.0,34389.0,5881786.0,15157955460.0,2184165.0
Caribbean_Central_America,VIR,U.S. Virgin Islands,VI-SJ,Saint John,3408.0,1282647381.0,709518804.0,1027432003.0,255215356.0,3265.0,802079.0,1992166181.0,267499.0
Caribbean_Central_America,VIR,U.S. Virgin Islands,VI-ST,Saint Thomas,16056.0,8400210308.0,5220515087.0,6723131268.0,1677078874.0,34499.0,5434496.0,13620725387.0,1962361.0
Central_Asia,KAZ,Kazakhstan,KZ-AKM,Akmola Region,160373.0,14726117614.0,3336162697.0,0.0,0.0,835611.0,25903367.0,18062280293.0,12497720.0
Central_Asia,KAZ,Kazakhstan,KZ-AKT,Aktobe Region,122714.0,8224149833.0,1827766426.0,0.0,0.0,978946.0,16035829.0,10051916250.0,7971699.0
Central_Asia,KAZ,Kazakhstan,KZ-ALA,Almaty,228449.0,22024528771.0,5017888944.0,0.0,0.0,2276910.0,37868359.0,27042417692.0,18806566.0
Central_Asia,KAZ,Kazakhstan,KZ-ALM,Almaty Region,437421.0,35571933988.0,7613820661.0,0.0,0.0,2328319.0,64129696.0,43185754691.0,31291469.0
Central_Asia,KAZ,Kazakhstan,KZ-AST,Astana,63036.0,6035931352.0,1479186475.0,0.0,0.0,1424302.0,10456249.0,7515117824.0,5685814.0
Central_Asia,KAZ,Kazakhstan,KZ-ATY,Atyrau Region,102655.0,8001209886.0,1688899401.0,0.0,0.0,728080.0,14648071.0,9690109312.0,7223471.0
Central_Asia,KAZ,Kazakhstan,KZ-KAR,Karaganda Region,134141.0,17810450534.0,4209643452.0,0.0,0.0,1430699.0,28643924.0,22020093974.0,13880461.0
Central_Asia,KAZ,Kazakhstan,KZ-KUS,Kostanay Region,125216.0,11945835543.0,2667894025.0,0.0,0.0,877133.0,20623179.0,14613729561.0,9942765.0
Central_Asia,KAZ,Kazakhstan,KZ-KZY,Kyzylorda Region,131361.0,11654358101.0,2435475005.0,0.0,0.0,879240.0,20347111.0,14089833110.0,9926538.0
Central_Asia,KAZ,Kazakhstan,KZ-MAN,Mangystau Region,90767.0,7973644152.0,1538292127.0,0.0,0.0,809914.0,13872264.0,9511936294.0,7071989.0
Central_Asia,KAZ,Kazakhstan,KZ-PAV,Pavlodar Region,88606.0,9890406811.0,2306202422.0,0.0,0.0,796303.0,16380762.0,12196609243.0,7843976.0
Central_Asia,KAZ,Kazakhstan,KZ-SEV,North Kazakhstan Region,126573.0,11920899227.0,2696970248.0,0.0,0.0,563330.0,20762901.0,14617869471.0,9836809.0
Central_Asia,KAZ,Kazakhstan,KZ-VOS,East Kazakhstan Region,235882.0,19061663877.0,4229426493.0,0.0,0.0,1413719.0,34749057.0,23291090367.0,16921070.0
Central_Asia,KAZ,Kazakhstan,KZ-YUZ,South Kazakhstan Region,584355.0,32284847157.0,7124662344.0,0.0,0.0,3492020.0,68660649.0,39409509494.0,35055784.0
Central_Asia,KAZ,Kazakhstan,KZ-ZAP,West Kazakhstan Region,117265.0,7234565040.0,1569774902.0,0.0,0.0,726030.0,14595454.0,8804339954.0,7299297.0
Central_Asia,KAZ,Kazakhstan,KZ-ZHA,Jambyl Region,202414.0,10179282150.0,2164241363.0,0.0,0.0,1283201.0,22559016.0,12343523517.0,11658630.0
Central_Asia,KGZ,Kyrgyzstan,KG-B,Batken,87451.0,3173851055.0,613587869.0,0.0,0.0,590225.0,12722231.0,3787438491.0,4567549.0
Central_Asia,KGZ,Kyrgyzstan,KG-C,Chüy,179747.0,6978720428.0,1363494669.0,0.0,0.0,1105225.0,27933794.0,8342215164.0,10385808.0
Central_Asia,KGZ,Kyrgyzstan,KG-GB,Bishkek Shaary,46296.0,10819362989.0,2159002108.0,0.0,0.0,1184733.0,25553475.0,12978364805.0,13328086.0
Central_Asia,KGZ,Kyrgyzstan,KG-GO,Osh Shaary,10887.0,2430087512.0,478922971.0,0.0,0.0,373837.0,5626052.0,2909010593.0,2781474.0
Central_Asia,KGZ,Kyrgyzstan,KG-J,Jalal-Abad,213593.0,6966110389.0,1301337409.0,0.0,0.0,1356071.0,30218399.0,8267447452.0,9803025.0
Central_Asia,KGZ,Kyrgyzstan,KG-N,Naryn,52991.0,1551357481.0,299623383.0,0.0,0.0,318621.0,7054094.0,1850980907.0,2217267.0
Central_Asia,KGZ,Kyrgyzstan,KG-O,Osh,204281.0,6600005121.0,1277791866.0,0.0,0.0,1510692.0,29219935.0,7877797652.0,9990133.0
Central_Asia,KGZ,Kyrgyzstan,KG-T,Talas,49542.0,1644159826.0,307987357.0,0.0,0.0,282836.0,7014270.0,1952147146.0,2355168.0
Central_Asia,KGZ,Kyrgyzstan,KG-Y,Ysyk-Köl,98576.0,3661231901.0,708537852.0,0.0,0.0,556916.0,14454229.0,4369769465.0,5184411.0
Central_Asia,TJK,Tajikistan,TJ-DU,Dushanbe,70644.0,7347649829.0,1412736242.0,0.0,0.0,1019651.0,18573997.0,8760385244.0,7980745.0
Central_Asia,TJK,Tajikistan,TJ-GB,Kŭhistoni Badakhshon,37553.0,690623054.0,135079112.0,0.0,0.0,242852.0,3385301.0,825702016.0,1209982.0
Central_Asia,TJK,Tajikistan,TJ-KT,Khatlon,530320.0,10388969828.0,2001732767.0,0.0,0.0,3745457.0,51390292.0,12390704683.0,18515424.0
Central_Asia,TJK,Tajikistan,TJ-RA,Nohiyahoi tobei jumhurí,358330.0,6640413190.0,1242578420.0,0.0,0.0,2478089.0,33388498.0,7882996245.0,11792169.0
Central_Asia,TJK,Tajikistan,TJ-SU,Sughd,467075.0,9328301950.0,1791040454.0,0.0,0.0,3012945.0,42442486.0,11119332586.0,16549017.0
Central_Asia,TKM,Turkmenistan,TM-A,Ahal,118518.0,6533873083.0,1538315227.0,0.0,0.0,1391650.0,20275897.0,8072188304.0,9727559.0
Central_Asia,TKM,Turkmenistan,TM-B,Balkan,49428.0,2770576121.0,655447810.0,0.0,0.0,565144.0,8454739.0,3426023932.0,4089316.0
Central_Asia,TKM,Turkmenistan,TM-D,Daşoguz,143707.0,7967002041.0,1878819683.0,0.0,0.0,1672392.0,24582925.0,9845821724.0,11826363.0
Central_Asia,TKM,Turkmenistan,TM-L,Lebap,135309.0,7533874434.0,1778940860.0,0.0,0.0,1563548.0,23143836.0,9312815299.0,11157939.0
Central_Asia,TKM,Turkmenistan,TM-M,Mary,148645.0,8284839283.0,1956739412.0,0.0,0.0,1715074.0,25425788.0,10241578687.0,12263938.0
Central_Asia,TKM,Turkmenistan,TM-S,Aşgabat,80074.0,4517366188.0,1070714735.0,0.0,0.0,711038.0,13693621.0,5588080925.0,6644792.0
Central_Asia,UZB,Uzbekistan,UZ-AN,Andijon Viloyati,469256.0,27058538666.0,5345870937.0,0.0,0.0,3617632.0,68685763.0,32404409599.0,31744392.0
Central_Asia,UZB,Uzbekistan,UZ-BU,Buxoro Viloyati,324194.0,20962525303.0,4466814492.0,0.0,0.0,2216086.0,49902637.0,25429339797.0,22402710.0
Central_Asia,UZB,Uzbekistan,UZ-FA,Farg‘ona Viloyati,497249.0,29133585071.0,6059478023.0,0.0,0.0,3626174.0,72182860.0,35193063083.0,32597676.0
Central_Asia,UZB,Uzbekistan,UZ-JI,Jizzax Viloyati,319369.0,17171606076.0,3297397309.0,0.0,0.0,2979229.0,45512179.0,20469003395.0,18392243.0
Central_Asia,UZB,Uzbekistan,UZ-NG,Namangan Viloyati,375919.0,23015579418.0,4663549687.0,0.0,0.0,2225393.0,56172779.0,27679129103.0,27150633.0
Central_Asia,UZB,Uzbekistan,UZ-NW,Navoiy Viloyati,301393.0,12203428277.0,2396511342.0,0.0,0.0,1795119.0,36949340.0,14599939620.0,12726614.0
Central_Asia,UZB,Uzbekistan,UZ-QA,Qashqadaryo Viloyati,590630.0,23620353815.0,4774125472.0,0.0,0.0,2329498.0,71507508.0,28394479285.0,25628148.0
Central_Asia,UZB,Uzbekistan,UZ-QR,Qoraqalpog‘iston Respublikasi,458180.0,20184097483.0,3938795433.0,0.0,0.0,3033594.0,57736968.0,24122892915.0,23189850.0
Central_Asia,UZB,Uzbekistan,UZ-SA,Samarqand Viloyati,575814.0,23208609442.0,4845236331.0,0.0,0.0,2469554.0,69543969.0,28053845774.0,24739605.0
Central_Asia,UZB,Uzbekistan,UZ-SI,Sirdaryo Viloyati,244227.0,16910605702.0,3178912169.0,0.0,0.0,2284685.0,39961833.0,20089517869.0,19660901.0
Central_Asia,UZB,Uzbekistan,UZ-SU,Surxondaryo Viloyati,366118.0,18956680821.0,3822638171.0,0.0,0.0,2071886.0,49539619.0,22779318995.0,22383896.0
Central_Asia,UZB,Uzbekistan,UZ-TK,Toshkent,268264.0,31271766086.0,6008991980.0,0.0,0.0,2104292.0,66274930.0,37280758058.0,31454539.0
Central_Asia,UZB,Uzbekistan,UZ-TO,Toshkent Viloyati,611540.0,38063625367.0,7261765606.0,0.0,0.0,4204205.0,94851628.0,45325390962.0,43942414.0
Central_Asia,UZB,Uzbekistan,UZ-XO,Xorazm Viloyati,403454.0,11736960038.0,2421056273.0,0.0,0.0,2096084.0,42863709.0,14158016312.0,11330724.0
East_Asia,CHN,China,CN-AH,Anhui,10973698.0,1362699081517.0,307559424890.0,0.0,0.0,62060037.0,2951776338.0,1670258506486.0,1328000816.0
East_Asia,CHN,China,CN-BJ,Beijing,6829513.0,806160661276.0,164590089173.0,0.0,0.0,22580761.0,1613240734.0,970750750460.0,717212424.0
East_Asia,CHN,China,CN-CQ,Chongqing,3740278.0,1112762277840.0,232740305967.0,0.0,0.0,32446543.0,2278585651.0,1345502583898.0,1026041753.0
East_Asia,CHN,China,CN-FJ,Fujian,4810810.0,969365739073.0,211363826565.0,0.0,0.0,39801392.0,2124605741.0,1180729565425.0,907687406.0
East_Asia,CHN,China,CN-GD,Guangdong,19317560.0,3019461632160.0,609439298064.0,0.0,0.0,125602523.0,6038820720.0,3628900930312.0,2683714968.0
East_Asia,CHN,China,CN-GS,Gansu,4361496.0,407863000891.0,90918560199.0,0.0,0.0,25429398.0,978722999.0,498781560011.0,408855124.0
East_Asia,CHN,China,CN-GX,Guangxi,5333707.0,672471855081.0,148003999042.0,0.0,0.0,50483875.0,1468021787.0,820475854049.0,630762519.0
East_Asia,CHN,China,CN-GZ,Guizhou,6185784.0,672204648703.0,157460269716.0,0.0,0.0,39421684.0,1565122679.0,829664918628.0,770191260.0
East_Asia,CHN,China,CN-HA,Henan,13963318.0,2061701188154.0,483143936722.0,0.0,0.0,100129261.0,4667077763.0,2544845123125.0,2207087806.0
East_Asia,CHN,China,CN-HB,Hubei,7841221.0,1579031894440.0,341858937461.0,0.0,0.0,58774410.0,3320772696.0,1920890832085.0,1471835963.0
East_Asia,CHN,China,CN-HE,Hebei,16970407.0,1825969679449.0,413995092620.0,0.0,0.0,74553869.0,4093626134.0,2239964773422.0,1897160969.0
East_Asia,CHN,China,CN-HI,Hainan,3000137.0,273704828572.0,60169683183.0,0.0,0.0,9953717.0,577861184.0,333874511720.0,262764632.0
East_Asia,CHN,China,CN-HL,Heilongjiang,9919661.0,845526690515.0,195945173101.0,0.0,0.0,32121093.0,1882962514.0,1041471863308.0,920800272.0
East_Asia,CHN,China,CN-HN,Hunan,7009688.0,1336282106013.0,299385834808.0,0.0,0.0,67197379.0,2889850943.0,1635667940661.0,1341329111.0
East_Asia,CHN,China,CN-JL,Jilin,4938623.0,647837693621.0,151921515188.0,0.0,0.0,24387310.0,1385266137.0,799759209034.0,685507781.0
East_Asia,CHN,China,CN-JS,Jiangsu,17537242.0,2911887524167.0,620221665682.0,0.0,0.0,85003963.0,6013120826.0,3532109189696.0,2626537870.0
East_Asia,CHN,China,CN-JX,Jiangxi,3566602.0,713766795859.0,162020387351.0,0.0,0.0,45994249.0,1580464581.0,875787183141.0,718687814.0
East_Asia,CHN,China,CN-LN,Liaoning,9376769.0,1252927000157.0,274030808158.0,0.0,0.0,41305783.0,2617074890.0,1526957808481.0,1234365292.0
East_Asia,CHN,China,CN-NM,Nei Mongol,6712925.0,565891214093.0,127949865908.0,0.0,0.0,24398676.0,1232346037.0,693841079980.0,551919206.0
East_Asia,CHN,China,CN-NX,Ningxia,1381134.0,171598960373.0,37639966296.0,0.0,0.0,7352534.0,372514127.0,209238926606.0,166372814.0
East_Asia,CHN,China,CN-QH,Qinghai,873829.0,81100150928.0,17856905257.0,0.0,0.0,6098229.0,188477580.0,98957056127.0,78740201.0
East_Asia,CHN,China,CN-SC,Sichuan,11876546.0,1583812933391.0,345617646420.0,0.0,0.0,84954409.0,3494281701.0,1929430578083.0,1508384119.0
East_Asia,CHN,China,CN-SD,Shandong,20825296.0,2678635487683.0,595828814479.0,0.0,0.0,100946043.0,5677132291.0,3274464302202.0,2601962563.0
East_Asia,CHN,China,CN-SH,Shanghai,7793180.0,1158942832741.0,238289314125.0,0.0,0.0,24579051.0,2339603871.0,1397232146860.0,1029046932.0
East_Asia,CHN,China,CN-SN,Shaanxi,6404338.0,863381102807.0,187005784865.0,0.0,0.0,40139401.0,1890428058.0,1050386887649.0,820383433.0
East_Asia,CHN,China,CN-SX,Shanxi,6779434.0,673502410398.0,146558982133.0,0.0,0.0,35855089.0,1485558052.0,820061392012.0,643218893.0
East_Asia,CHN,China,CN-TJ,Tianjin,3512758.0,489398765703.0,101977671155.0,0.0,0.0,14048772.0,1026883222.0,591376436867.0,464802207.0
East_Asia,CHN,China,CN-XJ,Xinjiang,4094267.0,358334174739.0,76344559985.0,0.0,0.0,26488405.0,874272436.0,434678734971.0,361877486.0
East_Asia,CHN,China,CN-XZ,Xizang,269985.0,27881590066.0,6907638665.0,0.0,0.0,3761802.0,79504209.0,34789228791.0,30560271.0
East_Asia,CHN,China,CN-YN,Yunnan,5700420.0,556368810790.0,126948905964.0,0.0,0.0,48324714.0,1438248135.0,683317716622.0,524640410.0
East_Asia,CHN,China,CN-ZJ,Zhejiang,12090698.0,2418057711146.0,503404912659.0,0.0,0.0,61901726.0,4993861936.0,2921462623400.0,2177646946.0
East_Asia,HKG,Hong Kong,HK-A,Central & Western,3358.0,88187851013.0,18064558619.0,0.0,0.0,236397.0,40013965.0,106252409624.0,20336438.0
East_Asia,HKG,Hong Kong,HK-B,Wan Chai,2443.0,70991686752.0,14456828827.0,0.0,0.0,166757.0,32258188.0,85448515564.0,16424080.0
East_Asia,HKG,Hong Kong,HK-C,Eastern,1459.0,116802773989.0,21616504273.0,0.0,0.0,527800.0,54918171.0,138419278305.0,25276457.0
East_Asia,HKG,Hong Kong,HK-D,Southern,2166.0,41810644418.0,7612499447.0,0.0,0.0,254629.0,19746312.0,49423143273.0,8999113.0
East_Asia,HKG,Hong Kong,HK-E,Yau Tsim Mong,3095.0,107932999314.0,21306882808.0,0.0,0.0,311006.0,49645019.0,129239882094.0,24493591.0
East_Asia,HKG,Hong Kong,HK-F,Sham Shui Po,2216.0,56502682916.0,10676248315.0,0.0,0.0,430805.0,26389772.0,67178931127.0,12414741.0
East_Asia,HKG,Hong Kong,HK-G,Kowloon City,2806.0,74183661305.0,13968762768.0,0.0,0.0,343532.0,34656407.0,88152424202.0,16326049.0
East_Asia,HKG,Hong Kong,HK-H,Wong Tai Sin,529.0,46585553022.0,8460690357.0,0.0,0.0,351123.0,22032763.0,55046243385.0,9947632.0
East_Asia,HKG,Hong Kong,HK-J,Kwun Tong,993.0,59349894172.0,10861347951.0,0.0,0.0,573844.0,28220008.0,70211242105.0,12676087.0
East_Asia,HKG,Hong Kong,HK-K,Tsuen Wan,1063.0,64263091615.0,11889001525.0,0.0,0.0,315818.0,30257336.0,76152093155.0,13778195.0
East_Asia,HKG,Hong Kong,HK-L,Tuen Mun,1388.0,85781991104.0,15533833937.0,0.0,0.0,501294.0,40605002.0,101315825028.0,18220887.0
East_Asia,HKG,Hong Kong,HK-M,Yuen Long,9011.0,81971343557.0,14955702072.0,0.0,0.0,653469.0,38691412.0,96927045495.0,17486277.0
East_Asia,HKG,Hong Kong,HK-N,North,1407.0,65230846489.0,11690608310.0,0.0,0.0,300963.0,30960686.0,76921454875.0,13718194.0
East_Asia,HKG,Hong Kong,HK-P,Tai Po,3732.0,45807162854.0,8203406171.0,0.0,0.0,312571.0,21729068.0,54010569715.0,9727527.0
East_Asia,HKG,Hong Kong,HK-Q,Sai Kung,2859.0,82891384431.0,14740831370.0,0.0,0.0,481552.0,39382489.0,97632215639.0,17406791.0
East_Asia,HKG,Hong Kong,HK-R,Sha Tin,1485.0,95096990396.0,17115333565.0,0.0,0.0,639718.0,45153550.0,112212323919.0,20036106.0
East_Asia,HKG,Hong Kong,HK-S,Kwai Tsing,636.0,48215209959.0,8731437190.0,0.0,0.0,463180.0,22905118.0,56946647147.0,10294075.0
East_Asia,HKG,Hong Kong,HK-T,Islands,1000.0,20562209317.0,3697243724.0,0.0,0.0,181635.0,9757500.0,24259453168.0,4348136.0
East_Asia,JPN,Japan,JP-01,Hokkaidô,1617711.0,658362866445.0,162501493643.0,0.0,0.0,5160116.0,349408136.0,820864360009.0,99399675.0
East_Asia,JPN,Japan,JP-02,Aomori,505390.0,164425454681.0,42714456044.0,0.0,0.0,1216805.0,97377363.0,207139910716.0,22161835.0
East_Asia,JPN,Japan,JP-03,Iwate,467177.0,163951175392.0,42355875170.0,0.0,0.0,1194808.0,93167356.0,206307050536.0,22427938.0
East_Asia,JPN,Japan,JP-04,Miyagi,690059.0,246903022434.0,62824236225.0,0.0,0.0,2253045.0,140658587.0,309727258583.0,37158641.0
East_Asia,JPN,Japan,JP-05,Akita,389387.0,126315669584.0,32367058014.0,0.0,0.0,950171.0,75931997.0,158682727582.0,16659707.0
East_Asia,JPN,Japan,JP-06,Yamagata,383811.0,145985227071.0,38789470567.0,0.0,0.0,1058093.0,82408319.0,184774697563.0,19451160.0
East_Asia,JPN,Japan,JP-07,Hukusima,679705.0,227716910291.0,59410219487.0,0.0,0.0,1798812.0,131502626.0,287127129818.0,32909577.0
East_Asia,JPN,Japan,JP-08,Ibaraki,1052442.0,345831171280.0,92345198704.0,0.0,0.0,2812071.0,197209675.0,438176369922.0,51956560.0
East_Asia,JPN,Japan,JP-09,Totigi,733697.0,263073470642.0,70404419431.0,0.0,0.0,1897857.0,145244711.0,333477890076.0,41069846.0
East_Asia,JPN,Japan,JP-10,Gunma,762309.0,247863425256.0,66159347641.0,0.0,0.0,1897214.0,141407602.0,314022772909.0,37519399.0
East_Asia,JPN,Japan,JP-11,Saitama,2067703.0,666338759977.0,166355043333.0,0.0,0.0,7128396.0,369107119.0,832693803248.0,100211132.0
East_Asia,JPN,Japan,JP-12,Tiba,1808276.0,649051047011.0,161102288363.0,0.0,0.0,6147286.0,352079127.0,810153335370.0,99634177.0
East_Asia,JPN,Japan,JP-13,Tôkyô,2441972.0,1652324271111.0,387707167785.0,0.0,0.0,13580141.0,697511477.0,2040031438830.0,256296547.0
East_Asia,JPN,Japan,JP-14,Kanagawa,2096400.0,904095346172.0,221452982617.0,0.0,0.0,9015091.0,452568654.0,1125548328894.0,142840303.0
East_Asia,JPN,Japan,JP-15,Niigata,807637.0,322841769901.0,85770708224.0,0.0,0.0,2173440.0,178911807.0,408612478098.0,45211369.0
East_Asia,JPN,Japan,JP-16,Toyama,381667.0,185744420090.0,50680175027.0,0.0,0.0,1015750.0,100149245.0,236424595118.0,28326468.0
East_Asia,JPN,Japan,JP-17,Isikawa,415433.0,160764295109.0,41958044445.0,0.0,0.0,1111548.0,88663402.0,202722339578.0,22221105.0
East_Asia,JPN,Japan,JP-18,Hukui,283443.0,114545128786.0,30138406640.0,0.0,0.0,755865.0,64339852.0,144683535446.0,16819382.0
East_Asia,JPN,Japan,JP-19,Yamanasi,332037.0,122253793263.0,31059463461.0,0.0,0.0,790893.0,59239109.0,153313256674.0,14996015.0
East_Asia,JPN,Japan,JP-20,Nagano,830714.0,371130895097.0,95334133408.0,0.0,0.0,2007717.0,166448813.0,466465028474.0,43196785.0
East_Asia,JPN,Japan,JP-21,Gihu,744226.0,275061463296.0,72961089074.0,0.0,0.0,1939262.0,151927183.0,348022552442.0,41378946.0
East_Asia,JPN,Japan,JP-22,Sizuoka,1236420.0,471665343663.0,124074455501.0,0.0,0.0,3593009.0,253737741.0,595739799141.0,75273056.0
East_Asia,JPN,Japan,JP-23,Aiti,2053628.0,958496267288.0,248751863975.0,0.0,0.0,7337499.0,504749269.0,1207248131198.0,166921684.0
East_Asia,JPN,Japan,JP-24,Mie,690409.0,258020985536.0,68063393664.0,0.0,0.0,1728690.0,136466427.0,326084379255.0,39470306.0
East_Asia,JPN,Japan,JP-25,Siga,468491.0,182560228816.0,48770557144.0,0.0,0.0,1381636.0,101208439.0,231330785998.0,28875915.0
East_Asia,JPN,Japan,JP-26,Kyôto,785131.0,268829127606.0,66495406155.0,0.0,0.0,2493533.0,147510651.0,335324533882.0,42918153.0
East_Asia,JPN,Japan,JP-27,Ôsaka,2045028.0,947732467422.0,235601882556.0,0.0,0.0,8582479.0,492611331.0,1183334349927.0,169397738.0
East_Asia,JPN,Japan,JP-28,Hyôgo,1486969.0,668310304195.0,170358809834.0,0.0,0.0,5277172.0,356432861.0,838669113915.0,114783529.0
East_Asia,JPN,Japan,JP-29,Nara,447534.0,139404118224.0,34524452263.0,0.0,0.0,1306242.0,80163488.0,173928570499.0,19689275.0
East_Asia,JPN,Japan,JP-30,Wakayama,388262.0,121625101906.0,30667236585.0,0.0,0.0,913178.0,67782719.0,152292338475.0,18829634.0
East_Asia,JPN,Japan,JP-31,Tottori,206800.0,71044277926.0,18165912576.0,0.0,0.0,545193.0,39731186.0,89210190505.0,9577169.0
East_Asia,JPN,Japan,JP-32,Simane,251431.0,96495705820.0,25084949749.0,0.0,0.0,661677.0,51861011.0,121580655628.0,12662902.0
East_Asia,JPN,Japan,JP-33,Okayama,695939.0,252420378138.0,65724755641.0,0.0,0.0,1818424.0,135607269.0,318145133815.0,37524106.0
East_Asia,JPN,Japan,JP-34,Hirosima,895842.0,335325965765.0,85743652234.0,0.0,0.0,2740952.0,183256318.0,421069618005.0,54084728.0
East_Asia,JPN,Japan,JP-35,Yamaguti,535485.0,239449571586.0,60446228919.0,0.0,0.0,1321687.0,101140243.0,299895800543.0,29119371.0
East_Asia,JPN,Japan,JP-36,Tokusima,287000.0,95830445213.0,24004742257.0,0.0,0.0,690461.0,52766146.0,119835187470.0,14112937.0
East_Asia,JPN,Japan,JP-37,Kagawa,365739.0,137519394038.0,35528055898.0,0.0,0.0,927399.0,75074800.0,173047449920.0,21574000.0
East_Asia,JPN,Japan,JP-38,Ehime,543454.0,177384481000.0,45358213140.0,0.0,0.0,1297495.0,97242471.0,222742694149.0,26538369.0
East_Asia,JPN,Japan,JP-39,Kôti,291647.0,89322009239.0,21625864724.0,0.0,0.0,678056.0,44916696.0,110947873943.0,11089206.0
East_Asia,JPN,Japan,JP-40,Hukuoka,1278378.0,534508191491.0,132155401808.0,0.0,0.0,4965829.0,288059876.0,666663593294.0,89119075.0
East_Asia,JPN,Japan,JP-41,Saga,273537.0,100717617927.0,25712937298.0,0.0,0.0,797478.0,57075390.0,126430555270.0,15461097.0
East_Asia,JPN,Japan,JP-42,Nagasaki,472966.0,157129835134.0,39864554668.0,0.0,0.0,1296956.0,87860265.0,196994389876.0,24095747.0
East_Asia,JPN,Japan,JP-43,Kumamoto,581599.0,185024936374.0,46301854934.0,0.0,0.0,1711612.0,105718647.0,231326791330.0,27472702.0
East_Asia,JPN,Japan,JP-44,Ôita,406199.0,141266798690.0,35365880324.0,0.0,0.0,1099779.0,78165363.0,176632678984.0,22274134.0
East_Asia,JPN,Japan,JP-45,Miyazaki,416898.0,122413449386.0,30929063896.0,0.0,0.0,1052345.0,69655336.0,153342513274.0,18579923.0
East_Asia,JPN,Japan,JP-46,Kagosima,667025.0,185538686003.0,45305160927.0,0.0,0.0,1541706.0,104614912.0,230843846892.0,28359058.0
East_Asia,JPN,Japan,JP-47,Okinawa,283434.0,143126788200.0,28872429459.0,0.0,0.0,1438610.0,62881160.0,171999217573.0,29359505.0
East_Asia,KOR,South Korea,KR-11,Seoul,1369820.0,470688110963.0,93872320877.0,0.0,0.0,9349353.0,373915461.0,564560431835.0,165638581.0
East_Asia,KOR,South Korea,KR-26,Busan,455256.0,199936792033.0,42576244340.0,0.0,0.0,2721576.0,161965152.0,242513036358.0,74934531.0
East_Asia,KOR,South Korea,KR-27,Daegu,273266.0,144368354266.0,30774181862.0,0.0,0.0,2174429.0,117130439.0,175142536131.0,54303368.0
East_Asia,KOR,South Korea,KR-28,Incheon,422981.0,154450089295.0,32918108213.0,0.0,0.0,2421235.0,126029995.0,187368197521.0,57301715.0
East_Asia,KOR,South Korea,KR-29,Gwangju,137158.0,86182791405.0,17646167858.0,0.0,0.0,530976.0,68507222.0,103828959282.0,31536174.0
East_Asia,KOR,South Korea,KR-30,Daejeon,165689.0,83701617298.0,16935585830.0,0.0,0.0,1370525.0,66704912.0,100637203158.0,30304427.0
East_Asia,KOR,South Korea,KR-31,Ulsan,147745.0,77703355359.0,17959030295.0,0.0,0.0,1075396.0,65298690.0,95662385668.0,31130754.0
East_Asia,KOR,South Korea,KR-41,Gyeonggi,1818175.0,752157042987.0,167670762924.0,0.0,0.0,14293287.0,659640810.0,919827805928.0,303674627.0
East_Asia,KOR,South Korea,KR-42,Gangwon,374002.0,111969544637.0,25077134476.0,0.0,0.0,1621783.0,95643591.0,137046679124.0,46330910.0
East_Asia,KOR,South Korea,KR-43,Chungbuk,373029.0,122754895084.0,29109480958.0,0.0,0.0,1818918.0,108523411.0,151864376018.0,52242350.0
East_Asia,KOR,South Korea,KR-44,Chungnam,543119.0,161712323873.0,38289646237.0,0.0,0.0,2101328.0,142498109.0,200001970099.0,68658936.0
East_Asia,KOR,South Korea,KR-45,Jeonbuk,439418.0,129230232578.0,29643720648.0,0.0,0.0,1815994.0,111939160.0,158873953244.0,53904984.0
East_Asia,KOR,South Korea,KR-46,Jeonnam,566339.0,143040504980.0,34286204950.0,0.0,0.0,2585484.0,125381172.0,177326709925.0,61545313.0
East_Asia,KOR,South Korea,KR-47,Gyeongbuk,753144.0,209668433162.0,50334397132.0,0.0,0.0,3040995.0,185364734.0,260002830285.0,90154738.0
East_Asia,KOR,South Korea,KR-48,Gyeongnam,676603.0,228669007093.0,52591018956.0,0.0,0.0,3732472.0,200105513.0,281260026048.0,95297259.0
East_Asia,KOR,South Korea,KR-49,Jeju,173633.0,39651181407.0,8970516448.0,0.0,0.0,671439.0,34262048.0,48621697821.0,16997952.0
East_Asia,KOR,South Korea,KR-50,Sejong,34257.0,21888111205.0,4601245720.0,0.0,0.0,341851.0,17692981.0,26489356927.0,8081294.0
East_Asia,MAC,Macao,MO-CO,Coloane,31.0,289345234.0,57497308.0,0.0,0.0,12183.0,186981.0,346842539.0,89573.0
East_Asia,MAC,Macao,MO-NF,Nossa Senhora de Fátima,1494.0,53819909131.0,10203133423.0,0.0,0.0,265674.0,35273205.0,64023042543.0,16659693.0
East_Asia,MAC,Macao,MO-SA,Santo António,1804.0,23750866219.0,4662158105.0,0.0,0.0,139805.0,15435898.0,28413024320.0,7466239.0
East_Asia,MAC,Macao,MO-SE,Sé,1040.0,9498498871.0,1886347296.0,0.0,0.0,57868.0,6143196.0,11384846167.0,2993575.0
East_Asia,MAC,Macao,MO-SZ,São Lázaro,170.0,7366981686.0,1400529363.0,0.0,0.0,41032.0,4830983.0,8767511042.0,2262207.0
East_Asia,MAC,Macao,MO-TA,Taipa,488.0,20802443359.0,3929003475.0,0.0,0.0,122089.0,13652078.0,24731446835.0,6353930.0
East_Asia,PRK,North Korea,KP-01,Pyongyang,171557.0,19674097952.0,3573466567.0,0.0,0.0,3588185.0,84891561.0,23247564526.0,38416998.0
East_Asia,PRK,North Korea,KP-02,South Pyongan,314273.0,14242598221.0,2629633601.0,0.0,0.0,3706188.0,68929628.0,16872231826.0,30474884.0
East_Asia,PRK,North Korea,KP-03,North Pyongan,376549.0,10891453007.0,2017475350.0,0.0,0.0,2754084.0,54552801.0,12908928360.0,23309672.0
East_Asia,PRK,North Korea,KP-04,Chagang,191613.0,6235167281.0,1153588984.0,0.0,0.0,1616971.0,30586480.0,7388756262.0,13002922.0
East_Asia,PRK,North Korea,KP-05,South Hwanghae,367138.0,9579025001.0,1792173914.0,0.0,0.0,2603556.0,51096447.0,11371198910.0,21705145.0
East_Asia,PRK,North Korea,KP-06,North Hwanghae,354304.0,7672878437.0,1431985297.0,0.0,0.0,2238778.0,40069682.0,9104863733.0,16456519.0
East_Asia,PRK,North Korea,KP-07,Kangwon,177934.0,5926589913.0,1103259595.0,0.0,0.0,1607617.0,30466330.0,7029849509.0,13078842.0
East_Asia,PRK,North Korea,KP-08,South Hamgyong,385498.0,14394804307.0,2658451343.0,0.0,0.0,3536585.0,70543533.0,17053255648.0,30808348.0
East_Asia,PRK,North Korea,KP-09,North Hamgyong,231404.0,10407940531.0,1909932764.0,0.0,0.0,2361093.0,49172334.0,12317873291.0,21709382.0
East_Asia,PRK,North Korea,KP-10,Ryanggang,57250.0,2920816823.0,541873713.0,0.0,0.0,818653.0,14445482.0,3462690534.0,6531955.0
East_Asia,PRK,North Korea,KP-13,Rason,30181.0,1377660018.0,261049551.0,0.0,0.0,294389.0,6362475.0,1638709576.0,2829544.0
East_Asia,PRK,North Korea,KP-14,Nampo,91075.0,4185032914.0,773072037.0,0.0,0.0,1131751.0,19981393.0,4958104958.0,8756594.0
East_Asia,PRK,North Korea,KP-15,Kaesong,51108.0,1221550870.0,231724992.0,0.0,0.0,313143.0,5830111.0,1453275856.0,2448962.0
East_Asia,TWN,Taiwan,TW-CHA,Changhua,242745.0,83821534730.0,17750893202.0,0.0,0.0,1153109.0,69704891.0,101572427952.0,32562936.0
East_Asia,TWN,Taiwan,TW-CYI,Chiayi City,98270.0,37873270038.0,7412940145.0,0.0,0.0,245920.0,29188472.0,45286210180.0,13350195.0
East_Asia,TWN,Taiwan,TW-CYQ,Chiayi County,100312.0,30720152157.0,6690295508.0,0.0,0.0,451720.0,27582212.0,37410447668.0,12712517.0
East_Asia,TWN,Taiwan,TW-HSQ,Hsinchu County,112555.0,51664501671.0,9948896243.0,0.0,0.0,612980.0,34929885.0,61613397902.0,16066407.0
East_Asia,TWN,Taiwan,TW-HSZ,Hsinchu City,223516.0,106169431821.0,19480351935.0,0.0,0.0,483048.0,71034522.0,125649783761.0,32761023.0
East_Asia,TWN,Taiwan,TW-HUA,Hualien,65999.0,19495218711.0,3980315162.0,0.0,0.0,292263.0,16822874.0,23475533868.0,7923036.0
East_Asia,TWN,Taiwan,TW-ILA,Yilan,102492.0,36561845266.0,7163792132.0,0.0,0.0,421283.0,29300890.0,43725637376.0,14197114.0
East_Asia,TWN,Taiwan,TW-KEE,Keelung,59649.0,25421826950.0,4824808346.0,0.0,0.0,357071.0,17760543.0,30246635294.0,8056211.0
East_Asia,TWN,Taiwan,TW-KHH,Kaohsiung,447712.0,196758529369.0,37707677315.0,0.0,0.0,2654789.0,142070992.0,234466206682.0,66158860.0
East_Asia,TWN,Taiwan,TW-KIN,Kinmen,15033.0,5263899937.0,1001515746.0,0.0,0.0,64965.0,3980906.0,6265415694.0,1969579.0
East_Asia,TWN,Taiwan,TW-LIE,Lienchiang,1704.0,500003202.0,104481383.0,0.0,0.0,11260.0,423274.0,604484583.0,195805.0
East_Asia,TWN,Taiwan,TW-MIA,Miaoli,121376.0,42400790929.0,8435433240.0,0.0,0.0,507367.0,33586693.0,50836224188.0,15726196.0
East_Asia,TWN,Taiwan,TW-NAN,Nantou,100536.0,33716107245.0,6976887848.0,0.0,0.0,418938.0,26544683.0,40692995094.0,12031256.0
East_Asia,TWN,Taiwan,TW-NWT,New Taipei,485433.0,276397049353.0,52996473700.0,0.0,0.0,4226219.0,185099689.0,329393523023.0,83971068.0
East_Asia,TWN,Taiwan,TW-PEN,Penghu,18923.0,5719340129.0,1166367919.0,0.0,0.0,78932.0,5274367.0,6885708054.0,2625908.0
East_Asia,TWN,Taiwan,TW-PIF,Pingtung,169330.0,52523327135.0,10715508360.0,0.0,0.0,734676.0,44307930.0,63238835494.0,20907273.0
East_Asia,TWN,Taiwan,TW-TAO,Taoyuan,351561.0,174710066349.0,33003864075.0,0.0,0.0,2362081.0,118760844.0,207713930439.0,56006528.0
East_Asia,TWN,Taiwan,TW-TNN,Tainan,360857.0,144571214329.0,28456897861.0,0.0,0.0,1818984.0,106726199.0,173028112173.0,48992635.0
East_Asia,TWN,Taiwan,TW-TPE,Taipei,260459.0,147437331052.0,28670352181.0,0.0,0.0,2516724.0,104127067.0,176107683234.0,48645253.0
East_Asia,TWN,Taiwan,TW-TTT,Taitung,46615.0,12866648530.0,2705885674.0,0.0,0.0,184511.0,11463470.0,15572534213.0,5342902.0
East_Asia,TWN,Taiwan,TW-TXG,Taichung,474067.0,231963863942.0,45223968770.0,0.0,0.0,2940612.0,160363714.0,277187832709.0,74208972.0
East_Asia,TWN,Taiwan,TW-YUN,Yunlin,140139.0,43955351313.0,9187037977.0,0.0,0.0,575134.0,37734683.0,53142389274.0,17325438.0
Europe,ALB,Albania,AL-01,Berat,41764.0,1460219241.0,284551112.0,0.0,0.0,106114.0,3978798.0,1744770353.0,1404837.0
Europe,ALB,Albania,AL-02,Durrës,66690.0,3292662143.0,644064896.0,0.0,0.0,298824.0,8634276.0,3936727036.0,3047137.0
Europe,ALB,Albania,AL-03,Elbasan,75853.0,3049481193.0,655112897.0,0.0,0.0,246563.0,8196715.0,3704594079.0,2906369.0
Europe,ALB,Albania,AL-04,Fier,92817.0,3921023703.0,910985022.0,0.0,0.0,266602.0,10426684.0,4832008745.0,3693059.0
Europe,ALB,Albania,AL-05,Gjirokastër,30698.0,1191029433.0,242814437.0,0.0,0.0,49640.0,3239093.0,1433843894.0,1132937.0
Europe,ALB,Albania,AL-06,Korçë,60249.0,2269915666.0,442440356.0,0.0,0.0,177734.0,6189532.0,2712356034.0,2190188.0
Europe,ALB,Albania,AL-07,Kukës,18739.0,627557558.0,115600295.0,0.0,0.0,69505.0,1757783.0,743157854.0,627116.0
Europe,ALB,Albania,AL-08,Lezhë,36648.0,1383129651.0,264170304.0,0.0,0.0,113607.0,3777113.0,1647299960.0,1336807.0
Europe,ALB,Albania,AL-09,Dibër,34751.0,1101098345.0,207866705.0,0.0,0.0,101090.0,3105512.0,1308965046.0,1107401.0
Europe,ALB,Albania,AL-10,Shkodër,56334.0,2050862552.0,409024258.0,0.0,0.0,182867.0,5578807.0,2459886801.0,1975227.0
Europe,ALB,Albania,AL-11,Tiranë,133034.0,7908629369.0,1529880784.0,0.0,0.0,970248.0,19964089.0,9438510147.0,7105894.0
Europe,ALB,Albania,AL-12,Vlorë,59044.0,2745003350.0,509540966.0,0.0,0.0,188713.0,7274610.0,3254544301.0,2538045.0
Europe,AND,Andorra,AD-02,Canillo,2278.0,802044831.0,164068195.0,0.0,0.0,3192.0,522118.0,966113025.0,203129.0
Europe,AND,Andorra,AD-03,Encamp,2911.0,1184812413.0,279742823.0,0.0,0.0,13541.0,800902.0,1464555235.0,312458.0
Europe,AND,Andorra,AD-04,La Massana,2692.0,984224676.0,216360973.0,0.0,0.0,13277.0,652094.0,1200585647.0,251634.0
Europe,AND,Andorra,AD-05,Ordino,847.0,342834120.0,78334054.0,0.0,0.0,4507.0,229384.0,421168169.0,90519.0
Europe,AND,Andorra,AD-06,Sant Julià de Lòria,3071.0,985390967.0,214154171.0,0.0,0.0,10271.0,650445.0,1199545137.0,240250.0
Europe,AND,Andorra,AD-07,Andorra la Vella,4222.0,1913701619.0,479838359.0,0.0,0.0,28879.0,1309660.0,2393539979.0,525553.0
Europe,AND,Andorra,AD-08,Escaldes–Engordany,5192.0,1742863104.0,375400721.0,0.0,0.0,9235.0,1155749.0,2118263818.0,439343.0
Europe,AUT,Austria,AT-1,Burgenland,137008.0,41370553708.0,8261345046.0,0.0,0.0,345528.0,27954163.0,49631898773.0,9937697.0
Europe,AUT,Austria,AT-2,Kärnten,194114.0,60871799201.0,11947801730.0,0.0,0.0,562385.0,39639306.0,72819600933.0,14185753.0
Europe,AUT,Austria,AT-3,Niederösterreich,652955.0,192638795595.0,36958268475.0,0.0,0.0,1662901.0,127814486.0,229597064068.0,45708056.0
Europe,AUT,Austria,AT-4,Oberösterreich,445434.0,143762137909.0,28174631458.0,0.0,0.0,1527682.0,93969428.0,171936769367.0,34277145.0
Europe,AUT,Austria,AT-5,Salzburg,146427.0,51589001602.0,10537116193.0,0.0,0.0,568662.0,32805287.0,62126117795.0,12181678.0
Europe,AUT,Austria,AT-6,Steiermark,396843.0,126825551124.0,24932541815.0,0.0,0.0,1255074.0,82644242.0,151758092942.0,29874779.0
Europe,AUT,Austria,AT-7,Tirol,200144.0,69182683520.0,14086095209.0,0.0,0.0,773072.0,44079815.0,83268778731.0,16283964.0
Europe,AUT,Austria,AT-8,Vorarlberg,112865.0,38318058909.0,7894795785.0,0.0,0.0,408423.0,23816371.0,46212854690.0,8206307.0
Europe,AUT,Austria,AT-9,Wien,193456.0,249536733298.0,48722211094.0,0.0,0.0,2009847.0,124301012.0,298258944391.0,43999920.0
Europe,BEL,Belgium,BE-BRU,Brussels,188221.0,108639820048.0,22564212781.0,0.0,0.0,1219517.0,63439031.0,131204032817.0,23778050.0
Europe,BEL,Belgium,BE-VLG,Flanders,2471366.0,656388514846.0,161982830925.0,0.0,0.0,6831650.0,474031134.0,818371345625.0,172382204.0
Europe,BEL,Belgium,BE-WAL,Wallonia,1479334.0,330269910549.0,76036082143.0,0.0,0.0,3707433.0,234038838.0,406305992705.0,86970084.0
Europe,BGR,Bulgaria,BG-01,Blagoevgrad,88736.0,9281954688.0,1889197687.0,0.0,0.0,301239.0,15923403.0,11171152388.0,5495142.0
Europe,BGR,Bulgaria,BG-02,Burgas,115814.0,15516594371.0,3435580252.0,0.0,0.0,391182.0,25809962.0,18952174618.0,8965691.0
Europe,BGR,Bulgaria,BG-03,Varna,111797.0,15993194949.0,3525847471.0,0.0,0.0,445545.0,25719918.0,19519042414.0,9009455.0
Europe,BGR,Bulgaria,BG-04,Veliko Tarnovo,99586.0,11545638548.0,3077982914.0,0.0,0.0,211307.0,21592630.0,14623621458.0,7455584.0
Europe,BGR,Bulgaria,BG-05,Vidin,58642.0,4251499261.0,934443585.0,0.0,0.0,75615.0,8225713.0,5185942818.0,2775999.0
Europe,BGR,Bulgaria,BG-06,Vratsa,93563.0,8568094931.0,2041015784.0,0.0,0.0,156970.0,15863982.0,10609110701.0,5364780.0
Europe,BGR,Bulgaria,BG-07,Gabrovo,48911.0,5124698593.0,1196602424.0,0.0,0.0,101610.0,9257637.0,6321300998.0,3155094.0
Europe,BGR,Bulgaria,BG-08,Dobrich,67813.0,8189785621.0,2113859101.0,0.0,0.0,154102.0,14895927.0,10303644699.0,5142756.0
Europe,BGR,Bulgaria,BG-09,Kardzhali,52350.0,3781971068.0,804655710.0,0.0,0.0,142651.0,6967136.0,4586626786.0,2468885.0
Europe,BGR,Bulgaria,BG-10,Kyustendil,63318.0,5988784041.0,1342543226.0,0.0,0.0,114240.0,10843376.0,7331327249.0,3686136.0
Europe,BGR,Bulgaria,BG-11,Lovech,82257.0,7203636722.0,1593938303.0,0.0,0.0,120429.0,13236473.0,8797575046.0,4439730.0
Europe,BGR,Bulgaria,BG-12,Montana,89899.0,8062011285.0,1892669313.0,0.0,0.0,123333.0,15196568.0,9954680606.0,5123700.0
Europe,BGR,Bulgaria,BG-13,Pazardzhik,98977.0,11520234421.0,2700158872.0,0.0,0.0,235184.0,20387476.0,14220393298.0,6971316.0
Europe,BGR,Bulgaria,BG-14,Pernik,67386.0,6505244251.0,1451742203.0,0.0,0.0,117546.0,11779608.0,7956986442.0,4031246.0
Europe,BGR,Bulgaria,BG-15,Pleven,110173.0,10678246584.0,2492438968.0,0.0,0.0,229631.0,19497885.0,13170685561.0,6606091.0
Europe,BGR,Bulgaria,BG-16,Plovdiv,174509.0,21671103643.0,5334970436.0,0.0,0.0,658605.0,38754586.0,27006074084.0,13545556.0
Europe,BGR,Bulgaria,BG-17,Razgrad,48350.0,4669533150.0,1178978257.0,0.0,0.0,109842.0,8799016.0,5848511427.0,2999732.0
Europe,BGR,Bulgaria,BG-18,Ruse,73927.0,9380714527.0,2431987824.0,0.0,0.0,195853.0,16919535.0,11812702323.0,5816198.0
Europe,BGR,Bulgaria,BG-19,Silistra,44436.0,4630631710.0,1293561156.0,0.0,0.0,98333.0,9123112.0,5924192854.0,3171082.0
Europe,BGR,Bulgaria,BG-20,Sliven,65299.0,7228701888.0,1683376805.0,0.0,0.0,177561.0,12861716.0,8912078718.0,4373782.0
Europe,BGR,Bulgaria,BG-21,Smolyan,39629.0,3715202648.0,749278148.0,0.0,0.0,98583.0,6393726.0,4464480801.0,2250058.0
Europe,BGR,Bulgaria,BG-22,Sofia (stolitsa),137859.0,30381049128.0,7021021479.0,0.0,0.0,1324403.0,46269384.0,37402070636.0,17092311.0
Europe,BGR,Bulgaria,BG-23,Sofia,166348.0,19040996299.0,5040323749.0,0.0,0.0,239740.0,34903864.0,24081320009.0,11889307.0
Europe,BGR,Bulgaria,BG-24,Stara Zagora,101170.0,10378703210.0,2609913101.0,0.0,0.0,304656.0,19501488.0,12988616314.0,6817145.0
Europe,BGR,Bulgaria,BG-25,Targovishte,47469.0,4131367696.0,941644086.0,0.0,0.0,97604.0,8013054.0,5073011752.0,2775522.0
Europe,BGR,Bulgaria,BG-26,Haskovo,78510.0,8220733955.0,1751598619.0,0.0,0.0,216541.0,14394092.0,9972332554.0,4957887.0
Europe,BGR,Bulgaria,BG-27,Shumen,59386.0,6014440629.0,1513726995.0,0.0,0.0,159767.0,11482850.0,7528167638.0,4002537.0
Europe,BGR,Bulgaria,BG-28,Yambol,48256.0,5002582252.0,1247769933.0,0.0,0.0,112492.0,9147514.0,6250352164.0,3117637.0
Europe,BIH,Bosnia and Herzegovina,BA-BIH,Federacija Bosne i Hercegovine,697253.0,35323307256.0,7136715568.0,0.0,0.0,1975922.0,93321225.0,42460022789.0,32465794.0
Europe,BIH,Bosnia and Herzegovina,BA-BRC,Brčko distrikt,30817.0,1828941533.0,360837703.0,0.0,0.0,76221.0,4658376.0,2189779241.0,1567908.0
Europe,BIH,Bosnia and Herzegovina,BA-SRP,Republika Srpska,480979.0,19593035596.0,3952575740.0,0.0,0.0,1087957.0,56908662.0,23545611326.0,20024508.0
Europe,BLR,Belarus,BY-BR,Brest Oblast,316513.0,25111829930.0,5205012029.0,0.0,0.0,1283891.0,59391035.0,30316841963.0,20722348.0
Europe,BLR,Belarus,BY-HM,City of Minsk,283998.0,28910626547.0,6281561598.0,0.0,0.0,1551405.0,56039371.0,35192188145.0,19597449.0
Europe,BLR,Belarus,BY-HO,Gomel Oblast,307656.0,24690450389.0,5080489536.0,0.0,0.0,1317566.0,56745884.0,29770939925.0,19774263.0
Europe,BLR,Belarus,BY-HR,Grodno Oblast,255772.0,20532475142.0,4239326526.0,0.0,0.0,975784.0,47882760.0,24771801661.0,16690954.0
Europe,BLR,Belarus,BY-MA,Mogilev Oblast,243912.0,19740184386.0,4105950532.0,0.0,0.0,967831.0,45396788.0,23846134923.0,15833124.0
Europe,BLR,Belarus,BY-MI,Minsk Oblast,428702.0,37691888931.0,8214004432.0,0.0,0.0,1832274.0,84126397.0,45905893363.0,29501465.0
Europe,BLR,Belarus,BY-VI,Vitebsk Oblast,269510.0,21142727415.0,4347569942.0,0.0,0.0,1068850.0,49503408.0,25490297350.0,17255438.0
Europe,CHE,Switzerland,CH-AG,Aargau,158222.0,284602226025.0,59311920044.0,0.0,0.0,720880.0,81266725.0,343914146071.0,25378446.0
Europe,CHE,Switzerland,CH-AI,Appenzell Innerrhoden,12557.0,31476852327.0,7649970217.0,0.0,0.0,16786.0,9182731.0,39126822547.0,3699962.0
Europe,CHE,Switzerland,CH-AR,Appenzell Ausserrhoden,17042.0,31525472011.0,6179828298.0,0.0,0.0,57031.0,8947336.0,37705300287.0,2903584.0
Europe,CHE,Switzerland,CH-BE,Bern,242428.0,475165908007.0,95079897296.0,0.0,0.0,1071473.0,138014783.0,570245805459.0,44037726.0
Europe,CHE,Switzerland,CH-BL,Basel-Landschaft,71034.0,129685439685.0,27526374141.0,0.0,0.0,300752.0,37056741.0,157211813880.0,11665057.0
Europe,CHE,Switzerland,CH-BS,Basel-Stadt,29662.0,80574752617.0,16613750582.0,0.0,0.0,201185.0,23047497.0,97188503194.0,8091897.0
Europe,CHE,Switzerland,CH-FR,Fribourg,77918.0,136299161122.0,29075480555.0,0.0,0.0,341084.0,40075014.0,165374641591.0,12764930.0
Europe,CHE,Switzerland,CH-GE,Genève,67267.0,170942171361.0,39709761592.0,0.0,0.0,523245.0,49867457.0,210651932930.0,18073585.0
Europe,CHE,Switzerland,CH-GL,Glarus,21670.0,46852332889.0,10931671040.0,0.0,0.0,42266.0,13716666.0,57784003933.0,5124124.0
Europe,CHE,Switzerland,CH-GR,Graubünden,73679.0,124353769934.0,25076912616.0,0.0,0.0,206442.0,36835840.0,149430682614.0,12073906.0
Europe,CHE,Switzerland,CH-JU,Jura,27277.0,47522856004.0,10985339327.0,0.0,0.0,75750.0,14589742.0,58508195377.0,4925009.0
Europe,CHE,Switzerland,CH-LU,Luzern,72563.0,143464075663.0,29531547418.0,0.0,0.0,431537.0,42115287.0,172995623045.0,13350444.0
Europe,CHE,Switzerland,CH-NE,Neuchâtel,42365.0,107836057313.0,23343150076.0,0.0,0.0,180750.0,30910633.0,131179207404.0,10981837.0
Europe,CHE,Switzerland,CH-NW,Nidwalden,11834.0,26510963544.0,5946867662.0,0.0,0.0,45035.0,7768746.0,32457831202.0,2904178.0
Europe,CHE,Switzerland,CH-OW,Obwalden,23922.0,64026557048.0,15403300791.0,0.0,0.0,39448.0,18505568.0,79429857843.0,7481956.0
Europe,CHE,Switzerland,CH-SG,Sankt Gallen,120798.0,240089210671.0,50837496836.0,0.0,0.0,532687.0,70225453.0,290926707484.0,22184966.0
Europe,CHE,Switzerland,CH-SH,Schaffhausen,20458.0,39429816873.0,8441189558.0,0.0,0.0,86162.0,11683088.0,47871006437.0,3760241.0
Europe,CHE,Switzerland,CH-SO,Solothurn,73376.0,130794384942.0,28135740890.0,0.0,0.0,288278.0,38549719.0,158930125833.0,12095666.0
Europe,CHE,Switzerland,CH-SZ,Schwyz,35942.0,75777624636.0,15507253100.0,0.0,0.0,168032.0,21466148.0,91284877710.0,7112463.0
Europe,CHE,Switzerland,CH-TG,Thurgau,71624.0,129501651993.0,28141391303.0,0.0,0.0,293353.0,38478433.0,157643043248.0,12370134.0
Europe,CHE,Switzerland,CH-TI,Ticino,122484.0,222301218513.0,47134432613.0,0.0,0.0,356711.0,65236464.0,269435651156.0,21612047.0
Europe,CHE,Switzerland,CH-UR,Uri,13699.0,30344356532.0,6700624499.0,0.0,0.0,38017.0,8794049.0,37044981031.0,3179536.0
Europe,CHE,Switzerland,CH-VD,Vaud,139712.0,268868959299.0,55179108183.0,0.0,0.0,845336.0,78538397.0,324048067516.0,24904671.0
Europe,CHE,Switzerland,CH-VS,Valais,120039.0,209895809769.0,43032585225.0,0.0,0.0,362566.0,60127785.0,252928394975.0,19244812.0
Europe,CHE,Switzerland,CH-ZG,Zug,17720.0,43810523826.0,8855633347.0,0.0,0.0,133237.0,12459165.0,52666157184.0,4058373.0
Europe,CHE,Switzerland,CH-ZH,Zürich,242014.0,548039142938.0,112929213993.0,0.0,0.0,1606689.0,156681685.0,660968356900.0,50699518.0
Europe,CYP,Cyprus,CY-01,Lefkosia,97174.0,33136048707.0,7575575269.0,0.0,0.0,326532.0,31679605.0,40711623939.0,10715906.0
Europe,CYP,Cyprus,CY-02,Lemesos,78427.0,23150787035.0,4621234234.0,0.0,0.0,268246.0,21284534.0,27772021243.0,7227242.0
Europe,CYP,Cyprus,CY-03,Larnaka,55752.0,17544875045.0,4281455076.0,0.0,0.0,159595.0,18024523.0,21826330108.0,6124417.0
Europe,CYP,Cyprus,CY-04,Ammochostos,25959.0,7684870295.0,1657857683.0,0.0,0.0,53752.0,7407397.0,9342727966.0,2548540.0
Europe,CYP,Cyprus,CY-05,Pafos,49109.0,13521117500.0,2642551060.0,0.0,0.0,102214.0,12653822.0,16163668554.0,4319140.0
Europe,CZE,Czechia,CZ-10,Praha,267446.0,70213491820.0,14943567125.0,0.0,0.0,1327478.0,55125980.0,85157058984.0,20998089.0
Europe,CZE,Czechia,CZ-20,Středočeský,297348.0,74728950648.0,17975603374.0,0.0,0.0,1489396.0,68499968.0,92704554029.0,24979089.0
Europe,CZE,Czechia,CZ-31,Jihočeský,157065.0,37187662979.0,8877090974.0,0.0,0.0,635621.0,34977863.0,46064753949.0,12636364.0
Europe,CZE,Czechia,CZ-32,Plzeňský,135359.0,31264011661.0,7270630438.0,0.0,0.0,591624.0,28930590.0,38534642092.0,10457164.0
Europe,CZE,Czechia,CZ-41,Karlovarský,74404.0,16967783924.0,3757517580.0,0.0,0.0,270904.0,15042637.0,20725301484.0,5473184.0
Europe,CZE,Czechia,CZ-42,Ústecký,196361.0,48627487580.0,11276218237.0,0.0,0.0,780431.0,42514091.0,59903705805.0,15469630.0
Europe,CZE,Czechia,CZ-51,Liberecký,104764.0,24288680974.0,5336689999.0,0.0,0.0,437943.0,21144917.0,29625371001.0,7712175.0
Europe,CZE,Czechia,CZ-52,Královéhradecký,137934.0,33706296512.0,8095314704.0,0.0,0.0,538366.0,31127137.0,41801611221.0,11262944.0
Europe,CZE,Czechia,CZ-53,Pardubický,122489.0,28460231869.0,6571132802.0,0.0,0.0,509608.0,25965025.0,35031364668.0,9379286.0
Europe,CZE,Czechia,CZ-63,Vysočina,126776.0,27336767602.0,6317813684.0,0.0,0.0,507234.0,26313218.0,33654581302.0,9444993.0
Europe,CZE,Czechia,CZ-64,Jihomoravský,347224.0,79723696508.0,17501260360.0,0.0,0.0,1225350.0,69339275.0,97224956842.0,25206935.0
Europe,CZE,Czechia,CZ-71,Olomoucký,152831.0,36505549548.0,8619359409.0,0.0,0.0,607054.0,33480236.0,45124908862.0,12114178.0
Europe,CZE,Czechia,CZ-72,Zlínský,146637.0,33878561687.0,7943714947.0,0.0,0.0,561665.0,31456404.0,41822276674.0,11298185.0
Europe,CZE,Czechia,CZ-80,Moravskoslezský,305003.0,75797593386.0,17799322791.0,0.0,0.0,1126560.0,66832341.0,93596916147.0,24097603.0
Europe,DEU,Germany,DE-BB,Brandenburg,732265.0,354585757265.0,81988513802.0,0.0,0.0,2536466.0,174940259.0,436574271068.0,55011512.0
Europe,DEU,Germany,DE-BE,Berlin,363141.0,458422763761.0,96786487519.0,0.0,0.0,3823031.0,191650631.0,555209251267.0,65004519.0
Europe,DEU,Germany,DE-BW,Baden-Württemberg,2710277.0,1432861332113.0,323717599213.0,0.0,0.0,11412090.0,693945807.0,1756578931362.0,218698631.0
Europe,DEU,Germany,DE-BY,Bayern,3337584.0,1515787643860.0,352858974758.0,0.0,0.0,13480181.0,792828815.0,1868646618731.0,237908139.0
Europe,DEU,Germany,DE-HB,Bremen,159019.0,104787827647.0,24595946143.0,0.0,0.0,684609.0,50895472.0,129383773782.0,16649221.0
Europe,DEU,Germany,DE-HE,Hessen,1547672.0,804924375993.0,180745801304.0,0.0,0.0,6406970.0,386911558.0,985670177276.0,122818280.0
Europe,DEU,Germany,DE-HH,Hamburg,277995.0,259261840973.0,56126360455.0,0.0,0.0,1919061.0,109579036.0,315388201413.0,36654595.0
Europe,DEU,Germany,DE-MV,Mecklenburg-Vorpommern,433720.0,228444160744.0,50227262377.0,0.0,0.0,1588370.0,110080073.0,278671423181.0,34449844.0
Europe,DEU,Germany,DE-NI,Niedersachsen,2490054.0,1074011556150.0,244550464294.0,0.0,0.0,8114257.0,524261807.0,1318562020434.0,162317505.0
Europe,DEU,Germany,DE-NW,Nordrhein-Westfalen,4348402.0,2555000248984.0,571382624050.0,0.0,0.0,18028253.0,1200269787.0,3126382872938.0,386305561.0
Europe,DEU,Germany,DE-RP,Rheinland-Pfalz,1307186.0,561618096529.0,130077498788.0,0.0,0.0,4132656.0,279315351.0,691695595494.0,84988830.0
Europe,DEU,Germany,DE-SH,Schleswig-Holstein,900088.0,396813346996.0,90699770192.0,0.0,0.0,2968177.0,195996910.0,487513117241.0,60390065.0
Europe,DEU,Germany,DE-SL,Saarland,341738.0,137085525130.0,31421794893.0,0.0,0.0,958347.0,67418366.0,168507320007.0,20586106.0
Europe,DEU,Germany,DE-SN,Sachsen,947791.0,625849370163.0,139657993804.0,0.0,0.0,3946856.0,297708126.0,765507363929.0,95494956.0
Europe,DEU,Germany,DE-ST,Sachsen-Anhalt,650339.0,351472134520.0,81209761403.0,0.0,0.0,2053262.0,171676079.0,432681895960.0,54945402.0
Europe,DEU,Germany,DE-TH,Thüringen,601643.0,311469784238.0,71192772350.0,0.0,0.0,2022478.0,152108288.0,382662556640.0,47698829.0
Europe,DNK,Denmark,DK-81,Nordjylland,192742.0,101677119399.0,22934730809.0,0.0,0.0,602645.0,49718454.0,124611850190.0,17406934.0
Europe,DNK,Denmark,DK-82,Midtjylland,404346.0,223259604860.0,51955587654.0,0.0,0.0,1372444.0,108695680.0,275215192606.0,38140270.0
Europe,DNK,Denmark,DK-83,Syddanmark,400469.0,223520829205.0,53097931201.0,0.0,0.0,1254220.0,109033184.0,276618760412.0,38028591.0
Europe,DNK,Denmark,DK-84,Hovedstaden,540937.0,299242963765.0,64706971411.0,0.0,0.0,1912113.0,136862206.0,363949935189.0,49593504.0
Europe,DNK,Denmark,DK-85,Sjælland,255045.0,129207239797.0,28014572327.0,0.0,0.0,861085.0,62229008.0,157221812087.0,21727175.0
Europe,ESP,Spain,ES-AN,Andalucía,2290708.0,619698630537.0,120865564146.0,0.0,0.0,8985840.0,514456987.0,740564194587.0,181524266.0
Europe,ESP,Spain,ES-AR,Aragón,358892.0,123288625155.0,26903151787.0,0.0,0.0,1396077.0,110987894.0,150191776947.0,38774374.0
Europe,ESP,Spain,ES-AS,Asturias,223679.0,97601410865.0,19312867457.0,0.0,0.0,1025010.0,81274583.0,116914278327.0,28415546.0
Europe,ESP,Spain,ES-CB,Cantabria,138097.0,48726622524.0,9394418271.0,0.0,0.0,610376.0,41805151.0,58121040787.0,14653271.0
Europe,ESP,Spain,ES-CE,Ceuta,8194.0,3092785410.0,581164400.0,0.0,0.0,86204.0,2393043.0,3673949799.0,855894.0
Europe,ESP,Spain,ES-CL,Castilla y León,1026922.0,275886814547.0,55079486504.0,0.0,0.0,2404728.0,247228606.0,330966301052.0,86901248.0
Europe,ESP,Spain,ES-CM,Castilla-La Mancha,919940.0,227984315169.0,49660744625.0,0.0,0.0,2116067.0,205505585.0,277645059768.0,71611001.0
Europe,ESP,Spain,ES-CT,Catalunya,1407063.0,599917516592.0,120214276361.0,0.0,0.0,8304968.0,451081576.0,720131792932.0,158898956.0
Europe,ESP,Spain,ES-EX,Extremadura,484692.0,103634685363.0,20214053218.0,0.0,0.0,1092569.0,91244958.0,123848738587.0,32383021.0
Europe,ESP,Spain,ES-GA,Galicia,901094.0,281372729648.0,55256459610.0,0.0,0.0,2795061.0,239395564.0,336629189266.0,84045448.0
Europe,ESP,Spain,ES-IB,Illes Balears,295267.0,83833326185.0,16192566020.0,0.0,0.0,1292089.0,68394093.0,100025892206.0,24439819.0
Europe,ESP,Spain,ES-MC,Murcia,453635.0,126939386563.0,26148624215.0,0.0,0.0,1636360.0,103182437.0,153088010793.0,36079952.0
Europe,ESP,Spain,ES-MD,Madrid,710844.0,389852624054.0,77806743948.0,0.0,0.0,7294274.0,275525079.0,467659368044.0,97164934.0
Europe,ESP,Spain,ES-ML,Melilla,10401.0,2928610876.0,544347041.0,0.0,0.0,68386.0,2246774.0,3472957910.0,822160.0
Europe,ESP,Spain,ES-NC,Nafarroako,147241.0,52659847925.0,11816359375.0,0.0,0.0,710603.0,48226760.0,64476207280.0,16763027.0
Europe,ESP,Spain,ES-PV,Euskal Herria,220796.0,155718717904.0,34387206959.0,0.0,0.0,2355958.0,135698513.0,190105924870.0,46916800.0
Europe,ESP,Spain,ES-RI,La Rioja,77772.0,30952441319.0,7284023855.0,0.0,0.0,336050.0,28721973.0,38236465187.0,9913174.0
Europe,ESP,Spain,ES-VC,Valencia,1200782.0,445683455729.0,89569367264.0,0.0,0.0,5378665.0,373864487.0,535252822958.0,130537747.0
Europe,EST,Estonia,EE-37,Harjumaa,109205.0,35743018434.0,9203558208.0,0.0,0.0,648637.0,29684732.0,44946576639.0,9977626.0
Europe,EST,Estonia,EE-39,Hiiumaa,1889.0,479436109.0,112177994.0,0.0,0.0,8411.0,452994.0,591614098.0,152195.0
Europe,EST,Estonia,EE-45,Ida-Virumaa,33258.0,10588202321.0,2744490936.0,0.0,0.0,126105.0,9096297.0,13332693268.0,3022808.0
Europe,EST,Estonia,EE-50,Jõgevamaa,7041.0,1776257927.0,399356656.0,0.0,0.0,26996.0,1571917.0,2175614583.0,522215.0
Europe,EST,Estonia,EE-52,Järvamaa,7432.0,2028170950.0,486364924.0,0.0,0.0,28419.0,1780258.0,2514535869.0,587517.0
Europe,EST,Estonia,EE-56,Läänemaa,5312.0,1670649785.0,445222561.0,0.0,0.0,24186.0,1535744.0,2115872346.0,514981.0
Europe,EST,Estonia,EE-60,Lääne-Virumaa,13401.0,4287228846.0,1170749759.0,0.0,0.0,54310.0,3942469.0,5457978610.0,1308050.0
Europe,EST,Estonia,EE-64,Põlvamaa,6075.0,1699664345.0,426115184.0,0.0,0.0,24488.0,1572732.0,2125779531.0,523265.0
Europe,EST,Estonia,EE-68,Pärnumaa,16923.0,4296159309.0,894933383.0,0.0,0.0,81603.0,3477807.0,5191092690.0,1172694.0
Europe,EST,Estonia,EE-71,Raplamaa,7212.0,1982894341.0,488668660.0,0.0,0.0,34041.0,1816185.0,2471563007.0,604975.0
Europe,EST,Estonia,EE-74,Saaremaa,6333.0,1542139059.0,306993568.0,0.0,0.0,31206.0,1274774.0,1849132628.0,435224.0
Europe,EST,Estonia,EE-79,Tartumaa,29543.0,8844067813.0,2129891440.0,0.0,0.0,153501.0,7267213.0,10973959266.0,2445783.0
Europe,EST,Estonia,EE-81,Valgamaa,6612.0,1841496858.0,448519127.0,0.0,0.0,28476.0,1644740.0,2290015984.0,548469.0
Europe,EST,Estonia,EE-84,Viljandimaa,10588.0,2704455267.0,602610025.0,0.0,0.0,43983.0,2342291.0,3307065292.0,779956.0
Europe,EST,Estonia,EE-87,Võrumaa,7785.0,2648287879.0,756857328.0,0.0,0.0,29874.0,2478528.0,3405145207.0,819389.0
Europe,FIN,Finland,FI-02,South Karelia,40672.0,16923917334.0,4392516101.0,0.0,0.0,129149.0,8765810.0,21316433435.0,2740380.0
Europe,FIN,Finland,FI-03,South Ostrobothnia,58268.0,23074679923.0,5885355616.0,0.0,0.0,190397.0,12268985.0,28960035538.0,3848243.0
Europe,FIN,Finland,FI-04,South Savo,48410.0,17538108768.0,4120888559.0,0.0,0.0,140703.0,9034434.0,21658997326.0,2859106.0
Europe,FIN,Finland,FI-05,Kainuu,28938.0,11465555324.0,3033140902.0,0.0,0.0,74798.0,6188295.0,14498696224.0,1868769.0
Europe,FIN,Finland,FI-06,Kanta-Häme,52081.0,21292522093.0,5511808707.0,0.0,0.0,175517.0,11026981.0,26804330803.0,3402550.0
Europe,FIN,Finland,FI-07,Central Ostrobothnia,20418.0,8667848636.0,2305618771.0,0.0,0.0,70375.0,4622861.0,10973467407.0,1444037.0
Europe,FIN,Finland,FI-08,Central Finland,79041.0,30266912984.0,7277183080.0,0.0,0.0,278678.0,15046620.0,37544096066.0,4731314.0
Europe,FIN,Finland,FI-09,Kymenlaakso,52610.0,23485461849.0,6261389175.0,0.0,0.0,164152.0,12024286.0,29746851010.0,3770127.0
Europe,FIN,Finland,FI-10,Lapland,54490.0,22515938386.0,5863377132.0,0.0,0.0,174837.0,12021520.0,28379315522.0,3807180.0
Europe,FIN,Finland,FI-11,Pirkanmaa,151312.0,62634922220.0,16317344276.0,0.0,0.0,543367.0,31706729.0,78952266498.0,9661236.0
Europe,FIN,Finland,FI-12,Ostrobothnia,53967.0,22530723961.0,5814662936.0,0.0,0.0,183563.0,11424645.0,28345386887.0,3552516.0
Europe,FIN,Finland,FI-13,North Karelia,49152.0,19741135777.0,5057663254.0,0.0,0.0,163014.0,10478889.0,24798799027.0,3306544.0
Europe,FIN,Finland,FI-14,North Ostrobothnia,113520.0,45557905461.0,11451474000.0,0.0,0.0,419464.0,23202716.0,57009379456.0,7273911.0
Europe,FIN,Finland,FI-15,North Savo,75188.0,28806955132.0,7061355202.0,0.0,0.0,247957.0,14814359.0,35868310326.0,4653544.0
Europe,FIN,Finland,FI-16,Päijät-Häme,60162.0,26957222200.0,7192581062.0,0.0,0.0,203375.0,13641396.0,34149803259.0,4283435.0
Europe,FIN,Finland,FI-17,Satakunta,70822.0,30168602828.0,8031457362.0,0.0,0.0,217245.0,15779657.0,38200060199.0,4884026.0
Europe,FIN,Finland,FI-18,Uusimaa,410531.0,176974918539.0,44681004714.0,0.0,0.0,1752719.0,85910500.0,221655923254.0,27327634.0
Europe,FIN,Finland,FI-19,Southwest Finland,134951.0,55187958023.0,13843017944.0,0.0,0.0,493998.0,27568827.0,69030975969.0,8669647.0
Europe,FRA,France,FR-20R,Corse,108668.0,42693952275.0,8794869128.0,0.0,0.0,347819.0,27485722.0,51488821385.0,9517728.0
Europe,FRA,France,FR-ARA,Auvergne-Rhône-Alpes,1934669.0,933320620919.0,207094093033.0,0.0,0.0,8235178.0,587582823.0,1140414713931.0,209460007.0
Europe,FRA,France,FR-BFC,Bourgogne-Franche-Comté,921274.0,336082363305.0,74530044529.0,0.0,0.0,2874375.0,216832768.0,410612407652.0,77221361.0
Europe,FRA,France,FR-BRE,Bretagne,1114059.0,391496453676.0,84157165254.0,0.0,0.0,3433800.0,247178158.0,475653618996.0,87329891.0
Europe,FRA,France,FR-CVL,Centre-Val de Loire,847375.0,300454643150.0,67900706729.0,0.0,0.0,2636014.0,193409889.0,368355349886.0,68745316.0
Europe,FRA,France,FR-GES,Grand Est,1408407.0,625646999804.0,141177777453.0,0.0,0.0,5686770.0,396355269.0,766824777055.0,141590183.0
Europe,FRA,France,FR-HDF,Hauts-de-France,1652738.0,635527868860.0,143834744985.0,0.0,0.0,6143598.0,400885636.0,779362613811.0,142888348.0
Europe,FRA,France,FR-IDF,Île-de-France,1382066.0,1067711898948.0,218213202533.0,0.0,0.0,12546633.0,623953255.0,1285925101446.0,220950692.0
Europe,FRA,France,FR-NAQ,Nouvelle-Aquitaine,2057354.0,700057511753.0,150233525584.0,0.0,0.0,6158489.0,442927569.0,850291037373.0,155939036.0
Europe,FRA,France,FR-NOR,Normandie,1044120.0,383711558244.0,84404411368.0,0.0,0.0,3405485.0,244432713.0,468115969693.0,87145792.0
Europe,FRA,France,FR-OCC,Occitanie,1757015.0,661349830410.0,135066185727.0,0.0,0.0,6080136.0,405675436.0,796416016011.0,142593864.0
Europe,FRA,France,FR-PAC,Provence-Alpes-Côte-d’Azur,1001079.0,573070112039.0,116817966547.0,0.0,0.0,5202464.0,339445403.0,689888078464.0,119042469.0
Europe,FRA,France,FR-PDL,Pays-de-la-Loire,1166544.0,448422877196.0,100926242107.0,0.0,0.0,3897896.0,282688752.0,549349119331.0,100640229.0
Europe,GBR,United Kingdom,GB-ENG,England,13642902.0,4845254329687.0,1046054415520.0,0.0,0.0,58957936.0,2499264086.0,5891308745124.0,921128849.0
Europe,GBR,United Kingdom,GB-NIR,Northern Ireland,478412.0,162470102929.0,33292346637.0,0.0,0.0,1936191.0,83624487.0,195762449565.0,30886872.0
Europe,GBR,United Kingdom,GB-SCT,Scotland,1431509.0,507741061587.0,110468690643.0,0.0,0.0,5487226.0,263358914.0,618209752249.0,96489125.0
Europe,GBR,United Kingdom,GB-WLS,Wales,803977.0,286105854627.0,63357479930.0,0.0,0.0,3169980.0,151068102.0,349463334590.0,55120911.0
Europe,GIB,Gibraltar,GI-ES,Eastside,63.0,37009137.0,7330977.0,0.0,0.0,479.0,15711.0,44340114.0,5957.0
Europe,GIB,Gibraltar,GI-ND,North District,1015.0,675089376.0,145154190.0,0.0,0.0,7089.0,284991.0,820243566.0,106603.0
Europe,GIB,Gibraltar,GI-RA,Reclamation Areas,2309.0,1560622517.0,337200878.0,0.0,0.0,16017.0,658221.0,1897823391.0,246256.0
Europe,GIB,Gibraltar,GI-SA,Sandpits Area,314.0,200970783.0,41970362.0,0.0,0.0,2252.0,84757.0,242941149.0,31763.0
Europe,GIB,Gibraltar,GI-SD,South District,1026.0,688644327.0,149156397.0,0.0,0.0,7138.0,290424.0,837800722.0,108418.0
Europe,GIB,Gibraltar,GI-TA,Town Area,580.0,380849509.0,80936447.0,0.0,0.0,4073.0,160712.0,461785956.0,60452.0
Europe,GIB,Gibraltar,GI-UT,Upper Town,435.0,285153307.0,59895714.0,0.0,0.0,3079.0,120099.0,345049023.0,45086.0
Europe,GRC,Greece,GR-AI,Aigaío,318788.0,47068685723.0,9644063834.0,0.0,0.0,506362.0,43947192.0,56712749541.0,16278601.0
Europe,GRC,Greece,GR-AT,Attikí,750868.0,237968424371.0,44603533720.0,0.0,0.0,3683158.0,208808604.0,282571958027.0,70041767.0
Europe,GRC,Greece,GR-CR,Kríti,266019.0,41678971354.0,8283297600.0,0.0,0.0,596152.0,37980181.0,49962268964.0,13558241.0
Europe,GRC,Greece,GR-EM,Ípeiros kai Dytikí Makedonía,258122.0,39747505400.0,8281250834.0,0.0,0.0,526370.0,39261292.0,48028756207.0,13916739.0
Europe,GRC,Greece,GR-MA,Ágion Óros,892.0,96717740.0,17202991.0,0.0,0.0,1635.0,96770.0,113920731.0,34640.0
Europe,GRC,Greece,GR-MH,Makedonía kai Thráki,748054.0,157575481640.0,32774431284.0,0.0,0.0,2206050.0,151260042.0,190349912918.0,52786743.0
Europe,GRC,Greece,GR-PW,"Pelopónnisos, Dytikí Elláda, kai Ionía Nísia",699016.0,95386445900.0,18629426509.0,0.0,0.0,1310857.0,92979798.0,114015872510.0,32707678.0
Europe,GRC,Greece,GR-TC,Thessalía kai Stereá Elláda,562936.0,89473903437.0,18714264368.0,0.0,0.0,1108254.0,86528362.0,108188167762.0,30622879.0
Europe,HRV,Croatia,HR-01,Zagrebačka,93981.0,11375551796.0,2368466356.0,0.0,0.0,218026.0,12072225.0,13744018183.0,4295909.0
Europe,HRV,Croatia,HR-02,Krapinsko-Zagorska,56578.0,5507436194.0,1083535594.0,0.0,0.0,117415.0,6250126.0,6590971826.0,2248980.0
Europe,HRV,Croatia,HR-03,Sisačko-Moslavačka,80313.0,9880514881.0,2102781896.0,0.0,0.0,139298.0,10501249.0,11983296790.0,3695377.0
Europe,HRV,Croatia,HR-04,Karlovačka,56219.0,6186196462.0,1152271748.0,0.0,0.0,111348.0,6456395.0,7338468222.0,2284004.0
Europe,HRV,Croatia,HR-05,Varaždinska,65147.0,6965446082.0,1362437561.0,0.0,0.0,159878.0,7521334.0,8327883678.0,2674229.0
Europe,HRV,Croatia,HR-06,Koprivničko-Križevačka,47404.0,5191132472.0,1082516641.0,0.0,0.0,101795.0,5713019.0,6273649103.0,2025523.0
Europe,HRV,Croatia,HR-07,Bjelovarsko-Bilogorska,48820.0,5199407204.0,988014032.0,0.0,0.0,102490.0,5531370.0,6187421288.0,1946691.0
Europe,HRV,Croatia,HR-08,Primorsko-Goranska,161402.0,18611032619.0,3732712843.0,0.0,0.0,263710.0,19601223.0,22343745405.0,7063902.0
Europe,HRV,Croatia,HR-09,Ličko-Senjska,35977.0,3914336766.0,736738305.0,0.0,0.0,43004.0,4124807.0,4651075086.0,1453366.0
Europe,HRV,Croatia,HR-10,Virovitičko-Podravska,36269.0,4426664862.0,1008612231.0,0.0,0.0,70285.0,4877400.0,5435277144.0,1723993.0
Europe,HRV,Croatia,HR-11,Požeško-Slavonska,29430.0,3826737255.0,816619784.0,0.0,0.0,64155.0,3983993.0,4643357056.0,1397106.0
Europe,HRV,Croatia,HR-12,Brodsko-Posavska,59443.0,6311650829.0,1327153211.0,0.0,0.0,123919.0,7063264.0,7638804023.0,2518796.0
Europe,HRV,Croatia,HR-13,Zadarska,109588.0,10989765297.0,2073318532.0,0.0,0.0,159001.0,12027374.0,13063083834.0,4291706.0
Europe,HRV,Croatia,HR-14,Osječko-Baranjska,119524.0,14745520771.0,3156126229.0,0.0,0.0,253884.0,15434645.0,17901647008.0,5475697.0
Europe,HRV,Croatia,HR-15,Šibensko-Kninska,70372.0,7505329624.0,1392717822.0,0.0,0.0,95854.0,7926282.0,8898047412.0,2804012.0
Europe,HRV,Croatia,HR-16,Vukovarsko-Srijemska,68346.0,7318569217.0,1474832600.0,0.0,0.0,139992.0,8005206.0,8793401827.0,2847658.0
Europe,HRV,Croatia,HR-17,Splitsko-Dalmatinska,193433.0,22911081877.0,4300532330.0,0.0,0.0,422269.0,23043235.0,27211614140.0,8218305.0
Europe,HRV,Croatia,HR-18,Istarska,108803.0,14307886295.0,2871401787.0,0.0,0.0,194841.0,14768987.0,17179288043.0,5359373.0
Europe,HRV,Croatia,HR-19,Dubrovačko-Neretvanska,53272.0,7036721089.0,1446178079.0,0.0,0.0,115076.0,7386043.0,8482899122.0,2710615.0
Europe,HRV,Croatia,HR-20,Međimurska,42577.0,4148299552.0,805073447.0,0.0,0.0,105031.0,4670090.0,4953372982.0,1677249.0
Europe,HRV,Croatia,HR-21,Grad Zagreb,305321.0,41263016756.0,7974933922.0,0.0,0.0,846884.0,37899588.0,49237950673.0,12976168.0
Europe,HUN,Hungary,HU-BA,Baranya,105364.0,18556838680.0,4205156609.0,0.0,0.0,353760.0,19947654.0,22761995291.0,7293399.0
Europe,HUN,Hungary,HU-BE,Békés,128434.0,17600234160.0,4075990280.0,0.0,0.0,314271.0,20051513.0,21676224440.0,7316357.0
Europe,HUN,Hungary,HU-BK,Bács-Kiskun,181987.0,24419454835.0,5550337906.0,0.0,0.0,494235.0,27805079.0,29969792738.0,10176302.0
Europe,HUN,Hungary,HU-BU,Budapest,560725.0,86037422130.0,18106090270.0,0.0,0.0,1629960.0,92507585.0,104143512351.0,34292406.0
Europe,HUN,Hungary,HU-BZ,Borsod-Abaúj-Zemplén,192328.0,30758227301.0,7078139626.0,0.0,0.0,629291.0,34005120.0,37836366899.0,12448182.0
Europe,HUN,Hungary,HU-CS,Csongrád-Csanád,121892.0,20267994203.0,4380670303.0,0.0,0.0,388224.0,21319879.0,24648664512.0,7826531.0
Europe,HUN,Hungary,HU-FE,Fejér,128264.0,25057776200.0,6778106052.0,0.0,0.0,440432.0,28295269.0,31835882263.0,10079112.0
Europe,HUN,Hungary,HU-GS,Győr-Moson-Sopron,122403.0,25154390662.0,6122000744.0,0.0,0.0,461516.0,26812386.0,31276391404.0,9642403.0
Europe,HUN,Hungary,HU-HB,Hajdú-Bihar,152323.0,24593018613.0,5374639751.0,0.0,0.0,513932.0,26415595.0,29967658391.0,9621469.0
Europe,HUN,Hungary,HU-HE,Heves,100129.0,14975102427.0,3585793428.0,0.0,0.0,287609.0,17149368.0,18560895845.0,6232037.0
Europe,HUN,Hungary,HU-JN,Jász-Nagykun-Szolnok,134678.0,18583954114.0,4468884396.0,0.0,0.0,358855.0,21584881.0,23052838515.0,7857770.0
Europe,HUN,Hungary,HU-KE,Komárom-Esztergom,90639.0,17168654110.0,4394045576.0,0.0,0.0,301448.0,19009325.0,21562699669.0,6835533.0
Europe,HUN,Hungary,HU-NO,Nógrád,65277.0,8679343565.0,1873084254.0,0.0,0.0,180869.0,9819659.0,10552427828.0,3609292.0
Europe,HUN,Hungary,HU-PE,Pest,373936.0,53910214420.0,12411803429.0,0.0,0.0,1368485.0,60755036.0,66322017822.0,22013533.0
Europe,HUN,Hungary,HU-SO,Somogy,94100.0,14611799602.0,3225067152.0,0.0,0.0,294790.0,16006766.0,17836866748.0,5851096.0
Europe,HUN,Hungary,HU-SZ,Szabolcs-Szatmár-Bereg,171085.0,23778731402.0,5327465411.0,0.0,0.0,543325.0,26769098.0,29106196821.0,9760141.0
Europe,HUN,Hungary,HU-TO,Tolna,76956.0,11620837455.0,2902481959.0,0.0,0.0,210220.0,13455965.0,14523319424.0,4877119.0
Europe,HUN,Hungary,HU-VA,Vas,68155.0,12485393163.0,2794951023.0,0.0,0.0,253031.0,13258202.0,15280344175.0,4844530.0
Europe,HUN,Hungary,HU-VE,Veszprém,103034.0,17578022029.0,4053950446.0,0.0,0.0,345903.0,19082579.0,21631972482.0,6969068.0
Europe,HUN,Hungary,HU-ZA,Zala,78732.0,14609714125.0,3358991900.0,0.0,0.0,262108.0,15589415.0,17968706024.0,5627797.0
Europe,IMN,Isle of Man,IM-AN,Andreas,498.0,229652960.0,47878266.0,0.0,0.0,2021.0,121031.0,277531228.0,48718.0
Europe,IMN,Isle of Man,IM-AR,Arbory and Rushen,1061.0,449333426.0,92699868.0,0.0,0.0,4266.0,241015.0,542033294.0,95728.0
Europe,IMN,Isle of Man,IM-BE,Bride,153.0,60783687.0,11818142.0,0.0,0.0,682.0,33188.0,72601830.0,12790.0
Europe,IMN,Isle of Man,IM-BL,Ballaugh,357.0,156341522.0,32099029.0,0.0,0.0,1472.0,83211.0,188440551.0,33429.0
Europe,IMN,Isle of Man,IM-BN,Braddan,1080.0,516208911.0,113204163.0,0.0,0.0,3874.0,269773.0,629413075.0,111084.0
Europe,IMN,Isle of Man,IM-CA,Castletown,487.0,258260218.0,58419549.0,0.0,0.0,1795.0,131608.0,316679768.0,53338.0
Europe,IMN,Isle of Man,IM-DO,Douglas,5791.0,2964127876.0,650256935.0,0.0,0.0,22405.0,1515970.0,3614384811.0,609818.0
Europe,IMN,Isle of Man,IM-GA,Garff,1103.0,478873842.0,99977074.0,0.0,0.0,4458.0,256074.0,578850915.0,101834.0
Europe,IMN,Isle of Man,IM-GE,German,527.0,226943399.0,45719214.0,0.0,0.0,2168.0,120342.0,272662609.0,48104.0
Europe,IMN,Isle of Man,IM-JU,Jurby,207.0,94248301.0,20218115.0,0.0,0.0,765.0,50078.0,114466412.0,20446.0
Europe,IMN,Isle of Man,IM-LZ,Lezayre,606.0,262700047.0,56142503.0,0.0,0.0,2427.0,140379.0,318842548.0,55140.0
Europe,IMN,Isle of Man,IM-MC,Michael,442.0,193460705.0,40259709.0,0.0,0.0,1775.0,103150.0,233720416.0,41112.0
Europe,IMN,Isle of Man,IM-ML,Malew,1052.0,497290868.0,105339743.0,0.0,0.0,3850.0,257178.0,602630615.0,106127.0
Europe,IMN,Isle of Man,IM-MR,Marown,556.0,251419509.0,53497711.0,0.0,0.0,2197.0,133885.0,304917221.0,54213.0
Europe,IMN,Isle of Man,IM-ON,Onchan,2581.0,1303186438.0,279774461.0,0.0,0.0,10213.0,666935.0,1582960899.0,268280.0
Europe,IMN,Isle of Man,IM-PE,Port Erin,907.0,473365970.0,102117769.0,0.0,0.0,3685.0,241219.0,575483738.0,97261.0
Europe,IMN,Isle of Man,IM-PL,Peel,1200.0,596696572.0,129014412.0,0.0,0.0,4816.0,306356.0,725710982.0,122493.0
Europe,IMN,Isle of Man,IM-PS,Port St Mary,415.0,181997346.0,38742802.0,0.0,0.0,1609.0,97030.0,220740146.0,38826.0
Europe,IMN,Isle of Man,IM-PT,Patrick,402.0,162552802.0,32947904.0,0.0,0.0,1706.0,88256.0,195500705.0,34352.0
Europe,IMN,Isle of Man,IM-RA,Ramsey,1837.0,900700183.0,195014223.0,0.0,0.0,7092.0,464985.0,1095714408.0,187235.0
Europe,IMN,Isle of Man,IM-SA,Santon,205.0,89287886.0,18605289.0,0.0,0.0,843.0,48033.0,107893175.0,19122.0
Europe,IRL,Ireland,IE-CE,Clare,54010.0,14126194959.0,3193354017.0,0.0,0.0,131268.0,7963359.0,17319548977.0,2862513.0
Europe,IRL,Ireland,IE-CN,Cavan,32518.0,7719153848.0,1622787150.0,0.0,0.0,83463.0,4512686.0,9341940998.0,1598154.0
Europe,IRL,Ireland,IE-CO,Cork,240268.0,61138105758.0,13415749769.0,0.0,0.0,601447.0,33408415.0,74553855546.0,12073469.0
Europe,IRL,Ireland,IE-CW,Carlow,22283.0,5563160213.0,1178876596.0,0.0,0.0,62151.0,3125334.0,6742036815.0,1127176.0
Europe,IRL,Ireland,IE-D,Dublin,584187.0,161349202939.0,36444961488.0,0.0,0.0,1506395.0,83410966.0,197794164426.0,30864133.0
Europe,IRL,Ireland,IE-DL,Donegal,76480.0,18132053611.0,3749999924.0,0.0,0.0,170917.0,10470624.0,21882053529.0,3731243.0
Europe,IRL,Ireland,IE-G,Galway,111188.0,28661391227.0,6363663835.0,0.0,0.0,285420.0,16112135.0,35025055068.0,5802743.0
Europe,IRL,Ireland,IE-KE,Kildare,90450.0,25614612167.0,6124787427.0,0.0,0.0,254030.0,14124592.0,31739399598.0,5102471.0
Europe,IRL,Ireland,IE-KK,Kilkenny,50620.0,13061480979.0,3006141672.0,0.0,0.0,113965.0,7451707.0,16067622655.0,2648321.0
Europe,IRL,Ireland,IE-KY,Kerry,71086.0,18164177900.0,3845496107.0,0.0,0.0,161619.0,10102599.0,22009674006.0,3677047.0
Europe,IRL,Ireland,IE-LD,Longford,17694.0,4206250406.0,912337009.0,0.0,0.0,47914.0,2418509.0,5118587426.0,852468.0
Europe,IRL,Ireland,IE-LH,Louth,45763.0,11914263768.0,2583739663.0,0.0,0.0,142776.0,6465331.0,14498003436.0,2357415.0
Europe,IRL,Ireland,IE-LK,Limerick,94257.0,24434469065.0,5523208672.0,0.0,0.0,216346.0,13529085.0,29957677715.0,4866436.0
Europe,IRL,Ireland,IE-LM,Leitrim,13575.0,3075358545.0,625800972.0,0.0,0.0,37117.0,1828676.0,3701159511.0,645327.0
Europe,IRL,Ireland,IE-LS,Laois,34923.0,8312964692.0,1785792747.0,0.0,0.0,96582.0,4772377.0,10098757437.0,1686620.0
Europe,IRL,Ireland,IE-MH,Meath,93260.0,23283858163.0,5148622208.0,0.0,0.0,230142.0,12958486.0,28432480371.0,4619979.0
Europe,IRL,Ireland,IE-MN,Monaghan,31120.0,7134731641.0,1471117012.0,0.0,0.0,67177.0,4163165.0,8605848652.0,1469814.0
Europe,IRL,Ireland,IE-MO,Mayo,64031.0,15654796649.0,3315022572.0,0.0,0.0,141720.0,8903499.0,18969819222.0,3194248.0
Europe,IRL,Ireland,IE-OY,Offaly,35572.0,8594432062.0,1877877541.0,0.0,0.0,85023.0,5012262.0,10472309613.0,1768172.0
Europe,IRL,Ireland,IE-RN,Roscommon,33032.0,7441487751.0,1522700586.0,0.0,0.0,74438.0,4285440.0,8964188336.0,1512767.0
Europe,IRL,Ireland,IE-SO,Sligo,31446.0,7425472256.0,1537627359.0,0.0,0.0,72413.0,4112595.0,8963099616.0,1474182.0
Europe,IRL,Ireland,IE-TA,Tipperary,78436.0,18877685513.0,4088128216.0,0.0,0.0,172245.0,10785035.0,22965813711.0,3828372.0
Europe,IRL,Ireland,IE-WD,Waterford,53959.0,14021794873.0,3177179153.0,0.0,0.0,126078.0,7673786.0,17198974015.0,2761287.0
Europe,IRL,Ireland,IE-WH,Westmeath,36503.0,9376450092.0,2063983844.0,0.0,0.0,96523.0,5234020.0,11440433959.0,1886601.0
Europe,IRL,Ireland,IE-WW,Wicklow,61431.0,15955166700.0,3433283961.0,0.0,0.0,162180.0,8541244.0,19388450677.0,3122892.0
Europe,IRL,Ireland,IE-WX,Wexford,59037.0,15065839590.0,3231428770.0,0.0,0.0,168680.0,8447203.0,18297268363.0,3057343.0
Europe,ISL,Iceland,IS-1,Höfuðborgarsvæði,43502.0,48373319228.0,10865445724.0,0.0,0.0,255824.0,15603595.0,59238764950.0,5879683.0
Europe,ISL,Iceland,IS-2,Suðurnes,6832.0,7977443348.0,2323172054.0,0.0,0.0,31355.0,2729189.0,10300615391.0,974040.0
Europe,ISL,Iceland,IS-3,Vesturland,4458.0,3664004876.0,948491549.0,0.0,0.0,17743.0,1244200.0,4612496397.0,423005.0
Europe,ISL,Iceland,IS-4,Vestfirðir,2729.0,2351109758.0,613177245.0,0.0,0.0,7219.0,767122.0,2964287024.0,277735.0
Europe,ISL,Iceland,IS-5,Norðurland vestra,2452.0,1624374375.0,384515155.0,0.0,0.0,7462.0,533598.0,2008889536.0,180976.0
Europe,ISL,Iceland,IS-6,Norðurland eystra,6893.0,5972569248.0,1279607629.0,0.0,0.0,32101.0,1913477.0,7252176879.0,701865.0
Europe,ISL,Iceland,IS-7,Austurland,4553.0,2882202379.0,658860711.0,0.0,0.0,14127.0,946046.0,3541063077.0,320311.0
Europe,ISL,Iceland,IS-8,Suðurland,6833.0,5378042760.0,1267336897.0,0.0,0.0,32433.0,1757556.0,6645379633.0,623220.0
Europe,ITA,Italy,IT-21,Piemonte,1050463.0,518376712009.0,110331737789.0,0.0,0.0,4268835.0,400526423.0,628708448694.0,142052943.0
Europe,ITA,Italy,IT-23,Valle d'Aosta,47718.0,13486141396.0,2639588679.0,0.0,0.0,123763.0,10501607.0,16125729587.0,3742295.0
Europe,ITA,Italy,IT-25,Lombardia,1758321.0,1130196521952.0,249245028246.0,0.0,0.0,10042985.0,896580543.0,1379441551022.0,317349655.0
Europe,ITA,Italy,IT-32,Trentino-Alto Adige,253523.0,97413629534.0,19804252602.0,0.0,0.0,1086189.0,78832727.0,117217881570.0,28093252.0
Europe,ITA,Italy,IT-34,Veneto,1226940.0,576159530658.0,129536534803.0,0.0,0.0,4875853.0,474545826.0,705696064265.0,171550734.0
Europe,ITA,Italy,IT-36,Friuli Venezia Giulia,339386.0,142578697466.0,31914846964.0,0.0,0.0,1198499.0,118099617.0,174493544323.0,42172319.0
Europe,ITA,Italy,IT-42,Liguria,304631.0,163155871358.0,31223775692.0,0.0,0.0,1504085.0,113873001.0,194379646758.0,40153208.0
Europe,ITA,Italy,IT-45,Emilia-Romagna,928664.0,517179042001.0,116672337695.0,0.0,0.0,4464362.0,418262734.0,633851379440.0,150880008.0
Europe,ITA,Italy,IT-52,Toscana,828441.0,372180650306.0,76495061193.0,0.0,0.0,3675463.0,286546361.0,448675710894.0,103029622.0
Europe,ITA,Italy,IT-55,Umbria,232843.0,92645212470.0,19187743307.0,0.0,0.0,859975.0,73502872.0,111832955631.0,26246493.0
Europe,ITA,Italy,IT-57,Marche,344417.0,158675297694.0,33701912929.0,0.0,0.0,1491044.0,126888960.0,192377210662.0,44682160.0
Europe,ITA,Italy,IT-62,Lazio,939821.0,563145482657.0,108187875394.0,0.0,0.0,5758896.0,378876963.0,671333358258.0,131638405.0
Europe,ITA,Italy,IT-65,Abruzzo,379819.0,138809451304.0,28364229661.0,0.0,0.0,1279457.0,109366039.0,167173681238.0,38612193.0
Europe,ITA,Italy,IT-67,Molise,110468.0,33143380778.0,6501060917.0,0.0,0.0,291742.0,26231173.0,39644441672.0,9262855.0
Europe,ITA,Italy,IT-72,Campania,1072884.0,499087785103.0,97314340508.0,0.0,0.0,5652963.0,365392304.0,596402124575.0,128344284.0
Europe,ITA,Italy,IT-75,Puglia,970146.0,393166904578.0,77559134452.0,0.0,0.0,3779486.0,295363874.0,470726039342.0,103046976.0
Europe,ITA,Italy,IT-77,Basilicata,175682.0,52708970721.0,10558976835.0,0.0,0.0,540546.0,41979085.0,63267947424.0,14747772.0
Europe,ITA,Italy,IT-78,Calabria,644839.0,181053029942.0,33964781298.0,0.0,0.0,1857500.0,138015127.0,215017811584.0,47999633.0
Europe,ITA,Italy,IT-82,Sicilia,1448677.0,469522047174.0,88386289334.0,0.0,0.0,4823687.0,339170509.0,557908336242.0,117066580.0
Europe,ITA,Italy,IT-88,Sardegna,564249.0,164351425656.0,32730983428.0,0.0,0.0,1570900.0,130851559.0,197082408756.0,47156538.0
Europe,LIE,Liechtenstein,LI-01,Balzers,2130.0,1245685477.0,276491986.0,0.0,0.0,4804.0,460286.0,1522177464.0,171813.0
Europe,LIE,Liechtenstein,LI-02,Eschen,2016.0,1240737549.0,277552762.0,0.0,0.0,4664.0,457537.0,1518290311.0,173104.0
Europe,LIE,Liechtenstein,LI-03,Gamprin,866.0,516142389.0,113801277.0,0.0,0.0,1739.0,189637.0,629943666.0,71580.0
Europe,LIE,Liechtenstein,LI-04,Mauren,2042.0,1223174795.0,273609427.0,0.0,0.0,4493.0,451473.0,1496784220.0,169501.0
Europe,LIE,Liechtenstein,LI-05,Planken,321.0,169813871.0,35504647.0,0.0,0.0,492.0,61992.0,205318523.0,22629.0
Europe,LIE,Liechtenstein,LI-06,Ruggell,1021.0,814205221.0,184817165.0,0.0,0.0,2449.0,299088.0,999022388.0,117374.0
Europe,LIE,Liechtenstein,LI-07,Schaan,2656.0,1929382032.0,431783870.0,0.0,0.0,6228.0,707867.0,2361165902.0,276411.0
Europe,LIE,Liechtenstein,LI-08,Schellenberg,541.0,309172944.0,71208677.0,0.0,0.0,1137.0,115501.0,380381619.0,41724.0
Europe,LIE,Liechtenstein,LI-09,Triesen,2397.0,1655957938.0,371557360.0,0.0,0.0,5489.0,608354.0,2027515300.0,235757.0
Europe,LIE,Liechtenstein,LI-10,Triesenberg,1492.0,784828950.0,171230597.0,0.0,0.0,2709.0,289339.0,956059549.0,105388.0
Europe,LIE,Liechtenstein,LI-11,Vaduz,2936.0,2456248380.0,549805024.0,0.0,0.0,5923.0,894845.0,3006053407.0,358698.0
Europe,LTU,Lithuania,LT-AL,Alytaus,37165.0,8881199577.0,2439915130.0,0.0,0.0,140457.0,9083596.0,11321114697.0,2990247.0
Europe,LTU,Lithuania,LT-KL,Klaipėdos,72796.0,18066533057.0,4917672952.0,0.0,0.0,331647.0,18024928.0,22984206003.0,6026723.0
Europe,LTU,Lithuania,LT-KU,Kauno,139351.0,34572261142.0,9504840813.0,0.0,0.0,573740.0,34642267.0,44077101973.0,11492124.0
Europe,LTU,Lithuania,LT-MR,Marijampolės,36498.0,9551820566.0,2823909191.0,0.0,0.0,142256.0,10086210.0,12375729782.0,3290703.0
Europe,LTU,Lithuania,LT-PN,Panevėžio,54676.0,12941787239.0,3530029650.0,0.0,0.0,218981.0,13255415.0,16471816895.0,4376964.0
Europe,LTU,Lithuania,LT-SA,Šiaulių,69642.0,17569083032.0,4971186490.0,0.0,0.0,268741.0,18162964.0,22540269557.0,6014012.0
Europe,LTU,Lithuania,LT-TA,Tauragės,23002.0,5952421818.0,1748988432.0,0.0,0.0,84035.0,6285125.0,7701410243.0,2052288.0
Europe,LTU,Lithuania,LT-TE,Telšių,33960.0,10303452259.0,3208704669.0,0.0,0.0,131160.0,10945519.0,13512156933.0,3626598.0
Europe,LTU,Lithuania,LT-UT,Utenos,36899.0,8734837276.0,2442992213.0,0.0,0.0,128139.0,9224349.0,11177829507.0,3028680.0
Europe,LTU,Lithuania,LT-VL,Vilniaus,172085.0,43098121251.0,11406239749.0,0.0,0.0,810993.0,42305318.0,54504361026.0,14478280.0
Europe,LUX,Luxembourg,LU-CA,Capellen,13690.0,10002318268.0,2217172309.0,0.0,0.0,53846.0,4173699.0,12219490579.0,1525324.0
Europe,LUX,Luxembourg,LU-CL,Clervaux,5177.0,3782689573.0,904919271.0,0.0,0.0,20813.0,1776367.0,4687608837.0,630799.0
Europe,LUX,Luxembourg,LU-DI,Diekirch,8655.0,6148903966.0,1335446202.0,0.0,0.0,35479.0,2663628.0,7484350170.0,988622.0
Europe,LUX,Luxembourg,LU-EC,Echternach,5889.0,3870920974.0,853539973.0,0.0,0.0,20900.0,1784593.0,4724460945.0,638899.0
Europe,LUX,Luxembourg,LU-ES,Esch-sur-Alzette,46541.0,35962283623.0,8347403093.0,0.0,0.0,194653.0,15762346.0,44309686720.0,5834781.0
Europe,LUX,Luxembourg,LU-GR,Grevenmacher,8621.0,6227671036.0,1390689339.0,0.0,0.0,32771.0,2676008.0,7618360382.0,967024.0
Europe,LUX,Luxembourg,LU-LU,Luxembourg,43040.0,31941246329.0,6973370236.0,0.0,0.0,214563.0,13427794.0,38914616563.0,5022425.0
Europe,LUX,Luxembourg,LU-ME,Mersch,9216.0,7045061371.0,1704536573.0,0.0,0.0,36237.0,3219075.0,8749597934.0,1153806.0
Europe,LUX,Luxembourg,LU-RD,Redange,5707.0,3719546662.0,813580883.0,0.0,0.0,20996.0,1674832.0,4533127553.0,587220.0
Europe,LUX,Luxembourg,LU-RM,Remich,6128.0,4130275367.0,902534922.0,0.0,0.0,23941.0,1877029.0,5032810283.0,678501.0
Europe,LUX,Luxembourg,LU-VD,Vianden,1542.0,990089955.0,209613861.0,0.0,0.0,6056.0,450998.0,1199703810.0,164464.0
Europe,LUX,Luxembourg,LU-WI,Wiltz,4571.0,3039035289.0,668364060.0,0.0,0.0,20204.0,1405305.0,3707399350.0,506090.0
Europe,LVA,Latvia,LV-002,Aizkraukles novads,5080.0,1125780090.0,267481235.0,0.0,0.0,20053.0,1044331.0,1393261325.0,331781.0
Europe,LVA,Latvia,LV-007,Alūksnes novads,3111.0,696603417.0,153883872.0,0.0,0.0,12851.0,668716.0,850487285.0,219876.0
Europe,LVA,Latvia,LV-011,Ādažu novads,4954.0,1633848314.0,496484928.0,0.0,0.0,20076.0,1608452.0,2130333246.0,529835.0
Europe,LVA,Latvia,LV-015,Balvu novads,3294.0,781613552.0,204703792.0,0.0,0.0,10350.0,753556.0,986317343.0,240438.0
Europe,LVA,Latvia,LV-016,Bauskas novads,8591.0,2065623784.0,514579810.0,0.0,0.0,35063.0,1969828.0,2580203590.0,633829.0
Europe,LVA,Latvia,LV-022,Cēsu novads,9293.0,1969748752.0,420227194.0,0.0,0.0,38147.0,1870331.0,2389975959.0,608694.0
Europe,LVA,Latvia,LV-026,Dobeles novads,6149.0,1540544756.0,382701443.0,0.0,0.0,26340.0,1482855.0,1923246200.0,483275.0
Europe,LVA,Latvia,LV-033,Gulbenes novads,4601.0,921189732.0,187869433.0,0.0,0.0,18861.0,860640.0,1109059158.0,275874.0
Europe,LVA,Latvia,LV-041,Jelgavas novads,4605.0,1248070344.0,368221859.0,0.0,0.0,15262.0,1223159.0,1616292206.0,386941.0
Europe,LVA,Latvia,LV-042,Jēkabpils novads,9821.0,2443626107.0,583708552.0,0.0,0.0,43811.0,2346290.0,3027334650.0,772267.0
Europe,LVA,Latvia,LV-047,Krāslavas novads,4408.0,997336366.0,242670058.0,0.0,0.0,14756.0,956132.0,1240006422.0,310134.0
Europe,LVA,Latvia,LV-050,Kuldīgas novads,5189.0,1344619802.0,362982535.0,0.0,0.0,19263.0,1309610.0,1707602337.0,420106.0
Europe,LVA,Latvia,LV-052,Ķekavas novads,5755.0,1493957994.0,391210399.0,0.0,0.0,24110.0,1367601.0,1885168399.0,450756.0
Europe,LVA,Latvia,LV-054,Limbažu novads,5244.0,1207385456.0,291502058.0,0.0,0.0,22835.0,1060694.0,1498887518.0,341977.0
Europe,LVA,Latvia,LV-056,Līvānu novads,3139.0,723468888.0,164572185.0,0.0,0.0,11643.0,689172.0,888041075.0,225805.0
Europe,LVA,Latvia,LV-058,Ludzas novads,4901.0,1160850600.0,288885691.0,0.0,0.0,16747.0,1119649.0,1449736290.0,362311.0
Europe,LVA,Latvia,LV-059,Madonas novads,5877.0,1608299887.0,446331685.0,0.0,0.0,21828.0,1626780.0,2054631572.0,528907.0
Europe,LVA,Latvia,LV-062,Mārupes novads,9763.0,2461324660.0,569801483.0,0.0,0.0,48296.0,2207205.0,3031126136.0,735488.0
Europe,LVA,Latvia,LV-067,Ogres novads,11334.0,2868821353.0,722201112.0,0.0,0.0,51465.0,2605790.0,3591022460.0,848384.0
Europe,LVA,Latvia,LV-068,Olaines novads,4281.0,1204713347.0,317158576.0,0.0,0.0,19190.0,1134243.0,1521871917.0,378416.0
Europe,LVA,Latvia,LV-073,Preiļu novads,3453.0,722018578.0,160373241.0,0.0,0.0,12089.0,675420.0,882391817.0,217797.0
Europe,LVA,Latvia,LV-077,Rēzeknes novads,5282.0,1187117481.0,309186119.0,0.0,0.0,15718.0,1127769.0,1496303600.0,356426.0
Europe,LVA,Latvia,LV-080,Ropažu novads,6242.0,2079055460.0,647199047.0,0.0,0.0,23193.0,2046196.0,2726254493.0,673873.0
Europe,LVA,Latvia,LV-087,Salaspils novads,4260.0,1324284197.0,390027754.0,0.0,0.0,17977.0,1292572.0,1714311944.0,425197.0
Europe,LVA,Latvia,LV-088,Saldus novads,6452.0,1547339858.0,371694233.0,0.0,0.0,26002.0,1461969.0,1919034092.0,474484.0
Europe,LVA,Latvia,LV-089,Saulkrastu novads,1849.0,414535504.0,103095170.0,0.0,0.0,7174.0,354565.0,517630674.0,111627.0
Europe,LVA,Latvia,LV-091,Siguldas novads,5979.0,1597417400.0,418631778.0,0.0,0.0,26380.0,1478969.0,2016049170.0,488634.0
Europe,LVA,Latvia,LV-094,Smiltenes novads,4090.0,830333213.0,173790019.0,0.0,0.0,16487.0,780851.0,1004123233.0,251870.0
Europe,LVA,Latvia,LV-097,Talsu novads,6994.0,1554116153.0,359961650.0,0.0,0.0,27271.0,1436891.0,1914077799.0,459212.0
Europe,LVA,Latvia,LV-099,Tukuma novads,9160.0,2417065333.0,613832735.0,0.0,0.0,42371.0,2213217.0,3030898068.0,725547.0
Europe,LVA,Latvia,LV-101,Valkas novads,2499.0,511656899.0,101543609.0,0.0,0.0,10855.0,483510.0,613200507.0,156482.0
Europe,LVA,Latvia,LV-102,Varakļānu novads,388.0,86923281.0,25926071.0,0.0,0.0,973.0,83883.0,112849347.0,25027.0
Europe,LVA,Latvia,LV-106,Ventspils novads,1243.0,332965465.0,105559494.0,0.0,0.0,3209.0,326442.0,438524962.0,100837.0
Europe,LVA,Latvia,LV-111,Augšdaugavas novads,5183.0,1136922629.0,290616222.0,0.0,0.0,15624.0,1078246.0,1427538854.0,341637.0
Europe,LVA,Latvia,LV-112,Dienvidkurzemes novads,5591.0,1169002226.0,290190183.0,0.0,0.0,18667.0,1068962.0,1459192409.0,330587.0
Europe,LVA,Latvia,LV-113,Valmieras novads,13601.0,2912886883.0,606966520.0,0.0,0.0,57837.0,2779894.0,3519853397.0,912712.0
Europe,LVA,Latvia,LV-DGV,Daugavpils,26167.0,6286948568.0,1400824688.0,0.0,0.0,104585.0,6030117.0,7687773260.0,1993741.0
Europe,LVA,Latvia,LV-JEL,Jelgava,16526.0,3901034686.0,839707285.0,0.0,0.0,80811.0,3727741.0,4740741973.0,1240135.0
Europe,LVA,Latvia,LV-JUR,Jūrmala,11605.0,2881587001.0,627533002.0,0.0,0.0,61948.0,2558282.0,3509120000.0,854596.0
Europe,LVA,Latvia,LV-LPX,Liepāja,19572.0,5133689285.0,1238670228.0,0.0,0.0,87085.0,4998842.0,6372359513.0,1658819.0
Europe,LVA,Latvia,LV-REZ,Rēzekne,8637.0,2259553835.0,549911488.0,0.0,0.0,34062.0,2219416.0,2809465326.0,731822.0
Europe,LVA,Latvia,LV-RIX,Rīga,121779.0,35364422434.0,8812325206.0,0.0,0.0,627043.0,33050307.0,44176747638.0,11189175.0
Europe,LVA,Latvia,LV-VEN,Ventspils,10138.0,2480601999.0,563366620.0,0.0,0.0,45247.0,2372089.0,3043968622.0,785003.0
Europe,MCO,Monaco,MC-CO,La Condamine,1393.0,1360455708.0,272317552.0,0.0,0.0,5292.0,390989.0,1632773260.0,146394.0
Europe,MCO,Monaco,MC-FO,Fontvieille,1139.0,1107295562.0,221177888.0,0.0,0.0,4313.0,318141.0,1328473450.0,119156.0
Europe,MCO,Monaco,MC-JE,Jardin Exotique,1263.0,1227500285.0,245245703.0,0.0,0.0,4777.0,352665.0,1472745988.0,132130.0
Europe,MCO,Monaco,MC-LA,Larvotto,607.0,586032379.0,117311381.0,0.0,0.0,2281.0,168542.0,703343760.0,62968.0
Europe,MCO,Monaco,MC-MC,Monte-Carlo,2261.0,2259564759.0,455757085.0,0.0,0.0,8481.0,648524.0,2715321844.0,244275.0
Europe,MCO,Monaco,MC-MG,Les Moneghetti,1128.0,1100357874.0,219898898.0,0.0,0.0,4280.0,316120.0,1320256772.0,118451.0
Europe,MCO,Monaco,MC-MO,Monaco-Ville,259.0,237057495.0,45398059.0,0.0,0.0,997.0,67890.0,282455554.0,25260.0
Europe,MCO,Monaco,MC-VR,La Rousse,2100.0,2051619692.0,410694381.0,0.0,0.0,7923.0,589286.0,2462314073.0,221031.0
Europe,MDA,Moldova,MD-AN,Anenii Noi,25706.0,1178928284.0,255229797.0,0.0,0.0,68246.0,2635620.0,1434158071.0,927410.0
Europe,MDA,Moldova,MD-BA,Bălți,13087.0,2445084806.0,620073478.0,0.0,0.0,88283.0,4631370.0,3065158276.0,1655568.0
Europe,MDA,Moldova,MD-BR,Briceni,28919.0,1533185289.0,379559677.0,0.0,0.0,60601.0,3302583.0,1912744957.0,1159627.0
Europe,MDA,Moldova,MD-BS,Basarabeasca,6966.0,339449731.0,64222946.0,0.0,0.0,19889.0,739571.0,403672674.0,258494.0
Europe,MDA,Moldova,MD-CA,Cahul,27470.0,1340094687.0,268694946.0,0.0,0.0,90813.0,2966135.0,1608789636.0,1042191.0
Europe,MDA,Moldova,MD-CL,Călărași,22521.0,857867555.0,156583546.0,0.0,0.0,55514.0,1985598.0,1014451103.0,695368.0
Europe,MDA,Moldova,MD-CM,Cimișlia,17160.0,678890361.0,121477230.0,0.0,0.0,42357.0,1543744.0,800367593.0,540174.0
Europe,MDA,Moldova,MD-CR,Criuleni,25967.0,956480358.0,178322150.0,0.0,0.0,61293.0,2233698.0,1134802504.0,781988.0
Europe,MDA,Moldova,MD-CS,Căușeni,25626.0,1003153131.0,179348858.0,0.0,0.0,77711.0,2293562.0,1182501991.0,803022.0
Europe,MDA,Moldova,MD-CT,Cantemir,17189.0,613079742.0,115501796.0,0.0,0.0,44877.0,1451518.0,728581533.0,507792.0
Europe,MDA,Moldova,MD-CU,Chișinău,61144.0,10838359029.0,2271323136.0,0.0,0.0,570855.0,20091553.0,13109682156.0,7396932.0
Europe,MDA,Moldova,MD-DO,Dondușeni,18002.0,936977254.0,224925233.0,0.0,0.0,32808.0,2034590.0,1161902492.0,714951.0
Europe,MDA,Moldova,MD-DR,Drochia,30676.0,1355176943.0,288513202.0,0.0,0.0,64372.0,3027050.0,1643690151.0,1062728.0
Europe,MDA,Moldova,MD-DU,Dubăsari,10019.0,359634035.0,71074294.0,0.0,0.0,30725.0,845433.0,430708325.0,297570.0
Europe,MDA,Moldova,MD-ED,Edineț,27775.0,1604748296.0,398611937.0,0.0,0.0,62148.0,3397489.0,2003360240.0,1193598.0
Europe,MDA,Moldova,MD-FA,Fălești,28719.0,1136988481.0,222759083.0,0.0,0.0,67654.0,2597775.0,1359747568.0,909620.0
Europe,MDA,Moldova,MD-FL,Florești,29811.0,1232002428.0,245603435.0,0.0,0.0,65963.0,2802180.0,1477605864.0,982045.0
Europe,MDA,Moldova,MD-GA,Găgăuzia,37677.0,2082727072.0,475136136.0,0.0,0.0,116256.0,4406725.0,2557863196.0,1555528.0
Europe,MDA,Moldova,MD-GL,Glodeni,19378.0,714634498.0,126437474.0,0.0,0.0,44303.0,1659968.0,841071971.0,580539.0
Europe,MDA,Moldova,MD-HI,Hîncești,35378.0,1281042151.0,227424316.0,0.0,0.0,89483.0,2997982.0,1508466462.0,1052063.0
Europe,MDA,Moldova,MD-IA,Ialoveni,29907.0,1174963917.0,216279922.0,0.0,0.0,80362.0,2693973.0,1391243831.0,949823.0
Europe,MDA,Moldova,MD-LE,Leova,13840.0,606166640.0,118675458.0,0.0,0.0,38493.0,1353848.0,724842101.0,473814.0
Europe,MDA,Moldova,MD-NI,Nisporeni,18845.0,703402949.0,124658689.0,0.0,0.0,45837.0,1621456.0,828061637.0,567604.0
Europe,MDA,Moldova,MD-OC,Ocnița,18557.0,773180204.0,138407407.0,0.0,0.0,41048.0,1763495.0,911587606.0,614216.0
Europe,MDA,Moldova,MD-OR,Orhei,32924.0,1526824583.0,303622323.0,0.0,0.0,87506.0,3371824.0,1830446910.0,1189068.0
Europe,MDA,Moldova,MD-RE,Rezina,13524.0,673300442.0,139607223.0,0.0,0.0,36607.0,1475262.0,812907663.0,517408.0
Europe,MDA,Moldova,MD-RI,Rîșcani,23224.0,882239445.0,156940762.0,0.0,0.0,51426.0,2035074.0,1039180206.0,712734.0
Europe,MDA,Moldova,MD-SD,Șoldănești,14285.0,529114440.0,96318028.0,0.0,0.0,31714.0,1222835.0,625432463.0,428074.0
Europe,MDA,Moldova,MD-SI,Sîngerei,27398.0,1033588635.0,188861100.0,0.0,0.0,68912.0,2386373.0,1222449734.0,835889.0
Europe,MDA,Moldova,MD-SO,Soroca,28889.0,1284298174.0,238440853.0,0.0,0.0,66992.0,2875962.0,1522739023.0,1007028.0
Europe,MDA,Moldova,MD-ST,Strășeni,24756.0,1068284366.0,209811711.0,0.0,0.0,71805.0,2407329.0,1278096078.0,847853.0
Europe,MDA,Moldova,MD-SV,Ștefan Vodă,21458.0,816625975.0,150464781.0,0.0,0.0,53499.0,1896966.0,967090754.0,663659.0
Europe,MDA,Moldova,MD-TA,Taraclia,10475.0,497852671.0,98608058.0,0.0,0.0,31966.0,1078283.0,596460728.0,377553.0
Europe,MDA,Moldova,MD-TE,Telenești,21533.0,750005261.0,132668081.0,0.0,0.0,52655.0,1768468.0,882673342.0,618337.0
Europe,MDA,Moldova,MD-UN,Ungheni,29001.0,1537250508.0,334665543.0,0.0,0.0,87143.0,3343974.0,1871916057.0,1178705.0
Europe,MKD,North Macedonia,MK-001,Vardarski,51390.0,3608853620.0,905420689.0,0.0,0.0,137144.0,8993608.0,4514274312.0,3171574.0
Europe,MKD,North Macedonia,MK-002,Istočen,62988.0,3511397477.0,784772394.0,0.0,0.0,147420.0,8971353.0,4296169860.0,3133140.0
Europe,MKD,North Macedonia,MK-003,Jugozapaden,75757.0,4212853435.0,851372680.0,0.0,0.0,173372.0,10304060.0,5064226077.0,3587437.0
Europe,MKD,North Macedonia,MK-004,Jugoistočen,58125.0,3167834951.0,704431027.0,0.0,0.0,145501.0,8142702.0,3872265991.0,2864683.0
Europe,MKD,North Macedonia,MK-005,Pelagoniski,76373.0,4711709674.0,982584438.0,0.0,0.0,207945.0,11081213.0,5694294118.0,3848053.0
Europe,MKD,North Macedonia,MK-006,Pološki,76665.0,3991164759.0,772054846.0,0.0,0.0,248810.0,9896080.0,4763219599.0,3411415.0
Europe,MKD,North Macedonia,MK-007,Severoistočen,49851.0,2594610690.0,514587378.0,0.0,0.0,153430.0,6473990.0,3109198080.0,2231334.0
Europe,MKD,North Macedonia,MK-008,Skopski,154254.0,10826233548.0,2311503367.0,0.0,0.0,598081.0,24457567.0,13137736897.0,8711777.0
Europe,MLT,Malta,MT-GC,Gozo and Comino,8769.0,2748127396.0,524790724.0,0.0,0.0,41290.0,2257064.0,3272918124.0,814865.0
Europe,MLT,Malta,MT-NH,Northern Harbour,35580.0,11147667100.0,2482185888.0,0.0,0.0,148184.0,9340101.0,13629852993.0,3417387.0
Europe,MLT,Malta,MT-NO,Northern,13018.0,4239529181.0,866485616.0,0.0,0.0,102390.0,3531128.0,5106014803.0,1261172.0
Europe,MLT,Malta,MT-SE,South Eastern,23068.0,7617790268.0,1811159315.0,0.0,0.0,85596.0,6454474.0,9428949594.0,2321679.0
Europe,MLT,Malta,MT-SH,Southern Harbour,27573.0,8805415935.0,1865422472.0,0.0,0.0,86673.0,7348693.0,10670838397.0,2651089.0
Europe,MLT,Malta,MT-WE,Western,14922.0,4633829335.0,932057935.0,0.0,0.0,81268.0,3832924.0,5565887275.0,1391789.0
Europe,MNE,Montenegro,ME-01,Andrijevica,2274.0,150387211.0,27284684.0,0.0,0.0,4506.0,234704.0,177671890.0,81533.0
Europe,MNE,Montenegro,ME-02,Bar,18895.0,2065848049.0,428722962.0,0.0,0.0,45193.0,2888574.0,2494571007.0,1045733.0
Europe,MNE,Montenegro,ME-03,Berane,7003.0,662234342.0,136933722.0,0.0,0.0,23623.0,958190.0,799168065.0,341178.0
Europe,MNE,Montenegro,ME-04,Bijelo Polje,12361.0,1302468954.0,272979442.0,0.0,0.0,37024.0,1854062.0,1575448395.0,662962.0
Europe,MNE,Montenegro,ME-05,Budva,8087.0,1500995001.0,323439386.0,0.0,0.0,25703.0,1863540.0,1824434394.0,705329.0
Europe,MNE,Montenegro,ME-06,Cetinje,5160.0,579402119.0,123275139.0,0.0,0.0,14329.0,817600.0,702677252.0,300331.0
Europe,MNE,Montenegro,ME-07,Danilovgrad,6016.0,518538270.0,100342196.0,0.0,0.0,19195.0,755012.0,618880471.0,262628.0
Europe,MNE,Montenegro,ME-08,Herceg-Novi,10551.0,1359057301.0,276827338.0,0.0,0.0,27095.0,1812629.0,1635884631.0,669404.0
Europe,MNE,Montenegro,ME-09,Kolašin,3074.0,383973362.0,101702597.0,0.0,0.0,6555.0,570939.0,485675955.0,206821.0
Europe,MNE,Montenegro,ME-10,Kotor,10396.0,1216861924.0,258401123.0,0.0,0.0,25072.0,1681480.0,1475263045.0,608799.0
Europe,MNE,Montenegro,ME-11,Mojkovac,2761.0,247227475.0,58834088.0,0.0,0.0,6538.0,374646.0,306061560.0,132984.0
Europe,MNE,Montenegro,ME-12,Nikšić,16357.0,2065694012.0,457248837.0,0.0,0.0,67546.0,2887157.0,2522942851.0,1044787.0
Europe,MNE,Montenegro,ME-13,Plav,2310.0,196083102.0,35399368.0,0.0,0.0,7787.0,275675.0,231482472.0,94493.0
Europe,MNE,Montenegro,ME-14,Pljevlja,9876.0,1108638258.0,250665849.0,0.0,0.0,23465.0,1601481.0,1359304105.0,569959.0
Europe,MNE,Montenegro,ME-15,Plužine,1342.0,102313575.0,18891213.0,0.0,0.0,2290.0,153475.0,121204790.0,53501.0
Europe,MNE,Montenegro,ME-16,Podgorica,32392.0,5123020852.0,1063387528.0,0.0,0.0,177759.0,6700441.0,6186408393.0,2446763.0
Europe,MNE,Montenegro,ME-17,Rožaje,4625.0,454837378.0,90596829.0,0.0,0.0,21871.0,639022.0,545434204.0,224979.0
Europe,MNE,Montenegro,ME-18,Šavnik,1188.0,77458134.0,15022831.0,0.0,0.0,1610.0,125654.0,92480971.0,43924.0
Europe,MNE,Montenegro,ME-19,Tivat,4921.0,615310624.0,120756601.0,0.0,0.0,15790.0,821427.0,736067229.0,296316.0
Europe,MNE,Montenegro,ME-20,Ulcinj,6234.0,705358333.0,141167410.0,0.0,0.0,18479.0,938219.0,846525737.0,346184.0
Europe,MNE,Montenegro,ME-21,Žabljak,1438.0,136384414.0,26248935.0,0.0,0.0,2732.0,192874.0,162633351.0,69046.0
Europe,MNE,Montenegro,ME-22,Gusinje,1421.0,110517633.0,20482627.0,0.0,0.0,4544.0,169143.0,131000259.0,58415.0
Europe,MNE,Montenegro,ME-23,Petnjica,2554.0,158757776.0,28742859.0,0.0,0.0,7622.0,251805.0,187500639.0,86847.0
Europe,MNE,Montenegro,ME-24,Tuzi,4325.0,442368921.0,85950691.0,0.0,0.0,17980.0,625929.0,528319609.0,227461.0
Europe,MNE,Montenegro,ME-25,Zeta,7565.0,977184106.0,221247891.0,0.0,0.0,28393.0,1327937.0,1198431998.0,494412.0
Europe,NLD,Netherlands,NL-DR,Drenthe,200370.0,74699706953.0,17288034777.0,0.0,0.0,515522.0,45526912.0,91987741710.0,16411395.0
Europe,NLD,Netherlands,NL-FL,Flevoland,147718.0,55835358713.0,12693794826.0,0.0,0.0,457795.0,33595199.0,68529153556.0,12117425.0
Europe,NLD,Netherlands,NL-FR,Fryslân,274217.0,106357532417.0,25981500038.0,0.0,0.0,669436.0,66738065.0,132339032408.0,23797436.0
Europe,NLD,Netherlands,NL-GE,Gelderland,751050.0,305288735281.0,72033755686.0,0.0,0.0,2197935.0,187621899.0,377322490982.0,67449744.0
Europe,NLD,Netherlands,NL-GR,Groningen,211492.0,94619834251.0,22757708979.0,0.0,0.0,596088.0,58694612.0,117377543255.0,20996392.0
Europe,NLD,Netherlands,NL-LI,Limburg,433889.0,178703924290.0,42733467115.0,0.0,0.0,1122396.0,111369643.0,221437391454.0,39955123.0
Europe,NLD,Netherlands,NL-NB,Noord-Brabant,945171.0,384878172614.0,91001468059.0,0.0,0.0,2715317.0,235555526.0,475879640681.0,84763188.0
Europe,NLD,Netherlands,NL-NH,Noord-Holland,781064.0,406398480293.0,87919004192.0,0.0,0.0,3062905.0,238131396.0,494317484474.0,87427615.0
Europe,NLD,Netherlands,NL-OV,Overijssel,424660.0,172582606548.0,40808945866.0,0.0,0.0,1209031.0,105811930.0,213391552431.0,38040717.0
Europe,NLD,Netherlands,NL-UT,Utrecht,404576.0,182828994242.0,40486018343.0,0.0,0.0,1411190.0,108075120.0,223315012589.0,39511606.0
Europe,NLD,Netherlands,NL-ZE,Zeeland,170049.0,68543766567.0,17252708589.0,0.0,0.0,392743.0,42927516.0,85796475202.0,15176910.0
Europe,NLD,Netherlands,NL-ZH,Zuid-Holland,953123.0,497210596833.0,106770490457.0,0.0,0.0,3996465.0,291276079.0,603981087137.0,106593461.0
Europe,NOR,Norway,NO-03,Oslo,90317.0,122731359121.0,26389386417.0,0.0,0.0,735366.0,40466941.0,149120745535.0,12975217.0
Europe,NOR,Norway,NO-11,Rogaland,159750.0,110835151090.0,26463708368.0,0.0,0.0,503941.0,37272296.0,137298859485.0,10030113.0
Europe,NOR,Norway,NO-15,Møre og Romsdal,106936.0,67423714989.0,15620287752.0,0.0,0.0,267405.0,22515696.0,83044002725.0,5832609.0
Europe,NOR,Norway,NO-18,Nordland,104773.0,66007112826.0,15654603899.0,0.0,0.0,240983.0,22525788.0,81661716760.0,5983199.0
Europe,NOR,Norway,NO-31,Østfold,122091.0,77117789705.0,18789438372.0,0.0,0.0,320021.0,25967382.0,95907228072.0,6634787.0
Europe,NOR,Norway,NO-32,Akershus,224573.0,150117271845.0,35732142321.0,0.0,0.0,743431.0,49791131.0,185849414181.0,12905224.0
Europe,NOR,Norway,NO-33,Buskerud,105716.0,66298591199.0,15557559667.0,0.0,0.0,277807.0,22017361.0,81856150864.0,5722990.0
Europe,NOR,Norway,NO-34,Innlandet,177530.0,107648858167.0,26272999803.0,0.0,0.0,386995.0,37869686.0,133921857966.0,9957396.0
Europe,NOR,Norway,NO-39,Vestfold,108227.0,66028963175.0,15809293130.0,0.0,0.0,208976.0,21827630.0,81838256322.0,5428317.0
Europe,NOR,Norway,NO-40,Telemark,79226.0,50418670611.0,12184905979.0,0.0,0.0,179355.0,17054597.0,62603576598.0,4446976.0
Europe,NOR,Norway,NO-42,Agder,126627.0,81442070615.0,19527033995.0,0.0,0.0,320460.0,27356398.0,100969104617.0,7057562.0
Europe,NOR,Norway,NO-46,Vestland,227095.0,156115583135.0,37010438168.0,0.0,0.0,650280.0,53158908.0,193126021333.0,14379829.0
Europe,NOR,Norway,NO-50,Trøndelag,165474.0,112038377848.0,26519025497.0,0.0,0.0,492994.0,38600057.0,138557403317.0,10547114.0
Europe,NOR,Norway,NO-55,Troms,68395.0,43172230576.0,9986588486.0,0.0,0.0,170350.0,14585936.0,53158819082.0,3795589.0
Europe,NOR,Norway,NO-56,Finnmark,37926.0,23235271844.0,5526778918.0,0.0,0.0,74601.0,7744450.0,28762050773.0,2035296.0
Europe,POL,Poland,PL-02,Dolnośląskie,592850.0,126920933774.0,30904842481.0,0.0,0.0,2883259.0,126392383.0,157825776340.0,46614919.0
Europe,POL,Poland,PL-04,Kujawsko-Pomorskie,403951.0,75157107012.0,17326347131.0,0.0,0.0,2033742.0,74450102.0,92483454115.0,26489425.0
Europe,POL,Poland,PL-06,Lubelskie,524391.0,124938894838.0,29112720509.0,0.0,0.0,2026804.0,121483576.0,154051615311.0,48693528.0
Europe,POL,Poland,PL-08,Lubuskie,233060.0,42657723669.0,9577289974.0,0.0,0.0,994548.0,42219585.0,52235013663.0,15255465.0
Europe,POL,Poland,PL-10,Łódzkie,530243.0,108580489750.0,24934737542.0,0.0,0.0,2430617.0,105103646.0,133515227307.0,39096305.0
Europe,POL,Poland,PL-12,Małopolskie,653959.0,119276418741.0,26653191980.0,0.0,0.0,3419062.0,118419743.0,145929610745.0,43051119.0
Europe,POL,Poland,PL-14,Mazowieckie,974750.0,177419429383.0,39318565772.0,0.0,0.0,5560975.0,170572108.0,216737995085.0,60540781.0
Europe,POL,Poland,PL-16,Opolskie,223784.0,42471603868.0,10211512894.0,0.0,0.0,939559.0,43977057.0,52683116800.0,15854411.0
Europe,POL,Poland,PL-18,Podkarpackie,429356.0,75408248374.0,16728570452.0,0.0,0.0,2035906.0,75620065.0,92136818815.0,27142569.0
Europe,POL,Poland,PL-20,Podlaskie,284277.0,60408113392.0,13964604331.0,0.0,0.0,1204974.0,59083857.0,74372717698.0,22531068.0
Europe,POL,Poland,PL-22,Pomorskie,473135.0,100923698003.0,22647828895.0,0.0,0.0,2373978.0,95894342.0,123571526943.0,37086421.0
Europe,POL,Poland,PL-24,Śląskie,893743.0,176515622688.0,42653510951.0,0.0,0.0,4424313.0,173051512.0,219169133615.0,60352640.0
Europe,POL,Poland,PL-26,Świętokrzyskie,297537.0,58005685814.0,13327575291.0,0.0,0.0,1226514.0,57772727.0,71333261097.0,21470554.0
Europe,POL,Poland,PL-28,Warmińsko-Mazurskie,336710.0,71795304686.0,16314912029.0,0.0,0.0,1383794.0,69716952.0,88110216729.0,27236917.0
Europe,POL,Poland,PL-30,Wielkopolskie,739597.0,129807778350.0,28234179463.0,0.0,0.0,3518601.0,126895555.0,158041957859.0,45407283.0
Europe,POL,Poland,PL-32,Zachodniopomorskie,366295.0,71020704571.0,16450138942.0,0.0,0.0,1684265.0,70789858.0,87470843553.0,25862587.0
Europe,PRT,Portugal,PT-01,Aveiro,306467.0,71604192936.0,15070426861.0,0.0,0.0,705436.0,64576057.0,86674619795.0,21785121.0
Europe,PRT,Portugal,PT-02,Beja,106638.0,21347837515.0,4043835169.0,0.0,0.0,145110.0,18286334.0,25391672686.0,6195844.0
Europe,PRT,Portugal,PT-03,Braga,322017.0,78585257030.0,15570354862.0,0.0,0.0,852139.0,66718358.0,94155611868.0,22474764.0
Europe,PRT,Portugal,PT-04,Bragança,93629.0,20083407303.0,3749996930.0,0.0,0.0,122992.0,16765265.0,23833404191.0,5547357.0
Europe,PRT,Portugal,PT-05,Castelo Branco,137281.0,33151918105.0,6555914099.0,0.0,0.0,178495.0,27806071.0,39707832129.0,9262393.0
Europe,PRT,Portugal,PT-06,Coimbra,217376.0,53186360151.0,10454048004.0,0.0,0.0,411035.0,44460602.0,63640408166.0,14760833.0
Europe,PRT,Portugal,PT-07,Évora,99315.0,21743472441.0,4442166627.0,0.0,0.0,153196.0,18523272.0,26185639074.0,6439006.0
Europe,PRT,Portugal,PT-08,Faro,228083.0,59274431442.0,11396306177.0,0.0,0.0,470380.0,49041547.0,70670737658.0,16205790.0
Europe,PRT,Portugal,PT-09,Guarda,123962.0,27324657083.0,5023099773.0,0.0,0.0,143080.0,22847387.0,32347756685.0,7525971.0
Europe,PRT,Portugal,PT-10,Leiria,251325.0,58171496308.0,11538025971.0,0.0,0.0,461559.0,49189942.0,69709522269.0,16556766.0
Europe,PRT,Portugal,PT-11,Lisboa,443581.0,202851491246.0,39104424077.0,0.0,0.0,2293803.0,147088600.0,241955915351.0,49184067.0
Europe,PRT,Portugal,PT-12,Portalegre,79396.0,16684429670.0,3267352293.0,0.0,0.0,105242.0,14220664.0,19951781972.0,4861703.0
Europe,PRT,Portugal,PT-13,Porto,513484.0,152829396564.0,30291748593.0,0.0,0.0,1798200.0,122023524.0,183121145216.0,40816584.0
Europe,PRT,Portugal,PT-14,Santarém,246845.0,56748320725.0,11439267531.0,0.0,0.0,427418.0,49329985.0,68187588327.0,16787387.0
Europe,PRT,Portugal,PT-15,Setúbal,253868.0,89289186735.0,18534392751.0,0.0,0.0,881990.0,68878208.0,107823579430.0,22826857.0
Europe,PRT,Portugal,PT-16,Viana do Castelo,141207.0,31649942067.0,6167653273.0,0.0,0.0,232243.0,26363832.0,37817595319.0,8925903.0
Europe,PRT,Portugal,PT-17,Vila Real,132593.0,28991947062.0,5457201570.0,0.0,0.0,185070.0,23794307.0,34449148590.0,8045104.0
Europe,PRT,Portugal,PT-18,Viseu,237930.0,51172882338.0,9714733116.0,0.0,0.0,354460.0,43326260.0,60887615515.0,14503391.0
Europe,PRT,Portugal,PT-20,Açores,99944.0,17775277554.0,3137701814.0,0.0,0.0,237540.0,15592352.0,20912979386.0,4875846.0
Europe,PRT,Portugal,PT-30,Madeira,93825.0,19688018252.0,3475437741.0,0.0,0.0,252489.0,17270193.0,23163455985.0,5320986.0
Europe,ROU,Romania,RO-AB,Alba,120308.0,7665960836.0,1524572177.0,0.0,0.0,323189.0,12862088.0,9190533059.0,4062873.0
Europe,ROU,Romania,RO-AG,Argeș,220586.0,13884782654.0,2778472204.0,0.0,0.0,565237.0,23555073.0,16663254821.0,7591003.0
Europe,ROU,Romania,RO-AR,Arad,153616.0,7897598863.0,1949549223.0,0.0,0.0,407191.0,18203016.0,9847148103.0,6179444.0
Europe,ROU,Romania,RO-B,București,176777.0,38989554312.0,7560764145.0,0.0,0.0,1704883.0,66691320.0,46550318472.0,23629633.0
Europe,ROU,Romania,RO-BC,Bacău,207672.0,12253386785.0,2650667114.0,0.0,0.0,596268.0,21482178.0,14904053864.0,6862016.0
Europe,ROU,Romania,RO-BH,Bihor,193490.0,13159144574.0,2847892084.0,0.0,0.0,547493.0,24157848.0,16007036713.0,8297919.0
Europe,ROU,Romania,RO-BN,Bistrița-Năsăud,97044.0,5957490426.0,1198249255.0,0.0,0.0,293861.0,9759479.0,7155739661.0,2906303.0
Europe,ROU,Romania,RO-BR,Brăila,98748.0,8854579843.0,2506777082.0,0.0,0.0,278865.0,16750343.0,11361356920.0,6106204.0
Europe,ROU,Romania,RO-BT,Botoșani,148696.0,5385828896.0,1190673194.0,0.0,0.0,389891.0,14263736.0,6576502111.0,4970066.0
Europe,ROU,Romania,RO-BV,Brașov,119357.0,11929680263.0,2534752987.0,0.0,0.0,543020.0,20061767.0,14464433215.0,6695387.0
Europe,ROU,Romania,RO-BZ,Buzău,171384.0,8879814371.0,1830305124.0,0.0,0.0,401257.0,17025418.0,10710119523.0,5799617.0
Europe,ROU,Romania,RO-CJ,Cluj,180338.0,15158315954.0,3121987018.0,0.0,0.0,676345.0,25680208.0,18280302999.0,8467337.0
Europe,ROU,Romania,RO-CL,Călărași,123967.0,7167800347.0,1781203543.0,0.0,0.0,281098.0,13823387.0,8949003888.0,4920848.0
Europe,ROU,Romania,RO-CS,Caraș-Severin,96115.0,4563586998.0,970027200.0,0.0,0.0,244093.0,10481318.0,5533614200.0,3437198.0
Europe,ROU,Romania,RO-CT,Constanța,159924.0,13822747803.0,3161000576.0,0.0,0.0,649956.0,24262093.0,16983748391.0,8696873.0
Europe,ROU,Romania,RO-CV,Covasna,68011.0,4562707677.0,998692160.0,0.0,0.0,198521.0,7282399.0,5561399837.0,2116029.0
Europe,ROU,Romania,RO-DB,Dâmbovița,209986.0,11409290764.0,2254622785.0,0.0,0.0,475882.0,19680675.0,13663913507.0,6348081.0
Europe,ROU,Romania,RO-DJ,Dolj,226694.0,13916805965.0,2970554005.0,0.0,0.0,594888.0,24840824.0,16887359939.0,8314457.0
Europe,ROU,Romania,RO-GJ,Gorj,142340.0,7913904790.0,1609726540.0,0.0,0.0,312127.0,13159390.0,9523631318.0,4048122.0
Europe,ROU,Romania,RO-GL,Galați,144075.0,11304822141.0,2980519957.0,0.0,0.0,492592.0,21617448.0,14285342030.0,7842203.0
Europe,ROU,Romania,RO-GR,Giurgiu,121216.0,6168522726.0,1376206946.0,0.0,0.0,260026.0,11885639.0,7544729666.0,4167926.0
Europe,ROU,Romania,RO-HD,Hunedoara,97588.0,8169653460.0,1696478799.0,0.0,0.0,358007.0,13759636.0,9866132239.0,4515875.0
Europe,ROU,Romania,RO-HR,Harghita,107958.0,7283345313.0,1570671177.0,0.0,0.0,289700.0,11721935.0,8854016472.0,3444921.0
Europe,ROU,Romania,RO-IF,Ilfov,152845.0,13817391743.0,2983046413.0,0.0,0.0,542098.0,24091725.0,16800438178.0,8227809.0
Europe,ROU,Romania,RO-IL,Ialomița,104635.0,5760466425.0,1350876608.0,0.0,0.0,248416.0,11314170.0,7111343027.0,4027816.0
Europe,ROU,Romania,RO-IS,Iași,218018.0,14182381727.0,3082016761.0,0.0,0.0,755922.0,26740580.0,17264398463.0,9321386.0
Europe,ROU,Romania,RO-MH,Mehedinți,108557.0,5619517845.0,1172351429.0,0.0,0.0,232035.0,10028431.0,6791869249.0,3155953.0
Europe,ROU,Romania,RO-MM,Maramureș,166899.0,10340976237.0,2064335246.0,0.0,0.0,449213.0,17512939.0,12405311458.0,5457940.0
Europe,ROU,Romania,RO-MS,Mureș,176040.0,11641283783.0,2304409951.0,0.0,0.0,514157.0,20108063.0,13945693722.0,6606563.0
Europe,ROU,Romania,RO-NT,Neamț,177906.0,12783665385.0,3173638661.0,0.0,0.0,450070.0,22516157.0,15957304028.0,7370002.0
Europe,ROU,Romania,RO-OT,Olt,174762.0,9183907245.0,1930221787.0,0.0,0.0,379831.0,16221129.0,11114129047.0,5300537.0
Europe,ROU,Romania,RO-PH,Prahova,258211.0,17227523806.0,3559020669.0,0.0,0.0,689284.0,29966965.0,20786544458.0,9758519.0
Europe,ROU,Romania,RO-SB,Sibiu,111551.0,8643174351.0,1761147896.0,0.0,0.0,385756.0,14656524.0,10404322277.0,4866211.0
Europe,ROU,Romania,RO-SJ,Sălaj,91882.0,4087043425.0,837837433.0,0.0,0.0,210399.0,10082619.0,4924880824.0,3340662.0
Europe,ROU,Romania,RO-SM,Satu Mare,125732.0,8511446374.0,1741990470.0,0.0,0.0,328145.0,15643101.0,10253436826.0,5357870.0
Europe,ROU,Romania,RO-SV,Suceava,231493.0,11725420363.0,2579566407.0,0.0,0.0,637811.0,25150148.0,14304986775.0,7003112.0
Europe,ROU,Romania,RO-TL,Tulcea,81357.0,5632148747.0,1517040808.0,0.0,0.0,191346.0,11134904.0,7149189500.0,4070062.0
Europe,ROU,Romania,RO-TM,Timiș,182580.0,15435080521.0,3473990396.0,0.0,0.0,647457.0,27839969.0,18909070890.0,9655273.0
Europe,ROU,Romania,RO-TR,Teleorman,163430.0,5481828607.0,1294432445.0,0.0,0.0,320172.0,15200929.0,6776261082.0,5473053.0
Europe,ROU,Romania,RO-VL,Vâlcea,156815.0,8561786446.0,1662195274.0,0.0,0.0,338656.0,14292812.0,10223981699.0,4454897.0
Europe,ROU,Romania,RO-VN,Vrancea,132433.0,7897493551.0,1799699810.0,0.0,0.0,332447.0,14656281.0,9697193336.0,4867397.0
Europe,ROU,Romania,RO-VS,Vaslui,147707.0,5246387894.0,1262200390.0,0.0,0.0,371015.0,14227076.0,6508588276.0,5118867.0
Europe,SRB,Serbia,RS-00,Beograd,392297.0,60509181589.0,12619191937.0,0.0,0.0,1731466.0,87460095.0,73128373533.0,30868609.0
Europe,SRB,Serbia,RS-01,Severnobački,72034.0,5264093814.0,1257442517.0,0.0,0.0,156371.0,9427448.0,6521536321.0,3181391.0
Europe,SRB,Serbia,RS-02,Srednjebanatski,77118.0,4547978609.0,1033111295.0,0.0,0.0,164207.0,8418439.0,5581089907.0,2775777.0
Europe,SRB,Serbia,RS-03,Severnobanatski,64141.0,4000741273.0,942343669.0,0.0,0.0,112026.0,7282053.0,4943084955.0,2425421.0
Europe,SRB,Serbia,RS-04,Južnobanatski,111666.0,8789203781.0,2165114747.0,0.0,0.0,293155.0,15816116.0,10954318529.0,5446035.0
Europe,SRB,Serbia,RS-05,Zapadnobački,72942.0,4997270060.0,1238082642.0,0.0,0.0,148618.0,9267030.0,6235352706.0,3103911.0
Europe,SRB,Serbia,RS-06,Južnobački,189841.0,19731754706.0,4490724975.0,0.0,0.0,619317.0,32489423.0,24222479679.0,11182437.0
Europe,SRB,Serbia,RS-07,Sremski,128380.0,7913788622.0,1874046527.0,0.0,0.0,327361.0,14865613.0,9787835139.0,5005572.0
Europe,SRB,Serbia,RS-08,Mačvanski,122487.0,6208990148.0,1207373884.0,0.0,0.0,201079.0,12050896.0,7416364020.0,4048626.0
Europe,SRB,Serbia,RS-09,Kolubarski,77452.0,4210407579.0,847715435.0,0.0,0.0,149059.0,7969437.0,5058123040.0,2759511.0
Europe,SRB,Serbia,RS-10,Podunavski,74721.0,4204211548.0,835587357.0,0.0,0.0,168278.0,7607373.0,5039798905.0,2526832.0
Europe,SRB,Serbia,RS-11,Braničevski,85871.0,4310921268.0,863300184.0,0.0,0.0,156674.0,8208310.0,5174221449.0,2690786.0
Europe,SRB,Serbia,RS-12,Šumadijski,111247.0,7246910513.0,1475361552.0,0.0,0.0,267475.0,12615338.0,8722272076.0,4249859.0
Europe,SRB,Serbia,RS-13,Pomoravski,86483.0,5289936956.0,1076942950.0,0.0,0.0,177241.0,9604602.0,6366879918.0,3182121.0
Europe,SRB,Serbia,RS-14,Borski,54168.0,3921590134.0,837059732.0,0.0,0.0,97245.0,6956595.0,4758649859.0,2336917.0
Europe,SRB,Serbia,RS-15,Zaječarski,57890.0,3080089433.0,601158848.0,0.0,0.0,91947.0,5575132.0,3681248271.0,1764112.0
Europe,SRB,Serbia,RS-16,Zlatiborski,110166.0,6284741148.0,1213589119.0,0.0,0.0,248931.0,11481766.0,7498330270.0,3827679.0
Europe,SRB,Serbia,RS-17,Moravički,82011.0,4913081093.0,987744400.0,0.0,0.0,187795.0,8934017.0,5900825504.0,3003757.0
Europe,SRB,Serbia,RS-18,Raški,99813.0,6117302119.0,1228541454.0,0.0,0.0,297974.0,10945123.0,7345843575.0,3658744.0
Europe,SRB,Serbia,RS-19,Rasinski,87453.0,5007214153.0,1006746302.0,0.0,0.0,203252.0,9311641.0,6013960449.0,3080179.0
Europe,SRB,Serbia,RS-20,Nišavski,128776.0,9745414200.0,1934672655.0,0.0,0.0,349667.0,16691858.0,11680086859.0,5645765.0
Europe,SRB,Serbia,RS-21,Toplički,45872.0,2099339733.0,427704201.0,0.0,0.0,72871.0,4084760.0,2527043922.0,1304538.0
Europe,SRB,Serbia,RS-22,Pirotski,49561.0,2585917423.0,548244747.0,0.0,0.0,74626.0,4883277.0,3134162176.0,1588120.0
Europe,SRB,Serbia,RS-23,Jablanički,82073.0,4273872101.0,872912912.0,0.0,0.0,178420.0,8133880.0,5146785012.0,2712780.0
Europe,SRB,Serbia,RS-24,Pčinjski,67783.0,3715845654.0,805505419.0,0.0,0.0,213994.0,6856986.0,4521351086.0,2227599.0
Europe,SVK,Slovakia,SK-BC,Banskobystrický,206732.0,48910819344.0,10619207758.0,0.0,0.0,623461.0,44452972.0,59530027115.0,15634858.0
Europe,SVK,Slovakia,SK-BL,Bratislavský,197460.0,45234934521.0,10110058334.0,0.0,0.0,731924.0,41404142.0,55344992842.0,14972065.0
Europe,SVK,Slovakia,SK-KI,Košický,166283.0,43515814730.0,10476560677.0,0.0,0.0,786496.0,40114310.0,53992375378.0,13930207.0
Europe,SVK,Slovakia,SK-NI,Nitriansky,89205.0,28658880840.0,8785026870.0,0.0,0.0,675238.0,28857969.0,37443907581.0,10004139.0
Europe,SVK,Slovakia,SK-PV,Prešovský,182689.0,42628185343.0,9124526042.0,0.0,0.0,815595.0,38338487.0,51752711389.0,13426684.0
Europe,SVK,Slovakia,SK-TA,Trnavský,137284.0,35170479245.0,8974882951.0,0.0,0.0,571818.0,33509254.0,44145362150.0,11716171.0
Europe,SVK,Slovakia,SK-TC,Trenčiansky,94397.0,27150180620.0,6644358823.0,0.0,0.0,575834.0,25450092.0,33794539461.0,8970819.0
Europe,SVK,Slovakia,SK-ZI,Žilins,199087.0,54605314119.0,11684132591.0,0.0,0.0,694513.0,48589893.0,66289446696.0,17091028.0
Europe,SVN,Slovenia,SI-011,Pomurska,59339.0,9854121240.0,1941302029.0,0.0,0.0,201240.0,8924266.0,11795423259.0,3082411.0
Europe,SVN,Slovenia,SI-012,Podravska,92816.0,17612008994.0,3722785113.0,0.0,0.0,309585.0,16035329.0,21334794023.0,5617112.0
Europe,SVN,Slovenia,SI-013,Koroška,27830.0,4999844536.0,1045408960.0,0.0,0.0,100001.0,4487123.0,6045253469.0,1582482.0
Europe,SVN,Slovenia,SI-014,Savinjska,85552.0,15219165794.0,3060847388.0,0.0,0.0,281889.0,13667501.0,18280013250.0,4814957.0
Europe,SVN,Slovenia,SI-015,Zasavska,4777.0,1105728832.0,268136084.0,0.0,0.0,14343.0,1017883.0,1373864894.0,364294.0
Europe,SVN,Slovenia,SI-016,Posavska,12421.0,2618420992.0,548668741.0,0.0,0.0,28018.0,2342076.0,3167089737.0,832127.0
Europe,SVN,Slovenia,SI-017,Jugovzhodna Slovenija,50230.0,9043538895.0,1928901883.0,0.0,0.0,140224.0,8222674.0,10972440741.0,2876186.0
Europe,SVN,Slovenia,SI-018,Primorsko-Notranjska,24724.0,4499617600.0,837282281.0,0.0,0.0,105496.0,3869762.0,5336899892.0,1359858.0
Europe,SVN,Slovenia,SI-021,Osrednjeslovenska,114841.0,29236062208.0,6421702381.0,0.0,0.0,560618.0,25168546.0,35657764562.0,9065386.0
Europe,SVN,Slovenia,SI-022,Gorenjska,53316.0,10912580850.0,2262705182.0,0.0,0.0,215202.0,9701510.0,13175286024.0,3409139.0
Europe,SVN,Slovenia,SI-023,Goriška,40112.0,7015613544.0,1407096306.0,0.0,0.0,102637.0,6169160.0,8422709869.0,2191763.0
Europe,SVN,Slovenia,SI-024,Obalno-Kraška,18887.0,4488736992.0,950618973.0,0.0,0.0,57815.0,3945427.0,5439355965.0,1420145.0
Europe,SWE,Sweden,SE-AB,Stockholms län,536929.0,279452934394.0,65682957253.0,0.0,0.0,2473340.0,127808023.0,345135891663.0,40419697.0
Europe,SWE,Sweden,SE-AC,Västerbottens län,78068.0,41238674314.0,10745653412.0,0.0,0.0,278607.0,21114479.0,51984327717.0,6563317.0
Europe,SWE,Sweden,SE-BD,Norrbottens län,82280.0,47989708163.0,13892353706.0,0.0,0.0,246670.0,25629454.0,61882061857.0,7827345.0
Europe,SWE,Sweden,SE-C,Uppsala län,90765.0,47398402821.0,11857705821.0,0.0,0.0,392036.0,23081950.0,59256108645.0,7144295.0
Europe,SWE,Sweden,SE-D,Södermanlands län,79025.0,41313725774.0,10400851365.0,0.0,0.0,305784.0,20187728.0,51714577125.0,6217460.0
Europe,SWE,Sweden,SE-E,Östergötlands län,127842.0,68400789446.0,17497677047.0,0.0,0.0,477141.0,33523015.0,85898466517.0,10359789.0
Europe,SWE,Sweden,SE-F,Jönköpings län,102741.0,56127883729.0,14933025188.0,0.0,0.0,352026.0,28121156.0,71060908915.0,8638696.0
Europe,SWE,Sweden,SE-G,Kronobergs län,57830.0,28406387105.0,7043552832.0,0.0,0.0,207547.0,14344537.0,35449939938.0,4403210.0
Europe,SWE,Sweden,SE-H,Kalmar län,74055.0,41236991757.0,11261380034.0,0.0,0.0,248334.0,21097303.0,52498371758.0,6455480.0
Europe,SWE,Sweden,SE-I,Gotlands län,17022.0,8218813370.0,1968477354.0,0.0,0.0,62039.0,4098642.0,10187290734.0,1268659.0
Europe,SWE,Sweden,SE-K,Blekinge län,44216.0,22474411026.0,5447139279.0,0.0,0.0,160713.0,10779128.0,27921550327.0,3341586.0
Europe,SWE,Sweden,SE-M,Skåne län,347448.0,184773485948.0,46884638110.0,0.0,0.0,1434465.0,90191593.0,231658124070.0,27889062.0
Europe,SWE,Sweden,SE-N,Hallands län,90519.0,44311050065.0,10764423487.0,0.0,0.0,345815.0,21303425.0,55075473547.0,6405357.0
Europe,SWE,Sweden,SE-O,Västra Götalands län,491960.0,255957675252.0,63614342769.0,0.0,0.0,1809310.0,122139286.0,319572017964.0,37506029.0
Europe,SWE,Sweden,SE-S,Värmlands län,90861.0,45900019775.0,11723074268.0,0.0,0.0,288205.0,23080980.0,57623094030.0,6977182.0
Europe,SWE,Sweden,SE-T,Örebro län,85807.0,46734127254.0,12470556444.0,0.0,0.0,312616.0,23875422.0,59204683722.0,7375248.0
Europe,SWE,Sweden,SE-U,Västmanlands län,78834.0,44217880806.0,11614258191.0,0.0,0.0,300013.0,21711117.0,55832138965.0,6741248.0
Europe,SWE,Sweden,SE-W,Dalarnas län,83188.0,44808704255.0,11564977976.0,0.0,0.0,292722.0,22526491.0,56373682227.0,7054044.0
Europe,SWE,Sweden,SE-X,Gävleborgs län,81505.0,42377019312.0,10623252010.0,0.0,0.0,290485.0,21189335.0,53000271342.0,6637109.0
Europe,SWE,Sweden,SE-Y,Västernorrlands län,70642.0,36729000136.0,9185110427.0,0.0,0.0,244075.0,18417770.0,45914110512.0,5804347.0
Europe,SWE,Sweden,SE-Z,Jämtlands län,38928.0,19352147069.0,4909765196.0,0.0,0.0,134696.0,10205940.0,24261912279.0,3181130.0
Europe,TUR,Türkiye,TR-01,Adana,296642.0,34730597310.0,6788036985.0,0.0,0.0,2333322.0,88044462.0,41518628792.0,31597106.0
Europe,TUR,Türkiye,TR-02,Adıyaman,62436.0,7512117315.0,1449836086.0,0.0,0.0,655048.0,15809671.0,8961953196.0,5659624.0
Europe,TUR,Türkiye,TR-03,Afyonkarahisar,166334.0,16449088242.0,3363667655.0,0.0,0.0,767923.0,46453484.0,19812752458.0,16194419.0
Europe,TUR,Türkiye,TR-04,Ağrı,40686.0,2223568056.0,461717109.0,0.0,0.0,529177.0,7536902.0,2685285805.0,2921818.0
Europe,TUR,Türkiye,TR-05,Amasya,52988.0,5625944166.0,1151811381.0,0.0,0.0,346088.0,15049380.0,6777755262.0,5178795.0
Europe,TUR,Türkiye,TR-06,Ankara,495926.0,127238994569.0,26289704630.0,0.0,0.0,5942771.0,307824832.0,153528698143.0,109653117.0
Europe,TUR,Türkiye,TR-07,Antalya,339105.0,44507918125.0,8730577466.0,0.0,0.0,2759945.0,125187468.0,53238493302.0,43443934.0
Europe,TUR,Türkiye,TR-08,Artvin,15253.0,1946046090.0,396009149.0,0.0,0.0,173222.0,5582112.0,2342054856.0,1970587.0
Europe,TUR,Türkiye,TR-09,Aydın,226041.0,18865367427.0,3642291926.0,0.0,0.0,1175205.0,46704668.0,22507660158.0,16080074.0
Europe,TUR,Türkiye,TR-10,Balıkesir,232197.0,25970642092.0,5129323007.0,0.0,0.0,1283058.0,59275532.0,31099970331.0,20607501.0
Europe,TUR,Türkiye,TR-11,Bilecik,33327.0,3591443120.0,724967541.0,0.0,0.0,234810.0,10872822.0,4316410725.0,3709863.0
Europe,TUR,Türkiye,TR-12,Bingöl,22284.0,2322558484.0,450255235.0,0.0,0.0,292224.0,6573369.0,2772813528.0,2296473.0
Europe,TUR,Türkiye,TR-13,Bitlis,34473.0,3212206107.0,671722273.0,0.0,0.0,366621.0,8698190.0,3883929859.0,3147469.0
Europe,TUR,Türkiye,TR-14,Bolu,34102.0,5075383035.0,1068119331.0,0.0,0.0,328882.0,14619131.0,6143501371.0,4847166.0
Europe,TUR,Türkiye,TR-15,Burdur,58970.0,5114442312.0,1013534640.0,0.0,0.0,280859.0,14498557.0,6127976896.0,5217371.0
Europe,TUR,Türkiye,TR-16,Bursa,367112.0,58543706946.0,11990035031.0,0.0,0.0,3281471.0,142079382.0,70533743871.0,48849547.0
Europe,TUR,Türkiye,TR-17,Çanakkale,89170.0,9567929550.0,1868696105.0,0.0,0.0,571933.0,21774880.0,11436623327.0,7583313.0
Europe,TUR,Türkiye,TR-18,Çankırı,29542.0,3094960347.0,633750189.0,0.0,0.0,200649.0,10190033.0,3728710694.0,3261234.0
Europe,TUR,Türkiye,TR-19,Çorum,80433.0,10374732631.0,2181660902.0,0.0,0.0,536205.0,29606509.0,12556396842.0,10273722.0
Europe,TUR,Türkiye,TR-20,Denizli,192370.0,18354018073.0,3766136631.0,0.0,0.0,1083764.0,54906430.0,22120151351.0,19295147.0
Europe,TUR,Türkiye,TR-21,Diyarbakır,104066.0,15960330031.0,3244228604.0,0.0,0.0,1869769.0,38708508.0,19204553561.0,13982876.0
Europe,TUR,Türkiye,TR-22,Edirne,69753.0,7416836617.0,1460703627.0,0.0,0.0,424743.0,19146965.0,8877540269.0,6719381.0
Europe,TUR,Türkiye,TR-23,Elazığ,68834.0,10259360181.0,2087369192.0,0.0,0.0,607340.0,28838438.0,12346731123.0,10315363.0
Europe,TUR,Türkiye,TR-24,Erzincan,47461.0,4068119353.0,815253053.0,0.0,0.0,245823.0,13517111.0,4883373344.0,4687515.0
Europe,TUR,Türkiye,TR-25,Erzurum,79036.0,7075116151.0,1465568239.0,0.0,0.0,772872.0,23477114.0,8540692540.0,8409028.0
Europe,TUR,Türkiye,TR-26,Eskişehir,156823.0,25367292028.0,5077565677.0,0.0,0.0,929798.0,64057200.0,30444856631.0,22729534.0
Europe,TUR,Türkiye,TR-27,Gaziantep,191042.0,31385803310.0,6497569403.0,0.0,0.0,2227099.0,79544847.0,37883372894.0,30670500.0
Europe,TUR,Türkiye,TR-28,Giresun,57776.0,5818814804.0,1118276324.0,0.0,0.0,460095.0,17786382.0,6937092461.0,5893597.0
Europe,TUR,Türkiye,TR-29,Gümüşhane,21927.0,1467707636.0,290207976.0,0.0,0.0,148192.0,4942149.0,1757913733.0,1698473.0
Europe,TUR,Türkiye,TR-30,Hakkâri,16720.0,1729060185.0,348050495.0,0.0,0.0,285137.0,4900857.0,2077110690.0,1855281.0
Europe,TUR,Türkiye,TR-31,Hatay,210742.0,21325827358.0,4216003869.0,0.0,0.0,1738967.0,54270951.0,25541832917.0,19608422.0
Europe,TUR,Türkiye,TR-32,Isparta,90377.0,9018013887.0,1803351496.0,0.0,0.0,456049.0,25641922.0,10821363549.0,9235982.0
Europe,TUR,Türkiye,TR-33,Mersin,263076.0,34704134738.0,6740966836.0,0.0,0.0,1967865.0,93503221.0,41445103979.0,32904245.0
Europe,TUR,Türkiye,TR-34,İstanbul,1187717.0,315134023924.0,60496898874.0,0.0,0.0,16372239.0,694302811.0,375630920393.0,234943015.0
Europe,TUR,Türkiye,TR-35,İzmir,675593.0,74631548444.0,14712471116.0,0.0,0.0,4572435.0,214146635.0,89344019875.0,73798103.0
Europe,TUR,Türkiye,TR-36,Kars,27686.0,2243509270.0,479709902.0,0.0,0.0,283340.0,6999439.0,2723219209.0,2549289.0
Europe,TUR,Türkiye,TR-37,Kastamonu,45706.0,4522743107.0,939069048.0,0.0,0.0,385853.0,13900133.0,5461816625.0,4396195.0
Europe,TUR,Türkiye,TR-38,Kayseri,175419.0,34760059834.0,7317054124.0,0.0,0.0,1482300.0,80893687.0,42077116655.0,29858011.0
Europe,TUR,Türkiye,TR-39,Kırklareli,59620.0,6778459487.0,1358298009.0,0.0,0.0,377057.0,17889605.0,8136756474.0,6281025.0
Europe,TUR,Türkiye,TR-40,Kırşehir,44593.0,5778034843.0,1181813570.0,0.0,0.0,250809.0,15907146.0,6959847951.0,5767104.0
Europe,TUR,Türkiye,TR-41,Kocaeli,234838.0,28454150493.0,5645837891.0,0.0,0.0,2139377.0,85772521.0,34099988545.0,29318190.0
Europe,TUR,Türkiye,TR-42,Konya,403267.0,39433808521.0,8454565708.0,0.0,0.0,2362085.0,125808002.0,47888373506.0,46831059.0
Europe,TUR,Türkiye,TR-43,Kütahya,113328.0,11166773729.0,2260665055.0,0.0,0.0,595016.0,29979368.0,13427439835.0,10321321.0
Europe,TUR,Türkiye,TR-44,Malatya,100890.0,11647885912.0,2343128810.0,0.0,0.0,834967.0,38859309.0,13991015445.0,13818036.0
Europe,TUR,Türkiye,TR-45,Manisa,238770.0,24958989170.0,4941744399.0,0.0,0.0,1505772.0,57853084.0,29900733474.0,20340166.0
Europe,TUR,Türkiye,TR-46,Kahramanmaraş,138961.0,16905684722.0,3376162527.0,0.0,0.0,1212730.0,40462029.0,20281844395.0,14703983.0
Europe,TUR,Türkiye,TR-47,Mardin,77939.0,9218033383.0,1944826157.0,0.0,0.0,900855.0,22035435.0,11162861400.0,8093292.0
Europe,TUR,Türkiye,TR-48,Muğla,247761.0,24492379221.0,4818942514.0,0.0,0.0,1071657.0,53467918.0,29311324224.0,18669547.0
Europe,TUR,Türkiye,TR-49,Muş,32280.0,2329917979.0,475570946.0,0.0,0.0,413549.0,6131850.0,2805488946.0,2285581.0
Europe,TUR,Türkiye,TR-50,Nevşehir,67787.0,7986896830.0,1666473227.0,0.0,0.0,318310.0,22520766.0,9653367860.0,8326721.0
Europe,TUR,Türkiye,TR-51,Niğde,72754.0,9050443619.0,1847267215.0,0.0,0.0,375610.0,26795507.0,10897711698.0,9605496.0
Europe,TUR,Türkiye,TR-52,Ordu,119036.0,7421205742.0,1442703480.0,0.0,0.0,779721.0,27258821.0,8863914778.0,8845548.0
Europe,TUR,Türkiye,TR-53,Rize,32431.0,4141071815.0,796652527.0,0.0,0.0,352154.0,12837748.0,4937723389.0,4399126.0
Europe,TUR,Türkiye,TR-54,Sakarya,148756.0,17252977212.0,3385595024.0,0.0,0.0,1110095.0,43872880.0,20638576867.0,14851176.0
Europe,TUR,Türkiye,TR-55,Samsun,146187.0,25447275560.0,5142013731.0,0.0,0.0,1402710.0,56116706.0,30589291584.0,19393530.0
Europe,TUR,Türkiye,TR-56,Siirt,23683.0,2501411874.0,484172996.0,0.0,0.0,343683.0,6221426.0,2985584954.0,2348801.0
Europe,TUR,Türkiye,TR-57,Sinop,22271.0,3720543835.0,712212630.0,0.0,0.0,225725.0,9885644.0,4432756991.0,3334211.0
Europe,TUR,Türkiye,TR-58,Sivas,29967.0,2775922124.0,537633404.0,0.0,0.0,652516.0,7791079.0,3313554992.0,2891122.0
Europe,TUR,Türkiye,TR-59,Tekirdağ,153908.0,20658754073.0,4015753042.0,0.0,0.0,1173540.0,52019113.0,24674506950.0,17682147.0
Europe,TUR,Türkiye,TR-60,Tokat,101668.0,8219586898.0,1689655799.0,0.0,0.0,611186.0,23423830.0,9909242222.0,7221541.0
Europe,TUR,Türkiye,TR-61,Trabzon,117208.0,12548530271.0,2438037774.0,0.0,0.0,838044.0,39998770.0,14986564642.0,13469895.0
Europe,TUR,Türkiye,TR-62,Tunceli,10401.0,1227757094.0,244295817.0,0.0,0.0,86637.0,3445944.0,1472052197.0,1236362.0
Europe,TUR,Türkiye,TR-63,Şanlıurfa,142477.0,14874085194.0,3002609227.0,0.0,0.0,2251916.0,36191252.0,17876698733.0,13509522.0
Europe,TUR,Türkiye,TR-64,Uşak,69338.0,8944183936.0,1812370451.0,0.0,0.0,384616.0,21040956.0,10756556075.0,7333331.0
Europe,TUR,Türkiye,TR-65,Van,73718.0,8033555963.0,1639841524.0,0.0,0.0,1170081.0,18404513.0,9673397506.0,7373084.0
Europe,TUR,Türkiye,TR-66,Yozgat,85136.0,8329146458.0,1675974760.0,0.0,0.0,429115.0,23200328.0,10005121742.0,8397468.0
Europe,TUR,Türkiye,TR-67,Zonguldak,68462.0,10270765199.0,2051771700.0,0.0,0.0,601345.0,23326434.0,12322538353.0,8280202.0
Europe,TUR,Türkiye,TR-68,Aksaray,75097.0,9198747956.0,1873630190.0,0.0,0.0,445827.0,24910008.0,11072377457.0,8920335.0
Europe,TUR,Türkiye,TR-69,Bayburt,10231.0,1000555009.0,200121214.0,0.0,0.0,86673.0,3222376.0,1200676536.0,1137083.0
Europe,TUR,Türkiye,TR-70,Karaman,43334.0,4785985586.0,989538346.0,0.0,0.0,268168.0,13489881.0,5775523370.0,4799842.0
Europe,TUR,Türkiye,TR-71,Kırıkkale,55683.0,5416609444.0,1109625661.0,0.0,0.0,283805.0,15075230.0,6526235028.0,5404827.0
Europe,TUR,Türkiye,TR-72,Batman,39592.0,4309420628.0,830220688.0,0.0,0.0,657967.0,9797419.0,5139641403.0,3449023.0
Europe,TUR,Türkiye,TR-73,Şırnak,88011.0,12617845401.0,2514549564.0,0.0,0.0,579265.0,30895626.0,15132395288.0,10560016.0
Europe,TUR,Türkiye,TR-74,Bartın,17234.0,2818560389.0,566051665.0,0.0,0.0,207697.0,6103908.0,3384612733.0,2136466.0
Europe,TUR,Türkiye,TR-75,Ardahan,9008.0,660233923.0,142653019.0,0.0,0.0,95025.0,2196292.0,802886934.0,785761.0
Europe,TUR,Türkiye,TR-76,Iğdır,22047.0,1544804248.0,309163636.0,0.0,0.0,210209.0,5282544.0,1853968232.0,1981222.0
Europe,TUR,Türkiye,TR-77,Yalova,41346.0,6865653050.0,1330283175.0,0.0,0.0,303430.0,17337855.0,8195936468.0,5770732.0
Europe,TUR,Türkiye,TR-78,Karabük,30987.0,4827699600.0,989355500.0,0.0,0.0,258184.0,10483552.0,5817054354.0,3603772.0
Europe,TUR,Türkiye,TR-79,Kilis,17014.0,1638987696.0,316343154.0,0.0,0.0,152647.0,3686989.0,1955330935.0,1418205.0
Europe,TUR,Türkiye,TR-80,Osmaniye,80173.0,6436518963.0,1265066915.0,0.0,0.0,576886.0,16675253.0,7701584854.0,6246485.0
Europe,TUR,Türkiye,TR-81,Düzce,35126.0,3992591844.0,807495266.0,0.0,0.0,415834.0,11895441.0,4800086218.0,4033744.0
Europe,UKR,Ukraine,UA-05,Vinnytska,521201.0,31594354895.0,6013974454.0,0.0,0.0,1349726.0,65078582.0,37608329368.0,23261263.0
Europe,UKR,Ukraine,UA-07,Volynska,293668.0,17515271406.0,3351901667.0,0.0,0.0,926337.0,35839530.0,20867173071.0,13028544.0
Europe,UKR,Ukraine,UA-09,Luhanska,728209.0,37472245454.0,6810902276.0,0.0,0.0,1881624.0,73995252.0,44283147723.0,26372661.0
Europe,UKR,Ukraine,UA-12,Dnipropetrovska,941857.0,57706552528.0,11138965041.0,0.0,0.0,2738397.0,109892444.0,68845517572.0,41023450.0
Europe,UKR,Ukraine,UA-14,Donetska,1361436.0,71148600733.0,13017166154.0,0.0,0.0,3619848.0,139607926.0,84165766879.0,50085605.0
Europe,UKR,Ukraine,UA-18,Zhytomyrska,437414.0,26895128636.0,5139648064.0,0.0,0.0,1058342.0,54168239.0,32034776699.0,19546692.0
Europe,UKR,Ukraine,UA-21,Zakarpatska,348806.0,21866220013.0,4228717437.0,0.0,0.0,1109898.0,45422272.0,26094937450.0,16504585.0
Europe,UKR,Ukraine,UA-23,Zaporizka,515918.0,30204752784.0,5746767064.0,0.0,0.0,1460765.0,59217552.0,35951519848.0,21796700.0
Europe,UKR,Ukraine,UA-26,Ivano-Frankivska,401778.0,24786673658.0,4750490277.0,0.0,0.0,1192357.0,51104196.0,29537163935.0,18389996.0
Europe,UKR,Ukraine,UA-30,Kyiv,683819.0,49655313991.0,10084707700.0,0.0,0.0,2558513.0,91693457.0,59740021697.0,36127814.0
Europe,UKR,Ukraine,UA-32,Kyivska,572810.0,38473875085.0,7481348997.0,0.0,0.0,1644265.0,74497525.0,45955224073.0,26992823.0
Europe,UKR,Ukraine,UA-35,Kirovohradska,303149.0,17076624580.0,3221210644.0,0.0,0.0,822806.0,34784607.0,20297835205.0,12642763.0
Europe,UKR,Ukraine,UA-40,Sevastopol,96580.0,5432270090.0,977702098.0,0.0,0.0,488577.0,10276034.0,6409972200.0,3506559.0
Europe,UKR,Ukraine,UA-43,Krym,565705.0,30522301089.0,5499226921.0,0.0,0.0,1754677.0,62130542.0,36021528029.0,21310488.0
Europe,UKR,Ukraine,UA-46,Lvivska,765435.0,47461211972.0,9110565143.0,0.0,0.0,2205444.0,95045408.0,56571777084.0,34478632.0
Europe,UKR,Ukraine,UA-48,Mykolaivska,344474.0,19744648647.0,3746232127.0,0.0,0.0,973533.0,39154602.0,23490880781.0,14374107.0
Europe,UKR,Ukraine,UA-51,Odeska,653095.0,41522324526.0,8098797638.0,0.0,0.0,2105637.0,81037995.0,49621122166.0,30204587.0
Europe,UKR,Ukraine,UA-53,Poltavska,488294.0,28480190071.0,5386933604.0,0.0,0.0,1222486.0,57105578.0,33867123689.0,20659162.0
Europe,UKR,Ukraine,UA-56,Rivnenska,333497.0,20649621785.0,3987399681.0,0.0,0.0,995876.0,42334820.0,24637021458.0,15467922.0
Europe,UKR,Ukraine,UA-59,Sumska,378118.0,21888030279.0,4142926531.0,0.0,0.0,929920.0,44009801.0,26030956800.0,16036424.0
Europe,UKR,Ukraine,UA-61,Ternopilska,330055.0,19700028157.0,3750614242.0,0.0,0.0,900041.0,41000152.0,23450642403.0,14731454.0
Europe,UKR,Ukraine,UA-63,Kharkivska,813888.0,51211983021.0,9932200257.0,0.0,0.0,2321191.0,100468334.0,61144183275.0,37137224.0
Europe,UKR,Ukraine,UA-65,Khersonska,303506.0,17907534994.0,3431435114.0,0.0,0.0,881760.0,36080322.0,21338970109.0,13282423.0
Europe,UKR,Ukraine,UA-68,Khmelnytska,441673.0,27387963369.0,5211614359.0,0.0,0.0,1105223.0,55503865.0,32599577726.0,19744756.0
Europe,UKR,Ukraine,UA-71,Cherkaska,596759.0,119473315456.0,45212364236.0,0.0,0.0,1042904.0,241299800.0,164685679662.0,84324308.0
Europe,UKR,Ukraine,UA-74,Chernihivska,407306.0,35227333526.0,9901244403.0,0.0,0.0,874740.0,71550270.0,45128577926.0,25390705.0
Europe,UKR,Ukraine,UA-77,Chernivetska,256946.0,16565079604.0,3224835263.0,0.0,0.0,815491.0,34132197.0,19789914875.0,12349707.0
Europe,XKX,Kosovo,XK-FER,Ferizaj,38986.0,2663867579.0,593295833.0,0.0,0.0,166269.0,6105245.0,3257163410.0,2157627.0
Europe,XKX,Kosovo,XK-GJA,Gjakovë,37714.0,2490200027.0,534664879.0,0.0,0.0,172509.0,5775267.0,3024864915.0,2069075.0
Europe,XKX,Kosovo,XK-GJI,Gjilan,41222.0,2645061451.0,566813161.0,0.0,0.0,140354.0,6161524.0,3211874620.0,2204550.0
Europe,XKX,Kosovo,XK-MIT,Mitrovicë,35207.0,2132824095.0,445623794.0,0.0,0.0,184305.0,4930356.0,2578447894.0,1740879.0
Europe,XKX,Kosovo,XK-PEJ,Pejë,34350.0,2162652375.0,462945806.0,0.0,0.0,176325.0,4983052.0,2625598160.0,1776295.0
Europe,XKX,Kosovo,XK-PRS,Prishtinë,92696.0,6863780967.0,1484175603.0,0.0,0.0,470482.0,14456748.0,8347956564.0,5224904.0
Europe,XKX,Kosovo,XK-PRZ,Prizren,62508.0,4443489047.0,1023894774.0,0.0,0.0,337517.0,10330016.0,5467383824.0,3674649.0
Middle_East,ARE,United Arab Emirates,AE-AJ,Ajman,52885.0,16064463314.0,2911492154.0,0.0,0.0,575312.0,13828284.0,18975955489.0,5862137.0
Middle_East,ARE,United Arab Emirates,AE-AZ,Abu Dhabi,136510.0,90441702329.0,16586082505.0,0.0,0.0,3866420.0,77752627.0,107027784818.0,33599355.0
Middle_East,ARE,United Arab Emirates,AE-DU,Dubai,229806.0,156250833908.0,28051451182.0,0.0,0.0,3646867.0,134547113.0,184302285082.0,55301399.0
Middle_East,ARE,United Arab Emirates,AE-FU,Al-Fujairah,31630.0,11857518518.0,2137230015.0,0.0,0.0,347793.0,10218439.0,13994748540.0,4267711.0
Middle_East,ARE,United Arab Emirates,AE-RK,Ras Al-Khaimah,88660.0,26261399622.0,4707771981.0,0.0,0.0,578729.0,22621929.0,30969171608.0,9353278.0
Middle_East,ARE,United Arab Emirates,AE-SH,Al-Sharjah,274512.0,81258134517.0,14559558829.0,0.0,0.0,2194388.0,69993017.0,95817693355.0,28906068.0
Middle_East,ARE,United Arab Emirates,AE-UQ,Umm Al-Quwain,22154.0,6111569953.0,1092610732.0,0.0,0.0,136489.0,5270533.0,7204180686.0,2178608.0
Middle_East,ARM,Armenia,AM-AG,Aragac̣otn,32852.0,2045881349.0,408054813.0,0.0,0.0,132076.0,4845640.0,2453936163.0,2415457.0
Middle_East,ARM,Armenia,AM-AR,Ararat,65645.0,4238881351.0,843370412.0,0.0,0.0,271162.0,9863453.0,5082251745.0,4905367.0
Middle_East,ARM,Armenia,AM-AV,Armavir,66693.0,4380760424.0,870869714.0,0.0,0.0,245493.0,10106933.0,5251630144.0,5022637.0
Middle_East,ARM,Armenia,AM-ER,Erevan,204474.0,19957002966.0,3895059930.0,0.0,0.0,1109955.0,38545548.0,23852062852.0,18758631.0
Middle_East,ARM,Armenia,AM-GR,Geġark'unik',57873.0,3758510118.0,747442416.0,0.0,0.0,215600.0,8718886.0,4505952555.0,4334160.0
Middle_East,ARM,Armenia,AM-KT,Kotayk',58323.0,4352024780.0,859715492.0,0.0,0.0,235768.0,9443851.0,5211740263.0,4662642.0
Middle_East,ARM,Armenia,AM-LO,Loṙi,48809.0,3732973331.0,736433621.0,0.0,0.0,231645.0,8005722.0,4469406934.0,3946698.0
Middle_East,ARM,Armenia,AM-SH,Širak,52958.0,4044546298.0,798226246.0,0.0,0.0,236684.0,8683076.0,4842772541.0,4282764.0
Middle_East,ARM,Armenia,AM-SU,Syunik',30782.0,2468163922.0,485807725.0,0.0,0.0,112845.0,5177979.0,2953971632.0,2545520.0
Middle_East,ARM,Armenia,AM-TV,Tavuš,29523.0,2042708760.0,404589404.0,0.0,0.0,113065.0,4586172.0,2447298170.0,2269585.0
Middle_East,ARM,Armenia,AM-VD,Vayoć Jor,12262.0,813790106.0,161615290.0,0.0,0.0,48075.0,1862723.0,975405394.0,924271.0
Middle_East,AZE,Azerbaijan,AZ-ABS,Abşeron,57566.0,5267270447.0,1010492725.0,0.0,0.0,494722.0,11775642.0,6277763175.0,5364206.0
Middle_East,AZE,Azerbaijan,AZ-AGA,Ağstafa,17077.0,859099159.0,177998298.0,0.0,0.0,88877.0,2318030.0,1037097467.0,1127682.0
Middle_East,AZE,Azerbaijan,AZ-AGC,Ağcabədi,27952.0,1550212549.0,315693052.0,0.0,0.0,155990.0,4021285.0,1865905621.0,1935674.0
Middle_East,AZE,Azerbaijan,AZ-AGD,Ağdərə,11210.0,699852647.0,146511261.0,0.0,0.0,22316.0,1905367.0,846363901.0,913303.0
Middle_East,AZE,Azerbaijan,AZ-AGM,Ağdam,36490.0,1925358781.0,400224686.0,0.0,0.0,82806.0,5104663.0,2325583485.0,2492066.0
Middle_East,AZE,Azerbaijan,AZ-AGS,Ağdaş,20085.0,1118190834.0,230515841.0,0.0,0.0,106686.0,2899162.0,1348706670.0,1404971.0
Middle_East,AZE,Azerbaijan,AZ-AGU,Ağsu,14397.0,786553083.0,164384714.0,0.0,0.0,78682.0,2056398.0,950937809.0,1004034.0
Middle_East,AZE,Azerbaijan,AZ-AST,Astara,19734.0,1112212945.0,232421220.0,0.0,0.0,108185.0,2875348.0,1344634183.0,1404616.0
Middle_East,AZE,Azerbaijan,AZ-BA,Bakı,226913.0,32393338752.0,6323225034.0,0.0,0.0,2711288.0,71553232.0,38716563772.0,31916552.0
Middle_East,AZE,Azerbaijan,AZ-BAB,Babək,13793.0,812171189.0,165113034.0,0.0,0.0,78692.0,2053498.0,977284238.0,986087.0
Middle_East,AZE,Azerbaijan,AZ-BAL,Balakən,20320.0,960446063.0,198940504.0,0.0,0.0,94378.0,2584644.0,1159386575.0,1271673.0
Middle_East,AZE,Azerbaijan,AZ-BAR,Bərdə,35189.0,1796395811.0,367616629.0,0.0,0.0,189498.0,4818510.0,2164012463.0,2330936.0
Middle_East,AZE,Azerbaijan,AZ-BEY,Beyləqan,18262.0,1065496463.0,216784186.0,0.0,0.0,110506.0,2710359.0,1282280672.0,1301803.0
Middle_East,AZE,Azerbaijan,AZ-BIL,Biləsuvar,20238.0,1060246578.0,214330681.0,0.0,0.0,116193.0,2816619.0,1274577276.0,1365693.0
Middle_East,AZE,Azerbaijan,AZ-CAB,Cəbrayıl,10198.0,658917668.0,140939851.0,0.0,0.0,3186.0,1836097.0,799857535.0,873753.0
Middle_East,AZE,Azerbaijan,AZ-CAL,Cəlilabad,41173.0,2202769843.0,455248739.0,0.0,0.0,215697.0,5808551.0,2658018575.0,2824622.0
Middle_East,AZE,Azerbaijan,AZ-CUL,Culfa,9335.0,489439782.0,100502359.0,0.0,0.0,48821.0,1295952.0,589942126.0,628027.0
Middle_East,AZE,Azerbaijan,AZ-DAS,Daşkəsən,5987.0,351960337.0,71870968.0,0.0,0.0,34754.0,888817.0,423831296.0,427214.0
Middle_East,AZE,Azerbaijan,AZ-FUZ,Füzuli,24592.0,1285641464.0,265916900.0,0.0,0.0,65991.0,3417971.0,1551558372.0,1664610.0
Middle_East,AZE,Azerbaijan,AZ-GA,Gəncə,45695.0,4390117770.0,875697344.0,0.0,0.0,356251.0,9477968.0,5265815098.0,4441514.0
Middle_East,AZE,Azerbaijan,AZ-GAD,Gədəbəy,19817.0,927917957.0,193410738.0,0.0,0.0,98142.0,2586075.0,1121328686.0,1265350.0
Middle_East,AZE,Azerbaijan,AZ-GOR,Goranboy,20840.0,1056566686.0,219158933.0,0.0,0.0,107745.0,2845317.0,1275725620.0,1387044.0
Middle_East,AZE,Azerbaijan,AZ-GOY,Göyçay,22115.0,1200048068.0,246839906.0,0.0,0.0,118941.0,3142237.0,1446887970.0,1522933.0
Middle_East,AZE,Azerbaijan,AZ-GYG,Göygöl,13458.0,648767460.0,125470501.0,0.0,0.0,76313.0,1767291.0,774237970.0,836174.0
Middle_East,AZE,Azerbaijan,AZ-HAC,Hacıqabul,14183.0,833007165.0,169054043.0,0.0,0.0,76872.0,2003380.0,1002061208.0,978484.0
Middle_East,AZE,Azerbaijan,AZ-IMI,İmişli,24165.0,1357341763.0,285581982.0,0.0,0.0,134526.0,3515002.0,1642923753.0,1712256.0
Middle_East,AZE,Azerbaijan,AZ-ISM,İsmayıllı,15229.0,845347668.0,174609152.0,0.0,0.0,82047.0,2193338.0,1019956829.0,1064419.0
Middle_East,AZE,Azerbaijan,AZ-KAL,Kəlbəcər,3877.0,216444130.0,47169685.0,0.0,0.0,2756.0,657614.0,263613827.0,307150.0
Middle_East,AZE,Azerbaijan,AZ-KAN,Kǝngǝrli,6780.0,322107325.0,66250435.0,0.0,0.0,34008.0,887573.0,388357765.0,430296.0
Middle_East,AZE,Azerbaijan,AZ-KUR,Kürdəmir,22841.0,1134152729.0,235511842.0,0.0,0.0,115479.0,3080671.0,1369664568.0,1503152.0
Middle_East,AZE,Azerbaijan,AZ-LA,Lənkəran Municipality,6063.0,701530322.0,151083758.0,0.0,0.0,53984.0,1524739.0,852614081.0,734522.0
Middle_East,AZE,Azerbaijan,AZ-LAC,Laçın,9802.0,632353283.0,134823827.0,0.0,0.0,5382.0,1761216.0,767177111.0,836679.0
Middle_East,AZE,Azerbaijan,AZ-LAN,Lənkəran Rayon,33142.0,1614521163.0,326113359.0,0.0,0.0,172236.0,4347258.0,1940634530.0,2110758.0
Middle_East,AZE,Azerbaijan,AZ-LER,Lerik,16672.0,772539650.0,161569945.0,0.0,0.0,83725.0,2166924.0,934109611.0,1061872.0
Middle_East,AZE,Azerbaijan,AZ-MAS,Masallı,42137.0,2197324543.0,456958864.0,0.0,0.0,225463.0,5861492.0,2654283422.0,2860958.0
Middle_East,AZE,Azerbaijan,AZ-MI,Mingəçevir,14112.0,1385039783.0,273372500.0,0.0,0.0,122771.0,2969618.0,1658412282.0,1378714.0
Middle_East,AZE,Azerbaijan,AZ-NA,Naftalan,1325.0,109843409.0,21750628.0,0.0,0.0,9657.0,244516.0,131594037.0,114019.0
Middle_East,AZE,Azerbaijan,AZ-NEF,Neftçala,15377.0,918336309.0,188441724.0,0.0,0.0,85046.0,2207242.0,1106778039.0,1078893.0
Middle_East,AZE,Azerbaijan,AZ-NV,Naxçıvan,12456.0,1115814225.0,222502497.0,0.0,0.0,96553.0,2455051.0,1338316713.0,1152478.0
Middle_East,AZE,Azerbaijan,AZ-OGU,Oğuz,9216.0,434361062.0,89862780.0,0.0,0.0,43217.0,1161079.0,524223834.0,571769.0
Middle_East,AZE,Azerbaijan,AZ-ORD,Ordubad,10063.0,499501494.0,102567629.0,0.0,0.0,51281.0,1352590.0,602069099.0,656296.0
Middle_East,AZE,Azerbaijan,AZ-QAB,Qəbələ,22925.0,1186024631.0,243515098.0,0.0,0.0,104795.0,2953871.0,1429539732.0,1458037.0
Middle_East,AZE,Azerbaijan,AZ-QAX,Qax,11790.0,582131290.0,119862344.0,0.0,0.0,53212.0,1498665.0,701993618.0,739020.0
Middle_East,AZE,Azerbaijan,AZ-QAZ,Qazax,18477.0,972358800.0,201831666.0,0.0,0.0,94387.0,2581834.0,1174190467.0,1259816.0
Middle_East,AZE,Azerbaijan,AZ-QBA,Quba,31752.0,1651913770.0,342430509.0,0.0,0.0,166656.0,4407348.0,1994344281.0,2146376.0
Middle_East,AZE,Azerbaijan,AZ-QBI,Qubadlı,5059.0,335007542.0,71315446.0,0.0,0.0,3161.0,907720.0,406322970.0,432542.0
Middle_East,AZE,Azerbaijan,AZ-QOB,Qobustan,8720.0,434911804.0,89308691.0,0.0,0.0,45688.0,1176220.0,524220494.0,573646.0
Middle_East,AZE,Azerbaijan,AZ-QUS,Qusar,19164.0,966630372.0,200350781.0,0.0,0.0,100986.0,2606731.0,1166981146.0,1270477.0
Middle_East,AZE,Azerbaijan,AZ-SA,Şəki Municipality,13753.0,980304556.0,208341225.0,0.0,0.0,60999.0,2035189.0,1188645777.0,1026374.0
Middle_East,AZE,Azerbaijan,AZ-SAB,Sabirabad,35084.0,1750340415.0,364250990.0,0.0,0.0,183004.0,4732442.0,2114591399.0,2317726.0
Middle_East,AZE,Azerbaijan,AZ-SAD,Sədərək,4816.0,209054109.0,43209374.0,0.0,0.0,23161.0,597436.0,252263490.0,289923.0
Middle_East,AZE,Azerbaijan,AZ-SAH,Şahbuz,5115.0,247174885.0,50828285.0,0.0,0.0,25945.0,676014.0,298003184.0,327185.0
Middle_East,AZE,Azerbaijan,AZ-SAK,Şəki Rayon,25934.0,1064847595.0,208490153.0,0.0,0.0,123082.0,3035938.0,1273337751.0,1469516.0
Middle_East,AZE,Azerbaijan,AZ-SAL,Salyan,25211.0,1412407873.0,290234807.0,0.0,0.0,142359.0,3579477.0,1702642669.0,1745022.0
Middle_East,AZE,Azerbaijan,AZ-SAR,Şərur,24139.0,1064455376.0,220874448.0,0.0,0.0,114215.0,3043307.0,1285329811.0,1487373.0
Middle_East,AZE,Azerbaijan,AZ-SAT,Saatlı,20319.0,1014865288.0,211920009.0,0.0,0.0,107285.0,2753691.0,1226785297.0,1345396.0
Middle_East,AZE,Azerbaijan,AZ-SBN,Şabran,10060.0,602558484.0,123676368.0,0.0,0.0,58061.0,1515910.0,726234849.0,732469.0
Middle_East,AZE,Azerbaijan,AZ-SIY,Siyəzən,6460.0,458933327.0,93310035.0,0.0,0.0,41777.0,1083892.0,552243373.0,518440.0
Middle_East,AZE,Azerbaijan,AZ-SKR,Şəmkir,39476.0,2261376722.0,467540069.0,0.0,0.0,219330.0,5807564.0,2728916797.0,2820781.0
Middle_East,AZE,Azerbaijan,AZ-SM,Sumqayıt,56108.0,5416828903.0,1056740279.0,0.0,0.0,479306.0,11723098.0,6473569173.0,5413064.0
Middle_East,AZE,Azerbaijan,AZ-SMI,Şamaxı,17704.0,1126196891.0,233154283.0,0.0,0.0,105775.0,2781503.0,1359351168.0,1345189.0
Middle_East,AZE,Azerbaijan,AZ-SMX,Samux,10758.0,617420378.0,127754993.0,0.0,0.0,58341.0,1578699.0,745175365.0,765276.0
Middle_East,AZE,Azerbaijan,AZ-SR,Şirvan,16079.0,1120211786.0,223270368.0,0.0,0.0,85278.0,2311958.0,1343482149.0,1128501.0
Middle_East,AZE,Azerbaijan,AZ-SUS,Şuşa,4246.0,334679379.0,65529798.0,0.0,0.0,8447.0,760706.0,400209184.0,356255.0
Middle_East,AZE,Azerbaijan,AZ-TAR,Tərtər,16170.0,890866876.0,186980072.0,0.0,0.0,85196.0,2322759.0,1077846940.0,1135927.0
Middle_East,AZE,Azerbaijan,AZ-TOV,Tovuz,34196.0,1690669366.0,352564863.0,0.0,0.0,169409.0,4607207.0,2043234235.0,2254589.0
Middle_East,AZE,Azerbaijan,AZ-UCA,Ucar,17274.0,870623498.0,181408830.0,0.0,0.0,86030.0,2350875.0,1052032316.0,1147504.0
Middle_East,AZE,Azerbaijan,AZ-XA,Xankəndi,8981.0,828814787.0,164917433.0,0.0,0.0,60812.0,1806406.0,993732232.0,848417.0
Middle_East,AZE,Azerbaijan,AZ-XAC,Xaçmaz,31340.0,1822901766.0,375071643.0,0.0,0.0,175726.0,4649502.0,2197973406.0,2250086.0
Middle_East,AZE,Azerbaijan,AZ-XCI,Xocalı,3617.0,153825830.0,34575141.0,0.0,0.0,11159.0,444727.0,188400965.0,221078.0
Middle_East,AZE,Azerbaijan,AZ-XIZ,Xızı,3619.0,204005234.0,40786866.0,0.0,0.0,20925.0,521092.0,244792097.0,247011.0
Middle_East,AZE,Azerbaijan,AZ-XVD,Xocavənd,8624.0,429276627.0,89264992.0,0.0,0.0,30731.0,1162701.0,518541622.0,566111.0
Middle_East,AZE,Azerbaijan,AZ-YAR,Yardımlı,13306.0,627566654.0,131354748.0,0.0,0.0,65852.0,1743895.0,758921403.0,855462.0
Middle_East,AZE,Azerbaijan,AZ-YE,Yevlax Municipality,8213.0,807960423.0,166648894.0,0.0,0.0,68705.0,1763942.0,974609305.0,830380.0
Middle_East,AZE,Azerbaijan,AZ-YEV,Yevlax Rayon,13686.0,644575953.0,128677709.0,0.0,0.0,67317.0,1755632.0,773253673.0,857224.0
Middle_East,AZE,Azerbaijan,AZ-ZAN,Zəngilan,5650.0,411944344.0,85493767.0,0.0,0.0,3191.0,1046273.0,497438116.0,494309.0
Middle_East,AZE,Azerbaijan,AZ-ZAQ,Zaqatala,27226.0,1349387885.0,277760753.0,0.0,0.0,129783.0,3481621.0,1627148661.0,1714761.0
Middle_East,AZE,Azerbaijan,AZ-ZAR,Zərdab,11320.0,567352901.0,117763404.0,0.0,0.0,57901.0,1534367.0,685116300.0,748504.0
Middle_East,BHR,Bahrain,BH-13,Al-Asimah,97805.0,22848131626.0,4498919752.0,0.0,0.0,568552.0,25314093.0,27347051387.0,11319405.0
Middle_East,BHR,Bahrain,BH-14,Al-Janubiyah,53500.0,11669450824.0,2326279378.0,0.0,0.0,326249.0,12842113.0,13995730192.0,5833594.0
Middle_East,BHR,Bahrain,BH-15,Al-Muharraq,55668.0,11649129040.0,2303857066.0,0.0,0.0,299709.0,13090787.0,13952986104.0,5946053.0
Middle_East,BHR,Bahrain,BH-17,Al-Shamaliyah,82327.0,17415337937.0,3406802719.0,0.0,0.0,448826.0,19333106.0,20822140664.0,8561080.0
Middle_East,GEO,Georgia,GE-AB,Abkhazia,53523.0,3113694112.0,586698629.0,0.0,0.0,230188.0,7752617.0,3700392739.0,3624881.0
Middle_East,GEO,Georgia,GE-AJ,Adjara,73345.0,5092501682.0,1048073966.0,0.0,0.0,340687.0,12339106.0,6140575666.0,6136528.0
Middle_East,GEO,Georgia,GE-GU,Guria,28737.0,1548993524.0,317926647.0,0.0,0.0,98388.0,4250705.0,1866920173.0,2097140.0
Middle_East,GEO,Georgia,GE-IM,Imereti,125710.0,8043696410.0,1643058335.0,0.0,0.0,436841.0,20182072.0,9686754737.0,9973602.0
Middle_East,GEO,Georgia,GE-KA,K'akheti,86248.0,4420707660.0,904592229.0,0.0,0.0,288338.0,12486766.0,5325299886.0,6152749.0
Middle_East,GEO,Georgia,GE-KK,Kvemo Kartli,97149.0,5755332798.0,1161905012.0,0.0,0.0,417960.0,14891271.0,6917237802.0,7292657.0
Middle_East,GEO,Georgia,GE-MM,Mtskheta-Mtianeti,25842.0,1332746801.0,273660231.0,0.0,0.0,87836.0,3747580.0,1606407026.0,1847464.0
Middle_East,GEO,Georgia,GE-RL,Rach'a-Lechkhumi and Kvemo Svaneti,10202.0,534644782.0,110646199.0,0.0,0.0,25577.0,1496897.0,645290991.0,741397.0
Middle_East,GEO,Georgia,GE-SJ,Samtskhe-Javakheti,35746.0,2067658006.0,425060976.0,0.0,0.0,139042.0,5480019.0,2492718963.0,2712820.0
Middle_East,GEO,Georgia,GE-SK,Shida Kartli,63139.0,3583345353.0,722484340.0,0.0,0.0,235609.0,9473209.0,4305829704.0,4631853.0
Middle_East,GEO,Georgia,GE-SZ,Samegrelo-Zemo Svaneti,79114.0,4717410937.0,967100423.0,0.0,0.0,282065.0,12298951.0,5684511356.0,6084044.0
Middle_East,GEO,Georgia,GE-TB,Tbilisi,265025.0,24287974480.0,4936967268.0,0.0,0.0,1171039.0,51468536.0,29224941775.0,25495718.0
Middle_East,IRN,Iran,IR-00,Markazī,289317.0,15318810418.0,3895288516.0,0.0,0.0,1659332.0,69667222.0,19214098941.0,26488515.0
Middle_East,IRN,Iran,IR-01,Gīlān,631704.0,24295537522.0,5280141433.0,0.0,0.0,2932152.0,121119867.0,29575678958.0,54810740.0
Middle_East,IRN,Iran,IR-02,Māzandarān,805242.0,31775830441.0,6877977349.0,0.0,0.0,3805745.0,152212098.0,38653807795.0,66569048.0
Middle_East,IRN,Iran,IR-03,Āz̄ārbāyjān-e Shārqī,915294.0,39677526665.0,9138955270.0,0.0,0.0,4538236.0,183239550.0,48816481926.0,73292533.0
Middle_East,IRN,Iran,IR-04,Āz̄ārbāyjān-e Ghārbī,988529.0,34924501689.0,7923967567.0,0.0,0.0,3790518.0,159544836.0,42848469258.0,63023020.0
Middle_East,IRN,Iran,IR-05,Kermānshāh,508537.0,20014575156.0,4675295732.0,0.0,0.0,2260126.0,90707683.0,24689870889.0,34992457.0
Middle_East,IRN,Iran,IR-06,Khūzestān,1145867.0,45639632403.0,10205365600.0,0.0,0.0,5460912.0,203452935.0,55844998003.0,80611112.0
Middle_East,IRN,Iran,IR-07,Fārs,1233801.0,53340400165.0,12795109345.0,0.0,0.0,5611478.0,241282412.0,66135509514.0,96721690.0
Middle_East,IRN,Iran,IR-08,Kermān,813877.0,28976796408.0,6599573270.0,0.0,0.0,3389254.0,133664018.0,35576369667.0,51901355.0
Middle_East,IRN,Iran,IR-09,Khorāsān-e Raẕavī,1396747.0,64270666958.0,15601456484.0,0.0,0.0,7468343.0,286154022.0,79872123439.0,106261433.0
Middle_East,IRN,Iran,IR-10,Eşfahān,994336.0,43671715768.0,9281068855.0,0.0,0.0,5943879.0,197021071.0,52952784620.0,77310079.0
Middle_East,IRN,Iran,IR-11,Sīstān va Balūchestān,754976.0,24299445822.0,5271264688.0,0.0,0.0,3218247.0,124686220.0,29570710522.0,51996248.0
Middle_East,IRN,Iran,IR-12,Kordestān,422397.0,15426630234.0,3517793918.0,0.0,0.0,1860733.0,74670026.0,18944424156.0,30105141.0
Middle_East,IRN,Iran,IR-13,Hamadān,390214.0,17634910185.0,4299198507.0,0.0,0.0,2015419.0,80199450.0,21934108692.0,30224334.0
Middle_East,IRN,Iran,IR-14,Chahār Maḩāl va Bakhtīārī,256814.0,10105179561.0,2228046487.0,0.0,0.0,1099451.0,46603968.0,12333226046.0,19299492.0
Middle_East,IRN,Iran,IR-15,Lorestān,480547.0,18715083191.0,4518778665.0,0.0,0.0,2041652.0,81969972.0,23233861857.0,29982461.0
Middle_East,IRN,Iran,IR-16,Īlām,178279.0,7100444513.0,1658809548.0,0.0,0.0,672811.0,31244767.0,8759254070.0,12678231.0
Middle_East,IRN,Iran,IR-17,Kohgīlūyeh va Bowyer Aḩmad,193023.0,6813056336.0,1466225941.0,0.0,0.0,825892.0,31620364.0,8279282282.0,13282344.0
Middle_East,IRN,Iran,IR-18,Būshehr,294687.0,11178348552.0,2322009170.0,0.0,0.0,1341754.0,51710921.0,13500357725.0,22590530.0
Middle_East,IRN,Iran,IR-19,Zanjān,262022.0,10578970706.0,2515372150.0,0.0,0.0,1227446.0,49651317.0,13094342850.0,19483864.0
Middle_East,IRN,Iran,IR-20,Semnān,148608.0,8763253710.0,2386472009.0,0.0,0.0,815311.0,39230412.0,11149725713.0,15489403.0
Middle_East,IRN,Iran,IR-21,Yazd,319251.0,12566769276.0,3101394671.0,0.0,0.0,1321221.0,57092024.0,15668163951.0,21900385.0
Middle_East,IRN,Iran,IR-22,Hormozgān,440430.0,16415107825.0,3542276894.0,0.0,0.0,2057050.0,80830038.0,19957384722.0,36881507.0
Middle_East,IRN,Iran,IR-23,Tehrān,1580800.0,128933686901.0,30997843825.0,0.0,0.0,15402862.0,552916468.0,159931530728.0,207497626.0
Middle_East,IRN,Iran,IR-24,Ardabīl,331907.0,13067571046.0,2966860261.0,0.0,0.0,1474424.0,59738674.0,16034431302.0,24155914.0
Middle_East,IRN,Iran,IR-25,Qom,207897.0,13967119645.0,3522417523.0,0.0,0.0,1500148.0,59899301.0,17489537161.0,22209256.0
Middle_East,IRN,Iran,IR-26,Qazvīn,250798.0,13982568766.0,3697285851.0,0.0,0.0,1478726.0,61606413.0,17679854622.0,23026896.0
Middle_East,IRN,Iran,IR-27,Golestān,512018.0,20240221840.0,4477220577.0,0.0,0.0,2166591.0,97495767.0,24717442416.0,41703895.0
Middle_East,IRN,Iran,IR-28,Khorāsān-e Shomālī,222831.0,8102394004.0,1822809226.0,0.0,0.0,1000056.0,39675658.0,9925203226.0,15934488.0
Middle_East,IRN,Iran,IR-29,Khorāsān-e Jonūbī,200547.0,7346951859.0,1724099009.0,0.0,0.0,892542.0,35504277.0,9071050866.0,13853068.0
Middle_East,IRN,Iran,IR-30,Alborz,352196.0,24982104782.0,5988803553.0,0.0,0.0,3145374.0,106842728.0,30970908342.0,41132559.0
Middle_East,IRQ,Iraq,IQ-AN,Al-Anbar,316394.0,17218555298.0,3580681512.0,0.0,0.0,2186046.0,44491567.0,20799236795.0,21899605.0
Middle_East,IRQ,Iraq,IQ-AR,Erbil,516755.0,27343452605.0,5645040009.0,0.0,0.0,2560413.0,71010223.0,32988492616.0,34555955.0
Middle_East,IRQ,Iraq,IQ-BA,Al-Basra,517210.0,28178939130.0,5861593870.0,0.0,0.0,3586879.0,72797128.0,34040532991.0,35848419.0
Middle_East,IRQ,Iraq,IQ-BB,Babil,468071.0,25150531227.0,5213109127.0,0.0,0.0,2989592.0,65134519.0,30363640357.0,31896297.0
Middle_East,IRQ,Iraq,IQ-BG,Baghdad,1641909.0,88181662588.0,18274497351.0,0.0,0.0,10021839.0,228387907.0,106456159937.0,111813457.0
Middle_East,IRQ,Iraq,IQ-DA,Duhok,243386.0,13345578553.0,2780707327.0,0.0,0.0,1624317.0,34438724.0,16126285890.0,17003513.0
Middle_East,IRQ,Iraq,IQ-DI,Diyala,387972.0,20627779966.0,4264001997.0,0.0,0.0,2313416.0,53523258.0,24891781953.0,26098146.0
Middle_East,IRQ,Iraq,IQ-DQ,Dhi Qar,351706.0,19321903828.0,4027576996.0,0.0,0.0,2583012.0,49843217.0,23349480818.0,24625771.0
Middle_East,IRQ,Iraq,IQ-HA,Halabjah,93633.0,4737279602.0,966841721.0,0.0,0.0,302751.0,12406561.0,5704121314.0,5927620.0
Middle_East,IRQ,Iraq,IQ-KA,Karbala,190021.0,10275769791.0,2133572511.0,0.0,0.0,1115958.0,26582115.0,12409342309.0,13052332.0
Middle_East,IRQ,Iraq,IQ-KI,Kirkuk,320713.0,17204680585.0,3564741566.0,0.0,0.0,1924762.0,44570148.0,20769422142.0,21812286.0
Middle_East,IRQ,Iraq,IQ-MA,Maysan,186256.0,10241754263.0,2135553004.0,0.0,0.0,1372304.0,26415575.0,12377307287.0,13057532.0
Middle_East,IRQ,Iraq,IQ-MU,Al-Muthanna,140533.0,7661262992.0,1594130997.0,0.0,0.0,1004739.0,19790750.0,9255393981.0,9749921.0
Middle_East,IRQ,Iraq,IQ-NA,Al-Najaf,279624.0,15076831339.0,3127968685.0,0.0,0.0,1669370.0,39022204.0,18204800033.0,19136734.0
Middle_East,IRQ,Iraq,IQ-NI,Nineveh,634807.0,34381406103.0,7140933809.0,0.0,0.0,4313723.0,88914717.0,41522339905.0,43680784.0
Middle_East,IRQ,Iraq,IQ-QA,Al-Qadisiyah,253081.0,13797736055.0,2870764256.0,0.0,0.0,1698403.0,35641527.0,16668500302.0,17557279.0
Middle_East,IRQ,Iraq,IQ-SD,Salah Al-Din,321999.0,17437733302.0,3621735739.0,0.0,0.0,2011702.0,45097073.0,21059469036.0,22154258.0
Middle_East,IRQ,Iraq,IQ-SU,Al-Sulaymaniyah,428421.0,22752895449.0,4701980855.0,0.0,0.0,2062449.0,59048780.0,27454876302.0,28779585.0
Middle_East,IRQ,Iraq,IQ-WA,Wasit,249289.0,13551138638.0,2817331621.0,0.0,0.0,1679099.0,35023027.0,16368470259.0,17232007.0
Middle_East,ISR,Israel,IL-D,Southern District,235121.0,113629047408.0,21301207072.0,0.0,0.0,1538745.0,68462634.0,134930254492.0,31367250.0
Middle_East,ISR,Israel,IL-HA,Haifa District,186689.0,100767125590.0,18815970876.0,0.0,0.0,1238140.0,60647820.0,119583096470.0,27396890.0
Middle_East,ISR,Israel,IL-JM,Jerusalem District,103901.0,76038415971.0,14380670675.0,0.0,0.0,779541.0,45932380.0,90419086644.0,21472431.0
Middle_East,ISR,Israel,IL-M,Central District,319186.0,191985128711.0,35971701578.0,0.0,0.0,2619668.0,115655841.0,227956830291.0,52654066.0
Middle_East,ISR,Israel,IL-TA,Tel Aviv District,178065.0,137845771816.0,25541479816.0,0.0,0.0,1660730.0,82631808.0,163387251639.0,37145879.0
Middle_East,ISR,Israel,IL-Z,Northern District,312532.0,124879351282.0,23474407137.0,0.0,0.0,1680363.0,75350657.0,148353758440.0,34592487.0
Middle_East,JOR,Jordan,JO-AJ,Ajloun,22474.0,5143041683.0,1002813582.0,0.0,0.0,198442.0,6831991.0,6145855284.0,2926528.0
Middle_East,JOR,Jordan,JO-AM,Al-Asimah,636964.0,115752620264.0,23484299921.0,0.0,0.0,4862658.0,166962363.0,139236920175.0,62204640.0
Middle_East,JOR,Jordan,JO-AQ,Al-Aqaba,24973.0,5718971269.0,1108156017.0,0.0,0.0,226465.0,7723424.0,6827127302.0,3122488.0
Middle_East,JOR,Jordan,JO-AT,Al-Tafilah,11757.0,3072013633.0,585283238.0,0.0,0.0,117269.0,4029721.0,3657296874.0,1671769.0
Middle_East,JOR,Jordan,JO-AZ,Al-Zarqa,169008.0,39396209112.0,7664797087.0,0.0,0.0,1078632.0,52548636.0,47061006189.0,21717498.0
Middle_East,JOR,Jordan,JO-BA,Al-Balqa,120588.0,27232861897.0,5202216028.0,0.0,0.0,1145945.0,36945084.0,32435077932.0,14350697.0
Middle_East,JOR,Jordan,JO-IR,Irbid,252068.0,54598783119.0,10720211458.0,0.0,0.0,2154086.0,74009430.0,65318994587.0,30621119.0
Middle_East,JOR,Jordan,JO-JA,Jerash,30745.0,7286171266.0,1404401612.0,0.0,0.0,284766.0,9677492.0,8690572886.0,4063937.0
Middle_East,JOR,Jordan,JO-KA,Al-Karak,42714.0,9733574641.0,1890111539.0,0.0,0.0,383022.0,13094707.0,11623686167.0,5329731.0
Middle_East,JOR,Jordan,JO-MA,Al-Mafraq,72392.0,17075512229.0,3305725468.0,0.0,0.0,662127.0,22741237.0,20381237704.0,9511018.0
Middle_East,JOR,Jordan,JO-MD,Madaba,25717.0,5833083442.0,1131582587.0,0.0,0.0,233004.0,7893409.0,6964666029.0,3140907.0
Middle_East,JOR,Jordan,JO-MN,Ma'an,18901.0,4395619035.0,849065986.0,0.0,0.0,174272.0,5912924.0,5244685022.0,2379567.0
Middle_East,KWT,Kuwait,KW-AH,Al-Ahmadi,146788.0,19558542213.0,3595650461.0,0.0,0.0,1046362.0,33045089.0,23154192661.0,14438423.0
Middle_East,KWT,Kuwait,KW-FA,Al-Farwaniya,134823.0,19887270107.0,3681515098.0,0.0,0.0,1225091.0,33346163.0,23568785210.0,14984854.0
Middle_East,KWT,Kuwait,KW-HA,Hawalli,154300.0,25175356434.0,4579221639.0,0.0,0.0,1086055.0,42287223.0,29754578073.0,18232016.0
Middle_East,KWT,Kuwait,KW-JA,Al-Jahra,113837.0,12953965014.0,2388308507.0,0.0,0.0,725291.0,21790289.0,15342273529.0,9616142.0
Middle_East,KWT,Kuwait,KW-KU,Al-Asimah,112149.0,14855992376.0,2693199190.0,0.0,0.0,630242.0,24918539.0,17549191571.0,10598222.0
Middle_East,KWT,Kuwait,KW-MU,Mubarak Al-Kabeer,76645.0,10598381835.0,1923449837.0,0.0,0.0,313034.0,17741596.0,12521831664.0,7580300.0
Middle_East,LBN,Lebanon,LB-AK,Akkar,44667.0,13733666989.0,2733548172.0,0.0,0.0,460557.0,16225192.0,16467215164.0,6451987.0
Middle_East,LBN,Lebanon,LB-AS,North Lebanon,61283.0,21701773244.0,4281402486.0,0.0,0.0,718422.0,25353605.0,25983175719.0,10347996.0
Middle_East,LBN,Lebanon,LB-BA,Beirut,51486.0,14244292044.0,2862196397.0,0.0,0.0,588685.0,16786625.0,17106488466.0,6917512.0
Middle_East,LBN,Lebanon,LB-BH,Baalbek-Al Hermel,47867.0,15542835053.0,3009518388.0,0.0,0.0,383226.0,18293402.0,18552353430.0,7046684.0
Middle_East,LBN,Lebanon,LB-BI,Beqaa,48333.0,16811991998.0,3301176286.0,0.0,0.0,404405.0,19681684.0,20113168263.0,7735106.0
Middle_East,LBN,Lebanon,LB-JA,South Lebanon,62658.0,21030358058.0,4142551411.0,0.0,0.0,690821.0,24672827.0,25172909454.0,9831950.0
Middle_East,LBN,Lebanon,LB-JL,Mount Lebanon,153241.0,48342088790.0,9621196660.0,0.0,0.0,1717179.0,56668101.0,57963285465.0,23343114.0
Middle_East,LBN,Lebanon,LB-KJ,Keserwan-Jbeil,47298.0,13232937705.0,2639486384.0,0.0,0.0,486745.0,15649180.0,15872424083.0,6211639.0
Middle_East,LBN,Lebanon,LB-NA,Al-Nabatieh,61319.0,20675605835.0,3991350396.0,0.0,0.0,399381.0,24276656.0,24666956231.0,9219211.0
Middle_East,OMN,Oman,OM-BJ,Al-Batinah South,106360.0,8627293934.0,1561802543.0,0.0,0.0,593422.0,19298914.0,10189096489.0,7907880.0
Middle_East,OMN,Oman,OM-BS,Al-Batinah North,187198.0,14128108613.0,2550532447.0,0.0,0.0,1003738.0,31590006.0,16678641063.0,12967017.0
Middle_East,OMN,Oman,OM-BU,Al-Buraimi,73329.0,5670996209.0,1046684001.0,0.0,0.0,166579.0,12712914.0,6717680210.0,5490729.0
Middle_East,OMN,Oman,OM-DA,Al-Dakhiliyah,264408.0,20506128333.0,3781198322.0,0.0,0.0,602735.0,46037520.0,24287326633.0,19815828.0
Middle_East,OMN,Oman,OM-MA,Muscat,171569.0,20081997657.0,3569553567.0,0.0,0.0,1553006.0,44748757.0,23651551225.0,17965691.0
Middle_East,OMN,Oman,OM-MU,Musandam,25763.0,1922355647.0,361540401.0,0.0,0.0,57156.0,4337676.0,2283896040.0,1892197.0
Middle_East,OMN,Oman,OM-SJ,Al-Sharqiyah South,110899.0,8414982119.0,1553000295.0,0.0,0.0,377454.0,18805018.0,9967982427.0,8030009.0
Middle_East,OMN,Oman,OM-SS,Al-Sharqiyah North,98206.0,7046203573.0,1303327726.0,0.0,0.0,338507.0,15760098.0,8349531293.0,6826798.0
Middle_East,OMN,Oman,OM-WU,Al-Wusta,111530.0,6104174412.0,1178082296.0,0.0,0.0,51736.0,14125492.0,7282256708.0,6569868.0
Middle_East,OMN,Oman,OM-ZA,Al-Dhahirah,98429.0,6962041262.0,1299440147.0,0.0,0.0,221492.0,15722829.0,8261481415.0,6899492.0
Middle_East,OMN,Oman,OM-ZU,Dhofar,120211.0,10802809533.0,1977034800.0,0.0,0.0,528858.0,24278002.0,12779844343.0,10341562.0
Middle_East,PSE,Palestine,PS-BTH,Bethlehem,31940.0,7099497810.0,1332582293.0,0.0,0.0,250112.0,11842374.0,8432080172.0,4595985.0
Middle_East,PSE,Palestine,PS-DEB,Deir Al-Balah,32716.0,6372285373.0,1142608171.0,0.0,0.0,334886.0,10798826.0,7514893542.0,4297374.0
Middle_East,PSE,Palestine,PS-GZA,Gaza,52648.0,15467227545.0,2786484847.0,0.0,0.0,774202.0,25711420.0,18253712377.0,10364808.0
Middle_East,PSE,Palestine,PS-HBN,Hebron,104052.0,19998608972.0,3714655940.0,0.0,0.0,849284.0,33150332.0,23713265024.0,12925851.0
Middle_East,PSE,Palestine,PS-JEM,Jerusalem,51796.0,12435927173.0,2299578482.0,0.0,0.0,203326.0,20852801.0,14735505637.0,8139698.0
Middle_East,PSE,Palestine,PS-JEN,Jenin,53365.0,9292542620.0,1698495228.0,0.0,0.0,357804.0,15619307.0,10991037850.0,6181168.0
Middle_East,PSE,Palestine,PS-JRH,Jericho,8811.0,1234714563.0,226555988.0,0.0,0.0,58714.0,2117063.0,1461270542.0,831579.0
Middle_East,PSE,Palestine,PS-KYS,Khan Yunis,46595.0,9331684137.0,1673645096.0,0.0,0.0,462167.0,15601363.0,11005329178.0,6209064.0
Middle_East,PSE,Palestine,PS-NBS,Nablus,53239.0,10667741126.0,1995440364.0,0.0,0.0,441049.0,17910685.0,12663181494.0,7040197.0
Middle_East,PSE,Palestine,PS-NGZ,North Gaza,37032.0,9017402365.0,1620196200.0,0.0,0.0,455644.0,15092991.0,10637598483.0,6036652.0
Middle_East,PSE,Palestine,PS-QQA,Qalqilya,14497.0,2959770263.0,540892518.0,0.0,0.0,113609.0,4955080.0,3500662809.0,1975706.0
Middle_East,PSE,Palestine,PS-RBH,Ramallah and Al-Bireh,47807.0,9960358291.0,1858620463.0,0.0,0.0,364689.0,16772033.0,11818978575.0,6569044.0
Middle_East,PSE,Palestine,PS-RFH,Rafah,30381.0,6060632200.0,1086120834.0,0.0,0.0,291851.0,10156589.0,7146753024.0,4051750.0
Middle_East,PSE,Palestine,PS-SLT,Salfit,16589.0,2839488668.0,525017184.0,0.0,0.0,97446.0,4743271.0,3364505881.0,1844570.0
Middle_East,PSE,Palestine,PS-TBS,Tubas,10510.0,1832019130.0,333413039.0,0.0,0.0,71236.0,3085987.0,2165432188.0,1217387.0
Middle_East,PSE,Palestine,PS-TKM,Tulkarm,28134.0,5268353294.0,969218899.0,0.0,0.0,203789.0,8803341.0,6237572308.0,3473888.0
Middle_East,QAT,Qatar,QA-DA,Al-Dawha,102929.0,56459074315.0,10707040834.0,0.0,0.0,932601.0,47872701.0,67166115108.0,20245698.0
Middle_East,QAT,Qatar,QA-KH,Al-Khor and Al-Thakhira,24598.0,6654874214.0,1277869989.0,0.0,0.0,154465.0,5733236.0,7932744193.0,2441858.0
Middle_East,QAT,Qatar,QA-MS,Al-Shamal,2886.0,505346994.0,101954044.0,0.0,0.0,18277.0,456572.0,607301036.0,201126.0
Middle_East,QAT,Qatar,QA-RA,Al-Rayyan,119232.0,35103219947.0,6719592034.0,0.0,0.0,940440.0,29873010.0,41822811995.0,12675716.0
Middle_East,QAT,Qatar,QA-SH,Al-Shahaniya,23868.0,4559662916.0,942785763.0,0.0,0.0,178748.0,4129508.0,5502448668.0,1906609.0
Middle_East,QAT,Qatar,QA-US,Umm Salal,19629.0,5111271456.0,1012605942.0,0.0,0.0,162670.0,4379856.0,6123877367.0,1906295.0
Middle_East,QAT,Qatar,QA-WA,Al-Wakrah,48941.0,23610335150.0,4333773605.0,0.0,0.0,622699.0,19901491.0,27944108752.0,8128458.0
Middle_East,QAT,Qatar,QA-ZA,Al-Daayen,11873.0,3597771226.0,703272673.0,0.0,0.0,105978.0,3063830.0,4301043916.0,1314171.0
Middle_East,SAU,Saudi Arabia,SA-01,Al-Riyadh,858868.0,316185162596.0,58830330409.0,0.0,0.0,9424982.0,333281880.0,375015493015.0,142514932.0
Middle_East,SAU,Saudi Arabia,SA-02,Makkah,956126.0,337100442669.0,62387380815.0,0.0,0.0,8577028.0,359302847.0,399487823481.0,153706345.0
Middle_East,SAU,Saudi Arabia,SA-03,Al-Madinah Al-Munawwara,233918.0,80996645896.0,15013759483.0,0.0,0.0,2311948.0,86963494.0,96010405380.0,37408190.0
Middle_East,SAU,Saudi Arabia,SA-04,Al-Sharkiya,431914.0,163009619707.0,30316603395.0,0.0,0.0,5577935.0,170556503.0,193326223119.0,72924284.0
Middle_East,SAU,Saudi Arabia,SA-05,Al-Qassim,151958.0,53208193313.0,9907367662.0,0.0,0.0,1381854.0,56980049.0,63115560969.0,24534875.0
Middle_East,SAU,Saudi Arabia,SA-06,Ha’il,76016.0,25362989056.0,4750194653.0,0.0,0.0,828250.0,27664028.0,30113183689.0,12044358.0
Middle_East,SAU,Saudi Arabia,SA-07,Tabuk,99639.0,34778465309.0,6469257346.0,0.0,0.0,924470.0,37242788.0,41247722665.0,16008884.0
Middle_East,SAU,Saudi Arabia,SA-08,Al-Hudud Al-Shamaliya,31673.0,11306904840.0,2138274701.0,0.0,0.0,401707.0,12102438.0,13445179534.0,5270338.0
Middle_East,SAU,Saudi Arabia,SA-09,Jizan,166226.0,53714749271.0,10098777672.0,0.0,0.0,1437277.0,59793748.0,63813526925.0,26463760.0
Middle_East,SAU,Saudi Arabia,SA-10,Najran,69767.0,22040402607.0,4155540508.0,0.0,0.0,633967.0,24516735.0,26195943122.0,10736596.0
Middle_East,SAU,Saudi Arabia,SA-11,Al-Bahah,52687.0,19667284099.0,3645046166.0,0.0,0.0,301766.0,20592380.0,23312330261.0,8765289.0
Middle_East,SAU,Saudi Arabia,SA-12,Al-Jawf,52358.0,18410416286.0,3452384275.0,0.0,0.0,662626.0,19723176.0,21862800578.0,8521346.0
Middle_East,SAU,Saudi Arabia,SA-14,Aseer,244842.0,87522309197.0,16271424932.0,0.0,0.0,2102506.0,93350494.0,103793734103.0,40113478.0
Middle_East,SYR,Syria,SY-DI,Damascus,96003.0,21609249657.0,4013708560.0,0.0,0.0,2486993.0,79619046.0,25622958222.0,32349302.0
Middle_East,SYR,Syria,SY-DR,Daraa,149249.0,4732804840.0,969399023.0,0.0,0.0,1039857.0,21165113.0,5702203862.0,8935098.0
Middle_East,SYR,Syria,SY-DY,Deir Al-Zor,185417.0,5004279441.0,1098274686.0,0.0,0.0,1388781.0,23598935.0,6102554130.0,9460606.0
Middle_East,SYR,Syria,SY-HA,Al-Hasaka,266756.0,8420727526.0,1879588957.0,0.0,0.0,1924873.0,39257454.0,10300316477.0,10856322.0
Middle_East,SYR,Syria,SY-HI,Homs,264666.0,11722471136.0,2327611080.0,0.0,0.0,1944354.0,51086267.0,14050082223.0,21598476.0
Middle_East,SYR,Syria,SY-HL,Aleppo,775233.0,31410897999.0,7136266435.0,0.0,0.0,4597108.0,134567260.0,38547164436.0,53274867.0
Middle_East,SYR,Syria,SY-HM,Hama,271985.0,13974953597.0,2845468057.0,0.0,0.0,2443706.0,59025438.0,16820421656.0,26616206.0
Middle_East,SYR,Syria,SY-ID,Idlib,623845.0,14091101800.0,3447422613.0,0.0,0.0,1764500.0,71298842.0,17538524415.0,30062261.0
Middle_East,SYR,Syria,SY-LA,Latakia,217205.0,13253697670.0,2626034943.0,0.0,0.0,1534019.0,54025082.0,15879732606.0,23594069.0
Middle_East,SYR,Syria,SY-QU,Quneitra,29658.0,492725900.0,103666077.0,0.0,0.0,98688.0,2683220.0,596391977.0,1119936.0
Middle_East,SYR,Syria,SY-RA,Al-Raqqa,142916.0,5091682441.0,1120881621.0,0.0,0.0,1049952.0,22766630.0,6212564060.0,9339808.0
Middle_East,SYR,Syria,SY-RD,Rif Dimashq,371700.0,29973187451.0,5783402553.0,0.0,0.0,3656119.0,120640978.0,35756590017.0,51733202.0
Middle_East,SYR,Syria,SY-SU,Al-Suwayda,87514.0,4361108041.0,848391280.0,0.0,0.0,629253.0,18188611.0,5209499329.0,7471870.0
Middle_East,SYR,Syria,SY-TA,Tartus,232611.0,8291641849.0,1635682071.0,0.0,0.0,1060742.0,35770572.0,9927323913.0,14393934.0
Middle_East,YEM,Yemen,YE-AB,Abyan,116734.0,3069858517.0,708063306.0,0.0,0.0,860557.0,15125046.0,3777921830.0,5678671.0
Middle_East,YEM,Yemen,YE-AD,Aden,213768.0,5756926937.0,1311723290.0,0.0,0.0,1349065.0,28007407.0,7068650226.0,10582539.0
Middle_East,YEM,Yemen,YE-AM,Amran,173357.0,5067966070.0,1177996509.0,0.0,0.0,1522628.0,23490126.0,6245962580.0,9224705.0
Middle_East,YEM,Yemen,YE-BA,Al-Bayda,137223.0,3870435054.0,894746209.0,0.0,0.0,1137610.0,18312920.0,4765181262.0,7106307.0
Middle_East,YEM,Yemen,YE-DA,Dhale,136130.0,3701722627.0,850178541.0,0.0,0.0,1068409.0,17898826.0,4551901164.0,6857736.0
Middle_East,YEM,Yemen,YE-DH,Dhamar,415788.0,11348718132.0,2605222785.0,0.0,0.0,2821160.0,54713470.0,13953940920.0,20931831.0
Middle_East,YEM,Yemen,YE-HD,Hadramaut,291268.0,7768698157.0,1787668721.0,0.0,0.0,2124235.0,37970296.0,9556366890.0,14434731.0
Middle_East,YEM,Yemen,YE-HJ,Hajjah,370491.0,9244490824.0,2156768421.0,0.0,0.0,2917548.0,47357281.0,11401259254.0,16120608.0
Middle_East,YEM,Yemen,YE-HU,Al-Hudaydah,852384.0,18804490623.0,4335408871.0,0.0,0.0,5027987.0,104256197.0,23139899484.0,31808050.0
Middle_East,YEM,Yemen,YE-IB,Ibb,609735.0,16927558198.0,3885812466.0,0.0,0.0,4258614.0,81094322.0,20813370649.0,31268108.0
Middle_East,YEM,Yemen,YE-JA,Al-Jawf,89850.0,2571517376.0,604497998.0,0.0,0.0,546149.0,12060423.0,3176015375.0,4810332.0
Middle_East,YEM,Yemen,YE-LA,Lahij,232119.0,6249465408.0,1437051520.0,0.0,0.0,1476302.0,30339313.0,7686516930.0,11480413.0
Middle_East,YEM,Yemen,YE-MA,Ma'rib,58612.0,1616839105.0,374531369.0,0.0,0.0,503536.0,7787006.0,1991370483.0,2968288.0
Middle_East,YEM,Yemen,YE-MR,Al-Mahrah,30710.0,711866095.0,164134174.0,0.0,0.0,217324.0,3807273.0,876000274.0,1454786.0
Middle_East,YEM,Yemen,YE-MW,Al-Mahwit,136224.0,3724854367.0,857121955.0,0.0,0.0,1039385.0,17951168.0,4581976336.0,6832989.0
Middle_East,YEM,Yemen,YE-RA,Raymah,107693.0,3076693985.0,714131281.0,0.0,0.0,839234.0,14427791.0,3790825254.0,5633188.0
Middle_East,YEM,Yemen,YE-SA,Amanat Al-Asimah,614368.0,16844508371.0,3839538644.0,0.0,0.0,4224886.0,81382909.0,20684047019.0,31347474.0
Middle_East,YEM,Yemen,YE-SD,Sa'ada,219176.0,5732014204.0,1312612887.0,0.0,0.0,1910126.0,28383928.0,7044627089.0,10687350.0
Middle_East,YEM,Yemen,YE-SH,Shabwah,105820.0,2976393418.0,689714331.0,0.0,0.0,944227.0,14147914.0,3666107758.0,5486974.0
Middle_East,YEM,Yemen,YE-SN,Sana'a,265630.0,7133022579.0,1636085004.0,0.0,0.0,2139234.0,34654308.0,8769107597.0,13177670.0
Middle_East,YEM,Yemen,YE-SU,Socotra,12522.0,283058614.0,63310859.0,0.0,0.0,95655.0,1527340.0,346369469.0,548782.0
Middle_East,YEM,Yemen,YE-TA,Ta'izz,752528.0,20289228752.0,4635978077.0,0.0,0.0,4750008.0,99075658.0,24925206829.0,37566158.0
North_America,CAN,Canada,CA-AB,Alberta,1333717.0,382560271935.0,94430397026.0,0.0,0.0,4415515.0,201037643.0,476990656040.0,56755380.0
North_America,CAN,Canada,CA-BC,British Columbia,1321302.0,520359026016.0,125596784153.0,0.0,0.0,5526669.0,268330548.0,645955823059.0,79720952.0
North_America,CAN,Canada,CA-MB,Manitoba,451708.0,112086959226.0,27959702426.0,0.0,0.0,1408041.0,62298906.0,140046658406.0,17654035.0
North_America,CAN,Canada,CA-NB,New Brunswick,310526.0,78141346082.0,19525958965.0,0.0,0.0,806545.0,43140952.0,97667310330.0,11624628.0
North_America,CAN,Canada,CA-NL,Newfoundland and Labrador,208453.0,37427026722.0,9329813776.0,0.0,0.0,530772.0,20421866.0,46756838917.0,5667729.0
North_America,CAN,Canada,CA-NS,Nova Scotia,369377.0,92206192225.0,22845271755.0,0.0,0.0,1044981.0,50519741.0,115051472616.0,13711794.0
North_America,CAN,Canada,CA-NT,Northwest Territories,11532.0,4308399508.0,1070880655.0,0.0,0.0,38718.0,2248103.0,5379279862.0,642092.0
North_America,CAN,Canada,CA-NU,Nunavut,6230.0,2150298031.0,540575803.0,0.0,0.0,32164.0,1248173.0,2690873862.0,252552.0
North_America,CAN,Canada,CA-ON,Ontario,3926059.0,1054708758083.0,262715186897.0,0.0,0.0,15615571.0,571344191.0,1317423972718.0,179438002.0
North_America,CAN,Canada,CA-PE,Prince Edward Island,61402.0,19493484606.0,4783945045.0,0.0,0.0,161987.0,10687323.0,24277425821.0,2883305.0
North_America,CAN,Canada,CA-QC,Quebec,2365656.0,825253022176.0,201716731096.0,0.0,0.0,9272193.0,451503185.0,1026969743642.0,119328750.0
North_America,CAN,Canada,CA-SK,Saskatchewan,445299.0,145121431183.0,35854194991.0,0.0,0.0,1159186.0,75769099.0,180975619723.0,20840377.0
North_America,CAN,Canada,CA-YT,Yukon,13108.0,4947372082.0,1220087327.0,0.0,0.0,36222.0,2579484.0,6167459174.0,732470.0
North_America,MEX,Mexico,MX-AGU,Aguascalientes,233620.0,50050674268.0,10080491381.0,0.0,0.0,1504395.0,67912356.0,60131165657.0,22851066.0
North_America,MEX,Mexico,MX-BCN,Baja California,642658.0,139227488761.0,28077691720.0,0.0,0.0,4060435.0,188399080.0,167305180447.0,56473365.0
North_America,MEX,Mexico,MX-BCS,Baja California Sur,159848.0,30982259513.0,6232494776.0,0.0,0.0,880751.0,42418742.0,37214754275.0,13739415.0
North_America,MEX,Mexico,MX-CAM,Campeche,193228.0,28100594037.0,5801457343.0,0.0,0.0,915646.0,39119876.0,33902051387.0,12365540.0
North_America,MEX,Mexico,MX-CHH,Chihuahua,688201.0,134394871489.0,26182270240.0,0.0,0.0,3962066.0,186500784.0,160577141693.0,62521643.0
North_America,MEX,Mexico,MX-CHP,Chiapas,1166547.0,137142791139.0,28979422484.0,0.0,0.0,5366247.0,198396822.0,166122213534.0,63117165.0
North_America,MEX,Mexico,MX-CMX,Ciudad de México,708774.0,449157531831.0,86192829055.0,0.0,0.0,9135483.0,516127652.0,535350360840.0,160935650.0
North_America,MEX,Mexico,MX-COA,Coahuila de Zaragoza,581836.0,106870212617.0,21371182228.0,0.0,0.0,3373466.0,148040373.0,128241394826.0,50507751.0
North_America,MEX,Mexico,MX-COL,Colima,141044.0,29005321963.0,5803017761.0,0.0,0.0,749740.0,39349238.0,34808339708.0,13255206.0
North_America,MEX,Mexico,MX-DUR,Durango,446685.0,49069139043.0,9910652318.0,0.0,0.0,1874284.0,73084225.0,58979791328.0,25732765.0
North_America,MEX,Mexico,MX-GRO,Guerrero,869396.0,108599290302.0,22690949566.0,0.0,0.0,3310570.0,156533717.0,131290239894.0,52598634.0
North_America,MEX,Mexico,MX-GUA,Guanajuato,1126932.0,197334509023.0,40309587755.0,0.0,0.0,6321011.0,271226279.0,237644096748.0,93088452.0
North_America,MEX,Mexico,MX-HID,Hidalgo,762136.0,108592102607.0,22354190058.0,0.0,0.0,3083856.0,152394542.0,130946292457.0,52761993.0
North_America,MEX,Mexico,MX-JAL,Jalisco,1387128.0,301602008422.0,60040597725.0,0.0,0.0,8672565.0,410173264.0,361642606124.0,138387500.0
North_America,MEX,Mexico,MX-MEX,México,2591283.0,563683470364.0,113615359525.0,0.0,0.0,17325547.0,765247410.0,677298829698.0,261863782.0
North_America,MEX,Mexico,MX-MIC,Michoacán de Ocampo,1086236.0,160773227652.0,33441531787.0,0.0,0.0,4784831.0,226765044.0,194214759255.0,78115791.0
North_America,MEX,Mexico,MX-MOR,Morelos,406519.0,79889727316.0,16134565774.0,0.0,0.0,1980339.0,109591658.0,96024293012.0,37578859.0
North_America,MEX,Mexico,MX-NAY,Nayarit,304967.0,43321986306.0,8755798086.0,0.0,0.0,1276705.0,61073184.0,52077784417.0,21072293.0
North_America,MEX,Mexico,MX-NLE,Nuevo León,938248.0,216337539472.0,42827942565.0,0.0,0.0,6370173.0,292670180.0,259165481977.0,97318101.0
North_America,MEX,Mexico,MX-OAX,Oaxaca,1196181.0,133607144469.0,29195618877.0,0.0,0.0,3968430.0,193463066.0,162802763056.0,66085611.0
North_America,MEX,Mexico,MX-PUE,Puebla,1285812.0,228264170384.0,47657404071.0,0.0,0.0,6697087.0,313739617.0,275921574181.0,107339024.0
North_America,MEX,Mexico,MX-QUE,Querétaro,414686.0,89413312858.0,17914183591.0,0.0,0.0,2562730.0,120824406.0,107327496490.0,40306349.0
North_America,MEX,Mexico,MX-ROO,Quintana Roo,430229.0,69119704362.0,13916931453.0,0.0,0.0,2086765.0,96380054.0,83036635778.0,31966921.0
North_America,MEX,Mexico,MX-SIN,Sinaloa,580248.0,98055925303.0,19548168209.0,0.0,0.0,3110177.0,135161380.0,117604093495.0,45538898.0
North_America,MEX,Mexico,MX-SLP,San Luis Potosí,618814.0,87048994117.0,17780378416.0,0.0,0.0,2870379.0,122416604.0,104829372510.0,40964354.0
North_America,MEX,Mexico,MX-SON,Sonora,583964.0,100249013232.0,20015141310.0,0.0,0.0,3084309.0,138450628.0,120264154440.0,46156346.0
North_America,MEX,Mexico,MX-TAB,Tabasco,565963.0,66041610119.0,13771280226.0,0.0,0.0,2359093.0,93963228.0,79812890371.0,31602467.0
North_America,MEX,Mexico,MX-TAM,Tamaulipas,711929.0,126090302252.0,25420406302.0,0.0,0.0,3705131.0,174644804.0,151510708527.0,58016577.0
North_America,MEX,Mexico,MX-TLA,Tlaxcala,293031.0,46202448076.0,9929332977.0,0.0,0.0,1382181.0,64228008.0,56131781043.0,23223360.0
North_America,MEX,Mexico,MX-VER,Veracruz de Ignacio de la Llave,1711572.0,253206628178.0,51974909003.0,0.0,0.0,7595331.0,353827042.0,305181537147.0,114943530.0
North_America,MEX,Mexico,MX-YUC,Yucatán,574024.0,87732732829.0,18481141336.0,0.0,0.0,2493493.0,121615405.0,106213874184.0,41810534.0
North_America,MEX,Mexico,MX-ZAC,Zacatecas,447522.0,45620518101.0,9207734878.0,0.0,0.0,1646419.0,68811318.0,54828252951.0,24964307.0
North_America,USA,United States,US-AK,Alaska,271918.0,180235246010.0,116841561984.0,142797004928.0,37438237914.0,713201.0,73820741.0,297076808018.0,14054686.0
North_America,USA,United States,US-AL,Alabama,2120166.0,939997694745.0,643967387554.0,740732996517.0,199264681848.0,5047601.0,532394362.0,1583965082277.0,157849754.0
North_America,USA,United States,US-AR,Arkansas,1302394.0,515178124154.0,350834715921.0,405152567069.0,110025548266.0,3143367.0,316343076.0,866012840113.0,87331612.0
North_America,USA,United States,US-AZ,Arizona,2854512.0,1258525669724.0,805520120111.0,992082382226.0,266443262235.0,7445280.0,683972233.0,2064045789837.0,151575049.0
North_America,USA,United States,US-CA,California,11477945.0,7080952161165.0,4703058729334.0,5612095950039.0,1468856080400.0,37658434.0,2855308003.0,11784010890511.0,556523186.0
North_America,USA,United States,US-CO,Colorado,2173691.0,1057477228049.0,675351577135.0,831984111916.0,225493094755.0,5758391.0,510297530.0,1732828805169.0,111543435.0
North_America,USA,United States,US-CT,Connecticut,1116888.0,710237320503.0,466308429466.0,560417077699.0,149820228927.0,3611164.0,296419877.0,1176545749981.0,61808006.0
North_America,USA,United States,US-DC,District of Columbia,139978.0,341407957872.0,250382094280.0,280190409076.0,61217549679.0,56363.0,146296141.0,591790052146.0,51507008.0
North_America,USA,United States,US-DE,Delaware,397095.0,227387264663.0,147068639787.0,178344621728.0,49042638506.0,1009241.0,101043685.0,374455904445.0,21375084.0
North_America,USA,United States,US-FL,Florida,8234006.0,3335898499289.0,2120073979385.0,2627337782710.0,708560650418.0,22302603.0,1886429680.0,5455972478685.0,457322150.0
North_America,USA,United States,US-GA,Georgia,4006941.0,2016415268971.0,1337208252865.0,1586888019737.0,429527210915.0,10857254.0,1073090366.0,3353623521816.0,257843383.0
North_America,USA,United States,US-HI,Hawaii,334006.0,234283259704.0,147886768551.0,188085728912.0,46197526748.0,1324391.0,92398969.0,382170028277.0,21132126.0
North_America,USA,United States,US-IA,Iowa,1657567.0,777647373431.0,531450562616.0,609603538056.0,168043821025.0,3264511.0,382020617.0,1309097936038.0,82343492.0
North_America,USA,United States,US-ID,Idaho,762581.0,357337660211.0,235326160364.0,279829404317.0,77508249302.0,1872542.0,184236215.0,592663820562.0,36526140.0
North_America,USA,United States,US-IL,Illinois,4296420.0,2734756853910.0,1815970224053.0,2155092646503.0,579664159181.0,12656793.0,1100839858.0,4550727077979.0,298452539.0
North_America,USA,United States,US-IN,Indiana,2786438.0,1417121472917.0,1007123127105.0,1116922108017.0,300199339337.0,1299391.0,705171356.0,2424244600014.0,174348289.0
North_America,USA,United States,US-KS,Kansas,1301807.0,637720036964.0,451572057772.0,503356915957.0,134363109675.0,3024930.0,313727796.0,1089292094733.0,65097020.0
North_America,USA,United States,US-KY,Kentucky,3776741.0,1622851793086.0,1089931304389.0,1273478580839.0,349373182987.0,9014891.0,914348682.0,2712783097490.0,206994910.0
North_America,USA,United States,US-LA,Louisiana,1798249.0,854228031821.0,545891739824.0,668941800240.0,185286215881.0,4552885.0,507805918.0,1400119771666.0,103082936.0
North_America,USA,United States,US-MA,Massachusetts,2026315.0,1259812069833.0,824089677464.0,1000698913069.0,259113133234.0,6450624.0,523281505.0,2083901747307.0,102168460.0
North_America,USA,United States,US-MD,Maryland,2096061.0,1066760022053.0,676816902996.0,838868166688.0,227891834238.0,5946295.0,507136203.0,1743576925014.0,127193763.0
North_America,USA,United States,US-ME,Maine,590397.0,282730807450.0,180560459699.0,223022078706.0,59708723183.0,1390545.0,145312038.0,463291267143.0,25995742.0
North_America,USA,United States,US-MI,Michigan,4282491.0,2109617071446.0,1420465646397.0,1656338010279.0,453279021464.0,10023387.0,1004781572.0,3530082717817.0,230910128.0
North_America,USA,United States,US-MN,Minnesota,2484549.0,1332319205674.0,898689313880.0,1046773515128.0,285545666241.0,5650905.0,571955145.0,2231008519550.0,117610857.0
North_America,USA,United States,US-MO,Missouri,2720607.0,1341896547157.0,888293347229.0,1054108448254.0,287788073817.0,6234366.0,627849185.0,2230189894386.0,150908069.0
North_America,USA,United States,US-MS,Mississippi,1275651.0,517154060279.0,357163077981.0,406610715532.0,110543335466.0,3010464.0,313615182.0,874317138265.0,64409942.0
North_America,USA,United States,US-MT,Montana,577560.0,238901004916.0,156219292932.0,187419733352.0,51481267120.0,1095546.0,124045189.0,395120297867.0,24916815.0
North_America,USA,United States,US-NC,North Carolina,4403224.0,2067647864350.0,1350279178743.0,1620931324422.0,446716498939.0,10912465.0,1063329542.0,3417927043087.0,229923547.0
North_America,USA,United States,US-ND,North Dakota,329394.0,210664908571.0,147915901727.0,166451180690.0,44213724946.0,744988.0,105385572.0,358580810297.0,23095264.0
North_America,USA,United States,US-NE,Nebraska,910156.0,422276209596.0,282168798505.0,330736027343.0,91540175059.0,383025.0,206635559.0,704445008126.0,42345456.0
North_America,USA,United States,US-NH,New Hampshire,464251.0,255802261787.0,169275828459.0,201931104030.0,53871153154.0,1366773.0,124355749.0,425078090247.0,23896562.0
North_America,USA,United States,US-NJ,New Jersey,2652969.0,1741912600973.0,1139259723112.0,1367314150721.0,374598418006.0,8991624.0,671432823.0,2881172324069.0,150841292.0
North_America,USA,United States,US-NM,New Mexico,879651.0,455979031518.0,276489598316.0,364164572089.0,91814451526.0,2102720.0,252593456.0,732468629817.0,51520457.0
North_America,USA,United States,US-NV,Nevada,1120598.0,592149829243.0,390719886508.0,467707651607.0,124442166337.0,3131000.0,271740251.0,982869715767.0,50687656.0
North_America,USA,United States,US-NY,New York,5117124.0,3389438621586.0,2168902015488.0,2722864287596.0,666574271570.0,18904903.0,1334579851.0,5558340637079.0,301967633.0
North_America,USA,United States,US-OH,Ohio,4712803.0,2370033772483.0,1645753216089.0,1865148771464.0,504884957688.0,11777723.0,1128806278.0,4015786988571.0,294036659.0
North_America,USA,United States,US-OK,Oklahoma,1667097.0,644916929465.0,439332185145.0,503819582319.0,141097334631.0,4065424.0,376667379.0,1084249114592.0,103359647.0
North_America,USA,United States,US-OR,Oregon,1649398.0,897956069409.0,594165323816.0,711837391551.0,186118661610.0,4075053.0,414742786.0,1492121393211.0,80083800.0
North_America,USA,United States,US-PA,Pennsylvania,5027293.0,2735719783440.0,1838857215060.0,2151257559745.0,584462171962.0,12786218.0,1227412434.0,4574576998530.0,345699044.0
North_America,USA,United States,US-RI,Rhode Island,342429.0,189413879500.0,125780128369.0,150228127769.0,39185748236.0,1053330.0,82781552.0,315194007864.0,16995778.0
North_America,USA,United States,US-SC,South Carolina,2145460.0,1046509096632.0,672337128215.0,824985520299.0,221523556256.0,5395989.0,550776116.0,1718846224816.0,116327935.0
North_America,USA,United States,US-SD,South Dakota,450682.0,250668801342.0,164370564180.0,195991125415.0,54677672188.0,924816.0,127422662.0,415039365503.0,25985141.0
North_America,USA,United States,US-TN,Tennessee,2794177.0,1220268544716.0,822223784542.0,957334102032.0,262934419193.0,6971212.0,676498757.0,2042492329268.0,183488079.0
North_America,USA,United States,US-TX,Texas,9715992.0,4641165279259.0,3139260049026.0,3655747705896.0,985417495516.0,29629736.0,2650770984.0,7780425328302.0,637507671.0
North_America,USA,United States,US-UT,Utah,1056579.0,487460796745.0,323743825854.0,382504638308.0,104956149783.0,3221151.0,249659358.0,811204622599.0,57843576.0
North_America,USA,United States,US-VA,Virginia,2871550.0,1502437117379.0,972650721617.0,1181344490432.0,321092598500.0,8074588.0,727396243.0,2475087839015.0,182073436.0
North_America,USA,United States,US-VT,Vermont,288356.0,158740891899.0,101876709214.0,124566438851.0,34174450144.0,638097.0,79590919.0,260617601104.0,14841258.0
North_America,USA,United States,US-WA,Washington,2720923.0,1491978790280.0,981395745753.0,1177111632400.0,314867129784.0,7535550.0,669654262.0,2473374536053.0,127730730.0
North_America,USA,United States,US-WI,Wisconsin,2126894.0,1436576655952.0,929363331425.0,1129830351096.0,306746276338.0,5824386.0,658951800.0,2365939987397.0,134643828.0
North_America,USA,United States,US-WV,West Virginia,819372.0,340233680039.0,221153118089.0,267798354410.0,72435318598.0,1862420.0,181035810.0,561386798119.0,42064198.0
North_America,USA,United States,US-WY,Wyoming,303882.0,134854236696.0,94656492099.0,107061704735.0,27792529621.0,601912.0,71972879.0,229510728806.0,15475109.0
North_Asia,MNG,Mongolia,MN-035,Orhon,15276.0,457857521.0,111925342.0,0.0,0.0,110672.0,1081315.0,569782861.0,373404.0
North_Asia,MNG,Mongolia,MN-037,Darhan uul,10789.0,421163341.0,106455806.0,0.0,0.0,107819.0,973014.0,527619151.0,366353.0
North_Asia,MNG,Mongolia,MN-039,Hentiy,16377.0,219169024.0,56329546.0,0.0,0.0,82955.0,673122.0,275498564.0,150750.0
North_Asia,MNG,Mongolia,MN-041,Hövsgöl,29170.0,390151851.0,102084054.0,0.0,0.0,137686.0,1254755.0,492235898.0,207789.0
North_Asia,MNG,Mongolia,MN-043,Hovd,17076.0,234407698.0,57550052.0,0.0,0.0,91989.0,695015.0,291957730.0,222424.0
North_Asia,MNG,Mongolia,MN-046,Uvs,16077.0,189445374.0,49035761.0,0.0,0.0,88778.0,591338.0,238481115.0,149043.0
North_Asia,MNG,Mongolia,MN-047,Töv,19950.0,241237540.0,61909163.0,0.0,0.0,95412.0,811271.0,303146697.0,200760.0
North_Asia,MNG,Mongolia,MN-049,Selenge,19675.0,360061807.0,95849369.0,0.0,0.0,110741.0,1095910.0,455911170.0,265203.0
North_Asia,MNG,Mongolia,MN-051,Sühbaatar,13456.0,173187533.0,41991531.0,0.0,0.0,67572.0,541499.0,215179022.0,140954.0
North_Asia,MNG,Mongolia,MN-053,Ömnögovĭ,15970.0,208946126.0,52046747.0,0.0,0.0,77091.0,631033.0,260992863.0,191152.0
North_Asia,MNG,Mongolia,MN-055,Övörhangay,23918.0,292193266.0,72491471.0,0.0,0.0,121243.0,914885.0,364684742.0,221008.0
North_Asia,MNG,Mongolia,MN-057,Dzavhan,16035.0,183248754.0,48180942.0,0.0,0.0,75509.0,607505.0,231429664.0,107408.0
North_Asia,MNG,Mongolia,MN-059,Dundgovĭ,10299.0,117065149.0,28784742.0,0.0,0.0,49230.0,369316.0,145849894.0,91732.0
North_Asia,MNG,Mongolia,MN-061,Dornod,14586.0,304962789.0,77438010.0,0.0,0.0,88248.0,835100.0,382400801.0,244356.0
North_Asia,MNG,Mongolia,MN-063,Dornogovĭ,11604.0,266114114.0,65202054.0,0.0,0.0,74980.0,678904.0,331316176.0,224622.0
North_Asia,MNG,Mongolia,MN-064,Govĭ-Sümber,2427.0,61856118.0,15822369.0,0.0,0.0,19223.0,159315.0,77678481.0,52898.0
North_Asia,MNG,Mongolia,MN-065,Govĭ-Altay,11453.0,136570155.0,33784123.0,0.0,0.0,59564.0,421371.0,170354277.0,114417.0
North_Asia,MNG,Mongolia,MN-067,Bulgan,14676.0,192477017.0,50021573.0,0.0,0.0,63671.0,622075.0,242498580.0,130352.0
North_Asia,MNG,Mongolia,MN-069,Bayanhongor,18398.0,221141616.0,54939513.0,0.0,0.0,93149.0,667017.0,276081116.0,171408.0
North_Asia,MNG,Mongolia,MN-071,Bayan-Ölgiy,17481.0,299327652.0,73137029.0,0.0,0.0,109190.0,942652.0,372464694.0,268372.0
North_Asia,MNG,Mongolia,MN-073,Arhangay,20653.0,234634497.0,58137040.0,0.0,0.0,98082.0,760525.0,292771516.0,167751.0
North_Asia,MNG,Mongolia,MN-1,Ulaanbaatar,193426.0,10277347297.0,2547414107.0,0.0,0.0,1694292.0,21617568.0,12824761392.0,9228202.0
North_Asia,RUS,Russia,RU-AD,Respublika Adygeya,124569.0,10708544170.0,2060218576.0,0.0,0.0,517705.0,23754919.0,12768762746.0,12109700.0
North_Asia,RUS,Russia,RU-AL,Respublika Altay,54589.0,4418310915.0,1050255877.0,0.0,0.0,211036.0,11270028.0,5468566805.0,2909966.0
North_Asia,RUS,Russia,RU-ALT,Altayskiy Kray,362913.0,49293238418.0,10443286388.0,0.0,0.0,2005084.0,105929592.0,59736524788.0,42191837.0
North_Asia,RUS,Russia,RU-AMU,Amurskaya Oblast',89373.0,16907704988.0,3630493050.0,0.0,0.0,717385.0,34229707.0,20538198017.0,12745151.0
North_Asia,RUS,Russia,RU-ARK,Arkhangel'skaya Oblast',84475.0,23371584865.0,4973644382.0,0.0,0.0,849072.0,45799578.0,28345229246.0,16681107.0
North_Asia,RUS,Russia,RU-AST,Astrakhanskaya Oblast',189114.0,25182835727.0,5415140541.0,0.0,0.0,920176.0,51403005.0,30597976265.0,24191445.0
North_Asia,RUS,Russia,RU-BA,Respublika Bashkortostan,658425.0,87302858657.0,18382844014.0,0.0,0.0,4060757.0,187553772.0,105685702679.0,73282709.0
North_Asia,RUS,Russia,RU-BEL,Belgorodskaya Oblast',290104.0,37597349556.0,7647521739.0,0.0,0.0,1523544.0,76520798.0,45244871299.0,35074095.0
North_Asia,RUS,Russia,RU-BRY,Bryanskaya Oblast',224908.0,27402685540.0,5757423887.0,0.0,0.0,1093990.0,56024094.0,33160109403.0,21877687.0
North_Asia,RUS,Russia,RU-BU,Respublika Buryatiya,166291.0,20447390613.0,4626195863.0,0.0,0.0,965383.0,45101711.0,25073586457.0,13288267.0
North_Asia,RUS,Russia,RU-CE,Chechenskaya Respublika,481481.0,35276458600.0,6432996750.0,0.0,0.0,1607217.0,79471121.0,41709455320.0,42943682.0
North_Asia,RUS,Russia,RU-CHE,Chelyabinskaya Oblast',379572.0,81900819106.0,17096526743.0,0.0,0.0,3391838.0,156165532.0,98997345857.0,68188607.0
North_Asia,RUS,Russia,RU-CHU,Chukotskiy Avtonomnyy Okrug,1486.0,919083925.0,180122309.0,0.0,0.0,42862.0,1792347.0,1099206231.0,716447.0
North_Asia,RUS,Russia,RU-CU,Chuvashskaya Respublika,193497.0,26696024287.0,5375539212.0,0.0,0.0,1136310.0,55545276.0,32071563499.0,24928687.0
North_Asia,RUS,Russia,RU-DA,Respublika Dagestan,923806.0,72220751042.0,13163739070.0,0.0,0.0,3259628.0,161689137.0,85384490144.0,87670674.0
North_Asia,RUS,Russia,RU-IN,Respublika Ingushetiya,186768.0,13627204149.0,2527252686.0,0.0,0.0,554786.0,29045621.0,16154456808.0,15714631.0
North_Asia,RUS,Russia,RU-IRK,Irkutskaya Oblast',270901.0,53428583348.0,11695267397.0,0.0,0.0,2309650.0,105297417.0,65123850779.0,37095726.0
North_Asia,RUS,Russia,RU-IVA,Ivanovskaya Oblast',133971.0,23693403646.0,5110617256.0,0.0,0.0,840957.0,45814269.0,28804020918.0,19325430.0
North_Asia,RUS,Russia,RU-KAM,Kamchatskiy Kray,15700.0,6953359636.0,1424160663.0,0.0,0.0,267422.0,12962558.0,8377520293.0,5599514.0
North_Asia,RUS,Russia,RU-KB,Kabardino-Balkarskaya Respublika,233604.0,20364364273.0,3795178544.0,0.0,0.0,925538.0,44788888.0,24159542807.0,24616990.0
North_Asia,RUS,Russia,RU-KC,Karachayevo-Cherkesskaya Respublika,126626.0,10393045979.0,1965685368.0,0.0,0.0,465021.0,23787644.0,12358731356.0,12453020.0
North_Asia,RUS,Russia,RU-KDA,Krasnodarskiy Kray,1334351.0,126824994044.0,23003749497.0,0.0,0.0,5985977.0,272017540.0,149828743540.0,142121204.0
North_Asia,RUS,Russia,RU-KEM,Kemerovskaya Oblast',307011.0,56788107036.0,11276196992.0,0.0,0.0,2524165.0,106990257.0,68064304040.0,40575669.0
North_Asia,RUS,Russia,RU-KGD,Kaliningradskaya Oblast',101353.0,26744800467.0,5671471391.0,0.0,0.0,1044319.0,50974406.0,32416271848.0,26784154.0
North_Asia,RUS,Russia,RU-KGN,Kurganskaya Oblast',126656.0,16900749686.0,3644474467.0,0.0,0.0,695047.0,36194189.0,20545224151.0,12339923.0
North_Asia,RUS,Russia,RU-KHA,Khabarovskiy Kray,101292.0,30924431214.0,6491149433.0,0.0,0.0,1249215.0,58787585.0,37415580646.0,26364352.0
North_Asia,RUS,Russia,RU-KHM,Khanty-Mansiyskiy Avtonomnyy Okrug,92142.0,38353120542.0,7877550465.0,0.0,0.0,1779275.0,69167455.0,46230670985.0,28117996.0
North_Asia,RUS,Russia,RU-KIR,Kirovskaya Oblast',129488.0,27444489111.0,5961437737.0,0.0,0.0,1044880.0,54327528.0,33405926851.0,21244994.0
North_Asia,RUS,Russia,RU-KK,Respublika Khakasiya,64362.0,11228354963.0,2388728085.0,0.0,0.0,528049.0,22907396.0,13617083071.0,8092740.0
North_Asia,RUS,Russia,RU-KL,Respublika Kalmykiya,56792.0,5559106583.0,1035332480.0,0.0,0.0,253005.0,12449934.0,6594439051.0,6694790.0
North_Asia,RUS,Russia,RU-KLU,Kaluzhskaya Oblast',105996.0,22643055556.0,4619860516.0,0.0,0.0,1084510.0,44404638.0,27262916086.0,20107133.0
North_Asia,RUS,Russia,RU-KO,Respublika Komi,62035.0,16936279340.0,3505371813.0,0.0,0.0,640381.0,33511375.0,20441651146.0,13489239.0
North_Asia,RUS,Russia,RU-KOS,Kostromskaya Oblast',71260.0,13498026322.0,2930373700.0,0.0,0.0,531248.0,27233771.0,16428400037.0,10204971.0
North_Asia,RUS,Russia,RU-KR,Respublika Kareliya,44389.0,14694654411.0,3144982020.0,0.0,0.0,460194.0,27969159.0,17839636440.0,11606836.0
North_Asia,RUS,Russia,RU-KRS,Kurskaya Oblast',191458.0,24805716077.0,5143704172.0,0.0,0.0,1051073.0,51375401.0,29949420265.0,20148499.0
North_Asia,RUS,Russia,RU-KYA,Krasnoyarskiy Kray,259469.0,64036379984.0,13699258053.0,0.0,0.0,2808682.0,124984914.0,77735638012.0,48566454.0
North_Asia,RUS,Russia,RU-LEN,Leningradskaya Oblast',163023.0,41626450356.0,8357329938.0,0.0,0.0,1925035.0,81817847.0,49983780295.0,35472498.0
North_Asia,RUS,Russia,RU-LIP,Lipetskaya Oblast',178571.0,25798438607.0,5018265588.0,0.0,0.0,1120862.0,51979573.0,30816704231.0,25990485.0
North_Asia,RUS,Russia,RU-MAG,Magadanskaya Oblast',6457.0,3217954010.0,650137699.0,0.0,0.0,122546.0,5695288.0,3868091707.0,2535172.0
North_Asia,RUS,Russia,RU-ME,Respublika Mariy El,91895.0,14613453110.0,2997252975.0,0.0,0.0,654821.0,29986126.0,17610706089.0,12775338.0
North_Asia,RUS,Russia,RU-MO,Respublika Mordoviya,126956.0,17001912468.0,3444252120.0,0.0,0.0,747703.0,35652058.0,20446164603.0,14726210.0
North_Asia,RUS,Russia,RU-MOS,Moskovskaya Oblast',582502.0,181222108852.0,36730243893.0,0.0,0.0,9178814.0,340965763.0,217952352747.0,164783056.0
North_Asia,RUS,Russia,RU-MOW,Moskva,812111.0,364198218791.0,80977732776.0,0.0,0.0,13421922.0,652576265.0,445175951579.0,334668893.0
North_Asia,RUS,Russia,RU-MUR,Murmanskaya Oblast',23949.0,16191956172.0,3159753654.0,0.0,0.0,585650.0,29058718.0,19351709834.0,13949508.0
North_Asia,RUS,Russia,RU-NEN,Nenetskiy Avtonomnyy Okrug,4602.0,868628219.0,203545230.0,0.0,0.0,40496.0,1785852.0,1072173445.0,459533.0
North_Asia,RUS,Russia,RU-NGR,Novgorodskaya Oblast',75993.0,13201109741.0,2787999918.0,0.0,0.0,550841.0,26595764.0,15989109685.0,10642710.0
North_Asia,RUS,Russia,RU-NIZ,Nizhegorodskaya Oblast',374682.0,74687170486.0,15635159314.0,0.0,0.0,2998905.0,145281151.0,90322329783.0,65068928.0
North_Asia,RUS,Russia,RU-NVS,Novosibirskaya Oblast',345462.0,71593310368.0,15696500915.0,0.0,0.0,2822742.0,138102262.0,87289811270.0,61804862.0
North_Asia,RUS,Russia,RU-OMS,Omskaya Oblast',241718.0,43695655737.0,9042659627.0,0.0,0.0,1783824.0,86392884.0,52738315361.0,37761475.0
North_Asia,RUS,Russia,RU-ORE,Orenburgskaya Oblast',314215.0,42019480235.0,8520268497.0,0.0,0.0,1751168.0,88688945.0,50539748743.0,38467891.0
North_Asia,RUS,Russia,RU-ORL,Orlovskaya Oblast',123281.0,16404043871.0,3287825887.0,0.0,0.0,666031.0,33562780.0,19691869720.0,15219761.0
North_Asia,RUS,Russia,RU-PER,Permskiy Kray,281752.0,58445066972.0,12442697012.0,0.0,0.0,3085016.0,115880409.0,70887763987.0,47614452.0
North_Asia,RUS,Russia,RU-PNZ,Penzenskaya Oblast',212117.0,28939605433.0,6086476329.0,0.0,0.0,1186231.0,59732108.0,35026081779.0,23744588.0
North_Asia,RUS,Russia,RU-PRI,Primorskiy Kray,181159.0,44965376295.0,9551749323.0,0.0,0.0,1727787.0,86813351.0,54517125580.0,38358831.0
North_Asia,RUS,Russia,RU-PSK,Pskovskaya Oblast',90734.0,14125046123.0,3006041882.0,0.0,0.0,548958.0,28622157.0,17131087982.0,11338445.0
North_Asia,RUS,Russia,RU-ROS,Rostovskaya Oblast',806437.0,93951458622.0,17372018252.0,0.0,0.0,4120829.0,191973108.0,111323476875.0,99895683.0
North_Asia,RUS,Russia,RU-RYA,Ryazanskaya Oblast',143875.0,25488003000.0,5252688561.0,0.0,0.0,1066776.0,50660785.0,30740691553.0,22642127.0
North_Asia,RUS,Russia,RU-SA,Respublika Saha,152239.0,20894709313.0,4790270280.0,0.0,0.0,991414.0,44570462.0,25684979601.0,12206578.0
North_Asia,RUS,Russia,RU-SAK,Sakhalinskaya Oblast',33295.0,11705763440.0,2463231004.0,0.0,0.0,435846.0,21695306.0,14168994424.0,9190718.0
North_Asia,RUS,Russia,RU-SAM,Samarskaya Oblast',340327.0,76634965276.0,16127241610.0,0.0,0.0,3118274.0,147347921.0,92762206884.0,67440410.0
North_Asia,RUS,Russia,RU-SAR,Saratovskaya Oblast',319317.0,53058086584.0,10802961595.0,0.0,0.0,2367863.0,105008440.0,63861048201.0,46258210.0
North_Asia,RUS,Russia,RU-SE,Respublika Severnaya Osetiya,157218.0,16262001708.0,3024605868.0,0.0,0.0,680005.0,33740837.0,19286607547.0,18238121.0
North_Asia,RUS,Russia,RU-SMO,Smolenskaya Oblast',122872.0,21477751095.0,4590834249.0,0.0,0.0,822463.0,43195470.0,26068585347.0,18200535.0
North_Asia,RUS,Russia,RU-SPE,Sankt-Peterburg,356003.0,145495094959.0,32095178584.0,0.0,0.0,5950203.0,262409103.0,177590273548.0,136507402.0
North_Asia,RUS,Russia,RU-STA,Stavropol'skiy Kray,631162.0,62981909053.0,11894369360.0,0.0,0.0,2921320.0,136583595.0,74876278435.0,73996451.0
North_Asia,RUS,Russia,RU-SVE,Sverdlovskaya Oblast',407295.0,103808357202.0,22067677814.0,0.0,0.0,4182425.0,195979465.0,125876035029.0,86432846.0
North_Asia,RUS,Russia,RU-TA,Respublika Tatarstan,548063.0,94230379130.0,19541849836.0,0.0,0.0,4062982.0,186102309.0,113772228957.0,84054771.0
North_Asia,RUS,Russia,RU-TAM,Tambovskaya Oblast',186055.0,22312803808.0,4676460585.0,0.0,0.0,912741.0,46993695.0,26989264411.0,18812404.0
North_Asia,RUS,Russia,RU-TOM,Tomskaya Oblast',97898.0,23316089687.0,5016268146.0,0.0,0.0,1063150.0,46866431.0,28332357830.0,18917486.0
North_Asia,RUS,Russia,RU-TUL,Tul'skaya Oblast',150001.0,33250488110.0,6670342460.0,0.0,0.0,1466152.0,64309536.0,39920830563.0,31256001.0
North_Asia,RUS,Russia,RU-TVE,Tverskaya Oblast',156713.0,28351241295.0,6050399529.0,0.0,0.0,1162497.0,56264567.0,34401640846.0,22441791.0
North_Asia,RUS,Russia,RU-TY,Respublika Tyva,52005.0,6265432849.0,1424997673.0,0.0,0.0,346961.0,14117183.0,7690430541.0,3500983.0
North_Asia,RUS,Russia,RU-TYU,Tyumenskaya Oblast',324930.0,85745007307.0,18160123564.0,0.0,0.0,1684768.0,164083796.0,103905130854.0,65531155.0
North_Asia,RUS,Russia,RU-UD,Udmurtskaya Respublika,210674.0,33320501303.0,7037131791.0,0.0,0.0,1407198.0,68624842.0,40357633071.0,28616203.0
North_Asia,RUS,Russia,RU-ULY,Ul'yanovskaya Oblast',155591.0,27834248500.0,5759095451.0,0.0,0.0,1137433.0,54884487.0,33593343959.0,22904278.0
North_Asia,RUS,Russia,RU-VGG,Volgogradskaya Oblast',409868.0,60952085734.0,12913012438.0,0.0,0.0,2428130.0,120336997.0,73865098161.0,53954545.0
North_Asia,RUS,Russia,RU-VLA,Vladimirskaya Oblast',138944.0,29491948906.0,6087267352.0,0.0,0.0,1287906.0,57882965.0,35579216272.0,24980041.0
North_Asia,RUS,Russia,RU-VLG,Vologodskaya Oblast',112719.0,25793750479.0,5636005449.0,0.0,0.0,1104256.0,51876738.0,31429755924.0,21405222.0
North_Asia,RUS,Russia,RU-VOR,Voronezhskaya Oblast',415216.0,53539254093.0,11331943043.0,0.0,0.0,2267007.0,111360389.0,64871197112.0,46597219.0
North_Asia,RUS,Russia,RU-YAN,Yamalo-Nenetskiy Avtonomnyy Okrug,25276.0,11122768055.0,2374148086.0,0.0,0.0,503172.0,20886922.0,13496916133.0,7567511.0
North_Asia,RUS,Russia,RU-YAR,Yaroslavskaya Oblast',113393.0,28907967358.0,6100032451.0,0.0,0.0,1165374.0,55775064.0,35007999835.0,26084647.0
North_Asia,RUS,Russia,RU-YEV,Yevreyskaya Avtonomnaya Oblast',16043.0,3410788108.0,718544564.0,0.0,0.0,134071.0,6829672.0,4129332672.0,2593489.0
North_Asia,RUS,Russia,RU-ZAB,Zabaykal'skiy Kray,148391.0,21606074000.0,4686518569.0,0.0,0.0,941546.0,45024673.0,26292592579.0,14321809.0
Oceania,ASM,American Samoa,AS-ET,Eastern,4680.0,1805286156.0,1011844964.0,1381317526.0,423968586.0,18687.0,1023333.0,2817131121.0,402806.0
Oceania,ASM,American Samoa,AS-MA,Manuʻa,507.0,197300683.0,107160531.0,150622974.0,46677708.0,981.0,112760.0,304461214.0,44405.0
Oceania,ASM,American Samoa,AS-WT,Western,8840.0,3393880968.0,1813878509.0,2615945525.0,777935396.0,24699.0,1932248.0,5207759477.0,666697.0
Oceania,AUS,Australia,AU-ACT,Australian Capital Territory,150543.0,99289561199.0,24529222939.0,0.0,0.0,467514.0,46270511.0,123818784118.0,21695796.0
Oceania,AUS,Australia,AU-NSW,New South Wales,2637112.0,1987006524381.0,330145317955.0,0.0,0.0,8314646.0,1122357115.0,2317151842048.0,280323651.0
Oceania,AUS,Australia,AU-NT,Northern Territory,72602.0,96401414264.0,18251020516.0,0.0,0.0,239961.0,43725994.0,114652434805.0,16708067.0
Oceania,AUS,Australia,AU-OT,Other Territories,102.0,65177257.0,10576386.0,0.0,0.0,324.0,37851.0,75753643.0,8964.0
Oceania,AUS,Australia,AU-QLD,Queensland,1955887.0,1589035704002.0,241207240736.0,0.0,0.0,5376530.0,852437297.0,1830242944626.0,236371072.0
Oceania,AUS,Australia,AU-SA,South Australia,772043.0,557881936553.0,112665536735.0,0.0,0.0,1876892.0,333664258.0,670547473357.0,150328087.0
Oceania,AUS,Australia,AU-TAS,Tasmania,258273.0,155089166454.0,27313990110.0,0.0,0.0,589249.0,90920128.0,182403156569.0,20542676.0
Oceania,AUS,Australia,AU-VIC,Victoria,2699224.0,1837543272430.0,318860616935.0,0.0,0.0,6820344.0,1008269577.0,2156403889153.0,258570926.0
Oceania,AUS,Australia,AU-WA,Western Australia,1041937.0,721153998868.0,125442052104.0,0.0,0.0,2785804.0,370230771.0,846596050960.0,156137283.0
Oceania,COK,Cook Islands,CK-AT,Aitutaki,1291.0,282712631.0,74166815.0,0.0,0.0,1664.0,274341.0,356879446.0,85527.0
Oceania,COK,Cook Islands,CK-AU,Atiu,267.0,61602742.0,16142468.0,0.0,0.0,354.0,58457.0,77745210.0,20256.0
Oceania,COK,Cook Islands,CK-MG,Mangaia,364.0,81625860.0,21229771.0,0.0,0.0,437.0,78357.0,102855631.0,26635.0
Oceania,COK,Cook Islands,CK-MK,Mauke,205.0,43024119.0,11085058.0,0.0,0.0,230.0,42536.0,54109177.0,12883.0
Oceania,COK,Cook Islands,CK-MN,Manihiki,157.0,31395349.0,8284224.0,0.0,0.0,0.0,32088.0,39679573.0,8047.0
Oceania,COK,Cook Islands,CK-MT,Mitiaro,126.0,27378308.0,7107695.0,0.0,0.0,144.0,26714.0,34486004.0,8141.0
Oceania,COK,Cook Islands,CK-NS,Nassau,42.0,9135916.0,2460020.0,0.0,0.0,0.0,8557.0,11595937.0,1998.0
Oceania,COK,Cook Islands,CK-PK,Pukapuka,222.0,52993006.0,14001079.0,0.0,0.0,0.0,49163.0,66994085.0,19530.0
Oceania,COK,Cook Islands,CK-PL,Palmerston,17.0,4107745.0,1026936.0,0.0,0.0,0.0,3877.0,5134681.0,1472.0
Oceania,COK,Cook Islands,CK-PN,Penrhyn,139.0,32118489.0,8368185.0,0.0,0.0,216.0,30095.0,40486674.0,10672.0
Oceania,COK,Cook Islands,CK-RK,Rakahanga,53.0,11252404.0,2963993.0,0.0,0.0,0.0,11119.0,14216400.0,3528.0
Oceania,COK,Cook Islands,CK-RT,Rarotonga,8142.0,1775468785.0,462694900.0,0.0,0.0,10216.0,1719091.0,2238163684.0,536747.0
Oceania,FJI,Fiji,FJ-C,Central,110529.0,8897697735.0,1718220939.0,0.0,0.0,423626.0,9074400.0,10615918682.0,2884672.0
Oceania,FJI,Fiji,FJ-E,Eastern,8292.0,369483250.0,78797924.0,0.0,0.0,33352.0,583398.0,448281169.0,155869.0
Oceania,FJI,Fiji,FJ-N,Northern,28453.0,929960912.0,214015059.0,0.0,0.0,120699.0,1928584.0,1143975971.0,404133.0
Oceania,FJI,Fiji,FJ-R,Rotuma,391.0,27360240.0,5348522.0,0.0,0.0,938.0,30226.0,32708763.0,10346.0
Oceania,FJI,Fiji,FJ-W,Western,79864.0,5079623629.0,1011173881.0,0.0,0.0,354538.0,5910057.0,6090797505.0,1945292.0
Oceania,FSM,Federated States of Micronesia,FM-KSA,Kosrae,2135.0,141561813.0,36198500.0,0.0,0.0,6791.0,123190.0,177760313.0,43644.0
Oceania,FSM,Federated States of Micronesia,FM-PNI,Pohnpei,11633.0,694523163.0,177391234.0,0.0,0.0,37154.0,652100.0,871914397.0,197769.0
Oceania,FSM,Federated States of Micronesia,FM-TRK,Chuuk,13407.0,794207775.0,203739288.0,0.0,0.0,49942.0,766170.0,997947063.0,218276.0
Oceania,FSM,Federated States of Micronesia,FM-YAP,Yap,4294.0,214586150.0,54947683.0,0.0,0.0,11676.0,224770.0,269533833.0,51661.0
Oceania,GUM,Guam,GU-AH,Agana Heights,840.0,472291669.0,244089515.0,365870406.0,106421244.0,3643.0,265251.0,716381183.0,87592.0
Oceania,GUM,Guam,GU-AN,Hagåtña,360.0,438059825.0,459684273.0,357792373.0,80267440.0,208.0,191810.0,897744100.0,96249.0
Oceania,GUM,Guam,GU-AS,Asan-Maina,705.0,381578200.0,220609949.0,294200577.0,87377607.0,1789.0,214410.0,602188151.0,72650.0
Oceania,GUM,Guam,GU-AT,Hågat,1064.0,536644119.0,294687835.0,412474550.0,124169547.0,4780.0,304036.0,831331953.0,103134.0
Oceania,GUM,Guam,GU-BA,Barrigada,2334.0,1449536461.0,802782151.0,1116638854.0,332897553.0,7843.0,825724.0,2252318613.0,272558.0
Oceania,GUM,Guam,GU-CP,Chalan Pago-Ordot,1595.0,813091156.0,425429222.0,624695613.0,188395529.0,6094.0,462547.0,1238520377.0,151756.0
Oceania,GUM,Guam,GU-DD,Dededo,10203.0,5042921369.0,2761527315.0,3879681152.0,1163240100.0,41790.0,2865045.0,7804448684.0,941714.0
Oceania,GUM,Guam,GU-IN,Inalåhan,722.0,319915760.0,173269142.0,247721263.0,72194481.0,2088.0,178426.0,493184902.0,59273.0
Oceania,GUM,Guam,GU-MA,Mangilao,3175.0,1700869175.0,943606960.0,1326856112.0,374013014.0,12497.0,923919.0,2644476143.0,307471.0
Oceania,GUM,Guam,GU-ME,Malesso',416.0,170593778.0,97727219.0,131870975.0,38722795.0,1725.0,94984.0,268320997.0,33126.0
Oceania,GUM,Guam,GU-MT,Mongmong-Toto-Maite,1135.0,977273209.0,644790296.0,799246274.0,178026915.0,2237.0,434703.0,1622063505.0,165619.0
Oceania,GUM,Guam,GU-PI,Piti,685.0,489835154.0,508871587.0,394334968.0,95500178.0,1023.0,246497.0,998706744.0,105692.0
Oceania,GUM,Guam,GU-SJ,Sinajana,595.0,353776795.0,189730755.0,277823314.0,75953466.0,1547.0,185822.0,543507551.0,62990.0
Oceania,GUM,Guam,GU-SR,Sånta Rita-Sumai,1986.0,1559864068.0,1191113996.0,1251180586.0,308683441.0,2977.0,846969.0,2750978065.0,324309.0
Oceania,GUM,Guam,GU-TF,Talo'fo'fo,981.0,463343244.0,244512724.0,355996959.0,107346277.0,3077.0,264259.0,707855966.0,84451.0
Oceania,GUM,Guam,GU-TM,Tamuning,3213.0,4165679697.0,3509075655.0,3377604676.0,788074981.0,6316.0,1983740.0,7674755352.0,825604.0
Oceania,GUM,Guam,GU-UM,Humåtak,169.0,71410760.0,40229960.0,54906068.0,16504688.0,735.0,40690.0,111640721.0,13835.0
Oceania,GUM,Guam,GU-YG,Yigo,6060.0,3097986724.0,1622844875.0,2367181081.0,730805519.0,19618.0,1805692.0,4720831602.0,582432.0
Oceania,GUM,Guam,GU-YN,Yona,1818.0,900828200.0,480680145.0,695623172.0,205205004.0,6042.0,510363.0,1381508348.0,165385.0
Oceania,KIR,Kiribati,KI-G,Gilbert Islands,27464.0,1128090803.0,284008074.0,0.0,0.0,40831.0,993724.0,1412098876.0,183198.0
Oceania,KIR,Kiribati,KI-L,Line Islands,2929.0,111617185.0,28075977.0,0.0,0.0,10631.0,105452.0,139693163.0,16218.0
Oceania,KIR,Kiribati,KI-P,Phoenix Islands,26960.0,856261179.0,214065295.0,0.0,0.0,85024.0,767296.0,1070326473.0,103001.0
Oceania,MHL,Marshall Islands,MH-ALK,Ailuk,84.0,8838917.0,2234506.0,0.0,0.0,191.0,8450.0,11073424.0,3286.0
Oceania,MHL,Marshall Islands,MH-ALL,Ailinglaplap,327.0,31392393.0,7944038.0,0.0,0.0,981.0,31685.0,39336431.0,10363.0
Oceania,MHL,Marshall Islands,MH-ARN,Arno,327.0,27012372.0,7046723.0,0.0,0.0,594.0,28405.0,34059096.0,7526.0
Oceania,MHL,Marshall Islands,MH-AUR,Aur,100.0,10567526.0,2727041.0,0.0,0.0,272.0,9951.0,13294567.0,3770.0
Oceania,MHL,Marshall Islands,MH-EBO,Ebon,157.0,15580326.0,3965615.0,0.0,0.0,374.0,15182.0,19545941.0,5501.0
Oceania,MHL,Marshall Islands,MH-ENI,Enewetak & Ujelang,95.0,10922544.0,2775534.0,0.0,0.0,137.0,10366.0,13698079.0,4455.0
Oceania,MHL,Marshall Islands,MH-JAB,Jabat,27.0,2678494.0,669623.0,0.0,0.0,84.0,2616.0,3348116.0,956.0
Oceania,MHL,Marshall Islands,MH-JAL,Jaluit,304.0,29736224.0,7582083.0,0.0,0.0,497.0,30439.0,37318307.0,10606.0
Oceania,MHL,Marshall Islands,MH-KIL,Bikini & Kili,125.0,12496878.0,3166244.0,0.0,0.0,377.0,12165.0,15663121.0,4325.0
Oceania,MHL,Marshall Islands,MH-KWA,Kwajalein,2121.0,204760983.0,52734545.0,0.0,0.0,9209.0,209655.0,257495526.0,66572.0
Oceania,MHL,Marshall Islands,MH-LAE,Lae,53.0,4419605.0,1125024.0,0.0,0.0,66.0,4507.0,5544630.0,1216.0
Oceania,MHL,Marshall Islands,MH-LIB,Lib,34.0,2401202.0,620424.0,0.0,0.0,156.0,2822.0,3021626.0,458.0
Oceania,MHL,Marshall Islands,MH-LIK,Likiep,74.0,7683538.0,1962908.0,0.0,0.0,160.0,7454.0,9646448.0,2707.0
Oceania,MHL,Marshall Islands,MH-MAJ,Majuro,5712.0,659007062.0,168005437.0,0.0,0.0,20144.0,624242.0,827012498.0,261073.0
Oceania,MHL,Marshall Islands,MH-MAL,Maloelap,120.0,12484856.0,3143166.0,0.0,0.0,305.0,11896.0,15628022.0,4800.0
Oceania,MHL,Marshall Islands,MH-MEJ,Mejit,72.0,7817317.0,1981980.0,0.0,0.0,195.0,7577.0,9799297.0,3222.0
Oceania,MHL,Marshall Islands,MH-MIL,Mili,160.0,10765495.0,2801307.0,0.0,0.0,429.0,12187.0,13566802.0,3071.0
Oceania,MHL,Marshall Islands,MH-NMK,Namdrik,103.0,11003822.0,2810622.0,0.0,0.0,232.0,10453.0,13814445.0,3872.0
Oceania,MHL,Marshall Islands,MH-NMU,Namu,155.0,13260049.0,3378990.0,0.0,0.0,425.0,13739.0,16639040.0,3864.0
Oceania,MHL,Marshall Islands,MH-UJA,Ujae,76.0,7726866.0,1990989.0,0.0,0.0,296.0,7671.0,9717855.0,2535.0
Oceania,MHL,Marshall Islands,MH-UTI,Utrik,84.0,7665185.0,1938249.0,0.0,0.0,212.0,7423.0,9603435.0,2898.0
Oceania,MHL,Marshall Islands,MH-WTH,Wotho,26.0,3035467.0,758867.0,0.0,0.0,95.0,2716.0,3794334.0,1236.0
Oceania,MHL,Marshall Islands,MH-WTJ,Wotje,197.0,20785442.0,5295463.0,0.0,0.0,851.0,20619.0,26080906.0,7747.0
Oceania,MNP,Northern Mariana Islands,MP-RO,Rota,688.0,308786796.0,198887808.0,242179947.0,66606846.0,2009.0,165957.0,507674606.0,58928.0
Oceania,MNP,Northern Mariana Islands,MP-SA,Saipan,8153.0,5203835759.0,4058758369.0,4044176685.0,1159658955.0,37104.0,2795624.0,9262594128.0,1115397.0
Oceania,MNP,Northern Mariana Islands,MP-TI,Tinian,623.0,411043686.0,269828809.0,326909632.0,84134048.0,2348.0,214956.0,680872493.0,76146.0
Oceania,NCL,New Caledonia,NC-IL,Îles Loyauté,5211.0,530735098.0,102620249.0,0.0,0.0,19980.0,406955.0,633355345.0,141646.0
Oceania,NCL,New Caledonia,NC-NO,Nord,16035.0,1797884434.0,353472922.0,0.0,0.0,54030.0,1338581.0,2151357356.0,446893.0
Oceania,NCL,New Caledonia,NC-SU,Sud,48214.0,11534992222.0,2166847950.0,0.0,0.0,221326.0,6717579.0,13701840176.0,2432221.0
Oceania,NIU,Niue,NU-AN,Alofi North,148.0,26194417.0,6650791.0,0.0,0.0,265.0,18473.0,32845209.0,4503.0
Oceania,NIU,Niue,NU-AS,Alofi South,466.0,82351312.0,21097514.0,0.0,0.0,668.0,57723.0,103448826.0,13319.0
Oceania,NIU,Niue,NU-AV,Avatele,83.0,15755500.0,4166375.0,0.0,0.0,0.0,11150.0,19921875.0,2948.0
Oceania,NIU,Niue,NU-HP,Hakupu,210.0,37141120.0,9409967.0,0.0,0.0,345.0,25954.0,46551087.0,6230.0
Oceania,NIU,Niue,NU-HV,Hikutavake,54.0,8982528.0,2296257.0,0.0,0.0,77.0,6241.0,11278785.0,1379.0
Oceania,NIU,Niue,NU-LI,Liku,119.0,19963526.0,5080881.0,0.0,0.0,152.0,13840.0,25044408.0,3122.0
Oceania,NIU,Niue,NU-LP,Lakepa,89.0,15564101.0,3993213.0,0.0,0.0,136.0,10972.0,19557314.0,2537.0
Oceania,NIU,Niue,NU-MF,Makefu,43.0,7872500.0,2013125.0,0.0,0.0,0.0,5450.0,9885625.0,1413.0
Oceania,NIU,Niue,NU-MT,Mutalau,62.0,11289000.0,3027250.0,0.0,0.0,0.0,8000.0,14316250.0,1982.0
Oceania,NIU,Niue,NU-NM,Namukulu,6.0,947500.0,236875.0,0.0,0.0,0.0,650.0,1184375.0,150.0
Oceania,NIU,Niue,NU-TM,Tamakautoga,90.0,16383000.0,4229083.0,0.0,0.0,0.0,11450.0,20612083.0,2936.0
Oceania,NIU,Niue,NU-TO,Toi,25.0,4410000.0,1125000.0,0.0,0.0,0.0,3050.0,5535000.0,781.0
Oceania,NIU,Niue,NU-TP,Tuapa,62.0,11234000.0,2919333.0,0.0,0.0,0.0,7900.0,14153333.0,1973.0
Oceania,NIU,Niue,NU-VA,Vaiea,72.0,12423869.0,3213780.0,0.0,0.0,179.0,8841.0,15637649.0,1994.0
Oceania,NRU,Nauru,NR-01,Aiwo,338.0,64603603.0,16909804.0,0.0,0.0,1565.0,61748.0,81513407.0,24954.0
Oceania,NRU,Nauru,NR-02,Anabar,160.0,25800740.0,6899327.0,0.0,0.0,651.0,25667.0,32700067.0,9057.0
Oceania,NRU,Nauru,NR-03,Anetan,194.0,31306113.0,8445968.0,0.0,0.0,850.0,30854.0,39752080.0,12028.0
Oceania,NRU,Nauru,NR-04,Anibare,91.0,18571694.0,5011248.0,0.0,0.0,375.0,16826.0,23582942.0,7072.0
Oceania,NRU,Nauru,NR-05,Baitsi,139.0,23861905.0,6369768.0,0.0,0.0,528.0,23710.0,30231677.0,8445.0
Oceania,NRU,Nauru,NR-06,Boe,201.0,33074072.0,8970472.0,0.0,0.0,611.0,33281.0,42044542.0,11446.0
Oceania,NRU,Nauru,NR-07,Buada,319.0,49884981.0,13145974.0,0.0,0.0,1206.0,50945.0,63030957.0,17514.0
Oceania,NRU,Nauru,NR-08,Denigomodu,485.0,109946455.0,28646603.0,0.0,0.0,1419.0,92605.0,138593057.0,42354.0
Oceania,NRU,Nauru,NR-09,Ewa,154.0,24831971.0,6710537.0,0.0,0.0,661.0,24584.0,31542507.0,9310.0
Oceania,NRU,Nauru,NR-10,Ijuw,79.0,12415775.0,3272852.0,0.0,0.0,296.0,12698.0,15688628.0,4570.0
Oceania,NRU,Nauru,NR-11,Meneng,514.0,90583142.0,24205096.0,0.0,0.0,1975.0,88042.0,114788232.0,34224.0
Oceania,NRU,Nauru,NR-12,Nibok,187.0,27168430.0,7253039.0,0.0,0.0,621.0,27584.0,34421468.0,10747.0
Oceania,NRU,Nauru,NR-13,Uaboe,87.0,15648782.0,4158321.0,0.0,0.0,338.0,15173.0,19807102.0,5778.0
Oceania,NRU,Nauru,NR-14,Yaren,238.0,41391508.0,11031619.0,0.0,0.0,926.0,39673.0,52423130.0,15564.0
Oceania,NZL,New Zealand,NZ-AUK,Auckland,574013.0,344410660945.0,85164697275.0,0.0,0.0,1769354.0,184248453.0,429575353728.0,49569902.0
Oceania,NZL,New Zealand,NZ-BOP,Bay of Plenty,202157.0,69946987952.0,19092470246.0,0.0,0.0,357237.0,35777810.0,89039457790.0,5825732.0
Oceania,NZL,New Zealand,NZ-CAN,Canterbury,307765.0,127940796210.0,32458751100.0,0.0,0.0,695660.0,67549958.0,160399547221.0,13745692.0
Oceania,NZL,New Zealand,NZ-CIT,Chatham Islands Territory,363.0,121985540.0,30496384.0,0.0,0.0,653.0,67590.0,152481924.0,7483.0
Oceania,NZL,New Zealand,NZ-GIS,Gisborne,38354.0,10983701773.0,3060053435.0,0.0,0.0,54621.0,5545372.0,14043755116.0,920799.0
Oceania,NZL,New Zealand,NZ-HKB,Hawke's Bay,105551.0,41148232248.0,11272775445.0,0.0,0.0,186983.0,21052114.0,52421007526.0,3915559.0
Oceania,NZL,New Zealand,NZ-MBH,Marlborough,30895.0,12263915238.0,3196498242.0,0.0,0.0,52806.0,6371216.0,15460413265.0,1316824.0
Oceania,NZL,New Zealand,NZ-MWT,Manawatū-Whanganui,202420.0,58661938444.0,16145312937.0,0.0,0.0,268575.0,29881925.0,74807250819.0,4900636.0
Oceania,NZL,New Zealand,NZ-NSN,Nelson,24201.0,10420652394.0,2732780327.0,0.0,0.0,56166.0,5462805.0,13153432698.0,964183.0
Oceania,NZL,New Zealand,NZ-NTL,Northland,147336.0,45254904665.0,12360745371.0,0.0,0.0,207228.0,23215020.0,57615649729.0,3775026.0
Oceania,NZL,New Zealand,NZ-OTA,Otago,133309.0,60908041916.0,16024341868.0,0.0,0.0,257038.0,31539616.0,76932383585.0,6762746.0
Oceania,NZL,New Zealand,NZ-STL,Southland,68351.0,27968748334.0,7769788186.0,0.0,0.0,106970.0,14097703.0,35738536389.0,2625800.0
Oceania,NZL,New Zealand,NZ-TAS,Tasman,35651.0,13845739356.0,3699417339.0,0.0,0.0,61751.0,7164288.0,17545156675.0,1340585.0
Oceania,NZL,New Zealand,NZ-TKI,Taranaki,96650.0,29071944459.0,7970899734.0,0.0,0.0,134585.0,14790694.0,37042843924.0,2570544.0
Oceania,NZL,New Zealand,NZ-WGN,Greater Wellington,202857.0,103508326029.0,25411923737.0,0.0,0.0,556468.0,55761661.0,128920249287.0,13142687.0
Oceania,NZL,New Zealand,NZ-WKO,Waikato,349013.0,109871038632.0,29529204054.0,0.0,0.0,532459.0,56632511.0,139400241183.0,10015601.0
Oceania,NZL,New Zealand,NZ-WTC,West Coast,25242.0,9953416536.0,2727569605.0,0.0,0.0,35663.0,5063157.0,12680986130.0,890164.0
Oceania,PLW,Palau,PW-002,Aimeliik,117.0,25798401.0,6171358.0,0.0,0.0,46.0,22214.0,31969759.0,10420.0
Oceania,PLW,Palau,PW-004,Airai,772.0,201569469.0,48338290.0,0.0,0.0,403.0,161422.0,249907759.0,71059.0
Oceania,PLW,Palau,PW-010,Angaur,229.0,24600608.0,5725042.0,0.0,0.0,413.0,23558.0,30325653.0,6275.0
Oceania,PLW,Palau,PW-050,Hatohobei,19.0,3723419.0,930855.0,0.0,0.0,0.0,3309.0,4654274.0,1252.0
Oceania,PLW,Palau,PW-100,Kayangel,52.0,9779734.0,2098620.0,0.0,0.0,334.0,7931.0,11878353.0,3201.0
Oceania,PLW,Palau,PW-150,Koror,3480.0,898051366.0,211471253.0,0.0,0.0,327.0,699941.0,1109522618.0,289613.0
Oceania,PLW,Palau,PW-212,Melekeok,801.0,140456327.0,31593540.0,0.0,0.0,2638.0,116433.0,172049865.0,41186.0
Oceania,PLW,Palau,PW-214,Ngaraard,182.0,37647554.0,9248872.0,0.0,0.0,369.0,31577.0,46896427.0,11789.0
Oceania,PLW,Palau,PW-218,Ngarchelong,142.0,29733720.0,7591629.0,0.0,0.0,304.0,25873.0,37325349.0,11302.0
Oceania,PLW,Palau,PW-222,Ngardmau,88.0,13966817.0,3481516.0,0.0,0.0,251.0,13053.0,17448332.0,4727.0
Oceania,PLW,Palau,PW-224,Ngatpang,93.0,17948467.0,4528794.0,0.0,0.0,108.0,16067.0,22477260.0,7167.0
Oceania,PLW,Palau,PW-226,Ngchesar,163.0,31988673.0,7723054.0,0.0,0.0,486.0,27144.0,39711723.0,10164.0
Oceania,PLW,Palau,PW-227,Ngeremlengui,125.0,24613759.0,6110268.0,0.0,0.0,361.0,21392.0,30724029.0,8478.0
Oceania,PLW,Palau,PW-228,Ngiwal,3236.0,488577632.0,117193642.0,0.0,0.0,11564.0,449706.0,605771274.0,162466.0
Oceania,PLW,Palau,PW-350,Peleliu,173.0,40763275.0,9886617.0,0.0,0.0,58.0,33388.0,50649892.0,14780.0
Oceania,PLW,Palau,PW-370,Sonsorol,31.0,4648065.0,1126170.0,0.0,0.0,0.0,4166.0,5774234.0,1189.0
Oceania,PNG,Papua New Guinea,PG-CPK,Chimbu,122638.0,3026863292.0,708453321.0,0.0,0.0,604317.0,7807410.0,3735316618.0,643507.0
Oceania,PNG,Papua New Guinea,PG-CPM,Central,63285.0,1436144060.0,339082992.0,0.0,0.0,394531.0,3952574.0,1775227044.0,317038.0
Oceania,PNG,Papua New Guinea,PG-EBR,East New Britain,90354.0,2344206665.0,553610777.0,0.0,0.0,480376.0,5894263.0,2897817438.0,542956.0
Oceania,PNG,Papua New Guinea,PG-EHG,Eastern Highlands,230546.0,5500209192.0,1284878242.0,0.0,0.0,841202.0,14582047.0,6785087447.0,1168789.0
Oceania,PNG,Papua New Guinea,PG-EPW,Enga,119558.0,2705037919.0,643359379.0,0.0,0.0,696731.0,7493092.0,3348397311.0,561397.0
Oceania,PNG,Papua New Guinea,PG-ESW,East Sepik,153280.0,3999241742.0,929911578.0,0.0,0.0,579908.0,9875166.0,4929153320.0,774112.0
Oceania,PNG,Papua New Guinea,PG-GPK,Gulf,39648.0,947680708.0,223089078.0,0.0,0.0,272030.0,2506222.0,1170769768.0,213586.0
Oceania,PNG,Papua New Guinea,PG-HLA,Hela,208073.0,6342078630.0,1415385964.0,0.0,0.0,545068.0,13640460.0,7757464599.0,1387309.0
Oceania,PNG,Papua New Guinea,PG-JWK,Jiwaka,100374.0,2178273044.0,518456535.0,0.0,0.0,766510.0,6250302.0,2696729582.0,449729.0
Oceania,PNG,Papua New Guinea,PG-MBA,Milne Bay,160859.0,4379849000.0,984940831.0,0.0,0.0,342883.0,10293857.0,5364789818.0,990393.0
Oceania,PNG,Papua New Guinea,PG-MPL,Morobe,247073.0,7069252172.0,1628627177.0,0.0,0.0,843075.0,16191090.0,8697879337.0,1438560.0
Oceania,PNG,Papua New Guinea,PG-MPM,Madang,159557.0,4207762480.0,980651758.0,0.0,0.0,646622.0,10278468.0,5188414212.0,814129.0
Oceania,PNG,Papua New Guinea,PG-MRL,Manus,12705.0,359408179.0,85442065.0,0.0,0.0,72451.0,847375.0,444850251.0,85803.0
Oceania,PNG,Papua New Guinea,PG-NCD,National Capital District,80205.0,6533536678.0,1457041570.0,0.0,0.0,523742.0,7482133.0,7990578248.0,1709347.0
Oceania,PNG,Papua New Guinea,PG-NIK,New Ireland,39837.0,1017718465.0,243613379.0,0.0,0.0,299954.0,2597529.0,1261331840.0,234882.0
Oceania,PNG,Papua New Guinea,PG-NPP,Northern,56038.0,1589468852.0,369670798.0,0.0,0.0,253460.0,3680631.0,1959139656.0,373602.0
Oceania,PNG,Papua New Guinea,PG-NSB,Bougainville,138912.0,3708055809.0,835565713.0,0.0,0.0,342462.0,8968944.0,4543621516.0,823764.0
Oceania,PNG,Papua New Guinea,PG-SAN,West Sepik,89123.0,2390667524.0,551131956.0,0.0,0.0,320455.0,5751037.0,2941799497.0,463566.0
Oceania,PNG,Papua New Guinea,PG-SHM,Southern Highlands,191674.0,5290233829.0,1212253596.0,0.0,0.0,775681.0,12396028.0,6502487426.0,1137223.0
Oceania,PNG,Papua New Guinea,PG-WBK,West New Britain,67517.0,1666819581.0,396751836.0,0.0,0.0,359281.0,4374539.0,2063571419.0,386212.0
Oceania,PNG,Papua New Guinea,PG-WHM,Western Highlands,131023.0,2776801866.0,638848926.0,0.0,0.0,545265.0,8179113.0,3415650793.0,596064.0
Oceania,PNG,Papua New Guinea,PG-WPD,Western,52085.0,1353229575.0,300291819.0,0.0,0.0,256813.0,3392697.0,1653521402.0,324543.0
Oceania,SLB,Solomon Islands,SB-CE,Central,7433.0,581194404.0,166552349.0,0.0,0.0,32649.0,894722.0,747746754.0,112023.0
Oceania,SLB,Solomon Islands,SB-CH,Choiseul,7043.0,533863449.0,153445614.0,0.0,0.0,32993.0,859894.0,687309065.0,101548.0
Oceania,SLB,Solomon Islands,SB-CT,Honiara,30815.0,3469248744.0,957663021.0,0.0,0.0,179052.0,4682099.0,4426911765.0,989896.0
Oceania,SLB,Solomon Islands,SB-GU,Guadalcanal,37969.0,2998156412.0,857773522.0,0.0,0.0,175599.0,4654746.0,3855929933.0,573485.0
Oceania,SLB,Solomon Islands,SB-IS,Isabel,7742.0,571952751.0,165989570.0,0.0,0.0,32870.0,920771.0,737942319.0,102338.0
Oceania,SLB,Solomon Islands,SB-MK,Makira-Ulawa,12311.0,920540645.0,267293893.0,0.0,0.0,59133.0,1455893.0,1187834535.0,159849.0
Oceania,SLB,Solomon Islands,SB-ML,Malaita,43155.0,3196856499.0,920477140.0,0.0,0.0,195099.0,5124897.0,4117333637.0,577097.0
Oceania,SLB,Solomon Islands,SB-RB,Rennell and Bellona,973.0,68624075.0,20415688.0,0.0,0.0,4712.0,115756.0,89039762.0,14671.0
Oceania,SLB,Solomon Islands,SB-TE,Temotu,5637.0,397163952.0,115006079.0,0.0,0.0,22698.0,637647.0,512170031.0,55777.0
Oceania,SLB,Solomon Islands,SB-WE,Western,22658.0,1770739263.0,507786617.0,0.0,0.0,103844.0,2817019.0,2278525882.0,356397.0
Oceania,TON,Tonga,TO-01,'Eua,1534.0,203026529.0,52451546.0,0.0,0.0,5079.0,285536.0,255478069.0,108985.0
Oceania,TON,Tonga,TO-02,Ha'apai,1904.0,219925452.0,56886869.0,0.0,0.0,5862.0,329003.0,276812320.0,92939.0
Oceania,TON,Tonga,TO-03,Niuas,439.0,49841180.0,12902734.0,0.0,0.0,1191.0,74150.0,62743915.0,21678.0
Oceania,TON,Tonga,TO-04,Tongatapu,22694.0,2947469343.0,763125155.0,0.0,0.0,77338.0,4184479.0,3710594503.0,1530463.0
Oceania,TON,Tonga,TO-05,Vava'u,4507.0,587766975.0,151621651.0,0.0,0.0,14272.0,832735.0,739388621.0,306485.0
Oceania,TUV,Tuvalu,TV-FUN,Funafuti,1594.0,131042871.0,33600486.0,0.0,0.0,5594.0,122533.0,164643357.0,49581.0
Oceania,TUV,Tuvalu,TV-NIT,Niutao,196.0,19595597.0,4955274.0,0.0,0.0,556.0,17880.0,24550871.0,8099.0
Oceania,TUV,Tuvalu,TV-NKF,Nukufetau,166.0,16855496.0,4265173.0,0.0,0.0,506.0,15207.0,21120669.0,6948.0
Oceania,TUV,Tuvalu,TV-NKL,Nukulaelae,94.0,9531923.0,2403606.0,0.0,0.0,273.0,8592.0,11935530.0,3928.0
Oceania,TUV,Tuvalu,TV-NMA,Nanumea,192.0,19144845.0,4878760.0,0.0,0.0,481.0,17449.0,24023604.0,7782.0
Oceania,TUV,Tuvalu,TV-NMG,Nanumaga,131.0,12871968.0,3279866.0,0.0,0.0,462.0,11760.0,16151834.0,5201.0
Oceania,TUV,Tuvalu,TV-NUI,Nui,163.0,16170095.0,4092025.0,0.0,0.0,593.0,14711.0,20262119.0,6683.0
Oceania,TUV,Tuvalu,TV-VAI,Vaitupu,311.0,30690498.0,7785749.0,0.0,0.0,1027.0,28183.0,38476247.0,12540.0
Oceania,VUT,Vanuatu,VU-MAP,Malampa,12342.0,769630270.0,201207246.0,0.0,0.0,45459.0,1098156.0,970837519.0,283093.0
Oceania,VUT,Vanuatu,VU-PAM,Pénama,10521.0,769433893.0,199758648.0,0.0,0.0,35940.0,1009196.0,969192535.0,299020.0
Oceania,VUT,Vanuatu,VU-SAM,Sanma,16092.0,1445941502.0,374221561.0,0.0,0.0,68620.0,1877040.0,1820163062.0,578425.0
Oceania,VUT,Vanuatu,VU-SEE,Shéfa,27583.0,2560419851.0,661049732.0,0.0,0.0,119064.0,3299426.0,3221469580.0,979019.0
Oceania,VUT,Vanuatu,VU-TAE,Taféa,10643.0,683096343.0,180210183.0,0.0,0.0,54018.0,967923.0,863306533.0,221991.0
Oceania,VUT,Vanuatu,VU-TOB,Torba,3770.0,292215270.0,75476509.0,0.0,0.0,12067.0,368773.0,367691779.0,122924.0
Oceania,WSM,Samoa,WS-AA,A'ana,6109.0,880738743.0,222705150.0,0.0,0.0,26550.0,1005349.0,1103443892.0,320974.0
Oceania,WSM,Samoa,WS-AL,Aiga-i-le-Tai,1449.0,215632366.0,54631780.0,0.0,0.0,5469.0,247213.0,270264148.0,77467.0
Oceania,WSM,Samoa,WS-AT,Atua,5981.0,973179669.0,239997626.0,0.0,0.0,25501.0,1078542.0,1213177292.0,364778.0
Oceania,WSM,Samoa,WS-FA,Fa'asaleleaga,3777.0,597722464.0,147725617.0,0.0,0.0,15696.0,669475.0,745448081.0,215418.0
Oceania,WSM,Samoa,WS-GE,Gaga'emauga,1335.0,203304999.0,50456929.0,0.0,0.0,5484.0,231189.0,253761928.0,74322.0
Oceania,WSM,Samoa,WS-GI,Gagaifomauga,2083.0,288328407.0,72986227.0,0.0,0.0,7329.0,338340.0,361314629.0,101128.0
Oceania,WSM,Samoa,WS-PA,Palauli,2339.0,335983753.0,84590860.0,0.0,0.0,9882.0,386748.0,420574615.0,116481.0
Oceania,WSM,Samoa,WS-SA,Satupa'itea,1325.0,192252078.0,49273137.0,0.0,0.0,5762.0,221514.0,241525215.0,70047.0
Oceania,WSM,Samoa,WS-TU,Tuamasaga,25000.0,3768565468.0,938860645.0,0.0,0.0,110887.0,4155998.0,4707426111.0,1521105.0
Oceania,WSM,Samoa,WS-VF,Va'a-o-Fonoti,411.0,64522861.0,15338456.0,0.0,0.0,1772.0,69381.0,79861320.0,21023.0
Oceania,WSM,Samoa,WS-VS,Vaisigano,1796.0,254529809.0,64497151.0,0.0,0.0,4969.0,293771.0,319026961.0,88476.0
South_America,ARG,Argentina,AR-A,Salta,288819.0,13756247798.0,2902457419.0,0.0,0.0,1434172.0,26687178.0,16658704932.0,10336983.0
South_America,ARG,Argentina,AR-B,Buenos Aires,4811197.0,300240467746.0,62882161118.0,0.0,0.0,17496550.0,517733711.0,363122634609.0,211892661.0
South_America,ARG,Argentina,AR-C,Ciudad Autónoma de Buenos Aires,831626.0,99078671264.0,19763202010.0,0.0,0.0,3105270.0,157161300.0,118841869698.0,63581881.0
South_America,ARG,Argentina,AR-D,San Luis,132798.0,7003070561.0,1462613853.0,0.0,0.0,538643.0,12924005.0,8465684394.0,5406767.0
South_America,ARG,Argentina,AR-E,Entre Ríos,392565.0,21505081005.0,4509626599.0,0.0,0.0,1420584.0,38992413.0,26014709785.0,16051165.0
South_America,ARG,Argentina,AR-F,La Rioja,102502.0,4682363755.0,974133817.0,0.0,0.0,383034.0,9172258.0,5656497434.0,3827559.0
South_America,ARG,Argentina,AR-G,Santiago del Estero,227680.0,9884584876.0,2088983155.0,0.0,0.0,1049601.0,20133954.0,11973567639.0,8342388.0
South_America,ARG,Argentina,AR-H,Chaco,293744.0,14375664661.0,3038666349.0,0.0,0.0,1138253.0,27161692.0,17414331428.0,11123328.0
South_America,ARG,Argentina,AR-J,San Juan,176012.0,8577863455.0,1760783827.0,0.0,0.0,814885.0,17200527.0,10338646176.0,7249278.0
South_America,ARG,Argentina,AR-K,Catamarca,109075.0,4545766228.0,946712889.0,0.0,0.0,427918.0,9571759.0,5492478710.0,4050298.0
South_America,ARG,Argentina,AR-L,La Pampa,122172.0,6332652693.0,1315188763.0,0.0,0.0,364962.0,11813385.0,7647841224.0,4930086.0
South_America,ARG,Argentina,AR-M,Mendoza,509649.0,27668547162.0,5760933540.0,0.0,0.0,2006265.0,52178621.0,33429482728.0,22017625.0
South_America,ARG,Argentina,AR-N,Misiones,324228.0,16582574166.0,3712923890.0,0.0,0.0,1275631.0,29472708.0,20295498785.0,9042744.0
South_America,ARG,Argentina,AR-P,Formosa,145007.0,6458057801.0,1381400630.0,0.0,0.0,603505.0,12718029.0,7839458407.0,4850409.0
South_America,ARG,Argentina,AR-Q,Neuquén,170398.0,9325833218.0,1941866883.0,0.0,0.0,723682.0,16892910.0,11267700845.0,6694482.0
South_America,ARG,Argentina,AR-R,Río Negro,211467.0,11433506736.0,2387988124.0,0.0,0.0,758716.0,20863730.0,13821495086.0,8288688.0
South_America,ARG,Argentina,AR-S,Santa Fe,1038495.0,65458321844.0,13706215960.0,0.0,0.0,3541436.0,113735589.0,79164541610.0,47616311.0
South_America,ARG,Argentina,AR-T,Tucumán,364963.0,17858436765.0,3782538743.0,0.0,0.0,1696068.0,33542304.0,21640975722.0,13252103.0
South_America,ARG,Argentina,AR-U,Chubut,149269.0,8431788599.0,1755642134.0,0.0,0.0,600375.0,15171844.0,10187430108.0,6143024.0
South_America,ARG,Argentina,AR-V,Tierra del Fuego,36273.0,2105011728.0,462180482.0,0.0,0.0,189429.0,3537489.0,2567192224.0,1129077.0
South_America,ARG,Argentina,AR-W,Corrientes,267618.0,12914040194.0,2728675583.0,0.0,0.0,1192639.0,24597464.0,15642715695.0,9709974.0
South_America,ARG,Argentina,AR-X,Córdoba,1125128.0,67086298669.0,13986846607.0,0.0,0.0,3963275.0,118801975.0,81073142986.0,49798853.0
South_America,ARG,Argentina,AR-Y,Jujuy,180753.0,8033639611.0,1667510986.0,0.0,0.0,794710.0,16455398.0,9701151045.0,6768054.0
South_America,ARG,Argentina,AR-Z,Santa Cruz,74780.0,4180078323.0,872155268.0,0.0,0.0,331779.0,7437505.0,5052233664.0,2937604.0
South_America,BOL,Bolivia,BO-B,El Beni,152560.0,3515333409.0,827436367.0,0.0,0.0,622297.0,12378604.0,4342769788.0,3343993.0
South_America,BOL,Bolivia,BO-C,Cochabamba,583521.0,12706789510.0,2976570052.0,0.0,0.0,1967949.0,46860909.0,15683359581.0,13999555.0
South_America,BOL,Bolivia,BO-H,Chuquisaca,178797.0,4854398327.0,1140159396.0,0.0,0.0,519589.0,16962394.0,5994557741.0,5377163.0
South_America,BOL,Bolivia,BO-L,La Paz,946264.0,19070591054.0,4431455681.0,0.0,0.0,3266102.0,75981592.0,23502046714.0,18770928.0
South_America,BOL,Bolivia,BO-N,Pando,33655.0,841298876.0,200818574.0,0.0,0.0,72146.0,2939089.0,1042117446.0,737789.0
South_America,BOL,Bolivia,BO-O,Oruro,179870.0,4863434899.0,1149714316.0,0.0,0.0,400416.0,17134568.0,6013149211.0,5127540.0
South_America,BOL,Bolivia,BO-P,Potosí,395612.0,8539150094.0,2054689809.0,0.0,0.0,1297373.0,34555430.0,10593839913.0,8351842.0
South_America,BOL,Bolivia,BO-S,Santa Cruz,883120.0,23773528007.0,5344633242.0,0.0,0.0,3864633.0,75282327.0,29118161204.0,28028977.0
South_America,BOL,Bolivia,BO-T,Tarija,156924.0,4328355509.0,996482485.0,0.0,0.0,571336.0,14255367.0,5324837981.0,5268347.0
South_America,BRA,Brazil,BR-AC,Acre,285622.0,10621691477.0,2468850886.0,0.0,0.0,885158.0,35104735.0,13090542480.0,10368364.0
South_America,BRA,Brazil,BR-AL,Alagoas,977698.0,45025341005.0,9649716785.0,0.0,0.0,3200203.0,134017976.0,54675057768.0,52865995.0
South_America,BRA,Brazil,BR-AM,Amazonas,1053314.0,52113874505.0,11278166678.0,0.0,0.0,4197099.0,152425008.0,63392041351.0,53703483.0
South_America,BRA,Brazil,BR-AP,Amapá,213517.0,8679934550.0,1970440147.0,0.0,0.0,775954.0,27390979.0,10650374723.0,9399260.0
South_America,BRA,Brazil,BR-BA,Bahia,4881221.0,227563762428.0,49439932330.0,0.0,0.0,14468028.0,680351576.0,277003694664.0,267701772.0
South_America,BRA,Brazil,BR-CE,Ceará,2873641.0,137828279298.0,29860268225.0,0.0,0.0,9186861.0,409696300.0,167688547635.0,160689056.0
South_America,BRA,Brazil,BR-DF,Distrito Federal,939712.0,64797539878.0,13222717510.0,0.0,0.0,3003247.0,185125220.0,78020257348.0,82175977.0
South_America,BRA,Brazil,BR-ES,Espírito Santo,1314321.0,79171151366.0,16804374836.0,0.0,0.0,4050896.0,219604761.0,95975526226.0,91650730.0
South_America,BRA,Brazil,BR-GO,Goiás,2685302.0,125039350348.0,27155581919.0,0.0,0.0,7590826.0,370152055.0,152194932349.0,156391052.0
South_America,BRA,Brazil,BR-MA,Maranhão,2231348.0,83611045833.0,19020918854.0,0.0,0.0,7007559.0,280418561.0,102631964796.0,102787227.0
South_America,BRA,Brazil,BR-MG,Minas Gerais,7170745.0,400318169820.0,85081990428.0,0.0,0.0,21407150.0,1111637147.0,485400160250.0,463273794.0
South_America,BRA,Brazil,BR-MS,Mato Grosso do Sul,1079770.0,44920195519.0,9905319428.0,0.0,0.0,2936488.0,138579538.0,54825514843.0,56706947.0
South_America,BRA,Brazil,BR-MT,Mato Grosso,1457296.0,62474880264.0,13960846247.0,0.0,0.0,3942164.0,192678132.0,76435726516.0,76922368.0
South_America,BRA,Brazil,BR-PA,Pará,2512790.0,100893305592.0,22752976950.0,0.0,0.0,8464446.0,323821917.0,123646282602.0,111795981.0
South_America,BRA,Brazil,BR-PB,Paraíba,1341992.0,58128802948.0,12736299184.0,0.0,0.0,4161934.0,179292813.0,70865102107.0,70981281.0
South_America,BRA,Brazil,BR-PE,Pernambuco,2977882.0,144037259164.0,30848258822.0,0.0,0.0,9374279.0,420000583.0,174885517917.0,168923017.0
South_America,BRA,Brazil,BR-PI,Piauí,1150032.0,43880511957.0,9965438274.0,0.0,0.0,3413348.0,146066477.0,53845950290.0,55515768.0
South_America,BRA,Brazil,BR-PR,Paraná,4411410.0,243782962965.0,53070877409.0,0.0,0.0,12112014.0,703468791.0,296853840420.0,282559012.0
South_America,BRA,Brazil,BR-RJ,Rio de Janeiro,4529286.0,425954215269.0,83728446571.0,0.0,0.0,16597106.0,1097581144.0,509682661717.0,477847572.0
South_America,BRA,Brazil,BR-RN,Rio Grande do Norte,1122496.0,49603496622.0,10835364031.0,0.0,0.0,3418544.0,151001054.0,60438860697.0,60653417.0
South_America,BRA,Brazil,BR-RO,Rondônia,618325.0,24427648290.0,5615985065.0,0.0,0.0,1621166.0,78907279.0,30043633389.0,26429806.0
South_America,BRA,Brazil,BR-RR,Roraima,189646.0,7581146694.0,1692849490.0,0.0,0.0,707470.0,24487955.0,9273996122.0,9082367.0
South_America,BRA,Brazil,BR-RS,Rio Grande do Sul,4319477.0,225096301823.0,49823497850.0,0.0,0.0,11217324.0,663741496.0,274919799548.0,258863138.0
South_America,BRA,Brazil,BR-SC,Santa Catarina,3026956.0,165479609910.0,36890328323.0,0.0,0.0,8248186.0,485869119.0,202369938298.0,191685247.0
South_America,BRA,Brazil,BR-SE,Sergipe,771574.0,32335744545.0,7108122687.0,0.0,0.0,2316898.0,101116161.0,39443867242.0,39942793.0
South_America,BRA,Brazil,BR-SP,São Paulo,13111233.0,1256294955905.0,250492303618.0,0.0,0.0,46920176.0,3196774725.0,1506787259414.0,1395964533.0
South_America,BRA,Brazil,BR-TO,Tocantins,573547.0,22151288288.0,4949608075.0,0.0,0.0,1586707.0,70382320.0,27100896417.0,28370671.0
South_America,CHL,Chile,CL-AI,Aisén,47466.0,4623662649.0,1132442293.0,0.0,0.0,116648.0,4696798.0,5756104910.0,1083576.0
South_America,CHL,Chile,CL-AN,Antofagasta,115595.0,27873337027.0,5985162675.0,0.0,0.0,687320.0,23937502.0,33858499761.0,9410082.0
South_America,CHL,Chile,CL-AP,Arica y Parinacota,55657.0,9292445727.0,1866561488.0,0.0,0.0,255444.0,8310112.0,11159007195.0,3207657.0
South_America,CHL,Chile,CL-AR,La Araucanía,359136.0,38238080441.0,8824737731.0,0.0,0.0,1081906.0,37745786.0,47062818313.0,10073696.0
South_America,CHL,Chile,CL-AT,Atacama,91562.0,12992652400.0,2783430413.0,0.0,0.0,323181.0,11831678.0,15776082867.0,4368936.0
South_America,CHL,Chile,CL-BI,Biobío,391754.0,63471151577.0,13914664155.0,0.0,0.0,1757383.0,57940137.0,77385815789.0,19180371.0
South_America,CHL,Chile,CL-CO,Coquimbo,233098.0,31644893262.0,6206305988.0,0.0,0.0,855713.0,29147737.0,37851199235.0,10977746.0
South_America,CHL,Chile,CL-LI,O'Higgins,288416.0,36572145659.0,7951000784.0,0.0,0.0,1033738.0,33828450.0,44523146509.0,12389165.0
South_America,CHL,Chile,CL-LL,Los Lagos,339410.0,33583007850.0,8263173740.0,0.0,0.0,936158.0,33616358.0,41846181527.0,7714504.0
South_America,CHL,Chile,CL-LR,Los Ríos,155816.0,14697582449.0,3564805038.0,0.0,0.0,434678.0,15037746.0,18262387513.0,3385935.0
South_America,CHL,Chile,CL-MA,Magallanes,55652.0,7909836797.0,1931160485.0,0.0,0.0,188209.0,7619164.0,9840997304.0,1960338.0
South_America,CHL,Chile,CL-ML,Maule,350956.0,43658568051.0,9374600897.0,0.0,0.0,1180828.0,40373908.0,53033169048.0,15052005.0
South_America,CHL,Chile,CL-NB,Ñuble,187986.0,20138881342.0,4430546730.0,0.0,0.0,543172.0,19427793.0,24569428085.0,6067594.0
South_America,CHL,Chile,CL-RM,Región Metropolitana de Santiago,1148441.0,357142450280.0,72836036810.0,0.0,0.0,8039655.0,305106031.0,429978487107.0,122783342.0
South_America,CHL,Chile,CL-TA,Tarapacá,74924.0,16092420532.0,3420038407.0,0.0,0.0,373519.0,14023399.0,19512458973.0,5291675.0
South_America,CHL,Chile,CL-VS,Valparaíso,514866.0,86192229984.0,17515984978.0,0.0,0.0,2052386.0,77964594.0,103708215051.0,28482371.0
South_America,COL,Colombia,CO-AMA,Amazonas,13171.0,352054967.0,81640549.0,0.0,0.0,68313.0,1484954.0,433695522.0,501088.0
South_America,COL,Colombia,CO-ANT,Antioquia,1199703.0,105279278088.0,21621866107.0,0.0,0.0,7634082.0,306139528.0,126901149699.0,126274714.0
South_America,COL,Colombia,CO-ARA,Arauca,53970.0,2264811414.0,518043004.0,0.0,0.0,229705.0,9474255.0,2782854430.0,3863088.0
South_America,COL,Colombia,CO-ATL,Atlántico,528832.0,53375605185.0,11715860428.0,0.0,0.0,2691012.0,166967272.0,65091465426.0,71087455.0
South_America,COL,Colombia,CO-BOL,Bolívar,433309.0,26843573495.0,5756835975.0,0.0,0.0,2094879.0,94848473.0,32600410017.0,39335803.0
South_America,COL,Colombia,CO-BOY,Boyacá,190976.0,12552764297.0,2790009567.0,0.0,0.0,1100130.0,50814692.0,15342773863.0,21486299.0
South_America,COL,Colombia,CO-CAL,Caldas,169751.0,9587408665.0,2034264342.0,0.0,0.0,843306.0,36747444.0,11621673008.0,15194068.0
South_America,COL,Colombia,CO-CAQ,Caquetá,83601.0,2916981411.0,656316700.0,0.0,0.0,340384.0,13070719.0,3573298122.0,5323709.0
South_America,COL,Colombia,CO-CAS,Casanare,101070.0,5205005712.0,1174716808.0,0.0,0.0,411666.0,20991313.0,6379722478.0,8918124.0
South_America,COL,Colombia,CO-CAU,Cauca,237350.0,10999044572.0,2455130944.0,0.0,0.0,1436611.0,48673987.0,13454175505.0,20070652.0
South_America,COL,Colombia,CO-CES,Cesar,334720.0,17462472576.0,3742279978.0,0.0,0.0,1523569.0,72658346.0,21204752540.0,30209773.0
South_America,COL,Colombia,CO-CHO,Chocó,114475.0,3157323637.0,724508653.0,0.0,0.0,512997.0,14090616.0,3881832259.0,5199129.0
South_America,COL,Colombia,CO-COR,Córdoba,338447.0,17587949689.0,3884146483.0,0.0,0.0,1840675.0,77186149.0,21472096179.0,31469846.0
South_America,COL,Colombia,CO-CUN,Cundinamarca,764061.0,63532023273.0,12961338587.0,0.0,0.0,4708689.0,217928163.0,76493362038.0,89194694.0
South_America,COL,Colombia,CO-DC,Distrito Capital de Bogotá,1507597.0,145402408015.0,28700243301.0,0.0,0.0,9479467.0,279758822.0,174102647776.0,116760275.0
South_America,COL,Colombia,CO-GUA,Guainía,9761.0,206630140.0,48842259.0,0.0,0.0,48239.0,935949.0,255472398.0,321361.0
South_America,COL,Colombia,CO-GUV,Guaviare,19502.0,544399593.0,127677077.0,0.0,0.0,69227.0,2254778.0,672076677.0,892228.0
South_America,COL,Colombia,CO-HUI,Huila,202096.0,9605659817.0,2132876010.0,0.0,0.0,986686.0,41816360.0,11738535833.0,17572506.0
South_America,COL,Colombia,CO-LAG,La Guajira,174467.0,8049814807.0,1711724226.0,0.0,0.0,1001236.0,34599011.0,9761539030.0,13585938.0
South_America,COL,Colombia,CO-MAG,Magdalena,315065.0,18201960962.0,3937352256.0,0.0,0.0,1484700.0,74243212.0,22139313199.0,31136984.0
South_America,COL,Colombia,CO-MET,Meta,251771.0,12580361502.0,2773503305.0,0.0,0.0,980804.0,49916060.0,15353864776.0,20941354.0
South_America,COL,Colombia,CO-NAR,Nariño,249945.0,11214797792.0,2465298638.0,0.0,0.0,1476223.0,49127944.0,13680096411.0,19658220.0
South_America,COL,Colombia,CO-NSA,Norte de Santander,313419.0,16816661352.0,3732509496.0,0.0,0.0,1422937.0,61005024.0,20549171068.0,25714669.0
South_America,COL,Colombia,CO-PUT,Putumayo,72116.0,2477119295.0,573877968.0,0.0,0.0,322261.0,10791385.0,3050997249.0,4269688.0
South_America,COL,Colombia,CO-QUI,Quindío,114930.0,6168434147.0,1327750767.0,0.0,0.0,494454.0,24346088.0,7496184912.0,10238699.0
South_America,COL,Colombia,CO-RIS,Risaralda,203692.0,12005296068.0,2530830318.0,0.0,0.0,953854.0,45290315.0,14536126375.0,18762707.0
South_America,COL,Colombia,CO-SAN,Santander,352888.0,25384405007.0,5422613050.0,0.0,0.0,2082485.0,96209717.0,30807018105.0,39997146.0
South_America,COL,Colombia,CO-SAP,San Andrés y Providencia,16372.0,785016296.0,161631412.0,0.0,0.0,53728.0,2852076.0,946647713.0,1179706.0
South_America,COL,Colombia,CO-SUC,Sucre,189855.0,9171745601.0,1999992836.0,0.0,0.0,906517.0,40153798.0,11171738432.0,16759892.0
South_America,COL,Colombia,CO-TOL,Tolima,241623.0,12742158476.0,2776344021.0,0.0,0.0,1160917.0,52526825.0,15518502455.0,22063897.0
South_America,COL,Colombia,CO-VAC,Valle del Cauca,1014486.0,65774649892.0,13179066771.0,0.0,0.0,4583564.0,198368542.0,78953717618.0,80168982.0
South_America,COL,Colombia,CO-VAU,Vaupés,6543.0,104971064.0,25820451.0,0.0,0.0,37102.0,473390.0,130791523.0,105975.0
South_America,COL,Colombia,CO-VID,Vichada,20050.0,488217869.0,116299444.0,0.0,0.0,130781.0,2262055.0,604517295.0,685040.0
South_America,ECU,Ecuador,EC-A,Azuay,191309.0,18423905319.0,3919342192.0,0.0,0.0,778552.0,33078762.0,22343247434.0,12541486.0
South_America,ECU,Ecuador,EC-B,Bolívar,55547.0,3728206355.0,747871286.0,0.0,0.0,194145.0,7715954.0,4476077696.0,3139521.0
South_America,ECU,Ecuador,EC-C,Carchi,42684.0,3608396482.0,755275862.0,0.0,0.0,167229.0,6593338.0,4363672376.0,2341905.0
South_America,ECU,Ecuador,EC-D,Orellana,50197.0,3513836665.0,702771201.0,0.0,0.0,191622.0,7054275.0,4216607874.0,3024825.0
South_America,ECU,Ecuador,EC-E,Esmeraldas,146138.0,10088922274.0,1967952241.0,0.0,0.0,582391.0,20623673.0,12056874457.0,8863976.0
South_America,ECU,Ecuador,EC-F,Cañar,59566.0,4631239826.0,956683401.0,0.0,0.0,225281.0,8777205.0,5587923207.0,3503557.0
South_America,ECU,Ecuador,EC-G,Guayas,1045635.0,103785901557.0,20376082579.0,0.0,0.0,4473161.0,175425728.0,124161984060.0,73633935.0
South_America,ECU,Ecuador,EC-H,Chimborazo,114831.0,10680355185.0,2152028914.0,0.0,0.0,466392.0,18856397.0,12832384138.0,7688052.0
South_America,ECU,Ecuador,EC-I,Imbabura,110483.0,10518101047.0,2168675287.0,0.0,0.0,472193.0,18381561.0,12686776378.0,6866106.0
South_America,ECU,Ecuador,EC-L,Loja,116690.0,10020477362.0,2056754841.0,0.0,0.0,457555.0,18486404.0,12077232212.0,6477538.0
South_America,ECU,Ecuador,EC-M,Manabí,420475.0,32453511690.0,6425640563.0,0.0,0.0,1620886.0,62303905.0,38879152225.0,25898344.0
South_America,ECU,Ecuador,EC-N,Napo,34033.0,2327409709.0,458519752.0,0.0,0.0,136000.0,4678951.0,2785929483.0,2010329.0
South_America,ECU,Ecuador,EC-O,El Oro,184199.0,16629606227.0,3287130190.0,0.0,0.0,710921.0,28619849.0,19916736434.0,11949383.0
South_America,ECU,Ecuador,EC-P,Pichincha,514652.0,79070165148.0,15695679765.0,0.0,0.0,2901975.0,126647777.0,94765844874.0,51641318.0
South_America,ECU,Ecuador,EC-R,Los Ríos,261026.0,18386413106.0,3581226058.0,0.0,0.0,953270.0,36454655.0,21967639110.0,15713127.0
South_America,ECU,Ecuador,EC-S,Morona Santiago,52467.0,3453470911.0,692301734.0,0.0,0.0,203968.0,7279415.0,4145772686.0,3061503.0
South_America,ECU,Ecuador,EC-SD,Santo Domingo de los Tsáchilas,127950.0,12164009276.0,2365050289.0,0.0,0.0,500416.0,20913084.0,14529059527.0,8801513.0
South_America,ECU,Ecuador,EC-SE,Santa Elena,80691.0,6725901164.0,1370421994.0,0.0,0.0,390863.0,12270266.0,8096323158.0,5233141.0
South_America,ECU,Ecuador,EC-T,Tungurahua,141869.0,13321491532.0,2776180366.0,0.0,0.0,546154.0,23747700.0,16097671893.0,9533350.0
South_America,ECU,Ecuador,EC-U,Sucumbíos,54661.0,3809157174.0,764112052.0,0.0,0.0,191328.0,7571303.0,4573269201.0,3278774.0
South_America,ECU,Ecuador,EC-W,Galápagos,10321.0,938437196.0,185738846.0,0.0,0.0,28503.0,1525498.0,1124176037.0,645001.0
South_America,ECU,Ecuador,EC-X,Cotopaxi,120406.0,10002160321.0,2049907517.0,0.0,0.0,471612.0,18616458.0,12052067713.0,7573011.0
South_America,ECU,Ecuador,EC-Y,Pastaza,30254.0,2118086731.0,426133147.0,0.0,0.0,116194.0,4271148.0,2544219877.0,1800156.0
South_America,ECU,Ecuador,EC-Z,Zamora Chinchipe,31856.0,2365794679.0,488944937.0,0.0,0.0,111243.0,4624685.0,2854739593.0,1859449.0
South_America,GUF,French Guiana,GF-CY,Cayenne,23433.0,4266732414.0,908464113.0,0.0,0.0,200880.0,3508839.0,5175196528.0,1287268.0
South_America,GUF,French Guiana,GF-SG,Saint-Georges,1561.0,264973003.0,55660886.0,0.0,0.0,7920.0,215017.0,320633886.0,80132.0
South_America,GUF,French Guiana,GF-SL,Saint-Laurent-du-Maroni,13718.0,2384272477.0,510760441.0,0.0,0.0,104842.0,1917800.0,2895032915.0,731241.0
South_America,GUY,Guyana,GY-BA,Barima-Waini,5537.0,179400415.0,43419621.0,0.0,0.0,34611.0,500796.0,222820007.0,102768.0
South_America,GUY,Guyana,GY-CU,Cuyuni-Mazaruni,8019.0,253960560.0,64247836.0,0.0,0.0,48546.0,704382.0,318208327.0,145982.0
South_America,GUY,Guyana,GY-DE,Demerara-Mahaica,44238.0,1767987053.0,422123842.0,0.0,0.0,134074.0,4355680.0,2190110540.0,1029584.0
South_America,GUY,Guyana,GY-EB,East Berbice-Corentyne,56792.0,1891064260.0,463476183.0,0.0,0.0,364919.0,4907029.0,2354540142.0,935657.0
South_America,GUY,Guyana,GY-ES,Essequibo Islands-West Demerara,9389.0,395335833.0,91710127.0,0.0,0.0,52646.0,950107.0,487045880.0,241043.0
South_America,GUY,Guyana,GY-MA,Mahaica-Berbice,21541.0,780371153.0,192033652.0,0.0,0.0,91180.0,2011342.0,972404535.0,446592.0
South_America,GUY,Guyana,GY-PM,Pomeroon-Supenaam,3477.0,126588398.0,30355091.0,0.0,0.0,21405.0,321233.0,156943433.0,75277.0
South_America,GUY,Guyana,GY-PT,Potaro-Siparuni,2018.0,45828757.0,11503965.0,0.0,0.0,12884.0,163566.0,57332734.0,23841.0
South_America,GUY,Guyana,GY-UD,Upper Demerara-Berbice,4932.0,162207674.0,36175339.0,0.0,0.0,32457.0,467229.0,198383024.0,88966.0
South_America,GUY,Guyana,GY-UT,Upper Takutu-Upper Essequibo,7188.0,243984815.0,56991648.0,0.0,0.0,43266.0,670305.0,300976681.0,212090.0
South_America,PER,Peru,PE-AMA,Amazonas,144810.0,6794315131.0,1392637114.0,0.0,0.0,431477.0,15390648.0,8186952300.0,5688696.0
South_America,PER,Peru,PE-ANC,Ancash,381959.0,23915012613.0,4762514144.0,0.0,0.0,1182660.0,48684179.0,28677526778.0,19883066.0
South_America,PER,Peru,PE-APU,Apurímac,169225.0,8247021204.0,1621300501.0,0.0,0.0,413911.0,18053784.0,9868321762.0,7807258.0
South_America,PER,Peru,PE-ARE,Arequipa,499070.0,45173043856.0,8936388226.0,0.0,0.0,1651897.0,79282483.0,54109432238.0,32176723.0
South_America,PER,Peru,PE-AYA,Ayacucho,242821.0,13842303771.0,2726154690.0,0.0,0.0,662079.0,29135234.0,16568458504.0,12173968.0
South_America,PER,Peru,PE-CAJ,Cajamarca,498911.0,23607356297.0,4678129747.0,0.0,0.0,1436130.0,52853864.0,28285486175.0,22144612.0
South_America,PER,Peru,PE-CAL,Callao,201318.0,22798771709.0,4563569432.0,0.0,0.0,1225509.0,37005530.0,27362341087.0,14220893.0
South_America,PER,Peru,PE-CUS,Cusco,451667.0,26831909413.0,5272601268.0,0.0,0.0,1377253.0,55961205.0,32104510773.0,24112696.0
South_America,PER,Peru,PE-HUC,Huánuco,239662.0,13163268547.0,2648821006.0,0.0,0.0,730570.0,27995566.0,15812089552.0,10951646.0
South_America,PER,Peru,PE-HUV,Huancavelica,150557.0,6817549093.0,1355584311.0,0.0,0.0,317753.0,15222078.0,8173133456.0,6253595.0
South_America,PER,Peru,PE-ICA,Ica,279174.0,21993805830.0,4373226645.0,0.0,0.0,1059811.0,40656729.0,26367032314.0,15921690.0
South_America,PER,Peru,PE-JUN,Junín,393431.0,28080595243.0,5657626199.0,0.0,0.0,1368698.0,54596166.0,33738221362.0,21650797.0
South_America,PER,Peru,PE-LAL,La Libertad,522565.0,37912856125.0,7428959029.0,0.0,0.0,2151818.0,72547231.0,45341815130.0,31207602.0
South_America,PER,Peru,PE-LAM,Lambayeque,316025.0,23845609400.0,4678773615.0,0.0,0.0,1366895.0,45509504.0,28524382818.0,19486807.0
South_America,PER,Peru,PE-LIM,Lima,2030036.0,259233863896.0,51927493905.0,0.0,0.0,11427292.0,419156898.0,311161357959.0,168781094.0
South_America,PER,Peru,PE-LOR,Loreto,232470.0,11989881802.0,2547651475.0,0.0,0.0,1060916.0,26241827.0,14537533263.0,7719340.0
South_America,PER,Peru,PE-MDD,Madre de Dios,67902.0,4710997616.0,965498657.0,0.0,0.0,210396.0,9219946.0,5676496389.0,3339056.0
South_America,PER,Peru,PE-MOQ,Moquegua,78457.0,5818237769.0,1159930901.0,0.0,0.0,204171.0,10961515.0,6978168539.0,4326607.0
South_America,PER,Peru,PE-PAS,Pasco,82725.0,5347056364.0,1081116288.0,0.0,0.0,259927.0,10645115.0,6428172720.0,3966083.0
South_America,PER,Peru,PE-PIU,Piura,559802.0,32930302024.0,6642588723.0,0.0,0.0,2180436.0,67279461.0,39572890471.0,25344892.0
South_America,PER,Peru,PE-PUN,Puno,524948.0,31127438111.0,6102300788.0,0.0,0.0,1209769.0,64319839.0,37229739009.0,27432131.0
South_America,PER,Peru,PE-SAM,San Martín,259504.0,15764209828.0,3264598611.0,0.0,0.0,932294.0,32105708.0,19028808282.0,11465511.0
South_America,PER,Peru,PE-TAC,Tacna,131202.0,12441051067.0,2479760424.0,0.0,0.0,400058.0,22659748.0,14920811420.0,9231052.0
South_America,PER,Peru,PE-TUM,Tumbes,86648.0,5749230087.0,1159046949.0,0.0,0.0,307339.0,11327326.0,6908277142.0,3907633.0
South_America,PER,Peru,PE-UCA,Ucayali,157135.0,9164096005.0,1933590091.0,0.0,0.0,640019.0,19600786.0,11097686000.0,5952827.0
South_America,PRY,Paraguay,PY-1,Concepción,40606.0,1925740310.0,389819996.0,0.0,0.0,235314.0,5129515.0,2315560118.0,2118202.0
South_America,PRY,Paraguay,PY-10,Alto Paraná,97547.0,5244025954.0,1077588050.0,0.0,0.0,901703.0,12996393.0,6321614019.0,5428471.0
South_America,PRY,Paraguay,PY-11,Central,149750.0,10008141780.0,2104192129.0,0.0,0.0,2191281.0,21878278.0,12112330862.0,9368125.0
South_America,PRY,Paraguay,PY-12,Ñeembucú,16630.0,809160202.0,164255323.0,0.0,0.0,98403.0,2120849.0,973415274.0,878420.0
South_America,PRY,Paraguay,PY-13,Amambay,20394.0,1098387047.0,225788879.0,0.0,0.0,196808.0,2717204.0,1324175687.0,1137441.0
South_America,PRY,Paraguay,PY-14,Canindeyú,35792.0,1647762530.0,333343536.0,0.0,0.0,216043.0,4498720.0,1981105952.0,1851801.0
South_America,PRY,Paraguay,PY-15,Presidente Hayes,20876.0,947446256.0,191412782.0,0.0,0.0,128870.0,2600879.0,1138858882.0,1071254.0
South_America,PRY,Paraguay,PY-16,Alto Paraguay,3455.0,156889339.0,31859818.0,0.0,0.0,19207.0,431205.0,188749157.0,177853.0
South_America,PRY,Paraguay,PY-19,Boquerón,9447.0,444307295.0,90005336.0,0.0,0.0,81761.0,1191321.0,534312836.0,492067.0
South_America,PRY,Paraguay,PY-2,San Pedro,79122.0,3640631888.0,736806127.0,0.0,0.0,390467.0,9908275.0,4377437214.0,4089600.0
South_America,PRY,Paraguay,PY-3,Cordillera,50740.0,2421849638.0,491934883.0,0.0,0.0,293034.0,6429575.0,2913784885.0,2661562.0
South_America,PRY,Paraguay,PY-4,Guairá,40632.0,1925395165.0,389880983.0,0.0,0.0,205854.0,5134294.0,2315276049.0,2123979.0
South_America,PRY,Paraguay,PY-5,Caaguazú,101022.0,4857149580.0,987574473.0,0.0,0.0,497580.0,12873585.0,5844726056.0,5329247.0
South_America,PRY,Paraguay,PY-6,Caazapá,35473.0,1618194674.0,326362043.0,0.0,0.0,163400.0,4424986.0,1944556981.0,1824110.0
South_America,PRY,Paraguay,PY-7,Itapúa,108556.0,5127919113.0,1039514280.0,0.0,0.0,503867.0,13744782.0,6167433513.0,5677979.0
South_America,PRY,Paraguay,PY-8,Misiones,23761.0,1125109132.0,228296585.0,0.0,0.0,133753.0,3001476.0,1353405611.0,1242867.0
South_America,PRY,Paraguay,PY-9,Paraguarí,56031.0,2582788016.0,523043308.0,0.0,0.0,240127.0,7014701.0,3105831602.0,2899638.0
South_America,PRY,Paraguay,PY-ASU,Asunción,51853.0,3550458977.0,743698894.0,0.0,0.0,515610.0,7557140.0,4294158832.0,3244380.0
South_America,SUR,Suriname,SR-BR,Brokopondo,2685.0,34925239.0,8875030.0,0.0,0.0,18808.0,259010.0,43800232.0,110404.0
South_America,SUR,Suriname,SR-CM,Commewijne,2763.0,114731305.0,29360878.0,0.0,0.0,37186.0,287911.0,144092142.0,115197.0
South_America,SUR,Suriname,SR-CR,Coronie,588.0,8565289.0,2128951.0,0.0,0.0,4017.0,58479.0,10694235.0,25199.0
South_America,SUR,Suriname,SR-MA,Marowijne,2019.0,55589554.0,14214770.0,0.0,0.0,20756.0,202939.0,69804325.0,83780.0
South_America,SUR,Suriname,SR-NI,Nickerie,5332.0,115105236.0,29653323.0,0.0,0.0,39841.0,537504.0,144758521.0,227171.0
South_America,SUR,Suriname,SR-PM,Paramaribo,21090.0,1025058693.0,262163627.0,0.0,0.0,290305.0,2260922.0,1287222605.0,898201.0
South_America,SUR,Suriname,SR-PR,Para,1971.0,86885848.0,22051879.0,0.0,0.0,28817.0,201950.0,108937730.0,79496.0
South_America,SUR,Suriname,SR-SA,Saramacca,3016.0,45120139.0,11635711.0,0.0,0.0,20591.0,298656.0,56755899.0,128030.0
South_America,SUR,Suriname,SR-SI,Sipaliwini,6200.0,85361663.0,21895963.0,0.0,0.0,43080.0,604176.0,107257554.0,257797.0
South_America,SUR,Suriname,SR-WA,Wanica,9113.0,427710150.0,108944210.0,0.0,0.0,136448.0,951704.0,536654291.0,375204.0
South_America,URY,Uruguay,UY-AR,Artigas,14121.0,1973787434.0,397117067.0,0.0,0.0,69078.0,1911515.0,2370904822.0,797067.0
South_America,URY,Uruguay,UY-CA,Canelones,105515.0,17144002496.0,3543110768.0,0.0,0.0,623697.0,15614423.0,20687110655.0,6618025.0
South_America,URY,Uruguay,UY-CL,Cerro Largo,20425.0,2756285306.0,552912428.0,0.0,0.0,85335.0,2737325.0,3309197158.0,1138638.0
South_America,URY,Uruguay,UY-CO,Colonia,22610.0,3196393213.0,645838477.0,0.0,0.0,123662.0,3115845.0,3842231396.0,1302594.0
South_America,URY,Uruguay,UY-DU,Durazno,13221.0,1810994693.0,367620273.0,0.0,0.0,54432.0,1820827.0,2178614642.0,763829.0
South_America,URY,Uruguay,UY-FD,Florida,15713.0,2142716636.0,432027021.0,0.0,0.0,68442.0,2137898.0,2574744042.0,895111.0
South_America,URY,Uruguay,UY-FS,Flores,4635.0,686463761.0,139703636.0,0.0,0.0,23694.0,657428.0,826167373.0,278237.0
South_America,URY,Uruguay,UY-LA,Lavalleja,14208.0,1932773126.0,388830738.0,0.0,0.0,58397.0,1921795.0,2321603838.0,801773.0
South_America,URY,Uruguay,UY-MA,Maldonado,20690.0,3245833798.0,664237306.0,0.0,0.0,175529.0,2995095.0,3910071336.0,1262971.0
South_America,URY,Uruguay,UY-MO,Montevideo,138755.0,22658162618.0,4679161672.0,0.0,0.0,1293986.0,20338201.0,27337324226.0,8640078.0
South_America,URY,Uruguay,UY-PA,Paysandú,19482.0,2859247059.0,583775585.0,0.0,0.0,116605.0,2736458.0,3443022939.0,1151781.0
South_America,URY,Uruguay,UY-RN,Río Negro,9430.0,1406775313.0,288357406.0,0.0,0.0,108870.0,1344182.0,1695132616.0,567532.0
South_America,URY,Uruguay,UY-RO,Rocha,13739.0,1903604598.0,383808975.0,0.0,0.0,53084.0,1864057.0,2287413438.0,778501.0
South_America,URY,Uruguay,UY-RV,Rivera,18271.0,2616023099.0,533085080.0,0.0,0.0,58386.0,2536711.0,3149107987.0,1066802.0
South_America,URY,Uruguay,UY-SA,Salto,25466.0,3538261844.0,713597045.0,0.0,0.0,129757.0,3460259.0,4251859316.0,1444471.0
South_America,URY,Uruguay,UY-SJ,San José,33263.0,3875940531.0,764666316.0,0.0,0.0,118734.0,4195732.0,4640606837.0,1721531.0
South_America,URY,Uruguay,UY-SO,Soriano,18143.0,2519440198.0,509689939.0,0.0,0.0,84505.0,2480194.0,3029130021.0,1039307.0
South_America,URY,Uruguay,UY-TA,Tacuarembó,21179.0,2795265727.0,562252571.0,0.0,0.0,92075.0,2834193.0,3357517919.0,1180862.0
South_America,URY,Uruguay,UY-TT,Treinta y Tres,12372.0,1607063034.0,321000930.0,0.0,0.0,46421.0,1635593.0,1928063967.0,679994.0
South_America,VEN,Venezuela,VE-A,Distrito Capital,529677.0,19438416576.0,4396671196.0,0.0,0.0,1368316.0,57104892.0,23835094067.0,23052650.0
South_America,VEN,Venezuela,VE-B,Anzoátegui,396490.0,12100275035.0,2841351278.0,0.0,0.0,1506558.0,38401262.0,14941634460.0,14658634.0
South_America,VEN,Venezuela,VE-C,Apure,114175.0,2808924846.0,664133629.0,0.0,0.0,745598.0,10098950.0,3473058723.0,3539995.0
South_America,VEN,Venezuela,VE-D,Aragua,453029.0,15426235218.0,3679685823.0,0.0,0.0,1425105.0,47070757.0,19105920882.0,18315130.0
South_America,VEN,Venezuela,VE-E,Barinas,228156.0,6354683503.0,1526354661.0,0.0,0.0,994337.0,21715711.0,7881040559.0,8083857.0
South_America,VEN,Venezuela,VE-F,Bolívar,382393.0,11890043971.0,2842132982.0,0.0,0.0,2614857.0,37523049.0,14732180519.0,14276800.0
South_America,VEN,Venezuela,VE-G,Carabobo,593311.0,18960987408.0,4373741716.0,0.0,0.0,2032975.0,58200915.0,23334732916.0,22549869.0
South_America,VEN,Venezuela,VE-H,Cojedes,94190.0,2802403872.0,676458664.0,0.0,0.0,267769.0,9158044.0,3478862718.0,3424805.0
South_America,VEN,Venezuela,VE-I,Falcón,226878.0,5546203535.0,1279656093.0,0.0,0.0,956408.0,19755311.0,6825858823.0,7279139.0
South_America,VEN,Venezuela,VE-J,Guárico,214084.0,6371594807.0,1544290228.0,0.0,0.0,840848.0,21027879.0,7915888209.0,7624908.0
South_America,VEN,Venezuela,VE-K,Lara,467512.0,12856333631.0,3020475769.0,0.0,0.0,1583966.0,43070955.0,15876810490.0,15493962.0
South_America,VEN,Venezuela,VE-L,Mérida,250632.0,8562843605.0,2089030882.0,0.0,0.0,704178.0,26748378.0,10651872042.0,10554045.0
South_America,VEN,Venezuela,VE-M,Miranda,759821.0,23563669212.0,5419166936.0,0.0,0.0,3304975.0,73558110.0,28982832828.0,28237937.0
South_America,VEN,Venezuela,VE-N,Monagas,238105.0,7463768063.0,1792890195.0,0.0,0.0,613418.0,23827766.0,9256659604.0,9090109.0
South_America,VEN,Venezuela,VE-O,Nueva Esparta,138960.0,4650223100.0,1087148394.0,0.0,0.0,555119.0,14205387.0,5737373107.0,5608892.0
South_America,VEN,Venezuela,VE-P,Portuguesa,247401.0,7068079642.0,1703608456.0,0.0,0.0,1323190.0,23677398.0,8771684739.0,8648074.0
South_America,VEN,Venezuela,VE-R,Sucre,232186.0,6783807574.0,1622444061.0,0.0,0.0,509740.0,22334491.0,8406248781.0,8224160.0
South_America,VEN,Venezuela,VE-S,Táchira,336698.0,10357021717.0,2463974990.0,0.0,0.0,1019513.0,33100719.0,12821001877.0,12844633.0
South_America,VEN,Venezuela,VE-T,Trujillo,203092.0,6354170665.0,1541942786.0,0.0,0.0,553214.0,20503203.0,7896115737.0,7683804.0
South_America,VEN,Venezuela,VE-U,Yaracuy,160420.0,4487228617.0,1072860953.0,0.0,0.0,424733.0,14965615.0,5560090868.0,5587852.0
South_America,VEN,Venezuela,VE-V,Zulia,913924.0,28175023554.0,6583828583.0,0.0,0.0,4441538.0,88651479.0,34758860379.0,34203082.0
South_America,VEN,Venezuela,VE-W,Dependencias Federales,446.0,5374581.0,1252228.0,0.0,0.0,137.0,33536.0,6626807.0,10327.0
South_America,VEN,Venezuela,VE-X,La Guaira,96935.0,2837852662.0,648053137.0,0.0,0.0,395284.0,9135977.0,3485906406.0,3514974.0
South_America,VEN,Venezuela,VE-Y,Delta Amacuro,38067.0,926570379.0,222873554.0,0.0,0.0,160104.0,3473694.0,1149443619.0,1118661.0
South_America,VEN,Venezuela,VE-Z,Amazonas,75529.0,5175461019.0,1389909356.0,0.0,0.0,175013.0,13928972.0,6565370080.0,5803009.0
South_Asia,AFG,Afghanistan,AF-BAL,Balkh,407209.0,3314410225.0,637732478.0,0.0,0.0,2127108.0,37039430.0,3952142703.0,10132940.0
South_Asia,AFG,Afghanistan,AF-BAM,Bamyan,130699.0,608895985.0,117943795.0,0.0,0.0,693313.0,9993280.0,726839777.0,1763524.0
South_Asia,AFG,Afghanistan,AF-BDG,Badghis,146015.0,833529359.0,159544532.0,0.0,0.0,750613.0,12034648.0,993073883.0,2450748.0
South_Asia,AFG,Afghanistan,AF-BDS,Badakhshan,261201.0,1802495680.0,355430206.0,0.0,0.0,1470932.0,22717367.0,2157925884.0,5472984.0
South_Asia,AFG,Afghanistan,AF-BGL,Baghlan,275722.0,2080223555.0,400759910.0,0.0,0.0,1410716.0,24656049.0,2480983479.0,6485908.0
South_Asia,AFG,Afghanistan,AF-DAY,Daykundi,134159.0,610305755.0,117084402.0,0.0,0.0,590831.0,10280018.0,727390158.0,1733053.0
South_Asia,AFG,Afghanistan,AF-FRA,Farah,138243.0,890617112.0,166410987.0,0.0,0.0,787863.0,11747248.0,1057028101.0,2631924.0
South_Asia,AFG,Afghanistan,AF-FYB,Faryab,272977.0,2043698920.0,395853550.0,0.0,0.0,1560148.0,24261282.0,2439552471.0,6303096.0
South_Asia,AFG,Afghanistan,AF-GHA,Ghazni,326909.0,2009628751.0,385280199.0,0.0,0.0,1894937.0,27252989.0,2394908948.0,5863023.0
South_Asia,AFG,Afghanistan,AF-GHO,Ghor,216010.0,1139797208.0,216837690.0,0.0,0.0,1078224.0,17486677.0,1356634901.0,3608394.0
South_Asia,AFG,Afghanistan,AF-HEL,Helmand,254424.0,1814618361.0,356677306.0,0.0,0.0,2050991.0,22298747.0,2171295686.0,5492534.0
South_Asia,AFG,Afghanistan,AF-HER,Herat,549803.0,4840104376.0,933155130.0,0.0,0.0,2994750.0,51670428.0,5773259509.0,14746988.0
South_Asia,AFG,Afghanistan,AF-JOW,Jowzjan,140685.0,1093982311.0,215282038.0,0.0,0.0,826623.0,12549473.0,1309264343.0,3375550.0
South_Asia,AFG,Afghanistan,AF-KAB,Kabul,769795.0,26740593908.0,4870034599.0,0.0,0.0,7273358.0,138777320.0,31610628504.0,54024065.0
South_Asia,AFG,Afghanistan,AF-KAN,Kandahar,243455.0,2165647860.0,426686918.0,0.0,0.0,1965054.0,22913855.0,2592334783.0,6659874.0
South_Asia,AFG,Afghanistan,AF-KAP,Kapisa,115202.0,570867783.0,113759309.0,0.0,0.0,683294.0,8809536.0,684627097.0,1710322.0
South_Asia,AFG,Afghanistan,AF-KDZ,Kunduz,226244.0,1684642738.0,332269318.0,0.0,0.0,1580188.0,19739653.0,2016912059.0,5092271.0
South_Asia,AFG,Afghanistan,AF-KHO,Khost,100433.0,741451967.0,154528018.0,0.0,0.0,882596.0,8881249.0,895979973.0,2480375.0
South_Asia,AFG,Afghanistan,AF-KNR,Kunar,90916.0,585452668.0,121900901.0,0.0,0.0,665502.0,7596061.0,707353566.0,1771393.0
South_Asia,AFG,Afghanistan,AF-LAG,Laghman,129178.0,1089688499.0,231306153.0,0.0,0.0,712373.0,11596040.0,1320994653.0,3220631.0
South_Asia,AFG,Afghanistan,AF-LOG,Logar,77430.0,427007980.0,88189456.0,0.0,0.0,609056.0,6173549.0,515197436.0,1312688.0
South_Asia,AFG,Afghanistan,AF-NAN,Nangarhar,347281.0,2728873101.0,543001975.0,0.0,0.0,2379275.0,31522152.0,3271875089.0,8533850.0
South_Asia,AFG,Afghanistan,AF-NIM,Nimruz,56194.0,396476162.0,75533744.0,0.0,0.0,247445.0,4911092.0,472009905.0,1114024.0
South_Asia,AFG,Afghanistan,AF-NUR,Nuristan,60178.0,301015295.0,58184309.0,0.0,0.0,233188.0,4690008.0,359199603.0,877455.0
South_Asia,AFG,Afghanistan,AF-PAN,Panjshir,39302.0,214070073.0,42127058.0,0.0,0.0,238078.0,3135787.0,256197126.0,690282.0
South_Asia,AFG,Afghanistan,AF-PAR,Parwan,196288.0,1362596523.0,260692011.0,0.0,0.0,1033414.0,17312511.0,1623288532.0,4231560.0
South_Asia,AFG,Afghanistan,AF-PIA,Paktia,123087.0,846002880.0,169251985.0,0.0,0.0,873748.0,10502798.0,1015254860.0,2564615.0
South_Asia,AFG,Afghanistan,AF-PKA,Paktika,164885.0,814633812.0,159652312.0,0.0,0.0,1067632.0,12797124.0,974286114.0,2434299.0
South_Asia,AFG,Afghanistan,AF-SAM,Samangan,107179.0,766909137.0,151099316.0,0.0,0.0,603126.0,9299432.0,918008464.0,2246932.0
South_Asia,AFG,Afghanistan,AF-SAR,Sar-e Pol,166314.0,1074727794.0,207396403.0,0.0,0.0,867722.0,14000614.0,1282124207.0,3354755.0
South_Asia,AFG,Afghanistan,AF-TAK,Takhar,291307.0,2045288807.0,396888834.0,0.0,0.0,1534408.0,25634998.0,2442177653.0,6609972.0
South_Asia,AFG,Afghanistan,AF-URU,Uruzgan,102236.0,643660136.0,122114320.0,0.0,0.0,697682.0,8720877.0,765774449.0,2150586.0
South_Asia,AFG,Afghanistan,AF-WAR,Wardak,164519.0,803044476.0,156444135.0,0.0,0.0,924822.0,12820675.0,959488607.0,2397349.0
South_Asia,AFG,Afghanistan,AF-ZAB,Zabul,73833.0,497921344.0,99834904.0,0.0,0.0,535102.0,6210738.0,597756238.0,1505095.0
South_Asia,BGD,Bangladesh,BD-A,Barishal,2326320.0,6583613509.0,1236621426.0,0.0,0.0,9519567.0,59674982.0,7820237169.0,13237190.0
South_Asia,BGD,Bangladesh,BD-B,Chattogram,6144305.0,30288017796.0,5725897183.0,0.0,0.0,35566066.0,221442864.0,36013926322.0,68546794.0
South_Asia,BGD,Bangladesh,BD-C,Dhaka,6955562.0,52253124477.0,10052553282.0,0.0,0.0,47958812.0,327100611.0,62305677819.0,115048356.0
South_Asia,BGD,Bangladesh,BD-D,Khulna,3718453.0,20895033284.0,3844142632.0,0.0,0.0,18307846.0,150034905.0,24739168799.0,54756166.0
South_Asia,BGD,Bangladesh,BD-E,Rajshahi,4367096.0,21434726615.0,4012556257.0,0.0,0.0,21292922.0,167213700.0,25447287067.0,52909640.0
South_Asia,BGD,Bangladesh,BD-F,Rangpur,4152925.0,17354673649.0,3324648841.0,0.0,0.0,18521029.0,138322823.0,20679319048.0,40569810.0
South_Asia,BGD,Bangladesh,BD-G,Sylhet,1868697.0,8739189873.0,1625012752.0,0.0,0.0,11587048.0,67400332.0,10364200654.0,22626865.0
South_Asia,BGD,Bangladesh,BD-H,Mymensingh,2908202.0,9111081861.0,1669497439.0,0.0,0.0,12933617.0,83117541.0,10780581690.0,18639756.0
South_Asia,BTN,Bhutan,BT-11,Paro,11271.0,236107709.0,44526205.0,0.0,0.0,50742.0,3109048.0,280633904.0,975913.0
South_Asia,BTN,Bhutan,BT-12,Chhukha,16574.0,463341594.0,86116240.0,0.0,0.0,75567.0,5887038.0,549457830.0,2310699.0
South_Asia,BTN,Bhutan,BT-13,Haa,4523.0,94000373.0,17711725.0,0.0,0.0,14962.0,1302793.0,111712089.0,313793.0
South_Asia,BTN,Bhutan,BT-14,Samtse,16904.0,303778560.0,58612786.0,0.0,0.0,68565.0,3852356.0,362391354.0,1342926.0
South_Asia,BTN,Bhutan,BT-15,Thimphu,36252.0,1118809848.0,209610431.0,0.0,0.0,152137.0,13869462.0,1328420273.0,5094167.0
South_Asia,BTN,Bhutan,BT-21,Tsirang,6883.0,113630434.0,21710750.0,0.0,0.0,24498.0,1378832.0,135341198.0,399720.0
South_Asia,BTN,Bhutan,BT-22,Dagana,7353.0,114841696.0,22341993.0,0.0,0.0,27343.0,1456503.0,137183695.0,365578.0
South_Asia,BTN,Bhutan,BT-23,Punakha,7610.0,174241290.0,32350415.0,0.0,0.0,31507.0,2227515.0,206591702.0,567538.0
South_Asia,BTN,Bhutan,BT-24,Wangdue Phodrang,9015.0,190587588.0,36109339.0,0.0,0.0,46153.0,2541201.0,226696930.0,727093.0
South_Asia,BTN,Bhutan,BT-31,Sarpang,14463.0,203136239.0,38591558.0,0.0,0.0,50422.0,2643228.0,241727814.0,1065303.0
South_Asia,BTN,Bhutan,BT-32,Trongsa,3796.0,117618509.0,21969552.0,0.0,0.0,21844.0,1395867.0,139588063.0,422046.0
South_Asia,BTN,Bhutan,BT-33,Bumthang,4170.0,115390673.0,21894001.0,0.0,0.0,19515.0,1337883.0,137284682.0,401788.0
South_Asia,BTN,Bhutan,BT-34,Zhemgang,5853.0,100707773.0,19604329.0,0.0,0.0,19439.0,1202510.0,120312104.0,320431.0
South_Asia,BTN,Bhutan,BT-41,Trashigang,15349.0,314500696.0,58008440.0,0.0,0.0,49870.0,3687813.0,372509135.0,1035274.0
South_Asia,BTN,Bhutan,BT-42,Monggar,10733.0,234457199.0,43461194.0,0.0,0.0,40711.0,2666697.0,277918389.0,783584.0
South_Asia,BTN,Bhutan,BT-43,Pema Gatshel,7166.0,153866029.0,29587212.0,0.0,0.0,25870.0,1906605.0,183453228.0,528590.0
South_Asia,BTN,Bhutan,BT-44,Lhuentse,5101.0,124930487.0,23155063.0,0.0,0.0,15811.0,1442254.0,148085543.0,401851.0
South_Asia,BTN,Bhutan,BT-45,Samdrup Jongkhar,12432.0,232963182.0,44530509.0,0.0,0.0,38446.0,2991809.0,277493711.0,992259.0
South_Asia,BTN,Bhutan,BT-GA,Gasa,1436.0,32261582.0,6028657.0,0.0,0.0,4327.0,382169.0,38290242.0,98676.0
South_Asia,BTN,Bhutan,BT-TY,Trashi Yangtse,5295.0,103039267.0,18791558.0,0.0,0.0,18949.0,1156437.0,121830806.0,308330.0
South_Asia,IND,India,IN-AN,Andaman and Nicobar Islands,100038.0,981122867.0,235470514.0,0.0,0.0,399684.0,6908172.0,1216593523.0,1933492.0
South_Asia,IND,India,IN-AP,Andhra Pradesh,10876473.0,83482834963.0,17682562465.0,0.0,0.0,52456190.0,580299532.0,101165396709.0,190779249.0
South_Asia,IND,India,IN-AR,Arunāchal Pradesh,355212.0,1964889055.0,456370326.0,0.0,0.0,1648150.0,19985614.0,2421258900.0,2576339.0
South_Asia,IND,India,IN-AS,Assam,8235974.0,63206832373.0,14189766912.0,0.0,0.0,37562650.0,665173708.0,77396600450.0,74471223.0
South_Asia,IND,India,IN-BR,Bihār,21467305.0,158239119701.0,31265021649.0,0.0,0.0,134289946.0,1542973183.0,189504140627.0,389077243.0
South_Asia,IND,India,IN-CG,Chhattīsgarh,6325971.0,43077839864.0,8469666150.0,0.0,0.0,31692815.0,423539857.0,51547504245.0,86644881.0
South_Asia,IND,India,IN-CH,Chandigarh,119694.0,4990895488.0,990018592.0,0.0,0.0,1283877.0,20731032.0,5980914079.0,8704641.0
South_Asia,IND,India,IN-DH,Dādra and Nagar Haveli and Damān and Diu,177730.0,3213912146.0,612332199.0,0.0,0.0,1300097.0,21322271.0,3826244485.0,8013109.0
South_Asia,IND,India,IN-DL,Delhi,2436830.0,110081227665.0,22023405546.0,0.0,0.0,22627460.0,380953704.0,132104633300.0,164615025.0
South_Asia,IND,India,IN-GA,Goa,346834.0,4907467824.0,1042572045.0,0.0,0.0,1649380.0,33223907.0,5950039626.0,9445012.0
South_Asia,IND,India,IN-GJ,Gujarāt,13028805.0,224129103881.0,48808936508.0,0.0,0.0,75106016.0,1227404623.0,272938039776.0,441089067.0
South_Asia,IND,India,IN-HP,Himāchal Pradesh,1754046.0,18378582201.0,4155447743.0,0.0,0.0,7843849.0,132545194.0,22534029695.0,43376894.0
South_Asia,IND,India,IN-HR,Haryāna,4798006.0,82940062627.0,17387215595.0,0.0,0.0,31939611.0,496206740.0,100327278072.0,220176488.0
South_Asia,IND,India,IN-JH,Jhārkhand,6901572.0,53643250003.0,10705959109.0,0.0,0.0,41768263.0,467360887.0,64349210182.0,107719608.0
South_Asia,IND,India,IN-JK,Jammu and Kashmīr,2170728.0,34295214440.0,7343955754.0,0.0,0.0,14183177.0,246086161.0,41639169889.0,88761698.0
South_Asia,IND,India,IN-KA,Karnātaka,14579273.0,184342212463.0,38785934433.0,0.0,0.0,71200385.0,1038164598.0,223128151255.0,328771640.0
South_Asia,IND,India,IN-KL,Kerala,10052867.0,147428462531.0,30720248665.0,0.0,0.0,37327668.0,1023330065.0,178148712313.0,310964998.0
South_Asia,IND,India,IN-LA,Ladākh,74477.0,695512983.0,158047851.0,0.0,0.0,402679.0,5946945.0,853560847.0,1120256.0
South_Asia,IND,India,IN-LD,Lakshadweep,11080.0,307004085.0,67488673.0,0.0,0.0,66672.0,1842013.0,374492762.0,678191.0
South_Asia,IND,India,IN-MH,Mahārāshtra,24759393.0,314681521915.0,66700925801.0,0.0,0.0,133071404.0,1762079002.0,381382460220.0,583074056.0
South_Asia,IND,India,IN-ML,Meghālaya,622518.0,4035437487.0,905902592.0,0.0,0.0,3503527.0,40370308.0,4941340823.0,6315415.0
South_Asia,IND,India,IN-MN,Manipur,711398.0,5546999278.0,1159864252.0,0.0,0.0,3376135.0,63242583.0,6706863376.0,6996735.0
South_Asia,IND,India,IN-MP,Madhya Pradesh,17040583.0,145217216265.0,28526905582.0,0.0,0.0,91537843.0,1262818395.0,173744120040.0,318752907.0
South_Asia,IND,India,IN-MZ,Mizoram,279102.0,2111127227.0,477921096.0,0.0,0.0,1294734.0,19414857.0,2589048202.0,2950975.0
South_Asia,IND,India,IN-NL,Nāgāland,533231.0,3620654437.0,793594388.0,0.0,0.0,2332492.0,36081431.0,4414249133.0,5137061.0
South_Asia,IND,India,IN-OD,Odisha,10829760.0,71281481470.0,15678128410.0,0.0,0.0,48644491.0,577695051.0,86959609110.0,147300070.0
South_Asia,IND,India,IN-PB,Punjab,4714734.0,92598899408.0,19454040715.0,0.0,0.0,32343757.0,539126885.0,112052940428.0,236362925.0
South_Asia,IND,India,IN-PY,Puducherry,249296.0,3148022243.0,585887550.0,0.0,0.0,1724545.0,20206512.0,3733909831.0,7476114.0
South_Asia,IND,India,IN-RJ,Rājasthān,14898830.0,157224334859.0,32546440767.0,0.0,0.0,85545357.0,1159394181.0,189770772886.0,351261810.0
South_Asia,IND,India,IN-SK,Sikkim,161254.0,1592914194.0,332832324.0,0.0,0.0,724161.0,13109690.0,1925746483.0,2955054.0
South_Asia,IND,India,IN-TN,Tamil Nādu,17427083.0,188990068537.0,39418867344.0,0.0,0.0,80650451.0,1153512457.0,228408933301.0,384751656.0
South_Asia,IND,India,IN-TR,Tripura,1193940.0,7416349048.0,1757745772.0,0.0,0.0,4310683.0,62740836.0,9174094150.0,9286913.0
South_Asia,IND,India,IN-TS,Telangāna,8291759.0,84015271770.0,16739446447.0,0.0,0.0,43620086.0,464170975.0,100754717947.0,151258679.0
South_Asia,IND,India,IN-UK,Uttarākhand,2078939.0,27594246521.0,5899565124.0,0.0,0.0,12050962.0,170662033.0,33493810326.0,63757796.0
South_Asia,IND,India,IN-UP,Uttar Pradesh,34917614.0,383084277694.0,76377477530.0,0.0,0.0,250503052.0,2834451045.0,459461751862.0,1033208544.0
South_Asia,IND,India,IN-WB,West Bengal,20968545.0,176572282111.0,37916473780.0,0.0,0.0,103881873.0,1226086096.0,214488754077.0,342025738.0
South_Asia,LKA,Sri Lanka,LK-1,Western,1701518.0,25935839318.0,4717272478.0,0.0,0.0,6387121.0,129947996.0,30653111812.0,61137983.0
South_Asia,LKA,Sri Lanka,LK-2,Central,1086139.0,15659423323.0,2812713082.0,0.0,0.0,2817744.0,81695978.0,18472136363.0,39289460.0
South_Asia,LKA,Sri Lanka,LK-3,Southern,985792.0,12069024067.0,2241573184.0,0.0,0.0,2701409.0,69240698.0,14310597267.0,34236655.0
South_Asia,LKA,Sri Lanka,LK-4,Northern,311828.0,3808781231.0,713487482.0,0.0,0.0,1193329.0,21659181.0,4522268728.0,8997276.0
South_Asia,LKA,Sri Lanka,LK-5,Eastern,479226.0,6476948379.0,1185385689.0,0.0,0.0,1908206.0,35167529.0,7662334068.0,17216986.0
South_Asia,LKA,Sri Lanka,LK-6,North Western,1028780.0,11119941446.0,2051428229.0,0.0,0.0,2840227.0,68777384.0,13171369675.0,35331800.0
South_Asia,LKA,Sri Lanka,LK-7,North Central,488782.0,5122650866.0,933268936.0,0.0,0.0,1564070.0,32316212.0,6055919805.0,16779494.0
South_Asia,LKA,Sri Lanka,LK-8,Uva,606765.0,7235686957.0,1304737213.0,0.0,0.0,1592027.0,42768873.0,8540424187.0,19909143.0
South_Asia,LKA,Sri Lanka,LK-9,Sabaragamuwa,1001678.0,11979248035.0,2150893757.0,0.0,0.0,2187260.0,69770090.0,14130141809.0,33670028.0
South_Asia,NPL,Nepal,NP-P1,Koshi,1199805.0,29385004515.0,5598261557.0,0.0,0.0,5020237.0,119310930.0,34983266018.0,45913702.0
South_Asia,NPL,Nepal,NP-P2,Madhesh,1020127.0,25378637977.0,4879907906.0,0.0,0.0,6256718.0,105785462.0,30258545864.0,41190399.0
South_Asia,NPL,Nepal,NP-P3,Bagmati,1264766.0,88021473934.0,15909177315.0,0.0,0.0,6124477.0,316420354.0,103930651226.0,132942168.0
South_Asia,NPL,Nepal,NP-P4,Gandaki,625409.0,21852186921.0,4046374264.0,0.0,0.0,2506074.0,80446086.0,25898561132.0,34146748.0
South_Asia,NPL,Nepal,NP-P5,Lumbini,1137002.0,30226746775.0,5637861560.0,0.0,0.0,5180250.0,118016660.0,35864608306.0,51581784.0
South_Asia,NPL,Nepal,NP-P6,Karnali,380406.0,6821836264.0,1311729063.0,0.0,0.0,1724789.0,30305733.0,8133565338.0,11388337.0
South_Asia,NPL,Nepal,NP-P7,Sudurpashchim,581440.0,12023045631.0,2338001000.0,0.0,0.0,2741748.0,50017728.0,14361046617.0,20288406.0
South_Asia,PAK,Pakistan,PK-BA,Balochistan,2287401.0,34139299925.0,6778697683.0,0.0,0.0,14702438.0,178830598.0,40917997591.0,55368727.0
South_Asia,PAK,Pakistan,PK-GB,Gilgit-Baltistan,245153.0,3670003623.0,722596137.0,0.0,0.0,1111988.0,20079125.0,4392599757.0,8349223.0
South_Asia,PAK,Pakistan,PK-IS,Islamabad,410128.0,10746233143.0,1972946420.0,0.0,0.0,2693425.0,51389163.0,12719179551.0,23671058.0
South_Asia,PAK,Pakistan,PK-JK,Azad Jammu and Kashmir,778809.0,11404139342.0,2216809405.0,0.0,0.0,4856801.0,62722101.0,13620948733.0,25704186.0
South_Asia,PAK,Pakistan,PK-KP,Khyber Pakhtunkhwa,5710625.0,83091894029.0,16448214232.0,0.0,0.0,42477854.0,447915785.0,99540108220.0,187101740.0
South_Asia,PAK,Pakistan,PK-PB,Punjab,21835214.0,367120791585.0,71956427628.0,0.0,0.0,132041755.0,1877266944.0,439077219246.0,875094779.0
South_Asia,PAK,Pakistan,PK-SD,Sindh,7653357.0,204080197432.0,38614180207.0,0.0,0.0,57335284.0,925721701.0,242694377657.0,372724277.0
Southeast_Asia,BRN,Brunei,BN-BE,Belait,11897.0,916336282.0,203607514.0,0.0,0.0,70163.0,1369590.0,1119943803.0,607310.0
Southeast_Asia,BRN,Brunei,BN-BM,Brunei-Muara,53584.0,4680582411.0,985303397.0,0.0,0.0,338333.0,6668732.0,5665885823.0,3009492.0
Southeast_Asia,BRN,Brunei,BN-TE,Temburong,1786.0,123436480.0,28635845.0,0.0,0.0,7665.0,193446.0,152072325.0,82322.0
Southeast_Asia,BRN,Brunei,BN-TU,Tutong,8761.0,594826075.0,134057032.0,0.0,0.0,50171.0,952927.0,728883118.0,446817.0
Southeast_Asia,IDN,Indonesia,ID-AC,Aceh,843353.0,25365644772.0,5541973746.0,0.0,0.0,5598187.0,83739930.0,30907618517.0,29119918.0
Southeast_Asia,IDN,Indonesia,ID-BA,Bali,942290.0,33686642690.0,6903098998.0,0.0,0.0,4593511.0,98150172.0,40589741707.0,37770407.0
Southeast_Asia,IDN,Indonesia,ID-BB,Kepulauan Bangka Belitung,291100.0,10827882735.0,2160388212.0,0.0,0.0,1522829.0,32911887.0,12988270949.0,13109572.0
Southeast_Asia,IDN,Indonesia,ID-BE,Bengkulu,334647.0,10901226153.0,2226290396.0,0.0,0.0,2170167.0,34644759.0,13127516557.0,13452055.0
Southeast_Asia,IDN,Indonesia,ID-BT,Banten,2032962.0,92761951905.0,17985258153.0,0.0,0.0,12556262.0,261542683.0,110747210093.0,112552941.0
Southeast_Asia,IDN,Indonesia,ID-GO,Gorontalo,251504.0,8406561219.0,1713506649.0,0.0,0.0,1218430.0,26207600.0,10120067872.0,10435720.0
Southeast_Asia,IDN,Indonesia,ID-JA,Jambi,678664.0,22044267015.0,4463300375.0,0.0,0.0,3777775.0,71495382.0,26507567388.0,27371110.0
Southeast_Asia,IDN,Indonesia,ID-JB,Jawa Barat,8469645.0,367652791052.0,71378611308.0,0.0,0.0,51398932.0,1055076947.0,439031402328.0,450673642.0
Southeast_Asia,IDN,Indonesia,ID-JI,Jawa Timur,7057953.0,281865726976.0,54857260283.0,0.0,0.0,43376639.0,834321131.0,336722987229.0,361179845.0
Southeast_Asia,IDN,Indonesia,ID-JK,DKI Jakarta,1292815.0,102998039897.0,19250590638.0,0.0,0.0,11441997.0,241923780.0,122248630526.0,111689306.0
Southeast_Asia,IDN,Indonesia,ID-JT,Jawa Tengah,5891906.0,228717853890.0,45279430128.0,0.0,0.0,39010674.0,686253065.0,273997283995.0,290533970.0
Southeast_Asia,IDN,Indonesia,ID-KB,Kalimantan Barat,976731.0,25409020012.0,5371604300.0,0.0,0.0,5782429.0,85067200.0,30780624302.0,27910669.0
Southeast_Asia,IDN,Indonesia,ID-KI,Kalimantan Timur,749825.0,24627519682.0,4919354737.0,0.0,0.0,4000162.0,75333703.0,29546874433.0,27268379.0
Southeast_Asia,IDN,Indonesia,ID-KR,Kepulauan Riau,408450.0,19393876795.0,3724906149.0,0.0,0.0,2062965.0,53751861.0,23118782951.0,22241157.0
Southeast_Asia,IDN,Indonesia,ID-KS,Kalimantan Selatan,952553.0,27086976645.0,5588685999.0,0.0,0.0,4359725.0,87044832.0,32675662647.0,30423724.0
Southeast_Asia,IDN,Indonesia,ID-KT,Kalimantan Tengah,584115.0,15090817534.0,3147829641.0,0.0,0.0,2846962.0,50967020.0,18238647174.0,16770526.0
Southeast_Asia,IDN,Indonesia,ID-KU,Kalimantan Utara,138799.0,4408297723.0,885711242.0,0.0,0.0,734916.0,13659969.0,5294008982.0,4886642.0
Southeast_Asia,IDN,Indonesia,ID-LA,Lampung,1647283.0,50744909156.0,10404922251.0,0.0,0.0,9623119.0,165406811.0,61149831425.0,63178686.0
Southeast_Asia,IDN,Indonesia,ID-MA,Maluku,267637.0,8420371782.0,1688152189.0,0.0,0.0,1535826.0,27564429.0,10108523946.0,10214676.0
Southeast_Asia,IDN,Indonesia,ID-MU,Maluku Utara,219785.0,6457380631.0,1351241681.0,0.0,0.0,1176338.0,21728555.0,7808622318.0,8014363.0
Southeast_Asia,IDN,Indonesia,ID-NB,Nusa Tenggara Barat,1038513.0,29365050555.0,6218813548.0,0.0,0.0,5231188.0,95532839.0,35583864105.0,33046587.0
Southeast_Asia,IDN,Indonesia,ID-NT,Nusa Tenggara Timur,977857.0,22259518268.0,4778661345.0,0.0,0.0,5329365.0,79839570.0,27038179631.0,24945029.0
Southeast_Asia,IDN,Indonesia,ID-PA,Papua,153404.0,5184461565.0,1043661368.0,0.0,0.0,1023757.0,16634322.0,6228122929.0,5668727.0
Southeast_Asia,IDN,Indonesia,ID-PB,Papua Barat,97293.0,2606639609.0,544475835.0,0.0,0.0,532434.0,9364641.0,3151115450.0,2912883.0
Southeast_Asia,IDN,Indonesia,ID-PD,Papua Barat Daya,108859.0,2988751648.0,623914930.0,0.0,0.0,586809.0,10602703.0,3612666578.0,3327385.0
Southeast_Asia,IDN,Indonesia,ID-PE,Papua Pengunungan,355078.0,6936612114.0,1548968294.0,0.0,0.0,1535782.0,30059262.0,8485580409.0,7028486.0
Southeast_Asia,IDN,Indonesia,ID-PS,Papua Selatan,126418.0,3296355244.0,691149277.0,0.0,0.0,567341.0,12106520.0,3987504525.0,3486385.0
Southeast_Asia,IDN,Indonesia,ID-PT,Papua Tengah,378925.0,9540256197.0,2006677580.0,0.0,0.0,1388804.0,35861167.0,11546933786.0,10054783.0
Southeast_Asia,IDN,Indonesia,ID-RI,Riau,1339201.0,46324697861.0,9179578568.0,0.0,0.0,6748050.0,146266458.0,55504276433.0,58559117.0
Southeast_Asia,IDN,Indonesia,ID-SA,Sulawesi Utara,474348.0,16983277967.0,3424714299.0,0.0,0.0,2695265.0,52420674.0,20407992263.0,20931955.0
Southeast_Asia,IDN,Indonesia,ID-SB,Sumatera Barat,915859.0,33344505598.0,6794664911.0,0.0,0.0,5879117.0,101203803.0,40139170499.0,41873532.0
Southeast_Asia,IDN,Indonesia,ID-SG,Sulawesi Tenggara,482337.0,15813663842.0,3332604881.0,0.0,0.0,2664699.0,50666743.0,19146268726.0,20331158.0
Southeast_Asia,IDN,Indonesia,ID-SN,Sulawesi Selatan,1525801.0,50458511543.0,10368194050.0,0.0,0.0,9570310.0,161098034.0,60826705609.0,64446724.0
Southeast_Asia,IDN,Indonesia,ID-SR,Sulawesi Barat,280357.0,6054519799.0,1390748721.0,0.0,0.0,1492976.0,23341249.0,7445268520.0,5829210.0
Southeast_Asia,IDN,Indonesia,ID-SS,Sumatera Selatan,1392594.0,44557725587.0,9057873481.0,0.0,0.0,9039578.0,144105992.0,53615599039.0,54820810.0
Southeast_Asia,IDN,Indonesia,ID-ST,Sulawesi Tengah,534545.0,16008336826.0,3383778464.0,0.0,0.0,2977793.0,53225190.0,19392115269.0,18792822.0
Southeast_Asia,IDN,Indonesia,ID-SU,Sumatera Utara,2378222.0,73906465731.0,15382223795.0,0.0,0.0,15722883.0,244097441.0,89288689518.0,84518931.0
Southeast_Asia,IDN,Indonesia,ID-YO,Yogyakarta,743048.0,31970172349.0,6210415704.0,0.0,0.0,3947242.0,90191348.0,38180588052.0,38234031.0
Southeast_Asia,KHM,Cambodia,KH-1,Banteay Mean Choăy,183027.0,2264248569.0,535307138.0,0.0,0.0,862931.0,14021386.0,2799555704.0,2552757.0
Southeast_Asia,KHM,Cambodia,KH-10,Kracheh,106209.0,995139945.0,238661511.0,0.0,0.0,435712.0,7410765.0,1233801454.0,1053453.0
Southeast_Asia,KHM,Cambodia,KH-11,Mondol Kiri,16684.0,202146878.0,45101829.0,0.0,0.0,22975.0,1252784.0,247248714.0,247462.0
Southeast_Asia,KHM,Cambodia,KH-12,Phnom Penh,287412.0,14628841527.0,2976535588.0,0.0,0.0,1972953.0,39591421.0,17605377125.0,15327645.0
Southeast_Asia,KHM,Cambodia,KH-13,Preah Vihear,100415.0,1171144139.0,275859007.0,0.0,0.0,236521.0,7362658.0,1447003143.0,1317247.0
Southeast_Asia,KHM,Cambodia,KH-14,Prey Veaeng,330192.0,3660833569.0,866404446.0,0.0,0.0,1242614.0,24827679.0,4527238021.0,4204916.0
Southeast_Asia,KHM,Cambodia,KH-15,Pousaat,113946.0,1348475818.0,316933522.0,0.0,0.0,382246.0,8563858.0,1665409343.0,1732025.0
Southeast_Asia,KHM,Cambodia,KH-16,Rotanak Kiri,19860.0,238451309.0,54616456.0,0.0,0.0,44584.0,1462782.0,293067754.0,253194.0
Southeast_Asia,KHM,Cambodia,KH-17,Siem Reab,241288.0,3133495408.0,727574732.0,0.0,0.0,966957.0,17947726.0,3861070132.0,3780220.0
Southeast_Asia,KHM,Cambodia,KH-18,Preah Sihanouk,74937.0,1657704881.0,360540977.0,0.0,0.0,208866.0,6711509.0,2018245851.0,2215901.0
Southeast_Asia,KHM,Cambodia,KH-19,Stueng Traeng,42682.0,523620349.0,120702528.0,0.0,0.0,130322.0,3169537.0,644322866.0,550098.0
Southeast_Asia,KHM,Cambodia,KH-2,Baat Dambang,277288.0,3578105541.0,834761561.0,0.0,0.0,850519.0,21116198.0,4412867077.0,4588728.0
Southeast_Asia,KHM,Cambodia,KH-20,Svaay Rieng,178342.0,2355034340.0,543789493.0,0.0,0.0,433498.0,14557253.0,2898823833.0,3592428.0
Southeast_Asia,KHM,Cambodia,KH-21,Taakaev,247453.0,3040258097.0,731833888.0,0.0,0.0,951712.0,19050752.0,3772091978.0,4594873.0
Southeast_Asia,KHM,Cambodia,KH-22,Otdar Mean Chey,58308.0,600084176.0,142082675.0,0.0,0.0,176800.0,4137770.0,742166844.0,640058.0
Southeast_Asia,KHM,Cambodia,KH-23,Kaeb,264.0,22139974.0,4904464.0,0.0,0.0,0.0,46561.0,27044439.0,26629.0
Southeast_Asia,KHM,Cambodia,KH-24,Pailin,19201.0,409597741.0,90278467.0,0.0,0.0,84893.0,1792434.0,499876217.0,553425.0
Southeast_Asia,KHM,Cambodia,KH-25,Tbong Khmum,143750.0,1677011832.0,397543259.0,0.0,0.0,794861.0,10797692.0,2074555099.0,1979943.0
Southeast_Asia,KHM,Cambodia,KH-3,Kampong Chaam,322776.0,3361154031.0,801139203.0,0.0,0.0,947160.0,23579858.0,4162293231.0,3884340.0
Southeast_Asia,KHM,Cambodia,KH-4,Kampong Chhnang,144951.0,1656217803.0,403393960.0,0.0,0.0,543866.0,10805703.0,2059611756.0,2040795.0
Southeast_Asia,KHM,Cambodia,KH-5,Kampong Spueu,205781.0,2466282467.0,593422363.0,0.0,0.0,1021063.0,15446848.0,3059704828.0,3107023.0
Southeast_Asia,KHM,Cambodia,KH-6,Kampong Thum,178426.0,1850011953.0,452132102.0,0.0,0.0,614789.0,12907679.0,2302144050.0,1959603.0
Southeast_Asia,KHM,Cambodia,KH-7,Kampot,167314.0,1875552373.0,442564976.0,0.0,0.0,625407.0,12536105.0,2318117352.0,2460486.0
Southeast_Asia,KHM,Cambodia,KH-8,Kandaal,276724.0,4038821958.0,935331647.0,0.0,0.0,1301334.0,21969182.0,4974153608.0,5908402.0
Southeast_Asia,KHM,Cambodia,KH-9,Kaoh Kong,28282.0,525675287.0,118591024.0,0.0,0.0,55933.0,2409036.0,644266307.0,720249.0
Southeast_Asia,LAO,Laos,LA-AT,Attapu,39481.0,637889387.0,158005032.0,0.0,0.0,174372.0,2962660.0,795894413.0,1049782.0
Southeast_Asia,LAO,Laos,LA-BK,Bokèo,45514.0,699970972.0,171570752.0,0.0,0.0,221641.0,3404218.0,871541710.0,1199043.0
Southeast_Asia,LAO,Laos,LA-BL,Bolikhamxai,82102.0,1563233650.0,396513183.0,0.0,0.0,343123.0,6413670.0,1959746840.0,2717921.0
Southeast_Asia,LAO,Laos,LA-CH,Champasak,176689.0,2468604409.0,635954362.0,0.0,0.0,819019.0,12714463.0,3104558758.0,4152360.0
Southeast_Asia,LAO,Laos,LA-HO,Houaphan,67391.0,826511468.0,212685648.0,0.0,0.0,338705.0,4798899.0,1039197113.0,1481220.0
Southeast_Asia,LAO,Laos,LA-KH,Khammouan,104243.0,1419133768.0,359815940.0,0.0,0.0,472234.0,7563693.0,1778949714.0,2503081.0
Southeast_Asia,LAO,Laos,LA-LM,Louang Namtha,46226.0,613300328.0,151784122.0,0.0,0.0,216930.0,3313649.0,765084448.0,1001539.0
Southeast_Asia,LAO,Laos,LA-LP,Louangphabang,119707.0,2107676638.0,534658792.0,0.0,0.0,508670.0,9208025.0,2642335425.0,3632595.0
Southeast_Asia,LAO,Laos,LA-OU,Oudômxai,84093.0,1255328621.0,323062909.0,0.0,0.0,376750.0,6150296.0,1578391528.0,1977879.0
Southeast_Asia,LAO,Laos,LA-PH,Phôngsali,45837.0,528193667.0,133945368.0,0.0,0.0,210238.0,3191012.0,662139037.0,856806.0
Southeast_Asia,LAO,Laos,LA-SL,Salavan,91259.0,940233550.0,241516179.0,0.0,0.0,481926.0,6259960.0,1181749726.0,1589826.0
Southeast_Asia,LAO,Laos,LA-SV,Savannakhét,228510.0,3154588127.0,804310095.0,0.0,0.0,1165533.0,16476455.0,3958898214.0,5344482.0
Southeast_Asia,LAO,Laos,LA-VI,Viangchan,155458.0,3476128050.0,904110817.0,0.0,0.0,502404.0,12608666.0,4380238872.0,6008726.0
Southeast_Asia,LAO,Laos,LA-VT,Nakhon Luang Viangchan,250704.0,6432077785.0,1510564752.0,0.0,0.0,1031836.0,21663678.0,7942642548.0,10523234.0
Southeast_Asia,LAO,Laos,LA-XA,Xaignabouli,116937.0,2417192392.0,611950074.0,0.0,0.0,459725.0,9501260.0,3029142453.0,4240617.0
Southeast_Asia,LAO,Laos,LA-XE,Xékong,37418.0,759831021.0,201467780.0,0.0,0.0,141113.0,2914366.0,961298796.0,1091647.0
Southeast_Asia,LAO,Laos,LA-XI,Xiangkhouang,57687.0,729047548.0,181496110.0,0.0,0.0,291057.0,4112033.0,910543664.0,1192370.0
Southeast_Asia,LAO,Laos,LA-XS,Xaisômboun,20114.0,244641013.0,55791451.0,0.0,0.0,117773.0,1467964.0,300432459.0,444652.0
Southeast_Asia,MMR,Myanmar,MM-01,Sagaing,1274099.0,8071848242.0,1969751711.0,0.0,0.0,5594755.0,67932591.0,10041599524.0,8559413.0
Southeast_Asia,MMR,Myanmar,MM-02,Bago,1326370.0,7943736133.0,1940883649.0,0.0,0.0,4890002.0,69903989.0,9884619504.0,8212653.0
Southeast_Asia,MMR,Myanmar,MM-03,Magway,987265.0,6395377685.0,1562884735.0,0.0,0.0,3859326.0,52814562.0,7958262285.0,6199797.0
Southeast_Asia,MMR,Myanmar,MM-04,Mandalay,1454461.0,11724537125.0,2708153758.0,0.0,0.0,6605829.0,82085597.0,14432690544.0,12870953.0
Southeast_Asia,MMR,Myanmar,MM-05,Tanintharyi,334389.0,3216619129.0,751575969.0,0.0,0.0,1474468.0,19915469.0,3968195267.0,4098240.0
Southeast_Asia,MMR,Myanmar,MM-06,Yangon,1849867.0,29922164361.0,6086845087.0,0.0,0.0,8772870.0,131329010.0,36009009465.0,30541718.0
Southeast_Asia,MMR,Myanmar,MM-07,Ayeyarwady,1805153.0,10658058049.0,2596338313.0,0.0,0.0,6142504.0,94039579.0,13254396227.0,9382794.0
Southeast_Asia,MMR,Myanmar,MM-11,Kachin,346852.0,2521162145.0,585529865.0,0.0,0.0,1982313.0,18987339.0,3106691950.0,2621003.0
Southeast_Asia,MMR,Myanmar,MM-12,Kayah,69099.0,499503895.0,117168939.0,0.0,0.0,337877.0,3817895.0,616672815.0,679386.0
Southeast_Asia,MMR,Myanmar,MM-13,Kayin,369140.0,2488809957.0,588144968.0,0.0,0.0,1591536.0,19952096.0,3076955066.0,3133919.0
Southeast_Asia,MMR,Myanmar,MM-14,Chin,123752.0,922081017.0,222206902.0,0.0,0.0,518033.0,6919526.0,1144287919.0,1011674.0
Southeast_Asia,MMR,Myanmar,MM-15,Mon,474509.0,3594810939.0,891133713.0,0.0,0.0,1910945.0,27406484.0,4485944723.0,5159692.0
Southeast_Asia,MMR,Myanmar,MM-16,Rakhine,517013.0,4447210141.0,1019848349.0,0.0,0.0,3288834.0,29148426.0,5467058310.0,4135182.0
Southeast_Asia,MMR,Myanmar,MM-17,Shan,1599794.0,12977691311.0,2927537885.0,0.0,0.0,6554271.0,89916198.0,15905228635.0,17049925.0
Southeast_Asia,MMR,Myanmar,MM-18,Nay Pyi Taw,249103.0,2785173653.0,600388015.0,0.0,0.0,1327091.0,15368954.0,3385561649.0,2911288.0
Southeast_Asia,MYS,Malaysia,MY-01,Johor,1175240.0,48710318956.0,9909837569.0,0.0,0.0,4420481.0,144141788.0,58620156499.0,63053261.0
Southeast_Asia,MYS,Malaysia,MY-02,Kedah,653898.0,22195367091.0,4602359680.0,0.0,0.0,2355360.0,69246023.0,26797726763.0,29669266.0
Southeast_Asia,MYS,Malaysia,MY-03,Kelantan,475660.0,13031497392.0,2829793192.0,0.0,0.0,1996413.0,45855687.0,15861290576.0,16684588.0
Southeast_Asia,MYS,Malaysia,MY-04,Melaka,313642.0,13592239503.0,2755872694.0,0.0,0.0,1107494.0,38705344.0,16348112206.0,16721451.0
Southeast_Asia,MYS,Malaysia,MY-05,Negeri Sembilan,398012.0,16012962395.0,3331625253.0,0.0,0.0,1321985.0,48297547.0,19344587644.0,20936651.0
Southeast_Asia,MYS,Malaysia,MY-06,Pahang,437307.0,15605013385.0,3296205827.0,0.0,0.0,1787993.0,49603696.0,18901219236.0,20983541.0
Southeast_Asia,MYS,Malaysia,MY-07,Pulau Pinang,406949.0,27756740482.0,5427842648.0,0.0,0.0,1907825.0,75289445.0,33184583127.0,31601519.0
Southeast_Asia,MYS,Malaysia,MY-08,Perak,802718.0,28814889104.0,6014159711.0,0.0,0.0,2735243.0,87401601.0,34829048813.0,37206214.0
Southeast_Asia,MYS,Malaysia,MY-09,Perlis,87812.0,2841628581.0,615566706.0,0.0,0.0,316251.0,9371877.0,3457195290.0,4006508.0
Southeast_Asia,MYS,Malaysia,MY-10,Selangor,1654245.0,102952416540.0,19880544675.0,0.0,0.0,7786208.0,282821603.0,122832961210.0,119912115.0
Southeast_Asia,MYS,Malaysia,MY-11,Terengganu,312105.0,10379950348.0,2212745722.0,0.0,0.0,1286243.0,32759526.0,12592696069.0,13066728.0
Southeast_Asia,MYS,Malaysia,MY-12,Sabah,640183.0,21916881969.0,4651747580.0,0.0,0.0,3860323.0,72352780.0,26568629500.0,24680451.0
Southeast_Asia,MYS,Malaysia,MY-13,Sarawak,662964.0,22392821230.0,4744874914.0,0.0,0.0,2709363.0,72003294.0,27137696154.0,28151837.0
Southeast_Asia,MYS,Malaysia,MY-14,Kuala Lumpur,280992.0,40159372533.0,7645268087.0,0.0,0.0,2151241.0,103290705.0,47804640622.0,45042204.0
Southeast_Asia,MYS,Malaysia,MY-15,Labuan,21440.0,1018969049.0,210007812.0,0.0,0.0,107087.0,2951766.0,1228976864.0,1135027.0
Southeast_Asia,MYS,Malaysia,MY-16,Putrajaya,19005.0,2413507717.0,450252348.0,0.0,0.0,128316.0,6257042.0,2863760072.0,2599646.0
Southeast_Asia,PHL,Philippines,PH-00,National Capital Region,2746490.0,69171518471.0,13041778006.0,0.0,0.0,14477736.0,189992202.0,82213296715.0,81498013.0
Southeast_Asia,PHL,Philippines,PH-01,Ilocos,1434975.0,23643969383.0,4564772289.0,0.0,0.0,5692012.0,77177917.0,28208742814.0,33704104.0
Southeast_Asia,PHL,Philippines,PH-02,Cagayan Valley,1049027.0,16123805501.0,3117955305.0,0.0,0.0,3959978.0,53070081.0,19241760337.0,23015040.0
Southeast_Asia,PHL,Philippines,PH-03,Central Luzon,3129005.0,63374733998.0,11967704402.0,0.0,0.0,13243590.0,197458063.0,75342438054.0,85557348.0
Southeast_Asia,PHL,Philippines,PH-05,Bicol,1581209.0,18874628167.0,3752601191.0,0.0,0.0,6498259.0,65439589.0,22627228227.0,25798297.0
Southeast_Asia,PHL,Philippines,PH-06,Western Visayas,1373784.0,18349363586.0,3737146722.0,0.0,0.0,5070836.0,67451684.0,22086509615.0,24926171.0
Southeast_Asia,PHL,Philippines,PH-07,Central Visayas,1791351.0,23536306618.0,4723895753.0,0.0,0.0,7008744.0,81320360.0,28260201440.0,31912332.0
Southeast_Asia,PHL,Philippines,PH-08,Eastern Visayas,1256236.0,15013293585.0,3110343020.0,0.0,0.0,4848704.0,56921729.0,18123635268.0,20675577.0
Southeast_Asia,PHL,Philippines,PH-09,Zamboanga Peninsula,994863.0,11046257184.0,2361259974.0,0.0,0.0,4138228.0,44388940.0,13407517565.0,13441765.0
Southeast_Asia,PHL,Philippines,PH-10,Northern Mindanao,1359473.0,16175727511.0,3334260675.0,0.0,0.0,5384149.0,60719145.0,19509988251.0,20798810.0
Southeast_Asia,PHL,Philippines,PH-11,Davao,1587265.0,19339383094.0,3964918196.0,0.0,0.0,5621664.0,70600587.0,23304301251.0,24817556.0
Southeast_Asia,PHL,Philippines,PH-12,Soccsksargen,1272307.0,11915938510.0,2486413763.0,0.0,0.0,4680668.0,44682749.0,14402352103.0,15507887.0
Southeast_Asia,PHL,Philippines,PH-13,Caraga,762908.0,8269921933.0,1757358194.0,0.0,0.0,2992474.0,32924666.0,10027280237.0,10436818.0
Southeast_Asia,PHL,Philippines,PH-14,Bangsamoro,804703.0,9340342122.0,2055545355.0,0.0,0.0,5213413.0,41923489.0,11395887539.0,11351127.0
Southeast_Asia,PHL,Philippines,PH-15,Cordillera Administrative Region,550461.0,9807886810.0,1938444094.0,0.0,0.0,1931768.0,32448134.0,11746330679.0,14024171.0
Southeast_Asia,PHL,Philippines,PH-16,Negros Island Region,1354272.0,15399993716.0,3148943314.0,0.0,0.0,5102836.0,56756156.0,18548936782.0,20454506.0
Southeast_Asia,PHL,Philippines,PH-40,Calabarzon,3822534.0,82781432187.0,15618664576.0,0.0,0.0,17360767.0,258030067.0,98400096412.0,110135730.0
Southeast_Asia,PHL,Philippines,PH-41,Mimaropa,939104.0,9126483758.0,1861687289.0,0.0,0.0,3445637.0,33568799.0,10988170362.0,12072958.0
Southeast_Asia,SGP,Singapore,SG-01,Central Singapore,42968.0,275596329231.0,51299933825.0,0.0,0.0,1302340.0,137875062.0,326896263322.0,69922463.0
Southeast_Asia,SGP,Singapore,SG-02,North East,29055.0,236878030351.0,43814906988.0,0.0,0.0,1347547.0,119016421.0,280692937361.0,56238802.0
Southeast_Asia,SGP,Singapore,SG-03,North West,8844.0,171449067755.0,32467719003.0,0.0,0.0,865487.0,86789839.0,203916787421.0,42468180.0
Southeast_Asia,SGP,Singapore,SG-04,South East,21466.0,157828428309.0,30035708245.0,0.0,0.0,999801.0,80810398.0,187864138312.0,38089642.0
Southeast_Asia,SGP,Singapore,SG-05,South West,15620.0,264800034835.0,52733315672.0,0.0,0.0,1352914.0,138221279.0,317533351808.0,68447827.0
Southeast_Asia,THA,Thailand,TH-10,Bangkok,1764038.0,132019306563.0,25882953873.0,0.0,0.0,11114849.0,330524191.0,157902260440.0,135034561.0
Southeast_Asia,THA,Thailand,TH-11,Samut Prakan,517064.0,24850244545.0,5057841786.0,0.0,0.0,3052454.0,70137054.0,29908086322.0,27949277.0
Southeast_Asia,THA,Thailand,TH-12,Nonthaburi,362225.0,16769826345.0,3387205735.0,0.0,0.0,1993232.0,47521034.0,20157032081.0,19271042.0
Southeast_Asia,THA,Thailand,TH-13,Pathum Thani,426956.0,22004078564.0,4316236182.0,0.0,0.0,2438176.0,60986757.0,26320314752.0,25151307.0
Southeast_Asia,THA,Thailand,TH-14,Phra Nakhon Si Ayutthaya,268803.0,13138407661.0,2678189843.0,0.0,0.0,1027405.0,37835060.0,15816597490.0,14714587.0
Southeast_Asia,THA,Thailand,TH-15,Ang Thong,98806.0,2847888501.0,664466572.0,0.0,0.0,224943.0,9165661.0,3512355065.0,3085529.0
Southeast_Asia,THA,Thailand,TH-16,Lop Buri,284817.0,8285008012.0,1818387800.0,0.0,0.0,752633.0,27018521.0,10103395805.0,9476795.0
Southeast_Asia,THA,Thailand,TH-17,Sing Buri,73904.0,2248499228.0,511439617.0,0.0,0.0,162104.0,7124393.0,2759938845.0,2618140.0
Southeast_Asia,THA,Thailand,TH-18,Chai Nat,118348.0,3665980997.0,817226679.0,0.0,0.0,245831.0,10852623.0,4483207668.0,3713663.0
Southeast_Asia,THA,Thailand,TH-19,Saraburi,249976.0,7545768486.0,1602786067.0,0.0,0.0,823586.0,24524804.0,9148554548.0,9167336.0
Southeast_Asia,THA,Thailand,TH-20,Chon Buri,506349.0,27335499929.0,5332268559.0,0.0,0.0,2239062.0,71952565.0,32667768493.0,30360304.0
Southeast_Asia,THA,Thailand,TH-21,Rayong,285524.0,11591555933.0,2359607328.0,0.0,0.0,1211906.0,32781166.0,13951163260.0,14171461.0
Southeast_Asia,THA,Thailand,TH-22,Chanthaburi,213978.0,7334515309.0,1530175063.0,0.0,0.0,464724.0,21907477.0,8864690370.0,8829493.0
Southeast_Asia,THA,Thailand,TH-23,Trat,87088.0,2910143665.0,614980121.0,0.0,0.0,271661.0,8795899.0,3525123792.0,3552622.0
Southeast_Asia,THA,Thailand,TH-24,Chachoengsao,240576.0,7237037119.0,1542554088.0,0.0,0.0,777382.0,23460613.0,8779591208.0,8873392.0
Southeast_Asia,THA,Thailand,TH-25,Prachin Buri,249350.0,6714106850.0,1494249728.0,0.0,0.0,696387.0,23647402.0,8208356582.0,9148805.0
Southeast_Asia,THA,Thailand,TH-26,Nakhon Nayok,117888.0,3309319209.0,727590047.0,0.0,0.0,236192.0,11334448.0,4036909257.0,4367667.0
Southeast_Asia,THA,Thailand,TH-27,Sa Kaeo,242799.0,6814119652.0,1556025392.0,0.0,0.0,582357.0,22528924.0,8370145042.0,8296706.0
Southeast_Asia,THA,Thailand,TH-30,Nakhon Ratchasima,853107.0,23586402551.0,5225178368.0,0.0,0.0,2467440.0,78863015.0,28811580930.0,29159060.0
Southeast_Asia,THA,Thailand,TH-31,Buri Ram,444749.0,12773945918.0,3060304676.0,0.0,0.0,1028327.0,41830570.0,15834250598.0,15368025.0
Southeast_Asia,THA,Thailand,TH-32,Surin,430868.0,13423561071.0,3489035734.0,0.0,0.0,895562.0,44250735.0,16912596804.0,16855741.0
Southeast_Asia,THA,Thailand,TH-33,Si Sa Ket,363023.0,9075049439.0,2236075428.0,0.0,0.0,754690.0,32651356.0,11311124863.0,10950816.0
Southeast_Asia,THA,Thailand,TH-34,Ubon Ratchathani,599430.0,16028216080.0,3733571231.0,0.0,0.0,1680644.0,55064579.0,19761787312.0,18299651.0
Southeast_Asia,THA,Thailand,TH-35,Yasothon,188419.0,5206512493.0,1334194428.0,0.0,0.0,401580.0,17627979.0,6540706919.0,6070938.0
Southeast_Asia,THA,Thailand,TH-36,Chaiyaphum,346709.0,8245098948.0,1972456877.0,0.0,0.0,794625.0,29754136.0,10217555835.0,9389223.0
Southeast_Asia,THA,Thailand,TH-37,Amnat Charoen,108626.0,2881344681.0,700176274.0,0.0,0.0,213330.0,9662180.0,3581520946.0,3175362.0
Southeast_Asia,THA,Thailand,TH-38,Bueng Kan,104489.0,2676651767.0,627841665.0,0.0,0.0,318664.0,9169195.0,3304493427.0,3166873.0
Southeast_Asia,THA,Thailand,TH-39,Nong Bua Lam Phu,177247.0,5769666475.0,1461898127.0,0.0,0.0,452483.0,17630917.0,7231564602.0,6519386.0
Southeast_Asia,THA,Thailand,TH-40,Khon Kaen,609930.0,20026704248.0,4500392488.0,0.0,0.0,1692878.0,61725885.0,24527096740.0,22254056.0
Southeast_Asia,THA,Thailand,TH-41,Udon Thani,421422.0,11418067323.0,2528725870.0,0.0,0.0,1059411.0,37500925.0,13946793197.0,12641741.0
Southeast_Asia,THA,Thailand,TH-42,Loei,183893.0,4746144278.0,1075043170.0,0.0,0.0,464691.0,16115821.0,5821187453.0,5493063.0
Southeast_Asia,THA,Thailand,TH-43,Nong Khai,232673.0,6057456641.0,1404719354.0,0.0,0.0,393853.0,20635043.0,7462176007.0,7094020.0
Southeast_Asia,THA,Thailand,TH-44,Maha Sarakham,281090.0,7742675958.0,1870611632.0,0.0,0.0,682024.0,26736208.0,9613287598.0,8921311.0
Southeast_Asia,THA,Thailand,TH-45,Roi Et,378248.0,10922285606.0,2718908114.0,0.0,0.0,884570.0,35378548.0,13641193724.0,12567080.0
Southeast_Asia,THA,Thailand,TH-46,Kalasin,296930.0,9011132640.0,2236961538.0,0.0,0.0,689144.0,27886009.0,11248094174.0,9889964.0
Southeast_Asia,THA,Thailand,TH-47,Sakon Nakhon,354488.0,8558295457.0,2040371654.0,0.0,0.0,797892.0,30338998.0,10598667106.0,9073944.0
Southeast_Asia,THA,Thailand,TH-48,Nakhon Phanom,202345.0,5385287565.0,1365075143.0,0.0,0.0,468372.0,18847400.0,6750362700.0,6389189.0
Southeast_Asia,THA,Thailand,TH-49,Mukdahan,112166.0,3427669809.0,839135286.0,0.0,0.0,379041.0,10634344.0,4266805106.0,3750381.0
Southeast_Asia,THA,Thailand,TH-50,Chiang Mai,629781.0,24779194807.0,5378017167.0,0.0,0.0,1879154.0,71325601.0,30157211973.0,27022974.0
Southeast_Asia,THA,Thailand,TH-51,Lamphun,157360.0,6254298241.0,1364698727.0,0.0,0.0,399016.0,17589620.0,7618996974.0,6728313.0
Southeast_Asia,THA,Thailand,TH-52,Lampang,274555.0,8130426364.0,1857696055.0,0.0,0.0,660622.0,25499037.0,9988122418.0,8420896.0
Southeast_Asia,THA,Thailand,TH-53,Uttaradit,173491.0,4862905199.0,1112122266.0,0.0,0.0,387633.0,16066612.0,5975027469.0,5402319.0
Southeast_Asia,THA,Thailand,TH-54,Phrae,179105.0,4849695310.0,1168519168.0,0.0,0.0,348503.0,16027534.0,6018214485.0,5080920.0
Southeast_Asia,THA,Thailand,TH-55,Nan,178097.0,4800000878.0,1142029594.0,0.0,0.0,419583.0,16251282.0,5942030480.0,5455446.0
Southeast_Asia,THA,Thailand,TH-56,Phayao,165299.0,5155742094.0,1196375005.0,0.0,0.0,328240.0,15691658.0,6352117097.0,5380286.0
Southeast_Asia,THA,Thailand,TH-57,Chiang Rai,461361.0,14151959579.0,3229602552.0,0.0,0.0,1133524.0,44426698.0,17381562133.0,16125161.0
Southeast_Asia,THA,Thailand,TH-58,Mae Hong Son,78865.0,1764117242.0,418890423.0,0.0,0.0,194489.0,6737233.0,2183007655.0,1856738.0
Southeast_Asia,THA,Thailand,TH-60,Nakhon Sawan,379993.0,10700918648.0,2448222073.0,0.0,0.0,861097.0,36221125.0,13149140728.0,12994157.0
Southeast_Asia,THA,Thailand,TH-61,Uthai Thani,124211.0,3098220598.0,710954871.0,0.0,0.0,271795.0,10971913.0,3809175471.0,3736496.0
Southeast_Asia,THA,Thailand,TH-62,Kamphaeng Phet,294215.0,8224248730.0,1854251731.0,0.0,0.0,873291.0,27467023.0,10078500468.0,10351946.0
Southeast_Asia,THA,Thailand,TH-63,Tak,188122.0,5109591287.0,1195739336.0,0.0,0.0,530283.0,17409728.0,6305330619.0,5459081.0
Southeast_Asia,THA,Thailand,TH-64,Sukhothai,240653.0,5763933575.0,1353267903.0,0.0,0.0,619902.0,20757536.0,7117201484.0,6246895.0
Southeast_Asia,THA,Thailand,TH-65,Phitsanulok,359983.0,9987541578.0,2270290762.0,0.0,0.0,975827.0,34263512.0,12257832343.0,11993160.0
Southeast_Asia,THA,Thailand,TH-66,Phichit,191898.0,4985226048.0,1161503248.0,0.0,0.0,498996.0,17206257.0,6146729295.0,5576829.0
Southeast_Asia,THA,Thailand,TH-67,Phetchabun,350533.0,9674556431.0,2277494627.0,0.0,0.0,857365.0,32698395.0,11952051052.0,11231317.0
Southeast_Asia,THA,Thailand,TH-70,Ratchaburi,262585.0,7903498768.0,1735502904.0,0.0,0.0,751691.0,25118872.0,9639001670.0,9596789.0
Southeast_Asia,THA,Thailand,TH-71,Kanchanaburi,258607.0,8728311567.0,1963078885.0,0.0,0.0,811285.0,27191922.0,10691390455.0,10141770.0
Southeast_Asia,THA,Thailand,TH-72,Suphan Buri,307614.0,7969413143.0,1752612313.0,0.0,0.0,777912.0,27398167.0,9722025455.0,9552366.0
Southeast_Asia,THA,Thailand,TH-73,Nakhon Pathom,293122.0,11363153931.0,2416880790.0,0.0,0.0,1073199.0,33696679.0,13780034724.0,14287740.0
Southeast_Asia,THA,Thailand,TH-74,Samut Sakhon,256705.0,12490759782.0,2572683477.0,0.0,0.0,1629017.0,35581361.0,15063443253.0,14939861.0
Southeast_Asia,THA,Thailand,TH-75,Samut Songkhram,64225.0,1642092674.0,371082032.0,0.0,0.0,162129.0,5803819.0,2013174701.0,1910287.0
Southeast_Asia,THA,Thailand,TH-76,Phetchaburi,168022.0,4916166486.0,1065514223.0,0.0,0.0,475565.0,15776291.0,5981680708.0,5886972.0
Southeast_Asia,THA,Thailand,TH-77,Prachuap Khiri Khan,154143.0,5299464363.0,1102943424.0,0.0,0.0,471260.0,15946392.0,6402407783.0,6780336.0
Southeast_Asia,THA,Thailand,TH-80,Nakhon Si Thammarat,573405.0,17134831977.0,3732908722.0,0.0,0.0,1313948.0,55354668.0,20867740694.0,23688863.0
Southeast_Asia,THA,Thailand,TH-81,Krabi,133242.0,3912912855.0,843159201.0,0.0,0.0,366269.0,12740068.0,4756072052.0,5565397.0
Southeast_Asia,THA,Thailand,TH-82,Phangnga,94633.0,3084526635.0,665719272.0,0.0,0.0,263056.0,9575925.0,3750245911.0,4334193.0
Southeast_Asia,THA,Thailand,TH-83,Phuket,137846.0,7131493815.0,1401088034.0,0.0,0.0,994392.0,18726272.0,8532581854.0,8421194.0
Southeast_Asia,THA,Thailand,TH-84,Surat Thani,368848.0,13165683454.0,2723164550.0,0.0,0.0,1089162.0,38504290.0,15888848007.0,16356379.0
Southeast_Asia,THA,Thailand,TH-85,Ranong,80590.0,3020887863.0,639891900.0,0.0,0.0,353275.0,8628192.0,3660779755.0,3684827.0
Southeast_Asia,THA,Thailand,TH-86,Chumphon,176499.0,5495398794.0,1163677225.0,0.0,0.0,459587.0,17152166.0,6659076014.0,7294774.0
Southeast_Asia,THA,Thailand,TH-90,Songkhla,410548.0,15343013692.0,3157481478.0,0.0,0.0,1634794.0,44362886.0,18500495171.0,18287273.0
Southeast_Asia,THA,Thailand,TH-91,Satun,94401.0,2989169043.0,650155348.0,0.0,0.0,283549.0,9396509.0,3639324390.0,3984482.0
Southeast_Asia,THA,Thailand,TH-92,Trang,223033.0,7680008861.0,1675019837.0,0.0,0.0,559047.0,23254085.0,9355028698.0,10843624.0
Southeast_Asia,THA,Thailand,TH-93,Phatthalung,170183.0,4531359815.0,1110057667.0,0.0,0.0,437411.0,15627280.0,5641417477.0,5292867.0
Southeast_Asia,THA,Thailand,TH-94,Pattani,155625.0,3863470727.0,895395926.0,0.0,0.0,581618.0,14059595.0,4758866655.0,4699454.0
Southeast_Asia,THA,Thailand,TH-95,Yala,115694.0,3172594147.0,687322919.0,0.0,0.0,424323.0,10739117.0,3859917062.0,3685500.0
Southeast_Asia,THA,Thailand,TH-96,Narathiwat,182356.0,4705197529.0,1055100561.0,0.0,0.0,633948.0,16396883.0,5760298096.0,5488397.0
Southeast_Asia,TLS,Timor-Leste,TL-AL,Aileu,9445.0,256053874.0,65648010.0,0.0,0.0,44922.0,931004.0,321701862.0,293245.0
Southeast_Asia,TLS,Timor-Leste,TL-AN,Ainaro,14180.0,405697491.0,103364660.0,0.0,0.0,77762.0,1407213.0,509062169.0,423029.0
Southeast_Asia,TLS,Timor-Leste,TL-AT,Ataúru,2524.0,110958860.0,25343272.0,0.0,0.0,10871.0,315743.0,136302124.0,136862.0
Southeast_Asia,TLS,Timor-Leste,TL-BA,Baucau,28377.0,708322161.0,178113944.0,0.0,0.0,138915.0,2740679.0,886436104.0,809355.0
Southeast_Asia,TLS,Timor-Leste,TL-BO,Bobonaro,21274.0,698734011.0,174250416.0,0.0,0.0,113022.0,2275024.0,872984398.0,813008.0
Southeast_Asia,TLS,Timor-Leste,TL-CO,Cova Lima,16440.0,447874890.0,110947639.0,0.0,0.0,76116.0,1614434.0,558822539.0,485924.0
Southeast_Asia,TLS,Timor-Leste,TL-DI,Díli,50585.0,3353899644.0,736276432.0,0.0,0.0,343177.0,7497664.0,4090176096.0,3563557.0
Southeast_Asia,TLS,Timor-Leste,TL-ER,Ermera,26161.0,704020102.0,181408543.0,0.0,0.0,147318.0,2662480.0,885428643.0,909244.0
Southeast_Asia,TLS,Timor-Leste,TL-LA,Lautém,13787.0,381563690.0,93479351.0,0.0,0.0,73557.0,1367885.0,475043056.0,415970.0
Southeast_Asia,TLS,Timor-Leste,TL-LI,Liquiça,16036.0,492093107.0,123519618.0,0.0,0.0,86856.0,1683720.0,615612723.0,588337.0
Southeast_Asia,TLS,Timor-Leste,TL-MF,Manufahi,13123.0,618102390.0,154147950.0,0.0,0.0,64104.0,1650805.0,772250351.0,643886.0
Southeast_Asia,TLS,Timor-Leste,TL-MT,Manatuto,9010.0,291264742.0,72599103.0,0.0,0.0,53723.0,963880.0,363863843.0,346297.0
Southeast_Asia,TLS,Timor-Leste,TL-OE,Oé-Cusse Ambeno,18512.0,506546063.0,125436644.0,0.0,0.0,67435.0,1822088.0,631982710.0,560252.0
Southeast_Asia,TLS,Timor-Leste,TL-VI,Viqueque,17617.0,394442712.0,100820400.0,0.0,0.0,83817.0,1630226.0,495263132.0,422634.0
Southeast_Asia,VNM,Vietnam,VN-01,Lai Châu,131463.0,2079877489.0,466437963.0,0.0,0.0,485691.0,10943304.0,2546315449.0,4323626.0
Southeast_Asia,VNM,Vietnam,VN-02,Lào Cai,469068.0,7978474489.0,1754230327.0,0.0,0.0,1638870.0,40244853.0,9732704818.0,14320849.0
Southeast_Asia,VNM,Vietnam,VN-04,Cao Bằng,165358.0,2666678368.0,603251615.0,0.0,0.0,560855.0,13714203.0,3269929979.0,6183025.0
Southeast_Asia,VNM,Vietnam,VN-05,Sơn La,356269.0,5617765645.0,1262531721.0,0.0,0.0,1319126.0,29652060.0,6880297366.0,12616931.0
Southeast_Asia,VNM,Vietnam,VN-07,Tuyên Quang,574102.0,8991939486.0,2016246456.0,0.0,0.0,1731077.0,47660636.0,11008185947.0,17797592.0
Southeast_Asia,VNM,Vietnam,VN-09,Lạng Sơn,282986.0,4760474861.0,1056957409.0,0.0,0.0,824693.0,24231909.0,5817432273.0,10478312.0
Southeast_Asia,VNM,Vietnam,VN-13,Quảng Ninh,352830.0,8053521743.0,1706084225.0,0.0,0.0,1380063.0,35538320.0,9759605971.0,16050361.0
Southeast_Asia,VNM,Vietnam,VN-18,Ninh Bình,1196103.0,20314272523.0,4594101177.0,0.0,0.0,3822266.0,102053120.0,24908373707.0,48897570.0
Southeast_Asia,VNM,Vietnam,VN-21,Thanh Hóa,1074747.0,17199906911.0,3931531267.0,0.0,0.0,3846802.0,88676290.0,21131438178.0,41098140.0
Southeast_Asia,VNM,Vietnam,VN-22,Nghệ An,863781.0,14708495930.0,3325882306.0,0.0,0.0,3517378.0,73010838.0,18034378242.0,34329050.0
Southeast_Asia,VNM,Vietnam,VN-23,Hà Tĩnh,416035.0,6706862644.0,1535012839.0,0.0,0.0,1360380.0,34434311.0,8241875485.0,15889344.0
Southeast_Asia,VNM,Vietnam,VN-25,Quảng Trị,448427.0,7953019847.0,1784789397.0,0.0,0.0,1617161.0,38502153.0,9737809253.0,18016419.0
Southeast_Asia,VNM,Vietnam,VN-26,Huế,297639.0,5445216350.0,1213388102.0,0.0,0.0,1187691.0,25715077.0,6658604452.0,12160479.0
Southeast_Asia,VNM,Vietnam,VN-29,Quảng Ngãi,507681.0,8753105465.0,1964312266.0,0.0,0.0,1863393.0,43068475.0,10717417735.0,20241575.0
Southeast_Asia,VNM,Vietnam,VN-30,Gia Lai,852123.0,14973152717.0,3329781660.0,0.0,0.0,3168386.0,72746963.0,18302934380.0,34680432.0
Southeast_Asia,VNM,Vietnam,VN-33,Đắk Lắk,810491.0,13347239800.0,3006209958.0,0.0,0.0,2898302.0,67553272.0,16353449764.0,32193257.0
Southeast_Asia,VNM,Vietnam,VN-34,Khánh Hòa,462427.0,8515602672.0,1878740895.0,0.0,0.0,1919499.0,40312048.0,10394343567.0,18672313.0
Southeast_Asia,VNM,Vietnam,VN-35,Lâm Đồng,912131.0,15833248096.0,3500169331.0,0.0,0.0,3324060.0,77380444.0,19333417426.0,35654456.0
Southeast_Asia,VNM,Vietnam,VN-37,Tây Ninh,900426.0,13936804178.0,3167185910.0,0.0,0.0,3029752.0,72683641.0,17103990088.0,31148638.0
Southeast_Asia,VNM,Vietnam,VN-39,Đồng Nai,1160663.0,19759898926.0,4401906586.0,0.0,0.0,4322792.0,97171446.0,24161805508.0,46128863.0
Southeast_Asia,VNM,Vietnam,VN-44,An Giang,1164287.0,17904747033.0,4029139087.0,0.0,0.0,3815146.0,94103992.0,21933886123.0,33308777.0
Southeast_Asia,VNM,Vietnam,VN-45,Đồng Tháp,1174913.0,17074633834.0,3927209418.0,0.0,0.0,3557144.0,92517537.0,21001843251.0,36864382.0
Southeast_Asia,VNM,Vietnam,VN-49,Vĩnh Long,1299061.0,18797443121.0,4313094018.0,0.0,0.0,3510966.0,102129657.0,23110537142.0,40081812.0
Southeast_Asia,VNM,Vietnam,VN-56,Bắc Ninh,843617.0,13115795993.0,3028298913.0,0.0,0.0,3365967.0,69011210.0,16144094906.0,32722543.0
Southeast_Asia,VNM,Vietnam,VN-59,Cà Mau,582703.0,8714869645.0,1962700776.0,0.0,0.0,2218109.0,46846066.0,10677570423.0,15166828.0
Southeast_Asia,VNM,Vietnam,VN-66,Hưng Yên,978891.0,14418539071.0,3372389823.0,0.0,0.0,3287048.0,78362290.0,17790928890.0,37046398.0
Southeast_Asia,VNM,Vietnam,VN-68,Phú Thọ,1140421.0,18913159999.0,4251019935.0,0.0,0.0,3805714.0,96897330.0,23164179926.0,43518938.0
Southeast_Asia,VNM,Vietnam,VN-69,Thái Nguyên,661943.0,11918640079.0,2611597923.0,0.0,0.0,1700569.0,58620256.0,14530238006.0,25977321.0
Southeast_Asia,VNM,Vietnam,VN-71,Điện Biên,133273.0,2057072180.0,463729444.0,0.0,0.0,633093.0,10971127.0,2520801627.0,4262825.0
Southeast_Asia,VNM,Vietnam,VN-CT,Cần Thơ,1144036.0,19049428973.0,4206135259.0,0.0,0.0,3350416.0,95951829.0,23255564238.0,35562241.0
Southeast_Asia,VNM,Vietnam,VN-DN,Đà Nẵng,700576.0,13149904533.0,2900983384.0,0.0,0.0,2753286.0,61430379.0,16050887920.0,28573365.0
Southeast_Asia,VNM,Vietnam,VN-HN,Hà Nội,1810757.0,36204989472.0,8010000081.0,0.0,0.0,8362816.0,167563765.0,44214989548.0,78841215.0
Southeast_Asia,VNM,Vietnam,VN-HP,Hải Phòng,1130664.0,20704854244.0,4584555030.0,0.0,0.0,4139351.0,100317067.0,25289409277.0,46752732.0
Southeast_Asia,VNM,Vietnam,VN-SG,Hồ Chí Minh,2608097.0,53711966947.0,11758749188.0,0.0,0.0,13280645.0,235993020.0,65470716136.0,112605744.0
