ID_0,NAME_0,OCCUPANCY,BUILDINGS,COST_CONTENTS_USD,COST_NONSTRUCTURAL_USD,COST_STRUCTURAL_USD,DWELLINGS,OCCUPANTS_PER_ASSET,TOTAL_AREA_SQM,TOTAL_REPL_COST_USD,AVG_BUILDING_AREA_SQM,AVG_TOT_COST_PER_AREA_USD
SRB,Serbia,Com,43861.8,28719718293.04,17231830976.08,11487887317.45,0.0,0.0,35136257.38740494,57439436586.54,801.0673840883169,1634.7625176245986
SRB,Serbia,Ind,24004.000000000004,26193487756.61,10913953232.08,6548371939.24,0.0,0.0,36937914.07390001,43655812927.57,1538.823282532078,1181.8700113988516
SRB,Serbia,Res,2272981.5870238096,31734524098.28,79336310246.75,47601786148.25,3226375.0,6945000.0,230130368.51000002,158672620493.21,101.24603288640252,689.4901421335667
