ID_0,NAME_0,OCCUPANCY,BUILDINGS,COST_CONTENTS_USD,COST_NONSTRUCTURAL_USD,COST_STRUCTURAL_USD,DWELLINGS,OCCUPANTS_PER_ASSET,TOTAL_AREA_SQM,TOTAL_REPL_COST_USD,AVG_BUILDING_AREA_SQM,AVG_TOT_COST_PER_AREA_USD
UKR,Ukraine,Com,274876.300241,100566185384.74731,60339711228.99083,40226474153.34657,0.0,0.0,91780019.84518324,201132370769.1631,333.89571878228264,2191.4613998606455
UKR,Ukraine,Ind,190006.0,111862932083.15,46609555034.29,27965733020.3,0.0,0.0,70228164.66202115,186438220137.6,369.61024737124694,2654.750000015654
UKR,Ukraine,Res,12188825.67455,125818807815.56538,314547019538.91345,188728211723.34808,20336552.9448,51725459.1538,913213135.1461089,629094039077.8269,74.9221589946009,688.8797531117152
