ID_0,NAME_0,ID_1,NAME_1,SETTLEMENT,OCCUPANCY,TAXONOMY,BUILDINGS,TOTAL_REPL_COST_USD,COST_STRUCTURAL_USD,COST_NONSTRUCTURAL_USD,COST_CONTENTS_USD,TOTAL_AREA_SQM,OCCUPANTS_PER_ASSET,OCCUPANTS_PER_ASSET_DAY,OCCUPANTS_PER_ASSET_NIGHT,OCCUPANTS_PER_ASSET_TRANSIT
UKR,Ukraine,1,Cherkasy,Total,Ind,CR+PC/LFM+CDN/H:1/IND,42057.5,42274309260.9,6341146388.91,10568577314.86,25364585556.2,15544882.978277257,0,62523.36,5752.98,10355.36
UKR,Ukraine,1,Cherkasy,Total,Ind,CR/LFINF+CDN/H:1/IND,25234.5,25364585556.4,3804687833.54,6341146389.55,15218751334.8,9326929.787727524,0,37514.83,3451.86,6213.36
UKR,Ukraine,1,Cherkasy,Total,Ind,CR/LFM+CDN/H:1/IND,33646.0,33819447410.3,5072917111.25,8454861852.1,20291668446.2,12435906.382928848,0,50018.56,4602.37,8284.3
UKR,Ukraine,1,Cherkasy,Total,Ind,MUR/LWAL+CDN/H:1/IND,16823.0,15299273828.2,2294891074.2,3824818456.86,9179564296.78,6217953.19148547,0,25008.87,2301.16,4142.0599999999995
UKR,Ukraine,1,Cherkasy,Total,Ind,S+SL/LFM+CDN/H:1/IND,33646.0,32208997531.9,4831349629.74,8052249383.41,19325398518.8,12435906.38334942,0,50018.56,4602.37,8284.3
UKR,Ukraine,1,Cherkasy,Total,Ind,S/LFM+CDN/RME/H:1/IND,16823.0,16104498766.1,2415674814.88,4026124691.4,9662699259.67,6217953.191389961,0,25008.87,2301.16,4142.0599999999995
UKR,Ukraine,2,Chernihiv,Total,Ind,CR+PC/LFM+CDN/H:1/IND,5444.0,5472064188.7,820809628.31,1368016047.1999998,3283238513.5,2012158.1867163081,0,10670.83,981.86,1767.34
UKR,Ukraine,2,Chernihiv,Total,Ind,CR/LFINF+CDN/H:1/IND,3266.4,3283238512.7,492485776.96000004,820809628.3299999,1969943107.9,1207294.9120150763,0,6402.5599999999995,589.11,1060.42
UKR,Ukraine,2,Chernihiv,Total,Ind,CR/LFM+CDN/H:1/IND,4355.2,4377651350.5,656647702.72,1094412837.7,2626590810.3,1609726.549384078,0,8536.74,785.49,1413.9
UKR,Ukraine,2,Chernihiv,Total,Ind,MUR/LWAL+CDN/H:1/IND,2177.6,1980366087.3,297054913.13,495091521.88,1188219652.4,804863.2747510668,0,4268.47,392.75,706.9599999999999
UKR,Ukraine,2,Chernihiv,Total,Ind,S+SL/LFM+CDN/H:1/IND,4355.2,4169191763.2,625378764.4200001,1042297940.6999999,2501515057.7,1609726.5493436293,0,8536.74,785.49,1413.9
UKR,Ukraine,2,Chernihiv,Total,Ind,S/LFM+CDN/RME/H:1/IND,2177.6,2084595881.3999999,312689382.24,521148970.3,1250757528.9,804863.2746525096,0,4268.47,392.75,706.9599999999999
