ID_0,NAME_0,OCCUPANCY,BUILDINGS,COST_CONTENTS_USD,COST_NONSTRUCTURAL_USD,COST_STRUCTURAL_USD,DWELLINGS,OCCUPANTS_PER_ASSET,TOTAL_AREA_SQM,TOTAL_REPL_COST_USD,AVG_BUILDING_AREA_SQM,AVG_TOT_COST_PER_AREA_USD
CYP,Cyprus,Com,15470.1,7654047004.88,4592428202.91,3061618801.97,0.0,0.0,7077330.422145,15308094009.81,457.48446500959915,2162.9757403880567
CYP,Cyprus,Ind,6827.634954639,13440488025.27,5600203343.86,3360122006.29,0.0,0.0,15318139.048931468,22400813375.46,2243.54980175436,1462.3717217805638
CYP,Cyprus,Res,264315.1043055556,13084725146.92,32711812867.41,19627087720.65,431059.0,875900.0000000001,60968568.830000006,65423625734.92,230.66623071044268,1073.071370878692
