ID_0,NAME_0,OCCUPANCY,BUILDINGS,COST_CONTENTS_USD,COST_NONSTRUCTURAL_USD,COST_STRUCTURAL_USD,DWELLINGS,OCCUPANTS_PER_ASSET,TOTAL_AREA_SQM,TOTAL_REPL_COST_USD,AVG_BUILDING_AREA_SQM,AVG_TOT_COST_PER_AREA_USD
PSE,Palestine,Com,47899.7,4429523860.8,4942287299.8,3469523788.8,0.0,0.0,11462665.9,12841334988.0,239.3055885527467,1120.274733646385
PSE,Palestine,Ind,20070.8,1339497284.4,931343568.6,626865403.3,0.0,0.0,2427218.5,2897706275.7,120.9328228072623,1193.8382455885203
PSE,Palestine,Res,441556.9999999998,26925733610.0,68238909500.0,42660557790.0,1266911.2499999995,4500050.999999992,161640880.49999994,137825200900.0,366.07024800875087,852.66301738563
