ID_0,NAME_0,ID_1,NAME_1,OCCUPANCY,BUILDINGS,COST_CONTENTS_USD,COST_NONSTRUCTURAL_USD,COST_STRUCTURAL_USD,DWELLINGS,OCCUPANTS_PER_ASSET,TOTAL_AREA_SQM,TOTAL_REPL_COST_USD,AVG_BUILDING_AREA_SQM,AVG_TOT_COST_PER_AREA_USD
PSE,Palestine,1,West Bank,Com,31786.1,3362744401.8,3751269603.9,2637132751.2,0.0,0.0,7500884.8,9751146802.7,235.9800290063896,1299.9995417473951
PSE,Palestine,1,West Bank,Ind,15265.1,1125937599.2,783386411.8,526770058.2,0.0,0.0,1851226.2,2436094087.9,121.27180300161807,1315.93539887238
PSE,Palestine,1,West Bank,Res,296359.89999999985,19806949250.0,50405990000.0,31888742250.0,794715.2499999997,2600759.9999999953,102101681.49999996,102101681500.0,344.5192197055,1000.0000000000005
PSE,Palestine,2,Gaza,Com,16113.6,1066779459.0,1191017695.9,832391037.6,0.0,0.0,3961781.1,3090188185.3,245.86567247542447,779.999729237943
PSE,Palestine,2,Gaza,Ind,4805.7,213559685.2,147957156.8,100095345.1,0.0,0.0,575992.3,461612187.8,119.8560667540629,801.4207617011547
PSE,Palestine,2,Gaza,Res,145197.09999999998,7118784360.0,17832919500.0,10771815540.0,472195.9999999999,1899290.9999999965,59539198.999999985,35723519400.0,410.0577697488448,600.0000000000001
