ID_0,NAME_0,OCCUPANCY,BUILDINGS,COST_CONTENTS_USD,COST_NONSTRUCTURAL_USD,COST_STRUCTURAL_USD,DWELLINGS,OCCUPANTS_PER_ASSET,TOTAL_AREA_SQM,TOTAL_REPL_COST_USD,AVG_BUILDING_AREA_SQM,AVG_TOT_COST_PER_AREA_USD
MRT,Mauritania,Com,30809.0,468526853.0,500486676.0,770522652.0,0.0,0.0,5866140.0,1739536186.0,190.40345353630434,296.53847095364245
MRT,Mauritania,Ind,11688.0,286365214.0,214517984.0,334008765.0,0.0,0.0,3324540.0,834891956.0,284.4404517453799,251.13006791917078
MRT,Mauritania,Res,1097576.0,2543219605.0,5111691552.0,8252932369.0,1160618.0,4616294.0,89172597.0,15907843513.0,81.24503177912054,178.3938569491253
