ID_0,NAME_0,ID_1,NAME_1,OCCUPANCY,BUILDINGS,COST_CONTENTS_USD,COST_NONSTRUCTURAL_USD,COST_STRUCTURAL_USD,DWELLINGS,OCCUPANTS_PER_ASSET,TOTAL_AREA_SQM,TOTAL_REPL_COST_USD,AVG_BUILDING_AREA_SQM,AVG_TOT_COST_PER_AREA_USD
GIB,Gibraltar,GIB,Gibraltar,Com,1400.0,1217355416.71,730413250.04,486942166.67,0.0,0.0,704843.1,2434710833.46,503.45935714285713,3454.2593003464176
GIB,Gibraltar,GIB,Gibraltar,Ind,59.0,65318492.730000004,27216038.64,16329623.18,0.0,0.0,50490.0,108864154.56,855.7627118644068,2156.1527938205586
GIB,Gibraltar,GIB,Gibraltar,Res,4045.4345000000003,285802744.09,714506860.16,428704116.1,8143.1065,34000.0,778529.4809999999,1429013720.37,192.44644326833122,1835.5293604738906
