ID_0,NAME_0,OCCUPANCY,BUILDINGS,COST_CONTENTS_USD,COST_NONSTRUCTURAL_USD,COST_STRUCTURAL_USD,DWELLINGS,OCCUPANTS_PER_ASSET,TOTAL_AREA_SQM,TOTAL_REPL_COST_USD,AVG_BUILDING_AREA_SQM,AVG_TOT_COST_PER_AREA_USD
MSR,Montserrat,Com,480.0,25008480.0,26814412.8,20438611.2,0.0,0.0,94071.0,72261504.0,195.98125,768.1591989029563
MSR,Montserrat,Ind,34.0,3321731.6999999997,2486295.0,1627611.2999999998,0.0,0.0,17855.031528520496,7435638.0,525.1479861329558,416.4449661218902
MSR,Montserrat,Res,1928.0,29020747.769999996,39479949.054,35704803.456,1997.0,4867.0,497253.6541666667,104205500.27999999,257.91164635200556,209.56206034249269
