ID_0,NAME_0,ID_1,NAME_1,OCCUPANCY,BUILDINGS,COST_CONTENTS_USD,COST_NONSTRUCTURAL_USD,COST_STRUCTURAL_USD,DWELLINGS,OCCUPANTS_PER_ASSET,TOTAL_AREA_SQM,TOTAL_REPL_COST_USD,AVG_BUILDING_AREA_SQM,AVG_TOT_COST_PER_AREA_USD
MSR,Montserrat,1,Saint Anthon,Com,302.0,15757862.399999999,16656998.4,14453107.2,0.0,0.0,63638.0,46867968.0,210.72185430463577,736.4777020019485
MSR,Montserrat,1,Saint Anthon,Ind,20.0,322245.0,195772.5,174982.5,0.0,0.0,784.6711601307189,693000.0,39.233558006535944,883.1725125268432
MSR,Montserrat,1,Saint Anthon,Res,751.0,11296149.542999998,15375427.956,13918252.760999998,778.0,1896.0,193741.27458333335,40589830.26,257.9777291389259,209.50533306490257
MSR,Montserrat,2,Saint Georges,Com,68.0,6666912.0,7573708.800000001,4693651.2,0.0,0.0,19561.0,18934272.0,287.6617647058824,967.9603292265222
MSR,Montserrat,2,Saint Georges,Ind,11.0,1039934.6999999998,766426.4999999999,581716.7999999999,0.0,0.0,9110.360368389778,2388078.0,828.2145789445253,262.1277209061801
MSR,Montserrat,2,Saint Georges,Res,530.0,7977975.515999998,10858990.211999997,9829851.191999998,549.0,1339.0,136830.96166666664,28666816.919999994,258.1716257861635,209.50533834465853
MSR,Montserrat,3,Saint Peter,Com,110.0,2583705.6,2583705.6,1291852.8,0.0,0.0,10872.0,6459264.0,98.83636363636364,594.1192052980133
MSR,Montserrat,3,Saint Peter,Ind,3.0,1959552.0,1524096.0,870912.0,0.0,0.0,7959.999999999998,4354560.0,2653.3333333333326,547.0552763819097
MSR,Montserrat,3,Saint Peter,Res,647.0,9746622.711,13245530.886,11956699.502999999,670.0,1632.0,166681.4179166667,34948853.099999994,257.62197514167957,209.6745608288074
