ID_0,NAME_0,OCCUPANCY,BUILDINGS,COST_CONTENTS_USD,COST_NONSTRUCTURAL_USD,COST_STRUCTURAL_USD,DWELLINGS,OCCUPANTS_PER_ASSET,TOTAL_AREA_SQM,TOTAL_REPL_COST_USD,AVG_BUILDING_AREA_SQM,AVG_TOT_COST_PER_AREA_USD
MTQ,Martinique,Com,4260.0,1150525252.8,965840281.56,782530527.24,0.0,0.0,2326944.0,2898896061.6,546.230985915493,1245.7953700647715
MTQ,Martinique,Ind,1177.0,123986658.6,69245360.1,54953079.3,0.0,0.0,568115.1122716132,248185098.0,482.68063914325677,436.85706054822185
MTQ,Martinique,Res,99967.0,2463878169.522,2711906378.811,3064821772.887,104856.0,384398.0,25470582.679444443,8240606321.22,254.78990746390753,323.53426794081264
