ID_0,NAME_0,OCCUPANCY,BUILDINGS,COST_CONTENTS_USD,COST_NONSTRUCTURAL_USD,COST_STRUCTURAL_USD,DWELLINGS,OCCUPANTS_PER_ASSET,TOTAL_AREA_SQM,TOTAL_REPL_COST_USD,AVG_BUILDING_AREA_SQM,AVG_TOT_COST_PER_AREA_USD
JOR,Jordan,Com,109348.0,17438961223.0,18640809111.0,18043940922.0,0.0,0.0,35885936.0,54123711236.0,328.1810001097414,1508.2151190371626
JOR,Jordan,Ind,18044.0,3169083554.0,2079356152.0,1531025510.0,0.0,0.0,7477610.0,6779465207.0,414.40977610285967,906.6353028574638
JOR,Jordan,Res,1146226.0,56311663151.0,127574131252.0,109361608646.0,2251099.0,10580174.0,320304863.0,293247403070.0,279.44302694233073,915.5259159146766
