ID_0,NAME_0,ID_1,NAME_1,OCCUPANCY,BUILDINGS,COST_CONTENTS_USD,COST_NONSTRUCTURAL_USD,COST_STRUCTURAL_USD,DWELLINGS,OCCUPANTS_PER_ASSET,TOTAL_AREA_SQM,TOTAL_REPL_COST_USD,AVG_BUILDING_AREA_SQM,AVG_TOT_COST_PER_AREA_USD
CYM,Cayman Islands,CYM,Cayman Islands,Com,964.0,3529550165.4,3059476065.4500003,2253458406.15,0.0,0.0,1696953.0,8842484637.0,1760.3246887966804,5210.801145936275
CYM,Cayman Islands,CYM,Cayman Islands,Ind,231.0,283487713.5681818,162535650.70909092,115100276.35909091,0.0,0.0,552927.8825396826,561123640.6363636,2393.627197141483,1014.8224720718309
CYM,Cayman Islands,CYM,Cayman Islands,Res,9327.0,945042129.3399546,1219566061.413,1029085535.1906818,14514.0,56328.0,10521935.7910101,3193693725.9436364,1128.1157704524605,303.5272015889239
