ID_0,NAME_0,OCCUPANCY,BUILDINGS,COST_CONTENTS_USD,COST_NONSTRUCTURAL_USD,COST_STRUCTURAL_USD,DWELLINGS,OCCUPANTS_PER_ASSET,TOTAL_AREA_SQM,TOTAL_REPL_COST_USD,AVG_BUILDING_AREA_SQM,AVG_TOT_COST_PER_AREA_USD
GEO,Georgia,Com,69056.0,6424779310.0,7008503223.0,5943548246.0,0.0,0.0,22964145.0,19376830737.0,332.5438050278035,843.7862910637431
GEO,Georgia,Ind,36111.0,4228973398.0,2774583367.0,2043727037.0,0.0,0.0,10833032.0,9047283813.0,299.9925784387029,835.1571206472943
GEO,Georgia,Res,821649.0,7597398522.0,23962812706.0,24531989789.0,1117875.0,3931670.0,119257878.0,56092201010.0,145.1445544265252,470.3437789661158
