ID_0,NAME_0,OCCUPANCY,BUILDINGS,COST_CONTENTS_USD,COST_NONSTRUCTURAL_USD,COST_STRUCTURAL_USD,DWELLINGS,OCCUPANTS_PER_ASSET,TOTAL_AREA_SQM,TOTAL_REPL_COST_USD,AVG_BUILDING_AREA_SQM,AVG_TOT_COST_PER_AREA_USD
CHE,Switzerland,Com,118110.0,116460547127.75,69876328276.81,46584218850.97,0.0,0.0,55798399.5525,232921094255.42,472.4273943992888,4174.3328863091765
CHE,Switzerland,Ind,25000.0,79648358795.68,33186816165.4,19912089698.78,0.0,0.0,48151580.75840807,132747264659.83,1926.0632303363227,2756.862029636485
CHE,Switzerland,Res,1730823.0,221997544309.46,554993860767.9,332996316467.17,4420522.69742,8574999.999999998,437658771.9138,1109987721540.78,252.861657092493,2536.1943888089145
