ID_0,NAME_0,OCCUPANCY,BUILDINGS,COST_CONTENTS_USD,COST_NONSTRUCTURAL_USD,COST_STRUCTURAL_USD,DWELLINGS,OCCUPANTS_PER_ASSET,TOTAL_AREA_SQM,TOTAL_REPL_COST_USD,AVG_BUILDING_AREA_SQM,AVG_TOT_COST_PER_AREA_USD
CHE,Switzerland,Com,118110.0,232921094255.42,139752656553.13,93168437702.18,0.0,3430000.0000000005,55798387.20071489,465842188510.99,472.4272898206324,8348.667620719718
CHE,Switzerland,Ind,53066.00000039,222465996586.19,92694165243.94,55616499146.47,0.0,2458211.9543205993,44441263.09926658,370776660975.86,837.4715090442085,8343.072071279157
CHE,Switzerland,Res,1730823.0,551283091925.03,1378207729802.54,826924637886.92,4420522.69742,8575000.0,701962644.3664937,2756415459622.3,405.5658171670319,3926.726702259072
