ID_0,NAME_0,OCCUPANCY,BUILDINGS,COST_CONTENTS_USD,COST_NONSTRUCTURAL_USD,COST_STRUCTURAL_USD,DWELLINGS,OCCUPANTS_PER_ASSET,TOTAL_AREA_SQM,TOTAL_REPL_COST_USD,AVG_BUILDING_AREA_SQM,AVG_TOT_COST_PER_AREA_USD
ISL,Iceland,Com,8486.699999999999,12812436071.28,7687461642.78,5124974428.51,0.0,0.0,5182639.53901604,25624872142.510002,610.6778299004372,4944.36704493924
ISL,Iceland,Ind,5479.999999999999,7578523340.29,3157718058.35,1894630834.69,0.0,0.0,4252598.523396999,12630872233.59,776.0216283571167,2970.153933905896
ISL,Iceland,Res,60103.12166666667,6528559567.42,16321398918.59,9792839351.17,119565.0,361000.0,14705397.290000001,32642797836.88,244.66944282123114,2219.783470867382
