ID_0,NAME_0,OCCUPANCY,AREA_SQM,BUILDINGS,COST_CONTENTS_USD,COST_NONSTRUCTURAL_USD,COST_STRUCTURAL_USD,DWELLINGS,OCCUPANTS_PER_ASSET,TOTAL_REPL_COST_USD,ID_1,NAME_1,AVG_BUILDING_AREA_SQM,AVG_TOT_COST_PER_AREA_USD
MAC,Macao,Com,11186309.5238,899,4156727272.7273,2345678787.8788,2022987878.7879,0.0,0.0,8525393939.3939,,,12443.058424694105,762.1274846056481
MAC,Macao,Ind,268413.4615,589,125340029.7619,36098214.2857,51136160.7143,0.0,0.0,212574404.7619,,,455.71046095076395,791.9662582269557
MAC,Macao,Res,59292240.0,3345,11407553030.303,9311180909.0909,9908619090.9091,170524.0,526401.0,30627353030.303,,,17725.632286995515,516.5490969864353
MAC,Macao,Com,1561071.4286,75,622500000.0,373500000.0,249000000.0,0.0,0.0,1245000000.0,1,Ilhas,20814.285714666665,797.5291695118274
MAC,Macao,Ind,12259.6154,43,7399553.5714,2276785.7143,1707589.2857,0.0,0.0,11383928.5714,1,Ilhas,285.10733488372097,928.5714274038319
MAC,Macao,Res,10274190.0,344,1769669055.9441,1982913986.014,1250861013.986,22997.0,67499.0,5003444055.9441,1,Ilhas,29866.831395348836,486.99158336998835
MAC,Macao,Com,9625238.0952,824,3534227272.7273,1972178787.8788,1773987878.7879,0.0,0.0,7280393939.3939,2,Macau,11681.114193203884,756.3858542911839
MAC,Macao,Ind,256153.8462,546,117940476.1905,33821428.5714,49428571.4286,0.0,0.0,201190476.1905,2,Macau,469.1462384615385,785.4282852868597
MAC,Macao,Res,49018050.0,3001,9637883974.359,7328266923.0769,8657758076.9231,147527.0,458902.0,25623908974.359,2,Macau,16333.905364878374,522.7443558925539
