ID_0,NAME_0,ID_1,NAME_1,OCCUPANCY,BUILDINGS,COST_CONTENTS_USD,COST_NONSTRUCTURAL_USD,COST_STRUCTURAL_USD,DWELLINGS,OCCUPANTS_PER_ASSET,TOTAL_AREA_SQM,TOTAL_REPL_COST_USD,AVG_BUILDING_AREA_SQM,AVG_TOT_COST_PER_AREA_USD
MAC,Macao,1,Ilhas,Com,75,622500000.0,373500000.0,249000000.0,0.0,0.0,1561071.4285714286,1245000000.0,20814.285714285714,797.5291695264241
MAC,Macao,1,Ilhas,Ind,43,7399553.571428573,2276785.7142857146,1707589.285714286,0.0,0.0,12259.615384615387,11383928.571428573,285.1073345259392,928.5714285714286
MAC,Macao,1,Ilhas,Res,344,1769669055.9440558,1982913986.013986,1250861013.9860141,22997.0,67499.0,10274190.0,5003444055.9440565,29866.831395348836,486.9915833699841
MAC,Macao,2,Macau,Com,824,3534227272.7272725,1972178787.8787878,1773987878.7878788,0.0,0.0,9625238.095238095,7280393939.393939,11681.114193250116,756.3858542881943
MAC,Macao,2,Macau,Ind,546,117940476.19047621,33821428.571428575,49428571.42857143,0.0,0.0,256153.84615384619,201190476.1904762,469.14623837700765,785.4282854282854
MAC,Macao,2,Macau,Res,3001,9637883974.358974,7328266923.076922,8657758076.923077,147527.0,458902.0,49018050.0,25623908974.35897,16333.905364878374,522.7443558925532
