ID_0,NAME_0,ID_1,NAME_1,SETTLEMENT,OCCUPANCY,TAXONOMY,BUILDINGS,TOTAL_REPL_COST_USD,COST_STRUCTURAL_USD,COST_NONSTRUCTURAL_USD,COST_CONTENTS_USD,TOTAL_AREA_SQM,OCCUPANTS_PER_ASSET,OCCUPANTS_PER_ASSET_DAY,OCCUPANTS_PER_ASSET_NIGHT,OCCUPANTS_PER_ASSET_TRANSIT
MAC,Macao,1,Ilhas,Total,Com,CR/LDUAL+DUH/H:30-/COM,9,480000000.0,96000000.00000001,144000000.0,239999999.99999997,600000.0,0.0,14581.81,1553.4,3495.16
MAC,Macao,1,Ilhas,Total,Com,CR/LDUAL+DUL/H:16-29/COM,15,360000000.0,72000000.0,108000000.0,180000000.0,450000.0,0.0,11005.119999999999,1172.38,2637.85
MAC,Macao,1,Ilhas,Total,Com,CR/LDUAL+DUL/H:8-15/COM,42,378000000.0,75600000.0,113400000.0,189000000.0,472500.0,0.0,11685.5,1244.8600000000001,2800.93
MAC,Macao,1,Ilhas,Total,Com,CR/LFINF+DUL/H:4-7/COM,2,6000000.0,1200000.0,1800000.0,3000000.0,8571.42857142857,0.0,193.24,20.59,46.32
MAC,Macao,1,Ilhas,Total,Com,MCF/LWAL+DUL/H:4-7/COM,7,21000000.0,4200000.0,6300000.0,10500000.0,30000.0,0.0,658.92,70.19999999999999,157.93
MAC,Macao,2,Macau,Total,Com,CR/LDUAL+DUH/H:30-/COM,43,2230303030.3030305,540606060.6060606,606060606.060606,1083636363.6363635,2866666.6666666665,0.0,77691.07,8276.45,18621.98
MAC,Macao,2,Macau,Total,Com,CR/LDUAL+DUL/H:16-29/COM,72,1655999999.9999998,439200000.0,424800000.0,792000000.0,2160000.0,0.0,59206.05,6307.2300000000005,14191.25
MAC,Macao,2,Macau,Total,Com,CR/LDUAL+DUL/H:8-15/COM,224,1955454545.4545453,481909090.9090909,526090909.0909091,947454545.4545454,2520000.0,0.0,67646.9,7206.45,16214.49
MAC,Macao,2,Macau,Total,Com,CR/LFINF+DUL/H:4-7/COM,280,830454545.4545455,180409090.9090909,239590909.0909091,410454545.45454544,1200000.0,0.0,31614.48,3367.9,7577.76
MAC,Macao,2,Macau,Total,Com,MCF/LWAL+DUL/H:4-7/COM,205,608181818.1818181,131863636.36363636,175636363.63636363,300681818.1818182,878571.4285714285,0.0,23037.21,2454.15,5521.86
