ID_0,NAME_0,ID_1,NAME_1,SETTLEMENT,OCCUPANCY,TAXONOMY,BUILDINGS,TOTAL_REPL_COST_USD,COST_STRUCTURAL_USD,COST_NONSTRUCTURAL_USD,COST_CONTENTS_USD,TOTAL_AREA_SQM,OCCUPANTS_PER_ASSET,OCCUPANTS_PER_ASSET_DAY,OCCUPANTS_PER_ASSET_NIGHT,OCCUPANTS_PER_ASSET_TRANSIT
MAC,Macao,1,Ilhas,Total,Ind,CR/LFINF+DUL/H:2-3/IND,7,3750000.000000001,562500.0,750000.0000000001,2437500.000000001,4038.461538461539,0.0,877.73,72.82000000000001,131.07
MAC,Macao,1,Ilhas,Total,Ind,MCF/LWAL+DUL/H:2-3/IND,7,3750000.000000001,562500.0,750000.0000000001,2437500.000000001,4038.461538461539,0.0,877.73,72.82000000000001,131.07
MAC,Macao,1,Ilhas,Total,Ind,MCF/LWAL+DUL/HEX:1/IND,29,3883928.571428572,582589.2857142858,776785.7142857144,2524553.571428572,4182.6923076923085,0.0,4731.73,392.56,706.59
MAC,Macao,2,Macau,Total,Ind,CR/LFINF+DUL/H:2-3/IND,205,93392857.14285715,22633928.57142857,15803571.42857143,54955357.14285715,118269.23076923078,0.0,15904.35,1319.46,2375.0099999999998
MAC,Macao,2,Macau,Total,Ind,MCF/LWAL+DUL/H:2-3/IND,205,93392857.14285715,22633928.57142857,15803571.42857143,54955357.14285715,118269.23076923078,0.0,15904.35,1319.46,2375.0099999999998
MAC,Macao,2,Macau,Total,Ind,MCF/LWAL+DUL/HEX:1/IND,136,14404761.904761907,4160714.285714286,2214285.7142857146,8029761.904761906,19615.384615384617,0.0,13080.980000000001,1085.21,1953.3799999999999
