ID_0,NAME_0,OCCUPANCY,BUILDINGS,COST_CONTENTS_USD,COST_NONSTRUCTURAL_USD,COST_STRUCTURAL_USD,DWELLINGS,OCCUPANTS_PER_ASSET,TOTAL_AREA_SQM,TOTAL_REPL_COST_USD,AVG_BUILDING_AREA_SQM,AVG_TOT_COST_PER_AREA_USD
URY,Uruguay,Com,26240.399999423,3630689661.059246,3783604701.947184,3615827001.199536,0.0,0.0,7199447.062340965,11030121364.30699,274.36498919602116,1532.0789595083775
URY,Uruguay,Ind,22439.0,4468955769.230769,2811428653.8461537,2367621346.1538463,0.0,0.0,6905400.0,9648005769.230768,307.7409866749855,1397.1682696485025
URY,Uruguay,Res,452337.17649,14280542215.03443,18732140279.67733,30590830264.04634,452337.17649,3485311.31202187,55103823.1971,63603512758.77915,121.82023954937563,1154.2486359118268
