ID_0,NAME_0,OCCUPANCY,BUILDINGS,COST_CONTENTS_USD,COST_NONSTRUCTURAL_USD,COST_STRUCTURAL_USD,DWELLINGS,OCCUPANTS_PER_ASSET,TOTAL_AREA_SQM,TOTAL_REPL_COST_USD,AVG_BUILDING_AREA_SQM,AVG_TOT_COST_PER_AREA_USD
NRU,Nauru,Com,189.37965103740288,51250537.353568375,39144774.634859316,36528459.21648378,0.0,0.0,67925.65176435921,126923771.20491147,358.6745006249048,1868.5690590827537
NRU,Nauru,Ind,109.6471883017571,46406566.88217774,23889058.47903331,19511268.57859752,0.0,0.0,33929.775046395116,89806893.93980858,309.44500786484275,2646.846134906814
NRU,Nauru,Res,2290.0,151857654.76203477,142339611.24941766,184066461.01726252,1906.35,11553.79,333958.87754434615,478263727.02871495,145.83357098006383,1432.1036486452037
