ID_0,NAME_0,OCCUPANCY,BUILDINGS,COST_CONTENTS_USD,COST_NONSTRUCTURAL_USD,COST_STRUCTURAL_USD,DWELLINGS,OCCUPANTS_PER_ASSET,TOTAL_AREA_SQM,TOTAL_REPL_COST_USD,AVG_BUILDING_AREA_SQM,AVG_TOT_COST_PER_AREA_USD
KOR,South_Korea,Com,1489647.0,771654744881.0,461932393020.0,360520648028.0,0.0,0.0,454770360.0,1594107786197.0,305.2873331735639,3505.3027338830966
KOR,South_Korea,Ind,456360.0,479690781973.0,199216531097.0,122447695823.0,0.0,0.0,313755627.0,801355007098.0,687.5178083092295,2554.073738087891
KOR,South_Korea,Res,6406440.0,1182617342701.0,1241900535914.0,938834694958.0,21483642.0,51826339.0,1775449873.0,3363352573574.0,277.1351753860178,1894.3663939612672
