ID_0,NAME_0,OCCUPANCY,BUILDINGS,COST_CONTENTS_USD,COST_NONSTRUCTURAL_USD,COST_STRUCTURAL_USD,DWELLINGS,OCCUPANTS_PER_ASSET,TOTAL_AREA_SQM,TOTAL_REPL_COST_USD,AVG_BUILDING_AREA_SQM,AVG_TOT_COST_PER_AREA_USD
GRD,Grenada,Com,1348.0,172942862.4,127487190.6,150263883.0,0.0,0.0,397302.0,450693936.0,294.73442136498517,1134.3862754277602
GRD,Grenada,Ind,628.0,79730815.5,44632570.5,35526204.0,0.0,0.0,360210.30934343435,159889590.0,573.5832951328572,443.8784394911832
GRD,Grenada,Res,31022.0,841543877.475,825098860.404,1138306667.841,32704.0,110856.0,10388389.038333334,2804949405.7200003,334.87167295252834,270.0081211215414
