ID_0,NAME_0,OCCUPANCY,BUILDINGS,COST_CONTENTS_USD,COST_NONSTRUCTURAL_USD,COST_STRUCTURAL_USD,DWELLINGS,OCCUPANTS_PER_ASSET,TOTAL_AREA_SQM,TOTAL_REPL_COST_USD,AVG_BUILDING_AREA_SQM,AVG_TOT_COST_PER_AREA_USD
FRA,France,Com,596577.2,760427831360.51,456256698816.14,304171132544.15,0.0,0.0,474875690.722196,1520855662720.77,796.0004014940498,3202.6395379553683
FRA,France,Ind,300500.0,819163587877.25,341318161616.4,204790896970.37,0.0,0.0,604476236.2938671,1365272646458.19,2011.5681740228522,2258.604332949262
FRA,France,Res,14449760.879751403,1121332894631.77,2803332236537.41,1681999341906.42,33168208.78387958,67060000.0,3025259009.6504517,5606664473067.85,209.36394967544257,1853.2841172219703
