ID_0,NAME_0,OCCUPANCY,BUILDINGS,COST_CONTENTS_USD,COST_NONSTRUCTURAL_USD,COST_STRUCTURAL_USD,DWELLINGS,OCCUPANTS_PER_ASSET,TOTAL_AREA_SQM,TOTAL_REPL_COST_USD,AVG_BUILDING_AREA_SQM,AVG_TOT_COST_PER_AREA_USD
GMB,Gambia,Com,15967.0,310664427.0,327353577.0,577552159.0,0.0,0.0,3019447.0,1215570153.0,189.10546752677396,402.58039071392875
GMB,Gambia,Ind,4019.0,145065592.0,108362954.0,164384657.0,0.0,0.0,1141676.0,417813222.0,284.06966907190844,365.9647938644589
GMB,Gambia,Res,274191.0,882508483.0,1812020474.0,3271548241.0,290998.0,2383891.0,22769179.0,5966077199.0,83.04130697214715,262.02425651798865
