ID_0,NAME_0,OCCUPANCY,BUILDINGS,COST_CONTENTS_USD,COST_NONSTRUCTURAL_USD,COST_STRUCTURAL_USD,DWELLINGS,OCCUPANTS_PER_ASSET,TOTAL_AREA_SQM,TOTAL_REPL_COST_USD,AVG_BUILDING_AREA_SQM,AVG_TOT_COST_PER_AREA_USD
ATG,Antigua and Barbuda,Com,1421.0,170919632.60732985,125873390.70157066,148542508.8376963,0.0,0.0,419502.0,445335532.14659685,295.21604503870515,1061.581427851588
ATG,Antigua and Barbuda,Ind,340.0,54507561.51832461,30146003.92670157,24746408.37696335,0.0,0.0,142028.2977484472,109399973.82198954,417.7302874954329,770.2688517449728
ATG,Antigua and Barbuda,Res,23943.0,585538475.152356,618031570.8413612,431657879.8596858,27906.0,100788.0,7392724.37625,1635227925.853403,308.763495645909,221.19422321583718
