ID_0,NAME_0,OCCUPANCY,MACRO_TAXONOMY,TAXONOMY,SETTLEMENT,BUILDINGS,BLDG_REPL_COST_USD,COST_CONTENTS_USD,OCCUPANTS_TOTAL,TOTAL_AREA_SQM,TOTAL_REPL_COST_USD,CARBON_BUILDINGS_TON,DWELLINGS,AVG_BUILDING_AREA_SQM,AVG_BLDG_COST_PER_AREA_USD
KGZ,Kyrgyzstan,COM,CR+,CR+PC/LFLS/CDH+ERH/H:1/COM:2,TOTAL,1.0,50000.0,8824.0,0.0,100.0,58824.0,59.0,0.0,100.0,500.0
KGZ,Kyrgyzstan,IND,CR+,CR+PC/LFLS/CDH+ERH/H:1/IND:2,TOTAL,2.0,100000.0,33333.0,0.0,200.0,133333.0,123.0,0.0,100.0,500.0
KGZ,Kyrgyzstan,IND,CR+,CR+PC/LFLS/CDH+ERH/H:1/IND:6,TOTAL,1.0,30000.0,10000.0,0.0,60.0,40000.0,37.0,0.0,60.0,500.0
KGZ,Kyrgyzstan,COM,CR+,CR+PC/LFLS/CDH+ERH/H:2/COM:3B,TOTAL,1.0,90000.0,15882.0,0.0,180.0,105882.0,106.0,0.0,180.0,500.0
KGZ,Kyrgyzstan,IND,CR+,CR+PC/LFLS/CDH+ERH/H:2/IND:2,TOTAL,1.0,150000.0,50000.0,0.0,300.0,200000.0,184.0,0.0,300.0,500.0
KGZ,Kyrgyzstan,RES,CR+,CR+PC/LFLS/CDH+ERH/H:4/RES,RURAL,1.0,200900.0,35453.0,45.0,574.0,236353.0,212.0,8.0,574.0,350.0
KGZ,Kyrgyzstan,RES,CR+,CR+PC/LFLS/CDH+ERH/H:5/RES,RURAL,1.0,159250.0,28103.0,38.0,455.0,187353.0,168.0,7.0,455.0,350.0
KGZ,Kyrgyzstan,RES,CR-,CR+PC/LFLS/CDH+ERL/H:4/RES,URBAN,4.0,1601192.0,282564.0,312.0,3202.0,1883756.0,1184.0,64.0,800.0,500.0
KGZ,Kyrgyzstan,RES,CR-,CR+PC/LFLS/CDH+ERL/H:4/RES,RURAL,1.0,196817.0,34732.0,38.0,562.0,231549.0,208.0,8.0,562.0,350.0
KGZ,Kyrgyzstan,RES,CR-,CR+PC/LFLS/CDH+ERL/H:5/RES,URBAN,1.0,561500.0,99088.0,122.0,1123.0,660588.0,415.0,25.0,1123.0,500.0
KGZ,Kyrgyzstan,IND,CR-,CR+PC/LFLS/CDH+ERL/H:>2/IND:2,TOTAL,1.0,75000.0,25000.0,0.0,150.0,100000.0,92.0,0.0,150.0,500.0
KGZ,Kyrgyzstan,RES,CR-,CR+PC/LFLS/CDH+ERL/H:>5/RES,URBAN,1.0,1272554.0,224568.0,354.0,2545.0,1497122.0,942.0,73.0,2545.0,500.0
KGZ,Kyrgyzstan,COM,CR+,CR+PC/LFLS/CDH+ERM/H:1/COM:2,TOTAL,4.0,360000.0,63531.0,0.0,720.0,423531.0,424.0,0.0,180.0,500.0
KGZ,Kyrgyzstan,COM,CR+,CR+PC/LFLS/CDH+ERM/H:1/COM:3,TOTAL,1.0,60000.0,10588.0,0.0,120.0,70588.0,71.0,0.0,120.0,500.0
KGZ,Kyrgyzstan,COM,CR+,CR+PC/LFLS/CDH+ERM/H:1/COM:3C,TOTAL,1.0,50000.0,8824.0,0.0,100.0,58824.0,59.0,0.0,100.0,500.0
KGZ,Kyrgyzstan,COM,CR+,CR+PC/LFLS/CDH+ERM/H:1/COM:5A,TOTAL,1.0,22500.0,3971.0,0.0,45.0,26471.0,27.0,0.0,45.0,500.0
KGZ,Kyrgyzstan,IND,CR+,CR+PC/LFLS/CDH+ERM/H:1/IND:2,TOTAL,3.0,75000.0,24999.0,0.0,150.0,99999.0,92.0,0.0,50.0,500.0
KGZ,Kyrgyzstan,IND,CR+,CR+PC/LFLS/CDH+ERM/H:1/IND:6,TOTAL,1.0,75000.0,25000.0,0.0,150.0,100000.0,92.0,0.0,150.0,500.0
KGZ,Kyrgyzstan,COM,CR+,CR+PC/LFLS/CDH+ERM/H:3/COM:1,TOTAL,1.0,720000.0,127059.0,0.0,1440.0,847059.0,850.0,0.0,1440.0,500.0
KGZ,Kyrgyzstan,RES,CR+,CR+PC/LFLS/CDH+ERM/H:4/RES,URBAN,4.0,1625897.0,286922.0,321.0,3252.0,1912819.0,1202.0,65.0,813.0,500.0
KGZ,Kyrgyzstan,RES,CR+,CR+PC/LFLS/CDH+ERM/H:4/RES,RURAL,1.0,194980.0,34408.0,51.0,557.0,229388.0,206.0,8.0,557.0,350.0
KGZ,Kyrgyzstan,RES,CR+,CR+PC/LFLS/CDH+ERM/H:5/RES,URBAN,3.0,1676705.0,295888.0,373.0,3353.0,1972593.0,1241.0,75.0,1118.0,500.0
KGZ,Kyrgyzstan,IND,CR+,CR+PC/LFLS/CDH+ERM/H:>2/IND:2,TOTAL,1.0,75000.0,25000.0,0.0,150.0,100000.0,92.0,0.0,150.0,500.0
KGZ,Kyrgyzstan,COM,CR-,CR+PC/LFLS/CDL+ERL/H:1/COM:1,TOTAL,41.0,2325000.0,410290.0,0.0,4650.0,2735290.0,2740.0,0.0,113.0,500.0
KGZ,Kyrgyzstan,COM,CR-,CR+PC/LFLS/CDL+ERL/H:1/COM:2,TOTAL,190.0,13860000.0,2445934.0,0.0,27720.0,16305934.0,16336.0,0.0,146.0,500.0
KGZ,Kyrgyzstan,COM,CR-,CR+PC/LFLS/CDL+ERL/H:1/COM:3,TOTAL,36.0,3240000.0,571759.0,0.0,6480.0,3811759.0,3819.0,0.0,180.0,500.0
KGZ,Kyrgyzstan,COM,CR-,CR+PC/LFLS/CDL+ERL/H:1/COM:3A,TOTAL,4.0,240000.0,42352.0,0.0,480.0,282352.0,283.0,0.0,120.0,500.0
KGZ,Kyrgyzstan,COM,CR-,CR+PC/LFLS/CDL+ERL/H:1/COM:3B,TOTAL,53.0,3202500.0,565144.0,0.0,6405.0,3767644.0,3775.0,0.0,121.0,500.0
KGZ,Kyrgyzstan,COM,CR-,CR+PC/LFLS/CDL+ERL/H:1/COM:3C,TOTAL,4.0,200000.0,35296.0,0.0,400.0,235296.0,236.0,0.0,100.0,500.0
KGZ,Kyrgyzstan,COM,CR-,CR+PC/LFLS/CDL+ERL/H:1/COM:5,TOTAL,13.0,742500.0,131027.0,0.0,1485.0,873527.0,875.0,0.0,114.0,500.0
KGZ,Kyrgyzstan,COM,CR-,CR+PC/LFLS/CDL+ERL/H:1/COM:5A,TOTAL,7.0,180000.0,31767.0,0.0,360.0,211767.0,212.0,0.0,51.0,500.0
KGZ,Kyrgyzstan,IND,CR-,CR+PC/LFLS/CDL+ERL/H:1/IND:1,TOTAL,4.0,5000000.0,1666666.0,0.0,10000.0,6666666.0,6126.0,0.0,2500.0,500.0
KGZ,Kyrgyzstan,IND,CR-,CR+PC/LFLS/CDL+ERL/H:1/IND:2,TOTAL,128.0,3250000.0,1083331.0,0.0,6500.0,4333331.0,3982.0,0.0,51.0,500.0
KGZ,Kyrgyzstan,IND,CR-,CR+PC/LFLS/CDL+ERL/H:1/IND:4,TOTAL,20.0,1200000.0,400000.0,0.0,2400.0,1600000.0,1470.0,0.0,120.0,500.0
KGZ,Kyrgyzstan,IND,CR-,CR+PC/LFLS/CDL+ERL/H:1/IND:6,TOTAL,245.0,7485000.0,2495000.0,0.0,14970.0,9980000.0,9170.0,0.0,61.0,500.0
KGZ,Kyrgyzstan,COM,CR-,CR+PC/LFLS/CDL+ERL/H:2/COM:1,TOTAL,9.0,2345000.0,413822.0,0.0,4690.0,2758822.0,2766.0,0.0,521.0,500.0
KGZ,Kyrgyzstan,COM,CR-,CR+PC/LFLS/CDL+ERL/H:2/COM:2,TOTAL,9.0,7820000.0,1379999.0,0.0,15640.0,9199999.0,9223.0,0.0,1738.0,500.0
KGZ,Kyrgyzstan,COM,CR-,CR+PC/LFLS/CDL+ERL/H:2/COM:3,TOTAL,16.0,8440000.0,1489413.0,0.0,16880.0,9929413.0,9954.0,0.0,1055.0,500.0
KGZ,Kyrgyzstan,COM,CR-,CR+PC/LFLS/CDL+ERL/H:2/COM:3A,TOTAL,1.0,480000.0,84706.0,0.0,960.0,564706.0,566.0,0.0,960.0,500.0
KGZ,Kyrgyzstan,COM,CR-,CR+PC/LFLS/CDL+ERL/H:2/COM:3B,TOTAL,21.0,4245000.0,749116.0,0.0,8490.0,4994116.0,5006.0,0.0,404.0,500.0
KGZ,Kyrgyzstan,COM,CR-,CR+PC/LFLS/CDL+ERL/H:2/COM:3C,TOTAL,1.0,960000.0,169412.0,0.0,1920.0,1129412.0,1132.0,0.0,1920.0,500.0
KGZ,Kyrgyzstan,COM,CR-,CR+PC/LFLS/CDL+ERL/H:2/COM:5,TOTAL,1.0,480000.0,84706.0,0.0,960.0,564706.0,566.0,0.0,960.0,500.0
KGZ,Kyrgyzstan,IND,CR-,CR+PC/LFLS/CDL+ERL/H:2/IND:1,TOTAL,3.0,6000000.0,2000001.0,0.0,12000.0,8000001.0,7356.0,0.0,4000.0,500.0
KGZ,Kyrgyzstan,IND,CR-,CR+PC/LFLS/CDL+ERL/H:2/IND:2,TOTAL,58.0,3000000.0,1000005.0,0.0,6000.0,4000005.0,3678.0,0.0,103.0,500.0
KGZ,Kyrgyzstan,COM,CR-,CR+PC/LFLS/CDL+ERL/H:3/COM:1,TOTAL,10.0,4950000.0,873530.0,0.0,9900.0,5823530.0,5842.0,0.0,990.0,500.0
KGZ,Kyrgyzstan,COM,CR-,CR+PC/LFLS/CDL+ERL/H:3/COM:2,TOTAL,1.0,450000.0,79412.0,0.0,900.0,529412.0,531.0,0.0,900.0,500.0
KGZ,Kyrgyzstan,COM,CR-,CR+PC/LFLS/CDL+ERL/H:3/COM:3,TOTAL,24.0,20280000.0,3578825.0,0.0,40560.0,23858825.0,23933.0,0.0,1690.0,500.0
KGZ,Kyrgyzstan,COM,CR-,CR+PC/LFLS/CDL+ERL/H:3/COM:3A,TOTAL,6.0,4320000.0,762354.0,0.0,8640.0,5082354.0,5098.0,0.0,1440.0,500.0
KGZ,Kyrgyzstan,COM,CR-,CR+PC/LFLS/CDL+ERL/H:3/COM:3B,TOTAL,11.0,6300000.0,1111765.0,0.0,12600.0,7411765.0,7435.0,0.0,1145.0,500.0
KGZ,Kyrgyzstan,COM,CR-,CR+PC/LFLS/CDL+ERL/H:4/COM:1,TOTAL,2.0,1320000.0,232941.0,0.0,2640.0,1552941.0,1559.0,0.0,1320.0,500.0
KGZ,Kyrgyzstan,COM,CR-,CR+PC/LFLS/CDL+ERL/H:4/COM:2,TOTAL,3.0,5640000.0,995294.0,0.0,11280.0,6635294.0,6660.0,0.0,3760.0,500.0
KGZ,Kyrgyzstan,COM,CR-,CR+PC/LFLS/CDL+ERL/H:4/COM:3,TOTAL,8.0,7680000.0,1355296.0,0.0,15360.0,9035296.0,9069.0,0.0,1920.0,500.0
KGZ,Kyrgyzstan,COM,CR-,CR+PC/LFLS/CDL+ERL/H:4/COM:3A,TOTAL,1.0,960000.0,169412.0,0.0,1920.0,1129412.0,1134.0,0.0,1920.0,500.0
KGZ,Kyrgyzstan,COM,CR-,CR+PC/LFLS/CDL+ERL/H:4/COM:3B,TOTAL,6.0,2760000.0,487058.0,0.0,5520.0,3247058.0,3259.0,0.0,920.0,500.0
KGZ,Kyrgyzstan,RES,CR-,CR+PC/LFLS/CDL+ERL/H:4/RES,RURAL,68.0,13249805.0,2338189.0,2900.0,37857.0,15588004.0,13998.0,541.0,557.0,350.0
KGZ,Kyrgyzstan,RES,CR-,CR+PC/LFLS/CDL+ERL/H:4/RES,URBAN,264.0,106047941.0,18714362.0,20995.0,212096.0,124762217.0,78427.0,4242.0,803.0,500.0
KGZ,Kyrgyzstan,COM,CR-,CR+PC/LFLS/CDL+ERL/H:5/COM:3,TOTAL,1.0,1200000.0,211765.0,0.0,2400.0,1411765.0,1418.0,0.0,2400.0,500.0
KGZ,Kyrgyzstan,COM,CR-,CR+PC/LFLS/CDL+ERL/H:5/COM:3B,TOTAL,1.0,1200000.0,211765.0,0.0,2400.0,1411765.0,1418.0,0.0,2400.0,500.0
KGZ,Kyrgyzstan,RES,CR-,CR+PC/LFLS/CDL+ERL/H:5/RES,RURAL,10.0,1728998.0,305117.0,421.0,4940.0,2034115.0,1828.0,76.0,494.0,350.0
KGZ,Kyrgyzstan,RES,CR-,CR+PC/LFLS/CDL+ERL/H:5/RES,URBAN,138.0,77276792.0,13637051.0,17122.0,154554.0,90913867.0,57183.0,3435.0,1120.0,500.0
KGZ,Kyrgyzstan,COM,CR-,CR+PC/LFLS/CDL+ERL/H:6-7/COM:3,TOTAL,1.0,1440000.0,254118.0,0.0,2880.0,1694118.0,1703.0,0.0,2880.0,500.0
KGZ,Kyrgyzstan,IND,CR-,CR+PC/LFLS/CDL+ERL/H:>2/IND:2,TOTAL,73.0,5625000.0,1875000.0,0.0,11250.0,7500000.0,6902.0,0.0,154.0,500.0
KGZ,Kyrgyzstan,RES,CR-,CR+PC/LFLS/CDL+ERL/H:>5/RES,URBAN,50.0,63477432.0,11201885.0,17790.0,126955.0,74679356.0,46999.0,3627.0,2539.0,500.0
KGZ,Kyrgyzstan,COM,CR+,CR+PC/LWAL/CDH+ERH/H:1/COM:2,TOTAL,10.0,600000.0,105886.0,0.0,1200.0,705886.0,777.0,0.0,120.0,500.0
KGZ,Kyrgyzstan,COM,CR+,CR+PC/LWAL/CDH+ERH/H:1/COM:3C,TOTAL,1.0,50000.0,8824.0,0.0,100.0,58824.0,65.0,0.0,100.0,500.0
KGZ,Kyrgyzstan,IND,CR+,CR+PC/LWAL/CDH+ERH/H:1/IND:2,TOTAL,2.0,50000.0,16666.0,0.0,100.0,66666.0,62.0,0.0,50.0,500.0
KGZ,Kyrgyzstan,IND,CR+,CR+PC/LWAL/CDH+ERH/H:1/IND:6,TOTAL,4.0,120000.0,40000.0,0.0,240.0,160000.0,150.0,0.0,60.0,500.0
KGZ,Kyrgyzstan,COM,CR+,CR+PC/LWAL/CDH+ERH/H:3/COM:3,TOTAL,1.0,1800000.0,317647.0,0.0,3600.0,2117647.0,2335.0,0.0,3600.0,500.0
KGZ,Kyrgyzstan,RES,CR+,CR+PC/LWAL/CDH+ERH/H:4/RES,RURAL,1.0,201445.0,35549.0,45.0,576.0,236994.0,275.0,8.0,576.0,350.0
KGZ,Kyrgyzstan,COM,CR-,CR+PC/LWAL/CDH+ERL/H:1/COM:2,TOTAL,1.0,50000.0,8824.0,0.0,100.0,58824.0,65.0,0.0,100.0,500.0
KGZ,Kyrgyzstan,IND,CR-,CR+PC/LWAL/CDH+ERL/H:1/IND:4,TOTAL,1.0,30000.0,10000.0,0.0,60.0,40000.0,37.0,0.0,60.0,500.0
KGZ,Kyrgyzstan,IND,CR-,CR+PC/LWAL/CDH+ERL/H:1/IND:6,TOTAL,1.0,30000.0,10000.0,0.0,60.0,40000.0,37.0,0.0,60.0,500.0
KGZ,Kyrgyzstan,COM,CR-,CR+PC/LWAL/CDH+ERL/H:2/COM:3,TOTAL,2.0,960000.0,169412.0,0.0,1920.0,1129412.0,1244.0,0.0,960.0,500.0
KGZ,Kyrgyzstan,COM,CR-,CR+PC/LWAL/CDH+ERL/H:3/COM:1,TOTAL,1.0,720000.0,127059.0,0.0,1440.0,847059.0,934.0,0.0,1440.0,500.0
KGZ,Kyrgyzstan,COM,CR-,CR+PC/LWAL/CDH+ERL/H:3/COM:3,TOTAL,1.0,720000.0,127059.0,0.0,1440.0,847059.0,934.0,0.0,1440.0,500.0
KGZ,Kyrgyzstan,RES,CR-,CR+PC/LWAL/CDH+ERL/H:4/RES,URBAN,4.0,1599612.0,282284.0,312.0,3199.0,1881896.0,1529.0,64.0,800.0,500.0
KGZ,Kyrgyzstan,RES,CR-,CR+PC/LWAL/CDH+ERL/H:4/RES,RURAL,3.0,587079.0,103601.0,114.0,1677.0,690680.0,802.0,24.0,559.0,350.0
KGZ,Kyrgyzstan,RES,CR-,CR+PC/LWAL/CDH+ERL/H:5/RES,URBAN,1.0,563101.0,99371.0,122.0,1126.0,662471.0,538.0,25.0,1126.0,500.0
KGZ,Kyrgyzstan,IND,CR-,CR+PC/LWAL/CDH+ERL/H:>2/IND:2,TOTAL,1.0,225000.0,75000.0,0.0,450.0,300000.0,282.0,0.0,450.0,500.0
KGZ,Kyrgyzstan,RES,CR-,CR+PC/LWAL/CDH+ERL/H:>5/RES,URBAN,1.0,1257913.0,221985.0,350.0,2516.0,1479898.0,1204.0,72.0,2516.0,500.0
KGZ,Kyrgyzstan,COM,CR+,CR+PC/LWAL/CDH+ERM/H:1/COM:1,TOTAL,3.0,150000.0,26470.0,0.0,300.0,176470.0,194.0,0.0,100.0,500.0
KGZ,Kyrgyzstan,COM,CR+,CR+PC/LWAL/CDH+ERM/H:1/COM:2,TOTAL,9.0,710000.0,125297.0,0.0,1420.0,835297.0,920.0,0.0,158.0,500.0
KGZ,Kyrgyzstan,COM,CR+,CR+PC/LWAL/CDH+ERM/H:1/COM:3,TOTAL,1.0,60000.0,10588.0,0.0,120.0,70588.0,78.0,0.0,120.0,500.0
KGZ,Kyrgyzstan,COM,CR+,CR+PC/LWAL/CDH+ERM/H:1/COM:3C,TOTAL,1.0,50000.0,8824.0,0.0,100.0,58824.0,65.0,0.0,100.0,500.0
KGZ,Kyrgyzstan,COM,CR+,CR+PC/LWAL/CDH+ERM/H:1/COM:5A,TOTAL,1.0,22500.0,3971.0,0.0,45.0,26471.0,29.0,0.0,45.0,500.0
KGZ,Kyrgyzstan,IND,CR+,CR+PC/LWAL/CDH+ERM/H:1/IND:2,TOTAL,4.0,150000.0,50000.0,0.0,300.0,200000.0,187.0,0.0,75.0,500.0
KGZ,Kyrgyzstan,IND,CR+,CR+PC/LWAL/CDH+ERM/H:1/IND:4,TOTAL,1.0,150000.0,50000.0,0.0,300.0,200000.0,187.0,0.0,300.0,500.0
KGZ,Kyrgyzstan,IND,CR+,CR+PC/LWAL/CDH+ERM/H:1/IND:6,TOTAL,8.0,240000.0,80000.0,0.0,480.0,320000.0,300.0,0.0,60.0,500.0
KGZ,Kyrgyzstan,COM,CR+,CR+PC/LWAL/CDH+ERM/H:2/COM:3,TOTAL,1.0,480000.0,84706.0,0.0,960.0,564706.0,622.0,0.0,960.0,500.0
KGZ,Kyrgyzstan,COM,CR+,CR+PC/LWAL/CDH+ERM/H:2/COM:3B,TOTAL,1.0,90000.0,15882.0,0.0,180.0,105882.0,117.0,0.0,180.0,500.0
KGZ,Kyrgyzstan,IND,CR+,CR+PC/LWAL/CDH+ERM/H:2/IND:2,TOTAL,2.0,100000.0,33334.0,0.0,200.0,133334.0,125.0,0.0,100.0,500.0
KGZ,Kyrgyzstan,COM,CR+,CR+PC/LWAL/CDH+ERM/H:3/COM:1,TOTAL,1.0,720000.0,127059.0,0.0,1440.0,847059.0,934.0,0.0,1440.0,500.0
KGZ,Kyrgyzstan,COM,CR+,CR+PC/LWAL/CDH+ERM/H:3/COM:3,TOTAL,1.0,720000.0,127059.0,0.0,1440.0,847059.0,934.0,0.0,1440.0,500.0
KGZ,Kyrgyzstan,RES,CR+,CR+PC/LWAL/CDH+ERM/H:4/RES,URBAN,2.0,799786.0,141139.0,163.0,1600.0,940925.0,764.0,32.0,800.0,500.0
KGZ,Kyrgyzstan,RES,CR+,CR+PC/LWAL/CDH+ERM/H:4/RES,RURAL,3.0,584969.0,103229.0,140.0,1671.0,688200.0,799.0,24.0,557.0,350.0
KGZ,Kyrgyzstan,RES,CR+,CR+PC/LWAL/CDH+ERM/H:5/RES,URBAN,3.0,1684657.0,297293.0,375.0,3369.0,1981949.0,1611.0,75.0,1123.0,500.0
KGZ,Kyrgyzstan,IND,CR+,CR+PC/LWAL/CDH+ERM/H:>2/IND:2,TOTAL,2.0,150000.0,50000.0,0.0,300.0,200000.0,188.0,0.0,150.0,500.0
KGZ,Kyrgyzstan,COM,CR-,CR+PC/LWAL/CDL+ERL/H:1/COM:1,TOTAL,141.0,9952500.0,1756318.0,0.0,19905.0,11708818.0,12893.0,0.0,141.0,500.0
KGZ,Kyrgyzstan,COM,CR-,CR+PC/LWAL/CDL+ERL/H:1/COM:2,TOTAL,521.0,48830000.0,8617137.0,0.0,97660.0,57447137.0,63256.0,0.0,187.0,500.0
KGZ,Kyrgyzstan,COM,CR-,CR+PC/LWAL/CDL+ERL/H:1/COM:3,TOTAL,180.0,16430000.0,2899396.0,0.0,32860.0,19329396.0,21284.0,0.0,183.0,500.0
KGZ,Kyrgyzstan,COM,CR-,CR+PC/LWAL/CDL+ERL/H:1/COM:3A,TOTAL,8.0,465000.0,82057.0,0.0,930.0,547057.0,602.0,0.0,116.0,500.0
KGZ,Kyrgyzstan,COM,CR-,CR+PC/LWAL/CDL+ERL/H:1/COM:3B,TOTAL,187.0,13890000.0,2451169.0,0.0,27780.0,16341169.0,17994.0,0.0,149.0,500.0
KGZ,Kyrgyzstan,COM,CR-,CR+PC/LWAL/CDL+ERL/H:1/COM:3C,TOTAL,29.0,2840000.0,501185.0,0.0,5680.0,3341185.0,3679.0,0.0,196.0,500.0
KGZ,Kyrgyzstan,COM,CR-,CR+PC/LWAL/CDL+ERL/H:1/COM:5,TOTAL,34.0,1612500.0,284558.0,0.0,3225.0,1897058.0,2089.0,0.0,95.0,500.0
KGZ,Kyrgyzstan,COM,CR-,CR+PC/LWAL/CDL+ERL/H:1/COM:5A,TOTAL,33.0,1177500.0,207803.0,0.0,2355.0,1385303.0,1525.0,0.0,71.0,500.0
KGZ,Kyrgyzstan,IND,CR-,CR+PC/LWAL/CDL+ERL/H:1/IND:1,TOTAL,4.0,5000000.0,1666666.0,0.0,10000.0,6666666.0,6249.0,0.0,2500.0,500.0
KGZ,Kyrgyzstan,IND,CR-,CR+PC/LWAL/CDL+ERL/H:1/IND:2,TOTAL,182.0,4750000.0,1583330.0,0.0,9500.0,6333330.0,5937.0,0.0,52.0,500.0
KGZ,Kyrgyzstan,IND,CR-,CR+PC/LWAL/CDL+ERL/H:1/IND:4,TOTAL,52.0,2760000.0,920000.0,0.0,5520.0,3680000.0,3449.0,0.0,106.0,500.0
KGZ,Kyrgyzstan,IND,CR-,CR+PC/LWAL/CDL+ERL/H:1/IND:6,TOTAL,604.0,18480000.0,6160000.0,0.0,36960.0,24640000.0,23096.0,0.0,61.0,500.0
KGZ,Kyrgyzstan,COM,CR-,CR+PC/LWAL/CDL+ERL/H:2/COM:1,TOTAL,58.0,8960000.0,1581171.0,0.0,17920.0,10541171.0,11615.0,0.0,309.0,500.0
KGZ,Kyrgyzstan,COM,CR-,CR+PC/LWAL/CDL+ERL/H:2/COM:2,TOTAL,35.0,20780000.0,3667055.0,0.0,41560.0,24447055.0,26937.0,0.0,1187.0,500.0
KGZ,Kyrgyzstan,COM,CR-,CR+PC/LWAL/CDL+ERL/H:2/COM:3,TOTAL,63.0,24360000.0,4298823.0,0.0,48720.0,28658823.0,31578.0,0.0,773.0,500.0
KGZ,Kyrgyzstan,COM,CR-,CR+PC/LWAL/CDL+ERL/H:2/COM:3A,TOTAL,10.0,4800000.0,847060.0,0.0,9600.0,5647060.0,6222.0,0.0,960.0,500.0
KGZ,Kyrgyzstan,COM,CR-,CR+PC/LWAL/CDL+ERL/H:2/COM:3B,TOTAL,70.0,8880000.0,1567055.0,0.0,17760.0,10447055.0,11511.0,0.0,254.0,500.0
KGZ,Kyrgyzstan,COM,CR-,CR+PC/LWAL/CDL+ERL/H:2/COM:3C,TOTAL,1.0,960000.0,169412.0,0.0,1920.0,1129412.0,1244.0,0.0,1920.0,500.0
KGZ,Kyrgyzstan,COM,CR-,CR+PC/LWAL/CDL+ERL/H:2/COM:5,TOTAL,1.0,480000.0,84706.0,0.0,960.0,564706.0,622.0,0.0,960.0,500.0
KGZ,Kyrgyzstan,COM,CR-,CR+PC/LWAL/CDL+ERL/H:2/COM:5A,TOTAL,1.0,480000.0,84706.0,0.0,960.0,564706.0,622.0,0.0,960.0,500.0
KGZ,Kyrgyzstan,IND,CR-,CR+PC/LWAL/CDL+ERL/H:2/IND:1,TOTAL,2.0,4000000.0,1333333.0,0.0,8000.0,5333333.0,5003.0,0.0,4000.0,500.0
KGZ,Kyrgyzstan,IND,CR-,CR+PC/LWAL/CDL+ERL/H:2/IND:2,TOTAL,72.0,3800000.0,1266668.0,0.0,7600.0,5066668.0,4753.0,0.0,106.0,500.0
KGZ,Kyrgyzstan,COM,CR-,CR+PC/LWAL/CDL+ERL/H:3/COM:1,TOTAL,44.0,18410000.0,3248823.0,0.0,36820.0,21658823.0,23880.0,0.0,837.0,500.0
KGZ,Kyrgyzstan,COM,CR-,CR+PC/LWAL/CDL+ERL/H:3/COM:2,TOTAL,26.0,28980000.0,5114119.0,0.0,57960.0,34094119.0,37591.0,0.0,2229.0,500.0
KGZ,Kyrgyzstan,COM,CR-,CR+PC/LWAL/CDL+ERL/H:3/COM:3,TOTAL,82.0,61840000.0,10912943.0,0.0,123680.0,72752943.0,80215.0,0.0,1508.0,500.0
KGZ,Kyrgyzstan,COM,CR-,CR+PC/LWAL/CDL+ERL/H:3/COM:3A,TOTAL,11.0,9000000.0,1588237.0,0.0,18000.0,10588237.0,11674.0,0.0,1636.0,500.0
KGZ,Kyrgyzstan,COM,CR-,CR+PC/LWAL/CDL+ERL/H:3/COM:3B,TOTAL,55.0,26910000.0,4748823.0,0.0,53820.0,31658823.0,34906.0,0.0,979.0,500.0
KGZ,Kyrgyzstan,COM,CR-,CR+PC/LWAL/CDL+ERL/H:3/COM:5A,TOTAL,1.0,270000.0,47647.0,0.0,540.0,317647.0,350.0,0.0,540.0,500.0
KGZ,Kyrgyzstan,COM,CR-,CR+PC/LWAL/CDL+ERL/H:4/COM:1,TOTAL,17.0,9120000.0,1609410.0,0.0,18240.0,10729410.0,11838.0,0.0,1073.0,500.0
KGZ,Kyrgyzstan,COM,CR-,CR+PC/LWAL/CDL+ERL/H:4/COM:2,TOTAL,15.0,20520000.0,3621175.0,0.0,41040.0,24141175.0,26635.0,0.0,2736.0,500.0
KGZ,Kyrgyzstan,COM,CR-,CR+PC/LWAL/CDL+ERL/H:4/COM:3,TOTAL,40.0,36640000.0,6465883.0,0.0,73280.0,43105883.0,47559.0,0.0,1832.0,500.0
KGZ,Kyrgyzstan,COM,CR-,CR+PC/LWAL/CDL+ERL/H:4/COM:3A,TOTAL,4.0,3840000.0,677648.0,0.0,7680.0,4517648.0,4984.0,0.0,1920.0,500.0
KGZ,Kyrgyzstan,COM,CR-,CR+PC/LWAL/CDL+ERL/H:4/COM:3B,TOTAL,29.0,15840000.0,2795294.0,0.0,31680.0,18635294.0,20560.0,0.0,1092.0,500.0
KGZ,Kyrgyzstan,COM,CR-,CR+PC/LWAL/CDL+ERL/H:4/COM:3C,TOTAL,1.0,800000.0,141176.0,0.0,1600.0,941176.0,1038.0,0.0,1600.0,500.0
KGZ,Kyrgyzstan,RES,CR-,CR+PC/LWAL/CDL+ERL/H:4/RES,RURAL,176.0,34592515.0,6104562.0,7551.0,98836.0,40697089.0,47227.0,1412.0,562.0,350.0
KGZ,Kyrgyzstan,RES,CR-,CR+PC/LWAL/CDL+ERL/H:4/RES,URBAN,1408.0,563475629.0,99436796.0,112473.0,1126951.0,662912472.0,538494.0,22539.0,800.0,500.0
KGZ,Kyrgyzstan,COM,CR-,CR+PC/LWAL/CDL+ERL/H:5/COM:1,TOTAL,4.0,1800000.0,317648.0,0.0,3600.0,2117648.0,2338.0,0.0,900.0,500.0
KGZ,Kyrgyzstan,COM,CR-,CR+PC/LWAL/CDL+ERL/H:5/COM:2,TOTAL,2.0,1500000.0,264706.0,0.0,3000.0,1764706.0,1948.0,0.0,1500.0,500.0
KGZ,Kyrgyzstan,COM,CR-,CR+PC/LWAL/CDL+ERL/H:5/COM:3,TOTAL,6.0,7200000.0,1270590.0,0.0,14400.0,8470590.0,9352.0,0.0,2400.0,500.0
KGZ,Kyrgyzstan,COM,CR-,CR+PC/LWAL/CDL+ERL/H:5/COM:3B,TOTAL,6.0,4950000.0,873531.0,0.0,9900.0,5823531.0,6429.0,0.0,1650.0,500.0
KGZ,Kyrgyzstan,RES,CR-,CR+PC/LWAL/CDL+ERL/H:5/RES,URBAN,741.0,416882253.0,73567495.0,93277.0,833764.0,490449641.0,398644.0,18528.0,1125.0,500.0
KGZ,Kyrgyzstan,RES,CR-,CR+PC/LWAL/CDL+ERL/H:5/RES,RURAL,23.0,4117752.0,726666.0,1023.0,11765.0,4844412.0,5625.0,181.0,512.0,350.0
KGZ,Kyrgyzstan,COM,CR-,CR+PC/LWAL/CDL+ERL/H:6-7/COM:3,TOTAL,4.0,5520000.0,974119.0,0.0,11040.0,6494119.0,7174.0,0.0,2760.0,500.0
KGZ,Kyrgyzstan,COM,CR-,CR+PC/LWAL/CDL+ERL/H:6-7/COM:3B,TOTAL,2.0,1980000.0,349412.0,0.0,3960.0,2329412.0,2573.0,0.0,1980.0,500.0
KGZ,Kyrgyzstan,IND,CR-,CR+PC/LWAL/CDL+ERL/H:>2/IND:2,TOTAL,94.0,7050000.0,2350000.0,0.0,14100.0,9400000.0,8824.0,0.0,150.0,500.0
KGZ,Kyrgyzstan,RES,CR-,CR+PC/LWAL/CDL+ERL/H:>5/RES,URBAN,253.0,318624616.0,56227900.0,89622.0,637249.0,374852399.0,304871.0,18207.0,2519.0,500.0
KGZ,Kyrgyzstan,COM,CR+,CR/LDUAL/CDH+ERH/H:1/COM:1,TOTAL,1.0,45000.0,7941.0,0.0,90.0,52941.0,56.0,0.0,90.0,500.0
KGZ,Kyrgyzstan,COM,CR+,CR/LDUAL/CDH+ERH/H:1/COM:2,TOTAL,5.0,300000.0,52943.0,0.0,600.0,352943.0,371.0,0.0,120.0,500.0
KGZ,Kyrgyzstan,COM,CR+,CR/LDUAL/CDH+ERH/H:1/COM:3B,TOTAL,1.0,60000.0,10588.0,0.0,120.0,70588.0,74.0,0.0,120.0,500.0
KGZ,Kyrgyzstan,COM,CR+,CR/LDUAL/CDH+ERH/H:1/COM:5A,TOTAL,1.0,22500.0,3971.0,0.0,45.0,26471.0,28.0,0.0,45.0,500.0
KGZ,Kyrgyzstan,IND,CR+,CR/LDUAL/CDH+ERH/H:1/IND:2,TOTAL,3.0,75000.0,24999.0,0.0,150.0,99999.0,91.0,0.0,50.0,500.0
KGZ,Kyrgyzstan,IND,CR+,CR/LDUAL/CDH+ERH/H:1/IND:6,TOTAL,1.0,30000.0,10000.0,0.0,60.0,40000.0,36.0,0.0,60.0,500.0
KGZ,Kyrgyzstan,IND,CR+,CR/LDUAL/CDH+ERH/H:2/IND:2,TOTAL,1.0,50000.0,16667.0,0.0,100.0,66667.0,61.0,0.0,100.0,500.0
KGZ,Kyrgyzstan,RES,CR+,CR/LDUAL/CDH+ERH/H:2/RES,URBAN,11.0,829763.0,146427.0,137.0,1660.0,976190.0,727.0,26.0,151.0,500.0
KGZ,Kyrgyzstan,RES,CR+,CR/LDUAL/CDH+ERH/H:2/RES,RURAL,62.0,3908608.0,689754.0,639.0,11167.0,4598380.0,4890.0,124.0,180.0,350.0
KGZ,Kyrgyzstan,RES,CR+,CR/LDUAL/CDH+ERH/H:3/RES,RURAL,6.0,466984.0,82411.0,94.0,1334.0,549395.0,585.0,18.0,222.0,350.0
KGZ,Kyrgyzstan,RES,CR+,CR/LDUAL/CDH+ERH/H:5/RES,RURAL,1.0,176312.0,31114.0,42.0,504.0,207426.0,221.0,8.0,504.0,350.0
KGZ,Kyrgyzstan,COM,CR+,CR/LDUAL/CDH+ERM/H:1/COM:1,TOTAL,2.0,90000.0,15882.0,0.0,180.0,105882.0,111.0,0.0,90.0,500.0
KGZ,Kyrgyzstan,COM,CR+,CR/LDUAL/CDH+ERM/H:1/COM:2,TOTAL,16.0,950000.0,167653.0,0.0,1900.0,1117653.0,1175.0,0.0,119.0,500.0
KGZ,Kyrgyzstan,COM,CR+,CR/LDUAL/CDH+ERM/H:1/COM:3,TOTAL,2.0,160000.0,28235.0,0.0,320.0,188235.0,198.0,0.0,160.0,500.0
KGZ,Kyrgyzstan,COM,CR+,CR/LDUAL/CDH+ERM/H:1/COM:3A,TOTAL,2.0,120000.0,21176.0,0.0,240.0,141176.0,148.0,0.0,120.0,500.0
KGZ,Kyrgyzstan,COM,CR+,CR/LDUAL/CDH+ERM/H:1/COM:3B,TOTAL,1.0,67500.0,11912.0,0.0,135.0,79412.0,83.0,0.0,135.0,500.0
KGZ,Kyrgyzstan,COM,CR+,CR/LDUAL/CDH+ERM/H:1/COM:3C,TOTAL,2.0,100000.0,17648.0,0.0,200.0,117648.0,124.0,0.0,100.0,500.0
KGZ,Kyrgyzstan,COM,CR+,CR/LDUAL/CDH+ERM/H:1/COM:5A,TOTAL,2.0,45000.0,7942.0,0.0,90.0,52942.0,56.0,0.0,45.0,500.0
KGZ,Kyrgyzstan,IND,CR+,CR/LDUAL/CDH+ERM/H:1/IND:2,TOTAL,1.0,25000.0,8333.0,0.0,50.0,33333.0,30.0,0.0,50.0,500.0
KGZ,Kyrgyzstan,IND,CR+,CR/LDUAL/CDH+ERM/H:1/IND:4,TOTAL,1.0,30000.0,10000.0,0.0,60.0,40000.0,36.0,0.0,60.0,500.0
KGZ,Kyrgyzstan,IND,CR+,CR/LDUAL/CDH+ERM/H:1/IND:6,TOTAL,7.0,300000.0,100000.0,0.0,600.0,400000.0,364.0,0.0,86.0,500.0
KGZ,Kyrgyzstan,IND,CR+,CR/LDUAL/CDH+ERM/H:2/IND:2,TOTAL,2.0,100000.0,33334.0,0.0,200.0,133334.0,122.0,0.0,100.0,500.0
KGZ,Kyrgyzstan,RES,CR+,CR/LDUAL/CDH+ERM/H:2/RES,URBAN,12.0,894844.0,157914.0,138.0,1790.0,1052760.0,784.0,29.0,149.0,500.0
KGZ,Kyrgyzstan,RES,CR+,CR/LDUAL/CDH+ERM/H:2/RES,RURAL,141.0,8884966.0,1567969.0,1505.0,25386.0,10452927.0,11116.0,282.0,180.0,350.0
KGZ,Kyrgyzstan,COM,CR+,CR/LDUAL/CDH+ERM/H:3/COM:1,TOTAL,1.0,720000.0,127059.0,0.0,1440.0,847059.0,892.0,0.0,1440.0,500.0
KGZ,Kyrgyzstan,COM,CR+,CR/LDUAL/CDH+ERM/H:3/COM:3,TOTAL,2.0,1440000.0,254118.0,0.0,2880.0,1694118.0,1784.0,0.0,1440.0,500.0
KGZ,Kyrgyzstan,COM,CR+,CR/LDUAL/CDH+ERM/H:3/COM:3A,TOTAL,1.0,720000.0,127059.0,0.0,1440.0,847059.0,892.0,0.0,1440.0,500.0
KGZ,Kyrgyzstan,RES,CR+,CR/LDUAL/CDH+ERM/H:3/RES,URBAN,6.0,1976802.0,348847.0,348.0,3954.0,2325649.0,1732.0,72.0,659.0,500.0
KGZ,Kyrgyzstan,RES,CR+,CR/LDUAL/CDH+ERM/H:3/RES,RURAL,24.0,1889922.0,333513.0,378.0,5400.0,2223435.0,2366.0,72.0,225.0,350.0
KGZ,Kyrgyzstan,RES,CR+,CR/LDUAL/CDH+ERM/H:4/RES,URBAN,3.0,1195103.0,210901.0,232.0,2390.0,1406004.0,1048.0,48.0,797.0,500.0
KGZ,Kyrgyzstan,RES,CR+,CR/LDUAL/CDH+ERM/H:4/RES,RURAL,3.0,588194.0,103800.0,141.0,1681.0,691994.0,737.0,24.0,560.0,350.0
KGZ,Kyrgyzstan,RES,CR+,CR/LDUAL/CDH+ERM/H:5/RES,RURAL,1.0,184844.0,32620.0,52.0,528.0,217464.0,232.0,8.0,528.0,350.0
KGZ,Kyrgyzstan,IND,CR+,CR/LDUAL/CDH+ERM/H:>2/IND:2,TOTAL,1.0,225000.0,75000.0,0.0,450.0,300000.0,274.0,0.0,450.0,500.0
KGZ,Kyrgyzstan,COM,CR-,CR/LDUAL/CDL+ERM/H:1/COM:1,TOTAL,153.0,10385000.0,1832641.0,0.0,20770.0,12217641.0,12847.0,0.0,136.0,500.0
KGZ,Kyrgyzstan,COM,CR-,CR/LDUAL/CDL+ERM/H:1/COM:2,TOTAL,472.0,41620000.0,7344771.0,0.0,83240.0,48964771.0,51484.0,0.0,176.0,500.0
KGZ,Kyrgyzstan,COM,CR-,CR/LDUAL/CDL+ERM/H:1/COM:3,TOTAL,162.0,17420000.0,3074106.0,0.0,34840.0,20494106.0,21549.0,0.0,215.0,500.0
KGZ,Kyrgyzstan,COM,CR-,CR/LDUAL/CDL+ERM/H:1/COM:3A,TOTAL,11.0,645000.0,113821.0,0.0,1290.0,758821.0,798.0,0.0,117.0,500.0
KGZ,Kyrgyzstan,COM,CR-,CR/LDUAL/CDL+ERM/H:1/COM:3B,TOTAL,189.0,13537500.0,2388969.0,0.0,27075.0,15926469.0,16746.0,0.0,143.0,500.0
KGZ,Kyrgyzstan,COM,CR-,CR/LDUAL/CDL+ERM/H:1/COM:3C,TOTAL,27.0,1720000.0,303538.0,0.0,3440.0,2023538.0,2128.0,0.0,127.0,500.0
KGZ,Kyrgyzstan,COM,CR-,CR/LDUAL/CDL+ERM/H:1/COM:5,TOTAL,29.0,1955000.0,344997.0,0.0,3910.0,2299997.0,2418.0,0.0,135.0,500.0
KGZ,Kyrgyzstan,COM,CR-,CR/LDUAL/CDL+ERM/H:1/COM:5A,TOTAL,45.0,1162500.0,205162.0,0.0,2325.0,1367662.0,1438.0,0.0,52.0,500.0
KGZ,Kyrgyzstan,IND,CR-,CR/LDUAL/CDL+ERM/H:1/IND:1,TOTAL,7.0,8000000.0,2666666.0,0.0,16000.0,10666666.0,9714.0,0.0,2286.0,500.0
KGZ,Kyrgyzstan,IND,CR-,CR/LDUAL/CDL+ERM/H:1/IND:2,TOTAL,168.0,4300000.0,1433334.0,0.0,8600.0,5733334.0,5221.0,0.0,51.0,500.0
KGZ,Kyrgyzstan,IND,CR-,CR/LDUAL/CDL+ERM/H:1/IND:4,TOTAL,29.0,2310000.0,770000.0,0.0,4620.0,3080000.0,2805.0,0.0,159.0,500.0
KGZ,Kyrgyzstan,IND,CR-,CR/LDUAL/CDL+ERM/H:1/IND:6,TOTAL,414.0,12465000.0,4155000.0,0.0,24930.0,16620000.0,15135.0,0.0,60.0,500.0
KGZ,Kyrgyzstan,COM,CR-,CR/LDUAL/CDL+ERM/H:2/COM:1,TOTAL,50.0,8010000.0,1413530.0,0.0,16020.0,9423530.0,9915.0,0.0,320.0,500.0
KGZ,Kyrgyzstan,COM,CR-,CR/LDUAL/CDL+ERM/H:2/COM:2,TOTAL,38.0,17740000.0,3130582.0,0.0,35480.0,20870582.0,21959.0,0.0,934.0,500.0
KGZ,Kyrgyzstan,COM,CR-,CR/LDUAL/CDL+ERM/H:2/COM:3,TOTAL,57.0,22980000.0,4055295.0,0.0,45960.0,27035295.0,28445.0,0.0,806.0,500.0
KGZ,Kyrgyzstan,COM,CR-,CR/LDUAL/CDL+ERM/H:2/COM:3A,TOTAL,3.0,1440000.0,254118.0,0.0,2880.0,1694118.0,1782.0,0.0,960.0,500.0
KGZ,Kyrgyzstan,COM,CR-,CR/LDUAL/CDL+ERM/H:2/COM:3B,TOTAL,84.0,15530000.0,2740589.0,0.0,31060.0,18270589.0,19223.0,0.0,370.0,500.0
KGZ,Kyrgyzstan,COM,CR-,CR/LDUAL/CDL+ERM/H:2/COM:3C,TOTAL,2.0,1260000.0,222353.0,0.0,2520.0,1482353.0,1560.0,0.0,1260.0,500.0
KGZ,Kyrgyzstan,COM,CR-,CR/LDUAL/CDL+ERM/H:2/COM:5,TOTAL,3.0,1440000.0,254118.0,0.0,2880.0,1694118.0,1782.0,0.0,960.0,500.0
KGZ,Kyrgyzstan,COM,CR-,CR/LDUAL/CDL+ERM/H:2/COM:5A,TOTAL,1.0,135000.0,23824.0,0.0,270.0,158824.0,167.0,0.0,270.0,500.0
KGZ,Kyrgyzstan,IND,CR-,CR/LDUAL/CDL+ERM/H:2/IND:1,TOTAL,2.0,4000000.0,1333334.0,0.0,8000.0,5333334.0,4860.0,0.0,4000.0,500.0
KGZ,Kyrgyzstan,IND,CR-,CR/LDUAL/CDL+ERM/H:2/IND:2,TOTAL,74.0,4000000.0,1333336.0,0.0,8000.0,5333336.0,4861.0,0.0,108.0,500.0
KGZ,Kyrgyzstan,RES,CR-,CR/LDUAL/CDL+ERM/H:2/RES,URBAN,602.0,44975415.0,7936854.0,7106.0,89951.0,52912179.0,39389.0,1446.0,149.0,500.0
KGZ,Kyrgyzstan,RES,CR-,CR/LDUAL/CDL+ERM/H:2/RES,RURAL,1935.0,121900386.0,21512123.0,20179.0,348287.0,143412393.0,152515.0,3870.0,180.0,350.0
KGZ,Kyrgyzstan,COM,CR-,CR/LDUAL/CDL+ERM/H:3/COM:1,TOTAL,31.0,12870000.0,2271177.0,0.0,25740.0,15141177.0,15941.0,0.0,830.0,500.0
KGZ,Kyrgyzstan,COM,CR-,CR/LDUAL/CDL+ERM/H:3/COM:2,TOTAL,21.0,13770000.0,2430003.0,0.0,27540.0,16200003.0,17056.0,0.0,1311.0,500.0
KGZ,Kyrgyzstan,COM,CR-,CR/LDUAL/CDL+ERM/H:3/COM:3,TOTAL,83.0,58960000.0,10404706.0,0.0,117920.0,69364706.0,73029.0,0.0,1421.0,500.0
KGZ,Kyrgyzstan,COM,CR-,CR/LDUAL/CDL+ERM/H:3/COM:3A,TOTAL,10.0,7200000.0,1270590.0,0.0,14400.0,8470590.0,8918.0,0.0,1440.0,500.0
KGZ,Kyrgyzstan,COM,CR-,CR/LDUAL/CDL+ERM/H:3/COM:3B,TOTAL,57.0,27270000.0,4812351.0,0.0,54540.0,32082351.0,33777.0,0.0,957.0,500.0
KGZ,Kyrgyzstan,COM,CR-,CR/LDUAL/CDL+ERM/H:3/COM:3C,TOTAL,1.0,600000.0,105882.0,0.0,1200.0,705882.0,743.0,0.0,1200.0,500.0
KGZ,Kyrgyzstan,COM,CR-,CR/LDUAL/CDL+ERM/H:3/COM:5,TOTAL,3.0,1260000.0,222353.0,0.0,2520.0,1482353.0,1561.0,0.0,840.0,500.0
KGZ,Kyrgyzstan,COM,CR-,CR/LDUAL/CDL+ERM/H:3/COM:5A,TOTAL,1.0,270000.0,47647.0,0.0,540.0,317647.0,334.0,0.0,540.0,500.0
KGZ,Kyrgyzstan,RES,CR-,CR/LDUAL/CDL+ERM/H:3/RES,URBAN,398.0,131013190.0,23119981.0,23170.0,262026.0,154133165.0,114808.0,4764.0,658.0,500.0
KGZ,Kyrgyzstan,RES,CR-,CR/LDUAL/CDL+ERM/H:3/RES,RURAL,357.0,28014380.0,4943703.0,5489.0,80041.0,32958080.0,35071.0,1067.0,224.0,350.0
KGZ,Kyrgyzstan,COM,CR-,CR/LDUAL/CDL+ERM/H:4/COM:1,TOTAL,18.0,10080000.0,1778824.0,0.0,20160.0,11858824.0,12493.0,0.0,1120.0,500.0
KGZ,Kyrgyzstan,COM,CR-,CR/LDUAL/CDL+ERM/H:4/COM:2,TOTAL,15.0,18600000.0,3282351.0,0.0,37200.0,21882351.0,23053.0,0.0,2480.0,500.0
KGZ,Kyrgyzstan,COM,CR-,CR/LDUAL/CDL+ERM/H:4/COM:3,TOTAL,38.0,34080000.0,6014116.0,0.0,68160.0,40094116.0,42240.0,0.0,1794.0,500.0
KGZ,Kyrgyzstan,COM,CR-,CR/LDUAL/CDL+ERM/H:4/COM:3A,TOTAL,4.0,3840000.0,677648.0,0.0,7680.0,4517648.0,4759.0,0.0,1920.0,500.0
KGZ,Kyrgyzstan,COM,CR-,CR/LDUAL/CDL+ERM/H:4/COM:3B,TOTAL,22.0,11520000.0,2032940.0,0.0,23040.0,13552940.0,14278.0,0.0,1047.0,500.0
KGZ,Kyrgyzstan,RES,CR-,CR/LDUAL/CDL+ERM/H:4/RES,RURAL,26.0,5022306.0,886295.0,1079.0,14349.0,5908599.0,6291.0,205.0,552.0,350.0
KGZ,Kyrgyzstan,RES,CR-,CR/LDUAL/CDL+ERM/H:4/RES,URBAN,223.0,88979881.0,15702354.0,17621.0,177960.0,104682237.0,78021.0,3559.0,798.0,500.0
KGZ,Kyrgyzstan,COM,CR-,CR/LDUAL/CDL+ERM/H:5/COM:1,TOTAL,4.0,3300000.0,582354.0,0.0,6600.0,3882354.0,4093.0,0.0,1650.0,500.0
KGZ,Kyrgyzstan,COM,CR-,CR/LDUAL/CDL+ERM/H:5/COM:2,TOTAL,3.0,4650000.0,820588.0,0.0,9300.0,5470588.0,5767.0,0.0,3100.0,500.0
KGZ,Kyrgyzstan,COM,CR-,CR/LDUAL/CDL+ERM/H:5/COM:3,TOTAL,13.0,15200000.0,2682356.0,0.0,30400.0,17882356.0,18852.0,0.0,2338.0,500.0
KGZ,Kyrgyzstan,COM,CR-,CR/LDUAL/CDL+ERM/H:5/COM:3A,TOTAL,1.0,1200000.0,211765.0,0.0,2400.0,1411765.0,1488.0,0.0,2400.0,500.0
KGZ,Kyrgyzstan,COM,CR-,CR/LDUAL/CDL+ERM/H:5/COM:3B,TOTAL,5.0,2250000.0,397060.0,0.0,4500.0,2647060.0,2791.0,0.0,900.0,500.0
KGZ,Kyrgyzstan,RES,CR-,CR/LDUAL/CDL+ERM/H:5/RES,RURAL,19.0,3438094.0,606723.0,827.0,9823.0,4044817.0,4309.0,151.0,517.0,350.0
KGZ,Kyrgyzstan,RES,CR-,CR/LDUAL/CDL+ERM/H:5/RES,URBAN,47.0,26527500.0,4681330.0,5896.0,53055.0,31208830.0,23274.0,1179.0,1129.0,500.0
KGZ,Kyrgyzstan,COM,CR-,CR/LDUAL/CDL+ERM/H:6-7/COM:3,TOTAL,1.0,1440000.0,254118.0,0.0,2880.0,1694118.0,1787.0,0.0,2880.0,500.0
KGZ,Kyrgyzstan,COM,CR-,CR/LDUAL/CDL+ERM/H:6-7/COM:3B,TOTAL,1.0,540000.0,95294.0,0.0,1080.0,635294.0,670.0,0.0,1080.0,500.0
KGZ,Kyrgyzstan,IND,CR-,CR/LDUAL/CDL+ERM/H:>2/IND:2,TOTAL,109.0,8325000.0,2775000.0,0.0,16650.0,11100000.0,10123.0,0.0,153.0,500.0
KGZ,Kyrgyzstan,RES,CR-,CR/LDUAL/CDL+ERM/H:>5/RES,URBAN,11.0,14000000.0,2470587.0,3918.0,28000.0,16470587.0,12291.0,800.0,2545.0,500.0
KGZ,Kyrgyzstan,COM,CR+,CR/LFINF/CDH+ERH/H:1/COM:1,TOTAL,5.0,247500.0,43676.0,0.0,495.0,291176.0,292.0,0.0,99.0,500.0
KGZ,Kyrgyzstan,COM,CR+,CR/LFINF/CDH+ERH/H:1/COM:2,TOTAL,18.0,1150000.0,202947.0,0.0,2300.0,1352947.0,1355.0,0.0,128.0,500.0
KGZ,Kyrgyzstan,COM,CR+,CR/LFINF/CDH+ERH/H:1/COM:3,TOTAL,5.0,620000.0,109411.0,0.0,1240.0,729411.0,731.0,0.0,248.0,500.0
KGZ,Kyrgyzstan,COM,CR+,CR/LFINF/CDH+ERH/H:1/COM:3A,TOTAL,1.0,60000.0,10588.0,0.0,120.0,70588.0,71.0,0.0,120.0,500.0
KGZ,Kyrgyzstan,COM,CR+,CR/LFINF/CDH+ERH/H:1/COM:3B,TOTAL,5.0,337500.0,59559.0,0.0,675.0,397059.0,398.0,0.0,135.0,500.0
KGZ,Kyrgyzstan,COM,CR+,CR/LFINF/CDH+ERH/H:1/COM:3C,TOTAL,3.0,150000.0,26472.0,0.0,300.0,176472.0,177.0,0.0,100.0,500.0
KGZ,Kyrgyzstan,COM,CR+,CR/LFINF/CDH+ERH/H:1/COM:5,TOTAL,2.0,120000.0,21176.0,0.0,240.0,141176.0,141.0,0.0,120.0,500.0
KGZ,Kyrgyzstan,COM,CR+,CR/LFINF/CDH+ERH/H:1/COM:5A,TOTAL,1.0,22500.0,3971.0,0.0,45.0,26471.0,27.0,0.0,45.0,500.0
KGZ,Kyrgyzstan,IND,CR+,CR/LFINF/CDH+ERH/H:1/IND:2,TOTAL,8.0,250000.0,83333.0,0.0,500.0,333333.0,295.0,0.0,62.0,500.0
KGZ,Kyrgyzstan,IND,CR+,CR/LFINF/CDH+ERH/H:1/IND:6,TOTAL,19.0,660000.0,220000.0,0.0,1320.0,880000.0,778.0,0.0,69.0,500.0
KGZ,Kyrgyzstan,COM,CR+,CR/LFINF/CDH+ERH/H:2/COM:1,TOTAL,2.0,225000.0,39706.0,0.0,450.0,264706.0,265.0,0.0,225.0,500.0
KGZ,Kyrgyzstan,COM,CR+,CR/LFINF/CDH+ERH/H:2/COM:3,TOTAL,1.0,300000.0,52941.0,0.0,600.0,352941.0,354.0,0.0,600.0,500.0
KGZ,Kyrgyzstan,COM,CR+,CR/LFINF/CDH+ERH/H:2/COM:3B,TOTAL,3.0,270000.0,47646.0,0.0,540.0,317646.0,318.0,0.0,180.0,500.0
KGZ,Kyrgyzstan,IND,CR+,CR/LFINF/CDH+ERH/H:2/IND:2,TOTAL,2.0,100000.0,33334.0,0.0,200.0,133334.0,118.0,0.0,100.0,500.0
KGZ,Kyrgyzstan,RES,CR+,CR/LFINF/CDH+ERH/H:2/RES,RURAL,234.0,14743105.0,2601760.0,2435.0,42123.0,17344865.0,16788.0,468.0,180.0,350.0
KGZ,Kyrgyzstan,RES,CR+,CR/LFINF/CDH+ERH/H:2/RES,URBAN,33.0,2489315.0,439294.0,404.0,4979.0,2928602.0,1984.0,77.0,151.0,500.0
KGZ,Kyrgyzstan,RES,CR+,CR/LFINF/CDH+ERH/H:3/RES,RURAL,21.0,1651896.0,291506.0,329.0,4720.0,1943402.0,1882.0,63.0,225.0,350.0
KGZ,Kyrgyzstan,RES,CR+,CR/LFINF/CDH+ERH/H:3/RES,URBAN,7.0,2312391.0,408068.0,424.0,4625.0,2720459.0,1844.0,84.0,661.0,500.0
KGZ,Kyrgyzstan,RES,CR+,CR/LFINF/CDH+ERH/H:4/RES,URBAN,3.0,1200044.0,211773.0,241.0,2400.0,1411817.0,958.0,48.0,800.0,500.0
KGZ,Kyrgyzstan,RES,CR+,CR/LFINF/CDH+ERH/H:4/RES,RURAL,1.0,200083.0,35309.0,45.0,572.0,235392.0,228.0,8.0,572.0,350.0
KGZ,Kyrgyzstan,RES,CR+,CR/LFINF/CDH+ERH/H:5/RES,RURAL,1.0,179725.0,31716.0,43.0,514.0,211441.0,205.0,8.0,514.0,350.0
KGZ,Kyrgyzstan,IND,CR+,CR/LFINF/CDH+ERH/H:>2/IND:2,TOTAL,1.0,75000.0,25000.0,0.0,150.0,100000.0,89.0,0.0,150.0,500.0
KGZ,Kyrgyzstan,COM,CR-,CR/LFINF/CDH+ERL/H:1/COM:1,TOTAL,1.0,45000.0,7941.0,0.0,90.0,52941.0,53.0,0.0,90.0,500.0
KGZ,Kyrgyzstan,COM,CR-,CR/LFINF/CDH+ERL/H:1/COM:2,TOTAL,2.0,260000.0,45883.0,0.0,520.0,305883.0,306.0,0.0,260.0,500.0
KGZ,Kyrgyzstan,COM,CR-,CR/LFINF/CDH+ERL/H:1/COM:3,TOTAL,1.0,60000.0,10588.0,0.0,120.0,70588.0,71.0,0.0,120.0,500.0
KGZ,Kyrgyzstan,IND,CR-,CR/LFINF/CDH+ERL/H:1/IND:6,TOTAL,10.0,300000.0,100000.0,0.0,600.0,400000.0,354.0,0.0,60.0,500.0
KGZ,Kyrgyzstan,IND,CR-,CR/LFINF/CDH+ERL/H:2/IND:2,TOTAL,1.0,50000.0,16667.0,0.0,100.0,66667.0,59.0,0.0,100.0,500.0
KGZ,Kyrgyzstan,RES,CR-,CR/LFINF/CDH+ERL/H:2/RES,RURAL,94.0,5922630.0,1045161.0,897.0,16922.0,6967792.0,6744.0,188.0,180.0,350.0
KGZ,Kyrgyzstan,RES,CR-,CR/LFINF/CDH+ERL/H:2/RES,URBAN,8.0,602512.0,106328.0,92.0,1205.0,708832.0,480.0,19.0,151.0,500.0
KGZ,Kyrgyzstan,COM,CR-,CR/LFINF/CDH+ERL/H:3/COM:1,TOTAL,2.0,1440000.0,254118.0,0.0,2880.0,1694118.0,1699.0,0.0,1440.0,500.0
KGZ,Kyrgyzstan,COM,CR-,CR/LFINF/CDH+ERL/H:3/COM:3,TOTAL,4.0,2880000.0,508236.0,0.0,5760.0,3388236.0,3399.0,0.0,1440.0,500.0
KGZ,Kyrgyzstan,COM,CR-,CR/LFINF/CDH+ERL/H:3/COM:3A,TOTAL,1.0,720000.0,127059.0,0.0,1440.0,847059.0,850.0,0.0,1440.0,500.0
KGZ,Kyrgyzstan,COM,CR-,CR/LFINF/CDH+ERL/H:3/COM:3B,TOTAL,2.0,990000.0,174706.0,0.0,1980.0,1164706.0,1168.0,0.0,990.0,500.0
KGZ,Kyrgyzstan,RES,CR-,CR/LFINF/CDH+ERL/H:3/RES,RURAL,27.0,2126802.0,375312.0,386.0,6077.0,2502113.0,2423.0,81.0,225.0,350.0
KGZ,Kyrgyzstan,RES,CR-,CR/LFINF/CDH+ERL/H:3/RES,URBAN,11.0,3629769.0,640552.0,643.0,7260.0,4270321.0,2895.0,132.0,660.0,500.0
KGZ,Kyrgyzstan,COM,CR-,CR/LFINF/CDH+ERL/H:4/COM:2,TOTAL,1.0,600000.0,105882.0,0.0,1200.0,705882.0,709.0,0.0,1200.0,500.0
KGZ,Kyrgyzstan,COM,CR-,CR/LFINF/CDH+ERL/H:4/COM:3,TOTAL,1.0,960000.0,169412.0,0.0,1920.0,1129412.0,1134.0,0.0,1920.0,500.0
KGZ,Kyrgyzstan,COM,CR-,CR/LFINF/CDH+ERL/H:4/COM:3B,TOTAL,2.0,1320000.0,232941.0,0.0,2640.0,1552941.0,1559.0,0.0,1320.0,500.0
KGZ,Kyrgyzstan,RES,CR-,CR/LFINF/CDH+ERL/H:4/RES,URBAN,9.0,3600657.0,635409.0,701.0,7201.0,4236075.0,2873.0,144.0,800.0,500.0
KGZ,Kyrgyzstan,RES,CR-,CR/LFINF/CDH+ERL/H:4/RES,RURAL,3.0,585936.0,103400.0,114.0,1674.0,689336.0,668.0,24.0,558.0,350.0
KGZ,Kyrgyzstan,COM,CR-,CR/LFINF/CDH+ERL/H:5/COM:3,TOTAL,1.0,1200000.0,211765.0,0.0,2400.0,1411765.0,1418.0,0.0,2400.0,500.0
KGZ,Kyrgyzstan,RES,CR-,CR/LFINF/CDH+ERL/H:5/RES,URBAN,3.0,1685418.0,297426.0,365.0,3371.0,1982844.0,1346.0,75.0,1124.0,500.0
KGZ,Kyrgyzstan,RES,CR-,CR/LFINF/CDH+ERL/H:5/RES,RURAL,2.0,361389.0,63774.0,76.0,1033.0,425163.0,412.0,16.0,516.0,350.0
KGZ,Kyrgyzstan,IND,CR-,CR/LFINF/CDH+ERL/H:>2/IND:2,TOTAL,3.0,225000.0,75000.0,0.0,450.0,300000.0,266.0,0.0,150.0,500.0
KGZ,Kyrgyzstan,RES,CR-,CR/LFINF/CDH+ERL/H:>5/RES,URBAN,1.0,1255754.0,221604.0,349.0,2512.0,1477358.0,1003.0,72.0,2512.0,500.0
KGZ,Kyrgyzstan,COM,CR+,CR/LFINF/CDH+ERM/H:1/COM:1,TOTAL,10.0,585000.0,103234.0,0.0,1170.0,688234.0,689.0,0.0,117.0,500.0
KGZ,Kyrgyzstan,COM,CR+,CR/LFINF/CDH+ERM/H:1/COM:2,TOTAL,29.0,2420000.0,427065.0,0.0,4840.0,2847065.0,2852.0,0.0,167.0,500.0
KGZ,Kyrgyzstan,COM,CR+,CR/LFINF/CDH+ERM/H:1/COM:3,TOTAL,12.0,1190000.0,209999.0,0.0,2380.0,1399999.0,1403.0,0.0,198.0,500.0
KGZ,Kyrgyzstan,COM,CR+,CR/LFINF/CDH+ERM/H:1/COM:3A,TOTAL,2.0,120000.0,21176.0,0.0,240.0,141176.0,141.0,0.0,120.0,500.0
KGZ,Kyrgyzstan,COM,CR+,CR/LFINF/CDH+ERM/H:1/COM:3B,TOTAL,13.0,990000.0,174706.0,0.0,1980.0,1164706.0,1167.0,0.0,152.0,500.0
KGZ,Kyrgyzstan,COM,CR+,CR/LFINF/CDH+ERM/H:1/COM:3C,TOTAL,1.0,50000.0,8824.0,0.0,100.0,58824.0,59.0,0.0,100.0,500.0
KGZ,Kyrgyzstan,COM,CR+,CR/LFINF/CDH+ERM/H:1/COM:5,TOTAL,2.0,45000.0,7942.0,0.0,90.0,52942.0,53.0,0.0,45.0,500.0
KGZ,Kyrgyzstan,COM,CR+,CR/LFINF/CDH+ERM/H:1/COM:5A,TOTAL,6.0,135000.0,23826.0,0.0,270.0,158826.0,159.0,0.0,45.0,500.0
KGZ,Kyrgyzstan,IND,CR+,CR/LFINF/CDH+ERM/H:1/IND:2,TOTAL,15.0,375000.0,124998.0,0.0,750.0,499998.0,442.0,0.0,50.0,500.0
KGZ,Kyrgyzstan,IND,CR+,CR/LFINF/CDH+ERM/H:1/IND:4,TOTAL,3.0,330000.0,110000.0,0.0,660.0,440000.0,389.0,0.0,220.0,500.0
KGZ,Kyrgyzstan,IND,CR+,CR/LFINF/CDH+ERM/H:1/IND:6,TOTAL,26.0,1045000.0,348333.0,0.0,2090.0,1393333.0,1232.0,0.0,80.0,500.0
KGZ,Kyrgyzstan,COM,CR+,CR/LFINF/CDH+ERM/H:2/COM:1,TOTAL,4.0,495000.0,87353.0,0.0,990.0,582353.0,584.0,0.0,248.0,500.0
KGZ,Kyrgyzstan,COM,CR+,CR/LFINF/CDH+ERM/H:2/COM:2,TOTAL,1.0,300000.0,52941.0,0.0,600.0,352941.0,354.0,0.0,600.0,500.0
KGZ,Kyrgyzstan,COM,CR+,CR/LFINF/CDH+ERM/H:2/COM:3,TOTAL,1.0,200000.0,35294.0,0.0,400.0,235294.0,236.0,0.0,400.0,500.0
KGZ,Kyrgyzstan,COM,CR+,CR/LFINF/CDH+ERM/H:2/COM:3A,TOTAL,1.0,480000.0,84706.0,0.0,960.0,564706.0,566.0,0.0,960.0,500.0
KGZ,Kyrgyzstan,COM,CR+,CR/LFINF/CDH+ERM/H:2/COM:3B,TOTAL,3.0,315000.0,55588.0,0.0,630.0,370588.0,371.0,0.0,210.0,500.0
KGZ,Kyrgyzstan,IND,CR+,CR/LFINF/CDH+ERM/H:2/IND:2,TOTAL,6.0,400000.0,133335.0,0.0,800.0,533335.0,472.0,0.0,133.0,500.0
KGZ,Kyrgyzstan,RES,CR+,CR/LFINF/CDH+ERM/H:2/RES,URBAN,48.0,3615801.0,638077.0,553.0,7232.0,4253882.0,2882.0,113.0,151.0,500.0
KGZ,Kyrgyzstan,RES,CR+,CR/LFINF/CDH+ERM/H:2/RES,RURAL,411.0,25894965.0,4569778.0,4431.0,73986.0,30464744.0,29486.0,822.0,180.0,350.0
KGZ,Kyrgyzstan,COM,CR+,CR/LFINF/CDH+ERM/H:3/COM:1,TOTAL,1.0,270000.0,47647.0,0.0,540.0,317647.0,319.0,0.0,540.0,500.0
KGZ,Kyrgyzstan,COM,CR+,CR/LFINF/CDH+ERM/H:3/COM:2,TOTAL,1.0,450000.0,79412.0,0.0,900.0,529412.0,531.0,0.0,900.0,500.0
KGZ,Kyrgyzstan,COM,CR+,CR/LFINF/CDH+ERM/H:3/COM:3,TOTAL,1.0,720000.0,127059.0,0.0,1440.0,847059.0,850.0,0.0,1440.0,500.0
KGZ,Kyrgyzstan,COM,CR+,CR/LFINF/CDH+ERM/H:3/COM:3B,TOTAL,1.0,270000.0,47647.0,0.0,540.0,317647.0,319.0,0.0,540.0,500.0
KGZ,Kyrgyzstan,RES,CR+,CR/LFINF/CDH+ERM/H:3/RES,RURAL,68.0,5353484.0,944734.0,1126.0,15296.0,6298219.0,6100.0,204.0,225.0,350.0
KGZ,Kyrgyzstan,RES,CR+,CR/LFINF/CDH+ERM/H:3/RES,URBAN,20.0,6600141.0,1164736.0,1160.0,13200.0,7764875.0,5264.0,240.0,660.0,500.0
KGZ,Kyrgyzstan,COM,CR+,CR/LFINF/CDH+ERM/H:4/COM:2,TOTAL,1.0,600000.0,105882.0,0.0,1200.0,705882.0,709.0,0.0,1200.0,500.0
KGZ,Kyrgyzstan,RES,CR+,CR/LFINF/CDH+ERM/H:4/RES,URBAN,8.0,3202782.0,565197.0,645.0,6406.0,3767980.0,2556.0,128.0,801.0,500.0
KGZ,Kyrgyzstan,RES,CR+,CR/LFINF/CDH+ERM/H:4/RES,RURAL,6.0,1172338.0,206882.0,255.0,3350.0,1379220.0,1336.0,48.0,558.0,350.0
KGZ,Kyrgyzstan,RES,CR+,CR/LFINF/CDH+ERM/H:5/RES,URBAN,1.0,561375.0,99066.0,120.0,1123.0,660441.0,448.0,25.0,1123.0,500.0
KGZ,Kyrgyzstan,RES,CR+,CR/LFINF/CDH+ERM/H:5/RES,RURAL,4.0,728422.0,128546.0,191.0,2081.0,856968.0,831.0,32.0,520.0,350.0
KGZ,Kyrgyzstan,IND,CR+,CR/LFINF/CDH+ERM/H:>2/IND:2,TOTAL,10.0,750000.0,250000.0,0.0,1500.0,1000000.0,885.0,0.0,150.0,500.0
KGZ,Kyrgyzstan,COM,CR-,CR/LFINF/CDL+ERL/H:1/COM:1,TOTAL,447.0,34040000.0,6007051.0,0.0,68080.0,40047051.0,40119.0,0.0,152.0,500.0
KGZ,Kyrgyzstan,COM,CR-,CR/LFINF/CDL+ERL/H:1/COM:2,TOTAL,1283.0,123430000.0,21781813.0,0.0,246860.0,145211813.0,145471.0,0.0,192.0,500.0
KGZ,Kyrgyzstan,COM,CR-,CR/LFINF/CDL+ERL/H:1/COM:3,TOTAL,589.0,72450000.0,12785279.0,0.0,144900.0,85235279.0,85388.0,0.0,246.0,500.0
KGZ,Kyrgyzstan,COM,CR-,CR/LFINF/CDL+ERL/H:1/COM:3A,TOTAL,41.0,2385000.0,420873.0,0.0,4770.0,2805873.0,2811.0,0.0,116.0,500.0
KGZ,Kyrgyzstan,COM,CR-,CR/LFINF/CDL+ERL/H:1/COM:3B,TOTAL,543.0,42357500.0,7474848.0,0.0,84715.0,49832348.0,49921.0,0.0,156.0,500.0
KGZ,Kyrgyzstan,COM,CR-,CR/LFINF/CDL+ERL/H:1/COM:3C,TOTAL,92.0,7680000.0,1355314.0,0.0,15360.0,9035314.0,9052.0,0.0,167.0,500.0
KGZ,Kyrgyzstan,COM,CR-,CR/LFINF/CDL+ERL/H:1/COM:5,TOTAL,126.0,7032500.0,1241023.0,0.0,14065.0,8273523.0,8289.0,0.0,112.0,500.0
KGZ,Kyrgyzstan,COM,CR-,CR/LFINF/CDL+ERL/H:1/COM:5A,TOTAL,119.0,4657500.0,821924.0,0.0,9315.0,5479424.0,5489.0,0.0,78.0,500.0
KGZ,Kyrgyzstan,IND,CR-,CR/LFINF/CDL+ERL/H:1/IND:1,TOTAL,12.0,17000000.0,5666666.0,0.0,34000.0,22666666.0,20037.0,0.0,2833.0,500.0
KGZ,Kyrgyzstan,IND,CR-,CR/LFINF/CDL+ERL/H:1/IND:2,TOTAL,568.0,14200000.0,4733332.0,0.0,28400.0,18933332.0,16737.0,0.0,50.0,500.0
KGZ,Kyrgyzstan,IND,CR-,CR/LFINF/CDL+ERL/H:1/IND:4,TOTAL,174.0,10680000.0,3560000.0,0.0,21360.0,14240000.0,12588.0,0.0,123.0,500.0
KGZ,Kyrgyzstan,IND,CR-,CR/LFINF/CDL+ERL/H:1/IND:6,TOTAL,1753.0,52590000.0,17530000.0,0.0,105180.0,70120000.0,61984.0,0.0,60.0,500.0
KGZ,Kyrgyzstan,COM,CR-,CR/LFINF/CDL+ERL/H:2/COM:1,TOTAL,217.0,35170000.0,6206473.0,0.0,70340.0,41376473.0,41477.0,0.0,324.0,500.0
KGZ,Kyrgyzstan,COM,CR-,CR/LFINF/CDL+ERL/H:2/COM:2,TOTAL,194.0,98660000.0,17410560.0,0.0,197320.0,116070560.0,116352.0,0.0,1017.0,500.0
KGZ,Kyrgyzstan,COM,CR-,CR/LFINF/CDL+ERL/H:2/COM:3,TOTAL,263.0,91460000.0,16139990.0,0.0,182920.0,107599990.0,107861.0,0.0,696.0,500.0
KGZ,Kyrgyzstan,COM,CR-,CR/LFINF/CDL+ERL/H:2/COM:3A,TOTAL,29.0,14250000.0,2514709.0,0.0,28500.0,16764709.0,16805.0,0.0,983.0,500.0
KGZ,Kyrgyzstan,COM,CR-,CR/LFINF/CDL+ERL/H:2/COM:3B,TOTAL,252.0,40595000.0,7163835.0,0.0,81190.0,47758835.0,47875.0,0.0,322.0,500.0
KGZ,Kyrgyzstan,COM,CR-,CR/LFINF/CDL+ERL/H:2/COM:3C,TOTAL,2.0,1260000.0,222353.0,0.0,2520.0,1482353.0,1486.0,0.0,1260.0,500.0
KGZ,Kyrgyzstan,COM,CR-,CR/LFINF/CDL+ERL/H:2/COM:5,TOTAL,6.0,2880000.0,508236.0,0.0,5760.0,3388236.0,3396.0,0.0,960.0,500.0
KGZ,Kyrgyzstan,COM,CR-,CR/LFINF/CDL+ERL/H:2/COM:5A,TOTAL,2.0,270000.0,47648.0,0.0,540.0,317648.0,318.0,0.0,270.0,500.0
KGZ,Kyrgyzstan,IND,CR-,CR/LFINF/CDL+ERL/H:2/IND:1,TOTAL,3.0,6000000.0,2000000.0,0.0,12000.0,8000000.0,7077.0,0.0,4000.0,500.0
KGZ,Kyrgyzstan,IND,CR-,CR/LFINF/CDL+ERL/H:2/IND:2,TOTAL,187.0,9350000.0,3116667.0,0.0,18700.0,12466667.0,11029.0,0.0,100.0,500.0
KGZ,Kyrgyzstan,RES,CR-,CR/LFINF/CDL+ERL/H:2/RES,RURAL,10322.0,650352598.0,114768604.0,107512.0,1858150.0,765121241.0,740549.0,20646.0,180.0,350.0
KGZ,Kyrgyzstan,RES,CR-,CR/LFINF/CDL+ERL/H:2/RES,URBAN,3233.0,243769623.0,43018250.0,37205.0,487539.0,286787783.0,194301.0,7587.0,151.0,500.0
KGZ,Kyrgyzstan,COM,CR-,CR/LFINF/CDL+ERL/H:3/COM:1,TOTAL,124.0,49560000.0,8745878.0,0.0,99120.0,58305878.0,58485.0,0.0,799.0,500.0
KGZ,Kyrgyzstan,COM,CR-,CR/LFINF/CDL+ERL/H:3/COM:2,TOTAL,110.0,82480000.0,14555308.0,0.0,164960.0,97035308.0,97333.0,0.0,1500.0,500.0
KGZ,Kyrgyzstan,COM,CR-,CR/LFINF/CDL+ERL/H:3/COM:3,TOTAL,257.0,179240000.0,31630583.0,0.0,358480.0,210870583.0,211518.0,0.0,1395.0,500.0
KGZ,Kyrgyzstan,COM,CR-,CR/LFINF/CDL+ERL/H:3/COM:3A,TOTAL,35.0,25790000.0,4551179.0,0.0,51580.0,30341179.0,30434.0,0.0,1474.0,500.0
KGZ,Kyrgyzstan,COM,CR-,CR/LFINF/CDL+ERL/H:3/COM:3B,TOTAL,188.0,73170000.0,12912348.0,0.0,146340.0,86082348.0,86347.0,0.0,778.0,500.0
KGZ,Kyrgyzstan,COM,CR-,CR/LFINF/CDL+ERL/H:3/COM:3C,TOTAL,3.0,4500000.0,794117.0,0.0,9000.0,5294117.0,5310.0,0.0,3000.0,500.0
KGZ,Kyrgyzstan,COM,CR-,CR/LFINF/CDL+ERL/H:3/COM:5,TOTAL,4.0,1980000.0,349412.0,0.0,3960.0,2329412.0,2337.0,0.0,990.0,500.0
KGZ,Kyrgyzstan,COM,CR-,CR/LFINF/CDL+ERL/H:3/COM:5A,TOTAL,6.0,2070000.0,365294.0,0.0,4140.0,2435294.0,2443.0,0.0,690.0,500.0
KGZ,Kyrgyzstan,RES,CR-,CR/LFINF/CDL+ERL/H:3/RES,URBAN,2051.0,676912491.0,119455234.0,119712.0,1353825.0,796367754.0,539862.0,24615.0,660.0,500.0
KGZ,Kyrgyzstan,RES,CR-,CR/LFINF/CDL+ERL/H:3/RES,RURAL,1871.0,147320753.0,25997698.0,29086.0,420917.0,173318445.0,167852.0,5612.0,225.0,350.0
KGZ,Kyrgyzstan,COM,CR-,CR/LFINF/CDL+ERL/H:4/COM:1,TOTAL,57.0,31540000.0,5565879.0,0.0,63080.0,37105879.0,37244.0,0.0,1107.0,500.0
KGZ,Kyrgyzstan,COM,CR-,CR/LFINF/CDL+ERL/H:4/COM:2,TOTAL,51.0,59400000.0,10482352.0,0.0,118800.0,69882352.0,70142.0,0.0,2329.0,500.0
KGZ,Kyrgyzstan,COM,CR-,CR/LFINF/CDL+ERL/H:4/COM:3,TOTAL,150.0,134880000.0,23802349.0,0.0,269760.0,158682349.0,159272.0,0.0,1798.0,500.0
KGZ,Kyrgyzstan,COM,CR-,CR/LFINF/CDL+ERL/H:4/COM:3A,TOTAL,15.0,14440000.0,2548237.0,0.0,28880.0,16988237.0,17051.0,0.0,1925.0,500.0
KGZ,Kyrgyzstan,COM,CR-,CR/LFINF/CDL+ERL/H:4/COM:3B,TOTAL,77.0,41520000.0,7327055.0,0.0,83040.0,48847055.0,49029.0,0.0,1078.0,500.0
KGZ,Kyrgyzstan,COM,CR-,CR/LFINF/CDL+ERL/H:4/COM:3C,TOTAL,3.0,2400000.0,423528.0,0.0,4800.0,2823528.0,2834.0,0.0,1600.0,500.0
KGZ,Kyrgyzstan,COM,CR-,CR/LFINF/CDL+ERL/H:4/COM:5,TOTAL,4.0,3240000.0,571765.0,0.0,6480.0,3811765.0,3826.0,0.0,1620.0,500.0
KGZ,Kyrgyzstan,COM,CR-,CR/LFINF/CDL+ERL/H:4/COM:5A,TOTAL,2.0,720000.0,127058.0,0.0,1440.0,847058.0,850.0,0.0,720.0,500.0
KGZ,Kyrgyzstan,RES,CR-,CR/LFINF/CDL+ERL/H:4/RES,RURAL,160.0,31191413.0,5504345.0,6734.0,89118.0,36695777.0,35559.0,1273.0,557.0,350.0
KGZ,Kyrgyzstan,RES,CR-,CR/LFINF/CDL+ERL/H:4/RES,URBAN,1119.0,447692365.0,79004497.0,88622.0,895385.0,526697013.0,357264.0,17908.0,800.0,500.0
KGZ,Kyrgyzstan,COM,CR-,CR/LFINF/CDL+ERL/H:5/COM:1,TOTAL,14.0,8550000.0,1508827.0,0.0,17100.0,10058827.0,10103.0,0.0,1221.0,500.0
KGZ,Kyrgyzstan,COM,CR-,CR/LFINF/CDL+ERL/H:5/COM:2,TOTAL,14.0,20100000.0,3547058.0,0.0,40200.0,23647058.0,23750.0,0.0,2871.0,500.0
KGZ,Kyrgyzstan,COM,CR-,CR/LFINF/CDL+ERL/H:5/COM:3,TOTAL,38.0,42800000.0,7552950.0,0.0,85600.0,50352950.0,50573.0,0.0,2253.0,500.0
KGZ,Kyrgyzstan,COM,CR-,CR/LFINF/CDL+ERL/H:5/COM:3A,TOTAL,3.0,3600000.0,635295.0,0.0,7200.0,4235295.0,4254.0,0.0,2400.0,500.0
KGZ,Kyrgyzstan,COM,CR-,CR/LFINF/CDL+ERL/H:5/COM:3B,TOTAL,20.0,11250000.0,1985296.0,0.0,22500.0,13235296.0,13293.0,0.0,1125.0,500.0
KGZ,Kyrgyzstan,RES,CR-,CR/LFINF/CDL+ERL/H:5/RES,RURAL,96.0,17329775.0,3058201.0,4150.0,49514.0,20387976.0,19768.0,762.0,516.0,350.0
KGZ,Kyrgyzstan,RES,CR-,CR/LFINF/CDL+ERL/H:5/RES,URBAN,247.0,138350696.0,24414789.0,30682.0,276701.0,162765518.0,110471.0,6149.0,1120.0,500.0
KGZ,Kyrgyzstan,COM,CR-,CR/LFINF/CDL+ERL/H:6-7/COM:1,TOTAL,7.0,7380000.0,1302354.0,0.0,14760.0,8682354.0,8726.0,0.0,2109.0,500.0
KGZ,Kyrgyzstan,COM,CR-,CR/LFINF/CDL+ERL/H:6-7/COM:2,TOTAL,4.0,9360000.0,1651766.0,0.0,18720.0,11011766.0,11067.0,0.0,4680.0,500.0
KGZ,Kyrgyzstan,COM,CR-,CR/LFINF/CDL+ERL/H:6-7/COM:3,TOTAL,15.0,20880000.0,3684709.0,0.0,41760.0,24564709.0,24688.0,0.0,2784.0,500.0
KGZ,Kyrgyzstan,COM,CR-,CR/LFINF/CDL+ERL/H:6-7/COM:3A,TOTAL,1.0,1440000.0,254118.0,0.0,2880.0,1694118.0,1703.0,0.0,2880.0,500.0
KGZ,Kyrgyzstan,COM,CR-,CR/LFINF/CDL+ERL/H:6-7/COM:3B,TOTAL,12.0,11880000.0,2096470.0,0.0,23760.0,13976470.0,14047.0,0.0,1980.0,500.0
KGZ,Kyrgyzstan,IND,CR-,CR/LFINF/CDL+ERL/H:>2/IND:2,TOTAL,295.0,22125000.0,7375000.0,0.0,44250.0,29500000.0,26116.0,0.0,150.0,500.0
KGZ,Kyrgyzstan,RES,CR-,CR/LFINF/CDL+ERL/H:>5/RES,URBAN,61.0,76290210.0,13462994.0,21393.0,152580.0,89753157.0,60953.0,4359.0,2501.0,500.0
KGZ,Kyrgyzstan,RES,CR-,CR/LFINF/CDL+ERL/H:>5/RES,RURAL,1.0,1067500.0,188382.0,290.0,3050.0,1255882.0,1218.0,61.0,3050.0,350.0
KGZ,Kyrgyzstan,COM,CR-,CR/LFINF/CDL+ERL/H:>7/COM:1,TOTAL,1.0,1680000.0,296471.0,0.0,3360.0,1976471.0,1989.0,0.0,3360.0,500.0
KGZ,Kyrgyzstan,COM,CR-,CR/LFINF/CDL+ERL/H:>7/COM:3,TOTAL,1.0,1680000.0,296471.0,0.0,3360.0,1976471.0,1989.0,0.0,3360.0,500.0
KGZ,Kyrgyzstan,COM,CR-,CR/LFINF/CDL+ERL/H:>7/COM:3B,TOTAL,1.0,1680000.0,296471.0,0.0,3360.0,1976471.0,1989.0,0.0,3360.0,500.0
KGZ,Kyrgyzstan,COM,CR-,CR/LFINF/CDN+ERL/H:1/COM:1,TOTAL,261.0,20105000.0,3547936.0,0.0,40210.0,23652936.0,23695.0,0.0,154.0,500.0
KGZ,Kyrgyzstan,COM,CR-,CR/LFINF/CDN+ERL/H:1/COM:2,TOTAL,708.0,70490000.0,12439421.0,0.0,140980.0,82929421.0,83077.0,0.0,199.0,500.0
KGZ,Kyrgyzstan,COM,CR-,CR/LFINF/CDN+ERL/H:1/COM:3,TOTAL,319.0,45990000.0,8115872.0,0.0,91980.0,54105872.0,54203.0,0.0,288.0,500.0
KGZ,Kyrgyzstan,COM,CR-,CR/LFINF/CDN+ERL/H:1/COM:3A,TOTAL,24.0,1680000.0,296466.0,0.0,3360.0,1976466.0,1980.0,0.0,140.0,500.0
KGZ,Kyrgyzstan,COM,CR-,CR/LFINF/CDN+ERL/H:1/COM:3B,TOTAL,293.0,22845000.0,4031472.0,0.0,45690.0,26876472.0,26924.0,0.0,156.0,500.0
KGZ,Kyrgyzstan,COM,CR-,CR/LFINF/CDN+ERL/H:1/COM:3C,TOTAL,46.0,3770000.0,665300.0,0.0,7540.0,4435300.0,4443.0,0.0,164.0,500.0
KGZ,Kyrgyzstan,COM,CR-,CR/LFINF/CDN+ERL/H:1/COM:5,TOTAL,61.0,3765000.0,664407.0,0.0,7530.0,4429407.0,4437.0,0.0,123.0,500.0
KGZ,Kyrgyzstan,COM,CR-,CR/LFINF/CDN+ERL/H:1/COM:5A,TOTAL,58.0,2250000.0,397061.0,0.0,4500.0,2647061.0,2652.0,0.0,78.0,500.0
KGZ,Kyrgyzstan,IND,CR-,CR/LFINF/CDN+ERL/H:1/IND:1,TOTAL,8.0,11000000.0,3666666.0,0.0,22000.0,14666666.0,12965.0,0.0,2750.0,500.0
KGZ,Kyrgyzstan,IND,CR-,CR/LFINF/CDN+ERL/H:1/IND:2,TOTAL,286.0,7150000.0,2383333.0,0.0,14300.0,9533333.0,8427.0,0.0,50.0,500.0
KGZ,Kyrgyzstan,IND,CR-,CR/LFINF/CDN+ERL/H:1/IND:4,TOTAL,75.0,9450000.0,3150000.0,0.0,18900.0,12600000.0,11138.0,0.0,252.0,500.0
KGZ,Kyrgyzstan,IND,CR-,CR/LFINF/CDN+ERL/H:1/IND:6,TOTAL,813.0,24390000.0,8130000.0,0.0,48780.0,32520000.0,28747.0,0.0,60.0,500.0
KGZ,Kyrgyzstan,COM,CR-,CR/LFINF/CDN+ERL/H:2/COM:1,TOTAL,113.0,18225000.0,3216178.0,0.0,36450.0,21441178.0,21493.0,0.0,323.0,500.0
KGZ,Kyrgyzstan,COM,CR-,CR/LFINF/CDN+ERL/H:2/COM:2,TOTAL,114.0,60520000.0,10679995.0,0.0,121040.0,71199995.0,71373.0,0.0,1062.0,500.0
KGZ,Kyrgyzstan,COM,CR-,CR/LFINF/CDN+ERL/H:2/COM:3,TOTAL,143.0,52440000.0,9254115.0,0.0,104880.0,61694115.0,61844.0,0.0,733.0,500.0
KGZ,Kyrgyzstan,COM,CR-,CR/LFINF/CDN+ERL/H:2/COM:3A,TOTAL,10.0,4065000.0,717354.0,0.0,8130.0,4782354.0,4794.0,0.0,813.0,500.0
KGZ,Kyrgyzstan,COM,CR-,CR/LFINF/CDN+ERL/H:2/COM:3B,TOTAL,143.0,21585000.0,3809118.0,0.0,43170.0,25394118.0,25456.0,0.0,302.0,500.0
KGZ,Kyrgyzstan,COM,CR-,CR/LFINF/CDN+ERL/H:2/COM:3C,TOTAL,4.0,1600000.0,282352.0,0.0,3200.0,1882352.0,1887.0,0.0,800.0,500.0
KGZ,Kyrgyzstan,COM,CR-,CR/LFINF/CDN+ERL/H:2/COM:5,TOTAL,3.0,1440000.0,254118.0,0.0,2880.0,1694118.0,1698.0,0.0,960.0,500.0
KGZ,Kyrgyzstan,COM,CR-,CR/LFINF/CDN+ERL/H:2/COM:5A,TOTAL,4.0,1695000.0,299119.0,0.0,3390.0,1994119.0,1999.0,0.0,848.0,500.0
KGZ,Kyrgyzstan,IND,CR-,CR/LFINF/CDN+ERL/H:2/IND:1,TOTAL,2.0,4000000.0,1333333.0,0.0,8000.0,5333333.0,4718.0,0.0,4000.0,500.0
KGZ,Kyrgyzstan,IND,CR-,CR/LFINF/CDN+ERL/H:2/IND:2,TOTAL,101.0,5150000.0,1716670.0,0.0,10300.0,6866670.0,6075.0,0.0,102.0,500.0
KGZ,Kyrgyzstan,RES,CR-,CR/LFINF/CDN+ERL/H:2/RES,RURAL,4189.0,263931244.0,46576260.0,45150.0,754089.0,310507510.0,300534.0,8379.0,180.0,350.0
KGZ,Kyrgyzstan,RES,CR-,CR/LFINF/CDN+ERL/H:2/RES,URBAN,3229.0,243522705.0,42974605.0,37012.0,487045.0,286497310.0,194102.0,7569.0,151.0,500.0
KGZ,Kyrgyzstan,COM,CR-,CR/LFINF/CDN+ERL/H:3/COM:1,TOTAL,76.0,29015000.0,5120292.0,0.0,58030.0,34135292.0,34240.0,0.0,764.0,500.0
KGZ,Kyrgyzstan,COM,CR-,CR/LFINF/CDN+ERL/H:3/COM:2,TOTAL,72.0,55670000.0,9824123.0,0.0,111340.0,65494123.0,65695.0,0.0,1546.0,500.0
KGZ,Kyrgyzstan,COM,CR-,CR/LFINF/CDN+ERL/H:3/COM:3,TOTAL,161.0,113940000.0,20107060.0,0.0,227880.0,134047060.0,134459.0,0.0,1415.0,500.0
KGZ,Kyrgyzstan,COM,CR-,CR/LFINF/CDN+ERL/H:3/COM:3A,TOTAL,25.0,16840000.0,2971766.0,0.0,33680.0,19811766.0,19873.0,0.0,1347.0,500.0
KGZ,Kyrgyzstan,COM,CR-,CR/LFINF/CDN+ERL/H:3/COM:3B,TOTAL,97.0,37400000.0,6599998.0,0.0,74800.0,43999998.0,44135.0,0.0,771.0,500.0
KGZ,Kyrgyzstan,COM,CR-,CR/LFINF/CDN+ERL/H:3/COM:3C,TOTAL,3.0,4500000.0,794118.0,0.0,9000.0,5294118.0,5310.0,0.0,3000.0,500.0
KGZ,Kyrgyzstan,COM,CR-,CR/LFINF/CDN+ERL/H:3/COM:5,TOTAL,2.0,990000.0,174706.0,0.0,1980.0,1164706.0,1168.0,0.0,990.0,500.0
KGZ,Kyrgyzstan,COM,CR-,CR/LFINF/CDN+ERL/H:3/COM:5A,TOTAL,2.0,540000.0,95294.0,0.0,1080.0,635294.0,637.0,0.0,540.0,500.0
KGZ,Kyrgyzstan,RES,CR-,CR/LFINF/CDN+ERL/H:3/RES,URBAN,2843.0,938215145.0,165567390.0,167220.0,1876430.0,1103782545.0,748257.0,34117.0,660.0,500.0
KGZ,Kyrgyzstan,RES,CR-,CR/LFINF/CDN+ERL/H:3/RES,RURAL,834.0,65674493.0,11589611.0,13279.0,187641.0,77264098.0,74827.0,2502.0,225.0,350.0
KGZ,Kyrgyzstan,COM,CR-,CR/LFINF/CDN+ERL/H:4/COM:1,TOTAL,29.0,15240000.0,2689412.0,0.0,30480.0,17929412.0,17996.0,0.0,1051.0,500.0
KGZ,Kyrgyzstan,COM,CR-,CR/LFINF/CDN+ERL/H:4/COM:2,TOTAL,25.0,30360000.0,5357643.0,0.0,60720.0,35717643.0,35850.0,0.0,2429.0,500.0
KGZ,Kyrgyzstan,COM,CR-,CR/LFINF/CDN+ERL/H:4/COM:3,TOTAL,74.0,72960000.0,12875293.0,0.0,145920.0,85835293.0,86154.0,0.0,1972.0,500.0
KGZ,Kyrgyzstan,COM,CR-,CR/LFINF/CDN+ERL/H:4/COM:3A,TOTAL,10.0,7200000.0,1270588.0,0.0,14400.0,8470588.0,8502.0,0.0,1440.0,500.0
KGZ,Kyrgyzstan,COM,CR-,CR/LFINF/CDN+ERL/H:4/COM:3B,TOTAL,31.0,17760000.0,3134117.0,0.0,35520.0,20894117.0,20972.0,0.0,1146.0,500.0
KGZ,Kyrgyzstan,COM,CR-,CR/LFINF/CDN+ERL/H:4/COM:3C,TOTAL,1.0,800000.0,141176.0,0.0,1600.0,941176.0,945.0,0.0,1600.0,500.0
KGZ,Kyrgyzstan,COM,CR-,CR/LFINF/CDN+ERL/H:4/COM:5,TOTAL,2.0,1320000.0,232941.0,0.0,2640.0,1552941.0,1559.0,0.0,1320.0,500.0
KGZ,Kyrgyzstan,COM,CR-,CR/LFINF/CDN+ERL/H:4/COM:5A,TOTAL,2.0,1320000.0,232941.0,0.0,2640.0,1552941.0,1559.0,0.0,1320.0,500.0
KGZ,Kyrgyzstan,RES,CR-,CR/LFINF/CDN+ERL/H:4/RES,RURAL,79.0,15458237.0,2727912.0,3425.0,44166.0,18186161.0,17623.0,631.0,559.0,350.0
KGZ,Kyrgyzstan,RES,CR-,CR/LFINF/CDN+ERL/H:4/RES,URBAN,1971.0,788629109.0,139169843.0,158137.0,1577258.0,927798946.0,629333.0,31545.0,800.0,500.0
KGZ,Kyrgyzstan,COM,CR-,CR/LFINF/CDN+ERL/H:5/COM:1,TOTAL,7.0,6150000.0,1085294.0,0.0,12300.0,7235294.0,7267.0,0.0,1757.0,500.0
KGZ,Kyrgyzstan,COM,CR-,CR/LFINF/CDN+ERL/H:5/COM:2,TOTAL,4.0,5400000.0,952941.0,0.0,10800.0,6352941.0,6381.0,0.0,2700.0,500.0
KGZ,Kyrgyzstan,COM,CR-,CR/LFINF/CDN+ERL/H:5/COM:3,TOTAL,24.0,29200000.0,5152941.0,0.0,58400.0,34352941.0,34503.0,0.0,2433.0,500.0
KGZ,Kyrgyzstan,COM,CR-,CR/LFINF/CDN+ERL/H:5/COM:3A,TOTAL,2.0,2400000.0,423530.0,0.0,4800.0,2823530.0,2836.0,0.0,2400.0,500.0
KGZ,Kyrgyzstan,COM,CR-,CR/LFINF/CDN+ERL/H:5/COM:3B,TOTAL,10.0,8250000.0,1455883.0,0.0,16500.0,9705883.0,9748.0,0.0,1650.0,500.0
KGZ,Kyrgyzstan,COM,CR-,CR/LFINF/CDN+ERL/H:5/COM:5,TOTAL,1.0,1200000.0,211765.0,0.0,2400.0,1411765.0,1418.0,0.0,2400.0,500.0
KGZ,Kyrgyzstan,RES,CR-,CR/LFINF/CDN+ERL/H:5/RES,URBAN,444.0,249147534.0,43967196.0,55989.0,498295.0,293114709.0,198941.0,11073.0,1122.0,500.0
KGZ,Kyrgyzstan,RES,CR-,CR/LFINF/CDN+ERL/H:5/RES,RURAL,47.0,8541444.0,1507320.0,2099.0,24404.0,10048764.0,9743.0,375.0,519.0,350.0
KGZ,Kyrgyzstan,COM,CR-,CR/LFINF/CDN+ERL/H:6-7/COM:1,TOTAL,4.0,3960000.0,698823.0,0.0,7920.0,4658823.0,4682.0,0.0,1980.0,500.0
KGZ,Kyrgyzstan,COM,CR-,CR/LFINF/CDN+ERL/H:6-7/COM:2,TOTAL,4.0,9360000.0,1651765.0,0.0,18720.0,11011765.0,11067.0,0.0,4680.0,500.0
KGZ,Kyrgyzstan,COM,CR-,CR/LFINF/CDN+ERL/H:6-7/COM:3,TOTAL,11.0,15360000.0,2710589.0,0.0,30720.0,18070589.0,18161.0,0.0,2793.0,500.0
KGZ,Kyrgyzstan,COM,CR-,CR/LFINF/CDN+ERL/H:6-7/COM:3B,TOTAL,3.0,2520000.0,444706.0,0.0,5040.0,2964706.0,2980.0,0.0,1680.0,500.0
KGZ,Kyrgyzstan,COM,CR-,CR/LFINF/CDN+ERL/H:6-7/COM:5A,TOTAL,1.0,540000.0,95294.0,0.0,1080.0,635294.0,638.0,0.0,1080.0,500.0
KGZ,Kyrgyzstan,IND,CR-,CR/LFINF/CDN+ERL/H:>2/IND:2,TOTAL,165.0,12375000.0,4125000.0,0.0,24750.0,16500000.0,14607.0,0.0,150.0,500.0
KGZ,Kyrgyzstan,RES,CR-,CR/LFINF/CDN+ERL/H:>5/RES,RURAL,3.0,4007500.0,707205.0,1264.0,11450.0,4714705.0,4574.0,229.0,3817.0,350.0
KGZ,Kyrgyzstan,RES,CR-,CR/LFINF/CDN+ERL/H:>5/RES,URBAN,96.0,120571562.0,21277348.0,33959.0,241143.0,141848877.0,96332.0,6890.0,2512.0,500.0
KGZ,Kyrgyzstan,COM,CR-,CR/LFINF/CDN+ERL/H:>7/COM:1,TOTAL,1.0,630000.0,111176.0,0.0,1260.0,741176.0,746.0,0.0,1260.0,500.0
KGZ,Kyrgyzstan,COM,CR-,CR/LFINF/CDN+ERL/H:>7/COM:3,TOTAL,4.0,6720000.0,1185884.0,0.0,13440.0,7905884.0,7956.0,0.0,3360.0,500.0
KGZ,Kyrgyzstan,COM,CR-,CR/LFINF/CDN+ERL/H:>7/COM:3B,TOTAL,2.0,2310000.0,407647.0,0.0,4620.0,2717647.0,2735.0,0.0,2310.0,500.0
KGZ,Kyrgyzstan,COM,CR+,CR/LFM/CDH+ERH/H:1/COM:1,TOTAL,1.0,45000.0,7941.0,0.0,90.0,52941.0,53.0,0.0,90.0,500.0
KGZ,Kyrgyzstan,COM,CR+,CR/LFM/CDH+ERH/H:1/COM:2,TOTAL,15.0,960000.0,169418.0,0.0,1920.0,1129418.0,1131.0,0.0,128.0,500.0
KGZ,Kyrgyzstan,COM,CR+,CR/LFM/CDH+ERH/H:1/COM:3,TOTAL,1.0,60000.0,10588.0,0.0,120.0,70588.0,71.0,0.0,120.0,500.0
KGZ,Kyrgyzstan,COM,CR+,CR/LFM/CDH+ERH/H:1/COM:3B,TOTAL,1.0,67500.0,11912.0,0.0,135.0,79412.0,80.0,0.0,135.0,500.0
KGZ,Kyrgyzstan,COM,CR+,CR/LFM/CDH+ERH/H:1/COM:3C,TOTAL,1.0,50000.0,8824.0,0.0,100.0,58824.0,59.0,0.0,100.0,500.0
KGZ,Kyrgyzstan,COM,CR+,CR/LFM/CDH+ERH/H:1/COM:5,TOTAL,1.0,22500.0,3971.0,0.0,45.0,26471.0,27.0,0.0,45.0,500.0
KGZ,Kyrgyzstan,IND,CR+,CR/LFM/CDH+ERH/H:1/IND:2,TOTAL,4.0,150000.0,49999.0,0.0,300.0,199999.0,177.0,0.0,75.0,500.0
KGZ,Kyrgyzstan,IND,CR+,CR/LFM/CDH+ERH/H:1/IND:6,TOTAL,6.0,225000.0,75000.0,0.0,450.0,300000.0,265.0,0.0,75.0,500.0
KGZ,Kyrgyzstan,RES,CR+,CR/LFM/CDH+ERH/H:2/RES,RURAL,252.0,15871619.0,2800890.0,2618.0,45347.0,18672532.0,18073.0,504.0,180.0,350.0
KGZ,Kyrgyzstan,RES,CR+,CR/LFM/CDH+ERH/H:2/RES,URBAN,34.0,2558671.0,451524.0,418.0,5117.0,3010189.0,2039.0,80.0,150.0,500.0
KGZ,Kyrgyzstan,RES,CR+,CR/LFM/CDH+ERH/H:3/RES,URBAN,5.0,1647377.0,290713.0,308.0,3295.0,1938090.0,1314.0,60.0,659.0,500.0
KGZ,Kyrgyzstan,RES,CR+,CR/LFM/CDH+ERH/H:3/RES,RURAL,20.0,1574941.0,277933.0,318.0,4500.0,1852874.0,1794.0,60.0,225.0,350.0
KGZ,Kyrgyzstan,RES,CR+,CR/LFM/CDH+ERH/H:5/RES,RURAL,2.0,358312.0,63232.0,86.0,1024.0,421544.0,409.0,16.0,512.0,350.0
KGZ,Kyrgyzstan,IND,CR+,CR/LFM/CDH+ERH/H:>2/IND:2,TOTAL,1.0,75000.0,25000.0,0.0,150.0,100000.0,89.0,0.0,150.0,500.0
KGZ,Kyrgyzstan,IND,CR-,CR/LFM/CDH+ERL/H:1/IND:4,TOTAL,2.0,300000.0,100000.0,0.0,600.0,400000.0,354.0,0.0,300.0,500.0
KGZ,Kyrgyzstan,IND,CR-,CR/LFM/CDH+ERL/H:1/IND:6,TOTAL,3.0,90000.0,30000.0,0.0,180.0,120000.0,106.0,0.0,60.0,500.0
KGZ,Kyrgyzstan,COM,CR-,CR/LFM/CDH+ERL/H:2/COM:1,TOTAL,1.0,480000.0,84706.0,0.0,960.0,564706.0,566.0,0.0,960.0,500.0
KGZ,Kyrgyzstan,COM,CR-,CR/LFM/CDH+ERL/H:2/COM:2,TOTAL,1.0,1260000.0,222353.0,0.0,2520.0,1482353.0,1486.0,0.0,2520.0,500.0
KGZ,Kyrgyzstan,COM,CR-,CR/LFM/CDH+ERL/H:2/COM:3B,TOTAL,1.0,480000.0,84706.0,0.0,960.0,564706.0,566.0,0.0,960.0,500.0
KGZ,Kyrgyzstan,RES,CR-,CR/LFM/CDH+ERL/H:2/RES,URBAN,10.0,752180.0,132740.0,115.0,1504.0,884920.0,600.0,24.0,150.0,500.0
KGZ,Kyrgyzstan,RES,CR-,CR/LFM/CDH+ERL/H:2/RES,RURAL,91.0,5733000.0,1011733.0,868.0,16380.0,6744733.0,6528.0,182.0,180.0,350.0
KGZ,Kyrgyzstan,COM,CR-,CR/LFM/CDH+ERL/H:3/COM:3,TOTAL,3.0,2160000.0,381177.0,0.0,4320.0,2541177.0,2549.0,0.0,1440.0,500.0
KGZ,Kyrgyzstan,COM,CR-,CR/LFM/CDH+ERL/H:3/COM:3B,TOTAL,1.0,720000.0,127059.0,0.0,1440.0,847059.0,850.0,0.0,1440.0,500.0
KGZ,Kyrgyzstan,RES,CR-,CR/LFM/CDH+ERL/H:3/RES,RURAL,34.0,2678631.0,472693.0,486.0,7653.0,3151324.0,3052.0,102.0,225.0,350.0
KGZ,Kyrgyzstan,RES,CR-,CR/LFM/CDH+ERL/H:3/RES,URBAN,15.0,4949385.0,873420.0,876.0,9899.0,5822805.0,3947.0,180.0,660.0,500.0
KGZ,Kyrgyzstan,RES,CR-,CR/LFM/CDH+ERL/H:4/RES,RURAL,2.0,392612.0,69284.0,76.0,1122.0,461896.0,448.0,16.0,561.0,350.0
KGZ,Kyrgyzstan,RES,CR-,CR/LFM/CDH+ERL/H:4/RES,URBAN,9.0,3600180.0,635328.0,701.0,7200.0,4235499.0,2873.0,144.0,800.0,500.0
KGZ,Kyrgyzstan,COM,CR-,CR/LFM/CDH+ERL/H:5/COM:3,TOTAL,1.0,1200000.0,211765.0,0.0,2400.0,1411765.0,1418.0,0.0,2400.0,500.0
KGZ,Kyrgyzstan,RES,CR-,CR/LFM/CDH+ERL/H:5/RES,RURAL,1.0,180966.0,31935.0,38.0,517.0,212901.0,206.0,8.0,517.0,350.0
KGZ,Kyrgyzstan,RES,CR-,CR/LFM/CDH+ERL/H:5/RES,URBAN,2.0,1125154.0,198556.0,243.0,2250.0,1323710.0,898.0,50.0,1125.0,500.0
KGZ,Kyrgyzstan,RES,CR-,CR/LFM/CDH+ERL/H:>5/RES,URBAN,1.0,1256635.0,221759.0,350.0,2513.0,1478394.0,1004.0,72.0,2513.0,500.0
KGZ,Kyrgyzstan,COM,CR+,CR/LFM/CDH+ERM/H:1/COM:1,TOTAL,5.0,315000.0,55588.0,0.0,630.0,370588.0,371.0,0.0,126.0,500.0
KGZ,Kyrgyzstan,COM,CR+,CR/LFM/CDH+ERM/H:1/COM:2,TOTAL,17.0,1300000.0,229415.0,0.0,2600.0,1529415.0,1532.0,0.0,153.0,500.0
KGZ,Kyrgyzstan,COM,CR+,CR/LFM/CDH+ERM/H:1/COM:3,TOTAL,5.0,380000.0,67058.0,0.0,760.0,447058.0,448.0,0.0,152.0,500.0
KGZ,Kyrgyzstan,COM,CR+,CR/LFM/CDH+ERM/H:1/COM:3B,TOTAL,6.0,360000.0,63529.0,0.0,720.0,423529.0,424.0,0.0,120.0,500.0
KGZ,Kyrgyzstan,COM,CR+,CR/LFM/CDH+ERM/H:1/COM:3C,TOTAL,2.0,100000.0,17648.0,0.0,200.0,117648.0,118.0,0.0,100.0,500.0
KGZ,Kyrgyzstan,COM,CR+,CR/LFM/CDH+ERM/H:1/COM:5,TOTAL,4.0,202500.0,35735.0,0.0,405.0,238235.0,239.0,0.0,101.0,500.0
KGZ,Kyrgyzstan,COM,CR+,CR/LFM/CDH+ERM/H:1/COM:5A,TOTAL,2.0,45000.0,7942.0,0.0,90.0,52942.0,53.0,0.0,45.0,500.0
KGZ,Kyrgyzstan,IND,CR+,CR/LFM/CDH+ERM/H:1/IND:2,TOTAL,7.0,225000.0,74998.0,0.0,450.0,299998.0,265.0,0.0,64.0,500.0
KGZ,Kyrgyzstan,IND,CR+,CR/LFM/CDH+ERM/H:1/IND:4,TOTAL,4.0,480000.0,160000.0,0.0,960.0,640000.0,566.0,0.0,240.0,500.0
KGZ,Kyrgyzstan,IND,CR+,CR/LFM/CDH+ERM/H:1/IND:6,TOTAL,16.0,570000.0,190000.0,0.0,1140.0,760000.0,672.0,0.0,71.0,500.0
KGZ,Kyrgyzstan,COM,CR+,CR/LFM/CDH+ERM/H:2/COM:2,TOTAL,2.0,2520000.0,444706.0,0.0,5040.0,2964706.0,2972.0,0.0,2520.0,500.0
KGZ,Kyrgyzstan,COM,CR+,CR/LFM/CDH+ERM/H:2/COM:3,TOTAL,6.0,2600000.0,458824.0,0.0,5200.0,3058824.0,3066.0,0.0,867.0,500.0
KGZ,Kyrgyzstan,COM,CR+,CR/LFM/CDH+ERM/H:2/COM:3A,TOTAL,1.0,480000.0,84706.0,0.0,960.0,564706.0,566.0,0.0,960.0,500.0
KGZ,Kyrgyzstan,COM,CR+,CR/LFM/CDH+ERM/H:2/COM:3B,TOTAL,3.0,270000.0,47646.0,0.0,540.0,317646.0,318.0,0.0,180.0,500.0
KGZ,Kyrgyzstan,IND,CR+,CR/LFM/CDH+ERM/H:2/IND:2,TOTAL,4.0,200000.0,66668.0,0.0,400.0,266668.0,236.0,0.0,100.0,500.0
KGZ,Kyrgyzstan,RES,CR+,CR/LFM/CDH+ERM/H:2/RES,URBAN,42.0,3170128.0,559440.0,483.0,6340.0,3729566.0,2527.0,98.0,151.0,500.0
KGZ,Kyrgyzstan,RES,CR+,CR/LFM/CDH+ERM/H:2/RES,RURAL,449.0,28281511.0,4990933.0,4858.0,80804.0,33272449.0,32204.0,898.0,180.0,350.0
KGZ,Kyrgyzstan,COM,CR+,CR/LFM/CDH+ERM/H:3/COM:3B,TOTAL,1.0,270000.0,47647.0,0.0,540.0,317647.0,319.0,0.0,540.0,500.0
KGZ,Kyrgyzstan,RES,CR+,CR/LFM/CDH+ERM/H:3/RES,RURAL,64.0,5045183.0,890312.0,1052.0,14415.0,5935502.0,5748.0,192.0,225.0,350.0
KGZ,Kyrgyzstan,RES,CR+,CR/LFM/CDH+ERM/H:3/RES,URBAN,19.0,6273539.0,1107095.0,1100.0,12547.0,7380633.0,5003.0,228.0,660.0,500.0
KGZ,Kyrgyzstan,COM,CR+,CR/LFM/CDH+ERM/H:4/COM:2,TOTAL,1.0,600000.0,105882.0,0.0,1200.0,705882.0,709.0,0.0,1200.0,500.0
KGZ,Kyrgyzstan,RES,CR+,CR/LFM/CDH+ERM/H:4/RES,RURAL,8.0,1554148.0,274261.0,360.0,4440.0,1828411.0,1772.0,63.0,555.0,350.0
KGZ,Kyrgyzstan,RES,CR+,CR/LFM/CDH+ERM/H:4/RES,URBAN,12.0,4804585.0,847867.0,943.0,9609.0,5652450.0,3834.0,192.0,801.0,500.0
KGZ,Kyrgyzstan,RES,CR+,CR/LFM/CDH+ERM/H:5/RES,URBAN,1.0,565604.0,99812.0,121.0,1131.0,665416.0,452.0,25.0,1131.0,500.0
KGZ,Kyrgyzstan,RES,CR+,CR/LFM/CDH+ERM/H:5/RES,RURAL,5.0,907514.0,160151.0,235.0,2593.0,1067665.0,1035.0,40.0,519.0,350.0
KGZ,Kyrgyzstan,IND,CR+,CR/LFM/CDH+ERM/H:>2/IND:2,TOTAL,4.0,450000.0,150000.0,0.0,900.0,600000.0,531.0,0.0,225.0,500.0
KGZ,Kyrgyzstan,COM,CR-,CR/LFM/CDL+ERL/H:1/COM:1,TOTAL,231.0,17232500.0,3041024.0,0.0,34465.0,20273524.0,20310.0,0.0,149.0,500.0
KGZ,Kyrgyzstan,COM,CR-,CR/LFM/CDL+ERL/H:1/COM:2,TOTAL,747.0,71550000.0,12626526.0,0.0,143100.0,84176526.0,84327.0,0.0,192.0,500.0
KGZ,Kyrgyzstan,COM,CR-,CR/LFM/CDL+ERL/H:1/COM:3,TOTAL,303.0,34800000.0,6141166.0,0.0,69600.0,40941166.0,41015.0,0.0,230.0,500.0
KGZ,Kyrgyzstan,COM,CR-,CR/LFM/CDL+ERL/H:1/COM:3A,TOTAL,21.0,1470000.0,259407.0,0.0,2940.0,1729407.0,1733.0,0.0,140.0,500.0
KGZ,Kyrgyzstan,COM,CR-,CR/LFM/CDL+ERL/H:1/COM:3B,TOTAL,302.0,22972500.0,4053966.0,0.0,45945.0,27026466.0,27075.0,0.0,152.0,500.0
KGZ,Kyrgyzstan,COM,CR-,CR/LFM/CDL+ERL/H:1/COM:3C,TOTAL,50.0,3110000.0,548840.0,0.0,6220.0,3658840.0,3665.0,0.0,124.0,500.0
KGZ,Kyrgyzstan,COM,CR-,CR/LFM/CDL+ERL/H:1/COM:5,TOTAL,60.0,3135000.0,553233.0,0.0,6270.0,3688233.0,3695.0,0.0,104.0,500.0
KGZ,Kyrgyzstan,COM,CR-,CR/LFM/CDL+ERL/H:1/COM:5A,TOTAL,60.0,1837500.0,324277.0,0.0,3675.0,2161777.0,2166.0,0.0,61.0,500.0
KGZ,Kyrgyzstan,IND,CR-,CR/LFM/CDL+ERL/H:1/IND:1,TOTAL,8.0,11000000.0,3666666.0,0.0,22000.0,14666666.0,12965.0,0.0,2750.0,500.0
KGZ,Kyrgyzstan,IND,CR-,CR/LFM/CDL+ERL/H:1/IND:2,TOTAL,414.0,10450000.0,3483332.0,0.0,20900.0,13933332.0,12317.0,0.0,50.0,500.0
KGZ,Kyrgyzstan,IND,CR-,CR/LFM/CDL+ERL/H:1/IND:4,TOTAL,75.0,4290000.0,1430000.0,0.0,8580.0,5720000.0,5056.0,0.0,114.0,500.0
KGZ,Kyrgyzstan,IND,CR-,CR/LFM/CDL+ERL/H:1/IND:6,TOTAL,720.0,21645000.0,7215000.0,0.0,43290.0,28860000.0,25512.0,0.0,60.0,500.0
KGZ,Kyrgyzstan,COM,CR-,CR/LFM/CDL+ERL/H:2/COM:1,TOTAL,89.0,14475000.0,2554416.0,0.0,28950.0,17029416.0,17071.0,0.0,325.0,500.0
KGZ,Kyrgyzstan,COM,CR-,CR/LFM/CDL+ERL/H:2/COM:2,TOTAL,84.0,39980000.0,7055279.0,0.0,79960.0,47035279.0,47150.0,0.0,952.0,500.0
KGZ,Kyrgyzstan,COM,CR-,CR/LFM/CDL+ERL/H:2/COM:3,TOTAL,115.0,42740000.0,7542353.0,0.0,85480.0,50282353.0,50405.0,0.0,743.0,500.0
KGZ,Kyrgyzstan,COM,CR-,CR/LFM/CDL+ERL/H:2/COM:3A,TOTAL,11.0,6020000.0,1062354.0,0.0,12040.0,7082354.0,7100.0,0.0,1095.0,500.0
KGZ,Kyrgyzstan,COM,CR-,CR/LFM/CDL+ERL/H:2/COM:3B,TOTAL,125.0,18945000.0,3343237.0,0.0,37890.0,22288237.0,22343.0,0.0,303.0,500.0
KGZ,Kyrgyzstan,COM,CR-,CR/LFM/CDL+ERL/H:2/COM:3C,TOTAL,2.0,1260000.0,222353.0,0.0,2520.0,1482353.0,1486.0,0.0,1260.0,500.0
KGZ,Kyrgyzstan,COM,CR-,CR/LFM/CDL+ERL/H:2/COM:5,TOTAL,6.0,2900000.0,511765.0,0.0,5800.0,3411765.0,3420.0,0.0,967.0,500.0
KGZ,Kyrgyzstan,COM,CR-,CR/LFM/CDL+ERL/H:2/COM:5A,TOTAL,1.0,480000.0,84706.0,0.0,960.0,564706.0,566.0,0.0,960.0,500.0
KGZ,Kyrgyzstan,IND,CR-,CR/LFM/CDL+ERL/H:2/IND:1,TOTAL,1.0,2000000.0,666667.0,0.0,4000.0,2666667.0,2359.0,0.0,4000.0,500.0
KGZ,Kyrgyzstan,IND,CR-,CR/LFM/CDL+ERL/H:2/IND:2,TOTAL,135.0,6750000.0,2250003.0,0.0,13500.0,9000003.0,7962.0,0.0,100.0,500.0
KGZ,Kyrgyzstan,RES,CR-,CR/LFM/CDL+ERL/H:2/RES,URBAN,2648.0,199346438.0,35178864.0,30513.0,398693.0,234525251.0,158893.0,6227.0,151.0,500.0
KGZ,Kyrgyzstan,RES,CR-,CR/LFM/CDL+ERL/H:2/RES,RURAL,8605.0,542023096.0,95652508.0,89520.0,1548638.0,637675311.0,617195.0,17207.0,180.0,350.0
KGZ,Kyrgyzstan,COM,CR-,CR/LFM/CDL+ERL/H:3/COM:1,TOTAL,68.0,32355000.0,5709704.0,0.0,64710.0,38064704.0,38182.0,0.0,952.0,500.0
KGZ,Kyrgyzstan,COM,CR-,CR/LFM/CDL+ERL/H:3/COM:2,TOTAL,43.0,32310000.0,5701771.0,0.0,64620.0,38011771.0,38129.0,0.0,1503.0,500.0
KGZ,Kyrgyzstan,COM,CR-,CR/LFM/CDL+ERL/H:3/COM:3,TOTAL,137.0,93520000.0,16503529.0,0.0,187040.0,110023529.0,110362.0,0.0,1365.0,500.0
KGZ,Kyrgyzstan,COM,CR-,CR/LFM/CDL+ERL/H:3/COM:3A,TOTAL,15.0,11210000.0,1978237.0,0.0,22420.0,13188237.0,13229.0,0.0,1495.0,500.0
KGZ,Kyrgyzstan,COM,CR-,CR/LFM/CDL+ERL/H:3/COM:3B,TOTAL,83.0,33980000.0,5996467.0,0.0,67960.0,39976467.0,40099.0,0.0,819.0,500.0
KGZ,Kyrgyzstan,COM,CR-,CR/LFM/CDL+ERL/H:3/COM:3C,TOTAL,1.0,600000.0,105882.0,0.0,1200.0,705882.0,708.0,0.0,1200.0,500.0
KGZ,Kyrgyzstan,COM,CR-,CR/LFM/CDL+ERL/H:3/COM:5A,TOTAL,2.0,540000.0,95294.0,0.0,1080.0,635294.0,637.0,0.0,540.0,500.0
KGZ,Kyrgyzstan,RES,CR-,CR/LFM/CDL+ERL/H:3/RES,RURAL,1548.0,121997851.0,21528821.0,23999.0,348565.0,143526852.0,139000.0,4648.0,225.0,350.0
KGZ,Kyrgyzstan,RES,CR-,CR/LFM/CDL+ERL/H:3/RES,URBAN,1747.0,576509489.0,101736918.0,101917.0,1153019.0,678246483.0,459787.0,20964.0,660.0,500.0
KGZ,Kyrgyzstan,COM,CR-,CR/LFM/CDL+ERL/H:4/COM:1,TOTAL,35.0,16800000.0,2964705.0,0.0,33600.0,19764705.0,19838.0,0.0,960.0,500.0
KGZ,Kyrgyzstan,COM,CR-,CR/LFM/CDL+ERL/H:4/COM:2,TOTAL,27.0,31560000.0,5569411.0,0.0,63120.0,37129411.0,37267.0,0.0,2338.0,500.0
KGZ,Kyrgyzstan,COM,CR-,CR/LFM/CDL+ERL/H:4/COM:3,TOTAL,67.0,59680000.0,10531757.0,0.0,119360.0,70211757.0,70473.0,0.0,1781.0,500.0
KGZ,Kyrgyzstan,COM,CR-,CR/LFM/CDL+ERL/H:4/COM:3A,TOTAL,8.0,7080000.0,1249413.0,0.0,14160.0,8329413.0,8360.0,0.0,1770.0,500.0
KGZ,Kyrgyzstan,COM,CR-,CR/LFM/CDL+ERL/H:4/COM:3B,TOTAL,42.0,21120000.0,3727056.0,0.0,42240.0,24847056.0,24939.0,0.0,1006.0,500.0
KGZ,Kyrgyzstan,COM,CR-,CR/LFM/CDL+ERL/H:4/COM:5A,TOTAL,2.0,1320000.0,232941.0,0.0,2640.0,1552941.0,1559.0,0.0,1320.0,500.0
KGZ,Kyrgyzstan,RES,CR-,CR/LFM/CDL+ERL/H:4/RES,RURAL,127.0,24762784.0,4369885.0,5278.0,70751.0,29132710.0,28230.0,1011.0,557.0,350.0
KGZ,Kyrgyzstan,RES,CR-,CR/LFM/CDL+ERL/H:4/RES,URBAN,975.0,390058343.0,68833834.0,77202.0,780117.0,458892037.0,311271.0,15602.0,800.0,500.0
KGZ,Kyrgyzstan,COM,CR-,CR/LFM/CDL+ERL/H:5/COM:1,TOTAL,9.0,5550000.0,979414.0,0.0,11100.0,6529414.0,6558.0,0.0,1233.0,500.0
KGZ,Kyrgyzstan,COM,CR-,CR/LFM/CDL+ERL/H:5/COM:2,TOTAL,7.0,10050000.0,1773529.0,0.0,20100.0,11823529.0,11875.0,0.0,2871.0,500.0
KGZ,Kyrgyzstan,COM,CR-,CR/LFM/CDL+ERL/H:5/COM:3,TOTAL,17.0,19200000.0,3388240.0,0.0,38400.0,22588240.0,22687.0,0.0,2259.0,500.0
KGZ,Kyrgyzstan,COM,CR-,CR/LFM/CDL+ERL/H:5/COM:3A,TOTAL,2.0,2400000.0,423530.0,0.0,4800.0,2823530.0,2836.0,0.0,2400.0,500.0
KGZ,Kyrgyzstan,COM,CR-,CR/LFM/CDL+ERL/H:5/COM:3B,TOTAL,13.0,8100000.0,1429414.0,0.0,16200.0,9529414.0,9571.0,0.0,1246.0,500.0
KGZ,Kyrgyzstan,RES,CR-,CR/LFM/CDL+ERL/H:5/RES,RURAL,77.0,14027612.0,2475470.0,3374.0,40079.0,16503082.0,16001.0,617.0,521.0,350.0
KGZ,Kyrgyzstan,RES,CR-,CR/LFM/CDL+ERL/H:5/RES,URBAN,206.0,116155195.0,20497947.0,25747.0,232310.0,136653148.0,92749.0,5162.0,1128.0,500.0
KGZ,Kyrgyzstan,COM,CR-,CR/LFM/CDL+ERL/H:6-7/COM:1,TOTAL,4.0,4860000.0,857648.0,0.0,9720.0,5717648.0,5746.0,0.0,2430.0,500.0
KGZ,Kyrgyzstan,COM,CR-,CR/LFM/CDL+ERL/H:6-7/COM:2,TOTAL,2.0,4680000.0,825883.0,0.0,9360.0,5505883.0,5533.0,0.0,4680.0,500.0
KGZ,Kyrgyzstan,COM,CR-,CR/LFM/CDL+ERL/H:6-7/COM:3,TOTAL,5.0,6960000.0,1228237.0,0.0,13920.0,8188237.0,8229.0,0.0,2784.0,500.0
KGZ,Kyrgyzstan,COM,CR-,CR/LFM/CDL+ERL/H:6-7/COM:3B,TOTAL,4.0,3960000.0,698824.0,0.0,7920.0,4658824.0,4682.0,0.0,1980.0,500.0
KGZ,Kyrgyzstan,IND,CR-,CR/LFM/CDL+ERL/H:>2/IND:2,TOTAL,222.0,16650000.0,5550000.0,0.0,33300.0,22200000.0,19654.0,0.0,150.0,500.0
KGZ,Kyrgyzstan,RES,CR-,CR/LFM/CDL+ERL/H:>5/RES,URBAN,53.0,66211204.0,11684325.0,18521.0,132422.0,77895529.0,52900.0,3783.0,2499.0,500.0
KGZ,Kyrgyzstan,COM,CR-,CR/LFM/CDN+ERL/H:1/COM:1,TOTAL,123.0,9510000.0,1678233.0,0.0,19020.0,11188233.0,11208.0,0.0,155.0,500.0
KGZ,Kyrgyzstan,COM,CR-,CR/LFM/CDN+ERL/H:1/COM:2,TOTAL,376.0,36560000.0,6451773.0,0.0,73120.0,43011773.0,43088.0,0.0,194.0,500.0
KGZ,Kyrgyzstan,COM,CR-,CR/LFM/CDN+ERL/H:1/COM:3,TOTAL,175.0,22320000.0,3938821.0,0.0,44640.0,26258821.0,26306.0,0.0,255.0,500.0
KGZ,Kyrgyzstan,COM,CR-,CR/LFM/CDN+ERL/H:1/COM:3A,TOTAL,9.0,525000.0,92645.0,0.0,1050.0,617645.0,619.0,0.0,117.0,500.0
KGZ,Kyrgyzstan,COM,CR-,CR/LFM/CDN+ERL/H:1/COM:3B,TOTAL,149.0,11602500.0,2047499.0,0.0,23205.0,13649999.0,13674.0,0.0,156.0,500.0
KGZ,Kyrgyzstan,COM,CR-,CR/LFM/CDN+ERL/H:1/COM:3C,TOTAL,28.0,2220000.0,391769.0,0.0,4440.0,2611769.0,2616.0,0.0,159.0,500.0
KGZ,Kyrgyzstan,COM,CR-,CR/LFM/CDN+ERL/H:1/COM:5,TOTAL,36.0,2150000.0,379410.0,0.0,4300.0,2529410.0,2534.0,0.0,119.0,500.0
KGZ,Kyrgyzstan,COM,CR-,CR/LFM/CDN+ERL/H:1/COM:5A,TOTAL,31.0,1140000.0,201179.0,0.0,2280.0,1341179.0,1344.0,0.0,74.0,500.0
KGZ,Kyrgyzstan,IND,CR-,CR/LFM/CDN+ERL/H:1/IND:1,TOTAL,3.0,4000000.0,1333333.0,0.0,8000.0,5333333.0,4715.0,0.0,2667.0,500.0
KGZ,Kyrgyzstan,IND,CR-,CR/LFM/CDN+ERL/H:1/IND:2,TOTAL,197.0,4925000.0,1641666.0,0.0,9850.0,6566666.0,5805.0,0.0,50.0,500.0
KGZ,Kyrgyzstan,IND,CR-,CR/LFM/CDN+ERL/H:1/IND:4,TOTAL,26.0,1860000.0,620000.0,0.0,3720.0,2480000.0,2192.0,0.0,143.0,500.0
KGZ,Kyrgyzstan,IND,CR-,CR/LFM/CDN+ERL/H:1/IND:6,TOTAL,366.0,11115000.0,3705000.0,0.0,22230.0,14820000.0,13101.0,0.0,61.0,500.0
KGZ,Kyrgyzstan,COM,CR-,CR/LFM/CDN+ERL/H:2/COM:1,TOTAL,69.0,10215000.0,1802653.0,0.0,20430.0,12017653.0,12047.0,0.0,296.0,500.0
KGZ,Kyrgyzstan,COM,CR-,CR/LFM/CDN+ERL/H:2/COM:2,TOTAL,60.0,31510000.0,5560583.0,0.0,63020.0,37070583.0,37161.0,0.0,1050.0,500.0
KGZ,Kyrgyzstan,COM,CR-,CR/LFM/CDN+ERL/H:2/COM:3,TOTAL,77.0,30020000.0,5297646.0,0.0,60040.0,35317646.0,35403.0,0.0,780.0,500.0
KGZ,Kyrgyzstan,COM,CR-,CR/LFM/CDN+ERL/H:2/COM:3A,TOTAL,4.0,1920000.0,338824.0,0.0,3840.0,2258824.0,2264.0,0.0,960.0,500.0
KGZ,Kyrgyzstan,COM,CR-,CR/LFM/CDN+ERL/H:2/COM:3B,TOTAL,85.0,13320000.0,2350589.0,0.0,26640.0,15670589.0,15709.0,0.0,313.0,500.0
KGZ,Kyrgyzstan,COM,CR-,CR/LFM/CDN+ERL/H:2/COM:3C,TOTAL,1.0,300000.0,52941.0,0.0,600.0,352941.0,354.0,0.0,600.0,500.0
KGZ,Kyrgyzstan,COM,CR-,CR/LFM/CDN+ERL/H:2/COM:5,TOTAL,4.0,3360000.0,592942.0,0.0,6720.0,3952942.0,3963.0,0.0,1680.0,500.0
KGZ,Kyrgyzstan,IND,CR-,CR/LFM/CDN+ERL/H:2/IND:1,TOTAL,2.0,4000000.0,1333334.0,0.0,8000.0,5333334.0,4718.0,0.0,4000.0,500.0
KGZ,Kyrgyzstan,IND,CR-,CR/LFM/CDN+ERL/H:2/IND:2,TOTAL,50.0,2600000.0,866670.0,0.0,5200.0,3466670.0,3067.0,0.0,104.0,500.0
KGZ,Kyrgyzstan,RES,CR-,CR/LFM/CDN+ERL/H:2/RES,URBAN,2137.0,160852618.0,28385764.0,24577.0,321705.0,189238377.0,128209.0,5031.0,151.0,500.0
KGZ,Kyrgyzstan,RES,CR-,CR/LFM/CDN+ERL/H:2/RES,RURAL,2766.0,174233586.0,30747504.0,29795.0,497811.0,204981132.0,198397.0,5531.0,180.0,350.0
KGZ,Kyrgyzstan,COM,CR-,CR/LFM/CDN+ERL/H:3/COM:1,TOTAL,40.0,15980000.0,2819998.0,0.0,31960.0,18799998.0,18858.0,0.0,799.0,500.0
KGZ,Kyrgyzstan,COM,CR-,CR/LFM/CDN+ERL/H:3/COM:2,TOTAL,36.0,32040000.0,5654123.0,0.0,64080.0,37694123.0,37810.0,0.0,1780.0,500.0
KGZ,Kyrgyzstan,COM,CR-,CR/LFM/CDN+ERL/H:3/COM:3,TOTAL,82.0,58580000.0,10337647.0,0.0,117160.0,68917647.0,69129.0,0.0,1429.0,500.0
KGZ,Kyrgyzstan,COM,CR-,CR/LFM/CDN+ERL/H:3/COM:3A,TOTAL,9.0,7560000.0,1334117.0,0.0,15120.0,8894117.0,8921.0,0.0,1680.0,500.0
KGZ,Kyrgyzstan,COM,CR-,CR/LFM/CDN+ERL/H:3/COM:3B,TOTAL,56.0,23580000.0,4161176.0,0.0,47160.0,27741176.0,27826.0,0.0,842.0,500.0
KGZ,Kyrgyzstan,COM,CR-,CR/LFM/CDN+ERL/H:3/COM:3C,TOTAL,2.0,1200000.0,211765.0,0.0,2400.0,1411765.0,1416.0,0.0,1200.0,500.0
KGZ,Kyrgyzstan,COM,CR-,CR/LFM/CDN+ERL/H:3/COM:5,TOTAL,1.0,270000.0,47647.0,0.0,540.0,317647.0,319.0,0.0,540.0,500.0
KGZ,Kyrgyzstan,COM,CR-,CR/LFM/CDN+ERL/H:3/COM:5A,TOTAL,2.0,990000.0,174706.0,0.0,1980.0,1164706.0,1168.0,0.0,990.0,500.0
KGZ,Kyrgyzstan,RES,CR-,CR/LFM/CDN+ERL/H:3/RES,RURAL,558.0,43974725.0,7760161.0,8879.0,125642.0,51734977.0,50103.0,1675.0,225.0,350.0
KGZ,Kyrgyzstan,RES,CR-,CR/LFM/CDN+ERL/H:3/RES,URBAN,1926.0,635580176.0,112161200.0,113249.0,1271160.0,747741377.0,506896.0,23112.0,660.0,500.0
KGZ,Kyrgyzstan,COM,CR-,CR/LFM/CDN+ERL/H:4/COM:1,TOTAL,17.0,10320000.0,1821175.0,0.0,20640.0,12141175.0,12186.0,0.0,1214.0,500.0
KGZ,Kyrgyzstan,COM,CR-,CR/LFM/CDN+ERL/H:4/COM:2,TOTAL,12.0,18720000.0,3303528.0,0.0,37440.0,22023528.0,22105.0,0.0,3120.0,500.0
KGZ,Kyrgyzstan,COM,CR-,CR/LFM/CDN+ERL/H:4/COM:3,TOTAL,40.0,36480000.0,6437647.0,0.0,72960.0,42917647.0,43077.0,0.0,1824.0,500.0
KGZ,Kyrgyzstan,COM,CR-,CR/LFM/CDN+ERL/H:4/COM:3A,TOTAL,8.0,7080000.0,1249412.0,0.0,14160.0,8329412.0,8360.0,0.0,1770.0,500.0
KGZ,Kyrgyzstan,COM,CR-,CR/LFM/CDN+ERL/H:4/COM:3B,TOTAL,19.0,10440000.0,1842352.0,0.0,20880.0,12282352.0,12328.0,0.0,1099.0,500.0
KGZ,Kyrgyzstan,COM,CR-,CR/LFM/CDN+ERL/H:4/COM:5A,TOTAL,2.0,1320000.0,232941.0,0.0,2640.0,1552941.0,1559.0,0.0,1320.0,500.0
KGZ,Kyrgyzstan,RES,CR-,CR/LFM/CDN+ERL/H:4/RES,RURAL,54.0,10554943.0,1862627.0,2372.0,30157.0,12417583.0,12033.0,431.0,558.0,350.0
KGZ,Kyrgyzstan,RES,CR-,CR/LFM/CDN+ERL/H:4/RES,URBAN,1306.0,522386944.0,92185927.0,104714.0,1044774.0,614572879.0,416870.0,20895.0,800.0,500.0
KGZ,Kyrgyzstan,COM,CR-,CR/LFM/CDN+ERL/H:5/COM:1,TOTAL,2.0,900000.0,158824.0,0.0,1800.0,1058824.0,1063.0,0.0,900.0,500.0
KGZ,Kyrgyzstan,COM,CR-,CR/LFM/CDN+ERL/H:5/COM:2,TOTAL,2.0,3900000.0,688235.0,0.0,7800.0,4588235.0,4608.0,0.0,3900.0,500.0
KGZ,Kyrgyzstan,COM,CR-,CR/LFM/CDN+ERL/H:5/COM:3,TOTAL,14.0,16000000.0,2823531.0,0.0,32000.0,18823531.0,18906.0,0.0,2286.0,500.0
KGZ,Kyrgyzstan,COM,CR-,CR/LFM/CDN+ERL/H:5/COM:3A,TOTAL,2.0,2400000.0,423530.0,0.0,4800.0,2823530.0,2836.0,0.0,2400.0,500.0
KGZ,Kyrgyzstan,COM,CR-,CR/LFM/CDN+ERL/H:5/COM:3B,TOTAL,5.0,4500000.0,794118.0,0.0,9000.0,5294118.0,5317.0,0.0,1800.0,500.0
KGZ,Kyrgyzstan,COM,CR-,CR/LFM/CDN+ERL/H:5/COM:5,TOTAL,1.0,1200000.0,211765.0,0.0,2400.0,1411765.0,1418.0,0.0,2400.0,500.0
KGZ,Kyrgyzstan,RES,CR-,CR/LFM/CDN+ERL/H:5/RES,RURAL,35.0,6365583.0,1123344.0,1566.0,18187.0,7488927.0,7261.0,280.0,520.0,350.0
KGZ,Kyrgyzstan,RES,CR-,CR/LFM/CDN+ERL/H:5/RES,URBAN,300.0,168984030.0,29820707.0,37936.0,337968.0,198804755.0,134932.0,7510.0,1127.0,500.0
KGZ,Kyrgyzstan,COM,CR-,CR/LFM/CDN+ERL/H:6-7/COM:1,TOTAL,2.0,1980000.0,349412.0,0.0,3960.0,2329412.0,2341.0,0.0,1980.0,500.0
KGZ,Kyrgyzstan,COM,CR-,CR/LFM/CDN+ERL/H:6-7/COM:2,TOTAL,2.0,4680000.0,825883.0,0.0,9360.0,5505883.0,5533.0,0.0,4680.0,500.0
KGZ,Kyrgyzstan,COM,CR-,CR/LFM/CDN+ERL/H:6-7/COM:3,TOTAL,7.0,9840000.0,1736472.0,0.0,19680.0,11576472.0,11634.0,0.0,2811.0,500.0
KGZ,Kyrgyzstan,COM,CR-,CR/LFM/CDN+ERL/H:6-7/COM:3A,TOTAL,1.0,1440000.0,254118.0,0.0,2880.0,1694118.0,1703.0,0.0,2880.0,500.0
KGZ,Kyrgyzstan,COM,CR-,CR/LFM/CDN+ERL/H:6-7/COM:3B,TOTAL,2.0,1080000.0,190588.0,0.0,2160.0,1270588.0,1277.0,0.0,1080.0,500.0
KGZ,Kyrgyzstan,IND,CR-,CR/LFM/CDN+ERL/H:>2/IND:2,TOTAL,97.0,7275000.0,2425000.0,0.0,14550.0,9700000.0,8587.0,0.0,150.0,500.0
KGZ,Kyrgyzstan,RES,CR-,CR/LFM/CDN+ERL/H:>5/RES,URBAN,66.0,83277191.0,14695970.0,23497.0,166554.0,97973161.0,66535.0,4759.0,2524.0,500.0
KGZ,Kyrgyzstan,RES,CR-,CR/LFM/CDN+ERL/H:>5/RES,RURAL,2.0,3325000.0,586765.0,1041.0,9500.0,3911765.0,3795.0,190.0,4750.0,350.0
KGZ,Kyrgyzstan,COM,CR+,CR/LWAL/CDH+ERH/H:1/COM:1,TOTAL,1.0,45000.0,7941.0,0.0,90.0,52941.0,58.0,0.0,90.0,500.0
KGZ,Kyrgyzstan,COM,CR+,CR/LWAL/CDH+ERH/H:1/COM:2,TOTAL,7.0,350000.0,61768.0,0.0,700.0,411768.0,453.0,0.0,100.0,500.0
KGZ,Kyrgyzstan,COM,CR+,CR/LWAL/CDH+ERH/H:1/COM:3,TOTAL,1.0,60000.0,10588.0,0.0,120.0,70588.0,78.0,0.0,120.0,500.0
KGZ,Kyrgyzstan,IND,CR+,CR/LWAL/CDH+ERH/H:1/IND:6,TOTAL,4.0,120000.0,40000.0,0.0,240.0,160000.0,150.0,0.0,60.0,500.0
KGZ,Kyrgyzstan,RES,CR+,CR/LWAL/CDH+ERH/H:2/RES,URBAN,10.0,752764.0,132840.0,118.0,1506.0,885608.0,719.0,24.0,151.0,500.0
KGZ,Kyrgyzstan,RES,CR+,CR/LWAL/CDH+ERH/H:2/RES,RURAL,56.0,3527155.0,622456.0,595.0,10078.0,4149609.0,4810.0,112.0,180.0,350.0
KGZ,Kyrgyzstan,RES,CR+,CR/LWAL/CDH+ERH/H:3/RES,RURAL,6.0,471484.0,83204.0,99.0,1347.0,554688.0,643.0,18.0,224.0,350.0
KGZ,Kyrgyzstan,IND,CR+,CR/LWAL/CDH+ERH/H:>2/IND:2,TOTAL,1.0,75000.0,25000.0,0.0,150.0,100000.0,94.0,0.0,150.0,500.0
KGZ,Kyrgyzstan,COM,CR+,CR/LWAL/CDH+ERM/H:1/COM:1,TOTAL,1.0,45000.0,7941.0,0.0,90.0,52941.0,58.0,0.0,90.0,500.0
KGZ,Kyrgyzstan,COM,CR+,CR/LWAL/CDH+ERM/H:1/COM:2,TOTAL,7.0,400000.0,70591.0,0.0,800.0,470591.0,518.0,0.0,114.0,500.0
KGZ,Kyrgyzstan,COM,CR+,CR/LWAL/CDH+ERM/H:1/COM:3A,TOTAL,2.0,120000.0,21176.0,0.0,240.0,141176.0,155.0,0.0,120.0,500.0
KGZ,Kyrgyzstan,COM,CR+,CR/LWAL/CDH+ERM/H:1/COM:3B,TOTAL,4.0,202500.0,35735.0,0.0,405.0,238235.0,262.0,0.0,101.0,500.0
KGZ,Kyrgyzstan,COM,CR+,CR/LWAL/CDH+ERM/H:1/COM:3C,TOTAL,1.0,50000.0,8824.0,0.0,100.0,58824.0,65.0,0.0,100.0,500.0
KGZ,Kyrgyzstan,COM,CR+,CR/LWAL/CDH+ERM/H:1/COM:5A,TOTAL,4.0,127500.0,22501.0,0.0,255.0,150001.0,165.0,0.0,64.0,500.0
KGZ,Kyrgyzstan,IND,CR+,CR/LWAL/CDH+ERM/H:1/IND:2,TOTAL,2.0,100000.0,33333.0,0.0,200.0,133333.0,125.0,0.0,100.0,500.0
KGZ,Kyrgyzstan,IND,CR+,CR/LWAL/CDH+ERM/H:1/IND:6,TOTAL,10.0,345000.0,115000.0,0.0,690.0,460000.0,431.0,0.0,69.0,500.0
KGZ,Kyrgyzstan,COM,CR+,CR/LWAL/CDH+ERM/H:2/COM:1,TOTAL,1.0,480000.0,84706.0,0.0,960.0,564706.0,622.0,0.0,960.0,500.0
KGZ,Kyrgyzstan,IND,CR+,CR/LWAL/CDH+ERM/H:2/IND:2,TOTAL,1.0,50000.0,16667.0,0.0,100.0,66667.0,63.0,0.0,100.0,500.0
KGZ,Kyrgyzstan,RES,CR+,CR/LWAL/CDH+ERM/H:2/RES,URBAN,12.0,901085.0,159017.0,141.0,1802.0,1060102.0,860.0,29.0,150.0,500.0
KGZ,Kyrgyzstan,RES,CR+,CR/LWAL/CDH+ERM/H:2/RES,RURAL,133.0,8375824.0,1478129.0,1384.0,23931.0,9853951.0,11421.0,266.0,180.0,350.0
KGZ,Kyrgyzstan,COM,CR+,CR/LWAL/CDH+ERM/H:3/COM:3,TOTAL,2.0,1440000.0,254118.0,0.0,2880.0,1694118.0,1868.0,0.0,1440.0,500.0
KGZ,Kyrgyzstan,COM,CR+,CR/LWAL/CDH+ERM/H:3/COM:3A,TOTAL,1.0,720000.0,127059.0,0.0,1440.0,847059.0,934.0,0.0,1440.0,500.0
KGZ,Kyrgyzstan,RES,CR+,CR/LWAL/CDH+ERM/H:3/RES,RURAL,29.0,2288337.0,403821.0,455.0,6538.0,2692154.0,3122.0,87.0,225.0,350.0
KGZ,Kyrgyzstan,RES,CR+,CR/LWAL/CDH+ERM/H:3/RES,URBAN,8.0,2644176.0,466620.0,465.0,5288.0,3110796.0,2525.0,96.0,661.0,500.0
KGZ,Kyrgyzstan,RES,CR+,CR/LWAL/CDH+ERM/H:4/RES,RURAL,1.0,200083.0,35309.0,52.0,572.0,235392.0,273.0,8.0,572.0,350.0
KGZ,Kyrgyzstan,RES,CR+,CR/LWAL/CDH+ERM/H:4/RES,URBAN,3.0,1200996.0,211940.0,233.0,2402.0,1412936.0,1148.0,48.0,801.0,500.0
KGZ,Kyrgyzstan,RES,CR+,CR/LWAL/CDH+ERM/H:5/RES,URBAN,1.0,557500.0,98382.0,121.0,1115.0,655882.0,533.0,25.0,1115.0,500.0
KGZ,Kyrgyzstan,RES,CR+,CR/LWAL/CDH+ERM/H:5/RES,RURAL,1.0,193375.0,34125.0,54.0,552.0,227500.0,264.0,8.0,552.0,350.0
KGZ,Kyrgyzstan,IND,CR+,CR/LWAL/CDH+ERM/H:>2/IND:2,TOTAL,2.0,300000.0,100000.0,0.0,600.0,400000.0,376.0,0.0,300.0,500.0
KGZ,Kyrgyzstan,COM,CR-,CR/LWAL/CDL+ERM/H:1/COM:1,TOTAL,154.0,10387500.0,1833083.0,0.0,20775.0,12220583.0,13457.0,0.0,135.0,500.0
KGZ,Kyrgyzstan,COM,CR-,CR/LWAL/CDL+ERM/H:1/COM:2,TOTAL,483.0,43450000.0,7667717.0,0.0,86900.0,51117717.0,56287.0,0.0,180.0,500.0
KGZ,Kyrgyzstan,COM,CR-,CR/LWAL/CDL+ERM/H:1/COM:3,TOTAL,150.0,14660000.0,2587045.0,0.0,29320.0,17247045.0,18991.0,0.0,195.0,500.0
KGZ,Kyrgyzstan,COM,CR-,CR/LWAL/CDL+ERM/H:1/COM:3A,TOTAL,11.0,660000.0,116468.0,0.0,1320.0,776468.0,855.0,0.0,120.0,500.0
KGZ,Kyrgyzstan,COM,CR-,CR/LWAL/CDL+ERM/H:1/COM:3B,TOTAL,193.0,14112500.0,2490440.0,0.0,28225.0,16602940.0,18282.0,0.0,146.0,500.0
KGZ,Kyrgyzstan,COM,CR-,CR/LWAL/CDL+ERM/H:1/COM:3C,TOTAL,30.0,2400000.0,423539.0,0.0,4800.0,2823539.0,3109.0,0.0,160.0,500.0
KGZ,Kyrgyzstan,COM,CR-,CR/LWAL/CDL+ERM/H:1/COM:5,TOTAL,39.0,1785000.0,315000.0,0.0,3570.0,2100000.0,2312.0,0.0,92.0,500.0
KGZ,Kyrgyzstan,COM,CR-,CR/LWAL/CDL+ERM/H:1/COM:5A,TOTAL,41.0,1245000.0,219715.0,0.0,2490.0,1464715.0,1613.0,0.0,61.0,500.0
KGZ,Kyrgyzstan,IND,CR-,CR/LWAL/CDL+ERM/H:1/IND:1,TOTAL,5.0,6000000.0,2000000.0,0.0,12000.0,8000000.0,7499.0,0.0,2400.0,500.0
KGZ,Kyrgyzstan,IND,CR-,CR/LWAL/CDL+ERM/H:1/IND:2,TOTAL,129.0,3225000.0,1074998.0,0.0,6450.0,4299998.0,4031.0,0.0,50.0,500.0
KGZ,Kyrgyzstan,IND,CR-,CR/LWAL/CDL+ERM/H:1/IND:4,TOTAL,40.0,4950000.0,1650000.0,0.0,9900.0,6600000.0,6186.0,0.0,248.0,500.0
KGZ,Kyrgyzstan,IND,CR-,CR/LWAL/CDL+ERM/H:1/IND:6,TOTAL,420.0,12645000.0,4215000.0,0.0,25290.0,16860000.0,15803.0,0.0,60.0,500.0
KGZ,Kyrgyzstan,COM,CR-,CR/LWAL/CDL+ERM/H:2/COM:1,TOTAL,57.0,9530000.0,1681762.0,0.0,19060.0,11211762.0,12354.0,0.0,334.0,500.0
KGZ,Kyrgyzstan,COM,CR-,CR/LWAL/CDL+ERM/H:2/COM:2,TOTAL,44.0,22980000.0,4055289.0,0.0,45960.0,27035289.0,29789.0,0.0,1045.0,500.0
KGZ,Kyrgyzstan,COM,CR-,CR/LWAL/CDL+ERM/H:2/COM:3,TOTAL,71.0,27520000.0,4856472.0,0.0,55040.0,32376472.0,35674.0,0.0,775.0,500.0
KGZ,Kyrgyzstan,COM,CR-,CR/LWAL/CDL+ERM/H:2/COM:3A,TOTAL,3.0,2160000.0,381177.0,0.0,4320.0,2541177.0,2800.0,0.0,1440.0,500.0
KGZ,Kyrgyzstan,COM,CR-,CR/LWAL/CDL+ERM/H:2/COM:3B,TOTAL,83.0,12225000.0,2157352.0,0.0,24450.0,14382352.0,15847.0,0.0,295.0,500.0
KGZ,Kyrgyzstan,COM,CR-,CR/LWAL/CDL+ERM/H:2/COM:5,TOTAL,3.0,1440000.0,254118.0,0.0,2880.0,1694118.0,1867.0,0.0,960.0,500.0
KGZ,Kyrgyzstan,IND,CR-,CR/LWAL/CDL+ERM/H:2/IND:1,TOTAL,1.0,2000000.0,666667.0,0.0,4000.0,2666667.0,2501.0,0.0,4000.0,500.0
KGZ,Kyrgyzstan,IND,CR-,CR/LWAL/CDL+ERM/H:2/IND:2,TOTAL,46.0,2300000.0,766670.0,0.0,4600.0,3066670.0,2877.0,0.0,100.0,500.0
KGZ,Kyrgyzstan,RES,CR-,CR/LWAL/CDL+ERM/H:2/RES,URBAN,894.0,67346182.0,11884589.0,10325.0,134692.0,79230755.0,64283.0,2108.0,151.0,500.0
KGZ,Kyrgyzstan,RES,CR-,CR/LWAL/CDL+ERM/H:2/RES,RURAL,2832.0,178356963.0,31475566.0,29453.0,509591.0,209832538.0,243208.0,5662.0,180.0,350.0
KGZ,Kyrgyzstan,COM,CR-,CR/LWAL/CDL+ERM/H:3/COM:1,TOTAL,35.0,15300000.0,2700000.0,0.0,30600.0,18000000.0,19846.0,0.0,874.0,500.0
KGZ,Kyrgyzstan,COM,CR-,CR/LWAL/CDL+ERM/H:3/COM:2,TOTAL,18.0,15300000.0,2700002.0,0.0,30600.0,18000002.0,19846.0,0.0,1700.0,500.0
KGZ,Kyrgyzstan,COM,CR-,CR/LWAL/CDL+ERM/H:3/COM:3,TOTAL,96.0,71100000.0,12547061.0,0.0,142200.0,83647061.0,92227.0,0.0,1481.0,500.0
KGZ,Kyrgyzstan,COM,CR-,CR/LWAL/CDL+ERM/H:3/COM:3A,TOTAL,8.0,5760000.0,1016471.0,0.0,11520.0,6776471.0,7472.0,0.0,1440.0,500.0
KGZ,Kyrgyzstan,COM,CR-,CR/LWAL/CDL+ERM/H:3/COM:3B,TOTAL,53.0,20610000.0,3637057.0,0.0,41220.0,24247057.0,26734.0,0.0,778.0,500.0
KGZ,Kyrgyzstan,COM,CR-,CR/LWAL/CDL+ERM/H:3/COM:5A,TOTAL,1.0,270000.0,47647.0,0.0,540.0,317647.0,350.0,0.0,540.0,500.0
KGZ,Kyrgyzstan,RES,CR-,CR/LWAL/CDL+ERM/H:3/RES,RURAL,511.0,40237737.0,7100725.0,7955.0,114965.0,47338426.0,54901.0,1533.0,225.0,350.0
KGZ,Kyrgyzstan,RES,CR-,CR/LWAL/CDL+ERM/H:3/RES,URBAN,547.0,180863355.0,31917070.0,31947.0,361727.0,212780401.0,172740.0,6577.0,661.0,500.0
KGZ,Kyrgyzstan,COM,CR-,CR/LWAL/CDL+ERM/H:4/COM:1,TOTAL,18.0,11280000.0,1990588.0,0.0,22560.0,13270588.0,14641.0,0.0,1253.0,500.0
KGZ,Kyrgyzstan,COM,CR-,CR/LWAL/CDL+ERM/H:4/COM:2,TOTAL,12.0,16800000.0,2964705.0,0.0,33600.0,19764705.0,21806.0,0.0,2800.0,500.0
KGZ,Kyrgyzstan,COM,CR-,CR/LWAL/CDL+ERM/H:4/COM:3,TOTAL,35.0,32000000.0,5647057.0,0.0,64000.0,37647057.0,41536.0,0.0,1829.0,500.0
KGZ,Kyrgyzstan,COM,CR-,CR/LWAL/CDL+ERM/H:4/COM:3A,TOTAL,5.0,4800000.0,847060.0,0.0,9600.0,5647060.0,6230.0,0.0,1920.0,500.0
KGZ,Kyrgyzstan,COM,CR-,CR/LWAL/CDL+ERM/H:4/COM:3B,TOTAL,24.0,15240000.0,2689410.0,0.0,30480.0,17929410.0,19782.0,0.0,1270.0,500.0
KGZ,Kyrgyzstan,COM,CR-,CR/LWAL/CDL+ERM/H:4/COM:5A,TOTAL,1.0,360000.0,63529.0,0.0,720.0,423529.0,467.0,0.0,720.0,500.0
KGZ,Kyrgyzstan,RES,CR-,CR/LWAL/CDL+ERM/H:4/RES,URBAN,301.0,120648954.0,21290977.0,23926.0,241298.0,141939979.0,115300.0,4826.0,802.0,500.0
KGZ,Kyrgyzstan,RES,CR-,CR/LWAL/CDL+ERM/H:4/RES,RURAL,44.0,8840419.0,1560072.0,1884.0,25258.0,10400493.0,12069.0,361.0,574.0,350.0
KGZ,Kyrgyzstan,COM,CR-,CR/LWAL/CDL+ERM/H:5/COM:1,TOTAL,4.0,2550000.0,450001.0,0.0,5100.0,3000001.0,3312.0,0.0,1275.0,500.0
KGZ,Kyrgyzstan,COM,CR-,CR/LWAL/CDL+ERM/H:5/COM:3,TOTAL,8.0,9600000.0,1694120.0,0.0,19200.0,11294120.0,12469.0,0.0,2400.0,500.0
KGZ,Kyrgyzstan,COM,CR-,CR/LWAL/CDL+ERM/H:5/COM:3A,TOTAL,1.0,1200000.0,211765.0,0.0,2400.0,1411765.0,1559.0,0.0,2400.0,500.0
KGZ,Kyrgyzstan,COM,CR-,CR/LWAL/CDL+ERM/H:5/COM:3B,TOTAL,5.0,4500000.0,794118.0,0.0,9000.0,5294118.0,5845.0,0.0,1800.0,500.0
KGZ,Kyrgyzstan,RES,CR-,CR/LWAL/CDL+ERM/H:5/RES,URBAN,70.0,38974997.0,6877926.0,8649.0,77950.0,45852935.0,37270.0,1732.0,1114.0,500.0
KGZ,Kyrgyzstan,RES,CR-,CR/LWAL/CDL+ERM/H:5/RES,RURAL,25.0,4561371.0,804953.0,1070.0,13033.0,5366324.0,6231.0,200.0,521.0,350.0
KGZ,Kyrgyzstan,COM,CR-,CR/LWAL/CDL+ERM/H:6-7/COM:3,TOTAL,3.0,4080000.0,720001.0,0.0,8160.0,4800001.0,5303.0,0.0,2720.0,500.0
KGZ,Kyrgyzstan,COM,CR-,CR/LWAL/CDL+ERM/H:6-7/COM:3B,TOTAL,4.0,4860000.0,857648.0,0.0,9720.0,5717648.0,6317.0,0.0,2430.0,500.0
KGZ,Kyrgyzstan,IND,CR-,CR/LWAL/CDL+ERM/H:>2/IND:2,TOTAL,74.0,5550000.0,1850000.0,0.0,11100.0,7400000.0,6947.0,0.0,150.0,500.0
KGZ,Kyrgyzstan,RES,CR-,CR/LWAL/CDL+ERM/H:>5/RES,URBAN,16.0,20440000.0,3607066.0,5724.0,40880.0,24047066.0,19558.0,1168.0,2555.0,500.0
KGZ,Kyrgyzstan,RES,CR-,CR/LWAL/CDL+ERM/H:>5/RES,RURAL,1.0,647500.0,114265.0,176.0,1850.0,761765.0,885.0,37.0,1850.0,350.0
KGZ,Kyrgyzstan,COM,ADO|ST|E,EU+ETR/LWAL/CDN+ERN/H:1/COM:1,TOTAL,220.0,3306500.0,1102167.0,0.0,33065.0,4408667.0,4366.0,0.0,150.0,100.0
KGZ,Kyrgyzstan,COM,ADO|ST|E,EU+ETR/LWAL/CDN+ERN/H:1/COM:2,TOTAL,736.0,14796000.0,4931984.0,0.0,147960.0,19727984.0,19538.0,0.0,201.0,100.0
KGZ,Kyrgyzstan,COM,ADO|ST|E,EU+ETR/LWAL/CDN+ERN/H:1/COM:3,TOTAL,401.0,8486000.0,2828696.0,0.0,84860.0,11314696.0,11206.0,0.0,212.0,100.0
KGZ,Kyrgyzstan,COM,ADO|ST|E,EU+ETR/LWAL/CDN+ERN/H:1/COM:3A,TOTAL,53.0,1072000.0,357332.0,0.0,10720.0,1429332.0,1416.0,0.0,202.0,100.0
KGZ,Kyrgyzstan,COM,ADO|ST|E,EU+ETR/LWAL/CDN+ERN/H:1/COM:3B,TOTAL,318.0,4783000.0,1594333.0,0.0,47830.0,6377333.0,6316.0,0.0,150.0,100.0
KGZ,Kyrgyzstan,COM,ADO|ST|E,EU+ETR/LWAL/CDN+ERN/H:1/COM:3C,TOTAL,37.0,674000.0,224660.0,0.0,6740.0,898660.0,890.0,0.0,182.0,100.0
KGZ,Kyrgyzstan,COM,ADO|ST|E,EU+ETR/LWAL/CDN+ERN/H:1/COM:5,TOTAL,59.0,675000.0,225000.0,0.0,6750.0,900000.0,891.0,0.0,114.0,100.0
KGZ,Kyrgyzstan,COM,ADO|ST|E,EU+ETR/LWAL/CDN+ERN/H:1/COM:5A,TOTAL,68.0,475500.0,158500.0,0.0,4755.0,634000.0,628.0,0.0,70.0,100.0
KGZ,Kyrgyzstan,IND,ADO|ST|E,EU+ETR/LWAL/CDN+ERN/H:1/IND:2,TOTAL,164.0,840000.0,452310.0,0.0,8400.0,1292310.0,1017.0,0.0,51.0,100.0
KGZ,Kyrgyzstan,RES,ADO|ST|E,EU+ETR/LWAL/CDN+ERN/H:1/RES,RURAL,302329.0,3627948000.0,640233829.0,1579277.0,36279480.0,4268181829.0,3552582.0,302329.0,120.0,100.0
KGZ,Kyrgyzstan,RES,ADO|ST|E,EU+ETR/LWAL/CDN+ERN/H:1/RES,URBAN,4538.0,45380000.0,8008308.0,22061.0,453800.0,53388308.0,44439.0,4538.0,100.0,100.0
KGZ,Kyrgyzstan,COM,HYB,HYB(MUR;W)/LWAL/CDN+ERN/H:1/COM:1,TOTAL,2022.0,94389000.0,23597250.0,0.0,314630.0,117986250.0,232256.0,0.0,156.0,300.0
KGZ,Kyrgyzstan,COM,HYB,HYB(MUR;W)/LWAL/CDN+ERN/H:1/COM:2,TOTAL,5380.0,350130000.0,87532500.0,0.0,1167100.0,437662500.0,861536.0,0.0,217.0,300.0
KGZ,Kyrgyzstan,COM,HYB,HYB(MUR;W)/LWAL/CDN+ERN/H:1/COM:3,TOTAL,3338.0,255060000.0,63765000.0,0.0,850200.0,318825000.0,627607.0,0.0,255.0,300.0
KGZ,Kyrgyzstan,COM,HYB,HYB(MUR;W)/LWAL/CDN+ERN/H:1/COM:3A,TOTAL,359.0,16164000.0,4041000.0,0.0,53880.0,20205000.0,39774.0,0.0,150.0,300.0
KGZ,Kyrgyzstan,COM,HYB,HYB(MUR;W)/LWAL/CDN+ERN/H:1/COM:3B,TOTAL,2531.0,119641500.0,29910375.0,0.0,398805.0,149551875.0,294392.0,0.0,158.0,300.0
KGZ,Kyrgyzstan,COM,HYB,HYB(MUR;W)/LWAL/CDN+ERN/H:1/COM:3C,TOTAL,384.0,21090000.0,5272500.0,0.0,70300.0,26362500.0,51895.0,0.0,183.0,300.0
KGZ,Kyrgyzstan,COM,HYB,HYB(MUR;W)/LWAL/CDN+ERN/H:1/COM:5,TOTAL,468.0,17332500.0,4333125.0,0.0,57775.0,21665625.0,42649.0,0.0,123.0,300.0
KGZ,Kyrgyzstan,COM,HYB,HYB(MUR;W)/LWAL/CDN+ERN/H:1/COM:5A,TOTAL,469.0,11838000.0,2959500.0,0.0,39460.0,14797500.0,29129.0,0.0,84.0,300.0
KGZ,Kyrgyzstan,IND,HYB,HYB(MUR;W)/LWAL/CDN+ERN/H:1/IND:2,TOTAL,894.0,13410000.0,5747147.0,0.0,44700.0,19157147.0,30470.0,0.0,50.0,300.0
KGZ,Kyrgyzstan,RES,HYB,HYB(MUR;W)/LWAL/CDN+ERN/H:1/RES,RURAL,104735.0,3142050000.0,554471994.0,545410.0,12568200.0,3696521994.0,6878265.0,104735.0,120.0,250.0
KGZ,Kyrgyzstan,RES,HYB,HYB(MUR;W)/LWAL/CDN+ERN/H:1/RES,URBAN,3839.0,115170000.0,20323888.0,18809.0,383900.0,135493888.0,210099.0,3839.0,100.0,300.0
KGZ,Kyrgyzstan,RES,HYB,HYB(MUR;W)/LWAL/CDN+ERN/H:2/RES,RURAL,18145.0,816568964.0,144098510.0,189551.0,3266280.0,960667901.0,1788366.0,36292.0,180.0,250.0
KGZ,Kyrgyzstan,RES,HYB,HYB(MUR;W)/LWAL/CDN+ERN/H:2/RES,URBAN,1459.0,65730044.0,11599269.0,16931.0,219100.0,77329323.0,119962.0,3453.0,150.0,300.0
KGZ,Kyrgyzstan,COM,MR|MCF,MCF/LWAL/CDH+ERH/H:1/COM:1,TOTAL,8.0,346500.0,86623.0,0.0,990.0,433123.0,583.0,0.0,124.0,350.0
KGZ,Kyrgyzstan,COM,MR|MCF,MCF/LWAL/CDH+ERH/H:1/COM:2,TOTAL,24.0,1330000.0,332500.0,0.0,3800.0,1662500.0,2239.0,0.0,158.0,350.0
KGZ,Kyrgyzstan,COM,MR|MCF,MCF/LWAL/CDH+ERH/H:1/COM:3,TOTAL,9.0,714000.0,178500.0,0.0,2040.0,892500.0,1202.0,0.0,227.0,350.0
KGZ,Kyrgyzstan,COM,MR|MCF,MCF/LWAL/CDH+ERH/H:1/COM:3B,TOTAL,7.0,299250.0,74812.0,0.0,855.0,374062.0,504.0,0.0,122.0,350.0
KGZ,Kyrgyzstan,COM,MR|MCF,MCF/LWAL/CDH+ERH/H:1/COM:5,TOTAL,4.0,168000.0,42000.0,0.0,480.0,210000.0,283.0,0.0,120.0,350.0
KGZ,Kyrgyzstan,COM,MR|MCF,MCF/LWAL/CDH+ERH/H:1/COM:5A,TOTAL,2.0,31500.0,7876.0,0.0,90.0,39376.0,53.0,0.0,45.0,350.0
KGZ,Kyrgyzstan,IND,MR|MCF,MCF/LWAL/CDH+ERH/H:1/IND:2,TOTAL,10.0,210000.0,69999.0,0.0,600.0,279999.0,354.0,0.0,60.0,350.0
KGZ,Kyrgyzstan,IND,MR|MCF,MCF/LWAL/CDH+ERH/H:1/IND:4,TOTAL,1.0,105000.0,35000.0,0.0,300.0,140000.0,177.0,0.0,300.0,350.0
KGZ,Kyrgyzstan,IND,MR|MCF,MCF/LWAL/CDH+ERH/H:1/IND:6,TOTAL,2.0,42000.0,14000.0,0.0,120.0,56000.0,71.0,0.0,60.0,350.0
KGZ,Kyrgyzstan,RES,MR|MCF,MCF/LWAL/CDH+ERH/H:1/RES,URBAN,105.0,3675000.0,648515.0,544.0,10500.0,4323515.0,4182.0,105.0,100.0,350.0
KGZ,Kyrgyzstan,RES,MR|MCF,MCF/LWAL/CDH+ERH/H:1/RES,RURAL,2202.0,79272000.0,13989305.0,11504.0,264240.0,93261305.0,105248.0,2202.0,120.0,300.0
KGZ,Kyrgyzstan,COM,MR|MCF,MCF/LWAL/CDH+ERH/H:2/COM:2,TOTAL,1.0,882000.0,220500.0,0.0,2520.0,1102500.0,1486.0,0.0,2520.0,350.0
KGZ,Kyrgyzstan,COM,MR|MCF,MCF/LWAL/CDH+ERH/H:2/COM:3,TOTAL,1.0,140000.0,35000.0,0.0,400.0,175000.0,236.0,0.0,400.0,350.0
KGZ,Kyrgyzstan,COM,MR|MCF,MCF/LWAL/CDH+ERH/H:2/COM:3A,TOTAL,1.0,336000.0,84000.0,0.0,960.0,420000.0,566.0,0.0,960.0,350.0
KGZ,Kyrgyzstan,COM,MR|MCF,MCF/LWAL/CDH+ERH/H:2/COM:3B,TOTAL,3.0,283500.0,70875.0,0.0,810.0,354375.0,478.0,0.0,270.0,350.0
KGZ,Kyrgyzstan,COM,MR|MCF,MCF/LWAL/CDH+ERH/H:2/COM:5,TOTAL,1.0,336000.0,84000.0,0.0,960.0,420000.0,566.0,0.0,960.0,350.0
KGZ,Kyrgyzstan,IND,MR|MCF,MCF/LWAL/CDH+ERH/H:2/IND:2,TOTAL,1.0,35000.0,11667.0,0.0,100.0,46667.0,59.0,0.0,100.0,350.0
KGZ,Kyrgyzstan,RES,MR|MCF,MCF/LWAL/CDH+ERH/H:2/RES,RURAL,809.0,43686000.0,7709065.0,8472.0,145620.0,51395065.0,58036.0,1618.0,180.0,300.0
KGZ,Kyrgyzstan,RES,MR|MCF,MCF/LWAL/CDH+ERH/H:2/RES,URBAN,41.0,2162910.0,381694.0,500.0,6180.0,2544604.0,2463.0,96.0,151.0,350.0
KGZ,Kyrgyzstan,RES,MR|MCF,MCF/LWAL/CDH+ERH/H:3/RES,RURAL,210.0,14177041.0,2501852.0,3315.0,47257.0,16678874.0,18845.0,630.0,225.0,300.0
KGZ,Kyrgyzstan,RES,MR|MCF,MCF/LWAL/CDH+ERH/H:3/RES,URBAN,3.0,693000.0,122295.0,185.0,1980.0,815295.0,790.0,36.0,660.0,350.0
KGZ,Kyrgyzstan,RES,MR|MCF,MCF/LWAL/CDH+ERH/H:4/RES,URBAN,1.0,280547.0,49508.0,77.0,802.0,330055.0,320.0,16.0,802.0,350.0
KGZ,Kyrgyzstan,RES,MR|MCF,MCF/LWAL/CDH+ERH/H:4/RES,RURAL,6.0,1009758.0,178194.0,270.0,3366.0,1187952.0,1343.0,48.0,561.0,300.0
KGZ,Kyrgyzstan,IND,MR|MCF,MCF/LWAL/CDH+ERH/H:>2/IND:2,TOTAL,1.0,157500.0,52500.0,0.0,450.0,210000.0,266.0,0.0,450.0,350.0
KGZ,Kyrgyzstan,COM,MR|MCF,MCF/LWAL/CDH+ERL/H:1/COM:2,TOTAL,2.0,105000.0,26250.0,0.0,300.0,131250.0,177.0,0.0,150.0,350.0
KGZ,Kyrgyzstan,COM,MR|MCF,MCF/LWAL/CDH+ERL/H:1/COM:3,TOTAL,2.0,112000.0,28000.0,0.0,320.0,140000.0,189.0,0.0,160.0,350.0
KGZ,Kyrgyzstan,COM,MR|MCF,MCF/LWAL/CDH+ERL/H:1/COM:3B,TOTAL,1.0,31500.0,7875.0,0.0,90.0,39375.0,53.0,0.0,90.0,350.0
KGZ,Kyrgyzstan,COM,MR|MCF,MCF/LWAL/CDH+ERL/H:1/COM:3C,TOTAL,1.0,35000.0,8750.0,0.0,100.0,43750.0,59.0,0.0,100.0,350.0
KGZ,Kyrgyzstan,RES,MR|MCF,MCF/LWAL/CDH+ERL/H:1/RES,RURAL,678.0,24408000.0,4307334.0,3239.0,81360.0,28715334.0,32406.0,678.0,120.0,300.0
KGZ,Kyrgyzstan,RES,MR|MCF,MCF/LWAL/CDH+ERL/H:1/RES,URBAN,23.0,805000.0,142052.0,112.0,2300.0,947052.0,916.0,23.0,100.0,350.0
KGZ,Kyrgyzstan,COM,MR|MCF,MCF/LWAL/CDH+ERL/H:2/COM:3,TOTAL,5.0,1680000.0,420000.0,0.0,4800.0,2100000.0,2830.0,0.0,960.0,350.0
KGZ,Kyrgyzstan,COM,MR|MCF,MCF/LWAL/CDH+ERL/H:2/COM:3B,TOTAL,1.0,63000.0,15750.0,0.0,180.0,78750.0,106.0,0.0,180.0,350.0
KGZ,Kyrgyzstan,IND,MR|MCF,MCF/LWAL/CDH+ERL/H:2/IND:2,TOTAL,1.0,35000.0,11667.0,0.0,100.0,46667.0,59.0,0.0,100.0,350.0
KGZ,Kyrgyzstan,RES,MR|MCF,MCF/LWAL/CDH+ERL/H:2/RES,RURAL,342.0,18468000.0,3258960.0,3264.0,61560.0,21726960.0,24534.0,684.0,180.0,300.0
KGZ,Kyrgyzstan,RES,MR|MCF,MCF/LWAL/CDH+ERL/H:2/RES,URBAN,7.0,367374.0,64834.0,81.0,1050.0,432208.0,418.0,17.0,150.0,350.0
KGZ,Kyrgyzstan,COM,MR|MCF,MCF/LWAL/CDH+ERL/H:3/COM:1,TOTAL,4.0,1232000.0,308000.0,0.0,3520.0,1540000.0,2077.0,0.0,880.0,350.0
KGZ,Kyrgyzstan,COM,MR|MCF,MCF/LWAL/CDH+ERL/H:3/COM:2,TOTAL,3.0,2961000.0,740250.0,0.0,8460.0,3701250.0,4992.0,0.0,2820.0,350.0
KGZ,Kyrgyzstan,COM,MR|MCF,MCF/LWAL/CDH+ERL/H:3/COM:3,TOTAL,17.0,9912000.0,2478000.0,0.0,28320.0,12390000.0,16710.0,0.0,1666.0,350.0
KGZ,Kyrgyzstan,COM,MR|MCF,MCF/LWAL/CDH+ERL/H:3/COM:3A,TOTAL,3.0,1512000.0,378000.0,0.0,4320.0,1890000.0,2549.0,0.0,1440.0,350.0
KGZ,Kyrgyzstan,COM,MR|MCF,MCF/LWAL/CDH+ERL/H:3/COM:3B,TOTAL,6.0,1764000.0,441000.0,0.0,5040.0,2205000.0,2974.0,0.0,840.0,350.0
KGZ,Kyrgyzstan,RES,MR|MCF,MCF/LWAL/CDH+ERL/H:3/RES,RURAL,203.0,13702779.0,2418165.0,2904.0,45676.0,16120944.0,18215.0,609.0,225.0,300.0
KGZ,Kyrgyzstan,RES,MR|MCF,MCF/LWAL/CDH+ERL/H:3/RES,URBAN,5.0,1155210.0,203860.0,292.0,3301.0,1359070.0,1316.0,60.0,660.0,350.0
KGZ,Kyrgyzstan,RES,MR|MCF,MCF/LWAL/CDH+ERL/H:4/RES,RURAL,24.0,4031465.0,711444.0,916.0,13438.0,4742909.0,5362.0,192.0,560.0,300.0
KGZ,Kyrgyzstan,RES,MR|MCF,MCF/LWAL/CDH+ERL/H:4/RES,URBAN,2.0,559794.0,98788.0,156.0,1599.0,658580.0,638.0,32.0,800.0,350.0
KGZ,Kyrgyzstan,IND,MR|MCF,MCF/LWAL/CDH+ERL/H:>2/IND:2,TOTAL,3.0,157500.0,52500.0,0.0,450.0,210000.0,266.0,0.0,150.0,350.0
KGZ,Kyrgyzstan,COM,MR|MCF,MCF/LWAL/CDH+ERM/H:1/COM:1,TOTAL,15.0,677250.0,169311.0,0.0,1935.0,846561.0,1140.0,0.0,129.0,350.0
KGZ,Kyrgyzstan,COM,MR|MCF,MCF/LWAL/CDH+ERM/H:1/COM:2,TOTAL,52.0,3017000.0,754250.0,0.0,8620.0,3771250.0,5080.0,0.0,166.0,350.0
KGZ,Kyrgyzstan,COM,MR|MCF,MCF/LWAL/CDH+ERM/H:1/COM:3,TOTAL,12.0,833000.0,208250.0,0.0,2380.0,1041250.0,1403.0,0.0,198.0,350.0
KGZ,Kyrgyzstan,COM,MR|MCF,MCF/LWAL/CDH+ERM/H:1/COM:3B,TOTAL,14.0,750750.0,187686.0,0.0,2145.0,938436.0,1264.0,0.0,153.0,350.0
KGZ,Kyrgyzstan,COM,MR|MCF,MCF/LWAL/CDH+ERM/H:1/COM:3C,TOTAL,2.0,70000.0,17500.0,0.0,200.0,87500.0,118.0,0.0,100.0,350.0
KGZ,Kyrgyzstan,COM,MR|MCF,MCF/LWAL/CDH+ERM/H:1/COM:5,TOTAL,1.0,42000.0,10500.0,0.0,120.0,52500.0,71.0,0.0,120.0,350.0
KGZ,Kyrgyzstan,COM,MR|MCF,MCF/LWAL/CDH+ERM/H:1/COM:5A,TOTAL,2.0,47250.0,11813.0,0.0,135.0,59063.0,80.0,0.0,68.0,350.0
KGZ,Kyrgyzstan,IND,MR|MCF,MCF/LWAL/CDH+ERM/H:1/IND:2,TOTAL,12.0,245000.0,81666.0,0.0,700.0,326666.0,413.0,0.0,58.0,350.0
KGZ,Kyrgyzstan,IND,MR|MCF,MCF/LWAL/CDH+ERM/H:1/IND:4,TOTAL,1.0,105000.0,35000.0,0.0,300.0,140000.0,177.0,0.0,300.0,350.0
KGZ,Kyrgyzstan,IND,MR|MCF,MCF/LWAL/CDH+ERM/H:1/IND:6,TOTAL,18.0,567000.0,189000.0,0.0,1620.0,756000.0,955.0,0.0,90.0,350.0
KGZ,Kyrgyzstan,RES,MR|MCF,MCF/LWAL/CDH+ERM/H:1/RES,URBAN,149.0,5215000.0,920280.0,721.0,14900.0,6135280.0,5935.0,149.0,100.0,350.0
KGZ,Kyrgyzstan,RES,MR|MCF,MCF/LWAL/CDH+ERM/H:1/RES,RURAL,3765.0,135540000.0,23919035.0,20413.0,451800.0,159459035.0,179954.0,3765.0,120.0,300.0
KGZ,Kyrgyzstan,COM,MR|MCF,MCF/LWAL/CDH+ERM/H:2/COM:1,TOTAL,4.0,252000.0,63000.0,0.0,720.0,315000.0,425.0,0.0,180.0,350.0
KGZ,Kyrgyzstan,COM,MR|MCF,MCF/LWAL/CDH+ERM/H:2/COM:2,TOTAL,3.0,1442000.0,360500.0,0.0,4120.0,1802500.0,2429.0,0.0,1373.0,350.0
KGZ,Kyrgyzstan,COM,MR|MCF,MCF/LWAL/CDH+ERM/H:2/COM:3,TOTAL,3.0,812000.0,203000.0,0.0,2320.0,1015000.0,1368.0,0.0,773.0,350.0
KGZ,Kyrgyzstan,COM,MR|MCF,MCF/LWAL/CDH+ERM/H:2/COM:3B,TOTAL,10.0,1060500.0,265125.0,0.0,3030.0,1325625.0,1787.0,0.0,303.0,350.0
KGZ,Kyrgyzstan,IND,MR|MCF,MCF/LWAL/CDH+ERM/H:2/IND:2,TOTAL,7.0,315000.0,105001.0,0.0,900.0,420001.0,531.0,0.0,129.0,350.0
KGZ,Kyrgyzstan,RES,MR|MCF,MCF/LWAL/CDH+ERM/H:2/RES,RURAL,1385.0,74790000.0,13197847.0,14948.0,249300.0,87987847.0,99356.0,2770.0,180.0,300.0
KGZ,Kyrgyzstan,RES,MR|MCF,MCF/LWAL/CDH+ERM/H:2/RES,URBAN,53.0,2800885.0,494282.0,603.0,8003.0,3295169.0,3189.0,124.0,151.0,350.0
KGZ,Kyrgyzstan,COM,MR|MCF,MCF/LWAL/CDH+ERM/H:3/COM:1,TOTAL,5.0,945000.0,236250.0,0.0,2700.0,1181250.0,1593.0,0.0,540.0,350.0
KGZ,Kyrgyzstan,COM,MR|MCF,MCF/LWAL/CDH+ERM/H:3/COM:2,TOTAL,4.0,1260000.0,315000.0,0.0,3600.0,1575000.0,2124.0,0.0,900.0,350.0
KGZ,Kyrgyzstan,COM,MR|MCF,MCF/LWAL/CDH+ERM/H:3/COM:3,TOTAL,7.0,3192000.0,798000.0,0.0,9120.0,3990000.0,5381.0,0.0,1303.0,350.0
KGZ,Kyrgyzstan,COM,MR|MCF,MCF/LWAL/CDH+ERM/H:3/COM:3A,TOTAL,1.0,504000.0,126000.0,0.0,1440.0,630000.0,850.0,0.0,1440.0,350.0
KGZ,Kyrgyzstan,COM,MR|MCF,MCF/LWAL/CDH+ERM/H:3/COM:3B,TOTAL,10.0,2835000.0,708750.0,0.0,8100.0,3543750.0,4779.0,0.0,810.0,350.0
KGZ,Kyrgyzstan,RES,MR|MCF,MCF/LWAL/CDH+ERM/H:3/RES,URBAN,11.0,2539490.0,448146.0,638.0,7256.0,2987636.0,2893.0,132.0,660.0,350.0
KGZ,Kyrgyzstan,RES,MR|MCF,MCF/LWAL/CDH+ERM/H:3/RES,RURAL,586.0,39557276.0,6980738.0,9498.0,131858.0,46537992.0,52582.0,1758.0,225.0,300.0
KGZ,Kyrgyzstan,RES,MR|MCF,MCF/LWAL/CDH+ERM/H:4/RES,URBAN,2.0,558724.0,98598.0,162.0,1596.0,657322.0,637.0,32.0,798.0,350.0
KGZ,Kyrgyzstan,RES,MR|MCF,MCF/LWAL/CDH+ERM/H:4/RES,RURAL,46.0,7733017.0,1364667.0,2032.0,25777.0,9097684.0,10285.0,368.0,560.0,300.0
KGZ,Kyrgyzstan,IND,MR|MCF,MCF/LWAL/CDH+ERM/H:>2/IND:2,TOTAL,10.0,525000.0,175000.0,0.0,1500.0,700000.0,885.0,0.0,150.0,350.0
KGZ,Kyrgyzstan,COM,MR|MCF,MCF/LWAL/CDL+ERL/H:1/COM:1,TOTAL,646.0,34935250.0,8733800.0,0.0,99815.0,43669050.0,58820.0,0.0,155.0,350.0
KGZ,Kyrgyzstan,COM,MR|MCF,MCF/LWAL/CDL+ERL/H:1/COM:2,TOTAL,1875.0,131859000.0,32964750.0,0.0,376740.0,164823750.0,222007.0,0.0,201.0,350.0
KGZ,Kyrgyzstan,COM,MR|MCF,MCF/LWAL/CDL+ERL/H:1/COM:3,TOTAL,905.0,81137000.0,20284250.0,0.0,231820.0,101421250.0,136609.0,0.0,256.0,350.0
KGZ,Kyrgyzstan,COM,MR|MCF,MCF/LWAL/CDL+ERL/H:1/COM:3A,TOTAL,58.0,2336250.0,584061.0,0.0,6675.0,2920311.0,3934.0,0.0,115.0,350.0
KGZ,Kyrgyzstan,COM,MR|MCF,MCF/LWAL/CDL+ERL/H:1/COM:3B,TOTAL,829.0,45176250.0,11294061.0,0.0,129075.0,56470311.0,76062.0,0.0,156.0,350.0
KGZ,Kyrgyzstan,COM,MR|MCF,MCF/LWAL/CDL+ERL/H:1/COM:3C,TOTAL,146.0,8008000.0,2002000.0,0.0,22880.0,10010000.0,13483.0,0.0,157.0,350.0
KGZ,Kyrgyzstan,COM,MR|MCF,MCF/LWAL/CDL+ERL/H:1/COM:5,TOTAL,154.0,6819750.0,1704956.0,0.0,19485.0,8524706.0,11483.0,0.0,127.0,350.0
KGZ,Kyrgyzstan,COM,MR|MCF,MCF/LWAL/CDL+ERL/H:1/COM:5A,TOTAL,167.0,4394250.0,1098576.0,0.0,12555.0,5492826.0,7399.0,0.0,75.0,350.0
KGZ,Kyrgyzstan,IND,MR|MCF,MCF/LWAL/CDL+ERL/H:1/IND:1,TOTAL,5.0,3850000.0,1283333.0,0.0,11000.0,5133333.0,6482.0,0.0,2200.0,350.0
KGZ,Kyrgyzstan,IND,MR|MCF,MCF/LWAL/CDL+ERL/H:1/IND:2,TOTAL,808.0,14175000.0,4724999.0,0.0,40500.0,18899999.0,23867.0,0.0,50.0,350.0
KGZ,Kyrgyzstan,IND,MR|MCF,MCF/LWAL/CDL+ERL/H:1/IND:4,TOTAL,57.0,2835000.0,945000.0,0.0,8100.0,3780000.0,4774.0,0.0,142.0,350.0
KGZ,Kyrgyzstan,IND,MR|MCF,MCF/LWAL/CDL+ERL/H:1/IND:6,TOTAL,621.0,13041000.0,4347000.0,0.0,37260.0,17388000.0,21958.0,0.0,60.0,350.0
KGZ,Kyrgyzstan,RES,MR|MCF,MCF/LWAL/CDL+ERL/H:1/RES,URBAN,5760.0,201600000.0,35576237.0,28272.0,576000.0,237176237.0,229419.0,5760.0,100.0,350.0
KGZ,Kyrgyzstan,RES,MR|MCF,MCF/LWAL/CDL+ERL/H:1/RES,RURAL,56058.0,2018088000.0,356136048.0,292027.0,6726960.0,2374224048.0,2679358.0,56058.0,120.0,300.0
KGZ,Kyrgyzstan,COM,MR|MCF,MCF/LWAL/CDL+ERL/H:2/COM:1,TOTAL,373.0,46035500.0,11508875.0,0.0,131530.0,57544375.0,77559.0,0.0,353.0,350.0
KGZ,Kyrgyzstan,COM,MR|MCF,MCF/LWAL/CDL+ERL/H:2/COM:2,TOTAL,349.0,130158000.0,32539500.0,0.0,371880.0,162697500.0,219284.0,0.0,1066.0,350.0
KGZ,Kyrgyzstan,COM,MR|MCF,MCF/LWAL/CDL+ERL/H:2/COM:3,TOTAL,500.0,129640000.0,32410000.0,0.0,370400.0,162050000.0,218412.0,0.0,741.0,350.0
KGZ,Kyrgyzstan,COM,MR|MCF,MCF/LWAL/CDL+ERL/H:2/COM:3A,TOTAL,49.0,15130500.0,3782625.0,0.0,43230.0,18913125.0,25491.0,0.0,882.0,350.0
KGZ,Kyrgyzstan,COM,MR|MCF,MCF/LWAL/CDL+ERL/H:2/COM:3B,TOTAL,454.0,53613000.0,13403250.0,0.0,153180.0,67016250.0,90325.0,0.0,337.0,350.0
KGZ,Kyrgyzstan,COM,MR|MCF,MCF/LWAL/CDL+ERL/H:2/COM:3C,TOTAL,7.0,2464000.0,616000.0,0.0,7040.0,3080000.0,4151.0,0.0,1006.0,350.0
KGZ,Kyrgyzstan,COM,MR|MCF,MCF/LWAL/CDL+ERL/H:2/COM:5,TOTAL,19.0,7549500.0,1887375.0,0.0,21570.0,9436875.0,12719.0,0.0,1135.0,350.0
KGZ,Kyrgyzstan,COM,MR|MCF,MCF/LWAL/CDL+ERL/H:2/COM:5A,TOTAL,15.0,2471000.0,617750.0,0.0,7060.0,3088750.0,4163.0,0.0,471.0,350.0
KGZ,Kyrgyzstan,IND,MR|MCF,MCF/LWAL/CDL+ERL/H:2/IND:1,TOTAL,2.0,2800000.0,933334.0,0.0,8000.0,3733334.0,4718.0,0.0,4000.0,350.0
KGZ,Kyrgyzstan,IND,MR|MCF,MCF/LWAL/CDL+ERL/H:2/IND:2,TOTAL,271.0,9485000.0,3161669.0,0.0,27100.0,12646669.0,15983.0,0.0,100.0,350.0
KGZ,Kyrgyzstan,RES,MR|MCF,MCF/LWAL/CDL+ERL/H:2/RES,URBAN,2155.0,113573960.0,20042617.0,24897.0,324497.0,133616508.0,129324.0,5068.0,151.0,350.0
KGZ,Kyrgyzstan,RES,MR|MCF,MCF/LWAL/CDL+ERL/H:2/RES,RURAL,24173.0,1305342000.0,230350181.0,252227.0,4351140.0,1535692181.0,1734095.0,48346.0,180.0,300.0
KGZ,Kyrgyzstan,COM,MR|MCF,MCF/LWAL/CDL+ERL/H:3/COM:1,TOTAL,357.0,100702000.0,25175500.0,0.0,287720.0,125877500.0,169767.0,0.0,806.0,350.0
KGZ,Kyrgyzstan,COM,MR|MCF,MCF/LWAL/CDL+ERL/H:3/COM:2,TOTAL,313.0,176533000.0,44133250.0,0.0,504380.0,220666250.0,297605.0,0.0,1611.0,350.0
KGZ,Kyrgyzstan,COM,MR|MCF,MCF/LWAL/CDL+ERL/H:3/COM:3,TOTAL,829.0,400372000.0,100093000.0,0.0,1143920.0,500465000.0,674961.0,0.0,1380.0,350.0
KGZ,Kyrgyzstan,COM,MR|MCF,MCF/LWAL/CDL+ERL/H:3/COM:3A,TOTAL,125.0,59101000.0,14775250.0,0.0,168860.0,73876250.0,99635.0,0.0,1351.0,350.0
KGZ,Kyrgyzstan,COM,MR|MCF,MCF/LWAL/CDL+ERL/H:3/COM:3B,TOTAL,494.0,138537000.0,34634250.0,0.0,395820.0,173171250.0,233551.0,0.0,801.0,350.0
KGZ,Kyrgyzstan,COM,MR|MCF,MCF/LWAL/CDL+ERL/H:3/COM:3C,TOTAL,13.0,7350000.0,1837500.0,0.0,21000.0,9187500.0,12391.0,0.0,1615.0,350.0
KGZ,Kyrgyzstan,COM,MR|MCF,MCF/LWAL/CDL+ERL/H:3/COM:5,TOTAL,18.0,6363000.0,1590750.0,0.0,18180.0,7953750.0,10727.0,0.0,1010.0,350.0
KGZ,Kyrgyzstan,COM,MR|MCF,MCF/LWAL/CDL+ERL/H:3/COM:5A,TOTAL,29.0,7056000.0,1764000.0,0.0,20160.0,8820000.0,11895.0,0.0,695.0,350.0
KGZ,Kyrgyzstan,RES,MR|MCF,MCF/LWAL/CDL+ERL/H:3/RES,URBAN,721.0,166455264.0,29374434.0,42064.0,475587.0,195829786.0,189649.0,8647.0,660.0,350.0
KGZ,Kyrgyzstan,RES,MR|MCF,MCF/LWAL/CDL+ERL/H:3/RES,RURAL,10381.0,700757280.0,123664069.0,161444.0,2335858.0,824420843.0,931482.0,31145.0,225.0,300.0
KGZ,Kyrgyzstan,RES,MR|MCF,MCF/LWAL/CDL+ERL/H:4/RES,URBAN,232.0,64536662.0,11388778.0,18239.0,184391.0,75925532.0,73573.0,3688.0,795.0,350.0
KGZ,Kyrgyzstan,RES,MR|MCF,MCF/LWAL/CDL+ERL/H:4/RES,RURAL,800.0,134419959.0,23721441.0,33813.0,448067.0,158141342.0,178783.0,6401.0,560.0,300.0
KGZ,Kyrgyzstan,IND,MR|MCF,MCF/LWAL/CDL+ERL/H:>2/IND:2,TOTAL,413.0,21787500.0,7262500.0,0.0,62250.0,29050000.0,36740.0,0.0,151.0,350.0
KGZ,Kyrgyzstan,COM,MR|MCF,MCF/LWAL/CDN+ERL/H:1/COM:1,TOTAL,366.0,20042750.0,5010682.0,0.0,57265.0,25053432.0,33745.0,0.0,156.0,350.0
KGZ,Kyrgyzstan,COM,MR|MCF,MCF/LWAL/CDN+ERL/H:1/COM:2,TOTAL,1020.0,73920000.0,18480000.0,0.0,211200.0,92400000.0,124456.0,0.0,207.0,350.0
KGZ,Kyrgyzstan,COM,MR|MCF,MCF/LWAL/CDN+ERL/H:1/COM:3,TOTAL,490.0,47047000.0,11761750.0,0.0,134420.0,58808750.0,79212.0,0.0,274.0,350.0
KGZ,Kyrgyzstan,COM,MR|MCF,MCF/LWAL/CDN+ERL/H:1/COM:3A,TOTAL,35.0,2191000.0,547749.0,0.0,6260.0,2738749.0,3689.0,0.0,179.0,350.0
KGZ,Kyrgyzstan,COM,MR|MCF,MCF/LWAL/CDN+ERL/H:1/COM:3B,TOTAL,456.0,25235000.0,6308751.0,0.0,72100.0,31543751.0,42487.0,0.0,158.0,350.0
KGZ,Kyrgyzstan,COM,MR|MCF,MCF/LWAL/CDN+ERL/H:1/COM:3C,TOTAL,52.0,2989000.0,747250.0,0.0,8540.0,3736250.0,5033.0,0.0,164.0,350.0
KGZ,Kyrgyzstan,COM,MR|MCF,MCF/LWAL/CDN+ERL/H:1/COM:5,TOTAL,84.0,3066000.0,766505.0,0.0,8760.0,3832505.0,5162.0,0.0,104.0,350.0
KGZ,Kyrgyzstan,COM,MR|MCF,MCF/LWAL/CDN+ERL/H:1/COM:5A,TOTAL,81.0,2430750.0,607692.0,0.0,6945.0,3038442.0,4093.0,0.0,86.0,350.0
KGZ,Kyrgyzstan,IND,MR|MCF,MCF/LWAL/CDN+ERL/H:1/IND:2,TOTAL,432.0,7560000.0,2520001.0,0.0,21600.0,10080001.0,12729.0,0.0,50.0,350.0
KGZ,Kyrgyzstan,IND,MR|MCF,MCF/LWAL/CDN+ERL/H:1/IND:4,TOTAL,31.0,1827000.0,609000.0,0.0,5220.0,2436000.0,3076.0,0.0,168.0,350.0
KGZ,Kyrgyzstan,IND,MR|MCF,MCF/LWAL/CDN+ERL/H:1/IND:6,TOTAL,308.0,6468000.0,2156000.0,0.0,18480.0,8624000.0,10891.0,0.0,60.0,350.0
KGZ,Kyrgyzstan,RES,MR|MCF,MCF/LWAL/CDN+ERL/H:1/RES,URBAN,694.0,24290000.0,4286395.0,3352.0,69400.0,28576395.0,27642.0,694.0,100.0,350.0
KGZ,Kyrgyzstan,RES,MR|MCF,MCF/LWAL/CDN+ERL/H:1/RES,RURAL,2483.0,89388000.0,15774499.0,13158.0,297960.0,105162499.0,118680.0,2483.0,120.0,300.0
KGZ,Kyrgyzstan,COM,MR|MCF,MCF/LWAL/CDN+ERL/H:2/COM:1,TOTAL,194.0,22799000.0,5699750.0,0.0,65140.0,28498750.0,38411.0,0.0,336.0,350.0
KGZ,Kyrgyzstan,COM,MR|MCF,MCF/LWAL/CDN+ERL/H:2/COM:2,TOTAL,196.0,75684000.0,18921000.0,0.0,216240.0,94605000.0,127509.0,0.0,1103.0,350.0
KGZ,Kyrgyzstan,COM,MR|MCF,MCF/LWAL/CDN+ERL/H:2/COM:3,TOTAL,271.0,71680000.0,17920000.0,0.0,204800.0,89600000.0,120763.0,0.0,756.0,350.0
KGZ,Kyrgyzstan,COM,MR|MCF,MCF/LWAL/CDN+ERL/H:2/COM:3A,TOTAL,23.0,7238000.0,1809500.0,0.0,20680.0,9047500.0,12194.0,0.0,899.0,350.0
KGZ,Kyrgyzstan,COM,MR|MCF,MCF/LWAL/CDN+ERL/H:2/COM:3B,TOTAL,226.0,25770500.0,6442625.0,0.0,73630.0,32213125.0,43417.0,0.0,326.0,350.0
KGZ,Kyrgyzstan,COM,MR|MCF,MCF/LWAL/CDN+ERL/H:2/COM:3C,TOTAL,7.0,1960000.0,490000.0,0.0,5600.0,2450000.0,3302.0,0.0,800.0,350.0
KGZ,Kyrgyzstan,COM,MR|MCF,MCF/LWAL/CDN+ERL/H:2/COM:5,TOTAL,6.0,2520000.0,630000.0,0.0,7200.0,3150000.0,4246.0,0.0,1200.0,350.0
KGZ,Kyrgyzstan,COM,MR|MCF,MCF/LWAL/CDN+ERL/H:2/COM:5A,TOTAL,11.0,1869000.0,467250.0,0.0,5340.0,2336250.0,3149.0,0.0,485.0,350.0
KGZ,Kyrgyzstan,IND,MR|MCF,MCF/LWAL/CDN+ERL/H:2/IND:2,TOTAL,117.0,4410000.0,1470001.0,0.0,12600.0,5880001.0,7431.0,0.0,108.0,350.0
KGZ,Kyrgyzstan,RES,MR|MCF,MCF/LWAL/CDN+ERL/H:2/RES,URBAN,257.0,13527775.0,2387293.0,2966.0,38651.0,15915051.0,15404.0,607.0,150.0,350.0
KGZ,Kyrgyzstan,RES,MR|MCF,MCF/LWAL/CDN+ERL/H:2/RES,RURAL,1160.0,62640000.0,11053748.0,12515.0,208800.0,73693748.0,83215.0,2320.0,180.0,300.0
KGZ,Kyrgyzstan,COM,MR|MCF,MCF/LWAL/CDN+ERL/H:3/COM:1,TOTAL,205.0,62832000.0,15708000.0,0.0,179520.0,78540000.0,105924.0,0.0,876.0,350.0
KGZ,Kyrgyzstan,COM,MR|MCF,MCF/LWAL/CDN+ERL/H:3/COM:2,TOTAL,157.0,97741000.0,24435250.0,0.0,279260.0,122176250.0,164775.0,0.0,1779.0,350.0
KGZ,Kyrgyzstan,COM,MR|MCF,MCF/LWAL/CDN+ERL/H:3/COM:3,TOTAL,483.0,236418000.0,59104500.0,0.0,675480.0,295522500.0,398562.0,0.0,1399.0,350.0
KGZ,Kyrgyzstan,COM,MR|MCF,MCF/LWAL/CDN+ERL/H:3/COM:3A,TOTAL,61.0,28826000.0,7206500.0,0.0,82360.0,36032500.0,48596.0,0.0,1350.0,350.0
KGZ,Kyrgyzstan,COM,MR|MCF,MCF/LWAL/CDN+ERL/H:3/COM:3B,TOTAL,248.0,69965000.0,17491250.0,0.0,199900.0,87456250.0,117949.0,0.0,806.0,350.0
KGZ,Kyrgyzstan,COM,MR|MCF,MCF/LWAL/CDN+ERL/H:3/COM:3C,TOTAL,11.0,5796000.0,1449000.0,0.0,16560.0,7245000.0,9771.0,0.0,1505.0,350.0
KGZ,Kyrgyzstan,COM,MR|MCF,MCF/LWAL/CDN+ERL/H:3/COM:5,TOTAL,15.0,5047000.0,1261750.0,0.0,14420.0,6308750.0,8508.0,0.0,961.0,350.0
KGZ,Kyrgyzstan,COM,MR|MCF,MCF/LWAL/CDN+ERL/H:3/COM:5A,TOTAL,9.0,2331000.0,582750.0,0.0,6660.0,2913750.0,3930.0,0.0,740.0,350.0
KGZ,Kyrgyzstan,RES,MR|MCF,MCF/LWAL/CDN+ERL/H:3/RES,RURAL,559.0,37733139.0,6658852.0,8929.0,125777.0,44391978.0,50157.0,1677.0,225.0,300.0
KGZ,Kyrgyzstan,RES,MR|MCF,MCF/LWAL/CDN+ERL/H:3/RES,URBAN,118.0,27239487.0,4806959.0,6922.0,77827.0,32046458.0,31035.0,1415.0,660.0,350.0
KGZ,Kyrgyzstan,RES,MR|MCF,MCF/LWAL/CDN+ERL/H:4/RES,URBAN,48.0,13391725.0,2363234.0,3833.0,38262.0,15754981.0,15267.0,765.0,797.0,350.0
KGZ,Kyrgyzstan,RES,MR|MCF,MCF/LWAL/CDN+ERL/H:4/RES,RURAL,42.0,7050740.0,1244266.0,1822.0,23502.0,8295006.0,9378.0,336.0,560.0,300.0
KGZ,Kyrgyzstan,IND,MR|MCF,MCF/LWAL/CDN+ERL/H:>2/IND:2,TOTAL,197.0,10342500.0,3447500.0,0.0,29550.0,13790000.0,17440.0,0.0,150.0,350.0
KGZ,Kyrgyzstan,COM,MR|MCF,MR/LWAL/CDH+ERH/H:1/COM:1,TOTAL,6.0,220500.0,55125.0,0.0,630.0,275625.0,469.0,0.0,105.0,350.0
KGZ,Kyrgyzstan,COM,MR|MCF,MR/LWAL/CDH+ERH/H:1/COM:2,TOTAL,17.0,805000.0,201250.0,0.0,2300.0,1006250.0,1713.0,0.0,135.0,350.0
KGZ,Kyrgyzstan,COM,MR|MCF,MR/LWAL/CDH+ERH/H:1/COM:3,TOTAL,2.0,84000.0,21000.0,0.0,240.0,105000.0,179.0,0.0,120.0,350.0
KGZ,Kyrgyzstan,COM,MR|MCF,MR/LWAL/CDH+ERH/H:1/COM:3A,TOTAL,1.0,42000.0,10500.0,0.0,120.0,52500.0,89.0,0.0,120.0,350.0
KGZ,Kyrgyzstan,COM,MR|MCF,MR/LWAL/CDH+ERH/H:1/COM:3B,TOTAL,5.0,204750.0,51187.0,0.0,585.0,255937.0,436.0,0.0,117.0,350.0
KGZ,Kyrgyzstan,COM,MR|MCF,MR/LWAL/CDH+ERH/H:1/COM:3C,TOTAL,1.0,35000.0,8750.0,0.0,100.0,43750.0,74.0,0.0,100.0,350.0
KGZ,Kyrgyzstan,COM,MR|MCF,MR/LWAL/CDH+ERH/H:1/COM:5,TOTAL,2.0,57750.0,14438.0,0.0,165.0,72188.0,123.0,0.0,82.0,350.0
KGZ,Kyrgyzstan,IND,MR|MCF,MR/LWAL/CDH+ERH/H:1/IND:2,TOTAL,6.0,140000.0,46666.0,0.0,400.0,186666.0,278.0,0.0,67.0,350.0
KGZ,Kyrgyzstan,IND,MR|MCF,MR/LWAL/CDH+ERH/H:1/IND:6,TOTAL,6.0,126000.0,42000.0,0.0,360.0,168000.0,250.0,0.0,60.0,350.0
KGZ,Kyrgyzstan,RES,MR|MCF,MR/LWAL/CDH+ERH/H:1/RES,RURAL,620.0,22320000.0,3938860.0,3239.0,74400.0,26258860.0,41497.0,620.0,120.0,300.0
KGZ,Kyrgyzstan,RES,MR|MCF,MR/LWAL/CDH+ERH/H:1/RES,URBAN,31.0,1085000.0,191461.0,160.0,3100.0,1276461.0,1729.0,31.0,100.0,350.0
KGZ,Kyrgyzstan,COM,MR|MCF,MR/LWAL/CDH+ERH/H:2/COM:3B,TOTAL,3.0,220500.0,55125.0,0.0,630.0,275625.0,470.0,0.0,210.0,350.0
KGZ,Kyrgyzstan,IND,MR|MCF,MR/LWAL/CDH+ERH/H:2/IND:2,TOTAL,2.0,70000.0,23334.0,0.0,200.0,93334.0,139.0,0.0,100.0,350.0
KGZ,Kyrgyzstan,RES,MR|MCF,MR/LWAL/CDH+ERH/H:2/RES,URBAN,13.0,681938.0,120340.0,161.0,1948.0,802278.0,1087.0,31.0,150.0,350.0
KGZ,Kyrgyzstan,RES,MR|MCF,MR/LWAL/CDH+ERH/H:2/RES,RURAL,190.0,10261551.0,1810797.0,1970.0,34205.0,12072348.0,19087.0,380.0,180.0,300.0
KGZ,Kyrgyzstan,RES,MR|MCF,MR/LWAL/CDH+ERH/H:3/RES,RURAL,54.0,3644327.0,643105.0,843.0,12148.0,4287432.0,6782.0,162.0,225.0,300.0
KGZ,Kyrgyzstan,RES,MR|MCF,MR/LWAL/CDH+ERH/H:4/RES,RURAL,5.0,839477.0,148143.0,208.0,2798.0,987620.0,1563.0,40.0,560.0,300.0
KGZ,Kyrgyzstan,IND,MR|MCF,MR/LWAL/CDH+ERH/H:>2/IND:2,TOTAL,1.0,52500.0,17500.0,0.0,150.0,70000.0,104.0,0.0,150.0,350.0
KGZ,Kyrgyzstan,COM,MR|MCF,MR/LWAL/CDH+ERL/H:1/COM:2,TOTAL,3.0,175000.0,43750.0,0.0,500.0,218750.0,372.0,0.0,167.0,350.0
KGZ,Kyrgyzstan,COM,MR|MCF,MR/LWAL/CDH+ERL/H:1/COM:3,TOTAL,2.0,84000.0,21000.0,0.0,240.0,105000.0,179.0,0.0,120.0,350.0
KGZ,Kyrgyzstan,COM,MR|MCF,MR/LWAL/CDH+ERL/H:1/COM:3B,TOTAL,2.0,73500.0,18375.0,0.0,210.0,91875.0,156.0,0.0,105.0,350.0
KGZ,Kyrgyzstan,IND,MR|MCF,MR/LWAL/CDH+ERL/H:1/IND:6,TOTAL,2.0,42000.0,14000.0,0.0,120.0,56000.0,83.0,0.0,60.0,350.0
KGZ,Kyrgyzstan,RES,MR|MCF,MR/LWAL/CDH+ERL/H:1/RES,RURAL,148.0,5328000.0,940244.0,707.0,17760.0,6268244.0,9906.0,148.0,120.0,300.0
KGZ,Kyrgyzstan,RES,MR|MCF,MR/LWAL/CDH+ERL/H:1/RES,URBAN,3.0,105000.0,18528.0,15.0,300.0,123528.0,167.0,3.0,100.0,350.0
KGZ,Kyrgyzstan,COM,MR|MCF,MR/LWAL/CDH+ERL/H:2/COM:3,TOTAL,3.0,812000.0,203000.0,0.0,2320.0,1015000.0,1729.0,0.0,773.0,350.0
KGZ,Kyrgyzstan,RES,MR|MCF,MR/LWAL/CDH+ERL/H:2/RES,RURAL,99.0,5346000.0,943375.0,944.0,17820.0,6289375.0,9944.0,198.0,180.0,300.0
KGZ,Kyrgyzstan,RES,MR|MCF,MR/LWAL/CDH+ERL/H:2/RES,URBAN,2.0,105094.0,18546.0,23.0,300.0,123640.0,168.0,5.0,150.0,350.0
KGZ,Kyrgyzstan,COM,MR|MCF,MR/LWAL/CDH+ERL/H:3/COM:1,TOTAL,3.0,1197000.0,299250.0,0.0,3420.0,1496250.0,2550.0,0.0,1140.0,350.0
KGZ,Kyrgyzstan,COM,MR|MCF,MR/LWAL/CDH+ERL/H:3/COM:2,TOTAL,3.0,1953000.0,488250.0,0.0,5580.0,2441250.0,4161.0,0.0,1860.0,350.0
KGZ,Kyrgyzstan,COM,MR|MCF,MR/LWAL/CDH+ERL/H:3/COM:3,TOTAL,9.0,4368000.0,1092000.0,0.0,12480.0,5460000.0,9306.0,0.0,1387.0,350.0
KGZ,Kyrgyzstan,COM,MR|MCF,MR/LWAL/CDH+ERL/H:3/COM:3B,TOTAL,3.0,882000.0,220500.0,0.0,2520.0,1102500.0,1879.0,0.0,840.0,350.0
KGZ,Kyrgyzstan,RES,MR|MCF,MR/LWAL/CDH+ERL/H:3/RES,RURAL,56.0,3779496.0,666955.0,800.0,12598.0,4446451.0,7033.0,168.0,225.0,300.0
KGZ,Kyrgyzstan,RES,MR|MCF,MR/LWAL/CDH+ERL/H:3/RES,URBAN,2.0,462554.0,81628.0,117.0,1322.0,544182.0,738.0,24.0,661.0,350.0
KGZ,Kyrgyzstan,RES,MR|MCF,MR/LWAL/CDH+ERL/H:4/RES,RURAL,6.0,1006302.0,177582.0,228.0,3354.0,1183887.0,1873.0,48.0,559.0,300.0
KGZ,Kyrgyzstan,RES,MR|MCF,MR/LWAL/CDH+ERL/H:4/RES,URBAN,1.0,279134.0,49259.0,78.0,798.0,328393.0,445.0,16.0,798.0,350.0
KGZ,Kyrgyzstan,IND,MR|MCF,MR/LWAL/CDH+ERL/H:>2/IND:2,TOTAL,4.0,210000.0,70000.0,0.0,600.0,280000.0,417.0,0.0,150.0,350.0
KGZ,Kyrgyzstan,COM,MR|MCF,MR/LWAL/CDH+ERM/H:1/COM:1,TOTAL,6.0,252000.0,62998.0,0.0,720.0,314998.0,536.0,0.0,120.0,350.0
KGZ,Kyrgyzstan,COM,MR|MCF,MR/LWAL/CDH+ERM/H:1/COM:2,TOTAL,31.0,1582000.0,395500.0,0.0,4520.0,1977500.0,3367.0,0.0,146.0,350.0
KGZ,Kyrgyzstan,COM,MR|MCF,MR/LWAL/CDH+ERM/H:1/COM:3,TOTAL,7.0,616000.0,154000.0,0.0,1760.0,770000.0,1311.0,0.0,251.0,350.0
KGZ,Kyrgyzstan,COM,MR|MCF,MR/LWAL/CDH+ERM/H:1/COM:3A,TOTAL,1.0,42000.0,10500.0,0.0,120.0,52500.0,89.0,0.0,120.0,350.0
KGZ,Kyrgyzstan,COM,MR|MCF,MR/LWAL/CDH+ERM/H:1/COM:3B,TOTAL,12.0,614250.0,153561.0,0.0,1755.0,767811.0,1307.0,0.0,146.0,350.0
KGZ,Kyrgyzstan,COM,MR|MCF,MR/LWAL/CDH+ERM/H:1/COM:5,TOTAL,2.0,84000.0,21000.0,0.0,240.0,105000.0,179.0,0.0,120.0,350.0
KGZ,Kyrgyzstan,COM,MR|MCF,MR/LWAL/CDH+ERM/H:1/COM:5A,TOTAL,2.0,47250.0,11813.0,0.0,135.0,59063.0,101.0,0.0,68.0,350.0
KGZ,Kyrgyzstan,IND,MR|MCF,MR/LWAL/CDH+ERM/H:1/IND:2,TOTAL,9.0,157500.0,52498.0,0.0,450.0,209998.0,313.0,0.0,50.0,350.0
KGZ,Kyrgyzstan,IND,MR|MCF,MR/LWAL/CDH+ERM/H:1/IND:6,TOTAL,19.0,493500.0,164500.0,0.0,1410.0,658000.0,980.0,0.0,74.0,350.0
KGZ,Kyrgyzstan,RES,MR|MCF,MR/LWAL/CDH+ERM/H:1/RES,URBAN,34.0,1190000.0,209989.0,165.0,3400.0,1399989.0,1896.0,34.0,100.0,350.0
KGZ,Kyrgyzstan,RES,MR|MCF,MR/LWAL/CDH+ERM/H:1/RES,RURAL,907.0,32652000.0,5762171.0,4953.0,108840.0,38414171.0,60707.0,907.0,120.0,300.0
KGZ,Kyrgyzstan,COM,MR|MCF,MR/LWAL/CDH+ERM/H:2/COM:2,TOTAL,3.0,1974000.0,493500.0,0.0,5640.0,2467500.0,4204.0,0.0,1880.0,350.0
KGZ,Kyrgyzstan,COM,MR|MCF,MR/LWAL/CDH+ERM/H:2/COM:3,TOTAL,1.0,140000.0,35000.0,0.0,400.0,175000.0,298.0,0.0,400.0,350.0
KGZ,Kyrgyzstan,COM,MR|MCF,MR/LWAL/CDH+ERM/H:2/COM:3B,TOTAL,6.0,714000.0,178500.0,0.0,2040.0,892500.0,1520.0,0.0,340.0,350.0
KGZ,Kyrgyzstan,IND,MR|MCF,MR/LWAL/CDH+ERM/H:2/IND:2,TOTAL,4.0,140000.0,46668.0,0.0,400.0,186668.0,278.0,0.0,100.0,350.0
KGZ,Kyrgyzstan,RES,MR|MCF,MR/LWAL/CDH+ERM/H:2/RES,URBAN,12.0,630225.0,111215.0,136.0,1801.0,741440.0,1005.0,29.0,150.0,350.0
KGZ,Kyrgyzstan,RES,MR|MCF,MR/LWAL/CDH+ERM/H:2/RES,RURAL,362.0,19548285.0,3449590.0,3940.0,65161.0,22997889.0,36361.0,724.0,180.0,300.0
KGZ,Kyrgyzstan,COM,MR|MCF,MR/LWAL/CDH+ERM/H:3/COM:1,TOTAL,5.0,1575000.0,393750.0,0.0,4500.0,1968750.0,3356.0,0.0,900.0,350.0
KGZ,Kyrgyzstan,COM,MR|MCF,MR/LWAL/CDH+ERM/H:3/COM:2,TOTAL,2.0,630000.0,157500.0,0.0,1800.0,787500.0,1342.0,0.0,900.0,350.0
KGZ,Kyrgyzstan,COM,MR|MCF,MR/LWAL/CDH+ERM/H:3/COM:3,TOTAL,4.0,1848000.0,462000.0,0.0,5280.0,2310000.0,3937.0,0.0,1320.0,350.0
KGZ,Kyrgyzstan,COM,MR|MCF,MR/LWAL/CDH+ERM/H:3/COM:3B,TOTAL,2.0,378000.0,94500.0,0.0,1080.0,472500.0,805.0,0.0,540.0,350.0
KGZ,Kyrgyzstan,RES,MR|MCF,MR/LWAL/CDH+ERM/H:3/RES,URBAN,1.0,231306.0,40819.0,58.0,661.0,272125.0,369.0,12.0,661.0,350.0
KGZ,Kyrgyzstan,RES,MR|MCF,MR/LWAL/CDH+ERM/H:3/RES,RURAL,131.0,8843263.0,1560557.0,2168.0,29477.0,10403820.0,16456.0,393.0,225.0,300.0
KGZ,Kyrgyzstan,RES,MR|MCF,MR/LWAL/CDH+ERM/H:4/RES,RURAL,9.0,1515550.0,267447.0,410.0,5052.0,1782998.0,2822.0,72.0,561.0,300.0
KGZ,Kyrgyzstan,IND,MR|MCF,MR/LWAL/CDH+ERM/H:>2/IND:2,TOTAL,8.0,420000.0,140000.0,0.0,1200.0,560000.0,835.0,0.0,150.0,350.0
KGZ,Kyrgyzstan,COM,MR|MCF,MR/LWAL/CDL+ERL/H:1/COM:1,TOTAL,410.0,21817250.0,5454301.0,0.0,62335.0,27271551.0,46437.0,0.0,152.0,350.0
KGZ,Kyrgyzstan,COM,MR|MCF,MR/LWAL/CDL+ERL/H:1/COM:2,TOTAL,1202.0,81858000.0,20464500.0,0.0,233880.0,102322500.0,174231.0,0.0,195.0,350.0
KGZ,Kyrgyzstan,COM,MR|MCF,MR/LWAL/CDL+ERL/H:1/COM:3,TOTAL,516.0,44415000.0,11103750.0,0.0,126900.0,55518750.0,94536.0,0.0,246.0,350.0
KGZ,Kyrgyzstan,COM,MR|MCF,MR/LWAL/CDL+ERL/H:1/COM:3A,TOTAL,33.0,1354500.0,338625.0,0.0,3870.0,1693125.0,2883.0,0.0,117.0,350.0
KGZ,Kyrgyzstan,COM,MR|MCF,MR/LWAL/CDL+ERL/H:1/COM:3B,TOTAL,495.0,26759250.0,6689806.0,0.0,76455.0,33449056.0,56956.0,0.0,154.0,350.0
KGZ,Kyrgyzstan,COM,MR|MCF,MR/LWAL/CDL+ERL/H:1/COM:3C,TOTAL,88.0,4298000.0,1074500.0,0.0,12280.0,5372500.0,9148.0,0.0,140.0,350.0
KGZ,Kyrgyzstan,COM,MR|MCF,MR/LWAL/CDL+ERL/H:1/COM:5,TOTAL,98.0,3722250.0,930577.0,0.0,10635.0,4652827.0,7923.0,0.0,109.0,350.0
KGZ,Kyrgyzstan,COM,MR|MCF,MR/LWAL/CDL+ERL/H:1/COM:5A,TOTAL,113.0,2724750.0,681213.0,0.0,7785.0,3405963.0,5800.0,0.0,69.0,350.0
KGZ,Kyrgyzstan,IND,MR|MCF,MR/LWAL/CDL+ERL/H:1/IND:1,TOTAL,3.0,2100000.0,700000.0,0.0,6000.0,2800000.0,4168.0,0.0,2000.0,350.0
KGZ,Kyrgyzstan,IND,MR|MCF,MR/LWAL/CDL+ERL/H:1/IND:2,TOTAL,505.0,8837500.0,2945835.0,0.0,25250.0,11783335.0,17541.0,0.0,50.0,350.0
KGZ,Kyrgyzstan,IND,MR|MCF,MR/LWAL/CDL+ERL/H:1/IND:4,TOTAL,52.0,3654000.0,1218000.0,0.0,10440.0,4872000.0,7252.0,0.0,201.0,350.0
KGZ,Kyrgyzstan,IND,MR|MCF,MR/LWAL/CDL+ERL/H:1/IND:6,TOTAL,578.0,12138000.0,4046000.0,0.0,34680.0,16184000.0,24091.0,0.0,60.0,350.0
KGZ,Kyrgyzstan,RES,MR|MCF,MR/LWAL/CDL+ERL/H:1/RES,RURAL,32192.0,1158912000.0,204515692.0,166387.0,3863040.0,1363427692.0,2154629.0,32192.0,120.0,300.0
KGZ,Kyrgyzstan,RES,MR|MCF,MR/LWAL/CDL+ERL/H:1/RES,URBAN,3644.0,127540000.0,22506793.0,17824.0,364400.0,150046793.0,203244.0,3644.0,100.0,350.0
KGZ,Kyrgyzstan,COM,MR|MCF,MR/LWAL/CDL+ERL/H:2/COM:1,TOTAL,208.0,23737000.0,5934250.0,0.0,67820.0,29671250.0,50548.0,0.0,326.0,350.0
KGZ,Kyrgyzstan,COM,MR|MCF,MR/LWAL/CDL+ERL/H:2/COM:2,TOTAL,213.0,80759000.0,20189750.0,0.0,230740.0,100948750.0,171976.0,0.0,1083.0,350.0
KGZ,Kyrgyzstan,COM,MR|MCF,MR/LWAL/CDL+ERL/H:2/COM:3,TOTAL,309.0,83258000.0,20814500.0,0.0,237880.0,104072500.0,177298.0,0.0,770.0,350.0
KGZ,Kyrgyzstan,COM,MR|MCF,MR/LWAL/CDL+ERL/H:2/COM:3A,TOTAL,27.0,9030000.0,2257500.0,0.0,25800.0,11287500.0,19229.0,0.0,956.0,350.0
KGZ,Kyrgyzstan,COM,MR|MCF,MR/LWAL/CDL+ERL/H:2/COM:3B,TOTAL,278.0,30975000.0,7743750.0,0.0,88500.0,38718750.0,65961.0,0.0,318.0,350.0
KGZ,Kyrgyzstan,COM,MR|MCF,MR/LWAL/CDL+ERL/H:2/COM:3C,TOTAL,4.0,910000.0,227500.0,0.0,2600.0,1137500.0,1938.0,0.0,650.0,350.0
KGZ,Kyrgyzstan,COM,MR|MCF,MR/LWAL/CDL+ERL/H:2/COM:5,TOTAL,14.0,6510000.0,1627500.0,0.0,18600.0,8137500.0,13863.0,0.0,1329.0,350.0
KGZ,Kyrgyzstan,COM,MR|MCF,MR/LWAL/CDL+ERL/H:2/COM:5A,TOTAL,4.0,619500.0,154875.0,0.0,1770.0,774375.0,1319.0,0.0,442.0,350.0
KGZ,Kyrgyzstan,IND,MR|MCF,MR/LWAL/CDL+ERL/H:2/IND:2,TOTAL,154.0,5530000.0,1843336.0,0.0,15800.0,7373336.0,10982.0,0.0,103.0,350.0
KGZ,Kyrgyzstan,RES,MR|MCF,MR/LWAL/CDL+ERL/H:2/RES,RURAL,13963.0,754029485.0,133061013.0,144948.0,2513428.0,887090500.0,1402525.0,27927.0,180.0,300.0
KGZ,Kyrgyzstan,RES,MR|MCF,MR/LWAL/CDL+ERL/H:2/RES,URBAN,1397.0,73353666.0,12944756.0,16283.0,209582.0,86298470.0,116949.0,3324.0,150.0,350.0
KGZ,Kyrgyzstan,COM,MR|MCF,MR/LWAL/CDL+ERL/H:3/COM:1,TOTAL,234.0,65292500.0,16323125.0,0.0,186550.0,81615625.0,139109.0,0.0,797.0,350.0
KGZ,Kyrgyzstan,COM,MR|MCF,MR/LWAL/CDL+ERL/H:3/COM:2,TOTAL,184.0,107352000.0,26838000.0,0.0,306720.0,134190000.0,228718.0,0.0,1667.0,350.0
KGZ,Kyrgyzstan,COM,MR|MCF,MR/LWAL/CDL+ERL/H:3/COM:3,TOTAL,502.0,247870000.0,61967500.0,0.0,708200.0,309837500.0,528099.0,0.0,1411.0,350.0
KGZ,Kyrgyzstan,COM,MR|MCF,MR/LWAL/CDL+ERL/H:3/COM:3A,TOTAL,66.0,31920000.0,7980000.0,0.0,91200.0,39900000.0,68007.0,0.0,1382.0,350.0
KGZ,Kyrgyzstan,COM,MR|MCF,MR/LWAL/CDL+ERL/H:3/COM:3B,TOTAL,302.0,83328000.0,20832000.0,0.0,238080.0,104160000.0,177534.0,0.0,788.0,350.0
KGZ,Kyrgyzstan,COM,MR|MCF,MR/LWAL/CDL+ERL/H:3/COM:3C,TOTAL,10.0,4788000.0,1197000.0,0.0,13680.0,5985000.0,10201.0,0.0,1368.0,350.0
KGZ,Kyrgyzstan,COM,MR|MCF,MR/LWAL/CDL+ERL/H:3/COM:5,TOTAL,12.0,3528000.0,882000.0,0.0,10080.0,4410000.0,7517.0,0.0,840.0,350.0
KGZ,Kyrgyzstan,COM,MR|MCF,MR/LWAL/CDL+ERL/H:3/COM:5A,TOTAL,13.0,3087000.0,771750.0,0.0,8820.0,3858750.0,6577.0,0.0,678.0,350.0
KGZ,Kyrgyzstan,RES,MR|MCF,MR/LWAL/CDL+ERL/H:3/RES,RURAL,5884.0,397171092.0,70088405.0,91117.0,1323901.0,467259233.0,739097.0,17652.0,225.0,300.0
KGZ,Kyrgyzstan,RES,MR|MCF,MR/LWAL/CDL+ERL/H:3/RES,URBAN,431.0,99608375.0,17577994.0,25133.0,284595.0,117186359.0,158880.0,5174.0,660.0,350.0
KGZ,Kyrgyzstan,RES,MR|MCF,MR/LWAL/CDL+ERL/H:4/RES,URBAN,133.0,37187324.0,6562476.0,10496.0,106249.0,43749804.0,59343.0,2125.0,799.0,350.0
KGZ,Kyrgyzstan,RES,MR|MCF,MR/LWAL/CDL+ERL/H:4/RES,RURAL,460.0,77204662.0,13624270.0,19417.0,257349.0,90829192.0,143737.0,3676.0,559.0,300.0
KGZ,Kyrgyzstan,IND,MR|MCF,MR/LWAL/CDL+ERL/H:>2/IND:2,TOTAL,275.0,14752500.0,4917500.0,0.0,42150.0,19670000.0,29312.0,0.0,153.0,350.0
KGZ,Kyrgyzstan,COM,MR|MCF,MR/LWAL/CDN+ERL/H:1/COM:1,TOTAL,219.0,11644500.0,2911122.0,0.0,33270.0,14555622.0,24785.0,0.0,152.0,350.0
KGZ,Kyrgyzstan,COM,MR|MCF,MR/LWAL/CDN+ERL/H:1/COM:2,TOTAL,605.0,41993000.0,10498250.0,0.0,119980.0,52491250.0,89380.0,0.0,198.0,350.0
KGZ,Kyrgyzstan,COM,MR|MCF,MR/LWAL/CDN+ERL/H:1/COM:3,TOTAL,278.0,26572000.0,6643000.0,0.0,75920.0,33215000.0,56557.0,0.0,273.0,350.0
KGZ,Kyrgyzstan,COM,MR|MCF,MR/LWAL/CDN+ERL/H:1/COM:3A,TOTAL,24.0,1002750.0,250687.0,0.0,2865.0,1253437.0,2134.0,0.0,119.0,350.0
KGZ,Kyrgyzstan,COM,MR|MCF,MR/LWAL/CDN+ERL/H:1/COM:3B,TOTAL,270.0,14684250.0,3671061.0,0.0,41955.0,18355311.0,31255.0,0.0,155.0,350.0
KGZ,Kyrgyzstan,COM,MR|MCF,MR/LWAL/CDN+ERL/H:1/COM:3C,TOTAL,37.0,2205000.0,551250.0,0.0,6300.0,2756250.0,4693.0,0.0,170.0,350.0
KGZ,Kyrgyzstan,COM,MR|MCF,MR/LWAL/CDN+ERL/H:1/COM:5,TOTAL,50.0,1806000.0,451507.0,0.0,5160.0,2257507.0,3844.0,0.0,103.0,350.0
KGZ,Kyrgyzstan,COM,MR|MCF,MR/LWAL/CDN+ERL/H:1/COM:5A,TOTAL,50.0,1223250.0,305816.0,0.0,3495.0,1529066.0,2604.0,0.0,70.0,350.0
KGZ,Kyrgyzstan,IND,MR|MCF,MR/LWAL/CDN+ERL/H:1/IND:2,TOTAL,252.0,4410000.0,1469999.0,0.0,12600.0,5879999.0,8753.0,0.0,50.0,350.0
KGZ,Kyrgyzstan,IND,MR|MCF,MR/LWAL/CDN+ERL/H:1/IND:4,TOTAL,14.0,1260000.0,420000.0,0.0,3600.0,1680000.0,2501.0,0.0,257.0,350.0
KGZ,Kyrgyzstan,IND,MR|MCF,MR/LWAL/CDN+ERL/H:1/IND:6,TOTAL,249.0,5229000.0,1743000.0,0.0,14940.0,6972000.0,10379.0,0.0,60.0,350.0
KGZ,Kyrgyzstan,RES,MR|MCF,MR/LWAL/CDN+ERL/H:1/RES,RURAL,2549.0,91764000.0,16193797.0,13482.0,305880.0,107957797.0,170608.0,2549.0,120.0,300.0
KGZ,Kyrgyzstan,RES,MR|MCF,MR/LWAL/CDN+ERL/H:1/RES,URBAN,703.0,24605000.0,4342000.0,3400.0,70300.0,28947000.0,39210.0,703.0,100.0,350.0
KGZ,Kyrgyzstan,COM,MR|MCF,MR/LWAL/CDN+ERL/H:2/COM:1,TOTAL,106.0,12614000.0,3153500.0,0.0,36040.0,15767500.0,26862.0,0.0,340.0,350.0
KGZ,Kyrgyzstan,COM,MR|MCF,MR/LWAL/CDN+ERL/H:2/COM:2,TOTAL,117.0,44674000.0,11168500.0,0.0,127640.0,55842500.0,95133.0,0.0,1091.0,350.0
KGZ,Kyrgyzstan,COM,MR|MCF,MR/LWAL/CDN+ERL/H:2/COM:3,TOTAL,171.0,45808000.0,11452000.0,0.0,130880.0,57260000.0,97548.0,0.0,765.0,350.0
KGZ,Kyrgyzstan,COM,MR|MCF,MR/LWAL/CDN+ERL/H:2/COM:3A,TOTAL,13.0,4109000.0,1027250.0,0.0,11740.0,5136250.0,8750.0,0.0,903.0,350.0
KGZ,Kyrgyzstan,COM,MR|MCF,MR/LWAL/CDN+ERL/H:2/COM:3B,TOTAL,144.0,16751000.0,4187750.0,0.0,47860.0,20938750.0,35671.0,0.0,332.0,350.0
KGZ,Kyrgyzstan,COM,MR|MCF,MR/LWAL/CDN+ERL/H:2/COM:3C,TOTAL,3.0,770000.0,192500.0,0.0,2200.0,962500.0,1640.0,0.0,733.0,350.0
KGZ,Kyrgyzstan,COM,MR|MCF,MR/LWAL/CDN+ERL/H:2/COM:5,TOTAL,4.0,1428000.0,357000.0,0.0,4080.0,1785000.0,3041.0,0.0,1020.0,350.0
KGZ,Kyrgyzstan,COM,MR|MCF,MR/LWAL/CDN+ERL/H:2/COM:5A,TOTAL,5.0,903000.0,225750.0,0.0,2580.0,1128750.0,1923.0,0.0,516.0,350.0
KGZ,Kyrgyzstan,IND,MR|MCF,MR/LWAL/CDN+ERL/H:2/IND:2,TOTAL,79.0,2835000.0,945006.0,0.0,8100.0,3780006.0,5630.0,0.0,103.0,350.0
KGZ,Kyrgyzstan,RES,MR|MCF,MR/LWAL/CDN+ERL/H:2/RES,RURAL,1175.0,63448819.0,11196530.0,12615.0,211496.0,74645370.0,118018.0,2350.0,180.0,300.0
KGZ,Kyrgyzstan,RES,MR|MCF,MR/LWAL/CDN+ERL/H:2/RES,URBAN,275.0,14465087.0,2552665.0,3180.0,41329.0,17017745.0,23062.0,651.0,150.0,350.0
KGZ,Kyrgyzstan,COM,MR|MCF,MR/LWAL/CDN+ERL/H:3/COM:1,TOTAL,120.0,34765500.0,8691375.0,0.0,99330.0,43456875.0,74070.0,0.0,828.0,350.0
KGZ,Kyrgyzstan,COM,MR|MCF,MR/LWAL/CDN+ERL/H:3/COM:2,TOTAL,92.0,55188000.0,13797000.0,0.0,157680.0,68985000.0,117581.0,0.0,1714.0,350.0
KGZ,Kyrgyzstan,COM,MR|MCF,MR/LWAL/CDN+ERL/H:3/COM:3,TOTAL,274.0,134372000.0,33593000.0,0.0,383920.0,167965000.0,286286.0,0.0,1401.0,350.0
KGZ,Kyrgyzstan,COM,MR|MCF,MR/LWAL/CDN+ERL/H:3/COM:3A,TOTAL,29.0,13041000.0,3260250.0,0.0,37260.0,16301250.0,27784.0,0.0,1285.0,350.0
KGZ,Kyrgyzstan,COM,MR|MCF,MR/LWAL/CDN+ERL/H:3/COM:3B,TOTAL,153.0,46340000.0,11585000.0,0.0,132400.0,57925000.0,98730.0,0.0,865.0,350.0
KGZ,Kyrgyzstan,COM,MR|MCF,MR/LWAL/CDN+ERL/H:3/COM:3C,TOTAL,6.0,3108000.0,777000.0,0.0,8880.0,3885000.0,6622.0,0.0,1480.0,350.0
KGZ,Kyrgyzstan,COM,MR|MCF,MR/LWAL/CDN+ERL/H:3/COM:5,TOTAL,5.0,1575000.0,393750.0,0.0,4500.0,1968750.0,3356.0,0.0,900.0,350.0
KGZ,Kyrgyzstan,COM,MR|MCF,MR/LWAL/CDN+ERL/H:3/COM:5A,TOTAL,7.0,1638000.0,409500.0,0.0,4680.0,2047500.0,3490.0,0.0,669.0,350.0
KGZ,Kyrgyzstan,RES,MR|MCF,MR/LWAL/CDN+ERL/H:3/RES,URBAN,114.0,26382031.0,4655661.0,6719.0,75377.0,31037688.0,42080.0,1370.0,661.0,350.0
KGZ,Kyrgyzstan,RES,MR|MCF,MR/LWAL/CDN+ERL/H:3/RES,RURAL,553.0,37327870.0,6587179.0,8770.0,124426.0,43915039.0,69464.0,1659.0,225.0,300.0
KGZ,Kyrgyzstan,RES,MR|MCF,MR/LWAL/CDN+ERL/H:4/RES,URBAN,46.0,12793551.0,2257687.0,3674.0,36553.0,15051238.0,20416.0,731.0,795.0,350.0
KGZ,Kyrgyzstan,RES,MR|MCF,MR/LWAL/CDN+ERL/H:4/RES,RURAL,41.0,6898913.0,1217445.0,1795.0,22996.0,8116366.0,12844.0,329.0,561.0,300.0
KGZ,Kyrgyzstan,IND,MR|MCF,MR/LWAL/CDN+ERL/H:>2/IND:2,TOTAL,124.0,6510000.0,2170000.0,0.0,18600.0,8680000.0,12935.0,0.0,150.0,350.0
KGZ,Kyrgyzstan,RES,ADO|ST|E,MUR+ADO/LWAL/CDN+ERN/H:1/RES,RURAL,75467.0,905604000.0,159819327.0,394216.0,9056040.0,1065423327.0,603440.0,75467.0,120.0,100.0
KGZ,Kyrgyzstan,RES,ADO|ST|E,MUR+ADO/LWAL/CDN+ERN/H:1/RES,URBAN,1174.0,11740000.0,2071852.0,5743.0,117400.0,13811852.0,7823.0,1174.0,100.0,100.0
KGZ,Kyrgyzstan,COM,MUR,MUR+CLBRS/LWAL/CDN+ERN/H:1/COM:1,TOTAL,517.0,15469000.0,3867250.0,0.0,77345.0,19336250.0,57096.0,0.0,150.0,200.0
KGZ,Kyrgyzstan,COM,MUR,MUR+CLBRS/LWAL/CDN+ERN/H:1/COM:2,TOTAL,1488.0,62736000.0,15684000.0,0.0,313680.0,78420000.0,231555.0,0.0,211.0,200.0
KGZ,Kyrgyzstan,COM,MUR,MUR+CLBRS/LWAL/CDN+ERN/H:1/COM:3,TOTAL,739.0,35152000.0,8788000.0,0.0,175760.0,43940000.0,129745.0,0.0,238.0,200.0
KGZ,Kyrgyzstan,COM,MUR,MUR+CLBRS/LWAL/CDN+ERN/H:1/COM:3A,TOTAL,64.0,1697000.0,424250.0,0.0,8485.0,2121250.0,6264.0,0.0,133.0,200.0
KGZ,Kyrgyzstan,COM,MUR,MUR+CLBRS/LWAL/CDN+ERN/H:1/COM:3B,TOTAL,635.0,19764000.0,4941000.0,0.0,98820.0,24705000.0,72948.0,0.0,156.0,200.0
KGZ,Kyrgyzstan,COM,MUR,MUR+CLBRS/LWAL/CDN+ERN/H:1/COM:3C,TOTAL,101.0,3484000.0,871000.0,0.0,17420.0,4355000.0,12859.0,0.0,172.0,200.0
KGZ,Kyrgyzstan,COM,MUR,MUR+CLBRS/LWAL/CDN+ERN/H:1/COM:5,TOTAL,128.0,3099000.0,774750.0,0.0,15495.0,3873750.0,11438.0,0.0,121.0,200.0
KGZ,Kyrgyzstan,COM,MUR,MUR+CLBRS/LWAL/CDN+ERN/H:1/COM:5A,TOTAL,144.0,2034000.0,508500.0,0.0,10170.0,2542500.0,7508.0,0.0,71.0,200.0
KGZ,Kyrgyzstan,IND,MUR,MUR+CLBRS/LWAL/CDN+ERN/H:1/IND:1,TOTAL,2.0,1000000.0,333333.0,0.0,5000.0,1333333.0,3408.0,0.0,2500.0,200.0
KGZ,Kyrgyzstan,IND,MUR,MUR+CLBRS/LWAL/CDN+ERN/H:1/IND:2,TOTAL,618.0,6180000.0,2059996.0,0.0,30900.0,8239996.0,21063.0,0.0,50.0,200.0
KGZ,Kyrgyzstan,IND,MUR,MUR+CLBRS/LWAL/CDN+ERN/H:1/IND:4,TOTAL,37.0,972000.0,324000.0,0.0,4860.0,1296000.0,3313.0,0.0,131.0,200.0
KGZ,Kyrgyzstan,IND,MUR,MUR+CLBRS/LWAL/CDN+ERN/H:1/IND:6,TOTAL,452.0,5442000.0,1814000.0,0.0,27210.0,7256000.0,18548.0,0.0,60.0,200.0
KGZ,Kyrgyzstan,RES,MUR,MUR+CLBRS/LWAL/CDN+ERN/H:1/RES,RURAL,23886.0,501606000.0,88520398.0,126132.0,2866320.0,590126398.0,1568668.0,23886.0,120.0,175.0
KGZ,Kyrgyzstan,RES,MUR,MUR+CLBRS/LWAL/CDN+ERN/H:1/RES,URBAN,5880.0,117600000.0,20752892.0,28412.0,588000.0,138352892.0,321793.0,5880.0,100.0,200.0
KGZ,Kyrgyzstan,COM,MUR,MUR+CLBRS/LWAL/CDN+ERN/H:2/COM:1,TOTAL,398.0,31952000.0,7988000.0,0.0,159760.0,39940000.0,117989.0,0.0,401.0,200.0
KGZ,Kyrgyzstan,COM,MUR,MUR+CLBRS/LWAL/CDN+ERN/H:2/COM:2,TOTAL,364.0,92684000.0,23171000.0,0.0,463420.0,115855000.0,342254.0,0.0,1273.0,200.0
KGZ,Kyrgyzstan,COM,MUR,MUR+CLBRS/LWAL/CDN+ERN/H:2/COM:3,TOTAL,776.0,126616000.0,31654000.0,0.0,633080.0,158270000.0,467554.0,0.0,816.0,200.0
KGZ,Kyrgyzstan,COM,MUR,MUR+CLBRS/LWAL/CDN+ERN/H:2/COM:3A,TOTAL,87.0,15388000.0,3847000.0,0.0,76940.0,19235000.0,56823.0,0.0,884.0,200.0
KGZ,Kyrgyzstan,COM,MUR,MUR+CLBRS/LWAL/CDN+ERN/H:2/COM:3B,TOTAL,504.0,40562000.0,10140500.0,0.0,202810.0,50702500.0,149783.0,0.0,402.0,200.0
KGZ,Kyrgyzstan,COM,MUR,MUR+CLBRS/LWAL/CDN+ERN/H:2/COM:3C,TOTAL,15.0,4008000.0,1002000.0,0.0,20040.0,5010000.0,14800.0,0.0,1336.0,200.0
KGZ,Kyrgyzstan,COM,MUR,MUR+CLBRS/LWAL/CDN+ERN/H:2/COM:5,TOTAL,26.0,4900000.0,1225000.0,0.0,24500.0,6125000.0,18094.0,0.0,942.0,200.0
KGZ,Kyrgyzstan,COM,MUR,MUR+CLBRS/LWAL/CDN+ERN/H:2/COM:5A,TOTAL,24.0,2966000.0,741500.0,0.0,14830.0,3707500.0,10953.0,0.0,618.0,200.0
KGZ,Kyrgyzstan,IND,MUR,MUR+CLBRS/LWAL/CDN+ERN/H:2/IND:2,TOTAL,194.0,3920000.0,1306665.0,0.0,19600.0,5226665.0,13368.0,0.0,101.0,200.0
KGZ,Kyrgyzstan,RES,MUR,MUR+CLBRS/LWAL/CDN+ERN/H:2/RES,URBAN,2302.0,69200030.0,12211770.0,26544.0,346000.0,81411756.0,189440.0,5435.0,150.0,200.0
KGZ,Kyrgyzstan,RES,MUR,MUR+CLBRS/LWAL/CDN+ERN/H:2/RES,RURAL,10655.0,335648228.0,59232795.0,114206.0,1917990.0,394880900.0,1050140.0,21311.0,180.0,175.0
KGZ,Kyrgyzstan,RES,MUR,MUR+CLBRS/LWAL/CDN+ERN/H:3/RES,URBAN,976.0,128809987.0,22731183.0,57370.0,644050.0,151541176.0,352785.0,11710.0,660.0,200.0
KGZ,Kyrgyzstan,RES,MUR,MUR+CLBRS/LWAL/CDN+ERN/H:3/RES,RURAL,5059.0,199185580.0,35150538.0,80327.0,1138200.0,234335581.0,623469.0,15176.0,225.0,175.0
KGZ,Kyrgyzstan,RES,MUR,MUR+CLBRS/LWAL/CDN+ERN/H:4/RES,RURAL,401.0,39236792.0,6924160.0,17335.0,224210.0,46160878.0,122869.0,3203.0,559.0,175.0
KGZ,Kyrgyzstan,RES,MUR,MUR+CLBRS/LWAL/CDN+ERN/H:4/RES,URBAN,392.0,62699966.0,11064732.0,31412.0,313500.0,73764695.0,171800.0,6270.0,800.0,200.0
KGZ,Kyrgyzstan,IND,MUR,MUR+CLBRS/LWAL/CDN+ERN/H:>2/IND:2,TOTAL,343.0,10290000.0,3430000.0,0.0,51450.0,13720000.0,35108.0,0.0,150.0,200.0
KGZ,Kyrgyzstan,IND,S,S/LFM/CDH+ERH/H:1/IND:2,TOTAL,6.0,180000.0,60000.0,0.0,400.0,240000.0,155.0,0.0,67.0,450.0
KGZ,Kyrgyzstan,IND,S,S/LFM/CDH+ERH/H:1/IND:4,TOTAL,1.0,27000.0,9000.0,0.0,60.0,36000.0,23.0,0.0,60.0,450.0
KGZ,Kyrgyzstan,IND,S,S/LFM/CDH+ERH/H:1/IND:6,TOTAL,2.0,94500.0,31500.0,0.0,210.0,126000.0,81.0,0.0,105.0,450.0
KGZ,Kyrgyzstan,IND,S,S/LFM/CDH+ERH/H:2/IND:2,TOTAL,3.0,135000.0,45000.0,0.0,300.0,180000.0,116.0,0.0,100.0,450.0
KGZ,Kyrgyzstan,IND,S,S/LFM/CDH+ERH/H:>2/IND:2,TOTAL,1.0,202500.0,67500.0,0.0,450.0,270000.0,175.0,0.0,450.0,450.0
KGZ,Kyrgyzstan,IND,S,S/LFM/CDH+ERL/H:1/IND:2,TOTAL,1.0,22500.0,7500.0,0.0,50.0,30000.0,19.0,0.0,50.0,450.0
KGZ,Kyrgyzstan,IND,S,S/LFM/CDH+ERL/H:1/IND:4,TOTAL,1.0,27000.0,9000.0,0.0,60.0,36000.0,23.0,0.0,60.0,450.0
KGZ,Kyrgyzstan,IND,S,S/LFM/CDH+ERL/H:1/IND:6,TOTAL,4.0,108000.0,36000.0,0.0,240.0,144000.0,93.0,0.0,60.0,450.0
KGZ,Kyrgyzstan,IND,S,S/LFM/CDH+ERL/H:2/IND:2,TOTAL,1.0,135000.0,45000.0,0.0,300.0,180000.0,116.0,0.0,300.0,450.0
KGZ,Kyrgyzstan,IND,S,S/LFM/CDH+ERL/H:>2/IND:2,TOTAL,3.0,202500.0,67500.0,0.0,450.0,270000.0,175.0,0.0,150.0,450.0
KGZ,Kyrgyzstan,IND,S,S/LFM/CDH+ERM/H:1/IND:2,TOTAL,7.0,157500.0,52500.0,0.0,350.0,210000.0,136.0,0.0,50.0,450.0
KGZ,Kyrgyzstan,IND,S,S/LFM/CDH+ERM/H:1/IND:4,TOTAL,3.0,189000.0,63000.0,0.0,420.0,252000.0,163.0,0.0,140.0,450.0
KGZ,Kyrgyzstan,IND,S,S/LFM/CDH+ERM/H:1/IND:6,TOTAL,14.0,459000.0,153000.0,0.0,1020.0,612000.0,396.0,0.0,73.0,450.0
KGZ,Kyrgyzstan,IND,S,S/LFM/CDH+ERM/H:2/IND:2,TOTAL,2.0,180000.0,60000.0,0.0,400.0,240000.0,155.0,0.0,200.0,450.0
KGZ,Kyrgyzstan,IND,S,S/LFM/CDH+ERM/H:>2/IND:2,TOTAL,8.0,675000.0,225000.0,0.0,1500.0,900000.0,583.0,0.0,188.0,450.0
KGZ,Kyrgyzstan,IND,S,S/LFM/CDL+ERL/H:1/IND:1,TOTAL,7.0,8100000.0,2700000.0,0.0,18000.0,10800000.0,6983.0,0.0,2571.0,450.0
KGZ,Kyrgyzstan,IND,S,S/LFM/CDL+ERL/H:1/IND:2,TOTAL,400.0,9000000.0,3000000.0,0.0,20000.0,12000000.0,7759.0,0.0,50.0,450.0
KGZ,Kyrgyzstan,IND,S,S/LFM/CDL+ERL/H:1/IND:4,TOTAL,68.0,6696000.0,2232000.0,0.0,14880.0,8928000.0,5773.0,0.0,219.0,450.0
KGZ,Kyrgyzstan,IND,S,S/LFM/CDL+ERL/H:1/IND:6,TOTAL,564.0,15309000.0,5103000.0,0.0,34020.0,20412000.0,13198.0,0.0,60.0,450.0
KGZ,Kyrgyzstan,IND,S,S/LFM/CDL+ERL/H:2/IND:1,TOTAL,4.0,7200000.0,2400000.0,0.0,16000.0,9600000.0,6211.0,0.0,4000.0,450.0
KGZ,Kyrgyzstan,IND,S,S/LFM/CDL+ERL/H:2/IND:2,TOTAL,135.0,6075000.0,2025000.0,0.0,13500.0,8100000.0,5240.0,0.0,100.0,450.0
KGZ,Kyrgyzstan,IND,S,S/LFM/CDL+ERL/H:>2/IND:2,TOTAL,231.0,15592500.0,5197500.0,0.0,34650.0,20790000.0,13458.0,0.0,150.0,450.0
KGZ,Kyrgyzstan,IND,S,S/LFM/CDN+ERL/H:1/IND:1,TOTAL,6.0,8100000.0,2700000.0,0.0,18000.0,10800000.0,6983.0,0.0,3000.0,450.0
KGZ,Kyrgyzstan,IND,S,S/LFM/CDN+ERL/H:1/IND:2,TOTAL,199.0,4522500.0,1507500.0,0.0,10050.0,6030000.0,3899.0,0.0,51.0,450.0
KGZ,Kyrgyzstan,IND,S,S/LFM/CDN+ERL/H:1/IND:4,TOTAL,17.0,891000.0,297000.0,0.0,1980.0,1188000.0,768.0,0.0,116.0,450.0
KGZ,Kyrgyzstan,IND,S,S/LFM/CDN+ERL/H:1/IND:6,TOTAL,252.0,6885000.0,2295000.0,0.0,15300.0,9180000.0,5936.0,0.0,61.0,450.0
KGZ,Kyrgyzstan,IND,S,S/LFM/CDN+ERL/H:2/IND:1,TOTAL,3.0,5400000.0,1800000.0,0.0,12000.0,7200000.0,4658.0,0.0,4000.0,450.0
KGZ,Kyrgyzstan,IND,S,S/LFM/CDN+ERL/H:2/IND:2,TOTAL,60.0,2880000.0,960000.0,0.0,6400.0,3840000.0,2484.0,0.0,107.0,450.0
KGZ,Kyrgyzstan,IND,S,S/LFM/CDN+ERL/H:>2/IND:2,TOTAL,105.0,7357500.0,2452500.0,0.0,16350.0,9810000.0,6350.0,0.0,156.0,450.0
KGZ,Kyrgyzstan,IND,W,W/LWAL/CDH+ERM/H:1/IND:2,TOTAL,5.0,122500.0,65961.0,0.0,350.0,188461.0,68.0,0.0,70.0,350.0
KGZ,Kyrgyzstan,IND,W,W/LWAL/CDH+ERM/H:2/IND:2,TOTAL,4.0,280000.0,150768.0,0.0,800.0,430768.0,157.0,0.0,200.0,350.0
KGZ,Kyrgyzstan,IND,W,W/LWAL/CDH+ERM/H:>2/IND:2,TOTAL,6.0,420000.0,226154.0,0.0,1200.0,646154.0,235.0,0.0,200.0,350.0
KGZ,Kyrgyzstan,COM,W,W/LWAL/CDL+ERM/H:1/COM:1,TOTAL,2011.0,110852000.0,36950673.0,0.0,316720.0,147802673.0,69306.0,0.0,157.0,350.0
KGZ,Kyrgyzstan,COM,W,W/LWAL/CDL+ERM/H:1/COM:2,TOTAL,5364.0,407484000.0,135827995.0,0.0,1164240.0,543311995.0,254762.0,0.0,217.0,350.0
KGZ,Kyrgyzstan,COM,W,W/LWAL/CDL+ERM/H:1/COM:3,TOTAL,3404.0,295498000.0,98499278.0,0.0,844280.0,393997278.0,184750.0,0.0,248.0,350.0
KGZ,Kyrgyzstan,COM,W,W/LWAL/CDL+ERM/H:1/COM:3A,TOTAL,379.0,21001750.0,7000586.0,0.0,60005.0,28002336.0,13131.0,0.0,158.0,350.0
KGZ,Kyrgyzstan,COM,W,W/LWAL/CDL+ERM/H:1/COM:3B,TOTAL,2475.0,134246000.0,44748667.0,0.0,383560.0,178994667.0,83932.0,0.0,155.0,350.0
KGZ,Kyrgyzstan,COM,W,W/LWAL/CDL+ERM/H:1/COM:3C,TOTAL,392.0,25802000.0,8600678.0,0.0,73720.0,34402678.0,16132.0,0.0,188.0,350.0
KGZ,Kyrgyzstan,COM,W,W/LWAL/CDL+ERM/H:1/COM:5,TOTAL,439.0,18457250.0,6152418.0,0.0,52735.0,24609668.0,11540.0,0.0,120.0,350.0
KGZ,Kyrgyzstan,COM,W,W/LWAL/CDL+ERM/H:1/COM:5A,TOTAL,490.0,15302000.0,5100667.0,0.0,43720.0,20402667.0,9567.0,0.0,89.0,350.0
KGZ,Kyrgyzstan,IND,W,W/LWAL/CDL+ERM/H:1/IND:2,TOTAL,370.0,6475000.0,3486539.0,0.0,18500.0,9961539.0,3620.0,0.0,50.0,350.0
KGZ,Kyrgyzstan,RES,W,W/LWAL/CDL+ERM/H:1/RES,RURAL,20841.0,750276000.0,187569000.0,110380.0,2500920.0,937845000.0,298183.0,20841.0,120.0,300.0
KGZ,Kyrgyzstan,RES,W,W/LWAL/CDL+ERM/H:1/RES,URBAN,1852.0,64820000.0,16205000.0,8954.0,185200.0,81025000.0,22080.0,1852.0,100.0,350.0
KGZ,Kyrgyzstan,IND,W,W/LWAL/CDL+ERM/H:2/IND:2,TOTAL,123.0,4375000.0,2355765.0,0.0,12500.0,6730765.0,2447.0,0.0,102.0,350.0
KGZ,Kyrgyzstan,RES,W,W/LWAL/CDL+ERM/H:2/RES,RURAL,3747.0,202391835.0,50597912.0,40354.0,674640.0,252990266.0,80482.0,7496.0,180.0,300.0
KGZ,Kyrgyzstan,RES,W,W/LWAL/CDL+ERM/H:2/RES,URBAN,722.0,37939983.0,9484998.0,8274.0,108400.0,47425016.0,12931.0,1694.0,150.0,350.0
KGZ,Kyrgyzstan,IND,W,W/LWAL/CDL+ERM/H:>2/IND:2,TOTAL,220.0,11550000.0,6219224.0,0.0,33000.0,17769224.0,6464.0,0.0,150.0,350.0
