ID_0,NAME_0,OCCUPANCY,BUILDINGS,COST_CONTENTS_USD,COST_NONSTRUCTURAL_USD,COST_STRUCTURAL_USD,DWELLINGS,OCCUPANTS_PER_ASSET,TOTAL_AREA_SQM,TOTAL_REPL_COST_USD,AVG_BUILDING_AREA_SQM,AVG_TOT_COST_PER_AREA_USD
PER,Peru,Com,247487.4,29385327892.17033,31007312274.725273,26498438600.274727,0.0,0.0,78590903.0625,86891078767.17033,317.5551687176802,1105.6124230824726
PER,Peru,Ind,162878.0,20335327215.97441,12889278659.19572,11194411401.98934,0.0,0.0,48640162.5,44419017276.9262,298.62941895160793,913.2168766279553
PER,Peru,Res,8015201.0,156763639916.7239,190569015663.56458,284562495461.4354,9365323.383,33359833.546635065,4320391197557.808,631895151041.7239,539024.685414353,0.1462587812415959
