ID_0,NAME_0,OCCUPANCY,BUILDINGS,COST_CONTENTS_USD,COST_NONSTRUCTURAL_USD,COST_STRUCTURAL_USD,DWELLINGS,OCCUPANTS_PER_ASSET,TOTAL_AREA_SQM,TOTAL_REPL_COST_USD,AVG_BUILDING_AREA_SQM,AVG_TOT_COST_PER_AREA_USD
MAR,Morocco,Com,172077.0,3993693094.0,4534215833.0,6544136622.0,0.0,0.0,35566850.0,15072045513.0,206.69148113925743,423.76666792251774
MAR,Morocco,Ind,102408.0,3723032889.0,2764965754.0,3736211224.0,0.0,0.0,29181299.0,10224209861.0,284.95136122177956,350.36856518964424
MAR,Morocco,Res,7983887.0,27731517328.0,71724044241.0,102351012185.0,8838733.0,36736938.0,720259206.0,201806573754.0,90.21410323066947,280.1860386828572
