ID_0,NAME_0,OCCUPANCY,BUILDINGS,COST_CONTENTS_USD,COST_NONSTRUCTURAL_USD,COST_STRUCTURAL_USD,DWELLINGS,OCCUPANTS_PER_ASSET,TOTAL_AREA_SQM,TOTAL_REPL_COST_USD,AVG_BUILDING_AREA_SQM,AVG_TOT_COST_PER_AREA_USD
NER,Niger,Com,68864.0,854027360.0,869364381.0,1626780617.0,0.0,0.0,12726247.0,3350172380.0,184.80261094330854,263.24904584988803
NER,Niger,Ind,19884.0,474068611.0,356103037.0,576568281.0,0.0,0.0,5657491.0,1406739912.0,284.52479380406356,248.6508439872021
NER,Niger,Res,3881125.0,8795446589.0,13456477914.0,27278438731.0,4032143.0,24204617.0,305079716.0,49530363226.0,78.60600109504333,162.35220051797873
