ID_0,NAME_0,OCCUPANCY,BUILDINGS,COST_CONTENTS_USD,COST_NONSTRUCTURAL_USD,COST_STRUCTURAL_USD,DWELLINGS,OCCUPANTS_PER_ASSET,TOTAL_AREA_SQM,TOTAL_REPL_COST_USD,AVG_BUILDING_AREA_SQM,AVG_TOT_COST_PER_AREA_USD
CIV,Ivory Coast,Com,139278.0,1885544847.0,1954193311.0,3533977943.0,0.0,0.0,26091339.0,7373716081.0,187.33280920174042,282.6116390960234
CIV,Ivory Coast,Ind,37210.0,946229144.0,708913671.0,1107024558.0,0.0,0.0,10601938.0,2762167374.0,284.9217414673475,260.53419421996244
CIV,Ivory Coast,Res,4950629.0,11474355371.0,19693333390.0,37966581708.0,5184849.0,26349385.0,396413144.0,69134270472.0,80.07328846496071,174.399541282617
