ID_0,NAME_0,OCCUPANCY,BUILDINGS,COST_CONTENTS_USD,COST_NONSTRUCTURAL_USD,COST_STRUCTURAL_USD,DWELLINGS,OCCUPANTS_PER_ASSET,TOTAL_AREA_SQM,TOTAL_REPL_COST_USD,AVG_BUILDING_AREA_SQM,AVG_TOT_COST_PER_AREA_USD
DMA,Dominica,Com,676.0,64652468.89952153,48361505.38277511,50731013.755980864,0.0,0.0,178884.00000000003,163744988.0382775,264.62130177514797,915.3696699440837
DMA,Dominica,Ind,954.0,35419325.9569378,18401325.358851675,17446968.301435407,0.0,0.0,117934.23777777777,71267619.61722487,123.6207943163289,604.2996585225208
DMA,Dominica,Res,16383.0,262043441.09748805,245519231.32177034,363102720.76255983,16863.0,73314.0,4038158.3487500004,870665393.1818181,246.48467000854546,215.6095224575158
