ID_0,NAME_0,OCCUPANCY,BUILDINGS,COST_CONTENTS_USD,COST_NONSTRUCTURAL_USD,COST_STRUCTURAL_USD,DWELLINGS,OCCUPANTS_PER_ASSET,TOTAL_AREA_SQM,TOTAL_REPL_COST_USD,AVG_BUILDING_AREA_SQM,AVG_TOT_COST_PER_AREA_USD
ZMB,Zambia,Com,81473.0,1919745191.0,1998415596.0,3636681157.0,114684.0,0.0,15338821.0,7554841935.0,188.26876388496802,492.530810223289
ZMB,Zambia,Ind,18737.0,805845907.0,603379335.0,938699841.0,18737.0,0.0,5340099.0,2347925085.0,285.0028819981854,439.67819416831037
ZMB,Zambia,Res,3471675.0,13326808688.0,27029533902.0,50255322351.0,3680910.0,18295336.0,284879275.0,90611664927.0,82.05816356657809,318.0703999158942
