ID_0,NAME_0,OCCUPANCY,BUILDINGS,COST_CONTENTS_USD,COST_NONSTRUCTURAL_USD,COST_STRUCTURAL_USD,DWELLINGS,OCCUPANTS_PER_ASSET,TOTAL_AREA_SQM,TOTAL_REPL_COST_USD,AVG_BUILDING_AREA_SQM,AVG_TOT_COST_PER_AREA_USD
VUT,Vanuatu,Com,5451.287510243,251330202.6808237,258194366.33319473,250499134.6704652,0,0,856635.387325619,760023703.6860492,157.14368132592463,887.219597661979
VUT,Vanuatu,Ind,398.189533434,38214102.9388811,26893664.7019525,26684191.6311716,0,0,78184.324862228,91791959.2735214,196.349522771138,1174.0455575369103
VUT,Vanuatu,Res,90293.0,787438448.2097815,1002310193.7574434,1167073125.75238,58296,278463,2521807.449077861,2956821767.7230062,27.92915784255547,1172.5010047076414
