ID_0,NAME_0,OCCUPANCY,BUILDINGS,COST_CONTENTS_USD,COST_NONSTRUCTURAL_USD,COST_STRUCTURAL_USD,DWELLINGS,OCCUPANTS_PER_ASSET,TOTAL_AREA_SQM,TOTAL_REPL_COST_USD,AVG_BUILDING_AREA_SQM,AVG_TOT_COST_PER_AREA_USD
ROU,Romania,Com,173480.05000000002,18375076383.51,11025045830.05,7350030553.36,0.0,0.0,35834888.34,36750152767.05,206.5648951565324,1025.541154708395
ROU,Romania,Ind,73299.99999999999,47579740022.54,19824891676.28,11894935005.7,0.0,0.0,106999999.99999997,79299566705.52,1459.7544338335606,741.1174458459816
ROU,Romania,Res,5260264.0,53696081710.84,134240204213.12,80544122552.94,8458345.72,19356999.99998558,548062447.48,268480408414.64,104.18915238474723,489.8719291006294
