ID_0,NAME_0,OCCUPANCY,BUILDINGS,COST_CONTENTS_USD,COST_NONSTRUCTURAL_USD,COST_STRUCTURAL_USD,DWELLINGS,OCCUPANTS_PER_ASSET,TOTAL_AREA_SQM,TOTAL_REPL_COST_USD,AVG_BUILDING_AREA_SQM,AVG_TOT_COST_PER_AREA_USD
AGO,Angola,Com,339529.0,5293009422.0,5713755533.0,8865924799.0,0.0,0.0,65748558.0,19872689735.0,193.64636894050287,302.25286058745195
AGO,Angola,Ind,59799.0,1582337807.0,1181403743.0,1743760989.0,0.0,0.0,17041579.0,4507502545.0,284.9810030268065,264.5002875027015
AGO,Angola,Res,6579875.0,14796882449.0,30340218299.0,52397489275.0,6974844.0,32812404.0,532332970.0,97534589985.0,80.90320408822356,183.22102045454747
