ID_0,NAME_0,OCCUPANCY,BUILDINGS,COST_CONTENTS_USD,COST_NONSTRUCTURAL_USD,COST_STRUCTURAL_USD,DWELLINGS,OCCUPANTS_PER_ASSET,TOTAL_AREA_SQM,TOTAL_REPL_COST_USD,AVG_BUILDING_AREA_SQM,AVG_TOT_COST_PER_AREA_USD
GNB,Guinea Bissau,Com,8879.0,167898235.0,172640416.0,318169195.0,12310.0,0.0,1631470.0,658707845.0,183.7447910800766,403.75112322016344
GNB,Guinea Bissau,Ind,2275.0,81375162.0,60977081.0,96595102.0,2275.0,0.0,636782.0,238947365.0,279.9041758241758,375.2420216023694
GNB,Guinea Bissau,Res,228757.0,769693762.0,1293224441.0,2516468546.0,239139.0,1965993.0,18246322.0,4579386767.0,79.76290124455208,250.97588253676548
