ID_0,NAME_0,OCCUPANCY,BUILDINGS,COST_CONTENTS_USD,COST_NONSTRUCTURAL_USD,COST_STRUCTURAL_USD,DWELLINGS,OCCUPANTS_PER_ASSET,TOTAL_AREA_SQM,TOTAL_REPL_COST_USD,AVG_BUILDING_AREA_SQM,AVG_TOT_COST_PER_AREA_USD
BDI,Burundi,Com,20613.0,178886944.0,179612353.0,353199239.0,28371.0,0.0,3748590.0,711698557.0,181.855625090962,189.85766834996625
BDI,Burundi,Ind,6132.0,109820345.0,82660695.0,131869355.0,6132.0,0.0,1724485.0,324350366.0,281.2271689497717,188.0853506989043
BDI,Burundi,Res,2360166.0,4618292332.0,6349673716.0,13440777143.0,2471857.0,11888290.0,189858148.0,24408743179.0,80.44270953822739,128.5630531853708
