ID_0,NAME_0,OCCUPANCY,BUILDINGS,COST_CONTENTS_USD,COST_NONSTRUCTURAL_USD,COST_STRUCTURAL_USD,DWELLINGS,OCCUPANTS_PER_ASSET,TOTAL_AREA_SQM,TOTAL_REPL_COST_USD,AVG_BUILDING_AREA_SQM,AVG_TOT_COST_PER_AREA_USD
ALB,Albania,Com,29424.800000000003,2465362532.8,1479217519.84,986145013.0,0.0,0.0,6225319.423180508,4930725065.29,211.567093852142,792.043705730187
ALB,Albania,Ind,15926.000000325,1745258972.62,727191238.68,436314743.15,0.0,0.0,5016690.000102375,2908764954.35,314.99999999999994,579.8175598433711
ALB,Albania,Res,598267.0,5356866422.37,13392166056.25,8035299633.85,1012052.432,2853999.9999999995,60048751.424,26784332112.96,100.37115773392148,446.0431145992981
