ID_0,NAME_0,OCCUPANCY,BUILDINGS,COST_CONTENTS_USD,COST_NONSTRUCTURAL_USD,COST_STRUCTURAL_USD,DWELLINGS,OCCUPANTS_PER_ASSET,TOTAL_AREA_SQM,TOTAL_REPL_COST_USD,AVG_BUILDING_AREA_SQM,AVG_TOT_COST_PER_AREA_USD
LVA,Latvia,Com,20310.2,10406085122.59,6243651073.559999,4162434049.04,0.0,0.0,12811742.8049,20812170245.24,630.8033798239308,1624.46050956316
LVA,Latvia,Ind,13200.0,14393580236.63,5997325098.29,3598395059.3,0.0,0.0,20717495.27,23989300395.7,1569.5072174242423,1157.9247434624851
LVA,Latvia,Res,349765.3478,12754338242.75,31885845606.84,19131507364.12,1051194.294317744,1913000.0,60752624.25732374,63771691213.72,173.69537788535536,1049.6944287313204
