ID_0,NAME_0,OCCUPANCY,BUILDINGS,COST_CONTENTS_USD,COST_NONSTRUCTURAL_USD,COST_STRUCTURAL_USD,DWELLINGS,OCCUPANTS_PER_ASSET,TOTAL_AREA_SQM,TOTAL_REPL_COST_USD,AVG_BUILDING_AREA_SQM,AVG_TOT_COST_PER_AREA_USD
BEL,Belgium,Com,105619.9999943,183045136913.13,109827082147.9,73218054765.17,0.0,0.0,118729236.55439374,366090273825.96,1124.11699072904,3083.4045973018797
BEL,Belgium,Ind,59200.0,212552244585.81,88563435245.47,53138061146.62,0.0,0.0,163649572.46045,354253740978.15,2764.35088615625,2164.7092360339916
BEL,Belgium,Res,3681642.774134948,151824717130.68,379561792827.02,227737075696.21,5203479.0,11484000.000000004,416983026.466,759123585653.18,113.26004505257191,1820.5143554328283
