ID_0,NAME_0,ID_1,NAME_1,OCCUPANCY,BUILDINGS,COST_CONTENTS_USD,COST_NONSTRUCTURAL_USD,COST_STRUCTURAL_USD,DWELLINGS,OCCUPANTS_PER_ASSET,TOTAL_AREA_SQM,TOTAL_REPL_COST_USD,AVG_BUILDING_AREA_SQM,AVG_TOT_COST_PER_AREA_USD
BEL,Belgium,1,Bruxelles,Com,16915.624519,29315686481.649998,17589411888.96,11726274592.65,0.0,0.0,19015140.93023592,58631372963.23,1124.1169907074784,3083.404597333298
BEL,Belgium,1,Bruxelles,Ind,771.4139398840944,2769691966.67,1154038319.42,692422991.54,0.0,0.0,2132458.8083118806,4616153277.9,2764.35088615625,2164.7092360739607
BEL,Belgium,1,Bruxelles,Res,168256.11301182237,19559105148.67,48897762871.770004,29338657723.07,560985.0,1186727.4018106954,41092545.063,97795525743.35,244.22616407472023,2379.884857299962
BEL,Belgium,2,Vlaanderen,Com,56996.1354596,98777366212.67,59266419727.64,39510946485.01,0.0,0.0,64070324.276732795,197554732425.17,1124.1169907413655,3083.4045972967274
BEL,Belgium,2,Vlaanderen,Ind,43858.53404182117,157470098898.92,65612541208.86,39367524724.83,0.0,0.0,121240377.4440224,262450164833.22,2764.35088615625,2164.709236033146
BEL,Belgium,2,Vlaanderen,Res,2197389.4424380045,85440750750.75,213601876876.63,128161126126.13,3001931.0,6594120.796993776,241801940.481,427203753753.21,110.04054894007348,1766.750725421818
BEL,Belgium,3,Wallonie,Com,31708.2400157,54952084218.81,32971250531.3,21980833687.51,0.0,0.0,35643771.34742502,109904168437.56,1124.116990718387,3083.4045972943795
BEL,Belgium,3,Wallonie,Ind,14570.052018294733,52312453720.22,21796855717.19,13078113430.25,0.0,0.0,40276736.208115704,87187422867.03,2764.35088615625,2164.70923603442
BEL,Belgium,3,Wallonie,Res,1315997.218685121,46824861231.26,117062153078.62,70237291847.01,1640563.0,3703151.8011955316,134088540.922,234124306156.62,101.89120388565456,1746.0426114473967
