ID_0,NAME_0,OCCUPANCY,BUILDINGS,COST_CONTENTS_USD,COST_NONSTRUCTURAL_USD,COST_STRUCTURAL_USD,DWELLINGS,OCCUPANTS_PER_ASSET,TOTAL_AREA_SQM,TOTAL_REPL_COST_USD,AVG_BUILDING_AREA_SQM,AVG_TOT_COST_PER_AREA_USD
CAF,Central African Republic,Com,17741.0,133509270.0,139172058.0,226513612.0,24762.0,0.0,3283500.0,499194947.0,185.07975875091597,152.0313528247297
CAF,Central African Republic,Ind,4205.0,57187846.0,42854432.0,67752670.0,4205.0,0.0,1170945.0,167794962.0,278.46492271105825,143.29875613286706
CAF,Central African Republic,Res,936514.0,1440286649.0,2257929828.0,3816829797.0,978887.0,4820646.0,75015948.0,7515046256.0,80.10125636135712,100.17931461720646
