ID_0,NAME_0,OCCUPANCY,BUILDINGS,COST_CONTENTS_USD,COST_NONSTRUCTURAL_USD,COST_STRUCTURAL_USD,DWELLINGS,OCCUPANTS_PER_ASSET,TOTAL_AREA_SQM,TOTAL_REPL_COST_USD,AVG_BUILDING_AREA_SQM,AVG_TOT_COST_PER_AREA_USD
NAM,Namibia,Com,24475.0,740962094.0,704977858.0,799839945.0,0.0,0.0,4770945.0,2245779891.0,194.93135852911135,470.7201384631347
NAM,Namibia,Ind,7099.0,318229440.0,208168817.0,265448159.0,0.0,0.0,2013383.0,791846447.0,283.6150161994647,393.29151333849546
NAM,Namibia,Res,563238.0,2239691169.0,3544321087.0,5018025554.0,606966.0,2539890.0,43584794.0,10802037792.0,77.3825523135868,247.83959726871717
