ID_0,NAME_0,OCCUPANCY,BUILDINGS,COST_CONTENTS_USD,COST_NONSTRUCTURAL_USD,COST_STRUCTURAL_USD,DWELLINGS,OCCUPANTS_PER_ASSET,TOTAL_AREA_SQM,TOTAL_REPL_COST_USD,AVG_BUILDING_AREA_SQM,AVG_TOT_COST_PER_AREA_USD
BRB,Barbados,Com,3053.8,979169461.2,765093330.0,834292720.8,0.0,0.0,1530378.9,2578555512.0,501.1392036151679,1684.9131362174428
BRB,Barbados,Ind,1111.0,457203270.0,214284660.0,297705870.0,0.0,0.0,447030.0,969193800.0,402.36723672367236,2168.073283672237
BRB,Barbados,Res,74697.0,2715724570.584,2619215679.656,3785047282.72,82552.0,277787.0,10491296.082,9119987532.96,140.45137130005222,869.2908351530783
