ID_0,NAME_0,ID_1,NAME_1,SETTLEMENT,OCCUPANCY,TAXONOMY,BUILDINGS,TOTAL_REPL_COST_USD,COST_STRUCTURAL_USD,COST_NONSTRUCTURAL_USD,COST_CONTENTS_USD,TOTAL_AREA_SQM,OCCUPANTS_PER_ASSET,OCCUPANTS_PER_ASSET_DAY,OCCUPANTS_PER_ASSET_NIGHT,OCCUPANTS_PER_ASSET_TRANSIT
VGB,British Virgin Islands,VGB,British Virgin Islands,Total,Res,CR/LFINF+CDL+DUL/HEX:2/RES,646.0,149672510.93706295,44901753.281118885,67352629.92167833,37418127.73426574,487321.6999999999,2323,429.84886871320003,2171.29655420217,1021.8255256019002
VGB,British Virgin Islands,VGB,British Virgin Islands,Total,Res,CR/LFINF+CDM+DUM/HEX:3/RES,154.0,55298168.328671336,16589450.498601401,24884175.747902106,13824542.082167834,180046.40416666667,858,158.76467040720001,801.9683355598199,377.41123588740004
VGB,British Virgin Islands,VGB,British Virgin Islands,Total,Res,MR/LWAL+CDL+DUL/HEX:1/RES,2392.0,425385125.2447553,191423306.36013988,106346281.31118883,127615537.57342659,1292685.2166666663,6602,1221.6367762568,6170.85658667358,2904.0430994506005
VGB,British Virgin Islands,VGB,British Virgin Islands,Total,Res,UNK/UNK+DNO/HEX:1/RES,51.0,9007788.524475526,2251947.1311188815,3152725.983566435,3603115.409790211,23462.910000000003,269,49.77586985960001,251.43296301351,118.3259002957
VGB,British Virgin Islands,VGB,British Virgin Islands,Total,Res,W+WLI/LWAL+CDL+DUL/HEX:1/RES,18.0,3019278.608391608,754819.652097902,1056747.512937063,1207711.4433566434,7864.423333333331,90,16.653636756,84.12255268109999,39.588591177000005
VGB,British Virgin Islands,VGB,British Virgin Islands,Total,Res,W+WLI/LWAL+CDM+DUM/HEX:1/RES,3936.0,700017518.7062938,175004379.67657346,245006131.54720283,280007007.48251754,1823360.75,20475,3788.7023619900006,19137.88073495025,9006.4044927675
