ID_0,NAME_0,ID_1,NAME_1,OCCUPANCY,BUILDINGS,COST_CONTENTS_USD,COST_NONSTRUCTURAL_USD,COST_STRUCTURAL_USD,DWELLINGS,OCCUPANTS_PER_ASSET,TOTAL_AREA_SQM,TOTAL_REPL_COST_USD,AVG_BUILDING_AREA_SQM,AVG_TOT_COST_PER_AREA_USD
VGB,British Virgin Islands,VGB,British Virgin Islands,Com,647.0,474819100.8041958,390321455.03496504,345192906.3986014,0.0,0.0,482295.0,1210333462.2377622,745.4327666151469,2509.5293590805672
VGB,British Virgin Islands,VGB,British Virgin Islands,Ind,240.0,317032527.2727273,176645932.86713287,130753372.02797203,0.0,0.0,835981.9756502489,624431832.1678321,3483.2582318760374,746.9441331939394
VGB,British Virgin Islands,VGB,British Virgin Islands,Res,7197.0,463676041.7255246,447798692.0244756,430925656.5996504,7480.0,30617.0,3814741.4041666663,1342400390.3496506,530.0460475429577,351.8981362362881
