ID_0,NAME_0,ID_1,NAME_1,SETTLEMENT,OCCUPANCY,TAXONOMY,BUILDINGS,TOTAL_REPL_COST_USD,COST_STRUCTURAL_USD,COST_NONSTRUCTURAL_USD,COST_CONTENTS_USD,TOTAL_AREA_SQM,OCCUPANTS_PER_ASSET,OCCUPANTS_PER_ASSET_DAY,OCCUPANTS_PER_ASSET_NIGHT,OCCUPANTS_PER_ASSET_TRANSIT
VGB,British Virgin Islands,VGB,British Virgin Islands,Total,Ind,CR+PCPS/LFM+CDM+DUM/HEX:1/IND,36.0,134754545.45454547,26950909.09090909,33688636.36363637,74115000.0,263250.0,0.0,1055.74,79.08,142.33
VGB,British Virgin Islands,VGB,British Virgin Islands,Total,Ind,CR/LFM+CDL+DUL/HEX:1/IND,12.0,691048.9510489511,138209.79020979023,172762.23776223775,380076.9230769231,349.6402877697842,0.0,1.4000000000000001,0.11000000000000001,0.2
VGB,British Virgin Islands,VGB,British Virgin Islands,Total,Ind,MCF/LWAL+CDL+DUL/HEX:1/IND,12.0,691048.951048951,241867.13286713284,138209.79020979023,310972.02797202795,253.8461538461538,0.0,1.01,0.08,0.13
VGB,British Virgin Islands,VGB,British Virgin Islands,Total,Ind,MCF/LWAL+CDM+DUM/HEX:1/IND,48.0,38422321.67832168,13447812.587412588,7684464.3356643375,17290044.755244758,91740.0,0.0,367.91,27.55,49.6
VGB,British Virgin Islands,VGB,British Virgin Islands,Total,Ind,S+SL/LFM+CDL+DUL/HEX:1/IND,12.0,691048.9510489511,138209.79020979023,207314.68531468534,345524.47552447557,388.4892086330936,0.0,1.56,0.12000000000000001,0.22
VGB,British Virgin Islands,VGB,British Virgin Islands,Total,Ind,S+SR/LFINF+CDM+DUM/HEX:1/IND,72.0,269509090.9090909,53901818.18181818,80852727.27272728,134754545.45454544,90000.0,0.0,360.94,27.04,48.660000000000004
VGB,British Virgin Islands,VGB,British Virgin Islands,Total,Ind,S+SR/LFM+CDM+DUM/HEX:1/IND,48.0,179672727.27272728,35934545.45454546,53901818.18181818,89836363.63636364,389999.99999999994,0.0,1564.0600000000002,117.14,210.85999999999999
