ID_0,NAME_0,OCCUPANCY,AREA_SQM,BUILDINGS,COST_CONTENTS_USD,COST_NONSTRUCTURAL_USD,COST_STRUCTURAL_USD,DWELLINGS,OCCUPANTS_PER_ASSET,TOTAL_REPL_COST_USD,ID_1,NAME_1,AVG_BUILDING_AREA_SQM,AVG_TOT_COST_PER_AREA_USD
VGB,British Virgin Islands,Com,482295.0,647.0,474819100.8042,390321455.035,345192906.3986,0.0,0.0,1210333462.2378,,,745.4327666151469,2509.5293590806455
VGB,British Virgin Islands,Ind,835981.9757,240.0,317032527.2727,176645932.8671,130753372.028,0.0,0.0,624431832.1678,,,3483.258232083333,746.9441331494487
VGB,British Virgin Islands,Res,3814741.4042,7197.0,463676041.7255,447798692.0245,430925656.5997,7480.0,30617.0,1342400390.3497,,,530.0460475475893,351.8981362332261
VGB,British Virgin Islands,Com,482295.0,647.0,474819100.8042,390321455.035,345192906.3986,0.0,0.0,1210333462.2378,VGB,British Virgin Islands,745.4327666151469,2509.5293590806455
VGB,British Virgin Islands,Ind,835981.9757,240.0,317032527.2727,176645932.8671,130753372.028,0.0,0.0,624431832.1678,VGB,British Virgin Islands,3483.258232083333,746.9441331494487
VGB,British Virgin Islands,Res,3814741.4042,7197.0,463676041.7255,447798692.0245,430925656.5997,7480.0,30617.0,1342400390.3497,VGB,British Virgin Islands,530.0460475475893,351.8981362332261
