ID_0,NAME_0,OCCUPANCY,BUILDINGS,COST_CONTENTS_USD,COST_NONSTRUCTURAL_USD,COST_STRUCTURAL_USD,DWELLINGS,OCCUPANTS_PER_ASSET,TOTAL_AREA_SQM,TOTAL_REPL_COST_USD,AVG_BUILDING_AREA_SQM,AVG_TOT_COST_PER_AREA_USD
AUS,Australia,Com,204290.0,2444901918357.0107,1402782475285.4658,908945342054.6646,0.0,0.0,1490345736.0119522,4756629735697.141,7295.245660639053,3191.628372370499
AUS,Australia,Ind,143907.0,398716478753.7522,138487407694.95355,141772140481.74997,0.0,0.0,220923991.33291194,678976026930.4558,1535.1858584565862,3073.346732665634
AUS,Australia,Res,8419661.0,3153485286936.134,2241537514924.361,2047623650859.2827,10227538.0,24506767.0,2487458430.0,7442646452719.777,295.43451096190216,2992.0686765888095
