ID_0,NAME_0,OCCUPANCY,BUILDINGS,COST_CONTENTS_USD,COST_NONSTRUCTURAL_USD,COST_STRUCTURAL_USD,DWELLINGS,OCCUPANTS_PER_ASSET,TOTAL_AREA_SQM,TOTAL_REPL_COST_USD,AVG_BUILDING_AREA_SQM,AVG_TOT_COST_PER_AREA_USD
SLB,Solomon Islands,Com,5643.535236544121,366674834.16989535,382904660.81286806,326016517.17204547,0.0,0.0,937277.8232654481,1075596012.1548088,166.07990984023698,1147.5743749142214
SLB,Solomon Islands,Ind,537.716933945524,104725589.79789384,76474124.1443669,65826690.80774259,0.0,0.0,179637.09610996384,247026404.75000334,334.07371940449775,1375.1413828176533
SLB,Solomon Islands,Res,208941.0,1332385789.5076778,1658792676.322953,1878250069.9605834,122503.0,702202.9998661948,5005572.344855935,4869428535.791215,23.956869857308693,972.8015500156279
