ID_0,NAME_0,OCCUPANCY,BUILDINGS,COST_CONTENTS_USD,COST_NONSTRUCTURAL_USD,COST_STRUCTURAL_USD,DWELLINGS,OCCUPANTS_PER_ASSET,TOTAL_AREA_SQM,TOTAL_REPL_COST_USD,AVG_BUILDING_AREA_SQM,AVG_TOT_COST_PER_AREA_USD
SLB,Solomon Islands,Com,5643.535236256,366674834.174769,382904660.8143965,326016517.1702286,0.0,0.0,937277.823297868,1075596012.150868,166.07990985446054,1147.574374870323
SLB,Solomon Islands,Ind,537.7169340309999,104725589.7970432,76474124.144727,65826690.80809,0.0,0.0,179637.096111035,247026404.75456,334.0737193533852,1375.141382834819
SLB,Solomon Islands,Res,208941.0,1332385789.5067046,1658792676.32256,1878250069.9603975,122503.000000002,702202.99986614,5005572.344867186,4869428535.779688,23.956869857362538,972.8015500111386
