ID_0,NAME_0,OCCUPANCY,BUILDINGS,COST_CONTENTS_USD,COST_NONSTRUCTURAL_USD,COST_STRUCTURAL_USD,DWELLINGS,OCCUPANTS_PER_ASSET,TOTAL_AREA_SQM,TOTAL_REPL_COST_USD,AVG_BUILDING_AREA_SQM,AVG_TOT_COST_PER_AREA_USD
OMN,Oman,Com,51992.0,12916479829.0,10377013682.0,10414736758.0,0.0,0.0,19129886.0,33708230235.0,367.93902908139717,1762.0716733492295
OMN,Oman,Ind,13139.0,2632095058.0,1304732849.0,1161604757.0,0.0,0.0,5448061.0,5098432667.0,414.64807062942384,935.8251801879604
OMN,Oman,Res,921566.0,28739438689.0,49333636704.0,38369085032.0,1013160.0,5088299.0,140925881.0,116442160440.0,152.92000898470647,826.2652652141305
