ID_0,NAME_0,ID_1,NAME_1,OCCUPANCY,BUILDINGS,COST_CONTENTS_USD,COST_NONSTRUCTURAL_USD,COST_STRUCTURAL_USD,DWELLINGS,OCCUPANTS_PER_ASSET,TOTAL_AREA_SQM,TOTAL_REPL_COST_USD,AVG_BUILDING_AREA_SQM,AVG_TOT_COST_PER_AREA_USD
GUF,French Guiana,GUF.1_1,Cayenne,Com,678.599999957,85505024.17119999,89576386.81087,83990413.185772,0.0,0.0,195262.64998671602,259071824.17887,287.7433686989227,1326.7863782269421
GUF,French Guiana,GUF.1_1,Cayenne,Ind,479.0,78067290.20984,49039028.49671,39898971.50334,0.0,0.0,131760.0,167005290.2087,275.07306889352816,1267.4961309099879
GUF,French Guiana,GUF.1_1,Cayenne,Res,21852.943843447,673545419.918,1683863549.938,1010318129.911,34623.4,169419.647998807,12568443.873129366,3367727099.71,575.137334501422,267.95099963886645
GUF,French Guiana,GUF.2_1,Saint-Laurent-du-Maroni,Com,562.499999964,69563512.087773,72346707.693203,69759692.304251,0.0,0.0,159869.6999916975,211669912.09008,284.2128000034296,1324.0151955065446
GUF,French Guiana,GUF.2_1,Saint-Laurent-du-Maroni,Ind,386.0,62451637.23774,39218670.62952,33347204.37046,0.0,0.0,107505.0,135017512.2369,278.5103626943005,1255.9184432063626
GUF,French Guiana,GUF.2_1,Saint-Laurent-du-Maroni,Res,11544.501156532,317955583.078,794888957.758,476933374.583,16267.6,136956.591001485,5745776.972013298,1589777915.49,497.7068211182323,276.6863251451523
