ID_0,NAME_0,OCCUPANCY,BUILDINGS,COST_CONTENTS_USD,COST_NONSTRUCTURAL_USD,COST_STRUCTURAL_USD,DWELLINGS,OCCUPANTS_PER_ASSET,TOTAL_AREA_SQM,TOTAL_REPL_COST_USD,AVG_BUILDING_AREA_SQM,AVG_TOT_COST_PER_AREA_USD
GUF,French Guiana,Com,1241.099999921,155068536.258973,161923094.504073,153750105.490023,0.0,0.0,355132.3499784135,470741736.26895,286.14321972525886,1325.5388766964309
GUF,French Guiana,Ind,865.0,140518927.44758,88257699.12623,73246175.8738,0.0,0.0,239265.0,302022802.4456,276.60693641618496,1262.2941192635778
GUF,French Guiana,Res,33397.444999979,991501002.996,2478752507.696,1487251504.494,50891.0,306376.23900029203,18314220.845142663,4957505015.2,548.3719142333846,270.6915602426428
